Game Id;PlayerId;TeamId;Game Rating;SA;GA;SV;SV%;TOI;PIM
3544;1106;97;100;34;1;33;.971;3600000;0
3544;1107;97;0;0;0;0;.00nan;0;0
3544;10781;89;87;33;2;31;.939;3569000;0
3544;13656;89;0;0;0;0;.00nan;0;0
3545;1053;91;69;27;3;24;.889;3570000;0
3545;1133;88;0;0;0;0;.00nan;0;0
3545;1250;88;79;30;2;28;.933;3600000;0
3545;1324;91;0;0;0;0;.00nan;0;0
3546;1026;96;0;0;0;0;.00nan;0;0
3546;1074;99;78;18;1;17;.944;3600000;0
3546;1223;99;0;0;0;0;.00nan;0;0
3546;1272;96;31;33;7;26;.788;3600000;0
3547;1104;92;100;25;0;25;1.000;3600000;0
3547;1136;94;0;0;0;0;.00nan;0;0
3547;1167;94;70;32;3;29;.906;3600000;0
3547;1305;92;0;0;0;0;.00nan;0;0
3548;1005;98;92;31;1;30;.968;3600000;0
3548;1020;98;0;0;0;0;.00nan;0;0
3548;1255;90;65;24;2;22;.917;3550000;0
3548;1303;90;0;0;0;0;.00nan;0;0
3549;1031;100;65;25;2;23;.920;3600000;0
3549;1201;93;0;0;0;0;.00nan;0;0
3549;1307;100;0;0;0;0;.00nan;0;0
3549;1326;93;74;40;3;37;.925;3557000;0
3550;1113;101;0;0;0;0;.00nan;0;0
3550;1116;101;51;31;5;26;.839;3541000;0
3550;1151;95;0;0;0;0;.00nan;0;0
3550;1203;95;57;24;3;21;.875;3600000;0
3551;1151;95;0;0;0;0;.00nan;0;0
3551;1203;95;65;37;3;34;.919;3544000;0
3551;10781;89;89;27;1;26;.963;3600000;0
3551;13656;89;0;0;0;0;.00nan;0;0
3552;1026;96;0;0;0;0;.00nan;0;0
3552;1113;101;0;0;0;0;.00nan;0;0
3552;1116;101;55;29;4;25;.862;3600000;0
3552;1272;96;91;32;1;31;.969;3600000;0
3553;1106;97;0;0;0;0;.00nan;0;0
3553;1107;97;71;22;1;21;.955;3731000;0
3553;1255;90;76;31;2;29;.935;3731000;0
3553;1303;90;0;0;0;0;.00nan;0;0
3554;1005;98;68;19;2;17;.895;3600000;0
3554;1020;98;0;0;0;0;.00nan;0;0
3554;1031;100;73;34;3;31;.912;3540000;0
3554;1307;100;0;0;0;0;.00nan;0;0
3555;1104;92;0;0;0;0;.00nan;0;0
3555;1201;93;0;0;0;0;.00nan;0;0
3555;1305;92;82;23;1;22;.957;3785000;0
3555;1326;93;100;27;0;27;1.000;3785000;0
3556;1053;91;38;33;5;28;.848;3900000;0
3556;1074;99;54;36;5;31;.861;3900000;0
3556;1223;99;0;0;0;0;.00nan;0;0
3556;1324;91;0;0;0;0;.00nan;0;0
12235;1136;94;0;0;0;0;.00nan;0;0
12235;1167;94;79;44;4;40;.909;3672000;0
12235;10781;89;54;23;3;20;.870;3672000;0
12235;13656;89;0;0;0;0;.00nan;0;0
12237;1133;88;61;23;3;20;.870;3569000;0
12237;1201;93;0;0;0;0;.00nan;0;0
12237;1250;88;0;0;0;0;.00nan;0;0
12237;1326;93;58;18;2;16;.889;3600000;0
12239;1053;91;0;0;0;0;.00nan;0;0
12239;1104;92;0;0;0;0;.00nan;0;0
12239;1305;92;94;31;1;30;.968;3900000;0
12239;1324;91;95;30;1;29;.967;3900000;0
12241;1074;99;58;28;3;25;.893;3699000;0
12241;1113;101;60;27;4;23;.852;3699000;0
12241;1116;101;0;0;0;0;.00nan;0;0
12241;1223;99;0;0;0;0;.00nan;0;0
12243;1106;97;0;0;0;0;.00nan;0;0
12243;1107;97;46;31;5;26;.839;3600000;0
12243;1151;95;85;15;0;15;1.000;3600000;0
12243;1203;95;0;0;0;0;.00nan;0;0
12245;1031;100;85;16;0;16;1.000;3600000;0
12245;1042;90;0;0;0;0;.00nan;0;0
12245;1303;90;31;33;6;27;.818;3600000;0
12245;1307;100;0;0;0;0;.00nan;0;0
12247;1005;98;73;20;1;19;.950;3600000;0
12247;1020;98;0;0;0;0;.00nan;0;0
12247;1026;96;0;0;0;0;.00nan;0;0
12247;1272;96;56;26;3;23;.885;3515000;0
12249;1005;98;0;0;0;0;.00nan;0;0
12249;1020;98;78;38;2;36;.947;3558000;0
12249;1026;96;68;20;1;19;.950;3600000;0
12249;1272;96;0;0;0;0;.00nan;0;0
12251;1042;90;70;40;4;36;.900;3590000;0
12251;1136;94;70;22;2;20;.909;3600000;0
12251;1167;94;0;0;0;0;.00nan;0;0
12251;1303;90;0;0;0;0;.00nan;0;0
12253;1031;100;0;0;0;0;.00nan;0;0
12253;1104;92;100;29;0;29;1.000;3600000;0
12253;1305;92;0;0;0;0;.00nan;0;0
12253;1307;100;51;24;3;21;.875;3600000;0
12255;1113;101;0;0;0;0;.00nan;0;0
12255;1116;101;88;34;2;32;.941;3600000;0
12255;1151;95;61;33;4;29;.879;3600000;0
12255;1203;95;0;0;0;0;.00nan;0;0
12257;1106;97;80;29;2;27;.931;3543000;0
12257;1107;97;0;0;0;0;.00nan;0;0
12257;1133;88;0;0;0;0;.00nan;0;0
12257;1250;88;100;26;0;26;1.000;3600000;0
12259;1201;93;100;44;1;43;.977;3900000;0
12259;1326;93;0;0;0;0;.00nan;0;0
12259;10781;89;0;0;0;0;.00nan;0;0
12259;13656;89;68;25;1;24;.960;3900000;0
12261;1053;91;97;39;2;37;.949;3600000;0
12261;1074;99;0;0;0;0;.00nan;0;0
12261;1223;99;75;34;3;31;.912;3546000;0
12261;1324;91;0;0;0;0;.00nan;0;0
12263;1031;100;69;39;4;35;.897;3544000;0
12263;1151;95;0;0;0;0;.00nan;0;0
12263;1203;95;68;27;2;25;.926;3600000;0
12263;1307;100;0;0;0;0;.00nan;0;0
12265;1106;97;75;22;1;21;.955;3600000;0
12265;1107;97;0;0;0;0;.00nan;0;0
12265;1133;88;0;0;0;0;.00nan;0;0
12265;1250;88;94;19;0;19;1.000;3600000;0
12267;1042;90;73;22;1;21;.955;3900000;0
12267;1113;101;90;30;1;29;.967;3900000;0
12267;1116;101;0;0;0;0;.00nan;0;0
12267;1303;90;0;0;0;0;.00nan;0;0
12269;1005;98;81;26;1;25;.962;3600000;0
12269;1020;98;0;0;0;0;.00nan;0;0
12269;1201;93;62;7;0;7;1.000;958000;0
12269;1326;93;33;31;6;25;.806;2642000;0
12271;1053;91;0;0;0;0;.00nan;0;0
12271;1074;99;79;26;1;25;.962;3600000;0
12271;1223;99;0;0;0;0;.00nan;0;0
12271;1324;91;43;22;4;18;.818;3596000;0
12273;1026;96;0;0;0;0;.00nan;0;0
12273;1272;96;98;54;2;52;.963;3545000;0
12273;10781;89;67;18;1;17;.944;3600000;0
12273;13656;89;0;0;0;0;.00nan;0;0
12275;1104;92;74;22;1;21;.955;3600000;0
12275;1136;94;0;0;0;0;.00nan;0;0
12275;1167;94;50;42;5;37;.881;3600000;0
12275;1305;92;0;0;0;0;.00nan;0;0
12277;1005;98;0;0;0;0;.00nan;0;0
12277;1020;98;98;35;0;35;1.000;3900000;0
12277;1136;94;0;0;0;0;.00nan;0;0
12277;1167;94;100;35;0;35;1.000;3900000;0
12279;1026;96;92;33;1;32;.970;3600000;0
12279;1113;101;0;0;0;0;.00nan;0;0
12279;1116;101;71;33;2;31;.939;3571000;0
12279;1272;96;0;0;0;0;.00nan;0;0
12281;1031;100;69;37;3;34;.919;3514000;0
12281;1307;100;0;0;0;0;.00nan;0;0
12281;10781;89;100;38;1;37;.974;3600000;0
12281;13656;89;0;0;0;0;.00nan;0;0
12283;1104;92;0;0;0;0;.00nan;0;0
12283;1151;95;91;26;1;25;.962;3600000;0
12283;1203;95;0;0;0;0;.00nan;0;0
12283;1305;92;42;30;5;25;.833;3600000;0
12285;1074;99;77;27;2;25;.926;3546000;0
12285;1201;93;0;0;0;0;.00nan;0;0
12285;1223;99;0;0;0;0;.00nan;0;0
12285;1326;93;92;33;1;32;.970;3600000;0
12287;1106;97;0;0;0;0;.00nan;0;0
12287;1107;97;41;27;4;23;.852;3556000;0
12287;1133;88;0;0;0;0;.00nan;0;0
12287;1250;88;47;20;3;17;.850;3600000;0
12289;1042;90;97;39;2;37;.949;3900000;0
12289;1053;91;90;38;2;36;.947;3900000;0
12289;1303;90;0;0;0;0;.00nan;0;0
12289;1324;91;0;0;0;0;.00nan;0;0
12291;1113;101;56;20;2;18;.900;3600000;0
12291;1116;101;0;0;0;0;.00nan;0;0
12291;1133;88;100;38;1;37;.974;3600000;0
12291;1250;88;0;0;0;0;.00nan;0;0
12293;1026;96;0;0;0;0;.00nan;0;0
12293;1053;91;0;0;0;0;.00nan;0;0
12293;1272;96;29;29;6;23;.793;3568000;0
12293;1324;91;38;23;4;19;.826;3600000;0
12295;1005;98;0;0;0;0;.00nan;0;0
12295;1020;98;52;22;3;19;.864;3663000;0
12295;1106;97;62;30;4;26;.867;3663000;0
12295;1107;97;0;0;0;0;.00nan;0;0
12297;1074;99;0;0;0;0;.00nan;0;0
12297;1223;99;96;35;1;34;.971;3600000;0
12297;10781;89;0;0;0;0;.00nan;0;0
12297;13656;89;69;28;2;26;.929;3565000;0
12299;1031;100;0;0;0;0;.00nan;0;0
12299;1151;95;0;0;0;0;.00nan;0;0
12299;1203;95;82;25;1;24;.960;3600000;0
12299;1307;100;62;34;4;30;.882;3600000;0
12301;1136;94;57;25;3;22;.880;3600000;0
12301;1167;94;0;0;0;0;.00nan;0;0
12301;1201;93;53;49;7;42;.857;3600000;0
12301;1326;93;0;0;0;0;.00nan;0;0
12303;1042;90;0;0;0;0;.00nan;0;0
12303;1104;92;82;31;2;29;.935;3600000;0
12303;1303;90;53;22;3;19;.864;3585000;0
12303;1305;92;0;0;0;0;.00nan;0;0
12305;1113;101;91;34;1;33;.971;3600000;0
12305;1116;101;0;0;0;0;.00nan;0;0
12305;1136;94;0;0;0;0;.00nan;0;0
12305;1167;94;65;25;2;23;.920;3560000;0
12307;1031;100;59;28;4;24;.857;3600000;0
12307;1133;88;32;15;4;11;.733;984000;0
12307;1250;88;55;31;3;28;.903;2616000;0
12307;1307;100;0;0;0;0;.00nan;0;0
12309;1074;99;67;30;3;27;.900;3600000;0
12309;1104;92;0;0;0;0;.00nan;0;0
12309;1223;99;0;0;0;0;.00nan;0;0
12309;1305;92;34;19;4;15;.789;3600000;0
12311;1151;95;68;17;1;16;.941;3545000;0
12311;1203;95;0;0;0;0;.00nan;0;0
12311;10781;89;100;20;0;20;1.000;3600000;0
12311;13656;89;0;0;0;0;.00nan;0;0
12313;1005;98;96;20;0;20;1.000;3600000;0
12313;1020;98;0;0;0;0;.00nan;0;0
12313;1026;96;0;0;0;0;.00nan;0;0
12313;1272;96;70;36;3;33;.917;3600000;0
12315;1106;97;85;34;2;32;.941;3600000;0
12315;1107;97;0;0;0;0;.00nan;0;0
12315;1201;93;0;0;0;0;.00nan;0;0
12315;1326;93;72;19;1;18;.947;3600000;0
12317;1042;90;87;36;2;34;.944;3600000;0
12317;1053;91;62;26;3;23;.885;3581000;0
12317;1303;90;0;0;0;0;.00nan;0;0
12317;1324;91;0;0;0;0;.00nan;0;0
12319;1074;99;0;0;0;0;.00nan;0;0
12319;1136;94;86;31;1;30;.968;3900000;0
12319;1167;94;0;0;0;0;.00nan;0;0
12319;1223;99;95;36;1;35;.972;3900000;0
12321;1053;91;0;0;0;0;.00nan;0;0
12321;1324;91;76;35;3;32;.914;3900000;0
12321;10781;89;43;19;3;16;.842;3900000;0
12321;13656;89;0;0;0;0;.00nan;0;0
12323;1026;96;79;29;2;27;.931;3900000;0
12323;1042;90;0;0;0;0;.00nan;0;0
12323;1272;96;0;0;0;0;.00nan;0;0
12323;1303;90;96;35;2;33;.943;3900000;0
12325;1005;98;0;0;0;0;.00nan;0;0
12325;1020;98;58;28;3;25;.893;3573000;0
12325;1113;101;0;0;0;0;.00nan;0;0
12325;1116;101;94;41;2;39;.951;3600000;0
12327;1031;100;0;0;0;0;.00nan;0;0
12327;1106;97;0;0;0;0;.00nan;0;0
12327;1107;97;56;36;5;31;.861;3587000;0
12327;1307;100;66;31;3;28;.903;3600000;0
12329;1104;92;44;27;5;22;.815;3557000;0
12329;1133;88;57;27;3;24;.889;3600000;0
12329;1250;88;0;0;0;0;.00nan;0;0
12329;1305;92;0;0;0;0;.00nan;0;0
12331;1151;95;0;0;0;0;.00nan;0;0
12331;1201;93;97;60;4;56;.933;3600000;0
12331;1203;95;86;15;0;15;1.000;3600000;0
12331;1326;93;0;0;0;0;.00nan;0;0
3908;1428;114;80;40;3;37;.925;3900000;0
3908;1582;107;73;35;3;32;.914;3900000;0
3908;1646;107;0;0;0;0;.00nan;0;0
3908;2013;114;0;0;0;0;.00nan;0;0
3909;1450;103;88;45;3;42;.933;3774000;0
3909;1468;103;0;0;0;0;.00nan;0;0
3909;1718;123;64;35;4;31;.886;3774000;0
3909;1868;123;0;0;0;0;.00nan;0;0
3910;1644;118;0;0;0;0;.00nan;0;0
3910;1796;109;0;0;0;0;.00nan;0;0
3910;2049;118;74;36;3;33;.917;3574000;0
3910;2053;109;75;22;1;21;.955;3600000;0
3911;1856;102;100;44;1;43;.977;3600000;0
3911;1861;105;66;27;2;25;.926;3544000;0
3911;1937;102;0;0;0;0;.00nan;0;0
3911;2078;105;0;0;0;0;.00nan;0;0
3912;1435;112;76;39;4;35;.897;3600000;0
3912;1885;111;1;14;7;7;.500;2706000;0
3912;2122;111;50;7;1;6;.857;894000;0
3912;2134;112;0;0;0;0;.00nan;0;0
3913;1764;121;0;0;0;0;.00nan;0;0
3913;1837;104;95;31;1;30;.968;3900000;0
3913;1862;121;91;35;1;34;.971;3900000;0
3913;1879;104;0;0;0;0;.00nan;0;0
3914;1659;116;91;27;1;26;.963;3600000;0
3914;1887;119;0;0;0;0;.00nan;0;0
3914;1953;119;77;35;2;33;.943;3579000;0
3914;2128;116;0;0;0;0;.00nan;0;0
3915;1428;114;0;0;0;0;.00nan;0;0
3915;1583;117;0;0;0;0;.00nan;0;0
3915;1983;117;90;49;3;46;.939;3900000;0
3915;2013;114;72;31;3;28;.903;3900000;0
3916;1453;108;90;27;1;26;.963;3600000;0
3916;1471;113;0;0;0;0;.00nan;0;0
3916;1709;108;0;0;0;0;.00nan;0;0
3916;1987;113;60;30;3;27;.900;3567000;0
3917;1718;123;0;0;0;0;.00nan;0;0
3917;1868;123;78;37;3;34;.919;3528000;0
3917;1913;122;99;31;1;30;.968;3600000;0
3917;1942;122;0;0;0;0;.00nan;0;0
3918;1794;120;42;29;5;24;.828;3600000;0
3918;1802;120;0;0;0;0;.00nan;0;0
3918;1831;110;85;33;2;31;.939;3600000;0
3918;1999;110;0;0;0;0;.00nan;0;0
3919;1450;103;45;35;5;30;.857;3600000;0
3919;1468;103;0;0;0;0;.00nan;0;0
3919;1796;109;59;7;0;7;1.000;1459000;0
3919;2053;109;27;13;4;9;.692;2141000;0
3920;1740;115;0;0;0;0;.00nan;0;0
3920;1757;115;70;31;2;29;.935;3600000;0
3920;1885;111;64;31;3;28;.903;3579000;0
3920;2122;111;0;0;0;0;.00nan;0;0
3921;1435;112;0;0;0;0;.00nan;0;0
3921;1644;118;0;0;0;0;.00nan;0;0
3921;2049;118;85;31;1;30;.968;3600000;0
3921;2134;112;57;31;3;28;.903;3557000;0
3922;1764;121;0;0;0;0;.00nan;0;0
3922;1856;102;54;25;3;22;.880;3574000;0
3922;1862;121;89;36;2;34;.944;3600000;0
3922;1937;102;0;0;0;0;.00nan;0;0
3923;1583;117;0;0;0;0;.00nan;0;0
3923;1659;116;80;12;0;12;1.000;3600000;0
3923;1983;117;95;37;1;36;.973;3552000;0
3923;2128;116;0;0;0;0;.00nan;0;0
3924;1428;114;0;0;0;0;.00nan;0;0
3924;1471;113;0;0;0;0;.00nan;0;0
3924;1987;113;100;30;0;30;1.000;3600000;0
3924;2013;114;59;27;3;24;.889;3600000;0
3925;1550;106;90;41;2;39;.951;3600000;0
3925;1837;104;55;24;3;21;.875;3600000;0
3925;1879;104;0;0;0;0;.00nan;0;0
3925;2196;106;0;0;0;0;.00nan;0;0
3926;1453;108;92;37;1;36;.973;3900000;0
3926;1582;107;85;26;1;25;.962;3900000;0
3926;1646;107;0;0;0;0;.00nan;0;0
3926;1709;108;0;0;0;0;.00nan;0;0
3927;1861;105;0;0;0;0;.00nan;0;0
3927;1913;122;0;0;0;0;.00nan;0;0
3927;1942;122;46;29;4;25;.862;3561000;0
3927;2078;105;69;19;2;17;.895;3600000;0
3928;1831;110;0;0;0;0;.00nan;0;0
3928;1885;111;0;0;0;0;.00nan;0;0
3928;1999;110;44;36;6;30;.833;3600000;0
3928;2122;111;86;25;1;24;.960;3600000;0
3929;1659;116;73;35;2;33;.943;3594000;0
3929;1740;115;0;0;0;0;.00nan;0;0
3929;1757;115;95;23;0;23;1.000;3600000;0
3929;2128;116;0;0;0;0;.00nan;0;0
3930;1471;113;0;0;0;0;.00nan;0;0
3930;1550;106;67;27;3;24;.889;3600000;0
3930;1987;113;50;32;5;27;.844;3573000;0
3930;2196;106;0;0;0;0;.00nan;0;0
3931;1428;114;0;0;0;0;.00nan;0;0
3931;1450;103;68;24;2;22;.917;3600000;0
3931;1468;103;0;0;0;0;.00nan;0;0
3931;2013;114;37;31;5;26;.839;3600000;0
3932;1453;108;0;0;0;0;.00nan;0;0
3932;1709;108;63;39;4;35;.897;3600000;0
3932;1837;104;85;14;0;14;1.000;3600000;0
3932;1879;104;0;0;0;0;.00nan;0;0
3933;1435;112;0;0;0;0;.00nan;0;0
3933;1856;102;70;28;2;26;.929;3600000;0
3933;1937;102;0;0;0;0;.00nan;0;0
3933;2134;112;57;32;4;28;.875;3564000;0
3934;1887;119;100;39;0;39;1.000;3729000;0
3934;1913;122;0;0;0;0;.00nan;0;0
3934;1942;122;84;22;1;21;.955;3729000;0
3934;1953;119;0;0;0;0;.00nan;0;0
3935;1764;121;0;0;0;0;.00nan;0;0
3935;1861;105;0;0;0;0;.00nan;0;0
3935;1862;121;100;45;1;44;.978;3900000;0
3935;2078;105;81;27;1;26;.963;3900000;0
3936;1794;120;79;34;3;31;.912;3600000;0
3936;1796;109;47;35;4;31;.886;3581000;0
3936;1802;120;0;0;0;0;.00nan;0;0
3936;2053;109;0;0;0;0;.00nan;0;0
3937;1582;107;85;28;2;26;.929;3600000;0
3937;1646;107;0;0;0;0;.00nan;0;0
3937;1718;123;0;0;0;0;.00nan;0;0
3937;1868;123;43;20;3;17;.850;3557000;0
3938;1644;118;62;37;4;33;.892;3600000;0
3938;1831;110;0;0;0;0;.00nan;0;0
3938;1999;110;100;32;0;32;1.000;3600000;0
3938;2049;118;0;0;0;0;.00nan;0;0
3939;1550;106;87;26;1;25;.962;3900000;0
3939;1583;117;87;33;1;32;.970;3900000;0
3939;1983;117;0;0;0;0;.00nan;0;0
3939;2196;106;0;0;0;0;.00nan;0;0
3940;1740;115;0;0;0;0;.00nan;0;0
3940;1757;115;78;21;0;21;1.000;3900000;0
3940;1856;102;0;0;0;0;.00nan;0;0
3940;1937;102;92;28;0;28;1.000;3900000;0
3941;1428;114;100;25;0;25;1.000;3600000;0
3941;1764;121;0;0;0;0;.00nan;0;0
3941;1862;121;63;42;5;37;.881;3600000;0
3941;2013;114;0;0;0;0;.00nan;0;0
3942;1450;103;99;41;1;40;.976;3600000;0
3942;1468;103;0;0;0;0;.00nan;0;0
3942;1794;120;62;27;3;24;.889;3571000;0
3942;1802;120;0;0;0;0;.00nan;0;0
3943;1471;113;100;36;1;35;.972;3600000;0
3943;1582;107;28;14;4;10;.714;995000;0
3943;1646;107;75;27;2;25;.926;2605000;0
3943;1987;113;0;0;0;0;.00nan;0;0
3944;1796;109;0;0;0;0;.00nan;0;0
3944;1837;104;99;43;1;42;.977;3600000;0
3944;1879;104;0;0;0;0;.00nan;0;0
3944;2053;109;53;19;2;17;.895;3581000;0
3945;1453;108;77;34;2;32;.941;3600000;0
3945;1709;108;0;0;0;0;.00nan;0;0
3945;1861;105;38;22;4;18;.818;3516000;0
3945;2078;105;0;0;0;0;.00nan;0;0
3946;1435;112;0;0;0;0;.00nan;0;0
3946;1885;111;60;26;3;23;.885;3600000;0
3946;2122;111;0;0;0;0;.00nan;0;0
3946;2134;112;60;50;6;44;.880;3600000;0
3947;1887;119;48;25;4;21;.840;3900000;0
3947;1913;122;0;0;0;0;.00nan;0;0
3947;1942;122;62;34;4;30;.882;3900000;0
3947;1953;119;0;0;0;0;.00nan;0;0
3948;1659;116;100;25;0;25;1.000;3600000;0
3948;1718;123;0;0;0;0;.00nan;0;0
3948;1868;123;60;35;5;30;.857;3600000;0
3948;2128;116;0;0;0;0;.00nan;0;0
3949;1583;117;0;0;0;0;.00nan;0;0
3949;1856;102;0;0;0;0;.00nan;0;0
3949;1937;102;79;37;3;34;.919;3600000;0
3949;1983;117;43;25;4;21;.840;3597000;0
3950;1644;118;58;6;0;6;1.000;532000;0
3950;1831;110;0;0;0;0;.00nan;0;0
3950;1999;110;88;25;1;24;.960;3600000;0
3950;2049;118;58;38;6;32;.842;3068000;0
3951;1550;106;43;36;5;31;.861;3559000;0
3951;1740;115;0;0;0;0;.00nan;0;0
3951;1757;115;72;34;3;31;.912;3600000;0
3951;2196;106;0;0;0;0;.00nan;0;0
3952;1764;121;0;0;0;0;.00nan;0;0
3952;1796;109;82;27;1;26;.963;3600000;0
3952;1862;121;93;47;3;44;.936;3592000;0
3952;2053;109;0;0;0;0;.00nan;0;0
3953;1582;107;84;32;3;29;.906;3900000;0
3953;1646;107;0;0;0;0;.00nan;0;0
3953;1794;120;0;0;0;0;.00nan;0;0
3953;1802;120;67;34;3;31;.912;3900000;0
3954;1837;104;29;20;5;15;.750;3600000;0
3954;1861;105;0;0;0;0;.00nan;0;0
3954;1879;104;0;0;0;0;.00nan;0;0
3954;2078;105;98;32;1;31;.969;3600000;0
3955;1435;112;0;0;0;0;.00nan;0;0
3955;1453;108;0;0;0;0;.00nan;0;0
3955;1709;108;92;57;4;53;.930;3600000;0
3955;2134;112;97;23;0;23;1.000;3600000;0
12333;1718;123;76;18;1;17;.944;3600000;0
12333;1831;110;71;38;4;34;.895;3600000;0
12333;1868;123;0;0;0;0;.00nan;0;0
12333;1999;110;0;0;0;0;.00nan;0;0
12335;1573;102;0;0;0;0;.00nan;0;0
12335;1660;109;0;0;0;0;.00nan;0;0
12335;1937;102;57;25;3;22;.880;3546000;0
12335;2053;109;69;22;2;20;.909;3600000;0
12337;1740;115;0;0;0;0;.00nan;0;0
12337;1757;115;64;19;2;17;.895;3900000;0
12337;1764;121;0;0;0;0;.00nan;0;0
12337;1862;121;96;40;2;38;.950;3900000;0
12339;1428;114;50;23;3;20;.870;3600000;0
12339;1794;120;100;29;0;29;1.000;3600000;0
12339;1802;120;0;0;0;0;.00nan;0;0
12339;2013;114;0;0;0;0;.00nan;0;0
12341;1550;106;0;0;0;0;.00nan;0;0
12341;1885;111;0;0;0;0;.00nan;0;0
12341;2122;111;59;31;4;27;.871;3590000;0
12341;2196;106;80;35;2;33;.943;3600000;0
12343;1548;104;73;31;2;29;.935;3564000;0
12343;1659;116;74;27;1;26;.963;3600000;0
12343;1837;104;0;0;0;0;.00nan;0;0
12343;2128;116;0;0;0;0;.00nan;0;0
12345;1913;122;0;0;0;0;.00nan;0;0
12345;1942;122;36;34;6;28;.824;3600000;0
12345;2049;118;80;22;1;21;.955;3600000;0
12345;2293;118;0;0;0;0;.00nan;0;0
12347;1528;105;88;31;1;30;.968;3600000;0
12347;1887;119;0;0;0;0;.00nan;0;0
12347;1953;119;88;35;3;32;.914;3600000;0
12347;2078;105;0;0;0;0;.00nan;0;0
12349;1435;112;0;0;0;0;.00nan;0;0
12349;1471;113;0;0;0;0;.00nan;0;0
12349;1987;113;36;32;6;26;.813;3600000;0
12349;2134;112;66;30;3;27;.900;3600000;0
12351;1453;108;0;0;0;0;.00nan;0;0
12351;1582;107;65;23;3;20;.870;3900000;0
12351;1709;108;94;47;3;44;.936;3900000;0
12351;2144;107;0;0;0;0;.00nan;0;0
12353;1450;103;0;0;0;0;.00nan;0;0
12353;1583;117;0;0;0;0;.00nan;0;0
12353;1983;117;64;36;5;31;.861;3900000;0
12353;2164;103;64;40;5;35;.875;3900000;0
12355;1548;104;71;54;5;49;.907;3552000;0
12355;1837;104;0;0;0;0;.00nan;0;0
12355;1885;111;0;0;0;0;.00nan;0;0
12355;2122;111;60;34;4;30;.882;3600000;0
12357;1573;102;0;0;0;0;.00nan;0;0
12357;1887;119;16;7;4;3;.429;1127000;0
12357;1937;102;85;30;2;28;.933;3600000;0
12357;1953;119;78;32;2;30;.938;2473000;0
12359;1450;103;0;0;0;0;.00nan;0;0
12359;1471;113;48;15;2;13;.867;3377000;0
12359;1987;113;31;8;3;5;.625;168000;0
12359;2164;103;88;41;3;38;.927;3600000;0
12361;1428;114;0;0;0;0;.00nan;0;0
12361;2013;114;74;43;4;39;.907;3600000;0
12361;2049;118;0;0;0;0;.00nan;0;0
12361;2293;118;45;22;3;19;.864;3600000;0
12363;1453;108;71;45;4;41;.911;3600000;0
12363;1709;108;0;0;0;0;.00nan;0;0
12363;1740;115;0;0;0;0;.00nan;0;0
12363;1757;115;58;21;3;18;.857;3600000;0
12365;1435;112;43;18;3;15;.833;3552000;0
12365;1913;122;0;0;0;0;.00nan;0;0
12365;1942;122;87;31;2;29;.935;3600000;0
12365;2134;112;0;0;0;0;.00nan;0;0
12367;1583;117;82;28;2;26;.929;3600000;0
12367;1794;120;55;38;5;33;.868;3600000;0
12367;1802;120;0;0;0;0;.00nan;0;0
12367;1983;117;0;0;0;0;.00nan;0;0
12369;1582;107;40;17;3;14;.824;3600000;0
12369;1660;109;73;42;4;38;.905;3564000;0
12369;2053;109;0;0;0;0;.00nan;0;0
12369;2144;107;0;0;0;0;.00nan;0;0
12371;1659;116;62;27;3;24;.889;3577000;0
12371;1764;121;91;31;1;30;.968;3600000;0
12371;1862;121;0;0;0;0;.00nan;0;0
12371;2128;116;0;0;0;0;.00nan;0;0
12373;1718;123;0;0;0;0;.00nan;0;0
12373;1831;110;72;38;4;34;.895;3600000;0
12373;1868;123;70;13;1;12;.923;3600000;0
12373;1999;110;0;0;0;0;.00nan;0;0
12375;1528;105;56;6;0;6;1.000;250000;0
12375;1550;106;37;21;4;17;.810;3600000;0
12375;2078;105;54;50;7;43;.860;3350000;0
12375;2196;106;0;0;0;0;.00nan;0;0
12377;1764;121;0;0;0;0;.00nan;0;0
12377;1862;121;86;32;2;30;.938;3600000;0
12377;2049;118;62;37;4;33;.892;3559000;0
12377;2293;118;0;0;0;0;.00nan;0;0
12379;1428;114;50;27;4;23;.852;3900000;0
12379;1573;102;53;30;4;26;.867;3900000;0
12379;1937;102;0;0;0;0;.00nan;0;0
12379;2013;114;0;0;0;0;.00nan;0;0
12381;1453;108;0;0;0;0;.00nan;0;0
12381;1660;109;0;0;0;0;.00nan;0;0
12381;1709;108;98;40;2;38;.950;3544000;0
12381;2053;109;75;21;1;20;.952;3600000;0
12383;1831;110;0;0;0;0;.00nan;0;0
12383;1887;119;90;17;0;17;1.000;3600000;0
12383;1953;119;0;0;0;0;.00nan;0;0
12383;1999;110;78;42;3;39;.929;3600000;0
12385;1659;116;0;0;0;0;.00nan;0;0
12385;1794;120;0;0;0;0;.00nan;0;0
12385;1802;120;54;21;3;18;.857;3600000;0
12385;2128;116;28;28;6;22;.786;3600000;0
12387;1885;111;70;29;2;27;.931;3600000;0
12387;1913;122;59;36;4;32;.889;3570000;0
12387;1942;122;0;0;0;0;.00nan;0;0
12387;2122;111;0;0;0;0;.00nan;0;0
12389;1450;103;100;34;0;34;1.000;3600000;0
12389;1740;115;61;32;4;28;.875;3600000;0
12389;1757;115;0;0;0;0;.00nan;0;0
12389;2164;103;0;0;0;0;.00nan;0;0
12391;1528;105;75;31;2;29;.935;3590000;0
12391;1718;123;98;30;1;29;.967;3600000;0
12391;1868;123;0;0;0;0;.00nan;0;0
12391;2078;105;0;0;0;0;.00nan;0;0
12393;1435;112;0;0;0;0;.00nan;0;0
12393;1550;106;0;0;0;0;.00nan;0;0
12393;2134;112;100;38;0;38;1.000;3600000;0
12393;2196;106;72;21;1;20;.952;3600000;0
12395;1582;107;0;0;0;0;.00nan;0;0
12395;1583;117;0;0;0;0;.00nan;0;0
12395;1983;117;51;40;6;34;.850;3600000;0
12395;2144;107;77;31;2;29;.935;3600000;0
12397;1471;113;0;0;0;0;.00nan;0;0
12397;1548;104;0;0;0;0;.00nan;0;0
12397;1837;104;91;55;3;52;.945;3600000;0
12397;1987;113;62;11;1;10;.909;3600000;0
12399;1428;114;0;0;0;0;.00nan;0;0
12399;1718;123;81;26;1;25;.962;3600000;0
12399;1868;123;0;0;0;0;.00nan;0;0
12399;2013;114;62;26;3;23;.885;3576000;0
12401;1471;113;98;53;3;50;.943;3594000;0
12401;1548;104;49;8;1;7;.875;3600000;0
12401;1837;104;0;0;0;0;.00nan;0;0
12401;1987;113;0;0;0;0;.00nan;0;0
12403;1528;105;0;0;0;0;.00nan;0;0
12403;1794;120;73;38;3;35;.921;3554000;0
12403;1802;120;0;0;0;0;.00nan;0;0
12403;2078;105;67;26;2;24;.923;3600000;0
12405;1740;115;0;0;0;0;.00nan;0;0
12405;1757;115;84;34;2;32;.941;3560000;0
12405;1913;122;0;0;0;0;.00nan;0;0
12405;1942;122;74;18;1;17;.944;3600000;0
12407;1583;117;0;0;0;0;.00nan;0;0
12407;1887;119;83;16;0;16;1.000;3600000;0
12407;1953;119;0;0;0;0;.00nan;0;0
12407;1983;117;61;38;4;34;.895;3600000;0
12409;1453;108;0;0;0;0;.00nan;0;0
12409;1709;108;70;29;2;27;.931;3600000;0
12409;1885;111;0;0;0;0;.00nan;0;0
12409;2122;111;44;18;3;15;.833;3579000;0
12411;1582;107;20;11;4;7;.636;752000;0
12411;1659;116;58;21;3;18;.857;3600000;0
12411;2128;116;0;0;0;0;.00nan;0;0
12411;2144;107;62;33;4;29;.879;2848000;0
12413;1435;112;0;0;0;0;.00nan;0;0
12413;1450;103;84;35;2;33;.943;3891000;0
12413;2134;112;87;39;2;37;.949;3900000;0
12413;2164;103;0;0;0;0;.00nan;0;0
12415;1550;106;77;24;1;23;.958;3600000;0
12415;2049;118;62;38;4;34;.895;3600000;0
12415;2196;106;0;0;0;0;.00nan;0;0
12415;2293;118;0;0;0;0;.00nan;0;0
12417;1660;109;0;0;0;0;.00nan;0;0
12417;1764;121;0;0;0;0;.00nan;0;0
12417;1862;121;46;37;5;32;.865;3600000;0
12417;2053;109;80;13;0;13;1.000;3600000;0
12419;1573;102;0;0;0;0;.00nan;0;0
12419;1831;110;47;41;6;35;.854;3600000;0
12419;1937;102;100;26;0;26;1.000;3600000;0
12419;1999;110;0;0;0;0;.00nan;0;0
12421;1582;107;75;36;3;33;.917;3600000;0
12421;1583;117;49;32;4;28;.875;3554000;0
12421;1983;117;0;0;0;0;.00nan;0;0
12421;2144;107;0;0;0;0;.00nan;0;0
12423;1450;103;0;0;0;0;.00nan;0;0
12423;1831;110;0;0;0;0;.00nan;0;0
12423;1999;110;91;35;1;34;.971;3600000;0
12423;2164;103;67;28;3;25;.893;3564000;0
12425;1659;116;0;0;0;0;.00nan;0;0
12425;1913;122;74;23;1;22;.957;3600000;0
12425;1942;122;0;0;0;0;.00nan;0;0
12425;2128;116;69;29;2;27;.931;3551000;0
12427;1660;109;0;0;0;0;.00nan;0;0
12427;1794;120;0;0;0;0;.00nan;0;0
12427;1802;120;51;28;4;24;.857;3534000;0
12427;2053;109;61;20;2;18;.900;3600000;0
12429;1471;113;0;0;0;0;.00nan;0;0
12429;1987;113;93;30;1;29;.967;3600000;0
12429;2049;118;0;0;0;0;.00nan;0;0
12429;2293;118;65;33;3;30;.909;3545000;0
12431;1528;105;80;29;2;27;.931;3600000;0
12431;1573;102;0;0;0;0;.00nan;0;0
12431;1937;102;53;41;6;35;.854;3600000;0
12431;2078;105;0;0;0;0;.00nan;0;0
12433;1453;108;70;34;3;31;.912;3557000;0
12433;1709;108;0;0;0;0;.00nan;0;0
12433;1887;119;70;29;2;27;.931;3600000;0
12433;1953;119;0;0;0;0;.00nan;0;0
12435;1428;114;68;40;4;36;.900;3573000;0
12435;1718;123;0;0;0;0;.00nan;0;0
12435;1868;123;71;18;2;16;.889;3600000;0
12435;2013;114;0;0;0;0;.00nan;0;0
12437;1740;115;87;16;0;16;1.000;3600000;0
12437;1757;115;0;0;0;0;.00nan;0;0
12437;1764;121;86;39;2;37;.949;3589000;0
12437;1862;121;0;0;0;0;.00nan;0;0
12439;1435;112;100;32;0;32;1.000;3600000;0
12439;1548;104;0;0;0;0;.00nan;0;0
12439;1837;104;56;20;2;18;.900;3566000;0
12439;2134;112;0;0;0;0;.00nan;0;0
12441;1550;106;0;0;0;0;.00nan;0;0
12441;1885;111;100;36;1;35;.972;3600000;0
12441;2122;111;0;0;0;0;.00nan;0;0
12441;2196;106;74;25;3;22;.880;3529000;0
12443;1659;116;65;28;2;26;.929;3600000;0
12443;1764;121;40;26;4;22;.846;1929000;0
12443;1862;121;52;17;2;15;.882;1671000;0
12443;2128;116;0;0;0;0;.00nan;0;0
12445;1435;112;97;46;2;44;.957;3600000;0
12445;1660;109;72;17;1;16;.941;3600000;0
12445;2053;109;0;0;0;0;.00nan;0;0
12445;2134;112;0;0;0;0;.00nan;0;0
12447;1583;117;0;0;0;0;.00nan;0;0
12447;1887;119;0;0;0;0;.00nan;0;0
12447;1953;119;74;22;1;21;.955;3600000;0
12447;1983;117;81;42;3;39;.929;3526000;0
12449;1582;107;0;0;0;0;.00nan;0;0
12449;1913;122;0;0;0;0;.00nan;0;0
12449;1942;122;84;42;3;39;.929;3566000;0
12449;2144;107;70;26;2;24;.923;3600000;0
12451;1453;108;0;0;0;0;.00nan;0;0
12451;1709;108;56;36;5;31;.861;3600000;0
12451;1794;120;91;30;1;29;.967;3600000;0
12451;1802;120;0;0;0;0;.00nan;0;0
12453;1471;113;99;43;1;42;.977;3600000;0
12453;1987;113;0;0;0;0;.00nan;0;0
12453;2122;111;0;0;0;0;.00nan;0;0
12453;2223;111;58;29;3;26;.897;3517000;0
12455;1428;114;0;0;0;0;.00nan;0;0
12455;1450;103;90;21;0;21;1.000;3600000;0
12455;2013;114;78;44;5;39;.886;3600000;0
12455;2164;103;0;0;0;0;.00nan;0;0
12457;1548;104;0;0;0;0;.00nan;0;0
12457;1718;123;81;29;1;28;.966;3600000;0
12457;1837;104;64;26;2;24;.923;3579000;0
12457;1868;123;0;0;0;0;.00nan;0;0
12459;1550;106;73;20;2;18;.900;3600000;0
12459;2049;118;70;37;3;34;.919;3600000;0
12459;2196;106;0;0;0;0;.00nan;0;0
12459;2293;118;0;0;0;0;.00nan;0;0
12461;1573;102;58;29;4;25;.862;3565000;0
12461;1831;110;71;32;3;29;.906;3600000;0
12461;1937;102;0;0;0;0;.00nan;0;0
12461;1999;110;0;0;0;0;.00nan;0;0
12463;1528;105;100;31;0;31;1.000;3600000;0
12463;1740;115;0;0;0;0;.00nan;0;0
12463;1757;115;54;12;1;11;.917;3567000;0
12463;2078;105;0;0;0;0;.00nan;0;0
12465;1435;112;0;0;0;0;.00nan;0;0
12465;1913;122;66;31;3;28;.903;3512000;0
12465;1942;122;0;0;0;0;.00nan;0;0
12465;2134;112;91;31;1;30;.968;3600000;0
12467;1583;117;69;29;2;27;.931;3527000;0
12467;1983;117;0;0;0;0;.00nan;0;0
12467;2049;118;0;0;0;0;.00nan;0;0
12467;2293;118;94;22;0;22;1.000;3600000;0
12469;1453;108;66;33;3;30;.909;3546000;0
12469;1709;108;0;0;0;0;.00nan;0;0
12469;1794;120;0;0;0;0;.00nan;0;0
12469;1802;120;62;12;1;11;.917;3600000;0
12471;1550;106;0;0;0;0;.00nan;0;0
12471;1659;116;0;0;0;0;.00nan;0;0
12471;2128;116;86;25;1;24;.960;3900000;0
12471;2196;106;77;27;1;26;.963;3900000;0
12473;1450;103;68;30;3;27;.900;3600000;0
12473;1887;119;27;28;6;22;.786;2921000;0
12473;1953;119;62;15;1;14;.933;679000;0
12473;2164;103;0;0;0;0;.00nan;0;0
12475;1428;114;90;28;1;27;.964;3600000;0
12475;2013;114;0;0;0;0;.00nan;0;0
12475;2122;111;68;25;2;23;.920;3546000;0
12475;2223;111;0;0;0;0;.00nan;0;0
12477;1548;104;20;12;4;8;.667;539000;0
12477;1718;123;0;0;0;0;.00nan;0;0
12477;1837;104;45;24;4;20;.833;3061000;0
12477;1868;123;62;23;2;21;.913;3600000;0
12479;1528;105;0;0;0;0;.00nan;0;0
12479;1764;121;0;0;0;0;.00nan;0;0
12479;1862;121;71;40;4;36;.900;3576000;0
12479;2078;105;55;22;3;19;.864;3600000;0
12481;1471;113;0;0;0;0;.00nan;0;0
12481;1660;109;0;0;0;0;.00nan;0;0
12481;1987;113;77;41;4;37;.902;3600000;0
12481;2053;109;80;23;1;22;.957;3600000;0
12483;1582;107;36;27;6;21;.778;2924000;0
12483;1740;115;67;34;4;30;.882;3600000;0
12483;1757;115;0;0;0;0;.00nan;0;0
12483;2144;107;62;9;0;9;1.000;612000;0
12485;1573;102;0;0;0;0;.00nan;0;0
12485;1831;110;54;6;0;6;1.000;934000;0
12485;1937;102;61;33;4;29;.879;3600000;0
12485;1999;110;28;24;6;18;.750;2657000;0
4656;2378;124;63;27;3;24;.889;3563000;0
4656;2388;136;89;32;1;31;.969;3600000;0
4656;2477;136;0;0;0;0;.00nan;0;0
4656;2635;124;0;0;0;0;.00nan;0;0
4657;2330;126;67;30;2;28;.933;3834000;0
4657;2364;128;84;38;3;35;.921;3874000;0
4657;2531;126;0;0;0;0;.00nan;0;0
4657;2559;128;0;0;0;0;.00nan;0;0
4658;2408;132;61;31;4;27;.871;3572000;0
4658;2422;133;0;0;0;0;.00nan;0;0
4658;2587;133;52;16;2;14;.875;3600000;0
4658;2596;132;0;0;0;0;.00nan;0;0
4659;2309;137;0;0;0;0;.00nan;0;0
4659;2440;127;64;22;2;20;.909;3600000;0
4659;2454;127;0;0;0;0;.00nan;0;0
4659;2538;137;72;42;4;38;.905;3587000;0
4660;2459;131;0;0;0;0;.00nan;0;0
4660;2476;131;58;25;3;22;.880;3580000;0
4660;2526;125;0;0;0;0;.00nan;0;0
4660;2610;125;75;31;2;29;.935;3600000;0
4661;2353;134;0;0;0;0;.00nan;0;0
4661;2481;134;82;26;2;24;.923;3600000;0
4661;2502;135;52;34;5;29;.853;3600000;0
4661;2510;135;0;0;0;0;.00nan;0;0
4662;2333;129;80;35;3;32;.914;3600000;0
4662;2349;129;0;0;0;0;.00nan;0;0
4662;2417;130;0;0;0;0;.00nan;0;0
4662;2464;130;54;30;4;26;.867;3585000;0
4663;2388;136;100;26;0;26;1.000;3600000;0
4663;2477;136;0;0;0;0;.00nan;0;0
4663;2526;125;0;0;0;0;.00nan;0;0
4663;2610;125;53;34;4;30;.882;3600000;0
4664;2378;124;55;43;6;37;.860;3600000;0
4664;2417;130;0;0;0;0;.00nan;0;0
4664;2464;130;67;19;2;17;.895;3600000;0
4664;2635;124;0;0;0;0;.00nan;0;0
4665;2330;126;66;16;1;15;.938;3600000;0
4665;2408;132;35;18;4;14;.778;809000;0
4665;2531;126;0;0;0;0;.00nan;0;0
4665;2596;132;62;44;5;39;.886;2791000;0
4666;2422;133;76;30;2;28;.933;3600000;0
4666;2440;127;67;37;4;33;.892;3537000;0
4666;2454;127;0;0;0;0;.00nan;0;0
4666;2587;133;0;0;0;0;.00nan;0;0
4667;2309;137;0;0;0;0;.00nan;0;0
4667;2364;128;0;0;0;0;.00nan;0;0
4667;2538;137;100;41;2;39;.951;3600000;0
4667;2559;128;45;18;3;15;.833;3581000;0
4668;2353;134;0;0;0;0;.00nan;0;0
4668;2459;131;69;29;2;27;.931;3600000;0
4668;2476;131;0;0;0;0;.00nan;0;0
4668;2481;134;54;25;3;22;.880;3596000;0
4669;2333;129;65;23;2;21;.913;3600000;0
4669;2349;129;0;0;0;0;.00nan;0;0
4669;2502;135;0;0;0;0;.00nan;0;0
4669;2510;135;62;32;3;29;.906;3587000;0
12487;2422;133;30;28;6;22;.786;2623000;0
12487;2502;135;0;0;0;0;.00nan;0;0
12487;2510;135;47;21;4;17;.810;3600000;0
12487;2587;133;46;10;2;8;.800;977000;0
12489;2309;137;0;0;0;0;.00nan;0;0
12489;2413;130;51;24;4;20;.833;3703000;0
12489;2464;130;0;0;0;0;.00nan;0;0
12489;2538;137;72;52;5;47;.904;3703000;0
12491;2330;126;49;31;5;26;.839;3564000;0
12491;2526;125;0;0;0;0;.00nan;0;0
12491;2531;126;0;0;0;0;.00nan;0;0
12491;2610;125;59;34;4;30;.882;3600000;0
12493;2364;128;6;15;6;9;.600;2867000;0
12493;2408;132;0;0;0;0;.00nan;0;0
12493;2559;128;58;3;0;3;1.000;707000;0
12493;2596;132;78;45;4;41;.911;3600000;0
12495;2378;124;63;25;3;22;.880;3592000;0
12495;2459;131;100;51;2;49;.961;3600000;0
12495;2476;131;0;0;0;0;.00nan;0;0
12495;2635;124;0;0;0;0;.00nan;0;0
12497;2333;129;91;35;2;33;.943;3545000;0
12497;2349;129;0;0;0;0;.00nan;0;0
12497;2388;136;93;25;0;25;1.000;3600000;0
12497;2477;136;0;0;0;0;.00nan;0;0
12499;2353;134;0;0;0;0;.00nan;0;0
12499;2440;127;82;24;1;23;.958;3548000;0
12499;2454;127;0;0;0;0;.00nan;0;0
12499;2481;134;100;34;0;34;1.000;3600000;0
12501;2413;130;0;0;0;0;.00nan;0;0
12501;2440;127;0;0;0;0;.00nan;0;0
12501;2454;127;66;40;3;37;.925;3570000;0
12501;2464;130;69;19;1;18;.947;3600000;0
12503;2333;129;0;0;0;0;.00nan;0;0
12503;2349;129;61;28;3;25;.893;3900000;0
12503;2388;136;80;36;3;33;.917;3900000;0
12503;2477;136;0;0;0;0;.00nan;0;0
12505;2353;134;0;0;0;0;.00nan;0;0
12505;2364;128;0;0;0;0;.00nan;0;0
12505;2481;134;76;34;3;31;.912;3608000;0
12505;2559;128;44;22;4;18;.818;3608000;0
12507;2378;124;0;0;0;0;.00nan;0;0
12507;2422;133;0;0;0;0;.00nan;0;0
12507;2587;133;44;45;6;39;.867;3600000;0
12507;2635;124;76;35;2;33;.943;3600000;0
12509;2309;137;73;28;3;25;.893;2010000;0
12509;2502;135;0;0;0;0;.00nan;0;0
12509;2510;135;68;22;1;21;.955;3600000;0
12509;2538;137;33;31;6;25;.806;1590000;0
12511;2330;126;0;0;0;0;.00nan;0;0
12511;2526;125;0;0;0;0;.00nan;0;0
12511;2531;126;79;21;1;20;.952;3600000;0
12511;2610;125;96;52;3;49;.942;3528000;0
12513;2408;132;63;14;1;13;.929;3600000;0
12513;2459;131;0;0;0;0;.00nan;0;0
12513;2476;131;73;35;3;32;.914;3530000;0
12513;2596;132;0;0;0;0;.00nan;0;0
12515;2388;136;0;0;0;0;.00nan;0;0
12515;2440;127;93;32;1;31;.969;3900000;0
12515;2454;127;0;0;0;0;.00nan;0;0
12515;2477;136;93;37;1;36;.973;3900000;0
12517;2364;128;68;35;3;32;.914;3568000;0
12517;2526;125;89;35;1;34;.971;3600000;0
12517;2559;128;0;0;0;0;.00nan;0;0
12517;2610;125;0;0;0;0;.00nan;0;0
12519;2309;137;81;39;2;37;.949;3582000;0
12519;2408;132;0;0;0;0;.00nan;0;0
12519;2538;137;0;0;0;0;.00nan;0;0
12519;2596;132;70;13;1;12;.923;3600000;0
12521;2459;131;81;39;4;35;.897;3600000;0
12521;2476;131;0;0;0;0;.00nan;0;0
12521;2502;135;92;31;1;30;.968;3600000;0
12521;2510;135;0;0;0;0;.00nan;0;0
12523;2330;126;77;19;1;18;.947;3600000;0
12523;2378;124;32;9;3;6;.667;461000;0
12523;2531;126;0;0;0;0;.00nan;0;0
12523;2635;124;68;23;2;21;.913;3139000;0
12525;2353;134;89;35;2;33;.943;3900000;0
12525;2413;130;83;38;2;36;.947;3888000;0
12525;2464;130;0;0;0;0;.00nan;0;0
12525;2481;134;0;0;0;0;.00nan;0;0
12527;2333;129;70;22;1;21;.955;3900000;0
12527;2349;129;0;0;0;0;.00nan;0;0
12527;2422;133;83;30;1;29;.967;3900000;0
12527;2587;133;0;0;0;0;.00nan;0;0
12529;2309;137;60;6;0;6;1.000;258000;0
12529;2330;126;57;11;1;10;.909;3600000;0
12529;2531;126;0;0;0;0;.00nan;0;0
12529;2538;137;64;52;6;46;.885;3342000;0
12531;2353;134;0;0;0;0;.00nan;0;0
12531;2378;124;59;20;2;18;.900;3600000;0
12531;2481;134;76;39;3;36;.923;3573000;0
12531;2635;124;0;0;0;0;.00nan;0;0
12533;2388;136;66;26;2;24;.923;3600000;0
12533;2477;136;0;0;0;0;.00nan;0;0
12533;2526;125;0;0;0;0;.00nan;0;0
12533;2610;125;69;43;4;39;.907;3524000;0
12535;2333;129;0;0;0;0;.00nan;0;0
12535;2349;129;79;33;2;31;.939;3600000;0
12535;2413;130;0;0;0;0;.00nan;0;0
12535;2464;130;54;29;5;24;.828;3600000;0
12537;2408;132;0;0;0;0;.00nan;0;0
12537;2502;135;0;0;0;0;.00nan;0;0
12537;2510;135;53;41;6;35;.854;3513000;0
12537;2596;132;35;18;4;14;.778;3600000;0
12539;2422;133;58;25;3;22;.880;3733000;0
12539;2440;127;0;0;0;0;.00nan;0;0
12539;2454;127;66;32;4;28;.875;3733000;0
12539;2587;133;0;0;0;0;.00nan;0;0
12541;2364;128;69;16;2;14;.875;3600000;0
12541;2459;131;88;38;2;36;.947;3344000;0
12541;2476;131;27;4;3;1;.250;256000;0
12541;2559;128;0;0;0;0;.00nan;0;0
12543;2330;126;0;0;0;0;.00nan;0;0
12543;2388;136;0;0;0;0;.00nan;0;0
12543;2477;136;60;42;5;37;.881;3571000;0
12543;2531;126;49;25;4;21;.840;3600000;0
12545;2333;129;84;37;2;35;.946;3600000;0
12545;2349;129;0;0;0;0;.00nan;0;0
12545;2502;135;13;19;6;13;.684;2388000;0
12545;2510;135;54;4;0;4;1.000;1212000;0
12547;2408;132;93;19;0;19;1.000;3600000;0
12547;2459;131;55;5;0;5;1.000;364000;0
12547;2476;131;54;37;6;31;.838;3236000;0
12547;2596;132;0;0;0;0;.00nan;0;0
12549;2364;128;49;1;0;1;1.000;296000;0
12549;2526;125;71;32;2;30;.938;3600000;0
12549;2559;128;40;32;6;26;.813;3304000;0
12549;2610;125;0;0;0;0;.00nan;0;0
12551;2378;124;53;3;0;3;1.000;360000;0
12551;2440;127;94;34;1;33;.971;3600000;0
12551;2454;127;0;0;0;0;.00nan;0;0
12551;2635;124;24;25;6;19;.760;3240000;0
12553;2353;134;67;31;3;28;.903;3534000;0
12553;2422;133;0;0;0;0;.00nan;0;0
12553;2481;134;0;0;0;0;.00nan;0;0
12553;2587;133;76;26;1;25;.962;3600000;0
12555;2309;137;75;38;3;35;.921;3565000;0
12555;2413;130;61;17;1;16;.941;3600000;0
12555;2464;130;0;0;0;0;.00nan;0;0
12555;2538;137;0;0;0;0;.00nan;0;0
12557;2378;124;54;20;3;17;.850;3681000;0
12557;2526;125;0;0;0;0;.00nan;0;0
12557;2610;125;93;45;2;43;.956;3681000;0
12557;2635;124;0;0;0;0;.00nan;0;0
12559;2417;130;0;0;0;0;.00nan;0;0
12559;2459;131;75;41;3;38;.927;3581000;0
12559;2464;130;71;22;1;21;.955;3600000;0
12559;2476;131;0;0;0;0;.00nan;0;0
12561;2353;134;0;0;0;0;.00nan;0;0
12561;2422;133;49;36;5;31;.861;3600000;0
12561;2481;134;77;9;0;9;1.000;3600000;0
12561;2587;133;0;0;0;0;.00nan;0;0
12563;2388;136;88;29;1;28;.966;3594000;0
12563;2408;132;96;25;0;25;1.000;3600000;0
12563;2477;136;0;0;0;0;.00nan;0;0
12563;2596;132;0;0;0;0;.00nan;0;0
12565;2309;137;0;0;0;0;.00nan;0;0
12565;2440;127;0;0;0;0;.00nan;0;0
12565;2454;127;69;30;3;27;.900;3556000;0
12565;2538;137;77;31;2;29;.935;3600000;0
12567;2330;126;69;25;2;23;.920;3600000;0
12567;2502;135;58;40;5;35;.875;3600000;0
12567;2510;135;0;0;0;0;.00nan;0;0
12567;2531;126;0;0;0;0;.00nan;0;0
12569;2333;129;100;26;0;26;1.000;3600000;0
12569;2349;129;0;0;0;0;.00nan;0;0
12569;2364;128;72;31;2;29;.935;3582000;0
12569;2559;128;0;0;0;0;.00nan;0;0
12571;2422;133;0;0;0;0;.00nan;0;0
12571;2440;127;38;33;6;27;.818;3600000;0
12571;2454;127;0;0;0;0;.00nan;0;0
12571;2587;133;62;34;4;30;.882;3600000;0
12573;2309;137;96;44;2;42;.955;3600000;0
12573;2353;134;0;0;0;0;.00nan;0;0
12573;2481;134;45;26;4;22;.846;3515000;0
12573;2538;137;0;0;0;0;.00nan;0;0
12575;2378;124;0;0;0;0;.00nan;0;0
12575;2388;136;0;0;0;0;.00nan;0;0
12575;2477;136;94;42;2;40;.952;3622000;0
12575;2635;124;87;26;1;25;.962;3622000;0
12577;2330;126;0;0;0;0;.00nan;0;0
12577;2502;135;0;0;0;0;.00nan;0;0
12577;2510;135;92;29;1;28;.966;3600000;0
12577;2531;126;64;25;2;23;.920;3600000;0
12579;2364;128;0;0;0;0;.00nan;0;0
12579;2417;130;58;24;3;21;.875;3900000;0
12579;2464;130;0;0;0;0;.00nan;0;0
12579;2559;128;94;43;3;40;.930;3900000;0
12581;2333;129;46;25;4;21;.840;3600000;0
12581;2349;129;0;0;0;0;.00nan;0;0
12581;2459;131;0;0;0;0;.00nan;0;0
12581;2476;131;100;43;1;42;.977;3600000;0
12583;2408;132;89;30;1;29;.967;3600000;0
12583;2526;125;42;28;5;23;.821;3600000;0
12583;2596;132;0;0;0;0;.00nan;0;0
12583;2610;125;0;0;0;0;.00nan;0;0
5020;2810;151;0;0;0;0;.00nan;0;0
5020;2953;138;100;33;0;33;1.000;3600000;0
5020;2954;151;89;42;2;40;.952;3580000;0
5020;3040;138;0;0;0;0;.00nan;0;0
5021;2900;140;86;21;0;21;1.000;3600000;0
5021;3110;152;75;36;3;33;.917;3600000;0
5021;3115;152;0;0;0;0;.00nan;0;0
5021;3193;140;0;0;0;0;.00nan;0;0
5022;2797;141;93;33;1;32;.970;3900000;0
5022;2991;149;0;0;0;0;.00nan;0;0
5022;3004;141;0;0;0;0;.00nan;0;0
5022;3014;149;100;55;1;54;.982;3900000;0
5023;2727;147;0;0;0;0;.00nan;0;0
5023;2820;147;90;26;1;25;.962;3600000;0
5023;2891;144;65;22;2;20;.909;3600000;0
5023;3174;144;0;0;0;0;.00nan;0;0
5024;2787;145;70;26;2;24;.923;3600000;0
5024;3060;145;0;0;0;0;.00nan;0;0
5024;3125;153;0;0;0;0;.00nan;0;0
5024;3170;153;58;35;3;32;.914;3593000;0
5025;2731;150;0;0;0;0;.00nan;0;0
5025;2839;139;69;24;2;22;.917;3900000;0
5025;2894;139;0;0;0;0;.00nan;0;0
5025;3057;150;84;39;2;37;.949;3900000;0
5026;2756;143;93;32;1;31;.969;3900000;0
5026;2907;143;0;0;0;0;.00nan;0;0
5026;2915;142;0;0;0;0;.00nan;0;0
5026;2939;142;100;36;1;35;.972;3900000;0
5027;2724;146;92;39;3;36;.923;3513000;0
5027;2873;148;71;20;1;19;.950;3600000;0
5027;2977;148;0;0;0;0;.00nan;0;0
5027;3141;146;0;0;0;0;.00nan;0;0
5028;2797;141;97;38;3;35;.921;3556000;0
5028;2953;138;0;0;0;0;.00nan;0;0
5028;3004;141;0;0;0;0;.00nan;0;0
5028;3040;138;55;18;2;16;.889;3600000;0
5029;2839;139;39;33;6;27;.818;3600000;0
5029;2894;139;0;0;0;0;.00nan;0;0
5029;2900;140;71;22;2;20;.909;3600000;0
5029;3193;140;0;0;0;0;.00nan;0;0
5030;2787;145;0;0;0;0;.00nan;0;0
5030;2915;142;84;24;1;23;.958;3600000;0
5030;2939;142;0;0;0;0;.00nan;0;0
5030;3060;145;89;33;2;31;.939;3571000;0
5031;2756;143;63;12;1;11;.917;3600000;0
5031;2907;143;0;0;0;0;.00nan;0;0
5031;3110;152;31;27;6;21;.778;2707000;0
5031;3115;152;40;24;4;20;.833;893000;0
5032;2727;147;58;31;4;27;.871;3600000;0
5032;2810;151;0;0;0;0;.00nan;0;0
5032;2820;147;0;0;0;0;.00nan;0;0
5032;2954;151;60;14;1;13;.929;3600000;0
5033;2991;149;0;0;0;0;.00nan;0;0
5033;3014;149;96;24;0;24;1.000;3600000;0
5033;3125;153;0;0;0;0;.00nan;0;0
5033;3170;153;65;28;2;26;.929;3556000;0
5034;2839;139;0;0;0;0;.00nan;0;0
5034;2894;139;60;26;2;24;.923;3569000;0
5034;2953;138;0;0;0;0;.00nan;0;0
5034;3040;138;93;33;1;32;.970;3600000;0
5035;2731;150;0;0;0;0;.00nan;0;0
5035;2900;140;0;0;0;0;.00nan;0;0
5035;3057;150;75;25;1;24;.960;3600000;0
5035;3193;140;92;19;0;19;1.000;3600000;0
5036;2797;141;0;0;0;0;.00nan;0;0
5036;3004;141;89;18;0;18;1.000;3600000;0
5036;3125;153;90;50;1;49;.980;3600000;0
5036;3170;153;0;0;0;0;.00nan;0;0
5037;2873;148;0;0;0;0;.00nan;0;0
5037;2891;144;69;42;3;39;.929;3600000;0
5037;2977;148;100;27;0;27;1.000;3600000;0
5037;3174;144;0;0;0;0;.00nan;0;0
5038;2727;147;84;41;4;37;.902;3566000;0
5038;2810;151;49;16;2;14;.875;3600000;0
5038;2820;147;0;0;0;0;.00nan;0;0
5038;2954;151;0;0;0;0;.00nan;0;0
5039;2724;146;53;21;3;18;.857;3560000;0
5039;2991;149;0;0;0;0;.00nan;0;0
5039;3014;149;99;36;1;35;.972;3600000;0
5039;3141;146;0;0;0;0;.00nan;0;0
5040;2839;139;0;0;0;0;.00nan;0;0
5040;2891;144;57;31;4;27;.871;3662000;0
5040;2894;139;72;36;3;33;.917;3662000;0
5040;3174;144;0;0;0;0;.00nan;0;0
12585;2915;142;70;31;2;29;.935;3600000;0
12585;2939;142;0;0;0;0;.00nan;0;0
12585;3110;152;76;42;4;38;.905;3600000;0
12585;3115;152;0;0;0;0;.00nan;0;0
12587;2839;139;0;0;0;0;.00nan;0;0
12587;2891;144;92;40;2;38;.950;3579000;0
12587;2894;139;81;28;1;27;.964;3600000;0
12587;2966;144;0;0;0;0;.00nan;0;0
12589;2797;141;0;0;0;0;.00nan;0;0
12589;3004;141;36;27;5;22;.815;3600000;0
12589;3125;153;0;0;0;0;.00nan;0;0
12589;3170;153;84;37;2;35;.946;3600000;0
12591;2787;145;61;28;3;25;.893;3600000;0
12591;2900;140;64;26;2;24;.923;3600000;0
12591;3060;145;0;0;0;0;.00nan;0;0
12591;3086;140;0;0;0;0;.00nan;0;0
12593;2756;143;63;23;2;21;.913;3600000;0
12593;2856;143;0;0;0;0;.00nan;0;0
12593;3057;150;0;0;0;0;.00nan;0;0
12593;3186;150;70;34;4;30;.882;3517000;0
12595;2820;147;0;0;0;0;.00nan;0;0
12595;2873;148;0;0;0;0;.00nan;0;0
12595;2899;147;45;28;5;23;.821;3600000;0
12595;2977;148;45;29;4;25;.862;3600000;0
12597;2805;149;0;0;0;0;.00nan;0;0
12597;2953;138;71;18;1;17;.944;3600000;0
12597;3014;149;50;33;4;29;.879;3600000;0
12597;3040;138;0;0;0;0;.00nan;0;0
12599;2724;146;0;0;0;0;.00nan;0;0
12599;2810;151;0;0;0;0;.00nan;0;0
12599;2954;151;87;40;2;38;.950;3576000;0
12599;3141;146;76;22;1;21;.955;3600000;0
12601;2915;142;48;39;5;34;.872;3600000;0
12601;2939;142;0;0;0;0;.00nan;0;0
12601;3057;150;67;24;2;22;.917;3600000;0
12601;3186;150;0;0;0;0;.00nan;0;0
12603;2805;149;55;31;4;27;.871;3600000;0
12603;2839;139;0;0;0;0;.00nan;0;0
12603;2894;139;74;30;2;28;.933;3600000;0
12603;3014;149;0;0;0;0;.00nan;0;0
12605;2756;143;73;28;2;26;.929;3900000;0
12605;2856;143;0;0;0;0;.00nan;0;0
12605;3110;152;88;33;2;31;.939;3900000;0
12605;3115;152;0;0;0;0;.00nan;0;0
12607;2820;147;0;0;0;0;.00nan;0;0
12607;2899;147;99;39;1;38;.974;3600000;0
12607;2953;138;0;0;0;0;.00nan;0;0
12607;3040;138;52;27;4;23;.852;3600000;0
12609;2787;145;0;0;0;0;.00nan;0;0
12609;2810;151;0;0;0;0;.00nan;0;0
12609;2954;151;75;25;1;24;.960;3600000;0
12609;3060;145;90;39;2;37;.949;3559000;0
12611;2724;146;0;0;0;0;.00nan;0;0
12611;2891;144;68;39;4;35;.897;3565000;0
12611;3141;146;60;31;3;28;.903;3600000;0
12611;3174;144;0;0;0;0;.00nan;0;0
12613;2873;148;0;0;0;0;.00nan;0;0
12613;2900;140;95;53;2;51;.962;3600000;0
12613;2977;148;85;14;0;14;1.000;3600000;0
12613;3086;140;0;0;0;0;.00nan;0;0
12615;2797;141;0;0;0;0;.00nan;0;0
12615;3004;141;58;31;4;27;.871;3600000;0
12615;3125;153;0;0;0;0;.00nan;0;0
12615;3170;153;53;34;5;29;.853;3573000;0
12617;2873;148;0;0;0;0;.00nan;0;0
12617;2915;142;0;0;0;0;.00nan;0;0
12617;2939;142;91;48;3;45;.938;3600000;0
12617;2977;148;35;19;4;15;.789;3600000;0
12619;2724;146;77;38;3;35;.921;3523000;0
12619;2900;140;0;0;0;0;.00nan;0;0
12619;3086;140;84;26;1;25;.962;3600000;0
12619;3141;146;0;0;0;0;.00nan;0;0
12621;2797;141;53;22;3;19;.864;3697000;0
12621;2810;151;58;17;2;15;.882;3697000;0
12621;2954;151;0;0;0;0;.00nan;0;0
12621;3004;141;0;0;0;0;.00nan;0;0
12623;2839;139;71;15;1;14;.933;3600000;0
12623;2894;139;0;0;0;0;.00nan;0;0
12623;3110;152;0;0;0;0;.00nan;0;0
12623;3115;152;98;45;2;43;.956;3596000;0
12625;2805;149;0;0;0;0;.00nan;0;0
12625;2953;138;76;24;2;22;.917;3900000;0
12625;3014;149;84;38;2;36;.947;3900000;0
12625;3040;138;0;0;0;0;.00nan;0;0
12627;2787;145;91;17;0;17;1.000;3600000;0
12627;2820;147;91;45;3;42;.933;3600000;0
12627;2899;147;0;0;0;0;.00nan;0;0
12627;3060;145;0;0;0;0;.00nan;0;0
12629;3057;150;0;0;0;0;.00nan;0;0
12629;3125;153;78;22;1;21;.955;3600000;0
12629;3170;153;0;0;0;0;.00nan;0;0
12629;3186;150;63;32;3;29;.906;3513000;0
12631;2756;143;0;0;0;0;.00nan;0;0
12631;2856;143;83;43;3;40;.930;3600000;0
12631;2891;144;0;0;0;0;.00nan;0;0
12631;3174;144;52;29;4;25;.862;3600000;0
12633;2787;145;60;35;4;31;.886;3600000;0
12633;2820;147;0;0;0;0;.00nan;0;0
12633;2899;147;93;34;1;33;.971;3600000;0
12633;3060;145;0;0;0;0;.00nan;0;0
12635;2797;141;0;0;0;0;.00nan;0;0
12635;3004;141;75;32;2;30;.938;3600000;0
12635;3057;150;55;20;3;17;.850;3569000;0
12635;3186;150;0;0;0;0;.00nan;0;0
12637;2805;149;0;0;0;0;.00nan;0;0
12637;2891;144;72;34;2;32;.941;3600000;0
12637;3014;149;67;18;1;17;.944;3600000;0
12637;3174;144;0;0;0;0;.00nan;0;0
12639;2839;139;68;6;0;6;1.000;241000;0
12639;2894;139;45;39;6;33;.846;3359000;0
12639;2953;138;0;0;0;0;.00nan;0;0
12639;3040;138;63;24;2;22;.917;3600000;0
12641;2900;140;76;27;2;25;.926;3600000;0
12641;2915;142;95;42;3;39;.929;3550000;0
12641;2939;142;0;0;0;0;.00nan;0;0
12641;3086;140;0;0;0;0;.00nan;0;0
12643;2873;148;59;21;2;19;.905;3600000;0
12643;2977;148;0;0;0;0;.00nan;0;0
12643;3125;153;0;0;0;0;.00nan;0;0
12643;3170;153;67;44;5;39;.886;3600000;0
12645;2724;146;31;9;3;6;.667;1260000;0
12645;2756;143;65;31;3;28;.903;3600000;0
12645;2856;143;0;0;0;0;.00nan;0;0
12645;3141;146;52;34;5;29;.853;2340000;0
12647;2810;151;0;0;0;0;.00nan;0;0
12647;2954;151;64;17;1;16;.941;3600000;0
12647;3110;152;60;29;3;26;.897;3539000;0
12647;3115;152;0;0;0;0;.00nan;0;0
12649;2873;148;0;0;0;0;.00nan;0;0
12649;2900;140;0;0;0;0;.00nan;0;0
12649;2977;148;83;37;2;35;.946;3600000;0
12649;3086;140;54;25;3;22;.880;3600000;0
12651;2805;149;44;23;3;20;.870;3600000;0
12651;2915;142;40;2;1;1;.500;621000;0
12651;2939;142;7;23;7;16;.696;2979000;0
12651;3014;149;0;0;0;0;.00nan;0;0
12653;2891;144;0;0;0;0;.00nan;0;0
12653;3110;152;0;0;0;0;.00nan;0;0
12653;3115;152;100;23;0;23;1.000;3600000;0
12653;3174;144;80;34;2;32;.941;3526000;0
12655;2756;143;0;0;0;0;.00nan;0;0
12655;2856;143;39;30;5;25;.833;3562000;0
12655;3125;153;62;29;3;26;.897;3600000;0
12655;3170;153;0;0;0;0;.00nan;0;0
12657;2787;145;0;0;0;0;.00nan;0;0
12657;2953;138;52;25;3;22;.880;3545000;0
12657;3040;138;0;0;0;0;.00nan;0;0
12657;3060;145;72;29;2;27;.931;3600000;0
12659;2727;147;100;33;0;33;1.000;3600000;0
12659;2810;151;52;21;3;18;.857;3600000;0
12659;2899;147;0;0;0;0;.00nan;0;0
12659;2954;151;0;0;0;0;.00nan;0;0
12661;2724;146;0;0;0;0;.00nan;0;0
12661;2839;139;59;44;6;38;.864;3600000;0
12661;2894;139;0;0;0;0;.00nan;0;0
12661;3141;146;86;15;0;15;1.000;3600000;0
12663;2797;141;71;33;3;30;.909;3600000;0
12663;3004;141;0;0;0;0;.00nan;0;0
12663;3057;150;0;0;0;0;.00nan;0;0
12663;3186;150;56;33;5;28;.848;3596000;0
12665;2873;148;0;0;0;0;.00nan;0;0
12665;2900;140;51;32;3;29;.906;3577000;0
12665;2977;148;67;15;1;14;.933;3600000;0
12665;3086;140;0;0;0;0;.00nan;0;0
12667;2724;146;0;0;0;0;.00nan;0;0
12667;2810;151;0;0;0;0;.00nan;0;0
12667;2954;151;57;35;4;31;.886;3600000;0
12667;3141;146;87;26;1;25;.962;3600000;0
12669;3110;152;0;0;0;0;.00nan;0;0
12669;3115;152;97;40;1;39;.975;3600000;0
12669;3125;153;0;0;0;0;.00nan;0;0
12669;3170;153;61;32;3;29;.906;3550000;0
12671;2839;139;0;0;0;0;.00nan;0;0
12671;2894;139;47;29;4;25;.862;3580000;0
12671;3057;150;82;34;2;32;.941;3600000;0
12671;3186;150;0;0;0;0;.00nan;0;0
12673;2797;141;0;0;0;0;.00nan;0;0
12673;2915;142;89;38;2;36;.947;3600000;0
12673;2939;142;0;0;0;0;.00nan;0;0
12673;3004;141;49;27;4;23;.852;3600000;0
12675;2727;147;41;31;6;25;.806;3002000;0
12675;2899;147;51;2;0;2;1.000;598000;0
12675;2953;138;76;37;3;34;.919;3600000;0
12675;3040;138;0;0;0;0;.00nan;0;0
12677;2787;145;87;17;0;17;1.000;3600000;0
12677;2805;149;0;0;0;0;.00nan;0;0
12677;3014;149;57;27;4;23;.852;3600000;0
12677;3060;145;0;0;0;0;.00nan;0;0
12679;2756;143;82;37;3;34;.919;3581000;0
12679;2856;143;0;0;0;0;.00nan;0;0
12679;2891;144;75;33;2;31;.939;3600000;0
12679;3174;144;0;0;0;0;.00nan;0;0
12681;2797;141;18;22;6;16;.727;2521000;0
12681;2900;140;0;0;0;0;.00nan;0;0
12681;3004;141;46;12;2;10;.833;1079000;0
12681;3086;140;67;24;2;22;.917;3600000;0
12683;2727;147;50;1;0;1;1.000;292000;0
12683;2899;147;46;40;6;34;.850;3279000;0
12683;2953;138;0;0;0;0;.00nan;0;0
12683;3040;138;34;25;5;20;.800;3600000;0
12685;2787;145;70;27;1;26;.963;3600000;0
12685;2805;149;55;35;5;30;.857;3600000;0
12685;3014;149;0;0;0;0;.00nan;0;0
12685;3060;145;0;0;0;0;.00nan;0;0
12687;3057;150;0;0;0;0;.00nan;0;0
12687;3125;153;84;29;1;28;.966;3894000;0
12687;3170;153;0;0;0;0;.00nan;0;0
12687;3186;150;79;29;2;27;.931;3894000;0
12689;2839;139;54;18;3;15;.833;3600000;0
12689;2894;139;0;0;0;0;.00nan;0;0
12689;3110;152;61;31;4;27;.871;3575000;0
12689;3115;152;0;0;0;0;.00nan;0;0
12691;2810;151;57;35;5;30;.857;3600000;0
12691;2915;142;0;0;0;0;.00nan;0;0
12691;2939;142;69;25;2;23;.920;3600000;0
12691;2954;151;0;0;0;0;.00nan;0;0
12693;2756;143;0;0;0;0;.00nan;0;0
12693;2856;143;63;26;3;23;.885;3600000;0
12693;2873;148;49;27;4;23;.852;3565000;0
12693;2977;148;0;0;0;0;.00nan;0;0
12695;2724;146;90;20;0;20;1.000;3600000;0
12695;2891;144;0;0;0;0;.00nan;0;0
12695;3141;146;0;0;0;0;.00nan;0;0
12695;3174;144;56;29;3;26;.897;3600000;0
5500;3227;157;61;34;4;30;.882;3579000;0
5500;3248;161;0;0;0;0;.00nan;0;0
5500;3282;161;77;37;2;35;.946;3600000;0
5500;3494;157;0;0;0;0;.00nan;0;0
5501;3239;158;0;0;0;0;.00nan;0;0
5501;3396;158;74;21;1;20;.952;3900000;0
5501;3479;167;0;0;0;0;.00nan;0;0
5501;3560;167;84;32;1;31;.969;3900000;0
5502;3308;162;61;39;4;35;.897;3586000;0
5502;3366;162;0;0;0;0;.00nan;0;0
5502;3397;164;0;0;0;0;.00nan;0;0
5502;3437;164;64;32;3;29;.906;3600000;0
5503;3278;159;64;28;3;25;.893;3600000;0
5503;3309;160;0;0;0;0;.00nan;0;0
5503;3482;160;32;37;7;30;.811;3600000;0
5503;3558;159;0;0;0;0;.00nan;0;0
5504;3287;155;0;0;0;0;.00nan;0;0
5504;3312;155;63;39;5;34;.872;3600000;0
5504;3320;163;0;0;0;0;.00nan;0;0
5504;3410;163;75;32;2;30;.938;3600000;0
5505;3203;156;44;31;5;26;.839;3600000;0
5505;3249;156;0;0;0;0;.00nan;0;0
5505;3298;166;0;0;0;0;.00nan;0;0
5505;3350;166;71;20;1;19;.950;3600000;0
5506;3200;154;74;46;4;42;.913;3558000;0
5506;3301;165;63;29;3;26;.897;3600000;0
5506;3424;154;0;0;0;0;.00nan;0;0
5506;3548;165;0;0;0;0;.00nan;0;0
5507;3200;154;84;37;2;35;.946;3547000;0
5507;3239;158;74;22;1;21;.955;3600000;0
5507;3396;158;0;0;0;0;.00nan;0;0
5507;3424;154;0;0;0;0;.00nan;0;0
5508;3227;157;0;0;0;0;.00nan;0;0
5508;3397;164;61;30;4;26;.867;3600000;0
5508;3437;164;0;0;0;0;.00nan;0;0
5508;3494;157;76;27;1;26;.963;3600000;0
5509;3278;159;93;46;2;44;.957;3552000;0
5509;3479;167;100;27;0;27;1.000;3600000;0
5509;3558;159;0;0;0;0;.00nan;0;0
5509;3560;167;0;0;0;0;.00nan;0;0
5510;3248;161;0;0;0;0;.00nan;0;0
5510;3282;161;82;33;2;31;.939;3588000;0
5510;3308;162;0;0;0;0;.00nan;0;0
5510;3366;162;96;31;1;30;.968;3600000;0
5511;3287;155;100;37;0;37;1.000;3600000;0
5511;3309;160;0;0;0;0;.00nan;0;0
5511;3312;155;0;0;0;0;.00nan;0;0
5511;3482;160;92;42;2;40;.952;3514000;0
5512;3203;156;0;0;0;0;.00nan;0;0
5512;3249;156;82;26;1;25;.962;3600000;0
5512;3320;163;0;0;0;0;.00nan;0;0
5512;3410;163;82;28;2;26;.929;3600000;0
5513;3298;166;0;0;0;0;.00nan;0;0
5513;3301;165;60;17;2;15;.882;3551000;0
5513;3350;166;99;37;1;36;.973;3600000;0
5513;3548;165;0;0;0;0;.00nan;0;0
5514;3200;154;65;37;4;33;.892;3552000;0
5514;3278;159;0;0;0;0;.00nan;0;0
5514;3424;154;0;0;0;0;.00nan;0;0
5514;3558;159;58;27;3;24;.889;3600000;0
5515;3227;157;0;0;0;0;.00nan;0;0
5515;3479;167;86;28;2;26;.929;3600000;0
5515;3494;157;74;38;3;35;.921;3600000;0
5515;3560;167;0;0;0;0;.00nan;0;0
5516;3287;155;39;20;4;16;.800;3568000;0
5516;3312;155;0;0;0;0;.00nan;0;0
5516;3397;164;0;0;0;0;.00nan;0;0
5516;3437;164;55;34;3;31;.912;3600000;0
5517;3308;162;0;0;0;0;.00nan;0;0
5517;3320;163;58;24;3;21;.875;3525000;0
5517;3366;162;86;26;1;25;.962;3600000;0
5517;3410;163;0;0;0;0;.00nan;0;0
5518;3301;165;0;0;0;0;.00nan;0;0
5518;3309;160;90;38;2;36;.947;3600000;0
5518;3482;160;0;0;0;0;.00nan;0;0
5518;3548;165;59;32;4;28;.875;3575000;0
5519;3203;156;0;0;0;0;.00nan;0;0
5519;3248;161;56;26;3;23;.885;3900000;0
5519;3249;156;79;38;3;35;.921;3900000;0
5519;3282;161;0;0;0;0;.00nan;0;0
5520;3239;158;85;30;3;27;.900;3900000;0
5520;3298;166;0;0;0;0;.00nan;0;0
5520;3350;166;89;32;3;29;.906;3900000;0
5520;3396;158;0;0;0;0;.00nan;0;0
5521;3200;154;67;37;4;33;.892;3600000;0
5521;3309;160;0;0;0;0;.00nan;0;0
5521;3424;154;0;0;0;0;.00nan;0;0
5521;3482;160;100;30;0;30;1.000;3600000;0
5522;3227;157;0;0;0;0;.00nan;0;0
5522;3320;163;0;0;0;0;.00nan;0;0
5522;3410;163;73;30;3;27;.900;3600000;0
5522;3494;157;41;30;5;25;.833;3583000;0
5523;3203;156;0;0;0;0;.00nan;0;0
5523;3249;156;99;43;2;41;.953;3600000;0
5523;3479;167;61;29;3;26;.897;3549000;0
5523;3560;167;0;0;0;0;.00nan;0;0
5524;3298;166;73;36;3;33;.917;3574000;0
5524;3308;162;0;0;0;0;.00nan;0;0
5524;3350;166;0;0;0;0;.00nan;0;0
5524;3366;162;46;12;2;10;.833;3600000;0
5525;3239;158;74;30;1;29;.967;3600000;0
5525;3248;161;0;0;0;0;.00nan;0;0
5525;3282;161;52;39;5;34;.872;3600000;0
5525;3396;158;0;0;0;0;.00nan;0;0
5526;3278;159;100;30;0;30;1.000;3600000;0
5526;3287;155;69;26;2;24;.923;3570000;0
5526;3312;155;0;0;0;0;.00nan;0;0
5526;3558;159;0;0;0;0;.00nan;0;0
5527;3301;165;80;26;1;25;.962;3600000;0
5527;3397;164;0;0;0;0;.00nan;0;0
5527;3437;164;88;34;2;32;.941;3572000;0
5527;3548;165;0;0;0;0;.00nan;0;0
12697;3200;154;0;0;0;0;.00nan;0;0
12697;3239;158;85;27;1;26;.963;3600000;0
12697;3424;154;72;33;2;31;.939;3575000;0
12697;3478;158;0;0;0;0;.00nan;0;0
12699;3227;157;0;0;0;0;.00nan;0;0
12699;3278;159;75;34;2;32;.941;3600000;0
12699;3494;157;71;33;3;30;.909;3587000;0
12699;3558;159;0;0;0;0;.00nan;0;0
12701;3203;156;47;8;1;7;.875;649000;0
12701;3249;156;52;36;6;30;.833;2951000;0
12701;3479;167;0;0;0;0;.00nan;0;0
12701;3560;167;94;21;0;21;1.000;3600000;0
12703;3287;155;63;16;2;14;.875;3600000;0
12703;3308;162;59;31;4;27;.871;3600000;0
12703;3312;155;0;0;0;0;.00nan;0;0
12703;3366;162;0;0;0;0;.00nan;0;0
12705;3298;166;0;0;0;0;.00nan;0;0
12705;3309;160;0;0;0;0;.00nan;0;0
12705;3350;166;59;43;5;38;.884;3600000;0
12705;3482;160;81;16;0;16;1.000;3600000;0
12707;3301;165;68;16;1;15;.938;3600000;0
12707;3397;164;0;0;0;0;.00nan;0;0
12707;3437;164;76;35;2;33;.943;3568000;0
12707;3548;165;0;0;0;0;.00nan;0;0
12709;3248;161;52;34;5;29;.853;3579000;0
12709;3282;161;0;0;0;0;.00nan;0;0
12709;3320;163;0;0;0;0;.00nan;0;0
12709;3410;163;66;25;2;23;.920;3600000;0
12711;3200;154;92;50;3;47;.940;3900000;0
12711;3248;161;0;0;0;0;.00nan;0;0
12711;3282;161;61;27;3;24;.889;3900000;0
12711;3424;154;0;0;0;0;.00nan;0;0
12713;3203;156;0;0;0;0;.00nan;0;0
12713;3249;156;54;20;3;17;.850;3600000;0
12713;3278;159;0;0;0;0;.00nan;0;0
12713;3558;159;60;40;5;35;.875;3586000;0
12715;3298;166;62;23;2;21;.913;3600000;0
12715;3350;166;0;0;0;0;.00nan;0;0
12715;3397;164;72;37;4;33;.892;3556000;0
12715;3437;164;0;0;0;0;.00nan;0;0
12717;3308;162;0;0;0;0;.00nan;0;0
12717;3320;163;0;0;0;0;.00nan;0;0
12717;3366;162;88;25;1;24;.960;3600000;0
12717;3410;163;76;32;2;30;.938;3560000;0
12719;3227;157;90;33;1;32;.970;3600000;0
12719;3287;155;52;15;2;13;.867;3559000;0
12719;3312;155;0;0;0;0;.00nan;0;0
12719;3494;157;0;0;0;0;.00nan;0;0
12721;3239;158;72;25;2;23;.920;3600000;0
12721;3301;165;69;37;3;34;.919;3600000;0
12721;3478;158;0;0;0;0;.00nan;0;0
12721;3548;165;0;0;0;0;.00nan;0;0
12723;3309;160;0;0;0;0;.00nan;0;0
12723;3479;167;0;0;0;0;.00nan;0;0
12723;3482;160;37;23;5;18;.783;3803000;0
12723;3560;167;64;37;4;33;.892;3803000;0
12725;3298;166;0;0;0;0;.00nan;0;0
12725;3320;163;37;21;4;17;.810;3600000;0
12725;3350;166;100;33;1;32;.970;3600000;0
12725;3410;163;0;0;0;0;.00nan;0;0
12727;3287;155;0;0;0;0;.00nan;0;0
12727;3312;155;89;42;3;39;.929;3600000;0
12727;3397;164;0;0;0;0;.00nan;0;0
12727;3437;164;55;36;4;32;.889;3575000;0
12729;3200;154;0;0;0;0;.00nan;0;0
12729;3424;154;100;41;1;40;.976;3600000;0
12729;3479;167;52;29;4;25;.862;3600000;0
12729;3560;167;0;0;0;0;.00nan;0;0
12731;3227;157;0;0;0;0;.00nan;0;0
12731;3301;165;0;0;0;0;.00nan;0;0
12731;3494;157;77;46;4;42;.913;3600000;0
12731;3548;165;81;13;0;13;1.000;3600000;0
12733;3239;158;0;0;0;0;.00nan;0;0
12733;3278;159;95;32;1;31;.969;3600000;0
12733;3478;158;69;29;2;27;.931;3568000;0
12733;3558;159;0;0;0;0;.00nan;0;0
12735;3248;161;76;39;4;35;.897;3900000;0
12735;3282;161;0;0;0;0;.00nan;0;0
12735;3308;162;45;24;4;20;.833;3900000;0
12735;3366;162;0;0;0;0;.00nan;0;0
12737;3203;156;49;39;6;33;.846;3588000;0
12737;3249;156;0;0;0;0;.00nan;0;0
12737;3309;160;52;27;4;23;.852;3600000;0
12737;3482;160;0;0;0;0;.00nan;0;0
12739;3301;165;0;0;0;0;.00nan;0;0
12739;3397;164;0;0;0;0;.00nan;0;0
12739;3437;164;77;26;1;25;.962;3584000;0
12739;3548;165;77;14;0;14;1.000;3600000;0
12741;3227;157;81;40;4;36;.900;3600000;0
12741;3248;161;0;0;0;0;.00nan;0;0
12741;3282;161;79;25;1;24;.960;3600000;0
12741;3494;157;0;0;0;0;.00nan;0;0
12743;3200;154;84;43;4;39;.907;3900000;0
12743;3309;160;0;0;0;0;.00nan;0;0
12743;3424;154;0;0;0;0;.00nan;0;0
12743;3482;160;58;31;4;27;.871;3900000;0
12745;3203;156;0;0;0;0;.00nan;0;0
12745;3249;156;54;28;3;25;.893;3900000;0
12745;3278;159;86;45;3;42;.933;3900000;0
12745;3558;159;0;0;0;0;.00nan;0;0
12747;3239;158;76;46;4;42;.913;3540000;0
12747;3298;166;0;0;0;0;.00nan;0;0
12747;3350;166;80;29;2;27;.931;3600000;0
12747;3478;158;0;0;0;0;.00nan;0;0
12749;3308;162;0;0;0;0;.00nan;0;0
12749;3366;162;100;31;0;31;1.000;3600000;0
12749;3479;167;0;0;0;0;.00nan;0;0
12749;3560;167;76;33;2;31;.939;3589000;0
12751;3287;155;73;14;1;13;.929;3900000;0
12751;3312;155;0;0;0;0;.00nan;0;0
12751;3320;163;0;0;0;0;.00nan;0;0
12751;3410;163;98;40;1;39;.975;3900000;0
12753;3227;157;0;0;0;0;.00nan;0;0
12753;3309;160;58;36;4;32;.889;3810000;0
12753;3482;160;0;0;0;0;.00nan;0;0
12753;3494;157;74;37;3;34;.919;3810000;0
12755;3239;158;0;0;0;0;.00nan;0;0
12755;3320;163;33;32;6;26;.813;2530000;0
12755;3410;163;63;8;0;8;1.000;1070000;0
12755;3478;158;68;28;3;25;.893;3600000;0
12757;3278;159;0;0;0;0;.00nan;0;0
12757;3308;162;0;0;0;0;.00nan;0;0
12757;3366;162;55;35;5;30;.857;3600000;0
12757;3558;159;30;29;6;23;.793;3575000;0
12759;3298;166;28;29;6;23;.793;3600000;0
12759;3350;166;0;0;0;0;.00nan;0;0
12759;3479;167;68;18;1;17;.944;3600000;0
12759;3560;167;0;0;0;0;.00nan;0;0
12761;3200;154;0;0;0;0;.00nan;0;0
12761;3248;161;73;20;1;19;.950;3600000;0
12761;3282;161;0;0;0;0;.00nan;0;0
12761;3424;154;72;37;3;34;.919;3600000;0
12763;3203;156;100;35;0;35;1.000;3600000;0
12763;3249;156;0;0;0;0;.00nan;0;0
12763;3397;164;86;28;1;27;.964;3546000;0
12763;3437;164;0;0;0;0;.00nan;0;0
12765;3287;155;0;0;0;0;.00nan;0;0
12765;3301;165;0;0;0;0;.00nan;0;0
12765;3312;155;90;37;2;35;.946;3600000;0
12765;3548;165;48;18;3;15;.833;3600000;0
12767;3200;154;78;34;3;31;.912;3600000;0
12767;3309;160;0;0;0;0;.00nan;0;0
12767;3424;154;0;0;0;0;.00nan;0;0
12767;3482;160;100;24;0;24;1.000;3600000;0
12769;3239;158;63;20;2;18;.900;3600000;0
12769;3287;155;84;43;3;40;.930;3600000;0
12769;3312;155;0;0;0;0;.00nan;0;0
12769;3478;158;0;0;0;0;.00nan;0;0
12771;3278;159;82;43;3;40;.930;3532000;0
12771;3301;165;63;15;1;14;.933;3600000;0
12771;3548;165;0;0;0;0;.00nan;0;0
12771;3558;159;0;0;0;0;.00nan;0;0
12773;3227;157;69;33;4;29;.879;3600000;0
12773;3308;162;66;24;2;22;.917;3600000;0
12773;3366;162;0;0;0;0;.00nan;0;0
12773;3494;157;0;0;0;0;.00nan;0;0
12775;3248;161;73;27;2;25;.926;3600000;0
12775;3282;161;0;0;0;0;.00nan;0;0
12775;3479;167;0;0;0;0;.00nan;0;0
12775;3560;167;55;26;3;23;.885;3579000;0
12777;3203;156;89;33;2;31;.939;3600000;0
12777;3249;156;0;0;0;0;.00nan;0;0
12777;3320;163;89;39;3;36;.923;3595000;0
12777;3410;163;0;0;0;0;.00nan;0;0
12779;3298;166;0;0;0;0;.00nan;0;0
12779;3350;166;76;35;3;32;.914;3900000;0
12779;3397;164;92;49;3;46;.939;3900000;0
12779;3437;164;0;0;0;0;.00nan;0;0
12781;3227;157;0;0;0;0;.00nan;0;0
12781;3309;160;0;0;0;0;.00nan;0;0
12781;3482;160;53;26;4;22;.846;3531000;0
12781;3494;157;96;40;2;38;.950;3600000;0
12783;3203;156;0;0;0;0;.00nan;0;0
12783;3249;156;67;22;2;20;.909;3600000;0
12783;3287;155;0;0;0;0;.00nan;0;0
12783;3312;155;62;36;4;32;.889;3564000;0
12785;3248;161;0;0;0;0;.00nan;0;0
12785;3282;161;57;24;3;21;.875;3542000;0
12785;3479;167;90;39;2;37;.949;3600000;0
12785;3560;167;0;0;0;0;.00nan;0;0
12787;3278;159;0;0;0;0;.00nan;0;0
12787;3320;163;0;0;0;0;.00nan;0;0
12787;3410;163;65;21;2;19;.905;3562000;0
12787;3558;159;77;27;1;26;.963;3600000;0
12789;3200;154;0;0;0;0;.00nan;0;0
12789;3308;162;0;0;0;0;.00nan;0;0
12789;3366;162;79;23;1;22;.957;3600000;0
12789;3424;154;60;29;3;26;.897;3516000;0
12791;3239;158;0;0;0;0;.00nan;0;0
12791;3301;165;0;0;0;0;.00nan;0;0
12791;3478;158;71;35;3;32;.914;3600000;0
12791;3548;165;45;19;4;15;.789;3600000;0
12793;3298;166;81;31;3;28;.903;3900000;0
12793;3350;166;0;0;0;0;.00nan;0;0
12793;3397;164;0;0;0;0;.00nan;0;0
12793;3437;164;86;42;3;39;.929;3900000;0
13043;5731;241;86;40;3;37;.925;3600000;0
13043;5743;248;36;19;4;15;.789;3563000;0
13043;5800;241;0;0;0;0;.00nan;0;0
13043;6142;248;0;0;0;0;.00nan;0;0
13045;5777;250;73;38;3;35;.921;3900000;0
13045;5833;231;0;0;0;0;.00nan;0;0
13045;5846;231;52;25;3;22;.880;3900000;0
13045;6141;250;0;0;0;0;.00nan;0;0
13047;5718;234;66;24;2;22;.917;3600000;0
13047;5939;242;0;0;0;0;.00nan;0;0
13047;5996;234;0;0;0;0;.00nan;0;0
13047;6119;242;66;32;3;29;.906;3568000;0
13049;5889;244;62;39;4;35;.897;3600000;0
13049;6105;232;0;0;0;0;.00nan;0;0
13049;6150;244;0;0;0;0;.00nan;0;0
13049;11554;232;61;19;1;18;.947;3600000;0
13051;5766;240;0;0;0;0;.00nan;0;0
13051;5815;237;58;42;5;37;.881;3554000;0
13051;6004;240;55;25;4;21;.840;3600000;0
13051;6181;237;0;0;0;0;.00nan;0;0
13053;5727;233;0;0;0;0;.00nan;0;0
13053;5971;243;35;26;5;21;.808;3519000;0
13053;6085;243;0;0;0;0;.00nan;0;0
13053;6110;233;69;27;3;24;.889;3600000;0
13055;5805;245;74;45;4;41;.911;3600000;0
13055;5937;245;0;0;0;0;.00nan;0;0
13055;6018;247;0;0;0;0;.00nan;0;0
13055;6174;247;100;33;0;33;1.000;3600000;0
13057;5808;235;0;0;0;0;.00nan;0;0
13057;5848;249;67;26;2;24;.923;3600000;0
13057;6007;235;68;25;3;22;.880;3559000;0
13057;6128;249;0;0;0;0;.00nan;0;0
13059;5780;246;64;23;3;20;.870;3552000;0
13059;5820;236;94;41;2;39;.951;3600000;0
13059;6139;236;0;0;0;0;.00nan;0;0
13059;6233;246;0;0;0;0;.00nan;0;0
13061;5760;239;30;28;6;22;.786;3600000;0
13061;5762;238;62;29;4;25;.862;3600000;0
13061;6044;239;0;0;0;0;.00nan;0;0
13061;6152;238;0;0;0;0;.00nan;0;0
13063;5780;246;0;0;0;0;.00nan;0;0
13063;5889;244;0;0;0;0;.00nan;0;0
13063;6150;244;64;39;4;35;.897;3900000;0
13063;6233;246;54;30;4;26;.867;3900000;0
13065;5718;234;0;0;0;0;.00nan;0;0
13065;5808;235;49;35;5;30;.857;3600000;0
13065;5996;234;29;28;6;22;.786;3574000;0
13065;6007;235;0;0;0;0;.00nan;0;0
13067;5731;241;0;0;0;0;.00nan;0;0
13067;5800;241;83;44;3;41;.932;3894000;0
13067;6018;247;0;0;0;0;.00nan;0;0
13067;6174;247;52;24;4;20;.833;3894000;0
13069;5727;233;53;25;3;22;.880;3600000;0
13069;5939;242;30;14;4;10;.714;841000;0
13069;6110;233;0;0;0;0;.00nan;0;0
13069;6119;242;75;29;1;28;.966;2672000;0
13071;5743;248;0;0;0;0;.00nan;0;0
13071;5848;249;0;0;0;0;.00nan;0;0
13071;6128;249;44;24;4;20;.833;3582000;0
13071;6142;248;89;39;2;37;.949;3600000;0
13073;5805;245;0;0;0;0;.00nan;0;0
13073;5815;237;0;0;0;0;.00nan;0;0
13073;5937;245;58;20;2;18;.900;3600000;0
13073;6181;237;78;27;1;26;.963;3600000;0
13075;5760;239;0;0;0;0;.00nan;0;0
13075;5777;250;54;21;3;18;.857;1860000;0
13075;6044;239;40;26;5;21;.808;3600000;0
13075;6141;250;55;32;5;27;.844;1740000;0
13077;5766;240;26;11;4;7;.636;2267000;0
13077;5820;236;0;0;0;0;.00nan;0;0
13077;6004;240;50;15;2;13;.867;1294000;0
13077;6139;236;50;37;5;32;.865;3600000;0
13079;5971;243;0;0;0;0;.00nan;0;0
13079;6085;243;66;25;2;23;.920;3600000;0
13079;6105;232;71;35;4;31;.886;3588000;0
13079;11554;232;0;0;0;0;.00nan;0;0
13081;5762;238;0;0;0;0;.00nan;0;0
13081;5833;231;33;16;4;12;.750;2030000;0
13081;5846;231;69;17;1;16;.941;1870000;0
13081;6152;238;69;46;5;41;.891;3900000;0
13083;5718;234;61;23;2;21;.913;3600000;0
13083;5762;238;33;35;7;28;.800;3600000;0
13083;5996;234;0;0;0;0;.00nan;0;0
13083;6152;238;0;0;0;0;.00nan;0;0
13085;5889;244;34;21;5;16;.762;3558000;0
13085;6105;232;0;0;0;0;.00nan;0;0
13085;6150;244;0;0;0;0;.00nan;0;0
13085;11554;232;54;24;3;21;.875;3600000;0
13087;5805;245;79;24;1;23;.958;3900000;0
13087;5820;236;98;39;1;38;.974;3900000;0
13087;5937;245;0;0;0;0;.00nan;0;0
13087;6139;236;0;0;0;0;.00nan;0;0
13089;5815;237;51;31;4;27;.871;3575000;0
13089;5848;249;54;15;2;13;.867;3600000;0
13089;6128;249;0;0;0;0;.00nan;0;0
13089;6181;237;0;0;0;0;.00nan;0;0
13091;5731;241;67;40;4;36;.900;3646000;0
13091;5800;241;0;0;0;0;.00nan;0;0
13091;5939;242;38;23;5;18;.783;3646000;0
13091;6119;242;0;0;0;0;.00nan;0;0
13093;5766;240;0;0;0;0;.00nan;0;0
13093;6004;240;54;27;4;23;.852;3900000;0
13093;6018;247;62;40;4;36;.900;3900000;0
13093;6174;247;0;0;0;0;.00nan;0;0
13095;5743;248;53;31;3;28;.903;3900000;0
13095;5760;239;77;36;3;33;.917;3900000;0
13095;6044;239;0;0;0;0;.00nan;0;0
13095;6142;248;0;0;0;0;.00nan;0;0
13097;5780;246;38;40;6;34;.850;3600000;0
13097;5833;231;0;0;0;0;.00nan;0;0
13097;5846;231;66;24;2;22;.917;3600000;0
13097;6233;246;0;0;0;0;.00nan;0;0
13099;5777;250;84;36;3;33;.917;3600000;0
13099;5808;235;0;0;0;0;.00nan;0;0
13099;6007;235;47;41;6;35;.854;3600000;0
13099;6141;250;0;0;0;0;.00nan;0;0
13101;5727;233;0;0;0;0;.00nan;0;0
13101;5971;243;66;33;4;29;.879;3900000;0
13101;6085;243;0;0;0;0;.00nan;0;0
13101;6110;233;47;26;4;22;.846;3900000;0
13103;5780;246;0;0;0;0;.00nan;0;0
13103;5848;249;0;0;0;0;.00nan;0;0
13103;6128;249;75;35;3;32;.914;3900000;0
13103;6233;246;54;24;3;21;.875;3900000;0
13105;5971;243;0;0;0;0;.00nan;0;0
13105;6085;243;67;24;2;22;.917;3600000;0
13105;6105;232;47;18;3;15;.833;3600000;0
13105;11554;232;0;0;0;0;.00nan;0;0
13107;5808;235;66;24;2;22;.917;3600000;0
13107;5889;244;41;3;1;2;.667;275000;0
13107;6007;235;0;0;0;0;.00nan;0;0
13107;6150;244;39;36;6;30;.833;3325000;0
13109;5777;250;0;0;0;0;.00nan;0;0
13109;5815;237;0;0;0;0;.00nan;0;0
13109;6141;250;100;35;0;35;1.000;3600000;0
13109;6181;237;50;24;3;21;.875;3600000;0
13111;5805;245;0;0;0;0;.00nan;0;0
13111;5820;236;0;0;0;0;.00nan;0;0
13111;5937;245;50;30;4;26;.867;3600000;0
13111;6139;236;86;35;2;33;.943;3600000;0
13113;5718;234;0;0;0;0;.00nan;0;0
13113;5762;238;0;0;0;0;.00nan;0;0
13113;5996;234;38;21;4;17;.810;3600000;0
13113;6152;238;47;37;5;32;.865;3600000;0
13115;5743;248;0;0;0;0;.00nan;0;0
13115;6018;247;0;0;0;0;.00nan;0;0
13115;6142;248;69;30;2;28;.933;3600000;0
13115;6174;247;41;29;5;24;.828;3600000;0
13117;5760;239;0;0;0;0;.00nan;0;0
13117;5833;231;48;23;4;19;.826;3600000;0
13117;5846;231;0;0;0;0;.00nan;0;0
13117;6044;239;55;47;6;41;.872;3572000;0
13119;5727;233;67;18;1;17;.944;3600000;0
13119;5731;241;0;0;0;0;.00nan;0;0
13119;5800;241;75;39;4;35;.897;3600000;0
13119;6110;233;0;0;0;0;.00nan;0;0
13121;5766;240;45;22;3;19;.864;3551000;0
13121;5939;242;0;0;0;0;.00nan;0;0
13121;6004;240;0;0;0;0;.00nan;0;0
13121;6119;242;75;26;1;25;.962;3600000;0
13123;5848;249;68;35;3;32;.914;3569000;0
13123;5889;244;0;0;0;0;.00nan;0;0
13123;6128;249;0;0;0;0;.00nan;0;0
13123;9516;244;55;19;2;17;.895;3600000;0
13125;5780;246;91;26;1;25;.962;3600000;0
13125;6004;240;0;0;0;0;.00nan;0;0
13125;6233;246;0;0;0;0;.00nan;0;0
13125;9234;240;76;29;2;27;.931;3567000;0
13127;5718;234;79;37;2;35;.946;3545000;0
13127;5743;248;100;33;1;32;.970;3600000;0
13127;6142;248;0;0;0;0;.00nan;0;0
13127;9828;234;0;0;0;0;.00nan;0;0
13129;5760;239;0;0;0;0;.00nan;0;0
13129;5846;231;0;0;0;0;.00nan;0;0
13129;9753;239;93;50;4;46;.920;3600000;0
13129;11720;231;58;11;1;10;.909;3600000;0
13131;5777;250;0;0;0;0;.00nan;0;0
13131;5805;245;10;15;6;9;.600;1123000;0
13131;5937;245;52;16;2;14;.875;2477000;0
13131;6141;250;87;41;5;36;.878;3600000;0
13133;5815;237;87;44;2;42;.955;3600000;0
13133;5939;242;47;20;3;17;.850;3573000;0
13133;6119;242;0;0;0;0;.00nan;0;0
13133;6181;237;0;0;0;0;.00nan;0;0
13135;5731;241;28;41;8;33;.805;3600000;0
13135;5762;238;70;28;2;26;.929;3600000;0
13135;5800;241;0;0;0;0;.00nan;0;0
13135;6152;238;0;0;0;0;.00nan;0;0
13137;5820;236;0;0;0;0;.00nan;0;0
13137;6105;232;69;14;0;14;1.000;1130000;0
13137;10854;236;80;30;2;28;.933;3600000;0
13137;11554;232;28;24;6;18;.750;2470000;0
13139;5808;235;0;0;0;0;.00nan;0;0
13139;6007;235;61;36;4;32;.889;3600000;0
13139;6110;233;78;24;1;23;.958;3600000;0
13139;9428;233;0;0;0;0;.00nan;0;0
13141;5971;243;75;27;2;25;.926;3600000;0
13141;6018;247;53;39;5;34;.872;3600000;0
13141;6174;247;0;0;0;0;.00nan;0;0
13141;9976;243;0;0;0;0;.00nan;0;0
13143;5846;231;100;28;0;28;1.000;3600000;0
13143;5971;243;0;0;0;0;.00nan;0;0
13143;9976;243;83;34;2;32;.941;3600000;0
13143;11720;231;0;0;0;0;.00nan;0;0
13145;5731;241;0;0;0;0;.00nan;0;0
13145;5800;241;63;45;5;40;.889;3900000;0
13145;6105;232;41;28;5;23;.821;3900000;0
13145;11554;232;0;0;0;0;.00nan;0;0
13147;5815;237;0;0;0;0;.00nan;0;0
13147;6110;233;0;0;0;0;.00nan;0;0
13147;6181;237;35;39;7;32;.821;3600000;0
13147;9428;233;82;42;3;39;.929;3600000;0
13149;5848;249;0;0;0;0;.00nan;0;0
13149;6004;240;73;37;3;34;.919;3900000;0
13149;6128;249;79;34;3;31;.912;3900000;0
13149;9234;240;0;0;0;0;.00nan;0;0
13151;5762;238;0;0;0;0;.00nan;0;0
13151;6018;247;0;0;0;0;.00nan;0;0
13151;6152;238;25;25;6;19;.760;3600000;0
13151;6174;247;53;47;7;40;.851;3541000;0
13153;5777;250;16;20;6;14;.700;2988000;0
13153;5939;242;0;0;0;0;.00nan;0;0
13153;6119;242;78;22;1;21;.955;3600000;0
13153;6141;250;70;13;0;13;1.000;612000;0
13155;5718;234;0;0;0;0;.00nan;0;0
13155;5889;244;90;39;2;37;.949;3600000;0
13155;9516;244;0;0;0;0;.00nan;0;0
13155;9828;234;42;16;3;13;.813;3543000;0
13157;5808;235;53;32;3;29;.906;3900000;0
13157;5820;236;48;21;3;18;.857;3900000;0
13157;6007;235;0;0;0;0;.00nan;0;0
13157;10854;236;0;0;0;0;.00nan;0;0
13159;5760;239;100;38;1;37;.974;3600000;0
13159;5805;245;63;32;3;29;.906;3545000;0
13159;5937;245;0;0;0;0;.00nan;0;0
13159;9753;239;0;0;0;0;.00nan;0;0
13161;5743;248;0;0;0;0;.00nan;0;0
13161;5780;246;0;0;0;0;.00nan;0;0
13161;6142;248;35;22;4;18;.818;3569000;0
13161;6233;246;61;19;2;17;.895;3600000;0
13163;5815;237;85;34;4;30;.882;3769000;0
13163;5889;244;62;29;3;26;.897;3769000;0
13163;6181;237;0;0;0;0;.00nan;0;0
13163;9516;244;0;0;0;0;.00nan;0;0
13165;5762;238;41;30;4;26;.867;3600000;0
13165;6110;233;80;37;3;34;.919;3600000;0
13165;6152;238;0;0;0;0;.00nan;0;0
13165;9428;233;0;0;0;0;.00nan;0;0
13167;5760;239;63;31;4;27;.871;3549000;0
13167;5777;250;78;36;3;33;.917;3600000;0
13167;6141;250;0;0;0;0;.00nan;0;0
13167;9753;239;0;0;0;0;.00nan;0;0
13169;5846;231;53;29;4;25;.862;3900000;0
13169;6004;240;0;0;0;0;.00nan;0;0
13169;9234;240;75;41;4;37;.902;3900000;0
13169;11720;231;0;0;0;0;.00nan;0;0
13171;5805;245;0;0;0;0;.00nan;0;0
13171;5820;236;0;0;0;0;.00nan;0;0
13171;5937;245;76;22;1;21;.955;3900000;0
13171;10854;236;97;39;1;38;.974;3900000;0
13173;5731;241;72;41;4;37;.902;3589000;0
13173;5800;241;0;0;0;0;.00nan;0;0
13173;5848;249;61;21;3;18;.857;3600000;0
13173;6128;249;0;0;0;0;.00nan;0;0
13175;5971;243;21;26;6;20;.769;3305000;0
13175;6018;247;53;37;6;31;.838;3900000;0
13175;6174;247;0;0;0;0;.00nan;0;0
13175;9976;243;54;1;0;1;1.000;595000;0
13177;5808;235;0;0;0;0;.00nan;0;0
13177;5939;242;76;39;3;36;.923;3600000;0
13177;6007;235;68;26;2;24;.923;3600000;0
13177;6119;242;0;0;0;0;.00nan;0;0
13179;5718;234;55;17;2;15;.882;3600000;0
13179;5743;248;67;34;3;31;.912;3600000;0
13179;6142;248;0;0;0;0;.00nan;0;0
13179;9828;234;0;0;0;0;.00nan;0;0
13181;5780;246;34;23;5;18;.783;3762000;0
13181;6105;232;0;0;0;0;.00nan;0;0
13181;6233;246;0;0;0;0;.00nan;0;0
13181;11554;232;57;35;4;31;.886;3762000;0
13183;6348;254;0;0;0;0;.00nan;0;0
13183;6373;266;72;24;1;23;.958;3600000;0
13183;6513;266;0;0;0;0;.00nan;0;0
13183;6555;254;64;47;5;42;.894;3600000;0
13185;6407;273;52;32;4;28;.875;3554000;0
13185;6563;263;58;25;3;22;.880;3600000;0
13185;6716;273;0;0;0;0;.00nan;0;0
13185;6858;263;0;0;0;0;.00nan;0;0
13187;6352;253;0;0;0;0;.00nan;0;0
13187;6416;258;0;0;0;0;.00nan;0;0
13187;6453;253;84;40;3;37;.925;3557000;0
13187;6645;258;65;22;2;20;.909;3600000;0
13189;6628;255;53;3;0;3;1.000;388000;0
13189;6675;257;55;24;3;21;.875;3600000;0
13189;6884;257;0;0;0;0;.00nan;0;0
13189;10252;255;34;38;7;31;.816;3212000;0
13191;6354;261;0;0;0;0;.00nan;0;0
13191;6493;267;0;0;0;0;.00nan;0;0
13191;6503;267;85;35;3;32;.914;3600000;0
13191;6802;261;52;33;5;28;.848;3571000;0
13193;6476;251;31;32;6;26;.813;3600000;0
13193;6626;268;0;0;0;0;.00nan;0;0
13193;6637;268;76;31;3;28;.903;3600000;0
13193;6782;251;0;0;0;0;.00nan;0;0
13195;6418;272;0;0;0;0;.00nan;0;0
13195;6780;270;0;0;0;0;.00nan;0;0
13195;6795;270;31;30;6;24;.800;3600000;0
13195;6807;272;43;19;3;16;.842;3600000;0
13197;6462;269;79;32;2;30;.938;3558000;0
13197;6632;271;91;26;1;25;.962;3600000;0
13197;6847;269;0;0;0;0;.00nan;0;0
13197;6908;271;0;0;0;0;.00nan;0;0
13199;6277;264;47;28;4;24;.857;3600000;0
13199;6386;256;50;34;5;29;.853;3600000;0
13199;6459;264;0;0;0;0;.00nan;0;0
13199;6902;256;0;0;0;0;.00nan;0;0
13201;6562;262;0;0;0;0;.00nan;0;0
13201;6581;259;54;23;3;20;.870;3600000;0
13201;6676;262;28;18;4;14;.778;3569000;0
13201;6870;259;0;0;0;0;.00nan;0;0
13203;6281;265;0;0;0;0;.00nan;0;0
13203;6444;260;71;30;3;27;.900;3600000;0
13203;6773;265;78;17;1;16;.941;3600000;0
13203;6897;260;0;0;0;0;.00nan;0;0
13205;6626;268;66;31;3;28;.903;3900000;0
13205;6637;268;0;0;0;0;.00nan;0;0
13205;6780;270;0;0;0;0;.00nan;0;0
13205;6795;270;55;27;3;24;.889;3900000;0
13207;6386;256;0;0;0;0;.00nan;0;0
13207;6416;258;0;0;0;0;.00nan;0;0
13207;6645;258;87;37;2;35;.946;3600000;0
13207;6902;256;53;34;5;29;.853;3600000;0
13209;6373;266;54;16;2;14;.875;3600000;0
13209;6513;266;0;0;0;0;.00nan;0;0
13209;6577;252;0;0;0;0;.00nan;0;0
13209;6794;252;47;24;4;20;.833;3584000;0
13211;6444;260;97;40;2;38;.950;3552000;0
13211;6462;269;0;0;0;0;.00nan;0;0
13211;6847;269;67;19;1;18;.947;3600000;0
13211;6897;260;0;0;0;0;.00nan;0;0
13213;6277;264;50;27;4;23;.852;3600000;0
13213;6459;264;0;0;0;0;.00nan;0;0
13213;6628;255;95;32;1;31;.969;3600000;0
13213;10252;255;0;0;0;0;.00nan;0;0
13215;6493;267;45;26;4;22;.846;2296000;0
13215;6503;267;48;7;1;6;.857;1249000;0
13215;6563;263;57;28;3;25;.893;3600000;0
13215;6858;263;0;0;0;0;.00nan;0;0
13217;6352;253;0;0;0;0;.00nan;0;0
13217;6453;253;98;36;1;35;.972;3600000;0
13217;6632;271;49;27;5;22;.815;3600000;0
13217;6908;271;0;0;0;0;.00nan;0;0
13219;6348;254;51;16;2;14;.875;3600000;0
13219;6418;272;0;0;0;0;.00nan;0;0
13219;6555;254;0;0;0;0;.00nan;0;0
13219;6807;272;48;27;4;23;.852;3600000;0
13221;6562;262;0;0;0;0;.00nan;0;0
13221;6581;259;22;19;6;13;.684;3549000;0
13221;6676;262;50;39;5;34;.872;3600000;0
13221;6870;259;0;0;0;0;.00nan;0;0
13223;6354;261;0;0;0;0;.00nan;0;0
13223;6476;251;76;27;2;25;.926;3542000;0
13223;6782;251;0;0;0;0;.00nan;0;0
13223;6802;261;100;30;0;30;1.000;3600000;0
13225;6281;265;0;0;0;0;.00nan;0;0
13225;6407;273;89;31;1;30;.968;3600000;0
13225;6716;273;0;0;0;0;.00nan;0;0
13225;6773;265;65;36;3;33;.917;3558000;0
13227;6348;254;0;0;0;0;.00nan;0;0
13227;6407;273;0;0;0;0;.00nan;0;0
13227;6555;254;59;29;3;26;.897;3864000;0
13227;6716;273;66;28;3;25;.893;3900000;0
13229;6354;261;0;0;0;0;.00nan;0;0
13229;6386;256;56;19;2;17;.895;3600000;0
13229;6802;261;49;29;5;24;.828;3600000;0
13229;6902;256;0;0;0;0;.00nan;0;0
13231;6277;264;0;0;0;0;.00nan;0;0
13231;6416;258;55;21;3;18;.857;3600000;0
13231;6459;264;55;42;5;37;.881;3598000;0
13231;6645;258;0;0;0;0;.00nan;0;0
13233;6562;262;85;48;3;45;.938;3900000;0
13233;6581;259;0;0;0;0;.00nan;0;0
13233;6676;262;0;0;0;0;.00nan;0;0
13233;6870;259;48;19;3;16;.842;3900000;0
13235;6418;272;65;23;2;21;.913;3573000;0
13235;6780;270;89;28;1;27;.964;3600000;0
13235;6795;270;0;0;0;0;.00nan;0;0
13235;6807;272;0;0;0;0;.00nan;0;0
13237;6281;265;70;24;2;22;.917;3600000;0
13237;6462;269;29;10;4;6;.600;1087000;0
13237;6773;265;0;0;0;0;.00nan;0;0
13237;6847;269;67;12;0;12;1.000;2434000;0
13239;6563;263;0;0;0;0;.00nan;0;0
13239;6628;255;0;0;0;0;.00nan;0;0
13239;6858;263;60;19;2;17;.895;3600000;0
13239;10252;255;61;34;4;30;.882;3600000;0
13241;6493;267;0;0;0;0;.00nan;0;0
13241;6503;267;62;17;1;16;.941;3600000;0
13241;6577;252;27;33;6;27;.818;3600000;0
13241;6794;252;0;0;0;0;.00nan;0;0
13243;6373;266;0;0;0;0;.00nan;0;0
13243;6513;266;72;24;2;22;.917;3600000;0
13243;6675;257;60;29;3;26;.897;3600000;0
13243;6884;257;0;0;0;0;.00nan;0;0
13245;6476;251;42;3;1;2;.667;351000;0
13245;6626;268;0;0;0;0;.00nan;0;0
13245;6637;268;72;28;3;25;.893;3600000;0
13245;6782;251;38;34;6;28;.824;3249000;0
13247;6352;253;78;39;3;36;.923;3900000;0
13247;6453;253;0;0;0;0;.00nan;0;0
13247;6632;271;0;0;0;0;.00nan;0;0
13247;6908;271;55;27;3;24;.889;3900000;0
13249;6628;255;42;27;4;23;.852;3900000;0
13249;6632;271;75;40;4;36;.900;3900000;0
13249;6908;271;0;0;0;0;.00nan;0;0
13249;10252;255;0;0;0;0;.00nan;0;0
13251;6444;260;79;31;2;29;.935;3600000;0
13251;6462;269;71;38;3;35;.921;3579000;0
13251;6847;269;0;0;0;0;.00nan;0;0
13251;6897;260;0;0;0;0;.00nan;0;0
13253;6562;262;0;0;0;0;.00nan;0;0
13253;6577;252;98;22;0;22;1.000;3600000;0
13253;6676;262;33;33;6;27;.818;3600000;0
13253;6794;252;0;0;0;0;.00nan;0;0
13255;6281;265;0;0;0;0;.00nan;0;0
13255;6386;256;88;38;2;36;.947;3542000;0
13255;6773;265;79;29;1;28;.966;3600000;0
13255;6902;256;0;0;0;0;.00nan;0;0
13257;6277;264;74;31;3;28;.903;3567000;0
13257;6459;264;0;0;0;0;.00nan;0;0
13257;6563;263;74;28;2;26;.929;3600000;0
13257;6858;263;0;0;0;0;.00nan;0;0
13259;6476;251;69;26;2;24;.923;3600000;0
13259;6782;251;0;0;0;0;.00nan;0;0
13259;6807;272;63;34;4;30;.882;3567000;0
13259;9503;272;0;0;0;0;.00nan;0;0
13261;6352;253;0;0;0;0;.00nan;0;0
13261;6373;266;74;30;2;28;.933;3600000;0
13261;6453;253;51;30;4;26;.867;3600000;0
13261;6513;266;0;0;0;0;.00nan;0;0
13263;6416;258;0;0;0;0;.00nan;0;0
13263;6645;258;64;29;3;26;.897;3600000;0
13263;6795;270;42;15;3;12;.800;1244000;0
13263;9517;270;11;16;6;10;.625;2356000;0
13265;6493;267;57;23;3;20;.870;3600000;0
13265;6503;267;0;0;0;0;.00nan;0;0
13265;6626;268;0;0;0;0;.00nan;0;0
13265;6637;268;47;32;5;27;.844;3562000;0
13267;6354;261;0;0;0;0;.00nan;0;0
13267;6802;261;83;40;3;37;.925;3600000;0
13267;6884;257;0;0;0;0;.00nan;0;0
13267;9736;257;34;23;5;18;.783;3513000;0
13269;6348;254;67;35;3;32;.914;3600000;0
13269;6555;254;0;0;0;0;.00nan;0;0
13269;6581;259;46;26;4;22;.846;3590000;0
13269;6870;259;0;0;0;0;.00nan;0;0
13271;6416;258;29;34;7;27;.794;3600000;0
13271;6626;268;43;24;4;20;.833;3600000;0
13271;6637;268;0;0;0;0;.00nan;0;0
13271;6645;258;0;0;0;0;.00nan;0;0
13273;6563;263;0;0;0;0;.00nan;0;0
13273;6795;270;0;0;0;0;.00nan;0;0
13273;6858;263;75;24;1;23;.958;3600000;0
13273;9517;270;62;41;5;36;.878;3600000;0
13275;6493;267;0;0;0;0;.00nan;0;0
13275;6503;267;67;39;3;36;.923;3900000;0
13275;6807;272;0;0;0;0;.00nan;0;0
13275;9503;272;58;27;3;24;.889;3900000;0
13277;6281;265;81;29;2;27;.931;3689000;0
13277;6562;262;81;40;3;37;.925;3689000;0
13277;6676;262;0;0;0;0;.00nan;0;0
13277;6773;265;0;0;0;0;.00nan;0;0
13279;6277;264;69;14;1;13;.929;933000;0
13279;6459;264;40;35;6;29;.829;2800000;0
13279;6628;255;0;0;0;0;.00nan;0;0
13279;10252;255;16;18;6;12;.667;3733000;0
13281;6354;261;65;36;5;31;.861;3561000;0
13281;6476;251;0;0;0;0;.00nan;0;0
13281;6782;251;52;32;4;28;.875;3600000;0
13281;6802;261;0;0;0;0;.00nan;0;0
13283;6632;271;0;0;0;0;.00nan;0;0
13283;6884;257;63;19;2;17;.895;3600000;0
13283;6908;271;75;33;3;30;.909;3579000;0
13283;9736;257;0;0;0;0;.00nan;0;0
13285;6407;273;0;0;0;0;.00nan;0;0
13285;6581;259;0;0;0;0;.00nan;0;0
13285;6870;259;69;27;3;24;.889;3900000;0
13285;9305;273;60;22;3;19;.864;3900000;0
13287;6373;266;0;0;0;0;.00nan;0;0
13287;6444;260;0;0;0;0;.00nan;0;0
13287;6513;266;47;15;3;12;.800;3600000;0
13287;6897;260;67;37;4;33;.892;3599000;0
13289;6348;254;0;0;0;0;.00nan;0;0
13289;6462;269;0;0;0;0;.00nan;0;0
13289;6555;254;80;20;1;19;.950;3600000;0
13289;6847;269;74;37;4;33;.892;3600000;0
13291;6352;253;48;39;6;33;.846;3600000;0
13291;6453;253;0;0;0;0;.00nan;0;0
13291;6577;252;0;0;0;0;.00nan;0;0
13291;6794;252;63;33;4;29;.879;3600000;0
13293;6373;266;50;26;4;22;.846;3763000;0
13293;6513;266;0;0;0;0;.00nan;0;0
13293;6628;255;76;50;5;45;.900;3763000;0
13293;10252;255;0;0;0;0;.00nan;0;0
13295;6476;251;90;39;2;37;.949;3600000;0
13295;6581;259;48;40;6;34;.850;3600000;0
13295;6782;251;0;0;0;0;.00nan;0;0
13295;6870;259;0;0;0;0;.00nan;0;0
13297;6416;258;0;0;0;0;.00nan;0;0
13297;6562;262;49;1;0;1;1.000;261000;0
13297;6645;258;40;22;4;18;.818;3600000;0
13297;6676;262;16;35;8;27;.771;3339000;0
13299;6386;256;0;0;0;0;.00nan;0;0
13299;6577;252;0;0;0;0;.00nan;0;0
13299;6794;252;79;37;3;34;.919;3600000;0
13299;6902;256;54;11;1;10;.909;3600000;0
13301;6352;253;0;0;0;0;.00nan;0;0
13301;6453;253;64;31;4;27;.871;3536000;0
13301;6493;267;52;20;3;17;.850;3600000;0
13301;6503;267;0;0;0;0;.00nan;0;0
13303;6462;269;66;37;4;33;.892;3600000;0
13303;6795;270;50;10;2;8;.800;1756000;0
13303;6847;269;0;0;0;0;.00nan;0;0
13303;9517;270;33;19;5;14;.737;1844000;0
13305;6807;272;71;24;1;23;.958;3600000;0
13305;6884;257;0;0;0;0;.00nan;0;0
13305;9503;272;0;0;0;0;.00nan;0;0
13305;9736;257;66;44;5;39;.886;3600000;0
13307;6281;265;0;0;0;0;.00nan;0;0
13307;6354;261;0;0;0;0;.00nan;0;0
13307;6773;265;61;38;4;34;.895;3600000;0
13307;6802;261;83;36;3;33;.917;3600000;0
13309;6407;273;0;0;0;0;.00nan;0;0
13309;6632;271;62;30;3;27;.900;3515000;0
13309;6908;271;0;0;0;0;.00nan;0;0
13309;9305;273;100;36;1;35;.972;3600000;0
13311;6348;254;97;48;3;45;.938;3536000;0
13311;6555;254;0;0;0;0;.00nan;0;0
13311;6563;263;84;27;1;26;.963;3600000;0
13311;6858;263;0;0;0;0;.00nan;0;0
13313;6444;260;83;29;1;28;.966;3600000;0
13313;6626;268;0;0;0;0;.00nan;0;0
13313;6637;268;69;35;3;32;.914;3562000;0
13313;6897;260;0;0;0;0;.00nan;0;0
13315;6626;268;34;17;4;13;.765;3600000;0
13315;6637;268;0;0;0;0;.00nan;0;0
13315;6795;270;0;0;0;0;.00nan;0;0
13315;9517;270;100;48;1;47;.979;3600000;0
13317;6462;269;0;0;0;0;.00nan;0;0
13317;6476;251;0;0;0;0;.00nan;0;0
13317;6782;251;61;36;4;32;.889;3732000;0
13317;6847;269;47;32;5;27;.844;3728000;0
13319;6373;266;0;0;0;0;.00nan;0;0
13319;6407;273;63;25;2;23;.920;3900000;0
13319;6513;266;76;28;2;26;.929;3900000;0
13319;9305;273;0;0;0;0;.00nan;0;0
13321;6628;255;0;0;0;0;.00nan;0;0
13321;6884;257;70;34;3;31;.912;3600000;0
13321;9736;257;0;0;0;0;.00nan;0;0
13321;10252;255;32;31;6;25;.806;3600000;0
13323;6352;253;56;36;4;32;.889;3600000;0
13323;6386;256;70;21;1;20;.952;3600000;0
13323;6453;253;0;0;0;0;.00nan;0;0
13323;6902;256;0;0;0;0;.00nan;0;0
13325;6277;264;89;45;2;43;.956;3667000;0
13325;6459;264;0;0;0;0;.00nan;0;0
13325;6577;252;45;21;3;18;.857;3667000;0
13325;6794;252;0;0;0;0;.00nan;0;0
13327;6416;258;48;22;3;19;.864;3900000;0
13327;6493;267;0;0;0;0;.00nan;0;0
13327;6503;267;84;38;3;35;.921;3900000;0
13327;6645;258;0;0;0;0;.00nan;0;0
13329;6348;254;51;7;1;6;.857;1459000;0
13329;6555;254;35;30;5;25;.833;2116000;0
13329;6807;272;0;0;0;0;.00nan;0;0
13329;9503;272;55;31;4;27;.871;3600000;0
13331;6281;265;72;29;2;27;.931;3541000;0
13331;6632;271;0;0;0;0;.00nan;0;0
13331;6773;265;0;0;0;0;.00nan;0;0
13331;6908;271;100;28;0;28;1.000;3600000;0
13333;6354;261;58;30;3;27;.900;3600000;0
13333;6581;259;0;0;0;0;.00nan;0;0
13333;6802;261;0;0;0;0;.00nan;0;0
13333;6870;259;47;48;7;41;.854;3600000;0
13335;6444;260;0;0;0;0;.00nan;0;0
13335;6563;263;0;0;0;0;.00nan;0;0
13335;6858;263;66;37;3;34;.919;3600000;0
13335;6897;260;94;25;0;25;1.000;3600000;0
13337;6944;280;73;38;4;34;.895;3600000;0
13337;6949;279;30;48;8;40;.833;3600000;0
13337;7184;280;0;0;0;0;.00nan;0;0
13337;7297;279;0;0;0;0;.00nan;0;0
13339;6915;274;0;0;0;0;.00nan;0;0
13339;7081;290;53;5;0;5;1.000;1824000;0
13339;7138;274;76;36;4;32;.889;3600000;0
13339;7270;290;12;20;6;14;.700;1776000;0
13341;7146;289;77;35;3;32;.914;3709000;0
13341;7197;289;0;0;0;0;.00nan;0;0
13341;7290;288;0;0;0;0;.00nan;0;0
13341;10776;288;90;40;2;38;.950;3709000;0
13343;7178;291;60;37;4;33;.892;3900000;0
13343;7183;284;25;8;3;5;.625;421000;0
13343;7307;291;0;0;0;0;.00nan;0;0
13343;7359;284;80;26;1;25;.962;3479000;0
13345;6977;277;45;29;5;24;.828;3578000;0
13345;7117;287;0;0;0;0;.00nan;0;0
13345;7282;277;0;0;0;0;.00nan;0;0
13345;7294;287;99;51;3;48;.941;3600000;0
13347;7020;286;0;0;0;0;.00nan;0;0
13347;7162;281;0;0;0;0;.00nan;0;0
13347;7194;281;84;34;2;32;.941;3600000;0
13347;7328;286;26;20;5;15;.750;3600000;0
13349;6921;276;30;23;5;18;.783;2062000;0
13349;6975;282;0;0;0;0;.00nan;0;0
13349;7171;282;91;37;2;35;.946;3600000;0
13349;7195;276;55;22;3;19;.864;1538000;0
13351;6920;275;0;0;0;0;.00nan;0;0
13351;7010;275;66;38;4;34;.895;3600000;0
13351;7175;283;0;0;0;0;.00nan;0;0
13351;11394;283;14;27;8;19;.704;3600000;0
13353;7089;278;0;0;0;0;.00nan;0;0
13353;7203;285;0;0;0;0;.00nan;0;0
13353;7256;285;73;32;3;29;.906;3538000;0
13353;11398;278;100;37;1;36;.973;3600000;0
13355;6944;280;0;0;0;0;.00nan;0;0
13355;6975;282;45;28;4;24;.857;3600000;0
13355;7171;282;0;0;0;0;.00nan;0;0
13355;7184;280;41;28;5;23;.821;3581000;0
13357;7020;286;43;38;6;32;.842;2862000;0
13357;7089;278;64;32;3;29;.906;3600000;0
13357;7328;286;61;8;0;8;1.000;738000;0
13357;11398;278;0;0;0;0;.00nan;0;0
13359;6915;274;22;4;3;1;.250;417000;0
13359;7138;274;76;35;3;32;.914;3183000;0
13359;7175;283;66;26;2;24;.923;3600000;0
13359;11394;283;0;0;0;0;.00nan;0;0
13361;7081;290;75;38;3;35;.921;3559000;0
13361;7183;284;76;31;2;29;.935;3600000;0
13361;7270;290;0;0;0;0;.00nan;0;0
13361;7359;284;0;0;0;0;.00nan;0;0
13363;6921;276;81;31;1;30;.968;3899000;0
13363;7146;289;0;0;0;0;.00nan;0;0
13363;7195;276;0;0;0;0;.00nan;0;0
13363;7197;289;66;20;1;19;.950;3900000;0
13365;6977;277;97;44;1;43;.977;3393000;0
13365;7117;287;51;31;5;26;.839;3900000;0
13365;7282;277;27;16;4;12;.750;507000;0
13365;7294;287;0;0;0;0;.00nan;0;0
13367;7162;281;36;26;5;21;.808;3600000;0
13367;7194;281;0;0;0;0;.00nan;0;0
13367;7290;288;69;21;1;20;.952;3600000;0
13367;10776;288;0;0;0;0;.00nan;0;0
13369;7178;291;0;0;0;0;.00nan;0;0
13369;7203;285;44;17;3;14;.824;3900000;0
13369;7256;285;0;0;0;0;.00nan;0;0
13369;7307;291;99;57;3;54;.947;3900000;0
13371;6920;275;30;26;5;21;.808;3586000;0
13371;6949;279;0;0;0;0;.00nan;0;0
13371;7010;275;0;0;0;0;.00nan;0;0
13371;7297;279;43;24;4;20;.833;3600000;0
13373;6975;282;0;0;0;0;.00nan;0;0
13373;7171;282;74;38;3;35;.921;3600000;0
13373;7290;288;0;0;0;0;.00nan;0;0
13373;10776;288;19;27;7;20;.741;3600000;0
13375;7081;290;92;43;2;41;.953;3600000;0
13375;7203;285;0;0;0;0;.00nan;0;0
13375;7256;285;29;25;5;20;.800;3600000;0
13375;7270;290;0;0;0;0;.00nan;0;0
13377;6915;274;72;33;3;30;.909;3600000;0
13377;6921;276;0;0;0;0;.00nan;0;0
13377;7138;274;0;0;0;0;.00nan;0;0
13377;7195;276;100;31;0;31;1.000;3600000;0
13379;7162;281;0;0;0;0;.00nan;0;0
13379;7178;291;82;35;3;32;.914;3840000;0
13379;7194;281;51;20;4;16;.800;3840000;0
13379;7307;291;0;0;0;0;.00nan;0;0
13381;6977;277;0;0;0;0;.00nan;0;0
13381;7146;289;48;39;6;33;.846;3600000;0
13381;7197;289;0;0;0;0;.00nan;0;0
13381;7282;277;57;18;2;16;.889;3600000;0
13383;7117;287;0;0;0;0;.00nan;0;0
13383;7183;284;48;8;1;7;.875;1084000;0
13383;7294;287;83;34;3;31;.912;3600000;0
13383;7359;284;30;31;6;25;.806;2516000;0
13385;7089;278;46;38;4;34;.895;2707000;0
13385;7175;283;0;0;0;0;.00nan;0;0
13385;11394;283;69;26;2;24;.923;3600000;0
13385;11398;278;18;15;5;10;.667;893000;0
13387;6944;280;63;32;4;28;.875;3531000;0
13387;6949;279;88;40;2;38;.950;3600000;0
13387;7184;280;0;0;0;0;.00nan;0;0
13387;7297;279;0;0;0;0;.00nan;0;0
13389;6920;275;70;26;2;24;.923;3544000;0
13389;7010;275;0;0;0;0;.00nan;0;0
13389;7020;286;0;0;0;0;.00nan;0;0
13389;7328;286;99;37;1;36;.973;3600000;0
13391;6915;274;0;0;0;0;.00nan;0;0
13391;7138;274;48;32;4;28;.875;3558000;0
13391;7290;288;62;29;3;26;.897;3600000;0
13391;10776;288;0;0;0;0;.00nan;0;0
13393;7146;289;0;0;0;0;.00nan;0;0
13393;7183;284;94;38;2;36;.947;3786000;0
13393;7197;289;63;26;3;23;.885;3786000;0
13393;7359;284;0;0;0;0;.00nan;0;0
13395;6920;275;0;0;0;0;.00nan;0;0
13395;7010;275;58;33;4;29;.879;3549000;0
13395;7117;287;63;31;3;28;.903;3600000;0
13395;7294;287;0;0;0;0;.00nan;0;0
13397;6949;279;0;0;0;0;.00nan;0;0
13397;7089;278;0;0;0;0;.00nan;0;0
13397;7297;279;79;45;4;41;.911;3600000;0
13397;11398;278;35;23;5;18;.783;3559000;0
13399;7178;291;42;3;1;2;.667;378000;0
13399;7203;285;79;39;4;35;.897;3600000;0
13399;7256;285;0;0;0;0;.00nan;0;0
13399;7307;291;34;32;6;26;.813;3222000;0
13401;6944;280;0;0;0;0;.00nan;0;0
13401;7162;281;49;26;4;22;.846;3581000;0
13401;7184;280;79;40;3;37;.925;3600000;0
13401;7194;281;0;0;0;0;.00nan;0;0
13403;6975;282;61;26;3;23;.885;3900000;0
13403;7020;286;86;44;3;41;.932;3900000;0
13403;7171;282;0;0;0;0;.00nan;0;0
13403;7328;286;0;0;0;0;.00nan;0;0
13405;6921;276;7;19;6;13;.684;2063000;0
13405;7175;283;49;26;4;22;.846;3600000;0
13405;7195;276;73;13;0;13;1.000;1452000;0
13405;11394;283;0;0;0;0;.00nan;0;0
13407;6977;277;60;14;1;13;.929;3600000;0
13407;7081;290;0;0;0;0;.00nan;0;0
13407;7270;290;47;32;5;27;.844;3600000;0
13407;7282;277;0;0;0;0;.00nan;0;0
13409;7117;287;0;0;0;0;.00nan;0;0
13409;7146;289;59;37;5;32;.865;3600000;0
13409;7197;289;0;0;0;0;.00nan;0;0
13409;7294;287;88;31;2;29;.935;3600000;0
13411;6975;282;0;0;0;0;.00nan;0;0
13411;7171;282;87;36;2;34;.944;3600000;0
13411;7178;291;0;0;0;0;.00nan;0;0
13411;12009;291;38;32;6;26;.813;3600000;0
13413;6921;276;0;0;0;0;.00nan;0;0
13413;6977;277;44;27;5;22;.815;3600000;0
13413;7195;276;100;27;0;27;1.000;3600000;0
13413;7282;277;0;0;0;0;.00nan;0;0
13415;7175;283;0;0;0;0;.00nan;0;0
13415;7328;286;47;28;6;22;.786;2896000;0
13415;10188;286;51;2;0;2;1.000;704000;0
13415;11394;283;59;15;1;14;.933;3600000;0
13417;6920;275;0;0;0;0;.00nan;0;0
13417;7010;275;66;23;2;21;.913;3554000;0
13417;7256;285;100;37;1;36;.973;3600000;0
13417;18824;285;0;0;0;0;.00nan;0;0
13419;7138;274;0;0;0;0;.00nan;0;0
13419;7290;288;0;0;0;0;.00nan;0;0
13419;9618;274;92;37;2;35;.946;3772000;0
13419;10776;288;60;27;3;24;.889;3772000;0
13421;7081;290;65;33;4;29;.879;3879000;0
13421;7162;281;51;35;5;30;.857;3879000;0
13421;7194;281;0;0;0;0;.00nan;0;0
13421;7270;290;0;0;0;0;.00nan;0;0
13423;6949;279;0;0;0;0;.00nan;0;0
13423;7089;278;0;0;0;0;.00nan;0;0
13423;7297;279;52;39;5;34;.872;3600000;0
13423;11398;278;97;37;2;35;.946;3600000;0
13425;6944;280;88;39;2;37;.949;3600000;0
13425;7183;284;0;0;0;0;.00nan;0;0
13425;7184;280;0;0;0;0;.00nan;0;0
13425;7359;284;36;52;8;44;.846;3600000;0
13427;7256;285;0;0;0;0;.00nan;0;0
13427;7290;288;30;27;5;22;.815;2104000;0
13427;10776;288;62;9;0;9;1.000;1496000;0
13427;18824;285;84;32;2;30;.938;3600000;0
13429;7162;281;0;0;0;0;.00nan;0;0
13429;7175;283;100;38;1;37;.974;3600000;0
13429;7194;281;74;37;3;34;.919;3600000;0
13429;11394;283;0;0;0;0;.00nan;0;0
13431;6977;277;0;0;0;0;.00nan;0;0
13431;7089;278;50;36;5;31;.861;3600000;0
13431;7282;277;80;27;2;25;.926;3600000;0
13431;11398;278;0;0;0;0;.00nan;0;0
13433;6949;279;73;37;4;33;.892;3600000;0
13433;6975;282;46;28;5;23;.821;3568000;0
13433;7171;282;0;0;0;0;.00nan;0;0
13433;7297;279;0;0;0;0;.00nan;0;0
13435;7146;289;0;0;0;0;.00nan;0;0
13435;7197;289;72;51;4;47;.922;3600000;0
13435;7328;286;0;0;0;0;.00nan;0;0
13435;10188;286;95;23;0;23;1.000;3600000;0
13437;7081;290;0;0;0;0;.00nan;0;0
13437;7117;287;47;34;5;29;.853;3662000;0
13437;7270;290;49;37;6;31;.838;3662000;0
13437;7294;287;0;0;0;0;.00nan;0;0
13439;7138;274;66;35;4;31;.886;3600000;0
13439;7178;291;31;30;6;24;.800;3546000;0
13439;9618;274;0;0;0;0;.00nan;0;0
13439;12009;291;0;0;0;0;.00nan;0;0
13441;6944;280;0;0;0;0;.00nan;0;0
13441;7183;284;99;17;0;17;1.000;3600000;0
13441;7184;280;84;42;4;38;.905;3600000;0
13441;7359;284;0;0;0;0;.00nan;0;0
13443;6920;275;67;41;4;37;.902;3600000;0
13443;6921;276;99;28;0;28;1.000;3600000;0
13443;7010;275;0;0;0;0;.00nan;0;0
13443;7195;276;0;0;0;0;.00nan;0;0
13445;7117;287;0;0;0;0;.00nan;0;0
13445;7146;289;86;40;3;37;.925;3900000;0
13445;7197;289;0;0;0;0;.00nan;0;0
13445;7294;287;66;30;3;27;.900;3900000;0
13447;7089;278;0;0;0;0;.00nan;0;0
13447;7178;291;65;38;5;33;.868;3600000;0
13447;11398;278;50;14;2;12;.857;3600000;0
13447;12009;291;0;0;0;0;.00nan;0;0
13449;6949;279;0;0;0;0;.00nan;0;0
13449;7256;285;90;30;1;29;.967;3600000;0
13449;7297;279;73;45;4;41;.911;3600000;0
13449;18824;285;0;0;0;0;.00nan;0;0
13451;6975;282;0;0;0;0;.00nan;0;0
13451;7081;290;50;19;3;16;.842;3600000;0
13451;7171;282;33;30;6;24;.800;3600000;0
13451;7270;290;0;0;0;0;.00nan;0;0
13453;7162;281;0;0;0;0;.00nan;0;0
13453;7194;281;62;15;1;14;.933;3600000;0
13453;7290;288;0;0;0;0;.00nan;0;0
13453;10776;288;98;65;3;62;.954;3565000;0
13455;6920;275;0;0;0;0;.00nan;0;0
13455;7010;275;73;24;1;23;.958;3900000;0
13455;7183;284;90;35;1;34;.971;3900000;0
13455;7359;284;0;0;0;0;.00nan;0;0
13457;6977;277;54;26;3;23;.885;3600000;0
13457;7175;283;0;0;0;0;.00nan;0;0
13457;7282;277;0;0;0;0;.00nan;0;0
13457;11394;283;55;38;6;32;.842;3600000;0
13459;6921;276;35;29;6;23;.793;3600000;0
13459;6944;280;89;14;0;14;1.000;3600000;0
13459;7184;280;0;0;0;0;.00nan;0;0
13459;7195;276;0;0;0;0;.00nan;0;0
13461;7138;274;0;0;0;0;.00nan;0;0
13461;7328;286;0;0;0;0;.00nan;0;0
13461;9618;274;90;32;2;30;.938;3600000;0
13461;10188;286;65;31;3;28;.903;3557000;0
10681;8797;351;0;0;0;0;.00nan;0;0
10681;8828;338;0;0;0;0;.00nan;0;0
10681;8910;351;53;35;5;30;.857;3790000;0
10681;9008;338;47;26;4;22;.846;3790000;0
10682;8709;350;100;38;1;37;.974;3600000;0
10682;8817;350;0;0;0;0;.00nan;0;0
10682;8847;344;0;0;0;0;.00nan;0;0
10682;8873;344;69;25;2;23;.920;3550000;0
10683;8889;343;0;0;0;0;.00nan;0;0
10683;8892;349;100;27;0;27;1.000;3600000;0
10683;8894;343;84;29;1;28;.966;3600000;0
10683;9033;349;0;0;0;0;.00nan;0;0
10684;8849;348;37;25;5;20;.800;3587000;0
10684;8925;345;83;44;4;40;.909;3600000;0
10684;9007;345;0;0;0;0;.00nan;0;0
10684;9080;348;0;0;0;0;.00nan;0;0
10685;8813;346;0;0;0;0;.00nan;0;0
10685;8913;347;0;0;0;0;.00nan;0;0
10685;8973;347;73;29;2;27;.931;3566000;0
10685;8975;346;95;25;1;24;.960;3600000;0
10686;8790;339;73;21;1;20;.952;3600000;0
10686;8900;339;0;0;0;0;.00nan;0;0
10686;8997;342;0;0;0;0;.00nan;0;0
10686;8999;342;97;42;2;40;.952;3542000;0
10687;8711;341;77;33;2;31;.939;3600000;0
10687;8734;341;0;0;0;0;.00nan;0;0
10687;8931;340;0;0;0;0;.00nan;0;0
10687;8967;340;56;29;3;26;.897;3600000;0
10688;8892;349;0;0;0;0;.00nan;0;0
10688;8913;347;71;20;1;19;.950;3600000;0
10688;8973;347;0;0;0;0;.00nan;0;0
10688;9033;349;60;32;4;28;.875;3600000;0
10689;8813;346;0;0;0;0;.00nan;0;0
10689;8849;348;100;24;0;24;1.000;3600000;0
10689;8975;346;91;39;2;37;.949;3542000;0
10689;9080;348;0;0;0;0;.00nan;0;0
10690;8889;343;66;22;2;20;.909;3747000;0
10690;8894;343;0;0;0;0;.00nan;0;0
10690;8925;345;72;28;3;25;.893;3747000;0
10690;9007;345;0;0;0;0;.00nan;0;0
10691;8711;341;100;31;0;31;1.000;3600000;0
10691;8734;341;0;0;0;0;.00nan;0;0
10691;8997;342;62;22;2;20;.909;3595000;0
10691;8999;342;0;0;0;0;.00nan;0;0
10692;8797;351;0;0;0;0;.00nan;0;0
10692;8910;351;98;30;0;30;1.000;3600000;0
10692;8931;340;0;0;0;0;.00nan;0;0
10692;8967;340;46;30;5;25;.833;3600000;0
10693;8709;350;0;0;0;0;.00nan;0;0
10693;8790;339;70;38;3;35;.921;3523000;0
10693;8817;350;82;22;1;21;.955;3600000;0
10693;8900;339;0;0;0;0;.00nan;0;0
10694;8828;338;88;20;0;20;1.000;3600000;0
10694;8847;344;83;29;2;27;.931;3511000;0
10694;8873;344;0;0;0;0;.00nan;0;0
10694;9008;338;0;0;0;0;.00nan;0;0
10695;8709;350;0;0;0;0;.00nan;0;0
10695;8817;350;86;35;2;33;.943;3900000;0
10695;8892;349;0;0;0;0;.00nan;0;0
10695;9033;349;75;29;2;27;.931;3900000;0
10696;8925;345;24;21;5;16;.762;3348000;0
10696;8931;340;68;30;3;27;.900;3600000;0
10696;8967;340;0;0;0;0;.00nan;0;0
10696;9007;345;49;1;0;1;1.000;217000;0
10697;8813;346;0;0;0;0;.00nan;0;0
10697;8828;338;61;38;4;34;.895;3600000;0
10697;8975;346;32;26;6;20;.769;3600000;0
10697;9008;338;0;0;0;0;.00nan;0;0
10698;8790;339;0;0;0;0;.00nan;0;0
10698;8797;351;0;0;0;0;.00nan;0;0
10698;8900;339;59;33;5;28;.848;3600000;0
10698;8910;351;81;31;2;29;.935;3600000;0
10699;8711;341;45;26;4;22;.846;3543000;0
10699;8734;341;0;0;0;0;.00nan;0;0
10699;8849;348;100;46;3;43;.935;3600000;0
10699;9080;348;0;0;0;0;.00nan;0;0
10700;8847;344;58;30;5;25;.833;3579000;0
10700;8873;344;0;0;0;0;.00nan;0;0
10700;8997;342;80;40;3;37;.925;3600000;0
10700;8999;342;0;0;0;0;.00nan;0;0
10701;8889;343;58;30;3;27;.900;3560000;0
10701;8894;343;0;0;0;0;.00nan;0;0
10701;8913;347;0;0;0;0;.00nan;0;0
10701;8973;347;90;33;2;31;.939;3600000;0
10702;8711;341;0;0;0;0;.00nan;0;0
10702;8734;341;84;37;3;34;.919;3900000;0
10702;8797;351;100;44;3;41;.932;3900000;0
10702;8910;351;0;0;0;0;.00nan;0;0
10703;8847;344;42;27;4;23;.852;3600000;0
10703;8849;348;99;34;1;33;.971;3600000;0
10703;8873;344;0;0;0;0;.00nan;0;0
10703;9080;348;0;0;0;0;.00nan;0;0
10704;8813;346;36;27;5;22;.815;3531000;0
10704;8889;343;93;48;2;46;.958;3600000;0
10704;8894;343;0;0;0;0;.00nan;0;0
10704;8975;346;0;0;0;0;.00nan;0;0
10705;8913;347;60;15;1;14;.933;3600000;0
10705;8973;347;0;0;0;0;.00nan;0;0
10705;8997;342;60;43;6;37;.860;3600000;0
10705;8999;342;0;0;0;0;.00nan;0;0
10706;8790;339;82;37;3;34;.919;3600000;0
10706;8900;339;0;0;0;0;.00nan;0;0
10706;8931;340;0;0;0;0;.00nan;0;0
10706;8967;340;62;31;4;27;.871;3548000;0
10707;8828;338;67;18;2;16;.889;3600000;0
10707;8892;349;0;0;0;0;.00nan;0;0
10707;9008;338;0;0;0;0;.00nan;0;0
10707;9033;349;49;41;5;36;.878;3600000;0
13605;8828;338;85;29;1;28;.966;3600000;0
13605;8910;351;0;0;0;0;.00nan;0;0
13605;9008;338;0;0;0;0;.00nan;0;0
13605;9143;351;57;33;4;29;.879;3600000;0
13607;8711;341;0;0;0;0;.00nan;0;0
13607;8975;346;93;54;3;51;.944;3900000;0
13607;9098;341;87;35;3;32;.914;3900000;0
13607;9116;346;0;0;0;0;.00nan;0;0
13609;8709;350;0;0;0;0;.00nan;0;0
13609;8997;342;90;34;1;33;.971;3546000;0
13609;8999;342;0;0;0;0;.00nan;0;0
13609;9083;350;100;32;0;32;1.000;3600000;0
13611;8892;349;0;0;0;0;.00nan;0;0
13611;8931;340;65;23;2;21;.913;3600000;0
13611;8967;340;0;0;0;0;.00nan;0;0
13611;9033;349;51;30;4;26;.867;3515000;0
13613;8790;339;72;44;5;39;.886;3600000;0
13613;8900;339;0;0;0;0;.00nan;0;0
13613;8925;345;86;32;2;30;.938;3600000;0
13613;9007;345;0;0;0;0;.00nan;0;0
13615;8847;344;96;29;1;28;.966;3600000;0
13615;8873;344;0;0;0;0;.00nan;0;0
13615;8889;343;0;0;0;0;.00nan;0;0
13615;8894;343;66;38;3;35;.921;3565000;0
13617;8849;348;100;28;0;28;1.000;3600000;0
13617;8913;347;48;25;4;21;.840;3600000;0
13617;8973;347;0;0;0;0;.00nan;0;0
13617;9080;348;0;0;0;0;.00nan;0;0
13619;8849;348;75;37;3;34;.919;3570000;0
13619;8997;342;97;33;1;32;.970;3600000;0
13619;8999;342;0;0;0;0;.00nan;0;0
13619;9080;348;0;0;0;0;.00nan;0;0
13621;8828;338;0;0;0;0;.00nan;0;0
13621;8975;346;73;60;6;54;.900;3600000;0
13621;9008;338;56;11;1;10;.909;3600000;0
13621;9116;346;0;0;0;0;.00nan;0;0
13623;8889;343;65;24;3;21;.875;3600000;0
13623;8894;343;0;0;0;0;.00nan;0;0
13623;8913;347;22;25;6;19;.760;2352000;0
13623;8973;347;59;13;1;12;.923;1248000;0
13625;8790;339;67;35;4;31;.886;3600000;0
13625;8900;339;0;0;0;0;.00nan;0;0
13625;8925;345;92;22;0;22;1.000;3600000;0
13625;9007;345;0;0;0;0;.00nan;0;0
13627;8892;349;0;0;0;0;.00nan;0;0
13627;8931;340;96;18;0;18;1.000;3600000;0
13627;8967;340;0;0;0;0;.00nan;0;0
13627;9033;349;69;29;3;26;.897;3600000;0
13629;8711;341;69;37;4;33;.892;3600000;0
13629;8910;351;0;0;0;0;.00nan;0;0
13629;9098;341;0;0;0;0;.00nan;0;0
13629;9143;351;92;35;1;34;.971;3600000;0
13631;8709;350;68;33;4;29;.879;3739000;0
13631;8847;344;66;27;3;24;.889;3723000;0
13631;8873;344;0;0;0;0;.00nan;0;0
13631;9083;350;0;0;0;0;.00nan;0;0
13633;8892;349;91;29;1;28;.966;3600000;0
13633;8925;345;49;23;3;20;.870;3559000;0
13633;9007;345;0;0;0;0;.00nan;0;0
13633;9033;349;0;0;0;0;.00nan;0;0
13635;8790;339;72;28;2;26;.929;2806000;0
13635;8847;344;0;0;0;0;.00nan;0;0
13635;8873;344;54;29;5;24;.828;3600000;0
13635;8900;339;17;13;5;8;.615;712000;0
13637;8910;351;82;45;4;41;.911;3600000;0
13637;8913;347;72;23;2;21;.913;3600000;0
13637;8973;347;0;0;0;0;.00nan;0;0
13637;9143;351;0;0;0;0;.00nan;0;0
13639;8828;338;77;22;1;21;.955;3600000;0
13639;8931;340;79;30;3;27;.900;3516000;0
13639;8967;340;0;0;0;0;.00nan;0;0
13639;9008;338;0;0;0;0;.00nan;0;0
13641;8711;341;0;0;0;0;.00nan;0;0
13641;8849;348;0;0;0;0;.00nan;0;0
13641;9080;348;66;40;4;36;.900;3560000;0
13641;9098;341;56;16;2;14;.875;3600000;0
13643;8709;350;0;0;0;0;.00nan;0;0
13643;8889;343;49;2;0;2;1.000;422000;0
13643;8894;343;22;22;6;16;.727;3178000;0
13643;9083;350;100;26;0;26;1.000;3600000;0
13645;8975;346;0;0;0;0;.00nan;0;0
13645;8997;342;0;0;0;0;.00nan;0;0
13645;8999;342;65;26;2;24;.923;3571000;0
13645;9116;346;81;17;1;16;.941;3600000;0
13647;8931;340;0;0;0;0;.00nan;0;0
13647;8967;340;75;30;2;28;.933;3900000;0
13647;8975;346;84;34;2;32;.941;3900000;0
13647;9116;346;0;0;0;0;.00nan;0;0
13649;8711;341;73;23;2;21;.913;3900000;0
13649;8997;342;89;38;2;36;.947;3900000;0
13649;8999;342;0;0;0;0;.00nan;0;0
13649;9098;341;0;0;0;0;.00nan;0;0
13651;8790;339;61;41;5;36;.878;3600000;0
13651;8828;338;69;25;2;23;.920;3600000;0
13651;8900;339;0;0;0;0;.00nan;0;0
13651;9008;338;0;0;0;0;.00nan;0;0
13653;8709;350;0;0;0;0;.00nan;0;0
13653;8849;348;100;23;0;23;1.000;3600000;0
13653;9080;348;0;0;0;0;.00nan;0;0
13653;9083;350;72;25;2;23;.920;3553000;0
13655;8889;343;75;31;2;29;.935;3600000;0
13655;8894;343;0;0;0;0;.00nan;0;0
13655;8910;351;0;0;0;0;.00nan;0;0
13655;9143;351;75;34;3;31;.912;3552000;0
13657;8892;349;0;0;0;0;.00nan;0;0
13657;8913;347;48;24;4;20;.833;3600000;0
13657;8973;347;0;0;0;0;.00nan;0;0
13657;9033;349;40;35;6;29;.829;3521000;0
13659;8847;344;47;22;4;18;.818;3600000;0
13659;8873;344;0;0;0;0;.00nan;0;0
13659;8925;345;100;30;0;30;1.000;3600000;0
13659;9007;345;0;0;0;0;.00nan;0;0
13661;8817;350;100;34;0;34;1.000;3600000;0
13661;8847;344;0;0;0;0;.00nan;0;0
13661;8873;344;55;25;3;22;.880;3600000;0
13661;9083;350;0;0;0;0;.00nan;0;0
13663;8889;343;0;0;0;0;.00nan;0;0
13663;8894;343;68;27;2;25;.926;3600000;0
13663;8975;346;0;0;0;0;.00nan;0;0
13663;9116;346;35;26;5;21;.808;3600000;0
13665;8931;340;72;36;3;33;.917;3600000;0
13665;8967;340;0;0;0;0;.00nan;0;0
13665;8997;342;0;0;0;0;.00nan;0;0
13665;8999;342;97;20;0;20;1.000;3600000;0
13667;8790;339;0;0;0;0;.00nan;0;0
13667;8849;348;76;39;3;36;.923;3544000;0
13667;8900;339;99;45;1;44;.978;3600000;0
13667;9080;348;0;0;0;0;.00nan;0;0
13669;8892;349;47;29;5;24;.828;3531000;0
13669;8925;345;68;37;4;33;.892;3600000;0
13669;9007;345;0;0;0;0;.00nan;0;0
13669;9033;349;0;0;0;0;.00nan;0;0
13671;8828;338;0;0;0;0;.00nan;0;0
13671;8910;351;78;29;2;27;.931;3539000;0
13671;9008;338;75;8;0;8;1.000;3600000;0
13671;9143;351;0;0;0;0;.00nan;0;0
13673;8711;341;0;0;0;0;.00nan;0;0
13673;8913;347;0;0;0;0;.00nan;0;0
13673;8973;347;45;19;4;15;.789;3900000;0
13673;9098;341;67;35;4;31;.886;3900000;0
13675;8828;338;0;0;0;0;.00nan;0;0
13675;8975;346;83;37;2;35;.946;3556000;0
13675;9008;338;81;17;0;17;1.000;3600000;0
13675;9116;346;0;0;0;0;.00nan;0;0
13677;8892;349;0;0;0;0;.00nan;0;0
13677;8997;342;0;0;0;0;.00nan;0;0
13677;8999;342;100;34;0;34;1.000;3600000;0
13677;9033;349;64;29;3;26;.897;3600000;0
13679;8889;343;40;31;5;26;.839;3572000;0
13679;8894;343;0;0;0;0;.00nan;0;0
13679;8925;345;0;0;0;0;.00nan;0;0
13679;9007;345;58;25;3;22;.880;3600000;0
13681;8847;344;52;24;3;21;.875;3900000;0
13681;8873;344;0;0;0;0;.00nan;0;0
13681;8931;340;0;0;0;0;.00nan;0;0
13681;8967;340;64;31;3;28;.903;3900000;0
13683;8711;341;32;23;5;18;.783;3515000;0
13683;8790;339;85;40;3;37;.925;3600000;0
13683;8900;339;0;0;0;0;.00nan;0;0
13683;9098;341;0;0;0;0;.00nan;0;0
13685;8849;348;93;31;1;30;.968;3654000;0
13685;8913;347;73;32;2;30;.938;3654000;0
13685;8973;347;0;0;0;0;.00nan;0;0
13685;9080;348;0;0;0;0;.00nan;0;0
13687;8817;350;73;30;2;28;.933;3600000;0
13687;8910;351;0;0;0;0;.00nan;0;0
13687;9083;350;0;0;0;0;.00nan;0;0
13687;9143;351;83;27;1;26;.963;3600000;0
13689;8925;345;47;40;6;34;.850;3600000;0
13689;8997;342;0;0;0;0;.00nan;0;0
13689;8999;342;88;21;0;21;1.000;3600000;0
13689;9007;345;0;0;0;0;.00nan;0;0
13691;8892;349;100;29;0;29;1.000;3600000;0
13691;8975;346;0;0;0;0;.00nan;0;0
13691;9033;349;0;0;0;0;.00nan;0;0
13691;9116;346;42;30;5;25;.833;3600000;0
13693;8849;348;0;0;0;0;.00nan;0;0
13693;8931;340;72;31;2;29;.935;3544000;0
13693;8967;340;0;0;0;0;.00nan;0;0
13693;9080;348;58;15;1;14;.933;3600000;0
13695;8790;339;0;0;0;0;.00nan;0;0
13695;8847;344;0;0;0;0;.00nan;0;0
13695;8873;344;75;32;3;29;.906;3600000;0
13695;8900;339;68;37;4;33;.892;3600000;0
13697;8817;350;0;0;0;0;.00nan;0;0
13697;8910;351;78;40;3;37;.925;3861000;0
13697;9083;350;62;35;4;31;.886;3861000;0
13697;9143;351;0;0;0;0;.00nan;0;0
13699;8711;341;0;0;0;0;.00nan;0;0
13699;8828;338;0;0;0;0;.00nan;0;0
13699;9008;338;66;23;2;21;.913;3600000;0
13699;9098;341;53;33;4;29;.879;3600000;0
13701;8889;343;0;0;0;0;.00nan;0;0
13701;8894;343;77;42;3;39;.929;3600000;0
13701;8913;347;0;0;0;0;.00nan;0;0
13701;8973;347;93;20;0;20;1.000;3600000;0
11045;9522;373;0;0;0;0;.00nan;0;0
11045;9665;374;66;28;2;26;.929;3571000;0
11045;9751;373;66;17;1;16;.941;3600000;0
11045;10181;374;0;0;0;0;.00nan;0;0
11046;9389;369;60;41;5;36;.878;3600000;0
11046;9394;367;0;0;0;0;.00nan;0;0
11046;9502;369;0;0;0;0;.00nan;0;0
11046;9754;367;70;21;2;19;.905;3600000;0
11047;9617;375;100;24;0;24;1.000;3600000;0
11047;9688;378;0;0;0;0;.00nan;0;0
11047;9895;375;0;0;0;0;.00nan;0;0
11047;11384;378;98;53;2;51;.962;3561000;0
11048;9496;366;0;0;0;0;.00nan;0;0
11048;9500;370;73;30;2;28;.933;3600000;0
11048;9628;366;69;41;4;37;.902;3535000;0
11048;9792;370;0;0;0;0;.00nan;0;0
11049;9242;360;0;0;0;0;.00nan;0;0
11049;9300;384;0;0;0;0;.00nan;0;0
11049;9444;384;84;44;2;42;.955;4060000;0
11049;9535;360;58;23;3;20;.870;4060000;0
11050;9688;378;0;0;0;0;.00nan;0;0
11050;10261;368;100;20;0;20;1.000;3600000;0
11050;10349;368;0;0;0;0;.00nan;0;0
11050;11384;378;93;36;2;34;.944;3587000;0
11051;9298;364;74;52;5;47;.904;3600000;0
11051;9596;361;80;15;0;15;1.000;3600000;0
11051;9822;364;0;0;0;0;.00nan;0;0
11051;9832;361;0;0;0;0;.00nan;0;0
11052;9190;372;74;27;3;24;.889;3600000;0
11052;9320;372;0;0;0;0;.00nan;0;0
11052;10102;383;0;0;0;0;.00nan;0;0
11052;10381;383;64;31;4;27;.871;3597000;0
11053;9617;375;0;0;0;0;.00nan;0;0
11053;9895;375;75;27;2;25;.926;3600000;0
11053;9978;380;59;20;2;18;.900;1998000;0
11053;10189;380;31;22;5;17;.773;1602000;0
11054;9242;360;77;29;1;28;.966;3600000;0
11054;9300;384;68;38;4;34;.895;3600000;0
11054;9444;384;0;0;0;0;.00nan;0;0
11054;9535;360;0;0;0;0;.00nan;0;0
11055;9355;379;0;0;0;0;.00nan;0;0
11055;9727;379;100;38;0;38;1.000;3600000;0
11055;9978;380;0;0;0;0;.00nan;0;0
11055;10189;380;64;22;2;20;.909;3515000;0
11056;9335;377;100;34;0;34;1.000;3600000;0
11056;9557;377;0;0;0;0;.00nan;0;0
11056;10261;368;38;34;6;28;.824;3600000;0
11056;10349;368;0;0;0;0;.00nan;0;0
11057;9298;364;0;0;0;0;.00nan;0;0
11057;9596;361;81;33;1;32;.970;4200000;0
11057;9822;364;94;45;1;44;.978;4200000;0
11057;9832;361;0;0;0;0;.00nan;0;0
11058;9456;362;42;29;5;24;.828;3600000;0
11058;9656;359;66;27;2;25;.926;3600000;0
11058;9704;359;0;0;0;0;.00nan;0;0
11058;9840;362;0;0;0;0;.00nan;0;0
11059;9456;362;65;37;4;33;.892;3863000;0
11059;9656;359;0;0;0;0;.00nan;0;0
11059;9704;359;52;34;5;29;.853;3863000;0
11059;9840;362;0;0;0;0;.00nan;0;0
11060;9190;372;0;0;0;0;.00nan;0;0
11060;9320;372;56;20;2;18;.900;3600000;0
11060;9522;373;0;0;0;0;.00nan;0;0
11060;9751;373;69;34;3;31;.912;3560000;0
11061;9219;363;0;0;0;0;.00nan;0;0
11061;9256;363;61;18;1;17;.944;3600000;0
11061;9871;386;0;0;0;0;.00nan;0;0
11061;9908;386;87;51;4;47;.922;3600000;0
11062;9389;369;0;0;0;0;.00nan;0;0
11062;9500;370;73;25;2;23;.920;3549000;0
11062;9502;369;97;23;0;23;1.000;3600000;0
11062;9792;370;0;0;0;0;.00nan;0;0
11063;9198;382;68;29;3;26;.897;3600000;0
11063;9790;382;0;0;0;0;.00nan;0;0
11063;9970;381;0;0;0;0;.00nan;0;0
11063;10285;381;57;31;4;27;.871;3600000;0
11064;9456;362;0;0;0;0;.00nan;0;0
11064;9656;359;0;0;0;0;.00nan;0;0
11064;9704;359;65;25;2;23;.920;3600000;0
11064;9840;362;49;22;3;19;.864;3544000;0
13703;9219;363;54;35;4;31;.886;3615000;0
13703;9256;363;0;0;0;0;.00nan;0;0
13703;9563;358;64;41;5;36;.878;3615000;0
13703;9800;358;0;0;0;0;.00nan;0;0
13705;9242;360;0;0;0;0;.00nan;0;0
13705;9522;373;0;0;0;0;.00nan;0;0
13705;9535;360;67;25;2;23;.920;3600000;0
13705;9751;373;70;34;3;31;.912;3583000;0
13707;9471;354;85;29;1;28;.966;3600000;0
13707;9496;366;62;23;2;21;.913;3600000;0
13707;9628;366;0;0;0;0;.00nan;0;0
13707;9809;354;0;0;0;0;.00nan;0;0
13709;9389;369;0;0;0;0;.00nan;0;0
13709;9448;353;76;17;1;16;.941;3600000;0
13709;9502;369;62;29;3;26;.897;3600000;0
13709;9876;353;0;0;0;0;.00nan;0;0
13711;9596;361;72;42;4;38;.905;3534000;0
13711;9832;361;0;0;0;0;.00nan;0;0
13711;9987;352;61;22;2;20;.909;3600000;0
13711;10064;352;0;0;0;0;.00nan;0;0
13713;9456;362;74;22;1;21;.955;4200000;0
13713;9665;374;96;41;1;40;.976;4200000;0
13713;9840;362;0;0;0;0;.00nan;0;0
13713;10181;374;0;0;0;0;.00nan;0;0
13715;9355;379;0;0;0;0;.00nan;0;0
13715;9688;378;55;24;3;21;.875;4200000;0
13715;9727;379;50;25;3;22;.880;4200000;0
13715;9759;378;0;0;0;0;.00nan;0;0
13717;9871;386;0;0;0;0;.00nan;0;0
13717;9908;386;79;37;2;35;.946;3545000;0
13717;10261;368;100;27;0;27;1.000;3600000;0
13717;10349;368;0;0;0;0;.00nan;0;0
13719;9353;356;0;0;0;0;.00nan;0;0
13719;10034;376;24;22;6;16;.727;1874000;0
13719;10135;376;56;28;3;25;.893;1726000;0
13719;10377;356;71;18;1;17;.944;3600000;0
13721;9335;377;0;0;0;0;.00nan;0;0
13721;9557;377;97;51;2;49;.961;4200000;0
13721;9617;375;0;0;0;0;.00nan;0;0
13721;9895;375;70;26;2;24;.923;4200000;0
13723;9338;357;0;0;0;0;.00nan;0;0
13723;9734;357;90;16;0;16;1.000;3600000;0
13723;9761;365;0;0;0;0;.00nan;0;0
13723;10008;365;66;24;2;22;.917;3534000;0
13725;9439;355;94;53;4;49;.925;4149000;0
13725;9500;370;71;35;3;32;.914;4149000;0
13725;9789;355;0;0;0;0;.00nan;0;0
13725;9792;370;0;0;0;0;.00nan;0;0
13727;9394;367;0;0;0;0;.00nan;0;0
13727;9754;367;77;23;1;22;.957;3600000;0
13727;9970;381;63;44;5;39;.886;3600000;0
13727;10285;381;0;0;0;0;.00nan;0;0
13729;9300;384;0;0;0;0;.00nan;0;0
13729;9444;384;85;18;0;18;1.000;3600000;0
13729;9978;380;65;41;5;36;.878;3600000;0
13729;10189;380;0;0;0;0;.00nan;0;0
13731;9198;382;0;0;0;0;.00nan;0;0
13731;9790;382;58;28;3;25;.893;3727000;0
13731;10123;385;0;0;0;0;.00nan;0;0
13731;10211;385;75;28;2;26;.929;3727000;0
13733;9190;372;88;39;3;36;.923;4200000;0
13733;9320;372;0;0;0;0;.00nan;0;0
13733;9656;359;88;53;3;50;.943;4200000;0
13733;9704;359;0;0;0;0;.00nan;0;0
13735;9298;364;0;0;0;0;.00nan;0;0
13735;9455;371;100;36;0;36;1.000;3600000;0
13735;9822;364;80;32;2;30;.938;3548000;0
13735;10163;371;0;0;0;0;.00nan;0;0
13737;9439;355;80;11;0;11;1.000;3600000;0
13737;9665;374;97;60;2;58;.967;3551000;0
13737;9789;355;0;0;0;0;.00nan;0;0
13737;10181;374;0;0;0;0;.00nan;0;0
13739;9335;377;88;30;1;29;.967;3600000;0
13739;9456;362;46;30;4;26;.867;3600000;0
13739;9557;377;0;0;0;0;.00nan;0;0
13739;9840;362;0;0;0;0;.00nan;0;0
13741;9219;363;0;0;0;0;.00nan;0;0
13741;9256;363;43;12;3;9;.750;3600000;0
13741;9300;384;0;0;0;0;.00nan;0;0
13741;9444;384;92;51;4;47;.922;3553000;0
13743;9394;367;0;0;0;0;.00nan;0;0
13743;9455;371;52;47;6;41;.872;3600000;0
13743;9754;367;78;26;2;24;.923;3600000;0
13743;10163;371;0;0;0;0;.00nan;0;0
13745;9338;357;0;0;0;0;.00nan;0;0
13745;9656;359;0;0;0;0;.00nan;0;0
13745;9704;359;71;19;1;18;.947;3600000;0
13745;9734;357;98;50;2;48;.960;3544000;0
13747;9190;372;57;14;1;13;.929;4179000;0
13747;9320;372;0;0;0;0;.00nan;0;0
13747;9617;375;85;40;2;38;.950;4179000;0
13747;9895;375;0;0;0;0;.00nan;0;0
13749;9242;360;83;31;3;28;.903;3672000;0
13749;9448;353;74;25;2;23;.920;3714000;0
13749;9535;360;0;0;0;0;.00nan;0;0
13749;9876;353;0;0;0;0;.00nan;0;0
13751;9688;378;69;36;4;32;.889;3600000;0
13751;9759;378;0;0;0;0;.00nan;0;0
13751;9970;381;35;27;5;22;.815;3600000;0
13751;10285;381;0;0;0;0;.00nan;0;0
13753;9353;356;38;17;3;14;.824;3600000;0
13753;9563;358;48;30;4;26;.867;3600000;0
13753;9800;358;0;0;0;0;.00nan;0;0
13753;10377;356;0;0;0;0;.00nan;0;0
13755;9522;373;0;0;0;0;.00nan;0;0
13755;9751;373;57;39;5;34;.872;3600000;0
13755;9761;365;0;0;0;0;.00nan;0;0
13755;10008;365;53;20;3;17;.850;3600000;0
13757;9471;354;73;51;5;46;.902;3600000;0
13757;9809;354;0;0;0;0;.00nan;0;0
13757;9987;352;0;0;0;0;.00nan;0;0
13757;10064;352;73;20;1;19;.950;3600000;0
13759;9596;361;0;0;0;0;.00nan;0;0
13759;9832;361;38;19;4;15;.789;3536000;0
13759;10261;368;99;42;2;40;.952;3600000;0
13759;10349;368;0;0;0;0;.00nan;0;0
13761;10102;383;0;0;0;0;.00nan;0;0
13761;10123;385;0;0;0;0;.00nan;0;0
13761;10211;385;69;36;4;32;.889;3600000;0
13761;10381;383;77;21;1;20;.952;3600000;0
13763;9496;366;0;0;0;0;.00nan;0;0
13763;9500;370;0;0;0;0;.00nan;0;0
13763;9628;366;63;19;2;17;.895;3600000;0
13763;9792;370;85;47;3;44;.936;3547000;0
13765;9978;380;0;0;0;0;.00nan;0;0
13765;10034;376;0;0;0;0;.00nan;0;0
13765;10135;376;78;34;3;31;.912;3600000;0
13765;10189;380;42;23;4;19;.826;3597000;0
13767;9389;369;59;27;3;24;.889;3558000;0
13767;9502;369;0;0;0;0;.00nan;0;0
13767;9871;386;0;0;0;0;.00nan;0;0
13767;9908;386;95;31;2;29;.935;3600000;0
13769;9198;382;84;28;1;27;.964;3600000;0
13769;9298;364;53;29;4;25;.862;3600000;0
13769;9790;382;0;0;0;0;.00nan;0;0
13769;9822;364;0;0;0;0;.00nan;0;0
13771;9355;379;0;0;0;0;.00nan;0;0
13771;9727;379;95;36;2;34;.944;3600000;0
13771;9978;380;56;19;3;16;.842;3564000;0
13771;10189;380;0;0;0;0;.00nan;0;0
13773;9219;363;40;20;4;16;.800;3531000;0
13773;9256;363;0;0;0;0;.00nan;0;0
13773;9455;371;0;0;0;0;.00nan;0;0
13773;10163;371;87;36;2;34;.944;3600000;0
13775;9300;384;67;27;2;25;.926;3600000;0
13775;9444;384;0;0;0;0;.00nan;0;0
13775;9970;381;57;14;1;13;.929;1289000;0
13775;10285;381;17;20;6;14;.700;2311000;0
13777;9389;369;0;0;0;0;.00nan;0;0
13777;9502;369;40;14;3;11;.786;3770000;0
13777;9761;365;89;55;4;51;.927;3770000;0
13777;10008;365;0;0;0;0;.00nan;0;0
13779;9563;358;0;0;0;0;.00nan;0;0
13779;9800;358;78;21;1;20;.952;3600000;0
13779;9871;386;98;44;2;42;.955;3561000;0
13779;9908;386;0;0;0;0;.00nan;0;0
13781;9394;367;76;23;1;22;.957;3600000;0
13781;9496;366;56;25;3;22;.880;3515000;0
13781;9628;366;0;0;0;0;.00nan;0;0
13781;9754;367;0;0;0;0;.00nan;0;0
13783;9439;355;62;25;2;23;.920;3600000;0
13783;9596;361;50;27;4;23;.852;3600000;0
13783;9789;355;0;0;0;0;.00nan;0;0
13783;9832;361;0;0;0;0;.00nan;0;0
13785;9298;364;0;0;0;0;.00nan;0;0
13785;9822;364;54;20;3;17;.850;3841000;0
13785;10102;383;66;37;4;33;.892;3841000;0
13785;10381;383;0;0;0;0;.00nan;0;0
13787;9335;377;0;0;0;0;.00nan;0;0
13787;9557;377;90;30;1;29;.967;3600000;0
13787;9656;359;55;20;2;18;.900;3600000;0
13787;9704;359;0;0;0;0;.00nan;0;0
13789;9198;382;0;0;0;0;.00nan;0;0
13789;9665;374;0;0;0;0;.00nan;0;0
13789;9790;382;65;33;3;30;.909;3600000;0
13789;10181;374;45;29;4;25;.862;3598000;0
13791;9338;357;100;32;0;32;1.000;3600000;0
13791;9500;370;43;19;3;16;.842;3600000;0
13791;9734;357;0;0;0;0;.00nan;0;0
13791;9792;370;0;0;0;0;.00nan;0;0
13793;9522;373;76;35;2;33;.943;4200000;0
13793;9617;375;0;0;0;0;.00nan;0;0
13793;9751;373;0;0;0;0;.00nan;0;0
13793;9895;375;77;33;2;31;.939;4200000;0
13795;9242;360;0;0;0;0;.00nan;0;0
13795;9471;354;0;0;0;0;.00nan;0;0
13795;9535;360;62;37;5;32;.865;3600000;0
13795;9809;354;67;22;1;21;.955;3600000;0
13797;9448;353;0;0;0;0;.00nan;0;0
13797;9876;353;75;26;2;24;.923;3876000;0
13797;10261;368;0;0;0;0;.00nan;0;0
13797;10349;368;99;39;1;38;.974;3876000;0
13799;9353;356;0;0;0;0;.00nan;0;0
13799;9987;352;82;25;1;24;.960;3600000;0
13799;10064;352;0;0;0;0;.00nan;0;0
13799;10377;356;47;40;6;34;.850;3600000;0
13801;9688;378;0;0;0;0;.00nan;0;0
13801;10034;376;72;9;0;9;1.000;3600000;0
13801;10135;376;0;0;0;0;.00nan;0;0
13801;11384;378;71;51;5;46;.902;3600000;0
13803;9190;372;0;0;0;0;.00nan;0;0
13803;9320;372;61;37;4;33;.892;3600000;0
13803;9456;362;0;0;0;0;.00nan;0;0
13803;9840;362;82;25;1;24;.960;3600000;0
13805;9353;356;62;19;2;17;.895;3608000;0
13805;10123;385;0;0;0;0;.00nan;0;0
13805;10211;385;89;40;3;37;.925;3608000;0
13805;10377;356;0;0;0;0;.00nan;0;0
13807;9617;375;83;33;3;30;.909;3537000;0
13807;9895;375;0;0;0;0;.00nan;0;0
13807;10102;383;92;27;1;26;.963;3600000;0
13807;10381;383;0;0;0;0;.00nan;0;0
13809;9198;382;0;0;0;0;.00nan;0;0
13809;9300;384;0;0;0;0;.00nan;0;0
13809;9444;384;100;32;0;32;1.000;3600000;0
13809;9790;382;58;31;4;27;.871;3600000;0
13811;9190;372;0;0;0;0;.00nan;0;0
13811;9320;372;100;37;0;37;1.000;3600000;0
13811;9394;367;0;0;0;0;.00nan;0;0
13811;9754;367;51;29;4;25;.862;3600000;0
13813;9242;360;0;0;0;0;.00nan;0;0
13813;9535;360;55;15;2;13;.867;3600000;0
13813;9761;365;0;0;0;0;.00nan;0;0
13813;10008;365;73;36;3;33;.917;3576000;0
13815;9496;366;70;23;1;22;.957;3600000;0
13815;9500;370;0;0;0;0;.00nan;0;0
13815;9628;366;0;0;0;0;.00nan;0;0
13815;9792;370;78;45;4;41;.911;3600000;0
13817;9871;386;0;0;0;0;.00nan;0;0
13817;9908;386;49;38;6;32;.842;3600000;0
13817;9970;381;60;27;3;24;.889;3600000;0
13817;10285;381;0;0;0;0;.00nan;0;0
13819;9522;373;0;0;0;0;.00nan;0;0
13819;9596;361;87;30;1;29;.967;3600000;0
13819;9751;373;86;38;3;35;.921;3549000;0
13819;9832;361;0;0;0;0;.00nan;0;0
13821;9298;364;0;0;0;0;.00nan;0;0
13821;9389;369;84;27;1;26;.963;3600000;0
13821;9502;369;0;0;0;0;.00nan;0;0
13821;9822;364;98;50;2;48;.960;3550000;0
13823;9335;377;98;38;2;36;.947;3600000;0
13823;9448;353;0;0;0;0;.00nan;0;0
13823;9557;377;0;0;0;0;.00nan;0;0
13823;9876;353;55;32;4;28;.875;3580000;0
13825;9688;378;0;0;0;0;.00nan;0;0
13825;9987;352;0;0;0;0;.00nan;0;0
13825;10064;352;12;20;6;14;.700;3600000;0
13825;11384;378;90;32;1;31;.969;3600000;0
13827;9456;362;47;40;6;34;.850;2471000;0
13827;9471;354;97;21;0;21;1.000;3600000;0
13827;9809;354;0;0;0;0;.00nan;0;0
13827;9840;362;50;9;1;8;.889;1129000;0
13829;9338;357;66;12;1;11;.917;3600000;0
13829;9355;379;0;0;0;0;.00nan;0;0
13829;9727;379;59;41;5;36;.878;3600000;0
13829;9734;357;0;0;0;0;.00nan;0;0
13831;9656;359;0;0;0;0;.00nan;0;0
13831;9704;359;70;22;2;20;.909;3600000;0
13831;9978;380;73;14;0;14;1.000;1495000;0
13831;10189;380;25;35;7;28;.800;2105000;0
13833;9563;358;71;24;2;22;.917;3600000;0
13833;9665;374;43;30;5;25;.833;2234000;0
13833;9800;358;0;0;0;0;.00nan;0;0
13833;10181;374;75;15;0;15;1.000;1366000;0
13835;9219;363;0;0;0;0;.00nan;0;0
13835;9256;363;83;27;1;26;.963;3666000;0
13835;10034;376;100;31;0;31;1.000;3666000;0
13835;10135;376;0;0;0;0;.00nan;0;0
13837;9439;355;0;0;0;0;.00nan;0;0
13837;9455;371;38;32;5;27;.844;3514000;0
13837;9789;355;71;37;3;34;.919;3600000;0
13837;10163;371;0;0;0;0;.00nan;0;0
