Game Id;PlayerId;TeamId;Game Rating;Game Rating Off;Game Rating Def;G;A;+/-;SOG;MS;BS;PIM;HT;TK;GV;SHF;TOT;PP;SH;EV;FOW;FOL;FO%;Team Shots on;Team Shots Against on;Team Shots Missed on;Team Shots Missed Against on;Team Shots Blocked on;Team Shots Blocked Against on;Team Goals on;Team Goal Against on;Team Shots off;Team Shots Against off;Team Shots Missed off;Team Shots Missed Against off;Team Shots Blocked off;Team Shots Blocked Against off;Team Goals off;Team Goal Against off;OZ Starts;NZ Starts;DZ Starts;Team OZ Starts;Team NZ Starts;Team DZ Starts;SQ0;SQ1;SQ2;SQ3;SQ4
44059;10;23;80.7667;76.3;87.9;0;2;2;1;3;3;0;0;0;0;24;1187;363;181;643;0;1;0.0;7;0;4;3;2;3;2;0;15;9;9;8;13;10;1;1;11;5;12;25;17;31;3;1;3;0;0
44059;38;23;76.8714;63.4;78.3;1;0;0;7;1;1;0;1;2;2;27;1214;144;267;803;3;0;100.0;8;6;3;2;5;2;1;1;14;3;10;9;10;11;2;0;6;10;11;25;17;31;1;3;1;4;0
44059;46;23;68.2;72.2;61.7;0;2;0;2;1;1;2;3;1;1;24;1054;144;123;787;11;11;50.0;8;6;3;2;5;2;1;1;14;3;10;9;10;11;2;0;5;9;9;25;17;31;0;2;1;1;0
44059;88;12;83.525;73.3;79.1;1;0;-1;1;2;1;2;4;0;0;29;1106;128;161;817;7;7;50.0;0;7;4;3;1;3;0;2;9;15;7;10;12;12;1;1;8;6;6;31;17;25;1;1;0;2;0
44059;104;23;75.1;79;71.3;2;1;2;4;1;0;4;1;1;1;21;936;144;0;792;0;0;0;11;4;4;1;4;2;2;0;11;5;9;10;11;11;1;1;4;7;6;25;17;31;0;3;0;2;0
44059;131;12;50.25;53;48.6;0;0;0;1;0;0;0;3;0;1;12;593;0;0;593;0;0;0;3;5;1;5;4;6;0;0;6;17;10;8;9;9;1;3;7;1;2;31;17;25;0;1;0;0;0
44059;137;12;70.5571;53.7;73.6;0;1;1;0;2;2;2;0;0;0;18;890;78;90;722;0;0;0;3;4;4;2;3;3;0;0;6;18;7;11;10;12;1;3;5;5;5;31;17;25;1;2;1;0;0
44059;142;23;73.0857;65.9;74.1;0;2;3;2;2;1;0;0;0;0;28;1468;423;255;790;0;0;0;8;3;4;3;6;4;3;0;14;6;9;8;9;9;0;1;13;10;16;25;17;31;1;2;2;0;0
44059;541;12;77.2833;47.8;85.7;0;0;-1;1;0;3;5;1;1;2;33;1409;431;193;785;0;0;0;2;11;2;6;5;6;0;0;7;11;9;7;8;9;1;3;12;4;9;31;17;25;2;1;1;0;0
44059;571;23;79.7833;81.1;73.2;1;1;3;5;0;1;2;0;1;0;24;1393;423;163;807;0;0;0;7;3;3;3;6;4;3;0;15;6;10;8;9;9;0;1;12;10;16;25;17;31;1;3;1;0;1
44059;728;12;70.475;68.7;66.9;1;0;-1;4;1;1;2;5;1;0;32;1285;425;198;662;0;0;0;5;7;4;1;6;4;1;1;4;15;7;12;7;11;0;2;12;8;9;31;17;25;0;3;1;1;1
44059;770;12;61.08;53.4;72.1;0;0;0;0;1;1;0;0;0;0;18;888;41;73;774;0;0;0;3;5;4;2;3;3;0;0;6;17;7;11;10;12;1;3;5;4;7;31;17;25;0;0;2;0;0
44059;1006;23;52.075;55.7;49.9;0;0;0;1;0;1;0;1;0;0;11;621;0;0;621;1;1;50.0;4;2;2;3;3;7;0;0;18;7;11;8;12;6;3;1;5;1;7;25;17;31;1;0;0;1;0
44059;1034;12;58.4571;54.5;56.9;0;0;0;0;0;1;0;1;0;0;17;711;0;53;658;1;1;50.0;3;5;1;7;4;7;0;0;6;17;10;6;9;8;1;3;7;2;3;31;17;25;1;0;0;0;0
44059;1035;12;81.1286;51.1;86.6;0;0;-1;3;1;6;2;0;1;0;33;1531;472;272;787;0;0;0;2;12;2;4;5;5;0;0;7;10;9;9;8;10;1;3;14;4;11;31;17;25;2;6;2;0;0
44059;1060;23;64.7;57.8;62.8;0;0;0;2;1;1;0;1;1;0;13;725;0;104;621;0;0;0;4;2;2;3;3;7;0;0;18;7;11;8;12;6;3;1;7;1;7;25;17;31;1;2;1;0;0
44059;1090;12;59.0143;59.9;51.2;0;1;-1;0;1;0;2;0;0;0;34;1384;383;288;713;14;17;45.2;5;7;4;1;6;4;1;1;4;15;7;12;7;11;0;2;14;8;11;31;17;25;0;1;0;0;0
44059;1120;12;49.5875;51.4;48.5;0;0;0;0;1;0;0;2;0;0;6;273;0;0;273;0;0;0;1;2;2;2;2;1;0;0;8;20;9;11;11;14;1;3;1;1;3;31;17;25;0;0;0;1;0
44059;1297;12;56.06;59.3;45.6;0;0;-2;0;0;0;2;0;0;0;28;985;128;50;807;1;1;50.0;0;7;4;5;1;4;0;2;9;15;7;8;12;11;1;1;7;5;6;31;17;25;0;0;0;0;0
44059;2402;12;56.7571;54.6;54.7;0;1;-1;1;0;2;0;1;3;0;30;1274;80;162;1032;0;0;0;4;6;5;7;5;7;1;3;5;16;6;6;8;8;0;0;12;9;9;31;17;25;1;0;1;0;1
44059;2450;12;55.5;50.9;59.9;0;0;0;1;0;0;0;1;0;1;11;508;41;49;418;4;1;80.0;1;3;2;4;2;2;0;0;8;19;9;9;11;13;1;3;2;1;5;31;17;25;0;1;0;0;0
44059;2468;12;57.2667;53;64;0;0;0;2;0;0;0;0;0;0;14;705;41;0;664;3;9;25.0;3;6;1;5;4;6;0;0;6;16;10;8;9;9;1;3;7;1;4;31;17;25;0;1;0;1;0
44059;2661;23;63.2;62.4;64.5;0;0;0;2;2;0;0;0;0;0;21;1076;363;104;609;2;4;33.3;8;0;4;3;2;3;1;0;14;9;9;8;13;10;2;1;10;5;8;25;17;31;0;3;1;0;0
44059;2690;12;39.1571;54.5;36.6;0;0;-2;0;1;1;0;1;0;0;20;867;86;0;781;0;0;0;0;7;4;3;1;3;0;2;9;15;7;10;12;12;1;1;6;4;4;31;17;25;1;1;0;0;0
44059;2746;12;55.3667;55.3;52.8;0;1;-2;1;1;4;0;1;0;1;31;1286;80;224;982;0;0;0;4;6;5;5;5;6;1;3;5;16;6;8;8;9;0;0;14;8;9;31;17;25;2;3;1;0;0
44059;3393;12;59.65;51.9;59.6;0;0;-1;3;1;0;0;0;1;2;22;1046;305;120;621;4;1;80.0;3;7;3;1;6;4;0;1;6;15;8;12;7;11;1;2;6;7;9;31;17;25;0;3;0;1;0
44059;3425;12;54.8375;54.9;56.4;0;0;0;1;1;0;2;2;1;1;12;539;41;19;479;1;1;50.0;1;3;2;2;2;1;0;0;8;19;9;11;11;14;1;3;3;1;5;31;17;25;0;1;1;0;0
44059;3559;23;73.2714;89.7;62.8;1;2;2;3;3;0;6;1;0;0;21;1089;363;107;619;13;7;65.0;7;0;4;3;3;3;2;0;15;9;9;8;12;10;1;1;9;5;9;25;17;31;0;2;0;2;2
44059;4335;23;54.4333;55.6;52.1;0;0;0;1;0;0;0;0;0;0;10;507;0;33;474;0;0;0;3;1;4;3;5;1;0;0;19;8;9;8;10;12;3;1;1;1;2;25;17;31;0;0;1;0;0
44059;4600;23;55.05;57.9;51.9;0;0;0;0;1;0;0;1;0;0;10;474;0;0;474;0;0;0;3;1;4;3;5;1;0;0;19;8;9;8;10;12;3;1;1;1;1;25;17;31;0;1;0;0;0
44059;4615;23;63.5833;51.7;65.6;0;0;-1;0;0;0;0;0;0;0;26;1256;84;302;870;0;0;0;5;5;3;5;3;4;0;1;17;4;10;6;12;9;3;0;10;5;10;25;17;31;0;0;0;0;0
44059;4794;23;54.9;51.7;55.3;0;0;-1;1;1;3;0;1;0;0;26;1243;84;297;862;0;0;0;5;5;3;5;3;4;0;1;17;4;10;6;12;9;3;0;9;6;9;25;17;31;1;2;1;1;0
44059;4997;23;58.4;56.6;61.5;0;0;0;0;2;1;0;0;0;0;14;818;0;106;712;8;8;50.0;2;2;4;3;4;7;0;0;20;7;9;8;11;6;3;1;6;1;11;25;17;31;1;1;1;0;0
44059;5032;23;75.0857;44.6;74.8;0;0;0;1;0;1;5;1;0;1;20;951;0;87;864;0;0;0;10;1;7;3;6;5;0;0;12;8;6;8;9;8;3;1;3;2;5;25;17;31;0;1;1;0;0
44059;5059;23;50.54;51.2;48.9;0;0;0;0;1;0;0;0;0;0;6;331;0;0;331;0;3;0.0;1;1;1;3;4;1;0;0;21;8;12;8;11;12;3;1;1;1;1;25;17;31;0;1;0;0;0
44059;5296;23;64.9857;50.9;67.1;0;0;0;2;1;1;0;0;0;0;21;889;0;0;889;0;0;0;9;1;6;3;6;5;0;0;13;8;7;8;9;8;3;1;3;1;6;25;17;31;0;2;2;0;0
44061;22;15;100;100;79.5;1;6;2;6;2;1;0;1;0;0;28;1237;250;67;920;15;10;60.0;13;10;4;2;9;2;4;2;25;11;9;9;8;1;3;0;8;8;11;22;23;29;0;5;3;1;0
44061;44;15;76.55;78.5;66.2;1;2;1;2;2;1;0;1;0;1;23;1126;253;113;760;1;3;25.0;9;5;5;3;4;1;1;0;29;16;8;8;13;2;6;2;7;7;11;22;23;29;0;2;3;0;0
44061;53;15;71.7;84.4;54.3;1;2;1;2;3;0;0;0;1;0;21;1057;48;113;896;0;0;0;12;6;5;1;8;2;3;2;26;15;8;10;9;1;4;0;5;9;5;22;23;29;0;1;2;1;1
44061;79;15;50.3;49;50.4;0;1;1;2;2;0;0;0;0;1;19;1096;20;119;957;0;0;0;14;9;4;3;5;1;2;1;24;12;9;8;12;2;5;1;6;6;6;22;23;29;0;4;0;0;0
44061;244;21;47.25;59.8;34.7;1;0;-1;1;0;0;0;0;0;0;17;706;0;0;706;0;0;0;6;17;2;5;0;4;1;2;15;21;9;8;3;13;1;5;4;3;3;29;23;22;0;0;0;0;1
44061;349;15;65.8;69.3;54.3;2;0;1;4;3;0;2;0;0;1;19;961;267;0;694;0;0;0;9;3;5;3;4;1;1;0;29;18;8;8;13;2;6;2;6;7;9;22;23;29;0;3;1;3;0
44061;458;15;58.2;62.2;50.2;0;1;2;2;0;1;0;0;0;0;11;623;20;155;448;0;3;0.0;5;3;2;3;1;0;2;0;33;18;11;8;16;3;5;2;4;4;6;22;23;29;1;1;0;1;0
44061;693;15;71.1714;64.9;73.5;0;1;3;5;3;3;4;0;0;0;25;1473;65;147;1261;0;0;0;15;11;5;6;8;2;4;1;23;10;8;5;9;1;3;1;8;13;10;22;23;29;2;7;2;0;0
44061;706;15;52.5;53;49.4;0;0;1;4;0;0;0;1;0;0;21;806;0;109;697;0;0;0;11;4;4;2;4;0;1;0;27;17;9;9;13;3;6;2;4;5;7;22;23;29;0;1;2;1;0
44061;801;15;69.9;83.1;41.7;2;1;2;3;0;1;0;0;0;0;25;1290;68;163;1059;2;3;40.0;14;11;5;3;8;2;4;2;24;10;8;8;9;1;3;0;6;10;8;22;23;29;1;0;1;1;1
44061;965;15;89;91.4;75.3;2;1;1;6;2;1;0;1;0;0;23;1121;250;141;730;8;8;50.0;10;4;5;4;4;1;1;0;28;17;8;7;13;2;6;2;7;7;14;22;23;29;1;4;2;2;0
44061;988;15;67.5333;67.3;67.1;1;1;1;4;0;0;0;0;0;1;23;1309;45;153;1111;0;0;0;13;12;5;5;4;1;2;1;25;9;8;6;13;2;5;1;8;9;5;22;23;29;0;2;0;0;2
44061;1023;15;55.3;62;48.6;0;2;2;0;1;0;0;0;0;0;8;397;0;0;397;0;1;0.0;4;3;3;3;0;0;2;0;34;18;10;8;17;3;5;2;4;3;3;22;23;29;0;0;1;0;0
44061;1105;21;75.9143;44.5;78.7;0;0;-1;3;0;2;0;3;3;1;23;1071;77;128;866;0;0;0;6;7;0;3;1;4;0;1;15;31;11;10;2;13;2;6;3;7;10;29;23;22;1;2;1;0;1
44061;1140;15;70;62.9;79.4;0;0;0;2;0;0;0;1;3;0;20;888;48;216;624;2;2;50.0;11;4;1;3;4;0;0;0;27;17;12;8;13;3;7;2;6;3;7;22;23;29;0;1;0;1;0
44061;1262;15;54.675;56.5;58.7;0;0;0;4;0;0;5;2;1;0;14;530;0;0;530;2;4;33.3;10;1;1;1;4;0;0;0;28;20;12;10;13;3;7;2;4;2;3;22;23;29;0;2;1;1;0
44061;1330;15;65.9143;53.4;76.7;0;0;2;1;1;0;12;0;0;1;20;945;0;231;714;0;0;0;13;3;4;2;5;0;2;0;25;18;9;9;12;3;5;2;4;4;10;22;23;29;0;1;0;1;0
44061;1367;15;75.3429;62.2;76.6;1;0;2;1;0;0;0;1;1;0;8;395;0;0;395;8;2;80.0;4;3;2;3;0;0;2;0;34;18;11;8;17;3;5;2;4;4;3;22;23;29;0;0;1;0;0
44061;1439;15;53.9286;61.3;52;1;0;0;1;0;0;0;0;0;0;16;623;3;0;620;0;0;0;11;2;1;2;5;0;0;0;27;19;12;9;12;3;7;2;4;3;4;22;23;29;0;1;0;0;0
44061;2458;21;62.4286;63.2;54.9;0;1;0;1;0;1;0;2;0;0;23;917;57;10;850;5;9;35.7;10;18;2;7;0;5;1;1;11;20;9;6;3;12;1;6;6;5;3;29;23;22;0;1;1;0;0
44061;2461;21;66.6714;56.6;78.7;0;0;0;3;1;0;0;1;0;1;21;1034;289;202;543;2;1;66.7;4;5;2;3;1;7;0;0;17;33;9;10;2;10;2;7;11;3;6;29;23;22;0;3;1;0;0
44061;3009;21;55.1;55.4;54.5;0;0;-1;3;1;0;0;1;0;0;22;1039;38;86;915;0;0;0;8;7;2;2;1;3;0;1;13;31;9;11;2;14;2;6;2;9;9;29;23;22;0;2;1;1;0
44061;3545;15;65.6;68.2;61.9;0;1;3;3;1;0;2;0;1;2;31;1520;253;209;1058;0;0;0;11;10;4;6;8;2;4;1;27;11;9;5;9;1;3;1;12;10;15;22;23;29;0;2;1;1;0
44061;4340;21;49.8333;50.9;44.1;0;0;-4;0;0;8;0;4;1;0;29;1512;287;232;993;0;0;0;6;12;4;5;0;9;1;5;15;26;7;8;3;8;1;2;17;10;9;29;23;22;5;2;1;0;0
44061;4375;21;56.6143;54.3;56.1;0;0;0;1;2;0;0;2;0;0;19;801;30;42;729;9;8;52.9;6;6;5;1;1;3;1;1;15;32;6;12;2;14;1;6;3;10;4;29;23;22;0;1;1;1;0
44061;4806;21;61.3;57.1;64.3;0;0;-1;2;1;0;2;0;0;0;21;1001;393;190;418;10;10;50.0;1;5;2;0;1;5;0;1;20;33;9;13;2;12;2;6;15;1;7;29;23;22;0;2;1;0;0
44061;4853;21;63;56.2;69.8;0;0;0;2;1;0;0;3;1;0;14;790;367;0;423;0;0;0;1;5;1;2;1;6;0;0;20;33;10;11;2;11;2;7;11;3;3;29;23;22;0;1;2;0;0
44061;4991;21;48.3333;48;49.4;0;0;0;1;2;0;0;1;0;1;27;1028;83;75;870;0;0;0;10;7;5;1;1;3;1;1;11;31;6;12;2;14;1;6;5;11;4;29;23;22;0;1;1;0;1
44061;4994;21;58.3;62;48.5;1;0;0;3;1;0;0;1;1;0;18;767;4;76;687;0;0;0;7;6;5;1;1;3;1;1;14;32;6;12;2;14;1;6;3;8;4;29;23;22;0;1;3;0;0
44061;5004;21;52.0833;54.2;33.7;0;0;-4;0;1;0;0;1;0;0;17;898;109;0;789;0;0;0;5;9;2;5;1;4;0;4;16;29;9;8;2;13;2;3;5;6;9;29;23;22;0;0;1;0;0
44061;5045;21;58;40.9;60.5;0;0;0;0;0;1;0;0;0;2;26;1352;287;116;949;0;0;0;10;19;6;6;2;5;1;1;11;19;5;7;1;12;1;6;15;4;7;29;23;22;1;0;0;0;0
44061;5056;21;58.9;67.3;48.3;0;0;-4;4;2;0;2;5;0;0;16;895;112;41;742;0;2;0.0;2;9;3;4;1;3;0;4;19;29;8;9;2;14;2;3;9;6;9;29;23;22;0;2;1;3;0
44061;5249;21;53.0429;55.5;41.3;0;0;-4;0;0;2;2;1;1;0;16;805;8;0;797;10;8;55.6;5;9;3;5;1;4;0;4;16;29;8;8;2;13;2;3;5;7;8;29;23;22;1;1;0;0;0
44061;5304;21;41.3429;35.4;44.2;0;0;-4;1;1;2;6;6;1;3;24;1287;167;54;1066;0;0;0;7;12;5;4;0;8;1;5;14;26;6;9;3;9;1;2;11;13;5;29;23;22;1;1;1;1;0
44061;5309;21;47.1857;51.1;42.1;0;0;0;1;0;5;0;2;0;0;18;991;112;20;859;0;0;0;5;19;5;6;2;5;1;1;16;19;6;7;1;12;1;6;10;4;4;29;23;22;4;0;2;0;0
44061;5910;21;56.1429;57.8;39.5;0;1;-1;2;0;0;7;1;0;0;15;669;0;0;669;0;0;0;5;17;1;5;0;4;1;2;16;21;10;8;3;13;1;5;4;3;3;29;23;22;0;2;0;0;0
44063;89;26;60.6333;54.8;76.8;0;0;0;0;1;0;2;2;1;1;26;1576;416;181;979;0;0;0;6;9;5;1;7;3;1;1;16;11;6;5;6;4;1;0;13;8;9;23;17;17;0;1;0;0;0
44063;105;280;52.4;54.3;49.4;0;0;0;1;0;0;0;0;0;0;4;173;0;0;173;0;0;0;2;2;1;0;0;1;0;0;18;20;5;11;7;12;1;2;0;0;2;17;17;23;0;1;0;0;0
44063;182;280;74.4143;51.9;78.8;0;0;0;1;0;2;0;7;1;0;26;1192;91;214;887;0;0;0;10;12;1;3;3;3;0;0;10;10;5;8;4;10;1;2;7;3;8;17;17;23;2;0;0;1;0
44063;232;280;53.3375;59.4;49.7;0;0;-1;2;0;1;0;0;0;0;17;940;0;196;744;4;2;66.7;7;6;2;1;2;3;0;1;13;16;4;10;5;10;1;1;5;6;5;17;17;23;1;1;0;1;0
44063;353;26;51.0714;53;48.5;0;0;0;0;0;0;0;2;0;0;7;287;0;0;287;0;0;0;3;4;1;2;1;1;0;0;19;16;10;4;12;6;2;1;2;1;0;23;17;17;0;0;0;0;0
44063;360;26;69.4714;63;63.9;0;0;1;0;1;0;0;2;0;0;24;1352;413;48;891;7;11;38.9;4;6;7;2;3;1;1;0;18;14;4;4;10;6;1;1;7;8;6;23;17;17;0;0;0;0;1
44063;361;280;57.4167;56.8;59.9;0;0;0;1;0;0;0;1;0;0;12;514;91;0;423;0;0;0;6;4;2;0;1;2;0;0;14;18;4;11;6;11;1;2;2;0;4;17;17;23;0;1;0;0;0
44063;383;280;59.9;71.3;43.3;0;1;0;0;1;0;0;2;0;0;19;919;299;0;620;0;0;0;3;5;0;8;1;6;1;1;17;17;6;3;6;7;0;1;4;5;9;17;17;23;0;1;0;0;0
44063;395;26;62.0714;59.2;63.7;0;0;0;1;3;0;0;1;0;0;28;1602;386;208;1008;0;0;0;6;8;5;0;7;2;1;1;16;12;6;6;6;5;1;0;14;9;10;23;17;17;0;4;0;0;0
44063;489;26;62.0429;48.9;64;0;0;0;2;0;1;0;2;0;0;17;748;0;86;662;0;0;0;6;5;2;2;1;1;0;0;16;15;9;4;12;6;2;1;4;4;3;23;17;17;0;1;2;0;0
44063;498;26;69.1333;61.7;77.1;0;0;1;0;1;2;0;1;2;0;18;786;0;59;727;0;0;0;8;7;3;3;1;2;1;0;14;13;8;3;12;5;1;1;4;4;3;23;17;17;1;1;1;0;0
44063;524;280;58.1375;58.8;49.9;0;0;0;4;1;0;0;0;0;0;29;1113;91;174;848;7;10;41.2;9;9;3;1;3;1;0;0;11;13;3;10;4;12;1;2;6;3;8;17;17;23;0;3;0;2;0
44063;609;280;59.2143;53.9;72.5;0;0;0;3;0;2;0;0;0;0;18;935;299;0;636;0;1;0.0;3;4;1;2;1;4;0;0;17;18;5;9;6;9;1;2;2;4;7;17;17;23;2;1;1;1;0
44063;942;280;62.2375;56.3;63.4;0;0;-1;0;0;1;0;1;0;0;22;1033;91;161;781;1;1;50.0;1;6;1;7;2;8;0;1;19;16;5;4;5;5;1;1;6;6;8;17;17;23;1;0;0;0;0
44063;947;26;54.35;57.2;51.1;0;0;-1;2;1;2;0;2;1;0;16;613;0;115;498;0;0;0;7;4;4;1;2;3;0;1;15;16;7;5;11;4;2;0;2;2;2;23;17;17;0;4;1;0;0
44063;1077;280;46.4143;55.1;43.8;0;1;-1;1;0;0;2;1;1;0;26;1155;0;228;927;0;0;0;5;7;2;4;3;3;1;2;15;15;4;7;4;10;0;0;4;10;8;17;17;23;0;1;0;0;0
44063;1163;280;73.4667;52.3;78.3;0;0;0;1;0;3;2;0;1;0;21;1013;0;179;834;0;0;0;7;8;3;2;3;3;0;0;13;14;3;9;4;10;1;2;7;2;5;17;17;23;0;3;1;0;0
44063;1265;26;62.6125;53;63.9;0;1;1;1;0;0;0;2;1;2;21;1133;103;48;982;6;11;35.3;7;7;1;2;7;3;1;0;15;13;10;4;6;4;1;1;8;6;8;23;17;17;0;0;1;0;0
44063;1282;280;60.6;56.5;60.1;0;0;0;1;1;2;0;1;0;1;23;972;0;196;776;1;0;100.0;7;6;2;1;4;1;0;0;13;16;4;10;3;12;1;2;6;5;4;17;17;23;0;1;1;2;0
44063;1338;280;60.8429;55;66.8;0;0;-1;2;0;3;2;1;1;0;29;1391;299;228;864;0;0;0;3;7;2;3;0;7;0;1;17;15;4;8;7;6;1;1;6;7;9;17;17;23;3;1;1;0;0
44063;1344;26;74.6571;71.5;77.7;1;0;1;1;1;0;0;3;0;1;27;1465;383;227;855;3;0;100.0;3;5;6;1;3;0;1;0;19;15;5;5;10;7;1;1;10;8;7;23;17;17;0;0;1;1;0
44063;1375;26;55.38;58.2;44.1;0;0;-1;2;0;0;0;1;0;0;12;429;0;0;429;4;2;66.7;5;3;3;0;2;2;0;1;17;17;8;6;11;5;2;0;2;2;2;23;17;17;0;1;0;1;0
44063;1447;280;71.6;50.2;88;0;0;0;0;1;3;2;1;1;0;24;1198;91;117;990;0;0;0;7;7;3;5;4;3;1;1;13;15;3;6;3;10;0;1;4;6;6;17;17;23;1;2;1;0;0
44063;2038;26;53.05;52.5;49.7;0;0;0;2;0;1;2;0;0;0;8;369;0;0;369;0;0;0;5;4;0;2;1;1;0;0;17;16;11;4;12;6;2;1;2;1;0;23;17;17;1;0;1;1;0
44063;2471;280;54.86;52.8;52.1;0;0;0;0;0;0;0;1;0;0;10;402;0;43;359;0;0;0;1;0;1;2;0;2;0;0;19;22;5;9;7;11;1;2;2;1;1;17;17;23;0;0;0;0;0
44063;2491;280;78.6857;39.4;83.6;0;0;0;2;0;0;12;1;0;2;21;1019;0;66;953;0;0;0;8;5;1;5;1;7;0;0;12;17;5;6;6;6;1;2;5;6;6;17;17;23;0;0;2;0;0
44063;2539;26;92.7;54.9;99;0;0;0;5;0;1;0;1;3;0;20;1183;130;123;930;0;0;0;8;4;3;3;5;3;0;0;14;16;8;3;8;4;2;1;5;4;4;23;17;17;1;3;2;0;0
44063;2718;26;90.55;76.8;100;0;1;1;1;3;1;0;2;1;0;25;1420;413;115;892;0;0;0;5;6;7;2;3;1;1;0;17;14;4;4;10;6;1;1;7;8;6;23;17;17;0;1;3;1;0
44063;2786;280;52.1875;56.3;47.8;0;0;0;2;1;0;0;1;0;1;19;784;0;116;668;6;4;60.0;5;6;2;2;2;5;0;0;15;16;4;9;5;8;1;2;2;2;6;17;17;23;0;2;1;0;0
44063;4329;26;72.26;72.8;64.6;1;0;1;2;0;2;0;0;0;0;25;1313;103;227;983;4;6;40.0;7;7;1;2;7;3;1;0;15;13;10;4;6;4;1;1;12;5;8;23;17;17;2;2;0;0;0
44063;4332;26;60.8;43.8;81.3;0;0;1;3;2;1;0;0;0;3;23;1335;130;123;1082;0;0;0;10;7;4;3;5;3;1;0;12;13;7;3;8;4;1;1;6;5;5;23;17;17;1;1;3;0;1
44063;4334;26;53.4286;56.1;53.6;0;0;-1;1;0;1;2;1;0;0;13;492;0;0;492;0;0;0;7;3;2;0;2;2;0;1;15;17;9;6;11;5;2;0;2;2;2;23;17;17;1;1;0;0;0
44063;4554;26;53.8;54.2;51.4;0;0;0;0;0;0;0;0;0;0;8;328;0;0;328;1;2;33.3;5;4;0;2;1;1;0;0;17;16;11;4;12;6;2;1;2;1;0;23;17;17;0;0;0;0;0
44063;4773;26;69.7857;82.4;53.2;0;1;1;3;1;0;2;4;0;0;20;1086;103;0;983;0;0;0;8;7;1;2;7;3;1;0;14;13;10;4;6;4;1;1;8;6;8;23;17;17;0;2;1;1;0
44063;5002;280;76.02;79.4;59;1;0;-1;3;2;2;0;1;0;0;30;1450;299;146;1005;13;7;65.0;6;9;1;7;2;6;1;2;14;13;5;4;5;7;0;0;6;10;8;17;17;23;2;3;1;1;0
44063;5254;280;61.85;64;48.7;0;0;0;2;3;0;0;2;0;0;24;1188;299;0;889;0;0;0;10;7;2;2;3;0;1;1;10;15;4;9;4;13;0;1;4;8;7;17;17;23;0;3;1;0;1
44065;6;5;73.1833;74.9;56.2;1;0;-1;9;1;0;0;2;0;0;19;1033;339;60;634;1;1;50.0;4;6;0;1;0;2;0;1;7;23;3;9;7;12;0;1;3;8;7;24;23;23;0;4;2;2;2
44065;71;5;57.2857;50.8;73.5;0;0;-1;0;0;0;0;0;0;0;17;721;0;0;721;0;0;0;6;8;1;3;2;3;0;1;5;21;2;7;5;11;0;1;6;5;3;24;23;23;0;0;0;0;0
44065;99;5;71.3333;53.4;50.9;0;0;0;1;1;0;14;2;0;1;12;537;0;49;488;0;0;0;6;10;1;1;4;2;0;0;5;19;2;9;3;12;0;2;3;0;4;24;23;23;0;1;1;0;0
44065;103;5;54.3;54.4;53.9;0;0;0;2;0;1;0;1;0;1;14;719;104;0;615;1;0;100.0;6;10;1;2;4;3;0;0;5;19;2;8;3;11;0;2;5;2;5;24;23;23;1;2;0;0;0
44065;129;5;50.5714;53.5;48.9;0;0;-1;0;0;0;0;1;0;0;13;501;47;116;338;0;3;0.0;1;3;0;0;1;3;0;0;10;26;3;10;6;11;0;2;0;4;4;24;23;23;0;0;0;0;0
44065;483;0;61.85;58.8;66.3;0;1;1;3;0;0;0;1;0;1;22;1092;195;129;768;10;9;52.6;12;5;1;1;3;1;1;0;17;6;9;2;11;6;1;0;7;8;6;23;23;24;0;1;0;2;0
44065;548;5;60.2;50.9;61.4;0;0;-1;0;0;3;0;1;1;0;20;1253;135;251;867;0;0;0;3;9;1;4;2;6;0;1;8;20;2;6;5;8;0;1;7;9;6;24;23;23;1;0;2;0;0
44065;625;0;57.45;60.3;54.8;0;1;1;1;0;0;2;0;1;0;12;606;0;0;606;0;0;0;7;1;2;2;3;4;1;0;22;10;8;1;11;3;1;0;4;3;3;23;23;24;0;0;1;0;0
44065;642;0;87.85;79.3;83.7;1;2;0;8;2;2;0;3;0;0;24;1216;425;154;637;1;3;25.0;9;1;5;0;7;0;0;0;20;10;5;3;7;7;2;0;8;9;11;23;23;24;1;4;1;6;0
44065;652;0;57.7667;54.1;49.8;0;0;0;0;0;0;5;1;0;0;8;357;25;0;332;0;0;0;1;4;2;0;1;1;0;0;28;7;8;3;13;6;2;0;0;2;0;23;23;24;0;0;0;0;0
44065;764;0;75.8714;52.1;94.4;0;0;0;2;0;0;2;0;0;1;31;1516;464;181;871;0;0;0;9;2;2;2;5;3;0;0;20;9;8;1;9;4;2;0;11;10;17;23;23;24;0;2;0;0;0
44065;798;0;62.8333;65.1;60.4;0;1;2;4;1;0;2;1;0;0;21;1105;189;129;787;0;0;0;11;5;1;1;4;1;1;0;18;6;9;2;10;6;1;0;6;11;5;23;23;24;0;2;1;2;0
44065;799;0;76.9714;57.6;78.8;0;0;2;2;0;0;0;1;1;0;21;1075;25;197;853;0;0;0;12;6;3;1;4;2;2;0;17;5;7;2;10;5;0;0;3;7;4;23;23;24;0;1;0;0;1
44065;931;0;60.6571;61.6;55.5;1;0;1;3;1;0;0;0;0;0;11;586;0;0;586;5;5;50.0;7;1;2;2;3;4;1;0;22;10;8;1;11;3;1;0;4;3;3;23;23;24;0;2;0;2;0
44065;981;5;61.9286;63.9;57;0;1;-1;3;1;2;0;1;0;1;21;1210;339;0;871;8;7;53.3;0;9;2;7;1;5;0;1;11;20;1;3;6;9;0;1;11;5;4;24;23;23;1;3;1;1;0
44065;1040;5;73.0625;57.1;74.8;0;0;0;3;0;1;0;1;0;1;21;916;0;266;650;8;2;80.0;6;11;1;2;4;5;0;0;5;18;2;8;3;9;0;2;8;3;8;24;23;23;1;2;0;1;0
44065;1311;0;57.5667;55.8;64.6;0;0;0;1;1;0;0;0;0;0;19;852;161;92;599;0;0;0;5;3;5;0;5;2;0;0;24;8;5;3;9;5;2;0;5;6;2;23;23;24;0;1;1;0;0
44065;1340;0;70.5857;70.9;67.7;1;1;-1;3;1;0;0;1;0;0;28;1249;425;222;602;6;14;30.0;6;1;5;0;6;1;0;0;23;10;5;3;8;6;2;0;10;7;14;23;23;24;0;1;1;1;1
44065;1417;5;70.7;62.5;80.5;1;0;0;2;0;0;0;0;0;1;17;781;78;406;297;10;6;62.5;1;4;0;0;2;4;0;0;10;25;3;10;5;10;0;2;5;5;10;24;23;23;0;1;1;0;0
44065;1435;5;46.3333;45.5;48;0;0;-1;0;0;0;0;1;0;1;17;721;0;0;721;0;0;0;6;8;1;3;2;3;0;1;5;21;2;7;5;11;0;1;6;5;3;24;23;23;0;0;0;0;0
44065;1533;0;72.06;71;74.4;0;2;2;1;1;1;2;0;0;0;25;1227;161;197;869;0;0;0;12;1;3;1;6;2;2;0;17;10;7;2;8;5;0;0;5;9;4;23;23;24;0;2;1;0;0
44065;1566;5;60.1833;53.6;85.3;0;0;-1;1;1;3;0;0;1;2;23;1321;320;60;941;0;0;0;0;9;2;7;1;5;0;1;11;20;1;3;6;9;0;1;11;7;4;24;23;23;0;1;3;1;0
44065;2434;5;55.125;53.7;53.1;0;0;-1;0;0;0;4;2;1;0;15;819;0;0;819;0;0;0;0;9;2;7;1;5;0;1;11;20;1;3;6;9;0;1;8;5;1;24;23;23;0;0;0;0;0
44065;2462;0;69.9;74.5;58.9;0;2;0;4;4;0;0;2;1;0;32;1588;464;232;892;0;0;0;11;2;2;2;5;3;0;0;18;9;8;1;9;4;2;0;14;10;18;23;23;24;0;2;1;3;2
44065;2635;0;53.3429;53.3;53.7;0;0;0;0;0;0;0;1;0;0;9;399;30;0;369;0;1;0.0;1;4;2;0;1;1;0;0;28;7;8;3;13;6;2;0;0;3;0;23;23;24;0;0;0;0;0
44065;2656;0;79.9;79.1;80.6;1;0;1;6;1;2;2;1;0;0;22;1131;195;101;835;2;0;100.0;12;5;1;1;3;1;1;0;17;6;9;2;11;6;1;0;7;8;6;23;23;24;1;3;3;1;1
44065;2719;5;76.7;67.1;86.3;0;2;0;5;0;2;2;1;1;2;20;1052;339;169;544;8;7;53.3;4;4;0;1;0;2;0;1;7;25;3;9;7;12;0;1;4;7;6;24;23;23;0;4;0;2;1
44065;2768;0;58.82;54.3;65.4;0;0;0;2;0;0;0;0;1;0;13;501;30;28;443;1;1;50.0;3;4;2;0;1;1;0;0;26;7;8;3;13;6;2;0;0;3;0;23;23;24;0;0;2;0;0
44065;3433;0;56.8429;54.7;57.2;0;0;1;2;1;1;0;0;0;0;11;586;0;0;586;0;0;0;7;1;2;2;3;4;1;0;22;10;8;1;11;3;1;0;4;3;3;23;23;24;1;2;1;0;0
44065;3555;0;81.5333;71.2;90.2;1;0;-1;7;1;2;0;3;0;1;30;1364;425;263;676;4;8;33.3;9;1;5;0;7;1;0;0;20;10;5;3;7;6;2;0;11;7;15;23;23;24;1;4;2;3;0
44065;3563;5;72.1429;35.2;78.3;0;0;1;1;0;5;0;2;0;2;32;1565;320;427;818;0;0;0;2;14;1;3;3;5;0;0;9;15;2;7;4;9;0;2;13;7;15;24;23;23;3;1;2;0;0
44065;4337;5;62.6167;50.7;65.6;0;0;-2;0;0;4;2;3;1;0;20;1219;97;181;941;0;0;0;3;7;1;4;1;6;0;1;8;22;2;6;6;8;0;1;3;9;6;24;23;23;3;0;1;0;0
44065;4344;0;69.1333;50.5;70.1;0;0;0;0;0;3;0;1;0;0;20;980;36;143;801;0;0;0;9;8;5;0;3;3;0;0;20;3;5;3;11;4;2;0;8;4;3;23;23;24;1;0;2;0;0
44065;4547;5;67.6143;48.6;74.4;0;1;1;0;1;1;7;3;0;1;23;1242;104;325;813;0;0;0;2;12;1;3;4;5;0;0;9;17;2;7;3;9;0;2;10;9;8;24;23;23;0;0;1;1;0
44065;4576;5;59.95;54;61.6;0;0;-1;3;1;0;0;0;0;0;12;629;182;51;396;1;0;100.0;1;3;0;1;2;3;0;0;10;26;3;9;5;11;0;2;2;6;5;24;23;23;0;1;0;1;2
44065;5253;5;52.82;49.4;58;0;0;-2;2;0;0;2;1;0;2;17;958;201;119;638;4;3;57.1;4;7;0;1;1;3;0;1;7;22;3;9;6;11;0;1;3;11;7;24;23;23;0;2;0;0;0
44067;121;279;57.5143;49.4;58.4;0;0;0;2;1;0;0;4;0;0;28;1278;164;125;989;0;0;0;5;10;2;2;5;4;1;1;9;11;5;6;10;7;2;1;6;5;6;21;12;25;0;0;2;1;0
44067;126;279;66.2667;66.1;66;0;1;2;2;0;1;0;2;0;1;24;1160;443;123;594;0;0;0;4;5;5;1;5;5;2;0;10;16;2;7;10;6;1;2;12;5;5;21;12;25;1;1;0;0;1
44067;330;279;54.2143;57.5;49.5;0;0;-2;2;0;0;2;0;0;0;15;871;92;39;740;5;5;50.0;4;13;1;4;5;2;0;2;10;8;6;4;10;9;3;0;3;2;5;21;12;25;0;2;0;0;0
44067;430;10;82.65;82.2;82.3;2;0;1;3;1;0;0;0;1;0;28;1373;359;324;690;0;1;0.0;9;2;2;2;4;4;1;0;12;12;6;5;7;11;1;3;14;3;13;25;12;21;0;3;0;1;0
44067;462;10;57.375;59.4;55.2;0;0;1;1;1;0;0;0;0;0;14;640;0;210;430;0;0;0;3;0;2;1;0;1;1;0;18;14;6;6;11;14;1;3;1;2;4;25;12;21;0;1;0;1;0
44067;569;279;59.5143;47.7;68.2;0;0;-1;1;0;2;0;0;0;1;19;821;0;76;745;0;0;0;6;6;2;4;2;4;0;1;8;15;5;4;13;7;3;1;3;1;5;21;12;25;1;1;1;0;0
44067;699;10;52.3;52;52.8;0;0;-2;0;0;3;2;0;0;1;22;1160;0;251;909;2;6;25.0;6;9;4;3;3;7;0;2;15;5;4;4;8;8;2;1;8;5;7;25;12;21;3;0;0;0;0
44067;818;10;52.8429;53.5;47;0;0;-1;0;0;0;2;0;0;0;12;624;139;0;485;1;1;50.0;3;2;0;1;4;4;0;1;18;12;8;6;7;11;2;2;2;2;1;25;12;21;0;0;0;0;0
44067;874;10;47.4714;46.4;48.1;0;0;-1;0;0;1;0;0;0;1;15;820;0;230;590;0;0;0;2;4;2;1;1;3;0;1;19;10;6;6;10;12;2;2;9;3;2;25;12;21;1;0;0;0;0
44067;959;10;52.8;59.4;48.3;0;1;1;0;0;0;0;2;0;0;15;717;0;0;717;0;0;0;9;2;2;2;4;4;1;0;12;12;6;5;7;11;1;3;5;2;5;25;12;21;0;0;0;0;0
44067;989;10;69.8333;65.9;76.8;0;1;-1;1;1;2;0;0;0;0;18;1105;359;279;467;0;0;0;1;2;1;1;1;3;0;1;20;12;7;6;10;12;2;2;11;3;5;25;12;21;1;2;1;0;0
44067;1132;10;67.4857;66;67;0;0;-2;2;1;2;0;1;0;2;23;1256;139;52;1065;6;6;50.0;6;11;4;3;4;6;0;2;15;3;4;4;7;9;2;1;8;5;2;25;12;21;1;0;2;2;0
44067;1218;279;78.0667;58.4;79;0;1;2;0;0;3;0;2;0;0;24;1170;0;332;838;0;0;0;5;5;3;2;9;4;2;0;9;16;4;6;6;7;1;2;6;4;11;21;12;25;2;0;0;1;0
44067;1233;10;72.3286;73.5;58.2;0;2;1;2;0;0;0;0;0;1;22;1149;359;73;717;14;8;63.6;9;2;2;2;4;4;1;0;12;12;6;5;7;11;1;3;12;2;9;25;12;21;0;1;0;0;1
44067;1245;279;54.3;48.7;63.7;0;0;0;1;0;0;0;0;1;1;13;533;0;150;383;0;1;0.0;1;1;1;2;2;3;0;0;13;20;6;6;13;8;3;2;0;1;3;21;12;25;0;1;0;0;0
44067;1305;10;56.2286;59.3;53.4;0;1;0;4;0;4;0;1;0;0;23;1116;0;183;933;0;0;0;10;4;3;2;6;5;1;1;11;10;5;5;5;10;1;2;8;3;11;25;12;21;2;3;3;0;0
44067;1316;279;76.9571;56.4;81.2;0;1;2;0;0;3;2;7;1;0;28;1352;164;324;864;0;0;0;4;5;3;2;8;3;2;0;10;16;4;6;7;8;1;2;5;5;13;21;12;25;2;0;1;0;0
44067;1323;10;64.4143;47.6;65;0;0;0;3;1;4;0;1;0;1;27;1455;183;223;1049;0;0;0;10;8;4;4;4;7;1;1;11;6;4;3;7;8;1;2;7;6;6;25;12;21;1;2;4;1;0
44067;1353;10;72.82;77;56.1;2;1;1;3;0;0;0;0;0;0;14;656;359;0;297;0;0;0;3;0;2;1;0;0;1;0;18;14;6;6;11;15;1;3;5;1;6;25;12;21;0;1;1;1;0
44067;1357;279;62.35;63.1;61.4;2;0;2;2;2;1;2;0;1;1;22;756;0;186;570;4;3;57.1;5;5;5;1;5;4;2;0;9;16;2;7;10;7;1;2;8;4;5;21;12;25;1;2;1;0;1
44067;1434;279;52.2286;51.3;53.9;0;0;0;0;0;0;12;0;0;0;11;420;0;65;355;1;3;25.0;1;0;1;1;1;2;0;0;13;21;6;7;14;9;3;2;0;1;3;21;12;25;0;0;0;0;0
44067;1711;279;51.7;53.8;39.4;0;0;-2;1;0;0;0;1;0;0;14;766;0;81;685;0;2;0.0;5;12;1;4;4;2;0;2;9;9;6;4;11;9;3;0;4;1;5;21;12;25;0;0;1;0;0
44067;2447;279;52.6;51.9;53.9;0;0;0;0;0;0;0;0;0;1;10;499;161;0;338;0;0;0;1;0;1;1;1;2;0;0;13;21;6;7;14;9;3;2;0;1;5;21;12;25;0;0;0;0;0
44067;2513;279;58.8333;52.5;85.1;0;0;-1;1;1;2;2;2;1;1;19;1220;440;41;739;0;0;0;4;6;2;4;1;4;0;1;10;15;5;4;14;7;3;1;9;3;8;21;12;25;0;3;1;0;0
44067;2637;279;54.5;54.6;53.4;0;1;1;1;0;0;0;0;0;2;25;1029;161;0;868;0;1;0.0;3;4;0;3;3;2;1;0;11;17;7;5;12;9;2;2;4;5;9;21;12;25;0;0;1;0;0
44067;2650;279;59.7333;58.8;55;0;1;2;0;1;0;2;1;1;1;24;936;161;123;652;4;8;33.3;4;5;5;1;5;5;2;0;10;16;2;7;10;6;1;2;5;4;4;21;12;25;0;1;0;0;0
44067;2697;279;55.3667;58.5;49.1;0;0;-2;0;1;1;0;0;0;0;17;1088;443;0;645;0;0;0;4;12;1;3;5;2;0;2;10;9;6;5;10;9;3;0;9;3;7;21;12;25;0;0;1;0;1
44067;2723;10;53.05;56.6;48.3;0;0;-1;1;0;1;0;1;0;0;13;665;139;70;456;0;2;0.0;3;2;0;1;4;4;0;1;18;12;8;6;7;11;2;2;2;3;2;25;12;21;1;1;0;0;0
44067;2790;279;63.1429;58.6;66.2;0;0;0;4;0;2;0;0;0;0;29;1427;440;98;889;0;0;0;4;10;2;2;5;4;1;1;10;11;5;6;10;7;2;1;13;6;7;21;12;25;2;4;0;0;0
44067;3541;10;71.7167;73.5;73;0;1;0;3;1;5;7;0;0;1;26;1359;277;151;931;0;0;0;9;6;3;4;3;7;1;1;12;8;5;3;8;8;1;2;7;6;5;25;12;21;4;3;1;1;0
44067;3544;279;91.3143;88.8;74.6;1;0;1;7;1;1;5;4;0;1;31;1266;351;186;729;12;9;57.1;5;2;0;0;4;1;1;0;9;19;7;8;11;10;2;2;11;4;13;21;12;25;1;4;0;4;0
44067;4343;10;55.25;57.1;44.2;0;0;-1;2;1;0;0;0;0;0;12;595;139;0;456;0;0;0;3;2;0;1;4;4;0;1;18;12;8;6;7;11;2;2;2;2;1;25;12;21;0;1;1;1;0
44067;4372;10;56.1;59.7;46.5;0;0;-2;1;2;1;0;1;0;0;18;992;0;70;922;4;1;80.0;6;10;4;3;3;6;0;2;15;4;4;4;8;9;2;1;8;5;3;25;12;21;1;1;2;0;0
44067;4374;10;55.7667;53.7;59.6;0;1;1;0;1;1;2;0;0;1;12;548;0;158;390;5;1;83.3;3;0;2;1;0;1;1;0;18;14;6;6;11;14;1;3;1;2;3;25;12;21;1;1;0;0;0
44067;4552;279;59.1667;60.3;54.5;0;0;1;1;0;1;0;1;0;0;23;910;0;43;867;0;0;0;5;4;0;3;5;2;1;0;9;17;7;5;10;9;2;2;4;4;7;21;12;25;1;0;0;1;0
44067;4569;10;60.6143;52.7;62.4;0;0;0;1;0;2;2;1;0;0;23;1166;38;142;986;0;0;0;10;4;3;2;6;5;1;1;11;10;5;5;5;10;1;2;10;2;13;25;12;21;1;1;1;0;0
44069;14;19;55.775;59.6;53;0;0;1;2;0;0;0;0;1;0;16;835;0;0;835;1;0;100.0;6;7;3;0;5;2;1;0;20;12;7;8;11;9;1;1;3;5;4;21;18;18;0;0;0;2;0
44069;108;19;90.4571;48.1;94.6;0;0;0;2;0;3;0;4;0;1;26;1377;0;292;1085;0;0;0;8;9;1;1;2;5;0;0;18;10;9;7;14;6;2;1;10;3;7;21;18;18;1;2;2;0;0
44069;128;19;55.3857;47.3;61.1;0;0;0;1;0;1;0;1;0;2;18;1123;0;255;868;0;0;0;9;3;1;3;7;4;1;1;17;16;9;5;9;7;1;0;4;7;4;21;18;18;0;1;1;0;0
44069;181;18;70.4;67.4;73.7;0;1;0;4;1;1;0;1;0;0;27;1529;568;45;916;0;0;0;5;6;5;4;3;8;0;0;14;20;3;6;8;8;1;2;10;8;7;18;18;21;1;2;2;1;0
44069;264;18;68.0667;63.3;89.5;0;1;0;2;2;1;0;2;0;0;22;1204;568;0;636;0;1;0.0;6;2;2;2;3;5;0;0;13;24;6;8;8;11;1;2;6;4;8;18;18;21;0;2;1;2;0
44069;321;18;58.7333;55.2;64.6;0;0;0;0;0;1;0;0;1;0;20;890;0;54;836;0;0;0;3;7;1;4;1;4;0;0;16;19;7;6;10;12;1;2;4;3;6;18;18;21;1;0;0;0;0
44069;379;19;54.6667;57.1;47.4;0;0;0;0;2;0;0;0;0;0;19;844;0;209;635;4;1;80.0;2;5;3;4;3;4;0;0;24;14;7;4;13;7;2;1;4;4;4;21;18;18;0;1;0;1;0
44069;507;19;74.75;78.6;70.5;0;0;0;3;1;0;0;0;1;0;27;1284;118;318;848;7;7;50.0;12;5;2;1;6;2;0;0;14;14;8;7;10;9;2;1;13;4;6;21;18;18;0;1;1;2;0
44069;561;19;72.6857;55.9;74.2;0;0;1;3;1;0;4;1;0;0;26;1511;112;207;1192;0;0;0;14;7;8;4;7;2;1;0;12;12;2;4;9;9;1;1;10;9;6;21;18;18;0;2;1;1;0
44069;629;18;65.5571;64.1;67.8;0;1;1;0;2;0;0;0;0;0;13;710;112;0;598;4;5;44.4;6;5;3;1;6;3;1;0;13;21;5;9;5;13;0;2;3;4;3;18;18;21;0;1;0;1;0
44069;631;18;65.6429;67.9;57.9;1;0;-2;2;1;0;0;1;1;0;27;1517;562;0;955;0;1;0.0;6;14;2;2;1;6;0;2;13;12;6;8;10;10;1;0;9;7;10;18;18;21;0;1;0;2;0
44069;727;18;58.9;60.7;57.1;0;0;0;2;0;0;0;1;0;0;17;821;106;140;575;0;2;0.0;4;4;3;2;6;2;0;0;15;22;5;8;5;14;1;2;5;3;4;18;18;21;0;2;0;0;0
44069;864;18;64.7714;57.9;67.4;0;0;0;2;2;0;0;2;0;0;14;951;562;0;389;0;1;0.0;4;1;3;1;5;2;0;0;15;25;5;9;6;14;1;2;9;4;9;18;18;21;0;2;2;0;0
44069;946;19;65.3;64.2;65.2;0;0;-1;2;1;0;0;0;0;0;23;1194;118;147;929;3;1;75.0;11;5;2;1;6;3;0;1;15;14;8;7;10;8;2;0;2;4;5;21;18;18;0;1;1;0;1
44069;1091;19;61.9;62.9;55.1;1;0;1;3;2;0;0;1;0;1;25;1217;129;318;770;13;6;68.4;5;6;4;0;4;2;1;0;21;13;6;8;12;9;1;1;8;7;7;21;18;18;0;1;0;4;0
44069;1203;18;55.3;58.6;52;0;0;0;1;1;0;2;2;0;0;20;899;0;55;844;7;5;58.3;2;7;1;5;1;4;0;0;17;19;7;5;10;12;1;2;6;3;5;18;18;21;0;1;0;1;0
44069;1241;19;54.6;56.8;51.1;0;0;0;4;0;0;2;0;0;1;20;998;118;0;880;0;0;0;12;5;2;1;6;2;0;0;14;14;8;7;10;9;2;1;8;3;4;21;18;18;0;2;2;0;0
44069;1250;18;73.5286;68.7;82.8;0;0;0;1;1;1;0;2;1;0;22;1164;562;53;549;5;13;27.8;5;1;2;2;3;4;0;0;14;25;6;8;8;12;1;2;6;5;7;18;18;21;1;2;0;0;0
44069;1306;18;75.3286;53.3;91.5;0;0;0;0;0;4;0;0;2;0;26;1260;106;62;1092;0;0;0;5;9;5;5;4;8;0;0;14;17;3;5;7;8;1;2;5;7;1;18;18;21;2;2;0;0;0
44069;1325;18;55.9;58.1;52.5;0;0;0;0;0;0;0;1;0;0;19;859;0;53;806;0;0;0;2;7;1;4;1;4;0;0;17;19;7;6;10;12;1;2;4;4;6;18;18;21;0;0;0;0;0
44069;1461;19;67.5714;60.4;81.3;0;1;1;1;2;2;0;4;0;1;25;1313;135;150;1028;0;0;0;9;7;7;4;6;2;1;0;17;12;3;4;10;9;1;1;7;7;6;21;18;18;1;1;2;1;0
44069;1586;18;62.8667;55.6;72.3;0;0;-1;1;1;2;0;5;0;1;25;1284;112;54;1118;0;0;0;7;16;2;2;2;5;1;2;12;10;6;8;9;11;0;0;3;8;4;18;18;21;2;0;1;1;0
44069;2519;19;58.3667;57.8;59.2;0;1;1;1;2;0;2;2;0;3;22;1132;129;162;841;0;0;0;7;7;4;0;4;3;1;0;19;12;6;8;12;8;1;1;4;8;7;21;18;18;0;1;2;0;0
44069;2537;19;48.74;47.4;53.1;0;0;1;0;1;0;0;0;0;1;7;460;0;0;460;0;0;0;3;0;1;3;2;2;1;0;23;19;9;5;14;9;1;1;1;3;1;21;18;18;0;1;0;0;0
44069;2688;19;56.9333;58.1;54.9;0;0;-1;1;1;0;2;0;1;1;20;1028;129;75;824;5;3;62.5;5;8;4;4;3;5;0;1;21;11;6;4;13;6;2;0;3;4;3;21;18;18;0;0;0;0;2
44069;2814;18;77;47.9;80.8;0;0;1;0;1;1;0;2;0;1;22;1118;0;140;978;0;0;0;9;11;2;4;5;5;1;0;10;15;6;6;6;11;0;2;6;4;11;18;18;21;1;0;0;1;0
44069;3554;19;68.1286;65.1;70.8;0;1;1;1;0;1;0;0;0;0;11;707;135;0;572;3;2;60.0;4;2;1;3;3;2;1;0;22;17;9;5;13;9;1;1;4;3;2;21;18;18;1;0;1;0;0
44069;3561;18;63.7;65;51.2;1;0;-1;3;0;2;0;2;0;0;23;1229;112;0;1117;4;8;33.3;6;16;2;2;2;5;1;2;13;10;6;8;9;11;0;0;3;8;4;18;18;21;2;1;1;1;0
44069;4328;19;70.3333;68;69.9;0;0;0;3;0;2;2;3;0;0;23;1396;112;259;1025;0;0;0;6;8;2;1;3;5;0;0;20;11;8;7;13;6;2;1;10;4;9;21;18;18;2;0;2;1;0
44069;4338;19;53.65;57.3;45.6;1;0;0;3;0;0;0;0;0;1;9;592;0;119;473;1;0;100.0;3;1;1;3;2;2;1;1;23;18;9;5;14;9;1;0;1;4;3;21;18;18;0;1;1;1;0
44069;4341;19;61;60.1;64.3;0;0;0;1;0;2;0;0;0;0;14;715;0;0;715;0;0;0;3;6;3;4;4;4;0;0;23;13;7;4;12;7;2;1;3;2;2;21;18;18;1;1;0;1;0
44069;4363;19;49.7857;50.7;48.4;0;1;0;0;0;1;0;2;0;1;19;1100;0;185;915;0;0;0;11;4;1;3;7;4;1;1;15;15;9;5;9;7;1;0;4;6;4;21;18;18;1;0;0;0;0
44069;4564;18;72.8167;51.2;74.5;0;1;1;5;1;2;0;0;0;1;20;1069;0;62;1007;0;0;0;9;11;2;5;5;5;1;0;10;15;6;5;6;11;0;2;6;3;10;18;18;21;0;3;4;1;0
44069;4577;18;65.9571;53;65.9;0;0;-2;1;0;0;0;3;0;0;19;1056;0;140;916;0;0;0;5;6;1;1;2;3;0;2;14;20;7;9;9;13;1;0;2;6;4;18;18;21;0;1;0;0;0
44069;4771;18;51.0333;50.4;53.8;0;0;0;0;0;0;2;1;0;1;17;734;0;85;649;0;1;0.0;6;1;2;3;3;4;0;0;13;25;6;7;8;12;1;2;0;3;2;18;18;21;0;0;0;0;0
44069;4786;18;53.06;52.9;51.8;0;0;-2;1;0;1;0;1;1;0;17;959;0;45;914;0;0;0;5;6;1;1;2;3;0;2;14;20;7;9;9;13;1;0;1;5;3;18;18;21;0;1;1;0;0
44071;24;22;66.1667;62.8;59.4;0;1;-1;2;1;1;0;0;1;0;30;1478;367;72;1039;17;12;58.6;6;17;1;6;1;5;0;1;5;25;3;5;1;5;0;3;10;4;18;24;17;28;0;3;0;0;1
44071;30;17;61.1571;69.6;54.8;1;0;1;6;1;1;0;0;0;1;14;629;0;0;629;3;9;25.0;17;2;2;0;0;1;1;0;25;9;9;4;10;1;3;0;2;3;7;28;17;24;1;3;0;3;1
44071;42;22;51.4857;57.1;44.7;0;0;-2;2;0;0;0;1;0;0;17;781;44;74;663;2;3;40.0;1;9;1;2;0;0;0;2;10;33;3;9;2;10;0;2;5;4;4;24;17;28;0;0;1;1;0
44071;47;17;74.1333;54;79;0;0;0;2;2;3;2;0;1;0;27;1299;163;167;969;0;0;0;13;7;6;0;6;2;0;0;29;4;5;4;4;0;4;0;16;6;7;28;17;24;2;2;2;1;0
44071;109;22;50.15;52.9;48;0;0;-2;0;1;0;0;1;1;0;13;639;0;21;618;1;1;50.0;2;11;1;1;0;1;0;2;9;31;3;10;2;9;0;2;4;3;2;24;17;28;0;0;1;0;0
44071;179;22;56.8571;59.3;51.5;0;0;0;1;0;1;0;1;0;0;9;480;0;0;480;0;0;0;2;9;0;1;1;3;0;0;9;33;4;10;1;7;0;4;5;2;3;24;17;28;0;0;1;1;0
44071;222;22;44.8;44.5;46;0;0;0;1;0;0;0;0;0;1;8;430;0;0;430;0;0;0;2;7;0;1;1;2;0;0;9;35;4;10;1;8;0;4;5;1;3;24;17;28;0;0;0;0;1
44071;372;22;66.54;58.5;68.1;0;0;0;1;0;2;0;2;1;0;22;1207;170;72;965;0;0;0;5;18;1;2;1;4;0;0;6;24;3;9;1;6;0;4;11;3;5;24;17;28;1;2;0;0;0
44071;453;17;72.3333;66.6;69.4;0;0;1;2;2;0;0;0;0;0;24;1044;34;48;962;9;7;56.3;12;2;6;2;4;1;1;0;30;9;5;2;6;1;3;0;6;5;7;28;17;24;0;2;0;2;0
44071;506;22;51.4143;55.7;37.9;0;0;-2;0;0;0;0;0;0;0;17;826;119;0;707;0;0;0;2;9;2;2;0;2;0;2;9;33;2;9;2;8;0;2;3;7;3;24;17;28;0;0;0;0;0
44071;549;22;71.2;66.9;75.6;0;1;-1;0;1;1;0;1;1;0;27;1464;367;95;1002;1;2;33.3;5;17;1;6;1;5;0;1;6;25;3;5;1;5;0;3;9;5;12;24;17;28;0;1;0;1;0
44071;566;17;78.7667;81.6;59.2;2;1;2;6;1;0;0;0;0;0;20;914;84;23;807;0;0;0;11;5;2;0;3;0;2;0;31;6;9;4;7;2;2;0;11;4;4;28;17;24;0;3;3;1;0
44071;580;17;63.8;62.4;66.9;0;0;1;4;0;0;2;4;1;1;20;945;82;227;636;4;5;44.4;17;2;2;0;0;1;1;0;25;9;9;4;10;1;3;0;8;4;11;28;17;24;0;2;1;1;0
44071;736;17;70.4714;61.1;67.6;0;0;0;0;0;1;0;2;0;0;17;687;63;273;351;0;1;0.0;2;2;1;1;3;0;0;0;40;9;10;3;7;2;4;0;7;3;6;28;17;24;1;0;0;0;0
44071;788;17;71.3143;58;72.6;0;1;0;2;0;0;2;1;0;0;34;1361;130;232;999;0;0;0;11;1;2;2;2;0;0;0;31;10;9;2;8;2;4;0;15;5;10;28;17;24;0;2;0;0;0
44071;807;17;52.3333;53.9;49.2;0;0;0;2;0;0;0;0;0;0;10;404;0;0;404;0;0;0;2;2;1;2;3;0;0;0;40;9;10;2;7;2;4;0;0;3;2;28;17;24;0;1;0;1;0
44071;835;17;71.2;64.5;84.6;0;2;0;6;1;1;0;1;0;1;31;1359;130;179;1050;0;0;0;11;2;2;2;3;1;0;0;31;9;9;2;7;1;4;0;9;5;12;28;17;24;1;5;1;0;1
44071;870;22;54.2429;52.2;54;0;0;0;0;0;0;0;0;0;0;8;430;0;0;430;5;4;55.6;2;7;0;1;1;2;0;0;9;35;4;10;1;8;0;4;5;1;3;24;17;28;0;0;0;0;0
44071;996;17;67.2143;79.8;49.5;0;1;1;1;2;0;0;2;0;0;23;1069;34;0;1035;1;1;50.0;13;4;8;2;4;1;1;0;29;7;3;2;6;1;3;0;5;5;7;28;17;24;0;2;0;1;0
44071;1018;17;66.54;68.3;62.5;0;2;2;1;1;0;2;0;0;1;19;858;180;0;678;0;0;0;10;3;0;0;3;0;2;0;32;8;11;4;7;2;2;0;9;5;4;28;17;24;0;1;0;1;0
44071;1062;17;62.2286;69.1;52.6;0;1;1;3;2;0;0;3;0;1;19;885;81;0;804;0;0;0;10;1;6;2;3;0;1;0;32;10;5;2;7;2;3;0;3;6;4;28;17;24;0;4;1;0;0
44071;1115;22;60.7571;61.2;63.9;1;0;-1;4;3;0;6;3;0;0;23;1314;344;58;912;1;0;100.0;1;16;1;5;1;5;0;1;10;26;3;6;1;5;0;3;9;5;10;24;17;28;0;5;0;1;1
44071;1130;22;58.4857;53.6;61.8;0;0;-1;2;2;1;0;2;1;0;31;1437;316;189;932;0;0;0;3;10;1;6;0;5;0;1;8;32;3;5;2;5;0;3;9;8;19;24;17;28;1;4;0;0;0
44071;1270;22;41.0143;45.8;40.1;0;0;-3;0;0;2;0;0;1;1;18;1014;0;58;956;0;0;0;3;15;2;3;1;2;0;3;8;27;2;8;1;8;0;1;6;7;4;24;17;28;2;0;0;0;0
44071;1337;22;53.0333;55.8;39.8;0;0;-2;3;1;0;0;1;0;1;22;1050;119;106;825;0;3;0.0;3;9;2;3;0;2;0;2;8;33;2;8;2;8;0;2;4;9;6;24;17;28;0;2;1;1;0
44071;1348;22;24.3714;52.2;20.2;0;0;-4;0;0;0;12;4;0;0;16;864;0;0;864;0;0;0;2;15;2;3;0;0;0;4;9;27;2;8;2;10;0;0;5;5;3;24;17;28;0;0;0;0;0
44071;1440;17;60.5333;56.1;61.9;1;0;0;2;1;0;2;1;0;0;23;1162;82;117;963;0;0;0;14;7;6;0;6;2;0;0;28;4;5;4;4;0;4;0;10;4;4;28;17;24;0;3;0;0;0
44071;1556;17;55.5;54.1;55.3;0;0;0;1;0;0;0;1;0;0;14;632;63;165;404;4;3;57.1;2;2;1;2;3;0;0;0;40;9;10;2;7;2;4;0;2;4;2;28;17;24;0;0;0;1;0
44071;1574;22;58.5;53.2;68.8;0;0;0;2;0;1;0;1;2;0;18;1085;147;46;892;0;0;0;3;17;1;2;1;3;0;0;8;25;3;9;1;7;0;4;9;2;4;24;17;28;1;1;1;0;0
44071;1581;22;66.4;52.3;85.9;0;0;0;0;1;0;14;3;0;1;15;699;75;4;620;4;5;44.4;1;5;2;2;0;2;0;0;10;37;2;9;2;8;0;4;4;3;4;24;17;28;0;0;1;0;0
44071;1726;17;68.1667;67.1;61.6;0;1;4;5;0;0;0;0;0;0;21;1063;30;63;970;0;0;0;19;3;3;3;2;0;4;0;23;8;8;1;8;2;0;0;3;7;10;28;17;24;0;4;1;0;0
44071;1987;17;54.1875;58.2;52.1;0;0;1;0;0;0;2;1;0;0;17;794;0;165;629;0;0;0;17;2;2;0;0;1;1;0;25;9;9;4;10;1;3;0;3;3;7;28;17;24;0;0;0;0;0
44071;2662;17;74.8571;66;80.8;1;1;4;7;0;0;0;0;0;0;22;1218;97;191;930;0;0;0;18;3;3;2;2;0;4;0;24;8;8;2;8;2;0;0;6;8;7;28;17;24;0;2;2;2;1
44071;3363;22;49.4429;49.8;54.8;0;0;-1;0;0;1;2;0;0;1;13;713;23;92;598;6;2;75.0;4;9;1;1;0;1;0;1;7;33;3;10;2;9;0;3;4;4;3;24;17;28;0;0;1;0;0
44071;3542;17;84.4;86.9;73.6;1;1;2;3;0;1;2;0;2;0;22;988;212;71;705;11;11;50.0;10;1;0;0;3;0;2;0;32;10;11;4;7;2;2;0;13;5;4;28;17;24;1;0;1;1;1
44071;3550;22;81.8;63.8;100;0;0;0;1;1;5;0;0;0;0;32;1529;316;221;992;0;0;0;4;9;1;6;1;6;0;0;7;33;3;5;1;4;0;4;8;9;20;24;17;28;2;4;0;1;0
44073;15;3;70.4143;62.6;71.2;0;1;2;1;2;1;0;1;0;0;26;1419;151;228;1040;0;0;0;8;3;6;1;8;1;2;0;29;8;9;1;12;2;1;0;13;7;11;28;13;26;0;2;2;0;0
44073;26;3;63.5667;62.6;65.8;0;0;0;3;2;0;0;0;1;0;12;558;226;0;332;1;1;50.0;4;0;3;0;1;0;0;0;33;11;12;2;19;3;3;0;9;2;2;28;13;26;0;4;0;1;0
44073;96;3;73.36;78.4;52.7;0;0;1;7;2;0;0;1;0;0;23;1200;201;0;999;0;0;0;15;6;4;1;12;1;1;0;22;5;11;1;8;2;2;0;8;6;11;28;13;26;0;6;0;2;1
44073;97;20;76.9714;49.4;97.3;0;0;-1;1;1;7;0;2;0;0;22;1178;80;16;1082;0;0;0;3;13;0;6;0;9;0;1;8;24;2;9;3;11;0;2;7;6;4;26;13;28;4;3;1;1;0
44073;149;3;70.6143;59.1;95.2;0;0;0;2;0;0;0;0;0;0;15;857;248;0;609;3;4;42.9;6;2;4;1;1;1;0;0;31;9;11;1;19;2;3;0;6;2;7;28;13;26;0;1;1;0;0
44073;156;3;59.8375;57.1;61;0;0;0;0;1;0;0;2;2;1;12;672;0;120;552;1;0;100.0;6;2;5;1;1;1;0;0;31;9;10;1;19;2;3;0;3;2;3;28;13;26;0;1;0;0;0
44073;171;3;57.1571;51.8;61;0;1;1;4;1;0;0;1;0;1;19;1067;0;45;1022;0;0;0;21;1;5;0;8;1;1;0;16;10;10;2;12;2;2;0;7;4;8;28;13;26;0;1;1;2;1
44073;257;3;79.2333;75.3;80.8;0;0;2;5;1;0;0;1;0;0;26;1416;260;163;993;0;0;0;7;3;6;1;6;1;2;0;30;8;9;1;14;2;1;0;9;7;12;28;13;26;0;3;2;1;0
44073;311;20;70.1286;49.7;82.9;0;0;0;1;1;2;0;1;1;2;18;1036;310;12;714;0;1;0.0;4;12;1;1;0;6;0;0;7;25;1;14;3;14;0;3;12;3;11;26;13;28;1;3;0;0;0
44073;335;3;52.4;56.6;50;0;0;0;1;1;0;2;0;0;0;10;420;0;60;360;0;1;0.0;4;0;5;0;2;0;0;0;33;11;10;2;18;3;3;0;4;0;1;28;13;26;0;1;1;0;0
44073;341;3;53.25;52.7;53.1;0;0;0;1;1;0;0;0;0;0;7;324;0;17;307;2;1;66.7;3;0;4;0;2;0;0;0;34;11;11;2;18;3;3;0;4;0;0;28;13;26;0;2;0;0;0
44073;365;3;76.8286;86.5;63.7;1;0;1;4;1;0;7;3;0;0;20;1185;197;0;988;0;0;0;15;6;5;1;12;1;1;0;22;5;10;1;8;2;2;0;8;6;10;28;13;26;0;1;0;4;0
44073;455;20;74.55;54.4;93.1;0;0;0;3;0;1;0;1;1;0;26;1395;310;279;806;16;17;48.5;4;14;1;1;0;6;0;0;7;23;1;14;3;14;0;3;16;4;15;26;13;28;1;2;0;0;1
44073;505;3;61.6143;50.5;63.7;0;1;1;6;0;2;2;1;0;1;18;1135;0;146;989;0;0;0;20;3;4;0;10;2;1;0;17;8;11;2;10;1;2;0;9;4;11;28;13;26;1;4;2;1;0
44073;521;3;56.8667;57.1;55.8;0;0;0;1;0;0;0;0;0;0;11;617;0;17;600;0;0;0;6;2;4;1;3;1;0;0;31;9;11;1;17;2;3;0;3;2;3;28;13;26;0;0;0;1;0
44073;778;3;65.1429;45.2;65.9;0;0;0;1;0;0;0;1;0;1;18;976;0;84;892;0;0;0;9;7;5;1;6;1;0;0;28;4;10;1;14;2;3;0;8;1;3;28;13;26;0;1;0;0;0
44073;879;20;50.7429;53.5;41;0;0;-3;1;1;0;2;0;1;0;17;879;0;155;724;0;1;0.0;4;13;1;3;1;6;0;3;7;24;1;12;2;14;0;0;7;7;3;26;13;28;0;1;0;1;0
44073;1017;20;54.4429;54.5;52.9;0;0;0;0;0;1;0;1;0;0;17;700;0;69;631;7;2;77.8;3;8;0;5;2;3;0;0;8;29;2;10;1;17;0;3;1;1;8;26;13;28;0;0;1;0;0
44073;1152;3;61.65;62;54.1;0;0;2;1;1;0;0;1;0;0;19;990;0;120;870;0;0;0;13;1;4;0;5;0;2;0;24;10;11;2;15;3;1;0;2;4;6;28;13;26;0;2;0;0;0
44073;1227;3;74.05;84;66;1;1;2;4;0;0;2;4;0;0;22;1149;210;102;837;9;10;47.4;12;3;1;0;3;1;2;0;25;8;14;2;17;2;1;0;9;5;10;28;13;26;0;0;0;1;3
44073;1268;3;75.2143;77.9;64.3;0;1;1;1;1;0;0;0;0;0;23;1190;189;0;1001;14;10;58.3;15;6;5;1;13;1;1;0;22;5;10;1;7;2;2;0;8;5;11;28;13;26;0;0;0;1;1
44073;1466;20;57.6571;44;67.9;0;0;-1;3;0;2;0;0;0;1;24;1449;313;272;864;0;0;0;2;16;0;4;0;6;0;1;9;21;2;11;3;14;0;2;13;3;19;26;13;28;2;3;0;0;0
44073;1485;3;79.1;79.5;77.5;1;1;2;2;1;1;0;3;0;1;25;1303;210;256;837;6;4;60.0;12;3;1;0;3;1;2;0;25;8;14;2;17;2;1;0;13;5;12;28;13;26;0;2;1;1;0
44073;1572;20;65.3;46.3;68.5;0;0;-1;0;0;5;0;2;2;1;23;1258;109;272;877;0;0;0;2;16;0;4;0;6;0;1;9;21;2;11;3;14;0;2;10;3;17;26;13;28;4;1;0;0;0
44073;2514;20;54.9333;53.5;59.3;0;0;0;2;0;1;2;2;0;0;15;660;0;84;576;0;1;0.0;2;6;0;4;2;1;0;0;9;31;2;11;1;19;0;3;2;0;10;26;13;28;0;2;1;0;0
44073;2518;20;58.3;51.2;58.9;0;0;0;0;0;0;0;1;0;0;14;664;0;0;664;2;7;22.2;1;5;0;5;0;3;0;0;10;32;2;10;3;17;0;3;3;3;3;26;13;28;0;0;0;0;0
44073;2553;20;54.3;49.4;62;0;0;0;3;2;0;0;3;0;1;17;970;310;0;660;0;1;0.0;4;11;1;1;0;5;0;0;7;26;1;14;3;15;0;3;12;2;11;26;13;28;0;5;0;0;0
44073;2797;3;67.6667;70.1;53.7;0;0;0;4;2;0;0;1;0;0;18;1035;163;120;752;0;0;0;9;7;4;1;4;1;0;0;28;4;11;1;16;2;3;0;7;3;4;28;13;26;0;4;2;0;0
44073;4327;20;48.9333;48.1;44.1;0;0;-1;0;1;0;0;1;1;1;21;1127;80;16;1031;0;0;0;3;13;0;6;0;9;0;1;8;24;2;9;3;11;0;2;7;6;4;26;13;28;0;0;0;1;0
44073;4778;20;50.0875;51.6;48.7;0;0;0;0;0;0;0;0;0;0;16;850;83;0;767;0;0;0;1;5;0;6;0;6;0;0;10;32;2;9;3;14;0;3;3;3;3;26;13;28;0;0;0;0;0
44073;4789;20;60.9;44.5;64.8;0;0;-1;1;0;2;2;1;1;1;19;1036;0;123;913;0;0;0;6;9;2;5;3;5;0;1;5;28;0;10;0;15;0;2;6;4;5;26;13;28;2;0;1;0;0
44073;4993;20;52.5;48.1;60.1;0;0;0;0;0;0;0;0;0;1;19;901;204;68;629;0;0;0;3;9;0;5;2;3;0;0;8;28;2;10;1;17;0;3;5;1;9;26;13;28;0;0;0;0;0
44073;5020;20;47.3571;51.1;46.5;0;0;-1;2;0;2;0;0;0;0;19;1011;0;123;888;0;0;0;6;8;2;5;3;5;0;1;5;29;0;10;0;15;0;2;6;4;5;26;13;28;1;2;0;1;0
44073;5281;20;54;52.4;55.6;0;0;0;0;0;0;0;0;0;0;12;615;0;0;615;0;0;0;1;4;0;4;0;3;0;0;10;33;2;11;3;17;0;3;3;3;3;26;13;28;0;0;0;0;0
44073;5462;20;52.32;51.8;43.9;0;0;-3;0;0;1;0;0;0;1;20;921;83;64;774;0;0;0;3;12;1;5;1;8;0;3;8;25;1;10;2;12;0;0;5;5;3;26;13;28;1;0;0;0;0
44073;5687;20;53.6;48.4;53.3;0;0;-3;1;0;2;7;4;1;2;16;911;83;63;765;6;6;50.0;3;11;1;5;1;10;0;3;8;26;1;10;2;10;0;0;6;5;2;26;13;28;2;0;0;1;0
44075;3;11;66.0375;54.9;70.8;0;0;0;1;0;0;0;0;2;1;21;885;0;422;463;0;0;0;4;2;3;1;2;1;0;0;17;14;9;3;10;5;2;4;10;5;8;31;25;16;0;1;0;0;0
44075;120;278;48.025;44.6;49.6;0;0;0;0;0;0;0;0;0;1;7;403;0;29;374;1;1;50.0;0;1;0;5;1;0;0;0;16;20;4;7;5;12;4;2;0;2;4;16;25;31;0;0;0;0;0
44075;185;11;58.9143;59.6;59.3;0;0;-2;0;0;2;2;0;0;0;18;812;57;0;755;6;7;46.2;6;7;2;2;5;3;0;2;15;9;10;2;7;3;2;2;6;9;0;31;25;16;0;0;2;0;0
44075;226;11;67.9429;55.9;74.7;0;0;-2;5;4;5;2;1;0;0;29;1583;300;408;875;0;0;0;8;6;8;2;5;2;0;2;13;10;4;2;7;4;2;2;17;11;9;31;25;16;1;8;3;2;0
44075;272;11;79.2;76.8;75.9;0;1;-1;3;1;1;0;2;3;0;23;1154;288;72;794;0;3;0.0;10;5;7;1;4;2;1;2;11;11;5;3;8;4;1;2;13;7;8;31;25;16;1;2;0;2;0
44075;367;278;72.0333;77.2;60.5;1;2;1;1;0;1;0;0;0;0;18;840;213;0;627;0;0;0;7;5;1;3;1;5;2;1;9;16;3;9;5;7;2;1;2;7;4;16;25;31;1;1;0;0;0
44075;456;278;58.75;38;69.6;0;0;0;0;0;0;2;1;0;3;9;515;0;47;468;3;2;60.0;0;2;0;5;1;3;0;0;16;19;4;7;5;9;4;2;0;4;5;16;25;31;0;0;0;0;0
44075;565;11;57.4;54.4;59.2;0;1;1;0;0;0;0;0;1;1;9;425;0;72;353;0;0;0;1;2;0;0;1;0;1;0;20;14;12;4;11;6;1;4;0;3;0;31;25;16;0;0;0;0;0
44075;582;11;70.75;61.3;76;0;1;1;0;0;3;0;1;0;1;14;697;0;324;373;1;2;33.3;1;2;0;0;1;0;1;0;20;14;12;4;11;6;1;4;0;3;0;31;25;16;2;0;0;1;0
44075;620;278;70.4333;52.6;74;0;0;1;1;0;2;0;0;1;0;20;1007;149;85;773;0;0;0;5;3;1;4;2;6;1;0;11;18;3;8;4;6;3;2;5;10;4;16;25;31;0;2;1;0;0
44075;686;278;73.25;71.7;66.4;0;2;1;5;2;0;0;2;0;0;23;1299;650;0;649;1;2;33.3;7;5;1;2;1;7;2;1;9;16;3;10;5;5;2;1;6;10;12;16;25;31;0;5;1;1;0
44075;704;278;64.4571;44.7;69.5;0;0;1;0;0;2;14;0;2;1;14;676;0;72;604;0;0;0;5;2;1;3;1;3;1;0;11;19;3;9;5;9;3;2;5;7;4;16;25;31;0;1;1;0;0
44075;749;11;48.1714;56.7;47.8;0;0;-2;0;1;0;2;2;1;0;30;1250;57;422;771;7;10;41.2;7;7;2;2;6;3;0;2;14;9;10;2;6;3;2;2;13;11;6;31;25;16;0;1;0;0;0
44075;871;278;70.4;78.4;49;1;2;2;1;0;0;0;2;0;0;19;820;213;0;607;8;7;53.3;3;6;1;3;3;1;2;0;13;15;3;9;3;11;2;2;5;8;3;16;25;31;0;0;0;0;1
44075;900;278;60.0857;51.8;58.9;0;0;0;0;0;0;0;2;1;0;10;564;0;269;295;0;1;0.0;0;1;0;5;0;0;0;0;16;20;4;7;6;12;4;2;2;1;7;16;25;31;0;0;0;0;0
44075;955;278;77.0625;72.3;66;2;0;2;3;1;0;0;5;0;0;20;909;213;47;649;1;3;25.0;4;6;2;2;3;1;2;0;12;15;2;10;3;11;2;2;5;10;4;16;25;31;0;4;0;0;0
44075;1045;278;68.2857;55.8;67.1;0;0;-1;2;0;6;0;2;1;0;18;1057;0;269;788;3;2;60.0;4;10;0;5;1;5;0;1;12;11;4;7;5;7;4;1;5;2;11;16;25;31;2;3;2;1;0
44075;1255;278;67.3;50.5;71.5;1;0;0;1;0;2;2;1;0;1;25;1376;149;188;1039;0;0;0;6;13;0;7;2;3;1;1;10;8;4;5;4;9;3;1;6;6;10;16;25;31;0;2;1;0;0
44075;1432;11;67.6;58.5;74.1;0;1;0;1;2;2;2;1;0;0;14;724;0;260;464;4;5;44.4;3;2;3;1;1;0;0;0;18;14;9;3;11;6;2;4;6;3;3;31;25;16;1;1;2;1;0
44075;1482;278;49.95;54.6;44.1;0;0;-1;1;0;0;0;1;0;0;15;773;0;0;773;0;0;0;5;9;1;3;1;4;0;1;11;12;3;9;5;8;4;1;3;4;6;16;25;31;0;0;0;1;0
44075;2532;11;83.5;89;60.8;1;1;-1;4;4;0;2;1;0;0;19;1035;288;0;747;0;0;0;10;4;7;1;4;2;1;2;11;12;5;3;8;4;1;2;12;7;7;31;25;16;0;4;1;3;0
44075;2536;11;44.45;59.7;36.1;0;0;-2;3;0;0;2;1;0;0;17;772;0;0;772;0;0;0;6;8;2;3;5;2;0;2;15;8;10;1;7;4;2;2;5;10;0;31;25;16;0;2;1;0;0
44075;2629;278;70.14;70.5;65.2;0;0;-1;2;3;1;0;2;0;1;23;1363;650;0;713;15;12;55.6;5;9;1;2;1;4;0;1;11;12;3;10;5;8;4;1;8;6;14;16;25;31;0;0;4;2;0
44075;2652;11;69.1;67.4;73.1;1;0;1;7;2;0;2;0;0;0;24;1203;300;148;755;0;0;0;7;2;4;0;4;2;1;0;14;14;8;4;8;4;1;4;11;7;5;31;25;16;0;4;4;1;0
44075;3558;11;80.3571;81.4;68.7;1;1;-1;2;2;1;0;2;0;1;21;1118;288;21;809;14;11;56.0;10;5;7;1;4;2;1;2;11;11;5;3;8;4;1;2;13;7;8;31;25;16;1;1;1;2;0
44075;3562;278;100;79.9;100;1;1;2;4;2;1;0;4;0;2;27;1423;650;29;744;1;0;100.0;5;6;3;2;4;3;2;0;11;15;1;10;2;9;2;2;9;14;13;16;25;31;0;5;0;2;0
44075;4419;11;57.8857;61.1;52.9;0;1;0;0;1;1;0;1;0;0;11;539;57;45;437;1;1;50.0;3;1;3;0;1;2;0;0;18;15;9;4;11;4;2;4;6;3;2;31;25;16;1;0;0;1;0
44075;4772;11;44.1;41.8;52.6;0;0;-1;3;0;1;2;0;1;2;23;1130;45;307;778;0;0;0;7;8;0;2;4;2;1;2;14;8;12;2;8;4;1;2;8;8;4;31;25;16;0;3;0;1;0
44075;4780;11;37.1167;40.2;37.1;0;0;-2;0;0;0;2;0;0;2;19;1015;0;138;877;0;0;0;7;6;8;2;4;2;0;2;14;10;4;2;8;4;2;2;5;12;3;31;25;16;0;0;0;0;0
44075;4781;11;51.8667;46.7;58.6;0;0;-1;1;0;0;0;1;0;1;22;1176;45;324;807;0;0;0;7;8;1;2;4;2;1;2;14;8;11;2;8;4;1;2;8;8;4;31;25;16;0;1;0;0;0
44075;4999;278;76.6333;68.8;88.7;0;1;1;4;1;0;0;0;0;1;21;1318;714;0;604;6;3;66.7;8;4;2;2;1;4;2;1;8;17;2;10;5;8;2;1;6;10;12;16;25;31;0;1;2;1;1
44075;5027;278;58.0714;53;58.8;0;0;0;1;0;1;0;1;1;0;20;1101;0;224;877;0;0;0;6;11;0;4;2;2;1;1;10;10;4;8;4;10;3;1;6;4;11;16;25;31;0;1;1;0;0
44075;5038;11;60.5;51.7;61.5;0;0;1;0;0;1;0;1;0;0;28;1109;0;401;708;0;0;0;7;2;3;0;4;2;1;0;14;14;9;4;8;4;1;4;13;4;7;31;25;16;1;0;0;0;0
44075;5040;278;64.3333;62.4;65.5;0;1;1;4;3;0;0;0;0;0;22;1371;714;85;572;0;0;0;5;5;3;0;3;3;2;1;11;16;1;12;3;9;2;1;5;10;17;16;25;31;0;3;3;1;0
44075;5269;11;57.66;57.6;57.4;1;0;1;1;0;1;0;1;0;0;9;465;0;43;422;0;0;0;1;3;0;0;1;1;1;0;20;13;12;4;11;5;1;4;0;3;0;31;25;16;1;0;0;1;0
44075;5490;278;50.5167;45.6;51.5;0;0;1;1;0;0;0;0;0;1;16;840;0;36;804;0;0;0;5;7;3;3;2;6;2;1;11;14;1;9;4;6;2;1;0;9;8;16;25;31;0;1;0;0;0
44077;62;16;52.1333;56;43.5;0;0;-2;3;1;0;2;1;1;0;16;728;0;0;728;0;0;0;8;4;2;1;1;1;0;2;21;11;9;4;11;9;1;2;0;5;5;16;16;17;0;2;1;1;0
44077;91;24;47.65;45.5;45.6;0;0;0;0;0;0;0;3;0;1;8;400;0;0;400;1;5;16.7;1;6;0;2;2;1;1;1;14;23;5;9;8;11;3;0;1;5;0;17;16;16;0;0;0;0;0
44077;136;16;51.5857;50.5;45.2;0;0;-2;1;0;0;0;0;0;1;19;882;0;139;743;3;5;37.5;8;4;2;1;1;1;0;2;21;11;9;4;11;9;1;2;1;5;5;16;16;17;0;1;0;0;0
44077;148;16;64.7333;51.5;56.5;0;0;0;1;0;0;2;2;0;0;7;433;0;0;433;0;0;0;4;3;0;1;4;2;0;0;25;12;11;4;8;8;1;4;4;0;3;16;16;17;0;0;1;0;0
44077;267;24;62.85;58.1;67.2;0;0;0;1;0;1;12;0;0;0;14;663;0;0;663;0;0;0;4;2;0;1;0;2;0;0;11;27;5;10;10;10;4;1;6;2;1;17;16;16;0;0;0;1;1
44077;312;16;52.02;50;49.1;0;0;-1;0;1;1;0;4;0;1;23;918;36;0;882;0;0;0;8;5;3;1;4;3;0;1;21;10;8;4;8;7;1;3;3;5;2;16;16;17;1;1;0;0;0
44077;350;16;75.1;56.4;85.1;0;0;-1;2;0;2;0;1;0;0;26;1298;98;211;989;0;0;0;7;7;4;3;4;5;0;1;22;8;7;2;8;5;1;3;9;2;8;16;16;17;0;2;2;0;0
44077;412;24;62.15;53.6;69.5;0;0;1;0;0;2;0;5;2;1;25;1078;99;80;899;1;3;25.0;5;12;1;3;3;3;1;0;10;17;4;8;7;9;3;1;6;3;4;17;16;16;2;0;0;0;0
44077;500;24;78.7286;75.7;77.9;1;1;2;3;0;4;0;1;0;0;25;1285;265;0;1020;7;7;50.0;6;5;3;4;5;6;2;0;9;24;2;7;5;6;2;1;4;5;9;17;16;16;2;2;3;0;0
44077;635;16;59.3286;61.3;57.6;0;1;-1;3;0;2;0;0;0;0;27;1343;98;211;1034;0;0;0;7;7;5;3;5;5;0;1;22;8;6;2;7;5;1;3;9;2;8;16;16;17;1;3;1;0;0
44077;641;24;60.25;56.1;63.4;0;0;2;0;1;1;0;0;0;0;23;1106;76;54;976;1;0;100.0;6;10;3;3;5;7;2;0;9;19;2;8;5;5;2;1;4;5;8;17;16;16;1;1;0;0;0
44077;714;16;41.25;52.7;34.7;0;0;-2;3;1;0;2;1;0;1;16;728;0;0;728;0;2;0.0;8;4;2;1;1;1;0;2;21;11;9;4;11;9;1;2;0;5;5;16;16;17;0;3;0;0;1
44077;971;16;59.0125;68;51.7;0;0;-1;4;1;1;0;3;0;0;25;988;36;57;895;0;0;0;11;5;3;1;5;3;0;1;18;10;8;4;7;7;1;3;3;5;3;16;16;17;1;3;1;1;0
44077;1147;24;61.4429;60.1;56;1;0;0;1;0;1;0;0;0;0;11;688;288;0;400;0;0;0;1;6;0;2;2;1;1;1;14;23;5;9;8;11;3;0;2;5;3;17;16;16;0;0;1;1;0
44077;1219;16;55.0429;50.1;55.5;0;0;-1;0;0;1;0;1;0;1;26;1087;36;139;912;7;4;63.6;8;5;3;1;4;3;0;1;21;10;8;4;8;7;1;3;4;5;2;16;16;17;0;1;0;0;0
44077;1349;16;78.7333;77.2;75.2;1;1;0;3;2;1;0;1;1;0;31;1310;98;168;1044;10;8;55.6;9;3;6;2;3;4;1;1;20;12;5;3;9;6;0;3;8;6;6;16;16;17;1;1;1;3;0
44077;1368;24;83.6714;52;87.9;0;0;1;1;0;0;0;1;1;0;23;1173;0;80;1093;0;0;0;5;7;1;4;1;2;1;0;10;22;4;7;9;10;3;1;7;4;3;17;16;16;0;1;0;0;0
44077;1477;16;54.1714;59.4;51.2;0;1;0;1;1;0;0;0;0;1;30;1212;98;57;1057;1;0;100.0;12;3;6;2;4;4;1;1;17;12;5;3;8;6;0;3;6;6;6;16;16;17;0;1;0;1;0
44077;1535;24;56.9;53.7;62.7;0;0;0;0;0;0;0;0;1;0;18;925;99;0;826;0;2;0.0;4;7;1;3;0;4;0;0;11;22;4;8;10;8;4;1;5;3;3;17;16;16;0;0;0;0;0
44077;2360;24;69.9429;66.7;68.7;1;2;3;1;1;0;0;0;0;0;21;1260;76;54;1130;0;0;0;6;11;1;3;7;5;3;0;9;18;4;8;3;7;1;1;5;7;4;17;16;16;0;1;0;0;1
44077;2478;24;52.6857;44.4;60.3;0;0;-1;2;0;1;2;0;0;1;18;993;0;0;993;0;0;0;4;11;3;5;2;6;0;1;11;18;2;6;8;6;4;0;4;5;6;17;16;16;0;3;0;0;0
44077;2658;16;63.9667;69.2;51.7;1;0;0;4;1;1;0;0;0;1;30;1362;98;168;1096;2;0;100.0;9;3;6;2;3;4;1;1;20;12;5;3;9;6;0;3;8;7;6;16;16;17;0;1;2;1;2
44077;2800;24;55.5714;51.7;58.3;0;0;1;3;0;0;0;0;0;0;22;1329;288;0;1041;0;0;0;5;7;1;4;2;1;1;0;10;22;4;7;8;11;3;1;6;5;4;17;16;16;0;3;0;0;0
44077;3146;24;56.5857;57.5;54.3;0;0;0;0;1;0;0;1;0;0;12;776;265;0;511;0;0;0;1;8;0;3;2;1;1;1;14;21;5;8;8;11;3;0;2;5;3;17;16;16;0;1;0;0;0
44077;3383;24;54.1571;52.7;53.7;1;1;2;2;1;2;0;1;0;2;24;1052;0;80;972;0;0;0;6;5;3;4;5;6;2;0;9;24;2;7;5;6;2;1;5;5;8;17;16;16;1;3;0;1;0
44077;3548;24;80.3667;74.4;91.6;0;0;1;2;1;1;0;2;1;0;27;1404;265;54;1085;8;5;61.5;3;13;2;4;3;2;1;0;12;16;3;7;7;10;3;1;6;4;6;17;16;16;0;4;0;0;0
44077;4351;16;70.4333;54.1;69.5;0;0;-3;3;1;2;0;4;0;0;24;1258;36;40;1182;0;0;0;14;4;5;1;6;3;0;3;15;11;6;4;6;7;1;1;5;8;6;16;16;17;2;1;1;2;0
44077;4563;16;61.0333;58.7;65.1;0;0;-3;2;2;1;0;1;0;0;24;1258;36;40;1182;0;0;0;14;4;5;1;6;3;0;3;15;11;6;4;6;7;1;1;5;8;6;16;16;17;0;1;4;0;0
44077;4570;16;54.9714;43.2;56.7;0;1;1;1;0;0;0;0;0;1;22;999;0;113;886;0;0;0;8;4;1;1;1;2;1;0;21;11;10;4;11;8;0;4;2;6;3;16;16;17;0;1;0;0;0
44077;4799;24;61.4;55.3;67.5;0;0;0;1;0;1;0;2;1;0;17;784;99;0;685;3;5;37.5;5;7;1;1;0;3;0;0;10;22;4;10;10;9;4;1;5;2;3;17;16;16;1;0;0;0;1
44077;4992;16;99.4429;42.1;100;0;0;1;1;0;0;0;1;1;2;22;1044;0;113;931;0;0;0;8;4;2;1;2;2;1;0;21;11;9;4;10;8;0;4;2;6;3;16;16;17;0;1;0;0;0
44077;4996;24;84.1286;68.5;86.5;0;3;3;1;0;0;2;1;0;0;18;1022;0;80;942;0;0;0;5;6;1;2;6;3;3;0;10;23;4;9;4;9;1;1;6;6;4;17;16;16;0;1;0;0;0
44077;4998;24;45.8143;52.2;40.5;0;0;-1;0;1;0;0;3;0;0;17;974;0;54;920;0;0;0;4;13;3;4;2;5;0;1;11;16;2;7;8;7;4;0;4;5;7;17;16;16;0;1;0;0;0
44077;5250;16;51.9429;50.8;51.9;0;0;0;0;0;0;0;0;0;0;8;440;0;0;440;0;0;0;1;3;0;1;3;2;0;0;28;12;11;4;9;8;1;4;4;0;3;16;16;17;0;0;0;0;0
44077;5465;24;57.3714;60.5;53.2;0;0;1;0;0;0;0;0;0;0;21;954;0;0;954;0;1;0.0;4;9;1;3;3;2;1;0;11;20;4;8;7;10;3;1;5;4;1;17;16;16;0;0;0;0;0
44077;5908;16;58.7857;54.1;64.1;0;0;0;0;0;0;0;0;0;0;8;420;0;0;420;5;2;71.4;1;3;0;1;3;2;0;0;28;12;11;4;9;8;1;4;4;0;3;16;16;17;0;0;0;0;0
44079;39;9;64.1;61.2;61.2;0;1;1;1;4;1;2;0;0;0;15;790;0;236;554;1;4;20.0;6;1;4;0;5;1;1;0;24;17;11;2;12;2;5;2;1;3;4;19;19;26;0;2;1;2;1
44079;48;14;56.625;57.8;50;0;0;-1;1;0;0;0;3;1;0;16;753;0;0;753;0;0;0;7;11;1;5;1;4;0;1;11;19;1;10;2;13;2;5;3;2;1;26;19;19;0;1;0;0;0
44079;94;14;69.54;76.3;40.5;3;0;-2;4;1;0;0;1;0;1;30;1168;420;0;748;2;2;50.0;2;8;0;6;1;1;1;3;16;22;2;9;2;16;1;3;11;7;6;26;19;19;0;1;3;0;1
44079;119;14;71.8333;68.1;77.5;0;0;-3;4;2;3;0;2;1;0;31;1382;471;169;742;0;0;0;6;15;1;6;0;3;0;3;12;15;1;9;3;14;2;3;12;5;12;26;19;19;3;5;0;1;0
44079;141;14;80.3714;72.2;76.8;0;2;-1;3;1;0;2;3;0;0;25;1238;536;0;702;11;7;61.1;8;9;1;3;1;2;0;1;10;21;1;12;2;15;2;5;12;1;7;26;19;19;0;1;2;0;1
44079;170;9;56.0429;60;50.3;0;0;0;1;0;0;0;1;0;0;9;431;0;0;431;0;0;0;4;3;1;1;1;0;0;0;26;15;14;1;16;3;6;2;2;1;2;19;19;26;0;1;0;0;0
44079;295;14;59.8;61;58.6;0;0;-2;1;1;3;0;0;0;0;22;1054;238;247;569;5;7;41.7;3;10;0;4;1;10;0;2;15;20;2;11;2;7;2;4;11;6;9;26;19;19;1;0;2;2;0
44079;303;9;50.8429;61.3;36.9;0;0;1;3;0;0;0;0;0;0;15;674;81;0;593;0;0;0;9;7;2;1;5;1;3;2;21;11;13;1;12;2;3;0;4;9;2;19;19;26;0;2;1;0;0
44079;318;9;56.7333;54.5;57;0;0;0;1;0;0;0;0;0;0;12;603;0;126;477;4;3;57.1;4;4;1;1;2;0;0;0;26;14;14;1;15;3;6;2;2;2;3;19;19;26;0;1;0;0;0
44079;344;14;55.98;57.8;48.2;1;0;-1;2;0;1;0;0;0;1;14;752;85;0;667;0;0;0;5;11;0;4;0;11;1;2;13;19;2;11;3;6;1;4;3;6;6;26;19;19;1;0;1;1;0
44079;356;9;57.3875;57.8;51.7;1;0;1;2;0;0;0;1;0;0;10;478;0;0;478;0;0;0;6;0;3;0;4;1;1;0;24;18;12;2;13;2;5;2;1;2;2;19;19;26;0;1;0;1;0
44079;424;14;45.5714;63.3;39.7;0;1;-2;1;0;1;0;3;0;0;30;1104;0;266;838;9;10;47.4;3;9;0;7;1;3;1;3;15;21;2;8;2;14;1;3;11;9;2;26;19;19;0;2;0;0;0
44079;508;9;67.8286;65.8;69;0;1;1;4;0;0;0;0;1;0;32;1443;280;318;845;0;0;0;11;8;2;0;7;2;1;0;19;10;13;2;10;1;5;2;12;6;19;19;19;26;0;4;0;0;0
44079;517;14;51.6333;59.6;44.7;0;1;-3;1;1;0;4;1;0;0;23;1086;347;10;729;0;0;0;5;14;1;5;0;5;0;3;13;16;1;10;3;12;2;3;11;6;9;26;19;19;0;1;1;0;0
44079;531;14;55.5143;41.3;55.9;0;0;-2;0;0;3;2;4;2;1;23;1216;313;192;711;0;0;0;8;9;0;6;0;8;0;2;10;21;2;9;3;9;2;4;8;6;6;26;19;19;1;1;0;1;0
44079;678;9;61.05;63.6;44.7;1;0;1;4;1;0;0;1;0;1;19;879;81;136;662;6;8;42.9;9;7;3;1;5;1;3;2;21;11;12;1;12;2;3;0;4;9;4;19;19;26;0;2;1;2;0
44079;744;14;72.4571;75.5;59.3;0;1;-1;1;3;2;0;1;0;0;24;1083;420;0;663;0;0;0;7;9;1;3;1;2;0;1;11;21;1;12;2;15;2;5;10;2;7;26;19;19;1;5;0;0;0
44079;787;14;45.8167;51.4;44.7;0;0;-1;2;0;1;0;0;0;0;17;933;81;83;769;0;0;0;7;10;0;6;0;7;1;2;11;20;2;9;3;10;1;4;1;5;3;26;19;19;1;2;0;0;0
44079;813;14;51.9571;52.1;55.1;0;0;-1;1;1;0;2;0;0;0;9;464;227;0;237;0;1;0.0;3;1;1;0;1;1;0;1;15;29;1;15;2;16;2;5;1;2;3;26;19;19;0;2;0;0;0
44079;848;9;72.1667;64.8;90.5;0;0;1;3;1;3;2;1;1;0;29;1349;280;331;738;0;0;0;11;6;2;0;7;2;1;0;19;12;13;2;10;1;5;2;9;7;18;19;19;26;3;3;0;1;0
44079;1099;9;51.8429;53.9;51.7;0;0;-2;2;1;1;2;0;0;1;20;989;81;160;748;0;0;0;5;8;6;2;4;2;0;2;25;10;9;0;13;1;6;0;3;6;0;19;19;26;1;1;2;0;0
44079;1113;14;62.68;63.5;57.4;0;1;1;1;0;1;0;0;0;0;13;634;276;0;358;4;2;66.7;6;1;1;2;1;4;1;0;12;29;1;13;2;13;1;6;1;4;4;26;19;19;1;1;0;0;0
44079;1124;9;70.36;72.3;64.1;1;2;1;3;0;1;2;0;0;2;19;1035;148;146;741;2;1;66.7;9;8;3;1;5;1;3;2;21;10;12;1;12;2;3;0;4;9;4;19;19;26;0;2;1;1;0
44079;1205;14;83.75;53.8;88.9;0;0;0;3;0;3;0;2;2;0;31;1430;194;268;968;0;0;0;4;7;1;4;3;5;1;1;14;23;1;11;0;12;1;5;14;8;5;26;19;19;2;2;2;0;0
44079;1237;9;71.7333;73.3;67.7;1;2;5;4;2;0;0;1;0;0;18;1108;0;261;847;0;0;0;14;3;7;0;6;0;5;0;16;15;8;2;11;3;1;2;4;7;6;19;19;26;0;3;3;0;0
44079;1240;9;63.1125;54.7;64;0;0;1;1;0;0;2;5;1;1;13;639;0;155;484;0;0;0;6;0;5;0;2;1;1;0;24;18;10;2;15;2;5;2;2;3;2;19;19;26;0;1;0;0;0
44079;1277;9;72.9857;79.9;63.4;0;2;2;4;6;1;7;0;1;0;28;1296;280;190;826;12;6;66.7;11;7;8;0;6;1;2;0;19;11;7;2;11;2;4;2;9;5;15;19;19;26;1;5;2;2;1
44079;1286;14;48.2857;49.4;49.5;0;0;1;2;0;2;4;1;0;0;20;1068;84;0;984;0;0;0;7;6;1;3;2;8;2;1;11;24;1;12;1;9;0;5;5;8;2;26;19;19;2;1;0;1;0
44079;1321;14;42.125;56.5;33.5;0;1;-1;1;0;2;0;0;0;1;16;766;38;95;633;1;0;100.0;4;12;0;4;0;9;1;2;14;18;2;11;3;8;1;4;3;7;6;26;19;19;1;1;1;0;0
44079;1331;9;71.9429;60.7;80.2;1;1;5;3;1;0;0;1;1;0;21;1287;0;352;935;0;0;0;13;5;8;0;5;0;5;0;17;13;7;2;12;3;1;2;7;7;5;19;19;26;0;1;1;2;0
44079;1527;9;60.8667;47.8;63;0;0;-2;0;0;1;0;1;0;1;20;1011;81;176;754;0;0;0;6;7;5;2;5;1;0;2;24;11;10;0;12;2;6;0;3;5;3;19;19;26;1;0;0;0;0
44079;1750;9;72.5333;75.4;68.3;0;3;2;1;3;0;2;1;0;0;25;1053;280;137;636;0;0;0;10;5;7;0;6;0;2;0;20;13;8;2;11;3;4;2;4;5;10;19;19;26;0;2;2;0;0
44079;2437;14;52.3667;60.6;35.3;0;1;-2;0;1;0;0;0;0;1;23;1046;269;0;777;0;0;0;2;8;0;7;2;1;1;3;16;22;2;8;1;16;1;3;5;7;2;26;19;19;0;1;0;0;0
44079;2665;14;52.1667;49;57.3;0;0;0;2;0;0;0;0;0;1;10;384;38;95;251;1;2;33.3;4;1;1;0;0;1;0;0;14;29;1;15;3;16;2;6;0;2;2;26;19;19;0;1;0;1;0
44079;2791;9;52.42;53.8;46.4;0;0;0;0;0;0;0;0;0;0;11;512;0;39;473;1;2;33.3;4;4;1;1;2;0;0;0;26;14;14;1;15;3;6;2;3;2;4;19;19;26;0;0;0;0;0
44079;3560;9;99.4667;98.7;100;2;1;2;7;3;2;2;1;2;0;33;1437;213;377;847;5;9;35.7;12;7;7;0;8;1;2;0;18;11;8;2;9;2;4;2;11;6;14;19;19;26;2;3;3;3;1
44081;19;8;52.5429;57.4;52.2;0;1;0;0;0;0;0;0;0;0;12;473;0;1;472;3;6;33.3;4;5;2;3;1;0;1;1;37;11;8;5;8;7;3;3;4;2;4;26;19;21;0;0;0;0;0
44081;58;25;63.8857;50.9;73.1;0;0;0;0;1;2;4;2;1;0;24;1458;21;232;1205;0;0;0;10;23;4;5;3;4;1;1;6;18;4;5;4;5;3;3;8;9;13;21;19;26;0;1;2;0;0
44081;175;25;73.1857;74.9;61.2;1;2;0;1;0;1;0;3;0;0;17;841;21;0;820;9;6;60.0;4;13;3;3;1;4;2;2;12;28;5;7;6;5;2;2;5;6;6;21;19;26;0;1;0;0;1
44081;297;8;67.58;61.9;70.8;1;0;1;3;0;2;0;2;1;0;18;876;209;0;667;4;5;44.4;8;5;3;1;1;3;1;0;33;11;7;7;8;4;3;4;3;5;1;26;19;21;2;0;2;1;0
44081;384;25;68.6429;45.8;72.1;0;0;0;1;1;2;0;2;0;1;14;748;0;347;401;10;2;83.3;4;8;1;1;1;0;0;0;12;33;7;9;6;9;4;4;8;3;3;21;19;26;1;0;1;1;1
44081;414;25;54.4667;54.9;53;0;0;-1;0;1;1;0;1;0;0;17;955;21;176;758;0;0;0;0;17;1;3;3;2;0;1;16;24;7;7;4;7;4;3;1;4;5;21;19;26;1;1;0;0;0
44081;421;8;57.35;58.4;50.3;0;0;-1;2;0;0;0;2;1;1;21;895;0;0;895;1;0;100.0;17;4;2;1;5;2;1;2;24;12;8;7;4;5;3;2;8;7;5;26;19;21;0;0;2;0;0
44081;444;8;64.74;63.4;68.1;0;1;1;2;1;0;0;1;0;0;19;988;287;0;701;0;0;0;8;5;3;1;1;3;1;0;33;11;7;7;8;4;3;4;4;5;2;26;19;21;0;2;1;0;0
44081;556;8;53.25;53.9;52.7;0;0;0;2;0;0;2;1;0;1;12;688;79;0;609;0;0;0;7;6;2;1;1;3;1;1;34;10;8;7;8;4;3;3;2;5;1;26;19;21;0;0;0;2;0
44081;708;8;62.7;64.4;53.8;0;1;0;2;3;0;0;0;0;1;24;1152;504;60;588;7;12;36.8;12;2;2;3;2;2;1;1;29;14;8;5;7;5;3;3;8;4;10;26;19;21;0;2;1;1;1
44081;1073;8;70.1286;47.8;74.2;1;0;2;1;1;1;2;5;0;1;18;1033;0;60;973;0;0;0;16;6;2;4;2;2;3;1;25;10;8;4;7;5;1;3;11;8;6;26;19;21;0;2;1;0;0
44081;1080;8;84.6857;53.8;84;0;1;0;4;1;2;0;2;0;0;29;1469;472;144;853;0;0;0;19;2;5;1;2;4;1;1;22;14;5;7;7;3;3;3;11;7;9;26;19;21;2;3;2;0;0
44081;1097;8;26.7571;45.6;23.5;0;0;-3;0;0;0;0;2;0;1;20;840;0;1;839;0;0;0;6;9;2;4;5;1;0;3;35;7;8;4;4;6;4;1;3;4;4;26;19;21;0;0;0;0;0
44081;1112;8;68.76;69.4;67.2;0;1;1;5;4;0;0;1;0;1;28;1359;550;144;665;3;3;50.0;15;3;3;4;2;2;2;1;26;13;7;4;7;5;2;3;13;6;12;26;19;21;0;3;3;3;0
44081;1155;8;73.4286;73.9;70.2;1;0;0;4;3;1;0;3;0;0;27;1226;471;144;611;3;3;50.0;13;2;3;3;2;2;1;1;28;14;7;5;7;5;3;3;11;5;11;26;19;21;1;3;2;1;1
44081;1187;8;63.7571;52;71;0;0;0;5;2;0;0;4;2;1;29;1469;472;144;853;0;0;0;19;2;5;1;2;4;1;1;22;14;5;7;7;3;3;3;11;7;9;26;19;21;0;4;2;1;0
44081;1457;8;45.3571;57.7;41.2;0;0;-2;3;3;1;0;1;0;0;26;1169;209;60;900;9;6;60.0;15;4;3;0;5;2;0;2;26;12;7;8;4;5;4;2;7;6;4;26;19;21;0;1;1;4;1
44081;1735;25;65.7286;60.8;70.2;0;1;2;0;1;2;0;2;0;0;14;727;21;18;688;6;4;60.0;7;6;2;6;2;3;2;0;9;35;6;4;5;6;2;4;1;5;4;21;19;26;1;1;1;0;0
44081;2240;8;54.4714;57.6;52.9;0;1;3;1;0;0;0;0;0;0;17;860;0;1;859;0;0;0;15;4;2;3;2;2;3;0;26;12;8;5;7;5;1;4;10;8;6;26;19;21;0;1;0;0;0
44081;2285;8;62.4;64.3;54.3;0;1;1;4;2;0;0;0;0;0;15;718;209;0;509;0;1;0.0;4;4;3;3;1;0;1;0;37;12;7;5;8;7;3;4;5;2;4;26;19;21;0;2;2;1;1
44081;2638;8;51.725;57.3;47.9;1;0;0;2;0;0;0;0;0;0;10;461;0;0;461;0;0;0;3;5;2;3;1;0;1;1;38;11;8;5;8;7;3;3;4;2;4;26;19;21;0;2;0;0;0
44081;2645;8;38.4286;65.1;32;0;0;-1;5;0;0;2;1;0;0;22;975;79;1;895;0;0;0;19;4;3;1;5;2;1;2;22;12;7;7;4;5;3;2;8;7;5;26;19;21;0;2;0;3;0
44081;3284;25;66.1429;53.3;74.9;0;1;0;0;0;3;0;0;0;1;22;1233;0;428;805;0;0;0;4;8;1;5;3;2;1;1;12;33;7;5;4;7;3;3;8;6;8;21;19;26;1;2;0;0;0
44081;3551;8;88.9714;56.1;94.1;0;0;-2;3;2;1;0;0;2;0;24;1157;287;60;810;0;0;0;6;8;3;3;5;1;0;2;35;8;7;5;4;6;4;2;4;4;6;26;19;21;1;4;1;0;0
44081;4356;25;53.0333;49.1;55.8;0;0;-2;0;0;0;0;1;0;1;23;1292;184;250;858;0;0;0;2;12;4;1;1;5;1;3;14;29;4;9;6;4;3;1;7;7;12;21;19;26;0;0;0;0;0
44081;4558;25;78.8667;65;99.7;0;0;2;3;2;4;2;2;1;0;26;1488;184;322;982;0;1;0.0;10;19;3;3;3;2;2;0;6;22;5;7;4;7;2;4;13;7;10;21;19;26;2;3;3;1;0
44081;4567;25;59.0333;60.1;55.1;0;0;1;2;0;0;0;0;0;0;20;1050;21;251;778;0;0;0;5;11;1;5;3;1;2;1;11;30;7;5;4;8;2;3;4;4;4;21;19;26;0;2;0;0;0
44081;4572;25;53.975;45.1;59.3;0;0;0;0;0;2;0;1;0;1;10;455;0;170;285;0;3;0.0;3;5;1;0;1;0;0;0;13;36;7;10;6;9;4;4;3;2;2;21;19;26;1;0;1;0;0
44081;4782;25;70.9429;75.2;58.2;2;1;0;3;0;1;0;0;0;0;20;973;184;0;789;2;1;66.7;4;11;3;2;1;4;2;2;12;30;5;8;6;5;2;2;8;7;9;21;19;26;0;4;0;0;0
44081;4783;25;59.1857;62.3;54.2;0;1;2;2;0;1;2;1;0;1;15;802;0;104;698;0;0;0;8;5;2;4;2;2;2;0;8;36;6;6;5;7;2;4;2;4;4;21;19;26;0;3;0;0;0
44081;4814;25;53.2571;53.2;52;0;0;0;1;0;0;0;0;0;0;5;285;0;0;285;0;0;0;3;5;1;0;1;0;0;0;13;36;7;10;6;9;4;4;1;2;1;21;19;26;0;1;0;0;0
44081;4816;25;41.2857;50.2;39.8;0;0;-2;1;3;1;0;1;0;0;17;966;0;112;854;0;0;0;2;14;4;2;1;5;1;3;14;27;4;8;6;4;3;1;3;6;8;21;19;26;1;4;0;0;0
44081;5010;25;53.2286;53.8;51.8;0;0;-2;0;0;0;0;0;0;0;13;711;0;0;711;0;0;0;1;15;2;2;3;3;0;2;15;26;6;8;4;6;4;2;2;5;6;21;19;26;0;0;0;0;0
44081;5069;25;43.3667;46.2;37.4;1;0;0;1;0;0;2;0;0;3;17;809;0;0;809;1;0;100.0;4;11;3;2;1;4;2;2;12;30;5;8;6;5;2;2;6;6;6;21;19;26;0;1;0;0;0
44081;5259;25;72.6333;60.4;90.5;1;0;2;3;0;3;2;1;2;2;24;1293;184;395;714;1;3;25.0;8;7;2;5;2;2;2;0;8;34;6;5;5;7;2;4;10;6;11;21;19;26;0;1;3;2;0
44081;5282;25;66;62.8;68.4;0;1;-2;1;2;0;2;3;1;0;21;1071;184;188;699;7;10;41.2;1;15;2;1;3;2;0;2;15;26;6;9;4;7;4;2;6;5;10;21;19;26;0;0;1;2;0
44083;24;22;78.4333;82.6;62.9;0;3;0;7;0;2;0;1;1;0;31;1341;312;267;762;17;16;51.5;14;6;3;3;4;5;2;2;7;25;2;12;1;11;2;1;12;7;16;23;19;27;2;5;1;0;1
44083;42;22;53.0571;56.1;49;0;0;0;0;0;0;0;0;0;0;13;584;0;30;554;0;0;0;3;6;0;1;0;3;0;0;18;25;5;14;5;13;4;3;3;3;2;23;19;27;0;0;0;0;0
44083;109;22;58.85;54.3;57.4;0;0;0;0;0;1;0;0;1;0;12;610;0;0;610;0;0;0;0;6;1;0;0;2;0;0;21;25;4;15;5;14;4;3;2;3;1;23;19;27;1;0;0;0;0
44083;119;14;54.6333;55.3;51.5;0;0;-3;3;1;1;0;0;1;1;21;1184;93;47;1044;0;0;0;13;5;8;2;6;3;0;3;18;16;7;3;10;2;3;1;7;5;5;27;19;23;1;4;0;0;0
44083;141;14;72.6143;72.1;73.3;0;0;3;3;0;0;0;1;0;0;24;1155;336;0;819;15;11;57.7;8;6;3;0;5;0;3;0;23;15;12;5;11;5;0;4;10;11;13;27;19;23;0;2;1;0;0
44083;161;14;55.6375;50.1;58;0;0;0;4;2;0;0;3;0;2;21;701;0;68;633;0;0;0;12;3;5;1;2;0;0;0;19;18;10;4;14;5;3;4;6;5;1;27;19;23;0;2;2;2;0
44083;179;22;53.9857;53.9;54.1;1;0;1;2;0;2;0;0;0;1;9;416;0;0;416;0;0;0;3;5;1;3;0;6;1;0;18;26;4;12;5;10;3;3;3;5;3;23;19;27;0;2;1;1;0
44083;222;22;52.04;51.8;56.5;0;0;1;0;0;1;2;0;1;0;8;431;0;0;431;0;1;0.0;3;5;2;2;0;5;1;0;18;26;3;13;5;11;3;3;2;4;3;23;19;27;1;0;0;0;0
44083;228;14;58.1375;60.5;55.6;0;0;-2;1;1;0;2;0;1;0;24;1008;83;209;716;9;9;50.0;12;6;4;4;2;0;0;2;19;15;11;1;14;5;3;2;9;5;5;27;19;23;0;2;0;0;0
44083;372;22;57.4;50.4;63.4;0;0;0;2;0;2;0;0;0;1;24;1261;168;210;883;0;0;0;5;8;1;4;1;3;1;1;16;23;4;11;4;13;3;2;7;5;11;23;19;27;1;1;2;0;0
44083;506;22;52.8;52;53.4;0;0;0;0;0;0;0;0;0;0;14;741;148;0;593;0;0;0;2;6;1;6;1;2;0;0;19;25;4;9;4;14;4;3;2;2;3;23;19;27;0;0;0;0;0
44083;549;22;66.8667;72.5;55;0;2;1;3;0;1;0;2;0;0;26;1277;312;121;844;1;0;100.0;12;12;1;6;4;5;2;1;9;19;4;9;1;11;2;2;9;6;12;23;19;27;0;3;0;1;0
44083;583;14;65.4857;67.7;65.8;0;1;1;1;2;0;4;0;1;1;23;1274;366;0;908;0;0;0;9;4;4;1;5;0;2;1;22;17;11;4;11;5;1;3;11;9;12;27;19;23;0;2;1;0;0
44083;709;14;49.3667;52.8;41.9;0;0;-2;0;1;1;0;1;0;0;6;334;0;0;334;0;0;0;2;3;3;0;3;3;0;2;29;18;12;5;13;2;3;2;0;1;1;27;19;23;0;1;1;0;0
44083;744;14;64.8286;66.1;60.8;0;0;0;1;0;0;0;1;0;0;15;708;83;0;625;0;0;0;7;6;3;3;6;2;0;0;24;15;12;2;10;3;3;4;2;1;2;27;19;23;0;0;0;1;0
44083;870;22;61.2143;58.9;60.9;0;1;1;0;1;2;0;0;0;0;10;465;0;0;465;5;6;45.5;4;5;1;3;0;6;1;0;17;26;4;12;5;10;3;3;3;5;4;23;19;27;1;2;0;0;0
44083;888;14;99.8667;95.8;95.2;0;1;3;6;2;2;2;5;1;0;34;1574;386;143;1045;1;3;25.0;12;9;6;1;5;2;3;0;19;12;9;4;11;3;0;4;12;11;11;27;19;23;2;4;3;1;0
44083;929;14;44.2667;51.4;40.4;0;0;-2;0;0;0;0;0;0;0;7;378;0;0;378;0;0;0;1;3;4;0;4;3;0;2;30;18;11;5;12;2;3;2;0;2;1;27;19;23;0;0;0;0;0
44083;940;14;61.9625;55;50.3;0;0;-1;1;2;0;0;3;0;1;20;914;26;101;787;1;0;100.0;12;8;4;2;6;2;0;1;19;13;11;3;10;3;3;3;3;3;3;27;19;23;0;1;1;1;0
44083;958;14;64.2;62;59.9;0;0;-3;3;1;3;0;2;0;1;20;1206;93;71;1042;0;0;0;14;5;9;2;6;3;0;3;17;16;6;3;10;2;3;1;7;5;5;27;19;23;1;2;4;0;0
44083;1115;22;74.7571;74.9;74.1;3;0;1;3;0;1;0;2;1;0;25;1178;312;117;749;0;2;0.0;11;12;1;6;4;5;2;1;10;19;4;9;1;11;2;2;9;6;10;23;19;27;1;1;0;2;0
44083;1130;22;56.7143;59.5;59.7;1;0;1;5;0;2;6;0;1;1;30;1534;202;196;1136;0;0;0;12;16;3;6;3;9;2;1;9;15;2;9;2;7;2;2;10;11;11;23;19;27;1;4;1;1;0
44083;1144;14;81.0667;89.6;68.2;2;1;3;5;2;0;2;2;1;0;29;1394;386;125;883;0;0;0;11;9;5;1;4;2;3;0;20;12;10;4;12;3;0;4;10;10;10;27;19;23;0;5;0;0;2
44083;1205;14;51.6167;37.8;50.9;0;0;-1;0;0;1;0;1;0;3;22;1023;0;288;735;0;0;0;7;7;2;2;6;0;0;1;24;14;13;3;10;5;3;3;10;4;8;27;19;23;1;0;0;0;0
44083;1270;22;70.1429;51.1;73.2;0;0;1;0;0;3;0;1;0;0;18;927;0;98;829;0;0;0;7;13;1;8;1;5;1;0;14;18;4;7;4;11;3;3;3;2;3;23;19;27;2;0;1;0;0
44083;1272;14;74.05;68.6;78.9;0;1;1;2;1;1;12;1;0;1;25;946;87;229;630;4;2;66.7;9;6;4;2;1;0;1;0;22;15;11;3;15;5;2;4;10;5;6;27;19;23;0;3;1;0;0
44083;1337;22;58.9667;61;45.8;0;0;0;0;1;0;0;0;0;0;20;966;148;77;741;1;0;100.0;3;7;1;6;1;2;1;1;18;24;4;9;4;14;3;2;5;4;5;23;19;27;0;0;0;1;0
44083;1348;22;45.5571;52.6;46.6;0;0;0;0;1;0;4;2;0;0;23;1071;90;73;908;1;0;100.0;8;15;2;8;1;6;2;2;13;16;3;7;4;10;2;1;6;5;5;23;19;27;0;1;0;0;0
44083;1446;14;50.0286;51.4;49.8;0;0;-1;3;1;0;0;2;0;0;22;1023;0;288;735;0;0;0;7;7;2;2;6;0;0;1;24;14;13;3;10;5;3;3;10;4;8;27;19;23;0;3;1;0;0
44083;1530;14;43.8125;52.6;40.3;0;0;-2;2;1;0;2;0;0;0;9;521;36;160;325;1;3;25.0;2;3;3;0;3;3;0;2;29;18;12;5;13;2;3;2;3;2;2;27;19;23;0;3;0;0;0
44083;1574;22;55.4;53.4;58.2;0;0;0;3;1;1;0;1;0;0;21;1126;168;160;798;0;0;0;5;8;1;4;1;3;1;1;16;23;4;11;4;13;3;2;6;5;10;23;19;27;1;1;1;2;0
44083;1581;22;60.5;60.8;60.1;0;0;-2;3;1;1;2;3;0;0;24;1123;148;239;736;5;8;38.5;2;8;2;6;1;3;0;2;19;23;3;9;4;13;4;1;9;4;10;23;19;27;1;3;1;0;0
44083;3363;22;54.0714;48.8;64.6;0;0;0;0;0;1;0;1;0;1;13;662;0;89;573;3;3;50.0;0;6;0;0;0;2;0;0;21;25;5;15;5;14;4;3;2;3;1;23;19;27;0;1;0;0;0
44083;3547;14;86.1714;89.3;68;1;0;1;4;1;0;0;3;0;1;27;1470;396;111;963;4;3;57.1;9;7;4;1;5;0;2;1;22;14;11;4;11;5;1;3;14;9;13;27;19;23;0;3;0;1;1
44083;3550;22;75.7;63.6;93.3;0;1;0;1;1;6;0;1;0;0;36;1565;292;239;1034;0;0;0;9;10;3;3;3;8;2;2;12;21;2;12;2;8;2;1;14;12;14;23;19;27;4;1;2;0;1
44083;5381;14;49.5125;51.7;49;0;0;0;1;0;0;2;0;0;0;13;569;24;0;545;1;2;33.3;7;6;3;1;5;2;0;0;24;15;12;4;11;3;3;4;1;0;2;27;19;23;0;0;0;0;1
44085;88;12;69.7875;56.5;74.4;0;2;0;0;1;3;0;3;0;1;36;1152;124;242;786;6;7;46.2;5;6;1;3;1;4;0;0;18;21;4;3;5;9;3;3;4;4;6;21;19;21;2;2;0;0;0
44085;131;12;55.6375;54.4;49.5;0;0;-2;1;0;0;0;0;0;0;22;778;0;0;778;0;0;0;1;9;0;0;1;2;0;2;22;18;5;6;5;11;3;1;3;4;0;21;19;21;0;1;0;0;0
44085;137;12;88.1571;45.7;95;0;0;1;1;0;3;0;2;1;1;22;1195;115;104;976;0;0;0;10;7;2;1;1;3;1;0;13;20;3;5;5;10;2;3;1;8;7;21;19;21;2;0;2;0;0
44085;181;18;78.7;80.7;71.1;0;2;-1;4;0;1;0;0;0;0;30;1520;432;118;970;0;0;0;9;10;2;1;5;2;1;2;18;13;4;4;8;4;2;1;9;11;8;21;19;21;0;4;0;1;0
44085;264;18;66.7167;64.1;78;1;0;-1;7;2;0;0;0;0;1;29;1403;443;0;960;3;1;75.0;7;7;2;2;5;1;1;2;20;16;4;3;8;5;2;1;9;6;8;21;19;21;0;5;3;1;0
44085;321;18;55.2667;55.1;48.1;0;0;-1;1;0;0;0;1;0;1;20;829;0;70;759;0;0;0;6;7;2;1;3;1;0;1;21;16;4;4;10;5;3;2;1;7;3;21;19;21;0;1;0;0;0
44085;541;12;88.9;56.7;90.3;1;1;1;4;3;0;2;3;0;1;40;1540;350;206;984;0;0;0;5;9;0;3;3;5;1;0;18;18;5;3;3;8;2;3;17;5;9;21;19;21;0;4;2;0;1
44085;629;18;70.8429;70.9;65.8;1;1;1;1;0;1;0;1;0;0;18;636;102;2;532;6;2;75.0;8;3;1;1;2;2;1;0;19;20;5;4;11;4;2;3;5;2;4;21;19;21;1;0;0;0;1
44085;631;18;74.4714;77.7;60.1;1;1;1;4;4;0;0;1;0;0;25;1280;471;0;809;0;0;0;10;8;2;1;4;2;1;0;17;15;4;4;9;4;2;3;10;4;6;21;19;21;0;2;2;1;3
44085;727;18;73.8;69;73;1;0;0;2;0;0;0;0;0;0;18;801;130;222;449;2;2;50.0;4;5;0;1;1;2;1;1;23;18;6;4;12;4;2;2;6;4;6;21;19;21;0;1;1;0;0
44085;728;12;72.25;62.6;76.6;0;0;2;5;1;0;0;2;1;0;45;1459;243;265;951;1;0;100.0;10;8;3;2;3;5;2;0;13;19;2;4;3;8;1;3;13;5;14;21;19;21;0;3;2;1;0
44085;770;12;62.28;59;66.7;1;0;1;2;0;1;0;0;1;0;23;1140;0;179;961;0;0;0;9;8;2;2;1;3;1;0;14;19;3;4;5;10;2;3;1;8;6;21;19;21;1;1;0;1;0
44085;864;18;69.1429;66.7;65.4;0;0;1;2;0;1;2;5;1;1;16;916;471;6;439;0;1;0.0;5;4;1;1;1;2;1;0;22;19;5;4;12;4;2;3;10;3;7;21;19;21;1;2;0;0;0
44085;1034;12;43.5857;56.5;41.2;0;0;-2;0;0;0;0;4;1;0;26;920;0;66;854;1;1;50.0;2;9;0;0;1;2;0;2;21;18;5;6;5;11;3;1;3;4;1;21;19;21;0;0;0;0;0
44085;1035;12;89.7286;47.5;94.9;0;0;1;2;0;5;2;1;0;1;39;1592;350;244;998;0;0;0;6;7;0;4;2;5;1;0;17;20;5;2;4;8;2;3;17;5;10;21;19;21;3;3;1;0;0
44085;1090;12;63.6143;59.1;67.2;0;1;2;2;2;0;0;2;0;1;45;1480;289;265;926;14;16;46.7;9;8;3;2;3;5;2;0;14;19;2;4;3;8;1;3;13;5;14;21;19;21;0;1;1;1;1
44085;1120;12;49.6;56.6;46.2;0;1;0;2;0;0;2;1;0;0;8;325;0;0;325;0;0;0;5;4;1;1;1;2;1;1;18;23;4;5;5;11;2;2;1;6;0;21;19;21;0;2;0;0;0
44085;1203;18;59.55;62.8;51.5;0;0;-1;0;1;0;2;3;1;0;22;940;5;230;705;6;6;50.0;3;7;0;1;2;1;0;1;24;16;6;4;11;5;3;2;2;7;6;21;19;21;0;1;0;0;0
44085;1250;18;66.3286;63.9;68.2;0;0;-1;1;1;1;2;2;0;1;26;1383;465;9;909;10;11;47.6;5;7;2;2;5;1;1;2;22;16;4;3;8;5;2;1;8;7;7;21;19;21;1;0;1;1;0
44085;1297;12;73.2;74.3;56.8;1;1;0;3;0;0;0;1;0;0;29;1082;170;71;841;0;0;0;7;4;1;2;1;4;0;0;16;23;4;4;5;9;3;3;4;4;6;21;19;21;0;1;0;2;0
44085;1306;18;69.4286;55.8;78.6;0;1;0;1;0;3;0;2;2;1;28;1259;130;77;1052;0;0;0;11;10;2;1;5;3;2;2;16;13;4;4;8;3;1;1;4;10;4;21;19;21;2;2;0;0;0
44085;1325;18;56.65;62.9;49.2;0;0;0;0;0;0;0;0;0;0;17;757;0;126;631;0;0;0;3;2;0;1;3;1;0;0;24;21;6;4;10;5;3;3;3;3;4;21;19;21;0;0;0;0;0
44085;1586;18;70;75.4;56.8;1;1;1;6;2;0;0;0;0;0;23;958;97;59;802;0;0;0;11;6;3;1;4;2;1;0;16;17;3;4;9;4;2;3;4;3;2;21;19;21;0;1;2;0;5
44085;2402;12;54.1857;51.3;53.9;0;1;-2;3;1;3;2;0;1;0;29;1267;63;150;1054;0;0;0;9;12;3;1;3;5;1;3;14;15;2;5;3;8;2;0;3;6;5;21;19;21;1;4;1;1;0
44085;2450;12;48.64;45.5;51.7;0;0;0;1;0;0;0;1;0;2;8;348;0;0;348;3;4;42.9;7;4;1;1;1;2;1;1;16;23;4;5;5;11;2;2;1;6;0;21;19;21;0;0;0;1;0
44085;2468;12;48.2333;45.5;47.7;0;0;-2;0;0;1;0;1;0;1;22;778;0;0;778;1;5;16.7;1;9;0;0;1;2;0;2;22;18;5;6;5;11;3;1;3;4;0;21;19;21;0;1;0;0;0
44085;2690;12;57.9714;56.9;57.8;1;0;0;3;0;0;0;0;0;0;21;699;83;0;616;0;0;0;5;3;1;1;1;3;0;0;18;24;4;5;5;10;3;3;1;3;4;21;19;21;0;0;3;0;0
44085;2746;12;60.5333;64.5;45.7;1;0;-2;2;0;2;2;2;0;0;28;1335;63;263;1009;0;0;0;8;13;3;2;2;6;1;3;15;14;2;4;4;7;2;0;5;6;6;21;19;21;1;1;1;1;0
44085;2814;18;74.5429;57.4;76;0;0;0;2;0;0;2;2;0;0;24;1237;11;180;1046;0;0;0;10;5;3;2;6;1;1;1;17;18;3;3;7;5;2;2;6;5;10;21;19;21;0;2;0;0;0
44085;3393;12;68.25;60;75.9;0;0;2;2;0;1;0;0;0;0;38;1258;215;237;806;0;2;0.0;8;7;3;3;3;5;2;0;15;20;2;3;3;8;1;3;8;4;8;21;19;21;0;3;0;0;0
44085;3425;12;49.5625;61.2;43.7;0;1;0;1;0;2;4;1;0;0;7;344;0;0;344;0;0;0;5;6;1;2;1;2;1;1;18;21;4;4;5;11;2;2;1;6;0;21;19;21;1;1;1;0;0
44085;3561;18;70.1333;72.1;53.1;0;2;1;1;0;0;0;0;0;0;20;821;97;0;724;6;2;75.0;12;5;3;1;4;2;1;0;15;18;3;4;9;4;2;3;4;3;2;21;19;21;0;0;0;0;1
44085;4564;18;49.5;52.3;48.7;0;0;0;2;0;1;0;0;0;0;18;899;0;70;829;0;0;0;7;3;2;1;6;1;1;1;20;20;4;4;7;5;2;2;3;5;5;21;19;21;1;0;2;0;0
44085;4577;18;70.9571;48.2;73.7;0;0;0;0;0;0;0;3;1;1;25;1213;11;206;996;0;0;0;8;10;1;2;2;2;0;0;19;13;5;3;11;4;3;3;7;4;8;21;19;21;0;0;0;0;0
44085;4771;18;54.0333;59.1;46.3;0;0;-1;0;1;0;4;0;0;0;20;902;0;102;800;2;1;66.7;5;5;2;2;5;1;1;2;22;18;4;3;8;5;2;1;4;6;4;21;19;21;0;1;0;0;0
44085;4786;18;55.58;49.1;63.3;0;0;1;1;0;0;0;0;1;1;23;1098;0;175;923;0;0;0;9;8;2;3;2;3;1;0;18;15;4;2;11;3;2;3;6;3;3;21;19;21;0;1;0;0;0
44087;6;5;71.3167;74;54.9;0;1;-2;4;1;2;0;0;0;0;22;1161;301;123;737;2;3;40.0;5;8;2;2;3;5;0;2;15;11;8;5;7;10;2;0;14;8;7;31;21;24;2;2;0;1;2
44087;71;5;51.0571;44;61;0;0;-2;0;0;0;0;0;0;1;15;671;0;0;671;0;0;0;6;8;3;1;0;5;0;2;14;11;7;6;10;10;2;0;7;6;3;31;21;24;0;0;0;0;0
44087;99;5;57.4667;51.6;60.1;0;0;0;1;0;1;0;3;1;0;14;607;0;83;524;0;0;0;6;5;2;2;3;3;0;0;14;14;8;5;7;12;2;2;4;5;5;31;21;24;0;1;1;0;0
44087;103;5;56.16;58.4;46.2;0;0;0;3;1;0;0;0;0;0;14;604;0;33;571;1;0;100.0;6;5;2;2;3;3;0;0;14;14;8;5;7;12;2;2;4;3;5;31;21;24;0;2;1;0;1
44087;120;278;54.15;50.6;55.8;0;0;1;0;1;0;0;1;1;0;8;339;0;0;339;0;0;0;3;0;1;1;3;0;1;0;16;20;6;9;12;10;1;2;3;1;2;24;21;31;0;0;1;0;0
44087;129;5;60.8286;56.6;59.1;1;1;3;2;1;0;2;1;0;1;9;507;102;104;301;1;0;100.0;2;1;1;0;0;3;2;0;18;18;9;7;10;12;0;2;1;5;3;31;21;24;0;1;0;0;2
44087;367;278;59.1;54.2;66.5;0;0;-1;3;0;0;0;1;0;1;18;854;169;0;685;1;2;33.3;4;7;2;3;3;4;0;1;15;13;5;7;12;6;2;1;5;6;6;24;21;31;0;1;1;1;0
44087;456;278;68.65;57.9;75.1;0;1;1;1;0;0;0;0;0;0;12;479;0;142;337;3;3;50.0;3;0;0;1;3;0;1;0;16;20;7;9;12;10;1;2;4;3;2;24;21;31;0;1;0;0;0
44087;548;5;65.5143;55.1;66.9;0;1;1;1;0;2;0;0;0;0;31;1291;100;322;869;0;0;0;9;5;4;2;7;5;0;0;11;14;6;5;3;10;2;2;7;4;11;31;21;24;0;1;2;0;0
44087;620;278;79.0667;57.7;83.1;0;1;0;1;0;5;0;0;1;0;22;1282;189;188;905;0;0;0;6;5;2;5;5;4;1;1;13;15;5;5;10;6;1;1;9;8;9;24;21;31;2;1;2;1;0
44087;686;278;62.7;63.3;63.5;1;0;-2;6;4;0;2;1;0;1;21;1230;386;0;844;0;0;0;4;8;3;4;3;6;0;1;15;12;4;6;12;4;2;1;8;6;4;24;21;31;0;5;1;3;1
44087;704;278;63.1143;52.4;64.9;0;0;0;3;1;0;0;3;1;0;20;1003;0;129;874;0;0;0;6;5;1;5;5;5;1;1;13;15;6;5;10;5;1;1;5;4;6;24;21;31;0;2;0;2;0
44087;871;278;67.6;62.6;68.3;0;0;0;1;0;1;0;0;1;0;13;822;169;0;653;16;7;69.6;4;4;2;2;6;2;0;0;15;16;5;8;9;8;2;2;6;6;11;24;21;31;1;1;0;0;0
44087;900;278;68.0857;61.7;67.4;1;0;1;1;0;1;0;0;1;0;15;692;0;304;388;0;0;0;4;1;0;2;3;0;1;0;15;19;7;8;12;10;1;2;4;2;7;24;21;31;0;1;1;0;0
44087;955;278;69.975;58.4;75;0;0;0;4;1;0;0;0;0;1;19;1121;215;142;764;1;3;25.0;4;4;2;2;6;2;0;0;15;16;5;8;9;8;2;2;9;8;12;24;21;31;0;3;0;1;1
44087;981;5;64.2857;62.8;58.2;0;0;0;2;0;1;0;1;0;0;22;1110;301;0;809;9;4;69.2;6;5;4;2;4;4;0;0;14;14;6;5;6;11;2;2;13;5;4;31;21;24;1;1;0;1;0
44087;1040;5;61.5625;65.6;58.5;0;0;0;0;1;1;2;0;0;0;18;814;0;210;604;5;6;45.5;6;5;2;3;3;3;0;0;14;14;8;4;7;12;2;2;4;3;10;31;21;24;0;0;1;1;0
44087;1045;278;58.6143;44.6;58.5;0;0;0;2;0;0;0;0;0;2;21;1067;0;304;763;3;5;37.5;10;8;2;3;3;2;1;1;9;12;5;7;12;8;1;1;4;6;13;24;21;31;0;0;0;1;1
44087;1255;278;59.25;32.4;64.5;0;0;0;1;2;5;0;1;0;4;27;1382;135;245;1002;0;0;0;9;13;2;2;4;4;1;1;10;7;5;8;11;6;1;1;9;11;15;24;21;31;4;3;1;0;0
44087;1417;5;67.3;67.2;63.6;1;1;2;1;0;1;5;0;0;1;13;583;43;169;371;6;4;60.0;2;3;1;0;0;3;2;0;18;16;9;7;10;12;0;2;2;3;5;31;21;24;1;1;0;0;0
44087;1435;5;47.1;49.7;41.3;0;0;-2;1;0;0;0;3;0;0;15;671;0;0;671;0;0;0;6;8;3;1;0;5;0;2;14;11;7;6;10;10;2;0;7;6;3;31;21;24;0;1;0;0;0
44087;1482;278;64.6;64.3;63.7;0;1;0;1;1;0;0;0;3;0;12;661;0;0;661;0;0;0;8;8;2;3;3;2;1;1;11;12;5;7;12;8;1;1;3;5;8;24;21;31;0;1;1;0;0
44087;1566;5;67.4667;64.6;72.8;1;0;1;4;2;1;0;1;0;1;25;1246;315;134;797;1;0;100.0;7;5;5;2;4;2;0;0;13;14;5;5;6;13;2;2;13;5;4;31;21;24;0;5;0;2;0
44087;2434;5;53.675;54.4;53.4;0;0;0;4;1;1;4;2;0;0;17;872;0;3;869;0;0;0;6;5;4;3;4;4;0;0;14;14;6;4;6;11;2;2;8;3;3;31;21;24;0;5;1;0;0
44087;2629;278;65.4;67.8;58.3;1;0;-1;3;1;0;0;1;0;0;16;964;386;0;578;6;15;28.6;6;8;2;3;2;2;1;1;13;12;5;7;13;8;1;1;6;6;10;24;21;31;0;3;1;0;0
44087;2719;5;75.4667;77.7;61.1;0;1;-2;1;3;3;2;2;0;0;23;1269;301;103;865;15;13;53.6;5;8;2;2;3;7;0;2;15;11;8;5;7;8;2;0;14;11;8;31;21;24;3;0;3;1;0
44087;3562;278;92.35;64.3;99.4;0;1;-1;3;2;1;0;0;3;2;19;1282;432;0;850;2;1;66.7;5;4;3;2;8;4;0;0;14;16;4;8;7;6;2;2;12;7;12;24;21;31;0;5;0;1;0
44087;3563;5;75.9714;41.1;77;0;1;2;1;1;4;0;5;1;2;31;1587;315;317;955;0;0;0;4;5;2;4;3;5;2;0;16;14;8;3;7;10;0;2;19;11;12;31;21;24;2;0;3;1;0
44087;4337;5;66.1;51.4;68.2;0;0;1;2;1;1;0;2;0;0;29;1288;131;230;927;0;0;0;10;6;5;2;7;5;0;0;10;13;5;5;3;10;2;2;5;4;9;31;21;24;0;3;0;1;0
44087;4547;5;86.5143;44.9;93.1;0;0;2;1;1;1;0;2;0;1;28;1323;31;279;1013;0;0;0;5;6;3;4;3;5;2;0;15;13;7;3;7;10;0;2;12;9;9;31;21;24;0;2;1;0;0
44087;4576;5;70.7875;62.6;75.7;0;1;2;0;2;0;0;1;0;1;11;686;145;136;405;0;4;0.0;3;1;2;1;0;3;2;0;17;18;8;6;10;12;0;2;4;4;3;31;21;24;0;1;0;1;0
44087;4999;278;61.7;53.4;75.3;0;0;-2;1;2;0;0;0;0;0;21;1126;386;0;740;3;5;37.5;3;7;3;3;3;6;0;1;16;13;4;7;12;4;2;1;8;6;4;24;21;31;0;3;0;0;0
44087;5027;278;45.0714;56.2;43.1;0;1;0;0;0;1;4;1;0;0;19;1018;46;105;867;0;0;0;7;12;1;1;4;3;1;1;12;8;6;9;11;7;1;1;8;7;10;24;21;31;1;0;0;0;0
44087;5040;278;55.4667;55.5;61.1;0;0;-1;2;0;0;4;0;0;0;19;1211;412;72;727;0;0;0;5;2;4;3;6;2;0;0;14;18;3;7;9;8;2;2;7;5;9;24;21;31;0;2;0;0;0
44087;5253;5;59.8;62;40;1;0;-2;4;1;0;0;3;0;2;18;830;145;0;685;1;1;50.0;5;6;2;2;3;5;0;2;15;13;8;5;7;10;2;0;5;7;5;31;21;24;0;4;0;0;1
44087;5490;278;59.55;50.8;61.3;0;0;0;1;0;1;0;0;0;0;20;956;80;153;723;0;0;0;4;3;4;4;6;2;0;0;15;17;3;6;9;8;2;2;6;5;9;24;21;31;1;1;0;0;0
44089;14;19;54.75;60.9;50.1;0;0;-1;2;2;0;0;2;0;1;16;779;0;0;779;1;0;100.0;5;3;4;1;5;2;0;1;30;12;8;1;13;6;1;0;5;5;3;24;21;23;0;2;0;2;0
44089;58;25;56.2;49.7;60.9;0;0;1;1;0;2;0;1;0;1;29;1298;52;189;1057;0;0;0;7;16;1;4;3;7;1;0;8;19;1;8;5;11;0;1;6;9;9;23;21;24;1;1;1;0;0
44089;108;19;73.6857;57.9;73.4;0;1;1;1;0;0;0;0;0;0;25;1272;64;299;909;0;0;0;11;8;4;0;8;2;0;0;24;7;8;2;10;6;1;1;9;9;7;24;21;23;0;1;0;0;0
44089;128;19;45.6714;38.7;50.2;0;0;-1;2;0;1;0;1;0;2;17;964;0;101;863;0;0;0;5;8;4;2;2;5;0;1;30;7;8;0;16;3;1;0;5;4;7;24;21;23;1;1;1;0;0
44089;175;25;60.2571;56.2;66.2;0;0;1;1;0;1;0;3;0;0;20;1055;52;0;1003;9;6;60.0;7;11;0;3;3;5;1;0;8;24;2;9;5;13;0;1;3;6;6;23;21;24;0;0;1;0;1
44089;379;19;63.4333;68.6;51.9;0;0;0;3;1;0;0;0;0;0;18;909;0;108;801;1;2;33.3;12;6;2;1;6;0;0;0;23;9;10;1;12;8;1;1;3;6;4;24;21;23;0;3;0;1;0
44089;384;25;67.2143;55.6;67.4;0;0;0;1;0;0;0;1;0;0;13;687;0;232;455;7;5;58.3;4;4;1;4;1;2;0;0;11;31;1;8;7;16;1;1;4;4;5;23;21;24;0;0;1;0;0
44089;414;25;62.5333;56.5;68.3;0;0;0;0;0;3;0;2;1;0;21;1029;52;47;930;0;0;0;1;13;1;3;2;8;0;0;14;22;1;9;6;10;1;1;6;5;7;23;21;24;1;1;1;0;0
44089;507;19;80.3;75.8;72.6;0;1;1;3;1;0;0;1;0;0;31;1205;174;253;778;11;12;47.8;11;2;3;1;4;6;1;0;24;13;9;1;14;2;0;1;13;8;10;24;21;23;0;1;1;2;0
44089;561;19;75.9429;70.6;75.9;2;0;2;5;2;2;4;4;0;0;25;1467;125;198;1144;0;0;0;21;2;5;0;8;1;1;0;14;13;7;2;10;7;0;1;9;11;10;24;21;23;0;6;1;2;0
44089;946;19;77.15;67.2;88.1;0;0;1;3;0;2;2;0;0;0;27;1243;238;51;954;2;0;100.0;15;3;4;1;4;6;1;0;20;12;8;1;14;2;0;1;13;9;7;24;21;23;1;2;1;1;0
44089;1091;19;47.5667;45.9;51.5;0;0;-1;0;2;1;5;0;0;2;22;1057;125;197;735;10;11;47.6;7;4;5;0;4;1;0;1;28;11;7;2;14;7;1;0;10;6;6;24;21;23;1;1;0;1;0
44089;1241;19;71.3667;79.5;54.5;1;1;1;2;3;1;0;0;0;0;25;1008;174;0;834;0;0;0;12;2;3;1;4;6;1;0;23;13;9;1;14;2;0;1;11;7;6;24;21;23;0;2;2;2;0
44089;1461;19;78.2429;72.5;87;0;1;1;6;5;0;0;2;1;0;25;1364;174;135;1055;0;0;0;19;0;4;0;8;1;1;0;16;15;8;2;10;7;0;1;9;8;10;24;21;23;0;7;4;0;0
44089;1735;25;62.5;55.7;56.4;0;0;-1;1;0;0;5;1;0;0;15;560;52;8;500;2;4;33.3;5;6;0;2;2;2;0;1;10;29;2;10;6;16;1;0;6;2;3;23;21;24;0;1;0;0;0
44089;2519;19;56.5333;60.9;45.4;0;0;-1;0;0;1;0;1;0;0;20;965;61;108;796;1;0;100.0;5;3;4;1;5;2;0;1;30;12;8;1;13;6;1;0;6;6;3;24;21;23;0;0;1;0;0
44089;2537;19;62;64.2;50.7;0;1;1;3;0;0;0;0;0;0;10;493;0;72;421;3;2;60.0;7;2;2;0;4;0;0;0;28;13;10;2;14;8;1;1;0;2;6;24;21;23;0;3;0;0;0
44089;2688;19;61.7333;64.7;54.3;0;0;1;1;2;0;2;0;0;0;19;830;61;123;646;3;3;50.0;9;7;2;0;5;0;0;0;26;8;10;2;13;8;1;1;3;4;4;24;21;23;0;3;0;0;0
44089;3284;25;59.8571;45.3;70.6;0;0;-1;2;0;1;0;2;0;2;24;1170;0;177;993;0;0;0;5;14;1;4;2;5;0;1;10;21;1;8;6;13;1;0;13;9;10;23;21;24;0;0;0;2;1
44089;3554;19;69.8429;71.1;65.3;0;1;0;1;0;1;0;0;0;0;13;679;174;56;449;4;2;66.7;4;2;2;0;4;1;0;0;31;13;10;2;14;7;1;1;4;2;7;24;21;23;1;1;0;0;0
44089;4328;19;68.6;64.8;71.7;0;0;0;5;1;1;0;6;0;0;23;1158;125;164;869;0;0;0;10;7;4;0;8;2;0;0;25;8;8;2;10;6;1;1;9;7;5;24;21;23;0;3;3;1;0
44089;4338;19;56.2;57.3;55.1;0;0;0;0;1;0;0;0;1;0;7;399;0;0;399;0;0;0;4;2;2;0;3;0;0;0;31;13;10;2;15;8;1;1;0;0;4;24;21;23;0;1;0;0;0
44089;4341;19;56.7143;63.1;51.7;0;0;0;4;0;0;0;0;0;0;15;710;0;0;710;0;0;0;11;6;2;0;6;0;0;0;24;9;10;2;12;8;1;1;2;4;3;24;21;23;0;4;0;0;0
44089;4356;25;63.4333;58.9;67.4;0;1;-1;3;0;2;0;3;0;0;26;1309;432;102;775;0;0;0;3;6;0;5;3;6;0;0;12;29;2;7;5;12;1;1;6;5;8;23;21;24;0;5;0;0;0
44089;4363;19;47.7714;47;49.4;0;0;-1;1;0;0;2;2;0;1;17;958;0;71;887;0;0;0;6;7;4;2;2;5;0;1;29;8;8;0;16;3;1;0;5;3;6;24;21;23;0;0;0;0;1
44089;4558;25;73.6333;59.1;94.9;0;0;0;3;0;3;0;2;0;0;29;1455;432;20;1003;0;0;0;6;15;1;3;3;7;1;0;9;20;1;9;5;11;0;1;8;10;9;23;21;24;2;2;2;0;0
44089;4567;25;50.1333;48;57.7;0;0;-1;2;0;2;2;1;1;1;24;1084;52;50;982;0;0;0;5;13;1;3;2;5;0;1;10;22;1;9;6;13;1;0;12;6;7;23;21;24;1;3;0;0;0
44089;4572;25;53.425;58.8;50.2;0;0;0;0;0;1;0;0;0;0;10;467;0;89;378;0;0;0;4;4;1;4;1;2;0;0;11;31;1;8;7;16;1;1;3;2;4;23;21;24;1;0;0;0;0
44089;4782;25;71.9429;65.4;78.5;0;1;0;2;0;2;0;1;0;1;23;1447;432;0;1015;0;0;0;6;13;0;3;3;6;1;0;9;22;2;9;5;12;0;1;8;10;9;23;21;24;1;1;2;0;0
44089;4783;25;54.8857;53.6;51.8;0;0;-1;0;1;0;0;1;0;0;17;713;0;60;653;3;3;50.0;3;7;1;2;2;3;0;1;12;28;1;10;6;15;1;0;6;7;4;23;21;24;0;0;1;0;0
44089;4814;25;51.4714;51.5;51.4;0;0;0;0;0;0;0;0;0;0;6;303;0;0;303;0;0;0;4;3;0;3;1;2;0;0;11;32;2;9;7;16;1;1;1;0;2;23;21;24;0;0;0;0;0
44089;4816;25;61.7286;45.6;64.3;0;0;0;0;0;0;0;1;0;1;19;915;0;91;824;0;0;0;4;6;0;5;3;6;0;0;11;29;2;7;5;12;1;1;1;3;5;23;21;24;0;0;0;0;0
44089;5010;25;51.7143;53;47.8;0;0;0;0;1;0;0;1;0;0;16;798;0;0;798;0;1;0.0;0;12;1;3;2;8;0;0;15;23;1;9;6;10;1;1;5;4;5;23;21;24;0;0;1;0;0
44089;5069;25;54.6;54.5;54.2;1;0;1;1;0;2;0;0;0;1;18;1015;0;0;1015;0;0;0;6;13;0;3;3;6;1;0;9;22;2;9;5;12;0;1;3;7;6;23;21;24;1;2;0;0;0
44089;5259;25;52.0667;49.9;60;0;0;-2;2;0;2;4;0;0;1;20;935;432;29;474;1;3;25.0;3;5;0;3;2;2;0;1;12;30;2;9;6;16;1;0;10;6;5;23;21;24;1;0;1;1;1
44089;5282;25;60.3;60.5;63.3;1;0;-1;2;0;0;2;0;0;0;24;1323;432;20;871;10;14;41.7;1;13;1;3;2;8;0;0;14;22;1;9;6;10;1;1;11;7;9;23;21;24;0;0;2;0;0
44091;30;17;57.8143;64;50.5;0;1;-1;0;1;0;0;0;0;0;17;770;83;0;687;8;6;57.1;4;3;2;4;5;2;0;1;21;8;10;6;8;4;1;1;4;3;10;28;22;32;0;0;0;0;1
44091;39;9;61.2;50.1;67.5;0;0;0;1;0;1;0;3;0;1;13;684;0;30;654;4;3;57.1;3;8;3;4;2;3;0;0;8;17;7;8;4;10;2;1;4;2;1;32;22;28;1;0;0;0;1
44091;47;17;62.8167;53.3;64;0;0;0;2;1;1;0;0;0;0;32;1379;43;243;1093;0;0;0;12;5;5;4;2;4;1;1;13;6;7;6;11;2;0;1;14;8;12;28;22;32;1;0;1;1;1
44091;170;9;53.5429;55;51.6;0;1;1;0;0;0;0;1;0;0;6;168;0;0;168;0;0;0;1;4;0;1;0;2;1;0;10;21;10;11;6;11;1;1;2;1;1;32;22;28;0;0;0;0;0
44091;303;9;60.5;59.6;60.3;0;0;0;0;1;0;0;1;0;0;15;830;97;0;733;0;0;0;4;7;2;3;2;7;0;0;7;18;8;9;4;6;2;1;7;6;7;32;22;28;0;1;0;0;0
44091;318;9;50.8333;52.8;45.7;0;0;0;0;2;0;0;0;0;0;10;340;0;3;337;1;3;25.0;1;6;3;1;0;2;1;1;10;19;7;11;6;11;1;0;2;3;1;32;22;28;0;2;0;0;0
44091;356;9;53.4625;48.5;47;0;0;0;0;0;0;0;0;0;1;10;497;0;0;497;0;0;0;3;6;1;2;2;3;0;0;8;19;9;10;4;10;2;1;4;1;1;32;22;28;0;0;0;0;0
44091;453;17;69.7667;75.6;53.9;0;2;0;1;0;0;0;0;0;0;24;882;95;80;707;4;6;40.0;5;4;5;4;4;1;1;1;20;7;7;6;9;5;0;1;4;7;2;28;22;32;0;0;0;1;0
44091;508;9;64.3857;40.2;84.1;0;0;0;1;0;4;2;1;1;1;33;1435;324;316;795;0;0;0;1;10;0;2;3;6;0;0;10;15;10;10;3;7;2;1;16;8;17;32;22;28;1;1;2;1;0
44091;566;17;76.3333;77.6;67;2;0;0;8;3;0;2;1;1;0;24;1138;502;13;623;1;2;33.3;12;1;3;1;3;0;0;0;13;10;9;9;10;6;1;2;10;5;11;28;22;32;0;3;4;2;2
44091;580;17;62.0667;65.4;58.4;0;0;0;3;1;1;9;5;0;0;18;800;0;133;667;3;3;50.0;7;2;2;2;5;1;1;1;18;9;10;8;8;5;0;1;7;5;13;28;22;32;1;2;2;0;0
44091;678;9;60.5667;61.5;63.1;0;1;0;2;1;3;2;1;0;0;21;1084;97;68;919;12;14;46.2;4;9;3;3;2;7;0;0;7;16;7;9;4;6;2;1;11;9;10;32;22;28;1;3;1;1;0
44091;736;17;57.1143;45;56.8;0;0;0;1;0;1;2;1;1;2;14;656;0;206;450;0;1;0.0;2;4;2;2;1;4;0;0;23;7;10;8;12;2;1;2;5;3;5;28;22;32;0;1;0;1;0
44091;788;17;79.7143;60.3;82.6;0;0;0;0;4;1;0;1;2;0;37;1636;514;265;857;0;0;0;7;3;2;1;7;0;0;0;18;8;10;9;6;6;1;2;16;8;19;28;22;32;1;4;0;0;0
44091;807;17;55.6667;56;55;0;0;0;0;1;0;0;0;0;0;8;433;0;0;433;0;0;0;2;4;2;2;1;4;0;0;23;7;10;8;12;2;1;2;1;3;2;28;22;32;0;0;0;1;0
44091;835;17;66.0333;54.5;83.7;0;0;0;3;1;0;0;0;0;2;29;1471;505;100;866;0;0;0;5;3;2;1;7;0;0;0;20;8;10;9;6;6;1;2;12;7;13;28;22;32;0;2;0;1;1
44091;848;9;58.2667;47.5;83.7;0;0;0;0;3;2;7;1;0;1;29;1371;311;344;716;0;0;0;1;9;2;2;3;6;0;0;10;16;8;10;3;7;2;1;14;8;14;32;22;28;2;2;1;0;0
44091;996;17;59.9571;64.6;52.6;0;1;-1;1;2;0;0;1;0;1;22;870;131;81;658;1;2;33.3;3;4;5;2;4;1;0;1;22;7;7;8;9;5;1;1;6;4;4;28;22;32;0;1;0;2;0
44091;1018;17;79.82;83.7;68.8;0;2;0;4;1;0;4;2;0;0;22;1217;536;0;681;0;0;0;12;1;3;4;3;0;0;0;13;10;9;6;10;6;1;2;10;8;11;28;22;32;0;1;3;0;1
44091;1062;17;61.1143;72.3;46.2;2;0;0;3;0;0;0;0;0;0;17;745;95;0;650;1;0;100.0;5;4;5;3;4;1;1;1;20;7;7;7;9;5;0;1;3;5;1;28;22;32;0;1;0;2;0
44091;1099;9;61.2286;53.2;65.5;0;1;1;1;1;2;2;2;1;0;24;1230;110;179;941;0;0;0;5;9;6;4;2;5;1;0;6;16;4;8;4;8;1;1;7;7;8;32;22;28;1;1;1;1;0
44091;1124;9;68.96;67.7;60.5;1;0;0;2;2;2;0;1;0;0;25;1259;97;266;896;3;1;75.0;4;9;3;3;2;7;0;0;7;16;7;9;4;6;2;1;13;10;11;32;22;28;1;0;2;2;1
44091;1237;9;50.1;51.2;52.1;0;1;0;0;2;0;2;2;0;1;19;966;13;132;821;0;0;0;5;6;4;6;1;2;1;1;6;19;6;6;5;11;1;0;8;8;3;32;22;28;0;2;0;0;0
44091;1240;9;50.2625;53.2;48.5;0;0;0;1;0;1;0;2;0;0;13;635;1;9;625;0;0;0;3;8;1;4;2;3;0;0;8;17;9;8;4;10;2;1;5;2;3;32;22;28;1;0;1;0;0
44091;1277;9;79.0571;76.2;84.8;1;2;1;4;1;0;2;2;0;2;33;1300;337;217;746;15;12;55.6;3;2;4;4;2;1;1;0;8;23;6;8;4;12;1;1;12;8;15;32;22;28;0;3;1;1;0
44091;1331;9;66.9;53.7;76.8;0;0;0;0;0;2;0;0;1;0;24;1087;13;133;941;0;0;0;5;7;4;6;1;2;1;1;6;18;6;6;5;11;1;0;12;8;6;32;22;28;1;1;0;0;0
44091;1440;17;52.45;56.1;49.8;0;1;0;2;3;1;2;3;0;0;23;1121;34;82;1005;0;0;0;9;5;5;5;2;4;1;1;16;6;7;5;11;2;0;1;9;10;6;28;22;32;1;3;1;1;0
44091;1527;9;73.7167;56.8;77.7;0;1;1;2;0;3;2;2;0;0;24;1220;110;175;935;0;0;0;5;9;6;4;2;5;1;0;6;16;4;8;4;8;1;1;7;6;8;32;22;28;3;2;0;0;0
44091;1556;17;54.3333;52.8;53.2;0;0;0;1;0;3;0;0;0;0;13;589;0;128;461;6;3;66.7;2;4;2;2;1;5;0;0;23;7;10;8;12;1;1;2;1;6;3;28;22;32;2;1;1;0;0
44091;1726;17;60.5333;60.2;59.4;0;0;-1;0;1;1;0;0;0;0;21;854;83;97;674;0;0;0;8;3;5;5;4;2;0;1;17;8;7;5;9;4;1;1;3;5;7;28;22;32;1;1;0;0;0
44091;1750;9;67.8333;60.6;82;1;2;0;3;1;0;0;2;0;3;30;1199;324;235;640;1;3;25.0;3;4;2;4;2;1;1;1;8;21;8;8;4;12;1;0;12;7;10;32;22;28;0;3;1;0;0
44091;1987;17;52.9125;62.6;47.1;0;0;-1;0;0;0;0;0;0;0;16;671;0;88;583;0;0;0;4;2;2;1;5;1;0;1;21;9;10;9;8;5;1;1;3;4;10;28;22;32;0;0;0;0;0
44091;2662;17;45.8143;50.9;43.4;0;0;-1;2;2;0;2;1;0;0;18;726;34;81;611;0;0;0;10;2;5;3;4;0;0;1;15;9;7;7;9;6;1;1;3;5;7;28;22;32;0;3;1;0;0
44091;2791;9;55.16;59.2;42;1;0;0;1;0;0;2;0;0;0;9;345;0;69;276;0;1;0.0;1;6;1;1;0;2;1;1;10;19;9;11;6;11;1;0;2;2;1;32;22;28;0;0;0;1;0
44091;3542;17;87.1286;85.3;88.2;0;1;0;9;4;2;2;1;1;1;28;1286;500;85;701;17;18;48.6;14;1;3;3;3;0;0;0;11;10;9;7;10;6;1;2;15;7;14;28;22;32;1;8;5;1;0
44091;3560;9;86.9;87.7;88.9;2;1;1;6;2;1;4;0;2;0;33;1419;336;316;767;5;4;55.6;3;4;4;6;2;1;1;0;8;21;6;6;4;12;1;1;12;8;13;32;22;28;0;3;5;1;0
44093;3;11;54.2375;49.2;52.3;0;0;-1;1;0;1;0;1;1;1;15;928;0;293;635;1;1;50.0;2;7;1;1;3;2;0;1;13;19;6;6;4;10;0;3;6;4;11;21;18;30;0;1;0;1;0
44093;54;10;77.5571;58.4;91.4;0;0;3;1;0;0;0;0;2;0;21;1115;0;72;1043;0;0;0;10;7;5;0;5;1;3;0;16;8;2;7;7;6;1;0;6;7;3;30;18;21;0;1;0;0;0
44093;185;11;52.2143;50.3;56.3;0;0;-1;2;0;1;0;0;0;0;15;755;5;0;750;5;8;38.5;4;10;1;3;1;3;0;1;11;16;6;4;6;9;0;3;3;3;7;21;18;30;0;0;0;2;1
44093;226;11;64.3286;46.5;74.9;0;0;-1;2;1;4;2;3;1;1;23;1565;327;162;1076;0;0;0;6;7;3;1;4;4;0;1;9;19;4;6;3;8;0;3;10;9;15;21;18;30;0;4;3;0;0
44093;272;11;70.1333;72.5;58.5;1;0;-2;5;2;0;0;3;2;0;26;1351;327;18;1006;1;2;33.3;8;8;5;3;2;6;0;2;7;18;2;4;5;6;0;2;10;10;9;21;18;30;0;3;1;3;0
44093;305;10;62.7333;62.7;63.1;1;0;2;2;1;1;2;0;0;1;23;1268;383;33;852;2;2;50.0;9;4;5;2;5;0;2;0;17;11;2;5;7;7;2;0;14;4;6;30;18;21;1;2;0;1;0
44093;430;10;67;68.4;60;0;0;1;2;0;2;0;1;0;0;23;1052;106;41;905;0;1;0.0;9;5;0;3;4;3;1;0;17;10;7;4;8;4;3;0;8;4;5;30;18;21;0;2;1;1;0
44093;462;10;62.4125;60.9;53.4;0;0;1;3;0;1;0;0;0;0;21;998;0;41;957;0;2;0.0;8;5;1;3;4;3;1;0;18;10;6;4;8;4;3;0;7;3;5;30;18;21;1;0;2;1;0
44093;565;11;59.1;55.6;57.8;0;0;0;1;0;0;0;0;0;0;10;404;0;18;386;0;0;0;1;2;0;0;1;1;0;0;14;24;7;7;6;11;0;4;3;0;2;21;18;30;0;1;0;0;0
44093;582;11;75.5;56.9;87.1;0;0;-1;0;0;0;0;0;1;0;15;659;122;178;359;6;5;54.5;2;2;1;0;1;1;0;1;13;24;6;7;6;11;0;3;3;3;6;21;18;30;0;0;0;0;0
44093;749;11;62.4571;55.7;63.7;0;0;-1;1;0;3;2;0;0;0;18;986;5;197;784;3;4;42.9;4;11;1;3;1;3;0;1;11;15;6;4;6;9;0;3;6;4;10;21;18;30;1;2;1;0;0
44093;818;10;55.6571;55;53.1;0;0;0;1;0;0;0;0;0;0;17;770;125;0;645;4;3;57.1;7;4;0;1;2;2;0;0;19;11;7;6;10;5;4;0;2;3;5;30;18;21;0;0;0;1;0
44093;959;10;54.5333;61.2;50.6;0;1;0;1;1;1;0;3;0;1;8;418;0;0;418;1;0;100.0;2;2;2;1;1;2;0;0;24;13;5;6;11;5;4;0;1;3;3;30;18;21;0;3;0;0;0
44093;1132;10;65.9714;62.6;71.6;0;0;0;0;0;1;0;0;1;0;22;971;106;0;865;8;6;57.1;8;4;0;2;4;3;0;0;18;11;7;5;8;4;4;0;7;3;5;30;18;21;1;0;0;0;0
44093;1233;10;91.9429;92.6;82.6;1;1;2;5;1;0;0;0;1;0;28;1376;383;39;954;15;8;65.2;10;5;5;2;6;0;2;0;16;10;2;5;6;7;2;0;15;6;5;30;18;21;0;1;0;3;2
44093;1305;10;60.4857;60.5;60.3;1;0;1;1;1;1;0;0;0;0;21;1097;125;80;892;0;0;0;9;4;1;5;4;4;1;0;17;11;6;2;8;3;3;0;10;3;6;30;18;21;1;1;0;0;1
44093;1323;10;70.4571;48;72.1;0;0;0;2;0;2;0;3;1;1;20;1105;0;209;896;0;0;0;6;3;1;4;4;4;0;0;20;12;6;3;8;3;4;0;15;6;7;30;18;21;1;3;0;0;0
44093;1432;11;56.75;54.6;57.3;0;0;-1;0;0;0;0;2;0;0;14;789;0;178;611;4;8;33.3;2;6;1;1;3;2;0;1;13;20;6;6;4;10;0;3;2;3;9;21;18;30;0;0;0;0;0
44093;1491;10;81.8429;86.5;74.7;0;2;2;4;4;0;0;2;1;0;24;1286;383;0;903;0;0;0;9;5;5;2;5;0;2;0;17;10;2;5;7;7;2;0;15;5;5;30;18;21;0;5;2;1;0
44093;1529;10;64.6714;61.2;67.1;0;1;1;3;0;0;0;4;0;1;24;1336;364;138;834;0;0;0;8;5;1;3;3;2;1;0;18;10;6;4;9;5;3;0;11;7;11;30;18;21;0;2;0;1;0
44093;1537;10;57.2286;50;58.2;0;0;1;0;1;1;0;0;0;1;12;587;0;219;368;7;9;43.8;3;1;2;1;1;2;1;0;23;14;5;6;11;5;3;0;6;5;6;30;18;21;1;0;0;1;0
44093;1579;10;56.9;52.3;58.3;0;2;4;0;0;2;2;1;0;2;22;1200;0;122;1078;0;0;0;10;8;5;1;5;1;4;0;16;7;2;6;7;6;0;0;10;9;5;30;18;21;1;1;0;0;0
44093;2532;11;73.1667;71.4;77.8;0;1;-2;4;1;3;2;0;0;0;25;1347;327;0;1020;0;0;0;8;8;5;3;2;6;0;2;7;18;2;4;5;6;0;2;9;10;9;21;18;30;3;4;0;1;0
44093;2536;11;50.7375;53.3;50;0;0;-1;1;0;0;2;1;0;0;15;791;0;0;791;0;0;0;4;9;1;3;1;3;0;1;11;17;6;4;6;9;0;3;3;3;7;21;18;30;0;1;0;0;0
44093;2652;11;59.0667;61.8;50;0;1;-2;3;0;0;0;0;0;1;21;1260;327;190;743;0;0;0;5;9;2;3;2;5;0;2;10;17;5;4;5;7;0;2;9;6;12;21;18;30;0;0;1;2;0
44093;2723;10;55.5;53.5;56.7;0;0;1;0;0;0;0;0;0;0;11;450;106;72;272;0;0;0;2;1;1;1;0;2;1;0;24;14;6;6;12;5;3;0;1;3;4;30;18;21;0;0;0;0;0
44093;3541;10;72.8667;65.9;78.9;0;0;0;5;2;2;5;1;1;1;22;1211;364;43;804;0;0;0;8;4;1;2;3;2;0;0;18;11;6;5;9;5;4;0;8;5;9;30;18;21;1;4;2;2;0
44093;3558;11;58.6571;58.1;63.6;0;0;-1;3;0;0;5;2;0;1;24;1154;205;0;949;10;9;52.6;6;6;4;3;2;6;0;1;9;20;3;4;5;6;0;3;8;8;5;21;18;30;0;1;1;0;1
44093;4372;10;59.85;63.9;56.4;1;0;1;2;0;1;2;1;1;0;14;604;0;0;604;0;0;0;6;4;0;1;2;2;1;0;20;11;7;6;10;5;3;0;1;4;4;30;18;21;1;1;0;0;1
44093;4419;11;50.1571;52.6;45.5;0;0;-1;0;0;0;0;1;0;0;10;628;5;0;623;0;0;0;2;7;1;1;3;2;0;1;13;19;6;6;4;10;0;3;2;4;8;21;18;30;0;0;0;0;0
44093;4772;11;45.8667;41.4;54.2;0;0;-2;0;1;1;0;0;1;2;20;1180;5;137;1038;0;0;0;5;12;3;3;1;3;0;2;10;14;4;4;6;9;0;2;6;6;9;21;18;30;1;1;0;0;0
44093;4780;11;58.9;51.8;60.2;0;0;0;0;2;1;0;1;0;0;20;1124;0;190;934;0;0;0;5;5;2;1;4;3;0;0;10;21;5;6;3;9;0;4;5;6;8;21;18;30;1;2;0;0;0
44093;4781;11;50.3667;48;54.2;0;0;-2;1;1;1;0;0;0;1;18;1068;5;137;926;0;0;0;5;11;3;3;1;3;0;2;10;15;4;4;6;9;0;2;6;5;9;21;18;30;0;2;0;1;0
44093;5026;10;57.8;56;56.7;0;0;0;1;0;0;0;1;0;0;18;824;0;219;605;1;0;100.0;6;4;0;1;2;2;0;0;20;11;7;6;10;5;4;0;7;7;7;30;18;21;0;0;1;0;0
44093;5038;11;52.4571;44.9;53.6;0;0;-1;0;0;1;0;0;0;1;22;1064;0;162;902;0;0;0;4;9;1;3;2;6;0;1;11;17;6;4;5;6;0;3;6;4;7;21;18;30;0;0;0;1;0
44093;5269;11;50.8;49.4;54.9;0;0;0;1;0;1;0;2;0;0;12;458;0;96;362;1;1;50.0;2;1;0;0;1;1;0;0;13;25;7;7;6;11;0;4;3;1;3;21;18;30;1;0;0;1;0
44095;22;15;89.3714;80.2;98.4;0;0;0;4;1;1;2;1;2;0;33;1514;228;45;1241;16;12;57.1;11;12;3;7;2;4;1;1;22;20;11;6;8;6;3;3;13;7;12;28;24;28;1;2;0;3;0
44095;44;15;71.2;73.4;56.6;1;0;-2;4;2;0;0;1;1;1;24;1217;228;0;989;1;2;33.3;10;11;5;3;5;0;1;3;23;21;9;10;5;10;3;1;9;7;8;28;24;28;0;3;2;1;0
44095;53;15;71.6286;81.8;59.7;0;2;1;1;1;0;12;3;0;0;24;1057;43;0;1014;0;0;0;12;7;2;6;1;3;1;0;21;25;12;7;9;7;3;4;6;5;7;28;24;28;0;2;0;0;0
44095;79;15;49.9714;48.7;49.6;0;0;0;1;1;1;0;0;0;0;20;1046;0;80;966;0;0;0;6;8;2;5;3;4;1;1;27;24;12;8;7;6;3;3;4;4;7;28;24;28;1;2;0;0;0
44095;349;15;68.26;66;67.3;0;0;-1;5;1;0;0;0;2;0;24;1201;228;0;973;0;0;0;10;10;5;3;5;0;1;2;23;22;9;10;5;10;3;2;9;6;8;28;24;28;0;2;2;1;1
44095;458;15;56.5333;49.7;68.4;0;1;2;0;1;1;0;2;0;2;10;607;0;75;532;0;0;0;3;8;2;3;1;5;2;0;30;24;12;10;9;5;2;4;7;4;4;28;24;28;0;2;0;0;0
44095;483;0;62.7167;63.2;50.7;0;1;2;1;2;1;0;1;0;0;24;1197;19;76;1102;11;12;47.8;14;10;3;7;4;5;3;1;18;23;10;7;6;5;1;3;11;8;7;28;24;28;1;0;1;2;0
44095;625;0;58.35;59.4;51.3;0;0;-1;0;1;0;0;2;1;0;17;844;0;42;802;0;2;0.0;8;9;3;2;1;2;0;1;24;24;10;12;9;8;4;3;6;1;10;28;24;28;0;1;0;0;0
44095;642;0;63.75;67;61.8;0;1;0;0;0;0;0;0;1;0;25;1106;203;0;903;0;0;0;5;4;6;3;5;2;1;1;27;29;7;11;5;8;3;3;5;11;3;28;24;28;0;0;0;0;0
44095;652;0;53.7333;54.7;45.5;0;0;-1;1;1;0;0;1;0;0;12;624;0;98;526;1;4;20.0;2;7;2;1;0;1;0;1;30;26;11;13;10;9;4;3;4;4;6;28;24;28;0;1;0;1;0
44095;693;15;60.6571;54.7;61.3;0;0;-2;0;1;5;0;0;0;0;31;1426;0;142;1284;0;0;0;12;15;7;7;3;4;1;3;21;17;7;6;7;6;3;1;11;12;11;28;24;28;3;3;0;0;0
44095;706;15;53.3;51.7;53.5;0;0;2;1;0;0;0;0;0;0;22;1101;11;0;1090;0;0;0;15;9;5;1;4;2;2;0;18;23;9;12;6;8;2;4;8;8;4;28;24;28;0;1;0;0;0
44095;764;0;62.5;55.4;67.3;1;0;-1;5;1;1;0;0;1;1;34;1503;183;182;1138;0;0;0;12;12;2;5;6;2;1;2;20;21;11;9;4;8;3;2;12;8;7;28;24;28;0;3;3;0;1
44095;798;0;57.7667;64.8;43.1;0;0;1;3;0;0;0;2;0;0;21;1051;19;0;1032;0;0;0;13;10;3;7;4;5;2;1;19;23;10;7;6;5;2;3;10;7;5;28;24;28;0;2;1;0;0
44095;799;0;40.1571;59.1;36.3;0;1;0;1;1;0;0;0;0;0;24;1259;0;100;1159;0;0;0;8;11;7;5;1;4;2;2;24;22;6;9;9;6;2;2;10;9;9;28;24;28;0;1;1;0;0
44095;801;15;68.2333;71.7;60.4;2;0;1;4;1;0;2;0;1;0;30;1294;54;102;1138;6;3;66.7;11;9;3;7;2;4;1;0;22;23;11;6;8;6;3;4;7;7;12;28;24;28;0;3;1;0;1
44095;931;0;57.2143;58.5;52.6;0;0;-1;1;1;0;0;2;0;0;15;785;0;0;785;6;8;42.9;8;9;3;2;1;2;0;1;24;24;10;12;9;8;4;3;5;1;9;28;24;28;0;0;0;1;1
44095;965;15;69.5;75.9;54.9;0;1;-1;3;2;1;2;3;0;0;26;1290;239;44;1007;8;6;57.1;10;12;5;3;5;0;1;2;23;20;9;10;5;10;3;2;10;6;8;28;24;28;0;5;1;0;0
44095;988;15;61.3333;61.8;60.4;1;1;0;4;0;0;0;0;0;0;23;1145;43;80;1022;0;0;0;6;8;2;5;3;4;1;1;27;24;12;8;7;6;3;3;6;4;9;28;24;28;0;2;0;1;1
44095;1023;15;60.1;59.4;60.2;0;1;1;0;0;1;0;0;0;0;7;477;0;0;477;1;1;50.0;2;8;2;3;1;4;1;0;31;24;12;10;9;6;3;4;7;4;4;28;24;28;0;1;0;0;0
44095;1140;15;63.0667;65.3;54.4;1;0;0;5;0;1;0;1;1;1;21;850;43;147;660;1;0;100.0;9;2;4;0;1;2;1;1;24;30;10;13;9;8;3;3;3;6;9;28;24;28;0;3;2;0;1
44095;1262;15;53.675;59.8;43.6;0;1;0;1;0;0;0;1;0;0;18;730;11;0;719;7;3;70.0;10;2;4;0;2;2;1;1;23;30;10;13;8;8;3;3;2;6;3;28;24;28;0;0;0;0;1
44095;1311;0;63.1333;63.1;63.3;1;0;0;3;0;0;0;1;0;0;17;1130;39;0;1091;0;0;0;14;11;5;5;3;3;1;1;18;22;8;9;7;7;3;3;7;5;11;28;24;28;0;2;1;0;0
44095;1330;15;72.3714;57.2;83.4;0;2;2;3;4;0;0;0;1;2;23;1200;54;0;1146;0;0;0;15;9;5;1;4;2;2;0;18;23;9;12;6;8;2;4;10;8;6;28;24;28;0;6;1;0;0
44095;1340;0;70.7143;67.6;77.8;0;0;1;3;0;1;12;2;0;0;24;1041;203;108;730;5;9;35.7;7;3;3;3;3;1;1;0;25;30;10;11;7;9;3;4;8;7;5;28;24;28;0;3;0;1;0
44095;1367;15;57.6571;51.9;56.4;0;0;1;0;0;2;0;0;0;0;7;477;0;0;477;6;7;46.2;2;8;2;3;1;4;1;0;31;24;12;10;9;6;3;4;7;4;4;28;24;28;2;0;0;0;0
44095;1439;15;43.3714;53.8;40.7;0;0;-1;2;1;1;0;0;0;1;21;897;0;31;866;0;0;0;9;4;5;1;4;2;0;1;24;28;9;12;6;8;4;3;4;8;5;28;24;28;0;3;1;0;0
44095;1533;0;73.78;64.7;85.4;0;1;2;2;2;6;0;2;0;0;27;1561;39;100;1422;0;0;0;11;16;7;4;2;8;3;1;21;17;6;10;8;2;1;3;12;14;11;28;24;28;3;5;1;0;1
44095;2462;0;62.6333;64.1;62.1;0;1;0;2;0;1;2;6;0;0;31;1454;183;179;1092;0;0;0;8;10;2;5;6;2;1;1;24;23;11;9;4;8;3;3;11;9;6;28;24;28;0;3;0;0;0
44095;2635;0;45.5857;50.2;41.9;0;0;-1;1;0;0;0;1;0;0;8;490;0;20;470;5;5;50.0;3;9;1;1;0;1;0;1;29;24;12;13;10;9;4;3;3;4;3;28;24;28;0;0;0;0;1
44095;2656;0;86.3667;90;78.8;2;1;2;6;1;1;2;3;1;0;25;1264;19;85;1160;2;1;66.7;15;13;2;7;4;4;3;1;17;20;11;7;6;6;1;3;11;8;8;28;24;28;0;6;0;2;0
44095;2768;0;48.3;49;41.5;0;0;-2;0;0;0;0;1;0;1;12;637;0;0;637;3;2;60.0;3;11;3;1;2;2;0;2;29;22;10;13;8;8;4;2;2;8;5;28;24;28;0;0;0;0;0
44095;3433;0;58.1714;51.3;57.1;0;0;-1;5;0;0;0;0;1;1;15;799;0;0;799;0;0;0;8;9;3;2;1;2;0;1;24;24;10;12;9;8;4;3;5;1;9;28;24;28;0;3;1;0;1
44095;3545;15;73.8333;80.2;54.8;0;1;-2;5;2;2;0;0;0;0;33;1654;228;142;1284;0;0;0;12;15;7;7;3;4;1;3;21;17;7;6;7;6;3;1;14;12;15;28;24;28;0;5;1;3;0
44095;3555;0;71.2333;76.5;62.8;1;1;0;2;4;2;2;2;0;0;30;1359;203;61;1095;1;3;25.0;7;5;7;5;5;3;1;1;25;28;6;9;5;7;3;3;7;11;6;28;24;28;2;3;2;1;0
44095;4344;0;52.3;54.5;51.5;0;0;-1;1;0;0;0;1;0;0;16;945;0;3;942;0;0;0;11;6;3;5;2;1;0;1;21;27;10;9;8;9;4;3;4;3;12;28;24;28;0;0;0;1;0
44097;15;3;79.5286;69;86.2;1;0;4;6;3;2;0;0;1;0;28;1414;118;165;1131;0;0;0;22;5;8;1;3;4;4;0;22;5;12;3;12;6;4;0;8;4;15;21;16;31;1;4;3;2;1
44097;26;3;57.2333;59;53.7;0;0;0;5;0;1;0;0;0;0;10;591;130;28;433;0;2;0.0;5;3;1;1;2;3;0;0;39;7;19;3;13;7;8;0;5;3;5;21;16;31;1;4;1;0;0
44097;96;3;76.42;81;61.1;0;1;2;6;3;0;2;2;0;1;24;1233;392;0;841;0;0;0;18;5;8;1;2;5;2;0;26;5;12;3;13;5;6;0;9;5;9;21;16;31;0;4;3;2;0
44097;149;3;72.4;64.4;79.1;1;0;3;2;0;0;0;0;0;0;19;1135;404;0;731;5;3;62.5;7;2;2;2;2;1;3;0;37;8;18;2;13;9;5;0;6;4;9;21;16;31;0;0;0;1;1
44097;156;3;58.3375;65.4;54.9;0;1;3;1;2;0;2;1;0;0;15;762;0;50;712;1;1;50.0;10;1;5;2;4;0;3;0;34;9;15;2;11;10;5;0;2;4;8;21;16;31;0;2;0;1;0
44097;171;3;60.7571;70.8;52.7;0;3;4;0;1;0;0;2;0;0;21;959;0;42;917;0;0;0;15;1;8;2;4;2;4;0;29;9;12;2;11;8;4;0;4;6;5;21;16;31;0;1;0;0;0
44097;182;280;50.2857;49.3;50.4;0;0;-2;1;0;1;0;4;2;0;26;1288;117;235;936;0;0;0;4;16;1;7;3;6;0;2;6;28;3;13;7;9;0;6;11;4;8;31;16;21;1;0;0;0;1
44097;232;280;49.575;60.7;43.7;0;0;-1;3;0;2;2;2;0;0;21;978;0;211;767;2;3;40.0;4;12;1;4;3;4;0;1;6;32;3;16;7;11;0;7;9;4;7;31;16;21;1;1;0;3;0
44097;257;3;79.2333;73.1;88.8;0;1;2;4;2;2;0;0;0;1;27;1427;404;94;929;0;0;0;16;5;5;1;2;4;2;0;28;5;15;3;13;6;6;0;9;5;14;21;16;31;1;6;0;1;0
44097;335;3;59.6;57.9;61.3;0;0;0;0;0;0;0;2;0;0;8;448;0;54;394;0;0;0;4;3;1;1;2;3;0;0;40;7;19;3;13;7;8;0;2;3;4;21;16;31;0;0;0;0;0
44097;341;3;56.0875;51.5;53.4;0;0;0;0;0;0;0;0;0;0;9;494;0;85;409;6;5;54.5;4;3;1;1;3;3;0;0;40;7;19;3;12;7;8;0;2;3;6;21;16;31;0;0;0;0;0
44097;361;280;48.7333;52;31.8;0;0;-4;0;0;0;0;0;0;0;16;789;125;0;664;0;0;0;2;17;2;5;2;3;0;4;8;27;2;15;8;12;0;4;4;6;6;31;16;21;0;0;0;0;0
44097;365;3;73.5;82.3;61.3;2;1;2;6;0;0;0;3;0;0;24;1224;392;0;832;0;0;0;18;5;8;1;2;5;2;0;26;5;12;3;13;5;6;0;9;5;9;21;16;31;0;2;0;4;0
44097;382;280;56.2;54.6;49.5;0;0;-4;1;0;0;0;3;1;0;15;867;117;66;684;0;4;0.0;2;18;0;4;1;5;0;4;8;26;4;16;9;10;0;4;3;9;5;31;16;21;0;1;0;0;0
44097;383;280;64.3857;64;50.9;0;0;-2;1;0;1;0;3;0;0;17;945;125;0;820;0;0;0;1;8;3;4;3;4;0;2;9;36;1;16;7;11;0;6;9;3;4;31;16;21;1;0;1;0;0
44097;505;3;71.0714;52;75.3;1;0;2;5;2;0;12;2;1;1;21;1008;0;190;818;0;0;0;13;0;8;2;5;1;2;0;31;10;12;2;10;9;6;0;4;5;9;21;16;31;0;3;2;1;1
44097;521;3;70.6333;78.9;52.9;1;2;4;3;1;0;0;0;0;0;14;686;0;40;646;1;0;100.0;8;1;3;2;4;0;4;0;36;9;17;2;11;10;4;0;2;3;7;21;16;31;0;2;1;1;0
44097;524;280;38.7375;56.3;28.2;0;0;-4;0;0;2;0;0;0;0;14;709;0;88;621;6;6;50.0;2;16;0;4;2;3;0;4;8;28;4;16;8;12;0;4;3;6;5;31;16;21;1;1;0;0;0
44097;609;280;53.1;53.1;53.1;0;0;0;0;0;2;0;0;0;0;9;592;117;0;475;1;3;25.0;3;5;0;5;2;4;0;0;7;39;4;15;8;11;0;8;7;2;1;31;16;21;1;0;1;0;0
44097;778;3;60.5571;54.3;61.6;0;1;2;0;1;1;0;1;0;0;17;869;0;15;854;0;0;0;10;5;6;1;8;5;2;0;34;5;14;3;7;5;6;0;5;5;7;21;16;31;1;0;1;0;0
44097;942;280;70.2;57.4;73.4;0;0;-2;0;1;2;0;2;0;0;21;1116;0;277;839;1;0;100.0;1;7;3;3;3;4;0;2;9;37;1;17;7;11;0;6;9;4;5;31;16;21;1;2;0;0;0
44097;1077;280;11.1857;46.5;5.3;0;0;-5;0;0;0;0;0;0;1;21;1199;57;159;983;0;0;0;2;21;1;9;3;7;0;5;8;23;3;11;7;8;0;3;11;7;6;31;16;21;0;0;0;0;0
44097;1152;3;58.95;62.6;50.5;0;1;3;3;0;0;0;1;0;0;20;931;0;101;830;1;1;50.0;12;1;6;0;8;2;3;0;32;9;14;4;7;8;5;0;5;5;7;21;16;31;0;1;1;1;0
44097;1163;280;47.8833;49.6;47.3;0;0;-2;0;1;3;0;0;0;0;24;1158;0;235;923;0;0;0;4;8;2;3;4;3;0;2;6;36;2;17;6;12;0;6;8;7;6;31;16;21;1;3;0;0;0
44097;1227;3;80.8375;84.2;67.3;1;2;2;5;1;1;5;2;0;0;23;1014;130;155;729;9;7;56.3;11;0;6;0;7;1;2;0;33;10;14;4;8;9;6;0;8;4;8;21;16;31;1;1;1;2;2
44097;1268;3;76.2143;70.1;85.2;0;1;2;6;2;2;0;0;3;2;24;1224;392;0;832;12;11;52.2;18;5;8;1;2;5;2;0;26;5;12;3;13;5;6;0;9;5;9;21;16;31;0;4;3;3;0
44097;1282;280;60;56.8;64.6;0;0;-1;0;1;3;0;1;1;0;10;646;0;157;489;3;3;50.0;3;5;0;5;2;3;0;1;7;39;4;15;8;12;0;7;6;1;4;31;16;21;2;0;0;2;0
44097;1338;280;49.9714;63.1;39.6;1;0;-4;2;1;3;0;0;0;0;25;1268;182;150;936;0;0;0;2;20;1;10;3;6;0;4;8;24;3;10;7;9;0;4;12;6;8;31;16;21;1;2;3;0;0
44097;1447;280;57.8143;49.4;67.1;0;0;-2;1;0;3;4;1;1;0;19;1181;174;137;870;0;0;0;4;9;0;4;4;3;0;2;6;35;4;16;6;12;0;6;9;6;5;31;16;21;3;0;1;0;0
44097;1485;3;70.7;79.6;63.2;1;0;3;5;2;2;2;0;0;0;24;1139;130;85;924;1;2;33.3;15;1;9;0;7;2;3;0;29;9;11;4;8;8;5;0;7;4;10;21;16;31;0;3;3;3;0
44097;2471;280;51.1;53.4;53.4;0;0;0;1;0;0;5;2;0;1;9;613;117;0;496;0;0;0;3;5;0;5;2;4;0;0;7;39;4;15;8;11;0;8;7;2;1;31;16;21;0;1;0;0;0
44097;2491;280;47.4857;48.4;47.8;0;0;-2;2;0;1;2;0;0;0;19;1046;0;128;918;0;0;0;4;14;1;7;3;5;0;2;6;30;3;13;7;10;0;6;8;2;7;31;16;21;0;1;2;0;0
44097;2786;280;58.1625;48.3;61.2;0;0;-2;0;0;0;0;4;0;2;17;953;0;88;865;7;6;53.8;1;7;3;3;3;5;0;2;9;37;1;17;7;10;0;6;9;4;3;31;16;21;0;0;0;0;0
44097;2797;3;67.4;66.9;55.5;0;0;2;2;1;1;0;0;0;0;20;1080;118;92;870;0;0;0;12;4;5;1;8;4;2;0;32;6;15;3;7;6;6;0;7;6;8;21;16;31;0;2;2;0;0
44097;5002;280;62.88;64;57.4;0;1;-2;1;0;3;0;0;0;0;22;1137;182;157;798;12;11;52.2;4;16;1;8;3;3;0;2;6;28;3;12;7;12;0;6;12;3;10;31;16;21;1;1;2;0;0
44097;5254;280;55.2167;55.8;57.7;0;0;-1;3;0;1;2;0;0;0;19;930;182;0;748;0;0;0;4;14;1;8;4;3;0;1;6;30;3;12;6;12;0;7;11;3;7;31;16;21;1;3;0;0;0
44099;19;8;56.6857;52.9;56.5;0;0;0;0;0;2;0;0;0;0;8;548;0;0;548;3;3;50.0;1;9;0;4;0;8;0;0;23;21;2;11;4;4;2;1;2;1;3;22;15;26;0;1;1;0;0
44099;62;16;49.2;48.6;49.2;0;0;0;1;0;0;0;0;0;1;8;387;0;0;387;0;0;0;3;4;0;0;2;0;0;0;27;20;15;2;10;4;1;2;2;2;3;26;15;22;0;0;0;1;0
44099;136;16;63.7571;63.9;58.5;0;0;0;1;1;1;0;2;0;0;19;731;0;70;661;3;4;42.9;8;6;3;2;4;0;0;0;22;18;12;0;8;4;1;2;2;2;4;26;15;22;0;2;0;1;0
44099;148;16;69.6;44.4;45.6;0;0;-1;0;1;0;9;1;0;2;16;671;3;7;661;0;2;0.0;4;7;2;0;1;1;0;1;26;17;13;2;11;3;1;1;5;4;4;26;15;22;0;0;1;0;0
44099;297;8;59.1;55.9;67.9;0;0;0;2;1;0;0;0;0;0;19;943;184;0;759;6;8;42.9;8;8;1;5;0;1;0;0;16;22;1;10;4;11;2;1;7;1;7;22;15;26;0;1;1;1;0
44099;312;16;56.32;57.4;50.5;0;0;0;3;1;0;0;1;0;1;26;991;38;0;953;0;0;0;12;7;7;2;4;2;0;0;18;17;8;0;8;2;1;2;6;1;2;26;15;22;0;2;0;2;0
44099;350;16;74.3714;48;89.6;0;0;1;0;2;0;0;1;2;2;26;1353;238;255;860;0;0;0;8;7;5;1;1;0;1;0;22;17;10;1;11;4;0;2;12;10;11;26;15;22;0;2;0;0;0
44099;421;8;61.15;62.6;59.7;0;2;1;2;0;1;0;1;1;0;17;856;0;0;856;0;1;0.0;4;10;0;0;3;2;1;0;20;20;2;15;1;10;1;1;3;6;2;22;15;26;0;2;1;0;0
44099;444;8;52.92;48;72.1;0;0;0;1;0;0;0;1;0;1;19;974;171;0;803;1;0;100.0;9;8;1;5;0;2;0;0;15;22;1;10;4;10;2;1;7;1;8;22;15;26;0;1;0;0;0
44099;556;8;54.2;51.1;51.1;0;0;0;4;1;0;0;1;0;1;15;687;0;0;687;0;0;0;8;6;1;5;0;1;0;0;16;24;1;10;4;11;2;1;5;0;5;22;15;26;0;3;0;2;0
44099;635;16;73.7;63.9;74.4;1;2;1;7;2;2;2;1;1;1;28;1413;238;252;923;0;0;0;8;7;5;1;1;1;1;0;22;17;10;1;11;3;0;2;12;10;10;26;15;22;0;6;4;0;1
44099;708;8;70;59.7;74.3;0;0;0;2;0;0;0;1;1;0;25;1099;340;43;716;7;10;41.2;11;7;1;6;1;1;1;1;13;23;1;9;3;11;1;0;6;5;10;22;15;26;0;1;1;0;0
44099;714;16;50.1375;54.9;47.6;0;0;-1;1;1;0;12;0;0;0;11;473;0;45;428;0;0;0;4;6;3;0;3;1;0;1;26;18;12;2;9;3;1;1;1;3;3;26;15;22;0;1;1;0;0
44099;971;16;67.8875;57.8;72.5;0;0;-1;3;4;1;0;1;0;1;23;944;41;41;862;0;0;0;8;11;5;0;2;3;0;1;22;13;10;2;10;1;1;1;7;3;2;26;15;22;1;4;1;2;0
44099;1073;8;78.1286;52.9;82.8;1;0;1;1;0;3;2;5;1;0;18;1007;0;86;921;0;0;0;4;11;0;7;2;5;1;0;20;19;2;8;2;7;1;1;5;3;4;22;15;26;1;1;1;1;0
44099;1080;8;90.9143;44.4;98.9;0;0;0;5;2;3;2;4;1;1;26;1463;353;114;996;0;0;0;10;11;0;4;2;4;0;0;14;19;2;11;2;8;2;1;9;6;12;22;15;26;3;5;1;1;0
44099;1097;8;53.5;47.9;58.4;0;0;1;0;0;0;5;3;0;0;19;949;0;88;861;0;0;0;9;4;2;4;1;2;1;0;15;26;0;11;3;10;1;1;4;6;6;22;15;26;0;0;0;0;0
44099;1112;8;56.72;56.3;59.9;0;0;0;6;1;0;0;0;0;1;26;1088;340;155;593;1;4;20.0;10;6;1;5;1;1;1;1;14;24;1;10;3;11;1;0;7;7;11;22;15;26;0;6;1;0;0
44099;1155;8;74.9857;66;73.8;0;0;0;2;0;2;0;1;0;0;28;1269;340;234;695;3;6;33.3;11;7;1;6;1;1;1;1;13;23;1;9;3;11;1;0;10;6;13;22;15;26;1;2;1;0;0
44099;1187;8;64.7857;58.8;70.5;0;0;0;4;1;0;6;0;0;0;24;1397;353;73;971;0;0;0;10;9;1;3;2;3;0;0;14;21;1;12;2;9;2;1;10;6;12;22;15;26;0;2;0;2;1
44099;1219;16;62.0571;64.8;57.3;1;0;-1;5;1;1;2;0;1;0;22;956;41;69;846;11;2;84.6;9;11;5;0;2;3;0;1;21;13;10;2;10;1;1;1;7;3;3;26;15;22;0;4;1;1;1
44099;1349;16;75.7667;76.1;68.5;1;0;1;2;1;0;0;0;0;0;32;1282;239;133;910;14;5;73.7;12;5;4;0;4;0;1;0;18;19;11;2;8;4;0;2;13;5;10;26;15;22;0;1;1;1;0
44099;1457;8;86.2429;58.9;90.1;0;1;1;2;0;1;0;1;0;0;19;993;184;43;766;4;6;40.0;4;8;0;0;2;2;1;0;20;22;2;15;2;10;1;1;5;7;5;22;15;26;1;2;0;0;0
44099;1477;16;80.7857;70.1;80.7;0;3;1;3;1;0;2;1;1;0;32;1289;239;217;833;3;4;42.9;9;3;5;2;6;1;1;0;21;21;10;0;6;3;0;2;9;4;9;26;15;22;0;3;0;1;0
44099;2240;8;41.0571;39.6;41.3;0;0;-1;0;0;0;0;1;0;2;17;885;0;42;843;0;0;0;3;12;0;7;1;7;0;1;21;18;2;8;3;5;2;0;6;0;4;22;15;26;0;0;0;0;0
44099;2285;8;54.5;53.3;59.3;0;0;0;3;1;1;0;0;0;0;9;685;184;0;501;0;0;0;1;7;0;4;0;8;0;0;23;23;2;11;4;4;2;1;4;2;5;22;15;26;0;3;1;0;1
44099;2638;8;58.4875;51.8;62.5;0;0;0;0;0;2;0;0;0;0;7;493;0;0;493;0;0;0;1;5;0;4;1;8;0;0;23;25;2;11;3;4;2;1;2;1;3;22;15;26;1;1;0;0;0
44099;2645;8;65.5857;51;64.4;1;1;1;1;0;0;0;0;1;2;18;895;0;3;892;0;0;0;4;10;0;0;3;2;1;0;20;20;2;15;1;10;1;1;3;7;2;22;15;26;0;1;0;0;0
44099;2658;16;74.2333;77;67.5;0;0;0;4;2;2;0;0;1;0;33;1268;239;133;896;3;2;60.0;10;5;4;0;4;0;0;0;20;19;11;2;8;4;1;2;13;5;10;26;15;22;1;3;3;1;0
44099;3551;8;94.2857;47.8;95.5;0;0;1;3;1;4;0;1;0;1;24;1327;171;171;985;0;0;0;12;11;2;5;0;2;2;1;12;19;0;10;4;10;0;0;9;8;11;22;15;26;3;4;1;0;0
44099;4351;16;73.8833;54.4;76.7;0;0;-1;4;2;4;0;1;2;0;28;1180;42;162;976;0;0;0;15;5;6;0;4;2;0;1;15;19;9;2;8;2;1;1;6;3;5;26;15;22;3;2;3;2;0
44099;4563;16;55.9;52.7;56.3;0;0;-1;1;0;0;0;1;0;0;25;1056;42;52;962;0;0;0;15;5;6;0;4;1;0;1;15;19;9;2;8;3;1;1;5;3;5;26;15;22;0;0;0;0;1
44099;4570;16;56.9;47.1;58.3;0;0;-1;0;0;0;0;3;0;0;22;1183;0;220;963;0;0;0;8;12;4;1;7;2;0;1;22;12;11;1;5;2;1;1;9;2;7;26;15;22;0;0;0;0;0
44099;4992;16;75.2714;52.9;77.6;0;0;-1;1;0;0;0;0;1;0;20;1067;0;107;960;0;0;0;7;12;4;1;7;2;0;1;23;12;11;1;5;2;1;1;8;2;6;26;15;22;0;1;0;0;0
44099;5250;16;57.1143;55.1;57.1;0;0;-1;0;0;0;0;0;0;0;12;573;0;181;392;1;2;33.3;4;4;3;0;2;1;0;1;26;20;12;2;10;3;1;1;2;5;6;26;15;22;0;0;0;0;0
44099;5908;16;59.5143;54.5;62.7;0;0;0;2;2;1;0;0;0;0;10;461;0;72;389;3;4;42.9;5;2;3;0;2;0;1;1;25;22;12;2;10;4;0;1;1;3;3;26;15;22;0;2;1;2;0
44101;89;26;70.1667;58.8;87.2;0;1;-2;1;1;3;0;0;1;2;37;1478;237;241;1000;0;0;0;8;6;4;4;2;7;0;2;18;14;4;6;5;9;0;1;13;9;9;21;19;16;2;1;2;0;0
44101;97;20;89.8286;61.2;100;0;1;1;1;1;1;0;4;3;0;24;1291;115;63;1113;0;0;0;8;9;4;5;10;2;1;0;12;17;6;3;6;5;2;0;4;8;7;16;19;21;0;2;1;0;0
44101;311;20;75.9286;77.5;66.6;1;1;1;4;3;0;0;1;0;0;24;1047;381;0;666;1;0;100.0;3;7;2;1;1;3;1;0;17;19;8;7;15;4;2;0;7;8;6;16;19;21;0;6;1;0;0
44101;353;26;53.3286;58.1;46.5;0;0;-1;0;0;0;0;3;0;0;8;375;0;0;375;0;0;0;3;4;1;0;1;1;0;1;23;16;7;10;6;15;0;2;2;8;1;21;19;16;0;0;0;0;0
44101;360;26;64.9571;64.7;62.2;0;2;-1;4;0;0;2;1;0;1;26;1034;233;93;708;7;4;63.6;7;4;3;1;0;3;0;1;19;16;5;9;7;13;0;2;5;4;3;21;19;16;0;2;1;0;1
44101;395;26;51.7857;43;58.2;0;1;-2;3;1;3;0;2;2;2;35;1510;237;283;990;0;0;0;7;6;4;4;2;7;0;2;19;14;4;6;5;9;0;1;14;9;9;21;19;16;2;4;0;0;1
44101;455;20;71.7;61.5;80.9;0;2;1;1;0;0;12;0;1;1;24;1048;292;121;635;9;11;45.0;2;7;2;1;2;3;1;0;18;19;8;7;14;4;2;0;5;8;9;16;19;21;0;0;0;1;0
44101;498;26;52.0667;49.7;56.8;0;0;0;2;0;3;0;1;0;1;19;902;0;128;774;0;0;0;9;9;1;2;3;5;0;0;17;11;7;8;4;11;0;3;4;6;4;21;19;16;1;3;1;0;0
44101;879;20;77.9714;68.9;67.9;1;0;2;1;1;1;0;1;0;1;21;1106;0;121;985;0;0;0;8;5;5;3;6;1;2;0;12;21;5;5;10;6;1;0;3;5;9;16;19;21;1;1;0;1;0
44101;947;26;58.3;56.1;55.3;0;0;0;3;0;1;0;2;1;0;12;647;0;50;597;2;1;66.7;11;6;0;1;4;4;0;0;15;14;8;9;3;12;0;3;5;3;3;21;19;16;0;2;0;2;0
44101;1017;20;51.9429;52.6;46.8;0;0;0;0;0;1;2;1;0;0;14;734;51;24;659;3;7;30.0;3;7;0;2;6;3;0;0;17;19;10;6;10;4;3;0;6;2;4;16;19;21;0;1;0;0;0
44101;1265;26;52.525;48.4;51;0;0;-1;1;1;0;0;4;0;1;26;1102;4;103;995;4;7;36.4;5;5;3;8;2;5;0;1;21;15;5;2;5;11;0;2;5;3;4;21;19;16;0;0;1;0;1
44101;1344;26;79.7714;75.8;79;1;0;-1;4;0;0;2;6;0;0;32;1320;223;220;877;0;1;0.0;7;5;4;1;1;6;0;1;19;15;4;9;6;10;0;2;8;5;7;21;19;16;0;2;1;0;1
44101;1375;26;55.24;56.2;49.4;0;0;0;0;0;1;0;0;0;0;13;614;10;0;604;6;4;60.0;9;6;0;1;3;4;0;0;17;14;8;9;4;12;0;3;5;2;4;21;19;16;1;0;0;0;0
44101;1466;20;75.0714;53.9;92.7;0;1;0;0;2;0;2;0;1;0;26;1226;381;120;725;0;0;0;6;7;2;0;1;3;0;0;14;19;8;8;15;4;3;0;8;4;11;16;19;21;0;1;1;0;0
44101;1572;20;65.1667;51.6;67.4;0;0;0;1;0;0;0;1;1;0;23;1011;92;170;749;0;0;0;6;8;2;0;2;3;0;0;14;18;8;8;14;4;3;0;4;4;10;16;19;21;0;1;0;0;0
44101;2038;26;54.525;60.3;50.1;0;0;-1;0;1;1;0;0;0;0;10;524;0;0;524;1;0;100.0;5;6;1;0;2;2;0;1;21;14;7;10;5;14;0;2;3;8;0;21;19;16;1;0;0;1;0
44101;2514;20;55.8;54.2;57.2;0;0;0;1;0;1;0;0;0;1;13;663;0;0;663;0;2;0.0;3;8;0;2;5;3;0;0;17;18;10;6;11;4;3;0;6;2;4;16;19;21;0;1;0;1;0
44101;2518;20;66.5;49.3;67.5;0;0;0;3;0;0;0;1;0;2;14;653;89;0;564;4;4;50.0;7;6;3;1;2;0;0;0;13;20;7;7;14;7;3;0;3;4;3;16;19;21;0;1;2;0;0
44101;2539;26;83.7429;51.4;86.8;0;0;-1;1;2;2;0;1;1;0;28;1224;0;158;1066;0;0;0;9;5;3;4;1;4;0;1;17;15;5;6;6;12;0;2;4;4;3;21;19;16;1;1;2;1;0
44101;2553;20;66.2;67.6;71.2;1;0;1;5;0;2;4;1;1;0;21;974;371;0;603;0;1;0.0;3;7;2;1;2;3;1;0;17;19;8;7;14;4;2;0;5;8;4;16;19;21;0;3;2;1;1
44101;2718;26;70.95;69.9;70;1;0;-1;2;0;1;0;2;1;1;28;1072;233;50;789;0;0;0;7;4;3;1;0;3;0;1;19;16;5;9;7;13;0;2;6;5;4;21;19;16;1;0;2;0;0
44101;4327;20;69.65;67.9;58.6;1;0;1;2;0;1;0;5;0;0;24;1258;115;30;1113;0;0;0;8;9;4;5;10;2;1;0;12;17;6;3;6;5;2;0;4;8;6;16;19;21;1;0;0;1;1
44101;4329;26;65.86;63.3;61.6;0;0;-1;2;2;0;0;1;2;1;28;1201;4;296;901;5;2;71.4;5;4;4;6;2;7;0;1;21;16;4;4;5;9;0;2;5;3;7;21;19;16;0;2;1;1;0
44101;4332;26;55.98;51.1;64.3;0;0;-1;3;0;2;4;1;1;1;27;1152;0;84;1068;0;0;0;11;6;3;6;2;5;0;1;15;14;5;4;5;11;0;2;5;6;2;21;19;16;1;4;0;0;0
44101;4334;26;56.1;60.6;53.6;0;0;0;3;0;1;0;1;0;0;13;684;0;47;637;0;0;0;11;7;0;1;4;5;0;0;15;13;8;9;3;11;0;3;5;3;3;21;19;16;0;1;1;2;0
44101;4773;26;69.8;66.8;52.8;0;0;-1;2;0;0;2;5;0;1;24;1009;4;10;995;0;1;0.0;5;5;3;8;2;5;0;1;21;15;5;2;5;11;0;2;5;3;4;21;19;16;0;2;0;0;0
44101;4778;20;48.775;52.6;46;0;0;0;2;2;0;0;0;0;1;17;725;115;27;583;0;0;0;6;8;3;2;6;0;0;0;14;18;7;6;10;7;3;0;0;4;2;16;19;21;0;3;1;0;0
44101;4789;20;69.3571;48.7;72.1;0;1;2;0;0;1;0;1;0;1;19;1036;0;37;999;0;0;0;6;8;4;3;3;2;2;0;14;18;6;5;13;5;1;0;4;7;3;16;19;21;1;0;0;0;0
44101;4993;20;62.6;57.2;72.2;0;0;0;1;1;0;0;1;1;0;21;1071;330;82;659;0;0;0;3;7;0;2;6;3;0;0;17;19;10;6;10;4;3;0;10;2;6;16;19;21;0;1;1;0;0
44101;5020;20;54.4429;50.3;54.9;0;0;2;0;1;0;0;0;0;0;19;1042;0;37;1005;0;0;0;6;9;4;3;4;2;2;0;14;17;6;5;12;5;1;0;4;7;3;16;19;21;0;0;1;0;0
44101;5246;26;52.5143;51.9;53.9;0;0;0;0;1;0;4;3;0;0;20;1070;0;109;961;0;0;0;8;8;3;2;4;6;0;0;18;12;5;8;3;10;0;3;4;5;6;21;19;16;0;1;0;0;0
44101;5281;20;57.05;54.9;58.8;0;0;0;0;0;0;0;0;0;0;11;504;0;10;494;1;1;50.0;6;6;3;1;2;0;0;0;14;20;7;7;14;7;3;0;0;3;2;16;19;21;0;0;0;0;0
44101;5462;20;60.88;61.7;57.1;0;1;2;3;0;0;0;2;0;1;21;1082;74;24;984;0;0;0;8;6;5;4;6;1;2;0;12;20;5;4;10;6;1;0;2;5;5;16;19;21;0;3;0;0;0
44101;5687;20;79.1571;73.5;78.3;0;1;2;2;3;0;0;2;1;0;22;1140;74;82;984;7;5;58.3;8;6;5;4;6;1;2;0;12;20;5;4;10;6;1;0;2;5;5;16;19;21;0;4;0;1;0
44101;5907;26;51.1429;56.9;43;0;0;-1;0;0;0;0;1;0;0;8;375;0;0;375;6;5;54.5;3;4;1;0;1;1;0;1;23;16;7;10;6;15;0;2;2;8;1;21;19;16;0;0;0;0;0
44103;121;279;68.8143;50.6;72.9;0;1;1;0;1;2;24;1;0;0;19;883;164;51;668;0;0;0;8;2;3;0;2;0;1;0;20;7;7;5;7;8;2;1;7;5;7;28;17;25;2;1;0;0;0
44103;126;279;62.6;66.1;55;0;0;-1;2;0;0;0;0;0;0;23;1193;492;65;636;1;1;50.0;6;3;5;3;3;1;0;1;22;6;5;2;6;7;3;0;10;4;10;28;17;25;0;1;1;0;0
44103;244;21;57.25;65.2;49.3;0;1;0;2;0;0;0;1;0;0;14;709;113;0;596;0;0;0;4;8;0;2;1;1;1;1;5;20;5;8;7;8;0;2;5;3;3;25;17;28;0;2;0;0;0
44103;330;279;72.2571;73.8;65.6;0;2;3;3;2;0;0;1;0;1;17;970;189;33;748;11;5;68.8;9;4;3;0;3;3;2;0;19;5;7;5;6;5;1;1;7;4;6;28;17;25;0;4;1;0;0
44103;569;279;56.2857;55.9;57.8;0;0;0;5;0;1;2;1;0;0;20;879;0;118;761;0;0;0;7;6;2;1;1;4;0;0;21;3;8;4;8;4;3;1;6;5;4;28;17;25;0;3;2;0;1
44103;1105;21;83.6571;51.8;89.9;1;0;0;2;3;3;12;1;1;1;21;1100;412;234;454;0;0;0;3;3;2;3;1;2;1;0;6;25;3;7;7;7;0;3;13;4;8;25;17;28;2;4;1;1;0
44103;1218;279;70.5;63.9;68.7;2;0;1;4;0;0;0;3;0;0;27;1265;0;190;1075;0;0;0;12;4;4;2;6;4;2;1;16;5;6;3;3;4;1;0;16;5;7;28;17;25;0;1;0;1;2
44103;1245;279;64.2667;61.6;67.8;0;0;0;0;1;0;0;1;0;0;14;664;0;251;413;1;2;33.3;5;0;0;2;2;2;0;0;23;9;10;3;7;6;3;1;5;2;3;28;17;25;0;1;0;0;0
44103;1316;279;62.2429;56.9;61.5;0;0;0;1;1;1;2;2;0;0;32;1301;164;189;948;0;0;0;8;3;5;3;5;2;1;1;20;6;5;2;4;6;2;0;14;9;10;28;17;25;1;2;0;0;0
44103;1357;279;72.1;61.9;81.9;0;0;-1;1;1;2;0;1;0;1;19;908;0;250;658;6;4;60.0;6;3;5;3;3;1;0;1;22;6;5;2;6;7;3;0;10;3;6;28;17;25;2;2;0;0;0
44103;1434;279;59.7857;56.8;60.4;1;0;1;1;0;0;0;1;1;1;13;630;0;237;393;1;4;20.0;6;0;0;2;1;1;0;0;22;9;10;3;8;7;3;1;5;2;2;28;17;25;0;0;1;0;0
44103;1711;279;65.0167;67.1;54;0;1;2;0;1;0;0;0;0;0;14;699;0;0;699;0;1;0.0;9;4;2;0;3;3;2;0;19;5;8;5;6;5;1;1;4;1;5;28;17;25;0;0;1;0;0
44103;2447;279;61.62;59.6;58.2;1;0;0;2;0;1;0;1;0;0;12;473;100;0;373;0;0;0;5;1;0;1;2;1;0;0;23;8;10;4;7;7;3;1;3;1;2;28;17;25;1;1;0;0;1
44103;2458;21;68.1286;64.7;71.8;0;1;0;2;1;0;0;1;1;0;20;1014;229;185;600;8;11;42.1;4;8;0;2;1;1;1;1;5;20;5;8;7;8;0;2;10;4;6;25;17;28;0;0;0;2;1
44103;2461;21;61.4429;54.8;73.8;0;1;0;1;0;1;0;0;2;3;22;962;119;218;625;1;0;100.0;1;7;1;4;1;5;0;0;8;21;4;6;7;4;1;3;6;4;4;25;17;28;0;0;2;0;0
44103;2513;279;75.55;72.1;82;0;2;1;2;3;3;0;0;0;0;25;1343;428;312;603;0;0;0;7;2;2;2;1;4;0;0;21;7;8;3;8;4;3;1;6;5;10;28;17;25;2;5;0;1;0
44103;2637;279;60.6833;60.1;61.8;0;0;1;2;1;0;0;1;1;0;20;756;100;0;656;0;0;0;7;1;3;0;1;2;1;0;21;8;7;5;8;6;2;1;5;9;4;28;17;25;0;1;2;0;0
44103;2650;279;56.0667;58.3;49.2;0;0;-1;3;2;0;0;1;0;1;22;855;100;65;690;8;4;66.7;6;3;5;3;3;1;0;1;22;6;5;2;6;7;3;0;7;3;4;28;17;25;0;3;2;0;0
44103;2697;279;77.1;72.7;84.1;0;1;2;3;3;2;0;1;1;0;18;1148;492;0;656;0;0;0;9;4;2;0;3;3;2;0;19;5;8;5;6;5;1;1;6;3;11;28;17;25;0;5;2;1;0
44103;2790;279;68.6;69.3;63.7;1;0;3;7;4;1;0;0;0;0;33;1606;428;244;934;0;0;0;14;2;4;2;3;2;2;0;14;7;6;3;6;6;1;1;8;5;12;28;17;25;1;8;2;1;0
44103;3009;21;63.5667;59.4;65.9;0;1;0;3;0;0;0;3;1;0;26;1208;330;334;544;0;0;0;3;3;2;3;1;2;1;0;6;25;3;7;7;7;0;3;12;4;7;25;17;28;0;3;0;0;0
44103;3544;279;82.5;74.5;79.4;1;1;1;4;1;1;12;2;0;1;21;1126;303;203;620;15;6;71.4;8;2;2;0;2;3;1;0;20;7;8;5;7;5;2;1;10;8;12;28;17;25;1;2;1;2;0
44103;4340;21;39.4667;52.2;36.8;0;0;-3;0;1;0;0;3;0;0;26;1421;172;195;1054;0;0;0;5;16;3;2;4;2;0;3;4;12;2;8;4;7;1;0;7;9;10;25;17;28;0;1;0;0;0
44103;4375;21;51.7429;52;57.4;0;0;-1;0;0;0;2;0;1;0;16;660;0;0;660;4;11;26.7;0;6;2;3;3;4;0;1;9;22;3;7;5;5;1;2;2;5;8;25;17;28;0;0;0;0;0
44103;4552;279;60.8;63.1;55.6;0;0;1;0;0;1;0;0;1;0;16;727;0;0;727;0;0;0;8;1;3;1;1;3;1;0;20;8;7;4;8;5;2;1;6;9;3;28;17;25;1;0;0;0;0
44103;4806;21;66.1;51;87.9;0;0;0;3;0;2;2;0;2;1;23;1029;227;228;574;5;13;27.8;3;6;1;3;1;4;0;0;6;22;4;7;7;5;1;3;10;4;6;25;17;28;2;0;1;2;0
44103;4853;21;68.5;60.1;71.5;1;0;-1;3;4;0;0;0;3;0;17;833;281;0;552;0;0;0;2;6;2;3;1;4;0;0;7;22;3;7;7;5;1;3;6;4;6;25;17;28;0;1;4;2;0
44103;4991;21;56.15;53;63.5;0;0;-1;1;0;0;0;2;0;0;25;1109;157;264;688;1;1;50.0;2;7;2;3;2;3;0;1;7;21;3;7;6;6;1;2;12;6;9;25;17;28;0;0;0;0;1
44103;4994;21;52.6;53.3;50;0;0;-1;0;0;1;0;1;0;0;19;800;44;99;657;2;1;66.7;0;6;2;3;2;4;0;1;9;22;3;7;6;5;1;2;2;6;10;25;17;28;0;0;1;0;0
44103;5004;21;53.85;54.9;48;0;0;-1;0;0;0;0;0;0;0;15;778;158;0;620;0;0;0;3;8;1;2;4;0;0;1;6;20;4;8;4;9;1;2;3;2;8;25;17;28;0;0;0;0;0
44103;5045;21;93;51.6;98.5;0;0;0;2;0;3;2;1;2;0;24;1191;69;127;995;0;0;0;3;10;0;4;4;5;0;0;6;18;5;6;4;4;1;3;6;4;10;25;17;28;3;2;0;0;0
44103;5056;21;67.65;64.9;63.2;0;0;-1;1;1;0;0;2;0;0;16;825;236;54;535;0;1;0.0;2;6;1;1;4;0;0;1;7;22;4;9;4;9;1;2;4;3;10;25;17;28;0;1;1;0;0
44103;5249;21;51.2143;55.3;42.4;0;0;-2;1;1;0;2;1;0;0;14;754;46;80;628;6;5;54.5;2;8;2;2;3;0;0;1;7;20;3;8;5;9;1;2;2;3;6;25;17;28;0;1;1;0;0
44103;5304;21;71.6143;47.4;75.3;0;0;-3;3;0;3;0;1;1;0;23;1253;71;175;1007;0;0;0;3;15;3;3;3;2;0;3;6;13;2;7;5;7;1;0;6;9;10;25;17;28;2;2;2;0;0
44103;5309;21;57.5857;50.5;59.7;0;0;0;0;0;0;2;2;2;0;18;965;50;119;796;0;0;0;1;9;0;4;3;5;0;0;8;19;5;6;5;4;1;3;6;4;11;25;17;28;0;0;0;0;0
44103;5910;21;50.8571;51.9;45;0;0;-1;3;0;0;0;5;0;0;14;775;46;56;673;0;0;0;4;8;1;3;1;1;1;1;5;20;4;7;7;8;0;2;4;4;5;25;17;28;0;1;1;1;0
44105;10;23;74.5;70.1;80.9;0;2;2;5;1;1;0;0;1;2;28;1344;266;188;890;0;0;0;14;4;8;2;7;3;2;0;14;14;4;6;8;5;3;2;13;8;9;26;20;21;0;2;3;2;0
44105;38;23;46.3429;57.7;44.1;1;0;0;1;1;0;0;0;0;1;22;980;45;131;804;1;0;100.0;6;9;4;3;3;2;2;2;22;9;8;5;12;6;3;0;6;5;5;26;20;21;0;2;0;0;0
44105;46;23;59.0429;61.9;54.7;0;1;0;0;1;0;2;0;0;0;22;980;45;131;804;7;8;46.7;6;9;4;3;3;2;2;2;22;9;8;5;12;6;3;0;6;5;5;26;20;21;0;0;0;1;0
44105;91;24;59.15;51.3;67.6;1;0;1;2;0;0;0;0;2;1;10;442;0;53;389;1;2;33.3;4;3;1;2;1;2;1;0;14;25;7;10;7;13;1;5;1;4;1;21;20;26;0;1;0;0;1
44105;104;23;66.7;71.4;58.1;1;1;1;4;4;0;0;0;0;0;18;767;45;0;722;0;0;0;9;4;6;0;3;2;2;1;19;14;6;8;12;6;3;1;3;4;4;26;20;21;0;4;1;2;1
44105;142;23;74.8143;67.2;76.5;0;2;2;0;2;1;0;1;1;0;29;1484;263;219;1002;0;0;0;9;9;2;4;6;2;3;1;19;9;10;4;9;6;2;1;13;10;10;26;20;21;0;1;2;0;0
44105;267;24;66.25;63.4;66.1;1;1;1;1;1;2;0;0;0;2;18;873;15;53;805;1;3;25.0;9;10;2;4;1;5;2;1;9;18;6;8;7;10;0;4;3;5;7;21;20;26;0;3;0;0;1
44105;412;24;66.6;68.2;59.8;0;1;-1;2;0;2;0;3;0;0;25;1168;95;258;815;5;1;83.3;3;6;0;1;4;3;0;1;15;22;8;11;4;12;2;4;8;7;9;21;20;26;1;3;0;0;0
44105;500;24;70.9429;72.6;59.1;0;1;-3;1;0;1;0;2;0;0;26;1242;283;0;959;6;9;40.0;3;12;4;6;2;5;0;3;15;16;4;6;6;10;2;2;9;6;10;21;20;26;1;0;0;1;0
44105;571;23;78.7333;78;77;1;2;2;6;0;1;0;5;0;1;29;1436;263;204;969;0;0;0;9;8;2;3;6;2;3;1;19;10;10;5;9;6;2;1;13;10;10;26;20;21;0;6;0;1;0
44105;641;24;44.05;53.3;35.2;0;0;-3;0;0;2;2;2;0;0;19;937;35;0;902;1;1;50.0;4;9;2;4;2;5;0;3;14;19;6;8;6;10;2;2;4;6;6;21;20;26;1;0;1;0;0
44105;1006;23;53.375;55.2;52.6;0;0;0;0;0;0;2;1;0;0;14;683;38;0;645;0;2;0.0;3;4;0;2;2;2;0;0;25;14;12;6;13;6;5;2;6;3;5;26;20;21;0;0;0;0;0
44105;1060;23;55.95;56.7;54.8;0;0;0;1;0;0;0;0;0;0;14;661;0;22;639;0;0;0;1;4;0;2;2;2;0;0;27;14;12;6;13;6;5;2;5;3;3;26;20;21;0;1;0;0;0
44105;1147;24;63.9571;58.7;70.5;0;1;0;0;0;0;0;0;0;0;10;443;241;0;202;0;0;0;3;0;1;1;1;0;0;0;15;28;7;11;7;15;2;5;3;2;4;21;20;26;0;0;0;0;0
44105;1368;24;84.3857;57.1;89.4;0;1;1;1;0;2;2;3;0;0;26;1346;102;149;1095;0;0;0;8;10;4;5;5;6;1;0;10;18;4;7;3;9;1;5;8;6;9;21;20;26;1;1;1;0;0
44105;1535;24;64.1;69.3;52.5;1;1;0;4;1;1;0;0;0;0;18;906;79;0;827;0;0;0;6;7;4;3;1;5;1;1;12;21;4;9;7;10;1;4;3;4;6;21;20;26;0;3;2;1;0
44105;2360;24;47.8286;49.8;43.9;0;0;-1;3;0;0;2;1;0;1;21;1099;35;60;1004;0;0;0;9;13;2;6;2;4;1;2;9;15;6;6;6;11;1;3;5;7;7;21;20;26;0;2;1;0;0
44105;2478;24;50.2143;46.8;49.1;0;0;-2;0;2;2;0;1;0;0;20;1086;57;67;962;0;0;0;2;11;3;4;1;5;1;3;16;17;5;8;7;10;1;2;6;8;5;21;20;26;2;2;0;0;0
44105;2661;23;68.7571;69.3;68.8;1;1;2;3;2;0;2;1;1;0;21;1110;228;14;868;1;1;50.0;13;3;5;3;8;3;2;0;15;15;7;5;7;5;3;2;7;8;5;26;20;21;0;2;1;0;2
44105;2800;24;52;43.4;58.1;0;0;1;1;2;2;0;0;0;1;27;1251;241;17;993;0;0;0;8;11;2;4;5;6;1;0;10;17;6;8;3;9;1;5;8;3;14;21;20;26;0;4;0;1;0
44105;3146;24;59.7286;56.1;70.2;0;0;0;2;0;0;2;1;1;0;12;639;254;0;385;0;0;0;3;0;3;2;1;2;0;0;15;28;5;10;7;13;2;5;5;3;3;21;20;26;0;2;0;0;0
44105;3383;24;33.7;45.1;31.1;0;0;-3;0;0;1;0;1;1;2;23;1145;0;210;935;0;0;0;2;11;3;7;2;7;0;3;16;17;5;5;6;8;2;2;7;6;6;21;20;26;1;0;0;0;0
44105;3548;24;74.8;74.5;72.1;2;0;-1;4;2;1;0;1;1;1;25;1193;328;0;865;13;13;50.0;5;6;2;0;4;3;0;1;13;22;6;12;4;12;2;4;10;6;11;21;20;26;0;3;0;2;2
44105;3559;23;67;64.8;78.8;2;0;2;7;2;2;0;0;0;4;29;1344;266;188;890;17;10;63.0;14;4;8;2;7;3;2;0;14;14;4;6;8;5;3;2;13;8;9;26;20;21;0;4;5;1;1
44105;4335;23;56.2333;56.4;49.6;0;0;1;1;0;0;0;0;0;0;12;528;0;8;520;0;0;0;4;1;0;0;2;1;1;0;24;17;12;8;13;7;4;2;2;2;3;26;20;21;0;1;0;0;0
44105;4600;23;71;60;71.2;0;1;1;1;0;1;0;0;0;1;13;582;0;37;545;0;1;0.0;5;1;0;1;3;1;1;0;23;17;12;7;12;7;4;2;2;4;3;26;20;21;1;1;0;0;0
44105;4615;23;58.5833;50.5;60.8;0;0;-2;0;1;0;2;0;0;0;26;1234;48;117;1069;0;0;0;5;9;6;6;4;1;0;2;23;9;6;2;11;7;5;0;10;5;5;26;20;21;0;1;0;0;0
44105;4794;23;58.5;39;63;0;0;-1;0;2;2;2;3;1;2;26;1218;48;103;1067;0;0;0;5;6;7;3;4;1;0;1;23;12;5;5;11;7;5;1;7;5;6;26;20;21;1;0;3;0;0
44105;4799;24;67.5;69.6;60;0;2;0;0;0;1;0;3;1;0;16;776;35;0;741;6;5;54.5;7;7;2;3;1;5;1;1;11;21;6;9;7;10;1;4;2;3;6;21;20;26;1;0;0;0;0
44105;4996;24;65.9714;55.9;66.6;0;1;-1;1;1;1;0;1;0;0;23;1241;45;264;932;0;0;0;8;8;3;4;2;4;1;2;10;20;5;8;6;11;1;3;7;8;9;21;20;26;0;3;0;0;0
44105;4997;23;51.6429;49.1;58;0;0;0;0;0;0;2;0;0;1;15;734;0;37;697;6;7;46.2;4;4;0;3;3;2;0;0;24;14;12;5;12;6;5;2;5;5;4;26;20;21;0;0;0;0;0
44105;4998;24;47.1714;47.4;48.4;0;0;-3;0;1;0;2;1;1;0;19;1016;45;65;906;0;0;0;1;9;2;3;1;5;0;3;17;19;6;9;7;10;2;2;6;8;4;21;20;26;0;1;0;0;0
44105;5032;23;76.2143;42;81.1;0;0;2;2;1;2;0;0;0;0;18;1030;0;98;932;0;0;0;14;4;4;1;5;5;2;0;14;14;8;7;10;3;3;2;6;6;6;26;20;21;1;4;0;0;0
44105;5059;23;52.4;52.3;52.8;0;0;1;0;0;0;0;0;1;0;11;477;0;0;477;2;4;33.3;4;1;0;0;2;1;1;0;24;17;12;8;13;7;4;2;2;2;3;26;20;21;0;0;0;0;0
44105;5296;23;60.0286;50.4;61.4;0;0;2;2;0;3;0;0;0;0;17;944;0;15;929;0;0;0;14;5;3;2;5;5;2;0;14;13;9;6;10;3;3;2;5;5;5;26;20;21;1;2;2;0;0
44105;5465;24;53.5714;61.2;46.9;0;0;-1;2;0;0;0;1;0;0;18;803;0;0;803;0;0;0;4;6;0;0;4;3;0;1;14;22;8;12;4;12;2;4;5;5;6;21;20;26;0;2;0;0;0
44107;30;17;62.8143;62.5;65.1;0;1;0;2;0;0;0;0;0;1;18;931;127;28;776;9;6;60.0;13;6;3;2;1;2;1;1;32;4;11;0;10;4;1;0;8;5;6;29;12;27;0;1;1;0;0
44107;47;17;67.8333;54;70.6;0;0;0;3;0;1;0;0;0;0;22;1017;0;148;869;0;0;0;13;2;8;0;2;3;0;0;32;8;6;2;9;3;2;1;8;2;11;29;12;27;0;1;2;1;0
44107;97;20;67.4286;44.1;86.5;0;0;-1;2;0;6;2;0;2;1;17;1231;48;162;1021;0;0;0;4;20;1;6;0;5;1;2;6;25;1;8;6;6;0;0;6;1;9;27;12;29;1;2;4;1;0
44107;311;20;56.8857;62.5;48;0;0;-1;1;1;0;0;1;0;0;14;888;275;0;613;1;0;100.0;5;8;0;2;2;4;0;1;5;37;2;12;4;7;1;1;7;7;8;27;12;29;0;2;0;0;0
44107;453;17;73.5667;72.9;68.9;0;1;1;2;2;0;0;0;0;0;20;893;102;33;758;4;6;40.0;15;2;5;0;2;1;1;0;30;8;9;2;9;5;1;1;4;4;3;29;12;27;0;1;1;1;1
44107;455;20;80.3;57.4;98.4;0;0;-1;1;1;0;0;0;0;0;21;1407;275;369;763;17;12;58.6;5;8;0;4;2;4;0;1;5;37;2;10;4;7;1;1;14;8;11;27;12;29;0;1;1;0;0
44107;566;17;74.0167;74.4;70.3;0;1;0;3;3;0;0;0;0;1;25;1215;378;0;837;0;1;0.0;16;1;6;0;5;2;0;0;29;9;8;2;6;4;2;1;14;2;12;29;12;27;0;5;1;0;0
44107;580;17;70.5333;78.5;54.9;1;0;0;4;0;0;2;2;2;0;17;896;0;127;769;3;3;50.0;12;6;2;2;3;3;1;1;33;4;12;0;8;3;1;0;9;4;9;29;12;27;0;2;1;0;1
44107;736;17;58.9286;57.8;56.2;0;0;0;0;0;1;0;2;0;0;13;606;0;203;403;1;1;50.0;2;1;1;0;1;0;0;0;43;9;13;2;10;6;2;1;4;2;5;29;12;27;1;0;0;0;0
44107;788;17;61.7286;53.2;62.8;0;2;0;6;1;0;0;2;0;2;30;1575;353;188;1034;0;0;0;15;3;3;1;5;2;1;1;30;7;11;1;6;4;1;0;14;5;13;29;12;27;0;4;0;2;1
44107;807;17;51.8667;50.5;54.6;0;0;0;1;1;0;0;0;1;1;10;427;0;0;427;0;0;0;2;1;1;0;1;1;0;0;43;9;13;2;10;5;2;1;1;2;2;29;12;27;0;1;0;1;0
44107;835;17;77.4333;65.4;96.1;0;0;0;4;1;1;0;0;0;1;29;1521;353;141;1027;0;0;0;15;3;2;1;5;2;1;1;30;7;12;1;6;4;1;0;11;5;11;29;12;27;0;3;3;0;0
44107;879;20;60.6429;59.3;61.5;1;0;1;1;1;0;0;3;0;1;18;1091;0;272;819;0;1;0.0;5;15;1;3;2;1;1;0;5;30;1;11;4;10;0;2;11;2;5;27;12;29;0;2;0;0;0
44107;996;17;65.3;71.4;50.4;0;0;1;4;3;0;0;1;0;0;17;813;102;0;711;0;0;0;14;2;4;0;2;1;1;0;31;8;10;2;9;5;1;1;4;4;3;29;12;27;0;3;2;2;0
44107;1017;20;55.3429;52;67.2;0;0;0;0;0;0;2;1;0;0;18;757;33;36;688;3;7;30.0;0;9;0;4;2;6;0;0;10;36;2;10;4;5;1;2;4;0;7;27;12;29;0;0;0;0;0
44107;1018;17;77.52;79.8;66.9;0;0;0;11;5;1;0;1;0;0;25;1304;378;44;882;0;0;0;16;1;6;0;7;2;0;0;29;9;8;2;4;4;2;1;14;2;13;29;12;27;1;6;7;2;1
44107;1062;17;59.4;65.8;50.4;1;0;1;3;1;0;0;2;0;1;18;856;102;0;754;0;1;0.0;14;2;5;0;2;1;1;0;31;8;9;2;9;5;1;1;4;4;3;29;12;27;0;1;1;1;1
44107;1440;17;66.0167;52.5;69.2;0;0;0;2;0;0;2;1;0;0;19;930;0;69;861;0;0;0;14;2;7;0;4;3;0;0;31;8;7;2;7;3;2;1;5;1;8;29;12;27;0;2;0;0;0
44107;1466;20;60.9143;49.1;69.6;0;0;0;1;1;0;0;0;0;0;27;1243;305;162;776;0;0;0;5;11;0;2;6;2;0;0;5;34;2;12;0;9;1;2;12;7;10;27;12;29;0;2;0;0;0
44107;1556;17;55.7333;56.5;51.2;0;0;0;0;0;0;0;0;0;0;11;481;0;78;403;1;4;20.0;2;1;1;0;1;0;0;0;43;9;13;2;10;6;2;1;1;2;3;29;12;27;0;0;0;0;0
44107;1572;20;64.9167;52.4;67.3;0;0;0;2;0;0;0;0;1;0;24;1067;87;204;776;0;0;0;5;11;0;2;6;2;0;0;5;34;2;12;0;9;1;2;9;7;8;27;12;29;0;2;0;0;0
44107;1726;17;59.5333;60.1;53.3;0;0;1;4;1;0;0;0;0;0;19;1023;127;96;800;0;0;0;15;5;3;1;2;1;1;0;30;5;11;1;9;5;1;1;10;5;6;29;12;27;0;3;0;1;1
44107;1987;17;51.575;54.9;49.1;0;0;0;3;0;1;0;1;0;0;16;788;0;73;715;0;0;0;12;6;2;2;1;2;1;1;33;4;12;0;10;4;1;0;7;4;6;29;12;27;0;2;2;0;0
44107;2514;20;51;51.3;51.3;0;0;0;0;0;1;2;1;0;0;15;676;0;53;623;0;2;0.0;0;9;0;3;1;4;0;0;10;36;2;11;5;7;1;2;3;0;8;27;12;29;0;1;0;0;0
44107;2518;20;46.7143;49.6;44.6;0;0;-1;0;0;0;0;0;0;0;9;617;30;0;587;3;6;33.3;0;11;1;4;0;0;0;1;10;34;1;10;6;11;1;1;2;2;5;27;12;29;0;0;0;0;0
44107;2553;20;53.9;52.3;60.1;0;0;-1;0;0;2;0;0;0;0;14;918;305;0;613;1;0;100.0;5;8;0;2;2;4;0;1;5;37;2;12;4;7;1;1;7;7;8;27;12;29;2;0;0;0;0
44107;2662;17;71.6714;62.5;74;0;1;1;1;1;0;0;2;0;0;16;978;0;64;914;0;0;0;18;5;5;1;4;1;1;0;27;5;9;1;7;5;1;1;9;5;4;29;12;27;0;1;0;1;0
44107;3542;17;97.9;96.8;97.5;1;0;0;8;1;2;4;2;1;1;26;1292;378;19;895;17;11;60.7;17;1;6;0;7;3;0;0;28;9;8;2;4;3;2;1;14;2;13;29;12;27;0;7;1;3;0
44107;4327;20;52.6667;51.5;54.9;0;1;-1;1;0;0;0;0;0;1;17;1189;48;120;1021;0;0;0;4;20;1;6;0;5;1;2;6;25;1;8;6;6;0;0;5;1;9;27;12;29;0;0;0;0;1
44107;4778;20;50.325;52.4;48.6;0;0;-1;0;1;0;0;0;0;0;15;956;78;98;780;1;1;50.0;0;18;1;8;1;2;0;1;10;27;1;6;5;9;1;1;5;3;8;27;12;29;0;1;0;0;0
44107;4789;20;67.3;44.5;70.4;0;0;0;0;0;2;0;0;0;1;19;1043;0;156;887;0;0;0;1;12;1;3;0;4;0;0;9;33;1;11;6;7;1;2;9;4;10;27;12;29;0;1;1;0;0
44107;4993;20;53.3333;52.1;57.9;0;0;0;0;0;1;2;1;0;0;19;928;221;0;707;0;0;0;0;9;0;3;1;6;0;0;10;36;2;11;5;5;1;2;7;0;9;27;12;29;1;0;0;0;0
44107;5020;20;48.9429;44.4;49.7;0;0;0;1;1;0;0;0;0;1;19;1053;0;156;897;0;0;0;1;11;1;5;0;4;0;0;9;34;1;9;6;7;1;2;7;4;10;27;12;29;0;2;0;0;0
44107;5281;20;50.25;53.3;47.2;0;0;-1;0;0;0;0;1;0;0;8;587;0;0;587;0;0;0;0;11;1;4;0;0;0;1;10;34;1;10;6;11;1;1;2;2;5;27;12;29;0;0;0;0;0
44107;5462;20;53.22;54.8;48.9;0;0;1;1;0;1;2;1;0;0;17;989;45;84;860;0;0;0;5;17;1;5;3;1;1;0;5;28;1;9;3;10;0;2;8;2;4;27;12;29;0;0;1;0;1
44107;5687;20;70.0429;62;69.8;0;0;1;1;0;0;0;4;0;0;16;903;82;4;817;7;6;53.8;5;17;1;4;2;1;1;0;5;28;1;10;4;10;0;2;7;2;5;27;12;29;0;0;0;0;1
44109;136;16;67.1857;66.5;59.1;0;1;1;5;1;0;0;1;1;0;16;802;0;112;690;4;6;40.0;9;3;2;2;2;3;1;0;19;19;6;12;12;5;2;0;6;3;3;25;15;21;0;4;1;1;0
44109;148;16;51.8333;51.1;52.2;0;0;0;1;0;0;0;0;0;0;12;520;0;0;520;0;0;0;4;4;2;2;3;1;0;0;24;18;6;12;11;7;3;0;4;3;2;25;15;21;0;1;0;0;0
44109;182;280;65.8;54;65.9;0;0;-1;2;1;2;0;0;0;0;27;1330;99;81;1150;0;0;0;5;15;6;5;4;4;0;1;17;13;8;3;4;10;0;2;4;6;6;21;15;25;1;3;1;0;0
44109;232;280;59.4625;45.5;66.4;0;0;-1;2;1;1;0;0;0;2;25;1114;0;108;1006;2;3;40.0;7;6;5;0;3;5;0;1;15;22;9;8;5;9;0;2;7;6;4;21;15;25;1;2;0;0;1
44109;312;16;52.08;51.7;53.1;1;0;1;1;0;0;0;0;1;2;18;870;28;0;842;0;0;0;5;9;1;5;1;3;1;0;23;13;7;9;13;5;2;0;3;3;5;25;15;21;0;0;0;1;0
44109;350;16;64.0857;56.7;69.1;0;0;2;0;0;0;0;4;0;0;25;1392;154;313;925;0;0;0;14;9;2;5;3;1;2;0;14;13;6;9;11;7;1;0;10;7;9;25;15;21;0;0;0;0;0
44109;361;280;64.45;63.8;65.3;0;0;0;7;1;0;0;1;0;0;21;997;247;0;750;0;0;0;5;5;5;1;4;1;0;0;17;23;9;7;4;13;0;3;7;5;11;21;15;25;0;5;2;0;1
44109;366;16;56.74;58.4;49.1;1;0;1;1;1;0;0;2;0;0;13;707;0;0;707;0;0;0;9;4;2;3;2;3;1;0;19;18;6;11;12;5;2;0;5;2;2;25;15;21;0;1;1;0;0
44109;382;280;73.1333;69;65.8;0;0;0;1;2;0;0;7;0;0;20;915;85;0;830;0;1;0.0;5;5;5;1;3;2;0;0;17;23;9;7;5;12;0;3;2;6;8;21;15;25;0;1;2;0;0
44109;383;280;67.2429;78.4;54;1;0;-1;2;1;0;2;5;0;0;24;1030;261;0;769;0;0;0;7;5;3;3;1;7;0;1;15;23;11;5;7;7;0;2;11;2;8;21;15;25;0;1;1;0;1
44109;524;280;54.05;54.3;53.9;0;0;0;0;0;0;0;0;0;0;18;796;0;55;741;4;8;33.3;5;5;5;1;4;1;0;0;17;23;9;7;4;13;0;3;2;3;7;21;15;25;0;0;0;0;0
44109;609;280;52.5714;54.8;47.7;0;0;-1;2;0;0;0;0;0;0;8;584;85;0;499;0;2;0.0;2;11;0;4;0;1;0;1;20;17;14;4;8;13;0;2;1;4;5;21;15;25;0;0;0;2;0
44109;635;16;87.6;59.6;89;1;1;2;5;2;3;0;1;0;1;26;1493;154;313;1026;0;0;0;14;10;2;5;3;3;2;0;14;12;6;9;11;5;1;0;10;7;9;25;15;21;3;4;1;1;1
44109;714;16;56.125;61.7;52.3;0;1;1;0;0;2;0;1;0;0;14;795;0;0;795;0;0;0;9;4;2;4;3;3;1;0;19;18;6;10;11;5;2;0;5;2;3;25;15;21;0;2;0;0;0
44109;942;280;61.125;65.7;57.9;0;0;-1;4;1;0;0;5;0;0;24;906;0;108;798;1;0;100.0;7;7;3;3;1;7;0;1;15;21;11;5;7;7;0;2;8;1;5;21;15;25;0;5;0;0;0
44109;971;16;62.8;68.4;55.6;0;1;1;1;0;1;4;2;0;1;19;979;75;10;894;0;2;0.0;7;10;1;5;1;4;1;0;21;12;7;9;13;4;2;0;3;4;6;25;15;21;0;1;0;1;0
44109;1077;280;44.8143;50.3;44.6;0;0;-1;0;1;0;2;2;0;0;23;1081;0;46;1035;0;0;0;10;7;5;3;1;7;0;1;12;21;9;5;7;7;0;2;8;4;11;21;15;25;0;0;0;1;0
44109;1163;280;58.6;50.7;59.7;0;0;-1;3;0;2;0;2;0;0;23;983;0;76;907;0;0;0;7;6;3;0;3;3;0;1;15;22;11;8;5;11;0;2;5;4;5;21;15;25;2;2;1;0;0
44109;1219;16;58.1714;59.6;53.2;0;0;1;2;0;0;0;1;1;0;20;1053;75;102;876;6;5;54.5;7;10;1;5;1;3;1;0;21;12;7;9;13;5;2;0;4;4;5;25;15;21;0;1;0;1;0
44109;1282;280;58.4667;52.2;57.8;0;0;-1;1;1;0;0;1;2;0;6;466;0;19;447;4;3;57.1;3;11;1;4;0;0;0;1;19;17;13;4;8;14;0;2;1;3;4;21;15;25;0;2;0;0;0
44109;1338;280;74.0143;60.1;83.4;0;1;-1;1;0;5;0;1;0;0;27;1322;247;55;1020;0;0;0;10;7;5;3;2;7;0;1;12;21;9;5;6;7;0;2;13;5;15;21;15;25;2;3;1;0;0
44109;1349;16;73.7333;76.7;61.2;0;1;1;3;1;1;2;0;0;0;24;1227;107;187;933;10;5;66.7;8;4;3;3;8;0;1;0;20;18;5;11;6;8;2;0;11;4;10;25;15;21;0;2;2;1;0
44109;1447;280;67.6;54.1;77.2;0;0;-1;3;1;2;0;1;1;0;20;1052;99;46;907;0;0;0;7;6;3;0;2;3;0;1;15;22;11;8;6;11;0;2;4;4;5;21;15;25;2;3;1;0;0
44109;1477;16;57.0429;56.3;56.7;0;0;1;1;1;0;0;0;0;1;22;1071;154;14;903;2;0;100.0;7;5;3;4;8;1;1;0;21;17;5;10;6;7;2;0;7;5;6;25;15;21;0;1;1;0;0
44109;2471;280;50.76;50.7;50.5;0;0;-1;1;0;0;0;0;1;1;7;608;85;0;523;0;0;0;2;11;0;4;0;1;0;1;20;17;14;4;8;13;0;2;1;3;5;21;15;25;0;1;0;0;0
44109;2491;280;66.8857;43.7;70.4;0;0;-1;1;1;2;0;2;0;1;23;1185;0;60;1125;0;0;0;5;15;6;5;4;4;0;1;17;13;8;3;4;10;0;2;3;6;4;21;15;25;0;2;1;1;0
44109;2658;16;81.1;89.1;67.2;0;2;1;3;1;2;12;1;0;0;20;1081;107;180;794;3;4;42.9;7;4;3;2;8;0;1;0;21;18;5;12;6;8;2;0;8;5;9;25;15;21;1;3;2;0;0
44109;2786;280;71.7125;52.5;67.4;0;0;-1;1;0;1;0;7;1;2;24;888;0;74;814;4;7;36.4;8;6;4;3;1;7;0;1;14;22;10;5;7;7;0;2;6;2;5;21;15;25;0;2;0;0;0
44109;4351;16;81.45;51.7;86.2;0;0;1;1;0;2;0;1;0;0;20;1145;28;14;1103;0;0;0;5;5;3;6;7;3;1;0;23;17;5;8;7;5;2;0;6;3;9;25;15;21;1;0;2;0;0
44109;4563;16;69;68.4;67.8;1;0;1;3;0;0;0;2;0;0;20;1145;28;14;1103;0;0;0;5;5;3;6;7;3;1;0;23;17;5;8;7;5;2;0;6;3;9;25;15;21;0;2;1;0;0
44109;4570;16;74.2;50;78;0;0;0;2;0;1;0;0;0;0;16;962;0;19;943;0;0;0;9;7;3;3;4;2;0;0;19;15;5;11;10;6;3;0;9;5;3;25;15;21;0;3;0;0;0
44109;4992;16;64.0143;50.6;65.9;0;0;0;1;0;0;0;0;0;0;17;1063;0;19;1044;0;0;0;9;8;3;3;4;4;0;0;19;14;5;11;10;4;3;0;9;5;3;25;15;21;0;1;0;0;0
44109;5002;280;75.92;72.4;80.5;0;1;-1;1;2;1;2;1;1;2;25;1230;261;0;969;13;8;61.9;8;4;6;0;3;5;0;1;14;24;8;8;5;9;0;2;10;5;7;21;15;25;0;3;1;0;0
44109;5250;16;53.9857;58.3;52.1;0;0;0;1;0;0;0;0;0;0;15;637;0;47;590;0;1;0.0;5;4;2;3;2;2;0;0;23;18;6;11;12;6;3;0;8;4;2;25;15;21;0;1;0;0;0
44109;5254;280;49.4167;45.9;60.4;0;0;-1;5;4;0;0;2;0;3;26;1258;261;0;997;1;0;100.0;7;5;5;0;4;5;0;1;15;23;9;8;4;9;0;2;10;5;8;21;15;25;0;5;1;3;0
44109;5908;16;59.1571;59.3;55.7;0;0;0;0;1;0;0;1;0;0;14;639;0;40;599;7;6;53.8;4;5;2;4;3;1;0;0;24;17;6;10;11;7;3;0;5;4;4;25;15;21;0;0;0;1;0
44111;14;19;55.1375;62.8;49.1;0;0;0;2;1;0;0;1;0;0;16;647;0;0;647;1;1;50.0;5;2;1;0;4;2;0;0;22;8;4;6;12;1;0;1;2;6;3;31;14;24;0;2;0;1;0
44111;108;19;73.4429;54.8;74.8;0;0;0;6;0;0;0;2;1;0;26;1219;44;390;785;0;0;0;10;2;2;3;5;1;0;0;17;8;3;3;11;2;0;1;14;3;8;31;14;24;0;3;1;2;0
44111;128;19;70.7429;53.4;83.4;0;0;0;2;0;3;0;0;0;0;24;796;3;189;604;0;0;0;6;4;1;0;5;1;0;0;21;6;4;6;11;2;0;1;6;1;3;31;14;24;3;1;0;1;0
44111;244;21;62.65;64.8;61.1;0;1;0;2;0;0;0;2;0;0;13;714;195;74;445;4;2;66.7;5;8;1;0;1;5;0;0;5;19;5;5;2;11;1;0;5;2;9;24;14;31;0;1;1;0;0
44111;379;19;46.6667;48.3;42.2;0;0;-1;0;1;0;0;0;0;2;18;723;0;197;526;1;0;100.0;9;4;2;5;2;0;0;1;18;6;3;1;14;3;0;0;2;2;5;31;14;24;0;0;1;0;0
44111;507;19;82.2;77.9;85.1;0;1;0;3;1;0;0;3;1;1;32;1470;536;281;653;15;11;57.7;5;0;1;0;9;1;0;0;22;10;4;6;7;2;0;1;20;5;10;31;14;24;0;3;1;0;0
44111;561;19;59.9714;63.1;61.2;0;1;-1;3;0;0;6;2;1;0;29;1294;85;240;969;0;0;0;12;4;2;3;6;1;0;1;15;6;3;3;10;2;0;0;10;9;9;31;14;24;0;1;1;1;0
44111;946;19;85.25;78.1;90.4;1;0;0;6;4;0;0;1;1;1;26;1193;596;58;539;2;1;66.7;3;0;1;0;7;1;0;0;24;10;4;6;9;2;0;1;13;4;8;31;14;24;0;3;2;3;2
44111;1091;19;66.6333;65.8;64.7;0;0;0;1;0;1;0;0;0;0;32;1243;144;339;760;8;13;38.1;5;2;1;0;5;2;0;0;22;8;4;6;11;1;0;1;10;6;8;31;14;24;1;1;0;0;0
44111;1105;21;99.1;53.1;100;0;1;0;2;0;8;2;1;1;0;24;1294;305;273;716;0;0;0;5;6;2;1;0;4;0;0;5;21;4;4;3;12;1;0;13;5;12;24;14;31;6;1;3;0;0
44111;1241;19;71.9333;72.4;70.7;0;0;0;7;2;0;0;0;0;1;25;1185;536;7;642;0;0;0;5;0;1;0;8;1;0;0;22;10;4;6;8;2;0;1;15;5;7;31;14;24;0;4;1;4;0
44111;1461;19;76.8714;78.8;80.1;0;2;-1;13;4;1;2;3;0;1;31;1582;567;182;833;0;0;0;12;2;2;3;6;1;0;1;15;8;3;3;10;2;0;0;14;9;12;31;14;24;1;10;3;4;0
44111;2458;21;60.5143;56.6;65.4;0;0;0;2;1;0;0;0;1;0;19;949;246;211;492;9;14;39.1;6;8;1;0;2;3;0;0;4;19;5;5;1;13;1;0;11;2;13;24;14;31;0;0;3;0;0
44111;2461;21;55.9143;49;67;0;0;0;1;0;1;0;0;0;1;17;936;85;281;570;1;1;50.0;2;4;3;2;0;7;0;0;8;23;3;3;3;9;1;0;3;4;5;24;14;31;0;0;1;0;1
44111;2519;19;65.9667;71.3;56.8;1;0;0;2;0;1;2;1;1;0;24;890;100;155;635;0;0;0;5;2;1;0;4;2;0;0;22;8;4;6;12;1;0;1;2;5;5;31;14;24;0;1;2;0;0
44111;2537;19;50.6;48.1;50.6;0;0;0;0;1;0;0;0;0;1;9;399;55;0;344;0;0;0;8;5;1;2;1;0;0;0;19;5;4;4;15;3;0;1;3;0;2;31;14;24;0;0;0;1;0
44111;2688;19;56.8667;56.7;54.8;0;0;-1;2;0;0;0;0;0;0;20;719;84;104;531;6;4;60.0;9;3;2;4;2;0;0;1;18;7;3;2;14;3;0;0;3;3;7;31;14;24;0;1;1;0;0
44111;3009;21;62.1333;52.5;75.4;0;0;0;0;0;2;0;2;0;1;25;1224;125;396;703;0;0;0;4;6;2;1;0;3;0;0;6;21;4;4;3;13;1;0;14;4;13;24;14;31;1;1;0;0;0
44111;3554;19;69.9429;61;86.7;0;0;0;4;1;0;0;1;0;0;17;963;551;0;412;4;1;80.0;8;4;1;1;3;0;0;0;19;6;4;5;13;3;0;1;12;3;8;31;14;24;0;3;2;0;0
44111;4328;19;69.8333;67.8;76.9;0;0;0;4;1;0;14;1;0;0;20;1010;110;169;731;0;0;0;8;4;2;3;5;1;0;0;19;6;3;3;11;2;0;1;6;3;6;31;14;24;0;3;0;2;0
44111;4338;19;48.9;51.8;46;0;0;0;0;0;0;0;0;0;0;11;386;0;42;344;0;0;0;8;5;1;2;1;0;0;0;19;5;4;4;15;3;0;1;3;0;2;31;14;24;0;0;0;0;0
44111;4340;21;76;51.7;80.5;0;0;1;3;0;3;0;0;0;0;22;1371;455;254;662;0;0;0;4;7;2;0;1;9;1;0;6;20;4;5;2;7;0;0;5;8;12;24;14;31;2;2;1;1;0
44111;4341;19;56.4714;61.7;50.2;0;0;-1;2;0;0;0;0;0;0;12;522;0;0;522;0;0;0;9;3;2;4;2;0;0;1;18;7;3;2;14;3;0;0;2;3;4;31;14;24;0;0;1;0;1
44111;4363;19;53.5286;53.8;56.3;0;0;0;0;0;0;4;1;0;0;22;876;44;192;640;1;0;100.0;7;4;1;0;5;1;0;0;20;6;4;6;11;2;0;1;4;2;5;31;14;24;0;0;0;0;0
44111;4375;21;60.2571;56.2;69.7;0;0;0;2;0;2;6;3;0;1;14;781;167;0;614;9;1;90.0;2;2;0;0;1;5;0;0;8;25;6;5;2;11;1;0;4;3;4;24;14;31;2;1;0;1;0
44111;4806;21;60.1333;51.8;69.3;0;0;0;1;2;2;0;0;0;0;16;876;169;148;559;2;9;18.2;1;8;3;3;0;6;0;0;9;19;3;2;3;10;1;0;3;2;6;24;14;31;0;1;4;0;0
44111;4853;21;57.2;51.6;61.2;0;0;0;1;1;0;2;0;0;0;15;696;313;0;383;0;0;0;1;3;3;2;0;5;0;0;9;24;3;3;3;11;1;0;5;1;5;24;14;31;0;1;0;0;1
44111;4991;21;62.6167;64.3;58.4;1;0;0;2;0;0;2;3;0;0;22;1146;238;136;772;0;2;0.0;3;7;0;1;2;6;0;0;7;20;6;4;1;10;1;0;9;3;9;24;14;31;0;2;0;0;0
44111;4994;21;54.3333;55.7;49.8;0;1;0;0;1;0;0;1;0;0;16;622;20;53;549;2;1;66.7;1;2;0;0;1;3;0;0;9;25;6;5;2;13;1;0;5;3;4;24;14;31;0;1;0;0;0
44111;5004;21;61.5833;61.4;55.3;1;0;1;2;0;1;0;2;1;0;14;759;139;0;620;0;0;0;1;11;2;3;1;2;1;0;9;16;4;2;2;14;0;0;3;6;4;24;14;31;0;0;3;0;0
44111;5045;21;93.2286;50.7;96;0;0;0;0;0;4;0;1;0;0;19;1186;75;237;874;0;0;0;2;13;3;4;2;4;0;0;8;14;3;1;1;12;1;0;7;2;9;24;14;31;2;2;0;0;0
44111;5056;21;68.05;68.7;65.2;1;0;1;3;4;0;2;1;0;1;16;959;222;192;545;0;1;0.0;3;7;2;2;0;1;1;0;7;20;4;3;3;15;0;0;8;5;10;24;14;31;0;5;1;0;1
44111;5249;21;64.4429;61.5;67.6;0;1;1;0;0;2;2;1;1;0;14;766;45;115;606;4;7;36.4;1;10;2;2;0;3;1;0;9;17;4;3;3;13;0;0;3;6;3;24;14;31;1;1;0;0;0
44111;5304;21;74.0857;46.9;78.5;0;0;1;3;0;2;0;1;0;0;18;1079;267;149;663;0;0;0;3;7;1;0;1;7;1;0;7;20;5;5;2;9;0;0;4;7;10;24;14;31;1;3;0;1;0
44111;5309;21;58.2143;50.8;58.4;0;0;0;1;0;1;2;8;0;0;15;970;47;57;866;0;0;0;1;15;2;4;2;3;0;0;9;12;4;1;1;13;1;0;5;1;5;24;14;31;1;0;1;0;0
44111;5910;21;55.8143;52.7;59.9;0;0;0;3;0;0;2;1;0;0;15;674;122;74;478;0;0;0;5;10;1;0;1;4;0;0;5;17;5;5;2;12;1;0;4;3;8;24;14;31;0;1;2;0;0
44113;15;3;88.1714;85.1;89.6;1;2;2;3;1;5;0;1;0;0;27;1455;0;228;1227;0;0;0;17;5;5;1;11;6;3;1;28;13;8;0;13;6;2;1;7;6;10;22;18;25;5;3;1;0;0
44113;26;3;57.3;64.7;41.9;1;0;0;2;0;0;0;0;0;0;13;554;0;59;495;1;1;50.0;5;4;1;0;3;4;1;1;40;14;12;1;21;8;4;1;4;7;2;22;18;25;0;0;1;0;1
44113;58;25;37.2143;46.2;26.8;0;0;-3;0;0;1;0;2;0;0;31;1412;192;55;1165;0;0;0;6;23;0;4;5;8;0;3;12;22;1;9;7;16;2;2;11;4;11;25;18;22;1;0;0;0;0
44113;96;3;94.36;98.9;58.2;1;4;2;4;0;1;5;0;1;0;22;1001;97;42;862;0;0;0;13;8;4;1;10;5;3;1;32;10;9;0;14;7;2;1;4;9;8;22;18;25;0;0;2;3;0
44113;149;3;68.3;67.9;65.1;0;0;0;3;1;0;0;0;1;0;19;768;97;0;671;4;3;57.1;16;2;2;0;6;0;0;0;29;16;11;1;18;12;5;2;8;1;4;22;18;25;0;0;2;2;0
44113;156;3;53.725;56.6;54.4;0;0;0;2;0;1;6;2;0;2;15;764;0;38;726;0;1;0.0;13;3;2;0;7;1;0;0;32;15;11;1;17;11;5;2;7;1;3;22;18;25;1;1;1;0;0
44113;171;3;62.8571;62.3;63.1;0;1;1;3;0;0;0;1;0;0;21;1125;0;140;985;0;0;0;11;5;5;0;5;4;1;0;34;13;8;1;19;8;4;2;6;5;6;22;18;25;0;0;2;1;0
44113;175;25;52.4429;49.9;60.2;0;0;0;0;0;0;0;5;0;0;22;1146;192;0;954;6;9;40.0;0;16;0;4;2;7;0;0;18;29;1;9;10;17;2;5;6;8;6;25;18;22;0;0;0;0;0
44113;257;3;69.5333;67.3;73.1;0;1;2;2;2;1;0;1;0;2;26;1344;97;104;1143;0;0;0;16;3;4;1;10;6;3;1;29;15;9;0;14;6;2;1;4;5;10;22;18;25;0;0;3;2;0
44113;335;3;50.1;60.2;42.4;0;1;1;1;1;0;2;0;0;0;8;445;0;0;445;0;1;0.0;10;3;1;0;3;2;2;1;35;15;12;1;21;10;3;1;1;6;2;22;18;25;0;1;0;1;0
44113;341;3;46.1625;43.3;47.4;0;0;0;0;0;0;0;1;0;2;9;439;0;66;373;4;4;50.0;3;2;1;0;3;2;1;1;42;16;12;1;21;10;4;1;2;5;2;22;18;25;0;0;0;0;0
44113;365;3;83.2571;100;54.4;1;3;3;6;2;0;0;2;0;0;24;1079;97;0;982;0;0;0;16;8;3;1;9;7;4;1;29;10;10;0;15;5;1;1;5;9;8;22;18;25;0;5;3;0;0
44113;384;25;56.1857;54.1;54.2;0;0;-1;1;0;0;0;2;1;0;13;586;0;48;538;5;5;50.0;3;5;0;1;2;4;0;1;15;40;1;12;10;20;2;4;4;2;7;25;18;22;0;1;0;0;0
44113;414;25;65.4333;74.2;42.2;2;0;0;8;0;3;0;0;0;0;24;1070;192;49;829;0;0;0;10;14;0;3;5;4;2;2;8;31;1;10;7;20;0;3;8;5;6;25;18;22;1;3;3;3;1
44113;505;3;91.0286;55.3;96.4;0;0;1;2;2;0;0;0;0;0;23;1271;0;228;1043;0;0;0;12;7;6;0;6;4;1;0;33;11;7;1;18;8;4;2;12;6;8;22;18;25;0;1;2;1;0
44113;521;3;57.4333;59.2;53.3;0;0;0;4;0;0;0;0;0;0;16;739;0;66;673;0;0;0;15;1;2;0;6;0;0;0;30;17;11;1;18;12;5;2;6;3;2;22;18;25;0;2;0;2;0
44113;778;3;55.8857;51;56.7;0;0;0;0;0;1;0;1;1;0;16;985;0;140;845;0;0;0;17;8;3;0;8;2;1;1;28;10;10;1;16;10;4;1;6;7;7;22;18;25;0;1;0;0;0
44113;1152;3;52.2;55.6;47.6;0;0;0;1;2;0;0;0;0;1;25;1101;0;139;962;2;1;66.7;11;7;6;0;4;3;0;0;34;11;7;1;20;9;5;2;5;1;9;22;18;25;0;1;1;1;0
44113;1227;3;84.45;74.7;87.9;0;0;0;4;1;4;0;2;0;0;26;1253;0;267;986;5;9;35.7;8;4;7;0;6;3;0;0;37;14;6;1;18;9;5;2;8;1;12;22;18;25;2;3;1;3;0
44113;1268;3;93.9;100;57.6;4;2;3;8;1;1;0;0;1;0;23;1020;97;0;923;13;9;59.1;16;8;3;1;9;6;4;1;29;10;10;0;15;6;1;1;5;9;8;22;18;25;1;6;1;2;0
44113;1485;3;66.45;55.4;75.9;0;0;0;2;1;2;0;1;0;2;26;1262;0;267;995;3;4;42.9;9;4;7;0;6;3;0;0;36;14;6;1;18;9;5;2;8;2;12;22;18;25;2;3;0;0;0
44113;1735;25;58.4857;56.4;44.7;0;0;-2;3;0;3;0;2;0;1;21;996;192;49;755;7;6;53.8;5;10;1;4;3;8;0;2;13;35;0;9;9;16;2;3;6;3;4;25;18;22;1;2;2;1;0
44113;2797;3;63.3;63.1;46.3;0;1;0;3;0;0;0;0;0;1;17;923;0;104;819;0;0;0;17;8;3;0;8;2;1;1;28;10;10;1;16;10;4;1;6;7;7;22;18;25;0;1;2;0;0
44113;3284;25;58.9429;54.2;62.5;0;0;-2;1;0;3;0;0;1;0;22;988;0;55;933;0;0;0;8;9;1;4;5;10;0;2;10;36;0;9;7;14;2;3;7;4;6;25;18;22;1;1;1;1;0
44113;4356;25;57.6333;50.3;76.2;0;0;2;1;1;0;4;1;1;1;22;1176;280;0;896;0;0;0;4;12;0;5;2;6;2;0;14;33;1;8;10;18;0;5;9;8;6;25;18;22;0;1;1;0;0
44113;4558;25;56.3;52.7;61.7;0;0;-3;2;1;2;0;1;0;1;30;1498;280;42;1176;0;0;0;6;24;0;5;5;9;0;3;12;21;1;8;7;15;2;2;12;6;12;25;18;22;1;4;0;0;0
44113;4567;25;50.4667;50.8;54;0;0;-2;0;0;5;5;1;1;0;20;1062;192;0;870;0;0;0;6;9;1;3;5;10;0;2;12;36;0;10;7;14;2;3;6;5;6;25;18;22;2;0;3;0;0
44113;4572;25;51.225;53.8;49.2;0;0;-1;0;0;0;0;2;1;0;9;479;0;0;479;1;1;50.0;1;6;0;1;2;4;0;1;17;39;1;12;10;20;2;4;3;3;5;25;18;22;0;0;0;0;0
44113;4782;25;63.8857;59.4;72.3;0;0;0;0;1;2;0;0;0;0;23;1224;280;0;944;0;2;0.0;0;16;0;5;2;8;0;0;18;29;1;8;10;16;2;5;9;8;8;25;18;22;1;0;1;1;0
44113;4783;25;50.8571;50.4;50.6;0;0;-2;0;1;2;2;2;0;1;18;788;0;0;788;0;0;0;7;10;1;4;3;8;0;2;11;35;0;9;9;16;2;3;4;3;1;25;18;22;2;1;0;0;0
44113;4814;25;41.9;41.5;42.9;0;0;-1;0;0;0;0;0;0;2;9;470;0;0;470;0;0;0;1;5;0;1;2;4;0;1;17;40;1;12;10;20;2;4;3;2;5;25;18;22;0;0;0;0;0
44113;4816;25;65.0857;58.3;61.9;0;2;2;0;0;2;0;1;0;0;21;1064;0;42;1022;0;0;0;6;13;0;5;2;5;2;0;12;32;1;8;10;19;0;5;5;9;3;25;18;22;0;1;1;0;0
44113;5010;25;57.3286;64.9;37.7;0;1;0;2;0;0;0;1;0;0;19;802;0;0;802;0;0;0;10;14;0;3;5;4;2;2;8;31;1;10;7;20;0;3;6;5;3;25;18;22;0;1;1;0;0
44113;5069;25;59.9667;55.5;57.5;0;0;0;0;0;1;0;3;0;0;19;935;0;0;935;0;0;0;0;16;0;4;2;7;0;0;18;29;1;9;10;17;2;5;5;8;4;25;18;22;0;1;0;0;0
44113;5259;25;56.9;52.9;59.8;0;0;-2;2;1;2;0;2;1;1;24;1116;280;48;788;1;1;50.0;7;9;1;5;3;9;0;2;11;36;0;8;9;15;2;3;9;2;7;25;18;22;0;3;1;1;0
44113;5282;25;58.9571;61.3;50.3;0;1;0;3;0;0;0;0;0;0;23;1091;280;0;811;13;8;61.9;10;14;0;4;5;5;2;2;8;31;1;9;7;19;0;3;10;5;7;25;18;22;0;3;0;0;0
44115;3;11;57.1625;54.7;57.2;0;0;1;0;1;1;0;1;0;0;20;900;0;310;590;1;2;33.3;4;2;1;1;1;3;1;0;21;26;8;4;10;9;2;2;11;4;7;37;21;25;1;1;0;0;0
44115;6;5;82.05;82.9;75.4;1;2;-1;7;0;1;0;2;2;1;27;1351;541;91;719;1;0;100.0;9;6;1;1;2;2;1;2;19;19;4;8;10;9;1;1;8;6;18;25;21;37;1;4;1;1;1
44115;71;5;50.7429;49.6;53.6;0;0;0;0;0;0;0;1;0;0;19;660;0;0;660;0;0;0;2;5;2;1;1;5;0;0;26;20;3;8;11;6;2;3;4;3;3;25;21;37;0;0;0;0;0
44115;99;5;54.6;51.5;51.5;0;0;0;1;0;0;0;5;0;0;18;799;0;29;770;0;0;0;5;8;3;2;3;5;0;0;23;17;2;7;9;6;2;3;4;7;4;25;21;37;0;0;0;0;1
44115;103;5;63.72;61.7;60.3;1;0;0;6;2;2;0;1;0;1;17;897;138;0;759;0;3;0.0;6;11;3;2;1;3;0;0;22;14;2;7;11;8;2;3;7;7;6;25;21;37;2;4;0;4;0
44115;129;5;61.8571;58.8;65.2;0;1;0;1;0;1;14;3;0;0;16;705;174;52;479;0;1;0.0;9;5;0;3;1;3;0;0;19;20;5;6;11;8;2;3;6;3;7;25;21;37;0;1;1;0;0
44115;185;11;56.8;53.8;63.6;0;1;0;2;0;2;0;0;2;1;19;878;87;0;791;7;8;46.7;10;5;0;2;5;6;1;1;15;23;9;3;6;6;2;1;7;6;3;37;21;25;1;2;0;1;0
44115;226;11;66.3714;71.1;65.1;0;2;0;5;2;1;4;0;0;0;34;1505;307;272;926;0;0;0;5;10;5;2;2;1;1;1;20;18;4;3;9;11;2;1;17;9;10;37;21;25;0;5;1;2;0
44115;272;11;73.1667;76.4;66.1;0;1;0;2;2;0;0;0;1;0;31;1324;325;126;873;4;4;50.0;9;11;5;2;5;2;1;1;16;17;4;3;6;10;2;1;13;5;7;37;21;25;0;1;0;2;1
44115;548;5;82.0143;57.4;81.8;0;1;2;5;1;0;0;2;0;0;29;1404;141;140;1123;0;0;0;18;8;3;2;6;3;2;0;10;17;2;7;6;8;0;3;12;7;12;25;21;37;0;4;0;1;1
44115;565;11;53.2;45.5;59.1;0;0;0;0;0;1;0;0;0;2;13;474;0;162;312;0;0;0;3;3;2;0;0;0;0;0;22;25;7;5;11;12;3;2;5;2;4;37;21;25;1;0;0;0;0
44115;582;11;57.15;55.6;62.5;0;0;0;1;0;1;4;0;0;0;13;576;0;113;463;2;5;28.6;2;4;2;2;0;0;0;0;23;24;7;3;11;12;3;2;2;4;3;37;21;25;1;0;0;1;0
44115;749;11;71.3571;55.7;72.1;0;0;0;2;0;3;0;0;0;1;33;1329;106;383;840;6;9;40.0;10;6;0;2;5;6;1;1;15;22;9;3;6;6;2;1;19;6;10;37;21;25;2;2;1;0;0
44115;981;5;76.0571;71;70.5;0;3;0;3;0;0;0;2;0;0;26;1374;540;0;834;9;7;56.3;8;7;0;2;8;1;1;1;20;18;5;7;4;10;1;2;11;5;15;25;21;37;0;2;1;0;0
44115;1040;5;79.125;57.2;85.4;0;0;0;0;0;1;0;0;1;0;18;893;0;208;685;5;7;41.7;4;8;3;1;2;5;0;0;24;17;2;8;10;6;2;3;6;6;7;25;21;37;1;0;0;0;0
44115;1417;5;61.7;50;79.1;0;1;0;3;0;3;0;1;1;3;17;887;88;311;488;9;8;52.9;6;4;0;4;0;4;0;0;22;21;5;5;12;7;2;3;6;2;11;25;21;37;2;2;1;1;0
44115;1432;11;66.85;64.3;65.4;0;1;1;0;1;2;0;1;0;0;15;853;0;205;648;8;5;61.5;3;7;0;1;1;4;1;0;22;21;9;4;10;8;2;2;4;5;5;37;21;25;2;1;0;0;0
44115;1435;5;50.7667;50.4;50.9;0;0;0;0;0;0;0;0;0;0;19;660;0;0;660;0;0;0;2;5;2;1;1;5;0;0;26;20;3;8;11;6;2;3;4;3;3;25;21;37;0;0;0;0;0
44115;1566;5;81.0167;72.6;100;1;0;0;3;2;1;2;4;0;0;28;1305;559;16;730;0;1;0.0;6;6;1;1;8;1;1;1;22;19;4;8;4;10;1;2;12;5;16;25;21;37;1;2;3;0;0
44115;2434;5;48.5875;54.4;45.1;0;0;0;2;0;0;0;2;0;1;16;725;0;0;725;0;0;0;6;6;1;1;8;1;1;1;22;19;4;8;4;10;1;2;5;4;4;25;21;37;0;1;1;0;0
44115;2532;11;70.0333;70.4;66.4;1;0;0;3;1;2;0;0;1;1;25;1188;306;1;881;0;0;0;9;12;6;2;5;2;1;1;16;16;3;3;6;10;2;1;10;7;6;37;21;25;1;2;2;1;0
44115;2536;11;50.875;62.2;46.8;1;0;0;3;0;2;8;1;0;1;18;972;0;12;960;0;0;0;12;10;1;2;5;6;1;1;13;18;8;3;6;6;2;1;7;8;5;37;21;25;1;2;1;1;0
44115;2652;11;69.7;64.8;79.5;0;0;2;6;1;1;0;1;0;1;26;1435;288;218;929;0;0;0;15;10;1;1;4;4;2;0;10;18;8;4;7;8;1;2;16;9;10;37;21;25;0;2;4;2;0
44115;2719;5;88.6333;79.4;100;1;1;-1;6;3;2;0;1;0;2;29;1546;541;71;934;15;14;51.7;11;6;3;3;2;3;1;2;17;19;2;6;10;8;1;1;8;9;18;25;21;37;2;2;3;3;1
44115;3558;11;88.2286;89.7;69.7;1;1;0;5;2;0;5;0;1;0;23;1138;306;1;831;15;6;71.4;9;11;7;0;5;2;1;1;16;17;2;5;6;10;2;1;10;7;6;37;21;25;0;4;0;3;0
44115;3563;5;71.5429;40.3;80.6;0;0;-2;1;1;7;5;4;1;1;36;1598;482;284;832;0;0;0;5;11;0;4;5;4;0;2;23;14;5;5;7;7;2;1;10;9;20;25;21;37;4;3;2;0;0
44115;4337;5;57.8;53.8;56.8;0;0;1;1;0;0;2;0;0;0;26;1365;178;128;1059;0;0;0;17;7;2;4;6;2;2;1;11;18;3;5;6;9;0;2;9;8;11;25;21;37;0;1;0;0;0
44115;4419;11;53.1429;54;52.7;0;0;1;0;0;0;2;0;0;0;12;697;106;5;586;0;0;0;3;3;0;1;1;4;1;0;22;25;9;4;10;8;2;2;3;3;3;37;21;25;0;0;0;0;0
44115;4547;5;39.1286;50.6;39.2;0;0;-3;1;0;2;4;3;0;0;25;1209;1;220;988;0;0;0;7;12;0;5;5;3;0;3;21;13;5;4;7;8;2;0;3;10;9;25;21;37;1;1;1;0;0
44115;4576;5;61.075;52.2;66.4;0;0;0;1;1;2;0;0;2;0;10;515;37;0;478;0;0;0;8;2;0;4;0;4;0;0;20;23;5;5;12;7;2;3;3;2;4;25;21;37;1;2;0;1;0
44115;4772;11;55.3667;52.5;60.2;0;0;-1;0;0;1;0;0;0;0;26;1313;105;225;983;0;0;0;5;8;4;2;5;8;0;1;20;20;5;3;6;4;3;1;9;4;7;37;21;25;0;0;1;0;0
44115;4780;11;57.7167;57.7;57;1;0;0;2;1;2;0;1;0;0;25;1066;19;191;856;0;0;0;5;10;4;2;2;0;1;1;20;18;5;3;9;12;2;1;8;9;5;37;21;25;1;0;3;0;1
44115;4781;11;52.5333;49.6;56.6;0;0;-1;2;1;3;0;0;0;2;23;1210;105;137;968;0;0;0;5;8;3;2;5;7;0;1;20;20;6;3;6;5;3;1;7;5;4;37;21;25;2;1;2;1;0
44115;5038;11;71.9857;52.5;75.7;1;1;2;1;1;6;2;0;1;1;25;1367;0;387;980;0;0;0;15;11;2;1;4;5;2;0;10;17;7;4;7;7;1;2;17;6;14;37;21;25;4;2;1;0;1
44115;5253;5;57.88;59.3;55.2;1;0;-1;1;3;0;2;0;0;0;18;1020;155;50;815;1;2;33.3;8;8;1;3;1;1;1;2;20;17;4;6;11;10;1;1;3;7;7;25;21;37;0;2;2;0;0
44115;5269;11;47.08;45.3;53.7;0;0;0;0;0;0;0;0;0;1;9;321;0;0;321;0;1;0.0;1;6;1;0;0;0;0;0;24;22;8;5;11;12;3;2;1;2;3;37;21;25;0;0;0;0;0
44117;22;15;82.1571;83.9;75;0;1;1;10;1;0;0;1;0;0;20;1135;312;0;823;11;8;57.9;5;4;7;3;4;1;1;0;10;20;7;7;12;2;2;4;9;2;10;23;17;14;0;3;2;4;2
44117;44;15;57.9667;59.1;43.9;0;0;-3;2;0;0;0;1;0;0;22;1280;316;64;900;3;0;100.0;3;13;3;4;3;2;0;3;12;11;11;6;13;1;3;1;11;3;6;23;17;14;0;2;0;0;0
44117;53;15;54.4;68.1;38;1;0;-1;1;1;0;2;0;0;1;19;1001;104;64;833;0;1;0.0;6;5;8;3;8;1;1;2;9;19;6;7;8;2;2;2;3;5;7;23;17;14;0;1;1;0;0
44117;54;10;71.6714;69.7;72.8;0;2;1;1;0;2;0;0;0;0;31;1321;117;190;1014;0;0;0;8;8;6;7;1;5;3;2;16;7;4;7;2;11;1;1;8;6;8;14;17;23;2;0;1;0;0
44117;79;15;56.5286;46.5;58.2;0;0;-1;0;0;0;0;1;1;1;16;933;0;149;784;0;0;0;2;9;6;2;4;0;0;1;13;15;8;8;12;3;3;3;3;5;3;23;17;14;0;0;0;0;0
44117;305;10;61.7;64.1;50;0;1;1;0;2;0;0;1;0;0;21;930;151;132;647;0;1;0.0;7;3;4;2;1;3;1;0;17;12;6;12;2;13;3;3;2;3;6;14;17;23;0;1;0;1;0
44117;349;15;67.2;72.4;48.4;1;1;-1;4;3;0;2;1;1;0;19;1104;312;0;792;0;0;0;4;12;3;3;2;2;1;2;11;12;11;7;14;1;2;2;9;2;6;23;17;14;0;4;0;3;0
44117;430;10;61.55;62.1;60;0;1;0;0;0;1;0;5;2;0;13;639;0;13;626;1;0;100.0;5;1;1;3;2;3;1;1;19;14;9;11;1;13;3;2;2;6;4;14;17;23;0;1;0;0;0
44117;458;15;53.7667;53;54.7;0;0;1;0;0;1;0;1;0;0;12;536;0;220;316;0;0;0;2;1;0;1;2;0;1;0;13;23;14;9;14;3;2;4;0;4;1;23;17;14;1;0;0;0;0
44117;462;10;60.9875;51;67.3;0;0;0;0;0;2;2;1;4;1;19;993;0;13;980;0;0;0;5;6;4;8;0;5;1;1;19;9;6;6;3;11;3;2;7;6;2;14;17;23;2;0;0;0;0
44117;693;15;78.4714;55.5;82.3;0;0;-2;0;0;1;0;1;2;0;21;991;0;163;828;0;0;0;4;9;3;5;2;2;0;2;11;15;11;5;14;1;3;2;9;5;3;23;17;14;0;1;0;0;0
44117;706;15;64.1667;54.2;60.4;0;0;2;3;2;0;0;5;1;0;23;1280;0;230;1050;0;0;0;9;6;4;3;9;1;3;1;6;18;10;7;7;2;0;3;5;8;4;23;17;14;0;4;1;0;0
44117;801;15;62.2;63.2;59;0;1;0;1;2;2;0;0;1;0;23;1064;104;258;702;5;1;83.3;7;4;8;2;7;1;1;1;8;20;6;8;9;2;2;3;7;4;7;23;17;14;0;3;1;0;1
44117;874;10;64.5714;47.1;75.4;0;0;1;0;1;5;2;2;0;1;18;964;0;77;887;0;0;0;7;3;3;3;2;8;1;0;17;12;7;11;1;8;3;3;2;6;2;14;17;23;4;1;1;0;0
44117;959;10;57.2667;53.9;44.4;0;0;-1;1;0;1;2;0;0;0;7;353;0;54;299;0;0;0;6;4;1;0;0;2;0;1;18;11;9;14;3;14;4;2;1;0;1;14;17;23;0;1;0;1;0
44117;965;15;82.1;83.3;72.8;0;2;-1;2;3;1;0;1;0;0;25;1277;312;220;745;3;4;42.9;7;10;3;2;4;2;1;2;8;14;11;8;12;1;2;2;10;2;5;23;17;14;0;5;0;1;0
44117;988;15;55.2667;49.6;61.5;0;0;-1;1;1;0;0;1;0;0;18;1013;100;149;764;0;0;0;2;9;7;2;5;0;0;1;13;15;7;8;11;3;3;3;3;4;4;23;17;14;0;0;1;0;1
44117;989;10;52.5667;46.2;60.2;0;0;-1;0;2;0;0;2;1;2;23;1274;425;104;745;0;0;0;9;4;1;4;0;5;0;1;15;11;9;10;3;11;4;2;4;5;13;14;17;23;0;0;1;1;0
44117;1023;15;55.95;56.6;55.3;1;0;1;1;0;0;0;0;1;0;8;326;0;0;326;0;0;0;1;1;0;1;1;0;1;0;14;23;14;9;15;3;2;4;1;4;1;23;17;14;0;0;1;0;0
44117;1132;10;74.4571;72;70.1;1;0;2;2;0;2;0;0;0;0;21;828;151;0;677;2;4;33.3;8;4;4;2;1;3;2;0;16;11;6;12;2;13;2;3;0;4;5;14;17;23;1;1;2;0;0
44117;1140;15;61.8333;61.4;59.1;0;0;0;0;3;1;0;0;1;0;20;1011;104;258;649;1;0;100.0;2;6;4;3;6;0;0;0;13;18;10;7;10;3;3;4;9;6;1;23;17;14;1;3;0;0;0
44117;1233;10;74.5286;75.1;70.3;1;1;1;5;0;0;0;1;1;0;26;1434;391;0;1043;6;15;28.6;6;6;4;8;0;6;2;1;18;9;6;6;3;10;2;2;7;7;9;14;17;23;0;3;1;0;1
44117;1262;15;50.075;47.9;42.9;0;0;-1;0;1;0;6;4;0;1;13;749;0;0;749;5;5;50.0;1;7;3;4;5;0;0;1;14;17;11;6;11;3;3;3;4;7;0;23;17;14;0;1;0;0;0
44117;1305;10;59.2286;54.1;62.2;0;0;1;5;1;1;0;1;1;0;18;974;0;91;883;0;0;0;7;3;3;3;2;6;1;0;17;12;7;11;1;10;3;3;2;6;1;14;17;23;0;3;3;0;1
44117;1330;15;61.3143;55.4;64.7;0;0;2;0;0;0;0;3;0;0;24;1409;100;230;1079;0;0;0;10;6;5;3;11;1;3;1;5;18;9;7;5;2;0;3;5;8;5;23;17;14;0;0;0;0;0
44117;1353;10;72.22;71.8;53.4;1;0;0;7;1;1;0;1;0;0;17;1005;391;0;614;0;0;0;5;1;1;3;2;3;1;1;19;14;9;11;1;13;3;2;2;6;9;14;17;23;0;7;1;1;0
44117;1367;15;54.5143;52.7;52.6;0;0;1;0;0;0;0;1;0;0;8;368;0;0;368;1;6;14.3;1;2;0;1;1;0;1;0;14;22;14;9;15;3;2;4;1;5;1;23;17;14;0;0;0;0;0
44117;1439;15;56.9714;56.2;56.4;0;1;1;1;1;0;0;0;0;1;14;676;0;0;676;0;0;0;4;6;3;3;5;0;1;0;11;18;11;7;11;3;2;4;4;6;0;23;17;14;0;0;1;1;0
44117;1491;10;69.9;81.7;53.7;1;0;0;3;1;1;2;0;0;0;22;1354;391;0;963;1;1;50.0;5;5;4;8;0;5;1;1;19;10;6;6;3;11;3;2;7;6;7;14;17;23;1;3;0;1;0
44117;1537;10;49.6286;58.1;44.6;0;1;0;0;0;0;2;2;0;0;17;934;0;238;696;12;4;75.0;5;3;1;4;2;6;1;1;19;12;9;10;1;10;3;2;3;7;8;14;17;23;0;0;0;0;0
44117;1579;10;72.75;49.6;76.9;0;0;0;1;1;4;0;3;1;1;25;1175;117;221;837;0;0;0;10;6;2;4;0;3;1;1;14;9;8;10;3;13;3;2;3;6;11;14;17;23;2;1;2;1;0
44117;2723;10;57.05;51.5;62.2;0;0;1;1;0;0;0;2;1;1;21;930;151;132;647;2;2;50.0;7;3;4;2;1;3;1;0;17;12;6;12;2;13;3;3;2;3;6;14;17;23;0;1;0;0;0
44117;3541;10;67.3;63.5;73.7;0;0;0;5;6;3;0;3;0;1;31;1496;425;149;922;0;0;0;7;6;5;7;1;7;2;2;17;9;5;7;2;9;2;1;9;5;11;14;17;23;1;5;3;3;2
44117;3545;15;70.7333;71.6;65.4;0;0;-2;4;0;1;0;0;0;0;26;1258;316;163;779;0;0;0;3;9;3;5;1;2;0;2;12;15;11;5;15;1;3;2;15;4;6;23;17;14;1;2;0;1;1
44117;4374;10;51.3;53.6;45.5;0;0;-1;1;0;1;0;1;0;0;9;400;0;33;367;1;2;33.3;6;4;1;1;0;3;0;1;18;11;9;13;3;13;4;2;2;1;1;14;17;23;0;1;0;1;0
44117;5026;10;59.9857;53.3;60.4;0;0;-1;1;0;1;0;1;0;0;10;453;0;147;306;0;0;0;6;3;1;1;0;4;0;1;18;12;9;13;3;12;4;2;3;1;1;14;17;23;0;1;1;0;0
44119;19;8;56.0429;52.9;56.8;0;0;0;0;0;0;0;0;0;0;10;542;0;51;491;3;4;42.9;1;9;1;2;0;2;0;0;14;21;4;7;10;13;1;8;1;4;2;34;25;23;0;0;0;0;0
44119;94;14;55.06;57.8;46.6;0;0;1;1;0;1;2;0;0;0;15;661;0;0;661;0;0;0;9;6;2;1;2;4;1;0;21;9;7;4;13;6;7;1;2;6;5;23;25;34;0;1;0;1;0
44119;141;14;82.4714;78.3;76.6;0;3;4;4;4;1;0;2;0;1;26;1186;328;0;858;23;11;67.6;15;3;5;1;6;3;4;0;15;12;4;4;9;7;4;1;12;10;16;23;25;34;1;1;3;4;0
44119;297;8;63.86;66.9;51.2;1;1;-2;6;0;0;0;1;1;0;22;884;189;20;675;11;7;61.1;7;2;1;2;4;4;0;2;8;28;4;7;6;11;1;6;9;4;6;34;25;23;0;2;2;1;1
44119;421;8;51.2;51.1;50.9;0;0;-4;0;0;2;2;0;0;0;21;878;0;0;878;0;0;0;2;15;1;5;3;3;0;4;13;15;4;4;7;12;1;4;7;9;5;34;25;23;0;1;1;0;0
44119;444;8;55.04;55.6;51.3;0;0;-2;0;0;0;0;0;0;0;19;883;116;0;767;0;0;0;7;2;1;2;4;5;0;2;8;28;4;7;6;10;1;6;8;4;5;34;25;23;0;0;0;0;0
44119;556;8;62.0625;56.1;64.2;0;0;-2;0;1;4;0;0;0;0;17;808;0;87;721;0;2;0.0;7;2;1;2;4;4;0;2;8;28;4;7;6;11;1;6;9;3;3;34;25;23;0;1;3;1;0
44119;557;14;70.6;65.8;63.7;1;1;4;4;1;1;0;4;0;0;25;1354;75;277;1002;0;0;0;13;3;3;1;8;5;3;0;17;12;6;4;7;5;5;1;8;13;11;23;25;34;0;2;3;0;1
44119;583;14;100;100;82.5;0;6;5;4;2;0;0;1;1;0;27;1259;328;118;813;1;1;50.0;14;4;4;1;6;3;5;0;16;11;5;4;9;7;3;1;13;9;18;23;25;34;0;0;1;5;0
44119;708;8;64.2;62.9;60.7;0;1;-2;1;0;0;0;5;0;0;25;1068;341;71;656;14;13;51.9;6;7;1;2;2;5;1;2;9;23;4;7;8;10;0;6;12;10;7;34;25;23;0;0;1;0;0
44119;709;14;47.9667;47.7;46.7;0;0;0;0;0;0;0;1;0;1;8;514;0;118;396;1;1;50.0;0;2;1;1;4;0;0;0;30;13;8;4;11;10;8;1;3;1;4;23;25;34;0;0;0;0;0
44119;744;14;55.7714;58.7;51.4;0;1;1;0;1;0;0;0;0;2;15;590;87;0;503;0;0;0;7;6;1;1;1;3;1;0;23;9;8;4;14;7;7;1;1;5;4;23;25;34;0;0;0;1;0
44119;787;14;54.6667;53;55.6;0;0;0;2;1;1;2;0;0;0;18;893;9;115;769;0;0;0;6;8;3;1;1;5;1;1;24;7;6;4;14;5;7;0;7;6;10;23;25;34;0;1;2;1;0
44119;888;14;93.2667;90.1;91.5;1;1;3;3;3;2;0;3;2;0;29;1561;349;215;997;0;1;0.0;12;3;3;3;6;1;3;0;18;12;6;2;9;9;5;1;9;6;14;23;25;34;0;3;2;1;2
44119;958;14;84.4;84;78.9;1;1;3;2;2;2;0;0;0;0;22;1136;75;108;953;0;0;0;13;3;4;1;8;5;3;0;17;12;5;4;7;5;5;1;7;13;4;23;25;34;1;4;1;0;0
44119;1073;8;61.1429;50.1;58.9;0;0;-4;1;0;4;9;1;1;0;21;1051;0;133;918;0;0;0;3;17;1;7;3;5;0;4;12;13;4;2;7;10;1;4;8;8;7;34;25;23;3;1;1;0;0
44119;1080;8;64.5571;48.9;67.4;0;0;-4;2;1;3;2;1;0;0;29;1295;414;183;698;0;0;0;3;7;0;1;1;3;0;3;12;23;5;8;9;12;1;5;19;8;8;34;25;23;1;1;4;0;0
44119;1097;8;58.9857;49.5;58.7;0;0;0;2;0;0;2;1;0;0;22;1108;0;108;1000;0;0;0;9;6;4;1;6;6;1;1;6;24;1;8;4;9;0;7;6;8;6;34;25;23;0;1;0;1;0
44119;1112;8;62.24;59.2;73.4;0;0;-2;1;1;0;0;0;1;0;30;1160;341;191;628;3;0;100.0;5;5;1;1;2;5;0;1;10;25;4;8;8;10;1;7;16;8;8;34;25;23;0;2;0;0;0
44119;1113;14;58.24;58.3;51;0;1;1;0;0;0;2;2;0;0;18;917;87;0;830;3;8;27.3;7;3;2;2;4;3;2;1;23;12;7;3;11;7;6;0;3;7;3;23;25;34;0;0;0;0;0
44119;1144;14;92.2;95;65.8;3;3;4;11;3;1;2;0;0;1;26;1428;349;68;1011;0;0;0;11;4;3;3;7;1;4;0;19;11;6;2;8;9;4;1;10;6;13;23;25;34;1;7;2;3;2
44119;1155;8;59.7286;59.5;61.4;0;0;-2;2;0;0;4;1;0;0;28;1140;341;171;628;1;2;33.3;5;5;1;1;2;5;0;1;10;25;4;8;8;10;1;7;15;8;7;34;25;23;0;1;1;0;0
44119;1187;8;48.7857;53.9;44.6;0;0;-4;1;0;0;0;1;1;0;31;1357;414;246;697;0;0;0;3;7;0;1;1;3;0;3;12;23;5;8;9;12;1;5;21;8;8;34;25;23;0;1;0;0;0
44119;1205;14;70.8333;50;75;0;1;2;0;0;5;0;2;0;1;20;981;0;277;704;0;0;0;5;9;2;1;1;4;2;1;25;6;7;4;14;6;6;0;7;6;16;23;25;34;3;1;0;1;0
44119;1272;14;76.6;71.1;80.1;0;1;2;0;0;0;0;1;2;0;21;1157;9;294;854;4;6;40.0;7;3;3;2;4;3;2;1;23;12;6;3;11;7;6;0;6;8;10;23;25;34;0;0;0;0;0
44119;1457;8;27.1143;56.9;21.8;1;0;-4;3;0;0;0;1;0;0;24;1036;189;71;776;10;12;45.5;1;12;2;3;4;4;0;4;14;18;3;6;6;11;1;4;8;8;10;34;25;23;0;1;1;1;0
44119;2240;8;21.5286;45.7;17.5;0;0;-3;0;0;0;0;0;0;1;20;977;0;60;917;0;0;0;3;15;1;6;3;6;0;3;12;15;4;3;7;9;1;5;7;7;9;34;25;23;0;0;0;0;0
44119;2285;8;60.5;63.2;49.2;0;1;0;0;0;0;0;0;0;0;14;637;189;24;424;0;0;0;1;8;2;1;1;3;1;1;14;22;3;8;9;12;0;7;2;5;6;34;25;23;0;0;0;0;0
44119;2638;8;52.575;57.6;40.6;1;0;0;1;0;1;0;2;0;0;11;480;0;0;480;0;0;0;1;8;2;2;0;3;1;1;14;22;3;7;10;12;0;7;1;4;4;34;25;23;1;1;0;0;0
44119;2639;14;59.3714;64.9;54.8;1;1;1;4;0;0;0;0;0;1;17;859;87;0;772;0;0;0;7;3;2;2;4;3;2;1;23;12;7;3;11;7;6;0;3;7;3;23;25;34;0;1;1;0;2
44119;2645;8;27.1286;52.5;22.2;0;0;-4;1;2;1;0;0;0;0;21;913;0;51;862;0;0;0;2;15;1;4;4;3;0;4;13;15;4;5;6;12;1;4;7;9;5;34;25;23;1;2;0;0;1
44119;3547;14;94.3857;100;67.3;5;1;3;9;0;0;5;2;0;1;28;1198;337;118;743;3;3;50.0;13;3;5;1;4;3;3;0;17;12;4;4;11;7;5;1;13;10;14;23;25;34;0;5;1;3;0
44119;3551;8;78.5143;53.7;82.3;0;0;-1;2;1;5;0;0;1;0;27;1248;116;118;1014;0;0;0;9;8;4;2;6;6;1;2;6;22;1;7;4;9;0;6;6;10;6;34;25;23;4;3;1;0;0
44119;4805;14;55.925;63.8;48.8;1;0;1;1;0;0;0;2;0;0;12;681;0;294;387;0;2;0.0;0;2;0;1;3;1;0;0;30;13;9;4;12;9;8;1;3;2;9;23;25;34;0;0;0;0;1
44119;5046;14;56.725;61.6;52.2;0;1;2;2;0;0;2;1;0;0;14;644;0;118;526;4;6;40.0;8;7;2;1;2;2;2;0;22;8;7;4;13;8;6;1;3;6;5;23;25;34;0;1;0;1;0
44119;5065;14;46.54;46.4;48.1;0;0;2;0;0;0;0;0;0;1;8;451;0;0;451;1;3;25.0;3;3;0;1;4;1;2;0;27;12;9;4;11;9;6;1;1;2;3;23;25;34;0;0;0;0;0
44121;88;12;77.1125;68.3;73.6;0;1;0;2;0;1;0;6;1;0;28;981;48;86;847;4;5;44.4;5;5;0;4;3;5;0;0;16;23;3;5;4;2;2;2;3;3;5;23;13;24;1;0;1;1;0
44121;120;278;48.425;60.8;41;1;0;0;2;0;0;0;2;0;0;13;455;0;53;402;0;0;0;4;6;3;1;2;1;1;1;24;15;6;2;5;6;1;1;2;4;1;24;13;23;0;1;1;0;0
44121;131;12;67.7875;63.2;69.1;0;1;1;2;0;0;0;1;0;0;12;724;0;0;724;0;0;0;5;8;1;3;3;0;1;0;16;20;2;6;4;7;1;2;5;3;3;23;13;24;0;0;2;0;0
44121;137;12;51.3;52.8;50;0;1;0;0;0;2;2;1;0;0;17;1001;0;0;1001;0;0;0;6;10;2;2;0;4;2;2;15;18;1;7;7;3;0;0;6;7;6;23;13;24;1;0;1;0;0
44121;367;278;64.5667;57.3;77.3;0;0;0;3;1;0;0;3;1;1;17;924;104;0;820;0;0;0;5;7;1;1;3;0;0;0;23;14;8;2;4;7;2;2;6;5;6;24;13;23;0;2;1;1;0
44121;456;278;47.2375;57.4;42.9;0;1;0;0;1;0;2;0;0;0;12;530;0;113;417;2;4;33.3;4;6;3;1;2;2;1;1;24;15;6;2;5;5;1;1;2;3;2;24;13;23;0;1;0;0;0
44121;541;12;82.4833;53.6;87.9;0;1;0;2;2;1;0;0;1;1;35;1486;332;230;924;0;0;0;9;6;1;3;7;1;0;0;12;22;2;6;0;6;2;2;12;4;13;23;13;24;1;2;1;1;0
44121;620;278;64.9167;37.3;70.2;0;0;-1;3;0;4;0;1;0;3;27;1247;90;148;1009;0;0;0;10;7;4;2;2;1;0;1;18;14;5;1;5;6;2;1;7;3;8;24;13;23;2;5;0;0;0
44121;686;278;68.45;63.7;73.2;0;0;0;2;1;0;0;1;0;0;19;1085;284;0;801;3;1;75.0;5;7;1;1;3;0;0;0;23;14;8;2;4;7;2;2;8;5;9;24;13;23;0;2;1;0;0
44121;704;278;70.4;50.4;73.5;0;0;-1;2;1;1;0;0;1;0;24;1099;0;152;947;0;0;0;9;7;4;2;2;2;0;1;19;14;5;1;5;5;2;1;4;4;8;24;13;23;1;1;1;1;0
44121;728;12;76.625;77.2;71.8;1;2;1;5;1;0;0;1;0;0;36;1315;318;208;789;0;1;0.0;8;8;0;2;0;2;1;0;13;20;3;7;7;5;1;2;11;2;13;23;13;24;0;2;2;1;1
44121;770;12;64.5;60.3;70.3;0;1;1;3;0;1;0;1;0;0;21;1083;21;48;1014;0;0;0;6;9;1;3;1;4;2;1;15;19;2;6;6;3;0;1;6;6;5;23;13;24;0;0;4;0;0
44121;871;278;57.8333;58.5;50.5;0;0;0;0;1;0;2;0;0;0;21;955;104;0;851;8;4;66.7;13;4;3;0;1;0;1;1;15;17;6;3;6;7;1;1;5;3;5;24;13;23;0;0;1;0;0
44121;900;278;50.0714;53.5;49.5;0;0;0;1;2;0;0;0;0;0;15;678;0;236;442;0;0;0;4;6;3;1;2;1;1;1;24;15;6;2;5;6;1;1;6;3;3;24;13;23;0;2;0;1;0
44121;955;278;57.3875;70.1;46.4;0;1;-1;2;3;1;0;3;0;1;24;1104;104;137;863;1;0;100.0;11;4;3;0;1;1;0;1;17;17;6;3;6;6;2;1;5;2;6;24;13;23;0;2;1;3;0
44121;1034;12;57.6571;58.2;57.1;0;0;0;0;1;0;0;0;0;0;16;879;0;94;785;2;1;66.7;5;11;2;3;3;0;1;1;16;17;1;6;4;7;1;1;5;4;6;23;13;24;0;1;0;0;0
44121;1035;12;100;53.2;100;0;1;0;4;2;2;0;2;2;1;36;1435;311;230;894;0;0;0;9;5;1;3;6;1;0;0;12;23;2;6;1;6;2;2;12;4;13;23;13;24;2;3;2;0;1
44121;1045;278;65.2571;62.3;65.4;0;1;1;1;0;1;0;2;0;0;22;1007;0;255;752;3;6;33.3;8;4;2;1;1;5;1;0;20;17;7;2;6;2;1;2;9;3;7;24;13;23;0;2;0;0;0
44121;1090;12;60.1429;59.6;61.5;1;0;1;4;0;0;2;0;0;1;34;1239;318;132;789;16;9;64.0;8;8;0;2;0;2;1;0;13;20;3;7;7;5;1;2;11;2;12;23;13;24;0;1;1;2;0
44121;1120;12;50.5;57.9;45.1;0;0;-1;1;0;0;0;2;0;0;9;410;79;0;331;0;0;0;3;4;0;1;0;1;0;1;18;24;3;8;7;6;2;1;4;4;0;23;13;24;0;1;0;0;0
44121;1255;278;59.05;52.3;62.2;0;0;0;1;0;2;4;2;0;0;32;1232;90;145;997;0;0;0;12;11;2;0;2;1;1;1;16;10;7;3;5;6;1;1;7;6;4;24;13;23;1;2;0;0;0
44121;1297;12;68.14;71.3;54.5;1;0;0;2;1;0;0;0;1;0;29;919;48;94;777;0;1;0.0;5;3;1;2;4;4;0;0;16;25;2;7;3;3;2;2;3;3;5;23;13;24;0;2;0;1;0
44121;1482;278;64.85;72.2;56.3;1;0;1;1;0;2;0;6;0;0;15;701;0;0;701;0;0;0;8;4;2;1;1;5;1;0;20;17;7;2;6;2;1;2;2;2;5;24;13;23;1;1;0;1;0
44121;2402;12;54.5714;55.4;51.5;0;0;-1;2;1;0;2;1;0;0;22;1167;113;110;944;0;0;0;6;16;1;4;0;2;0;1;15;12;2;5;7;5;2;1;5;3;7;23;13;24;0;1;2;0;0
44121;2450;12;51.82;52.8;45.4;0;0;-1;0;0;0;0;0;0;1;11;530;79;76;375;3;4;42.9;3;4;1;0;1;0;0;1;18;24;2;9;6;7;2;1;4;4;1;23;13;24;0;0;0;0;0
44121;2468;12;58.4333;59.8;52.1;1;0;0;1;0;0;0;0;0;0;13;785;0;0;785;4;8;33.3;5;11;2;3;3;0;1;1;16;17;1;6;4;7;1;1;5;4;5;23;13;24;0;0;0;1;0
44121;2629;278;65.74;59.9;68.6;0;0;0;4;2;0;0;2;0;0;18;949;284;0;665;5;8;38.5;6;4;2;1;1;5;0;0;22;17;7;2;6;2;2;2;5;1;8;24;13;23;0;3;1;2;0
44121;2690;12;51.1714;55.1;51.1;0;0;0;1;0;0;2;0;0;0;22;788;72;0;716;0;0;0;5;3;1;2;4;4;0;0;16;25;2;7;3;3;2;2;3;3;4;23;13;24;0;1;0;0;0
44121;2746;12;60.2;56.9;65;0;1;-1;1;0;1;0;0;0;1;24;1183;113;158;912;0;0;0;6;16;1;4;0;2;0;1;15;12;2;5;7;5;2;1;5;3;7;23;13;24;1;0;1;0;0
44121;3393;12;80.05;68.7;87.2;1;1;1;4;1;2;0;0;0;1;27;1180;294;86;800;0;1;0.0;8;9;0;3;0;2;1;0;13;19;3;6;7;5;1;2;7;2;11;23;13;24;0;1;3;2;1
44121;3425;12;48.1;49.9;47.5;0;0;-1;0;0;0;0;0;0;1;9;410;79;0;331;0;1;0.0;3;4;0;1;0;1;0;1;18;24;3;8;7;6;2;1;4;4;0;23;13;24;0;0;0;0;0
44121;3562;278;66.85;70.4;64.4;0;0;-1;5;0;0;4;4;0;0;22;1043;284;12;747;1;1;50.0;11;4;3;0;1;1;0;1;17;17;6;3;6;6;2;1;6;2;7;24;13;23;0;3;1;1;0
44121;4999;278;65.6667;60.7;72;0;0;0;1;0;0;0;0;0;0;20;1157;298;65;794;8;5;61.5;5;7;1;1;3;0;0;0;23;14;8;2;4;7;2;2;8;6;9;24;13;23;0;0;1;0;0
44121;5027;278;51.1286;45.9;49.9;0;0;0;1;0;0;0;0;0;1;33;1186;0;261;925;0;0;0;9;11;2;0;2;1;1;1;19;10;7;3;5;6;1;1;12;5;3;24;13;23;0;0;0;1;0
44121;5040;278;60.5667;55.9;68.1;0;1;1;0;1;0;0;1;0;1;20;1122;298;40;784;0;0;0;8;3;3;1;3;4;1;0;20;18;6;2;4;3;1;2;9;3;11;24;13;23;0;1;0;0;0
44121;5490;278;67.3;47;71;0;0;1;3;0;4;0;1;0;1;22;965;0;144;821;0;0;0;8;3;3;1;3;5;1;0;20;18;6;2;4;2;1;2;6;4;9;24;13;23;2;4;0;1;0
44123;10;23;69;70;64.9;0;1;-1;8;0;1;0;0;1;2;29;1414;379;348;687;1;0;100.0;8;9;3;2;2;4;0;0;11;9;3;10;3;5;0;0;11;2;19;22;15;28;0;5;2;2;0
44123;38;23;79.7429;58.1;81.6;0;0;0;1;1;0;2;1;2;2;26;1180;202;179;799;1;2;33.3;8;5;1;5;2;1;0;0;11;13;5;7;3;8;0;0;6;4;7;22;15;28;0;1;0;1;0
44123;46;23;63.2286;54;75.1;0;0;0;3;0;0;0;0;0;1;24;1045;155;129;761;6;8;42.9;7;5;1;4;2;1;0;0;12;13;5;8;3;8;0;0;7;3;6;22;15;28;0;2;1;0;0
44123;104;23;57.6143;57.9;56.3;0;0;0;2;2;0;0;1;0;0;20;944;188;37;719;0;0;0;7;4;2;2;3;2;0;0;12;14;4;10;2;7;0;0;6;4;6;22;15;28;0;3;1;0;0
44123;121;279;73.5857;36.5;77.2;0;0;1;2;1;0;0;2;0;2;34;1588;192;252;1144;0;0;0;13;12;5;2;4;5;0;0;5;7;7;4;5;0;0;0;13;8;6;28;15;22;0;1;2;0;0
44123;126;279;58.1;56.1;62.1;0;0;0;2;0;0;0;1;0;0;24;1141;359;113;669;0;1;0.0;1;7;0;2;3;2;0;0;17;12;12;4;6;3;0;0;6;1;9;28;15;22;0;2;0;0;0
44123;142;23;76.3857;54.1;92.4;0;0;-1;6;0;3;0;9;0;0;32;1575;335;378;862;0;0;0;11;4;5;4;1;4;0;0;8;14;1;8;4;5;0;0;12;2;19;22;15;28;2;0;2;5;0
44123;330;279;55.3714;52.3;53.6;0;0;0;0;0;0;0;1;0;1;17;784;80;0;704;9;3;75.0;9;4;5;0;0;1;0;0;9;15;7;6;9;4;0;0;4;5;4;28;15;22;0;0;0;0;0
44123;569;279;70.2857;53.2;83.1;0;1;1;0;0;2;0;0;2;0;21;1078;0;268;810;0;0;0;2;7;1;2;1;0;0;0;16;12;11;4;8;5;0;0;5;5;4;28;15;22;0;0;2;0;0
44123;571;23;58.1667;55.8;69.4;0;0;-1;5;3;2;5;1;0;1;25;1235;313;293;629;0;0;0;5;4;4;4;0;4;0;0;14;14;2;8;5;5;0;0;11;1;18;22;15;28;2;5;2;1;0
44123;1006;23;60.5;53;65;0;0;0;0;0;0;0;0;0;0;11;628;0;0;628;0;1;0.0;1;4;0;2;0;2;0;0;18;14;6;10;5;7;0;0;2;5;1;22;15;28;0;0;0;0;0
44123;1060;23;73.75;56.3;91.2;0;0;0;0;0;2;0;0;1;0;14;713;0;82;631;1;0;100.0;3;3;1;1;1;3;0;0;16;15;5;11;4;6;0;0;1;6;2;22;15;28;0;1;1;0;0
44123;1218;279;74.65;52.1;78.8;0;0;0;0;3;2;0;0;0;0;31;1145;0;259;886;0;0;0;3;2;6;4;4;0;0;0;15;17;6;2;5;5;0;0;10;3;7;28;15;22;0;2;2;1;0
44123;1245;279;64.7;60.9;68.7;1;0;1;2;0;1;0;1;0;1;13;726;32;276;418;4;5;44.4;3;1;2;1;1;2;0;0;15;18;10;5;8;3;0;0;8;4;4;28;15;22;0;0;2;0;1
44123;1316;279;84.6571;48.7;90.3;0;0;0;0;4;3;0;3;1;1;34;1445;192;290;963;0;0;0;5;6;6;4;4;0;0;0;13;13;6;2;5;5;0;0;13;4;11;28;15;22;1;3;3;0;0
44123;1357;279;55.05;43.2;65.3;0;0;0;1;0;1;0;1;0;3;24;1047;0;253;794;2;8;20.0;1;5;1;1;3;2;0;0;17;14;11;5;6;3;0;0;7;3;4;28;15;22;1;0;0;0;1
44123;1434;279;54.5;45.3;55.1;0;0;0;2;0;0;0;0;0;2;11;510;0;64;446;5;1;83.3;2;1;3;1;1;2;0;0;16;18;9;5;8;3;0;0;5;4;4;28;15;22;0;0;1;1;0
44123;1711;279;51.85;51.5;62;0;0;0;2;0;0;4;4;0;2;20;900;32;91;777;1;0;100.0;10;7;5;1;0;1;0;0;8;12;7;5;9;4;0;0;6;5;3;28;15;22;0;1;0;1;0
44123;2447;279;56.84;57;54.2;0;0;0;0;0;1;0;0;0;0;10;536;168;0;368;0;0;0;2;2;2;0;1;2;0;0;16;17;10;6;8;3;0;0;3;5;1;28;15;22;1;0;0;0;0
44123;2513;279;54.7667;49.3;78.5;0;0;0;4;0;0;0;2;0;2;25;1179;367;37;775;0;0;0;2;5;2;0;1;0;0;0;16;14;10;6;8;5;0;0;6;3;9;28;15;22;0;3;1;0;0
44123;2637;279;65.1167;66.5;55.8;0;0;0;3;1;0;0;0;1;0;25;1090;168;37;885;0;2;0.0;4;4;4;3;5;0;0;0;14;15;8;3;4;5;0;0;6;3;4;28;15;22;0;2;0;1;1
44123;2650;279;58.6333;56.5;58.7;0;0;0;0;0;0;0;1;0;0;21;1008;168;113;727;2;4;33.3;1;8;0;2;3;2;0;0;17;11;12;4;6;3;0;0;3;2;3;28;15;22;0;0;0;0;0
44123;2661;23;61.6714;61.1;60.3;0;0;-1;2;2;0;0;0;0;1;21;1063;301;82;680;1;1;50.0;2;8;2;3;1;3;0;0;17;10;4;9;4;6;0;0;4;3;13;22;15;28;0;1;1;2;0
44123;2697;279;61.0333;59.6;63.3;0;0;0;4;1;0;0;3;0;0;22;1053;359;0;694;0;0;0;9;4;4;0;0;1;0;0;9;15;8;6;9;4;0;0;7;5;9;28;15;22;0;3;1;1;0
44123;2790;279;75.5429;52.1;93.3;0;0;0;6;3;4;2;0;2;0;32;1398;367;84;947;0;0;0;11;6;4;0;4;5;0;0;7;13;8;6;5;0;0;0;9;7;7;28;15;22;3;5;2;2;1
44123;3544;279;94.7143;81.2;98.9;0;0;0;1;5;0;13;4;0;1;28;1234;311;114;809;10;8;55.6;6;8;4;4;5;0;0;0;12;11;8;2;4;5;0;0;9;3;11;28;15;22;0;3;2;1;0
44123;3559;23;75.7143;74.5;81.3;1;0;-1;10;4;1;2;1;1;2;29;1428;379;261;788;19;11;63.3;8;10;3;2;2;4;0;0;11;8;3;10;3;5;0;0;11;2;18;22;15;28;0;4;2;8;1
44123;4335;23;56.7;54.5;61.1;0;0;0;1;0;1;0;0;0;0;13;578;14;0;564;0;0;0;3;1;2;3;0;1;0;0;16;17;4;9;5;8;0;0;1;3;1;22;15;28;0;2;0;0;0
44123;4552;279;56.5667;56.8;52.5;0;0;0;0;0;0;2;1;0;0;20;746;0;6;740;0;0;0;4;2;4;3;5;0;0;0;14;17;8;3;4;5;0;0;2;2;4;28;15;22;0;0;0;0;0
44123;4600;23;69.5375;54.7;77;0;0;0;0;0;0;0;0;2;0;15;582;0;0;582;0;1;0.0;5;0;2;3;1;2;0;0;14;18;4;9;4;7;0;0;1;3;1;22;15;28;0;0;0;0;0
44123;4615;23;71.3333;51.9;75.1;0;0;0;1;0;1;0;0;0;0;27;1357;235;146;976;0;0;0;4;10;1;5;2;2;0;0;15;8;5;7;3;7;0;0;9;4;9;22;15;28;0;0;2;0;0
44123;4794;23;76.3833;50.5;83;0;0;0;0;0;3;4;3;1;0;24;1323;310;159;854;0;0;0;3;9;1;3;2;2;0;0;16;9;5;9;3;7;0;0;8;5;7;22;15;28;2;0;1;0;0
44123;4997;23;55.9714;54.6;60.8;0;0;0;1;1;0;2;0;1;0;14;821;47;0;774;3;5;37.5;2;3;1;3;1;3;0;0;17;15;5;9;4;6;0;0;2;6;1;22;15;28;0;1;1;0;0
44123;5032;23;88.1857;40.9;94.2;0;0;0;1;0;2;2;2;0;1;25;1338;75;86;1177;0;0;0;7;5;0;6;3;3;0;0;12;13;6;6;2;6;0;0;4;9;2;22;15;28;0;2;1;0;0
44123;5059;23;45.26;45.5;47.3;0;0;0;0;0;0;0;0;0;1;11;407;0;0;407;0;4;0.0;2;0;1;3;0;1;0;0;17;18;5;9;5;8;0;0;1;3;1;22;15;28;0;0;0;0;0
44123;5296;23;68.4571;51.9;69;0;0;0;1;0;0;0;2;0;0;21;1136;42;56;1038;0;0;0;5;4;0;3;2;3;0;0;14;14;6;9;3;6;0;0;2;9;1;22;15;28;0;1;0;0;0
44125;181;18;66.3667;62.3;74.5;0;0;0;2;1;1;0;0;0;1;30;1521;535;62;924;0;0;0;10;9;3;7;3;4;1;1;19;15;9;5;10;6;2;2;13;9;11;26;14;25;1;2;0;0;1
44125;264;18;60.45;58.4;64.7;1;1;0;5;1;0;2;3;0;3;25;1391;535;0;856;0;1;0.0;14;8;1;8;1;1;2;2;15;16;11;4;12;9;1;1;14;8;11;26;14;25;0;2;3;0;1
44125;321;18;59.2;57.8;60.2;0;0;1;1;1;0;0;2;1;1;20;806;0;103;703;0;0;0;7;5;6;2;6;2;1;0;22;19;6;10;7;8;2;3;2;0;4;26;14;25;0;1;1;0;0
44125;483;0;79.2833;73.6;93.3;0;1;0;3;0;1;0;3;0;0;23;1232;120;291;821;10;8;55.6;7;2;4;3;3;6;0;0;17;27;8;9;7;7;3;3;10;4;7;25;14;26;1;2;0;0;1
44125;625;0;48.55;55.4;41.9;0;0;-3;3;1;0;2;1;1;0;15;854;0;0;854;0;1;0.0;8;16;3;5;3;4;0;3;16;13;9;7;7;9;3;0;5;4;3;25;14;26;0;3;1;0;0
44125;629;18;60.9429;64.4;50.9;0;0;-1;2;1;0;0;0;0;0;18;773;181;52;540;2;5;28.6;3;6;1;1;4;2;0;1;26;18;11;11;9;8;3;2;4;2;2;26;14;25;0;0;0;2;1
44125;631;18;67.7429;69.8;59.8;0;2;0;5;3;0;0;0;0;1;27;1278;495;0;783;1;0;100.0;8;6;4;2;3;5;0;0;21;18;8;10;10;5;3;3;8;5;9;26;14;25;0;7;0;1;0
44125;642;0;71.075;62.4;75.8;0;0;2;1;0;0;0;2;0;0;18;1044;337;145;562;2;1;66.7;5;5;2;2;1;1;2;0;19;24;10;10;9;12;1;3;5;5;11;25;14;26;0;1;0;0;0
44125;652;0;55.3;53.7;57.3;0;0;1;0;0;0;0;0;1;0;11;437;0;0;437;0;0;0;3;2;2;2;3;2;1;0;21;27;10;10;7;11;2;3;0;1;2;25;14;26;0;0;0;0;0
44125;727;18;54.2;51.3;55.1;0;0;-1;1;0;1;0;0;0;0;19;897;104;299;494;2;6;25.0;1;4;0;1;3;2;0;1;28;20;12;11;10;8;3;2;6;2;4;26;14;25;0;2;0;0;0
44125;764;0;47.2;44.6;50.2;0;1;-1;2;3;1;2;1;0;2;30;1551;361;301;889;0;0;0;7;12;8;4;3;2;1;2;17;17;4;8;7;11;2;1;11;10;15;25;14;26;1;3;1;1;0
44125;798;0;63.8333;62.4;59.8;0;0;0;2;1;1;0;1;0;0;21;932;120;145;667;0;0;0;7;1;5;2;3;5;0;0;17;28;7;10;7;8;3;3;10;5;5;25;14;26;1;1;2;0;0
44125;799;0;75.6571;51.7;77.2;0;0;0;1;0;3;4;1;2;0;23;1430;0;247;1183;0;0;0;9;10;2;6;4;8;0;0;15;19;10;6;6;5;3;3;8;0;6;25;14;26;0;2;2;0;0
44125;864;18;55.7714;56.8;53;0;0;-1;2;0;0;0;1;0;0;16;969;520;0;449;0;1;0.0;1;5;0;3;3;2;0;1;28;19;12;9;10;8;3;2;7;3;8;26;14;25;0;1;1;0;0
44125;931;0;45.3;50.9;33.4;0;0;-3;1;1;0;12;0;0;0;11;607;0;0;607;5;6;45.5;8;14;3;4;2;2;0;3;16;15;9;8;8;11;3;0;4;4;4;25;14;26;0;0;1;1;0
44125;1203;18;64.8;60.3;62.1;0;0;0;2;1;0;0;1;0;1;22;950;0;299;651;3;2;60.0;3;7;6;1;6;2;0;0;26;17;6;11;7;8;3;3;7;0;6;26;14;25;0;1;0;1;1
44125;1250;18;72.3286;65.3;62.6;0;0;0;3;1;0;0;3;0;0;27;1382;520;0;862;18;13;58.1;14;8;1;8;1;1;2;2;15;16;11;4;12;9;1;1;13;8;12;26;14;25;0;2;1;1;0
44125;1306;18;63.1143;52.4;72.9;0;0;0;3;0;2;7;2;0;1;25;1180;166;100;914;0;0;0;9;8;4;6;3;3;1;1;20;16;8;6;10;7;2;2;6;8;7;26;14;25;1;3;1;0;0
44125;1311;0;64.85;66.3;55.8;0;2;2;1;1;1;0;1;0;0;17;850;96;65;689;0;0;0;6;10;3;2;2;3;2;0;18;19;9;10;8;10;1;3;6;4;3;25;14;26;1;2;0;0;0
44125;1325;18;61.15;53.7;67.8;0;0;1;0;4;0;0;2;2;1;16;653;0;55;598;0;1;0.0;4;5;7;0;6;2;1;0;25;19;5;12;7;8;2;3;3;0;2;26;14;25;0;3;0;1;0
44125;1340;0;75.2571;82;57.7;0;2;2;1;0;0;0;0;0;0;25;1242;337;265;640;9;7;56.3;6;8;2;2;1;2;2;0;18;21;10;10;9;11;1;3;9;4;12;25;14;26;0;1;0;0;0
44125;1533;0;67.46;52.1;80.5;0;0;0;1;1;2;0;1;1;1;27;1568;96;361;1111;0;0;0;10;6;2;4;4;6;0;0;14;23;10;8;6;7;3;3;9;0;12;25;14;26;1;2;1;0;0
44125;1586;18;58.7667;53.7;62.3;0;0;0;0;0;0;2;0;0;1;26;993;144;51;798;0;0;0;8;5;5;2;3;5;0;0;21;19;7;10;10;5;3;3;3;4;5;26;14;25;0;0;0;0;0
44125;2462;0;59.6;62.3;49.7;0;0;-2;2;3;1;0;1;1;0;29;1462;361;305;796;0;0;0;6;10;7;4;4;3;1;3;18;19;5;8;6;10;2;0;11;10;13;25;14;26;1;4;0;0;1
44125;2635;0;56.9429;51.1;55;0;0;2;0;1;0;0;0;0;0;9;395;0;0;395;2;1;66.7;3;2;1;2;4;2;2;0;21;27;11;10;6;11;1;3;0;2;2;25;14;26;0;1;0;0;0
44125;2656;0;62.5667;62.8;60.9;0;0;0;3;3;1;0;1;0;1;26;1382;120;291;971;2;1;66.7;8;5;4;4;3;6;0;0;16;24;8;8;7;7;3;3;10;4;8;25;14;26;1;3;1;2;0
44125;2768;0;57.48;59.8;46.7;1;0;1;2;0;0;0;0;0;0;12;655;0;0;655;0;1;0.0;3;7;3;3;3;3;1;0;21;22;9;9;7;10;2;3;1;1;1;25;14;26;0;0;0;1;1
44125;2814;18;59.2286;51.2;58;0;1;0;3;0;3;0;2;1;1;22;1199;62;295;842;0;0;0;13;8;4;3;3;1;2;2;16;16;8;9;10;9;1;1;10;4;9;26;14;25;1;2;2;1;0
44125;3433;0;53.7714;55.6;50.2;0;0;-3;2;0;0;0;1;1;0;15;745;0;0;745;0;0;0;8;15;3;4;3;2;0;3;16;14;9;8;7;11;3;0;5;4;4;25;14;26;0;1;0;1;0
44125;3555;0;84.7;84.7;82.6;2;0;2;7;2;5;0;4;1;0;26;1399;337;265;797;3;6;33.3;8;8;3;2;2;3;2;0;16;21;9;10;8;10;1;3;9;3;12;25;14;26;3;5;2;3;1
44125;3561;18;71.9;72.2;68.6;2;0;1;5;1;2;2;3;2;0;24;959;181;0;778;6;4;60.0;10;5;4;2;2;5;1;0;19;19;8;10;11;5;2;3;3;4;6;26;14;25;2;2;2;2;0
44125;4344;0;46.7667;51.7;46.5;0;0;1;0;0;2;7;2;0;0;17;1004;0;123;881;0;0;0;9;12;3;5;2;5;2;1;15;17;9;7;8;8;1;2;5;4;3;25;14;26;2;0;0;0;0
44125;4564;18;39.6333;48.1;37.7;0;0;0;4;1;1;0;1;1;1;19;992;0;100;892;0;0;0;15;9;5;3;3;2;2;2;14;15;7;9;10;8;1;1;6;4;6;26;14;25;0;4;1;1;0
44125;4577;18;100;55.8;100;0;0;0;2;1;8;0;1;0;0;24;1226;0;295;931;0;0;0;6;7;4;2;7;5;0;0;23;17;8;10;6;5;3;3;7;1;8;26;14;25;6;1;2;2;0
44125;4771;18;52;56.5;41.8;0;0;0;2;2;0;0;0;0;0;20;849;0;55;794;0;0;0;14;8;1;7;1;1;2;2;15;16;11;5;12;9;1;1;8;7;6;26;14;25;0;0;1;2;1
44125;4786;18;54.26;52.9;55.3;0;0;0;1;0;1;0;0;0;0;19;999;62;62;875;0;0;0;5;7;4;2;7;5;0;0;24;17;8;10;6;5;3;3;3;1;5;26;14;25;0;0;1;1;0
44127;89;26;54.0667;50.9;73.3;0;1;-1;2;0;2;6;1;1;1;24;1301;157;322;822;0;0;0;1;18;0;6;1;9;0;1;4;28;2;12;0;7;1;4;11;5;19;27;24;28;1;0;2;0;1
44127;91;24;63.25;64.6;61.3;1;1;1;2;2;0;0;0;1;0;12;558;96;46;416;3;5;37.5;7;1;4;0;3;0;1;0;39;4;14;2;13;1;4;1;1;5;4;28;24;27;0;2;0;2;0
44127;267;24;65.45;72.5;57.2;1;1;1;5;1;0;0;1;0;1;14;692;0;46;646;0;0;0;12;1;3;2;4;0;1;0;34;4;15;0;12;1;4;1;3;5;2;28;24;27;0;3;1;2;0
44127;353;26;44.3286;45.3;41.4;0;0;-2;0;0;0;0;1;0;1;7;391;0;35;356;2;1;66.7;0;10;0;2;0;2;0;2;5;36;2;16;1;14;1;3;1;3;2;27;24;28;0;0;0;0;0
44127;360;26;68.8143;56.2;70.8;1;0;0;1;0;2;0;0;1;0;26;1174;126;200;848;8;10;44.4;0;20;2;7;1;6;0;0;5;26;0;11;0;10;1;5;8;4;11;27;24;28;0;2;0;1;0
44127;395;26;52.4714;44.2;58.5;0;0;-1;1;0;2;0;0;1;1;26;1250;157;395;698;0;0;0;1;18;0;6;1;8;0;1;4;28;2;12;0;8;1;4;15;4;20;27;24;28;0;2;1;0;0
44127;412;24;74.15;84.4;61.5;1;1;2;5;2;0;0;0;0;0;25;1183;324;142;717;3;5;37.5;14;2;6;0;4;0;2;0;32;3;12;2;12;1;3;1;10;13;9;28;24;27;0;5;0;2;0
44127;498;26;54.4333;55.3;54.2;0;1;-3;0;0;4;2;1;0;1;18;950;0;194;756;0;0;0;2;13;0;5;0;5;1;4;3;33;2;13;1;11;0;1;5;10;2;27;24;28;3;1;0;0;0
44127;500;24;95.4571;98.6;82;2;2;1;4;1;1;0;2;0;1;27;1253;528;0;725;9;6;60.0;13;0;5;0;5;1;1;0;33;5;13;2;11;0;4;1;14;2;12;28;24;27;0;4;0;2;0
44127;641;24;72.7;65.9;79.1;0;0;1;5;0;0;0;0;0;0;23;996;276;0;720;0;0;0;13;0;5;0;5;1;1;0;33;5;13;2;11;0;4;1;6;6;6;28;24;27;0;2;1;1;1
44127;947;26;63.1;52.4;73.6;0;0;0;1;0;1;0;0;1;0;14;641;0;210;431;4;3;57.1;2;5;0;1;0;1;0;0;3;41;2;17;1;15;1;5;4;1;3;27;24;28;1;1;0;0;0
44127;1147;24;87.3429;85.4;87.6;1;3;1;5;3;0;0;1;0;0;19;898;509;0;389;0;0;0;7;1;4;0;3;0;1;0;39;4;14;2;13;1;4;1;9;2;11;28;24;27;0;4;2;2;0
44127;1265;26;45.275;51;42.8;0;0;-1;0;0;0;0;0;0;0;18;942;62;214;666;7;9;43.8;2;10;0;7;0;3;1;2;3;36;2;11;1;13;0;3;7;6;8;27;24;28;0;0;0;0;0
44127;1344;26;61.3714;62.8;61.8;0;1;0;0;1;1;4;0;0;0;26;1402;126;373;903;1;2;33.3;0;18;2;7;1;8;0;0;5;28;0;11;0;8;1;5;14;8;11;27;24;28;0;1;0;1;0
44127;1368;24;73.3571;55.8;75;0;1;0;3;4;1;2;2;0;1;28;1099;48;68;983;0;0;0;22;2;5;2;4;0;1;1;24;3;13;0;12;1;4;0;11;9;9;28;24;27;1;1;3;3;0
44127;1375;26;49.96;50.9;42.2;0;0;-1;0;0;1;0;0;0;0;9;535;0;63;472;5;3;62.5;3;6;0;2;0;3;0;1;2;40;2;16;1;13;1;4;1;9;1;27;24;28;1;0;0;0;0
44127;1535;24;75;79.6;66.1;0;3;0;4;1;0;2;1;1;0;18;967;352;0;615;3;0;100.0;12;2;3;2;4;0;1;1;34;3;15;0;12;1;4;0;4;9;6;28;24;27;0;1;2;2;0
44127;2038;26;48.425;55;40.8;0;0;-2;0;0;1;2;2;0;0;8;584;0;66;518;0;1;0.0;0;10;0;2;0;4;0;2;5;36;2;16;1;12;1;3;1;11;3;27;24;28;1;0;0;0;0
44127;2360;24;66.6714;59.4;71.6;0;1;3;2;1;0;0;0;0;1;24;1145;228;48;869;0;0;0;14;2;10;0;8;1;3;0;32;3;8;2;8;0;2;1;3;9;6;28;24;27;0;3;0;0;0
44127;2478;24;61.1714;52.5;67.5;1;0;1;4;0;0;0;1;0;1;20;895;118;72;705;0;0;0;12;1;3;0;4;0;1;0;34;4;15;2;12;1;4;1;6;7;5;28;24;27;0;4;0;0;0
44127;2539;26;74.3286;49.3;78.5;0;0;-1;0;1;2;0;1;1;0;20;1233;31;293;909;0;0;0;2;12;2;7;0;5;0;1;3;34;0;11;1;11;1;4;4;6;4;27;24;28;0;2;0;1;0
44127;2647;26;39.725;49.6;33.8;0;0;-2;0;0;1;0;0;0;0;5;300;0;0;300;1;2;33.3;0;10;0;2;0;2;0;2;5;36;2;16;1;14;1;3;0;3;2;27;24;28;0;0;1;0;0
44127;2718;26;61.1;45.3;76.1;0;0;0;0;1;3;0;1;0;2;28;1286;126;225;935;0;1;0.0;0;20;2;7;1;8;0;0;5;26;0;11;0;8;1;5;10;4;11;27;24;28;2;1;1;0;0
44127;2800;24;52.4571;53.8;51.1;0;0;0;4;2;0;0;0;0;0;33;1468;557;0;911;0;0;0;20;2;5;2;4;0;1;1;26;3;13;0;12;1;4;0;16;8;13;28;24;27;0;1;4;1;0
44127;3146;24;87.6429;94.9;73.7;2;1;1;6;3;0;4;2;1;0;19;1003;551;0;452;1;1;50.0;7;1;4;0;3;0;1;0;39;4;14;2;13;1;4;1;9;3;11;28;24;27;0;6;0;2;1
44127;3383;24;53.1571;53.8;52.7;0;0;1;2;3;0;0;0;0;1;20;782;28;142;612;0;0;0;11;0;4;0;5;1;1;0;35;5;14;2;11;0;4;1;9;4;5;28;24;27;0;3;0;2;0
44127;3548;24;90.6667;91.6;77.6;1;2;2;7;5;0;0;2;2;1;26;1256;503;0;753;16;13;55.2;14;2;6;0;4;0;2;0;32;3;12;2;12;1;3;1;13;10;10;28;24;27;0;7;2;2;1
44127;4329;26;41.86;38.8;58.6;0;0;-1;0;0;1;4;0;0;3;17;990;62;362;566;6;11;35.3;2;9;0;5;0;3;1;2;3;37;2;13;1;13;0;3;12;7;10;27;24;28;1;0;0;0;0
44127;4332;26;60.84;50.4;75;0;0;-1;2;0;2;0;1;1;0;22;1462;31;319;1112;0;0;0;3;16;2;8;0;5;0;1;2;30;0;10;1;11;1;4;7;9;6;27;24;28;0;4;0;0;0
44127;4334;26;46.4429;48.7;44.6;0;0;-1;0;0;0;0;1;0;2;11;571;0;37;534;0;2;0.0;3;6;0;2;0;3;0;1;2;40;2;16;1;13;1;4;2;7;2;27;24;28;0;0;0;0;0
44127;4773;26;53.6;62.9;36.3;1;0;-1;2;1;0;4;0;0;0;13;818;62;83;673;0;0;0;2;10;0;7;0;3;1;2;3;36;2;11;1;13;0;3;8;5;8;27;24;28;0;1;0;0;2
44127;4799;24;64.15;64.5;57.8;0;1;0;1;0;0;0;4;0;0;18;888;251;0;637;9;4;69.2;12;2;3;2;4;0;1;1;34;3;15;0;12;1;4;0;4;6;6;28;24;27;0;1;0;0;0
44127;4996;24;53.4286;59.3;52.1;0;1;3;3;2;1;0;2;0;0;25;1025;0;140;885;0;0;0;14;2;10;0;8;1;3;0;32;3;8;2;8;0;2;1;7;6;8;28;24;27;1;1;3;1;0
44127;4998;24;58.0429;54.2;60.4;0;0;1;1;2;0;0;0;1;0;17;818;118;48;652;0;0;0;10;1;3;0;4;0;1;0;36;4;15;2;12;1;4;1;5;6;5;28;24;27;0;1;2;0;0
44127;5246;26;44.6429;51.8;43.1;0;0;-2;0;0;1;0;0;0;0;21;1071;0;217;854;0;0;0;2;16;0;5;0;2;1;3;3;30;2;13;1;14;0;2;11;13;5;27;24;28;1;0;0;0;0
44127;5465;24;53.2429;59.4;46.2;0;0;1;3;0;0;0;1;0;0;15;694;28;0;666;1;0;100.0;13;3;5;0;4;0;2;1;33;2;13;2;12;1;3;0;5;10;2;28;24;27;0;3;0;0;0
44129;24;22;77.9667;81.5;67.6;1;0;2;3;1;1;2;2;0;0;34;1278;501;115;662;12;12;50.0;15;0;1;2;4;1;2;0;19;8;7;4;6;11;1;0;12;7;10;23;17;26;1;2;1;0;1
44129;39;9;80.3;60.8;90.2;0;0;0;2;0;2;0;4;3;0;18;983;0;301;682;5;7;41.7;2;7;0;3;3;4;0;0;6;27;6;5;9;6;0;3;3;4;6;26;17;23;2;0;1;0;1
44129;42;22;55.9571;56.8;53.9;0;0;1;1;0;1;0;0;0;0;17;727;0;40;687;0;0;0;7;2;2;0;2;6;1;0;27;6;6;6;8;6;2;0;4;3;6;23;17;26;0;2;0;0;0
44129;109;22;61.9;64.7;57.9;0;1;1;4;0;0;0;0;1;0;16;724;0;40;684;1;2;33.3;9;2;2;0;1;6;1;0;25;6;6;6;9;6;2;0;4;3;5;23;17;26;0;1;3;0;0
44129;170;9;53.4143;53.3;53.1;0;0;0;0;0;0;0;0;0;0;8;344;0;0;344;0;0;0;0;3;0;0;1;0;0;0;8;31;6;8;11;10;0;3;3;3;0;26;17;23;0;0;0;0;0
44129;179;22;58.1286;55;62.3;0;0;0;1;0;1;0;1;1;0;8;453;0;0;453;0;0;0;6;3;1;2;3;4;0;0;28;5;7;4;7;8;3;0;2;1;4;23;17;26;0;0;1;0;1
44129;222;22;50.42;48.4;57.5;0;0;0;2;1;0;0;0;0;1;8;475;0;0;475;1;0;100.0;6;3;1;2;4;4;0;0;28;5;7;4;6;8;3;0;2;1;4;23;17;26;0;2;0;1;0
44129;303;9;51.9857;54.5;47.7;0;0;-1;1;0;0;0;0;0;0;18;714;47;0;667;0;0;0;4;9;3;1;7;4;0;1;4;25;3;7;5;6;0;2;4;2;2;26;17;23;0;0;1;0;0
44129;318;9;61.4667;53.6;73;0;0;0;0;0;0;0;1;1;0;11;524;0;114;410;7;4;63.6;0;3;0;2;2;0;0;0;8;31;6;6;10;10;0;3;4;4;3;26;17;23;0;0;0;0;0
44129;356;9;52.125;51.7;47.9;0;0;0;1;0;1;0;1;0;0;12;652;0;0;652;0;0;0;2;7;0;2;3;4;0;0;6;27;6;6;9;6;0;3;3;3;6;26;17;23;0;2;0;0;0
44129;372;22;71;66;77.5;1;1;1;4;2;2;0;0;0;0;24;1207;235;0;972;0;0;0;10;4;4;3;4;5;1;0;24;4;4;3;6;7;2;0;3;7;5;23;17;26;2;1;0;4;1
44129;506;22;59.7286;60.3;56.9;0;0;0;0;0;0;0;0;0;0;23;961;236;0;725;0;0;0;5;3;2;2;1;1;0;0;29;5;6;4;9;11;3;0;2;5;4;23;17;26;0;0;0;0;0
44129;508;9;50.1714;52;46.7;0;1;-3;0;0;1;2;0;0;1;31;1466;180;334;952;0;0;0;2;18;1;1;5;3;0;3;6;16;5;7;7;7;0;0;13;13;11;26;17;23;0;0;1;0;0
44129;549;22;77.0667;83.6;59.8;2;0;2;6;1;0;0;2;0;0;32;1240;501;76;663;2;2;50.0;13;0;2;2;4;1;2;0;21;8;6;4;6;11;1;0;9;8;7;23;17;26;0;1;2;3;1
44129;678;9;60.7333;59.7;64.7;0;0;-1;0;0;3;2;1;0;0;23;1080;47;278;755;3;6;33.3;4;14;3;3;6;5;0;1;4;20;3;5;6;5;0;2;4;3;2;26;17;23;0;1;2;0;0
44129;848;9;57.3333;58.1;64.8;0;0;-2;0;1;1;4;1;0;0;30;1420;180;228;1012;0;0;0;2;13;1;1;5;2;0;2;6;21;5;7;7;8;0;1;13;12;13;26;17;23;0;1;1;0;0
44129;870;22;52.0571;55.2;51.3;0;0;0;0;0;0;0;1;0;0;11;571;36;41;494;5;4;55.6;6;3;2;2;3;4;0;0;28;5;6;4;7;8;3;0;3;2;5;23;17;26;0;0;0;0;0
44129;1099;9;59.3286;49.1;57.2;0;0;0;0;2;1;5;3;0;0;26;1221;52;228;941;0;0;0;4;14;4;5;3;4;0;0;4;20;2;3;9;6;0;3;7;2;5;26;17;23;1;1;0;1;0
44129;1115;22;70.1714;74.4;66.4;0;1;2;3;0;0;2;2;0;1;30;1138;465;76;597;0;1;0.0;12;0;0;2;4;1;2;0;22;8;8;4;6;11;1;0;9;7;7;23;17;26;0;2;0;1;0
44129;1124;9;61.52;63.4;54;0;0;-1;1;2;5;0;3;0;0;20;909;47;117;745;0;0;0;4;14;3;2;7;5;0;1;4;20;3;6;5;5;0;2;7;4;2;26;17;23;2;3;1;2;0
44129;1130;22;68.5429;59.1;75.1;0;1;1;8;3;1;0;4;2;1;30;1515;502;184;829;0;0;0;19;2;4;0;5;5;1;0;15;6;4;6;5;7;2;0;18;6;16;23;17;26;1;7;3;1;0
44129;1237;9;54.1333;52.8;56.5;0;0;-1;1;0;1;0;0;0;0;19;938;0;175;763;0;0;0;2;7;1;2;4;4;0;1;6;27;5;6;8;6;0;2;5;3;5;26;17;23;1;0;0;1;0
44129;1240;9;51.375;50.2;52.4;0;0;0;0;0;1;2;2;0;2;12;670;0;0;670;0;0;0;2;7;0;3;3;4;0;0;6;27;6;5;9;6;0;3;3;3;6;26;17;23;1;0;0;0;0
44129;1270;22;62.9286;46.3;65.7;0;0;1;0;0;2;0;0;1;1;18;889;0;48;841;0;0;0;5;2;0;3;1;3;1;0;29;6;8;3;9;9;2;0;2;4;5;23;17;26;2;0;0;0;0
44129;1277;9;62.8857;66.4;56.9;0;1;-2;0;0;0;7;1;0;0;30;1313;185;313;815;8;13;38.1;2;10;3;1;1;1;0;2;6;24;3;7;11;9;0;1;12;6;15;26;17;23;0;0;0;0;0
44129;1331;9;70.1714;56.8;80.2;0;0;-1;0;0;1;0;1;0;0;21;1048;0;281;767;0;0;0;2;9;1;2;4;4;0;1;6;25;5;6;8;6;0;2;7;3;8;26;17;23;0;1;0;0;0
44129;1337;22;61.2167;60.2;59.1;0;0;0;2;4;0;0;0;0;1;25;1045;236;0;809;0;0;0;6;3;3;2;1;1;0;0;28;5;5;4;9;11;3;0;4;5;6;23;17;26;0;4;2;0;0
44129;1348;22;62.2429;54;65.6;0;1;1;0;0;0;4;6;1;0;19;1011;0;48;963;0;0;0;6;2;1;3;1;3;1;0;28;6;7;3;9;9;2;0;2;5;5;23;17;26;0;0;0;0;0
44129;1527;9;65.4667;41.3;70.3;0;0;0;2;1;1;0;2;1;2;29;1288;52;228;1008;0;0;0;4;14;4;5;3;4;0;0;4;20;2;3;9;6;0;3;7;2;5;26;17;23;0;2;2;0;0
44129;1574;22;53.9333;51.3;58.9;0;0;1;1;1;2;0;0;1;1;22;1074;235;0;839;0;0;0;9;4;3;3;4;4;1;0;25;4;5;3;6;8;2;0;3;6;5;23;17;26;2;0;1;1;0
44129;1581;22;90.0143;83.3;97.8;0;1;0;3;2;0;2;5;0;0;28;1166;236;76;854;7;8;46.7;8;3;3;2;1;1;0;0;26;5;5;4;9;11;3;0;8;4;9;23;17;26;0;4;0;1;0
44129;1750;9;65.5;66.3;58.5;0;1;-1;2;1;0;0;1;0;0;20;890;185;87;618;2;1;66.7;2;6;3;1;1;1;0;1;6;28;3;7;11;9;0;2;10;6;6;26;17;23;0;2;0;1;0
44129;2791;9;53.04;53.9;49.6;0;0;0;0;0;0;0;0;0;0;8;344;0;0;344;0;0;0;0;3;0;0;1;0;0;0;8;31;6;8;11;10;0;3;3;3;0;26;17;23;0;0;0;0;0
44129;3363;22;58.5286;64.6;60;1;0;1;2;0;0;5;0;0;0;14;640;0;0;640;6;3;66.7;7;2;2;0;2;6;1;0;27;6;6;6;8;6;2;0;4;3;5;23;17;26;0;0;1;0;1
44129;3550;22;75.5333;66.4;87.5;0;1;1;5;2;4;0;1;0;1;30;1504;502;184;818;0;0;0;19;2;4;0;5;4;1;0;15;6;4;6;5;8;2;0;18;6;16;23;17;26;3;3;3;2;0
44129;3560;9;84.6;81;93.9;2;0;-2;4;0;2;2;2;2;0;30;1309;185;264;860;7;3;70.0;2;10;3;3;1;1;0;2;6;24;3;5;11;9;0;1;14;6;12;26;17;23;0;1;3;2;0
44131;3;11;47.45;62.2;38.6;1;0;-2;1;0;0;0;2;0;1;17;761;0;273;488;0;1;0.0;4;7;1;0;2;2;1;3;7;20;8;8;7;10;1;2;5;5;4;24;20;18;0;0;0;0;1
44131;181;18;65.7667;69.1;56.4;0;1;0;3;1;1;0;0;0;0;21;1352;567;0;785;0;0;0;5;4;3;1;7;4;1;1;22;7;5;8;5;5;4;1;7;10;11;18;20;24;1;2;2;0;0
44131;185;11;55.2714;50.1;57.7;0;0;-1;1;0;1;7;1;0;1;19;766;77;0;689;4;3;57.1;3;10;2;1;5;4;0;1;8;17;7;7;4;8;2;4;2;3;2;24;20;18;0;1;1;0;0
44131;226;11;56.3857;59;53.9;0;0;-4;6;2;2;0;0;0;0;35;1646;469;287;890;0;0;0;5;12;5;3;4;3;0;4;6;15;4;5;5;9;2;1;14;9;12;24;20;18;1;7;1;1;0
44131;264;18;63.6333;55.9;92.1;0;0;1;1;2;0;0;0;0;0;17;1124;567;0;557;2;1;66.7;2;4;3;1;1;4;1;0;25;7;5;8;11;5;4;2;9;8;10;18;20;24;0;2;0;1;0
44131;272;11;72.1;68;79.4;0;0;0;3;3;0;2;3;1;0;29;1350;454;74;822;4;2;66.7;4;8;5;2;2;2;1;1;7;19;4;6;7;10;1;4;14;8;9;24;20;18;0;5;0;0;1
44131;321;18;64.1333;65.8;54.8;1;1;0;2;0;1;0;0;0;1;19;830;14;56;760;0;2;0.0;7;1;0;2;8;2;1;1;20;10;8;7;4;7;4;1;2;5;2;18;20;24;1;1;1;0;0
44131;565;11;56.2;59.1;54.7;0;0;0;1;0;1;2;1;0;0;10;364;0;83;281;0;0;0;0;2;2;3;0;3;0;0;11;25;7;5;9;9;2;5;1;4;1;24;20;18;0;2;0;0;0
44131;582;11;61.15;57.2;65.9;0;0;0;1;0;2;0;0;1;0;13;522;0;262;260;1;4;20.0;0;2;1;3;0;3;0;0;11;25;8;5;9;9;2;5;0;4;1;24;20;18;0;2;0;1;0
44131;629;18;48.3571;48.7;46.1;0;0;0;1;0;0;0;0;0;1;11;670;201;0;469;2;2;50.0;9;4;0;4;2;1;1;1;18;7;8;5;10;8;4;1;2;4;3;18;20;24;0;0;1;0;0
44131;631;18;69.3;72.5;60.6;1;0;1;4;2;0;0;0;0;0;23;1131;484;0;647;0;0;0;8;2;4;3;2;2;1;0;19;9;4;6;10;7;4;2;8;5;6;18;20;24;0;1;2;2;1
44131;727;18;70.95;63.7;72.8;1;0;0;4;0;0;0;0;1;0;18;959;132;371;456;2;10;16.7;8;4;0;3;2;1;1;1;19;7;8;6;10;8;4;1;4;4;12;18;20;24;0;1;2;0;1
44131;749;11;57.1714;58.5;53.8;0;0;-1;0;0;0;0;1;1;0;31;1214;77;331;806;4;5;44.4;4;12;2;1;6;4;0;1;7;15;7;7;3;8;2;4;8;5;8;24;20;18;0;0;0;0;0
44131;864;18;59.8143;58.4;59.6;0;1;0;0;0;0;0;4;1;0;11;801;484;0;317;1;1;50.0;7;3;0;2;2;0;1;1;20;8;8;7;10;9;4;1;5;4;7;18;20;24;0;0;0;0;0
44131;1203;18;60.25;69.5;50.4;1;0;1;2;2;0;0;0;0;0;23;925;0;259;666;5;3;62.5;7;1;1;1;8;2;2;1;20;10;7;8;4;7;3;1;4;4;9;18;20;24;0;3;0;1;0
44131;1250;18;61.0143;54.5;73.1;0;0;1;2;2;0;0;0;0;2;15;999;484;0;515;15;9;62.5;2;4;3;1;1;4;1;0;25;7;5;8;11;5;4;2;8;7;9;18;20;24;0;2;0;1;1
44131;1306;18;58.3714;49.8;59.9;0;0;0;5;1;3;0;5;0;0;24;1353;200;128;1025;0;0;0;10;5;3;3;8;5;1;1;17;6;5;6;4;4;4;1;3;9;7;18;20;24;2;6;1;0;0
44131;1325;18;64.2;76;53;0;3;1;2;0;1;2;0;0;0;16;791;0;139;652;1;0;100.0;8;1;0;2;8;2;2;1;19;10;8;7;4;7;3;1;1;5;3;18;20;24;0;1;1;1;0
44131;1432;11;55.6;58.7;51.3;0;0;-2;0;0;1;0;0;0;0;16;778;0;262;516;5;2;71.4;3;5;1;2;1;3;1;3;8;22;8;6;8;9;1;2;2;5;2;24;20;18;0;1;0;0;0
44131;1586;18;60.9667;65;52.3;0;1;2;2;2;0;0;2;0;0;25;973;133;48;792;0;0;0;11;3;5;4;1;3;2;0;16;8;3;5;11;6;3;2;3;5;1;18;20;24;0;1;1;2;0
44131;2532;11;78.35;78.6;69.3;1;0;0;5;1;1;0;2;1;0;25;1299;454;0;845;0;0;0;4;8;4;3;2;3;1;1;7;19;5;5;7;9;1;4;13;6;8;24;20;18;1;2;3;0;1
44131;2536;11;51.85;57.8;48.6;0;0;-3;1;0;3;2;5;0;0;18;888;0;55;833;0;2;0.0;3;10;2;2;5;5;0;3;8;17;7;6;4;7;2;2;4;5;3;24;20;18;2;0;2;0;0
44131;2652;11;78;75;76.2;1;2;2;1;0;1;0;1;0;1;30;1340;469;130;741;0;0;0;3;9;3;1;3;4;2;0;8;18;6;7;6;8;0;5;15;6;6;24;20;18;1;1;0;0;0
44131;2814;18;69.9571;50.8;72.8;0;0;2;0;0;1;0;3;0;0;19;1032;0;403;629;0;0;0;7;4;2;3;2;2;2;0;20;7;6;6;10;7;3;2;6;4;10;18;20;24;1;0;0;0;0
44131;3558;11;94.1714;95;89.8;0;1;0;6;4;0;0;3;0;0;25;1231;454;0;777;14;11;56.0;4;8;4;2;2;2;1;1;7;19;5;6;7;10;1;4;13;6;8;24;20;18;0;6;2;1;1
44131;3561;18;52.6;55.9;57.1;0;0;1;4;0;0;11;1;1;0;20;813;104;0;709;2;4;33.3;11;2;4;4;1;2;1;0;16;9;4;5;11;7;4;2;3;4;1;18;20;24;0;1;1;2;0
44131;4419;11;53.4286;60.5;44;0;1;0;2;1;1;0;0;0;0;11;488;77;23;388;0;0;0;3;5;2;1;1;2;1;1;8;22;7;7;8;10;1;4;2;2;1;24;20;18;0;3;1;0;0
44131;4564;18;65.35;53.6;67.7;0;0;2;2;1;2;0;0;1;0;17;837;14;124;699;0;0;0;9;4;2;3;3;2;2;0;18;7;6;6;9;7;3;2;3;4;3;18;20;24;1;4;0;0;0
44131;4577;18;76.8143;53.4;82.7;1;0;1;3;0;4;4;1;1;1;16;1058;82;267;709;0;0;0;10;2;3;3;1;2;2;1;17;9;5;6;11;7;3;1;7;4;8;18;20;24;2;4;1;0;0
44131;4771;18;62.6667;62.1;61.4;0;0;1;0;2;0;0;0;0;0;15;807;29;112;666;0;0;0;3;5;4;1;1;5;1;0;24;6;4;8;11;4;4;2;4;5;3;18;20;24;0;1;1;0;0
44131;4772;11;50.6333;44.1;63.7;0;0;-1;0;1;1;0;1;0;2;24;1089;62;282;745;0;0;0;3;7;1;4;2;5;0;1;8;20;8;4;7;7;2;4;4;6;3;24;20;18;1;0;1;0;0
44131;4780;11;34.6;45.5;32.3;0;0;-4;0;0;1;0;1;0;1;24;1004;0;130;874;0;0;0;4;13;4;3;3;3;0;4;7;14;5;5;6;9;2;1;1;9;5;24;20;18;1;0;0;0;0
44131;4781;11;52;57.2;45.8;0;0;-1;0;0;1;2;0;0;0;21;1101;62;282;757;0;0;0;4;6;0;5;3;5;0;1;7;21;9;3;6;7;2;4;4;5;4;24;20;18;0;0;1;0;0
44131;4786;18;56.06;48.3;67.2;0;0;1;0;0;2;0;1;0;1;16;913;0;140;773;0;0;0;11;2;3;4;2;2;2;1;16;9;5;5;10;7;3;1;6;6;3;18;20;24;2;0;0;0;0
44131;5038;11;76.3714;52.4;79.9;0;1;2;2;0;2;0;0;1;0;29;1099;0;287;812;0;0;0;4;7;5;1;4;4;2;0;7;20;4;7;5;8;0;5;10;5;7;24;20;18;0;2;1;0;1
44131;5269;11;50.42;52;47.1;0;0;0;0;0;0;2;0;0;0;7;334;0;32;302;0;0;0;0;4;1;3;0;3;0;0;11;23;8;5;9;9;2;5;0;3;1;24;20;18;0;0;0;0;0
44133;15;3;74.2;65;77.6;0;1;2;4;2;4;0;1;0;0;27;1346;0;255;1091;0;0;0;12;8;5;4;8;3;2;0;24;6;5;5;13;6;3;0;11;7;8;30;16;22;3;4;1;1;1
44133;26;3;58;60;53.7;0;0;0;4;0;0;0;0;1;0;11;413;0;0;413;1;1;50.0;10;1;1;2;3;0;0;0;26;13;9;7;18;9;5;0;1;2;3;30;16;22;0;2;1;1;0
44133;96;3;79.12;83.2;60.8;2;0;2;3;1;0;0;2;0;0;29;1173;213;0;960;3;1;75.0;14;7;5;3;6;3;2;0;22;7;5;6;15;6;3;0;13;6;6;30;16;22;0;1;0;2;1
44133;149;3;63.3286;58.5;69.8;0;1;1;0;0;0;0;0;0;0;17;877;213;0;664;8;6;57.1;4;3;1;2;2;4;1;0;32;11;9;7;19;5;4;0;12;3;6;30;16;22;0;0;0;0;0
44133;156;3;53.6;56.6;52.6;0;1;1;2;0;1;2;1;0;2;13;745;0;65;680;0;1;0.0;4;3;1;2;2;5;1;0;32;11;9;7;19;4;4;0;6;2;7;30;16;22;1;1;0;1;0
44133;171;3;63.5286;63.4;63.1;1;0;3;5;1;1;0;3;0;0;21;1149;51;46;1052;0;0;0;16;4;4;3;4;3;3;0;20;10;6;6;17;6;2;0;10;7;8;30;16;22;1;3;2;1;0
44133;257;3;80.7;78.4;80.8;0;2;2;3;2;2;0;1;0;0;26;1259;213;100;946;0;0;0;10;8;5;4;7;1;2;0;26;6;5;5;14;8;3;0;12;7;5;30;16;22;1;2;4;0;0
44133;335;3;55.85;61.8;49.1;0;0;0;1;0;0;0;0;0;0;15;531;0;110;421;0;0;0;10;1;1;2;3;0;0;0;26;13;9;7;18;9;5;0;1;3;5;30;16;22;0;1;0;0;0
44133;341;3;56.5875;53.1;54.2;0;0;0;0;0;0;0;1;0;0;14;542;0;171;371;2;2;50.0;7;1;0;2;3;0;0;0;29;13;10;7;18;9;5;0;2;1;3;30;16;22;0;0;0;0;0
44133;365;3;85.4;95;70.5;0;3;3;3;1;0;0;1;1;0;29;1207;264;0;943;1;0;100.0;13;7;5;3;6;3;3;0;23;7;5;6;15;6;2;0;12;7;5;30;16;22;0;4;0;0;0
44133;483;0;52.4333;51.6;56;0;0;-2;1;0;3;0;1;0;1;20;1070;64;54;952;2;12;14.3;3;9;6;5;4;4;0;2;11;27;3;5;5;17;0;3;6;2;7;22;16;30;2;1;1;0;0
44133;505;3;72.9429;51.1;76;1;0;3;2;0;1;0;1;0;1;25;1372;51;255;1066;0;0;0;16;4;4;3;4;4;3;0;20;10;6;6;17;5;2;0;15;6;10;30;16;22;0;1;2;0;0
44133;521;3;65.5667;63.5;67.9;1;0;1;2;0;3;0;0;1;0;18;874;0;171;703;1;1;50.0;7;3;2;2;2;4;1;0;29;11;8;7;19;5;4;0;7;4;6;30;16;22;2;1;0;2;0
44133;625;0;53.2;51.9;54.5;0;0;-1;1;1;1;0;1;0;0;13;741;0;0;741;1;0;100.0;4;14;2;2;2;6;0;1;10;22;7;8;7;15;0;4;6;6;7;22;16;30;0;2;0;1;0
44133;642;0;62.7875;75.5;51;0;3;-2;3;0;1;2;2;0;0;23;1080;337;71;672;2;0;100.0;3;8;1;2;0;5;0;2;11;28;8;8;9;16;0;3;6;7;10;22;16;30;1;2;0;1;0
44133;652;0;54.5;53.2;56.5;0;0;0;1;0;0;0;2;0;0;8;481;0;0;481;0;0;0;4;3;0;1;2;6;0;0;10;33;9;9;7;15;0;5;3;1;0;22;16;30;0;0;1;0;0
44133;764;0;43.6714;52.8;36.3;1;0;-3;3;0;0;0;0;0;1;34;1538;326;150;1062;0;0;0;2;15;1;4;2;7;0;3;12;21;8;6;7;14;0;2;11;7;13;22;16;30;0;2;1;0;0
44133;778;3;73.5143;51.1;79;0;0;0;1;0;1;4;0;1;0;23;1052;51;46;955;0;0;0;10;2;1;2;10;5;0;0;26;12;9;7;11;4;5;0;4;3;7;30;16;22;0;1;1;0;0
44133;798;0;57.9333;58.7;57.9;0;0;-1;0;1;0;2;1;1;0;18;1014;64;71;879;0;0;0;3;5;6;4;4;4;0;1;11;31;3;6;5;17;0;4;6;0;8;22;16;30;0;1;0;0;0
44133;799;0;44.6429;53.9;41.7;0;0;-2;3;1;1;0;2;0;0;21;1181;0;114;1067;0;0;0;8;12;4;3;4;9;0;2;6;24;5;7;5;12;0;3;8;6;10;22;16;30;1;3;1;0;0
44133;931;0;52.6571;55.2;44.9;0;0;-1;0;0;3;0;0;0;0;12;736;0;0;736;9;8;52.9;4;14;2;2;2;6;0;1;10;22;7;8;7;15;0;4;6;5;7;22;16;30;0;2;1;0;0
44133;1152;3;56.9;60.1;52.7;1;0;1;2;0;1;2;0;0;0;25;897;0;21;876;1;0;100.0;7;3;3;2;10;2;1;0;29;11;7;7;11;7;4;0;4;5;4;30;16;22;0;2;0;1;0
44133;1227;3;74.8875;69.4;73.7;0;1;1;2;1;0;2;2;2;1;27;943;0;99;844;8;2;80.0;7;3;3;2;10;1;1;0;29;11;7;7;11;8;4;0;8;3;4;30;16;22;0;0;0;3;0
44133;1268;3;85.4714;94.3;64.8;1;3;3;1;1;1;2;0;0;0;29;1207;264;0;943;11;10;52.4;13;7;5;3;6;3;3;0;23;7;5;6;15;6;2;0;12;7;5;30;16;22;1;1;1;0;0
44133;1311;0;58.2167;55.2;57.1;0;0;0;0;1;2;0;0;1;0;17;881;75;0;806;0;0;0;4;9;4;3;3;5;0;0;10;27;5;7;6;16;0;5;3;3;7;22;16;30;2;0;0;0;1
44133;1340;0;72.4571;79.6;54.6;0;2;-2;1;3;1;0;2;0;0;26;1150;337;130;683;11;11;50.0;3;9;1;2;0;5;0;2;11;27;8;8;9;16;0;3;7;6;13;22;16;30;0;1;2;2;0
44133;1485;3;58;58.8;57.2;0;0;1;2;2;0;0;0;0;1;30;1051;0;165;886;3;5;37.5;9;3;3;2;10;1;1;0;27;11;7;7;11;8;4;0;10;3;7;30;16;22;0;0;1;3;0
44133;1533;0;47.36;50.4;39.8;0;0;-2;1;2;1;0;0;1;1;23;1253;75;114;1064;0;0;0;8;11;4;3;5;9;0;2;6;25;5;7;4;12;0;3;9;4;10;22;16;30;1;3;0;0;0
44133;2462;0;51.8333;57.5;38.7;0;0;-3;1;3;0;0;1;0;0;34;1538;326;150;1062;0;0;0;2;15;1;4;2;7;0;3;12;21;8;6;7;14;0;2;11;7;13;22;16;30;0;1;1;2;0
44133;2635;0;57.5857;51.4;56.4;0;0;0;1;0;2;0;2;0;0;10;564;0;0;564;2;2;50.0;4;6;0;1;2;6;0;0;10;30;9;9;7;15;0;5;4;2;3;22;16;30;0;2;1;0;0
44133;2656;0;55.5;54.1;56.2;0;0;-2;2;1;1;2;2;0;1;19;1058;64;42;952;0;1;0.0;3;9;6;5;4;4;0;2;11;27;3;5;5;17;0;3;6;2;7;22;16;30;1;3;0;0;0
44133;2768;0;56.14;55.6;55.8;0;0;0;2;0;3;0;0;0;0;13;636;0;21;615;2;1;66.7;4;7;0;2;3;6;0;0;10;29;9;8;6;15;0;5;3;4;1;22;16;30;1;3;1;0;0
44133;2797;3;58.1833;56.5;63;0;0;0;3;0;1;0;0;0;1;23;892;0;100;792;0;0;0;8;2;1;2;9;3;0;0;28;12;9;7;12;6;5;0;3;2;6;30;16;22;1;0;3;0;0
44133;3433;0;47.8571;52.8;42.6;0;0;-1;0;0;1;2;1;0;0;14;792;0;9;783;0;0;0;4;14;2;2;3;6;0;1;10;22;7;8;6;15;0;4;6;6;7;22;16;30;1;0;0;0;0
44133;3555;0;78.9667;75.6;81.2;2;0;-2;6;1;4;2;1;4;0;25;1145;337;130;678;0;4;0.0;3;7;1;2;1;5;0;2;11;29;8;8;8;16;0;3;6;6;11;22;16;30;2;5;3;1;0
44133;4344;0;54.6333;49.8;55.6;0;0;0;0;0;0;0;0;0;0;16;809;0;0;809;0;0;0;4;10;4;3;2;5;0;0;10;26;5;7;7;16;0;5;2;5;7;22;16;30;0;0;0;0;0
44135;19;8;67.8143;54;67.9;0;0;0;0;0;0;0;3;1;0;11;567;0;161;406;2;5;28.6;2;2;2;1;1;1;0;0;20;17;9;8;6;3;4;2;6;1;1;32;18;21;0;0;0;0;0
44135;88;12;72.9875;54.5;82;0;0;0;0;0;0;6;1;0;0;34;1025;157;58;810;6;7;46.2;0;8;0;3;0;3;0;0;19;14;9;8;4;4;2;4;1;5;10;21;18;32;0;0;0;0;0
44135;131;12;51.675;54.9;48.3;0;0;-2;0;3;0;0;0;1;0;16;675;0;0;675;0;0;0;8;6;4;3;1;1;0;2;11;16;5;8;3;6;2;2;4;4;3;21;18;32;0;0;1;2;0
44135;137;12;64.6429;45;67.8;0;0;-1;0;1;0;0;1;1;1;21;976;0;88;888;0;0;0;5;7;4;5;3;2;0;1;14;15;5;6;1;5;2;3;2;5;8;21;18;32;0;1;0;0;0
44135;297;8;61.64;64;47.7;1;0;2;3;1;0;0;1;0;1;17;942;79;57;806;8;5;61.5;9;5;4;3;0;0;2;0;13;14;7;6;7;4;2;2;5;7;2;32;18;21;0;3;0;0;1
44135;421;8;61.35;71.1;48.6;0;1;0;1;1;1;0;1;0;0;17;763;0;0;763;1;0;100.0;5;7;4;1;5;3;1;1;17;12;7;8;2;1;3;1;6;5;7;32;18;21;1;0;1;1;0
44135;444;8;60.96;62.6;53.4;1;0;2;2;0;0;0;2;0;0;16;801;89;5;707;2;3;40.0;8;6;3;2;0;0;3;1;14;13;8;7;7;4;1;1;4;9;5;32;18;21;0;0;1;1;0
44135;541;12;71.3833;53;74.7;0;0;0;2;3;2;0;1;0;0;42;1433;268;184;981;0;0;0;8;8;3;5;1;3;1;1;11;14;6;6;3;4;1;3;15;6;15;21;18;32;1;4;1;1;0
44135;556;8;52.0625;56;47.3;1;0;2;1;0;0;0;0;0;1;14;697;0;0;697;0;0;0;7;6;3;2;0;0;2;0;15;13;8;7;7;4;2;2;4;6;3;32;18;21;0;1;0;0;0
44135;708;8;77.4;62.1;82.1;1;0;1;2;1;0;12;2;0;0;25;834;201;52;581;5;11;31.3;4;3;1;4;1;0;1;0;18;16;10;5;6;4;3;2;10;3;5;32;18;21;0;2;0;1;0
44135;728;12;62.6;80.5;51.7;1;1;0;4;1;0;2;3;0;0;38;1235;308;156;771;0;0;0;8;5;5;4;2;3;2;2;11;17;4;7;2;4;0;2;11;5;15;21;18;32;0;2;0;1;2
44135;770;12;58.12;57.4;55.7;0;0;-1;0;0;2;0;0;0;0;23;1063;0;88;975;0;0;0;5;7;4;5;3;2;0;1;14;15;5;6;1;5;2;3;2;7;8;21;18;32;1;1;0;0;0
44135;1034;12;45.7714;57;43.2;0;0;-2;6;1;0;0;0;2;0;16;658;0;30;628;1;0;100.0;8;5;4;2;1;1;0;2;11;17;5;9;3;6;2;2;5;3;3;21;18;32;0;1;2;2;2
44135;1035;12;69.1857;55.6;71.1;0;1;0;0;0;1;0;0;0;0;42;1433;268;184;981;0;0;0;8;8;3;5;1;3;1;1;11;14;6;6;3;4;1;3;15;6;15;21;18;32;0;1;0;0;0
44135;1073;8;80.1286;48.3;85.9;0;1;1;0;0;2;2;1;1;1;20;1004;34;166;804;0;0;0;8;3;2;2;0;1;1;0;14;16;9;7;7;3;3;2;7;5;4;32;18;21;1;0;1;0;0
44135;1080;8;65.6857;52.1;65.5;0;1;1;1;0;1;0;3;0;0;33;1366;237;199;930;0;0;0;9;7;5;1;2;2;2;1;13;12;6;8;5;2;2;1;15;7;13;32;18;21;1;1;0;0;0
44135;1090;12;69.5571;71.7;67;1;2;0;4;1;1;2;1;1;1;40;1263;308;184;771;13;17;43.3;8;5;5;4;2;3;2;2;11;17;4;7;2;4;0;2;12;5;14;21;18;32;0;4;1;0;1
44135;1097;8;64.4143;49.1;64.4;0;1;0;1;1;1;0;0;0;1;26;1360;34;196;1130;0;0;0;5;9;4;6;5;1;1;1;17;10;7;3;2;3;3;1;11;6;3;32;18;21;1;2;0;0;0
44135;1112;8;67.2;65.5;71;0;3;1;2;2;0;0;1;0;2;31;1146;281;171;694;2;1;66.7;6;3;1;4;1;0;1;0;16;16;10;5;6;4;3;2;12;3;10;32;18;21;0;4;0;0;0
44135;1120;12;54.525;51.4;56.4;0;0;0;0;0;0;0;0;0;0;6;331;0;0;331;0;0;0;2;3;0;1;1;0;0;0;17;19;9;10;3;7;2;4;3;1;3;21;18;32;0;0;0;0;0
44135;1155;8;63.5286;64.1;64.6;0;1;1;2;0;0;2;2;0;0;30;1017;201;152;664;3;3;50.0;7;2;1;4;1;0;1;0;15;17;10;5;6;4;3;2;12;3;10;32;18;21;0;1;0;1;0
44135;1187;8;67.2714;63;68.2;1;0;1;3;3;2;2;2;1;0;30;1327;243;189;895;0;0;0;9;7;5;1;2;2;2;1;13;12;6;8;5;2;2;1;13;7;13;32;18;21;2;3;2;1;0
44135;1297;12;62.94;64.6;54.8;0;0;0;0;0;1;0;1;0;0;32;1050;138;30;882;2;1;66.7;1;8;0;3;0;3;0;0;18;14;9;8;4;4;2;4;2;5;11;21;18;32;0;1;0;0;0
44135;1457;8;63.1571;58.7;62.5;0;1;-1;0;0;1;0;0;1;0;20;902;79;109;714;7;10;41.2;3;7;4;1;5;3;0;1;19;12;7;8;2;1;4;1;9;4;7;32;18;21;1;0;0;0;0
44135;2240;8;55.4;53.1;56.6;0;0;1;4;2;0;2;1;1;0;13;784;0;62;722;0;0;0;8;3;2;2;0;1;1;0;14;16;9;7;7;3;3;2;5;4;4;32;18;21;0;3;2;1;0
44135;2285;8;60.08;59.1;52.5;0;1;0;1;0;0;0;0;0;0;11;672;79;0;593;0;1;0.0;3;2;3;2;1;1;0;0;19;17;8;7;6;3;4;2;6;3;1;32;18;21;0;1;0;0;0
44135;2402;12;57.8429;55.4;58.8;0;0;-1;0;0;2;0;1;0;0;33;1191;178;88;925;0;0;0;6;7;2;1;0;2;1;2;13;15;7;10;4;5;1;2;4;7;9;21;18;32;0;1;1;0;0
44135;2450;12;64.34;61.5;61.7;0;0;0;3;0;0;0;3;0;0;20;689;0;137;552;8;2;80.0;3;3;0;1;1;0;0;0;16;19;9;10;3;7;2;4;3;4;5;21;18;32;0;2;0;1;0
44135;2468;12;52.6;53.7;46.8;0;0;-2;1;0;0;0;0;0;1;17;777;0;0;777;9;3;75.0;8;6;4;3;1;1;0;2;11;16;5;8;3;6;2;2;4;5;3;21;18;32;0;0;0;1;0
44135;2638;8;57.3625;53.3;59.8;0;0;0;1;0;0;0;1;0;0;10;541;0;0;541;0;2;0.0;4;2;3;2;1;1;0;0;18;17;8;7;6;3;4;2;5;2;2;32;18;21;0;0;0;1;0
44135;2645;8;40.3;53.2;36.4;1;0;-1;1;1;0;0;0;0;2;23;1164;80;185;899;0;0;0;5;9;4;1;5;3;1;2;17;10;7;8;2;1;3;0;9;7;7;32;18;21;0;1;0;1;0
44135;2690;12;50.5286;50.4;50.2;0;0;0;0;0;1;0;1;0;0;28;897;138;0;759;0;0;0;0;7;0;3;0;3;0;0;19;15;9;8;4;4;2;4;1;5;9;21;18;32;1;0;0;0;0
44135;2746;12;63.8;63.4;63.7;0;1;-1;2;0;0;0;0;0;0;32;1104;178;88;838;0;0;0;6;7;2;1;0;2;1;2;13;15;7;10;4;5;1;2;4;5;9;21;18;32;0;0;1;1;0
44135;3393;12;53.85;58.5;48.6;1;0;-1;1;3;0;0;0;0;2;36;1050;268;101;681;2;0;100.0;6;5;5;4;2;3;1;2;13;17;4;7;2;4;1;2;8;6;8;21;18;32;0;2;0;2;0
44135;3425;12;55.75;57.8;49.4;0;0;0;1;1;0;2;2;0;0;11;576;21;24;531;0;0;0;2;4;0;2;1;0;0;0;17;18;9;9;3;7;2;4;4;4;4;21;18;32;0;2;0;0;0
44135;3551;8;81.5;61;81.3;1;1;0;3;2;4;2;1;0;0;26;1453;163;80;1210;0;0;0;7;9;4;6;5;1;1;1;15;10;7;3;2;3;3;1;13;6;4;32;18;21;3;3;2;1;0
44137;10;23;73.8667;77.6;68.2;0;1;0;2;2;1;2;1;1;0;28;1205;279;376;550;0;0;0;5;1;5;0;6;2;0;0;18;18;8;2;12;11;2;5;15;3;13;28;27;29;1;3;0;1;0
44137;38;23;59.1714;81.5;54.4;2;1;2;5;3;1;0;0;0;0;23;1103;66;289;748;0;1;0.0;9;3;4;1;8;4;1;0;14;16;9;1;10;9;1;5;7;8;9;28;27;29;0;3;3;1;2
44137;46;23;78.9286;83.9;68.6;1;1;2;3;0;1;12;0;0;0;19;947;54;145;748;13;8;61.9;9;3;4;1;8;4;1;0;14;16;9;1;10;9;1;5;7;8;7;28;27;29;0;3;1;0;0
44137;104;23;62.8;69.2;52.4;0;1;1;4;2;1;0;0;0;0;19;866;66;44;756;0;0;0;9;3;4;1;9;3;1;0;14;16;9;1;9;10;1;5;5;6;7;28;27;29;0;4;2;1;0
44137;142;23;56.7429;52.2;61.2;0;0;0;2;0;3;2;0;0;0;34;1478;336;358;784;0;0;0;12;4;6;0;8;5;1;1;11;15;7;2;10;8;1;4;16;7;19;28;27;29;3;2;0;0;0
44137;182;280;62.4;43.7;69.6;1;0;3;2;0;0;0;1;0;2;24;1058;49;158;851;0;0;0;9;7;0;6;3;8;3;0;10;16;2;7;10;10;2;2;4;10;8;29;27;28;0;1;0;0;1
44137;232;280;54.6;54;54;0;1;2;1;0;1;0;1;0;1;17;728;0;236;492;2;5;28.6;4;4;0;4;1;4;2;0;15;19;2;9;12;14;3;2;4;8;8;29;27;28;1;0;1;0;0
44137;361;280;57.05;46.2;96.5;0;0;-2;0;0;0;2;0;1;1;18;1219;704;0;515;0;0;0;1;2;1;2;3;4;0;1;18;21;1;11;10;14;5;1;14;6;11;29;27;28;0;0;0;0;0
44137;382;280;65.8333;58.7;78.6;0;0;1;1;0;1;0;3;3;0;15;912;72;0;840;1;1;50.0;7;10;0;5;4;7;2;1;12;13;2;8;9;11;3;1;7;4;3;29;27;28;0;1;1;0;0
44137;383;280;72.1714;72.9;62.8;0;1;-1;2;0;0;0;4;0;0;20;1348;681;0;667;3;3;50.0;5;5;1;2;6;4;1;1;14;18;1;11;7;14;4;1;14;11;11;29;27;28;0;0;2;0;0
44137;524;280;49.3;56.2;44.2;1;0;0;1;0;0;0;0;0;0;11;478;0;43;435;5;1;83.3;4;1;0;1;3;3;1;1;15;22;2;12;10;15;4;1;4;3;2;29;27;28;0;0;0;0;1
44137;571;23;83.0167;82.6;70.7;0;3;0;5;4;1;0;4;1;0;34;1483;282;448;753;0;0;0;11;4;5;0;8;5;1;1;12;15;8;2;10;8;1;4;16;5;19;28;27;29;0;8;2;0;0
44137;609;280;54.1857;55.3;50;0;0;0;0;0;0;0;0;0;0;15;709;72;0;637;3;5;37.5;4;10;1;3;2;7;0;0;15;13;1;10;11;11;5;2;3;5;6;29;27;28;0;0;0;0;0
44137;942;280;55.2125;63.3;50.2;1;0;0;2;1;1;2;2;1;1;20;920;0;142;778;0;3;0.0;7;6;1;2;6;4;1;1;12;17;1;11;7;14;4;1;5;9;7;29;27;28;0;0;3;1;0
44137;1006;23;55.9875;57.3;55.2;0;0;0;0;1;0;0;1;0;1;18;627;0;0;627;0;0;0;4;4;3;1;2;3;0;0;19;15;10;1;16;10;2;5;3;4;4;28;27;29;0;1;0;0;0
44137;1060;23;56.5;54.8;60;0;0;0;3;0;0;2;0;1;1;16;629;0;44;585;0;0;0;4;4;4;0;3;1;0;0;19;15;9;2;15;12;2;5;4;3;3;28;27;29;0;1;2;0;0
44137;1077;280;45.8;48.8;46;0;0;-1;2;0;0;2;1;0;0;20;819;0;140;679;0;0;0;4;3;2;1;5;3;0;1;15;20;0;12;8;15;5;1;6;4;1;29;27;28;0;0;1;0;1
44137;1163;280;62.9333;51.5;65.1;0;0;1;1;0;4;0;0;2;0;23;1128;0;158;970;0;0;0;8;14;0;6;5;8;2;1;11;9;2;7;8;10;3;1;10;9;15;29;27;28;2;1;2;0;0
44137;1282;280;53.5333;54.9;50.8;1;0;2;1;0;2;0;1;0;1;15;518;0;125;393;0;3;0.0;6;4;0;3;2;3;2;0;13;19;2;10;11;15;3;2;5;2;4;29;27;28;0;0;1;2;0
44137;1338;280;79.1143;57.1;97.2;0;1;-2;2;0;1;2;1;1;0;25;1449;704;106;639;0;0;0;2;4;2;1;5;2;0;1;17;19;0;12;8;16;5;1;15;9;10;29;27;28;1;0;0;1;1
44137;1447;280;61.5571;46.1;69.3;0;0;0;0;0;5;0;0;0;1;17;890;49;140;701;0;0;0;5;11;0;3;5;7;1;1;14;12;2;10;8;11;4;1;8;5;6;29;27;28;3;1;1;0;0
44137;2471;280;61.86;61.5;50.8;0;1;0;3;0;1;0;0;0;0;18;815;72;94;649;0;0;0;5;10;0;4;4;5;0;0;14;13;2;9;9;13;5;2;3;6;4;29;27;28;1;2;0;1;0
44137;2491;280;61.8286;57.8;62.5;0;3;3;1;0;3;0;1;0;0;18;1034;0;106;928;0;0;0;7;7;0;8;2;7;3;0;12;16;2;5;11;11;2;2;4;12;8;29;27;28;2;1;1;0;0
44137;2661;23;76.6;79.6;68.4;2;1;0;6;1;1;0;1;0;0;20;839;279;89;471;1;0;100.0;2;1;3;1;4;4;0;0;21;18;10;1;14;9;2;5;11;3;5;28;27;29;1;4;2;1;0
44137;2786;280;68.7;74.5;63.3;0;2;2;2;0;2;0;1;0;0;18;895;0;43;852;5;6;45.5;11;6;1;4;6;4;3;1;8;17;1;9;7;14;2;1;4;8;3;29;27;28;2;2;0;0;0
44137;3559;23;91.3429;100;80.4;2;2;0;7;3;0;2;1;1;0;27;1193;279;344;570;18;11;62.1;6;1;5;0;7;2;0;0;17;18;8;2;11;11;2;5;14;2;13;28;27;29;0;3;2;4;1
44137;4335;23;50.2333;61.4;28.2;0;1;-4;1;0;1;2;0;0;0;11;612;59;0;553;0;0;0;6;11;1;0;2;4;1;5;17;8;12;2;16;9;1;0;2;12;2;28;27;29;0;2;0;0;0
44137;4600;23;41.725;55.1;31.3;1;0;-4;2;0;1;0;0;0;1;13;626;113;0;513;1;0;100.0;4;11;1;0;1;4;1;5;19;8;12;2;17;9;1;0;2;13;2;28;27;29;0;1;2;0;0
44137;4615;23;53.0833;52.1;52.8;0;0;1;3;0;0;0;0;0;0;26;1178;68;254;856;0;0;0;10;4;3;1;7;4;1;1;13;15;10;1;11;9;1;4;9;9;8;28;27;29;0;2;0;1;0
44137;4794;23;58.2167;51.3;60.2;0;1;1;1;1;3;2;2;1;1;27;1264;68;302;894;0;0;0;9;6;3;1;7;4;1;1;14;13;10;1;11;9;1;4;7;10;7;28;27;29;2;1;1;1;0
44137;4997;23;68.2714;68.9;61.8;0;1;0;1;2;1;0;0;0;0;22;863;71;175;617;9;10;47.4;5;4;3;1;3;3;0;0;18;15;10;1;15;10;2;5;4;6;9;28;27;29;1;2;1;0;0
44137;5002;280;80.32;74.3;91.4;1;1;1;3;4;2;0;2;0;0;27;1510;681;118;711;17;21;44.7;4;6;1;6;2;6;2;0;15;17;1;7;11;12;3;2;16;12;14;29;27;28;0;4;4;1;0
44137;5032;23;37.9857;46.6;34.1;0;0;-3;0;1;1;0;2;0;0;21;985;0;144;841;0;0;0;3;9;5;1;3;5;0;3;20;10;8;1;15;8;2;2;5;11;5;28;27;29;1;0;1;0;0
44137;5059;23;48.44;54.5;26.2;0;0;-4;2;0;0;0;0;0;0;11;513;0;0;513;6;6;50.0;4;11;1;0;1;4;1;5;19;8;12;2;17;9;1;0;2;11;0;28;27;29;0;1;1;0;0
44137;5254;280;74.2167;74.7;68.8;1;1;1;2;0;0;4;6;0;0;18;1193;681;0;512;0;0;0;4;5;0;4;1;4;2;0;15;18;2;9;12;14;3;2;13;10;12;29;27;28;0;1;0;1;0
44137;5296;23;49.3571;50.7;46.8;0;0;-3;0;0;1;0;0;0;0;19;836;0;0;836;0;0;0;3;11;5;1;3;4;0;3;20;8;8;1;15;9;2;2;3;11;2;28;27;29;1;0;0;0;0
44139;54;10;62.5857;59.3;64;0;0;0;6;0;0;0;0;0;1;21;1022;26;97;899;0;0;0;14;4;4;0;6;3;1;1;28;3;9;4;8;1;5;0;7;7;5;27;23;20;0;3;2;1;0
44139;244;21;46.5;45;49.4;0;0;-1;0;1;0;2;2;0;1;18;769;192;0;577;0;1;0.0;1;9;0;3;0;2;0;1;6;33;4;10;4;12;1;5;6;3;3;20;23;27;0;0;0;1;0
44139;305;10;64.8667;69.4;55.8;1;0;2;3;1;0;0;0;1;0;16;703;0;26;677;0;0;0;13;1;3;1;4;0;2;0;29;6;10;3;10;4;4;1;6;5;4;27;23;20;0;1;2;1;0
44139;430;10;62.4;72.4;51.8;0;1;1;2;1;1;0;1;0;0;23;1153;19;220;914;0;1;0.0;14;2;6;1;4;3;1;0;28;5;7;3;10;1;5;1;9;8;9;27;23;20;1;2;1;0;0
44139;462;10;57.525;69.6;49.8;1;1;2;1;0;0;0;0;0;0;12;644;86;154;404;0;1;0.0;5;1;2;0;3;0;2;0;37;6;11;4;11;4;4;1;4;5;2;27;23;20;0;0;0;0;1
44139;699;10;53.55;58.1;49.8;0;1;0;1;1;0;2;0;0;1;23;1043;45;125;873;2;2;50.0;11;4;2;1;3;1;1;1;31;3;11;3;11;3;5;0;4;6;4;27;23;20;0;1;0;0;1
44139;818;10;58.2143;60.3;55.1;0;0;2;2;0;0;0;0;0;0;15;669;19;0;650;6;9;40.0;12;2;3;0;4;0;2;0;30;5;10;4;10;4;4;1;5;7;4;27;23;20;0;0;0;2;0
44139;874;10;73.3143;61;82.2;0;1;4;4;3;0;0;0;1;0;22;1032;0;72;960;0;0;0;15;1;7;1;3;1;4;0;27;6;6;3;11;3;2;1;5;10;4;27;23;20;0;4;3;0;0
44139;959;10;66.8667;57.8;52.2;0;0;1;1;1;0;2;2;0;0;17;889;0;0;889;0;0;0;14;2;6;1;4;3;1;0;28;5;7;3;10;1;5;1;7;8;6;27;23;20;0;1;0;0;1
44139;1105;21;55.2;52.1;55.6;0;1;-2;1;0;1;0;5;0;0;24;1205;54;102;1049;0;0;0;1;14;1;5;2;5;0;2;6;28;3;8;2;9;1;4;10;5;11;20;23;27;1;1;0;0;0
44139;1132;10;96.7571;99.8;76.6;3;1;1;6;2;3;0;0;1;0;27;1273;348;33;892;12;7;63.2;11;4;3;2;4;1;2;1;31;3;10;2;10;3;4;0;10;6;5;27;23;20;1;5;1;3;1
44139;1233;10;76.4;81.8;62.9;2;1;0;6;1;1;2;0;0;0;21;1217;348;0;869;9;9;50.0;14;3;6;1;3;3;1;1;28;4;7;3;11;1;5;0;13;5;9;27;23;20;1;1;2;3;1
44139;1305;10;67.6571;64.6;68.9;0;1;2;6;1;0;0;1;0;0;20;1111;322;26;763;0;0;0;13;0;4;1;4;1;2;0;29;7;9;3;10;3;4;1;10;7;7;27;23;20;0;4;2;0;1
44139;1323;10;75.1857;55.1;74.1;0;0;1;2;1;1;5;3;0;0;29;1390;19;287;1084;0;0;0;12;3;3;3;4;0;1;0;30;4;10;1;10;4;5;1;10;9;8;27;23;20;0;3;1;0;0
44139;1491;10;73.5429;85.9;58.7;0;2;2;2;1;0;12;0;0;0;21;965;236;0;729;1;0;100.0;9;1;3;1;3;1;2;0;33;6;10;3;11;3;4;1;7;5;5;27;23;20;0;1;0;2;0
44139;1579;10;63.3167;59.6;60.7;1;0;1;2;2;2;0;2;1;0;24;1206;26;258;922;0;0;0;15;4;5;0;6;3;2;1;27;3;8;4;8;1;4;0;9;7;9;27;23;20;1;0;4;1;0
44139;2458;21;54.6571;48;69.2;1;0;0;1;0;1;0;1;0;2;24;1005;269;105;631;7;8;46.7;3;10;1;3;0;2;1;1;4;32;3;10;4;12;0;5;9;3;5;20;23;27;0;0;0;2;0
44139;2461;21;65.0286;60.2;72.4;0;1;1;1;0;0;2;0;0;2;23;1094;230;212;652;0;2;0.0;2;7;1;1;3;1;1;0;5;35;3;12;1;13;0;6;10;3;10;20;23;27;0;0;1;0;0
44139;2627;10;61.6333;65.3;53.1;0;1;2;3;1;0;0;0;0;0;15;637;19;26;592;0;1;0.0;11;1;3;0;4;0;2;0;31;6;10;4;10;4;4;1;4;5;3;27;23;20;0;3;1;0;0
44139;3009;21;65;57.6;75.3;0;0;-2;0;0;4;0;1;1;0;26;1234;16;176;1042;0;0;0;1;13;2;5;2;5;0;2;6;29;2;8;2;9;1;4;9;5;12;20;23;27;2;1;1;0;0
44139;3541;10;93.9;99.1;69.1;1;3;2;9;4;0;5;1;0;0;32;1420;322;80;1018;0;0;0;15;2;3;3;5;0;2;0;27;5;10;1;9;4;4;1;13;6;7;27;23;20;0;9;1;3;0
44139;4340;21;80.9667;51.2;81.4;0;0;0;1;0;2;0;3;1;0;29;1475;322;190;963;0;0;0;4;16;3;3;0;3;1;1;3;26;1;10;4;11;0;5;6;6;13;20;23;27;2;0;0;1;0
44139;4372;10;59;59.8;55.2;0;0;1;0;1;0;2;3;1;0;10;485;0;85;400;0;1;0.0;5;0;1;1;2;0;1;0;37;7;12;3;12;4;5;1;3;4;2;27;23;20;0;1;0;0;0
44139;4374;10;60;60.5;54.8;0;1;1;0;0;0;0;0;0;0;11;554;0;151;403;3;6;33.3;4;0;1;1;4;0;1;0;38;7;12;3;10;4;5;1;3;5;2;27;23;20;0;0;0;0;0
44139;4375;21;56.4429;54.7;53.8;0;0;-2;1;0;0;0;1;1;0;17;846;0;102;744;5;10;33.3;3;11;0;8;0;1;0;2;4;31;4;5;4;13;1;4;2;7;6;20;23;27;0;0;1;0;0
44139;4806;21;71.2667;67.9;68.1;1;0;0;1;1;1;0;3;1;0;23;960;125;160;675;15;3;83.3;0;7;1;1;3;2;0;0;7;35;3;12;1;12;1;6;6;5;9;20;23;27;1;1;1;0;0
44139;4853;21;57.8;55.2;58.6;0;0;0;0;0;0;0;1;1;0;16;792;180;0;612;0;0;0;0;7;0;2;3;2;0;0;7;35;4;11;1;12;1;6;5;5;3;20;23;27;0;0;0;0;0
44139;4991;21;64.25;63.2;59.9;0;1;-1;2;1;1;0;2;1;0;25;1231;180;142;909;0;1;0.0;5;14;1;9;0;2;1;2;2;28;3;4;4;12;0;4;4;9;8;20;23;27;0;2;2;0;0
44139;4994;21;48.9333;55.9;33.8;0;0;-2;1;0;0;0;0;0;0;16;766;16;0;750;0;0;0;3;11;0;9;0;1;0;2;4;31;4;4;4;13;1;4;1;7;4;20;23;27;0;1;0;0;0
44139;5004;21;45.0667;46.1;38.1;0;0;-3;0;1;0;0;1;0;1;12;736;0;0;736;0;0;0;1;13;2;0;1;9;0;3;6;29;2;13;3;5;1;3;3;8;7;20;23;27;0;0;1;0;0
44139;5045;21;56.2;45.1;57.7;0;0;-3;1;0;6;0;1;0;1;24;1240;217;139;884;0;0;0;2;15;1;5;2;6;0;3;5;27;3;8;2;8;1;3;7;12;8;20;23;27;3;1;3;0;0
44139;5056;21;52.15;54.1;44.8;0;0;-3;0;1;1;0;2;0;0;13;783;0;13;770;0;0;0;1;14;2;0;1;9;0;3;6;28;2;13;3;5;1;3;3;8;7;20;23;27;0;1;1;0;0
44139;5249;21;46.4286;51.8;34.4;0;0;-3;0;0;0;0;1;0;0;12;736;0;0;736;10;8;55.6;1;13;2;0;1;9;0;3;6;29;2;13;3;5;1;3;3;8;7;20;23;27;0;0;0;0;0
44139;5304;21;57.5714;39.9;60.4;0;0;0;3;0;0;0;2;0;1;19;1052;139;57;856;0;0;0;4;13;1;3;0;3;1;1;3;29;3;10;4;11;0;5;3;6;5;20;23;27;0;3;0;0;0
44139;5309;21;46.8429;51.2;41.8;0;0;-2;0;0;2;5;0;0;0;22;975;72;70;833;0;0;0;2;12;0;5;2;5;0;2;5;30;4;8;2;9;1;4;5;12;5;20;23;27;2;0;0;0;0
44139;5910;21;50.2286;50.9;46.4;0;0;-2;1;1;0;23;2;0;0;14;557;38;0;519;0;0;0;1;8;0;3;0;3;0;2;6;34;4;10;4;11;1;4;4;3;2;20;23;27;0;1;0;0;1
44141;24;22;70.0333;67.2;71.2;0;0;0;1;1;2;12;2;0;0;27;1164;336;219;609;13;14;48.1;4;6;1;0;1;1;0;0;19;17;8;4;6;4;2;0;15;7;7;27;14;23;1;1;2;0;0
44141;39;9;62.7;62.1;61.5;0;0;0;1;1;0;0;2;0;0;15;769;0;118;651;2;2;50.0;6;8;3;3;0;2;0;0;17;15;1;6;5;5;0;2;3;1;2;23;14;27;0;1;0;1;0
44141;42;22;62.6143;63.4;60.4;1;0;2;3;1;0;0;0;0;0;16;770;128;99;543;1;1;50.0;7;3;0;1;3;0;2;0;16;20;9;3;4;5;0;0;7;3;8;27;14;23;0;1;3;0;0
44141;109;22;53.95;51.4;55.3;0;1;1;2;0;0;0;2;1;2;14;697;20;0;677;0;2;0.0;8;6;1;1;2;0;1;0;15;17;8;3;5;5;1;0;7;1;5;27;14;23;0;0;2;0;0
44141;170;9;50.5714;51.3;49.6;0;0;0;1;0;0;0;0;0;0;5;218;0;0;218;0;0;0;3;1;0;0;0;1;0;0;20;22;4;9;5;6;0;2;4;0;1;23;14;27;0;0;1;0;0
44141;179;22;51.6714;53.3;50.2;0;0;0;1;0;1;0;0;0;0;10;512;0;0;512;0;0;0;5;4;3;0;2;2;0;0;18;19;6;4;5;3;2;0;2;0;3;27;14;23;0;2;0;0;0
44141;222;22;52.42;52.6;51.7;0;0;0;1;0;0;0;0;0;0;8;382;0;0;382;0;0;0;2;4;2;0;2;2;0;0;21;19;7;4;5;3;2;0;2;0;3;27;14;23;0;0;1;0;0
44141;303;9;56.2286;56.8;48.7;0;0;-1;0;0;0;0;1;0;0;20;754;171;0;583;0;0;0;3;5;0;1;2;1;0;1;20;18;4;8;3;6;0;1;4;4;2;23;14;27;0;0;0;0;0
44141;318;9;60.0667;54.5;65.5;0;0;0;1;0;0;0;1;0;0;9;423;0;116;307;3;3;50.0;3;1;0;0;0;1;0;0;20;22;4;9;5;6;0;2;4;0;3;23;14;27;0;0;1;0;0
44141;356;9;54.5125;54.4;54.1;0;0;0;1;0;1;0;0;0;0;13;630;0;0;630;0;0;0;7;8;4;3;0;2;0;0;16;15;0;6;5;5;0;2;3;0;1;23;14;27;1;1;0;0;0
44141;372;22;61.82;54.5;69.8;0;1;1;0;0;3;0;0;0;1;29;1112;101;148;863;0;0;0;6;6;3;1;3;2;1;0;17;17;6;3;4;3;1;0;12;6;6;27;14;23;2;1;0;0;0
44141;506;22;55.2;53.8;52.4;0;0;0;3;2;0;0;0;0;0;19;661;85;0;576;1;1;50.0;6;5;3;2;1;1;0;0;17;18;6;2;6;4;2;0;2;2;6;27;14;23;0;4;0;1;0
44141;508;9;61.7286;52.5;67.6;0;0;0;2;2;1;0;1;0;0;32;1315;348;238;729;0;0;0;8;2;0;3;3;1;0;0;15;21;4;6;2;6;0;2;7;9;15;23;14;27;0;3;2;0;0
44141;549;22;67.6333;66.8;60.6;0;1;1;0;1;0;0;0;0;1;30;1281;371;82;828;2;1;66.7;7;9;2;1;2;1;1;0;16;14;7;3;5;4;1;0;10;8;6;27;14;23;0;1;0;0;0
44141;678;9;50;51.4;56.2;0;0;-1;2;1;0;4;0;0;2;23;989;193;47;749;5;5;50.0;3;5;0;2;2;1;0;1;20;18;4;7;3;6;0;1;4;5;4;23;14;27;0;2;1;0;0
44141;848;9;61.9667;51.3;83.3;0;0;0;1;0;1;5;1;0;1;29;1231;348;205;678;0;0;0;8;2;0;3;2;1;0;0;15;21;4;6;3;6;0;2;6;9;14;23;14;27;0;0;1;0;1
44141;870;22;55.2143;50.9;57.1;0;0;0;0;1;0;2;0;0;0;10;531;0;34;497;2;4;33.3;2;8;2;0;2;3;0;0;21;15;7;4;5;2;2;0;2;0;4;27;14;23;0;1;0;0;0
44141;1099;9;52.6714;45.4;60.4;0;0;-1;1;2;1;4;2;0;2;23;1158;193;130;835;0;0;0;8;11;2;4;1;4;0;1;15;12;2;5;4;3;0;1;6;3;4;23;14;27;0;3;0;0;1
44141;1115;22;69.1;72.1;65.8;1;0;1;4;0;0;7;2;0;0;23;905;228;40;637;0;0;0;6;6;1;0;2;1;1;0;17;17;8;4;5;4;1;0;9;6;3;27;14;23;0;3;0;1;0
44141;1124;9;53.3;52.2;57.2;0;0;-1;1;1;1;0;0;1;3;28;1101;193;110;798;2;2;50.0;4;5;1;2;2;1;0;1;19;18;3;7;3;6;0;1;5;4;4;23;14;27;1;0;0;1;1
44141;1130;22;60.9429;56.9;63.8;0;0;0;4;0;1;0;1;1;0;32;1637;375;264;998;0;0;0;10;12;4;2;3;1;0;0;13;11;5;2;4;4;2;0;9;6;13;27;14;23;0;3;0;2;0
44141;1237;9;56.5333;57.1;54.5;0;0;-1;2;0;1;0;0;0;0;21;1105;0;119;986;0;0;0;9;10;2;2;1;2;0;1;14;13;2;7;4;5;0;1;10;2;8;23;14;27;1;1;0;0;1
44141;1240;9;59.5875;56.4;61.5;0;0;0;3;0;0;0;1;0;0;13;630;0;0;630;0;0;0;7;8;4;3;0;2;0;0;16;15;0;6;5;5;0;2;3;0;1;23;14;27;0;2;1;0;0
44141;1270;22;68.6286;51.3;71.4;0;0;1;0;0;3;0;0;1;0;16;949;0;194;755;0;0;0;7;5;3;1;1;2;1;0;16;18;6;3;6;3;1;0;7;2;5;27;14;23;2;0;1;0;0
44141;1277;9;63.1143;62.2;62.6;0;0;-1;1;0;2;0;0;0;0;31;1410;348;137;925;15;16;48.4;10;9;0;4;3;3;0;1;13;14;4;5;2;4;0;1;9;9;19;23;14;27;1;0;1;0;1
44141;1331;9;65.0714;49.3;78.3;0;0;-1;1;1;1;2;0;2;0;22;1232;0;99;1133;0;0;0;9;10;2;3;1;2;0;1;14;13;2;6;4;5;0;1;10;2;9;23;14;27;1;1;0;0;1
44141;1337;22;59.35;59.1;52.2;0;0;0;2;1;0;0;0;0;0;23;971;120;122;729;1;0;100.0;6;5;3;3;1;2;0;0;17;18;6;1;6;3;2;0;3;3;6;27;14;23;0;1;1;1;0
44141;1348;22;56.6;52.3;60.7;0;0;1;2;2;0;4;3;0;0;17;1058;20;158;880;1;0;100.0;9;7;5;1;1;2;1;0;14;16;4;3;6;3;1;0;6;2;5;27;14;23;0;1;2;0;1
44141;1527;9;87.8833;55.2;94.3;0;0;-1;0;1;4;0;1;0;0;27;1309;193;197;919;0;0;0;6;11;2;4;2;4;0;1;17;12;2;5;3;3;0;1;7;3;4;23;14;27;1;2;1;1;0
44141;1574;22;52.0333;54.2;51.3;0;0;1;3;1;0;2;0;0;0;26;1018;101;81;836;0;0;0;6;6;2;1;3;2;1;0;17;17;7;3;4;3;1;0;11;6;5;27;14;23;0;1;2;1;0
44141;1581;22;82.8;73.1;94.1;0;0;0;2;1;1;2;5;0;0;25;1109;120;239;750;6;3;66.7;6;4;4;3;1;1;0;0;17;19;5;1;6;4;2;0;6;4;8;27;14;23;1;1;1;1;0
44141;1750;9;69.5667;68.9;59.8;0;0;-1;2;0;1;0;4;0;0;25;1254;348;110;796;1;0;100.0;8;9;0;4;3;3;0;1;15;14;4;5;2;4;0;1;8;7;16;23;14;27;1;1;0;1;0
44141;2791;9;50.26;49.2;54.5;0;0;0;0;0;0;0;0;0;1;7;329;0;111;218;1;2;33.3;3;1;0;0;0;1;0;0;20;22;4;9;5;6;0;2;6;0;2;23;14;27;0;0;0;0;0
44141;3363;22;66.4143;75.2;59.6;0;1;1;1;2;0;0;0;0;0;15;758;0;127;631;6;5;54.5;8;7;2;1;2;1;1;0;15;16;7;3;5;4;1;0;7;3;4;27;14;23;0;0;3;0;0
44141;3550;22;75.6333;61.1;100;0;0;0;5;0;1;0;0;1;1;32;1637;375;264;998;0;0;0;10;12;4;2;3;1;0;0;13;11;5;2;4;4;2;0;9;6;13;27;14;23;0;3;3;0;0
44141;3560;9;71.6667;69.7;75;0;0;-1;8;2;0;4;1;2;0;29;1394;370;88;936;2;3;40.0;10;9;0;4;3;3;0;1;13;14;4;5;2;4;0;1;9;9;18;23;14;27;0;3;4;3;0
44143;58;25;46.6143;55.8;41.3;0;0;-2;0;0;2;2;0;0;0;24;1172;96;226;850;0;0;0;3;8;1;4;4;3;0;2;14;22;4;7;10;4;0;2;9;5;3;21;16;23;2;0;0;0;0
44143;89;26;73.8667;59.7;100;1;0;0;4;2;2;0;1;0;1;36;1415;343;249;823;0;0;0;8;5;1;2;5;4;0;0;22;12;10;3;2;10;4;0;12;1;11;23;16;21;2;3;1;2;0
44143;175;25;65.9143;60.6;57.5;0;0;-2;1;1;1;5;0;1;0;23;1099;96;0;1003;9;3;75.0;5;13;2;3;7;5;0;2;12;17;3;8;7;2;0;2;5;5;4;21;16;23;0;1;1;1;0
44143;353;26;55.3;57.7;52.1;0;0;0;2;0;0;0;2;0;0;8;342;0;0;342;0;0;0;5;3;2;1;0;3;0;0;25;14;9;4;7;11;4;0;0;0;2;23;16;21;0;1;0;1;0
44143;360;26;72.9143;71.3;70.5;1;1;2;3;1;0;4;2;0;0;31;1168;337;73;758;5;12;29.4;7;5;2;3;2;4;2;0;23;12;9;2;5;10;2;0;7;6;8;23;16;21;0;1;0;2;1
44143;384;25;64.2143;52.5;65;0;0;-2;1;0;0;0;0;1;0;15;704;0;251;453;7;5;58.3;4;6;1;4;1;2;0;2;13;24;4;7;13;5;0;2;7;2;4;21;16;23;0;1;0;0;0
44143;395;26;60.2143;51.2;66.8;0;0;0;2;0;2;0;1;0;0;33;1305;343;220;742;0;0;0;7;5;1;2;4;4;0;0;23;12;10;3;3;10;4;0;12;1;11;23;16;21;1;2;0;1;0
44143;414;25;61.1;57.4;57.7;0;0;0;2;0;0;0;2;1;0;17;792;96;154;542;0;0;0;5;6;1;2;4;1;0;0;12;24;4;9;10;6;0;4;2;3;3;21;16;23;0;0;0;2;0
44143;498;26;61.1333;62.7;58;1;0;2;3;2;0;0;3;0;0;22;1081;0;88;993;0;0;0;11;7;6;2;2;3;2;0;19;10;5;3;5;11;2;0;5;8;5;23;16;21;0;5;0;0;0
44143;947;26;57;62.5;52.1;0;0;0;1;0;0;5;3;0;0;17;772;13;65;694;0;0;0;4;2;2;0;2;4;0;0;26;15;9;5;5;10;4;0;2;3;7;23;16;21;0;1;0;0;0
44143;1265;26;59.7875;68.4;55.1;1;0;3;3;0;0;0;0;0;0;23;912;130;30;752;5;7;41.7;14;6;2;1;3;3;2;0;16;11;9;4;4;11;2;0;4;6;2;23;16;21;0;0;0;2;1
44143;1344;26;73.5;74.8;74.1;1;1;2;5;3;1;2;3;2;2;32;1208;337;149;722;1;3;25.0;7;5;2;3;1;4;2;0;23;12;9;2;6;10;2;0;14;5;9;23;16;21;1;3;4;0;1
44143;1375;26;57.08;58;51.4;0;0;0;0;0;1;0;0;0;0;15;657;0;0;657;5;5;50.0;4;2;2;0;3;4;0;0;26;15;9;5;4;10;4;0;2;1;7;23;16;21;1;0;0;0;0
44143;1735;25;61.1143;60.3;58;0;0;0;3;1;0;4;2;1;0;18;886;105;32;749;5;9;35.7;4;5;1;2;3;1;0;0;13;25;4;9;11;6;0;4;3;7;4;21;16;23;0;1;2;1;0
44143;2038;26;59.475;52.8;63;0;0;0;2;0;1;0;2;2;0;13;518;0;9;509;0;0;0;6;4;5;1;1;3;0;0;24;13;6;4;6;11;4;0;1;2;3;23;16;21;1;1;1;0;0
44143;2539;26;62.8286;53.1;64.8;0;0;3;2;1;2;12;1;1;0;20;856;111;59;686;0;0;0;10;1;3;2;0;6;2;0;20;16;8;3;7;8;2;0;5;3;3;23;16;21;1;4;0;0;0
44143;2718;26;78.6;77.2;77.2;0;3;2;1;1;1;0;1;1;0;30;1120;337;65;718;0;0;0;7;3;2;3;1;4;2;0;23;14;9;2;6;10;2;0;7;6;8;23;16;21;0;3;0;0;0
44143;3284;25;54.0429;45.2;59.8;0;0;-2;1;0;2;0;0;0;1;25;1184;0;226;958;0;0;0;8;15;2;4;5;1;0;2;9;15;3;7;9;6;0;2;10;6;5;21;16;23;0;2;1;0;0
44143;4329;26;63.96;61.9;69.7;0;2;2;5;2;0;0;0;0;2;29;1228;202;224;802;1;10;9.1;14;10;3;1;2;3;2;0;16;7;8;4;5;11;2;0;13;6;4;23;16;21;0;5;1;1;0
44143;4332;26;64.68;65.7;65.4;1;0;3;6;0;0;2;4;1;0;25;1164;209;88;867;0;0;0;12;3;4;1;1;7;2;0;18;14;7;4;6;7;2;0;6;6;5;23;16;21;0;3;2;1;0
44143;4334;26;62.1429;67.8;57.4;0;0;1;2;2;0;0;1;0;1;19;785;13;2;770;0;0;0;4;2;5;0;3;2;0;0;26;15;6;5;4;12;4;0;3;2;7;23;16;21;0;4;0;0;0
44143;4356;25;65.0333;55.5;79;0;0;-2;3;0;2;0;1;1;1;24;1212;300;194;718;0;0;0;3;8;2;3;4;2;0;1;14;22;3;8;10;5;0;3;4;5;16;21;16;23;0;0;4;0;1
44143;4557;26;53.4714;54.5;53.7;0;0;0;0;1;1;2;0;0;0;15;693;85;42;566;3;2;60.0;5;4;5;1;1;5;0;0;25;13;6;4;6;9;4;0;2;1;2;23;16;21;0;0;1;1;0
44143;4558;25;66.2;62.2;73.9;0;1;-2;6;0;2;2;2;1;1;26;1296;300;132;864;0;0;0;4;7;1;4;4;3;0;1;13;23;4;7;10;4;0;3;9;3;10;21;16;23;2;5;0;0;1
44143;4567;25;58.0667;57;57.5;0;0;-2;2;0;1;2;2;1;0;24;1378;105;162;1111;0;0;0;11;16;2;2;6;2;0;2;6;14;3;9;8;5;0;2;6;8;3;21;16;23;0;1;2;0;0
44143;4572;25;46.575;54.4;42.2;0;0;-1;2;0;0;12;0;0;0;7;443;9;0;434;0;0;0;5;4;1;2;1;1;0;1;12;26;4;9;13;6;0;3;3;3;0;21;16;23;0;1;1;0;0
44143;4773;26;79.0571;91.9;61.7;0;3;2;4;1;1;0;0;0;0;23;1019;202;79;738;0;1;0.0;14;7;2;1;2;3;2;0;16;10;9;4;5;11;2;0;5;7;3;23;16;21;1;4;0;1;0
44143;4782;25;70.3143;72.2;57.9;1;1;-3;3;0;2;0;2;0;0;27;1252;300;80;872;4;0;100.0;4;12;2;3;7;3;0;2;13;18;3;8;7;4;0;2;9;2;13;21;16;23;0;2;2;1;0
44143;4783;25;62.6857;60.8;64.6;0;0;0;0;0;0;0;1;0;0;18;892;0;189;703;1;1;50.0;3;6;1;2;2;1;0;0;14;24;4;9;12;6;0;4;3;6;5;21;16;23;0;0;0;0;0
44143;4814;25;52.0143;53.9;47.3;0;0;-1;0;0;0;0;0;0;0;6;323;0;0;323;0;0;0;3;4;1;2;0;1;0;1;14;26;4;9;14;6;0;3;3;2;0;21;16;23;0;0;0;0;0
44143;4816;25;45.9286;49.7;45.3;0;0;-1;1;2;0;0;2;0;0;19;1043;9;164;870;0;0;0;5;8;2;5;5;3;0;1;12;22;3;6;9;4;0;3;4;6;9;21;16;23;0;2;0;1;0
44143;5010;25;57.2571;58;52.6;0;0;0;2;0;0;0;1;0;0;12;615;9;0;606;0;0;0;6;6;1;4;4;1;0;0;11;24;4;7;10;6;0;4;2;3;2;21;16;23;0;1;0;1;0
44143;5069;25;52;57.5;41;0;0;-2;0;0;0;0;0;0;0;20;955;0;0;955;0;0;0;5;13;2;3;7;4;0;2;12;17;3;8;7;3;0;2;5;4;4;21;16;23;0;0;0;0;0
44143;5247;26;100;57.7;100;0;1;2;1;1;6;0;1;1;0;23;1271;98;97;1076;0;0;0;11;11;6;1;2;4;2;0;19;6;5;4;5;10;2;0;6;12;6;23;16;21;3;2;1;1;1
44143;5259;25;77.0333;71.7;84.7;0;1;-2;1;2;0;0;2;1;0;28;1217;300;260;657;1;0;100.0;2;7;1;4;2;1;0;1;15;23;4;7;12;6;0;3;8;5;15;21;16;23;0;1;2;0;0
44143;5282;25;66.0286;61;61.8;1;0;-1;3;1;0;0;0;0;1;21;962;300;115;547;13;2;86.7;5;6;1;2;4;0;0;0;12;24;4;9;10;7;0;4;6;3;11;21;16;23;0;3;1;0;0
44145;6;5;70.9167;71.6;65.7;1;0;0;2;1;2;0;4;0;0;23;1032;98;57;877;1;1;50.0;8;9;2;5;5;3;1;1;12;24;3;11;4;5;1;2;8;7;3;30;13;20;1;2;1;1;0
44145;71;5;57.4857;53.2;68.2;0;0;0;0;0;0;0;1;0;0;21;602;0;0;602;0;0;0;5;10;1;3;2;2;0;0;15;23;4;13;7;6;2;3;4;3;3;30;13;20;0;0;0;0;0
44145;99;5;64.7333;54.2;50.2;0;1;1;0;1;0;2;3;0;0;21;798;0;103;695;0;0;0;7;10;1;3;0;1;1;0;13;23;4;13;9;7;1;3;6;1;3;30;13;20;0;1;0;0;0
44145;103;5;52.26;50.6;51.4;0;0;1;1;0;0;2;0;0;1;19;733;0;7;726;0;0;0;7;10;1;3;1;1;1;0;13;23;4;13;8;7;1;3;6;1;3;30;13;20;0;0;0;1;0
44145;129;5;50.6286;55.4;48.1;0;0;-1;0;0;1;4;3;0;0;10;684;22;174;488;0;2;0.0;1;4;0;2;1;3;0;1;19;29;5;14;8;5;2;2;8;3;5;30;13;20;1;0;0;0;0
44145;136;16;60.2143;57.3;64.7;0;0;0;1;1;2;0;1;0;0;16;851;0;32;819;6;7;46.2;6;6;7;1;3;4;0;0;27;14;9;4;5;5;3;2;4;3;7;20;13;30;0;1;0;2;1
44145;148;16;47.9667;57.1;43.4;0;0;-1;2;0;0;0;1;0;0;11;528;0;0;528;0;0;0;5;2;2;1;4;0;0;1;28;18;14;4;4;9;3;1;4;1;3;20;13;30;0;1;1;0;0
44145;312;16;60.62;61;57.6;1;0;2;4;0;0;0;0;0;1;30;887;163;0;724;0;0;0;15;0;5;1;0;2;2;0;18;20;11;4;8;7;1;2;4;3;10;20;13;30;0;2;0;1;1
44145;350;16;77.7286;60.1;90.6;0;0;1;4;0;2;0;3;0;0;22;1333;340;57;936;0;0;0;12;6;5;3;0;2;1;0;21;14;11;2;8;7;2;2;7;5;16;20;13;30;2;3;0;1;0
44145;366;16;58.8;59;47.5;0;0;0;1;0;0;0;0;0;0;15;806;0;0;806;0;0;0;6;6;7;1;2;3;0;0;27;14;9;4;6;6;3;2;4;3;7;20;13;30;0;1;0;0;0
44145;548;5;54.3286;44.6;55.6;0;0;-2;1;0;2;0;1;0;2;34;1286;22;183;1081;0;0;0;4;9;2;5;3;4;0;2;16;24;3;11;6;4;2;1;8;4;8;30;13;20;0;2;0;1;0
44145;635;16;87.0429;60.9;89.3;1;0;1;5;2;0;0;2;0;1;22;1333;340;57;936;0;0;0;12;6;5;3;0;2;1;0;21;14;11;2;8;7;2;2;7;5;16;20;13;30;0;6;0;1;0
44145;714;16;60.9;55.5;58.7;0;0;0;1;3;1;0;1;1;0;15;806;0;0;806;1;0;100.0;6;6;7;1;2;3;0;0;27;14;9;4;6;6;3;2;4;3;7;20;13;30;0;4;1;0;0
44145;971;16;61.575;63.2;60.6;0;0;2;4;3;1;0;1;1;1;31;935;163;48;724;2;0;100.0;15;0;5;1;0;2;2;0;18;20;11;4;8;7;1;2;5;3;10;20;13;30;1;3;1;2;1
44145;981;5;58.6;56;65.1;0;0;-1;0;1;0;0;0;1;0;23;1004;98;0;906;5;4;55.6;4;10;2;6;2;1;0;1;16;23;3;10;7;7;2;2;5;1;6;30;13;20;0;1;0;0;0
44145;1040;5;73.7;53.3;84.5;1;0;1;3;0;1;0;0;2;2;25;1075;0;365;710;8;5;61.5;7;10;1;3;0;1;1;0;13;23;4;13;9;7;1;3;14;2;8;30;13;20;0;1;1;2;0
44145;1219;16;62.6571;62.6;61.4;1;1;2;3;1;0;0;0;0;2;30;932;163;32;737;8;7;53.3;15;0;5;1;1;3;2;0;18;20;11;4;7;6;1;2;4;3;10;20;13;30;0;0;1;3;0
44145;1349;16;58.5333;60.1;52.4;0;0;0;3;2;0;0;1;0;1;33;1286;391;40;855;8;13;38.1;7;12;2;2;1;3;1;1;26;8;14;3;7;6;2;1;7;6;10;20;13;30;0;1;3;1;0
44145;1417;5;59.6;56.9;61.4;0;0;-1;1;0;0;0;0;1;0;14;727;22;283;422;12;8;60.0;1;4;0;2;1;3;0;1;19;29;5;14;8;5;2;2;11;4;6;30;13;20;0;1;0;0;0
44145;1435;5;51.6333;48.8;56.1;0;0;0;0;0;0;0;0;0;0;21;602;0;0;602;0;0;0;5;10;1;3;2;2;0;0;15;23;4;13;7;6;2;3;4;3;3;30;13;20;0;0;0;0;0
44145;1477;16;66.5429;50.3;66.1;0;0;0;1;0;0;0;0;0;1;33;1294;391;48;855;0;2;0.0;7;12;2;2;1;3;1;1;26;8;14;3;7;6;2;1;8;6;9;20;13;30;0;1;0;0;0
44145;1566;5;53.9667;48.9;57.1;0;0;-1;2;0;1;0;2;0;1;24;1066;98;57;911;0;0;0;4;10;2;6;2;1;0;1;16;23;3;10;7;7;2;2;5;1;6;30;13;20;0;2;0;1;0
44145;2434;5;48.8625;57.5;43.2;0;0;-1;3;1;0;0;2;0;0;22;906;0;0;906;0;0;0;4;10;2;6;2;1;0;1;16;23;3;10;7;7;2;2;4;1;5;30;13;20;0;2;2;0;0
44145;2658;16;65.0667;65.9;60.4;0;0;0;3;1;0;0;0;0;1;33;1286;391;40;855;0;1;0.0;7;12;2;2;1;3;1;1;26;8;14;3;7;6;2;1;7;6;10;20;13;30;0;2;1;1;0
44145;2719;5;69.9;71.4;55.2;0;1;0;4;2;3;0;3;0;1;26;1151;98;132;921;10;7;58.8;8;9;2;5;6;3;1;1;12;24;3;11;3;5;1;2;8;7;4;30;13;20;3;1;2;3;0
44145;3563;5;77.7571;47.2;82.5;0;0;1;1;0;2;0;1;1;0;45;1574;98;225;1251;0;0;0;11;14;2;8;4;2;2;1;9;19;3;8;5;6;0;2;15;6;7;30;13;20;1;1;0;1;0
44145;4337;5;71.85;49;73.3;0;0;-2;0;0;1;0;2;0;1;36;1424;22;329;1073;0;0;0;4;9;2;5;3;4;0;2;16;24;3;11;6;4;2;1;11;4;10;30;13;20;0;1;0;0;0
44145;4351;16;89.2833;49.2;95.5;0;0;2;5;0;1;0;0;0;1;22;1190;203;63;924;0;0;0;13;1;7;0;4;2;2;0;20;19;9;5;4;7;1;2;8;1;6;20;13;30;0;6;0;0;0
44145;4547;5;61.0571;48.1;63.1;0;0;1;2;0;3;0;0;0;1;42;1413;0;197;1216;0;0;0;11;14;2;8;4;2;2;1;9;19;3;8;5;6;0;2;14;6;6;30;13;20;2;2;0;0;1
44145;4563;16;71.4333;71.2;70.4;0;2;2;2;2;1;0;0;0;0;22;1190;203;63;924;0;0;0;13;1;7;0;4;2;2;0;20;19;9;5;4;7;1;2;8;1;6;20;13;30;0;1;2;1;1
44145;4570;16;35.9571;38.5;35.3;0;0;-2;1;2;1;0;0;0;2;17;1077;11;0;1066;0;0;0;8;13;4;2;4;5;0;2;25;7;12;3;4;4;3;0;5;7;8;20;13;30;1;2;1;0;0
44145;4576;5;46.2125;51.6;42.5;0;0;-1;0;0;1;0;0;0;0;6;388;0;0;388;0;0;0;1;4;0;2;1;2;0;1;19;29;5;14;8;6;2;2;4;3;2;30;13;20;1;0;0;0;0
44145;4992;16;57.5;47;58.2;0;0;-2;1;0;1;0;0;0;1;17;1077;11;0;1066;0;0;0;8;13;4;2;4;5;0;2;25;7;12;3;4;4;3;0;5;7;8;20;13;30;0;1;1;0;0
44145;5250;16;47.2429;60.5;44.8;0;1;-1;1;1;0;0;0;0;0;11;528;0;0;528;0;0;0;5;2;2;1;4;0;0;1;28;18;14;4;4;9;3;1;4;1;3;20;13;30;0;2;0;0;0
44145;5253;5;49.18;51.3;42.2;0;0;0;1;0;0;2;3;0;1;22;988;22;54;912;0;0;0;8;9;2;5;6;4;1;1;12;24;3;11;3;4;1;2;7;7;4;30;13;20;0;0;1;0;0
44145;5908;16;58.6;59.5;51.1;0;1;-1;1;0;0;2;2;0;0;11;541;0;0;541;2;6;25.0;5;2;2;1;5;1;0;1;28;18;14;4;3;8;3;1;4;1;3;20;13;30;0;1;0;0;0
44147;48;14;50.1;52.6;48.6;0;0;-1;1;0;0;0;1;0;0;12;641;0;0;641;0;0;0;5;11;0;3;2;3;1;2;23;16;9;6;18;5;1;1;3;6;4;29;24;22;0;1;0;0;0
44147;94;14;61.5;63.3;47.3;0;0;-1;0;2;0;2;1;1;0;19;925;78;0;847;0;0;0;5;5;5;5;9;2;0;1;23;22;4;4;11;6;2;2;4;2;4;29;24;22;0;1;0;0;1
44147;119;14;66;69.3;59.1;0;0;-1;1;1;1;2;2;0;0;24;1196;72;128;996;0;0;0;9;9;3;2;7;3;0;1;19;18;6;7;13;5;2;2;9;4;5;29;24;22;0;3;0;0;0
44147;120;278;51.2375;55.3;48.8;0;0;0;0;0;1;0;0;0;0;11;459;0;0;459;0;1;0.0;3;6;1;0;0;5;0;0;24;22;8;9;8;15;3;2;2;2;5;22;24;29;1;0;0;0;0
44147;367;278;63.8667;65.4;59;0;0;0;3;2;0;0;0;1;0;21;919;58;0;861;0;0;0;9;7;5;4;3;4;1;1;18;21;4;5;5;16;2;1;4;5;3;22;24;29;0;2;3;0;0
44147;424;14;64.7;63.4;65.5;0;1;1;1;0;0;2;0;1;0;34;1375;0;216;1159;10;9;52.6;14;8;3;1;6;1;1;0;14;19;6;8;14;7;1;3;10;8;8;29;24;22;0;1;0;0;0
44147;456;278;59.25;54.9;60.9;0;0;0;1;0;1;0;2;0;0;13;577;41;99;437;1;6;14.3;2;5;1;0;0;3;0;0;25;23;8;9;8;17;3;2;3;3;4;22;24;29;1;1;0;0;0
44147;557;14;61.9143;60.5;60.4;1;0;-1;1;1;2;0;1;0;0;29;1363;24;261;1078;0;0;0;14;8;3;3;4;2;1;2;14;19;6;6;16;6;1;1;12;10;6;29;24;22;2;0;0;1;1
44147;583;14;65;66;63.9;0;1;1;3;0;0;2;1;1;2;30;1283;253;0;1030;0;0;0;14;4;4;0;5;1;1;0;14;23;5;9;15;7;1;3;6;8;8;29;24;22;0;0;2;0;1
44147;620;278;60.7667;56.2;61.2;0;1;-2;0;0;2;0;0;0;0;23;1273;58;0;1215;0;0;0;11;10;7;3;3;4;0;2;16;18;2;6;5;16;3;0;6;8;6;22;24;29;1;0;1;0;0
44147;686;278;64.5;66.3;62.9;0;0;0;5;4;0;0;1;0;0;26;1236;356;0;880;0;1;0.0;7;7;5;4;3;4;1;1;20;21;4;5;5;16;2;1;9;6;8;22;24;29;0;5;2;1;1
44147;704;278;60.5429;50.9;61.8;0;0;-1;3;1;1;5;0;0;0;23;1207;41;163;1003;0;0;0;8;7;5;2;3;3;0;1;19;21;4;7;5;17;3;1;7;9;6;22;24;29;1;3;1;0;0
44147;744;14;51.1143;52.2;48.5;0;0;-1;2;0;0;0;0;0;1;15;781;78;41;662;1;0;100.0;5;11;0;3;2;3;1;2;23;16;9;6;18;5;1;1;4;6;4;29;24;22;0;0;0;2;0
44147;787;14;61.35;53.1;63;0;0;-2;4;0;2;0;2;0;0;26;1191;0;261;930;0;0;0;13;7;3;2;5;2;0;2;15;20;6;7;15;6;2;1;11;10;5;29;24;22;1;3;2;0;0
44147;871;278;65.5333;65.1;56.8;0;1;2;2;0;1;0;0;0;0;21;1018;58;0;960;8;12;40.0;11;6;3;1;4;2;2;0;16;22;6;8;4;18;1;2;5;10;6;22;24;29;1;0;0;1;1
44147;888;14;87.4333;80.4;98.8;0;1;1;3;1;1;0;2;0;0;31;1522;259;66;1197;0;0;0;6;11;3;6;10;4;1;0;22;16;6;3;10;4;1;3;9;10;11;29;24;22;0;1;3;1;0
44147;900;278;56.9714;54.8;55;0;0;0;0;0;1;12;0;0;0;15;709;0;182;527;0;1;0.0;2;5;1;0;0;4;0;0;25;23;8;9;8;16;3;2;4;2;7;22;24;29;1;0;0;0;0
44147;955;278;76.5125;70.5;67.8;0;1;2;3;2;0;0;2;0;1;25;1231;58;123;1050;1;0;100.0;12;7;3;2;4;3;2;0;15;21;6;7;4;17;1;2;6;11;7;22;24;29;0;4;1;0;0
44147;958;14;70.6667;67.4;75.4;0;1;0;1;1;3;0;0;0;1;24;1228;72;128;1028;0;0;0;11;10;4;2;6;2;1;1;17;17;5;7;14;6;1;2;9;4;5;29;24;22;1;2;2;0;0
44147;1045;278;40.2429;48.3;38.2;0;0;-1;1;0;1;0;2;0;1;23;989;41;208;740;5;4;55.6;4;9;0;4;1;8;0;1;23;19;9;5;7;12;3;1;5;5;9;22;24;29;1;0;1;0;0
44147;1113;14;52.72;53.3;52.4;0;0;0;0;0;0;2;0;0;0;13;480;78;29;373;3;0;100.0;2;3;0;1;2;2;0;0;26;24;9;8;18;6;2;3;5;4;2;29;24;22;0;0;0;0;0
44147;1144;14;81.5;77;84.5;0;1;1;3;3;2;5;1;0;1;29;1350;259;66;1025;0;0;0;4;9;3;3;8;3;1;0;24;18;6;6;12;5;1;3;8;10;12;29;24;22;1;3;2;2;0
44147;1255;278;90.0167;52.2;97.1;0;0;-1;1;1;7;0;1;1;0;31;1356;99;168;1089;0;0;0;8;12;1;3;2;8;0;1;19;16;8;6;6;12;3;1;5;9;9;22;24;29;3;2;4;0;0
44147;1272;14;67.1;62.7;67.1;0;0;-1;2;0;1;0;1;2;0;26;1236;0;216;1020;4;2;66.7;7;9;4;5;10;2;0;1;21;18;5;4;10;6;2;2;12;4;8;29;24;22;1;0;1;0;1
44147;1482;278;52.5;56.5;49.3;0;0;-1;1;0;0;2;1;1;0;15;746;41;0;705;0;0;0;5;9;0;3;1;9;0;1;22;19;9;6;7;11;3;1;2;5;6;22;24;29;0;0;1;0;0
44147;2629;278;65.28;62;74.9;0;0;-1;3;0;2;2;2;1;0;21;1100;356;0;744;13;9;59.1;6;9;0;3;1;10;0;1;21;19;9;6;7;10;3;1;7;4;12;22;24;29;1;2;0;2;0
44147;2639;14;52.6143;53.9;53;0;0;0;2;0;1;0;0;0;1;9;455;0;0;455;4;4;50.0;4;3;1;1;5;2;0;0;24;24;8;8;15;6;2;3;7;4;1;29;24;22;0;1;1;1;0
44147;2691;14;83.46;85.5;55.8;2;0;-1;3;2;0;0;5;0;0;23;1166;229;0;937;9;7;56.3;6;6;5;4;10;2;0;1;22;21;4;5;10;6;2;2;9;4;8;29;24;22;0;2;2;0;1
44147;3547;14;87.5857;99.7;65.9;1;2;1;7;1;0;0;0;0;0;31;1287;253;0;1034;3;2;60.0;14;4;4;0;5;1;1;0;14;23;5;9;15;7;1;3;6;8;8;29;24;22;0;5;1;2;0
44147;3562;278;87.5;87.7;85.3;3;1;2;5;1;0;2;3;1;1;28;1411;356;26;1029;1;0;100.0;11;7;3;2;4;3;2;0;16;21;6;7;4;17;1;2;11;11;13;22;24;29;0;2;2;1;1
44147;4805;14;59.4;52.2;64.2;0;0;0;1;0;0;0;0;1;0;12;573;0;210;363;0;6;0.0;2;3;0;1;2;2;0;0;26;24;9;8;18;6;2;3;7;5;2;29;24;22;0;1;0;0;0
44147;4999;278;66.7667;65.4;67.7;1;1;0;2;0;1;0;0;0;0;27;1304;356;24;924;5;7;41.7;8;8;5;5;3;5;1;1;19;20;4;4;5;15;2;1;9;7;9;22;24;29;0;1;1;1;0
44147;5027;278;53.0143;50.6;53.3;0;0;0;1;0;2;0;1;1;0;26;1038;0;168;870;0;0;0;5;8;1;1;2;7;0;0;22;20;8;8;6;13;3;2;5;6;8;22;24;29;2;1;0;0;0
44147;5040;278;75.3333;72.1;86;0;2;3;5;1;0;2;0;0;0;24;1304;356;0;948;0;0;0;11;9;1;4;3;9;3;0;16;19;8;5;5;11;0;2;10;8;13;22;24;29;0;3;1;2;0
44147;5046;14;55.275;52;56.6;0;0;-1;1;0;0;2;2;0;1;13;820;0;116;704;7;4;63.6;5;13;0;3;2;3;1;2;23;14;9;6;18;5;1;1;5;8;3;29;24;22;0;0;0;1;0
44147;5490;278;60.2333;45.6;62.8;0;0;3;1;1;5;0;2;1;1;22;1194;0;163;1031;0;0;0;11;9;3;4;3;9;3;0;16;19;6;5;5;11;0;2;6;7;9;22;24;29;4;0;1;2;0
44149;14;19;51.15;64.6;42.6;0;1;0;1;0;0;0;0;0;0;18;802;0;0;802;0;0;0;4;12;1;3;1;4;1;1;19;23;1;3;6;8;4;1;3;6;8;31;25;33;0;0;1;0;0
44149;22;15;100;100;80.7;0;4;0;8;1;0;0;1;0;0;26;1182;281;54;847;26;7;78.8;16;4;3;0;3;1;1;1;19;19;3;2;9;6;1;4;14;6;15;33;25;31;0;5;1;2;1
44149;44;15;73.7167;76.2;54.7;2;0;-3;5;1;0;0;0;0;0;27;1176;281;122;773;1;0;100.0;13;4;3;0;6;3;0;3;22;19;3;2;6;4;2;2;11;10;8;33;25;31;0;4;0;0;2
44149;53;15;67.8857;79.6;51.1;1;0;0;5;1;0;0;2;1;0;24;1056;100;169;787;1;0;100.0;16;4;3;0;3;1;1;1;19;19;3;2;9;6;1;4;5;9;11;33;25;31;0;4;1;1;0
44149;79;15;42.0286;52;41.3;0;0;-1;2;0;1;2;2;0;0;24;922;71;176;675;0;0;0;9;3;4;0;2;4;0;1;26;20;2;2;10;3;2;4;3;5;3;33;25;31;1;1;1;0;0
44149;108;19;60.6714;58;58.9;1;0;0;2;0;2;0;0;0;0;20;985;0;180;805;0;0;0;6;5;1;0;1;2;1;1;17;30;1;6;6;10;4;1;10;4;4;31;25;33;2;0;1;1;0
44149;128;19;48.1429;43.4;51.7;0;0;-1;1;1;2;0;0;0;1;12;914;0;89;825;0;0;0;9;15;1;2;3;5;0;1;14;20;1;4;4;7;5;1;9;5;14;31;25;33;1;2;1;0;0
44149;349;15;59.6;59.3;60.3;0;0;-1;3;1;0;0;1;0;1;23;986;281;0;705;0;0;0;13;1;3;0;6;3;0;1;22;22;3;2;6;4;2;4;11;7;8;33;25;31;0;4;0;0;0
44149;379;19;58.2333;61.7;50.7;1;0;0;3;0;1;0;0;1;0;13;747;0;97;650;1;3;25.0;8;13;1;0;1;4;1;1;15;22;1;6;6;8;4;1;8;5;11;31;25;33;0;1;0;3;0
44149;458;15;50.1333;50.8;48.8;0;0;-1;1;0;1;0;0;0;1;13;652;0;193;459;0;1;0.0;2;6;0;1;1;1;0;1;33;17;6;1;11;6;2;4;5;2;3;33;25;31;1;0;1;0;0
44149;507;19;77.35;59.7;88.4;1;1;2;4;1;0;0;1;1;3;31;1525;420;233;872;6;15;28.6;8;5;1;3;2;2;2;0;15;30;1;3;5;10;3;2;14;8;7;31;25;33;0;1;2;1;1
44149;561;19;99.8571;51;100;0;0;3;0;0;7;0;4;2;1;27;1407;206;213;988;0;0;0;6;15;0;3;3;4;3;0;17;20;2;3;4;8;2;2;12;9;10;31;25;33;4;1;2;0;0
44149;693;15;56.5857;58.4;56.4;0;2;0;3;0;0;2;4;1;1;32;1293;0;247;1046;0;0;0;18;11;1;1;5;1;2;2;17;12;5;1;7;6;0;3;12;11;13;33;25;31;0;2;1;0;0
44149;706;15;32.0833;51.3;28;0;0;-3;0;1;1;0;0;1;0;26;1188;0;166;1022;0;0;0;8;10;1;1;5;2;0;3;27;13;5;1;7;5;2;2;8;7;8;33;25;31;0;0;1;1;0
44149;801;15;55.6667;59.9;46.9;0;0;0;3;2;0;2;1;0;1;29;1153;100;262;791;7;7;50.0;16;4;3;0;3;1;1;1;19;19;3;2;9;6;1;4;10;7;16;33;25;31;0;3;0;1;1
44149;946;19;83.55;72.8;91.5;1;1;1;4;1;1;0;3;1;0;25;1203;420;0;783;0;0;0;5;5;1;3;2;2;1;0;18;30;1;3;5;10;4;2;6;6;6;31;25;33;1;3;2;0;0
44149;965;15;83.5571;87.5;68.8;1;1;-2;6;1;2;0;0;1;0;30;1247;281;193;773;6;7;46.2;13;2;3;0;6;3;0;2;22;21;3;2;6;4;2;3;13;7;8;33;25;31;2;5;1;0;1
44149;988;15;56.3;55.3;57.4;1;0;0;3;0;2;2;1;0;2;30;1122;100;277;745;0;0;0;11;5;4;0;2;4;1;1;24;18;2;2;10;3;1;4;6;6;5;33;25;31;0;2;2;0;1
44149;1023;15;47.5;53.3;41.7;0;0;-1;0;0;0;0;0;0;0;7;429;0;0;429;1;0;100.0;2;6;0;1;1;1;0;1;33;17;6;1;11;6;2;4;3;2;3;33;25;31;0;0;0;0;0
44149;1091;19;59.1333;63.3;46.9;1;0;0;4;0;0;2;0;0;0;25;1192;258;231;703;11;17;39.3;4;12;0;2;1;3;1;1;19;23;2;4;6;9;4;1;10;9;10;31;25;33;0;1;1;1;1
44149;1140;15;64.2333;59.6;64.2;0;0;-1;1;0;0;0;1;0;1;19;936;100;264;572;1;1;50.0;2;10;0;1;2;2;0;1;33;13;6;1;10;5;2;4;10;6;10;33;25;31;0;1;0;0;0
44149;1241;19;76.0667;81.1;67.2;0;3;1;4;1;0;12;1;0;0;22;1082;420;0;662;0;0;0;5;5;0;3;2;2;1;0;18;30;2;3;5;10;4;2;8;6;6;31;25;33;0;3;1;1;0
44149;1262;15;46.5875;56.1;42;0;1;0;0;0;0;5;0;0;0;12;675;0;0;675;7;7;50.0;4;11;0;1;2;2;1;1;31;12;6;1;10;5;1;4;6;6;3;33;25;31;0;0;0;0;0
44149;1330;15;58.9429;57.7;61.1;0;0;-2;1;1;2;2;1;0;0;21;1208;29;162;1017;0;0;0;8;8;1;1;5;2;0;2;27;15;5;1;7;5;2;3;8;6;8;33;25;31;1;2;1;0;0
44149;1367;15;50.7;53.3;49.1;0;0;-1;1;0;0;0;0;0;0;8;488;0;47;441;6;3;66.7;2;6;0;1;1;1;0;1;33;17;6;1;11;6;2;4;3;4;3;33;25;31;0;1;0;0;0
44149;1439;15;39.4286;49.4;37.3;0;0;0;0;0;0;0;0;0;1;12;675;0;0;675;0;0;0;4;11;0;1;2;2;1;1;31;12;6;1;10;5;1;4;6;6;3;33;25;31;0;0;0;0;0
44149;1461;19;64.8286;59.1;81.6;0;2;4;4;1;0;2;3;1;3;25;1472;402;0;1070;0;0;0;8;15;0;4;3;5;4;0;15;20;2;2;4;7;1;2;12;12;9;31;25;33;0;2;1;1;1
44149;2519;19;53.9;54.1;54.4;0;1;1;3;0;1;2;0;0;1;21;1051;258;97;696;1;1;50.0;6;12;0;3;1;4;2;1;17;23;2;3;6;8;3;1;4;10;13;31;25;33;1;3;0;0;0
44149;2537;19;57.94;58.8;54.5;0;1;1;0;0;0;0;0;0;0;9;433;0;0;433;0;0;0;3;5;0;0;3;2;1;0;20;30;2;6;4;10;4;2;4;4;1;31;25;33;0;0;0;0;0
44149;2688;19;52.1;50.8;51.1;0;0;-1;2;0;0;0;0;0;1;16;926;258;0;668;9;10;47.4;6;13;1;0;1;4;0;1;17;22;1;6;6;8;5;1;9;5;10;31;25;33;0;0;1;1;0
44149;3545;15;80.1333;79;77;0;0;1;6;1;1;0;0;1;0;41;1662;281;328;1053;0;0;0;18;9;1;1;5;1;2;1;17;14;5;1;7;6;0;4;22;14;20;33;25;31;1;6;1;0;0
44149;3554;19;77.1286;71.3;93.1;1;1;2;3;0;0;2;2;0;0;18;925;402;4;519;4;7;36.4;6;5;0;1;3;3;2;0;17;30;2;5;4;9;3;2;10;6;8;31;25;33;0;2;0;1;0
44149;4328;19;62.7;66.8;62;0;1;1;0;0;1;4;0;0;0;23;1350;276;112;962;0;0;0;9;5;2;1;1;3;2;1;14;30;0;5;6;9;3;1;7;11;8;31;25;33;1;0;0;0;0
44149;4338;19;51.55;50.9;51.8;0;0;2;1;0;0;0;0;0;1;11;493;0;51;442;1;3;25.0;6;5;0;0;3;2;2;0;17;30;2;6;4;10;3;2;5;5;5;31;25;33;0;1;0;0;0
44149;4341;19;56.1429;52.5;61;0;0;-1;0;0;1;0;0;0;0;14;788;0;0;788;0;0;0;6;13;1;0;1;4;0;1;17;22;1;6;6;8;5;1;8;3;8;31;25;33;0;0;1;0;0
44149;4363;19;60.7714;49;69.6;0;0;0;3;0;4;0;3;0;1;15;1055;70;168;817;0;0;0;10;15;0;2;3;5;1;1;13;20;2;4;4;7;4;1;8;8;16;31;25;33;0;3;4;0;0
44151;30;17;68.8;80.6;56.1;1;1;1;10;0;1;0;0;0;0;15;787;0;0;787;6;8;42.9;17;2;5;0;10;1;1;0;33;5;14;5;14;6;5;1;10;2;2;28;16;19;0;2;3;6;0
44151;47;17;69.4667;53.5;73.5;0;0;4;1;1;0;2;0;0;0;20;1124;0;79;1045;0;0;0;16;2;7;3;4;0;4;0;34;5;12;2;20;7;2;1;12;5;8;28;16;19;0;1;0;1;0
44151;97;20;74.8429;46.4;94.2;0;0;-1;0;0;4;0;5;0;1;22;1246;64;0;1182;0;0;0;2;18;2;5;3;11;0;1;5;32;3;14;4;13;1;5;4;6;11;19;16;28;1;2;1;0;0
44151;311;20;58.3;58.7;57.3;0;0;-1;0;0;1;0;0;1;0;18;929;179;0;750;0;0;0;2;10;0;5;3;5;0;1;5;40;5;14;4;19;1;5;4;4;5;19;16;28;1;0;0;0;0
44151;453;17;75.5667;84.2;54.1;2;1;3;2;0;0;0;0;0;0;20;1094;0;109;985;6;5;54.5;10;0;5;1;2;2;3;0;40;7;14;4;22;5;3;1;7;5;3;28;16;19;0;2;0;0;0
44151;455;20;65.2;50.2;80.2;0;0;-1;2;0;4;0;1;2;1;19;1020;179;91;750;8;7;53.3;2;10;0;5;3;5;0;1;5;40;5;14;4;19;1;5;6;4;6;19;16;28;3;1;2;0;0
44151;566;17;65.3667;68.7;54.7;0;0;1;4;0;0;2;0;0;1;20;1123;120;0;1003;0;0;0;19;2;4;3;10;1;1;0;31;5;15;2;14;6;5;1;9;6;9;28;16;19;0;2;1;1;0
44151;580;17;68.6333;66.6;71.5;0;0;1;2;1;0;0;2;1;0;17;921;0;134;787;0;2;0.0;17;2;5;0;10;1;1;0;33;5;14;5;14;6;5;1;11;2;5;28;16;19;0;2;0;1;0
44151;736;17;54.8;56;53.9;0;0;-1;1;1;1;0;0;0;0;10;563;0;134;429;0;2;0.0;3;3;4;1;2;3;0;1;47;4;15;4;22;4;6;0;2;4;5;28;16;19;1;1;1;0;0
44151;788;17;71.1429;56.3;69.3;0;1;0;3;2;3;0;0;0;1;28;1562;120;145;1297;0;0;0;19;3;9;1;11;6;1;1;31;4;10;4;13;1;5;0;8;6;10;28;16;19;2;5;1;0;0
44151;807;17;54.2333;55.4;51.3;0;0;-1;1;0;0;0;1;0;0;8;429;0;0;429;0;0;0;3;3;4;1;2;3;0;1;47;4;15;4;22;4;6;0;1;4;2;28;16;19;0;1;0;0;0
44151;835;17;72.3333;65.6;78.9;0;1;0;1;2;1;0;0;0;0;25;1406;120;0;1286;0;0;0;19;3;9;1;11;6;1;1;31;4;10;4;13;1;5;0;7;6;8;28;16;19;0;3;1;0;0
44151;879;20;58.2;70.8;41.4;0;1;-3;0;0;0;0;3;1;0;19;1013;0;91;922;3;3;50.0;2;11;2;4;1;2;1;4;5;39;3;15;6;22;0;2;9;9;10;19;16;28;0;0;0;0;0
44151;996;17;65.1857;76.4;49.3;0;2;4;1;3;0;0;1;0;1;20;1056;0;66;990;0;0;0;11;0;6;1;2;2;4;0;39;7;13;4;22;5;2;1;6;4;3;28;16;19;0;3;0;1;0
44151;1017;20;54.0429;51.7;52.9;0;0;-1;0;1;4;0;0;0;0;17;903;0;29;874;5;3;62.5;1;19;3;7;2;10;0;1;6;31;2;12;5;14;1;5;4;1;4;19;16;28;1;3;1;0;0
44151;1018;17;76.18;78.9;54.8;0;1;1;7;1;0;0;0;0;0;20;1118;120;0;998;0;0;0;19;2;4;3;10;1;1;0;31;5;15;2;14;6;5;1;9;5;9;28;16;19;0;5;1;1;1
44151;1062;17;73.4714;87.1;60.9;2;0;4;4;1;1;5;1;0;0;18;896;0;0;896;0;2;0.0;9;0;4;1;1;2;4;0;41;7;15;4;23;5;2;1;5;4;3;28;16;19;1;2;1;2;0
44151;1440;17;65.2333;57.6;66.4;0;1;4;2;1;0;0;1;1;0;21;1148;0;98;1050;0;0;0;16;2;7;3;4;0;4;0;34;5;12;2;20;7;2;1;12;5;7;28;16;19;0;2;1;0;0
44151;1466;20;58.2571;44.7;67.2;0;0;-1;0;0;2;0;1;1;1;27;1258;179;91;988;0;0;0;3;15;2;8;1;7;0;1;4;35;3;11;6;17;1;5;9;6;6;19;16;28;1;1;0;0;0
44151;1556;17;55.6333;54;55.9;0;0;0;0;3;1;0;1;0;0;9;495;0;0;495;4;3;57.1;4;3;5;1;2;3;1;1;46;4;14;4;22;4;5;0;1;4;2;28;16;19;1;0;3;0;0
44151;1572;20;46.85;50.9;43.4;0;0;-1;1;0;1;0;0;0;0;25;1079;0;91;988;0;0;0;3;15;2;8;1;7;0;1;4;35;3;11;6;17;1;5;6;6;5;19;16;28;1;0;1;0;0
44151;1726;17;66.3;63.5;69.2;0;1;1;3;1;0;0;0;0;0;15;890;0;0;890;0;0;0;15;2;3;1;9;1;1;0;35;5;16;4;15;6;5;1;8;5;2;28;16;19;0;2;2;0;0
44151;1987;17;54.2125;58.8;50.5;0;0;1;3;1;0;0;0;0;0;15;787;0;0;787;0;0;0;17;2;5;0;10;1;1;0;33;5;14;5;14;6;5;1;10;2;2;28;16;19;0;3;1;0;0
44151;2514;20;53.6333;52.8;47.8;0;0;-1;0;0;2;0;0;0;0;17;901;0;0;901;0;1;0.0;1;20;3;8;2;10;0;1;6;30;2;11;5;14;1;5;4;1;3;19;16;28;2;0;0;0;0
44151;2518;20;54.7;53.1;55.2;0;0;0;1;0;0;0;0;0;0;10;643;0;0;643;7;5;58.3;2;10;0;3;1;7;0;0;5;40;5;16;6;17;1;6;2;2;8;19;16;28;0;1;0;0;0
44151;2553;20;53.5667;52;54.8;0;0;-1;0;0;2;0;2;0;0;18;929;179;0;750;0;0;0;2;10;0;5;3;5;0;1;5;40;5;14;4;19;1;5;4;4;5;19;16;28;1;1;0;0;0
44151;2662;17;72.5286;58.4;81.9;0;0;1;1;0;0;0;1;2;0;16;1004;0;98;906;0;0;0;15;2;3;1;9;1;1;0;35;5;16;4;15;6;5;1;9;5;3;28;16;19;0;1;0;0;0
44151;3542;17;94.2714;89.6;91.6;1;1;1;7;2;1;0;1;1;0;24;1354;120;109;1125;12;13;48.0;21;2;6;3;11;1;1;0;29;5;13;2;13;6;5;1;11;6;9;28;16;19;0;6;2;1;1
44151;4327;20;56.3167;57.6;49.9;0;0;-1;2;0;3;2;0;0;0;22;1276;64;0;1212;0;0;0;2;18;2;6;3;12;0;1;5;32;3;13;4;12;1;5;6;6;11;19;16;28;1;3;1;0;0
44151;4778;20;61.05;51.9;57.1;0;0;0;1;0;1;0;5;0;0;11;779;64;0;715;0;1;0.0;2;9;0;3;1;6;0;0;5;41;5;16;6;18;1;6;2;2;11;19;16;28;1;1;0;0;0
44151;4789;20;48.8143;50.4;48.2;0;0;-3;0;0;2;0;0;0;0;17;1096;0;29;1067;0;0;0;2;17;1;6;3;6;1;4;5;33;4;13;4;18;0;2;6;4;11;19;16;28;2;0;0;0;0
44151;4993;20;51.0333;50.6;51.9;0;0;-1;0;3;0;0;3;0;0;18;1035;179;0;856;0;0;0;1;19;3;7;2;9;0;1;6;31;2;12;5;15;1;5;7;1;4;19;16;28;0;2;1;0;0
44151;5020;20;15.8143;49.5;10.2;0;0;-3;0;1;1;0;0;0;0;17;1096;0;29;1067;0;0;0;2;17;1;6;3;6;1;4;5;33;4;13;4;18;0;2;6;4;11;19;16;28;0;0;1;1;0
44151;5281;20;53.15;51.4;50.5;0;0;0;1;0;1;0;1;0;0;10;643;0;0;643;0;0;0;2;10;0;3;1;7;0;0;5;40;5;16;6;17;1;6;2;2;8;19;16;28;1;1;0;0;0
44151;5462;20;54.2;55.9;36.9;0;0;-3;2;0;0;0;2;0;0;20;1069;64;29;976;0;0;0;2;11;2;3;1;3;1;4;5;39;3;16;6;21;0;2;5;9;11;19;16;28;0;1;0;0;1
44151;5687;20;85.4286;78.8;53.9;1;0;-3;1;1;0;5;8;0;0;19;965;64;0;901;12;8;60.0;2;11;2;3;1;2;1;4;5;39;3;16;6;22;0;2;7;9;8;19;16;28;0;2;0;0;0
44153;91;24;51.3;47.4;50.4;0;0;0;0;0;1;0;1;0;1;15;403;0;46;357;1;1;50.0;2;1;0;0;2;4;0;0;14;15;1;13;8;5;1;1;0;3;1;25;15;30;1;0;0;0;0
44153;121;279;62.2429;47.3;66.6;0;0;1;3;1;1;6;2;0;0;29;1279;64;108;1107;0;0;0;9;7;6;1;2;4;1;0;7;9;7;0;7;6;0;1;13;7;9;30;15;25;1;3;1;0;0
44153;126;279;67.2;70.6;58;1;2;-1;3;0;0;0;0;1;0;24;963;321;70;572;1;4;20.0;3;5;0;0;2;2;0;1;13;11;13;1;7;8;1;0;5;6;8;30;15;25;0;1;1;0;1
44153;267;24;55.85;53.3;57.4;0;0;-1;1;0;1;2;0;0;0;15;752;44;4;704;0;0;0;3;6;0;2;2;3;0;1;13;10;1;11;8;6;1;0;5;1;6;25;15;30;1;1;0;0;0
44153;330;279;52.8571;51.9;50;0;0;1;1;0;1;0;1;0;1;15;656;0;0;656;8;5;61.5;7;2;3;0;3;5;1;0;9;14;10;1;6;5;0;1;4;6;3;30;15;25;0;2;0;0;0
44153;412;24;68.85;62;66.9;0;0;1;4;0;0;2;3;0;0;23;1021;128;187;706;1;5;16.7;8;3;1;6;4;0;1;0;8;13;0;7;6;9;0;1;10;5;8;25;15;30;0;4;0;0;0
44153;500;24;68.5857;57.9;83.4;0;1;0;4;0;2;0;1;0;2;22;1290;571;20;699;9;12;42.9;3;6;0;5;2;2;0;0;13;10;1;8;8;7;1;1;10;5;15;25;15;30;2;2;1;1;0
44153;569;279;60.4857;50.6;67.9;0;0;0;1;0;0;0;0;2;0;20;744;50;93;601;0;0;0;2;3;2;0;6;3;0;0;14;13;11;1;3;7;1;1;4;2;3;30;15;25;0;1;0;0;0
44153;641;24;61.6;59.6;62.4;0;0;0;1;0;0;0;2;1;0;23;1058;150;91;817;0;0;0;4;6;0;5;2;3;0;0;12;10;1;8;8;6;1;1;7;6;9;25;15;30;0;0;0;0;1
44153;1147;24;75.3286;58.1;92.7;0;0;0;1;0;1;2;1;2;0;16;870;571;0;299;0;0;0;2;1;0;0;3;3;0;0;14;15;1;13;7;6;1;1;4;3;8;25;15;30;1;0;1;0;0
44153;1218;279;81.85;48.3;88.2;0;0;-1;2;0;5;0;1;2;1;30;1285;50;414;821;0;0;0;6;7;3;0;1;3;0;1;10;9;10;1;8;7;1;0;11;4;8;30;15;25;3;1;2;1;0
44153;1245;279;58.1333;56.1;61.6;0;0;0;1;1;1;0;0;1;1;13;500;0;250;250;2;2;50.0;3;1;3;0;1;0;0;0;13;15;10;1;8;10;1;1;4;0;1;30;15;25;0;2;0;1;0
44153;1316;279;67.6143;65;67;1;1;-1;2;1;4;0;2;1;0;32;1337;44;408;885;0;0;0;6;8;4;0;1;3;0;1;10;8;9;1;8;7;1;0;12;4;10;30;15;25;3;2;0;2;0
44153;1357;279;72.05;64.5;76;0;1;-1;0;0;2;0;1;0;0;25;943;0;358;585;6;6;50.0;1;4;0;0;1;2;0;1;15;12;13;1;8;8;1;0;7;4;8;30;15;25;2;0;0;0;0
44153;1368;24;57.7143;53.9;58;0;0;0;1;0;1;0;2;0;0;26;1084;44;251;789;0;0;0;3;5;0;6;4;3;0;0;13;11;1;7;6;6;1;1;9;4;14;25;15;30;1;1;0;0;0
44153;1434;279;50.7143;54.6;49.6;0;0;0;1;1;0;0;0;0;0;11;427;0;218;209;0;0;0;2;1;3;0;0;0;0;0;14;15;10;1;9;10;1;1;3;0;1;30;15;25;0;0;1;1;0
44153;1535;24;55.1667;53.1;59.3;0;0;-1;1;0;0;0;3;0;1;15;767;31;42;694;0;1;0.0;4;6;0;2;1;3;0;1;12;10;1;11;9;6;1;0;4;2;6;25;15;30;0;0;0;0;1
44153;1711;279;68.75;71.6;58.7;0;1;1;2;2;2;2;0;0;0;19;843;4;53;786;0;0;0;9;4;6;0;3;5;1;0;7;12;7;1;6;5;0;1;9;5;5;30;15;25;1;2;2;0;1
44153;2360;24;74.4;53.3;89.7;0;1;1;2;0;1;0;1;0;0;22;1180;150;120;910;0;0;0;11;5;1;5;3;6;1;0;5;11;0;8;7;3;0;1;9;7;7;25;15;30;0;2;0;1;0
44153;2447;279;59.48;61;52.9;1;0;0;1;1;0;0;1;0;0;11;344;80;0;264;0;0;0;1;1;3;0;0;1;0;0;15;15;10;1;9;9;1;1;2;1;0;30;15;25;0;2;0;0;0
44153;2478;24;54.7714;52.2;56.7;0;0;-1;1;0;1;0;1;0;0;18;857;0;119;738;0;0;0;2;5;0;2;3;0;0;1;14;11;1;11;7;9;1;0;3;3;3;25;15;30;1;1;0;0;0
44153;2513;279;59.1;54.5;76.7;0;0;0;0;1;0;0;2;0;1;29;1259;327;221;711;0;0;0;2;5;4;0;6;3;0;0;14;11;9;1;3;7;1;1;8;5;11;30;15;25;0;0;0;1;0
44153;2637;279;63.7167;59.9;71.4;0;1;0;0;1;0;0;1;2;1;26;959;96;12;851;1;0;100.0;3;5;4;1;5;3;0;0;13;11;9;0;4;7;1;1;7;3;5;30;15;25;0;1;0;0;0
44153;2650;279;53.7333;53.7;48.7;0;0;-1;1;0;0;4;1;0;0;21;722;96;70;556;4;5;44.4;3;5;0;0;2;2;0;1;13;11;13;1;7;8;1;0;5;4;3;30;15;25;0;0;0;0;1
44153;2697;279;70.2333;66.3;76.9;0;1;1;1;0;1;0;0;0;0;17;818;321;0;497;0;0;0;7;1;3;0;2;4;1;0;9;15;10;1;7;6;0;1;6;4;9;30;15;25;1;1;0;0;0
44153;2790;279;73.7714;66.4;82.1;0;1;1;2;1;2;4;0;1;0;34;1471;327;154;990;0;0;0;8;5;7;1;2;4;1;0;8;11;6;0;7;6;0;1;13;9;11;30;15;25;1;2;1;1;0
44153;2800;24;57.8286;50.2;63.2;0;0;0;2;0;0;0;3;0;0;27;1431;549;50;832;0;0;0;3;6;0;6;4;3;0;0;13;10;1;7;6;6;1;1;8;4;18;25;15;30;0;0;2;0;0
44153;3146;24;73.0857;70.8;70.4;1;0;0;2;0;1;0;3;0;0;17;851;505;47;299;1;0;100.0;2;1;0;0;3;3;0;0;14;15;1;13;7;6;1;1;5;3;6;25;15;30;0;2;0;1;0
44153;3383;24;62.8286;51.4;63.1;0;0;0;1;0;2;2;1;0;1;22;933;0;223;710;1;2;33.3;3;5;0;4;2;3;0;0;13;11;1;9;8;6;1;1;8;6;8;25;15;30;0;2;1;0;0
44153;3544;279;95.4;94.4;93.7;2;0;0;2;3;0;2;2;0;1;38;1644;325;367;952;19;6;76.0;4;8;7;1;4;3;0;0;12;8;6;0;5;7;1;1;17;5;17;30;15;25;0;3;1;1;0
44153;3548;24;87.4333;81.6;92;1;1;1;7;3;0;0;4;1;0;22;1282;549;0;733;11;12;47.8;7;4;1;6;4;0;1;0;9;12;0;7;6;9;0;1;8;5;12;25;15;30;0;4;1;3;2
44153;4552;279;58.8333;58.4;58.5;0;0;0;1;1;0;0;0;0;0;20;836;0;0;836;0;1;0.0;3;6;4;1;4;3;0;0;13;10;9;0;5;7;1;1;6;4;4;30;15;25;0;1;0;0;1
44153;4799;24;60;58.4;57.4;0;0;-1;2;0;1;0;1;0;0;18;833;84;71;678;4;8;33.3;4;5;0;2;1;3;0;1;12;11;1;11;9;6;1;0;5;2;5;25;15;30;0;1;1;1;0
44153;4996;24;67.0286;53.7;68.2;0;0;1;3;1;0;0;1;0;0;25;1290;119;286;885;0;0;0;10;5;1;5;2;6;1;0;6;11;0;8;8;3;0;1;13;6;10;25;15;30;0;4;0;0;0
44153;4998;24;47.9143;41.4;53.5;0;0;-1;0;0;0;5;1;0;2;15;825;0;73;752;0;0;0;2;5;0;2;4;0;0;1;14;11;1;11;6;9;1;0;4;4;2;25;15;30;0;0;0;0;0
44153;5465;24;49.4286;55.1;48.4;0;0;1;0;0;0;4;0;0;0;16;573;0;0;573;1;0;100.0;5;4;1;4;4;0;1;0;11;12;0;9;6;9;0;1;2;5;2;25;15;30;0;0;0;0;0
44155;22;15;98.6286;100;69.1;1;2;1;7;2;0;0;0;1;1;29;1160;150;26;984;11;4;73.3;16;4;6;0;5;1;1;0;16;5;14;4;9;3;2;0;9;3;8;24;13;21;0;6;1;2;0
44155;44;15;68.2;66.4;62.8;0;0;1;2;1;1;0;0;0;2;27;1162;167;139;856;2;5;28.6;12;2;5;1;6;1;1;0;20;7;15;3;8;3;2;0;6;2;15;24;13;21;0;3;0;1;0
44155;53;15;78.1286;88.5;57.3;1;1;1;4;1;0;2;3;0;0;22;1084;135;113;836;0;0;0;12;2;7;0;6;1;1;0;20;7;13;4;8;3;2;0;4;5;5;24;13;21;0;1;1;3;0
44155;58;25;50.0286;50.6;48.9;0;0;-1;0;0;1;0;2;1;0;33;1311;181;138;992;0;0;0;6;10;2;8;1;5;0;1;3;22;2;12;3;9;0;2;13;5;9;21;13;24;1;0;0;0;0
44155;79;15;62.1571;49.7;64;0;0;0;1;2;1;0;1;1;1;23;998;0;105;893;0;0;0;11;4;6;1;4;2;0;0;21;5;14;3;10;2;3;0;4;3;4;24;13;21;1;2;1;0;0
44155;175;25;56.3;51.3;59;0;0;0;1;0;0;0;1;0;0;17;884;163;0;721;1;3;25.0;2;8;1;7;0;6;0;0;7;24;3;13;4;8;0;3;4;1;2;21;13;24;0;0;0;1;0
44155;349;15;66.92;70.9;54;1;1;2;3;0;0;2;2;0;1;19;806;150;0;656;0;0;0;9;2;5;1;4;1;2;0;23;7;15;3;10;3;1;0;2;2;11;24;13;21;0;1;1;1;0
44155;384;25;62.5571;52.2;61.6;0;0;-1;1;0;1;0;2;0;0;19;819;28;146;645;5;9;35.7;2;10;1;5;0;3;0;1;7;22;3;15;4;11;0;2;10;3;6;21;13;24;1;0;0;1;0
44155;414;25;61.9;60.2;53.9;0;0;-1;0;0;3;0;2;0;0;21;851;163;103;585;0;0;0;3;3;0;3;2;4;0;1;6;29;4;17;2;10;0;2;3;7;3;21;13;24;1;2;0;0;0
44155;458;15;53.3333;54.6;50.8;0;0;0;0;0;0;0;0;0;0;15;468;0;157;311;1;1;50.0;2;1;3;2;1;0;0;0;30;8;17;2;13;4;3;0;4;2;2;24;13;21;0;0;0;0;0
44155;693;15;70.3;51.1;72.8;0;0;2;3;2;0;0;0;0;1;32;1249;0;213;1036;0;0;0;17;2;8;1;4;0;2;0;15;7;12;3;10;4;1;0;15;5;6;24;13;21;0;3;1;1;0
44155;706;15;65.2333;56.2;66.8;0;0;1;1;0;1;0;3;0;0;25;1196;0;293;903;0;0;0;7;3;5;2;6;3;1;0;25;6;15;2;8;1;2;0;5;6;6;24;13;21;0;1;1;0;0
44155;801;15;68.7667;63.9;70.4;0;1;1;9;1;0;0;0;2;2;31;1240;135;286;819;6;6;50.0;13;2;7;0;4;1;1;0;19;7;13;4;10;3;2;0;10;7;4;24;13;21;0;4;5;1;0
44155;965;15;71.5286;76.3;58.9;0;1;2;3;3;0;2;0;0;1;27;966;150;113;703;8;2;80.0;10;2;4;1;4;1;2;0;22;7;16;3;10;3;1;0;4;3;12;24;13;21;0;2;2;1;1
44155;988;15;68.3333;56.9;90.6;0;0;0;4;1;1;0;0;2;1;21;1058;118;152;788;0;0;0;8;3;7;1;4;1;0;0;24;6;13;3;10;3;3;0;3;2;5;24;13;21;1;2;2;1;0
44155;1023;15;53.85;53.5;54.2;0;0;0;0;1;0;0;0;0;0;7;236;0;0;236;0;0;0;0;1;3;2;1;0;0;0;32;8;17;2;13;4;3;0;2;1;1;24;13;21;0;0;0;1;0
44155;1140;15;67.3667;68.9;60.7;0;0;0;2;1;1;0;1;0;0;23;1101;135;286;680;0;1;0.0;5;3;7;1;2;2;0;0;27;6;13;3;12;2;3;0;10;4;2;24;13;21;1;3;0;0;0
44155;1262;15;50.025;54.9;47.9;0;0;0;0;1;0;2;3;0;0;14;730;0;0;730;1;5;16.7;4;3;5;1;5;2;0;0;28;6;15;3;9;2;3;0;4;3;1;24;13;21;0;0;1;0;0
44155;1330;15;62.0429;49.4;72.4;0;0;1;2;1;1;2;0;0;2;26;1272;118;217;937;0;0;0;7;4;6;2;6;2;1;0;25;5;14;2;8;2;2;0;6;7;5;24;13;21;1;2;0;0;1
44155;1367;15;48.7429;52.2;48.4;0;0;0;0;2;0;0;0;0;0;8;316;0;0;316;0;5;0.0;0;1;3;2;1;0;0;0;32;8;17;2;13;4;3;0;2;2;1;24;13;21;0;0;1;1;0
44155;1439;15;70.9429;61.4;71.6;0;0;1;1;2;0;0;0;0;0;16;790;0;44;746;0;0;0;6;3;5;1;3;2;1;0;26;6;15;3;11;2;2;0;4;3;0;24;13;21;0;1;0;2;0
44155;1735;25;66.9429;48.3;77.1;0;0;-1;1;0;1;0;3;1;1;19;953;169;0;784;4;6;40.0;1;12;1;4;0;5;0;1;8;20;3;16;4;9;0;2;5;3;5;21;13;24;1;0;0;1;0
44155;3284;25;58.6571;52.2;62.8;0;0;-1;0;0;3;0;1;0;0;25;1035;6;138;891;0;0;0;0;12;0;8;1;5;0;1;9;20;4;12;3;9;0;2;9;2;5;21;13;24;2;0;0;1;0
44155;3545;15;71.8;73.5;66.9;1;0;2;5;1;0;4;0;0;1;32;1327;167;184;976;0;0;0;16;2;8;1;4;0;2;0;16;7;12;3;10;4;1;0;14;3;11;24;13;21;0;4;0;1;1
44155;4356;25;51.9333;48.5;70.5;0;0;-1;1;0;1;6;3;1;1;23;1379;427;55;897;0;0;0;3;12;2;6;1;4;0;1;6;20;2;14;3;10;0;2;4;6;11;21;13;24;0;1;1;0;0
44155;4558;25;62.3667;55.5;72.5;0;0;-1;2;1;1;0;1;0;0;31;1424;419;92;913;0;0;0;6;9;2;7;2;3;0;1;3;23;2;13;2;11;0;2;9;4;16;21;13;24;1;2;1;0;0
44155;4567;25;57.0667;54;61.4;0;0;0;0;0;2;0;2;0;0;25;1182;163;55;964;0;0;0;0;12;0;7;1;7;0;0;9;20;4;13;3;7;0;3;6;5;5;21;13;24;1;0;1;0;0
44155;4572;25;47.3125;48.2;46.3;0;0;0;0;0;0;0;3;0;1;10;598;0;112;486;1;0;100.0;1;3;1;5;1;3;0;0;8;29;3;15;3;11;0;3;5;2;3;21;13;24;0;0;0;0;0
44155;4782;25;58.4714;57.5;58.1;0;0;-1;1;0;0;0;1;0;0;22;1179;385;0;794;1;0;100.0;3;10;2;8;1;4;0;1;6;22;2;12;3;10;0;2;5;1;10;21;13;24;0;1;0;0;0
44155;4783;25;53.8286;54.6;50.5;0;0;-1;1;0;0;0;0;0;0;16;732;0;103;629;1;1;50.0;2;9;2;4;1;3;0;1;7;23;2;16;3;11;0;2;3;4;4;21;13;24;0;1;0;0;0
44155;4814;25;54.0429;49.1;53.1;0;0;0;1;0;1;0;0;0;0;7;438;0;0;438;0;0;0;1;3;1;4;0;3;0;0;8;29;3;16;4;11;0;3;4;2;3;21;13;24;1;1;0;0;0
44155;4816;25;50.5857;45.1;49.4;0;0;-2;0;0;1;0;3;0;1;22;947;2;92;853;0;0;0;3;12;2;5;2;4;0;2;6;20;2;15;2;10;0;1;1;4;2;21;13;24;1;0;0;0;0
44155;5010;25;53.9143;52.8;56;0;0;-1;0;1;0;0;1;1;0;16;624;0;36;588;0;0;0;3;2;0;3;3;2;0;1;6;30;4;17;1;12;0;2;1;5;2;21;13;24;0;1;0;0;0
44155;5069;25;50.7;49.2;55.2;0;0;-1;0;0;2;2;2;0;1;16;773;0;0;773;0;0;0;3;10;1;8;1;4;0;1;6;22;3;12;3;10;0;2;2;0;2;21;13;24;1;0;1;0;0
44155;5259;25;59.0333;47.4;71.8;0;0;-1;0;2;7;2;0;1;2;27;1250;413;70;767;3;2;60.0;2;13;2;4;0;3;0;1;7;19;2;16;4;11;0;2;11;4;14;21;13;24;4;2;2;1;0
44155;5282;25;59.4714;55.5;70.8;0;0;-1;1;1;0;2;1;2;0;24;1077;391;0;686;13;8;61.9;3;5;0;4;3;2;0;1;6;27;4;16;1;12;0;2;4;5;12;21;13;24;0;1;0;1;0
44157;97;20;69.1;57.7;78.7;0;1;0;1;1;2;12;1;0;0;24;1135;140;109;886;0;0;0;4;9;3;3;2;3;1;1;13;19;6;5;5;6;1;3;3;6;3;18;15;23;0;3;0;1;0
44157;181;18;77.9667;90.3;49.7;0;4;0;4;1;1;0;0;0;0;29;1254;201;143;910;0;0;0;8;7;2;5;3;2;1;2;20;10;6;4;6;5;3;0;9;6;8;23;15;18;0;3;2;1;0
44157;264;18;60.5333;58.1;70.9;0;0;-2;0;1;1;0;2;0;0;23;1008;201;0;807;1;2;33.3;6;8;2;3;2;2;0;2;22;9;6;6;7;5;4;0;7;4;10;23;15;18;0;1;1;0;0
44157;311;20;57.7143;68.5;42.4;0;1;-4;4;1;0;0;0;0;0;23;1089;453;0;636;0;1;0.0;3;7;1;2;1;3;0;3;14;21;8;6;6;6;2;1;5;5;10;18;15;23;0;4;1;0;0
44157;321;18;71.9;75.5;62.3;1;0;3;1;1;1;0;3;0;0;22;1065;75;171;819;2;0;100.0;11;1;2;3;3;1;2;0;17;16;6;6;6;6;2;2;5;7;2;23;15;18;1;1;0;1;0
44157;455;20;68.05;69.4;64.7;1;0;-4;3;0;2;0;0;0;0;29;1216;453;127;636;15;7;68.2;3;7;1;2;1;3;0;3;14;21;8;6;6;6;2;1;9;5;11;18;15;23;2;1;1;1;0
44157;629;18;52.6286;50;51.5;0;0;0;1;1;0;2;0;0;0;16;644;34;0;610;5;3;62.5;3;3;1;2;1;1;0;0;25;14;7;7;8;6;4;2;4;3;3;23;15;18;0;1;0;0;1
44157;631;18;77.0429;84.5;57;0;4;1;1;0;0;0;3;0;0;24;940;273;0;667;0;0;0;4;7;3;1;1;2;1;0;24;10;5;8;8;5;3;2;2;3;7;23;15;18;0;1;0;0;0
44157;727;18;72.5;67.2;77;0;1;1;1;0;1;0;0;0;0;22;841;93;293;455;4;5;44.4;5;1;0;2;3;2;1;0;23;16;8;7;6;5;3;2;9;4;4;23;15;18;1;0;0;1;0
44157;864;18;73.0571;74.1;69.8;2;0;2;2;0;1;6;3;1;0;12;600;198;0;402;0;0;0;5;1;0;1;3;1;2;0;23;16;8;8;6;6;2;2;5;2;6;23;15;18;0;0;1;2;0
44157;879;20;61.4286;65.3;57.2;0;0;1;2;0;0;2;2;0;2;27;930;0;150;780;1;1;50.0;8;2;3;0;4;1;1;0;9;26;6;8;3;8;1;4;6;5;6;18;15;23;0;0;2;0;0
44157;1017;20;63.9143;63.8;55.1;1;0;1;1;3;0;0;2;0;0;18;800;0;71;729;8;5;61.5;2;8;4;2;1;2;1;0;15;20;5;6;6;7;1;4;4;3;6;18;15;23;0;1;1;2;0
44157;1203;18;61;64;59;1;0;3;3;1;0;0;1;0;1;24;942;0;293;649;3;5;37.5;13;1;2;4;4;2;3;0;15;16;6;5;5;5;1;2;10;4;5;23;15;18;0;2;1;0;1
44157;1250;18;72.5429;69.2;75.3;1;1;-1;5;0;1;12;1;1;0;19;954;260;0;694;5;13;27.8;6;5;2;2;2;2;0;1;22;12;6;7;7;5;4;1;7;4;8;23;15;18;0;1;3;2;0
44157;1306;18;55.5857;61.2;52.6;0;1;-1;0;1;1;2;3;0;0;25;1151;93;113;945;0;0;0;8;6;2;5;3;2;1;2;20;11;6;4;6;5;3;0;5;7;3;23;15;18;0;1;1;0;0
44157;1325;18;55.95;69.6;41.7;0;1;2;4;0;0;0;1;0;0;23;884;0;162;722;0;2;0.0;12;2;2;3;3;1;2;1;16;15;6;6;6;6;2;1;5;5;2;23;15;18;0;2;1;1;0
44157;1466;20;48.0143;54.1;43.1;0;0;-3;2;2;1;0;0;0;0;33;1279;431;143;705;0;0;0;4;7;3;1;1;4;0;2;13;21;6;7;6;5;2;2;11;4;15;18;15;23;0;2;3;0;0
44157;1572;20;48.4333;40;50;0;0;-1;0;0;0;0;0;0;2;27;836;13;143;680;0;0;0;4;4;3;1;1;3;0;1;13;24;6;7;6;6;2;3;8;3;9;18;15;23;0;0;0;0;0
44157;1586;18;55.1;54.6;58.2;0;0;0;2;0;0;12;0;1;0;19;756;21;116;619;0;1;0.0;5;8;4;1;0;2;0;0;23;9;4;8;9;5;4;2;1;2;2;23;15;18;0;1;0;1;0
44157;2514;20;57.5;55.6;60.1;0;0;-1;0;0;0;0;0;0;0;15;723;0;0;723;0;0;0;1;9;4;2;1;2;0;1;16;19;5;6;6;7;2;3;3;3;5;18;15;23;0;0;0;0;0
44157;2518;20;64.1;57.2;62.8;0;1;0;1;0;0;0;0;2;0;14;677;0;54;623;2;3;40.0;6;10;1;4;1;2;1;1;11;18;8;4;6;7;1;3;2;4;0;18;15;23;0;0;0;1;0
44157;2553;20;58.4333;57;65.6;0;0;-4;1;0;1;0;1;0;0;20;982;418;0;564;0;1;0.0;2;7;1;2;1;3;0;3;15;21;8;6;6;6;2;1;4;5;8;18;15;23;1;1;0;0;0
44157;2814;18;69.2714;52.9;70.6;0;1;1;2;0;1;0;0;0;1;21;1158;0;285;873;0;0;0;10;1;2;2;3;3;1;0;18;16;6;7;6;4;3;2;9;3;6;23;15;18;1;1;0;1;0
44157;3561;18;63.7;63.2;56;1;1;1;4;1;0;0;2;0;1;18;746;21;0;725;4;1;80.0;5;8;3;1;1;2;1;0;23;9;5;8;8;5;3;2;0;3;2;23;15;18;0;1;2;2;0
44157;4327;20;51.7333;52.5;46.1;0;0;-1;2;2;1;0;0;0;0;28;1317;140;109;1068;0;0;0;7;12;3;5;2;3;1;2;10;16;6;3;5;6;1;2;3;8;3;18;15;23;1;2;1;1;0
44157;4564;18;70.25;51.2;73.7;0;0;0;1;1;2;0;1;0;0;17;860;0;143;717;0;0;0;7;1;3;1;1;2;0;0;21;16;5;8;8;5;4;2;2;3;3;23;15;18;1;2;1;0;0
44157;4577;18;81.1286;54.6;85.2;1;0;3;1;1;2;0;4;0;1;27;1350;0;285;1065;0;0;0;14;9;4;3;5;3;3;0;14;8;4;6;4;4;1;2;12;4;7;23;15;18;1;3;0;0;0
44157;4771;18;48.3;53;38.9;0;0;-1;1;0;0;0;0;0;1;21;1032;0;107;925;0;0;0;9;5;3;4;4;3;0;1;19;12;5;5;5;4;4;1;7;3;4;23;15;18;0;1;0;0;0
44157;4778;20;67.6125;55.2;70.9;0;1;0;1;1;1;2;3;0;1;17;917;131;73;713;0;0;0;6;11;1;5;1;3;1;1;11;17;8;3;6;6;1;3;3;4;1;18;15;23;1;0;1;0;1
44157;4786;18;68.12;54.4;86.2;1;0;3;3;0;1;0;0;1;2;22;1110;0;173;937;0;0;0;9;9;3;2;3;2;2;0;19;8;5;7;6;5;2;2;7;6;4;23;15;18;1;2;1;0;0
44157;4789;20;63.8286;47.5;66.2;0;1;1;1;1;0;0;0;0;1;19;1069;0;42;1027;0;0;0;8;11;3;3;4;2;1;0;9;17;6;5;3;7;1;4;4;3;5;18;15;23;0;2;0;0;0
44157;4993;20;51.6667;48.4;57;0;0;-2;0;1;1;0;1;1;1;22;1188;440;42;706;0;0;0;1;11;4;2;1;3;0;1;16;17;5;6;6;6;2;3;6;3;11;18;15;23;0;2;0;0;0
44157;5020;20;53.0857;45.2;54.4;0;0;1;0;1;2;0;0;0;1;19;1004;0;42;962;0;0;0;6;9;3;2;4;2;1;0;11;19;6;6;3;7;1;4;4;3;5;18;15;23;1;1;1;0;0
44157;5281;20;52.35;53.8;50.5;1;0;0;1;0;0;0;0;0;1;14;630;7;0;623;1;0;100.0;6;10;1;4;1;2;1;1;11;18;8;4;6;7;1;3;2;3;0;18;15;23;0;0;0;1;0
44157;5462;20;55.86;56.5;54.8;0;0;0;2;0;0;2;4;0;1;24;915;111;71;733;0;0;0;6;3;3;0;4;2;0;0;11;25;6;8;3;7;2;4;4;3;7;18;15;23;0;2;0;0;0
44157;5687;20;94.0143;80.3;84.3;1;0;0;3;2;0;4;5;0;0;23;865;118;0;747;5;6;45.5;6;3;3;0;4;2;0;0;11;25;6;8;3;7;2;4;3;3;6;18;15;23;0;3;0;2;0
44159;39;9;67.7;60.3;71.5;0;0;0;0;2;2;0;2;0;0;15;721;0;42;679;1;5;16.7;1;2;2;1;2;3;0;0;13;11;8;10;6;5;1;0;3;3;0;18;13;17;2;1;0;1;0
44159;54;10;59.7857;55.3;62.8;0;0;0;0;0;0;0;5;0;0;23;1025;67;94;864;0;0;0;5;2;3;6;2;2;0;0;8;12;8;4;6;6;0;1;3;2;4;17;13;18;0;0;0;0;0
44159;170;9;49.2143;49.6;48.7;0;0;1;0;1;0;0;2;0;1;8;450;0;0;450;0;0;0;3;3;1;2;1;1;1;0;11;10;9;9;7;7;0;0;1;3;4;18;13;17;0;1;0;0;0
44159;303;9;62.9571;68.6;56.6;0;1;0;1;0;0;2;2;0;0;20;937;34;0;903;0;0;0;1;5;3;5;1;3;0;0;13;8;7;6;7;5;1;0;4;2;3;18;13;17;0;1;0;0;0
44159;305;10;65;62.6;67.4;0;0;0;3;0;0;0;0;2;0;18;868;134;38;696;0;0;0;7;2;4;2;3;1;0;0;6;12;7;8;5;7;0;1;3;4;3;17;13;18;0;3;0;0;0
44159;318;9;58.9333;53.5;60.5;0;0;1;1;0;0;0;1;0;0;9;495;0;45;450;2;7;22.2;3;3;1;2;1;1;1;0;11;10;9;9;7;7;0;0;2;4;4;18;13;17;0;0;0;1;0
44159;356;9;51.5125;50.7;52;0;0;0;0;0;0;0;1;0;1;14;679;0;0;679;0;0;0;1;2;2;1;2;3;0;0;13;11;8;10;6;5;1;0;3;3;0;18;13;17;0;0;0;0;0
44159;430;10;62.1;61.8;63.8;0;0;-1;0;2;2;2;1;1;1;24;1172;134;57;981;0;1;0.0;3;5;4;2;0;4;0;1;10;9;7;8;8;4;0;0;6;5;7;17;13;18;0;2;2;0;0
44159;462;10;53.275;50.4;55;0;0;0;0;0;0;0;0;0;0;8;355;55;91;209;0;1;0.0;0;2;0;2;0;0;0;0;13;12;11;8;8;8;0;1;2;3;2;17;13;18;0;0;0;0;0
44159;508;9;67.6857;58.4;70.8;1;0;0;2;0;1;0;2;1;0;36;1453;202;331;920;0;0;0;8;6;4;3;1;2;0;0;6;7;6;8;7;6;1;0;13;5;15;18;13;17;0;2;1;0;0
44159;678;9;62.6333;62.7;53.9;0;0;0;1;2;1;0;1;0;0;23;1031;34;85;912;6;4;60.0;1;5;3;5;1;3;0;0;13;8;7;6;7;5;1;0;5;2;4;18;13;17;0;2;1;1;0
44159;699;10;56.3;56.1;53.5;0;0;-1;1;1;1;0;0;0;0;16;796;0;126;670;1;1;50.0;7;3;5;2;3;0;0;1;6;11;6;8;5;8;0;0;4;4;3;17;13;18;0;2;1;0;0
44159;818;10;60.1;59.3;60.7;0;0;0;1;2;0;0;0;0;0;26;1114;67;0;1047;5;2;71.4;3;5;3;4;5;5;0;0;10;9;8;6;3;3;0;1;5;0;2;17;13;18;0;1;1;1;0
44159;848;9;60.9667;54.6;72.8;0;1;0;2;0;0;0;2;0;1;35;1419;202;331;886;0;0;0;8;5;4;3;1;2;0;0;6;8;6;8;7;6;1;0;13;5;15;18;13;17;0;1;0;1;0
44159;959;10;69.1;57.8;69.5;0;0;0;0;1;0;0;0;1;1;23;988;0;0;988;0;0;0;3;5;3;4;5;4;0;0;10;9;8;6;3;4;0;1;4;0;2;17;13;18;0;0;1;0;0
44159;1099;9;56.5;54.3;55.7;0;0;0;2;0;0;2;5;0;0;27;1193;33;126;1034;0;0;0;3;4;2;7;7;2;0;0;11;9;8;4;1;6;1;0;3;3;1;18;13;17;0;2;0;0;0
44159;1124;9;55.82;56.6;51.2;0;1;0;1;2;2;0;0;0;2;24;1102;34;67;1001;1;0;100.0;2;5;3;5;2;3;0;0;12;8;7;6;6;5;1;0;4;2;4;18;13;17;1;2;1;1;0
44159;1132;10;73.8857;68.8;67;0;1;0;0;0;1;0;1;0;0;25;1347;407;18;922;10;13;43.5;3;4;3;3;0;3;0;0;10;10;8;7;8;5;0;1;7;7;10;17;13;18;0;1;0;0;0
44159;1233;10;73.2286;71.2;69.9;1;0;0;2;1;0;0;2;0;0;27;1354;419;37;898;2;1;66.7;3;4;3;2;0;3;0;0;10;10;8;8;8;5;0;1;6;6;12;17;13;18;0;2;1;0;0
44159;1237;9;54.6;50.6;62.3;0;0;1;1;0;0;0;1;0;1;19;990;0;59;931;0;0;0;4;3;4;1;0;4;1;0;10;10;6;10;8;4;0;0;2;5;1;18;13;17;0;0;0;1;0
44159;1240;9;54.6625;57.7;48.2;0;0;0;1;0;0;2;3;0;0;13;707;0;0;707;0;0;0;1;2;2;1;3;3;0;0;13;11;8;10;5;5;1;0;3;3;0;18;13;17;0;1;0;0;0
44159;1277;9;71.8429;70.3;63.8;0;0;0;2;1;0;0;2;0;0;24;1145;201;267;677;8;4;66.7;8;3;4;3;3;1;0;0;6;10;6;8;5;7;1;0;9;5;7;18;13;17;0;1;2;0;0
44159;1305;10;59.9571;49.6;66.5;0;0;-1;7;0;0;0;1;1;1;24;1210;407;9;794;0;0;0;5;3;4;7;2;1;0;1;8;11;7;3;6;7;0;0;4;3;7;17;13;18;0;6;1;0;0
44159;1323;10;81.7;53.3;84.1;0;0;0;2;1;5;0;8;0;0;25;1265;67;132;1066;0;0;0;5;6;2;2;5;5;0;0;8;8;9;8;3;3;0;1;10;4;7;17;13;18;4;3;0;1;0
44159;1331;9;66.9571;54;75.8;0;1;1;1;0;2;0;0;0;1;20;1035;0;104;931;0;0;0;4;3;4;1;0;4;1;0;10;10;6;10;8;4;0;0;2;5;1;18;13;17;2;1;0;0;0
44159;1491;10;77.1857;79.3;73.9;0;1;0;5;0;0;0;2;0;0;29;1403;407;0;996;0;0;0;3;5;3;5;5;4;0;0;10;9;8;5;3;4;0;1;7;2;6;17;13;18;0;4;0;1;0
44159;1527;9;74.1;53.4;72.6;0;0;0;1;0;0;0;3;1;0;29;1191;33;151;1007;0;0;0;2;5;2;7;7;2;0;0;12;8;8;4;1;6;1;0;3;3;1;18;13;17;0;0;0;1;0
44159;1529;10;60.2286;56.1;64.9;0;0;-1;0;1;0;2;0;0;0;21;1129;134;9;986;0;0;0;3;5;6;1;1;2;0;1;10;9;5;9;7;6;0;0;2;7;4;17;13;18;0;0;0;1;0
44159;1579;10;55.5;46.3;54.7;0;0;0;0;1;2;0;1;0;1;22;1157;0;132;1025;0;0;0;5;7;2;2;5;5;0;0;8;7;9;8;3;3;0;1;10;2;6;17;13;18;1;1;1;0;0
44159;1750;9;65.1;66;57.3;1;0;0;5;2;0;0;1;0;1;21;982;201;67;714;0;0;0;8;3;3;3;4;1;0;0;6;10;7;8;4;7;1;0;5;3;5;18;13;17;0;2;3;1;1
44159;2723;10;53.15;51.6;55.7;0;0;0;0;0;0;2;0;0;0;6;254;0;53;201;1;2;33.3;0;2;0;1;0;0;0;0;13;12;11;9;8;8;0;1;1;2;2;17;13;18;0;0;0;0;0
44159;2791;9;53.9;51.4;55.9;1;0;1;1;0;1;2;0;1;2;10;597;0;122;475;0;2;0.0;3;3;2;2;1;1;1;0;11;10;8;9;7;7;0;0;1;3;6;18;13;17;1;0;0;0;1
44159;3541;10;68.9833;65.4;79.7;0;0;0;5;4;3;0;1;0;1;25;1414;407;94;913;0;0;0;3;5;5;2;1;1;0;0;10;9;6;8;7;7;0;1;5;8;8;17;13;18;2;5;2;2;1
44159;3560;9;79.7667;73.9;91.5;0;1;0;3;1;3;4;0;0;1;25;1221;201;265;755;5;3;62.5;9;3;4;3;3;1;0;0;5;10;6;8;5;7;1;0;9;4;7;18;13;17;1;2;2;2;0
44159;4372;10;54.35;58;46.3;0;0;-1;0;0;0;0;1;0;0;6;284;0;50;234;0;0;0;0;3;1;1;0;0;0;1;13;11;10;9;8;8;0;0;0;2;1;17;13;18;0;0;0;0;0
44159;4374;10;54.6333;54.1;52.7;0;0;0;0;1;0;0;0;0;0;14;664;0;0;664;6;2;75.0;7;2;5;2;3;0;0;0;6;12;6;8;5;8;0;1;2;4;2;17;13;18;0;0;1;0;0
44161;15;3;73.6857;61.2;82;0;0;-1;5;1;1;0;0;0;0;22;1303;143;182;978;0;0;0;10;6;3;1;6;1;0;1;26;11;5;1;8;7;1;3;11;6;9;21;19;25;0;4;1;1;1
44161;24;22;69.4;62.3;76.1;0;1;3;1;0;4;2;0;0;1;28;1206;165;197;844;17;14;54.8;9;11;2;3;4;6;2;0;8;25;0;5;4;8;2;1;10;10;11;25;19;21;2;1;2;0;0
44161;26;3;58.7667;60;56.3;0;1;-1;3;1;1;0;0;2;1;14;683;240;0;443;0;0;0;9;6;0;1;3;1;1;2;27;11;8;1;11;7;0;2;1;7;5;21;19;25;1;1;2;0;1
44161;42;22;63.0286;66.6;52.2;0;1;2;1;0;1;0;1;0;0;14;827;57;73;697;1;1;50.0;4;12;0;1;2;2;2;0;13;24;2;7;6;12;2;1;5;4;5;25;19;21;1;0;1;0;0
44161;96;3;64.3;68.6;51.6;0;0;-3;5;1;0;4;1;1;0;27;1236;295;24;917;4;1;80.0;11;5;3;0;5;2;0;1;25;12;5;2;9;6;1;3;8;5;11;21;19;25;0;4;1;1;0
44161;109;22;55.2;48.7;61.1;0;0;1;0;0;0;0;0;0;1;11;697;0;0;697;0;0;0;1;13;0;4;1;3;1;0;16;23;2;4;7;11;3;1;3;3;4;25;19;21;0;0;0;0;0
44161;149;3;61.8143;53.1;81.5;0;0;-2;0;0;0;0;1;0;0;15;962;389;0;573;4;2;66.7;6;3;1;0;2;4;0;0;30;14;7;2;12;4;1;4;5;4;6;21;19;25;0;0;0;0;0
44161;156;3;57.575;54.9;58.7;0;0;0;2;1;1;0;4;0;0;10;574;0;49;525;0;0;0;5;3;1;0;1;4;0;0;31;14;7;2;13;4;1;4;5;1;2;21;19;25;0;3;1;0;0
44161;171;3;59.6429;53.3;63.7;0;0;-1;4;1;1;0;3;1;0;22;1154;0;105;1049;0;0;0;15;5;5;0;5;4;0;1;21;12;3;2;9;4;1;3;8;6;8;21;19;25;1;2;1;0;2
44161;179;22;63.9;61.8;64.6;0;1;1;0;0;2;0;1;0;0;10;562;0;0;562;0;0;0;6;3;0;0;1;4;1;0;11;33;2;8;7;10;3;1;2;3;3;25;19;21;1;1;0;0;0
44161;222;22;55.68;51.5;51.9;0;0;0;0;0;0;0;1;0;0;9;470;0;0;470;0;0;0;3;3;0;0;0;3;0;0;14;33;2;8;8;11;4;1;2;2;3;25;19;21;0;0;0;0;0
44161;257;3;64.8667;65.6;61.6;0;0;-3;5;0;1;0;1;0;0;21;1312;389;8;915;0;0;0;10;7;3;1;5;2;0;1;26;10;5;1;9;6;1;3;10;8;9;21;19;25;0;1;1;2;2
44161;335;3;50.65;65.7;35.6;0;1;-1;1;0;0;0;0;0;1;11;530;0;0;530;0;0;0;11;6;0;1;4;1;1;2;25;11;8;1;10;7;0;2;2;5;2;21;19;25;0;1;0;0;0
44161;341;3;44.725;56.4;35.8;0;0;-1;2;0;0;0;0;0;0;12;511;0;13;498;6;3;66.7;10;6;0;1;3;1;1;2;26;11;8;1;11;7;0;2;2;5;2;21;19;25;0;1;0;1;0
44161;365;3;69.3571;59;75;0;0;-2;3;1;1;0;3;1;2;27;1120;295;0;825;0;0;0;12;3;3;0;5;1;0;0;24;14;5;2;9;7;1;4;7;5;9;21;19;25;1;2;1;0;1
44161;372;22;55.42;52.1;60.4;0;0;2;0;0;3;0;0;1;1;28;1208;93;185;930;0;0;0;5;15;0;1;1;4;3;1;12;21;2;7;7;10;1;0;6;3;8;25;19;21;2;1;0;0;0
44161;505;3;71.2571;52.5;71.7;0;0;-1;3;0;2;0;0;1;0;23;1211;0;183;1028;0;0;0;15;4;5;0;5;3;0;1;21;13;3;2;9;5;1;3;8;6;10;21;19;25;2;3;0;0;0
44161;506;22;52.2571;55.8;42.7;0;0;-1;0;0;0;0;0;0;0;13;630;67;0;563;0;0;0;1;8;0;1;2;1;0;1;16;28;2;7;6;13;4;0;5;1;2;25;19;21;0;0;0;0;0
44161;521;3;53.6333;55.3;50.3;0;0;-1;0;0;2;0;0;0;0;11;601;0;37;564;0;0;0;5;4;1;0;1;5;0;1;31;13;7;2;13;3;1;3;4;1;1;21;19;25;1;1;0;0;0
44161;549;22;73.4;68.1;66.3;1;1;3;3;1;0;0;3;0;1;28;1210;165;145;900;0;1;0.0;9;11;2;3;4;6;2;0;8;25;0;5;4;8;2;1;7;10;10;25;19;21;0;3;0;1;0
44161;778;3;46.3;44.9;46.3;0;0;-1;0;0;0;0;2;0;1;17;834;3;98;733;0;0;0;11;6;0;1;3;3;1;2;25;11;8;1;11;5;0;2;3;4;4;21;19;25;0;0;0;0;0
44161;870;22;59.5429;47.4;61.8;0;0;0;0;0;0;0;2;0;1;9;470;0;0;470;2;5;28.6;3;3;0;0;0;3;0;0;14;33;2;8;8;11;4;1;2;2;3;25;19;21;0;0;0;0;0
44161;1115;22;60.7143;52.5;70.5;0;1;3;1;0;2;0;3;1;2;28;1204;165;215;824;0;3;0.0;8;11;2;3;4;6;2;0;9;25;0;5;4;8;2;1;6;10;9;25;19;21;0;1;2;0;0
44161;1130;22;71;65.8;74.2;1;1;2;3;0;1;0;2;1;0;31;1624;196;347;1081;0;0;0;7;9;2;4;5;4;0;0;10;27;0;4;3;10;4;1;14;10;8;25;19;21;0;1;3;0;0
44161;1152;3;56.25;56.1;54;0;0;-1;0;0;0;0;2;1;0;21;935;0;49;886;0;2;0.0;10;3;4;1;5;1;0;1;26;14;4;1;9;7;1;3;6;6;6;21;19;25;0;0;0;0;0
44161;1227;3;58.275;59.3;51.9;0;0;-2;2;2;1;4;0;0;0;24;1177;240;99;838;8;11;42.1;8;4;4;1;4;2;0;2;28;13;4;1;10;6;1;2;4;8;9;21;19;25;0;3;0;1;1
44161;1268;3;66.2714;67.3;61.6;0;0;-2;1;1;0;0;0;0;1;27;1120;295;0;825;9;9;50.0;12;3;3;0;5;1;0;0;24;14;5;2;9;7;1;4;7;5;9;21;19;25;0;1;1;0;0
44161;1270;22;73.5286;51.3;77;0;0;1;2;0;5;0;0;1;0;18;1000;0;0;1000;0;0;0;6;18;0;3;2;7;1;0;11;18;2;5;6;7;3;1;6;6;8;25;19;21;3;2;2;0;0
44161;1337;22;54.0667;54.4;50.6;0;0;-1;1;0;0;2;0;0;0;19;870;124;111;635;0;1;0.0;1;9;0;1;2;1;0;1;16;27;2;7;6;13;4;0;8;1;3;25;19;21;0;1;0;0;0
44161;1348;22;57;62.9;57.3;2;0;2;3;0;0;14;6;0;0;17;1014;0;87;927;0;0;0;8;13;0;4;3;7;2;0;9;23;2;4;5;7;2;1;6;7;5;25;19;21;0;0;1;2;0
44161;1485;3;67.55;65.6;65.7;0;0;-1;3;0;1;0;1;2;0;27;1300;240;203;857;3;3;50.0;8;4;4;1;4;1;0;1;28;13;4;1;10;7;1;3;7;8;12;21;19;25;1;2;1;0;0
44161;1574;22;58.3333;62;51;2;1;2;2;0;0;2;0;0;2;21;936;93;158;685;0;0;0;4;9;0;0;1;3;3;1;13;27;2;8;7;11;1;0;4;3;5;25;19;21;0;0;0;0;2
44161;1581;22;66.2857;63.2;66.9;0;1;0;0;0;0;0;8;0;1;20;992;124;143;725;5;5;50.0;1;10;0;4;2;3;0;1;16;26;2;4;6;11;4;0;10;3;4;25;19;21;0;0;0;0;0
44161;2797;3;50.3333;45.5;65.5;1;0;-1;6;1;0;0;2;1;4;18;981;146;2;833;0;0;0;11;6;0;1;4;3;1;2;25;11;8;1;10;5;0;2;1;5;5;21;19;25;0;2;4;1;0
44161;3363;22;68.4857;56.4;89.5;0;1;1;0;0;2;0;1;1;3;16;854;0;123;731;6;4;60.0;1;13;0;4;1;3;1;0;16;23;2;4;7;11;3;1;4;3;4;25;19;21;1;1;0;0;0
44161;3550;22;85.8;76.2;100;0;2;2;6;1;4;0;0;0;0;30;1622;196;350;1076;0;0;0;7;8;2;4;5;4;0;0;10;28;0;4;3;10;4;1;14;10;8;25;19;21;2;8;1;0;0
44163;19;8;57.1571;55.3;57;0;0;0;3;0;0;0;2;1;0;26;891;48;268;575;1;2;33.3;8;9;0;1;1;0;0;0;11;16;7;6;2;8;1;1;11;4;1;32;19;19;0;0;0;1;2
44163;88;12;87.6125;63.4;94.3;0;1;-1;1;0;0;0;3;2;0;27;1139;288;180;671;8;6;57.1;6;8;4;3;2;3;0;1;19;11;3;4;6;0;1;0;3;4;9;19;19;32;0;0;0;0;1
44163;131;12;54.5625;56.1;48.2;0;0;0;1;0;0;0;0;0;0;15;586;0;0;586;0;0;0;5;4;2;2;1;0;0;0;20;15;5;5;7;3;1;1;6;2;0;19;19;32;0;1;0;0;0
44163;137;12;70;51.8;70.7;0;0;-1;1;0;0;0;2;0;0;15;841;0;151;690;0;0;0;5;3;2;3;3;1;0;1;20;16;5;4;5;2;1;0;5;3;2;19;19;32;0;1;0;0;0
44163;297;8;55.72;56.9;52;1;0;0;3;1;2;2;1;1;2;19;1072;280;0;792;9;7;56.3;3;10;4;2;2;5;1;1;16;15;3;5;1;3;0;0;5;4;9;32;19;19;2;3;0;1;0
44163;421;8;69.35;54.3;84.4;0;0;1;2;0;1;0;0;0;0;19;832;43;127;662;0;1;0.0;9;8;2;1;1;2;1;0;10;17;5;6;2;6;0;1;5;4;0;32;19;19;0;1;2;0;0
44163;444;8;67.44;63.1;62.3;0;0;0;0;1;0;0;3;1;0;18;1005;280;0;725;1;3;25.0;2;5;3;3;0;2;0;0;17;20;4;4;3;6;1;1;5;2;7;32;19;19;0;1;0;0;0
44163;541;12;99.6833;52.4;100;0;1;1;5;0;2;0;3;1;1;31;1483;569;160;754;0;0;0;9;8;1;2;1;0;1;0;16;11;6;5;7;3;0;1;9;10;21;19;19;32;2;3;2;0;0
44163;556;8;65.0375;58.7;65;0;0;0;0;1;0;4;4;0;0;18;859;0;11;848;0;0;0;4;9;3;2;0;2;0;0;15;16;4;5;3;6;1;1;5;2;4;32;19;19;0;1;0;0;0
44163;708;8;55.9;46.3;60.1;0;0;0;2;2;0;0;0;0;3;23;909;39;221;649;11;13;45.8;8;7;1;2;1;1;0;0;11;18;6;5;2;7;1;1;9;11;8;32;19;19;0;1;1;0;2
44163;728;12;81.5375;78.2;78.9;0;2;1;4;2;1;2;2;0;0;30;1303;534;101;668;0;0;0;9;5;1;2;2;0;1;0;16;14;6;5;6;3;0;1;7;12;19;19;19;32;0;4;2;0;1
44163;770;12;54.22;52.3;56.1;0;0;-1;3;1;1;0;2;1;0;18;913;0;177;736;0;0;0;5;3;2;3;3;1;0;1;20;16;5;4;5;2;1;0;5;4;3;19;19;32;0;2;2;1;0
44163;1034;12;53.3;58.9;51.9;0;0;0;1;0;0;0;0;0;0;17;673;0;49;624;0;1;0.0;5;4;2;2;1;0;0;0;20;15;5;5;7;3;1;1;6;3;1;19;19;32;0;0;0;1;0
44163;1035;12;80.5429;64.4;81.6;2;1;1;5;0;1;2;1;2;0;31;1485;569;134;782;0;0;0;9;9;1;2;1;0;1;0;16;10;6;5;7;3;0;1;9;10;20;19;19;32;0;3;2;1;0
44163;1073;8;53.4429;49.1;56.5;0;0;0;1;0;0;17;0;0;0;5;187;0;40;147;0;0;0;1;2;1;1;0;0;0;0;18;23;6;6;3;8;1;1;4;0;0;32;19;19;0;1;0;0;0
44163;1080;8;75.4714;51.6;77.7;0;1;1;2;1;0;2;2;0;0;25;1193;39;259;895;0;0;0;11;10;3;1;1;2;1;0;8;15;4;6;2;6;0;1;11;7;8;32;19;19;0;2;1;0;0
44163;1090;12;80.2;75.6;80.5;1;2;1;2;1;0;0;0;0;1;32;1318;534;138;646;25;11;69.4;9;5;1;2;2;0;1;0;16;14;6;5;6;3;0;1;8;12;20;19;19;32;0;1;0;2;0
44163;1097;8;60.2;48.5;60.4;0;0;-1;1;0;1;2;2;0;0;22;1240;43;285;912;0;0;0;5;9;1;4;1;6;0;1;14;16;6;3;2;2;1;0;11;7;7;32;19;19;0;1;1;0;0
44163;1112;8;51.78;51.3;54.2;0;1;0;3;0;2;0;0;0;2;21;1045;87;148;810;0;3;0.0;6;6;4;2;2;5;1;1;13;19;3;5;1;3;0;0;14;7;8;32;19;19;2;1;1;1;0
44163;1120;12;51.325;54.2;49.6;0;0;0;1;0;0;0;0;0;0;9;425;46;0;379;0;0;0;5;1;0;0;3;0;0;0;20;18;7;7;5;3;1;1;2;0;2;19;19;32;0;0;0;0;1
44163;1155;8;58.0714;60;56.7;0;0;0;1;1;1;0;2;0;0;29;1102;39;362;701;2;10;16.7;7;8;1;2;1;1;0;0;12;17;6;5;2;7;1;1;20;8;6;32;19;19;0;0;2;0;1
44163;1187;8;69.7857;51.2;79.7;0;0;0;1;2;2;0;0;0;0;27;1227;39;322;866;0;0;0;6;11;3;2;1;1;0;0;13;14;4;5;2;7;1;1;10;7;10;32;19;19;1;4;0;0;0
44163;1297;12;66.62;61.8;75.9;1;0;-1;3;1;3;0;0;0;1;26;982;288;49;645;1;1;50.0;5;7;4;3;2;3;0;1;20;12;3;4;6;0;1;0;2;4;10;19;19;32;1;1;3;2;0
44163;1457;8;59.7857;53.4;60.5;0;0;0;1;0;0;0;0;0;0;13;619;82;239;298;1;1;50.0;3;2;0;2;0;1;0;0;16;23;7;5;3;7;1;1;1;2;3;32;19;19;0;0;1;0;0
44163;2240;8;77.1;53.5;81.5;0;0;0;3;0;1;2;0;0;0;24;1177;203;370;604;0;0;0;4;9;3;2;1;0;0;0;15;16;4;5;2;8;1;1;11;5;7;32;19;19;0;2;1;1;0
44163;2285;8;63.22;60.7;62.8;0;0;0;3;3;1;0;0;2;0;17;916;280;30;606;0;1;0.0;4;6;3;1;2;4;1;1;15;19;4;6;1;4;0;0;4;4;6;32;19;19;0;2;2;3;0
44163;2402;12;62.3857;50.4;67.7;0;0;0;2;0;1;0;1;1;0;29;1268;299;56;913;0;0;0;11;8;4;2;4;2;0;0;14;11;3;5;4;1;1;1;5;6;9;19;19;32;1;1;1;0;0
44163;2450;12;58.84;57.3;65;0;0;0;2;0;0;0;0;1;0;12;470;46;0;424;2;1;66.7;5;2;0;0;3;0;0;0;20;17;7;7;5;3;1;1;2;0;2;19;19;32;0;1;1;0;0
44163;2468;12;53.7333;53.7;49.6;0;0;0;0;0;0;0;0;0;0;16;624;0;0;624;5;4;55.6;5;4;2;2;1;0;0;0;20;15;5;5;7;3;1;1;6;3;0;19;19;32;0;0;0;0;0
44163;2638;8;56.7875;56.2;55.7;0;0;0;2;0;1;0;1;1;0;19;756;48;143;565;1;3;25.0;5;4;2;1;0;1;0;0;14;21;5;6;3;7;1;1;4;4;1;32;19;19;1;1;0;1;0
44163;2645;8;56.4571;60.1;55.5;0;0;0;1;0;1;0;2;0;0;10;451;0;161;290;0;0;0;3;2;0;2;0;1;0;0;16;23;7;5;3;7;1;1;1;1;1;32;19;19;1;0;0;1;0
44163;2690;12;54.7286;59.7;53.2;0;1;-1;4;4;0;0;0;0;0;25;933;288;0;645;0;0;0;5;7;4;3;2;3;0;1;20;12;3;4;6;0;1;0;2;4;9;19;19;32;0;6;1;0;1
44163;2746;12;63.3;62.7;67.8;0;0;0;6;2;0;2;2;0;0;29;1297;299;56;942;0;0;0;12;9;4;2;4;2;0;0;13;10;3;5;4;1;1;1;5;6;9;19;19;32;0;4;1;1;2
44163;3393;12;62.3;51.4;66.6;1;0;1;7;0;0;0;1;0;3;31;1385;534;180;671;1;2;33.3;9;7;1;2;2;0;1;0;16;12;6;5;6;3;0;1;7;11;18;19;19;32;0;6;1;0;0
44163;3425;12;55.95;52.7;55.5;0;0;0;0;0;0;0;0;0;1;12;508;46;37;425;2;0;100.0;6;1;0;0;3;0;0;0;19;18;7;7;5;3;1;1;3;0;3;19;19;32;0;0;0;0;0
44163;3551;8;100;52.9;100;0;0;-1;1;0;4;0;4;1;0;29;1515;285;350;880;0;0;0;6;8;1;4;1;6;0;1;13;17;6;3;2;2;1;0;13;9;7;32;19;19;3;0;1;0;1
44165;48;14;45.4;54.1;39.7;0;1;0;1;0;0;0;0;0;1;10;475;0;91;384;1;0;100.0;5;3;1;0;0;0;1;1;38;18;11;11;14;7;2;2;3;3;1;18;16;32;0;1;0;0;0
44165;94;14;55.18;55.8;52.2;0;0;0;2;1;1;0;0;0;0;12;548;0;0;548;0;0;0;8;5;1;1;1;3;1;1;35;16;11;10;13;4;2;2;5;5;3;18;16;32;1;1;1;1;0
44165;141;14;68.7286;70.1;66.2;0;0;0;5;0;1;0;1;0;1;26;1350;403;0;947;15;11;57.7;20;6;3;4;3;4;1;1;23;15;9;7;11;3;2;2;12;5;12;18;16;32;1;3;1;0;1
44165;244;21;59.7;58.9;48.1;1;0;-1;3;0;0;0;4;0;0;14;762;69;0;693;0;0;0;2;10;2;1;0;3;0;1;19;33;9;11;7;11;3;2;7;3;3;32;16;18;0;2;1;0;0
44165;424;14;65.1571;48.6;68.5;0;0;1;0;1;1;2;0;1;2;26;1060;0;167;893;2;10;16.7;10;5;5;3;5;1;1;0;33;16;7;8;9;6;2;3;2;4;7;18;16;32;1;0;1;0;0
44165;557;14;68.3857;52.2;70.5;0;0;0;1;1;0;2;0;0;0;23;1175;92;132;951;0;0;0;8;4;5;2;6;3;0;0;35;17;7;9;8;4;3;3;2;7;9;18;16;32;0;1;1;0;0
44165;583;14;66.3143;68.9;62.4;0;1;0;5;0;0;0;2;2;1;26;1350;403;0;947;1;0;100.0;20;6;3;4;3;4;1;1;23;15;9;7;11;3;2;2;12;5;12;18;16;32;0;1;2;2;0
44165;744;14;64.3857;68.9;56.5;0;0;0;3;1;1;0;0;0;0;17;723;0;0;723;0;0;0;8;5;2;4;6;3;0;0;35;16;10;7;8;4;3;3;1;4;11;18;16;32;0;3;1;0;1
44165;888;14;98.0667;98.6;92.5;2;1;2;10;3;0;0;1;0;1;30;1776;409;110;1257;0;0;0;30;7;5;1;7;1;3;1;13;14;7;10;7;6;0;2;12;6;15;18;16;32;0;6;2;3;2
44165;940;14;60.55;51.8;59.4;0;0;0;0;0;1;0;3;0;1;22;986;0;222;764;1;0;100.0;5;4;3;4;7;2;0;0;38;17;9;7;7;5;3;3;1;3;14;18;16;32;1;0;0;0;0
44165;958;14;70.4333;69.5;72;0;0;0;4;2;1;2;0;0;0;22;1094;92;71;931;0;0;0;8;3;5;2;6;2;0;0;35;18;7;9;8;5;3;3;2;6;9;18;16;32;1;4;1;0;1
44165;1105;21;91.9714;49.7;98.6;0;1;0;1;1;6;0;2;1;1;30;1486;180;291;1015;0;0;0;11;18;2;2;2;6;0;0;10;25;9;10;5;8;3;3;13;1;7;32;16;18;0;3;5;0;0
44165;1144;14;86.3333;98.7;58.9;0;3;2;4;4;0;0;1;1;0;29;1680;409;14;1257;0;0;0;30;7;5;1;7;1;3;1;13;14;7;10;7;6;0;2;12;6;15;18;16;32;0;6;1;1;0
44165;1205;14;63.0667;50.7;62.3;0;0;-2;1;0;0;0;2;1;0;23;1098;0;189;909;0;0;0;5;11;2;8;1;4;0;2;38;10;10;3;13;3;3;1;4;4;10;18;16;32;0;0;0;0;1
44165;1272;14;56.25;56.9;54.4;0;0;0;3;0;0;0;2;0;1;25;1082;98;0;984;2;0;100.0;10;7;6;3;4;0;1;1;33;14;6;8;10;7;2;2;2;4;4;18;16;32;0;1;1;1;0
44165;1286;14;33.7714;47.9;31.3;0;0;-2;1;1;0;0;1;1;0;20;988;0;110;878;0;0;0;5;10;2;8;1;3;0;2;38;11;10;3;13;4;3;1;4;3;6;18;16;32;0;2;0;0;0
44165;2458;21;68.8714;64.9;64.1;0;1;-1;0;0;0;0;1;1;0;18;1024;96;164;764;6;8;42.9;2;11;3;2;1;2;0;1;19;32;8;10;6;12;3;2;7;4;3;32;16;18;0;0;0;0;0
44165;2461;21;76.9714;83.1;66;2;0;2;6;0;1;0;1;0;0;24;1239;203;242;794;0;0;0;6;9;4;4;5;3;2;0;15;34;7;8;2;11;1;3;11;4;7;32;16;18;1;1;1;2;2
44165;2639;14;62.8571;68.3;59.1;1;0;0;4;0;0;0;0;0;1;24;1026;98;0;928;0;0;0;10;7;5;2;4;0;1;1;33;14;7;9;10;7;2;2;2;4;4;18;16;32;0;2;2;0;0
44165;2665;14;53.4667;54;49.4;0;0;0;1;0;0;0;0;0;1;16;716;0;0;716;8;5;61.5;5;4;3;4;6;2;0;0;38;17;9;7;8;5;3;3;1;3;10;18;16;32;0;0;0;1;0
44165;3009;21;67.8;60.2;80.3;0;0;0;1;2;5;0;0;1;0;30;1466;41;276;1149;0;0;0;13;18;3;2;3;5;0;0;8;25;8;10;4;9;3;3;12;3;8;32;16;18;2;5;1;0;0
44165;3547;14;91.0429;96.5;75.6;1;0;0;8;1;1;0;2;1;0;28;1377;403;91;883;2;0;100.0;20;5;3;4;3;2;1;1;23;16;9;7;11;5;2;2;10;4;11;18;16;32;1;3;3;3;0
44165;4340;21;53.15;56.9;52.4;0;1;1;0;1;0;0;2;1;0;27;1517;203;225;1089;0;0;0;4;13;6;6;3;4;3;2;17;30;5;6;4;10;0;1;7;11;5;32;16;18;0;0;1;0;0
44165;4375;21;58.4571;56.2;66.9;0;0;1;3;0;3;4;1;0;0;17;919;0;0;919;4;14;22.2;8;17;3;4;1;6;1;0;13;26;8;8;6;8;2;3;9;6;3;32;16;18;3;1;1;1;0
44165;4389;14;52.96;53.8;47.6;0;0;-1;1;1;0;0;0;0;0;12;683;98;55;530;4;4;50.0;8;6;1;0;0;0;1;2;35;15;11;11;14;7;2;1;3;4;3;18;16;32;0;1;0;1;0
44165;4806;21;54.1;46.1;65.9;0;0;1;2;1;1;0;2;0;3;25;1149;111;288;750;13;9;59.1;6;8;4;3;4;4;1;0;15;35;7;9;3;10;2;3;10;3;9;32;16;18;0;3;1;0;0
44165;4853;21;50.95;56.7;46.6;0;1;1;2;1;0;2;0;0;1;18;779;41;0;738;0;0;0;6;10;4;3;4;3;1;0;15;33;7;9;3;11;2;3;6;3;4;32;16;18;0;3;0;0;0
44165;4991;21;62.7833;64.9;51.6;0;1;1;2;1;0;2;1;0;0;19;1101;27;69;1005;0;0;0;10;17;3;4;2;6;1;0;11;26;8;8;5;8;2;3;9;7;3;32;16;18;0;2;0;1;0
44165;4994;21;58.3333;58.7;56.7;1;0;1;2;1;1;2;1;0;0;16;929;0;0;929;0;0;0;8;17;3;4;1;6;1;0;13;26;8;8;6;8;2;3;9;6;3;32;16;18;0;1;2;0;1
44165;5004;21;54.5333;54.6;52.4;0;0;-1;0;0;1;0;1;0;0;19;921;203;41;677;2;0;100.0;4;6;2;4;2;2;1;2;17;37;9;8;5;12;2;1;6;3;3;32;16;18;1;0;0;0;0
44165;5045;21;84.4714;57.1;88.8;0;1;0;2;0;2;0;0;1;0;23;1222;133;152;937;0;0;0;6;12;2;4;2;5;1;1;15;31;9;8;5;9;2;2;16;3;7;32;16;18;0;2;1;1;0
44165;5056;21;53.4;64.5;42.3;0;0;-2;4;0;1;0;0;0;0;20;837;83;121;633;0;0;0;4;7;2;3;0;2;0;2;17;36;9;9;7;12;3;1;5;2;4;32;16;18;1;3;0;1;0
44165;5249;21;57.9143;57.8;56.1;0;0;-1;2;1;0;0;3;1;0;18;777;106;8;663;5;5;50.0;5;7;1;3;1;2;1;2;16;36;10;9;6;12;2;1;6;3;3;32;16;18;0;0;2;1;0
44165;5304;21;58.5286;39.9;58.6;0;1;0;0;1;0;0;3;0;2;20;1145;0;53;1092;0;0;0;3;13;7;6;3;3;2;2;18;30;4;6;4;11;1;1;3;12;4;32;16;18;0;1;0;0;0
44165;5309;21;50.0714;44.3;50.8;0;0;-1;1;1;0;0;3;1;1;19;964;69;5;890;0;0;0;5;12;2;4;1;5;0;1;16;31;9;8;6;9;3;2;13;2;5;32;16;18;0;0;1;0;1
44165;5910;21;48.9;50.9;47.4;0;0;-1;0;0;0;0;1;0;0;14;762;0;69;693;0;0;0;2;10;2;1;0;3;0;1;19;33;9;11;7;11;3;2;7;3;4;32;16;18;0;0;0;0;0
44167;14;19;43.9625;50.2;38.3;0;0;-1;0;1;0;0;1;0;1;19;739;0;0;739;0;1;0.0;2;10;3;4;1;4;0;1;22;11;8;3;9;3;1;2;4;2;3;27;13;20;0;0;0;1;0
44167;108;19;80.1714;60.2;82.1;1;0;0;2;1;0;0;0;1;0;24;1105;0;229;876;0;0;0;11;8;1;1;1;2;1;1;13;13;10;6;9;5;0;2;8;4;8;27;13;20;0;2;0;1;0
44167;120;278;50.825;54.4;48.2;0;0;1;0;0;0;0;0;0;0;11;511;0;10;501;0;0;0;2;2;0;2;1;2;1;0;19;22;7;9;6;8;2;1;2;3;3;20;13;27;0;0;0;0;0
44167;128;19;56.5571;48.8;62.2;0;0;-2;2;1;3;0;0;1;1;22;1143;0;240;903;0;0;0;6;9;4;4;1;2;0;2;18;12;7;3;9;5;1;1;6;5;4;27;13;20;2;1;3;0;0
44167;367;278;60.7333;55.3;67.4;0;0;0;0;0;1;2;1;0;1;20;931;183;0;748;0;0;0;3;6;3;6;0;5;0;0;18;18;4;5;7;5;3;1;5;3;5;20;13;27;1;0;0;0;0
44167;379;19;46.3333;44.5;49.4;0;0;0;3;0;0;0;0;0;3;16;689;0;43;646;0;1;0.0;7;2;5;0;1;1;0;0;17;19;6;7;9;6;1;3;3;3;3;27;13;20;0;2;1;0;0
44167;456;278;55.9875;53.3;57.6;0;0;1;1;0;1;0;2;0;0;10;513;0;147;366;5;2;71.4;2;2;0;1;1;2;1;0;19;22;7;10;6;8;2;1;3;2;5;20;13;27;1;1;0;0;0
44167;507;19;70.3;68.4;65;0;1;0;3;1;2;4;1;0;1;30;1284;185;292;807;7;18;28.0;11;3;2;0;7;0;1;1;13;18;9;7;3;7;0;2;19;5;7;27;13;20;2;4;0;0;0
44167;561;19;99.6143;53.5;99.4;0;0;0;2;1;1;0;1;1;1;34;1541;49;319;1173;0;0;0;9;6;4;2;8;3;0;0;15;15;7;5;2;4;1;3;12;4;11;27;13;20;1;1;2;0;0
44167;620;278;85.7833;63.2;87.3;2;1;2;5;1;1;0;0;2;1;25;1254;183;70;1001;0;0;0;9;6;3;1;3;2;2;0;12;18;4;10;4;8;1;1;7;4;9;20;13;27;0;5;1;1;0
44167;686;278;65.4;55.7;73.5;0;1;0;1;1;2;0;2;0;1;27;1168;312;3;853;1;1;50.0;5;7;3;7;1;7;0;0;16;17;4;4;6;3;3;1;8;2;8;20;13;27;1;2;1;0;0
44167;704;278;78.5571;50.6;77.5;0;0;2;0;1;0;7;3;0;0;18;1074;0;82;992;0;0;0;10;6;3;2;3;0;2;0;11;18;4;9;4;10;1;1;4;4;8;20;13;27;0;0;0;1;0
44167;871;278;66;67.4;55.4;0;1;0;5;1;0;0;0;0;1;22;988;183;0;805;10;6;62.5;9;7;1;2;4;0;1;1;12;17;6;9;3;10;2;0;6;6;6;20;13;27;0;3;2;0;1
44167;900;278;62;60.5;60.5;0;1;1;1;0;0;0;1;0;0;14;633;0;90;543;0;0;0;3;3;0;1;1;4;1;0;18;21;7;10;6;6;2;1;3;2;7;20;13;27;0;1;0;0;0
44167;946;19;58.9;54;60.6;0;0;0;0;0;1;4;0;0;1;20;897;185;52;660;0;1;0.0;10;3;2;0;7;0;1;1;14;18;9;7;3;7;0;2;11;4;3;27;13;20;0;1;0;0;0
44167;955;278;71.725;70.9;70.3;0;1;0;2;0;0;0;2;0;0;26;1252;183;147;922;2;2;50.0;9;8;1;2;4;0;1;1;12;16;6;9;3;10;2;0;7;6;11;20;13;27;0;0;0;2;0
44167;1045;278;68.3286;58.6;68.2;0;1;1;2;1;0;0;1;0;0;18;760;0;95;665;3;1;75.0;5;6;3;1;1;1;1;0;16;18;4;10;6;9;2;1;2;4;4;20;13;27;0;1;0;0;2
44167;1091;19;56.3;54.9;56.7;0;0;-1;0;0;1;0;2;0;0;29;1123;62;233;828;6;10;37.5;2;11;3;4;1;4;0;1;22;10;8;3;9;3;1;2;8;2;10;27;13;20;1;0;0;0;0
44167;1241;19;56.6;58;47.8;0;1;0;3;0;0;0;2;0;1;23;1005;185;0;820;0;0;0;12;3;3;0;7;0;1;1;12;18;8;7;3;7;0;2;14;4;4;27;13;20;0;2;0;1;0
44167;1255;278;93.7833;52.2;98.3;1;0;1;3;0;7;0;1;1;1;34;1293;183;87;1023;0;0;0;8;5;3;7;2;6;1;0;13;19;4;4;5;4;2;1;6;6;8;20;13;27;4;3;3;0;0
44167;1461;19;66.8571;60.8;86.9;0;0;0;7;6;1;4;4;2;1;26;1297;201;39;1057;0;2;0.0;8;5;7;2;8;2;0;0;16;16;4;5;2;5;1;3;13;3;9;27;13;20;1;8;5;0;0
44167;1482;278;62.9;60.1;65.7;0;1;1;1;2;1;0;1;1;0;13;605;0;0;605;0;0;0;5;6;3;1;1;1;1;0;16;18;4;10;6;9;2;1;2;3;1;20;13;27;0;2;1;0;1
44167;2519;19;48.1;53.8;40.3;0;0;-1;0;2;1;4;0;0;0;23;870;62;64;744;0;0;0;2;11;3;4;1;5;0;1;22;10;8;3;9;2;1;2;4;1;4;27;13;20;1;0;0;2;0
44167;2537;19;49.94;52.1;41.8;0;0;-1;0;1;0;0;0;0;0;12;566;0;0;566;0;1;0.0;4;5;1;3;1;2;0;1;20;16;10;4;9;5;1;2;0;4;2;27;13;20;0;0;0;1;0
44167;2629;278;64.26;66.6;55.4;0;1;1;3;0;0;0;3;0;0;21;920;312;0;608;8;6;57.1;6;7;3;2;2;1;1;0;15;17;4;9;5;9;2;1;7;3;5;20;13;27;0;2;0;0;1
44167;2688;19;53.3333;52.6;53;0;0;0;2;0;0;0;0;0;1;14;765;62;52;651;6;2;75.0;6;1;4;0;1;0;0;0;18;20;7;7;9;7;1;3;3;3;4;27;13;20;0;1;0;1;0
44167;3554;19;68.5857;59.1;88.8;0;0;-1;0;0;1;0;0;1;0;15;729;198;0;531;4;1;80.0;4;5;1;3;1;2;0;1;20;16;10;4;9;5;1;2;5;3;3;27;13;20;0;0;1;0;0
44167;3562;278;76.3375;71.8;72.5;2;0;0;6;0;0;2;2;1;0;28;1203;312;10;881;1;0;100.0;10;9;1;2;5;2;1;1;11;15;6;9;2;8;2;0;9;4;9;20;13;27;0;3;0;2;1
44167;4328;19;62.0333;59.3;68.1;0;0;0;3;0;0;2;1;0;0;23;1193;46;113;1034;0;0;0;11;6;4;1;2;2;1;1;13;15;7;6;8;5;0;2;5;6;4;27;13;20;0;1;0;2;0
44167;4338;19;53.1;54.2;51.2;0;0;-1;1;0;1;0;0;0;0;14;645;0;19;626;0;0;0;4;6;1;3;1;2;0;1;20;15;10;4;9;5;1;2;1;3;3;27;13;20;1;0;0;1;0
44167;4341;19;60.1571;60.2;60.1;0;0;0;1;1;0;0;0;0;1;12;615;0;0;615;0;0;0;6;1;4;0;1;0;0;0;18;20;7;7;9;7;1;3;3;4;3;27;13;20;0;2;0;0;0
44167;4363;19;43.0857;40.1;49;0;0;-2;0;1;2;5;2;1;2;19;914;0;115;799;0;0;0;4;9;3;4;0;4;0;2;20;12;8;3;10;3;1;1;5;4;5;27;13;20;2;1;0;0;0
44167;4999;278;62.9;58.9;73.6;0;0;0;3;1;0;2;1;0;0;26;1166;312;0;854;7;5;58.3;4;8;3;7;1;5;0;0;17;16;4;4;6;5;3;1;8;2;11;20;13;27;0;2;0;2;0
44167;5027;278;52.0857;48.2;52.5;0;1;1;2;1;0;0;0;0;1;30;1053;0;87;966;0;0;0;8;5;3;7;0;6;1;0;13;19;4;4;7;4;2;1;4;5;7;20;13;27;0;1;2;0;0
44167;5040;278;55.4667;51.5;62.5;0;0;-1;0;1;0;0;1;0;0;30;1195;312;67;816;0;0;0;3;12;1;2;4;2;0;1;18;12;6;9;3;8;3;0;10;3;9;20;13;27;0;0;1;0;0
44167;5490;278;59.9333;51.1;61.7;0;0;-1;1;0;2;0;0;0;0;26;1019;0;93;926;0;0;0;3;14;1;2;1;4;0;1;18;10;6;9;6;6;3;0;5;3;10;20;13;27;1;1;1;0;0
44169;5;280;66.4143;61.1;68.3;0;1;1;0;0;1;2;2;1;0;27;1149;155;119;875;1;0;100.0;5;6;2;6;2;7;1;0;12;12;5;6;2;7;2;2;6;4;10;30;16;25;0;0;1;0;0
44169;121;279;59.8286;48.9;62.7;0;0;-1;2;0;0;4;1;0;0;28;1388;85;158;1145;0;0;0;11;8;3;5;5;3;1;2;7;9;9;2;9;1;1;1;7;6;9;25;16;30;0;1;1;0;0
44169;126;279;61.8667;64.5;55.4;2;0;-1;4;0;2;0;0;0;1;23;1139;387;85;667;1;1;50.0;6;4;4;1;4;2;0;1;12;13;8;6;10;2;2;2;8;2;9;25;16;30;1;3;2;0;0
44169;182;280;56.7;55.3;57.4;0;1;-1;3;1;0;2;2;1;0;34;1265;155;214;896;0;0;0;6;4;4;3;0;2;0;1;11;14;3;9;4;12;3;1;14;6;7;30;16;25;0;4;0;0;0
44169;232;280;60.275;61.5;54.9;0;0;-1;1;0;1;2;2;0;0;26;921;0;179;742;4;6;40.0;3;2;3;4;1;3;0;1;14;16;4;8;3;11;3;1;7;5;6;30;16;25;1;1;0;0;0
44169;330;279;49.1571;44.5;56.6;0;0;0;1;2;0;0;0;1;2;14;604;0;0;604;8;2;80.0;1;6;4;1;2;2;0;0;17;11;8;6;12;2;2;3;5;4;1;25;16;30;0;1;1;1;0
44169;361;280;57.4333;53.1;77.3;0;0;0;1;0;0;0;0;0;1;18;910;431;0;479;0;0;0;3;4;0;4;2;4;0;0;14;14;7;8;2;10;3;2;9;3;7;30;16;25;0;0;0;1;0
44169;382;280;67.3333;71.5;60.5;1;1;1;3;1;1;2;0;1;0;17;848;170;37;641;1;0;100.0;5;4;0;5;2;5;1;0;12;14;7;7;2;9;2;2;6;2;6;30;16;25;0;1;2;2;0
44169;383;280;63.4143;64.2;64;1;1;1;3;2;2;2;3;0;1;25;1091;307;0;784;0;0;0;8;6;2;3;1;6;2;1;9;12;5;9;3;8;1;1;11;4;7;30;16;25;2;2;1;1;1
44169;524;280;55.8125;56.2;55.1;0;0;1;0;0;0;0;0;0;0;18;810;29;240;541;4;8;33.3;4;4;0;5;2;4;1;0;13;14;7;7;2;10;2;2;3;3;7;30;16;25;0;0;0;0;0
44169;569;279;61.0143;55.1;66.5;0;0;0;2;0;0;2;1;2;0;21;969;59;103;807;0;0;0;4;4;2;1;7;1;1;1;14;13;10;6;7;3;1;2;4;4;6;25;16;30;0;1;1;0;0
44169;609;280;57.7286;57.7;61.3;0;1;0;1;0;0;2;0;1;0;12;509;170;9;330;3;3;50.0;0;5;2;0;0;1;0;0;17;13;5;12;4;13;3;2;7;1;1;30;16;25;0;1;0;0;0
44169;942;280;48.8875;60.9;41.2;0;0;1;1;0;0;0;2;0;0;30;1038;0;256;782;0;2;0.0;8;7;2;3;1;5;2;1;9;11;5;9;3;9;1;1;12;5;10;30;16;25;0;0;1;0;0
44169;1077;280;46.7286;51.8;46.7;0;0;1;1;0;0;12;0;1;0;16;799;0;88;711;0;0;0;7;7;0;3;2;6;2;1;10;11;7;9;2;8;1;1;5;5;8;30;16;25;0;0;0;1;0
44169;1163;280;80.2667;53.1;85.7;0;0;0;1;0;8;0;2;1;0;31;1146;51;272;823;0;0;0;3;8;2;6;2;6;0;0;14;10;5;6;2;8;3;2;7;2;13;30;16;25;4;3;2;0;0
44169;1218;279;58.05;54.6;58.5;0;0;-1;1;1;1;0;2;0;0;30;1293;63;315;915;0;0;0;4;8;8;2;3;0;1;2;14;9;4;5;11;4;1;1;11;6;14;25;16;30;0;3;0;0;0
44169;1245;279;56.2333;56.7;54.1;0;0;0;1;0;1;0;1;0;0;12;502;0;127;375;0;2;0.0;3;1;0;0;3;0;1;1;15;16;12;7;11;4;1;2;2;1;2;25;16;30;1;0;0;0;1
44169;1282;280;56.9;53;57.2;0;0;0;1;1;0;0;1;0;0;11;458;80;28;350;0;4;0.0;1;5;2;1;0;1;0;0;16;13;5;11;4;13;3;2;2;3;2;30;16;25;0;2;0;0;0
44169;1316;279;43.7857;50.7;43.8;0;1;-2;1;2;0;2;0;2;1;29;1200;76;215;909;0;0;0;5;9;7;1;3;0;0;2;13;8;5;6;11;4;2;1;9;6;15;25;16;30;0;1;1;0;1
44169;1338;280;68.8286;63.8;71.9;0;1;2;0;1;5;0;1;1;0;29;1346;351;210;785;0;0;0;8;6;1;3;2;6;3;1;9;12;6;9;2;8;0;1;12;7;8;30;16;25;2;3;1;0;0
44169;1357;279;58;60.6;53.8;0;0;-1;4;2;0;0;0;0;0;21;946;0;282;664;4;5;44.4;5;4;6;1;5;2;0;1;13;13;6;6;9;2;2;2;5;2;10;25;16;30;0;2;2;2;0
44169;1434;279;54.9429;48.5;55.2;0;0;0;0;0;0;0;1;1;1;13;471;0;127;344;1;1;50.0;3;2;0;0;3;0;1;1;15;15;12;7;11;4;1;2;1;2;1;25;16;30;0;0;0;0;0
44169;1711;279;62.2;64.2;54;0;0;0;1;1;0;2;1;0;0;16;690;0;119;571;3;1;75.0;2;6;4;1;3;2;0;0;16;11;8;6;11;2;2;3;5;4;6;25;16;30;0;1;1;0;0
44169;2447;279;61.04;62.6;53.8;1;0;1;3;0;0;0;0;0;0;10;453;156;0;297;0;0;0;3;1;0;0;2;0;1;0;15;16;12;7;12;4;1;3;2;1;3;25;16;30;0;1;1;1;0
44169;2471;280;63.22;64.2;58.8;1;0;1;2;0;0;0;0;0;0;12;544;170;19;355;0;0;0;1;5;2;0;0;1;1;0;16;13;5;12;4;13;2;2;7;2;1;30;16;25;0;2;0;0;0
44169;2491;280;61.1857;44.4;61.3;0;0;-1;2;2;1;0;1;0;1;29;1196;51;183;962;0;0;0;6;5;5;3;0;1;0;1;11;13;2;9;4;13;3;1;9;9;2;30;16;25;1;2;2;0;0
44169;2513;279;58.7667;54.9;83.5;0;0;1;5;1;1;2;3;0;1;28;1395;458;184;753;0;0;0;6;3;2;1;7;1;1;0;12;14;10;6;7;3;1;3;10;5;9;25;16;30;0;5;0;1;1
44169;2637;279;65.1;67.4;53;1;1;0;3;1;1;0;2;0;1;19;974;156;0;818;0;1;0.0;8;5;4;5;5;0;1;1;10;12;8;2;9;4;1;2;8;7;9;25;16;30;0;2;1;2;0
44169;2650;279;69.3667;66.6;73.1;0;1;-1;1;2;1;0;0;1;0;20;896;156;85;655;6;4;60.0;6;5;4;1;4;2;0;1;12;12;8;6;10;2;2;2;2;1;9;25;16;30;1;0;2;1;0
44169;2697;279;55.6667;48.5;68.2;0;0;0;0;0;2;0;0;0;2;19;908;387;0;521;0;0;0;1;6;4;1;2;2;0;0;17;11;8;6;12;2;2;3;12;4;4;25;16;30;2;0;0;0;0
44169;2786;280;80.8125;63.2;90.9;1;1;1;1;0;2;0;1;0;2;27;1082;51;240;791;10;7;58.8;8;6;2;3;1;6;2;1;9;12;5;9;3;8;1;1;7;7;7;30;16;25;0;0;1;2;0
44169;2790;279;57.7857;57.1;59.7;0;1;0;4;3;0;12;0;0;2;25;1223;345;139;739;0;0;0;7;4;2;4;4;3;0;0;11;13;10;3;10;1;2;3;9;6;9;25;16;30;0;4;3;0;0
44169;3544;279;82.9571;90.2;70.5;0;1;0;3;1;2;2;3;0;0;30;1468;387;237;844;15;16;48.4;7;4;4;5;4;0;1;1;11;13;8;2;10;4;1;2;16;9;14;25;16;30;0;2;4;0;0
44169;4552;279;54.8333;49.7;63.9;0;0;0;0;0;0;0;0;1;2;20;876;0;0;876;0;0;0;8;4;4;5;5;0;1;1;10;13;8;2;9;4;1;2;7;9;8;25;16;30;0;0;0;0;0
44169;5002;280;69.78;68.9;72.3;0;2;-1;1;3;0;0;1;1;1;26;1122;307;28;787;10;8;55.6;4;3;3;4;1;3;0;1;13;15;4;8;3;11;3;1;9;5;7;30;16;25;0;0;2;2;0
44169;5254;280;65.25;66.9;56.4;1;0;-1;3;0;0;0;1;0;1;25;1132;307;0;825;0;0;0;4;3;3;4;1;3;0;1;13;15;4;8;3;11;3;1;9;6;7;30;16;25;0;3;0;0;0
44171;136;16;70.1286;69.1;72;2;0;2;7;0;2;0;1;0;0;21;1033;0;83;950;3;11;21.4;11;12;3;2;2;7;4;2;29;13;7;3;14;10;2;1;6;7;3;21;18;16;1;5;1;1;1
44171;148;16;47.5;51.9;44.7;0;0;-1;0;0;2;0;0;0;0;10;494;0;0;494;1;0;100.0;3;6;0;1;1;5;0;1;37;19;10;4;15;12;6;2;2;5;1;21;18;16;1;0;1;0;0
44171;312;16;58.86;56.9;55.7;0;1;0;4;1;1;0;0;1;0;24;767;0;0;767;0;0;0;15;4;1;0;8;3;0;0;25;21;9;5;8;14;6;3;2;1;1;21;18;16;0;3;1;1;1
44171;350;16;69.7286;63.1;70.5;0;1;0;3;0;0;0;2;0;0;30;1296;46;174;1076;0;0;0;10;9;4;2;4;4;1;1;30;16;6;3;12;13;5;2;10;3;8;21;18;16;0;1;1;1;0
44171;366;16;70.8;76.6;37.1;2;1;2;2;0;0;0;1;0;0;18;867;0;0;867;0;0;0;9;10;3;1;2;7;4;2;31;15;7;4;14;10;2;1;5;7;2;21;18;16;0;0;1;1;0
44171;483;0;64.5167;66.5;50.4;1;0;-3;1;1;2;0;2;1;0;26;1153;46;21;1086;11;3;78.6;9;15;1;4;4;6;0;3;16;25;4;6;13;10;3;3;2;6;6;16;18;21;1;1;1;1;0
44171;625;0;56.85;65.6;43.3;1;1;0;1;0;0;0;0;0;0;16;836;0;0;836;0;0;0;9;13;1;2;4;2;2;2;16;27;4;8;13;14;1;4;3;7;2;16;18;21;0;0;1;0;0
44171;635;16;85.2143;52.7;88.3;0;2;0;2;0;6;2;3;1;2;30;1296;46;174;1076;0;0;0;10;9;4;2;4;4;1;1;30;16;6;3;12;13;5;2;10;3;8;21;18;16;2;3;3;0;0
44171;642;0;71.55;54.9;80.1;0;1;-1;1;0;2;0;1;0;2;22;953;250;0;703;0;0;0;1;5;3;2;4;6;0;1;24;35;2;8;13;10;3;5;7;4;7;16;18;21;2;1;0;0;0
44171;652;0;51.8333;50.8;53.3;0;0;1;0;0;1;0;0;0;0;7;452;0;0;452;0;0;0;6;5;0;2;5;2;1;0;19;35;5;8;12;14;2;6;2;1;3;16;18;21;1;0;0;0;0
44171;714;16;51.65;65;39.8;0;1;2;2;1;0;4;0;0;0;17;903;36;0;867;0;0;0;9;10;3;1;2;7;4;2;31;15;7;4;14;10;2;1;5;7;2;21;18;16;0;1;1;1;0
44171;764;0;66.5143;55.1;74.2;0;1;1;4;1;4;0;0;0;2;33;1449;249;82;1118;0;0;0;13;14;1;2;7;7;2;1;12;26;4;8;10;9;1;5;8;8;16;16;18;21;3;4;0;2;0
44171;798;0;48.3667;57.9;28.4;0;0;-3;0;0;0;4;2;0;0;23;1042;57;0;985;0;0;0;8;14;1;3;4;6;0;3;17;26;4;7;13;10;3;3;0;5;6;16;18;21;0;0;0;0;0
44171;799;0;46.7571;54.2;42.6;0;0;-1;2;1;0;0;3;0;0;26;1195;0;0;1195;0;0;0;8;13;2;5;5;5;1;2;17;27;3;5;12;11;2;4;8;5;5;16;18;21;0;1;1;1;0
44171;931;0;61.2143;69.9;36;1;0;0;3;0;0;0;1;0;0;16;821;0;0;821;7;5;58.3;9;12;1;2;4;2;2;2;16;28;4;8;13;14;1;4;3;7;2;16;18;21;0;1;0;2;0
44171;971;16;73.2;72.6;68.6;0;0;0;3;0;1;0;5;0;0;30;931;36;76;819;1;1;50.0;15;3;2;0;8;3;0;0;25;22;8;5;8;14;6;3;4;2;4;21;18;16;0;2;0;2;0
44171;1219;16;63.4571;61.8;60.6;0;0;0;3;0;1;0;0;0;0;28;953;36;83;834;1;5;16.7;16;3;2;1;8;3;0;0;24;22;8;4;8;14;6;3;4;2;2;21;18;16;1;1;1;0;1
44171;1311;0;55.1333;54;55.4;0;0;-2;1;0;1;0;0;0;0;18;941;58;36;847;0;0;0;4;12;2;4;4;4;0;2;21;28;3;6;13;12;3;4;1;5;0;16;18;21;1;0;1;0;0
44171;1340;0;64.2;66.4;58;0;1;-1;0;1;2;0;0;0;0;26;1093;261;46;786;10;8;55.6;1;6;3;2;4;6;0;1;24;34;2;8;13;10;3;5;9;4;10;16;18;21;1;2;0;0;0
44171;1349;16;72.6667;78.9;51.2;1;2;2;2;2;0;2;1;0;0;33;1093;46;74;973;7;9;43.8;12;4;5;3;5;2;2;0;28;21;5;2;11;15;4;3;9;4;7;21;18;16;0;1;1;2;0
44171;1477;16;65.5857;72.5;62.8;2;1;2;6;1;0;2;2;0;0;31;981;46;76;859;3;1;75.0;10;4;5;2;5;2;2;0;30;21;5;3;11;15;4;3;7;4;5;21;18;16;0;0;3;4;0
44171;1533;0;61.08;60.8;59.5;0;1;-1;1;1;1;0;0;0;0;29;1351;58;0;1293;0;0;0;8;13;3;5;5;5;1;2;17;27;2;5;12;11;2;4;8;5;5;16;18;21;1;1;1;0;0
44171;2462;0;58.6;68.1;42.9;1;0;0;5;1;1;2;0;1;0;32;1409;249;46;1114;0;0;0;13;15;1;1;8;7;2;2;12;25;4;9;9;9;1;4;7;8;16;16;18;21;1;5;1;0;0
44171;2635;0;50.6;55.7;50.1;0;1;1;3;0;0;0;0;0;0;8;467;0;0;467;4;2;66.7;6;6;0;2;5;2;1;0;19;34;5;8;12;14;2;6;2;1;3;16;18;21;0;0;2;1;0
44171;2656;0;61.1;62.4;53.7;0;0;-3;4;0;0;0;2;0;1;26;1153;46;21;1086;0;0;0;9;15;1;4;4;6;0;3;16;25;4;6;13;10;3;3;2;6;6;16;18;21;0;2;1;0;1
44171;2658;16;74.1;83.6;53.9;0;1;2;3;2;0;0;1;0;0;36;1145;46;148;951;1;4;20.0;11;4;5;2;5;2;2;0;29;21;5;3;11;15;4;3;10;4;8;21;18;16;0;3;2;0;0
44171;2768;0;62.46;62.2;63.5;1;0;1;1;0;1;0;1;0;0;9;533;0;15;518;0;0;0;6;7;0;2;5;2;1;0;19;33;5;8;12;14;2;6;2;1;3;16;18;21;1;0;0;0;1
44171;3433;0;65.1429;58.8;65.5;0;1;0;3;1;0;0;1;2;0;16;821;0;0;821;0;0;0;9;12;1;2;4;2;2;2;16;28;4;8;13;14;1;4;3;7;2;16;18;21;0;1;2;1;0
44171;3555;0;68.7333;66.4;66.8;0;0;-2;2;2;2;0;3;1;0;28;1227;261;61;905;1;4;20.0;1;8;3;3;5;6;0;2;24;32;2;7;12;10;3;4;9;5;10;16;18;21;1;2;2;1;0
44171;4344;0;49.4833;50.5;44;0;0;-3;0;0;1;0;1;1;0;20;863;0;0;863;0;0;0;4;14;1;3;4;4;0;3;21;26;4;7;13;12;3;3;0;4;0;16;18;21;0;1;0;0;0
44171;4351;16;86.7333;58.4;91.8;0;1;2;4;1;4;0;2;0;0;23;1191;36;11;1144;0;0;0;21;10;5;2;8;3;4;2;19;15;5;3;8;14;2;1;6;12;5;21;18;16;3;4;2;0;0
44171;4563;16;62.1333;64.4;57;0;3;2;4;2;0;0;0;0;1;23;1191;36;11;1144;0;0;0;21;10;5;2;8;3;4;2;19;15;5;3;8;14;2;1;6;12;5;21;18;16;0;2;3;0;1
44171;4570;16;54.9857;47;56.2;0;0;1;1;0;1;0;3;0;0;22;1113;0;122;991;0;0;0;9;6;1;1;4;10;1;0;31;19;9;4;12;7;5;3;5;3;3;21;18;16;1;1;0;0;0
44171;4992;16;70.5429;51.3;72.7;0;0;1;0;0;2;0;0;0;0;22;1113;0;122;991;0;0;0;9;6;1;1;4;10;1;0;31;19;9;4;12;7;5;3;5;3;3;21;18;16;1;1;0;0;0
44171;5250;16;58.2857;51.8;58.9;0;0;-1;1;0;0;0;0;1;0;13;592;0;37;555;0;0;0;4;8;0;1;1;5;0;1;36;17;10;4;15;12;6;2;2;5;2;21;18;16;0;0;0;0;1
44171;5908;16;52.6571;48.8;45.9;0;0;-1;0;0;0;0;0;0;1;13;550;0;37;513;5;2;71.4;3;6;0;1;1;5;0;1;37;19;10;4;15;12;6;2;1;5;2;21;18;16;0;0;0;0;0
44173;3;11;52.7125;53.2;50.5;0;0;-1;0;0;0;0;1;1;0;17;775;0;204;571;0;1;0.0;3;9;1;2;0;2;0;1;18;16;5;3;9;8;1;2;6;1;8;24;9;25;0;0;0;0;0
44173;6;5;67.45;66.9;67.2;0;0;0;2;1;0;0;2;0;1;25;1200;223;150;827;3;1;75.0;5;6;0;3;6;1;0;0;20;15;5;3;4;8;3;1;10;1;6;25;9;24;0;1;0;2;0
44173;71;5;51.5143;50.2;53.4;0;0;1;0;0;0;0;0;0;0;17;542;0;0;542;0;0;0;6;2;1;2;3;3;1;0;19;19;4;4;7;6;2;1;3;1;2;25;9;24;0;0;0;0;0
44173;99;5;75.1667;51.7;57.5;0;0;2;1;0;0;4;2;1;0;18;694;0;31;663;0;0;0;8;8;3;1;1;3;2;0;17;13;2;5;9;6;1;1;8;3;4;25;9;24;0;0;0;0;1
44173;103;5;66.26;60.1;59.4;0;0;1;2;0;1;0;2;0;0;22;942;181;72;689;0;0;0;7;9;2;1;1;3;1;0;18;12;3;5;9;6;2;1;8;3;4;25;9;24;1;1;1;0;0
44173;129;5;54.6143;55.3;54.1;1;0;1;2;0;0;2;0;0;0;16;712;144;156;412;0;0;0;5;1;0;0;1;0;1;0;20;20;5;6;9;9;2;1;1;3;2;25;9;24;0;0;1;1;0
44173;185;11;56.8;54.2;57;0;1;-1;1;0;1;4;1;0;2;20;1040;105;0;935;9;4;69.2;9;11;3;2;3;4;1;2;12;14;3;3;6;6;0;1;4;4;8;24;9;25;0;2;0;0;0
44173;226;11;75.1143;60.3;82.2;0;0;1;3;0;3;0;1;0;0;32;1435;405;165;865;0;0;0;5;3;1;2;4;1;1;0;16;22;5;3;5;9;0;3;11;2;14;24;9;25;1;0;4;1;0
44173;272;11;58.6333;50.3;74.7;0;0;-1;1;0;0;0;0;0;2;25;1252;405;113;734;0;2;0.0;8;5;2;0;5;2;0;1;13;20;4;5;4;8;1;2;12;4;7;24;9;25;0;0;0;1;0
44173;548;5;77.7429;51.5;82;0;0;2;1;1;1;0;1;1;0;39;1336;37;212;1087;0;0;0;9;9;2;2;4;5;2;0;16;12;3;4;6;4;1;1;8;3;11;25;9;24;0;3;0;0;0
44173;565;11;53.65;54;53.3;0;0;0;0;0;0;0;1;0;0;10;520;0;105;415;0;0;0;1;2;0;2;1;1;0;0;20;23;6;3;8;9;1;3;1;2;1;24;9;25;0;0;0;0;0
44173;582;11;55.55;54.2;56.3;0;0;0;0;0;0;0;1;1;0;11;633;0;87;546;1;3;25.0;1;3;0;2;2;2;0;0;20;22;6;3;7;8;1;3;2;1;2;24;9;25;0;0;0;0;0
44173;749;11;61.8857;65.6;61.5;1;0;-1;3;0;1;0;1;1;0;27;1255;105;212;938;2;5;28.6;10;13;2;2;3;4;1;2;11;12;4;3;6;6;0;1;6;4;12;24;9;25;0;2;1;1;0
44173;981;5;63.1714;63.6;60.7;0;1;-1;1;0;0;0;0;0;0;24;953;223;0;730;6;7;46.2;7;5;2;2;2;5;0;1;18;16;3;4;8;4;3;0;8;2;8;25;9;24;0;0;1;0;0
44173;1040;5;64.2125;64.5;61.8;1;1;2;3;0;2;4;0;0;0;20;717;0;101;616;3;10;23.1;7;8;3;1;1;3;2;0;18;13;2;5;9;6;1;1;8;3;6;25;9;24;2;2;0;0;1
44173;1417;5;62.9;60.3;63.3;0;1;1;0;0;1;0;0;0;1;19;799;173;154;472;5;6;45.5;4;1;0;0;1;0;1;0;21;20;5;6;9;9;2;1;2;3;6;25;9;24;0;0;1;0;0
44173;1432;11;65.8;56.8;69.2;0;0;0;1;0;2;0;0;0;0;13;672;0;87;585;7;3;70.0;3;7;1;1;1;3;0;0;18;18;5;4;8;7;1;3;6;0;4;24;9;25;2;1;0;0;0
44173;1435;5;49.3667;45.1;56.7;0;0;1;0;0;0;0;0;0;1;17;542;0;0;542;0;0;0;6;2;1;2;3;3;1;0;19;19;4;4;7;6;2;1;3;1;2;25;9;24;0;0;0;0;0
44173;1566;5;69.5;59.9;95.4;0;0;-1;4;1;5;0;2;1;1;28;1208;236;150;822;1;0;100.0;9;6;2;1;2;5;0;1;16;15;3;5;8;4;3;0;8;2;11;25;9;24;2;4;0;3;1
44173;2434;5;49.3;56.3;45.1;0;0;-1;2;0;1;0;1;0;0;19;730;0;0;730;0;0;0;7;5;2;2;2;5;0;1;18;16;3;4;8;4;3;0;4;2;7;25;9;24;0;2;1;0;0
44173;2532;11;64.1833;61.8;74.9;0;0;-1;4;2;1;0;0;1;0;23;1133;405;0;728;0;0;0;7;3;3;0;5;2;0;1;14;22;3;5;4;8;1;2;12;3;8;24;9;25;1;5;0;1;0
44173;2536;11;48.425;59.4;41.2;0;1;0;2;1;0;2;1;0;1;17;829;0;0;829;0;0;0;9;7;3;1;3;4;1;1;12;18;3;4;6;6;0;2;2;3;8;24;9;25;0;2;1;0;0
44173;2652;11;64.1333;61;67.7;0;0;-1;5;2;1;0;0;0;0;25;1414;405;105;904;0;0;0;12;12;2;2;2;5;0;1;9;13;4;3;7;5;1;2;14;2;8;24;9;25;1;4;1;1;1
44173;2719;5;89.2333;83.4;98.8;2;0;1;5;1;2;0;1;1;1;28;1255;223;198;834;8;7;53.3;7;6;1;4;6;1;1;0;18;15;4;2;4;8;2;1;12;2;6;25;9;24;2;4;2;0;0
44173;3558;11;81.3143;73.4;85.8;0;0;-1;5;3;1;9;1;1;1;18;1017;405;0;612;13;8;61.9;7;6;2;0;3;2;0;1;14;19;4;5;6;8;1;2;11;3;7;24;9;25;1;4;0;4;0
44173;3563;5;76.7857;43.1;82.4;0;0;-1;3;0;1;5;1;0;1;43;1498;228;298;972;0;0;0;8;9;2;2;3;1;0;1;17;12;3;4;7;8;3;0;15;3;10;25;9;24;0;4;0;0;0
44173;4337;5;66.4167;52.6;68.7;0;0;2;0;0;0;0;1;2;0;36;1406;139;183;1084;0;0;0;10;10;2;2;4;5;2;0;15;11;3;4;6;4;1;1;6;5;11;25;9;24;0;0;0;0;0
44173;4419;11;50.2714;47.7;53.7;0;0;0;1;0;0;0;1;0;1;12;643;105;0;538;0;0;0;3;7;1;1;0;2;0;0;18;18;5;4;9;8;1;3;6;0;4;24;9;25;0;1;0;0;0
44173;4547;5;55.3;50.1;55;0;0;-1;1;2;1;2;0;0;0;37;1348;8;196;1144;0;0;0;10;10;2;2;3;1;0;1;15;11;3;4;7;8;3;0;11;4;8;25;9;24;0;4;0;0;0
44173;4576;5;61.075;58.4;62.2;0;1;1;0;0;0;0;0;1;0;10;429;37;0;392;0;0;0;3;1;0;0;1;0;1;0;22;20;5;6;9;9;2;1;1;2;2;25;9;24;0;0;0;0;0
44173;4772;11;49.3;44.1;58.8;0;0;-2;2;1;1;0;0;1;1;20;1159;105;134;920;0;0;0;4;10;3;1;3;4;0;2;17;15;3;4;6;6;1;1;6;5;5;24;9;25;1;3;0;0;0
44173;4780;11;53.7833;51.2;54.3;0;0;0;1;0;0;0;0;0;0;20;988;0;97;891;0;0;0;5;4;1;2;4;2;1;1;16;21;5;3;5;8;0;2;3;3;8;24;9;25;0;0;1;0;0
44173;4781;11;51.4667;52.9;48.6;0;0;-1;1;0;0;0;0;0;1;21;1126;105;134;887;0;0;0;4;9;3;1;3;4;0;1;17;16;3;4;6;6;1;2;7;4;5;24;9;25;0;1;0;0;0
44173;5038;11;54.0143;50;54.1;0;0;-1;2;0;1;0;0;0;0;23;1078;0;173;905;0;0;0;12;12;2;2;2;4;0;1;9;13;4;3;7;6;1;2;7;2;10;24;9;25;0;1;1;1;0
44173;5253;5;51.06;47.2;66;0;0;0;3;0;0;0;1;0;2;19;963;168;35;760;0;1;0.0;7;6;0;3;6;1;0;0;18;15;5;3;4;8;3;1;6;2;4;25;9;24;0;2;0;1;0
44173;5269;11;51.78;50.7;55.1;0;0;0;0;0;2;0;1;0;0;9;515;0;0;515;0;0;0;1;2;0;2;1;2;0;0;20;23;6;3;8;8;1;3;1;1;1;24;9;25;2;0;0;0;0
44175;89;26;70.6667;55.6;99.3;0;0;0;2;0;2;0;0;1;1;26;1401;398;221;782;0;0;0;2;11;1;4;0;3;0;0;8;12;4;4;4;8;0;3;11;2;11;27;16;24;1;2;0;1;0
44175;91;24;60.05;56.9;59.6;0;0;0;0;0;0;0;1;0;0;12;665;0;160;505;5;0;100.0;4;1;0;0;2;0;0;0;19;9;8;5;9;4;3;0;0;3;9;24;16;27;0;0;0;0;0
44175;267;24;60.3;67.2;51.6;1;0;1;3;0;0;0;0;0;0;16;748;0;160;588;2;4;33.3;7;3;1;2;3;0;1;0;16;7;7;3;8;4;2;0;0;4;6;24;16;27;0;0;1;1;1
44175;353;26;50.8429;51.9;48.5;0;0;0;1;0;0;0;0;0;0;5;261;0;0;261;0;0;0;1;5;0;1;0;1;0;0;9;18;5;7;4;10;0;3;0;2;0;27;16;24;0;1;0;0;0
44175;360;26;54.7714;54.4;54.6;0;0;-2;1;0;0;0;1;0;0;24;1146;443;99;604;11;5;68.8;4;6;2;2;0;2;0;2;6;17;3;6;4;9;0;1;10;3;8;27;16;24;0;0;0;1;0
44175;395;26;55.6429;51.3;60.3;0;0;0;5;2;1;2;0;0;1;25;1398;398;177;823;0;0;0;2;10;1;4;0;3;0;0;8;13;4;4;4;8;0;3;11;2;12;27;16;24;0;5;3;0;0
44175;412;24;74;73.1;70.5;0;0;1;4;2;1;0;6;1;0;30;1244;287;298;659;2;4;33.3;6;0;4;0;3;0;1;0;17;10;4;5;8;4;2;0;12;6;10;24;16;27;1;4;0;2;0
44175;498;26;59.8;56.2;61.9;0;0;-1;0;0;2;0;1;1;0;17;933;0;259;674;0;0;0;4;6;1;2;3;1;0;1;6;17;4;6;1;10;0;2;5;9;8;27;16;24;1;1;0;0;0
44175;500;24;77.6857;75.6;71;1;1;0;3;0;0;2;3;0;1;23;1054;326;18;710;6;4;60.0;5;7;3;3;3;4;0;0;18;3;5;2;8;0;3;0;12;3;7;24;16;27;0;2;0;1;0
44175;641;24;58.15;64.5;52;0;1;1;0;1;1;0;3;0;0;24;866;57;111;698;1;1;50.0;6;7;3;3;3;3;1;0;17;3;5;2;8;1;2;0;5;3;2;24;16;27;1;0;1;0;0
44175;947;26;55.15;52.6;57.3;0;0;0;0;0;1;0;0;0;0;14;715;0;116;599;1;0;100.0;3;5;3;2;2;4;0;0;7;18;2;6;2;7;0;3;4;3;1;27;16;24;0;0;1;0;0
44175;1147;24;66.5;66.9;64.1;0;1;0;2;0;0;0;0;0;0;13;683;296;0;387;0;0;0;4;0;0;0;2;0;0;0;19;10;8;5;9;4;3;0;5;2;8;24;16;27;0;2;0;0;0
44175;1265;26;56.8125;53.6;54.1;0;0;-1;0;0;0;2;2;1;0;23;969;165;51;753;4;12;25.0;1;6;0;3;1;4;0;1;9;17;5;5;3;7;0;2;9;5;4;27;16;24;0;0;0;0;0
44175;1344;26;70.2429;66.7;68.9;0;0;-2;2;0;1;0;1;1;0;25;1218;419;242;557;2;2;50.0;1;7;2;2;0;2;0;2;9;16;3;6;4;9;0;1;11;4;11;27;16;24;0;1;0;2;0
44175;1368;24;91.9286;56;92.2;0;0;0;2;0;2;0;1;0;0;30;1231;141;399;691;0;0;0;4;7;0;2;3;1;0;0;19;3;8;3;8;3;3;0;7;8;12;24;16;27;2;0;2;0;0
44175;1375;26;47.08;45.8;50.7;0;0;0;0;0;0;0;0;0;1;11;536;0;0;536;3;2;60.0;1;5;3;2;1;4;0;0;9;18;2;6;3;7;0;3;3;1;1;27;16;24;0;0;0;0;0
44175;1535;24;64.9;67.1;59.9;0;0;1;1;0;0;0;1;0;0;17;737;207;30;500;0;0;0;7;2;1;2;3;0;1;0;16;8;7;3;8;4;2;0;3;6;3;24;16;27;0;0;0;0;1
44175;2038;26;52.275;49.2;54.6;0;0;0;2;0;1;0;1;0;1;7;454;0;39;415;3;4;42.9;4;5;0;0;2;3;0;0;6;18;5;8;2;8;0;3;0;6;3;27;16;24;1;1;0;0;1
44175;2360;24;65.9429;62.4;64.4;0;2;2;1;1;0;0;0;0;0;24;1102;96;121;885;0;0;0;12;2;2;2;3;2;2;0;11;8;6;3;8;2;1;0;7;2;7;24;16;27;0;2;0;0;0
44175;2478;24;65.8286;52.1;73.5;0;0;1;3;2;0;2;3;0;1;24;1122;173;173;776;0;0;0;7;2;6;1;5;1;1;0;16;8;2;4;6;3;2;0;5;7;7;24;16;27;0;4;1;0;0
44175;2539;26;91.1;49.8;97.4;0;0;-2;0;2;3;0;1;0;0;22;1167;210;217;740;0;0;0;4;5;2;2;1;4;0;2;6;18;3;6;3;7;0;1;10;4;5;27;16;24;1;2;2;0;0
44175;2718;26;60.7;55.1;67.3;0;0;-2;2;2;1;2;1;0;0;23;1089;443;42;604;0;0;0;4;6;2;2;0;2;0;2;6;17;3;6;4;9;0;1;9;2;9;27;16;24;1;2;0;2;0
44175;2800;24;51.1714;46.2;54.9;0;0;0;2;1;0;0;0;0;0;30;1175;367;126;682;0;0;0;4;6;0;2;3;1;0;0;19;4;8;3;8;3;3;0;8;6;10;24;16;27;0;2;0;0;1
44175;3146;24;67.1;62.9;67.8;0;1;0;2;1;0;2;1;0;1;14;793;326;0;467;1;0;100.0;4;1;0;0;2;1;0;0;19;9;8;5;9;3;3;0;7;2;9;24;16;27;0;3;0;0;0
44175;3383;24;72.4286;62.6;70.8;0;1;1;1;0;1;0;1;1;0;25;954;14;337;603;1;2;33.3;6;4;3;3;3;3;1;0;17;6;5;2;8;1;2;0;9;2;4;24;16;27;1;1;0;0;0
44175;3548;24;91.0167;93.1;75.8;2;1;2;6;1;0;0;1;0;0;23;1121;420;0;701;10;12;45.5;7;0;4;0;3;1;2;0;16;10;4;5;8;3;1;0;11;4;10;24;16;27;0;3;3;1;0
44175;4329;26;60.52;55;80.6;0;0;-1;3;0;1;2;0;1;0;28;1280;189;324;767;3;9;25.0;1;7;0;3;1;4;0;1;9;16;5;5;3;7;0;2;11;5;10;27;16;24;0;3;0;1;0
44175;4332;26;50.5;41.4;66.4;0;0;-2;0;0;2;2;1;0;2;24;1366;210;247;909;0;1;0.0;4;6;3;2;1;7;0;2;6;17;2;6;3;4;0;1;12;5;5;27;16;24;1;0;1;0;0
44175;4334;26;55.3571;53.3;59.5;0;0;0;0;0;1;0;0;0;0;12;599;0;0;599;0;0;0;3;5;3;2;2;4;0;0;7;18;2;6;2;7;0;3;3;3;1;27;16;24;0;0;1;0;0
44175;4557;26;50.1;49.7;51.1;0;0;-1;1;0;0;0;0;0;1;14;705;0;146;559;2;2;50.0;2;8;0;1;1;4;0;1;8;15;5;7;3;7;0;2;2;7;5;27;16;24;0;0;1;0;0
44175;4773;26;50.9286;46.7;57.5;0;0;0;1;0;0;14;0;0;2;19;820;165;49;606;1;0;100.0;2;3;0;3;2;1;0;0;8;20;5;5;2;10;0;3;8;2;3;27;16;24;0;1;0;0;0
44175;4799;24;64.55;68.2;63.1;0;1;1;2;0;1;4;3;0;0;18;793;193;63;537;8;3;72.7;7;2;1;2;3;0;1;0;16;8;7;3;8;4;2;0;3;5;3;24;16;27;1;1;0;1;0
44175;4996;24;65.5571;58.9;66.9;0;1;2;4;1;1;4;2;0;0;24;1229;124;249;856;0;0;0;12;1;2;2;3;2;2;0;11;9;6;3;8;2;1;0;10;3;6;24;16;27;1;2;2;1;0
44175;4998;24;54.5857;49.2;58.1;0;0;1;2;0;0;0;2;0;0;21;1074;94;148;832;0;0;0;7;2;6;1;5;1;1;0;16;8;2;4;6;3;2;0;6;6;8;24;16;27;0;1;0;1;0
44175;5246;26;69.8571;40.9;74.8;0;0;-1;0;1;3;2;0;3;2;16;1054;0;189;865;0;0;0;4;9;2;3;3;2;0;1;6;14;3;5;1;9;0;2;6;10;8;27;16;24;2;2;0;0;0
44175;5465;24;59.8;65.4;53.5;1;0;1;1;0;0;0;0;0;0;14;590;14;0;576;1;0;100.0;6;0;4;0;3;0;1;0;17;10;4;5;8;4;2;0;3;5;5;24;16;27;0;0;1;0;0
44177;10;23;58.6333;59.7;53.2;0;0;-1;4;1;1;0;0;0;1;24;1161;226;326;609;0;0;0;9;7;0;3;3;3;0;1;9;19;5;12;1;14;1;1;8;3;10;19;17;22;1;2;3;0;0
44177;30;17;63.0429;62.9;69.3;0;0;-1;0;1;0;0;0;0;0;17;790;178;0;612;4;1;80.0;3;2;4;3;2;1;0;1;23;16;11;2;15;3;2;0;2;4;4;22;17;19;0;1;0;0;0
44177;38;23;77.9143;64;79.3;1;1;0;4;1;1;0;0;2;1;20;1079;107;77;895;1;1;50.0;5;12;2;4;1;6;1;1;13;14;3;11;3;11;0;1;2;9;6;19;17;22;0;2;2;1;1
44177;46;23;64.7571;63.5;65.1;0;1;0;1;1;3;0;3;0;0;22;1210;107;209;894;9;11;45.0;5;10;2;4;1;6;1;1;13;16;3;11;3;11;0;1;3;9;10;19;17;22;1;1;1;1;1
44177;47;17;57.0167;45.5;59.2;0;0;1;0;0;0;0;0;0;1;23;1023;7;187;829;0;0;0;10;4;7;2;8;1;1;0;16;14;8;3;9;3;1;1;5;2;5;22;17;19;0;0;0;0;0
44177;104;23;63.4286;64.8;60.2;1;0;1;2;0;0;0;1;0;0;17;908;107;0;801;0;0;0;4;10;1;4;1;5;1;0;14;16;4;11;3;12;0;2;2;9;5;19;17;22;0;2;0;0;0
44177;142;23;76.6857;52.6;97.9;0;1;1;4;0;4;4;5;1;1;28;1373;226;327;820;0;0;0;9;5;2;2;2;6;1;0;9;21;3;13;2;11;0;2;8;7;9;19;17;22;3;3;1;0;1
44177;453;17;70.4333;64.4;75.3;0;0;0;1;1;0;0;0;2;0;23;1064;106;98;860;4;8;33.3;9;7;2;2;6;0;0;0;17;11;13;3;11;4;2;1;6;6;2;22;17;19;0;1;0;1;0
44177;566;17;79.6167;80.5;65;1;1;1;1;7;0;0;0;0;0;22;1119;410;0;709;1;0;100.0;6;3;6;0;8;1;1;0;20;15;9;5;9;3;1;1;8;6;8;22;17;19;0;4;1;2;1
44177;571;23;71.6;72.4;71.2;0;2;1;1;0;3;2;3;0;0;26;1359;226;315;818;0;0;0;9;3;2;2;2;6;1;0;9;23;3;13;2;11;0;2;6;7;12;19;17;22;2;1;1;0;0
44177;580;17;67.8667;70.5;58.4;0;1;0;3;1;0;2;7;0;0;20;879;126;122;631;5;2;71.4;7;3;5;2;1;1;1;1;19;15;10;3;16;3;1;0;6;4;5;22;17;19;0;0;3;1;0
44177;736;17;67.0286;57.6;67.9;0;0;0;2;2;1;0;1;1;0;16;657;0;171;486;1;1;50.0;4;7;2;1;2;2;0;0;22;11;13;4;15;2;2;1;6;2;5;22;17;19;1;3;1;0;0
44177;788;17;65.5286;48;68.1;0;0;0;2;2;2;0;3;0;1;30;1465;363;228;874;0;0;0;7;9;3;2;4;3;0;0;19;9;12;3;13;1;2;1;13;4;14;22;17;19;2;3;1;0;0
44177;807;17;52.9;50.9;56.9;0;0;0;1;0;0;0;0;0;0;10;476;0;0;476;0;0;0;4;7;2;1;2;2;0;0;22;11;13;4;15;2;2;1;2;2;2;22;17;19;0;1;0;0;0
44177;835;17;74.5667;66.2;90.1;0;0;0;2;3;0;2;1;0;0;30;1455;401;57;997;0;0;0;6;11;4;2;5;3;0;0;20;7;11;3;12;1;2;1;9;7;10;22;17;19;0;4;1;0;0
44177;996;17;73.1571;74.6;68.9;0;0;0;4;1;0;0;0;0;1;22;1050;151;0;899;0;0;0;11;5;3;2;6;0;0;0;15;13;12;3;11;4;2;1;5;4;3;22;17;19;0;2;1;0;2
44177;1006;23;55.0875;55.8;53.7;0;0;0;0;1;1;0;0;0;0;13;606;0;0;606;0;0;0;1;2;3;5;0;4;0;0;17;24;2;10;4;13;1;2;5;4;3;19;17;22;1;1;0;0;0
44177;1018;17;80.1;83.1;70.1;0;1;1;2;1;0;2;1;0;0;23;1157;444;0;713;0;0;0;6;3;6;0;8;1;1;0;20;15;9;5;9;3;1;1;9;6;8;22;17;19;0;1;1;1;0
44177;1060;23;64.05;52.8;71.1;0;0;0;2;1;2;2;0;1;1;13;683;0;36;647;0;0;0;2;2;4;5;0;4;0;0;16;24;1;10;4;13;1;2;5;4;3;19;17;22;1;2;1;1;0
44177;1062;17;60.4;60;60;0;0;0;3;1;0;0;0;0;0;20;963;144;0;819;0;1;0.0;9;5;2;2;6;0;0;0;17;13;13;3;11;4;2;1;5;4;3;22;17;19;0;2;0;2;0
44177;1440;17;65.5333;54.1;68.3;0;0;2;0;2;1;2;1;0;0;21;992;7;54;931;0;0;0;13;4;8;2;9;1;2;0;13;14;7;3;8;3;0;1;3;5;2;22;17;19;0;1;2;0;0
44177;1556;17;53.1;49.9;54.1;0;0;1;0;0;0;2;1;0;0;11;563;7;26;530;3;4;42.9;6;7;3;1;2;2;1;0;20;11;12;4;15;2;1;1;2;2;3;22;17;19;0;0;0;0;0
44177;1726;17;55.2667;57.2;48.7;0;0;-1;0;1;0;0;0;0;0;22;1066;187;6;873;0;0;0;8;3;5;1;4;0;0;1;18;15;10;4;13;4;2;0;6;7;3;22;17;19;0;0;0;1;0
44177;1987;17;50.8625;65.2;41.3;1;0;0;2;0;0;0;0;0;0;15;638;0;64;574;0;0;0;5;3;4;2;1;1;1;1;21;15;11;3;16;3;1;0;1;4;3;22;17;19;0;0;2;0;0
44177;2661;23;68.1714;71.2;59.2;1;1;-1;5;1;1;0;0;0;0;18;836;226;60;550;2;1;66.7;9;5;0;1;3;3;0;1;9;21;5;14;1;14;1;1;3;4;6;19;17;22;1;0;1;4;1
44177;2662;17;55.5429;59;52.6;0;1;0;3;0;0;0;1;0;0;18;944;0;140;804;0;0;0;10;4;4;0;3;0;1;1;16;14;11;5;14;4;1;0;5;8;2;22;17;19;0;1;1;1;0
44177;3542;17;90.6857;89.4;85.5;1;1;1;5;2;1;0;1;1;0;25;1317;444;138;735;12;11;52.2;6;3;7;0;8;1;1;0;20;15;8;5;9;3;1;1;10;7;8;22;17;19;1;2;3;1;1
44177;3559;23;74.0143;81.4;70;1;1;-1;8;0;2;2;0;0;0;21;1114;226;279;609;8;10;44.4;9;7;0;3;3;3;0;1;9;19;5;12;1;14;1;1;8;3;10;19;17;22;1;4;3;2;0
44177;4335;23;57;52.9;64;0;0;0;0;0;1;0;0;0;0;11;595;0;0;595;0;0;0;3;7;0;5;0;4;0;0;15;19;5;10;4;13;1;2;3;0;1;19;17;22;1;0;0;0;0
44177;4600;23;56.4875;51.5;59;0;0;0;1;0;2;0;0;0;0;11;551;0;20;531;0;0;0;3;5;0;3;0;4;0;0;15;21;5;12;4;13;1;2;3;1;0;19;17;22;1;1;1;0;0
44177;4615;23;47.1;50.8;46;0;0;-1;2;0;1;0;1;0;0;24;1339;107;260;972;0;0;0;7;9;2;7;1;7;0;1;11;17;3;8;3;10;1;1;9;5;8;19;17;22;0;2;0;1;0
44177;4794;23;54;51;52.8;0;0;-1;0;1;3;2;2;0;0;24;1343;107;200;1036;0;0;0;7;9;2;7;1;7;0;1;11;17;3;8;3;10;1;1;7;6;12;19;17;22;0;2;2;0;0
44177;4997;23;50.2857;49.2;50.9;0;0;0;1;0;0;0;0;0;1;15;663;0;0;663;6;6;50.0;1;4;3;5;0;4;0;0;17;22;2;10;4;13;1;2;5;5;2;19;17;22;0;0;1;0;0
44177;5032;23;76.7143;46.5;82.1;0;0;-1;0;0;1;2;1;1;0;20;990;0;114;876;0;0;0;2;14;1;6;1;4;0;1;16;12;4;9;3;13;1;1;4;4;2;19;17;22;0;1;0;0;0
44177;5059;23;49.98;50.5;47.4;0;0;0;0;0;0;0;0;0;0;9;506;0;0;506;2;1;66.7;3;5;0;3;0;4;0;0;15;21;5;12;4;13;1;2;3;0;0;19;17;22;0;0;0;0;0
44177;5296;23;37.3286;49.4;35.2;0;0;-2;0;0;0;0;0;0;0;16;914;0;45;869;0;0;0;2;14;1;6;1;5;0;2;16;12;4;9;3;12;1;0;4;4;1;19;17;22;0;0;0;0;0
44179;89;26;75.6;57.4;100;0;0;-1;3;0;8;0;1;1;0;30;1442;265;113;1064;0;0;0;6;16;0;9;0;8;0;1;7;35;5;7;5;12;0;3;15;7;14;25;18;24;5;5;1;0;0
44179;94;14;66.28;65;49.9;0;0;0;4;1;0;0;1;0;0;20;1043;86;12;945;0;0;0;20;2;4;2;6;0;0;0;31;11;12;3;14;5;4;0;9;5;4;24;18;25;0;2;2;1;0
44179;119;14;68.1667;68.9;64.9;0;1;1;3;1;1;0;3;0;1;21;1148;36;99;1013;0;0;0;15;8;3;1;6;3;1;0;36;5;13;4;14;2;3;0;6;4;7;24;18;25;0;0;2;3;0
44179;141;14;77.3;86;61.5;0;2;2;3;3;0;0;0;1;0;24;1017;128;0;889;13;3;81.3;14;2;7;0;8;2;2;0;37;11;9;5;12;3;2;0;5;4;8;24;18;25;0;1;2;3;0
44179;353;26;52.1429;53.4;50;0;0;0;0;0;0;0;1;0;0;12;454;0;0;454;0;2;0.0;1;8;0;3;1;3;0;0;12;43;5;13;4;17;0;4;2;1;4;25;18;24;0;0;0;0;0
44179;360;26;50.3143;54.2;50.6;0;0;-1;1;0;1;0;1;0;0;29;1177;223;70;884;8;14;36.4;3;14;1;8;2;6;0;1;10;37;4;8;3;14;0;3;11;6;7;25;18;24;1;1;0;0;0
44179;395;26;56.6714;51.1;57;0;0;-1;2;0;1;0;1;1;1;31;1491;265;113;1113;0;0;0;7;17;1;9;0;8;0;1;6;34;4;7;5;12;0;3;15;8;14;25;18;24;0;2;0;1;0
44179;424;14;59.5714;59.7;57.1;0;1;2;3;0;0;0;0;0;0;15;833;0;196;637;15;6;71.4;19;2;1;3;3;0;2;0;32;11;15;2;17;5;2;0;6;7;8;24;18;25;0;0;2;1;0
44179;498;26;51.9;55.5;42.9;0;0;-2;0;1;1;2;1;0;0;15;923;0;70;853;0;0;0;5;19;1;5;3;10;0;2;8;32;4;11;2;10;0;2;4;6;3;25;18;24;1;1;0;0;0
44179;557;14;58.5714;54.5;58.2;0;0;2;5;0;0;0;1;0;0;22;1069;0;162;907;0;0;0;14;1;6;2;6;1;2;0;37;12;10;3;14;4;2;0;6;7;6;24;18;25;0;2;2;1;0
44179;583;14;74.1714;88;56.9;2;0;1;6;2;1;2;1;0;0;24;1036;128;0;908;0;1;0.0;12;2;7;0;7;2;1;0;39;11;9;5;13;3;3;0;5;4;9;24;18;25;0;6;1;1;1
44179;888;14;89.5;85.6;85.3;0;0;2;5;2;3;0;3;0;0;32;1523;224;140;1159;0;2;0.0;24;4;8;2;9;1;2;0;27;9;8;3;11;4;2;0;12;7;15;24;18;25;3;5;1;1;0
44179;940;14;62.675;69.9;52.9;0;0;1;2;1;0;0;4;0;0;18;807;46;128;633;0;0;0;11;1;5;2;3;0;1;0;40;12;11;3;17;5;3;0;4;4;6;24;18;25;0;2;0;1;0
44179;947;26;50.85;55.9;47.2;0;0;0;0;0;0;2;0;0;0;15;766;10;61;695;0;0;0;3;11;1;3;0;5;0;0;10;40;4;13;5;15;0;4;0;4;6;25;18;24;0;0;0;0;0
44179;958;14;84.8667;85.3;77.7;1;0;2;2;2;1;0;1;0;0;21;1042;36;62;944;0;0;0;16;1;6;2;7;1;2;0;35;12;10;3;13;4;2;0;3;8;5;24;18;25;0;1;4;0;0
44179;1144;14;71.4333;78.5;57.9;0;1;2;10;3;0;2;1;0;1;30;1472;224;101;1147;0;0;0;24;4;7;2;9;1;2;0;27;9;9;3;11;4;2;0;12;7;14;24;18;25;0;6;4;2;1
44179;1205;14;73.0333;52.2;77.2;0;0;0;1;1;0;0;0;1;0;20;1056;0;113;943;0;0;0;11;8;4;1;4;3;0;0;40;5;12;4;16;2;4;0;9;3;5;24;18;25;0;1;1;0;0
44179;1265;26;45;55.3;36.1;0;0;-2;2;0;0;2;1;0;0;22;972;92;0;880;6;9;40.0;3;15;2;2;1;6;0;2;10;36;3;14;4;14;0;2;8;4;5;25;18;24;0;0;0;2;0
44179;1272;14;78.1;88.7;64.9;2;0;2;9;0;0;2;3;0;0;24;1341;160;46;1135;0;0;0;23;6;6;3;8;1;2;0;28;7;10;2;12;4;2;0;8;7;11;24;18;25;0;6;2;1;0
44179;1321;14;60.65;73.3;48.1;0;2;2;1;0;0;0;2;0;0;14;711;0;61;650;0;0;0;19;2;1;3;3;0;2;0;32;11;15;2;17;5;2;0;3;7;5;24;18;25;0;1;0;0;0
44179;1344;26;58.1286;56.4;59.5;0;0;-1;3;1;0;0;2;1;0;28;1060;201;113;746;0;0;0;1;16;1;7;2;5;0;1;12;35;4;9;3;15;0;3;12;4;9;25;18;24;0;2;1;1;0
44179;1375;26;53.82;57.2;44.3;0;0;-1;0;0;1;2;1;1;0;15;696;0;0;696;4;6;40.0;5;12;0;3;1;7;0;1;8;39;5;13;4;13;0;3;1;5;5;25;18;24;1;0;0;0;0
44179;2038;26;58.7125;53;60.7;0;0;0;1;0;0;5;0;1;0;14;569;0;16;553;3;0;100.0;3;5;2;3;2;2;0;0;10;46;3;13;3;18;0;4;1;4;3;25;18;24;0;0;1;0;0
44179;2437;14;58.6667;63.8;48.4;0;0;0;1;0;0;0;0;0;0;11;508;46;0;462;0;0;0;2;5;2;0;3;3;0;0;49;8;14;5;17;2;4;0;4;3;1;24;18;25;0;1;0;0;0
44179;2539;26;70.4571;51.6;71.5;0;0;-2;0;0;1;0;0;0;0;22;1082;50;16;1016;0;0;0;1;16;3;1;1;3;0;2;12;35;2;15;4;17;0;2;7;5;6;25;18;24;1;0;0;0;0
44179;2691;14;58.58;60.2;53.1;0;0;0;4;1;0;0;0;0;0;19;826;0;0;826;5;8;38.5;15;2;4;2;5;0;0;0;36;11;12;3;15;5;4;0;7;2;4;24;18;25;0;3;0;2;0
44179;2718;26;58.65;58.3;55;0;0;-1;2;1;0;0;1;0;0;29;1137;223;61;853;0;0;0;3;16;1;8;2;5;0;1;10;35;4;8;3;15;0;3;11;4;7;25;18;24;0;3;0;0;0
44179;3547;14;73.0857;84;58.3;0;1;1;2;2;0;17;1;0;0;22;962;140;71;751;3;3;50.0;11;3;5;0;6;1;1;0;40;10;11;5;14;4;3;0;7;6;7;24;18;25;0;2;2;0;0
44179;4329;26;57.9;55.8;56.8;0;0;-2;2;1;3;2;0;0;0;25;1110;104;76;930;2;3;40.0;5;17;3;3;2;6;0;2;8;34;2;13;3;14;0;2;11;5;7;25;18;24;2;3;1;0;0
44179;4332;26;58.8;57.4;59.4;0;0;-2;1;0;1;0;0;1;0;26;1298;50;77;1171;0;0;0;2;20;4;2;2;3;0;2;11;31;1;14;3;17;0;2;7;6;7;25;18;24;1;0;1;0;0
44179;4334;26;55.7714;59.8;53.2;0;0;-1;3;0;3;0;0;1;0;16;757;0;0;757;0;1;0.0;5;11;1;3;1;6;0;1;8;40;4;13;4;14;0;3;1;6;5;25;18;24;1;2;3;0;0
44179;4389;14;53.44;55.4;45.6;0;0;0;0;1;0;0;0;0;0;11;508;46;0;462;4;4;50.0;2;5;2;0;3;3;0;0;49;8;14;5;17;2;4;0;4;3;1;24;18;25;0;1;0;0;0
44179;4565;26;56.55;51.7;60.9;0;0;0;0;0;0;0;0;0;0;13;533;0;107;426;4;5;44.4;1;7;0;3;1;3;0;0;12;44;5;13;4;17;0;4;3;3;5;25;18;24;0;0;0;0;0
44179;4773;26;54.6;62.3;43.4;0;0;-2;0;2;0;0;3;0;0;24;1061;92;16;953;0;0;0;4;16;3;2;1;5;0;2;9;35;2;14;4;15;0;2;8;5;6;25;18;24;0;0;2;0;0
44179;4805;14;52.8;58.2;49.4;0;0;0;0;1;1;2;5;0;0;11;492;0;11;481;0;0;0;2;5;2;0;4;3;0;0;49;8;14;5;16;2;4;0;4;2;1;24;18;25;1;1;0;0;0
44179;5247;26;80.3333;45.9;87.1;0;0;-1;0;0;5;0;0;1;1;17;979;0;131;848;0;0;0;5;18;1;6;3;9;0;1;8;33;4;10;2;11;0;3;3;5;3;25;18;24;3;1;1;0;0
44181;39;9;68.45;65.9;63.4;0;0;-1;2;1;0;12;2;1;1;14;714;0;48;666;7;2;77.8;7;4;4;2;9;1;0;1;22;12;10;2;6;2;0;0;5;2;5;21;9;24;0;0;1;2;0
44181;88;12;67.3625;59.3;65.8;0;0;0;1;0;0;0;2;0;0;33;1109;209;220;680;5;4;55.6;4;9;0;3;1;3;0;0;12;20;4;11;2;12;1;0;5;4;9;24;9;21;0;0;1;0;0
44181;131;12;61.9625;52.4;67.7;0;0;1;1;0;0;0;0;1;0;19;697;0;0;697;0;0;0;5;8;3;6;1;2;1;0;11;21;1;8;2;13;0;0;6;2;1;24;9;21;0;0;1;0;0
44181;137;12;78.1286;49.8;83.9;0;0;1;2;0;3;2;1;0;0;24;1060;0;213;847;0;0;0;7;10;1;4;0;6;1;0;9;19;3;10;3;9;0;0;7;2;5;24;9;21;2;1;2;0;0
44181;170;9;52.7714;55.3;49.4;0;0;0;1;0;0;0;0;0;0;8;358;0;0;358;0;0;0;3;3;1;0;2;0;0;0;26;13;13;4;13;3;0;1;1;1;1;21;9;24;0;1;0;0;0
44181;303;9;59.6714;60;58.3;0;0;0;2;1;0;0;1;0;0;16;848;222;0;626;1;0;100.0;8;4;6;0;2;1;0;0;21;12;8;4;13;2;0;1;2;2;2;21;9;24;0;1;0;2;0
44181;318;9;61.1333;60.1;60.2;0;0;0;2;1;0;0;2;0;0;13;466;0;0;466;1;4;20.0;9;3;3;0;3;0;0;0;20;13;11;4;12;3;0;1;2;2;1;21;9;24;0;1;0;1;1
44181;356;9;49.9625;62.9;42.2;0;0;-1;1;1;0;0;3;0;0;12;711;80;0;631;2;0;100.0;4;4;3;2;8;1;0;1;25;12;11;2;7;2;0;0;5;3;5;21;9;24;0;2;0;0;0
44181;508;9;58.6857;62.4;55.2;0;0;-1;6;0;1;0;3;0;0;31;1327;265;259;803;0;0;0;8;11;2;2;3;0;0;1;21;5;12;2;12;3;0;0;13;3;14;21;9;24;1;2;3;0;1
44181;541;12;84.4667;55.5;87.5;0;1;0;1;0;2;0;1;0;0;36;1459;332;206;921;0;0;0;3;10;1;4;1;3;0;0;13;19;3;10;2;12;1;0;9;2;12;24;9;21;1;1;1;0;0
44181;678;9;62.5;63.5;56.3;0;0;0;1;3;1;0;0;0;0;20;1042;302;83;657;4;2;66.7;8;4;6;0;2;1;0;0;21;12;8;4;13;2;0;1;3;2;2;21;9;24;1;1;1;2;0
44181;728;12;67.8875;63.4;70.1;0;0;0;2;0;0;0;4;0;0;39;1141;315;175;651;1;0;100.0;4;7;1;3;1;5;0;0;12;22;3;11;2;10;1;0;10;2;9;24;9;21;0;2;0;0;0
44181;770;12;69.82;58.5;85.8;1;0;1;3;0;5;0;0;0;0;27;1129;0;267;862;0;0;0;7;11;1;4;0;6;1;0;9;18;3;10;3;9;0;0;9;2;5;24;9;21;5;2;0;1;0
44181;848;9;58.8667;49;73.8;0;0;-1;3;0;0;0;1;0;2;31;1310;265;242;803;0;0;0;8;11;2;2;3;0;0;1;21;5;12;2;12;3;0;0;13;3;14;21;9;24;0;2;1;0;0
44181;1034;12;47.0286;55.3;43.2;0;0;1;1;1;0;2;1;0;0;23;781;0;45;736;1;2;33.3;5;8;3;6;1;4;1;0;11;21;1;8;2;11;0;0;8;3;2;24;9;21;0;2;0;0;0
44181;1035;12;92.1143;49.3;98.9;1;0;0;3;1;8;0;1;0;1;36;1462;332;209;921;0;0;0;3;10;1;4;1;3;0;0;13;19;3;10;2;12;1;0;9;2;12;24;9;21;4;5;1;2;0
44181;1090;12;58.3;51.7;65;0;0;0;0;0;0;0;0;0;0;39;1141;315;175;651;9;11;45.0;4;7;1;3;1;5;0;0;12;22;3;11;2;10;1;0;10;2;9;24;9;21;0;0;0;0;0
44181;1099;9;58.4286;59.3;59;0;0;0;1;1;0;2;0;0;0;22;1255;276;174;805;0;1;0.0;8;2;5;1;5;0;0;0;21;14;9;3;10;3;0;1;5;2;5;21;9;24;0;1;1;0;0
44181;1120;12;54.45;53.4;54.6;0;0;0;0;1;0;0;0;0;0;11;467;0;0;467;0;0;0;3;5;0;2;1;3;0;0;13;24;4;12;2;12;1;0;1;0;1;24;9;21;0;1;0;0;0
44181;1124;9;66.7;68.8;58.3;0;0;0;4;2;0;2;1;0;1;20;1123;386;142;595;0;0;0;6;4;6;0;2;1;0;0;23;12;8;4;13;2;0;1;4;2;5;21;9;24;0;3;0;1;2
44181;1237;9;57.1333;56.4;62.8;0;0;0;2;2;1;2;1;0;0;22;1090;11;147;932;0;0;0;13;3;7;1;8;3;0;0;16;13;7;3;7;0;0;1;3;4;6;21;9;24;1;2;1;1;0
44181;1240;9;46.025;54.4;41;0;0;-1;2;1;0;0;0;0;0;13;665;0;0;665;0;0;0;7;4;4;2;8;1;0;1;22;12;10;2;7;2;0;0;4;2;5;21;9;24;0;2;0;1;0
44181;1277;9;71.1857;70.1;76;0;0;0;4;1;1;2;0;0;0;25;1223;250;191;782;7;10;41.2;8;5;2;2;2;1;0;0;21;11;12;2;13;2;0;1;11;2;12;21;9;24;1;2;1;2;0
44181;1297;12;55.6;57.2;48.7;0;0;0;2;1;1;0;3;0;0;32;987;209;119;659;2;1;66.7;4;6;0;2;0;5;0;0;12;23;4;12;3;10;1;0;5;4;6;24;9;21;0;2;1;1;0
44181;1331;9;75.7;54.2;91.3;0;0;0;2;0;0;0;2;1;0;24;1102;11;175;916;0;0;0;13;3;7;1;7;3;0;0;16;13;7;3;8;0;0;1;3;4;6;21;9;24;0;1;1;0;0
44181;1527;9;90.7167;58;96.3;0;0;0;1;3;1;0;2;1;0;23;1246;276;118;852;0;0;0;8;2;5;1;4;1;0;0;21;14;9;3;11;2;0;1;5;2;4;21;9;24;0;2;2;0;1
44181;1750;9;66.2;67.8;63;0;0;0;5;0;0;0;1;0;0;24;1099;153;245;701;2;2;50.0;7;5;2;2;2;0;0;0;22;11;12;2;13;3;0;1;7;2;10;21;9;24;0;4;1;0;0
44181;2402;12;62.5;53.7;71.9;0;1;0;3;1;6;14;0;1;1;24;1018;192;76;750;0;0;0;6;8;2;6;2;6;0;0;10;21;2;8;1;9;1;0;6;5;4;24;9;21;5;4;1;0;0
44181;2450;12;63.12;57.9;62;0;0;0;1;0;0;0;4;0;0;13;541;0;74;467;2;0;100.0;3;5;0;2;0;3;0;0;13;24;4;12;3;12;1;0;1;0;1;24;9;21;0;1;0;0;0
44181;2468;12;53.7;50.3;58.1;0;0;1;0;1;0;0;1;0;0;19;697;0;0;697;2;7;22.2;5;8;3;6;1;2;1;0;11;21;1;8;2;13;0;0;6;2;1;24;9;21;0;0;0;1;0
44181;2690;12;55.3857;52.2;56.5;0;0;0;0;0;1;2;0;0;0;26;832;209;0;623;0;0;0;4;6;0;2;0;5;0;0;12;23;4;12;3;10;1;0;4;4;5;24;9;21;1;0;0;0;0
44181;2746;12;58.1;55.7;57.8;0;1;0;2;0;0;0;0;0;1;29;1098;192;133;773;0;0;0;6;9;2;6;2;6;0;0;10;20;2;8;1;9;1;0;8;5;4;24;9;21;0;0;0;2;0
44181;2791;9;60.78;62.3;57.7;0;0;0;1;0;0;2;1;0;0;14;522;13;34;475;0;0;0;9;3;3;0;3;0;0;0;20;13;11;4;12;3;0;1;2;2;2;21;9;24;0;1;0;0;0
44181;3393;12;67.9;64.1;68.7;0;1;0;0;0;2;0;1;0;0;37;1222;315;258;649;4;3;57.1;4;9;1;4;1;5;0;0;12;20;3;10;2;10;1;0;8;3;11;24;9;21;1;0;1;0;0
44181;3425;12;52.15;56;48.4;0;0;0;2;0;0;0;3;0;0;13;555;0;38;517;0;0;0;3;8;0;3;1;3;0;0;13;21;4;11;2;12;1;0;1;0;1;24;9;21;0;0;0;2;0
44181;3560;9;80.7333;72.8;89.7;0;0;0;5;4;2;0;1;0;0;27;1335;253;197;885;4;5;44.4;13;5;3;2;2;1;0;0;16;11;11;2;13;2;0;1;11;3;13;21;9;24;2;3;3;2;1
44183;10;23;69.9333;70.4;65.7;0;1;0;2;3;1;2;3;0;0;34;1251;281;259;711;1;0;100.0;4;10;4;2;5;4;1;1;24;8;11;4;11;3;3;0;16;8;15;33;22;22;1;4;0;1;0
44183;14;19;61.6125;59.3;63;0;0;0;0;0;0;0;1;1;0;16;655;0;0;655;0;0;0;2;8;1;5;2;2;0;0;16;20;5;10;5;14;1;4;2;5;3;22;22;33;0;0;0;0;0
44183;38;23;62.6286;72.2;60.1;1;0;1;2;1;0;0;0;0;0;21;1023;132;165;726;1;0;100.0;11;2;5;2;4;0;1;0;17;16;10;4;12;7;3;1;9;8;2;33;22;22;0;2;0;1;0
44183;46;23;70.3;68.1;55.5;0;1;1;2;0;0;0;1;0;0;21;984;132;165;687;9;7;56.3;10;2;5;2;4;0;1;0;18;16;10;4;12;7;3;1;9;6;2;33;22;22;0;1;1;0;0
44183;104;23;70.6857;72.9;60.5;0;1;1;6;1;0;0;0;0;0;15;644;132;31;481;0;0;0;8;2;2;2;2;1;1;0;20;16;13;4;14;6;3;1;4;5;1;33;22;22;0;6;1;0;0
44183;108;19;54.7571;47.1;55.8;0;0;0;1;0;1;4;5;0;1;23;1088;0;99;989;0;0;0;6;12;1;6;3;5;1;1;12;16;5;9;4;11;0;3;1;9;8;22;22;33;1;1;0;0;0
44183;128;19;57.9429;47.4;65.5;0;0;-1;0;1;5;0;0;0;1;18;764;0;87;677;0;0;0;4;7;1;5;4;5;0;1;14;21;5;10;3;11;1;3;3;2;7;22;22;33;0;2;4;0;0
44183;142;23;85.1;65.3;97.5;0;1;0;4;1;2;2;3;1;0;30;1404;278;327;799;0;0;0;5;6;1;1;3;1;0;0;23;12;14;5;13;6;4;1;19;12;9;33;22;22;0;4;3;0;0
44183;379;19;49.2667;51.7;42;0;0;-1;3;1;0;0;1;0;1;16;757;0;103;654;2;5;28.6;8;8;2;3;3;4;1;2;10;20;4;12;4;12;0;2;2;5;5;22;22;33;0;2;1;1;0
44183;507;19;72.55;62.1;85.2;0;0;-2;4;2;2;2;0;0;0;35;1403;509;101;793;15;16;48.4;8;9;2;3;2;5;0;2;10;19;4;12;5;11;1;2;15;10;15;22;22;33;1;2;3;1;1
44183;561;19;84.7571;50.2;84.8;0;0;-2;4;0;5;0;0;0;1;34;1398;78;255;1065;0;0;0;9;9;4;6;2;6;0;2;9;19;2;9;5;10;1;2;11;9;9;22;22;33;4;3;2;0;0
44183;571;23;54.8;57.9;55.5;0;0;-1;3;1;1;4;3;0;0;28;1306;281;251;774;0;0;0;4;11;1;2;2;2;0;1;24;7;14;4;14;5;4;0;17;12;11;33;22;22;0;4;1;0;0
44183;946;19;83.05;72;94.3;0;0;-1;3;2;0;2;2;1;0;30;1282;509;100;673;2;4;33.3;7;6;2;4;1;5;0;1;11;22;4;11;6;11;1;3;10;7;13;22;22;33;0;1;2;2;0
44183;1006;23;52.5375;51.6;53.1;0;0;0;1;0;0;0;0;0;1;17;624;0;25;599;1;0;100.0;8;1;4;0;5;0;0;0;20;17;11;6;11;7;4;1;5;4;0;33;22;22;0;1;0;0;0
44183;1060;23;66.9;68.4;66;0;0;0;1;3;3;5;0;0;0;17;650;0;126;524;1;0;100.0;7;0;5;0;6;1;0;0;21;18;10;6;10;6;4;1;5;2;0;33;22;22;1;3;3;0;0
44183;1091;19;51.6667;48.8;58.6;0;0;0;0;0;0;4;0;1;1;29;1039;73;185;781;8;7;53.3;2;6;1;6;2;3;0;0;16;22;5;9;5;13;1;4;5;4;8;22;22;33;0;0;0;0;0
44183;1241;19;53.6667;48.6;64.7;0;0;-1;7;2;0;2;0;0;3;32;1249;509;9;731;1;1;50.0;8;6;2;2;1;5;0;1;10;22;4;13;6;11;1;3;12;9;13;22;22;33;0;3;3;0;3
44183;1461;19;66.3571;66.4;75;0;0;-3;6;3;3;2;4;0;0;33;1558;528;97;933;0;0;0;8;9;4;3;2;4;0;3;10;19;2;12;5;12;1;1;14;12;17;22;22;33;2;5;3;2;0
44183;2519;19;46.8667;46.6;47.4;0;0;-2;0;1;2;0;0;0;1;21;759;97;103;559;0;0;0;4;9;1;4;1;3;0;2;14;19;5;11;6;13;1;2;3;5;6;22;22;33;1;1;1;0;0
44183;2537;19;51.12;50.3;54.4;0;0;-1;0;0;0;0;0;2;0;8;366;24;0;342;0;2;0.0;1;7;1;3;0;3;0;1;17;21;5;12;7;13;1;3;3;2;3;22;22;33;0;0;0;0;0
44183;2661;23;65.9571;66.9;62.9;0;1;1;2;1;1;0;3;0;0;23;861;266;157;438;0;3;0.0;4;3;4;1;5;3;1;0;24;15;11;5;11;4;3;1;12;5;4;33;22;22;1;3;0;0;0
44183;2688;19;61.3333;64;54.8;1;0;1;1;1;0;0;0;0;0;19;879;97;88;694;3;1;75.0;5;6;2;4;2;5;1;0;13;22;4;11;5;11;0;4;2;4;4;22;22;33;0;0;1;0;1
44183;3554;19;76.9143;63.2;94.3;0;1;0;2;0;3;0;1;0;0;19;1016;528;0;488;3;4;42.9;4;6;1;2;2;4;1;1;14;22;5;13;5;12;0;3;10;6;15;22;22;33;2;1;2;0;0
44183;3559;23;74.5714;86.1;66.2;1;1;0;3;2;1;2;1;0;0;34;1301;281;281;739;23;15;60.5;4;11;4;2;5;4;1;1;24;7;11;4;11;3;3;0;18;8;15;33;22;22;1;3;1;0;1
44183;4328;19;61.5667;62.6;59.5;0;1;-1;2;1;3;0;0;0;0;28;1160;78;156;926;0;0;0;6;12;1;5;1;7;1;2;12;16;5;10;6;9;0;2;2;10;8;22;22;33;0;3;3;0;0
44183;4335;23;59.5667;63.1;51.9;1;1;2;1;1;0;0;0;0;0;12;532;0;0;532;0;0;0;6;5;1;2;1;1;2;0;22;13;14;4;15;6;2;1;1;3;5;33;22;22;0;0;1;1;0
44183;4338;19;49.65;54.6;44.3;0;0;-1;0;1;0;0;0;0;0;11;463;0;109;354;1;2;33.3;0;5;1;2;1;4;0;1;18;23;5;13;6;12;1;3;2;2;8;22;22;33;0;1;0;0;0
44183;4341;19;58.9143;55.7;53.4;0;0;0;0;0;0;5;0;0;0;12;579;0;0;579;0;0;0;3;6;2;4;2;5;0;0;15;22;4;11;5;11;1;4;1;3;1;22;22;33;0;0;0;0;0
44183;4363;19;59.0286;49;66.2;0;0;0;1;0;0;0;2;0;0;18;812;0;132;680;0;0;0;4;8;1;5;4;5;0;0;14;20;5;10;3;11;1;4;5;1;7;22;22;33;0;0;0;1;0
44183;4600;23;54.2375;59.9;50.2;0;2;2;0;0;2;2;0;0;1;13;605;0;0;605;1;0;100.0;7;5;2;2;3;3;2;0;21;13;13;4;13;4;2;1;1;4;5;33;22;22;1;1;0;0;0
44183;4615;23;61.55;53.9;60.2;0;0;1;4;1;0;0;0;0;0;29;1300;132;224;944;0;0;0;10;8;7;3;5;4;2;1;18;10;8;3;11;3;2;0;11;6;9;33;22;22;0;3;1;0;1
44183;4794;23;49.65;51.6;48.9;1;0;1;2;1;2;0;2;1;1;29;1339;135;255;949;0;0;0;10;9;7;3;5;4;2;1;18;9;8;3;11;3;2;0;10;6;9;33;22;22;1;3;1;0;0
44183;4997;23;57.9143;57.8;55.4;0;0;0;1;1;0;0;0;0;0;18;676;0;3;673;3;4;42.9;8;1;5;0;6;2;0;0;20;17;10;6;10;5;4;1;4;4;0;33;22;22;0;0;2;0;0
44183;5032;23;70.4143;46;76.7;1;0;2;3;1;0;4;3;1;2;20;1083;12;155;916;0;0;0;13;3;7;2;9;2;2;0;15;15;8;4;7;5;2;1;5;5;4;33;22;22;0;2;1;1;0
44183;5059;23;51.62;52.4;49.5;0;0;2;0;1;0;0;0;0;0;12;532;0;0;532;2;6;25.0;6;5;1;2;1;1;2;0;22;13;14;4;15;6;2;1;1;3;5;33;22;22;0;1;0;0;0
44183;5296;23;59.0857;51.3;61.2;0;0;2;1;0;1;2;0;0;0;18;947;3;0;944;0;0;0;14;5;7;2;9;2;2;0;14;13;8;4;7;5;2;1;4;4;3;33;22;22;1;1;0;0;0
44185;58;25;58.2143;51.5;62.9;0;1;1;0;1;2;0;4;0;0;28;1096;6;127;963;0;0;0;3;11;2;1;2;7;1;0;18;25;1;12;9;11;3;0;4;4;11;19;13;21;2;0;1;0;0
44185;97;20;71.3714;53.2;84.3;0;0;-2;4;1;3;0;0;2;1;33;1474;109;28;1337;0;0;0;20;7;6;1;9;4;0;2;16;14;7;2;9;7;0;2;7;8;4;21;13;19;0;5;2;1;0
44185;175;25;57.5143;53.8;65.4;0;0;1;2;0;0;0;0;1;1;23;937;4;0;933;4;6;40.0;6;4;0;7;3;3;1;0;15;32;3;6;8;15;3;0;7;2;2;19;13;21;0;0;0;2;0
44185;311;20;60.2429;66.4;53.2;0;0;-1;5;0;0;2;2;0;0;23;864;173;0;691;0;0;0;12;3;4;0;4;0;0;1;24;18;9;3;14;11;0;3;4;3;3;21;13;19;0;1;1;2;1
44185;384;25;84.8143;50.3;86.6;0;0;0;0;0;1;0;2;0;1;14;731;6;163;562;3;5;37.5;0;12;0;4;3;4;0;0;21;24;3;9;8;14;4;0;2;2;7;19;13;21;0;1;0;0;0
44185;414;25;61.7;65.9;52.7;1;1;2;4;1;2;0;2;0;0;20;919;4;0;915;0;0;0;10;8;2;1;3;9;2;0;11;28;1;12;8;9;2;0;4;8;6;19;13;21;1;4;2;0;0
44185;455;20;75.35;67.6;76.7;0;0;-1;1;3;1;0;1;2;0;25;966;173;102;691;10;4;71.4;12;3;4;0;4;0;0;1;24;18;9;3;14;11;0;3;6;3;6;21;13;19;1;2;0;2;0
44185;879;20;66.3286;69.5;62.1;0;0;0;5;1;0;0;4;0;0;25;1008;0;102;906;2;0;100.0;16;0;4;0;6;1;0;0;20;21;9;3;12;10;0;4;10;2;5;21;13;19;0;2;3;0;1
44185;1017;20;58.0571;58.4;55.1;0;0;-1;0;0;1;0;2;0;0;21;925;21;6;898;5;6;45.5;2;10;3;2;0;5;0;1;34;11;10;1;18;6;0;3;3;4;7;21;13;19;1;0;0;0;0
44185;1466;20;65.3143;47.9;77.5;0;0;0;0;1;0;0;0;0;1;42;1058;142;45;871;0;0;0;9;5;5;1;6;3;0;0;27;16;8;2;12;8;0;4;11;1;10;21;13;19;0;1;0;0;0
44185;1572;20;49.85;45.5;50.6;0;0;0;0;0;0;0;0;0;1;41;934;0;51;883;0;0;0;9;5;5;1;6;3;0;0;27;16;8;2;12;8;0;4;10;1;7;21;13;19;0;0;0;0;0
44185;1735;25;63.4571;58.1;55.9;1;0;1;2;0;2;0;4;0;1;16;843;4;11;828;1;4;20.0;5;12;1;1;2;6;1;0;16;24;2;12;9;12;3;0;2;1;4;19;13;21;1;2;1;0;0
44185;2514;20;59.9667;62.6;53.5;0;0;-1;1;0;0;0;0;0;0;18;810;0;0;810;2;1;66.7;2;10;3;2;0;5;0;1;34;11;10;1;18;6;0;3;2;4;7;21;13;19;0;1;0;0;0
44185;2518;20;40.3;52.4;37;0;0;-2;1;2;1;0;0;0;0;11;667;0;0;667;5;4;55.6;5;8;2;1;7;5;0;2;31;13;11;2;11;6;0;2;4;4;4;21;13;19;1;1;0;2;0
44185;2553;20;56.5333;55.5;61.1;0;0;-1;4;0;0;0;0;0;0;21;781;142;0;639;0;0;0;9;3;4;0;4;0;0;1;27;18;9;3;14;11;0;3;3;3;3;21;13;19;0;2;1;0;1
44185;3284;25;69.0286;54.6;79.5;0;1;2;0;0;5;0;1;0;0;22;1356;0;148;1208;0;0;0;14;11;1;7;6;6;2;0;7;25;2;6;5;12;2;0;7;5;7;19;13;21;4;1;0;0;0
44185;4327;20;68.65;72.1;55;0;0;-2;5;0;1;2;0;0;0;27;1416;109;22;1285;0;0;0;21;7;6;1;9;4;0;2;15;14;7;2;9;7;0;2;6;8;4;21;13;19;1;5;0;0;0
44185;4356;25;68.7667;68.9;64.9;0;1;1;0;0;3;0;0;0;0;24;1293;145;103;1045;0;0;0;4;14;0;5;3;5;1;0;17;22;3;8;8;13;3;0;10;4;6;19;13;21;1;1;1;0;0
44185;4558;25;75.2;69.2;87.8;0;0;1;1;0;1;2;1;0;0;26;1113;145;0;968;0;0;0;3;11;2;1;2;9;1;0;18;25;1;12;9;9;3;0;5;4;10;19;13;21;1;1;0;0;0
44185;4567;25;62.6333;56.2;72.8;0;1;2;3;1;2;0;2;1;1;21;1322;0;96;1226;0;0;0;14;11;1;7;6;6;2;0;7;25;2;6;5;12;2;0;6;5;5;19;13;21;0;0;4;2;0
44185;4572;25;50.6875;53.4;48.1;0;0;0;0;0;0;0;1;0;0;14;711;0;152;559;0;3;0.0;0;12;0;4;3;4;0;0;21;24;3;9;8;14;4;0;2;2;6;19;13;21;0;0;0;0;0
44185;4778;20;49.175;59.4;41.6;0;0;-2;0;0;0;0;1;0;0;17;880;78;6;796;0;0;0;6;8;2;1;7;5;0;2;30;13;11;2;11;6;0;2;5;4;4;21;13;19;0;0;0;0;0
44185;4782;25;68.6714;73.3;55;0;2;1;3;0;0;0;1;0;0;24;1092;135;0;957;0;0;0;6;7;0;7;3;1;1;0;15;29;3;6;8;17;3;0;10;1;4;19;13;21;0;0;0;3;0
44185;4783;25;58.1143;54.6;64.8;0;1;1;0;1;0;0;0;0;1;13;753;0;21;732;0;0;0;5;11;1;1;2;4;1;0;16;25;2;12;9;14;3;0;2;2;3;19;13;21;0;1;0;0;0
44185;4789;20;55.3143;51.8;55.2;0;0;-2;2;0;3;0;1;0;0;26;1145;21;72;1052;0;0;0;9;9;2;1;3;4;0;2;27;12;11;2;15;7;0;2;3;4;5;21;13;19;1;2;2;0;0
44185;4814;25;50.2857;50.6;49.5;0;0;0;0;0;0;0;0;0;0;9;509;0;0;509;0;0;0;0;9;0;4;3;4;0;0;21;27;3;9;8;14;4;0;0;2;4;19;13;21;0;0;0;0;0
44185;4816;25;54.6143;55.7;54.2;1;0;1;2;0;0;0;0;0;0;20;1026;0;28;998;0;0;0;4;14;0;5;3;3;1;0;17;22;3;8;8;15;3;0;6;4;3;19;13;21;0;2;0;0;0
44185;4993;20;52.0667;46.5;61.4;0;0;-1;0;2;1;0;0;1;2;21;1035;173;37;825;0;0;0;2;10;3;2;1;5;0;1;34;11;10;1;17;6;0;3;4;4;10;21;13;19;0;2;1;0;0
44185;5010;25;62.7571;63.3;59.3;1;0;2;2;0;0;0;0;0;0;20;943;0;11;932;0;2;0.0;10;9;2;1;3;7;2;0;11;27;1;12;8;11;2;0;4;8;6;19;13;21;0;2;0;0;0
44185;5020;20;43.0857;50.7;39.6;0;0;-2;0;1;1;0;0;0;0;21;1087;0;72;1015;0;0;0;7;9;2;1;3;4;0;2;29;12;11;2;15;7;0;2;3;4;5;21;13;19;0;1;0;1;0
44185;5069;25;62.0667;64.4;56.2;0;1;1;1;0;1;0;0;0;0;22;916;0;0;916;0;1;0.0;6;4;0;7;3;1;1;0;15;32;3;6;8;17;3;0;7;2;2;19;13;21;1;0;1;0;0
44185;5259;25;69.7;63.3;86.1;0;0;1;2;0;2;4;0;3;0;18;909;141;56;712;1;2;33.3;5;9;1;1;2;4;1;0;16;27;2;12;9;14;3;0;6;1;6;19;13;21;2;1;1;0;0
44185;5281;20;48.3;54.7;41.1;0;0;-2;0;0;0;0;0;0;0;11;667;0;0;667;2;1;66.7;5;8;2;1;7;5;0;2;31;13;11;2;11;6;0;2;4;4;4;21;13;19;0;0;0;0;0
44185;5282;25;73.9;71.5;72.2;1;1;2;4;0;1;0;0;0;0;25;1166;135;88;943;8;13;38.1;10;8;2;1;3;7;2;0;11;28;1;12;8;11;2;0;8;8;9;19;13;21;1;1;0;2;1
44185;5462;20;56.92;56.3;51.9;0;0;0;1;1;0;2;1;0;0;24;982;57;0;925;0;0;0;14;0;4;0;7;1;0;0;22;21;9;3;11;10;0;4;8;2;2;21;13;19;0;2;0;0;0
44185;5687;20;77.6857;67;84;0;0;0;8;2;1;0;0;0;1;26;1042;57;37;948;10;1;90.9;17;0;4;0;7;1;0;0;19;21;9;3;11;10;0;4;8;2;2;21;13;19;1;3;5;2;0
44187;3;11;54.825;52.6;51.2;0;0;0;0;1;0;0;3;1;1;24;955;0;224;731;0;0;0;3;6;1;3;1;6;0;0;11;26;7;12;3;16;0;3;10;1;5;30;19;25;0;1;0;0;0
44187;185;11;54.4143;53.9;53.6;0;0;-1;0;0;1;0;0;0;0;15;833;41;0;792;4;7;36.4;4;10;2;5;1;6;0;1;10;22;6;10;3;16;0;2;5;1;5;30;19;25;0;1;0;0;0
44187;226;11;62.6;55.5;67.4;0;1;-3;2;0;2;0;0;0;0;31;1477;276;223;978;0;0;0;5;18;6;6;0;7;0;3;9;14;2;9;4;15;0;0;14;8;13;30;19;25;0;2;1;1;0
44187;272;11;62.4;64.6;51.7;0;2;-2;2;1;1;0;1;1;2;23;1132;294;28;810;1;1;50.0;4;12;4;7;2;6;0;2;10;20;4;8;2;16;0;1;11;11;10;30;19;25;0;2;1;1;0
44187;483;0;71.0167;73.5;55.6;1;1;1;2;1;0;0;0;0;0;24;1011;162;41;808;7;11;38.9;11;2;1;1;8;3;1;0;21;12;14;7;14;1;2;0;4;7;9;25;19;30;0;1;1;1;0
44187;565;11;54.6;51.3;57.9;0;0;0;0;0;0;0;0;1;0;10;470;0;52;418;0;0;0;0;4;1;0;0;4;0;0;14;28;7;15;4;18;0;3;1;2;2;30;19;25;0;0;0;0;0
44187;582;11;60.9;51.5;66.5;0;0;0;0;0;4;0;2;1;1;12;592;0;134;458;0;5;0.0;0;4;1;0;0;4;0;0;14;28;7;15;4;18;0;3;1;4;5;30;19;25;3;0;1;0;0
44187;625;0;59.15;55.4;54.1;0;0;0;3;1;0;2;1;0;1;18;858;0;0;858;0;0;0;9;7;6;3;7;2;0;0;23;7;9;5;15;2;3;0;2;4;7;25;19;30;0;1;0;3;0
44187;642;0;64.85;72.1;60.5;1;1;1;4;2;0;0;2;0;0;25;932;263;14;655;0;1;0.0;7;2;6;3;3;0;1;0;25;12;9;5;19;4;2;0;11;5;4;25;19;30;0;3;3;0;0
44187;652;0;65.5;61.1;68;1;0;1;3;0;0;0;1;1;1;14;574;0;0;574;1;2;33.3;5;4;2;1;4;0;1;0;27;10;13;7;18;4;2;0;2;4;7;25;19;30;0;2;0;1;0
44187;749;11;50.4143;54.5;49.5;0;0;-1;3;0;0;0;0;0;0;24;1103;41;239;823;3;5;37.5;4;13;2;6;1;6;0;1;10;19;6;9;3;16;0;2;10;1;9;30;19;25;0;2;0;1;0
44187;764;0;82.0286;76.5;86;0;3;0;9;2;0;0;1;1;0;38;1522;378;261;883;0;0;0;12;3;8;3;9;1;0;0;20;11;7;5;13;3;3;0;18;4;9;25;19;30;0;7;4;0;0
44187;798;0;62.0667;61.3;51.6;0;0;1;2;0;0;0;2;0;0;24;887;99;14;774;0;0;0;8;1;1;1;8;2;1;0;24;13;14;7;14;2;2;0;2;8;7;25;19;30;0;0;1;1;0
44187;799;0;60.0429;52.4;58.4;0;0;0;1;1;0;0;1;0;0;25;1072;0;74;998;0;0;0;9;7;5;1;7;1;0;0;23;7;10;7;15;3;3;0;4;8;15;25;19;30;0;2;0;0;0
44187;931;0;55.7714;59.2;50.7;0;0;0;2;2;0;4;1;0;0;17;803;0;0;803;8;4;66.7;9;6;6;3;7;1;0;0;23;8;9;5;15;3;3;0;2;3;7;25;19;30;0;1;1;1;1
44187;1311;0;67.8;71;50;2;1;2;2;0;0;0;0;0;0;18;895;47;0;848;0;0;0;10;4;2;4;6;2;2;0;22;10;13;4;16;2;1;0;3;6;6;25;19;30;0;2;0;0;0
44187;1340;0;77.4714;80.5;68.5;0;2;1;0;1;0;0;0;0;0;29;1223;263;280;680;12;6;66.7;7;2;7;3;3;0;1;0;25;12;8;5;19;4;2;0;17;4;8;25;19;30;0;0;0;1;0
44187;1432;11;67.05;57.4;77.3;0;0;0;1;0;4;2;0;0;0;19;837;0;66;771;5;6;45.5;6;6;1;3;1;6;0;0;8;26;7;12;3;16;0;3;8;4;1;30;19;25;2;1;2;0;0
44187;1533;0;65;58;69.5;0;0;1;3;2;1;0;2;1;0;28;1102;47;74;981;0;0;0;10;6;5;0;7;1;1;0;22;8;10;8;15;3;2;0;4;7;16;25;19;30;1;3;1;1;0
44187;2462;0;59.3333;49.9;73.7;0;1;0;8;2;2;0;1;2;3;39;1575;378;261;936;0;0;0;12;3;8;3;9;1;0;0;20;11;7;5;13;3;3;0;18;5;9;25;19;30;2;7;2;1;0
44187;2532;11;79.7;83.2;60.4;1;1;-2;9;4;0;0;3;2;0;22;1109;294;0;815;0;0;0;7;9;4;6;2;6;0;2;7;23;4;9;2;16;0;1;12;12;10;30;19;25;0;8;2;3;0
44187;2536;11;61.2875;54.2;60.9;0;0;-1;0;1;3;2;3;1;0;15;789;0;0;789;0;0;0;3;10;2;5;0;6;0;1;11;22;6;10;4;16;0;2;5;3;3;30;19;25;1;1;2;0;0
44187;2635;0;59.0571;57.6;57.2;0;1;1;0;1;0;0;0;1;0;9;444;0;0;444;8;1;88.9;5;3;1;1;4;0;1;0;27;11;14;7;18;4;2;0;2;3;5;25;19;30;0;0;0;1;0
44187;2652;11;52;48.1;57.1;0;0;0;1;2;0;2;0;0;2;22;1317;276;101;940;0;0;0;3;6;1;1;2;9;0;0;11;26;7;14;2;13;0;3;13;6;12;30;19;25;0;0;2;1;0
44187;2656;0;74.9667;73.1;74.5;0;2;1;4;1;3;0;4;0;2;25;1064;162;41;861;0;2;0.0;11;2;1;1;8;3;1;0;21;12;14;7;14;1;2;0;4;7;9;25;19;30;1;4;2;0;1
44187;2768;0;54.66;55;50.3;0;0;1;1;0;1;0;0;0;0;14;599;0;50;549;1;1;50.0;5;4;1;1;4;0;1;0;27;10;14;7;18;4;2;0;3;4;6;25;19;30;1;0;1;0;0
44187;3433;0;59.0571;51.8;56.3;0;0;0;3;0;1;0;2;0;1;17;803;0;0;803;0;0;0;9;6;6;3;7;1;0;0;23;8;9;5;15;3;3;0;2;3;7;25;19;30;0;2;1;1;0
44187;3555;0;78.3333;83.5;68.6;2;1;2;3;2;0;2;0;0;1;29;1321;326;230;765;3;6;33.3;8;3;6;3;3;0;2;0;24;11;9;5;19;4;1;0;16;5;10;25;19;30;0;2;1;1;1
44187;3558;11;83.7429;75.9;83;1;0;-2;3;2;5;0;2;0;1;23;1148;294;39;815;20;13;60.6;7;9;4;6;2;6;0;2;7;23;4;9;2;16;0;1;13;12;10;30;19;25;3;3;2;1;1
44187;4344;0;53.4;51.3;53.7;0;0;2;1;0;0;0;3;0;0;18;923;0;0;923;0;0;0;10;5;2;5;6;2;2;0;22;9;13;3;16;2;1;0;3;7;5;25;19;30;0;0;1;0;0
44187;4419;11;55.8429;58.6;51.7;0;0;0;0;0;0;0;0;0;0;16;780;41;0;739;0;0;0;4;6;1;3;2;6;0;0;10;26;7;12;2;16;0;3;6;2;3;30;19;25;0;0;0;0;0
44187;4772;11;49.2667;44;63.7;0;0;0;2;0;0;2;0;0;1;19;1069;59;88;922;0;0;0;6;8;1;7;2;6;0;0;8;24;7;8;2;16;0;3;6;6;6;30;19;25;0;2;0;0;0
44187;4780;11;41.0167;46.4;40.9;0;0;-3;0;1;5;2;0;0;1;21;1117;0;137;980;0;0;0;4;18;5;7;0;8;0;3;10;14;3;8;4;14;0;0;11;6;6;30;19;25;1;2;2;1;0
44187;4781;11;56.3333;53.1;65.2;0;0;0;1;1;1;2;0;0;1;21;1126;59;141;926;0;0;0;7;7;1;7;2;5;0;0;7;25;7;8;2;17;0;3;6;7;7;30;19;25;0;2;1;0;0
44187;5038;11;86.2571;50.8;93.1;0;0;0;0;0;5;2;0;1;0;20;1138;0;160;978;0;0;0;3;7;2;2;2;9;0;0;11;25;6;13;2;13;0;3;10;5;6;30;19;25;4;1;0;0;0
44187;5269;11;50.32;48.9;54.5;0;0;0;0;0;0;0;0;0;0;10;526;0;68;458;1;3;25.0;0;4;1;0;0;4;0;0;14;28;7;15;4;18;0;3;1;3;5;30;19;25;0;0;0;0;0
44189;19;8;61.2286;55.2;58.5;0;0;-2;0;0;0;0;1;1;0;14;661;0;215;446;9;6;60.0;1;12;0;0;3;0;0;2;18;23;6;15;5;8;0;2;8;2;5;27;19;26;0;0;0;0;0
44189;120;278;55.6625;51.1;58.4;0;0;1;1;0;0;0;0;1;0;10;367;0;21;346;0;2;0.0;2;3;3;0;0;2;1;0;33;16;12;6;8;6;3;0;0;2;2;26;19;27;0;1;0;0;0
44189;297;8;52.04;51.8;55;0;0;0;1;2;1;2;0;1;1;15;890;81;0;809;5;12;29.4;8;13;2;5;3;4;0;0;11;22;4;10;5;4;0;4;5;3;11;27;19;26;0;1;2;1;0
44189;367;278;63.0333;61.2;57.4;0;0;0;1;0;0;0;1;0;0;20;971;64;0;907;0;0;0;8;9;2;4;3;5;0;0;27;10;13;2;5;3;4;0;8;1;10;26;19;27;0;0;0;1;0
44189;421;8;66.3;61.2;68;0;0;-1;1;3;0;2;3;1;0;20;852;27;0;825;0;0;0;7;6;4;5;2;3;0;1;12;29;2;10;6;5;0;3;4;5;2;27;19;26;0;2;0;1;1
44189;444;8;55.92;56;46.1;0;0;0;1;0;0;0;2;0;0;15;785;72;0;713;1;2;33.3;6;13;2;5;1;4;0;0;13;22;4;10;7;4;0;4;4;4;9;27;19;26;0;1;0;0;0
44189;456;278;57.9125;61.4;49.9;0;1;1;0;1;0;0;1;0;0;12;411;0;95;316;1;1;50.0;2;3;3;0;0;2;1;0;33;16;12;6;8;6;3;0;0;2;2;26;19;27;0;0;1;0;0
44189;556;8;57.175;66.7;50.5;0;0;0;2;0;0;0;1;0;1;13;889;86;0;803;0;0;0;8;14;2;5;3;4;0;0;11;21;4;10;5;4;0;4;5;2;14;27;19;26;0;1;1;0;0
44189;620;278;81.65;52.2;87.3;0;0;0;4;2;2;0;1;2;0;23;1200;176;77;947;0;0;0;13;5;10;1;4;3;0;0;22;14;5;5;4;5;4;0;7;4;10;26;19;27;0;7;1;0;0
44189;686;278;67.8;66.5;69.5;1;0;1;2;0;2;0;1;0;0;21;1199;380;0;819;4;2;66.7;9;9;2;3;2;4;1;0;26;10;13;3;6;4;3;0;9;3;14;26;19;27;0;1;1;2;0
44189;704;278;78.2;42.5;82.4;0;0;0;2;2;1;2;3;0;2;25;1137;3;168;966;0;0;0;14;5;10;0;4;2;0;0;21;14;5;6;4;6;4;0;4;4;9;26;19;27;0;3;1;0;1
44189;708;8;63.35;59.4;66.1;0;0;-1;3;0;0;0;0;1;0;29;979;381;65;533;9;9;50.0;2;3;0;5;0;1;0;0;17;32;6;10;8;7;0;4;6;8;5;27;19;26;0;3;0;0;0
44189;871;278;62.1667;55.9;64.2;0;1;1;5;1;0;0;0;0;2;20;838;64;0;774;5;9;35.7;12;1;3;2;5;2;1;0;23;18;12;4;3;6;3;0;6;6;3;26;19;27;0;2;0;3;1
44189;900;278;72.4571;62.3;73.1;1;1;3;1;0;2;0;2;1;1;17;830;71;343;416;1;0;100.0;3;5;3;0;0;2;2;0;32;14;12;6;8;6;2;0;5;6;9;26;19;27;2;1;0;0;0
44189;955;278;67.3;69.1;61.1;0;1;1;3;1;0;2;0;0;0;24;998;64;95;839;1;0;100.0;12;3;3;2;5;2;1;0;23;16;12;4;3;6;3;0;6;6;4;26;19;27;0;2;2;0;0
44189;1045;278;86.6857;57.9;86;1;1;2;6;0;2;0;1;0;2;22;1101;0;347;754;6;7;46.2;12;6;7;1;1;1;1;0;23;13;8;5;7;7;3;0;11;6;7;26;19;27;1;3;1;1;2
44189;1073;8;77.3571;50.4;81.5;0;0;-1;1;0;4;0;3;0;0;21;1221;38;237;946;0;0;0;6;12;2;6;3;4;0;1;13;23;4;9;5;4;0;3;7;6;7;27;19;26;0;4;1;0;0
44189;1080;8;90.3;44.1;98.7;0;0;-1;3;2;3;2;1;1;1;34;1369;414;207;748;0;0;0;7;9;1;3;4;2;0;1;12;26;5;12;4;6;0;3;12;8;14;27;19;26;1;5;2;0;0
44189;1097;8;38.4143;44.8;37;0;0;-2;3;0;0;0;1;0;1;25;1045;27;5;1013;0;0;0;8;14;3;6;3;2;0;2;11;21;3;9;5;6;0;2;6;6;5;27;19;26;0;1;1;1;0
44189;1112;8;67.06;66.4;67.2;1;0;-2;4;0;0;0;1;0;0;35;1230;409;164;657;4;2;66.7;6;4;0;5;2;1;0;1;13;31;6;10;6;7;0;3;11;8;10;27;19;26;0;2;0;2;0
44189;1155;8;73.9143;61.6;76.9;0;1;-1;2;0;1;12;1;0;0;29;942;295;178;469;0;3;0.0;2;2;0;3;0;1;0;0;17;33;6;12;8;7;0;4;7;8;4;27;19;26;1;1;1;0;0
44189;1187;8;49.8143;53.4;48.7;0;0;-2;4;0;0;12;0;0;1;28;1143;430;142;571;0;0;0;7;7;1;2;4;1;0;1;12;28;5;13;4;7;0;3;13;5;13;27;19;26;0;3;0;0;1
44189;1255;278;80.8;67;83.2;0;3;4;1;0;2;0;3;0;0;37;1390;101;333;956;0;0;0;16;5;4;3;3;3;3;0;19;14;11;3;5;5;1;0;16;9;11;26;19;27;1;2;0;0;0
44189;1457;8;52.2;52.8;51.4;0;0;-1;0;1;0;0;0;1;0;25;948;54;51;843;7;3;70.0;7;6;4;5;2;3;0;1;12;29;2;10;6;5;0;3;5;4;2;27;19;26;0;0;0;0;1
44189;1482;278;54.1;54.5;52.5;0;0;1;1;2;0;0;1;0;0;12;585;0;0;585;0;0;0;10;4;7;0;1;0;1;0;25;15;8;6;7;8;3;0;4;3;2;26;19;27;0;2;1;0;0
44189;2240;8;48.1429;52.4;47.9;0;0;-1;1;1;0;2;0;0;0;16;1049;0;33;1016;0;0;0;4;11;3;5;2;3;0;1;15;24;3;10;6;5;0;3;6;4;6;27;19;26;0;1;1;0;0
44189;2285;8;49.58;51.3;41.7;0;0;-2;1;0;0;0;0;0;1;14;617;120;0;497;0;0;0;2;13;0;2;2;1;0;2;17;22;6;13;6;7;0;2;5;4;1;27;19;26;0;1;0;0;0
44189;2629;278;66.36;66.3;64.6;1;0;1;3;3;0;0;0;0;0;16;960;309;0;651;9;8;52.9;12;4;7;1;1;0;1;0;23;15;8;5;7;8;3;0;9;4;6;26;19;27;0;2;2;2;0
44189;2638;8;43.5375;50.3;39;0;0;-2;0;0;0;0;0;0;1;14;528;11;65;452;0;0;0;1;12;0;1;2;0;0;2;18;23;6;14;6;8;0;2;4;3;1;27;19;26;0;0;0;0;0
44189;2645;8;47.9429;58.7;45.8;0;0;-2;2;0;0;0;0;1;0;27;973;0;150;823;0;0;0;7;6;4;4;3;2;0;2;12;29;2;11;5;6;0;2;9;5;7;27;19;26;0;0;0;2;0
44189;3551;8;72.3714;56.7;74.4;0;1;-3;0;0;3;0;2;1;0;32;1392;60;264;1068;0;0;0;6;17;2;8;1;4;0;2;13;18;4;7;7;4;0;2;10;8;7;27;19;26;1;0;1;1;0
44189;3562;278;71.525;61.7;73.9;1;0;1;2;1;1;2;6;0;2;21;1014;309;32;673;1;1;50.0;12;1;3;1;4;1;1;0;23;18;12;5;4;7;3;0;6;7;6;26;19;27;0;3;0;0;1
44189;4999;278;55.7;52;60.1;0;0;0;1;0;1;0;0;0;2;21;1072;265;27;780;9;5;64.3;8;9;2;3;2;4;0;0;27;10;13;3;6;4;4;0;8;2;12;26;19;27;1;0;1;0;0
44189;5027;278;56.6714;53;58.1;0;0;3;3;2;1;2;1;0;0;30;1190;71;307;812;0;0;0;14;5;4;2;3;2;2;0;21;14;11;4;5;6;2;0;12;9;11;26;19;27;1;3;2;0;0
44189;5040;278;57.8667;55.2;70.7;0;0;1;3;0;0;4;1;0;0;22;1068;265;0;803;0;0;0;8;9;1;4;1;2;1;0;27;10;14;2;7;6;3;0;8;5;6;26;19;27;0;3;0;0;0
44189;5490;278;70.35;54.3;70.8;0;1;2;0;0;2;0;0;0;0;28;1083;78;117;888;0;0;0;7;9;1;3;1;3;2;0;28;10;14;3;7;5;2;0;4;8;5;26;19;27;0;0;1;1;0
44191;24;22;81.3;62.4;100;0;1;-1;1;1;0;0;0;1;1;39;1572;529;331;712;19;19;50.0;7;10;3;4;1;3;0;1;14;13;7;8;4;9;2;1;18;6;15;32;15;30;0;0;2;0;0
44191;42;22;59.5;58.4;60.5;0;0;0;2;2;0;0;0;0;1;18;702;0;105;597;0;0;0;6;4;3;2;3;3;0;0;15;19;7;10;2;9;2;2;4;4;5;32;15;30;0;3;0;0;1
44191;109;22;53.9;55.1;54.1;0;0;0;0;1;0;2;2;0;0;13;615;99;0;516;0;0;0;5;2;2;1;2;3;0;0;16;21;8;11;3;9;2;2;4;3;5;32;15;30;0;0;0;1;0
44191;179;22;52.1714;55.5;52.4;0;0;0;1;0;1;4;0;0;0;9;524;0;0;524;0;0;0;1;7;3;3;0;2;0;0;20;16;7;9;5;10;2;2;2;2;2;32;15;30;1;0;0;1;0
44191;222;22;52.22;51.5;48.1;0;0;0;0;1;0;2;2;0;0;10;457;0;0;457;1;1;50.0;0;5;2;1;1;2;0;0;21;18;8;11;4;10;2;2;2;1;2;32;15;30;0;1;0;0;0
44191;305;10;78.3667;77.4;68;0;1;1;6;0;1;2;2;1;0;20;1078;213;169;696;1;0;100.0;8;5;5;1;3;2;1;0;15;16;7;9;9;3;1;2;3;5;6;30;15;32;0;5;0;1;1
44191;372;22;65.52;48.8;89.6;0;1;1;1;2;2;0;0;1;2;34;1410;239;266;905;0;0;0;4;4;5;4;2;4;1;0;17;19;5;8;3;8;1;2;10;5;11;32;15;30;1;3;1;0;0
44191;430;10;73.7;77.7;64.3;1;1;-1;6;2;1;0;1;0;1;25;1450;495;229;726;3;1;75.0;8;4;3;6;1;1;0;1;15;17;9;4;11;4;2;1;12;7;9;30;15;32;1;5;2;1;0
44191;462;10;47.825;52.8;43.4;0;0;-1;0;0;0;0;2;0;0;9;458;0;75;383;0;0;0;2;7;1;2;0;1;0;1;21;14;11;8;12;4;2;1;4;2;4;30;15;32;0;0;0;0;0
44191;506;22;66.7143;69.8;51.3;0;2;1;1;0;1;0;0;0;0;20;760;82;0;678;0;1;0.0;8;4;1;3;1;3;2;1;13;19;9;9;4;9;0;1;5;4;5;32;15;30;1;0;1;0;0
44191;549;22;68.5;66.2;71.3;1;0;-1;3;1;0;0;0;0;0;35;1412;529;115;768;0;1;0.0;8;10;4;6;1;3;0;1;13;13;6;6;4;9;2;1;14;4;12;32;15;30;0;3;0;0;1
44191;699;10;63.25;77.8;48.3;0;1;1;1;0;0;2;3;0;0;20;912;18;231;663;0;0;0;6;0;3;3;8;0;1;0;17;21;9;7;4;5;1;2;11;1;9;30;15;32;0;0;0;0;1
44191;818;10;58.2714;58.7;55.8;0;0;1;1;3;0;0;0;0;0;18;911;213;0;698;7;4;63.6;8;5;5;1;3;2;1;0;15;16;7;9;9;3;1;2;2;4;5;30;15;32;0;2;0;2;0
44191;870;22;55.4143;51.6;56.4;0;0;0;0;0;0;0;1;0;0;9;438;0;0;438;1;2;33.3;0;5;2;1;0;2;0;0;21;18;8;11;5;10;2;2;2;1;2;32;15;30;0;0;0;0;0
44191;959;10;57.0333;63.3;53.6;1;0;1;3;1;1;0;1;0;0;18;911;213;0;698;0;0;0;8;5;5;1;3;2;1;0;15;16;7;9;9;3;1;2;2;4;5;30;15;32;1;3;1;0;0
44191;989;10;59.7667;64.4;53.5;1;0;-1;5;0;0;12;2;0;0;19;1016;486;85;445;0;0;0;2;3;2;2;1;1;0;1;21;18;10;8;11;4;2;1;12;3;9;30;15;32;0;4;1;0;0
44191;1115;22;55.3;59.4;48.9;0;0;-1;1;2;0;0;3;0;0;31;1112;316;115;681;0;1;0.0;5;9;4;6;1;2;0;1;16;14;6;6;4;10;2;1;8;3;10;32;15;30;0;2;1;0;0
44191;1130;22;77.8;61.7;91.1;0;2;1;8;0;3;2;1;0;1;36;1529;372;385;772;0;0;0;11;7;2;1;0;4;1;0;10;16;8;11;5;8;1;2;13;7;15;32;15;30;3;5;2;1;0
44191;1132;10;88.7286;81.3;94.7;0;2;-1;3;2;2;0;1;0;0;23;1314;513;35;766;13;13;50.0;7;7;3;5;2;1;0;1;16;14;9;5;10;4;2;1;11;6;11;30;15;32;0;4;1;1;1
44191;1233;10;73.3857;76.1;66.6;0;2;-1;2;1;0;0;0;1;0;23;1314;513;35;766;0;2;0.0;7;7;3;5;2;1;0;1;16;14;9;5;10;4;2;1;11;6;11;30;15;32;0;1;1;1;0
44191;1270;22;51.7143;50.6;51.9;0;0;-2;0;1;1;0;0;0;0;21;909;0;75;834;0;0;0;6;11;3;7;3;5;0;2;15;12;7;5;2;7;2;0;8;3;4;32;15;30;1;1;0;0;0
44191;1305;10;55.7714;54.4;58.2;0;0;-1;1;2;0;6;1;1;0;20;1040;222;79;739;0;0;0;3;8;5;4;1;4;0;1;20;13;7;6;11;1;2;1;5;5;4;30;15;32;0;2;0;1;0
44191;1323;10;63.8286;48.2;66.2;0;0;0;2;4;2;0;2;0;1;29;1464;18;365;1081;0;0;0;11;12;4;6;4;0;1;1;12;9;8;4;8;5;1;1;13;9;12;30;15;32;1;5;2;0;0
44191;1337;22;56.5333;57.2;53.2;0;0;1;0;0;1;0;0;0;0;28;1089;82;280;727;2;3;40.0;7;5;2;4;1;4;2;1;14;18;8;8;4;8;0;1;8;5;8;32;15;30;1;0;0;0;0
44191;1348;22;49.7571;48.9;50.6;0;0;-2;0;0;0;2;4;2;0;23;1113;114;75;924;3;0;100.0;4;13;4;7;4;6;0;2;17;10;6;5;1;6;2;0;9;5;7;32;15;30;0;0;0;0;0
44191;1529;10;62.4429;54.6;67.8;0;0;1;1;1;0;0;1;0;1;23;1409;222;161;1026;0;0;0;10;6;6;2;8;4;1;0;13;15;6;8;4;1;1;2;5;4;11;30;15;32;0;2;0;0;0
44191;1537;10;47.0429;53;45.7;0;0;-1;0;1;0;0;0;0;0;14;598;0;246;352;7;6;53.8;0;7;1;2;1;0;0;1;23;14;11;8;11;5;2;1;8;1;6;30;15;32;0;1;0;0;0
44191;1574;22;59.4667;51.3;75.2;0;0;1;1;1;1;0;1;0;0;34;1410;239;266;905;0;0;0;4;4;5;4;2;4;1;0;17;19;5;8;3;8;1;2;10;5;11;32;15;30;0;2;1;0;0
44191;1579;10;76.3167;60.2;73.9;0;0;1;4;0;1;0;1;0;0;23;1250;0;361;889;0;0;0;11;4;4;1;9;1;1;0;12;17;8;9;3;4;1;2;9;5;14;30;15;32;0;5;0;0;0
44191;1581;22;80.5143;81.6;79.3;1;0;1;2;0;0;2;10;0;0;32;1140;82;306;752;7;8;46.7;8;4;1;3;1;4;2;1;13;19;9;9;4;8;0;1;10;5;9;32;15;30;0;1;0;0;1
44191;2627;10;53.5333;51.9;51.7;0;0;-1;0;1;1;0;0;0;0;7;408;0;101;307;0;2;0.0;0;9;1;1;0;1;0;1;23;12;11;9;12;4;2;1;4;3;4;30;15;32;0;0;0;2;0
44191;2723;10;56.05;62.3;50.8;1;0;1;2;1;1;2;1;0;0;14;656;0;0;656;7;7;50.0;7;0;3;2;6;2;1;0;16;21;9;8;6;3;1;2;6;2;6;30;15;32;0;2;2;0;0
44191;3363;22;64.4857;61.3;72.7;0;0;0;1;0;3;2;1;0;0;18;699;0;200;499;5;3;62.5;5;3;2;2;2;3;0;0;16;20;8;10;3;9;2;2;6;3;4;32;15;30;1;2;1;0;0
44191;3541;10;76.9167;72.3;82;0;0;0;5;2;1;0;4;2;0;30;1617;504;171;942;0;0;0;9;11;3;5;2;1;1;1;14;10;9;5;10;4;1;1;16;4;14;30;15;32;1;6;1;0;0
44191;3550;22;77.7667;64.8;100;1;0;1;5;2;2;0;1;2;1;38;1541;372;385;784;0;0;0;13;7;2;1;0;3;1;0;8;16;8;11;5;9;1;2;15;7;15;32;15;30;1;3;1;3;1
44191;4372;10;54.9;53.1;56.9;0;0;1;0;1;0;0;1;0;1;16;741;0;101;640;1;3;25.0;7;2;3;1;6;1;1;0;16;19;9;9;6;4;1;2;7;2;8;30;15;32;0;1;0;0;0
44193;91;24;58.35;62.4;50.3;0;2;2;2;1;0;2;0;0;0;10;518;0;71;447;6;7;46.2;6;4;2;0;5;1;2;0;24;19;14;8;9;7;3;2;3;5;6;17;19;22;0;1;1;1;0
44193;244;21;67.35;61.2;72.7;0;1;1;1;0;1;0;0;0;0;15;906;86;60;760;0;0;0;5;8;1;4;4;2;1;0;18;22;7;12;4;12;1;5;5;5;3;22;19;17;1;0;0;1;0
44193;267;24;67.3;75.1;58.3;0;1;1;1;1;1;0;1;1;0;19;771;0;111;660;1;0;100.0;6;1;6;0;5;3;1;0;24;22;10;8;9;5;4;2;3;6;4;17;19;22;0;2;0;1;0
44193;412;24;61.8;68.2;53;1;0;0;7;2;2;0;0;0;0;28;1047;105;202;740;1;2;33.3;10;14;4;3;1;4;1;1;20;9;12;5;13;4;4;1;7;5;6;17;19;22;1;6;1;3;0
44193;500;24;84.6429;82.9;75;0;2;1;2;1;0;0;2;0;0;27;1219;392;0;827;3;4;42.9;7;2;4;4;3;0;1;0;23;21;12;4;11;8;4;2;5;2;6;17;19;22;0;1;0;2;0
44193;641;24;62.15;59.9;60.2;0;0;0;0;3;0;0;4;1;0;28;1049;108;49;892;0;2;0.0;7;4;4;3;4;0;1;1;23;19;12;5;10;8;4;1;1;6;3;17;19;22;0;1;0;2;0
44193;1105;21;62.7857;50.4;62.4;0;0;-2;3;2;1;0;4;0;0;23;1354;227;155;972;0;0;0;9;11;3;6;3;5;0;2;14;19;5;10;5;9;2;3;13;5;9;22;19;17;0;3;2;1;0
44193;1147;24;69.6714;72.2;64.9;2;0;2;4;1;0;0;0;0;0;12;760;389;0;371;0;0;0;6;4;2;0;4;1;2;0;24;19;14;8;10;7;3;2;6;4;8;17;19;22;0;1;1;2;1
44193;1368;24;70.1857;55.7;69.8;0;0;1;1;1;3;0;2;0;0;29;1190;0;203;987;0;0;0;5;8;5;2;6;4;2;1;25;15;11;6;8;4;3;1;6;10;7;17;19;22;2;2;1;0;0
44193;1535;24;60.1;61.4;53.9;0;0;1;1;1;0;0;0;0;1;24;904;105;40;759;1;1;50.0;9;1;6;0;5;3;1;0;21;22;10;8;9;5;4;2;2;8;3;17;19;22;0;1;1;0;0
44193;2360;24;63.6714;64.7;62.2;0;1;2;3;1;0;0;0;0;0;23;1114;108;79;927;0;0;0;13;1;4;3;6;0;2;0;17;22;12;5;8;8;3;2;0;6;3;17;19;22;0;1;0;3;0
44193;2458;21;64.6571;62.4;67.5;1;0;1;2;0;0;0;2;0;0;16;975;207;24;744;10;7;58.8;5;7;1;4;4;2;1;0;18;23;7;12;4;12;1;5;7;6;4;22;19;17;0;1;0;1;0
44193;2461;21;61.1857;70.9;55.7;0;0;-3;3;0;0;0;1;1;0;17;982;35;348;599;2;1;66.7;4;8;1;3;1;1;0;3;19;22;7;13;7;13;2;2;3;5;5;22;19;17;0;2;0;1;0
44193;2478;24;61.1286;44.3;73.4;0;1;0;2;1;0;0;0;0;2;17;907;0;80;827;0;0;0;12;14;7;3;2;4;1;1;18;9;9;5;12;4;4;1;7;3;9;17;19;22;0;3;0;0;0
44193;2800;24;53.8;51.3;55.5;0;1;1;0;2;0;0;0;0;1;28;1289;389;80;820;0;0;0;3;8;5;2;6;4;2;1;27;15;11;6;8;4;3;1;9;9;9;17;19;22;0;2;0;0;0
44193;3009;21;59.8333;59.8;55.4;0;0;-1;3;1;1;0;1;0;0;23;1224;136;206;882;0;0;0;10;9;4;5;3;2;1;2;13;21;4;11;5;12;1;3;12;6;7;22;19;17;0;4;1;0;0
44193;3146;24;65.6286;65.8;68;0;2;2;2;2;1;2;1;1;1;13;862;392;0;470;0;0;0;7;4;2;2;4;1;2;0;23;19;14;6;10;7;3;2;6;4;9;17;19;22;0;1;4;0;0
44193;3383;24;60.2857;55;56.5;1;0;1;3;1;0;0;2;0;2;29;1058;0;202;856;0;0;0;7;2;4;4;2;0;1;0;23;21;12;4;12;8;4;2;3;3;4;17;19;22;0;2;1;0;1
44193;3548;24;71.9667;71.3;80.1;1;0;-1;5;1;0;2;3;1;0;23;1208;392;0;816;12;8;60.0;10;16;4;4;2;4;1;2;20;7;12;4;12;4;4;0;9;5;8;17;19;22;0;2;0;3;1
44193;4340;21;73.9;50.6;75.8;0;1;1;1;1;2;0;3;0;1;22;1459;226;235;998;0;0;0;7;11;3;5;2;7;1;0;16;19;5;11;6;7;1;5;7;6;5;22;19;17;2;1;1;0;0
44193;4375;21;57.0714;53.1;60;0;0;0;1;0;0;0;0;0;0;14;869;0;75;794;5;10;33.3;9;7;3;3;2;9;1;1;14;23;5;13;6;5;1;4;7;6;4;22;19;17;0;0;1;0;0
44193;4799;24;60.6;60;52.2;0;0;0;0;1;1;0;3;0;0;22;835;105;49;681;8;2;80.0;6;3;6;1;5;3;1;1;24;20;10;7;9;5;4;1;2;8;4;17;19;22;1;1;0;0;0
44193;4806;21;56.3667;55.3;44.7;0;0;-3;0;0;0;0;1;0;0;17;950;155;196;599;3;6;33.3;2;9;3;3;1;1;0;3;21;21;5;13;7;13;2;2;3;4;4;22;19;17;0;0;0;0;0
44193;4853;21;50.3;52.3;46.5;0;0;-3;0;0;0;0;2;0;0;12;749;241;0;508;0;0;0;2;8;0;3;1;1;0;3;21;22;8;13;7;13;2;2;3;4;3;22;19;17;0;0;0;0;0
44193;4991;21;60.1333;61;55.2;0;1;0;3;1;3;0;0;0;0;17;1220;327;92;801;1;1;50.0;9;7;5;3;2;9;1;1;14;23;3;13;6;5;1;4;10;6;6;22;19;17;1;4;0;1;1
44193;4994;21;62.9;63;62.1;1;0;0;4;2;0;0;1;1;0;12;784;0;0;784;0;0;0;9;7;3;3;2;9;1;1;14;23;5;13;6;5;1;4;7;5;3;22;19;17;0;3;0;2;1
44193;4996;24;70.0143;59.6;70.7;1;0;2;4;2;0;0;1;1;0;23;1145;0;203;942;0;0;0;14;1;4;3;5;0;2;0;16;22;12;5;9;8;3;2;2;4;5;17;19;22;0;1;4;0;1
44193;4998;24;49.3857;53.7;45.8;0;0;0;1;1;0;0;0;0;0;20;1041;0;79;962;0;0;0;13;14;7;3;3;4;1;1;17;9;9;5;11;4;4;1;6;4;8;17;19;22;0;1;0;1;0
44193;5004;21;53.7667;55.7;44.1;0;0;-1;1;0;1;0;0;0;0;12;666;35;0;631;0;0;0;7;7;2;6;1;2;0;1;16;23;6;10;7;12;2;4;4;3;4;22;19;17;0;2;0;0;0
44193;5045;21;54.1571;44.8;55.6;0;0;-3;2;0;1;0;0;1;1;20;1073;0;306;767;0;0;0;6;9;3;5;3;2;0;3;17;21;5;11;5;12;2;2;5;6;6;22;19;17;1;2;0;0;0
44193;5056;21;47.8;46.9;47.5;0;0;-1;2;0;0;0;3;0;1;11;682;0;0;682;2;1;66.7;5;9;1;6;1;2;0;1;18;21;7;10;7;12;2;4;5;3;4;22;19;17;0;1;0;1;0
44193;5249;21;53.1286;54.5;42;0;0;-1;2;0;2;0;1;0;0;13;701;0;97;604;3;6;33.3;7;7;1;6;1;2;0;1;16;23;7;10;7;12;2;4;5;3;4;22;19;17;1;0;2;1;0
44193;5304;21;66.8714;40.2;73.3;0;0;1;0;0;2;6;1;0;1;17;1051;120;36;895;0;0;0;7;8;3;5;2;5;1;0;16;22;5;11;6;9;1;5;4;8;2;22;19;17;2;0;0;0;0
44193;5309;21;42.3286;42.9;42;0;0;-2;0;1;3;0;2;0;1;18;1065;15;48;1002;0;0;0;7;12;2;6;3;7;1;3;16;18;6;10;5;7;1;2;3;7;4;22;19;17;0;2;2;0;0
44193;5465;24;52.3429;59.8;44.5;0;1;0;0;1;0;0;0;0;1;17;721;0;0;721;0;0;0;9;14;4;3;2;4;1;1;21;9;12;5;12;4;4;1;5;3;5;17;19;22;0;0;1;0;0
44193;5910;21;54.0143;53.1;50.5;0;0;1;1;1;0;14;0;0;0;15;748;0;65;683;0;0;0;5;6;1;4;4;2;1;0;18;24;7;12;4;12;1;5;4;5;3;22;19;17;0;2;0;0;0
44195;5;280;59.9571;60.4;61.2;0;1;2;2;1;0;12;0;1;0;21;1032;39;67;926;0;0;0;7;18;1;2;1;4;2;0;17;17;5;3;7;6;3;2;11;4;6;30;19;19;0;2;0;1;0
44195;181;18;66.5333;70.6;56.6;0;1;0;7;0;2;0;0;0;0;25;1263;249;108;906;0;0;0;12;11;1;2;5;5;1;1;23;13;4;4;5;3;1;4;4;6;14;19;19;30;2;5;1;1;0
44195;182;280;72.6714;64.2;72;1;1;3;3;0;0;5;5;0;0;31;1095;96;154;845;0;0;0;8;5;1;1;3;2;3;0;16;30;5;4;5;8;2;2;10;6;8;30;19;19;0;0;0;2;1
44195;232;280;67.1;60.2;69.8;0;1;1;1;0;0;0;0;1;0;33;926;0;109;817;2;3;40.0;6;6;1;0;2;1;1;0;18;29;5;5;6;9;4;2;3;5;7;30;19;19;0;1;0;0;0
44195;264;18;66.5167;66.1;68;1;0;-1;1;0;0;0;0;0;0;25;1123;249;0;874;0;2;0.0;12;8;1;3;4;1;1;2;23;16;4;3;6;7;1;3;9;5;14;19;19;30;0;0;0;1;0
44195;321;18;61;65.9;49.4;0;0;-3;1;2;1;0;1;0;0;18;855;0;96;759;0;2;0.0;5;11;1;1;2;4;0;3;30;13;4;5;8;4;2;2;4;3;6;19;19;30;1;3;0;0;0
44195;361;280;61.5;58;79;1;0;2;1;1;0;0;1;1;1;21;965;271;0;694;0;0;0;6;9;2;1;2;4;2;0;18;26;4;4;6;6;3;2;10;3;8;30;19;19;0;1;0;1;0
44195;382;280;72.6333;64.8;77.2;0;0;2;1;0;1;0;3;2;0;23;957;92;61;804;1;2;33.3;7;11;2;1;2;4;2;0;17;24;4;4;6;6;3;2;8;3;7;30;19;19;0;1;1;0;0
44195;383;280;63.5286;65.3;60.7;1;0;0;4;0;0;0;1;1;0;28;1158;275;0;883;0;0;0;5;14;1;3;4;4;1;1;19;21;5;2;4;6;4;1;11;6;3;30;19;19;0;3;0;1;0
44195;524;280;68.7125;64.5;65.8;1;0;2;1;0;1;0;1;0;0;21;799;0;42;757;8;5;61.5;6;9;2;1;2;4;2;0;18;26;4;4;6;6;3;2;6;2;6;30;19;19;1;0;1;0;0
44195;609;280;51.2;53.6;45.2;0;0;0;1;0;0;0;0;0;0;8;471;92;0;379;0;4;0.0;5;5;2;1;0;1;1;1;19;30;4;4;8;9;4;1;7;5;1;30;19;19;0;0;1;0;0
44195;629;18;63.7286;57.3;66.5;0;0;0;1;1;0;0;0;1;0;13;696;68;0;628;5;1;83.3;10;1;0;1;1;1;0;0;25;23;5;5;9;7;2;5;3;5;2;19;19;30;0;1;0;1;0
44195;631;18;62.8571;65.4;59.3;0;1;0;3;1;0;2;1;0;0;23;1073;249;0;824;2;0;100.0;9;2;3;1;3;3;0;0;26;22;2;5;7;5;2;5;7;5;7;19;19;30;0;2;0;1;1
44195;727;18;65.95;58.1;73;0;0;0;2;0;0;0;0;0;0;13;635;68;150;417;2;1;66.7;7;1;0;1;1;0;0;0;28;23;5;5;9;8;2;5;3;4;4;19;19;30;0;0;1;1;0
44195;864;18;59.0714;55.4;62.8;0;0;0;3;1;0;0;0;0;0;13;679;249;8;422;1;0;100.0;7;3;0;1;1;1;0;0;28;21;5;5;9;7;2;5;5;3;6;19;19;30;0;4;0;0;0
44195;942;280;55.15;48.3;54.3;0;1;0;1;0;3;0;4;0;3;34;1131;0;187;944;2;2;50.0;5;14;1;3;4;4;1;1;19;21;5;2;4;6;4;1;10;5;5;30;19;19;2;0;1;1;0
44195;1077;280;54.0571;52.4;54.1;0;0;-2;3;1;2;0;0;1;0;27;1128;23;114;991;0;0;0;9;10;3;2;4;4;0;2;15;25;3;3;4;6;5;0;9;6;5;30;19;19;0;4;2;0;0
44195;1163;280;62.2833;51.8;65.1;0;0;2;0;0;4;2;0;0;0;27;1222;57;129;1036;0;0;0;6;20;2;2;2;4;2;0;18;15;4;3;6;6;3;2;10;5;5;30;19;19;3;1;0;0;0
44195;1203;18;46.25;61.1;31.2;0;1;-2;2;0;0;0;1;0;0;19;861;0;200;661;6;8;42.9;5;10;1;1;2;2;1;3;30;14;4;5;8;6;1;2;4;3;10;19;19;30;0;0;1;0;1
44195;1250;18;72.9714;82.6;48.2;1;1;-1;2;0;1;0;0;0;0;23;1078;249;8;821;13;13;50.0;13;10;1;3;4;1;1;2;22;14;4;3;6;7;1;3;7;5;14;19;19;30;0;0;2;0;1
44195;1282;280;52.4;53.3;47;0;0;0;0;0;1;0;0;0;0;9;474;0;88;386;4;6;40.0;4;5;2;1;0;1;1;1;20;30;4;4;8;9;4;1;7;6;1;30;19;19;0;1;0;0;0
44195;1306;18;67.3571;65.3;70.3;0;1;-1;2;0;3;7;3;0;0;23;1203;68;88;1047;0;0;0;15;12;1;0;6;4;1;2;20;12;4;6;4;4;1;3;0;7;9;19;19;30;2;2;1;0;0
44195;1325;18;48.5;62.6;33.2;1;0;-2;1;0;0;0;2;0;0;14;679;0;15;664;0;0;0;5;11;1;1;2;2;1;3;30;13;4;5;8;6;1;2;3;3;5;19;19;30;0;1;0;0;0
44195;1338;280;61.8143;52.4;68.7;0;0;-2;0;1;1;0;0;1;0;29;1325;294;85;946;0;0;0;9;10;1;2;4;4;0;2;15;25;5;3;4;6;5;0;11;7;5;30;19;19;0;1;1;0;0
44195;1586;18;53.3667;44.6;69.1;0;0;1;1;2;2;0;1;0;4;23;1103;68;96;939;1;0;100.0;12;2;3;1;3;4;1;0;23;22;2;5;7;4;1;5;3;8;4;19;19;30;0;5;0;0;0
44195;2471;280;59.02;61.8;46.9;0;1;0;1;0;0;0;0;0;0;8;493;92;0;401;0;0;0;5;5;2;1;0;1;1;1;19;30;4;4;8;9;4;1;7;5;1;30;19;19;0;1;0;0;0
44195;2491;280;63.1429;56.1;65.6;0;2;3;1;1;1;4;2;0;0;27;1168;23;85;1060;0;0;0;9;7;4;1;2;2;3;0;15;28;2;4;6;8;2;2;5;9;7;30;19;19;1;1;1;0;0
44195;2786;280;77.4875;64.1;83.6;0;2;0;3;0;0;0;1;1;2;25;868;0;42;826;6;5;54.5;5;12;1;3;4;4;1;1;19;23;5;2;4;6;4;1;7;4;1;30;19;19;0;2;0;1;0
44195;2814;18;60.6857;46.3;63.9;0;0;0;1;0;0;12;3;0;1;15;900;0;150;750;0;0;0;9;2;0;2;0;1;0;0;26;22;5;4;10;7;2;5;7;4;5;19;19;30;0;0;1;0;0
44195;3561;18;50.9333;50.3;51.1;0;0;0;1;0;0;2;1;0;2;20;908;68;0;840;5;4;55.6;9;2;3;1;3;4;0;0;26;22;2;5;7;4;2;5;3;6;3;19;19;30;0;0;0;1;0
44195;4564;18;56.4167;52.3;57;0;0;-1;3;0;2;0;1;1;0;17;1078;0;132;946;0;0;0;12;6;0;2;0;1;0;1;23;18;5;4;10;7;2;4;6;7;4;19;19;30;1;4;0;0;0
44195;4577;18;62.1429;57.3;61.2;0;1;-2;1;0;0;0;3;1;0;24;1275;0;221;1054;0;0;0;10;7;4;3;5;2;1;3;25;17;1;3;5;6;1;2;9;6;14;19;19;30;0;1;0;0;0
44195;4771;18;53.8667;57.7;44.1;0;0;-1;7;0;0;2;1;0;1;20;925;0;86;839;1;1;50.0;12;9;1;3;4;1;1;2;23;15;4;3;6;7;1;3;5;6;9;19;19;30;0;2;1;3;1
44195;4786;18;50.2;53.2;45.2;0;0;-2;5;0;0;0;0;0;1;19;1143;0;85;1058;0;0;0;12;10;4;3;4;3;1;3;23;14;1;3;6;5;1;2;9;7;10;19;19;30;0;5;0;0;0
44195;5002;280;72.08;72.3;71.2;1;0;1;4;2;2;0;1;0;1;36;1199;298;88;813;9;9;50.0;8;7;1;0;2;1;1;0;16;28;5;5;6;9;4;2;7;7;7;30;19;19;1;4;2;0;1
44195;5254;280;65.75;64.8;69.9;0;1;1;3;1;0;0;0;0;0;34;1155;298;0;857;0;0;0;8;7;1;0;2;1;1;0;16;28;5;5;6;9;4;2;5;6;7;30;19;19;0;3;1;0;0
44197;22;15;100;100;79.1;1;1;1;4;0;1;0;1;0;0;27;1424;464;0;960;18;10;64.3;6;5;6;2;8;2;2;1;26;7;7;1;12;3;1;1;14;9;11;29;20;25;0;3;0;2;0
44197;44;15;72.2333;70.7;68.5;0;1;1;1;2;0;0;2;1;1;27;1125;373;44;708;3;3;50.0;9;3;2;1;6;2;1;0;23;9;11;2;14;3;2;2;13;9;11;29;20;25;0;2;1;0;0
44197;53;15;70.1286;81.6;47.6;1;1;1;4;2;0;0;2;1;0;23;968;68;44;856;0;0;0;9;6;6;2;9;2;2;1;23;6;7;1;11;3;1;1;6;7;6;29;20;25;0;2;2;2;0
44197;79;15;47.9286;53.3;46.8;0;0;0;3;3;1;0;2;0;0;25;1094;0;155;939;0;0;0;14;5;6;0;7;1;1;1;18;7;7;3;13;4;2;1;2;4;7;29;20;25;0;4;3;0;0
44197;121;279;71.5286;51.3;74.9;0;1;-1;0;0;1;0;7;0;0;27;1327;200;92;1035;0;0;0;1;10;2;11;2;6;0;1;11;22;1;2;3;14;2;2;6;10;8;25;20;29;0;1;0;0;0
44197;126;279;47.5333;46.4;48.6;0;0;-1;2;0;1;0;0;0;1;21;1020;375;52;593;1;4;20.0;6;5;2;5;2;6;0;1;6;27;1;8;3;14;2;2;4;5;13;25;20;29;0;1;2;0;0
44197;330;279;55.8286;59.8;45.2;0;1;0;0;0;0;0;0;0;0;13;825;0;40;785;6;10;37.5;2;12;0;5;2;9;1;1;10;20;3;8;3;11;1;2;8;5;6;25;20;29;0;0;0;0;0
44197;349;15;68.52;70.9;58.5;0;1;1;5;0;0;0;0;0;0;21;948;337;0;611;0;0;0;9;3;2;1;6;2;1;0;23;9;11;2;14;3;2;2;10;9;11;29;20;25;0;3;2;0;0
44197;458;15;61.4667;60.4;61.8;0;0;0;3;1;1;0;0;0;0;16;547;0;156;391;0;0;0;6;0;2;0;3;1;0;0;26;12;11;3;17;4;3;2;2;1;4;29;20;25;1;1;0;2;1
44197;569;279;65.6857;57.3;71.8;0;1;0;1;0;4;0;0;2;0;15;802;0;88;714;0;0;0;5;10;0;1;3;4;1;1;7;22;3;12;2;16;1;2;7;1;6;25;20;29;2;2;1;0;0
44197;693;15;69.9286;55.2;71.1;0;0;0;1;2;1;2;3;0;0;32;996;29;185;782;1;1;50.0;7;3;5;2;5;2;0;0;25;9;8;1;15;3;3;2;12;5;9;29;20;25;1;1;2;0;0
44197;706;15;51.2833;53.5;48.8;1;0;1;2;0;1;2;3;0;1;25;1142;51;197;894;0;0;0;13;5;2;1;8;2;2;1;19;7;11;2;12;3;1;1;8;11;5;29;20;25;0;0;2;0;1
44197;801;15;71.7;73.2;66.3;0;2;1;2;2;0;0;0;0;1;31;1259;107;275;877;3;6;33.3;9;6;6;2;8;2;2;1;23;6;7;1;12;3;1;1;12;8;8;29;20;25;0;2;0;0;2
44197;965;15;71.2571;70.9;69.7;0;0;1;1;1;0;2;0;0;0;28;1112;337;126;649;11;7;61.1;10;3;2;1;6;2;1;0;22;9;11;2;14;3;2;2;10;9;11;29;20;25;0;0;0;2;0
44197;988;15;50.5667;48.9;57.8;0;0;0;2;0;0;2;1;1;2;27;1274;167;167;940;0;0;0;13;5;6;0;7;1;1;1;19;7;7;3;13;4;2;1;5;4;9;29;20;25;0;0;1;1;0
44197;1023;15;51.8;53.9;49.7;0;0;0;1;0;0;0;0;0;0;9;370;0;0;370;0;0;0;4;0;2;0;3;1;0;0;28;12;11;3;17;4;3;2;2;1;4;29;20;25;0;0;1;0;0
44197;1140;15;55.5667;56.4;57.5;0;0;-1;4;1;0;4;0;1;1;18;733;144;115;474;0;0;0;11;3;3;0;2;0;0;1;21;9;10;3;18;5;3;1;5;1;2;29;20;25;0;2;2;0;1
44197;1218;279;58.6833;52.1;60;0;0;0;1;1;3;0;1;0;0;21;1220;0;317;903;0;0;0;6;11;1;1;0;11;1;1;6;21;2;12;5;9;1;2;13;7;8;25;20;29;1;2;1;1;0
44197;1245;279;57.8;46;82.3;0;0;0;1;0;2;2;1;2;2;9;585;29;148;408;2;1;66.7;1;7;0;0;0;2;0;0;11;25;3;13;5;18;2;3;4;4;3;25;20;29;1;2;0;0;0
44197;1262;15;48.3;55.4;43.4;0;0;-1;0;0;0;2;0;0;0;13;557;51;0;506;2;1;66.7;6;3;3;0;1;0;0;1;26;9;10;3;19;5;3;1;1;2;1;29;20;25;0;0;0;0;0
44197;1316;279;76.6857;47.5;79.8;0;0;0;0;1;7;2;2;1;1;24;1360;200;230;930;0;0;0;6;11;1;1;0;9;1;1;6;21;2;12;5;11;1;2;12;7;11;25;20;29;3;1;2;2;0
44197;1330;15;68.3857;61.1;69.3;0;0;1;2;1;0;0;1;0;0;27;1202;218;140;844;0;0;0;11;5;2;1;8;2;2;1;21;7;11;2;12;3;1;1;8;11;7;29;20;25;0;1;0;2;0
44197;1357;279;55.4;58.2;52.6;0;0;-1;1;0;2;0;1;0;0;20;834;0;225;609;3;4;42.9;6;6;2;5;2;5;0;1;6;26;1;8;3;15;2;2;5;5;7;25;20;29;1;2;0;0;0
44197;1367;15;52.2429;57.6;51.7;0;0;0;1;1;0;0;1;0;0;10;382;0;0;382;4;4;50.0;7;0;2;0;5;1;0;0;25;12;11;3;15;4;3;2;3;1;4;29;20;25;0;1;0;1;0
44197;1434;279;64.2571;54.3;65.1;0;0;0;0;0;0;2;2;1;0;8;508;29;107;372;1;7;12.5;1;7;0;0;0;2;0;0;11;25;3;13;5;18;2;3;3;3;3;25;20;29;0;0;0;0;0
44197;1439;15;54.8143;68.3;48.6;0;0;-1;2;0;0;0;1;0;0;19;700;0;115;585;0;0;0;9;3;3;0;3;0;0;1;23;9;10;3;17;5;3;1;2;1;2;29;20;25;0;1;1;0;0
44197;1711;279;52.9;51.7;55.3;1;0;0;1;0;1;0;1;0;2;14;865;0;0;865;2;3;40.0;2;12;0;5;2;9;1;1;10;20;3;8;3;11;1;2;9;5;9;25;20;29;0;0;1;1;0
44197;2447;279;55.38;52.5;56.9;0;0;0;0;0;0;0;1;0;0;7;430;139;0;291;0;0;0;1;3;0;0;0;2;0;0;11;29;3;13;5;18;2;3;2;3;4;25;20;29;0;0;0;0;0
44197;2513;279;60.2667;59.9;71.1;0;0;0;0;0;1;2;1;0;0;19;1190;343;199;648;0;0;0;5;14;0;1;3;4;1;1;7;18;3;12;2;16;1;2;7;3;14;25;20;29;1;0;0;0;0
44197;2637;279;62.7333;61.7;65.5;0;0;0;0;0;0;2;2;0;0;17;806;139;38;629;0;1;0.0;3;7;1;3;1;3;1;1;9;25;2;10;4;17;1;2;4;5;2;25;20;29;0;0;0;0;0
44197;2650;279;54.0333;55.9;46.1;0;0;-1;1;1;1;0;3;0;1;20;835;139;52;644;5;6;45.5;6;6;2;5;2;6;0;1;6;26;1;8;3;14;2;2;3;4;9;25;20;29;0;1;2;0;0
44197;2697;279;53.2;55.7;47.6;0;0;0;0;0;1;0;0;0;0;17;1106;375;0;731;0;0;0;2;9;0;5;2;8;1;1;10;23;3;8;3;12;1;2;8;6;10;25;20;29;0;0;1;0;0
44197;2790;279;59.6429;55.1;59.2;0;0;-1;1;1;3;0;3;0;0;26;1418;343;138;937;0;0;0;1;12;2;11;2;7;0;1;11;20;1;2;3;13;2;2;6;12;12;25;20;29;2;3;0;0;0
44197;3544;279;74.3571;62.3;88.1;1;0;0;8;2;3;0;1;0;2;25;1335;375;260;700;12;6;66.7;4;7;1;3;1;3;1;1;8;25;2;10;4;17;1;2;10;7;11;25;20;29;1;5;2;4;1
44197;3545;15;78.3;74.1;85.8;0;0;0;4;1;2;0;0;2;0;40;1322;314;266;742;0;0;0;7;2;5;2;5;2;0;0;25;10;8;1;15;3;3;2;19;5;11;29;20;25;1;3;3;0;0
44197;4552;279;62.5333;64.2;61.3;0;1;0;1;0;0;2;0;0;0;14;841;29;71;741;0;0;0;3;11;1;3;1;4;1;1;9;21;2;10;4;16;1;2;6;6;1;25;20;29;0;1;0;0;0
44199;30;17;64.2857;76.8;53.9;1;0;1;4;0;0;2;0;1;0;25;1092;33;0;1059;2;3;40.0;12;6;6;1;6;1;2;1;27;11;7;6;7;4;4;0;5;7;8;19;18;21;0;4;0;0;0
44199;47;17;65.5833;55.4;64.5;0;0;1;2;0;2;0;0;0;0;26;1183;27;135;1021;0;0;0;12;4;7;4;6;1;1;0;27;13;6;3;7;4;5;1;4;5;7;19;18;21;1;2;1;0;0
44199;136;16;54.0857;54.6;49.3;0;0;-1;0;0;0;0;0;0;0;16;844;0;42;802;1;4;20.0;4;11;3;5;0;3;0;1;13;28;4;8;5;10;1;5;4;1;1;21;18;19;0;0;0;0;0
44199;148;16;57.0333;53.3;49.9;0;0;0;0;0;0;0;3;0;1;8;457;0;0;457;0;0;0;1;1;0;1;1;4;0;0;16;38;7;12;4;9;1;6;2;2;1;21;18;19;0;0;0;0;0
44199;312;16;61.06;66.4;38.2;2;0;-2;3;1;0;0;0;0;0;22;807;46;0;761;0;0;0;4;10;1;2;3;1;1;3;13;29;6;11;2;12;0;3;2;10;6;21;18;19;0;2;1;0;1
44199;350;16;60.4571;51.8;68.7;0;0;-1;3;0;4;2;1;0;0;29;1344;220;89;1035;0;0;0;7;17;1;5;0;5;1;2;10;22;6;8;5;8;0;4;12;4;10;21;18;19;2;2;3;0;0
44199;366;16;51.52;53.5;43.6;0;0;-1;0;1;0;0;0;0;0;15;802;0;0;802;0;0;0;4;11;3;5;0;3;0;1;13;28;4;8;5;10;1;5;4;1;1;21;18;19;0;1;0;0;0
44199;453;17;63.0333;61.1;63.9;0;0;0;3;1;0;0;0;1;1;28;1130;33;110;987;14;6;70.0;9;3;6;2;5;1;0;0;30;14;7;5;8;4;6;1;7;5;10;19;18;21;0;1;0;3;0
44199;566;17;84.1333;85.8;73.4;1;2;1;4;4;1;0;0;2;0;28;1151;79;0;1072;0;1;0.0;10;6;5;1;6;1;1;0;29;11;8;6;7;4;5;1;4;5;8;19;18;21;1;5;1;2;0
44199;580;17;58.9667;65;48.4;0;1;2;1;0;0;2;7;0;0;18;838;0;83;755;2;0;100.0;9;8;0;2;4;3;3;1;30;9;13;5;9;2;3;0;3;6;5;19;18;21;0;0;1;0;0
44199;635;16;67.0571;56.6;68.1;0;0;-1;2;0;3;0;2;0;0;31;1512;220;161;1131;0;0;0;7;20;1;5;0;6;1;2;10;19;6;8;5;7;0;4;13;4;11;21;18;19;2;1;2;0;0
44199;714;16;50;54.4;46.4;0;0;-1;3;0;0;0;2;0;1;16;814;0;0;814;1;0;100.0;4;11;3;5;0;3;0;1;13;28;4;8;5;10;1;5;4;2;1;21;18;19;0;3;0;0;0
44199;736;17;63.1714;43.6;64.8;0;0;0;0;0;0;2;1;0;2;13;462;27;100;335;0;0;0;3;0;1;0;0;0;0;0;36;17;12;7;13;5;6;1;3;1;2;19;18;21;0;0;0;0;0
44199;788;17;50.1;51;49.6;0;0;1;1;0;0;0;0;0;0;8;359;19;32;308;0;0;0;4;2;1;0;3;0;1;0;35;15;12;7;10;5;5;1;3;3;4;19;18;21;0;1;0;0;0
44199;807;17;53.3333;51.8;55.2;0;0;0;0;1;0;0;0;0;0;10;313;0;0;313;0;0;0;3;0;1;0;0;0;0;0;36;17;12;7;13;5;6;1;0;1;1;19;18;21;0;1;0;0;0
44199;835;17;75.8667;71.4;80.3;1;1;2;4;2;0;0;2;0;0;28;1336;167;35;1134;0;0;0;12;8;4;1;5;3;2;0;27;9;9;6;8;2;4;1;9;7;10;19;18;21;0;4;2;0;0
44199;971;16;47.7375;63.5;33.8;0;1;-2;0;0;0;0;2;1;0;26;1039;56;48;935;0;1;0.0;3;13;2;4;3;2;1;3;14;26;5;9;2;11;0;3;4;9;6;21;18;19;0;0;0;0;0
44199;996;17;72.1143;69.4;74.8;2;0;1;2;1;0;0;0;0;0;23;1107;175;105;827;0;0;0;9;2;2;3;3;1;1;0;30;15;11;4;10;4;5;1;8;3;7;19;18;21;0;2;0;1;0
44199;1018;17;85.46;92.2;57.5;1;2;3;9;3;1;0;3;0;0;31;1247;167;10;1070;0;0;0;19;6;6;3;4;1;3;0;20;11;7;4;9;4;3;1;9;6;5;19;18;21;1;3;4;5;0
44199;1062;17;70.8286;79.6;61;1;2;2;1;1;1;2;0;0;0;23;926;148;0;778;0;1;0.0;14;3;4;4;3;1;2;0;25;14;9;3;10;4;4;1;6;6;2;19;18;21;0;2;0;1;0
44199;1219;16;66.6;68.8;49.9;0;2;-2;0;1;1;0;4;0;0;26;1005;56;69;880;9;8;52.9;4;10;2;4;3;1;1;3;13;29;5;9;2;12;0;3;3;9;6;21;18;19;0;2;0;0;0
44199;1349;16;56.7;55.8;59.7;0;0;-2;0;1;1;4;3;0;0;31;1140;187;118;835;8;11;42.1;7;12;2;3;1;4;0;2;10;27;5;10;4;9;1;4;11;4;9;21;18;19;1;1;0;0;0
44199;1440;17;81.05;57;85.5;0;0;1;0;0;0;0;2;1;0;24;1164;27;103;1034;0;0;0;13;3;7;4;6;1;1;0;26;14;6;3;7;4;5;1;4;4;5;19;18;21;0;0;0;0;0
44199;1477;16;48.8857;55.6;45.2;0;0;-2;2;1;0;0;0;0;0;27;1082;187;21;874;1;2;33.3;8;14;2;2;1;5;0;2;9;25;5;11;4;8;1;4;9;5;5;21;18;19;0;1;1;1;0
44199;1556;17;55;56.7;49.2;0;1;1;1;0;0;0;0;0;1;17;717;0;40;677;2;6;25.0;6;5;1;1;2;3;1;0;33;12;12;6;11;2;5;1;2;2;4;19;18;21;0;0;1;0;0
44199;1726;17;51.0667;45.9;59.6;0;1;2;2;0;0;0;0;0;3;21;1147;33;73;1041;0;0;0;14;5;2;2;2;1;3;1;25;12;11;5;11;4;3;0;6;6;5;19;18;21;0;1;0;1;0
44199;1987;17;65.7375;73.8;50.5;1;1;2;3;0;0;0;0;1;0;18;816;0;61;755;0;0;0;9;8;0;2;4;3;3;1;30;9;13;5;9;2;3;0;3;6;4;19;18;21;0;1;0;1;1
44199;2658;16;54.6;57.9;45.6;0;0;-2;1;0;1;0;0;1;0;33;1238;187;137;914;1;3;25.0;7;14;2;3;1;4;0;2;10;25;5;10;4;9;1;4;12;4;11;21;18;19;0;0;1;1;0
44199;2662;17;70.0571;65.9;71.6;0;1;2;1;0;2;0;1;1;0;23;1152;33;35;1084;0;0;0;14;10;3;2;2;3;3;1;25;7;10;5;11;2;3;0;4;10;7;19;18;21;1;1;1;0;0
44199;3542;17;100;100;83.2;1;4;3;8;4;0;0;1;0;0;34;1417;167;50;1200;13;8;61.9;20;6;6;3;4;1;3;0;19;11;7;4;9;4;3;1;9;7;5;19;18;21;0;6;1;3;2
44199;4351;16;62.15;55.8;63.3;0;0;-3;4;1;2;2;1;1;0;25;1180;23;66;1091;0;0;0;9;8;5;0;4;1;0;3;8;31;2;13;1;12;1;3;6;10;5;21;18;19;1;6;0;0;0
44199;4563;16;62.9333;65.9;54.9;0;1;-3;2;2;1;0;2;0;0;26;1249;23;117;1109;0;0;0;8;8;5;2;4;1;0;3;9;31;2;11;1;12;1;3;6;9;6;21;18;19;0;4;0;1;0
44199;4570;16;60.9143;42.3;64.6;0;0;-1;1;0;2;2;2;0;1;21;1050;10;0;1040;0;0;0;1;14;2;8;1;7;0;1;16;25;5;5;4;6;1;5;2;4;3;21;18;19;1;1;1;0;0
44199;4992;16;53.9286;50.2;52.1;0;0;-1;1;1;1;0;2;0;0;20;1007;0;21;986;0;0;0;2;14;1;6;1;7;0;1;15;25;6;7;4;6;1;5;3;5;3;21;18;19;1;2;0;0;0
44199;5250;16;54.3286;55.1;53.5;0;0;0;1;0;2;0;1;0;0;10;486;0;19;467;0;0;0;3;1;0;1;1;4;0;0;14;38;7;12;4;9;1;6;2;3;1;21;18;19;1;0;1;1;0
44199;5908;16;65.5429;52.8;59.9;0;0;0;0;0;0;0;1;0;0;11;517;0;0;517;4;4;50.0;2;3;0;1;1;4;0;0;15;36;7;12;4;9;1;6;1;4;3;21;18;19;0;0;0;0;0
44201;6;5;82.65;82.9;68.8;2;1;2;5;0;1;0;1;1;1;27;1139;150;0;989;3;2;60.0;9;7;3;5;2;11;2;0;14;29;2;13;7;13;3;0;4;10;10;10;23;25;1;2;2;0;1
44201;15;3;48.9857;62.1;37.4;0;0;-3;5;3;1;0;1;0;0;29;1380;56;175;1149;0;0;0;11;11;8;3;11;2;0;3;25;12;10;2;13;7;0;2;11;12;4;25;23;10;0;8;0;1;0
44201;26;3;58.0667;62;49;0;0;-1;5;0;0;0;0;1;0;11;476;29;0;447;0;0;0;5;3;0;1;4;0;0;1;31;20;18;4;20;9;0;4;3;3;1;25;23;10;0;3;1;1;0
44201;71;5;52.0429;49.7;57.2;0;0;0;0;0;0;0;0;0;0;25;478;0;0;478;0;0;0;3;3;2;3;3;4;0;0;20;33;3;15;6;20;5;0;1;4;2;10;23;25;0;0;0;0;0
44201;96;3;64.6;70.7;38.7;0;1;-3;4;1;1;0;0;0;1;30;1217;119;9;1089;2;1;66.7;11;9;6;3;11;5;0;3;25;14;12;2;13;4;0;2;10;11;5;25;23;10;0;3;0;2;1
44201;99;5;53.5;50.7;54.9;0;0;1;0;0;0;0;1;0;0;18;782;0;37;745;0;0;0;3;7;0;2;3;6;1;0;20;29;5;16;6;18;4;0;1;1;1;10;23;25;0;0;0;0;0
44201;103;5;58.44;61.5;46.2;1;0;1;2;0;1;0;2;0;1;18;805;8;0;797;0;1;0.0;4;7;0;2;4;6;1;0;19;29;5;16;5;18;4;0;1;1;2;10;23;25;0;2;1;0;0
44201;129;5;59.1286;51.4;59.5;0;0;0;0;1;0;0;1;1;0;12;659;99;65;495;0;0;0;0;9;0;6;1;0;0;0;23;27;5;12;8;24;5;0;1;6;4;10;23;25;0;0;0;1;0
44201;149;3;63.8286;62.2;58.1;0;0;-1;1;2;0;0;0;0;0;22;868;92;58;718;2;2;50.0;9;4;6;0;4;0;0;1;27;19;12;5;20;9;0;4;4;5;2;25;23;10;0;2;1;0;0
44201;156;3;60.4625;72.5;45.4;0;0;-1;2;2;0;4;5;0;0;17;803;0;58;745;0;1;0.0;9;4;6;0;4;1;0;1;27;19;12;5;20;8;0;4;1;4;0;25;23;10;0;3;0;1;0
44201;171;3;45.4571;50.5;41.5;0;0;-2;0;1;0;0;0;1;0;27;1137;0;0;1137;0;0;0;10;9;5;1;4;1;0;2;26;14;13;4;20;8;0;3;4;5;1;25;23;10;0;1;0;0;0
44201;257;3;73.1333;66.4;83;1;0;-2;3;1;0;0;0;0;1;28;1316;92;74;1150;0;0;0;12;8;9;3;12;3;0;2;24;15;9;2;12;6;0;3;10;12;4;25;23;10;0;2;2;0;0
44201;335;3;51.05;55.9;46.2;0;0;-1;0;0;0;0;0;0;1;11;442;0;0;442;0;0;0;5;3;0;1;4;0;0;1;31;20;18;4;20;9;0;4;3;3;1;25;23;10;0;0;0;0;0
44201;341;3;46.375;48.8;45.4;0;0;-1;0;0;0;0;0;0;1;13;517;0;75;442;2;7;22.2;5;3;0;1;4;0;0;1;31;20;18;4;20;9;0;4;4;4;1;25;23;10;0;0;0;0;0
44201;365;3;55.6286;55.6;54.5;0;0;-3;4;0;1;2;2;0;2;28;1155;119;0;1036;0;0;0;11;9;6;3;11;5;0;3;25;14;12;2;13;4;0;2;10;11;5;25;23;10;1;2;1;1;0
44201;505;3;34.3571;51.2;31.2;0;0;-3;2;2;1;0;0;0;0;30;1132;0;141;991;0;0;0;9;11;4;1;3;1;0;3;27;12;14;4;21;8;0;2;6;7;2;25;23;10;0;3;2;0;0
44201;521;3;59.7;56.3;65.3;0;0;-1;3;2;0;0;0;0;0;21;857;0;80;777;0;0;0;9;4;6;0;4;0;0;1;27;19;12;5;20;9;0;4;3;4;1;25;23;10;0;1;1;3;0
44201;548;5;98.5143;53.7;98.3;0;1;2;4;0;4;4;1;2;0;47;1518;75;65;1378;0;0;0;13;18;1;9;5;13;2;0;10;18;4;9;4;11;3;0;1;12;11;10;23;25;2;2;3;1;0
44201;778;3;65.3;45.3;66.3;0;0;0;1;1;1;0;1;0;1;20;1091;0;25;1066;0;0;0;15;4;5;1;9;5;0;0;21;19;13;4;15;4;0;5;9;4;4;25;23;10;0;3;0;0;0
44201;981;5;80.2429;83.1;68.9;2;3;2;3;0;0;0;0;1;0;31;1109;133;0;976;8;4;66.7;10;14;2;6;2;7;2;0;13;22;3;12;7;17;3;0;4;5;10;10;23;25;0;0;1;2;0
44201;1040;5;54.9125;60.5;50.6;0;1;1;1;0;1;0;0;0;0;20;856;0;111;745;1;1;50.0;3;7;0;2;3;6;1;0;20;29;5;16;6;18;4;0;3;2;4;10;23;25;0;2;0;0;0
44201;1152;3;54.8;56.2;54.2;0;0;0;2;1;0;2;0;0;0;22;868;0;0;868;0;0;0;11;7;6;1;5;3;0;0;25;16;12;4;19;6;0;5;8;3;1;25;23;10;0;1;0;2;0
44201;1227;3;63.15;58.4;62;0;0;0;1;0;1;2;0;0;1;27;1001;29;68;904;9;3;75.0;11;7;6;1;5;4;0;0;25;16;12;4;19;5;0;5;9;4;2;25;23;10;1;0;1;0;0
44201;1268;3;55.3857;59.3;43.5;0;0;-3;0;0;1;0;0;0;0;30;1193;119;0;1074;14;10;58.3;10;9;5;3;11;5;0;3;26;14;13;2;13;4;0;2;10;11;6;25;23;10;1;0;0;0;0
44201;1417;5;56.9;49.1;65.9;0;0;0;0;0;1;0;1;0;1;12;621;90;111;420;5;10;33.3;1;8;0;6;2;0;0;0;22;28;5;12;7;24;5;0;3;6;7;10;23;25;0;0;1;0;0
44201;1435;5;50.9333;51.4;49.4;0;0;0;0;0;1;0;0;0;0;25;478;0;0;478;0;0;0;3;3;2;3;3;4;0;0;20;33;3;15;6;20;5;0;1;4;2;10;23;25;0;0;0;1;0
44201;1485;3;57.95;63.7;50.8;0;0;0;2;1;0;0;0;0;0;31;1118;29;107;982;3;2;60.0;12;7;7;1;5;4;0;0;24;16;11;4;19;5;0;5;10;4;3;25;23;10;0;1;1;0;1
44201;1566;5;79.5833;75.6;77.3;0;3;2;4;2;3;0;1;0;0;32;1132;128;0;1004;1;1;50.0;10;13;2;5;2;7;2;0;13;23;3;13;7;17;3;0;4;5;10;10;23;25;2;3;4;0;0
44201;2434;5;58.025;67.1;52.1;1;1;2;1;0;0;0;3;1;0;28;1010;0;0;1010;0;0;0;11;14;2;5;3;7;2;0;12;22;3;13;6;17;3;0;2;7;7;10;23;25;0;0;1;0;0
44201;2719;5;90.5667;94.8;77.6;2;3;2;3;2;8;2;1;0;0;29;1173;150;0;1023;8;10;44.4;9;6;3;4;2;11;2;0;14;30;2;14;7;13;3;0;4;10;10;10;23;25;3;4;4;1;1
44201;2797;3;64.0167;61.3;70.4;0;0;0;7;1;2;0;0;1;1;20;1052;56;65;931;0;0;0;15;3;5;1;9;6;0;0;21;20;13;4;15;3;0;5;7;5;3;25;23;10;2;4;4;0;0
44201;3563;5;95.6714;49.1;100;0;1;3;1;0;2;0;1;3;0;51;1600;165;83;1352;0;0;0;7;16;2;7;1;7;3;0;16;20;3;11;8;17;2;0;8;7;12;10;23;25;2;0;1;0;0
44201;4337;5;64.2167;51.7;66.6;0;0;2;1;0;0;0;2;0;0;47;1452;70;0;1382;0;0;0;13;17;1;8;5;13;2;0;10;19;4;10;4;11;3;0;1;12;11;10;23;25;0;0;1;0;0
44201;4547;5;77.1;46.9;81.9;0;0;3;0;0;5;0;0;0;1;47;1472;37;83;1352;0;0;0;7;16;2;7;1;7;3;0;16;20;3;11;8;17;2;0;6;6;9;10;23;25;4;0;1;0;0
44201;4576;5;47.375;50;45.8;0;0;0;0;0;0;0;0;0;0;7;373;0;0;373;0;0;0;0;8;0;6;1;0;0;0;23;28;5;12;8;24;5;0;1;2;4;10;23;25;0;0;0;0;0
44201;5253;5;59.28;62.3;49.7;0;1;2;3;1;1;0;0;0;0;25;1083;95;37;951;0;3;0.0;9;7;3;4;2;11;2;0;14;29;2;14;7;13;3;0;1;14;6;10;23;25;0;5;0;0;0
