Game Id;Date Year;Date Month;Date Day;Arena;Attendance;Team Home;Team Away;Score Home;Score Away;Score Home P1;Score Home P2;Score Home P3;Score Home OT;Score Home SO;Score Away P1;Score Away P2;Score Away P3;Score Away OT;Score Away SO;Star 1;Star 2;Star 3;Shots Home;Shots Away;PIM Home;PIM Away;Hits Home;Hits Away;GA Home;GA Away;TA Home;TA Away;FOW Home;FOW Away;SOG Home P1;SOG Home P2;SOG Home P3;SOG Home OT;SOG Away P1;SOG Away P2;SOG Away P3;SOG Away OT;PPG Home;PPO Home;PPG Away;PPO Away;Type;SQ0 Home;SQ1 Home;SQ2 Home;SQ3 Home;SQ4 Home;SQ0 Away;SQ1 Away;SQ2 Away;SQ3 Away;SQ4 Away
42015;1987;9;26;Rexall Place;0;23;278;0;0;0;0;0;0;0;0;0;0;0;0;;;;0;0;0;0;0;0;0;0;0;0;0;0;0;0;0;0;0;0;0;0;0;0;0;0;Regular Season;0;0;0;0;0;0;0;0;0;0
42003;1987;9;26;The Cage;0;5;18;0;0;0;0;0;0;0;0;0;0;0;0;;;;0;0;0;0;0;0;0;0;0;0;0;0;0;0;0;0;0;0;0;0;0;0;0;0;Regular Season;0;0;0;0;0;0;0;0;0;0
41981;1987;9;26;Cross Insurance Arena;0;279;16;0;0;0;0;0;0;0;0;0;0;0;0;;;;0;0;0;0;0;0;0;0;0;0;0;0;0;0;0;0;0;0;0;0;0;0;0;0;Regular Season;0;0;0;0;0;0;0;0;0;0
41983;1987;9;26;Miami Arena;0;21;8;0;0;0;0;0;0;0;0;0;0;0;0;;;;0;0;0;0;0;0;0;0;0;0;0;0;0;0;0;0;0;0;0;0;0;0;0;0;Regular Season;0;0;0;0;0;0;0;0;0;0
41982;1987;9;26;Finnish Arena;0;12;11;0;0;0;0;0;0;0;0;0;0;0;0;;;;0;0;0;0;0;0;0;0;0;0;0;0;0;0;0;0;0;0;0;0;0;0;0;0;Regular Season;0;0;0;0;0;0;0;0;0;0
41979;1987;9;26;Maple Leaf Gardens;0;3;22;0;0;0;0;0;0;0;0;0;0;0;0;;;;0;0;0;0;0;0;0;0;0;0;0;0;0;0;0;0;0;0;0;0;0;0;0;0;Regular Season;0;0;0;0;0;0;0;0;0;0
41969;1987;9;26;Scotiabank Centre;0;9;0;0;0;0;0;0;0;0;0;0;0;0;0;;;;0;0;0;0;0;0;0;0;0;0;0;0;0;0;0;0;0;0;0;0;0;0;0;0;Regular Season;0;0;0;0;0;0;0;0;0;0
41970;1987;9;26;Bell Centre;0;20;10;0;0;0;0;0;0;0;0;0;0;0;0;;;;0;0;0;0;0;0;0;0;0;0;0;0;0;0;0;0;0;0;0;0;0;0;0;0;Regular Season;0;0;0;0;0;0;0;0;0;0
41973;1987;9;26;Wembley Arena;0;14;19;0;0;0;0;0;0;0;0;0;0;0;0;;;;0;0;0;0;0;0;0;0;0;0;0;0;0;0;0;0;0;0;0;0;0;0;0;0;Regular Season;0;0;0;0;0;0;0;0;0;0
42076;1987;9;26;Pittsburgh Civic Arena;0;15;17;0;0;0;0;0;0;0;0;0;0;0;0;;;;0;0;0;0;0;0;0;0;0;0;0;0;0;0;0;0;0;0;0;0;0;0;0;0;Regular Season;0;0;0;0;0;0;0;0;0;0
41992;1987;9;27;Colisée de Trois-Rivières;0;24;3;0;0;0;0;0;0;0;0;0;0;0;0;;;;0;0;0;0;0;0;0;0;0;0;0;0;0;0;0;0;0;0;0;0;0;0;0;0;Regular Season;0;0;0;0;0;0;0;0;0;0
41987;1987;9;27;Pittsburgh Civic Arena;0;15;20;0;0;0;0;0;0;0;0;0;0;0;0;;;;0;0;0;0;0;0;0;0;0;0;0;0;0;0;0;0;0;0;0;0;0;0;0;0;Regular Season;0;0;0;0;0;0;0;0;0;0
41994;1987;9;27;Rexall Place;0;23;19;0;0;0;0;0;0;0;0;0;0;0;0;;;;0;0;0;0;0;0;0;0;0;0;0;0;0;0;0;0;0;0;0;0;0;0;0;0;Regular Season;0;0;0;0;0;0;0;0;0;0
41975;1987;9;27;Allen County War Memorial Coliseum;0;26;11;0;0;0;0;0;0;0;0;0;0;0;0;;;;0;0;0;0;0;0;0;0;0;0;0;0;0;0;0;0;0;0;0;0;0;0;0;0;Regular Season;0;0;0;0;0;0;0;0;0;0
41980;1987;9;27;Cross Insurance Arena;0;279;25;0;0;0;0;0;0;0;0;0;0;0;0;;;;0;0;0;0;0;0;0;0;0;0;0;0;0;0;0;0;0;0;0;0;0;0;0;0;Regular Season;0;0;0;0;0;0;0;0;0;0
42907;1987;9;27;Tokyo University Arena;0;17;18;0;0;0;0;0;0;0;0;0;0;0;0;;;;0;0;0;0;0;0;0;0;0;0;0;0;0;0;0;0;0;0;0;0;0;0;0;0;Regular Season;0;0;0;0;0;0;0;0;0;0
42012;1987;9;27;Langley Events Centre;0;280;21;0;0;0;0;0;0;0;0;0;0;0;0;;;;0;0;0;0;0;0;0;0;0;0;0;0;0;0;0;0;0;0;0;0;0;0;0;0;Regular Season;0;0;0;0;0;0;0;0;0;0
42702;1987;9;28;Langley Events Centre;0;280;0;0;0;0;0;0;0;0;0;0;0;0;0;;;;0;0;0;0;0;0;0;0;0;0;0;0;0;0;0;0;0;0;0;0;0;0;0;0;Regular Season;0;0;0;0;0;0;0;0;0;0
41996;1987;9;28;Colisée de Trois-Rivières;0;24;8;0;0;0;0;0;0;0;0;0;0;0;0;;;;0;0;0;0;0;0;0;0;0;0;0;0;0;0;0;0;0;0;0;0;0;0;0;0;Regular Season;0;0;0;0;0;0;0;0;0;0
41993;1987;9;28;Scotiabank Centre;0;9;22;0;0;0;0;0;0;0;0;0;0;0;0;;;;0;0;0;0;0;0;0;0;0;0;0;0;0;0;0;0;0;0;0;0;0;0;0;0;Regular Season;0;0;0;0;0;0;0;0;0;0
42053;1987;9;28; Arena;0;278;14;0;0;0;0;0;0;0;0;0;0;0;0;;;;0;0;0;0;0;0;0;0;0;0;0;0;0;0;0;0;0;0;0;0;0;0;0;0;Regular Season;0;0;0;0;0;0;0;0;0;0
41974;1987;9;28;Moncton Coliseum;0;10;25;0;0;0;0;0;0;0;0;0;0;0;0;;;;0;0;0;0;0;0;0;0;0;0;0;0;0;0;0;0;0;0;0;0;0;0;0;0;Regular Season;0;0;0;0;0;0;0;0;0;0
41971;1987;9;28;Victoria Memorial Arena;0;16;26;0;0;0;0;0;0;0;0;0;0;0;0;;;;0;0;0;0;0;0;0;0;0;0;0;0;0;0;0;0;0;0;0;0;0;0;0;0;Regular Season;0;0;0;0;0;0;0;0;0;0
41977;1987;9;29;Moncton Coliseum;0;10;12;0;0;0;0;0;0;0;0;0;0;0;0;;;;0;0;0;0;0;0;0;0;0;0;0;0;0;0;0;0;0;0;0;0;0;0;0;0;Regular Season;0;0;0;0;0;0;0;0;0;0
41976;1987;9;29;Tokyo University Arena;0;17;0;0;0;0;0;0;0;0;0;0;0;0;0;;;;0;0;0;0;0;0;0;0;0;0;0;0;0;0;0;0;0;0;0;0;0;0;0;0;Regular Season;0;0;0;0;0;0;0;0;0;0
42054;1987;9;29;Maple Leaf Gardens;0;18;8;0;0;0;0;0;0;0;0;0;0;0;0;;;;0;0;0;0;0;0;0;0;0;0;0;0;0;0;0;0;0;0;0;0;0;0;0;0;Regular Season;0;0;0;0;0;0;0;0;0;0
42004;1987;9;29;Pittsburgh Civic Arena;0;15;3;0;0;0;0;0;0;0;0;0;0;0;0;;;;0;0;0;0;0;0;0;0;0;0;0;0;0;0;0;0;0;0;0;0;0;0;0;0;Regular Season;0;0;0;0;0;0;0;0;0;0
42013;1987;9;30;The Coop;0;22;24;0;0;0;0;0;0;0;0;0;0;0;0;;;;0;0;0;0;0;0;0;0;0;0;0;0;0;0;0;0;0;0;0;0;0;0;0;0;Regular Season;0;0;0;0;0;0;0;0;0;0
42029;1987;9;30;Scotiabank Centre;0;9;14;0;0;0;0;0;0;0;0;0;0;0;0;;;;0;0;0;0;0;0;0;0;0;0;0;0;0;0;0;0;0;0;0;0;0;0;0;0;Regular Season;0;0;0;0;0;0;0;0;0;0
41989;1987;9;30;Mytischi Atlanti Mytischi Atlanti Arena;0;11;17;0;0;0;0;0;0;0;0;0;0;0;0;;;;0;0;0;0;0;0;0;0;0;0;0;0;0;0;0;0;0;0;0;0;0;0;0;0;Regular Season;0;0;0;0;0;0;0;0;0;0
42037;1987;9;30; Arena;0;278;15;0;0;0;0;0;0;0;0;0;0;0;0;;;;0;0;0;0;0;0;0;0;0;0;0;0;0;0;0;0;0;0;0;0;0;0;0;0;Regular Season;0;0;0;0;0;0;0;0;0;0
41990;1987;9;30;Miami Arena;0;21;279;0;0;0;0;0;0;0;0;0;0;0;0;;;;0;0;0;0;0;0;0;0;0;0;0;0;0;0;0;0;0;0;0;0;0;0;0;0;Regular Season;0;0;0;0;0;0;0;0;0;0
42007;1987;9;30;City Park Hockey Stadium;0;19;280;0;0;0;0;0;0;0;0;0;0;0;0;;;;0;0;0;0;0;0;0;0;0;0;0;0;0;0;0;0;0;0;0;0;0;0;0;0;Regular Season;0;0;0;0;0;0;0;0;0;0
41985;1987;9;30;Bell Centre;0;20;16;0;0;0;0;0;0;0;0;0;0;0;0;;;;0;0;0;0;0;0;0;0;0;0;0;0;0;0;0;0;0;0;0;0;0;0;0;0;Regular Season;0;0;0;0;0;0;0;0;0;0
41978;1987;9;30;Rexall Place;0;23;26;0;0;0;0;0;0;0;0;0;0;0;0;;;;0;0;0;0;0;0;0;0;0;0;0;0;0;0;0;0;0;0;0;0;0;0;0;0;Regular Season;0;0;0;0;0;0;0;0;0;0
41997;1987;9;30;The Cage;0;5;12;0;0;0;0;0;0;0;0;0;0;0;0;;;;0;0;0;0;0;0;0;0;0;0;0;0;0;0;0;0;0;0;0;0;0;0;0;0;Regular Season;0;0;0;0;0;0;0;0;0;0
42912;1987;10;1;Colisée de Trois-Rivières;0;24;26;0;0;0;0;0;0;0;0;0;0;0;0;;;;0;0;0;0;0;0;0;0;0;0;0;0;0;0;0;0;0;0;0;0;0;0;0;0;Regular Season;0;0;0;0;0;0;0;0;0;0
42136;1987;10;1;Maple Leaf Gardens;0;18;278;0;0;0;0;0;0;0;0;0;0;0;0;;;;0;0;0;0;0;0;0;0;0;0;0;0;0;0;0;0;0;0;0;0;0;0;0;0;Regular Season;0;0;0;0;0;0;0;0;0;0
42045;1987;10;1;Chicago Stadium;0;8;21;0;0;0;0;0;0;0;0;0;0;0;0;;;;0;0;0;0;0;0;0;0;0;0;0;0;0;0;0;0;0;0;0;0;0;0;0;0;Regular Season;0;0;0;0;0;0;0;0;0;0
42074;1987;10;1;Scotiabank Centre;0;9;280;0;0;0;0;0;0;0;0;0;0;0;0;;;;0;0;0;0;0;0;0;0;0;0;0;0;0;0;0;0;0;0;0;0;0;0;0;0;Regular Season;0;0;0;0;0;0;0;0;0;0
41972;1987;10;1;Cross Insurance Arena;0;279;0;0;0;0;0;0;0;0;0;0;0;0;0;;;;0;0;0;0;0;0;0;0;0;0;0;0;0;0;0;0;0;0;0;0;0;0;0;0;Regular Season;0;0;0;0;0;0;0;0;0;0
41984;1987;10;1;Victoria Memorial Arena;0;16;23;0;0;0;0;0;0;0;0;0;0;0;0;;;;0;0;0;0;0;0;0;0;0;0;0;0;0;0;0;0;0;0;0;0;0;0;0;0;Regular Season;0;0;0;0;0;0;0;0;0;0
41988;1987;10;1;Bell Centre;0;20;25;0;0;0;0;0;0;0;0;0;0;0;0;;;;0;0;0;0;0;0;0;0;0;0;0;0;0;0;0;0;0;0;0;0;0;0;0;0;Regular Season;0;0;0;0;0;0;0;0;0;0
42771;1987;10;2;Maple Leaf Gardens;0;18;5;0;0;0;0;0;0;0;0;0;0;0;0;;;;0;0;0;0;0;0;0;0;0;0;0;0;0;0;0;0;0;0;0;0;0;0;0;0;Regular Season;0;0;0;0;0;0;0;0;0;0
41986;1987;10;2;Finnish Arena;0;12;10;0;0;0;0;0;0;0;0;0;0;0;0;;;;0;0;0;0;0;0;0;0;0;0;0;0;0;0;0;0;0;0;0;0;0;0;0;0;Regular Season;0;0;0;0;0;0;0;0;0;0
41999;1987;10;2;City Park Hockey Stadium;0;19;17;0;0;0;0;0;0;0;0;0;0;0;0;;;;0;0;0;0;0;0;0;0;0;0;0;0;0;0;0;0;0;0;0;0;0;0;0;0;Regular Season;0;0;0;0;0;0;0;0;0;0
42008;1987;10;2;The Coop;0;22;3;0;0;0;0;0;0;0;0;0;0;0;0;;;;0;0;0;0;0;0;0;0;0;0;0;0;0;0;0;0;0;0;0;0;0;0;0;0;Regular Season;0;0;0;0;0;0;0;0;0;0
42002;1987;10;2;Wembley Arena;0;14;11;0;0;0;0;0;0;0;0;0;0;0;0;;;;0;0;0;0;0;0;0;0;0;0;0;0;0;0;0;0;0;0;0;0;0;0;0;0;Regular Season;0;0;0;0;0;0;0;0;0;0
42005;1987;10;2;Wichita Wind Arena;0;0;8;0;0;0;0;0;0;0;0;0;0;0;0;;;;0;0;0;0;0;0;0;0;0;0;0;0;0;0;0;0;0;0;0;0;0;0;0;0;Regular Season;0;0;0;0;0;0;0;0;0;0
42923;1987;10;3;Bell Centre;0;20;15;0;0;0;0;0;0;0;0;0;0;0;0;;;;0;0;0;0;0;0;0;0;0;0;0;0;0;0;0;0;0;0;0;0;0;0;0;0;Regular Season;0;0;0;0;0;0;0;0;0;0
42064;1987;10;4;Miami Arena;0;21;18;0;0;0;0;0;0;0;0;0;0;0;0;;;;0;0;0;0;0;0;0;0;0;0;0;0;0;0;0;0;0;0;0;0;0;0;0;0;Regular Season;0;0;0;0;0;0;0;0;0;0
42001;1987;10;4;Cross Insurance Arena;0;279;278;0;0;0;0;0;0;0;0;0;0;0;0;;;;0;0;0;0;0;0;0;0;0;0;0;0;0;0;0;0;0;0;0;0;0;0;0;0;Regular Season;0;0;0;0;0;0;0;0;0;0
41995;1987;10;4;Victoria Memorial Arena;0;16;11;0;0;0;0;0;0;0;0;0;0;0;0;;;;0;0;0;0;0;0;0;0;0;0;0;0;0;0;0;0;0;0;0;0;0;0;0;0;Regular Season;0;0;0;0;0;0;0;0;0;0
42047;1987;10;4;Wembley Arena;0;14;5;0;0;0;0;0;0;0;0;0;0;0;0;;;;0;0;0;0;0;0;0;0;0;0;0;0;0;0;0;0;0;0;0;0;0;0;0;0;Regular Season;0;0;0;0;0;0;0;0;0;0
42050;1987;10;4;Calgary Cowboys Arena;0;25;23;0;0;0;0;0;0;0;0;0;0;0;0;;;;0;0;0;0;0;0;0;0;0;0;0;0;0;0;0;0;0;0;0;0;0;0;0;0;Regular Season;0;0;0;0;0;0;0;0;0;0
42046;1987;10;4;City Park Hockey Stadium;0;19;24;0;0;0;0;0;0;0;0;0;0;0;0;;;;0;0;0;0;0;0;0;0;0;0;0;0;0;0;0;0;0;0;0;0;0;0;0;0;Regular Season;0;0;0;0;0;0;0;0;0;0
42009;1987;10;4;Allen County War Memorial Coliseum;0;26;17;0;0;0;0;0;0;0;0;0;0;0;0;;;;0;0;0;0;0;0;0;0;0;0;0;0;0;0;0;0;0;0;0;0;0;0;0;0;Regular Season;0;0;0;0;0;0;0;0;0;0
42016;1987;10;4;The Coop;0;22;12;0;0;0;0;0;0;0;0;0;0;0;0;;;;0;0;0;0;0;0;0;0;0;0;0;0;0;0;0;0;0;0;0;0;0;0;0;0;Regular Season;0;0;0;0;0;0;0;0;0;0
42024;1987;10;4;Maple Leaf Gardens;0;3;0;0;0;0;0;0;0;0;0;0;0;0;0;;;;0;0;0;0;0;0;0;0;0;0;0;0;0;0;0;0;0;0;0;0;0;0;0;0;Regular Season;0;0;0;0;0;0;0;0;0;0
42055;1987;10;5;Pittsburgh Civic Arena;0;15;25;0;0;0;0;0;0;0;0;0;0;0;0;;;;0;0;0;0;0;0;0;0;0;0;0;0;0;0;0;0;0;0;0;0;0;0;0;0;Regular Season;0;0;0;0;0;0;0;0;0;0
42043;1987;10;5;Moncton Coliseum;0;10;9;0;0;0;0;0;0;0;0;0;0;0;0;;;;0;0;0;0;0;0;0;0;0;0;0;0;0;0;0;0;0;0;0;0;0;0;0;0;Regular Season;0;0;0;0;0;0;0;0;0;0
41998;1987;10;5;Cross Insurance Arena;0;279;11;0;0;0;0;0;0;0;0;0;0;0;0;;;;0;0;0;0;0;0;0;0;0;0;0;0;0;0;0;0;0;0;0;0;0;0;0;0;Regular Season;0;0;0;0;0;0;0;0;0;0
42549;1987;10;5;Colisée de Trois-Rivières;0;24;18;0;0;0;0;0;0;0;0;0;0;0;0;;;;0;0;0;0;0;0;0;0;0;0;0;0;0;0;0;0;0;0;0;0;0;0;0;0;Regular Season;0;0;0;0;0;0;0;0;0;0
42034;1987;10;5;Finnish Arena;0;12;278;0;0;0;0;0;0;0;0;0;0;0;0;;;;0;0;0;0;0;0;0;0;0;0;0;0;0;0;0;0;0;0;0;0;0;0;0;0;Regular Season;0;0;0;0;0;0;0;0;0;0
42011;1987;10;5;Rexall Place;0;23;5;0;0;0;0;0;0;0;0;0;0;0;0;;;;0;0;0;0;0;0;0;0;0;0;0;0;0;0;0;0;0;0;0;0;0;0;0;0;Regular Season;0;0;0;0;0;0;0;0;0;0
42028;1987;10;5;The Coop;0;22;20;0;0;0;0;0;0;0;0;0;0;0;0;;;;0;0;0;0;0;0;0;0;0;0;0;0;0;0;0;0;0;0;0;0;0;0;0;0;Regular Season;0;0;0;0;0;0;0;0;0;0
42031;1987;10;5;City Park Hockey Stadium;0;19;14;0;0;0;0;0;0;0;0;0;0;0;0;;;;0;0;0;0;0;0;0;0;0;0;0;0;0;0;0;0;0;0;0;0;0;0;0;0;Regular Season;0;0;0;0;0;0;0;0;0;0
42006;1987;10;5;Langley Events Centre;0;280;26;0;0;0;0;0;0;0;0;0;0;0;0;;;;0;0;0;0;0;0;0;0;0;0;0;0;0;0;0;0;0;0;0;0;0;0;0;0;Regular Season;0;0;0;0;0;0;0;0;0;0
42030;1987;10;6;Bell Centre;0;20;21;0;0;0;0;0;0;0;0;0;0;0;0;;;;0;0;0;0;0;0;0;0;0;0;0;0;0;0;0;0;0;0;0;0;0;0;0;0;Regular Season;0;0;0;0;0;0;0;0;0;0
41991;1987;10;6;Victoria Memorial Arena;0;16;17;0;0;0;0;0;0;0;0;0;0;0;0;;;;0;0;0;0;0;0;0;0;0;0;0;0;0;0;0;0;0;0;0;0;0;0;0;0;Regular Season;0;0;0;0;0;0;0;0;0;0
42057;1987;10;7;Maple Leaf Gardens;0;18;15;0;0;0;0;0;0;0;0;0;0;0;0;;;;0;0;0;0;0;0;0;0;0;0;0;0;0;0;0;0;0;0;0;0;0;0;0;0;Regular Season;0;0;0;0;0;0;0;0;0;0
42066;1987;10;7;Wichita Wind Arena;0;0;5;0;0;0;0;0;0;0;0;0;0;0;0;;;;0;0;0;0;0;0;0;0;0;0;0;0;0;0;0;0;0;0;0;0;0;0;0;0;Regular Season;0;0;0;0;0;0;0;0;0;0
42017;1987;10;7;Scotiabank Centre;0;9;11;0;0;0;0;0;0;0;0;0;0;0;0;;;;0;0;0;0;0;0;0;0;0;0;0;0;0;0;0;0;0;0;0;0;0;0;0;0;Regular Season;0;0;0;0;0;0;0;0;0;0
42018;1987;10;7;The Coop;0;22;26;0;0;0;0;0;0;0;0;0;0;0;0;;;;0;0;0;0;0;0;0;0;0;0;0;0;0;0;0;0;0;0;0;0;0;0;0;0;Regular Season;0;0;0;0;0;0;0;0;0;0
42025;1987;10;7;City Park Hockey Stadium;0;19;10;0;0;0;0;0;0;0;0;0;0;0;0;;;;0;0;0;0;0;0;0;0;0;0;0;0;0;0;0;0;0;0;0;0;0;0;0;0;Regular Season;0;0;0;0;0;0;0;0;0;0
42036;1987;10;7;Finnish Arena;0;12;8;0;0;0;0;0;0;0;0;0;0;0;0;;;;0;0;0;0;0;0;0;0;0;0;0;0;0;0;0;0;0;0;0;0;0;0;0;0;Regular Season;0;0;0;0;0;0;0;0;0;0
42032;1987;10;7;Tokyo University Arena;0;17;280;0;0;0;0;0;0;0;0;0;0;0;0;;;;0;0;0;0;0;0;0;0;0;0;0;0;0;0;0;0;0;0;0;0;0;0;0;0;Regular Season;0;0;0;0;0;0;0;0;0;0
42000;1987;10;7;Miami Arena;0;21;16;0;0;0;0;0;0;0;0;0;0;0;0;;;;0;0;0;0;0;0;0;0;0;0;0;0;0;0;0;0;0;0;0;0;0;0;0;0;Regular Season;0;0;0;0;0;0;0;0;0;0
42039;1987;10;8; Arena;0;278;8;0;0;0;0;0;0;0;0;0;0;0;0;;;;0;0;0;0;0;0;0;0;0;0;0;0;0;0;0;0;0;0;0;0;0;0;0;0;Regular Season;0;0;0;0;0;0;0;0;0;0
42033;1987;10;8;Rexall Place;0;23;10;0;0;0;0;0;0;0;0;0;0;0;0;;;;0;0;0;0;0;0;0;0;0;0;0;0;0;0;0;0;0;0;0;0;0;0;0;0;Regular Season;0;0;0;0;0;0;0;0;0;0
42865;1987;10;8;The Coop;0;22;25;0;0;0;0;0;0;0;0;0;0;0;0;;;;0;0;0;0;0;0;0;0;0;0;0;0;0;0;0;0;0;0;0;0;0;0;0;0;Regular Season;0;0;0;0;0;0;0;0;0;0
42566;1987;10;8;City Park Hockey Stadium;0;19;26;0;0;0;0;0;0;0;0;0;0;0;0;;;;0;0;0;0;0;0;0;0;0;0;0;0;0;0;0;0;0;0;0;0;0;0;0;0;Regular Season;0;0;0;0;0;0;0;0;0;0
42084;1987;10;8;Maple Leaf Gardens;0;3;9;0;0;0;0;0;0;0;0;0;0;0;0;;;;0;0;0;0;0;0;0;0;0;0;0;0;0;0;0;0;0;0;0;0;0;0;0;0;Regular Season;0;0;0;0;0;0;0;0;0;0
42225;1987;10;8;Langley Events Centre;0;280;24;0;0;0;0;0;0;0;0;0;0;0;0;;;;0;0;0;0;0;0;0;0;0;0;0;0;0;0;0;0;0;0;0;0;0;0;0;0;Regular Season;0;0;0;0;0;0;0;0;0;0
42890;1987;10;8;Maple Leaf Gardens;0;18;279;0;0;0;0;0;0;0;0;0;0;0;0;;;;0;0;0;0;0;0;0;0;0;0;0;0;0;0;0;0;0;0;0;0;0;0;0;0;Regular Season;0;0;0;0;0;0;0;0;0;0
42090;1987;10;9;Maple Leaf Gardens;0;3;0;0;0;0;0;0;0;0;0;0;0;0;0;;;;0;0;0;0;0;0;0;0;0;0;0;0;0;0;0;0;0;0;0;0;0;0;0;0;Regular Season;0;0;0;0;0;0;0;0;0;0
42111;1987;10;9;Calgary Cowboys Arena;0;25;15;0;0;0;0;0;0;0;0;0;0;0;0;;;;0;0;0;0;0;0;0;0;0;0;0;0;0;0;0;0;0;0;0;0;0;0;0;0;Regular Season;0;0;0;0;0;0;0;0;0;0
42439;1987;10;9;Bell Centre;0;20;21;0;0;0;0;0;0;0;0;0;0;0;0;;;;0;0;0;0;0;0;0;0;0;0;0;0;0;0;0;0;0;0;0;0;0;0;0;0;Regular Season;0;0;0;0;0;0;0;0;0;0
42914;1987;10;9;Colisée de Trois-Rivières;0;24;14;0;0;0;0;0;0;0;0;0;0;0;0;;;;0;0;0;0;0;0;0;0;0;0;0;0;0;0;0;0;0;0;0;0;0;0;0;0;Regular Season;0;0;0;0;0;0;0;0;0;0
42900;1987;10;9; Arena;0;278;11;0;0;0;0;0;0;0;0;0;0;0;0;;;;0;0;0;0;0;0;0;0;0;0;0;0;0;0;0;0;0;0;0;0;0;0;0;0;Regular Season;0;0;0;0;0;0;0;0;0;0
42841;1987;10;9;Victoria Memorial Arena;0;16;17;0;0;0;0;0;0;0;0;0;0;0;0;;;;0;0;0;0;0;0;0;0;0;0;0;0;0;0;0;0;0;0;0;0;0;0;0;0;Regular Season;0;0;0;0;0;0;0;0;0;0
42022;1987;10;10;Bell Centre;0;20;279;0;0;0;0;0;0;0;0;0;0;0;0;;;;0;0;0;0;0;0;0;0;0;0;0;0;0;0;0;0;0;0;0;0;0;0;0;0;Regular Season;0;0;0;0;0;0;0;0;0;0
42096;1987;10;10;Chicago Stadium;0;8;14;0;0;0;0;0;0;0;0;0;0;0;0;;;;0;0;0;0;0;0;0;0;0;0;0;0;0;0;0;0;0;0;0;0;0;0;0;0;Regular Season;0;0;0;0;0;0;0;0;0;0
42846;1987;10;10;The Cage;0;5;0;0;0;0;0;0;0;0;0;0;0;0;0;;;;0;0;0;0;0;0;0;0;0;0;0;0;0;0;0;0;0;0;0;0;0;0;0;0;Regular Season;0;0;0;0;0;0;0;0;0;0
42916;1987;10;10;Rexall Place;0;23;280;0;0;0;0;0;0;0;0;0;0;0;0;;;;0;0;0;0;0;0;0;0;0;0;0;0;0;0;0;0;0;0;0;0;0;0;0;0;Regular Season;0;0;0;0;0;0;0;0;0;0
42077;1987;10;11;Cross Insurance Arena;0;279;278;0;0;0;0;0;0;0;0;0;0;0;0;;;;0;0;0;0;0;0;0;0;0;0;0;0;0;0;0;0;0;0;0;0;0;0;0;0;Regular Season;0;0;0;0;0;0;0;0;0;0
42023;1987;10;11;Mytischi Atlanti Mytischi Atlanti Arena;0;11;15;0;0;0;0;0;0;0;0;0;0;0;0;;;;0;0;0;0;0;0;0;0;0;0;0;0;0;0;0;0;0;0;0;0;0;0;0;0;Regular Season;0;0;0;0;0;0;0;0;0;0
42134;1987;10;11;Maple Leaf Gardens;0;3;12;0;0;0;0;0;0;0;0;0;0;0;0;;;;0;0;0;0;0;0;0;0;0;0;0;0;0;0;0;0;0;0;0;0;0;0;0;0;Regular Season;0;0;0;0;0;0;0;0;0;0
42044;1987;10;11;Langley Events Centre;0;280;10;0;0;0;0;0;0;0;0;0;0;0;0;;;;0;0;0;0;0;0;0;0;0;0;0;0;0;0;0;0;0;0;0;0;0;0;0;0;Regular Season;0;0;0;0;0;0;0;0;0;0
42014;1987;10;11;Victoria Memorial Arena;0;16;21;0;0;0;0;0;0;0;0;0;0;0;0;;;;0;0;0;0;0;0;0;0;0;0;0;0;0;0;0;0;0;0;0;0;0;0;0;0;Regular Season;0;0;0;0;0;0;0;0;0;0
42103;1987;10;11;Tokyo University Arena;0;17;24;0;0;0;0;0;0;0;0;0;0;0;0;;;;0;0;0;0;0;0;0;0;0;0;0;0;0;0;0;0;0;0;0;0;0;0;0;0;Regular Season;0;0;0;0;0;0;0;0;0;0
42105;1987;10;12;Colisée de Trois-Rivières;0;24;19;0;0;0;0;0;0;0;0;0;0;0;0;;;;0;0;0;0;0;0;0;0;0;0;0;0;0;0;0;0;0;0;0;0;0;0;0;0;Regular Season;0;0;0;0;0;0;0;0;0;0
42147;1987;10;12;Scotiabank Centre;0;9;10;0;0;0;0;0;0;0;0;0;0;0;0;;;;0;0;0;0;0;0;0;0;0;0;0;0;0;0;0;0;0;0;0;0;0;0;0;0;Regular Season;0;0;0;0;0;0;0;0;0;0
42353;1987;10;12;Miami Arena;0;21;25;0;0;0;0;0;0;0;0;0;0;0;0;;;;0;0;0;0;0;0;0;0;0;0;0;0;0;0;0;0;0;0;0;0;0;0;0;0;Regular Season;0;0;0;0;0;0;0;0;0;0
42019;1987;10;12; Arena;0;278;0;0;0;0;0;0;0;0;0;0;0;0;0;;;;0;0;0;0;0;0;0;0;0;0;0;0;0;0;0;0;0;0;0;0;0;0;0;0;Regular Season;0;0;0;0;0;0;0;0;0;0
42049;1987;10;12;Tokyo University Arena;0;17;18;0;0;0;0;0;0;0;0;0;0;0;0;;;;0;0;0;0;0;0;0;0;0;0;0;0;0;0;0;0;0;0;0;0;0;0;0;0;Regular Season;0;0;0;0;0;0;0;0;0;0
42059;1987;10;12;Chicago Stadium;0;8;20;0;0;0;0;0;0;0;0;0;0;0;0;;;;0;0;0;0;0;0;0;0;0;0;0;0;0;0;0;0;0;0;0;0;0;0;0;0;Regular Season;0;0;0;0;0;0;0;0;0;0
42051;1987;10;12;Rexall Place;0;23;14;0;0;0;0;0;0;0;0;0;0;0;0;;;;0;0;0;0;0;0;0;0;0;0;0;0;0;0;0;0;0;0;0;0;0;0;0;0;Regular Season;0;0;0;0;0;0;0;0;0;0
42010;1987;10;12;Pittsburgh Civic Arena;0;15;16;0;0;0;0;0;0;0;0;0;0;0;0;;;;0;0;0;0;0;0;0;0;0;0;0;0;0;0;0;0;0;0;0;0;0;0;0;0;Regular Season;0;0;0;0;0;0;0;0;0;0
42021;1987;10;12;The Cage;0;5;26;0;0;0;0;0;0;0;0;0;0;0;0;;;;0;0;0;0;0;0;0;0;0;0;0;0;0;0;0;0;0;0;0;0;0;0;0;0;Regular Season;0;0;0;0;0;0;0;0;0;0
42020;1987;10;13;Cross Insurance Arena;0;279;26;0;0;0;0;0;0;0;0;0;0;0;0;;;;0;0;0;0;0;0;0;0;0;0;0;0;0;0;0;0;0;0;0;0;0;0;0;0;Regular Season;0;0;0;0;0;0;0;0;0;0
42041;1987;10;13;The Cage;0;5;22;0;0;0;0;0;0;0;0;0;0;0;0;;;;0;0;0;0;0;0;0;0;0;0;0;0;0;0;0;0;0;0;0;0;0;0;0;0;Regular Season;0;0;0;0;0;0;0;0;0;0
42062;1987;10;14;Calgary Cowboys Arena;0;25;23;0;0;0;0;0;0;0;0;0;0;0;0;;;;0;0;0;0;0;0;0;0;0;0;0;0;0;0;0;0;0;0;0;0;0;0;0;0;Regular Season;0;0;0;0;0;0;0;0;0;0
42027;1987;10;14;Cross Insurance Arena;0;279;278;0;0;0;0;0;0;0;0;0;0;0;0;;;;0;0;0;0;0;0;0;0;0;0;0;0;0;0;0;0;0;0;0;0;0;0;0;0;Regular Season;0;0;0;0;0;0;0;0;0;0
42139;1987;10;14;Maple Leaf Gardens;0;18;20;0;0;0;0;0;0;0;0;0;0;0;0;;;;0;0;0;0;0;0;0;0;0;0;0;0;0;0;0;0;0;0;0;0;0;0;0;0;Regular Season;0;0;0;0;0;0;0;0;0;0
42026;1987;10;14;Mytischi Atlanti Mytischi Atlanti Arena;0;11;16;0;0;0;0;0;0;0;0;0;0;0;0;;;;0;0;0;0;0;0;0;0;0;0;0;0;0;0;0;0;0;0;0;0;0;0;0;0;Regular Season;0;0;0;0;0;0;0;0;0;0
42109;1987;10;14;Maple Leaf Gardens;0;3;14;0;0;0;0;0;0;0;0;0;0;0;0;;;;0;0;0;0;0;0;0;0;0;0;0;0;0;0;0;0;0;0;0;0;0;0;0;0;Regular Season;0;0;0;0;0;0;0;0;0;0
42042;1987;10;14;Scotiabank Centre;0;9;12;0;0;0;0;0;0;0;0;0;0;0;0;;;;0;0;0;0;0;0;0;0;0;0;0;0;0;0;0;0;0;0;0;0;0;0;0;0;Regular Season;0;0;0;0;0;0;0;0;0;0
42119;1987;10;14;Miami Arena;0;21;8;0;0;0;0;0;0;0;0;0;0;0;0;;;;0;0;0;0;0;0;0;0;0;0;0;0;0;0;0;0;0;0;0;0;0;0;0;0;Regular Season;0;0;0;0;0;0;0;0;0;0
42038;1987;10;14;Wichita Wind Arena;0;0;22;0;0;0;0;0;0;0;0;0;0;0;0;;;;0;0;0;0;0;0;0;0;0;0;0;0;0;0;0;0;0;0;0;0;0;0;0;0;Regular Season;0;0;0;0;0;0;0;0;0;0
42086;1987;10;15;Chicago Stadium;0;8;9;0;0;0;0;0;0;0;0;0;0;0;0;;;;0;0;0;0;0;0;0;0;0;0;0;0;0;0;0;0;0;0;0;0;0;0;0;0;Regular Season;0;0;0;0;0;0;0;0;0;0
42168;1987;10;15;Maple Leaf Gardens;0;18;20;0;0;0;0;0;0;0;0;0;0;0;0;;;;0;0;0;0;0;0;0;0;0;0;0;0;0;0;0;0;0;0;0;0;0;0;0;0;Regular Season;0;0;0;0;0;0;0;0;0;0
42110;1987;10;15;Wembley Arena;0;14;3;0;0;0;0;0;0;0;0;0;0;0;0;;;;0;0;0;0;0;0;0;0;0;0;0;0;0;0;0;0;0;0;0;0;0;0;0;0;Regular Season;0;0;0;0;0;0;0;0;0;0
42075;1987;10;15;Moncton Coliseum;0;10;17;0;0;0;0;0;0;0;0;0;0;0;0;;;;0;0;0;0;0;0;0;0;0;0;0;0;0;0;0;0;0;0;0;0;0;0;0;0;Regular Season;0;0;0;0;0;0;0;0;0;0
42040;1987;10;15;Mytischi Atlanti Mytischi Atlanti Arena;0;11;25;0;0;0;0;0;0;0;0;0;0;0;0;;;;0;0;0;0;0;0;0;0;0;0;0;0;0;0;0;0;0;0;0;0;0;0;0;0;Regular Season;0;0;0;0;0;0;0;0;0;0
42048;1987;10;15;Langley Events Centre;0;280;26;0;0;0;0;0;0;0;0;0;0;0;0;;;;0;0;0;0;0;0;0;0;0;0;0;0;0;0;0;0;0;0;0;0;0;0;0;0;Regular Season;0;0;0;0;0;0;0;0;0;0
42056;1987;10;15;Finnish Arena;0;12;5;0;0;0;0;0;0;0;0;0;0;0;0;;;;0;0;0;0;0;0;0;0;0;0;0;0;0;0;0;0;0;0;0;0;0;0;0;0;Regular Season;0;0;0;0;0;0;0;0;0;0
42068;1987;10;15;Pittsburgh Civic Arena;0;15;23;0;0;0;0;0;0;0;0;0;0;0;0;;;;0;0;0;0;0;0;0;0;0;0;0;0;0;0;0;0;0;0;0;0;0;0;0;0;Regular Season;0;0;0;0;0;0;0;0;0;0
42052;1987;10;15;Wichita Wind Arena;0;0;19;0;0;0;0;0;0;0;0;0;0;0;0;;;;0;0;0;0;0;0;0;0;0;0;0;0;0;0;0;0;0;0;0;0;0;0;0;0;Regular Season;0;0;0;0;0;0;0;0;0;0
42850;1987;10;16;Moncton Coliseum;0;10;5;0;0;0;0;0;0;0;0;0;0;0;0;;;;0;0;0;0;0;0;0;0;0;0;0;0;0;0;0;0;0;0;0;0;0;0;0;0;Regular Season;0;0;0;0;0;0;0;0;0;0
42888;1987;10;16;Cross Insurance Arena;0;279;15;0;0;0;0;0;0;0;0;0;0;0;0;;;;0;0;0;0;0;0;0;0;0;0;0;0;0;0;0;0;0;0;0;0;0;0;0;0;Regular Season;0;0;0;0;0;0;0;0;0;0
42065;1987;10;16;Langley Events Centre;0;280;22;0;0;0;0;0;0;0;0;0;0;0;0;;;;0;0;0;0;0;0;0;0;0;0;0;0;0;0;0;0;0;0;0;0;0;0;0;0;Regular Season;0;0;0;0;0;0;0;0;0;0
42107;1987;10;17;City Park Hockey Stadium;0;19;24;0;0;0;0;0;0;0;0;0;0;0;0;;;;0;0;0;0;0;0;0;0;0;0;0;0;0;0;0;0;0;0;0;0;0;0;0;0;Regular Season;0;0;0;0;0;0;0;0;0;0
42285;1987;10;17; Arena;0;278;3;0;0;0;0;0;0;0;0;0;0;0;0;;;;0;0;0;0;0;0;0;0;0;0;0;0;0;0;0;0;0;0;0;0;0;0;0;0;Regular Season;0;0;0;0;0;0;0;0;0;0
42919;1987;10;17;Rexall Place;0;23;25;0;0;0;0;0;0;0;0;0;0;0;0;;;;0;0;0;0;0;0;0;0;0;0;0;0;0;0;0;0;0;0;0;0;0;0;0;0;Regular Season;0;0;0;0;0;0;0;0;0;0
42485;1987;10;17;Finnish Arena;0;12;9;0;0;0;0;0;0;0;0;0;0;0;0;;;;0;0;0;0;0;0;0;0;0;0;0;0;0;0;0;0;0;0;0;0;0;0;0;0;Regular Season;0;0;0;0;0;0;0;0;0;0
42921;1987;10;17;Wembley Arena;0;14;20;0;0;0;0;0;0;0;0;0;0;0;0;;;;0;0;0;0;0;0;0;0;0;0;0;0;0;0;0;0;0;0;0;0;0;0;0;0;Regular Season;0;0;0;0;0;0;0;0;0;0
42093;1987;10;18;Moncton Coliseum;0;10;16;0;0;0;0;0;0;0;0;0;0;0;0;;;;0;0;0;0;0;0;0;0;0;0;0;0;0;0;0;0;0;0;0;0;0;0;0;0;Regular Season;0;0;0;0;0;0;0;0;0;0
42070;1987;10;18;Miami Arena;0;21;15;0;0;0;0;0;0;0;0;0;0;0;0;;;;0;0;0;0;0;0;0;0;0;0;0;0;0;0;0;0;0;0;0;0;0;0;0;0;Regular Season;0;0;0;0;0;0;0;0;0;0
42089;1987;10;18;Chicago Stadium;0;8;279;0;0;0;0;0;0;0;0;0;0;0;0;;;;0;0;0;0;0;0;0;0;0;0;0;0;0;0;0;0;0;0;0;0;0;0;0;0;Regular Season;0;0;0;0;0;0;0;0;0;0
42214;1987;10;18;Maple Leaf Gardens;0;18;14;0;0;0;0;0;0;0;0;0;0;0;0;;;;0;0;0;0;0;0;0;0;0;0;0;0;0;0;0;0;0;0;0;0;0;0;0;0;Regular Season;0;0;0;0;0;0;0;0;0;0
42183;1987;10;18;Colisée de Trois-Rivières;0;24;25;0;0;0;0;0;0;0;0;0;0;0;0;;;;0;0;0;0;0;0;0;0;0;0;0;0;0;0;0;0;0;0;0;0;0;0;0;0;Regular Season;0;0;0;0;0;0;0;0;0;0
42061;1987;10;18;The Cage;0;5;12;0;0;0;0;0;0;0;0;0;0;0;0;;;;0;0;0;0;0;0;0;0;0;0;0;0;0;0;0;0;0;0;0;0;0;0;0;0;Regular Season;0;0;0;0;0;0;0;0;0;0
42035;1987;10;19;Victoria Memorial Arena;0;16;21;0;0;0;0;0;0;0;0;0;0;0;0;;;;0;0;0;0;0;0;0;0;0;0;0;0;0;0;0;0;0;0;0;0;0;0;0;0;Regular Season;0;0;0;0;0;0;0;0;0;0
42081;1987;10;19;Pittsburgh Civic Arena;0;15;278;0;0;0;0;0;0;0;0;0;0;0;0;;;;0;0;0;0;0;0;0;0;0;0;0;0;0;0;0;0;0;0;0;0;0;0;0;0;Regular Season;0;0;0;0;0;0;0;0;0;0
42129;1987;10;19;Tokyo University Arena;0;17;22;0;0;0;0;0;0;0;0;0;0;0;0;;;;0;0;0;0;0;0;0;0;0;0;0;0;0;0;0;0;0;0;0;0;0;0;0;0;Regular Season;0;0;0;0;0;0;0;0;0;0
42085;1987;10;19;Moncton Coliseum;0;10;0;0;0;0;0;0;0;0;0;0;0;0;0;;;;0;0;0;0;0;0;0;0;0;0;0;0;0;0;0;0;0;0;0;0;0;0;0;0;Regular Season;0;0;0;0;0;0;0;0;0;0
42083;1987;10;19;Rexall Place;0;23;18;0;0;0;0;0;0;0;0;0;0;0;0;;;;0;0;0;0;0;0;0;0;0;0;0;0;0;0;0;0;0;0;0;0;0;0;0;0;Regular Season;0;0;0;0;0;0;0;0;0;0
42063;1987;10;19;Allen County War Memorial Coliseum;0;26;280;0;0;0;0;0;0;0;0;0;0;0;0;;;;0;0;0;0;0;0;0;0;0;0;0;0;0;0;0;0;0;0;0;0;0;0;0;0;Regular Season;0;0;0;0;0;0;0;0;0;0
42166;1987;10;19;Bell Centre;0;20;3;0;0;0;0;0;0;0;0;0;0;0;0;;;;0;0;0;0;0;0;0;0;0;0;0;0;0;0;0;0;0;0;0;0;0;0;0;0;Regular Season;0;0;0;0;0;0;0;0;0;0
42060;1987;10;19;Mytischi Atlanti Mytischi Atlanti Arena;0;11;279;0;0;0;0;0;0;0;0;0;0;0;0;;;;0;0;0;0;0;0;0;0;0;0;0;0;0;0;0;0;0;0;0;0;0;0;0;0;Regular Season;0;0;0;0;0;0;0;0;0;0
42069;1987;10;20;City Park Hockey Stadium;0;19;280;0;0;0;0;0;0;0;0;0;0;0;0;;;;0;0;0;0;0;0;0;0;0;0;0;0;0;0;0;0;0;0;0;0;0;0;0;0;Regular Season;0;0;0;0;0;0;0;0;0;0
42922;1987;10;20;Calgary Cowboys Arena;0;25;24;0;0;0;0;0;0;0;0;0;0;0;0;;;;0;0;0;0;0;0;0;0;0;0;0;0;0;0;0;0;0;0;0;0;0;0;0;0;Regular Season;0;0;0;0;0;0;0;0;0;0
42067;1987;10;20;Allen County War Memorial Coliseum;0;26;9;0;0;0;0;0;0;0;0;0;0;0;0;;;;0;0;0;0;0;0;0;0;0;0;0;0;0;0;0;0;0;0;0;0;0;0;0;0;Regular Season;0;0;0;0;0;0;0;0;0;0
42450;1987;10;21;Wichita Wind Arena;0;0;18;0;0;0;0;0;0;0;0;0;0;0;0;;;;0;0;0;0;0;0;0;0;0;0;0;0;0;0;0;0;0;0;0;0;0;0;0;0;Regular Season;0;0;0;0;0;0;0;0;0;0
42098;1987;10;21; Arena;0;278;279;0;0;0;0;0;0;0;0;0;0;0;0;;;;0;0;0;0;0;0;0;0;0;0;0;0;0;0;0;0;0;0;0;0;0;0;0;0;Regular Season;0;0;0;0;0;0;0;0;0;0
42133;1987;10;21;Scotiabank Centre;0;9;17;0;0;0;0;0;0;0;0;0;0;0;0;;;;0;0;0;0;0;0;0;0;0;0;0;0;0;0;0;0;0;0;0;0;0;0;0;0;Regular Season;0;0;0;0;0;0;0;0;0;0
42106;1987;10;21;Rexall Place;0;23;22;0;0;0;0;0;0;0;0;0;0;0;0;;;;0;0;0;0;0;0;0;0;0;0;0;0;0;0;0;0;0;0;0;0;0;0;0;0;Regular Season;0;0;0;0;0;0;0;0;0;0
42082;1987;10;21;The Cage;0;5;19;0;0;0;0;0;0;0;0;0;0;0;0;;;;0;0;0;0;0;0;0;0;0;0;0;0;0;0;0;0;0;0;0;0;0;0;0;0;Regular Season;0;0;0;0;0;0;0;0;0;0
42080;1987;10;21;Victoria Memorial Arena;0;16;8;0;0;0;0;0;0;0;0;0;0;0;0;;;;0;0;0;0;0;0;0;0;0;0;0;0;0;0;0;0;0;0;0;0;0;0;0;0;Regular Season;0;0;0;0;0;0;0;0;0;0
42124;1987;10;21;Maple Leaf Gardens;0;3;20;0;0;0;0;0;0;0;0;0;0;0;0;;;;0;0;0;0;0;0;0;0;0;0;0;0;0;0;0;0;0;0;0;0;0;0;0;0;Regular Season;0;0;0;0;0;0;0;0;0;0
42297;1987;10;22;Langley Events Centre;0;280;24;0;0;0;0;0;0;0;0;0;0;0;0;;;;0;0;0;0;0;0;0;0;0;0;0;0;0;0;0;0;0;0;0;0;0;0;0;0;Regular Season;0;0;0;0;0;0;0;0;0;0
42647;1987;10;22;Victoria Memorial Arena;0;16;18;0;0;0;0;0;0;0;0;0;0;0;0;;;;0;0;0;0;0;0;0;0;0;0;0;0;0;0;0;0;0;0;0;0;0;0;0;0;Regular Season;0;0;0;0;0;0;0;0;0;0
42058;1987;10;22;Wichita Wind Arena;0;0;12;0;0;0;0;0;0;0;0;0;0;0;0;;;;0;0;0;0;0;0;0;0;0;0;0;0;0;0;0;0;0;0;0;0;0;0;0;0;Regular Season;0;0;0;0;0;0;0;0;0;0
42095;1987;10;22;Calgary Cowboys Arena;0;25;278;0;0;0;0;0;0;0;0;0;0;0;0;;;;0;0;0;0;0;0;0;0;0;0;0;0;0;0;0;0;0;0;0;0;0;0;0;0;Regular Season;0;0;0;0;0;0;0;0;0;0
42071;1987;10;22;Miami Arena;0;21;26;0;0;0;0;0;0;0;0;0;0;0;0;;;;0;0;0;0;0;0;0;0;0;0;0;0;0;0;0;0;0;0;0;0;0;0;0;0;Regular Season;0;0;0;0;0;0;0;0;0;0
42100;1987;10;22;Mytischi Atlanti Mytischi Atlanti Arena;0;11;14;0;0;0;0;0;0;0;0;0;0;0;0;;;;0;0;0;0;0;0;0;0;0;0;0;0;0;0;0;0;0;0;0;0;0;0;0;0;Regular Season;0;0;0;0;0;0;0;0;0;0
42101;1987;10;22;Maple Leaf Gardens;0;3;5;0;0;0;0;0;0;0;0;0;0;0;0;;;;0;0;0;0;0;0;0;0;0;0;0;0;0;0;0;0;0;0;0;0;0;0;0;0;Regular Season;0;0;0;0;0;0;0;0;0;0
42163;1987;10;23;Bell Centre;0;20;17;0;0;0;0;0;0;0;0;0;0;0;0;;;;0;0;0;0;0;0;0;0;0;0;0;0;0;0;0;0;0;0;0;0;0;0;0;0;Regular Season;0;0;0;0;0;0;0;0;0;0
42157;1987;10;23;Colisée de Trois-Rivières;0;24;10;0;0;0;0;0;0;0;0;0;0;0;0;;;;0;0;0;0;0;0;0;0;0;0;0;0;0;0;0;0;0;0;0;0;0;0;0;0;Regular Season;0;0;0;0;0;0;0;0;0;0
42114;1987;10;23;Calgary Cowboys Arena;0;25;23;0;0;0;0;0;0;0;0;0;0;0;0;;;;0;0;0;0;0;0;0;0;0;0;0;0;0;0;0;0;0;0;0;0;0;0;0;0;Regular Season;0;0;0;0;0;0;0;0;0;0
42094;1987;10;23;Mytischi Atlanti Mytischi Atlanti Arena;0;11;15;0;0;0;0;0;0;0;0;0;0;0;0;;;;0;0;0;0;0;0;0;0;0;0;0;0;0;0;0;0;0;0;0;0;0;0;0;0;Regular Season;0;0;0;0;0;0;0;0;0;0
42121;1987;10;23;Chicago Stadium;0;8;19;0;0;0;0;0;0;0;0;0;0;0;0;;;;0;0;0;0;0;0;0;0;0;0;0;0;0;0;0;0;0;0;0;0;0;0;0;0;Regular Season;0;0;0;0;0;0;0;0;0;0
42118;1987;10;23;The Coop;0;22;12;0;0;0;0;0;0;0;0;0;0;0;0;;;;0;0;0;0;0;0;0;0;0;0;0;0;0;0;0;0;0;0;0;0;0;0;0;0;Regular Season;0;0;0;0;0;0;0;0;0;0
42883;1987;10;24;Miami Arena;0;21;23;0;0;0;0;0;0;0;0;0;0;0;0;;;;0;0;0;0;0;0;0;0;0;0;0;0;0;0;0;0;0;0;0;0;0;0;0;0;Regular Season;0;0;0;0;0;0;0;0;0;0
42891;1987;10;24; Arena;0;278;279;0;0;0;0;0;0;0;0;0;0;0;0;;;;0;0;0;0;0;0;0;0;0;0;0;0;0;0;0;0;0;0;0;0;0;0;0;0;Regular Season;0;0;0;0;0;0;0;0;0;0
42130;1987;10;24;Scotiabank Centre;0;9;14;0;0;0;0;0;0;0;0;0;0;0;0;;;;0;0;0;0;0;0;0;0;0;0;0;0;0;0;0;0;0;0;0;0;0;0;0;0;Regular Season;0;0;0;0;0;0;0;0;0;0
42078;1987;10;25;City Park Hockey Stadium;0;19;26;0;0;0;0;0;0;0;0;0;0;0;0;;;;0;0;0;0;0;0;0;0;0;0;0;0;0;0;0;0;0;0;0;0;0;0;0;0;Regular Season;0;0;0;0;0;0;0;0;0;0
42219;1987;10;25;Maple Leaf Gardens;0;18;12;0;0;0;0;0;0;0;0;0;0;0;0;;;;0;0;0;0;0;0;0;0;0;0;0;0;0;0;0;0;0;0;0;0;0;0;0;0;Regular Season;0;0;0;0;0;0;0;0;0;0
42196;1987;10;25;Calgary Cowboys Arena;0;25;0;0;0;0;0;0;0;0;0;0;0;0;0;;;;0;0;0;0;0;0;0;0;0;0;0;0;0;0;0;0;0;0;0;0;0;0;0;0;Regular Season;0;0;0;0;0;0;0;0;0;0
42152;1987;10;25;The Coop;0;22;11;0;0;0;0;0;0;0;0;0;0;0;0;;;;0;0;0;0;0;0;0;0;0;0;0;0;0;0;0;0;0;0;0;0;0;0;0;0;Regular Season;0;0;0;0;0;0;0;0;0;0
42172;1987;10;26;Chicago Stadium;0;8;18;0;0;0;0;0;0;0;0;0;0;0;0;;;;0;0;0;0;0;0;0;0;0;0;0;0;0;0;0;0;0;0;0;0;0;0;0;0;Regular Season;0;0;0;0;0;0;0;0;0;0
42197;1987;10;26;Calgary Cowboys Arena;0;25;20;0;0;0;0;0;0;0;0;0;0;0;0;;;;0;0;0;0;0;0;0;0;0;0;0;0;0;0;0;0;0;0;0;0;0;0;0;0;Regular Season;0;0;0;0;0;0;0;0;0;0
42073;1987;10;26;Pittsburgh Civic Arena;0;15;21;0;0;0;0;0;0;0;0;0;0;0;0;;;;0;0;0;0;0;0;0;0;0;0;0;0;0;0;0;0;0;0;0;0;0;0;0;0;Regular Season;0;0;0;0;0;0;0;0;0;0
42122;1987;10;26;City Park Hockey Stadium;0;19;10;0;0;0;0;0;0;0;0;0;0;0;0;;;;0;0;0;0;0;0;0;0;0;0;0;0;0;0;0;0;0;0;0;0;0;0;0;0;Regular Season;0;0;0;0;0;0;0;0;0;0
42123;1987;10;26;Tokyo University Arena;0;17;279;0;0;0;0;0;0;0;0;0;0;0;0;;;;0;0;0;0;0;0;0;0;0;0;0;0;0;0;0;0;0;0;0;0;0;0;0;0;Regular Season;0;0;0;0;0;0;0;0;0;0
42116;1987;10;26;The Coop;0;22;5;0;0;0;0;0;0;0;0;0;0;0;0;;;;0;0;0;0;0;0;0;0;0;0;0;0;0;0;0;0;0;0;0;0;0;0;0;0;Regular Season;0;0;0;0;0;0;0;0;0;0
42072;1987;10;26;Allen County War Memorial Coliseum;0;26;14;0;0;0;0;0;0;0;0;0;0;0;0;;;;0;0;0;0;0;0;0;0;0;0;0;0;0;0;0;0;0;0;0;0;0;0;0;0;Regular Season;0;0;0;0;0;0;0;0;0;0
42145;1987;10;26;Colisée de Trois-Rivières;0;24;9;0;0;0;0;0;0;0;0;0;0;0;0;;;;0;0;0;0;0;0;0;0;0;0;0;0;0;0;0;0;0;0;0;0;0;0;0;0;Regular Season;0;0;0;0;0;0;0;0;0;0
42171;1987;10;27;Colisée de Trois-Rivières;0;24;23;0;0;0;0;0;0;0;0;0;0;0;0;;;;0;0;0;0;0;0;0;0;0;0;0;0;0;0;0;0;0;0;0;0;0;0;0;0;Regular Season;0;0;0;0;0;0;0;0;0;0
42091;1987;10;27;Miami Arena;0;21;16;0;0;0;0;0;0;0;0;0;0;0;0;;;;0;0;0;0;0;0;0;0;0;0;0;0;0;0;0;0;0;0;0;0;0;0;0;0;Regular Season;0;0;0;0;0;0;0;0;0;0
42170;1987;10;27;Wichita Wind Arena;0;0;3;0;0;0;0;0;0;0;0;0;0;0;0;;;;0;0;0;0;0;0;0;0;0;0;0;0;0;0;0;0;0;0;0;0;0;0;0;0;Regular Season;0;0;0;0;0;0;0;0;0;0
42178;1987;10;27;Bell Centre;0;20;17;0;0;0;0;0;0;0;0;0;0;0;0;;;;0;0;0;0;0;0;0;0;0;0;0;0;0;0;0;0;0;0;0;0;0;0;0;0;Regular Season;0;0;0;0;0;0;0;0;0;0
42099;1987;10;27;Pittsburgh Civic Arena;0;15;278;0;0;0;0;0;0;0;0;0;0;0;0;;;;0;0;0;0;0;0;0;0;0;0;0;0;0;0;0;0;0;0;0;0;0;0;0;0;Regular Season;0;0;0;0;0;0;0;0;0;0
42140;1987;10;27;Moncton Coliseum;0;10;14;0;0;0;0;0;0;0;0;0;0;0;0;;;;0;0;0;0;0;0;0;0;0;0;0;0;0;0;0;0;0;0;0;0;0;0;0;0;Regular Season;0;0;0;0;0;0;0;0;0;0
42234;1987;10;28;Maple Leaf Gardens;0;3;0;0;0;0;0;0;0;0;0;0;0;0;0;;;;0;0;0;0;0;0;0;0;0;0;0;0;0;0;0;0;0;0;0;0;0;0;0;0;Regular Season;0;0;0;0;0;0;0;0;0;0
42079;1987;10;28;Allen County War Memorial Coliseum;0;26;19;0;0;0;0;0;0;0;0;0;0;0;0;;;;0;0;0;0;0;0;0;0;0;0;0;0;0;0;0;0;0;0;0;0;0;0;0;0;Regular Season;0;0;0;0;0;0;0;0;0;0
42238;1987;10;28;Finnish Arena;0;12;18;0;0;0;0;0;0;0;0;0;0;0;0;;;;0;0;0;0;0;0;0;0;0;0;0;0;0;0;0;0;0;0;0;0;0;0;0;0;Regular Season;0;0;0;0;0;0;0;0;0;0
42220;1987;10;28;Langley Events Centre;0;280;11;0;0;0;0;0;0;0;0;0;0;0;0;;;;0;0;0;0;0;0;0;0;0;0;0;0;0;0;0;0;0;0;0;0;0;0;0;0;Regular Season;0;0;0;0;0;0;0;0;0;0
42177;1987;10;28;Scotiabank Centre;0;9;8;0;0;0;0;0;0;0;0;0;0;0;0;;;;0;0;0;0;0;0;0;0;0;0;0;0;0;0;0;0;0;0;0;0;0;0;0;0;Regular Season;0;0;0;0;0;0;0;0;0;0
42092;1987;10;28;Calgary Cowboys Arena;0;25;16;0;0;0;0;0;0;0;0;0;0;0;0;;;;0;0;0;0;0;0;0;0;0;0;0;0;0;0;0;0;0;0;0;0;0;0;0;0;Regular Season;0;0;0;0;0;0;0;0;0;0
42144;1987;10;28; Arena;0;278;279;0;0;0;0;0;0;0;0;0;0;0;0;;;;0;0;0;0;0;0;0;0;0;0;0;0;0;0;0;0;0;0;0;0;0;0;0;0;Regular Season;0;0;0;0;0;0;0;0;0;0
42176;1987;10;29;Langley Events Centre;0;280;14;0;0;0;0;0;0;0;0;0;0;0;0;;;;0;0;0;0;0;0;0;0;0;0;0;0;0;0;0;0;0;0;0;0;0;0;0;0;Regular Season;0;0;0;0;0;0;0;0;0;0
42886;1987;10;29;Calgary Cowboys Arena;0;25;10;0;0;0;0;0;0;0;0;0;0;0;0;;;;0;0;0;0;0;0;0;0;0;0;0;0;0;0;0;0;0;0;0;0;0;0;0;0;Regular Season;0;0;0;0;0;0;0;0;0;0
42210;1987;10;29;Rexall Place;0;23;279;0;0;0;0;0;0;0;0;0;0;0;0;;;;0;0;0;0;0;0;0;0;0;0;0;0;0;0;0;0;0;0;0;0;0;0;0;0;Regular Season;0;0;0;0;0;0;0;0;0;0
42108;1987;10;29;The Cage;0;5;15;0;0;0;0;0;0;0;0;0;0;0;0;;;;0;0;0;0;0;0;0;0;0;0;0;0;0;0;0;0;0;0;0;0;0;0;0;0;Regular Season;0;0;0;0;0;0;0;0;0;0
42186;1987;10;29;Tokyo University Arena;0;17;20;0;0;0;0;0;0;0;0;0;0;0;0;;;;0;0;0;0;0;0;0;0;0;0;0;0;0;0;0;0;0;0;0;0;0;0;0;0;Regular Season;0;0;0;0;0;0;0;0;0;0
42217;1987;10;30;Mytischi Atlanti Mytischi Atlanti Arena;0;11;24;0;0;0;0;0;0;0;0;0;0;0;0;;;;0;0;0;0;0;0;0;0;0;0;0;0;0;0;0;0;0;0;0;0;0;0;0;0;Regular Season;0;0;0;0;0;0;0;0;0;0
42928;1987;10;30;Allen County War Memorial Coliseum;0;26;3;0;0;0;0;0;0;0;0;0;0;0;0;;;;0;0;0;0;0;0;0;0;0;0;0;0;0;0;0;0;0;0;0;0;0;0;0;0;Regular Season;0;0;0;0;0;0;0;0;0;0
42154;1987;10;30;Rexall Place;0;23;278;0;0;0;0;0;0;0;0;0;0;0;0;;;;0;0;0;0;0;0;0;0;0;0;0;0;0;0;0;0;0;0;0;0;0;0;0;0;Regular Season;0;0;0;0;0;0;0;0;0;0
42117;1987;10;30;The Cage;0;5;12;0;0;0;0;0;0;0;0;0;0;0;0;;;;0;0;0;0;0;0;0;0;0;0;0;0;0;0;0;0;0;0;0;0;0;0;0;0;Regular Season;0;0;0;0;0;0;0;0;0;0
42160;1987;10;30;The Coop;0;22;9;0;0;0;0;0;0;0;0;0;0;0;0;;;;0;0;0;0;0;0;0;0;0;0;0;0;0;0;0;0;0;0;0;0;0;0;0;0;Regular Season;0;0;0;0;0;0;0;0;0;0
42097;1987;10;30;Victoria Memorial Arena;0;16;21;0;0;0;0;0;0;0;0;0;0;0;0;;;;0;0;0;0;0;0;0;0;0;0;0;0;0;0;0;0;0;0;0;0;0;0;0;0;Regular Season;0;0;0;0;0;0;0;0;0;0
42153;1987;10;30;Chicago Stadium;0;8;10;0;0;0;0;0;0;0;0;0;0;0;0;;;;0;0;0;0;0;0;0;0;0;0;0;0;0;0;0;0;0;0;0;0;0;0;0;0;Regular Season;0;0;0;0;0;0;0;0;0;0
42491;1987;10;31;Langley Events Centre;0;280;3;0;0;0;0;0;0;0;0;0;0;0;0;;;;0;0;0;0;0;0;0;0;0;0;0;0;0;0;0;0;0;0;0;0;0;0;0;0;Regular Season;0;0;0;0;0;0;0;0;0;0
42307;1987;10;31;Victoria Memorial Arena;0;16;279;0;0;0;0;0;0;0;0;0;0;0;0;;;;0;0;0;0;0;0;0;0;0;0;0;0;0;0;0;0;0;0;0;0;0;0;0;0;Regular Season;0;0;0;0;0;0;0;0;0;0
42125;1987;11;1;The Cage;0;5;280;0;0;0;0;0;0;0;0;0;0;0;0;;;;0;0;0;0;0;0;0;0;0;0;0;0;0;0;0;0;0;0;0;0;0;0;0;0;Regular Season;0;0;0;0;0;0;0;0;0;0
42120;1987;11;1;Pittsburgh Civic Arena;0;15;23;0;0;0;0;0;0;0;0;0;0;0;0;;;;0;0;0;0;0;0;0;0;0;0;0;0;0;0;0;0;0;0;0;0;0;0;0;0;Regular Season;0;0;0;0;0;0;0;0;0;0
42394;1987;11;1;Finnish Arena;0;12;0;0;0;0;0;0;0;0;0;0;0;0;0;;;;0;0;0;0;0;0;0;0;0;0;0;0;0;0;0;0;0;0;0;0;0;0;0;0;Regular Season;0;0;0;0;0;0;0;0;0;0
42198;1987;11;1;Wembley Arena;0;14;25;0;0;0;0;0;0;0;0;0;0;0;0;;;;0;0;0;0;0;0;0;0;0;0;0;0;0;0;0;0;0;0;0;0;0;0;0;0;Regular Season;0;0;0;0;0;0;0;0;0;0
42288;1987;11;1;Maple Leaf Gardens;0;18;20;0;0;0;0;0;0;0;0;0;0;0;0;;;;0;0;0;0;0;0;0;0;0;0;0;0;0;0;0;0;0;0;0;0;0;0;0;0;Regular Season;0;0;0;0;0;0;0;0;0;0
42221;1987;11;1;Moncton Coliseum;0;10;9;0;0;0;0;0;0;0;0;0;0;0;0;;;;0;0;0;0;0;0;0;0;0;0;0;0;0;0;0;0;0;0;0;0;0;0;0;0;Regular Season;0;0;0;0;0;0;0;0;0;0
42173;1987;11;1;Chicago Stadium;0;8;22;0;0;0;0;0;0;0;0;0;0;0;0;;;;0;0;0;0;0;0;0;0;0;0;0;0;0;0;0;0;0;0;0;0;0;0;0;0;Regular Season;0;0;0;0;0;0;0;0;0;0
42175;1987;11;1; Arena;0;278;19;0;0;0;0;0;0;0;0;0;0;0;0;;;;0;0;0;0;0;0;0;0;0;0;0;0;0;0;0;0;0;0;0;0;0;0;0;0;Regular Season;0;0;0;0;0;0;0;0;0;0
42294;1987;11;2;Scotiabank Centre;0;9;0;0;0;0;0;0;0;0;0;0;0;0;0;;;;0;0;0;0;0;0;0;0;0;0;0;0;0;0;0;0;0;0;0;0;0;0;0;0;Regular Season;0;0;0;0;0;0;0;0;0;0
42128;1987;11;2;Bell Centre;0;20;21;0;0;0;0;0;0;0;0;0;0;0;0;;;;0;0;0;0;0;0;0;0;0;0;0;0;0;0;0;0;0;0;0;0;0;0;0;0;Regular Season;0;0;0;0;0;0;0;0;0;0
42131;1987;11;2;City Park Hockey Stadium;0;19;24;0;0;0;0;0;0;0;0;0;0;0;0;;;;0;0;0;0;0;0;0;0;0;0;0;0;0;0;0;0;0;0;0;0;0;0;0;0;Regular Season;0;0;0;0;0;0;0;0;0;0
42115;1987;11;2;Maple Leaf Gardens;0;3;16;0;0;0;0;0;0;0;0;0;0;0;0;;;;0;0;0;0;0;0;0;0;0;0;0;0;0;0;0;0;0;0;0;0;0;0;0;0;Regular Season;0;0;0;0;0;0;0;0;0;0
42112;1987;11;2;Rexall Place;0;23;15;0;0;0;0;0;0;0;0;0;0;0;0;;;;0;0;0;0;0;0;0;0;0;0;0;0;0;0;0;0;0;0;0;0;0;0;0;0;Regular Season;0;0;0;0;0;0;0;0;0;0
42218;1987;11;2;Mytischi Atlanti Mytischi Atlanti Arena;0;11;279;0;0;0;0;0;0;0;0;0;0;0;0;;;;0;0;0;0;0;0;0;0;0;0;0;0;0;0;0;0;0;0;0;0;0;0;0;0;Regular Season;0;0;0;0;0;0;0;0;0;0
42195;1987;11;2;Maple Leaf Gardens;0;18;17;0;0;0;0;0;0;0;0;0;0;0;0;;;;0;0;0;0;0;0;0;0;0;0;0;0;0;0;0;0;0;0;0;0;0;0;0;0;Regular Season;0;0;0;0;0;0;0;0;0;0
42087;1987;11;2;Allen County War Memorial Coliseum;0;26;10;0;0;0;0;0;0;0;0;0;0;0;0;;;;0;0;0;0;0;0;0;0;0;0;0;0;0;0;0;0;0;0;0;0;0;0;0;0;Regular Season;0;0;0;0;0;0;0;0;0;0
42150;1987;11;2;The Cage;0;5;8;0;0;0;0;0;0;0;0;0;0;0;0;;;;0;0;0;0;0;0;0;0;0;0;0;0;0;0;0;0;0;0;0;0;0;0;0;0;Regular Season;0;0;0;0;0;0;0;0;0;0
42277;1987;11;3;Wembley Arena;0;14;24;0;0;0;0;0;0;0;0;0;0;0;0;;;;0;0;0;0;0;0;0;0;0;0;0;0;0;0;0;0;0;0;0;0;0;0;0;0;Regular Season;0;0;0;0;0;0;0;0;0;0
42155;1987;11;3; Arena;0;278;25;0;0;0;0;0;0;0;0;0;0;0;0;;;;0;0;0;0;0;0;0;0;0;0;0;0;0;0;0;0;0;0;0;0;0;0;0;0;Regular Season;0;0;0;0;0;0;0;0;0;0
42893;1987;11;4;The Cage;0;5;23;0;0;0;0;0;0;0;0;0;0;0;0;;;;0;0;0;0;0;0;0;0;0;0;0;0;0;0;0;0;0;0;0;0;0;0;0;0;Regular Season;0;0;0;0;0;0;0;0;0;0
42226;1987;11;4;Mytischi Atlanti Mytischi Atlanti Arena;0;11;279;0;0;0;0;0;0;0;0;0;0;0;0;;;;0;0;0;0;0;0;0;0;0;0;0;0;0;0;0;0;0;0;0;0;0;0;0;0;Regular Season;0;0;0;0;0;0;0;0;0;0
42156;1987;11;4;Langley Events Centre;0;280;19;0;0;0;0;0;0;0;0;0;0;0;0;;;;0;0;0;0;0;0;0;0;0;0;0;0;0;0;0;0;0;0;0;0;0;0;0;0;Regular Season;0;0;0;0;0;0;0;0;0;0
42088;1987;11;4;Allen County War Memorial Coliseum;0;26;15;0;0;0;0;0;0;0;0;0;0;0;0;;;;0;0;0;0;0;0;0;0;0;0;0;0;0;0;0;0;0;0;0;0;0;0;0;0;Regular Season;0;0;0;0;0;0;0;0;0;0
42194;1987;11;4;Chicago Stadium;0;8;18;0;0;0;0;0;0;0;0;0;0;0;0;;;;0;0;0;0;0;0;0;0;0;0;0;0;0;0;0;0;0;0;0;0;0;0;0;0;Regular Season;0;0;0;0;0;0;0;0;0;0
42135;1987;11;4;Miami Arena;0;21;0;0;0;0;0;0;0;0;0;0;0;0;0;;;;0;0;0;0;0;0;0;0;0;0;0;0;0;0;0;0;0;0;0;0;0;0;0;0;Regular Season;0;0;0;0;0;0;0;0;0;0
42141;1987;11;4;Victoria Memorial Arena;0;16;17;0;0;0;0;0;0;0;0;0;0;0;0;;;;0;0;0;0;0;0;0;0;0;0;0;0;0;0;0;0;0;0;0;0;0;0;0;0;Regular Season;0;0;0;0;0;0;0;0;0;0
42215;1987;11;4;The Coop;0;22;12;0;0;0;0;0;0;0;0;0;0;0;0;;;;0;0;0;0;0;0;0;0;0;0;0;0;0;0;0;0;0;0;0;0;0;0;0;0;Regular Season;0;0;0;0;0;0;0;0;0;0
42188;1987;11;4;Scotiabank Centre;0;9;3;0;0;0;0;0;0;0;0;0;0;0;0;;;;0;0;0;0;0;0;0;0;0;0;0;0;0;0;0;0;0;0;0;0;0;0;0;0;Regular Season;0;0;0;0;0;0;0;0;0;0
42400;1987;11;5;Pittsburgh Civic Arena;0;15;0;0;0;0;0;0;0;0;0;0;0;0;0;;;;0;0;0;0;0;0;0;0;0;0;0;0;0;0;0;0;0;0;0;0;0;0;0;0;Regular Season;0;0;0;0;0;0;0;0;0;0
42436;1987;11;5;Bell Centre;0;20;12;0;0;0;0;0;0;0;0;0;0;0;0;;;;0;0;0;0;0;0;0;0;0;0;0;0;0;0;0;0;0;0;0;0;0;0;0;0;Regular Season;0;0;0;0;0;0;0;0;0;0
42146;1987;11;5;Miami Arena;0;21;16;0;0;0;0;0;0;0;0;0;0;0;0;;;;0;0;0;0;0;0;0;0;0;0;0;0;0;0;0;0;0;0;0;0;0;0;0;0;Regular Season;0;0;0;0;0;0;0;0;0;0
42279;1987;11;5;Moncton Coliseum;0;10;279;0;0;0;0;0;0;0;0;0;0;0;0;;;;0;0;0;0;0;0;0;0;0;0;0;0;0;0;0;0;0;0;0;0;0;0;0;0;Regular Season;0;0;0;0;0;0;0;0;0;0
42208;1987;11;5;The Coop;0;22;3;0;0;0;0;0;0;0;0;0;0;0;0;;;;0;0;0;0;0;0;0;0;0;0;0;0;0;0;0;0;0;0;0;0;0;0;0;0;Regular Season;0;0;0;0;0;0;0;0;0;0
42201;1987;11;5;Calgary Cowboys Arena;0;25;280;0;0;0;0;0;0;0;0;0;0;0;0;;;;0;0;0;0;0;0;0;0;0;0;0;0;0;0;0;0;0;0;0;0;0;0;0;0;Regular Season;0;0;0;0;0;0;0;0;0;0
42898;1987;11;5;Maple Leaf Gardens;0;18;8;0;0;0;0;0;0;0;0;0;0;0;0;;;;0;0;0;0;0;0;0;0;0;0;0;0;0;0;0;0;0;0;0;0;0;0;0;0;Regular Season;0;0;0;0;0;0;0;0;0;0
42249;1987;11;6;Rexall Place;0;23;11;0;0;0;0;0;0;0;0;0;0;0;0;;;;0;0;0;0;0;0;0;0;0;0;0;0;0;0;0;0;0;0;0;0;0;0;0;0;Regular Season;0;0;0;0;0;0;0;0;0;0
42102;1987;11;6;Allen County War Memorial Coliseum;0;26;278;0;0;0;0;0;0;0;0;0;0;0;0;;;;0;0;0;0;0;0;0;0;0;0;0;0;0;0;0;0;0;0;0;0;0;0;0;0;Regular Season;0;0;0;0;0;0;0;0;0;0
42148;1987;11;6;Tokyo University Arena;0;17;5;0;0;0;0;0;0;0;0;0;0;0;0;;;;0;0;0;0;0;0;0;0;0;0;0;0;0;0;0;0;0;0;0;0;0;0;0;0;Regular Season;0;0;0;0;0;0;0;0;0;0
42899;1987;11;7;Cross Insurance Arena;0;279;16;0;0;0;0;0;0;0;0;0;0;0;0;;;;0;0;0;0;0;0;0;0;0;0;0;0;0;0;0;0;0;0;0;0;0;0;0;0;Regular Season;0;0;0;0;0;0;0;0;0;0
42330;1987;11;7;Wembley Arena;0;14;24;0;0;0;0;0;0;0;0;0;0;0;0;;;;0;0;0;0;0;0;0;0;0;0;0;0;0;0;0;0;0;0;0;0;0;0;0;0;Regular Season;0;0;0;0;0;0;0;0;0;0
42179;1987;11;8;Wembley Arena;0;14;19;0;0;0;0;0;0;0;0;0;0;0;0;;;;0;0;0;0;0;0;0;0;0;0;0;0;0;0;0;0;0;0;0;0;0;0;0;0;Regular Season;0;0;0;0;0;0;0;0;0;0
42202;1987;11;8;Finnish Arena;0;12;25;0;0;0;0;0;0;0;0;0;0;0;0;;;;0;0;0;0;0;0;0;0;0;0;0;0;0;0;0;0;0;0;0;0;0;0;0;0;Regular Season;0;0;0;0;0;0;0;0;0;0
42161;1987;11;8;The Cage;0;5;22;0;0;0;0;0;0;0;0;0;0;0;0;;;;0;0;0;0;0;0;0;0;0;0;0;0;0;0;0;0;0;0;0;0;0;0;0;0;Regular Season;0;0;0;0;0;0;0;0;0;0
42264;1987;11;8;Chicago Stadium;0;8;3;0;0;0;0;0;0;0;0;0;0;0;0;;;;0;0;0;0;0;0;0;0;0;0;0;0;0;0;0;0;0;0;0;0;0;0;0;0;Regular Season;0;0;0;0;0;0;0;0;0;0
42406;1987;11;9;Wichita Wind Arena;0;0;12;0;0;0;0;0;0;0;0;0;0;0;0;;;;0;0;0;0;0;0;0;0;0;0;0;0;0;0;0;0;0;0;0;0;0;0;0;0;Regular Season;0;0;0;0;0;0;0;0;0;0
42189;1987;11;9;City Park Hockey Stadium;0;19;3;0;0;0;0;0;0;0;0;0;0;0;0;;;;0;0;0;0;0;0;0;0;0;0;0;0;0;0;0;0;0;0;0;0;0;0;0;0;Regular Season;0;0;0;0;0;0;0;0;0;0
42159;1987;11;9;Victoria Memorial Arena;0;16;22;0;0;0;0;0;0;0;0;0;0;0;0;;;;0;0;0;0;0;0;0;0;0;0;0;0;0;0;0;0;0;0;0;0;0;0;0;0;Regular Season;0;0;0;0;0;0;0;0;0;0
42192;1987;11;9;The Cage;0;5;9;0;0;0;0;0;0;0;0;0;0;0;0;;;;0;0;0;0;0;0;0;0;0;0;0;0;0;0;0;0;0;0;0;0;0;0;0;0;Regular Season;0;0;0;0;0;0;0;0;0;0
42321;1987;11;9;Bell Centre;0;20;18;0;0;0;0;0;0;0;0;0;0;0;0;;;;0;0;0;0;0;0;0;0;0;0;0;0;0;0;0;0;0;0;0;0;0;0;0;0;Regular Season;0;0;0;0;0;0;0;0;0;0
42211;1987;11;9; Arena;0;278;23;0;0;0;0;0;0;0;0;0;0;0;0;;;;0;0;0;0;0;0;0;0;0;0;0;0;0;0;0;0;0;0;0;0;0;0;0;0;Regular Season;0;0;0;0;0;0;0;0;0;0
42207;1987;11;9;Langley Events Centre;0;280;17;0;0;0;0;0;0;0;0;0;0;0;0;;;;0;0;0;0;0;0;0;0;0;0;0;0;0;0;0;0;0;0;0;0;0;0;0;0;Regular Season;0;0;0;0;0;0;0;0;0;0
42204;1987;11;9;Mytischi Atlanti Mytischi Atlanti Arena;0;11;25;0;0;0;0;0;0;0;0;0;0;0;0;;;;0;0;0;0;0;0;0;0;0;0;0;0;0;0;0;0;0;0;0;0;0;0;0;0;Regular Season;0;0;0;0;0;0;0;0;0;0
42151;1987;11;9;Pittsburgh Civic Arena;0;15;279;0;0;0;0;0;0;0;0;0;0;0;0;;;;0;0;0;0;0;0;0;0;0;0;0;0;0;0;0;0;0;0;0;0;0;0;0;0;Regular Season;0;0;0;0;0;0;0;0;0;0
42104;1987;11;9;Colisée de Trois-Rivières;0;24;26;0;0;0;0;0;0;0;0;0;0;0;0;;;;0;0;0;0;0;0;0;0;0;0;0;0;0;0;0;0;0;0;0;0;0;0;0;0;Regular Season;0;0;0;0;0;0;0;0;0;0
42113;1987;11;10;Allen County War Memorial Coliseum;0;26;10;0;0;0;0;0;0;0;0;0;0;0;0;;;;0;0;0;0;0;0;0;0;0;0;0;0;0;0;0;0;0;0;0;0;0;0;0;0;Regular Season;0;0;0;0;0;0;0;0;0;0
42289;1987;11;10;Cross Insurance Arena;0;279;11;0;0;0;0;0;0;0;0;0;0;0;0;;;;0;0;0;0;0;0;0;0;0;0;0;0;0;0;0;0;0;0;0;0;0;0;0;0;Regular Season;0;0;0;0;0;0;0;0;0;0
42506;1987;11;10;Bell Centre;0;20;14;0;0;0;0;0;0;0;0;0;0;0;0;;;;0;0;0;0;0;0;0;0;0;0;0;0;0;0;0;0;0;0;0;0;0;0;0;0;Regular Season;0;0;0;0;0;0;0;0;0;0
42165;1987;11;10;Miami Arena;0;21;8;0;0;0;0;0;0;0;0;0;0;0;0;;;;0;0;0;0;0;0;0;0;0;0;0;0;0;0;0;0;0;0;0;0;0;0;0;0;Regular Season;0;0;0;0;0;0;0;0;0;0
42143;1987;11;10;Colisée de Trois-Rivières;0;24;15;0;0;0;0;0;0;0;0;0;0;0;0;;;;0;0;0;0;0;0;0;0;0;0;0;0;0;0;0;0;0;0;0;0;0;0;0;0;Regular Season;0;0;0;0;0;0;0;0;0;0
42223;1987;11;11;Tokyo University Arena;0;17;23;0;0;0;0;0;0;0;0;0;0;0;0;;;;0;0;0;0;0;0;0;0;0;0;0;0;0;0;0;0;0;0;0;0;0;0;0;0;Regular Season;0;0;0;0;0;0;0;0;0;0
42169;1987;11;11;Scotiabank Centre;0;9;16;0;0;0;0;0;0;0;0;0;0;0;0;;;;0;0;0;0;0;0;0;0;0;0;0;0;0;0;0;0;0;0;0;0;0;0;0;0;Regular Season;0;0;0;0;0;0;0;0;0;0
42184;1987;11;11;Moncton Coliseum;0;10;278;0;0;0;0;0;0;0;0;0;0;0;0;;;;0;0;0;0;0;0;0;0;0;0;0;0;0;0;0;0;0;0;0;0;0;0;0;0;Regular Season;0;0;0;0;0;0;0;0;0;0
42149;1987;11;11;Chicago Stadium;0;8;21;0;0;0;0;0;0;0;0;0;0;0;0;;;;0;0;0;0;0;0;0;0;0;0;0;0;0;0;0;0;0;0;0;0;0;0;0;0;Regular Season;0;0;0;0;0;0;0;0;0;0
42662;1987;11;11;Finnish Arena;0;12;5;0;0;0;0;0;0;0;0;0;0;0;0;;;;0;0;0;0;0;0;0;0;0;0;0;0;0;0;0;0;0;0;0;0;0;0;0;0;Regular Season;0;0;0;0;0;0;0;0;0;0
42345;1987;11;11;Wichita Wind Arena;0;0;3;0;0;0;0;0;0;0;0;0;0;0;0;;;;0;0;0;0;0;0;0;0;0;0;0;0;0;0;0;0;0;0;0;0;0;0;0;0;Regular Season;0;0;0;0;0;0;0;0;0;0
42363;1987;11;12;Wichita Wind Arena;0;0;24;0;0;0;0;0;0;0;0;0;0;0;0;;;;0;0;0;0;0;0;0;0;0;0;0;0;0;0;0;0;0;0;0;0;0;0;0;0;Regular Season;0;0;0;0;0;0;0;0;0;0
42313;1987;11;12;Mytischi Atlanti Mytischi Atlanti Arena;0;11;9;0;0;0;0;0;0;0;0;0;0;0;0;;;;0;0;0;0;0;0;0;0;0;0;0;0;0;0;0;0;0;0;0;0;0;0;0;0;Regular Season;0;0;0;0;0;0;0;0;0;0
42885;1987;11;12;City Park Hockey Stadium;0;19;279;0;0;0;0;0;0;0;0;0;0;0;0;;;;0;0;0;0;0;0;0;0;0;0;0;0;0;0;0;0;0;0;0;0;0;0;0;0;Regular Season;0;0;0;0;0;0;0;0;0;0
42864;1987;11;12;Maple Leaf Gardens;0;3;22;0;0;0;0;0;0;0;0;0;0;0;0;;;;0;0;0;0;0;0;0;0;0;0;0;0;0;0;0;0;0;0;0;0;0;0;0;0;Regular Season;0;0;0;0;0;0;0;0;0;0
42167;1987;11;12;Pittsburgh Civic Arena;0;15;14;0;0;0;0;0;0;0;0;0;0;0;0;;;;0;0;0;0;0;0;0;0;0;0;0;0;0;0;0;0;0;0;0;0;0;0;0;0;Regular Season;0;0;0;0;0;0;0;0;0;0
42805;1987;11;12;Bell Centre;0;20;18;0;0;0;0;0;0;0;0;0;0;0;0;;;;0;0;0;0;0;0;0;0;0;0;0;0;0;0;0;0;0;0;0;0;0;0;0;0;Regular Season;0;0;0;0;0;0;0;0;0;0
42126;1987;11;12;Allen County War Memorial Coliseum;0;26;280;0;0;0;0;0;0;0;0;0;0;0;0;;;;0;0;0;0;0;0;0;0;0;0;0;0;0;0;0;0;0;0;0;0;0;0;0;0;Regular Season;0;0;0;0;0;0;0;0;0;0
42316;1987;11;13;Cross Insurance Arena;0;279;18;0;0;0;0;0;0;0;0;0;0;0;0;;;;0;0;0;0;0;0;0;0;0;0;0;0;0;0;0;0;0;0;0;0;0;0;0;0;Regular Season;0;0;0;0;0;0;0;0;0;0
42164;1987;11;13;The Coop;0;22;21;0;0;0;0;0;0;0;0;0;0;0;0;;;;0;0;0;0;0;0;0;0;0;0;0;0;0;0;0;0;0;0;0;0;0;0;0;0;Regular Season;0;0;0;0;0;0;0;0;0;0
42243;1987;11;13;Rexall Place;0;23;25;0;0;0;0;0;0;0;0;0;0;0;0;;;;0;0;0;0;0;0;0;0;0;0;0;0;0;0;0;0;0;0;0;0;0;0;0;0;Regular Season;0;0;0;0;0;0;0;0;0;0
42256;1987;11;13;Finnish Arena;0;12;280;0;0;0;0;0;0;0;0;0;0;0;0;;;;0;0;0;0;0;0;0;0;0;0;0;0;0;0;0;0;0;0;0;0;0;0;0;0;Regular Season;0;0;0;0;0;0;0;0;0;0
42182;1987;11;13;The Cage;0;5;16;0;0;0;0;0;0;0;0;0;0;0;0;;;;0;0;0;0;0;0;0;0;0;0;0;0;0;0;0;0;0;0;0;0;0;0;0;0;Regular Season;0;0;0;0;0;0;0;0;0;0
42925;1987;11;13;Pittsburgh Civic Arena;0;15;11;0;0;0;0;0;0;0;0;0;0;0;0;;;;0;0;0;0;0;0;0;0;0;0;0;0;0;0;0;0;0;0;0;0;0;0;0;0;Regular Season;0;0;0;0;0;0;0;0;0;0
42187;1987;11;14;Moncton Coliseum;0;10;19;0;0;0;0;0;0;0;0;0;0;0;0;;;;0;0;0;0;0;0;0;0;0;0;0;0;0;0;0;0;0;0;0;0;0;0;0;0;Regular Season;0;0;0;0;0;0;0;0;0;0
42190;1987;11;14;Tokyo University Arena;0;17;278;0;0;0;0;0;0;0;0;0;0;0;0;;;;0;0;0;0;0;0;0;0;0;0;0;0;0;0;0;0;0;0;0;0;0;0;0;0;Regular Season;0;0;0;0;0;0;0;0;0;0
42227;1987;11;15;The Coop;0;22;10;0;0;0;0;0;0;0;0;0;0;0;0;;;;0;0;0;0;0;0;0;0;0;0;0;0;0;0;0;0;0;0;0;0;0;0;0;0;Regular Season;0;0;0;0;0;0;0;0;0;0
42180;1987;11;15;Cross Insurance Arena;0;279;15;0;0;0;0;0;0;0;0;0;0;0;0;;;;0;0;0;0;0;0;0;0;0;0;0;0;0;0;0;0;0;0;0;0;0;0;0;0;Regular Season;0;0;0;0;0;0;0;0;0;0
42191;1987;11;15;Maple Leaf Gardens;0;18;16;0;0;0;0;0;0;0;0;0;0;0;0;;;;0;0;0;0;0;0;0;0;0;0;0;0;0;0;0;0;0;0;0;0;0;0;0;0;Regular Season;0;0;0;0;0;0;0;0;0;0
42275;1987;11;15;Rexall Place;0;23;17;0;0;0;0;0;0;0;0;0;0;0;0;;;;0;0;0;0;0;0;0;0;0;0;0;0;0;0;0;0;0;0;0;0;0;0;0;0;Regular Season;0;0;0;0;0;0;0;0;0;0
42231;1987;11;15;Colisée de Trois-Rivières;0;24;5;0;0;0;0;0;0;0;0;0;0;0;0;;;;0;0;0;0;0;0;0;0;0;0;0;0;0;0;0;0;0;0;0;0;0;0;0;0;Regular Season;0;0;0;0;0;0;0;0;0;0
42254;1987;11;15;Mytischi Atlanti Mytischi Atlanti Arena;0;11;25;0;0;0;0;0;0;0;0;0;0;0;0;;;;0;0;0;0;0;0;0;0;0;0;0;0;0;0;0;0;0;0;0;0;0;0;0;0;Regular Season;0;0;0;0;0;0;0;0;0;0
42323;1987;11;15;Wichita Wind Arena;0;0;280;0;0;0;0;0;0;0;0;0;0;0;0;;;;0;0;0;0;0;0;0;0;0;0;0;0;0;0;0;0;0;0;0;0;0;0;0;0;Regular Season;0;0;0;0;0;0;0;0;0;0
42595;1987;11;16;Langley Events Centre;0;280;5;0;0;0;0;0;0;0;0;0;0;0;0;;;;0;0;0;0;0;0;0;0;0;0;0;0;0;0;0;0;0;0;0;0;0;0;0;0;Regular Season;0;0;0;0;0;0;0;0;0;0
42137;1987;11;16;The Coop;0;22;26;0;0;0;0;0;0;0;0;0;0;0;0;;;;0;0;0;0;0;0;0;0;0;0;0;0;0;0;0;0;0;0;0;0;0;0;0;0;Regular Season;0;0;0;0;0;0;0;0;0;0
42357;1987;11;16;Wembley Arena;0;14;3;0;0;0;0;0;0;0;0;0;0;0;0;;;;0;0;0;0;0;0;0;0;0;0;0;0;0;0;0;0;0;0;0;0;0;0;0;0;Regular Season;0;0;0;0;0;0;0;0;0;0
42435;1987;11;16;Wichita Wind Arena;0;0;12;0;0;0;0;0;0;0;0;0;0;0;0;;;;0;0;0;0;0;0;0;0;0;0;0;0;0;0;0;0;0;0;0;0;0;0;0;0;Regular Season;0;0;0;0;0;0;0;0;0;0
42174;1987;11;16;Chicago Stadium;0;8;21;0;0;0;0;0;0;0;0;0;0;0;0;;;;0;0;0;0;0;0;0;0;0;0;0;0;0;0;0;0;0;0;0;0;0;0;0;0;Regular Season;0;0;0;0;0;0;0;0;0;0
42200;1987;11;16;Scotiabank Centre;0;9;15;0;0;0;0;0;0;0;0;0;0;0;0;;;;0;0;0;0;0;0;0;0;0;0;0;0;0;0;0;0;0;0;0;0;0;0;0;0;Regular Season;0;0;0;0;0;0;0;0;0;0
42224;1987;11;16; Arena;0;278;24;0;0;0;0;0;0;0;0;0;0;0;0;;;;0;0;0;0;0;0;0;0;0;0;0;0;0;0;0;0;0;0;0;0;0;0;0;0;Regular Season;0;0;0;0;0;0;0;0;0;0
42193;1987;11;16;Bell Centre;0;20;16;0;0;0;0;0;0;0;0;0;0;0;0;;;;0;0;0;0;0;0;0;0;0;0;0;0;0;0;0;0;0;0;0;0;0;0;0;0;Regular Season;0;0;0;0;0;0;0;0;0;0
42257;1987;11;16;Rexall Place;0;23;11;0;0;0;0;0;0;0;0;0;0;0;0;;;;0;0;0;0;0;0;0;0;0;0;0;0;0;0;0;0;0;0;0;0;0;0;0;0;Regular Season;0;0;0;0;0;0;0;0;0;0
42233;1987;11;16;Cross Insurance Arena;0;279;19;0;0;0;0;0;0;0;0;0;0;0;0;;;;0;0;0;0;0;0;0;0;0;0;0;0;0;0;0;0;0;0;0;0;0;0;0;0;Regular Season;0;0;0;0;0;0;0;0;0;0
42310;1987;11;17; Arena;0;278;18;0;0;0;0;0;0;0;0;0;0;0;0;;;;0;0;0;0;0;0;0;0;0;0;0;0;0;0;0;0;0;0;0;0;0;0;0;0;Regular Season;0;0;0;0;0;0;0;0;0;0
42127;1987;11;17;Wembley Arena;0;14;26;0;0;0;0;0;0;0;0;0;0;0;0;;;;0;0;0;0;0;0;0;0;0;0;0;0;0;0;0;0;0;0;0;0;0;0;0;0;Regular Season;0;0;0;0;0;0;0;0;0;0
42213;1987;11;17;Bell Centre;0;20;19;0;0;0;0;0;0;0;0;0;0;0;0;;;;0;0;0;0;0;0;0;0;0;0;0;0;0;0;0;0;0;0;0;0;0;0;0;0;Regular Season;0;0;0;0;0;0;0;0;0;0
42212;1987;11;18;Moncton Coliseum;0;10;280;0;0;0;0;0;0;0;0;0;0;0;0;;;;0;0;0;0;0;0;0;0;0;0;0;0;0;0;0;0;0;0;0;0;0;0;0;0;Regular Season;0;0;0;0;0;0;0;0;0;0
42908;1987;11;18;Chicago Stadium;0;8;12;0;0;0;0;0;0;0;0;0;0;0;0;;;;0;0;0;0;0;0;0;0;0;0;0;0;0;0;0;0;0;0;0;0;0;0;0;0;Regular Season;0;0;0;0;0;0;0;0;0;0
42241;1987;11;18;Tokyo University Arena;0;17;16;0;0;0;0;0;0;0;0;0;0;0;0;;;;0;0;0;0;0;0;0;0;0;0;0;0;0;0;0;0;0;0;0;0;0;0;0;0;Regular Season;0;0;0;0;0;0;0;0;0;0
42216;1987;11;18;Calgary Cowboys Arena;0;25;15;0;0;0;0;0;0;0;0;0;0;0;0;;;;0;0;0;0;0;0;0;0;0;0;0;0;0;0;0;0;0;0;0;0;0;0;0;0;Regular Season;0;0;0;0;0;0;0;0;0;0
42230;1987;11;18;The Coop;0;22;18;0;0;0;0;0;0;0;0;0;0;0;0;;;;0;0;0;0;0;0;0;0;0;0;0;0;0;0;0;0;0;0;0;0;0;0;0;0;Regular Season;0;0;0;0;0;0;0;0;0;0
42181;1987;11;18;Rexall Place;0;23;21;0;0;0;0;0;0;0;0;0;0;0;0;;;;0;0;0;0;0;0;0;0;0;0;0;0;0;0;0;0;0;0;0;0;0;0;0;0;Regular Season;0;0;0;0;0;0;0;0;0;0
42245;1987;11;18;Scotiabank Centre;0;9;5;0;0;0;0;0;0;0;0;0;0;0;0;;;;0;0;0;0;0;0;0;0;0;0;0;0;0;0;0;0;0;0;0;0;0;0;0;0;Regular Season;0;0;0;0;0;0;0;0;0;0
42376;1987;11;19;Scotiabank Centre;0;9;0;0;0;0;0;0;0;0;0;0;0;0;0;;;;0;0;0;0;0;0;0;0;0;0;0;0;0;0;0;0;0;0;0;0;0;0;0;0;Regular Season;0;0;0;0;0;0;0;0;0;0
42242;1987;11;19;City Park Hockey Stadium;0;19;10;0;0;0;0;0;0;0;0;0;0;0;0;;;;0;0;0;0;0;0;0;0;0;0;0;0;0;0;0;0;0;0;0;0;0;0;0;0;Regular Season;0;0;0;0;0;0;0;0;0;0
42232;1987;11;19; Arena;0;278;279;0;0;0;0;0;0;0;0;0;0;0;0;;;;0;0;0;0;0;0;0;0;0;0;0;0;0;0;0;0;0;0;0;0;0;0;0;0;Regular Season;0;0;0;0;0;0;0;0;0;0
42199;1987;11;19;Maple Leaf Gardens;0;3;21;0;0;0;0;0;0;0;0;0;0;0;0;;;;0;0;0;0;0;0;0;0;0;0;0;0;0;0;0;0;0;0;0;0;0;0;0;0;Regular Season;0;0;0;0;0;0;0;0;0;0
42132;1987;11;19;Tokyo University Arena;0;17;26;0;0;0;0;0;0;0;0;0;0;0;0;;;;0;0;0;0;0;0;0;0;0;0;0;0;0;0;0;0;0;0;0;0;0;0;0;0;Regular Season;0;0;0;0;0;0;0;0;0;0
42309;1987;11;20;Maple Leaf Gardens;0;3;8;0;0;0;0;0;0;0;0;0;0;0;0;;;;0;0;0;0;0;0;0;0;0;0;0;0;0;0;0;0;0;0;0;0;0;0;0;0;Regular Season;0;0;0;0;0;0;0;0;0;0
42901;1987;11;20;City Park Hockey Stadium;0;19;16;0;0;0;0;0;0;0;0;0;0;0;0;;;;0;0;0;0;0;0;0;0;0;0;0;0;0;0;0;0;0;0;0;0;0;0;0;0;Regular Season;0;0;0;0;0;0;0;0;0;0
42304;1987;11;20;Colisée de Trois-Rivières;0;24;280;0;0;0;0;0;0;0;0;0;0;0;0;;;;0;0;0;0;0;0;0;0;0;0;0;0;0;0;0;0;0;0;0;0;0;0;0;0;Regular Season;0;0;0;0;0;0;0;0;0;0
42228;1987;11;20;Bell Centre;0;20;5;0;0;0;0;0;0;0;0;0;0;0;0;;;;0;0;0;0;0;0;0;0;0;0;0;0;0;0;0;0;0;0;0;0;0;0;0;0;Regular Season;0;0;0;0;0;0;0;0;0;0
42448;1987;11;20;Finnish Arena;0;12;14;0;0;0;0;0;0;0;0;0;0;0;0;;;;0;0;0;0;0;0;0;0;0;0;0;0;0;0;0;0;0;0;0;0;0;0;0;0;Regular Season;0;0;0;0;0;0;0;0;0;0
42268;1987;11;21;Calgary Cowboys Arena;0;25;11;0;0;0;0;0;0;0;0;0;0;0;0;;;;0;0;0;0;0;0;0;0;0;0;0;0;0;0;0;0;0;0;0;0;0;0;0;0;Regular Season;0;0;0;0;0;0;0;0;0;0
42915;1987;11;21;Scotiabank Centre;0;9;279;0;0;0;0;0;0;0;0;0;0;0;0;;;;0;0;0;0;0;0;0;0;0;0;0;0;0;0;0;0;0;0;0;0;0;0;0;0;Regular Season;0;0;0;0;0;0;0;0;0;0
42902;1987;11;22;Victoria Memorial Arena;0;16;280;0;0;0;0;0;0;0;0;0;0;0;0;;;;0;0;0;0;0;0;0;0;0;0;0;0;0;0;0;0;0;0;0;0;0;0;0;0;Regular Season;0;0;0;0;0;0;0;0;0;0
42235;1987;11;22;The Cage;0;5;21;0;0;0;0;0;0;0;0;0;0;0;0;;;;0;0;0;0;0;0;0;0;0;0;0;0;0;0;0;0;0;0;0;0;0;0;0;0;Regular Season;0;0;0;0;0;0;0;0;0;0
42924;1987;11;22;City Park Hockey Stadium;0;19;23;0;0;0;0;0;0;0;0;0;0;0;0;;;;0;0;0;0;0;0;0;0;0;0;0;0;0;0;0;0;0;0;0;0;0;0;0;0;Regular Season;0;0;0;0;0;0;0;0;0;0
42270;1987;11;22;The Coop;0;22;0;0;0;0;0;0;0;0;0;0;0;0;0;;;;0;0;0;0;0;0;0;0;0;0;0;0;0;0;0;0;0;0;0;0;0;0;0;0;Regular Season;0;0;0;0;0;0;0;0;0;0
42222;1987;11;22;Tokyo University Arena;0;17;15;0;0;0;0;0;0;0;0;0;0;0;0;;;;0;0;0;0;0;0;0;0;0;0;0;0;0;0;0;0;0;0;0;0;0;0;0;0;Regular Season;0;0;0;0;0;0;0;0;0;0
42441;1987;11;22;Cross Insurance Arena;0;279;12;0;0;0;0;0;0;0;0;0;0;0;0;;;;0;0;0;0;0;0;0;0;0;0;0;0;0;0;0;0;0;0;0;0;0;0;0;0;Regular Season;0;0;0;0;0;0;0;0;0;0
42777;1987;11;22;Maple Leaf Gardens;0;18;24;0;0;0;0;0;0;0;0;0;0;0;0;;;;0;0;0;0;0;0;0;0;0;0;0;0;0;0;0;0;0;0;0;0;0;0;0;0;Regular Season;0;0;0;0;0;0;0;0;0;0
42142;1987;11;22;Allen County War Memorial Coliseum;0;26;9;0;0;0;0;0;0;0;0;0;0;0;0;;;;0;0;0;0;0;0;0;0;0;0;0;0;0;0;0;0;0;0;0;0;0;0;0;0;Regular Season;0;0;0;0;0;0;0;0;0;0
42261;1987;11;23;Mytischi Atlanti Mytischi Atlanti Arena;0;11;5;0;0;0;0;0;0;0;0;0;0;0;0;;;;0;0;0;0;0;0;0;0;0;0;0;0;0;0;0;0;0;0;0;0;0;0;0;0;Regular Season;0;0;0;0;0;0;0;0;0;0
42229;1987;11;23;Pittsburgh Civic Arena;0;15;25;0;0;0;0;0;0;0;0;0;0;0;0;;;;0;0;0;0;0;0;0;0;0;0;0;0;0;0;0;0;0;0;0;0;0;0;0;0;Regular Season;0;0;0;0;0;0;0;0;0;0
42244;1987;11;23;Victoria Memorial Arena;0;16;8;0;0;0;0;0;0;0;0;0;0;0;0;;;;0;0;0;0;0;0;0;0;0;0;0;0;0;0;0;0;0;0;0;0;0;0;0;0;Regular Season;0;0;0;0;0;0;0;0;0;0
42247;1987;11;23;Tokyo University Arena;0;17;20;0;0;0;0;0;0;0;0;0;0;0;0;;;;0;0;0;0;0;0;0;0;0;0;0;0;0;0;0;0;0;0;0;0;0;0;0;0;Regular Season;0;0;0;0;0;0;0;0;0;0
42251;1987;11;23;Moncton Coliseum;0;10;280;0;0;0;0;0;0;0;0;0;0;0;0;;;;0;0;0;0;0;0;0;0;0;0;0;0;0;0;0;0;0;0;0;0;0;0;0;0;Regular Season;0;0;0;0;0;0;0;0;0;0
42369;1987;11;23;Wembley Arena;0;14;24;0;0;0;0;0;0;0;0;0;0;0;0;;;;0;0;0;0;0;0;0;0;0;0;0;0;0;0;0;0;0;0;0;0;0;0;0;0;Regular Season;0;0;0;0;0;0;0;0;0;0
42205;1987;11;23;The Coop;0;22;19;0;0;0;0;0;0;0;0;0;0;0;0;;;;0;0;0;0;0;0;0;0;0;0;0;0;0;0;0;0;0;0;0;0;0;0;0;0;Regular Season;0;0;0;0;0;0;0;0;0;0
42291;1987;11;23;Finnish Arena;0;12;23;0;0;0;0;0;0;0;0;0;0;0;0;;;;0;0;0;0;0;0;0;0;0;0;0;0;0;0;0;0;0;0;0;0;0;0;0;0;Regular Season;0;0;0;0;0;0;0;0;0;0
42240;1987;11;23;Miami Arena;0;21;18;0;0;0;0;0;0;0;0;0;0;0;0;;;;0;0;0;0;0;0;0;0;0;0;0;0;0;0;0;0;0;0;0;0;0;0;0;0;Regular Season;0;0;0;0;0;0;0;0;0;0
42322;1987;11;25;City Park Hockey Stadium;0;19;24;0;0;0;0;0;0;0;0;0;0;0;0;;;;0;0;0;0;0;0;0;0;0;0;0;0;0;0;0;0;0;0;0;0;0;0;0;0;Regular Season;0;0;0;0;0;0;0;0;0;0
42300;1987;11;25;Maple Leaf Gardens;0;18;11;0;0;0;0;0;0;0;0;0;0;0;0;;;;0;0;0;0;0;0;0;0;0;0;0;0;0;0;0;0;0;0;0;0;0;0;0;0;Regular Season;0;0;0;0;0;0;0;0;0;0
42475;1987;11;25;Wichita Wind Arena;0;0;14;0;0;0;0;0;0;0;0;0;0;0;0;;;;0;0;0;0;0;0;0;0;0;0;0;0;0;0;0;0;0;0;0;0;0;0;0;0;Regular Season;0;0;0;0;0;0;0;0;0;0
42239;1987;11;25;Pittsburgh Civic Arena;0;15;23;0;0;0;0;0;0;0;0;0;0;0;0;;;;0;0;0;0;0;0;0;0;0;0;0;0;0;0;0;0;0;0;0;0;0;0;0;0;Regular Season;0;0;0;0;0;0;0;0;0;0
42237;1987;11;25;The Coop;0;22;3;0;0;0;0;0;0;0;0;0;0;0;0;;;;0;0;0;0;0;0;0;0;0;0;0;0;0;0;0;0;0;0;0;0;0;0;0;0;Regular Season;0;0;0;0;0;0;0;0;0;0
42263;1987;11;25;Langley Events Centre;0;280;20;0;0;0;0;0;0;0;0;0;0;0;0;;;;0;0;0;0;0;0;0;0;0;0;0;0;0;0;0;0;0;0;0;0;0;0;0;0;Regular Season;0;0;0;0;0;0;0;0;0;0
42236;1987;11;25;Miami Arena;0;21;9;0;0;0;0;0;0;0;0;0;0;0;0;;;;0;0;0;0;0;0;0;0;0;0;0;0;0;0;0;0;0;0;0;0;0;0;0;0;Regular Season;0;0;0;0;0;0;0;0;0;0
42246;1987;11;25;Victoria Memorial Arena;0;16;17;0;0;0;0;0;0;0;0;0;0;0;0;;;;0;0;0;0;0;0;0;0;0;0;0;0;0;0;0;0;0;0;0;0;0;0;0;0;Regular Season;0;0;0;0;0;0;0;0;0;0
42271;1987;11;25;Calgary Cowboys Arena;0;25;278;0;0;0;0;0;0;0;0;0;0;0;0;;;;0;0;0;0;0;0;0;0;0;0;0;0;0;0;0;0;0;0;0;0;0;0;0;0;Regular Season;0;0;0;0;0;0;0;0;0;0
42253;1987;11;26;Victoria Memorial Arena;0;16;8;0;0;0;0;0;0;0;0;0;0;0;0;;;;0;0;0;0;0;0;0;0;0;0;0;0;0;0;0;0;0;0;0;0;0;0;0;0;Regular Season;0;0;0;0;0;0;0;0;0;0
42422;1987;11;26;Mytischi Atlanti Mytischi Atlanti Arena;0;11;18;0;0;0;0;0;0;0;0;0;0;0;0;;;;0;0;0;0;0;0;0;0;0;0;0;0;0;0;0;0;0;0;0;0;0;0;0;0;Regular Season;0;0;0;0;0;0;0;0;0;0
42274;1987;11;26;Calgary Cowboys Arena;0;25;9;0;0;0;0;0;0;0;0;0;0;0;0;;;;0;0;0;0;0;0;0;0;0;0;0;0;0;0;0;0;0;0;0;0;0;0;0;0;Regular Season;0;0;0;0;0;0;0;0;0;0
42303;1987;11;26;Wembley Arena;0;14;10;0;0;0;0;0;0;0;0;0;0;0;0;;;;0;0;0;0;0;0;0;0;0;0;0;0;0;0;0;0;0;0;0;0;0;0;0;0;Regular Season;0;0;0;0;0;0;0;0;0;0
42158;1987;11;26;Allen County War Memorial Coliseum;0;26;24;0;0;0;0;0;0;0;0;0;0;0;0;;;;0;0;0;0;0;0;0;0;0;0;0;0;0;0;0;0;0;0;0;0;0;0;0;0;Regular Season;0;0;0;0;0;0;0;0;0;0
42296;1987;11;26;Rexall Place;0;23;278;0;0;0;0;0;0;0;0;0;0;0;0;;;;0;0;0;0;0;0;0;0;0;0;0;0;0;0;0;0;0;0;0;0;0;0;0;0;Regular Season;0;0;0;0;0;0;0;0;0;0
42909;1987;11;26;Tokyo University Arena;0;17;12;0;0;0;0;0;0;0;0;0;0;0;0;;;;0;0;0;0;0;0;0;0;0;0;0;0;0;0;0;0;0;0;0;0;0;0;0;0;Regular Season;0;0;0;0;0;0;0;0;0;0
42305;1987;11;27;Chicago Stadium;0;8;20;0;0;0;0;0;0;0;0;0;0;0;0;;;;0;0;0;0;0;0;0;0;0;0;0;0;0;0;0;0;0;0;0;0;0;0;0;0;Regular Season;0;0;0;0;0;0;0;0;0;0
42258;1987;11;27;City Park Hockey Stadium;0;19;3;0;0;0;0;0;0;0;0;0;0;0;0;;;;0;0;0;0;0;0;0;0;0;0;0;0;0;0;0;0;0;0;0;0;0;0;0;0;Regular Season;0;0;0;0;0;0;0;0;0;0
42298;1987;11;28;Langley Events Centre;0;280;10;0;0;0;0;0;0;0;0;0;0;0;0;;;;0;0;0;0;0;0;0;0;0;0;0;0;0;0;0;0;0;0;0;0;0;0;0;0;Regular Season;0;0;0;0;0;0;0;0;0;0
42299;1987;11;28;The Cage;0;5;3;0;0;0;0;0;0;0;0;0;0;0;0;;;;0;0;0;0;0;0;0;0;0;0;0;0;0;0;0;0;0;0;0;0;0;0;0;0;Regular Season;0;0;0;0;0;0;0;0;0;0
42138;1987;11;28;Wichita Wind Arena;0;0;26;0;0;0;0;0;0;0;0;0;0;0;0;;;;0;0;0;0;0;0;0;0;0;0;0;0;0;0;0;0;0;0;0;0;0;0;0;0;Regular Season;0;0;0;0;0;0;0;0;0;0
42377;1987;11;28; Arena;0;278;12;0;0;0;0;0;0;0;0;0;0;0;0;;;;0;0;0;0;0;0;0;0;0;0;0;0;0;0;0;0;0;0;0;0;0;0;0;0;Regular Season;0;0;0;0;0;0;0;0;0;0
42162;1987;11;29;Wembley Arena;0;14;26;0;0;0;0;0;0;0;0;0;0;0;0;;;;0;0;0;0;0;0;0;0;0;0;0;0;0;0;0;0;0;0;0;0;0;0;0;0;Regular Season;0;0;0;0;0;0;0;0;0;0
42280;1987;11;29;City Park Hockey Stadium;0;19;20;0;0;0;0;0;0;0;0;0;0;0;0;;;;0;0;0;0;0;0;0;0;0;0;0;0;0;0;0;0;0;0;0;0;0;0;0;0;Regular Season;0;0;0;0;0;0;0;0;0;0
42306;1987;11;29;The Coop;0;22;9;0;0;0;0;0;0;0;0;0;0;0;0;;;;0;0;0;0;0;0;0;0;0;0;0;0;0;0;0;0;0;0;0;0;0;0;0;0;Regular Season;0;0;0;0;0;0;0;0;0;0
42287;1987;11;29;Maple Leaf Gardens;0;18;21;0;0;0;0;0;0;0;0;0;0;0;0;;;;0;0;0;0;0;0;0;0;0;0;0;0;0;0;0;0;0;0;0;0;0;0;0;0;Regular Season;0;0;0;0;0;0;0;0;0;0
42365;1987;11;29;Calgary Cowboys Arena;0;25;12;0;0;0;0;0;0;0;0;0;0;0;0;;;;0;0;0;0;0;0;0;0;0;0;0;0;0;0;0;0;0;0;0;0;0;0;0;0;Regular Season;0;0;0;0;0;0;0;0;0;0
42255;1987;11;30;Victoria Memorial Arena;0;16;15;0;0;0;0;0;0;0;0;0;0;0;0;;;;0;0;0;0;0;0;0;0;0;0;0;0;0;0;0;0;0;0;0;0;0;0;0;0;Regular Season;0;0;0;0;0;0;0;0;0;0
42356;1987;11;30;Langley Events Centre;0;280;14;0;0;0;0;0;0;0;0;0;0;0;0;;;;0;0;0;0;0;0;0;0;0;0;0;0;0;0;0;0;0;0;0;0;0;0;0;0;Regular Season;0;0;0;0;0;0;0;0;0;0
42283;1987;11;30;Maple Leaf Gardens;0;3;22;0;0;0;0;0;0;0;0;0;0;0;0;;;;0;0;0;0;0;0;0;0;0;0;0;0;0;0;0;0;0;0;0;0;0;0;0;0;Regular Season;0;0;0;0;0;0;0;0;0;0
42272;1987;11;30;Miami Arena;0;21;19;0;0;0;0;0;0;0;0;0;0;0;0;;;;0;0;0;0;0;0;0;0;0;0;0;0;0;0;0;0;0;0;0;0;0;0;0;0;Regular Season;0;0;0;0;0;0;0;0;0;0
42332;1987;11;30;The Cage;0;5;0;0;0;0;0;0;0;0;0;0;0;0;0;;;;0;0;0;0;0;0;0;0;0;0;0;0;0;0;0;0;0;0;0;0;0;0;0;0;Regular Season;0;0;0;0;0;0;0;0;0;0
42331;1987;11;30; Arena;0;278;25;0;0;0;0;0;0;0;0;0;0;0;0;;;;0;0;0;0;0;0;0;0;0;0;0;0;0;0;0;0;0;0;0;0;0;0;0;0;Regular Season;0;0;0;0;0;0;0;0;0;0
42318;1987;11;30;Chicago Stadium;0;8;18;0;0;0;0;0;0;0;0;0;0;0;0;;;;0;0;0;0;0;0;0;0;0;0;0;0;0;0;0;0;0;0;0;0;0;0;0;0;Regular Season;0;0;0;0;0;0;0;0;0;0
42391;1987;11;30;Colisée de Trois-Rivières;0;24;10;0;0;0;0;0;0;0;0;0;0;0;0;;;;0;0;0;0;0;0;0;0;0;0;0;0;0;0;0;0;0;0;0;0;0;0;0;0;Regular Season;0;0;0;0;0;0;0;0;0;0
42262;1987;11;30;Tokyo University Arena;0;17;20;0;0;0;0;0;0;0;0;0;0;0;0;;;;0;0;0;0;0;0;0;0;0;0;0;0;0;0;0;0;0;0;0;0;0;0;0;0;Regular Season;0;0;0;0;0;0;0;0;0;0
42446;1987;12;1;Rexall Place;0;23;8;0;0;0;0;0;0;0;0;0;0;0;0;;;;0;0;0;0;0;0;0;0;0;0;0;0;0;0;0;0;0;0;0;0;0;0;0;0;Regular Season;0;0;0;0;0;0;0;0;0;0
42267;1987;12;1;Mytischi Atlanti Mytischi Atlanti Arena;0;11;15;0;0;0;0;0;0;0;0;0;0;0;0;;;;0;0;0;0;0;0;0;0;0;0;0;0;0;0;0;0;0;0;0;0;0;0;0;0;Regular Season;0;0;0;0;0;0;0;0;0;0
42373;1987;12;2;Scotiabank Centre;0;9;24;0;0;0;0;0;0;0;0;0;0;0;0;;;;0;0;0;0;0;0;0;0;0;0;0;0;0;0;0;0;0;0;0;0;0;0;0;0;Regular Season;0;0;0;0;0;0;0;0;0;0
42325;1987;12;2; Arena;0;278;23;0;0;0;0;0;0;0;0;0;0;0;0;;;;0;0;0;0;0;0;0;0;0;0;0;0;0;0;0;0;0;0;0;0;0;0;0;0;Regular Season;0;0;0;0;0;0;0;0;0;0
42364;1987;12;2;Wichita Wind Arena;0;0;10;0;0;0;0;0;0;0;0;0;0;0;0;;;;0;0;0;0;0;0;0;0;0;0;0;0;0;0;0;0;0;0;0;0;0;0;0;0;Regular Season;0;0;0;0;0;0;0;0;0;0
42340;1987;12;2;Finnish Arena;0;12;5;0;0;0;0;0;0;0;0;0;0;0;0;;;;0;0;0;0;0;0;0;0;0;0;0;0;0;0;0;0;0;0;0;0;0;0;0;0;Regular Season;0;0;0;0;0;0;0;0;0;0
42203;1987;12;2;Allen County War Memorial Coliseum;0;26;21;0;0;0;0;0;0;0;0;0;0;0;0;;;;0;0;0;0;0;0;0;0;0;0;0;0;0;0;0;0;0;0;0;0;0;0;0;0;Regular Season;0;0;0;0;0;0;0;0;0;0
42311;1987;12;2;The Coop;0;22;14;0;0;0;0;0;0;0;0;0;0;0;0;;;;0;0;0;0;0;0;0;0;0;0;0;0;0;0;0;0;0;0;0;0;0;0;0;0;Regular Season;0;0;0;0;0;0;0;0;0;0
42266;1987;12;2;Tokyo University Arena;0;17;16;0;0;0;0;0;0;0;0;0;0;0;0;;;;0;0;0;0;0;0;0;0;0;0;0;0;0;0;0;0;0;0;0;0;0;0;0;0;Regular Season;0;0;0;0;0;0;0;0;0;0
42302;1987;12;2;Bell Centre;0;20;25;0;0;0;0;0;0;0;0;0;0;0;0;;;;0;0;0;0;0;0;0;0;0;0;0;0;0;0;0;0;0;0;0;0;0;0;0;0;Regular Season;0;0;0;0;0;0;0;0;0;0
42348;1987;12;2;Cross Insurance Arena;0;279;3;0;0;0;0;0;0;0;0;0;0;0;0;;;;0;0;0;0;0;0;0;0;0;0;0;0;0;0;0;0;0;0;0;0;0;0;0;0;Regular Season;0;0;0;0;0;0;0;0;0;0
42360;1987;12;3;Wichita Wind Arena;0;0;9;0;0;0;0;0;0;0;0;0;0;0;0;;;;0;0;0;0;0;0;0;0;0;0;0;0;0;0;0;0;0;0;0;0;0;0;0;0;Regular Season;0;0;0;0;0;0;0;0;0;0
42361;1987;12;3;Langley Events Centre;0;280;24;0;0;0;0;0;0;0;0;0;0;0;0;;;;0;0;0;0;0;0;0;0;0;0;0;0;0;0;0;0;0;0;0;0;0;0;0;0;Regular Season;0;0;0;0;0;0;0;0;0;0
42326;1987;12;3;Maple Leaf Gardens;0;3;279;0;0;0;0;0;0;0;0;0;0;0;0;;;;0;0;0;0;0;0;0;0;0;0;0;0;0;0;0;0;0;0;0;0;0;0;0;0;Regular Season;0;0;0;0;0;0;0;0;0;0
42366;1987;12;3;Mytischi Atlanti Mytischi Atlanti Arena;0;11;19;0;0;0;0;0;0;0;0;0;0;0;0;;;;0;0;0;0;0;0;0;0;0;0;0;0;0;0;0;0;0;0;0;0;0;0;0;0;Regular Season;0;0;0;0;0;0;0;0;0;0
42855;1987;12;4; Arena;0;278;18;0;0;0;0;0;0;0;0;0;0;0;0;;;;0;0;0;0;0;0;0;0;0;0;0;0;0;0;0;0;0;0;0;0;0;0;0;0;Regular Season;0;0;0;0;0;0;0;0;0;0
42342;1987;12;4;Mytischi Atlanti Mytischi Atlanti Arena;0;11;8;0;0;0;0;0;0;0;0;0;0;0;0;;;;0;0;0;0;0;0;0;0;0;0;0;0;0;0;0;0;0;0;0;0;0;0;0;0;Regular Season;0;0;0;0;0;0;0;0;0;0
42260;1987;12;4;Tokyo University Arena;0;17;15;0;0;0;0;0;0;0;0;0;0;0;0;;;;0;0;0;0;0;0;0;0;0;0;0;0;0;0;0;0;0;0;0;0;0;0;0;0;Regular Season;0;0;0;0;0;0;0;0;0;0
42265;1987;12;4;Rexall Place;0;23;16;0;0;0;0;0;0;0;0;0;0;0;0;;;;0;0;0;0;0;0;0;0;0;0;0;0;0;0;0;0;0;0;0;0;0;0;0;0;Regular Season;0;0;0;0;0;0;0;0;0;0
42417;1987;12;5;Wembley Arena;0;14;9;0;0;0;0;0;0;0;0;0;0;0;0;;;;0;0;0;0;0;0;0;0;0;0;0;0;0;0;0;0;0;0;0;0;0;0;0;0;Regular Season;0;0;0;0;0;0;0;0;0;0
42368;1987;12;5;Langley Events Centre;0;280;10;0;0;0;0;0;0;0;0;0;0;0;0;;;;0;0;0;0;0;0;0;0;0;0;0;0;0;0;0;0;0;0;0;0;0;0;0;0;Regular Season;0;0;0;0;0;0;0;0;0;0
42185;1987;12;5;Allen County War Memorial Coliseum;0;26;5;0;0;0;0;0;0;0;0;0;0;0;0;;;;0;0;0;0;0;0;0;0;0;0;0;0;0;0;0;0;0;0;0;0;0;0;0;0;Regular Season;0;0;0;0;0;0;0;0;0;0
42858;1987;12;5;Finnish Arena;0;12;279;0;0;0;0;0;0;0;0;0;0;0;0;;;;0;0;0;0;0;0;0;0;0;0;0;0;0;0;0;0;0;0;0;0;0;0;0;0;Regular Season;0;0;0;0;0;0;0;0;0;0
42374;1987;12;6;Moncton Coliseum;0;10;19;0;0;0;0;0;0;0;0;0;0;0;0;;;;0;0;0;0;0;0;0;0;0;0;0;0;0;0;0;0;0;0;0;0;0;0;0;0;Regular Season;0;0;0;0;0;0;0;0;0;0
42248;1987;12;6;Miami Arena;0;21;20;0;0;0;0;0;0;0;0;0;0;0;0;;;;0;0;0;0;0;0;0;0;0;0;0;0;0;0;0;0;0;0;0;0;0;0;0;0;Regular Season;0;0;0;0;0;0;0;0;0;0
42292;1987;12;6;Chicago Stadium;0;8;17;0;0;0;0;0;0;0;0;0;0;0;0;;;;0;0;0;0;0;0;0;0;0;0;0;0;0;0;0;0;0;0;0;0;0;0;0;0;Regular Season;0;0;0;0;0;0;0;0;0;0
42206;1987;12;7;Wembley Arena;0;14;26;0;0;0;0;0;0;0;0;0;0;0;0;;;;0;0;0;0;0;0;0;0;0;0;0;0;0;0;0;0;0;0;0;0;0;0;0;0;Regular Season;0;0;0;0;0;0;0;0;0;0
42276;1987;12;7;Victoria Memorial Arena;0;16;20;0;0;0;0;0;0;0;0;0;0;0;0;;;;0;0;0;0;0;0;0;0;0;0;0;0;0;0;0;0;0;0;0;0;0;0;0;0;Regular Season;0;0;0;0;0;0;0;0;0;0
42341;1987;12;7;Cross Insurance Arena;0;279;22;0;0;0;0;0;0;0;0;0;0;0;0;;;;0;0;0;0;0;0;0;0;0;0;0;0;0;0;0;0;0;0;0;0;0;0;0;0;Regular Season;0;0;0;0;0;0;0;0;0;0
42293;1987;12;7;Wichita Wind Arena;0;0;15;0;0;0;0;0;0;0;0;0;0;0;0;;;;0;0;0;0;0;0;0;0;0;0;0;0;0;0;0;0;0;0;0;0;0;0;0;0;Regular Season;0;0;0;0;0;0;0;0;0;0
42378;1987;12;7;Mytischi Atlanti Mytischi Atlanti Arena;0;11;23;0;0;0;0;0;0;0;0;0;0;0;0;;;;0;0;0;0;0;0;0;0;0;0;0;0;0;0;0;0;0;0;0;0;0;0;0;0;Regular Season;0;0;0;0;0;0;0;0;0;0
42301;1987;12;7;Maple Leaf Gardens;0;3;17;0;0;0;0;0;0;0;0;0;0;0;0;;;;0;0;0;0;0;0;0;0;0;0;0;0;0;0;0;0;0;0;0;0;0;0;0;0;Regular Season;0;0;0;0;0;0;0;0;0;0
42333;1987;12;7;The Cage;0;5;24;0;0;0;0;0;0;0;0;0;0;0;0;;;;0;0;0;0;0;0;0;0;0;0;0;0;0;0;0;0;0;0;0;0;0;0;0;0;Regular Season;0;0;0;0;0;0;0;0;0;0
42381;1987;12;8;Rexall Place;0;23;11;0;0;0;0;0;0;0;0;0;0;0;0;;;;0;0;0;0;0;0;0;0;0;0;0;0;0;0;0;0;0;0;0;0;0;0;0;0;Regular Season;0;0;0;0;0;0;0;0;0;0
42273;1987;12;8;Pittsburgh Civic Arena;0;15;278;0;0;0;0;0;0;0;0;0;0;0;0;;;;0;0;0;0;0;0;0;0;0;0;0;0;0;0;0;0;0;0;0;0;0;0;0;0;Regular Season;0;0;0;0;0;0;0;0;0;0
42372;1987;12;8;Wichita Wind Arena;0;0;25;0;0;0;0;0;0;0;0;0;0;0;0;;;;0;0;0;0;0;0;0;0;0;0;0;0;0;0;0;0;0;0;0;0;0;0;0;0;Regular Season;0;0;0;0;0;0;0;0;0;0
42389;1987;12;8;Maple Leaf Gardens;0;3;10;0;0;0;0;0;0;0;0;0;0;0;0;;;;0;0;0;0;0;0;0;0;0;0;0;0;0;0;0;0;0;0;0;0;0;0;0;0;Regular Season;0;0;0;0;0;0;0;0;0;0
42327;1987;12;8;Scotiabank Centre;0;9;22;0;0;0;0;0;0;0;0;0;0;0;0;;;;0;0;0;0;0;0;0;0;0;0;0;0;0;0;0;0;0;0;0;0;0;0;0;0;Regular Season;0;0;0;0;0;0;0;0;0;0
42209;1987;12;9;Langley Events Centre;0;280;26;0;0;0;0;0;0;0;0;0;0;0;0;;;;0;0;0;0;0;0;0;0;0;0;0;0;0;0;0;0;0;0;0;0;0;0;0;0;Regular Season;0;0;0;0;0;0;0;0;0;0
42334;1987;12;9;Finnish Arena;0;12;21;0;0;0;0;0;0;0;0;0;0;0;0;;;;0;0;0;0;0;0;0;0;0;0;0;0;0;0;0;0;0;0;0;0;0;0;0;0;Regular Season;0;0;0;0;0;0;0;0;0;0
42286;1987;12;9;Wembley Arena;0;14;17;0;0;0;0;0;0;0;0;0;0;0;0;;;;0;0;0;0;0;0;0;0;0;0;0;0;0;0;0;0;0;0;0;0;0;0;0;0;Regular Season;0;0;0;0;0;0;0;0;0;0
42434;1987;12;9;City Park Hockey Stadium;0;19;8;0;0;0;0;0;0;0;0;0;0;0;0;;;;0;0;0;0;0;0;0;0;0;0;0;0;0;0;0;0;0;0;0;0;0;0;0;0;Regular Season;0;0;0;0;0;0;0;0;0;0
42282;1987;12;9;Colisée de Trois-Rivières;0;24;16;0;0;0;0;0;0;0;0;0;0;0;0;;;;0;0;0;0;0;0;0;0;0;0;0;0;0;0;0;0;0;0;0;0;0;0;0;0;Regular Season;0;0;0;0;0;0;0;0;0;0
42343;1987;12;9;The Cage;0;5;9;0;0;0;0;0;0;0;0;0;0;0;0;;;;0;0;0;0;0;0;0;0;0;0;0;0;0;0;0;0;0;0;0;0;0;0;0;0;Regular Season;0;0;0;0;0;0;0;0;0;0
42329;1987;12;9;Bell Centre;0;20;278;0;0;0;0;0;0;0;0;0;0;0;0;;;;0;0;0;0;0;0;0;0;0;0;0;0;0;0;0;0;0;0;0;0;0;0;0;0;Regular Season;0;0;0;0;0;0;0;0;0;0
42324;1987;12;10;Langley Events Centre;0;280;22;0;0;0;0;0;0;0;0;0;0;0;0;;;;0;0;0;0;0;0;0;0;0;0;0;0;0;0;0;0;0;0;0;0;0;0;0;0;Regular Season;0;0;0;0;0;0;0;0;0;0
42410;1987;12;10;Cross Insurance Arena;0;279;8;0;0;0;0;0;0;0;0;0;0;0;0;;;;0;0;0;0;0;0;0;0;0;0;0;0;0;0;0;0;0;0;0;0;0;0;0;0;Regular Season;0;0;0;0;0;0;0;0;0;0
42295;1987;12;10;Finnish Arena;0;12;15;0;0;0;0;0;0;0;0;0;0;0;0;;;;0;0;0;0;0;0;0;0;0;0;0;0;0;0;0;0;0;0;0;0;0;0;0;0;Regular Season;0;0;0;0;0;0;0;0;0;0
42433;1987;12;10;Moncton Coliseum;0;10;18;0;0;0;0;0;0;0;0;0;0;0;0;;;;0;0;0;0;0;0;0;0;0;0;0;0;0;0;0;0;0;0;0;0;0;0;0;0;Regular Season;0;0;0;0;0;0;0;0;0;0
42399;1987;12;10;Miami Arena;0;21;14;0;0;0;0;0;0;0;0;0;0;0;0;;;;0;0;0;0;0;0;0;0;0;0;0;0;0;0;0;0;0;0;0;0;0;0;0;0;Regular Season;0;0;0;0;0;0;0;0;0;0
42387;1987;12;10;Calgary Cowboys Arena;0;25;11;0;0;0;0;0;0;0;0;0;0;0;0;;;;0;0;0;0;0;0;0;0;0;0;0;0;0;0;0;0;0;0;0;0;0;0;0;0;Regular Season;0;0;0;0;0;0;0;0;0;0
42351;1987;12;11; Arena;0;278;9;0;0;0;0;0;0;0;0;0;0;0;0;;;;0;0;0;0;0;0;0;0;0;0;0;0;0;0;0;0;0;0;0;0;0;0;0;0;Regular Season;0;0;0;0;0;0;0;0;0;0
42588;1987;12;11;Tokyo University Arena;0;17;3;0;0;0;0;0;0;0;0;0;0;0;0;;;;0;0;0;0;0;0;0;0;0;0;0;0;0;0;0;0;0;0;0;0;0;0;0;0;Regular Season;0;0;0;0;0;0;0;0;0;0
42344;1987;12;11;The Cage;0;5;19;0;0;0;0;0;0;0;0;0;0;0;0;;;;0;0;0;0;0;0;0;0;0;0;0;0;0;0;0;0;0;0;0;0;0;0;0;0;Regular Season;0;0;0;0;0;0;0;0;0;0
42250;1987;12;11;Calgary Cowboys Arena;0;25;26;0;0;0;0;0;0;0;0;0;0;0;0;;;;0;0;0;0;0;0;0;0;0;0;0;0;0;0;0;0;0;0;0;0;0;0;0;0;Regular Season;0;0;0;0;0;0;0;0;0;0
42563;1987;12;11;Maple Leaf Gardens;0;18;0;0;0;0;0;0;0;0;0;0;0;0;0;;;;0;0;0;0;0;0;0;0;0;0;0;0;0;0;0;0;0;0;0;0;0;0;0;0;Regular Season;0;0;0;0;0;0;0;0;0;0
42319;1987;12;11;Victoria Memorial Arena;0;16;23;0;0;0;0;0;0;0;0;0;0;0;0;;;;0;0;0;0;0;0;0;0;0;0;0;0;0;0;0;0;0;0;0;0;0;0;0;0;Regular Season;0;0;0;0;0;0;0;0;0;0
42359;1987;12;12;Langley Events Centre;0;280;279;0;0;0;0;0;0;0;0;0;0;0;0;;;;0;0;0;0;0;0;0;0;0;0;0;0;0;0;0;0;0;0;0;0;0;0;0;0;Regular Season;0;0;0;0;0;0;0;0;0;0
42447;1987;12;12;The Coop;0;22;14;0;0;0;0;0;0;0;0;0;0;0;0;;;;0;0;0;0;0;0;0;0;0;0;0;0;0;0;0;0;0;0;0;0;0;0;0;0;Regular Season;0;0;0;0;0;0;0;0;0;0
42367;1987;12;12;Finnish Arena;0;12;3;0;0;0;0;0;0;0;0;0;0;0;0;;;;0;0;0;0;0;0;0;0;0;0;0;0;0;0;0;0;0;0;0;0;0;0;0;0;Regular Season;0;0;0;0;0;0;0;0;0;0
42339;1987;12;13;Maple Leaf Gardens;0;18;16;0;0;0;0;0;0;0;0;0;0;0;0;;;;0;0;0;0;0;0;0;0;0;0;0;0;0;0;0;0;0;0;0;0;0;0;0;0;Regular Season;0;0;0;0;0;0;0;0;0;0
42590;1987;12;13;Colisée de Trois-Rivières;0;24;21;0;0;0;0;0;0;0;0;0;0;0;0;;;;0;0;0;0;0;0;0;0;0;0;0;0;0;0;0;0;0;0;0;0;0;0;0;0;Regular Season;0;0;0;0;0;0;0;0;0;0
42385;1987;12;13;Pittsburgh Civic Arena;0;15;23;0;0;0;0;0;0;0;0;0;0;0;0;;;;0;0;0;0;0;0;0;0;0;0;0;0;0;0;0;0;0;0;0;0;0;0;0;0;Regular Season;0;0;0;0;0;0;0;0;0;0
42269;1987;12;13;Allen County War Memorial Coliseum;0;26;10;0;0;0;0;0;0;0;0;0;0;0;0;;;;0;0;0;0;0;0;0;0;0;0;0;0;0;0;0;0;0;0;0;0;0;0;0;0;Regular Season;0;0;0;0;0;0;0;0;0;0
42252;1987;12;14; Arena;0;278;26;0;0;0;0;0;0;0;0;0;0;0;0;;;;0;0;0;0;0;0;0;0;0;0;0;0;0;0;0;0;0;0;0;0;0;0;0;0;Regular Season;0;0;0;0;0;0;0;0;0;0
42328;1987;12;14;Victoria Memorial Arena;0;16;17;0;0;0;0;0;0;0;0;0;0;0;0;;;;0;0;0;0;0;0;0;0;0;0;0;0;0;0;0;0;0;0;0;0;0;0;0;0;Regular Season;0;0;0;0;0;0;0;0;0;0
42413;1987;12;14;Wembley Arena;0;14;24;0;0;0;0;0;0;0;0;0;0;0;0;;;;0;0;0;0;0;0;0;0;0;0;0;0;0;0;0;0;0;0;0;0;0;0;0;0;Regular Season;0;0;0;0;0;0;0;0;0;0
42370;1987;12;14;The Cage;0;5;3;0;0;0;0;0;0;0;0;0;0;0;0;;;;0;0;0;0;0;0;0;0;0;0;0;0;0;0;0;0;0;0;0;0;0;0;0;0;Regular Season;0;0;0;0;0;0;0;0;0;0
42444;1987;12;14;Bell Centre;0;20;8;0;0;0;0;0;0;0;0;0;0;0;0;;;;0;0;0;0;0;0;0;0;0;0;0;0;0;0;0;0;0;0;0;0;0;0;0;0;Regular Season;0;0;0;0;0;0;0;0;0;0
42382;1987;12;14;Langley Events Centre;0;280;10;0;0;0;0;0;0;0;0;0;0;0;0;;;;0;0;0;0;0;0;0;0;0;0;0;0;0;0;0;0;0;0;0;0;0;0;0;0;Regular Season;0;0;0;0;0;0;0;0;0;0
42415;1987;12;14;Wichita Wind Arena;0;0;11;0;0;0;0;0;0;0;0;0;0;0;0;;;;0;0;0;0;0;0;0;0;0;0;0;0;0;0;0;0;0;0;0;0;0;0;0;0;Regular Season;0;0;0;0;0;0;0;0;0;0
42420;1987;12;14;Maple Leaf Gardens;0;18;21;0;0;0;0;0;0;0;0;0;0;0;0;;;;0;0;0;0;0;0;0;0;0;0;0;0;0;0;0;0;0;0;0;0;0;0;0;0;Regular Season;0;0;0;0;0;0;0;0;0;0
42380;1987;12;14;Scotiabank Centre;0;9;12;0;0;0;0;0;0;0;0;0;0;0;0;;;;0;0;0;0;0;0;0;0;0;0;0;0;0;0;0;0;0;0;0;0;0;0;0;0;Regular Season;0;0;0;0;0;0;0;0;0;0
42308;1987;12;14;Cross Insurance Arena;0;279;15;0;0;0;0;0;0;0;0;0;0;0;0;;;;0;0;0;0;0;0;0;0;0;0;0;0;0;0;0;0;0;0;0;0;0;0;0;0;Regular Season;0;0;0;0;0;0;0;0;0;0
42700;1987;12;14;Calgary Cowboys Arena;0;25;19;0;0;0;0;0;0;0;0;0;0;0;0;;;;0;0;0;0;0;0;0;0;0;0;0;0;0;0;0;0;0;0;0;0;0;0;0;0;Regular Season;0;0;0;0;0;0;0;0;0;0
42383;1987;12;14;The Coop;0;22;23;0;0;0;0;0;0;0;0;0;0;0;0;;;;0;0;0;0;0;0;0;0;0;0;0;0;0;0;0;0;0;0;0;0;0;0;0;0;Regular Season;0;0;0;0;0;0;0;0;0;0
42375;1987;12;15;Mytischi Atlanti Mytischi Atlanti Arena;0;11;278;0;0;0;0;0;0;0;0;0;0;0;0;;;;0;0;0;0;0;0;0;0;0;0;0;0;0;0;0;0;0;0;0;0;0;0;0;0;Regular Season;0;0;0;0;0;0;0;0;0;0
42814;1987;12;15;Langley Events Centre;0;280;3;0;0;0;0;0;0;0;0;0;0;0;0;;;;0;0;0;0;0;0;0;0;0;0;0;0;0;0;0;0;0;0;0;0;0;0;0;0;Regular Season;0;0;0;0;0;0;0;0;0;0
42471;1987;12;15;City Park Hockey Stadium;0;19;12;0;0;0;0;0;0;0;0;0;0;0;0;;;;0;0;0;0;0;0;0;0;0;0;0;0;0;0;0;0;0;0;0;0;0;0;0;0;Regular Season;0;0;0;0;0;0;0;0;0;0
42622;1987;12;15;Wembley Arena;0;14;0;0;0;0;0;0;0;0;0;0;0;0;0;;;;0;0;0;0;0;0;0;0;0;0;0;0;0;0;0;0;0;0;0;0;0;0;0;0;Regular Season;0;0;0;0;0;0;0;0;0;0
42418;1987;12;15;Cross Insurance Arena;0;279;20;0;0;0;0;0;0;0;0;0;0;0;0;;;;0;0;0;0;0;0;0;0;0;0;0;0;0;0;0;0;0;0;0;0;0;0;0;0;Regular Season;0;0;0;0;0;0;0;0;0;0
42432;1987;12;15;Scotiabank Centre;0;9;5;0;0;0;0;0;0;0;0;0;0;0;0;;;;0;0;0;0;0;0;0;0;0;0;0;0;0;0;0;0;0;0;0;0;0;0;0;0;Regular Season;0;0;0;0;0;0;0;0;0;0
42314;1987;12;15;Chicago Stadium;0;8;17;0;0;0;0;0;0;0;0;0;0;0;0;;;;0;0;0;0;0;0;0;0;0;0;0;0;0;0;0;0;0;0;0;0;0;0;0;0;Regular Season;0;0;0;0;0;0;0;0;0;0
42509;1987;12;19;Chicago Stadium;0;8;20;0;0;0;0;0;0;0;0;0;0;0;0;;;;0;0;0;0;0;0;0;0;0;0;0;0;0;0;0;0;0;0;0;0;0;0;0;0;Regular Season;0;0;0;0;0;0;0;0;0;0
42317;1987;12;19;Tokyo University Arena;0;17;9;0;0;0;0;0;0;0;0;0;0;0;0;;;;0;0;0;0;0;0;0;0;0;0;0;0;0;0;0;0;0;0;0;0;0;0;0;0;Regular Season;0;0;0;0;0;0;0;0;0;0
42259;1987;12;19;Mytischi Atlanti Mytischi Atlanti Arena;0;11;26;0;0;0;0;0;0;0;0;0;0;0;0;;;;0;0;0;0;0;0;0;0;0;0;0;0;0;0;0;0;0;0;0;0;0;0;0;0;Regular Season;0;0;0;0;0;0;0;0;0;0
42390;1987;12;19;Langley Events Centre;0;280;10;0;0;0;0;0;0;0;0;0;0;0;0;;;;0;0;0;0;0;0;0;0;0;0;0;0;0;0;0;0;0;0;0;0;0;0;0;0;Regular Season;0;0;0;0;0;0;0;0;0;0
42349;1987;12;19;Maple Leaf Gardens;0;18;16;0;0;0;0;0;0;0;0;0;0;0;0;;;;0;0;0;0;0;0;0;0;0;0;0;0;0;0;0;0;0;0;0;0;0;0;0;0;Regular Season;0;0;0;0;0;0;0;0;0;0
42408;1987;12;19; Arena;0;278;25;0;0;0;0;0;0;0;0;0;0;0;0;;;;0;0;0;0;0;0;0;0;0;0;0;0;0;0;0;0;0;0;0;0;0;0;0;0;Regular Season;0;0;0;0;0;0;0;0;0;0
42443;1987;12;19;Colisée de Trois-Rivières;0;24;5;0;0;0;0;0;0;0;0;0;0;0;0;;;;0;0;0;0;0;0;0;0;0;0;0;0;0;0;0;0;0;0;0;0;0;0;0;0;Regular Season;0;0;0;0;0;0;0;0;0;0
42386;1987;12;19;Maple Leaf Gardens;0;3;15;0;0;0;0;0;0;0;0;0;0;0;0;;;;0;0;0;0;0;0;0;0;0;0;0;0;0;0;0;0;0;0;0;0;0;0;0;0;Regular Season;0;0;0;0;0;0;0;0;0;0
42490;1987;12;19;City Park Hockey Stadium;0;19;12;0;0;0;0;0;0;0;0;0;0;0;0;;;;0;0;0;0;0;0;0;0;0;0;0;0;0;0;0;0;0;0;0;0;0;0;0;0;Regular Season;0;0;0;0;0;0;0;0;0;0
42421;1987;12;20;Rexall Place;0;23;0;0;0;0;0;0;0;0;0;0;0;0;0;;;;0;0;0;0;0;0;0;0;0;0;0;0;0;0;0;0;0;0;0;0;0;0;0;0;Regular Season;0;0;0;0;0;0;0;0;0;0
42284;1987;12;20;Victoria Memorial Arena;0;16;21;0;0;0;0;0;0;0;0;0;0;0;0;;;;0;0;0;0;0;0;0;0;0;0;0;0;0;0;0;0;0;0;0;0;0;0;0;0;Regular Season;0;0;0;0;0;0;0;0;0;0
42414;1987;12;20;Maple Leaf Gardens;0;3;9;0;0;0;0;0;0;0;0;0;0;0;0;;;;0;0;0;0;0;0;0;0;0;0;0;0;0;0;0;0;0;0;0;0;0;0;0;0;Regular Season;0;0;0;0;0;0;0;0;0;0
42480;1987;12;20;Moncton Coliseum;0;10;14;0;0;0;0;0;0;0;0;0;0;0;0;;;;0;0;0;0;0;0;0;0;0;0;0;0;0;0;0;0;0;0;0;0;0;0;0;0;Regular Season;0;0;0;0;0;0;0;0;0;0
42355;1987;12;20;Colisée de Trois-Rivières;0;24;22;0;0;0;0;0;0;0;0;0;0;0;0;;;;0;0;0;0;0;0;0;0;0;0;0;0;0;0;0;0;0;0;0;0;0;0;0;0;Regular Season;0;0;0;0;0;0;0;0;0;0
42335;1987;12;20;Tokyo University Arena;0;17;18;0;0;0;0;0;0;0;0;0;0;0;0;;;;0;0;0;0;0;0;0;0;0;0;0;0;0;0;0;0;0;0;0;0;0;0;0;0;Regular Season;0;0;0;0;0;0;0;0;0;0
42451;1987;12;20;The Cage;0;5;279;0;0;0;0;0;0;0;0;0;0;0;0;;;;0;0;0;0;0;0;0;0;0;0;0;0;0;0;0;0;0;0;0;0;0;0;0;0;Regular Season;0;0;0;0;0;0;0;0;0;0
42350;1987;12;21;Pittsburgh Civic Arena;0;15;11;0;0;0;0;0;0;0;0;0;0;0;0;;;;0;0;0;0;0;0;0;0;0;0;0;0;0;0;0;0;0;0;0;0;0;0;0;0;Regular Season;0;0;0;0;0;0;0;0;0;0
42278;1987;12;21;Allen County War Memorial Coliseum;0;26;20;0;0;0;0;0;0;0;0;0;0;0;0;;;;0;0;0;0;0;0;0;0;0;0;0;0;0;0;0;0;0;0;0;0;0;0;0;0;Regular Season;0;0;0;0;0;0;0;0;0;0
42426;1987;12;21;Langley Events Centre;0;280;0;0;0;0;0;0;0;0;0;0;0;0;0;;;;0;0;0;0;0;0;0;0;0;0;0;0;0;0;0;0;0;0;0;0;0;0;0;0;Regular Season;0;0;0;0;0;0;0;0;0;0
42405;1987;12;21;Rexall Place;0;23;25;0;0;0;0;0;0;0;0;0;0;0;0;;;;0;0;0;0;0;0;0;0;0;0;0;0;0;0;0;0;0;0;0;0;0;0;0;0;Regular Season;0;0;0;0;0;0;0;0;0;0
42472;1987;12;21;Wembley Arena;0;14;12;0;0;0;0;0;0;0;0;0;0;0;0;;;;0;0;0;0;0;0;0;0;0;0;0;0;0;0;0;0;0;0;0;0;0;0;0;0;Regular Season;0;0;0;0;0;0;0;0;0;0
42388;1987;12;21;City Park Hockey Stadium;0;19;22;0;0;0;0;0;0;0;0;0;0;0;0;;;;0;0;0;0;0;0;0;0;0;0;0;0;0;0;0;0;0;0;0;0;0;0;0;0;Regular Season;0;0;0;0;0;0;0;0;0;0
42401;1987;12;21; Arena;0;278;21;0;0;0;0;0;0;0;0;0;0;0;0;;;;0;0;0;0;0;0;0;0;0;0;0;0;0;0;0;0;0;0;0;0;0;0;0;0;Regular Season;0;0;0;0;0;0;0;0;0;0
42452;1987;12;22;Calgary Cowboys Arena;0;25;5;0;0;0;0;0;0;0;0;0;0;0;0;;;;0;0;0;0;0;0;0;0;0;0;0;0;0;0;0;0;0;0;0;0;0;0;0;0;Regular Season;0;0;0;0;0;0;0;0;0;0
42449;1987;12;22;City Park Hockey Stadium;0;19;280;0;0;0;0;0;0;0;0;0;0;0;0;;;;0;0;0;0;0;0;0;0;0;0;0;0;0;0;0;0;0;0;0;0;0;0;0;0;Regular Season;0;0;0;0;0;0;0;0;0;0
42358;1987;12;23;Moncton Coliseum;0;10;15;0;0;0;0;0;0;0;0;0;0;0;0;;;;0;0;0;0;0;0;0;0;0;0;0;0;0;0;0;0;0;0;0;0;0;0;0;0;Regular Season;0;0;0;0;0;0;0;0;0;0
42347;1987;12;23;Bell Centre;0;20;9;0;0;0;0;0;0;0;0;0;0;0;0;;;;0;0;0;0;0;0;0;0;0;0;0;0;0;0;0;0;0;0;0;0;0;0;0;0;Regular Season;0;0;0;0;0;0;0;0;0;0
42402;1987;12;23;Maple Leaf Gardens;0;3;278;0;0;0;0;0;0;0;0;0;0;0;0;;;;0;0;0;0;0;0;0;0;0;0;0;0;0;0;0;0;0;0;0;0;0;0;0;0;Regular Season;0;0;0;0;0;0;0;0;0;0
42336;1987;12;23;Chicago Stadium;0;8;16;0;0;0;0;0;0;0;0;0;0;0;0;;;;0;0;0;0;0;0;0;0;0;0;0;0;0;0;0;0;0;0;0;0;0;0;0;0;Regular Season;0;0;0;0;0;0;0;0;0;0
42454;1987;12;23;Mytischi Atlanti Mytischi Atlanti Arena;0;11;21;0;0;0;0;0;0;0;0;0;0;0;0;;;;0;0;0;0;0;0;0;0;0;0;0;0;0;0;0;0;0;0;0;0;0;0;0;0;Regular Season;0;0;0;0;0;0;0;0;0;0
42591;1987;12;23;Cross Insurance Arena;0;279;24;0;0;0;0;0;0;0;0;0;0;0;0;;;;0;0;0;0;0;0;0;0;0;0;0;0;0;0;0;0;0;0;0;0;0;0;0;0;Regular Season;0;0;0;0;0;0;0;0;0;0
42407;1987;12;23;The Coop;0;22;12;0;0;0;0;0;0;0;0;0;0;0;0;;;;0;0;0;0;0;0;0;0;0;0;0;0;0;0;0;0;0;0;0;0;0;0;0;0;Regular Season;0;0;0;0;0;0;0;0;0;0
42404;1987;12;24;Scotiabank Centre;0;9;278;0;0;0;0;0;0;0;0;0;0;0;0;;;;0;0;0;0;0;0;0;0;0;0;0;0;0;0;0;0;0;0;0;0;0;0;0;0;Regular Season;0;0;0;0;0;0;0;0;0;0
42489;1987;12;24;Cross Insurance Arena;0;279;25;0;0;0;0;0;0;0;0;0;0;0;0;;;;0;0;0;0;0;0;0;0;0;0;0;0;0;0;0;0;0;0;0;0;0;0;0;0;Regular Season;0;0;0;0;0;0;0;0;0;0
42440;1987;12;24;Wichita Wind Arena;0;0;10;0;0;0;0;0;0;0;0;0;0;0;0;;;;0;0;0;0;0;0;0;0;0;0;0;0;0;0;0;0;0;0;0;0;0;0;0;0;Regular Season;0;0;0;0;0;0;0;0;0;0
42371;1987;12;24;Bell Centre;0;20;15;0;0;0;0;0;0;0;0;0;0;0;0;;;;0;0;0;0;0;0;0;0;0;0;0;0;0;0;0;0;0;0;0;0;0;0;0;0;Regular Season;0;0;0;0;0;0;0;0;0;0
42416;1987;12;24;Finnish Arena;0;12;3;0;0;0;0;0;0;0;0;0;0;0;0;;;;0;0;0;0;0;0;0;0;0;0;0;0;0;0;0;0;0;0;0;0;0;0;0;0;Regular Season;0;0;0;0;0;0;0;0;0;0
42492;1987;12;24;Wembley Arena;0;14;280;0;0;0;0;0;0;0;0;0;0;0;0;;;;0;0;0;0;0;0;0;0;0;0;0;0;0;0;0;0;0;0;0;0;0;0;0;0;Regular Season;0;0;0;0;0;0;0;0;0;0
42290;1987;12;24;Chicago Stadium;0;8;26;0;0;0;0;0;0;0;0;0;0;0;0;;;;0;0;0;0;0;0;0;0;0;0;0;0;0;0;0;0;0;0;0;0;0;0;0;0;Regular Season;0;0;0;0;0;0;0;0;0;0
42352;1987;12;24;Tokyo University Arena;0;17;18;0;0;0;0;0;0;0;0;0;0;0;0;;;;0;0;0;0;0;0;0;0;0;0;0;0;0;0;0;0;0;0;0;0;0;0;0;0;Regular Season;0;0;0;0;0;0;0;0;0;0
42281;1987;12;25;City Park Hockey Stadium;0;19;26;0;0;0;0;0;0;0;0;0;0;0;0;;;;0;0;0;0;0;0;0;0;0;0;0;0;0;0;0;0;0;0;0;0;0;0;0;0;Regular Season;0;0;0;0;0;0;0;0;0;0
42384;1987;12;25;Victoria Memorial Arena;0;16;18;0;0;0;0;0;0;0;0;0;0;0;0;;;;0;0;0;0;0;0;0;0;0;0;0;0;0;0;0;0;0;0;0;0;0;0;0;0;Regular Season;0;0;0;0;0;0;0;0;0;0
42346;1987;12;26;Chicago Stadium;0;8;17;0;0;0;0;0;0;0;0;0;0;0;0;;;;0;0;0;0;0;0;0;0;0;0;0;0;0;0;0;0;0;0;0;0;0;0;0;0;Regular Season;0;0;0;0;0;0;0;0;0;0
42926;1987;12;26;Cross Insurance Arena;0;279;25;0;0;0;0;0;0;0;0;0;0;0;0;;;;0;0;0;0;0;0;0;0;0;0;0;0;0;0;0;0;0;0;0;0;0;0;0;0;Regular Season;0;0;0;0;0;0;0;0;0;0
42428;1987;12;26;Mytischi Atlanti Mytischi Atlanti Arena;0;11;23;0;0;0;0;0;0;0;0;0;0;0;0;;;;0;0;0;0;0;0;0;0;0;0;0;0;0;0;0;0;0;0;0;0;0;0;0;0;Regular Season;0;0;0;0;0;0;0;0;0;0
42315;1987;12;27;Allen County War Memorial Coliseum;0;26;19;0;0;0;0;0;0;0;0;0;0;0;0;;;;0;0;0;0;0;0;0;0;0;0;0;0;0;0;0;0;0;0;0;0;0;0;0;0;Regular Season;0;0;0;0;0;0;0;0;0;0
42442;1987;12;27;Wichita Wind Arena;0;0;3;0;0;0;0;0;0;0;0;0;0;0;0;;;;0;0;0;0;0;0;0;0;0;0;0;0;0;0;0;0;0;0;0;0;0;0;0;0;Regular Season;0;0;0;0;0;0;0;0;0;0
42469;1987;12;27;Finnish Arena;0;12;9;0;0;0;0;0;0;0;0;0;0;0;0;;;;0;0;0;0;0;0;0;0;0;0;0;0;0;0;0;0;0;0;0;0;0;0;0;0;Regular Season;0;0;0;0;0;0;0;0;0;0
42392;1987;12;27;Pittsburgh Civic Arena;0;15;23;0;0;0;0;0;0;0;0;0;0;0;0;;;;0;0;0;0;0;0;0;0;0;0;0;0;0;0;0;0;0;0;0;0;0;0;0;0;Regular Season;0;0;0;0;0;0;0;0;0;0
42621;1987;12;27;Cross Insurance Arena;0;279;14;0;0;0;0;0;0;0;0;0;0;0;0;;;;0;0;0;0;0;0;0;0;0;0;0;0;0;0;0;0;0;0;0;0;0;0;0;0;Regular Season;0;0;0;0;0;0;0;0;0;0
42312;1987;12;28;Finnish Arena;0;12;26;0;0;0;0;0;0;0;0;0;0;0;0;;;;0;0;0;0;0;0;0;0;0;0;0;0;0;0;0;0;0;0;0;0;0;0;0;0;Regular Season;0;0;0;0;0;0;0;0;0;0
42460;1987;12;28;Calgary Cowboys Arena;0;25;17;0;0;0;0;0;0;0;0;0;0;0;0;;;;0;0;0;0;0;0;0;0;0;0;0;0;0;0;0;0;0;0;0;0;0;0;0;0;Regular Season;0;0;0;0;0;0;0;0;0;0
42419;1987;12;28;Wichita Wind Arena;0;0;22;0;0;0;0;0;0;0;0;0;0;0;0;;;;0;0;0;0;0;0;0;0;0;0;0;0;0;0;0;0;0;0;0;0;0;0;0;0;Regular Season;0;0;0;0;0;0;0;0;0;0
42527;1987;12;28;Mytischi Atlanti Mytischi Atlanti Arena;0;11;8;0;0;0;0;0;0;0;0;0;0;0;0;;;;0;0;0;0;0;0;0;0;0;0;0;0;0;0;0;0;0;0;0;0;0;0;0;0;Regular Season;0;0;0;0;0;0;0;0;0;0
42482;1987;12;28;Moncton Coliseum;0;10;24;0;0;0;0;0;0;0;0;0;0;0;0;;;;0;0;0;0;0;0;0;0;0;0;0;0;0;0;0;0;0;0;0;0;0;0;0;0;Regular Season;0;0;0;0;0;0;0;0;0;0
42397;1987;12;28;Victoria Memorial Arena;0;16;278;0;0;0;0;0;0;0;0;0;0;0;0;;;;0;0;0;0;0;0;0;0;0;0;0;0;0;0;0;0;0;0;0;0;0;0;0;0;Regular Season;0;0;0;0;0;0;0;0;0;0
42395;1987;12;28;Bell Centre;0;20;280;0;0;0;0;0;0;0;0;0;0;0;0;;;;0;0;0;0;0;0;0;0;0;0;0;0;0;0;0;0;0;0;0;0;0;0;0;0;Regular Season;0;0;0;0;0;0;0;0;0;0
42478;1987;12;28;Scotiabank Centre;0;9;5;0;0;0;0;0;0;0;0;0;0;0;0;;;;0;0;0;0;0;0;0;0;0;0;0;0;0;0;0;0;0;0;0;0;0;0;0;0;Regular Season;0;0;0;0;0;0;0;0;0;0
42474;1987;12;29;Langley Events Centre;0;280;19;0;0;0;0;0;0;0;0;0;0;0;0;;;;0;0;0;0;0;0;0;0;0;0;0;0;0;0;0;0;0;0;0;0;0;0;0;0;Regular Season;0;0;0;0;0;0;0;0;0;0
42508;1987;12;29;Colisée de Trois-Rivières;0;24;14;0;0;0;0;0;0;0;0;0;0;0;0;;;;0;0;0;0;0;0;0;0;0;0;0;0;0;0;0;0;0;0;0;0;0;0;0;0;Regular Season;0;0;0;0;0;0;0;0;0;0
42429;1987;12;30;Tokyo University Arena;0;17;8;0;0;0;0;0;0;0;0;0;0;0;0;;;;0;0;0;0;0;0;0;0;0;0;0;0;0;0;0;0;0;0;0;0;0;0;0;0;Regular Season;0;0;0;0;0;0;0;0;0;0
42479;1987;12;30;City Park Hockey Stadium;0;19;5;0;0;0;0;0;0;0;0;0;0;0;0;;;;0;0;0;0;0;0;0;0;0;0;0;0;0;0;0;0;0;0;0;0;0;0;0;0;Regular Season;0;0;0;0;0;0;0;0;0;0
42393;1987;12;30;Victoria Memorial Arena;0;16;18;0;0;0;0;0;0;0;0;0;0;0;0;;;;0;0;0;0;0;0;0;0;0;0;0;0;0;0;0;0;0;0;0;0;0;0;0;0;Regular Season;0;0;0;0;0;0;0;0;0;0
42459;1987;12;30;Miami Arena;0;21;3;0;0;0;0;0;0;0;0;0;0;0;0;;;;0;0;0;0;0;0;0;0;0;0;0;0;0;0;0;0;0;0;0;0;0;0;0;0;Regular Season;0;0;0;0;0;0;0;0;0;0
42409;1987;12;30;Mytischi Atlanti Mytischi Atlanti Arena;0;11;20;0;0;0;0;0;0;0;0;0;0;0;0;;;;0;0;0;0;0;0;0;0;0;0;0;0;0;0;0;0;0;0;0;0;0;0;0;0;Regular Season;0;0;0;0;0;0;0;0;0;0
42593;1987;12;30;The Coop;0;22;279;0;0;0;0;0;0;0;0;0;0;0;0;;;;0;0;0;0;0;0;0;0;0;0;0;0;0;0;0;0;0;0;0;0;0;0;0;0;Regular Season;0;0;0;0;0;0;0;0;0;0
42427;1987;12;30;Calgary Cowboys Arena;0;25;278;0;0;0;0;0;0;0;0;0;0;0;0;;;;0;0;0;0;0;0;0;0;0;0;0;0;0;0;0;0;0;0;0;0;0;0;0;0;Regular Season;0;0;0;0;0;0;0;0;0;0
42425;1987;12;31;Rexall Place;0;23;15;0;0;0;0;0;0;0;0;0;0;0;0;;;;0;0;0;0;0;0;0;0;0;0;0;0;0;0;0;0;0;0;0;0;0;0;0;0;Regular Season;0;0;0;0;0;0;0;0;0;0
42411;1987;12;31;Victoria Memorial Arena;0;16;10;0;0;0;0;0;0;0;0;0;0;0;0;;;;0;0;0;0;0;0;0;0;0;0;0;0;0;0;0;0;0;0;0;0;0;0;0;0;Regular Season;0;0;0;0;0;0;0;0;0;0
42423;1987;12;31;Miami Arena;0;21;8;0;0;0;0;0;0;0;0;0;0;0;0;;;;0;0;0;0;0;0;0;0;0;0;0;0;0;0;0;0;0;0;0;0;0;0;0;0;Regular Season;0;0;0;0;0;0;0;0;0;0
42396;1987;12;31;Maple Leaf Gardens;0;18;280;0;0;0;0;0;0;0;0;0;0;0;0;;;;0;0;0;0;0;0;0;0;0;0;0;0;0;0;0;0;0;0;0;0;0;0;0;0;Regular Season;0;0;0;0;0;0;0;0;0;0
42457;1988;1;1;Bell Centre;0;20;23;0;0;0;0;0;0;0;0;0;0;0;0;;;;0;0;0;0;0;0;0;0;0;0;0;0;0;0;0;0;0;0;0;0;0;0;0;0;Regular Season;0;0;0;0;0;0;0;0;0;0
42458;1988;1;1;The Coop;0;22;9;0;0;0;0;0;0;0;0;0;0;0;0;;;;0;0;0;0;0;0;0;0;0;0;0;0;0;0;0;0;0;0;0;0;0;0;0;0;Regular Season;0;0;0;0;0;0;0;0;0;0
42320;1988;1;1;Allen County War Memorial Coliseum;0;26;14;0;0;0;0;0;0;0;0;0;0;0;0;;;;0;0;0;0;0;0;0;0;0;0;0;0;0;0;0;0;0;0;0;0;0;0;0;0;Regular Season;0;0;0;0;0;0;0;0;0;0
42678;1988;1;1;Moncton Coliseum;0;10;24;0;0;0;0;0;0;0;0;0;0;0;0;;;;0;0;0;0;0;0;0;0;0;0;0;0;0;0;0;0;0;0;0;0;0;0;0;0;Regular Season;0;0;0;0;0;0;0;0;0;0
42488;1988;1;1;Maple Leaf Gardens;0;3;12;0;0;0;0;0;0;0;0;0;0;0;0;;;;0;0;0;0;0;0;0;0;0;0;0;0;0;0;0;0;0;0;0;0;0;0;0;0;Regular Season;0;0;0;0;0;0;0;0;0;0
42456;1988;1;1;Mytischi Atlanti Mytischi Atlanti Arena;0;11;0;0;0;0;0;0;0;0;0;0;0;0;0;;;;0;0;0;0;0;0;0;0;0;0;0;0;0;0;0;0;0;0;0;0;0;0;0;0;Regular Season;0;0;0;0;0;0;0;0;0;0
42520;1988;1;2;Calgary Cowboys Arena;0;25;21;0;0;0;0;0;0;0;0;0;0;0;0;;;;0;0;0;0;0;0;0;0;0;0;0;0;0;0;0;0;0;0;0;0;0;0;0;0;Regular Season;0;0;0;0;0;0;0;0;0;0
42337;1988;1;2;Maple Leaf Gardens;0;18;17;0;0;0;0;0;0;0;0;0;0;0;0;;;;0;0;0;0;0;0;0;0;0;0;0;0;0;0;0;0;0;0;0;0;0;0;0;0;Regular Season;0;0;0;0;0;0;0;0;0;0
42398;1988;1;2; Arena;0;278;15;0;0;0;0;0;0;0;0;0;0;0;0;;;;0;0;0;0;0;0;0;0;0;0;0;0;0;0;0;0;0;0;0;0;0;0;0;0;Regular Season;0;0;0;0;0;0;0;0;0;0
42493;1988;1;2;Wichita Wind Arena;0;0;5;0;0;0;0;0;0;0;0;0;0;0;0;;;;0;0;0;0;0;0;0;0;0;0;0;0;0;0;0;0;0;0;0;0;0;0;0;0;Regular Season;0;0;0;0;0;0;0;0;0;0
42430;1988;1;3;The Coop;0;22;278;0;0;0;0;0;0;0;0;0;0;0;0;;;;0;0;0;0;0;0;0;0;0;0;0;0;0;0;0;0;0;0;0;0;0;0;0;0;Regular Season;0;0;0;0;0;0;0;0;0;0
42462;1988;1;3;Victoria Memorial Arena;0;16;11;0;0;0;0;0;0;0;0;0;0;0;0;;;;0;0;0;0;0;0;0;0;0;0;0;0;0;0;0;0;0;0;0;0;0;0;0;0;Regular Season;0;0;0;0;0;0;0;0;0;0
42548;1988;1;3;Moncton Coliseum;0;10;8;0;0;0;0;0;0;0;0;0;0;0;0;;;;0;0;0;0;0;0;0;0;0;0;0;0;0;0;0;0;0;0;0;0;0;0;0;0;Regular Season;0;0;0;0;0;0;0;0;0;0
42412;1988;1;4;Victoria Memorial Arena;0;16;0;0;0;0;0;0;0;0;0;0;0;0;0;;;;0;0;0;0;0;0;0;0;0;0;0;0;0;0;0;0;0;0;0;0;0;0;0;0;Regular Season;0;0;0;0;0;0;0;0;0;0
42461;1988;1;4;Colisée de Trois-Rivières;0;24;20;0;0;0;0;0;0;0;0;0;0;0;0;;;;0;0;0;0;0;0;0;0;0;0;0;0;0;0;0;0;0;0;0;0;0;0;0;0;Regular Season;0;0;0;0;0;0;0;0;0;0
42445;1988;1;4;Pittsburgh Civic Arena;0;15;25;0;0;0;0;0;0;0;0;0;0;0;0;;;;0;0;0;0;0;0;0;0;0;0;0;0;0;0;0;0;0;0;0;0;0;0;0;0;Regular Season;0;0;0;0;0;0;0;0;0;0
42338;1988;1;4;City Park Hockey Stadium;0;19;26;0;0;0;0;0;0;0;0;0;0;0;0;;;;0;0;0;0;0;0;0;0;0;0;0;0;0;0;0;0;0;0;0;0;0;0;0;0;Regular Season;0;0;0;0;0;0;0;0;0;0
42481;1988;1;4;Rexall Place;0;23;9;0;0;0;0;0;0;0;0;0;0;0;0;;;;0;0;0;0;0;0;0;0;0;0;0;0;0;0;0;0;0;0;0;0;0;0;0;0;Regular Season;0;0;0;0;0;0;0;0;0;0
42484;1988;1;4;Cross Insurance Arena;0;279;11;0;0;0;0;0;0;0;0;0;0;0;0;;;;0;0;0;0;0;0;0;0;0;0;0;0;0;0;0;0;0;0;0;0;0;0;0;0;Regular Season;0;0;0;0;0;0;0;0;0;0
42499;1988;1;4;Maple Leaf Gardens;0;3;12;0;0;0;0;0;0;0;0;0;0;0;0;;;;0;0;0;0;0;0;0;0;0;0;0;0;0;0;0;0;0;0;0;0;0;0;0;0;Regular Season;0;0;0;0;0;0;0;0;0;0
42512;1988;1;4;Wembley Arena;0;14;280;0;0;0;0;0;0;0;0;0;0;0;0;;;;0;0;0;0;0;0;0;0;0;0;0;0;0;0;0;0;0;0;0;0;0;0;0;0;Regular Season;0;0;0;0;0;0;0;0;0;0
42437;1988;1;5;Miami Arena;0;21;278;0;0;0;0;0;0;0;0;0;0;0;0;;;;0;0;0;0;0;0;0;0;0;0;0;0;0;0;0;0;0;0;0;0;0;0;0;0;Regular Season;0;0;0;0;0;0;0;0;0;0
42463;1988;1;5;Finnish Arena;0;12;0;0;0;0;0;0;0;0;0;0;0;0;0;;;;0;0;0;0;0;0;0;0;0;0;0;0;0;0;0;0;0;0;0;0;0;0;0;0;Regular Season;0;0;0;0;0;0;0;0;0;0
42565;1988;1;5;Maple Leaf Gardens;0;3;280;0;0;0;0;0;0;0;0;0;0;0;0;;;;0;0;0;0;0;0;0;0;0;0;0;0;0;0;0;0;0;0;0;0;0;0;0;0;Regular Season;0;0;0;0;0;0;0;0;0;0
42495;1988;1;5;The Coop;0;22;5;0;0;0;0;0;0;0;0;0;0;0;0;;;;0;0;0;0;0;0;0;0;0;0;0;0;0;0;0;0;0;0;0;0;0;0;0;0;Regular Season;0;0;0;0;0;0;0;0;0;0
42431;1988;1;6;Maple Leaf Gardens;0;18;21;0;0;0;0;0;0;0;0;0;0;0;0;;;;0;0;0;0;0;0;0;0;0;0;0;0;0;0;0;0;0;0;0;0;0;0;0;0;Regular Season;0;0;0;0;0;0;0;0;0;0
42354;1988;1;6;Colisée de Trois-Rivières;0;24;26;0;0;0;0;0;0;0;0;0;0;0;0;;;;0;0;0;0;0;0;0;0;0;0;0;0;0;0;0;0;0;0;0;0;0;0;0;0;Regular Season;0;0;0;0;0;0;0;0;0;0
42424;1988;1;6;Tokyo University Arena;0;17;16;0;0;0;0;0;0;0;0;0;0;0;0;;;;0;0;0;0;0;0;0;0;0;0;0;0;0;0;0;0;0;0;0;0;0;0;0;0;Regular Season;0;0;0;0;0;0;0;0;0;0
42541;1988;1;6;City Park Hockey Stadium;0;19;14;0;0;0;0;0;0;0;0;0;0;0;0;;;;0;0;0;0;0;0;0;0;0;0;0;0;0;0;0;0;0;0;0;0;0;0;0;0;Regular Season;0;0;0;0;0;0;0;0;0;0
42477;1988;1;6;Moncton Coliseum;0;10;23;0;0;0;0;0;0;0;0;0;0;0;0;;;;0;0;0;0;0;0;0;0;0;0;0;0;0;0;0;0;0;0;0;0;0;0;0;0;Regular Season;0;0;0;0;0;0;0;0;0;0
42530;1988;1;6;Calgary Cowboys Arena;0;25;279;0;0;0;0;0;0;0;0;0;0;0;0;;;;0;0;0;0;0;0;0;0;0;0;0;0;0;0;0;0;0;0;0;0;0;0;0;0;Regular Season;0;0;0;0;0;0;0;0;0;0
42438;1988;1;6; Arena;0;278;11;0;0;0;0;0;0;0;0;0;0;0;0;;;;0;0;0;0;0;0;0;0;0;0;0;0;0;0;0;0;0;0;0;0;0;0;0;0;Regular Season;0;0;0;0;0;0;0;0;0;0
42455;1988;1;6;Pittsburgh Civic Arena;0;15;9;0;0;0;0;0;0;0;0;0;0;0;0;;;;0;0;0;0;0;0;0;0;0;0;0;0;0;0;0;0;0;0;0;0;0;0;0;0;Regular Season;0;0;0;0;0;0;0;0;0;0
42494;1988;1;7;Chicago Stadium;0;8;0;0;0;0;0;0;0;0;0;0;0;0;0;;;;0;0;0;0;0;0;0;0;0;0;0;0;0;0;0;0;0;0;0;0;0;0;0;0;Regular Season;0;0;0;0;0;0;0;0;0;0
42504;1988;1;7;Finnish Arena;0;12;5;0;0;0;0;0;0;0;0;0;0;0;0;;;;0;0;0;0;0;0;0;0;0;0;0;0;0;0;0;0;0;0;0;0;0;0;0;0;Regular Season;0;0;0;0;0;0;0;0;0;0
42496;1988;1;7;Maple Leaf Gardens;0;18;23;0;0;0;0;0;0;0;0;0;0;0;0;;;;0;0;0;0;0;0;0;0;0;0;0;0;0;0;0;0;0;0;0;0;0;0;0;0;Regular Season;0;0;0;0;0;0;0;0;0;0
42497;1988;1;7;Scotiabank Centre;0;9;19;0;0;0;0;0;0;0;0;0;0;0;0;;;;0;0;0;0;0;0;0;0;0;0;0;0;0;0;0;0;0;0;0;0;0;0;0;0;Regular Season;0;0;0;0;0;0;0;0;0;0
42710;1988;1;7;Cross Insurance Arena;0;279;10;0;0;0;0;0;0;0;0;0;0;0;0;;;;0;0;0;0;0;0;0;0;0;0;0;0;0;0;0;0;0;0;0;0;0;0;0;0;Regular Season;0;0;0;0;0;0;0;0;0;0
42523;1988;1;8;The Coop;0;22;8;0;0;0;0;0;0;0;0;0;0;0;0;;;;0;0;0;0;0;0;0;0;0;0;0;0;0;0;0;0;0;0;0;0;0;0;0;0;Regular Season;0;0;0;0;0;0;0;0;0;0
42701;1988;1;8; Arena;0;278;20;0;0;0;0;0;0;0;0;0;0;0;0;;;;0;0;0;0;0;0;0;0;0;0;0;0;0;0;0;0;0;0;0;0;0;0;0;0;Regular Season;0;0;0;0;0;0;0;0;0;0
42487;1988;1;8;Pittsburgh Civic Arena;0;15;24;0;0;0;0;0;0;0;0;0;0;0;0;;;;0;0;0;0;0;0;0;0;0;0;0;0;0;0;0;0;0;0;0;0;0;0;0;0;Regular Season;0;0;0;0;0;0;0;0;0;0
42362;1988;1;8;Allen County War Memorial Coliseum;0;26;280;0;0;0;0;0;0;0;0;0;0;0;0;;;;0;0;0;0;0;0;0;0;0;0;0;0;0;0;0;0;0;0;0;0;0;0;0;0;Regular Season;0;0;0;0;0;0;0;0;0;0
42468;1988;1;8;Miami Arena;0;21;17;0;0;0;0;0;0;0;0;0;0;0;0;;;;0;0;0;0;0;0;0;0;0;0;0;0;0;0;0;0;0;0;0;0;0;0;0;0;Regular Season;0;0;0;0;0;0;0;0;0;0
42666;1988;1;8;Calgary Cowboys Arena;0;25;3;0;0;0;0;0;0;0;0;0;0;0;0;;;;0;0;0;0;0;0;0;0;0;0;0;0;0;0;0;0;0;0;0;0;0;0;0;0;Regular Season;0;0;0;0;0;0;0;0;0;0
42473;1988;1;9;Maple Leaf Gardens;0;18;17;0;0;0;0;0;0;0;0;0;0;0;0;;;;0;0;0;0;0;0;0;0;0;0;0;0;0;0;0;0;0;0;0;0;0;0;0;0;Regular Season;0;0;0;0;0;0;0;0;0;0
42620;1988;1;9;Bell Centre;0;20;0;0;0;0;0;0;0;0;0;0;0;0;0;;;;0;0;0;0;0;0;0;0;0;0;0;0;0;0;0;0;0;0;0;0;0;0;0;0;Regular Season;0;0;0;0;0;0;0;0;0;0
42601;1988;1;9;The Cage;0;5;14;0;0;0;0;0;0;0;0;0;0;0;0;;;;0;0;0;0;0;0;0;0;0;0;0;0;0;0;0;0;0;0;0;0;0;0;0;0;Regular Season;0;0;0;0;0;0;0;0;0;0
42507;1988;1;10;Maple Leaf Gardens;0;3;18;0;0;0;0;0;0;0;0;0;0;0;0;;;;0;0;0;0;0;0;0;0;0;0;0;0;0;0;0;0;0;0;0;0;0;0;0;0;Regular Season;0;0;0;0;0;0;0;0;0;0
42465;1988;1;10; Arena;0;278;11;0;0;0;0;0;0;0;0;0;0;0;0;;;;0;0;0;0;0;0;0;0;0;0;0;0;0;0;0;0;0;0;0;0;0;0;0;0;Regular Season;0;0;0;0;0;0;0;0;0;0
42515;1988;1;10;Scotiabank Centre;0;9;24;0;0;0;0;0;0;0;0;0;0;0;0;;;;0;0;0;0;0;0;0;0;0;0;0;0;0;0;0;0;0;0;0;0;0;0;0;0;Regular Season;0;0;0;0;0;0;0;0;0;0
42524;1988;1;10;Victoria Memorial Arena;0;16;19;0;0;0;0;0;0;0;0;0;0;0;0;;;;0;0;0;0;0;0;0;0;0;0;0;0;0;0;0;0;0;0;0;0;0;0;0;0;Regular Season;0;0;0;0;0;0;0;0;0;0
42533;1988;1;11;Mytischi Atlanti Mytischi Atlanti Arena;0;11;20;0;0;0;0;0;0;0;0;0;0;0;0;;;;0;0;0;0;0;0;0;0;0;0;0;0;0;0;0;0;0;0;0;0;0;0;0;0;Regular Season;0;0;0;0;0;0;0;0;0;0
42464;1988;1;11;Chicago Stadium;0;8;278;0;0;0;0;0;0;0;0;0;0;0;0;;;;0;0;0;0;0;0;0;0;0;0;0;0;0;0;0;0;0;0;0;0;0;0;0;0;Regular Season;0;0;0;0;0;0;0;0;0;0
42577;1988;1;11;Langley Events Centre;0;280;14;0;0;0;0;0;0;0;0;0;0;0;0;;;;0;0;0;0;0;0;0;0;0;0;0;0;0;0;0;0;0;0;0;0;0;0;0;0;Regular Season;0;0;0;0;0;0;0;0;0;0
42403;1988;1;11;Moncton Coliseum;0;10;26;0;0;0;0;0;0;0;0;0;0;0;0;;;;0;0;0;0;0;0;0;0;0;0;0;0;0;0;0;0;0;0;0;0;0;0;0;0;Regular Season;0;0;0;0;0;0;0;0;0;0
42501;1988;1;11;The Cage;0;5;0;0;0;0;0;0;0;0;0;0;0;0;0;;;;0;0;0;0;0;0;0;0;0;0;0;0;0;0;0;0;0;0;0;0;0;0;0;0;Regular Season;0;0;0;0;0;0;0;0;0;0
42511;1988;1;11;City Park Hockey Stadium;0;19;21;0;0;0;0;0;0;0;0;0;0;0;0;;;;0;0;0;0;0;0;0;0;0;0;0;0;0;0;0;0;0;0;0;0;0;0;0;0;Regular Season;0;0;0;0;0;0;0;0;0;0
42561;1988;1;11;Cross Insurance Arena;0;279;23;0;0;0;0;0;0;0;0;0;0;0;0;;;;0;0;0;0;0;0;0;0;0;0;0;0;0;0;0;0;0;0;0;0;0;0;0;0;Regular Season;0;0;0;0;0;0;0;0;0;0
42517;1988;1;11;Finnish Arena;0;12;24;0;0;0;0;0;0;0;0;0;0;0;0;;;;0;0;0;0;0;0;0;0;0;0;0;0;0;0;0;0;0;0;0;0;0;0;0;0;Regular Season;0;0;0;0;0;0;0;0;0;0
42498;1988;1;11;Maple Leaf Gardens;0;3;9;0;0;0;0;0;0;0;0;0;0;0;0;;;;0;0;0;0;0;0;0;0;0;0;0;0;0;0;0;0;0;0;0;0;0;0;0;0;Regular Season;0;0;0;0;0;0;0;0;0;0
42502;1988;1;11;Tokyo University Arena;0;17;16;0;0;0;0;0;0;0;0;0;0;0;0;;;;0;0;0;0;0;0;0;0;0;0;0;0;0;0;0;0;0;0;0;0;0;0;0;0;Regular Season;0;0;0;0;0;0;0;0;0;0
42379;1988;1;12;Pittsburgh Civic Arena;0;15;26;0;0;0;0;0;0;0;0;0;0;0;0;;;;0;0;0;0;0;0;0;0;0;0;0;0;0;0;0;0;0;0;0;0;0;0;0;0;Regular Season;0;0;0;0;0;0;0;0;0;0
42720;1988;1;12;Maple Leaf Gardens;0;18;25;0;0;0;0;0;0;0;0;0;0;0;0;;;;0;0;0;0;0;0;0;0;0;0;0;0;0;0;0;0;0;0;0;0;0;0;0;0;Regular Season;0;0;0;0;0;0;0;0;0;0
42763;1988;1;12;Wichita Wind Arena;0;0;279;0;0;0;0;0;0;0;0;0;0;0;0;;;;0;0;0;0;0;0;0;0;0;0;0;0;0;0;0;0;0;0;0;0;0;0;0;0;Regular Season;0;0;0;0;0;0;0;0;0;0
42519;1988;1;13;Rexall Place;0;23;15;0;0;0;0;0;0;0;0;0;0;0;0;;;;0;0;0;0;0;0;0;0;0;0;0;0;0;0;0;0;0;0;0;0;0;0;0;0;Regular Season;0;0;0;0;0;0;0;0;0;0
42514;1988;1;13;Miami Arena;0;21;17;0;0;0;0;0;0;0;0;0;0;0;0;;;;0;0;0;0;0;0;0;0;0;0;0;0;0;0;0;0;0;0;0;0;0;0;0;0;Regular Season;0;0;0;0;0;0;0;0;0;0
42516;1988;1;13;Finnish Arena;0;12;10;0;0;0;0;0;0;0;0;0;0;0;0;;;;0;0;0;0;0;0;0;0;0;0;0;0;0;0;0;0;0;0;0;0;0;0;0;0;Regular Season;0;0;0;0;0;0;0;0;0;0
42518;1988;1;13;The Coop;0;22;5;0;0;0;0;0;0;0;0;0;0;0;0;;;;0;0;0;0;0;0;0;0;0;0;0;0;0;0;0;0;0;0;0;0;0;0;0;0;Regular Season;0;0;0;0;0;0;0;0;0;0
42571;1988;1;13;Mytischi Atlanti Mytischi Atlanti Arena;0;11;280;0;0;0;0;0;0;0;0;0;0;0;0;;;;0;0;0;0;0;0;0;0;0;0;0;0;0;0;0;0;0;0;0;0;0;0;0;0;Regular Season;0;0;0;0;0;0;0;0;0;0
42500;1988;1;13;Chicago Stadium;0;8;278;0;0;0;0;0;0;0;0;0;0;0;0;;;;0;0;0;0;0;0;0;0;0;0;0;0;0;0;0;0;0;0;0;0;0;0;0;0;Regular Season;0;0;0;0;0;0;0;0;0;0
42538;1988;1;13;Bell Centre;0;20;18;0;0;0;0;0;0;0;0;0;0;0;0;;;;0;0;0;0;0;0;0;0;0;0;0;0;0;0;0;0;0;0;0;0;0;0;0;0;Regular Season;0;0;0;0;0;0;0;0;0;0
42503;1988;1;13;Colisée de Trois-Rivières;0;24;19;0;0;0;0;0;0;0;0;0;0;0;0;;;;0;0;0;0;0;0;0;0;0;0;0;0;0;0;0;0;0;0;0;0;0;0;0;0;Regular Season;0;0;0;0;0;0;0;0;0;0
42486;1988;1;13;Victoria Memorial Arena;0;16;14;0;0;0;0;0;0;0;0;0;0;0;0;;;;0;0;0;0;0;0;0;0;0;0;0;0;0;0;0;0;0;0;0;0;0;0;0;0;Regular Season;0;0;0;0;0;0;0;0;0;0
42528;1988;1;13;Maple Leaf Gardens;0;3;9;0;0;0;0;0;0;0;0;0;0;0;0;;;;0;0;0;0;0;0;0;0;0;0;0;0;0;0;0;0;0;0;0;0;0;0;0;0;Regular Season;0;0;0;0;0;0;0;0;0;0
42540;1988;1;14;Calgary Cowboys Arena;0;25;278;0;0;0;0;0;0;0;0;0;0;0;0;;;;0;0;0;0;0;0;0;0;0;0;0;0;0;0;0;0;0;0;0;0;0;0;0;0;Regular Season;0;0;0;0;0;0;0;0;0;0
42578;1988;1;14;Moncton Coliseum;0;10;22;0;0;0;0;0;0;0;0;0;0;0;0;;;;0;0;0;0;0;0;0;0;0;0;0;0;0;0;0;0;0;0;0;0;0;0;0;0;Regular Season;0;0;0;0;0;0;0;0;0;0
42453;1988;1;14;Allen County War Memorial Coliseum;0;26;12;0;0;0;0;0;0;0;0;0;0;0;0;;;;0;0;0;0;0;0;0;0;0;0;0;0;0;0;0;0;0;0;0;0;0;0;0;0;Regular Season;0;0;0;0;0;0;0;0;0;0
42510;1988;1;14;Chicago Stadium;0;8;17;0;0;0;0;0;0;0;0;0;0;0;0;;;;0;0;0;0;0;0;0;0;0;0;0;0;0;0;0;0;0;0;0;0;0;0;0;0;Regular Season;0;0;0;0;0;0;0;0;0;0
42573;1988;1;14;Langley Events Centre;0;280;14;0;0;0;0;0;0;0;0;0;0;0;0;;;;0;0;0;0;0;0;0;0;0;0;0;0;0;0;0;0;0;0;0;0;0;0;0;0;Regular Season;0;0;0;0;0;0;0;0;0;0
42537;1988;1;15;Wichita Wind Arena;0;0;23;0;0;0;0;0;0;0;0;0;0;0;0;;;;0;0;0;0;0;0;0;0;0;0;0;0;0;0;0;0;0;0;0;0;0;0;0;0;Regular Season;0;0;0;0;0;0;0;0;0;0
42513;1988;1;15;The Cage;0;5;25;0;0;0;0;0;0;0;0;0;0;0;0;;;;0;0;0;0;0;0;0;0;0;0;0;0;0;0;0;0;0;0;0;0;0;0;0;0;Regular Season;0;0;0;0;0;0;0;0;0;0
42536;1988;1;16;Miami Arena;0;21;279;0;0;0;0;0;0;0;0;0;0;0;0;;;;0;0;0;0;0;0;0;0;0;0;0;0;0;0;0;0;0;0;0;0;0;0;0;0;Regular Season;0;0;0;0;0;0;0;0;0;0
42525;1988;1;16;The Coop;0;22;15;0;0;0;0;0;0;0;0;0;0;0;0;;;;0;0;0;0;0;0;0;0;0;0;0;0;0;0;0;0;0;0;0;0;0;0;0;0;Regular Season;0;0;0;0;0;0;0;0;0;0
42534;1988;1;17;Langley Events Centre;0;280;278;0;0;0;0;0;0;0;0;0;0;0;0;;;;0;0;0;0;0;0;0;0;0;0;0;0;0;0;0;0;0;0;0;0;0;0;0;0;Regular Season;0;0;0;0;0;0;0;0;0;0
42569;1988;1;17;Bell Centre;0;20;24;0;0;0;0;0;0;0;0;0;0;0;0;;;;0;0;0;0;0;0;0;0;0;0;0;0;0;0;0;0;0;0;0;0;0;0;0;0;Regular Season;0;0;0;0;0;0;0;0;0;0
42558;1988;1;17;Scotiabank Centre;0;9;22;0;0;0;0;0;0;0;0;0;0;0;0;;;;0;0;0;0;0;0;0;0;0;0;0;0;0;0;0;0;0;0;0;0;0;0;0;0;Regular Season;0;0;0;0;0;0;0;0;0;0
42584;1988;1;17;Maple Leaf Gardens;0;3;23;0;0;0;0;0;0;0;0;0;0;0;0;;;;0;0;0;0;0;0;0;0;0;0;0;0;0;0;0;0;0;0;0;0;0;0;0;0;Regular Season;0;0;0;0;0;0;0;0;0;0
42723;1988;1;17;The Cage;0;5;0;0;0;0;0;0;0;0;0;0;0;0;0;;;;0;0;0;0;0;0;0;0;0;0;0;0;0;0;0;0;0;0;0;0;0;0;0;0;Regular Season;0;0;0;0;0;0;0;0;0;0
42551;1988;1;17;Chicago Stadium;0;8;279;0;0;0;0;0;0;0;0;0;0;0;0;;;;0;0;0;0;0;0;0;0;0;0;0;0;0;0;0;0;0;0;0;0;0;0;0;0;Regular Season;0;0;0;0;0;0;0;0;0;0
42467;1988;1;17;Allen County War Memorial Coliseum;0;26;25;0;0;0;0;0;0;0;0;0;0;0;0;;;;0;0;0;0;0;0;0;0;0;0;0;0;0;0;0;0;0;0;0;0;0;0;0;0;Regular Season;0;0;0;0;0;0;0;0;0;0
42611;1988;1;18;Colisée de Trois-Rivières;0;24;10;0;0;0;0;0;0;0;0;0;0;0;0;;;;0;0;0;0;0;0;0;0;0;0;0;0;0;0;0;0;0;0;0;0;0;0;0;0;Regular Season;0;0;0;0;0;0;0;0;0;0
42466;1988;1;18;Maple Leaf Gardens;0;3;26;0;0;0;0;0;0;0;0;0;0;0;0;;;;0;0;0;0;0;0;0;0;0;0;0;0;0;0;0;0;0;0;0;0;0;0;0;0;Regular Season;0;0;0;0;0;0;0;0;0;0
42526;1988;1;18;Calgary Cowboys Arena;0;25;15;0;0;0;0;0;0;0;0;0;0;0;0;;;;0;0;0;0;0;0;0;0;0;0;0;0;0;0;0;0;0;0;0;0;0;0;0;0;Regular Season;0;0;0;0;0;0;0;0;0;0
42543;1988;1;18;Victoria Memorial Arena;0;16;8;0;0;0;0;0;0;0;0;0;0;0;0;;;;0;0;0;0;0;0;0;0;0;0;0;0;0;0;0;0;0;0;0;0;0;0;0;0;Regular Season;0;0;0;0;0;0;0;0;0;0
42542;1988;1;18;Miami Arena;0;21;20;0;0;0;0;0;0;0;0;0;0;0;0;;;;0;0;0;0;0;0;0;0;0;0;0;0;0;0;0;0;0;0;0;0;0;0;0;0;Regular Season;0;0;0;0;0;0;0;0;0;0
42613;1988;1;18;Finnish Arena;0;12;280;0;0;0;0;0;0;0;0;0;0;0;0;;;;0;0;0;0;0;0;0;0;0;0;0;0;0;0;0;0;0;0;0;0;0;0;0;0;Regular Season;0;0;0;0;0;0;0;0;0;0
42521;1988;1;18;Mytischi Atlanti Mytischi Atlanti Arena;0;11;17;0;0;0;0;0;0;0;0;0;0;0;0;;;;0;0;0;0;0;0;0;0;0;0;0;0;0;0;0;0;0;0;0;0;0;0;0;0;Regular Season;0;0;0;0;0;0;0;0;0;0
42585;1988;1;19;City Park Hockey Stadium;0;19;14;0;0;0;0;0;0;0;0;0;0;0;0;;;;0;0;0;0;0;0;0;0;0;0;0;0;0;0;0;0;0;0;0;0;0;0;0;0;Regular Season;0;0;0;0;0;0;0;0;0;0
42532;1988;1;19;Cross Insurance Arena;0;279;17;0;0;0;0;0;0;0;0;0;0;0;0;;;;0;0;0;0;0;0;0;0;0;0;0;0;0;0;0;0;0;0;0;0;0;0;0;0;Regular Season;0;0;0;0;0;0;0;0;0;0
42522;1988;1;20;Mytischi Atlanti Mytischi Atlanti Arena;0;11;278;0;0;0;0;0;0;0;0;0;0;0;0;;;;0;0;0;0;0;0;0;0;0;0;0;0;0;0;0;0;0;0;0;0;0;0;0;0;Regular Season;0;0;0;0;0;0;0;0;0;0
42626;1988;1;20;Wembley Arena;0;14;24;0;0;0;0;0;0;0;0;0;0;0;0;;;;0;0;0;0;0;0;0;0;0;0;0;0;0;0;0;0;0;0;0;0;0;0;0;0;Regular Season;0;0;0;0;0;0;0;0;0;0
42638;1988;1;20;Rexall Place;0;23;3;0;0;0;0;0;0;0;0;0;0;0;0;;;;0;0;0;0;0;0;0;0;0;0;0;0;0;0;0;0;0;0;0;0;0;0;0;0;Regular Season;0;0;0;0;0;0;0;0;0;0
42529;1988;1;20;Pittsburgh Civic Arena;0;15;16;0;0;0;0;0;0;0;0;0;0;0;0;;;;0;0;0;0;0;0;0;0;0;0;0;0;0;0;0;0;0;0;0;0;0;0;0;0;Regular Season;0;0;0;0;0;0;0;0;0;0
42559;1988;1;20;Wichita Wind Arena;0;0;9;0;0;0;0;0;0;0;0;0;0;0;0;;;;0;0;0;0;0;0;0;0;0;0;0;0;0;0;0;0;0;0;0;0;0;0;0;0;Regular Season;0;0;0;0;0;0;0;0;0;0
42594;1988;1;20;Maple Leaf Gardens;0;18;19;0;0;0;0;0;0;0;0;0;0;0;0;;;;0;0;0;0;0;0;0;0;0;0;0;0;0;0;0;0;0;0;0;0;0;0;0;0;Regular Season;0;0;0;0;0;0;0;0;0;0
42560;1988;1;20;Finnish Arena;0;12;22;0;0;0;0;0;0;0;0;0;0;0;0;;;;0;0;0;0;0;0;0;0;0;0;0;0;0;0;0;0;0;0;0;0;0;0;0;0;Regular Season;0;0;0;0;0;0;0;0;0;0
42576;1988;1;20;Chicago Stadium;0;8;21;0;0;0;0;0;0;0;0;0;0;0;0;;;;0;0;0;0;0;0;0;0;0;0;0;0;0;0;0;0;0;0;0;0;0;0;0;0;Regular Season;0;0;0;0;0;0;0;0;0;0
42470;1988;1;21;Scotiabank Centre;0;9;26;0;0;0;0;0;0;0;0;0;0;0;0;;;;0;0;0;0;0;0;0;0;0;0;0;0;0;0;0;0;0;0;0;0;0;0;0;0;Regular Season;0;0;0;0;0;0;0;0;0;0
42553;1988;1;21;Pittsburgh Civic Arena;0;15;5;0;0;0;0;0;0;0;0;0;0;0;0;;;;0;0;0;0;0;0;0;0;0;0;0;0;0;0;0;0;0;0;0;0;0;0;0;0;Regular Season;0;0;0;0;0;0;0;0;0;0
42579;1988;1;21;Miami Arena;0;21;10;0;0;0;0;0;0;0;0;0;0;0;0;;;;0;0;0;0;0;0;0;0;0;0;0;0;0;0;0;0;0;0;0;0;0;0;0;0;Regular Season;0;0;0;0;0;0;0;0;0;0
42575;1988;1;21;Finnish Arena;0;12;22;0;0;0;0;0;0;0;0;0;0;0;0;;;;0;0;0;0;0;0;0;0;0;0;0;0;0;0;0;0;0;0;0;0;0;0;0;0;Regular Season;0;0;0;0;0;0;0;0;0;0
42550;1988;1;21;Tokyo University Arena;0;17;279;0;0;0;0;0;0;0;0;0;0;0;0;;;;0;0;0;0;0;0;0;0;0;0;0;0;0;0;0;0;0;0;0;0;0;0;0;0;Regular Season;0;0;0;0;0;0;0;0;0;0
42663;1988;1;21;Bell Centre;0;20;23;0;0;0;0;0;0;0;0;0;0;0;0;;;;0;0;0;0;0;0;0;0;0;0;0;0;0;0;0;0;0;0;0;0;0;0;0;0;Regular Season;0;0;0;0;0;0;0;0;0;0
42531;1988;1;22;Mytischi Atlanti Mytischi Atlanti Arena;0;11;278;0;0;0;0;0;0;0;0;0;0;0;0;;;;0;0;0;0;0;0;0;0;0;0;0;0;0;0;0;0;0;0;0;0;0;0;0;0;Regular Season;0;0;0;0;0;0;0;0;0;0
42646;1988;1;22;City Park Hockey Stadium;0;19;0;0;0;0;0;0;0;0;0;0;0;0;0;;;;0;0;0;0;0;0;0;0;0;0;0;0;0;0;0;0;0;0;0;0;0;0;0;0;Regular Season;0;0;0;0;0;0;0;0;0;0
42635;1988;1;22;Moncton Coliseum;0;10;14;0;0;0;0;0;0;0;0;0;0;0;0;;;;0;0;0;0;0;0;0;0;0;0;0;0;0;0;0;0;0;0;0;0;0;0;0;0;Regular Season;0;0;0;0;0;0;0;0;0;0
42554;1988;1;22;Calgary Cowboys Arena;0;25;18;0;0;0;0;0;0;0;0;0;0;0;0;;;;0;0;0;0;0;0;0;0;0;0;0;0;0;0;0;0;0;0;0;0;0;0;0;0;Regular Season;0;0;0;0;0;0;0;0;0;0
42555;1988;1;22;Langley Events Centre;0;280;16;0;0;0;0;0;0;0;0;0;0;0;0;;;;0;0;0;0;0;0;0;0;0;0;0;0;0;0;0;0;0;0;0;0;0;0;0;0;Regular Season;0;0;0;0;0;0;0;0;0;0
42668;1988;1;24;Finnish Arena;0;12;0;0;0;0;0;0;0;0;0;0;0;0;0;;;;0;0;0;0;0;0;0;0;0;0;0;0;0;0;0;0;0;0;0;0;0;0;0;0;Regular Season;0;0;0;0;0;0;0;0;0;0
42567;1988;1;24; Arena;0;278;20;0;0;0;0;0;0;0;0;0;0;0;0;;;;0;0;0;0;0;0;0;0;0;0;0;0;0;0;0;0;0;0;0;0;0;0;0;0;Regular Season;0;0;0;0;0;0;0;0;0;0
42587;1988;1;24;Colisée de Trois-Rivières;0;24;22;0;0;0;0;0;0;0;0;0;0;0;0;;;;0;0;0;0;0;0;0;0;0;0;0;0;0;0;0;0;0;0;0;0;0;0;0;0;Regular Season;0;0;0;0;0;0;0;0;0;0
42476;1988;1;24;Allen County War Memorial Coliseum;0;26;10;0;0;0;0;0;0;0;0;0;0;0;0;;;;0;0;0;0;0;0;0;0;0;0;0;0;0;0;0;0;0;0;0;0;0;0;0;0;Regular Season;0;0;0;0;0;0;0;0;0;0
42699;1988;1;24;Wembley Arena;0;14;280;0;0;0;0;0;0;0;0;0;0;0;0;;;;0;0;0;0;0;0;0;0;0;0;0;0;0;0;0;0;0;0;0;0;0;0;0;0;Regular Season;0;0;0;0;0;0;0;0;0;0
42726;1988;1;25;Victoria Memorial Arena;0;16;20;0;0;0;0;0;0;0;0;0;0;0;0;;;;0;0;0;0;0;0;0;0;0;0;0;0;0;0;0;0;0;0;0;0;0;0;0;0;Regular Season;0;0;0;0;0;0;0;0;0;0
42672;1988;1;25;Wembley Arena;0;14;18;0;0;0;0;0;0;0;0;0;0;0;0;;;;0;0;0;0;0;0;0;0;0;0;0;0;0;0;0;0;0;0;0;0;0;0;0;0;Regular Season;0;0;0;0;0;0;0;0;0;0
42581;1988;1;25;Wichita Wind Arena;0;0;22;0;0;0;0;0;0;0;0;0;0;0;0;;;;0;0;0;0;0;0;0;0;0;0;0;0;0;0;0;0;0;0;0;0;0;0;0;0;Regular Season;0;0;0;0;0;0;0;0;0;0
42483;1988;1;25;Allen County War Memorial Coliseum;0;26;12;0;0;0;0;0;0;0;0;0;0;0;0;;;;0;0;0;0;0;0;0;0;0;0;0;0;0;0;0;0;0;0;0;0;0;0;0;0;Regular Season;0;0;0;0;0;0;0;0;0;0
42562;1988;1;25;Chicago Stadium;0;8;15;0;0;0;0;0;0;0;0;0;0;0;0;;;;0;0;0;0;0;0;0;0;0;0;0;0;0;0;0;0;0;0;0;0;0;0;0;0;Regular Season;0;0;0;0;0;0;0;0;0;0
42629;1988;1;25;Rexall Place;0;23;279;0;0;0;0;0;0;0;0;0;0;0;0;;;;0;0;0;0;0;0;0;0;0;0;0;0;0;0;0;0;0;0;0;0;0;0;0;0;Regular Season;0;0;0;0;0;0;0;0;0;0
42545;1988;1;25;Miami Arena;0;21;278;0;0;0;0;0;0;0;0;0;0;0;0;;;;0;0;0;0;0;0;0;0;0;0;0;0;0;0;0;0;0;0;0;0;0;0;0;0;Regular Season;0;0;0;0;0;0;0;0;0;0
42552;1988;1;25;The Cage;0;5;17;0;0;0;0;0;0;0;0;0;0;0;0;;;;0;0;0;0;0;0;0;0;0;0;0;0;0;0;0;0;0;0;0;0;0;0;0;0;Regular Season;0;0;0;0;0;0;0;0;0;0
42556;1988;1;25;City Park Hockey Stadium;0;19;25;0;0;0;0;0;0;0;0;0;0;0;0;;;;0;0;0;0;0;0;0;0;0;0;0;0;0;0;0;0;0;0;0;0;0;0;0;0;Regular Season;0;0;0;0;0;0;0;0;0;0
42570;1988;1;25;Scotiabank Centre;0;9;3;0;0;0;0;0;0;0;0;0;0;0;0;;;;0;0;0;0;0;0;0;0;0;0;0;0;0;0;0;0;0;0;0;0;0;0;0;0;Regular Season;0;0;0;0;0;0;0;0;0;0
42547;1988;1;26;Miami Arena;0;21;11;0;0;0;0;0;0;0;0;0;0;0;0;;;;0;0;0;0;0;0;0;0;0;0;0;0;0;0;0;0;0;0;0;0;0;0;0;0;Regular Season;0;0;0;0;0;0;0;0;0;0
42652;1988;1;26;Cross Insurance Arena;0;279;280;0;0;0;0;0;0;0;0;0;0;0;0;;;;0;0;0;0;0;0;0;0;0;0;0;0;0;0;0;0;0;0;0;0;0;0;0;0;Regular Season;0;0;0;0;0;0;0;0;0;0
42583;1988;1;26;Scotiabank Centre;0;9;25;0;0;0;0;0;0;0;0;0;0;0;0;;;;0;0;0;0;0;0;0;0;0;0;0;0;0;0;0;0;0;0;0;0;0;0;0;0;Regular Season;0;0;0;0;0;0;0;0;0;0
42544;1988;1;27; Arena;0;278;22;0;0;0;0;0;0;0;0;0;0;0;0;;;;0;0;0;0;0;0;0;0;0;0;0;0;0;0;0;0;0;0;0;0;0;0;0;0;Regular Season;0;0;0;0;0;0;0;0;0;0
42580;1988;1;27;Tokyo University Arena;0;17;8;0;0;0;0;0;0;0;0;0;0;0;0;;;;0;0;0;0;0;0;0;0;0;0;0;0;0;0;0;0;0;0;0;0;0;0;0;0;Regular Season;0;0;0;0;0;0;0;0;0;0
42658;1988;1;27;Finnish Arena;0;12;24;0;0;0;0;0;0;0;0;0;0;0;0;;;;0;0;0;0;0;0;0;0;0;0;0;0;0;0;0;0;0;0;0;0;0;0;0;0;Regular Season;0;0;0;0;0;0;0;0;0;0
42692;1988;1;27;Wembley Arena;0;14;10;0;0;0;0;0;0;0;0;0;0;0;0;;;;0;0;0;0;0;0;0;0;0;0;0;0;0;0;0;0;0;0;0;0;0;0;0;0;Regular Season;0;0;0;0;0;0;0;0;0;0
42758;1988;1;27;Maple Leaf Gardens;0;18;20;0;0;0;0;0;0;0;0;0;0;0;0;;;;0;0;0;0;0;0;0;0;0;0;0;0;0;0;0;0;0;0;0;0;0;0;0;0;Regular Season;0;0;0;0;0;0;0;0;0;0
42505;1988;1;27;Allen County War Memorial Coliseum;0;26;5;0;0;0;0;0;0;0;0;0;0;0;0;;;;0;0;0;0;0;0;0;0;0;0;0;0;0;0;0;0;0;0;0;0;0;0;0;0;Regular Season;0;0;0;0;0;0;0;0;0;0
42539;1988;1;28;Mytischi Atlanti Mytischi Atlanti Arena;0;11;3;0;0;0;0;0;0;0;0;0;0;0;0;;;;0;0;0;0;0;0;0;0;0;0;0;0;0;0;0;0;0;0;0;0;0;0;0;0;Regular Season;0;0;0;0;0;0;0;0;0;0
42656;1988;1;28;Cross Insurance Arena;0;279;23;0;0;0;0;0;0;0;0;0;0;0;0;;;;0;0;0;0;0;0;0;0;0;0;0;0;0;0;0;0;0;0;0;0;0;0;0;0;Regular Season;0;0;0;0;0;0;0;0;0;0
42596;1988;1;28;Miami Arena;0;21;17;0;0;0;0;0;0;0;0;0;0;0;0;;;;0;0;0;0;0;0;0;0;0;0;0;0;0;0;0;0;0;0;0;0;0;0;0;0;Regular Season;0;0;0;0;0;0;0;0;0;0
42653;1988;1;28;Wichita Wind Arena;0;0;16;0;0;0;0;0;0;0;0;0;0;0;0;;;;0;0;0;0;0;0;0;0;0;0;0;0;0;0;0;0;0;0;0;0;0;0;0;0;Regular Season;0;0;0;0;0;0;0;0;0;0
42599;1988;1;28;City Park Hockey Stadium;0;19;15;0;0;0;0;0;0;0;0;0;0;0;0;;;;0;0;0;0;0;0;0;0;0;0;0;0;0;0;0;0;0;0;0;0;0;0;0;0;Regular Season;0;0;0;0;0;0;0;0;0;0
42572;1988;1;29;Moncton Coliseum;0;10;11;0;0;0;0;0;0;0;0;0;0;0;0;;;;0;0;0;0;0;0;0;0;0;0;0;0;0;0;0;0;0;0;0;0;0;0;0;0;Regular Season;0;0;0;0;0;0;0;0;0;0
42667;1988;1;29;Rexall Place;0;23;24;0;0;0;0;0;0;0;0;0;0;0;0;;;;0;0;0;0;0;0;0;0;0;0;0;0;0;0;0;0;0;0;0;0;0;0;0;0;Regular Season;0;0;0;0;0;0;0;0;0;0
42564;1988;1;29;The Cage;0;5;9;0;0;0;0;0;0;0;0;0;0;0;0;;;;0;0;0;0;0;0;0;0;0;0;0;0;0;0;0;0;0;0;0;0;0;0;0;0;Regular Season;0;0;0;0;0;0;0;0;0;0
42589;1988;1;29;Victoria Memorial Arena;0;16;25;0;0;0;0;0;0;0;0;0;0;0;0;;;;0;0;0;0;0;0;0;0;0;0;0;0;0;0;0;0;0;0;0;0;0;0;0;0;Regular Season;0;0;0;0;0;0;0;0;0;0
42612;1988;1;29;Langley Events Centre;0;280;19;0;0;0;0;0;0;0;0;0;0;0;0;;;;0;0;0;0;0;0;0;0;0;0;0;0;0;0;0;0;0;0;0;0;0;0;0;0;Regular Season;0;0;0;0;0;0;0;0;0;0
42557;1988;1;30;Pittsburgh Civic Arena;0;15;8;0;0;0;0;0;0;0;0;0;0;0;0;;;;0;0;0;0;0;0;0;0;0;0;0;0;0;0;0;0;0;0;0;0;0;0;0;0;Regular Season;0;0;0;0;0;0;0;0;0;0
42831;1988;1;30;Miami Arena;0;21;18;0;0;0;0;0;0;0;0;0;0;0;0;;;;0;0;0;0;0;0;0;0;0;0;0;0;0;0;0;0;0;0;0;0;0;0;0;0;Regular Season;0;0;0;0;0;0;0;0;0;0
42769;1988;1;31;Wichita Wind Arena;0;0;3;0;0;0;0;0;0;0;0;0;0;0;0;;;;0;0;0;0;0;0;0;0;0;0;0;0;0;0;0;0;0;0;0;0;0;0;0;0;Regular Season;0;0;0;0;0;0;0;0;0;0
42535;1988;1;31;Wembley Arena;0;14;26;0;0;0;0;0;0;0;0;0;0;0;0;;;;0;0;0;0;0;0;0;0;0;0;0;0;0;0;0;0;0;0;0;0;0;0;0;0;Regular Season;0;0;0;0;0;0;0;0;0;0
42753;1988;1;31;Bell Centre;0;20;17;0;0;0;0;0;0;0;0;0;0;0;0;;;;0;0;0;0;0;0;0;0;0;0;0;0;0;0;0;0;0;0;0;0;0;0;0;0;Regular Season;0;0;0;0;0;0;0;0;0;0
42614;1988;1;31; Arena;0;278;23;0;0;0;0;0;0;0;0;0;0;0;0;;;;0;0;0;0;0;0;0;0;0;0;0;0;0;0;0;0;0;0;0;0;0;0;0;0;Regular Season;0;0;0;0;0;0;0;0;0;0
42628;1988;1;31;Langley Events Centre;0;280;8;0;0;0;0;0;0;0;0;0;0;0;0;;;;0;0;0;0;0;0;0;0;0;0;0;0;0;0;0;0;0;0;0;0;0;0;0;0;Regular Season;0;0;0;0;0;0;0;0;0;0
42586;1988;1;31;Maple Leaf Gardens;0;18;9;0;0;0;0;0;0;0;0;0;0;0;0;;;;0;0;0;0;0;0;0;0;0;0;0;0;0;0;0;0;0;0;0;0;0;0;0;0;Regular Season;0;0;0;0;0;0;0;0;0;0
42604;1988;1;31;The Coop;0;22;19;0;0;0;0;0;0;0;0;0;0;0;0;;;;0;0;0;0;0;0;0;0;0;0;0;0;0;0;0;0;0;0;0;0;0;0;0;0;Regular Season;0;0;0;0;0;0;0;0;0;0
42706;1988;2;1;Maple Leaf Gardens;0;3;24;0;0;0;0;0;0;0;0;0;0;0;0;;;;0;0;0;0;0;0;0;0;0;0;0;0;0;0;0;0;0;0;0;0;0;0;0;0;Regular Season;0;0;0;0;0;0;0;0;0;0
42568;1988;2;1;Moncton Coliseum;0;10;26;0;0;0;0;0;0;0;0;0;0;0;0;;;;0;0;0;0;0;0;0;0;0;0;0;0;0;0;0;0;0;0;0;0;0;0;0;0;Regular Season;0;0;0;0;0;0;0;0;0;0
42597;1988;2;1;Bell Centre;0;20;22;0;0;0;0;0;0;0;0;0;0;0;0;;;;0;0;0;0;0;0;0;0;0;0;0;0;0;0;0;0;0;0;0;0;0;0;0;0;Regular Season;0;0;0;0;0;0;0;0;0;0
42677;1988;2;1;The Cage;0;5;14;0;0;0;0;0;0;0;0;0;0;0;0;;;;0;0;0;0;0;0;0;0;0;0;0;0;0;0;0;0;0;0;0;0;0;0;0;0;Regular Season;0;0;0;0;0;0;0;0;0;0
42637;1988;2;1;Tokyo University Arena;0;17;21;0;0;0;0;0;0;0;0;0;0;0;0;;;;0;0;0;0;0;0;0;0;0;0;0;0;0;0;0;0;0;0;0;0;0;0;0;0;Regular Season;0;0;0;0;0;0;0;0;0;0
42603;1988;2;1;Victoria Memorial Arena;0;16;9;0;0;0;0;0;0;0;0;0;0;0;0;;;;0;0;0;0;0;0;0;0;0;0;0;0;0;0;0;0;0;0;0;0;0;0;0;0;Regular Season;0;0;0;0;0;0;0;0;0;0
42582;1988;2;1;Mytischi Atlanti Mytischi Atlanti Arena;0;11;15;0;0;0;0;0;0;0;0;0;0;0;0;;;;0;0;0;0;0;0;0;0;0;0;0;0;0;0;0;0;0;0;0;0;0;0;0;0;Regular Season;0;0;0;0;0;0;0;0;0;0
42574;1988;2;2;Calgary Cowboys Arena;0;25;11;0;0;0;0;0;0;0;0;0;0;0;0;;;;0;0;0;0;0;0;0;0;0;0;0;0;0;0;0;0;0;0;0;0;0;0;0;0;Regular Season;0;0;0;0;0;0;0;0;0;0
42683;1988;2;2;City Park Hockey Stadium;0;19;18;0;0;0;0;0;0;0;0;0;0;0;0;;;;0;0;0;0;0;0;0;0;0;0;0;0;0;0;0;0;0;0;0;0;0;0;0;0;Regular Season;0;0;0;0;0;0;0;0;0;0
42650;1988;2;3;Wembley Arena;0;14;8;0;0;0;0;0;0;0;0;0;0;0;0;;;;0;0;0;0;0;0;0;0;0;0;0;0;0;0;0;0;0;0;0;0;0;0;0;0;Regular Season;0;0;0;0;0;0;0;0;0;0
42546;1988;2;3;Colisée de Trois-Rivières;0;24;26;0;0;0;0;0;0;0;0;0;0;0;0;;;;0;0;0;0;0;0;0;0;0;0;0;0;0;0;0;0;0;0;0;0;0;0;0;0;Regular Season;0;0;0;0;0;0;0;0;0;0
42693;1988;2;3;Cross Insurance Arena;0;279;18;0;0;0;0;0;0;0;0;0;0;0;0;;;;0;0;0;0;0;0;0;0;0;0;0;0;0;0;0;0;0;0;0;0;0;0;0;0;Regular Season;0;0;0;0;0;0;0;0;0;0
42600;1988;2;3;Calgary Cowboys Arena;0;25;22;0;0;0;0;0;0;0;0;0;0;0;0;;;;0;0;0;0;0;0;0;0;0;0;0;0;0;0;0;0;0;0;0;0;0;0;0;0;Regular Season;0;0;0;0;0;0;0;0;0;0
42610;1988;2;3; Arena;0;278;10;0;0;0;0;0;0;0;0;0;0;0;0;;;;0;0;0;0;0;0;0;0;0;0;0;0;0;0;0;0;0;0;0;0;0;0;0;0;Regular Season;0;0;0;0;0;0;0;0;0;0
42655;1988;2;3;Wichita Wind Arena;0;0;21;0;0;0;0;0;0;0;0;0;0;0;0;;;;0;0;0;0;0;0;0;0;0;0;0;0;0;0;0;0;0;0;0;0;0;0;0;0;Regular Season;0;0;0;0;0;0;0;0;0;0
42665;1988;2;3;Victoria Memorial Arena;0;16;12;0;0;0;0;0;0;0;0;0;0;0;0;;;;0;0;0;0;0;0;0;0;0;0;0;0;0;0;0;0;0;0;0;0;0;0;0;0;Regular Season;0;0;0;0;0;0;0;0;0;0
42602;1988;2;3;Scotiabank Centre;0;9;280;0;0;0;0;0;0;0;0;0;0;0;0;;;;0;0;0;0;0;0;0;0;0;0;0;0;0;0;0;0;0;0;0;0;0;0;0;0;Regular Season;0;0;0;0;0;0;0;0;0;0
42679;1988;2;4;Maple Leaf Gardens;0;3;5;0;0;0;0;0;0;0;0;0;0;0;0;;;;0;0;0;0;0;0;0;0;0;0;0;0;0;0;0;0;0;0;0;0;0;0;0;0;Regular Season;0;0;0;0;0;0;0;0;0;0
42598;1988;2;4;Cross Insurance Arena;0;279;11;0;0;0;0;0;0;0;0;0;0;0;0;;;;0;0;0;0;0;0;0;0;0;0;0;0;0;0;0;0;0;0;0;0;0;0;0;0;Regular Season;0;0;0;0;0;0;0;0;0;0
42752;1988;2;4;Allen County War Memorial Coliseum;0;26;24;0;0;0;0;0;0;0;0;0;0;0;0;;;;0;0;0;0;0;0;0;0;0;0;0;0;0;0;0;0;0;0;0;0;0;0;0;0;Regular Season;0;0;0;0;0;0;0;0;0;0
42631;1988;2;4;Wichita Wind Arena;0;0;278;0;0;0;0;0;0;0;0;0;0;0;0;;;;0;0;0;0;0;0;0;0;0;0;0;0;0;0;0;0;0;0;0;0;0;0;0;0;Regular Season;0;0;0;0;0;0;0;0;0;0
42675;1988;2;4;Victoria Memorial Arena;0;16;20;0;0;0;0;0;0;0;0;0;0;0;0;;;;0;0;0;0;0;0;0;0;0;0;0;0;0;0;0;0;0;0;0;0;0;0;0;0;Regular Season;0;0;0;0;0;0;0;0;0;0
42615;1988;2;4;Chicago Stadium;0;8;15;0;0;0;0;0;0;0;0;0;0;0;0;;;;0;0;0;0;0;0;0;0;0;0;0;0;0;0;0;0;0;0;0;0;0;0;0;0;Regular Season;0;0;0;0;0;0;0;0;0;0
42642;1988;2;4;Tokyo University Arena;0;17;21;0;0;0;0;0;0;0;0;0;0;0;0;;;;0;0;0;0;0;0;0;0;0;0;0;0;0;0;0;0;0;0;0;0;0;0;0;0;Regular Season;0;0;0;0;0;0;0;0;0;0
42691;1988;2;5;The Cage;0;5;12;0;0;0;0;0;0;0;0;0;0;0;0;;;;0;0;0;0;0;0;0;0;0;0;0;0;0;0;0;0;0;0;0;0;0;0;0;0;Regular Season;0;0;0;0;0;0;0;0;0;0
42606;1988;2;5;Calgary Cowboys Arena;0;25;15;0;0;0;0;0;0;0;0;0;0;0;0;;;;0;0;0;0;0;0;0;0;0;0;0;0;0;0;0;0;0;0;0;0;0;0;0;0;Regular Season;0;0;0;0;0;0;0;0;0;0
42737;1988;2;6;Moncton Coliseum;0;10;19;0;0;0;0;0;0;0;0;0;0;0;0;;;;0;0;0;0;0;0;0;0;0;0;0;0;0;0;0;0;0;0;0;0;0;0;0;0;Regular Season;0;0;0;0;0;0;0;0;0;0
42734;1988;2;6;Langley Events Centre;0;280;23;0;0;0;0;0;0;0;0;0;0;0;0;;;;0;0;0;0;0;0;0;0;0;0;0;0;0;0;0;0;0;0;0;0;0;0;0;0;Regular Season;0;0;0;0;0;0;0;0;0;0
42695;1988;2;6;Colisée de Trois-Rivières;0;24;12;0;0;0;0;0;0;0;0;0;0;0;0;;;;0;0;0;0;0;0;0;0;0;0;0;0;0;0;0;0;0;0;0;0;0;0;0;0;Regular Season;0;0;0;0;0;0;0;0;0;0
42608;1988;2;7;Scotiabank Centre;0;9;20;0;0;0;0;0;0;0;0;0;0;0;0;;;;0;0;0;0;0;0;0;0;0;0;0;0;0;0;0;0;0;0;0;0;0;0;0;0;Regular Season;0;0;0;0;0;0;0;0;0;0
42609;1988;2;7;Mytischi Atlanti Mytischi Atlanti Arena;0;11;15;0;0;0;0;0;0;0;0;0;0;0;0;;;;0;0;0;0;0;0;0;0;0;0;0;0;0;0;0;0;0;0;0;0;0;0;0;0;Regular Season;0;0;0;0;0;0;0;0;0;0
42709;1988;2;7;Colisée de Trois-Rivières;0;24;280;0;0;0;0;0;0;0;0;0;0;0;0;;;;0;0;0;0;0;0;0;0;0;0;0;0;0;0;0;0;0;0;0;0;0;0;0;0;Regular Season;0;0;0;0;0;0;0;0;0;0
42649;1988;2;7;City Park Hockey Stadium;0;19;278;0;0;0;0;0;0;0;0;0;0;0;0;;;;0;0;0;0;0;0;0;0;0;0;0;0;0;0;0;0;0;0;0;0;0;0;0;0;Regular Season;0;0;0;0;0;0;0;0;0;0
42708;1988;2;7;Cross Insurance Arena;0;279;23;0;0;0;0;0;0;0;0;0;0;0;0;;;;0;0;0;0;0;0;0;0;0;0;0;0;0;0;0;0;0;0;0;0;0;0;0;0;Regular Season;0;0;0;0;0;0;0;0;0;0
42607;1988;2;7;Maple Leaf Gardens;0;3;22;0;0;0;0;0;0;0;0;0;0;0;0;;;;0;0;0;0;0;0;0;0;0;0;0;0;0;0;0;0;0;0;0;0;0;0;0;0;Regular Season;0;0;0;0;0;0;0;0;0;0
42800;1988;2;8;Wichita Wind Arena;0;0;5;0;0;0;0;0;0;0;0;0;0;0;0;;;;0;0;0;0;0;0;0;0;0;0;0;0;0;0;0;0;0;0;0;0;0;0;0;0;Regular Season;0;0;0;0;0;0;0;0;0;0
42616;1988;2;8;Scotiabank Centre;0;9;12;0;0;0;0;0;0;0;0;0;0;0;0;;;;0;0;0;0;0;0;0;0;0;0;0;0;0;0;0;0;0;0;0;0;0;0;0;0;Regular Season;0;0;0;0;0;0;0;0;0;0
42592;1988;2;8;Allen County War Memorial Coliseum;0;26;22;0;0;0;0;0;0;0;0;0;0;0;0;;;;0;0;0;0;0;0;0;0;0;0;0;0;0;0;0;0;0;0;0;0;0;0;0;0;Regular Season;0;0;0;0;0;0;0;0;0;0
42630;1988;2;8;Chicago Stadium;0;8;25;0;0;0;0;0;0;0;0;0;0;0;0;;;;0;0;0;0;0;0;0;0;0;0;0;0;0;0;0;0;0;0;0;0;0;0;0;0;Regular Season;0;0;0;0;0;0;0;0;0;0
42696;1988;2;8;Tokyo University Arena;0;17;14;0;0;0;0;0;0;0;0;0;0;0;0;;;;0;0;0;0;0;0;0;0;0;0;0;0;0;0;0;0;0;0;0;0;0;0;0;0;Regular Season;0;0;0;0;0;0;0;0;0;0
42605;1988;2;8;Mytischi Atlanti Mytischi Atlanti Arena;0;11;10;0;0;0;0;0;0;0;0;0;0;0;0;;;;0;0;0;0;0;0;0;0;0;0;0;0;0;0;0;0;0;0;0;0;0;0;0;0;Regular Season;0;0;0;0;0;0;0;0;0;0
42634;1988;2;8; Arena;0;278;16;0;0;0;0;0;0;0;0;0;0;0;0;;;;0;0;0;0;0;0;0;0;0;0;0;0;0;0;0;0;0;0;0;0;0;0;0;0;Regular Season;0;0;0;0;0;0;0;0;0;0
42712;1988;2;9;Maple Leaf Gardens;0;18;21;0;0;0;0;0;0;0;0;0;0;0;0;;;;0;0;0;0;0;0;0;0;0;0;0;0;0;0;0;0;0;0;0;0;0;0;0;0;Regular Season;0;0;0;0;0;0;0;0;0;0
42623;1988;2;9;Pittsburgh Civic Arena;0;15;12;0;0;0;0;0;0;0;0;0;0;0;0;;;;0;0;0;0;0;0;0;0;0;0;0;0;0;0;0;0;0;0;0;0;0;0;0;0;Regular Season;0;0;0;0;0;0;0;0;0;0
42632;1988;2;10;Wichita Wind Arena;0;0;26;0;0;0;0;0;0;0;0;0;0;0;0;;;;0;0;0;0;0;0;0;0;0;0;0;0;0;0;0;0;0;0;0;0;0;0;0;0;Regular Season;0;0;0;0;0;0;0;0;0;0
42619;1988;2;10;The Coop;0;22;17;0;0;0;0;0;0;0;0;0;0;0;0;;;;0;0;0;0;0;0;0;0;0;0;0;0;0;0;0;0;0;0;0;0;0;0;0;0;Regular Season;0;0;0;0;0;0;0;0;0;0
42822;1988;2;10;Maple Leaf Gardens;0;3;19;0;0;0;0;0;0;0;0;0;0;0;0;;;;0;0;0;0;0;0;0;0;0;0;0;0;0;0;0;0;0;0;0;0;0;0;0;0;Regular Season;0;0;0;0;0;0;0;0;0;0
42664;1988;2;10;Moncton Coliseum;0;10;21;0;0;0;0;0;0;0;0;0;0;0;0;;;;0;0;0;0;0;0;0;0;0;0;0;0;0;0;0;0;0;0;0;0;0;0;0;0;Regular Season;0;0;0;0;0;0;0;0;0;0
42625;1988;2;10;Bell Centre;0;20;8;0;0;0;0;0;0;0;0;0;0;0;0;;;;0;0;0;0;0;0;0;0;0;0;0;0;0;0;0;0;0;0;0;0;0;0;0;0;Regular Season;0;0;0;0;0;0;0;0;0;0
42643;1988;2;10;Cross Insurance Arena;0;279;9;0;0;0;0;0;0;0;0;0;0;0;0;;;;0;0;0;0;0;0;0;0;0;0;0;0;0;0;0;0;0;0;0;0;0;0;0;0;Regular Season;0;0;0;0;0;0;0;0;0;0
42905;1988;2;10;Langley Events Centre;0;280;18;0;0;0;0;0;0;0;0;0;0;0;0;;;;0;0;0;0;0;0;0;0;0;0;0;0;0;0;0;0;0;0;0;0;0;0;0;0;Regular Season;0;0;0;0;0;0;0;0;0;0
42689;1988;2;10;Victoria Memorial Arena;0;16;5;0;0;0;0;0;0;0;0;0;0;0;0;;;;0;0;0;0;0;0;0;0;0;0;0;0;0;0;0;0;0;0;0;0;0;0;0;0;Regular Season;0;0;0;0;0;0;0;0;0;0
42651;1988;2;10;Calgary Cowboys Arena;0;25;23;0;0;0;0;0;0;0;0;0;0;0;0;;;;0;0;0;0;0;0;0;0;0;0;0;0;0;0;0;0;0;0;0;0;0;0;0;0;Regular Season;0;0;0;0;0;0;0;0;0;0
42687;1988;2;11;Wembley Arena;0;14;279;0;0;0;0;0;0;0;0;0;0;0;0;;;;0;0;0;0;0;0;0;0;0;0;0;0;0;0;0;0;0;0;0;0;0;0;0;0;Regular Season;0;0;0;0;0;0;0;0;0;0
42640;1988;2;11;Allen County War Memorial Coliseum;0;26;24;0;0;0;0;0;0;0;0;0;0;0;0;;;;0;0;0;0;0;0;0;0;0;0;0;0;0;0;0;0;0;0;0;0;0;0;0;0;Regular Season;0;0;0;0;0;0;0;0;0;0
42707;1988;2;11;Victoria Memorial Arena;0;16;3;0;0;0;0;0;0;0;0;0;0;0;0;;;;0;0;0;0;0;0;0;0;0;0;0;0;0;0;0;0;0;0;0;0;0;0;0;0;Regular Season;0;0;0;0;0;0;0;0;0;0
42744;1988;2;11;Moncton Coliseum;0;10;280;0;0;0;0;0;0;0;0;0;0;0;0;;;;0;0;0;0;0;0;0;0;0;0;0;0;0;0;0;0;0;0;0;0;0;0;0;0;Regular Season;0;0;0;0;0;0;0;0;0;0
42659;1988;2;11;Chicago Stadium;0;8;5;0;0;0;0;0;0;0;0;0;0;0;0;;;;0;0;0;0;0;0;0;0;0;0;0;0;0;0;0;0;0;0;0;0;0;0;0;0;Regular Season;0;0;0;0;0;0;0;0;0;0
42633;1988;2;12;Pittsburgh Civic Arena;0;15;278;0;0;0;0;0;0;0;0;0;0;0;0;;;;0;0;0;0;0;0;0;0;0;0;0;0;0;0;0;0;0;0;0;0;0;0;0;0;Regular Season;0;0;0;0;0;0;0;0;0;0
42735;1988;2;12;Wembley Arena;0;14;12;0;0;0;0;0;0;0;0;0;0;0;0;;;;0;0;0;0;0;0;0;0;0;0;0;0;0;0;0;0;0;0;0;0;0;0;0;0;Regular Season;0;0;0;0;0;0;0;0;0;0
42746;1988;2;12;Wichita Wind Arena;0;0;19;0;0;0;0;0;0;0;0;0;0;0;0;;;;0;0;0;0;0;0;0;0;0;0;0;0;0;0;0;0;0;0;0;0;0;0;0;0;Regular Season;0;0;0;0;0;0;0;0;0;0
42713;1988;2;12;Bell Centre;0;20;21;0;0;0;0;0;0;0;0;0;0;0;0;;;;0;0;0;0;0;0;0;0;0;0;0;0;0;0;0;0;0;0;0;0;0;0;0;0;Regular Season;0;0;0;0;0;0;0;0;0;0
42639;1988;2;12;Calgary Cowboys Arena;0;25;17;0;0;0;0;0;0;0;0;0;0;0;0;;;;0;0;0;0;0;0;0;0;0;0;0;0;0;0;0;0;0;0;0;0;0;0;0;0;Regular Season;0;0;0;0;0;0;0;0;0;0
42861;1988;2;12;Maple Leaf Gardens;0;18;23;0;0;0;0;0;0;0;0;0;0;0;0;;;;0;0;0;0;0;0;0;0;0;0;0;0;0;0;0;0;0;0;0;0;0;0;0;0;Regular Season;0;0;0;0;0;0;0;0;0;0
42617;1988;2;13;Colisée de Trois-Rivières;0;24;11;0;0;0;0;0;0;0;0;0;0;0;0;;;;0;0;0;0;0;0;0;0;0;0;0;0;0;0;0;0;0;0;0;0;0;0;0;0;Regular Season;0;0;0;0;0;0;0;0;0;0
42624;1988;2;14;The Coop;0;22;0;0;0;0;0;0;0;0;0;0;0;0;0;;;;0;0;0;0;0;0;0;0;0;0;0;0;0;0;0;0;0;0;0;0;0;0;0;0;Regular Season;0;0;0;0;0;0;0;0;0;0
42711;1988;2;14;Calgary Cowboys Arena;0;25;14;0;0;0;0;0;0;0;0;0;0;0;0;;;;0;0;0;0;0;0;0;0;0;0;0;0;0;0;0;0;0;0;0;0;0;0;0;0;Regular Season;0;0;0;0;0;0;0;0;0;0
42715;1988;2;14;Pittsburgh Civic Arena;0;15;280;0;0;0;0;0;0;0;0;0;0;0;0;;;;0;0;0;0;0;0;0;0;0;0;0;0;0;0;0;0;0;0;0;0;0;0;0;0;Regular Season;0;0;0;0;0;0;0;0;0;0
42680;1988;2;14;Allen County War Memorial Coliseum;0;26;23;0;0;0;0;0;0;0;0;0;0;0;0;;;;0;0;0;0;0;0;0;0;0;0;0;0;0;0;0;0;0;0;0;0;0;0;0;0;Regular Season;0;0;0;0;0;0;0;0;0;0
42686;1988;2;14;The Cage;0;5;278;0;0;0;0;0;0;0;0;0;0;0;0;;;;0;0;0;0;0;0;0;0;0;0;0;0;0;0;0;0;0;0;0;0;0;0;0;0;Regular Season;0;0;0;0;0;0;0;0;0;0
42670;1988;2;14;Chicago Stadium;0;8;16;0;0;0;0;0;0;0;0;0;0;0;0;;;;0;0;0;0;0;0;0;0;0;0;0;0;0;0;0;0;0;0;0;0;0;0;0;0;Regular Season;0;0;0;0;0;0;0;0;0;0
42627;1988;2;15;The Coop;0;22;0;0;0;0;0;0;0;0;0;0;0;0;0;;;;0;0;0;0;0;0;0;0;0;0;0;0;0;0;0;0;0;0;0;0;0;0;0;0;Regular Season;0;0;0;0;0;0;0;0;0;0
42673;1988;2;15;Scotiabank Centre;0;9;5;0;0;0;0;0;0;0;0;0;0;0;0;;;;0;0;0;0;0;0;0;0;0;0;0;0;0;0;0;0;0;0;0;0;0;0;0;0;Regular Season;0;0;0;0;0;0;0;0;0;0
42674;1988;2;15;Chicago Stadium;0;8;18;0;0;0;0;0;0;0;0;0;0;0;0;;;;0;0;0;0;0;0;0;0;0;0;0;0;0;0;0;0;0;0;0;0;0;0;0;0;Regular Season;0;0;0;0;0;0;0;0;0;0
42676;1988;2;15; Arena;0;278;23;0;0;0;0;0;0;0;0;0;0;0;0;;;;0;0;0;0;0;0;0;0;0;0;0;0;0;0;0;0;0;0;0;0;0;0;0;0;Regular Season;0;0;0;0;0;0;0;0;0;0
42736;1988;2;15;Finnish Arena;0;12;3;0;0;0;0;0;0;0;0;0;0;0;0;;;;0;0;0;0;0;0;0;0;0;0;0;0;0;0;0;0;0;0;0;0;0;0;0;0;Regular Season;0;0;0;0;0;0;0;0;0;0
42618;1988;2;15;Miami Arena;0;21;11;0;0;0;0;0;0;0;0;0;0;0;0;;;;0;0;0;0;0;0;0;0;0;0;0;0;0;0;0;0;0;0;0;0;0;0;0;0;Regular Season;0;0;0;0;0;0;0;0;0;0
42697;1988;2;15;Tokyo University Arena;0;17;20;0;0;0;0;0;0;0;0;0;0;0;0;;;;0;0;0;0;0;0;0;0;0;0;0;0;0;0;0;0;0;0;0;0;0;0;0;0;Regular Season;0;0;0;0;0;0;0;0;0;0
42660;1988;2;15;Allen County War Memorial Coliseum;0;26;14;0;0;0;0;0;0;0;0;0;0;0;0;;;;0;0;0;0;0;0;0;0;0;0;0;0;0;0;0;0;0;0;0;0;0;0;0;0;Regular Season;0;0;0;0;0;0;0;0;0;0
42772;1988;2;15;Langley Events Centre;0;280;10;0;0;0;0;0;0;0;0;0;0;0;0;;;;0;0;0;0;0;0;0;0;0;0;0;0;0;0;0;0;0;0;0;0;0;0;0;0;Regular Season;0;0;0;0;0;0;0;0;0;0
42727;1988;2;16;Finnish Arena;0;12;3;0;0;0;0;0;0;0;0;0;0;0;0;;;;0;0;0;0;0;0;0;0;0;0;0;0;0;0;0;0;0;0;0;0;0;0;0;0;Regular Season;0;0;0;0;0;0;0;0;0;0
42669;1988;2;16;Miami Arena;0;21;24;0;0;0;0;0;0;0;0;0;0;0;0;;;;0;0;0;0;0;0;0;0;0;0;0;0;0;0;0;0;0;0;0;0;0;0;0;0;Regular Season;0;0;0;0;0;0;0;0;0;0
42775;1988;2;16;Maple Leaf Gardens;0;18;16;0;0;0;0;0;0;0;0;0;0;0;0;;;;0;0;0;0;0;0;0;0;0;0;0;0;0;0;0;0;0;0;0;0;0;0;0;0;Regular Season;0;0;0;0;0;0;0;0;0;0
42657;1988;2;17;Scotiabank Centre;0;9;22;0;0;0;0;0;0;0;0;0;0;0;0;;;;0;0;0;0;0;0;0;0;0;0;0;0;0;0;0;0;0;0;0;0;0;0;0;0;Regular Season;0;0;0;0;0;0;0;0;0;0
42636;1988;2;17;Pittsburgh Civic Arena;0;15;11;0;0;0;0;0;0;0;0;0;0;0;0;;;;0;0;0;0;0;0;0;0;0;0;0;0;0;0;0;0;0;0;0;0;0;0;0;0;Regular Season;0;0;0;0;0;0;0;0;0;0
42682;1988;2;17;Allen County War Memorial Coliseum;0;26;279;0;0;0;0;0;0;0;0;0;0;0;0;;;;0;0;0;0;0;0;0;0;0;0;0;0;0;0;0;0;0;0;0;0;0;0;0;0;Regular Season;0;0;0;0;0;0;0;0;0;0
42767;1988;2;17;Wembley Arena;0;14;23;0;0;0;0;0;0;0;0;0;0;0;0;;;;0;0;0;0;0;0;0;0;0;0;0;0;0;0;0;0;0;0;0;0;0;0;0;0;Regular Season;0;0;0;0;0;0;0;0;0;0
42724;1988;2;17;Colisée de Trois-Rivières;0;24;0;0;0;0;0;0;0;0;0;0;0;0;0;;;;0;0;0;0;0;0;0;0;0;0;0;0;0;0;0;0;0;0;0;0;0;0;0;0;Regular Season;0;0;0;0;0;0;0;0;0;0
42641;1988;2;18;Pittsburgh Civic Arena;0;15;19;0;0;0;0;0;0;0;0;0;0;0;0;;;;0;0;0;0;0;0;0;0;0;0;0;0;0;0;0;0;0;0;0;0;0;0;0;0;Regular Season;0;0;0;0;0;0;0;0;0;0
42725;1988;2;18;Finnish Arena;0;12;20;0;0;0;0;0;0;0;0;0;0;0;0;;;;0;0;0;0;0;0;0;0;0;0;0;0;0;0;0;0;0;0;0;0;0;0;0;0;Regular Season;0;0;0;0;0;0;0;0;0;0
42644;1988;2;18;The Cage;0;5;11;0;0;0;0;0;0;0;0;0;0;0;0;;;;0;0;0;0;0;0;0;0;0;0;0;0;0;0;0;0;0;0;0;0;0;0;0;0;Regular Season;0;0;0;0;0;0;0;0;0;0
42684;1988;2;18;Calgary Cowboys Arena;0;25;8;0;0;0;0;0;0;0;0;0;0;0;0;;;;0;0;0;0;0;0;0;0;0;0;0;0;0;0;0;0;0;0;0;0;0;0;0;0;Regular Season;0;0;0;0;0;0;0;0;0;0
42739;1988;2;18;Miami Arena;0;21;17;0;0;0;0;0;0;0;0;0;0;0;0;;;;0;0;0;0;0;0;0;0;0;0;0;0;0;0;0;0;0;0;0;0;0;0;0;0;Regular Season;0;0;0;0;0;0;0;0;0;0
42733;1988;3;4;Cross Insurance Arena;0;279;25;0;0;0;0;0;0;0;0;0;0;0;0;;;;0;0;0;0;0;0;0;0;0;0;0;0;0;0;0;0;0;0;0;0;0;0;0;0;Regular Season;0;0;0;0;0;0;0;0;0;0
42751;1988;3;4;Moncton Coliseum;0;10;280;0;0;0;0;0;0;0;0;0;0;0;0;;;;0;0;0;0;0;0;0;0;0;0;0;0;0;0;0;0;0;0;0;0;0;0;0;0;Regular Season;0;0;0;0;0;0;0;0;0;0
42851;1988;3;4;Scotiabank Centre;0;9;21;0;0;0;0;0;0;0;0;0;0;0;0;;;;0;0;0;0;0;0;0;0;0;0;0;0;0;0;0;0;0;0;0;0;0;0;0;0;Regular Season;0;0;0;0;0;0;0;0;0;0
42745;1988;3;4;Tokyo University Arena;0;17;278;0;0;0;0;0;0;0;0;0;0;0;0;;;;0;0;0;0;0;0;0;0;0;0;0;0;0;0;0;0;0;0;0;0;0;0;0;0;Regular Season;0;0;0;0;0;0;0;0;0;0
42809;1988;3;4;Maple Leaf Gardens;0;18;20;0;0;0;0;0;0;0;0;0;0;0;0;;;;0;0;0;0;0;0;0;0;0;0;0;0;0;0;0;0;0;0;0;0;0;0;0;0;Regular Season;0;0;0;0;0;0;0;0;0;0
42694;1988;3;5;City Park Hockey Stadium;0;19;9;0;0;0;0;0;0;0;0;0;0;0;0;;;;0;0;0;0;0;0;0;0;0;0;0;0;0;0;0;0;0;0;0;0;0;0;0;0;Regular Season;0;0;0;0;0;0;0;0;0;0
42719;1988;3;5;Moncton Coliseum;0;10;24;0;0;0;0;0;0;0;0;0;0;0;0;;;;0;0;0;0;0;0;0;0;0;0;0;0;0;0;0;0;0;0;0;0;0;0;0;0;Regular Season;0;0;0;0;0;0;0;0;0;0
42645;1988;3;6;Calgary Cowboys Arena;0;25;11;0;0;0;0;0;0;0;0;0;0;0;0;;;;0;0;0;0;0;0;0;0;0;0;0;0;0;0;0;0;0;0;0;0;0;0;0;0;Regular Season;0;0;0;0;0;0;0;0;0;0
42866;1988;3;6;Rexall Place;0;23;21;0;0;0;0;0;0;0;0;0;0;0;0;;;;0;0;0;0;0;0;0;0;0;0;0;0;0;0;0;0;0;0;0;0;0;0;0;0;Regular Season;0;0;0;0;0;0;0;0;0;0
42859;1988;3;6;Finnish Arena;0;12;16;0;0;0;0;0;0;0;0;0;0;0;0;;;;0;0;0;0;0;0;0;0;0;0;0;0;0;0;0;0;0;0;0;0;0;0;0;0;Regular Season;0;0;0;0;0;0;0;0;0;0
42756;1988;3;6;Maple Leaf Gardens;0;18;26;0;0;0;0;0;0;0;0;0;0;0;0;;;;0;0;0;0;0;0;0;0;0;0;0;0;0;0;0;0;0;0;0;0;0;0;0;0;Regular Season;0;0;0;0;0;0;0;0;0;0
42804;1988;3;6;Wembley Arena;0;14;0;0;0;0;0;0;0;0;0;0;0;0;0;;;;0;0;0;0;0;0;0;0;0;0;0;0;0;0;0;0;0;0;0;0;0;0;0;0;Regular Season;0;0;0;0;0;0;0;0;0;0
42681;1988;3;6;Pittsburgh Civic Arena;0;15;22;0;0;0;0;0;0;0;0;0;0;0;0;;;;0;0;0;0;0;0;0;0;0;0;0;0;0;0;0;0;0;0;0;0;0;0;0;0;Regular Season;0;0;0;0;0;0;0;0;0;0
42833;1988;3;6; Arena;0;278;17;0;0;0;0;0;0;0;0;0;0;0;0;;;;0;0;0;0;0;0;0;0;0;0;0;0;0;0;0;0;0;0;0;0;0;0;0;0;Regular Season;0;0;0;0;0;0;0;0;0;0
42879;1988;3;7;Cross Insurance Arena;0;279;20;0;0;0;0;0;0;0;0;0;0;0;0;;;;0;0;0;0;0;0;0;0;0;0;0;0;0;0;0;0;0;0;0;0;0;0;0;0;Regular Season;0;0;0;0;0;0;0;0;0;0
42764;1988;3;7;Finnish Arena;0;12;3;0;0;0;0;0;0;0;0;0;0;0;0;;;;0;0;0;0;0;0;0;0;0;0;0;0;0;0;0;0;0;0;0;0;0;0;0;0;Regular Season;0;0;0;0;0;0;0;0;0;0
42703;1988;3;7;Moncton Coliseum;0;10;22;0;0;0;0;0;0;0;0;0;0;0;0;;;;0;0;0;0;0;0;0;0;0;0;0;0;0;0;0;0;0;0;0;0;0;0;0;0;Regular Season;0;0;0;0;0;0;0;0;0;0
42690;1988;3;7;Miami Arena;0;21;5;0;0;0;0;0;0;0;0;0;0;0;0;;;;0;0;0;0;0;0;0;0;0;0;0;0;0;0;0;0;0;0;0;0;0;0;0;0;Regular Season;0;0;0;0;0;0;0;0;0;0
42812;1988;3;7;Allen County War Memorial Coliseum;0;26;0;0;0;0;0;0;0;0;0;0;0;0;0;;;;0;0;0;0;0;0;0;0;0;0;0;0;0;0;0;0;0;0;0;0;0;0;0;0;Regular Season;0;0;0;0;0;0;0;0;0;0
42774;1988;3;7;Colisée de Trois-Rivières;0;24;19;0;0;0;0;0;0;0;0;0;0;0;0;;;;0;0;0;0;0;0;0;0;0;0;0;0;0;0;0;0;0;0;0;0;0;0;0;0;Regular Season;0;0;0;0;0;0;0;0;0;0
42743;1988;3;7;Langley Events Centre;0;280;25;0;0;0;0;0;0;0;0;0;0;0;0;;;;0;0;0;0;0;0;0;0;0;0;0;0;0;0;0;0;0;0;0;0;0;0;0;0;Regular Season;0;0;0;0;0;0;0;0;0;0
42705;1988;3;7;Scotiabank Centre;0;9;23;0;0;0;0;0;0;0;0;0;0;0;0;;;;0;0;0;0;0;0;0;0;0;0;0;0;0;0;0;0;0;0;0;0;0;0;0;0;Regular Season;0;0;0;0;0;0;0;0;0;0
42717;1988;3;7;Pittsburgh Civic Arena;0;15;18;0;0;0;0;0;0;0;0;0;0;0;0;;;;0;0;0;0;0;0;0;0;0;0;0;0;0;0;0;0;0;0;0;0;0;0;0;0;Regular Season;0;0;0;0;0;0;0;0;0;0
42654;1988;3;7; Arena;0;278;11;0;0;0;0;0;0;0;0;0;0;0;0;;;;0;0;0;0;0;0;0;0;0;0;0;0;0;0;0;0;0;0;0;0;0;0;0;0;Regular Season;0;0;0;0;0;0;0;0;0;0
42782;1988;3;8;Tokyo University Arena;0;17;10;0;0;0;0;0;0;0;0;0;0;0;0;;;;0;0;0;0;0;0;0;0;0;0;0;0;0;0;0;0;0;0;0;0;0;0;0;0;Regular Season;0;0;0;0;0;0;0;0;0;0
42792;1988;3;8;Maple Leaf Gardens;0;3;24;0;0;0;0;0;0;0;0;0;0;0;0;;;;0;0;0;0;0;0;0;0;0;0;0;0;0;0;0;0;0;0;0;0;0;0;0;0;Regular Season;0;0;0;0;0;0;0;0;0;0
42807;1988;3;9;Miami Arena;0;21;20;0;0;0;0;0;0;0;0;0;0;0;0;;;;0;0;0;0;0;0;0;0;0;0;0;0;0;0;0;0;0;0;0;0;0;0;0;0;Regular Season;0;0;0;0;0;0;0;0;0;0
42648;1988;3;9;Chicago Stadium;0;8;11;0;0;0;0;0;0;0;0;0;0;0;0;;;;0;0;0;0;0;0;0;0;0;0;0;0;0;0;0;0;0;0;0;0;0;0;0;0;Regular Season;0;0;0;0;0;0;0;0;0;0
42704;1988;3;9;The Cage;0;5;22;0;0;0;0;0;0;0;0;0;0;0;0;;;;0;0;0;0;0;0;0;0;0;0;0;0;0;0;0;0;0;0;0;0;0;0;0;0;Regular Season;0;0;0;0;0;0;0;0;0;0
42768;1988;3;9; Arena;0;278;16;0;0;0;0;0;0;0;0;0;0;0;0;;;;0;0;0;0;0;0;0;0;0;0;0;0;0;0;0;0;0;0;0;0;0;0;0;0;Regular Season;0;0;0;0;0;0;0;0;0;0
42740;1988;3;9;City Park Hockey Stadium;0;19;9;0;0;0;0;0;0;0;0;0;0;0;0;;;;0;0;0;0;0;0;0;0;0;0;0;0;0;0;0;0;0;0;0;0;0;0;0;0;Regular Season;0;0;0;0;0;0;0;0;0;0
42722;1988;3;10;Cross Insurance Arena;0;279;5;0;0;0;0;0;0;0;0;0;0;0;0;;;;0;0;0;0;0;0;0;0;0;0;0;0;0;0;0;0;0;0;0;0;0;0;0;0;Regular Season;0;0;0;0;0;0;0;0;0;0
42721;1988;3;10;Allen County War Memorial Coliseum;0;26;14;0;0;0;0;0;0;0;0;0;0;0;0;;;;0;0;0;0;0;0;0;0;0;0;0;0;0;0;0;0;0;0;0;0;0;0;0;0;Regular Season;0;0;0;0;0;0;0;0;0;0
42688;1988;3;10;Calgary Cowboys Arena;0;25;8;0;0;0;0;0;0;0;0;0;0;0;0;;;;0;0;0;0;0;0;0;0;0;0;0;0;0;0;0;0;0;0;0;0;0;0;0;0;Regular Season;0;0;0;0;0;0;0;0;0;0
42853;1988;3;10;Colisée de Trois-Rivières;0;24;280;0;0;0;0;0;0;0;0;0;0;0;0;;;;0;0;0;0;0;0;0;0;0;0;0;0;0;0;0;0;0;0;0;0;0;0;0;0;Regular Season;0;0;0;0;0;0;0;0;0;0
42817;1988;3;10;Wichita Wind Arena;0;0;20;0;0;0;0;0;0;0;0;0;0;0;0;;;;0;0;0;0;0;0;0;0;0;0;0;0;0;0;0;0;0;0;0;0;0;0;0;0;Regular Season;0;0;0;0;0;0;0;0;0;0
42754;1988;3;11;Langley Events Centre;0;280;9;0;0;0;0;0;0;0;0;0;0;0;0;;;;0;0;0;0;0;0;0;0;0;0;0;0;0;0;0;0;0;0;0;0;0;0;0;0;Regular Season;0;0;0;0;0;0;0;0;0;0
42803;1988;3;11;Maple Leaf Gardens;0;18;10;0;0;0;0;0;0;0;0;0;0;0;0;;;;0;0;0;0;0;0;0;0;0;0;0;0;0;0;0;0;0;0;0;0;0;0;0;0;Regular Season;0;0;0;0;0;0;0;0;0;0
42731;1988;3;11;Wembley Arena;0;14;15;0;0;0;0;0;0;0;0;0;0;0;0;;;;0;0;0;0;0;0;0;0;0;0;0;0;0;0;0;0;0;0;0;0;0;0;0;0;Regular Season;0;0;0;0;0;0;0;0;0;0
42778;1988;3;11;Rexall Place;0;23;279;0;0;0;0;0;0;0;0;0;0;0;0;;;;0;0;0;0;0;0;0;0;0;0;0;0;0;0;0;0;0;0;0;0;0;0;0;0;Regular Season;0;0;0;0;0;0;0;0;0;0
42757;1988;3;11;Tokyo University Arena;0;17;19;0;0;0;0;0;0;0;0;0;0;0;0;;;;0;0;0;0;0;0;0;0;0;0;0;0;0;0;0;0;0;0;0;0;0;0;0;0;Regular Season;0;0;0;0;0;0;0;0;0;0
42714;1988;3;12;Rexall Place;0;23;8;0;0;0;0;0;0;0;0;0;0;0;0;;;;0;0;0;0;0;0;0;0;0;0;0;0;0;0;0;0;0;0;0;0;0;0;0;0;Regular Season;0;0;0;0;0;0;0;0;0;0
42729;1988;3;13;The Coop;0;22;0;0;0;0;0;0;0;0;0;0;0;0;0;;;;0;0;0;0;0;0;0;0;0;0;0;0;0;0;0;0;0;0;0;0;0;0;0;0;Regular Season;0;0;0;0;0;0;0;0;0;0
42787;1988;3;13;Colisée de Trois-Rivières;0;24;19;0;0;0;0;0;0;0;0;0;0;0;0;;;;0;0;0;0;0;0;0;0;0;0;0;0;0;0;0;0;0;0;0;0;0;0;0;0;Regular Season;0;0;0;0;0;0;0;0;0;0
42770;1988;3;13;Scotiabank Centre;0;9;12;0;0;0;0;0;0;0;0;0;0;0;0;;;;0;0;0;0;0;0;0;0;0;0;0;0;0;0;0;0;0;0;0;0;0;0;0;0;Regular Season;0;0;0;0;0;0;0;0;0;0
42766;1988;3;13;Pittsburgh Civic Arena;0;15;10;0;0;0;0;0;0;0;0;0;0;0;0;;;;0;0;0;0;0;0;0;0;0;0;0;0;0;0;0;0;0;0;0;0;0;0;0;0;Regular Season;0;0;0;0;0;0;0;0;0;0
42843;1988;3;13;Maple Leaf Gardens;0;18;3;0;0;0;0;0;0;0;0;0;0;0;0;;;;0;0;0;0;0;0;0;0;0;0;0;0;0;0;0;0;0;0;0;0;0;0;0;0;Regular Season;0;0;0;0;0;0;0;0;0;0
42765;1988;3;13;Wembley Arena;0;14;26;0;0;0;0;0;0;0;0;0;0;0;0;;;;0;0;0;0;0;0;0;0;0;0;0;0;0;0;0;0;0;0;0;0;0;0;0;0;Regular Season;0;0;0;0;0;0;0;0;0;0
42820;1988;3;14;Maple Leaf Gardens;0;3;0;0;0;0;0;0;0;0;0;0;0;0;0;;;;0;0;0;0;0;0;0;0;0;0;0;0;0;0;0;0;0;0;0;0;0;0;0;0;Regular Season;0;0;0;0;0;0;0;0;0;0
42870;1988;3;14;Miami Arena;0;21;280;0;0;0;0;0;0;0;0;0;0;0;0;;;;0;0;0;0;0;0;0;0;0;0;0;0;0;0;0;0;0;0;0;0;0;0;0;0;Regular Season;0;0;0;0;0;0;0;0;0;0
42795;1988;3;14;Wembley Arena;0;14;10;0;0;0;0;0;0;0;0;0;0;0;0;;;;0;0;0;0;0;0;0;0;0;0;0;0;0;0;0;0;0;0;0;0;0;0;0;0;Regular Season;0;0;0;0;0;0;0;0;0;0
42750;1988;3;14;Tokyo University Arena;0;17;25;0;0;0;0;0;0;0;0;0;0;0;0;;;;0;0;0;0;0;0;0;0;0;0;0;0;0;0;0;0;0;0;0;0;0;0;0;0;Regular Season;0;0;0;0;0;0;0;0;0;0
42784;1988;3;14;Colisée de Trois-Rivières;0;24;19;0;0;0;0;0;0;0;0;0;0;0;0;;;;0;0;0;0;0;0;0;0;0;0;0;0;0;0;0;0;0;0;0;0;0;0;0;0;Regular Season;0;0;0;0;0;0;0;0;0;0
42742;1988;3;14;Finnish Arena;0;12;22;0;0;0;0;0;0;0;0;0;0;0;0;;;;0;0;0;0;0;0;0;0;0;0;0;0;0;0;0;0;0;0;0;0;0;0;0;0;Regular Season;0;0;0;0;0;0;0;0;0;0
42661;1988;3;14;Mytischi Atlanti Mytischi Atlanti Arena;0;11;279;0;0;0;0;0;0;0;0;0;0;0;0;;;;0;0;0;0;0;0;0;0;0;0;0;0;0;0;0;0;0;0;0;0;0;0;0;0;Regular Season;0;0;0;0;0;0;0;0;0;0
42738;1988;3;14;Pittsburgh Civic Arena;0;15;278;0;0;0;0;0;0;0;0;0;0;0;0;;;;0;0;0;0;0;0;0;0;0;0;0;0;0;0;0;0;0;0;0;0;0;0;0;0;Regular Season;0;0;0;0;0;0;0;0;0;0
42718;1988;3;14;Chicago Stadium;0;8;16;0;0;0;0;0;0;0;0;0;0;0;0;;;;0;0;0;0;0;0;0;0;0;0;0;0;0;0;0;0;0;0;0;0;0;0;0;0;Regular Season;0;0;0;0;0;0;0;0;0;0
42761;1988;3;14;The Cage;0;5;20;0;0;0;0;0;0;0;0;0;0;0;0;;;;0;0;0;0;0;0;0;0;0;0;0;0;0;0;0;0;0;0;0;0;0;0;0;0;Regular Season;0;0;0;0;0;0;0;0;0;0
42802;1988;3;15;Calgary Cowboys Arena;0;25;21;0;0;0;0;0;0;0;0;0;0;0;0;;;;0;0;0;0;0;0;0;0;0;0;0;0;0;0;0;0;0;0;0;0;0;0;0;0;Regular Season;0;0;0;0;0;0;0;0;0;0
42728;1988;3;15;Tokyo University Arena;0;17;8;0;0;0;0;0;0;0;0;0;0;0;0;;;;0;0;0;0;0;0;0;0;0;0;0;0;0;0;0;0;0;0;0;0;0;0;0;0;Regular Season;0;0;0;0;0;0;0;0;0;0
42862;1988;3;16;Rexall Place;0;23;12;0;0;0;0;0;0;0;0;0;0;0;0;;;;0;0;0;0;0;0;0;0;0;0;0;0;0;0;0;0;0;0;0;0;0;0;0;0;Regular Season;0;0;0;0;0;0;0;0;0;0
42732;1988;3;16;Pittsburgh Civic Arena;0;15;279;0;0;0;0;0;0;0;0;0;0;0;0;;;;0;0;0;0;0;0;0;0;0;0;0;0;0;0;0;0;0;0;0;0;0;0;0;0;Regular Season;0;0;0;0;0;0;0;0;0;0
42747;1988;3;16;The Coop;0;22;9;0;0;0;0;0;0;0;0;0;0;0;0;;;;0;0;0;0;0;0;0;0;0;0;0;0;0;0;0;0;0;0;0;0;0;0;0;0;Regular Season;0;0;0;0;0;0;0;0;0;0
42785;1988;3;16;Colisée de Trois-Rivières;0;24;14;0;0;0;0;0;0;0;0;0;0;0;0;;;;0;0;0;0;0;0;0;0;0;0;0;0;0;0;0;0;0;0;0;0;0;0;0;0;Regular Season;0;0;0;0;0;0;0;0;0;0
42685;1988;3;16;Bell Centre;0;20;11;0;0;0;0;0;0;0;0;0;0;0;0;;;;0;0;0;0;0;0;0;0;0;0;0;0;0;0;0;0;0;0;0;0;0;0;0;0;Regular Season;0;0;0;0;0;0;0;0;0;0
42755;1988;3;16;Moncton Coliseum;0;10;5;0;0;0;0;0;0;0;0;0;0;0;0;;;;0;0;0;0;0;0;0;0;0;0;0;0;0;0;0;0;0;0;0;0;0;0;0;0;Regular Season;0;0;0;0;0;0;0;0;0;0
42716;1988;3;17;Bell Centre;0;20;8;0;0;0;0;0;0;0;0;0;0;0;0;;;;0;0;0;0;0;0;0;0;0;0;0;0;0;0;0;0;0;0;0;0;0;0;0;0;Regular Season;0;0;0;0;0;0;0;0;0;0
42884;1988;3;17;Allen County War Memorial Coliseum;0;26;16;0;0;0;0;0;0;0;0;0;0;0;0;;;;0;0;0;0;0;0;0;0;0;0;0;0;0;0;0;0;0;0;0;0;0;0;0;0;Regular Season;0;0;0;0;0;0;0;0;0;0
42840;1988;3;17; Arena;0;278;280;0;0;0;0;0;0;0;0;0;0;0;0;;;;0;0;0;0;0;0;0;0;0;0;0;0;0;0;0;0;0;0;0;0;0;0;0;0;Regular Season;0;0;0;0;0;0;0;0;0;0
42829;1988;3;17;Wichita Wind Arena;0;0;17;0;0;0;0;0;0;0;0;0;0;0;0;;;;0;0;0;0;0;0;0;0;0;0;0;0;0;0;0;0;0;0;0;0;0;0;0;0;Regular Season;0;0;0;0;0;0;0;0;0;0
42748;1988;3;17;Maple Leaf Gardens;0;18;25;0;0;0;0;0;0;0;0;0;0;0;0;;;;0;0;0;0;0;0;0;0;0;0;0;0;0;0;0;0;0;0;0;0;0;0;0;0;Regular Season;0;0;0;0;0;0;0;0;0;0
42781;1988;3;18;Rexall Place;0;23;279;0;0;0;0;0;0;0;0;0;0;0;0;;;;0;0;0;0;0;0;0;0;0;0;0;0;0;0;0;0;0;0;0;0;0;0;0;0;Regular Season;0;0;0;0;0;0;0;0;0;0
42780;1988;3;18;Scotiabank Centre;0;9;18;0;0;0;0;0;0;0;0;0;0;0;0;;;;0;0;0;0;0;0;0;0;0;0;0;0;0;0;0;0;0;0;0;0;0;0;0;0;Regular Season;0;0;0;0;0;0;0;0;0;0
42911;1988;3;18;Maple Leaf Gardens;0;3;26;0;0;0;0;0;0;0;0;0;0;0;0;;;;0;0;0;0;0;0;0;0;0;0;0;0;0;0;0;0;0;0;0;0;0;0;0;0;Regular Season;0;0;0;0;0;0;0;0;0;0
42762;1988;3;18;The Cage;0;5;280;0;0;0;0;0;0;0;0;0;0;0;0;;;;0;0;0;0;0;0;0;0;0;0;0;0;0;0;0;0;0;0;0;0;0;0;0;0;Regular Season;0;0;0;0;0;0;0;0;0;0
42671;1988;3;18;City Park Hockey Stadium;0;19;11;0;0;0;0;0;0;0;0;0;0;0;0;;;;0;0;0;0;0;0;0;0;0;0;0;0;0;0;0;0;0;0;0;0;0;0;0;0;Regular Season;0;0;0;0;0;0;0;0;0;0
42760;1988;3;20;Chicago Stadium;0;8;24;0;0;0;0;0;0;0;0;0;0;0;0;;;;0;0;0;0;0;0;0;0;0;0;0;0;0;0;0;0;0;0;0;0;0;0;0;0;Regular Season;0;0;0;0;0;0;0;0;0;0
42873;1988;3;20;Victoria Memorial Arena;0;16;25;0;0;0;0;0;0;0;0;0;0;0;0;;;;0;0;0;0;0;0;0;0;0;0;0;0;0;0;0;0;0;0;0;0;0;0;0;0;Regular Season;0;0;0;0;0;0;0;0;0;0
42789;1988;3;20;Cross Insurance Arena;0;279;21;0;0;0;0;0;0;0;0;0;0;0;0;;;;0;0;0;0;0;0;0;0;0;0;0;0;0;0;0;0;0;0;0;0;0;0;0;0;Regular Season;0;0;0;0;0;0;0;0;0;0
42741;1988;3;20;Rexall Place;0;23;11;0;0;0;0;0;0;0;0;0;0;0;0;;;;0;0;0;0;0;0;0;0;0;0;0;0;0;0;0;0;0;0;0;0;0;0;0;0;Regular Season;0;0;0;0;0;0;0;0;0;0
42852;1988;3;20;Allen County War Memorial Coliseum;0;26;280;0;0;0;0;0;0;0;0;0;0;0;0;;;;0;0;0;0;0;0;0;0;0;0;0;0;0;0;0;0;0;0;0;0;0;0;0;0;Regular Season;0;0;0;0;0;0;0;0;0;0
42779;1988;3;20;The Cage;0;5;3;0;0;0;0;0;0;0;0;0;0;0;0;;;;0;0;0;0;0;0;0;0;0;0;0;0;0;0;0;0;0;0;0;0;0;0;0;0;Regular Season;0;0;0;0;0;0;0;0;0;0
42749;1988;3;20;Wembley Arena;0;14;22;0;0;0;0;0;0;0;0;0;0;0;0;;;;0;0;0;0;0;0;0;0;0;0;0;0;0;0;0;0;0;0;0;0;0;0;0;0;Regular Season;0;0;0;0;0;0;0;0;0;0
42799;1988;3;21;The Cage;0;5;22;0;0;0;0;0;0;0;0;0;0;0;0;;;;0;0;0;0;0;0;0;0;0;0;0;0;0;0;0;0;0;0;0;0;0;0;0;0;Regular Season;0;0;0;0;0;0;0;0;0;0
42773;1988;3;21;Langley Events Centre;0;280;15;0;0;0;0;0;0;0;0;0;0;0;0;;;;0;0;0;0;0;0;0;0;0;0;0;0;0;0;0;0;0;0;0;0;0;0;0;0;Regular Season;0;0;0;0;0;0;0;0;0;0
42825;1988;3;21;Moncton Coliseum;0;10;24;0;0;0;0;0;0;0;0;0;0;0;0;;;;0;0;0;0;0;0;0;0;0;0;0;0;0;0;0;0;0;0;0;0;0;0;0;0;Regular Season;0;0;0;0;0;0;0;0;0;0
42698;1988;3;21;Maple Leaf Gardens;0;3;11;0;0;0;0;0;0;0;0;0;0;0;0;;;;0;0;0;0;0;0;0;0;0;0;0;0;0;0;0;0;0;0;0;0;0;0;0;0;Regular Season;0;0;0;0;0;0;0;0;0;0
42786;1988;3;21;Wichita Wind Arena;0;0;9;0;0;0;0;0;0;0;0;0;0;0;0;;;;0;0;0;0;0;0;0;0;0;0;0;0;0;0;0;0;0;0;0;0;0;0;0;0;Regular Season;0;0;0;0;0;0;0;0;0;0
42730;1988;3;21;Bell Centre;0;20;8;0;0;0;0;0;0;0;0;0;0;0;0;;;;0;0;0;0;0;0;0;0;0;0;0;0;0;0;0;0;0;0;0;0;0;0;0;0;Regular Season;0;0;0;0;0;0;0;0;0;0
42848;1988;3;21;Wembley Arena;0;14;278;0;0;0;0;0;0;0;0;0;0;0;0;;;;0;0;0;0;0;0;0;0;0;0;0;0;0;0;0;0;0;0;0;0;0;0;0;0;Regular Season;0;0;0;0;0;0;0;0;0;0
42844;1988;3;21;Allen County War Memorial Coliseum;0;26;18;0;0;0;0;0;0;0;0;0;0;0;0;;;;0;0;0;0;0;0;0;0;0;0;0;0;0;0;0;0;0;0;0;0;0;0;0;0;Regular Season;0;0;0;0;0;0;0;0;0;0
42797;1988;3;21;Finnish Arena;0;12;19;0;0;0;0;0;0;0;0;0;0;0;0;;;;0;0;0;0;0;0;0;0;0;0;0;0;0;0;0;0;0;0;0;0;0;0;0;0;Regular Season;0;0;0;0;0;0;0;0;0;0
42860;1988;3;22;Finnish Arena;0;12;0;0;0;0;0;0;0;0;0;0;0;0;0;;;;0;0;0;0;0;0;0;0;0;0;0;0;0;0;0;0;0;0;0;0;0;0;0;0;Regular Season;0;0;0;0;0;0;0;0;0;0
42896;1988;3;22; Arena;0;278;25;0;0;0;0;0;0;0;0;0;0;0;0;;;;0;0;0;0;0;0;0;0;0;0;0;0;0;0;0;0;0;0;0;0;0;0;0;0;Regular Season;0;0;0;0;0;0;0;0;0;0
42868;1988;3;23;Bell Centre;0;20;26;0;0;0;0;0;0;0;0;0;0;0;0;;;;0;0;0;0;0;0;0;0;0;0;0;0;0;0;0;0;0;0;0;0;0;0;0;0;Regular Season;0;0;0;0;0;0;0;0;0;0
42783;1988;3;23;Tokyo University Arena;0;17;11;0;0;0;0;0;0;0;0;0;0;0;0;;;;0;0;0;0;0;0;0;0;0;0;0;0;0;0;0;0;0;0;0;0;0;0;0;0;Regular Season;0;0;0;0;0;0;0;0;0;0
42788;1988;3;23;Pittsburgh Civic Arena;0;15;279;0;0;0;0;0;0;0;0;0;0;0;0;;;;0;0;0;0;0;0;0;0;0;0;0;0;0;0;0;0;0;0;0;0;0;0;0;0;Regular Season;0;0;0;0;0;0;0;0;0;0
42839;1988;3;23;The Coop;0;22;16;0;0;0;0;0;0;0;0;0;0;0;0;;;;0;0;0;0;0;0;0;0;0;0;0;0;0;0;0;0;0;0;0;0;0;0;0;0;Regular Season;0;0;0;0;0;0;0;0;0;0
42801;1988;3;23;Maple Leaf Gardens;0;3;9;0;0;0;0;0;0;0;0;0;0;0;0;;;;0;0;0;0;0;0;0;0;0;0;0;0;0;0;0;0;0;0;0;0;0;0;0;0;Regular Season;0;0;0;0;0;0;0;0;0;0
42815;1988;3;23;Miami Arena;0;21;18;0;0;0;0;0;0;0;0;0;0;0;0;;;;0;0;0;0;0;0;0;0;0;0;0;0;0;0;0;0;0;0;0;0;0;0;0;0;Regular Season;0;0;0;0;0;0;0;0;0;0
42793;1988;3;23;Moncton Coliseum;0;10;19;0;0;0;0;0;0;0;0;0;0;0;0;;;;0;0;0;0;0;0;0;0;0;0;0;0;0;0;0;0;0;0;0;0;0;0;0;0;Regular Season;0;0;0;0;0;0;0;0;0;0
42791;1988;3;24;Colisée de Trois-Rivières;0;24;279;0;0;0;0;0;0;0;0;0;0;0;0;;;;0;0;0;0;0;0;0;0;0;0;0;0;0;0;0;0;0;0;0;0;0;0;0;0;Regular Season;0;0;0;0;0;0;0;0;0;0
42798;1988;3;24;Pittsburgh Civic Arena;0;15;21;0;0;0;0;0;0;0;0;0;0;0;0;;;;0;0;0;0;0;0;0;0;0;0;0;0;0;0;0;0;0;0;0;0;0;0;0;0;Regular Season;0;0;0;0;0;0;0;0;0;0
42871;1988;3;24;Wichita Wind Arena;0;0;9;0;0;0;0;0;0;0;0;0;0;0;0;;;;0;0;0;0;0;0;0;0;0;0;0;0;0;0;0;0;0;0;0;0;0;0;0;0;Regular Season;0;0;0;0;0;0;0;0;0;0
42821;1988;3;24;City Park Hockey Stadium;0;19;14;0;0;0;0;0;0;0;0;0;0;0;0;;;;0;0;0;0;0;0;0;0;0;0;0;0;0;0;0;0;0;0;0;0;0;0;0;0;Regular Season;0;0;0;0;0;0;0;0;0;0
42796;1988;3;24;Rexall Place;0;23;20;0;0;0;0;0;0;0;0;0;0;0;0;;;;0;0;0;0;0;0;0;0;0;0;0;0;0;0;0;0;0;0;0;0;0;0;0;0;Regular Season;0;0;0;0;0;0;0;0;0;0
42867;1988;3;24;Langley Events Centre;0;280;12;0;0;0;0;0;0;0;0;0;0;0;0;;;;0;0;0;0;0;0;0;0;0;0;0;0;0;0;0;0;0;0;0;0;0;0;0;0;Regular Season;0;0;0;0;0;0;0;0;0;0
42790;1988;3;24;Maple Leaf Gardens;0;18;8;0;0;0;0;0;0;0;0;0;0;0;0;;;;0;0;0;0;0;0;0;0;0;0;0;0;0;0;0;0;0;0;0;0;0;0;0;0;Regular Season;0;0;0;0;0;0;0;0;0;0
42776;1988;3;24;The Cage;0;5;10;0;0;0;0;0;0;0;0;0;0;0;0;;;;0;0;0;0;0;0;0;0;0;0;0;0;0;0;0;0;0;0;0;0;0;0;0;0;Regular Season;0;0;0;0;0;0;0;0;0;0
42832;1988;3;25;Rexall Place;0;23;17;0;0;0;0;0;0;0;0;0;0;0;0;;;;0;0;0;0;0;0;0;0;0;0;0;0;0;0;0;0;0;0;0;0;0;0;0;0;Regular Season;0;0;0;0;0;0;0;0;0;0
42917;1988;3;26;Scotiabank Centre;0;9;22;0;0;0;0;0;0;0;0;0;0;0;0;;;;0;0;0;0;0;0;0;0;0;0;0;0;0;0;0;0;0;0;0;0;0;0;0;0;Regular Season;0;0;0;0;0;0;0;0;0;0
42813;1988;3;27;Wichita Wind Arena;0;0;5;0;0;0;0;0;0;0;0;0;0;0;0;;;;0;0;0;0;0;0;0;0;0;0;0;0;0;0;0;0;0;0;0;0;0;0;0;0;Regular Season;0;0;0;0;0;0;0;0;0;0
42880;1988;3;27;Tokyo University Arena;0;17;21;0;0;0;0;0;0;0;0;0;0;0;0;;;;0;0;0;0;0;0;0;0;0;0;0;0;0;0;0;0;0;0;0;0;0;0;0;0;Regular Season;0;0;0;0;0;0;0;0;0;0
42889;1988;3;27;Bell Centre;0;20;16;0;0;0;0;0;0;0;0;0;0;0;0;;;;0;0;0;0;0;0;0;0;0;0;0;0;0;0;0;0;0;0;0;0;0;0;0;0;Regular Season;0;0;0;0;0;0;0;0;0;0
42759;1988;3;27;The Coop;0;22;280;0;0;0;0;0;0;0;0;0;0;0;0;;;;0;0;0;0;0;0;0;0;0;0;0;0;0;0;0;0;0;0;0;0;0;0;0;0;Regular Season;0;0;0;0;0;0;0;0;0;0
42819;1988;3;27;Maple Leaf Gardens;0;3;25;0;0;0;0;0;0;0;0;0;0;0;0;;;;0;0;0;0;0;0;0;0;0;0;0;0;0;0;0;0;0;0;0;0;0;0;0;0;Regular Season;0;0;0;0;0;0;0;0;0;0
42824;1988;3;27;Cross Insurance Arena;0;279;15;0;0;0;0;0;0;0;0;0;0;0;0;;;;0;0;0;0;0;0;0;0;0;0;0;0;0;0;0;0;0;0;0;0;0;0;0;0;Regular Season;0;0;0;0;0;0;0;0;0;0
42869;1988;3;28;Tokyo University Arena;0;17;20;0;0;0;0;0;0;0;0;0;0;0;0;;;;0;0;0;0;0;0;0;0;0;0;0;0;0;0;0;0;0;0;0;0;0;0;0;0;Regular Season;0;0;0;0;0;0;0;0;0;0
42808;1988;3;28; Arena;0;278;5;0;0;0;0;0;0;0;0;0;0;0;0;;;;0;0;0;0;0;0;0;0;0;0;0;0;0;0;0;0;0;0;0;0;0;0;0;0;Regular Season;0;0;0;0;0;0;0;0;0;0
42828;1988;3;28;Calgary Cowboys Arena;0;25;279;0;0;0;0;0;0;0;0;0;0;0;0;;;;0;0;0;0;0;0;0;0;0;0;0;0;0;0;0;0;0;0;0;0;0;0;0;0;Regular Season;0;0;0;0;0;0;0;0;0;0
42806;1988;3;28;Chicago Stadium;0;8;16;0;0;0;0;0;0;0;0;0;0;0;0;;;;0;0;0;0;0;0;0;0;0;0;0;0;0;0;0;0;0;0;0;0;0;0;0;0;Regular Season;0;0;0;0;0;0;0;0;0;0
42847;1988;3;28;Allen County War Memorial Coliseum;0;26;19;0;0;0;0;0;0;0;0;0;0;0;0;;;;0;0;0;0;0;0;0;0;0;0;0;0;0;0;0;0;0;0;0;0;0;0;0;0;Regular Season;0;0;0;0;0;0;0;0;0;0
42854;1988;3;28;Colisée de Trois-Rivières;0;24;0;0;0;0;0;0;0;0;0;0;0;0;0;;;;0;0;0;0;0;0;0;0;0;0;0;0;0;0;0;0;0;0;0;0;0;0;0;0;Regular Season;0;0;0;0;0;0;0;0;0;0
42794;1988;3;28;Mytischi Atlanti Mytischi Atlanti Arena;0;11;12;0;0;0;0;0;0;0;0;0;0;0;0;;;;0;0;0;0;0;0;0;0;0;0;0;0;0;0;0;0;0;0;0;0;0;0;0;0;Regular Season;0;0;0;0;0;0;0;0;0;0
42826;1988;3;28;Moncton Coliseum;0;10;14;0;0;0;0;0;0;0;0;0;0;0;0;;;;0;0;0;0;0;0;0;0;0;0;0;0;0;0;0;0;0;0;0;0;0;0;0;0;Regular Season;0;0;0;0;0;0;0;0;0;0
42838;1988;3;29;Moncton Coliseum;0;10;3;0;0;0;0;0;0;0;0;0;0;0;0;;;;0;0;0;0;0;0;0;0;0;0;0;0;0;0;0;0;0;0;0;0;0;0;0;0;Regular Season;0;0;0;0;0;0;0;0;0;0
42810;1988;3;29;Mytischi Atlanti Mytischi Atlanti Arena;0;11;22;0;0;0;0;0;0;0;0;0;0;0;0;;;;0;0;0;0;0;0;0;0;0;0;0;0;0;0;0;0;0;0;0;0;0;0;0;0;Regular Season;0;0;0;0;0;0;0;0;0;0
42835;1988;3;29; Arena;0;278;15;0;0;0;0;0;0;0;0;0;0;0;0;;;;0;0;0;0;0;0;0;0;0;0;0;0;0;0;0;0;0;0;0;0;0;0;0;0;Regular Season;0;0;0;0;0;0;0;0;0;0
42834;1988;3;30;Chicago Stadium;0;8;23;0;0;0;0;0;0;0;0;0;0;0;0;;;;0;0;0;0;0;0;0;0;0;0;0;0;0;0;0;0;0;0;0;0;0;0;0;0;Regular Season;0;0;0;0;0;0;0;0;0;0
42827;1988;3;30;City Park Hockey Stadium;0;19;280;0;0;0;0;0;0;0;0;0;0;0;0;;;;0;0;0;0;0;0;0;0;0;0;0;0;0;0;0;0;0;0;0;0;0;0;0;0;Regular Season;0;0;0;0;0;0;0;0;0;0
42904;1988;3;30;Colisée de Trois-Rivières;0;24;17;0;0;0;0;0;0;0;0;0;0;0;0;;;;0;0;0;0;0;0;0;0;0;0;0;0;0;0;0;0;0;0;0;0;0;0;0;0;Regular Season;0;0;0;0;0;0;0;0;0;0
42875;1988;3;30;Scotiabank Centre;0;9;12;0;0;0;0;0;0;0;0;0;0;0;0;;;;0;0;0;0;0;0;0;0;0;0;0;0;0;0;0;0;0;0;0;0;0;0;0;0;Regular Season;0;0;0;0;0;0;0;0;0;0
42876;1988;3;30;Calgary Cowboys Arena;0;25;279;0;0;0;0;0;0;0;0;0;0;0;0;;;;0;0;0;0;0;0;0;0;0;0;0;0;0;0;0;0;0;0;0;0;0;0;0;0;Regular Season;0;0;0;0;0;0;0;0;0;0
42818;1988;3;30;Miami Arena;0;21;22;0;0;0;0;0;0;0;0;0;0;0;0;;;;0;0;0;0;0;0;0;0;0;0;0;0;0;0;0;0;0;0;0;0;0;0;0;0;Regular Season;0;0;0;0;0;0;0;0;0;0
42816;1988;3;31;Maple Leaf Gardens;0;3;5;0;0;0;0;0;0;0;0;0;0;0;0;;;;0;0;0;0;0;0;0;0;0;0;0;0;0;0;0;0;0;0;0;0;0;0;0;0;Regular Season;0;0;0;0;0;0;0;0;0;0
42894;1988;3;31;Wembley Arena;0;14;16;0;0;0;0;0;0;0;0;0;0;0;0;;;;0;0;0;0;0;0;0;0;0;0;0;0;0;0;0;0;0;0;0;0;0;0;0;0;Regular Season;0;0;0;0;0;0;0;0;0;0
42849;1988;3;31;Pittsburgh Civic Arena;0;15;18;0;0;0;0;0;0;0;0;0;0;0;0;;;;0;0;0;0;0;0;0;0;0;0;0;0;0;0;0;0;0;0;0;0;0;0;0;0;Regular Season;0;0;0;0;0;0;0;0;0;0
42878;1988;3;31;Colisée de Trois-Rivières;0;24;280;0;0;0;0;0;0;0;0;0;0;0;0;;;;0;0;0;0;0;0;0;0;0;0;0;0;0;0;0;0;0;0;0;0;0;0;0;0;Regular Season;0;0;0;0;0;0;0;0;0;0
42863;1988;4;1;Rexall Place;0;23;278;0;0;0;0;0;0;0;0;0;0;0;0;;;;0;0;0;0;0;0;0;0;0;0;0;0;0;0;0;0;0;0;0;0;0;0;0;0;Regular Season;0;0;0;0;0;0;0;0;0;0
42845;1988;4;1;Moncton Coliseum;0;10;26;0;0;0;0;0;0;0;0;0;0;0;0;;;;0;0;0;0;0;0;0;0;0;0;0;0;0;0;0;0;0;0;0;0;0;0;0;0;Regular Season;0;0;0;0;0;0;0;0;0;0
42811;1988;4;1;Bell Centre;0;20;8;0;0;0;0;0;0;0;0;0;0;0;0;;;;0;0;0;0;0;0;0;0;0;0;0;0;0;0;0;0;0;0;0;0;0;0;0;0;Regular Season;0;0;0;0;0;0;0;0;0;0
42837;1988;4;1;Maple Leaf Gardens;0;18;11;0;0;0;0;0;0;0;0;0;0;0;0;;;;0;0;0;0;0;0;0;0;0;0;0;0;0;0;0;0;0;0;0;0;0;0;0;0;Regular Season;0;0;0;0;0;0;0;0;0;0
42877;1988;4;2;Miami Arena;0;21;12;0;0;0;0;0;0;0;0;0;0;0;0;;;;0;0;0;0;0;0;0;0;0;0;0;0;0;0;0;0;0;0;0;0;0;0;0;0;Regular Season;0;0;0;0;0;0;0;0;0;0
42895;1988;4;2;Wembley Arena;0;14;19;0;0;0;0;0;0;0;0;0;0;0;0;;;;0;0;0;0;0;0;0;0;0;0;0;0;0;0;0;0;0;0;0;0;0;0;0;0;Regular Season;0;0;0;0;0;0;0;0;0;0
42872;1988;4;3;Colisée de Trois-Rivières;0;24;278;0;0;0;0;0;0;0;0;0;0;0;0;;;;0;0;0;0;0;0;0;0;0;0;0;0;0;0;0;0;0;0;0;0;0;0;0;0;Regular Season;0;0;0;0;0;0;0;0;0;0
42887;1988;4;3;Maple Leaf Gardens;0;3;10;0;0;0;0;0;0;0;0;0;0;0;0;;;;0;0;0;0;0;0;0;0;0;0;0;0;0;0;0;0;0;0;0;0;0;0;0;0;Regular Season;0;0;0;0;0;0;0;0;0;0
42842;1988;4;4;Mytischi Atlanti Mytischi Atlanti Arena;0;11;23;0;0;0;0;0;0;0;0;0;0;0;0;;;;0;0;0;0;0;0;0;0;0;0;0;0;0;0;0;0;0;0;0;0;0;0;0;0;Regular Season;0;0;0;0;0;0;0;0;0;0
42881;1988;4;4;Cross Insurance Arena;0;279;25;0;0;0;0;0;0;0;0;0;0;0;0;;;;0;0;0;0;0;0;0;0;0;0;0;0;0;0;0;0;0;0;0;0;0;0;0;0;Regular Season;0;0;0;0;0;0;0;0;0;0
42836;1988;4;4;Maple Leaf Gardens;0;18;22;0;0;0;0;0;0;0;0;0;0;0;0;;;;0;0;0;0;0;0;0;0;0;0;0;0;0;0;0;0;0;0;0;0;0;0;0;0;Regular Season;0;0;0;0;0;0;0;0;0;0
42823;1988;4;4;The Cage;0;5;3;0;0;0;0;0;0;0;0;0;0;0;0;;;;0;0;0;0;0;0;0;0;0;0;0;0;0;0;0;0;0;0;0;0;0;0;0;0;Regular Season;0;0;0;0;0;0;0;0;0;0
42927;1988;4;4;Wembley Arena;0;14;21;0;0;0;0;0;0;0;0;0;0;0;0;;;;0;0;0;0;0;0;0;0;0;0;0;0;0;0;0;0;0;0;0;0;0;0;0;0;Regular Season;0;0;0;0;0;0;0;0;0;0
42918;1988;4;4;Allen County War Memorial Coliseum;0;26;19;0;0;0;0;0;0;0;0;0;0;0;0;;;;0;0;0;0;0;0;0;0;0;0;0;0;0;0;0;0;0;0;0;0;0;0;0;0;Regular Season;0;0;0;0;0;0;0;0;0;0
42906;1988;4;4;Victoria Memorial Arena;0;16;24;0;0;0;0;0;0;0;0;0;0;0;0;;;;0;0;0;0;0;0;0;0;0;0;0;0;0;0;0;0;0;0;0;0;0;0;0;0;Regular Season;0;0;0;0;0;0;0;0;0;0
42897;1988;4;4;Moncton Coliseum;0;10;20;0;0;0;0;0;0;0;0;0;0;0;0;;;;0;0;0;0;0;0;0;0;0;0;0;0;0;0;0;0;0;0;0;0;0;0;0;0;Regular Season;0;0;0;0;0;0;0;0;0;0
42874;1988;4;4;Finnish Arena;0;12;9;0;0;0;0;0;0;0;0;0;0;0;0;;;;0;0;0;0;0;0;0;0;0;0;0;0;0;0;0;0;0;0;0;0;0;0;0;0;Regular Season;0;0;0;0;0;0;0;0;0;0
42856;1988;4;4;Chicago Stadium;0;8;280;0;0;0;0;0;0;0;0;0;0;0;0;;;;0;0;0;0;0;0;0;0;0;0;0;0;0;0;0;0;0;0;0;0;0;0;0;0;Regular Season;0;0;0;0;0;0;0;0;0;0
42830;1988;4;5;The Coop;0;22;5;0;0;0;0;0;0;0;0;0;0;0;0;;;;0;0;0;0;0;0;0;0;0;0;0;0;0;0;0;0;0;0;0;0;0;0;0;0;Regular Season;0;0;0;0;0;0;0;0;0;0
42910;1988;4;5;Allen County War Memorial Coliseum;0;26;8;0;0;0;0;0;0;0;0;0;0;0;0;;;;0;0;0;0;0;0;0;0;0;0;0;0;0;0;0;0;0;0;0;0;0;0;0;0;Regular Season;0;0;0;0;0;0;0;0;0;0
42882;1988;4;5;Rexall Place;0;23;25;0;0;0;0;0;0;0;0;0;0;0;0;;;;0;0;0;0;0;0;0;0;0;0;0;0;0;0;0;0;0;0;0;0;0;0;0;0;Regular Season;0;0;0;0;0;0;0;0;0;0
42857;1988;4;6;Mytischi Atlanti Mytischi Atlanti Arena;0;11;279;0;0;0;0;0;0;0;0;0;0;0;0;;;;0;0;0;0;0;0;0;0;0;0;0;0;0;0;0;0;0;0;0;0;0;0;0;0;Regular Season;0;0;0;0;0;0;0;0;0;0
42913;1988;4;6;Wichita Wind Arena;0;0;3;0;0;0;0;0;0;0;0;0;0;0;0;;;;0;0;0;0;0;0;0;0;0;0;0;0;0;0;0;0;0;0;0;0;0;0;0;0;Regular Season;0;0;0;0;0;0;0;0;0;0
42892;1988;4;6;Miami Arena;0;21;18;0;0;0;0;0;0;0;0;0;0;0;0;;;;0;0;0;0;0;0;0;0;0;0;0;0;0;0;0;0;0;0;0;0;0;0;0;0;Regular Season;0;0;0;0;0;0;0;0;0;0
42903;1988;4;6;Finnish Arena;0;12;17;0;0;0;0;0;0;0;0;0;0;0;0;;;;0;0;0;0;0;0;0;0;0;0;0;0;0;0;0;0;0;0;0;0;0;0;0;0;Regular Season;0;0;0;0;0;0;0;0;0;0
42920;1988;4;6;Bell Centre;0;20;16;0;0;0;0;0;0;0;0;0;0;0;0;;;;0;0;0;0;0;0;0;0;0;0;0;0;0;0;0;0;0;0;0;0;0;0;0;0;Regular Season;0;0;0;0;0;0;0;0;0;0
42930;1987;9;12;Maple Leaf Gardens;0;18;15;0;0;0;0;0;0;0;0;0;0;0;0;;;;0;0;0;0;0;0;0;0;0;0;0;0;0;0;0;0;0;0;0;0;0;0;0;0;Pre-Season;0;0;0;0;0;0;0;0;0;0
42932;1987;9;12;Langley Events Centre;0;280;279;0;0;0;0;0;0;0;0;0;0;0;0;;;;0;0;0;0;0;0;0;0;0;0;0;0;0;0;0;0;0;0;0;0;0;0;0;0;Pre-Season;0;0;0;0;0;0;0;0;0;0
42934;1987;9;12;Victoria Memorial Arena;0;16;0;0;0;0;0;0;0;0;0;0;0;0;0;;;;0;0;0;0;0;0;0;0;0;0;0;0;0;0;0;0;0;0;0;0;0;0;0;0;Pre-Season;0;0;0;0;0;0;0;0;0;0
42936;1987;9;12;Maple Leaf Gardens;0;3;23;0;0;0;0;0;0;0;0;0;0;0;0;;;;0;0;0;0;0;0;0;0;0;0;0;0;0;0;0;0;0;0;0;0;0;0;0;0;Pre-Season;0;0;0;0;0;0;0;0;0;0
42938;1987;9;12;Tokyo University Arena;0;17;12;0;0;0;0;0;0;0;0;0;0;0;0;;;;0;0;0;0;0;0;0;0;0;0;0;0;0;0;0;0;0;0;0;0;0;0;0;0;Pre-Season;0;0;0;0;0;0;0;0;0;0
42940;1987;9;12; Arena;0;278;19;0;0;0;0;0;0;0;0;0;0;0;0;;;;0;0;0;0;0;0;0;0;0;0;0;0;0;0;0;0;0;0;0;0;0;0;0;0;Pre-Season;0;0;0;0;0;0;0;0;0;0
42942;1987;9;12;Mytischi Atlanti Mytischi Atlanti Arena;0;11;20;0;0;0;0;0;0;0;0;0;0;0;0;;;;0;0;0;0;0;0;0;0;0;0;0;0;0;0;0;0;0;0;0;0;0;0;0;0;Pre-Season;0;0;0;0;0;0;0;0;0;0
42944;1987;9;12;Allen County War Memorial Coliseum;0;26;24;0;0;0;0;0;0;0;0;0;0;0;0;;;;0;0;0;0;0;0;0;0;0;0;0;0;0;0;0;0;0;0;0;0;0;0;0;0;Pre-Season;0;0;0;0;0;0;0;0;0;0
42946;1987;9;12;Miami Arena;0;21;10;0;0;0;0;0;0;0;0;0;0;0;0;;;;0;0;0;0;0;0;0;0;0;0;0;0;0;0;0;0;0;0;0;0;0;0;0;0;Pre-Season;0;0;0;0;0;0;0;0;0;0
42948;1987;9;12;Scotiabank Centre;0;9;8;0;0;0;0;0;0;0;0;0;0;0;0;;;;0;0;0;0;0;0;0;0;0;0;0;0;0;0;0;0;0;0;0;0;0;0;0;0;Pre-Season;0;0;0;0;0;0;0;0;0;0
42950;1987;9;12;Calgary Cowboys Arena;0;25;14;0;0;0;0;0;0;0;0;0;0;0;0;;;;0;0;0;0;0;0;0;0;0;0;0;0;0;0;0;0;0;0;0;0;0;0;0;0;Pre-Season;0;0;0;0;0;0;0;0;0;0
42952;1987;9;12;The Cage;0;5;22;0;0;0;0;0;0;0;0;0;0;0;0;;;;0;0;0;0;0;0;0;0;0;0;0;0;0;0;0;0;0;0;0;0;0;0;0;0;Pre-Season;0;0;0;0;0;0;0;0;0;0
42954;1987;9;13;Cross Insurance Arena;0;279;9;0;0;0;0;0;0;0;0;0;0;0;0;;;;0;0;0;0;0;0;0;0;0;0;0;0;0;0;0;0;0;0;0;0;0;0;0;0;Pre-Season;0;0;0;0;0;0;0;0;0;0
42956;1987;9;13;Pittsburgh Civic Arena;0;15;3;0;0;0;0;0;0;0;0;0;0;0;0;;;;0;0;0;0;0;0;0;0;0;0;0;0;0;0;0;0;0;0;0;0;0;0;0;0;Pre-Season;0;0;0;0;0;0;0;0;0;0
42958;1987;9;13;Moncton Coliseum;0;10;11;0;0;0;0;0;0;0;0;0;0;0;0;;;;0;0;0;0;0;0;0;0;0;0;0;0;0;0;0;0;0;0;0;0;0;0;0;0;Pre-Season;0;0;0;0;0;0;0;0;0;0
42960;1987;9;13;City Park Hockey Stadium;0;19;21;0;0;0;0;0;0;0;0;0;0;0;0;;;;0;0;0;0;0;0;0;0;0;0;0;0;0;0;0;0;0;0;0;0;0;0;0;0;Pre-Season;0;0;0;0;0;0;0;0;0;0
42962;1987;9;13;Bell Centre;0;20;14;0;0;0;0;0;0;0;0;0;0;0;0;;;;0;0;0;0;0;0;0;0;0;0;0;0;0;0;0;0;0;0;0;0;0;0;0;0;Pre-Season;0;0;0;0;0;0;0;0;0;0
42964;1987;9;13;Wichita Wind Arena;0;0;16;0;0;0;0;0;0;0;0;0;0;0;0;;;;0;0;0;0;0;0;0;0;0;0;0;0;0;0;0;0;0;0;0;0;0;0;0;0;Pre-Season;0;0;0;0;0;0;0;0;0;0
42966;1987;9;13;Rexall Place;0;23;280;0;0;0;0;0;0;0;0;0;0;0;0;;;;0;0;0;0;0;0;0;0;0;0;0;0;0;0;0;0;0;0;0;0;0;0;0;0;Pre-Season;0;0;0;0;0;0;0;0;0;0
42968;1987;9;13;Colisée de Trois-Rivières;0;24;18;0;0;0;0;0;0;0;0;0;0;0;0;;;;0;0;0;0;0;0;0;0;0;0;0;0;0;0;0;0;0;0;0;0;0;0;0;0;Pre-Season;0;0;0;0;0;0;0;0;0;0
42970;1987;9;13;The Coop;0;22;5;0;0;0;0;0;0;0;0;0;0;0;0;;;;0;0;0;0;0;0;0;0;0;0;0;0;0;0;0;0;0;0;0;0;0;0;0;0;Pre-Season;0;0;0;0;0;0;0;0;0;0
42972;1987;9;13;Chicago Stadium;0;8;12;0;0;0;0;0;0;0;0;0;0;0;0;;;;0;0;0;0;0;0;0;0;0;0;0;0;0;0;0;0;0;0;0;0;0;0;0;0;Pre-Season;0;0;0;0;0;0;0;0;0;0
42974;1987;9;13;Calgary Cowboys Arena;0;25;26;0;0;0;0;0;0;0;0;0;0;0;0;;;;0;0;0;0;0;0;0;0;0;0;0;0;0;0;0;0;0;0;0;0;0;0;0;0;Pre-Season;0;0;0;0;0;0;0;0;0;0
42976;1987;9;13;Tokyo University Arena;0;17;278;0;0;0;0;0;0;0;0;0;0;0;0;;;;0;0;0;0;0;0;0;0;0;0;0;0;0;0;0;0;0;0;0;0;0;0;0;0;Pre-Season;0;0;0;0;0;0;0;0;0;0
42978;1987;9;15;Wembley Arena;0;14;0;0;0;0;0;0;0;0;0;0;0;0;0;;;;0;0;0;0;0;0;0;0;0;0;0;0;0;0;0;0;0;0;0;0;0;0;0;0;Pre-Season;0;0;0;0;0;0;0;0;0;0
42980;1987;9;15;Rexall Place;0;23;8;0;0;0;0;0;0;0;0;0;0;0;0;;;;0;0;0;0;0;0;0;0;0;0;0;0;0;0;0;0;0;0;0;0;0;0;0;0;Pre-Season;0;0;0;0;0;0;0;0;0;0
42982;1987;9;15;Maple Leaf Gardens;0;3;15;0;0;0;0;0;0;0;0;0;0;0;0;;;;0;0;0;0;0;0;0;0;0;0;0;0;0;0;0;0;0;0;0;0;0;0;0;0;Pre-Season;0;0;0;0;0;0;0;0;0;0
42984;1987;9;15;Scotiabank Centre;0;9;279;0;0;0;0;0;0;0;0;0;0;0;0;;;;0;0;0;0;0;0;0;0;0;0;0;0;0;0;0;0;0;0;0;0;0;0;0;0;Pre-Season;0;0;0;0;0;0;0;0;0;0
42986;1987;9;15;The Cage;0;5;19;0;0;0;0;0;0;0;0;0;0;0;0;;;;0;0;0;0;0;0;0;0;0;0;0;0;0;0;0;0;0;0;0;0;0;0;0;0;Pre-Season;0;0;0;0;0;0;0;0;0;0
42988;1987;9;15;Finnish Arena;0;12;26;0;0;0;0;0;0;0;0;0;0;0;0;;;;0;0;0;0;0;0;0;0;0;0;0;0;0;0;0;0;0;0;0;0;0;0;0;0;Pre-Season;0;0;0;0;0;0;0;0;0;0
42990;1987;9;15;Mytischi Atlanti Mytischi Atlanti Arena;0;11;17;0;0;0;0;0;0;0;0;0;0;0;0;;;;0;0;0;0;0;0;0;0;0;0;0;0;0;0;0;0;0;0;0;0;0;0;0;0;Pre-Season;0;0;0;0;0;0;0;0;0;0
42992;1987;9;15;Maple Leaf Gardens;0;18;20;0;0;0;0;0;0;0;0;0;0;0;0;;;;0;0;0;0;0;0;0;0;0;0;0;0;0;0;0;0;0;0;0;0;0;0;0;0;Pre-Season;0;0;0;0;0;0;0;0;0;0
42994;1987;9;15;Langley Events Centre;0;280;278;0;0;0;0;0;0;0;0;0;0;0;0;;;;0;0;0;0;0;0;0;0;0;0;0;0;0;0;0;0;0;0;0;0;0;0;0;0;Pre-Season;0;0;0;0;0;0;0;0;0;0
42996;1987;9;15;Miami Arena;0;21;16;0;0;0;0;0;0;0;0;0;0;0;0;;;;0;0;0;0;0;0;0;0;0;0;0;0;0;0;0;0;0;0;0;0;0;0;0;0;Pre-Season;0;0;0;0;0;0;0;0;0;0
42998;1987;9;15;Moncton Coliseum;0;10;22;0;0;0;0;0;0;0;0;0;0;0;0;;;;0;0;0;0;0;0;0;0;0;0;0;0;0;0;0;0;0;0;0;0;0;0;0;0;Pre-Season;0;0;0;0;0;0;0;0;0;0
43000;1987;9;15;Calgary Cowboys Arena;0;25;24;0;0;0;0;0;0;0;0;0;0;0;0;;;;0;0;0;0;0;0;0;0;0;0;0;0;0;0;0;0;0;0;0;0;0;0;0;0;Pre-Season;0;0;0;0;0;0;0;0;0;0
43002;1987;9;16; Arena;0;278;279;0;0;0;0;0;0;0;0;0;0;0;0;;;;0;0;0;0;0;0;0;0;0;0;0;0;0;0;0;0;0;0;0;0;0;0;0;0;Pre-Season;0;0;0;0;0;0;0;0;0;0
43004;1987;9;16;The Coop;0;22;25;0;0;0;0;0;0;0;0;0;0;0;0;;;;0;0;0;0;0;0;0;0;0;0;0;0;0;0;0;0;0;0;0;0;0;0;0;0;Pre-Season;0;0;0;0;0;0;0;0;0;0
43006;1987;9;16;Wichita Wind Arena;0;0;280;0;0;0;0;0;0;0;0;0;0;0;0;;;;0;0;0;0;0;0;0;0;0;0;0;0;0;0;0;0;0;0;0;0;0;0;0;0;Pre-Season;0;0;0;0;0;0;0;0;0;0
43008;1987;9;16;Pittsburgh Civic Arena;0;15;9;0;0;0;0;0;0;0;0;0;0;0;0;;;;0;0;0;0;0;0;0;0;0;0;0;0;0;0;0;0;0;0;0;0;0;0;0;0;Pre-Season;0;0;0;0;0;0;0;0;0;0
43010;1987;9;16;The Cage;0;5;21;0;0;0;0;0;0;0;0;0;0;0;0;;;;0;0;0;0;0;0;0;0;0;0;0;0;0;0;0;0;0;0;0;0;0;0;0;0;Pre-Season;0;0;0;0;0;0;0;0;0;0
43012;1987;9;16;Colisée de Trois-Rivières;0;24;19;0;0;0;0;0;0;0;0;0;0;0;0;;;;0;0;0;0;0;0;0;0;0;0;0;0;0;0;0;0;0;0;0;0;0;0;0;0;Pre-Season;0;0;0;0;0;0;0;0;0;0
43014;1987;9;16;Moncton Coliseum;0;10;23;0;0;0;0;0;0;0;0;0;0;0;0;;;;0;0;0;0;0;0;0;0;0;0;0;0;0;0;0;0;0;0;0;0;0;0;0;0;Pre-Season;0;0;0;0;0;0;0;0;0;0
43016;1987;9;16;Chicago Stadium;0;8;14;0;0;0;0;0;0;0;0;0;0;0;0;;;;0;0;0;0;0;0;0;0;0;0;0;0;0;0;0;0;0;0;0;0;0;0;0;0;Pre-Season;0;0;0;0;0;0;0;0;0;0
43018;1987;9;16;Tokyo University Arena;0;17;3;0;0;0;0;0;0;0;0;0;0;0;0;;;;0;0;0;0;0;0;0;0;0;0;0;0;0;0;0;0;0;0;0;0;0;0;0;0;Pre-Season;0;0;0;0;0;0;0;0;0;0
43020;1987;9;16;Allen County War Memorial Coliseum;0;26;11;0;0;0;0;0;0;0;0;0;0;0;0;;;;0;0;0;0;0;0;0;0;0;0;0;0;0;0;0;0;0;0;0;0;0;0;0;0;Pre-Season;0;0;0;0;0;0;0;0;0;0
43022;1987;9;16;Bell Centre;0;20;18;0;0;0;0;0;0;0;0;0;0;0;0;;;;0;0;0;0;0;0;0;0;0;0;0;0;0;0;0;0;0;0;0;0;0;0;0;0;Pre-Season;0;0;0;0;0;0;0;0;0;0
43024;1987;9;16;Victoria Memorial Arena;0;16;12;0;0;0;0;0;0;0;0;0;0;0;0;;;;0;0;0;0;0;0;0;0;0;0;0;0;0;0;0;0;0;0;0;0;0;0;0;0;Pre-Season;0;0;0;0;0;0;0;0;0;0
43026;1987;9;18;Victoria Memorial Arena;0;16;24;0;0;0;0;0;0;0;0;0;0;0;0;;;;0;0;0;0;0;0;0;0;0;0;0;0;0;0;0;0;0;0;0;0;0;0;0;0;Pre-Season;0;0;0;0;0;0;0;0;0;0
43028;1987;9;18;Calgary Cowboys Arena;0;25;11;0;0;0;0;0;0;0;0;0;0;0;0;;;;0;0;0;0;0;0;0;0;0;0;0;0;0;0;0;0;0;0;0;0;0;0;0;0;Pre-Season;0;0;0;0;0;0;0;0;0;0
43030;1987;9;18;Scotiabank Centre;0;9;18;0;0;0;0;0;0;0;0;0;0;0;0;;;;0;0;0;0;0;0;0;0;0;0;0;0;0;0;0;0;0;0;0;0;0;0;0;0;Pre-Season;0;0;0;0;0;0;0;0;0;0
43032;1987;9;18;Cross Insurance Arena;0;279;22;0;0;0;0;0;0;0;0;0;0;0;0;;;;0;0;0;0;0;0;0;0;0;0;0;0;0;0;0;0;0;0;0;0;0;0;0;0;Pre-Season;0;0;0;0;0;0;0;0;0;0
43034;1987;9;18; Arena;0;278;10;0;0;0;0;0;0;0;0;0;0;0;0;;;;0;0;0;0;0;0;0;0;0;0;0;0;0;0;0;0;0;0;0;0;0;0;0;0;Pre-Season;0;0;0;0;0;0;0;0;0;0
43036;1987;9;18;City Park Hockey Stadium;0;19;17;0;0;0;0;0;0;0;0;0;0;0;0;;;;0;0;0;0;0;0;0;0;0;0;0;0;0;0;0;0;0;0;0;0;0;0;0;0;Pre-Season;0;0;0;0;0;0;0;0;0;0
43038;1987;9;18;Maple Leaf Gardens;0;3;14;0;0;0;0;0;0;0;0;0;0;0;0;;;;0;0;0;0;0;0;0;0;0;0;0;0;0;0;0;0;0;0;0;0;0;0;0;0;Pre-Season;0;0;0;0;0;0;0;0;0;0
43040;1987;9;18;Bell Centre;0;20;5;0;0;0;0;0;0;0;0;0;0;0;0;;;;0;0;0;0;0;0;0;0;0;0;0;0;0;0;0;0;0;0;0;0;0;0;0;0;Pre-Season;0;0;0;0;0;0;0;0;0;0
43042;1987;9;18;Wichita Wind Arena;0;0;15;0;0;0;0;0;0;0;0;0;0;0;0;;;;0;0;0;0;0;0;0;0;0;0;0;0;0;0;0;0;0;0;0;0;0;0;0;0;Pre-Season;0;0;0;0;0;0;0;0;0;0
43044;1987;9;18;Langley Events Centre;0;280;8;0;0;0;0;0;0;0;0;0;0;0;0;;;;0;0;0;0;0;0;0;0;0;0;0;0;0;0;0;0;0;0;0;0;0;0;0;0;Pre-Season;0;0;0;0;0;0;0;0;0;0
43046;1987;9;18;Finnish Arena;0;12;26;0;0;0;0;0;0;0;0;0;0;0;0;;;;0;0;0;0;0;0;0;0;0;0;0;0;0;0;0;0;0;0;0;0;0;0;0;0;Pre-Season;0;0;0;0;0;0;0;0;0;0
43048;1987;9;18;Rexall Place;0;23;21;0;0;0;0;0;0;0;0;0;0;0;0;;;;0;0;0;0;0;0;0;0;0;0;0;0;0;0;0;0;0;0;0;0;0;0;0;0;Pre-Season;0;0;0;0;0;0;0;0;0;0
43050;1987;9;19;Allen County War Memorial Coliseum;0;26;20;0;0;0;0;0;0;0;0;0;0;0;0;;;;0;0;0;0;0;0;0;0;0;0;0;0;0;0;0;0;0;0;0;0;0;0;0;0;Pre-Season;0;0;0;0;0;0;0;0;0;0
43052;1987;9;19;Wembley Arena;0;14;18;0;0;0;0;0;0;0;0;0;0;0;0;;;;0;0;0;0;0;0;0;0;0;0;0;0;0;0;0;0;0;0;0;0;0;0;0;0;Pre-Season;0;0;0;0;0;0;0;0;0;0
43054;1987;9;19;The Cage;0;5;12;0;0;0;0;0;0;0;0;0;0;0;0;;;;0;0;0;0;0;0;0;0;0;0;0;0;0;0;0;0;0;0;0;0;0;0;0;0;Pre-Season;0;0;0;0;0;0;0;0;0;0
43056;1987;9;19;Colisée de Trois-Rivières;0;24;22;0;0;0;0;0;0;0;0;0;0;0;0;;;;0;0;0;0;0;0;0;0;0;0;0;0;0;0;0;0;0;0;0;0;0;0;0;0;Pre-Season;0;0;0;0;0;0;0;0;0;0
43058;1987;9;19;Chicago Stadium;0;8;280;0;0;0;0;0;0;0;0;0;0;0;0;;;;0;0;0;0;0;0;0;0;0;0;0;0;0;0;0;0;0;0;0;0;0;0;0;0;Pre-Season;0;0;0;0;0;0;0;0;0;0
43060;1987;9;19;Victoria Memorial Arena;0;16;279;0;0;0;0;0;0;0;0;0;0;0;0;;;;0;0;0;0;0;0;0;0;0;0;0;0;0;0;0;0;0;0;0;0;0;0;0;0;Pre-Season;0;0;0;0;0;0;0;0;0;0
43062;1987;9;19;Maple Leaf Gardens;0;3;278;0;0;0;0;0;0;0;0;0;0;0;0;;;;0;0;0;0;0;0;0;0;0;0;0;0;0;0;0;0;0;0;0;0;0;0;0;0;Pre-Season;0;0;0;0;0;0;0;0;0;0
43064;1987;9;19;Mytischi Atlanti Mytischi Atlanti Arena;0;11;10;0;0;0;0;0;0;0;0;0;0;0;0;;;;0;0;0;0;0;0;0;0;0;0;0;0;0;0;0;0;0;0;0;0;0;0;0;0;Pre-Season;0;0;0;0;0;0;0;0;0;0
43066;1987;9;19;Miami Arena;0;21;25;0;0;0;0;0;0;0;0;0;0;0;0;;;;0;0;0;0;0;0;0;0;0;0;0;0;0;0;0;0;0;0;0;0;0;0;0;0;Pre-Season;0;0;0;0;0;0;0;0;0;0
43068;1987;9;19;City Park Hockey Stadium;0;19;9;0;0;0;0;0;0;0;0;0;0;0;0;;;;0;0;0;0;0;0;0;0;0;0;0;0;0;0;0;0;0;0;0;0;0;0;0;0;Pre-Season;0;0;0;0;0;0;0;0;0;0
43070;1987;9;19;Tokyo University Arena;0;17;0;0;0;0;0;0;0;0;0;0;0;0;0;;;;0;0;0;0;0;0;0;0;0;0;0;0;0;0;0;0;0;0;0;0;0;0;0;0;Pre-Season;0;0;0;0;0;0;0;0;0;0
43072;1987;9;19;Pittsburgh Civic Arena;0;15;23;0;0;0;0;0;0;0;0;0;0;0;0;;;;0;0;0;0;0;0;0;0;0;0;0;0;0;0;0;0;0;0;0;0;0;0;0;0;Pre-Season;0;0;0;0;0;0;0;0;0;0
43074;1987;9;21;Maple Leaf Gardens;0;3;21;0;0;0;0;0;0;0;0;0;0;0;0;;;;0;0;0;0;0;0;0;0;0;0;0;0;0;0;0;0;0;0;0;0;0;0;0;0;Pre-Season;0;0;0;0;0;0;0;0;0;0
43076;1987;9;21;Tokyo University Arena;0;17;14;0;0;0;0;0;0;0;0;0;0;0;0;;;;0;0;0;0;0;0;0;0;0;0;0;0;0;0;0;0;0;0;0;0;0;0;0;0;Pre-Season;0;0;0;0;0;0;0;0;0;0
43078;1987;9;21;Chicago Stadium;0;8;15;0;0;0;0;0;0;0;0;0;0;0;0;;;;0;0;0;0;0;0;0;0;0;0;0;0;0;0;0;0;0;0;0;0;0;0;0;0;Pre-Season;0;0;0;0;0;0;0;0;0;0
43080;1987;9;21;Rexall Place;0;23;20;0;0;0;0;0;0;0;0;0;0;0;0;;;;0;0;0;0;0;0;0;0;0;0;0;0;0;0;0;0;0;0;0;0;0;0;0;0;Pre-Season;0;0;0;0;0;0;0;0;0;0
43082;1987;9;21;Moncton Coliseum;0;10;12;0;0;0;0;0;0;0;0;0;0;0;0;;;;0;0;0;0;0;0;0;0;0;0;0;0;0;0;0;0;0;0;0;0;0;0;0;0;Pre-Season;0;0;0;0;0;0;0;0;0;0
43084;1987;9;21;Scotiabank Centre;0;9;24;0;0;0;0;0;0;0;0;0;0;0;0;;;;0;0;0;0;0;0;0;0;0;0;0;0;0;0;0;0;0;0;0;0;0;0;0;0;Pre-Season;0;0;0;0;0;0;0;0;0;0
43086;1987;9;21;Calgary Cowboys Arena;0;25;26;0;0;0;0;0;0;0;0;0;0;0;0;;;;0;0;0;0;0;0;0;0;0;0;0;0;0;0;0;0;0;0;0;0;0;0;0;0;Pre-Season;0;0;0;0;0;0;0;0;0;0
43088;1987;9;21;City Park Hockey Stadium;0;19;16;0;0;0;0;0;0;0;0;0;0;0;0;;;;0;0;0;0;0;0;0;0;0;0;0;0;0;0;0;0;0;0;0;0;0;0;0;0;Pre-Season;0;0;0;0;0;0;0;0;0;0
43090;1987;9;21;Wichita Wind Arena;0;0;22;0;0;0;0;0;0;0;0;0;0;0;0;;;;0;0;0;0;0;0;0;0;0;0;0;0;0;0;0;0;0;0;0;0;0;0;0;0;Pre-Season;0;0;0;0;0;0;0;0;0;0
43092;1987;9;21; Arena;0;278;5;0;0;0;0;0;0;0;0;0;0;0;0;;;;0;0;0;0;0;0;0;0;0;0;0;0;0;0;0;0;0;0;0;0;0;0;0;0;Pre-Season;0;0;0;0;0;0;0;0;0;0
43094;1987;9;21;Maple Leaf Gardens;0;18;11;0;0;0;0;0;0;0;0;0;0;0;0;;;;0;0;0;0;0;0;0;0;0;0;0;0;0;0;0;0;0;0;0;0;0;0;0;0;Pre-Season;0;0;0;0;0;0;0;0;0;0
43096;1987;9;21;Langley Events Centre;0;280;279;0;0;0;0;0;0;0;0;0;0;0;0;;;;0;0;0;0;0;0;0;0;0;0;0;0;0;0;0;0;0;0;0;0;0;0;0;0;Pre-Season;0;0;0;0;0;0;0;0;0;0
40374;1987;10;4;Cool Insuring Arena;0;223;218;0;0;0;0;0;0;0;0;0;0;0;0;;;;0;0;0;0;0;0;0;0;0;0;0;0;0;0;0;0;0;0;0;0;0;0;0;0;Regular Season;0;0;0;0;0;0;0;0;0;0
40386;1987;10;4;MassMutual Center;0;214;237;0;0;0;0;0;0;0;0;0;0;0;0;;;;0;0;0;0;0;0;0;0;0;0;0;0;0;0;0;0;0;0;0;0;0;0;0;0;Regular Season;0;0;0;0;0;0;0;0;0;0
40372;1987;10;4;Giant Center;0;224;216;0;0;0;0;0;0;0;0;0;0;0;0;;;;0;0;0;0;0;0;0;0;0;0;0;0;0;0;0;0;0;0;0;0;0;0;0;0;Regular Season;0;0;0;0;0;0;0;0;0;0
40371;1987;10;4;Broome County Veterans Memorial Arena;0;222;233;0;0;0;0;0;0;0;0;0;0;0;0;;;;0;0;0;0;0;0;0;0;0;0;0;0;0;0;0;0;0;0;0;0;0;0;0;0;Regular Season;0;0;0;0;0;0;0;0;0;0
40420;1987;10;5;MassMutual Center;0;214;226;0;0;0;0;0;0;0;0;0;0;0;0;;;;0;0;0;0;0;0;0;0;0;0;0;0;0;0;0;0;0;0;0;0;0;0;0;0;Regular Season;0;0;0;0;0;0;0;0;0;0
40383;1987;10;5;Giant Center;0;224;236;0;0;0;0;0;0;0;0;0;0;0;0;;;;0;0;0;0;0;0;0;0;0;0;0;0;0;0;0;0;0;0;0;0;0;0;0;0;Regular Season;0;0;0;0;0;0;0;0;0;0
40373;1987;10;5;Cool Insuring Arena;0;223;233;0;0;0;0;0;0;0;0;0;0;0;0;;;;0;0;0;0;0;0;0;0;0;0;0;0;0;0;0;0;0;0;0;0;0;0;0;0;Regular Season;0;0;0;0;0;0;0;0;0;0
40377;1987;10;6;Broome County Veterans Memorial Arena;0;218;237;0;0;0;0;0;0;0;0;0;0;0;0;;;;0;0;0;0;0;0;0;0;0;0;0;0;0;0;0;0;0;0;0;0;0;0;0;0;Regular Season;0;0;0;0;0;0;0;0;0;0
40379;1987;10;6;War Memorial at Oncenter;0;236;216;0;0;0;0;0;0;0;0;0;0;0;0;;;;0;0;0;0;0;0;0;0;0;0;0;0;0;0;0;0;0;0;0;0;0;0;0;0;Regular Season;0;0;0;0;0;0;0;0;0;0
40381;1987;10;6;Broome County Veterans Memorial Arena;0;222;226;0;0;0;0;0;0;0;0;0;0;0;0;;;;0;0;0;0;0;0;0;0;0;0;0;0;0;0;0;0;0;0;0;0;0;0;0;0;Regular Season;0;0;0;0;0;0;0;0;0;0
40375;1987;10;8;Blue Cross Arena at the War Memorial;0;233;236;0;0;0;0;0;0;0;0;0;0;0;0;;;;0;0;0;0;0;0;0;0;0;0;0;0;0;0;0;0;0;0;0;0;0;0;0;0;Regular Season;0;0;0;0;0;0;0;0;0;0
40421;1987;10;8;Broome County Veterans Memorial Arena;0;222;216;0;0;0;0;0;0;0;0;0;0;0;0;;;;0;0;0;0;0;0;0;0;0;0;0;0;0;0;0;0;0;0;0;0;0;0;0;0;Regular Season;0;0;0;0;0;0;0;0;0;0
40382;1987;10;8;Moncton Coliseum;0;237;224;0;0;0;0;0;0;0;0;0;0;0;0;;;;0;0;0;0;0;0;0;0;0;0;0;0;0;0;0;0;0;0;0;0;0;0;0;0;Regular Season;0;0;0;0;0;0;0;0;0;0
40378;1987;10;8;Cool Insuring Arena;0;223;218;0;0;0;0;0;0;0;0;0;0;0;0;;;;0;0;0;0;0;0;0;0;0;0;0;0;0;0;0;0;0;0;0;0;0;0;0;0;Regular Season;0;0;0;0;0;0;0;0;0;0
40395;1987;10;9;Scotiabank Centre;0;226;218;0;0;0;0;0;0;0;0;0;0;0;0;;;;0;0;0;0;0;0;0;0;0;0;0;0;0;0;0;0;0;0;0;0;0;0;0;0;Regular Season;0;0;0;0;0;0;0;0;0;0
40380;1987;10;9;Moncton Coliseum;0;237;214;0;0;0;0;0;0;0;0;0;0;0;0;;;;0;0;0;0;0;0;0;0;0;0;0;0;0;0;0;0;0;0;0;0;0;0;0;0;Regular Season;0;0;0;0;0;0;0;0;0;0
40439;1987;10;10;Broome County Veterans Memorial Arena;0;222;216;0;0;0;0;0;0;0;0;0;0;0;0;;;;0;0;0;0;0;0;0;0;0;0;0;0;0;0;0;0;0;0;0;0;0;0;0;0;Regular Season;0;0;0;0;0;0;0;0;0;0
40376;1987;10;10;Blue Cross Arena at the War Memorial;0;233;224;0;0;0;0;0;0;0;0;0;0;0;0;;;;0;0;0;0;0;0;0;0;0;0;0;0;0;0;0;0;0;0;0;0;0;0;0;0;Regular Season;0;0;0;0;0;0;0;0;0;0
40384;1987;10;10;MassMutual Center;0;214;223;0;0;0;0;0;0;0;0;0;0;0;0;;;;0;0;0;0;0;0;0;0;0;0;0;0;0;0;0;0;0;0;0;0;0;0;0;0;Regular Season;0;0;0;0;0;0;0;0;0;0
40574;1987;10;11;Broome County Veterans Memorial Arena;0;218;237;0;0;0;0;0;0;0;0;0;0;0;0;;;;0;0;0;0;0;0;0;0;0;0;0;0;0;0;0;0;0;0;0;0;0;0;0;0;Regular Season;0;0;0;0;0;0;0;0;0;0
40747;1987;10;11;Blue Cross Arena at the War Memorial;0;233;236;0;0;0;0;0;0;0;0;0;0;0;0;;;;0;0;0;0;0;0;0;0;0;0;0;0;0;0;0;0;0;0;0;0;0;0;0;0;Regular Season;0;0;0;0;0;0;0;0;0;0
40385;1987;10;12;Moncton Coliseum;0;237;223;0;0;0;0;0;0;0;0;0;0;0;0;;;;0;0;0;0;0;0;0;0;0;0;0;0;0;0;0;0;0;0;0;0;0;0;0;0;Regular Season;0;0;0;0;0;0;0;0;0;0
40387;1987;10;12;Giant Center;0;224;222;0;0;0;0;0;0;0;0;0;0;0;0;;;;0;0;0;0;0;0;0;0;0;0;0;0;0;0;0;0;0;0;0;0;0;0;0;0;Regular Season;0;0;0;0;0;0;0;0;0;0
40443;1987;10;13;MassMutual Center;0;214;226;0;0;0;0;0;0;0;0;0;0;0;0;;;;0;0;0;0;0;0;0;0;0;0;0;0;0;0;0;0;0;0;0;0;0;0;0;0;Regular Season;0;0;0;0;0;0;0;0;0;0
40392;1987;10;13;Broome County Veterans Memorial Arena;0;218;224;0;0;0;0;0;0;0;0;0;0;0;0;;;;0;0;0;0;0;0;0;0;0;0;0;0;0;0;0;0;0;0;0;0;0;0;0;0;Regular Season;0;0;0;0;0;0;0;0;0;0
40389;1987;10;13;War Memorial at Oncenter;0;236;233;0;0;0;0;0;0;0;0;0;0;0;0;;;;0;0;0;0;0;0;0;0;0;0;0;0;0;0;0;0;0;0;0;0;0;0;0;0;Regular Season;0;0;0;0;0;0;0;0;0;0
40532;1987;10;14;New Haven Coliseum;0;216;226;0;0;0;0;0;0;0;0;0;0;0;0;;;;0;0;0;0;0;0;0;0;0;0;0;0;0;0;0;0;0;0;0;0;0;0;0;0;Regular Season;0;0;0;0;0;0;0;0;0;0
40401;1987;10;14;Blue Cross Arena at the War Memorial;0;233;222;0;0;0;0;0;0;0;0;0;0;0;0;;;;0;0;0;0;0;0;0;0;0;0;0;0;0;0;0;0;0;0;0;0;0;0;0;0;Regular Season;0;0;0;0;0;0;0;0;0;0
40388;1987;10;15;MassMutual Center;0;214;218;0;0;0;0;0;0;0;0;0;0;0;0;;;;0;0;0;0;0;0;0;0;0;0;0;0;0;0;0;0;0;0;0;0;0;0;0;0;Regular Season;0;0;0;0;0;0;0;0;0;0
40390;1987;10;15;Moncton Coliseum;0;237;236;0;0;0;0;0;0;0;0;0;0;0;0;;;;0;0;0;0;0;0;0;0;0;0;0;0;0;0;0;0;0;0;0;0;0;0;0;0;Regular Season;0;0;0;0;0;0;0;0;0;0
40393;1987;10;15;Cool Insuring Arena;0;223;224;0;0;0;0;0;0;0;0;0;0;0;0;;;;0;0;0;0;0;0;0;0;0;0;0;0;0;0;0;0;0;0;0;0;0;0;0;0;Regular Season;0;0;0;0;0;0;0;0;0;0
40478;1987;10;16;Scotiabank Centre;0;226;222;0;0;0;0;0;0;0;0;0;0;0;0;;;;0;0;0;0;0;0;0;0;0;0;0;0;0;0;0;0;0;0;0;0;0;0;0;0;Regular Season;0;0;0;0;0;0;0;0;0;0
40398;1987;10;16;Broome County Veterans Memorial Arena;0;218;237;0;0;0;0;0;0;0;0;0;0;0;0;;;;0;0;0;0;0;0;0;0;0;0;0;0;0;0;0;0;0;0;0;0;0;0;0;0;Regular Season;0;0;0;0;0;0;0;0;0;0
40422;1987;10;16;New Haven Coliseum;0;216;214;0;0;0;0;0;0;0;0;0;0;0;0;;;;0;0;0;0;0;0;0;0;0;0;0;0;0;0;0;0;0;0;0;0;0;0;0;0;Regular Season;0;0;0;0;0;0;0;0;0;0
40391;1987;10;17;Blue Cross Arena at the War Memorial;0;233;236;0;0;0;0;0;0;0;0;0;0;0;0;;;;0;0;0;0;0;0;0;0;0;0;0;0;0;0;0;0;0;0;0;0;0;0;0;0;Regular Season;0;0;0;0;0;0;0;0;0;0
40399;1987;10;17;Cool Insuring Arena;0;223;216;0;0;0;0;0;0;0;0;0;0;0;0;;;;0;0;0;0;0;0;0;0;0;0;0;0;0;0;0;0;0;0;0;0;0;0;0;0;Regular Season;0;0;0;0;0;0;0;0;0;0
40739;1987;10;18;Broome County Veterans Memorial Arena;0;222;236;0;0;0;0;0;0;0;0;0;0;0;0;;;;0;0;0;0;0;0;0;0;0;0;0;0;0;0;0;0;0;0;0;0;0;0;0;0;Regular Season;0;0;0;0;0;0;0;0;0;0
40762;1987;10;18;Scotiabank Centre;0;226;218;0;0;0;0;0;0;0;0;0;0;0;0;;;;0;0;0;0;0;0;0;0;0;0;0;0;0;0;0;0;0;0;0;0;0;0;0;0;Regular Season;0;0;0;0;0;0;0;0;0;0
40394;1987;10;19;New Haven Coliseum;0;216;224;0;0;0;0;0;0;0;0;0;0;0;0;;;;0;0;0;0;0;0;0;0;0;0;0;0;0;0;0;0;0;0;0;0;0;0;0;0;Regular Season;0;0;0;0;0;0;0;0;0;0
40406;1987;10;19;MassMutual Center;0;214;233;0;0;0;0;0;0;0;0;0;0;0;0;;;;0;0;0;0;0;0;0;0;0;0;0;0;0;0;0;0;0;0;0;0;0;0;0;0;Regular Season;0;0;0;0;0;0;0;0;0;0
40402;1987;10;19;Scotiabank Centre;0;226;237;0;0;0;0;0;0;0;0;0;0;0;0;;;;0;0;0;0;0;0;0;0;0;0;0;0;0;0;0;0;0;0;0;0;0;0;0;0;Regular Season;0;0;0;0;0;0;0;0;0;0
40413;1987;10;20;Blue Cross Arena at the War Memorial;0;233;222;0;0;0;0;0;0;0;0;0;0;0;0;;;;0;0;0;0;0;0;0;0;0;0;0;0;0;0;0;0;0;0;0;0;0;0;0;0;Regular Season;0;0;0;0;0;0;0;0;0;0
40400;1987;10;20;Moncton Coliseum;0;237;218;0;0;0;0;0;0;0;0;0;0;0;0;;;;0;0;0;0;0;0;0;0;0;0;0;0;0;0;0;0;0;0;0;0;0;0;0;0;Regular Season;0;0;0;0;0;0;0;0;0;0
40410;1987;10;20;Cool Insuring Arena;0;223;214;0;0;0;0;0;0;0;0;0;0;0;0;;;;0;0;0;0;0;0;0;0;0;0;0;0;0;0;0;0;0;0;0;0;0;0;0;0;Regular Season;0;0;0;0;0;0;0;0;0;0
40403;1987;10;20;Giant Center;0;224;236;0;0;0;0;0;0;0;0;0;0;0;0;;;;0;0;0;0;0;0;0;0;0;0;0;0;0;0;0;0;0;0;0;0;0;0;0;0;Regular Season;0;0;0;0;0;0;0;0;0;0
40409;1987;10;22;New Haven Coliseum;0;216;237;0;0;0;0;0;0;0;0;0;0;0;0;;;;0;0;0;0;0;0;0;0;0;0;0;0;0;0;0;0;0;0;0;0;0;0;0;0;Regular Season;0;0;0;0;0;0;0;0;0;0
40397;1987;10;22;Scotiabank Centre;0;226;224;0;0;0;0;0;0;0;0;0;0;0;0;;;;0;0;0;0;0;0;0;0;0;0;0;0;0;0;0;0;0;0;0;0;0;0;0;0;Regular Season;0;0;0;0;0;0;0;0;0;0
40404;1987;10;22;War Memorial at Oncenter;0;236;218;0;0;0;0;0;0;0;0;0;0;0;0;;;;0;0;0;0;0;0;0;0;0;0;0;0;0;0;0;0;0;0;0;0;0;0;0;0;Regular Season;0;0;0;0;0;0;0;0;0;0
40455;1987;10;23;New Haven Coliseum;0;216;222;0;0;0;0;0;0;0;0;0;0;0;0;;;;0;0;0;0;0;0;0;0;0;0;0;0;0;0;0;0;0;0;0;0;0;0;0;0;Regular Season;0;0;0;0;0;0;0;0;0;0
40396;1987;10;23;War Memorial at Oncenter;0;236;233;0;0;0;0;0;0;0;0;0;0;0;0;;;;0;0;0;0;0;0;0;0;0;0;0;0;0;0;0;0;0;0;0;0;0;0;0;0;Regular Season;0;0;0;0;0;0;0;0;0;0
40744;1987;10;23;Moncton Coliseum;0;237;226;0;0;0;0;0;0;0;0;0;0;0;0;;;;0;0;0;0;0;0;0;0;0;0;0;0;0;0;0;0;0;0;0;0;0;0;0;0;Regular Season;0;0;0;0;0;0;0;0;0;0
40407;1987;10;24;Broome County Veterans Memorial Arena;0;218;223;0;0;0;0;0;0;0;0;0;0;0;0;;;;0;0;0;0;0;0;0;0;0;0;0;0;0;0;0;0;0;0;0;0;0;0;0;0;Regular Season;0;0;0;0;0;0;0;0;0;0
40497;1987;10;24;MassMutual Center;0;214;222;0;0;0;0;0;0;0;0;0;0;0;0;;;;0;0;0;0;0;0;0;0;0;0;0;0;0;0;0;0;0;0;0;0;0;0;0;0;Regular Season;0;0;0;0;0;0;0;0;0;0
40417;1987;10;25;Scotiabank Centre;0;226;223;0;0;0;0;0;0;0;0;0;0;0;0;;;;0;0;0;0;0;0;0;0;0;0;0;0;0;0;0;0;0;0;0;0;0;0;0;0;Regular Season;0;0;0;0;0;0;0;0;0;0
40748;1987;10;25;War Memorial at Oncenter;0;236;224;0;0;0;0;0;0;0;0;0;0;0;0;;;;0;0;0;0;0;0;0;0;0;0;0;0;0;0;0;0;0;0;0;0;0;0;0;0;Regular Season;0;0;0;0;0;0;0;0;0;0
40755;1987;10;25;New Haven Coliseum;0;216;233;0;0;0;0;0;0;0;0;0;0;0;0;;;;0;0;0;0;0;0;0;0;0;0;0;0;0;0;0;0;0;0;0;0;0;0;0;0;Regular Season;0;0;0;0;0;0;0;0;0;0
40416;1987;10;26;Broome County Veterans Memorial Arena;0;222;233;0;0;0;0;0;0;0;0;0;0;0;0;;;;0;0;0;0;0;0;0;0;0;0;0;0;0;0;0;0;0;0;0;0;0;0;0;0;Regular Season;0;0;0;0;0;0;0;0;0;0
40418;1987;10;26;Moncton Coliseum;0;237;214;0;0;0;0;0;0;0;0;0;0;0;0;;;;0;0;0;0;0;0;0;0;0;0;0;0;0;0;0;0;0;0;0;0;0;0;0;0;Regular Season;0;0;0;0;0;0;0;0;0;0
40447;1987;10;26;Giant Center;0;224;216;0;0;0;0;0;0;0;0;0;0;0;0;;;;0;0;0;0;0;0;0;0;0;0;0;0;0;0;0;0;0;0;0;0;0;0;0;0;Regular Season;0;0;0;0;0;0;0;0;0;0
40405;1987;10;27;Broome County Veterans Memorial Arena;0;222;236;0;0;0;0;0;0;0;0;0;0;0;0;;;;0;0;0;0;0;0;0;0;0;0;0;0;0;0;0;0;0;0;0;0;0;0;0;0;Regular Season;0;0;0;0;0;0;0;0;0;0
40412;1987;10;27;Scotiabank Centre;0;226;218;0;0;0;0;0;0;0;0;0;0;0;0;;;;0;0;0;0;0;0;0;0;0;0;0;0;0;0;0;0;0;0;0;0;0;0;0;0;Regular Season;0;0;0;0;0;0;0;0;0;0
40459;1987;10;27;MassMutual Center;0;214;223;0;0;0;0;0;0;0;0;0;0;0;0;;;;0;0;0;0;0;0;0;0;0;0;0;0;0;0;0;0;0;0;0;0;0;0;0;0;Regular Season;0;0;0;0;0;0;0;0;0;0
40414;1987;10;28;New Haven Coliseum;0;216;233;0;0;0;0;0;0;0;0;0;0;0;0;;;;0;0;0;0;0;0;0;0;0;0;0;0;0;0;0;0;0;0;0;0;0;0;0;0;Regular Season;0;0;0;0;0;0;0;0;0;0
40423;1987;10;29;Giant Center;0;224;233;0;0;0;0;0;0;0;0;0;0;0;0;;;;0;0;0;0;0;0;0;0;0;0;0;0;0;0;0;0;0;0;0;0;0;0;0;0;Regular Season;0;0;0;0;0;0;0;0;0;0
40415;1987;10;29;Cool Insuring Arena;0;223;237;0;0;0;0;0;0;0;0;0;0;0;0;;;;0;0;0;0;0;0;0;0;0;0;0;0;0;0;0;0;0;0;0;0;0;0;0;0;Regular Season;0;0;0;0;0;0;0;0;0;0
40411;1987;10;29;War Memorial at Oncenter;0;236;226;0;0;0;0;0;0;0;0;0;0;0;0;;;;0;0;0;0;0;0;0;0;0;0;0;0;0;0;0;0;0;0;0;0;0;0;0;0;Regular Season;0;0;0;0;0;0;0;0;0;0
40512;1987;10;30;Giant Center;0;224;214;0;0;0;0;0;0;0;0;0;0;0;0;;;;0;0;0;0;0;0;0;0;0;0;0;0;0;0;0;0;0;0;0;0;0;0;0;0;Regular Season;0;0;0;0;0;0;0;0;0;0
40433;1987;10;30;Moncton Coliseum;0;237;226;0;0;0;0;0;0;0;0;0;0;0;0;;;;0;0;0;0;0;0;0;0;0;0;0;0;0;0;0;0;0;0;0;0;0;0;0;0;Regular Season;0;0;0;0;0;0;0;0;0;0
40419;1987;10;30;Broome County Veterans Memorial Arena;0;218;223;0;0;0;0;0;0;0;0;0;0;0;0;;;;0;0;0;0;0;0;0;0;0;0;0;0;0;0;0;0;0;0;0;0;0;0;0;0;Regular Season;0;0;0;0;0;0;0;0;0;0
40427;1987;10;31;War Memorial at Oncenter;0;236;222;0;0;0;0;0;0;0;0;0;0;0;0;;;;0;0;0;0;0;0;0;0;0;0;0;0;0;0;0;0;0;0;0;0;0;0;0;0;Regular Season;0;0;0;0;0;0;0;0;0;0
40408;1987;10;31;New Haven Coliseum;0;216;218;0;0;0;0;0;0;0;0;0;0;0;0;;;;0;0;0;0;0;0;0;0;0;0;0;0;0;0;0;0;0;0;0;0;0;0;0;0;Regular Season;0;0;0;0;0;0;0;0;0;0
40749;1987;11;1;Cool Insuring Arena;0;223;233;0;0;0;0;0;0;0;0;0;0;0;0;;;;0;0;0;0;0;0;0;0;0;0;0;0;0;0;0;0;0;0;0;0;0;0;0;0;Regular Season;0;0;0;0;0;0;0;0;0;0
40758;1987;11;1;War Memorial at Oncenter;0;236;222;0;0;0;0;0;0;0;0;0;0;0;0;;;;0;0;0;0;0;0;0;0;0;0;0;0;0;0;0;0;0;0;0;0;0;0;0;0;Regular Season;0;0;0;0;0;0;0;0;0;0
40467;1987;11;2;MassMutual Center;0;214;226;0;0;0;0;0;0;0;0;0;0;0;0;;;;0;0;0;0;0;0;0;0;0;0;0;0;0;0;0;0;0;0;0;0;0;0;0;0;Regular Season;0;0;0;0;0;0;0;0;0;0
40463;1987;11;2;Giant Center;0;224;216;0;0;0;0;0;0;0;0;0;0;0;0;;;;0;0;0;0;0;0;0;0;0;0;0;0;0;0;0;0;0;0;0;0;0;0;0;0;Regular Season;0;0;0;0;0;0;0;0;0;0
40754;1987;11;3;War Memorial at Oncenter;0;236;216;0;0;0;0;0;0;0;0;0;0;0;0;;;;0;0;0;0;0;0;0;0;0;0;0;0;0;0;0;0;0;0;0;0;0;0;0;0;Regular Season;0;0;0;0;0;0;0;0;0;0
40429;1987;11;3;Broome County Veterans Memorial Arena;0;222;233;0;0;0;0;0;0;0;0;0;0;0;0;;;;0;0;0;0;0;0;0;0;0;0;0;0;0;0;0;0;0;0;0;0;0;0;0;0;Regular Season;0;0;0;0;0;0;0;0;0;0
40517;1987;11;3;Scotiabank Centre;0;226;224;0;0;0;0;0;0;0;0;0;0;0;0;;;;0;0;0;0;0;0;0;0;0;0;0;0;0;0;0;0;0;0;0;0;0;0;0;0;Regular Season;0;0;0;0;0;0;0;0;0;0
40424;1987;11;3;Broome County Veterans Memorial Arena;0;218;223;0;0;0;0;0;0;0;0;0;0;0;0;;;;0;0;0;0;0;0;0;0;0;0;0;0;0;0;0;0;0;0;0;0;0;0;0;0;Regular Season;0;0;0;0;0;0;0;0;0;0
40444;1987;11;3;Moncton Coliseum;0;237;214;0;0;0;0;0;0;0;0;0;0;0;0;;;;0;0;0;0;0;0;0;0;0;0;0;0;0;0;0;0;0;0;0;0;0;0;0;0;Regular Season;0;0;0;0;0;0;0;0;0;0
40436;1987;11;5;Broome County Veterans Memorial Arena;0;222;224;0;0;0;0;0;0;0;0;0;0;0;0;;;;0;0;0;0;0;0;0;0;0;0;0;0;0;0;0;0;0;0;0;0;0;0;0;0;Regular Season;0;0;0;0;0;0;0;0;0;0
40425;1987;11;5;Moncton Coliseum;0;237;218;0;0;0;0;0;0;0;0;0;0;0;0;;;;0;0;0;0;0;0;0;0;0;0;0;0;0;0;0;0;0;0;0;0;0;0;0;0;Regular Season;0;0;0;0;0;0;0;0;0;0
40430;1987;11;5;New Haven Coliseum;0;216;233;0;0;0;0;0;0;0;0;0;0;0;0;;;;0;0;0;0;0;0;0;0;0;0;0;0;0;0;0;0;0;0;0;0;0;0;0;0;Regular Season;0;0;0;0;0;0;0;0;0;0
40428;1987;11;6;New Haven Coliseum;0;216;218;0;0;0;0;0;0;0;0;0;0;0;0;;;;0;0;0;0;0;0;0;0;0;0;0;0;0;0;0;0;0;0;0;0;0;0;0;0;Regular Season;0;0;0;0;0;0;0;0;0;0
40442;1987;11;6;Cool Insuring Arena;0;223;237;0;0;0;0;0;0;0;0;0;0;0;0;;;;0;0;0;0;0;0;0;0;0;0;0;0;0;0;0;0;0;0;0;0;0;0;0;0;Regular Season;0;0;0;0;0;0;0;0;0;0
40426;1987;11;6;War Memorial at Oncenter;0;236;233;0;0;0;0;0;0;0;0;0;0;0;0;;;;0;0;0;0;0;0;0;0;0;0;0;0;0;0;0;0;0;0;0;0;0;0;0;0;Regular Season;0;0;0;0;0;0;0;0;0;0
40487;1987;11;7;MassMutual Center;0;214;226;0;0;0;0;0;0;0;0;0;0;0;0;;;;0;0;0;0;0;0;0;0;0;0;0;0;0;0;0;0;0;0;0;0;0;0;0;0;Regular Season;0;0;0;0;0;0;0;0;0;0
40757;1987;11;7;War Memorial at Oncenter;0;236;224;0;0;0;0;0;0;0;0;0;0;0;0;;;;0;0;0;0;0;0;0;0;0;0;0;0;0;0;0;0;0;0;0;0;0;0;0;0;Regular Season;0;0;0;0;0;0;0;0;0;0
40763;1987;11;8;Broome County Veterans Memorial Arena;0;218;214;0;0;0;0;0;0;0;0;0;0;0;0;;;;0;0;0;0;0;0;0;0;0;0;0;0;0;0;0;0;0;0;0;0;0;0;0;0;Regular Season;0;0;0;0;0;0;0;0;0;0
40434;1987;11;8;Broome County Veterans Memorial Arena;0;222;223;0;0;0;0;0;0;0;0;0;0;0;0;;;;0;0;0;0;0;0;0;0;0;0;0;0;0;0;0;0;0;0;0;0;0;0;0;0;Regular Season;0;0;0;0;0;0;0;0;0;0
40440;1987;11;9;Cool Insuring Arena;0;223;237;0;0;0;0;0;0;0;0;0;0;0;0;;;;0;0;0;0;0;0;0;0;0;0;0;0;0;0;0;0;0;0;0;0;0;0;0;0;Regular Season;0;0;0;0;0;0;0;0;0;0
40760;1987;11;9;Giant Center;0;224;216;0;0;0;0;0;0;0;0;0;0;0;0;;;;0;0;0;0;0;0;0;0;0;0;0;0;0;0;0;0;0;0;0;0;0;0;0;0;Regular Season;0;0;0;0;0;0;0;0;0;0
40477;1987;11;9;Broome County Veterans Memorial Arena;0;218;226;0;0;0;0;0;0;0;0;0;0;0;0;;;;0;0;0;0;0;0;0;0;0;0;0;0;0;0;0;0;0;0;0;0;0;0;0;0;Regular Season;0;0;0;0;0;0;0;0;0;0
40541;1987;11;10;Giant Center;0;224;214;0;0;0;0;0;0;0;0;0;0;0;0;;;;0;0;0;0;0;0;0;0;0;0;0;0;0;0;0;0;0;0;0;0;0;0;0;0;Regular Season;0;0;0;0;0;0;0;0;0;0
40431;1987;11;10;New Haven Coliseum;0;216;233;0;0;0;0;0;0;0;0;0;0;0;0;;;;0;0;0;0;0;0;0;0;0;0;0;0;0;0;0;0;0;0;0;0;0;0;0;0;Regular Season;0;0;0;0;0;0;0;0;0;0
40453;1987;11;10;Scotiabank Centre;0;226;237;0;0;0;0;0;0;0;0;0;0;0;0;;;;0;0;0;0;0;0;0;0;0;0;0;0;0;0;0;0;0;0;0;0;0;0;0;0;Regular Season;0;0;0;0;0;0;0;0;0;0
40441;1987;11;10;War Memorial at Oncenter;0;236;222;0;0;0;0;0;0;0;0;0;0;0;0;;;;0;0;0;0;0;0;0;0;0;0;0;0;0;0;0;0;0;0;0;0;0;0;0;0;Regular Season;0;0;0;0;0;0;0;0;0;0
40533;1987;11;11;War Memorial at Oncenter;0;236;214;0;0;0;0;0;0;0;0;0;0;0;0;;;;0;0;0;0;0;0;0;0;0;0;0;0;0;0;0;0;0;0;0;0;0;0;0;0;Regular Season;0;0;0;0;0;0;0;0;0;0
40445;1987;11;12;Scotiabank Centre;0;226;237;0;0;0;0;0;0;0;0;0;0;0;0;;;;0;0;0;0;0;0;0;0;0;0;0;0;0;0;0;0;0;0;0;0;0;0;0;0;Regular Season;0;0;0;0;0;0;0;0;0;0
40449;1987;11;12;Cool Insuring Arena;0;223;218;0;0;0;0;0;0;0;0;0;0;0;0;;;;0;0;0;0;0;0;0;0;0;0;0;0;0;0;0;0;0;0;0;0;0;0;0;0;Regular Season;0;0;0;0;0;0;0;0;0;0
40457;1987;11;12;New Haven Coliseum;0;216;222;0;0;0;0;0;0;0;0;0;0;0;0;;;;0;0;0;0;0;0;0;0;0;0;0;0;0;0;0;0;0;0;0;0;0;0;0;0;Regular Season;0;0;0;0;0;0;0;0;0;0
40432;1987;11;13;Blue Cross Arena at the War Memorial;0;233;223;0;0;0;0;0;0;0;0;0;0;0;0;;;;0;0;0;0;0;0;0;0;0;0;0;0;0;0;0;0;0;0;0;0;0;0;0;0;Regular Season;0;0;0;0;0;0;0;0;0;0
40753;1987;11;13;MassMutual Center;0;214;237;0;0;0;0;0;0;0;0;0;0;0;0;;;;0;0;0;0;0;0;0;0;0;0;0;0;0;0;0;0;0;0;0;0;0;0;0;0;Regular Season;0;0;0;0;0;0;0;0;0;0
40448;1987;11;13;Broome County Veterans Memorial Arena;0;222;224;0;0;0;0;0;0;0;0;0;0;0;0;;;;0;0;0;0;0;0;0;0;0;0;0;0;0;0;0;0;0;0;0;0;0;0;0;0;Regular Season;0;0;0;0;0;0;0;0;0;0
40435;1987;11;14;New Haven Coliseum;0;216;233;0;0;0;0;0;0;0;0;0;0;0;0;;;;0;0;0;0;0;0;0;0;0;0;0;0;0;0;0;0;0;0;0;0;0;0;0;0;Regular Season;0;0;0;0;0;0;0;0;0;0
40452;1987;11;14;Broome County Veterans Memorial Arena;0;218;224;0;0;0;0;0;0;0;0;0;0;0;0;;;;0;0;0;0;0;0;0;0;0;0;0;0;0;0;0;0;0;0;0;0;0;0;0;0;Regular Season;0;0;0;0;0;0;0;0;0;0
40503;1987;11;14;MassMutual Center;0;214;236;0;0;0;0;0;0;0;0;0;0;0;0;;;;0;0;0;0;0;0;0;0;0;0;0;0;0;0;0;0;0;0;0;0;0;0;0;0;Regular Season;0;0;0;0;0;0;0;0;0;0
40693;1987;11;16;War Memorial at Oncenter;0;236;226;0;0;0;0;0;0;0;0;0;0;0;0;;;;0;0;0;0;0;0;0;0;0;0;0;0;0;0;0;0;0;0;0;0;0;0;0;0;Regular Season;0;0;0;0;0;0;0;0;0;0
40438;1987;11;16;Blue Cross Arena at the War Memorial;0;233;214;0;0;0;0;0;0;0;0;0;0;0;0;;;;0;0;0;0;0;0;0;0;0;0;0;0;0;0;0;0;0;0;0;0;0;0;0;0;Regular Season;0;0;0;0;0;0;0;0;0;0
40530;1987;11;17;War Memorial at Oncenter;0;236;224;0;0;0;0;0;0;0;0;0;0;0;0;;;;0;0;0;0;0;0;0;0;0;0;0;0;0;0;0;0;0;0;0;0;0;0;0;0;Regular Season;0;0;0;0;0;0;0;0;0;0
40437;1987;11;17;Broome County Veterans Memorial Arena;0;222;233;0;0;0;0;0;0;0;0;0;0;0;0;;;;0;0;0;0;0;0;0;0;0;0;0;0;0;0;0;0;0;0;0;0;0;0;0;0;Regular Season;0;0;0;0;0;0;0;0;0;0
40460;1987;11;17;Broome County Veterans Memorial Arena;0;218;216;0;0;0;0;0;0;0;0;0;0;0;0;;;;0;0;0;0;0;0;0;0;0;0;0;0;0;0;0;0;0;0;0;0;0;0;0;0;Regular Season;0;0;0;0;0;0;0;0;0;0
40476;1987;11;17;Scotiabank Centre;0;226;223;0;0;0;0;0;0;0;0;0;0;0;0;;;;0;0;0;0;0;0;0;0;0;0;0;0;0;0;0;0;0;0;0;0;0;0;0;0;Regular Season;0;0;0;0;0;0;0;0;0;0
40472;1987;11;18;Broome County Veterans Memorial Arena;0;222;224;0;0;0;0;0;0;0;0;0;0;0;0;;;;0;0;0;0;0;0;0;0;0;0;0;0;0;0;0;0;0;0;0;0;0;0;0;0;Regular Season;0;0;0;0;0;0;0;0;0;0
40446;1987;11;19;Blue Cross Arena at the War Memorial;0;233;216;0;0;0;0;0;0;0;0;0;0;0;0;;;;0;0;0;0;0;0;0;0;0;0;0;0;0;0;0;0;0;0;0;0;0;0;0;0;Regular Season;0;0;0;0;0;0;0;0;0;0
40461;1987;11;19;Cool Insuring Arena;0;223;214;0;0;0;0;0;0;0;0;0;0;0;0;;;;0;0;0;0;0;0;0;0;0;0;0;0;0;0;0;0;0;0;0;0;0;0;0;0;Regular Season;0;0;0;0;0;0;0;0;0;0
40470;1987;11;19;Moncton Coliseum;0;237;218;0;0;0;0;0;0;0;0;0;0;0;0;;;;0;0;0;0;0;0;0;0;0;0;0;0;0;0;0;0;0;0;0;0;0;0;0;0;Regular Season;0;0;0;0;0;0;0;0;0;0
40458;1987;11;20;New Haven Coliseum;0;216;222;0;0;0;0;0;0;0;0;0;0;0;0;;;;0;0;0;0;0;0;0;0;0;0;0;0;0;0;0;0;0;0;0;0;0;0;0;0;Regular Season;0;0;0;0;0;0;0;0;0;0
40454;1987;11;20;Scotiabank Centre;0;226;218;0;0;0;0;0;0;0;0;0;0;0;0;;;;0;0;0;0;0;0;0;0;0;0;0;0;0;0;0;0;0;0;0;0;0;0;0;0;Regular Season;0;0;0;0;0;0;0;0;0;0
40484;1987;11;20;Giant Center;0;224;223;0;0;0;0;0;0;0;0;0;0;0;0;;;;0;0;0;0;0;0;0;0;0;0;0;0;0;0;0;0;0;0;0;0;0;0;0;0;Regular Season;0;0;0;0;0;0;0;0;0;0
40488;1987;11;20;Moncton Coliseum;0;237;214;0;0;0;0;0;0;0;0;0;0;0;0;;;;0;0;0;0;0;0;0;0;0;0;0;0;0;0;0;0;0;0;0;0;0;0;0;0;Regular Season;0;0;0;0;0;0;0;0;0;0
40756;1987;11;22;New Haven Coliseum;0;216;236;0;0;0;0;0;0;0;0;0;0;0;0;;;;0;0;0;0;0;0;0;0;0;0;0;0;0;0;0;0;0;0;0;0;0;0;0;0;Regular Season;0;0;0;0;0;0;0;0;0;0
40462;1987;11;22;Moncton Coliseum;0;237;214;0;0;0;0;0;0;0;0;0;0;0;0;;;;0;0;0;0;0;0;0;0;0;0;0;0;0;0;0;0;0;0;0;0;0;0;0;0;Regular Season;0;0;0;0;0;0;0;0;0;0
40722;1987;11;23;Scotiabank Centre;0;226;236;0;0;0;0;0;0;0;0;0;0;0;0;;;;0;0;0;0;0;0;0;0;0;0;0;0;0;0;0;0;0;0;0;0;0;0;0;0;Regular Season;0;0;0;0;0;0;0;0;0;0
40451;1987;11;23;Broome County Veterans Memorial Arena;0;218;233;0;0;0;0;0;0;0;0;0;0;0;0;;;;0;0;0;0;0;0;0;0;0;0;0;0;0;0;0;0;0;0;0;0;0;0;0;0;Regular Season;0;0;0;0;0;0;0;0;0;0
40464;1987;11;24;New Haven Coliseum;0;216;222;0;0;0;0;0;0;0;0;0;0;0;0;;;;0;0;0;0;0;0;0;0;0;0;0;0;0;0;0;0;0;0;0;0;0;0;0;0;Regular Season;0;0;0;0;0;0;0;0;0;0
40474;1987;11;24;Moncton Coliseum;0;237;218;0;0;0;0;0;0;0;0;0;0;0;0;;;;0;0;0;0;0;0;0;0;0;0;0;0;0;0;0;0;0;0;0;0;0;0;0;0;Regular Season;0;0;0;0;0;0;0;0;0;0
40450;1987;11;24;Giant Center;0;224;233;0;0;0;0;0;0;0;0;0;0;0;0;;;;0;0;0;0;0;0;0;0;0;0;0;0;0;0;0;0;0;0;0;0;0;0;0;0;Regular Season;0;0;0;0;0;0;0;0;0;0
40471;1987;11;24;Cool Insuring Arena;0;223;214;0;0;0;0;0;0;0;0;0;0;0;0;;;;0;0;0;0;0;0;0;0;0;0;0;0;0;0;0;0;0;0;0;0;0;0;0;0;Regular Season;0;0;0;0;0;0;0;0;0;0
40492;1987;11;25;Moncton Coliseum;0;237;226;0;0;0;0;0;0;0;0;0;0;0;0;;;;0;0;0;0;0;0;0;0;0;0;0;0;0;0;0;0;0;0;0;0;0;0;0;0;Regular Season;0;0;0;0;0;0;0;0;0;0
40465;1987;11;25;New Haven Coliseum;0;216;223;0;0;0;0;0;0;0;0;0;0;0;0;;;;0;0;0;0;0;0;0;0;0;0;0;0;0;0;0;0;0;0;0;0;0;0;0;0;Regular Season;0;0;0;0;0;0;0;0;0;0
40543;1987;11;26;Broome County Veterans Memorial Arena;0;222;236;0;0;0;0;0;0;0;0;0;0;0;0;;;;0;0;0;0;0;0;0;0;0;0;0;0;0;0;0;0;0;0;0;0;0;0;0;0;Regular Season;0;0;0;0;0;0;0;0;0;0
40494;1987;11;27;Moncton Coliseum;0;237;226;0;0;0;0;0;0;0;0;0;0;0;0;;;;0;0;0;0;0;0;0;0;0;0;0;0;0;0;0;0;0;0;0;0;0;0;0;0;Regular Season;0;0;0;0;0;0;0;0;0;0
40473;1987;11;27;MassMutual Center;0;214;223;0;0;0;0;0;0;0;0;0;0;0;0;;;;0;0;0;0;0;0;0;0;0;0;0;0;0;0;0;0;0;0;0;0;0;0;0;0;Regular Season;0;0;0;0;0;0;0;0;0;0
40456;1987;11;27;Blue Cross Arena at the War Memorial;0;233;224;0;0;0;0;0;0;0;0;0;0;0;0;;;;0;0;0;0;0;0;0;0;0;0;0;0;0;0;0;0;0;0;0;0;0;0;0;0;Regular Season;0;0;0;0;0;0;0;0;0;0
40544;1987;11;28;Broome County Veterans Memorial Arena;0;222;236;0;0;0;0;0;0;0;0;0;0;0;0;;;;0;0;0;0;0;0;0;0;0;0;0;0;0;0;0;0;0;0;0;0;0;0;0;0;Regular Season;0;0;0;0;0;0;0;0;0;0
40770;1987;11;28;Moncton Coliseum;0;237;226;0;0;0;0;0;0;0;0;0;0;0;0;;;;0;0;0;0;0;0;0;0;0;0;0;0;0;0;0;0;0;0;0;0;0;0;0;0;Regular Season;0;0;0;0;0;0;0;0;0;0
40466;1987;11;28;New Haven Coliseum;0;216;224;0;0;0;0;0;0;0;0;0;0;0;0;;;;0;0;0;0;0;0;0;0;0;0;0;0;0;0;0;0;0;0;0;0;0;0;0;0;Regular Season;0;0;0;0;0;0;0;0;0;0
40759;1987;11;29;Broome County Veterans Memorial Arena;0;222;236;0;0;0;0;0;0;0;0;0;0;0;0;;;;0;0;0;0;0;0;0;0;0;0;0;0;0;0;0;0;0;0;0;0;0;0;0;0;Regular Season;0;0;0;0;0;0;0;0;0;0
40485;1987;11;29;Broome County Veterans Memorial Arena;0;218;214;0;0;0;0;0;0;0;0;0;0;0;0;;;;0;0;0;0;0;0;0;0;0;0;0;0;0;0;0;0;0;0;0;0;0;0;0;0;Regular Season;0;0;0;0;0;0;0;0;0;0
40501;1987;11;30;Scotiabank Centre;0;226;214;0;0;0;0;0;0;0;0;0;0;0;0;;;;0;0;0;0;0;0;0;0;0;0;0;0;0;0;0;0;0;0;0;0;0;0;0;0;Regular Season;0;0;0;0;0;0;0;0;0;0
40486;1987;11;30;Cool Insuring Arena;0;223;237;0;0;0;0;0;0;0;0;0;0;0;0;;;;0;0;0;0;0;0;0;0;0;0;0;0;0;0;0;0;0;0;0;0;0;0;0;0;Regular Season;0;0;0;0;0;0;0;0;0;0
40525;1987;12;1;Moncton Coliseum;0;237;226;0;0;0;0;0;0;0;0;0;0;0;0;;;;0;0;0;0;0;0;0;0;0;0;0;0;0;0;0;0;0;0;0;0;0;0;0;0;Regular Season;0;0;0;0;0;0;0;0;0;0
40469;1987;12;1;War Memorial at Oncenter;0;236;233;0;0;0;0;0;0;0;0;0;0;0;0;;;;0;0;0;0;0;0;0;0;0;0;0;0;0;0;0;0;0;0;0;0;0;0;0;0;Regular Season;0;0;0;0;0;0;0;0;0;0
40475;1987;12;1;Cool Insuring Arena;0;223;218;0;0;0;0;0;0;0;0;0;0;0;0;;;;0;0;0;0;0;0;0;0;0;0;0;0;0;0;0;0;0;0;0;0;0;0;0;0;Regular Season;0;0;0;0;0;0;0;0;0;0
40468;1987;12;1;Broome County Veterans Memorial Arena;0;222;216;0;0;0;0;0;0;0;0;0;0;0;0;;;;0;0;0;0;0;0;0;0;0;0;0;0;0;0;0;0;0;0;0;0;0;0;0;0;Regular Season;0;0;0;0;0;0;0;0;0;0
40540;1987;12;2;War Memorial at Oncenter;0;236;224;0;0;0;0;0;0;0;0;0;0;0;0;;;;0;0;0;0;0;0;0;0;0;0;0;0;0;0;0;0;0;0;0;0;0;0;0;0;Regular Season;0;0;0;0;0;0;0;0;0;0
40496;1987;12;2;MassMutual Center;0;214;218;0;0;0;0;0;0;0;0;0;0;0;0;;;;0;0;0;0;0;0;0;0;0;0;0;0;0;0;0;0;0;0;0;0;0;0;0;0;Regular Season;0;0;0;0;0;0;0;0;0;0
40511;1987;12;3;Moncton Coliseum;0;237;233;0;0;0;0;0;0;0;0;0;0;0;0;;;;0;0;0;0;0;0;0;0;0;0;0;0;0;0;0;0;0;0;0;0;0;0;0;0;Regular Season;0;0;0;0;0;0;0;0;0;0
40479;1987;12;3;New Haven Coliseum;0;216;224;0;0;0;0;0;0;0;0;0;0;0;0;;;;0;0;0;0;0;0;0;0;0;0;0;0;0;0;0;0;0;0;0;0;0;0;0;0;Regular Season;0;0;0;0;0;0;0;0;0;0
40536;1987;12;4;War Memorial at Oncenter;0;236;233;0;0;0;0;0;0;0;0;0;0;0;0;;;;0;0;0;0;0;0;0;0;0;0;0;0;0;0;0;0;0;0;0;0;0;0;0;0;Regular Season;0;0;0;0;0;0;0;0;0;0
40765;1987;12;4;Moncton Coliseum;0;237;214;0;0;0;0;0;0;0;0;0;0;0;0;;;;0;0;0;0;0;0;0;0;0;0;0;0;0;0;0;0;0;0;0;0;0;0;0;0;Regular Season;0;0;0;0;0;0;0;0;0;0
40481;1987;12;4;Broome County Veterans Memorial Arena;0;222;216;0;0;0;0;0;0;0;0;0;0;0;0;;;;0;0;0;0;0;0;0;0;0;0;0;0;0;0;0;0;0;0;0;0;0;0;0;0;Regular Season;0;0;0;0;0;0;0;0;0;0
40506;1987;12;4;Broome County Veterans Memorial Arena;0;218;226;0;0;0;0;0;0;0;0;0;0;0;0;;;;0;0;0;0;0;0;0;0;0;0;0;0;0;0;0;0;0;0;0;0;0;0;0;0;Regular Season;0;0;0;0;0;0;0;0;0;0
40495;1987;12;5;MassMutual Center;0;214;223;0;0;0;0;0;0;0;0;0;0;0;0;;;;0;0;0;0;0;0;0;0;0;0;0;0;0;0;0;0;0;0;0;0;0;0;0;0;Regular Season;0;0;0;0;0;0;0;0;0;0
40480;1987;12;6;Broome County Veterans Memorial Arena;0;222;224;0;0;0;0;0;0;0;0;0;0;0;0;;;;0;0;0;0;0;0;0;0;0;0;0;0;0;0;0;0;0;0;0;0;0;0;0;0;Regular Season;0;0;0;0;0;0;0;0;0;0
40557;1987;12;7;Blue Cross Arena at the War Memorial;0;233;236;0;0;0;0;0;0;0;0;0;0;0;0;;;;0;0;0;0;0;0;0;0;0;0;0;0;0;0;0;0;0;0;0;0;0;0;0;0;Regular Season;0;0;0;0;0;0;0;0;0;0
40508;1987;12;7;MassMutual Center;0;214;226;0;0;0;0;0;0;0;0;0;0;0;0;;;;0;0;0;0;0;0;0;0;0;0;0;0;0;0;0;0;0;0;0;0;0;0;0;0;Regular Season;0;0;0;0;0;0;0;0;0;0
40482;1987;12;7;Giant Center;0;224;222;0;0;0;0;0;0;0;0;0;0;0;0;;;;0;0;0;0;0;0;0;0;0;0;0;0;0;0;0;0;0;0;0;0;0;0;0;0;Regular Season;0;0;0;0;0;0;0;0;0;0
40515;1987;12;7;Cool Insuring Arena;0;223;218;0;0;0;0;0;0;0;0;0;0;0;0;;;;0;0;0;0;0;0;0;0;0;0;0;0;0;0;0;0;0;0;0;0;0;0;0;0;Regular Season;0;0;0;0;0;0;0;0;0;0
40522;1987;12;8;Scotiabank Centre;0;226;223;0;0;0;0;0;0;0;0;0;0;0;0;;;;0;0;0;0;0;0;0;0;0;0;0;0;0;0;0;0;0;0;0;0;0;0;0;0;Regular Season;0;0;0;0;0;0;0;0;0;0
40502;1987;12;8;MassMutual Center;0;214;237;0;0;0;0;0;0;0;0;0;0;0;0;;;;0;0;0;0;0;0;0;0;0;0;0;0;0;0;0;0;0;0;0;0;0;0;0;0;Regular Season;0;0;0;0;0;0;0;0;0;0
40483;1987;12;9;New Haven Coliseum;0;216;236;0;0;0;0;0;0;0;0;0;0;0;0;;;;0;0;0;0;0;0;0;0;0;0;0;0;0;0;0;0;0;0;0;0;0;0;0;0;Regular Season;0;0;0;0;0;0;0;0;0;0
40561;1987;12;10;Blue Cross Arena at the War Memorial;0;233;236;0;0;0;0;0;0;0;0;0;0;0;0;;;;0;0;0;0;0;0;0;0;0;0;0;0;0;0;0;0;0;0;0;0;0;0;0;0;Regular Season;0;0;0;0;0;0;0;0;0;0
40524;1987;12;10;Scotiabank Centre;0;226;223;0;0;0;0;0;0;0;0;0;0;0;0;;;;0;0;0;0;0;0;0;0;0;0;0;0;0;0;0;0;0;0;0;0;0;0;0;0;Regular Season;0;0;0;0;0;0;0;0;0;0
40504;1987;12;10;Broome County Veterans Memorial Arena;0;218;214;0;0;0;0;0;0;0;0;0;0;0;0;;;;0;0;0;0;0;0;0;0;0;0;0;0;0;0;0;0;0;0;0;0;0;0;0;0;Regular Season;0;0;0;0;0;0;0;0;0;0
40489;1987;12;10;New Haven Coliseum;0;216;222;0;0;0;0;0;0;0;0;0;0;0;0;;;;0;0;0;0;0;0;0;0;0;0;0;0;0;0;0;0;0;0;0;0;0;0;0;0;Regular Season;0;0;0;0;0;0;0;0;0;0
40528;1987;12;11;Blue Cross Arena at the War Memorial;0;233;224;0;0;0;0;0;0;0;0;0;0;0;0;;;;0;0;0;0;0;0;0;0;0;0;0;0;0;0;0;0;0;0;0;0;0;0;0;0;Regular Season;0;0;0;0;0;0;0;0;0;0
40498;1987;12;11;Broome County Veterans Memorial Arena;0;222;237;0;0;0;0;0;0;0;0;0;0;0;0;;;;0;0;0;0;0;0;0;0;0;0;0;0;0;0;0;0;0;0;0;0;0;0;0;0;Regular Season;0;0;0;0;0;0;0;0;0;0
40510;1987;12;12;Moncton Coliseum;0;237;218;0;0;0;0;0;0;0;0;0;0;0;0;;;;0;0;0;0;0;0;0;0;0;0;0;0;0;0;0;0;0;0;0;0;0;0;0;0;Regular Season;0;0;0;0;0;0;0;0;0;0
40490;1987;12;12;New Haven Coliseum;0;216;224;0;0;0;0;0;0;0;0;0;0;0;0;;;;0;0;0;0;0;0;0;0;0;0;0;0;0;0;0;0;0;0;0;0;0;0;0;0;Regular Season;0;0;0;0;0;0;0;0;0;0
40507;1987;12;14;Broome County Veterans Memorial Arena;0;222;233;0;0;0;0;0;0;0;0;0;0;0;0;;;;0;0;0;0;0;0;0;0;0;0;0;0;0;0;0;0;0;0;0;0;0;0;0;0;Regular Season;0;0;0;0;0;0;0;0;0;0
40538;1987;12;14;Cool Insuring Arena;0;223;226;0;0;0;0;0;0;0;0;0;0;0;0;;;;0;0;0;0;0;0;0;0;0;0;0;0;0;0;0;0;0;0;0;0;0;0;0;0;Regular Season;0;0;0;0;0;0;0;0;0;0
40505;1987;12;14;New Haven Coliseum;0;216;236;0;0;0;0;0;0;0;0;0;0;0;0;;;;0;0;0;0;0;0;0;0;0;0;0;0;0;0;0;0;0;0;0;0;0;0;0;0;Regular Season;0;0;0;0;0;0;0;0;0;0
40527;1987;12;14;Broome County Veterans Memorial Arena;0;218;214;0;0;0;0;0;0;0;0;0;0;0;0;;;;0;0;0;0;0;0;0;0;0;0;0;0;0;0;0;0;0;0;0;0;0;0;0;0;Regular Season;0;0;0;0;0;0;0;0;0;0
40529;1987;12;15;Cool Insuring Arena;0;223;236;0;0;0;0;0;0;0;0;0;0;0;0;;;;0;0;0;0;0;0;0;0;0;0;0;0;0;0;0;0;0;0;0;0;0;0;0;0;Regular Season;0;0;0;0;0;0;0;0;0;0
40526;1987;12;15;Moncton Coliseum;0;237;214;0;0;0;0;0;0;0;0;0;0;0;0;;;;0;0;0;0;0;0;0;0;0;0;0;0;0;0;0;0;0;0;0;0;0;0;0;0;Regular Season;0;0;0;0;0;0;0;0;0;0
40499;1987;12;15;Broome County Veterans Memorial Arena;0;222;233;0;0;0;0;0;0;0;0;0;0;0;0;;;;0;0;0;0;0;0;0;0;0;0;0;0;0;0;0;0;0;0;0;0;0;0;0;0;Regular Season;0;0;0;0;0;0;0;0;0;0
40491;1987;12;15;Giant Center;0;224;216;0;0;0;0;0;0;0;0;0;0;0;0;;;;0;0;0;0;0;0;0;0;0;0;0;0;0;0;0;0;0;0;0;0;0;0;0;0;Regular Season;0;0;0;0;0;0;0;0;0;0
40546;1987;12;17;Cool Insuring Arena;0;223;218;0;0;0;0;0;0;0;0;0;0;0;0;;;;0;0;0;0;0;0;0;0;0;0;0;0;0;0;0;0;0;0;0;0;0;0;0;0;Regular Season;0;0;0;0;0;0;0;0;0;0
40500;1987;12;17;Broome County Veterans Memorial Arena;0;222;237;0;0;0;0;0;0;0;0;0;0;0;0;;;;0;0;0;0;0;0;0;0;0;0;0;0;0;0;0;0;0;0;0;0;0;0;0;0;Regular Season;0;0;0;0;0;0;0;0;0;0
40521;1987;12;17;MassMutual Center;0;214;226;0;0;0;0;0;0;0;0;0;0;0;0;;;;0;0;0;0;0;0;0;0;0;0;0;0;0;0;0;0;0;0;0;0;0;0;0;0;Regular Season;0;0;0;0;0;0;0;0;0;0
40558;1987;12;17;Giant Center;0;224;236;0;0;0;0;0;0;0;0;0;0;0;0;;;;0;0;0;0;0;0;0;0;0;0;0;0;0;0;0;0;0;0;0;0;0;0;0;0;Regular Season;0;0;0;0;0;0;0;0;0;0
40523;1987;12;18;Scotiabank Centre;0;226;218;0;0;0;0;0;0;0;0;0;0;0;0;;;;0;0;0;0;0;0;0;0;0;0;0;0;0;0;0;0;0;0;0;0;0;0;0;0;Regular Season;0;0;0;0;0;0;0;0;0;0
40537;1987;12;18;Moncton Coliseum;0;237;224;0;0;0;0;0;0;0;0;0;0;0;0;;;;0;0;0;0;0;0;0;0;0;0;0;0;0;0;0;0;0;0;0;0;0;0;0;0;Regular Season;0;0;0;0;0;0;0;0;0;0
40761;1987;12;18;Broome County Veterans Memorial Arena;0;222;236;0;0;0;0;0;0;0;0;0;0;0;0;;;;0;0;0;0;0;0;0;0;0;0;0;0;0;0;0;0;0;0;0;0;0;0;0;0;Regular Season;0;0;0;0;0;0;0;0;0;0
40493;1987;12;19;Blue Cross Arena at the War Memorial;0;233;216;0;0;0;0;0;0;0;0;0;0;0;0;;;;0;0;0;0;0;0;0;0;0;0;0;0;0;0;0;0;0;0;0;0;0;0;0;0;Regular Season;0;0;0;0;0;0;0;0;0;0
40514;1987;12;21;Giant Center;0;224;216;0;0;0;0;0;0;0;0;0;0;0;0;;;;0;0;0;0;0;0;0;0;0;0;0;0;0;0;0;0;0;0;0;0;0;0;0;0;Regular Season;0;0;0;0;0;0;0;0;0;0
40552;1987;12;21;Broome County Veterans Memorial Arena;0;222;233;0;0;0;0;0;0;0;0;0;0;0;0;;;;0;0;0;0;0;0;0;0;0;0;0;0;0;0;0;0;0;0;0;0;0;0;0;0;Regular Season;0;0;0;0;0;0;0;0;0;0
40531;1987;12;21;Scotiabank Centre;0;226;214;0;0;0;0;0;0;0;0;0;0;0;0;;;;0;0;0;0;0;0;0;0;0;0;0;0;0;0;0;0;0;0;0;0;0;0;0;0;Regular Season;0;0;0;0;0;0;0;0;0;0
40509;1987;12;22;Broome County Veterans Memorial Arena;0;222;214;0;0;0;0;0;0;0;0;0;0;0;0;;;;0;0;0;0;0;0;0;0;0;0;0;0;0;0;0;0;0;0;0;0;0;0;0;0;Regular Season;0;0;0;0;0;0;0;0;0;0
40556;1987;12;22;Moncton Coliseum;0;237;223;0;0;0;0;0;0;0;0;0;0;0;0;;;;0;0;0;0;0;0;0;0;0;0;0;0;0;0;0;0;0;0;0;0;0;0;0;0;Regular Season;0;0;0;0;0;0;0;0;0;0
40519;1987;12;22;Blue Cross Arena at the War Memorial;0;233;218;0;0;0;0;0;0;0;0;0;0;0;0;;;;0;0;0;0;0;0;0;0;0;0;0;0;0;0;0;0;0;0;0;0;0;0;0;0;Regular Season;0;0;0;0;0;0;0;0;0;0
40518;1987;12;22;War Memorial at Oncenter;0;236;216;0;0;0;0;0;0;0;0;0;0;0;0;;;;0;0;0;0;0;0;0;0;0;0;0;0;0;0;0;0;0;0;0;0;0;0;0;0;Regular Season;0;0;0;0;0;0;0;0;0;0
40589;1987;12;23;Broome County Veterans Memorial Arena;0;218;223;0;0;0;0;0;0;0;0;0;0;0;0;;;;0;0;0;0;0;0;0;0;0;0;0;0;0;0;0;0;0;0;0;0;0;0;0;0;Regular Season;0;0;0;0;0;0;0;0;0;0
40590;1987;12;23;Giant Center;0;224;236;0;0;0;0;0;0;0;0;0;0;0;0;;;;0;0;0;0;0;0;0;0;0;0;0;0;0;0;0;0;0;0;0;0;0;0;0;0;Regular Season;0;0;0;0;0;0;0;0;0;0
40624;1987;12;23;Scotiabank Centre;0;226;237;0;0;0;0;0;0;0;0;0;0;0;0;;;;0;0;0;0;0;0;0;0;0;0;0;0;0;0;0;0;0;0;0;0;0;0;0;0;Regular Season;0;0;0;0;0;0;0;0;0;0
40516;1987;12;27;Blue Cross Arena at the War Memorial;0;233;216;0;0;0;0;0;0;0;0;0;0;0;0;;;;0;0;0;0;0;0;0;0;0;0;0;0;0;0;0;0;0;0;0;0;0;0;0;0;Regular Season;0;0;0;0;0;0;0;0;0;0
40542;1987;12;27;Giant Center;0;224;222;0;0;0;0;0;0;0;0;0;0;0;0;;;;0;0;0;0;0;0;0;0;0;0;0;0;0;0;0;0;0;0;0;0;0;0;0;0;Regular Season;0;0;0;0;0;0;0;0;0;0
40560;1987;12;27;Broome County Veterans Memorial Arena;0;218;226;0;0;0;0;0;0;0;0;0;0;0;0;;;;0;0;0;0;0;0;0;0;0;0;0;0;0;0;0;0;0;0;0;0;0;0;0;0;Regular Season;0;0;0;0;0;0;0;0;0;0
40567;1987;12;27;Moncton Coliseum;0;237;236;0;0;0;0;0;0;0;0;0;0;0;0;;;;0;0;0;0;0;0;0;0;0;0;0;0;0;0;0;0;0;0;0;0;0;0;0;0;Regular Season;0;0;0;0;0;0;0;0;0;0
40549;1987;12;27;Cool Insuring Arena;0;223;214;0;0;0;0;0;0;0;0;0;0;0;0;;;;0;0;0;0;0;0;0;0;0;0;0;0;0;0;0;0;0;0;0;0;0;0;0;0;Regular Season;0;0;0;0;0;0;0;0;0;0
40547;1987;12;28;Moncton Coliseum;0;237;223;0;0;0;0;0;0;0;0;0;0;0;0;;;;0;0;0;0;0;0;0;0;0;0;0;0;0;0;0;0;0;0;0;0;0;0;0;0;Regular Season;0;0;0;0;0;0;0;0;0;0
40550;1987;12;28;Giant Center;0;224;222;0;0;0;0;0;0;0;0;0;0;0;0;;;;0;0;0;0;0;0;0;0;0;0;0;0;0;0;0;0;0;0;0;0;0;0;0;0;Regular Season;0;0;0;0;0;0;0;0;0;0
40513;1987;12;29;Blue Cross Arena at the War Memorial;0;233;216;0;0;0;0;0;0;0;0;0;0;0;0;;;;0;0;0;0;0;0;0;0;0;0;0;0;0;0;0;0;0;0;0;0;0;0;0;0;Regular Season;0;0;0;0;0;0;0;0;0;0
40551;1987;12;30;Blue Cross Arena at the War Memorial;0;233;222;0;0;0;0;0;0;0;0;0;0;0;0;;;;0;0;0;0;0;0;0;0;0;0;0;0;0;0;0;0;0;0;0;0;0;0;0;0;Regular Season;0;0;0;0;0;0;0;0;0;0
40553;1987;12;30;Broome County Veterans Memorial Arena;0;218;214;0;0;0;0;0;0;0;0;0;0;0;0;;;;0;0;0;0;0;0;0;0;0;0;0;0;0;0;0;0;0;0;0;0;0;0;0;0;Regular Season;0;0;0;0;0;0;0;0;0;0
40562;1987;12;31;Moncton Coliseum;0;237;223;0;0;0;0;0;0;0;0;0;0;0;0;;;;0;0;0;0;0;0;0;0;0;0;0;0;0;0;0;0;0;0;0;0;0;0;0;0;Regular Season;0;0;0;0;0;0;0;0;0;0
40520;1987;12;31;New Haven Coliseum;0;216;224;0;0;0;0;0;0;0;0;0;0;0;0;;;;0;0;0;0;0;0;0;0;0;0;0;0;0;0;0;0;0;0;0;0;0;0;0;0;Regular Season;0;0;0;0;0;0;0;0;0;0
40545;1987;12;31;MassMutual Center;0;214;218;0;0;0;0;0;0;0;0;0;0;0;0;;;;0;0;0;0;0;0;0;0;0;0;0;0;0;0;0;0;0;0;0;0;0;0;0;0;Regular Season;0;0;0;0;0;0;0;0;0;0
40539;1988;1;1;Blue Cross Arena at the War Memorial;0;233;222;0;0;0;0;0;0;0;0;0;0;0;0;;;;0;0;0;0;0;0;0;0;0;0;0;0;0;0;0;0;0;0;0;0;0;0;0;0;Regular Season;0;0;0;0;0;0;0;0;0;0
40534;1988;1;1;Giant Center;0;224;216;0;0;0;0;0;0;0;0;0;0;0;0;;;;0;0;0;0;0;0;0;0;0;0;0;0;0;0;0;0;0;0;0;0;0;0;0;0;Regular Season;0;0;0;0;0;0;0;0;0;0
40564;1988;1;1;Cool Insuring Arena;0;223;226;0;0;0;0;0;0;0;0;0;0;0;0;;;;0;0;0;0;0;0;0;0;0;0;0;0;0;0;0;0;0;0;0;0;0;0;0;0;Regular Season;0;0;0;0;0;0;0;0;0;0
40593;1988;1;2;Moncton Coliseum;0;237;226;0;0;0;0;0;0;0;0;0;0;0;0;;;;0;0;0;0;0;0;0;0;0;0;0;0;0;0;0;0;0;0;0;0;0;0;0;0;Regular Season;0;0;0;0;0;0;0;0;0;0
40554;1988;1;3;Broome County Veterans Memorial Arena;0;218;214;0;0;0;0;0;0;0;0;0;0;0;0;;;;0;0;0;0;0;0;0;0;0;0;0;0;0;0;0;0;0;0;0;0;0;0;0;0;Regular Season;0;0;0;0;0;0;0;0;0;0
40568;1988;1;4;Blue Cross Arena at the War Memorial;0;233;224;0;0;0;0;0;0;0;0;0;0;0;0;;;;0;0;0;0;0;0;0;0;0;0;0;0;0;0;0;0;0;0;0;0;0;0;0;0;Regular Season;0;0;0;0;0;0;0;0;0;0
40573;1988;1;5;Moncton Coliseum;0;237;214;0;0;0;0;0;0;0;0;0;0;0;0;;;;0;0;0;0;0;0;0;0;0;0;0;0;0;0;0;0;0;0;0;0;0;0;0;0;Regular Season;0;0;0;0;0;0;0;0;0;0
40565;1988;1;5;Giant Center;0;224;233;0;0;0;0;0;0;0;0;0;0;0;0;;;;0;0;0;0;0;0;0;0;0;0;0;0;0;0;0;0;0;0;0;0;0;0;0;0;Regular Season;0;0;0;0;0;0;0;0;0;0
40535;1988;1;5;Broome County Veterans Memorial Arena;0;222;216;0;0;0;0;0;0;0;0;0;0;0;0;;;;0;0;0;0;0;0;0;0;0;0;0;0;0;0;0;0;0;0;0;0;0;0;0;0;Regular Season;0;0;0;0;0;0;0;0;0;0
40569;1988;1;5;Cool Insuring Arena;0;223;226;0;0;0;0;0;0;0;0;0;0;0;0;;;;0;0;0;0;0;0;0;0;0;0;0;0;0;0;0;0;0;0;0;0;0;0;0;0;Regular Season;0;0;0;0;0;0;0;0;0;0
40548;1988;1;6;New Haven Coliseum;0;216;236;0;0;0;0;0;0;0;0;0;0;0;0;;;;0;0;0;0;0;0;0;0;0;0;0;0;0;0;0;0;0;0;0;0;0;0;0;0;Regular Season;0;0;0;0;0;0;0;0;0;0
40570;1988;1;6;Broome County Veterans Memorial Arena;0;218;223;0;0;0;0;0;0;0;0;0;0;0;0;;;;0;0;0;0;0;0;0;0;0;0;0;0;0;0;0;0;0;0;0;0;0;0;0;0;Regular Season;0;0;0;0;0;0;0;0;0;0
40584;1988;1;6;Scotiabank Centre;0;226;214;0;0;0;0;0;0;0;0;0;0;0;0;;;;0;0;0;0;0;0;0;0;0;0;0;0;0;0;0;0;0;0;0;0;0;0;0;0;Regular Season;0;0;0;0;0;0;0;0;0;0
40566;1988;1;7;Giant Center;0;224;237;0;0;0;0;0;0;0;0;0;0;0;0;;;;0;0;0;0;0;0;0;0;0;0;0;0;0;0;0;0;0;0;0;0;0;0;0;0;Regular Season;0;0;0;0;0;0;0;0;0;0
40572;1988;1;8;Moncton Coliseum;0;237;223;0;0;0;0;0;0;0;0;0;0;0;0;;;;0;0;0;0;0;0;0;0;0;0;0;0;0;0;0;0;0;0;0;0;0;0;0;0;Regular Season;0;0;0;0;0;0;0;0;0;0
40571;1988;1;8;Scotiabank Centre;0;226;218;0;0;0;0;0;0;0;0;0;0;0;0;;;;0;0;0;0;0;0;0;0;0;0;0;0;0;0;0;0;0;0;0;0;0;0;0;0;Regular Season;0;0;0;0;0;0;0;0;0;0
40555;1988;1;8;New Haven Coliseum;0;216;233;0;0;0;0;0;0;0;0;0;0;0;0;;;;0;0;0;0;0;0;0;0;0;0;0;0;0;0;0;0;0;0;0;0;0;0;0;0;Regular Season;0;0;0;0;0;0;0;0;0;0
40587;1988;1;8;MassMutual Center;0;214;236;0;0;0;0;0;0;0;0;0;0;0;0;;;;0;0;0;0;0;0;0;0;0;0;0;0;0;0;0;0;0;0;0;0;0;0;0;0;Regular Season;0;0;0;0;0;0;0;0;0;0
40585;1988;1;10;New Haven Coliseum;0;216;236;0;0;0;0;0;0;0;0;0;0;0;0;;;;0;0;0;0;0;0;0;0;0;0;0;0;0;0;0;0;0;0;0;0;0;0;0;0;Regular Season;0;0;0;0;0;0;0;0;0;0
40597;1988;1;10;Broome County Veterans Memorial Arena;0;218;222;0;0;0;0;0;0;0;0;0;0;0;0;;;;0;0;0;0;0;0;0;0;0;0;0;0;0;0;0;0;0;0;0;0;0;0;0;0;Regular Season;0;0;0;0;0;0;0;0;0;0
40578;1988;1;11;Cool Insuring Arena;0;223;214;0;0;0;0;0;0;0;0;0;0;0;0;;;;0;0;0;0;0;0;0;0;0;0;0;0;0;0;0;0;0;0;0;0;0;0;0;0;Regular Season;0;0;0;0;0;0;0;0;0;0
40580;1988;1;12;Broome County Veterans Memorial Arena;0;218;237;0;0;0;0;0;0;0;0;0;0;0;0;;;;0;0;0;0;0;0;0;0;0;0;0;0;0;0;0;0;0;0;0;0;0;0;0;0;Regular Season;0;0;0;0;0;0;0;0;0;0
40559;1988;1;12;Blue Cross Arena at the War Memorial;0;233;216;0;0;0;0;0;0;0;0;0;0;0;0;;;;0;0;0;0;0;0;0;0;0;0;0;0;0;0;0;0;0;0;0;0;0;0;0;0;Regular Season;0;0;0;0;0;0;0;0;0;0
40588;1988;1;12;Broome County Veterans Memorial Arena;0;222;224;0;0;0;0;0;0;0;0;0;0;0;0;;;;0;0;0;0;0;0;0;0;0;0;0;0;0;0;0;0;0;0;0;0;0;0;0;0;Regular Season;0;0;0;0;0;0;0;0;0;0
40581;1988;1;12;Cool Insuring Arena;0;223;226;0;0;0;0;0;0;0;0;0;0;0;0;;;;0;0;0;0;0;0;0;0;0;0;0;0;0;0;0;0;0;0;0;0;0;0;0;0;Regular Season;0;0;0;0;0;0;0;0;0;0
40667;1988;1;13;Giant Center;0;224;236;0;0;0;0;0;0;0;0;0;0;0;0;;;;0;0;0;0;0;0;0;0;0;0;0;0;0;0;0;0;0;0;0;0;0;0;0;0;Regular Season;0;0;0;0;0;0;0;0;0;0
40563;1988;1;13;New Haven Coliseum;0;216;233;0;0;0;0;0;0;0;0;0;0;0;0;;;;0;0;0;0;0;0;0;0;0;0;0;0;0;0;0;0;0;0;0;0;0;0;0;0;Regular Season;0;0;0;0;0;0;0;0;0;0
40602;1988;1;14;Scotiabank Centre;0;226;218;0;0;0;0;0;0;0;0;0;0;0;0;;;;0;0;0;0;0;0;0;0;0;0;0;0;0;0;0;0;0;0;0;0;0;0;0;0;Regular Season;0;0;0;0;0;0;0;0;0;0
40579;1988;1;14;Cool Insuring Arena;0;223;237;0;0;0;0;0;0;0;0;0;0;0;0;;;;0;0;0;0;0;0;0;0;0;0;0;0;0;0;0;0;0;0;0;0;0;0;0;0;Regular Season;0;0;0;0;0;0;0;0;0;0
40575;1988;1;15;Blue Cross Arena at the War Memorial;0;233;222;0;0;0;0;0;0;0;0;0;0;0;0;;;;0;0;0;0;0;0;0;0;0;0;0;0;0;0;0;0;0;0;0;0;0;0;0;0;Regular Season;0;0;0;0;0;0;0;0;0;0
40577;1988;1;15;New Haven Coliseum;0;216;224;0;0;0;0;0;0;0;0;0;0;0;0;;;;0;0;0;0;0;0;0;0;0;0;0;0;0;0;0;0;0;0;0;0;0;0;0;0;Regular Season;0;0;0;0;0;0;0;0;0;0
40586;1988;1;15;MassMutual Center;0;214;237;0;0;0;0;0;0;0;0;0;0;0;0;;;;0;0;0;0;0;0;0;0;0;0;0;0;0;0;0;0;0;0;0;0;0;0;0;0;Regular Season;0;0;0;0;0;0;0;0;0;0
40592;1988;1;16;Broome County Veterans Memorial Arena;0;218;226;0;0;0;0;0;0;0;0;0;0;0;0;;;;0;0;0;0;0;0;0;0;0;0;0;0;0;0;0;0;0;0;0;0;0;0;0;0;Regular Season;0;0;0;0;0;0;0;0;0;0
40594;1988;1;17;War Memorial at Oncenter;0;236;222;0;0;0;0;0;0;0;0;0;0;0;0;;;;0;0;0;0;0;0;0;0;0;0;0;0;0;0;0;0;0;0;0;0;0;0;0;0;Regular Season;0;0;0;0;0;0;0;0;0;0
40626;1988;1;18;MassMutual Center;0;214;237;0;0;0;0;0;0;0;0;0;0;0;0;;;;0;0;0;0;0;0;0;0;0;0;0;0;0;0;0;0;0;0;0;0;0;0;0;0;Regular Season;0;0;0;0;0;0;0;0;0;0
40595;1988;1;19;War Memorial at Oncenter;0;236;222;0;0;0;0;0;0;0;0;0;0;0;0;;;;0;0;0;0;0;0;0;0;0;0;0;0;0;0;0;0;0;0;0;0;0;0;0;0;Regular Season;0;0;0;0;0;0;0;0;0;0
40723;1988;1;19;MassMutual Center;0;214;224;0;0;0;0;0;0;0;0;0;0;0;0;;;;0;0;0;0;0;0;0;0;0;0;0;0;0;0;0;0;0;0;0;0;0;0;0;0;Regular Season;0;0;0;0;0;0;0;0;0;0
40583;1988;1;19;Scotiabank Centre;0;226;223;0;0;0;0;0;0;0;0;0;0;0;0;;;;0;0;0;0;0;0;0;0;0;0;0;0;0;0;0;0;0;0;0;0;0;0;0;0;Regular Season;0;0;0;0;0;0;0;0;0;0
40576;1988;1;19;Blue Cross Arena at the War Memorial;0;233;216;0;0;0;0;0;0;0;0;0;0;0;0;;;;0;0;0;0;0;0;0;0;0;0;0;0;0;0;0;0;0;0;0;0;0;0;0;0;Regular Season;0;0;0;0;0;0;0;0;0;0
40598;1988;1;20;Broome County Veterans Memorial Arena;0;218;223;0;0;0;0;0;0;0;0;0;0;0;0;;;;0;0;0;0;0;0;0;0;0;0;0;0;0;0;0;0;0;0;0;0;0;0;0;0;Regular Season;0;0;0;0;0;0;0;0;0;0
40582;1988;1;20;War Memorial at Oncenter;0;236;233;0;0;0;0;0;0;0;0;0;0;0;0;;;;0;0;0;0;0;0;0;0;0;0;0;0;0;0;0;0;0;0;0;0;0;0;0;0;Regular Season;0;0;0;0;0;0;0;0;0;0
40603;1988;1;20;New Haven Coliseum;0;216;226;0;0;0;0;0;0;0;0;0;0;0;0;;;;0;0;0;0;0;0;0;0;0;0;0;0;0;0;0;0;0;0;0;0;0;0;0;0;Regular Season;0;0;0;0;0;0;0;0;0;0
40670;1988;1;21;MassMutual Center;0;214;237;0;0;0;0;0;0;0;0;0;0;0;0;;;;0;0;0;0;0;0;0;0;0;0;0;0;0;0;0;0;0;0;0;0;0;0;0;0;Regular Season;0;0;0;0;0;0;0;0;0;0
40599;1988;1;21;Broome County Veterans Memorial Arena;0;222;218;0;0;0;0;0;0;0;0;0;0;0;0;;;;0;0;0;0;0;0;0;0;0;0;0;0;0;0;0;0;0;0;0;0;0;0;0;0;Regular Season;0;0;0;0;0;0;0;0;0;0
40700;1988;1;22;Giant Center;0;224;223;0;0;0;0;0;0;0;0;0;0;0;0;;;;0;0;0;0;0;0;0;0;0;0;0;0;0;0;0;0;0;0;0;0;0;0;0;0;Regular Season;0;0;0;0;0;0;0;0;0;0
40591;1988;1;22;Blue Cross Arena at the War Memorial;0;233;236;0;0;0;0;0;0;0;0;0;0;0;0;;;;0;0;0;0;0;0;0;0;0;0;0;0;0;0;0;0;0;0;0;0;0;0;0;0;Regular Season;0;0;0;0;0;0;0;0;0;0
40596;1988;1;22;Broome County Veterans Memorial Arena;0;222;216;0;0;0;0;0;0;0;0;0;0;0;0;;;;0;0;0;0;0;0;0;0;0;0;0;0;0;0;0;0;0;0;0;0;0;0;0;0;Regular Season;0;0;0;0;0;0;0;0;0;0
40604;1988;1;23;Scotiabank Centre;0;226;223;0;0;0;0;0;0;0;0;0;0;0;0;;;;0;0;0;0;0;0;0;0;0;0;0;0;0;0;0;0;0;0;0;0;0;0;0;0;Regular Season;0;0;0;0;0;0;0;0;0;0
40601;1988;1;24;Broome County Veterans Memorial Arena;0;218;237;0;0;0;0;0;0;0;0;0;0;0;0;;;;0;0;0;0;0;0;0;0;0;0;0;0;0;0;0;0;0;0;0;0;0;0;0;0;Regular Season;0;0;0;0;0;0;0;0;0;0
40619;1988;1;25;Broome County Veterans Memorial Arena;0;222;216;0;0;0;0;0;0;0;0;0;0;0;0;;;;0;0;0;0;0;0;0;0;0;0;0;0;0;0;0;0;0;0;0;0;0;0;0;0;Regular Season;0;0;0;0;0;0;0;0;0;0
40608;1988;1;25;MassMutual Center;0;214;226;0;0;0;0;0;0;0;0;0;0;0;0;;;;0;0;0;0;0;0;0;0;0;0;0;0;0;0;0;0;0;0;0;0;0;0;0;0;Regular Season;0;0;0;0;0;0;0;0;0;0
40610;1988;1;26;Blue Cross Arena at the War Memorial;0;233;224;0;0;0;0;0;0;0;0;0;0;0;0;;;;0;0;0;0;0;0;0;0;0;0;0;0;0;0;0;0;0;0;0;0;0;0;0;0;Regular Season;0;0;0;0;0;0;0;0;0;0
40615;1988;1;26;Cool Insuring Arena;0;223;214;0;0;0;0;0;0;0;0;0;0;0;0;;;;0;0;0;0;0;0;0;0;0;0;0;0;0;0;0;0;0;0;0;0;0;0;0;0;Regular Season;0;0;0;0;0;0;0;0;0;0
40613;1988;1;26;Moncton Coliseum;0;237;218;0;0;0;0;0;0;0;0;0;0;0;0;;;;0;0;0;0;0;0;0;0;0;0;0;0;0;0;0;0;0;0;0;0;0;0;0;0;Regular Season;0;0;0;0;0;0;0;0;0;0
40600;1988;1;27;Blue Cross Arena at the War Memorial;0;233;236;0;0;0;0;0;0;0;0;0;0;0;0;;;;0;0;0;0;0;0;0;0;0;0;0;0;0;0;0;0;0;0;0;0;0;0;0;0;Regular Season;0;0;0;0;0;0;0;0;0;0
40614;1988;1;28;Scotiabank Centre;0;226;214;0;0;0;0;0;0;0;0;0;0;0;0;;;;0;0;0;0;0;0;0;0;0;0;0;0;0;0;0;0;0;0;0;0;0;0;0;0;Regular Season;0;0;0;0;0;0;0;0;0;0
40623;1988;1;28;Giant Center;0;224;216;0;0;0;0;0;0;0;0;0;0;0;0;;;;0;0;0;0;0;0;0;0;0;0;0;0;0;0;0;0;0;0;0;0;0;0;0;0;Regular Season;0;0;0;0;0;0;0;0;0;0
40607;1988;1;28;Broome County Veterans Memorial Arena;0;218;237;0;0;0;0;0;0;0;0;0;0;0;0;;;;0;0;0;0;0;0;0;0;0;0;0;0;0;0;0;0;0;0;0;0;0;0;0;0;Regular Season;0;0;0;0;0;0;0;0;0;0
40605;1988;1;28;War Memorial at Oncenter;0;236;223;0;0;0;0;0;0;0;0;0;0;0;0;;;;0;0;0;0;0;0;0;0;0;0;0;0;0;0;0;0;0;0;0;0;0;0;0;0;Regular Season;0;0;0;0;0;0;0;0;0;0
40620;1988;1;29;Cool Insuring Arena;0;223;226;0;0;0;0;0;0;0;0;0;0;0;0;;;;0;0;0;0;0;0;0;0;0;0;0;0;0;0;0;0;0;0;0;0;0;0;0;0;Regular Season;0;0;0;0;0;0;0;0;0;0
40609;1988;1;29;Blue Cross Arena at the War Memorial;0;233;222;0;0;0;0;0;0;0;0;0;0;0;0;;;;0;0;0;0;0;0;0;0;0;0;0;0;0;0;0;0;0;0;0;0;0;0;0;0;Regular Season;0;0;0;0;0;0;0;0;0;0
40635;1988;1;29;New Haven Coliseum;0;216;224;0;0;0;0;0;0;0;0;0;0;0;0;;;;0;0;0;0;0;0;0;0;0;0;0;0;0;0;0;0;0;0;0;0;0;0;0;0;Regular Season;0;0;0;0;0;0;0;0;0;0
40683;1988;1;30;Broome County Veterans Memorial Arena;0;218;237;0;0;0;0;0;0;0;0;0;0;0;0;;;;0;0;0;0;0;0;0;0;0;0;0;0;0;0;0;0;0;0;0;0;0;0;0;0;Regular Season;0;0;0;0;0;0;0;0;0;0
40606;1988;1;30;Broome County Veterans Memorial Arena;0;222;236;0;0;0;0;0;0;0;0;0;0;0;0;;;;0;0;0;0;0;0;0;0;0;0;0;0;0;0;0;0;0;0;0;0;0;0;0;0;Regular Season;0;0;0;0;0;0;0;0;0;0
40646;1988;2;1;MassMutual Center;0;214;218;0;0;0;0;0;0;0;0;0;0;0;0;;;;0;0;0;0;0;0;0;0;0;0;0;0;0;0;0;0;0;0;0;0;0;0;0;0;Regular Season;0;0;0;0;0;0;0;0;0;0
40617;1988;2;1;War Memorial at Oncenter;0;236;216;0;0;0;0;0;0;0;0;0;0;0;0;;;;0;0;0;0;0;0;0;0;0;0;0;0;0;0;0;0;0;0;0;0;0;0;0;0;Regular Season;0;0;0;0;0;0;0;0;0;0
40612;1988;2;1;Cool Insuring Arena;0;223;222;0;0;0;0;0;0;0;0;0;0;0;0;;;;0;0;0;0;0;0;0;0;0;0;0;0;0;0;0;0;0;0;0;0;0;0;0;0;Regular Season;0;0;0;0;0;0;0;0;0;0
40622;1988;2;2;Broome County Veterans Memorial Arena;0;218;223;0;0;0;0;0;0;0;0;0;0;0;0;;;;0;0;0;0;0;0;0;0;0;0;0;0;0;0;0;0;0;0;0;0;0;0;0;0;Regular Season;0;0;0;0;0;0;0;0;0;0
40618;1988;2;2;Broome County Veterans Memorial Arena;0;222;224;0;0;0;0;0;0;0;0;0;0;0;0;;;;0;0;0;0;0;0;0;0;0;0;0;0;0;0;0;0;0;0;0;0;0;0;0;0;Regular Season;0;0;0;0;0;0;0;0;0;0
40611;1988;2;2;Blue Cross Arena at the War Memorial;0;233;226;0;0;0;0;0;0;0;0;0;0;0;0;;;;0;0;0;0;0;0;0;0;0;0;0;0;0;0;0;0;0;0;0;0;0;0;0;0;Regular Season;0;0;0;0;0;0;0;0;0;0
40621;1988;2;3;War Memorial at Oncenter;0;236;216;0;0;0;0;0;0;0;0;0;0;0;0;;;;0;0;0;0;0;0;0;0;0;0;0;0;0;0;0;0;0;0;0;0;0;0;0;0;Regular Season;0;0;0;0;0;0;0;0;0;0
40733;1988;2;4;Broome County Veterans Memorial Arena;0;218;214;0;0;0;0;0;0;0;0;0;0;0;0;;;;0;0;0;0;0;0;0;0;0;0;0;0;0;0;0;0;0;0;0;0;0;0;0;0;Regular Season;0;0;0;0;0;0;0;0;0;0
40625;1988;2;4;Scotiabank Centre;0;226;237;0;0;0;0;0;0;0;0;0;0;0;0;;;;0;0;0;0;0;0;0;0;0;0;0;0;0;0;0;0;0;0;0;0;0;0;0;0;Regular Season;0;0;0;0;0;0;0;0;0;0
40616;1988;2;5;War Memorial at Oncenter;0;236;233;0;0;0;0;0;0;0;0;0;0;0;0;;;;0;0;0;0;0;0;0;0;0;0;0;0;0;0;0;0;0;0;0;0;0;0;0;0;Regular Season;0;0;0;0;0;0;0;0;0;0
40627;1988;2;5;Scotiabank Centre;0;226;223;0;0;0;0;0;0;0;0;0;0;0;0;;;;0;0;0;0;0;0;0;0;0;0;0;0;0;0;0;0;0;0;0;0;0;0;0;0;Regular Season;0;0;0;0;0;0;0;0;0;0
40629;1988;2;5;Moncton Coliseum;0;237;222;0;0;0;0;0;0;0;0;0;0;0;0;;;;0;0;0;0;0;0;0;0;0;0;0;0;0;0;0;0;0;0;0;0;0;0;0;0;Regular Season;0;0;0;0;0;0;0;0;0;0
40634;1988;2;6;Giant Center;0;224;233;0;0;0;0;0;0;0;0;0;0;0;0;;;;0;0;0;0;0;0;0;0;0;0;0;0;0;0;0;0;0;0;0;0;0;0;0;0;Regular Season;0;0;0;0;0;0;0;0;0;0
40650;1988;2;6;New Haven Coliseum;0;216;222;0;0;0;0;0;0;0;0;0;0;0;0;;;;0;0;0;0;0;0;0;0;0;0;0;0;0;0;0;0;0;0;0;0;0;0;0;0;Regular Season;0;0;0;0;0;0;0;0;0;0
40636;1988;2;7;MassMutual Center;0;214;218;0;0;0;0;0;0;0;0;0;0;0;0;;;;0;0;0;0;0;0;0;0;0;0;0;0;0;0;0;0;0;0;0;0;0;0;0;0;Regular Season;0;0;0;0;0;0;0;0;0;0
40687;1988;2;8;Blue Cross Arena at the War Memorial;0;233;216;0;0;0;0;0;0;0;0;0;0;0;0;;;;0;0;0;0;0;0;0;0;0;0;0;0;0;0;0;0;0;0;0;0;0;0;0;0;Regular Season;0;0;0;0;0;0;0;0;0;0
40648;1988;2;8;MassMutual Center;0;214;223;0;0;0;0;0;0;0;0;0;0;0;0;;;;0;0;0;0;0;0;0;0;0;0;0;0;0;0;0;0;0;0;0;0;0;0;0;0;Regular Season;0;0;0;0;0;0;0;0;0;0
40631;1988;2;8;Giant Center;0;224;226;0;0;0;0;0;0;0;0;0;0;0;0;;;;0;0;0;0;0;0;0;0;0;0;0;0;0;0;0;0;0;0;0;0;0;0;0;0;Regular Season;0;0;0;0;0;0;0;0;0;0
40637;1988;2;9;War Memorial at Oncenter;0;236;233;0;0;0;0;0;0;0;0;0;0;0;0;;;;0;0;0;0;0;0;0;0;0;0;0;0;0;0;0;0;0;0;0;0;0;0;0;0;Regular Season;0;0;0;0;0;0;0;0;0;0
40639;1988;2;9;Moncton Coliseum;0;237;223;0;0;0;0;0;0;0;0;0;0;0;0;;;;0;0;0;0;0;0;0;0;0;0;0;0;0;0;0;0;0;0;0;0;0;0;0;0;Regular Season;0;0;0;0;0;0;0;0;0;0
40630;1988;2;9;Broome County Veterans Memorial Arena;0;218;226;0;0;0;0;0;0;0;0;0;0;0;0;;;;0;0;0;0;0;0;0;0;0;0;0;0;0;0;0;0;0;0;0;0;0;0;0;0;Regular Season;0;0;0;0;0;0;0;0;0;0
40632;1988;2;9;Broome County Veterans Memorial Arena;0;222;224;0;0;0;0;0;0;0;0;0;0;0;0;;;;0;0;0;0;0;0;0;0;0;0;0;0;0;0;0;0;0;0;0;0;0;0;0;0;Regular Season;0;0;0;0;0;0;0;0;0;0
40633;1988;2;10;Broome County Veterans Memorial Arena;0;222;214;0;0;0;0;0;0;0;0;0;0;0;0;;;;0;0;0;0;0;0;0;0;0;0;0;0;0;0;0;0;0;0;0;0;0;0;0;0;Regular Season;0;0;0;0;0;0;0;0;0;0
40638;1988;2;11;Giant Center;0;224;233;0;0;0;0;0;0;0;0;0;0;0;0;;;;0;0;0;0;0;0;0;0;0;0;0;0;0;0;0;0;0;0;0;0;0;0;0;0;Regular Season;0;0;0;0;0;0;0;0;0;0
40642;1988;2;11;War Memorial at Oncenter;0;236;218;0;0;0;0;0;0;0;0;0;0;0;0;;;;0;0;0;0;0;0;0;0;0;0;0;0;0;0;0;0;0;0;0;0;0;0;0;0;Regular Season;0;0;0;0;0;0;0;0;0;0
40740;1988;2;11;MassMutual Center;0;214;237;0;0;0;0;0;0;0;0;0;0;0;0;;;;0;0;0;0;0;0;0;0;0;0;0;0;0;0;0;0;0;0;0;0;0;0;0;0;Regular Season;0;0;0;0;0;0;0;0;0;0
40644;1988;2;12;New Haven Coliseum;0;216;222;0;0;0;0;0;0;0;0;0;0;0;0;;;;0;0;0;0;0;0;0;0;0;0;0;0;0;0;0;0;0;0;0;0;0;0;0;0;Regular Season;0;0;0;0;0;0;0;0;0;0
40640;1988;2;13;New Haven Coliseum;0;216;236;0;0;0;0;0;0;0;0;0;0;0;0;;;;0;0;0;0;0;0;0;0;0;0;0;0;0;0;0;0;0;0;0;0;0;0;0;0;Regular Season;0;0;0;0;0;0;0;0;0;0
40643;1988;2;13;Scotiabank Centre;0;226;237;0;0;0;0;0;0;0;0;0;0;0;0;;;;0;0;0;0;0;0;0;0;0;0;0;0;0;0;0;0;0;0;0;0;0;0;0;0;Regular Season;0;0;0;0;0;0;0;0;0;0
40628;1988;2;14;Broome County Veterans Memorial Arena;0;218;223;0;0;0;0;0;0;0;0;0;0;0;0;;;;0;0;0;0;0;0;0;0;0;0;0;0;0;0;0;0;0;0;0;0;0;0;0;0;Regular Season;0;0;0;0;0;0;0;0;0;0
40645;1988;2;15;Cool Insuring Arena;0;223;218;0;0;0;0;0;0;0;0;0;0;0;0;;;;0;0;0;0;0;0;0;0;0;0;0;0;0;0;0;0;0;0;0;0;0;0;0;0;Regular Season;0;0;0;0;0;0;0;0;0;0
40751;1988;2;15;Blue Cross Arena at the War Memorial;0;233;237;0;0;0;0;0;0;0;0;0;0;0;0;;;;0;0;0;0;0;0;0;0;0;0;0;0;0;0;0;0;0;0;0;0;0;0;0;0;Regular Season;0;0;0;0;0;0;0;0;0;0
40654;1988;2;15;Giant Center;0;224;222;0;0;0;0;0;0;0;0;0;0;0;0;;;;0;0;0;0;0;0;0;0;0;0;0;0;0;0;0;0;0;0;0;0;0;0;0;0;Regular Season;0;0;0;0;0;0;0;0;0;0
40649;1988;2;15;Scotiabank Centre;0;226;216;0;0;0;0;0;0;0;0;0;0;0;0;;;;0;0;0;0;0;0;0;0;0;0;0;0;0;0;0;0;0;0;0;0;0;0;0;0;Regular Season;0;0;0;0;0;0;0;0;0;0
40647;1988;2;16;War Memorial at Oncenter;0;236;222;0;0;0;0;0;0;0;0;0;0;0;0;;;;0;0;0;0;0;0;0;0;0;0;0;0;0;0;0;0;0;0;0;0;0;0;0;0;Regular Season;0;0;0;0;0;0;0;0;0;0
40641;1988;2;16;Giant Center;0;224;233;0;0;0;0;0;0;0;0;0;0;0;0;;;;0;0;0;0;0;0;0;0;0;0;0;0;0;0;0;0;0;0;0;0;0;0;0;0;Regular Season;0;0;0;0;0;0;0;0;0;0
40665;1988;2;16;Scotiabank Centre;0;226;214;0;0;0;0;0;0;0;0;0;0;0;0;;;;0;0;0;0;0;0;0;0;0;0;0;0;0;0;0;0;0;0;0;0;0;0;0;0;Regular Season;0;0;0;0;0;0;0;0;0;0
40717;1988;2;16;Moncton Coliseum;0;237;216;0;0;0;0;0;0;0;0;0;0;0;0;;;;0;0;0;0;0;0;0;0;0;0;0;0;0;0;0;0;0;0;0;0;0;0;0;0;Regular Season;0;0;0;0;0;0;0;0;0;0
40652;1988;2;18;Broome County Veterans Memorial Arena;0;222;223;0;0;0;0;0;0;0;0;0;0;0;0;;;;0;0;0;0;0;0;0;0;0;0;0;0;0;0;0;0;0;0;0;0;0;0;0;0;Regular Season;0;0;0;0;0;0;0;0;0;0
40653;1988;2;18;War Memorial at Oncenter;0;236;224;0;0;0;0;0;0;0;0;0;0;0;0;;;;0;0;0;0;0;0;0;0;0;0;0;0;0;0;0;0;0;0;0;0;0;0;0;0;Regular Season;0;0;0;0;0;0;0;0;0;0
40655;1988;2;19;War Memorial at Oncenter;0;236;216;0;0;0;0;0;0;0;0;0;0;0;0;;;;0;0;0;0;0;0;0;0;0;0;0;0;0;0;0;0;0;0;0;0;0;0;0;0;Regular Season;0;0;0;0;0;0;0;0;0;0
40659;1988;2;19;Broome County Veterans Memorial Arena;0;218;226;0;0;0;0;0;0;0;0;0;0;0;0;;;;0;0;0;0;0;0;0;0;0;0;0;0;0;0;0;0;0;0;0;0;0;0;0;0;Regular Season;0;0;0;0;0;0;0;0;0;0
40661;1988;2;20;Broome County Veterans Memorial Arena;0;218;214;0;0;0;0;0;0;0;0;0;0;0;0;;;;0;0;0;0;0;0;0;0;0;0;0;0;0;0;0;0;0;0;0;0;0;0;0;0;Regular Season;0;0;0;0;0;0;0;0;0;0
40766;1988;2;20;Blue Cross Arena at the War Memorial;0;233;237;0;0;0;0;0;0;0;0;0;0;0;0;;;;0;0;0;0;0;0;0;0;0;0;0;0;0;0;0;0;0;0;0;0;0;0;0;0;Regular Season;0;0;0;0;0;0;0;0;0;0
40651;1988;2;21;MassMutual Center;0;214;223;0;0;0;0;0;0;0;0;0;0;0;0;;;;0;0;0;0;0;0;0;0;0;0;0;0;0;0;0;0;0;0;0;0;0;0;0;0;Regular Season;0;0;0;0;0;0;0;0;0;0
40720;1988;2;22;Moncton Coliseum;0;237;218;0;0;0;0;0;0;0;0;0;0;0;0;;;;0;0;0;0;0;0;0;0;0;0;0;0;0;0;0;0;0;0;0;0;0;0;0;0;Regular Season;0;0;0;0;0;0;0;0;0;0
40656;1988;2;22;Scotiabank Centre;0;226;223;0;0;0;0;0;0;0;0;0;0;0;0;;;;0;0;0;0;0;0;0;0;0;0;0;0;0;0;0;0;0;0;0;0;0;0;0;0;Regular Season;0;0;0;0;0;0;0;0;0;0
40666;1988;2;23;War Memorial at Oncenter;0;236;216;0;0;0;0;0;0;0;0;0;0;0;0;;;;0;0;0;0;0;0;0;0;0;0;0;0;0;0;0;0;0;0;0;0;0;0;0;0;Regular Season;0;0;0;0;0;0;0;0;0;0
40660;1988;2;23;Giant Center;0;224;222;0;0;0;0;0;0;0;0;0;0;0;0;;;;0;0;0;0;0;0;0;0;0;0;0;0;0;0;0;0;0;0;0;0;0;0;0;0;Regular Season;0;0;0;0;0;0;0;0;0;0
40712;1988;2;23;Broome County Veterans Memorial Arena;0;218;237;0;0;0;0;0;0;0;0;0;0;0;0;;;;0;0;0;0;0;0;0;0;0;0;0;0;0;0;0;0;0;0;0;0;0;0;0;0;Regular Season;0;0;0;0;0;0;0;0;0;0
40664;1988;2;24;Giant Center;0;224;233;0;0;0;0;0;0;0;0;0;0;0;0;;;;0;0;0;0;0;0;0;0;0;0;0;0;0;0;0;0;0;0;0;0;0;0;0;0;Regular Season;0;0;0;0;0;0;0;0;0;0
40663;1988;2;24;Scotiabank Centre;0;226;222;0;0;0;0;0;0;0;0;0;0;0;0;;;;0;0;0;0;0;0;0;0;0;0;0;0;0;0;0;0;0;0;0;0;0;0;0;0;Regular Season;0;0;0;0;0;0;0;0;0;0
40668;1988;2;25;Scotiabank Centre;0;226;214;0;0;0;0;0;0;0;0;0;0;0;0;;;;0;0;0;0;0;0;0;0;0;0;0;0;0;0;0;0;0;0;0;0;0;0;0;0;Regular Season;0;0;0;0;0;0;0;0;0;0
40724;1988;2;25;Moncton Coliseum;0;237;216;0;0;0;0;0;0;0;0;0;0;0;0;;;;0;0;0;0;0;0;0;0;0;0;0;0;0;0;0;0;0;0;0;0;0;0;0;0;Regular Season;0;0;0;0;0;0;0;0;0;0
40662;1988;2;25;Blue Cross Arena at the War Memorial;0;233;218;0;0;0;0;0;0;0;0;0;0;0;0;;;;0;0;0;0;0;0;0;0;0;0;0;0;0;0;0;0;0;0;0;0;0;0;0;0;Regular Season;0;0;0;0;0;0;0;0;0;0
40673;1988;2;26;Giant Center;0;224;236;0;0;0;0;0;0;0;0;0;0;0;0;;;;0;0;0;0;0;0;0;0;0;0;0;0;0;0;0;0;0;0;0;0;0;0;0;0;Regular Season;0;0;0;0;0;0;0;0;0;0
40657;1988;2;27;MassMutual Center;0;214;223;0;0;0;0;0;0;0;0;0;0;0;0;;;;0;0;0;0;0;0;0;0;0;0;0;0;0;0;0;0;0;0;0;0;0;0;0;0;Regular Season;0;0;0;0;0;0;0;0;0;0
40743;1988;2;27;Blue Cross Arena at the War Memorial;0;233;216;0;0;0;0;0;0;0;0;0;0;0;0;;;;0;0;0;0;0;0;0;0;0;0;0;0;0;0;0;0;0;0;0;0;0;0;0;0;Regular Season;0;0;0;0;0;0;0;0;0;0
40674;1988;2;28;War Memorial at Oncenter;0;236;222;0;0;0;0;0;0;0;0;0;0;0;0;;;;0;0;0;0;0;0;0;0;0;0;0;0;0;0;0;0;0;0;0;0;0;0;0;0;Regular Season;0;0;0;0;0;0;0;0;0;0
40658;1988;2;28;Cool Insuring Arena;0;223;214;0;0;0;0;0;0;0;0;0;0;0;0;;;;0;0;0;0;0;0;0;0;0;0;0;0;0;0;0;0;0;0;0;0;0;0;0;0;Regular Season;0;0;0;0;0;0;0;0;0;0
40682;1988;2;29;New Haven Coliseum;0;216;224;0;0;0;0;0;0;0;0;0;0;0;0;;;;0;0;0;0;0;0;0;0;0;0;0;0;0;0;0;0;0;0;0;0;0;0;0;0;Regular Season;0;0;0;0;0;0;0;0;0;0
40675;1988;2;29;War Memorial at Oncenter;0;236;237;0;0;0;0;0;0;0;0;0;0;0;0;;;;0;0;0;0;0;0;0;0;0;0;0;0;0;0;0;0;0;0;0;0;0;0;0;0;Regular Season;0;0;0;0;0;0;0;0;0;0
40678;1988;3;1;Broome County Veterans Memorial Arena;0;222;224;0;0;0;0;0;0;0;0;0;0;0;0;;;;0;0;0;0;0;0;0;0;0;0;0;0;0;0;0;0;0;0;0;0;0;0;0;0;Regular Season;0;0;0;0;0;0;0;0;0;0
40698;1988;3;1;MassMutual Center;0;214;218;0;0;0;0;0;0;0;0;0;0;0;0;;;;0;0;0;0;0;0;0;0;0;0;0;0;0;0;0;0;0;0;0;0;0;0;0;0;Regular Season;0;0;0;0;0;0;0;0;0;0
40672;1988;3;1;Scotiabank Centre;0;226;237;0;0;0;0;0;0;0;0;0;0;0;0;;;;0;0;0;0;0;0;0;0;0;0;0;0;0;0;0;0;0;0;0;0;0;0;0;0;Regular Season;0;0;0;0;0;0;0;0;0;0
40669;1988;3;2;Scotiabank Centre;0;226;223;0;0;0;0;0;0;0;0;0;0;0;0;;;;0;0;0;0;0;0;0;0;0;0;0;0;0;0;0;0;0;0;0;0;0;0;0;0;Regular Season;0;0;0;0;0;0;0;0;0;0
40671;1988;3;3;Cool Insuring Arena;0;223;218;0;0;0;0;0;0;0;0;0;0;0;0;;;;0;0;0;0;0;0;0;0;0;0;0;0;0;0;0;0;0;0;0;0;0;0;0;0;Regular Season;0;0;0;0;0;0;0;0;0;0
40691;1988;3;3;Blue Cross Arena at the War Memorial;0;233;224;0;0;0;0;0;0;0;0;0;0;0;0;;;;0;0;0;0;0;0;0;0;0;0;0;0;0;0;0;0;0;0;0;0;0;0;0;0;Regular Season;0;0;0;0;0;0;0;0;0;0
40701;1988;3;3;MassMutual Center;0;214;216;0;0;0;0;0;0;0;0;0;0;0;0;;;;0;0;0;0;0;0;0;0;0;0;0;0;0;0;0;0;0;0;0;0;0;0;0;0;Regular Season;0;0;0;0;0;0;0;0;0;0
40677;1988;3;3;War Memorial at Oncenter;0;236;222;0;0;0;0;0;0;0;0;0;0;0;0;;;;0;0;0;0;0;0;0;0;0;0;0;0;0;0;0;0;0;0;0;0;0;0;0;0;Regular Season;0;0;0;0;0;0;0;0;0;0
40680;1988;3;4;New Haven Coliseum;0;216;222;0;0;0;0;0;0;0;0;0;0;0;0;;;;0;0;0;0;0;0;0;0;0;0;0;0;0;0;0;0;0;0;0;0;0;0;0;0;Regular Season;0;0;0;0;0;0;0;0;0;0
40679;1988;3;5;War Memorial at Oncenter;0;236;233;0;0;0;0;0;0;0;0;0;0;0;0;;;;0;0;0;0;0;0;0;0;0;0;0;0;0;0;0;0;0;0;0;0;0;0;0;0;Regular Season;0;0;0;0;0;0;0;0;0;0
40699;1988;3;5;Scotiabank Centre;0;226;214;0;0;0;0;0;0;0;0;0;0;0;0;;;;0;0;0;0;0;0;0;0;0;0;0;0;0;0;0;0;0;0;0;0;0;0;0;0;Regular Season;0;0;0;0;0;0;0;0;0;0
40676;1988;3;5;Moncton Coliseum;0;237;223;0;0;0;0;0;0;0;0;0;0;0;0;;;;0;0;0;0;0;0;0;0;0;0;0;0;0;0;0;0;0;0;0;0;0;0;0;0;Regular Season;0;0;0;0;0;0;0;0;0;0
40731;1988;3;7;Cool Insuring Arena;0;223;214;0;0;0;0;0;0;0;0;0;0;0;0;;;;0;0;0;0;0;0;0;0;0;0;0;0;0;0;0;0;0;0;0;0;0;0;0;0;Regular Season;0;0;0;0;0;0;0;0;0;0
40695;1988;3;7;New Haven Coliseum;0;216;236;0;0;0;0;0;0;0;0;0;0;0;0;;;;0;0;0;0;0;0;0;0;0;0;0;0;0;0;0;0;0;0;0;0;0;0;0;0;Regular Season;0;0;0;0;0;0;0;0;0;0
40681;1988;3;8;Cool Insuring Arena;0;223;237;0;0;0;0;0;0;0;0;0;0;0;0;;;;0;0;0;0;0;0;0;0;0;0;0;0;0;0;0;0;0;0;0;0;0;0;0;0;Regular Season;0;0;0;0;0;0;0;0;0;0
40703;1988;3;8;Blue Cross Arena at the War Memorial;0;233;224;0;0;0;0;0;0;0;0;0;0;0;0;;;;0;0;0;0;0;0;0;0;0;0;0;0;0;0;0;0;0;0;0;0;0;0;0;0;Regular Season;0;0;0;0;0;0;0;0;0;0
40690;1988;3;8;Broome County Veterans Memorial Arena;0;218;222;0;0;0;0;0;0;0;0;0;0;0;0;;;;0;0;0;0;0;0;0;0;0;0;0;0;0;0;0;0;0;0;0;0;0;0;0;0;Regular Season;0;0;0;0;0;0;0;0;0;0
40688;1988;3;9;Scotiabank Centre;0;226;237;0;0;0;0;0;0;0;0;0;0;0;0;;;;0;0;0;0;0;0;0;0;0;0;0;0;0;0;0;0;0;0;0;0;0;0;0;0;Regular Season;0;0;0;0;0;0;0;0;0;0
40684;1988;3;9;Blue Cross Arena at the War Memorial;0;233;222;0;0;0;0;0;0;0;0;0;0;0;0;;;;0;0;0;0;0;0;0;0;0;0;0;0;0;0;0;0;0;0;0;0;0;0;0;0;Regular Season;0;0;0;0;0;0;0;0;0;0
40686;1988;3;9;War Memorial at Oncenter;0;236;224;0;0;0;0;0;0;0;0;0;0;0;0;;;;0;0;0;0;0;0;0;0;0;0;0;0;0;0;0;0;0;0;0;0;0;0;0;0;Regular Season;0;0;0;0;0;0;0;0;0;0
40708;1988;3;10;MassMutual Center;0;214;218;0;0;0;0;0;0;0;0;0;0;0;0;;;;0;0;0;0;0;0;0;0;0;0;0;0;0;0;0;0;0;0;0;0;0;0;0;0;Regular Season;0;0;0;0;0;0;0;0;0;0
40685;1988;3;11;Moncton Coliseum;0;237;226;0;0;0;0;0;0;0;0;0;0;0;0;;;;0;0;0;0;0;0;0;0;0;0;0;0;0;0;0;0;0;0;0;0;0;0;0;0;Regular Season;0;0;0;0;0;0;0;0;0;0
40706;1988;3;11;Giant Center;0;224;222;0;0;0;0;0;0;0;0;0;0;0;0;;;;0;0;0;0;0;0;0;0;0;0;0;0;0;0;0;0;0;0;0;0;0;0;0;0;Regular Season;0;0;0;0;0;0;0;0;0;0
40702;1988;3;11;MassMutual Center;0;214;218;0;0;0;0;0;0;0;0;0;0;0;0;;;;0;0;0;0;0;0;0;0;0;0;0;0;0;0;0;0;0;0;0;0;0;0;0;0;Regular Season;0;0;0;0;0;0;0;0;0;0
40689;1988;3;12;Blue Cross Arena at the War Memorial;0;233;236;0;0;0;0;0;0;0;0;0;0;0;0;;;;0;0;0;0;0;0;0;0;0;0;0;0;0;0;0;0;0;0;0;0;0;0;0;0;Regular Season;0;0;0;0;0;0;0;0;0;0
40692;1988;3;12;Cool Insuring Arena;0;223;226;0;0;0;0;0;0;0;0;0;0;0;0;;;;0;0;0;0;0;0;0;0;0;0;0;0;0;0;0;0;0;0;0;0;0;0;0;0;Regular Season;0;0;0;0;0;0;0;0;0;0
40694;1988;3;14;Cool Insuring Arena;0;223;226;0;0;0;0;0;0;0;0;0;0;0;0;;;;0;0;0;0;0;0;0;0;0;0;0;0;0;0;0;0;0;0;0;0;0;0;0;0;Regular Season;0;0;0;0;0;0;0;0;0;0
40752;1988;3;14;New Haven Coliseum;0;216;233;0;0;0;0;0;0;0;0;0;0;0;0;;;;0;0;0;0;0;0;0;0;0;0;0;0;0;0;0;0;0;0;0;0;0;0;0;0;Regular Season;0;0;0;0;0;0;0;0;0;0
40734;1988;3;14;Broome County Veterans Memorial Arena;0;218;214;0;0;0;0;0;0;0;0;0;0;0;0;;;;0;0;0;0;0;0;0;0;0;0;0;0;0;0;0;0;0;0;0;0;0;0;0;0;Regular Season;0;0;0;0;0;0;0;0;0;0
40711;1988;3;14;War Memorial at Oncenter;0;236;224;0;0;0;0;0;0;0;0;0;0;0;0;;;;0;0;0;0;0;0;0;0;0;0;0;0;0;0;0;0;0;0;0;0;0;0;0;0;Regular Season;0;0;0;0;0;0;0;0;0;0
40742;1988;3;15;MassMutual Center;0;214;216;0;0;0;0;0;0;0;0;0;0;0;0;;;;0;0;0;0;0;0;0;0;0;0;0;0;0;0;0;0;0;0;0;0;0;0;0;0;Regular Season;0;0;0;0;0;0;0;0;0;0
40709;1988;3;15;Giant Center;0;224;222;0;0;0;0;0;0;0;0;0;0;0;0;;;;0;0;0;0;0;0;0;0;0;0;0;0;0;0;0;0;0;0;0;0;0;0;0;0;Regular Season;0;0;0;0;0;0;0;0;0;0
40696;1988;3;15;Cool Insuring Arena;0;223;236;0;0;0;0;0;0;0;0;0;0;0;0;;;;0;0;0;0;0;0;0;0;0;0;0;0;0;0;0;0;0;0;0;0;0;0;0;0;Regular Season;0;0;0;0;0;0;0;0;0;0
40704;1988;3;15;Broome County Veterans Memorial Arena;0;218;226;0;0;0;0;0;0;0;0;0;0;0;0;;;;0;0;0;0;0;0;0;0;0;0;0;0;0;0;0;0;0;0;0;0;0;0;0;0;Regular Season;0;0;0;0;0;0;0;0;0;0
40705;1988;3;17;MassMutual Center;0;214;233;0;0;0;0;0;0;0;0;0;0;0;0;;;;0;0;0;0;0;0;0;0;0;0;0;0;0;0;0;0;0;0;0;0;0;0;0;0;Regular Season;0;0;0;0;0;0;0;0;0;0
40715;1988;3;17;Broome County Veterans Memorial Arena;0;218;226;0;0;0;0;0;0;0;0;0;0;0;0;;;;0;0;0;0;0;0;0;0;0;0;0;0;0;0;0;0;0;0;0;0;0;0;0;0;Regular Season;0;0;0;0;0;0;0;0;0;0
40707;1988;3;17;Giant Center;0;224;236;0;0;0;0;0;0;0;0;0;0;0;0;;;;0;0;0;0;0;0;0;0;0;0;0;0;0;0;0;0;0;0;0;0;0;0;0;0;Regular Season;0;0;0;0;0;0;0;0;0;0
40710;1988;3;18;Blue Cross Arena at the War Memorial;0;233;222;0;0;0;0;0;0;0;0;0;0;0;0;;;;0;0;0;0;0;0;0;0;0;0;0;0;0;0;0;0;0;0;0;0;0;0;0;0;Regular Season;0;0;0;0;0;0;0;0;0;0
40697;1988;3;18;Cool Insuring Arena;0;223;237;0;0;0;0;0;0;0;0;0;0;0;0;;;;0;0;0;0;0;0;0;0;0;0;0;0;0;0;0;0;0;0;0;0;0;0;0;0;Regular Season;0;0;0;0;0;0;0;0;0;0
40716;1988;3;19;New Haven Coliseum;0;216;222;0;0;0;0;0;0;0;0;0;0;0;0;;;;0;0;0;0;0;0;0;0;0;0;0;0;0;0;0;0;0;0;0;0;0;0;0;0;Regular Season;0;0;0;0;0;0;0;0;0;0
40719;1988;3;21;MassMutual Center;0;214;226;0;0;0;0;0;0;0;0;0;0;0;0;;;;0;0;0;0;0;0;0;0;0;0;0;0;0;0;0;0;0;0;0;0;0;0;0;0;Regular Season;0;0;0;0;0;0;0;0;0;0
40735;1988;3;21;Moncton Coliseum;0;237;218;0;0;0;0;0;0;0;0;0;0;0;0;;;;0;0;0;0;0;0;0;0;0;0;0;0;0;0;0;0;0;0;0;0;0;0;0;0;Regular Season;0;0;0;0;0;0;0;0;0;0
40725;1988;3;21;New Haven Coliseum;0;216;236;0;0;0;0;0;0;0;0;0;0;0;0;;;;0;0;0;0;0;0;0;0;0;0;0;0;0;0;0;0;0;0;0;0;0;0;0;0;Regular Season;0;0;0;0;0;0;0;0;0;0
40727;1988;3;22;Giant Center;0;224;218;0;0;0;0;0;0;0;0;0;0;0;0;;;;0;0;0;0;0;0;0;0;0;0;0;0;0;0;0;0;0;0;0;0;0;0;0;0;Regular Season;0;0;0;0;0;0;0;0;0;0
40718;1988;3;22;Blue Cross Arena at the War Memorial;0;233;226;0;0;0;0;0;0;0;0;0;0;0;0;;;;0;0;0;0;0;0;0;0;0;0;0;0;0;0;0;0;0;0;0;0;0;0;0;0;Regular Season;0;0;0;0;0;0;0;0;0;0
40714;1988;3;22;Cool Insuring Arena;0;223;237;0;0;0;0;0;0;0;0;0;0;0;0;;;;0;0;0;0;0;0;0;0;0;0;0;0;0;0;0;0;0;0;0;0;0;0;0;0;Regular Season;0;0;0;0;0;0;0;0;0;0
40750;1988;3;22;Broome County Veterans Memorial Arena;0;222;216;0;0;0;0;0;0;0;0;0;0;0;0;;;;0;0;0;0;0;0;0;0;0;0;0;0;0;0;0;0;0;0;0;0;0;0;0;0;Regular Season;0;0;0;0;0;0;0;0;0;0
40728;1988;3;24;Cool Insuring Arena;0;223;226;0;0;0;0;0;0;0;0;0;0;0;0;;;;0;0;0;0;0;0;0;0;0;0;0;0;0;0;0;0;0;0;0;0;0;0;0;0;Regular Season;0;0;0;0;0;0;0;0;0;0
40726;1988;3;24;Broome County Veterans Memorial Arena;0;222;236;0;0;0;0;0;0;0;0;0;0;0;0;;;;0;0;0;0;0;0;0;0;0;0;0;0;0;0;0;0;0;0;0;0;0;0;0;0;Regular Season;0;0;0;0;0;0;0;0;0;0
40713;1988;3;24;Giant Center;0;224;237;0;0;0;0;0;0;0;0;0;0;0;0;;;;0;0;0;0;0;0;0;0;0;0;0;0;0;0;0;0;0;0;0;0;0;0;0;0;Regular Season;0;0;0;0;0;0;0;0;0;0
40721;1988;3;25;Giant Center;0;224;233;0;0;0;0;0;0;0;0;0;0;0;0;;;;0;0;0;0;0;0;0;0;0;0;0;0;0;0;0;0;0;0;0;0;0;0;0;0;Regular Season;0;0;0;0;0;0;0;0;0;0
40738;1988;3;26;MassMutual Center;0;214;223;0;0;0;0;0;0;0;0;0;0;0;0;;;;0;0;0;0;0;0;0;0;0;0;0;0;0;0;0;0;0;0;0;0;0;0;0;0;Regular Season;0;0;0;0;0;0;0;0;0;0
40732;1988;3;26;Broome County Veterans Memorial Arena;0;218;236;0;0;0;0;0;0;0;0;0;0;0;0;;;;0;0;0;0;0;0;0;0;0;0;0;0;0;0;0;0;0;0;0;0;0;0;0;0;Regular Season;0;0;0;0;0;0;0;0;0;0
40769;1988;3;28;Scotiabank Centre;0;226;218;0;0;0;0;0;0;0;0;0;0;0;0;;;;0;0;0;0;0;0;0;0;0;0;0;0;0;0;0;0;0;0;0;0;0;0;0;0;Regular Season;0;0;0;0;0;0;0;0;0;0
40767;1988;3;28;Blue Cross Arena at the War Memorial;0;233;224;0;0;0;0;0;0;0;0;0;0;0;0;;;;0;0;0;0;0;0;0;0;0;0;0;0;0;0;0;0;0;0;0;0;0;0;0;0;Regular Season;0;0;0;0;0;0;0;0;0;0
40764;1988;3;28;Moncton Coliseum;0;237;223;0;0;0;0;0;0;0;0;0;0;0;0;;;;0;0;0;0;0;0;0;0;0;0;0;0;0;0;0;0;0;0;0;0;0;0;0;0;Regular Season;0;0;0;0;0;0;0;0;0;0
40737;1988;3;28;War Memorial at Oncenter;0;236;216;0;0;0;0;0;0;0;0;0;0;0;0;;;;0;0;0;0;0;0;0;0;0;0;0;0;0;0;0;0;0;0;0;0;0;0;0;0;Regular Season;0;0;0;0;0;0;0;0;0;0
40768;1988;3;29;Cool Insuring Arena;0;223;216;0;0;0;0;0;0;0;0;0;0;0;0;;;;0;0;0;0;0;0;0;0;0;0;0;0;0;0;0;0;0;0;0;0;0;0;0;0;Regular Season;0;0;0;0;0;0;0;0;0;0
40729;1988;3;29;Giant Center;0;224;236;0;0;0;0;0;0;0;0;0;0;0;0;;;;0;0;0;0;0;0;0;0;0;0;0;0;0;0;0;0;0;0;0;0;0;0;0;0;Regular Season;0;0;0;0;0;0;0;0;0;0
40741;1988;3;29;Scotiabank Centre;0;226;214;0;0;0;0;0;0;0;0;0;0;0;0;;;;0;0;0;0;0;0;0;0;0;0;0;0;0;0;0;0;0;0;0;0;0;0;0;0;Regular Season;0;0;0;0;0;0;0;0;0;0
40745;1988;3;29;Broome County Veterans Memorial Arena;0;222;233;0;0;0;0;0;0;0;0;0;0;0;0;;;;0;0;0;0;0;0;0;0;0;0;0;0;0;0;0;0;0;0;0;0;0;0;0;0;Regular Season;0;0;0;0;0;0;0;0;0;0
40730;1988;3;31;Scotiabank Centre;0;226;233;0;0;0;0;0;0;0;0;0;0;0;0;;;;0;0;0;0;0;0;0;0;0;0;0;0;0;0;0;0;0;0;0;0;0;0;0;0;Regular Season;0;0;0;0;0;0;0;0;0;0
40736;1988;3;31;War Memorial at Oncenter;0;236;224;0;0;0;0;0;0;0;0;0;0;0;0;;;;0;0;0;0;0;0;0;0;0;0;0;0;0;0;0;0;0;0;0;0;0;0;0;0;Regular Season;0;0;0;0;0;0;0;0;0;0
40746;1988;3;31;MassMutual Center;0;214;237;0;0;0;0;0;0;0;0;0;0;0;0;;;;0;0;0;0;0;0;0;0;0;0;0;0;0;0;0;0;0;0;0;0;0;0;0;0;Regular Season;0;0;0;0;0;0;0;0;0;0
40772;1987;9;20;Blue Cross Arena at the War Memorial;0;233;214;0;0;0;0;0;0;0;0;0;0;0;0;;;;0;0;0;0;0;0;0;0;0;0;0;0;0;0;0;0;0;0;0;0;0;0;0;0;Pre-Season;0;0;0;0;0;0;0;0;0;0
40774;1987;9;20;Broome County Veterans Memorial Arena;0;218;222;0;0;0;0;0;0;0;0;0;0;0;0;;;;0;0;0;0;0;0;0;0;0;0;0;0;0;0;0;0;0;0;0;0;0;0;0;0;Pre-Season;0;0;0;0;0;0;0;0;0;0
40776;1987;9;20;War Memorial at Oncenter;0;236;226;0;0;0;0;0;0;0;0;0;0;0;0;;;;0;0;0;0;0;0;0;0;0;0;0;0;0;0;0;0;0;0;0;0;0;0;0;0;Pre-Season;0;0;0;0;0;0;0;0;0;0
40778;1987;9;20;New Haven Coliseum;0;216;223;0;0;0;0;0;0;0;0;0;0;0;0;;;;0;0;0;0;0;0;0;0;0;0;0;0;0;0;0;0;0;0;0;0;0;0;0;0;Pre-Season;0;0;0;0;0;0;0;0;0;0
40780;1987;9;20;Giant Center;0;224;237;0;0;0;0;0;0;0;0;0;0;0;0;;;;0;0;0;0;0;0;0;0;0;0;0;0;0;0;0;0;0;0;0;0;0;0;0;0;Pre-Season;0;0;0;0;0;0;0;0;0;0
40782;1987;9;21;Broome County Veterans Memorial Arena;0;222;216;0;0;0;0;0;0;0;0;0;0;0;0;;;;0;0;0;0;0;0;0;0;0;0;0;0;0;0;0;0;0;0;0;0;0;0;0;0;Pre-Season;0;0;0;0;0;0;0;0;0;0
40784;1987;9;21;Broome County Veterans Memorial Arena;0;218;233;0;0;0;0;0;0;0;0;0;0;0;0;;;;0;0;0;0;0;0;0;0;0;0;0;0;0;0;0;0;0;0;0;0;0;0;0;0;Pre-Season;0;0;0;0;0;0;0;0;0;0
40786;1987;9;21;Scotiabank Centre;0;226;223;0;0;0;0;0;0;0;0;0;0;0;0;;;;0;0;0;0;0;0;0;0;0;0;0;0;0;0;0;0;0;0;0;0;0;0;0;0;Pre-Season;0;0;0;0;0;0;0;0;0;0
40788;1987;9;21;Moncton Coliseum;0;237;224;0;0;0;0;0;0;0;0;0;0;0;0;;;;0;0;0;0;0;0;0;0;0;0;0;0;0;0;0;0;0;0;0;0;0;0;0;0;Pre-Season;0;0;0;0;0;0;0;0;0;0
40790;1987;9;21;MassMutual Center;0;214;236;0;0;0;0;0;0;0;0;0;0;0;0;;;;0;0;0;0;0;0;0;0;0;0;0;0;0;0;0;0;0;0;0;0;0;0;0;0;Pre-Season;0;0;0;0;0;0;0;0;0;0
40792;1987;9;23;War Memorial at Oncenter;0;236;218;0;0;0;0;0;0;0;0;0;0;0;0;;;;0;0;0;0;0;0;0;0;0;0;0;0;0;0;0;0;0;0;0;0;0;0;0;0;Pre-Season;0;0;0;0;0;0;0;0;0;0
40794;1987;9;23;Blue Cross Arena at the War Memorial;0;233;237;0;0;0;0;0;0;0;0;0;0;0;0;;;;0;0;0;0;0;0;0;0;0;0;0;0;0;0;0;0;0;0;0;0;0;0;0;0;Pre-Season;0;0;0;0;0;0;0;0;0;0
40796;1987;9;23;New Haven Coliseum;0;216;214;0;0;0;0;0;0;0;0;0;0;0;0;;;;0;0;0;0;0;0;0;0;0;0;0;0;0;0;0;0;0;0;0;0;0;0;0;0;Pre-Season;0;0;0;0;0;0;0;0;0;0
40798;1987;9;23;Broome County Veterans Memorial Arena;0;222;226;0;0;0;0;0;0;0;0;0;0;0;0;;;;0;0;0;0;0;0;0;0;0;0;0;0;0;0;0;0;0;0;0;0;0;0;0;0;Pre-Season;0;0;0;0;0;0;0;0;0;0
40800;1987;9;23;Giant Center;0;224;223;0;0;0;0;0;0;0;0;0;0;0;0;;;;0;0;0;0;0;0;0;0;0;0;0;0;0;0;0;0;0;0;0;0;0;0;0;0;Pre-Season;0;0;0;0;0;0;0;0;0;0
40802;1987;9;24;MassMutual Center;0;214;224;0;0;0;0;0;0;0;0;0;0;0;0;;;;0;0;0;0;0;0;0;0;0;0;0;0;0;0;0;0;0;0;0;0;0;0;0;0;Pre-Season;0;0;0;0;0;0;0;0;0;0
40804;1987;9;24;New Haven Coliseum;0;216;233;0;0;0;0;0;0;0;0;0;0;0;0;;;;0;0;0;0;0;0;0;0;0;0;0;0;0;0;0;0;0;0;0;0;0;0;0;0;Pre-Season;0;0;0;0;0;0;0;0;0;0
40806;1987;9;24;Cool Insuring Arena;0;223;222;0;0;0;0;0;0;0;0;0;0;0;0;;;;0;0;0;0;0;0;0;0;0;0;0;0;0;0;0;0;0;0;0;0;0;0;0;0;Pre-Season;0;0;0;0;0;0;0;0;0;0
40808;1987;9;24;Scotiabank Centre;0;226;237;0;0;0;0;0;0;0;0;0;0;0;0;;;;0;0;0;0;0;0;0;0;0;0;0;0;0;0;0;0;0;0;0;0;0;0;0;0;Pre-Season;0;0;0;0;0;0;0;0;0;0
40810;1987;9;24;Broome County Veterans Memorial Arena;0;218;236;0;0;0;0;0;0;0;0;0;0;0;0;;;;0;0;0;0;0;0;0;0;0;0;0;0;0;0;0;0;0;0;0;0;0;0;0;0;Pre-Season;0;0;0;0;0;0;0;0;0;0
40812;1987;9;26;War Memorial at Oncenter;0;236;224;0;0;0;0;0;0;0;0;0;0;0;0;;;;0;0;0;0;0;0;0;0;0;0;0;0;0;0;0;0;0;0;0;0;0;0;0;0;Pre-Season;0;0;0;0;0;0;0;0;0;0
40814;1987;9;26;Moncton Coliseum;0;237;233;0;0;0;0;0;0;0;0;0;0;0;0;;;;0;0;0;0;0;0;0;0;0;0;0;0;0;0;0;0;0;0;0;0;0;0;0;0;Pre-Season;0;0;0;0;0;0;0;0;0;0
40816;1987;9;26;Broome County Veterans Memorial Arena;0;222;216;0;0;0;0;0;0;0;0;0;0;0;0;;;;0;0;0;0;0;0;0;0;0;0;0;0;0;0;0;0;0;0;0;0;0;0;0;0;Pre-Season;0;0;0;0;0;0;0;0;0;0
40818;1987;9;26;Cool Insuring Arena;0;223;214;0;0;0;0;0;0;0;0;0;0;0;0;;;;0;0;0;0;0;0;0;0;0;0;0;0;0;0;0;0;0;0;0;0;0;0;0;0;Pre-Season;0;0;0;0;0;0;0;0;0;0
40820;1987;9;26;Broome County Veterans Memorial Arena;0;218;226;0;0;0;0;0;0;0;0;0;0;0;0;;;;0;0;0;0;0;0;0;0;0;0;0;0;0;0;0;0;0;0;0;0;0;0;0;0;Pre-Season;0;0;0;0;0;0;0;0;0;0
40822;1987;9;27;Broome County Veterans Memorial Arena;0;218;236;0;0;0;0;0;0;0;0;0;0;0;0;;;;0;0;0;0;0;0;0;0;0;0;0;0;0;0;0;0;0;0;0;0;0;0;0;0;Pre-Season;0;0;0;0;0;0;0;0;0;0
40824;1987;9;27;Giant Center;0;224;222;0;0;0;0;0;0;0;0;0;0;0;0;;;;0;0;0;0;0;0;0;0;0;0;0;0;0;0;0;0;0;0;0;0;0;0;0;0;Pre-Season;0;0;0;0;0;0;0;0;0;0
40826;1987;9;27;Scotiabank Centre;0;226;237;0;0;0;0;0;0;0;0;0;0;0;0;;;;0;0;0;0;0;0;0;0;0;0;0;0;0;0;0;0;0;0;0;0;0;0;0;0;Pre-Season;0;0;0;0;0;0;0;0;0;0
40828;1987;9;27;MassMutual Center;0;214;223;0;0;0;0;0;0;0;0;0;0;0;0;;;;0;0;0;0;0;0;0;0;0;0;0;0;0;0;0;0;0;0;0;0;0;0;0;0;Pre-Season;0;0;0;0;0;0;0;0;0;0
40830;1987;9;27;New Haven Coliseum;0;216;233;0;0;0;0;0;0;0;0;0;0;0;0;;;;0;0;0;0;0;0;0;0;0;0;0;0;0;0;0;0;0;0;0;0;0;0;0;0;Pre-Season;0;0;0;0;0;0;0;0;0;0
40832;1987;9;29;Blue Cross Arena at the War Memorial;0;233;226;0;0;0;0;0;0;0;0;0;0;0;0;;;;0;0;0;0;0;0;0;0;0;0;0;0;0;0;0;0;0;0;0;0;0;0;0;0;Pre-Season;0;0;0;0;0;0;0;0;0;0
40834;1987;9;29;Giant Center;0;224;218;0;0;0;0;0;0;0;0;0;0;0;0;;;;0;0;0;0;0;0;0;0;0;0;0;0;0;0;0;0;0;0;0;0;0;0;0;0;Pre-Season;0;0;0;0;0;0;0;0;0;0
40836;1987;9;29;Broome County Veterans Memorial Arena;0;222;216;0;0;0;0;0;0;0;0;0;0;0;0;;;;0;0;0;0;0;0;0;0;0;0;0;0;0;0;0;0;0;0;0;0;0;0;0;0;Pre-Season;0;0;0;0;0;0;0;0;0;0
40838;1987;9;29;War Memorial at Oncenter;0;236;223;0;0;0;0;0;0;0;0;0;0;0;0;;;;0;0;0;0;0;0;0;0;0;0;0;0;0;0;0;0;0;0;0;0;0;0;0;0;Pre-Season;0;0;0;0;0;0;0;0;0;0
40840;1987;9;29;Moncton Coliseum;0;237;214;0;0;0;0;0;0;0;0;0;0;0;0;;;;0;0;0;0;0;0;0;0;0;0;0;0;0;0;0;0;0;0;0;0;0;0;0;0;Pre-Season;0;0;0;0;0;0;0;0;0;0
40848;1987;10;4; Arena;0;301;302;0;0;0;0;0;0;0;0;0;0;0;0;;;;0;0;0;0;0;0;0;0;0;0;0;0;0;0;0;0;0;0;0;0;0;0;0;0;Regular Season;0;0;0;0;0;0;0;0;0;0
40846;1987;10;4; Arena;0;286;290;0;0;0;0;0;0;0;0;0;0;0;0;;;;0;0;0;0;0;0;0;0;0;0;0;0;0;0;0;0;0;0;0;0;0;0;0;0;Regular Season;0;0;0;0;0;0;0;0;0;0
40860;1987;10;4; Arena;0;282;285;0;0;0;0;0;0;0;0;0;0;0;0;;;;0;0;0;0;0;0;0;0;0;0;0;0;0;0;0;0;0;0;0;0;0;0;0;0;Regular Season;0;0;0;0;0;0;0;0;0;0
41256;1987;10;4; Arena;0;303;288;0;0;0;0;0;0;0;0;0;0;0;0;;;;0;0;0;0;0;0;0;0;0;0;0;0;0;0;0;0;0;0;0;0;0;0;0;0;Regular Season;0;0;0;0;0;0;0;0;0;0
40858;1987;10;4; Arena;0;291;283;0;0;0;0;0;0;0;0;0;0;0;0;;;;0;0;0;0;0;0;0;0;0;0;0;0;0;0;0;0;0;0;0;0;0;0;0;0;Regular Season;0;0;0;0;0;0;0;0;0;0
40847;1987;10;4; Arena;0;300;305;0;0;0;0;0;0;0;0;0;0;0;0;;;;0;0;0;0;0;0;0;0;0;0;0;0;0;0;0;0;0;0;0;0;0;0;0;0;Regular Season;0;0;0;0;0;0;0;0;0;0
40869;1987;10;4; Arena;0;299;287;0;0;0;0;0;0;0;0;0;0;0;0;;;;0;0;0;0;0;0;0;0;0;0;0;0;0;0;0;0;0;0;0;0;0;0;0;0;Regular Season;0;0;0;0;0;0;0;0;0;0
40873;1987;10;4; Arena;0;296;295;0;0;0;0;0;0;0;0;0;0;0;0;;;;0;0;0;0;0;0;0;0;0;0;0;0;0;0;0;0;0;0;0;0;0;0;0;0;Regular Season;0;0;0;0;0;0;0;0;0;0
40872;1987;10;4; Arena;0;298;289;0;0;0;0;0;0;0;0;0;0;0;0;;;;0;0;0;0;0;0;0;0;0;0;0;0;0;0;0;0;0;0;0;0;0;0;0;0;Regular Season;0;0;0;0;0;0;0;0;0;0
40978;1987;10;4; Arena;0;293;284;0;0;0;0;0;0;0;0;0;0;0;0;;;;0;0;0;0;0;0;0;0;0;0;0;0;0;0;0;0;0;0;0;0;0;0;0;0;Regular Season;0;0;0;0;0;0;0;0;0;0
40844;1987;10;4; Arena;0;297;304;0;0;0;0;0;0;0;0;0;0;0;0;;;;0;0;0;0;0;0;0;0;0;0;0;0;0;0;0;0;0;0;0;0;0;0;0;0;Regular Season;0;0;0;0;0;0;0;0;0;0
40855;1987;10;5; Arena;0;302;288;0;0;0;0;0;0;0;0;0;0;0;0;;;;0;0;0;0;0;0;0;0;0;0;0;0;0;0;0;0;0;0;0;0;0;0;0;0;Regular Season;0;0;0;0;0;0;0;0;0;0
40857;1987;10;5; Arena;0;292;301;0;0;0;0;0;0;0;0;0;0;0;0;;;;0;0;0;0;0;0;0;0;0;0;0;0;0;0;0;0;0;0;0;0;0;0;0;0;Regular Season;0;0;0;0;0;0;0;0;0;0
41382;1987;10;5; Arena;0;286;293;0;0;0;0;0;0;0;0;0;0;0;0;;;;0;0;0;0;0;0;0;0;0;0;0;0;0;0;0;0;0;0;0;0;0;0;0;0;Regular Season;0;0;0;0;0;0;0;0;0;0
40850;1987;10;5; Arena;0;294;298;0;0;0;0;0;0;0;0;0;0;0;0;;;;0;0;0;0;0;0;0;0;0;0;0;0;0;0;0;0;0;0;0;0;0;0;0;0;Regular Season;0;0;0;0;0;0;0;0;0;0
40843;1987;10;5; Arena;0;282;300;0;0;0;0;0;0;0;0;0;0;0;0;;;;0;0;0;0;0;0;0;0;0;0;0;0;0;0;0;0;0;0;0;0;0;0;0;0;Regular Season;0;0;0;0;0;0;0;0;0;0
40845;1987;10;6; Arena;0;290;304;0;0;0;0;0;0;0;0;0;0;0;0;;;;0;0;0;0;0;0;0;0;0;0;0;0;0;0;0;0;0;0;0;0;0;0;0;0;Regular Season;0;0;0;0;0;0;0;0;0;0
40842;1987;10;6; Arena;0;291;289;0;0;0;0;0;0;0;0;0;0;0;0;;;;0;0;0;0;0;0;0;0;0;0;0;0;0;0;0;0;0;0;0;0;0;0;0;0;Regular Season;0;0;0;0;0;0;0;0;0;0
40849;1987;10;6; Arena;0;294;297;0;0;0;0;0;0;0;0;0;0;0;0;;;;0;0;0;0;0;0;0;0;0;0;0;0;0;0;0;0;0;0;0;0;0;0;0;0;Regular Season;0;0;0;0;0;0;0;0;0;0
40893;1987;10;6; Arena;0;303;285;0;0;0;0;0;0;0;0;0;0;0;0;;;;0;0;0;0;0;0;0;0;0;0;0;0;0;0;0;0;0;0;0;0;0;0;0;0;Regular Season;0;0;0;0;0;0;0;0;0;0
40856;1987;10;6; Arena;0;283;305;0;0;0;0;0;0;0;0;0;0;0;0;;;;0;0;0;0;0;0;0;0;0;0;0;0;0;0;0;0;0;0;0;0;0;0;0;0;Regular Season;0;0;0;0;0;0;0;0;0;0
40897;1987;10;6; Arena;0;295;287;0;0;0;0;0;0;0;0;0;0;0;0;;;;0;0;0;0;0;0;0;0;0;0;0;0;0;0;0;0;0;0;0;0;0;0;0;0;Regular Season;0;0;0;0;0;0;0;0;0;0
40859;1987;10;6; Arena;0;292;296;0;0;0;0;0;0;0;0;0;0;0;0;;;;0;0;0;0;0;0;0;0;0;0;0;0;0;0;0;0;0;0;0;0;0;0;0;0;Regular Season;0;0;0;0;0;0;0;0;0;0
41626;1987;10;7; Arena;0;288;299;0;0;0;0;0;0;0;0;0;0;0;0;;;;0;0;0;0;0;0;0;0;0;0;0;0;0;0;0;0;0;0;0;0;0;0;0;0;Regular Season;0;0;0;0;0;0;0;0;0;0
41763;1987;10;7; Arena;0;296;293;0;0;0;0;0;0;0;0;0;0;0;0;;;;0;0;0;0;0;0;0;0;0;0;0;0;0;0;0;0;0;0;0;0;0;0;0;0;Regular Season;0;0;0;0;0;0;0;0;0;0
41780;1987;10;7; Arena;0;286;282;0;0;0;0;0;0;0;0;0;0;0;0;;;;0;0;0;0;0;0;0;0;0;0;0;0;0;0;0;0;0;0;0;0;0;0;0;0;Regular Season;0;0;0;0;0;0;0;0;0;0
40851;1987;10;7; Arena;0;283;304;0;0;0;0;0;0;0;0;0;0;0;0;;;;0;0;0;0;0;0;0;0;0;0;0;0;0;0;0;0;0;0;0;0;0;0;0;0;Regular Season;0;0;0;0;0;0;0;0;0;0
40862;1987;10;8; Arena;0;295;290;0;0;0;0;0;0;0;0;0;0;0;0;;;;0;0;0;0;0;0;0;0;0;0;0;0;0;0;0;0;0;0;0;0;0;0;0;0;Regular Season;0;0;0;0;0;0;0;0;0;0
40853;1987;10;8; Arena;0;305;298;0;0;0;0;0;0;0;0;0;0;0;0;;;;0;0;0;0;0;0;0;0;0;0;0;0;0;0;0;0;0;0;0;0;0;0;0;0;Regular Season;0;0;0;0;0;0;0;0;0;0
40861;1987;10;8; Arena;0;284;291;0;0;0;0;0;0;0;0;0;0;0;0;;;;0;0;0;0;0;0;0;0;0;0;0;0;0;0;0;0;0;0;0;0;0;0;0;0;Regular Season;0;0;0;0;0;0;0;0;0;0
40867;1987;10;8; Arena;0;292;300;0;0;0;0;0;0;0;0;0;0;0;0;;;;0;0;0;0;0;0;0;0;0;0;0;0;0;0;0;0;0;0;0;0;0;0;0;0;Regular Season;0;0;0;0;0;0;0;0;0;0
40894;1987;10;8; Arena;0;302;303;0;0;0;0;0;0;0;0;0;0;0;0;;;;0;0;0;0;0;0;0;0;0;0;0;0;0;0;0;0;0;0;0;0;0;0;0;0;Regular Season;0;0;0;0;0;0;0;0;0;0
40865;1987;10;8; Arena;0;282;297;0;0;0;0;0;0;0;0;0;0;0;0;;;;0;0;0;0;0;0;0;0;0;0;0;0;0;0;0;0;0;0;0;0;0;0;0;0;Regular Season;0;0;0;0;0;0;0;0;0;0
40864;1987;10;8; Arena;0;299;301;0;0;0;0;0;0;0;0;0;0;0;0;;;;0;0;0;0;0;0;0;0;0;0;0;0;0;0;0;0;0;0;0;0;0;0;0;0;Regular Season;0;0;0;0;0;0;0;0;0;0
40930;1987;10;8; Arena;0;285;287;0;0;0;0;0;0;0;0;0;0;0;0;;;;0;0;0;0;0;0;0;0;0;0;0;0;0;0;0;0;0;0;0;0;0;0;0;0;Regular Season;0;0;0;0;0;0;0;0;0;0
40854;1987;10;9; Arena;0;290;305;0;0;0;0;0;0;0;0;0;0;0;0;;;;0;0;0;0;0;0;0;0;0;0;0;0;0;0;0;0;0;0;0;0;0;0;0;0;Regular Season;0;0;0;0;0;0;0;0;0;0
41103;1987;10;9; Arena;0;293;303;0;0;0;0;0;0;0;0;0;0;0;0;;;;0;0;0;0;0;0;0;0;0;0;0;0;0;0;0;0;0;0;0;0;0;0;0;0;Regular Season;0;0;0;0;0;0;0;0;0;0
40938;1987;10;9; Arena;0;283;286;0;0;0;0;0;0;0;0;0;0;0;0;;;;0;0;0;0;0;0;0;0;0;0;0;0;0;0;0;0;0;0;0;0;0;0;0;0;Regular Season;0;0;0;0;0;0;0;0;0;0
41056;1987;10;9; Arena;0;292;295;0;0;0;0;0;0;0;0;0;0;0;0;;;;0;0;0;0;0;0;0;0;0;0;0;0;0;0;0;0;0;0;0;0;0;0;0;0;Regular Season;0;0;0;0;0;0;0;0;0;0
40995;1987;10;9; Arena;0;294;304;0;0;0;0;0;0;0;0;0;0;0;0;;;;0;0;0;0;0;0;0;0;0;0;0;0;0;0;0;0;0;0;0;0;0;0;0;0;Regular Season;0;0;0;0;0;0;0;0;0;0
40852;1987;10;9; Arena;0;300;288;0;0;0;0;0;0;0;0;0;0;0;0;;;;0;0;0;0;0;0;0;0;0;0;0;0;0;0;0;0;0;0;0;0;0;0;0;0;Regular Season;0;0;0;0;0;0;0;0;0;0
40871;1987;10;9; Arena;0;285;301;0;0;0;0;0;0;0;0;0;0;0;0;;;;0;0;0;0;0;0;0;0;0;0;0;0;0;0;0;0;0;0;0;0;0;0;0;0;Regular Season;0;0;0;0;0;0;0;0;0;0
40876;1987;10;9; Arena;0;296;284;0;0;0;0;0;0;0;0;0;0;0;0;;;;0;0;0;0;0;0;0;0;0;0;0;0;0;0;0;0;0;0;0;0;0;0;0;0;Regular Season;0;0;0;0;0;0;0;0;0;0
40866;1987;10;10; Arena;0;297;299;0;0;0;0;0;0;0;0;0;0;0;0;;;;0;0;0;0;0;0;0;0;0;0;0;0;0;0;0;0;0;0;0;0;0;0;0;0;Regular Season;0;0;0;0;0;0;0;0;0;0
40935;1987;10;10; Arena;0;287;304;0;0;0;0;0;0;0;0;0;0;0;0;;;;0;0;0;0;0;0;0;0;0;0;0;0;0;0;0;0;0;0;0;0;0;0;0;0;Regular Season;0;0;0;0;0;0;0;0;0;0
40868;1987;10;10; Arena;0;289;298;0;0;0;0;0;0;0;0;0;0;0;0;;;;0;0;0;0;0;0;0;0;0;0;0;0;0;0;0;0;0;0;0;0;0;0;0;0;Regular Season;0;0;0;0;0;0;0;0;0;0
40877;1987;10;10; Arena;0;288;282;0;0;0;0;0;0;0;0;0;0;0;0;;;;0;0;0;0;0;0;0;0;0;0;0;0;0;0;0;0;0;0;0;0;0;0;0;0;Regular Season;0;0;0;0;0;0;0;0;0;0
40908;1987;10;11; Arena;0;299;289;0;0;0;0;0;0;0;0;0;0;0;0;;;;0;0;0;0;0;0;0;0;0;0;0;0;0;0;0;0;0;0;0;0;0;0;0;0;Regular Season;0;0;0;0;0;0;0;0;0;0
40910;1987;10;11; Arena;0;291;293;0;0;0;0;0;0;0;0;0;0;0;0;;;;0;0;0;0;0;0;0;0;0;0;0;0;0;0;0;0;0;0;0;0;0;0;0;0;Regular Season;0;0;0;0;0;0;0;0;0;0
40900;1987;10;11; Arena;0;295;296;0;0;0;0;0;0;0;0;0;0;0;0;;;;0;0;0;0;0;0;0;0;0;0;0;0;0;0;0;0;0;0;0;0;0;0;0;0;Regular Season;0;0;0;0;0;0;0;0;0;0
40841;1987;10;11; Arena;0;294;286;0;0;0;0;0;0;0;0;0;0;0;0;;;;0;0;0;0;0;0;0;0;0;0;0;0;0;0;0;0;0;0;0;0;0;0;0;0;Regular Season;0;0;0;0;0;0;0;0;0;0
40879;1987;10;11; Arena;0;284;302;0;0;0;0;0;0;0;0;0;0;0;0;;;;0;0;0;0;0;0;0;0;0;0;0;0;0;0;0;0;0;0;0;0;0;0;0;0;Regular Season;0;0;0;0;0;0;0;0;0;0
40881;1987;10;12; Arena;0;290;282;0;0;0;0;0;0;0;0;0;0;0;0;;;;0;0;0;0;0;0;0;0;0;0;0;0;0;0;0;0;0;0;0;0;0;0;0;0;Regular Season;0;0;0;0;0;0;0;0;0;0
40870;1987;10;12; Arena;0;297;305;0;0;0;0;0;0;0;0;0;0;0;0;;;;0;0;0;0;0;0;0;0;0;0;0;0;0;0;0;0;0;0;0;0;0;0;0;0;Regular Season;0;0;0;0;0;0;0;0;0;0
40883;1987;10;12; Arena;0;298;303;0;0;0;0;0;0;0;0;0;0;0;0;;;;0;0;0;0;0;0;0;0;0;0;0;0;0;0;0;0;0;0;0;0;0;0;0;0;Regular Season;0;0;0;0;0;0;0;0;0;0
41752;1987;10;12; Arena;0;286;287;0;0;0;0;0;0;0;0;0;0;0;0;;;;0;0;0;0;0;0;0;0;0;0;0;0;0;0;0;0;0;0;0;0;0;0;0;0;Regular Season;0;0;0;0;0;0;0;0;0;0
40891;1987;10;12; Arena;0;304;284;0;0;0;0;0;0;0;0;0;0;0;0;;;;0;0;0;0;0;0;0;0;0;0;0;0;0;0;0;0;0;0;0;0;0;0;0;0;Regular Season;0;0;0;0;0;0;0;0;0;0
40882;1987;10;13; Arena;0;282;283;0;0;0;0;0;0;0;0;0;0;0;0;;;;0;0;0;0;0;0;0;0;0;0;0;0;0;0;0;0;0;0;0;0;0;0;0;0;Regular Season;0;0;0;0;0;0;0;0;0;0
40880;1987;10;13; Arena;0;305;303;0;0;0;0;0;0;0;0;0;0;0;0;;;;0;0;0;0;0;0;0;0;0;0;0;0;0;0;0;0;0;0;0;0;0;0;0;0;Regular Season;0;0;0;0;0;0;0;0;0;0
40874;1987;10;13; Arena;0;293;301;0;0;0;0;0;0;0;0;0;0;0;0;;;;0;0;0;0;0;0;0;0;0;0;0;0;0;0;0;0;0;0;0;0;0;0;0;0;Regular Season;0;0;0;0;0;0;0;0;0;0
40912;1987;10;13; Arena;0;291;290;0;0;0;0;0;0;0;0;0;0;0;0;;;;0;0;0;0;0;0;0;0;0;0;0;0;0;0;0;0;0;0;0;0;0;0;0;0;Regular Season;0;0;0;0;0;0;0;0;0;0
40863;1987;10;13; Arena;0;294;289;0;0;0;0;0;0;0;0;0;0;0;0;;;;0;0;0;0;0;0;0;0;0;0;0;0;0;0;0;0;0;0;0;0;0;0;0;0;Regular Season;0;0;0;0;0;0;0;0;0;0
40892;1987;10;13; Arena;0;295;288;0;0;0;0;0;0;0;0;0;0;0;0;;;;0;0;0;0;0;0;0;0;0;0;0;0;0;0;0;0;0;0;0;0;0;0;0;0;Regular Season;0;0;0;0;0;0;0;0;0;0
40901;1987;10;13; Arena;0;302;285;0;0;0;0;0;0;0;0;0;0;0;0;;;;0;0;0;0;0;0;0;0;0;0;0;0;0;0;0;0;0;0;0;0;0;0;0;0;Regular Season;0;0;0;0;0;0;0;0;0;0
40885;1987;10;13; Arena;0;299;297;0;0;0;0;0;0;0;0;0;0;0;0;;;;0;0;0;0;0;0;0;0;0;0;0;0;0;0;0;0;0;0;0;0;0;0;0;0;Regular Season;0;0;0;0;0;0;0;0;0;0
40954;1987;10;13; Arena;0;300;298;0;0;0;0;0;0;0;0;0;0;0;0;;;;0;0;0;0;0;0;0;0;0;0;0;0;0;0;0;0;0;0;0;0;0;0;0;0;Regular Season;0;0;0;0;0;0;0;0;0;0
41156;1987;10;14; Arena;0;287;284;0;0;0;0;0;0;0;0;0;0;0;0;;;;0;0;0;0;0;0;0;0;0;0;0;0;0;0;0;0;0;0;0;0;0;0;0;0;Regular Season;0;0;0;0;0;0;0;0;0;0
40918;1987;10;14; Arena;0;295;291;0;0;0;0;0;0;0;0;0;0;0;0;;;;0;0;0;0;0;0;0;0;0;0;0;0;0;0;0;0;0;0;0;0;0;0;0;0;Regular Season;0;0;0;0;0;0;0;0;0;0
40955;1987;10;14; Arena;0;300;293;0;0;0;0;0;0;0;0;0;0;0;0;;;;0;0;0;0;0;0;0;0;0;0;0;0;0;0;0;0;0;0;0;0;0;0;0;0;Regular Season;0;0;0;0;0;0;0;0;0;0
40896;1987;10;14; Arena;0;283;292;0;0;0;0;0;0;0;0;0;0;0;0;;;;0;0;0;0;0;0;0;0;0;0;0;0;0;0;0;0;0;0;0;0;0;0;0;0;Regular Season;0;0;0;0;0;0;0;0;0;0
40923;1987;10;15; Arena;0;290;302;0;0;0;0;0;0;0;0;0;0;0;0;;;;0;0;0;0;0;0;0;0;0;0;0;0;0;0;0;0;0;0;0;0;0;0;0;0;Regular Season;0;0;0;0;0;0;0;0;0;0
40890;1987;10;15; Arena;0;297;286;0;0;0;0;0;0;0;0;0;0;0;0;;;;0;0;0;0;0;0;0;0;0;0;0;0;0;0;0;0;0;0;0;0;0;0;0;0;Regular Season;0;0;0;0;0;0;0;0;0;0
40878;1987;10;15; Arena;0;289;288;0;0;0;0;0;0;0;0;0;0;0;0;;;;0;0;0;0;0;0;0;0;0;0;0;0;0;0;0;0;0;0;0;0;0;0;0;0;Regular Season;0;0;0;0;0;0;0;0;0;0
40906;1987;10;15; Arena;0;299;292;0;0;0;0;0;0;0;0;0;0;0;0;;;;0;0;0;0;0;0;0;0;0;0;0;0;0;0;0;0;0;0;0;0;0;0;0;0;Regular Season;0;0;0;0;0;0;0;0;0;0
40887;1987;10;15; Arena;0;305;301;0;0;0;0;0;0;0;0;0;0;0;0;;;;0;0;0;0;0;0;0;0;0;0;0;0;0;0;0;0;0;0;0;0;0;0;0;0;Regular Season;0;0;0;0;0;0;0;0;0;0
41011;1987;10;15; Arena;0;287;294;0;0;0;0;0;0;0;0;0;0;0;0;;;;0;0;0;0;0;0;0;0;0;0;0;0;0;0;0;0;0;0;0;0;0;0;0;0;Regular Season;0;0;0;0;0;0;0;0;0;0
40884;1987;10;15; Arena;0;296;282;0;0;0;0;0;0;0;0;0;0;0;0;;;;0;0;0;0;0;0;0;0;0;0;0;0;0;0;0;0;0;0;0;0;0;0;0;0;Regular Season;0;0;0;0;0;0;0;0;0;0
41460;1987;10;16; Arena;0;290;291;0;0;0;0;0;0;0;0;0;0;0;0;;;;0;0;0;0;0;0;0;0;0;0;0;0;0;0;0;0;0;0;0;0;0;0;0;0;Regular Season;0;0;0;0;0;0;0;0;0;0
41745;1987;10;16; Arena;0;295;282;0;0;0;0;0;0;0;0;0;0;0;0;;;;0;0;0;0;0;0;0;0;0;0;0;0;0;0;0;0;0;0;0;0;0;0;0;0;Regular Season;0;0;0;0;0;0;0;0;0;0
40929;1987;10;16; Arena;0;294;298;0;0;0;0;0;0;0;0;0;0;0;0;;;;0;0;0;0;0;0;0;0;0;0;0;0;0;0;0;0;0;0;0;0;0;0;0;0;Regular Season;0;0;0;0;0;0;0;0;0;0
40903;1987;10;16; Arena;0;301;296;0;0;0;0;0;0;0;0;0;0;0;0;;;;0;0;0;0;0;0;0;0;0;0;0;0;0;0;0;0;0;0;0;0;0;0;0;0;Regular Season;0;0;0;0;0;0;0;0;0;0
40875;1987;10;16; Arena;0;299;304;0;0;0;0;0;0;0;0;0;0;0;0;;;;0;0;0;0;0;0;0;0;0;0;0;0;0;0;0;0;0;0;0;0;0;0;0;0;Regular Season;0;0;0;0;0;0;0;0;0;0
40889;1987;10;16; Arena;0;289;283;0;0;0;0;0;0;0;0;0;0;0;0;;;;0;0;0;0;0;0;0;0;0;0;0;0;0;0;0;0;0;0;0;0;0;0;0;0;Regular Season;0;0;0;0;0;0;0;0;0;0
41783;1987;10;16; Arena;0;303;305;0;0;0;0;0;0;0;0;0;0;0;0;;;;0;0;0;0;0;0;0;0;0;0;0;0;0;0;0;0;0;0;0;0;0;0;0;0;Regular Season;0;0;0;0;0;0;0;0;0;0
40907;1987;10;17; Arena;0;303;292;0;0;0;0;0;0;0;0;0;0;0;0;;;;0;0;0;0;0;0;0;0;0;0;0;0;0;0;0;0;0;0;0;0;0;0;0;0;Regular Season;0;0;0;0;0;0;0;0;0;0
40933;1987;10;17; Arena;0;302;304;0;0;0;0;0;0;0;0;0;0;0;0;;;;0;0;0;0;0;0;0;0;0;0;0;0;0;0;0;0;0;0;0;0;0;0;0;0;Regular Season;0;0;0;0;0;0;0;0;0;0
40924;1987;10;17; Arena;0;288;284;0;0;0;0;0;0;0;0;0;0;0;0;;;;0;0;0;0;0;0;0;0;0;0;0;0;0;0;0;0;0;0;0;0;0;0;0;0;Regular Season;0;0;0;0;0;0;0;0;0;0
40992;1987;10;17; Arena;0;287;293;0;0;0;0;0;0;0;0;0;0;0;0;;;;0;0;0;0;0;0;0;0;0;0;0;0;0;0;0;0;0;0;0;0;0;0;0;0;Regular Season;0;0;0;0;0;0;0;0;0;0
40944;1987;10;17; Arena;0;286;285;0;0;0;0;0;0;0;0;0;0;0;0;;;;0;0;0;0;0;0;0;0;0;0;0;0;0;0;0;0;0;0;0;0;0;0;0;0;Regular Season;0;0;0;0;0;0;0;0;0;0
40948;1987;10;18; Arena;0;300;285;0;0;0;0;0;0;0;0;0;0;0;0;;;;0;0;0;0;0;0;0;0;0;0;0;0;0;0;0;0;0;0;0;0;0;0;0;0;Regular Season;0;0;0;0;0;0;0;0;0;0
41788;1987;10;18; Arena;0;284;296;0;0;0;0;0;0;0;0;0;0;0;0;;;;0;0;0;0;0;0;0;0;0;0;0;0;0;0;0;0;0;0;0;0;0;0;0;0;Regular Season;0;0;0;0;0;0;0;0;0;0
41548;1987;10;18; Arena;0;299;298;0;0;0;0;0;0;0;0;0;0;0;0;;;;0;0;0;0;0;0;0;0;0;0;0;0;0;0;0;0;0;0;0;0;0;0;0;0;Regular Season;0;0;0;0;0;0;0;0;0;0
40921;1987;10;18; Arena;0;291;286;0;0;0;0;0;0;0;0;0;0;0;0;;;;0;0;0;0;0;0;0;0;0;0;0;0;0;0;0;0;0;0;0;0;0;0;0;0;Regular Season;0;0;0;0;0;0;0;0;0;0
41776;1987;10;19; Arena;0;303;304;0;0;0;0;0;0;0;0;0;0;0;0;;;;0;0;0;0;0;0;0;0;0;0;0;0;0;0;0;0;0;0;0;0;0;0;0;0;Regular Season;0;0;0;0;0;0;0;0;0;0
41013;1987;10;19; Arena;0;294;298;0;0;0;0;0;0;0;0;0;0;0;0;;;;0;0;0;0;0;0;0;0;0;0;0;0;0;0;0;0;0;0;0;0;0;0;0;0;Regular Season;0;0;0;0;0;0;0;0;0;0
41768;1987;10;19; Arena;0;283;282;0;0;0;0;0;0;0;0;0;0;0;0;;;;0;0;0;0;0;0;0;0;0;0;0;0;0;0;0;0;0;0;0;0;0;0;0;0;Regular Season;0;0;0;0;0;0;0;0;0;0
40925;1987;10;19; Arena;0;295;299;0;0;0;0;0;0;0;0;0;0;0;0;;;;0;0;0;0;0;0;0;0;0;0;0;0;0;0;0;0;0;0;0;0;0;0;0;0;Regular Season;0;0;0;0;0;0;0;0;0;0
40932;1987;10;19; Arena;0;300;301;0;0;0;0;0;0;0;0;0;0;0;0;;;;0;0;0;0;0;0;0;0;0;0;0;0;0;0;0;0;0;0;0;0;0;0;0;0;Regular Season;0;0;0;0;0;0;0;0;0;0
40899;1987;10;19; Arena;0;287;305;0;0;0;0;0;0;0;0;0;0;0;0;;;;0;0;0;0;0;0;0;0;0;0;0;0;0;0;0;0;0;0;0;0;0;0;0;0;Regular Season;0;0;0;0;0;0;0;0;0;0
40911;1987;10;19; Arena;0;289;288;0;0;0;0;0;0;0;0;0;0;0;0;;;;0;0;0;0;0;0;0;0;0;0;0;0;0;0;0;0;0;0;0;0;0;0;0;0;Regular Season;0;0;0;0;0;0;0;0;0;0
40915;1987;10;19; Arena;0;292;293;0;0;0;0;0;0;0;0;0;0;0;0;;;;0;0;0;0;0;0;0;0;0;0;0;0;0;0;0;0;0;0;0;0;0;0;0;0;Regular Season;0;0;0;0;0;0;0;0;0;0
40987;1987;10;20; Arena;0;285;293;0;0;0;0;0;0;0;0;0;0;0;0;;;;0;0;0;0;0;0;0;0;0;0;0;0;0;0;0;0;0;0;0;0;0;0;0;0;Regular Season;0;0;0;0;0;0;0;0;0;0
41024;1987;10;20; Arena;0;286;304;0;0;0;0;0;0;0;0;0;0;0;0;;;;0;0;0;0;0;0;0;0;0;0;0;0;0;0;0;0;0;0;0;0;0;0;0;0;Regular Season;0;0;0;0;0;0;0;0;0;0
40895;1987;10;20; Arena;0;296;295;0;0;0;0;0;0;0;0;0;0;0;0;;;;0;0;0;0;0;0;0;0;0;0;0;0;0;0;0;0;0;0;0;0;0;0;0;0;Regular Season;0;0;0;0;0;0;0;0;0;0
40965;1987;10;20; Arena;0;290;288;0;0;0;0;0;0;0;0;0;0;0;0;;;;0;0;0;0;0;0;0;0;0;0;0;0;0;0;0;0;0;0;0;0;0;0;0;0;Regular Season;0;0;0;0;0;0;0;0;0;0
40886;1987;10;20; Arena;0;302;282;0;0;0;0;0;0;0;0;0;0;0;0;;;;0;0;0;0;0;0;0;0;0;0;0;0;0;0;0;0;0;0;0;0;0;0;0;0;Regular Season;0;0;0;0;0;0;0;0;0;0
40902;1987;10;20; Arena;0;305;292;0;0;0;0;0;0;0;0;0;0;0;0;;;;0;0;0;0;0;0;0;0;0;0;0;0;0;0;0;0;0;0;0;0;0;0;0;0;Regular Season;0;0;0;0;0;0;0;0;0;0
40964;1987;10;20; Arena;0;287;291;0;0;0;0;0;0;0;0;0;0;0;0;;;;0;0;0;0;0;0;0;0;0;0;0;0;0;0;0;0;0;0;0;0;0;0;0;0;Regular Season;0;0;0;0;0;0;0;0;0;0
40904;1987;10;20; Arena;0;303;289;0;0;0;0;0;0;0;0;0;0;0;0;;;;0;0;0;0;0;0;0;0;0;0;0;0;0;0;0;0;0;0;0;0;0;0;0;0;Regular Season;0;0;0;0;0;0;0;0;0;0
40926;1987;10;20; Arena;0;297;294;0;0;0;0;0;0;0;0;0;0;0;0;;;;0;0;0;0;0;0;0;0;0;0;0;0;0;0;0;0;0;0;0;0;0;0;0;0;Regular Season;0;0;0;0;0;0;0;0;0;0
40898;1987;10;20; Arena;0;301;283;0;0;0;0;0;0;0;0;0;0;0;0;;;;0;0;0;0;0;0;0;0;0;0;0;0;0;0;0;0;0;0;0;0;0;0;0;0;Regular Season;0;0;0;0;0;0;0;0;0;0
40905;1987;10;21; Arena;0;290;297;0;0;0;0;0;0;0;0;0;0;0;0;;;;0;0;0;0;0;0;0;0;0;0;0;0;0;0;0;0;0;0;0;0;0;0;0;0;Regular Season;0;0;0;0;0;0;0;0;0;0
40945;1987;10;21; Arena;0;298;299;0;0;0;0;0;0;0;0;0;0;0;0;;;;0;0;0;0;0;0;0;0;0;0;0;0;0;0;0;0;0;0;0;0;0;0;0;0;Regular Season;0;0;0;0;0;0;0;0;0;0
40960;1987;10;22; Arena;0;284;283;0;0;0;0;0;0;0;0;0;0;0;0;;;;0;0;0;0;0;0;0;0;0;0;0;0;0;0;0;0;0;0;0;0;0;0;0;0;Regular Season;0;0;0;0;0;0;0;0;0;0
40914;1987;10;22; Arena;0;289;302;0;0;0;0;0;0;0;0;0;0;0;0;;;;0;0;0;0;0;0;0;0;0;0;0;0;0;0;0;0;0;0;0;0;0;0;0;0;Regular Season;0;0;0;0;0;0;0;0;0;0
40961;1987;10;22; Arena;0;299;286;0;0;0;0;0;0;0;0;0;0;0;0;;;;0;0;0;0;0;0;0;0;0;0;0;0;0;0;0;0;0;0;0;0;0;0;0;0;Regular Season;0;0;0;0;0;0;0;0;0;0
40931;1987;10;22; Arena;0;304;301;0;0;0;0;0;0;0;0;0;0;0;0;;;;0;0;0;0;0;0;0;0;0;0;0;0;0;0;0;0;0;0;0;0;0;0;0;0;Regular Season;0;0;0;0;0;0;0;0;0;0
40934;1987;10;22; Arena;0;300;303;0;0;0;0;0;0;0;0;0;0;0;0;;;;0;0;0;0;0;0;0;0;0;0;0;0;0;0;0;0;0;0;0;0;0;0;0;0;Regular Season;0;0;0;0;0;0;0;0;0;0
40920;1987;10;22; Arena;0;305;295;0;0;0;0;0;0;0;0;0;0;0;0;;;;0;0;0;0;0;0;0;0;0;0;0;0;0;0;0;0;0;0;0;0;0;0;0;0;Regular Season;0;0;0;0;0;0;0;0;0;0
41733;1987;10;22; Arena;0;293;292;0;0;0;0;0;0;0;0;0;0;0;0;;;;0;0;0;0;0;0;0;0;0;0;0;0;0;0;0;0;0;0;0;0;0;0;0;0;Regular Season;0;0;0;0;0;0;0;0;0;0
40888;1987;10;22; Arena;0;282;296;0;0;0;0;0;0;0;0;0;0;0;0;;;;0;0;0;0;0;0;0;0;0;0;0;0;0;0;0;0;0;0;0;0;0;0;0;0;Regular Season;0;0;0;0;0;0;0;0;0;0
40979;1987;10;23; Arena;0;294;285;0;0;0;0;0;0;0;0;0;0;0;0;;;;0;0;0;0;0;0;0;0;0;0;0;0;0;0;0;0;0;0;0;0;0;0;0;0;Regular Season;0;0;0;0;0;0;0;0;0;0
41018;1987;10;23; Arena;0;284;290;0;0;0;0;0;0;0;0;0;0;0;0;;;;0;0;0;0;0;0;0;0;0;0;0;0;0;0;0;0;0;0;0;0;0;0;0;0;Regular Season;0;0;0;0;0;0;0;0;0;0
41000;1987;10;23; Arena;0;293;304;0;0;0;0;0;0;0;0;0;0;0;0;;;;0;0;0;0;0;0;0;0;0;0;0;0;0;0;0;0;0;0;0;0;0;0;0;0;Regular Season;0;0;0;0;0;0;0;0;0;0
41800;1987;10;23; Arena;0;301;295;0;0;0;0;0;0;0;0;0;0;0;0;;;;0;0;0;0;0;0;0;0;0;0;0;0;0;0;0;0;0;0;0;0;0;0;0;0;Regular Season;0;0;0;0;0;0;0;0;0;0
40919;1987;10;23; Arena;0;303;291;0;0;0;0;0;0;0;0;0;0;0;0;;;;0;0;0;0;0;0;0;0;0;0;0;0;0;0;0;0;0;0;0;0;0;0;0;0;Regular Season;0;0;0;0;0;0;0;0;0;0
40943;1987;10;23; Arena;0;298;297;0;0;0;0;0;0;0;0;0;0;0;0;;;;0;0;0;0;0;0;0;0;0;0;0;0;0;0;0;0;0;0;0;0;0;0;0;0;Regular Season;0;0;0;0;0;0;0;0;0;0
40917;1987;10;23; Arena;0;296;300;0;0;0;0;0;0;0;0;0;0;0;0;;;;0;0;0;0;0;0;0;0;0;0;0;0;0;0;0;0;0;0;0;0;0;0;0;0;Regular Season;0;0;0;0;0;0;0;0;0;0
41019;1987;10;24; Arena;0;288;286;0;0;0;0;0;0;0;0;0;0;0;0;;;;0;0;0;0;0;0;0;0;0;0;0;0;0;0;0;0;0;0;0;0;0;0;0;0;Regular Season;0;0;0;0;0;0;0;0;0;0
40939;1987;10;24; Arena;0;291;302;0;0;0;0;0;0;0;0;0;0;0;0;;;;0;0;0;0;0;0;0;0;0;0;0;0;0;0;0;0;0;0;0;0;0;0;0;0;Regular Season;0;0;0;0;0;0;0;0;0;0
40937;1987;10;24; Arena;0;283;285;0;0;0;0;0;0;0;0;0;0;0;0;;;;0;0;0;0;0;0;0;0;0;0;0;0;0;0;0;0;0;0;0;0;0;0;0;0;Regular Season;0;0;0;0;0;0;0;0;0;0
40909;1987;10;24; Arena;0;282;292;0;0;0;0;0;0;0;0;0;0;0;0;;;;0;0;0;0;0;0;0;0;0;0;0;0;0;0;0;0;0;0;0;0;0;0;0;0;Regular Season;0;0;0;0;0;0;0;0;0;0
41760;1987;10;25; Arena;0;298;284;0;0;0;0;0;0;0;0;0;0;0;0;;;;0;0;0;0;0;0;0;0;0;0;0;0;0;0;0;0;0;0;0;0;0;0;0;0;Regular Season;0;0;0;0;0;0;0;0;0;0
41732;1987;10;25; Arena;0;300;299;0;0;0;0;0;0;0;0;0;0;0;0;;;;0;0;0;0;0;0;0;0;0;0;0;0;0;0;0;0;0;0;0;0;0;0;0;0;Regular Season;0;0;0;0;0;0;0;0;0;0
41787;1987;10;25; Arena;0;296;290;0;0;0;0;0;0;0;0;0;0;0;0;;;;0;0;0;0;0;0;0;0;0;0;0;0;0;0;0;0;0;0;0;0;0;0;0;0;Regular Season;0;0;0;0;0;0;0;0;0;0
40946;1987;10;26; Arena;0;292;283;0;0;0;0;0;0;0;0;0;0;0;0;;;;0;0;0;0;0;0;0;0;0;0;0;0;0;0;0;0;0;0;0;0;0;0;0;0;Regular Season;0;0;0;0;0;0;0;0;0;0
40928;1987;10;26; Arena;0;289;284;0;0;0;0;0;0;0;0;0;0;0;0;;;;0;0;0;0;0;0;0;0;0;0;0;0;0;0;0;0;0;0;0;0;0;0;0;0;Regular Season;0;0;0;0;0;0;0;0;0;0
40936;1987;10;26; Arena;0;302;301;0;0;0;0;0;0;0;0;0;0;0;0;;;;0;0;0;0;0;0;0;0;0;0;0;0;0;0;0;0;0;0;0;0;0;0;0;0;Regular Season;0;0;0;0;0;0;0;0;0;0
41001;1987;10;26; Arena;0;304;293;0;0;0;0;0;0;0;0;0;0;0;0;;;;0;0;0;0;0;0;0;0;0;0;0;0;0;0;0;0;0;0;0;0;0;0;0;0;Regular Season;0;0;0;0;0;0;0;0;0;0
41027;1987;10;26; Arena;0;291;288;0;0;0;0;0;0;0;0;0;0;0;0;;;;0;0;0;0;0;0;0;0;0;0;0;0;0;0;0;0;0;0;0;0;0;0;0;0;Regular Season;0;0;0;0;0;0;0;0;0;0
40971;1987;10;26; Arena;0;287;299;0;0;0;0;0;0;0;0;0;0;0;0;;;;0;0;0;0;0;0;0;0;0;0;0;0;0;0;0;0;0;0;0;0;0;0;0;0;Regular Season;0;0;0;0;0;0;0;0;0;0
40963;1987;10;26; Arena;0;285;305;0;0;0;0;0;0;0;0;0;0;0;0;;;;0;0;0;0;0;0;0;0;0;0;0;0;0;0;0;0;0;0;0;0;0;0;0;0;Regular Season;0;0;0;0;0;0;0;0;0;0
41790;1987;10;26; Arena;0;297;282;0;0;0;0;0;0;0;0;0;0;0;0;;;;0;0;0;0;0;0;0;0;0;0;0;0;0;0;0;0;0;0;0;0;0;0;0;0;Regular Season;0;0;0;0;0;0;0;0;0;0
40957;1987;10;27; Arena;0;304;294;0;0;0;0;0;0;0;0;0;0;0;0;;;;0;0;0;0;0;0;0;0;0;0;0;0;0;0;0;0;0;0;0;0;0;0;0;0;Regular Season;0;0;0;0;0;0;0;0;0;0
40940;1987;10;27; Arena;0;303;302;0;0;0;0;0;0;0;0;0;0;0;0;;;;0;0;0;0;0;0;0;0;0;0;0;0;0;0;0;0;0;0;0;0;0;0;0;0;Regular Season;0;0;0;0;0;0;0;0;0;0
40956;1987;10;27; Arena;0;295;298;0;0;0;0;0;0;0;0;0;0;0;0;;;;0;0;0;0;0;0;0;0;0;0;0;0;0;0;0;0;0;0;0;0;0;0;0;0;Regular Season;0;0;0;0;0;0;0;0;0;0
41784;1987;10;27; Arena;0;293;292;0;0;0;0;0;0;0;0;0;0;0;0;;;;0;0;0;0;0;0;0;0;0;0;0;0;0;0;0;0;0;0;0;0;0;0;0;0;Regular Season;0;0;0;0;0;0;0;0;0;0
40999;1987;10;27; Arena;0;290;301;0;0;0;0;0;0;0;0;0;0;0;0;;;;0;0;0;0;0;0;0;0;0;0;0;0;0;0;0;0;0;0;0;0;0;0;0;0;Regular Season;0;0;0;0;0;0;0;0;0;0
41734;1987;10;27; Arena;0;283;288;0;0;0;0;0;0;0;0;0;0;0;0;;;;0;0;0;0;0;0;0;0;0;0;0;0;0;0;0;0;0;0;0;0;0;0;0;0;Regular Season;0;0;0;0;0;0;0;0;0;0
40941;1987;10;27; Arena;0;289;296;0;0;0;0;0;0;0;0;0;0;0;0;;;;0;0;0;0;0;0;0;0;0;0;0;0;0;0;0;0;0;0;0;0;0;0;0;0;Regular Season;0;0;0;0;0;0;0;0;0;0
40977;1987;10;27; Arena;0;300;287;0;0;0;0;0;0;0;0;0;0;0;0;;;;0;0;0;0;0;0;0;0;0;0;0;0;0;0;0;0;0;0;0;0;0;0;0;0;Regular Season;0;0;0;0;0;0;0;0;0;0
40913;1987;10;27; Arena;0;297;282;0;0;0;0;0;0;0;0;0;0;0;0;;;;0;0;0;0;0;0;0;0;0;0;0;0;0;0;0;0;0;0;0;0;0;0;0;0;Regular Season;0;0;0;0;0;0;0;0;0;0
41045;1987;10;29; Arena;0;290;291;0;0;0;0;0;0;0;0;0;0;0;0;;;;0;0;0;0;0;0;0;0;0;0;0;0;0;0;0;0;0;0;0;0;0;0;0;0;Regular Season;0;0;0;0;0;0;0;0;0;0
41062;1987;10;29; Arena;0;287;298;0;0;0;0;0;0;0;0;0;0;0;0;;;;0;0;0;0;0;0;0;0;0;0;0;0;0;0;0;0;0;0;0;0;0;0;0;0;Regular Season;0;0;0;0;0;0;0;0;0;0
40950;1987;10;29; Arena;0;302;300;0;0;0;0;0;0;0;0;0;0;0;0;;;;0;0;0;0;0;0;0;0;0;0;0;0;0;0;0;0;0;0;0;0;0;0;0;0;Regular Season;0;0;0;0;0;0;0;0;0;0
40942;1987;10;29; Arena;0;303;297;0;0;0;0;0;0;0;0;0;0;0;0;;;;0;0;0;0;0;0;0;0;0;0;0;0;0;0;0;0;0;0;0;0;0;0;0;0;Regular Season;0;0;0;0;0;0;0;0;0;0
40951;1987;10;29; Arena;0;289;283;0;0;0;0;0;0;0;0;0;0;0;0;;;;0;0;0;0;0;0;0;0;0;0;0;0;0;0;0;0;0;0;0;0;0;0;0;0;Regular Season;0;0;0;0;0;0;0;0;0;0
40967;1987;10;29; Arena;0;292;285;0;0;0;0;0;0;0;0;0;0;0;0;;;;0;0;0;0;0;0;0;0;0;0;0;0;0;0;0;0;0;0;0;0;0;0;0;0;Regular Season;0;0;0;0;0;0;0;0;0;0
40916;1987;10;29; Arena;0;282;284;0;0;0;0;0;0;0;0;0;0;0;0;;;;0;0;0;0;0;0;0;0;0;0;0;0;0;0;0;0;0;0;0;0;0;0;0;0;Regular Season;0;0;0;0;0;0;0;0;0;0
40958;1987;10;29; Arena;0;286;295;0;0;0;0;0;0;0;0;0;0;0;0;;;;0;0;0;0;0;0;0;0;0;0;0;0;0;0;0;0;0;0;0;0;0;0;0;0;Regular Season;0;0;0;0;0;0;0;0;0;0
40982;1987;10;29; Arena;0;305;294;0;0;0;0;0;0;0;0;0;0;0;0;;;;0;0;0;0;0;0;0;0;0;0;0;0;0;0;0;0;0;0;0;0;0;0;0;0;Regular Season;0;0;0;0;0;0;0;0;0;0
41006;1987;10;30; Arena;0;294;299;0;0;0;0;0;0;0;0;0;0;0;0;;;;0;0;0;0;0;0;0;0;0;0;0;0;0;0;0;0;0;0;0;0;0;0;0;0;Regular Season;0;0;0;0;0;0;0;0;0;0
41078;1987;10;30; Arena;0;291;301;0;0;0;0;0;0;0;0;0;0;0;0;;;;0;0;0;0;0;0;0;0;0;0;0;0;0;0;0;0;0;0;0;0;0;0;0;0;Regular Season;0;0;0;0;0;0;0;0;0;0
40974;1987;10;30; Arena;0;292;286;0;0;0;0;0;0;0;0;0;0;0;0;;;;0;0;0;0;0;0;0;0;0;0;0;0;0;0;0;0;0;0;0;0;0;0;0;0;Regular Season;0;0;0;0;0;0;0;0;0;0
41767;1987;10;30; Arena;0;293;287;0;0;0;0;0;0;0;0;0;0;0;0;;;;0;0;0;0;0;0;0;0;0;0;0;0;0;0;0;0;0;0;0;0;0;0;0;0;Regular Season;0;0;0;0;0;0;0;0;0;0
40949;1987;10;30; Arena;0;288;303;0;0;0;0;0;0;0;0;0;0;0;0;;;;0;0;0;0;0;0;0;0;0;0;0;0;0;0;0;0;0;0;0;0;0;0;0;0;Regular Season;0;0;0;0;0;0;0;0;0;0
40922;1987;10;30; Arena;0;282;300;0;0;0;0;0;0;0;0;0;0;0;0;;;;0;0;0;0;0;0;0;0;0;0;0;0;0;0;0;0;0;0;0;0;0;0;0;0;Regular Season;0;0;0;0;0;0;0;0;0;0
41071;1987;10;31; Arena;0;288;293;0;0;0;0;0;0;0;0;0;0;0;0;;;;0;0;0;0;0;0;0;0;0;0;0;0;0;0;0;0;0;0;0;0;0;0;0;0;Regular Season;0;0;0;0;0;0;0;0;0;0
41603;1987;10;31; Arena;0;301;284;0;0;0;0;0;0;0;0;0;0;0;0;;;;0;0;0;0;0;0;0;0;0;0;0;0;0;0;0;0;0;0;0;0;0;0;0;0;Regular Season;0;0;0;0;0;0;0;0;0;0
40986;1987;10;31; Arena;0;285;298;0;0;0;0;0;0;0;0;0;0;0;0;;;;0;0;0;0;0;0;0;0;0;0;0;0;0;0;0;0;0;0;0;0;0;0;0;0;Regular Season;0;0;0;0;0;0;0;0;0;0
40953;1987;10;31; Arena;0;305;304;0;0;0;0;0;0;0;0;0;0;0;0;;;;0;0;0;0;0;0;0;0;0;0;0;0;0;0;0;0;0;0;0;0;0;0;0;0;Regular Season;0;0;0;0;0;0;0;0;0;0
40973;1987;10;31; Arena;0;299;295;0;0;0;0;0;0;0;0;0;0;0;0;;;;0;0;0;0;0;0;0;0;0;0;0;0;0;0;0;0;0;0;0;0;0;0;0;0;Regular Season;0;0;0;0;0;0;0;0;0;0
40962;1987;10;31; Arena;0;297;296;0;0;0;0;0;0;0;0;0;0;0;0;;;;0;0;0;0;0;0;0;0;0;0;0;0;0;0;0;0;0;0;0;0;0;0;0;0;Regular Season;0;0;0;0;0;0;0;0;0;0
40952;1987;11;1; Arena;0;296;290;0;0;0;0;0;0;0;0;0;0;0;0;;;;0;0;0;0;0;0;0;0;0;0;0;0;0;0;0;0;0;0;0;0;0;0;0;0;Regular Season;0;0;0;0;0;0;0;0;0;0
40975;1987;11;1; Arena;0;283;286;0;0;0;0;0;0;0;0;0;0;0;0;;;;0;0;0;0;0;0;0;0;0;0;0;0;0;0;0;0;0;0;0;0;0;0;0;0;Regular Season;0;0;0;0;0;0;0;0;0;0
41029;1987;11;2; Arena;0;294;303;0;0;0;0;0;0;0;0;0;0;0;0;;;;0;0;0;0;0;0;0;0;0;0;0;0;0;0;0;0;0;0;0;0;0;0;0;0;Regular Season;0;0;0;0;0;0;0;0;0;0
40927;1987;11;2; Arena;0;282;291;0;0;0;0;0;0;0;0;0;0;0;0;;;;0;0;0;0;0;0;0;0;0;0;0;0;0;0;0;0;0;0;0;0;0;0;0;0;Regular Season;0;0;0;0;0;0;0;0;0;0
41032;1987;11;2; Arena;0;304;299;0;0;0;0;0;0;0;0;0;0;0;0;;;;0;0;0;0;0;0;0;0;0;0;0;0;0;0;0;0;0;0;0;0;0;0;0;0;Regular Season;0;0;0;0;0;0;0;0;0;0
41697;1987;11;2; Arena;0;302;300;0;0;0;0;0;0;0;0;0;0;0;0;;;;0;0;0;0;0;0;0;0;0;0;0;0;0;0;0;0;0;0;0;0;0;0;0;0;Regular Season;0;0;0;0;0;0;0;0;0;0
41014;1987;11;2; Arena;0;292;290;0;0;0;0;0;0;0;0;0;0;0;0;;;;0;0;0;0;0;0;0;0;0;0;0;0;0;0;0;0;0;0;0;0;0;0;0;0;Regular Season;0;0;0;0;0;0;0;0;0;0
41058;1987;11;2; Arena;0;286;285;0;0;0;0;0;0;0;0;0;0;0;0;;;;0;0;0;0;0;0;0;0;0;0;0;0;0;0;0;0;0;0;0;0;0;0;0;0;Regular Season;0;0;0;0;0;0;0;0;0;0
41728;1987;11;2; Arena;0;284;298;0;0;0;0;0;0;0;0;0;0;0;0;;;;0;0;0;0;0;0;0;0;0;0;0;0;0;0;0;0;0;0;0;0;0;0;0;0;Regular Season;0;0;0;0;0;0;0;0;0;0
41055;1987;11;2; Arena;0;293;297;0;0;0;0;0;0;0;0;0;0;0;0;;;;0;0;0;0;0;0;0;0;0;0;0;0;0;0;0;0;0;0;0;0;0;0;0;0;Regular Season;0;0;0;0;0;0;0;0;0;0
40947;1987;11;3; Arena;0;289;282;0;0;0;0;0;0;0;0;0;0;0;0;;;;0;0;0;0;0;0;0;0;0;0;0;0;0;0;0;0;0;0;0;0;0;0;0;0;Regular Season;0;0;0;0;0;0;0;0;0;0
41031;1987;11;3; Arena;0;298;300;0;0;0;0;0;0;0;0;0;0;0;0;;;;0;0;0;0;0;0;0;0;0;0;0;0;0;0;0;0;0;0;0;0;0;0;0;0;Regular Season;0;0;0;0;0;0;0;0;0;0
41043;1987;11;3; Arena;0;292;288;0;0;0;0;0;0;0;0;0;0;0;0;;;;0;0;0;0;0;0;0;0;0;0;0;0;0;0;0;0;0;0;0;0;0;0;0;0;Regular Season;0;0;0;0;0;0;0;0;0;0
40966;1987;11;3; Arena;0;296;283;0;0;0;0;0;0;0;0;0;0;0;0;;;;0;0;0;0;0;0;0;0;0;0;0;0;0;0;0;0;0;0;0;0;0;0;0;0;Regular Season;0;0;0;0;0;0;0;0;0;0
41016;1987;11;3; Arena;0;293;305;0;0;0;0;0;0;0;0;0;0;0;0;;;;0;0;0;0;0;0;0;0;0;0;0;0;0;0;0;0;0;0;0;0;0;0;0;0;Regular Season;0;0;0;0;0;0;0;0;0;0
40968;1987;11;3; Arena;0;299;302;0;0;0;0;0;0;0;0;0;0;0;0;;;;0;0;0;0;0;0;0;0;0;0;0;0;0;0;0;0;0;0;0;0;0;0;0;0;Regular Season;0;0;0;0;0;0;0;0;0;0
40998;1987;11;3; Arena;0;295;285;0;0;0;0;0;0;0;0;0;0;0;0;;;;0;0;0;0;0;0;0;0;0;0;0;0;0;0;0;0;0;0;0;0;0;0;0;0;Regular Season;0;0;0;0;0;0;0;0;0;0
41004;1987;11;3; Arena;0;303;287;0;0;0;0;0;0;0;0;0;0;0;0;;;;0;0;0;0;0;0;0;0;0;0;0;0;0;0;0;0;0;0;0;0;0;0;0;0;Regular Season;0;0;0;0;0;0;0;0;0;0
41087;1987;11;4; Arena;0;284;288;0;0;0;0;0;0;0;0;0;0;0;0;;;;0;0;0;0;0;0;0;0;0;0;0;0;0;0;0;0;0;0;0;0;0;0;0;0;Regular Season;0;0;0;0;0;0;0;0;0;0
40984;1987;11;4; Arena;0;289;294;0;0;0;0;0;0;0;0;0;0;0;0;;;;0;0;0;0;0;0;0;0;0;0;0;0;0;0;0;0;0;0;0;0;0;0;0;0;Regular Season;0;0;0;0;0;0;0;0;0;0
41008;1987;11;4; Arena;0;291;295;0;0;0;0;0;0;0;0;0;0;0;0;;;;0;0;0;0;0;0;0;0;0;0;0;0;0;0;0;0;0;0;0;0;0;0;0;0;Regular Season;0;0;0;0;0;0;0;0;0;0
40972;1987;11;5; Arena;0;296;304;0;0;0;0;0;0;0;0;0;0;0;0;;;;0;0;0;0;0;0;0;0;0;0;0;0;0;0;0;0;0;0;0;0;0;0;0;0;Regular Season;0;0;0;0;0;0;0;0;0;0
41048;1987;11;5; Arena;0;294;292;0;0;0;0;0;0;0;0;0;0;0;0;;;;0;0;0;0;0;0;0;0;0;0;0;0;0;0;0;0;0;0;0;0;0;0;0;0;Regular Season;0;0;0;0;0;0;0;0;0;0
41020;1987;11;5; Arena;0;305;300;0;0;0;0;0;0;0;0;0;0;0;0;;;;0;0;0;0;0;0;0;0;0;0;0;0;0;0;0;0;0;0;0;0;0;0;0;0;Regular Season;0;0;0;0;0;0;0;0;0;0
40959;1987;11;5; Arena;0;301;282;0;0;0;0;0;0;0;0;0;0;0;0;;;;0;0;0;0;0;0;0;0;0;0;0;0;0;0;0;0;0;0;0;0;0;0;0;0;Regular Season;0;0;0;0;0;0;0;0;0;0
40980;1987;11;5; Arena;0;283;286;0;0;0;0;0;0;0;0;0;0;0;0;;;;0;0;0;0;0;0;0;0;0;0;0;0;0;0;0;0;0;0;0;0;0;0;0;0;Regular Season;0;0;0;0;0;0;0;0;0;0
40970;1987;11;5; Arena;0;287;302;0;0;0;0;0;0;0;0;0;0;0;0;;;;0;0;0;0;0;0;0;0;0;0;0;0;0;0;0;0;0;0;0;0;0;0;0;0;Regular Season;0;0;0;0;0;0;0;0;0;0
41040;1987;11;5; Arena;0;290;303;0;0;0;0;0;0;0;0;0;0;0;0;;;;0;0;0;0;0;0;0;0;0;0;0;0;0;0;0;0;0;0;0;0;0;0;0;0;Regular Season;0;0;0;0;0;0;0;0;0;0
40983;1987;11;5; Arena;0;297;291;0;0;0;0;0;0;0;0;0;0;0;0;;;;0;0;0;0;0;0;0;0;0;0;0;0;0;0;0;0;0;0;0;0;0;0;0;0;Regular Season;0;0;0;0;0;0;0;0;0;0
41742;1987;11;5; Arena;0;284;298;0;0;0;0;0;0;0;0;0;0;0;0;;;;0;0;0;0;0;0;0;0;0;0;0;0;0;0;0;0;0;0;0;0;0;0;0;0;Regular Season;0;0;0;0;0;0;0;0;0;0
41095;1987;11;6; Arena;0;288;285;0;0;0;0;0;0;0;0;0;0;0;0;;;;0;0;0;0;0;0;0;0;0;0;0;0;0;0;0;0;0;0;0;0;0;0;0;0;Regular Season;0;0;0;0;0;0;0;0;0;0
40976;1987;11;6; Arena;0;283;287;0;0;0;0;0;0;0;0;0;0;0;0;;;;0;0;0;0;0;0;0;0;0;0;0;0;0;0;0;0;0;0;0;0;0;0;0;0;Regular Season;0;0;0;0;0;0;0;0;0;0
41049;1987;11;6; Arena;0;304;300;0;0;0;0;0;0;0;0;0;0;0;0;;;;0;0;0;0;0;0;0;0;0;0;0;0;0;0;0;0;0;0;0;0;0;0;0;0;Regular Season;0;0;0;0;0;0;0;0;0;0
40981;1987;11;6; Arena;0;297;289;0;0;0;0;0;0;0;0;0;0;0;0;;;;0;0;0;0;0;0;0;0;0;0;0;0;0;0;0;0;0;0;0;0;0;0;0;0;Regular Season;0;0;0;0;0;0;0;0;0;0
41074;1987;11;6; Arena;0;290;293;0;0;0;0;0;0;0;0;0;0;0;0;;;;0;0;0;0;0;0;0;0;0;0;0;0;0;0;0;0;0;0;0;0;0;0;0;0;Regular Season;0;0;0;0;0;0;0;0;0;0
40997;1987;11;6; Arena;0;301;302;0;0;0;0;0;0;0;0;0;0;0;0;;;;0;0;0;0;0;0;0;0;0;0;0;0;0;0;0;0;0;0;0;0;0;0;0;0;Regular Season;0;0;0;0;0;0;0;0;0;0
40989;1987;11;6; Arena;0;299;286;0;0;0;0;0;0;0;0;0;0;0;0;;;;0;0;0;0;0;0;0;0;0;0;0;0;0;0;0;0;0;0;0;0;0;0;0;0;Regular Season;0;0;0;0;0;0;0;0;0;0
40990;1987;11;6; Arena;0;295;296;0;0;0;0;0;0;0;0;0;0;0;0;;;;0;0;0;0;0;0;0;0;0;0;0;0;0;0;0;0;0;0;0;0;0;0;0;0;Regular Season;0;0;0;0;0;0;0;0;0;0
41761;1987;11;7; Arena;0;294;293;0;0;0;0;0;0;0;0;0;0;0;0;;;;0;0;0;0;0;0;0;0;0;0;0;0;0;0;0;0;0;0;0;0;0;0;0;0;Regular Season;0;0;0;0;0;0;0;0;0;0
41794;1987;11;7; Arena;0;289;299;0;0;0;0;0;0;0;0;0;0;0;0;;;;0;0;0;0;0;0;0;0;0;0;0;0;0;0;0;0;0;0;0;0;0;0;0;0;Regular Season;0;0;0;0;0;0;0;0;0;0
41785;1987;11;8; Arena;0;292;287;0;0;0;0;0;0;0;0;0;0;0;0;;;;0;0;0;0;0;0;0;0;0;0;0;0;0;0;0;0;0;0;0;0;0;0;0;0;Regular Season;0;0;0;0;0;0;0;0;0;0
41737;1987;11;8; Arena;0;288;290;0;0;0;0;0;0;0;0;0;0;0;0;;;;0;0;0;0;0;0;0;0;0;0;0;0;0;0;0;0;0;0;0;0;0;0;0;0;Regular Season;0;0;0;0;0;0;0;0;0;0
41033;1987;11;8; Arena;0;305;301;0;0;0;0;0;0;0;0;0;0;0;0;;;;0;0;0;0;0;0;0;0;0;0;0;0;0;0;0;0;0;0;0;0;0;0;0;0;Regular Season;0;0;0;0;0;0;0;0;0;0
40996;1987;11;9; Arena;0;297;283;0;0;0;0;0;0;0;0;0;0;0;0;;;;0;0;0;0;0;0;0;0;0;0;0;0;0;0;0;0;0;0;0;0;0;0;0;0;Regular Season;0;0;0;0;0;0;0;0;0;0
41009;1987;11;9; Arena;0;298;282;0;0;0;0;0;0;0;0;0;0;0;0;;;;0;0;0;0;0;0;0;0;0;0;0;0;0;0;0;0;0;0;0;0;0;0;0;0;Regular Season;0;0;0;0;0;0;0;0;0;0
41007;1987;11;9; Arena;0;304;302;0;0;0;0;0;0;0;0;0;0;0;0;;;;0;0;0;0;0;0;0;0;0;0;0;0;0;0;0;0;0;0;0;0;0;0;0;0;Regular Season;0;0;0;0;0;0;0;0;0;0
41023;1987;11;9; Arena;0;295;296;0;0;0;0;0;0;0;0;0;0;0;0;;;;0;0;0;0;0;0;0;0;0;0;0;0;0;0;0;0;0;0;0;0;0;0;0;0;Regular Season;0;0;0;0;0;0;0;0;0;0
41047;1987;11;9; Arena;0;303;301;0;0;0;0;0;0;0;0;0;0;0;0;;;;0;0;0;0;0;0;0;0;0;0;0;0;0;0;0;0;0;0;0;0;0;0;0;0;Regular Season;0;0;0;0;0;0;0;0;0;0
40988;1987;11;9; Arena;0;287;285;0;0;0;0;0;0;0;0;0;0;0;0;;;;0;0;0;0;0;0;0;0;0;0;0;0;0;0;0;0;0;0;0;0;0;0;0;0;Regular Season;0;0;0;0;0;0;0;0;0;0
41022;1987;11;9; Arena;0;299;291;0;0;0;0;0;0;0;0;0;0;0;0;;;;0;0;0;0;0;0;0;0;0;0;0;0;0;0;0;0;0;0;0;0;0;0;0;0;Regular Season;0;0;0;0;0;0;0;0;0;0
40969;1987;11;10; Arena;0;305;282;0;0;0;0;0;0;0;0;0;0;0;0;;;;0;0;0;0;0;0;0;0;0;0;0;0;0;0;0;0;0;0;0;0;0;0;0;0;Regular Season;0;0;0;0;0;0;0;0;0;0
41072;1987;11;10; Arena;0;300;290;0;0;0;0;0;0;0;0;0;0;0;0;;;;0;0;0;0;0;0;0;0;0;0;0;0;0;0;0;0;0;0;0;0;0;0;0;0;Regular Season;0;0;0;0;0;0;0;0;0;0
40993;1987;11;10; Arena;0;285;289;0;0;0;0;0;0;0;0;0;0;0;0;;;;0;0;0;0;0;0;0;0;0;0;0;0;0;0;0;0;0;0;0;0;0;0;0;0;Regular Season;0;0;0;0;0;0;0;0;0;0
41038;1987;11;10; Arena;0;296;292;0;0;0;0;0;0;0;0;0;0;0;0;;;;0;0;0;0;0;0;0;0;0;0;0;0;0;0;0;0;0;0;0;0;0;0;0;0;Regular Season;0;0;0;0;0;0;0;0;0;0
41091;1987;11;10; Arena;0;286;284;0;0;0;0;0;0;0;0;0;0;0;0;;;;0;0;0;0;0;0;0;0;0;0;0;0;0;0;0;0;0;0;0;0;0;0;0;0;Regular Season;0;0;0;0;0;0;0;0;0;0
41205;1987;11;10; Arena;0;304;288;0;0;0;0;0;0;0;0;0;0;0;0;;;;0;0;0;0;0;0;0;0;0;0;0;0;0;0;0;0;0;0;0;0;0;0;0;0;Regular Season;0;0;0;0;0;0;0;0;0;0
41102;1987;11;10; Arena;0;299;303;0;0;0;0;0;0;0;0;0;0;0;0;;;;0;0;0;0;0;0;0;0;0;0;0;0;0;0;0;0;0;0;0;0;0;0;0;0;Regular Season;0;0;0;0;0;0;0;0;0;0
41021;1987;11;10; Arena;0;295;298;0;0;0;0;0;0;0;0;0;0;0;0;;;;0;0;0;0;0;0;0;0;0;0;0;0;0;0;0;0;0;0;0;0;0;0;0;0;Regular Season;0;0;0;0;0;0;0;0;0;0
40991;1987;11;10; Arena;0;294;297;0;0;0;0;0;0;0;0;0;0;0;0;;;;0;0;0;0;0;0;0;0;0;0;0;0;0;0;0;0;0;0;0;0;0;0;0;0;Regular Season;0;0;0;0;0;0;0;0;0;0
41005;1987;11;11; Arena;0;289;300;0;0;0;0;0;0;0;0;0;0;0;0;;;;0;0;0;0;0;0;0;0;0;0;0;0;0;0;0;0;0;0;0;0;0;0;0;0;Regular Season;0;0;0;0;0;0;0;0;0;0
41100;1987;11;11; Arena;0;291;288;0;0;0;0;0;0;0;0;0;0;0;0;;;;0;0;0;0;0;0;0;0;0;0;0;0;0;0;0;0;0;0;0;0;0;0;0;0;Regular Season;0;0;0;0;0;0;0;0;0;0
41121;1987;11;11; Arena;0;286;301;0;0;0;0;0;0;0;0;0;0;0;0;;;;0;0;0;0;0;0;0;0;0;0;0;0;0;0;0;0;0;0;0;0;0;0;0;0;Regular Season;0;0;0;0;0;0;0;0;0;0
41066;1987;11;12; Arena;0;297;301;0;0;0;0;0;0;0;0;0;0;0;0;;;;0;0;0;0;0;0;0;0;0;0;0;0;0;0;0;0;0;0;0;0;0;0;0;0;Regular Season;0;0;0;0;0;0;0;0;0;0
41002;1987;11;12; Arena;0;283;291;0;0;0;0;0;0;0;0;0;0;0;0;;;;0;0;0;0;0;0;0;0;0;0;0;0;0;0;0;0;0;0;0;0;0;0;0;0;Regular Season;0;0;0;0;0;0;0;0;0;0
40994;1987;11;12; Arena;0;305;302;0;0;0;0;0;0;0;0;0;0;0;0;;;;0;0;0;0;0;0;0;0;0;0;0;0;0;0;0;0;0;0;0;0;0;0;0;0;Regular Season;0;0;0;0;0;0;0;0;0;0
41035;1987;11;12; Arena;0;282;293;0;0;0;0;0;0;0;0;0;0;0;0;;;;0;0;0;0;0;0;0;0;0;0;0;0;0;0;0;0;0;0;0;0;0;0;0;0;Regular Season;0;0;0;0;0;0;0;0;0;0
41050;1987;11;12; Arena;0;304;294;0;0;0;0;0;0;0;0;0;0;0;0;;;;0;0;0;0;0;0;0;0;0;0;0;0;0;0;0;0;0;0;0;0;0;0;0;0;Regular Season;0;0;0;0;0;0;0;0;0;0
41025;1987;11;12; Arena;0;298;295;0;0;0;0;0;0;0;0;0;0;0;0;;;;0;0;0;0;0;0;0;0;0;0;0;0;0;0;0;0;0;0;0;0;0;0;0;0;Regular Season;0;0;0;0;0;0;0;0;0;0
41775;1987;11;12; Arena;0;285;290;0;0;0;0;0;0;0;0;0;0;0;0;;;;0;0;0;0;0;0;0;0;0;0;0;0;0;0;0;0;0;0;0;0;0;0;0;0;Regular Season;0;0;0;0;0;0;0;0;0;0
41771;1987;11;13; Arena;0;300;282;0;0;0;0;0;0;0;0;0;0;0;0;;;;0;0;0;0;0;0;0;0;0;0;0;0;0;0;0;0;0;0;0;0;0;0;0;0;Regular Season;0;0;0;0;0;0;0;0;0;0
41060;1987;11;13; Arena;0;287;305;0;0;0;0;0;0;0;0;0;0;0;0;;;;0;0;0;0;0;0;0;0;0;0;0;0;0;0;0;0;0;0;0;0;0;0;0;0;Regular Season;0;0;0;0;0;0;0;0;0;0
41106;1987;11;13; Arena;0;284;303;0;0;0;0;0;0;0;0;0;0;0;0;;;;0;0;0;0;0;0;0;0;0;0;0;0;0;0;0;0;0;0;0;0;0;0;0;0;Regular Season;0;0;0;0;0;0;0;0;0;0
41786;1987;11;13; Arena;0;288;304;0;0;0;0;0;0;0;0;0;0;0;0;;;;0;0;0;0;0;0;0;0;0;0;0;0;0;0;0;0;0;0;0;0;0;0;0;0;Regular Season;0;0;0;0;0;0;0;0;0;0
41779;1987;11;13; Arena;0;292;297;0;0;0;0;0;0;0;0;0;0;0;0;;;;0;0;0;0;0;0;0;0;0;0;0;0;0;0;0;0;0;0;0;0;0;0;0;0;Regular Season;0;0;0;0;0;0;0;0;0;0
41051;1987;11;13; Arena;0;286;294;0;0;0;0;0;0;0;0;0;0;0;0;;;;0;0;0;0;0;0;0;0;0;0;0;0;0;0;0;0;0;0;0;0;0;0;0;0;Regular Season;0;0;0;0;0;0;0;0;0;0
41034;1987;11;13; Arena;0;296;289;0;0;0;0;0;0;0;0;0;0;0;0;;;;0;0;0;0;0;0;0;0;0;0;0;0;0;0;0;0;0;0;0;0;0;0;0;0;Regular Season;0;0;0;0;0;0;0;0;0;0
40985;1987;11;13; Arena;0;283;285;0;0;0;0;0;0;0;0;0;0;0;0;;;;0;0;0;0;0;0;0;0;0;0;0;0;0;0;0;0;0;0;0;0;0;0;0;0;Regular Season;0;0;0;0;0;0;0;0;0;0
41065;1987;11;13; Arena;0;299;293;0;0;0;0;0;0;0;0;0;0;0;0;;;;0;0;0;0;0;0;0;0;0;0;0;0;0;0;0;0;0;0;0;0;0;0;0;0;Regular Season;0;0;0;0;0;0;0;0;0;0
41114;1987;11;14; Arena;0;287;290;0;0;0;0;0;0;0;0;0;0;0;0;;;;0;0;0;0;0;0;0;0;0;0;0;0;0;0;0;0;0;0;0;0;0;0;0;0;Regular Season;0;0;0;0;0;0;0;0;0;0
41312;1987;11;14; Arena;0;301;298;0;0;0;0;0;0;0;0;0;0;0;0;;;;0;0;0;0;0;0;0;0;0;0;0;0;0;0;0;0;0;0;0;0;0;0;0;0;Regular Season;0;0;0;0;0;0;0;0;0;0
41113;1987;11;14; Arena;0;284;288;0;0;0;0;0;0;0;0;0;0;0;0;;;;0;0;0;0;0;0;0;0;0;0;0;0;0;0;0;0;0;0;0;0;0;0;0;0;Regular Season;0;0;0;0;0;0;0;0;0;0
41003;1987;11;15; Arena;0;302;292;0;0;0;0;0;0;0;0;0;0;0;0;;;;0;0;0;0;0;0;0;0;0;0;0;0;0;0;0;0;0;0;0;0;0;0;0;0;Regular Season;0;0;0;0;0;0;0;0;0;0
41075;1987;11;15; Arena;0;286;300;0;0;0;0;0;0;0;0;0;0;0;0;;;;0;0;0;0;0;0;0;0;0;0;0;0;0;0;0;0;0;0;0;0;0;0;0;0;Regular Season;0;0;0;0;0;0;0;0;0;0
41496;1987;11;15; Arena;0;293;290;0;0;0;0;0;0;0;0;0;0;0;0;;;;0;0;0;0;0;0;0;0;0;0;0;0;0;0;0;0;0;0;0;0;0;0;0;0;Regular Season;0;0;0;0;0;0;0;0;0;0
41046;1987;11;16; Arena;0;296;285;0;0;0;0;0;0;0;0;0;0;0;0;;;;0;0;0;0;0;0;0;0;0;0;0;0;0;0;0;0;0;0;0;0;0;0;0;0;Regular Season;0;0;0;0;0;0;0;0;0;0
41054;1987;11;16; Arena;0;304;295;0;0;0;0;0;0;0;0;0;0;0;0;;;;0;0;0;0;0;0;0;0;0;0;0;0;0;0;0;0;0;0;0;0;0;0;0;0;Regular Season;0;0;0;0;0;0;0;0;0;0
41158;1987;11;16; Arena;0;292;291;0;0;0;0;0;0;0;0;0;0;0;0;;;;0;0;0;0;0;0;0;0;0;0;0;0;0;0;0;0;0;0;0;0;0;0;0;0;Regular Season;0;0;0;0;0;0;0;0;0;0
41041;1987;11;16; Arena;0;282;294;0;0;0;0;0;0;0;0;0;0;0;0;;;;0;0;0;0;0;0;0;0;0;0;0;0;0;0;0;0;0;0;0;0;0;0;0;0;Regular Season;0;0;0;0;0;0;0;0;0;0
41076;1987;11;16; Arena;0;293;300;0;0;0;0;0;0;0;0;0;0;0;0;;;;0;0;0;0;0;0;0;0;0;0;0;0;0;0;0;0;0;0;0;0;0;0;0;0;Regular Season;0;0;0;0;0;0;0;0;0;0
41053;1987;11;16; Arena;0;289;297;0;0;0;0;0;0;0;0;0;0;0;0;;;;0;0;0;0;0;0;0;0;0;0;0;0;0;0;0;0;0;0;0;0;0;0;0;0;Regular Season;0;0;0;0;0;0;0;0;0;0
41037;1987;11;17; Arena;0;294;295;0;0;0;0;0;0;0;0;0;0;0;0;;;;0;0;0;0;0;0;0;0;0;0;0;0;0;0;0;0;0;0;0;0;0;0;0;0;Regular Season;0;0;0;0;0;0;0;0;0;0
41141;1987;11;17; Arena;0;301;303;0;0;0;0;0;0;0;0;0;0;0;0;;;;0;0;0;0;0;0;0;0;0;0;0;0;0;0;0;0;0;0;0;0;0;0;0;0;Regular Season;0;0;0;0;0;0;0;0;0;0
41010;1987;11;17; Arena;0;285;283;0;0;0;0;0;0;0;0;0;0;0;0;;;;0;0;0;0;0;0;0;0;0;0;0;0;0;0;0;0;0;0;0;0;0;0;0;0;Regular Season;0;0;0;0;0;0;0;0;0;0
41081;1987;11;17; Arena;0;282;284;0;0;0;0;0;0;0;0;0;0;0;0;;;;0;0;0;0;0;0;0;0;0;0;0;0;0;0;0;0;0;0;0;0;0;0;0;0;Regular Season;0;0;0;0;0;0;0;0;0;0
41082;1987;11;17; Arena;0;297;287;0;0;0;0;0;0;0;0;0;0;0;0;;;;0;0;0;0;0;0;0;0;0;0;0;0;0;0;0;0;0;0;0;0;0;0;0;0;Regular Season;0;0;0;0;0;0;0;0;0;0
41012;1987;11;17; Arena;0;302;288;0;0;0;0;0;0;0;0;0;0;0;0;;;;0;0;0;0;0;0;0;0;0;0;0;0;0;0;0;0;0;0;0;0;0;0;0;0;Regular Season;0;0;0;0;0;0;0;0;0;0
41015;1987;11;17; Arena;0;305;296;0;0;0;0;0;0;0;0;0;0;0;0;;;;0;0;0;0;0;0;0;0;0;0;0;0;0;0;0;0;0;0;0;0;0;0;0;0;Regular Season;0;0;0;0;0;0;0;0;0;0
41128;1987;11;17; Arena;0;299;290;0;0;0;0;0;0;0;0;0;0;0;0;;;;0;0;0;0;0;0;0;0;0;0;0;0;0;0;0;0;0;0;0;0;0;0;0;0;Regular Season;0;0;0;0;0;0;0;0;0;0
41057;1987;11;17; Arena;0;304;298;0;0;0;0;0;0;0;0;0;0;0;0;;;;0;0;0;0;0;0;0;0;0;0;0;0;0;0;0;0;0;0;0;0;0;0;0;0;Regular Season;0;0;0;0;0;0;0;0;0;0
41753;1987;11;18; Arena;0;291;290;0;0;0;0;0;0;0;0;0;0;0;0;;;;0;0;0;0;0;0;0;0;0;0;0;0;0;0;0;0;0;0;0;0;0;0;0;0;Regular Season;0;0;0;0;0;0;0;0;0;0
41044;1987;11;19; Arena;0;283;301;0;0;0;0;0;0;0;0;0;0;0;0;;;;0;0;0;0;0;0;0;0;0;0;0;0;0;0;0;0;0;0;0;0;0;0;0;0;Regular Season;0;0;0;0;0;0;0;0;0;0
41222;1987;11;19; Arena;0;292;284;0;0;0;0;0;0;0;0;0;0;0;0;;;;0;0;0;0;0;0;0;0;0;0;0;0;0;0;0;0;0;0;0;0;0;0;0;0;Regular Season;0;0;0;0;0;0;0;0;0;0
41042;1987;11;19; Arena;0;295;298;0;0;0;0;0;0;0;0;0;0;0;0;;;;0;0;0;0;0;0;0;0;0;0;0;0;0;0;0;0;0;0;0;0;0;0;0;0;Regular Season;0;0;0;0;0;0;0;0;0;0
41090;1987;11;19; Arena;0;299;294;0;0;0;0;0;0;0;0;0;0;0;0;;;;0;0;0;0;0;0;0;0;0;0;0;0;0;0;0;0;0;0;0;0;0;0;0;0;Regular Season;0;0;0;0;0;0;0;0;0;0
41052;1987;11;19; Arena;0;291;296;0;0;0;0;0;0;0;0;0;0;0;0;;;;0;0;0;0;0;0;0;0;0;0;0;0;0;0;0;0;0;0;0;0;0;0;0;0;Regular Season;0;0;0;0;0;0;0;0;0;0
41176;1987;11;19; Arena;0;297;286;0;0;0;0;0;0;0;0;0;0;0;0;;;;0;0;0;0;0;0;0;0;0;0;0;0;0;0;0;0;0;0;0;0;0;0;0;0;Regular Season;0;0;0;0;0;0;0;0;0;0
41017;1987;11;19; Arena;0;282;302;0;0;0;0;0;0;0;0;0;0;0;0;;;;0;0;0;0;0;0;0;0;0;0;0;0;0;0;0;0;0;0;0;0;0;0;0;0;Regular Season;0;0;0;0;0;0;0;0;0;0
41063;1987;11;19; Arena;0;305;287;0;0;0;0;0;0;0;0;0;0;0;0;;;;0;0;0;0;0;0;0;0;0;0;0;0;0;0;0;0;0;0;0;0;0;0;0;0;Regular Season;0;0;0;0;0;0;0;0;0;0
41026;1987;11;20; Arena;0;302;289;0;0;0;0;0;0;0;0;0;0;0;0;;;;0;0;0;0;0;0;0;0;0;0;0;0;0;0;0;0;0;0;0;0;0;0;0;0;Regular Season;0;0;0;0;0;0;0;0;0;0
41097;1987;11;20; Arena;0;298;288;0;0;0;0;0;0;0;0;0;0;0;0;;;;0;0;0;0;0;0;0;0;0;0;0;0;0;0;0;0;0;0;0;0;0;0;0;0;Regular Season;0;0;0;0;0;0;0;0;0;0
41080;1987;11;20; Arena;0;305;303;0;0;0;0;0;0;0;0;0;0;0;0;;;;0;0;0;0;0;0;0;0;0;0;0;0;0;0;0;0;0;0;0;0;0;0;0;0;Regular Season;0;0;0;0;0;0;0;0;0;0
41498;1987;11;20; Arena;0;294;295;0;0;0;0;0;0;0;0;0;0;0;0;;;;0;0;0;0;0;0;0;0;0;0;0;0;0;0;0;0;0;0;0;0;0;0;0;0;Regular Season;0;0;0;0;0;0;0;0;0;0
41088;1987;11;20; Arena;0;304;290;0;0;0;0;0;0;0;0;0;0;0;0;;;;0;0;0;0;0;0;0;0;0;0;0;0;0;0;0;0;0;0;0;0;0;0;0;0;Regular Season;0;0;0;0;0;0;0;0;0;0
41208;1987;11;20; Arena;0;292;301;0;0;0;0;0;0;0;0;0;0;0;0;;;;0;0;0;0;0;0;0;0;0;0;0;0;0;0;0;0;0;0;0;0;0;0;0;0;Regular Season;0;0;0;0;0;0;0;0;0;0
41030;1987;11;20; Arena;0;284;283;0;0;0;0;0;0;0;0;0;0;0;0;;;;0;0;0;0;0;0;0;0;0;0;0;0;0;0;0;0;0;0;0;0;0;0;0;0;Regular Season;0;0;0;0;0;0;0;0;0;0
41110;1987;11;20; Arena;0;285;300;0;0;0;0;0;0;0;0;0;0;0;0;;;;0;0;0;0;0;0;0;0;0;0;0;0;0;0;0;0;0;0;0;0;0;0;0;0;Regular Season;0;0;0;0;0;0;0;0;0;0
41117;1987;11;21; Arena;0;299;288;0;0;0;0;0;0;0;0;0;0;0;0;;;;0;0;0;0;0;0;0;0;0;0;0;0;0;0;0;0;0;0;0;0;0;0;0;0;Regular Season;0;0;0;0;0;0;0;0;0;0
41245;1987;11;21; Arena;0;303;286;0;0;0;0;0;0;0;0;0;0;0;0;;;;0;0;0;0;0;0;0;0;0;0;0;0;0;0;0;0;0;0;0;0;0;0;0;0;Regular Season;0;0;0;0;0;0;0;0;0;0
41067;1987;11;22; Arena;0;291;289;0;0;0;0;0;0;0;0;0;0;0;0;;;;0;0;0;0;0;0;0;0;0;0;0;0;0;0;0;0;0;0;0;0;0;0;0;0;Regular Season;0;0;0;0;0;0;0;0;0;0
41118;1987;11;22; Arena;0;287;300;0;0;0;0;0;0;0;0;0;0;0;0;;;;0;0;0;0;0;0;0;0;0;0;0;0;0;0;0;0;0;0;0;0;0;0;0;0;Regular Season;0;0;0;0;0;0;0;0;0;0
41426;1987;11;22; Arena;0;290;286;0;0;0;0;0;0;0;0;0;0;0;0;;;;0;0;0;0;0;0;0;0;0;0;0;0;0;0;0;0;0;0;0;0;0;0;0;0;Regular Season;0;0;0;0;0;0;0;0;0;0
41039;1987;11;23; Arena;0;298;302;0;0;0;0;0;0;0;0;0;0;0;0;;;;0;0;0;0;0;0;0;0;0;0;0;0;0;0;0;0;0;0;0;0;0;0;0;0;Regular Season;0;0;0;0;0;0;0;0;0;0
41059;1987;11;23; Arena;0;285;283;0;0;0;0;0;0;0;0;0;0;0;0;;;;0;0;0;0;0;0;0;0;0;0;0;0;0;0;0;0;0;0;0;0;0;0;0;0;Regular Season;0;0;0;0;0;0;0;0;0;0
41133;1987;11;23; Arena;0;297;294;0;0;0;0;0;0;0;0;0;0;0;0;;;;0;0;0;0;0;0;0;0;0;0;0;0;0;0;0;0;0;0;0;0;0;0;0;0;Regular Season;0;0;0;0;0;0;0;0;0;0
41132;1987;11;23; Arena;0;282;290;0;0;0;0;0;0;0;0;0;0;0;0;;;;0;0;0;0;0;0;0;0;0;0;0;0;0;0;0;0;0;0;0;0;0;0;0;0;Regular Season;0;0;0;0;0;0;0;0;0;0
41254;1987;11;23; Arena;0;304;303;0;0;0;0;0;0;0;0;0;0;0;0;;;;0;0;0;0;0;0;0;0;0;0;0;0;0;0;0;0;0;0;0;0;0;0;0;0;Regular Season;0;0;0;0;0;0;0;0;0;0
41096;1987;11;23; Arena;0;305;299;0;0;0;0;0;0;0;0;0;0;0;0;;;;0;0;0;0;0;0;0;0;0;0;0;0;0;0;0;0;0;0;0;0;0;0;0;0;Regular Season;0;0;0;0;0;0;0;0;0;0
41324;1987;11;24; Arena;0;292;291;0;0;0;0;0;0;0;0;0;0;0;0;;;;0;0;0;0;0;0;0;0;0;0;0;0;0;0;0;0;0;0;0;0;0;0;0;0;Regular Season;0;0;0;0;0;0;0;0;0;0
41480;1987;11;24; Arena;0;301;286;0;0;0;0;0;0;0;0;0;0;0;0;;;;0;0;0;0;0;0;0;0;0;0;0;0;0;0;0;0;0;0;0;0;0;0;0;0;Regular Season;0;0;0;0;0;0;0;0;0;0
41098;1987;11;24; Arena;0;294;300;0;0;0;0;0;0;0;0;0;0;0;0;;;;0;0;0;0;0;0;0;0;0;0;0;0;0;0;0;0;0;0;0;0;0;0;0;0;Regular Season;0;0;0;0;0;0;0;0;0;0
41104;1987;11;24; Arena;0;304;298;0;0;0;0;0;0;0;0;0;0;0;0;;;;0;0;0;0;0;0;0;0;0;0;0;0;0;0;0;0;0;0;0;0;0;0;0;0;Regular Season;0;0;0;0;0;0;0;0;0;0
41079;1987;11;24; Arena;0;296;303;0;0;0;0;0;0;0;0;0;0;0;0;;;;0;0;0;0;0;0;0;0;0;0;0;0;0;0;0;0;0;0;0;0;0;0;0;0;Regular Season;0;0;0;0;0;0;0;0;0;0
41124;1987;11;24; Arena;0;288;282;0;0;0;0;0;0;0;0;0;0;0;0;;;;0;0;0;0;0;0;0;0;0;0;0;0;0;0;0;0;0;0;0;0;0;0;0;0;Regular Season;0;0;0;0;0;0;0;0;0;0
41119;1987;11;24; Arena;0;305;285;0;0;0;0;0;0;0;0;0;0;0;0;;;;0;0;0;0;0;0;0;0;0;0;0;0;0;0;0;0;0;0;0;0;0;0;0;0;Regular Season;0;0;0;0;0;0;0;0;0;0
41036;1987;11;24; Arena;0;302;297;0;0;0;0;0;0;0;0;0;0;0;0;;;;0;0;0;0;0;0;0;0;0;0;0;0;0;0;0;0;0;0;0;0;0;0;0;0;Regular Season;0;0;0;0;0;0;0;0;0;0
41085;1987;11;24; Arena;0;289;293;0;0;0;0;0;0;0;0;0;0;0;0;;;;0;0;0;0;0;0;0;0;0;0;0;0;0;0;0;0;0;0;0;0;0;0;0;0;Regular Season;0;0;0;0;0;0;0;0;0;0
41068;1987;11;24; Arena;0;295;287;0;0;0;0;0;0;0;0;0;0;0;0;;;;0;0;0;0;0;0;0;0;0;0;0;0;0;0;0;0;0;0;0;0;0;0;0;0;Regular Season;0;0;0;0;0;0;0;0;0;0
41171;1987;11;25; Arena;0;299;292;0;0;0;0;0;0;0;0;0;0;0;0;;;;0;0;0;0;0;0;0;0;0;0;0;0;0;0;0;0;0;0;0;0;0;0;0;0;Regular Season;0;0;0;0;0;0;0;0;0;0
41216;1987;11;25; Arena;0;287;284;0;0;0;0;0;0;0;0;0;0;0;0;;;;0;0;0;0;0;0;0;0;0;0;0;0;0;0;0;0;0;0;0;0;0;0;0;0;Regular Season;0;0;0;0;0;0;0;0;0;0
41069;1987;11;25; Arena;0;288;296;0;0;0;0;0;0;0;0;0;0;0;0;;;;0;0;0;0;0;0;0;0;0;0;0;0;0;0;0;0;0;0;0;0;0;0;0;0;Regular Season;0;0;0;0;0;0;0;0;0;0
41766;1987;11;25; Arena;0;290;283;0;0;0;0;0;0;0;0;0;0;0;0;;;;0;0;0;0;0;0;0;0;0;0;0;0;0;0;0;0;0;0;0;0;0;0;0;0;Regular Season;0;0;0;0;0;0;0;0;0;0
41070;1987;11;26; Arena;0;289;284;0;0;0;0;0;0;0;0;0;0;0;0;;;;0;0;0;0;0;0;0;0;0;0;0;0;0;0;0;0;0;0;0;0;0;0;0;0;Regular Season;0;0;0;0;0;0;0;0;0;0
41166;1987;11;26; Arena;0;291;294;0;0;0;0;0;0;0;0;0;0;0;0;;;;0;0;0;0;0;0;0;0;0;0;0;0;0;0;0;0;0;0;0;0;0;0;0;0;Regular Season;0;0;0;0;0;0;0;0;0;0
41143;1987;11;26; Arena;0;285;290;0;0;0;0;0;0;0;0;0;0;0;0;;;;0;0;0;0;0;0;0;0;0;0;0;0;0;0;0;0;0;0;0;0;0;0;0;0;Regular Season;0;0;0;0;0;0;0;0;0;0
41537;1987;11;26; Arena;0;286;301;0;0;0;0;0;0;0;0;0;0;0;0;;;;0;0;0;0;0;0;0;0;0;0;0;0;0;0;0;0;0;0;0;0;0;0;0;0;Regular Season;0;0;0;0;0;0;0;0;0;0
41137;1987;11;26; Arena;0;300;305;0;0;0;0;0;0;0;0;0;0;0;0;;;;0;0;0;0;0;0;0;0;0;0;0;0;0;0;0;0;0;0;0;0;0;0;0;0;Regular Season;0;0;0;0;0;0;0;0;0;0
41136;1987;11;26; Arena;0;303;282;0;0;0;0;0;0;0;0;0;0;0;0;;;;0;0;0;0;0;0;0;0;0;0;0;0;0;0;0;0;0;0;0;0;0;0;0;0;Regular Season;0;0;0;0;0;0;0;0;0;0
41083;1987;11;26; Arena;0;298;283;0;0;0;0;0;0;0;0;0;0;0;0;;;;0;0;0;0;0;0;0;0;0;0;0;0;0;0;0;0;0;0;0;0;0;0;0;0;Regular Season;0;0;0;0;0;0;0;0;0;0
41154;1987;11;26; Arena;0;293;299;0;0;0;0;0;0;0;0;0;0;0;0;;;;0;0;0;0;0;0;0;0;0;0;0;0;0;0;0;0;0;0;0;0;0;0;0;0;Regular Season;0;0;0;0;0;0;0;0;0;0
41064;1987;11;27; Arena;0;295;297;0;0;0;0;0;0;0;0;0;0;0;0;;;;0;0;0;0;0;0;0;0;0;0;0;0;0;0;0;0;0;0;0;0;0;0;0;0;Regular Season;0;0;0;0;0;0;0;0;0;0
41182;1987;11;27; Arena;0;286;304;0;0;0;0;0;0;0;0;0;0;0;0;;;;0;0;0;0;0;0;0;0;0;0;0;0;0;0;0;0;0;0;0;0;0;0;0;0;Regular Season;0;0;0;0;0;0;0;0;0;0
41262;1987;11;27; Arena;0;292;293;0;0;0;0;0;0;0;0;0;0;0;0;;;;0;0;0;0;0;0;0;0;0;0;0;0;0;0;0;0;0;0;0;0;0;0;0;0;Regular Season;0;0;0;0;0;0;0;0;0;0
41747;1987;11;27; Arena;0;302;305;0;0;0;0;0;0;0;0;0;0;0;0;;;;0;0;0;0;0;0;0;0;0;0;0;0;0;0;0;0;0;0;0;0;0;0;0;0;Regular Season;0;0;0;0;0;0;0;0;0;0
41223;1987;11;28; Arena;0;290;287;0;0;0;0;0;0;0;0;0;0;0;0;;;;0;0;0;0;0;0;0;0;0;0;0;0;0;0;0;0;0;0;0;0;0;0;0;0;Regular Season;0;0;0;0;0;0;0;0;0;0
41513;1987;11;28; Arena;0;303;299;0;0;0;0;0;0;0;0;0;0;0;0;;;;0;0;0;0;0;0;0;0;0;0;0;0;0;0;0;0;0;0;0;0;0;0;0;0;Regular Season;0;0;0;0;0;0;0;0;0;0
41028;1987;11;28; Arena;0;301;302;0;0;0;0;0;0;0;0;0;0;0;0;;;;0;0;0;0;0;0;0;0;0;0;0;0;0;0;0;0;0;0;0;0;0;0;0;0;Regular Season;0;0;0;0;0;0;0;0;0;0
41089;1987;11;28; Arena;0;283;289;0;0;0;0;0;0;0;0;0;0;0;0;;;;0;0;0;0;0;0;0;0;0;0;0;0;0;0;0;0;0;0;0;0;0;0;0;0;Regular Season;0;0;0;0;0;0;0;0;0;0
41061;1987;11;28; Arena;0;296;295;0;0;0;0;0;0;0;0;0;0;0;0;;;;0;0;0;0;0;0;0;0;0;0;0;0;0;0;0;0;0;0;0;0;0;0;0;0;Regular Season;0;0;0;0;0;0;0;0;0;0
41130;1987;11;28; Arena;0;284;300;0;0;0;0;0;0;0;0;0;0;0;0;;;;0;0;0;0;0;0;0;0;0;0;0;0;0;0;0;0;0;0;0;0;0;0;0;0;Regular Season;0;0;0;0;0;0;0;0;0;0
41792;1987;11;29; Arena;0;293;298;0;0;0;0;0;0;0;0;0;0;0;0;;;;0;0;0;0;0;0;0;0;0;0;0;0;0;0;0;0;0;0;0;0;0;0;0;0;Regular Season;0;0;0;0;0;0;0;0;0;0
41138;1987;11;29; Arena;0;291;288;0;0;0;0;0;0;0;0;0;0;0;0;;;;0;0;0;0;0;0;0;0;0;0;0;0;0;0;0;0;0;0;0;0;0;0;0;0;Regular Season;0;0;0;0;0;0;0;0;0;0
41093;1987;11;30; Arena;0;289;292;0;0;0;0;0;0;0;0;0;0;0;0;;;;0;0;0;0;0;0;0;0;0;0;0;0;0;0;0;0;0;0;0;0;0;0;0;0;Regular Season;0;0;0;0;0;0;0;0;0;0
41134;1987;11;30; Arena;0;304;296;0;0;0;0;0;0;0;0;0;0;0;0;;;;0;0;0;0;0;0;0;0;0;0;0;0;0;0;0;0;0;0;0;0;0;0;0;0;Regular Season;0;0;0;0;0;0;0;0;0;0
41178;1987;11;30; Arena;0;297;284;0;0;0;0;0;0;0;0;0;0;0;0;;;;0;0;0;0;0;0;0;0;0;0;0;0;0;0;0;0;0;0;0;0;0;0;0;0;Regular Season;0;0;0;0;0;0;0;0;0;0
41086;1987;11;30; Arena;0;283;295;0;0;0;0;0;0;0;0;0;0;0;0;;;;0;0;0;0;0;0;0;0;0;0;0;0;0;0;0;0;0;0;0;0;0;0;0;0;Regular Season;0;0;0;0;0;0;0;0;0;0
41152;1987;11;30; Arena;0;286;282;0;0;0;0;0;0;0;0;0;0;0;0;;;;0;0;0;0;0;0;0;0;0;0;0;0;0;0;0;0;0;0;0;0;0;0;0;0;Regular Season;0;0;0;0;0;0;0;0;0;0
41073;1987;11;30; Arena;0;302;301;0;0;0;0;0;0;0;0;0;0;0;0;;;;0;0;0;0;0;0;0;0;0;0;0;0;0;0;0;0;0;0;0;0;0;0;0;0;Regular Season;0;0;0;0;0;0;0;0;0;0
41142;1987;12;1; Arena;0;296;299;0;0;0;0;0;0;0;0;0;0;0;0;;;;0;0;0;0;0;0;0;0;0;0;0;0;0;0;0;0;0;0;0;0;0;0;0;0;Regular Season;0;0;0;0;0;0;0;0;0;0
41151;1987;12;1; Arena;0;301;303;0;0;0;0;0;0;0;0;0;0;0;0;;;;0;0;0;0;0;0;0;0;0;0;0;0;0;0;0;0;0;0;0;0;0;0;0;0;Regular Season;0;0;0;0;0;0;0;0;0;0
41115;1987;12;1; Arena;0;283;287;0;0;0;0;0;0;0;0;0;0;0;0;;;;0;0;0;0;0;0;0;0;0;0;0;0;0;0;0;0;0;0;0;0;0;0;0;0;Regular Season;0;0;0;0;0;0;0;0;0;0
41120;1987;12;1; Arena;0;298;288;0;0;0;0;0;0;0;0;0;0;0;0;;;;0;0;0;0;0;0;0;0;0;0;0;0;0;0;0;0;0;0;0;0;0;0;0;0;Regular Season;0;0;0;0;0;0;0;0;0;0
41092;1987;12;1; Arena;0;289;294;0;0;0;0;0;0;0;0;0;0;0;0;;;;0;0;0;0;0;0;0;0;0;0;0;0;0;0;0;0;0;0;0;0;0;0;0;0;Regular Season;0;0;0;0;0;0;0;0;0;0
41099;1987;12;1; Arena;0;295;291;0;0;0;0;0;0;0;0;0;0;0;0;;;;0;0;0;0;0;0;0;0;0;0;0;0;0;0;0;0;0;0;0;0;0;0;0;0;Regular Season;0;0;0;0;0;0;0;0;0;0
41145;1987;12;1; Arena;0;304;300;0;0;0;0;0;0;0;0;0;0;0;0;;;;0;0;0;0;0;0;0;0;0;0;0;0;0;0;0;0;0;0;0;0;0;0;0;0;Regular Season;0;0;0;0;0;0;0;0;0;0
41077;1987;12;1; Arena;0;297;302;0;0;0;0;0;0;0;0;0;0;0;0;;;;0;0;0;0;0;0;0;0;0;0;0;0;0;0;0;0;0;0;0;0;0;0;0;0;Regular Season;0;0;0;0;0;0;0;0;0;0
41155;1987;12;1; Arena;0;293;305;0;0;0;0;0;0;0;0;0;0;0;0;;;;0;0;0;0;0;0;0;0;0;0;0;0;0;0;0;0;0;0;0;0;0;0;0;0;Regular Season;0;0;0;0;0;0;0;0;0;0
41251;1987;12;2; Arena;0;294;290;0;0;0;0;0;0;0;0;0;0;0;0;;;;0;0;0;0;0;0;0;0;0;0;0;0;0;0;0;0;0;0;0;0;0;0;0;0;Regular Season;0;0;0;0;0;0;0;0;0;0
41181;1987;12;2; Arena;0;287;285;0;0;0;0;0;0;0;0;0;0;0;0;;;;0;0;0;0;0;0;0;0;0;0;0;0;0;0;0;0;0;0;0;0;0;0;0;0;Regular Season;0;0;0;0;0;0;0;0;0;0
41149;1987;12;3; Arena;0;285;301;0;0;0;0;0;0;0;0;0;0;0;0;;;;0;0;0;0;0;0;0;0;0;0;0;0;0;0;0;0;0;0;0;0;0;0;0;0;Regular Season;0;0;0;0;0;0;0;0;0;0
41215;1987;12;3; Arena;0;304;305;0;0;0;0;0;0;0;0;0;0;0;0;;;;0;0;0;0;0;0;0;0;0;0;0;0;0;0;0;0;0;0;0;0;0;0;0;0;Regular Season;0;0;0;0;0;0;0;0;0;0
41146;1987;12;3; Arena;0;299;296;0;0;0;0;0;0;0;0;0;0;0;0;;;;0;0;0;0;0;0;0;0;0;0;0;0;0;0;0;0;0;0;0;0;0;0;0;0;Regular Season;0;0;0;0;0;0;0;0;0;0
41105;1987;12;3; Arena;0;282;302;0;0;0;0;0;0;0;0;0;0;0;0;;;;0;0;0;0;0;0;0;0;0;0;0;0;0;0;0;0;0;0;0;0;0;0;0;0;Regular Season;0;0;0;0;0;0;0;0;0;0
41094;1987;12;3; Arena;0;286;289;0;0;0;0;0;0;0;0;0;0;0;0;;;;0;0;0;0;0;0;0;0;0;0;0;0;0;0;0;0;0;0;0;0;0;0;0;0;Regular Season;0;0;0;0;0;0;0;0;0;0
41139;1987;12;3; Arena;0;293;300;0;0;0;0;0;0;0;0;0;0;0;0;;;;0;0;0;0;0;0;0;0;0;0;0;0;0;0;0;0;0;0;0;0;0;0;0;0;Regular Season;0;0;0;0;0;0;0;0;0;0
41190;1987;12;3; Arena;0;290;297;0;0;0;0;0;0;0;0;0;0;0;0;;;;0;0;0;0;0;0;0;0;0;0;0;0;0;0;0;0;0;0;0;0;0;0;0;0;Regular Season;0;0;0;0;0;0;0;0;0;0
41700;1987;12;3; Arena;0;291;292;0;0;0;0;0;0;0;0;0;0;0;0;;;;0;0;0;0;0;0;0;0;0;0;0;0;0;0;0;0;0;0;0;0;0;0;0;0;Regular Season;0;0;0;0;0;0;0;0;0;0
41084;1987;12;3; Arena;0;295;303;0;0;0;0;0;0;0;0;0;0;0;0;;;;0;0;0;0;0;0;0;0;0;0;0;0;0;0;0;0;0;0;0;0;0;0;0;0;Regular Season;0;0;0;0;0;0;0;0;0;0
41280;1987;12;4; Arena;0;294;284;0;0;0;0;0;0;0;0;0;0;0;0;;;;0;0;0;0;0;0;0;0;0;0;0;0;0;0;0;0;0;0;0;0;0;0;0;0;Regular Season;0;0;0;0;0;0;0;0;0;0
41123;1987;12;4; Arena;0;298;282;0;0;0;0;0;0;0;0;0;0;0;0;;;;0;0;0;0;0;0;0;0;0;0;0;0;0;0;0;0;0;0;0;0;0;0;0;0;Regular Season;0;0;0;0;0;0;0;0;0;0
41231;1987;12;4; Arena;0;305;286;0;0;0;0;0;0;0;0;0;0;0;0;;;;0;0;0;0;0;0;0;0;0;0;0;0;0;0;0;0;0;0;0;0;0;0;0;0;Regular Season;0;0;0;0;0;0;0;0;0;0
41241;1987;12;4; Arena;0;288;292;0;0;0;0;0;0;0;0;0;0;0;0;;;;0;0;0;0;0;0;0;0;0;0;0;0;0;0;0;0;0;0;0;0;0;0;0;0;Regular Season;0;0;0;0;0;0;0;0;0;0
41379;1987;12;4; Arena;0;296;297;0;0;0;0;0;0;0;0;0;0;0;0;;;;0;0;0;0;0;0;0;0;0;0;0;0;0;0;0;0;0;0;0;0;0;0;0;0;Regular Season;0;0;0;0;0;0;0;0;0;0
41140;1987;12;5; Arena;0;290;300;0;0;0;0;0;0;0;0;0;0;0;0;;;;0;0;0;0;0;0;0;0;0;0;0;0;0;0;0;0;0;0;0;0;0;0;0;0;Regular Season;0;0;0;0;0;0;0;0;0;0
41125;1987;12;5; Arena;0;303;298;0;0;0;0;0;0;0;0;0;0;0;0;;;;0;0;0;0;0;0;0;0;0;0;0;0;0;0;0;0;0;0;0;0;0;0;0;0;Regular Season;0;0;0;0;0;0;0;0;0;0
41109;1987;12;5; Arena;0;299;283;0;0;0;0;0;0;0;0;0;0;0;0;;;;0;0;0;0;0;0;0;0;0;0;0;0;0;0;0;0;0;0;0;0;0;0;0;0;Regular Season;0;0;0;0;0;0;0;0;0;0
41177;1987;12;5; Arena;0;293;294;0;0;0;0;0;0;0;0;0;0;0;0;;;;0;0;0;0;0;0;0;0;0;0;0;0;0;0;0;0;0;0;0;0;0;0;0;0;Regular Season;0;0;0;0;0;0;0;0;0;0
41229;1987;12;5; Arena;0;284;285;0;0;0;0;0;0;0;0;0;0;0;0;;;;0;0;0;0;0;0;0;0;0;0;0;0;0;0;0;0;0;0;0;0;0;0;0;0;Regular Season;0;0;0;0;0;0;0;0;0;0
41189;1987;12;5; Arena;0;287;288;0;0;0;0;0;0;0;0;0;0;0;0;;;;0;0;0;0;0;0;0;0;0;0;0;0;0;0;0;0;0;0;0;0;0;0;0;0;Regular Season;0;0;0;0;0;0;0;0;0;0
41147;1987;12;7; Arena;0;298;305;0;0;0;0;0;0;0;0;0;0;0;0;;;;0;0;0;0;0;0;0;0;0;0;0;0;0;0;0;0;0;0;0;0;0;0;0;0;Regular Season;0;0;0;0;0;0;0;0;0;0
41160;1987;12;7; Arena;0;300;299;0;0;0;0;0;0;0;0;0;0;0;0;;;;0;0;0;0;0;0;0;0;0;0;0;0;0;0;0;0;0;0;0;0;0;0;0;0;Regular Season;0;0;0;0;0;0;0;0;0;0
41264;1987;12;7; Arena;0;285;292;0;0;0;0;0;0;0;0;0;0;0;0;;;;0;0;0;0;0;0;0;0;0;0;0;0;0;0;0;0;0;0;0;0;0;0;0;0;Regular Season;0;0;0;0;0;0;0;0;0;0
41111;1987;12;7; Arena;0;295;301;0;0;0;0;0;0;0;0;0;0;0;0;;;;0;0;0;0;0;0;0;0;0;0;0;0;0;0;0;0;0;0;0;0;0;0;0;0;Regular Season;0;0;0;0;0;0;0;0;0;0
41148;1987;12;7; Arena;0;294;296;0;0;0;0;0;0;0;0;0;0;0;0;;;;0;0;0;0;0;0;0;0;0;0;0;0;0;0;0;0;0;0;0;0;0;0;0;0;Regular Season;0;0;0;0;0;0;0;0;0;0
41271;1987;12;8; Arena;0;304;286;0;0;0;0;0;0;0;0;0;0;0;0;;;;0;0;0;0;0;0;0;0;0;0;0;0;0;0;0;0;0;0;0;0;0;0;0;0;Regular Season;0;0;0;0;0;0;0;0;0;0
41157;1987;12;8; Arena;0;285;282;0;0;0;0;0;0;0;0;0;0;0;0;;;;0;0;0;0;0;0;0;0;0;0;0;0;0;0;0;0;0;0;0;0;0;0;0;0;Regular Season;0;0;0;0;0;0;0;0;0;0
41232;1987;12;8; Arena;0;291;297;0;0;0;0;0;0;0;0;0;0;0;0;;;;0;0;0;0;0;0;0;0;0;0;0;0;0;0;0;0;0;0;0;0;0;0;0;0;Regular Season;0;0;0;0;0;0;0;0;0;0
41107;1987;12;8; Arena;0;289;292;0;0;0;0;0;0;0;0;0;0;0;0;;;;0;0;0;0;0;0;0;0;0;0;0;0;0;0;0;0;0;0;0;0;0;0;0;0;Regular Season;0;0;0;0;0;0;0;0;0;0
41246;1987;12;8; Arena;0;303;284;0;0;0;0;0;0;0;0;0;0;0;0;;;;0;0;0;0;0;0;0;0;0;0;0;0;0;0;0;0;0;0;0;0;0;0;0;0;Regular Season;0;0;0;0;0;0;0;0;0;0
41150;1987;12;8; Arena;0;298;300;0;0;0;0;0;0;0;0;0;0;0;0;;;;0;0;0;0;0;0;0;0;0;0;0;0;0;0;0;0;0;0;0;0;0;0;0;0;Regular Season;0;0;0;0;0;0;0;0;0;0
41129;1987;12;8; Arena;0;293;283;0;0;0;0;0;0;0;0;0;0;0;0;;;;0;0;0;0;0;0;0;0;0;0;0;0;0;0;0;0;0;0;0;0;0;0;0;0;Regular Season;0;0;0;0;0;0;0;0;0;0
41198;1987;12;8; Arena;0;301;294;0;0;0;0;0;0;0;0;0;0;0;0;;;;0;0;0;0;0;0;0;0;0;0;0;0;0;0;0;0;0;0;0;0;0;0;0;0;Regular Season;0;0;0;0;0;0;0;0;0;0
41112;1987;12;8; Arena;0;296;302;0;0;0;0;0;0;0;0;0;0;0;0;;;;0;0;0;0;0;0;0;0;0;0;0;0;0;0;0;0;0;0;0;0;0;0;0;0;Regular Season;0;0;0;0;0;0;0;0;0;0
41173;1987;12;9; Arena;0;289;288;0;0;0;0;0;0;0;0;0;0;0;0;;;;0;0;0;0;0;0;0;0;0;0;0;0;0;0;0;0;0;0;0;0;0;0;0;0;Regular Season;0;0;0;0;0;0;0;0;0;0
41196;1987;12;9; Arena;0;287;299;0;0;0;0;0;0;0;0;0;0;0;0;;;;0;0;0;0;0;0;0;0;0;0;0;0;0;0;0;0;0;0;0;0;0;0;0;0;Regular Season;0;0;0;0;0;0;0;0;0;0
41275;1987;12;10; Arena;0;288;290;0;0;0;0;0;0;0;0;0;0;0;0;;;;0;0;0;0;0;0;0;0;0;0;0;0;0;0;0;0;0;0;0;0;0;0;0;0;Regular Season;0;0;0;0;0;0;0;0;0;0
41288;1987;12;10; Arena;0;294;292;0;0;0;0;0;0;0;0;0;0;0;0;;;;0;0;0;0;0;0;0;0;0;0;0;0;0;0;0;0;0;0;0;0;0;0;0;0;Regular Season;0;0;0;0;0;0;0;0;0;0
41258;1987;12;10; Arena;0;293;291;0;0;0;0;0;0;0;0;0;0;0;0;;;;0;0;0;0;0;0;0;0;0;0;0;0;0;0;0;0;0;0;0;0;0;0;0;0;Regular Season;0;0;0;0;0;0;0;0;0;0
41108;1987;12;10; Arena;0;302;305;0;0;0;0;0;0;0;0;0;0;0;0;;;;0;0;0;0;0;0;0;0;0;0;0;0;0;0;0;0;0;0;0;0;0;0;0;0;Regular Season;0;0;0;0;0;0;0;0;0;0
41101;1987;12;10; Arena;0;287;295;0;0;0;0;0;0;0;0;0;0;0;0;;;;0;0;0;0;0;0;0;0;0;0;0;0;0;0;0;0;0;0;0;0;0;0;0;0;Regular Season;0;0;0;0;0;0;0;0;0;0
41162;1987;12;10; Arena;0;286;282;0;0;0;0;0;0;0;0;0;0;0;0;;;;0;0;0;0;0;0;0;0;0;0;0;0;0;0;0;0;0;0;0;0;0;0;0;0;Regular Season;0;0;0;0;0;0;0;0;0;0
41144;1987;12;10; Arena;0;303;296;0;0;0;0;0;0;0;0;0;0;0;0;;;;0;0;0;0;0;0;0;0;0;0;0;0;0;0;0;0;0;0;0;0;0;0;0;0;Regular Season;0;0;0;0;0;0;0;0;0;0
41180;1987;12;10; Arena;0;284;299;0;0;0;0;0;0;0;0;0;0;0;0;;;;0;0;0;0;0;0;0;0;0;0;0;0;0;0;0;0;0;0;0;0;0;0;0;0;Regular Season;0;0;0;0;0;0;0;0;0;0
41135;1987;12;10; Arena;0;304;283;0;0;0;0;0;0;0;0;0;0;0;0;;;;0;0;0;0;0;0;0;0;0;0;0;0;0;0;0;0;0;0;0;0;0;0;0;0;Regular Season;0;0;0;0;0;0;0;0;0;0
41126;1987;12;11; Arena;0;298;297;0;0;0;0;0;0;0;0;0;0;0;0;;;;0;0;0;0;0;0;0;0;0;0;0;0;0;0;0;0;0;0;0;0;0;0;0;0;Regular Season;0;0;0;0;0;0;0;0;0;0
41116;1987;12;11; Arena;0;302;285;0;0;0;0;0;0;0;0;0;0;0;0;;;;0;0;0;0;0;0;0;0;0;0;0;0;0;0;0;0;0;0;0;0;0;0;0;0;Regular Season;0;0;0;0;0;0;0;0;0;0
41224;1987;12;11; Arena;0;284;300;0;0;0;0;0;0;0;0;0;0;0;0;;;;0;0;0;0;0;0;0;0;0;0;0;0;0;0;0;0;0;0;0;0;0;0;0;0;Regular Season;0;0;0;0;0;0;0;0;0;0
41296;1987;12;11; Arena;0;293;291;0;0;0;0;0;0;0;0;0;0;0;0;;;;0;0;0;0;0;0;0;0;0;0;0;0;0;0;0;0;0;0;0;0;0;0;0;0;Regular Season;0;0;0;0;0;0;0;0;0;0
41291;1987;12;12; Arena;0;303;287;0;0;0;0;0;0;0;0;0;0;0;0;;;;0;0;0;0;0;0;0;0;0;0;0;0;0;0;0;0;0;0;0;0;0;0;0;0;Regular Season;0;0;0;0;0;0;0;0;0;0
41131;1987;12;12; Arena;0;283;305;0;0;0;0;0;0;0;0;0;0;0;0;;;;0;0;0;0;0;0;0;0;0;0;0;0;0;0;0;0;0;0;0;0;0;0;0;0;Regular Season;0;0;0;0;0;0;0;0;0;0
41193;1987;12;12; Arena;0;289;301;0;0;0;0;0;0;0;0;0;0;0;0;;;;0;0;0;0;0;0;0;0;0;0;0;0;0;0;0;0;0;0;0;0;0;0;0;0;Regular Season;0;0;0;0;0;0;0;0;0;0
41159;1987;12;12; Arena;0;282;304;0;0;0;0;0;0;0;0;0;0;0;0;;;;0;0;0;0;0;0;0;0;0;0;0;0;0;0;0;0;0;0;0;0;0;0;0;0;Regular Season;0;0;0;0;0;0;0;0;0;0
41799;1987;12;12; Arena;0;296;298;0;0;0;0;0;0;0;0;0;0;0;0;;;;0;0;0;0;0;0;0;0;0;0;0;0;0;0;0;0;0;0;0;0;0;0;0;0;Regular Season;0;0;0;0;0;0;0;0;0;0
41367;1987;12;12; Arena;0;297;288;0;0;0;0;0;0;0;0;0;0;0;0;;;;0;0;0;0;0;0;0;0;0;0;0;0;0;0;0;0;0;0;0;0;0;0;0;0;Regular Season;0;0;0;0;0;0;0;0;0;0
41169;1987;12;12; Arena;0;285;295;0;0;0;0;0;0;0;0;0;0;0;0;;;;0;0;0;0;0;0;0;0;0;0;0;0;0;0;0;0;0;0;0;0;0;0;0;0;Regular Season;0;0;0;0;0;0;0;0;0;0
41797;1987;12;13; Arena;0;300;291;0;0;0;0;0;0;0;0;0;0;0;0;;;;0;0;0;0;0;0;0;0;0;0;0;0;0;0;0;0;0;0;0;0;0;0;0;0;Regular Season;0;0;0;0;0;0;0;0;0;0
41741;1987;12;13; Arena;0;286;290;0;0;0;0;0;0;0;0;0;0;0;0;;;;0;0;0;0;0;0;0;0;0;0;0;0;0;0;0;0;0;0;0;0;0;0;0;0;Regular Season;0;0;0;0;0;0;0;0;0;0
41211;1987;12;14; Arena;0;301;289;0;0;0;0;0;0;0;0;0;0;0;0;;;;0;0;0;0;0;0;0;0;0;0;0;0;0;0;0;0;0;0;0;0;0;0;0;0;Regular Season;0;0;0;0;0;0;0;0;0;0
41183;1987;12;14; Arena;0;300;295;0;0;0;0;0;0;0;0;0;0;0;0;;;;0;0;0;0;0;0;0;0;0;0;0;0;0;0;0;0;0;0;0;0;0;0;0;0;Regular Season;0;0;0;0;0;0;0;0;0;0
41219;1987;12;14; Arena;0;299;290;0;0;0;0;0;0;0;0;0;0;0;0;;;;0;0;0;0;0;0;0;0;0;0;0;0;0;0;0;0;0;0;0;0;0;0;0;0;Regular Season;0;0;0;0;0;0;0;0;0;0
41197;1987;12;14; Arena;0;303;282;0;0;0;0;0;0;0;0;0;0;0;0;;;;0;0;0;0;0;0;0;0;0;0;0;0;0;0;0;0;0;0;0;0;0;0;0;0;Regular Season;0;0;0;0;0;0;0;0;0;0
41202;1987;12;14; Arena;0;297;298;0;0;0;0;0;0;0;0;0;0;0;0;;;;0;0;0;0;0;0;0;0;0;0;0;0;0;0;0;0;0;0;0;0;0;0;0;0;Regular Season;0;0;0;0;0;0;0;0;0;0
41432;1987;12;14; Arena;0;291;293;0;0;0;0;0;0;0;0;0;0;0;0;;;;0;0;0;0;0;0;0;0;0;0;0;0;0;0;0;0;0;0;0;0;0;0;0;0;Regular Season;0;0;0;0;0;0;0;0;0;0
41127;1987;12;15; Arena;0;303;302;0;0;0;0;0;0;0;0;0;0;0;0;;;;0;0;0;0;0;0;0;0;0;0;0;0;0;0;0;0;0;0;0;0;0;0;0;0;Regular Season;0;0;0;0;0;0;0;0;0;0
41282;1987;12;15; Arena;0;286;297;0;0;0;0;0;0;0;0;0;0;0;0;;;;0;0;0;0;0;0;0;0;0;0;0;0;0;0;0;0;0;0;0;0;0;0;0;0;Regular Season;0;0;0;0;0;0;0;0;0;0
41170;1987;12;15; Arena;0;287;282;0;0;0;0;0;0;0;0;0;0;0;0;;;;0;0;0;0;0;0;0;0;0;0;0;0;0;0;0;0;0;0;0;0;0;0;0;0;Regular Season;0;0;0;0;0;0;0;0;0;0
41167;1987;12;15; Arena;0;296;288;0;0;0;0;0;0;0;0;0;0;0;0;;;;0;0;0;0;0;0;0;0;0;0;0;0;0;0;0;0;0;0;0;0;0;0;0;0;Regular Season;0;0;0;0;0;0;0;0;0;0
41179;1987;12;15; Arena;0;285;289;0;0;0;0;0;0;0;0;0;0;0;0;;;;0;0;0;0;0;0;0;0;0;0;0;0;0;0;0;0;0;0;0;0;0;0;0;0;Regular Season;0;0;0;0;0;0;0;0;0;0
41243;1987;12;15; Arena;0;305;284;0;0;0;0;0;0;0;0;0;0;0;0;;;;0;0;0;0;0;0;0;0;0;0;0;0;0;0;0;0;0;0;0;0;0;0;0;0;Regular Season;0;0;0;0;0;0;0;0;0;0
41161;1987;12;15; Arena;0;283;294;0;0;0;0;0;0;0;0;0;0;0;0;;;;0;0;0;0;0;0;0;0;0;0;0;0;0;0;0;0;0;0;0;0;0;0;0;0;Regular Season;0;0;0;0;0;0;0;0;0;0
41248;1987;12;16; Arena;0;301;290;0;0;0;0;0;0;0;0;0;0;0;0;;;;0;0;0;0;0;0;0;0;0;0;0;0;0;0;0;0;0;0;0;0;0;0;0;0;Regular Season;0;0;0;0;0;0;0;0;0;0
41172;1987;12;16; Arena;0;286;295;0;0;0;0;0;0;0;0;0;0;0;0;;;;0;0;0;0;0;0;0;0;0;0;0;0;0;0;0;0;0;0;0;0;0;0;0;0;Regular Season;0;0;0;0;0;0;0;0;0;0
41209;1987;12;16; Arena;0;285;299;0;0;0;0;0;0;0;0;0;0;0;0;;;;0;0;0;0;0;0;0;0;0;0;0;0;0;0;0;0;0;0;0;0;0;0;0;0;Regular Season;0;0;0;0;0;0;0;0;0;0
41122;1987;12;17; Arena;0;302;294;0;0;0;0;0;0;0;0;0;0;0;0;;;;0;0;0;0;0;0;0;0;0;0;0;0;0;0;0;0;0;0;0;0;0;0;0;0;Regular Season;0;0;0;0;0;0;0;0;0;0
41225;1987;12;17; Arena;0;305;289;0;0;0;0;0;0;0;0;0;0;0;0;;;;0;0;0;0;0;0;0;0;0;0;0;0;0;0;0;0;0;0;0;0;0;0;0;0;Regular Season;0;0;0;0;0;0;0;0;0;0
41194;1987;12;17; Arena;0;291;296;0;0;0;0;0;0;0;0;0;0;0;0;;;;0;0;0;0;0;0;0;0;0;0;0;0;0;0;0;0;0;0;0;0;0;0;0;0;Regular Season;0;0;0;0;0;0;0;0;0;0
41163;1987;12;17; Arena;0;287;283;0;0;0;0;0;0;0;0;0;0;0;0;;;;0;0;0;0;0;0;0;0;0;0;0;0;0;0;0;0;0;0;0;0;0;0;0;0;Regular Season;0;0;0;0;0;0;0;0;0;0
41217;1987;12;17; Arena;0;295;301;0;0;0;0;0;0;0;0;0;0;0;0;;;;0;0;0;0;0;0;0;0;0;0;0;0;0;0;0;0;0;0;0;0;0;0;0;0;Regular Season;0;0;0;0;0;0;0;0;0;0
41210;1987;12;17; Arena;0;292;299;0;0;0;0;0;0;0;0;0;0;0;0;;;;0;0;0;0;0;0;0;0;0;0;0;0;0;0;0;0;0;0;0;0;0;0;0;0;Regular Season;0;0;0;0;0;0;0;0;0;0
41419;1987;12;17; Arena;0;303;290;0;0;0;0;0;0;0;0;0;0;0;0;;;;0;0;0;0;0;0;0;0;0;0;0;0;0;0;0;0;0;0;0;0;0;0;0;0;Regular Season;0;0;0;0;0;0;0;0;0;0
41165;1987;12;17; Arena;0;300;304;0;0;0;0;0;0;0;0;0;0;0;0;;;;0;0;0;0;0;0;0;0;0;0;0;0;0;0;0;0;0;0;0;0;0;0;0;0;Regular Season;0;0;0;0;0;0;0;0;0;0
41168;1987;12;18; Arena;0;288;298;0;0;0;0;0;0;0;0;0;0;0;0;;;;0;0;0;0;0;0;0;0;0;0;0;0;0;0;0;0;0;0;0;0;0;0;0;0;Regular Season;0;0;0;0;0;0;0;0;0;0
41164;1987;12;18; Arena;0;283;300;0;0;0;0;0;0;0;0;0;0;0;0;;;;0;0;0;0;0;0;0;0;0;0;0;0;0;0;0;0;0;0;0;0;0;0;0;0;Regular Season;0;0;0;0;0;0;0;0;0;0
41314;1987;12;18; Arena;0;284;286;0;0;0;0;0;0;0;0;0;0;0;0;;;;0;0;0;0;0;0;0;0;0;0;0;0;0;0;0;0;0;0;0;0;0;0;0;0;Regular Season;0;0;0;0;0;0;0;0;0;0
41238;1987;12;18; Arena;0;305;292;0;0;0;0;0;0;0;0;0;0;0;0;;;;0;0;0;0;0;0;0;0;0;0;0;0;0;0;0;0;0;0;0;0;0;0;0;0;Regular Season;0;0;0;0;0;0;0;0;0;0
41184;1987;12;18; Arena;0;294;296;0;0;0;0;0;0;0;0;0;0;0;0;;;;0;0;0;0;0;0;0;0;0;0;0;0;0;0;0;0;0;0;0;0;0;0;0;0;Regular Season;0;0;0;0;0;0;0;0;0;0
41153;1987;12;19; Arena;0;304;302;0;0;0;0;0;0;0;0;0;0;0;0;;;;0;0;0;0;0;0;0;0;0;0;0;0;0;0;0;0;0;0;0;0;0;0;0;0;Regular Season;0;0;0;0;0;0;0;0;0;0
41212;1987;12;19; Arena;0;298;287;0;0;0;0;0;0;0;0;0;0;0;0;;;;0;0;0;0;0;0;0;0;0;0;0;0;0;0;0;0;0;0;0;0;0;0;0;0;Regular Season;0;0;0;0;0;0;0;0;0;0
41329;1987;12;19; Arena;0;284;291;0;0;0;0;0;0;0;0;0;0;0;0;;;;0;0;0;0;0;0;0;0;0;0;0;0;0;0;0;0;0;0;0;0;0;0;0;0;Regular Season;0;0;0;0;0;0;0;0;0;0
41221;1987;12;20; Arena;0;282;304;0;0;0;0;0;0;0;0;0;0;0;0;;;;0;0;0;0;0;0;0;0;0;0;0;0;0;0;0;0;0;0;0;0;0;0;0;0;Regular Season;0;0;0;0;0;0;0;0;0;0
41203;1987;12;20; Arena;0;285;288;0;0;0;0;0;0;0;0;0;0;0;0;;;;0;0;0;0;0;0;0;0;0;0;0;0;0;0;0;0;0;0;0;0;0;0;0;0;Regular Season;0;0;0;0;0;0;0;0;0;0
41345;1987;12;20; Arena;0;297;292;0;0;0;0;0;0;0;0;0;0;0;0;;;;0;0;0;0;0;0;0;0;0;0;0;0;0;0;0;0;0;0;0;0;0;0;0;0;Regular Season;0;0;0;0;0;0;0;0;0;0
41321;1987;12;21; Arena;0;305;291;0;0;0;0;0;0;0;0;0;0;0;0;;;;0;0;0;0;0;0;0;0;0;0;0;0;0;0;0;0;0;0;0;0;0;0;0;0;Regular Season;0;0;0;0;0;0;0;0;0;0
41257;1987;12;21; Arena;0;286;298;0;0;0;0;0;0;0;0;0;0;0;0;;;;0;0;0;0;0;0;0;0;0;0;0;0;0;0;0;0;0;0;0;0;0;0;0;0;Regular Season;0;0;0;0;0;0;0;0;0;0
41185;1987;12;21; Arena;0;300;302;0;0;0;0;0;0;0;0;0;0;0;0;;;;0;0;0;0;0;0;0;0;0;0;0;0;0;0;0;0;0;0;0;0;0;0;0;0;Regular Season;0;0;0;0;0;0;0;0;0;0
41200;1987;12;21; Arena;0;299;283;0;0;0;0;0;0;0;0;0;0;0;0;;;;0;0;0;0;0;0;0;0;0;0;0;0;0;0;0;0;0;0;0;0;0;0;0;0;Regular Season;0;0;0;0;0;0;0;0;0;0
41227;1987;12;22; Arena;0;304;289;0;0;0;0;0;0;0;0;0;0;0;0;;;;0;0;0;0;0;0;0;0;0;0;0;0;0;0;0;0;0;0;0;0;0;0;0;0;Regular Season;0;0;0;0;0;0;0;0;0;0
41234;1987;12;22; Arena;0;287;297;0;0;0;0;0;0;0;0;0;0;0;0;;;;0;0;0;0;0;0;0;0;0;0;0;0;0;0;0;0;0;0;0;0;0;0;0;0;Regular Season;0;0;0;0;0;0;0;0;0;0
41235;1987;12;22; Arena;0;300;294;0;0;0;0;0;0;0;0;0;0;0;0;;;;0;0;0;0;0;0;0;0;0;0;0;0;0;0;0;0;0;0;0;0;0;0;0;0;Regular Season;0;0;0;0;0;0;0;0;0;0
41174;1987;12;22; Arena;0;301;302;0;0;0;0;0;0;0;0;0;0;0;0;;;;0;0;0;0;0;0;0;0;0;0;0;0;0;0;0;0;0;0;0;0;0;0;0;0;Regular Season;0;0;0;0;0;0;0;0;0;0
41236;1987;12;22; Arena;0;292;282;0;0;0;0;0;0;0;0;0;0;0;0;;;;0;0;0;0;0;0;0;0;0;0;0;0;0;0;0;0;0;0;0;0;0;0;0;0;Regular Season;0;0;0;0;0;0;0;0;0;0
41354;1987;12;22; Arena;0;291;286;0;0;0;0;0;0;0;0;0;0;0;0;;;;0;0;0;0;0;0;0;0;0;0;0;0;0;0;0;0;0;0;0;0;0;0;0;0;Regular Season;0;0;0;0;0;0;0;0;0;0
41188;1987;12;22; Arena;0;293;283;0;0;0;0;0;0;0;0;0;0;0;0;;;;0;0;0;0;0;0;0;0;0;0;0;0;0;0;0;0;0;0;0;0;0;0;0;0;Regular Season;0;0;0;0;0;0;0;0;0;0
41228;1987;12;22; Arena;0;305;296;0;0;0;0;0;0;0;0;0;0;0;0;;;;0;0;0;0;0;0;0;0;0;0;0;0;0;0;0;0;0;0;0;0;0;0;0;0;Regular Season;0;0;0;0;0;0;0;0;0;0
41213;1987;12;22; Arena;0;285;303;0;0;0;0;0;0;0;0;0;0;0;0;;;;0;0;0;0;0;0;0;0;0;0;0;0;0;0;0;0;0;0;0;0;0;0;0;0;Regular Season;0;0;0;0;0;0;0;0;0;0
41755;1987;12;22; Arena;0;290;284;0;0;0;0;0;0;0;0;0;0;0;0;;;;0;0;0;0;0;0;0;0;0;0;0;0;0;0;0;0;0;0;0;0;0;0;0;0;Regular Season;0;0;0;0;0;0;0;0;0;0
41279;1987;12;22; Arena;0;288;295;0;0;0;0;0;0;0;0;0;0;0;0;;;;0;0;0;0;0;0;0;0;0;0;0;0;0;0;0;0;0;0;0;0;0;0;0;0;Regular Season;0;0;0;0;0;0;0;0;0;0
41406;1987;12;23; Arena;0;294;303;0;0;0;0;0;0;0;0;0;0;0;0;;;;0;0;0;0;0;0;0;0;0;0;0;0;0;0;0;0;0;0;0;0;0;0;0;0;Regular Season;0;0;0;0;0;0;0;0;0;0
41305;1987;12;23; Arena;0;298;285;0;0;0;0;0;0;0;0;0;0;0;0;;;;0;0;0;0;0;0;0;0;0;0;0;0;0;0;0;0;0;0;0;0;0;0;0;0;Regular Season;0;0;0;0;0;0;0;0;0;0
41253;1987;12;23; Arena;0;295;304;0;0;0;0;0;0;0;0;0;0;0;0;;;;0;0;0;0;0;0;0;0;0;0;0;0;0;0;0;0;0;0;0;0;0;0;0;0;Regular Season;0;0;0;0;0;0;0;0;0;0
41539;1987;12;23; Arena;0;293;282;0;0;0;0;0;0;0;0;0;0;0;0;;;;0;0;0;0;0;0;0;0;0;0;0;0;0;0;0;0;0;0;0;0;0;0;0;0;Regular Season;0;0;0;0;0;0;0;0;0;0
41284;1987;12;23; Arena;0;301;297;0;0;0;0;0;0;0;0;0;0;0;0;;;;0;0;0;0;0;0;0;0;0;0;0;0;0;0;0;0;0;0;0;0;0;0;0;0;Regular Season;0;0;0;0;0;0;0;0;0;0
41195;1987;12;23; Arena;0;296;299;0;0;0;0;0;0;0;0;0;0;0;0;;;;0;0;0;0;0;0;0;0;0;0;0;0;0;0;0;0;0;0;0;0;0;0;0;0;Regular Season;0;0;0;0;0;0;0;0;0;0
41665;1987;12;23; Arena;0;288;287;0;0;0;0;0;0;0;0;0;0;0;0;;;;0;0;0;0;0;0;0;0;0;0;0;0;0;0;0;0;0;0;0;0;0;0;0;0;Regular Season;0;0;0;0;0;0;0;0;0;0
41285;1987;12;23; Arena;0;292;289;0;0;0;0;0;0;0;0;0;0;0;0;;;;0;0;0;0;0;0;0;0;0;0;0;0;0;0;0;0;0;0;0;0;0;0;0;0;Regular Season;0;0;0;0;0;0;0;0;0;0
41263;1987;12;27; Arena;0;295;284;0;0;0;0;0;0;0;0;0;0;0;0;;;;0;0;0;0;0;0;0;0;0;0;0;0;0;0;0;0;0;0;0;0;0;0;0;0;Regular Season;0;0;0;0;0;0;0;0;0;0
41365;1987;12;27; Arena;0;285;297;0;0;0;0;0;0;0;0;0;0;0;0;;;;0;0;0;0;0;0;0;0;0;0;0;0;0;0;0;0;0;0;0;0;0;0;0;0;Regular Season;0;0;0;0;0;0;0;0;0;0
41175;1987;12;27; Arena;0;302;305;0;0;0;0;0;0;0;0;0;0;0;0;;;;0;0;0;0;0;0;0;0;0;0;0;0;0;0;0;0;0;0;0;0;0;0;0;0;Regular Season;0;0;0;0;0;0;0;0;0;0
41186;1987;12;27; Arena;0;288;283;0;0;0;0;0;0;0;0;0;0;0;0;;;;0;0;0;0;0;0;0;0;0;0;0;0;0;0;0;0;0;0;0;0;0;0;0;0;Regular Season;0;0;0;0;0;0;0;0;0;0
41218;1987;12;27; Arena;0;299;296;0;0;0;0;0;0;0;0;0;0;0;0;;;;0;0;0;0;0;0;0;0;0;0;0;0;0;0;0;0;0;0;0;0;0;0;0;0;Regular Season;0;0;0;0;0;0;0;0;0;0
41300;1987;12;27; Arena;0;291;294;0;0;0;0;0;0;0;0;0;0;0;0;;;;0;0;0;0;0;0;0;0;0;0;0;0;0;0;0;0;0;0;0;0;0;0;0;0;Regular Season;0;0;0;0;0;0;0;0;0;0
41676;1987;12;27; Arena;0;287;303;0;0;0;0;0;0;0;0;0;0;0;0;;;;0;0;0;0;0;0;0;0;0;0;0;0;0;0;0;0;0;0;0;0;0;0;0;0;Regular Season;0;0;0;0;0;0;0;0;0;0
41482;1987;12;27; Arena;0;286;293;0;0;0;0;0;0;0;0;0;0;0;0;;;;0;0;0;0;0;0;0;0;0;0;0;0;0;0;0;0;0;0;0;0;0;0;0;0;Regular Season;0;0;0;0;0;0;0;0;0;0
41328;1987;12;27; Arena;0;300;292;0;0;0;0;0;0;0;0;0;0;0;0;;;;0;0;0;0;0;0;0;0;0;0;0;0;0;0;0;0;0;0;0;0;0;0;0;0;Regular Season;0;0;0;0;0;0;0;0;0;0
41252;1987;12;27; Arena;0;282;289;0;0;0;0;0;0;0;0;0;0;0;0;;;;0;0;0;0;0;0;0;0;0;0;0;0;0;0;0;0;0;0;0;0;0;0;0;0;Regular Season;0;0;0;0;0;0;0;0;0;0
41220;1987;12;27; Arena;0;298;301;0;0;0;0;0;0;0;0;0;0;0;0;;;;0;0;0;0;0;0;0;0;0;0;0;0;0;0;0;0;0;0;0;0;0;0;0;0;Regular Season;0;0;0;0;0;0;0;0;0;0
41283;1987;12;28; Arena;0;304;292;0;0;0;0;0;0;0;0;0;0;0;0;;;;0;0;0;0;0;0;0;0;0;0;0;0;0;0;0;0;0;0;0;0;0;0;0;0;Regular Season;0;0;0;0;0;0;0;0;0;0
41343;1987;12;29; Arena;0;294;291;0;0;0;0;0;0;0;0;0;0;0;0;;;;0;0;0;0;0;0;0;0;0;0;0;0;0;0;0;0;0;0;0;0;0;0;0;0;Regular Season;0;0;0;0;0;0;0;0;0;0
41199;1987;12;29; Arena;0;296;300;0;0;0;0;0;0;0;0;0;0;0;0;;;;0;0;0;0;0;0;0;0;0;0;0;0;0;0;0;0;0;0;0;0;0;0;0;0;Regular Season;0;0;0;0;0;0;0;0;0;0
41416;1987;12;29; Arena;0;287;286;0;0;0;0;0;0;0;0;0;0;0;0;;;;0;0;0;0;0;0;0;0;0;0;0;0;0;0;0;0;0;0;0;0;0;0;0;0;Regular Season;0;0;0;0;0;0;0;0;0;0
41187;1987;12;29; Arena;0;302;295;0;0;0;0;0;0;0;0;0;0;0;0;;;;0;0;0;0;0;0;0;0;0;0;0;0;0;0;0;0;0;0;0;0;0;0;0;0;Regular Season;0;0;0;0;0;0;0;0;0;0
41398;1987;12;29; Arena;0;297;303;0;0;0;0;0;0;0;0;0;0;0;0;;;;0;0;0;0;0;0;0;0;0;0;0;0;0;0;0;0;0;0;0;0;0;0;0;0;Regular Season;0;0;0;0;0;0;0;0;0;0
41239;1987;12;29; Arena;0;282;305;0;0;0;0;0;0;0;0;0;0;0;0;;;;0;0;0;0;0;0;0;0;0;0;0;0;0;0;0;0;0;0;0;0;0;0;0;0;Regular Season;0;0;0;0;0;0;0;0;0;0
41206;1987;12;29; Arena;0;285;283;0;0;0;0;0;0;0;0;0;0;0;0;;;;0;0;0;0;0;0;0;0;0;0;0;0;0;0;0;0;0;0;0;0;0;0;0;0;Regular Season;0;0;0;0;0;0;0;0;0;0
41259;1987;12;29; Arena;0;298;293;0;0;0;0;0;0;0;0;0;0;0;0;;;;0;0;0;0;0;0;0;0;0;0;0;0;0;0;0;0;0;0;0;0;0;0;0;0;Regular Season;0;0;0;0;0;0;0;0;0;0
41298;1987;12;29; Arena;0;284;289;0;0;0;0;0;0;0;0;0;0;0;0;;;;0;0;0;0;0;0;0;0;0;0;0;0;0;0;0;0;0;0;0;0;0;0;0;0;Regular Season;0;0;0;0;0;0;0;0;0;0
41319;1987;12;29; Arena;0;304;290;0;0;0;0;0;0;0;0;0;0;0;0;;;;0;0;0;0;0;0;0;0;0;0;0;0;0;0;0;0;0;0;0;0;0;0;0;0;Regular Season;0;0;0;0;0;0;0;0;0;0
41270;1987;12;29; Arena;0;301;299;0;0;0;0;0;0;0;0;0;0;0;0;;;;0;0;0;0;0;0;0;0;0;0;0;0;0;0;0;0;0;0;0;0;0;0;0;0;Regular Season;0;0;0;0;0;0;0;0;0;0
41240;1987;12;30; Arena;0;296;288;0;0;0;0;0;0;0;0;0;0;0;0;;;;0;0;0;0;0;0;0;0;0;0;0;0;0;0;0;0;0;0;0;0;0;0;0;0;Regular Season;0;0;0;0;0;0;0;0;0;0
41255;1987;12;31; Arena;0;282;286;0;0;0;0;0;0;0;0;0;0;0;0;;;;0;0;0;0;0;0;0;0;0;0;0;0;0;0;0;0;0;0;0;0;0;0;0;0;Regular Season;0;0;0;0;0;0;0;0;0;0
41274;1987;12;31; Arena;0;299;301;0;0;0;0;0;0;0;0;0;0;0;0;;;;0;0;0;0;0;0;0;0;0;0;0;0;0;0;0;0;0;0;0;0;0;0;0;0;Regular Season;0;0;0;0;0;0;0;0;0;0
41344;1987;12;31; Arena;0;285;292;0;0;0;0;0;0;0;0;0;0;0;0;;;;0;0;0;0;0;0;0;0;0;0;0;0;0;0;0;0;0;0;0;0;0;0;0;0;Regular Season;0;0;0;0;0;0;0;0;0;0
41191;1987;12;31; Arena;0;295;302;0;0;0;0;0;0;0;0;0;0;0;0;;;;0;0;0;0;0;0;0;0;0;0;0;0;0;0;0;0;0;0;0;0;0;0;0;0;Regular Season;0;0;0;0;0;0;0;0;0;0
41464;1987;12;31; Arena;0;294;290;0;0;0;0;0;0;0;0;0;0;0;0;;;;0;0;0;0;0;0;0;0;0;0;0;0;0;0;0;0;0;0;0;0;0;0;0;0;Regular Season;0;0;0;0;0;0;0;0;0;0
41244;1987;12;31; Arena;0;305;288;0;0;0;0;0;0;0;0;0;0;0;0;;;;0;0;0;0;0;0;0;0;0;0;0;0;0;0;0;0;0;0;0;0;0;0;0;0;Regular Season;0;0;0;0;0;0;0;0;0;0
41204;1987;12;31; Arena;0;303;283;0;0;0;0;0;0;0;0;0;0;0;0;;;;0;0;0;0;0;0;0;0;0;0;0;0;0;0;0;0;0;0;0;0;0;0;0;0;Regular Season;0;0;0;0;0;0;0;0;0;0
41313;1987;12;31; Arena;0;287;289;0;0;0;0;0;0;0;0;0;0;0;0;;;;0;0;0;0;0;0;0;0;0;0;0;0;0;0;0;0;0;0;0;0;0;0;0;0;Regular Season;0;0;0;0;0;0;0;0;0;0
41273;1988;1;1; Arena;0;300;305;0;0;0;0;0;0;0;0;0;0;0;0;;;;0;0;0;0;0;0;0;0;0;0;0;0;0;0;0;0;0;0;0;0;0;0;0;0;Regular Season;0;0;0;0;0;0;0;0;0;0
41524;1988;1;1; Arena;0;293;290;0;0;0;0;0;0;0;0;0;0;0;0;;;;0;0;0;0;0;0;0;0;0;0;0;0;0;0;0;0;0;0;0;0;0;0;0;0;Regular Season;0;0;0;0;0;0;0;0;0;0
41567;1988;1;1; Arena;0;303;294;0;0;0;0;0;0;0;0;0;0;0;0;;;;0;0;0;0;0;0;0;0;0;0;0;0;0;0;0;0;0;0;0;0;0;0;0;0;Regular Season;0;0;0;0;0;0;0;0;0;0
41214;1988;1;1; Arena;0;283;298;0;0;0;0;0;0;0;0;0;0;0;0;;;;0;0;0;0;0;0;0;0;0;0;0;0;0;0;0;0;0;0;0;0;0;0;0;0;Regular Season;0;0;0;0;0;0;0;0;0;0
41381;1988;1;1; Arena;0;299;297;0;0;0;0;0;0;0;0;0;0;0;0;;;;0;0;0;0;0;0;0;0;0;0;0;0;0;0;0;0;0;0;0;0;0;0;0;0;Regular Season;0;0;0;0;0;0;0;0;0;0
41276;1988;1;1; Arena;0;284;285;0;0;0;0;0;0;0;0;0;0;0;0;;;;0;0;0;0;0;0;0;0;0;0;0;0;0;0;0;0;0;0;0;0;0;0;0;0;Regular Season;0;0;0;0;0;0;0;0;0;0
41323;1988;1;1; Arena;0;304;291;0;0;0;0;0;0;0;0;0;0;0;0;;;;0;0;0;0;0;0;0;0;0;0;0;0;0;0;0;0;0;0;0;0;0;0;0;0;Regular Season;0;0;0;0;0;0;0;0;0;0
41359;1988;1;2; Arena;0;284;287;0;0;0;0;0;0;0;0;0;0;0;0;;;;0;0;0;0;0;0;0;0;0;0;0;0;0;0;0;0;0;0;0;0;0;0;0;0;Regular Season;0;0;0;0;0;0;0;0;0;0
41267;1988;1;2; Arena;0;293;289;0;0;0;0;0;0;0;0;0;0;0;0;;;;0;0;0;0;0;0;0;0;0;0;0;0;0;0;0;0;0;0;0;0;0;0;0;0;Regular Season;0;0;0;0;0;0;0;0;0;0
41266;1988;1;2; Arena;0;297;295;0;0;0;0;0;0;0;0;0;0;0;0;;;;0;0;0;0;0;0;0;0;0;0;0;0;0;0;0;0;0;0;0;0;0;0;0;0;Regular Season;0;0;0;0;0;0;0;0;0;0
41287;1988;1;2; Arena;0;282;291;0;0;0;0;0;0;0;0;0;0;0;0;;;;0;0;0;0;0;0;0;0;0;0;0;0;0;0;0;0;0;0;0;0;0;0;0;0;Regular Season;0;0;0;0;0;0;0;0;0;0
41249;1988;1;2; Arena;0;296;298;0;0;0;0;0;0;0;0;0;0;0;0;;;;0;0;0;0;0;0;0;0;0;0;0;0;0;0;0;0;0;0;0;0;0;0;0;0;Regular Season;0;0;0;0;0;0;0;0;0;0
41290;1988;1;2; Arena;0;288;292;0;0;0;0;0;0;0;0;0;0;0;0;;;;0;0;0;0;0;0;0;0;0;0;0;0;0;0;0;0;0;0;0;0;0;0;0;0;Regular Season;0;0;0;0;0;0;0;0;0;0
41297;1988;1;2; Arena;0;300;301;0;0;0;0;0;0;0;0;0;0;0;0;;;;0;0;0;0;0;0;0;0;0;0;0;0;0;0;0;0;0;0;0;0;0;0;0;0;Regular Season;0;0;0;0;0;0;0;0;0;0
41192;1988;1;3; Arena;0;302;286;0;0;0;0;0;0;0;0;0;0;0;0;;;;0;0;0;0;0;0;0;0;0;0;0;0;0;0;0;0;0;0;0;0;0;0;0;0;Regular Season;0;0;0;0;0;0;0;0;0;0
41308;1988;1;4; Arena;0;282;287;0;0;0;0;0;0;0;0;0;0;0;0;;;;0;0;0;0;0;0;0;0;0;0;0;0;0;0;0;0;0;0;0;0;0;0;0;0;Regular Season;0;0;0;0;0;0;0;0;0;0
41301;1988;1;4; Arena;0;297;295;0;0;0;0;0;0;0;0;0;0;0;0;;;;0;0;0;0;0;0;0;0;0;0;0;0;0;0;0;0;0;0;0;0;0;0;0;0;Regular Season;0;0;0;0;0;0;0;0;0;0
41269;1988;1;4; Arena;0;296;286;0;0;0;0;0;0;0;0;0;0;0;0;;;;0;0;0;0;0;0;0;0;0;0;0;0;0;0;0;0;0;0;0;0;0;0;0;0;Regular Season;0;0;0;0;0;0;0;0;0;0
41201;1988;1;4; Arena;0;304;302;0;0;0;0;0;0;0;0;0;0;0;0;;;;0;0;0;0;0;0;0;0;0;0;0;0;0;0;0;0;0;0;0;0;0;0;0;0;Regular Season;0;0;0;0;0;0;0;0;0;0
41247;1988;1;4; Arena;0;291;283;0;0;0;0;0;0;0;0;0;0;0;0;;;;0;0;0;0;0;0;0;0;0;0;0;0;0;0;0;0;0;0;0;0;0;0;0;0;Regular Season;0;0;0;0;0;0;0;0;0;0
41346;1988;1;4; Arena;0;303;300;0;0;0;0;0;0;0;0;0;0;0;0;;;;0;0;0;0;0;0;0;0;0;0;0;0;0;0;0;0;0;0;0;0;0;0;0;0;Regular Season;0;0;0;0;0;0;0;0;0;0
41289;1988;1;5; Arena;0;290;305;0;0;0;0;0;0;0;0;0;0;0;0;;;;0;0;0;0;0;0;0;0;0;0;0;0;0;0;0;0;0;0;0;0;0;0;0;0;Regular Season;0;0;0;0;0;0;0;0;0;0
41332;1988;1;5; Arena;0;293;289;0;0;0;0;0;0;0;0;0;0;0;0;;;;0;0;0;0;0;0;0;0;0;0;0;0;0;0;0;0;0;0;0;0;0;0;0;0;Regular Season;0;0;0;0;0;0;0;0;0;0
41277;1988;1;5; Arena;0;288;299;0;0;0;0;0;0;0;0;0;0;0;0;;;;0;0;0;0;0;0;0;0;0;0;0;0;0;0;0;0;0;0;0;0;0;0;0;0;Regular Season;0;0;0;0;0;0;0;0;0;0
41292;1988;1;5; Arena;0;284;301;0;0;0;0;0;0;0;0;0;0;0;0;;;;0;0;0;0;0;0;0;0;0;0;0;0;0;0;0;0;0;0;0;0;0;0;0;0;Regular Season;0;0;0;0;0;0;0;0;0;0
41331;1988;1;5; Arena;0;282;303;0;0;0;0;0;0;0;0;0;0;0;0;;;;0;0;0;0;0;0;0;0;0;0;0;0;0;0;0;0;0;0;0;0;0;0;0;0;Regular Season;0;0;0;0;0;0;0;0;0;0
41233;1988;1;5; Arena;0;283;297;0;0;0;0;0;0;0;0;0;0;0;0;;;;0;0;0;0;0;0;0;0;0;0;0;0;0;0;0;0;0;0;0;0;0;0;0;0;Regular Season;0;0;0;0;0;0;0;0;0;0
41348;1988;1;5; Arena;0;291;304;0;0;0;0;0;0;0;0;0;0;0;0;;;;0;0;0;0;0;0;0;0;0;0;0;0;0;0;0;0;0;0;0;0;0;0;0;0;Regular Season;0;0;0;0;0;0;0;0;0;0
41250;1988;1;6; Arena;0;298;296;0;0;0;0;0;0;0;0;0;0;0;0;;;;0;0;0;0;0;0;0;0;0;0;0;0;0;0;0;0;0;0;0;0;0;0;0;0;Regular Season;0;0;0;0;0;0;0;0;0;0
41286;1988;1;6; Arena;0;295;285;0;0;0;0;0;0;0;0;0;0;0;0;;;;0;0;0;0;0;0;0;0;0;0;0;0;0;0;0;0;0;0;0;0;0;0;0;0;Regular Season;0;0;0;0;0;0;0;0;0;0
41351;1988;1;7; Arena;0;285;303;0;0;0;0;0;0;0;0;0;0;0;0;;;;0;0;0;0;0;0;0;0;0;0;0;0;0;0;0;0;0;0;0;0;0;0;0;0;Regular Season;0;0;0;0;0;0;0;0;0;0
41369;1988;1;7; Arena;0;284;287;0;0;0;0;0;0;0;0;0;0;0;0;;;;0;0;0;0;0;0;0;0;0;0;0;0;0;0;0;0;0;0;0;0;0;0;0;0;Regular Season;0;0;0;0;0;0;0;0;0;0
41294;1988;1;7; Arena;0;297;305;0;0;0;0;0;0;0;0;0;0;0;0;;;;0;0;0;0;0;0;0;0;0;0;0;0;0;0;0;0;0;0;0;0;0;0;0;0;Regular Season;0;0;0;0;0;0;0;0;0;0
41317;1988;1;7; Arena;0;292;288;0;0;0;0;0;0;0;0;0;0;0;0;;;;0;0;0;0;0;0;0;0;0;0;0;0;0;0;0;0;0;0;0;0;0;0;0;0;Regular Season;0;0;0;0;0;0;0;0;0;0
41322;1988;1;7; Arena;0;289;295;0;0;0;0;0;0;0;0;0;0;0;0;;;;0;0;0;0;0;0;0;0;0;0;0;0;0;0;0;0;0;0;0;0;0;0;0;0;Regular Season;0;0;0;0;0;0;0;0;0;0
41260;1988;1;7; Arena;0;298;299;0;0;0;0;0;0;0;0;0;0;0;0;;;;0;0;0;0;0;0;0;0;0;0;0;0;0;0;0;0;0;0;0;0;0;0;0;0;Regular Season;0;0;0;0;0;0;0;0;0;0
41356;1988;1;7; Arena;0;286;282;0;0;0;0;0;0;0;0;0;0;0;0;;;;0;0;0;0;0;0;0;0;0;0;0;0;0;0;0;0;0;0;0;0;0;0;0;0;Regular Season;0;0;0;0;0;0;0;0;0;0
41278;1988;1;7; Arena;0;296;294;0;0;0;0;0;0;0;0;0;0;0;0;;;;0;0;0;0;0;0;0;0;0;0;0;0;0;0;0;0;0;0;0;0;0;0;0;0;Regular Season;0;0;0;0;0;0;0;0;0;0
41326;1988;1;8; Arena;0;291;299;0;0;0;0;0;0;0;0;0;0;0;0;;;;0;0;0;0;0;0;0;0;0;0;0;0;0;0;0;0;0;0;0;0;0;0;0;0;Regular Season;0;0;0;0;0;0;0;0;0;0
41307;1988;1;8; Arena;0;300;289;0;0;0;0;0;0;0;0;0;0;0;0;;;;0;0;0;0;0;0;0;0;0;0;0;0;0;0;0;0;0;0;0;0;0;0;0;0;Regular Season;0;0;0;0;0;0;0;0;0;0
41410;1988;1;8; Arena;0;284;286;0;0;0;0;0;0;0;0;0;0;0;0;;;;0;0;0;0;0;0;0;0;0;0;0;0;0;0;0;0;0;0;0;0;0;0;0;0;Regular Season;0;0;0;0;0;0;0;0;0;0
41299;1988;1;8; Arena;0;301;288;0;0;0;0;0;0;0;0;0;0;0;0;;;;0;0;0;0;0;0;0;0;0;0;0;0;0;0;0;0;0;0;0;0;0;0;0;0;Regular Season;0;0;0;0;0;0;0;0;0;0
41207;1988;1;8; Arena;0;302;293;0;0;0;0;0;0;0;0;0;0;0;0;;;;0;0;0;0;0;0;0;0;0;0;0;0;0;0;0;0;0;0;0;0;0;0;0;0;Regular Season;0;0;0;0;0;0;0;0;0;0
41318;1988;1;8; Arena;0;292;305;0;0;0;0;0;0;0;0;0;0;0;0;;;;0;0;0;0;0;0;0;0;0;0;0;0;0;0;0;0;0;0;0;0;0;0;0;0;Regular Season;0;0;0;0;0;0;0;0;0;0
41261;1988;1;9; Arena;0;283;298;0;0;0;0;0;0;0;0;0;0;0;0;;;;0;0;0;0;0;0;0;0;0;0;0;0;0;0;0;0;0;0;0;0;0;0;0;0;Regular Season;0;0;0;0;0;0;0;0;0;0
41226;1988;1;9; Arena;0;302;290;0;0;0;0;0;0;0;0;0;0;0;0;;;;0;0;0;0;0;0;0;0;0;0;0;0;0;0;0;0;0;0;0;0;0;0;0;0;Regular Season;0;0;0;0;0;0;0;0;0;0
41360;1988;1;10; Arena;0;300;285;0;0;0;0;0;0;0;0;0;0;0;0;;;;0;0;0;0;0;0;0;0;0;0;0;0;0;0;0;0;0;0;0;0;0;0;0;0;Regular Season;0;0;0;0;0;0;0;0;0;0
41302;1988;1;10; Arena;0;287;301;0;0;0;0;0;0;0;0;0;0;0;0;;;;0;0;0;0;0;0;0;0;0;0;0;0;0;0;0;0;0;0;0;0;0;0;0;0;Regular Season;0;0;0;0;0;0;0;0;0;0
41358;1988;1;10; Arena;0;292;293;0;0;0;0;0;0;0;0;0;0;0;0;;;;0;0;0;0;0;0;0;0;0;0;0;0;0;0;0;0;0;0;0;0;0;0;0;0;Regular Season;0;0;0;0;0;0;0;0;0;0
41584;1988;1;10; Arena;0;290;294;0;0;0;0;0;0;0;0;0;0;0;0;;;;0;0;0;0;0;0;0;0;0;0;0;0;0;0;0;0;0;0;0;0;0;0;0;0;Regular Season;0;0;0;0;0;0;0;0;0;0
41325;1988;1;11; Arena;0;284;305;0;0;0;0;0;0;0;0;0;0;0;0;;;;0;0;0;0;0;0;0;0;0;0;0;0;0;0;0;0;0;0;0;0;0;0;0;0;Regular Season;0;0;0;0;0;0;0;0;0;0
41557;1988;1;11; Arena;0;285;286;0;0;0;0;0;0;0;0;0;0;0;0;;;;0;0;0;0;0;0;0;0;0;0;0;0;0;0;0;0;0;0;0;0;0;0;0;0;Regular Season;0;0;0;0;0;0;0;0;0;0
41237;1988;1;11; Arena;0;302;298;0;0;0;0;0;0;0;0;0;0;0;0;;;;0;0;0;0;0;0;0;0;0;0;0;0;0;0;0;0;0;0;0;0;0;0;0;0;Regular Season;0;0;0;0;0;0;0;0;0;0
41423;1988;1;11; Arena;0;288;303;0;0;0;0;0;0;0;0;0;0;0;0;;;;0;0;0;0;0;0;0;0;0;0;0;0;0;0;0;0;0;0;0;0;0;0;0;0;Regular Season;0;0;0;0;0;0;0;0;0;0
41230;1988;1;12; Arena;0;292;302;0;0;0;0;0;0;0;0;0;0;0;0;;;;0;0;0;0;0;0;0;0;0;0;0;0;0;0;0;0;0;0;0;0;0;0;0;0;Regular Season;0;0;0;0;0;0;0;0;0;0
41364;1988;1;12; Arena;0;290;300;0;0;0;0;0;0;0;0;0;0;0;0;;;;0;0;0;0;0;0;0;0;0;0;0;0;0;0;0;0;0;0;0;0;0;0;0;0;Regular Season;0;0;0;0;0;0;0;0;0;0
41330;1988;1;12; Arena;0;299;282;0;0;0;0;0;0;0;0;0;0;0;0;;;;0;0;0;0;0;0;0;0;0;0;0;0;0;0;0;0;0;0;0;0;0;0;0;0;Regular Season;0;0;0;0;0;0;0;0;0;0
41385;1988;1;12; Arena;0;289;291;0;0;0;0;0;0;0;0;0;0;0;0;;;;0;0;0;0;0;0;0;0;0;0;0;0;0;0;0;0;0;0;0;0;0;0;0;0;Regular Season;0;0;0;0;0;0;0;0;0;0
41350;1988;1;12; Arena;0;295;294;0;0;0;0;0;0;0;0;0;0;0;0;;;;0;0;0;0;0;0;0;0;0;0;0;0;0;0;0;0;0;0;0;0;0;0;0;0;Regular Season;0;0;0;0;0;0;0;0;0;0
41372;1988;1;12; Arena;0;304;287;0;0;0;0;0;0;0;0;0;0;0;0;;;;0;0;0;0;0;0;0;0;0;0;0;0;0;0;0;0;0;0;0;0;0;0;0;0;Regular Season;0;0;0;0;0;0;0;0;0;0
41335;1988;1;12; Arena;0;305;293;0;0;0;0;0;0;0;0;0;0;0;0;;;;0;0;0;0;0;0;0;0;0;0;0;0;0;0;0;0;0;0;0;0;0;0;0;0;Regular Season;0;0;0;0;0;0;0;0;0;0
41268;1988;1;12; Arena;0;298;296;0;0;0;0;0;0;0;0;0;0;0;0;;;;0;0;0;0;0;0;0;0;0;0;0;0;0;0;0;0;0;0;0;0;0;0;0;0;Regular Season;0;0;0;0;0;0;0;0;0;0
41272;1988;1;12; Arena;0;283;284;0;0;0;0;0;0;0;0;0;0;0;0;;;;0;0;0;0;0;0;0;0;0;0;0;0;0;0;0;0;0;0;0;0;0;0;0;0;Regular Season;0;0;0;0;0;0;0;0;0;0
41342;1988;1;12; Arena;0;297;301;0;0;0;0;0;0;0;0;0;0;0;0;;;;0;0;0;0;0;0;0;0;0;0;0;0;0;0;0;0;0;0;0;0;0;0;0;0;Regular Season;0;0;0;0;0;0;0;0;0;0
41361;1988;1;13; Arena;0;295;299;0;0;0;0;0;0;0;0;0;0;0;0;;;;0;0;0;0;0;0;0;0;0;0;0;0;0;0;0;0;0;0;0;0;0;0;0;0;Regular Season;0;0;0;0;0;0;0;0;0;0
41446;1988;1;14; Arena;0;298;305;0;0;0;0;0;0;0;0;0;0;0;0;;;;0;0;0;0;0;0;0;0;0;0;0;0;0;0;0;0;0;0;0;0;0;0;0;0;Regular Season;0;0;0;0;0;0;0;0;0;0
41559;1988;1;14; Arena;0;282;293;0;0;0;0;0;0;0;0;0;0;0;0;;;;0;0;0;0;0;0;0;0;0;0;0;0;0;0;0;0;0;0;0;0;0;0;0;0;Regular Season;0;0;0;0;0;0;0;0;0;0
41293;1988;1;14; Arena;0;296;287;0;0;0;0;0;0;0;0;0;0;0;0;;;;0;0;0;0;0;0;0;0;0;0;0;0;0;0;0;0;0;0;0;0;0;0;0;0;Regular Season;0;0;0;0;0;0;0;0;0;0
41371;1988;1;14; Arena;0;285;297;0;0;0;0;0;0;0;0;0;0;0;0;;;;0;0;0;0;0;0;0;0;0;0;0;0;0;0;0;0;0;0;0;0;0;0;0;0;Regular Season;0;0;0;0;0;0;0;0;0;0
41368;1988;1;14; Arena;0;292;304;0;0;0;0;0;0;0;0;0;0;0;0;;;;0;0;0;0;0;0;0;0;0;0;0;0;0;0;0;0;0;0;0;0;0;0;0;0;Regular Season;0;0;0;0;0;0;0;0;0;0
41242;1988;1;14; Arena;0;294;302;0;0;0;0;0;0;0;0;0;0;0;0;;;;0;0;0;0;0;0;0;0;0;0;0;0;0;0;0;0;0;0;0;0;0;0;0;0;Regular Season;0;0;0;0;0;0;0;0;0;0
41377;1988;1;14; Arena;0;300;289;0;0;0;0;0;0;0;0;0;0;0;0;;;;0;0;0;0;0;0;0;0;0;0;0;0;0;0;0;0;0;0;0;0;0;0;0;0;Regular Season;0;0;0;0;0;0;0;0;0;0
41320;1988;1;14; Arena;0;286;283;0;0;0;0;0;0;0;0;0;0;0;0;;;;0;0;0;0;0;0;0;0;0;0;0;0;0;0;0;0;0;0;0;0;0;0;0;0;Regular Season;0;0;0;0;0;0;0;0;0;0
41387;1988;1;15; Arena;0;288;300;0;0;0;0;0;0;0;0;0;0;0;0;;;;0;0;0;0;0;0;0;0;0;0;0;0;0;0;0;0;0;0;0;0;0;0;0;0;Regular Season;0;0;0;0;0;0;0;0;0;0
41340;1988;1;15; Arena;0;287;283;0;0;0;0;0;0;0;0;0;0;0;0;;;;0;0;0;0;0;0;0;0;0;0;0;0;0;0;0;0;0;0;0;0;0;0;0;0;Regular Season;0;0;0;0;0;0;0;0;0;0
41375;1988;1;15; Arena;0;303;295;0;0;0;0;0;0;0;0;0;0;0;0;;;;0;0;0;0;0;0;0;0;0;0;0;0;0;0;0;0;0;0;0;0;0;0;0;0;Regular Season;0;0;0;0;0;0;0;0;0;0
41447;1988;1;15; Arena;0;282;285;0;0;0;0;0;0;0;0;0;0;0;0;;;;0;0;0;0;0;0;0;0;0;0;0;0;0;0;0;0;0;0;0;0;0;0;0;0;Regular Season;0;0;0;0;0;0;0;0;0;0
41521;1988;1;15; Arena;0;293;286;0;0;0;0;0;0;0;0;0;0;0;0;;;;0;0;0;0;0;0;0;0;0;0;0;0;0;0;0;0;0;0;0;0;0;0;0;0;Regular Season;0;0;0;0;0;0;0;0;0;0
41310;1988;1;15; Arena;0;299;298;0;0;0;0;0;0;0;0;0;0;0;0;;;;0;0;0;0;0;0;0;0;0;0;0;0;0;0;0;0;0;0;0;0;0;0;0;0;Regular Season;0;0;0;0;0;0;0;0;0;0
41389;1988;1;15; Arena;0;289;291;0;0;0;0;0;0;0;0;0;0;0;0;;;;0;0;0;0;0;0;0;0;0;0;0;0;0;0;0;0;0;0;0;0;0;0;0;0;Regular Season;0;0;0;0;0;0;0;0;0;0
41281;1988;1;15; Arena;0;296;294;0;0;0;0;0;0;0;0;0;0;0;0;;;;0;0;0;0;0;0;0;0;0;0;0;0;0;0;0;0;0;0;0;0;0;0;0;0;Regular Season;0;0;0;0;0;0;0;0;0;0
41316;1988;1;15; Arena;0;301;292;0;0;0;0;0;0;0;0;0;0;0;0;;;;0;0;0;0;0;0;0;0;0;0;0;0;0;0;0;0;0;0;0;0;0;0;0;0;Regular Season;0;0;0;0;0;0;0;0;0;0
41338;1988;1;16; Arena;0;284;297;0;0;0;0;0;0;0;0;0;0;0;0;;;;0;0;0;0;0;0;0;0;0;0;0;0;0;0;0;0;0;0;0;0;0;0;0;0;Regular Season;0;0;0;0;0;0;0;0;0;0
41430;1988;1;16; Arena;0;303;304;0;0;0;0;0;0;0;0;0;0;0;0;;;;0;0;0;0;0;0;0;0;0;0;0;0;0;0;0;0;0;0;0;0;0;0;0;0;Regular Season;0;0;0;0;0;0;0;0;0;0
41347;1988;1;16; Arena;0;301;291;0;0;0;0;0;0;0;0;0;0;0;0;;;;0;0;0;0;0;0;0;0;0;0;0;0;0;0;0;0;0;0;0;0;0;0;0;0;Regular Season;0;0;0;0;0;0;0;0;0;0
41353;1988;1;17; Arena;0;305;288;0;0;0;0;0;0;0;0;0;0;0;0;;;;0;0;0;0;0;0;0;0;0;0;0;0;0;0;0;0;0;0;0;0;0;0;0;0;Regular Season;0;0;0;0;0;0;0;0;0;0
41407;1988;1;18; Arena;0;303;300;0;0;0;0;0;0;0;0;0;0;0;0;;;;0;0;0;0;0;0;0;0;0;0;0;0;0;0;0;0;0;0;0;0;0;0;0;0;Regular Season;0;0;0;0;0;0;0;0;0;0
41303;1988;1;18; Arena;0;301;294;0;0;0;0;0;0;0;0;0;0;0;0;;;;0;0;0;0;0;0;0;0;0;0;0;0;0;0;0;0;0;0;0;0;0;0;0;0;Regular Season;0;0;0;0;0;0;0;0;0;0
41370;1988;1;18; Arena;0;284;292;0;0;0;0;0;0;0;0;0;0;0;0;;;;0;0;0;0;0;0;0;0;0;0;0;0;0;0;0;0;0;0;0;0;0;0;0;0;Regular Season;0;0;0;0;0;0;0;0;0;0
41265;1988;1;18; Arena;0;288;302;0;0;0;0;0;0;0;0;0;0;0;0;;;;0;0;0;0;0;0;0;0;0;0;0;0;0;0;0;0;0;0;0;0;0;0;0;0;Regular Season;0;0;0;0;0;0;0;0;0;0
41397;1988;1;18; Arena;0;297;293;0;0;0;0;0;0;0;0;0;0;0;0;;;;0;0;0;0;0;0;0;0;0;0;0;0;0;0;0;0;0;0;0;0;0;0;0;0;Regular Season;0;0;0;0;0;0;0;0;0;0
41304;1988;1;18; Arena;0;285;296;0;0;0;0;0;0;0;0;0;0;0;0;;;;0;0;0;0;0;0;0;0;0;0;0;0;0;0;0;0;0;0;0;0;0;0;0;0;Regular Season;0;0;0;0;0;0;0;0;0;0
41336;1988;1;18; Arena;0;298;299;0;0;0;0;0;0;0;0;0;0;0;0;;;;0;0;0;0;0;0;0;0;0;0;0;0;0;0;0;0;0;0;0;0;0;0;0;0;Regular Season;0;0;0;0;0;0;0;0;0;0
41575;1988;1;19; Arena;0;304;303;0;0;0;0;0;0;0;0;0;0;0;0;;;;0;0;0;0;0;0;0;0;0;0;0;0;0;0;0;0;0;0;0;0;0;0;0;0;Regular Season;0;0;0;0;0;0;0;0;0;0
41357;1988;1;19; Arena;0;301;290;0;0;0;0;0;0;0;0;0;0;0;0;;;;0;0;0;0;0;0;0;0;0;0;0;0;0;0;0;0;0;0;0;0;0;0;0;0;Regular Season;0;0;0;0;0;0;0;0;0;0
41409;1988;1;19; Arena;0;284;287;0;0;0;0;0;0;0;0;0;0;0;0;;;;0;0;0;0;0;0;0;0;0;0;0;0;0;0;0;0;0;0;0;0;0;0;0;0;Regular Season;0;0;0;0;0;0;0;0;0;0
41295;1988;1;19; Arena;0;283;296;0;0;0;0;0;0;0;0;0;0;0;0;;;;0;0;0;0;0;0;0;0;0;0;0;0;0;0;0;0;0;0;0;0;0;0;0;0;Regular Season;0;0;0;0;0;0;0;0;0;0
41306;1988;1;19; Arena;0;302;286;0;0;0;0;0;0;0;0;0;0;0;0;;;;0;0;0;0;0;0;0;0;0;0;0;0;0;0;0;0;0;0;0;0;0;0;0;0;Regular Season;0;0;0;0;0;0;0;0;0;0
41495;1988;1;19; Arena;0;282;299;0;0;0;0;0;0;0;0;0;0;0;0;;;;0;0;0;0;0;0;0;0;0;0;0;0;0;0;0;0;0;0;0;0;0;0;0;0;Regular Season;0;0;0;0;0;0;0;0;0;0
41376;1988;1;19; Arena;0;285;294;0;0;0;0;0;0;0;0;0;0;0;0;;;;0;0;0;0;0;0;0;0;0;0;0;0;0;0;0;0;0;0;0;0;0;0;0;0;Regular Season;0;0;0;0;0;0;0;0;0;0
41412;1988;1;20; Arena;0;305;286;0;0;0;0;0;0;0;0;0;0;0;0;;;;0;0;0;0;0;0;0;0;0;0;0;0;0;0;0;0;0;0;0;0;0;0;0;0;Regular Season;0;0;0;0;0;0;0;0;0;0
41413;1988;1;20; Arena;0;297;289;0;0;0;0;0;0;0;0;0;0;0;0;;;;0;0;0;0;0;0;0;0;0;0;0;0;0;0;0;0;0;0;0;0;0;0;0;0;Regular Season;0;0;0;0;0;0;0;0;0;0
41341;1988;1;20; Arena;0;283;295;0;0;0;0;0;0;0;0;0;0;0;0;;;;0;0;0;0;0;0;0;0;0;0;0;0;0;0;0;0;0;0;0;0;0;0;0;0;Regular Season;0;0;0;0;0;0;0;0;0;0
41473;1988;1;20; Arena;0;293;288;0;0;0;0;0;0;0;0;0;0;0;0;;;;0;0;0;0;0;0;0;0;0;0;0;0;0;0;0;0;0;0;0;0;0;0;0;0;Regular Season;0;0;0;0;0;0;0;0;0;0
41315;1988;1;21; Arena;0;292;298;0;0;0;0;0;0;0;0;0;0;0;0;;;;0;0;0;0;0;0;0;0;0;0;0;0;0;0;0;0;0;0;0;0;0;0;0;0;Regular Season;0;0;0;0;0;0;0;0;0;0
41366;1988;1;21; Arena;0;305;290;0;0;0;0;0;0;0;0;0;0;0;0;;;;0;0;0;0;0;0;0;0;0;0;0;0;0;0;0;0;0;0;0;0;0;0;0;0;Regular Season;0;0;0;0;0;0;0;0;0;0
41309;1988;1;21; Arena;0;287;302;0;0;0;0;0;0;0;0;0;0;0;0;;;;0;0;0;0;0;0;0;0;0;0;0;0;0;0;0;0;0;0;0;0;0;0;0;0;Regular Season;0;0;0;0;0;0;0;0;0;0
41363;1988;1;21; Arena;0;288;295;0;0;0;0;0;0;0;0;0;0;0;0;;;;0;0;0;0;0;0;0;0;0;0;0;0;0;0;0;0;0;0;0;0;0;0;0;0;Regular Season;0;0;0;0;0;0;0;0;0;0
41399;1988;1;21; Arena;0;285;291;0;0;0;0;0;0;0;0;0;0;0;0;;;;0;0;0;0;0;0;0;0;0;0;0;0;0;0;0;0;0;0;0;0;0;0;0;0;Regular Season;0;0;0;0;0;0;0;0;0;0
41337;1988;1;22; Arena;0;286;298;0;0;0;0;0;0;0;0;0;0;0;0;;;;0;0;0;0;0;0;0;0;0;0;0;0;0;0;0;0;0;0;0;0;0;0;0;0;Regular Season;0;0;0;0;0;0;0;0;0;0
41380;1988;1;22; Arena;0;292;304;0;0;0;0;0;0;0;0;0;0;0;0;;;;0;0;0;0;0;0;0;0;0;0;0;0;0;0;0;0;0;0;0;0;0;0;0;0;Regular Season;0;0;0;0;0;0;0;0;0;0
41311;1988;1;22; Arena;0;300;296;0;0;0;0;0;0;0;0;0;0;0;0;;;;0;0;0;0;0;0;0;0;0;0;0;0;0;0;0;0;0;0;0;0;0;0;0;0;Regular Season;0;0;0;0;0;0;0;0;0;0
41355;1988;1;22; Arena;0;294;283;0;0;0;0;0;0;0;0;0;0;0;0;;;;0;0;0;0;0;0;0;0;0;0;0;0;0;0;0;0;0;0;0;0;0;0;0;0;Regular Season;0;0;0;0;0;0;0;0;0;0
41349;1988;1;22; Arena;0;301;287;0;0;0;0;0;0;0;0;0;0;0;0;;;;0;0;0;0;0;0;0;0;0;0;0;0;0;0;0;0;0;0;0;0;0;0;0;0;Regular Season;0;0;0;0;0;0;0;0;0;0
41440;1988;1;22; Arena;0;299;284;0;0;0;0;0;0;0;0;0;0;0;0;;;;0;0;0;0;0;0;0;0;0;0;0;0;0;0;0;0;0;0;0;0;0;0;0;0;Regular Season;0;0;0;0;0;0;0;0;0;0
41392;1988;1;23; Arena;0;290;289;0;0;0;0;0;0;0;0;0;0;0;0;;;;0;0;0;0;0;0;0;0;0;0;0;0;0;0;0;0;0;0;0;0;0;0;0;0;Regular Season;0;0;0;0;0;0;0;0;0;0
41384;1988;1;23; Arena;0;295;305;0;0;0;0;0;0;0;0;0;0;0;0;;;;0;0;0;0;0;0;0;0;0;0;0;0;0;0;0;0;0;0;0;0;0;0;0;0;Regular Season;0;0;0;0;0;0;0;0;0;0
41390;1988;1;23; Arena;0;291;304;0;0;0;0;0;0;0;0;0;0;0;0;;;;0;0;0;0;0;0;0;0;0;0;0;0;0;0;0;0;0;0;0;0;0;0;0;0;Regular Season;0;0;0;0;0;0;0;0;0;0
41468;1988;1;24; Arena;0;293;289;0;0;0;0;0;0;0;0;0;0;0;0;;;;0;0;0;0;0;0;0;0;0;0;0;0;0;0;0;0;0;0;0;0;0;0;0;0;Regular Season;0;0;0;0;0;0;0;0;0;0
41415;1988;1;24; Arena;0;297;291;0;0;0;0;0;0;0;0;0;0;0;0;;;;0;0;0;0;0;0;0;0;0;0;0;0;0;0;0;0;0;0;0;0;0;0;0;0;Regular Season;0;0;0;0;0;0;0;0;0;0
41443;1988;1;24; Arena;0;300;303;0;0;0;0;0;0;0;0;0;0;0;0;;;;0;0;0;0;0;0;0;0;0;0;0;0;0;0;0;0;0;0;0;0;0;0;0;0;Regular Season;0;0;0;0;0;0;0;0;0;0
41471;1988;1;25; Arena;0;284;304;0;0;0;0;0;0;0;0;0;0;0;0;;;;0;0;0;0;0;0;0;0;0;0;0;0;0;0;0;0;0;0;0;0;0;0;0;0;Regular Season;0;0;0;0;0;0;0;0;0;0
41327;1988;1;25; Arena;0;302;293;0;0;0;0;0;0;0;0;0;0;0;0;;;;0;0;0;0;0;0;0;0;0;0;0;0;0;0;0;0;0;0;0;0;0;0;0;0;Regular Season;0;0;0;0;0;0;0;0;0;0
41333;1988;1;25; Arena;0;296;287;0;0;0;0;0;0;0;0;0;0;0;0;;;;0;0;0;0;0;0;0;0;0;0;0;0;0;0;0;0;0;0;0;0;0;0;0;0;Regular Season;0;0;0;0;0;0;0;0;0;0
41362;1988;1;26; Arena;0;288;301;0;0;0;0;0;0;0;0;0;0;0;0;;;;0;0;0;0;0;0;0;0;0;0;0;0;0;0;0;0;0;0;0;0;0;0;0;0;Regular Season;0;0;0;0;0;0;0;0;0;0
41373;1988;1;26; Arena;0;296;283;0;0;0;0;0;0;0;0;0;0;0;0;;;;0;0;0;0;0;0;0;0;0;0;0;0;0;0;0;0;0;0;0;0;0;0;0;0;Regular Season;0;0;0;0;0;0;0;0;0;0
41404;1988;1;26; Arena;0;294;305;0;0;0;0;0;0;0;0;0;0;0;0;;;;0;0;0;0;0;0;0;0;0;0;0;0;0;0;0;0;0;0;0;0;0;0;0;0;Regular Season;0;0;0;0;0;0;0;0;0;0
41339;1988;1;26; Arena;0;290;298;0;0;0;0;0;0;0;0;0;0;0;0;;;;0;0;0;0;0;0;0;0;0;0;0;0;0;0;0;0;0;0;0;0;0;0;0;0;Regular Season;0;0;0;0;0;0;0;0;0;0
41388;1988;1;26; Arena;0;297;295;0;0;0;0;0;0;0;0;0;0;0;0;;;;0;0;0;0;0;0;0;0;0;0;0;0;0;0;0;0;0;0;0;0;0;0;0;0;Regular Season;0;0;0;0;0;0;0;0;0;0
41481;1988;1;26; Arena;0;282;284;0;0;0;0;0;0;0;0;0;0;0;0;;;;0;0;0;0;0;0;0;0;0;0;0;0;0;0;0;0;0;0;0;0;0;0;0;0;Regular Season;0;0;0;0;0;0;0;0;0;0
41417;1988;1;26; Arena;0;289;292;0;0;0;0;0;0;0;0;0;0;0;0;;;;0;0;0;0;0;0;0;0;0;0;0;0;0;0;0;0;0;0;0;0;0;0;0;0;Regular Season;0;0;0;0;0;0;0;0;0;0
41449;1988;1;26; Arena;0;291;303;0;0;0;0;0;0;0;0;0;0;0;0;;;;0;0;0;0;0;0;0;0;0;0;0;0;0;0;0;0;0;0;0;0;0;0;0;0;Regular Season;0;0;0;0;0;0;0;0;0;0
41505;1988;1;26; Arena;0;285;299;0;0;0;0;0;0;0;0;0;0;0;0;;;;0;0;0;0;0;0;0;0;0;0;0;0;0;0;0;0;0;0;0;0;0;0;0;0;Regular Season;0;0;0;0;0;0;0;0;0;0
41421;1988;1;27; Arena;0;283;287;0;0;0;0;0;0;0;0;0;0;0;0;;;;0;0;0;0;0;0;0;0;0;0;0;0;0;0;0;0;0;0;0;0;0;0;0;0;Regular Season;0;0;0;0;0;0;0;0;0;0
41386;1988;1;27; Arena;0;290;295;0;0;0;0;0;0;0;0;0;0;0;0;;;;0;0;0;0;0;0;0;0;0;0;0;0;0;0;0;0;0;0;0;0;0;0;0;0;Regular Season;0;0;0;0;0;0;0;0;0;0
41472;1988;1;27; Arena;0;285;304;0;0;0;0;0;0;0;0;0;0;0;0;;;;0;0;0;0;0;0;0;0;0;0;0;0;0;0;0;0;0;0;0;0;0;0;0;0;Regular Season;0;0;0;0;0;0;0;0;0;0
41334;1988;1;27; Arena;0;305;302;0;0;0;0;0;0;0;0;0;0;0;0;;;;0;0;0;0;0;0;0;0;0;0;0;0;0;0;0;0;0;0;0;0;0;0;0;0;Regular Season;0;0;0;0;0;0;0;0;0;0
41383;1988;1;28; Arena;0;296;294;0;0;0;0;0;0;0;0;0;0;0;0;;;;0;0;0;0;0;0;0;0;0;0;0;0;0;0;0;0;0;0;0;0;0;0;0;0;Regular Season;0;0;0;0;0;0;0;0;0;0
41436;1988;1;28; Arena;0;286;299;0;0;0;0;0;0;0;0;0;0;0;0;;;;0;0;0;0;0;0;0;0;0;0;0;0;0;0;0;0;0;0;0;0;0;0;0;0;Regular Season;0;0;0;0;0;0;0;0;0;0
41422;1988;1;28; Arena;0;303;292;0;0;0;0;0;0;0;0;0;0;0;0;;;;0;0;0;0;0;0;0;0;0;0;0;0;0;0;0;0;0;0;0;0;0;0;0;0;Regular Season;0;0;0;0;0;0;0;0;0;0
41393;1988;1;28; Arena;0;288;304;0;0;0;0;0;0;0;0;0;0;0;0;;;;0;0;0;0;0;0;0;0;0;0;0;0;0;0;0;0;0;0;0;0;0;0;0;0;Regular Season;0;0;0;0;0;0;0;0;0;0
41352;1988;1;28; Arena;0;298;297;0;0;0;0;0;0;0;0;0;0;0;0;;;;0;0;0;0;0;0;0;0;0;0;0;0;0;0;0;0;0;0;0;0;0;0;0;0;Regular Season;0;0;0;0;0;0;0;0;0;0
41510;1988;1;29; Arena;0;292;302;0;0;0;0;0;0;0;0;0;0;0;0;;;;0;0;0;0;0;0;0;0;0;0;0;0;0;0;0;0;0;0;0;0;0;0;0;0;Regular Season;0;0;0;0;0;0;0;0;0;0
41408;1988;1;29; Arena;0;294;287;0;0;0;0;0;0;0;0;0;0;0;0;;;;0;0;0;0;0;0;0;0;0;0;0;0;0;0;0;0;0;0;0;0;0;0;0;0;Regular Season;0;0;0;0;0;0;0;0;0;0
41391;1988;1;29; Arena;0;301;305;0;0;0;0;0;0;0;0;0;0;0;0;;;;0;0;0;0;0;0;0;0;0;0;0;0;0;0;0;0;0;0;0;0;0;0;0;0;Regular Season;0;0;0;0;0;0;0;0;0;0
41403;1988;1;29; Arena;0;290;289;0;0;0;0;0;0;0;0;0;0;0;0;;;;0;0;0;0;0;0;0;0;0;0;0;0;0;0;0;0;0;0;0;0;0;0;0;0;Regular Season;0;0;0;0;0;0;0;0;0;0
41503;1988;1;29; Arena;0;286;284;0;0;0;0;0;0;0;0;0;0;0;0;;;;0;0;0;0;0;0;0;0;0;0;0;0;0;0;0;0;0;0;0;0;0;0;0;0;Regular Season;0;0;0;0;0;0;0;0;0;0
41478;1988;1;29; Arena;0;291;293;0;0;0;0;0;0;0;0;0;0;0;0;;;;0;0;0;0;0;0;0;0;0;0;0;0;0;0;0;0;0;0;0;0;0;0;0;0;Regular Season;0;0;0;0;0;0;0;0;0;0
41512;1988;1;30; Arena;0;291;284;0;0;0;0;0;0;0;0;0;0;0;0;;;;0;0;0;0;0;0;0;0;0;0;0;0;0;0;0;0;0;0;0;0;0;0;0;0;Regular Season;0;0;0;0;0;0;0;0;0;0
41424;1988;1;30; Arena;0;300;297;0;0;0;0;0;0;0;0;0;0;0;0;;;;0;0;0;0;0;0;0;0;0;0;0;0;0;0;0;0;0;0;0;0;0;0;0;0;Regular Season;0;0;0;0;0;0;0;0;0;0
41402;1988;1;30; Arena;0;301;288;0;0;0;0;0;0;0;0;0;0;0;0;;;;0;0;0;0;0;0;0;0;0;0;0;0;0;0;0;0;0;0;0;0;0;0;0;0;Regular Season;0;0;0;0;0;0;0;0;0;0
41507;1988;1;30; Arena;0;303;293;0;0;0;0;0;0;0;0;0;0;0;0;;;;0;0;0;0;0;0;0;0;0;0;0;0;0;0;0;0;0;0;0;0;0;0;0;0;Regular Season;0;0;0;0;0;0;0;0;0;0
41395;1988;1;30; Arena;0;299;302;0;0;0;0;0;0;0;0;0;0;0;0;;;;0;0;0;0;0;0;0;0;0;0;0;0;0;0;0;0;0;0;0;0;0;0;0;0;Regular Season;0;0;0;0;0;0;0;0;0;0
41526;1988;1;31; Arena;0;286;285;0;0;0;0;0;0;0;0;0;0;0;0;;;;0;0;0;0;0;0;0;0;0;0;0;0;0;0;0;0;0;0;0;0;0;0;0;0;Regular Season;0;0;0;0;0;0;0;0;0;0
41444;1988;1;31; Arena;0;300;283;0;0;0;0;0;0;0;0;0;0;0;0;;;;0;0;0;0;0;0;0;0;0;0;0;0;0;0;0;0;0;0;0;0;0;0;0;0;Regular Season;0;0;0;0;0;0;0;0;0;0
41454;1988;1;31; Arena;0;295;289;0;0;0;0;0;0;0;0;0;0;0;0;;;;0;0;0;0;0;0;0;0;0;0;0;0;0;0;0;0;0;0;0;0;0;0;0;0;Regular Season;0;0;0;0;0;0;0;0;0;0
41374;1988;1;31; Arena;0;292;298;0;0;0;0;0;0;0;0;0;0;0;0;;;;0;0;0;0;0;0;0;0;0;0;0;0;0;0;0;0;0;0;0;0;0;0;0;0;Regular Season;0;0;0;0;0;0;0;0;0;0
41396;1988;2;1; Arena;0;293;296;0;0;0;0;0;0;0;0;0;0;0;0;;;;0;0;0;0;0;0;0;0;0;0;0;0;0;0;0;0;0;0;0;0;0;0;0;0;Regular Season;0;0;0;0;0;0;0;0;0;0
41439;1988;2;1; Arena;0;294;282;0;0;0;0;0;0;0;0;0;0;0;0;;;;0;0;0;0;0;0;0;0;0;0;0;0;0;0;0;0;0;0;0;0;0;0;0;0;Regular Season;0;0;0;0;0;0;0;0;0;0
41465;1988;2;1; Arena;0;304;301;0;0;0;0;0;0;0;0;0;0;0;0;;;;0;0;0;0;0;0;0;0;0;0;0;0;0;0;0;0;0;0;0;0;0;0;0;0;Regular Season;0;0;0;0;0;0;0;0;0;0
41414;1988;2;2; Arena;0;305;304;0;0;0;0;0;0;0;0;0;0;0;0;;;;0;0;0;0;0;0;0;0;0;0;0;0;0;0;0;0;0;0;0;0;0;0;0;0;Regular Season;0;0;0;0;0;0;0;0;0;0
41748;1988;2;2; Arena;0;303;284;0;0;0;0;0;0;0;0;0;0;0;0;;;;0;0;0;0;0;0;0;0;0;0;0;0;0;0;0;0;0;0;0;0;0;0;0;0;Regular Season;0;0;0;0;0;0;0;0;0;0
41405;1988;2;2; Arena;0;290;292;0;0;0;0;0;0;0;0;0;0;0;0;;;;0;0;0;0;0;0;0;0;0;0;0;0;0;0;0;0;0;0;0;0;0;0;0;0;Regular Season;0;0;0;0;0;0;0;0;0;0
41434;1988;2;2; Arena;0;302;283;0;0;0;0;0;0;0;0;0;0;0;0;;;;0;0;0;0;0;0;0;0;0;0;0;0;0;0;0;0;0;0;0;0;0;0;0;0;Regular Season;0;0;0;0;0;0;0;0;0;0
41463;1988;2;2; Arena;0;300;295;0;0;0;0;0;0;0;0;0;0;0;0;;;;0;0;0;0;0;0;0;0;0;0;0;0;0;0;0;0;0;0;0;0;0;0;0;0;Regular Season;0;0;0;0;0;0;0;0;0;0
41486;1988;2;2; Arena;0;289;286;0;0;0;0;0;0;0;0;0;0;0;0;;;;0;0;0;0;0;0;0;0;0;0;0;0;0;0;0;0;0;0;0;0;0;0;0;0;Regular Season;0;0;0;0;0;0;0;0;0;0
41378;1988;2;2; Arena;0;298;293;0;0;0;0;0;0;0;0;0;0;0;0;;;;0;0;0;0;0;0;0;0;0;0;0;0;0;0;0;0;0;0;0;0;0;0;0;0;Regular Season;0;0;0;0;0;0;0;0;0;0
41458;1988;2;2; Arena;0;297;285;0;0;0;0;0;0;0;0;0;0;0;0;;;;0;0;0;0;0;0;0;0;0;0;0;0;0;0;0;0;0;0;0;0;0;0;0;0;Regular Season;0;0;0;0;0;0;0;0;0;0
41400;1988;2;2; Arena;0;287;296;0;0;0;0;0;0;0;0;0;0;0;0;;;;0;0;0;0;0;0;0;0;0;0;0;0;0;0;0;0;0;0;0;0;0;0;0;0;Regular Season;0;0;0;0;0;0;0;0;0;0
41428;1988;2;3; Arena;0;292;284;0;0;0;0;0;0;0;0;0;0;0;0;;;;0;0;0;0;0;0;0;0;0;0;0;0;0;0;0;0;0;0;0;0;0;0;0;0;Regular Season;0;0;0;0;0;0;0;0;0;0
41475;1988;2;3; Arena;0;299;297;0;0;0;0;0;0;0;0;0;0;0;0;;;;0;0;0;0;0;0;0;0;0;0;0;0;0;0;0;0;0;0;0;0;0;0;0;0;Regular Season;0;0;0;0;0;0;0;0;0;0
41552;1988;2;3; Arena;0;303;300;0;0;0;0;0;0;0;0;0;0;0;0;;;;0;0;0;0;0;0;0;0;0;0;0;0;0;0;0;0;0;0;0;0;0;0;0;0;Regular Season;0;0;0;0;0;0;0;0;0;0
41461;1988;2;3; Arena;0;295;294;0;0;0;0;0;0;0;0;0;0;0;0;;;;0;0;0;0;0;0;0;0;0;0;0;0;0;0;0;0;0;0;0;0;0;0;0;0;Regular Season;0;0;0;0;0;0;0;0;0;0
41499;1988;2;4; Arena;0;286;288;0;0;0;0;0;0;0;0;0;0;0;0;;;;0;0;0;0;0;0;0;0;0;0;0;0;0;0;0;0;0;0;0;0;0;0;0;0;Regular Season;0;0;0;0;0;0;0;0;0;0
41411;1988;2;4; Arena;0;290;296;0;0;0;0;0;0;0;0;0;0;0;0;;;;0;0;0;0;0;0;0;0;0;0;0;0;0;0;0;0;0;0;0;0;0;0;0;0;Regular Season;0;0;0;0;0;0;0;0;0;0
41488;1988;2;4; Arena;0;285;304;0;0;0;0;0;0;0;0;0;0;0;0;;;;0;0;0;0;0;0;0;0;0;0;0;0;0;0;0;0;0;0;0;0;0;0;0;0;Regular Season;0;0;0;0;0;0;0;0;0;0
41433;1988;2;4; Arena;0;301;287;0;0;0;0;0;0;0;0;0;0;0;0;;;;0;0;0;0;0;0;0;0;0;0;0;0;0;0;0;0;0;0;0;0;0;0;0;0;Regular Season;0;0;0;0;0;0;0;0;0;0
41450;1988;2;4; Arena;0;294;283;0;0;0;0;0;0;0;0;0;0;0;0;;;;0;0;0;0;0;0;0;0;0;0;0;0;0;0;0;0;0;0;0;0;0;0;0;0;Regular Season;0;0;0;0;0;0;0;0;0;0
41394;1988;2;4; Arena;0;298;291;0;0;0;0;0;0;0;0;0;0;0;0;;;;0;0;0;0;0;0;0;0;0;0;0;0;0;0;0;0;0;0;0;0;0;0;0;0;Regular Season;0;0;0;0;0;0;0;0;0;0
41420;1988;2;5; Arena;0;290;299;0;0;0;0;0;0;0;0;0;0;0;0;;;;0;0;0;0;0;0;0;0;0;0;0;0;0;0;0;0;0;0;0;0;0;0;0;0;Regular Season;0;0;0;0;0;0;0;0;0;0
41418;1988;2;5; Arena;0;291;305;0;0;0;0;0;0;0;0;0;0;0;0;;;;0;0;0;0;0;0;0;0;0;0;0;0;0;0;0;0;0;0;0;0;0;0;0;0;Regular Season;0;0;0;0;0;0;0;0;0;0
41663;1988;2;5; Arena;0;297;284;0;0;0;0;0;0;0;0;0;0;0;0;;;;0;0;0;0;0;0;0;0;0;0;0;0;0;0;0;0;0;0;0;0;0;0;0;0;Regular Season;0;0;0;0;0;0;0;0;0;0
41401;1988;2;5; Arena;0;293;302;0;0;0;0;0;0;0;0;0;0;0;0;;;;0;0;0;0;0;0;0;0;0;0;0;0;0;0;0;0;0;0;0;0;0;0;0;0;Regular Season;0;0;0;0;0;0;0;0;0;0
41483;1988;2;5; Arena;0;283;282;0;0;0;0;0;0;0;0;0;0;0;0;;;;0;0;0;0;0;0;0;0;0;0;0;0;0;0;0;0;0;0;0;0;0;0;0;0;Regular Season;0;0;0;0;0;0;0;0;0;0
41453;1988;2;5; Arena;0;286;292;0;0;0;0;0;0;0;0;0;0;0;0;;;;0;0;0;0;0;0;0;0;0;0;0;0;0;0;0;0;0;0;0;0;0;0;0;0;Regular Season;0;0;0;0;0;0;0;0;0;0
41427;1988;2;6; Arena;0;301;305;0;0;0;0;0;0;0;0;0;0;0;0;;;;0;0;0;0;0;0;0;0;0;0;0;0;0;0;0;0;0;0;0;0;0;0;0;0;Regular Season;0;0;0;0;0;0;0;0;0;0
41451;1988;2;6; Arena;0;285;287;0;0;0;0;0;0;0;0;0;0;0;0;;;;0;0;0;0;0;0;0;0;0;0;0;0;0;0;0;0;0;0;0;0;0;0;0;0;Regular Season;0;0;0;0;0;0;0;0;0;0
41429;1988;2;6; Arena;0;302;298;0;0;0;0;0;0;0;0;0;0;0;0;;;;0;0;0;0;0;0;0;0;0;0;0;0;0;0;0;0;0;0;0;0;0;0;0;0;Regular Season;0;0;0;0;0;0;0;0;0;0
41477;1988;2;6; Arena;0;288;289;0;0;0;0;0;0;0;0;0;0;0;0;;;;0;0;0;0;0;0;0;0;0;0;0;0;0;0;0;0;0;0;0;0;0;0;0;0;Regular Season;0;0;0;0;0;0;0;0;0;0
41506;1988;2;6; Arena;0;299;300;0;0;0;0;0;0;0;0;0;0;0;0;;;;0;0;0;0;0;0;0;0;0;0;0;0;0;0;0;0;0;0;0;0;0;0;0;0;Regular Season;0;0;0;0;0;0;0;0;0;0
41474;1988;2;7; Arena;0;282;295;0;0;0;0;0;0;0;0;0;0;0;0;;;;0;0;0;0;0;0;0;0;0;0;0;0;0;0;0;0;0;0;0;0;0;0;0;0;Regular Season;0;0;0;0;0;0;0;0;0;0
41600;1988;2;7; Arena;0;289;291;0;0;0;0;0;0;0;0;0;0;0;0;;;;0;0;0;0;0;0;0;0;0;0;0;0;0;0;0;0;0;0;0;0;0;0;0;0;Regular Season;0;0;0;0;0;0;0;0;0;0
41549;1988;2;8; Arena;0;295;299;0;0;0;0;0;0;0;0;0;0;0;0;;;;0;0;0;0;0;0;0;0;0;0;0;0;0;0;0;0;0;0;0;0;0;0;0;0;Regular Season;0;0;0;0;0;0;0;0;0;0
41438;1988;2;8; Arena;0;290;288;0;0;0;0;0;0;0;0;0;0;0;0;;;;0;0;0;0;0;0;0;0;0;0;0;0;0;0;0;0;0;0;0;0;0;0;0;0;Regular Season;0;0;0;0;0;0;0;0;0;0
41518;1988;2;8; Arena;0;300;302;0;0;0;0;0;0;0;0;0;0;0;0;;;;0;0;0;0;0;0;0;0;0;0;0;0;0;0;0;0;0;0;0;0;0;0;0;0;Regular Season;0;0;0;0;0;0;0;0;0;0
41492;1988;2;8; Arena;0;304;282;0;0;0;0;0;0;0;0;0;0;0;0;;;;0;0;0;0;0;0;0;0;0;0;0;0;0;0;0;0;0;0;0;0;0;0;0;0;Regular Season;0;0;0;0;0;0;0;0;0;0
41487;1988;2;8; Arena;0;294;284;0;0;0;0;0;0;0;0;0;0;0;0;;;;0;0;0;0;0;0;0;0;0;0;0;0;0;0;0;0;0;0;0;0;0;0;0;0;Regular Season;0;0;0;0;0;0;0;0;0;0
41425;1988;2;9; Arena;0;303;296;0;0;0;0;0;0;0;0;0;0;0;0;;;;0;0;0;0;0;0;0;0;0;0;0;0;0;0;0;0;0;0;0;0;0;0;0;0;Regular Season;0;0;0;0;0;0;0;0;0;0
41442;1988;2;9; Arena;0;290;289;0;0;0;0;0;0;0;0;0;0;0;0;;;;0;0;0;0;0;0;0;0;0;0;0;0;0;0;0;0;0;0;0;0;0;0;0;0;Regular Season;0;0;0;0;0;0;0;0;0;0
41467;1988;2;9; Arena;0;285;294;0;0;0;0;0;0;0;0;0;0;0;0;;;;0;0;0;0;0;0;0;0;0;0;0;0;0;0;0;0;0;0;0;0;0;0;0;0;Regular Season;0;0;0;0;0;0;0;0;0;0
41489;1988;2;9; Arena;0;304;283;0;0;0;0;0;0;0;0;0;0;0;0;;;;0;0;0;0;0;0;0;0;0;0;0;0;0;0;0;0;0;0;0;0;0;0;0;0;Regular Season;0;0;0;0;0;0;0;0;0;0
41435;1988;2;9; Arena;0;301;298;0;0;0;0;0;0;0;0;0;0;0;0;;;;0;0;0;0;0;0;0;0;0;0;0;0;0;0;0;0;0;0;0;0;0;0;0;0;Regular Season;0;0;0;0;0;0;0;0;0;0
41497;1988;2;9; Arena;0;292;286;0;0;0;0;0;0;0;0;0;0;0;0;;;;0;0;0;0;0;0;0;0;0;0;0;0;0;0;0;0;0;0;0;0;0;0;0;0;Regular Season;0;0;0;0;0;0;0;0;0;0
41527;1988;2;9; Arena;0;293;299;0;0;0;0;0;0;0;0;0;0;0;0;;;;0;0;0;0;0;0;0;0;0;0;0;0;0;0;0;0;0;0;0;0;0;0;0;0;Regular Season;0;0;0;0;0;0;0;0;0;0
41437;1988;2;10; Arena;0;289;298;0;0;0;0;0;0;0;0;0;0;0;0;;;;0;0;0;0;0;0;0;0;0;0;0;0;0;0;0;0;0;0;0;0;0;0;0;0;Regular Season;0;0;0;0;0;0;0;0;0;0
41445;1988;2;10; Arena;0;297;296;0;0;0;0;0;0;0;0;0;0;0;0;;;;0;0;0;0;0;0;0;0;0;0;0;0;0;0;0;0;0;0;0;0;0;0;0;0;Regular Season;0;0;0;0;0;0;0;0;0;0
41452;1988;2;10; Arena;0;291;287;0;0;0;0;0;0;0;0;0;0;0;0;;;;0;0;0;0;0;0;0;0;0;0;0;0;0;0;0;0;0;0;0;0;0;0;0;0;Regular Season;0;0;0;0;0;0;0;0;0;0
41469;1988;2;10; Arena;0;303;305;0;0;0;0;0;0;0;0;0;0;0;0;;;;0;0;0;0;0;0;0;0;0;0;0;0;0;0;0;0;0;0;0;0;0;0;0;0;Regular Season;0;0;0;0;0;0;0;0;0;0
41605;1988;2;11; Arena;0;287;282;0;0;0;0;0;0;0;0;0;0;0;0;;;;0;0;0;0;0;0;0;0;0;0;0;0;0;0;0;0;0;0;0;0;0;0;0;0;Regular Season;0;0;0;0;0;0;0;0;0;0
41462;1988;2;11; Arena;0;292;297;0;0;0;0;0;0;0;0;0;0;0;0;;;;0;0;0;0;0;0;0;0;0;0;0;0;0;0;0;0;0;0;0;0;0;0;0;0;Regular Season;0;0;0;0;0;0;0;0;0;0
41470;1988;2;11; Arena;0;302;290;0;0;0;0;0;0;0;0;0;0;0;0;;;;0;0;0;0;0;0;0;0;0;0;0;0;0;0;0;0;0;0;0;0;0;0;0;0;Regular Season;0;0;0;0;0;0;0;0;0;0
41514;1988;2;11; Arena;0;286;288;0;0;0;0;0;0;0;0;0;0;0;0;;;;0;0;0;0;0;0;0;0;0;0;0;0;0;0;0;0;0;0;0;0;0;0;0;0;Regular Season;0;0;0;0;0;0;0;0;0;0
41504;1988;2;11; Arena;0;293;294;0;0;0;0;0;0;0;0;0;0;0;0;;;;0;0;0;0;0;0;0;0;0;0;0;0;0;0;0;0;0;0;0;0;0;0;0;0;Regular Season;0;0;0;0;0;0;0;0;0;0
41536;1988;2;11; Arena;0;299;295;0;0;0;0;0;0;0;0;0;0;0;0;;;;0;0;0;0;0;0;0;0;0;0;0;0;0;0;0;0;0;0;0;0;0;0;0;0;Regular Season;0;0;0;0;0;0;0;0;0;0
41455;1988;2;11; Arena;0;305;283;0;0;0;0;0;0;0;0;0;0;0;0;;;;0;0;0;0;0;0;0;0;0;0;0;0;0;0;0;0;0;0;0;0;0;0;0;0;Regular Season;0;0;0;0;0;0;0;0;0;0
41441;1988;2;12; Arena;0;291;298;0;0;0;0;0;0;0;0;0;0;0;0;;;;0;0;0;0;0;0;0;0;0;0;0;0;0;0;0;0;0;0;0;0;0;0;0;0;Regular Season;0;0;0;0;0;0;0;0;0;0
41491;1988;2;12; Arena;0;304;284;0;0;0;0;0;0;0;0;0;0;0;0;;;;0;0;0;0;0;0;0;0;0;0;0;0;0;0;0;0;0;0;0;0;0;0;0;0;Regular Season;0;0;0;0;0;0;0;0;0;0
41431;1988;2;12; Arena;0;296;301;0;0;0;0;0;0;0;0;0;0;0;0;;;;0;0;0;0;0;0;0;0;0;0;0;0;0;0;0;0;0;0;0;0;0;0;0;0;Regular Season;0;0;0;0;0;0;0;0;0;0
41553;1988;2;12; Arena;0;300;286;0;0;0;0;0;0;0;0;0;0;0;0;;;;0;0;0;0;0;0;0;0;0;0;0;0;0;0;0;0;0;0;0;0;0;0;0;0;Regular Season;0;0;0;0;0;0;0;0;0;0
41500;1988;2;12; Arena;0;283;303;0;0;0;0;0;0;0;0;0;0;0;0;;;;0;0;0;0;0;0;0;0;0;0;0;0;0;0;0;0;0;0;0;0;0;0;0;0;Regular Season;0;0;0;0;0;0;0;0;0;0
41525;1988;2;13; Arena;0;288;292;0;0;0;0;0;0;0;0;0;0;0;0;;;;0;0;0;0;0;0;0;0;0;0;0;0;0;0;0;0;0;0;0;0;0;0;0;0;Regular Season;0;0;0;0;0;0;0;0;0;0
41476;1988;2;13; Arena;0;305;285;0;0;0;0;0;0;0;0;0;0;0;0;;;;0;0;0;0;0;0;0;0;0;0;0;0;0;0;0;0;0;0;0;0;0;0;0;0;Regular Season;0;0;0;0;0;0;0;0;0;0
41515;1988;2;13; Arena;0;289;302;0;0;0;0;0;0;0;0;0;0;0;0;;;;0;0;0;0;0;0;0;0;0;0;0;0;0;0;0;0;0;0;0;0;0;0;0;0;Regular Season;0;0;0;0;0;0;0;0;0;0
41641;1988;2;13; Arena;0;282;287;0;0;0;0;0;0;0;0;0;0;0;0;;;;0;0;0;0;0;0;0;0;0;0;0;0;0;0;0;0;0;0;0;0;0;0;0;0;Regular Season;0;0;0;0;0;0;0;0;0;0
41523;1988;2;13; Arena;0;300;297;0;0;0;0;0;0;0;0;0;0;0;0;;;;0;0;0;0;0;0;0;0;0;0;0;0;0;0;0;0;0;0;0;0;0;0;0;0;Regular Season;0;0;0;0;0;0;0;0;0;0
41571;1988;2;13; Arena;0;284;295;0;0;0;0;0;0;0;0;0;0;0;0;;;;0;0;0;0;0;0;0;0;0;0;0;0;0;0;0;0;0;0;0;0;0;0;0;0;Regular Season;0;0;0;0;0;0;0;0;0;0
41705;1988;2;14; Arena;0;293;291;0;0;0;0;0;0;0;0;0;0;0;0;;;;0;0;0;0;0;0;0;0;0;0;0;0;0;0;0;0;0;0;0;0;0;0;0;0;Regular Season;0;0;0;0;0;0;0;0;0;0
41479;1988;2;14; Arena;0;301;285;0;0;0;0;0;0;0;0;0;0;0;0;;;;0;0;0;0;0;0;0;0;0;0;0;0;0;0;0;0;0;0;0;0;0;0;0;0;Regular Season;0;0;0;0;0;0;0;0;0;0
41528;1988;2;15; Arena;0;293;303;0;0;0;0;0;0;0;0;0;0;0;0;;;;0;0;0;0;0;0;0;0;0;0;0;0;0;0;0;0;0;0;0;0;0;0;0;0;Regular Season;0;0;0;0;0;0;0;0;0;0
41494;1988;2;15; Arena;0;300;304;0;0;0;0;0;0;0;0;0;0;0;0;;;;0;0;0;0;0;0;0;0;0;0;0;0;0;0;0;0;0;0;0;0;0;0;0;0;Regular Season;0;0;0;0;0;0;0;0;0;0
41534;1988;2;15; Arena;0;289;305;0;0;0;0;0;0;0;0;0;0;0;0;;;;0;0;0;0;0;0;0;0;0;0;0;0;0;0;0;0;0;0;0;0;0;0;0;0;Regular Season;0;0;0;0;0;0;0;0;0;0
41490;1988;2;15; Arena;0;294;301;0;0;0;0;0;0;0;0;0;0;0;0;;;;0;0;0;0;0;0;0;0;0;0;0;0;0;0;0;0;0;0;0;0;0;0;0;0;Regular Season;0;0;0;0;0;0;0;0;0;0
41580;1988;2;15; Arena;0;292;282;0;0;0;0;0;0;0;0;0;0;0;0;;;;0;0;0;0;0;0;0;0;0;0;0;0;0;0;0;0;0;0;0;0;0;0;0;0;Regular Season;0;0;0;0;0;0;0;0;0;0
41516;1988;2;16; Arena;0;283;284;0;0;0;0;0;0;0;0;0;0;0;0;;;;0;0;0;0;0;0;0;0;0;0;0;0;0;0;0;0;0;0;0;0;0;0;0;0;Regular Season;0;0;0;0;0;0;0;0;0;0
41547;1988;2;16; Arena;0;305;303;0;0;0;0;0;0;0;0;0;0;0;0;;;;0;0;0;0;0;0;0;0;0;0;0;0;0;0;0;0;0;0;0;0;0;0;0;0;Regular Season;0;0;0;0;0;0;0;0;0;0
41664;1988;2;16; Arena;0;287;285;0;0;0;0;0;0;0;0;0;0;0;0;;;;0;0;0;0;0;0;0;0;0;0;0;0;0;0;0;0;0;0;0;0;0;0;0;0;Regular Season;0;0;0;0;0;0;0;0;0;0
41466;1988;2;16; Arena;0;290;295;0;0;0;0;0;0;0;0;0;0;0;0;;;;0;0;0;0;0;0;0;0;0;0;0;0;0;0;0;0;0;0;0;0;0;0;0;0;Regular Season;0;0;0;0;0;0;0;0;0;0
41558;1988;2;16; Arena;0;302;299;0;0;0;0;0;0;0;0;0;0;0;0;;;;0;0;0;0;0;0;0;0;0;0;0;0;0;0;0;0;0;0;0;0;0;0;0;0;Regular Season;0;0;0;0;0;0;0;0;0;0
41674;1988;2;16; Arena;0;288;291;0;0;0;0;0;0;0;0;0;0;0;0;;;;0;0;0;0;0;0;0;0;0;0;0;0;0;0;0;0;0;0;0;0;0;0;0;0;Regular Season;0;0;0;0;0;0;0;0;0;0
41448;1988;2;16; Arena;0;298;304;0;0;0;0;0;0;0;0;0;0;0;0;;;;0;0;0;0;0;0;0;0;0;0;0;0;0;0;0;0;0;0;0;0;0;0;0;0;Regular Season;0;0;0;0;0;0;0;0;0;0
41456;1988;2;16; Arena;0;282;296;0;0;0;0;0;0;0;0;0;0;0;0;;;;0;0;0;0;0;0;0;0;0;0;0;0;0;0;0;0;0;0;0;0;0;0;0;0;Regular Season;0;0;0;0;0;0;0;0;0;0
41563;1988;2;16; Arena;0;297;300;0;0;0;0;0;0;0;0;0;0;0;0;;;;0;0;0;0;0;0;0;0;0;0;0;0;0;0;0;0;0;0;0;0;0;0;0;0;Regular Season;0;0;0;0;0;0;0;0;0;0
41619;1988;2;17; Arena;0;292;295;0;0;0;0;0;0;0;0;0;0;0;0;;;;0;0;0;0;0;0;0;0;0;0;0;0;0;0;0;0;0;0;0;0;0;0;0;0;Regular Season;0;0;0;0;0;0;0;0;0;0
41493;1988;2;17; Arena;0;286;296;0;0;0;0;0;0;0;0;0;0;0;0;;;;0;0;0;0;0;0;0;0;0;0;0;0;0;0;0;0;0;0;0;0;0;0;0;0;Regular Season;0;0;0;0;0;0;0;0;0;0
41535;1988;2;18; Arena;0;289;290;0;0;0;0;0;0;0;0;0;0;0;0;;;;0;0;0;0;0;0;0;0;0;0;0;0;0;0;0;0;0;0;0;0;0;0;0;0;Regular Season;0;0;0;0;0;0;0;0;0;0
41517;1988;2;18; Arena;0;302;283;0;0;0;0;0;0;0;0;0;0;0;0;;;;0;0;0;0;0;0;0;0;0;0;0;0;0;0;0;0;0;0;0;0;0;0;0;0;Regular Season;0;0;0;0;0;0;0;0;0;0
41509;1988;2;18; Arena;0;288;294;0;0;0;0;0;0;0;0;0;0;0;0;;;;0;0;0;0;0;0;0;0;0;0;0;0;0;0;0;0;0;0;0;0;0;0;0;0;Regular Season;0;0;0;0;0;0;0;0;0;0
41597;1988;2;18; Arena;0;291;299;0;0;0;0;0;0;0;0;0;0;0;0;;;;0;0;0;0;0;0;0;0;0;0;0;0;0;0;0;0;0;0;0;0;0;0;0;0;Regular Season;0;0;0;0;0;0;0;0;0;0
41569;1988;2;18; Arena;0;285;284;0;0;0;0;0;0;0;0;0;0;0;0;;;;0;0;0;0;0;0;0;0;0;0;0;0;0;0;0;0;0;0;0;0;0;0;0;0;Regular Season;0;0;0;0;0;0;0;0;0;0
41459;1988;2;18; Arena;0;297;298;0;0;0;0;0;0;0;0;0;0;0;0;;;;0;0;0;0;0;0;0;0;0;0;0;0;0;0;0;0;0;0;0;0;0;0;0;0;Regular Season;0;0;0;0;0;0;0;0;0;0
41485;1988;2;18; Arena;0;305;282;0;0;0;0;0;0;0;0;0;0;0;0;;;;0;0;0;0;0;0;0;0;0;0;0;0;0;0;0;0;0;0;0;0;0;0;0;0;Regular Season;0;0;0;0;0;0;0;0;0;0
41568;1988;2;18; Arena;0;286;303;0;0;0;0;0;0;0;0;0;0;0;0;;;;0;0;0;0;0;0;0;0;0;0;0;0;0;0;0;0;0;0;0;0;0;0;0;0;Regular Season;0;0;0;0;0;0;0;0;0;0
41551;1988;2;18; Arena;0;301;293;0;0;0;0;0;0;0;0;0;0;0;0;;;;0;0;0;0;0;0;0;0;0;0;0;0;0;0;0;0;0;0;0;0;0;0;0;0;Regular Season;0;0;0;0;0;0;0;0;0;0
41501;1988;2;19; Arena;0;304;285;0;0;0;0;0;0;0;0;0;0;0;0;;;;0;0;0;0;0;0;0;0;0;0;0;0;0;0;0;0;0;0;0;0;0;0;0;0;Regular Season;0;0;0;0;0;0;0;0;0;0
41457;1988;2;19; Arena;0;296;302;0;0;0;0;0;0;0;0;0;0;0;0;;;;0;0;0;0;0;0;0;0;0;0;0;0;0;0;0;0;0;0;0;0;0;0;0;0;Regular Season;0;0;0;0;0;0;0;0;0;0
41522;1988;2;19; Arena;0;294;297;0;0;0;0;0;0;0;0;0;0;0;0;;;;0;0;0;0;0;0;0;0;0;0;0;0;0;0;0;0;0;0;0;0;0;0;0;0;Regular Season;0;0;0;0;0;0;0;0;0;0
41582;1988;2;19; Arena;0;300;284;0;0;0;0;0;0;0;0;0;0;0;0;;;;0;0;0;0;0;0;0;0;0;0;0;0;0;0;0;0;0;0;0;0;0;0;0;0;Regular Season;0;0;0;0;0;0;0;0;0;0
41520;1988;2;19; Arena;0;283;293;0;0;0;0;0;0;0;0;0;0;0;0;;;;0;0;0;0;0;0;0;0;0;0;0;0;0;0;0;0;0;0;0;0;0;0;0;0;Regular Season;0;0;0;0;0;0;0;0;0;0
41529;1988;2;19; Arena;0;287;292;0;0;0;0;0;0;0;0;0;0;0;0;;;;0;0;0;0;0;0;0;0;0;0;0;0;0;0;0;0;0;0;0;0;0;0;0;0;Regular Season;0;0;0;0;0;0;0;0;0;0
41624;1988;2;20; Arena;0;295;286;0;0;0;0;0;0;0;0;0;0;0;0;;;;0;0;0;0;0;0;0;0;0;0;0;0;0;0;0;0;0;0;0;0;0;0;0;0;Regular Season;0;0;0;0;0;0;0;0;0;0
41484;1988;2;20; Arena;0;290;298;0;0;0;0;0;0;0;0;0;0;0;0;;;;0;0;0;0;0;0;0;0;0;0;0;0;0;0;0;0;0;0;0;0;0;0;0;0;Regular Season;0;0;0;0;0;0;0;0;0;0
41707;1988;2;20; Arena;0;288;291;0;0;0;0;0;0;0;0;0;0;0;0;;;;0;0;0;0;0;0;0;0;0;0;0;0;0;0;0;0;0;0;0;0;0;0;0;0;Regular Season;0;0;0;0;0;0;0;0;0;0
41538;1988;2;21; Arena;0;289;301;0;0;0;0;0;0;0;0;0;0;0;0;;;;0;0;0;0;0;0;0;0;0;0;0;0;0;0;0;0;0;0;0;0;0;0;0;0;Regular Season;0;0;0;0;0;0;0;0;0;0
41564;1988;2;22; Arena;0;301;284;0;0;0;0;0;0;0;0;0;0;0;0;;;;0;0;0;0;0;0;0;0;0;0;0;0;0;0;0;0;0;0;0;0;0;0;0;0;Regular Season;0;0;0;0;0;0;0;0;0;0
41638;1988;2;22; Arena;0;287;300;0;0;0;0;0;0;0;0;0;0;0;0;;;;0;0;0;0;0;0;0;0;0;0;0;0;0;0;0;0;0;0;0;0;0;0;0;0;Regular Season;0;0;0;0;0;0;0;0;0;0
41554;1988;2;22; Arena;0;298;286;0;0;0;0;0;0;0;0;0;0;0;0;;;;0;0;0;0;0;0;0;0;0;0;0;0;0;0;0;0;0;0;0;0;0;0;0;0;Regular Season;0;0;0;0;0;0;0;0;0;0
41578;1988;2;22; Arena;0;302;291;0;0;0;0;0;0;0;0;0;0;0;0;;;;0;0;0;0;0;0;0;0;0;0;0;0;0;0;0;0;0;0;0;0;0;0;0;0;Regular Season;0;0;0;0;0;0;0;0;0;0
41511;1988;2;22; Arena;0;296;285;0;0;0;0;0;0;0;0;0;0;0;0;;;;0;0;0;0;0;0;0;0;0;0;0;0;0;0;0;0;0;0;0;0;0;0;0;0;Regular Season;0;0;0;0;0;0;0;0;0;0
41579;1988;2;22; Arena;0;288;290;0;0;0;0;0;0;0;0;0;0;0;0;;;;0;0;0;0;0;0;0;0;0;0;0;0;0;0;0;0;0;0;0;0;0;0;0;0;Regular Season;0;0;0;0;0;0;0;0;0;0
41581;1988;2;22; Arena;0;305;295;0;0;0;0;0;0;0;0;0;0;0;0;;;;0;0;0;0;0;0;0;0;0;0;0;0;0;0;0;0;0;0;0;0;0;0;0;0;Regular Season;0;0;0;0;0;0;0;0;0;0
41533;1988;2;22; Arena;0;304;297;0;0;0;0;0;0;0;0;0;0;0;0;;;;0;0;0;0;0;0;0;0;0;0;0;0;0;0;0;0;0;0;0;0;0;0;0;0;Regular Season;0;0;0;0;0;0;0;0;0;0
41574;1988;2;23; Arena;0;284;305;0;0;0;0;0;0;0;0;0;0;0;0;;;;0;0;0;0;0;0;0;0;0;0;0;0;0;0;0;0;0;0;0;0;0;0;0;0;Regular Season;0;0;0;0;0;0;0;0;0;0
41545;1988;2;23; Arena;0;292;294;0;0;0;0;0;0;0;0;0;0;0;0;;;;0;0;0;0;0;0;0;0;0;0;0;0;0;0;0;0;0;0;0;0;0;0;0;0;Regular Season;0;0;0;0;0;0;0;0;0;0
41555;1988;2;23; Arena;0;283;290;0;0;0;0;0;0;0;0;0;0;0;0;;;;0;0;0;0;0;0;0;0;0;0;0;0;0;0;0;0;0;0;0;0;0;0;0;0;Regular Season;0;0;0;0;0;0;0;0;0;0
41588;1988;2;23; Arena;0;282;289;0;0;0;0;0;0;0;0;0;0;0;0;;;;0;0;0;0;0;0;0;0;0;0;0;0;0;0;0;0;0;0;0;0;0;0;0;0;Regular Season;0;0;0;0;0;0;0;0;0;0
41601;1988;2;23; Arena;0;295;302;0;0;0;0;0;0;0;0;0;0;0;0;;;;0;0;0;0;0;0;0;0;0;0;0;0;0;0;0;0;0;0;0;0;0;0;0;0;Regular Season;0;0;0;0;0;0;0;0;0;0
41508;1988;2;23; Arena;0;293;296;0;0;0;0;0;0;0;0;0;0;0;0;;;;0;0;0;0;0;0;0;0;0;0;0;0;0;0;0;0;0;0;0;0;0;0;0;0;Regular Season;0;0;0;0;0;0;0;0;0;0
41519;1988;2;23; Arena;0;304;297;0;0;0;0;0;0;0;0;0;0;0;0;;;;0;0;0;0;0;0;0;0;0;0;0;0;0;0;0;0;0;0;0;0;0;0;0;0;Regular Season;0;0;0;0;0;0;0;0;0;0
41773;1988;2;23; Arena;0;286;303;0;0;0;0;0;0;0;0;0;0;0;0;;;;0;0;0;0;0;0;0;0;0;0;0;0;0;0;0;0;0;0;0;0;0;0;0;0;Regular Season;0;0;0;0;0;0;0;0;0;0
41532;1988;2;24; Arena;0;283;292;0;0;0;0;0;0;0;0;0;0;0;0;;;;0;0;0;0;0;0;0;0;0;0;0;0;0;0;0;0;0;0;0;0;0;0;0;0;Regular Season;0;0;0;0;0;0;0;0;0;0
41593;1988;2;24; Arena;0;301;282;0;0;0;0;0;0;0;0;0;0;0;0;;;;0;0;0;0;0;0;0;0;0;0;0;0;0;0;0;0;0;0;0;0;0;0;0;0;Regular Season;0;0;0;0;0;0;0;0;0;0
41577;1988;2;25; Arena;0;302;303;0;0;0;0;0;0;0;0;0;0;0;0;;;;0;0;0;0;0;0;0;0;0;0;0;0;0;0;0;0;0;0;0;0;0;0;0;0;Regular Season;0;0;0;0;0;0;0;0;0;0
41540;1988;2;25; Arena;0;299;289;0;0;0;0;0;0;0;0;0;0;0;0;;;;0;0;0;0;0;0;0;0;0;0;0;0;0;0;0;0;0;0;0;0;0;0;0;0;Regular Season;0;0;0;0;0;0;0;0;0;0
41530;1988;2;25; Arena;0;296;291;0;0;0;0;0;0;0;0;0;0;0;0;;;;0;0;0;0;0;0;0;0;0;0;0;0;0;0;0;0;0;0;0;0;0;0;0;0;Regular Season;0;0;0;0;0;0;0;0;0;0
41502;1988;2;25; Arena;0;298;294;0;0;0;0;0;0;0;0;0;0;0;0;;;;0;0;0;0;0;0;0;0;0;0;0;0;0;0;0;0;0;0;0;0;0;0;0;0;Regular Season;0;0;0;0;0;0;0;0;0;0
41566;1988;2;25; Arena;0;293;285;0;0;0;0;0;0;0;0;0;0;0;0;;;;0;0;0;0;0;0;0;0;0;0;0;0;0;0;0;0;0;0;0;0;0;0;0;0;Regular Season;0;0;0;0;0;0;0;0;0;0
41542;1988;2;25; Arena;0;304;305;0;0;0;0;0;0;0;0;0;0;0;0;;;;0;0;0;0;0;0;0;0;0;0;0;0;0;0;0;0;0;0;0;0;0;0;0;0;Regular Season;0;0;0;0;0;0;0;0;0;0
41639;1988;2;26; Arena;0;295;300;0;0;0;0;0;0;0;0;0;0;0;0;;;;0;0;0;0;0;0;0;0;0;0;0;0;0;0;0;0;0;0;0;0;0;0;0;0;Regular Season;0;0;0;0;0;0;0;0;0;0
41701;1988;2;26; Arena;0;284;286;0;0;0;0;0;0;0;0;0;0;0;0;;;;0;0;0;0;0;0;0;0;0;0;0;0;0;0;0;0;0;0;0;0;0;0;0;0;Regular Season;0;0;0;0;0;0;0;0;0;0
41531;1988;2;26; Arena;0;298;303;0;0;0;0;0;0;0;0;0;0;0;0;;;;0;0;0;0;0;0;0;0;0;0;0;0;0;0;0;0;0;0;0;0;0;0;0;0;Regular Season;0;0;0;0;0;0;0;0;0;0
41546;1988;2;26; Arena;0;283;299;0;0;0;0;0;0;0;0;0;0;0;0;;;;0;0;0;0;0;0;0;0;0;0;0;0;0;0;0;0;0;0;0;0;0;0;0;0;Regular Season;0;0;0;0;0;0;0;0;0;0
41609;1988;2;26; Arena;0;289;287;0;0;0;0;0;0;0;0;0;0;0;0;;;;0;0;0;0;0;0;0;0;0;0;0;0;0;0;0;0;0;0;0;0;0;0;0;0;Regular Season;0;0;0;0;0;0;0;0;0;0
41565;1988;2;26; Arena;0;290;285;0;0;0;0;0;0;0;0;0;0;0;0;;;;0;0;0;0;0;0;0;0;0;0;0;0;0;0;0;0;0;0;0;0;0;0;0;0;Regular Season;0;0;0;0;0;0;0;0;0;0
41683;1988;2;27; Arena;0;301;300;0;0;0;0;0;0;0;0;0;0;0;0;;;;0;0;0;0;0;0;0;0;0;0;0;0;0;0;0;0;0;0;0;0;0;0;0;0;Regular Season;0;0;0;0;0;0;0;0;0;0
41589;1988;2;27; Arena;0;288;293;0;0;0;0;0;0;0;0;0;0;0;0;;;;0;0;0;0;0;0;0;0;0;0;0;0;0;0;0;0;0;0;0;0;0;0;0;0;Regular Season;0;0;0;0;0;0;0;0;0;0
41595;1988;2;28; Arena;0;291;282;0;0;0;0;0;0;0;0;0;0;0;0;;;;0;0;0;0;0;0;0;0;0;0;0;0;0;0;0;0;0;0;0;0;0;0;0;0;Regular Season;0;0;0;0;0;0;0;0;0;0
41576;1988;2;28; Arena;0;297;299;0;0;0;0;0;0;0;0;0;0;0;0;;;;0;0;0;0;0;0;0;0;0;0;0;0;0;0;0;0;0;0;0;0;0;0;0;0;Regular Season;0;0;0;0;0;0;0;0;0;0
41541;1988;2;28; Arena;0;287;294;0;0;0;0;0;0;0;0;0;0;0;0;;;;0;0;0;0;0;0;0;0;0;0;0;0;0;0;0;0;0;0;0;0;0;0;0;0;Regular Season;0;0;0;0;0;0;0;0;0;0
41586;1988;2;29; Arena;0;290;292;0;0;0;0;0;0;0;0;0;0;0;0;;;;0;0;0;0;0;0;0;0;0;0;0;0;0;0;0;0;0;0;0;0;0;0;0;0;Regular Season;0;0;0;0;0;0;0;0;0;0
41606;1988;2;29; Arena;0;303;291;0;0;0;0;0;0;0;0;0;0;0;0;;;;0;0;0;0;0;0;0;0;0;0;0;0;0;0;0;0;0;0;0;0;0;0;0;0;Regular Season;0;0;0;0;0;0;0;0;0;0
41620;1988;2;29; Arena;0;295;283;0;0;0;0;0;0;0;0;0;0;0;0;;;;0;0;0;0;0;0;0;0;0;0;0;0;0;0;0;0;0;0;0;0;0;0;0;0;Regular Season;0;0;0;0;0;0;0;0;0;0
41629;1988;2;29; Arena;0;288;293;0;0;0;0;0;0;0;0;0;0;0;0;;;;0;0;0;0;0;0;0;0;0;0;0;0;0;0;0;0;0;0;0;0;0;0;0;0;Regular Season;0;0;0;0;0;0;0;0;0;0
41598;1988;2;29; Arena;0;282;286;0;0;0;0;0;0;0;0;0;0;0;0;;;;0;0;0;0;0;0;0;0;0;0;0;0;0;0;0;0;0;0;0;0;0;0;0;0;Regular Season;0;0;0;0;0;0;0;0;0;0
41660;1988;2;29; Arena;0;287;289;0;0;0;0;0;0;0;0;0;0;0;0;;;;0;0;0;0;0;0;0;0;0;0;0;0;0;0;0;0;0;0;0;0;0;0;0;0;Regular Season;0;0;0;0;0;0;0;0;0;0
41550;1988;3;1; Arena;0;294;288;0;0;0;0;0;0;0;0;0;0;0;0;;;;0;0;0;0;0;0;0;0;0;0;0;0;0;0;0;0;0;0;0;0;0;0;0;0;Regular Season;0;0;0;0;0;0;0;0;0;0
41585;1988;3;1; Arena;0;290;303;0;0;0;0;0;0;0;0;0;0;0;0;;;;0;0;0;0;0;0;0;0;0;0;0;0;0;0;0;0;0;0;0;0;0;0;0;0;Regular Season;0;0;0;0;0;0;0;0;0;0
41614;1988;3;1; Arena;0;284;302;0;0;0;0;0;0;0;0;0;0;0;0;;;;0;0;0;0;0;0;0;0;0;0;0;0;0;0;0;0;0;0;0;0;0;0;0;0;Regular Season;0;0;0;0;0;0;0;0;0;0
41560;1988;3;1; Arena;0;295;304;0;0;0;0;0;0;0;0;0;0;0;0;;;;0;0;0;0;0;0;0;0;0;0;0;0;0;0;0;0;0;0;0;0;0;0;0;0;Regular Season;0;0;0;0;0;0;0;0;0;0
41543;1988;3;1; Arena;0;286;296;0;0;0;0;0;0;0;0;0;0;0;0;;;;0;0;0;0;0;0;0;0;0;0;0;0;0;0;0;0;0;0;0;0;0;0;0;0;Regular Season;0;0;0;0;0;0;0;0;0;0
41556;1988;3;1; Arena;0;298;285;0;0;0;0;0;0;0;0;0;0;0;0;;;;0;0;0;0;0;0;0;0;0;0;0;0;0;0;0;0;0;0;0;0;0;0;0;0;Regular Season;0;0;0;0;0;0;0;0;0;0
41573;1988;3;2; Arena;0;301;296;0;0;0;0;0;0;0;0;0;0;0;0;;;;0;0;0;0;0;0;0;0;0;0;0;0;0;0;0;0;0;0;0;0;0;0;0;0;Regular Season;0;0;0;0;0;0;0;0;0;0
41544;1988;3;2; Arena;0;299;304;0;0;0;0;0;0;0;0;0;0;0;0;;;;0;0;0;0;0;0;0;0;0;0;0;0;0;0;0;0;0;0;0;0;0;0;0;0;Regular Season;0;0;0;0;0;0;0;0;0;0
41627;1988;3;2; Arena;0;284;293;0;0;0;0;0;0;0;0;0;0;0;0;;;;0;0;0;0;0;0;0;0;0;0;0;0;0;0;0;0;0;0;0;0;0;0;0;0;Regular Season;0;0;0;0;0;0;0;0;0;0
41596;1988;3;3; Arena;0;305;299;0;0;0;0;0;0;0;0;0;0;0;0;;;;0;0;0;0;0;0;0;0;0;0;0;0;0;0;0;0;0;0;0;0;0;0;0;0;Regular Season;0;0;0;0;0;0;0;0;0;0
41572;1988;3;3; Arena;0;283;297;0;0;0;0;0;0;0;0;0;0;0;0;;;;0;0;0;0;0;0;0;0;0;0;0;0;0;0;0;0;0;0;0;0;0;0;0;0;Regular Season;0;0;0;0;0;0;0;0;0;0
41711;1988;3;3; Arena;0;302;303;0;0;0;0;0;0;0;0;0;0;0;0;;;;0;0;0;0;0;0;0;0;0;0;0;0;0;0;0;0;0;0;0;0;0;0;0;0;Regular Season;0;0;0;0;0;0;0;0;0;0
41608;1988;3;3; Arena;0;291;300;0;0;0;0;0;0;0;0;0;0;0;0;;;;0;0;0;0;0;0;0;0;0;0;0;0;0;0;0;0;0;0;0;0;0;0;0;0;Regular Season;0;0;0;0;0;0;0;0;0;0
41570;1988;3;3; Arena;0;298;294;0;0;0;0;0;0;0;0;0;0;0;0;;;;0;0;0;0;0;0;0;0;0;0;0;0;0;0;0;0;0;0;0;0;0;0;0;0;Regular Season;0;0;0;0;0;0;0;0;0;0
41622;1988;3;3; Arena;0;287;292;0;0;0;0;0;0;0;0;0;0;0;0;;;;0;0;0;0;0;0;0;0;0;0;0;0;0;0;0;0;0;0;0;0;0;0;0;0;Regular Season;0;0;0;0;0;0;0;0;0;0
41590;1988;3;4; Arena;0;294;286;0;0;0;0;0;0;0;0;0;0;0;0;;;;0;0;0;0;0;0;0;0;0;0;0;0;0;0;0;0;0;0;0;0;0;0;0;0;Regular Season;0;0;0;0;0;0;0;0;0;0
41607;1988;3;4; Arena;0;289;285;0;0;0;0;0;0;0;0;0;0;0;0;;;;0;0;0;0;0;0;0;0;0;0;0;0;0;0;0;0;0;0;0;0;0;0;0;0;Regular Season;0;0;0;0;0;0;0;0;0;0
41642;1988;3;4; Arena;0;284;282;0;0;0;0;0;0;0;0;0;0;0;0;;;;0;0;0;0;0;0;0;0;0;0;0;0;0;0;0;0;0;0;0;0;0;0;0;0;Regular Season;0;0;0;0;0;0;0;0;0;0
41604;1988;3;4; Arena;0;301;304;0;0;0;0;0;0;0;0;0;0;0;0;;;;0;0;0;0;0;0;0;0;0;0;0;0;0;0;0;0;0;0;0;0;0;0;0;0;Regular Season;0;0;0;0;0;0;0;0;0;0
41615;1988;3;4; Arena;0;300;283;0;0;0;0;0;0;0;0;0;0;0;0;;;;0;0;0;0;0;0;0;0;0;0;0;0;0;0;0;0;0;0;0;0;0;0;0;0;Regular Season;0;0;0;0;0;0;0;0;0;0
41616;1988;3;4; Arena;0;290;287;0;0;0;0;0;0;0;0;0;0;0;0;;;;0;0;0;0;0;0;0;0;0;0;0;0;0;0;0;0;0;0;0;0;0;0;0;0;Regular Season;0;0;0;0;0;0;0;0;0;0
41729;1988;3;5; Arena;0;289;293;0;0;0;0;0;0;0;0;0;0;0;0;;;;0;0;0;0;0;0;0;0;0;0;0;0;0;0;0;0;0;0;0;0;0;0;0;0;Regular Season;0;0;0;0;0;0;0;0;0;0
41561;1988;3;5; Arena;0;296;298;0;0;0;0;0;0;0;0;0;0;0;0;;;;0;0;0;0;0;0;0;0;0;0;0;0;0;0;0;0;0;0;0;0;0;0;0;0;Regular Season;0;0;0;0;0;0;0;0;0;0
41583;1988;3;5; Arena;0;295;297;0;0;0;0;0;0;0;0;0;0;0;0;;;;0;0;0;0;0;0;0;0;0;0;0;0;0;0;0;0;0;0;0;0;0;0;0;0;Regular Season;0;0;0;0;0;0;0;0;0;0
41617;1988;3;5; Arena;0;291;301;0;0;0;0;0;0;0;0;0;0;0;0;;;;0;0;0;0;0;0;0;0;0;0;0;0;0;0;0;0;0;0;0;0;0;0;0;0;Regular Season;0;0;0;0;0;0;0;0;0;0
41659;1988;3;5; Arena;0;299;305;0;0;0;0;0;0;0;0;0;0;0;0;;;;0;0;0;0;0;0;0;0;0;0;0;0;0;0;0;0;0;0;0;0;0;0;0;0;Regular Season;0;0;0;0;0;0;0;0;0;0
41587;1988;3;5; Arena;0;285;282;0;0;0;0;0;0;0;0;0;0;0;0;;;;0;0;0;0;0;0;0;0;0;0;0;0;0;0;0;0;0;0;0;0;0;0;0;0;Regular Season;0;0;0;0;0;0;0;0;0;0
41594;1988;3;6; Arena;0;288;297;0;0;0;0;0;0;0;0;0;0;0;0;;;;0;0;0;0;0;0;0;0;0;0;0;0;0;0;0;0;0;0;0;0;0;0;0;0;Regular Season;0;0;0;0;0;0;0;0;0;0
41625;1988;3;6; Arena;0;302;300;0;0;0;0;0;0;0;0;0;0;0;0;;;;0;0;0;0;0;0;0;0;0;0;0;0;0;0;0;0;0;0;0;0;0;0;0;0;Regular Season;0;0;0;0;0;0;0;0;0;0
41685;1988;3;7; Arena;0;288;289;0;0;0;0;0;0;0;0;0;0;0;0;;;;0;0;0;0;0;0;0;0;0;0;0;0;0;0;0;0;0;0;0;0;0;0;0;0;Regular Season;0;0;0;0;0;0;0;0;0;0
41610;1988;3;7; Arena;0;286;283;0;0;0;0;0;0;0;0;0;0;0;0;;;;0;0;0;0;0;0;0;0;0;0;0;0;0;0;0;0;0;0;0;0;0;0;0;0;Regular Season;0;0;0;0;0;0;0;0;0;0
41691;1988;3;7; Arena;0;285;302;0;0;0;0;0;0;0;0;0;0;0;0;;;;0;0;0;0;0;0;0;0;0;0;0;0;0;0;0;0;0;0;0;0;0;0;0;0;Regular Season;0;0;0;0;0;0;0;0;0;0
41643;1988;3;7; Arena;0;295;293;0;0;0;0;0;0;0;0;0;0;0;0;;;;0;0;0;0;0;0;0;0;0;0;0;0;0;0;0;0;0;0;0;0;0;0;0;0;Regular Season;0;0;0;0;0;0;0;0;0;0
41651;1988;3;8; Arena;0;303;299;0;0;0;0;0;0;0;0;0;0;0;0;;;;0;0;0;0;0;0;0;0;0;0;0;0;0;0;0;0;0;0;0;0;0;0;0;0;Regular Season;0;0;0;0;0;0;0;0;0;0
41562;1988;3;8; Arena;0;304;301;0;0;0;0;0;0;0;0;0;0;0;0;;;;0;0;0;0;0;0;0;0;0;0;0;0;0;0;0;0;0;0;0;0;0;0;0;0;Regular Season;0;0;0;0;0;0;0;0;0;0
41634;1988;3;8; Arena;0;295;282;0;0;0;0;0;0;0;0;0;0;0;0;;;;0;0;0;0;0;0;0;0;0;0;0;0;0;0;0;0;0;0;0;0;0;0;0;0;Regular Season;0;0;0;0;0;0;0;0;0;0
41602;1988;3;8; Arena;0;297;293;0;0;0;0;0;0;0;0;0;0;0;0;;;;0;0;0;0;0;0;0;0;0;0;0;0;0;0;0;0;0;0;0;0;0;0;0;0;Regular Season;0;0;0;0;0;0;0;0;0;0
41673;1988;3;8; Arena;0;305;300;0;0;0;0;0;0;0;0;0;0;0;0;;;;0;0;0;0;0;0;0;0;0;0;0;0;0;0;0;0;0;0;0;0;0;0;0;0;Regular Season;0;0;0;0;0;0;0;0;0;0
41591;1988;3;8; Arena;0;284;294;0;0;0;0;0;0;0;0;0;0;0;0;;;;0;0;0;0;0;0;0;0;0;0;0;0;0;0;0;0;0;0;0;0;0;0;0;0;Regular Season;0;0;0;0;0;0;0;0;0;0
41679;1988;3;8; Arena;0;298;292;0;0;0;0;0;0;0;0;0;0;0;0;;;;0;0;0;0;0;0;0;0;0;0;0;0;0;0;0;0;0;0;0;0;0;0;0;0;Regular Season;0;0;0;0;0;0;0;0;0;0
41628;1988;3;8; Arena;0;291;290;0;0;0;0;0;0;0;0;0;0;0;0;;;;0;0;0;0;0;0;0;0;0;0;0;0;0;0;0;0;0;0;0;0;0;0;0;0;Regular Season;0;0;0;0;0;0;0;0;0;0
41631;1988;3;9; Arena;0;302;294;0;0;0;0;0;0;0;0;0;0;0;0;;;;0;0;0;0;0;0;0;0;0;0;0;0;0;0;0;0;0;0;0;0;0;0;0;0;Regular Season;0;0;0;0;0;0;0;0;0;0
41592;1988;3;9; Arena;0;304;287;0;0;0;0;0;0;0;0;0;0;0;0;;;;0;0;0;0;0;0;0;0;0;0;0;0;0;0;0;0;0;0;0;0;0;0;0;0;Regular Season;0;0;0;0;0;0;0;0;0;0
41645;1988;3;9; Arena;0;289;296;0;0;0;0;0;0;0;0;0;0;0;0;;;;0;0;0;0;0;0;0;0;0;0;0;0;0;0;0;0;0;0;0;0;0;0;0;0;Regular Season;0;0;0;0;0;0;0;0;0;0
41662;1988;3;9; Arena;0;300;291;0;0;0;0;0;0;0;0;0;0;0;0;;;;0;0;0;0;0;0;0;0;0;0;0;0;0;0;0;0;0;0;0;0;0;0;0;0;Regular Season;0;0;0;0;0;0;0;0;0;0
41661;1988;3;10; Arena;0;283;303;0;0;0;0;0;0;0;0;0;0;0;0;;;;0;0;0;0;0;0;0;0;0;0;0;0;0;0;0;0;0;0;0;0;0;0;0;0;Regular Season;0;0;0;0;0;0;0;0;0;0
41630;1988;3;10; Arena;0;285;286;0;0;0;0;0;0;0;0;0;0;0;0;;;;0;0;0;0;0;0;0;0;0;0;0;0;0;0;0;0;0;0;0;0;0;0;0;0;Regular Season;0;0;0;0;0;0;0;0;0;0
41637;1988;3;10; Arena;0;295;289;0;0;0;0;0;0;0;0;0;0;0;0;;;;0;0;0;0;0;0;0;0;0;0;0;0;0;0;0;0;0;0;0;0;0;0;0;0;Regular Season;0;0;0;0;0;0;0;0;0;0
41612;1988;3;10; Arena;0;282;301;0;0;0;0;0;0;0;0;0;0;0;0;;;;0;0;0;0;0;0;0;0;0;0;0;0;0;0;0;0;0;0;0;0;0;0;0;0;Regular Season;0;0;0;0;0;0;0;0;0;0
41618;1988;3;10; Arena;0;290;284;0;0;0;0;0;0;0;0;0;0;0;0;;;;0;0;0;0;0;0;0;0;0;0;0;0;0;0;0;0;0;0;0;0;0;0;0;0;Regular Season;0;0;0;0;0;0;0;0;0;0
41599;1988;3;10; Arena;0;297;299;0;0;0;0;0;0;0;0;0;0;0;0;;;;0;0;0;0;0;0;0;0;0;0;0;0;0;0;0;0;0;0;0;0;0;0;0;0;Regular Season;0;0;0;0;0;0;0;0;0;0
41770;1988;3;10; Arena;0;288;305;0;0;0;0;0;0;0;0;0;0;0;0;;;;0;0;0;0;0;0;0;0;0;0;0;0;0;0;0;0;0;0;0;0;0;0;0;0;Regular Season;0;0;0;0;0;0;0;0;0;0
41613;1988;3;11; Arena;0;299;294;0;0;0;0;0;0;0;0;0;0;0;0;;;;0;0;0;0;0;0;0;0;0;0;0;0;0;0;0;0;0;0;0;0;0;0;0;0;Regular Season;0;0;0;0;0;0;0;0;0;0
41644;1988;3;11; Arena;0;286;287;0;0;0;0;0;0;0;0;0;0;0;0;;;;0;0;0;0;0;0;0;0;0;0;0;0;0;0;0;0;0;0;0;0;0;0;0;0;Regular Season;0;0;0;0;0;0;0;0;0;0
41654;1988;3;11; Arena;0;284;296;0;0;0;0;0;0;0;0;0;0;0;0;;;;0;0;0;0;0;0;0;0;0;0;0;0;0;0;0;0;0;0;0;0;0;0;0;0;Regular Season;0;0;0;0;0;0;0;0;0;0
41647;1988;3;11; Arena;0;301;293;0;0;0;0;0;0;0;0;0;0;0;0;;;;0;0;0;0;0;0;0;0;0;0;0;0;0;0;0;0;0;0;0;0;0;0;0;0;Regular Season;0;0;0;0;0;0;0;0;0;0
41682;1988;3;11; Arena;0;291;285;0;0;0;0;0;0;0;0;0;0;0;0;;;;0;0;0;0;0;0;0;0;0;0;0;0;0;0;0;0;0;0;0;0;0;0;0;0;Regular Season;0;0;0;0;0;0;0;0;0;0
41633;1988;3;11; Arena;0;290;292;0;0;0;0;0;0;0;0;0;0;0;0;;;;0;0;0;0;0;0;0;0;0;0;0;0;0;0;0;0;0;0;0;0;0;0;0;0;Regular Season;0;0;0;0;0;0;0;0;0;0
41611;1988;3;12; Arena;0;287;297;0;0;0;0;0;0;0;0;0;0;0;0;;;;0;0;0;0;0;0;0;0;0;0;0;0;0;0;0;0;0;0;0;0;0;0;0;0;Regular Season;0;0;0;0;0;0;0;0;0;0
41795;1988;3;12; Arena;0;292;303;0;0;0;0;0;0;0;0;0;0;0;0;;;;0;0;0;0;0;0;0;0;0;0;0;0;0;0;0;0;0;0;0;0;0;0;0;0;Regular Season;0;0;0;0;0;0;0;0;0;0
41621;1988;3;12; Arena;0;305;304;0;0;0;0;0;0;0;0;0;0;0;0;;;;0;0;0;0;0;0;0;0;0;0;0;0;0;0;0;0;0;0;0;0;0;0;0;0;Regular Season;0;0;0;0;0;0;0;0;0;0
41704;1988;3;12; Arena;0;288;300;0;0;0;0;0;0;0;0;0;0;0;0;;;;0;0;0;0;0;0;0;0;0;0;0;0;0;0;0;0;0;0;0;0;0;0;0;0;Regular Season;0;0;0;0;0;0;0;0;0;0
41675;1988;3;12; Arena;0;282;283;0;0;0;0;0;0;0;0;0;0;0;0;;;;0;0;0;0;0;0;0;0;0;0;0;0;0;0;0;0;0;0;0;0;0;0;0;0;Regular Season;0;0;0;0;0;0;0;0;0;0
41699;1988;3;13; Arena;0;302;296;0;0;0;0;0;0;0;0;0;0;0;0;;;;0;0;0;0;0;0;0;0;0;0;0;0;0;0;0;0;0;0;0;0;0;0;0;0;Regular Season;0;0;0;0;0;0;0;0;0;0
41718;1988;3;14; Arena;0;300;292;0;0;0;0;0;0;0;0;0;0;0;0;;;;0;0;0;0;0;0;0;0;0;0;0;0;0;0;0;0;0;0;0;0;0;0;0;0;Regular Season;0;0;0;0;0;0;0;0;0;0
41658;1988;3;14; Arena;0;290;293;0;0;0;0;0;0;0;0;0;0;0;0;;;;0;0;0;0;0;0;0;0;0;0;0;0;0;0;0;0;0;0;0;0;0;0;0;0;Regular Season;0;0;0;0;0;0;0;0;0;0
41791;1988;3;14; Arena;0;291;285;0;0;0;0;0;0;0;0;0;0;0;0;;;;0;0;0;0;0;0;0;0;0;0;0;0;0;0;0;0;0;0;0;0;0;0;0;0;Regular Season;0;0;0;0;0;0;0;0;0;0
41636;1988;3;14; Arena;0;301;304;0;0;0;0;0;0;0;0;0;0;0;0;;;;0;0;0;0;0;0;0;0;0;0;0;0;0;0;0;0;0;0;0;0;0;0;0;0;Regular Season;0;0;0;0;0;0;0;0;0;0
41710;1988;3;14; Arena;0;288;287;0;0;0;0;0;0;0;0;0;0;0;0;;;;0;0;0;0;0;0;0;0;0;0;0;0;0;0;0;0;0;0;0;0;0;0;0;0;Regular Season;0;0;0;0;0;0;0;0;0;0
41623;1988;3;14; Arena;0;305;297;0;0;0;0;0;0;0;0;0;0;0;0;;;;0;0;0;0;0;0;0;0;0;0;0;0;0;0;0;0;0;0;0;0;0;0;0;0;Regular Season;0;0;0;0;0;0;0;0;0;0
41635;1988;3;15; Arena;0;299;294;0;0;0;0;0;0;0;0;0;0;0;0;;;;0;0;0;0;0;0;0;0;0;0;0;0;0;0;0;0;0;0;0;0;0;0;0;0;Regular Season;0;0;0;0;0;0;0;0;0;0
41758;1988;3;15; Arena;0;289;303;0;0;0;0;0;0;0;0;0;0;0;0;;;;0;0;0;0;0;0;0;0;0;0;0;0;0;0;0;0;0;0;0;0;0;0;0;0;Regular Season;0;0;0;0;0;0;0;0;0;0
41653;1988;3;15; Arena;0;293;290;0;0;0;0;0;0;0;0;0;0;0;0;;;;0;0;0;0;0;0;0;0;0;0;0;0;0;0;0;0;0;0;0;0;0;0;0;0;Regular Season;0;0;0;0;0;0;0;0;0;0
41646;1988;3;15; Arena;0;296;297;0;0;0;0;0;0;0;0;0;0;0;0;;;;0;0;0;0;0;0;0;0;0;0;0;0;0;0;0;0;0;0;0;0;0;0;0;0;Regular Season;0;0;0;0;0;0;0;0;0;0
41649;1988;3;15; Arena;0;283;301;0;0;0;0;0;0;0;0;0;0;0;0;;;;0;0;0;0;0;0;0;0;0;0;0;0;0;0;0;0;0;0;0;0;0;0;0;0;Regular Season;0;0;0;0;0;0;0;0;0;0
41680;1988;3;15; Arena;0;282;288;0;0;0;0;0;0;0;0;0;0;0;0;;;;0;0;0;0;0;0;0;0;0;0;0;0;0;0;0;0;0;0;0;0;0;0;0;0;Regular Season;0;0;0;0;0;0;0;0;0;0
41666;1988;3;15; Arena;0;298;295;0;0;0;0;0;0;0;0;0;0;0;0;;;;0;0;0;0;0;0;0;0;0;0;0;0;0;0;0;0;0;0;0;0;0;0;0;0;Regular Season;0;0;0;0;0;0;0;0;0;0
41667;1988;3;15; Arena;0;286;305;0;0;0;0;0;0;0;0;0;0;0;0;;;;0;0;0;0;0;0;0;0;0;0;0;0;0;0;0;0;0;0;0;0;0;0;0;0;Regular Season;0;0;0;0;0;0;0;0;0;0
41655;1988;3;16; Arena;0;302;284;0;0;0;0;0;0;0;0;0;0;0;0;;;;0;0;0;0;0;0;0;0;0;0;0;0;0;0;0;0;0;0;0;0;0;0;0;0;Regular Season;0;0;0;0;0;0;0;0;0;0
41723;1988;3;16; Arena;0;296;292;0;0;0;0;0;0;0;0;0;0;0;0;;;;0;0;0;0;0;0;0;0;0;0;0;0;0;0;0;0;0;0;0;0;0;0;0;0;Regular Season;0;0;0;0;0;0;0;0;0;0
41681;1988;3;17; Arena;0;283;302;0;0;0;0;0;0;0;0;0;0;0;0;;;;0;0;0;0;0;0;0;0;0;0;0;0;0;0;0;0;0;0;0;0;0;0;0;0;Regular Season;0;0;0;0;0;0;0;0;0;0
41668;1988;3;17; Arena;0;304;305;0;0;0;0;0;0;0;0;0;0;0;0;;;;0;0;0;0;0;0;0;0;0;0;0;0;0;0;0;0;0;0;0;0;0;0;0;0;Regular Season;0;0;0;0;0;0;0;0;0;0
41677;1988;3;17; Arena;0;289;286;0;0;0;0;0;0;0;0;0;0;0;0;;;;0;0;0;0;0;0;0;0;0;0;0;0;0;0;0;0;0;0;0;0;0;0;0;0;Regular Season;0;0;0;0;0;0;0;0;0;0
41672;1988;3;17; Arena;0;301;303;0;0;0;0;0;0;0;0;0;0;0;0;;;;0;0;0;0;0;0;0;0;0;0;0;0;0;0;0;0;0;0;0;0;0;0;0;0;Regular Season;0;0;0;0;0;0;0;0;0;0
41632;1988;3;17; Arena;0;298;294;0;0;0;0;0;0;0;0;0;0;0;0;;;;0;0;0;0;0;0;0;0;0;0;0;0;0;0;0;0;0;0;0;0;0;0;0;0;Regular Season;0;0;0;0;0;0;0;0;0;0
41696;1988;3;17; Arena;0;293;285;0;0;0;0;0;0;0;0;0;0;0;0;;;;0;0;0;0;0;0;0;0;0;0;0;0;0;0;0;0;0;0;0;0;0;0;0;0;Regular Season;0;0;0;0;0;0;0;0;0;0
41648;1988;3;17; Arena;0;297;290;0;0;0;0;0;0;0;0;0;0;0;0;;;;0;0;0;0;0;0;0;0;0;0;0;0;0;0;0;0;0;0;0;0;0;0;0;0;Regular Season;0;0;0;0;0;0;0;0;0;0
41650;1988;3;17; Arena;0;282;287;0;0;0;0;0;0;0;0;0;0;0;0;;;;0;0;0;0;0;0;0;0;0;0;0;0;0;0;0;0;0;0;0;0;0;0;0;0;Regular Season;0;0;0;0;0;0;0;0;0;0
41727;1988;3;17; Arena;0;292;291;0;0;0;0;0;0;0;0;0;0;0;0;;;;0;0;0;0;0;0;0;0;0;0;0;0;0;0;0;0;0;0;0;0;0;0;0;0;Regular Season;0;0;0;0;0;0;0;0;0;0
41652;1988;3;18; Arena;0;299;284;0;0;0;0;0;0;0;0;0;0;0;0;;;;0;0;0;0;0;0;0;0;0;0;0;0;0;0;0;0;0;0;0;0;0;0;0;0;Regular Season;0;0;0;0;0;0;0;0;0;0
41640;1988;3;18; Arena;0;294;295;0;0;0;0;0;0;0;0;0;0;0;0;;;;0;0;0;0;0;0;0;0;0;0;0;0;0;0;0;0;0;0;0;0;0;0;0;0;Regular Season;0;0;0;0;0;0;0;0;0;0
41781;1988;3;18; Arena;0;303;300;0;0;0;0;0;0;0;0;0;0;0;0;;;;0;0;0;0;0;0;0;0;0;0;0;0;0;0;0;0;0;0;0;0;0;0;0;0;Regular Season;0;0;0;0;0;0;0;0;0;0
41656;1988;3;18; Arena;0;304;289;0;0;0;0;0;0;0;0;0;0;0;0;;;;0;0;0;0;0;0;0;0;0;0;0;0;0;0;0;0;0;0;0;0;0;0;0;0;Regular Season;0;0;0;0;0;0;0;0;0;0
41740;1988;3;19; Arena;0;286;291;0;0;0;0;0;0;0;0;0;0;0;0;;;;0;0;0;0;0;0;0;0;0;0;0;0;0;0;0;0;0;0;0;0;0;0;0;0;Regular Season;0;0;0;0;0;0;0;0;0;0
41686;1988;3;19; Arena;0;283;282;0;0;0;0;0;0;0;0;0;0;0;0;;;;0;0;0;0;0;0;0;0;0;0;0;0;0;0;0;0;0;0;0;0;0;0;0;0;Regular Season;0;0;0;0;0;0;0;0;0;0
41703;1988;3;19; Arena;0;302;287;0;0;0;0;0;0;0;0;0;0;0;0;;;;0;0;0;0;0;0;0;0;0;0;0;0;0;0;0;0;0;0;0;0;0;0;0;0;Regular Season;0;0;0;0;0;0;0;0;0;0
41692;1988;3;19; Arena;0;299;296;0;0;0;0;0;0;0;0;0;0;0;0;;;;0;0;0;0;0;0;0;0;0;0;0;0;0;0;0;0;0;0;0;0;0;0;0;0;Regular Season;0;0;0;0;0;0;0;0;0;0
41657;1988;3;19; Arena;0;285;284;0;0;0;0;0;0;0;0;0;0;0;0;;;;0;0;0;0;0;0;0;0;0;0;0;0;0;0;0;0;0;0;0;0;0;0;0;0;Regular Season;0;0;0;0;0;0;0;0;0;0
41778;1988;3;21; Arena;0;286;302;0;0;0;0;0;0;0;0;0;0;0;0;;;;0;0;0;0;0;0;0;0;0;0;0;0;0;0;0;0;0;0;0;0;0;0;0;0;Regular Season;0;0;0;0;0;0;0;0;0;0
41793;1988;3;21; Arena;0;303;289;0;0;0;0;0;0;0;0;0;0;0;0;;;;0;0;0;0;0;0;0;0;0;0;0;0;0;0;0;0;0;0;0;0;0;0;0;0;Regular Season;0;0;0;0;0;0;0;0;0;0
41749;1988;3;21; Arena;0;285;283;0;0;0;0;0;0;0;0;0;0;0;0;;;;0;0;0;0;0;0;0;0;0;0;0;0;0;0;0;0;0;0;0;0;0;0;0;0;Regular Season;0;0;0;0;0;0;0;0;0;0
41721;1988;3;21; Arena;0;287;284;0;0;0;0;0;0;0;0;0;0;0;0;;;;0;0;0;0;0;0;0;0;0;0;0;0;0;0;0;0;0;0;0;0;0;0;0;0;Regular Season;0;0;0;0;0;0;0;0;0;0
41722;1988;3;21; Arena;0;282;299;0;0;0;0;0;0;0;0;0;0;0;0;;;;0;0;0;0;0;0;0;0;0;0;0;0;0;0;0;0;0;0;0;0;0;0;0;0;Regular Season;0;0;0;0;0;0;0;0;0;0
41678;1988;3;22; Arena;0;284;293;0;0;0;0;0;0;0;0;0;0;0;0;;;;0;0;0;0;0;0;0;0;0;0;0;0;0;0;0;0;0;0;0;0;0;0;0;0;Regular Season;0;0;0;0;0;0;0;0;0;0
41754;1988;3;22; Arena;0;291;302;0;0;0;0;0;0;0;0;0;0;0;0;;;;0;0;0;0;0;0;0;0;0;0;0;0;0;0;0;0;0;0;0;0;0;0;0;0;Regular Season;0;0;0;0;0;0;0;0;0;0
41757;1988;3;22; Arena;0;297;303;0;0;0;0;0;0;0;0;0;0;0;0;;;;0;0;0;0;0;0;0;0;0;0;0;0;0;0;0;0;0;0;0;0;0;0;0;0;Regular Season;0;0;0;0;0;0;0;0;0;0
41772;1988;3;22; Arena;0;295;292;0;0;0;0;0;0;0;0;0;0;0;0;;;;0;0;0;0;0;0;0;0;0;0;0;0;0;0;0;0;0;0;0;0;0;0;0;0;Regular Season;0;0;0;0;0;0;0;0;0;0
41670;1988;3;22; Arena;0;294;288;0;0;0;0;0;0;0;0;0;0;0;0;;;;0;0;0;0;0;0;0;0;0;0;0;0;0;0;0;0;0;0;0;0;0;0;0;0;Regular Season;0;0;0;0;0;0;0;0;0;0
41694;1988;3;22; Arena;0;300;304;0;0;0;0;0;0;0;0;0;0;0;0;;;;0;0;0;0;0;0;0;0;0;0;0;0;0;0;0;0;0;0;0;0;0;0;0;0;Regular Season;0;0;0;0;0;0;0;0;0;0
41669;1988;3;22; Arena;0;283;290;0;0;0;0;0;0;0;0;0;0;0;0;;;;0;0;0;0;0;0;0;0;0;0;0;0;0;0;0;0;0;0;0;0;0;0;0;0;Regular Season;0;0;0;0;0;0;0;0;0;0
41687;1988;3;22; Arena;0;296;305;0;0;0;0;0;0;0;0;0;0;0;0;;;;0;0;0;0;0;0;0;0;0;0;0;0;0;0;0;0;0;0;0;0;0;0;0;0;Regular Season;0;0;0;0;0;0;0;0;0;0
41759;1988;3;23; Arena;0;291;292;0;0;0;0;0;0;0;0;0;0;0;0;;;;0;0;0;0;0;0;0;0;0;0;0;0;0;0;0;0;0;0;0;0;0;0;0;0;Regular Season;0;0;0;0;0;0;0;0;0;0
41671;1988;3;23; Arena;0;290;288;0;0;0;0;0;0;0;0;0;0;0;0;;;;0;0;0;0;0;0;0;0;0;0;0;0;0;0;0;0;0;0;0;0;0;0;0;0;Regular Season;0;0;0;0;0;0;0;0;0;0
41712;1988;3;23; Arena;0;293;287;0;0;0;0;0;0;0;0;0;0;0;0;;;;0;0;0;0;0;0;0;0;0;0;0;0;0;0;0;0;0;0;0;0;0;0;0;0;Regular Season;0;0;0;0;0;0;0;0;0;0
41730;1988;3;24; Arena;0;285;284;0;0;0;0;0;0;0;0;0;0;0;0;;;;0;0;0;0;0;0;0;0;0;0;0;0;0;0;0;0;0;0;0;0;0;0;0;0;Regular Season;0;0;0;0;0;0;0;0;0;0
41708;1988;3;24; Arena;0;289;304;0;0;0;0;0;0;0;0;0;0;0;0;;;;0;0;0;0;0;0;0;0;0;0;0;0;0;0;0;0;0;0;0;0;0;0;0;0;Regular Season;0;0;0;0;0;0;0;0;0;0
41724;1988;3;24; Arena;0;287;286;0;0;0;0;0;0;0;0;0;0;0;0;;;;0;0;0;0;0;0;0;0;0;0;0;0;0;0;0;0;0;0;0;0;0;0;0;0;Regular Season;0;0;0;0;0;0;0;0;0;0
41689;1988;3;24; Arena;0;294;299;0;0;0;0;0;0;0;0;0;0;0;0;;;;0;0;0;0;0;0;0;0;0;0;0;0;0;0;0;0;0;0;0;0;0;0;0;0;Regular Season;0;0;0;0;0;0;0;0;0;0
41751;1988;3;24; Arena;0;297;296;0;0;0;0;0;0;0;0;0;0;0;0;;;;0;0;0;0;0;0;0;0;0;0;0;0;0;0;0;0;0;0;0;0;0;0;0;0;Regular Season;0;0;0;0;0;0;0;0;0;0
41693;1988;3;24; Arena;0;305;301;0;0;0;0;0;0;0;0;0;0;0;0;;;;0;0;0;0;0;0;0;0;0;0;0;0;0;0;0;0;0;0;0;0;0;0;0;0;Regular Season;0;0;0;0;0;0;0;0;0;0
41796;1988;3;25; Arena;0;302;297;0;0;0;0;0;0;0;0;0;0;0;0;;;;0;0;0;0;0;0;0;0;0;0;0;0;0;0;0;0;0;0;0;0;0;0;0;0;Regular Season;0;0;0;0;0;0;0;0;0;0
41702;1988;3;25; Arena;0;289;305;0;0;0;0;0;0;0;0;0;0;0;0;;;;0;0;0;0;0;0;0;0;0;0;0;0;0;0;0;0;0;0;0;0;0;0;0;0;Regular Season;0;0;0;0;0;0;0;0;0;0
41717;1988;3;25; Arena;0;288;285;0;0;0;0;0;0;0;0;0;0;0;0;;;;0;0;0;0;0;0;0;0;0;0;0;0;0;0;0;0;0;0;0;0;0;0;0;0;Regular Season;0;0;0;0;0;0;0;0;0;0
41744;1988;3;25; Arena;0;303;295;0;0;0;0;0;0;0;0;0;0;0;0;;;;0;0;0;0;0;0;0;0;0;0;0;0;0;0;0;0;0;0;0;0;0;0;0;0;Regular Season;0;0;0;0;0;0;0;0;0;0
41706;1988;3;25; Arena;0;300;301;0;0;0;0;0;0;0;0;0;0;0;0;;;;0;0;0;0;0;0;0;0;0;0;0;0;0;0;0;0;0;0;0;0;0;0;0;0;Regular Season;0;0;0;0;0;0;0;0;0;0
41690;1988;3;25; Arena;0;282;294;0;0;0;0;0;0;0;0;0;0;0;0;;;;0;0;0;0;0;0;0;0;0;0;0;0;0;0;0;0;0;0;0;0;0;0;0;0;Regular Season;0;0;0;0;0;0;0;0;0;0
41684;1988;3;25; Arena;0;292;290;0;0;0;0;0;0;0;0;0;0;0;0;;;;0;0;0;0;0;0;0;0;0;0;0;0;0;0;0;0;0;0;0;0;0;0;0;0;Regular Season;0;0;0;0;0;0;0;0;0;0
41765;1988;3;25; Arena;0;298;291;0;0;0;0;0;0;0;0;0;0;0;0;;;;0;0;0;0;0;0;0;0;0;0;0;0;0;0;0;0;0;0;0;0;0;0;0;0;Regular Season;0;0;0;0;0;0;0;0;0;0
41715;1988;3;26; Arena;0;295;293;0;0;0;0;0;0;0;0;0;0;0;0;;;;0;0;0;0;0;0;0;0;0;0;0;0;0;0;0;0;0;0;0;0;0;0;0;0;Regular Season;0;0;0;0;0;0;0;0;0;0
41695;1988;3;26; Arena;0;282;298;0;0;0;0;0;0;0;0;0;0;0;0;;;;0;0;0;0;0;0;0;0;0;0;0;0;0;0;0;0;0;0;0;0;0;0;0;0;Regular Season;0;0;0;0;0;0;0;0;0;0
41688;1988;3;26; Arena;0;296;304;0;0;0;0;0;0;0;0;0;0;0;0;;;;0;0;0;0;0;0;0;0;0;0;0;0;0;0;0;0;0;0;0;0;0;0;0;0;Regular Season;0;0;0;0;0;0;0;0;0;0
41714;1988;3;27; Arena;0;301;300;0;0;0;0;0;0;0;0;0;0;0;0;;;;0;0;0;0;0;0;0;0;0;0;0;0;0;0;0;0;0;0;0;0;0;0;0;0;Regular Season;0;0;0;0;0;0;0;0;0;0
41736;1988;3;28; Arena;0;284;282;0;0;0;0;0;0;0;0;0;0;0;0;;;;0;0;0;0;0;0;0;0;0;0;0;0;0;0;0;0;0;0;0;0;0;0;0;0;Regular Season;0;0;0;0;0;0;0;0;0;0
41716;1988;3;28; Arena;0;305;291;0;0;0;0;0;0;0;0;0;0;0;0;;;;0;0;0;0;0;0;0;0;0;0;0;0;0;0;0;0;0;0;0;0;0;0;0;0;Regular Season;0;0;0;0;0;0;0;0;0;0
41709;1988;3;28; Arena;0;289;290;0;0;0;0;0;0;0;0;0;0;0;0;;;;0;0;0;0;0;0;0;0;0;0;0;0;0;0;0;0;0;0;0;0;0;0;0;0;Regular Season;0;0;0;0;0;0;0;0;0;0
41750;1988;3;28; Arena;0;283;288;0;0;0;0;0;0;0;0;0;0;0;0;;;;0;0;0;0;0;0;0;0;0;0;0;0;0;0;0;0;0;0;0;0;0;0;0;0;Regular Season;0;0;0;0;0;0;0;0;0;0
41743;1988;3;28; Arena;0;304;293;0;0;0;0;0;0;0;0;0;0;0;0;;;;0;0;0;0;0;0;0;0;0;0;0;0;0;0;0;0;0;0;0;0;0;0;0;0;Regular Season;0;0;0;0;0;0;0;0;0;0
41798;1988;3;28; Arena;0;299;285;0;0;0;0;0;0;0;0;0;0;0;0;;;;0;0;0;0;0;0;0;0;0;0;0;0;0;0;0;0;0;0;0;0;0;0;0;0;Regular Season;0;0;0;0;0;0;0;0;0;0
41725;1988;3;28; Arena;0;298;287;0;0;0;0;0;0;0;0;0;0;0;0;;;;0;0;0;0;0;0;0;0;0;0;0;0;0;0;0;0;0;0;0;0;0;0;0;0;Regular Season;0;0;0;0;0;0;0;0;0;0
41713;1988;3;29; Arena;0;294;300;0;0;0;0;0;0;0;0;0;0;0;0;;;;0;0;0;0;0;0;0;0;0;0;0;0;0;0;0;0;0;0;0;0;0;0;0;0;Regular Season;0;0;0;0;0;0;0;0;0;0
41789;1988;3;29; Arena;0;282;285;0;0;0;0;0;0;0;0;0;0;0;0;;;;0;0;0;0;0;0;0;0;0;0;0;0;0;0;0;0;0;0;0;0;0;0;0;0;Regular Season;0;0;0;0;0;0;0;0;0;0
41738;1988;3;29; Arena;0;284;283;0;0;0;0;0;0;0;0;0;0;0;0;;;;0;0;0;0;0;0;0;0;0;0;0;0;0;0;0;0;0;0;0;0;0;0;0;0;Regular Season;0;0;0;0;0;0;0;0;0;0
41739;1988;3;29; Arena;0;287;286;0;0;0;0;0;0;0;0;0;0;0;0;;;;0;0;0;0;0;0;0;0;0;0;0;0;0;0;0;0;0;0;0;0;0;0;0;0;Regular Season;0;0;0;0;0;0;0;0;0;0
41698;1988;3;29; Arena;0;288;297;0;0;0;0;0;0;0;0;0;0;0;0;;;;0;0;0;0;0;0;0;0;0;0;0;0;0;0;0;0;0;0;0;0;0;0;0;0;Regular Season;0;0;0;0;0;0;0;0;0;0
41731;1988;3;29; Arena;0;293;295;0;0;0;0;0;0;0;0;0;0;0;0;;;;0;0;0;0;0;0;0;0;0;0;0;0;0;0;0;0;0;0;0;0;0;0;0;0;Regular Season;0;0;0;0;0;0;0;0;0;0
41774;1988;3;29; Arena;0;292;289;0;0;0;0;0;0;0;0;0;0;0;0;;;;0;0;0;0;0;0;0;0;0;0;0;0;0;0;0;0;0;0;0;0;0;0;0;0;Regular Season;0;0;0;0;0;0;0;0;0;0
41720;1988;3;29; Arena;0;302;304;0;0;0;0;0;0;0;0;0;0;0;0;;;;0;0;0;0;0;0;0;0;0;0;0;0;0;0;0;0;0;0;0;0;0;0;0;0;Regular Season;0;0;0;0;0;0;0;0;0;0
41769;1988;3;29; Arena;0;303;301;0;0;0;0;0;0;0;0;0;0;0;0;;;;0;0;0;0;0;0;0;0;0;0;0;0;0;0;0;0;0;0;0;0;0;0;0;0;Regular Season;0;0;0;0;0;0;0;0;0;0
41777;1988;3;30; Arena;0;294;305;0;0;0;0;0;0;0;0;0;0;0;0;;;;0;0;0;0;0;0;0;0;0;0;0;0;0;0;0;0;0;0;0;0;0;0;0;0;Regular Season;0;0;0;0;0;0;0;0;0;0
41726;1988;3;30; Arena;0;298;290;0;0;0;0;0;0;0;0;0;0;0;0;;;;0;0;0;0;0;0;0;0;0;0;0;0;0;0;0;0;0;0;0;0;0;0;0;0;Regular Season;0;0;0;0;0;0;0;0;0;0
41764;1988;3;31; Arena;0;284;295;0;0;0;0;0;0;0;0;0;0;0;0;;;;0;0;0;0;0;0;0;0;0;0;0;0;0;0;0;0;0;0;0;0;0;0;0;0;Regular Season;0;0;0;0;0;0;0;0;0;0
41762;1988;3;31; Arena;0;300;286;0;0;0;0;0;0;0;0;0;0;0;0;;;;0;0;0;0;0;0;0;0;0;0;0;0;0;0;0;0;0;0;0;0;0;0;0;0;Regular Season;0;0;0;0;0;0;0;0;0;0
41735;1988;3;31; Arena;0;303;304;0;0;0;0;0;0;0;0;0;0;0;0;;;;0;0;0;0;0;0;0;0;0;0;0;0;0;0;0;0;0;0;0;0;0;0;0;0;Regular Season;0;0;0;0;0;0;0;0;0;0
41719;1988;3;31; Arena;0;290;282;0;0;0;0;0;0;0;0;0;0;0;0;;;;0;0;0;0;0;0;0;0;0;0;0;0;0;0;0;0;0;0;0;0;0;0;0;0;Regular Season;0;0;0;0;0;0;0;0;0;0
41756;1988;3;31; Arena;0;293;288;0;0;0;0;0;0;0;0;0;0;0;0;;;;0;0;0;0;0;0;0;0;0;0;0;0;0;0;0;0;0;0;0;0;0;0;0;0;Regular Season;0;0;0;0;0;0;0;0;0;0
41782;1988;3;31; Arena;0;292;289;0;0;0;0;0;0;0;0;0;0;0;0;;;;0;0;0;0;0;0;0;0;0;0;0;0;0;0;0;0;0;0;0;0;0;0;0;0;Regular Season;0;0;0;0;0;0;0;0;0;0
41746;1988;3;31; Arena;0;287;291;0;0;0;0;0;0;0;0;0;0;0;0;;;;0;0;0;0;0;0;0;0;0;0;0;0;0;0;0;0;0;0;0;0;0;0;0;0;Regular Season;0;0;0;0;0;0;0;0;0;0
41802;1987;9;20; Arena;0;292;296;0;0;0;0;0;0;0;0;0;0;0;0;;;;0;0;0;0;0;0;0;0;0;0;0;0;0;0;0;0;0;0;0;0;0;0;0;0;Pre-Season;0;0;0;0;0;0;0;0;0;0
41804;1987;9;20; Arena;0;284;305;0;0;0;0;0;0;0;0;0;0;0;0;;;;0;0;0;0;0;0;0;0;0;0;0;0;0;0;0;0;0;0;0;0;0;0;0;0;Pre-Season;0;0;0;0;0;0;0;0;0;0
41806;1987;9;20; Arena;0;288;286;0;0;0;0;0;0;0;0;0;0;0;0;;;;0;0;0;0;0;0;0;0;0;0;0;0;0;0;0;0;0;0;0;0;0;0;0;0;Pre-Season;0;0;0;0;0;0;0;0;0;0
41808;1987;9;20; Arena;0;287;283;0;0;0;0;0;0;0;0;0;0;0;0;;;;0;0;0;0;0;0;0;0;0;0;0;0;0;0;0;0;0;0;0;0;0;0;0;0;Pre-Season;0;0;0;0;0;0;0;0;0;0
41810;1987;9;20; Arena;0;300;302;0;0;0;0;0;0;0;0;0;0;0;0;;;;0;0;0;0;0;0;0;0;0;0;0;0;0;0;0;0;0;0;0;0;0;0;0;0;Pre-Season;0;0;0;0;0;0;0;0;0;0
41812;1987;9;20; Arena;0;303;304;0;0;0;0;0;0;0;0;0;0;0;0;;;;0;0;0;0;0;0;0;0;0;0;0;0;0;0;0;0;0;0;0;0;0;0;0;0;Pre-Season;0;0;0;0;0;0;0;0;0;0
41814;1987;9;20; Arena;0;295;285;0;0;0;0;0;0;0;0;0;0;0;0;;;;0;0;0;0;0;0;0;0;0;0;0;0;0;0;0;0;0;0;0;0;0;0;0;0;Pre-Season;0;0;0;0;0;0;0;0;0;0
41816;1987;9;20; Arena;0;298;290;0;0;0;0;0;0;0;0;0;0;0;0;;;;0;0;0;0;0;0;0;0;0;0;0;0;0;0;0;0;0;0;0;0;0;0;0;0;Pre-Season;0;0;0;0;0;0;0;0;0;0
41818;1987;9;20; Arena;0;301;289;0;0;0;0;0;0;0;0;0;0;0;0;;;;0;0;0;0;0;0;0;0;0;0;0;0;0;0;0;0;0;0;0;0;0;0;0;0;Pre-Season;0;0;0;0;0;0;0;0;0;0
41820;1987;9;20; Arena;0;291;294;0;0;0;0;0;0;0;0;0;0;0;0;;;;0;0;0;0;0;0;0;0;0;0;0;0;0;0;0;0;0;0;0;0;0;0;0;0;Pre-Season;0;0;0;0;0;0;0;0;0;0
41822;1987;9;20; Arena;0;297;293;0;0;0;0;0;0;0;0;0;0;0;0;;;;0;0;0;0;0;0;0;0;0;0;0;0;0;0;0;0;0;0;0;0;0;0;0;0;Pre-Season;0;0;0;0;0;0;0;0;0;0
41824;1987;9;20; Arena;0;282;299;0;0;0;0;0;0;0;0;0;0;0;0;;;;0;0;0;0;0;0;0;0;0;0;0;0;0;0;0;0;0;0;0;0;0;0;0;0;Pre-Season;0;0;0;0;0;0;0;0;0;0
41826;1987;9;21; Arena;0;298;291;0;0;0;0;0;0;0;0;0;0;0;0;;;;0;0;0;0;0;0;0;0;0;0;0;0;0;0;0;0;0;0;0;0;0;0;0;0;Pre-Season;0;0;0;0;0;0;0;0;0;0
41828;1987;9;21; Arena;0;305;300;0;0;0;0;0;0;0;0;0;0;0;0;;;;0;0;0;0;0;0;0;0;0;0;0;0;0;0;0;0;0;0;0;0;0;0;0;0;Pre-Season;0;0;0;0;0;0;0;0;0;0
41830;1987;9;21; Arena;0;302;292;0;0;0;0;0;0;0;0;0;0;0;0;;;;0;0;0;0;0;0;0;0;0;0;0;0;0;0;0;0;0;0;0;0;0;0;0;0;Pre-Season;0;0;0;0;0;0;0;0;0;0
41832;1987;9;21; Arena;0;293;301;0;0;0;0;0;0;0;0;0;0;0;0;;;;0;0;0;0;0;0;0;0;0;0;0;0;0;0;0;0;0;0;0;0;0;0;0;0;Pre-Season;0;0;0;0;0;0;0;0;0;0
41834;1987;9;21; Arena;0;285;295;0;0;0;0;0;0;0;0;0;0;0;0;;;;0;0;0;0;0;0;0;0;0;0;0;0;0;0;0;0;0;0;0;0;0;0;0;0;Pre-Season;0;0;0;0;0;0;0;0;0;0
41836;1987;9;21; Arena;0;284;297;0;0;0;0;0;0;0;0;0;0;0;0;;;;0;0;0;0;0;0;0;0;0;0;0;0;0;0;0;0;0;0;0;0;0;0;0;0;Pre-Season;0;0;0;0;0;0;0;0;0;0
41838;1987;9;21; Arena;0;286;296;0;0;0;0;0;0;0;0;0;0;0;0;;;;0;0;0;0;0;0;0;0;0;0;0;0;0;0;0;0;0;0;0;0;0;0;0;0;Pre-Season;0;0;0;0;0;0;0;0;0;0
41840;1987;9;21; Arena;0;294;288;0;0;0;0;0;0;0;0;0;0;0;0;;;;0;0;0;0;0;0;0;0;0;0;0;0;0;0;0;0;0;0;0;0;0;0;0;0;Pre-Season;0;0;0;0;0;0;0;0;0;0
41842;1987;9;21; Arena;0;290;282;0;0;0;0;0;0;0;0;0;0;0;0;;;;0;0;0;0;0;0;0;0;0;0;0;0;0;0;0;0;0;0;0;0;0;0;0;0;Pre-Season;0;0;0;0;0;0;0;0;0;0
41844;1987;9;21; Arena;0;299;287;0;0;0;0;0;0;0;0;0;0;0;0;;;;0;0;0;0;0;0;0;0;0;0;0;0;0;0;0;0;0;0;0;0;0;0;0;0;Pre-Season;0;0;0;0;0;0;0;0;0;0
41846;1987;9;21; Arena;0;304;303;0;0;0;0;0;0;0;0;0;0;0;0;;;;0;0;0;0;0;0;0;0;0;0;0;0;0;0;0;0;0;0;0;0;0;0;0;0;Pre-Season;0;0;0;0;0;0;0;0;0;0
41848;1987;9;21; Arena;0;283;289;0;0;0;0;0;0;0;0;0;0;0;0;;;;0;0;0;0;0;0;0;0;0;0;0;0;0;0;0;0;0;0;0;0;0;0;0;0;Pre-Season;0;0;0;0;0;0;0;0;0;0
41850;1987;9;23; Arena;0;300;298;0;0;0;0;0;0;0;0;0;0;0;0;;;;0;0;0;0;0;0;0;0;0;0;0;0;0;0;0;0;0;0;0;0;0;0;0;0;Pre-Season;0;0;0;0;0;0;0;0;0;0
41852;1987;9;23; Arena;0;289;286;0;0;0;0;0;0;0;0;0;0;0;0;;;;0;0;0;0;0;0;0;0;0;0;0;0;0;0;0;0;0;0;0;0;0;0;0;0;Pre-Season;0;0;0;0;0;0;0;0;0;0
41854;1987;9;23; Arena;0;302;299;0;0;0;0;0;0;0;0;0;0;0;0;;;;0;0;0;0;0;0;0;0;0;0;0;0;0;0;0;0;0;0;0;0;0;0;0;0;Pre-Season;0;0;0;0;0;0;0;0;0;0
41856;1987;9;23; Arena;0;285;284;0;0;0;0;0;0;0;0;0;0;0;0;;;;0;0;0;0;0;0;0;0;0;0;0;0;0;0;0;0;0;0;0;0;0;0;0;0;Pre-Season;0;0;0;0;0;0;0;0;0;0
41858;1987;9;23; Arena;0;288;293;0;0;0;0;0;0;0;0;0;0;0;0;;;;0;0;0;0;0;0;0;0;0;0;0;0;0;0;0;0;0;0;0;0;0;0;0;0;Pre-Season;0;0;0;0;0;0;0;0;0;0
41860;1987;9;23; Arena;0;295;294;0;0;0;0;0;0;0;0;0;0;0;0;;;;0;0;0;0;0;0;0;0;0;0;0;0;0;0;0;0;0;0;0;0;0;0;0;0;Pre-Season;0;0;0;0;0;0;0;0;0;0
41862;1987;9;23; Arena;0;301;290;0;0;0;0;0;0;0;0;0;0;0;0;;;;0;0;0;0;0;0;0;0;0;0;0;0;0;0;0;0;0;0;0;0;0;0;0;0;Pre-Season;0;0;0;0;0;0;0;0;0;0
41864;1987;9;23; Arena;0;291;305;0;0;0;0;0;0;0;0;0;0;0;0;;;;0;0;0;0;0;0;0;0;0;0;0;0;0;0;0;0;0;0;0;0;0;0;0;0;Pre-Season;0;0;0;0;0;0;0;0;0;0
41866;1987;9;23; Arena;0;282;297;0;0;0;0;0;0;0;0;0;0;0;0;;;;0;0;0;0;0;0;0;0;0;0;0;0;0;0;0;0;0;0;0;0;0;0;0;0;Pre-Season;0;0;0;0;0;0;0;0;0;0
41868;1987;9;23; Arena;0;303;287;0;0;0;0;0;0;0;0;0;0;0;0;;;;0;0;0;0;0;0;0;0;0;0;0;0;0;0;0;0;0;0;0;0;0;0;0;0;Pre-Season;0;0;0;0;0;0;0;0;0;0
41870;1987;9;23; Arena;0;296;292;0;0;0;0;0;0;0;0;0;0;0;0;;;;0;0;0;0;0;0;0;0;0;0;0;0;0;0;0;0;0;0;0;0;0;0;0;0;Pre-Season;0;0;0;0;0;0;0;0;0;0
41872;1987;9;23; Arena;0;283;304;0;0;0;0;0;0;0;0;0;0;0;0;;;;0;0;0;0;0;0;0;0;0;0;0;0;0;0;0;0;0;0;0;0;0;0;0;0;Pre-Season;0;0;0;0;0;0;0;0;0;0
41874;1987;9;24; Arena;0;304;299;0;0;0;0;0;0;0;0;0;0;0;0;;;;0;0;0;0;0;0;0;0;0;0;0;0;0;0;0;0;0;0;0;0;0;0;0;0;Pre-Season;0;0;0;0;0;0;0;0;0;0
41876;1987;9;24; Arena;0;293;296;0;0;0;0;0;0;0;0;0;0;0;0;;;;0;0;0;0;0;0;0;0;0;0;0;0;0;0;0;0;0;0;0;0;0;0;0;0;Pre-Season;0;0;0;0;0;0;0;0;0;0
41878;1987;9;24; Arena;0;298;291;0;0;0;0;0;0;0;0;0;0;0;0;;;;0;0;0;0;0;0;0;0;0;0;0;0;0;0;0;0;0;0;0;0;0;0;0;0;Pre-Season;0;0;0;0;0;0;0;0;0;0
41880;1987;9;24; Arena;0;287;295;0;0;0;0;0;0;0;0;0;0;0;0;;;;0;0;0;0;0;0;0;0;0;0;0;0;0;0;0;0;0;0;0;0;0;0;0;0;Pre-Season;0;0;0;0;0;0;0;0;0;0
41882;1987;9;24; Arena;0;284;292;0;0;0;0;0;0;0;0;0;0;0;0;;;;0;0;0;0;0;0;0;0;0;0;0;0;0;0;0;0;0;0;0;0;0;0;0;0;Pre-Season;0;0;0;0;0;0;0;0;0;0
41884;1987;9;24; Arena;0;300;301;0;0;0;0;0;0;0;0;0;0;0;0;;;;0;0;0;0;0;0;0;0;0;0;0;0;0;0;0;0;0;0;0;0;0;0;0;0;Pre-Season;0;0;0;0;0;0;0;0;0;0
41886;1987;9;24; Arena;0;305;297;0;0;0;0;0;0;0;0;0;0;0;0;;;;0;0;0;0;0;0;0;0;0;0;0;0;0;0;0;0;0;0;0;0;0;0;0;0;Pre-Season;0;0;0;0;0;0;0;0;0;0
41888;1987;9;24; Arena;0;290;286;0;0;0;0;0;0;0;0;0;0;0;0;;;;0;0;0;0;0;0;0;0;0;0;0;0;0;0;0;0;0;0;0;0;0;0;0;0;Pre-Season;0;0;0;0;0;0;0;0;0;0
41890;1987;9;24; Arena;0;294;288;0;0;0;0;0;0;0;0;0;0;0;0;;;;0;0;0;0;0;0;0;0;0;0;0;0;0;0;0;0;0;0;0;0;0;0;0;0;Pre-Season;0;0;0;0;0;0;0;0;0;0
41892;1987;9;24; Arena;0;285;282;0;0;0;0;0;0;0;0;0;0;0;0;;;;0;0;0;0;0;0;0;0;0;0;0;0;0;0;0;0;0;0;0;0;0;0;0;0;Pre-Season;0;0;0;0;0;0;0;0;0;0
41894;1987;9;24; Arena;0;283;303;0;0;0;0;0;0;0;0;0;0;0;0;;;;0;0;0;0;0;0;0;0;0;0;0;0;0;0;0;0;0;0;0;0;0;0;0;0;Pre-Season;0;0;0;0;0;0;0;0;0;0
41896;1987;9;24; Arena;0;289;302;0;0;0;0;0;0;0;0;0;0;0;0;;;;0;0;0;0;0;0;0;0;0;0;0;0;0;0;0;0;0;0;0;0;0;0;0;0;Pre-Season;0;0;0;0;0;0;0;0;0;0
41898;1987;9;26; Arena;0;286;288;0;0;0;0;0;0;0;0;0;0;0;0;;;;0;0;0;0;0;0;0;0;0;0;0;0;0;0;0;0;0;0;0;0;0;0;0;0;Pre-Season;0;0;0;0;0;0;0;0;0;0
41900;1987;9;26; Arena;0;299;296;0;0;0;0;0;0;0;0;0;0;0;0;;;;0;0;0;0;0;0;0;0;0;0;0;0;0;0;0;0;0;0;0;0;0;0;0;0;Pre-Season;0;0;0;0;0;0;0;0;0;0
41902;1987;9;26; Arena;0;297;283;0;0;0;0;0;0;0;0;0;0;0;0;;;;0;0;0;0;0;0;0;0;0;0;0;0;0;0;0;0;0;0;0;0;0;0;0;0;Pre-Season;0;0;0;0;0;0;0;0;0;0
41904;1987;9;26; Arena;0;302;285;0;0;0;0;0;0;0;0;0;0;0;0;;;;0;0;0;0;0;0;0;0;0;0;0;0;0;0;0;0;0;0;0;0;0;0;0;0;Pre-Season;0;0;0;0;0;0;0;0;0;0
41906;1987;9;26; Arena;0;292;293;0;0;0;0;0;0;0;0;0;0;0;0;;;;0;0;0;0;0;0;0;0;0;0;0;0;0;0;0;0;0;0;0;0;0;0;0;0;Pre-Season;0;0;0;0;0;0;0;0;0;0
41908;1987;9;26; Arena;0;282;301;0;0;0;0;0;0;0;0;0;0;0;0;;;;0;0;0;0;0;0;0;0;0;0;0;0;0;0;0;0;0;0;0;0;0;0;0;0;Pre-Season;0;0;0;0;0;0;0;0;0;0
41910;1987;9;26; Arena;0;290;298;0;0;0;0;0;0;0;0;0;0;0;0;;;;0;0;0;0;0;0;0;0;0;0;0;0;0;0;0;0;0;0;0;0;0;0;0;0;Pre-Season;0;0;0;0;0;0;0;0;0;0
41912;1987;9;26; Arena;0;291;294;0;0;0;0;0;0;0;0;0;0;0;0;;;;0;0;0;0;0;0;0;0;0;0;0;0;0;0;0;0;0;0;0;0;0;0;0;0;Pre-Season;0;0;0;0;0;0;0;0;0;0
41914;1987;9;26; Arena;0;295;287;0;0;0;0;0;0;0;0;0;0;0;0;;;;0;0;0;0;0;0;0;0;0;0;0;0;0;0;0;0;0;0;0;0;0;0;0;0;Pre-Season;0;0;0;0;0;0;0;0;0;0
41916;1987;9;26; Arena;0;284;304;0;0;0;0;0;0;0;0;0;0;0;0;;;;0;0;0;0;0;0;0;0;0;0;0;0;0;0;0;0;0;0;0;0;0;0;0;0;Pre-Season;0;0;0;0;0;0;0;0;0;0
41918;1987;9;26; Arena;0;300;289;0;0;0;0;0;0;0;0;0;0;0;0;;;;0;0;0;0;0;0;0;0;0;0;0;0;0;0;0;0;0;0;0;0;0;0;0;0;Pre-Season;0;0;0;0;0;0;0;0;0;0
41920;1987;9;26; Arena;0;303;305;0;0;0;0;0;0;0;0;0;0;0;0;;;;0;0;0;0;0;0;0;0;0;0;0;0;0;0;0;0;0;0;0;0;0;0;0;0;Pre-Season;0;0;0;0;0;0;0;0;0;0
41922;1987;9;27; Arena;0;287;300;0;0;0;0;0;0;0;0;0;0;0;0;;;;0;0;0;0;0;0;0;0;0;0;0;0;0;0;0;0;0;0;0;0;0;0;0;0;Pre-Season;0;0;0;0;0;0;0;0;0;0
41924;1987;9;27; Arena;0;288;303;0;0;0;0;0;0;0;0;0;0;0;0;;;;0;0;0;0;0;0;0;0;0;0;0;0;0;0;0;0;0;0;0;0;0;0;0;0;Pre-Season;0;0;0;0;0;0;0;0;0;0
41926;1987;9;27; Arena;0;298;302;0;0;0;0;0;0;0;0;0;0;0;0;;;;0;0;0;0;0;0;0;0;0;0;0;0;0;0;0;0;0;0;0;0;0;0;0;0;Pre-Season;0;0;0;0;0;0;0;0;0;0
41928;1987;9;27; Arena;0;296;297;0;0;0;0;0;0;0;0;0;0;0;0;;;;0;0;0;0;0;0;0;0;0;0;0;0;0;0;0;0;0;0;0;0;0;0;0;0;Pre-Season;0;0;0;0;0;0;0;0;0;0
41930;1987;9;27; Arena;0;289;282;0;0;0;0;0;0;0;0;0;0;0;0;;;;0;0;0;0;0;0;0;0;0;0;0;0;0;0;0;0;0;0;0;0;0;0;0;0;Pre-Season;0;0;0;0;0;0;0;0;0;0
41932;1987;9;27; Arena;0;305;284;0;0;0;0;0;0;0;0;0;0;0;0;;;;0;0;0;0;0;0;0;0;0;0;0;0;0;0;0;0;0;0;0;0;0;0;0;0;Pre-Season;0;0;0;0;0;0;0;0;0;0
41934;1987;9;27; Arena;0;283;295;0;0;0;0;0;0;0;0;0;0;0;0;;;;0;0;0;0;0;0;0;0;0;0;0;0;0;0;0;0;0;0;0;0;0;0;0;0;Pre-Season;0;0;0;0;0;0;0;0;0;0
41936;1987;9;27; Arena;0;304;292;0;0;0;0;0;0;0;0;0;0;0;0;;;;0;0;0;0;0;0;0;0;0;0;0;0;0;0;0;0;0;0;0;0;0;0;0;0;Pre-Season;0;0;0;0;0;0;0;0;0;0
41938;1987;9;27; Arena;0;294;285;0;0;0;0;0;0;0;0;0;0;0;0;;;;0;0;0;0;0;0;0;0;0;0;0;0;0;0;0;0;0;0;0;0;0;0;0;0;Pre-Season;0;0;0;0;0;0;0;0;0;0
41940;1987;9;27; Arena;0;291;290;0;0;0;0;0;0;0;0;0;0;0;0;;;;0;0;0;0;0;0;0;0;0;0;0;0;0;0;0;0;0;0;0;0;0;0;0;0;Pre-Season;0;0;0;0;0;0;0;0;0;0
41942;1987;9;27; Arena;0;293;299;0;0;0;0;0;0;0;0;0;0;0;0;;;;0;0;0;0;0;0;0;0;0;0;0;0;0;0;0;0;0;0;0;0;0;0;0;0;Pre-Season;0;0;0;0;0;0;0;0;0;0
41944;1987;9;27; Arena;0;301;286;0;0;0;0;0;0;0;0;0;0;0;0;;;;0;0;0;0;0;0;0;0;0;0;0;0;0;0;0;0;0;0;0;0;0;0;0;0;Pre-Season;0;0;0;0;0;0;0;0;0;0
41946;1987;9;29; Arena;0;300;282;0;0;0;0;0;0;0;0;0;0;0;0;;;;0;0;0;0;0;0;0;0;0;0;0;0;0;0;0;0;0;0;0;0;0;0;0;0;Pre-Season;0;0;0;0;0;0;0;0;0;0
41948;1987;9;29; Arena;0;285;286;0;0;0;0;0;0;0;0;0;0;0;0;;;;0;0;0;0;0;0;0;0;0;0;0;0;0;0;0;0;0;0;0;0;0;0;0;0;Pre-Season;0;0;0;0;0;0;0;0;0;0
41950;1987;9;29; Arena;0;290;294;0;0;0;0;0;0;0;0;0;0;0;0;;;;0;0;0;0;0;0;0;0;0;0;0;0;0;0;0;0;0;0;0;0;0;0;0;0;Pre-Season;0;0;0;0;0;0;0;0;0;0
41952;1987;9;29; Arena;0;295;298;0;0;0;0;0;0;0;0;0;0;0;0;;;;0;0;0;0;0;0;0;0;0;0;0;0;0;0;0;0;0;0;0;0;0;0;0;0;Pre-Season;0;0;0;0;0;0;0;0;0;0
41954;1987;9;29; Arena;0;297;293;0;0;0;0;0;0;0;0;0;0;0;0;;;;0;0;0;0;0;0;0;0;0;0;0;0;0;0;0;0;0;0;0;0;0;0;0;0;Pre-Season;0;0;0;0;0;0;0;0;0;0
41956;1987;9;29; Arena;0;292;283;0;0;0;0;0;0;0;0;0;0;0;0;;;;0;0;0;0;0;0;0;0;0;0;0;0;0;0;0;0;0;0;0;0;0;0;0;0;Pre-Season;0;0;0;0;0;0;0;0;0;0
41958;1987;9;29; Arena;0;287;296;0;0;0;0;0;0;0;0;0;0;0;0;;;;0;0;0;0;0;0;0;0;0;0;0;0;0;0;0;0;0;0;0;0;0;0;0;0;Pre-Season;0;0;0;0;0;0;0;0;0;0
41960;1987;9;29; Arena;0;291;288;0;0;0;0;0;0;0;0;0;0;0;0;;;;0;0;0;0;0;0;0;0;0;0;0;0;0;0;0;0;0;0;0;0;0;0;0;0;Pre-Season;0;0;0;0;0;0;0;0;0;0
41962;1987;9;29; Arena;0;299;284;0;0;0;0;0;0;0;0;0;0;0;0;;;;0;0;0;0;0;0;0;0;0;0;0;0;0;0;0;0;0;0;0;0;0;0;0;0;Pre-Season;0;0;0;0;0;0;0;0;0;0
41964;1987;9;29; Arena;0;301;304;0;0;0;0;0;0;0;0;0;0;0;0;;;;0;0;0;0;0;0;0;0;0;0;0;0;0;0;0;0;0;0;0;0;0;0;0;0;Pre-Season;0;0;0;0;0;0;0;0;0;0
41966;1987;9;29; Arena;0;302;305;0;0;0;0;0;0;0;0;0;0;0;0;;;;0;0;0;0;0;0;0;0;0;0;0;0;0;0;0;0;0;0;0;0;0;0;0;0;Pre-Season;0;0;0;0;0;0;0;0;0;0
41968;1987;9;29; Arena;0;303;289;0;0;0;0;0;0;0;0;0;0;0;0;;;;0;0;0;0;0;0;0;0;0;0;0;0;0;0;0;0;0;0;0;0;0;0;0;0;Pre-Season;0;0;0;0;0;0;0;0;0;0
