PlayerId;League;Team
0;4;79
1;4;66
2;4;84
3;4;71
4;4;87
5;4;72
8;4;86
9;4;64
10;4;75
12;4;77
13;4;77
14;4;75
15;4;85
16;4;79
18;4;79
19;4;67
20;4;86
21;4;75
22;4;71
23;4;72
25;4;86
26;4;76
27;4;67
28;4;84
29;4;67
30;4;67
31;4;82
33;4;74
34;4;76
35;4;67
36;4;65
37;4;73
39;4;69
41;4;67
42;4;65
45;4;75
46;4;65
49;4;75
50;4;77
51;4;86
52;4;68
53;4;79
54;4;84
55;4;81
56;4;85
57;4;80
58;4;78
59;4;78
61;4;70
62;4;87
63;4;78
64;4;75
67;4;77
69;4;84
70;4;75
71;4;86
73;4;69
74;4;80
75;4;65
76;4;65
77;4;72
78;4;70
80;4;72
81;4;77
82;4;71
83;4;75
86;4;84
87;4;84
88;4;65
89;4;69
90;4;65
91;4;70
93;4;82
98;4;84
99;4;81
100;4;85
101;4;84
102;4;77
103;4;73
104;4;85
105;4;73
106;4;66
107;4;68
108;4;78
109;4;85
110;4;84
111;4;67
112;4;77
114;4;79
115;4;81
116;4;84
117;4;77
118;4;83
119;4;64
121;4;80
122;4;85
125;4;72
127;4;86
128;4;86
129;4;70
130;4;71
131;4;77
132;4;83
133;4;85
134;4;86
135;4;80
136;4;84
137;4;77
139;4;71
140;4;87
141;4;79
143;4;67
144;4;79
145;4;67
146;4;67
147;4;69
148;4;78
149;4;78
150;4;77
151;4;86
152;4;81
153;4;70
154;4;85
155;4;87
156;4;77
157;4;79
158;4;74
159;4;68
160;4;86
161;4;84
162;4;65
163;4;80
164;4;64
165;4;78
166;4;72
167;4;86
168;4;76
170;4;64
171;4;65
172;4;77
173;4;80
174;4;66
175;4;70
176;4;75
177;4;69
178;4;75
179;4;69
180;4;86
181;4;82
182;4;81
183;4;65
184;4;70
185;4;67
186;4;78
187;4;67
188;4;82
189;4;73
190;4;73
192;4;65
193;4;83
194;4;85
195;4;66
196;4;86
197;4;75
198;4;65
199;4;86
200;4;80
201;4;82
202;4;79
203;4;82
204;4;85
205;4;69
206;4;83
207;4;75
208;4;75
209;4;78
210;4;84
211;4;85
212;4;75
213;4;70
214;4;72
215;4;86
216;4;77
217;4;75
218;4;85
219;4;72
220;4;66
221;4;73
222;4;85
223;4;85
224;4;79
225;4;81
226;4;81
227;4;81
228;4;72
229;4;67
230;4;87
231;4;85
232;4;67
233;4;76
234;4;80
235;4;87
236;4;81
237;4;81
238;4;81
240;4;75
241;4;84
243;4;76
244;4;75
246;4;69
247;4;72
249;4;86
250;4;71
256;4;68
257;4;74
258;4;68
259;4;80
260;4;86
261;4;87
262;4;77
263;4;76
264;4;87
265;4;84
266;4;86
267;4;67
268;4;74
269;4;70
270;4;68
271;4;76
272;4;71
273;4;75
274;4;82
275;4;85
276;4;70
277;4;74
278;4;86
279;4;74
280;4;86
281;4;86
282;4;86
283;4;64
284;4;79
285;4;87
286;4;87
287;4;84
288;4;64
289;4;74
290;4;76
291;4;81
292;4;70
293;4;69
294;4;66
295;4;65
296;4;70
297;4;79
298;4;66
299;4;78
300;4;70
301;4;73
302;4;73
303;4;87
304;4;65
305;4;68
306;4;69
307;4;73
308;4;69
309;4;70
310;4;65
311;4;69
312;4;82
313;4;74
314;4;79
315;4;77
316;4;64
317;4;71
318;4;72
319;4;85
320;4;64
321;4;79
322;4;64
323;4;74
324;4;74
325;4;64
326;4;64
327;4;76
328;4;84
329;4;71
330;4;80
331;4;82
332;4;69
333;4;82
334;4;70
335;4;78
336;4;64
337;4;80
338;4;66
339;4;84
340;4;74
341;4;75
342;4;75
343;4;79
344;4;80
345;4;83
346;4;64
347;4;78
348;4;72
349;4;87
350;4;70
351;4;65
352;4;72
353;4;65
354;4;73
355;4;81
356;4;83
357;4;84
358;4;65
359;4;72
360;4;66
362;4;65
363;4;85
364;4;80
365;4;80
369;4;72
370;4;82
371;4;72
372;4;64
374;4;70
376;4;83
378;4;83
379;4;79
380;4;64
381;4;67
382;4;83
383;4;82
384;4;85
385;4;72
386;4;72
387;4;71
388;4;72
389;4;82
390;4;66
391;4;84
392;4;82
393;4;79
394;4;66
395;4;69
396;4;75
397;4;76
398;4;69
399;4;82
400;4;69
401;4;78
402;4;81
403;4;83
404;4;66
405;4;81
406;4;82
407;4;67
408;4;85
409;4;68
410;4;65
411;4;87
412;4;70
413;4;80
414;4;75
416;4;85
417;4;67
418;4;82
419;4;85
420;4;69
421;4;83
422;4;72
423;4;82
424;4;79
425;4;85
426;4;68
427;4;75
428;4;64
429;4;86
430;4;82
431;4;68
432;4;68
433;4;68
434;4;83
436;4;74
437;4;68
438;4;70
440;4;87
441;4;75
442;4;74
443;4;66
444;4;83
445;4;85
446;4;73
447;4;83
449;4;64
450;4;78
452;4;76
453;4;77
455;4;76
456;4;75
457;4;69
458;4;67
460;4;72
461;4;66
462;4;80
464;4;82
465;4;75
469;4;72
471;4;67
472;4;65
474;4;83
475;4;85
476;4;80
477;4;83
479;4;80
480;4;82
481;4;80
483;4;83
484;4;67
485;4;69
486;4;86
487;4;79
488;4;69
489;4;86
490;4;87
491;4;76
492;4;81
493;4;80
494;4;86
495;4;77
497;4;83
498;4;65
499;4;77
500;4;87
501;4;66
502;4;71
504;4;71
505;4;71
507;4;67
510;4;74
511;4;71
512;4;87
513;4;67
515;4;85
516;4;83
517;4;83
518;4;87
519;4;77
520;4;83
521;4;72
522;4;69
524;4;84
526;4;84
527;4;76
528;4;64
529;4;73
530;4;73
531;4;68
532;4;75
533;4;83
534;4;77
535;4;72
536;4;85
537;4;85
538;4;64
539;4;66
540;4;84
541;4;85
542;4;78
543;4;67
544;4;79
545;4;72
546;4;73
547;4;79
548;4;65
549;4;76
550;4;84
551;4;74
552;4;73
553;4;73
554;4;85
555;4;66
556;4;73
557;4;80
558;4;85
559;4;85
560;4;64
561;4;70
562;4;70
563;4;77
564;4;83
565;4;80
566;4;70
567;4;66
568;4;83
569;4;84
570;4;80
571;4;80
572;4;66
573;4;67
574;4;71
575;4;66
576;4;76
577;4;65
578;4;70
579;4;82
580;4;64
581;4;83
582;4;82
583;4;87
584;4;69
585;4;65
586;4;64
587;4;78
588;4;68
589;4;79
590;4;77
593;4;74
594;4;66
595;4;74
596;4;79
597;4;73
599;4;67
600;4;87
601;4;87
602;4;74
604;4;75
606;4;87
607;4;73
608;4;73
610;4;73
611;4;69
613;4;72
614;4;78
615;4;78
616;4;74
618;4;86
619;4;65
620;4;77
621;4;82
622;4;64
623;4;77
627;4;64
628;4;82
629;4;82
630;4;75
631;4;80
632;4;69
633;4;80
634;4;76
636;4;66
638;4;70
639;4;83
640;4;66
641;4;81
644;4;84
645;4;78
646;4;85
647;4;66
648;4;71
649;4;71
650;4;73
651;4;69
652;4;74
653;4;68
654;4;81
658;4;66
659;4;80
660;4;73
661;4;82
662;4;78
663;4;65
664;4;64
665;4;67
666;4;72
668;4;67
670;4;70
671;4;80
672;4;64
673;4;66
676;4;72
677;4;66
678;4;66
679;4;82
681;4;71
682;4;83
683;4;81
684;4;67
685;4;82
686;4;78
687;4;76
688;4;69
689;4;74
690;4;78
691;4;80
692;4;69
693;4;84
694;4;82
695;4;68
696;4;84
697;4;86
698;4;79
699;4;79
700;4;65
701;4;64
703;4;68
704;4;78
705;4;83
707;4;70
708;4;76
709;4;64
710;4;75
711;4;87
712;4;64
713;4;78
716;4;85
717;4;81
719;4;85
722;4;66
724;4;73
727;4;81
728;4;84
729;4;76
730;4;72
732;4;66
737;4;65
738;4;73
739;4;73
741;4;81
744;4;72
745;4;70
749;4;65
750;4;71
751;4;64
752;4;68
753;4;77
754;4;76
757;4;69
758;4;70
760;4;82
762;4;76
764;4;64
766;4;72
767;4;70
768;4;86
769;4;75
772;4;72
773;4;79
774;4;67
775;4;71
776;4;86
777;4;84
778;4;81
779;4;74
780;4;72
781;4;74
782;4;86
783;4;87
784;4;75
785;4;69
786;4;76
787;4;71
788;4;75
789;4;79
790;4;69
791;4;83
794;4;83
795;4;81
797;4;71
799;4;66
801;4;79
802;4;71
804;4;72
805;4;79
809;4;76
810;4;71
811;4;87
812;4;70
813;4;68
814;4;71
815;4;79
816;4;79
818;4;68
819;4;71
820;4;70
821;4;87
822;4;64
823;4;78
824;4;68
825;4;75
826;4;75
827;4;86
828;4;79
829;4;78
830;4;87
831;4;87
832;4;73
833;4;69
834;4;64
835;4;67
836;4;81
837;4;76
838;4;78
840;4;83
841;4;80
843;4;83
845;4;84
846;4;73
848;4;74
849;4;71
850;4;74
851;4;83
852;4;67
853;4;81
854;4;77
856;4;66
857;4;71
858;4;78
859;4;87
860;4;68
861;4;69
862;4;76
863;4;68
864;4;68
865;4;81
866;4;76
867;4;66
868;4;81
869;4;73
870;4;66
872;4;87
874;4;81
875;4;69
876;4;70
877;4;83
878;4;65
879;4;74
880;4;73
882;4;80
883;4;67
884;4;65
885;4;74
886;4;64
891;4;78
892;4;78
893;4;65
894;4;78
895;4;74
896;4;80
897;4;76
898;4;84
901;4;80
902;4;68
905;4;74
906;4;87
907;4;77
908;4;82
909;4;80
911;4;71
912;4;69
913;4;69
914;4;74
915;4;79
916;4;74
917;4;76
918;4;79
921;4;87
924;4;76
927;4;82
928;4;78
931;4;68
932;4;86
934;4;78
936;4;73
937;4;74
938;4;82
939;4;78
940;4;79
943;4;66
945;4;71
946;4;87
947;4;87
948;4;81
949;4;84
951;4;77
953;4;87
954;4;73
957;4;64
958;4;65
960;4;73
961;4;74
962;4;71
964;4;82
966;4;84
968;4;84
969;4;67
970;4;81
971;4;70
972;4;80
973;4;68
974;4;68
975;4;81
976;4;71
977;4;86
978;4;77
979;4;71
980;4;78
981;4;71
982;4;67
983;4;76
984;4;76
985;4;76
987;4;86
988;4;72
989;4;70
990;4;76
991;4;70
992;4;73
993;4;73
994;4;81
995;4;74
996;4;81
997;4;83
998;4;71
999;4;76
1000;4;65
1001;4;74
1002;4;81
1003;5;89
1004;5;99
1005;5;98
1006;5;95
1007;5;101
1008;5;97
1009;5;88
1010;5;98
1011;5;90
1012;5;95
1013;5;93
1014;5;90
1015;5;88
1016;5;93
1017;5;93
1018;5;98
1019;5;99
1020;5;98
1021;5;92
1022;5;89
1023;5;89
1024;5;91
1025;5;91
1026;5;96
1027;5;91
1028;5;88
1029;5;94
1030;5;97
1031;5;100
1032;5;101
1033;5;97
1034;5;95
1035;5;88
1036;5;90
1037;5;94
1038;5;96
1039;5;101
1040;5;98
1041;5;94
1042;5;90
1043;5;94
1044;5;89
1045;5;101
1046;5;97
1047;5;98
1048;5;92
1049;5;98
1050;5;95
1051;5;99
1052;5;94
1053;5;91
1054;5;90
1055;5;96
1056;5;90
1057;5;100
1058;5;96
1059;5;98
1060;5;100
1061;5;89
1062;5;100
1063;5;97
1064;5;91
1065;5;99
1066;5;95
1067;5;97
1068;5;96
1069;5;96
1070;5;88
1071;5;99
1072;5;92
1073;5;88
1074;5;99
1075;5;92
1076;5;96
1077;5;93
1078;5;97
1079;5;98
1080;5;99
1081;5;89
1082;5;99
1083;5;93
1084;5;93
1085;5;100
1086;5;88
1087;5;98
1088;5;101
1089;5;98
1090;5;97
1091;5;99
1092;5;95
1093;5;93
1094;5;90
1095;5;94
1096;5;93
1097;5;100
1098;5;96
1099;5;99
1100;5;100
1101;5;97
1102;5;99
1103;5;94
1104;5;92
1105;5;101
1106;5;97
1107;5;97
1108;5;98
1109;5;96
1110;5;94
1111;5;101
1112;5;93
1113;5;101
1114;5;88
1115;5;89
1116;5;101
1117;5;88
1118;5;92
1119;5;95
1120;5;94
1121;5;93
1122;5;89
1123;5;96
1124;5;91
1125;5;95
1126;5;90
1127;5;89
1128;5;89
1129;5;89
1130;5;88
1131;5;96
1132;5;94
1133;5;88
1134;5;94
1135;5;94
1136;5;94
1137;5;92
1138;5;97
1139;5;95
1140;5;97
1141;5;91
1142;5;91
1143;5;93
1144;5;94
1145;5;88
1146;5;93
1147;5;97
1148;5;95
1149;5;88
1150;5;99
1151;5;95
1152;5;94
1153;5;95
1154;5;98
1155;5;98
1156;5;98
1157;5;98
1158;5;93
1159;5;91
1160;5;90
1161;5;100
1162;5;101
1163;5;88
1164;5;94
1165;5;99
1166;5;91
1167;5;94
1168;5;92
1169;5;91
1170;5;96
1171;5;95
1172;5;92
1173;5;94
1174;5;93
1175;5;92
1176;5;97
1177;5;100
1178;5;91
1179;5;100
1180;5;101
1181;5;101
1182;5;88
1183;5;90
1184;5;92
1185;5;99
1186;5;89
1187;5;89
1188;5;98
1189;5;97
1190;5;96
1191;5;91
1192;5;91
1193;5;94
1194;5;97
1195;5;99
1196;5;95
1197;5;92
1198;5;101
1199;5;100
1200;5;99
1201;5;93
1202;5;88
1203;5;95
1204;5;96
1205;5;89
1206;5;90
1207;5;99
1208;5;91
1209;5;91
1210;5;98
1211;5;97
1212;5;93
1213;5;95
1214;5;94
1215;5;97
1216;5;96
1217;5;94
1218;5;100
1219;5;94
1220;5;95
1221;5;92
1222;5;89
1223;5;99
1224;5;91
1225;5;101
1226;5;100
1227;5;97
1228;5;95
1229;5;99
1230;5;98
1231;5;100
1232;5;95
1233;5;90
1234;5;93
1235;5;91
1236;5;97
1237;5;88
1238;5;98
1239;5;98
1240;5;98
1241;5;91
1242;5;89
1243;5;92
1244;5;99
1245;5;96
1246;5;96
1247;5;101
1248;5;91
1249;5;96
1250;5;88
1251;5;92
1252;5;94
1253;5;93
1254;5;90
1255;5;90
1256;5;99
1257;5;96
1258;5;92
1259;5;100
1260;5;96
1261;5;100
1262;5;89
1263;5;101
1264;5;90
1265;5;90
1266;5;94
1267;5;90
1268;5;98
1269;5;99
1270;5;89
1271;5;95
1272;5;96
1273;5;90
1274;5;101
1275;5;95
1276;5;90
1277;5;89
1278;5;101
1279;5;90
1280;5;93
1281;5;90
1282;5;89
1283;5;100
1284;5;92
1285;5;88
1286;5;96
1287;5;88
1288;5;96
1289;5;93
1290;5;91
1291;5;98
1292;5;97
1293;5;94
1294;5;92
1295;5;92
1296;5;98
1297;5;100
1298;5;95
1299;5;95
1300;5;90
1301;5;101
1302;5;98
1303;5;90
1304;5;91
1305;5;92
1306;5;92
1307;5;100
1308;5;89
1309;5;90
1310;5;92
1311;5;98
1312;5;94
1313;5;100
1314;5;94
1315;5;88
1316;5;95
1317;5;93
1318;5;90
1319;5;101
1320;5;97
1321;5;88
1322;5;89
1323;5;97
1324;5;91
1325;5;91
1326;5;93
1327;5;91
1328;5;93
1329;5;93
1330;5;99
1331;5;90
1332;5;97
1333;5;92
1334;5;100
1335;5;100
1336;5;101
1337;5;92
1338;5;98
1339;5;101
1340;5;92
1341;5;93
1342;5;91
1343;5;95
1344;5;97
1345;5;90
1346;5;96
1347;5;99
1348;5;100
1349;5;99
1350;5;96
1351;5;99
1352;5;97
1353;5;91
1354;5;95
1355;5;101
1356;5;99
1357;5;96
1358;5;94
1359;5;92
1360;5;91
1361;5;90
1362;5;91
1363;5;96
1364;5;100
1365;5;90
1366;5;92
1367;5;95
1368;5;88
1369;5;101
1370;5;94
1371;5;93
1372;5;100
1373;5;92
1374;5;89
1375;5;94
1376;5;96
1377;5;94
1378;5;100
1379;5;90
1380;5;100
1381;5;89
1382;5;101
1383;5;90
1384;5;93
1385;5;97
1386;5;100
1387;5;99
1388;5;101
1389;5;101
1390;5;89
1391;5;93
1392;5;92
1393;5;93
1394;5;95
1395;5;93
1396;5;97
1397;5;88
1398;5;88
1399;5;88
1400;6;104
1401;6;118
1402;6;112
1403;6;112
1404;6;114
1405;6;103
1406;6;110
1407;6;117
1408;6;120
1409;6;104
1410;6;105
1411;6;111
1412;6;107
1413;6;112
1414;6;123
1415;6;118
1416;6;109
1417;6;109
1418;6;103
1419;6;104
1420;6;110
1421;6;118
1422;6;107
1423;6;108
1424;6;105
1425;6;111
1426;6;113
1427;6;109
1428;6;114
1429;6;104
1430;6;106
1431;6;103
1432;6;116
1433;6;103
1434;6;107
1435;6;112
1436;6;102
1437;6;116
1438;6;116
1439;6;110
1440;6;111
1441;6;105
1442;6;108
1443;6;106
1444;6;119
1445;6;109
1446;6;119
1447;6;104
1448;6;119
1449;6;118
1450;6;103
1451;6;108
1452;6;116
1453;6;108
1454;6;121
1455;6;118
1456;6;120
1457;6;112
1458;6;118
1459;6;115
1460;6;109
1461;6;118
1462;6;102
1463;6;110
1464;6;122
1465;6;112
1466;6;107
1467;6;109
1468;6;103
1469;6;120
1470;6;116
1471;6;113
1472;6;104
1473;6;109
1474;6;105
1475;6;104
1476;6;111
1477;6;117
1478;6;114
1479;6;107
1480;6;109
1481;6;122
1482;6;115
1483;6;105
1484;6;119
1485;6;110
1486;6;120
1487;6;107
1488;6;120
1489;6;107
1490;6;105
1491;6;107
1492;6;108
1493;6;111
1494;6;121
1495;6;115
1496;6;118
1497;6;102
1498;6;109
1499;6;107
1500;6;110
1501;6;109
1502;6;115
1503;6;103
1504;6;104
1505;6;112
1506;6;104
1507;6;115
1508;6;115
1509;6;105
1510;6;105
1511;6;104
1512;6;106
1513;6;119
1514;6;107
1515;6;107
1516;6;109
1517;6;119
1518;6;115
1519;6;108
1520;6;119
1521;6;103
1522;6;110
1523;6;114
1524;6;105
1525;6;116
1526;6;120
1527;6;123
1528;6;105
1529;6;118
1530;6;110
1531;6;114
1532;6;103
1533;6;103
1534;6;109
1535;6;115
1536;6;106
1537;6;115
1538;6;107
1539;6;104
1540;6;106
1541;6;107
1542;6;103
1543;6;104
1544;6;110
1545;6;109
1546;6;108
1547;6;118
1548;6;104
1549;6;102
1550;6;106
1551;6;106
1552;6;114
1553;6;115
1554;6;120
1555;6;108
1556;6;105
1557;6;106
1558;6;102
1559;6;116
1560;6;113
1561;6;102
1562;6;102
1563;6;108
1564;6;122
1565;6;104
1566;6;122
1567;6;123
1568;6;117
1569;6;103
1570;6;102
1571;6;113
1572;6;118
1573;6;102
1574;6;113
1575;6;120
1576;6;104
1577;6;110
1578;6;112
1579;6;117
1580;6;107
1581;6;108
1582;6;107
1583;6;117
1584;6;113
1585;6;102
1586;6;118
1587;6;113
1588;6;103
1589;6;105
1590;6;104
1591;6;123
1592;6;120
1593;6;109
1594;6;103
1595;6;105
1596;6;102
1597;6;122
1598;6;121
1599;6;111
1600;6;105
1601;6;120
1602;6;122
1603;6;110
1604;6;109
1605;6;115
1606;6;106
1607;6;116
1608;6;114
1609;6;112
1610;6;123
1611;6;117
1612;6;114
1613;6;104
1614;6;105
1615;6;103
1616;6;112
1617;6;121
1618;6;109
1619;6;109
1620;6;120
1621;6;120
1622;6;122
1623;6;123
1624;6;123
1625;6;123
1626;6;114
1627;6;109
1628;6;103
1629;6;111
1630;6;102
1631;6;121
1632;6;105
1633;6;114
1634;6;109
1635;6;120
1636;6;121
1637;6;112
1638;6;122
1639;6;109
1640;6;122
1641;6;122
1642;6;110
1643;6;117
1644;6;118
1645;6;122
1646;6;107
1647;6;118
1648;6;112
1649;6;123
1650;6;102
1651;6;122
1652;6;115
1653;6;102
1654;6;114
1655;6;109
1656;6;122
1657;6;122
1658;6;114
1659;6;116
1660;6;109
1661;6;106
1662;6;118
1663;6;105
1664;6;104
1665;6;105
1666;6;105
1667;6;111
1668;6;123
1669;6;118
1670;6;113
1671;6;114
1672;6;119
1673;6;119
1674;6;111
1675;6;108
1676;6;106
1677;6;120
1678;6;118
1679;6;111
1680;6;103
1681;6;105
1682;6;123
1683;6;102
1684;6;120
1685;6;111
1686;6;102
1687;6;115
1688;6;107
1689;6;119
1690;6;110
1691;6;106
1692;6;123
1693;6;104
1694;6;116
1695;6;111
1696;6;121
1697;6;102
1698;6;118
1699;6;104
1700;6;107
1701;6;106
1702;6;103
1703;6;120
1704;6;118
1705;6;105
1706;6;110
1707;6;113
1708;6;103
1709;6;108
1710;6;108
1711;6;110
1712;6;117
1713;6;121
1714;6;110
1715;6;103
1716;6;102
1717;6;108
1718;6;123
1719;6;107
1720;6;106
1721;6;119
1722;6;108
1723;6;123
1724;6;106
1725;6;118
1726;6;114
1727;6;112
1728;6;123
1729;6;110
1730;6;119
1731;6;117
1732;6;122
1733;6;123
1734;6;120
1735;6;117
1736;6;109
1737;6;110
1738;6;106
1739;6;112
1740;6;115
1741;6;116
1742;6;121
1743;6;110
1744;6;115
1745;6;109
1746;6;115
1747;6;106
1748;6;122
1749;6;107
1750;6;115
1751;6;102
1752;6;109
1753;6;112
1754;6;103
1755;6;106
1756;6;104
1757;6;115
1758;6;107
1759;6;104
1760;6;112
1761;6;109
1762;6;113
1763;6;107
1764;6;121
1765;6;103
1766;6;110
1767;6;107
1768;6;118
1769;6;116
1770;6;122
1771;6;119
1772;6;102
1773;6;103
1774;6;121
1775;6;118
1776;6;115
1777;6;111
1778;6;107
1779;6;122
1780;6;118
1781;6;106
1782;6;118
1783;6;117
1784;6;115
1785;6;104
1786;6;107
1787;6;120
1788;6;122
1789;6;122
1790;6;115
1791;6;123
1792;6;123
1793;6;119
1794;6;120
1795;6;111
1796;6;109
1797;6;116
1798;6;121
1799;6;113
1800;6;115
1801;6;105
1802;6;120
1803;6;111
1804;6;121
1805;6;104
1806;6;121
1807;6;109
1808;6;105
1809;6;110
1810;6;123
1811;6;112
1812;6;117
1813;6;116
1814;6;110
1815;6;110
1816;6;110
1817;6;109
1818;6;106
1819;6;112
1820;6;109
1821;6;117
1822;6;123
1823;6;111
1824;6;116
1825;6;115
1826;6;113
1827;6;113
1828;6;108
1829;6;121
1830;6;102
1831;6;110
1832;6;120
1833;6;123
1834;6;119
1835;6;113
1836;6;111
1837;6;104
1838;6;110
1839;6;110
1840;6;105
1841;6;115
1842;6;102
1843;6;114
1844;6;123
1845;6;105
1846;6;103
1847;6;110
1848;6;112
1849;6;113
1850;6;119
1851;6;102
1852;6;113
1853;6;120
1854;6;117
1855;6;121
1856;6;102
1857;6;104
1858;6;105
1859;6;122
1860;6;116
1861;6;105
1862;6;121
1863;6;109
1864;6;102
1865;6;109
1866;6;122
1867;6;114
1868;6;123
1869;6;119
1870;6;102
1871;6;123
1872;6;108
1873;6;115
1874;6;103
1875;6;116
1876;6;112
1877;6;119
1878;6;118
1879;6;104
1880;6;110
1881;6;117
1882;6;112
1883;6;108
1884;6;115
1885;6;111
1886;6;111
1887;6;119
1888;6;119
1889;6;122
1890;6;110
1891;6;107
1892;6;115
1893;6;121
1894;6;115
1895;6;116
1896;6;113
1897;6;104
1898;6;120
1899;6;107
1900;6;108
1901;6;120
1902;6;123
1903;6;103
1904;6;111
1905;6;106
1906;6;121
1907;6;119
1908;6;104
1909;6;118
1910;6;123
1911;6;104
1912;6;117
1913;6;122
1914;6;106
1915;6;106
1916;6;122
1917;6;120
1918;6;123
1919;6;122
1920;6;115
1921;6;103
1922;6;115
1923;6;102
1924;6;105
1925;6;123
1926;6;117
1927;6;108
1928;6;111
1929;6;107
1930;6;121
1931;6;123
1932;6;105
1933;6;107
1934;6;112
1935;6;116
1936;6;104
1937;6;102
1938;6;113
1939;6;120
1940;6;121
1941;6;105
1942;6;122
1943;6;109
1944;6;121
1945;6;119
1946;6;115
1947;6;116
1948;6;119
1949;6;107
1950;6;105
1951;6;118
1952;6;112
1953;6;119
1954;6;114
1955;6;104
1956;6;105
1957;6;116
1958;6;104
1959;6;121
1960;6;114
1961;6;111
1962;6;107
1963;6;119
1964;6;104
1965;6;114
1966;6;105
1967;6;102
1968;6;121
1969;6;120
1970;6;103
1971;6;121
1972;6;108
1973;6;116
1974;6;120
1975;6;105
1976;6;116
1977;6;116
1978;6;118
1979;6;113
1980;6;115
1981;6;111
1982;6;120
1983;6;117
1984;6;106
1985;6;104
1986;6;121
1987;6;113
1988;6;113
1989;6;115
1990;6;117
1991;6;117
1992;6;112
1993;6;113
1994;6;104
1995;6;109
1996;6;108
1997;6;112
1998;6;106
1999;6;110
2000;6;107
2001;6;116
2002;6;102
2003;6;106
2004;6;105
2005;6;120
2006;6;110
2007;6;107
2008;6;113
2009;6;118
2010;6;113
2011;6;104
2012;6;113
2013;6;114
2014;6;104
2015;6;121
2016;6;110
2017;6;110
2018;6;118
2019;6;102
2020;6;119
2021;6;121
2022;6;104
2023;6;108
2024;6;121
2025;6;107
2026;6;120
2027;6;120
2028;6;108
2029;6;110
2030;6;102
2031;6;108
2032;6;118
2033;6;107
2034;6;111
2035;6;103
2036;6;111
2037;6;112
2038;6;108
2039;6;104
2040;6;108
2041;6;110
2042;6;104
2043;6;120
2044;6;115
2045;6;120
2046;6;109
2047;6;103
2048;6;114
2049;6;118
2050;6;116
2051;6;121
2052;6;111
2053;6;109
2054;6;118
2055;6;116
2056;6;110
2057;6;110
2058;6;104
2059;6;109
2060;6;121
2061;6;122
2062;6;103
2063;6;122
2064;6;103
2065;6;104
2066;6;113
2067;6;103
2068;6;114
2069;6;114
2070;6;114
2071;6;116
2072;6;117
2073;6;117
2074;6;118
2075;6;113
2076;6;109
2077;6;118
2078;6;105
2079;6;111
2080;6;112
2081;6;120
2082;6;110
2083;6;105
2084;6;105
2085;6;118
2086;6;122
2087;6;114
2088;6;117
2089;6;114
2090;6;105
2091;6;103
2092;6;120
2093;6;104
2094;6;113
2095;6;109
2096;6;112
2097;6;115
2098;6;108
2099;6;109
2100;6;105
2101;6;104
2102;6;107
2103;6;107
2104;6;104
2105;6;102
2106;6;112
2107;6;111
2108;6;107
2109;6;122
2110;6;110
2111;6;114
2112;6;114
2113;6;103
2114;6;104
2115;6;117
2116;6;112
2117;6;102
2118;6;112
2119;6;108
2120;6;117
2121;6;118
2122;6;111
2123;6;106
2124;6;110
2125;6;106
2126;6;105
2127;6;120
2128;6;116
2129;6;103
2130;6;105
2131;6;104
2132;6;117
2133;6;111
2134;6;112
2135;6;112
2136;6;110
2137;6;110
2138;6;118
2139;6;109
2140;6;113
2141;6;109
2142;6;119
2143;6;110
2144;6;107
2145;6;109
2146;6;103
2147;6;105
2148;6;104
2149;6;116
2150;6;110
2151;6;112
2152;6;112
2153;6;112
2154;6;121
2155;6;114
2156;6;104
2157;6;104
2158;6;106
2159;6;105
2160;6;103
2161;6;104
2162;6;102
2163;6;112
2164;6;103
2165;6;112
2166;6;112
2167;6;112
2168;6;106
2169;6;114
2170;6;104
2171;6;103
2172;6;115
2173;6;119
2174;6;109
2175;6;103
2176;6;110
2177;6;113
2178;6;111
2179;6;120
2180;6;102
2181;6;103
2182;6;114
2183;6;110
2184;6;114
2185;6;114
2186;6;116
2187;6;103
2188;6;105
2189;6;120
2190;6;104
2191;6;119
2192;6;120
2193;6;122
2194;6;120
2195;6;118
2196;6;106
2197;6;106
2198;6;123
2199;6;105
2200;6;115
2201;6;104
2202;6;106
2203;6;105
2204;6;105
2205;6;104
2206;6;113
2207;6;105
2208;6;122
2209;6;111
2210;6;103
2211;6;111
2212;6;114
2213;6;117
2214;6;117
2215;6;103
2216;6;119
2217;6;107
2218;6;115
2219;6;119
2220;6;111
2221;6;110
2222;6;102
2223;6;111
2224;6;111
2225;6;104
2226;6;114
2227;6;120
2228;6;103
2229;6;103
2230;6;118
2231;6;121
2232;6;115
2233;6;104
2234;6;119
2235;6;110
2236;6;113
2237;6;107
2238;6;107
2239;6;108
2240;6;108
2241;6;109
2242;6;105
2243;6;102
2244;6;104
2245;6;115
2246;6;120
2247;6;106
2248;6;106
2249;6;121
2250;6;114
2251;6;104
2252;6;120
2253;6;104
2254;6;110
2255;6;113
2256;6;115
2257;6;111
2258;6;119
2259;6;119
2260;6;107
2261;6;108
2262;6;110
2263;6;121
2264;6;107
2265;6;113
2266;6;114
2267;6;110
2268;6;122
2269;6;113
2270;6;118
2271;6;114
2272;6;106
2273;6;112
2274;6;103
2275;6;114
2276;6;111
2277;6;112
2278;6;112
2279;6;118
2280;6;104
2281;6;117
2282;6;112
2283;6;110
2284;6;115
2285;6;118
2286;6;122
2287;6;118
2288;6;109
2289;6;116
2290;6;116
2291;6;116
2292;6;104
2293;6;118
2294;6;117
2295;6;117
2296;6;116
2297;6;121
2298;6;104
2299;6;120
2300;6;111
2301;6;104
2302;6;113
2303;6;102
2304;7;131
2305;7;136
2306;7;134
2307;7;128
2308;7;127
2309;7;137
2310;7;126
2311;7;135
2312;7;130
2313;7;132
2314;7;128
2315;7;136
2316;7;134
2317;7;130
2318;7;133
2319;7;137
2320;7;132
2321;7;125
2322;7;131
2323;7;127
2324;7;129
2325;7;132
2326;7;136
2327;7;135
2328;7;126
2329;7;128
2330;7;126
2331;7;127
2332;7;129
2333;7;129
2334;7;129
2335;7;127
2336;7;131
2337;7;134
2338;7;134
2339;7;132
2340;7;131
2341;7;127
2342;7;129
2343;7;124
2344;7;137
2345;7;125
2346;7;135
2347;7;130
2348;7;129
2349;7;129
2350;7;124
2351;7;125
2352;7;127
2353;7;134
2354;7;132
2355;7;124
2356;7;125
2357;7;126
2358;7;127
2359;7;128
2360;7;131
2361;7;129
2362;7;125
2363;7;133
2364;7;128
2365;7;137
2366;7;133
2367;7;128
2368;7;134
2369;7;135
2370;7;126
2371;7;132
2372;7;136
2373;7;136
2374;7;135
2375;7;125
2376;7;126
2377;7;126
2378;7;124
2379;7;132
2380;7;136
2381;7;127
2382;7;126
2383;7;127
2384;7;130
2385;7;136
2386;7;134
2387;7;126
2388;7;136
2389;7;137
2390;7;127
2391;7;130
2392;7;124
2393;7;134
2394;7;134
2395;7;132
2396;7;129
2397;7;137
2398;7;134
2399;7;126
2400;7;132
2401;7;128
2402;7;126
2403;7;132
2404;7;126
2405;7;131
2406;7;131
2407;7;128
2408;7;132
2409;7;129
2410;7;125
2411;7;135
2412;7;125
2413;7;130
2414;7;126
2415;7;132
2416;7;131
2417;7;130
2418;7;133
2419;7;129
2420;7;125
2421;7;124
2422;7;133
2423;7;128
2424;7;135
2425;7;130
2426;7;126
2427;7;130
2428;7;129
2429;7;133
2430;7;134
2431;7;135
2432;7;137
2433;7;127
2434;7;128
2435;7;131
2436;7;137
2437;7;126
2438;7;128
2439;7;137
2440;7;127
2441;7;125
2442;7;135
2443;7;125
2444;7;126
2445;7;131
2446;7;125
2447;7;126
2448;7;128
2449;7;129
2450;7;133
2451;7;132
2452;7;127
2453;7;130
2454;7;127
2455;7;133
2456;7;129
2457;7;125
2458;7;129
2459;7;131
2460;7;124
2461;7;136
2462;7;135
2463;7;129
2464;7;130
2465;7;128
2466;7;130
2467;7;135
2468;7;129
2469;7;133
2470;7;129
2471;7;124
2472;7;127
2473;7;129
2474;7;129
2475;7;136
2476;7;131
2477;7;136
2478;7;128
2479;7;135
2480;7;135
2481;7;134
2482;7;135
2483;7;124
2484;7;131
2485;7;127
2486;7;124
2487;7;130
2488;7;124
2489;7;134
2490;7;127
2491;7;129
2492;7;137
2493;7;125
2494;7;128
2495;7;126
2496;7;127
2497;7;124
2498;7;130
2499;7;136
2500;7;137
2501;7;137
2502;7;135
2503;7;135
2504;7;131
2505;7;136
2506;7;135
2507;7;124
2508;7;134
2509;7;135
2510;7;135
2511;7;135
2512;7;135
2513;7;128
2514;7;132
2515;7;127
2516;7;132
2517;7;134
2518;7;136
2519;7;130
2520;7;134
2521;7;134
2522;7;136
2523;7;129
2524;7;134
2525;7;128
2526;7;125
2527;7;134
2528;7;131
2529;7;134
2530;7;124
2531;7;126
2532;7;134
2533;7;130
2534;7;124
2535;7;136
2536;7;129
2537;7;131
2538;7;137
2539;7;127
2540;7;131
2541;7;124
2542;7;130
2543;7;131
2544;7;125
2545;7;133
2546;7;129
2547;7;133
2548;7;133
2549;7;127
2550;7;133
2551;7;133
2552;7;126
2553;7;128
2554;7;126
2555;7;133
2556;7;130
2557;7;137
2558;7;131
2559;7;128
2560;7;129
2561;7;124
2562;7;124
2563;7;131
2564;7;128
2565;7;124
2566;7;135
2567;7;126
2568;7;132
2569;7;124
2570;7;136
2571;7;134
2572;7;136
2573;7;135
2574;7;135
2575;7;133
2576;7;125
2577;7;130
2578;7;133
2579;7;132
2580;7;128
2581;7;125
2582;7;137
2583;7;128
2584;7;124
2585;7;128
2586;7;129
2587;7;133
2588;7;125
2589;7;125
2590;7;128
2591;7;133
2592;7;133
2593;7;126
2594;7;136
2595;7;126
2596;7;132
2597;7;131
2598;7;130
2599;7;124
2600;7;132
2601;7;137
2602;7;130
2603;7;137
2604;7;124
2605;7;126
2606;7;125
2607;7;124
2608;7;127
2609;7;132
2610;7;125
2611;7;134
2612;7;127
2613;7;133
2614;7;125
2615;7;135
2616;7;129
2617;7;133
2618;7;125
2619;7;137
2620;7;132
2621;7;130
2622;7;133
2623;7;130
2624;7;133
2625;7;135
2626;7;128
2627;7;137
2628;7;124
2629;7;134
2630;7;127
2631;7;125
2632;7;127
2633;7;137
2634;7;125
2635;7;124
2636;7;133
2637;7;136
2638;7;132
2639;7;128
2640;7;135
2641;7;127
2642;7;132
2643;7;126
2644;7;130
2645;7;125
2646;7;137
2647;7;131
2648;7;130
2649;7;131
2650;7;126
2651;7;133
2652;7;132
2653;7;137
2654;7;136
2655;7;128
2656;7;125
2657;7;131
2658;7;136
2659;7;126
2660;7;134
2661;7;136
2662;7;130
2663;7;130
2664;7;136
2665;7;124
2666;7;131
2667;7;127
2668;7;124
2669;7;130
2670;7;130
2671;7;126
2672;7;134
2673;7;124
2674;7;126
2675;7;129
2676;7;137
2677;7;137
2678;7;131
2679;7;136
2680;7;124
2681;7;132
2682;7;136
2683;7;136
2684;7;131
2685;7;130
2686;7;127
2687;7;129
2688;7;125
2689;7;132
2690;7;130
2691;7;137
2692;7;134
2693;7;135
2694;7;126
2695;7;132
2696;7;136
2697;7;131
2698;7;132
2699;7;130
2700;7;136
2701;7;132
2702;8;147
2703;8;148
2704;8;139
2705;8;144
2706;8;140
2707;8;145
2708;8;142
2709;8;150
2710;8;139
2711;8;143
2712;8;146
2713;8;151
2714;8;148
2715;8;143
2716;8;147
2717;8;140
2718;8;152
2719;8;146
2720;8;150
2721;8;149
2722;8;138
2723;8;142
2724;8;146
2725;8;143
2726;8;143
2727;8;147
2728;8;149
2729;8;153
2730;8;138
2731;8;150
2732;8;147
2733;8;149
2734;8;141
2735;8;153
2736;8;148
2737;8;144
2738;8;147
2739;8;142
2740;8;143
2741;8;149
2742;8;139
2743;8;152
2744;8;144
2745;8;139
2746;8;151
2747;8;147
2748;8;148
2749;8;138
2750;8;139
2751;8;139
2752;8;145
2753;8;149
2754;8;145
2755;8;151
2756;8;143
2757;8;144
2758;8;149
2759;8;143
2760;8;139
2761;8;152
2762;8;152
2763;8;152
2764;8;150
2765;8;152
2766;8;145
2767;8;151
2768;8;152
2769;8;147
2770;8;146
2771;8;149
2772;8;146
2773;8;146
2774;8;153
2775;8;147
2776;8;151
2777;8;143
2778;8;143
2779;8;145
2780;8;143
2781;8;153
2782;8;148
2783;8;147
2784;8;142
2785;8;148
2786;8;151
2787;8;145
2788;8;145
2789;8;138
2790;8;138
2791;8;140
2792;8;144
2793;8;150
2794;8;139
2795;8;149
2796;8;141
2797;8;141
2798;8;141
2799;8;138
2800;8;148
2801;8;142
2802;8;141
2803;8;152
2804;8;152
2805;8;149
2806;8;151
2807;8;152
2808;8;142
2809;8;151
2810;8;151
2811;8;142
2812;8;153
2813;8;139
2814;8;142
2815;8;147
2816;8;152
2817;8;142
2818;8;145
2819;8;148
2820;8;147
2821;8;146
2822;8;149
2823;8;145
2824;8;139
2825;8;151
2826;8;139
2827;8;138
2828;8;150
2829;8;140
2830;8;139
2831;8;151
2832;8;141
2833;8;148
2834;8;139
2835;8;143
2836;8;140
2837;8;140
2838;8;139
2839;8;139
2840;8;143
2841;8;146
2842;8;141
2843;8;145
2844;8;138
2845;8;146
2846;8;138
2847;8;152
2848;8;153
2849;8;143
2850;8;140
2851;8;147
2852;8;144
2853;8;139
2854;8;143
2855;8;140
2856;8;143
2857;8;139
2858;8;148
2859;8;146
2860;8;151
2861;8;140
2862;8;141
2863;8;149
2864;8;140
2865;8;144
2866;8;145
2867;8;145
2868;8;147
2869;8;153
2870;8;140
2871;8;143
2872;8;138
2873;8;148
2874;8;142
2875;8;152
2876;8;138
2877;8;140
2878;8;149
2879;8;145
2880;8;140
2881;8;140
2882;8;148
2883;8;143
2884;8;149
2885;8;140
2886;8;140
2887;8;140
2888;8;150
2889;8;153
2890;8;152
2891;8;144
2892;8;139
2893;8;144
2894;8;139
2895;8;146
2896;8;140
2897;8;138
2898;8;138
2899;8;147
2900;8;140
2901;8;138
2902;8;138
2903;8;150
2904;8;141
2905;8;145
2906;8;138
2907;8;143
2908;8;148
2909;8;148
2910;8;141
2911;8;143
2912;8;142
2913;8;140
2914;8;146
2915;8;142
2916;8;143
2917;8;144
2918;8;152
2919;8;143
2920;8;140
2921;8;144
2922;8;142
2923;8;151
2924;8;149
2925;8;145
2926;8;144
2927;8;146
2928;8;149
2929;8;143
2930;8;138
2931;8;141
2932;8;147
2933;8;148
2934;8;150
2935;8;138
2936;8;144
2937;8;145
2938;8;152
2939;8;142
2940;8;148
2941;8;153
2942;8;138
2943;8;147
2944;8;140
2945;8;146
2946;8;148
2947;8;139
2948;8;138
2949;8;147
2950;8;149
2951;8;146
2952;8;146
2953;8;138
2954;8;151
2955;8;142
2956;8;139
2957;8;151
2958;8;140
2959;8;142
2960;8;140
2961;8;144
2962;8;147
2963;8;147
2964;8;144
2965;8;145
2966;8;144
2967;8;142
2968;8;142
2969;8;149
2970;8;145
2971;8;140
2972;8;151
2973;8;144
2974;8;145
2975;8;142
2976;8;148
2977;8;148
2978;8;143
2979;8;142
2980;8;139
2981;8;151
2982;8;152
2983;8;144
2984;8;140
2985;8;150
2986;8;138
2987;8;145
2988;8;141
2989;8;138
2990;8;148
2991;8;149
2992;8;143
2993;8;146
2994;8;148
2995;8;153
2996;8;148
2997;8;143
2998;8;148
2999;8;139
3000;8;153
3001;8;140
3002;8;150
3003;8;143
3004;8;141
3005;8;146
3006;8;149
3007;8;152
3008;8;145
3009;8;138
3010;8;146
3011;8;150
3012;8;139
3013;8;139
3014;8;149
3015;8;141
3016;8;144
3017;8;144
3018;8;153
3019;8;146
3020;8;139
3021;8;139
3022;8;150
3023;8;142
3024;8;142
3025;8;144
3026;8;146
3027;8;150
3028;8;143
3029;8;142
3030;8;151
3031;8;144
3032;8;141
3033;8;145
3034;8;149
3035;8;152
3036;8;147
3037;8;148
3038;8;142
3039;8;140
3040;8;138
3041;8;150
3042;8;141
3043;8;153
3044;8;144
3045;8;147
3046;8;151
3047;8;150
3048;8;150
3049;8;153
3050;8;140
3051;8;146
3052;8;148
3053;8;149
3054;8;150
3055;8;139
3056;8;141
3057;8;150
3058;8;147
3059;8;142
3060;8;145
3061;8;144
3062;8;139
3063;8;148
3064;8;138
3065;8;144
3066;8;145
3067;8;151
3068;8;140
3069;8;139
3070;8;144
3071;8;151
3072;8;143
3073;8;145
3074;8;148
3075;8;143
3076;8;138
3077;8;139
3078;8;141
3079;8;143
3080;8;146
3081;8;141
3082;8;146
3083;8;141
3084;8;146
3085;8;151
3086;8;140
3087;8;145
3088;8;144
3089;8;152
3090;8;149
3091;8;147
3092;8;141
3093;8;153
3094;8;149
3095;8;140
3096;8;151
3097;8;152
3098;8;140
3099;8;151
3100;8;143
3101;8;150
3102;8;150
3103;8;150
3104;8;145
3105;8;151
3106;8;151
3107;8;152
3108;8;144
3109;8;149
3110;8;152
3111;8;141
3112;8;148
3113;8;147
3114;8;141
3115;8;152
3116;8;147
3117;8;142
3118;8;142
3119;8;145
3120;8;153
3121;8;142
3122;8;149
3123;8;153
3124;8;139
3125;8;153
3126;8;150
3127;8;149
3128;8;152
3129;8;141
3130;8;150
3131;8;140
3132;8;141
3133;8;143
3134;8;141
3135;8;142
3136;8;147
3137;8;150
3138;8;142
3139;8;142
3140;8;139
3141;8;146
3142;8;143
3143;8;138
3144;8;152
3145;8;153
3146;8;140
3147;8;152
3148;8;149
3149;8;153
3150;8;144
3151;8;145
3152;8;140
3153;8;151
3154;8;141
3155;8;141
3156;8;141
3157;8;140
3158;8;142
3159;8;150
3160;8;145
3161;8;144
3162;8;150
3163;8;142
3164;8;142
3165;8;147
3166;8;139
3167;8;150
3168;8;141
3169;8;142
3170;8;153
3171;8;144
3172;8;140
3173;8;149
3174;8;144
3175;8;150
3176;8;138
3177;8;153
3178;8;140
3179;8;138
3180;8;149
3181;8;153
3182;8;150
3183;8;139
3184;8;150
3185;8;153
3186;8;150
3187;8;138
3188;8;142
3189;8;145
3190;8;147
3191;8;139
3192;8;153
3193;8;140
3194;9;165
3195;9;156
3196;9;158
3197;9;155
3198;9;166
3199;9;155
3200;9;154
3201;9;156
3202;9;165
3203;9;156
3204;9;164
3205;9;166
3206;9;166
3207;9;162
3208;9;155
3209;9;161
3210;9;156
3211;9;160
3212;9;155
3213;9;157
3214;9;165
3215;9;160
3216;9;156
3217;9;162
3218;9;159
3219;9;158
3220;9;162
3221;9;156
3222;9;160
3223;9;157
3224;9;165
3225;9;162
3226;9;154
3227;9;157
3228;9;167
3229;9;165
3230;9;155
3231;9;167
3232;9;157
3233;9;166
3234;9;163
3235;9;154
3236;9;156
3237;9;165
3238;9;166
3239;9;158
3240;9;159
3241;9;160
3242;9;159
3243;9;161
3244;9;161
3245;9;166
3246;9;161
3247;9;159
3248;9;161
3249;9;156
3250;9;166
3251;9;160
3252;9;156
3253;9;162
3254;9;159
3255;9;158
3256;9;159
3257;9;156
3258;9;162
3259;9;157
3260;9;154
3261;9;167
3262;9;164
3263;9;167
3264;9;158
3265;9;161
3266;9;158
3267;9;160
3268;9;155
3269;9;163
3270;9;163
3271;9;163
3272;9;156
3273;9;163
3274;9;160
3275;9;154
3276;9;154
3277;9;164
3278;9;159
3279;9;163
3280;9;164
3281;9;162
3282;9;161
3283;9;157
3284;9;155
3285;9;157
3286;9;157
3287;9;155
3288;9;154
3289;9;155
3290;9;166
3291;9;163
3292;9;159
3293;9;165
3294;9;165
3295;9;161
3296;9;160
3297;9;159
3298;9;166
3299;9;159
3300;9;157
3301;9;165
3302;9;154
3303;9;155
3304;9;157
3305;9;154
3306;9;160
3307;9;164
3308;9;162
3309;9;160
3310;9;166
3311;9;155
3312;9;155
3313;9;162
3314;9;166
3315;9;166
3316;9;166
3317;9;161
3318;9;162
3319;9;167
3320;9;163
3321;9;166
3322;9;159
3323;9;161
3324;9;161
3325;9;164
3326;9;166
3327;9;165
3328;9;155
3329;9;160
3330;9;159
3331;9;163
3332;9;164
3333;9;163
3334;9;165
3335;9;165
3336;9;165
3337;9;161
3338;9;154
3339;9;163
3340;9;154
3341;9;163
3342;9;159
3343;9;154
3344;9;163
3345;9;162
3346;9;162
3347;9;161
3348;9;165
3349;9;156
3350;9;166
3351;9;157
3352;9;157
3353;9;158
3354;9;163
3355;9;163
3356;9;163
3357;9;159
3358;9;164
3359;9;155
3360;9;167
3361;9;156
3362;9;167
3363;9;159
3364;9;161
3365;9;156
3366;9;162
3367;9;167
3368;9;162
3369;9;156
3370;9;159
3371;9;162
3372;9;167
3373;9;166
3374;9;160
3375;9;166
3376;9;162
3377;9;161
3378;9;162
3379;9;155
3380;9;167
3381;9;163
3382;9;159
3383;9;158
3384;9;161
3385;9;165
3386;9;158
3387;9;165
3388;9;166
3389;9;154
3390;9;165
3391;9;157
3392;9;158
3393;9;167
3394;9;164
3395;9;161
3396;9;158
3397;9;164
3398;9;156
3399;9;167
3400;9;157
3401;9;157
3402;9;154
3403;9;162
3404;9;155
3405;9;159
3406;9;166
3407;9;160
3408;9;163
3409;9;165
3410;9;163
3411;9;161
3412;9;161
3413;9;159
3414;9;159
3415;9;165
3416;9;157
3417;9;154
3418;9;165
3419;9;165
3420;9;155
3421;9;154
3422;9;164
3423;9;154
3424;9;154
3425;9;161
3426;9;167
3427;9;158
3428;9;161
3429;9;164
3430;9;154
3431;9;154
3432;9;158
3433;9;160
3434;9;167
3435;9;162
3436;9;158
3437;9;164
3438;9;165
3439;9;155
3440;9;163
3441;9;159
3442;9;164
3443;9;158
3444;9;164
3445;9;167
3446;9;166
3447;9;157
3448;9;165
3449;9;158
3450;9;160
3451;9;167
3452;9;162
3453;9;167
3454;9;166
3455;9;164
3456;9;165
3457;9;156
3458;9;156
3459;9;164
3460;9;162
3461;9;159
3462;9;161
3463;9;159
3464;9;156
3465;9;159
3466;9;159
3467;9;160
3468;9;160
3469;9;164
3470;9;158
3471;9;162
3472;9;160
3473;9;158
3474;9;156
3475;9;156
3476;9;156
3477;9;165
3478;9;158
3479;9;167
3480;9;163
3481;9;167
3482;9;160
3483;9;155
3484;9;158
3485;9;158
3486;9;159
3487;9;166
3488;9;165
3489;9;164
3490;9;156
3491;9;158
3492;9;158
3493;9;163
3494;9;157
3495;9;154
3496;9;162
3497;9;162
3498;9;157
3499;9;155
3500;9;161
3501;9;155
3502;9;155
3503;9;160
3504;9;167
3505;9;156
3506;9;166
3507;9;167
3508;9;161
3509;9;160
3510;9;160
3511;9;158
3512;9;166
3513;9;163
3514;9;163
3515;9;160
3516;9;164
3517;9;161
3518;9;154
3519;9;163
3520;9;155
3521;9;156
3522;9;167
3523;9;167
3524;9;163
3525;9;164
3526;9;159
3527;9;164
3528;9;164
3529;9;162
3530;9;163
3531;9;154
3532;9;158
3533;9;159
3534;9;155
3535;9;154
3536;9;161
3537;9;166
3538;9;155
3539;9;158
3540;9;167
3541;9;159
3542;9;161
3543;9;156
3544;9;165
3545;9;160
3546;9;166
3547;9;157
3548;9;165
3549;9;162
3550;9;164
3551;9;166
3552;9;166
3553;9;161
3554;9;165
3555;9;158
3556;9;159
3557;9;160
3558;9;159
3559;9;154
3560;9;167
3561;9;166
3562;9;159
3563;9;160
3564;9;162
3565;9;161
3566;9;165
3567;9;167
3568;9;164
3569;9;163
3570;9;164
3571;9;166
3572;9;161
3573;9;160
3574;9;163
3575;9;162
3576;9;160
3577;9;157
3578;9;157
3579;9;157
3580;9;157
3581;9;161
3582;9;157
3583;9;165
3584;9;164
3585;9;163
3586;9;157
3587;9;156
3588;9;156
3589;9;157
3590;9;162
3591;9;163
3592;9;164
3593;9;160
3594;9;163
3595;9;160
3596;9;166
3597;9;167
3598;9;165
3599;9;154
3600;9;164
3601;9;159
3602;9;155
3603;9;163
3604;9;159
3605;9;154
3606;9;163
3607;9;157
3608;9;155
3609;9;165
3610;9;154
3611;9;154
3612;9;158
3613;9;167
3614;9;162
3615;9;167
3616;9;154
3617;9;155
3618;9;161
3619;9;157
3620;9;155
3621;9;155
3622;9;164
3623;9;167
3624;9;159
3625;9;160
3626;9;155
3627;9;164
3628;9;159
3629;9;155
3630;9;160
3631;9;156
3632;9;161
3633;9;159
3634;9;158
3635;9;158
3636;9;167
3637;9;158
3638;9;158
3639;9;158
3640;9;164
3641;9;154
3642;9;154
3643;9;155
3644;9;155
3645;9;160
3646;9;160
3647;9;163
3648;9;162
3649;9;154
3650;9;154
3651;9;157
3652;9;162
3653;9;156
3654;10;209
3655;10;218
3656;10;200
3657;10;223
3658;10;212
3659;10;229
3660;10;202
3661;10;215
3662;10;220
3663;10;224
3664;10;207
3665;10;204
3666;10;210
3667;10;201
3668;10;168
3669;10;178
3670;10;187
3671;10;174
3672;10;201
3673;10;226
3674;10;206
3675;10;174
3676;10;172
3677;10;190
3678;10;205
3679;10;202
3680;10;199
3681;10;182
3682;10;176
3683;10;199
3684;10;219
3685;10;175
3686;10;184
3687;10;199
3688;10;178
3689;10;224
3690;10;169
3691;10;191
3692;10;208
3693;10;169
3694;10;220
3695;10;169
3696;10;173
3697;10;227
3698;10;176
3699;10;230
3700;10;225
3701;10;210
3702;10;222
3703;10;188
3704;10;222
3705;10;187
3706;10;194
3707;10;215
3708;10;188
3709;10;191
3710;10;227
3711;10;208
3712;10;169
3713;10;225
3714;10;175
3715;10;174
3716;10;171
3717;10;168
3718;10;182
3719;10;215
3720;10;197
3721;10;221
3722;10;174
3723;10;172
3724;10;183
3725;10;188
3726;10;190
3727;10;179
3728;10;191
3729;10;187
3730;10;219
3731;10;191
3732;10;192
3733;10;225
3734;10;199
3735;10;187
3736;10;175
3737;10;220
3738;10;185
3739;10;205
3740;10;178
3741;10;209
3742;10;212
3743;10;175
3744;10;169
3745;10;216
3746;10;190
3747;10;220
3748;10;213
3749;10;175
3750;10;209
3751;10;214
3752;10;173
3753;10;197
3754;10;187
3755;10;203
3756;10;204
3757;10;205
3758;10;209
3759;10;204
3760;10;192
3761;10;173
3762;10;191
3763;10;215
3764;10;173
3765;10;191
3766;10;210
3767;10;172
3768;10;187
3769;10;184
3770;10;180
3771;10;182
3772;10;206
3773;10;229
3774;10;230
3775;10;188
3776;10;195
3777;10;186
3778;10;216
3779;10;224
3780;10;211
3781;10;202
3782;10;188
3783;10;199
3784;10;176
3785;10;227
3786;10;172
3787;10;173
3788;10;183
3789;10;225
3790;10;227
3791;10;223
3792;10;180
3793;10;200
3794;10;184
3795;10;217
3796;10;179
3797;10;217
3798;10;220
3799;10;200
3800;10;181
3801;10;222
3802;10;187
3803;10;180
3804;10;222
3805;10;194
3806;10;226
3807;10;181
3808;10;225
3809;10;220
3810;10;216
3811;10;193
3812;10;221
3813;10;176
3814;10;187
3815;10;229
3816;10;214
3817;10;208
3818;10;180
3819;10;206
3820;10;213
3821;10;205
3822;10;178
3823;10;170
3824;10;228
3825;10;209
3826;10;223
3827;10;205
3828;10;176
3829;10;170
3830;10;214
3831;10;190
3832;10;230
3833;10;223
3834;10;225
3835;10;203
3836;10;172
3837;10;211
3838;10;182
3839;10;219
3840;10;197
3841;10;228
3842;10;180
3843;10;219
3844;10;210
3845;10;213
3846;10;209
3847;10;220
3848;10;207
3849;10;207
3850;10;175
3851;10;177
3852;10;183
3853;10;190
3854;10;203
3855;10;172
3856;10;225
3857;10;218
3858;10;207
3860;10;207
3861;10;168
3862;10;183
3863;10;216
3864;10;177
3865;10;169
3866;10;229
3867;10;198
3868;10;178
3869;10;173
3870;10;178
3871;10;169
3872;10;224
3873;10;174
3874;10;212
3875;10;184
3876;10;203
3877;10;218
3878;10;189
3879;10;197
3880;10;188
3881;10;177
3882;10;209
3883;10;213
3884;10;220
3885;10;219
3886;10;214
3887;10;223
3888;10;219
3889;10;182
3890;10;215
3891;10;223
3892;10;199
3893;10;227
3894;10;229
3895;10;178
3896;10;184
3897;10;196
3898;10;169
3899;10;218
3900;10;190
3901;10;176
3902;10;197
3903;10;170
3904;10;186
3905;10;179
3906;10;170
3907;10;221
3908;10;174
3909;10;208
3910;10;223
3911;10;230
3912;10;195
3913;10;170
3914;10;184
3915;10;224
3916;10;171
3917;10;187
3918;10;223
3919;10;226
3920;10;196
3921;10;186
3922;10;229
3923;10;175
3924;10;219
3925;10;198
3926;10;208
3927;10;222
3928;10;222
3929;10;196
3930;10;181
3931;10;202
3932;10;229
3933;10;168
3934;10;217
3935;10;185
3936;10;200
3937;10;171
3938;10;220
3939;10;186
3940;10;194
3941;10;218
3942;10;221
3943;10;172
3944;10;174
3945;10;215
3946;10;212
3947;10;170
3948;10;218
3949;10;228
3950;10;168
3951;10;225
3952;10;228
3953;10;180
3954;10;193
3955;10;230
3956;10;190
3957;10;201
3958;10;185
3959;10;172
3960;10;206
3961;10;170
3962;10;176
3963;10;168
3964;10;209
3965;10;209
3966;10;220
3967;10;186
3968;10;205
3969;10;193
3970;10;190
3971;10;218
3972;10;190
3973;10;224
3974;10;197
3975;10;185
3976;10;170
3977;10;202
3978;10;220
3979;10;190
3980;10;209
3981;10;216
3982;10;223
3983;10;169
3984;10;201
3985;10;190
3986;10;189
3987;10;207
3988;10;175
3989;10;214
3990;10;228
3991;10;171
3992;10;171
3993;10;190
3994;10;219
3995;10;222
3996;10;209
3997;10;216
3998;10;221
3999;10;221
4000;10;219
4001;10;215
4002;10;230
4003;10;221
4004;10;227
4005;10;219
4006;10;168
4007;10;209
4008;10;169
4009;10;204
4010;10;210
4011;10;217
4012;10;218
4013;10;226
4014;10;223
4015;10;208
4016;10;182
4017;10;179
4018;10;193
4019;10;195
4020;10;175
4021;10;185
4022;10;221
4023;10;201
4024;10;208
4025;10;218
4026;10;171
4027;10;203
4028;10;175
4029;10;182
4030;10;213
4031;10;187
4033;10;171
4034;10;208
4035;10;171
4036;10;209
4037;10;228
4038;10;178
4039;10;203
4040;10;212
4041;10;193
4042;10;230
4043;10;218
4044;10;210
4045;10;170
4046;10;189
4047;10;184
4048;10;198
4049;10;180
4050;10;211
4051;10;208
4052;10;186
4053;10;195
4054;10;227
4055;10;209
4056;10;169
4057;10;190
4058;10;170
4059;10;215
4060;10;215
4061;10;217
4063;10;185
4064;10;179
4065;10;225
4066;10;187
4067;10;180
4068;10;170
4069;10;215
4070;10;198
4071;10;228
4072;10;170
4073;10;190
4074;10;224
4075;10;215
4076;10;207
4077;10;220
4078;10;220
4079;10;175
4080;10;209
4082;10;225
4083;10;215
4084;10;205
4085;10;204
4086;10;188
4087;10;202
4088;10;175
4089;10;194
4090;10;216
4091;10;201
4092;10;213
4093;10;203
4094;10;211
4095;10;214
4096;10;205
4097;10;202
4098;10;171
4099;10;214
4100;10;220
4101;10;185
4102;10;172
4103;10;215
4104;10;202
4105;10;213
4106;10;212
4107;10;210
4108;10;228
4109;10;174
4110;10;172
4111;10;204
4112;10;223
4113;10;187
4114;10;205
4115;10;224
4116;10;213
4117;10;176
4118;10;172
4119;10;216
4120;10;216
4121;10;188
4122;10;227
4123;10;221
4124;10;201
4125;10;189
4126;10;221
4127;10;179
4129;10;189
4130;10;183
4131;10;195
4132;10;214
4133;10;190
4134;10;219
4135;10;200
4136;10;214
4137;10;200
4138;10;226
4139;10;220
4140;10;189
4141;10;222
4142;10;220
4143;10;217
4144;10;193
4145;10;210
4146;10;214
4147;10;199
4148;10;202
4149;10;218
4150;10;222
4151;10;177
4152;10;170
4153;10;185
4154;10;172
4155;10;219
4156;10;175
4157;10;194
4158;10;172
4159;10;216
4160;10;189
4161;10;172
4162;10;178
4163;10;170
4164;10;179
4165;10;230
4166;10;224
4167;10;216
4168;10;190
4169;10;220
4170;10;218
4171;10;214
4172;10;169
4173;10;199
4174;10;198
4175;10;188
4176;10;208
4177;10;218
4178;10;174
4179;10;230
4180;10;206
4181;10;222
4182;10;229
4183;10;229
4184;10;176
4185;10;177
4186;10;211
4187;10;175
4188;10;177
4189;10;173
4190;10;180
4191;10;190
4192;10;170
4193;10;211
4194;10;210
4195;10;173
4196;10;181
4197;10;219
4198;10;191
4199;10;230
4200;10;179
4201;10;229
4202;10;223
4203;10;197
4204;10;191
4205;10;217
4207;10;200
4208;10;186
4209;10;197
4210;10;198
4211;10;213
4212;10;198
4213;10;209
4214;10;193
4215;10;197
4216;10;209
4217;10;196
4218;10;229
4219;10;168
4220;10;193
4221;10;187
4222;10;193
4223;10;180
4224;10;227
4225;10;175
4226;10;175
4227;10;193
4228;10;223
4229;10;192
4230;10;195
4231;10;218
4232;10;220
4233;10;203
4234;10;203
4235;10;207
4236;10;175
4237;10;168
4238;10;169
4239;10;177
4240;10;196
4241;10;196
4242;10;181
4243;10;205
4244;10;169
4246;10;178
4247;10;181
4248;10;226
4249;10;169
4250;10;201
4251;10;216
4252;10;169
4253;10;201
4254;10;204
4255;10;186
4256;10;225
4257;10;226
4258;10;204
4259;10;203
4260;10;204
4261;10;221
4262;10;201
4263;10;204
4264;10;184
4265;10;200
4266;10;186
4267;10;172
4268;10;177
4269;10;221
4270;10;195
4271;10;196
4272;10;212
4273;10;178
4274;10;228
4275;10;205
4276;10;224
4277;10;203
4278;10;203
4279;10;212
4280;10;185
4281;10;196
4282;10;178
4283;10;226
4284;10;168
4285;10;209
4286;10;195
4287;10;182
4288;10;168
4289;10;184
4290;10;204
4291;10;201
4292;10;184
4293;10;200
4294;10;210
4295;10;174
4296;10;182
4297;10;209
4298;10;192
4299;10;206
4300;10;176
4301;10;195
4302;10;183
4303;10;202
4304;10;197
4305;10;227
4306;10;175
4307;10;215
4308;10;189
4309;10;215
4310;10;168
4311;10;193
4312;10;218
4313;10;217
4314;10;168
4315;10;217
4316;10;214
4317;10;220
4318;10;169
4319;10;213
4320;10;219
4321;10;196
4322;10;190
4323;10;178
4324;10;179
4325;10;187
4326;10;171
4327;10;200
4328;10;181
4329;10;213
4330;10;179
4331;10;181
4332;10;216
4333;10;185
4334;10;201
4335;10;168
4336;10;215
4337;10;188
4338;10;170
4339;10;186
4340;10;220
4341;10;213
4342;10;179
4343;10;214
4344;10;201
4345;10;188
4346;10;208
4348;10;203
4349;10;187
4350;10;197
4351;10;189
4352;10;202
4353;10;213
4354;10;171
4355;10;215
4356;10;191
4357;10;169
4358;10;200
4359;10;202
4360;10;229
4361;10;175
4362;10;194
4363;10;206
4364;10;209
4365;10;211
4366;10;212
4367;10;176
4368;10;223
4369;10;200
4370;10;206
4371;10;170
4372;10;172
4373;10;195
4374;10;219
4375;10;171
4376;10;226
4377;10;229
4378;10;178
4379;10;197
4380;10;227
4381;10;217
4382;10;220
4383;10;189
4385;10;209
4386;10;177
4387;10;214
4388;10;169
4389;10;169
4390;10;200
4391;10;223
4392;10;229
4393;10;197
4394;10;227
4395;10;192
4396;10;191
4397;10;203
4398;10;180
4399;10;227
4400;10;215
4401;10;208
4402;10;171
4403;10;171
4404;10;211
4405;10;214
4406;10;168
4408;10;178
4409;10;229
4410;10;226
4411;10;180
4412;10;230
4413;10;195
4414;10;223
4415;10;230
4416;10;228
4417;10;177
4418;10;225
4419;10;169
4420;10;172
4421;10;226
4422;10;176
4423;10;230
4424;10;189
4425;10;228
4426;10;211
4427;10;225
4428;10;206
4429;10;217
4430;10;212
4431;10;206
4432;10;170
4433;10;175
4434;10;193
4435;10;205
4436;10;222
4437;10;195
4439;10;168
4440;10;169
4441;10;186
4442;10;223
4443;10;214
4444;10;214
4445;10;181
4446;10;230
4447;10;215
4448;10;187
4449;10;216
4450;10;171
4451;10;202
4452;10;193
4453;10;183
4454;10;205
4455;10;189
4456;10;193
4457;10;180
4458;10;201
4459;10;183
4460;10;201
4461;10;184
4462;10;186
4463;10;189
4464;10;220
4465;10;219
4466;10;218
4467;10;214
4468;10;179
4469;10;195
4470;10;213
4471;10;220
4472;10;211
4473;10;222
4474;10;214
4475;10;179
4476;10;174
4477;10;170
4478;10;170
4479;10;225
4480;10;180
4481;10;194
4483;10;200
4484;10;172
4485;10;230
4486;10;175
4487;10;222
4488;10;212
4489;10;173
4490;10;200
4491;10;170
4492;10;196
4493;10;182
4494;10;211
4495;10;220
4496;10;183
4497;10;199
4498;10;171
4499;10;221
4500;10;227
4501;10;185
4502;10;179
4503;10;199
4504;10;202
4505;10;211
4506;10;216
4507;10;212
4508;10;171
4509;10;208
4510;10;169
4511;10;188
4512;10;219
4513;10;170
4514;10;195
4515;10;195
4516;10;211
4517;10;195
4518;10;177
4519;10;181
4520;10;213
4521;10;208
4522;10;223
4523;10;230
4524;10;214
4525;10;200
4526;10;186
4527;10;205
4528;10;222
4529;10;195
4530;10;169
4531;10;198
4532;10;200
4533;10;207
4534;10;210
4535;10;229
4536;10;208
4538;10;216
4539;10;218
4540;10;199
4541;10;203
4542;10;212
4543;10;193
4544;10;200
4545;10;190
4546;10;187
4547;10;230
4548;10;220
4549;10;189
4550;10;197
4551;10;225
4552;10;229
4553;10;191
4554;10;211
4555;10;211
4556;10;195
4557;10;192
4558;10;188
4559;10;222
4560;10;201
4561;10;214
4562;10;216
4563;10;180
4564;10;229
4565;10;196
4566;10;220
4567;10;196
4568;10;193
4569;10;221
4570;10;190
4571;10;216
4572;10;181
4574;10;180
4575;10;226
4576;10;221
4577;10;170
4578;10;229
4579;10;202
4580;10;221
4581;10;196
4582;10;171
4583;10;168
4584;10;171
4585;10;168
4586;10;180
4587;10;217
4589;10;198
4590;10;178
4591;10;201
4592;10;193
4593;10;187
4594;10;196
4595;10;171
4596;10;227
4597;10;168
4598;10;189
4599;10;184
4600;10;228
4601;10;188
4602;10;230
4603;10;207
4604;10;183
4605;10;182
4607;10;227
4608;10;219
4609;10;218
4610;10;190
4611;10;198
4612;10;180
4613;10;214
4614;10;213
4615;10;198
4616;10;213
4617;10;179
4618;10;223
4619;10;230
4620;10;219
4621;10;204
4622;10;181
4623;10;193
4624;10;178
4625;10;183
4626;10;199
4627;10;176
4628;10;173
4629;10;196
4630;10;205
4631;10;179
4632;10;227
4633;10;182
4634;10;213
4635;10;190
4636;10;213
4637;10;183
4638;10;197
4639;10;216
4640;10;176
4641;10;174
4642;10;198
4643;10;180
4644;10;209
4645;10;212
4646;10;205
4647;10;184
4648;10;186
4649;10;177
4650;10;222
4651;10;194
4652;10;177
4653;10;175
4654;10;182
4655;10;226
4656;10;209
4657;10;203
4658;10;190
4659;10;221
4660;10;187
4661;10;182
4662;10;172
4663;10;173
4664;10;225
4665;10;168
4667;10;223
4668;10;223
4669;10;218
4670;10;200
4671;10;214
4672;10;222
4673;10;199
4674;10;220
4675;10;185
4676;10;191
4677;10;196
4678;10;174
4679;10;193
4680;10;191
4681;10;189
4682;10;224
4683;10;168
4684;10;187
4685;10;195
4686;10;193
4687;10;197
4688;10;200
4689;10;196
4690;10;209
4691;10;197
4692;10;177
4693;10;186
4694;10;181
4695;10;177
4696;10;199
4697;10;176
4698;10;174
4699;10;219
4700;10;176
4701;10;221
4702;10;175
4703;10;196
4704;10;219
4705;10;219
4706;10;198
4707;10;176
4708;10;199
4709;10;202
4710;10;203
4711;10;183
4712;10;197
4713;10;181
4714;10;197
4715;10;203
4716;10;169
4717;10;213
4718;10;171
4719;10;189
4720;10;202
4721;10;224
4722;10;229
4723;10;198
4724;10;216
4725;10;193
4726;10;186
4727;10;227
4728;10;219
4729;10;183
4730;10;173
4731;10;215
4732;10;208
4733;10;202
4734;10;182
4735;10;184
4736;10;205
4737;10;211
4738;10;219
4739;10;219
4740;10;226
4741;10;217
4742;10;168
4743;10;186
4744;10;199
4745;10;205
4746;10;205
4747;10;198
4748;10;175
4749;10;204
4750;10;203
4751;10;184
4752;10;183
4753;10;191
4754;10;195
4755;10;184
4756;10;211
4757;10;211
4758;10;203
4759;10;203
4760;10;199
4761;10;224
4762;10;205
4763;10;215
4764;10;183
4765;10;190
4766;10;185
4767;10;173
4768;10;182
4769;10;228
4770;10;215
4771;10;206
4772;10;185
4773;10;172
4774;10;185
4775;10;203
4776;10;230
4777;10;217
4778;10;185
4779;10;208
4780;10;178
4781;10;185
4782;10;203
4783;10;226
4784;10;168
4785;10;180
4786;10;225
4787;10;206
4788;10;228
4789;10;174
4790;10;202
4791;10;177
4792;10;200
4793;10;196
4794;10;194
4795;10;182
4796;10;195
4797;10;198
4798;10;169
4799;10;212
4800;10;221
4801;10;201
4802;10;194
4803;10;172
4804;10;191
4805;10;207
4806;10;212
4807;10;188
4808;10;186
4809;10;187
4810;10;178
4811;10;180
4812;10;169
4813;10;205
4814;10;195
4815;10;182
4816;10;216
4817;10;226
4818;10;182
4819;10;206
4820;10;207
4821;10;223
4822;10;180
4823;10;176
4824;10;195
4825;10;210
4826;10;222
4827;10;194
4828;10;196
4829;10;173
4830;10;178
4831;10;182
4832;10;177
4833;10;180
4834;10;227
4835;10;180
4836;10;172
4837;10;184
4838;10;219
4839;10;230
4840;10;173
4841;10;204
4842;10;229
4843;10;194
4844;10;224
4845;10;212
4846;10;206
4847;10;208
4848;10;228
4849;10;204
4850;10;207
4851;10;213
4852;10;219
4853;10;203
4854;10;204
4855;10;217
4856;10;217
4857;10;214
4858;10;217
4859;10;216
4860;10;219
4861;10;200
4862;10;228
4863;10;184
4864;10;189
4865;10;207
4866;10;176
4867;10;203
4868;10;223
4869;10;178
4870;10;218
4871;10;204
4872;10;194
4873;10;174
4874;10;172
4875;10;176
4876;10;200
4877;10;182
4878;10;182
4880;10;193
4881;10;204
4882;10;171
4883;10;173
4884;10;191
4886;10;182
4887;10;202
4888;10;177
4889;10;189
4890;10;180
4891;10;217
4892;10;182
4893;10;180
4894;10;220
4895;10;181
4896;10;229
4897;10;182
4898;10;200
4899;10;174
4900;10;187
4901;10;183
4902;10;224
4903;10;194
4904;10;188
4905;10;189
4906;10;189
4907;10;198
4908;10;209
4909;10;197
4910;10;168
4911;10;218
4912;10;188
4913;10;185
4914;10;181
4915;10;189
4916;10;175
4917;10;213
4918;10;191
4919;10;213
4920;10;226
4921;10;218
4922;10;186
4923;10;177
4924;10;193
4925;10;204
4926;10;228
4927;10;201
4928;10;171
4929;10;187
4930;10;230
4931;10;198
4932;10;195
4933;10;179
4934;10;197
4935;10;230
4936;10;197
4937;10;221
4938;10;196
4939;10;218
4940;10;186
4941;10;183
4942;10;185
4943;10;180
4944;10;219
4945;10;228
4946;10;202
4947;10;179
4948;10;168
4949;10;181
4950;10;187
4951;10;198
4952;10;211
4953;10;226
4954;10;183
4955;10;205
4956;10;188
4957;10;225
4958;10;230
4959;10;179
4960;10;215
4961;10;223
4962;10;198
4963;10;194
4964;10;168
4965;10;175
4966;10;181
4967;10;230
4968;10;227
4969;10;219
4970;10;205
4971;10;212
4972;10;229
4973;10;168
4974;10;168
4975;10;177
4976;10;225
4977;10;216
4979;10;222
4980;10;214
4981;10;230
4982;10;211
4983;10;207
4984;10;189
4985;10;201
4986;10;230
4987;10;187
4988;10;196
4989;10;171
4990;10;176
4991;10;205
4992;10;197
4993;10;213
4994;10;228
4995;10;187
4996;10;205
4997;10;171
4998;10;170
4999;10;210
5000;10;176
5001;10;217
5002;10;210
5003;10;194
5004;10;214
5005;10;214
5006;10;170
5007;10;181
5008;10;216
5009;10;218
5010;10;181
5011;10;196
5012;10;225
5013;10;215
5014;10;218
5015;10;178
5016;10;200
5018;10;206
5019;10;227
5020;10;207
5021;10;187
5022;10;174
5023;10;171
5024;10;170
5025;10;195
5026;10;185
5027;10;230
5028;10;226
5029;10;194
5030;10;199
5031;10;207
5032;10;208
5033;10;177
5034;10;200
5035;10;225
5036;10;175
5037;10;229
5038;10;207
5039;10;215
5040;10;180
5041;10;224
5042;10;225
5043;10;199
5044;10;193
5045;10;185
5046;10;188
5047;10;190
5048;10;191
5049;10;183
5050;10;217
5051;10;217
5052;10;186
5053;10;184
5054;10;195
5055;10;186
5056;10;222
5057;10;227
5058;10;169
5059;10;223
5060;10;173
5061;10;179
5062;10;184
5063;10;172
5064;10;212
5065;10;182
5066;10;199
5067;10;191
5068;10;224
5069;10;192
5070;10;205
5071;10;212
5072;10;216
5073;10;210
5074;10;191
5075;10;192
5076;10;200
5077;10;229
5078;10;192
5079;10;178
5080;10;190
5081;10;201
5082;10;215
5083;10;195
5084;10;195
5085;10;188
5086;10;201
5087;10;174
5088;10;172
5089;10;188
5090;10;185
5091;10;188
5092;10;217
5093;10;198
5094;10;181
5095;10;204
5096;10;208
5097;10;224
5098;10;182
5099;10;223
5100;10;179
5101;10;197
5102;10;173
5103;10;194
5104;10;210
5105;10;189
5106;10;191
5108;10;179
5109;10;201
5110;10;202
5111;10;214
5112;10;201
5113;10;228
5114;10;228
5115;10;185
5116;10;228
5117;10;214
5119;10;223
5120;10;181
5121;10;191
5123;10;219
5124;10;177
5125;10;191
5126;10;223
5127;10;223
5128;10;183
5129;10;225
5130;10;178
5131;10;188
5132;10;175
5133;10;179
5134;10;196
5135;10;224
5136;10;178
5137;10;176
5138;10;184
5139;10;207
5140;10;176
5141;10;206
5142;10;204
5143;10;210
5144;10;205
5145;10;225
5146;10;198
5147;10;196
5148;10;204
5149;10;179
5150;10;186
5151;10;203
5152;10;171
5153;10;181
5154;10;172
5155;10;181
5156;10;201
5157;10;212
5158;10;170
5159;10;224
5160;10;205
5161;10;208
5162;10;210
5163;10;215
5164;10;170
5165;10;218
5166;10;179
5167;10;221
5168;10;188
5169;10;185
5170;10;222
5171;10;179
5172;10;221
5173;10;226
5174;10;201
5175;10;179
5176;10;204
5177;10;199
5178;10;215
5179;10;229
5180;10;201
5181;10;178
5182;10;212
5183;10;212
5184;10;175
5185;10;189
5186;10;230
5187;10;189
5188;10;169
5189;10;179
5190;10;221
5191;10;195
5192;10;218
5194;10;185
5195;10;183
5196;10;198
5197;10;221
5198;10;194
5199;10;183
5200;10;190
5201;10;211
5202;10;201
5203;10;222
5204;10;188
5205;10;221
5206;10;202
5207;10;221
5208;10;214
5209;10;193
5210;10;214
5211;10;200
5212;10;208
5214;10;199
5215;10;183
5216;10;213
5217;10;225
5218;10;184
5219;10;175
5220;10;225
5222;10;210
5223;10;230
5224;10;220
5225;10;189
5226;10;209
5227;10;209
5228;10;201
5229;10;193
5230;10;228
5231;10;201
5232;10;213
5233;10;205
5234;10;222
5235;10;213
5236;10;181
5238;10;170
5239;10;206
5240;10;177
5241;10;188
5242;10;188
5243;10;188
5244;10;222
5245;10;220
5246;10;227
5247;10;217
5248;10;221
5249;10;200
5250;10;218
5251;10;220
5252;10;187
5253;10;227
5254;10;211
5255;10;188
5256;10;175
5257;10;218
5258;10;210
5259;10;179
5260;10;223
5262;10;225
5263;10;193
5264;10;229
5265;10;201
5266;10;177
5267;10;221
5268;10;224
5269;10;224
5270;10;226
5271;10;224
5272;10;202
5273;10;217
5274;10;186
5275;10;201
5276;10;215
5277;10;180
5278;10;213
5279;10;198
5280;10;206
5281;10;228
5282;10;224
5283;10;168
5284;10;223
5285;10;183
5286;10;220
5287;10;216
5288;10;180
5289;10;201
5290;10;168
5291;10;184
5292;10;195
5294;10;216
5295;10;195
5296;10;207
5297;10;212
5298;10;170
5299;10;206
5300;10;208
5301;10;197
5302;10;221
5303;10;176
5304;10;176
5305;10;221
5306;10;222
5307;10;183
5308;10;228
5309;10;210
5310;10;230
5311;10;216
5312;10;223
5313;10;188
5314;10;173
5316;10;180
5317;10;181
5318;10;202
5319;10;194
5320;10;214
5321;10;211
5322;10;187
5323;10;198
5324;10;184
5325;10;204
5326;10;219
5327;10;174
5328;10;217
5329;10;169
5330;10;194
5331;10;207
5332;10;187
5333;10;184
5334;10;226
5335;10;203
5336;10;220
5337;10;227
5338;10;174
5339;10;225
5340;10;192
5341;10;210
5342;10;221
5343;10;208
5344;10;224
5345;10;203
5346;10;195
5347;10;183
5348;10;179
5349;10;227
5350;10;196
5351;10;182
5352;10;183
5353;10;198
5354;10;217
5355;10;183
5356;10;218
5357;10;218
5358;10;190
5359;10;185
5360;10;190
5361;10;227
5362;10;194
5363;10;185
5364;10;198
5365;10;211
5366;10;190
5368;10;196
5369;10;214
5371;10;193
5372;10;210
5373;10;178
5374;10;182
5375;10;169
5376;10;181
5377;10;169
5378;10;199
5379;10;203
5380;10;174
5381;10;207
5382;10;206
5383;10;180
5384;10;197
5385;10;219
5386;10;183
5387;10;205
5388;10;222
5389;10;206
5390;10;203
5392;10;184
5393;10;194
5394;10;229
5395;10;228
5396;10;191
5397;10;223
5398;10;213
5399;10;187
5400;10;168
5401;10;195
5403;10;201
5404;10;187
5405;10;180
5406;10;206
5407;10;210
5408;10;204
5409;10;191
5410;10;184
5411;10;204
5412;10;207
5413;10;206
5414;10;202
5415;10;225
5416;10;217
5417;10;213
5418;10;179
5419;10;226
5420;10;229
5421;10;208
5422;10;169
5423;10;208
5424;10;228
5425;10;213
5426;10;199
5427;10;199
5428;10;192
5429;10;191
5430;10;173
5431;10;192
5432;10;174
5433;10;174
5434;10;192
5435;10;185
5436;10;192
5437;10;176
5438;10;228
5439;10;192
5440;10;187
5441;10;221
5442;10;191
5443;10;184
5444;10;194
5445;10;230
5446;10;200
5447;10;191
5448;10;172
5449;10;182
5450;10;188
5451;10;186
5452;10;189
5453;10;198
5454;10;206
5455;10;207
5456;10;181
5457;10;184
5458;10;168
5459;10;188
5460;10;205
5461;10;220
5462;10;182
5463;10;185
5464;10;211
5465;10;228
5466;10;197
5467;10;212
5468;10;175
5469;10;228
5470;10;193
5471;10;215
5472;10;198
5473;10;208
5474;10;178
5475;10;196
5476;10;207
5477;10;183
5478;10;217
5479;10;222
5480;10;176
5481;10;197
5482;10;173
5483;10;190
5484;10;183
5485;10;218
5486;10;170
5488;10;228
5489;10;192
5490;10;228
5491;10;210
5492;10;174
5493;10;212
5494;10;178
5495;10;199
5496;10;178
5497;10;172
5498;10;195
5499;10;211
5500;10;184
5501;10;199
5502;10;217
5503;10;176
5504;10;179
5505;10;226
5506;10;192
5507;10;176
5508;10;226
5509;10;170
5510;10;178
5511;10;230
5512;10;214
5513;10;171
5514;10;177
5515;10;222
5516;10;215
5517;10;168
5518;10;187
5519;10;204
5520;10;227
5521;10;179
5523;10;172
5524;10;215
5526;10;193
5527;10;216
5528;10;229
5529;10;222
5530;10;216
5531;10;199
5532;10;229
5533;10;190
5534;10;213
5536;10;227
5537;10;193
5539;10;208
5540;10;230
5542;10;221
5543;10;179
5544;10;187
5545;10;208
5546;10;227
5547;10;172
5548;10;172
5549;10;181
5550;10;202
5552;10;212
5553;10;225
5554;10;174
5555;10;214
5556;10;210
5557;10;179
5558;10;227
5559;10;175
5560;10;196
5561;10;199
5562;10;182
5563;10;202
5564;10;170
5565;10;169
5566;10;170
5567;10;230
5568;10;168
5569;10;226
5570;10;213
5571;10;175
5572;10;215
5573;10;205
5574;10;176
5575;10;194
5576;10;205
5577;10;177
5578;10;173
5579;10;171
5580;10;196
5581;10;186
5582;10;168
5584;10;194
5586;10;199
5587;10;171
5588;10;173
5589;10;198
5590;10;224
5591;10;192
5592;10;171
5593;10;229
5594;10;209
5595;10;186
5596;10;192
5597;10;210
5598;10;194
5600;10;205
5601;10;197
5602;10;229
5603;10;200
5604;10;171
5605;10;175
5606;10;213
5607;10;207
5608;10;203
5609;10;174
5610;10;198
5611;10;198
5612;10;173
5613;10;184
5614;10;226
5615;10;224
5616;10;192
5617;10;173
5618;10;173
5619;10;192
5620;10;184
5621;10;192
5622;10;217
5623;10;208
5624;10;204
5625;10;225
5626;10;201
5627;10;178
5628;10;174
5629;10;182
5630;10;207
5631;10;211
5632;10;206
5633;10;211
5634;10;184
5635;10;190
5636;10;210
5637;10;211
5638;10;182
5639;10;183
5640;10;178
5641;10;190
5642;10;193
5643;10;206
5644;10;206
5645;10;174
5646;10;186
5647;10;194
5648;10;192
5649;10;218
5650;10;185
5651;10;176
5653;10;200
5655;10;194
5657;10;185
5658;10;178
5659;10;215
5660;10;192
5661;10;177
5662;10;172
5663;10;223
5664;10;227
5665;10;202
5666;10;203
5667;10;217
5668;10;227
5670;10;210
5671;10;184
5672;10;190
5673;10;183
5674;10;223
5676;10;217
5677;10;229
5678;10;195
5679;10;215
5681;10;220
5682;10;228
5683;10;213
5684;10;184
5685;10;218
5686;10;173
5687;10;188
5688;10;183
5689;10;197
5690;10;188
5692;10;192
5694;10;189
5695;10;174
5698;10;173
5699;10;192
5700;10;185
5702;10;224
5703;10;205
5704;10;174
5705;10;210
5706;10;171
5707;10;196
5708;10;229
5709;10;185
5710;10;170
5711;10;192
5713;10;224
5714;10;173
5715;10;219
5716;10;219
5717;11;240
5718;11;234
5719;11;245
5720;11;243
5721;11;233
5722;11;246
5723;11;248
5724;11;239
5725;11;237
5726;11;247
5727;11;233
5728;11;244
5729;11;240
5730;11;234
5731;11;241
5732;11;241
5733;11;231
5734;11;235
5735;11;231
5736;11;240
5737;11;250
5738;11;246
5739;11;242
5740;11;247
5741;11;235
5742;11;239
5743;11;248
5744;11;242
5745;11;245
5746;11;235
5747;11;242
5748;11;241
5749;11;235
5750;11;245
5751;11;233
5752;11;232
5753;11;240
5754;11;233
5755;11;232
5756;11;248
5757;11;248
5758;11;246
5759;11;248
5760;11;239
5761;11;245
5762;11;238
5763;11;234
5764;11;249
5765;11;241
5766;11;240
5767;11;247
5768;11;250
5769;11;234
5770;11;234
5771;11;244
5772;11;233
5773;11;231
5774;11;239
5775;11;236
5776;11;231
5777;11;250
5778;11;235
5779;11;237
5780;11;246
5781;11;250
5782;11;247
5783;11;232
5784;11;235
5785;11;240
5786;11;236
5787;11;243
5788;11;231
5789;11;237
5790;11;233
5791;11;232
5792;11;250
5793;11;243
5794;11;249
5795;11;236
5796;11;243
5797;11;244
5798;11;233
5799;11;234
5800;11;241
5801;11;246
5802;11;235
5803;11;243
5804;11;232
5805;11;245
5806;11;236
5807;11;243
5808;11;235
5809;11;238
5810;11;243
5811;11;245
5812;11;239
5813;11;244
5814;11;247
5815;11;237
5816;11;246
5817;11;235
5818;11;245
5819;11;237
5820;11;236
5821;11;242
5822;11;249
5823;11;242
5824;11;234
5825;11;233
5826;11;234
5827;11;231
5828;11;243
5829;11;232
5830;11;248
5831;11;238
5832;11;231
5833;11;231
5834;11;236
5835;11;237
5836;11;231
5837;11;249
5838;11;249
5839;11;232
5840;11;245
5841;11;237
5842;11;249
5843;11;249
5844;11;250
5845;11;247
5846;11;231
5847;11;245
5848;11;249
5849;11;239
5850;11;236
5851;11;236
5852;11;244
5853;11;238
5854;11;246
5855;11;242
5856;11;239
5857;11;250
5858;11;235
5859;11;243
5860;11;245
5861;11;250
5862;11;238
5863;11;246
5864;11;244
5865;11;242
5866;11;238
5867;11;233
5868;11;240
5869;11;237
5870;11;246
5871;11;233
5872;11;237
5873;11;240
5874;11;233
5875;11;232
5876;11;250
5877;11;247
5878;11;244
5879;11;240
5880;11;234
5881;11;238
5882;11;235
5883;11;238
5884;11;250
5885;11;239
5886;11;236
5887;11;234
5888;11;245
5889;11;244
5890;11;241
5891;11;239
5892;11;236
5893;11;232
5894;11;235
5895;11;240
5896;11;241
5897;11;244
5898;11;248
5899;11;249
5900;11;246
5901;11;233
5902;11;247
5903;11;242
5904;11;241
5905;11;244
5906;11;231
5907;11;250
5908;11;231
5909;11;243
5910;11;240
5911;11;242
5912;11;235
5913;11;246
5914;11;242
5915;11;248
5916;11;236
5917;11;241
5918;11;249
5919;11;248
5920;11;245
5921;11;246
5922;11;237
5923;11;235
5924;11;231
5925;11;247
5926;11;235
5927;11;239
5928;11;248
5929;11;235
5930;11;242
5931;11;250
5932;11;234
5933;11;236
5934;11;237
5935;11;240
5936;11;242
5937;11;245
5938;11;249
5939;11;242
5940;11;245
5941;11;245
5942;11;242
5943;11;248
5944;11;239
5945;11;248
5946;11;248
5947;11;250
5948;11;232
5949;11;242
5950;11;249
5951;11;243
5952;11;248
5953;11;234
5954;11;242
5955;11;231
5956;11;240
5957;11;242
5958;11;236
5959;11;232
5960;11;240
5961;11;231
5962;11;250
5963;11;244
5964;11;235
5965;11;241
5966;11;237
5967;11;234
5968;11;240
5969;11;245
5970;11;247
5971;11;243
5972;11;239
5973;11;235
5974;11;234
5975;11;239
5976;11;243
5977;11;234
5978;11;242
5979;11;239
5980;11;245
5981;11;243
5982;11;242
5983;11;249
5984;11;237
5985;11;240
5986;11;234
5987;11;249
5988;11;233
5989;11;231
5990;11;238
5991;11;247
5992;11;238
5993;11;247
5994;11;246
5995;11;236
5996;11;234
5997;11;239
5998;11;248
5999;11;243
6000;11;243
6001;11;238
6002;11;232
6003;11;232
6004;11;240
6005;11;237
6006;11;239
6007;11;235
6008;11;246
6009;11;236
6010;11;241
6011;11;249
6012;11;247
6013;11;244
6014;11;248
6015;11;250
6016;11;241
6017;11;248
6018;11;247
6019;11;245
6020;11;235
6021;11;249
6022;11;236
6023;11;235
6024;11;232
6025;11;241
6026;11;240
6027;11;238
6028;11;241
6029;11;237
6030;11;231
6031;11;249
6032;11;235
6033;11;245
6034;11;245
6035;11;248
6036;11;235
6037;11;241
6038;11;237
6039;11;247
6040;11;237
6041;11;242
6042;11;239
6043;11;238
6044;11;239
6045;11;243
6046;11;250
6047;11;247
6048;11;249
6049;11;241
6050;11;247
6051;11;238
6052;11;246
6053;11;242
6054;11;240
6055;11;238
6056;11;238
6057;11;247
6058;11;237
6059;11;244
6060;11;248
6061;11;241
6062;11;248
6063;11;244
6064;11;250
6065;11;250
6066;11;234
6067;11;245
6068;11;248
6069;11;244
6070;11;237
6071;11;234
6072;11;250
6073;11;231
6074;11;235
6075;11;237
6076;11;237
6077;11;248
6078;11;249
6079;11;248
6080;11;243
6081;11;250
6082;11;241
6083;11;248
6084;11;244
6085;11;243
6086;11;232
6087;11;245
6088;11;231
6089;11;232
6090;11;238
6091;11;240
6092;11;233
6093;11;241
6094;11;246
6095;11;248
6096;11;240
6097;11;232
6098;11;237
6099;11;244
6100;11;243
6101;11;241
6102;11;246
6103;11;238
6104;11;242
6105;11;232
6106;11;233
6107;11;249
6108;11;246
6109;11;238
6110;11;233
6111;11;248
6112;11;233
6113;11;243
6114;11;236
6115;11;231
6116;11;240
6117;11;241
6118;11;250
6119;11;242
6120;11;238
6121;11;245
6122;11;244
6123;11;233
6124;11;236
6125;11;250
6126;11;241
6127;11;242
6128;11;249
6129;11;249
6130;11;239
6131;11;234
6132;11;238
6133;11;246
6134;11;240
6135;11;249
6136;11;239
6137;11;247
6138;11;240
6139;11;236
6140;11;233
6141;11;250
6142;11;248
6143;11;242
6144;11;241
6145;11;238
6146;11;238
6147;11;234
6148;11;244
6149;11;244
6150;11;244
6151;11;241
6152;11;238
6153;11;231
6154;11;238
6155;11;248
6156;11;241
6157;11;247
6158;11;242
6159;11;232
6160;11;240
6161;11;234
6162;11;244
6163;11;250
6164;11;239
6165;11;236
6166;11;250
6167;11;232
6168;11;236
6169;11;246
6170;11;233
6171;11;233
6172;11;246
6173;11;244
6174;11;247
6175;11;242
6176;11;242
6177;11;234
6178;11;241
6179;11;239
6180;11;248
6181;11;237
6182;11;244
6183;11;237
6184;11;246
6185;11;238
6186;11;248
6187;11;244
6188;11;241
6189;11;233
6190;11;237
6191;11;242
6192;11;238
6193;11;248
6194;11;239
6195;11;237
6196;11;247
6197;11;233
6198;11;248
6199;11;249
6200;11;247
6201;11;240
6202;11;241
6203;11;242
6204;11;247
6205;11;241
6206;11;232
6207;11;235
6208;11;246
6209;11;245
6210;11;241
6211;11;235
6212;11;245
6213;11;235
6214;11;236
6215;11;245
6216;11;233
6217;11;240
6218;11;244
6219;11;247
6220;11;248
6221;11;249
6222;11;232
6223;11;238
6224;11;233
6225;11;232
6226;11;231
6227;11;243
6228;11;246
6229;11;242
6230;11;238
6231;11;244
6232;11;234
6233;11;246
6234;11;231
6235;11;231
6236;11;244
6237;11;237
6238;11;247
6239;11;243
6240;11;242
6241;11;232
6242;11;247
6243;11;232
6244;11;243
6245;11;242
6246;11;231
6247;11;233
6248;11;233
6249;11;233
6250;12;251
6251;12;270
6252;12;264
6253;12;254
6254;12;251
6255;12;258
6256;12;263
6257;12;267
6258;12;254
6259;12;256
6260;12;254
6261;12;268
6262;12;265
6263;12;272
6264;12;262
6265;12;271
6266;12;269
6267;12;255
6268;12;268
6269;12;263
6270;12;270
6271;12;272
6272;12;255
6273;12;254
6274;12;259
6275;12;271
6276;12;264
6277;12;264
6278;12;270
6279;12;266
6280;12;262
6281;12;265
6282;12;271
6283;12;265
6284;12;262
6285;12;264
6286;12;258
6287;12;269
6288;12;271
6289;12;254
6290;12;257
6291;12;258
6292;12;255
6293;12;251
6294;12;253
6295;12;263
6296;12;256
6297;12;265
6298;12;255
6299;12;256
6300;12;254
6301;12;264
6302;12;261
6303;12;265
6304;12;264
6305;12;259
6306;12;272
6307;12;260
6308;12;266
6309;12;252
6310;12;252
6311;12;269
6312;12;267
6313;12;253
6314;12;273
6315;12;256
6316;12;255
6317;12;272
6318;12;269
6319;12;263
6320;12;271
6321;12;268
6322;12;251
6323;12;254
6324;12;268
6325;12;270
6326;12;263
6327;12;267
6328;12;272
6329;12;260
6330;12;261
6331;12;259
6332;12;270
6333;12;267
6334;12;262
6335;12;266
6336;12;266
6337;12;273
6338;12;270
6339;12;258
6340;12;261
6341;12;253
6342;12;266
6343;12;273
6344;12;257
6345;12;273
6346;12;269
6347;12;252
6348;12;254
6349;12;255
6350;12;255
6351;12;263
6352;12;253
6353;12;264
6354;12;261
6355;12;255
6356;12;273
6357;12;260
6358;12;266
6359;12;263
6360;12;272
6361;12;256
6362;12;266
6363;12;254
6364;12;255
6365;12;270
6366;12;269
6367;12;254
6368;12;271
6369;12;263
6370;12;259
6371;12;270
6372;12;270
6373;12;266
6374;12;251
6375;12;258
6376;12;265
6377;12;253
6378;12;259
6379;12;256
6380;12;265
6381;12;268
6382;12;258
6383;12;261
6384;12;262
6385;12;257
6386;12;256
6387;12;258
6388;12;264
6389;12;266
6390;12;261
6391;12;260
6392;12;266
6393;12;261
6394;12;273
6395;12;253
6396;12;262
6397;12;260
6398;12;267
6399;12;251
6400;12;263
6401;12;264
6402;12;255
6403;12;267
6404;12;258
6405;12;260
6406;12;271
6407;12;273
6408;12;261
6409;12;252
6410;12;263
6411;12;260
6412;12;258
6413;12;251
6414;12;265
6415;12;268
6416;12;258
6417;12;252
6418;12;272
6419;12;253
6420;12;268
6421;12;252
6422;12;257
6423;12;255
6424;12;263
6425;12;268
6426;12;255
6427;12;261
6428;12;272
6429;12;251
6430;12;267
6431;12;271
6432;12;266
6433;12;259
6434;12;269
6435;12;263
6436;12;273
6437;12;258
6438;12;261
6439;12;272
6440;12;266
6441;12;254
6442;12;252
6443;12;251
6444;12;260
6445;12;252
6446;12;256
6447;12;267
6448;12;261
6449;12;256
6450;12;270
6451;12;260
6452;12;266
6453;12;253
6454;12;266
6455;12;259
6456;12;265
6457;12;271
6458;12;264
6459;12;264
6460;12;273
6461;12;260
6462;12;269
6463;12;272
6464;12;262
6465;12;259
6466;12;262
6467;12;271
6468;12;261
6469;12;268
6470;12;256
6471;12;272
6472;12;254
6473;12;252
6474;12;259
6475;12;270
6476;12;251
6477;12;264
6478;12;271
6479;12;253
6480;12;265
6481;12;273
6482;12;264
6483;12;251
6484;12;268
6485;12;271
6486;12;267
6487;12;267
6488;12;261
6489;12;261
6490;12;253
6491;12;256
6492;12;266
6493;12;267
6494;12;269
6495;12;262
6496;12;267
6497;12;269
6498;12;261
6499;12;271
6500;12;259
6501;12;264
6502;12;267
6503;12;267
6504;12;265
6505;12;267
6506;12;273
6507;12;256
6508;12;269
6509;12;264
6510;12;272
6511;12;251
6512;12;257
6513;12;266
6514;12;273
6515;12;273
6516;12;273
6517;12;273
6518;12;262
6519;12;265
6520;12;252
6521;12;268
6522;12;255
6523;12;271
6524;12;265
6525;12;257
6526;12;256
6527;12;258
6528;12;252
6529;12;251
6530;12;255
6531;12;269
6532;12;263
6533;12;270
6534;12;264
6535;12;257
6536;12;256
6537;12;260
6538;12;260
6539;12;260
6540;12;265
6541;12;254
6542;12;258
6543;12;264
6544;12;270
6545;12;268
6546;12;267
6547;12;255
6548;12;272
6549;12;267
6550;12;257
6551;12;251
6552;12;256
6553;12;253
6554;12;265
6555;12;254
6556;12;254
6557;12;260
6558;12;269
6559;12;254
6560;12;256
6561;12;252
6562;12;262
6563;12;263
6564;12;266
6565;12;253
6566;12;270
6567;12;253
6568;12;266
6569;12;258
6570;12;272
6571;12;258
6572;12;253
6573;12;261
6574;12;267
6575;12;269
6576;12;273
6577;12;252
6578;12;252
6579;12;261
6580;12;268
6581;12;259
6582;12;259
6583;12;260
6584;12;269
6585;12;254
6586;12;268
6587;12;262
6588;12;259
6589;12;260
6590;12;257
6591;12;254
6592;12;251
6593;12;271
6594;12;272
6595;12;254
6596;12;254
6597;12;253
6598;12;269
6599;12;271
6600;12;255
6601;12;265
6602;12;257
6603;12;260
6604;12;263
6605;12;258
6606;12;255
6607;12;252
6608;12;257
6609;12;269
6610;12;253
6611;12;261
6612;12;262
6613;12;256
6614;12;272
6615;12;255
6616;12;268
6617;12;269
6618;12;263
6619;12;251
6620;12;257
6621;12;267
6622;12;272
6623;12;252
6624;12;266
6625;12;262
6626;12;268
6627;12;266
6628;12;255
6629;12;265
6630;12;266
6631;12;273
6632;12;271
6633;12;273
6634;12;268
6635;12;251
6636;12;262
6637;12;268
6638;12;252
6639;12;260
6640;12;268
6641;12;272
6642;12;256
6643;12;269
6644;12;256
6645;12;258
6646;12;255
6647;12;267
6648;12;253
6649;12;260
6650;12;254
6651;12;251
6652;12;257
6653;12;267
6654;12;260
6655;12;258
6656;12;271
6657;12;258
6658;12;259
6659;12;251
6660;12;255
6661;12;269
6662;12;252
6663;12;266
6664;12;258
6665;12;255
6666;12;256
6667;12;266
6668;12;267
6669;12;272
6670;12;259
6671;12;265
6672;12;256
6673;12;266
6674;12;254
6675;12;257
6676;12;262
6677;12;255
6678;12;251
6679;12;267
6680;12;260
6681;12;265
6682;12;271
6683;12;263
6684;12;267
6685;12;272
6686;12;271
6687;12;260
6688;12;257
6689;12;264
6690;12;260
6691;12;266
6692;12;259
6693;12;267
6694;12;270
6695;12;269
6696;12;272
6697;12;254
6698;12;260
6699;12;252
6700;12;251
6701;12;252
6702;12;254
6703;12;257
6704;12;252
6705;12;270
6706;12;255
6707;12;251
6708;12;260
6709;12;264
6710;12;266
6711;12;251
6712;12;267
6713;12;257
6714;12;260
6715;12;272
6716;12;273
6717;12;261
6718;12;269
6719;12;259
6720;12;257
6721;12;259
6722;12;259
6723;12;262
6724;12;267
6725;12;259
6726;12;267
6727;12;259
6728;12;253
6729;12;251
6730;12;266
6731;12;268
6732;12;262
6733;12;251
6734;12;256
6735;12;252
6736;12;262
6737;12;265
6738;12;271
6739;12;272
6740;12;262
6741;12;263
6742;12;270
6743;12;259
6744;12;253
6745;12;264
6746;12;269
6747;12;266
6748;12;263
6749;12;257
6750;12;272
6751;12;266
6752;12;252
6753;12;262
6754;12;262
6755;12;256
6756;12;258
6757;12;269
6758;12;271
6759;12;261
6760;12;262
6761;12;273
6762;12;265
6763;12;257
6764;12;263
6765;12;258
6766;12;267
6767;12;251
6768;12;261
6769;12;269
6770;12;259
6771;12;254
6772;12;273
6773;12;265
6774;12;273
6775;12;269
6776;12;259
6777;12;263
6778;12;252
6779;12;258
6780;12;270
6781;12;252
6782;12;251
6783;12;252
6784;12;255
6785;12;269
6786;12;259
6787;12;262
6788;12;263
6789;12;260
6790;12;264
6791;12;256
6792;12;256
6793;12;251
6794;12;252
6795;12;270
6796;12;271
6797;12;271
6798;12;254
6799;12;265
6800;12;261
6801;12;268
6802;12;261
6803;12;254
6804;12;257
6805;12;268
6806;12;257
6807;12;272
6808;12;253
6809;12;258
6810;12;271
6811;12;264
6812;12;266
6813;12;259
6814;12;251
6815;12;261
6816;12;268
6817;12;257
6818;12;253
6819;12;252
6820;12;265
6821;12;263
6822;12;263
6823;12;254
6824;12;258
6825;12;254
6826;12;253
6827;12;266
6828;12;260
6829;12;264
6830;12;255
6831;12;259
6832;12;270
6833;12;259
6834;12;255
6835;12;266
6836;12;264
6837;12;270
6838;12;251
6839;12;270
6840;12;259
6841;12;252
6842;12;252
6843;12;256
6844;12;256
6845;12;256
6846;12;256
6847;12;269
6848;12;257
6849;12;258
6850;12;263
6851;12;271
6852;12;260
6853;12;262
6854;12;268
6855;12;269
6856;12;265
6857;12;255
6858;12;263
6859;12;269
6860;12;256
6861;12;267
6862;12;260
6863;12;263
6864;12;270
6865;12;265
6866;12;253
6867;12;262
6868;12;262
6869;12;253
6870;12;259
6871;12;273
6872;12;261
6873;12;257
6874;12;268
6875;12;266
6876;12;269
6877;12;262
6878;12;259
6879;12;264
6880;12;265
6881;12;257
6882;12;259
6883;12;261
6884;12;257
6885;12;259
6886;12;271
6887;12;262
6888;12;269
6889;12;258
6890;12;266
6891;12;251
6892;12;255
6893;12;271
6894;12;257
6895;12;272
6896;12;252
6897;12;260
6898;12;259
6899;12;257
6900;12;255
6901;12;271
6902;12;256
6903;12;259
6904;12;270
6905;12;251
6906;12;268
6907;12;253
6908;12;271
6909;12;255
6910;12;263
6911;12;259
6912;13;290
6913;13;283
6914;13;279
6915;13;274
6916;13;279
6917;13;279
6918;13;279
6919;13;287
6920;13;275
6921;13;276
6922;13;282
6923;13;288
6924;13;275
6925;13;282
6926;13;276
6927;13;290
6928;13;287
6929;13;290
6930;13;285
6931;13;290
6932;13;289
6933;13;287
6934;13;277
6935;13;277
6936;13;288
6937;13;284
6938;13;277
6939;13;281
6940;13;281
6941;13;283
6942;13;285
6943;13;279
6944;13;280
6945;13;279
6946;13;275
6947;13;288
6948;13;285
6949;13;279
6950;13;275
6951;13;278
6952;13;291
6953;13;281
6954;13;282
6955;13;280
6956;13;274
6957;13;283
6958;13;278
6959;13;276
6960;13;274
6961;13;279
6962;13;285
6963;13;290
6964;13;278
6965;13;275
6966;13;285
6967;13;275
6968;13;280
6969;13;286
6970;13;282
6971;13;277
6972;13;280
6973;13;277
6974;13;278
6975;13;282
6976;13;280
6977;13;277
6978;13;277
6979;13;276
6980;13;275
6981;13;286
6982;13;284
6983;13;275
6984;13;283
6985;13;288
6986;13;275
6987;13;282
6988;13;291
6989;13;291
6990;13;279
6991;13;277
6992;13;287
6993;13;276
6994;13;282
6995;13;274
6996;13;291
6997;13;281
6998;13;286
6999;13;290
7000;13;277
7001;13;276
7002;13;275
7003;13;288
7004;13;277
7005;13;275
7006;13;278
7007;13;286
7008;13;287
7009;13;282
7010;13;275
7011;13;280
7012;13;286
7013;13;289
7014;13;289
7015;13;278
7016;13;285
7017;13;284
7018;13;284
7019;13;288
7020;13;286
7021;13;285
7022;13;278
7023;13;275
7024;13;287
7025;13;282
7026;13;285
7027;13;291
7028;13;288
7029;13;283
7030;13;288
7031;13;283
7032;13;290
7033;13;274
7034;13;286
7035;13;286
7036;13;274
7037;13;283
7038;13;286
7039;13;289
7040;13;278
7041;13;282
7042;13;287
7043;13;282
7044;13;277
7045;13;284
7046;13;286
7047;13;289
7048;13;275
7049;13;279
7050;13;288
7051;13;275
7052;13;287
7053;13;283
7054;13;278
7055;13;291
7056;13;289
7057;13;291
7058;13;282
7059;13;276
7060;13;276
7061;13;289
7062;13;280
7063;13;288
7064;13;288
7065;13;278
7066;13;283
7067;13;279
7068;13;287
7069;13;283
7070;13;282
7071;13;278
7072;13;280
7073;13;282
7074;13;291
7075;13;274
7076;13;288
7077;13;276
7078;13;285
7079;13;288
7080;13;279
7081;13;290
7082;13;290
7083;13;290
7084;13;280
7085;13;281
7086;13;283
7087;13;280
7088;13;285
7089;13;278
7090;13;282
7091;13;275
7092;13;291
7093;13;280
7094;13;282
7095;13;276
7096;13;290
7097;13;291
7098;13;287
7099;13;275
7100;13;282
7101;13;288
7102;13;290
7103;13;279
7104;13;285
7105;13;290
7106;13;277
7107;13;289
7108;13;280
7109;13;279
7110;13;291
7111;13;275
7112;13;275
7113;13;274
7114;13;282
7115;13;285
7116;13;280
7117;13;287
7118;13;284
7119;13;289
7120;13;281
7121;13;286
7122;13;285
7123;13;287
7124;13;286
7125;13;287
7126;13;284
7127;13;278
7128;13;277
7129;13;282
7130;13;278
7131;13;280
7132;13;281
7133;13;279
7134;13;277
7135;13;283
7136;13;290
7137;13;289
7138;13;274
7139;13;278
7140;13;277
7141;13;286
7142;13;278
7143;13;287
7144;13;289
7145;13;288
7146;13;289
7147;13;281
7148;13;284
7149;13;289
7150;13;280
7151;13;286
7152;13;286
7153;13;276
7154;13;282
7155;13;291
7156;13;281
7157;13;274
7158;13;274
7159;13;281
7160;13;288
7161;13;289
7162;13;281
7163;13;275
7164;13;285
7165;13;290
7166;13;277
7167;13;285
7168;13;283
7169;13;287
7170;13;286
7171;13;282
7172;13;289
7173;13;285
7174;13;281
7175;13;283
7176;13;281
7177;13;276
7178;13;291
7179;13;274
7180;13;281
7181;13;286
7182;13;277
7183;13;284
7184;13;280
7185;13;284
7186;13;275
7187;13;274
7188;13;279
7189;13;276
7190;13;283
7191;13;275
7192;13;276
7193;13;284
7194;13;281
7195;13;276
7196;13;287
7197;13;289
7198;13;282
7199;13;279
7200;13;284
7201;13;290
7202;13;288
7203;13;285
7204;13;280
7205;13;287
7206;13;289
7207;13;278
7208;13;281
7209;13;276
7210;13;288
7211;13;289
7212;13;280
7213;13;274
7214;13;281
7215;13;276
7216;13;280
7217;13;276
7218;13;284
7219;13;290
7220;13;282
7221;13;274
7222;13;290
7223;13;279
7224;13;283
7225;13;276
7226;13;274
7227;13;274
7228;13;277
7229;13;280
7230;13;281
7231;13;283
7232;13;277
7233;13;291
7234;13;291
7235;13;291
7236;13;280
7237;13;277
7238;13;280
7239;13;286
7240;13;276
7241;13;274
7242;13;291
7243;13;283
7244;13;283
7245;13;285
7246;13;289
7247;13;291
7248;13;276
7249;13;287
7250;13;290
7251;13;279
7252;13;281
7253;13;287
7254;13;274
7255;13;274
7256;13;285
7257;13;276
7258;13;279
7259;13;291
7260;13;278
7261;13;291
7262;13;283
7263;13;288
7264;13;279
7265;13;276
7266;13;279
7267;13;289
7268;13;274
7269;13;279
7270;13;290
7271;13;287
7272;13;277
7273;13;280
7274;13;286
7275;13;278
7276;13;281
7277;13;286
7278;13;277
7279;13;276
7280;13;281
7281;13;284
7282;13;277
7283;13;278
7284;13;281
7285;13;283
7286;13;286
7287;13;285
7288;13;274
7289;13;289
7290;13;288
7291;13;283
7292;13;284
7293;13;279
7294;13;287
7295;13;275
7296;13;286
7297;13;279
7298;13;277
7299;13;288
7300;13;283
7301;13;291
7302;13;284
7303;13;274
7304;13;284
7305;13;287
7306;13;290
7307;13;291
7308;13;287
7309;13;288
7310;13;286
7311;13;291
7312;13;290
7313;13;289
7314;13;278
7315;13;279
7316;13;288
7317;13;288
7318;13;283
7319;13;283
7320;13;280
7321;13;289
7322;13;284
7323;13;284
7324;13;290
7325;13;284
7326;13;280
7327;13;285
7328;13;286
7329;13;275
7330;13;282
7331;13;279
7332;13;284
7333;13;284
7334;13;274
7335;13;287
7336;13;283
7337;13;285
7338;13;274
7339;13;279
7340;13;287
7341;13;281
7342;13;279
7343;13;277
7344;13;291
7345;13;287
7346;13;278
7347;13;284
7348;13;278
7349;13;281
7350;13;277
7351;13;278
7352;13;284
7353;13;275
7354;13;283
7355;13;289
7356;13;291
7357;13;284
7358;13;278
7359;13;284
7360;13;290
7361;13;290
7362;13;291
7363;13;276
7364;13;277
7365;14;319
7366;14;316
7367;14;303
7368;14;292
7369;14;297
7370;14;294
7371;14;318
7372;14;307
7373;14;295
7374;14;296
7375;14;300
7376;14;293
7377;14;298
7378;14;316
7379;14;306
7380;14;305
7381;14;297
7382;14;311
7383;14;299
7384;14;307
7385;14;297
7386;14;319
7387;14;320
7388;14;302
7389;14;304
7390;14;314
7391;14;307
7392;14;315
7393;14;313
7394;14;305
7395;14;311
7396;14;302
7397;14;309
7398;14;298
7399;14;314
7400;14;293
7401;14;303
7402;14;308
7403;14;312
7404;14;303
7405;14;309
7406;14;321
7407;14;299
7408;14;297
7409;14;297
7410;14;297
7411;14;293
7412;14;296
7413;14;299
7414;14;311
7415;14;312
7416;14;320
7417;14;311
7418;14;319
7419;14;299
7420;14;296
7421;14;315
7422;14;321
7423;14;304
7424;14;305
7425;14;295
7426;14;301
7427;14;320
7428;14;320
7429;14;302
7430;14;300
7431;14;300
7432;14;298
7433;14;318
7434;14;298
7435;14;312
7437;14;319
7438;14;312
7439;14;310
7440;14;293
7441;14;309
7442;14;312
7443;14;309
7444;14;303
7445;14;300
7446;14;308
7447;14;314
7448;14;309
7449;14;309
7450;14;303
7451;14;292
7452;14;312
7453;14;321
7454;14;294
7455;14;305
7456;14;305
7457;14;318
7458;14;298
7459;14;302
7460;14;304
7461;14;304
7462;14;311
7463;14;311
7464;14;295
7465;14;306
7466;14;302
7467;14;298
7468;14;315
7469;14;298
7470;14;298
7471;14;320
7472;14;293
7473;14;318
7474;14;304
7475;14;303
7476;14;320
7477;14;320
7478;14;307
7479;14;307
7480;14;294
7481;14;320
7482;14;294
7483;14;309
7484;14;310
7485;14;299
7486;14;308
7487;14;295
7488;14;292
7489;14;316
7490;14;307
7491;14;302
7492;14;304
7493;14;320
7494;14;310
7495;14;299
7496;14;307
7497;14;304
7498;14;293
7499;14;299
7500;14;295
7501;14;320
7502;14;295
7503;14;295
7504;14;309
7505;14;317
7506;14;313
7507;14;304
7508;14;309
7509;14;293
7510;14;311
7511;14;296
7512;14;301
7513;14;297
7514;14;309
7515;14;294
7516;14;319
7517;14;296
7518;14;292
7519;14;308
7520;14;315
7521;14;292
7522;14;312
7523;14;305
7524;14;293
7525;14;306
7526;14;318
7527;14;307
7528;14;307
7529;14;318
7530;14;317
7531;14;306
7532;14;310
7533;14;312
7534;14;299
7535;14;292
7536;14;305
7537;14;296
7538;14;296
7539;14;300
7540;14;305
7541;14;312
7542;14;292
7543;14;304
7544;14;311
7545;14;311
7546;14;304
7547;14;303
7548;14;316
7549;14;315
7550;14;320
7551;14;301
7552;14;320
7553;14;299
7554;14;319
7555;14;307
7556;14;313
7557;14;319
7558;14;297
7559;14;305
7560;14;297
7561;14;303
7562;14;304
7563;14;303
7564;14;314
7565;14;297
7566;14;302
7567;14;315
7568;14;296
7569;14;303
7570;14;307
7571;14;309
7572;14;317
7573;14;292
7574;14;319
7575;14;300
7576;14;315
7577;14;306
7578;14;297
7579;14;306
7580;14;294
7581;14;307
7582;14;313
7583;14;316
7584;14;293
7585;14;314
7586;14;316
7587;14;315
7588;14;298
7589;14;306
7590;14;311
7591;14;303
7592;14;293
7593;14;311
7594;14;312
7595;14;301
7596;14;320
7597;14;306
7598;14;303
7599;14;296
7600;14;305
7601;14;299
7602;14;317
7603;14;299
7604;14;298
7605;14;311
7606;14;312
7607;14;299
7608;14;307
7609;14;308
7610;14;317
7611;14;321
7612;14;295
7613;14;316
7614;14;310
7615;14;310
7616;14;308
7617;14;317
7618;14;307
7619;14;305
7620;14;316
7621;14;308
7622;14;314
7623;14;309
7624;14;298
7625;14;319
7626;14;311
7627;14;302
7628;14;303
7629;14;308
7630;14;321
7631;14;309
7632;14;317
7633;14;306
7634;14;318
7635;14;318
7636;14;316
7637;14;294
7638;14;319
7639;14;292
7640;14;316
7641;14;293
7642;14;320
7643;14;314
7644;14;297
7645;14;314
7647;14;297
7648;14;301
7649;14;297
7650;14;293
7651;14;318
7652;14;320
7653;14;310
7654;14;297
7655;14;301
7656;14;314
7657;14;308
7658;14;297
7659;14;298
7660;14;321
7661;14;321
7662;14;307
7663;14;316
7664;14;316
7665;14;316
7666;14;292
7667;14;313
7668;14;309
7669;14;308
7670;14;302
7671;14;296
7672;14;310
7673;14;305
7674;14;313
7675;14;305
7676;14;302
7677;14;293
7678;14;298
7679;14;301
7680;14;314
7681;14;315
7682;14;316
7683;14;318
7684;14;299
7685;14;294
7686;14;305
7687;14;308
7688;14;308
7689;14;296
7690;14;296
7691;14;311
7692;14;305
7693;14;313
7694;14;309
7695;14;306
7696;14;311
7697;14;310
7698;14;315
7699;14;303
7700;14;294
7701;14;319
7702;14;294
7703;14;314
7704;14;313
7705;14;319
7706;14;315
7707;14;301
7708;14;292
7709;14;301
7710;14;317
7711;14;317
7712;14;297
7713;14;297
7714;14;296
7715;14;305
7716;14;313
7717;14;297
7718;14;300
7719;14;293
7720;14;311
7721;14;308
7722;14;301
7723;14;307
7724;14;313
7725;14;313
7726;14;318
7727;14;304
7728;14;311
7729;14;296
7730;14;307
7731;14;313
7732;14;294
7733;14;309
7734;14;321
7735;14;298
7736;14;312
7737;14;314
7738;14;310
7739;14;310
7740;14;309
7741;14;302
7742;14;303
7743;14;292
7744;14;301
7745;14;296
7746;14;320
7747;14;320
7748;14;318
7749;14;309
7750;14;307
7751;14;303
7752;14;308
7753;14;311
7754;14;315
7755;14;315
7756;14;311
7757;14;295
7758;14;304
7759;14;311
7760;14;315
7761;14;319
7762;14;301
7763;14;306
7764;14;312
7765;14;293
7766;14;310
7767;14;313
7768;14;317
7769;14;300
7770;14;300
7771;14;302
7772;14;292
7773;14;315
7774;14;321
7775;14;315
7776;14;306
7777;14;292
7778;14;308
7779;14;304
7780;14;304
7781;14;314
7782;14;318
7783;14;302
7784;14;299
7785;14;307
7786;14;320
7787;14;306
7788;14;316
7789;14;305
7790;14;300
7791;14;317
7792;14;305
7793;14;295
7794;14;321
7795;14;301
7796;14;310
7797;14;306
7798;14;297
7799;14;303
7800;14;312
7801;14;296
7802;14;316
7803;14;296
7804;14;296
7805;14;314
7806;14;317
7807;14;316
7808;14;308
7809;14;303
7810;14;319
7811;14;321
7812;14;318
7813;14;301
7814;14;302
7815;14;314
7816;14;312
7817;14;306
7818;14;293
7819;14;314
7820;14;311
7821;14;303
7822;14;319
7823;14;300
7824;14;306
7825;14;310
7826;14;295
7827;14;315
7828;14;316
7829;14;296
7830;14;311
7831;14;294
7832;14;304
7833;14;309
7834;14;292
7835;14;309
7836;14;313
7837;14;304
7838;14;317
7839;14;319
7840;14;312
7841;14;303
7842;14;313
7843;14;316
7844;14;301
7845;14;305
7846;14;301
7847;14;301
7848;14;314
7849;14;294
7850;14;314
7851;14;317
7852;14;303
7853;14;317
7854;14;293
7855;14;298
7856;14;314
7857;14;307
7858;14;296
7859;14;298
7860;14;298
7861;14;315
7862;14;315
7863;14;308
7864;14;321
7865;14;318
7866;14;311
7867;14;292
7868;14;310
7869;14;294
7870;14;294
7871;14;302
7872;14;293
7873;14;309
7874;14;319
7875;14;294
7876;14;308
7877;14;300
7878;14;295
7879;14;311
7880;14;319
7881;14;293
7882;14;298
7883;14;303
7884;14;316
7885;14;316
7886;14;310
7887;14;301
7888;14;294
7889;14;295
7890;14;313
7891;14;296
7892;14;315
7894;14;316
7895;14;299
7896;14;309
7897;14;321
7898;14;300
7899;14;295
7900;14;296
7901;14;300
7902;14;297
7903;14;301
7904;14;296
7905;14;304
7906;14;295
7907;14;302
7908;14;302
7909;14;319
7910;14;320
7911;14;321
7912;14;313
7913;14;320
7914;14;295
7915;14;314
7916;14;294
7917;14;295
7918;14;318
7919;14;302
7920;14;321
7921;14;304
7923;14;310
7924;14;320
7925;14;300
7926;14;309
7927;14;321
7928;14;293
7929;14;315
7930;14;310
7931;14;314
7932;14;298
7933;14;312
7934;14;297
7935;14;319
7936;14;295
7937;14;303
7938;14;319
7939;14;318
7940;14;300
7941;14;299
7942;14;305
7943;14;310
7944;14;297
7945;14;305
7946;14;298
7947;14;303
7948;14;301
7949;14;294
7950;14;314
7951;14;300
7953;14;306
7954;14;298
7955;14;310
7956;14;318
7957;14;313
7958;14;295
7959;14;299
7960;14;292
7961;14;305
7962;14;316
7963;14;314
7964;14;310
7965;14;299
7966;14;304
7967;14;319
7968;14;309
7970;14;293
7971;14;314
7972;14;295
7973;14;300
7974;14;314
7975;14;295
7976;14;293
7977;14;307
7978;14;312
7979;14;310
7980;14;321
7981;14;320
7982;14;293
7983;14;308
7984;14;318
7985;14;306
7986;14;318
7987;14;317
7988;14;311
7989;14;294
7990;14;293
7991;14;311
7992;14;308
7993;14;301
7994;14;313
7995;14;307
7996;14;306
7997;14;307
7998;14;320
7999;14;292
8000;14;317
8001;14;306
8002;14;297
8003;14;310
8004;14;315
8005;14;317
8006;14;302
8007;14;294
8008;14;309
8009;14;297
8010;14;298
8011;14;296
8012;14;292
8013;14;293
8014;14;303
8015;14;318
8016;14;315
8017;14;307
8018;14;302
8019;14;306
8020;14;304
8021;14;300
8022;14;309
8023;14;303
8024;14;311
8025;14;315
8026;14;293
8027;14;300
8028;14;300
8029;14;295
8030;14;303
8031;14;305
8032;14;318
8033;14;304
8034;14;320
8035;14;313
8036;14;313
8037;14;294
8038;14;320
8039;14;295
8040;14;316
8041;14;309
8042;14;314
8043;14;313
8044;14;294
8045;14;321
8046;14;317
8047;14;307
8048;14;295
8049;14;310
8050;14;295
8051;14;306
8052;14;305
8053;14;313
8054;14;297
8055;14;309
8056;14;313
8057;14;313
8058;14;299
8059;14;294
8060;14;315
8061;14;295
8062;14;295
8063;14;317
8064;14;299
8065;14;299
8066;14;298
8067;14;321
8068;14;292
8069;14;319
8070;14;298
8071;14;305
8072;14;304
8073;14;316
8074;14;320
8075;14;306
8076;14;292
8077;14;298
8078;14;315
8079;14;294
8080;14;307
8081;14;308
8082;14;308
8083;14;292
8084;14;317
8085;14;317
8086;14;294
8087;14;300
8088;14;311
8089;14;316
8090;14;309
8091;14;320
8092;14;316
8093;14;292
8094;14;293
8095;14;303
8096;14;317
8097;14;302
8098;14;296
8099;14;318
8100;14;295
8101;14;320
8102;14;292
8103;14;293
8104;14;292
8105;14;302
8106;14;300
8107;14;303
8108;14;292
8109;14;309
8110;14;301
8111;14;308
8112;14;292
8113;14;306
8114;14;319
8115;14;305
8116;14;304
8117;14;303
8118;14;305
8119;14;297
8120;14;304
8121;14;320
8122;14;293
8123;14;302
8124;14;308
8125;14;309
8126;14;292
8127;14;315
8128;14;316
8129;14;294
8130;14;310
8131;14;317
8132;14;313
8133;14;309
8134;14;319
8135;14;298
8136;14;310
8137;14;320
8138;14;292
8139;14;303
8140;14;304
8141;14;292
8142;14;308
8143;14;293
8144;14;319
8145;14;301
8146;14;313
8147;14;304
8148;14;296
8149;14;312
8150;14;299
8151;14;301
8152;14;303
8153;14;307
8154;14;301
8155;14;301
8156;14;304
8157;14;315
8158;14;314
8159;14;303
8160;14;321
8161;14;312
8162;14;303
8163;14;301
8164;14;316
8165;14;299
8167;14;308
8168;14;315
8169;14;312
8170;14;303
8171;14;308
8172;14;309
8173;14;315
8174;14;319
8175;14;314
8176;14;315
8177;14;310
8178;14;310
8179;14;314
8180;14;305
8181;14;318
8182;14;305
8183;14;308
8184;14;295
8185;14;307
8187;14;313
8188;14;309
8189;14;312
8190;14;301
8191;14;315
8192;14;316
8193;14;302
8194;14;307
8195;14;309
8196;14;304
8197;14;308
8198;14;313
8199;14;308
8200;14;300
8201;14;307
8202;14;308
8203;14;319
8204;14;319
8205;14;305
8206;14;292
8207;14;316
8208;14;300
8209;14;300
8210;14;314
8211;14;312
8212;14;306
8213;14;293
8214;15;326
8215;15;337
8216;15;326
8217;15;323
8218;15;326
8219;15;323
8220;15;335
8221;15;324
8222;15;334
8223;15;335
8224;15;327
8225;15;336
8226;15;331
8227;15;329
8228;15;322
8229;15;325
8230;15;326
8231;15;323
8232;15;323
8233;15;323
8234;15;335
8235;15;331
8236;15;327
8237;15;336
8238;15;327
8239;15;325
8240;15;337
8241;15;323
8242;15;328
8243;15;322
8244;15;323
8245;15;330
8246;15;332
8247;15;327
8248;15;332
8249;15;336
8250;15;330
8251;15;324
8252;15;333
8253;15;335
8254;15;328
8255;15;329
8256;15;334
8257;15;331
8258;15;322
8259;15;325
8260;15;331
8261;15;335
8262;15;328
8263;15;332
8264;15;329
8265;15;329
8266;15;328
8267;15;329
8268;15;333
8269;15;330
8270;15;332
8271;15;324
8272;15;333
8273;15;325
8274;15;331
8275;15;335
8276;15;330
8277;15;322
8278;15;330
8279;15;337
8280;15;337
8281;15;328
8282;15;333
8283;15;331
8284;15;331
8285;15;328
8286;15;324
8287;15;327
8288;15;325
8289;15;333
8290;15;330
8291;15;337
8292;15;322
8293;15;335
8294;15;323
8295;15;323
8296;15;330
8297;15;322
8298;15;334
8299;15;335
8300;15;333
8301;15;327
8302;15;332
8303;15;337
8304;15;328
8305;15;331
8306;15;336
8307;15;336
8308;15;328
8309;15;324
8310;15;335
8311;15;323
8312;15;328
8313;15;333
8314;15;324
8315;15;332
8316;15;335
8317;15;331
8318;15;330
8319;15;333
8320;15;324
8321;15;331
8322;15;335
8323;15;337
8324;15;328
8325;15;334
8326;15;335
8327;15;330
8328;15;329
8329;15;329
8330;15;334
8331;15;336
8332;15;334
8333;15;334
8334;15;330
8335;15;330
8336;15;323
8337;15;324
8338;15;336
8339;15;329
8340;15;336
8341;15;334
8342;15;327
8343;15;325
8344;15;331
8345;15;336
8346;15;337
8347;15;332
8348;15;332
8349;15;335
8350;15;328
8351;15;324
8352;15;327
8353;15;323
8354;15;330
8355;15;328
8356;15;331
8357;15;323
8358;15;327
8359;15;322
8360;15;325
8361;15;335
8362;15;324
8363;15;325
8364;15;334
8365;15;324
8366;15;336
8367;15;336
8368;15;330
8369;15;332
8370;15;328
8371;15;328
8372;15;336
8373;15;332
8374;15;334
8375;15;333
8376;15;336
8377;15;331
8378;15;329
8379;15;324
8380;15;334
8381;15;337
8382;15;322
8383;15;328
8384;15;322
8385;15;331
8386;15;323
8387;15;331
8388;15;322
8389;15;335
8390;15;327
8391;15;327
8392;15;324
8393;15;333
8394;15;325
8395;15;322
8396;15;336
8397;15;325
8398;15;322
8399;15;333
8400;15;332
8401;15;329
8402;15;333
8403;15;337
8404;15;322
8405;15;336
8406;15;332
8407;15;325
8408;15;334
8409;15;336
8410;15;323
8411;15;331
8412;15;330
8413;15;328
8414;15;323
8415;15;324
8416;15;328
8417;15;335
8418;15;335
8419;15;333
8420;15;334
8421;15;334
8422;15;333
8423;15;325
8424;15;325
8425;15;322
8426;15;334
8427;15;328
8428;15;332
8429;15;329
8430;15;329
8431;15;331
8432;15;332
8433;15;322
8434;15;331
8435;15;335
8436;15;337
8437;15;337
8438;15;335
8439;15;334
8440;15;330
8441;15;335
8442;15;328
8443;15;337
8444;15;324
8445;15;329
8446;15;336
8447;15;324
8448;15;325
8449;15;333
8450;15;329
8451;15;329
8452;15;331
8453;15;336
8454;15;325
8455;15;322
8456;15;337
8457;15;333
8458;15;322
8459;15;333
8460;15;329
8461;15;324
8462;15;326
8463;15;324
8464;15;336
8465;15;331
8466;15;322
8467;15;326
8468;15;335
8469;15;322
8470;15;326
8471;15;326
8472;15;329
8473;15;327
8474;15;322
8475;15;337
8476;15;328
8477;15;322
8478;15;324
8479;15;324
8480;15;327
8481;15;324
8482;15;331
8483;15;335
8484;15;330
8485;15;333
8486;15;335
8487;15;333
8488;15;327
8489;15;331
8490;15;330
8491;15;328
8492;15;322
8493;15;329
8494;15;323
8495;15;329
8496;15;333
8497;15;328
8498;15;326
8499;15;337
8500;15;327
8501;15;324
8502;15;325
8503;15;334
8504;15;332
8505;15;333
8506;15;323
8507;15;324
8508;15;333
8509;15;327
8510;15;331
8511;15;326
8512;15;326
8513;15;337
8514;15;326
8515;15;333
8516;15;326
8517;15;330
8518;15;325
8519;15;328
8520;15;325
8521;15;335
8522;15;326
8523;15;337
8524;15;325
8525;15;325
8526;15;337
8527;15;337
8528;15;334
8529;15;322
8530;15;323
8531;15;327
8532;15;323
8533;15;335
8534;15;337
8535;15;332
8536;15;336
8537;15;327
8538;15;322
8539;15;329
8540;15;332
8541;15;330
8542;15;325
8543;15;337
8544;15;327
8545;15;322
8546;15;328
8547;15;334
8548;15;332
8549;15;333
8550;15;330
8551;15;329
8552;15;325
8553;15;331
8554;15;330
8555;15;324
8556;15;336
8557;15;333
8558;15;322
8559;15;329
8560;15;327
8561;15;333
8562;15;334
8563;15;326
8564;15;329
8565;15;326
8566;15;324
8567;15;325
8568;15;335
8569;15;332
8570;15;333
8571;15;322
8572;15;329
8573;15;335
8574;15;336
8575;15;325
8576;15;332
8577;15;323
8578;15;327
8579;15;327
8580;15;336
8581;15;329
8582;15;332
8583;15;337
8584;15;323
8585;15;333
8586;15;335
8587;15;328
8588;15;322
8589;15;334
8590;15;326
8591;15;326
8592;15;337
8593;15;332
8594;15;326
8595;15;326
8596;15;326
8597;15;330
8598;15;326
8599;15;331
8600;15;333
8601;15;334
8602;15;326
8603;15;326
8604;15;326
8605;15;327
8606;15;337
8607;15;334
8608;15;326
8609;15;323
8610;15;324
8611;15;337
8612;15;334
8613;15;322
8614;15;324
8615;15;337
8616;15;333
8617;15;323
8618;15;323
8619;15;325
8620;15;322
8621;15;325
8622;15;323
8623;15;337
8624;15;327
8625;15;326
8626;15;327
8627;15;333
8628;15;328
8629;15;323
8630;15;326
8631;15;324
8632;15;327
8633;15;326
8634;15;326
8635;15;332
8636;15;326
8637;15;326
8638;15;328
8639;15;337
8640;15;333
8641;15;335
8642;15;334
8643;15;322
8644;15;330
8645;15;333
8646;15;337
8647;15;325
8648;15;323
8649;15;327
8650;15;333
8651;15;332
8652;15;336
8653;15;333
8654;15;325
8655;15;329
8656;15;333
8657;15;337
8658;15;327
8659;15;334
8660;15;326
8661;15;336
8662;15;327
8663;15;336
8664;15;323
8665;15;335
8666;15;337
8667;15;333
8668;15;324
8669;15;335
8670;15;332
8671;15;336
8672;15;334
8673;15;334
8674;15;336
8675;15;332
8676;15;336
8677;15;331
8678;15;334
8679;15;331
8680;15;332
8681;15;323
8682;15;326
8683;15;329
8684;15;328
8685;15;325
8686;15;326
8687;15;336
8688;15;326
8689;15;329
8690;16;345
8691;16;348
8692;16;346
8693;16;341
8694;16;344
8695;16;344
8696;16;338
8697;16;341
8698;16;351
8699;16;338
8700;16;344
8701;16;338
8702;16;344
8703;16;347
8704;16;348
8705;16;347
8706;16;341
8707;16;351
8708;16;351
8709;16;350
8710;16;339
8711;16;341
8712;16;338
8713;16;346
8714;16;350
8715;16;344
8716;16;343
8717;16;344
8718;16;344
8719;16;344
8720;16;347
8721;16;338
8722;16;348
8723;16;343
8724;16;345
8725;16;346
8726;16;342
8727;16;343
8728;16;338
8729;16;348
8730;16;339
8731;16;340
8732;16;341
8733;16;349
8734;16;341
8735;16;347
8736;16;343
8737;16;351
8738;16;338
8739;16;349
8740;16;350
8741;16;350
8742;16;342
8743;16;339
8744;16;340
8745;16;340
8746;16;341
8747;16;350
8748;16;345
8749;16;349
8750;16;340
8751;16;343
8752;16;340
8753;16;341
8754;16;345
8755;16;339
8756;16;350
8757;16;350
8758;16;339
8759;16;351
8760;16;342
8761;16;349
8762;16;351
8763;16;343
8764;16;350
8765;16;345
8766;16;338
8767;16;342
8768;16;338
8769;16;343
8770;16;339
8771;16;348
8772;16;341
8773;16;345
8774;16;342
8775;16;349
8776;16;343
8777;16;338
8778;16;343
8779;16;341
8780;16;348
8781;16;340
8782;16;345
8783;16;341
8784;16;348
8785;16;341
8786;16;350
8787;16;346
8788;16;338
8789;16;342
8790;16;339
8791;16;343
8792;16;343
8793;16;340
8794;16;347
8795;16;346
8796;16;343
8797;16;351
8798;16;342
8799;16;343
8800;16;339
8801;16;338
8802;16;348
8803;16;340
8804;16;350
8805;16;346
8806;16;346
8807;16;346
8808;16;338
8809;16;347
8810;16;341
8811;16;345
8812;16;348
8813;16;346
8814;16;344
8815;16;344
8816;16;344
8817;16;350
8818;16;344
8819;16;346
8820;16;347
8821;16;349
8822;16;351
8823;16;342
8824;16;342
8825;16;342
8826;16;342
8827;16;351
8828;16;338
8829;16;345
8830;16;351
8831;16;346
8832;16;347
8833;16;350
8834;16;341
8835;16;346
8836;16;347
8837;16;348
8838;16;341
8839;16;341
8840;16;350
8841;16;340
8842;16;341
8843;16;346
8844;16;346
8845;16;339
8846;16;339
8847;16;344
8848;16;341
8849;16;348
8850;16;338
8851;16;345
8852;16;341
8853;16;350
8854;16;348
8855;16;350
8856;16;348
8857;16;350
8858;16;350
8859;16;339
8860;16;338
8861;16;340
8862;16;346
8863;16;344
8864;16;344
8865;16;341
8866;16;344
8867;16;339
8868;16;350
8869;16;345
8870;16;345
8871;16;345
8872;16;351
8873;16;344
8874;16;340
8875;16;340
8876;16;350
8877;16;344
8878;16;347
8879;16;345
8880;16;347
8881;16;339
8882;16;347
8883;16;348
8884;16;345
8885;16;348
8886;16;348
8887;16;340
8888;16;338
8889;16;343
8890;16;342
8891;16;338
8892;16;349
8893;16;347
8894;16;343
8895;16;346
8896;16;349
8897;16;340
8898;16;350
8899;16;347
8900;16;339
8901;16;339
8902;16;338
8903;16;345
8904;16;339
8905;16;351
8906;16;348
8907;16;346
8908;16;343
8909;16;347
8910;16;351
8911;16;349
8912;16;345
8913;16;347
8914;16;342
8915;16;343
8916;16;340
8917;16;345
8918;16;350
8919;16;351
8920;16;351
8921;16;349
8922;16;347
8923;16;350
8924;16;349
8925;16;345
8926;16;342
8927;16;338
8928;16;345
8929;16;338
8930;16;341
8931;16;340
8932;16;340
8933;16;344
8934;16;345
8935;16;344
8936;16;348
8937;16;349
8938;16;341
8939;16;347
8940;16;341
8941;16;348
8942;16;338
8943;16;347
8944;16;347
8945;16;351
8946;16;347
8947;16;351
8948;16;348
8949;16;343
8950;16;351
8951;16;350
8952;16;349
8953;16;341
8954;16;346
8955;16;349
8956;16;340
8957;16;346
8958;16;343
8959;16;340
8960;16;340
8961;16;345
8962;16;339
8963;16;339
8964;16;351
8965;16;349
8966;16;348
8967;16;340
8968;16;347
8969;16;338
8970;16;340
8971;16;338
8972;16;343
8973;16;347
8974;16;342
8975;16;346
8976;16;347
8977;16;342
8978;16;345
8979;16;345
8980;16;346
8981;16;339
8982;16;346
8983;16;351
8984;16;341
8985;16;349
8986;16;344
8987;16;342
8988;16;338
8989;16;343
8990;16;349
8991;16;348
8992;16;350
8993;16;344
8994;16;341
8995;16;348
8996;16;345
8997;16;342
8998;16;343
8999;16;342
9000;16;340
9001;16;351
9002;16;341
9003;16;338
9004;16;344
9005;16;342
9006;16;344
9007;16;345
9008;16;338
9009;16;338
9010;16;343
9011;16;340
9012;16;341
9013;16;340
9014;16;345
9015;16;345
9016;16;340
9017;16;341
9018;16;340
9019;16;344
9020;16;342
9021;16;351
9022;16;338
9023;16;339
9024;16;339
9025;16;342
9026;16;342
9027;16;346
9028;16;340
9029;16;347
9030;16;338
9031;16;341
9032;16;339
9033;16;349
9034;16;350
9035;16;340
9036;16;350
9037;16;341
9038;16;339
9039;16;345
9040;16;349
9041;16;346
9042;16;349
9043;16;341
9044;16;346
9045;16;346
9046;16;346
9047;16;349
9048;16;338
9049;16;343
9050;16;341
9051;16;345
9052;16;342
9053;16;341
9054;16;350
9055;16;340
9056;16;351
9057;16;349
9058;16;351
9059;16;351
9060;16;347
9061;16;349
9062;16;343
9063;16;344
9064;16;347
9065;16;348
9066;16;350
9067;16;350
9068;16;345
9069;16;350
9070;16;348
9071;16;339
9072;16;349
9073;16;342
9074;16;339
9075;16;348
9076;16;341
9077;16;342
9078;16;349
9079;16;348
9080;16;348
9081;16;341
9082;16;340
9083;16;350
9084;16;351
9085;16;350
9086;16;339
9087;16;338
9088;16;343
9089;16;339
9090;16;346
9091;16;345
9092;16;348
9093;16;347
9094;16;345
9095;16;348
9096;16;348
9097;16;343
9098;16;341
9099;16;344
9100;16;347
9101;16;341
9102;16;349
9103;16;338
9104;16;342
9105;16;347
9106;16;340
9107;16;339
9108;16;346
9109;16;349
9110;16;342
9111;16;344
9112;16;341
9113;16;338
9114;16;345
9115;16;340
9116;16;346
9117;16;349
9118;16;341
9119;16;345
9120;16;348
9121;16;347
9122;16;342
9123;16;346
9124;16;346
9125;16;346
9126;16;348
9127;16;347
9128;16;340
9129;16;349
9130;16;344
9131;16;346
9132;16;347
9133;16;346
9134;16;344
9135;16;342
9136;16;341
9137;16;338
9138;16;345
9139;16;346
9140;16;351
9141;16;351
9142;16;351
9143;16;351
9144;16;349
9145;16;351
9146;16;344
9147;16;341
9148;16;345
9149;16;344
9150;16;342
9151;16;341
9152;16;349
9153;16;347
9154;16;338
9155;16;339
9156;16;340
9157;16;341
9158;16;341
9159;16;349
9160;16;341
9161;16;349
9162;16;346
9163;16;344
9164;16;345
9165;16;346
9166;16;343
9168;17;379
9169;17;354
9170;17;358
9171;17;363
9172;17;383
9173;17;359
9174;17;353
9175;17;352
9176;17;372
9177;17;371
9178;17;364
9179;17;362
9180;17;372
9181;17;373
9183;17;355
9184;17;380
9185;17;385
9186;17;380
9187;17;377
9188;17;369
9189;17;365
9190;17;372
9191;17;364
9192;17;366
9193;17;380
9194;17;371
9195;17;368
9196;17;369
9197;17;362
9198;17;382
9199;17;384
9200;17;384
9201;17;363
9202;17;359
9203;17;363
9204;17;384
9205;17;381
9206;17;360
9207;17;360
9208;17;361
9209;17;384
9210;17;364
9211;17;384
9212;17;375
9213;17;364
9214;17;372
9215;17;362
9216;17;385
9217;17;369
9218;17;363
9219;17;363
9220;17;373
9221;17;362
9222;17;361
9223;17;384
9224;17;363
9225;17;357
9226;17;354
9227;17;375
9228;17;369
9229;17;370
9230;17;356
9231;17;382
9232;17;366
9233;17;385
9234;17;359
9235;17;364
9236;17;363
9237;17;369
9238;17;361
9239;17;378
9240;17;364
9241;17;384
9242;17;360
9243;17;355
9244;17;383
9245;17;378
9246;17;372
9247;17;355
9248;17;385
9249;17;360
9250;17;365
9251;17;360
9252;17;378
9253;17;364
9254;17;380
9255;17;382
9256;17;363
9257;17;372
9258;17;371
9259;17;384
9260;17;364
9261;17;355
9262;17;372
9263;17;380
9264;17;361
9266;17;384
9267;17;369
9268;17;384
9269;17;361
9270;17;385
9271;17;360
9272;17;363
9273;17;365
9274;17;375
9275;17;384
9276;17;364
9277;17;384
9278;17;360
9279;17;365
9280;17;362
9281;17;358
9282;17;385
9283;17;360
9284;17;355
9285;17;383
9286;17;363
9287;17;363
9288;17;367
9289;17;373
9290;17;361
9291;17;385
9292;17;385
9293;17;361
9294;17;363
9295;17;385
9296;17;368
9297;17;362
9298;17;364
9299;17;359
9300;17;384
9301;17;354
9302;17;354
9303;17;361
9304;17;371
9305;17;362
9306;17;365
9307;17;370
9308;17;354
9309;17;370
9310;17;360
9311;17;378
9312;17;364
9313;17;363
9314;17;372
9315;17;381
9316;17;382
9317;17;368
9318;17;372
9320;17;372
9321;17;381
9322;17;380
9323;17;379
9324;17;373
9325;17;375
9326;17;358
9327;17;359
9328;17;369
9329;17;367
9330;17;381
9331;17;353
9332;17;383
9333;17;379
9334;17;371
9335;17;377
9336;17;375
9337;17;374
9338;17;357
9339;17;372
9340;17;355
9341;17;380
9342;17;357
9343;17;372
9344;17;355
9345;17;367
9346;17;378
9347;17;376
9348;17;381
9349;17;371
9350;17;353
9351;17;370
9352;17;356
9353;17;356
9354;17;354
9355;17;379
9356;17;358
9357;17;369
9358;17;358
9359;17;365
9360;17;367
9361;17;357
9362;17;359
9363;17;377
9364;17;364
9365;17;359
9366;17;363
9367;17;375
9368;17;385
9369;17;352
9370;17;367
9371;17;375
9372;17;381
9373;17;372
9374;17;381
9375;17;377
9376;17;369
9377;17;373
9378;17;372
9379;17;352
9380;17;381
9381;17;357
9382;17;352
9383;17;358
9384;17;372
9385;17;368
9386;17;368
9387;17;372
9388;17;381
9389;17;369
9390;17;380
9391;17;352
9392;17;352
9393;17;376
9394;17;367
9395;17;372
9396;17;377
9397;17;375
9398;17;377
9399;17;381
9400;17;368
9401;17;379
9402;17;381
9403;17;377
9404;17;378
9405;17;375
9406;17;376
9407;17;360
9408;17;374
9409;17;381
9410;17;379
9411;17;355
9412;17;352
9413;17;353
9414;17;371
9415;17;381
9416;17;380
9417;17;376
9418;17;384
9419;17;369
9420;17;361
9421;17;360
9422;17;359
9423;17;360
9424;17;359
9425;17;367
9426;17;385
9427;17;373
9428;17;359
9429;17;364
9430;17;384
9431;17;363
9432;17;359
9433;17;355
9434;17;364
9435;17;362
9436;17;384
9437;17;375
9438;17;360
9439;17;355
9440;17;369
9441;17;368
9442;17;361
9443;17;360
9444;17;384
9445;17;362
9446;17;369
9447;17;385
9448;17;353
9449;17;378
9450;17;359
9451;17;364
9452;17;379
9453;17;361
9454;17;360
9455;17;371
9456;17;362
9457;17;359
9458;17;354
9459;17;355
9460;17;383
9461;17;374
9462;17;364
9463;17;355
9464;17;368
9465;17;353
9466;17;357
9467;17;356
9468;17;370
9469;17;370
9470;17;367
9471;17;354
9472;17;383
9473;17;366
9474;17;369
9475;17;367
9476;17;366
9477;17;367
9478;17;368
9479;17;383
9480;17;383
9481;17;353
9482;17;374
9483;17;358
9484;17;355
9485;17;381
9486;17;364
9487;17;359
9488;17;358
9489;17;357
9490;17;356
9491;17;356
9492;17;376
9493;17;356
9494;17;366
9495;17;366
9496;17;366
9497;17;366
9498;17;360
9499;17;356
9500;17;370
9501;17;356
9502;17;369
9503;17;356
9504;17;368
9505;17;369
9506;17;352
9507;17;356
9508;17;381
9509;17;381
9510;17;368
9511;17;368
9512;17;379
9514;17;354
9515;17;365
9516;17;354
9517;17;370
9518;17;382
9519;17;354
9520;17;365
9521;17;383
9522;17;373
9523;17;355
9524;17;375
9525;17;385
9526;17;384
9527;17;362
9528;17;385
9529;17;380
9530;17;386
9531;17;360
9532;17;378
9533;17;381
9534;17;360
9535;17;360
9536;17;376
9537;17;362
9538;17;362
9539;17;380
9540;17;384
9541;17;361
9542;17;359
9543;17;361
9544;17;361
9545;17;383
9546;17;375
9547;17;359
9548;17;364
9549;17;361
9550;17;380
9551;17;362
9552;17;365
9553;17;379
9554;17;359
9555;17;364
9556;17;356
9557;17;377
9558;17;364
9559;17;359
9560;17;359
9561;17;378
9562;17;366
9563;17;358
9564;17;379
9565;17;385
9566;17;374
9567;17;373
9568;17;358
9569;17;355
9570;17;380
9571;17;371
9572;17;358
9573;17;373
9574;17;371
9575;17;373
9576;17;353
9577;17;382
9578;17;371
9579;17;373
9580;17;358
9581;17;373
9582;17;382
9583;17;357
9584;17;382
9585;17;353
9586;17;377
9587;17;382
9588;17;382
9589;17;371
9590;17;371
9591;17;379
9592;17;368
9593;17;379
9594;17;378
9595;17;372
9596;17;361
9597;17;384
9598;17;383
9599;17;356
9600;17;374
9601;17;353
9602;17;372
9603;17;382
9604;17;384
9605;17;363
9606;17;356
9607;17;368
9608;17;379
9609;17;375
9610;17;356
9611;17;381
9612;17;366
9613;17;366
9614;17;370
9615;17;366
9616;17;382
9617;17;375
9618;17;363
9619;17;382
9620;17;370
9621;17;354
9622;17;357
9623;17;357
9624;17;368
9625;17;379
9626;17;365
9627;17;365
9628;17;366
9629;17;376
9630;17;354
9631;17;356
9632;17;358
9633;17;367
9634;17;377
9635;17;386
9636;17;370
9637;17;373
9638;17;371
9639;17;371
9640;17;370
9641;17;359
9642;17;364
9643;17;359
9644;17;363
9645;17;386
9646;17;385
9647;17;374
9648;17;360
9649;17;385
9650;17;369
9651;17;359
9652;17;377
9653;17;386
9654;17;369
9655;17;377
9656;17;359
9657;17;384
9658;17;367
9659;17;381
9660;17;361
9661;17;361
9662;17;361
9663;17;386
9664;17;361
9665;17;374
9666;17;378
9667;17;384
9668;17;381
9669;17;383
9670;17;368
9671;17;374
9672;17;371
9673;17;381
9674;17;381
9675;17;377
9676;17;371
9677;17;382
9678;17;380
9679;17;381
9680;17;372
9681;17;374
9682;17;376
9683;17;373
9684;17;372
9685;17;366
9686;17;354
9687;17;374
9688;17;378
9689;17;383
9690;17;376
9691;17;356
9692;17;354
9693;17;383
9694;17;357
9695;17;365
9696;17;355
9697;17;374
9698;17;369
9699;17;370
9700;17;367
9701;17;374
9702;17;376
9703;17;380
9704;17;359
9705;17;363
9706;17;353
9707;17;353
9708;17;352
9709;17;373
9710;17;358
9711;17;373
9712;17;382
9713;17;380
9714;17;375
9715;17;353
9716;17;378
9717;17;355
9718;17;356
9719;17;372
9720;17;371
9721;17;377
9722;17;367
9723;17;371
9724;17;352
9725;17;382
9726;17;377
9727;17;379
9728;17;372
9729;17;381
9730;17;377
9731;17;372
9732;17;371
9733;17;381
9734;17;357
9735;17;379
9736;17;353
9737;17;367
9738;17;382
9739;17;353
9740;17;379
9741;17;382
9742;17;372
9743;17;382
9744;17;357
9745;17;371
9746;17;371
9747;17;352
9748;17;375
9749;17;381
9750;17;374
9751;17;373
9752;17;353
9753;17;375
9754;17;367
9755;17;380
9756;17;376
9757;17;377
9758;17;379
9759;17;378
9760;17;373
9761;17;365
9762;17;377
9763;17;382
9764;17;383
9765;17;366
9766;17;352
9767;17;366
9768;17;354
9769;17;356
9770;17;358
9771;17;365
9772;17;353
9773;17;353
9774;17;353
9775;17;370
9776;17;377
9777;17;366
9778;17;366
9779;17;365
9780;17;367
9781;17;355
9782;17;374
9783;17;356
9784;17;353
9785;17;355
9786;17;370
9787;17;365
9788;17;367
9789;17;355
9790;17;382
9791;17;380
9792;17;370
9793;17;365
9794;17;370
9795;17;366
9796;17;366
9797;17;368
9798;17;382
9799;17;370
9800;17;358
9801;17;354
9802;17;370
9803;17;354
9804;17;367
9805;17;369
9806;17;375
9807;17;368
9808;17;366
9809;17;354
9810;17;352
9811;17;352
9812;17;365
9813;17;355
9814;17;357
9815;17;358
9816;17;356
9817;17;383
9818;17;354
9819;17;358
9820;17;385
9821;17;384
9822;17;364
9823;17;361
9824;17;360
9825;17;364
9826;17;363
9827;17;384
9828;17;359
9829;17;384
9830;17;357
9832;17;361
9833;17;372
9834;17;360
9835;17;362
9836;17;384
9837;17;372
9838;17;359
9839;17;364
9840;17;362
9841;17;384
9842;17;373
9843;17;359
9844;17;361
9845;17;362
9846;17;362
9847;17;361
9848;17;362
9849;17;364
9850;17;360
9851;17;362
9852;17;358
9853;17;378
9854;17;358
9855;17;355
9856;17;367
9857;17;378
9858;17;375
9859;17;367
9860;17;364
9861;17;357
9862;17;384
9863;17;385
9864;17;371
9865;17;369
9866;17;382
9867;17;382
9868;17;383
9869;17;385
9870;17;380
9871;17;386
9872;17;369
9873;17;370
9874;17;384
9875;17;362
9876;17;353
9878;17;386
9879;17;386
9880;17;386
9881;17;372
9882;17;366
9883;17;374
9884;17;378
9885;17;361
9886;17;363
9887;17;376
9888;17;360
9889;17;371
9890;17;369
9891;17;378
9892;17;361
9893;17;382
9894;17;374
9895;17;375
9896;17;384
9897;17;368
9898;17;380
9899;17;377
9900;17;358
9901;17;377
9902;17;365
9903;17;386
9904;17;371
9905;17;376
9906;17;376
9907;17;358
9908;17;386
9909;17;385
9910;17;377
9911;17;359
9912;17;374
9913;17;367
9914;17;380
9915;17;370
9916;17;380
9917;17;361
9918;17;368
9919;17;375
9920;17;365
9921;17;384
9922;17;375
9923;17;366
9924;17;376
9925;17;369
9926;17;374
9927;17;378
9928;17;386
9929;17;357
9930;17;379
9931;17;385
9932;17;358
9933;17;360
9934;17;360
9935;17;378
9936;17;374
9937;17;353
9938;17;360
9939;17;382
9940;17;365
9941;17;364
9942;17;361
9943;17;378
9944;17;385
9945;17;363
9946;17;363
9947;17;373
9948;17;363
9949;17;358
9950;17;364
9951;17;359
9952;17;384
9953;17;362
9954;17;369
9955;17;381
9956;17;385
9957;17;354
9958;17;358
9959;17;357
9960;17;386
9961;17;363
9962;17;362
9963;17;368
9964;17;383
9965;17;358
9966;17;357
9967;17;371
9968;17;379
9969;17;376
9970;17;381
9971;17;365
9972;17;352
9973;17;383
9974;17;353
9975;17;370
9976;17;366
9977;17;370
9978;17;380
9979;17;368
9980;17;355
9981;17;382
9982;17;373
9983;17;376
9984;17;373
9985;17;383
9986;17;375
9987;17;352
9988;17;367
9989;17;374
9990;17;355
9991;17;358
9992;17;374
9993;17;358
9994;17;353
9995;17;357
9996;17;355
9997;17;353
9998;17;352
9999;17;357
10000;17;372
10001;17;354
10002;17;370
10003;17;380
10004;17;366
10005;17;370
10006;17;386
10007;17;380
10008;17;365
10009;17;369
10010;17;354
10011;17;358
10012;17;374
10013;17;357
10014;17;366
10015;17;367
10016;17;365
10017;17;367
10018;17;356
10019;17;355
10020;17;358
10021;17;356
10022;17;356
10023;17;356
10024;17;370
10025;17;383
10026;17;352
10027;17;370
10028;17;365
10029;17;370
10030;17;368
10031;17;360
10032;17;369
10033;17;358
10034;17;376
10035;17;370
10036;17;371
10037;17;366
10038;17;370
10039;17;380
10040;17;382
10041;17;382
10042;17;365
10043;17;357
10044;17;375
10045;17;379
10046;17;383
10047;17;355
10048;17;372
10049;17;377
10050;17;372
10051;17;357
10052;17;368
10053;17;353
10054;17;375
10055;17;377
10056;17;370
10057;17;383
10059;17;375
10060;17;368
10061;17;355
10062;17;380
10063;17;357
10064;17;352
10065;17;366
10066;17;372
10067;17;375
10068;17;370
10069;17;383
10070;17;352
10071;17;375
10072;17;352
10073;17;352
10074;17;382
10075;17;373
10076;17;381
10077;17;377
10078;17;372
10079;17;382
10080;17;373
10081;17;381
10082;17;367
10083;17;367
10084;17;367
10085;17;367
10086;17;383
10087;17;367
10088;17;367
10089;17;354
10090;17;370
10091;17;367
10092;17;365
10093;17;357
10094;17;352
10095;17;356
10096;17;354
10097;17;365
10098;17;353
10099;17;375
10100;17;373
10101;17;365
10102;17;383
10103;17;372
10104;17;383
10105;17;366
10106;17;361
10107;17;385
10108;17;384
10109;17;364
10110;17;364
10111;17;356
10112;17;378
10113;17;353
10114;17;384
10115;17;385
10116;17;362
10117;17;361
10118;17;361
10119;17;357
10120;17;361
10122;17;358
10123;17;385
10124;17;382
10125;17;384
10126;17;381
10127;17;375
10128;17;385
10129;17;374
10130;17;359
10131;17;386
10133;17;376
10134;17;367
10135;17;376
10136;17;386
10137;17;375
10138;17;364
10139;17;372
10140;17;368
10141;17;376
10142;17;373
10143;17;371
10144;17;372
10145;17;363
10146;17;378
10147;17;362
10148;17;382
10149;17;376
10150;17;354
10151;17;355
10152;17;358
10153;17;354
10154;17;357
10155;17;353
10156;17;358
10157;17;370
10158;17;381
10159;17;382
10160;17;368
10161;17;381
10162;17;377
10163;17;371
10164;17;373
10165;17;381
10166;17;357
10167;17;365
10168;17;374
10169;17;370
10170;17;384
10171;17;360
10172;17;368
10173;17;384
10175;17;358
10176;17;368
10177;17;367
10178;17;359
10179;17;366
10180;17;362
10181;17;374
10182;17;369
10183;17;374
10184;17;380
10185;17;373
10186;17;374
10187;17;371
10188;17;360
10189;17;380
10190;17;377
10191;17;373
10192;17;364
10193;17;364
10194;17;382
10195;17;361
10196;17;383
10197;17;379
10198;17;382
10199;17;373
10200;17;374
10201;17;378
10202;17;362
10203;17;383
10204;17;369
10205;17;355
10206;17;380
10207;17;385
10208;17;385
10209;17;362
10210;17;376
10211;17;385
10212;17;386
10213;17;361
10214;17;381
10215;17;379
10216;17;386
10217;17;369
10218;17;378
10219;17;378
10220;17;361
10221;17;376
10222;17;361
10223;17;374
10224;17;385
10225;17;363
10226;17;362
10227;17;379
10228;17;354
10230;17;379
10231;17;364
10232;17;374
10233;17;371
10234;17;372
10235;17;372
10236;17;379
10237;17;378
10238;17;376
10239;17;375
10240;17;383
10241;17;358
10242;17;373
10243;17;371
10244;17;376
10245;17;376
10246;17;378
10247;17;368
10248;17;382
10249;17;369
10250;17;382
10251;17;377
10252;17;364
10253;17;382
10254;17;364
10255;17;376
10256;17;372
10257;17;361
10258;17;376
10259;17;374
10260;17;386
10261;17;368
10262;17;379
10263;17;374
10264;17;358
10265;17;377
10266;17;358
10267;17;358
10268;17;380
10269;17;363
10270;17;381
10271;17;368
10272;17;362
10273;17;379
10274;17;386
10275;17;373
10276;17;375
10277;17;364
10278;17;386
10280;17;386
10281;17;376
10282;17;377
10283;17;378
10284;17;380
10285;17;381
10286;17;370
10287;17;377
10288;17;356
10289;17;386
10290;17;355
10291;17;374
10292;17;382
10293;17;358
10294;17;375
10295;17;369
10296;17;367
10297;17;364
10298;17;372
10299;17;380
10300;17;382
10301;17;361
10302;17;361
10303;17;364
10304;17;385
10305;17;358
10306;17;357
10307;17;360
10308;17;360
10309;17;364
10310;17;386
10311;17;382
10312;17;381
10313;17;354
10314;17;378
10315;17;376
10316;17;368
10317;17;380
10318;17;361
10319;17;371
10320;17;376
10321;17;385
10322;17;361
10323;17;363
10324;17;372
10325;17;358
10326;17;382
10327;17;371
10328;17;356
10329;17;358
10330;17;362
10331;17;379
10332;17;383
10333;17;369
10334;17;382
10335;17;382
10336;17;383
10337;17;376
10338;17;382
10339;17;358
10340;17;377
10341;17;377
10342;17;358
10343;17;379
10344;17;365
10345;17;380
10346;17;355
10347;17;371
10348;17;374
10349;17;368
10350;17;375
10351;17;378
10352;17;369
10353;17;381
10354;17;368
10355;17;363
10356;17;357
10357;17;385
10358;17;358
10359;17;377
10360;17;352
10361;17;373
10362;17;373
10363;17;358
10364;17;386
10365;17;370
10366;17;380
10367;17;384
10368;17;370
10369;17;374
10370;17;360
10371;17;374
10372;17;374
10373;17;373
10374;17;374
10375;17;382
10376;17;386
10377;17;356
10378;17;360
10379;17;356
10380;17;377
10381;17;383
10382;17;377
10383;17;385
10384;17;365
12101;2;16
12102;2;16
12103;2;16
12104;2;16
12105;2;16
12106;2;16
12107;2;16
12108;2;16
12109;2;16
12110;2;16
12111;2;16
12112;2;16
12113;2;16
12114;2;16
12115;2;16
12116;2;16
12117;2;16
12118;2;16
12119;2;16
12120;2;16
12121;2;16
12122;2;16
12123;2;16
12124;2;16
12125;2;16
12126;2;16
12127;2;16
12128;2;16
12129;2;16
12130;2;16
12131;2;17
12132;2;17
12133;2;17
12134;2;17
12135;2;17
12136;2;17
12137;2;17
12138;2;17
12139;2;17
12140;2;17
12141;2;17
12142;2;17
12143;2;17
12144;2;17
12145;2;17
12146;2;17
12147;2;17
12148;2;17
12149;2;17
12150;2;17
12151;2;17
12152;2;17
12153;2;17
12154;2;17
12155;2;17
12156;2;17
12157;2;17
12158;2;17
12159;2;17
12160;2;17
12161;2;18
12162;2;18
12163;2;18
12164;2;18
12165;2;18
12166;2;18
12167;2;18
12168;2;18
12169;2;18
12170;2;18
12171;2;18
12172;2;18
12173;2;18
12174;2;18
12175;2;18
12176;2;18
12177;2;18
12178;2;18
12179;2;18
12180;2;18
12181;2;18
12182;2;18
12183;2;18
12184;2;18
12185;2;18
12186;2;18
12187;2;18
12188;2;18
12189;2;18
12190;2;18
12191;2;19
12192;2;19
12193;2;19
12194;2;19
12195;2;19
12196;2;19
12197;2;19
12198;2;19
12199;2;19
12200;2;19
12201;2;19
12202;2;19
12203;2;19
12204;2;19
12205;2;19
12206;2;19
12207;2;19
12208;2;19
12209;2;19
12210;2;19
12211;2;19
12212;2;19
12213;2;19
12214;2;19
12215;2;19
12216;2;19
12217;2;19
12218;2;19
12219;2;19
12220;2;19
12221;2;20
12222;2;20
12223;2;20
12224;2;20
12225;2;20
12226;2;20
12227;2;20
12228;2;20
12229;2;20
12230;2;20
12231;2;20
12232;2;20
12233;2;20
12234;2;20
12235;2;20
12236;2;20
12237;2;20
12238;2;20
12239;2;20
12240;2;20
12241;2;20
12242;2;20
12243;2;20
12244;2;20
12245;2;20
12246;2;20
12247;2;20
12248;2;20
12249;2;20
12250;2;20
12251;2;21
12252;2;21
12253;2;21
12254;2;21
12255;2;21
12256;2;21
12257;2;21
12258;2;21
12259;2;21
12260;2;21
12261;2;21
12262;2;21
12263;2;21
12264;2;21
12265;2;21
12266;2;21
12267;2;21
12268;2;21
12269;2;21
12270;2;21
12271;2;21
12272;2;21
12273;2;21
12274;2;21
12275;2;21
12276;2;21
12277;2;21
12278;2;21
12279;2;21
12280;2;21
12281;2;22
12282;2;22
12283;2;22
12284;2;22
12285;2;22
12286;2;22
12287;2;22
12288;2;22
12289;2;22
12290;2;22
12291;2;22
12292;2;22
12293;2;22
12294;2;22
12295;2;22
12296;2;22
12297;2;22
12298;2;22
12299;2;22
12300;2;22
12301;2;22
12302;2;22
12303;2;22
12304;2;22
12305;2;22
12306;2;22
12307;2;22
12308;2;22
12309;2;22
12310;2;22
12311;2;23
12312;2;23
12313;2;23
12314;2;23
12315;2;23
12316;2;23
12317;2;23
12318;2;23
12319;2;23
12320;2;23
12321;2;23
12322;2;23
12323;2;23
12324;2;23
12325;2;23
12326;2;23
12327;2;23
12328;2;23
12329;2;23
12330;2;23
12331;2;23
12332;2;23
12333;2;23
12334;2;23
12335;2;23
12336;2;23
12337;2;23
12338;2;23
12339;2;23
12340;2;23
12341;2;24
12342;2;24
12343;2;24
12344;2;24
12345;2;24
12346;2;24
12347;2;24
12348;2;24
12349;2;24
12350;2;24
12351;2;24
12352;2;24
12353;2;24
12354;2;24
12355;2;24
12356;2;24
12357;2;24
12358;2;24
12359;2;24
12360;2;24
12361;2;24
12362;2;24
12363;2;24
12364;2;24
12365;2;24
12366;2;24
12367;2;24
12368;2;24
12369;2;24
12370;2;24
12371;2;25
12372;2;25
12373;2;25
12374;2;25
12375;2;25
12376;2;25
12377;2;25
12378;2;25
12379;2;25
12380;2;25
12381;2;25
12382;2;25
12383;2;25
12384;2;25
12385;2;25
12386;2;25
12387;2;25
12388;2;25
12389;2;25
12390;2;25
12391;2;25
12392;2;25
12393;2;25
12394;2;25
12395;2;25
12396;2;25
12397;2;25
12398;2;25
12399;2;25
12400;2;25
12401;2;26
12402;2;26
12403;2;26
12404;2;26
12405;2;26
12406;2;26
12407;2;26
12408;2;26
12409;2;26
12410;2;26
12411;2;26
12412;2;26
12413;2;26
12414;2;26
12415;2;26
12416;2;26
12417;2;26
12418;2;26
12419;2;26
12420;2;26
12421;2;26
12422;2;26
12423;2;26
12424;2;26
12425;2;26
12426;2;26
12427;2;26
12428;2;26
12429;2;26
12430;2;26
12431;2;27
12432;2;27
12433;2;27
12434;2;27
12435;2;27
12436;2;27
12437;2;27
12438;2;27
12439;2;27
12440;2;27
12441;2;27
12442;2;27
12443;2;27
12444;2;27
12445;2;27
12446;2;27
12447;2;27
12448;2;27
12449;2;27
12450;2;27
12451;2;27
12452;2;27
12453;2;27
12454;2;27
12455;2;27
12456;2;27
12457;2;27
12458;2;27
12459;2;27
12460;2;27
12461;2;28
12462;2;28
12463;2;28
12464;2;28
12465;2;28
12466;2;28
12467;2;28
12468;2;28
12469;2;28
12470;2;28
12471;2;28
12472;2;28
12473;2;28
12474;2;28
12475;2;28
12476;2;28
12477;2;28
12478;2;28
12479;2;28
12480;2;28
12481;2;28
12482;2;28
12483;2;28
12484;2;28
12485;2;28
12486;2;28
12487;2;28
12488;2;28
12489;2;28
12490;2;28
12491;2;29
12492;2;29
12493;2;29
12494;2;29
12495;2;29
12496;2;29
12497;2;29
12498;2;29
12499;2;29
12500;2;29
12501;2;29
12502;2;29
12503;2;29
12504;2;29
12505;2;29
12506;2;29
12507;2;29
12508;2;29
12509;2;29
12510;2;29
12511;2;29
12512;2;29
12513;2;29
12514;2;29
12515;2;29
12516;2;29
12517;2;29
12518;2;29
12519;2;29
12520;2;29
12521;2;30
12522;2;30
12523;2;30
12524;2;30
12525;2;30
12526;2;30
12527;2;30
12528;2;30
12529;2;30
12530;2;30
12531;2;30
12532;2;30
12533;2;30
12534;2;30
12535;2;30
12536;2;30
12537;2;30
12538;2;30
12539;2;30
12540;2;30
12541;2;30
12542;2;30
12543;2;30
12544;2;30
12545;2;30
12546;2;30
12547;2;30
12548;2;30
12549;2;30
12550;2;30
12551;2;31
12552;2;31
12553;2;31
12554;2;31
12555;2;31
12556;2;31
12557;2;31
12558;2;31
12559;2;31
12560;2;31
12561;2;31
12562;2;31
12563;2;31
12564;2;31
12565;2;31
12566;2;31
12567;2;31
12568;2;31
12569;2;31
12570;2;31
12571;2;31
12572;2;31
12573;2;31
12574;2;31
12575;2;31
12576;2;31
12577;2;31
12578;2;31
12579;2;31
12580;2;31
12581;2;32
12582;2;32
12583;2;32
12584;2;32
12585;2;32
12586;2;32
12587;2;32
12588;2;32
12589;2;32
12590;2;32
12591;2;32
12592;2;32
12593;2;32
12594;2;32
12595;2;32
12596;2;32
12597;2;32
12598;2;32
12599;2;32
12600;2;32
12601;2;32
12602;2;32
12603;2;32
12604;2;32
12605;2;32
12606;2;32
12607;2;32
12608;2;32
12609;2;32
12610;2;32
12611;2;33
12612;2;33
12613;2;33
12614;2;33
12615;2;33
12616;2;33
12617;2;33
12618;2;33
12619;2;33
12620;2;33
12621;2;33
12622;2;33
12623;2;33
12624;2;33
12625;2;33
12626;2;33
12627;2;33
12628;2;33
12629;2;33
12630;2;33
12631;2;33
12632;2;33
12633;2;33
12634;2;33
12635;2;33
12636;2;33
12637;2;33
12638;2;33
12639;2;33
12640;2;33
12641;2;34
12642;2;34
12643;2;34
12644;2;34
12645;2;34
12646;2;34
12647;2;34
12648;2;34
12649;2;34
12650;2;34
12651;2;34
12652;2;34
12653;2;34
12654;2;34
12655;2;34
12656;2;34
12657;2;34
12658;2;34
12659;2;34
12660;2;34
12661;2;34
12662;2;34
12663;2;34
12664;2;34
12665;2;34
12666;2;34
12667;2;34
12668;2;34
12669;2;34
12670;2;34
12671;2;35
12672;2;35
12673;2;35
12674;2;35
12675;2;35
12676;2;35
12677;2;35
12678;2;35
12679;2;35
12680;2;35
12681;2;35
12682;2;35
12683;2;35
12684;2;35
12685;2;35
12686;2;35
12687;2;35
12688;2;35
12689;2;35
12690;2;35
12691;2;35
12692;2;35
12693;2;35
12694;2;35
12695;2;35
12696;2;35
12697;2;35
12698;2;35
12699;2;35
12700;2;35
12701;2;36
12702;2;36
12703;2;36
12704;2;36
12705;2;36
12706;2;36
12707;2;36
12708;2;36
12709;2;36
12710;2;36
12711;2;36
12712;2;36
12713;2;36
12714;2;36
12715;2;36
12716;2;36
12717;2;36
12718;2;36
12719;2;36
12720;2;36
12721;2;36
12722;2;36
12723;2;36
12724;2;36
12725;2;36
12726;2;36
12727;2;36
12728;2;36
12729;2;36
12730;2;36
12731;2;37
12732;2;37
12733;2;37
12734;2;37
12735;2;37
12736;2;37
12737;2;37
12738;2;37
12739;2;37
12740;2;37
12741;2;37
12742;2;37
12743;2;37
12744;2;37
12745;2;37
12746;2;37
12747;2;37
12748;2;37
12749;2;37
12750;2;37
12751;2;37
12752;2;37
12753;2;37
12754;2;37
12755;2;37
12756;2;37
12757;2;37
12758;2;37
12759;2;37
12760;2;37
12761;2;38
12762;2;38
12763;2;38
12764;2;38
12765;2;38
12766;2;38
12767;2;38
12768;2;38
12769;2;38
12770;2;38
12771;2;38
12772;2;38
12773;2;38
12774;2;38
12775;2;38
12776;2;38
12777;2;38
12778;2;38
12779;2;38
12780;2;38
12781;2;38
12782;2;38
12783;2;38
12784;2;38
12785;2;38
12786;2;38
12787;2;38
12788;2;38
12789;2;38
12790;2;38
12791;2;39
12792;2;39
12793;2;39
12794;2;39
12795;2;39
12796;2;39
12797;2;39
12798;2;39
12799;2;39
12800;2;39
12801;2;39
12802;2;39
12803;2;39
12804;2;39
12805;2;39
12806;2;39
12807;2;39
12808;2;39
12809;2;39
12810;2;39
12811;2;39
12812;2;39
12813;2;39
12814;2;39
12815;2;39
12816;2;39
12817;2;39
12818;2;39
12819;2;39
12820;2;39
12821;3;40
12822;3;40
12823;3;40
12824;3;40
12825;3;40
12826;3;40
12827;3;40
12828;3;40
12829;3;40
12830;3;40
12831;3;40
12832;3;40
12833;3;40
12834;3;40
12835;3;40
12836;3;40
12837;3;40
12838;3;40
12839;3;40
12840;3;40
12841;3;40
12842;3;40
12843;3;40
12844;3;40
12845;3;40
12846;3;40
12847;3;40
12848;3;40
12849;3;40
12850;3;40
12851;3;41
12852;3;41
12853;3;41
12854;3;41
12855;3;41
12856;3;41
12857;3;41
12858;3;41
12859;3;41
12860;3;41
12861;3;41
12862;3;41
12863;3;41
12864;3;41
12865;3;41
12866;3;41
12867;3;41
12868;3;41
12869;3;41
12870;3;41
12871;3;41
12872;3;41
12873;3;41
12874;3;41
12875;3;41
12876;3;41
12877;3;41
12878;3;41
12879;3;41
12880;3;41
12881;3;42
12882;3;42
12883;3;42
12884;3;42
12885;3;42
12886;3;42
12887;3;42
12888;3;42
12889;3;42
12890;3;42
12891;3;42
12892;3;42
12893;3;42
12894;3;42
12895;3;42
12896;3;42
12897;3;42
12898;3;42
12899;3;42
12900;3;42
12901;3;42
12902;3;42
12903;3;42
12904;3;42
12905;3;42
12906;3;42
12907;3;42
12908;3;42
12909;3;42
12910;3;42
12911;3;43
12912;3;43
12913;3;43
12914;3;43
12915;3;43
12916;3;43
12917;3;43
12918;3;43
12919;3;43
12920;3;43
12921;3;43
12922;3;43
12923;3;43
12924;3;43
12925;3;43
12926;3;43
12927;3;43
12928;3;43
12929;3;43
12930;3;43
12931;3;43
12932;3;43
12933;3;43
12934;3;43
12935;3;43
12936;3;43
12937;3;43
12938;3;43
12939;3;43
12940;3;43
12941;3;44
12942;3;44
12943;3;44
12944;3;44
12945;3;44
12946;3;44
12947;3;44
12948;3;44
12949;3;44
12950;3;44
12951;3;44
12952;3;44
12953;3;44
12954;3;44
12955;3;44
12956;3;44
12957;3;44
12958;3;44
12959;3;44
12960;3;44
12961;3;44
12962;3;44
12963;3;44
12964;3;44
12965;3;44
12966;3;44
12967;3;44
12968;3;44
12969;3;44
12970;3;44
12971;3;45
12972;3;45
12973;3;45
12974;3;45
12975;3;45
12976;3;45
12977;3;45
12978;3;45
12979;3;45
12980;3;45
12981;3;45
12982;3;45
12983;3;45
12984;3;45
12985;3;45
12986;3;45
12987;3;45
12988;3;45
12989;3;45
12990;3;45
12991;3;45
12992;3;45
12993;3;45
12994;3;45
12995;3;45
12996;3;45
12997;3;45
12998;3;45
12999;3;45
13000;3;45
13001;3;46
13002;3;46
13003;3;46
13004;3;46
13005;3;46
13006;3;46
13007;3;46
13008;3;46
13009;3;46
13010;3;46
13011;3;46
13012;3;46
13013;3;46
13014;3;46
13015;3;46
13016;3;46
13017;3;46
13018;3;46
13019;3;46
13020;3;46
13021;3;46
13022;3;46
13023;3;46
13024;3;46
13025;3;46
13026;3;46
13027;3;46
13028;3;46
13029;3;46
13030;3;46
13031;3;47
13032;3;47
13033;3;47
13034;3;47
13035;3;47
13036;3;47
13037;3;47
13038;3;47
13039;3;47
13040;3;47
13041;3;47
13042;3;47
13043;3;47
13044;3;47
13045;3;47
13046;3;47
13047;3;47
13048;3;47
13049;3;47
13050;3;47
13051;3;47
13052;3;47
13053;3;47
13054;3;47
13055;3;47
13056;3;47
13057;3;47
13058;3;47
13059;3;47
13060;3;47
13061;3;48
13062;3;48
13063;3;48
13064;3;48
13065;3;48
13066;3;48
13067;3;48
13068;3;48
13069;3;48
13070;3;48
13071;3;48
13072;3;48
13073;3;48
13074;3;48
13075;3;48
13076;3;48
13077;3;48
13078;3;48
13079;3;48
13080;3;48
13081;3;48
13082;3;48
13083;3;48
13084;3;48
13085;3;48
13086;3;48
13087;3;48
13088;3;48
13089;3;48
13090;3;48
13091;3;49
13092;3;49
13093;3;49
13094;3;49
13095;3;49
13096;3;49
13097;3;49
13098;3;49
13099;3;49
13100;3;49
13101;3;49
13102;3;49
13103;3;49
13104;3;49
13105;3;49
13106;3;49
13107;3;49
13108;3;49
13109;3;49
13110;3;49
13111;3;49
13112;3;49
13113;3;49
13114;3;49
13115;3;49
13116;3;49
13117;3;49
13118;3;49
13119;3;49
13120;3;49
13121;3;50
13122;3;50
13123;3;50
13124;3;50
13125;3;50
13126;3;50
13127;3;50
13128;3;50
13129;3;50
13130;3;50
13131;3;50
13132;3;50
13133;3;50
13134;3;50
13135;3;50
13136;3;50
13137;3;50
13138;3;50
13139;3;50
13140;3;50
13141;3;50
13142;3;50
13143;3;50
13144;3;50
13145;3;50
13146;3;50
13147;3;50
13148;3;50
13149;3;50
13150;3;50
13151;3;51
13152;3;51
13153;3;51
13154;3;51
13155;3;51
13156;3;51
13157;3;51
13158;3;51
13159;3;51
13160;3;51
13161;3;51
13162;3;51
13163;3;51
13164;3;51
13165;3;51
13166;3;51
13167;3;51
13168;3;51
13169;3;51
13170;3;51
13171;3;51
13172;3;51
13173;3;51
13174;3;51
13175;3;51
13176;3;51
13177;3;51
13178;3;51
13179;3;51
13180;3;51
13181;3;52
13182;3;52
13183;3;52
13184;3;52
13185;3;52
13186;3;52
13187;3;52
13188;3;52
13189;3;52
13190;3;52
13191;3;52
13192;3;52
13193;3;52
13194;3;52
13195;3;52
13196;3;52
13197;3;52
13198;3;52
13199;3;52
13200;3;52
13201;3;52
13202;3;52
13203;3;52
13204;3;52
13205;3;52
13206;3;52
13207;3;52
13208;3;52
13209;3;52
13210;3;52
13211;3;53
13212;3;53
13213;3;53
13214;3;53
13215;3;53
13216;3;53
13217;3;53
13218;3;53
13219;3;53
13220;3;53
13221;3;53
13222;3;53
13223;3;53
13224;3;53
13225;3;53
13226;3;53
13227;3;53
13228;3;53
13229;3;53
13230;3;53
13231;3;53
13232;3;53
13233;3;53
13234;3;53
13235;3;53
13236;3;53
13237;3;53
13238;3;53
13239;3;53
13240;3;53
13241;3;54
13242;3;54
13243;3;54
13244;3;54
13245;3;54
13246;3;54
13247;3;54
13248;3;54
13249;3;54
13250;3;54
13251;3;54
13252;3;54
13253;3;54
13254;3;54
13255;3;54
13256;3;54
13257;3;54
13258;3;54
13259;3;54
13260;3;54
13261;3;54
13262;3;54
13263;3;54
13264;3;54
13265;3;54
13266;3;54
13267;3;54
13268;3;54
13269;3;54
13270;3;54
13271;3;55
13272;3;55
13273;3;55
13274;3;55
13275;3;55
13276;3;55
13277;3;55
13278;3;55
13279;3;55
13280;3;55
13281;3;55
13282;3;55
13283;3;55
13284;3;55
13285;3;55
13286;3;55
13287;3;55
13288;3;55
13289;3;55
13290;3;55
13291;3;55
13292;3;55
13293;3;55
13294;3;55
13295;3;55
13296;3;55
13297;3;55
13298;3;55
13299;3;55
13300;3;55
13301;3;56
13302;3;56
13303;3;56
13304;3;56
13305;3;56
13306;3;56
13307;3;56
13308;3;56
13309;3;56
13310;3;56
13311;3;56
13312;3;56
13313;3;56
13314;3;56
13315;3;56
13316;3;56
13317;3;56
13318;3;56
13319;3;56
13320;3;56
13321;3;56
13322;3;56
13323;3;56
13324;3;56
13325;3;56
13326;3;56
13327;3;56
13328;3;56
13329;3;56
13330;3;56
13331;3;57
13332;3;57
13333;3;57
13334;3;57
13335;3;57
13336;3;57
13337;3;57
13338;3;57
13339;3;57
13340;3;57
13341;3;57
13342;3;57
13343;3;57
13344;3;57
13345;3;57
13346;3;57
13347;3;57
13348;3;57
13349;3;57
13350;3;57
13351;3;57
13352;3;57
13353;3;57
13354;3;57
13355;3;57
13356;3;57
13357;3;57
13358;3;57
13359;3;57
13360;3;57
13361;3;58
13362;3;58
13363;3;58
13364;3;58
13365;3;58
13366;3;58
13367;3;58
13368;3;58
13369;3;58
13370;3;58
13371;3;58
13372;3;58
13373;3;58
13374;3;58
13375;3;58
13376;3;58
13377;3;58
13378;3;58
13379;3;58
13380;3;58
13381;3;58
13382;3;58
13383;3;58
13384;3;58
13385;3;58
13386;3;58
13387;3;58
13388;3;58
13389;3;58
13390;3;58
13391;3;59
13392;3;59
13393;3;59
13394;3;59
13395;3;59
13396;3;59
13397;3;59
13398;3;59
13399;3;59
13400;3;59
13401;3;59
13402;3;59
13403;3;59
13404;3;59
13405;3;59
13406;3;59
13407;3;59
13408;3;59
13409;3;59
13410;3;59
13411;3;59
13412;3;59
13413;3;59
13414;3;59
13415;3;59
13416;3;59
13417;3;59
13418;3;59
13419;3;59
13420;3;59
13421;3;60
13422;3;60
13423;3;60
13424;3;60
13425;3;60
13426;3;60
13427;3;60
13428;3;60
13429;3;60
13430;3;60
13431;3;60
13432;3;60
13433;3;60
13434;3;60
13435;3;60
13436;3;60
13437;3;60
13438;3;60
13439;3;60
13440;3;60
13441;3;60
13442;3;60
13443;3;60
13444;3;60
13445;3;60
13446;3;60
13447;3;60
13448;3;60
13449;3;60
13450;3;60
13451;3;61
13452;3;61
13453;3;61
13454;3;61
13455;3;61
13456;3;61
13457;3;61
13458;3;61
13459;3;61
13460;3;61
13461;3;61
13462;3;61
13463;3;61
13464;3;61
13465;3;61
13466;3;61
13467;3;61
13468;3;61
13469;3;61
13470;3;61
13471;3;61
13472;3;61
13473;3;61
13474;3;61
13475;3;61
13476;3;61
13477;3;61
13478;3;61
13479;3;61
13480;3;61
13481;3;62
13482;3;62
13483;3;62
13484;3;62
13485;3;62
13486;3;62
13487;3;62
13488;3;62
13489;3;62
13490;3;62
13491;3;62
13492;3;62
13493;3;62
13494;3;62
13495;3;62
13496;3;62
13497;3;62
13498;3;62
13499;3;62
13500;3;62
13501;3;62
13502;3;62
13503;3;62
13504;3;62
13505;3;62
13506;3;62
13507;3;62
13508;3;62
13509;3;62
13510;3;62
13511;3;63
13512;3;63
13513;3;63
13514;3;63
13515;3;63
13516;3;63
13517;3;63
13518;3;63
13519;3;63
13520;3;63
13521;3;63
13522;3;63
13523;3;63
13524;3;63
13525;3;63
13526;3;63
13527;3;63
13528;3;63
13529;3;63
13530;3;63
13531;3;63
13532;3;63
13533;3;63
13534;3;63
13535;3;63
13536;3;63
13537;3;63
13538;3;63
13539;3;63
13540;3;63
