PlayerId;Year;Team Id;League Id;GP;G;A;PIM;+/-;PP G;PP A;SH G;SH A;GR;GWG;SOG;FO;FO W;HIT;GvA;TkA;SB;TOI;PPTOI;SHTOI;Fights;Fights Won
1004;2025;99;5;2;0;1;2;-2;0;0;0;0;64;0;1;2;1;5;0;2;2;1431;0;489;0;0
1006;2025;95;5;2;0;0;2;1;0;0;0;0;64;0;1;0;0;2;1;1;3;1826;0;0;0;0
1007;2025;101;5;2;1;0;0;1;0;0;0;0;67;0;4;0;0;3;1;2;4;1613;151;319;0;0
1008;2025;97;5;1;0;0;2;-1;0;0;0;0;47;0;0;1;1;1;1;0;0;885;74;0;0;0
1009;2025;88;5;2;0;0;0;0;0;0;0;0;58;0;3;22;13;2;0;0;0;696;0;554;0;0
1010;2025;98;5;1;0;1;2;1;0;0;0;0;63;0;1;0;0;5;0;0;0;685;0;22;0;0
1011;2025;90;5;2;0;1;4;1;0;0;0;0;54;0;2;22;9;2;0;0;1;1290;47;0;0;0
1012;2025;95;5;1;0;1;0;1;0;0;0;0;59;0;0;1;1;0;0;0;0;344;114;8;0;0
1013;2025;93;5;1;0;0;0;0;0;0;0;0;62;0;3;0;0;1;0;0;0;681;201;141;0;0
1014;2025;90;5;1;1;0;0;1;0;0;0;0;67;0;4;0;0;1;1;1;1;877;83;7;0;0
1015;2025;88;5;2;2;0;2;1;0;0;0;0;52;0;2;0;0;1;1;0;1;1684;9;39;0;0
1017;2025;93;5;1;1;1;0;1;0;0;0;0;71;0;4;13;5;1;1;1;0;969;0;45;0;0
1018;2025;98;5;1;0;0;0;-1;0;0;0;0;50;0;0;0;0;1;0;0;0;498;0;0;0;0
1019;2025;99;5;2;0;0;2;-2;0;0;0;0;87;0;3;0;0;1;2;2;4;1565;668;252;0;0
1021;2025;92;5;2;0;2;2;3;0;0;0;1;59;0;5;0;0;5;1;0;1;1803;0;524;0;0
1022;2025;89;5;2;0;0;0;-1;0;0;0;0;55;0;3;4;3;3;2;0;0;1635;83;0;0;0
1023;2025;89;5;2;1;0;0;1;0;0;0;0;67;0;7;5;2;4;1;1;1;1876;802;12;0;0
1024;2025;91;5;1;0;0;0;0;0;0;0;0;74;0;0;0;0;0;0;2;1;423;37;104;0;0
1025;2025;91;5;1;0;1;0;1;0;0;0;0;63;0;2;3;2;0;0;0;0;596;117;120;0;0
1027;2025;91;5;2;0;0;2;-1;0;0;0;0;59;0;1;0;0;1;1;0;1;1414;0;354;0;0
1028;2025;88;5;2;0;1;4;2;0;0;0;0;52;0;4;8;5;1;0;0;1;955;0;124;0;0
1029;2025;94;5;1;0;1;0;-1;0;1;0;0;67;0;2;11;6;0;0;1;0;384;223;0;0;0
1030;2025;97;5;1;0;0;0;-2;0;0;0;0;47;0;0;3;1;0;1;0;1;508;0;118;0;0
1032;2025;101;5;2;1;1;2;2;0;0;0;0;58;1;7;6;2;0;2;0;1;1694;107;40;0;0
1033;2025;97;5;2;0;0;0;-2;0;0;0;0;67;0;0;0;0;1;0;2;7;1606;0;291;0;0
1034;2025;95;5;1;0;0;2;1;0;0;0;0;63;0;3;4;2;4;0;0;1;829;239;72;0;0
1035;2025;88;5;2;0;0;0;0;0;0;0;0;57;0;0;2;1;4;1;1;1;1720;316;61;0;0
1036;2025;90;5;2;0;0;2;-1;0;0;0;0;70;0;1;0;0;1;0;1;11;1844;0;450;0;0
1037;2025;94;5;1;0;1;0;1;0;0;0;0;59;0;3;4;4;1;1;0;1;611;0;99;0;0
1038;2025;96;5;1;0;0;0;1;0;0;0;0;53;0;0;0;0;1;0;0;0;637;0;0;0;0
1039;2025;101;5;1;0;0;0;0;0;0;0;0;55;0;1;0;0;1;0;0;0;431;0;387;0;0
1040;2025;98;5;1;0;0;0;0;0;0;0;0;55;0;2;0;0;2;0;1;0;466;0;0;0;0
1041;2025;94;5;2;0;1;0;-2;0;1;0;0;57;0;1;37;25;2;3;0;0;1912;283;85;0;0
1043;2025;94;5;2;0;0;0;0;0;0;0;0;57;0;3;0;0;1;0;1;1;1903;365;71;0;0
1044;2025;89;5;2;0;0;4;2;0;0;0;0;61;0;6;0;0;2;0;1;1;1744;398;104;0;0
1046;2025;97;5;2;0;0;0;0;0;0;0;0;57;0;5;22;9;1;1;4;2;1378;624;0;0;0
1047;2025;98;5;2;0;1;0;0;0;0;0;0;59;0;3;16;6;1;0;0;1;1122;136;73;0;0
1048;2025;92;5;1;0;0;0;0;0;0;0;0;55;0;2;0;0;1;0;0;1;761;0;6;0;0
1050;2025;95;5;1;0;2;0;1;0;1;0;0;74;0;4;15;9;0;0;0;0;748;239;0;0;0
1051;2025;99;5;1;0;0;0;-1;0;0;0;0;52;0;2;12;4;1;0;0;0;730;25;78;0;0
1052;2025;94;5;2;0;1;0;-1;0;0;0;0;53;0;1;0;0;3;0;1;2;1226;33;279;0;0
1054;2025;90;5;2;0;0;0;-1;0;0;0;0;56;0;3;0;0;1;0;0;0;1876;89;50;0;0
1055;2025;96;5;1;0;0;0;-1;0;0;0;0;49;0;1;2;1;1;1;0;0;432;0;81;0;0
1056;2025;90;5;2;0;0;0;-1;0;0;0;0;64;0;2;0;0;5;0;1;5;1934;299;165;0;0
1057;2025;100;5;2;0;0;0;0;0;0;0;0;65;0;0;0;0;1;0;0;2;1451;0;136;0;0
1058;2025;96;5;2;0;0;2;-2;0;0;0;0;59;0;3;0;0;2;0;0;1;1459;384;145;0;0
1059;2025;98;5;2;1;0;0;-1;0;0;0;0;59;0;7;1;0;2;1;0;0;1513;459;137;0;0
1060;2025;100;5;1;0;0;0;0;0;0;0;0;64;0;3;0;0;0;1;0;0;921;388;0;0;0
1061;2025;89;5;2;0;1;0;1;0;1;0;0;65;0;3;0;0;1;0;1;2;797;525;65;0;0
1062;2025;100;5;2;1;0;0;1;1;0;0;0;65;1;5;0;0;4;1;1;2;1914;756;112;0;0
1063;2025;97;5;2;0;0;2;-3;0;0;0;0;67;0;2;0;0;4;2;3;6;1609;34;241;0;0
1064;2025;91;5;1;0;0;0;1;0;0;0;0;53;0;0;3;0;0;0;0;1;634;0;56;0;0
1065;2025;99;5;2;1;1;2;-1;0;1;0;0;64;1;5;0;0;5;0;2;5;1512;92;369;0;0
1066;2025;95;5;2;1;0;2;1;0;0;0;0;59;0;4;30;14;0;5;1;0;1848;138;131;0;0
1067;2025;97;5;2;0;0;2;-1;0;0;0;0;63;0;3;26;13;1;2;1;2;1582;720;53;0;0
1068;2025;96;5;1;0;0;0;0;0;0;0;0;51;0;0;1;1;0;0;0;0;332;0;0;0;0
1069;2025;96;5;2;0;0;0;-1;0;0;0;0;63;0;2;0;0;1;0;0;2;1438;131;218;0;0
1070;2025;88;5;2;0;2;0;1;0;0;0;0;64;0;5;0;0;3;0;3;1;1522;320;0;0;0
1071;2025;99;5;2;0;0;0;-1;0;0;0;0;62;0;4;0;0;2;0;1;1;1481;0;226;0;0
1072;2025;92;5;1;0;0;0;1;0;0;0;0;64;0;1;13;7;3;3;0;0;1094;128;275;0;0
1073;2025;88;5;2;0;0;4;0;0;0;0;0;51;0;1;3;1;1;0;0;1;769;0;40;0;0
1075;2025;92;5;2;0;0;0;-1;0;0;0;0;66;0;2;26;9;5;1;1;2;1517;0;259;0;0
1076;2025;96;5;2;0;1;0;2;0;0;0;0;72;0;6;0;0;5;0;0;0;1695;495;0;0;0
1077;2025;93;5;1;0;0;0;0;0;0;0;0;53;0;0;0;0;2;0;1;0;451;0;0;0;0
1080;2025;99;5;2;1;1;0;-1;1;0;0;0;61;0;7;3;2;1;1;0;1;1528;228;81;0;0
1081;2025;89;5;2;1;1;0;0;0;0;0;0;61;1;8;0;0;0;0;0;2;1602;0;306;0;0
1083;2025;93;5;2;0;0;0;0;0;0;0;0;59;0;6;2;1;0;0;0;5;1183;532;0;0;0
1084;2025;93;5;2;0;0;2;0;0;0;0;0;59;0;2;19;9;2;1;0;1;1397;115;137;0;0
1085;2025;100;5;2;0;0;0;0;0;0;0;0;52;0;0;0;0;2;0;0;0;683;0;112;0;0
1086;2025;88;5;2;1;0;4;1;0;0;0;0;62;1;2;3;0;1;1;0;0;1421;80;326;0;0
1087;2025;98;5;2;0;0;0;1;0;0;0;0;61;0;0;0;0;2;0;0;0;1213;0;215;0;0
1088;2025;101;5;2;0;0;0;2;0;0;0;0;62;0;3;10;6;4;0;0;3;1632;0;485;0;0
1089;2025;98;5;1;0;0;0;1;0;0;0;0;70;0;0;10;6;1;1;1;1;652;0;100;0;0
1091;2025;99;5;2;0;0;4;-1;0;0;0;0;73;0;3;0;0;3;1;0;6;1505;229;429;0;0
1093;2025;93;5;1;0;1;0;1;0;0;0;0;59;0;1;0;0;0;1;1;2;733;0;30;0;0
1094;2025;90;5;1;0;0;0;0;0;0;0;0;53;0;1;0;0;0;0;0;0;459;0;0;0;0
1095;2025;94;5;2;1;0;0;-1;0;0;0;0;63;1;5;0;0;2;1;1;2;1871;352;43;0;0
1096;2025;93;5;1;0;0;0;-1;0;0;0;0;55;0;2;19;9;1;0;0;0;806;331;0;0;0
1097;2025;100;5;1;0;0;0;0;0;0;0;0;50;0;0;0;0;0;0;0;0;316;0;0;0;0
1098;2025;96;5;1;0;0;0;-1;0;0;0;0;62;0;1;14;9;0;0;1;0;789;159;0;0;0
1099;2025;99;5;1;0;0;0;0;0;0;0;0;49;0;0;7;4;0;0;0;0;380;0;42;0;0
1100;2025;100;5;2;0;1;0;1;0;0;0;0;61;0;1;0;0;2;1;0;1;1711;163;0;0;0
1101;2025;97;5;2;0;0;0;0;0;0;0;0;53;0;0;0;0;1;0;0;0;1034;64;64;0;0
1102;2025;99;5;2;0;0;0;1;0;0;0;0;53;0;0;0;0;2;0;0;0;944;0;58;0;0
1103;2025;94;5;1;0;0;0;1;0;0;0;0;55;0;0;0;0;1;0;0;2;734;0;11;0;0
1105;2025;101;5;2;1;2;14;2;0;1;0;0;63;0;3;1;1;1;0;1;1;1414;107;32;0;0
1108;2025;98;5;1;0;0;0;0;0;0;0;0;60;0;0;0;0;0;0;0;0;383;0;87;0;0
1109;2025;96;5;2;1;0;0;0;0;0;0;0;50;0;1;0;0;1;1;0;0;968;25;217;0;0
1110;2025;94;5;2;0;1;2;-1;0;0;0;0;52;0;1;1;1;0;2;1;1;1822;0;147;0;0
1111;2025;101;5;2;1;2;6;3;1;0;0;0;57;0;6;0;0;0;1;0;0;1602;52;0;0;0
1112;2025;93;5;1;0;0;0;-1;0;0;0;0;60;0;1;0;0;0;1;0;5;886;336;0;0;0
1114;2025;88;5;2;1;1;2;0;0;0;0;0;66;0;2;21;8;3;1;2;0;1723;80;138;0;0
1115;2025;89;5;2;0;0;2;0;0;0;0;0;59;0;2;0;0;5;0;0;2;1989;38;189;0;0
1117;2025;88;5;2;0;1;2;1;0;0;0;0;65;0;3;18;14;1;0;1;2;1405;235;83;0;0
1118;2025;92;5;1;0;0;12;0;0;0;0;0;49;0;1;0;0;0;0;0;0;283;0;0;0;0
1119;2025;95;5;2;0;0;0;-1;0;0;0;0;52;0;0;0;0;2;0;2;0;1015;71;5;0;0
1120;2025;94;5;1;0;0;0;-1;0;0;0;0;49;0;0;1;0;0;0;0;0;417;0;0;0;0
1121;2025;93;5;2;0;0;0;1;0;0;0;0;56;0;1;0;0;2;3;1;0;1621;210;329;0;0
1122;2025;89;5;1;0;0;0;0;0;0;0;0;50;0;1;0;0;0;0;0;0;338;0;0;0;0
1123;2025;96;5;1;0;0;0;-1;0;0;0;0;49;0;0;0;0;0;0;0;0;567;0;11;0;0
1124;2025;91;5;1;0;0;0;0;0;0;0;0;60;0;0;0;0;1;0;2;1;378;137;72;0;0
1125;2025;95;5;2;0;1;0;1;0;0;0;0;63;0;5;23;8;1;0;0;1;1065;564;92;0;0
1126;2025;90;5;1;0;0;0;0;0;0;0;0;68;0;4;3;3;1;0;0;0;855;265;52;0;0
1128;2025;89;5;2;0;0;0;-1;0;0;0;0;58;0;6;19;7;1;0;2;1;1281;0;147;0;0
1130;2025;88;5;2;0;0;2;-1;0;0;0;0;58;0;3;1;0;0;0;1;0;1123;85;213;0;0
1131;2025;96;5;2;0;0;2;-1;0;0;0;0;56;0;2;2;1;3;1;0;0;1697;261;173;0;0
1132;2025;94;5;2;2;0;2;2;0;0;0;0;58;0;6;0;0;0;1;0;1;1508;0;17;0;0
1134;2025;94;5;1;0;0;2;0;0;0;0;0;61;0;2;7;2;1;0;1;1;495;29;141;0;0
1135;2025;94;5;2;0;1;0;-2;0;1;0;0;62;0;4;0;0;2;0;1;1;1959;166;73;0;0
1138;2025;97;5;1;0;0;0;-1;0;0;0;0;56;0;0;7;1;0;0;1;1;702;64;0;0;0
1140;2025;97;5;2;0;0;2;-2;0;0;0;0;63;0;0;0;0;3;0;2;3;1245;74;161;0;0
1141;2025;91;5;2;0;1;12;0;0;0;0;0;55;0;2;19;11;4;4;0;0;1804;0;274;0;0
1142;2025;91;5;1;0;0;0;1;0;0;0;0;65;0;0;6;3;0;1;0;0;389;0;140;0;0
1143;2025;93;5;1;0;0;2;0;0;0;0;0;81;0;1;1;0;1;1;0;1;911;90;221;0;0
1144;2025;94;5;2;1;3;2;-1;0;2;0;0;68;0;3;1;0;5;2;2;2;2110;382;38;0;0
1145;2025;88;5;2;0;0;2;3;0;0;0;0;80;0;2;0;0;1;0;1;3;1677;90;565;0;0
1146;2025;93;5;1;0;0;2;-1;0;0;0;0;54;0;1;0;0;2;0;0;1;785;268;0;0;0
1147;2025;97;5;1;0;0;0;-1;0;0;0;0;58;0;0;3;1;1;0;0;0;447;27;166;0;0
1148;2025;95;5;1;0;0;0;0;0;0;0;0;50;0;0;0;0;0;0;0;0;274;0;0;0;0
1149;2025;88;5;1;1;0;0;0;0;0;0;0;41;0;2;4;1;2;0;0;0;1001;0;134;0;0
1150;2025;99;5;1;0;0;2;0;0;0;0;0;58;0;1;8;6;1;0;1;0;752;0;41;0;0
1152;2025;94;5;1;0;0;0;-1;0;0;0;0;54;0;2;0;0;1;0;0;0;417;0;76;0;0
1153;2025;95;5;1;1;0;0;2;0;0;0;0;65;0;2;16;11;1;0;0;0;1008;0;178;0;0
1154;2025;98;5;2;0;1;0;-1;0;0;0;0;67;0;2;39;22;1;0;0;3;1724;735;21;0;0
1155;2025;98;5;2;1;1;0;1;0;0;0;0;64;0;3;0;0;2;0;0;4;1485;747;203;0;0
1156;2025;98;5;2;1;0;2;3;0;0;0;0;64;0;5;0;0;4;0;1;0;1651;479;35;0;0
1157;2025;98;5;1;0;0;0;-1;0;0;0;0;46;0;0;0;0;0;1;0;0;512;0;0;0;0
1158;2025;93;5;2;0;0;0;1;0;0;0;0;56;0;2;0;0;2;0;0;1;1056;0;172;0;0
1159;2025;91;5;1;0;1;0;1;0;0;0;0;51;0;1;0;0;0;1;0;0;331;0;45;0;0
1160;2025;90;5;1;0;0;0;-1;0;0;0;0;45;0;1;0;0;1;1;0;0;448;0;0;0;0
1161;2025;100;5;1;0;0;0;-1;0;0;0;0;46;0;1;9;4;1;1;0;0;340;0;0;0;0
1162;2025;101;5;2;0;2;2;1;0;0;0;0;66;0;6;0;0;2;0;3;1;1456;108;307;0;0
1163;2025;88;5;1;0;0;0;2;0;0;0;0;62;0;3;0;0;1;0;0;1;644;0;46;0;0
1164;2025;94;5;1;0;0;0;0;0;0;0;0;53;0;0;0;0;0;0;0;1;906;113;183;0;0
1165;2025;99;5;2;0;1;2;-2;0;1;0;0;55;0;1;5;2;0;1;2;0;1446;25;319;0;0
1166;2025;91;5;2;0;0;4;0;0;0;0;0;62;0;2;21;11;3;2;0;0;1874;0;154;0;0
1168;2025;92;5;1;2;1;0;3;0;0;0;0;70;1;3;16;10;1;1;0;1;870;0;0;0;0
1169;2025;91;5;2;1;1;0;-1;0;1;0;0;60;0;6;11;4;1;1;0;2;1625;705;131;0;0
1170;2025;96;5;1;0;0;0;1;0;0;0;0;69;0;2;14;8;0;0;1;0;759;0;0;0;0
1171;2025;95;5;1;0;0;0;0;0;0;0;0;48;0;2;0;0;0;1;0;0;285;0;0;0;0
1172;2025;92;5;1;0;0;0;-1;0;0;0;0;53;0;1;0;0;3;0;1;0;831;103;0;0;0
1173;2025;94;5;1;0;1;0;1;0;0;0;0;66;0;0;1;1;2;0;2;1;862;0;0;0;0
1174;2025;93;5;1;0;0;0;0;0;0;0;0;81;0;0;0;0;0;0;1;3;309;0;268;0;0
1175;2025;92;5;2;0;0;2;0;0;0;0;0;61;0;2;26;10;2;1;1;1;1516;204;6;0;0
1176;2025;97;5;2;0;0;0;-2;0;0;0;0;62;0;1;0;0;2;0;2;1;1508;634;110;0;0
1177;2025;100;5;1;0;0;0;0;0;0;0;0;55;0;1;5;3;2;0;0;1;316;0;53;0;0
1178;2025;91;5;2;0;0;2;-1;0;0;0;0;62;0;1;0;0;2;2;1;3;1617;374;127;0;0
1179;2025;100;5;2;0;0;0;0;0;0;0;0;63;0;1;0;0;6;0;0;2;1458;0;136;0;0
1180;2025;101;5;2;0;1;0;0;0;1;0;0;58;0;2;0;0;1;0;0;1;1513;9;163;0;0
1181;2025;101;5;2;0;1;0;1;0;0;0;0;64;0;1;0;0;0;0;0;0;1552;500;190;0;0
1182;2025;88;5;2;0;0;0;-1;0;0;0;0;55;0;0;0;0;2;0;0;0;1191;0;225;0;0
1183;2025;90;5;1;0;0;0;0;0;0;0;0;58;0;0;3;1;0;0;0;2;742;0;0;0;0
1184;2025;92;5;1;0;0;0;-1;0;0;0;0;64;0;4;1;0;1;1;2;1;531;0;150;0;0
1185;2025;99;5;2;0;0;0;-2;0;0;0;0;69;0;2;0;0;6;3;2;4;1492;0;398;0;0
1186;2025;89;5;2;0;0;14;-1;0;0;0;0;48;0;2;0;0;16;1;1;1;1900;0;222;0;0
1187;2025;89;5;2;0;1;4;2;0;0;0;0;70;0;2;0;0;1;2;4;3;1773;563;69;0;0
1188;2025;98;5;2;0;0;2;0;0;0;0;0;55;0;0;0;0;1;0;2;1;1202;105;113;0;0
1189;2025;97;5;1;0;0;0;0;0;0;0;0;60;0;3;0;0;0;0;0;0;781;231;0;0;0
1190;2025;96;5;2;0;1;14;1;0;0;0;0;71;0;8;0;0;6;2;1;2;1347;247;200;0;0
1191;2025;91;5;1;0;0;2;0;0;0;0;0;68;0;2;0;0;2;0;1;0;727;82;45;0;0
1192;2025;91;5;2;0;1;0;2;0;0;0;0;59;0;0;14;8;2;0;0;0;972;0;119;0;0
1194;2025;97;5;2;0;0;0;-3;0;0;0;0;51;0;2;23;6;0;1;1;2;1199;37;334;0;0
1195;2025;99;5;1;0;0;0;-1;0;0;0;0;54;0;0;24;9;1;1;1;2;1002;98;178;0;0
1196;2025;95;5;1;0;0;2;0;0;0;0;0;61;0;0;0;0;1;0;1;1;567;11;98;0;0
1197;2025;92;5;1;0;0;0;0;0;0;0;0;58;0;1;4;3;1;0;0;0;522;0;139;0;0
1198;2025;101;5;2;1;2;2;3;0;0;0;0;64;0;9;25;16;7;0;0;0;1721;0;63;0;0
1199;2025;100;5;1;0;0;0;0;0;0;0;0;62;0;2;9;5;1;0;1;0;749;0;49;0;0
1200;2025;99;5;2;0;1;2;1;0;0;0;0;64;0;1;2;1;0;2;3;0;1647;236;118;0;0
1202;2025;88;5;2;0;1;0;0;0;0;0;0;61;0;3;0;0;2;0;2;1;1080;230;240;0;0
1204;2025;96;5;1;0;0;0;-1;0;0;0;0;49;0;0;8;3;1;0;0;0;413;0;116;0;0
1205;2025;89;5;2;0;0;0;-1;0;0;0;0;66;0;4;0;0;0;1;1;2;1331;0;334;0;0
1206;2025;90;5;2;0;0;6;0;0;0;0;0;57;0;0;0;0;1;1;1;4;1922;117;95;0;0
1207;2025;99;5;2;1;1;0;1;0;1;0;0;71;0;8;0;0;3;0;2;1;1769;98;42;0;0
1208;2025;91;5;1;0;0;0;0;0;0;0;0;52;0;4;0;0;1;0;0;0;907;0;0;0;0
1209;2025;91;5;2;1;0;0;1;0;0;0;0;70;1;9;0;0;1;1;1;4;1910;744;38;0;0
1210;2025;98;5;2;0;0;0;0;0;0;0;0;61;0;6;1;1;3;0;1;1;1327;6;91;0;0
1211;2025;97;5;2;0;0;0;-1;0;0;0;0;69;0;1;4;1;4;2;0;0;1470;14;178;0;0
1212;2025;93;5;2;0;0;2;-1;0;0;0;0;60;0;2;8;3;2;1;3;1;2003;55;284;0;0
1213;2025;95;5;2;0;2;0;0;0;0;0;0;71;0;5;5;1;6;1;2;1;1569;351;69;0;0
1215;2025;97;5;2;0;0;2;-2;0;0;0;0;70;0;2;4;2;3;0;1;1;1596;636;175;0;0
1216;2025;96;5;2;0;1;0;2;0;0;0;0;61;0;4;0;0;4;0;1;3;1701;182;326;0;0
1217;2025;94;5;2;0;0;0;1;0;0;0;0;59;0;4;17;8;2;0;0;0;1300;121;103;0;0
1218;2025;100;5;2;0;4;2;-2;0;3;0;0;66;0;7;0;0;4;3;2;4;1840;494;0;0;0
1219;2025;94;5;1;0;1;2;0;0;0;0;0;67;0;5;10;5;3;1;0;0;1054;101;21;0;0
1220;2025;95;5;2;1;1;16;1;0;0;0;0;64;0;8;3;0;4;1;0;1;1689;527;74;0;0
1222;2025;89;5;2;0;1;0;1;0;0;0;0;64;0;9;11;8;4;0;1;1;2028;0;227;0;0
1224;2025;91;5;2;0;0;2;2;0;0;0;0;62;0;5;0;0;1;1;1;1;1824;0;332;0;0
1225;2025;101;5;2;0;0;0;-1;0;0;0;0;63;0;4;31;16;3;0;2;1;1000;553;0;0;0
1226;2025;100;5;2;0;0;0;0;0;0;0;0;55;0;2;0;0;1;1;1;1;2013;67;175;0;0
1227;2025;97;5;2;0;0;2;-2;0;0;0;0;64;0;1;4;2;1;0;1;1;1487;644;0;0;0
1228;2025;95;5;2;1;0;0;-2;1;0;0;0;67;0;4;0;0;1;2;0;3;1983;400;91;0;0
1229;2025;99;5;2;0;1;2;0;0;0;0;0;63;0;5;34;20;4;1;0;0;1327;728;0;0;0
1230;2025;98;5;2;0;0;2;2;0;0;0;0;60;0;1;0;0;1;0;0;1;1576;814;32;0;0
1231;2025;100;5;2;1;1;0;0;0;1;0;0;72;0;10;6;1;4;0;0;0;1624;748;0;0;0
1233;2025;90;5;2;0;0;2;-1;0;0;0;0;61;0;1;0;0;6;1;2;2;1347;0;368;0;0
1234;2025;93;5;2;0;0;0;1;0;0;0;0;65;0;3;0;0;4;1;2;4;1781;210;203;0;0
1235;2025;91;5;2;0;0;0;0;0;0;0;0;64;0;7;2;2;3;1;2;3;1494;534;291;0;0
1236;2025;97;5;2;0;0;0;-3;0;0;0;0;54;0;5;0;0;2;0;1;2;1713;298;196;0;0
1237;2025;88;5;2;0;0;0;1;0;0;0;0;84;0;2;0;0;4;0;2;7;1708;166;379;0;0
1238;2025;98;5;2;0;1;0;2;0;0;0;0;65;0;1;24;13;2;0;1;1;1522;0;239;0;0
1239;2025;98;5;2;0;0;0;0;0;0;0;0;65;0;1;0;0;1;0;0;4;1503;67;192;0;0
1241;2025;91;5;1;0;0;0;0;0;0;0;0;57;0;1;1;1;3;0;0;0;752;146;0;0;0
1242;2025;89;5;2;0;2;0;1;0;0;0;0;67;0;5;22;12;0;0;1;1;1457;0;203;0;0
1243;2025;92;5;2;0;1;2;2;0;0;0;0;63;0;4;1;0;4;1;0;0;1813;204;0;0;0
1244;2025;99;5;2;0;1;0;0;0;1;0;0;60;0;7;0;0;3;1;0;3;1369;652;122;0;0
1245;2025;96;5;2;0;0;2;-2;0;0;0;0;51;0;1;0;0;5;1;0;4;1783;251;467;0;0
1246;2025;96;5;2;1;0;0;-1;0;0;0;0;71;1;8;36;19;1;1;0;2;1789;514;137;0;0
1247;2025;101;5;1;0;0;0;1;0;0;0;0;58;0;0;1;1;1;0;0;0;789;272;0;0;0
1251;2025;92;5;2;1;0;0;1;0;0;1;0;69;0;3;7;5;5;2;0;3;1431;0;341;0;0
1253;2025;93;5;1;0;1;0;1;0;0;0;0;67;0;2;1;1;3;0;0;2;1034;125;0;0;0
1254;2025;90;5;1;0;0;0;0;0;0;0;0;55;0;1;0;0;0;1;1;1;700;0;0;0;0
1256;2025;99;5;2;3;0;0;0;3;0;0;0;68;0;6;0;0;3;0;0;1;657;755;0;0;0
1257;2025;96;5;1;0;0;0;1;0;0;0;0;52;0;3;3;1;0;0;0;1;742;0;0;0;0
1258;2025;92;5;2;0;0;0;0;0;0;0;0;70;0;4;0;0;2;1;0;3;1845;288;15;0;0
1259;2025;100;5;2;1;1;0;0;1;1;0;0;65;0;5;0;0;1;0;0;2;1667;464;0;0;0
1260;2025;96;5;2;1;0;0;2;0;0;0;0;67;0;4;12;5;3;2;1;0;1445;236;400;0;0
1261;2025;100;5;2;0;0;2;-1;0;0;0;0;69;0;2;3;2;4;1;2;0;1792;425;77;0;0
1263;2025;101;5;2;0;0;0;1;0;0;0;0;75;0;1;0;0;0;0;1;7;1629;0;619;0;0
1264;2025;90;5;1;0;0;0;0;0;0;0;0;57;0;0;16;7;0;1;1;0;695;0;252;0;0
1265;2025;90;5;1;0;0;0;-1;0;0;0;0;45;0;0;1;0;0;1;0;0;483;0;0;0;0
1266;2025;94;5;1;0;0;0;1;0;0;0;0;55;0;0;0;0;0;1;0;0;778;17;112;0;0
1268;2025;98;5;1;0;0;0;0;0;0;0;0;53;0;0;0;0;1;0;0;0;507;0;62;0;0
1269;2025;99;5;2;0;2;2;0;0;2;0;0;66;0;4;4;2;2;2;0;1;1569;728;54;0;0
1270;2025;89;5;2;0;0;2;2;0;0;0;0;63;0;5;21;11;0;0;0;1;1840;359;100;0;0
1271;2025;95;5;2;0;0;0;1;0;0;0;0;63;0;4;0;0;2;0;0;6;1559;51;141;0;0
1273;2025;90;5;2;0;1;0;-1;0;0;0;0;50;0;2;2;1;4;1;1;0;1999;97;389;0;0
1274;2025;101;5;2;0;0;0;1;0;0;0;0;68;0;5;0;0;3;3;1;5;1778;552;0;0;0
1275;2025;95;5;2;1;1;0;2;0;0;0;0;58;0;3;2;1;1;2;1;0;1983;192;117;0;0
1276;2025;90;5;2;1;0;2;-2;0;0;0;0;65;0;2;8;6;2;1;2;2;1924;180;166;0;0
1277;2025;89;5;2;0;0;0;0;0;0;0;0;53;0;2;0;0;1;1;0;0;710;83;22;0;0
1278;2025;101;5;2;2;0;2;0;1;0;0;0;65;0;5;34;19;2;0;1;2;1653;107;460;0;0
1279;2025;90;5;2;0;0;0;0;0;0;0;0;60;0;1;0;0;3;3;0;1;1470;76;63;0;0
1280;2025;93;5;2;0;1;2;1;0;0;0;0;66;0;3;0;0;0;1;2;2;1734;178;218;0;0
1281;2025;90;5;2;0;1;2;0;0;0;0;0;57;0;3;4;0;1;2;0;1;1515;403;144;0;0
1282;2025;89;5;2;0;2;2;0;0;1;0;0;70;0;6;4;1;6;1;1;0;1776;840;88;0;0
1283;2025;100;5;1;0;0;0;0;0;0;0;0;60;0;1;4;2;0;0;0;1;722;0;79;0;0
1284;2025;92;5;1;0;0;0;0;0;0;0;0;52;0;0;0;0;1;0;0;0;403;0;0;0;0
1285;2025;88;5;2;0;0;0;0;0;0;0;0;49;0;2;0;0;3;2;0;0;1609;9;183;0;0
1286;2025;96;5;2;0;0;0;-2;0;0;0;0;59;0;1;5;2;3;1;1;0;1771;225;108;0;0
1287;2025;88;5;2;0;0;0;1;0;0;0;0;65;0;2;4;3;1;1;1;1;1472;235;217;0;0
1288;2025;96;5;2;0;0;0;-2;0;0;0;0;72;0;3;14;3;3;1;0;3;1626;176;500;0;0
1289;2025;93;5;2;0;1;0;0;0;0;0;0;74;0;1;0;0;2;0;3;5;1910;150;73;0;0
1290;2025;91;5;2;1;0;0;-1;0;0;0;0;66;0;4;5;1;1;0;1;0;1855;359;138;0;0
1291;2025;98;5;2;0;0;0;-1;0;0;0;0;50;0;5;0;0;0;1;0;2;1552;86;277;0;0
1292;2025;97;5;2;0;0;0;-3;0;0;0;0;56;0;6;16;10;2;0;0;1;1786;348;207;0;0
1293;2025;94;5;2;2;1;0;0;1;0;0;0;64;0;7;4;0;5;2;0;0;2202;127;8;0;0
1294;2025;92;5;2;0;0;4;-1;0;0;0;0;67;0;5;0;0;2;0;2;5;1900;263;120;0;0
1295;2025;92;5;2;0;0;0;0;0;0;0;0;58;0;4;2;1;2;0;0;2;1904;229;0;0;0
1296;2025;98;5;2;0;0;2;0;0;0;0;0;56;0;4;10;6;4;0;0;0;1770;203;247;0;0
1297;2025;100;5;2;0;1;0;1;0;1;0;0;60;0;6;0;0;2;0;0;0;1906;171;57;0;0
1298;2025;95;5;2;0;0;0;1;0;0;0;0;66;0;2;1;1;2;3;0;1;1659;526;136;0;0
1299;2025;95;5;2;2;0;0;3;0;0;0;0;60;1;5;0;0;3;2;0;1;1606;386;199;0;0
1300;2025;90;5;2;0;1;0;-1;0;0;0;0;72;0;4;19;8;0;1;3;0;2036;180;102;0;0
1301;2025;101;5;2;0;1;0;-2;0;1;0;0;61;0;0;2;2;0;1;1;1;1626;553;272;0;0
1302;2025;98;5;2;0;1;4;-1;0;0;0;0;66;0;0;0;0;0;0;2;5;1885;124;165;0;0
1304;2025;91;5;2;1;0;0;-1;1;0;0;0;68;0;8;0;0;1;1;1;2;1704;761;0;0;0
1306;2025;92;5;1;0;0;0;2;0;0;0;0;61;0;0;0;0;1;0;0;0;512;0;129;0;0
1308;2025;89;5;2;0;0;0;1;0;0;0;0;56;0;2;1;0;0;1;0;1;1441;0;174;0;0
1309;2025;90;5;1;0;0;0;0;0;0;0;0;52;0;0;0;0;0;0;0;0;521;0;0;0;0
1310;2025;92;5;2;0;2;0;3;0;0;0;0;62;0;3;2;2;1;1;0;0;1692;103;0;0;0
1311;2025;98;5;2;0;0;0;0;0;0;0;0;53;0;3;5;3;1;0;1;1;1134;0;323;0;0
1312;2025;94;5;2;2;0;0;-1;2;0;0;0;66;0;10;3;1;1;0;1;0;1686;379;0;0;0
1313;2025;100;5;2;2;2;0;1;1;1;0;0;74;0;5;47;26;4;0;0;0;1821;748;130;0;0
1314;2025;94;5;2;0;0;0;0;0;0;0;0;60;0;2;0;0;0;2;2;3;1473;1;32;0;0
1315;2025;88;5;2;0;1;0;1;0;0;0;0;54;0;7;0;0;2;0;0;3;1342;0;582;0;0
1316;2025;95;5;2;0;2;0;1;0;0;0;0;69;0;3;0;0;3;0;2;5;1348;71;128;0;0
1317;2025;93;5;2;0;1;0;-1;0;1;0;0;58;0;2;0;0;3;0;0;4;1972;156;187;0;0
1318;2025;90;5;1;0;0;2;-1;0;0;0;0;52;0;0;0;0;0;1;0;0;718;265;0;0;0
1319;2025;101;5;2;0;1;0;0;0;0;0;0;57;0;2;11;6;3;1;1;1;1146;0;240;0;0
1320;2025;97;5;2;0;0;0;-1;0;0;0;0;59;0;4;0;0;1;1;1;0;1287;305;0;0;0
1321;2025;88;5;2;0;0;2;-1;0;0;0;0;56;0;0;7;4;0;2;0;1;1815;170;61;0;0
1322;2025;89;5;2;1;1;0;1;0;0;0;0;64;0;2;2;0;1;0;0;0;1328;360;0;0;0
1323;2025;97;5;2;0;0;4;-1;0;0;0;0;66;0;3;0;0;1;0;0;2;1437;33;208;0;0
1325;2025;91;5;1;0;0;0;0;0;0;0;0;60;0;1;0;0;2;0;0;3;805;160;129;0;0
1327;2025;91;5;2;0;0;2;-1;0;0;0;0;55;0;2;0;0;1;1;0;2;1191;120;32;0;0
1328;2025;93;5;2;2;0;4;1;1;0;0;0;63;1;2;21;9;3;0;0;0;1544;326;46;0;0
1329;2025;93;5;1;0;0;2;0;0;0;0;0;56;0;1;2;0;4;0;0;0;702;0;132;0;0
1330;2025;99;5;2;0;0;0;0;0;0;0;0;53;0;4;6;3;0;1;0;0;768;0;184;0;0
1331;2025;90;5;1;0;0;0;0;0;0;0;0;64;0;2;3;2;2;1;0;1;759;47;137;0;0
1332;2025;97;5;1;0;0;0;-1;0;0;0;0;49;0;0;0;0;0;0;0;0;372;0;69;0;0
1333;2025;92;5;1;1;0;0;2;0;0;0;0;64;0;1;0;0;0;0;0;2;415;0;150;0;0
1334;2025;100;5;2;0;0;0;0;0;0;0;0;72;0;0;0;0;1;0;0;1;958;0;114;0;0
1335;2025;100;5;1;0;0;0;-1;0;0;0;0;52;0;0;13;5;1;0;1;1;797;0;0;0;0
1336;2025;101;5;1;0;0;0;0;0;0;0;0;52;0;0;0;0;1;0;0;0;325;0;0;0;0
1337;2025;92;5;2;0;0;0;-1;0;0;0;0;58;0;4;0;0;1;1;1;1;1843;0;402;0;0
1338;2025;98;5;1;0;0;0;-1;0;0;0;0;58;0;0;7;5;0;0;0;0;512;0;58;0;0
1339;2025;101;5;1;0;0;0;-1;0;0;0;0;55;0;1;5;2;1;0;0;0;666;229;283;0;0
1340;2025;92;5;1;0;0;0;0;0;0;0;0;64;0;0;2;1;0;0;1;0;519;0;139;0;0
1341;2025;93;5;2;0;1;12;0;0;0;0;0;58;0;1;0;0;0;0;0;1;1059;336;73;0;0
1342;2025;91;5;1;0;0;0;1;0;0;0;0;50;0;0;0;0;0;1;0;1;414;0;82;0;0
1343;2025;95;5;1;0;0;0;-2;0;0;0;0;45;0;1;8;4;0;0;0;0;679;0;0;0;0
1344;2025;97;5;1;0;0;0;-1;0;0;0;0;55;0;0;1;0;2;0;0;0;437;297;0;0;0
1345;2025;90;5;1;0;0;0;0;0;0;0;0;57;0;1;0;0;0;0;1;2;714;47;0;0;0
1346;2025;96;5;2;0;0;0;-1;0;0;0;0;62;0;2;0;0;1;0;1;4;1164;0;503;0;0
1347;2025;99;5;1;0;0;0;-1;0;0;0;0;48;0;0;0;0;0;1;0;0;435;0;54;0;0
1348;2025;100;5;1;0;0;0;0;0;0;0;0;55;0;3;11;6;1;0;0;1;881;0;0;0;0
1349;2025;99;5;1;0;0;0;-1;0;0;0;0;59;0;0;10;4;0;0;0;0;688;245;0;0;0
1350;2025;96;5;2;0;1;2;0;0;0;0;0;57;0;3;0;0;2;0;0;3;975;33;0;0;0
1352;2025;97;5;1;0;0;0;-2;0;0;0;0;45;0;2;0;0;0;0;0;0;512;0;0;0;0
1353;2025;91;5;1;0;0;0;-1;0;0;0;0;48;0;0;0;0;0;0;0;0;308;0;0;0;0
1354;2025;95;5;1;0;0;0;0;0;0;0;0;53;0;1;4;1;0;2;0;0;298;0;81;0;0
1355;2025;101;5;1;0;0;0;0;0;0;0;0;60;0;0;0;0;0;0;0;0;502;0;14;0;0
1357;2025;96;5;1;0;0;2;0;0;0;0;0;45;0;1;2;0;0;1;0;0;317;0;0;0;0
1358;2025;94;5;1;0;0;0;0;0;0;0;0;58;0;1;0;0;0;0;0;0;819;0;36;0;0
1359;2025;92;5;1;0;0;0;0;0;0;0;0;53;0;0;0;0;0;0;0;1;419;44;0;0;0
1360;2025;91;5;1;0;1;0;0;0;1;0;0;62;0;2;11;6;0;1;1;0;271;461;0;0;0
1361;2025;90;5;1;0;0;0;-1;0;0;0;0;43;0;0;6;2;0;0;0;0;375;0;36;0;0
1362;2025;91;5;1;0;1;0;1;0;0;0;0;60;0;0;0;0;1;1;0;0;343;0;210;0;0
1363;2025;96;5;1;0;1;2;1;0;0;0;0;51;0;0;0;0;0;1;0;0;720;0;0;0;0
1364;2025;100;5;1;0;0;0;0;0;0;0;0;50;0;1;0;0;0;0;0;0;316;0;0;0;0
1365;2025;90;5;1;0;0;0;-1;0;0;0;0;48;0;0;0;0;0;0;0;0;324;0;0;0;0
1366;2025;92;5;1;0;0;0;0;0;0;0;0;58;0;2;0;0;0;0;0;0;758;0;150;0;0
1367;2025;95;5;2;0;0;0;2;0;0;0;0;70;0;3;0;0;2;0;0;4;1471;0;321;0;0
1369;2025;101;5;1;0;0;0;0;0;0;0;0;63;0;0;0;0;0;0;0;0;324;0;207;0;0
1370;2025;94;5;1;0;0;0;0;0;0;0;0;51;0;0;0;0;0;0;0;0;385;0;0;0;0
1371;2025;93;5;1;0;0;0;0;0;0;0;0;59;0;0;10;4;1;0;0;1;700;131;0;0;0
1372;2025;100;5;1;0;0;0;-1;0;0;0;0;51;0;0;1;1;1;0;0;1;381;104;0;0;0
1373;2025;92;5;1;0;0;0;0;0;0;0;0;45;0;0;0;0;1;1;0;0;753;0;109;0;0
1374;2025;89;5;1;1;0;0;1;0;0;0;0;62;0;2;0;0;1;0;0;0;295;0;25;0;0
1375;2025;94;5;1;0;0;0;0;0;0;0;0;57;0;0;0;0;1;0;0;0;463;0;32;0;0
1376;2025;96;5;1;0;0;0;0;0;0;0;0;48;0;2;1;0;0;1;0;1;358;0;47;0;0
1377;2025;94;5;1;0;0;0;-1;0;0;0;0;48;0;1;0;0;1;0;0;0;306;0;15;0;0
1378;2025;100;5;2;0;0;0;-2;0;0;0;0;56;0;3;0;0;2;0;0;0;1804;0;114;0;0
1379;2025;90;5;2;0;0;0;-2;0;0;0;0;44;0;1;0;0;1;1;0;0;913;0;186;0;0
1380;2025;100;5;1;0;0;0;-1;0;0;0;0;49;0;1;0;0;1;0;0;0;336;0;0;0;0
1381;2025;89;5;1;0;0;0;0;0;0;0;0;46;0;0;0;0;0;1;0;0;313;0;0;0;0
1382;2025;101;5;2;0;0;2;-1;0;0;0;0;50;0;0;0;0;0;0;0;0;674;0;119;0;0
1383;2025;90;5;1;0;0;0;0;0;0;0;0;59;0;1;0;0;1;0;0;0;437;0;21;0;0
1384;2025;93;5;2;1;0;0;1;0;0;0;0;56;0;3;0;0;0;0;0;1;1008;125;127;0;0
1385;2025;97;5;1;0;0;0;-1;0;0;0;0;45;0;1;2;2;0;0;0;0;335;0;59;0;0
1388;2025;101;5;1;0;0;0;0;0;0;0;0;46;0;0;0;0;0;0;0;0;358;0;0;0;0
1389;2025;101;5;1;0;0;0;-1;0;0;0;0;48;0;1;2;2;1;0;0;0;360;0;212;0;0
1390;2025;89;5;1;0;0;0;0;0;0;0;0;56;0;0;0;0;0;0;0;0;443;0;0;0;0
1391;2025;93;5;1;0;0;0;0;0;0;0;0;57;0;1;1;1;0;0;0;0;263;0;31;0;0
1392;2025;92;5;1;0;0;0;0;0;0;0;0;49;0;0;0;0;0;0;0;1;481;0;0;0;0
1393;2025;93;5;1;0;0;0;0;0;0;0;0;52;0;0;0;0;1;0;0;1;207;55;0;0;0
1394;2025;95;5;2;0;0;0;0;0;0;0;0;52;0;0;0;0;0;0;0;0;615;0;244;0;0
1395;2025;93;5;1;0;0;0;0;0;0;0;0;48;0;0;5;3;0;1;0;0;273;80;75;0;0
1396;2025;97;5;1;0;0;0;0;0;0;0;0;56;0;0;0;0;2;0;0;0;408;0;0;0;0
1399;2025;88;5;2;0;0;0;-1;0;0;0;0;62;0;0;14;8;2;2;0;1;1478;0;393;0;0
1400;2025;104;6;1;0;0;0;-2;0;0;0;0;51;0;2;0;0;0;0;0;2;730;0;0;0;0
1401;2025;118;6;1;0;0;0;-2;0;0;0;0;48;0;0;3;2;0;0;0;1;368;48;0;0;0
1402;2025;112;6;1;0;1;0;1;0;0;0;0;57;0;3;0;0;0;0;0;1;368;97;0;0;0
1404;2025;114;6;2;0;1;0;-1;0;0;0;0;52;0;0;4;1;0;0;0;0;928;0;14;0;0
1405;2025;103;6;1;0;0;0;2;0;0;0;0;75;0;0;0;0;1;0;0;1;711;0;157;0;0
1406;2025;110;6;1;0;0;0;-1;0;0;0;0;58;0;0;0;0;0;0;2;0;817;0;134;0;0
1407;2025;117;6;4;0;0;4;-3;0;0;0;0;50;0;0;0;0;1;0;2;1;1844;99;321;0;0
1408;2025;120;6;6;2;4;0;4;0;0;0;0;60;0;7;2;1;4;0;3;1;4563;319;100;0;0
1409;2025;104;6;1;0;0;0;-1;0;0;0;0;54;0;0;0;0;2;0;0;0;375;0;0;0;0
1410;2025;105;6;5;1;5;4;1;1;2;0;0;68;0;13;77;43;6;0;0;0;4588;1180;182;0;0
1412;2025;107;6;4;0;1;4;-2;0;0;0;0;51;0;2;0;0;0;1;0;0;1941;0;27;0;0
1413;2025;112;6;1;0;0;2;0;0;0;0;0;47;0;0;9;6;0;1;0;0;606;0;0;0;0
1414;2025;123;6;7;4;2;2;7;0;0;1;0;66;0;17;109;55;5;4;3;4;5421;0;1310;0;0
1415;2025;118;6;3;0;1;2;0;0;0;0;0;52;0;1;3;2;0;2;3;1;1492;0;0;0;0
1416;2025;109;6;1;0;0;0;-1;0;0;0;0;62;0;1;1;1;1;0;0;1;916;31;40;0;0
1417;2025;109;6;3;1;1;0;2;0;0;0;0;69;1;6;1;1;4;0;3;1;2557;680;160;0;0
1418;2025;103;6;2;0;0;0;-1;0;0;0;0;57;0;2;0;0;1;0;0;9;1266;0;30;0;0
1421;2025;118;6;2;4;1;2;3;1;1;0;0;62;2;6;0;0;0;2;1;0;1304;170;130;0;0
1422;2025;107;6;6;0;1;6;0;0;0;0;0;59;0;7;0;0;11;1;0;4;4168;172;276;0;0
1423;2025;108;6;7;2;5;4;1;2;0;0;1;62;0;11;33;19;8;8;1;6;5484;1196;1078;0;0
1424;2025;105;6;4;0;1;4;0;0;1;0;0;55;0;9;0;0;2;1;1;2;2198;537;31;0;0
1425;2025;111;6;6;1;1;0;1;0;1;0;0;63;0;10;1;0;9;1;5;4;4064;765;248;0;0
1426;2025;113;6;3;0;0;2;-2;0;0;0;0;51;0;3;9;2;2;0;1;0;1293;0;38;0;0
1427;2025;109;6;3;0;1;0;1;0;0;0;0;55;0;4;1;0;1;1;1;0;1691;54;99;0;0
1429;2025;104;6;1;0;0;2;0;0;0;0;0;55;0;2;0;0;1;2;0;0;845;0;122;0;0
1430;2025;106;6;6;1;1;4;1;1;1;0;0;56;0;13;0;0;1;6;2;1;4339;595;0;0;0
1431;2025;103;6;1;0;2;0;2;0;0;0;0;58;0;0;0;0;0;0;0;0;679;0;0;0;0
1432;2025;116;6;6;1;7;4;2;1;4;0;0;71;0;16;104;49;4;4;2;2;4403;2086;29;0;0
1433;2025;103;6;2;0;0;0;1;0;0;0;0;63;0;2;0;0;2;0;0;5;1249;50;375;0;0
1434;2025;107;6;4;0;2;2;1;0;0;0;0;63;0;12;0;0;5;0;0;3;3548;713;120;0;0
1436;2025;102;6;3;0;0;0;-2;0;0;0;0;52;0;1;19;11;1;0;1;2;1480;233;101;0;0
1437;2025;116;6;6;1;0;0;2;0;0;0;0;54;0;5;1;1;2;1;2;2;3771;217;21;0;0
1439;2025;110;6;1;0;0;0;-1;0;0;0;0;44;0;0;1;1;0;1;0;1;737;0;0;0;0
1440;2025;111;6;1;0;0;0;0;0;0;0;0;53;0;0;0;0;1;0;0;0;284;0;0;0;0
1441;2025;105;6;3;0;0;4;1;0;0;0;0;55;0;4;0;0;2;2;0;2;2139;0;0;0;0
1443;2025;106;6;6;0;1;2;-1;0;0;0;0;55;0;9;4;0;6;4;0;0;4682;128;170;0;0
1444;2025;119;6;1;0;0;0;0;0;0;0;0;54;0;0;2;1;0;1;0;0;614;234;0;0;0
1445;2025;109;6;4;1;3;0;1;1;1;0;0;61;0;9;4;4;0;1;0;0;2924;944;212;0;0
1446;2025;119;6;4;0;0;2;1;0;0;0;0;52;0;2;0;0;2;0;0;1;1501;38;427;0;0
1447;2025;104;6;1;0;0;0;-2;0;0;0;0;45;0;1;0;0;1;0;0;2;752;0;41;0;0
1448;2025;119;6;6;0;5;4;3;0;1;0;0;69;0;18;76;38;5;1;4;4;4605;1300;448;0;0
1449;2025;118;6;1;0;0;2;0;0;0;0;0;49;0;0;0;0;0;0;0;0;295;0;0;0;0
1451;2025;108;6;7;1;0;0;-7;0;0;0;0;51;0;3;3;1;1;3;0;3;3755;610;109;0;0
1452;2025;116;6;6;1;1;4;-1;0;0;0;0;63;1;5;35;18;10;3;2;9;4873;212;1039;0;0
1455;2025;118;6;5;2;0;6;0;2;0;0;0;59;0;15;0;0;3;2;4;3;2846;1415;206;0;0
1457;2025;112;6;1;0;0;0;0;0;0;0;0;50;0;1;0;0;0;0;0;0;289;0;0;0;0
1458;2025;118;6;5;0;0;6;1;0;0;0;0;48;0;0;1;1;1;2;0;0;2860;0;151;0;0
1459;2025;115;6;2;1;1;2;1;0;1;0;0;64;0;8;0;0;0;1;0;0;1246;644;0;0;0
1460;2025;109;6;5;2;1;6;2;0;0;0;0;64;1;14;3;2;3;1;0;4;3126;1245;66;0;0
1461;2025;118;6;1;0;0;0;-2;0;0;0;0;46;0;0;8;1;0;0;0;0;345;0;0;0;0
1462;2025;102;6;4;1;2;0;0;0;0;0;0;70;0;12;5;4;5;2;2;0;2405;1636;0;0;0
1463;2025;110;6;4;0;0;0;-1;0;0;0;0;58;0;1;0;0;2;0;0;5;2356;0;172;0;0
1464;2025;122;6;1;0;1;0;0;0;1;0;0;63;0;1;0;0;2;0;0;0;691;479;0;0;0
1465;2025;112;6;3;1;0;0;2;0;0;0;0;61;0;6;0;0;4;1;0;1;2011;0;854;0;0
1466;2025;107;6;2;0;0;0;-2;0;0;0;0;50;0;3;9;4;1;0;0;0;928;0;0;0;0
1467;2025;109;6;4;1;0;0;4;0;0;0;0;59;0;1;0;0;4;1;0;2;2320;0;428;0;0
1470;2025;116;6;1;0;0;0;-1;0;0;0;0;50;0;0;0;0;0;0;0;1;507;53;0;0;0
1472;2025;104;6;1;0;0;0;-2;0;0;0;0;40;0;0;0;0;1;0;0;1;708;0;165;0;0
1473;2025;109;6;1;0;0;2;-2;0;0;0;0;49;0;0;16;8;0;1;0;0;1044;43;0;0;0
1474;2025;105;6;3;0;0;0;1;0;0;0;0;81;0;1;0;0;4;1;2;13;2229;0;443;0;0
1475;2025;104;6;3;0;0;4;-2;0;0;0;0;50;0;3;32;12;6;2;0;0;1974;0;187;0;0
1476;2025;111;6;6;0;1;0;-1;0;0;0;0;57;0;5;0;0;4;1;2;7;3378;105;761;0;0
1478;2025;114;6;5;1;2;0;-1;0;0;0;0;55;0;3;7;2;6;0;2;3;3822;0;824;0;0
1479;2025;107;6;4;0;1;0;-1;0;0;0;0;57;0;8;37;17;4;0;0;3;2789;145;0;0;0
1480;2025;109;6;4;2;1;0;4;0;0;0;0;59;0;8;0;0;1;1;0;2;2234;425;96;0;0
1481;2025;122;6;1;1;0;2;1;0;0;0;0;60;0;1;1;0;0;0;0;1;573;0;41;0;0
1482;2025;115;6;6;1;1;4;-1;0;1;0;0;55;1;14;0;0;2;4;1;4;4089;1026;171;0;0
1483;2025;105;6;2;0;2;0;-2;0;1;0;0;52;0;3;0;0;1;3;3;1;921;584;0;0;0
1484;2025;119;6;7;2;4;8;4;1;1;0;0;62;0;18;55;30;12;7;2;1;5375;1553;861;0;0
1485;2025;110;6;6;1;2;4;2;0;0;0;0;60;0;13;0;0;5;3;6;10;5186;103;868;0;0
1487;2025;107;6;4;2;4;0;6;1;0;0;0;69;0;9;5;3;3;2;1;0;3077;888;143;0;0
1488;2025;120;6;6;0;1;0;2;0;0;0;1;58;0;11;17;6;4;1;0;0;5224;314;321;0;0
1489;2025;107;6;1;0;0;2;0;0;0;0;0;50;0;1;1;0;0;1;0;0;799;0;0;0;0
1490;2025;105;6;2;0;0;2;-1;0;0;0;0;53;0;2;2;1;2;0;0;1;1108;69;0;0;0
1491;2025;107;6;3;1;0;0;-4;0;0;0;0;53;0;3;46;16;8;2;2;1;2290;82;406;0;0
1493;2025;111;6;1;0;0;0;-1;0;0;0;0;53;0;1;0;0;0;0;0;0;677;0;59;0;0
1495;2025;115;6;6;0;0;12;-1;0;0;0;0;59;0;6;0;0;13;3;2;6;4349;0;650;0;0
1496;2025;118;6;1;0;0;0;0;0;0;0;0;48;0;0;0;0;0;0;0;0;291;0;0;0;0
1497;2025;102;6;7;3;2;0;0;1;2;0;0;58;0;11;0;0;5;5;0;3;3826;1770;68;0;0
1498;2025;109;6;1;0;1;0;0;0;1;0;0;61;0;2;0;0;2;0;0;0;637;14;0;0;0
1499;2025;107;6;4;0;0;0;-2;0;0;0;0;60;0;7;36;14;10;2;3;2;1949;68;1143;0;0
1500;2025;110;6;2;1;0;4;-1;1;0;0;0;54;1;3;0;0;0;0;0;1;1590;302;0;0;0
1501;2025;109;6;1;0;0;0;1;0;0;0;0;54;0;0;1;1;0;0;1;0;400;0;0;0;0
1502;2025;115;6;4;0;0;0;-2;0;0;0;0;52;0;1;1;1;5;0;0;0;1643;56;315;0;0
1503;2025;103;6;1;0;0;0;0;0;0;0;0;51;0;0;6;3;0;0;0;0;546;123;0;0;0
1504;2025;104;6;1;0;0;0;-2;0;0;0;0;53;0;0;5;3;3;0;0;0;295;96;38;0;0
1505;2025;112;6;1;0;0;0;-1;0;0;0;0;56;0;0;0;0;0;0;0;0;688;97;62;0;0
1506;2025;104;6;1;0;0;0;-2;0;0;0;0;54;0;0;8;4;0;0;1;0;861;0;121;0;0
1508;2025;115;6;1;0;0;2;0;0;0;0;0;48;0;0;0;0;0;0;0;0;364;0;50;0;0
1510;2025;105;6;3;0;0;0;-1;0;0;0;0;61;0;0;0;0;1;0;2;0;1496;33;190;0;0
1511;2025;104;6;1;0;0;0;-2;0;0;0;0;46;0;1;5;1;0;0;0;0;782;0;0;0;0
1512;2025;106;6;7;1;6;0;6;0;2;0;0;64;0;11;15;8;3;4;2;1;4800;2314;1;0;0
1513;2025;119;6;6;1;2;2;-3;1;0;0;0;64;1;14;67;33;4;1;1;2;4156;653;349;0;0
1514;2025;107;6;4;2;4;2;1;0;3;0;0;70;0;8;5;1;6;1;2;2;2794;1097;38;0;0
1515;2025;107;6;6;2;3;8;-2;1;1;0;0;64;1;14;4;1;9;0;4;1;4572;1188;100;0;0
1516;2025;109;6;1;0;1;0;0;0;0;0;0;53;0;1;1;0;0;0;0;0;333;0;78;0;0
1517;2025;119;6;6;0;1;0;1;0;0;0;0;69;0;7;0;0;6;2;3;13;3526;127;1213;0;0
1518;2025;115;6;1;0;0;0;0;0;0;0;0;53;0;1;0;0;0;0;0;0;339;0;0;0;0
1519;2025;108;6;7;0;2;2;-7;0;1;0;0;59;0;5;75;35;2;4;4;4;5673;221;249;0;0
1521;2025;103;6;5;3;3;2;1;1;1;0;0;68;0;9;56;24;12;2;3;1;3963;588;915;0;0
1522;2025;110;6;6;2;1;10;0;0;0;0;0;63;0;21;6;4;15;4;2;4;4744;1530;444;0;0
1523;2025;114;6;7;0;1;0;0;0;0;0;0;58;0;6;0;0;10;9;3;11;5465;45;1559;0;0
1524;2025;105;6;6;0;1;0;-2;0;1;0;0;60;0;16;0;0;6;1;1;8;3609;1314;262;0;0
1525;2025;116;6;6;1;2;0;-2;0;0;0;0;66;0;12;16;8;6;3;3;3;5510;877;575;0;0
1526;2025;120;6;6;1;2;4;4;0;0;0;0;64;0;11;70;29;24;3;2;5;5417;102;299;0;0
1527;2025;123;6;7;0;1;4;4;0;0;0;0;75;0;4;0;0;6;1;2;10;5954;167;918;0;0
1529;2025;118;6;4;1;1;0;0;1;0;0;0;63;0;7;3;1;8;1;1;1;2436;1243;118;0;0
1530;2025;110;6;4;1;1;0;1;1;0;0;0;60;0;10;3;2;8;1;1;3;2752;683;283;0;0
1531;2025;114;6;6;0;2;18;-4;0;0;0;0;62;0;10;1;0;7;3;3;4;5780;126;600;0;0
1532;2025;103;6;6;1;4;4;1;0;2;0;0;70;0;20;0;0;7;2;2;12;5214;1992;153;0;0
1533;2025;103;6;4;0;0;2;-1;0;0;0;0;63;0;4;0;0;5;0;2;3;2683;66;380;0;0
1534;2025;109;6;3;1;1;2;-1;0;1;0;0;65;0;5;10;3;4;0;0;0;2576;215;324;0;0
1535;2025;115;6;1;0;0;2;0;0;0;0;0;52;0;0;0;0;0;0;0;0;455;0;0;0;0
1536;2025;106;6;6;1;2;0;1;0;1;0;0;69;1;17;91;43;3;1;3;2;4230;716;610;0;0
1538;2025;107;6;4;1;0;2;-3;0;0;0;0;53;0;7;27;12;3;4;0;0;2602;397;71;0;0
1540;2025;106;6;5;0;0;2;0;0;0;0;0;55;0;1;0;0;1;1;1;1;2220;0;354;0;0
1541;2025;107;6;6;1;1;4;-2;0;0;0;0;49;0;4;0;0;6;2;0;4;4086;0;538;0;0
1542;2025;103;6;5;2;1;2;-2;2;0;0;0;64;0;11;8;3;7;1;0;3;3208;520;290;0;0
1543;2025;104;6;5;1;0;2;-2;0;0;0;0;59;0;8;66;35;4;1;2;0;3909;173;786;0;0
1545;2025;109;6;2;0;0;0;-1;0;0;0;0;66;0;4;0;0;0;0;1;0;1316;0;124;0;0
1546;2025;108;6;6;0;4;2;-1;0;2;0;0;60;0;5;57;31;1;1;2;4;3901;1101;61;0;0
1547;2025;118;6;5;0;2;8;-4;0;0;0;0;68;0;9;82;44;6;0;2;5;4321;816;1196;0;0
1549;2025;102;6;6;0;0;2;0;0;0;0;0;60;0;5;43;21;4;2;1;3;4530;216;1013;0;0
1551;2025;106;6;6;2;0;2;1;1;0;0;0;57;0;11;3;2;0;2;2;2;3482;104;68;0;0
1552;2025;114;6;7;2;1;2;2;0;0;0;0;67;0;11;89;48;8;2;1;10;5490;934;161;0;0
1553;2025;115;6;1;0;0;0;-1;0;0;0;0;56;0;3;0;0;0;0;0;2;817;47;50;0;0
1554;2025;120;6;6;5;2;6;-1;3;0;0;0;70;0;14;22;12;6;3;1;1;4873;1705;660;0;0
1555;2025;108;6;6;0;0;4;-5;0;0;0;0;51;0;12;1;0;1;3;3;7;4198;597;567;0;0
1556;2025;105;6;4;0;1;2;0;0;0;0;0;60;0;6;7;5;2;0;1;2;2816;577;413;0;0
1557;2025;106;6;7;1;2;6;4;0;0;1;0;78;0;13;0;0;12;1;2;18;5767;955;1370;0;0
1558;2025;102;6;6;1;2;2;-1;0;1;0;0;61;0;4;72;38;8;1;6;1;4357;143;990;0;0
1559;2025;116;6;7;0;2;4;3;0;0;0;0;62;0;3;0;0;6;3;3;7;5361;145;538;0;0
1560;2025;113;6;3;0;0;4;-1;0;0;0;0;55;0;2;16;6;0;0;1;3;1837;257;93;0;0
1561;2025;102;6;7;1;4;4;4;0;0;0;0;60;0;3;0;0;6;1;6;17;5205;53;754;0;0
1562;2025;102;6;1;0;0;0;0;0;0;0;0;47;0;2;0;0;1;1;0;0;428;0;0;0;0
1564;2025;122;6;7;0;0;2;-4;0;0;0;0;62;0;7;0;0;7;1;1;5;4387;88;1087;0;0
1565;2025;104;6;2;0;0;2;0;0;0;0;0;54;0;3;0;0;2;0;0;1;1165;0;0;0;0
1566;2025;122;6;5;0;2;0;0;0;0;0;0;57;0;4;0;0;1;0;0;5;2837;0;272;0;0
1567;2025;123;6;7;1;4;4;5;0;2;0;0;60;1;16;6;5;2;1;1;3;5998;558;0;0;0
1568;2025;117;6;3;2;0;2;-1;2;0;0;0;58;0;5;10;6;2;1;0;1;1903;702;11;0;0
1569;2025;103;6;1;0;0;12;1;0;0;0;0;53;0;1;0;0;0;0;0;0;768;0;0;0;0
1570;2025;102;6;1;0;0;2;0;0;0;0;0;48;0;1;0;0;1;1;0;0;534;0;50;0;0
1572;2025;118;6;6;0;3;4;-1;0;2;0;0;60;0;18;12;5;6;3;4;3;5412;865;767;0;0
1574;2025;113;6;5;1;0;0;2;0;0;0;0;58;1;8;6;3;5;1;2;5;3604;0;678;0;0
1576;2025;104;6;1;0;0;2;-2;0;0;0;0;47;0;0;1;1;1;0;0;0;260;0;14;0;0
1577;2025;110;6;1;0;0;2;0;0;0;0;0;53;0;0;2;1;0;0;0;0;360;0;0;0;0
1578;2025;112;6;3;0;0;2;-1;0;0;0;0;56;0;3;0;0;1;0;2;3;1652;200;51;0;0
1579;2025;117;6;7;1;4;6;-3;0;2;0;0;59;0;18;0;0;8;3;1;7;4407;1972;157;0;0
1581;2025;108;6;7;1;0;4;1;0;0;0;0;59;0;10;17;7;6;2;1;4;5044;643;429;0;0
1585;2025;102;6;6;0;3;2;-4;0;1;0;0;66;0;14;0;0;3;3;1;14;4669;1207;427;0;0
1586;2025;118;6;5;3;0;0;-2;1;0;0;0;67;0;18;12;9;7;4;2;3;4335;1624;531;0;0
1587;2025;113;6;4;0;0;0;-2;0;0;0;0;52;0;6;20;8;6;2;1;0;2424;0;693;0;0
1589;2025;105;6;2;1;0;0;1;0;0;0;0;61;0;3;26;12;0;0;2;1;1229;0;131;0;0
1590;2025;104;6;1;0;0;0;-1;0;0;0;0;51;0;0;15;6;0;0;0;0;496;0;107;0;0
1591;2025;123;6;7;1;2;2;2;1;2;0;0;65;0;17;0;0;7;3;4;5;5546;1855;559;0;0
1593;2025;109;6;1;0;0;0;0;0;0;0;0;53;0;1;13;5;0;0;0;0;730;31;0;0;0
1594;2025;103;6;2;0;2;0;4;0;0;0;0;56;0;4;0;0;1;0;0;2;1162;0;127;0;0
1595;2025;105;6;2;1;0;0;-1;1;0;0;0;52;0;1;19;5;0;1;0;0;671;373;0;0;0
1596;2025;102;6;7;3;4;2;2;1;1;0;2;63;0;12;0;0;9;0;2;15;5236;779;420;0;0
1597;2025;122;6;6;1;0;2;-1;0;0;0;0;54;0;3;0;0;4;0;2;7;3478;0;277;0;0
1598;2025;121;6;6;1;1;6;-1;0;0;0;0;59;0;15;98;49;5;3;2;6;4193;1611;121;0;0
1599;2025;111;6;7;2;5;2;4;0;0;0;1;58;0;13;23;13;12;4;3;2;5211;0;973;0;0
1601;2025;120;6;3;0;1;2;0;0;1;0;0;64;0;1;0;0;3;1;1;2;1739;827;0;0;0
1602;2025;122;6;5;0;0;0;-1;0;0;0;0;63;0;4;0;0;10;2;2;6;2359;53;336;0;0
1603;2025;110;6;6;0;1;0;0;0;0;0;0;75;0;4;0;0;6;0;3;21;4976;0;1562;0;0
1604;2025;109;6;4;1;0;2;5;0;0;0;0;51;0;3;0;0;1;0;0;1;1983;0;138;0;0
1605;2025;115;6;3;0;0;0;0;0;0;0;0;55;0;1;16;11;3;0;0;1;1299;56;163;0;0
1606;2025;106;6;7;1;6;8;2;0;1;0;0;66;0;18;9;1;3;4;3;2;5313;2374;652;0;0
1607;2025;116;6;6;3;1;2;0;0;0;0;0;61;0;16;64;31;7;3;1;3;4868;470;446;0;0
1608;2025;114;6;7;1;2;0;-1;0;1;0;0;63;0;19;0;0;9;2;0;10;6612;1635;86;0;0
1609;2025;112;6;4;0;0;4;1;0;0;0;0;63;0;4;58;28;8;0;1;5;2890;0;791;0;0
1610;2025;123;6;7;2;9;2;6;1;3;0;0;70;1;24;7;3;10;2;1;4;6051;1589;296;0;0
1611;2025;117;6;7;0;1;2;-3;0;0;0;1;71;0;8;0;0;10;1;0;8;6256;268;1867;0;0
1612;2025;114;6;2;0;0;0;0;0;0;0;0;49;0;1;2;2;1;1;0;0;1131;68;58;0;0
1613;2025;104;6;4;0;0;4;-3;0;0;0;0;63;0;10;1;1;2;0;3;2;3317;1367;59;0;0
1614;2025;105;6;5;0;1;14;0;0;1;0;0;62;0;14;0;0;4;3;2;6;4112;1098;366;0;0
1615;2025;103;6;6;3;6;6;6;1;1;0;0;76;0;29;13;4;3;0;2;3;5132;1835;569;0;0
1616;2025;112;6;5;0;1;0;0;0;0;0;1;64;0;7;0;0;10;0;2;7;2723;33;1437;0;0
1618;2025;109;6;5;1;0;2;2;0;0;0;0;62;0;15;4;3;2;3;1;1;3675;420;262;0;0
1619;2025;109;6;5;3;2;0;5;0;0;0;0;67;0;10;0;0;2;0;1;3;3692;975;320;0;0
1620;2025;120;6;7;1;3;2;4;0;0;0;0;64;0;8;0;0;6;4;3;10;5694;13;372;0;0
1622;2025;122;6;6;0;2;4;1;0;0;0;0;69;0;15;5;3;1;2;2;6;5194;1223;246;0;0
1623;2025;123;6;6;1;2;0;1;0;0;0;0;54;0;8;8;3;3;3;1;0;3227;101;13;0;0
1624;2025;123;6;6;2;1;2;2;2;0;0;0;58;1;7;0;0;3;1;1;6;3471;567;0;0;0
1625;2025;123;6;7;1;1;2;8;0;0;0;0;69;1;16;0;0;7;4;4;17;6153;243;768;0;0
1626;2025;114;6;5;2;0;2;-4;1;0;0;0;64;0;12;2;1;9;2;2;3;4800;829;120;0;0
1627;2025;109;6;1;0;1;2;2;0;0;0;0;56;0;3;1;0;0;0;0;0;359;21;0;0;0
1628;2025;103;6;1;0;0;0;1;0;0;0;0;84;0;0;0;0;1;0;0;1;1069;50;208;0;0
1629;2025;111;6;5;0;0;0;-3;0;0;0;0;59;0;7;25;9;3;4;3;2;2925;737;134;0;0
1630;2025;102;6;2;0;0;4;-1;0;0;0;0;48;0;2;0;0;0;2;0;0;881;0;371;0;0
1631;2025;121;6;7;0;1;16;-1;0;0;0;0;54;0;3;0;0;5;1;1;4;3696;172;1627;0;0
1632;2025;105;6;6;0;1;2;-1;0;0;0;0;67;0;4;0;0;14;0;1;3;5125;85;711;0;0
1633;2025;114;6;5;0;0;2;0;0;0;0;0;55;0;2;0;0;1;0;1;3;2535;3;321;0;0
1634;2025;109;6;5;0;0;2;1;0;0;0;0;63;0;12;0;0;2;1;2;3;3300;1065;68;0;0
1635;2025;120;6;4;1;0;0;2;0;0;0;0;58;0;7;0;0;3;1;0;0;2456;124;161;0;0
1636;2025;121;6;6;1;1;0;0;0;0;0;0;63;0;7;67;40;8;4;1;2;4544;71;1469;0;0
1637;2025;112;6;6;0;1;0;-2;0;0;0;0;60;0;5;76;38;7;4;4;7;4404;820;487;0;0
1638;2025;122;6;4;1;1;4;-2;0;0;0;0;64;0;11;6;2;5;1;0;4;3070;729;204;0;0
1639;2025;109;6;6;0;5;4;5;0;0;0;0;61;0;7;20;8;7;3;0;2;5131;283;565;0;0
1640;2025;122;6;4;1;0;0;-1;1;0;0;0;66;1;7;6;3;4;1;2;0;2314;1448;0;0;0
1641;2025;122;6;5;0;0;0;1;0;0;0;0;56;0;2;35;20;6;1;1;1;2120;1123;46;0;0
1642;2025;110;6;1;0;0;0;0;0;0;0;0;53;0;0;10;6;3;0;0;0;355;0;156;0;0
1645;2025;122;6;5;0;1;2;-3;0;0;0;0;52;0;8;8;4;6;2;0;1;2601;257;380;0;0
1648;2025;112;6;5;0;4;0;5;0;1;0;0;59;0;7;2;1;2;3;1;2;3579;280;83;0;0
1649;2025;123;6;7;2;2;2;1;1;0;0;0;61;0;16;16;9;8;5;1;4;4916;827;315;0;0
1650;2025;102;6;5;2;1;6;3;0;0;0;0;59;0;5;5;0;0;2;2;4;3215;100;332;0;0
1651;2025;122;6;5;2;1;0;-1;0;1;0;0;60;0;11;60;34;2;2;2;0;3714;517;226;0;0
1652;2025;115;6;6;1;5;4;1;0;2;0;0;69;0;10;89;43;8;0;3;0;4521;1673;212;0;0
1653;2025;102;6;7;0;1;8;-1;0;0;0;1;62;0;8;13;5;0;1;1;5;5168;183;666;0;0
1654;2025;114;6;2;1;0;0;1;0;0;0;0;61;0;1;8;2;2;0;0;0;1002;0;262;0;0
1657;2025;122;6;5;0;1;0;-4;0;0;0;0;59;0;6;4;4;6;2;0;3;3509;567;177;0;0
1658;2025;114;6;7;0;1;4;-7;0;0;0;0;51;0;10;0;0;4;2;1;6;4654;59;536;0;0
1661;2025;106;6;7;0;2;10;2;0;0;0;0;63;0;8;0;0;9;3;1;7;5076;927;1055;0;0
1663;2025;105;6;6;5;1;2;5;0;0;0;0;66;2;12;12;4;7;1;5;3;5502;291;590;0;0
1664;2025;104;6;5;3;0;4;1;0;0;0;0;69;0;22;89;45;4;2;1;4;3725;1402;148;0;0
1666;2025;105;6;1;0;0;0;-1;0;0;0;0;45;0;0;2;1;0;1;0;0;291;0;52;0;0
1667;2025;111;6;1;2;0;0;2;0;0;0;0;71;1;3;3;2;2;0;0;0;849;214;0;0;0
1668;2025;123;6;7;2;0;6;2;0;0;0;0;55;1;13;1;0;11;0;1;3;5509;34;14;0;0
1669;2025;118;6;2;0;0;0;0;0;0;0;0;53;0;0;0;0;0;0;0;0;890;48;29;0;0
1670;2025;113;6;7;1;0;0;-2;0;0;0;0;62;0;6;0;0;3;1;3;4;4665;0;892;0;0
1671;2025;114;6;7;0;0;2;0;0;0;0;0;54;0;8;0;0;2;5;2;7;4807;75;425;0;0
1672;2025;119;6;7;0;1;2;-7;0;1;0;0;55;0;6;0;0;10;8;4;9;5252;1329;612;0;0
1673;2025;119;6;3;0;0;2;-3;0;0;0;0;55;0;1;3;1;6;1;1;2;1399;976;0;0;0
1674;2025;111;6;7;3;2;4;6;0;0;0;0;61;0;20;33;22;21;3;0;3;6384;395;1274;0;0
1675;2025;108;6;6;2;0;2;-3;0;0;0;0;65;1;6;0;0;6;1;2;13;4483;11;1316;0;0
1676;2025;106;6;1;0;0;0;0;0;0;0;0;54;0;0;0;0;0;0;0;0;409;26;46;0;0
1678;2025;118;6;7;0;1;2;0;0;0;0;0;75;0;7;0;0;11;2;4;14;5893;268;1142;0;0
1680;2025;103;6;6;0;0;16;-1;0;0;0;0;62;0;4;9;2;22;1;2;4;4581;242;430;0;0
1681;2025;105;6;2;0;1;4;1;0;0;0;0;56;0;4;5;1;0;0;0;0;1683;0;311;0;0
1682;2025;123;6;1;0;0;0;0;0;0;0;0;54;0;0;3;2;0;1;0;0;236;0;0;0;0
1683;2025;102;6;7;3;5;2;0;2;2;1;0;77;0;19;7;3;8;3;3;4;5042;2447;418;0;0
1684;2025;120;6;6;3;2;9;3;0;0;0;0;61;0;8;0;0;2;0;2;9;5320;96;214;1;0
1685;2025;111;6;6;0;0;4;-1;0;0;0;0;55;0;7;0;0;9;0;1;12;4825;334;1189;0;0
1686;2025;102;6;7;1;1;2;0;0;0;0;0;60;0;7;0;0;6;1;6;5;5539;287;1587;0;0
1687;2025;115;6;6;0;1;2;-3;0;1;0;0;62;0;13;63;29;7;1;0;1;3734;1190;129;0;0
1689;2025;119;6;7;7;2;6;2;1;1;0;0;70;2;28;28;14;6;2;2;4;5130;1643;745;0;0
1690;2025;110;6;2;0;0;2;-1;0;0;0;0;53;0;3;0;0;0;1;1;0;954;394;2;0;0
1691;2025;106;6;6;0;1;0;1;0;0;0;1;63;0;5;62;32;10;3;4;1;3995;31;1461;0;0
1692;2025;123;6;7;1;1;2;1;0;0;0;1;58;1;5;46;32;6;3;0;2;3901;101;824;0;0
1693;2025;104;6;5;0;1;0;-2;0;0;0;0;52;0;5;0;0;0;0;0;1;2734;0;405;0;0
1694;2025;116;6;5;1;3;2;3;1;2;0;0;67;0;21;0;0;3;2;3;7;3367;1955;101;0;0
1695;2025;111;6;6;1;3;2;2;0;0;1;0;64;0;7;42;22;8;2;3;2;4469;572;751;0;0
1696;2025;121;6;6;0;1;0;1;0;0;0;0;64;0;9;0;0;5;2;2;2;4461;1326;0;0;0
1697;2025;102;6;4;1;0;0;-3;0;0;1;0;54;0;14;9;3;2;5;2;3;2714;17;517;0;0
1698;2025;118;6;5;2;1;0;1;0;0;1;0;70;1;6;50;20;9;5;1;2;2949;0;1560;0;0
1699;2025;104;6;3;0;2;2;-3;0;0;0;0;56;0;6;0;0;3;2;1;3;2308;863;0;0;0
1700;2025;107;6;6;1;2;0;0;1;1;0;0;64;0;13;5;4;7;1;0;3;4364;1614;280;0;0
1701;2025;106;6;6;2;4;4;1;1;1;0;0;63;0;13;77;39;4;4;1;2;4739;707;569;0;0
1703;2025;120;6;7;1;2;2;3;0;0;1;0;53;0;13;0;0;9;0;0;2;5790;137;380;0;0
1704;2025;118;6;3;0;1;4;2;0;0;0;0;66;0;4;40;16;1;0;0;1;1987;882;6;0;0
1705;2025;105;6;5;0;0;2;0;0;0;0;0;62;0;12;0;0;9;4;4;7;4754;330;771;0;0
1706;2025;110;6;2;0;0;0;1;0;0;0;0;50;0;0;4;2;1;1;0;0;652;0;388;0;0
1707;2025;113;6;7;1;2;2;-4;1;0;0;0;63;0;13;0;0;7;2;2;6;5786;1067;372;0;0
1708;2025;103;6;6;0;3;6;7;0;0;0;0;64;0;9;90;36;18;1;3;1;4740;101;676;0;0
1710;2025;108;6;7;3;3;4;3;0;1;0;0;68;0;12;118;53;4;4;3;11;6149;975;703;0;0
1711;2025;110;6;3;0;0;2;-4;0;0;0;0;51;0;3;1;0;5;0;0;1;2359;0;319;0;0
1712;2025;117;6;3;1;1;2;3;0;0;1;0;59;1;2;0;0;0;2;1;2;1827;0;846;0;0
1714;2025;110;6;3;1;0;0;-3;0;0;0;0;57;0;2;0;0;2;0;0;6;1767;0;351;0;0
1715;2025;103;6;3;0;1;2;1;0;0;0;0;62;0;2;32;18;4;1;1;3;2198;50;145;0;0
1716;2025;102;6;6;0;0;4;3;0;0;0;0;70;0;9;0;0;9;0;1;4;4428;82;877;0;0
1720;2025;106;6;1;2;0;0;1;0;0;0;0;66;1;6;11;5;1;0;1;0;646;0;83;0;0
1721;2025;119;6;7;0;1;4;-3;0;0;0;0;52;0;5;1;1;2;0;1;1;3222;1;35;0;0
1723;2025;123;6;3;0;0;0;-1;0;0;0;0;65;0;1;0;0;0;0;3;4;1292;0;389;0;0
1724;2025;106;6;1;0;0;0;1;0;0;0;0;54;0;1;0;0;0;1;0;0;618;0;121;0;0
1725;2025;118;6;7;0;2;4;-3;0;1;0;1;74;0;17;0;0;4;2;3;16;5654;979;1672;0;0
1726;2025;114;6;6;1;0;6;-5;0;0;0;0;53;0;9;10;6;5;3;3;1;5324;153;172;0;0
1727;2025;112;6;6;4;1;6;1;1;0;0;0;62;2;11;22;9;5;0;2;10;4840;668;565;0;0
1728;2025;123;6;6;1;4;2;3;0;0;0;0;63;0;10;5;2;8;3;0;2;3095;352;751;0;0
1729;2025;110;6;5;0;0;4;-3;0;0;0;0;65;0;4;82;41;8;2;3;6;3892;1483;258;0;0
1730;2025;119;6;7;3;2;2;3;1;1;1;0;62;0;15;4;1;11;7;1;2;5285;1260;489;0;0
1731;2025;117;6;7;1;1;4;-1;0;0;0;0;62;0;13;16;11;3;1;3;3;5371;674;758;0;0
1732;2025;122;6;6;0;2;17;-4;0;0;0;0;61;0;8;70;37;3;3;0;2;4486;1371;913;0;0
1734;2025;120;6;7;0;3;0;3;0;2;0;0;60;0;7;0;0;10;4;1;7;6270;1292;421;0;0
1736;2025;109;6;3;1;0;2;-2;0;0;0;0;56;0;6;1;0;3;1;0;3;1801;164;194;0;0
1737;2025;110;6;2;0;0;0;-1;0;0;0;0;57;0;1;27;13;8;0;0;0;1221;0;480;0;0
1738;2025;106;6;6;1;1;0;-3;0;1;0;0;67;0;17;14;6;5;2;1;6;4880;676;612;0;0
1739;2025;112;6;6;1;1;2;0;0;0;0;0;63;0;11;0;0;7;2;2;16;4731;570;809;0;0
1741;2025;116;6;3;0;1;2;0;0;0;0;0;70;0;6;5;1;1;2;1;3;2779;704;223;0;0
1742;2025;121;6;7;2;3;4;-2;0;0;0;0;59;0;6;47;24;17;4;1;10;5282;23;1855;0;0
1744;2025;115;6;7;0;1;2;-2;0;0;0;0;57;0;8;13;4;9;4;3;4;5087;220;499;0;0
1745;2025;109;6;6;1;2;2;2;0;0;0;0;66;0;8;102;55;12;2;2;1;4795;474;1019;0;0
1748;2025;122;6;6;1;3;4;2;1;1;0;0;67;0;14;89;43;5;2;5;3;4575;1282;267;0;0
1749;2025;107;6;3;3;2;0;1;1;1;0;0;71;1;13;56;32;5;3;1;2;2222;869;200;0;0
1750;2025;115;6;6;0;1;0;1;0;0;0;0;63;0;10;0;0;13;2;2;10;5062;0;995;0;0
1752;2025;109;6;7;0;2;2;-2;0;0;0;0;63;0;14;0;0;13;2;5;9;5832;853;914;0;0
1753;2025;112;6;6;2;0;4;0;0;0;1;0;61;1;9;14;9;3;3;0;4;5405;274;1337;0;0
1754;2025;103;6;5;4;1;0;6;1;0;0;0;71;1;18;15;6;8;1;1;4;3627;1617;10;0;0
1755;2025;106;6;6;0;0;2;1;0;0;0;0;60;0;10;8;2;8;0;1;1;3795;55;290;0;0
1756;2025;104;6;6;0;2;2;0;0;0;0;0;75;0;11;0;0;10;3;5;6;5279;1703;881;0;0
1758;2025;107;6;5;0;3;2;4;0;1;0;0;63;0;11;69;39;3;1;0;2;3256;1020;312;0;0
1759;2025;104;6;4;0;4;0;1;0;1;0;0;63;0;4;0;0;2;2;2;3;3061;759;133;0;0
1760;2025;112;6;6;1;4;4;4;0;1;0;0;66;0;9;0;0;8;5;4;12;5300;807;651;0;0
1761;2025;109;6;2;0;0;0;1;0;0;0;0;54;0;1;5;3;1;0;0;1;743;201;0;0;0
1762;2025;113;6;7;1;3;0;1;0;1;0;0;66;0;24;14;7;14;5;0;4;5854;1355;641;0;0
1763;2025;107;6;7;1;3;4;1;0;1;0;0;63;0;12;0;0;7;0;3;3;5536;357;536;0;0
1765;2025;103;6;7;1;2;2;4;0;0;0;0;71;0;17;0;0;10;1;3;19;6278;230;1360;0;0
1767;2025;107;6;6;1;4;4;3;0;2;0;0;70;0;19;0;0;4;2;2;6;4892;2392;23;0;0
1768;2025;118;6;7;1;3;4;4;0;0;0;1;65;0;13;0;0;6;3;2;9;5962;88;1558;0;0
1769;2025;116;6;5;1;1;4;-2;0;1;0;0;56;0;11;0;0;5;2;4;1;4244;638;564;0;0
1770;2025;122;6;7;3;0;4;-4;2;0;0;0;63;2;18;10;7;8;0;3;1;5166;1473;338;0;0
1771;2025;119;6;5;1;1;9;3;1;0;0;0;68;0;13;61;29;10;1;4;10;3333;680;794;1;1
1772;2025;102;6;6;4;3;4;0;2;1;0;0;62;0;19;22;12;9;1;1;3;4393;1323;0;0;0
1773;2025;103;6;6;1;3;0;-3;0;2;0;0;69;0;11;10;4;2;1;3;3;4240;1292;741;0;0
1774;2025;121;6;7;0;1;8;-2;0;0;0;0;56;0;6;0;0;11;4;6;7;6036;366;892;0;0
1775;2025;118;6;2;0;2;0;0;0;2;0;0;63;0;9;4;1;4;3;0;0;1638;294;170;0;0
1776;2025;115;6;6;2;4;0;5;0;0;0;1;71;0;17;19;13;8;1;4;3;5610;1790;123;0;0
1777;2025;111;6;6;1;1;12;-1;1;1;0;0;66;0;16;9;5;6;0;2;8;5236;1946;290;0;0
1778;2025;107;6;7;1;3;14;0;1;0;0;0;63;0;18;0;0;7;7;3;12;5457;919;877;0;0
1779;2025;122;6;7;1;1;4;-4;0;0;0;0;70;0;10;0;0;12;3;0;6;6217;1663;105;0;0
1781;2025;106;6;6;0;0;0;1;0;0;0;0;60;0;12;0;0;11;1;1;10;4706;299;1129;0;0
1782;2025;118;6;5;0;5;2;3;0;0;0;0;68;0;9;6;3;5;1;3;2;3347;254;474;0;0
1783;2025;117;6;7;0;2;0;3;0;0;0;0;60;0;3;14;5;7;2;2;7;4777;453;1163;0;0
1784;2025;115;6;6;1;1;4;-1;0;1;1;0;66;0;18;70;33;9;0;2;1;4882;1727;183;0;0
1785;2025;104;6;3;0;0;0;0;0;0;0;0;67;0;2;0;0;2;0;2;2;1978;0;169;0;0
1786;2025;107;6;4;2;2;2;5;0;0;0;0;65;1;10;55;31;10;0;0;1;3334;125;380;0;0
1787;2025;120;6;6;0;2;2;2;0;0;0;0;61;0;2;0;0;8;0;3;5;5558;191;755;0;0
1788;2025;122;6;1;0;1;2;-1;0;1;0;0;62;0;2;1;1;1;0;0;0;844;127;92;0;0
1789;2025;122;6;4;0;0;2;1;0;0;0;0;56;0;7;2;2;0;0;0;1;2579;190;121;0;0
1790;2025;115;6;5;1;0;4;2;0;0;0;0;61;0;11;1;0;7;1;1;1;3918;867;6;0;0
1791;2025;123;6;7;0;2;0;7;0;0;0;0;65;0;2;0;0;7;3;5;11;6191;342;990;0;0
1792;2025;123;6;6;1;4;2;8;0;0;0;1;70;0;18;0;0;5;1;3;4;5530;1392;216;0;0
1793;2025;119;6;6;1;1;4;1;0;1;0;0;63;0;9;51;24;5;1;2;7;3774;386;1615;0;0
1795;2025;111;6;4;2;1;0;0;0;0;0;0;60;0;6;36;16;3;1;1;3;3171;415;0;0;0
1799;2025;113;6;7;1;0;6;-6;1;0;0;0;62;1;19;65;40;4;1;2;5;5605;996;234;0;0
1801;2025;105;6;5;1;3;2;2;0;1;0;0;67;1;11;66;32;11;0;2;2;4075;864;6;0;0
1803;2025;111;6;7;0;8;4;5;0;2;0;0;71;0;17;0;0;3;2;2;11;6504;1155;759;0;0
1804;2025;121;6;6;3;0;8;1;0;0;0;0;66;1;15;97;47;4;2;2;5;5158;477;713;0;0
1805;2025;104;6;4;2;0;2;-2;0;0;0;0;66;0;8;1;1;8;1;2;4;3554;1096;133;0;0
1806;2025;121;6;7;1;4;4;3;0;0;0;0;58;0;6;0;0;12;4;2;13;5517;377;765;0;0
1807;2025;109;6;5;2;1;2;0;1;1;0;0;66;1;9;80;44;7;0;1;0;2856;1753;0;0;0
1808;2025;105;6;6;2;4;0;7;0;0;1;0;65;1;8;0;0;4;2;2;11;4837;491;650;0;0
1809;2025;110;6;6;0;2;0;-1;0;0;0;0;63;0;13;11;6;11;7;3;6;4934;2001;606;0;0
1810;2025;123;6;7;1;4;4;5;0;0;0;0;62;0;12;5;2;3;0;2;0;5251;1062;207;0;0
1811;2025;112;6;7;2;3;2;4;0;2;0;0;67;0;16;0;0;14;3;2;13;6464;1151;571;0;0
1813;2025;116;6;4;0;0;0;0;0;0;0;0;63;0;2;0;0;4;0;0;4;2564;131;482;0;0
1814;2025;110;6;5;0;1;2;-5;0;0;0;0;49;0;1;0;0;2;1;1;6;3486;94;505;0;0
1815;2025;110;6;6;1;2;0;-1;0;0;0;0;64;0;8;68;41;8;1;5;7;4854;102;1616;0;0
1816;2025;110;6;6;0;1;8;0;0;0;0;0;77;0;2;0;0;10;3;3;21;5084;0;1305;0;0
1817;2025;109;6;5;1;2;2;2;0;1;0;0;70;0;9;0;0;7;0;1;9;3634;502;978;0;0
1818;2025;106;6;6;0;1;6;-2;0;0;0;0;60;0;8;0;0;10;0;1;3;4463;1499;1210;0;0
1819;2025;112;6;6;1;3;2;0;1;0;0;1;64;1;8;12;5;3;2;4;7;4628;790;867;0;0
1820;2025;109;6;6;0;3;0;5;0;0;0;0;66;0;11;0;0;7;1;2;6;4130;153;730;0;0
1821;2025;117;6;4;0;0;2;0;0;0;0;0;58;0;0;0;0;1;0;0;2;1881;0;448;0;0
1822;2025;123;6;7;5;4;10;6;1;2;0;0;70;1;17;107;42;12;3;7;1;6007;1531;172;0;0
1823;2025;111;6;6;1;1;6;2;0;0;0;0;73;0;29;115;70;14;3;1;1;5795;1766;166;0;0
1824;2025;116;6;6;0;0;0;0;0;0;0;0;61;0;7;0;0;6;0;1;7;3709;464;266;0;0
1825;2025;115;6;7;0;2;2;2;0;0;0;0;71;0;16;0;0;13;3;4;13;6508;377;1025;0;0
1826;2025;113;6;7;0;0;2;-1;0;0;0;0;55;0;4;0;0;3;1;2;9;3482;243;537;0;0
1827;2025;113;6;6;1;3;0;-1;0;1;0;0;61;0;14;14;5;6;3;4;2;4889;833;229;0;0
1828;2025;108;6;5;0;0;0;-1;0;0;0;0;58;0;6;0;0;8;1;2;9;3875;712;42;0;0
1829;2025;121;6;7;0;1;2;-3;0;0;0;0;63;0;7;0;0;11;2;2;17;5528;361;1514;0;0
1830;2025;102;6;5;0;1;0;0;0;0;0;0;61;0;2;0;0;4;0;0;4;3080;0;538;0;0
1832;2025;120;6;7;1;1;0;-1;0;0;0;0;74;1;7;0;0;14;3;4;12;6105;369;976;0;0
1833;2025;123;6;7;0;0;4;2;0;0;0;0;62;0;10;0;0;7;1;1;9;4710;48;728;0;0
1836;2025;111;6;7;2;3;0;1;0;0;0;1;71;0;15;0;0;7;1;3;1;5800;210;1471;0;0
1838;2025;110;6;6;2;2;0;1;1;1;0;0;61;0;11;2;1;8;3;0;4;3847;1063;254;0;0
1839;2025;110;6;5;0;0;4;-2;0;0;0;0;58;0;9;65;41;4;4;5;2;3779;851;288;0;0
1840;2025;105;6;6;3;2;4;0;2;2;0;0;69;1;23;3;1;5;4;4;0;5315;1413;10;0;0
1841;2025;115;6;6;1;1;4;-1;0;0;0;0;60;0;9;44;24;2;2;0;3;3569;63;974;0;0
1842;2025;102;6;6;2;1;4;-2;1;1;0;0;61;1;13;68;36;7;1;1;3;4319;1287;86;0;0
1843;2025;114;6;6;0;0;2;-4;0;0;0;0;63;0;6;52;27;10;1;6;6;3836;127;895;0;0
1845;2025;105;6;3;0;2;0;0;0;1;0;1;68;0;2;43;24;7;0;0;2;2527;186;655;0;0
1846;2025;103;6;6;5;1;2;5;1;0;0;0;73;2;23;38;23;7;2;3;6;5230;1432;839;0;0
1847;2025;110;6;4;2;2;0;-1;0;1;0;0;64;0;6;8;6;2;1;2;2;2937;943;140;0;0
1848;2025;112;6;5;0;1;16;0;0;0;0;0;57;0;4;8;4;5;3;2;3;3210;450;156;0;0
1849;2025;113;6;5;0;3;0;0;0;0;0;0;55;0;11;14;5;8;1;3;3;3780;0;1007;0;0
1850;2025;119;6;6;1;1;2;1;0;0;0;0;59;1;14;12;5;3;3;1;4;3804;409;519;0;0
1852;2025;113;6;7;2;2;6;3;0;0;0;0;65;0;11;128;68;14;4;1;3;6653;277;801;0;0
1853;2025;120;6;4;0;1;0;-1;0;0;0;1;61;0;7;5;2;3;4;1;1;3326;679;250;0;0
1854;2025;117;6;7;1;4;2;2;0;0;0;1;57;0;7;22;13;11;5;1;12;4795;58;886;0;0
1855;2025;121;6;7;0;2;2;0;0;0;0;0;55;0;3;11;7;2;1;0;1;3227;61;879;0;0
1857;2025;104;6;5;0;2;2;-1;0;0;0;0;71;0;12;5;4;4;2;2;3;3938;408;735;0;0
1858;2025;105;6;6;0;4;0;5;0;0;0;0;68;0;6;0;0;5;1;2;6;5269;20;810;0;0
1859;2025;122;6;7;0;0;6;0;0;0;0;0;67;0;7;0;0;7;1;4;10;5359;155;971;0;0
1860;2025;116;6;7;1;1;6;1;0;0;0;0;67;0;5;0;0;9;1;2;7;5672;609;819;0;0
1863;2025;109;6;6;0;2;2;6;0;0;0;0;70;0;14;80;36;6;5;2;3;5010;91;977;0;0
1864;2025;102;6;6;2;7;4;0;2;3;0;2;72;1;22;119;54;10;2;2;5;4672;2214;423;0;0
1865;2025;109;6;7;1;2;6;4;0;0;0;0;63;1;14;0;0;2;1;3;12;5686;448;945;0;0
1866;2025;122;6;7;0;2;2;1;0;0;0;0;76;0;4;4;3;8;1;1;11;4687;1006;1045;0;0
1867;2025;114;6;6;0;1;2;-6;0;0;0;0;60;0;1;78;43;10;4;2;5;4742;59;889;0;0
1870;2025;102;6;2;0;0;0;1;0;0;0;0;55;0;2;1;1;1;0;0;1;1015;167;13;0;0
1872;2025;108;6;7;0;2;2;-1;0;1;0;0;64;0;3;0;0;5;2;1;11;4488;206;960;0;0
1873;2025;115;6;6;1;1;0;1;1;0;0;0;65;1;20;5;2;8;3;2;3;5193;1975;36;0;0
1874;2025;103;6;6;2;3;0;-2;1;2;0;0;65;0;18;82;34;3;1;0;4;4307;1349;315;0;0
1875;2025;116;6;6;1;2;2;-6;1;1;0;0;73;0;14;0;0;8;2;5;18;5240;1018;986;0;0
1876;2025;112;6;6;1;2;0;2;0;0;0;0;63;0;10;4;3;5;3;2;5;4839;474;336;0;0
1877;2025;119;6;5;0;0;2;-1;0;0;0;0;55;0;8;7;3;3;1;1;1;3375;242;262;0;0
1878;2025;118;6;3;0;5;16;0;0;3;0;0;67;0;7;57;30;1;1;2;2;2188;878;85;0;0
1881;2025;117;6;7;2;1;6;-3;1;0;0;1;65;0;16;58;35;13;3;6;9;5741;832;1247;0;0
1882;2025;112;6;4;0;0;6;-3;0;0;0;0;58;0;9;54;25;3;0;0;3;2911;584;297;0;0
1883;2025;108;6;6;1;0;4;0;0;0;1;0;58;0;10;11;6;16;1;0;7;4589;94;608;0;0
1884;2025;115;6;5;1;0;14;1;0;0;0;0;60;0;6;1;0;1;1;1;4;2336;56;300;0;0
1886;2025;111;6;6;0;0;4;-1;0;0;0;0;55;0;5;4;3;5;1;1;1;3500;29;827;0;0
1888;2025;119;6;7;0;1;6;-2;0;0;0;1;61;0;14;0;0;9;0;0;7;5408;1757;317;0;0
1889;2025;122;6;6;1;0;4;-4;0;0;0;0;54;0;7;30;12;2;2;6;3;4242;44;1025;0;0
1890;2025;110;6;3;0;1;2;-3;0;1;0;0;53;0;3;30;13;1;1;1;0;1836;196;45;0;0
1891;2025;107;6;4;0;3;4;0;0;1;0;0;64;0;10;44;27;4;3;3;2;3203;761;125;0;0
1892;2025;115;6;6;1;0;14;2;0;0;0;0;76;0;11;91;58;23;3;1;4;5379;0;1027;0;0
1893;2025;121;6;6;0;1;0;-5;0;0;0;0;56;0;9;22;12;5;3;1;10;4206;270;809;0;0
1894;2025;115;6;6;0;2;0;-2;0;0;0;0;54;0;5;0;0;3;1;2;8;4339;0;765;0;0
1895;2025;116;6;6;1;1;0;0;0;0;0;0;56;0;4;50;28;1;2;0;0;3971;98;189;0;0
1896;2025;113;6;4;0;1;2;-3;0;0;0;0;51;0;3;4;2;2;1;1;2;2375;175;11;0;0
1897;2025;104;6;4;0;0;0;0;0;0;0;0;62;0;3;37;22;4;1;0;3;2027;626;76;0;0
1900;2025;108;6;7;0;1;4;-2;0;0;0;1;67;0;5;13;6;12;3;3;18;5510;0;1289;0;0
1901;2025;120;6;7;2;4;0;1;0;2;0;0;60;0;11;7;4;4;6;4;4;5486;446;453;0;0
1902;2025;123;6;7;3;2;0;3;0;1;0;0;63;0;8;66;37;2;3;3;1;5039;718;198;0;0
1903;2025;103;6;6;0;0;0;2;0;0;0;0;64;0;1;0;0;3;0;3;8;3834;90;1313;0;0
1904;2025;111;6;6;0;2;4;-1;0;1;0;0;58;0;7;39;13;7;1;1;0;3254;559;146;0;0
1906;2025;121;6;7;1;2;10;4;0;0;0;0;60;1;11;0;0;14;3;2;8;5734;1936;10;0;0
1907;2025;119;6;7;0;2;2;2;0;0;0;0;76;0;7;0;0;17;2;2;14;4804;90;1614;0;0
1908;2025;104;6;6;0;1;0;-3;0;0;0;0;64;0;6;0;0;8;4;3;5;5208;430;382;0;0
1909;2025;118;6;4;0;0;14;-2;0;0;0;0;60;0;4;3;1;1;0;0;2;3070;193;42;0;0
1910;2025;123;6;2;0;1;0;2;0;0;0;0;57;0;5;12;5;2;1;1;0;1354;148;266;0;0
1911;2025;104;6;6;0;2;2;-1;0;0;0;0;69;0;7;0;0;12;3;6;13;5043;246;1000;0;0
1912;2025;117;6;7;1;2;9;0;0;0;1;0;60;0;12;0;0;4;2;0;11;5329;951;712;1;0
1914;2025;106;6;7;1;0;4;0;0;0;0;0;69;0;26;0;0;5;1;4;11;5344;2577;52;0;0
1915;2025;106;6;6;0;1;6;3;0;0;0;0;56;0;5;1;0;10;1;2;9;4510;72;556;0;0
1916;2025;122;6;7;0;2;6;-2;0;2;0;0;61;0;9;28;13;4;1;2;2;5167;1325;203;0;0
1917;2025;120;6;6;0;5;0;2;0;2;0;0;64;0;11;91;47;5;2;0;2;5208;797;641;0;0
1919;2025;122;6;7;0;0;2;-4;0;0;0;0;64;0;8;0;0;19;3;1;12;6084;976;1138;0;0
1920;2025;115;6;6;0;0;2;1;0;0;0;0;70;0;14;0;0;3;1;0;4;5320;1253;253;0;0
1921;2025;103;6;6;0;0;2;-2;0;0;0;0;55;0;9;0;0;4;1;1;4;3912;457;664;0;0
1922;2025;115;6;3;0;0;0;2;0;0;0;0;56;0;1;0;0;1;0;0;8;1690;118;222;0;0
1923;2025;102;6;6;0;1;2;-3;0;1;0;0;59;0;10;7;6;15;4;3;2;5323;547;407;0;0
1924;2025;105;6;3;0;0;2;-1;0;0;0;0;58;0;4;0;0;1;0;1;4;1892;37;240;0;0
1926;2025;117;6;7;0;3;4;-6;0;1;0;0;64;0;18;0;0;7;4;1;12;6260;2268;382;0;0
1927;2025;108;6;7;0;0;6;0;0;0;0;0;58;0;12;0;0;6;7;2;10;6245;1774;103;0;0
1928;2025;111;6;6;1;3;0;2;0;0;0;0;70;1;20;9;5;12;2;4;3;4715;1045;127;0;0
1929;2025;107;6;2;1;0;0;0;1;0;0;0;67;0;11;3;1;3;1;0;1;1165;705;261;0;0
1932;2025;105;6;5;2;3;4;-1;1;1;0;0;63;0;17;6;4;2;3;1;5;4075;951;0;0;0
1933;2025;107;6;6;1;4;4;1;0;0;0;0;66;1;10;48;25;7;3;5;4;4591;345;1042;0;0
1934;2025;112;6;6;0;2;2;-2;0;1;0;0;58;0;10;2;2;10;1;3;5;4453;462;72;0;0
1935;2025;116;6;6;1;1;0;-1;0;0;0;0;58;0;10;6;5;3;2;0;0;3604;216;213;0;0
1936;2025;104;6;4;1;1;0;2;0;0;0;0;61;1;9;6;0;5;3;1;1;3506;198;417;0;0
1939;2025;120;6;6;1;3;16;0;0;2;0;0;61;1;13;2;0;7;2;1;2;3956;1047;0;0;0
1940;2025;121;6;7;0;5;2;1;0;1;0;0;59;0;11;53;22;9;5;5;11;5545;1442;82;0;0
1941;2025;105;6;6;3;1;2;2;0;0;0;0;62;0;9;57;33;5;2;1;1;3612;167;590;0;0
1943;2025;109;6;3;1;1;4;1;0;0;0;0;56;0;2;26;13;3;0;0;0;1615;253;0;0;0
1944;2025;121;6;6;0;0;2;0;0;0;0;0;52;0;11;0;0;4;5;0;1;2385;1264;174;0;0
1946;2025;115;6;1;1;0;0;2;0;0;0;0;78;0;2;0;0;3;0;0;1;863;62;123;0;0
1948;2025;119;6;7;0;2;0;3;0;0;0;0;66;0;7;0;0;17;6;5;7;4816;198;2148;0;0
1949;2025;107;6;7;1;2;2;2;1;0;0;0;68;0;8;0;0;20;1;9;12;6271;1408;1516;0;0
1950;2025;105;6;4;0;0;0;1;0;0;0;0;58;0;3;1;0;3;2;3;1;2355;517;0;0;0
1951;2025;118;6;5;0;2;2;-3;0;2;0;0;54;0;9;0;0;5;0;2;5;3228;456;390;0;0
1952;2025;112;6;7;1;0;2;0;0;0;0;0;57;0;8;0;0;3;6;2;6;6136;412;413;0;0
1954;2025;114;6;5;0;0;0;-3;0;0;0;0;54;0;8;9;6;6;4;1;2;4668;197;137;0;0
1955;2025;104;6;3;1;0;0;0;1;0;0;0;66;0;6;0;0;6;3;1;1;2368;539;309;0;0
1956;2025;105;6;6;1;1;2;5;0;0;0;0;55;0;8;6;4;5;3;0;2;5231;85;243;0;0
1957;2025;116;6;6;2;2;0;0;0;1;0;0;61;0;15;2;1;7;3;2;3;3857;445;215;0;0
1958;2025;104;6;3;0;1;0;-2;0;1;0;0;60;0;2;0;0;3;1;1;5;1807;285;120;0;0
1959;2025;121;6;3;0;0;0;1;0;0;0;0;57;0;2;13;8;0;0;0;0;1825;278;66;0;0
1960;2025;114;6;6;2;2;4;0;0;0;0;0;67;0;14;81;43;5;2;2;2;5098;1186;210;0;0
1961;2025;111;6;7;1;4;6;5;0;1;0;0;61;0;15;1;0;6;3;6;4;5965;1662;692;0;0
1962;2025;107;6;6;3;3;4;0;0;0;0;0;66;0;16;12;7;5;2;0;12;4705;48;746;0;0
1963;2025;119;6;7;0;5;0;1;0;3;0;0;67;0;15;0;0;9;2;7;7;5022;2637;1;0;0
1964;2025;104;6;1;0;0;0;-1;0;0;0;0;47;0;0;1;1;0;1;0;0;558;0;62;0;0
1965;2025;114;6;6;1;0;20;-6;0;0;0;0;60;1;8;0;0;9;2;2;15;6012;614;790;0;0
1966;2025;105;6;5;1;1;0;2;0;0;0;1;60;0;4;39;17;9;1;1;1;3483;20;899;0;0
1967;2025;102;6;5;2;4;4;4;0;2;0;0;64;0;12;16;10;4;0;1;4;2961;1099;36;0;0
1968;2025;121;6;6;4;0;0;1;1;0;0;0;64;0;17;14;5;8;1;4;6;4444;1259;31;0;0
1969;2025;120;6;6;0;0;0;-5;0;0;0;0;52;0;11;7;4;0;2;1;2;3725;157;290;0;0
1970;2025;103;6;6;1;2;8;5;0;0;0;0;62;0;8;0;0;3;4;4;8;4856;38;601;0;0
1971;2025;121;6;5;0;1;4;0;0;0;0;0;58;0;3;14;8;1;0;1;3;2384;34;565;0;0
1972;2025;108;6;6;1;0;0;-4;0;0;0;0;55;0;9;6;4;4;3;1;4;4715;903;214;0;0
1973;2025;116;6;6;1;2;4;-4;1;0;0;0;64;0;15;12;7;5;1;2;5;4748;1775;430;0;0
1975;2025;105;6;2;0;0;0;1;0;0;0;0;54;0;3;0;0;2;1;0;0;1088;311;0;0;0
1976;2025;116;6;5;2;3;2;0;2;1;0;0;69;1;15;18;12;4;2;1;4;3348;1908;17;0;0
1977;2025;116;6;6;1;2;0;3;0;0;0;0;68;0;5;0;0;6;1;1;9;4477;112;547;0;0
1978;2025;118;6;3;0;0;6;2;0;0;0;0;60;0;3;31;15;2;1;0;4;1912;101;405;0;0
1979;2025;113;6;4;2;2;4;2;0;0;0;0;68;1;8;2;1;4;1;0;2;3106;947;104;0;0
1980;2025;115;6;6;1;2;6;3;1;0;0;0;66;1;11;4;2;4;0;2;0;5428;500;368;0;0
1981;2025;111;6;7;0;2;6;-1;0;1;0;0;55;0;14;0;0;9;1;0;3;4317;517;120;0;0
1984;2025;106;6;7;0;1;2;2;0;0;0;0;63;0;13;80;40;8;3;1;4;3855;0;1674;0;0
1985;2025;104;6;1;0;0;0;0;0;0;0;0;62;0;4;0;0;0;0;0;0;310;268;0;0;0
1986;2025;121;6;6;0;0;2;-4;0;0;0;0;55;0;3;5;3;3;4;1;3;3790;176;723;0;0
1988;2025;113;6;7;0;2;0;0;0;0;0;0;60;0;8;0;0;7;0;3;16;5224;0;1062;0;0
1989;2025;115;6;4;0;0;2;-2;0;0;0;0;53;0;3;0;0;2;0;0;1;1902;0;124;0;0
1990;2025;117;6;5;0;1;9;0;0;0;0;0;64;0;9;57;33;7;3;3;4;3431;0;872;1;1
1991;2025;117;6;7;3;2;20;-3;0;2;0;0;69;0;26;127;71;12;1;5;4;4898;1874;443;0;0
1992;2025;112;6;5;0;3;8;5;0;0;0;0;63;0;10;68;37;6;1;3;3;3918;271;208;0;0
1993;2025;113;6;7;0;3;8;-2;0;1;0;0;68;0;22;0;0;8;0;2;8;6249;1253;0;0;0
1994;2025;104;6;4;0;0;0;-3;0;0;0;0;68;0;11;40;21;3;1;2;0;3327;791;104;0;0
1995;2025;109;6;4;2;2;0;1;2;1;0;0;71;0;8;0;0;4;0;1;5;3513;1203;88;0;0
1996;2025;108;6;2;0;2;4;-1;0;1;0;0;61;0;2;0;0;5;1;1;2;1698;676;21;0;0
1997;2025;112;6;1;0;0;0;0;0;0;0;0;63;0;0;14;10;1;0;0;0;876;58;182;0;0
1998;2025;106;6;6;5;0;0;1;2;0;0;0;67;2;20;91;56;2;3;0;3;3140;1987;83;0;0
2001;2025;116;6;7;0;1;16;-1;0;0;0;0;50;0;3;1;1;6;2;1;3;4008;88;651;0;0
2002;2025;102;6;4;2;3;14;3;0;0;1;0;61;1;4;31;11;3;0;1;2;2268;36;335;0;0
2003;2025;106;6;4;0;0;9;0;0;0;0;0;59;0;2;0;0;3;2;4;0;1834;0;336;0;0
2004;2025;105;6;6;0;2;2;0;0;0;0;0;56;0;2;5;2;3;3;1;1;4037;202;360;0;0
2005;2025;120;6;7;0;1;4;-2;0;0;0;0;60;0;7;0;0;6;2;2;10;4800;1553;197;0;0
2006;2025;110;6;2;0;0;4;1;0;0;0;0;51;0;1;10;5;0;1;0;0;1071;125;0;0;0
2007;2025;107;6;6;2;0;4;-4;0;0;0;0;56;0;7;2;0;6;0;1;4;3517;531;38;0;0
2008;2025;113;6;7;1;0;4;2;0;0;0;0;60;0;2;0;0;6;3;1;4;5218;467;211;0;0
2009;2025;118;6;4;0;0;0;-1;0;0;0;0;56;0;1;0;0;3;1;0;3;1618;0;251;0;0
2011;2025;104;6;6;0;0;2;-2;0;0;0;0;49;0;3;0;0;4;1;0;3;3511;0;330;0;0
2012;2025;113;6;7;0;0;2;-2;0;0;0;0;54;0;7;0;0;8;4;4;11;5346;29;1047;0;0
2014;2025;104;6;3;0;0;0;1;0;0;0;0;52;0;0;2;1;2;1;0;0;973;93;0;0;0
2015;2025;121;6;7;0;0;4;-4;0;0;0;0;61;0;1;0;0;13;1;0;12;3831;0;1923;0;0
2016;2025;110;6;1;0;0;0;0;0;0;0;0;53;0;1;4;2;2;0;0;1;483;0;145;0;0
2017;2025;110;6;4;1;1;4;0;0;0;0;1;51;0;2;1;0;1;2;0;7;1417;0;554;0;0
2018;2025;118;6;3;0;1;0;1;0;0;0;0;59;0;1;0;0;0;0;0;0;1194;219;128;0;0
2020;2025;119;6;6;3;2;2;2;0;0;0;1;62;0;19;16;10;6;3;4;2;3763;375;455;0;0
2022;2025;104;6;1;0;0;0;-2;0;0;0;0;63;0;3;16;9;2;0;0;2;748;339;12;0;0
2024;2025;121;6;4;0;0;2;0;0;0;0;0;53;0;1;0;0;0;0;0;1;1630;283;0;0;0
2025;2025;107;6;2;1;1;0;2;0;0;0;0;56;0;2;1;1;0;1;0;1;1147;82;0;0;0
2026;2025;120;6;7;0;1;2;1;0;0;0;0;54;0;3;0;0;2;1;1;4;4921;21;352;0;0
2028;2025;108;6;7;0;0;28;-3;0;0;0;0;70;0;5;1;1;6;0;1;5;4946;39;441;0;0
2029;2025;110;6;3;0;1;2;1;0;0;0;0;57;0;1;0;0;1;0;0;1;1918;611;145;0;0
2031;2025;108;6;3;0;1;12;-2;0;0;0;0;50;0;0;21;11;1;0;0;1;1688;0;0;0;0
2032;2025;118;6;7;0;1;2;-1;0;1;0;0;54;0;4;0;0;13;5;3;11;5307;229;1199;0;0
2033;2025;107;6;2;0;0;2;-2;0;0;0;0;50;0;1;0;0;1;1;0;2;1068;8;136;0;0
2034;2025;111;6;4;2;1;0;1;1;0;0;0;59;1;8;30;12;0;0;0;1;2351;769;97;0;0
2035;2025;103;6;1;0;1;2;1;0;0;0;0;52;0;0;0;0;1;1;0;0;532;0;0;0;0
2036;2025;111;6;5;0;0;0;-2;0;0;0;0;52;0;3;11;5;1;1;0;1;2109;208;545;0;0
2037;2025;112;6;4;0;0;8;0;0;0;0;0;50;0;1;0;0;1;1;0;1;2411;34;0;0;0
2038;2025;108;6;6;0;1;6;-6;0;1;0;0;53;0;6;2;1;2;3;0;1;3654;467;293;0;0
2039;2025;104;6;2;1;0;0;-2;1;0;0;0;53;0;4;0;0;1;2;0;0;1024;108;115;0;0
2040;2025;108;6;3;1;0;0;-3;1;0;0;0;56;0;3;28;11;3;1;0;1;1267;570;0;0;0
2041;2025;110;6;4;0;0;2;-2;0;0;0;0;61;0;10;0;0;2;3;1;5;2857;1404;155;0;0
2042;2025;104;6;1;0;2;0;1;0;0;0;0;69;0;2;19;4;3;0;0;1;1008;108;57;0;0
2043;2025;120;6;5;2;0;0;2;0;0;0;0;62;0;12;37;22;3;1;1;1;3300;128;74;0;0
2044;2025;115;6;6;2;1;0;-3;2;1;0;0;60;0;12;2;1;6;2;0;0;3831;757;76;0;0
2045;2025;120;6;7;3;1;2;-4;2;1;0;0;61;1;17;85;39;6;3;1;1;4252;1716;0;0;0
2046;2025;109;6;1;0;0;0;0;0;0;0;0;54;0;0;0;0;0;0;0;1;373;0;0;0;0
2047;2025;103;6;4;0;3;0;0;0;1;0;0;53;0;8;0;0;2;0;0;0;1904;113;72;0;0
2048;2025;114;6;3;0;0;0;-1;0;0;0;0;54;0;1;0;0;4;0;0;2;2176;0;182;0;0
2050;2025;116;6;5;2;0;2;5;0;0;0;0;58;1;8;2;0;0;1;1;1;3296;183;90;0;0
2052;2025;111;6;1;0;0;0;0;0;0;0;0;57;0;1;6;4;1;1;0;1;536;0;108;0;0
2054;2025;118;6;4;2;0;4;-3;2;0;0;0;62;0;10;65;29;2;1;2;4;3030;454;352;0;0
2055;2025;116;6;4;0;1;4;1;0;0;0;0;58;0;3;1;1;4;2;2;0;2218;382;307;0;0
2056;2025;110;6;5;0;1;14;0;0;1;0;0;55;0;3;3;3;2;2;1;2;2745;428;12;0;0
2057;2025;110;6;3;0;0;0;-2;0;0;0;0;54;0;4;42;18;0;2;0;3;2339;636;63;0;0
2058;2025;104;6;2;0;0;0;-1;0;0;0;0;56;0;4;0;0;1;0;2;2;1589;351;196;0;0
2059;2025;109;6;7;1;2;0;3;0;0;0;0;60;0;10;0;0;7;3;6;9;4808;1334;447;0;0
2060;2025;121;6;7;0;0;13;-3;0;0;0;0;55;0;4;0;0;9;3;5;15;5469;377;829;0;0
2061;2025;122;6;2;1;1;4;0;1;1;0;0;61;0;2;18;10;1;0;0;1;879;449;0;0;0
2064;2025;103;6;1;0;0;0;-1;0;0;0;0;46;0;0;0;0;0;0;1;1;412;0;0;0;0
2065;2025;104;6;1;0;1;0;1;0;0;0;0;55;0;1;4;0;1;1;0;0;879;157;127;0;0
2066;2025;113;6;4;1;0;2;0;0;0;0;0;52;0;3;9;5;3;0;0;0;1447;128;0;0;0
2067;2025;103;6;2;0;0;0;0;0;0;0;0;60;0;2;19;6;1;0;0;1;1497;217;0;0;0
2068;2025;114;6;6;1;1;0;-3;0;0;0;0;63;0;8;0;0;7;4;0;11;5287;255;522;0;0
2069;2025;114;6;5;0;1;2;-2;0;1;0;0;55;0;10;4;2;1;2;2;1;3413;603;96;0;0
2070;2025;114;6;4;0;1;0;0;0;0;0;0;54;0;4;2;0;2;1;0;1;2432;432;0;0;0
2071;2025;116;6;1;0;0;0;-1;0;0;0;0;54;0;0;2;0;0;0;1;0;508;0;0;0;0
2072;2025;117;6;7;0;1;2;-3;0;0;0;1;52;0;6;55;33;7;6;1;2;4134;0;1755;0;0
2073;2025;117;6;6;0;0;4;-2;0;0;0;0;51;0;5;17;5;3;1;2;2;3573;72;50;0;0
2074;2025;118;6;4;1;1;0;-1;0;1;0;0;65;0;5;11;8;1;0;1;5;3019;569;303;0;0
2075;2025;113;6;6;2;2;6;-2;0;1;0;0;57;0;8;8;3;4;1;1;1;4510;333;217;0;0
2076;2025;109;6;4;1;1;0;1;0;0;0;0;65;1;7;46;17;5;0;0;0;2484;471;23;0;0
2077;2025;118;6;6;3;1;0;-1;0;0;0;0;58;0;8;3;2;4;1;1;2;3932;195;278;0;0
2079;2025;111;6;4;1;1;0;-3;1;0;0;0;60;0;10;3;1;1;0;1;3;1455;1006;0;0;0
2080;2025;112;6;6;0;0;2;0;0;0;0;0;55;0;3;0;0;4;1;1;5;4559;154;531;0;0
2082;2025;110;6;2;0;0;0;-1;0;0;0;0;49;0;0;0;0;1;0;0;0;564;0;127;0;0
2083;2025;105;6;1;1;0;0;0;0;0;0;0;50;0;1;0;0;2;0;0;1;773;0;85;0;0
2084;2025;105;6;1;0;0;0;-1;0;0;0;0;49;0;1;0;0;0;0;0;0;372;37;0;0;0
2085;2025;118;6;1;0;0;0;-2;0;0;0;0;54;0;1;0;0;0;0;0;1;451;48;0;0;0
2086;2025;122;6;5;0;0;0;-1;0;0;0;0;59;0;2;0;0;1;1;0;4;2252;20;348;0;0
2087;2025;114;6;1;0;1;2;0;0;0;0;0;53;0;0;1;0;1;1;0;1;581;101;70;0;0
2088;2025;117;6;7;0;3;4;-3;0;1;0;0;60;0;14;25;11;3;5;2;2;4691;1711;49;0;0
2090;2025;105;6;1;0;1;0;2;0;0;0;0;66;0;1;0;0;1;0;1;2;766;0;206;0;0
2091;2025;103;6;6;0;3;4;2;0;0;0;0;59;0;8;0;0;5;3;1;4;3819;990;24;0;0
2093;2025;104;6;3;1;0;4;1;0;0;1;0;65;0;10;0;0;3;0;0;3;2015;701;60;0;0
2095;2025;109;6;1;0;0;2;-2;0;0;0;0;42;0;0;0;0;0;1;0;1;431;60;0;0;0
2096;2025;112;6;2;0;0;0;1;0;0;0;0;67;0;1;0;0;0;0;0;4;951;0;507;0;0
2097;2025;115;6;1;0;1;2;0;0;0;0;0;70;0;3;20;8;4;0;0;0;867;164;0;0;0
2098;2025;108;6;7;1;2;14;0;1;1;0;0;64;0;15;8;2;4;0;1;6;5854;1419;395;0;0
2099;2025;109;6;1;0;0;2;-1;0;0;0;0;46;0;0;0;0;0;0;1;0;446;0;0;0;0
2100;2025;105;6;4;0;1;4;1;0;0;0;0;53;0;4;1;0;0;2;0;0;1816;0;122;0;0
2101;2025;104;6;6;0;0;4;-2;0;0;0;0;67;0;7;2;2;7;0;2;9;4435;234;594;0;0
2102;2025;107;6;1;0;0;0;-1;0;0;0;0;48;0;2;0;0;0;0;0;0;396;0;0;0;0
2103;2025;107;6;3;0;0;0;-1;0;0;0;0;53;0;1;4;1;3;0;1;0;1110;0;506;0;0
2104;2025;104;6;3;0;0;2;-2;0;0;0;0;53;0;0;4;1;0;1;2;1;1896;205;107;0;0
2105;2025;102;6;2;0;0;0;-2;0;0;0;0;66;0;2;1;0;2;1;1;0;1191;1053;122;0;0
2106;2025;112;6;1;0;0;0;0;0;0;0;0;66;0;0;7;5;1;0;1;1;510;97;320;0;0
2107;2025;111;6;6;0;0;0;2;0;0;0;0;58;0;5;0;0;3;1;0;1;3677;62;0;0;0
2108;2025;107;6;1;0;0;0;0;0;0;0;0;55;0;1;0;0;0;1;0;0;452;0;49;0;0
2109;2025;122;6;3;0;0;0;-1;0;0;0;0;56;0;4;23;12;4;0;0;1;1900;31;341;0;0
2110;2025;110;6;1;0;0;0;-3;0;0;0;0;51;0;1;2;1;0;0;0;0;785;290;0;0;0
2111;2025;114;6;2;0;0;2;0;0;0;0;0;52;0;0;6;3;1;0;0;1;966;63;185;0;0
2112;2025;114;6;3;0;1;0;-2;0;0;0;0;52;0;3;1;0;1;0;0;1;1358;59;0;0;0
2113;2025;103;6;1;1;0;0;1;0;0;0;0;57;0;1;0;0;1;1;0;3;420;0;115;0;0
2115;2025;117;6;7;1;1;4;-5;0;0;0;0;56;0;14;4;3;3;3;4;2;5934;960;115;0;0
2116;2025;112;6;3;0;1;2;2;0;0;0;0;64;0;1;0;0;4;1;0;7;1440;0;911;0;0
2117;2025;102;6;6;1;2;2;-3;0;0;0;1;55;0;3;0;0;2;2;1;5;3868;57;471;0;0
2118;2025;112;6;1;0;0;2;0;0;0;0;0;57;0;1;0;0;1;0;0;0;781;0;43;0;0
2119;2025;108;6;7;1;0;0;1;0;0;0;0;52;0;2;0;0;5;1;0;2;3807;0;948;0;0
2120;2025;117;6;7;1;1;4;-1;0;0;0;0;51;0;6;63;29;3;3;2;0;3070;265;155;0;0
2121;2025;118;6;2;0;0;0;1;0;0;0;0;56;0;3;0;0;2;1;2;0;1365;35;242;0;0
2123;2025;106;6;2;0;0;2;2;0;0;0;0;49;0;2;0;0;3;0;0;0;1048;0;69;0;0
2124;2025;110;6;3;0;0;2;-4;0;0;0;0;52;0;3;0;0;3;1;0;2;1106;618;241;0;0
2125;2025;106;6;1;0;0;0;0;0;0;0;0;57;0;2;5;3;1;0;0;0;422;82;0;0;0
2126;2025;105;6;1;0;0;0;-2;0;0;0;0;56;0;1;19;10;1;0;0;0;414;577;51;0;0
2129;2025;103;6;3;1;2;2;-1;1;1;0;0;60;0;7;12;6;7;1;1;1;1947;104;262;0;0
2131;2025;104;6;4;1;1;2;0;0;0;0;1;60;0;8;5;2;2;2;1;2;3072;421;132;0;0
2132;2025;117;6;6;1;0;2;-2;0;0;0;0;66;0;7;0;0;5;6;6;22;4276;36;1272;0;0
2135;2025;112;6;2;1;0;5;-1;1;0;0;0;58;0;7;6;1;0;0;0;0;1179;385;98;0;0
2136;2025;110;6;1;0;0;0;-1;0;0;0;0;65;0;0;0;0;0;0;2;2;722;0;156;0;0
2137;2025;110;6;1;0;0;0;-2;0;0;0;0;51;0;1;0;0;1;0;0;0;535;35;0;0;0
2138;2025;118;6;3;0;0;0;0;0;0;0;0;55;0;1;3;1;0;2;1;1;1698;94;62;0;0
2139;2025;109;6;3;0;0;2;0;0;0;0;0;55;0;7;0;0;0;1;0;2;2243;40;145;0;0
2140;2025;113;6;6;1;1;2;-3;1;1;0;0;62;0;12;103;44;4;3;3;2;4534;1363;34;0;0
2141;2025;109;6;4;1;3;0;3;0;0;0;0;70;1;9;6;3;4;1;0;2;3052;920;290;0;0
2143;2025;110;6;5;1;2;9;2;0;2;0;0;57;1;8;0;0;7;3;4;3;4006;950;286;0;0
2146;2025;103;6;1;0;0;0;0;0;0;0;0;51;0;0;0;0;0;0;0;0;433;0;0;0;0
2147;2025;105;6;2;1;1;2;-1;1;0;0;0;61;0;2;0;0;1;0;0;1;1103;666;0;0;0
2148;2025;104;6;1;0;0;2;0;0;0;0;0;56;0;0;12;5;1;0;0;1;784;85;84;0;0
2149;2025;116;6;3;0;0;0;-2;0;0;0;0;54;0;5;30;12;1;0;0;1;1378;519;0;0;0
2150;2025;110;6;1;0;0;0;0;0;0;0;0;49;0;0;7;3;1;1;0;0;285;0;96;0;0
2151;2025;112;6;1;0;0;0;0;0;0;0;0;53;0;1;0;0;2;0;0;0;284;0;154;0;0
2152;2025;112;6;4;1;2;0;1;1;1;0;0;59;0;8;38;22;1;2;0;5;3003;92;256;0;0
2153;2025;112;6;1;1;0;0;1;0;0;0;0;59;0;1;11;6;0;0;0;0;472;0;283;0;0
2155;2025;114;6;5;0;1;0;2;0;0;0;0;56;0;7;7;1;0;1;2;3;3247;1015;135;0;0
2156;2025;104;6;1;0;0;0;0;0;0;0;0;53;0;1;0;0;0;0;0;0;424;0;0;0;0
2157;2025;104;6;1;0;0;0;0;0;0;0;0;58;0;1;8;1;3;0;0;0;835;0;201;0;0
2158;2025;106;6;1;0;0;2;3;0;0;0;0;46;0;2;0;0;0;0;1;0;595;0;278;0;0
2160;2025;103;6;2;0;1;2;-2;0;1;0;0;57;0;2;23;12;2;0;0;1;1146;304;0;0;0
2162;2025;102;6;2;0;1;0;0;0;0;0;0;53;0;1;1;0;0;0;0;1;878;75;50;0;0
2163;2025;112;6;2;0;0;0;0;0;0;0;0;54;0;2;0;0;0;0;1;1;1370;58;0;0;0
2165;2025;112;6;2;0;0;0;0;0;0;0;0;59;0;1;15;7;1;0;0;0;1025;90;141;0;0
2166;2025;112;6;1;0;0;0;1;0;0;0;0;55;0;1;2;1;0;0;0;0;441;142;0;0;0
2167;2025;112;6;1;0;0;0;0;0;0;0;0;53;0;2;0;0;0;0;0;0;493;58;0;0;0
2169;2025;114;6;1;0;0;0;0;0;0;0;0;54;0;0;0;0;0;0;0;0;338;0;140;0;0
2170;2025;104;6;4;1;2;0;-1;0;1;0;0;59;0;7;5;5;2;1;1;1;2780;374;94;0;0
2171;2025;103;6;5;0;0;0;3;0;0;0;0;61;0;6;0;0;3;0;0;2;2926;0;488;0;0
2172;2025;115;6;3;0;0;0;-2;0;0;0;0;52;0;1;3;0;0;0;0;0;1371;102;21;0;0
2174;2025;109;6;1;0;0;0;1;0;0;0;0;57;0;0;3;1;0;0;0;0;248;184;0;0;0
2175;2025;103;6;2;0;1;2;1;0;0;0;0;56;0;1;2;0;1;0;1;0;898;167;42;0;0
2176;2025;110;6;2;0;0;0;-3;0;0;0;0;52;0;0;0;0;0;0;0;1;884;0;54;0;0
2177;2025;113;6;6;2;2;2;2;0;0;0;0;64;0;14;1;1;8;0;1;4;4218;1096;244;0;0
2178;2025;111;6;1;0;0;0;0;0;0;0;0;51;0;1;3;1;0;0;0;0;329;0;122;0;0
2180;2025;102;6;1;0;0;0;-1;0;0;0;0;51;0;1;0;0;1;1;0;1;402;83;130;0;0
2181;2025;103;6;3;0;2;0;0;0;1;0;0;58;0;2;3;2;1;1;1;1;1742;172;154;0;0
2182;2025;114;6;1;0;0;2;-1;0;0;0;0;56;0;3;0;0;2;0;0;0;575;446;154;0;0
2184;2025;114;6;3;0;1;0;-1;0;0;0;0;59;0;3;2;1;5;0;2;4;1782;372;124;0;0
2185;2025;114;6;1;0;0;14;0;0;0;0;0;50;0;0;5;3;1;0;0;0;387;0;35;0;0
2186;2025;116;6;1;0;0;2;-1;0;0;0;0;52;0;1;7;2;0;0;0;0;508;0;0;0;0
2187;2025;103;6;1;0;0;0;-1;0;0;0;0;49;0;0;0;0;0;0;0;0;783;0;0;0;0
2191;2025;119;6;3;0;0;0;-1;0;0;0;0;56;0;2;0;0;3;0;0;5;1182;0;363;0;0
2192;2025;120;6;7;0;0;0;-1;0;0;0;0;50;0;0;0;0;0;0;0;0;2557;0;31;0;0
2193;2025;122;6;1;0;1;0;0;0;1;0;0;67;0;0;14;4;2;0;1;0;279;479;0;0;0
2195;2025;118;6;2;0;0;0;-1;0;0;0;0;53;0;2;0;0;0;0;1;0;1045;0;0;0;0
2197;2025;106;6;4;1;1;0;0;0;1;0;0;53;0;5;0;0;0;1;0;0;1800;232;0;0;0
2198;2025;123;6;6;0;5;2;5;0;0;0;0;59;0;6;0;0;27;1;2;0;4254;0;166;0;0
2199;2025;105;6;1;0;0;0;-1;0;0;0;0;49;0;0;3;1;0;1;0;0;491;0;95;0;0
2200;2025;115;6;2;0;0;0;0;0;0;0;0;54;0;0;0;0;0;1;0;0;1389;119;0;0;0
2202;2025;106;6;1;1;3;2;1;1;0;0;0;78;0;2;4;3;0;0;0;0;757;80;0;0;0
2203;2025;105;6;3;0;0;0;-2;0;0;0;0;52;0;4;0;0;4;0;0;2;1304;0;131;0;0
2205;2025;104;6;1;0;0;2;-2;0;0;0;0;51;0;0;0;0;1;0;0;1;760;72;0;0;0
2206;2025;113;6;2;0;0;0;0;0;0;0;0;52;0;2;0;0;1;2;0;0;1123;105;0;0;0
2207;2025;105;6;1;0;0;0;-1;0;0;0;0;53;0;0;2;0;0;0;0;2;311;95;148;0;0
2208;2025;122;6;2;0;0;2;-1;0;0;0;0;62;0;4;5;1;5;0;2;0;1563;87;180;0;0
2210;2025;103;6;3;2;3;0;2;1;1;0;0;58;1;9;0;0;0;2;0;2;2216;174;0;0;0
2211;2025;111;6;1;0;0;2;0;0;0;0;0;48;0;2;0;0;0;1;0;0;423;19;0;0;0
2213;2025;117;6;7;1;0;16;-3;0;0;0;0;53;0;8;0;0;1;2;1;1;4279;1000;0;0;0
2214;2025;117;6;4;0;1;2;0;0;0;0;0;58;0;6;6;3;3;0;2;2;1817;793;46;0;0
2215;2025;103;6;1;0;0;0;-1;0;0;0;0;51;0;1;3;1;0;0;0;1;718;0;67;0;0
2216;2025;119;6;1;1;0;0;-2;1;0;0;0;60;0;5;13;4;1;0;0;0;321;408;0;0;0
2217;2025;107;6;1;0;0;0;0;0;0;0;0;50;0;0;0;0;0;1;0;0;455;0;0;0;0
2218;2025;115;6;1;0;0;0;0;0;0;0;0;54;0;1;4;2;1;0;0;3;371;0;98;0;0
2219;2025;119;6;3;0;0;4;0;0;0;0;0;49;0;0;4;1;0;1;0;0;1389;48;285;0;0
2220;2025;111;6;1;0;0;0;0;0;0;0;0;54;0;0;0;0;0;0;0;0;351;0;162;0;0
2224;2025;111;6;1;0;1;0;-1;0;1;0;0;55;0;1;9;3;0;0;1;0;309;150;28;0;0
2225;2025;104;6;1;0;0;0;-1;0;0;0;0;41;0;0;0;0;0;2;0;0;482;0;0;0;0
2228;2025;103;6;1;0;0;0;1;0;0;0;0;53;0;0;6;4;2;1;0;0;379;0;200;0;0
2229;2025;103;6;2;2;0;2;1;0;0;0;0;50;0;3;12;5;3;0;0;0;772;2;38;0;0
2230;2025;118;6;1;0;0;0;-1;0;0;0;0;64;0;5;1;0;1;0;3;0;876;332;130;0;0
2231;2025;121;6;5;0;0;14;-2;0;0;0;0;54;0;3;0;0;2;2;0;2;2599;532;31;0;0
2233;2025;104;6;1;0;0;0;1;0;0;0;0;50;0;0;0;0;0;0;0;0;312;0;0;0;0
2234;2025;119;6;2;0;1;0;0;0;0;0;0;55;0;1;14;7;0;0;0;1;764;0;334;0;0
2235;2025;110;6;2;0;0;0;1;0;0;0;0;53;0;0;1;0;2;0;0;2;1090;57;121;0;0
2237;2025;107;6;1;0;0;0;-1;0;0;0;0;52;0;0;2;2;2;0;0;0;412;0;40;0;0
2238;2025;107;6;4;0;0;0;-1;0;0;0;0;55;0;4;0;0;6;3;0;2;1307;0;992;0;0
2239;2025;108;6;3;0;0;2;-1;0;0;0;0;58;0;2;0;0;1;2;0;4;1998;0;226;0;0
2240;2025;108;6;5;0;1;0;-2;0;0;0;0;54;0;5;26;13;2;1;0;0;2545;401;86;0;0
2241;2025;109;6;3;0;1;2;2;0;0;0;0;60;0;1;0;0;2;0;2;1;2017;0;164;0;0
2242;2025;105;6;1;0;0;0;0;0;0;0;0;57;0;0;0;0;0;0;0;0;310;95;94;0;0
2243;2025;102;6;2;0;0;0;0;0;0;0;0;50;0;0;2;1;0;0;0;1;659;36;27;0;0
2244;2025;104;6;1;0;0;0;-2;0;0;0;0;50;0;3;0;0;1;1;0;0;260;339;0;0;0
2245;2025;115;6;1;0;0;0;-1;0;0;0;0;69;0;1;0;0;1;0;1;0;762;0;91;0;0
2246;2025;120;6;3;0;0;0;1;0;0;0;0;53;0;2;2;1;0;1;0;0;1138;245;0;0;0
2247;2025;106;6;2;0;0;0;-1;0;0;0;0;49;0;3;0;0;0;0;0;0;863;0;243;0;0
2248;2025;106;6;2;0;0;0;-1;0;0;0;0;52;0;4;0;0;0;0;1;0;738;0;69;0;0
2250;2025;114;6;1;0;0;0;0;0;0;0;0;48;0;0;0;0;0;1;0;0;389;0;16;0;0
2251;2025;104;6;1;0;0;2;0;0;0;0;0;47;0;1;0;0;0;1;0;0;815;85;18;0;0
2253;2025;104;6;1;0;1;0;1;0;0;0;0;64;0;0;0;0;0;0;0;0;336;0;15;0;0
2254;2025;110;6;3;1;1;0;-2;0;0;1;0;59;0;5;20;10;4;1;1;3;1268;576;660;0;0
2256;2025;115;6;1;0;0;0;0;0;0;0;0;51;0;2;0;0;1;0;0;2;327;0;0;0;0
2257;2025;111;6;1;1;0;2;-1;1;0;0;0;54;0;2;0;0;1;0;0;0;575;132;0;0;0
2258;2025;119;6;3;0;0;2;-2;0;0;0;0;52;0;1;18;11;0;1;1;2;1325;669;0;0;0
2259;2025;119;6;2;0;0;0;-1;0;0;0;0;52;0;3;0;0;0;1;1;0;760;0;39;0;0
2260;2025;107;6;2;1;1;0;2;0;0;0;0;63;0;4;0;0;1;0;1;0;1222;220;14;0;0
2262;2025;110;6;2;0;0;2;1;0;0;0;0;54;0;1;10;3;2;0;0;0;1042;89;0;0;0
2263;2025;121;6;5;1;1;0;1;0;0;0;0;54;0;9;11;5;1;2;3;1;2821;525;53;0;0
2264;2025;107;6;2;0;0;0;0;0;0;0;0;56;0;1;0;0;0;1;1;4;959;0;49;0;0
2266;2025;114;6;2;0;1;0;1;0;0;0;0;56;0;1;12;6;1;0;0;1;1136;239;81;0;0
2267;2025;110;6;4;0;3;0;1;0;0;0;0;56;0;4;0;0;3;0;0;1;2228;411;63;0;0
2268;2025;122;6;1;0;0;0;0;0;0;0;0;54;0;1;3;0;0;0;1;0;370;0;154;0;0
2271;2025;114;6;1;0;0;0;1;0;0;0;0;60;0;1;0;0;3;0;1;0;646;0;211;0;0
2272;2025;106;6;1;0;0;0;0;0;0;0;0;50;0;2;0;0;0;1;0;0;392;104;35;0;0
2273;2025;112;6;2;0;0;0;0;0;0;0;0;59;0;3;0;0;1;0;1;2;753;97;267;0;0
2274;2025;103;6;1;0;0;0;-1;0;0;0;0;58;0;0;0;0;0;0;1;1;412;99;0;0;0
2275;2025;114;6;1;0;0;0;0;0;0;0;0;52;0;0;1;1;1;0;0;0;456;0;0;0;0
2276;2025;111;6;4;0;0;0;-1;0;0;0;0;53;0;2;0;0;0;0;0;1;1413;0;352;0;0
2278;2025;112;6;1;0;0;0;0;0;0;0;0;49;0;0;5;2;0;0;0;0;316;0;0;0;0
2279;2025;118;6;3;0;0;0;-2;0;0;0;0;50;0;1;0;0;1;0;0;0;997;0;0;0;0
2280;2025;104;6;1;0;0;0;0;0;0;0;0;59;0;5;0;0;0;0;0;0;681;116;0;0;0
2281;2025;117;6;5;0;0;2;-2;0;0;0;0;51;0;2;0;0;0;0;1;3;1871;62;297;0;0
2282;2025;112;6;3;0;1;0;2;0;0;0;0;53;0;0;0;0;0;0;0;0;1351;0;0;0;0
2283;2025;110;6;1;0;0;0;0;0;0;0;0;51;0;2;0;0;0;0;0;1;356;0;0;0;0
2284;2025;115;6;2;0;0;0;1;0;0;0;0;58;0;4;0;0;2;0;0;1;1563;0;134;0;0
2285;2025;118;6;1;0;0;0;0;0;0;0;0;55;0;1;10;6;1;0;0;0;539;27;49;0;0
2286;2025;122;6;2;0;0;2;-1;0;0;0;0;56;0;2;0;0;0;0;0;1;889;566;44;0;0
2287;2025;118;6;4;0;0;2;-1;0;0;0;0;55;0;4;0;0;2;1;0;6;2375;313;160;0;0
2288;2025;109;6;1;0;0;4;-1;0;0;0;0;48;0;0;0;0;0;0;0;0;604;0;92;0;0
2289;2025;116;6;2;0;0;0;-2;0;0;0;0;47;0;1;0;0;1;1;0;0;980;0;73;0;0
2290;2025;116;6;6;1;4;0;2;0;0;0;0;57;0;10;63;31;4;4;2;0;4412;0;999;0;0
2291;2025;116;6;1;0;0;0;-1;0;0;0;0;46;0;0;0;0;0;0;0;0;250;0;0;0;0
2292;2025;104;6;1;1;0;0;1;0;0;0;0;58;0;2;14;9;0;0;0;0;796;157;0;0;0
2295;2025;117;6;1;0;0;2;-1;0;0;0;0;50;0;0;0;0;0;0;0;0;748;58;0;0;0
2296;2025;116;6;1;0;0;0;-1;0;0;0;0;54;0;2;3;2;0;0;0;1;505;0;106;0;0
2298;2025;104;6;2;0;1;0;0;0;0;0;1;65;0;0;0;0;4;1;1;1;1174;0;460;0;0
2300;2025;111;6;3;0;0;2;-1;0;0;0;0;57;0;1;0;0;1;2;0;1;1315;8;474;0;0
2302;2025;113;6;7;0;1;2;1;0;0;0;0;61;0;3;0;0;6;1;2;5;4681;14;1199;0;0
2303;2025;102;6;1;0;0;0;0;0;0;0;0;47;0;0;0;0;0;1;0;0;423;0;0;0;0
2304;2025;131;7;4;0;0;0;-3;0;0;0;0;62;0;3;0;0;5;1;2;5;3843;0;234;0;0
2305;2025;136;7;3;1;1;0;2;0;0;1;1;68;0;7;8;3;10;1;2;2;2809;0;417;0;0
2306;2025;134;7;3;0;0;2;1;0;0;0;0;56;0;2;6;2;5;0;1;1;1469;13;442;0;0
2307;2025;128;7;4;0;1;4;1;0;0;0;0;56;0;12;0;0;5;1;3;2;4107;149;627;0;0
2308;2025;127;7;2;0;0;4;-2;0;0;0;0;64;0;2;10;3;3;1;0;2;1824;228;444;0;0
2311;2025;135;7;4;2;5;0;-1;1;3;0;0;68;1;12;14;10;4;1;3;3;3395;607;128;0;0
2312;2025;130;7;4;0;0;2;-1;0;0;0;0;56;0;5;49;22;7;0;2;2;2917;71;401;0;0
2313;2025;132;7;3;2;1;0;5;0;0;1;0;62;0;5;0;0;3;1;0;6;1891;29;683;0;0
2314;2025;128;7;4;0;1;12;1;0;0;0;0;64;0;5;7;3;6;2;0;1;3178;211;0;0;0
2315;2025;136;7;4;0;3;2;-1;0;2;0;0;64;0;8;2;2;7;1;0;3;3061;436;428;0;0
2316;2025;134;7;4;2;0;0;2;0;0;0;0;62;0;6;32;19;3;3;0;3;2570;0;803;0;0
2318;2025;133;7;3;0;0;0;0;0;0;0;0;55;0;0;14;5;0;0;0;1;1105;108;50;0;0
2319;2025;137;7;1;0;1;0;0;0;0;0;0;64;0;2;4;1;2;1;1;1;1052;142;0;0;0
2320;2025;132;7;3;0;2;0;1;0;0;0;0;58;0;4;0;0;3;1;1;2;1375;227;0;0;0
2321;2025;125;7;4;0;2;0;2;0;1;0;0;57;0;5;3;2;3;0;0;1;3050;381;0;0;0
2322;2025;131;7;4;0;1;4;0;0;0;0;0;58;0;7;2;1;3;2;0;2;3252;943;284;0;0
2323;2025;127;7;2;0;0;0;0;0;0;0;0;60;0;0;0;0;0;1;1;2;651;38;506;0;0
2325;2025;132;7;4;0;3;4;3;0;0;0;0;67;0;4;36;20;8;1;1;3;3094;0;839;0;0
2326;2025;136;7;3;1;0;6;0;0;0;0;0;63;0;11;8;5;5;1;1;1;2777;789;49;0;0
2327;2025;135;7;4;1;4;2;3;1;1;0;0;63;1;9;41;20;5;1;1;0;2443;312;216;0;0
2328;2025;126;7;4;2;0;0;-1;0;0;1;0;61;0;12;2;2;2;1;2;4;2045;0;526;0;0
2329;2025;128;7;4;0;1;4;-5;0;0;0;0;61;0;8;0;0;8;2;1;10;4034;229;528;0;0
2331;2025;127;7;4;0;0;6;-1;0;0;0;0;70;0;4;0;0;6;0;2;9;3555;343;848;0;0
2332;2025;129;7;4;0;0;2;1;0;0;0;0;67;0;11;0;0;8;2;0;4;3854;977;415;0;0
2334;2025;129;7;4;1;0;0;1;0;0;1;0;70;0;13;17;10;7;1;4;5;3775;1021;466;0;0
2335;2025;127;7;3;0;1;0;-3;0;1;0;0;69;0;3;64;28;3;0;1;4;2509;1132;308;0;0
2336;2025;131;7;4;2;0;0;-1;0;0;0;0;61;0;11;2;1;5;2;2;0;3530;649;162;0;0
2337;2025;134;7;3;1;1;0;0;0;0;0;0;53;0;2;1;0;3;0;0;0;2292;14;255;0;0
2338;2025;134;7;3;0;0;0;-1;0;0;0;0;60;0;4;0;0;3;0;2;4;2182;290;320;0;0
2339;2025;132;7;4;0;4;2;2;0;2;0;0;71;0;8;0;0;6;1;0;8;3545;1453;279;0;0
2341;2025;127;7;4;0;2;0;3;0;0;0;0;58;0;5;33;16;2;0;0;1;2627;352;13;0;0
2342;2025;129;7;4;0;1;2;0;0;0;0;1;70;0;1;0;0;13;1;1;7;3855;121;563;0;0
2343;2025;124;7;2;0;2;2;1;0;0;0;0;65;0;2;2;0;0;0;0;3;1675;0;288;0;0
2344;2025;137;7;3;0;0;0;-3;0;0;0;0;50;0;3;19;5;9;1;0;0;1673;0;390;0;0
2345;2025;125;7;4;1;3;0;0;0;1;0;0;65;0;7;13;2;4;0;2;5;3245;381;972;0;0
2346;2025;135;7;2;1;0;0;-1;0;0;0;0;61;0;3;0;0;1;0;1;1;1669;111;0;0;0
2347;2025;130;7;3;0;0;0;0;0;0;0;0;63;0;10;3;1;1;1;1;1;2270;726;45;0;0
2348;2025;129;7;4;0;1;2;0;0;0;0;0;73;0;6;0;0;3;0;3;4;3617;0;567;0;0
2350;2025;124;7;4;1;0;2;0;0;0;0;0;62;0;8;11;8;3;0;1;4;2969;701;63;0;0
2351;2025;125;7;4;0;2;6;1;0;1;0;0;61;0;7;0;0;6;2;2;11;3771;248;782;0;0
2352;2025;127;7;2;0;1;0;0;0;0;0;0;72;0;3;25;13;3;0;1;2;1779;32;482;0;0
2354;2025;132;7;4;2;2;0;3;2;1;0;0;68;0;14;7;1;13;0;1;2;3007;1365;115;0;0
2356;2025;125;7;3;0;1;2;0;0;0;0;0;54;0;1;0;0;4;1;0;2;1966;23;337;0;0
2357;2025;126;7;2;0;1;2;-2;0;0;0;0;53;0;2;0;0;7;0;0;2;1751;0;228;0;0
2358;2025;127;7;2;0;0;0;-1;0;0;0;0;57;0;10;4;2;0;1;0;0;1737;569;170;0;0
2359;2025;128;7;4;2;0;2;-2;2;0;0;0;67;0;11;2;0;4;1;3;1;3553;564;84;0;0
2360;2025;131;7;3;0;0;2;-1;0;0;0;0;50;0;3;2;0;0;1;0;1;1525;0;32;0;0
2361;2025;129;7;4;1;0;2;-2;0;0;0;0;65;1;13;5;2;6;1;1;3;3886;937;40;0;0
2362;2025;125;7;3;2;1;0;2;0;0;0;0;72;1;6;0;0;8;0;0;2;2536;725;0;0;0
2363;2025;133;7;4;0;0;4;-2;0;0;0;0;56;0;1;19;10;2;1;2;2;1194;0;644;0;0
2365;2025;137;7;3;0;0;0;-1;0;0;0;0;49;0;0;6;3;0;0;0;1;1364;0;0;0;0
2366;2025;133;7;1;0;0;0;0;0;0;0;0;49;0;1;2;1;1;0;0;0;816;10;109;0;0
2367;2025;128;7;3;0;1;0;1;0;0;0;0;53;0;2;12;7;0;1;0;0;1127;40;453;0;0
2368;2025;134;7;4;0;1;2;1;0;0;0;0;64;0;6;0;0;5;1;2;6;2731;151;1102;0;0
2369;2025;135;7;3;1;0;2;1;0;0;1;0;60;0;1;4;1;0;0;0;2;1515;0;554;0;0
2372;2025;136;7;4;1;1;0;2;0;0;0;0;65;0;7;0;0;3;2;4;10;3891;118;715;0;0
2373;2025;136;7;4;0;3;0;2;0;1;0;1;71;0;9;0;0;8;1;4;7;3795;896;671;0;0
2374;2025;135;7;4;4;3;2;5;0;2;0;1;76;0;19;3;3;7;1;1;0;3112;865;140;0;0
2375;2025;125;7;4;0;4;2;1;0;0;0;0;66;0;15;9;6;3;0;0;0;3230;1086;0;0;0
2376;2025;126;7;3;1;1;0;2;1;0;0;0;77;0;13;0;0;1;0;1;5;2987;949;74;0;0
2377;2025;126;7;4;4;5;2;3;3;3;0;0;73;0;17;0;0;5;0;1;2;3560;968;17;0;0
2379;2025;132;7;4;0;3;2;1;0;2;0;0;68;0;11;64;33;0;2;1;1;2831;1112;362;0;0
2380;2025;136;7;4;0;2;0;0;0;1;0;0;66;0;8;12;5;9;7;7;7;3763;984;420;0;0
2381;2025;127;7;4;1;0;4;-2;1;0;0;0;60;0;16;0;0;4;1;2;2;3379;1322;213;0;0
2382;2025;126;7;4;0;2;2;-1;0;0;0;0;63;0;5;0;0;9;2;3;5;3601;187;581;0;0
2383;2025;127;7;4;0;0;0;0;0;0;0;0;66;0;8;0;0;6;0;3;7;3351;482;441;0;0
2384;2025;130;7;4;2;4;6;2;1;1;0;1;74;0;11;21;11;5;0;0;2;3601;631;458;0;0
2385;2025;136;7;3;1;0;4;-1;1;0;0;0;63;0;9;49;23;1;1;0;2;2646;870;0;0;0
2386;2025;134;7;4;1;1;2;1;0;0;0;0;60;0;9;0;0;5;2;0;6;3202;1352;298;0;0
2387;2025;126;7;4;0;0;4;1;0;0;0;0;57;0;8;8;3;0;1;1;3;2735;0;534;0;0
2389;2025;137;7;3;0;1;0;-4;0;0;0;0;48;0;3;10;7;5;3;1;5;2973;177;464;0;0
2390;2025;127;7;2;0;1;2;-2;0;1;0;0;71;0;11;1;1;2;1;4;1;1589;711;44;0;0
2391;2025;130;7;1;0;0;2;0;0;0;0;0;50;0;0;0;0;0;1;0;0;256;0;15;0;0
2392;2025;124;7;4;0;4;0;2;0;0;0;0;65;0;8;57;29;3;2;2;1;3115;867;9;0;0
2393;2025;134;7;3;0;1;2;0;0;0;0;0;64;0;6;52;30;1;1;1;4;2181;867;65;0;0
2394;2025;134;7;4;0;1;2;-1;0;0;0;0;61;0;11;8;4;2;2;1;0;3135;654;733;0;0
2395;2025;132;7;4;0;1;2;0;0;0;0;0;57;0;2;10;5;4;1;1;2;3278;0;365;0;0
2396;2025;129;7;4;0;0;6;1;0;0;0;0;56;0;10;46;25;4;3;0;4;2491;593;0;0;0
2397;2025;137;7;4;1;0;0;2;0;0;0;0;61;0;10;0;0;4;5;2;9;3619;141;333;0;0
2398;2025;134;7;1;0;0;0;0;0;0;0;0;53;0;0;4;2;1;0;0;0;442;0;0;0;0
2399;2025;126;7;4;0;0;2;0;0;0;0;0;62;0;9;0;0;2;0;1;0;2629;512;91;0;0
2400;2025;132;7;3;3;1;0;2;1;0;0;0;70;0;9;0;0;5;1;0;1;2074;1129;0;0;0
2401;2025;128;7;4;0;2;16;-1;0;1;0;0;57;0;2;45;25;4;2;1;1;2750;30;546;0;0
2402;2025;126;7;4;3;4;0;1;2;3;0;0;72;1;15;72;34;4;0;1;2;2983;1265;0;0;0
2403;2025;132;7;4;3;0;4;-1;1;0;0;0;64;1;10;0;0;5;1;2;1;3334;390;372;0;0
2404;2025;126;7;3;0;0;2;-2;0;0;0;0;60;0;0;0;0;2;0;0;2;1647;23;304;0;0
2405;2025;131;7;4;0;1;5;-2;0;0;0;0;66;0;12;0;0;8;0;1;4;3417;1091;287;1;0
2407;2025;128;7;3;1;0;0;-2;0;0;0;0;57;0;3;20;13;1;0;0;1;1667;0;0;0;0
2410;2025;125;7;4;0;0;0;1;0;0;0;0;63;0;9;9;8;4;0;2;3;2726;361;905;0;0
2412;2025;125;7;1;0;0;0;0;0;0;0;0;46;0;0;0;0;0;1;0;1;178;0;0;0;0
2414;2025;126;7;4;0;1;0;-1;0;0;0;0;54;0;10;6;4;1;1;1;1;2956;54;66;0;0
2415;2025;132;7;4;1;0;4;3;0;0;0;0;66;1;6;17;8;4;1;3;6;2467;0;604;0;0
2416;2025;131;7;4;0;2;2;1;0;1;0;0;61;0;6;8;4;7;1;0;6;3430;675;0;0;0
2418;2025;133;7;4;1;1;0;-1;0;0;0;0;63;0;7;0;0;5;1;1;3;3814;788;194;0;0
2419;2025;129;7;4;0;2;4;3;0;0;0;1;67;0;1;0;0;7;0;2;3;3788;245;271;0;0
2420;2025;125;7;4;1;1;2;1;0;0;0;0;60;1;5;0;0;2;1;1;12;3885;128;652;0;0
2421;2025;124;7;4;0;0;4;2;0;0;0;0;61;0;4;0;0;1;0;4;4;3564;31;265;0;0
2423;2025;128;7;1;0;0;0;0;0;0;0;0;51;0;1;0;0;0;0;0;1;190;0;114;0;0
2424;2025;135;7;4;2;4;2;2;2;1;0;0;67;0;15;0;0;6;2;0;2;3986;723;141;0;0
2425;2025;130;7;4;1;1;8;0;0;0;0;0;63;0;7;1;0;6;0;1;2;3367;330;0;0;0
2426;2025;126;7;4;1;2;0;1;0;0;0;0;64;0;10;6;5;2;0;1;0;3091;655;102;0;0
2427;2025;130;7;4;3;3;4;1;2;1;0;0;75;1;13;91;53;8;1;3;1;3362;981;715;0;0
2428;2025;129;7;1;1;0;2;1;0;0;0;0;57;0;2;0;0;0;0;0;1;819;84;56;0;0
2429;2025;133;7;3;0;0;2;1;0;0;0;0;57;0;1;0;0;0;1;2;2;1280;101;45;0;0
2430;2025;134;7;1;0;1;0;1;0;0;0;0;58;0;0;1;0;0;0;0;1;376;0;64;0;0
2432;2025;137;7;3;0;0;0;-2;0;0;0;0;54;0;0;0;0;4;2;0;4;1303;0;549;0;0
2433;2025;127;7;3;0;0;0;0;0;0;0;0;65;0;1;11;4;5;2;1;2;1883;101;649;0;0
2434;2025;128;7;3;0;1;0;1;0;0;0;0;64;0;4;2;0;0;1;2;1;2173;276;40;0;0
2435;2025;131;7;3;0;0;0;-1;0;0;0;0;58;0;1;2;0;3;0;1;2;2112;6;132;0;0
2436;2025;137;7;3;1;0;2;0;0;0;0;0;54;0;5;1;0;1;0;1;5;2010;170;0;0;0
2437;2025;126;7;4;0;0;0;1;0;0;0;0;64;0;11;5;2;3;1;1;2;2609;449;82;0;0
2438;2025;128;7;3;1;2;4;-4;1;1;0;0;65;0;11;9;3;4;0;0;1;2443;902;0;0;0
2439;2025;137;7;3;0;1;4;-3;0;0;0;0;47;0;1;0;0;2;0;0;8;2027;0;376;0;0
2441;2025;125;7;1;0;0;0;0;0;0;0;0;73;0;0;0;0;0;0;0;0;787;0;277;0;0
2442;2025;135;7;3;2;0;2;2;1;0;0;0;64;0;6;10;5;4;0;2;2;2338;164;482;0;0
2445;2025;131;7;4;0;0;0;-6;0;0;0;0;52;0;2;0;0;0;1;0;2;3257;160;177;0;0
2446;2025;125;7;1;1;0;0;2;0;0;0;0;49;0;1;0;0;1;1;0;0;787;0;130;0;0
2447;2025;126;7;2;0;0;0;-2;0;0;0;0;52;0;1;17;9;0;0;0;0;886;0;38;0;0
2448;2025;128;7;2;0;0;0;0;0;0;0;0;52;0;1;2;0;0;0;1;0;573;0;255;0;0
2449;2025;129;7;4;1;2;0;3;0;0;0;0;56;0;6;14;9;4;1;0;1;2131;0;505;0;0
2450;2025;133;7;4;0;1;6;-4;0;0;0;0;71;0;6;0;0;9;1;1;13;3605;144;691;0;0
2451;2025;132;7;4;0;0;2;4;0;0;0;0;62;0;5;0;0;5;1;1;11;3724;100;1002;0;0
2452;2025;127;7;3;1;0;0;0;0;0;0;0;64;0;4;0;0;6;0;1;5;2347;38;398;0;0
2453;2025;130;7;4;1;0;12;1;0;0;1;0;72;0;4;0;0;5;1;2;11;3257;0;755;0;0
2455;2025;133;7;1;0;1;0;0;0;0;0;0;45;0;1;0;0;1;0;0;0;826;0;131;0;0
2456;2025;129;7;3;0;1;0;0;0;0;0;0;57;0;3;4;1;2;0;0;0;1276;103;0;0;0
2457;2025;125;7;4;2;2;8;4;0;0;0;0;64;0;5;61;36;6;1;4;3;3030;0;478;0;0
2458;2025;129;7;4;1;0;2;-1;0;0;0;0;62;0;4;1;1;0;1;0;1;3391;413;283;0;0
2460;2025;124;7;4;1;0;2;3;0;0;0;0;57;0;5;4;2;3;1;0;1;2908;82;272;0;0
2461;2025;136;7;3;2;1;0;2;1;0;0;0;57;1;3;0;0;2;0;0;0;1480;87;77;0;0
2462;2025;135;7;3;1;1;0;2;0;0;0;0;53;0;3;0;0;5;0;0;0;2071;13;242;0;0
2463;2025;129;7;4;0;1;2;0;0;0;0;1;65;0;11;0;0;2;1;1;3;4221;894;738;0;0
2465;2025;128;7;2;0;0;0;-2;0;0;0;0;51;0;3;0;0;2;1;0;1;1542;23;0;0;0
2466;2025;130;7;4;1;1;4;-4;0;0;0;0;61;0;15;0;0;5;2;0;3;3824;536;508;0;0
2468;2025;129;7;3;1;2;12;1;0;0;1;0;60;0;3;0;0;1;0;1;0;2818;328;268;0;0
2469;2025;133;7;4;0;2;2;0;0;1;0;0;57;0;4;1;1;1;0;3;0;2799;531;160;0;0
2470;2025;129;7;3;0;0;0;-1;0;0;0;0;54;0;5;0;0;3;0;0;2;2180;0;0;0;0
2471;2025;124;7;1;1;0;2;2;0;0;0;0;60;0;2;8;4;0;0;0;1;555;0;77;0;0
2472;2025;127;7;2;0;0;0;-1;0;0;0;0;51;0;1;0;0;0;0;0;0;716;0;0;0;0
2473;2025;129;7;2;0;0;0;1;0;0;0;0;51;0;1;0;0;0;0;0;0;740;0;0;0;0
2474;2025;129;7;3;1;0;0;1;0;0;0;0;56;0;6;2;0;1;2;1;3;2114;286;0;0;0
2475;2025;136;7;1;0;0;0;-1;0;0;0;0;54;0;1;8;4;0;0;0;0;564;0;44;0;0
2478;2025;128;7;1;0;0;0;-1;0;0;0;0;51;0;1;2;1;0;0;0;0;367;0;44;0;0
2482;2025;135;7;3;1;5;0;4;0;1;0;0;69;0;7;6;4;1;2;0;2;2560;580;352;0;0
2483;2025;124;7;3;0;0;2;-3;0;0;0;0;48;0;3;0;0;3;1;0;1;2501;0;362;0;0
2484;2025;131;7;4;0;2;4;-1;0;0;0;0;61;0;3;67;26;3;1;3;7;3680;78;227;0;0
2485;2025;127;7;3;0;0;4;1;0;0;0;0;61;0;5;6;2;3;1;0;1;1886;624;352;0;0
2486;2025;124;7;3;0;1;2;1;0;0;0;0;59;0;8;28;15;7;0;1;1;1796;224;0;0;0
2487;2025;130;7;3;0;1;0;-2;0;0;0;0;59;0;2;15;7;1;1;1;2;1825;0;364;0;0
2488;2025;124;7;4;1;1;2;1;0;0;0;0;63;0;9;0;0;6;1;1;5;3867;88;707;0;0
2489;2025;134;7;4;0;1;0;1;0;0;0;0;81;0;4;0;0;4;1;3;13;3514;59;1066;0;0
2490;2025;127;7;3;0;0;0;-1;0;0;0;0;53;0;2;0;0;0;0;1;1;961;253;0;0;0
2491;2025;129;7;4;0;1;0;-1;0;0;0;0;62;0;5;7;4;3;1;0;1;3543;211;324;0;0
2492;2025;137;7;4;0;2;6;-4;0;0;0;0;62;0;2;68;35;5;0;3;4;3444;953;25;0;0
2493;2025;125;7;4;0;0;4;-1;0;0;0;0;56;0;1;5;3;2;1;1;2;2073;0;457;0;0
2494;2025;128;7;4;0;2;0;0;0;1;0;0;62;0;9;57;33;3;3;1;0;3370;577;90;0;0
2495;2025;126;7;4;2;1;2;1;1;1;0;0;72;1;13;12;7;4;0;0;0;3182;1259;41;0;0
2496;2025;127;7;4;0;1;8;0;0;0;0;0;76;0;1;1;0;3;1;0;11;3073;57;912;0;0
2497;2025;124;7;4;1;5;2;2;0;1;0;0;67;1;10;4;1;5;0;2;0;3273;839;41;0;0
2498;2025;130;7;4;1;1;0;-2;0;0;0;0;58;0;19;0;0;2;0;2;2;4019;643;606;0;0
2499;2025;136;7;4;0;0;2;0;0;0;0;0;56;0;4;0;0;5;2;2;3;3851;139;221;0;0
2500;2025;137;7;3;1;1;0;-3;0;0;0;0;66;0;2;51;27;2;1;1;8;2624;212;335;0;0
2501;2025;137;7;4;0;1;2;-6;0;1;0;0;65;0;3;0;0;8;1;2;10;3828;1071;766;0;0
2503;2025;135;7;4;4;3;2;2;1;1;1;0;71;0;17;26;13;5;2;4;3;3485;793;90;0;0
2504;2025;131;7;4;0;0;2;-1;0;0;0;0;62;0;3;0;0;2;1;0;21;3867;112;819;0;0
2505;2025;136;7;3;1;1;0;2;0;0;0;0;56;0;3;0;0;4;0;2;2;1200;498;0;0;0
2506;2025;135;7;2;0;2;2;2;0;0;0;1;59;0;3;5;2;1;2;2;0;1191;0;251;0;0
2507;2025;124;7;3;0;0;0;1;0;0;0;0;54;0;0;2;0;0;0;0;0;1336;14;152;0;0
2508;2025;134;7;1;0;0;0;0;0;0;0;0;59;0;0;0;0;0;0;0;0;238;71;71;0;0
2509;2025;135;7;3;0;1;2;1;0;0;0;0;64;0;3;0;0;3;0;0;4;1329;0;674;0;0
2511;2025;135;7;4;1;1;0;2;0;0;0;1;64;0;4;0;0;11;2;2;4;3477;168;348;0;0
2512;2025;135;7;3;0;0;0;0;0;0;0;0;51;0;0;5;3;1;1;0;1;1347;0;0;0;0
2513;2025;128;7;3;0;0;0;-1;0;0;0;0;53;0;1;12;6;3;0;0;0;1255;0;260;0;0
2514;2025;132;7;3;2;0;0;1;0;0;0;0;61;1;7;0;0;2;0;1;1;2193;484;0;0;0
2515;2025;127;7;3;1;1;2;2;0;0;0;0;59;0;4;6;5;2;0;1;1;1724;168;0;0;0
2516;2025;132;7;4;0;3;0;0;0;0;0;0;67;0;11;39;25;3;1;1;1;2540;675;247;0;0
2517;2025;134;7;3;0;0;16;1;0;0;0;0;59;0;3;0;0;8;0;0;4;1852;242;317;0;0
2518;2025;136;7;4;0;1;0;-2;0;0;0;0;63;0;8;0;0;6;2;1;4;3637;337;147;0;0
2519;2025;130;7;3;1;2;2;3;0;0;0;0;61;0;10;0;0;7;0;1;2;2668;42;335;0;0
2520;2025;134;7;3;0;1;0;0;0;1;0;0;57;0;2;2;0;0;0;1;2;1548;298;1;0;0
2521;2025;134;7;4;0;1;19;5;0;0;0;0;72;0;7;0;0;5;0;2;10;3730;740;218;0;0
2522;2025;136;7;3;0;1;0;1;0;1;0;0;89;0;7;51;21;3;0;2;3;2794;143;598;0;0
2523;2025;129;7;4;1;3;0;3;0;0;0;0;66;0;10;65;35;4;0;0;2;3090;794;125;0;0
2524;2025;134;7;4;0;3;2;2;0;1;0;0;66;0;2;4;2;1;1;3;2;2956;498;78;0;0
2525;2025;128;7;4;2;1;0;-1;1;0;0;0;65;0;8;1;0;4;1;0;5;3468;532;307;0;0
2527;2025;134;7;4;1;0;0;0;0;0;0;0;69;0;5;59;35;3;0;2;3;2930;1199;215;0;0
2528;2025;131;7;4;0;0;2;2;0;0;0;0;60;0;3;60;33;5;2;1;2;3490;148;717;0;0
2529;2025;134;7;3;2;0;2;3;0;0;0;0;58;1;5;7;3;6;1;0;2;1727;63;486;0;0
2530;2025;124;7;4;1;0;4;0;0;0;0;0;59;0;8;35;12;2;0;0;0;2406;426;46;0;0
2532;2025;134;7;3;1;0;0;-2;0;0;0;0;64;0;9;42;22;3;1;4;1;2402;601;74;0;0
2533;2025;130;7;3;0;0;0;-2;0;0;0;0;60;0;3;19;9;2;1;2;1;1736;442;58;0;0
2535;2025;136;7;3;0;0;2;1;0;0;0;0;56;0;6;0;0;0;0;0;2;1234;0;214;0;0
2536;2025;129;7;3;0;0;0;0;0;0;0;0;52;0;1;2;1;1;1;0;0;649;41;181;0;0
2537;2025;131;7;4;1;1;0;-3;0;1;0;0;61;0;4;2;2;3;1;0;4;3126;736;68;0;0
2539;2025;127;7;4;1;1;2;0;0;0;0;0;61;0;7;5;5;1;1;1;1;2852;592;103;0;0
2540;2025;131;7;4;1;2;4;2;1;1;0;0;61;0;11;0;0;4;0;4;2;3829;631;324;0;0
2542;2025;130;7;4;1;0;0;-3;0;0;0;0;63;0;13;0;0;3;3;0;3;3637;1112;169;0;0
2543;2025;131;7;4;2;0;8;-2;1;0;0;0;62;1;10;64;26;3;0;1;2;3017;1052;151;0;0
2545;2025;133;7;3;0;1;2;-1;0;0;0;0;59;0;4;3;2;3;0;0;0;1604;532;0;0;0
2546;2025;129;7;3;0;0;0;0;0;0;0;0;62;0;4;20;10;0;0;1;2;2409;0;427;0;0
2547;2025;133;7;3;0;2;4;-3;0;0;0;0;55;0;7;16;8;3;2;0;5;2916;634;182;0;0
2548;2025;133;7;4;0;2;2;2;0;0;0;0;68;0;1;46;20;9;1;0;3;3522;288;516;0;0
2549;2025;127;7;2;1;0;4;0;0;0;0;0;62;0;4;19;11;1;0;1;3;1388;268;112;0;0
2551;2025;133;7;4;2;0;0;0;0;0;0;0;56;0;6;16;12;1;0;0;3;3243;302;207;0;0
2552;2025;126;7;4;1;2;0;2;0;1;0;0;68;0;9;0;0;4;2;5;2;4119;569;489;0;0
2554;2025;126;7;1;0;1;0;1;0;0;0;1;67;0;4;0;0;2;1;0;0;873;187;172;0;0
2555;2025;133;7;4;1;2;0;2;0;1;0;0;70;1;11;6;2;4;2;2;4;3471;634;398;0;0
2556;2025;130;7;1;0;0;0;-1;0;0;0;0;70;0;4;0;0;1;0;0;2;915;0;58;0;0
2557;2025;137;7;2;0;0;0;0;0;0;0;0;66;0;2;3;2;2;0;1;3;1577;323;133;0;0
2558;2025;131;7;4;0;1;4;2;0;0;0;0;66;0;2;0;0;5;1;2;9;3980;73;700;0;0
2560;2025;129;7;4;0;2;4;-1;0;0;0;0;60;0;3;52;24;3;0;0;2;3432;307;565;0;0
2561;2025;124;7;4;1;1;0;6;0;1;0;0;67;0;10;0;0;3;2;2;3;3716;1200;439;0;0
2562;2025;124;7;4;2;1;2;1;1;0;0;0;64;0;12;0;0;4;2;0;8;4086;753;666;0;0
2563;2025;131;7;4;1;0;2;0;0;0;0;0;61;0;3;18;9;4;1;1;5;3505;78;785;0;0
2564;2025;128;7;4;3;3;7;-2;0;2;0;0;64;1;14;1;0;8;0;1;0;3282;898;160;1;0
2565;2025;124;7;4;0;0;6;-3;0;0;0;0;64;0;7;49;27;4;2;3;4;3273;156;720;0;0
2566;2025;135;7;4;1;7;6;0;0;3;0;0;75;1;10;75;37;2;0;1;5;3692;805;0;0;0
2569;2025;124;7;2;0;0;0;-3;0;0;0;0;50;0;4;13;3;2;1;1;1;1475;0;454;0;0
2570;2025;136;7;2;1;0;0;2;0;0;0;0;59;1;4;5;3;1;0;0;0;1109;0;0;0;0
2571;2025;134;7;4;0;1;0;-1;0;0;0;0;67;0;10;12;9;4;2;0;2;3206;1255;81;0;0
2572;2025;136;7;4;0;2;0;-3;0;0;0;0;57;0;5;5;2;1;1;0;1;2485;256;153;0;0
2573;2025;135;7;4;0;1;2;4;0;0;0;0;61;0;9;1;1;5;0;1;3;3563;82;496;0;0
2574;2025;135;7;4;0;1;2;2;0;0;0;0;60;0;9;47;20;5;2;0;4;2520;0;709;0;0
2575;2025;133;7;4;0;3;12;-3;0;1;0;0;62;0;4;44;25;4;3;0;1;3331;1075;0;0;0
2576;2025;125;7;4;1;3;4;-3;0;0;0;0;63;0;5;60;34;3;0;1;1;3078;1063;0;0;0
2577;2025;130;7;4;1;1;4;-1;0;0;0;0;59;1;9;36;14;5;1;0;3;3318;117;289;0;0
2578;2025;133;7;4;2;2;0;-3;1;1;0;0;64;0;16;51;36;3;2;0;3;2574;1031;0;0;0
2580;2025;128;7;4;1;5;2;-2;0;2;0;0;73;0;9;67;31;12;0;2;5;3263;928;188;0;0
2581;2025;125;7;3;0;1;2;4;0;0;0;0;73;0;4;0;0;5;0;1;5;1683;0;512;0;0
2582;2025;137;7;2;0;1;4;0;0;0;0;0;68;0;4;26;12;2;0;1;0;1866;288;168;0;0
2583;2025;128;7;4;1;0;2;0;0;0;0;0;62;0;9;1;0;3;0;1;0;2997;68;556;0;0
2584;2025;124;7;4;3;3;0;0;1;0;0;0;76;1;28;10;5;2;0;1;3;3532;1026;0;0;0
2585;2025;128;7;4;1;3;2;2;0;2;0;0;74;0;14;0;0;3;0;0;8;3729;1048;127;0;0
2588;2025;125;7;4;1;1;2;-2;0;0;0;0;65;0;12;0;0;4;0;1;0;3565;1123;423;0;0
2590;2025;128;7;4;1;1;2;-4;1;1;0;0;65;0;15;0;0;3;3;3;2;3816;1237;223;0;0
2591;2025;133;7;2;1;0;0;-4;1;0;0;0;62;0;6;0;0;2;1;2;3;1649;285;31;0;0
2592;2025;133;7;4;2;1;2;-4;0;0;0;1;56;0;4;20;7;5;0;0;3;3783;742;675;0;0
2593;2025;126;7;3;0;2;0;1;0;2;0;0;61;0;3;0;0;3;0;0;2;1544;231;147;0;0
2594;2025;136;7;3;2;1;0;1;0;1;1;0;62;0;11;38;23;1;1;2;1;2040;256;220;0;0
2595;2025;126;7;4;0;2;2;0;0;1;0;0;67;0;10;59;23;7;1;1;2;3400;403;629;0;0
2597;2025;131;7;1;0;0;0;-2;0;0;0;0;51;0;0;0;0;2;0;0;0;436;0;0;0;0
2599;2025;124;7;4;0;0;2;-1;0;0;0;0;58;0;3;0;0;1;1;1;4;1838;307;466;0;0
2600;2025;132;7;4;0;3;2;0;0;2;0;0;67;0;4;41;21;3;0;2;2;2850;539;195;0;0
2601;2025;137;7;3;1;0;2;-1;0;0;0;0;61;0;3;13;4;11;0;1;8;2715;203;358;0;0
2602;2025;130;7;4;0;6;0;-2;0;4;0;0;66;0;14;1;0;5;0;2;2;2787;1088;0;0;0
2603;2025;137;7;1;0;0;0;0;0;0;0;0;51;0;0;1;0;0;0;0;1;442;0;0;0;0
2604;2025;124;7;4;0;2;0;0;0;1;0;0;67;0;14;0;0;6;1;1;4;2997;926;58;0;0
2605;2025;126;7;3;2;4;2;-1;1;4;0;0;77;0;13;0;0;2;1;0;0;2886;949;63;0;0
2607;2025;124;7;2;0;0;0;-2;0;0;0;0;52;0;2;17;12;0;1;1;1;879;0;332;0;0
2608;2025;127;7;3;0;0;2;0;0;0;0;0;53;0;3;1;0;5;0;0;2;1928;38;236;0;0
2609;2025;132;7;2;1;0;0;-2;0;0;0;0;64;0;2;0;0;2;0;1;1;1547;100;245;0;0
2611;2025;134;7;3;1;1;2;1;1;0;0;0;57;1;2;18;8;4;0;0;1;1422;8;185;0;0
2613;2025;133;7;4;1;0;2;-4;0;0;1;0;51;0;11;0;0;3;1;1;8;4026;119;895;0;0
2614;2025;125;7;4;1;2;0;2;1;0;0;0;65;0;12;0;0;5;1;4;4;3277;835;351;0;0
2615;2025;135;7;4;0;5;0;2;0;3;0;1;65;0;7;0;0;2;0;0;7;3566;460;511;0;0
2616;2025;129;7;2;1;0;0;2;0;0;0;0;52;0;1;1;1;0;1;1;1;840;0;0;0;0
2617;2025;133;7;3;1;0;0;0;0;0;0;0;56;0;4;0;0;3;1;0;2;2436;202;0;0;0
2618;2025;125;7;4;1;0;0;0;0;0;0;0;51;0;5;4;3;0;2;0;2;2917;0;265;0;0
2619;2025;137;7;4;1;1;2;-7;0;0;0;0;59;0;4;0;0;5;0;0;8;3464;1039;123;0;0
2620;2025;132;7;4;1;3;4;1;1;2;0;0;76;0;9;0;0;5;0;1;7;3479;1279;253;0;0
2622;2025;133;7;2;0;0;2;0;0;0;0;0;51;0;0;2;1;0;0;0;0;433;108;0;0;0
2623;2025;130;7;3;0;1;0;1;0;0;0;0;57;0;0;0;0;2;1;1;1;649;12;507;0;0
2624;2025;133;7;4;0;1;14;-1;0;0;0;0;58;0;4;2;2;6;2;2;10;3649;209;549;0;0
2625;2025;135;7;2;1;1;0;3;1;0;0;0;60;0;4;0;0;0;0;0;0;827;158;0;0;0
2626;2025;128;7;1;0;0;2;0;0;0;0;0;49;0;4;0;0;0;0;0;0;640;0;119;0;0
2627;2025;137;7;2;1;0;0;-2;0;0;0;0;47;0;1;4;0;0;0;0;1;1605;18;67;0;0
2628;2025;124;7;4;0;0;2;-3;0;0;0;0;58;0;7;1;0;2;0;1;2;2579;238;178;0;0
2629;2025;134;7;2;0;0;16;-1;0;0;0;0;55;0;0;0;0;3;1;0;0;1618;0;206;0;0
2630;2025;127;7;4;0;0;0;2;0;0;0;0;54;0;4;23;6;4;1;0;0;1991;0;960;0;0
2631;2025;125;7;4;0;0;4;-1;0;0;0;0;53;0;5;11;6;0;1;0;2;1700;0;519;0;0
2633;2025;137;7;4;0;1;2;-2;0;0;0;0;53;0;5;2;1;3;0;1;5;2737;58;96;0;0
2634;2025;125;7;4;2;1;2;2;1;0;0;0;59;0;8;45;19;0;2;1;5;2738;285;0;0;0
2636;2025;133;7;4;0;1;0;-1;0;0;0;1;72;0;4;0;0;4;0;2;8;2750;108;696;0;0
2637;2025;136;7;2;0;0;2;0;0;0;0;0;50;0;1;0;0;0;0;0;2;491;0;28;0;0
2638;2025;132;7;4;2;3;0;0;0;2;0;0;64;1;6;0;0;1;4;2;5;2901;591;141;0;0
2639;2025;128;7;3;0;0;0;0;0;0;0;0;53;0;0;0;0;2;1;0;3;729;0;596;0;0
2640;2025;135;7;4;2;1;0;3;0;0;0;0;56;0;7;0;0;3;0;1;4;3395;82;884;0;0
2641;2025;127;7;1;0;0;0;0;0;0;0;0;67;0;1;0;0;1;0;1;0;674;0;179;0;0
2642;2025;132;7;3;0;0;4;1;0;0;0;0;56;0;1;0;0;2;1;0;1;1226;0;373;0;0
2643;2025;126;7;4;1;3;2;2;0;0;0;1;52;0;6;37;21;4;1;1;0;2766;0;447;0;0
2644;2025;130;7;2;0;0;0;-3;0;0;0;0;51;0;4;0;0;0;1;0;0;1319;87;0;0;0
2645;2025;125;7;3;0;0;0;-1;0;0;0;0;51;0;1;15;8;0;1;0;1;1207;0;153;0;0
2646;2025;137;7;3;0;0;0;-1;0;0;0;0;57;0;0;4;1;1;0;1;6;2603;0;193;0;0
2647;2025;131;7;2;0;1;0;0;0;1;0;0;55;0;1;9;7;1;0;0;1;743;46;0;0;0
2648;2025;130;7;3;0;0;4;-2;0;0;0;0;49;0;1;5;2;3;2;0;0;1171;0;71;0;0
2649;2025;131;7;4;0;1;0;1;0;0;0;0;50;0;0;0;0;0;0;0;0;1106;0;289;0;0
2650;2025;126;7;2;0;0;2;1;0;0;0;0;53;0;1;14;6;0;0;1;0;907;80;0;0;0
2652;2025;132;7;2;0;0;4;0;0;0;0;0;54;0;4;0;0;1;0;1;0;971;227;0;0;0
2653;2025;137;7;3;0;0;0;0;0;0;0;0;53;0;2;14;6;3;1;0;1;1144;0;166;0;0
2654;2025;136;7;1;0;0;0;0;0;0;0;0;69;0;0;1;1;2;0;0;1;480;0;236;0;0
2656;2025;125;7;1;0;0;0;0;0;0;0;0;49;0;0;0;0;0;0;0;0;393;0;0;0;0
2657;2025;131;7;2;0;0;2;-1;0;0;0;0;51;0;0;8;4;1;0;0;2;783;0;0;0;0
2659;2025;126;7;1;0;0;0;0;0;0;0;0;62;0;0;0;0;1;1;2;0;704;0;92;0;0
2662;2025;130;7;1;0;0;0;0;0;0;0;0;57;0;0;8;5;1;0;0;1;579;0;229;0;0
2663;2025;130;7;2;0;1;0;0;0;0;0;0;54;0;1;5;0;1;0;0;0;800;0;91;0;0
2664;2025;136;7;1;0;0;0;0;0;0;0;0;50;0;0;11;5;0;0;0;0;527;0;0;0;0
2666;2025;131;7;1;0;0;0;-2;0;0;0;0;44;0;0;6;2;0;1;0;0;391;0;0;0;0
2667;2025;127;7;1;0;0;0;0;0;0;0;0;47;0;1;8;4;0;1;0;0;244;132;0;0;0
2668;2025;124;7;1;0;0;0;0;0;0;0;0;52;0;0;0;0;0;0;0;0;271;0;19;0;0
2669;2025;130;7;1;0;0;0;-1;0;0;0;0;50;0;0;1;1;0;0;0;1;420;0;0;0;0
2670;2025;130;7;1;0;0;0;-1;0;0;0;0;50;0;0;0;0;0;0;0;0;430;0;0;0;0
2675;2025;129;7;1;0;0;0;0;0;0;0;0;50;0;0;0;0;0;0;0;0;238;0;0;0;0
2676;2025;137;7;3;0;0;2;-2;0;0;0;0;54;0;4;0;0;3;0;0;2;2737;243;329;0;0
2677;2025;137;7;1;0;0;0;-1;0;0;0;0;50;0;0;2;2;0;0;0;0;406;0;0;0;0
2678;2025;131;7;1;0;0;2;-2;0;0;0;0;46;0;0;0;0;0;0;0;0;409;0;0;0;0
2680;2025;124;7;1;0;0;0;1;0;0;0;0;50;0;0;0;0;0;0;0;0;453;0;0;0;0
2681;2025;132;7;1;1;0;0;1;0;0;0;0;52;0;1;0;0;0;0;0;0;340;0;0;0;0
2683;2025;136;7;1;0;0;0;0;0;0;0;0;49;0;1;0;0;0;0;0;0;519;0;0;0;0
2692;2025;134;7;1;0;0;0;0;0;0;0;0;56;0;1;0;0;0;0;0;0;791;36;0;0;0
2695;2025;132;7;1;0;0;0;0;0;0;0;0;51;0;0;0;0;0;0;0;0;98;0;0;0;0
2696;2025;136;7;2;0;0;0;0;0;0;0;0;57;0;5;18;8;7;0;0;2;1371;0;139;0;0
2697;2025;131;7;3;0;1;0;0;0;0;0;0;55;0;1;0;0;2;0;0;5;1351;142;86;0;0
2699;2025;130;7;4;1;3;2;-1;1;2;0;0;67;0;11;0;0;4;3;0;6;3808;697;873;0;0
2700;2025;136;7;4;0;2;0;1;0;0;0;0;58;0;2;0;0;9;0;2;10;3699;111;533;0;0
2702;2025;147;8;4;1;3;0;3;0;1;0;0;69;0;3;0;0;2;1;1;3;3555;503;230;0;0
2703;2025;148;8;4;1;1;2;-1;1;1;0;0;64;0;13;6;6;1;2;2;0;2529;1206;0;0;0
2704;2025;139;8;2;0;0;0;0;0;0;0;0;74;0;0;0;0;0;0;2;2;1703;0;59;0;0
2705;2025;144;8;3;0;0;4;-1;0;0;0;0;68;0;6;7;5;0;0;0;6;2793;479;111;0;0
2706;2025;140;8;3;0;0;0;1;0;0;0;0;82;0;3;0;0;4;0;2;4;2741;97;415;0;0
2707;2025;145;8;4;0;1;4;-1;0;0;0;0;62;0;6;0;0;7;2;0;11;4450;391;388;0;0
2708;2025;142;8;4;2;3;0;2;1;0;0;0;62;1;8;0;0;8;2;2;0;3024;643;4;0;0
2709;2025;150;8;1;0;0;0;-1;0;0;0;0;73;0;1;0;0;0;0;1;3;991;291;0;0;0
2710;2025;139;8;1;0;0;0;0;0;0;0;0;44;0;1;0;0;1;2;0;0;460;0;0;0;0
2711;2025;143;8;1;0;0;0;0;0;0;0;0;50;0;0;0;0;0;0;0;0;358;0;0;0;0
2712;2025;146;8;1;0;0;0;-1;0;0;0;0;49;0;0;0;0;0;0;0;0;329;0;0;0;0
2713;2025;151;8;4;0;0;4;1;0;0;0;0;58;0;6;55;25;5;0;0;0;1856;1045;0;0;0
2714;2025;148;8;4;2;1;18;1;0;0;0;1;54;0;12;5;3;9;0;0;0;3043;69;311;0;0
2715;2025;143;8;1;0;0;0;0;0;0;0;0;50;0;0;1;0;0;0;0;0;369;0;76;0;0
2716;2025;147;8;3;0;0;0;0;0;0;0;0;56;0;2;26;12;2;1;1;0;1701;258;42;0;0
2717;2025;140;8;2;0;0;0;0;0;0;0;0;50;0;2;2;0;0;0;0;0;582;0;52;0;0
2718;2025;152;8;3;0;0;4;-2;0;0;0;0;54;0;2;12;5;2;2;0;6;2222;0;330;0;0
2719;2025;146;8;4;0;2;2;-1;0;0;0;0;69;0;12;0;0;12;3;0;1;3773;652;378;0;0
2720;2025;150;8;4;0;1;4;0;0;0;0;0;66;0;13;0;0;6;2;1;2;4172;831;310;0;0
2721;2025;149;8;4;0;0;0;1;0;0;0;0;75;0;5;0;0;7;0;1;4;4033;20;562;0;0
2722;2025;138;8;2;0;1;0;1;0;0;0;0;51;0;2;16;9;1;2;0;0;1205;0;0;0;0
2723;2025;142;8;2;0;1;0;-1;0;0;0;0;55;0;0;12;5;0;0;0;0;1241;53;7;0;0
2725;2025;143;8;2;4;1;0;4;0;0;0;0;70;0;10;0;0;2;1;0;0;1377;188;0;0;0
2726;2025;143;8;1;1;0;0;0;0;0;0;0;51;1;1;0;0;3;1;0;1;468;0;0;0;0
2729;2025;153;8;3;0;2;0;-3;0;1;0;0;54;0;0;0;0;1;1;3;2;1706;151;0;0;0
2730;2025;138;8;2;0;0;0;0;0;0;0;0;52;0;3;0;0;1;1;2;0;1158;0;0;0;0
2732;2025;147;8;4;0;0;0;0;0;0;0;0;56;0;1;0;0;0;1;0;9;2406;0;635;0;0
2734;2025;141;8;2;0;0;0;0;0;0;0;0;51;0;0;6;2;0;0;0;0;939;0;0;0;0
2735;2025;153;8;1;0;0;0;0;0;0;0;0;58;0;0;1;1;0;0;0;1;493;0;0;0;0
2736;2025;148;8;4;1;1;2;1;0;0;0;0;56;0;11;15;8;10;0;0;1;3629;163;352;0;0
2737;2025;144;8;1;0;0;0;-1;0;0;0;0;55;0;2;0;0;1;0;0;0;807;0;38;0;0
2738;2025;147;8;4;1;0;2;2;0;0;0;0;63;0;5;3;0;2;1;2;1;3002;368;288;0;0
2739;2025;142;8;2;0;0;0;0;0;0;0;0;55;0;1;19;9;0;1;0;2;1403;40;207;0;0
2740;2025;143;8;4;0;0;2;1;0;0;0;0;58;0;7;0;0;3;1;4;6;4014;74;578;0;0
2741;2025;149;8;2;0;0;0;-1;0;0;0;0;50;0;1;5;4;3;1;0;0;738;0;0;0;0
2742;2025;139;8;1;0;1;0;1;0;0;0;0;63;0;3;0;0;1;1;0;0;808;78;0;0;0
2743;2025;152;8;4;0;1;0;-1;0;0;0;0;55;0;6;9;3;3;1;4;5;2725;515;0;0;0
2744;2025;144;8;3;1;0;2;0;1;0;0;0;60;0;6;0;0;4;2;1;7;2776;418;83;0;0
2745;2025;139;8;1;0;0;0;0;0;0;0;0;54;0;0;0;0;0;1;1;1;846;53;21;0;0
2746;2025;151;8;2;0;0;0;1;0;0;0;0;59;0;4;3;2;1;0;0;0;1353;519;0;0;0
2747;2025;147;8;4;0;1;2;1;0;0;0;0;61;0;4;0;0;5;1;0;9;3967;718;589;0;0
2748;2025;148;8;4;1;1;2;-1;0;1;0;0;57;1;14;0;0;2;1;1;0;2855;529;17;0;0
2749;2025;138;8;4;2;0;2;3;1;0;0;0;68;1;11;15;7;4;1;2;0;3842;612;178;0;0
2750;2025;139;8;2;0;0;2;0;0;0;0;0;66;0;3;0;0;3;2;1;4;2079;108;138;0;0
2751;2025;139;8;4;0;0;0;0;0;0;0;0;69;0;6;49;21;5;1;2;4;2983;157;598;0;0
2752;2025;145;8;4;0;2;4;0;0;0;0;0;59;0;8;12;4;5;2;2;5;3410;113;505;0;0
2753;2025;149;8;4;0;0;0;-1;0;0;0;0;59;0;2;0;0;6;0;0;3;2879;120;210;0;0
2754;2025;145;8;4;0;0;2;-1;0;0;0;0;64;0;8;2;1;1;0;1;1;3280;161;191;0;0
2755;2025;151;8;4;0;1;0;1;0;0;0;0;62;0;7;0;0;1;1;3;5;3086;182;0;0;0
2757;2025;144;8;3;0;1;0;-2;0;1;0;0;59;0;1;0;0;0;0;0;3;1843;84;71;0;0
2758;2025;149;8;4;1;0;2;0;0;0;0;0;72;1;4;0;0;7;0;2;8;3805;0;575;0;0
2759;2025;143;8;4;1;2;0;5;0;0;0;0;73;0;10;0;0;5;1;2;5;3954;582;523;0;0
2760;2025;139;8;1;1;0;2;1;0;0;0;0;65;0;3;3;2;2;0;0;1;811;53;0;0;0
2761;2025;152;8;3;1;1;0;1;0;0;0;0;62;0;6;1;0;4;0;1;4;2838;29;120;0;0
2762;2025;152;8;3;0;0;2;-1;0;0;0;0;59;0;1;0;0;5;0;0;5;2194;0;340;0;0
2763;2025;152;8;2;0;0;0;-2;0;0;0;0;65;0;0;9;1;5;0;0;2;817;0;92;0;0
2764;2025;150;8;1;0;0;0;-1;0;0;0;0;55;0;0;9;5;1;0;0;0;459;199;0;0;0
2765;2025;152;8;3;0;0;2;1;0;0;0;0;62;0;2;20;9;1;2;0;4;1817;0;283;0;0
2766;2025;145;8;3;0;1;0;0;0;0;0;0;70;0;6;2;1;1;1;1;3;2482;5;126;0;0
2767;2025;151;8;2;0;0;4;-1;0;0;0;0;62;0;5;0;0;1;0;0;6;2079;186;9;0;0
2768;2025;152;8;3;0;2;2;2;0;0;0;1;67;0;7;17;7;14;2;1;4;3082;42;523;0;0
2769;2025;147;8;3;1;3;6;1;0;2;0;0;63;0;6;7;3;2;1;0;2;2317;1131;0;0;0
2770;2025;146;8;4;2;1;9;1;0;1;0;0;64;0;13;3;2;2;0;2;2;2992;692;60;0;0
2771;2025;149;8;4;0;2;2;2;0;0;0;0;63;0;5;5;3;3;0;2;2;2725;206;313;0;0
2772;2025;146;8;3;0;2;0;-2;0;1;0;0;66;0;5;3;1;4;0;0;2;2326;665;51;0;0
2773;2025;146;8;4;1;1;16;-2;0;0;0;0;62;0;6;47;23;9;3;3;2;3120;88;632;0;0
2774;2025;153;8;4;0;0;6;-5;0;0;0;0;76;0;4;0;0;7;2;3;9;3542;0;707;0;0
2775;2025;147;8;4;1;1;2;0;0;0;0;0;60;0;4;52;30;8;1;1;1;3164;0;418;0;0
2776;2025;151;8;4;0;1;2;-1;0;0;0;0;63;0;3;1;0;5;2;1;4;3325;278;88;0;0
2777;2025;143;8;3;3;1;0;5;0;0;0;0;64;0;13;2;1;2;1;1;0;2147;175;402;0;0
2778;2025;143;8;3;1;3;2;4;0;0;0;0;62;0;8;3;2;3;0;0;0;2173;383;78;0;0
2779;2025;145;8;4;1;1;2;-2;0;0;0;0;59;0;10;0;0;3;5;0;6;4327;599;207;0;0
2780;2025;143;8;4;1;4;0;2;0;1;0;0;64;0;9;53;23;11;4;2;4;3767;407;404;0;0
2781;2025;153;8;4;1;5;0;5;0;1;0;0;77;0;10;0;0;7;2;2;3;3680;1312;228;0;0
2782;2025;148;8;1;0;0;0;0;0;0;0;0;50;0;1;0;0;0;1;0;0;292;0;0;0;0
2783;2025;147;8;2;0;0;0;-1;0;0;0;0;49;0;2;0;0;1;0;0;0;619;72;0;0;0
2784;2025;142;8;3;0;2;0;2;0;0;0;0;73;0;1;0;0;2;0;0;0;3186;0;486;0;0
2786;2025;151;8;4;0;0;0;2;0;0;0;0;62;0;4;0;0;3;0;2;3;2505;653;134;0;0
2788;2025;145;8;1;0;0;0;1;0;0;0;0;59;0;1;0;0;4;0;0;0;866;0;46;0;0
2789;2025;138;8;3;0;3;2;0;0;2;0;0;67;0;8;2;2;4;2;1;2;2364;594;0;0;0
2790;2025;138;8;2;0;1;0;1;0;0;0;0;58;0;0;0;0;2;0;0;2;1081;8;84;0;0
2791;2025;140;8;1;0;0;0;0;0;0;0;0;54;0;0;0;0;1;1;0;1;797;112;0;0;0
2792;2025;144;8;1;0;0;0;0;0;0;0;0;59;0;1;1;0;1;0;0;2;764;0;86;0;0
2793;2025;150;8;1;0;0;0;0;0;0;0;0;53;0;0;1;1;0;0;0;1;187;0;29;0;0
2794;2025;139;8;2;1;2;0;0;1;0;0;0;62;0;4;1;0;2;0;1;1;1786;117;0;0;0
2795;2025;149;8;4;0;2;0;-1;0;0;0;0;55;0;4;14;6;8;2;1;1;3539;586;617;0;0
2796;2025;141;8;3;0;1;0;-1;0;0;0;0;59;0;5;34;17;2;0;0;4;1877;0;157;0;0
2798;2025;141;8;2;0;0;0;-2;0;0;0;0;53;0;0;1;0;0;0;0;0;953;82;132;0;0
2799;2025;138;8;2;0;0;2;0;0;0;0;0;60;0;9;0;0;3;0;1;0;1666;367;0;0;0
2800;2025;148;8;4;0;2;8;1;0;1;0;0;74;0;7;53;26;7;1;3;3;3490;164;902;0;0
2801;2025;142;8;3;0;2;0;1;0;0;0;0;63;0;8;0;0;5;2;0;3;3440;224;598;0;0
2802;2025;141;8;1;0;0;2;-1;0;0;0;0;39;0;2;0;0;0;0;0;0;617;0;0;0;0
2803;2025;152;8;4;2;0;0;0;0;0;0;0;67;0;11;65;35;9;2;2;3;4110;655;233;0;0
2804;2025;152;8;1;0;1;0;1;0;0;0;0;65;0;4;0;0;3;1;0;0;923;189;0;0;0
2806;2025;151;8;4;0;1;4;0;0;0;0;0;64;0;5;0;0;5;1;2;5;3506;14;498;0;0
2807;2025;152;8;3;0;1;2;0;0;0;0;0;58;0;4;0;0;3;1;0;3;2714;78;84;0;0
2808;2025;142;8;3;0;1;0;2;0;0;0;0;58;0;5;37;19;5;0;1;3;2276;0;572;0;0
2809;2025;151;8;3;2;1;0;2;0;0;0;0;60;0;4;21;9;2;1;0;3;2012;175;0;0;0
2811;2025;142;8;1;0;0;0;0;0;0;0;0;49;0;1;3;1;0;0;0;0;328;0;0;0;0
2812;2025;153;8;4;0;1;2;0;0;0;0;0;53;0;4;4;2;2;2;0;3;2707;214;51;0;0
2813;2025;139;8;1;0;0;0;0;0;0;0;0;57;0;0;5;3;0;0;0;0;550;0;0;0;0
2814;2025;142;8;3;0;1;2;3;0;0;0;0;58;0;5;1;1;0;3;1;3;2496;472;0;0;0
2815;2025;147;8;3;2;0;0;-2;1;0;0;0;57;0;7;34;11;6;2;0;0;2373;240;402;0;0
2816;2025;152;8;3;1;0;0;-2;0;0;0;0;52;0;6;0;0;1;1;1;1;2064;71;0;0;0
2817;2025;142;8;4;1;0;6;1;0;0;0;0;58;0;6;0;0;2;1;1;1;2560;211;0;0;0
2818;2025;145;8;1;0;0;0;0;0;0;0;0;51;0;0;0;0;0;0;0;0;173;0;78;0;0
2822;2025;149;8;3;0;2;2;0;0;1;0;0;60;0;3;3;0;2;1;3;1;2232;456;135;0;0
2823;2025;145;8;4;0;0;2;-1;0;0;0;0;62;0;8;0;0;11;3;4;10;4022;0;632;0;0
2824;2025;139;8;3;0;0;2;0;0;0;0;0;56;0;6;15;11;7;1;1;0;1802;68;0;0;0
2825;2025;151;8;4;1;1;0;0;1;0;0;0;66;0;9;13;7;12;2;1;0;3626;342;265;0;0
2826;2025;139;8;3;0;0;2;-1;0;0;0;0;68;0;7;18;11;6;0;0;2;1803;106;330;0;0
2827;2025;138;8;2;0;0;0;2;0;0;0;0;53;0;3;1;1;3;0;0;2;941;0;39;0;0
2828;2025;150;8;4;1;0;4;2;0;0;0;0;57;0;16;0;0;2;2;1;2;3824;488;224;0;0
2829;2025;140;8;3;0;0;2;-1;0;0;0;0;60;0;5;0;0;6;0;0;4;2155;90;437;0;0
2830;2025;139;8;3;1;1;4;2;0;0;0;0;80;0;5;0;0;4;2;3;6;3089;623;318;0;0
2831;2025;151;8;4;0;2;2;1;0;0;0;0;61;0;3;43;22;3;1;0;4;2904;30;639;0;0
2832;2025;141;8;3;0;1;14;-3;0;1;0;0;57;0;4;6;2;3;1;2;0;2695;120;164;0;0
2833;2025;148;8;3;0;3;2;2;0;0;0;0;63;0;2;0;0;1;0;1;0;1708;12;839;0;0
2834;2025;139;8;2;2;0;0;1;1;0;0;0;67;0;17;3;3;4;0;0;0;1541;437;104;0;0
2835;2025;143;8;2;0;2;0;0;0;0;0;0;60;0;3;0;0;2;0;1;3;1221;74;141;0;0
2836;2025;140;8;3;2;1;4;0;0;1;0;0;67;1;13;0;0;3;1;1;2;1856;930;0;0;0
2837;2025;140;8;3;0;3;0;1;0;1;0;0;72;0;1;0;0;5;3;1;1;3132;151;515;0;0
2838;2025;139;8;4;1;2;2;-1;0;1;0;0;63;1;20;0;0;4;3;0;4;4058;1008;105;0;0
2840;2025;143;8;4;0;3;4;2;0;1;0;0;67;0;9;0;0;8;1;1;5;4120;828;0;0;0
2841;2025;146;8;3;0;0;6;-1;0;0;0;0;56;0;5;17;6;3;1;0;1;2328;144;514;0;0
2842;2025;141;8;4;1;1;2;-1;0;0;0;0;67;0;2;0;0;2;3;1;7;3476;126;433;0;0
2843;2025;145;8;4;0;0;0;0;0;0;0;0;51;0;9;0;0;7;6;1;2;3717;125;450;0;0
2844;2025;138;8;1;0;0;0;0;0;0;0;0;53;0;1;0;0;0;0;0;0;325;0;0;0;0
2845;2025;146;8;3;0;1;0;-2;0;0;0;0;64;0;4;27;19;3;1;0;2;1658;160;230;0;0
2846;2025;138;8;3;0;0;0;1;0;0;0;0;60;0;6;0;0;8;2;0;1;3431;0;353;0;0
2847;2025;152;8;3;0;1;0;0;0;0;0;0;70;0;2;2;0;0;0;4;5;3093;473;171;0;0
2848;2025;153;8;4;0;0;2;-2;0;0;0;0;70;0;5;0;0;11;0;4;16;4116;147;738;0;0
2849;2025;143;8;1;0;0;0;-1;0;0;0;0;53;0;3;0;0;0;1;0;0;876;0;165;0;0
2850;2025;140;8;2;0;0;0;0;0;0;0;0;56;0;3;0;0;1;0;0;2;1048;0;133;0;0
2851;2025;147;8;3;0;0;0;-2;0;0;0;0;54;0;6;5;2;5;0;2;3;2039;0;471;0;0
2852;2025;144;8;3;0;2;0;-3;0;1;0;0;62;0;8;0;0;5;2;2;2;2716;822;127;0;0
2853;2025;139;8;3;0;0;2;-1;0;0;0;0;54;0;3;3;0;7;3;0;2;2579;152;13;0;0
2855;2025;140;8;3;0;1;2;2;0;0;0;0;61;0;4;35;21;4;2;2;0;1454;998;81;0;0
2857;2025;139;8;1;0;1;0;0;0;0;0;0;70;0;2;12;7;0;0;1;1;912;0;139;0;0
2858;2025;148;8;1;0;0;2;0;0;0;0;0;52;0;1;0;0;0;0;0;0;242;48;26;0;0
2859;2025;146;8;1;0;0;0;-1;0;0;0;0;50;0;1;1;1;0;0;1;1;354;0;79;0;0
2860;2025;151;8;2;0;0;0;0;0;0;0;0;54;0;2;0;0;4;2;0;3;1671;0;446;0;0
2861;2025;140;8;3;1;1;2;-1;0;0;0;0;65;0;6;0;0;1;1;3;3;2510;368;290;0;0
2862;2025;141;8;4;2;1;6;0;1;1;0;0;69;0;11;19;10;2;0;2;3;3323;617;271;0;0
2863;2025;149;8;1;0;0;0;0;0;0;0;0;50;0;0;1;0;1;0;0;0;349;0;0;0;0
2864;2025;140;8;3;0;0;2;4;0;0;0;0;53;0;4;3;2;5;0;0;2;2777;44;120;0;0
2865;2025;144;8;3;0;0;0;-3;0;0;0;0;53;0;5;24;15;0;0;0;1;1533;138;85;0;0
2866;2025;145;8;3;2;0;0;1;0;0;0;0;62;1;7;1;0;2;1;2;2;1891;29;33;0;0
2867;2025;145;8;3;0;1;0;-1;0;0;0;0;63;0;10;0;0;2;1;2;4;2904;120;459;0;0
2868;2025;147;8;4;0;2;6;1;0;1;0;0;62;0;5;15;7;12;1;3;4;3523;202;452;0;0
2869;2025;153;8;4;0;6;6;4;0;3;0;0;68;0;7;6;2;8;2;1;2;3508;1187;23;0;0
2870;2025;140;8;3;0;1;6;0;0;0;0;0;62;0;2;31;13;3;2;2;1;1841;181;315;0;0
2871;2025;143;8;2;1;2;0;3;0;0;0;0;65;0;5;2;1;1;0;1;1;1151;375;1;0;0
2872;2025;138;8;3;3;0;0;4;0;0;0;0;74;0;6;45;19;10;1;4;1;2897;252;281;0;0
2874;2025;142;8;3;2;1;2;2;0;1;0;0;66;0;11;5;3;2;0;1;0;2186;260;83;0;0
2875;2025;152;8;2;0;0;0;-1;0;0;0;0;50;0;1;1;0;0;1;1;1;1148;236;0;0;0
2876;2025;138;8;2;0;2;4;1;0;1;0;0;71;0;14;0;0;2;1;1;1;2113;357;0;0;0
2877;2025;140;8;1;0;0;0;0;0;0;0;0;59;0;0;0;0;0;0;1;0;657;0;0;0;0
2879;2025;145;8;1;0;0;0;0;0;0;0;0;49;0;0;7;3;0;0;0;0;411;5;0;0;0
2881;2025;140;8;1;0;0;0;-1;0;0;0;0;55;0;0;0;0;0;0;0;0;788;0;161;0;0
2883;2025;143;8;4;2;0;2;0;0;0;1;0;56;0;8;16;7;12;0;0;1;3778;0;789;0;0
2884;2025;149;8;2;0;0;0;0;0;0;0;0;55;0;0;9;3;3;0;0;0;772;0;128;0;0
2885;2025;140;8;1;0;0;0;0;0;0;0;0;50;0;0;0;0;0;0;0;0;265;101;0;0;0
2886;2025;140;8;1;0;0;0;0;0;0;0;0;50;0;0;4;2;0;0;0;0;292;29;0;0;0
2887;2025;140;8;1;0;0;0;-1;0;0;0;0;55;0;0;0;0;1;0;0;0;922;29;0;0;0
2888;2025;150;8;4;3;1;0;-2;0;1;0;0;68;0;16;36;20;4;1;3;4;3969;726;241;0;0
2889;2025;153;8;4;2;2;2;3;0;1;0;0;68;0;14;15;9;3;2;1;3;3414;950;238;0;0
2890;2025;152;8;2;0;0;2;0;0;0;0;0;55;0;4;3;1;1;0;0;0;869;0;310;0;0
2892;2025;139;8;2;0;0;0;0;0;0;0;0;55;0;1;0;0;3;1;0;1;1304;40;180;0;0
2893;2025;144;8;1;0;0;0;0;0;0;0;0;57;0;0;1;1;0;0;0;1;470;0;115;0;0
2895;2025;146;8;3;1;0;2;-1;1;0;0;0;59;1;10;1;1;0;2;1;0;2743;420;190;0;0
2896;2025;140;8;3;0;0;2;-2;0;0;0;0;51;0;4;32;18;1;0;0;2;2370;55;165;0;0
2897;2025;138;8;3;1;2;2;4;0;0;0;0;64;0;11;8;5;4;3;1;3;3148;219;163;0;0
2898;2025;138;8;4;0;2;0;0;0;1;0;0;64;0;12;1;0;2;0;0;4;3896;498;201;0;0
2901;2025;138;8;4;1;1;0;4;0;0;0;0;66;0;11;0;0;4;0;1;4;4067;354;10;0;0
2902;2025;138;8;4;1;0;0;1;0;0;0;0;63;0;6;38;18;7;1;1;1;3478;90;0;0;0
2903;2025;150;8;3;0;0;0;0;0;0;0;0;63;0;4;0;0;1;1;3;1;2887;99;64;0;0
2904;2025;141;8;4;1;3;0;2;0;1;0;0;66;0;6;0;0;7;1;3;11;3848;446;293;0;0
2905;2025;145;8;3;0;0;0;-1;0;0;0;0;59;0;1;29;16;4;1;0;4;2254;91;406;0;0
2906;2025;138;8;3;2;1;2;-1;0;0;0;0;65;1;7;53;31;5;1;0;0;2729;742;126;0;0
2908;2025;148;8;4;1;3;0;0;1;0;0;0;62;0;5;2;0;1;1;1;0;3238;146;49;0;0
2909;2025;148;8;4;0;1;2;0;0;0;0;0;61;0;5;43;21;7;2;0;1;2337;49;732;0;0
2910;2025;141;8;4;0;2;2;-2;0;1;0;0;62;0;8;0;0;4;1;2;7;3739;626;409;0;0
2911;2025;143;8;3;1;1;2;1;0;0;0;0;65;1;3;0;0;4;1;4;4;2699;0;527;0;0
2912;2025;142;8;1;0;0;0;0;0;0;0;0;54;0;1;0;0;0;0;1;0;67;0;165;0;0
2913;2025;140;8;3;0;1;0;-1;0;0;0;0;49;0;6;7;3;6;2;0;0;1987;48;233;0;0
2914;2025;146;8;1;0;0;0;0;0;0;0;0;53;0;0;0;0;0;0;0;0;295;0;0;0;0
2916;2025;143;8;2;0;0;2;-1;0;0;0;0;50;0;1;0;0;0;0;1;1;1123;0;0;0;0
2917;2025;144;8;3;0;0;0;0;0;0;0;0;62;0;3;0;0;2;0;4;6;2800;42;615;0;0
2918;2025;152;8;4;0;0;0;-3;0;0;0;0;51;0;0;19;8;1;3;0;2;2067;0;48;0;0
2919;2025;143;8;2;1;1;0;2;0;0;0;0;57;1;4;17;4;0;0;0;0;793;359;0;0;0
2920;2025;140;8;2;0;1;0;2;0;0;0;0;64;0;6;0;0;2;3;0;1;1919;692;24;0;0
2921;2025;144;8;1;0;0;0;0;0;0;0;0;46;0;1;1;0;0;0;0;0;470;0;20;0;0
2922;2025;142;8;1;0;1;0;0;0;0;0;0;60;0;2;0;0;1;0;0;0;378;40;46;0;0
2923;2025;151;8;3;0;0;0;0;0;0;0;0;55;0;4;0;0;1;0;1;0;1507;215;0;0;0
2924;2025;149;8;2;0;0;2;0;0;0;0;0;53;0;4;1;0;3;0;1;0;1389;0;289;0;0
2925;2025;145;8;2;0;1;0;-4;0;0;0;0;53;0;2;11;2;2;1;0;2;1269;170;50;0;0
2926;2025;144;8;3;1;0;0;-1;0;0;0;0;61;0;6;6;1;0;2;0;3;2384;380;194;0;0
2927;2025;146;8;4;0;0;2;0;0;0;0;0;52;0;6;5;2;4;0;0;0;2176;64;166;0;0
2928;2025;149;8;3;1;1;0;2;1;0;0;0;65;0;6;34;21;1;1;0;1;1886;788;66;0;0
2929;2025;143;8;2;0;0;2;0;0;0;0;0;53;0;1;0;0;1;0;0;3;464;404;356;0;0
2930;2025;138;8;2;0;0;0;0;0;0;0;0;54;0;1;0;0;3;1;1;1;1937;184;24;0;0
2931;2025;141;8;2;1;2;2;0;1;2;0;0;64;0;5;22;12;1;0;0;0;601;621;0;0;0
2932;2025;147;8;1;1;0;0;1;0;0;0;0;60;0;1;10;7;1;0;1;2;484;0;75;0;0
2933;2025;148;8;4;1;1;0;-1;1;0;0;0;59;1;10;0;0;1;1;0;4;3398;718;500;0;0
2934;2025;150;8;4;0;1;0;-1;0;0;0;0;71;0;6;61;36;3;2;4;2;3740;0;589;0;0
2935;2025;138;8;3;0;1;0;1;0;0;0;0;62;0;8;12;8;1;2;1;2;2894;285;343;0;0
2936;2025;144;8;4;0;0;4;-3;0;0;0;0;65;0;6;0;0;3;4;1;7;3817;184;633;0;0
2937;2025;145;8;2;0;0;0;0;0;0;0;0;50;0;3;24;10;1;2;0;0;1333;75;0;0;0
2938;2025;152;8;3;0;0;2;-1;0;0;0;0;53;0;1;0;0;0;1;0;1;1208;471;56;0;0
2941;2025;153;8;4;0;0;4;1;0;0;0;0;60;0;2;0;0;2;0;2;2;3340;84;326;0;0
2942;2025;138;8;3;0;0;0;-1;0;0;0;0;51;0;2;18;10;2;3;0;0;1665;17;0;0;0
2943;2025;147;8;2;0;0;0;-1;0;0;0;0;46;0;2;0;0;1;0;0;0;1092;0;138;0;0
2944;2025;140;8;3;1;1;2;-1;0;1;0;0;54;0;12;5;3;11;3;1;1;2981;469;454;0;0
2945;2025;146;8;4;0;0;14;-5;0;0;0;0;66;0;2;0;0;3;1;1;6;3418;190;871;0;0
2946;2025;148;8;4;0;1;4;2;0;1;0;0;59;0;6;0;0;5;3;1;6;4003;109;951;0;0
2947;2025;139;8;3;0;2;2;1;0;0;0;0;66;0;5;0;0;2;0;1;7;2666;0;179;0;0
2948;2025;138;8;4;0;2;0;-1;0;0;0;0;59;0;7;5;1;5;1;2;1;3559;50;60;0;0
2949;2025;147;8;3;0;1;0;1;0;0;0;0;65;0;3;33;18;2;0;0;0;2074;182;70;0;0
2950;2025;149;8;4;0;2;0;-2;0;0;0;0;63;0;11;15;4;2;4;0;4;4052;986;36;0;0
2951;2025;146;8;4;2;0;0;-4;1;0;0;0;54;1;10;3;1;5;1;1;2;2440;365;0;0;0
2952;2025;146;8;4;0;2;2;-2;0;1;0;0;62;0;8;52;27;5;2;2;1;3345;639;211;0;0
2955;2025;142;8;4;1;1;8;1;0;0;0;0;62;0;4;7;3;5;2;3;2;3319;131;325;0;0
2956;2025;139;8;4;1;3;0;2;0;1;0;0;73;1;11;2;2;4;0;0;6;3383;921;105;0;0
2957;2025;151;8;4;1;2;2;2;0;1;0;0;69;0;9;4;2;2;3;3;3;3482;1022;0;0;0
2958;2025;140;8;2;0;1;0;2;0;0;0;0;70;0;7;8;2;2;0;2;1;1827;680;3;0;0
2959;2025;142;8;3;1;0;0;-1;0;0;0;0;63;0;3;0;0;2;1;0;4;2537;0;163;0;0
2960;2025;140;8;2;0;1;0;0;0;0;0;0;71;0;4;0;0;2;0;2;2;1896;86;3;0;0
2961;2025;144;8;3;0;1;0;-1;0;0;0;0;61;0;5;30;12;3;2;2;4;2770;456;117;0;0
2962;2025;147;8;4;1;0;2;0;1;0;0;0;68;1;9;2;1;3;1;1;2;3585;1389;113;0;0
2963;2025;147;8;4;0;1;0;1;0;0;0;0;66;0;10;0;0;4;1;3;7;3612;1000;205;0;0
2964;2025;144;8;4;1;0;0;1;0;0;0;0;72;0;9;0;0;9;2;0;8;3852;175;424;0;0
2965;2025;145;8;2;0;0;0;0;0;0;0;0;53;0;3;0;0;1;0;1;1;561;0;74;0;0
2967;2025;142;8;4;2;0;0;-1;0;0;0;0;68;0;8;60;24;3;0;2;3;3543;471;398;0;0
2968;2025;142;8;4;0;2;0;1;0;0;0;0;59;0;10;4;3;3;3;1;4;3369;340;340;0;0
2969;2025;149;8;3;0;0;4;-2;0;0;0;0;69;0;3;2;1;6;2;0;1;2757;111;320;0;0
2970;2025;145;8;4;1;1;0;5;0;0;0;0;64;0;6;63;28;5;0;0;1;3703;443;8;0;0
2971;2025;140;8;4;1;0;0;-2;1;0;0;0;66;0;5;13;6;6;1;2;0;3295;336;373;0;0
2972;2025;151;8;4;1;1;0;0;0;0;0;0;60;0;8;50;32;9;0;2;0;3154;0;667;0;0
2973;2025;144;8;3;0;1;2;1;0;1;0;0;59;0;2;28;19;4;2;0;1;1749;172;486;0;0
2974;2025;145;8;4;2;0;0;-3;0;0;0;0;58;0;8;61;37;10;1;2;0;3953;29;478;0;0
2975;2025;142;8;3;0;1;4;-3;0;0;0;0;62;0;4;0;0;1;0;2;4;2535;531;76;0;0
2976;2025;148;8;4;0;3;2;1;0;0;0;1;68;0;8;2;0;3;1;3;5;3314;485;740;0;0
2978;2025;143;8;3;1;2;0;3;0;0;0;0;59;0;5;34;12;5;1;0;2;1959;24;486;0;0
2979;2025;142;8;4;1;1;0;3;0;0;0;0;71;0;3;0;0;4;0;3;4;3976;80;484;0;0
2980;2025;139;8;3;0;1;0;0;0;0;0;0;71;0;1;0;0;5;1;0;1;3088;89;272;0;0
2981;2025;151;8;4;2;1;14;2;0;0;0;0;69;1;8;4;3;6;0;1;1;3656;806;84;0;0
2982;2025;152;8;4;1;0;4;2;0;0;0;0;70;0;9;0;0;5;1;4;5;4101;531;306;0;0
2983;2025;144;8;4;2;3;18;-1;1;2;0;0;71;0;12;1;0;3;0;3;1;3430;862;243;0;0
2984;2025;140;8;2;0;0;0;1;0;0;0;0;55;0;2;0;0;2;1;1;1;1224;80;130;0;0
2985;2025;150;8;4;0;2;2;0;0;0;0;0;59;0;8;7;4;18;2;1;1;3527;222;244;0;0
2986;2025;138;8;3;0;1;0;0;0;0;0;0;47;0;1;0;0;5;0;0;0;1405;0;181;0;0
2987;2025;145;8;2;0;0;0;0;0;0;0;0;54;0;2;4;2;2;1;1;1;507;0;276;0;0
2988;2025;141;8;4;1;1;0;3;0;0;0;0;58;0;10;51;23;1;1;0;1;3089;364;164;0;0
2989;2025;138;8;3;0;2;0;2;0;0;0;0;59;0;3;0;0;0;0;0;0;1658;17;0;0;0
2990;2025;148;8;4;1;2;0;0;0;1;0;0;69;0;12;48;29;6;0;3;1;2921;557;360;0;0
2992;2025;143;8;3;0;1;2;2;0;0;0;0;61;0;6;14;10;6;1;1;3;2808;83;468;0;0
2993;2025;146;8;4;0;1;0;0;0;0;0;0;64;0;1;0;0;2;2;2;11;2303;13;545;0;0
2994;2025;148;8;3;0;0;4;-3;0;0;0;0;67;0;6;0;0;2;1;5;4;1892;32;482;0;0
2995;2025;153;8;4;5;1;0;3;2;1;0;0;85;2;13;79;40;10;1;1;3;3537;1347;241;0;0
2996;2025;148;8;4;3;1;0;-2;1;0;0;0;70;0;13;70;37;5;0;0;1;2404;1206;166;0;0
2997;2025;143;8;4;0;2;2;3;0;0;0;1;71;0;2;0;0;3;0;2;6;3398;0;628;0;0
2998;2025;148;8;3;1;0;2;0;0;0;0;0;53;0;6;2;2;2;0;0;2;925;308;0;0;0
2999;2025;139;8;3;0;0;0;-2;0;0;0;0;54;0;3;4;2;1;2;1;0;1671;0;173;0;0
3000;2025;153;8;4;1;1;2;0;0;0;0;0;63;0;5;47;24;6;2;1;2;2827;164;626;0;0
3001;2025;140;8;3;1;1;2;1;0;0;0;0;63;1;5;0;0;3;0;2;2;2887;413;155;0;0
3002;2025;150;8;3;0;0;0;0;0;0;0;0;59;0;1;23;12;1;0;1;1;1799;185;137;0;0
3003;2025;143;8;4;0;1;4;1;0;0;0;0;66;0;8;61;31;3;2;1;0;3785;650;237;0;0
3005;2025;146;8;4;1;1;0;-1;0;0;0;0;70;0;7;49;26;3;1;1;3;2817;674;161;0;0
3006;2025;149;8;4;1;0;4;-1;0;0;0;0;56;0;11;5;2;3;2;0;2;2767;937;0;0;0
3008;2025;145;8;3;0;2;0;1;0;0;0;0;66;0;3;2;1;9;0;0;0;2773;409;0;0;0
3009;2025;138;8;3;0;1;0;2;0;0;0;0;67;0;5;0;0;2;0;0;2;2958;20;49;0;0
3010;2025;146;8;3;0;0;4;-2;0;0;0;0;63;0;2;0;0;3;1;2;6;2534;88;762;0;0
3011;2025;150;8;3;0;0;2;-1;0;0;0;0;59;0;3;0;0;7;0;3;3;2967;0;512;0;0
3012;2025;139;8;2;0;0;0;0;0;0;0;0;56;0;1;7;5;1;0;0;0;1410;0;118;0;0
3013;2025;139;8;2;0;0;0;1;0;0;0;0;59;0;10;4;2;3;1;1;0;1651;450;0;0;0
3015;2025;141;8;4;0;0;0;-1;0;0;0;0;64;0;4;0;0;5;0;0;8;3449;89;946;0;0
3016;2025;144;8;3;0;0;0;-2;0;0;0;0;55;0;3;2;1;0;0;0;0;1151;84;100;0;0
3017;2025;144;8;4;1;3;0;-1;1;1;0;0;63;0;13;4;3;7;3;3;2;3652;827;85;0;0
3018;2025;153;8;4;0;1;0;-3;0;0;0;0;57;0;5;1;1;4;2;3;5;3000;189;36;0;0
3019;2025;146;8;4;0;0;2;-6;0;0;0;0;51;0;10;0;0;4;1;1;5;3987;397;252;0;0
3020;2025;139;8;4;0;0;0;1;0;0;0;0;73;0;2;0;0;3;0;3;6;2212;68;238;0;0
3021;2025;139;8;3;0;1;2;0;0;0;0;0;56;0;5;3;1;0;0;1;0;2490;46;0;0;0
3022;2025;150;8;3;1;0;2;0;0;0;0;0;66;0;3;0;0;4;1;0;0;2438;0;389;0;0
3023;2025;142;8;3;1;1;0;-1;0;0;0;0;54;1;4;5;3;5;1;1;2;2471;0;397;0;0
3024;2025;142;8;3;0;0;0;1;0;0;0;0;55;0;1;0;0;5;1;0;0;1318;0;159;0;0
3025;2025;144;8;3;0;2;0;0;0;1;0;0;58;0;2;3;1;1;1;2;0;2202;152;90;0;0
3026;2025;146;8;3;0;0;0;-2;0;0;0;0;47;0;9;4;1;3;1;2;0;2034;0;309;0;0
3027;2025;150;8;3;0;0;2;-1;0;0;0;0;62;0;2;24;14;2;0;0;1;1389;248;457;0;0
3028;2025;143;8;4;1;0;2;-2;1;0;0;0;58;0;14;7;3;1;2;0;1;3596;937;0;0;0
3029;2025;142;8;3;0;0;0;-2;0;0;0;0;56;0;2;13;5;2;0;1;0;2073;0;298;0;0
3030;2025;151;8;3;0;1;2;1;0;0;0;0;67;0;4;0;0;3;0;2;0;2685;473;207;0;0
3031;2025;144;8;3;0;0;0;-1;0;0;0;0;62;0;3;1;1;3;3;3;2;2257;433;129;0;0
3032;2025;141;8;3;0;0;0;-1;0;0;0;0;60;0;2;29;9;3;1;0;2;2395;89;368;0;0
3033;2025;145;8;2;0;0;0;0;0;0;0;0;60;0;1;0;0;3;1;0;2;1283;0;126;0;0
3034;2025;149;8;3;0;0;0;-1;0;0;0;0;61;0;5;2;0;6;0;3;4;2146;95;136;0;0
3035;2025;152;8;4;1;1;4;0;0;0;1;0;60;0;4;44;19;2;1;1;1;4083;364;432;0;0
3036;2025;147;8;3;0;2;0;-2;0;0;0;0;58;0;4;0;0;2;3;1;8;2687;308;295;0;0
3037;2025;148;8;1;0;0;0;0;0;0;0;0;61;0;2;0;0;1;0;0;1;861;0;17;0;0
3038;2025;142;8;3;0;1;2;3;0;1;0;0;71;0;11;0;0;5;1;0;4;2773;639;71;0;0
3039;2025;140;8;2;0;0;0;0;0;0;0;0;54;0;2;2;1;3;2;0;0;1154;117;89;0;0
3041;2025;150;8;3;0;0;0;-2;0;0;0;0;54;0;3;2;1;0;0;0;1;1209;66;5;0;0
3042;2025;141;8;3;0;1;2;3;0;0;0;0;63;0;4;16;7;1;0;0;2;2568;80;30;0;0
3043;2025;153;8;1;0;0;0;0;0;0;0;0;50;0;0;14;8;0;1;0;0;371;0;233;0;0
3044;2025;144;8;2;0;1;0;1;0;0;0;0;63;0;1;0;0;0;0;1;2;1052;14;118;0;0
3045;2025;147;8;4;1;4;2;3;0;1;0;0;62;1;13;12;5;7;1;3;4;3605;422;109;0;0
3046;2025;151;8;4;0;0;4;1;0;0;0;0;72;0;5;44;29;4;2;4;2;3366;95;265;0;0
3047;2025;150;8;4;0;1;6;-1;0;0;0;0;62;0;6;0;0;6;1;0;5;3926;446;183;0;0
3048;2025;150;8;4;2;3;0;1;2;0;0;0;71;1;10;5;3;6;1;4;0;3851;961;213;0;0
3049;2025;153;8;4;1;0;0;-3;1;0;0;0;57;0;5;0;0;6;1;0;2;3017;1085;193;0;0
3050;2025;140;8;4;3;2;4;2;1;0;0;0;71;1;18;53;24;5;2;2;4;3937;843;95;0;0
3051;2025;146;8;4;0;3;0;-1;0;2;0;0;59;0;9;0;0;6;1;0;7;3636;498;317;0;0
3052;2025;148;8;4;2;3;2;1;1;3;0;0;70;0;18;0;0;2;0;1;1;2813;1186;0;0;0
3053;2025;149;8;4;0;0;6;1;0;0;0;0;63;0;11;0;0;6;0;1;3;4245;578;223;0;0
3054;2025;150;8;4;0;3;0;0;0;1;0;0;64;0;5;38;22;6;0;0;4;3665;960;0;0;0
3055;2025;139;8;3;2;0;2;0;1;0;0;0;72;1;9;53;25;6;0;0;3;2575;673;0;0;0
3056;2025;141;8;3;1;0;2;-2;0;0;0;0;57;0;8;2;1;8;2;1;1;2748;115;86;0;0
3058;2025;147;8;3;0;0;0;-1;0;0;0;0;59;0;1;0;0;0;0;0;5;1937;334;179;0;0
3059;2025;142;8;3;0;1;0;0;0;0;0;0;62;0;3;45;27;3;2;1;3;2608;601;0;0;0
3061;2025;144;8;4;0;0;0;-4;0;0;0;0;61;0;4;0;0;4;0;0;3;3321;529;459;0;0
3062;2025;139;8;3;0;1;2;-3;0;1;0;0;57;0;2;0;0;6;0;2;2;3127;169;232;0;0
3063;2025;148;8;3;0;1;0;0;0;0;0;0;54;0;2;4;0;0;0;0;0;879;12;189;0;0
3064;2025;138;8;3;0;0;2;1;0;0;0;0;65;0;2;0;0;3;0;3;10;2784;85;328;0;0
3065;2025;144;8;4;1;1;6;-1;0;1;0;0;61;0;10;74;36;6;1;2;0;3544;981;13;0;0
3066;2025;145;8;3;0;1;4;2;0;0;0;0;60;0;4;0;0;2;0;1;4;2216;3;219;0;0
3067;2025;151;8;1;0;1;0;1;0;0;0;0;58;0;0;1;1;0;0;0;2;381;0;79;0;0
3068;2025;140;8;4;0;0;0;0;0;0;0;0;53;0;0;4;2;17;2;1;4;2576;29;152;0;0
3069;2025;139;8;3;0;2;12;-2;0;1;0;0;65;0;3;23;18;3;0;1;4;2415;539;25;0;0
3070;2025;144;8;2;0;0;2;-1;0;0;0;0;54;0;3;15;10;1;1;0;2;1615;35;376;0;0
3071;2025;151;8;2;0;0;0;1;0;0;0;0;49;0;0;0;0;4;0;0;1;1910;64;183;0;0
3072;2025;143;8;1;0;0;0;-1;0;0;0;0;47;0;0;0;0;1;1;0;0;195;0;76;0;0
3073;2025;145;8;4;1;1;0;0;0;0;0;0;64;0;12;4;3;3;1;1;6;4044;528;0;0;0
3074;2025;148;8;4;0;1;2;3;0;0;0;0;59;0;13;0;0;7;1;2;4;3614;453;548;0;0
3075;2025;143;8;3;0;2;12;1;0;0;0;0;59;0;3;6;1;2;1;0;1;2041;79;81;0;0
3076;2025;138;8;1;0;0;0;-1;0;0;0;0;60;0;0;0;0;3;0;0;1;961;0;94;0;0
3077;2025;139;8;1;0;1;0;1;0;1;0;0;63;0;0;14;6;0;0;0;0;775;248;0;0;0
3078;2025;141;8;2;0;0;2;-1;0;0;0;0;50;0;3;9;4;2;1;0;0;1017;0;299;0;0
3079;2025;143;8;3;0;1;4;2;0;0;0;0;54;0;2;11;6;0;0;0;1;1183;450;55;0;0
3080;2025;146;8;4;1;0;2;1;0;0;0;0;58;0;6;0;0;1;1;3;4;2889;341;269;0;0
3081;2025;141;8;4;2;4;0;3;1;0;0;0;68;0;15;11;8;4;2;1;2;4064;920;513;0;0
3082;2025;146;8;3;1;0;0;-2;0;0;0;0;50;0;3;11;5;1;2;1;1;1829;47;61;0;0
3084;2025;146;8;4;1;4;2;-1;1;1;0;0;68;0;7;17;12;3;1;1;1;3281;383;580;0;0
3085;2025;151;8;2;0;1;0;1;0;0;0;0;57;0;4;0;0;3;2;2;2;1804;149;84;0;0
3087;2025;145;8;2;0;0;0;-3;0;0;0;0;58;0;6;0;0;3;1;3;2;1803;286;45;0;0
3088;2025;144;8;1;0;0;2;0;0;0;0;0;49;0;2;0;0;2;1;0;0;916;46;26;0;0
3089;2025;152;8;1;0;0;2;1;0;0;0;0;53;0;3;8;3;0;2;0;0;942;209;0;0;0
3090;2025;149;8;2;0;0;0;-1;0;0;0;0;52;0;0;18;6;3;2;0;1;1409;192;0;0;0
3091;2025;147;8;4;1;0;0;1;0;0;0;0;59;0;7;0;0;8;1;1;1;3399;503;255;0;0
3092;2025;141;8;4;1;3;8;1;1;1;0;0;69;1;7;0;0;4;1;1;1;3607;792;279;0;0
3093;2025;153;8;4;0;0;2;-4;0;0;0;0;50;0;4;44;20;1;2;0;1;2883;199;512;0;0
3094;2025;149;8;4;0;2;0;-1;0;1;0;0;60;0;2;48;19;3;1;3;2;3382;272;99;0;0
3095;2025;140;8;1;0;0;0;0;0;0;0;0;60;0;2;1;1;3;0;0;2;1120;98;152;0;0
3096;2025;151;8;2;1;0;0;1;0;0;0;0;63;1;4;0;0;1;0;1;1;974;64;196;0;0
3097;2025;152;8;4;0;2;0;-1;0;0;0;1;71;0;4;0;0;2;1;2;7;3973;33;320;0;0
3099;2025;151;8;1;0;0;0;0;0;0;0;0;64;0;1;0;0;0;0;1;0;836;95;0;0;0
3100;2025;143;8;1;0;0;0;0;0;0;0;0;58;0;1;1;1;0;0;0;0;393;196;0;0;0
3101;2025;150;8;3;1;1;0;-1;0;0;0;0;61;0;3;6;4;2;2;1;3;2565;132;114;0;0
3102;2025;150;8;3;0;0;0;1;0;0;0;0;55;0;0;0;0;1;0;0;1;482;115;224;0;0
3103;2025;150;8;4;1;3;0;-1;0;1;0;0;56;0;8;3;1;2;3;1;2;2943;448;0;0;0
3104;2025;145;8;3;0;0;6;-3;0;0;0;0;56;0;5;8;4;3;1;0;2;2306;350;24;0;0
3105;2025;151;8;1;1;0;0;0;0;0;0;0;59;1;3;0;0;0;0;0;0;787;0;0;0;0
3106;2025;151;8;2;0;0;0;0;0;0;0;0;53;0;0;3;3;4;0;0;0;888;64;0;0;0
3107;2025;152;8;4;0;0;2;-2;0;0;0;0;61;0;1;0;0;4;0;2;10;3368;0;598;0;0
3108;2025;144;8;1;0;0;2;0;0;0;0;0;50;0;0;4;1;0;0;0;0;272;0;88;0;0
3109;2025;149;8;4;1;1;2;-1;0;1;0;0;62;0;11;0;0;7;2;1;14;3848;680;856;0;0
3111;2025;141;8;1;0;0;0;-1;0;0;0;0;56;0;0;13;6;1;1;0;1;721;0;0;0;0
3112;2025;148;8;1;0;0;0;1;0;0;0;0;52;0;0;0;0;1;0;0;0;380;0;0;0;0
3113;2025;147;8;3;0;0;0;-2;0;0;0;0;51;0;4;0;0;0;0;0;3;1853;0;51;0;0
3114;2025;141;8;4;0;0;0;0;0;0;0;0;68;0;1;0;0;4;0;2;7;3571;65;747;0;0
3116;2025;147;8;2;0;1;0;0;0;0;0;0;54;0;0;1;1;1;0;0;1;786;0;22;0;0
3117;2025;142;8;1;0;1;2;-1;0;0;0;0;58;0;0;0;0;2;0;0;1;1066;40;186;0;0
3118;2025;142;8;1;1;0;0;-1;0;0;0;0;46;0;4;3;0;0;3;0;1;1002;80;119;0;0
3119;2025;145;8;2;0;0;2;0;0;0;0;0;50;0;0;9;4;1;0;0;0;887;0;308;0;0
3120;2025;153;8;3;0;0;0;-1;0;0;0;0;55;0;1;0;0;1;0;0;0;767;311;64;0;0
3121;2025;142;8;1;0;0;2;0;0;0;0;0;54;0;1;0;0;1;0;0;3;915;0;204;0;0
3122;2025;149;8;3;0;0;0;-2;0;0;0;0;50;0;2;0;0;1;1;0;5;1258;24;131;0;0
3123;2025;153;8;3;0;0;0;0;0;0;0;0;50;0;1;13;6;0;0;0;0;1169;0;0;0;0
3124;2025;139;8;1;0;0;0;0;0;0;0;0;63;0;0;0;0;0;0;0;1;269;0;56;0;0
3126;2025;150;8;1;0;0;0;0;0;0;0;0;55;0;0;0;0;1;0;1;0;71;0;124;0;0
3127;2025;149;8;2;1;0;0;0;1;0;0;0;55;0;2;0;0;1;0;0;1;862;66;35;0;0
3128;2025;152;8;4;0;0;17;0;0;0;0;0;56;0;3;0;0;2;2;0;4;2601;709;45;0;0
3129;2025;141;8;2;0;0;0;-2;0;0;0;0;49;0;0;10;4;1;1;0;1;1375;65;0;0;0
3130;2025;150;8;4;0;2;0;2;0;1;0;0;60;0;1;0;0;2;2;0;3;2815;728;0;0;0
3131;2025;140;8;2;0;0;2;1;0;0;0;0;56;0;2;2;1;0;0;0;1;1013;130;31;0;0
3132;2025;141;8;2;0;0;0;-1;0;0;0;0;49;0;1;4;1;2;0;0;0;899;0;194;0;0
3133;2025;143;8;3;0;2;2;8;0;0;0;0;58;0;3;0;0;3;0;0;5;2488;0;526;0;0
3134;2025;141;8;1;0;1;0;-1;0;0;0;0;43;0;1;9;3;1;0;0;0;630;0;221;0;0
3135;2025;142;8;1;0;0;2;0;0;0;0;0;41;0;1;0;0;0;0;0;1;899;0;79;0;0
3136;2025;147;8;2;0;0;0;1;0;0;0;0;49;0;1;1;0;0;1;0;1;885;256;13;0;0
3137;2025;150;8;1;0;0;0;-1;0;0;0;0;52;0;1;0;0;0;0;0;0;1050;100;43;0;0
3138;2025;142;8;1;0;0;0;-1;0;0;0;0;46;0;1;0;0;1;1;0;0;402;0;0;0;0
3142;2025;143;8;2;0;1;0;0;0;0;0;1;58;0;0;8;6;0;0;2;2;1125;0;404;0;0
3143;2025;138;8;1;0;1;0;1;0;0;0;0;59;0;1;0;0;0;0;0;0;416;0;0;0;0
3144;2025;152;8;3;0;1;0;0;0;0;0;0;53;0;4;0;0;7;2;2;2;3009;103;307;0;0
3145;2025;153;8;3;0;1;2;0;0;1;0;0;53;0;5;9;2;3;1;0;2;1471;319;106;0;0
3146;2025;140;8;1;0;0;0;-1;0;0;0;0;57;0;2;12;6;0;1;0;1;895;0;170;0;0
3147;2025;152;8;2;0;0;0;-1;0;0;0;0;51;0;2;6;2;0;0;0;0;684;29;5;0;0
3148;2025;149;8;4;0;1;0;-3;0;0;0;0;53;0;4;0;0;3;0;2;0;3703;163;269;0;0
3149;2025;153;8;2;0;0;2;0;0;0;0;0;62;0;1;2;1;0;0;2;0;1030;84;247;0;0
3150;2025;144;8;3;1;0;0;-3;1;0;0;0;55;0;5;23;9;1;2;0;2;2044;152;64;0;0
3151;2025;145;8;1;0;0;0;0;0;0;0;0;50;0;1;1;0;0;0;0;0;220;78;0;0;0
3152;2025;140;8;1;0;0;0;0;0;0;0;0;85;0;1;0;0;0;2;0;4;1236;69;192;0;0
3153;2025;151;8;2;0;0;0;1;0;0;0;0;70;0;4;0;0;2;0;0;2;1719;206;122;0;0
3154;2025;141;8;4;0;0;0;0;0;0;0;0;52;0;0;0;0;2;0;0;0;1501;82;61;0;0
3155;2025;141;8;2;0;0;4;0;0;0;0;0;50;0;2;0;0;0;0;0;0;1294;38;0;0;0
3156;2025;141;8;1;0;0;0;1;0;0;0;0;53;0;2;0;0;1;1;0;0;927;80;0;0;0
3157;2025;140;8;1;0;0;0;-1;0;0;0;0;64;0;0;0;0;0;0;0;1;696;0;58;0;0
3158;2025;142;8;1;0;0;0;1;0;0;0;0;51;0;0;0;0;0;0;0;0;227;0;92;0;0
3159;2025;150;8;1;0;0;0;-1;0;0;0;0;50;0;1;1;1;0;0;0;0;465;45;0;0;0
3160;2025;145;8;1;0;0;0;0;0;0;0;0;50;0;0;0;0;0;0;0;1;371;0;0;0;0
3161;2025;144;8;2;0;0;0;0;0;0;0;0;54;0;1;5;2;0;0;1;0;797;0;0;0;0
3162;2025;150;8;2;1;0;2;1;0;0;0;0;63;0;4;2;0;1;0;0;1;1009;217;0;0;0
3163;2025;142;8;1;0;0;2;0;0;0;0;0;53;0;1;6;4;0;0;0;0;736;0;0;0;0
3164;2025;142;8;1;0;0;0;-1;0;0;0;0;52;0;1;0;0;0;0;0;3;986;0;89;0;0
3165;2025;147;8;3;2;1;4;-1;1;1;0;0;59;0;8;57;32;1;1;0;0;1769;1169;0;0;0
3166;2025;139;8;2;1;1;0;-2;0;0;0;0;57;0;7;0;0;2;1;0;1;1845;287;0;0;0
3167;2025;150;8;2;0;0;0;-2;0;0;0;0;52;0;1;0;0;0;0;0;0;1162;283;0;0;0
3168;2025;141;8;1;0;0;0;0;0;0;0;0;48;0;0;1;0;0;0;0;0;399;0;221;0;0
3171;2025;144;8;1;0;0;0;1;0;0;0;0;55;0;0;0;0;0;0;0;1;232;0;0;0;0
3172;2025;140;8;1;0;0;4;0;0;0;0;0;49;0;1;2;1;1;0;0;1;657;0;0;0;0
3173;2025;149;8;1;0;0;0;-1;0;0;0;0;51;0;0;3;3;0;0;0;0;250;0;40;0;0
3176;2025;138;8;1;0;0;0;1;0;0;0;0;63;0;2;0;0;2;0;0;0;881;278;0;0;0
3177;2025;153;8;1;0;0;0;0;0;0;0;0;46;0;0;0;0;1;1;0;0;493;0;0;0;0
3178;2025;140;8;1;0;0;0;0;0;0;0;0;54;0;0;0;0;0;0;0;1;297;0;161;0;0
3179;2025;138;8;1;1;0;0;1;0;0;0;0;43;0;1;11;3;1;0;0;0;416;0;94;0;0
3180;2025;149;8;1;0;0;0;-1;0;0;0;0;42;0;0;0;0;0;0;0;0;229;0;0;0;0
3181;2025;153;8;1;0;0;0;0;0;0;0;0;50;0;3;7;6;0;1;0;0;493;0;0;0;0
3182;2025;150;8;1;0;1;0;1;0;0;0;0;59;0;0;8;5;0;0;1;0;644;0;77;0;0
3183;2025;139;8;2;0;0;0;1;0;0;0;0;54;0;0;1;0;1;1;1;0;1619;0;122;0;0
3184;2025;150;8;1;0;0;2;-2;0;0;0;0;42;0;0;0;0;1;0;0;2;842;0;47;0;0
3185;2025;153;8;3;0;0;0;-1;0;0;0;0;52;0;2;3;0;3;4;1;2;1854;129;254;0;0
3188;2025;142;8;1;0;0;0;0;0;0;0;0;49;0;1;3;2;0;1;0;0;568;59;0;0;0
3191;2025;139;8;1;0;0;0;0;0;0;0;0;49;0;0;0;0;0;0;0;0;423;0;0;0;0
3192;2025;153;8;3;2;2;2;0;1;1;0;0;63;0;8;2;0;1;0;0;0;2352;789;0;0;0
3195;2025;156;9;2;1;1;0;1;0;0;0;0;66;1;3;27;16;3;0;0;1;1254;327;71;0;0
3196;2025;158;9;3;0;0;0;0;0;0;0;0;58;0;1;0;0;2;0;1;3;1250;0;187;0;0
3197;2025;155;9;4;0;2;4;1;0;0;0;0;52;0;4;16;13;1;1;0;2;3626;129;520;0;0
3199;2025;155;9;4;0;1;0;0;0;0;0;0;59;0;3;0;0;1;0;4;2;3317;879;90;0;0
3202;2025;165;9;4;1;0;4;0;0;0;0;0;66;0;11;81;42;11;5;2;0;3650;581;598;0;0
3205;2025;166;9;4;2;4;4;-2;2;2;0;0;71;0;16;86;51;5;1;0;4;3393;978;0;0;0
3207;2025;162;9;4;1;2;4;0;0;0;0;0;62;0;8;0;0;6;1;0;2;3902;473;83;0;0
3208;2025;155;9;4;1;2;2;3;0;1;0;0;69;0;12;11;2;2;1;4;3;3379;1069;181;0;0
3209;2025;161;9;2;0;0;0;0;0;0;0;0;54;0;5;27;13;0;1;2;1;1717;197;0;0;0
3211;2025;160;9;4;2;2;0;6;1;0;0;0;69;0;12;47;30;4;1;3;1;2584;343;347;0;0
3212;2025;155;9;4;0;0;2;-1;0;0;0;0;55;0;7;0;0;1;2;1;0;1905;554;0;0;0
3213;2025;157;9;4;1;1;0;-2;0;0;0;0;65;1;8;62;46;3;1;1;2;3558;0;561;0;0
3214;2025;165;9;4;0;0;4;0;0;0;0;0;58;0;3;0;0;5;2;0;3;3608;133;635;0;0
3215;2025;160;9;4;2;0;4;4;0;0;0;0;67;0;7;6;2;5;0;1;5;2783;529;150;0;0
3216;2025;156;9;3;0;1;2;0;0;0;0;0;57;0;5;4;4;1;0;2;1;1750;7;0;0;0
3217;2025;162;9;4;1;3;0;0;0;0;0;1;74;0;2;53;27;8;1;4;2;3664;208;842;0;0
3218;2025;159;9;4;1;2;0;2;0;0;0;0;59;0;10;9;4;3;3;0;2;3008;1097;75;0;0
3219;2025;158;9;4;2;0;2;0;1;0;0;0;65;0;18;11;2;4;2;1;1;3510;1131;290;0;0
3220;2025;162;9;4;2;0;16;-1;0;0;0;0;59;0;12;7;0;3;4;1;2;3701;749;242;0;0
3221;2025;156;9;4;0;2;2;2;0;0;0;0;60;0;5;0;0;8;0;2;3;2900;83;670;0;0
3222;2025;160;9;4;0;5;2;-2;0;2;0;0;70;0;16;72;46;6;4;2;0;3325;1162;9;0;0
3223;2025;157;9;4;0;0;0;-2;0;0;0;0;66;0;1;0;0;2;0;1;4;3009;0;327;0;0
3224;2025;165;9;4;0;2;0;1;0;1;0;0;72;0;9;0;0;2;3;4;4;3602;405;0;0;0
3226;2025;154;9;3;0;0;0;1;0;0;0;0;54;0;0;0;0;1;2;0;4;2271;0;147;0;0
3228;2025;167;9;3;0;0;0;-1;0;0;0;0;48;0;3;0;0;1;0;0;0;1485;0;64;0;0
3229;2025;165;9;4;0;0;4;2;0;0;0;0;59;0;10;0;0;4;1;0;1;3069;41;210;0;0
3231;2025;167;9;4;0;2;2;2;0;0;0;1;63;0;10;17;7;3;0;4;9;3654;89;307;0;0
3232;2025;157;9;4;1;1;0;-1;1;1;0;0;61;0;7;46;18;0;1;2;2;3030;523;158;0;0
3233;2025;166;9;4;0;1;14;2;0;0;0;0;54;0;8;0;0;4;2;2;7;3079;63;639;0;0
3234;2025;163;9;2;1;1;0;1;0;0;0;0;59;0;6;5;4;1;0;0;0;1538;247;0;0;0
3235;2025;154;9;4;1;4;2;2;0;2;0;0;71;0;19;1;1;7;0;2;5;4166;765;0;0;0
3236;2025;156;9;4;0;0;0;0;0;0;0;0;60;0;5;49;24;7;1;0;2;3101;0;314;0;0
3237;2025;165;9;4;0;0;0;1;0;0;0;0;59;0;5;38;25;2;2;1;0;2562;46;384;0;0
3238;2025;166;9;4;0;1;0;0;0;0;0;0;59;0;10;45;18;0;0;0;4;3021;268;582;0;0
3241;2025;160;9;4;3;1;2;0;1;1;0;0;61;0;12;0;0;6;1;5;7;3889;954;493;0;0
3242;2025;159;9;4;0;1;12;2;0;0;0;0;60;0;5;0;0;5;3;3;5;3705;738;663;0;0
3243;2025;161;9;4;0;2;0;1;0;0;0;0;59;0;7;0;0;0;0;2;2;3105;336;0;0;0
3245;2025;166;9;4;0;0;4;-1;0;0;0;0;59;0;2;0;0;6;1;0;2;2250;0;498;0;0
3250;2025;166;9;4;0;0;0;2;0;0;0;0;56;0;3;1;1;4;2;3;0;2907;359;221;0;0
3251;2025;160;9;4;0;1;0;5;0;0;0;0;54;0;3;0;0;1;1;1;3;3352;0;458;0;0
3252;2025;156;9;4;1;2;0;-4;0;1;0;0;62;0;5;0;0;7;2;2;4;4438;202;749;0;0
3253;2025;162;9;2;0;0;0;1;0;0;0;0;58;0;3;0;0;2;1;0;4;1215;51;42;0;0
3254;2025;159;9;4;1;0;2;0;0;0;0;0;55;0;3;2;1;3;1;2;2;2662;105;0;0;0
3255;2025;158;9;3;0;0;0;0;0;0;0;0;59;0;1;10;6;1;1;1;2;1537;94;237;0;0
3256;2025;159;9;4;2;0;17;0;0;0;0;0;58;0;5;28;7;2;1;0;0;2096;769;0;0;0
3257;2025;156;9;1;0;0;0;-1;0;0;0;0;50;0;0;0;0;0;0;0;2;492;0;0;0;0
3258;2025;162;9;3;1;0;0;1;0;0;0;0;54;1;4;1;1;1;0;1;1;1645;188;0;0;0
3259;2025;157;9;4;0;0;8;-1;0;0;0;0;56;0;8;0;0;4;4;0;5;3331;979;197;0;0
3260;2025;154;9;3;0;1;0;1;0;0;0;0;59;0;5;26;12;2;1;0;1;1852;152;0;0;0
3261;2025;167;9;4;1;1;2;-1;0;0;0;0;60;0;10;7;3;7;1;1;3;4266;324;155;0;0
3262;2025;164;9;2;0;1;0;0;0;0;0;0;51;0;0;0;0;0;1;0;1;690;0;0;0;0
3263;2025;167;9;1;0;0;0;0;0;0;0;0;53;0;0;4;1;1;0;0;0;500;0;0;0;0
3264;2025;158;9;4;0;1;2;2;0;0;0;0;62;0;6;0;0;6;0;1;6;2981;126;276;0;0
3265;2025;161;9;4;0;2;6;1;0;0;0;0;65;0;7;87;49;12;1;2;1;3921;786;5;0;0
3266;2025;158;9;4;2;1;0;1;1;1;0;0;63;0;12;42;24;1;2;3;3;2894;1095;0;0;0
3267;2025;160;9;3;0;0;0;0;0;0;0;0;53;0;2;11;7;0;0;2;0;1527;0;0;0;0
3269;2025;163;9;3;0;0;0;0;0;0;0;0;52;0;1;0;0;4;0;0;0;1757;0;302;0;0
3270;2025;163;9;4;1;1;0;1;0;0;0;0;66;0;6;59;37;3;1;4;3;3387;897;0;0;0
3271;2025;163;9;4;2;1;0;-1;2;0;0;0;73;0;7;33;13;2;0;2;3;3873;979;69;0;0
3272;2025;156;9;4;1;0;0;-7;0;0;0;0;64;0;11;10;1;6;0;3;4;3952;441;443;0;0
3274;2025;160;9;4;1;0;2;-2;0;0;0;0;53;0;11;0;0;6;1;1;1;3759;449;333;0;0
3275;2025;154;9;4;3;1;0;2;0;0;0;0;67;1;5;31;17;8;2;0;4;4212;152;696;0;0
3276;2025;154;9;4;2;1;4;1;1;1;0;0;70;0;11;8;5;11;1;0;4;4145;711;64;0;0
3277;2025;164;9;4;0;1;0;-1;0;1;0;0;63;0;8;7;3;4;3;2;2;3542;534;358;0;0
3279;2025;163;9;4;0;3;2;1;0;0;0;0;66;0;6;0;0;3;1;3;5;3637;379;244;0;0
3280;2025;164;9;4;0;1;0;-2;0;0;0;0;62;0;4;0;0;6;0;1;8;3388;143;209;0;0
3281;2025;162;9;3;1;2;0;0;1;0;0;0;62;1;13;0;0;5;3;2;2;2817;480;0;0;0
3284;2025;155;9;4;1;2;2;2;0;0;0;0;71;0;16;9;5;10;0;2;0;3748;1053;184;0;0
3285;2025;157;9;3;0;0;0;-1;0;0;0;0;55;0;0;2;1;4;1;2;2;2148;5;70;0;0
3286;2025;157;9;3;0;0;2;-2;0;0;0;0;54;0;7;3;3;1;1;0;4;2307;573;202;0;0
3288;2025;154;9;4;0;5;12;5;0;1;0;0;66;0;6;0;0;9;3;1;4;3688;674;215;0;0
3289;2025;155;9;4;1;0;0;0;0;0;0;0;67;0;4;0;0;1;3;3;5;2982;13;290;0;0
3290;2025;166;9;4;0;0;0;-2;0;0;0;0;47;0;5;0;0;1;0;0;1;2032;42;255;0;0
3292;2025;159;9;4;0;2;0;0;0;0;0;0;56;0;3;0;0;8;1;1;1;3124;105;192;0;0
3293;2025;165;9;4;0;0;0;1;0;0;0;0;61;0;8;8;4;2;1;1;2;2890;11;126;0;0
3294;2025;165;9;4;1;1;0;-1;1;1;0;0;66;0;9;3;0;7;1;2;1;2751;609;0;0;0
3295;2025;161;9;4;0;2;2;1;0;0;0;1;59;0;11;3;1;3;1;2;3;3164;200;243;0;0
3296;2025;160;9;4;0;1;0;2;0;0;0;0;72;0;5;0;0;8;0;2;9;3805;56;470;0;0
3297;2025;159;9;1;0;0;0;-1;0;0;0;0;44;0;0;4;2;0;0;0;0;357;0;0;0;0
3299;2025;159;9;3;0;2;0;1;0;0;0;0;61;0;4;5;2;0;2;2;1;2584;276;116;0;0
3300;2025;157;9;1;0;0;0;0;0;0;0;0;53;0;1;0;0;2;0;0;1;499;0;0;0;0
3302;2025;154;9;4;0;1;12;0;0;0;0;0;54;0;5;0;0;0;0;1;0;1776;231;68;0;0
3304;2025;157;9;4;0;0;2;-2;0;0;0;0;67;0;6;0;0;6;1;5;14;3721;228;647;0;0
3307;2025;164;9;4;1;0;6;0;0;0;0;0;79;0;2;0;0;5;2;7;13;3645;382;535;0;0
3310;2025;166;9;3;1;0;2;2;0;0;0;0;58;0;4;3;2;3;1;1;2;2509;0;14;0;0
3311;2025;155;9;4;0;0;2;1;0;0;0;0;64;0;10;50;25;5;1;5;0;3638;129;0;0;0
3313;2025;162;9;4;1;0;0;1;0;0;0;0;57;0;7;1;0;4;2;0;2;2819;0;302;0;0
3315;2025;166;9;4;1;1;0;2;0;0;0;0;63;0;8;9;4;14;1;3;2;3283;0;236;0;0
3317;2025;161;9;4;0;1;0;0;0;0;0;0;56;0;7;0;0;3;2;2;5;3866;529;153;0;0
3318;2025;162;9;4;0;0;0;1;0;0;0;0;59;0;1;0;0;5;0;2;2;1847;0;370;0;0
3321;2025;166;9;4;0;0;0;-1;0;0;0;0;64;0;4;0;0;2;0;1;5;2595;0;206;0;0
3322;2025;159;9;3;1;1;0;0;0;0;0;0;62;0;4;6;4;2;1;0;3;1999;951;36;0;0
3323;2025;161;9;4;0;1;0;-2;0;0;0;0;56;0;3;0;0;1;1;2;0;2726;0;237;0;0
3324;2025;161;9;4;2;0;0;4;0;0;1;0;67;1;3;0;0;5;1;2;8;3881;0;579;0;0
3326;2025;166;9;4;0;1;0;0;0;0;0;0;78;0;10;0;0;11;1;3;10;3848;207;718;0;0
3327;2025;165;9;4;0;0;0;0;0;0;0;0;86;0;15;0;0;11;0;2;5;3855;471;669;0;0
3328;2025;155;9;3;0;0;0;2;0;0;0;0;55;0;7;0;0;5;2;1;4;2656;173;310;0;0
3329;2025;160;9;4;2;2;2;-1;0;0;0;0;57;0;16;6;4;6;2;0;1;3829;346;93;0;0
3330;2025;159;9;4;0;2;2;3;0;0;0;0;67;0;10;9;6;4;1;0;3;3349;438;375;0;0
3331;2025;163;9;4;1;0;0;-2;0;0;0;0;61;0;7;4;1;8;1;0;0;3743;194;229;0;0
3332;2025;164;9;4;2;0;0;-4;1;0;0;0;59;0;6;3;0;6;1;2;2;3449;306;134;0;0
3333;2025;163;9;4;0;0;0;-1;0;0;0;0;64;0;4;1;1;3;1;4;6;3209;0;254;0;0
3334;2025;165;9;4;1;0;4;-1;1;0;0;0;55;0;10;0;0;5;3;1;4;2578;299;0;0;0
3335;2025;165;9;1;0;0;0;-1;0;0;0;0;51;0;0;6;3;1;0;0;0;359;28;0;0;0
3336;2025;159;9;4;0;0;2;3;0;0;0;0;59;0;7;0;0;0;4;1;11;3217;199;208;0;0
3337;2025;161;9;3;1;1;2;1;0;0;0;0;55;0;3;22;12;0;0;0;0;1761;53;265;0;0
3338;2025;154;9;4;1;1;2;-2;0;0;0;0;59;0;9;2;0;6;0;2;3;3931;255;99;0;0
3340;2025;154;9;4;0;0;4;0;0;0;0;0;67;0;3;0;0;3;1;2;6;2569;0;468;0;0
3341;2025;163;9;4;0;0;0;0;0;0;0;0;53;0;2;0;0;2;1;0;2;1676;570;46;0;0
3343;2025;154;9;4;0;0;2;-1;0;0;0;0;52;0;0;23;13;1;0;1;0;1923;231;108;0;0
3344;2025;163;9;3;0;0;2;-1;0;0;0;0;51;0;0;4;3;2;0;1;0;1130;16;242;0;0
3346;2025;162;9;2;0;0;0;0;0;0;0;0;54;0;2;0;0;0;0;0;1;695;41;0;0;0
3348;2025;165;9;3;0;0;0;0;0;0;0;0;59;0;1;0;0;1;1;0;0;1352;0;78;0;0
3349;2025;156;9;4;0;0;0;-2;0;0;0;0;53;0;6;0;0;1;0;0;2;2105;0;375;0;0
3352;2025;157;9;4;0;0;2;-2;0;0;0;0;67;0;2;0;0;0;1;1;8;3293;23;723;0;0
3353;2025;158;9;4;0;1;0;-1;0;0;0;0;59;0;1;0;0;3;0;1;8;2871;0;530;0;0
3355;2025;163;9;4;0;0;0;-2;0;0;0;0;53;0;1;1;0;4;1;0;1;2039;0;0;0;0
3356;2025;163;9;4;0;0;2;0;0;0;0;0;55;0;14;4;1;2;1;0;2;3396;308;0;0;0
3357;2025;159;9;4;0;0;14;1;0;0;0;0;54;0;4;0;0;2;2;1;1;2412;76;204;0;0
3359;2025;155;9;4;0;0;0;-1;0;0;0;0;51;0;6;2;1;5;3;0;0;1896;0;56;0;0
3360;2025;167;9;3;0;1;2;2;0;0;0;0;59;0;1;8;5;3;1;0;3;2352;0;98;0;0
3361;2025;156;9;4;0;1;6;-4;0;0;0;0;52;0;8;11;4;14;0;0;0;3254;71;416;0;0
3362;2025;167;9;1;0;0;0;0;0;0;0;0;53;0;0;0;0;0;0;0;0;379;0;25;0;0
3365;2025;156;9;4;1;3;2;-1;0;3;0;0;67;0;15;6;4;6;3;1;3;3267;508;177;0;0
3367;2025;167;9;3;0;0;0;-1;0;0;0;0;61;0;4;28;13;2;0;0;4;1673;171;46;0;0
3368;2025;162;9;4;1;2;2;2;0;0;1;0;61;0;4;59;26;6;0;1;5;3056;0;762;0;0
3369;2025;156;9;4;0;2;6;-4;0;0;0;0;51;0;1;0;0;1;2;2;3;3010;59;232;0;0
3370;2025;159;9;4;0;3;12;1;0;0;0;0;67;0;9;0;0;7;0;4;1;3650;258;388;0;0
3371;2025;162;9;3;0;0;0;2;0;0;0;0;65;0;1;0;0;3;0;0;3;1971;0;541;0;0
3372;2025;167;9;4;1;0;0;3;0;0;0;0;67;0;2;0;0;3;1;2;10;3394;13;370;0;0
3373;2025;166;9;4;0;0;4;-3;0;0;0;0;53;0;3;2;1;1;1;1;1;2248;98;138;0;0
3374;2025;160;9;4;1;1;0;-2;1;0;0;0;67;0;14;1;1;1;0;0;2;3404;960;310;0;0
3375;2025;166;9;3;0;0;0;1;0;0;0;0;64;0;3;27;11;6;0;3;3;1853;0;516;0;0
3376;2025;162;9;4;1;1;10;-1;1;1;0;0;58;0;8;0;0;9;1;2;1;3508;793;268;0;0
3377;2025;161;9;3;0;2;2;2;0;0;0;0;61;0;5;46;21;4;1;0;1;2623;160;232;0;0
3378;2025;162;9;4;0;2;2;2;0;0;0;0;59;0;4;8;6;3;0;0;0;2831;224;30;0;0
3379;2025;155;9;4;2;2;0;3;0;1;0;0;64;1;9;2;1;3;0;4;2;3143;554;121;0;0
3380;2025;167;9;4;2;1;0;1;0;0;1;0;64;0;15;6;3;3;1;0;5;3799;95;438;0;0
3381;2025;163;9;4;0;1;2;-1;0;0;0;0;65;0;6;66;29;6;3;1;4;3653;733;567;0;0
3382;2025;159;9;4;0;0;0;1;0;0;0;0;75;0;2;0;0;8;3;0;11;3826;18;679;0;0
3384;2025;161;9;4;1;2;2;3;0;0;0;0;73;0;11;4;1;8;2;1;4;4114;645;197;0;0
3385;2025;165;9;4;0;2;4;1;0;0;0;0;59;0;2;16;6;5;2;1;2;3201;0;577;0;0
3387;2025;165;9;4;1;2;0;0;1;2;0;0;60;1;10;0;0;2;4;1;4;3659;837;98;0;0
3388;2025;166;9;4;1;1;2;-3;0;0;0;0;69;0;6;50;24;6;1;1;2;3903;195;646;0;0
3389;2025;154;9;3;0;0;0;1;0;0;0;0;53;0;2;0;0;7;1;0;1;1562;0;0;0;0
3390;2025;165;9;2;0;0;0;0;0;0;0;0;49;0;1;0;0;1;1;0;0;1197;0;123;0;0
3391;2025;157;9;2;1;0;0;0;0;0;0;0;56;0;4;0;0;0;0;0;2;1810;60;0;0;0
3392;2025;158;9;4;0;0;0;1;0;0;0;0;58;0;4;0;0;4;3;1;0;2585;0;525;0;0
3393;2025;167;9;4;0;2;2;1;0;0;0;0;64;0;12;56;31;7;4;1;2;3880;766;39;0;0
3394;2025;164;9;4;0;1;0;-1;0;0;0;0;65;0;13;0;0;9;6;4;4;3721;838;0;0;0
3395;2025;161;9;4;0;1;0;1;0;0;0;0;65;0;15;14;8;6;3;3;1;4008;786;231;0;0
3398;2025;156;9;4;2;1;0;-8;1;1;0;0;67;0;10;49;20;2;0;1;4;3428;500;284;0;0
3399;2025;167;9;4;0;0;0;2;0;0;0;0;61;0;1;0;0;4;0;1;1;2505;0;75;0;0
3400;2025;157;9;4;0;0;0;-1;0;0;0;0;53;0;2;0;0;3;1;0;3;2089;0;116;0;0
3401;2025;157;9;4;0;0;0;-2;0;0;0;0;57;0;2;6;2;2;0;1;6;2813;0;185;0;0
3402;2025;154;9;4;0;0;0;-1;0;0;0;0;61;0;2;1;0;1;1;1;3;3010;50;271;0;0
3403;2025;162;9;1;0;0;0;0;0;0;0;0;49;0;1;0;0;0;1;0;0;433;0;68;0;0
3405;2025;159;9;2;0;0;0;-1;0;0;0;0;51;0;1;9;5;2;1;0;0;1052;0;289;0;0
3406;2025;166;9;4;4;2;0;2;1;1;0;0;63;3;8;0;0;2;0;0;1;2662;657;0;0;0
3407;2025;160;9;3;0;1;6;0;0;0;0;0;50;0;0;2;1;0;0;0;1;1221;0;81;0;0
3408;2025;163;9;2;0;0;2;-2;0;0;0;0;54;0;1;0;0;2;0;1;1;1121;459;0;0;0
3409;2025;165;9;4;1;0;2;1;0;0;0;0;54;1;5;7;3;5;3;0;2;2178;0;21;0;0
3411;2025;161;9;4;1;1;0;-3;0;0;0;0;56;0;7;4;0;0;1;0;3;2975;107;59;0;0
3412;2025;161;9;4;0;1;2;-4;0;0;0;1;49;0;2;0;0;2;0;0;0;2054;0;222;0;0
3413;2025;159;9;4;1;0;0;3;0;0;0;0;68;1;5;8;2;4;1;2;7;3466;471;341;0;0
3414;2025;159;9;4;2;2;6;3;1;0;0;0;69;0;6;64;38;11;1;2;2;3376;88;545;0;0
3415;2025;165;9;3;0;0;0;-1;0;0;0;0;49;0;0;0;0;1;1;0;3;1575;0;425;0;0
3416;2025;157;9;4;0;1;2;-3;0;1;0;0;62;0;5;0;0;5;1;4;3;3770;979;63;0;0
3417;2025;154;9;4;0;0;0;-1;0;0;0;0;62;0;9;0;0;5;0;1;4;4159;739;127;0;0
3418;2025;165;9;4;0;0;0;0;0;0;0;0;57;0;6;0;0;4;2;0;4;2560;0;233;0;0
3420;2025;155;9;4;0;1;0;-1;0;0;0;0;60;0;4;7;3;4;0;0;2;3370;194;618;0;0
3422;2025;164;9;3;0;1;0;1;0;0;0;0;56;0;2;18;12;0;0;0;0;1371;81;51;0;0
3423;2025;154;9;3;1;0;0;1;0;0;0;0;53;0;3;0;0;1;1;1;1;2107;0;0;0;0
3425;2025;161;9;2;1;0;0;0;0;0;0;0;53;0;3;1;0;0;1;0;0;669;420;0;0;0
3426;2025;167;9;4;0;0;0;1;0;0;0;0;55;0;7;0;0;3;1;0;3;2713;116;285;0;0
3427;2025;158;9;4;0;0;4;0;0;0;0;0;50;0;0;0;0;1;3;0;0;1298;0;499;0;0
3429;2025;164;9;4;1;0;0;1;0;0;0;0;61;0;3;1;0;4;4;3;3;3136;359;0;0;0
3430;2025;154;9;2;0;1;0;1;0;0;0;0;53;0;1;10;5;1;1;0;1;1512;0;0;0;0
3432;2025;158;9;4;0;0;0;-2;0;0;0;0;54;0;4;1;0;1;1;0;0;3070;168;641;0;0
3433;2025;160;9;1;1;0;0;1;0;0;0;0;55;0;2;0;0;0;0;0;0;469;0;0;0;0
3434;2025;167;9;4;1;3;2;4;0;0;0;0;70;0;9;56;32;9;0;0;9;3401;693;0;0;0
3435;2025;162;9;4;1;2;0;2;0;1;0;0;66;0;10;82;35;6;2;1;3;3716;760;40;0;0
3436;2025;158;9;4;0;0;0;-2;0;0;0;0;56;0;12;0;0;6;1;1;3;3787;908;46;0;0
3438;2025;165;9;4;2;2;0;0;1;1;0;0;68;1;8;1;0;3;2;1;6;3411;814;79;0;0
3440;2025;163;9;4;1;2;2;1;0;1;0;0;71;1;3;0;0;7;0;2;9;3969;336;419;0;0
3443;2025;158;9;3;0;0;2;1;0;0;0;0;62;0;9;2;0;4;1;2;2;2381;0;36;0;0
3444;2025;164;9;4;0;1;4;-2;0;1;0;0;66;0;6;3;2;15;3;3;2;3638;521;168;0;0
3445;2025;167;9;4;1;3;4;-1;0;0;0;0;67;1;8;50;25;4;1;1;1;3886;730;14;0;0
3446;2025;166;9;3;0;0;2;1;0;0;0;0;55;0;0;12;5;2;1;0;0;1788;149;159;0;0
3447;2025;157;9;4;1;0;6;-3;1;0;0;0;60;0;5;1;0;2;2;2;2;3580;616;156;0;0
3448;2025;165;9;4;0;3;0;1;0;1;0;0;67;0;2;0;0;7;1;0;8;3811;234;388;0;0
3449;2025;158;9;4;1;1;6;1;0;0;0;0;64;1;8;46;31;8;1;1;3;2736;143;244;0;0
3450;2025;160;9;4;1;4;2;3;0;1;0;0;71;0;16;12;4;2;1;0;0;3528;1162;9;0;0
3451;2025;167;9;4;0;2;2;3;0;0;0;0;53;0;2;0;0;9;0;0;5;3167;64;350;0;0
3452;2025;162;9;4;0;3;2;0;0;1;0;0;69;0;10;0;0;6;1;1;6;4025;793;0;0;0
3453;2025;167;9;4;3;0;2;-1;0;0;0;0;60;1;10;0;0;5;4;0;6;4199;816;28;0;0
3455;2025;164;9;4;0;0;0;-1;0;0;0;0;63;0;8;64;40;0;2;1;2;3457;855;670;0;0
3457;2025;156;9;4;1;4;2;-6;0;3;0;0;63;0;11;7;3;10;1;0;1;3511;508;639;0;0
3464;2025;156;9;2;0;0;0;0;0;0;0;0;59;0;2;2;1;1;0;1;0;770;0;51;0;0
3465;2025;159;9;4;2;0;0;1;0;0;0;0;55;0;6;0;0;1;0;1;2;1592;326;0;0;0
3467;2025;160;9;4;0;3;0;2;0;0;0;0;70;0;10;0;0;4;1;2;5;3794;410;614;0;0
3468;2025;160;9;4;1;2;14;5;0;0;0;0;57;1;10;1;0;8;0;0;1;2892;60;12;0;0
3469;2025;164;9;4;0;2;2;-2;0;2;0;0;72;0;9;77;45;6;2;3;1;3814;373;611;0;0
3470;2025;158;9;4;0;0;4;-1;0;0;0;0;71;0;8;27;13;3;1;4;1;3654;37;668;0;0
3471;2025;162;9;4;1;2;0;1;0;0;0;0;64;0;9;0;0;6;2;2;2;4034;212;388;0;0
3473;2025;158;9;4;1;0;2;-3;0;0;0;0;60;1;7;0;0;4;1;0;6;3656;760;209;0;0
3474;2025;156;9;4;2;1;0;-5;1;0;0;0;59;0;11;0;0;2;2;2;4;4183;546;0;0;0
3475;2025;156;9;4;0;1;0;-4;0;0;0;0;57;0;8;0;0;6;3;3;1;3524;363;50;0;0
3476;2025;156;9;4;0;0;0;-4;0;0;0;0;55;0;3;0;0;2;0;0;4;2883;267;267;0;0
3477;2025;165;9;4;3;2;0;1;1;2;0;0;73;0;9;60;26;4;3;1;3;3618;486;194;0;0
3481;2025;167;9;1;0;1;0;1;0;0;0;0;75;0;6;0;0;3;0;0;0;1110;44;0;0;0
3483;2025;155;9;4;2;2;2;2;1;1;0;0;70;0;8;65;33;4;2;1;0;3528;1066;196;0;0
3485;2025;158;9;4;2;1;0;-1;0;1;0;0;68;0;12;72;29;8;0;1;0;3337;1102;52;0;0
3486;2025;159;9;4;2;2;2;3;0;0;0;0;70;1;10;72;29;4;2;2;4;3760;634;594;0;0
3487;2025;166;9;4;1;3;2;0;1;2;0;0;67;0;6;0;0;9;0;0;5;3576;1021;340;0;0
3488;2025;165;9;3;0;2;4;0;0;1;0;0;68;0;7;2;0;6;2;2;6;2142;570;164;0;0
3489;2025;164;9;3;0;1;2;0;0;0;0;0;63;0;8;2;1;5;1;0;4;2332;115;60;0;0
3491;2025;158;9;4;0;1;0;1;0;0;0;0;74;0;7;0;0;5;4;1;11;3770;375;577;0;0
3492;2025;158;9;4;0;1;2;0;0;0;0;0;59;0;9;16;8;4;3;0;3;2621;173;237;0;0
3493;2025;163;9;4;0;0;6;-1;0;0;0;0;61;0;5;0;0;2;1;2;3;3100;0;166;0;0
3495;2025;154;9;4;0;1;2;1;0;0;0;0;53;0;5;2;1;0;1;4;2;3791;50;210;0;0
3496;2025;162;9;4;1;0;2;1;0;0;0;0;55;0;5;0;0;3;0;0;5;3094;0;362;0;0
3497;2025;162;9;4;0;0;4;1;0;0;0;0;62;0;9;8;6;4;0;2;2;3621;0;193;0;0
3498;2025;157;9;4;0;2;4;0;0;0;0;0;62;0;8;3;0;2;0;1;1;3350;475;32;0;0
3500;2025;161;9;4;0;3;2;2;0;0;0;0;72;0;10;0;0;10;1;3;7;4245;458;468;0;0
3501;2025;155;9;4;1;3;4;3;1;1;0;0;78;0;12;0;0;3;0;1;3;3652;890;415;0;0
3502;2025;155;9;4;1;1;12;1;0;0;0;0;64;1;5;0;0;2;1;0;1;2673;0;268;0;0
3503;2025;160;9;1;0;0;0;0;0;0;0;0;56;0;0;3;1;0;0;0;1;516;0;44;0;0
3505;2025;156;9;4;1;2;2;-2;1;0;0;0;63;0;12;0;0;9;1;0;2;3722;551;233;0;0
3506;2025;166;9;4;0;3;0;-3;0;2;0;0;72;0;8;9;4;5;0;3;10;3658;936;278;0;0
3507;2025;167;9;4;1;0;0;0;0;0;0;0;51;0;9;10;6;0;3;0;2;2214;0;163;0;0
3508;2025;161;9;4;3;1;2;3;0;0;0;0;58;0;8;3;2;5;2;0;0;2888;288;78;0;0
3509;2025;160;9;4;1;2;0;-1;0;0;0;0;72;1;9;50;23;5;2;1;3;4136;940;403;0;0
3510;2025;160;9;3;2;3;0;5;0;0;0;0;64;0;4;36;18;7;0;1;3;1759;124;486;0;0
3513;2025;163;9;4;0;2;0;0;0;0;0;0;62;0;10;15;10;8;3;1;3;3975;843;619;0;0
3516;2025;164;9;4;1;0;2;0;0;0;0;0;62;0;10;0;0;5;2;1;5;3692;853;272;0;0
3517;2025;161;9;2;1;0;0;1;0;0;0;0;53;0;3;0;0;0;0;0;0;802;0;0;0;0
3518;2025;154;9;4;3;1;2;2;1;0;0;0;69;0;12;77;35;14;2;3;2;4273;765;195;0;0
3519;2025;163;9;4;0;0;2;-3;0;0;0;0;64;0;8;0;0;4;2;0;5;3864;961;546;0;0
3520;2025;155;9;4;0;0;0;0;0;0;0;0;65;0;6;0;0;2;1;4;4;2669;0;148;0;0
3521;2025;156;9;4;0;0;0;0;0;0;0;0;53;0;3;4;1;2;2;1;2;2465;0;0;0;0
3522;2025;167;9;4;0;3;0;0;0;0;0;0;64;0;11;4;2;11;1;3;4;3400;684;5;0;0
3523;2025;167;9;1;0;0;0;0;0;0;0;0;54;0;0;0;0;0;0;0;1;341;0;0;0;0
3524;2025;163;9;3;1;0;2;-1;0;0;0;0;54;0;4;16;5;2;2;0;1;1756;0;38;0;0
3525;2025;164;9;4;0;0;2;-4;0;0;0;0;49;0;4;0;0;1;4;2;4;3606;605;687;0;0
3526;2025;159;9;4;0;0;0;-2;0;0;0;0;55;0;7;0;0;5;1;2;2;2710;809;337;0;0
3527;2025;164;9;3;0;0;2;-2;0;0;0;0;51;0;0;0;0;3;1;0;3;1550;0;18;0;0
3528;2025;164;9;4;0;0;4;-2;0;0;0;0;57;0;3;42;19;2;1;3;4;3175;0;242;0;0
3529;2025;162;9;1;0;0;0;0;0;0;0;0;50;0;1;0;0;0;0;0;0;375;0;0;0;0
3530;2025;163;9;4;1;1;0;-3;0;1;0;0;67;0;5;0;0;3;4;1;6;3448;283;398;0;0
3531;2025;154;9;4;0;1;0;-1;0;0;0;0;55;0;5;14;3;5;3;0;2;2944;103;260;0;0
3532;2025;158;9;3;0;0;0;0;0;0;0;0;49;0;7;5;4;2;0;0;2;1978;0;2;0;0
3533;2025;159;9;1;0;0;0;0;0;0;0;0;53;0;2;1;1;2;0;0;0;684;0;0;0;0
3534;2025;155;9;4;0;0;2;2;0;0;0;0;72;0;5;0;0;6;0;3;4;2780;46;297;0;0
3535;2025;154;9;4;0;0;0;-2;0;0;0;0;60;0;2;0;0;4;6;3;12;4116;79;587;0;0
3536;2025;161;9;4;1;0;14;-2;0;0;0;0;58;0;5;1;0;4;2;1;2;3160;406;0;0;0
3537;2025;166;9;4;0;0;0;0;0;0;0;0;58;0;1;0;0;3;0;2;4;2412;324;0;0;0
3538;2025;155;9;4;1;1;0;4;0;0;0;0;77;0;12;0;0;4;0;1;5;3867;254;548;0;0
3539;2025;158;9;4;0;3;4;3;0;0;0;0;65;0;1;0;0;4;2;1;11;3270;0;660;0;0
3540;2025;167;9;4;0;1;12;4;0;0;0;0;55;0;2;9;4;4;1;0;4;2687;202;0;0;0
3541;2025;159;9;4;0;0;4;-2;0;0;0;0;54;0;4;0;0;4;0;2;2;2380;110;400;0;0
3542;2025;161;9;4;0;1;0;1;0;0;0;0;61;0;8;0;0;2;3;1;3;3063;66;75;0;0
3543;2025;156;9;2;0;0;0;0;0;0;0;0;52;0;1;0;0;1;0;0;0;1086;0;0;0;0
3544;2025;165;9;2;0;0;0;0;0;0;0;0;66;0;2;8;4;1;1;1;3;1139;0;261;0;0
3545;2025;160;9;1;0;1;0;0;0;0;0;0;77;0;0;0;0;1;0;1;1;720;0;90;0;0
3546;2025;166;9;4;1;3;2;-1;1;2;0;0;62;0;7;12;4;3;0;1;3;2351;842;0;0;0
3547;2025;157;9;4;0;0;0;-3;0;0;0;0;58;0;3;62;37;3;1;1;1;3056;591;268;0;0
3549;2025;162;9;2;0;1;0;1;0;0;0;0;52;0;1;0;0;2;1;0;3;1229;0;232;0;0
3550;2025;164;9;1;0;0;0;-1;0;0;0;0;40;0;0;7;1;0;0;0;0;265;0;57;0;0
3551;2025;166;9;4;1;1;4;0;0;0;0;0;56;0;6;0;0;3;3;1;10;3450;278;284;0;0
3553;2025;161;9;4;0;3;0;0;0;0;0;0;65;0;9;6;4;2;2;1;3;3734;391;611;0;0
3555;2025;158;9;1;0;0;0;0;0;0;0;0;50;0;1;4;2;0;0;0;0;479;0;0;0;0
3556;2025;159;9;2;0;0;0;-1;0;0;0;0;57;0;2;8;5;2;0;0;1;804;110;117;0;0
3557;2025;160;9;4;0;1;2;2;0;0;0;0;55;0;1;0;0;1;0;0;5;2609;0;52;0;0
3563;2025;160;9;2;0;1;0;-1;0;0;0;0;55;0;4;1;1;1;0;1;2;1338;0;82;0;0
3565;2025;161;9;1;0;0;0;1;0;0;0;0;52;0;0;7;4;0;0;0;0;344;47;0;0;0
3566;2025;165;9;2;0;0;0;0;0;0;0;0;57;0;0;1;0;0;0;0;1;714;0;110;0;0
3567;2025;167;9;4;1;1;2;0;0;0;0;0;55;0;13;0;0;4;2;0;3;3046;352;14;0;0
3569;2025;163;9;1;0;0;0;2;0;0;0;0;53;0;1;0;0;0;0;0;0;805;0;0;0;0
3570;2025;164;9;3;0;0;0;1;0;0;0;0;55;0;1;4;2;0;0;1;0;1415;0;59;0;0
3572;2025;161;9;3;1;0;0;-2;0;0;0;0;53;0;2;21;5;2;1;1;0;1962;76;80;0;0
3574;2025;163;9;2;0;0;0;-2;0;0;0;0;53;0;4;0;0;0;0;0;0;1434;0;0;0;0
3575;2025;162;9;4;0;0;2;0;0;0;0;0;56;0;1;30;15;3;0;1;0;1636;0;554;0;0
3576;2025;160;9;3;1;1;0;3;0;0;0;0;50;0;3;10;4;3;1;0;0;1969;0;568;0;0
3577;2025;157;9;2;0;0;2;0;0;0;0;0;52;0;0;8;4;0;0;2;1;796;0;0;0;0
3578;2025;157;9;2;0;0;0;0;0;0;0;0;50;0;1;1;1;0;0;0;0;766;0;31;0;0
3579;2025;157;9;1;0;0;0;0;0;0;0;0;47;0;0;0;0;0;1;0;1;793;0;0;0;0
3580;2025;157;9;4;0;0;0;0;0;0;0;0;59;0;5;0;0;1;0;1;5;3213;158;109;0;0
3582;2025;157;9;2;0;1;0;0;0;0;0;0;54;0;1;24;9;0;0;1;1;1327;93;0;0;0
3584;2025;164;9;1;0;0;0;-1;0;0;0;0;49;0;0;1;0;1;0;0;0;368;0;0;0;0
3586;2025;157;9;2;0;0;0;0;0;0;0;0;51;0;1;1;0;0;0;0;2;786;0;45;0;0
3587;2025;156;9;3;0;0;0;-1;0;0;0;0;52;0;3;0;0;1;0;0;0;1191;0;0;0;0
3588;2025;156;9;3;0;0;2;-2;0;0;0;0;49;0;1;0;0;2;1;0;0;1468;0;126;0;0
3590;2025;162;9;3;0;0;0;0;0;0;0;0;54;0;0;0;0;3;0;0;0;1192;32;30;0;0
3591;2025;163;9;4;0;0;0;-1;0;0;0;0;51;0;4;19;6;4;2;0;0;2028;0;114;0;0
3592;2025;164;9;4;0;0;0;-1;0;0;0;0;53;0;0;0;0;1;0;0;2;1389;0;151;0;0
3593;2025;160;9;4;2;0;16;4;0;0;0;0;55;0;3;0;0;2;0;0;4;1390;45;36;0;0
3596;2025;166;9;3;0;0;2;-1;0;0;0;0;55;0;2;0;0;1;0;3;0;1276;98;0;0;0
3597;2025;167;9;3;0;0;0;-1;0;0;0;0;54;0;2;0;0;6;1;0;2;2283;0;28;0;0
3599;2025;154;9;2;0;0;0;-1;0;0;0;0;57;0;6;1;1;2;0;0;1;1070;0;66;0;0
3601;2025;159;9;2;0;0;0;0;0;0;0;0;54;0;1;13;6;1;0;0;2;1073;105;78;0;0
3602;2025;155;9;2;0;0;2;0;0;0;0;0;50;0;0;0;0;1;0;0;0;765;0;131;0;0
3603;2025;163;9;4;0;0;2;0;0;0;0;0;51;0;1;0;0;3;2;0;2;1803;0;107;0;0
3604;2025;159;9;2;0;0;0;-1;0;0;0;0;54;0;1;13;7;0;1;0;2;779;357;0;0;0
3605;2025;154;9;3;0;0;0;-2;0;0;0;0;52;0;0;10;5;5;0;0;0;1059;89;12;0;0
3607;2025;157;9;4;0;0;0;-1;0;0;0;0;51;0;1;0;0;1;0;0;3;1581;0;294;0;0
3608;2025;155;9;3;0;0;0;-1;0;0;0;0;53;0;3;21;13;1;1;0;0;1436;46;103;0;0
3609;2025;162;9;4;0;1;0;0;0;0;0;1;73;0;6;0;0;6;0;4;11;3192;21;807;0;0
3611;2025;154;9;1;0;0;0;1;0;0;0;0;68;0;0;0;0;0;0;0;0;462;0;167;0;0
3612;2025;158;9;4;0;2;4;-2;0;2;0;0;60;0;3;4;2;2;0;0;1;2630;668;0;0;0
3615;2025;167;9;4;2;0;0;0;0;0;0;0;56;0;2;0;0;1;0;0;1;3442;41;204;0;0
3618;2025;161;9;4;1;1;2;-1;0;0;0;0;53;0;5;0;0;2;1;0;2;2542;79;0;0;0
3619;2025;157;9;2;0;0;0;0;0;0;0;0;55;0;2;0;0;1;1;1;1;1377;93;0;0;0
3620;2025;155;9;4;0;1;4;1;0;0;0;0;54;0;4;32;17;1;3;0;0;2847;211;0;0;0
3621;2025;155;9;1;0;0;0;0;0;0;0;0;51;0;1;0;0;0;0;0;0;405;0;71;0;0
3626;2025;155;9;2;0;0;0;-2;0;0;0;0;51;0;2;0;0;0;0;0;1;1282;0;0;0;0
3627;2025;164;9;4;0;0;2;0;0;0;0;0;54;0;2;0;0;5;4;0;3;2873;0;46;0;0
3629;2025;155;9;1;0;0;0;0;0;0;0;0;51;0;0;1;1;1;0;0;0;389;0;0;0;0
3634;2025;158;9;2;0;0;0;1;0;0;0;0;51;0;0;0;0;0;1;1;0;932;65;0;0;0
3638;2025;158;9;1;0;0;0;0;0;0;0;0;54;0;0;0;0;1;0;0;0;224;0;102;0;0
3640;2025;164;9;4;0;0;0;-2;0;0;0;0;51;0;1;0;0;4;0;0;0;1703;0;242;0;0
3645;2025;160;9;3;0;0;0;2;0;0;0;0;54;0;3;0;0;1;0;0;0;937;0;94;0;0
3650;2025;154;9;4;1;2;4;2;0;0;0;0;61;0;4;39;14;5;1;1;3;3018;54;581;0;0
3651;2025;157;9;4;1;2;2;-4;0;1;0;0;64;0;7;11;3;6;2;2;3;3651;639;592;0;0
3653;2025;156;9;4;2;0;6;-5;2;0;0;0;61;0;4;66;33;4;1;1;1;3854;312;193;0;0
8690;2025;345;16;1;0;1;2;2;0;0;0;0;57;0;3;0;0;1;0;0;0;660;18;0;0;0
8691;2025;348;16;4;1;0;0;-1;1;0;0;0;57;0;2;2;1;2;1;2;2;1982;457;136;0;0
8692;2025;346;16;2;0;0;0;0;0;0;0;0;56;0;1;0;0;1;0;2;4;490;73;192;0;0
8694;2025;344;16;1;0;1;0;-2;0;1;0;0;59;0;4;0;0;2;1;1;2;1134;130;37;0;0
8695;2025;344;16;2;1;1;0;1;1;0;0;0;70;0;5;0;0;1;0;2;2;1590;733;6;0;0
8696;2025;338;16;4;2;2;2;3;1;0;0;1;71;1;15;6;4;6;0;6;1;3363;423;258;0;0
8697;2025;341;16;2;0;0;0;-2;0;0;0;0;61;0;5;15;8;1;0;2;1;1535;159;29;0;0
8698;2025;351;16;4;0;1;0;-2;0;0;0;0;62;0;8;5;2;3;0;1;3;2991;680;72;0;0
8699;2025;338;16;4;1;4;0;2;1;2;0;0;70;0;9;53;33;7;1;1;1;3153;775;0;0;0
8700;2025;344;16;2;0;1;0;0;0;0;0;0;48;0;1;0;0;1;1;0;2;1655;0;98;0;0
8702;2025;344;16;3;0;1;0;1;0;0;0;0;46;0;1;5;4;3;1;0;2;2053;52;279;0;0
8703;2025;347;16;4;0;0;4;0;0;0;0;0;51;0;3;0;0;5;4;0;4;3673;164;341;0;0
8704;2025;348;16;4;0;0;2;-1;0;0;0;0;56;0;4;0;0;4;0;3;4;2823;93;468;0;0
8705;2025;347;16;2;0;0;0;-5;0;0;0;0;47;0;1;2;2;4;0;0;2;971;54;216;0;0
8706;2025;341;16;3;1;1;0;1;0;0;0;0;60;0;9;0;0;7;0;3;1;2952;404;420;0;0
8707;2025;351;16;4;2;1;2;2;1;0;0;0;61;0;7;0;0;1;1;2;3;3808;442;109;0;0
8708;2025;351;16;3;1;0;2;-1;0;0;0;0;63;0;3;1;0;1;1;0;6;3088;118;61;0;0
8710;2025;339;16;4;1;0;0;-3;1;0;0;0;62;0;10;0;0;6;3;1;3;3686;1143;15;0;0
8712;2025;338;16;3;0;0;2;0;0;0;0;0;74;0;0;1;0;2;0;2;3;2010;101;379;0;0
8714;2025;350;16;3;0;0;0;-1;0;0;0;0;53;0;2;10;8;2;0;1;0;1111;44;0;0;0
8715;2025;344;16;2;0;1;0;1;0;1;0;0;72;0;0;0;0;2;1;1;1;1715;94;184;0;0
8716;2025;343;16;4;1;1;0;1;0;0;0;0;55;0;4;1;0;8;1;1;1;3022;0;296;0;0
8717;2025;344;16;4;0;3;4;-2;0;0;0;0;75;0;5;0;0;8;0;1;1;3892;656;566;0;0
8718;2025;344;16;3;0;1;4;1;0;0;0;0;58;0;4;0;0;4;0;1;5;2292;603;348;0;0
8719;2025;344;16;3;0;0;0;1;0;0;0;0;73;0;5;0;0;3;0;4;5;2951;64;382;0;0
8720;2025;347;16;4;2;0;2;0;0;0;0;0;57;0;10;0;0;5;1;3;4;4036;230;686;0;0
8721;2025;338;16;4;1;3;0;2;0;0;0;0;58;0;5;0;0;5;1;1;3;3169;137;615;0;0
8723;2025;343;16;4;2;0;2;-2;1;0;0;0;56;1;8;4;1;1;2;2;2;3424;153;270;0;0
8724;2025;345;16;4;0;2;2;2;0;0;0;0;52;0;3;0;0;2;0;0;4;1696;248;479;0;0
8727;2025;343;16;4;2;3;0;2;0;1;0;0;65;0;8;72;39;7;1;1;1;3740;942;43;0;0
8728;2025;338;16;4;1;2;0;2;0;0;0;0;64;0;12;1;0;2;0;1;6;2971;25;49;0;0
8729;2025;348;16;4;0;1;4;0;0;0;0;0;66;0;4;0;0;8;2;0;7;3939;140;482;0;0
8730;2025;339;16;4;0;2;6;-5;0;2;0;0;60;0;9;75;46;4;1;0;3;3565;1111;0;0;0
8731;2025;340;16;4;0;2;2;-2;0;1;0;0;58;0;5;0;0;5;2;0;2;2993;1372;140;0;0
8732;2025;341;16;3;0;3;2;1;0;0;0;0;66;0;3;31;16;2;0;2;0;2811;30;229;0;0
8733;2025;349;16;4;1;0;2;0;0;0;0;0;68;0;2;9;4;5;1;2;4;3237;140;598;0;0
8736;2025;343;16;4;1;1;2;0;0;0;0;0;59;0;6;9;3;4;2;1;3;3327;297;154;0;0
8737;2025;351;16;4;1;0;0;-1;0;0;0;0;63;1;8;66;32;7;3;2;6;3666;476;462;0;0
8738;2025;338;16;2;0;0;2;0;0;0;0;0;67;0;3;0;0;0;1;1;2;977;0;240;0;0
8739;2025;349;16;1;0;0;2;0;0;0;0;0;61;0;1;0;0;0;0;1;0;141;0;219;0;0
8740;2025;350;16;2;1;0;0;1;0;0;0;0;57;1;1;17;8;0;0;1;0;956;86;0;0;0
8741;2025;350;16;2;0;0;0;1;0;0;0;0;58;0;5;6;3;1;1;0;0;1128;375;0;0;0
8742;2025;342;16;4;1;0;8;-2;0;0;0;0;64;0;4;47;27;10;0;1;5;3647;37;632;0;0
8743;2025;339;16;4;0;0;0;-4;0;0;0;0;60;0;5;4;2;4;0;2;2;3488;658;82;0;0
8745;2025;340;16;4;0;1;0;1;0;0;0;0;62;0;5;0;0;10;4;0;5;3445;277;979;0;0
8747;2025;350;16;1;0;0;0;0;0;0;0;0;56;0;0;0;0;0;0;0;0;298;0;0;0;0
8749;2025;349;16;3;0;0;0;-1;0;0;0;0;58;0;3;0;0;2;0;1;2;1144;109;412;0;0
8750;2025;340;16;2;0;0;0;0;0;0;0;0;52;0;0;0;0;1;1;1;0;967;0;25;0;0
8751;2025;343;16;4;0;0;2;-2;0;0;0;0;59;0;8;1;0;5;1;0;5;2377;712;105;0;0
8752;2025;340;16;4;0;1;0;1;0;0;0;0;56;0;2;0;0;0;0;0;0;1069;109;0;0;0
8753;2025;341;16;2;0;0;0;-2;0;0;0;0;56;0;1;0;0;8;0;0;0;1469;159;60;0;0
8754;2025;345;16;3;1;0;2;0;0;0;0;0;55;0;4;4;2;2;3;1;0;2163;27;67;0;0
8755;2025;339;16;1;0;0;0;0;0;0;0;0;53;0;0;0;0;1;0;0;1;477;0;0;0;0
8756;2025;350;16;1;0;0;0;0;0;0;0;0;99;0;5;1;1;1;0;0;1;484;375;146;0;0
8757;2025;350;16;3;0;0;0;-1;0;0;0;0;64;0;0;48;19;2;0;2;2;2632;67;549;0;0
8758;2025;339;16;3;0;0;0;-2;0;0;0;0;55;0;2;0;0;0;1;1;0;1809;438;0;0;0
8759;2025;351;16;3;0;0;0;1;0;0;0;0;57;0;0;18;10;0;0;1;1;1670;0;264;0;0
8760;2025;342;16;4;1;0;0;1;0;0;0;0;64;0;16;57;32;2;1;2;3;3158;1041;30;0;0
8761;2025;349;16;4;1;2;6;-2;1;1;0;0;63;0;6;59;24;7;0;0;2;2342;1031;64;0;0
8762;2025;351;16;4;1;1;0;-3;0;1;0;0;59;0;11;0;0;2;1;1;2;3917;590;377;0;0
8763;2025;343;16;4;0;0;4;-4;0;0;0;0;57;0;5;0;0;6;1;1;2;2742;855;7;0;0
8764;2025;350;16;4;0;2;0;2;0;0;0;0;60;0;8;11;3;3;0;2;2;3502;109;413;0;0
8769;2025;343;16;3;1;0;0;-4;0;0;0;0;52;0;5;10;4;2;1;0;5;1786;0;435;0;0
8771;2025;348;16;2;0;0;0;0;0;0;0;0;58;0;0;0;0;2;0;0;0;606;0;278;0;0
8772;2025;341;16;1;0;0;0;-1;0;0;0;0;55;0;0;1;0;2;0;0;0;342;8;96;0;0
8774;2025;342;16;4;0;1;4;0;0;0;0;0;54;0;1;7;3;3;1;0;0;1375;0;218;0;0
8775;2025;349;16;4;0;0;2;-3;0;0;0;0;51;0;4;20;6;0;0;0;1;1551;176;46;0;0
8778;2025;343;16;4;0;0;0;0;0;0;0;0;56;0;5;0;0;3;1;1;1;3387;0;317;0;0
8779;2025;341;16;1;0;1;2;1;0;0;0;0;71;0;10;0;0;1;0;0;0;884;284;14;0;0
8783;2025;341;16;2;0;1;0;0;0;0;0;0;58;0;3;0;0;2;1;0;1;1183;130;159;0;0
8784;2025;348;16;4;0;0;2;1;0;0;0;0;62;0;7;56;29;3;1;1;5;3579;309;276;0;0
8785;2025;341;16;1;0;0;2;-1;0;0;0;0;49;0;1;0;0;1;1;0;2;808;179;0;0;0
8786;2025;350;16;2;0;0;2;-1;0;0;0;0;55;0;2;0;0;4;1;1;0;1878;6;181;0;0
8787;2025;346;16;3;0;0;0;0;0;0;0;0;55;0;7;2;1;1;2;1;0;2234;0;94;0;0
8788;2025;338;16;4;1;2;0;1;0;0;0;0;78;0;8;15;10;11;2;2;1;2997;652;587;0;0
8789;2025;342;16;4;0;0;0;1;0;0;0;0;56;0;6;40;27;6;3;0;1;2940;14;510;0;0
8791;2025;343;16;3;0;1;0;0;0;0;0;0;56;0;5;0;0;4;0;0;0;1578;160;48;0;0
8792;2025;343;16;1;0;0;0;-1;0;0;0;0;59;0;2;13;8;2;0;0;0;660;148;0;0;0
8794;2025;347;16;4;0;0;0;-3;0;0;0;0;58;0;7;2;2;2;0;0;1;3145;314;271;0;0
8795;2025;346;16;1;0;0;0;-1;0;0;0;0;42;0;0;0;0;1;0;0;0;506;0;0;0;0
8796;2025;343;16;4;0;3;0;2;0;0;0;0;66;0;9;35;28;2;1;2;0;3310;929;0;0;0
8798;2025;342;16;2;0;0;0;2;0;0;0;0;60;0;4;0;0;3;1;0;1;827;0;498;0;0
8799;2025;343;16;3;1;1;0;1;0;0;0;0;62;0;4;24;14;11;0;1;4;1798;0;570;0;0
8800;2025;339;16;3;5;1;2;0;2;0;0;0;70;0;18;2;1;1;0;0;2;2624;724;100;0;0
8803;2025;340;16;4;0;2;6;1;0;1;0;0;66;0;12;0;0;3;2;1;2;3930;991;334;0;0
8804;2025;350;16;3;0;1;4;1;0;0;0;0;54;0;6;3;1;1;1;0;0;2255;639;71;0;0
8805;2025;346;16;2;0;0;0;0;0;0;0;0;52;0;0;23;5;4;0;0;0;1341;0;317;0;0
8806;2025;346;16;2;1;0;0;1;0;0;1;0;55;0;5;5;2;1;2;1;5;1639;46;278;0;0
8807;2025;346;16;3;1;1;2;2;0;0;0;1;58;0;5;0;0;3;0;1;2;2944;199;310;0;0
8808;2025;338;16;3;0;0;2;-1;0;0;0;0;48;0;1;23;3;6;0;0;5;1217;0;502;0;0
8809;2025;347;16;4;0;3;16;1;0;0;0;0;64;0;8;0;0;5;0;1;1;3547;306;224;0;0
8810;2025;341;16;4;1;0;2;0;0;0;1;0;72;0;8;0;0;7;0;0;1;3836;112;373;0;0
8812;2025;348;16;3;0;0;0;-1;0;0;0;0;53;0;4;6;2;0;1;1;2;1487;0;361;0;0
8814;2025;344;16;3;1;0;12;0;0;0;0;0;58;0;6;13;8;5;0;2;0;2143;0;212;0;0
8815;2025;344;16;3;0;2;4;2;0;0;0;0;53;0;1;0;0;1;2;0;7;2329;103;40;0;0
8816;2025;344;16;4;0;0;4;-2;0;0;0;0;66;0;11;6;2;0;1;1;2;3231;1308;0;0;0
8819;2025;346;16;2;0;0;2;-1;0;0;0;0;60;0;1;0;0;1;1;0;4;1987;14;268;0;0
8820;2025;347;16;4;2;1;0;1;0;1;0;0;64;0;9;21;12;4;1;1;2;3231;480;614;0;0
8821;2025;349;16;4;0;0;0;-2;0;0;0;0;49;0;2;47;27;2;1;1;1;2754;103;506;0;0
8823;2025;342;16;2;1;0;0;2;0;0;0;0;62;0;3;0;0;3;0;0;3;999;0;503;0;0
8824;2025;342;16;3;0;2;4;-1;0;1;0;0;49;0;3;0;0;3;2;1;0;2803;204;367;0;0
8826;2025;342;16;4;1;1;4;0;1;0;0;0;64;0;13;1;0;3;1;1;1;3127;1041;39;0;0
8827;2025;351;16;3;0;3;2;-1;0;0;0;0;62;0;5;0;0;3;0;0;3;2572;317;0;0;0
8829;2025;345;16;4;1;1;0;2;0;0;0;0;62;0;10;26;13;2;2;4;2;3039;91;300;0;0
8830;2025;351;16;4;0;0;2;0;0;0;0;0;55;0;4;0;0;7;2;0;11;3897;19;641;0;0
8831;2025;346;16;3;0;2;0;2;0;0;0;1;83;0;5;0;0;6;0;1;8;3017;65;317;0;0
8832;2025;347;16;4;0;3;6;-1;0;0;0;0;60;0;11;0;0;5;3;2;8;3954;738;297;0;0
8833;2025;350;16;3;0;2;2;2;0;0;0;0;60;0;3;0;0;7;1;0;3;2935;47;442;0;0
8834;2025;341;16;2;0;0;0;-1;0;0;0;0;58;0;4;0;0;1;0;0;2;1400;194;60;0;0
8835;2025;346;16;3;1;0;0;0;0;0;0;0;74;0;6;2;1;1;1;1;3;2754;0;171;0;0
8836;2025;347;16;1;0;0;2;-1;0;0;0;0;45;0;1;0;0;1;0;0;1;769;0;47;0;0
8837;2025;348;16;2;0;1;2;1;0;0;0;0;61;0;3;2;0;2;0;0;2;1544;0;162;0;0
8838;2025;341;16;1;0;0;2;-1;0;0;0;0;54;0;0;0;0;2;0;0;0;773;0;142;0;0
8839;2025;341;16;3;0;1;0;2;0;0;0;0;58;0;7;17;10;8;1;0;3;1531;383;0;0;0
8840;2025;350;16;3;2;2;6;0;0;0;0;0;65;0;4;18;7;3;1;1;2;2265;546;82;0;0
8841;2025;340;16;3;0;1;2;-1;0;1;0;0;60;0;2;3;2;3;2;1;1;2675;305;153;0;0
8842;2025;341;16;1;0;0;0;-1;0;0;0;0;51;0;1;9;3;1;0;0;1;342;8;210;0;0
8843;2025;346;16;1;0;0;0;-1;0;0;0;0;60;0;1;0;0;2;0;0;3;1035;0;66;0;0
8844;2025;346;16;2;0;0;0;-3;0;0;0;0;59;0;0;6;3;2;0;0;1;1092;96;144;0;0
8845;2025;339;16;4;0;0;2;-5;0;0;0;0;58;0;7;0;0;6;1;1;6;4087;714;188;0;0
8846;2025;339;16;4;0;1;0;-3;0;0;0;0;60;0;0;46;21;5;1;1;2;2602;132;430;0;0
8848;2025;341;16;2;0;1;2;2;0;0;0;1;65;0;4;7;2;5;0;1;1;1376;318;220;0;0
8850;2025;338;16;3;1;1;2;8;1;0;0;0;71;0;11;0;0;7;0;1;3;2940;797;122;0;0
8851;2025;345;16;4;2;2;0;1;0;1;0;0;61;0;7;2;1;4;2;1;2;2472;325;98;0;0
8852;2025;345;16;4;0;2;2;1;0;0;0;0;64;0;11;0;0;5;2;6;2;3239;1351;391;0;0
8853;2025;350;16;4;1;2;0;1;0;0;0;0;52;0;5;2;0;4;1;0;1;3431;143;315;0;0
8854;2025;348;16;2;1;0;2;1;0;0;0;0;64;0;3;0;0;3;0;1;4;1582;602;31;0;0
8855;2025;350;16;2;0;0;12;0;0;0;0;0;73;0;5;0;0;3;0;0;4;1682;67;294;0;0
8856;2025;348;16;4;0;1;0;-3;0;0;0;0;52;0;1;28;17;3;1;1;0;1879;0;115;0;0
8857;2025;350;16;2;0;1;0;1;0;0;0;0;60;0;1;0;0;2;0;0;0;1244;45;193;0;0
8859;2025;339;16;4;0;2;0;-2;0;0;0;1;54;0;5;0;0;0;0;0;3;3219;135;483;0;0
8860;2025;338;16;4;2;1;2;2;0;0;1;0;58;1;8;10;3;5;0;0;2;2390;235;273;0;0
8861;2025;340;16;4;0;1;4;3;0;0;0;0;70;0;7;0;0;10;2;3;7;3832;279;923;0;0
8863;2025;344;16;3;1;3;0;3;0;1;0;0;66;0;6;4;2;5;1;0;2;2157;591;0;0;0
8864;2025;344;16;3;0;0;2;0;0;0;0;0;56;0;2;23;11;1;2;0;2;1889;110;204;0;0
8865;2025;341;16;3;1;0;0;0;0;0;0;0;69;0;9;11;4;3;0;1;1;2881;599;47;0;0
8866;2025;344;16;2;1;0;0;0;0;0;0;0;69;0;6;0;0;5;0;1;2;1655;0;184;0;0
8867;2025;339;16;4;0;1;6;-6;0;0;0;0;52;0;9;0;0;7;1;2;3;4101;438;206;0;0
8868;2025;350;16;4;1;0;6;4;0;0;0;0;70;0;6;14;6;4;1;4;3;3627;416;292;0;0
8869;2025;345;16;3;0;0;12;1;0;0;0;0;53;0;1;1;0;2;1;0;1;1239;0;21;0;0
8870;2025;345;16;3;0;1;2;2;0;0;0;0;57;0;2;28;11;0;1;1;2;1480;27;665;0;0
8871;2025;345;16;4;0;0;0;1;0;0;0;0;75;0;3;0;0;6;0;0;8;3340;0;578;0;0
8872;2025;351;16;2;0;0;2;-1;0;0;0;0;52;0;0;1;0;3;1;0;0;982;0;34;0;0
8874;2025;340;16;4;0;0;4;1;0;0;0;0;62;0;6;0;0;7;3;2;6;3464;1101;649;0;0
8875;2025;340;16;4;0;1;0;2;0;0;0;0;55;0;2;0;0;3;0;1;0;2222;194;0;0;0
8876;2025;350;16;2;0;1;4;2;0;0;0;0;57;0;0;0;0;3;1;0;1;1849;121;126;0;0
8877;2025;344;16;1;0;0;0;-1;0;0;0;0;52;0;3;0;0;1;0;0;0;841;42;0;0;0
8879;2025;345;16;4;0;3;4;2;0;2;0;0;63;0;14;0;0;5;4;2;4;3361;1331;117;0;0
8880;2025;347;16;3;0;1;0;3;0;1;0;0;54;0;3;11;9;2;1;0;1;1708;217;321;0;0
8881;2025;339;16;4;0;0;2;-2;0;0;0;0;62;0;3;0;0;4;2;1;11;2755;92;793;0;0
8882;2025;347;16;3;1;0;12;-1;0;0;0;0;58;0;11;0;0;3;0;1;0;1575;492;0;0;0
8883;2025;348;16;3;1;3;0;2;0;3;0;0;70;0;5;37;21;5;1;0;4;2371;787;0;0;0
8884;2025;345;16;4;0;1;2;1;0;1;0;0;57;0;7;10;3;3;4;1;2;2694;723;244;0;0
8885;2025;348;16;4;0;1;6;2;0;0;0;0;53;0;6;0;0;9;2;0;2;4097;708;389;0;0
8886;2025;348;16;4;4;0;2;2;2;0;0;0;70;1;9;9;6;11;2;3;5;3315;827;409;0;0
8887;2025;340;16;4;3;2;0;1;1;1;0;0;71;1;12;5;3;4;0;0;3;3089;882;356;0;0
8890;2025;342;16;4;0;0;8;-1;0;0;0;0;81;0;1;0;0;7;4;2;14;3735;0;869;0;0
8891;2025;338;16;3;0;1;0;2;0;1;0;0;71;0;5;0;0;8;2;0;3;2873;121;313;0;0
8893;2025;347;16;4;2;0;0;1;0;0;0;0;62;0;11;0;0;0;1;2;2;2691;373;141;0;0
8895;2025;346;16;3;0;0;0;0;0;0;0;0;64;0;5;41;15;1;0;3;3;2437;478;0;0;0
8896;2025;349;16;1;0;0;2;-1;0;0;0;0;46;0;0;0;0;1;0;0;0;349;0;0;0;0
8897;2025;340;16;4;2;1;4;0;1;0;0;0;71;0;14;11;6;7;2;1;6;3261;1429;46;0;0
8898;2025;350;16;3;1;0;2;3;0;0;0;0;71;0;6;0;0;1;1;3;2;2716;582;604;0;0
8899;2025;347;16;4;0;2;2;-1;0;0;0;0;74;0;2;0;0;4;1;5;7;3695;0;699;0;0
8901;2025;339;16;4;1;4;4;-2;0;3;0;0;68;0;8;7;2;7;0;2;2;3663;803;154;0;0
8902;2025;338;16;4;1;0;6;5;0;0;0;0;63;1;8;0;0;2;0;3;2;3652;167;488;0;0
8903;2025;345;16;4;1;2;0;2;1;0;0;0;66;1;7;3;2;5;1;1;2;2367;1286;0;0;0
8904;2025;339;16;3;0;0;0;-2;0;0;0;0;58;0;2;0;0;3;0;2;2;2381;220;19;0;0
8905;2025;351;16;4;0;0;0;1;0;0;0;0;70;0;13;0;0;5;2;1;7;4056;688;38;0;0
8906;2025;348;16;4;1;2;0;0;0;1;0;0;68;1;11;1;0;1;0;3;3;2923;1182;46;0;0
8907;2025;346;16;3;0;2;2;0;0;0;0;0;56;0;8;0;0;2;0;0;1;3006;252;283;0;0
8908;2025;343;16;2;0;0;0;0;0;0;0;0;61;0;4;21;8;0;0;1;0;976;0;277;0;0
8909;2025;347;16;4;1;2;2;0;0;0;0;0;60;0;11;3;1;5;4;0;2;3454;741;106;0;0
8912;2025;345;16;2;2;0;0;4;0;0;0;0;64;0;5;4;3;1;1;0;0;1098;0;568;0;0
8914;2025;342;16;4;0;0;2;0;0;0;0;0;66;0;5;0;0;3;1;3;4;3446;720;213;0;0
8915;2025;343;16;4;0;3;2;1;0;0;0;0;59;0;7;0;0;7;2;0;5;4123;419;698;0;0
8916;2025;340;16;4;1;0;0;0;0;0;0;0;55;0;2;52;26;1;0;0;2;1745;0;873;0;0
8917;2025;345;16;2;0;0;0;0;0;0;0;0;65;0;1;3;1;3;0;0;2;1209;50;411;0;0
8918;2025;350;16;2;0;0;2;1;0;0;0;0;67;0;5;0;0;4;0;1;3;1768;100;0;0;0
8919;2025;351;16;3;0;1;2;-1;0;0;0;0;54;0;4;41;20;2;2;1;1;2467;43;279;0;0
8920;2025;351;16;2;0;1;0;0;0;0;0;0;64;0;0;12;5;3;0;2;1;1072;0;455;0;0
8921;2025;349;16;4;1;0;4;-5;0;0;0;0;65;0;4;0;0;7;0;1;7;3944;300;806;0;0
8922;2025;347;16;4;0;0;2;-5;0;0;0;0;55;0;4;0;0;3;2;1;2;3097;557;212;0;0
8923;2025;350;16;4;2;1;0;3;0;0;0;0;71;1;14;59;32;4;2;0;1;2864;899;26;0;0
8924;2025;349;16;4;1;0;0;2;0;0;0;0;70;0;6;0;0;6;0;0;3;3477;566;378;0;0
8926;2025;342;16;4;0;1;0;-1;0;0;0;0;63;0;3;14;10;4;2;0;2;3542;228;688;0;0
8927;2025;338;16;4;0;3;4;1;0;2;0;1;64;0;17;0;0;8;3;4;4;2810;1053;263;0;0
8928;2025;345;16;4;1;1;2;0;1;0;0;0;71;0;7;72;34;6;2;3;1;3634;1049;405;0;0
8929;2025;338;16;2;0;1;0;3;0;0;0;1;70;0;3;0;0;4;0;0;1;1423;67;565;0;0
8930;2025;341;16;3;1;0;0;-1;0;0;0;0;61;0;5;4;2;2;1;0;2;1658;348;263;0;0
8932;2025;340;16;3;0;0;4;0;0;0;0;0;57;0;6;3;1;1;0;0;1;1618;597;173;0;0
8933;2025;344;16;4;1;2;2;1;0;1;0;0;55;0;9;3;1;1;1;2;0;3590;164;201;0;0
8934;2025;345;16;4;1;2;2;1;0;2;0;0;67;0;14;55;30;5;0;2;1;3222;503;225;0;0
8935;2025;344;16;4;1;1;0;0;0;0;0;0;73;0;9;0;0;4;0;2;5;3922;158;270;0;0
8936;2025;348;16;4;0;0;4;-1;0;0;0;0;55;0;3;0;0;7;3;1;2;2806;20;768;0;0
8937;2025;349;16;4;1;2;0;-2;1;2;0;0;64;0;12;3;2;3;1;0;4;2839;1235;0;0;0
8938;2025;341;16;2;0;0;0;0;0;0;0;0;61;0;2;0;0;1;0;1;2;1769;117;62;0;0
8940;2025;341;16;3;1;0;0;0;0;0;0;0;60;0;6;5;0;1;2;1;0;1824;279;303;0;0
8941;2025;348;16;4;0;4;0;6;0;1;0;0;72;0;6;0;0;9;0;1;6;3789;447;349;0;0
8942;2025;338;16;4;0;4;0;1;0;2;0;0;70;0;11;66;40;1;0;4;2;3480;946;0;0;0
8943;2025;347;16;4;3;1;0;3;0;0;0;0;66;2;13;0;0;9;0;1;1;3616;205;147;0;0
8944;2025;347;16;4;1;3;0;-1;1;1;0;0;71;0;7;70;40;7;0;2;4;3104;1026;0;0;0
8945;2025;351;16;3;0;0;2;-2;0;0;0;0;59;0;3;5;2;4;1;0;2;3073;524;0;0;0
8946;2025;347;16;3;0;2;0;1;0;0;0;0;51;0;0;18;8;3;1;0;0;1408;0;111;0;0
8947;2025;351;16;4;0;2;4;-1;0;1;0;0;60;0;11;9;4;8;4;1;2;3988;820;118;0;0
8948;2025;348;16;3;0;1;2;1;0;0;0;0;54;0;5;2;0;0;0;0;2;2311;94;99;0;0
8950;2025;351;16;4;0;1;0;-1;0;0;0;0;61;0;5;0;0;2;2;0;8;3113;50;352;0;0
8951;2025;350;16;2;1;1;2;2;0;0;0;0;64;0;4;4;1;1;1;2;1;1754;23;77;0;0
8952;2025;349;16;4;3;2;4;-1;2;1;0;0;70;1;12;7;2;6;1;1;1;3074;1255;9;0;0
8953;2025;341;16;3;0;0;0;1;0;0;0;0;61;0;4;0;0;5;3;0;0;2892;0;152;0;0
8954;2025;346;16;4;2;2;4;-2;1;1;0;0;72;1;12;8;5;2;1;3;9;3644;690;249;0;0
8955;2025;349;16;4;0;1;2;-5;0;1;0;0;63;0;6;0;0;5;1;0;4;3619;1263;320;0;0
8956;2025;340;16;4;0;2;0;0;0;1;0;0;57;0;4;15;9;7;0;1;2;2767;374;379;0;0
8957;2025;346;16;4;1;2;2;-2;1;0;0;0;68;0;8;2;2;7;2;1;2;3665;1091;0;0;0
8958;2025;343;16;3;0;1;0;-2;0;0;0;0;61;0;3;0;0;4;0;1;4;2206;526;0;0;0
8959;2025;340;16;4;1;4;2;1;1;1;0;0;70;0;10;64;38;6;1;0;2;3390;983;731;0;0
8960;2025;340;16;4;1;0;4;-1;0;0;0;0;61;0;7;56;22;4;2;2;7;2838;975;287;0;0
8961;2025;345;16;4;2;1;0;0;1;1;0;0;61;1;8;1;0;1;1;2;1;2774;723;195;0;0
8962;2025;339;16;4;0;3;0;-3;0;1;0;1;57;0;7;0;0;7;4;0;3;3732;541;435;0;0
8964;2025;351;16;4;0;2;2;0;0;1;0;0;69;0;8;26;12;6;0;0;6;3486;719;55;0;0
8966;2025;348;16;3;0;1;6;1;0;0;0;0;66;0;5;9;4;10;1;0;1;2429;856;0;0;0
8968;2025;347;16;3;0;0;0;3;0;0;0;0;65;0;7;49;35;5;2;2;4;2825;233;232;0;0
8969;2025;338;16;4;1;1;2;2;0;0;0;0;63;0;5;5;2;1;0;0;2;2743;217;485;0;0
8971;2025;338;16;4;2;2;0;5;0;0;1;0;66;0;11;6;2;4;1;1;2;2712;238;434;0;0
8972;2025;343;16;4;0;3;0;3;0;0;0;0;71;0;5;0;0;3;1;0;5;3827;13;775;0;0
8974;2025;342;16;4;1;2;2;3;0;0;0;0;65;1;5;12;6;6;4;2;0;3304;205;751;0;0
8976;2025;347;16;4;0;2;2;-1;0;0;0;0;63;0;3;33;15;4;0;3;3;3158;206;343;0;0
8977;2025;342;16;2;0;0;0;-2;0;0;0;0;77;0;2;0;0;5;2;3;4;1957;476;297;0;0
8978;2025;345;16;4;0;1;0;3;0;0;0;0;76;0;7;0;0;4;2;5;6;3665;95;704;0;0
8979;2025;345;16;4;1;2;20;1;1;0;0;0;59;0;9;0;0;3;1;1;6;3190;381;791;0;0
8980;2025;346;16;4;0;2;0;1;0;0;0;0;59;0;7;10;4;5;4;2;12;3852;616;75;0;0
8981;2025;339;16;4;0;0;0;-2;0;0;0;0;62;0;5;15;6;2;0;1;5;1998;156;794;0;0
8982;2025;346;16;4;0;2;4;-4;0;1;0;0;60;0;9;0;0;4;1;2;5;4199;1077;128;0;0
8983;2025;351;16;3;0;0;0;0;0;0;0;0;66;0;1;0;0;3;0;1;1;1179;19;370;0;0
8984;2025;341;16;3;0;0;0;-1;0;0;0;0;74;0;1;0;0;3;0;0;7;2816;84;405;0;0
8985;2025;349;16;4;0;2;2;-2;0;0;0;0;57;0;6;60;30;5;2;1;2;3549;87;759;0;0
8986;2025;344;16;4;1;3;4;0;0;2;0;0;69;0;15;74;38;2;2;2;3;3587;1243;52;0;0
8987;2025;342;16;3;0;0;0;1;0;0;0;0;66;0;3;0;0;1;0;0;5;1959;359;343;0;0
8988;2025;338;16;1;0;2;0;2;0;0;0;0;65;0;8;14;8;0;1;0;0;636;189;0;0;0
8989;2025;343;16;4;0;1;4;-3;0;0;0;0;59;0;11;0;0;0;2;1;7;4050;211;348;0;0
8990;2025;349;16;4;1;0;4;-1;0;0;0;0;50;0;3;4;2;3;3;2;1;3318;114;389;0;0
8991;2025;348;16;3;1;0;0;2;0;0;0;0;65;0;2;48;24;2;0;5;2;2337;97;552;0;0
8992;2025;350;16;3;0;0;0;0;0;0;0;0;78;0;7;0;0;1;0;0;1;1993;0;252;0;0
8993;2025;344;16;3;1;0;2;-2;1;0;0;0;48;1;7;9;4;3;1;0;3;2248;164;310;0;0
8994;2025;341;16;1;0;0;0;-1;0;0;0;0;60;0;2;1;1;2;0;0;1;800;203;12;0;0
8995;2025;348;16;4;0;0;0;1;0;0;0;0;62;0;3;5;3;7;2;2;5;3274;329;555;0;0
8996;2025;345;16;3;2;0;2;1;0;0;0;0;58;1;4;6;4;6;0;1;1;2497;100;292;0;0
8998;2025;343;16;2;0;0;0;-4;0;0;0;0;60;0;3;27;11;1;0;2;3;1663;37;197;0;0
9001;2025;351;16;1;0;0;0;0;0;0;0;0;70;0;0;0;0;0;0;0;1;633;0;232;0;0
9002;2025;341;16;3;0;0;0;-1;0;0;0;0;56;0;2;0;0;1;3;1;7;1473;0;231;0;0
9004;2025;344;16;3;2;2;0;0;0;0;0;0;73;1;11;54;27;6;3;3;3;2733;106;410;0;0
9005;2025;342;16;4;0;1;0;0;0;0;0;0;57;0;9;0;0;5;2;1;4;3743;635;672;0;0
9006;2025;344;16;4;1;1;0;2;0;0;0;0;60;1;4;13;7;3;3;0;0;2021;0;442;0;0
9009;2025;338;16;4;1;1;4;4;0;0;0;0;57;0;3;36;17;1;0;0;1;2564;188;0;0;0
9010;2025;343;16;4;0;0;4;-1;0;0;0;0;60;0;3;0;0;5;3;3;1;3291;14;236;0;0
9012;2025;341;16;1;0;0;2;0;0;0;0;0;81;0;5;17;9;3;0;1;2;861;288;198;0;0
9013;2025;340;16;4;0;0;0;1;0;0;0;0;53;0;6;2;1;4;1;1;2;2586;109;199;0;0
9016;2025;340;16;3;1;0;0;1;0;0;0;0;51;0;4;5;2;2;2;0;1;1160;0;59;0;0
9017;2025;341;16;3;1;2;4;0;1;2;0;0;69;0;16;12;6;6;3;0;1;3219;1019;93;0;0
9018;2025;340;16;1;0;0;0;0;0;0;0;0;66;0;0;8;3;1;1;0;0;643;0;201;0;0
9019;2025;344;16;4;1;2;2;-2;1;0;0;0;69;0;13;1;1;6;1;2;0;3248;1243;52;0;0
9020;2025;342;16;4;0;0;6;1;0;0;0;0;64;0;6;10;3;11;0;2;2;3301;0;741;0;0
9021;2025;351;16;3;1;0;0;-1;0;0;0;0;57;0;3;22;10;2;0;1;2;2005;150;63;0;0
9022;2025;338;16;3;0;0;0;0;0;0;0;0;60;0;3;0;0;5;0;1;2;2914;0;306;0;0
9023;2025;339;16;4;0;0;0;-5;0;0;0;0;53;0;3;23;13;9;1;1;2;3142;43;794;0;0
9024;2025;339;16;4;0;1;6;-1;0;0;0;0;62;0;7;53;24;7;0;0;5;3383;68;176;0;0
9025;2025;342;16;4;0;0;0;1;0;0;0;0;54;0;4;26;10;4;4;2;1;3425;0;995;0;0
9026;2025;342;16;4;0;2;0;-2;0;1;0;0;57;0;11;3;2;3;5;1;2;3349;1041;0;0;0
9027;2025;346;16;3;0;0;0;0;0;0;0;0;62;0;3;47;23;1;0;0;2;2178;669;24;0;0
9029;2025;347;16;3;1;2;0;1;1;1;0;0;56;0;5;0;0;2;1;0;0;1165;511;72;0;0
9030;2025;338;16;4;3;0;0;1;1;0;0;0;62;0;9;9;3;4;4;0;1;2966;809;373;0;0
9031;2025;341;16;1;0;0;0;0;0;0;0;0;55;0;1;3;1;1;0;0;0;358;0;29;0;0
9032;2025;339;16;3;0;0;2;-1;0;0;0;0;56;0;1;0;0;2;0;0;4;1134;0;617;0;0
9034;2025;350;16;4;1;1;0;1;0;0;0;0;68;0;6;38;14;1;0;3;3;2824;697;193;0;0
9035;2025;340;16;4;0;0;2;0;0;0;0;0;62;0;7;0;0;2;0;0;8;3576;106;491;0;0
9036;2025;350;16;3;0;1;2;-3;0;0;0;0;59;0;3;0;0;6;0;1;2;2990;47;179;0;0
9037;2025;341;16;2;1;1;0;-1;1;1;0;0;67;1;8;0;0;1;0;2;4;1485;475;200;0;0
9038;2025;339;16;1;0;0;0;0;0;0;0;0;58;0;0;0;0;1;0;0;0;281;0;149;0;0
9039;2025;345;16;1;0;0;0;1;0;0;0;0;56;0;1;8;3;0;0;0;1;734;0;38;0;0
9040;2025;349;16;4;0;3;0;-2;0;1;0;0;63;0;4;4;2;1;1;0;0;2939;420;0;0;0
9041;2025;346;16;1;0;0;0;0;0;0;0;0;51;0;0;2;1;1;0;0;0;382;0;0;0;0
9042;2025;349;16;3;0;0;2;-4;0;0;0;0;47;0;2;0;0;0;2;1;0;1191;0;0;0;0
9043;2025;341;16;3;1;0;4;2;0;0;0;0;79;0;11;9;5;6;1;1;4;3280;347;288;0;0
9044;2025;346;16;2;0;0;4;-2;0;0;0;0;51;0;2;13;2;3;1;0;1;1166;39;305;0;0
9046;2025;346;16;4;0;0;12;-2;0;0;0;0;60;0;7;0;0;6;1;4;6;3508;373;676;0;0
9047;2025;349;16;2;1;1;0;2;0;0;0;0;70;0;4;0;0;0;1;0;3;1123;0;104;0;0
9048;2025;338;16;4;1;1;2;3;0;0;0;0;57;1;9;1;1;3;1;0;2;2535;250;77;0;0
9049;2025;343;16;4;3;2;2;3;0;0;0;0;65;1;15;11;7;5;1;3;4;2946;654;7;0;0
9050;2025;341;16;3;2;1;2;0;1;1;0;0;66;0;10;62;25;4;1;0;0;2776;1019;0;0;0
9051;2025;345;16;2;0;0;2;0;0;0;0;0;55;0;2;4;2;1;0;0;0;803;0;40;0;0
9053;2025;341;16;3;0;2;0;-1;0;2;0;0;63;0;8;0;0;6;1;0;0;2922;975;68;0;0
9054;2025;350;16;3;0;0;0;2;0;0;0;0;66;0;2;0;0;2;2;0;2;3091;175;175;0;0
9055;2025;340;16;3;1;0;4;1;0;0;0;0;60;1;1;22;14;6;0;0;0;2015;109;12;0;0
9056;2025;351;16;2;1;0;0;-1;1;0;0;0;60;0;5;4;1;2;0;0;1;1183;515;0;0;0
9057;2025;349;16;4;0;0;2;0;0;0;0;0;58;0;0;14;6;7;1;2;2;3013;139;577;0;0
9058;2025;351;16;3;1;0;2;0;0;0;0;0;60;0;10;0;0;2;1;1;3;2393;331;0;0;0
9059;2025;351;16;3;0;0;0;-1;0;0;0;0;54;0;3;9;6;3;0;0;1;1529;0;154;0;0
9060;2025;347;16;4;1;1;0;0;0;0;0;0;62;0;6;45;23;2;0;1;2;2533;343;25;0;0
9061;2025;349;16;4;0;2;4;3;0;0;0;0;72;0;3;0;0;8;1;3;11;4025;804;754;0;0
9063;2025;344;16;1;0;0;0;0;0;0;0;0;56;0;0;2;2;0;1;0;0;423;0;0;0;0
9065;2025;348;16;4;0;0;4;-4;0;0;0;0;59;0;3;0;0;8;2;1;8;3298;288;358;0;0
9066;2025;350;16;4;0;0;2;0;0;0;0;0;71;0;4;8;1;2;2;2;1;2832;386;611;0;0
9067;2025;350;16;2;0;1;0;3;0;0;0;0;86;0;3;0;0;3;1;1;5;1729;375;500;0;0
9068;2025;345;16;4;0;1;4;2;0;0;0;0;66;0;0;0;0;4;5;0;0;3651;67;496;0;0
9069;2025;350;16;2;0;0;0;1;0;0;0;0;62;0;0;0;0;0;0;1;2;1063;54;178;0;0
9070;2025;348;16;2;1;0;2;1;0;0;0;0;51;0;4;9;3;1;1;0;1;642;30;283;0;0
9071;2025;339;16;3;0;0;0;-3;0;0;0;0;52;0;1;0;0;0;0;1;0;1580;49;0;0;0
9072;2025;349;16;4;0;0;0;-1;0;0;0;0;59;0;5;28;12;2;3;1;3;2666;20;450;0;0
9073;2025;342;16;4;0;0;2;1;0;0;0;0;52;0;2;1;0;1;1;0;1;1330;135;0;0;0
9074;2025;339;16;4;2;0;0;-2;0;0;1;0;51;0;4;19;12;5;2;0;6;1848;0;337;0;0
9076;2025;341;16;1;0;0;0;-1;0;0;0;0;59;0;4;13;8;1;0;0;1;800;203;0;0;0
9077;2025;342;16;1;0;0;0;0;0;0;0;0;64;0;0;0;0;1;0;0;1;313;0;139;0;0
9081;2025;341;16;1;0;1;0;1;0;0;0;0;64;0;2;0;0;1;0;1;0;644;231;0;0;0
9082;2025;340;16;1;0;0;4;0;0;0;0;0;52;0;1;2;1;2;0;1;0;470;50;0;0;0
9084;2025;351;16;1;0;1;0;1;0;0;0;0;56;0;1;0;0;0;1;0;0;238;0;48;0;0
9085;2025;350;16;3;0;0;0;0;0;0;0;0;53;0;1;4;2;2;1;0;0;1328;0;107;0;0
9086;2025;339;16;2;0;0;2;-2;0;0;0;0;51;0;2;0;0;1;0;0;0;1017;85;0;0;0
9088;2025;343;16;3;1;0;2;0;0;0;0;0;60;0;4;27;14;4;0;0;0;1938;112;249;0;0
9090;2025;346;16;1;0;0;2;-2;0;0;0;0;53;0;1;15;6;1;0;0;0;553;363;41;0;0
9096;2025;348;16;2;0;0;0;0;0;0;0;0;57;0;2;14;7;2;0;0;1;986;30;0;0;0
9097;2025;343;16;4;0;3;2;0;0;1;0;0;49;0;4;0;0;1;3;2;0;2857;13;261;0;0
9099;2025;344;16;3;0;1;2;2;0;0;0;0;54;0;5;0;0;2;0;0;1;1590;14;369;0;0
9101;2025;341;16;1;0;0;0;0;0;0;0;0;65;0;1;0;0;0;0;1;1;851;84;113;0;0
9102;2025;349;16;4;0;0;2;-3;0;0;0;0;50;0;3;0;0;3;0;2;6;3597;0;299;0;0
9104;2025;342;16;3;0;0;0;-1;0;0;0;0;51;0;1;10;6;1;0;0;0;978;37;3;0;0
9105;2025;347;16;1;0;0;0;0;0;0;0;0;51;0;0;0;0;1;0;0;1;448;0;0;0;0
9108;2025;346;16;1;0;0;0;0;0;0;0;0;63;0;0;0;0;1;1;0;1;259;0;287;0;0
9111;2025;344;16;1;0;0;0;1;0;0;0;0;54;0;0;6;3;0;0;0;0;446;0;0;0;0
9112;2025;341;16;1;0;0;2;-1;0;0;0;0;50;0;6;0;0;0;1;0;0;624;276;0;0;0
9117;2025;349;16;2;0;1;2;-4;0;0;0;0;44;0;1;0;0;4;3;2;2;1544;0;108;0;0
9118;2025;341;16;1;0;0;0;0;0;0;0;0;50;0;2;0;0;0;0;0;0;243;0;0;0;0
9121;2025;347;16;1;0;0;0;0;0;0;0;0;49;0;0;0;0;1;0;0;0;209;0;181;0;0
9124;2025;346;16;2;0;0;4;-2;0;0;0;0;52;0;1;0;0;5;0;2;0;1579;0;216;0;0
9125;2025;346;16;3;0;0;0;-1;0;0;0;0;49;0;0;3;1;0;1;0;0;1079;0;137;0;0
9130;2025;344;16;2;0;0;0;0;0;0;0;0;56;0;5;20;10;0;0;0;0;1413;0;4;0;0
9131;2025;346;16;1;0;0;0;-1;0;0;0;0;38;0;0;4;1;0;0;0;0;418;0;125;0;0
9133;2025;346;16;1;0;0;0;-1;0;0;0;0;44;0;0;1;1;1;2;0;1;477;0;174;0;0
9134;2025;344;16;1;0;0;0;0;0;0;0;0;50;0;0;0;0;1;0;0;0;411;42;1;0;0
9135;2025;342;16;4;1;1;0;2;0;0;0;0;54;0;7;0;0;5;3;0;2;2630;242;0;0;0
9136;2025;341;16;1;0;1;0;1;0;0;0;1;56;0;0;0;0;0;0;0;2;198;0;283;0;0
9139;2025;346;16;2;0;1;0;0;0;1;0;0;56;0;3;0;0;1;0;0;1;1400;265;0;0;0
9140;2025;351;16;1;0;0;0;0;0;0;0;0;53;0;1;2;1;1;0;0;0;484;32;0;0;0
9141;2025;351;16;1;0;0;0;0;0;0;0;0;55;0;2;12;8;0;0;0;0;568;150;0;0;0
9142;2025;351;16;1;0;0;0;0;0;0;0;0;52;0;0;7;3;0;0;0;0;435;0;0;0;0
9145;2025;351;16;1;0;0;4;0;0;0;0;0;54;0;1;0;0;0;0;0;0;463;257;0;0;0
9146;2025;344;16;3;2;0;0;0;0;0;0;0;57;0;4;1;0;1;0;1;0;1395;0;221;0;0
9147;2025;341;16;1;0;0;2;0;0;0;0;0;56;0;0;0;0;0;0;0;0;569;236;3;0;0
9151;2025;341;16;1;0;0;0;1;0;0;0;0;60;0;1;11;4;0;0;1;0;551;0;181;0;0
9157;2025;341;16;1;0;0;0;0;0;0;0;0;51;0;0;2;2;0;0;0;0;227;0;0;0;0
9158;2025;341;16;1;0;0;0;0;0;0;0;0;58;0;5;1;0;0;0;0;0;551;203;0;0;0
9160;2025;341;16;1;0;0;0;-1;0;0;0;0;52;0;0;0;0;0;0;0;0;372;179;0;0;0
9162;2025;346;16;3;0;0;0;-2;0;0;0;0;51;0;1;0;0;1;0;1;3;1983;154;271;0;0
9165;2025;346;16;2;0;0;0;-1;0;0;0;0;51;0;0;0;0;0;0;0;1;860;142;0;0;0
9169;2025;354;17;2;0;0;0;-2;0;0;0;0;61;0;7;0;0;4;0;2;4;2133;291;322;0;0
9170;2025;358;17;1;0;0;0;0;0;0;0;0;62;0;3;0;0;3;0;0;0;912;322;0;0;0
9171;2025;363;17;2;4;0;2;0;1;0;0;0;77;0;16;3;1;4;0;2;0;1808;574;133;0;0
9172;2025;383;17;1;0;1;0;1;0;0;0;0;54;0;2;0;0;1;0;0;0;612;0;0;0;0
9173;2025;359;17;1;0;0;0;-1;0;0;0;0;52;0;0;5;2;0;0;2;0;464;0;0;0;0
9174;2025;353;17;2;0;2;0;1;0;1;0;0;73;0;3;4;1;3;0;0;0;2089;460;0;0;0
9175;2025;352;17;1;1;1;0;3;0;0;0;0;78;0;7;28;20;0;0;1;3;1033;313;0;0;0
9176;2025;372;17;1;0;0;0;2;0;0;0;0;67;0;2;22;10;0;0;1;0;1095;230;0;0;0
9177;2025;371;17;2;0;1;0;-1;0;1;0;0;68;0;6;7;1;4;2;1;0;1834;506;80;0;0
9178;2025;364;17;1;0;0;0;0;0;0;0;0;59;0;5;4;2;1;0;0;1;785;67;0;0;0
9179;2025;362;17;2;0;0;2;-1;0;0;0;0;70;0;4;1;1;2;0;2;4;2239;261;161;0;0
9181;2025;373;17;1;0;0;0;-2;0;0;0;0;63;0;2;14;7;1;0;1;0;837;202;0;0;0
9183;2025;355;17;2;1;2;7;2;0;1;0;0;66;0;6;3;1;0;1;0;0;1833;314;0;0;0
9184;2025;380;17;1;0;0;0;-1;0;0;0;0;54;0;1;0;0;1;0;0;4;964;0;0;0;0
9186;2025;380;17;1;0;1;0;-2;0;0;0;0;50;0;3;2;2;1;3;1;0;829;206;0;0;0
9187;2025;377;17;1;0;0;0;0;0;0;0;0;58;0;0;0;0;0;0;1;0;786;0;68;0;0
9188;2025;369;17;1;0;0;0;0;0;0;0;0;63;0;0;5;4;2;0;0;0;695;0;254;0;0
9189;2025;365;17;1;0;0;0;0;0;0;0;0;64;0;1;0;0;0;0;0;0;921;0;0;0;0
9191;2025;364;17;1;0;0;2;0;0;0;0;0;56;0;2;0;0;1;0;0;0;998;36;31;0;0
9192;2025;366;17;1;1;0;0;1;0;0;0;0;59;1;3;0;0;1;0;0;0;353;156;0;0;0
9193;2025;380;17;1;0;0;0;-3;0;0;0;0;62;0;1;0;0;2;0;0;0;944;228;43;0;0
9194;2025;371;17;1;0;0;0;-1;0;0;0;0;57;0;5;0;0;0;2;1;2;953;386;181;0;0
9195;2025;368;17;1;0;0;2;0;0;0;0;0;69;0;0;0;0;3;0;2;1;845;0;179;0;0
9196;2025;369;17;1;0;0;0;0;0;0;0;0;48;0;0;0;0;0;0;0;0;985;0;46;0;0
9197;2025;362;17;2;0;0;2;1;0;0;0;0;55;0;6;0;0;8;4;0;0;1930;151;113;0;0
9199;2025;384;17;1;0;0;0;0;0;0;0;0;56;0;0;2;2;1;0;0;0;501;0;0;0;0
9200;2025;384;17;1;0;1;0;2;0;0;0;0;60;0;2;0;0;0;0;0;0;1076;0;0;0;0
9201;2025;363;17;1;0;0;0;-1;0;0;0;0;49;0;0;0;0;1;0;0;0;273;0;0;0;0
9202;2025;359;17;1;0;0;0;1;0;0;0;0;61;0;1;0;0;1;0;0;4;1094;0;128;0;0
9203;2025;363;17;2;1;1;0;4;0;0;0;0;72;0;4;28;13;2;1;0;0;1869;22;308;0;0
9204;2025;384;17;1;1;0;0;1;0;0;0;0;77;0;7;3;2;0;0;0;1;980;14;52;0;0
9206;2025;360;17;1;0;0;0;-1;0;0;0;0;68;0;2;0;0;1;0;0;2;1062;0;43;0;0
9207;2025;360;17;1;0;1;0;-1;0;0;0;0;60;0;2;0;0;1;0;0;1;516;88;0;0;0
9208;2025;361;17;1;0;0;0;-1;0;0;0;0;59;0;0;6;2;2;1;1;1;927;129;236;0;0
9209;2025;384;17;1;0;1;0;0;0;0;0;0;57;0;0;0;0;1;2;0;0;1108;63;48;0;0
9210;2025;364;17;1;0;0;0;0;0;0;0;0;58;0;1;13;3;2;0;0;0;541;86;0;0;0
9211;2025;384;17;1;0;0;0;1;0;0;0;0;77;0;4;0;0;4;0;0;2;1162;115;64;0;0
9212;2025;375;17;1;0;0;2;-2;0;0;0;0;65;0;0;0;0;2;0;1;1;1172;0;160;0;0
9215;2025;362;17;1;0;0;0;0;0;0;0;0;49;0;0;0;0;0;0;0;0;495;0;0;0;0
9216;2025;385;17;1;0;1;2;0;0;0;0;0;73;0;3;0;0;1;0;0;2;897;142;17;0;0
9217;2025;369;17;1;0;0;0;0;0;0;0;0;61;0;0;1;1;0;0;1;1;1019;120;23;0;0
9218;2025;363;17;1;0;1;0;0;0;0;0;0;64;0;2;8;4;0;0;0;0;316;0;43;0;0
9220;2025;373;17;1;0;0;0;0;0;0;0;0;67;0;1;8;5;1;2;0;2;821;0;65;0;0
9221;2025;362;17;1;0;0;0;0;0;0;0;0;49;0;2;0;0;2;0;0;0;1226;0;100;0;0
9222;2025;361;17;1;0;0;0;-1;0;0;0;0;82;0;3;0;0;1;0;1;0;1015;0;55;0;0
9223;2025;384;17;1;1;1;0;2;0;0;0;0;66;0;2;2;0;1;2;0;1;1050;115;0;0;0
9224;2025;363;17;2;0;2;0;2;0;0;0;0;61;0;5;2;0;2;0;1;0;1661;141;94;0;0
9225;2025;357;17;2;0;1;2;1;0;0;0;0;65;0;5;3;2;5;1;1;2;2121;259;0;0;0
9226;2025;354;17;2;0;0;0;-1;0;0;0;0;60;0;4;0;0;1;0;2;7;2055;0;484;0;0
9227;2025;375;17;1;0;0;4;1;0;0;0;0;76;0;2;0;0;1;0;0;0;1039;509;283;0;0
9228;2025;369;17;1;0;0;2;-1;0;0;0;0;62;0;2;0;0;4;0;0;0;1183;0;154;0;0
9229;2025;370;17;2;0;0;0;-2;0;0;0;0;60;0;3;0;0;2;1;1;5;2353;29;363;0;0
9230;2025;356;17;1;0;0;0;3;0;0;0;0;65;0;5;0;0;0;0;0;1;1143;0;0;0;0
9231;2025;382;17;1;0;2;0;2;0;1;0;0;73;0;1;2;2;5;0;0;0;902;135;154;0;0
9232;2025;366;17;1;1;0;0;1;0;0;0;0;56;0;1;0;0;1;0;0;0;893;0;104;0;0
9233;2025;385;17;1;0;0;0;-2;0;0;0;0;56;0;1;2;1;0;0;0;0;769;395;0;0;0
9235;2025;364;17;1;0;0;0;-1;0;0;0;0;54;0;1;2;1;2;0;0;1;900;115;137;0;0
9236;2025;363;17;1;1;0;0;1;0;0;0;0;63;0;6;0;0;1;1;1;2;947;115;127;0;0
9237;2025;369;17;1;0;0;0;-1;0;0;0;0;56;0;1;12;11;1;1;0;0;846;0;254;0;0
9239;2025;378;17;2;0;0;0;2;0;0;0;0;68;0;5;0;0;3;0;1;0;2212;630;207;0;0
9241;2025;384;17;1;0;0;0;2;0;0;0;0;62;0;2;0;0;1;1;2;1;1056;115;59;0;0
9243;2025;355;17;1;0;0;0;0;0;0;0;0;48;0;2;4;2;1;1;0;0;483;0;0;0;0
9244;2025;383;17;1;0;0;2;-1;0;0;0;0;44;0;5;0;0;2;0;0;0;1014;55;142;0;0
9245;2025;378;17;1;0;0;0;-1;0;0;0;0;40;0;0;3;2;1;2;0;2;667;0;53;0;0
9246;2025;372;17;1;0;0;0;0;0;0;0;0;53;0;2;2;2;0;0;0;1;514;137;92;0;0
9247;2025;355;17;1;0;0;0;-1;0;0;0;0;55;0;1;12;5;1;0;0;1;956;0;128;0;0
9248;2025;385;17;1;1;1;0;1;1;0;0;0;64;1;3;0;0;1;0;0;1;865;124;0;0;0
9249;2025;360;17;2;0;2;0;3;0;0;0;0;68;0;3;26;9;7;0;0;1;1908;88;157;0;0
9250;2025;365;17;1;0;0;0;0;0;0;0;0;51;0;0;4;2;0;0;0;0;361;0;0;0;0
9251;2025;360;17;1;0;0;0;1;0;0;0;0;59;0;1;7;3;2;1;0;0;882;153;0;0;0
9252;2025;378;17;1;0;0;2;-1;0;0;0;0;60;0;2;2;2;0;1;2;2;1084;111;5;0;0
9253;2025;364;17;1;0;0;0;-1;0;0;0;0;52;0;4;15;6;2;2;0;0;731;173;0;0;0
9254;2025;380;17;1;0;0;0;0;0;0;0;0;59;0;0;5;4;0;1;0;2;795;0;129;0;0
9255;2025;382;17;1;1;0;0;0;0;0;0;0;67;0;4;2;2;0;0;0;0;947;337;92;0;0
9257;2025;372;17;1;0;0;0;0;0;0;0;0;88;0;3;0;0;0;0;0;0;1103;356;60;0;0
9259;2025;384;17;1;0;0;0;2;0;0;0;0;62;0;1;0;0;1;0;0;1;1042;0;63;0;0
9260;2025;364;17;1;0;0;0;0;0;0;0;0;64;0;1;0;0;3;0;0;0;1125;0;74;0;0
9261;2025;355;17;1;0;1;0;1;0;0;0;0;70;0;5;0;0;1;0;0;0;907;164;88;0;0
9262;2025;372;17;1;0;1;0;1;0;0;0;0;59;0;4;0;0;3;0;0;1;1078;137;49;0;0
9263;2025;380;17;2;0;0;0;-3;0;0;0;0;58;0;3;3;3;3;0;1;2;2094;190;52;0;0
9264;2025;361;17;1;0;0;2;0;0;0;0;0;73;0;1;1;0;1;0;0;0;978;238;0;0;0
9266;2025;384;17;1;0;2;0;-3;0;2;0;0;70;0;0;18;8;1;0;0;2;992;116;0;0;0
9267;2025;369;17;1;0;0;0;-1;0;0;0;0;48;0;0;0;0;0;0;0;0;156;0;0;0;0
9268;2025;384;17;1;0;0;2;1;0;0;0;0;59;0;0;15;7;1;0;0;0;955;14;5;0;0
9269;2025;361;17;2;0;1;2;0;0;1;0;0;69;0;11;41;19;4;0;2;0;1999;531;4;0;0
9270;2025;385;17;1;1;0;0;0;0;0;0;0;67;0;2;21;13;0;1;2;0;830;284;0;0;0
9271;2025;360;17;1;0;0;0;2;0;0;0;0;75;0;2;0;0;1;1;0;1;1066;0;78;0;0
9272;2025;363;17;2;0;1;0;-1;0;1;0;0;59;0;4;12;3;2;0;0;0;1172;337;0;0;0
9273;2025;365;17;2;0;1;2;-1;0;0;0;0;67;0;2;25;10;0;0;0;1;2018;90;203;0;0
9274;2025;375;17;1;0;1;6;0;0;1;0;0;70;0;3;2;0;1;1;0;1;891;390;0;0;0
9275;2025;384;17;1;0;0;0;0;0;0;0;0;59;0;0;7;3;2;0;0;0;444;0;0;0;0
9276;2025;364;17;1;0;0;0;-1;0;0;0;0;49;0;1;4;0;0;0;1;1;857;0;104;0;0
9277;2025;384;17;1;0;0;0;2;0;0;0;0;61;0;1;0;0;0;1;0;1;838;0;0;0;0
9278;2025;360;17;1;0;1;2;2;0;0;0;0;65;0;1;0;0;2;0;0;2;911;0;56;0;0
9279;2025;365;17;1;0;0;0;0;0;0;0;0;65;0;0;0;0;1;0;0;0;1153;5;88;0;0
9282;2025;385;17;1;0;0;2;-1;0;0;0;0;65;0;2;0;0;1;0;0;2;1174;266;116;0;0
9283;2025;360;17;1;0;0;0;1;0;0;0;0;53;0;3;0;0;0;0;0;0;1060;0;131;0;0
9284;2025;355;17;2;1;0;0;0;0;0;0;0;78;0;12;0;0;3;1;1;3;1881;702;484;0;0
9285;2025;383;17;1;0;0;0;1;0;0;0;0;62;0;3;1;0;1;0;0;1;658;91;34;0;0
9286;2025;363;17;1;0;2;0;0;0;1;0;0;79;0;3;2;2;1;0;0;0;900;356;40;0;0
9287;2025;363;17;2;0;0;2;-1;0;0;0;0;73;0;4;19;11;5;0;0;0;1508;574;0;0;0
9288;2025;367;17;1;0;2;2;0;0;2;0;0;66;0;3;1;1;0;0;0;0;424;339;0;0;0
9289;2025;373;17;2;0;1;0;1;0;0;0;0;76;0;1;0;0;3;0;0;3;2131;0;163;0;0
9290;2025;361;17;1;0;0;0;-1;0;0;0;0;40;0;0;0;0;1;0;0;0;1027;0;55;0;0
9291;2025;385;17;1;0;0;0;0;0;0;0;0;65;0;2;4;2;2;0;0;0;516;0;26;0;0
9292;2025;385;17;1;0;0;0;0;0;0;0;0;62;0;4;1;1;1;0;1;0;844;261;244;0;0
9293;2025;361;17;1;0;0;0;-1;0;0;0;0;52;0;1;10;5;2;0;0;1;876;87;59;0;0
9294;2025;363;17;1;0;0;0;0;0;0;0;0;63;0;0;0;0;0;0;2;1;764;0;267;0;0
9295;2025;385;17;1;0;0;0;1;0;0;0;0;56;0;2;6;4;2;1;0;1;872;0;244;0;0
9296;2025;368;17;1;1;0;0;2;0;0;0;0;53;0;3;0;0;0;0;0;0;537;0;0;0;0
9297;2025;362;17;1;0;0;2;0;0;0;0;0;69;0;1;0;0;2;0;2;3;1278;0;44;0;0
9299;2025;359;17;2;1;0;2;1;0;0;0;0;63;0;13;2;1;2;1;0;1;1760;456;63;0;0
9301;2025;354;17;1;0;0;0;-1;0;0;0;0;51;0;0;6;2;3;0;0;0;401;0;200;0;0
9302;2025;354;17;1;0;0;0;-1;0;0;0;0;64;0;0;0;0;2;0;0;1;918;17;0;0;0
9304;2025;371;17;1;0;0;0;0;0;0;0;0;58;0;5;0;0;1;0;0;0;1043;22;53;0;0
9306;2025;365;17;1;0;0;0;-2;0;0;0;0;53;0;0;0;0;0;0;0;2;1087;0;0;0;0
9307;2025;370;17;1;0;0;0;-1;0;0;0;0;56;0;1;3;1;1;0;0;0;822;0;138;0;0
9308;2025;354;17;1;0;0;0;0;0;0;0;0;61;0;1;0;0;0;0;0;0;753;0;130;0;0
9310;2025;360;17;1;0;0;2;-2;0;0;0;0;29;0;1;0;0;4;0;0;0;1251;0;56;0;0
9312;2025;364;17;2;0;0;0;-2;0;0;0;0;66;0;6;29;17;4;0;2;2;1932;195;241;0;0
9313;2025;363;17;1;1;0;0;0;0;0;0;0;61;0;3;0;0;1;0;0;0;812;115;94;0;0
9314;2025;372;17;1;0;0;0;-2;0;0;0;0;67;0;3;2;0;0;0;1;1;1074;230;0;0;0
9315;2025;381;17;1;0;0;2;0;0;0;0;0;58;0;0;11;5;4;0;0;1;943;74;158;0;0
9317;2025;368;17;2;2;0;0;1;1;0;0;0;58;0;4;12;6;6;1;1;2;1922;59;249;0;0
9318;2025;372;17;1;0;0;0;1;0;0;0;0;87;0;0;13;8;3;0;2;1;950;171;57;0;0
9321;2025;381;17;1;0;0;0;-1;0;0;0;0;71;0;0;0;0;1;2;0;1;1052;84;287;0;0
9322;2025;137;7;2;0;0;4;-1;0;0;0;0;53;0;2;3;0;3;0;0;0;948;380;0;0;0
9323;2025;379;17;1;0;2;0;0;0;1;0;0;76;0;2;16;10;0;0;0;2;1089;132;82;0;0
9324;2025;373;17;1;0;0;0;-2;0;0;0;0;58;0;1;1;1;3;1;0;0;822;0;141;0;0
9325;2025;375;17;1;0;0;0;-1;0;0;0;0;44;0;2;1;1;2;0;0;0;694;6;0;0;0
9326;2025;358;17;1;0;1;0;-2;0;0;0;0;53;0;0;11;5;0;1;0;0;681;74;0;0;0
9328;2025;369;17;1;0;0;2;-1;0;0;0;0;60;0;3;2;1;2;0;0;1;1035;0;126;0;0
9329;2025;367;17;1;0;0;0;-1;0;0;0;0;67;0;2;0;0;1;1;1;0;1080;49;180;0;0
9330;2025;381;17;1;0;0;0;0;0;0;0;0;61;0;2;4;0;1;1;0;2;592;0;124;0;0
9333;2025;379;17;1;0;0;0;-1;0;0;0;0;63;0;1;0;0;0;0;0;4;1076;0;28;0;0
9334;2025;371;17;1;0;0;0;0;0;0;0;0;60;0;0;1;1;0;0;0;0;1098;113;28;0;0
9336;2025;375;17;1;0;0;0;0;0;0;0;0;63;0;0;15;8;1;1;0;2;1032;0;0;0;0
9337;2025;374;17;1;0;0;4;0;0;0;0;0;55;0;0;4;0;0;0;1;2;763;132;253;0;0
9339;2025;372;17;1;0;1;0;0;0;0;0;0;73;0;3;2;1;0;1;0;0;1062;310;0;0;0
9340;2025;355;17;1;0;0;0;-1;0;0;0;0;60;0;0;0;0;3;0;0;1;1098;0;276;0;0
9341;2025;380;17;1;0;0;0;-2;0;0;0;0;56;0;0;19;5;2;0;0;1;1013;87;0;0;0
9342;2025;357;17;2;0;1;0;1;0;0;0;0;68;0;4;28;13;7;0;0;1;2038;43;56;0;0
9343;2025;372;17;1;0;0;0;2;0;0;0;0;63;0;2;0;0;1;1;0;0;1343;125;15;0;0
9344;2025;355;17;1;0;0;0;-1;0;0;0;0;54;0;1;6;2;0;2;1;0;510;0;492;0;0
9345;2025;367;17;1;0;0;0;1;0;0;0;0;58;0;1;0;0;0;0;1;2;898;0;90;0;0
9346;2025;378;17;1;0;0;0;1;0;0;0;0;52;0;0;0;0;0;0;0;0;485;0;0;0;0
9347;2025;376;17;2;0;1;0;-4;0;0;0;0;62;0;3;18;7;5;2;3;1;2260;43;226;0;0
9348;2025;381;17;1;0;0;2;0;0;0;0;0;46;0;1;2;2;1;0;0;0;918;0;23;0;0
9349;2025;371;17;1;0;1;0;0;0;1;0;0;58;0;3;0;0;1;1;1;0;1098;113;28;0;0
9350;2025;353;17;2;2;0;0;1;1;0;0;0;71;1;9;33;15;2;0;1;3;1909;339;37;0;0
9352;2025;356;17;2;1;0;0;1;0;0;0;0;63;0;5;0;0;3;0;0;0;2087;0;159;0;0
9354;2025;354;17;2;0;0;2;-3;0;0;0;0;54;0;3;28;12;1;1;2;3;1754;291;0;0;0
9358;2025;358;17;1;0;0;2;-1;0;0;0;0;63;0;4;0;0;0;1;0;3;772;0;113;0;0
9359;2025;365;17;1;0;0;0;-1;0;0;0;0;63;0;2;8;4;3;0;0;0;606;99;0;0;0
9361;2025;357;17;1;0;0;0;-1;0;0;0;0;50;0;0;0;0;0;0;0;0;846;0;26;0;0
9362;2025;359;17;2;0;1;0;1;0;0;0;0;74;0;9;16;8;2;1;1;0;1780;456;160;0;0
9363;2025;377;17;1;0;0;0;0;0;0;0;0;50;0;0;0;0;0;0;0;0;60;0;1;0;0
9364;2025;364;17;1;0;0;0;-1;0;0;0;0;62;0;2;5;4;1;0;0;0;824;0;0;0;0
9365;2025;359;17;2;0;1;0;1;0;0;0;0;64;0;3;0;0;3;0;0;3;2463;209;318;0;0
9366;2025;363;17;1;0;0;2;1;0;0;0;0;63;0;2;0;0;0;1;0;1;1011;0;108;0;0
9367;2025;375;17;1;0;0;0;-1;0;0;0;0;84;0;3;0;0;2;0;4;3;1008;37;361;0;0
9368;2025;385;17;1;0;1;0;0;0;0;0;0;63;0;1;0;0;0;0;0;0;797;261;0;0;0
9369;2025;352;17;2;1;1;4;1;0;0;0;0;64;1;8;33;19;1;1;0;0;1723;90;45;0;0
9370;2025;367;17;1;2;0;0;1;1;0;0;0;68;0;10;0;0;1;0;1;0;990;299;145;0;0
9371;2025;375;17;1;0;0;0;0;0;0;0;0;72;0;1;12;5;0;0;0;1;954;37;140;0;0
9372;2025;381;17;1;0;1;4;-2;0;1;0;0;58;0;2;0;0;1;0;0;1;1121;208;108;0;0
9373;2025;372;17;1;0;0;0;0;0;0;0;0;81;0;2;0;0;1;0;0;4;952;0;192;0;0
9374;2025;381;17;1;1;0;2;0;0;0;0;0;70;0;4;0;0;2;0;1;0;1077;282;53;0;0
9375;2025;377;17;1;0;0;0;1;0;0;0;0;67;0;4;0;0;0;0;0;2;932;351;149;0;0
9376;2025;369;17;1;0;0;0;-1;0;0;0;0;60;0;1;0;0;1;0;1;1;871;14;139;0;0
9377;2025;373;17;1;0;1;0;-2;0;0;0;0;71;0;1;0;0;3;0;0;1;1032;338;0;0;0
9378;2025;372;17;1;0;1;0;0;0;0;0;0;72;0;4;4;1;4;0;1;0;1099;310;81;0;0
9379;2025;352;17;1;0;0;0;-1;0;0;0;0;50;0;1;0;0;0;1;0;2;1036;0;93;0;0
9380;2025;381;17;1;0;0;0;-2;0;0;0;0;54;0;1;8;4;3;1;0;0;980;0;158;0;0
9381;2025;357;17;1;0;0;0;0;0;0;0;0;61;0;1;0;0;2;0;0;4;1101;43;222;0;0
9382;2025;352;17;1;0;0;0;1;0;0;0;0;58;0;1;8;6;0;0;0;1;649;54;0;0;0
9383;2025;358;17;1;0;0;0;1;0;0;0;0;80;0;1;0;0;5;0;1;8;1210;51;259;0;0
9384;2025;372;17;1;0;0;0;0;0;0;0;0;84;0;5;0;0;1;1;0;4;1237;0;91;0;0
9386;2025;368;17;1;0;0;0;1;0;0;0;0;62;0;3;0;0;2;1;0;0;946;270;152;0;0
9387;2025;372;17;1;0;0;0;1;0;0;0;0;67;0;4;6;3;1;1;0;0;830;92;122;0;0
9388;2025;381;17;1;0;1;2;1;0;0;0;0;70;0;4;0;0;1;0;2;0;873;0;133;0;0
9390;2025;380;17;1;0;0;0;0;0;0;0;0;58;0;1;5;4;1;1;0;0;492;0;0;0;0
9391;2025;352;17;2;2;0;2;2;1;0;0;0;74;0;8;4;3;6;0;0;2;2000;278;181;0;0
9392;2025;352;17;2;2;3;0;4;0;1;0;0;74;1;13;0;0;7;3;1;0;1992;591;43;0;0
9393;2025;376;17;2;0;2;2;1;0;0;0;0;70;0;4;0;0;1;1;0;10;2060;167;321;0;0
9395;2025;372;17;1;1;1;0;1;0;0;0;0;84;0;4;5;3;2;0;0;1;1192;230;3;0;0
9397;2025;375;17;1;0;0;4;0;0;0;0;0;64;0;0;0;0;2;0;0;2;1383;105;38;0;0
9398;2025;377;17;1;0;0;0;-1;0;0;0;0;53;0;4;0;0;0;0;0;0;405;234;0;0;0
9399;2025;381;17;1;0;0;0;0;0;0;0;0;55;0;2;1;0;2;0;0;0;560;0;101;0;0
9400;2025;368;17;1;0;0;0;-1;0;0;0;0;55;0;0;12;6;1;1;0;0;901;0;129;0;0
9402;2025;381;17;1;0;0;0;0;0;0;0;0;51;0;3;4;0;0;1;0;0;394;84;0;0;0
9403;2025;377;17;2;0;0;0;2;0;0;0;0;71;0;3;11;6;6;1;0;7;1779;65;587;0;0
9404;2025;378;17;1;1;0;2;1;1;0;0;0;71;0;3;2;0;4;0;0;0;1195;111;0;0;0
9405;2025;375;17;1;0;0;0;0;0;0;0;0;65;0;3;8;1;2;0;0;2;922;158;333;0;0
9406;2025;376;17;1;0;0;0;-3;0;0;0;0;57;0;3;10;7;1;0;1;0;762;0;0;0;0
9407;2025;360;17;1;0;0;0;-1;0;0;0;0;49;0;0;0;0;0;0;0;0;468;0;0;0;0
9408;2025;374;17;1;0;0;0;1;0;0;0;0;74;0;0;0;0;0;0;0;0;1137;0;24;0;0
9409;2025;381;17;1;0;1;0;-2;0;0;0;0;69;0;5;23;11;0;0;0;2;1011;292;30;0;0
9410;2025;379;17;1;0;1;0;1;0;0;0;0;59;0;0;6;3;0;0;0;0;495;0;0;0;0
9411;2025;355;17;1;0;0;0;0;0;0;0;0;60;0;3;0;0;1;0;0;0;893;0;262;0;0
9412;2025;352;17;2;0;0;0;3;0;0;0;0;68;0;6;0;0;1;0;2;2;1798;0;93;0;0
9413;2025;353;17;1;0;0;2;1;0;0;0;0;55;0;0;1;0;0;0;0;2;732;119;0;0;0
9414;2025;371;17;1;1;0;0;0;0;0;0;0;57;0;3;1;1;0;1;0;1;709;98;88;0;0
9415;2025;381;17;1;0;0;0;-3;0;0;0;0;47;0;2;0;0;0;0;0;1;634;0;51;0;0
9416;2025;380;17;1;0;1;2;2;0;0;0;0;53;0;1;0;0;2;1;0;1;974;107;43;0;0
9417;2025;376;17;1;0;0;0;-3;0;0;0;0;55;0;1;0;0;1;2;1;1;1135;0;0;0;0
9418;2025;384;17;1;0;0;0;0;0;0;0;0;61;0;1;0;0;5;0;0;1;501;0;0;0;0
9419;2025;369;17;2;0;2;12;0;0;2;0;0;67;0;5;37;17;5;1;1;0;1981;369;0;0;0
9420;2025;361;17;1;0;1;0;0;0;0;0;0;56;0;0;0;0;0;0;0;0;962;293;0;0;0
9421;2025;360;17;1;1;0;0;1;0;0;0;0;71;1;2;0;0;1;0;1;1;842;70;56;0;0
9422;2025;359;17;2;1;0;0;3;0;0;0;0;72;0;7;46;29;2;1;0;0;2079;432;179;0;0
9423;2025;360;17;1;0;0;0;0;0;0;0;0;62;0;3;19;9;3;0;0;0;1009;88;104;0;0
9424;2025;359;17;1;0;0;0;-1;0;0;0;0;50;0;0;0;0;0;0;0;0;494;0;0;0;0
9425;2025;367;17;1;0;0;0;0;0;0;0;0;64;0;0;0;0;1;0;1;1;968;74;293;0;0
9426;2025;385;17;1;0;0;0;-1;0;0;0;0;78;0;0;0;0;2;1;2;4;1016;406;118;0;0
9427;2025;373;17;1;0;0;0;0;0;0;0;0;48;0;2;0;0;2;3;0;0;870;60;0;0;0
9429;2025;364;17;1;0;0;2;0;0;0;0;0;73;0;6;0;0;5;0;1;1;988;36;0;0;0
9430;2025;384;17;1;0;2;0;-1;0;2;0;0;66;0;1;0;0;1;0;0;2;959;63;107;0;0
9431;2025;363;17;1;0;1;2;0;0;0;0;0;55;0;2;3;2;0;0;0;0;753;115;104;0;0
9432;2025;359;17;1;0;0;2;-1;0;0;0;0;50;0;1;1;0;1;0;0;2;531;0;0;0;0
9433;2025;355;17;2;1;1;0;1;1;1;0;0;87;0;9;51;34;4;0;0;2;1796;709;38;0;0
9434;2025;364;17;1;0;0;0;0;0;0;0;0;54;0;0;0;0;0;0;0;0;498;0;0;0;0
9435;2025;362;17;2;0;0;0;1;0;0;0;0;69;0;6;0;0;1;0;2;5;2226;321;278;0;0
9436;2025;384;17;1;1;0;0;1;0;0;0;0;64;0;3;2;1;3;0;0;0;810;53;48;0;0
9437;2025;375;17;1;1;0;0;-1;1;0;0;0;62;0;2;14;7;0;0;0;1;420;138;0;0;0
9438;2025;360;17;2;2;1;0;3;0;0;0;0;77;0;9;0;0;1;0;2;0;2089;171;0;0;0
9440;2025;369;17;1;1;0;0;0;1;0;0;0;63;0;2;1;0;3;0;0;0;768;120;0;0;0
9441;2025;368;17;1;0;0;0;0;0;0;0;0;61;0;0;0;0;0;0;0;0;725;0;40;0;0
9442;2025;361;17;1;1;0;2;0;0;0;0;0;66;0;2;0;0;0;1;0;1;1091;270;0;0;0
9443;2025;360;17;2;0;0;0;-1;0;0;0;0;61;0;1;2;1;0;0;0;2;1539;70;157;0;0
9445;2025;362;17;2;1;1;0;1;0;0;0;0;70;0;4;12;6;4;0;0;1;2084;100;262;0;0
9446;2025;369;17;2;1;0;0;-1;1;0;0;0;64;0;3;1;1;1;0;0;2;1982;263;131;0;0
9447;2025;385;17;1;0;1;0;-1;0;1;0;0;68;0;1;8;6;0;0;1;1;757;142;0;0;0
9449;2025;378;17;2;1;1;0;0;0;0;0;0;62;0;3;0;0;3;1;0;3;2114;56;0;0;0
9450;2025;359;17;2;0;0;2;-1;0;0;0;0;57;0;2;16;6;1;0;1;1;1548;0;0;0;0
9451;2025;364;17;1;0;0;6;-2;0;0;0;0;46;0;1;0;0;2;0;0;0;898;184;116;0;0
9452;2025;379;17;1;1;0;2;0;0;0;0;0;61;0;3;1;1;0;1;0;1;1160;14;45;0;0
9453;2025;361;17;1;0;0;0;0;0;0;0;0;51;0;0;0;0;0;0;0;0;392;0;0;0;0
9454;2025;360;17;1;0;0;0;-1;0;0;0;0;49;0;1;0;0;0;0;0;0;1062;0;44;0;0
9457;2025;359;17;1;0;0;0;0;0;0;0;0;82;0;4;0;0;2;0;1;7;1395;134;55;0;0
9458;2025;354;17;2;1;0;0;0;0;0;0;0;63;0;5;1;0;2;1;1;1;1780;291;0;0;0
9459;2025;355;17;1;0;0;0;0;0;0;0;0;57;0;1;0;0;2;0;0;0;1056;13;353;0;0
9460;2025;383;17;1;0;0;2;2;0;0;0;0;63;0;0;0;0;1;0;0;3;1006;4;214;0;0
9461;2025;374;17;1;0;0;0;0;0;0;0;0;61;0;1;0;0;1;1;0;1;1246;0;54;0;0
9462;2025;364;17;1;0;0;0;0;0;0;0;0;73;0;2;0;0;2;0;0;1;1126;94;61;0;0
9463;2025;355;17;1;0;0;0;0;0;0;0;0;62;0;1;2;2;3;0;0;1;542;0;224;0;0
9464;2025;368;17;1;0;1;0;1;0;0;0;0;68;0;1;11;6;0;0;0;0;733;146;0;0;0
9465;2025;353;17;1;0;0;0;0;0;0;0;0;55;0;0;6;3;2;0;1;0;474;0;0;0;0
9466;2025;357;17;1;0;0;0;1;0;0;0;0;71;0;2;0;0;3;0;0;1;1053;16;137;0;0
9467;2025;356;17;1;0;0;0;1;0;0;0;0;57;0;2;0;0;0;0;0;1;945;0;155;0;0
9468;2025;370;17;1;0;0;0;-1;0;0;0;0;67;0;3;0;0;1;0;0;0;1104;498;205;0;0
9469;2025;370;17;1;1;0;0;1;0;0;0;0;64;0;4;10;5;2;0;1;0;569;221;0;0;0
9470;2025;367;17;2;2;1;0;2;0;1;0;0;85;1;6;29;21;2;0;0;1;1742;335;76;0;0
9473;2025;366;17;2;0;1;4;0;0;0;0;0;68;0;4;6;3;3;0;2;1;2113;387;11;0;0
9474;2025;369;17;2;0;0;0;0;0;0;0;0;72;0;6;38;18;2;0;2;4;1785;74;278;0;0
9475;2025;367;17;1;1;0;0;2;0;0;0;0;52;0;2;0;0;1;0;0;0;778;0;53;0;0
9476;2025;366;17;1;0;0;0;0;0;0;0;0;64;0;0;6;3;0;0;1;0;384;116;16;0;0
9477;2025;367;17;1;1;2;0;3;0;0;0;0;62;0;2;1;0;1;1;0;0;1002;74;218;0;0
9478;2025;368;17;2;0;0;0;0;0;0;0;0;73;0;5;0;0;1;0;3;3;2170;213;393;0;0
9479;2025;383;17;1;1;1;0;2;0;1;0;0;64;0;3;1;1;0;1;0;0;835;44;92;0;0
9480;2025;383;17;1;1;0;0;2;0;0;0;0;71;0;3;9;2;1;0;1;2;899;91;257;0;0
9481;2025;353;17;2;1;0;0;0;0;0;0;0;59;0;5;0;0;4;2;0;0;1958;0;37;0;0
9483;2025;358;17;1;0;0;2;0;0;0;0;0;63;0;0;3;2;0;0;1;0;929;322;36;0;0
9484;2025;355;17;2;0;1;0;-1;0;1;0;0;69;0;4;4;2;2;2;1;0;1600;636;234;0;0
9485;2025;381;17;1;1;0;0;0;1;0;0;0;79;0;5;0;0;0;0;2;1;838;232;53;0;0
9486;2025;364;17;1;0;0;0;0;0;0;0;0;57;0;4;2;1;1;1;0;2;990;86;0;0;0
9487;2025;359;17;1;0;0;0;0;0;0;0;0;65;0;3;0;0;2;0;1;0;909;0;0;0;0
9488;2025;358;17;1;0;0;2;0;0;0;0;0;50;0;2;8;3;1;2;0;1;824;409;0;0;0
9489;2025;357;17;1;0;0;4;1;0;0;0;0;56;0;0;0;0;0;0;0;3;1155;0;2;0;0
9490;2025;356;17;1;1;0;0;2;0;0;0;0;79;0;5;0;0;0;0;0;0;1008;151;0;0;0
9491;2025;356;17;1;0;0;0;3;0;0;0;0;60;0;1;0;0;0;0;1;1;1242;0;0;0;0
9492;2025;376;17;1;0;0;0;0;0;0;0;0;52;0;0;0;0;2;0;0;4;1045;0;95;0;0
9493;2025;356;17;1;0;0;2;-1;0;0;0;0;54;0;3;0;0;1;0;0;0;1035;0;0;0;0
9494;2025;366;17;2;0;0;0;-2;0;0;0;0;57;0;7;3;1;3;0;0;1;2156;86;81;0;0
9495;2025;366;17;1;0;0;2;0;0;0;0;0;69;0;4;21;6;1;0;3;1;1039;399;7;0;0
9497;2025;366;17;1;0;0;0;-1;0;0;0;0;58;0;1;0;0;1;0;0;0;1015;65;97;0;0
9498;2025;360;17;1;1;0;0;1;0;0;0;0;58;0;3;1;1;1;0;1;0;732;0;139;0;0
9501;2025;356;17;1;0;0;0;1;0;0;0;0;65;0;2;0;0;0;0;1;1;731;0;0;0;0
9504;2025;368;17;1;0;0;0;0;0;0;0;0;53;0;1;1;1;1;0;0;0;385;0;235;0;0
9505;2025;369;17;1;0;0;0;-1;0;0;0;0;68;0;0;0;0;0;0;0;5;1036;14;7;0;0
9506;2025;352;17;2;0;2;0;2;0;0;0;0;71;0;2;0;0;3;0;2;3;2286;144;248;0;0
9507;2025;356;17;1;1;2;0;2;0;0;0;0;44;0;5;4;1;1;1;0;0;1008;0;0;0;0
9508;2025;381;17;1;0;0;2;0;0;0;0;0;64;0;0;0;0;3;1;0;0;622;0;44;0;0
9509;2025;381;17;1;0;0;2;0;0;0;0;0;50;0;1;0;0;0;1;0;0;363;74;0;0;0
9510;2025;368;17;1;0;0;0;0;0;0;0;0;66;0;1;0;0;0;0;1;6;956;0;82;0;0
9512;2025;379;17;1;1;0;2;0;0;0;0;0;100;0;1;0;0;3;0;0;5;1427;14;124;0;0
9513;2025;352;17;1;0;0;0;-1;0;0;0;0;48;0;0;0;0;1;1;0;1;497;86;0;0;0
9514;2025;354;17;1;0;0;2;0;0;0;0;0;55;0;0;0;0;2;0;0;3;1024;78;100;0;0
9515;2025;365;17;1;0;0;0;-1;0;0;0;0;60;0;1;1;0;0;0;0;1;1223;176;48;0;0
9518;2025;382;17;1;1;0;0;2;0;0;0;0;58;1;3;0;0;0;0;0;0;775;243;0;0;0
9519;2025;354;17;1;0;0;0;0;0;0;0;0;66;0;3;8;5;1;2;0;3;848;78;268;0;0
9520;2025;365;17;1;2;0;0;3;0;0;0;0;85;1;6;0;0;2;0;1;2;1263;99;10;0;0
9523;2025;355;17;1;0;0;0;1;0;0;0;0;71;0;2;0;0;0;0;0;0;1177;84;126;0;0
9524;2025;375;17;1;0;0;0;-1;0;0;0;0;55;0;2;0;0;0;0;0;0;665;156;0;0;0
9525;2025;385;17;1;0;0;0;-2;0;0;0;0;50;0;0;0;0;1;0;0;0;1026;0;20;0;0
9526;2025;384;17;1;0;2;2;2;0;0;0;0;65;0;3;0;0;5;1;0;0;1043;115;52;0;0
9527;2025;362;17;1;0;0;0;0;0;0;0;0;49;0;0;4;1;0;0;0;0;478;110;0;0;0
9528;2025;385;17;1;0;0;0;0;0;0;0;0;57;0;2;3;2;0;1;0;0;748;153;20;0;0
9529;2025;380;17;1;0;0;0;0;0;0;0;0;52;0;0;1;1;1;0;0;0;473;0;0;0;0
9530;2025;386;17;1;0;0;0;0;0;0;0;0;53;0;0;0;0;0;0;0;0;343;0;0;0;0
9531;2025;360;17;1;0;0;0;-2;0;0;0;0;54;0;4;0;0;5;0;0;0;841;0;14;0;0
9532;2025;378;17;2;0;2;0;4;0;0;0;0;62;0;0;0;0;2;0;0;3;2072;13;1;0;0
9533;2025;381;17;1;0;0;0;0;0;0;0;0;55;0;0;10;5;1;1;0;1;884;0;81;0;0
9534;2025;360;17;1;0;0;0;0;0;0;0;0;59;0;2;12;8;2;0;0;2;1078;0;14;0;0
9536;2025;376;17;1;1;0;2;-2;0;0;0;0;55;0;2;3;2;1;1;1;1;970;0;40;0;0
9537;2025;362;17;1;0;0;0;0;0;0;0;0;61;0;1;0;0;0;0;0;0;1443;41;111;0;0
9538;2025;362;17;2;0;0;0;-1;0;0;0;0;64;0;2;38;24;4;0;0;1;2147;0;161;0;0
9539;2025;380;17;1;0;0;0;-1;0;0;0;0;52;0;0;0;0;0;1;0;4;1055;5;59;0;0
9540;2025;384;17;1;0;0;2;1;0;0;0;0;48;0;0;0;0;2;0;0;0;782;53;0;0;0
9541;2025;361;17;1;0;0;2;-1;0;0;0;0;58;0;1;3;1;0;0;0;0;854;87;0;0;0
9542;2025;359;17;2;2;1;0;2;0;0;0;0;61;1;12;8;6;3;0;1;1;2129;191;311;0;0
9543;2025;361;17;1;0;1;0;2;0;0;0;0;72;0;2;0;0;0;0;0;1;929;0;47;0;0
9544;2025;361;17;1;0;0;0;0;0;0;0;0;52;0;1;0;0;0;0;0;0;928;238;43;0;0
9545;2025;383;17;1;0;0;0;-1;0;0;0;0;66;0;1;0;0;1;0;1;2;990;4;138;0;0
9546;2025;375;17;1;0;0;0;0;0;0;0;0;58;0;1;0;0;0;1;0;0;1039;0;283;0;0
9547;2025;359;17;2;1;0;0;2;0;0;0;0;58;0;6;0;0;1;2;0;3;2144;191;113;0;0
9548;2025;364;17;1;0;0;0;-2;0;0;0;0;57;0;0;0;0;2;0;0;2;1060;83;100;0;0
9549;2025;361;17;1;0;0;0;-1;0;0;0;0;41;0;4;0;0;1;0;0;0;860;87;41;0;0
9550;2025;380;17;1;1;0;0;1;0;0;0;0;60;0;3;0;0;2;0;0;1;817;98;0;0;0
9551;2025;362;17;1;0;0;4;-3;0;0;0;0;30;0;3;0;0;1;0;0;0;1142;0;120;0;0
9552;2025;365;17;2;0;0;2;-1;0;0;0;0;61;0;3;0;0;1;0;0;1;1800;344;29;0;0
9554;2025;359;17;1;0;0;0;-1;0;0;0;0;51;0;2;0;0;3;1;0;0;862;0;0;0;0
9555;2025;364;17;1;0;0;0;0;0;0;0;0;43;0;2;0;0;1;0;0;1;1071;33;40;0;0
9556;2025;356;17;1;0;0;0;-1;0;0;0;0;61;0;2;2;2;1;0;0;0;968;0;88;0;0
9558;2025;364;17;1;0;0;0;-1;0;0;0;0;58;0;3;0;0;3;0;0;1;990;28;74;0;0
9559;2025;359;17;2;0;2;0;-1;0;0;0;0;58;0;5;0;0;3;0;0;3;1977;453;237;0;0
9560;2025;359;17;1;0;0;0;1;0;0;0;0;60;0;2;0;0;1;0;0;0;1230;137;55;0;0
9561;2025;378;17;1;0;0;0;-1;0;0;0;0;56;0;0;9;4;0;0;1;1;535;72;0;0;0
9562;2025;366;17;1;0;1;0;1;0;0;0;0;62;0;2;1;0;0;0;1;0;699;0;72;0;0
9564;2025;379;17;1;0;0;0;0;0;0;0;0;68;0;2;7;3;1;2;0;1;1238;14;169;0;0
9565;2025;385;17;1;0;1;0;-1;0;1;0;0;51;0;2;1;1;1;1;0;0;794;124;0;0;0
9566;2025;374;17;1;0;0;0;0;0;0;0;0;54;0;0;15;6;0;0;0;0;720;212;79;0;0
9567;2025;373;17;1;0;0;0;-2;0;0;0;0;54;0;2;0;0;5;1;0;0;1190;0;156;0;0
9568;2025;358;17;1;0;0;0;-1;0;0;0;0;69;0;3;19;10;1;1;0;2;893;322;9;0;0
9569;2025;355;17;1;0;0;0;-2;0;0;0;0;58;0;3;0;0;2;0;0;3;809;0;276;0;0
9570;2025;380;17;1;0;0;0;0;0;0;0;0;50;0;2;0;0;0;1;0;0;492;0;0;0;0
9571;2025;371;17;1;0;0;0;-1;0;0;0;0;54;0;0;0;0;1;0;0;2;678;0;0;0;0
9572;2025;358;17;1;0;1;0;1;0;0;0;0;69;0;2;0;0;0;0;0;1;771;432;107;0;0
9573;2025;373;17;1;0;1;0;1;0;0;0;0;59;0;1;0;0;0;0;0;1;806;0;0;0;0
9575;2025;373;17;1;0;0;0;-1;0;0;0;0;40;0;0;0;0;1;0;0;0;845;0;111;0;0
9576;2025;353;17;2;1;1;0;2;0;0;0;0;75;1;6;0;0;3;1;4;0;2478;476;0;0;0
9577;2025;382;17;1;0;0;5;0;0;0;0;0;61;0;0;1;1;0;0;0;2;704;0;107;0;0
9578;2025;371;17;1;0;1;0;1;0;0;0;0;74;0;5;0;0;4;0;1;1;1083;0;0;0;0
9579;2025;373;17;1;0;0;0;1;0;0;0;0;58;0;1;6;3;1;0;2;0;445;60;0;0;0
9580;2025;358;17;1;0;1;0;0;0;0;0;0;62;0;4;0;0;0;0;0;0;1136;51;105;0;0
9581;2025;373;17;2;0;0;0;0;0;0;0;0;64;0;8;0;0;2;2;0;2;2152;540;166;0;0
9582;2025;382;17;1;0;0;0;0;0;0;0;0;67;0;0;4;2;2;0;0;0;1026;40;166;0;0
9583;2025;357;17;1;0;0;0;0;0;0;0;0;72;0;2;0;0;0;0;0;1;1182;105;42;0;0
9584;2025;382;17;1;0;0;0;-1;0;0;0;0;51;0;1;1;0;0;1;0;0;930;67;48;0;0
9585;2025;353;17;1;0;0;0;1;0;0;0;0;59;0;1;0;0;0;0;0;1;1234;0;89;0;0
9586;2025;377;17;1;0;0;0;1;0;0;0;0;62;0;0;4;2;0;1;1;0;836;0;218;0;0
9587;2025;382;17;1;0;0;0;0;0;0;0;0;54;0;1;0;0;2;0;0;0;632;0;92;0;0
9588;2025;382;17;1;0;0;0;0;0;0;0;0;56;0;1;0;0;1;0;0;0;765;0;101;0;0
9589;2025;371;17;1;0;0;0;0;0;0;0;0;55;0;0;7;4;1;0;0;0;522;0;0;0;0
9590;2025;371;17;1;0;0;0;1;0;0;0;0;48;0;0;0;0;0;1;0;2;862;0;161;0;0
9593;2025;379;17;1;1;0;0;0;1;0;0;0;64;0;1;1;0;1;0;0;0;884;132;55;0;0
9594;2025;378;17;1;0;1;0;1;0;0;0;0;61;0;0;2;1;0;0;0;0;485;0;0;0;0
9595;2025;372;17;1;0;0;0;0;0;0;0;0;58;0;1;0;0;1;0;0;2;1087;0;0;0;0
9597;2025;384;17;1;0;2;0;2;0;0;0;0;59;0;2;0;0;2;0;0;0;781;0;70;0;0
9599;2025;356;17;1;0;1;0;1;0;0;0;0;71;0;0;12;7;1;0;0;0;731;160;0;0;0
9600;2025;374;17;1;0;0;0;0;0;0;0;0;70;0;1;7;0;1;1;0;3;716;105;423;0;0
9601;2025;353;17;2;1;0;0;1;0;0;0;0;68;0;4;1;1;3;3;0;2;2001;460;97;0;0
9602;2025;372;17;1;0;0;0;1;0;0;0;0;69;0;0;10;9;3;0;0;0;756;275;0;0;0
9603;2025;382;17;1;0;0;2;1;0;0;0;0;53;0;0;0;0;1;1;0;0;693;337;0;0;0
9604;2025;384;17;1;0;0;0;1;0;0;0;0;64;0;1;0;0;2;0;1;0;1272;14;68;0;0
9605;2025;363;17;1;1;0;2;1;0;0;0;0;72;1;4;0;0;2;0;0;0;1055;0;15;0;0
9606;2025;356;17;1;0;0;0;1;0;0;0;0;60;0;2;1;0;0;0;0;0;554;80;0;0;0
9607;2025;368;17;1;0;0;0;0;0;0;0;0;60;0;1;0;0;0;0;0;0;545;0;79;0;0
9608;2025;379;17;1;0;0;0;0;0;0;0;0;53;0;1;0;0;0;0;1;0;462;0;0;0;0
9609;2025;375;17;1;0;0;0;-1;0;0;0;0;58;0;0;0;0;2;0;0;0;510;0;0;0;0
9610;2025;356;17;1;0;0;0;-2;0;0;0;0;42;0;0;0;0;1;0;0;0;733;0;155;0;0
9612;2025;366;17;2;0;0;0;1;0;0;0;0;69;0;1;0;0;3;0;1;3;2184;0;167;0;0
9613;2025;366;17;2;0;0;0;2;0;0;0;0;64;0;3;0;0;2;1;3;4;1832;374;130;0;0
9614;2025;370;17;1;0;1;0;2;0;0;0;0;72;0;3;0;0;4;0;0;0;817;236;47;0;0
9615;2025;366;17;2;1;1;2;1;0;0;0;0;60;0;6;19;10;1;0;0;2;1557;86;0;0;0
9616;2025;382;17;1;0;0;0;0;0;0;0;0;58;0;3;0;0;0;0;0;0;534;78;0;0;0
9620;2025;370;17;1;0;1;0;0;0;0;0;0;66;0;3;4;3;1;1;1;1;857;513;0;0;0
9621;2025;354;17;1;0;0;2;0;0;0;0;0;49;0;0;1;1;0;0;0;0;344;0;41;0;0
9622;2025;357;17;1;0;0;0;0;0;0;0;0;55;0;1;7;2;0;1;0;1;859;64;56;0;0
9623;2025;357;17;1;0;0;0;0;0;0;0;0;51;0;0;1;1;0;1;0;0;497;0;77;0;0
9624;2025;368;17;1;0;1;0;1;0;0;0;0;64;0;4;7;3;0;0;0;2;767;0;235;0;0
9625;2025;379;17;1;0;0;0;1;0;0;0;0;65;0;2;0;0;4;0;1;0;1208;0;150;0;0
9626;2025;365;17;2;2;2;0;4;0;0;0;0;65;0;8;19;9;0;1;0;3;1827;159;96;0;0
9627;2025;365;17;2;0;3;0;3;0;0;0;0;72;0;3;1;0;1;1;1;1;2156;192;81;0;0
9629;2025;376;17;1;0;0;5;-2;0;0;0;0;52;0;0;0;0;2;0;0;1;1166;0;132;1;0
9630;2025;354;17;1;0;0;0;0;0;0;0;0;62;0;0;5;2;0;0;1;2;685;17;0;0;0
9631;2025;356;17;1;0;2;0;-2;0;2;0;0;71;0;2;15;8;0;0;0;0;687;104;0;0;0
9632;2025;358;17;1;0;0;14;-2;0;0;0;0;54;0;0;1;0;3;0;0;0;543;74;0;0;0
9633;2025;367;17;1;0;0;0;-1;0;0;0;0;53;0;2;1;0;3;0;0;2;770;0;148;0;0
9634;2025;377;17;1;0;1;0;1;0;0;0;0;71;0;0;0;0;1;0;0;0;1023;0;75;0;0
9635;2025;386;17;1;0;0;0;0;0;0;0;0;47;0;0;0;0;0;1;0;0;297;0;0;0;0
9637;2025;373;17;1;0;0;2;-1;0;0;0;0;51;0;0;1;1;0;0;1;0;312;0;18;0;0
9638;2025;371;17;1;1;0;0;1;0;0;0;0;70;1;1;1;1;1;0;1;0;768;0;50;0;0
9639;2025;371;17;1;0;0;0;0;0;0;0;0;53;0;0;0;0;0;0;0;0;451;0;0;0;0
9640;2025;370;17;1;0;0;0;-1;0;0;0;0;49;0;0;4;1;1;0;0;2;434;29;0;0;0
9641;2025;359;17;1;0;0;2;-1;0;0;0;0;45;0;0;3;3;1;0;0;0;565;0;135;0;0
9642;2025;364;17;1;0;0;0;0;0;0;0;0;87;0;4;10;6;1;2;1;0;1044;28;104;0;0
9643;2025;359;17;1;0;0;0;-1;0;0;0;0;52;0;1;6;4;0;0;0;0;504;63;0;0;0
9644;2025;363;17;1;0;0;0;0;0;0;0;0;69;0;2;0;0;0;0;1;0;947;0;0;0;0
9645;2025;386;17;2;0;0;0;1;0;0;0;0;65;0;3;0;0;2;2;1;0;1864;237;283;0;0
9646;2025;385;17;1;0;0;0;0;0;0;0;0;49;0;0;0;0;0;0;0;0;409;0;0;0;0
9647;2025;374;17;1;0;0;2;-1;0;0;0;0;76;0;0;0;0;0;0;1;2;1056;0;152;0;0
9648;2025;360;17;2;0;0;0;-2;0;0;0;0;75;0;3;0;0;0;0;3;6;2511;171;153;0;0
9649;2025;385;17;1;0;0;0;-1;0;0;0;0;66;0;3;0;0;2;2;0;2;1139;266;274;0;0
9650;2025;369;17;1;0;0;0;0;0;0;0;0;56;0;1;0;0;3;0;0;1;984;29;181;0;0
9651;2025;359;17;1;0;0;2;1;0;0;0;0;61;0;1;0;0;4;0;0;2;1123;3;186;0;0
9652;2025;377;17;1;0;0;2;1;0;0;0;0;97;0;0;0;0;2;0;0;1;1119;19;195;0;0
9653;2025;386;17;1;0;0;0;-2;0;0;0;0;62;0;4;3;1;0;1;1;1;877;125;95;0;0
9654;2025;369;17;1;0;0;0;-1;0;0;0;0;66;0;2;0;0;1;0;1;0;1035;249;0;0;0
9655;2025;377;17;1;0;0;4;1;0;0;0;0;69;0;1;3;2;0;0;0;0;914;279;66;0;0
9657;2025;384;17;1;1;0;0;0;1;0;0;0;57;0;1;0;0;2;0;0;0;1024;63;0;0;0
9660;2025;361;17;1;0;0;0;-1;0;0;0;0;49;0;0;0;0;1;0;0;0;904;129;0;0;0
9661;2025;361;17;1;0;0;0;-1;0;0;0;0;51;0;1;0;0;0;0;2;0;715;0;0;0;0
9662;2025;361;17;1;0;0;0;-2;0;0;0;0;70;0;3;0;0;2;0;0;2;925;78;262;0;0
9663;2025;386;17;1;0;0;0;0;0;0;0;0;59;0;0;0;0;2;0;0;1;800;10;0;0;0
9666;2025;378;17;1;0;1;0;1;0;0;0;0;80;0;2;12;6;1;1;2;1;839;0;106;0;0
9668;2025;381;17;1;0;1;0;-3;0;1;0;0;59;0;0;9;3;0;0;0;0;579;232;0;0;0
9670;2025;368;17;1;0;1;0;-1;0;1;0;0;61;0;0;0;0;2;0;0;1;1164;64;53;0;0
9671;2025;374;17;1;0;0;0;0;0;0;0;0;56;0;0;0;0;0;0;0;1;1114;0;44;0;0
9672;2025;371;17;1;0;0;0;-1;0;0;0;0;52;0;0;2;1;0;0;0;1;457;0;116;0;0
9674;2025;381;17;1;1;1;0;1;0;0;0;0;68;0;4;8;3;1;1;0;2;956;0;260;0;0
9675;2025;377;17;1;0;0;0;1;0;0;0;0;51;0;0;0;0;0;0;0;0;914;113;0;0;0
9676;2025;371;17;1;0;0;0;-1;0;0;0;0;56;0;0;0;0;0;0;1;0;560;105;0;0;0
9679;2025;381;17;1;0;0;0;0;0;0;0;0;71;0;1;3;2;2;1;1;4;824;292;101;0;0
9680;2025;372;17;1;0;0;0;0;0;0;0;0;79;0;0;0;0;2;0;1;1;1114;0;78;0;0
9681;2025;374;17;1;0;0;0;0;0;0;0;0;67;0;2;0;0;2;0;2;2;1246;0;54;0;0
9682;2025;376;17;1;0;0;0;-6;0;0;0;0;30;0;1;0;0;0;1;0;1;1211;0;1;0;0
9683;2025;373;17;1;0;0;0;-2;0;0;0;0;53;0;1;1;1;1;0;0;0;968;324;90;0;0
9684;2025;372;17;1;0;0;0;0;0;0;0;0;57;0;3;25;14;2;4;4;0;1062;310;0;0;0
9685;2025;366;17;1;0;0;0;1;0;0;0;0;68;0;4;3;2;2;0;0;0;818;40;196;0;0
9686;2025;354;17;1;1;0;0;0;0;0;0;0;69;1;1;2;1;1;0;1;1;971;184;0;0;0
9687;2025;374;17;1;0;0;2;0;0;0;0;0;57;0;1;0;0;0;0;0;1;714;252;35;0;0
9690;2025;376;17;1;1;0;0;1;0;0;0;0;57;0;2;0;0;0;0;0;0;517;43;0;0;0
9691;2025;356;17;1;1;2;0;3;0;0;0;0;74;1;2;0;0;0;0;1;0;1143;0;0;0;0
9692;2025;354;17;1;0;0;2;-1;0;0;0;0;51;0;1;0;0;0;0;0;1;416;0;43;0;0
9695;2025;365;17;1;0;0;0;-1;0;0;0;0;53;0;1;0;0;0;0;0;0;438;0;126;0;0
9696;2025;355;17;1;0;0;2;0;0;0;0;0;54;0;1;1;0;1;0;0;0;448;0;156;0;0
9697;2025;374;17;1;1;0;2;0;0;0;0;0;66;0;3;0;0;1;0;1;1;1351;160;0;0;0
9698;2025;369;17;1;0;0;0;-1;0;0;0;0;51;0;0;4;2;0;0;0;0;179;0;0;0;0
9699;2025;370;17;1;0;0;0;-1;0;0;0;0;47;0;0;0;0;0;0;0;0;398;0;0;0;0
9700;2025;367;17;1;0;1;0;1;0;0;0;0;66;0;2;20;9;2;0;0;1;490;74;271;0;0
9701;2025;374;17;1;0;0;0;0;0;0;0;0;52;0;0;4;1;1;0;0;1;662;0;83;0;0
9702;2025;376;17;1;0;0;0;1;0;0;0;0;47;0;0;1;1;0;1;0;0;502;0;0;0;0
9703;2025;380;17;1;0;0;0;-2;0;0;0;0;58;0;2;0;0;1;0;2;2;1102;0;70;0;0
9705;2025;363;17;1;0;0;0;0;0;0;0;0;57;0;0;0;0;0;0;0;1;390;0;0;0;0
9706;2025;353;17;2;0;0;2;0;0;0;0;0;57;0;1;6;2;1;0;0;1;1629;285;0;0;0
9707;2025;353;17;2;1;0;0;1;0;0;0;0;71;0;5;0;0;1;0;0;0;2069;0;89;0;0
9708;2025;352;17;2;1;3;0;3;0;0;0;0;67;0;7;2;1;1;0;1;0;1828;54;220;0;0
9709;2025;373;17;1;1;0;0;-2;0;0;0;0;60;0;1;13;8;2;0;1;4;1016;109;90;0;0
9710;2025;358;17;1;0;0;0;1;0;0;0;0;52;0;0;0;0;0;0;0;1;429;63;0;0;0
9711;2025;373;17;1;0;0;0;0;0;0;0;0;59;0;0;2;1;2;0;0;1;821;0;107;0;0
9712;2025;382;17;1;0;0;0;0;0;0;0;0;76;0;2;16;4;2;0;1;3;903;11;150;0;0
9713;2025;380;17;1;0;0;0;0;0;0;0;0;63;0;0;10;4;1;0;0;1;837;35;0;0;0
9714;2025;375;17;1;0;0;0;0;0;0;0;0;85;0;4;21;11;5;0;0;1;916;156;172;0;0
9715;2025;353;17;1;0;0;0;0;0;0;0;0;53;0;2;0;0;1;0;0;0;889;0;45;0;0
9716;2025;378;17;1;0;1;0;1;0;0;0;0;89;0;3;2;2;3;0;2;0;1261;240;40;0;0
9717;2025;355;17;1;0;0;2;0;0;0;0;0;53;0;1;0;0;2;0;0;0;564;0;114;0;0
9718;2025;356;17;2;0;1;2;1;0;0;0;1;62;0;1;22;12;1;0;0;1;1438;0;111;0;0
9719;2025;372;17;1;0;1;0;0;0;0;0;0;51;0;3;0;0;1;1;0;1;1226;0;100;0;0
9720;2025;371;17;1;1;0;0;0;1;0;0;0;74;0;3;15;8;3;0;1;0;1071;113;50;0;0
9721;2025;377;17;2;1;2;0;1;0;2;0;0;77;0;6;35;16;2;0;0;1;1873;701;95;0;0
9722;2025;367;17;1;0;0;0;0;0;0;0;0;49;0;1;1;0;0;0;0;0;653;0;0;0;0
9723;2025;371;17;1;0;0;0;0;0;0;0;0;64;0;0;0;0;2;0;0;3;1217;0;69;0;0
9724;2025;352;17;2;0;0;0;0;0;0;0;0;67;0;1;0;0;1;1;1;2;1893;0;150;0;0
9725;2025;382;17;1;0;0;0;-1;0;0;0;0;75;0;5;0;0;4;0;0;3;1044;404;137;0;0
9726;2025;377;17;1;1;0;2;1;0;0;0;0;69;0;2;0;0;2;0;0;0;972;0;257;0;0
9731;2025;372;17;1;0;0;0;0;0;0;0;0;82;0;0;0;0;0;2;1;1;1084;0;78;0;0
9732;2025;371;17;1;0;1;0;-1;0;0;0;0;65;0;0;19;8;0;0;0;1;758;393;116;0;0
9733;2025;381;17;1;0;0;0;-3;0;0;0;0;53;0;0;4;2;0;0;0;0;571;0;212;0;0
9735;2025;379;17;1;0;1;2;-1;0;1;0;0;68;0;0;24;11;2;0;0;1;1147;132;105;0;0
9737;2025;367;17;1;0;0;0;1;0;0;0;0;67;0;1;0;0;0;0;0;2;851;0;180;0;0
9738;2025;382;17;1;0;0;0;-1;0;0;0;0;46;0;0;2;0;4;2;0;0;625;0;143;0;0
9741;2025;382;17;1;0;0;2;0;0;0;0;0;66;0;2;15;5;6;0;0;0;1019;0;0;0;0
9742;2025;372;17;1;0;0;2;-2;0;0;0;0;58;0;3;1;0;0;1;0;0;1083;137;36;0;0
9743;2025;382;17;1;0;1;0;2;0;0;0;0;77;0;1;0;0;1;0;1;2;871;404;108;0;0
9744;2025;357;17;1;0;0;0;-1;0;0;0;0;51;0;0;0;0;0;0;0;1;480;0;0;0;0
9745;2025;371;17;1;0;1;2;0;0;0;0;0;50;0;2;0;0;2;2;0;2;673;98;9;0;0
9746;2025;371;17;1;0;0;2;-1;0;0;0;0;52;0;2;11;5;1;1;1;2;771;0;0;0;0
9747;2025;352;17;1;0;1;0;1;0;1;0;0;60;0;3;14;8;1;1;0;0;583;278;0;0;0
9748;2025;375;17;1;0;0;0;0;0;0;0;0;65;0;0;11;6;0;0;0;0;944;0;181;0;0
9749;2025;381;17;1;1;0;0;1;0;0;0;0;59;0;3;0;0;0;0;0;0;831;0;0;0;0
9750;2025;374;17;1;0;0;0;-1;0;0;0;0;84;0;0;0;0;0;0;2;4;861;97;315;0;0
9752;2025;353;17;2;0;0;0;0;0;0;0;0;68;0;4;0;0;2;1;1;1;1902;0;45;0;0
9755;2025;380;17;1;0;0;0;-2;0;0;0;0;57;0;1;0;0;0;0;2;1;1278;40;59;0;0
9756;2025;376;17;1;0;0;0;-1;0;0;0;0;56;0;1;12;6;2;0;0;2;941;0;166;0;0
9757;2025;377;17;1;1;0;0;0;0;0;0;0;54;0;3;0;0;1;1;0;2;923;35;163;0;0
9760;2025;373;17;1;0;0;0;0;0;0;0;0;54;0;0;4;3;1;1;0;0;1119;60;100;0;0
9762;2025;377;17;1;0;0;0;0;0;0;0;0;50;0;0;0;0;0;0;0;0;613;0;69;0;0
9763;2025;382;17;1;0;0;2;0;0;0;0;0;64;0;0;0;0;0;0;0;1;784;243;0;0;0
9764;2025;383;17;1;0;1;0;2;0;0;0;0;70;0;1;10;5;2;0;2;0;771;0;199;0;0
9765;2025;366;17;2;0;0;0;0;0;0;0;0;70;0;7;0;0;0;2;3;1;2227;393;49;0;0
9766;2025;352;17;1;0;0;0;1;0;0;0;0;65;0;1;13;11;6;0;0;0;992;0;0;0;0
9767;2025;366;17;1;0;0;0;1;0;0;0;0;57;0;5;1;1;2;0;0;1;732;0;7;0;0
9768;2025;354;17;1;1;0;0;0;1;0;0;0;59;0;1;4;2;0;0;1;0;350;78;0;0;0
9769;2025;356;17;2;0;4;0;2;0;1;0;0;74;0;6;0;0;4;0;1;0;2387;264;50;0;0
9770;2025;358;17;1;0;0;0;0;0;0;0;0;79;0;0;0;0;0;0;0;2;958;0;0;0;0
9771;2025;365;17;1;0;0;0;-1;0;0;0;0;64;0;1;10;6;2;0;0;3;878;176;0;0;0
9772;2025;353;17;1;0;1;0;1;0;0;0;0;67;0;1;1;0;1;0;0;0;506;70;0;0;0
9773;2025;353;17;2;0;0;0;1;0;0;0;0;60;0;1;15;8;1;0;0;0;1845;191;0;0;0
9774;2025;353;17;1;0;1;0;0;0;0;0;0;53;0;4;0;0;2;0;0;0;1108;0;0;0;0
9775;2025;370;17;1;0;0;0;0;0;0;0;0;65;0;6;26;12;1;0;0;0;682;513;0;0;0
9776;2025;377;17;1;0;0;2;1;0;0;0;0;64;0;2;0;0;3;0;0;2;938;50;117;0;0
9777;2025;366;17;1;0;0;0;-1;0;0;0;0;52;0;1;5;2;0;0;1;2;692;0;39;0;0
9778;2025;366;17;1;0;1;0;1;0;0;0;0;54;0;0;0;0;0;0;0;0;257;0;72;0;0
9779;2025;365;17;1;0;0;0;-2;0;0;0;0;71;0;3;0;0;4;0;1;2;829;0;197;0;0
9780;2025;367;17;2;1;3;0;5;1;1;0;0;71;0;4;2;1;3;1;0;0;1803;422;0;0;0
9782;2025;374;17;1;0;0;0;0;0;0;0;0;60;0;1;20;13;3;0;0;1;1129;160;0;0;0
9783;2025;356;17;2;1;4;0;4;1;2;0;0;81;0;10;10;8;2;1;2;1;2214;255;155;0;0
9784;2025;353;17;2;0;1;0;0;0;0;0;0;55;0;4;8;4;7;0;0;1;1902;189;97;0;0
9785;2025;355;17;1;0;0;2;0;0;0;0;0;63;0;3;0;0;1;0;0;3;888;84;105;0;0
9786;2025;370;17;1;0;1;0;0;0;0;0;0;60;0;3;1;0;0;0;0;1;657;0;0;0;0
9787;2025;365;17;1;1;0;0;1;0;0;0;0;57;0;1;0;0;0;0;0;0;907;69;10;0;0
9788;2025;367;17;1;0;0;2;1;0;0;0;0;64;0;3;4;2;1;0;1;1;490;0;104;0;0
9791;2025;380;17;1;0;0;0;-3;0;0;0;0;36;0;0;0;0;0;0;0;2;963;40;129;0;0
9793;2025;365;17;1;0;0;0;-1;0;0;0;0;55;0;1;0;0;0;0;0;0;955;69;44;0;0
9794;2025;370;17;1;0;0;0;-2;0;0;0;0;40;0;1;0;0;2;0;0;2;931;0;73;0;0
9795;2025;366;17;1;0;1;0;0;0;0;0;0;59;0;2;0;0;2;1;0;2;927;86;63;0;0
9796;2025;366;17;1;0;0;0;0;0;0;0;0;55;0;1;0;0;0;0;1;0;306;0;0;0;0
9797;2025;368;17;1;0;1;0;1;0;0;0;0;70;0;4;0;0;1;0;0;0;734;273;0;0;0
9798;2025;382;17;1;1;0;2;0;0;0;0;0;71;0;2;0;0;1;0;1;1;908;40;163;0;0
9799;2025;370;17;1;0;1;0;1;0;0;0;0;62;0;0;21;12;2;0;0;0;1208;29;169;0;0
9801;2025;354;17;1;0;1;0;0;0;0;0;0;64;0;0;0;0;2;0;1;4;900;0;60;0;0
9802;2025;370;17;1;1;0;2;0;0;0;0;0;57;0;1;7;5;0;0;0;1;767;0;0;0;0
9803;2025;354;17;1;0;0;0;0;0;0;0;0;64;0;1;8;5;1;0;0;0;868;184;0;0;0
9804;2025;367;17;1;0;1;0;2;0;0;0;0;60;0;0;0;0;0;1;0;1;827;0;96;0;0
9805;2025;369;17;1;0;0;0;-1;0;0;0;0;50;0;0;0;0;0;0;0;0;156;0;0;0;0
9806;2025;375;17;1;0;0;0;-1;0;0;0;0;71;0;1;10;8;1;0;1;0;799;0;159;0;0
9807;2025;368;17;1;0;1;2;2;0;0;0;0;57;0;1;6;4;0;0;0;1;537;0;0;0;0
9808;2025;366;17;1;0;1;0;1;0;0;0;0;58;0;1;2;1;0;0;0;0;290;0;7;0;0
9810;2025;352;17;2;0;1;0;3;0;0;0;0;61;0;4;0;0;2;1;3;0;1811;0;248;0;0
9811;2025;352;17;1;0;1;0;0;0;0;0;0;62;0;2;4;2;5;1;0;0;753;0;191;0;0
9812;2025;365;17;1;0;0;0;0;0;0;0;0;51;0;0;0;0;0;0;0;0;361;0;0;0;0
9813;2025;355;17;1;0;0;0;1;0;0;0;0;73;0;2;15;12;1;0;0;0;625;91;39;0;0
9814;2025;357;17;1;0;0;0;0;0;0;0;0;55;0;0;4;3;0;0;0;1;527;179;0;0;0
9816;2025;356;17;1;0;0;0;0;0;0;0;0;50;0;0;1;0;0;0;0;0;318;0;88;0;0
9818;2025;354;17;2;0;0;0;-1;0;0;0;0;61;0;2;0;0;2;1;0;4;1847;0;484;0;0
9819;2025;358;17;1;1;0;0;1;0;0;1;0;60;0;2;0;0;4;0;0;2;863;0;259;0;0
9820;2025;385;17;1;1;0;0;1;0;0;0;0;77;0;2;0;0;2;0;0;0;932;0;274;0;0
9821;2025;384;17;1;0;1;0;2;0;0;0;0;66;0;0;0;0;1;0;0;2;1080;14;0;0;0
9823;2025;361;17;1;0;0;0;0;0;0;0;0;82;0;4;0;0;1;0;0;2;923;110;29;0;0
9824;2025;360;17;1;0;0;0;-2;0;0;0;0;63;0;1;11;6;3;0;0;0;840;0;0;0;0
9825;2025;364;17;1;0;1;0;0;0;0;0;0;75;0;0;0;0;1;0;0;1;1007;0;154;0;0
9826;2025;363;17;2;0;1;0;1;0;0;0;0;63;0;4;0;0;1;0;0;7;2037;222;355;0;0
9827;2025;384;17;1;2;0;0;2;0;0;0;0;75;0;4;11;10;1;0;1;0;781;0;70;0;0
9830;2025;357;17;1;0;0;2;-1;0;0;0;0;62;0;2;0;0;2;0;0;2;927;0;66;0;0
9833;2025;372;17;1;0;0;0;0;0;0;0;0;57;0;0;0;0;3;0;0;0;483;0;0;0;0
9834;2025;360;17;1;0;0;12;-1;0;0;0;0;48;0;0;1;0;1;0;0;0;364;0;35;0;0
9835;2025;362;17;1;0;0;0;0;0;0;0;0;56;0;1;0;0;0;0;0;0;743;0;91;0;0
9837;2025;372;17;1;1;0;0;1;0;0;0;0;51;0;2;0;0;0;2;1;0;886;0;0;0;0
9838;2025;359;17;1;0;2;0;0;0;0;0;0;62;0;1;0;0;0;0;0;2;997;3;126;0;0
9841;2025;384;17;1;0;0;0;-3;0;0;0;0;51;0;0;0;0;1;0;1;0;952;0;0;0;0
9842;2025;373;17;1;0;0;0;-1;0;0;0;0;54;0;1;0;0;3;0;0;0;879;95;0;0;0
9843;2025;359;17;1;0;0;0;0;0;0;0;0;61;0;4;0;0;0;0;1;0;901;0;0;0;0
9845;2025;362;17;1;0;0;0;0;0;0;0;0;61;0;3;0;0;0;0;0;0;553;0;0;0;0
9846;2025;362;17;1;0;0;2;-1;0;0;0;0;55;0;1;6;3;1;0;0;0;351;100;105;0;0
9847;2025;361;17;1;0;0;0;0;0;0;0;0;53;0;2;0;0;3;0;0;0;850;0;16;0;0
9848;2025;362;17;2;0;0;2;-3;0;0;0;0;71;0;8;0;0;3;0;0;1;2415;344;213;0;0
9849;2025;364;17;1;1;0;0;1;0;0;0;0;66;0;1;0;0;0;0;0;1;540;0;48;0;0
9850;2025;360;17;1;0;0;0;0;0;0;0;0;62;0;0;0;0;1;0;0;3;1060;0;156;0;0
9851;2025;362;17;1;0;0;0;0;0;0;0;0;52;0;0;1;0;2;0;1;0;553;0;0;0;0
9852;2025;358;17;1;0;1;0;1;0;0;0;0;63;0;0;0;0;2;0;0;1;1089;0;104;0;0
9853;2025;378;17;1;0;0;0;0;0;0;0;0;51;0;0;0;0;0;1;0;0;829;191;0;0;0
9855;2025;355;17;1;0;0;4;0;0;0;0;0;58;0;0;0;0;0;1;1;0;857;0;28;0;0
9856;2025;367;17;1;0;0;0;0;0;0;0;0;56;0;1;0;0;2;0;0;2;916;4;293;0;0
9857;2025;378;17;1;0;1;0;-1;0;1;0;0;76;0;0;7;4;2;0;1;0;1087;254;40;0;0
9858;2025;375;17;1;0;1;0;1;0;0;0;0;65;0;4;1;1;1;1;1;1;445;0;333;0;0
9859;2025;367;17;1;0;0;0;0;0;0;0;0;52;0;1;1;1;0;0;0;0;400;83;0;0;0
9860;2025;364;17;1;0;0;2;-1;0;0;0;0;56;0;0;4;4;1;0;0;0;599;113;0;0;0
9861;2025;357;17;1;0;0;2;0;0;0;0;0;60;0;1;0;0;3;0;0;3;1018;0;160;0;0
9862;2025;384;17;1;0;1;0;1;0;0;0;0;77;0;1;12;9;1;0;0;2;838;0;196;0;0
9863;2025;385;17;1;0;0;0;1;0;0;0;0;67;0;0;0;0;2;1;1;3;894;0;41;0;0
9864;2025;371;17;1;0;1;0;1;0;0;0;0;58;0;0;0;0;2;0;0;0;773;22;0;0;0
9865;2025;369;17;2;1;0;0;0;0;0;0;0;55;0;5;0;0;0;0;0;0;1989;74;32;0;0
9866;2025;382;17;1;1;0;0;0;0;0;0;0;56;0;4;0;0;2;1;1;3;1041;0;33;0;0
9867;2025;382;17;1;0;0;2;-1;0;0;0;0;68;0;2;0;0;2;0;0;2;909;0;114;0;0
9869;2025;385;17;1;0;0;0;0;0;0;0;0;51;0;1;0;0;0;1;0;1;928;0;100;0;0
9870;2025;380;17;1;0;0;0;1;0;0;0;0;66;0;2;12;6;4;0;0;0;849;237;0;0;0
9873;2025;370;17;1;0;1;2;1;0;0;0;0;64;0;1;0;0;0;1;1;0;772;498;0;0;0
9874;2025;384;17;1;0;0;0;0;0;0;0;0;63;0;1;0;0;1;0;0;4;1007;53;181;0;0
9875;2025;362;17;2;0;2;0;-2;0;0;0;0;64;0;3;10;6;3;1;1;1;1413;261;41;0;0
9877;2025;371;17;1;0;1;2;-1;0;0;0;0;72;0;4;7;1;1;0;0;3;750;393;169;0;0
9878;2025;386;17;1;0;0;0;-1;0;0;0;0;70;0;2;13;8;0;0;0;3;831;293;139;0;0
9879;2025;386;17;2;0;0;4;-2;0;0;0;0;80;0;0;0;0;7;0;1;5;2077;181;249;0;0
9880;2025;386;17;2;0;0;0;0;0;0;0;0;61;0;5;11;4;3;0;0;0;1654;381;260;0;0
9881;2025;372;17;1;0;0;0;0;0;0;0;0;55;0;2;3;3;0;0;0;0;477;0;46;0;0
9883;2025;374;17;1;0;0;0;0;0;0;0;0;56;0;1;15;3;0;0;0;1;768;252;0;0;0
9884;2025;378;17;1;0;1;0;2;0;0;0;0;73;0;4;0;0;1;0;0;0;913;334;0;0;0
9885;2025;361;17;1;0;0;0;0;0;0;0;0;55;0;0;1;0;3;0;0;0;471;0;0;0;0
9886;2025;363;17;1;0;0;0;0;0;0;0;0;66;0;2;0;0;2;1;1;1;947;0;0;0;0
9887;2025;376;17;1;0;0;0;-1;0;0;0;0;48;0;1;2;1;0;0;0;0;724;43;0;0;0
9889;2025;371;17;1;0;0;0;-1;0;0;0;0;51;0;0;3;3;2;0;0;0;735;0;0;0;0
9891;2025;378;17;1;0;1;0;1;0;1;0;0;66;0;1;3;2;3;0;0;1;907;111;0;0;0
9892;2025;361;17;1;0;0;0;-1;0;0;0;0;55;0;4;0;0;0;0;0;1;1138;110;75;0;0
9893;2025;382;17;1;0;0;0;0;0;0;0;0;50;0;0;0;0;0;0;0;0;280;40;0;0;0
9894;2025;374;17;1;0;0;0;0;0;0;0;0;68;0;0;0;0;0;0;0;3;945;40;112;0;0
9896;2025;384;17;1;0;0;2;-1;0;0;0;0;64;0;0;0;0;1;0;0;2;1080;53;122;0;0
9897;2025;368;17;1;0;0;0;1;0;0;0;0;56;0;2;10;5;0;1;0;0;652;146;32;0;0
9898;2025;380;17;2;0;1;2;1;0;0;0;0;64;0;7;4;0;6;0;1;0;1636;206;115;0;0
9899;2025;377;17;1;0;1;0;1;0;0;0;0;53;0;0;0;0;0;0;0;0;188;0;0;0;0
9900;2025;358;17;1;0;0;0;0;0;0;0;0;78;0;1;0;0;0;0;0;2;893;0;104;0;0
9902;2025;365;17;1;0;0;0;-1;0;0;0;0;54;0;1;7;4;1;0;0;1;627;99;211;0;0
9903;2025;386;17;1;0;0;0;0;0;0;0;0;65;0;0;0;0;2;0;0;0;968;0;146;0;0
9904;2025;371;17;1;0;0;0;0;0;0;0;0;56;0;2;11;6;0;0;0;0;703;98;132;0;0
9905;2025;376;17;1;0;0;0;-3;0;0;0;0;53;0;3;2;0;1;0;0;0;808;0;34;0;0
9906;2025;376;17;1;0;0;0;-3;0;0;0;0;37;0;0;0;0;2;0;0;0;762;0;0;0;0
9907;2025;358;17;1;1;0;2;1;0;0;0;0;67;0;3;13;4;1;0;0;1;905;0;0;0;0
9909;2025;385;17;1;0;0;0;0;0;0;0;0;63;0;1;9;5;2;0;0;0;720;153;26;0;0
9911;2025;359;17;1;0;0;0;-1;0;0;0;0;40;0;2;4;0;2;0;0;0;903;0;109;0;0
9912;2025;374;17;1;0;0;0;0;0;0;0;0;54;0;1;1;0;1;0;0;0;860;0;78;0;0
9913;2025;367;17;1;3;1;2;3;1;0;0;0;73;1;7;22;13;2;2;0;0;937;339;0;0;0
9914;2025;380;17;1;0;0;0;0;0;0;0;0;54;0;0;0;0;2;0;0;0;473;0;0;0;0
9915;2025;370;17;1;0;1;0;1;0;1;0;0;65;0;1;2;2;0;0;0;0;575;236;0;0;0
9916;2025;380;17;1;0;0;2;-2;0;0;0;0;54;0;1;7;4;2;0;0;1;897;98;0;0;0
9917;2025;361;17;1;0;0;0;0;0;0;0;0;50;0;1;0;0;1;0;0;0;768;0;41;0;0
9918;2025;368;17;1;0;0;0;2;0;0;0;0;48;0;1;0;0;0;1;0;2;568;0;169;0;0
9919;2025;375;17;1;0;0;0;-2;0;0;0;0;63;0;4;0;0;1;1;0;4;1258;33;191;0;0
9920;2025;365;17;1;0;0;0;-1;0;0;0;0;50;0;0;0;0;1;0;0;0;454;0;0;0;0
9921;2025;384;17;1;0;1;0;1;0;0;0;0;63;0;8;0;0;1;0;0;0;958;14;0;0;0
9922;2025;375;17;1;0;0;0;0;0;0;0;0;77;0;0;0;0;1;1;0;5;1030;0;153;0;0
9923;2025;366;17;2;0;0;0;0;0;0;0;0;62;0;4;1;0;3;0;0;0;1760;555;0;0;0
9924;2025;376;17;1;0;0;0;-4;0;0;0;0;42;0;0;24;9;2;2;0;0;1142;0;0;0;0
9925;2025;369;17;1;0;0;0;0;0;0;0;0;69;0;3;0;0;1;0;0;2;1056;120;139;0;0
9926;2025;374;17;1;0;0;0;0;0;0;0;0;52;0;0;0;0;1;0;0;1;681;180;110;0;0
9927;2025;378;17;2;0;1;2;1;0;0;0;0;54;0;3;0;0;4;0;0;1;2406;174;198;0;0
9928;2025;386;17;2;1;0;0;-1;0;0;0;0;57;1;1;0;0;3;1;0;2;1877;10;269;0;0
9929;2025;357;17;1;1;0;0;1;0;0;0;0;66;1;2;5;4;2;0;1;0;755;0;0;0;0
9930;2025;379;17;1;0;0;0;0;0;0;0;0;51;0;1;0;0;1;0;0;0;1110;14;0;0;0
9931;2025;385;17;1;0;0;0;0;0;0;0;0;50;0;3;6;4;0;1;0;0;459;142;0;0;0
9932;2025;358;17;1;1;1;0;1;0;0;0;0;69;0;3;4;2;0;0;2;0;790;74;43;0;0
9933;2025;360;17;1;0;1;0;-1;0;0;0;0;44;0;0;2;1;1;1;0;0;791;0;0;0;0
9934;2025;360;17;1;0;1;0;1;0;0;0;0;54;0;2;11;7;1;0;0;0;699;0;104;0;0
9935;2025;378;17;1;0;0;2;1;0;0;0;0;58;0;1;0;0;4;0;0;1;839;0;101;0;0
9936;2025;374;17;1;0;0;0;0;0;0;0;0;52;0;0;4;2;1;0;1;0;479;157;0;0;0
9937;2025;353;17;1;0;0;0;1;0;0;0;0;58;0;2;8;4;1;0;0;0;515;0;0;0;0
9938;2025;360;17;1;0;0;0;-1;0;0;0;0;52;0;0;8;0;0;1;0;1;483;0;0;0;0
9940;2025;365;17;1;0;0;2;0;0;0;0;0;56;0;1;3;2;1;0;0;0;746;69;0;0;0
9942;2025;361;17;1;0;0;0;-2;0;0;0;0;73;0;1;0;0;2;0;0;2;826;289;262;0;0
9943;2025;378;17;1;0;0;0;-1;0;0;0;0;50;0;0;0;0;0;0;0;2;583;0;0;0;0
9944;2025;385;17;1;0;0;0;0;0;0;0;0;51;0;0;0;0;0;0;0;0;312;0;0;0;0
9945;2025;363;17;1;0;0;0;2;0;0;0;0;50;0;0;2;1;0;0;0;0;1000;26;21;0;0
9946;2025;363;17;1;0;1;0;-1;0;0;0;0;76;0;6;0;0;0;0;1;0;875;356;102;0;0
9947;2025;373;17;1;0;1;0;2;0;0;0;0;55;0;0;2;2;0;0;0;0;362;0;0;0;0
9948;2025;363;17;1;0;1;0;1;0;0;0;0;77;0;5;0;0;3;0;2;0;1238;22;101;0;0
9949;2025;358;17;1;1;0;0;2;0;0;0;0;56;0;3;1;1;3;0;0;0;728;0;43;0;0
9950;2025;364;17;1;0;0;0;-1;0;0;0;0;45;0;1;0;0;2;0;0;0;932;0;0;0;0
9951;2025;359;17;1;0;0;0;1;0;0;0;0;64;0;0;0;0;3;0;0;0;803;0;60;0;0
9952;2025;384;17;1;0;0;0;0;0;0;0;0;62;0;0;15;8;1;3;1;1;1120;0;196;0;0
9953;2025;362;17;1;0;0;0;-1;0;0;0;0;53;0;1;2;2;0;1;0;0;831;41;0;0;0
9954;2025;369;17;1;0;0;0;0;0;0;0;0;54;0;2;0;0;2;0;0;0;732;0;32;0;0
9956;2025;385;17;1;0;0;0;0;0;0;0;0;58;0;0;4;0;1;0;0;0;262;0;211;0;0
9957;2025;354;17;1;0;0;0;-3;0;0;0;0;56;0;0;1;0;5;0;0;2;1026;17;0;0;0
9958;2025;358;17;1;0;1;0;2;0;0;0;0;76;0;6;19;10;1;1;0;2;683;409;0;0;0
9959;2025;357;17;1;0;0;0;0;0;0;0;0;67;0;1;14;10;2;0;0;1;1131;41;162;0;0
9960;2025;386;17;1;0;0;0;0;0;0;0;0;50;0;1;0;0;0;0;0;0;272;0;0;0;0
9961;2025;363;17;1;0;0;0;0;0;0;0;0;53;0;1;2;2;0;0;0;0;834;0;21;0;0
9962;2025;362;17;1;1;0;0;1;0;0;0;0;71;0;5;18;7;1;1;1;0;1126;0;100;0;0
9963;2025;368;17;1;0;0;0;2;0;0;0;0;70;0;2;0;0;0;0;0;3;1042;149;132;0;0
9964;2025;383;17;1;0;0;0;0;0;0;0;0;53;0;1;6;5;0;0;0;0;438;0;0;0;0
9965;2025;358;17;1;0;0;0;1;0;0;0;0;56;0;0;0;0;2;0;0;1;1114;301;0;0;0
9966;2025;357;17;1;0;1;0;1;0;0;0;0;59;0;0;3;0;2;0;0;1;705;80;0;0;0
9967;2025;371;17;1;0;0;0;0;0;0;0;0;72;0;1;0;0;2;0;1;0;1026;22;44;0;0
9969;2025;376;17;1;0;1;0;1;0;0;0;0;57;0;0;1;0;0;0;0;0;722;0;57;0;0
9971;2025;365;17;1;0;0;0;-2;0;0;0;0;50;0;2;0;0;2;0;0;4;778;0;226;0;0
9973;2025;383;17;1;0;0;2;-1;0;0;0;0;73;0;3;0;0;2;0;1;1;998;73;223;0;0
9974;2025;353;17;1;0;0;0;0;0;0;0;0;54;0;1;0;0;2;0;0;0;850;0;0;0;0
9975;2025;370;17;1;0;0;0;0;0;0;0;0;59;0;2;0;0;0;2;0;1;1183;92;0;0;0
9977;2025;370;17;1;0;1;0;0;0;0;0;0;57;0;1;0;0;1;0;0;1;767;0;73;0;0
9979;2025;368;17;1;0;1;0;1;0;0;0;0;58;0;3;0;0;0;0;0;0;693;146;80;0;0
9980;2025;355;17;1;0;0;0;-1;0;0;0;0;66;0;2;0;0;1;0;0;0;854;276;0;0;0
9982;2025;373;17;1;1;1;0;1;0;0;0;0;73;0;4;0;0;1;1;1;1;862;41;0;0;0
9983;2025;376;17;1;0;0;0;-2;0;0;0;0;43;0;0;0;0;0;0;0;2;1080;0;1;0;0
9984;2025;373;17;1;1;0;0;1;0;0;0;0;65;0;4;1;1;0;0;1;0;1020;183;34;0;0
9985;2025;383;17;1;0;0;0;-1;0;0;0;0;68;0;0;13;5;4;0;1;0;805;44;0;0;0
9986;2025;375;17;1;0;0;0;0;0;0;0;0;67;0;0;0;0;1;0;1;2;827;0;65;0;0
9988;2025;367;17;1;0;0;0;0;0;0;0;0;59;0;2;3;3;1;0;0;0;448;0;40;0;0
9990;2025;355;17;1;0;0;0;1;0;0;0;0;66;0;4;0;0;3;1;1;2;878;164;199;0;0
9991;2025;358;17;1;1;0;0;1;0;0;0;0;72;0;3;1;0;2;0;0;0;639;432;0;0;0
9992;2025;374;17;1;0;1;0;0;0;0;0;0;61;0;0;14;4;3;1;1;1;1355;84;7;0;0
9993;2025;358;17;1;0;2;0;2;0;0;0;0;78;0;1;0;0;2;0;0;5;1096;63;0;0;0
9994;2025;353;17;1;0;1;0;1;0;0;0;0;58;0;0;7;2;2;2;1;1;742;119;0;0;0
9995;2025;357;17;1;0;0;0;1;0;0;0;0;59;0;2;1;0;4;0;0;1;987;0;83;0;0
9996;2025;355;17;1;0;1;0;0;0;0;0;0;55;0;1;13;8;3;0;0;0;466;0;49;0;0
9997;2025;353;17;1;0;1;0;1;0;0;0;0;60;0;1;0;0;2;0;0;0;898;121;0;0;0
9998;2025;352;17;1;0;1;0;-1;0;0;0;0;57;0;1;3;2;0;1;0;0;454;0;176;0;0
9999;2025;357;17;1;1;0;0;1;0;0;0;0;74;0;3;0;0;0;0;0;1;1034;16;106;0;0
10000;2025;372;17;1;0;0;0;-2;0;0;0;0;59;0;3;12;2;0;1;1;0;1015;0;23;0;0
10001;2025;354;17;2;0;0;2;-1;0;0;0;0;54;0;0;1;1;2;1;2;3;2052;95;59;0;0
10002;2025;370;17;2;0;0;0;1;0;0;0;0;63;0;4;0;0;2;2;0;3;2189;92;129;0;0
10004;2025;366;17;1;1;0;0;1;0;0;0;0;76;0;4;21;9;1;0;0;0;1068;156;0;0;0
10005;2025;370;17;1;1;0;0;1;0;0;0;0;70;0;2;0;0;2;0;0;1;809;0;64;0;0
10006;2025;386;17;2;0;1;0;-1;0;0;0;0;66;0;3;4;3;3;1;0;3;1878;493;0;0;0
10007;2025;380;17;1;2;0;5;2;0;0;0;0;85;0;4;0;0;3;0;2;1;944;76;124;1;1
10009;2025;369;17;1;0;0;2;-1;0;0;0;0;66;0;6;0;0;1;0;0;3;946;280;46;0;0
10010;2025;354;17;2;0;1;0;0;0;0;0;0;59;0;4;29;15;2;3;1;6;1879;0;421;0;0
10011;2025;358;17;1;0;0;0;-1;0;0;0;0;53;0;1;5;1;5;0;0;1;559;0;166;0;0
10012;2025;374;17;1;0;0;0;-1;0;0;0;0;88;0;2;0;0;2;0;0;1;1454;84;44;0;0
10013;2025;357;17;1;0;0;2;0;0;0;0;0;56;0;1;14;5;0;0;2;0;569;0;166;0;0
10014;2025;366;17;2;0;0;0;0;0;0;0;0;61;0;7;2;2;5;0;1;3;1991;0;169;0;0
10015;2025;367;17;1;0;0;0;0;0;0;0;0;61;0;0;4;2;2;0;0;0;360;0;144;0;0
10016;2025;365;17;1;0;0;0;0;0;0;0;0;72;0;1;0;0;2;0;0;1;968;5;88;0;0
10017;2025;367;17;1;0;2;5;-1;0;1;0;0;76;0;4;2;2;1;1;1;1;779;286;16;1;1
10018;2025;356;17;1;0;0;0;1;0;0;0;0;60;0;1;0;0;3;0;0;1;738;89;0;0;0
10019;2025;355;17;1;0;0;2;0;0;0;0;0;56;0;1;1;1;0;0;0;0;548;150;33;0;0
10020;2025;358;17;1;0;0;2;1;0;0;0;0;57;0;0;0;0;2;0;0;0;905;0;59;0;0
10021;2025;356;17;1;2;2;0;4;0;0;0;0;76;0;6;0;0;1;0;0;0;1122;89;0;0;0
10022;2025;356;17;2;0;1;0;3;0;0;0;1;61;0;2;0;0;2;1;0;0;1951;80;155;0;0
10023;2025;356;17;2;2;3;0;5;0;0;1;0;80;1;5;31;17;6;0;0;1;2260;89;121;0;0
10024;2025;370;17;1;1;0;0;1;1;0;0;0;50;0;3;0;0;1;1;0;0;718;221;171;0;0
10026;2025;352;17;2;0;0;0;-2;0;0;0;0;54;0;2;7;3;0;1;0;1;893;274;0;0;0
10027;2025;370;17;2;0;1;2;1;0;0;0;0;63;0;5;0;0;1;0;0;6;2293;92;144;0;0
10029;2025;370;17;1;0;0;0;-1;0;0;0;0;59;0;4;17;9;1;0;0;2;864;92;0;0;0
10030;2025;368;17;1;0;0;4;1;0;0;0;0;68;0;2;10;3;0;0;0;1;799;273;0;0;0
10031;2025;360;17;2;0;0;2;0;0;0;0;0;57;0;2;7;6;2;1;0;3;1927;153;37;0;0
10032;2025;369;17;1;0;0;0;0;0;0;0;0;50;0;0;0;0;1;1;0;1;1035;0;71;0;0
10033;2025;358;17;1;0;1;0;1;0;0;0;0;54;0;0;7;5;0;0;0;0;393;0;0;0;0
10035;2025;370;17;1;1;0;2;0;0;0;0;0;69;1;4;6;3;2;0;1;0;782;0;108;0;0
10036;2025;371;17;1;0;0;0;1;0;0;0;0;56;0;1;0;0;2;0;1;0;1083;0;0;0;0
10037;2025;366;17;1;0;0;0;-1;0;0;0;0;63;0;1;0;0;1;0;1;0;772;40;0;0;0
10038;2025;370;17;1;0;0;0;0;0;0;0;0;69;0;6;0;0;3;0;0;0;918;513;64;0;0
10039;2025;380;17;1;0;0;0;-3;0;0;0;0;44;0;0;0;0;3;0;0;0;1105;0;0;0;0
10040;2025;382;17;1;0;0;0;0;0;0;0;0;53;0;1;1;1;0;0;0;0;162;78;0;0;0
10041;2025;382;17;1;0;0;0;0;0;0;0;0;62;0;1;17;7;1;1;2;0;648;337;0;0;0
10042;2025;365;17;1;0;1;0;1;0;0;0;0;73;0;0;0;0;0;0;1;1;937;69;197;0;0
10043;2025;357;17;1;1;0;0;1;0;0;0;0;63;0;1;0;0;7;1;1;1;1115;200;134;0;0
10044;2025;375;17;2;1;1;4;-1;1;1;0;0;74;0;8;0;0;3;1;0;3;2320;614;248;0;0
10045;2025;379;17;1;0;0;0;1;0;0;0;0;76;0;3;0;0;2;0;0;1;1230;0;77;0;0
10047;2025;355;17;1;0;0;0;-1;0;0;0;0;60;0;2;0;0;0;0;2;0;609;150;128;0;0
10048;2025;372;17;1;0;0;0;0;0;0;0;0;55;0;0;7;4;1;1;0;1;485;0;57;0;0
10049;2025;377;17;1;0;1;0;2;0;0;0;0;61;0;0;2;1;1;0;0;0;913;67;93;0;0
10050;2025;372;17;1;0;0;0;1;0;0;0;0;69;0;3;0;0;1;1;1;0;1090;171;0;0;0
10051;2025;357;17;2;0;1;0;0;0;0;0;0;54;0;2;0;0;1;1;0;2;1374;41;0;0;0
10052;2025;368;17;1;0;0;2;0;0;0;0;0;54;0;1;2;1;0;0;0;0;586;0;71;0;0
10054;2025;375;17;1;0;0;5;0;0;0;0;0;64;0;6;0;0;1;1;0;0;668;382;0;1;0
10055;2025;377;17;2;2;2;2;0;1;1;0;0;72;1;8;4;4;3;2;0;1;1820;689;0;0;0
10056;2025;370;17;1;0;1;0;0;0;0;0;0;53;0;4;1;1;0;0;0;0;933;29;169;0;0
10057;2025;383;17;1;1;0;2;1;1;0;0;0;64;1;2;0;0;1;0;1;2;987;88;192;0;0
10059;2025;375;17;1;0;1;0;0;0;0;0;0;56;0;1;0;0;1;0;0;0;880;0;228;0;0
10060;2025;368;17;2;1;2;0;4;0;0;0;0;73;1;4;0;0;1;0;0;6;2203;310;188;0;0
10061;2025;355;17;1;0;0;0;0;0;0;0;0;54;0;1;4;3;2;0;0;1;443;0;62;0;0
10062;2025;380;17;2;0;1;0;-3;0;0;0;0;60;0;6;4;2;3;0;1;3;1819;66;52;0;0
10063;2025;357;17;1;0;0;0;0;0;0;0;0;61;0;1;0;0;3;0;0;0;781;64;0;0;0
10065;2025;366;17;2;0;0;0;-1;0;0;0;0;60;0;4;0;0;2;2;0;0;2031;288;105;0;0
10067;2025;375;17;1;0;0;2;-1;0;0;0;0;65;0;0;16;6;3;0;0;0;1135;0;0;0;0
10068;2025;370;17;1;0;0;0;-1;0;0;0;0;62;0;1;0;0;1;0;0;1;915;0;73;0;0
10069;2025;383;17;1;0;0;2;0;0;0;0;0;52;0;0;0;0;0;0;0;0;460;0;0;0;0
10070;2025;352;17;2;1;0;0;2;0;0;0;0;66;0;6;1;1;3;0;0;0;1262;399;47;0;0
10072;2025;352;17;2;1;0;0;2;0;0;0;0;59;0;1;0;0;2;1;1;1;1330;140;0;0;0
10073;2025;352;17;1;0;2;0;1;0;0;0;0;70;0;5;0;0;0;0;0;0;983;313;0;0;0
10074;2025;382;17;1;0;0;0;-1;0;0;0;0;74;0;1;0;0;2;2;2;2;1022;0;186;0;0
10075;2025;373;17;1;0;0;2;-2;0;0;0;0;47;0;1;0;0;0;1;0;0;822;183;0;0;0
10076;2025;381;17;1;0;0;0;-2;0;0;0;0;45;0;1;0;0;3;0;0;2;1107;24;232;0;0
10077;2025;377;17;1;0;0;0;-1;0;0;0;0;58;0;1;0;0;1;2;0;3;1048;0;153;0;0
10078;2025;372;17;1;0;0;0;1;0;0;0;0;57;0;1;4;0;0;0;0;2;767;0;214;0;0
10079;2025;382;17;1;0;0;0;0;0;0;0;0;47;0;1;3;1;2;2;1;0;518;0;101;0;0
10080;2025;373;17;1;0;0;0;-1;0;0;0;0;71;0;2;7;3;4;1;4;0;845;0;100;0;0
10081;2025;381;17;1;0;0;0;-2;0;0;0;0;57;0;1;0;0;1;1;1;1;980;292;0;0;0
10082;2025;367;17;1;0;0;0;0;0;0;0;0;71;0;3;17;8;2;0;0;1;655;0;218;0;0
10083;2025;367;17;1;0;2;0;2;0;1;0;0;80;0;9;0;0;1;0;3;2;843;364;96;0;0
10084;2025;367;17;1;0;0;0;0;0;0;0;0;50;0;0;0;0;0;0;0;1;395;0;0;0;0
10085;2025;367;17;1;0;0;0;1;0;0;0;0;51;0;2;0;0;1;0;0;0;542;0;0;0;0
10086;2025;383;17;1;0;1;0;1;0;1;0;0;74;0;5;0;0;2;1;0;0;975;84;210;0;0
10088;2025;367;17;1;0;0;0;-1;0;0;0;0;72;0;4;0;0;0;0;2;0;1087;364;90;0;0
10089;2025;354;17;1;0;0;0;0;0;0;0;0;57;0;1;0;0;1;1;0;0;687;0;0;0;0
10090;2025;370;17;1;0;1;2;0;0;1;0;0;56;0;3;16;7;2;0;0;0;921;221;201;0;0
10091;2025;367;17;1;0;1;0;2;0;0;0;0;62;0;3;0;0;0;0;0;1;805;0;84;0;0
10092;2025;365;17;1;0;0;0;-2;0;0;0;0;71;0;2;0;0;0;0;1;0;1121;171;33;0;0
10093;2025;357;17;1;0;0;0;-1;0;0;0;0;50;0;1;3;1;2;0;0;0;559;0;0;0;0
10094;2025;352;17;1;0;0;0;-1;0;0;0;0;48;0;1;1;0;1;1;0;0;521;0;36;0;0
10095;2025;356;17;1;0;0;0;-2;0;0;0;0;67;0;2;0;0;2;0;2;0;989;104;50;0;0
10096;2025;354;17;1;0;0;2;-1;0;0;0;0;47;0;0;8;2;0;0;0;0;436;0;0;0;0
10097;2025;365;17;1;0;0;0;0;0;0;0;0;53;0;2;1;0;0;0;0;0;854;0;48;0;0
10098;2025;353;17;1;0;0;0;0;0;0;0;0;49;0;1;1;1;0;1;0;0;565;0;0;0;0
10099;2025;375;17;1;0;0;0;1;0;0;0;0;60;0;0;0;0;1;1;1;0;1102;0;75;0;0
10100;2025;373;17;2;0;2;0;-3;0;0;0;0;62;0;3;0;0;2;1;1;9;2291;136;264;0;0
10103;2025;372;17;1;0;2;2;0;0;0;0;0;76;0;5;0;0;1;0;1;3;1204;275;46;0;0
10105;2025;366;17;1;0;0;0;0;0;0;0;0;75;0;1;0;0;1;0;0;1;1163;0;51;0;0
10107;2025;385;17;1;0;1;2;-2;0;0;0;0;62;0;1;15;10;2;0;1;0;769;395;0;0;0
10108;2025;384;17;1;0;0;0;-3;0;0;0;0;47;0;1;2;0;0;0;0;0;875;0;0;0;0
10109;2025;364;17;1;0;0;0;0;0;0;0;0;49;0;0;0;0;1;2;1;0;556;0;0;0;0
10110;2025;364;17;1;0;0;0;0;0;0;0;0;85;0;1;0;0;0;0;0;3;1228;0;61;0;0
10111;2025;356;17;1;0;0;2;0;0;0;0;0;48;0;0;0;0;0;0;0;0;318;0;0;0;0
10112;2025;378;17;2;0;3;0;0;0;0;0;0;78;0;6;0;0;3;0;1;6;2144;81;245;0;0
10113;2025;353;17;2;0;1;0;1;0;0;0;0;53;0;0;1;1;0;0;0;0;931;0;0;0;0
10114;2025;384;17;1;0;0;0;0;0;0;0;0;56;0;0;2;0;0;0;1;0;396;0;0;0;0
10115;2025;385;17;1;0;0;0;-1;0;0;0;0;53;0;2;0;0;2;0;0;1;1035;0;118;0;0
10116;2025;362;17;1;0;0;0;0;0;0;0;0;68;0;2;0;0;0;1;0;1;1183;81;86;0;0
10117;2025;361;17;1;0;0;0;2;0;0;0;0;54;0;0;2;1;0;0;0;0;318;0;43;0;0
10119;2025;357;17;2;0;0;0;0;0;0;0;0;57;0;1;3;0;2;0;0;2;1860;144;91;0;0
10120;2025;361;17;1;0;0;0;0;0;0;0;0;55;0;1;0;0;0;0;1;0;812;0;0;0;0
10122;2025;358;17;1;0;1;0;1;0;0;0;0;58;0;0;0;0;1;0;0;1;945;0;59;0;0
10124;2025;382;17;1;0;1;0;1;0;1;0;0;63;0;2;3;0;0;0;0;0;562;135;69;0;0
10125;2025;384;17;1;0;0;0;-1;0;0;0;0;76;0;0;0;0;0;0;0;3;1065;0;15;0;0
10126;2025;381;17;1;0;1;0;0;0;0;0;0;59;0;2;1;0;1;0;0;0;601;0;0;0;0
10128;2025;385;17;1;0;0;0;-1;0;0;0;0;52;0;0;3;2;2;1;0;0;810;0;211;0;0
10129;2025;374;17;1;0;0;0;0;0;0;0;0;41;0;0;1;0;0;0;0;0;866;0;37;0;0
10131;2025;386;17;2;1;0;2;1;1;0;0;0;66;0;7;13;7;4;1;0;1;1616;493;0;0;0
10132;2025;386;17;1;0;2;0;1;0;1;0;0;84;0;2;8;4;0;0;0;1;918;256;185;0;0
10133;2025;376;17;1;0;0;0;0;0;0;0;0;48;0;0;0;0;0;0;0;0;447;0;0;0;0
10134;2025;367;17;1;0;0;2;0;0;0;0;0;54;0;3;0;0;0;0;1;0;667;0;0;0;0
10136;2025;386;17;2;0;0;0;-1;0;0;0;0;58;0;5;0;0;3;0;1;6;2099;56;337;0;0
10137;2025;375;17;1;0;0;0;-1;0;0;0;0;59;0;1;4;2;1;1;0;1;1113;138;181;0;0
10138;2025;364;17;1;0;0;0;0;0;0;0;0;54;0;1;0;0;0;0;1;0;498;0;0;0;0
10140;2025;368;17;1;1;0;2;1;0;0;0;0;68;0;2;3;3;2;0;0;0;667;0;24;0;0
10141;2025;376;17;1;0;0;0;2;0;0;0;0;81;0;4;0;0;0;1;2;2;996;0;97;0;0
10142;2025;373;17;1;0;0;0;0;0;0;0;0;53;0;0;0;0;0;0;0;0;808;109;0;0;0
10143;2025;371;17;1;0;0;2;1;0;0;0;0;56;0;2;11;5;2;0;0;0;760;22;0;0;0
10144;2025;372;17;1;0;0;0;-1;0;0;0;0;53;0;2;0;0;2;0;0;1;1147;92;6;0;0
10145;2025;363;17;1;0;0;0;-1;0;0;0;0;42;0;0;1;0;0;0;0;0;357;0;245;0;0
10146;2025;378;17;1;1;0;0;-1;0;0;0;0;59;0;3;0;0;1;0;0;2;647;122;0;0;0
10147;2025;362;17;1;0;0;0;0;0;0;0;0;53;0;1;10;6;1;2;0;0;817;180;0;0;0
10149;2025;376;17;1;0;0;0;-6;0;0;0;0;25;0;0;0;0;0;1;0;2;1203;0;144;0;0
10150;2025;354;17;1;0;0;0;0;0;0;0;0;64;0;1;5;3;0;1;0;0;849;0;73;0;0
10151;2025;355;17;2;1;1;2;1;0;0;0;0;78;0;9;6;3;5;0;0;2;1876;301;612;0;0
10153;2025;354;17;1;0;0;0;0;0;0;0;0;61;0;0;1;0;4;0;0;0;733;17;124;0;0
10155;2025;353;17;1;0;0;0;0;0;0;0;0;61;0;0;0;0;1;0;0;1;1066;52;0;0;0
10158;2025;381;17;1;0;0;0;-1;0;0;0;0;68;0;0;0;0;0;0;1;2;692;0;86;0;0
10159;2025;382;17;1;1;1;0;0;1;0;0;0;63;0;3;0;0;0;0;0;0;570;135;50;0;0
10160;2025;368;17;1;0;1;0;-1;0;1;0;0;60;0;0;0;0;0;0;0;0;857;40;0;0;0
10161;2025;381;17;1;0;0;0;-1;0;0;0;0;55;0;1;2;0;1;0;1;0;535;0;65;0;0
10162;2025;377;17;1;0;0;17;0;0;0;0;0;59;0;1;21;12;2;1;0;1;528;0;237;1;0
10165;2025;381;17;1;0;1;0;-1;0;0;0;0;79;0;0;0;0;4;0;1;3;965;0;274;0;0
10166;2025;357;17;1;0;0;0;0;0;0;0;0;47;0;0;1;0;0;1;0;0;403;0;50;0;0
10167;2025;365;17;1;0;0;0;-1;0;0;0;0;55;0;0;2;1;2;0;0;1;657;99;126;0;0
10168;2025;374;17;1;0;0;0;0;0;0;0;0;53;0;0;1;0;0;1;0;0;603;0;7;0;0
10169;2025;370;17;1;0;1;2;2;0;0;0;0;53;0;0;0;0;3;0;0;1;833;0;50;0;0
10170;2025;384;17;1;0;0;2;0;0;0;0;0;49;0;0;0;0;0;0;0;0;384;0;0;0;0
10171;2025;360;17;1;0;0;0;1;0;0;0;0;66;0;3;3;2;0;0;1;0;971;0;139;0;0
10172;2025;368;17;1;0;0;0;-1;0;0;0;0;51;0;0;0;0;0;0;1;0;857;0;0;0;0
10175;2025;358;17;1;1;0;0;1;0;0;0;0;53;0;2;0;0;0;1;0;1;433;0;0;0;0
10176;2025;368;17;1;0;1;0;0;0;1;0;0;55;0;0;2;2;0;0;0;0;648;45;0;0;0
10177;2025;367;17;1;0;1;4;2;0;0;0;0;61;0;2;0;0;1;0;0;1;1047;0;114;0;0
10178;2025;359;17;1;0;0;0;0;0;0;0;0;51;0;0;1;1;0;1;1;0;666;0;0;0;0
10179;2025;366;17;1;0;0;0;0;0;0;0;0;52;0;1;0;0;0;0;0;0;260;22;21;0;0
10180;2025;362;17;1;0;1;0;1;0;0;0;0;64;0;4;0;0;1;0;0;0;885;110;110;0;0
10182;2025;369;17;1;0;0;0;-1;0;0;0;0;50;0;0;1;1;1;0;0;0;478;0;58;0;0
10183;2025;374;17;1;0;0;0;0;0;0;0;0;50;0;1;1;0;0;0;0;0;380;105;0;0;0
10184;2025;380;17;1;0;0;0;0;0;0;0;0;55;0;0;0;0;1;0;0;0;791;0;115;0;0
10185;2025;373;17;1;0;0;0;0;0;0;0;0;53;0;2;0;0;4;0;0;2;817;0;0;0;0
10186;2025;374;17;1;0;0;2;0;0;0;0;0;46;0;1;4;1;0;1;0;0;414;0;106;0;0
10187;2025;371;17;1;0;0;0;-1;0;0;0;0;50;0;0;9;2;1;0;0;1;504;0;36;0;0
10190;2025;377;17;1;0;0;0;-1;0;0;0;0;57;0;0;11;2;0;0;2;0;338;19;156;0;0
10191;2025;373;17;1;0;1;2;1;0;0;0;0;57;0;1;24;8;2;0;0;0;856;324;0;0;0
10193;2025;364;17;1;0;0;0;0;0;0;0;0;63;0;1;0;0;1;0;0;1;823;98;184;0;0
10194;2025;382;17;1;0;0;0;0;0;0;0;0;65;0;1;0;0;0;0;1;1;765;311;198;0;0
10196;2025;383;17;1;0;0;0;1;0;0;0;0;65;0;2;10;3;0;1;0;0;608;91;199;0;0
10199;2025;373;17;1;0;0;0;1;0;0;0;0;50;0;0;0;0;0;0;1;0;339;0;0;0;0
10201;2025;378;17;1;1;0;2;1;0;0;0;0;58;0;1;3;2;0;0;0;0;485;0;0;0;0
10202;2025;362;17;1;0;0;0;-1;0;0;0;0;43;0;0;1;0;0;2;0;0;486;0;46;0;0
10203;2025;383;17;1;0;0;0;0;0;0;0;0;55;0;0;2;1;0;0;0;0;499;0;92;0;0
10205;2025;355;17;1;0;0;2;0;0;0;0;0;67;0;3;0;0;1;1;0;1;802;0;173;0;0
10207;2025;385;17;1;0;0;0;0;0;0;0;0;56;0;0;4;3;0;0;0;0;405;0;0;0;0
10208;2025;385;17;1;1;0;0;0;0;0;0;0;60;0;2;14;6;1;0;0;2;819;0;100;0;0
10209;2025;362;17;1;0;0;0;0;0;0;0;0;62;0;3;6;1;0;0;1;1;553;0;100;0;0
10210;2025;376;17;1;0;1;0;1;0;0;0;0;51;0;1;0;0;0;0;0;0;928;0;26;0;0
10212;2025;386;17;2;1;0;0;-1;0;0;0;0;72;0;1;18;11;2;0;0;3;1793;66;370;0;0
10214;2025;381;17;1;0;3;14;2;0;0;0;0;53;0;0;12;5;0;1;0;0;751;0;116;0;0
10215;2025;379;17;1;0;0;0;0;0;0;0;0;70;0;4;0;0;1;0;2;2;1368;132;173;0;0
10216;2025;386;17;1;0;0;0;-2;0;0;0;0;34;0;1;0;0;0;0;0;2;779;0;105;0;0
10217;2025;369;17;1;0;0;2;-1;0;0;0;0;47;0;0;0;0;0;0;0;0;431;0;0;0;0
10218;2025;378;17;1;0;0;0;-1;0;0;0;0;52;0;0;1;1;0;0;0;1;466;0;0;0;0
10219;2025;378;17;1;0;0;0;-1;0;0;0;0;41;0;0;6;2;0;1;0;1;615;0;108;0;0
10220;2025;361;17;1;1;0;0;2;0;0;0;0;67;0;2;7;2;0;0;0;0;251;289;0;0;0
10221;2025;376;17;1;0;0;0;-1;0;0;0;0;58;0;1;4;1;0;0;0;0;724;167;47;0;0
10222;2025;361;17;1;0;0;0;-1;0;0;0;0;64;0;0;13;4;1;0;0;0;927;129;236;0;0
10223;2025;374;17;1;0;0;0;-1;0;0;0;0;56;0;1;0;0;0;0;0;1;821;17;355;0;0
10224;2025;385;17;1;0;0;0;-2;0;0;0;0;59;0;1;0;0;2;1;0;1;963;142;20;0;0
10225;2025;363;17;1;0;0;2;0;0;0;0;0;49;0;0;0;0;1;0;0;0;390;0;0;0;0
10226;2025;362;17;1;0;0;0;0;0;0;0;0;54;0;1;0;0;0;0;0;0;776;17;211;0;0
10227;2025;379;17;1;0;0;0;-1;0;0;0;0;59;0;0;0;0;2;0;0;1;1076;0;150;0;0
10230;2025;379;17;1;0;0;0;0;0;0;0;0;64;0;0;3;1;0;1;0;1;912;0;144;0;0
10231;2025;364;17;1;0;1;0;1;0;0;0;0;55;0;3;5;3;2;0;0;0;724;0;137;0;0
10232;2025;374;17;1;0;0;2;-1;0;0;0;0;51;0;1;4;2;1;0;0;0;551;132;75;0;0
10233;2025;371;17;1;0;0;0;0;0;0;0;0;68;0;0;0;0;2;0;1;2;1217;113;69;0;0
10234;2025;372;17;1;2;0;4;0;0;0;0;0;51;0;5;0;0;0;1;2;1;1401;0;45;0;0
10235;2025;372;17;1;0;1;2;1;0;0;0;0;63;0;4;9;8;2;0;1;0;1129;171;0;0;0
10236;2025;379;17;1;0;0;0;0;0;0;0;0;59;0;2;5;1;1;0;0;0;935;14;0;0;0
10237;2025;378;17;1;0;0;0;2;0;0;0;0;70;0;4;26;17;3;0;0;1;892;334;53;0;0
10238;2025;376;17;1;1;0;2;1;0;0;0;0;58;0;2;5;1;0;0;0;0;502;0;49;0;0
10239;2025;375;17;1;0;0;0;0;0;0;0;0;55;0;3;3;2;1;0;0;0;832;0;172;0;0
10242;2025;373;17;1;0;0;0;-1;0;0;0;0;48;0;0;3;2;0;0;0;0;217;0;16;0;0
10243;2025;371;17;1;0;0;0;-3;0;0;0;0;51;0;1;0;0;0;1;0;0;992;105;107;0;0
10244;2025;376;17;1;0;1;2;1;0;0;0;0;58;0;1;0;0;0;0;0;0;880;0;140;0;0
10245;2025;376;17;2;0;1;0;-3;0;0;0;0;64;0;2;0;0;3;0;1;4;2282;0;183;0;0
10249;2025;369;17;1;0;1;0;1;0;0;0;0;56;0;0;0;0;0;0;0;0;721;60;0;0;0
10250;2025;382;17;1;0;0;0;0;0;0;0;0;53;0;1;6;3;0;0;0;0;508;0;0;0;0
10251;2025;377;17;1;0;0;0;-1;0;0;0;0;52;0;0;0;0;3;1;0;3;1017;260;198;0;0
10254;2025;364;17;1;0;0;2;0;0;0;0;0;61;0;1;0;0;2;0;0;2;581;105;109;0;0
10255;2025;376;17;1;0;0;2;0;0;0;0;0;50;0;0;1;1;0;0;0;1;515;0;34;0;0
10256;2025;372;17;1;0;0;0;1;0;0;0;0;56;0;1;1;0;0;0;0;2;886;0;0;0;0
10257;2025;361;17;1;0;0;2;-2;0;0;0;0;34;0;1;10;3;0;0;0;0;675;0;85;0;0
10258;2025;376;17;1;1;0;0;1;0;0;0;0;59;0;1;0;0;0;0;0;0;863;0;67;0;0
10259;2025;374;17;1;0;0;0;0;0;0;0;0;60;0;1;0;0;0;0;0;3;730;300;110;0;0
10260;2025;386;17;1;0;0;0;1;0;0;0;0;60;0;1;0;0;2;0;0;1;940;0;17;0;0
10263;2025;374;17;1;0;0;0;0;0;0;0;0;50;0;1;0;0;0;0;0;1;697;149;0;0;0
10265;2025;377;17;1;0;1;2;1;0;0;0;0;66;0;4;0;0;1;1;0;5;1165;90;141;0;0
10266;2025;358;17;1;0;0;0;-1;0;0;0;0;45;0;0;1;1;0;0;0;0;392;0;166;0;0
10267;2025;358;17;1;0;1;0;-1;0;0;0;1;42;0;0;6;3;3;1;0;1;731;0;192;0;0
10268;2025;380;17;1;0;0;0;-3;0;0;0;0;52;0;0;16;8;1;0;1;0;934;35;0;0;0
10269;2025;363;17;1;0;1;0;0;0;1;0;0;53;0;3;0;0;1;0;0;0;991;218;32;0;0
10270;2025;381;17;1;1;0;0;1;0;0;0;0;47;0;4;0;0;0;0;0;1;788;0;216;0;0
10271;2025;368;17;1;0;0;0;0;0;0;0;0;53;0;1;9;4;0;0;0;1;655;0;129;0;0
10274;2025;386;17;1;0;0;4;-2;0;0;0;0;55;0;3;0;0;0;0;0;0;745;293;0;0;0
10275;2025;373;17;1;2;0;0;1;0;0;0;0;62;0;3;0;0;1;0;0;1;944;0;16;0;0
10276;2025;375;17;1;0;0;0;0;0;0;0;0;68;0;1;1;0;1;0;0;4;935;33;0;0;0
10278;2025;386;17;1;0;0;0;0;0;0;0;0;52;0;0;0;0;1;0;0;0;322;10;0;0;0
10280;2025;386;17;1;0;0;0;0;0;0;0;0;61;0;4;11;5;0;0;0;2;421;0;3;0;0
10281;2025;376;17;1;0;1;0;1;0;0;0;0;66;0;2;10;5;3;0;0;1;837;124;60;0;0
10282;2025;377;17;1;0;0;12;0;0;0;0;0;50;0;0;1;0;0;0;0;0;196;46;0;0;0
10284;2025;380;17;1;0;0;2;0;0;0;0;0;58;0;2;11;6;1;1;0;0;791;0;0;0;0
10286;2025;370;17;1;0;0;0;0;0;0;0;0;75;0;1;0;0;1;0;0;1;1104;0;156;0;0
10287;2025;377;17;1;0;0;0;0;0;0;0;0;67;0;1;17;7;0;0;0;0;811;117;110;0;0
10288;2025;356;17;1;0;0;0;-2;0;0;0;0;61;0;0;0;0;0;2;1;0;1042;0;159;0;0
10289;2025;386;17;1;0;0;0;-1;0;0;0;0;59;0;3;13;5;1;0;0;1;724;0;121;0;0
10290;2025;355;17;1;0;0;0;0;0;0;0;0;53;0;2;3;1;1;0;0;0;587;0;0;0;0
10291;2025;374;17;1;0;1;0;0;0;0;0;0;64;0;0;3;1;0;1;1;0;1245;81;0;0;0
10293;2025;358;17;1;0;0;0;0;0;0;0;0;52;0;1;0;0;2;1;0;0;905;42;0;0;0
10294;2025;375;17;1;0;0;0;-1;0;0;0;0;39;0;1;1;0;0;1;0;0;510;0;0;0;0
10295;2025;369;17;1;0;0;0;-1;0;0;0;0;70;0;0;0;0;2;0;0;2;896;0;260;0;0
10296;2025;367;17;1;0;1;0;2;0;0;0;0;60;0;2;0;0;1;0;1;0;902;83;0;0;0
10298;2025;372;17;1;0;0;0;0;0;0;0;0;55;0;2;1;0;1;0;0;0;493;125;0;0;0
10299;2025;380;17;1;0;0;0;0;0;0;0;0;46;0;0;0;0;0;1;0;0;492;0;0;0;0
10301;2025;361;17;1;0;0;0;0;0;0;0;0;66;0;2;9;3;0;0;0;1;828;0;59;0;0
10302;2025;361;17;1;0;0;0;0;0;0;0;0;57;0;1;6;3;0;0;2;0;443;0;0;0;0
10303;2025;364;17;1;0;0;0;0;0;0;0;0;49;0;0;0;0;0;0;0;0;404;0;0;0;0
10304;2025;385;17;1;0;0;0;1;0;0;0;0;76;0;2;10;6;2;0;0;2;898;147;0;0;0
10306;2025;357;17;1;0;1;0;1;0;0;0;0;67;0;0;0;0;3;0;1;0;964;41;0;0;0
10307;2025;360;17;1;0;0;0;0;0;0;0;0;44;0;1;0;0;0;0;0;1;1060;0;156;0;0
10308;2025;360;17;1;0;0;0;-1;0;0;0;0;47;0;0;0;0;1;0;0;0;406;0;72;0;0
10309;2025;364;17;1;0;0;0;-1;0;0;0;0;41;0;0;0;0;1;1;0;0;867;0;0;0;0
10310;2025;386;17;2;0;1;2;0;0;0;0;0;55;0;5;4;2;2;0;0;0;2102;135;115;0;0
10311;2025;382;17;1;0;1;2;2;0;0;0;0;74;0;2;0;0;0;0;0;4;1109;0;101;0;0
10312;2025;381;17;1;0;0;0;-1;0;0;0;0;41;0;0;0;0;0;3;0;0;692;0;32;0;0
10313;2025;354;17;1;0;2;0;0;0;1;0;0;56;0;1;0;0;0;0;0;1;898;78;41;0;0
10314;2025;378;17;1;0;2;0;0;0;0;0;0;87;0;0;10;5;2;0;0;1;726;445;0;0;0
10315;2025;376;17;1;0;0;0;-1;0;0;0;0;40;0;2;0;0;0;2;0;0;961;0;0;0;0
10316;2025;368;17;1;0;0;0;0;0;0;0;0;57;0;0;0;0;1;0;0;2;744;0;226;0;0
10317;2025;380;17;1;0;0;0;0;0;0;0;0;58;0;1;8;5;1;0;0;2;473;0;0;0;0
10318;2025;361;17;1;0;0;0;0;0;0;0;0;47;0;2;0;0;1;0;0;0;1128;0;13;0;0
10319;2025;371;17;1;0;0;0;0;0;0;0;0;50;0;2;1;1;0;1;0;1;482;0;0;0;0
10320;2025;376;17;1;0;0;0;0;0;0;0;0;54;0;0;4;2;2;0;0;1;471;0;40;0;0
10322;2025;361;17;1;1;1;2;1;0;0;0;0;53;0;2;0;0;2;0;1;1;990;0;47;0;0
10323;2025;363;17;1;0;0;0;0;0;0;0;0;52;0;2;0;0;0;1;0;2;801;0;0;0;0
10324;2025;372;17;1;0;0;0;1;0;0;0;0;63;0;3;10;4;0;0;0;0;1146;0;81;0;0
10326;2025;382;17;1;0;1;0;1;0;0;0;0;61;0;0;0;0;0;0;0;0;880;0;23;0;0
10327;2025;371;17;1;1;0;12;1;0;0;0;0;56;0;2;0;0;0;1;0;1;731;0;79;0;0
10328;2025;356;17;1;0;0;0;0;0;0;0;0;55;0;1;2;0;0;0;0;0;304;0;0;0;0
10330;2025;362;17;2;0;0;0;-1;0;0;0;0;63;0;5;2;1;4;0;0;1;1785;251;275;0;0
10333;2025;369;17;2;0;0;2;0;0;0;0;0;55;0;1;12;5;4;3;0;0;1274;29;85;0;0
10334;2025;382;17;1;0;0;0;2;0;0;0;0;70;0;2;0;0;0;0;0;1;1084;67;198;0;0
10337;2025;376;17;1;0;0;0;-1;0;0;0;0;51;0;0;1;1;1;0;1;0;709;0;170;0;0
10341;2025;377;17;1;0;0;0;-1;0;0;0;0;54;0;0;4;2;2;0;0;0;387;234;43;0;0
10343;2025;379;17;1;0;1;2;1;0;0;0;0;56;0;0;1;1;2;1;0;0;514;0;0;0;0
10344;2025;365;17;1;0;0;4;0;0;0;0;0;52;0;1;0;0;1;0;1;0;829;0;0;0;0
10345;2025;380;17;1;0;0;2;-2;0;0;0;0;65;0;0;0;0;0;0;0;4;1211;92;70;0;0
10347;2025;371;17;1;0;0;0;-3;0;0;0;0;65;0;0;0;0;1;0;0;4;1011;0;113;0;0
10348;2025;374;17;1;0;0;0;0;0;0;0;0;66;0;3;10;4;0;0;0;1;860;0;37;0;0
10350;2025;375;17;1;0;0;0;1;0;0;0;0;54;0;1;1;0;1;0;0;2;476;0;0;0;0
10351;2025;378;17;2;0;0;0;-3;0;0;0;0;52;0;2;0;0;0;0;0;0;2130;165;105;0;0
10352;2025;369;17;1;0;0;0;-1;0;0;0;0;56;0;1;0;0;0;0;2;1;1044;0;181;0;0
10353;2025;381;17;1;0;0;0;0;0;0;0;0;61;0;0;5;2;1;0;0;0;412;232;0;0;0
10354;2025;368;17;1;0;0;4;0;0;0;0;0;72;0;0;0;0;1;0;2;1;881;64;111;0;0
10356;2025;357;17;1;0;0;0;-2;0;0;0;0;52;0;2;7;3;0;0;1;1;500;0;142;0;0
10357;2025;385;17;1;0;0;0;1;0;0;0;0;50;0;2;0;0;2;0;1;0;762;0;41;0;0
10358;2025;358;17;1;0;0;0;0;0;0;0;0;43;0;0;4;2;1;0;0;0;882;42;45;0;0
10359;2025;377;17;1;0;0;0;0;0;0;0;0;54;0;0;0;0;1;0;0;0;709;234;0;0;0
10361;2025;373;17;1;0;0;0;-1;0;0;0;0;49;0;0;0;0;1;0;0;0;234;0;0;0;0
10362;2025;373;17;1;0;0;0;1;0;0;0;0;51;0;0;2;1;0;1;0;1;931;109;18;0;0
10363;2025;358;17;1;1;0;0;1;0;0;0;0;55;0;1;13;6;3;0;0;0;901;42;0;0;0
10364;2025;386;17;1;0;0;0;0;0;0;0;0;56;0;1;10;5;0;0;0;1;361;125;73;0;0
10365;2025;370;17;1;0;0;0;0;0;0;0;0;50;0;1;0;0;0;0;0;0;719;29;0;0;0
10367;2025;384;17;1;0;0;0;0;0;0;0;0;52;0;0;0;0;0;0;0;0;367;0;0;0;0
10368;2025;370;17;1;0;0;0;-1;0;0;0;0;53;0;0;0;0;1;0;0;0;436;0;0;0;0
10369;2025;374;17;1;0;0;0;0;0;0;0;0;57;0;2;9;5;0;0;0;0;456;132;0;0;0
10374;2025;374;17;1;0;0;0;0;0;0;0;0;52;0;0;1;1;0;0;0;0;497;81;0;0;0
10375;2025;382;17;1;0;0;0;0;0;0;0;0;49;0;0;0;0;0;0;0;0;524;0;53;0;0
10376;2025;386;17;1;0;0;2;0;0;0;0;0;49;0;1;0;0;1;0;0;0;712;0;0;0;0
10468;2025;388;9999;4;3;3;2;-8;0;1;1;0;73;0;4;4;3;15;2;2;1;3567;505;61;0;0
10479;2025;14;9999;3;2;9;2;6;0;0;0;1;69;0;2;3;2;14;0;0;0;2395;114;86;0;0
10666;2025;138;8;4;2;1;6;-2;1;0;0;0;66;0;12;0;0;7;2;0;1;3427;871;20;0;0
10756;2025;14;9999;3;5;4;2;-2;0;0;0;0;50;0;5;1;0;10;0;1;0;2227;115;86;0;0
10768;2025;5;9999;4;8;11;2;2;0;2;1;1;70;1;8;82;40;8;0;3;3;4108;407;330;0;0
10798;2025;148;8;4;1;1;0;0;0;0;1;0;63;1;6;1;0;3;0;1;4;3345;183;464;0;0
10805;2025;11;9999;3;6;9;6;2;3;1;0;0;96;1;6;1;0;15;0;1;0;2378;711;119;0;0
10820;2025;91;5;2;0;1;0;1;0;0;0;0;65;0;5;18;13;1;0;0;0;1456;263;101;0;0
10837;2025;94;5;2;0;2;2;2;0;0;0;0;65;0;1;21;11;4;1;0;0;1537;65;40;0;0
10846;2025;11;9999;3;3;3;0;4;0;0;0;0;69;0;3;3;0;5;1;1;0;1673;0;28;0;0
10888;2025;137;7;4;0;1;0;-2;0;0;0;0;57;0;3;0;0;4;0;1;9;3979;420;270;0;0
10915;2025;14;9999;3;3;4;6;-2;0;1;0;1;73;0;3;59;30;8;1;5;1;2569;461;190;0;0
10927;2025;6;9999;4;2;3;5;0;0;0;0;2;57;0;2;41;24;6;0;0;0;2998;0;258;1;1
10933;2025;1;9999;4;1;6;0;0;0;1;0;3;56;0;3;13;8;6;2;0;0;2387;37;293;0;0
10936;2025;388;9999;4;7;4;0;5;0;0;0;1;68;0;9;82;38;8;1;9;3;3801;0;586;0;0
10960;2025;11;9999;3;0;3;0;0;0;0;0;0;72;0;0;1;1;7;0;1;0;2151;12;31;0;0
10963;2025;1;9999;4;8;13;4;2;0;1;2;1;89;1;9;6;1;10;0;4;2;3825;561;301;0;0
11026;2025;1;9999;4;7;9;4;-7;1;0;1;1;86;0;9;0;0;11;0;2;5;3788;615;153;0;0
11040;2025;2;9999;3;3;4;2;0;0;0;1;0;71;0;3;29;15;6;1;2;0;2489;2;265;0;0
11310;2025;90;5;1;0;0;0;-2;0;0;0;0;61;0;1;17;9;0;0;0;0;754;265;123;0;0
11328;2025;153;8;4;2;2;0;5;1;0;0;0;64;0;12;0;0;1;1;0;8;4060;702;448;0;0
11390;2025;96;5;1;0;0;4;-1;0;0;0;0;57;0;0;1;0;2;0;0;0;919;46;103;0;0
11392;2025;152;8;4;0;0;2;-2;0;0;0;0;61;0;4;0;0;8;0;2;5;4126;338;785;0;0
11396;2025;95;5;2;0;1;0;1;0;0;0;0;74;0;4;13;7;5;1;1;1;1374;450;259;0;0
11397;2025;92;5;1;0;0;0;0;0;0;0;0;68;0;1;0;0;0;1;0;1;763;0;15;0;0
11399;2025;89;5;2;1;0;0;0;1;0;0;0;65;0;11;26;17;3;1;1;0;1196;564;308;0;0
11414;2025;151;8;4;0;2;0;1;0;1;0;0;67;0;6;0;0;5;1;2;5;4285;653;263;0;0
11421;2025;387;9999;4;5;9;2;0;1;2;0;1;66;1;5;0;0;9;0;1;8;4601;580;286;0;0
11428;2025;8;9999;4;3;1;4;-11;0;0;1;0;57;0;5;3;1;23;1;3;0;4056;0;474;0;0
11430;2025;388;9999;4;7;10;7;0;1;2;1;0;90;1;8;13;6;21;0;3;1;3971;504;288;1;1
11431;2025;10;9999;3;7;4;2;6;0;2;3;0;70;1;9;6;2;11;1;0;1;2417;460;477;0;0
11433;2025;14;9999;3;4;9;8;-4;1;2;1;0;80;0;4;0;0;6;0;3;4;2997;621;225;0;0
11441;2025;15;9999;3;5;4;2;-2;2;1;0;0;77;0;6;52;22;8;0;1;0;2213;609;0;0;0
11447;2025;1;9999;4;3;10;4;-10;1;2;0;3;77;0;3;0;0;12;0;1;3;4394;812;200;0;0
11450;2025;13;9999;4;3;9;0;-3;0;0;0;0;24;0;3;0;0;6;0;3;3;4122;11;196;0;0
11457;2025;13;9999;4;7;15;2;-9;0;8;0;0;85;0;7;79;42;8;4;4;1;3417;1122;264;0;0
11458;2025;5;9999;4;3;7;2;1;0;0;0;0;83;1;4;2;1;13;0;2;4;2875;189;0;0;0
11468;2025;149;8;4;2;0;8;-2;0;0;0;0;54;0;10;50;27;10;4;0;3;4068;10;534;0;0
11470;2025;2;9999;3;1;4;0;-2;0;0;0;1;63;0;1;55;28;7;0;3;1;2947;0;266;0;0
11473;2025;6;9999;2;5;1;2;1;1;0;0;0;78;0;5;16;9;5;0;2;0;1882;98;0;0;0
11477;2025;6;9999;4;4;8;17;-2;2;5;0;1;82;0;4;0;0;9;0;1;5;3746;1014;155;1;1
11483;2025;15;9999;1;0;2;2;-6;0;2;0;0;74;0;0;19;10;2;0;0;0;1080;194;70;0;0
11485;2025;15;9999;3;3;12;0;5;0;0;0;1;29;0;3;0;0;2;0;0;0;3764;112;265;0;0
11487;2025;136;7;3;0;1;2;1;0;0;0;1;66;0;7;0;0;6;0;1;1;2623;464;465;0;0
11488;2025;6;9999;2;0;8;0;2;0;0;0;0;80;0;0;0;0;8;0;1;0;1542;128;71;0;0
11490;2025;5;9999;4;4;7;2;-3;0;1;0;0;78;0;4;1;0;10;0;3;2;3097;675;11;0;0
11491;2025;3;9999;4;7;9;0;6;0;1;0;2;80;0;10;67;41;12;0;7;2;3671;200;713;0;0
11493;2025;6;9999;4;6;7;2;6;0;3;0;1;89;0;6;71;42;10;1;2;1;4172;677;278;0;0
11495;2025;8;9999;4;3;12;7;-5;0;0;1;0;58;0;4;14;4;22;3;4;2;3976;0;771;1;0
11501;2025;14;9999;3;6;3;2;1;0;0;0;1;80;0;8;55;27;14;0;4;2;2385;23;690;0;0
11509;2025;11;9999;3;3;7;2;5;0;0;0;0;47;0;3;0;0;7;0;0;5;3856;119;168;0;0
11518;2025;388;9999;4;7;11;6;-1;3;2;0;0;87;0;8;3;3;16;1;2;6;4121;519;57;0;0
11519;2025;14;9999;3;4;11;2;6;0;1;0;0;86;0;4;12;5;18;1;5;1;2640;286;196;0;0
11524;2025;1;9999;4;6;7;2;-1;0;0;1;2;81;0;6;17;9;12;1;4;2;3617;320;401;0;0
11528;2025;10;9999;3;3;13;0;10;0;5;0;1;93;0;3;52;30;3;0;2;1;2655;505;25;0;0
11536;2025;388;9999;4;1;6;4;-2;0;0;0;0;61;0;1;2;1;14;1;2;1;2915;0;83;0;0
11537;2025;346;16;4;2;0;14;1;0;0;0;0;68;0;4;58;33;5;0;1;6;3765;308;696;0;0
11552;2025;12;9999;4;4;10;2;0;1;3;0;0;32;1;4;0;0;12;0;1;14;4529;725;413;0;0
11555;2025;8;9999;4;1;9;0;-1;0;0;1;2;23;0;1;0;0;9;1;1;5;4703;5;509;0;0
11556;2025;6;9999;4;3;10;2;3;2;3;0;0;91;0;4;0;0;24;0;5;1;4083;898;102;0;0
11557;2025;3;9999;4;8;16;6;5;0;3;2;0;95;0;8;1;1;26;0;4;4;3782;355;279;0;0
11569;2025;92;5;2;0;0;2;0;0;0;0;0;68;0;0;19;8;4;1;2;0;1687;25;332;0;0
11584;2025;387;9999;3;4;11;7;-4;1;4;0;0;88;0;4;13;6;16;0;2;4;2789;418;166;1;1
11587;2025;388;9999;4;2;4;0;-1;1;0;0;1;27;0;2;0;0;4;0;3;5;4650;16;526;0;0
11591;2025;11;9999;3;4;7;0;4;0;0;1;2;62;1;6;71;41;10;1;2;0;2751;101;334;0;0
11593;2025;11;9999;3;7;10;0;2;1;3;0;0;85;0;7;61;37;6;1;3;0;2768;584;22;0;0
11595;2025;1;9999;4;7;7;0;2;1;1;1;1;65;0;9;54;29;4;1;1;0;3294;406;167;0;0
11599;2025;12;9999;4;10;7;2;5;1;2;0;0;86;2;11;60;32;9;0;2;3;3199;693;219;0;0
11600;2025;10;9999;3;4;20;2;10;1;5;0;2;73;0;6;18;8;17;1;3;2;2896;505;416;0;0
11602;2025;13;9999;4;3;4;0;3;0;0;0;1;70;0;3;62;36;6;1;1;1;2966;45;497;0;0
11604;2025;5;9999;4;4;3;2;4;0;0;1;0;59;0;4;44;30;8;2;2;0;2916;0;46;0;0
11611;2025;7;9999;3;3;6;2;-9;0;2;0;0;80;0;3;0;0;15;0;1;1;2572;333;0;0;0
11612;2025;12;9999;4;9;8;2;1;0;0;1;0;64;0;10;86;41;21;1;2;1;4001;110;543;0;0
11614;2025;10;9999;3;9;3;0;-3;4;0;0;0;79;0;9;48;26;4;0;3;1;2795;420;25;0;0
11615;2025;6;9999;4;4;6;4;0;1;0;0;0;61;0;4;0;0;8;0;1;4;4935;234;136;0;0
11618;2025;8;9999;4;5;15;0;-2;1;4;0;2;83;0;5;87;43;7;1;4;2;3999;297;271;0;0
11620;2025;3;9999;3;1;5;6;1;0;0;0;1;79;0;2;5;1;16;0;0;0;2494;55;42;0;0
11622;2025;10;9999;3;2;3;4;2;0;0;0;1;41;0;2;0;0;8;1;0;4;3170;0;192;0;0
11628;2025;12;9999;4;0;10;0;1;0;1;0;2;35;0;0;0;0;7;0;1;14;4363;252;162;0;0
11629;2025;5;9999;4;6;7;0;-2;0;0;3;0;47;0;6;58;21;6;0;2;0;3711;0;334;0;0
11632;2025;5;9999;4;5;7;4;-1;2;0;1;2;39;0;5;0;0;7;0;2;5;4649;391;354;0;0
11634;2025;11;9999;3;4;9;4;-7;2;2;0;0;91;1;5;0;0;17;1;0;1;2719;674;0;0;0
11642;2025;6;9999;4;2;17;0;7;0;8;0;0;95;1;3;5;4;20;0;2;2;3910;899;0;0;0
11644;2025;5;9999;4;2;10;0;-7;0;1;0;0;83;0;2;0;0;19;1;2;0;4066;532;149;0;0
11645;2025;15;9999;3;2;8;0;-4;0;3;0;0;90;0;2;4;3;13;0;1;1;2311;523;22;0;0
11652;2025;3;9999;4;4;7;19;1;0;0;0;1;33;0;4;0;0;8;1;4;6;4342;117;579;1;0
11653;2025;93;5;1;0;0;0;1;0;0;0;0;54;0;3;1;1;1;1;0;0;1008;125;24;0;0
11657;2025;9;9999;4;11;15;0;11;0;2;1;2;76;0;13;85;51;11;0;5;0;4413;393;309;0;0
11660;2025;8;9999;4;8;1;4;-7;0;0;0;0;68;0;8;49;15;8;1;5;0;3617;83;49;0;0
11661;2025;6;9999;4;8;6;2;-4;6;2;0;0;83;1;8;0;0;11;0;2;4;4586;779;79;0;0
11662;2025;6;9999;4;0;4;2;5;0;1;0;1;48;0;0;0;0;13;0;1;6;4292;151;350;0;0
11664;2025;3;9999;4;1;2;2;-6;1;0;0;0;55;1;1;0;0;10;1;4;3;4094;203;173;0;0
11666;2025;9;9999;4;7;14;19;6;0;2;2;0;86;0;8;7;0;19;0;2;3;3278;303;372;1;1
11670;2025;11;9999;3;3;9;0;6;0;3;0;0;89;0;4;0;0;14;0;0;4;2734;570;11;0;0
11671;2025;387;9999;4;8;6;14;3;1;1;1;1;83;0;9;83;47;11;1;5;2;3620;804;122;1;1
11675;2025;4;9999;3;2;6;0;11;0;0;0;2;26;0;2;0;0;4;0;0;2;3449;64;543;0;0
11685;2025;11;9999;3;0;3;0;0;0;0;0;0;73;0;0;0;0;9;1;3;0;2224;72;23;0;0
11694;2025;9;9999;4;3;10;0;-12;0;3;0;0;73;1;3;79;35;8;0;3;2;3430;842;176;0;0
11698;2025;100;5;1;1;0;2;0;1;0;0;0;67;0;2;7;2;2;1;0;0;878;67;104;0;0
11699;2025;9;9999;4;2;10;0;1;0;0;1;1;41;0;2;0;0;10;0;2;15;4842;260;567;0;0
11710;2025;13;9999;4;5;9;2;4;0;0;0;0;32;0;5;0;0;10;0;1;12;4729;110;597;0;0
11713;2025;387;9999;4;6;11;4;-1;0;2;0;0;88;0;6;7;4;16;0;2;3;4060;580;123;0;0
11716;2025;3;9999;3;3;8;0;3;0;1;0;0;87;1;3;0;0;11;0;1;1;2254;398;0;0;0
11719;2025;8;9999;4;4;9;2;1;0;1;0;1;79;0;5;54;24;7;1;3;2;3828;326;202;0;0
11724;2025;1;9999;3;4;3;4;8;1;0;0;1;62;0;4;0;0;6;0;0;3;2980;50;176;0;0
11733;2025;388;9999;3;3;6;0;1;1;0;0;0;81;0;4;1;1;16;0;2;1;2679;274;90;0;0
11747;2025;3;9999;4;3;8;6;-4;0;3;0;0;74;0;3;48;24;10;0;3;0;3742;239;150;0;0
11748;2025;3;9999;4;1;6;7;-4;0;0;0;0;38;0;2;0;0;4;0;1;4;4217;239;224;1;0
11749;2025;3;9999;4;6;9;0;4;1;0;0;0;61;0;6;0;0;8;0;3;6;4348;225;245;0;0
11758;2025;11;9999;3;5;3;2;3;0;0;1;1;60;0;5;0;0;10;0;1;0;2515;0;279;0;0
11759;2025;388;9999;4;3;7;21;-4;0;2;0;0;75;0;3;70;41;15;1;2;1;3652;559;0;1;1
11769;2025;1;9999;4;4;13;0;13;0;0;2;0;48;0;6;0;0;8;0;2;6;3845;0;664;0;0
11770;2025;2;9999;3;2;2;0;-3;0;0;0;0;73;0;2;3;3;12;0;2;1;2440;94;41;0;0
11772;2025;388;9999;4;1;7;0;-2;0;0;0;0;52;0;1;0;0;7;0;0;8;4737;126;285;0;0
11777;2025;14;9999;3;3;6;0;0;0;0;2;0;50;0;5;62;31;3;0;4;2;2037;247;502;0;0
11785;2025;10;9999;3;5;8;0;3;0;1;0;0;66;0;5;0;0;13;2;2;0;2813;100;57;0;0
11787;2025;8;9999;2;2;5;5;-1;0;1;0;2;18;0;2;0;0;6;0;0;8;2398;5;275;1;0
11788;2025;2;9999;3;1;8;2;-4;0;5;0;0;70;0;1;37;21;5;2;2;0;1263;847;8;0;0
11799;2025;2;9999;3;2;10;0;-1;0;3;0;0;93;0;2;3;2;14;1;6;1;3164;418;67;0;0
11806;2025;7;9999;3;2;5;0;-5;0;4;0;0;75;0;2;51;22;7;0;5;0;2821;311;128;0;0
11811;2025;2;9999;3;6;3;2;-4;1;2;0;0;71;0;6;21;10;5;1;1;0;2142;696;0;0;0
11814;2025;12;9999;4;8;11;4;9;1;1;3;1;85;0;9;0;0;27;0;3;4;4360;299;213;0;0
11820;2025;15;9999;3;1;7;2;7;0;0;0;2;22;0;1;0;0;4;0;1;7;3841;7;434;0;0
11822;2025;7;9999;3;4;5;2;0;0;0;1;1;50;0;5;10;5;6;1;0;0;2755;0;209;0;0
11823;2025;14;9999;3;5;9;0;2;0;0;0;2;66;0;5;6;1;13;1;2;3;2653;0;308;0;0
11824;2025;1;9999;4;5;11;2;6;0;0;0;3;67;0;6;16;4;12;1;7;0;3469;90;499;0;0
11826;2025;5;9999;4;8;10;9;10;0;0;1;1;76;0;8;4;1;18;0;3;1;4079;58;299;1;0
11827;2025;11;9999;3;2;4;0;-2;0;1;0;0;56;0;2;24;9;5;0;3;3;1547;62;56;0;0
11837;2025;10;9999;3;3;2;0;1;0;0;0;0;66;0;4;41;20;2;1;1;0;2520;28;83;0;0
11840;2025;4;9999;3;8;4;4;0;0;2;0;0;79;0;8;69;38;3;0;2;1;2940;603;18;0;0
11845;2025;5;9999;4;4;6;4;0;0;0;0;1;23;0;4;0;0;8;0;0;4;4964;52;579;0;0
11846;2025;388;9999;1;0;0;0;-1;0;0;0;0;47;0;0;13;5;0;0;0;0;881;0;88;0;0
11853;2025;15;9999;3;7;6;0;0;0;0;0;0;81;0;7;47;24;13;1;4;1;2669;155;56;0;0
11854;2025;15;9999;3;4;6;4;-3;1;4;0;0;76;1;4;0;0;7;1;4;0;2439;390;0;0;0
11858;2025;0;9999;3;2;9;0;3;0;0;1;1;60;0;3;5;1;15;2;2;4;2600;66;289;0;0
11862;2025;15;9999;3;5;9;0;4;0;0;0;1;73;0;5;2;2;15;1;2;0;3051;5;495;0;0
11866;2025;3;9999;4;3;12;0;3;1;0;0;0;87;0;4;14;7;17;1;2;2;3750;300;147;0;0
11876;2025;12;9999;4;2;14;7;8;0;0;1;2;60;0;3;47;36;6;0;1;2;3783;127;233;1;0
11882;2025;1;9999;4;4;7;4;5;0;0;0;0;68;0;4;7;4;13;1;3;0;2849;5;1;0;0
11893;2025;1;9999;2;1;2;0;1;0;0;1;1;65;0;1;14;5;8;0;2;0;1268;0;155;0;0
11904;2025;15;9999;3;5;5;0;-2;0;1;2;0;63;0;5;11;5;20;2;3;3;2964;121;433;0;0
11905;2025;388;9999;4;3;5;2;-3;0;1;0;0;60;0;3;2;1;17;0;3;0;2591;82;48;0;0
11934;2025;124;7;2;0;0;2;-2;0;0;0;0;48;0;0;9;2;2;1;0;1;1122;77;147;0;0
11954;2025;13;9999;4;6;6;0;-6;1;0;1;0;75;0;8;68;36;3;1;9;1;3775;641;272;0;0
11985;2025;134;7;2;0;1;0;2;0;0;0;0;60;0;2;0;0;1;0;0;2;1483;206;0;0;0
12001;2025;127;7;2;0;0;2;-1;0;0;0;0;56;0;2;11;7;4;0;1;1;1525;281;80;0;0
13549;2025;108;6;6;0;1;0;-4;0;0;0;0;52;0;5;0;0;7;1;0;3;4261;0;1355;0;0
13592;2025;92;5;2;0;1;2;2;0;0;0;1;65;0;1;0;0;1;0;3;4;1952;69;371;0;0
13597;2025;112;6;2;0;0;2;1;0;0;0;0;52;0;3;11;5;0;0;0;0;937;0;353;0;0
13606;2025;98;5;2;1;0;2;2;0;0;0;0;60;1;2;2;0;0;0;1;2;1400;735;0;0;0
13615;2025;130;7;3;0;0;0;1;0;0;0;0;60;0;4;0;0;3;0;1;2;2546;0;332;0;0
13624;2025;352;17;1;0;0;2;-1;0;0;0;0;51;0;1;1;0;1;0;0;1;505;0;0;0;0
13683;2025;363;17;1;0;0;0;1;0;0;0;0;62;0;2;0;0;0;0;0;2;1108;0;15;0;0
13697;2025;10;9999;3;1;0;0;-1;0;0;0;0;60;0;2;1;1;8;4;3;1;2479;0;57;0;0
13756;2025;371;17;1;0;0;0;0;0;0;0;0;65;0;5;10;6;2;1;1;0;1026;22;44;0;0
13763;2025;352;17;1;0;0;0;1;0;0;0;0;65;0;2;0;0;1;0;0;1;1030;54;43;0;0
13783;2025;374;17;1;0;0;0;0;0;0;0;0;62;0;1;1;0;0;0;1;1;1129;160;0;0;0
13836;2025;377;17;1;0;0;0;0;0;0;0;0;70;0;3;0;0;1;0;0;1;948;385;153;0;0
14103;2025;369;17;1;0;1;2;-1;0;1;0;0;80;0;1;0;0;1;0;0;0;1093;280;39;0;0
14357;2025;382;17;1;1;1;0;2;0;0;0;0;87;0;4;19;6;1;0;0;0;928;243;86;0;0
14377;2025;126;7;1;1;0;2;1;0;0;0;0;65;1;1;0;0;1;0;1;2;806;0;95;0;0
14380;2025;356;17;1;2;0;0;0;2;0;0;0;69;0;3;0;0;1;0;0;0;1074;104;10;0;0
14436;2025;99;5;1;0;0;0;0;0;0;0;0;55;0;1;7;2;0;0;1;0;235;138;31;0;0
14458;2025;351;16;1;1;0;2;1;0;0;0;0;57;0;3;0;0;2;0;0;0;537;0;0;0;0
14484;2025;385;17;1;0;0;0;0;0;0;0;0;66;0;2;1;1;0;0;0;1;916;406;53;0;0
14526;2025;119;6;5;0;3;10;1;0;0;0;0;58;0;6;0;0;5;0;0;4;3172;671;45;0;0
14530;2025;380;17;1;0;0;0;0;0;0;0;0;68;0;0;0;0;2;0;0;1;1097;31;124;0;0
14532;2025;384;17;1;1;0;0;0;1;0;0;0;70;0;4;4;1;2;0;0;0;1129;63;48;0;0
14562;2025;117;6;1;0;0;0;-1;0;0;0;0;56;0;0;6;4;0;0;1;1;634;58;4;0;0
15661;2025;360;17;1;1;1;0;2;0;0;0;0;73;0;1;0;0;1;0;0;3;1214;0;0;0;0
16513;2025;339;16;1;0;0;0;0;0;0;0;0;50;0;0;0;0;1;0;0;0;477;0;0;0;0
17771;2025;387;9999;4;1;2;2;1;0;0;1;0;62;0;1;0;0;11;2;3;1;1936;72;129;0;0
17841;2025;10;9999;3;1;4;0;-5;0;1;0;0;68;0;2;0;0;9;1;2;0;1598;67;0;0;0
17880;2025;14;9999;3;4;5;0;2;0;0;1;1;59;0;4;1;1;5;0;3;1;1887;0;37;0;0
17884;2025;368;17;1;0;1;0;0;0;1;0;0;54;0;2;16;8;1;1;0;2;999;59;82;0;0
17886;2025;366;17;1;0;0;0;-1;0;0;0;0;58;0;1;14;8;0;0;0;0;1161;156;0;0;0
17886;2025;13;9999;4;2;2;4;-7;0;0;0;0;65;0;2;6;5;8;0;2;0;2110;73;0;0;0
17888;2025;0;9999;3;2;3;2;4;0;0;1;2;63;0;2;2;0;14;2;0;0;1334;0;368;0;0
17889;2025;1;9999;4;1;4;0;-8;0;3;0;0;62;0;1;14;7;6;0;1;0;1761;744;0;0;0
17894;2025;375;17;1;0;0;0;0;0;0;0;0;48;0;0;9;3;3;0;0;1;1110;0;235;0;0
17900;2025;352;17;1;0;0;0;2;0;0;0;0;78;0;5;0;0;0;0;0;0;1041;313;45;0;0
17900;2025;4;9999;3;3;8;0;1;2;1;0;2;69;0;4;0;0;9;0;3;5;2766;400;190;0;0
17906;2025;13;9999;4;2;2;0;-2;0;0;0;0;64;0;2;6;3;7;0;2;0;1962;0;0;0;0
17908;2025;4;9999;3;8;6;2;4;0;1;0;0;81;1;8;37;17;3;2;2;0;2447;620;27;0;0
17912;2025;387;9999;4;2;10;6;10;0;0;0;1;32;0;2;0;0;9;0;0;7;3749;13;346;0;0
17913;2025;365;17;1;0;0;0;-1;0;0;0;0;54;0;1;6;5;0;0;0;0;454;0;0;0;0
17913;2025;388;9999;4;4;5;2;-1;0;3;0;0;71;0;4;24;15;7;1;1;1;1983;226;28;0;0
17914;2025;7;9999;3;0;7;7;3;0;0;0;2;24;0;0;0;0;8;0;2;2;3189;15;620;1;0
17920;2025;12;9999;4;4;7;2;2;0;0;0;0;59;0;4;0;0;20;3;0;2;2968;0;0;0;0
17928;2025;8;9999;2;4;3;5;0;3;1;0;0;79;0;4;0;0;3;0;3;0;2198;241;79;1;1
17933;2025;1;9999;2;1;1;2;1;0;0;1;1;62;0;1;11;6;4;0;1;0;920;6;325;0;0
17934;2025;123;6;3;1;0;0;0;0;0;0;0;55;0;3;0;0;0;0;0;1;1497;0;293;0;0
17934;2025;2;9999;3;3;3;2;-2;0;0;0;0;31;0;3;0;0;3;0;1;3;3382;0;172;0;0
17948;2025;0;9999;3;4;9;0;5;2;0;0;0;83;0;4;0;0;8;0;3;1;2094;476;0;0;0
17951;2025;352;17;1;0;0;0;0;0;0;0;0;58;0;5;0;0;2;0;1;1;997;274;105;0;0
17953;2025;133;7;3;0;0;4;-2;0;0;0;0;63;0;7;2;0;6;0;0;0;2080;415;0;0;0
17953;2025;4;9999;3;1;3;4;-3;0;0;0;0;63;0;1;2;0;5;2;2;0;1589;0;69;0;0
17955;2025;127;7;2;0;1;0;0;0;0;0;0;64;0;3;0;0;0;0;0;2;1807;177;0;0;0
17955;2025;7;9999;3;1;4;4;-4;0;0;0;0;70;0;2;0;0;8;1;3;0;2204;224;166;0;0
17960;2025;15;9999;3;2;2;2;-3;0;0;1;0;61;0;3;1;0;11;0;0;0;1780;130;56;0;0
17962;2025;0;9999;3;0;7;2;6;0;0;0;1;56;0;0;0;0;6;0;0;3;2812;0;88;0;0
17966;2025;13;9999;4;0;7;0;-7;0;2;0;0;74;0;0;2;1;14;1;1;3;3028;358;0;0;0
17969;2025;9;9999;4;4;8;0;3;0;0;0;0;78;0;4;61;27;12;0;2;0;3386;227;61;0;0
17970;2025;7;9999;3;5;11;4;1;2;3;0;0;86;0;5;2;1;12;1;1;0;2715;194;25;0;0
17973;2025;127;7;2;0;0;0;-1;0;0;0;0;56;0;1;14;6;0;0;0;1;1038;132;56;0;0
17973;2025;7;9999;3;6;3;0;-1;0;0;1;0;62;0;6;38;21;6;0;2;2;2817;125;208;0;0
17975;2025;368;17;1;0;1;2;2;0;0;0;0;66;0;0;0;0;1;0;1;4;1097;40;122;0;0
17983;2025;376;17;1;0;0;2;0;0;0;0;0;52;0;2;3;2;2;1;0;1;1047;124;109;0;0
17984;2025;136;7;1;0;0;0;0;0;0;0;0;66;0;0;18;5;1;0;1;1;903;362;0;0;0
17984;2025;0;9999;3;2;3;0;-1;0;0;0;0;64;0;2;29;20;2;0;2;0;1911;25;0;0;0
17985;2025;12;9999;4;4;7;0;9;1;0;0;0;36;0;4;0;0;6;0;0;2;3883;48;224;0;0
17987;2025;381;17;1;0;0;0;0;0;0;0;0;69;0;4;8;3;0;1;0;0;841;232;212;0;0
17992;2025;358;17;1;0;0;2;-1;0;0;0;0;50;0;0;0;0;1;0;0;1;642;0;99;0;0
17994;2025;358;17;1;0;0;0;-1;0;0;0;0;52;0;0;9;4;0;0;2;0;408;0;70;0;0
17996;2025;9;9999;4;9;4;0;0;0;0;1;0;80;1;10;5;4;7;0;1;1;3589;77;211;0;0
17997;2025;6;9999;4;3;0;0;-2;0;0;1;0;63;0;3;16;7;10;1;0;0;1739;34;38;0;0
18001;2025;127;7;2;0;1;2;0;0;0;0;0;58;0;4;0;0;2;2;0;0;1844;467;49;0;0
18001;2025;6;9999;4;5;2;0;-4;0;0;2;0;77;1;5;0;0;14;0;3;1;3342;7;174;0;0
18002;2025;13;9999;4;4;12;5;-10;1;4;0;0;91;0;4;1;1;21;1;4;3;3219;1157;0;1;0
18004;2025;368;17;1;1;0;0;1;0;0;0;0;64;1;6;0;0;1;0;0;0;770;273;0;0;0
18008;2025;137;7;1;0;0;2;-1;0;0;0;0;60;0;2;0;0;4;0;0;1;675;58;0;0;0
18008;2025;4;9999;3;4;7;0;6;0;0;0;0;62;0;4;1;0;10;0;2;0;2572;13;127;0;0
18013;2025;12;9999;3;2;12;4;2;0;3;0;0;92;1;2;3;2;15;0;1;2;2234;453;17;0;0
18014;2025;363;17;1;0;2;0;0;0;0;0;0;50;0;3;13;9;1;0;0;0;964;26;63;0;0
18015;2025;357;17;1;0;1;0;0;0;0;0;0;80;0;1;0;0;1;1;0;0;1093;179;217;0;0
18017;2025;0;9999;3;3;1;2;1;0;0;0;0;71;0;3;41;18;7;1;0;2;2914;66;0;0;0
18024;2025;10;9999;3;0;10;2;7;0;1;0;2;32;0;0;0;0;7;0;0;2;3318;81;352;0;0
18025;2025;95;5;1;0;0;0;0;0;0;0;0;50;0;1;0;0;0;1;0;0;352;430;0;0;0
18025;2025;132;7;2;1;0;0;2;1;0;0;0;69;0;5;0;0;2;0;0;0;1603;307;91;0;0
18025;2025;2;9999;3;7;7;0;2;2;1;0;0;86;0;8;0;0;11;1;2;3;3251;808;138;0;0
18029;2025;126;7;1;0;0;0;2;0;0;0;0;51;0;1;0;0;0;0;0;0;161;0;77;0;0
18029;2025;10;9999;3;5;8;0;6;0;1;1;0;59;0;5;0;0;7;1;2;6;3583;148;171;0;0
18036;2025;132;7;2;0;0;4;0;0;0;0;0;50;0;2;3;2;0;1;0;1;804;0;0;0;0
18037;2025;135;7;1;0;0;0;1;0;0;0;0;52;0;0;1;1;0;0;0;0;80;0;40;0;0
18037;2025;7;9999;3;3;3;4;1;0;0;0;1;65;0;4;1;0;14;0;3;0;1300;0;442;0;0
18039;2025;6;9999;4;0;3;0;-3;0;0;0;0;73;0;0;0;0;14;3;2;0;3577;194;8;0;0
18040;2025;135;7;3;0;2;2;1;0;0;0;0;64;0;1;1;1;3;0;0;5;2234;82;177;0;0
18040;2025;3;9999;4;3;8;0;1;0;0;0;0;80;0;5;2;1;15;1;2;1;3680;69;186;0;0
18041;2025;363;17;1;1;2;2;0;1;0;0;0;80;1;4;28;18;2;0;0;0;843;356;0;0;0
18043;2025;3;9999;4;2;3;0;-2;0;0;0;0;73;0;2;1;0;14;0;2;0;2255;103;0;0;0
18044;2025;8;9999;4;4;5;0;7;0;0;0;0;69;0;4;36;17;5;1;3;1;2117;0;0;0;0
18045;2025;9;9999;4;3;8;0;7;0;0;0;3;32;0;3;0;0;12;0;0;4;4013;209;581;0;0
18050;2025;135;7;2;1;0;0;1;1;0;0;0;57;0;2;0;0;1;1;1;0;1537;393;0;0;0
18052;2025;14;9999;3;4;7;0;1;1;2;1;2;81;0;4;0;0;5;0;1;1;2327;743;311;0;0
18053;2025;1;9999;4;2;2;4;2;0;0;0;0;67;0;2;40;21;9;1;2;0;2836;28;7;0;0
18055;2025;134;7;3;0;0;0;0;0;0;0;0;60;0;1;2;2;3;1;1;1;2100;532;90;0;0
18055;2025;11;9999;3;0;5;4;3;0;0;0;0;71;0;0;0;0;7;0;0;1;1605;4;1;0;0
18057;2025;387;9999;4;1;14;5;11;0;0;0;4;48;0;1;0;0;9;0;4;9;4251;126;821;1;1
18062;2025;386;17;1;0;0;0;-1;0;0;0;0;53;0;1;0;0;0;2;1;1;926;256;50;0;0
18063;2025;361;17;1;0;1;0;2;0;0;0;0;51;0;1;0;0;1;0;0;1;353;0;0;0;0
18065;2025;356;17;1;0;0;0;-2;0;0;0;0;52;0;0;2;0;1;0;0;0;754;0;0;0;0
18068;2025;9;9999;4;2;1;0;-4;0;0;0;1;57;0;2;3;0;8;3;1;1;1586;34;253;0;0
18072;2025;0;9999;3;1;7;2;4;0;0;0;2;57;0;1;0;0;7;0;1;1;3563;78;366;0;0
18073;2025;380;17;1;0;0;0;0;0;0;0;0;85;0;6;0;0;3;0;2;3;1159;259;0;0;0
18074;2025;14;9999;3;1;6;6;4;0;0;0;1;47;0;1;0;0;4;1;2;6;3361;129;481;0;0
18078;2025;0;9999;3;4;7;2;2;0;2;0;0;72;0;4;0;0;5;0;1;4;3265;441;0;0;0
18081;2025;10;9999;3;3;0;0;-8;0;0;0;0;64;0;3;32;19;4;0;1;1;1533;61;0;0;0
18082;2025;15;9999;3;1;5;2;-7;0;0;0;0;73;0;1;0;0;9;1;3;1;2311;132;0;0;0
18083;2025;5;9999;4;2;3;0;-5;0;1;0;1;63;0;2;49;20;2;0;5;0;1952;568;136;0;0
18084;2025;136;7;3;0;0;10;-1;0;0;0;0;59;0;6;5;2;2;0;0;0;2257;939;3;0;0
18084;2025;2;9999;3;4;5;0;3;0;0;0;0;83;0;4;0;0;14;2;2;0;2465;116;67;0;0
18086;2025;2;9999;3;1;2;2;-9;0;0;0;0;58;0;1;0;0;7;0;1;2;2849;172;76;0;0
18087;2025;128;7;3;0;0;0;-1;0;0;0;0;54;0;9;0;0;1;0;0;3;2695;13;322;0;0
18087;2025;15;9999;3;0;4;2;-5;0;2;0;1;51;0;0;0;0;5;0;0;1;3208;66;136;0;0
18089;2025;2;9999;3;0;3;7;-6;0;0;0;0;52;0;0;0;0;3;0;0;4;2545;173;57;1;1
18100;2025;370;17;1;1;0;0;-1;0;0;0;0;52;0;1;0;0;0;0;0;0;938;0;63;0;0
18100;2025;0;9999;3;1;7;0;5;0;0;0;0;40;0;1;0;0;6;0;2;7;3114;28;436;0;0
18104;2025;387;9999;4;3;12;2;-7;1;2;0;0;83;0;3;6;3;13;3;3;2;3274;711;119;0;0
18105;2025;141;8;2;2;0;2;0;0;0;0;0;63;1;5;8;4;8;0;2;2;2141;353;245;0;0
18105;2025;13;9999;4;5;10;4;7;0;0;0;0;62;0;5;7;0;14;1;2;2;4027;56;499;0;0
18106;2025;377;17;1;0;0;0;0;0;0;0;0;58;0;3;0;0;2;1;0;0;899;404;136;0;0
18107;2025;360;17;1;0;1;0;0;0;0;0;0;64;0;2;0;0;0;1;0;0;1349;0;43;0;0
18108;2025;385;17;1;0;0;2;0;0;0;0;0;57;0;1;0;0;1;2;1;2;757;153;0;0;0
18116;2025;137;7;1;1;0;0;-2;1;0;0;0;60;0;2;0;0;0;0;0;0;497;555;104;0;0
18116;2025;3;9999;1;0;0;0;-1;0;0;0;0;64;0;0;0;0;2;0;0;0;619;0;0;0;0
18118;2025;380;17;1;0;0;0;-2;0;0;0;0;47;0;3;1;1;1;1;0;1;1116;87;0;0;0
18119;2025;7;9999;3;2;4;0;-7;0;1;0;1;33;0;2;0;0;5;0;0;11;2707;141;622;0;0
18125;2025;7;9999;3;1;2;0;-9;0;0;0;1;17;0;1;0;0;1;0;0;4;2963;0;153;0;0
18126;2025;367;17;1;0;0;0;-1;0;0;0;0;60;0;2;1;0;2;0;0;1;828;74;148;0;0
18128;2025;387;9999;4;4;3;4;-1;0;0;0;0;65;0;4;56;25;2;1;2;1;2991;15;28;0;0
18129;2025;132;7;1;0;0;0;0;0;0;0;0;61;0;1;0;0;2;0;1;2;936;0;66;0;0
18129;2025;7;9999;3;2;2;0;-3;1;0;0;1;48;0;2;0;0;5;0;1;3;3164;269;262;0;0
18130;2025;125;7;1;0;0;0;0;0;0;0;0;64;0;0;19;11;1;1;0;0;588;96;341;0;0
18130;2025;10;9999;3;2;4;4;-6;0;0;0;0;68;0;2;1;1;19;2;0;1;2585;84;5;0;0
18152;2025;10;9999;3;2;3;4;-1;0;1;0;0;63;0;2;0;0;4;1;0;4;3181;200;147;0;0
18155;2025;127;7;1;0;0;2;-1;0;0;0;0;64;0;3;0;0;1;0;0;2;1175;232;188;0;0
18155;2025;7;9999;3;5;9;4;-1;4;1;0;2;86;0;5;0;0;12;0;2;4;3528;284;278;0;0
18156;2025;12;9999;4;2;6;0;-3;1;4;0;1;72;0;2;21;9;7;1;3;3;1907;702;70;0;0
18159;2025;4;9999;3;2;3;2;-6;1;0;0;0;29;0;2;0;0;3;0;1;3;2903;321;142;0;0
18164;2025;1;9999;1;0;3;0;-1;0;0;0;1;22;0;1;0;0;2;0;0;2;950;7;111;0;0
18167;2025;120;6;4;1;1;2;-1;0;0;0;0;64;1;5;38;20;0;0;1;1;2501;537;21;0;0
18167;2025;2;9999;3;5;3;0;-7;1;0;0;0;72;0;6;13;5;9;0;5;0;2216;150;0;0;0
18170;2025;7;9999;3;0;3;0;-11;0;0;0;0;68;0;0;0;0;8;2;3;0;2415;256;0;0;0
18178;2025;12;9999;4;5;10;0;-4;1;1;0;0;81;0;5;5;1;9;1;3;1;3225;286;94;0;0
18184;2025;387;9999;4;5;6;9;1;0;1;0;0;93;0;5;0;0;25;1;1;2;3402;373;0;1;1
18189;2025;364;17;1;0;0;0;-1;0;0;0;0;68;0;3;0;0;1;0;1;2;1066;162;169;0;0
18196;2025;383;17;1;0;0;0;-1;0;0;0;0;68;0;4;2;1;0;0;0;0;844;135;0;0;0
18199;2025;388;9999;2;1;4;2;1;1;0;0;0;40;0;1;0;0;7;0;0;3;2081;97;123;0;0
18210;2025;5;9999;4;2;5;2;-3;0;0;0;2;57;0;2;3;2;9;0;2;1;2178;0;325;0;0
18212;2025;388;9999;4;1;7;2;-9;0;0;0;1;63;0;1;0;0;7;0;2;7;4107;130;180;0;0
18216;2025;10;9999;3;5;6;4;-5;3;2;0;1;81;0;5;0;0;6;1;0;6;2929;354;83;0;0
18217;2025;378;17;1;1;0;0;1;0;0;0;0;71;0;2;29;15;2;0;0;1;1218;240;0;0;0
18228;2025;387;9999;1;0;2;2;2;0;0;0;0;77;0;0;0;0;7;1;0;0;822;0;0;0;0
18235;2025;12;9999;4;2;6;0;4;0;2;0;1;32;0;2;0;0;7;0;1;1;3941;120;163;0;0
18244;2025;7;9999;3;1;7;4;-8;0;2;1;0;71;0;1;47;25;5;0;5;2;2383;246;13;0;0
18247;2025;357;17;1;0;0;0;0;0;0;0;0;53;0;0;0;0;0;0;0;0;403;0;0;0;0
18252;2025;7;9999;3;4;1;0;-6;0;0;0;1;73;0;4;1;1;8;1;3;0;2226;3;60;0;0
18253;2025;348;16;3;0;1;0;-1;0;1;0;0;62;0;8;3;1;1;2;3;2;1949;699;37;0;0
18253;2025;0;9999;3;9;5;2;6;0;0;0;0;94;1;10;1;1;16;1;1;0;2522;33;159;0;0
18255;2025;6;9999;4;0;3;0;-5;0;0;0;0;64;0;1;47;20;3;0;5;0;2449;357;47;0;0
18256;2025;6;9999;4;2;1;2;-4;0;0;0;0;60;0;2;8;5;4;1;2;1;2058;0;54;0;0
18259;2025;387;9999;4;3;5;2;4;0;0;1;0;81;0;3;4;1;29;1;1;3;2092;90;228;0;0
18263;2025;13;9999;4;5;6;2;-11;5;2;0;0;72;0;6;0;0;12;2;1;5;4510;1132;176;0;0
18272;2025;355;17;1;0;0;0;0;0;0;0;0;67;0;5;9;6;0;0;0;0;663;413;38;0;0
18273;2025;12;9999;4;6;9;4;6;0;0;0;1;69;0;6;9;2;17;1;4;1;3247;56;173;0;0
18275;2025;5;9999;4;2;5;2;3;0;0;0;0;31;0;2;0;0;2;0;1;7;4104;45;314;0;0
18286;2025;7;9999;3;2;5;2;-4;2;2;0;0;77;0;2;0;0;10;0;1;5;3126;282;0;0;0
18295;2025;377;17;1;0;2;2;0;0;0;0;0;70;0;2;18;9;0;0;0;0;783;339;62;0;0
18314;2025;367;17;1;0;0;0;-1;0;0;0;0;80;0;4;13;7;2;2;0;1;971;303;271;0;0
18328;2025;6;9999;4;1;4;2;-1;0;0;0;2;41;0;2;0;0;8;0;1;6;4027;115;213;0;0
18333;2025;11;9999;3;4;7;0;2;2;2;1;0;74;0;5;0;0;8;0;0;1;2992;378;78;0;0
18335;2025;373;17;1;0;1;0;-2;0;0;0;0;54;0;1;3;1;2;0;0;1;959;324;65;0;0
18335;2025;12;9999;1;2;2;0;3;0;0;0;0;79;0;2;2;1;5;0;1;0;917;0;12;0;0
18335;2025;7;9999;3;4;5;0;0;0;0;3;1;59;0;5;12;4;5;2;7;2;1385;99;601;0;0
18341;2025;14;9999;3;1;3;0;-10;0;0;0;0;61;0;1;0;0;5;2;1;0;1576;248;0;0;0
18346;2025;387;9999;4;8;7;0;8;0;1;5;1;63;1;8;57;31;1;1;2;0;1917;6;442;0;0
18347;2025;1;9999;4;2;2;0;8;0;0;1;0;58;0;2;0;0;11;0;0;8;3993;70;749;0;0
18348;2025;2;9999;3;1;8;4;5;0;0;0;1;25;0;1;0;0;5;0;0;5;3524;0;166;0;0
18352;2025;381;17;1;0;0;0;-1;0;0;0;0;68;0;3;0;0;0;0;1;0;920;0;136;0;0
18375;2025;388;9999;4;3;3;0;-8;0;1;0;0;24;0;3;0;0;7;0;0;8;3961;28;204;0;0
18383;2025;13;9999;4;6;3;0;-4;0;1;0;0;57;0;6;0;0;6;0;3;7;4280;133;120;0;0
18384;2025;375;17;1;0;0;0;0;0;0;0;0;74;0;5;0;0;1;0;1;0;1015;0;270;0;0
18387;2025;6;9999;4;1;4;4;2;0;0;0;1;36;0;1;0;0;8;0;0;3;3893;0;350;0;0
18399;2025;9;9999;4;7;8;6;3;0;2;0;0;87;0;7;0;0;15;0;3;3;3632;1023;0;0;0
18413;2025;385;17;1;0;0;4;0;0;0;0;0;42;0;0;0;0;1;1;0;0;799;23;48;0;0
18420;2025;99;5;1;0;0;0;1;0;0;0;0;53;0;1;0;0;0;0;0;0;445;0;32;0;0
18420;2025;135;7;2;0;0;14;2;0;0;0;0;57;0;3;0;0;3;1;0;0;1808;372;0;0;0
18420;2025;10;9999;3;2;8;2;0;2;0;0;1;33;1;3;0;0;7;1;2;3;2968;193;219;0;0
18427;2025;13;9999;4;2;5;2;-7;0;0;0;0;73;0;3;1;0;19;0;1;0;2838;33;84;0;0
18434;2025;12;9999;4;4;3;4;2;1;0;0;0;31;0;4;0;0;8;0;1;4;4074;149;83;0;0
18436;2025;127;7;2;0;0;0;0;0;0;0;0;57;0;2;0;0;1;0;0;2;1804;493;210;0;0
18436;2025;11;9999;3;6;6;0;2;0;1;0;0;71;0;6;0;0;4;0;1;5;3720;405;48;0;0
18441;2025;7;9999;3;1;2;0;-3;0;0;0;0;51;0;1;27;8;2;0;1;0;1737;0;0;0;0
18449;2025;365;17;1;0;1;0;3;0;0;0;0;66;0;5;0;0;2;0;2;2;1231;21;226;0;0
18450;2025;137;7;3;0;1;2;-2;0;0;0;0;60;0;2;8;2;4;2;2;2;1675;444;506;0;0
18454;2025;387;9999;4;7;6;2;7;0;0;0;2;30;0;7;0;0;4;0;0;8;3854;70;715;0;0
18468;2025;8;9999;4;1;5;0;1;0;0;0;1;28;0;1;0;0;6;0;0;3;3910;0;264;0;0
18470;2025;358;17;1;0;0;0;0;0;0;0;0;86;0;2;0;0;1;1;0;1;1078;301;0;0;0
18471;2025;13;9999;4;1;4;0;-7;0;1;0;0;63;0;1;36;17;5;1;4;0;1992;523;34;0;0
18475;2025;354;17;1;0;0;0;-3;0;0;0;0;53;0;0;3;1;5;0;1;1;1018;0;96;0;0
18480;2025;9;9999;4;2;6;2;-5;0;2;0;0;47;0;3;0;0;10;0;1;6;3436;558;208;0;0
18481;2025;379;17;1;0;0;0;-1;0;0;0;0;61;0;1;3;0;3;0;0;0;1162;132;100;0;0
18484;2025;119;6;4;0;1;6;-5;0;1;0;0;60;0;10;2;1;9;1;2;1;2155;971;0;0;0
18484;2025;0;9999;3;2;6;0;3;0;1;0;0;88;1;2;0;0;12;1;2;1;2857;61;0;0;0
18487;2025;2;9999;1;0;1;0;-2;0;0;0;0;60;0;0;2;1;1;0;0;1;396;0;0;0;0
18490;2025;387;9999;4;7;6;0;-5;4;1;0;1;64;0;8;0;0;8;0;0;4;3902;345;396;0;0
18492;2025;13;9999;4;5;11;4;-7;2;2;0;0;88;0;6;1;0;18;2;4;3;3532;813;137;0;0
18495;2025;15;9999;3;6;2;0;-11;3;0;0;1;69;0;6;0;0;7;0;3;2;2427;547;216;0;0
18497;2025;12;9999;1;2;0;2;2;0;0;0;0;74;0;2;3;1;2;1;0;0;666;0;0;0;0
18498;2025;6;9999;4;1;2;0;-3;0;0;1;0;67;0;1;6;4;12;1;1;1;2182;0;252;0;0
18521;2025;137;7;2;0;1;0;-1;0;0;0;0;58;0;1;2;1;0;0;0;1;1290;161;67;0;0
18521;2025;4;9999;3;3;8;2;3;0;2;0;0;91;0;5;1;1;24;2;3;1;2890;692;13;0;0
18539;2025;113;6;5;1;4;0;3;1;1;0;0;68;0;7;20;9;0;1;4;3;3173;617;210;0;0
18539;2025;0;9999;3;5;5;0;6;0;0;1;0;84;0;6;6;3;15;0;0;0;3150;28;26;0;0
18549;2025;357;17;1;0;0;0;0;0;0;0;0;65;0;2;0;0;1;0;0;0;966;200;120;0;0
18551;2025;359;17;1;0;0;0;0;0;0;0;0;71;0;4;0;0;1;0;0;1;988;304;115;0;0
18551;2025;9;9999;4;7;4;5;0;4;2;0;0;82;0;7;0;0;4;0;4;6;3949;1037;209;1;0
18556;2025;355;17;1;1;0;0;0;1;0;0;0;85;1;8;2;2;2;0;0;0;704;486;62;0;0
18559;2025;388;9999;4;2;4;0;-2;0;0;0;1;66;0;2;48;16;7;0;2;2;3125;54;54;0;0
18560;2025;361;17;1;0;0;0;-2;0;0;0;0;63;0;0;1;0;0;1;0;0;773;78;85;0;0
18565;2025;11;9999;3;3;3;4;-2;0;1;0;0;73;0;3;39;20;9;0;3;2;2786;85;115;0;0
18576;2025;14;9999;3;0;2;4;-10;0;0;0;0;59;0;0;0;0;11;1;3;2;1327;410;0;0;0
18582;2025;12;9999;3;1;2;0;0;0;0;0;0;61;0;1;8;3;9;2;1;0;1375;0;90;0;0
18586;2025;15;9999;3;1;3;0;-9;0;1;0;1;26;0;1;0;0;9;0;1;4;2441;8;234;0;0
18587;2025;369;17;1;0;0;0;0;0;0;0;0;68;0;2;0;0;2;0;0;2;1114;120;113;0;0
18594;2025;8;9999;4;1;4;0;7;0;0;0;0;68;0;1;3;2;7;0;1;1;1895;0;0;0;0
18611;2025;11;9999;3;1;3;2;3;0;0;0;1;46;0;1;0;0;7;0;1;7;2833;0;275;0;0
18613;2025;376;17;1;1;0;0;0;0;0;0;0;67;1;2;4;2;0;0;0;1;1028;124;0;0;0
18615;2025;15;9999;3;0;2;4;-5;0;0;0;1;43;0;0;0;0;4;0;2;2;3268;172;200;0;0
18620;2025;9;9999;4;4;4;2;-2;0;1;0;0;69;0;4;19;8;11;1;1;1;2263;235;18;0;0
18622;2025;126;7;2;0;1;0;2;0;0;0;0;58;0;2;0;0;0;0;1;1;1741;0;314;0;0
18622;2025;4;9999;3;1;3;0;-3;0;0;1;1;21;0;1;0;0;4;0;1;1;2677;15;355;0;0
18628;2025;5;9999;4;3;8;0;-4;1;2;0;1;75;0;3;0;0;7;0;5;7;4020;733;236;0;0
18629;2025;384;17;1;0;0;0;-1;0;0;0;0;68;0;0;0;0;1;0;0;2;1291;0;15;0;0
18636;2025;13;9999;4;0;3;0;1;0;0;0;0;42;0;0;0;0;2;0;1;3;3451;40;113;0;0
18646;2025;12;9999;4;1;2;0;1;1;0;0;0;63;0;1;0;0;12;1;0;0;1820;274;1;0;0
18674;2025;11;9999;3;0;1;2;3;0;0;0;0;47;0;0;0;0;7;1;1;3;2999;19;107;0;0
18675;2025;382;17;1;0;0;0;0;0;0;0;0;57;0;2;1;1;4;0;0;0;1034;118;173;0;0
18676;2025;3;9999;4;4;3;4;2;0;0;1;0;55;0;5;10;2;16;0;1;1;2899;54;453;0;0
18680;2025;9;9999;4;2;9;6;-7;1;0;0;0;24;0;2;0;0;5;0;4;4;3915;129;87;0;0
18692;2025;375;17;1;0;0;0;0;0;0;0;0;83;0;1;1;0;3;3;1;0;1104;0;235;0;0
18713;2025;14;9999;3;3;8;0;-4;0;0;0;1;48;0;3;0;0;3;0;1;4;3201;34;329;0;0
18724;2025;2;9999;3;3;4;0;-2;1;0;0;0;76;1;3;0;0;6;1;3;0;2725;542;0;0;0
18726;2025;387;9999;4;0;9;2;-4;0;2;0;3;51;0;1;0;0;9;1;2;8;4000;92;187;0;0
18746;2025;385;17;1;0;1;0;-2;0;0;0;0;66;0;0;0;0;3;0;1;2;801;395;33;0;0
18749;2025;4;9999;3;1;6;4;-3;0;0;1;2;69;0;1;8;4;15;1;2;2;1780;16;561;0;0
18751;2025;375;17;1;0;0;0;-1;0;0;0;0;68;0;2;0;0;1;0;0;1;1006;138;65;0;0
18756;2025;377;17;1;1;0;0;0;1;0;0;0;62;0;4;1;0;1;1;0;1;916;411;0;0;0
18763;2025;3;9999;4;1;2;0;-3;0;1;0;0;63;0;1;41;18;4;0;0;1;2543;162;73;0;0
18773;2025;15;9999;3;1;4;0;-7;0;1;0;0;61;0;1;24;10;3;2;2;0;1736;150;0;0;0
18777;2025;10;9999;3;1;7;2;-2;0;0;0;0;69;0;1;4;3;9;1;1;0;1682;5;0;0;0
18783;2025;365;17;2;0;0;0;4;0;0;0;0;57;0;4;3;2;2;2;0;0;1457;90;96;0;0
18786;2025;387;9999;4;5;9;4;1;0;0;2;2;61;0;6;2;1;14;2;2;1;2648;25;714;0;0
18792;2025;353;17;1;0;0;0;1;0;0;0;0;76;0;3;0;0;0;0;0;5;1297;191;0;0;0
18792;2025;0;9999;3;2;10;2;8;0;2;1;0;75;0;2;1;1;8;1;2;2;3423;169;227;0;0
18794;2025;365;17;1;0;0;0;0;0;0;0;0;79;0;2;0;0;0;0;0;0;1179;69;33;0;0
18795;2025;3;9999;1;0;0;0;-1;0;0;0;0;59;0;0;0;0;3;1;0;0;693;0;0;0;0
18799;2025;9;9999;4;1;7;0;-3;0;0;0;0;71;0;1;0;0;16;3;0;1;2981;147;31;0;0
18800;2025;3;9999;4;1;2;2;-3;1;0;0;0;26;0;1;0;0;5;1;1;1;4274;116;694;0;0
18808;2025;359;17;1;0;0;2;-1;0;0;0;0;40;0;1;1;0;0;1;0;0;542;0;23;0;0
18812;2025;378;17;1;1;0;0;0;0;0;0;0;67;0;2;7;5;2;0;0;1;791;122;179;0;0
18815;2025;371;17;1;0;0;7;-1;0;0;0;0;58;0;3;0;0;0;1;0;2;912;386;105;1;0
18815;2025;8;9999;4;3;8;9;-1;0;0;1;0;35;0;3;0;0;8;0;2;5;4272;64;593;1;0
18820;2025;381;17;1;0;0;0;-1;0;0;0;0;81;0;1;0;0;2;0;3;2;946;0;225;0;0
18821;2025;364;17;1;0;0;0;-3;0;0;0;0;65;0;1;5;2;2;0;1;0;872;217;37;0;0
18822;2025;359;17;1;0;1;0;1;0;0;0;0;65;0;2;17;8;1;0;0;0;1006;158;63;0;0
18823;2025;2;9999;3;0;4;2;-1;0;0;0;0;28;0;0;0;0;3;1;3;3;3291;0;163;0;0
18829;2025;364;17;1;0;0;0;0;0;0;0;0;66;0;1;0;0;0;0;0;0;1227;94;0;0;0
18847;2025;362;17;1;0;0;0;0;0;0;0;0;69;0;3;0;0;1;0;0;1;1278;81;0;0;0
18881;2025;370;17;1;0;0;0;0;0;0;0;0;54;0;0;4;0;1;0;0;3;1163;92;0;0;0
18883;2025;361;17;1;0;0;0;-1;0;0;0;0;87;0;3;0;0;2;0;1;0;1102;270;75;0;0
18894;2025;386;17;1;0;0;0;0;0;0;0;0;56;0;0;0;0;1;0;0;1;733;0;95;0;0
18905;2025;355;17;1;0;1;0;0;0;0;0;0;50;0;0;1;0;0;1;0;0;504;13;0;0;0
18906;2025;360;17;1;0;0;0;0;0;0;0;0;60;0;4;0;0;0;0;1;1;986;153;0;0;0
18910;2025;136;7;1;0;0;4;0;0;0;0;0;68;0;3;1;0;4;0;1;3;722;474;79;0;0
18910;2025;4;9999;3;3;9;2;6;1;1;1;0;67;0;3;8;3;13;0;2;2;2222;189;287;0;0
18914;2025;5;9999;4;0;5;0;-1;0;0;0;1;68;0;0;4;1;11;2;4;1;1938;0;421;0;0
18928;2025;14;9999;3;1;7;4;10;0;0;0;1;31;0;1;0;0;5;1;0;1;2426;48;539;0;0
18935;2025;363;17;1;0;0;2;0;0;0;0;0;49;0;3;0;0;1;1;0;0;797;0;108;0;0
18949;2025;356;17;1;1;0;0;1;0;0;0;0;55;0;3;0;0;0;1;0;0;528;0;0;0;0
18971;2025;15;9999;3;2;0;0;-6;1;0;1;0;64;0;2;21;10;6;0;2;1;1591;28;191;0;0
18979;2025;372;17;1;0;0;0;0;0;0;0;0;60;0;3;0;0;0;0;1;3;569;0;0;0;0
19003;2025;8;9999;4;0;4;2;-5;0;0;0;0;28;0;0;0;0;4;0;1;3;3819;12;146;0;0
19007;2025;381;17;1;0;0;0;0;0;0;0;0;64;0;2;0;0;0;1;1;0;1077;282;94;0;0
19011;2025;377;17;1;0;0;0;0;0;0;0;0;55;0;1;0;0;0;1;0;1;1003;55;140;0;0
19050;2025;13;9999;4;0;2;0;-2;0;0;0;1;41;0;0;0;0;7;1;2;6;3559;0;603;0;0
19052;2025;2;9999;2;3;5;0;1;1;0;0;0;91;1;3;1;0;9;0;2;0;1755;329;4;0;0
19060;2025;9;9999;4;1;11;2;-1;0;0;0;2;59;0;1;5;1;17;5;3;3;3287;0;288;0;0
19071;2025;15;9999;3;1;3;2;-5;1;0;0;0;62;0;1;4;0;7;1;1;1;1367;10;0;0;0
19093;2025;8;9999;4;4;15;2;0;2;5;0;0;65;1;5;0;0;8;0;3;8;4783;427;123;0;0
19106;2025;356;17;1;1;0;0;2;0;0;0;0;72;0;4;17;8;0;0;0;0;1008;151;0;0;0
19127;2025;2;9999;3;1;2;2;-2;0;0;0;0;62;0;1;2;0;3;1;4;0;1912;33;12;0;0
19137;2025;388;9999;4;4;12;4;7;1;4;0;0;85;0;4;0;0;14;1;1;6;4301;683;159;0;0
19143;2025;388;9999;2;0;0;4;-5;0;0;0;0;29;0;0;0;0;7;0;0;1;1598;0;35;0;0
19153;2025;4;9999;3;1;3;6;-4;0;0;0;0;62;0;1;35;18;5;2;5;0;1636;0;3;0;0
19160;2025;374;17;1;0;0;0;0;0;0;0;0;72;0;4;0;0;5;0;0;0;1147;81;78;0;0
19177;2025;387;9999;4;2;8;0;5;0;0;1;1;67;0;3;14;10;15;2;1;1;2667;0;561;0;0
19178;2025;362;17;1;0;0;0;-1;0;0;0;0;56;0;1;0;0;1;0;0;1;500;110;0;0;0
19178;2025;0;9999;3;2;4;2;-3;0;0;0;0;71;0;2;0;0;7;0;2;0;1797;20;0;0;0
19184;2025;375;17;1;1;1;0;1;0;1;0;0;81;0;3;21;13;2;0;1;1;494;390;19;0;0
19186;2025;11;9999;3;2;8;2;2;0;1;0;2;31;0;2;0;0;7;0;0;8;2703;54;366;0;0
19194;2025;9;9999;4;2;7;2;-4;0;1;0;0;78;0;3;1;0;12;2;3;1;2736;759;0;0;0
19211;2025;367;17;1;0;0;0;0;0;0;0;0;56;0;1;6;3;0;0;0;0;442;74;0;0;0
19215;2025;357;17;1;0;0;0;1;0;0;0;0;69;0;3;0;0;2;0;0;1;999;0;100;0;0
19216;2025;364;17;1;0;0;0;1;0;0;0;0;66;0;2;0;0;2;0;0;0;736;151;40;0;0
19216;2025;8;9999;4;7;9;19;6;1;4;0;0;86;0;7;1;1;17;1;3;3;3171;376;0;1;0
19220;2025;10;9999;3;4;6;2;4;0;1;0;0;83;0;4;5;1;12;0;2;0;2415;72;0;0;0
19227;2025;14;9999;3;4;3;4;-1;1;0;0;0;73;0;4;0;0;5;0;2;0;2445;543;0;0;0
19232;2025;377;17;1;0;1;0;0;0;1;0;0;67;0;3;3;3;0;0;1;1;843;328;62;0;0
19249;2025;4;9999;3;5;7;8;9;0;0;0;0;64;0;5;0;0;11;0;1;3;3715;87;28;0;0
19252;2025;374;17;1;0;0;0;0;0;0;0;0;68;0;4;0;0;0;1;0;1;1467;157;24;0;0
19256;2025;1;9999;4;1;6;2;6;0;0;0;0;76;0;2;0;0;17;0;1;1;2732;44;31;0;0
19274;2025;3;9999;4;4;8;2;9;1;1;0;1;74;0;4;0;0;9;0;1;6;4730;152;215;0;0
19277;2025;4;9999;3;2;4;2;4;0;0;0;2;33;0;2;0;0;7;2;3;3;2904;0;524;0;0
19290;2025;354;17;2;0;1;2;0;0;0;0;0;54;0;4;0;0;1;0;0;0;1326;107;71;0;0
19307;2025;378;17;1;0;0;0;-1;0;0;0;0;69;0;2;0;0;5;0;0;2;1087;240;0;0;0
19329;2025;371;17;1;0;0;0;0;0;0;0;0;63;0;0;0;0;0;1;0;1;967;0;53;0;0
19330;2025;357;17;1;0;0;0;0;0;0;0;0;53;0;2;0;0;2;3;0;1;1189;105;103;0;0
19339;2025;353;17;1;0;1;0;0;0;0;0;0;79;0;2;18;9;0;1;0;0;1066;173;0;0;0
19360;2025;384;17;1;1;1;0;2;0;0;0;0;70;1;3;23;8;0;1;0;0;1082;115;5;0;0
19369;2025;368;17;1;1;0;0;0;1;0;0;0;62;0;3;0;0;1;0;0;4;648;45;0;0;0
19373;2025;5;9999;4;4;4;0;2;0;0;0;1;40;0;4;0;0;7;0;2;5;3753;111;276;0;0
19426;2025;164;9;4;1;0;0;-2;1;0;0;0;59;0;5;0;0;5;3;2;5;3641;134;286;0;0
19432;2025;4;9999;3;2;1;0;-3;0;0;0;0;59;0;3;29;17;1;1;3;1;2118;55;0;0;0
19447;2025;369;17;1;0;0;0;0;0;0;0;0;67;0;1;0;0;2;2;0;2;962;0;39;0;0
19475;2025;136;7;2;1;0;0;0;1;0;0;0;60;0;3;7;1;0;1;0;0;1114;56;50;0;0
19475;2025;5;9999;4;6;9;4;-8;2;1;0;0;83;0;7;0;0;14;3;5;1;3352;757;7;0;0
19514;2025;364;17;1;0;0;0;0;0;0;0;0;60;0;3;1;1;1;0;0;0;990;86;31;0;0
19522;2025;2;9999;3;0;4;0;-4;0;1;0;0;72;0;0;1;1;14;1;2;2;1976;524;41;0;0
19544;2025;382;17;1;0;0;0;-1;0;0;0;0;66;0;3;17;10;0;1;0;0;892;311;6;0;0
19546;2025;383;17;1;1;1;0;2;0;0;0;0;73;0;1;0;0;0;0;2;0;908;91;200;0;0
19567;2025;130;7;1;0;0;0;0;0;0;0;0;61;0;1;1;0;0;0;0;0;326;30;190;0;0
19567;2025;4;9999;3;4;4;0;-3;0;1;0;1;74;0;5;0;0;4;0;4;2;1521;292;102;0;0
19571;2025;387;9999;4;4;7;4;-2;0;0;0;1;69;0;4;57;30;10;4;2;1;3458;288;99;0;0
19574;2025;372;17;1;1;1;2;2;0;0;0;0;88;1;9;0;0;0;0;1;0;1298;356;45;0;0
19591;2025;359;17;1;0;0;0;0;0;0;0;0;64;0;3;0;0;0;1;1;1;725;60;4;0;0
19591;2025;3;9999;4;3;3;2;-3;0;1;0;0;68;0;4;0;0;7;1;3;1;2553;88;15;0;0
19602;2025;137;7;1;0;0;0;-4;0;0;0;0;50;0;2;1;0;0;0;1;0;1056;299;0;0;0
19602;2025;4;9999;3;4;11;2;7;0;0;2;0;76;0;5;10;4;18;0;3;0;3245;223;509;0;0
19617;2025;114;6;3;0;1;0;-1;0;0;0;0;62;0;1;0;0;1;1;0;2;1744;475;109;0;0
19617;2025;1;9999;4;5;14;6;1;2;3;2;4;86;0;5;0;0;10;1;0;9;3643;1047;310;0;0
19620;2025;374;17;1;0;0;0;-1;0;0;0;0;63;0;0;6;2;0;0;0;4;778;340;75;0;0
19627;2025;382;17;1;0;0;0;1;0;0;0;0;60;0;1;0;0;1;0;0;0;1030;51;108;0;0
19630;2025;9;9999;4;1;3;17;-2;0;0;0;0;61;1;1;1;1;17;0;0;1;1870;0;99;1;0
19635;2025;15;9999;2;0;5;0;4;0;0;0;0;81;0;0;3;1;9;0;1;1;2005;11;161;0;0
19640;2025;385;17;1;0;0;0;1;0;0;0;0;68;0;1;0;0;0;0;0;0;900;0;181;0;0
19655;2025;8;9999;4;5;8;9;5;0;2;0;1;89;0;6;4;3;16;2;7;6;3611;305;78;1;1
19661;2025;380;17;1;0;0;0;-2;0;0;0;0;59;0;2;0;0;0;0;1;0;1096;87;0;0;0
19675;2025;354;17;1;0;0;0;-2;0;0;0;0;59;0;3;0;0;4;0;1;1;1089;107;162;0;0
19675;2025;9;9999;4;6;8;7;2;4;1;0;1;59;0;6;0;0;11;0;3;6;4301;577;177;1;1
19692;2025;130;7;1;0;0;2;0;0;0;0;0;60;0;0;0;0;1;0;0;1;878;0;0;0;0
19695;2025;378;17;1;2;0;2;2;0;0;0;0;80;1;3;2;2;4;0;1;1;967;334;0;0;0
19699;2025;12;9999;4;2;2;2;-13;1;0;0;0;71;0;2;0;0;16;3;0;2;3430;522;0;0;0
19712;2025;8;9999;4;3;2;0;1;0;0;0;0;63;0;3;8;2;6;2;0;0;2236;0;0;0;0
19715;2025;1;9999;4;0;5;0;-6;0;0;0;1;67;0;0;0;0;14;0;1;6;5037;139;166;0;0
19720;2025;367;17;1;1;1;4;0;0;0;0;0;67;0;2;0;0;1;0;0;0;878;290;60;0;0
19723;2025;1;9999;4;7;9;2;2;0;1;0;0;75;1;8;66;35;3;1;2;2;3073;582;9;0;0
19726;2025;388;9999;4;1;0;0;-6;0;0;0;0;58;0;1;0;0;5;0;0;1;1710;65;0;0;0
19738;2025;0;9999;3;4;7;0;3;1;1;0;0;74;0;4;33;17;7;2;2;2;2093;132;181;0;0
19753;2025;14;9999;3;4;5;0;-3;0;2;1;0;73;0;4;39;14;9;0;3;0;2003;214;90;0;0
19877;2025;134;7;2;0;0;6;0;0;0;0;0;59;0;5;0;0;1;0;0;1;1818;837;0;0;0
19877;2025;0;9999;3;2;7;2;7;1;0;0;0;85;1;2;0;0;8;0;1;5;2895;526;141;0;0
19890;2025;125;7;3;0;0;0;-4;0;0;0;0;53;0;1;0;0;0;3;0;2;1990;600;654;0;0
19890;2025;14;9999;3;3;10;6;-7;1;0;1;2;69;0;4;0;0;10;0;1;5;3196;57;356;0;0
19899;2025;361;17;1;1;1;0;0;1;0;0;0;87;0;7;3;2;1;0;1;0;1001;293;4;0;0
19899;2025;0;9999;3;3;3;0;-4;0;0;0;0;81;0;3;0;0;12;4;0;2;2345;549;0;0;0
19913;2025;373;17;1;0;0;2;0;0;0;0;0;49;0;1;16;7;1;2;0;0;1063;183;0;0;0
19919;2025;123;6;3;0;1;2;0;0;0;0;0;45;0;2;0;0;2;0;1;0;1231;0;112;0;0
19919;2025;12;9999;4;2;8;0;5;0;0;0;1;28;0;2;0;0;8;1;0;7;4512;105;481;0;0
19932;2025;381;17;1;0;0;0;0;0;0;0;0;59;0;0;3;3;0;0;1;0;363;74;0;0;0
19933;2025;358;17;1;0;2;0;1;0;0;0;1;67;0;4;2;0;2;0;1;1;864;409;262;0;0
19963;2025;5;9999;4;1;5;0;-3;0;0;0;0;73;0;1;0;0;14;1;0;2;2810;165;0;0;0
19966;2025;8;9999;4;1;4;2;-10;0;0;0;1;66;0;1;6;6;9;1;1;0;2701;0;64;0;0
19971;2025;5;9999;4;0;5;2;1;0;0;0;2;60;0;0;0;0;13;0;1;3;3557;195;299;0;0
19975;2025;118;6;3;0;1;4;0;0;0;0;0;62;0;4;48;23;0;0;1;1;1824;693;7;0;0
19975;2025;3;9999;4;5;3;7;2;1;0;0;0;69;0;6;48;23;3;0;4;1;3431;171;16;1;0
19987;2025;6;9999;4;1;3;5;-3;0;0;0;0;71;0;2;4;1;11;1;4;3;3128;113;0;0;0
20052;2025;4;9999;3;0;6;0;-2;0;0;0;0;74;0;0;0;0;7;0;3;2;2196;16;0;0;0
20054;2025;13;9999;4;5;7;4;2;1;0;0;0;75;0;5;0;0;19;1;0;0;3374;41;0;0;0
20124;2025;388;9999;4;1;2;2;-1;0;0;0;0;76;0;2;0;0;15;0;7;3;3081;118;127;0;0
20179;2025;8;9999;4;7;8;4;-8;2;0;1;0;76;0;7;3;1;20;0;1;1;3425;155;79;0;0
20235;2025;132;7;2;0;1;0;2;0;0;0;1;63;0;4;19;12;4;3;2;0;1008;373;353;0;0
20235;2025;0;9999;3;8;4;2;10;0;0;0;1;76;0;8;52;27;6;0;3;1;2698;430;232;0;0
