PlayerId;TeamId;FranchiseId;GP;G;A;+/-;PIM;PP G;PP A;SH G;SH A;Fights;Fights_Won;HIT;GvA;TkA;SB;GR;Game Rating Off;Game Rating Def;SOG;TOI;PPTOI;SHTOI;PDO;GF/60;GA/60;SF/60;SA/60;CF;CA;CF%;CF% rel;FF;FA;FF%;FF% rel;GWG;FO;FOW
1004;99;99;7;0;1;-1;2;0;0;0;0;0;0;18;0;3;2;60;58;59;9;5852;33;1220;99.5;1.8;2.5;25.2;31.4;82;80;50.6;0.4;58;64;47.5;-4.2;0;8;2
1006;95;95;7;1;0;5;2;1;0;0;0;0;0;7;3;2;11;62;52;70;9;5975;182;144;108.4;4.2;1.2;32.5;26.5;103;73;58.5;-1.1;82;53;60.7;0.1;0;0;0
1007;101;101;7;1;0;0;0;0;0;0;0;0;0;6;1;6;20;68;53;69;13;5586;187;1552;99.2;2.6;2.6;30.9;28.4;90;74;54.9;2.9;62;57;52.1;2.8;0;0;0
1008;97;97;6;1;2;-1;4;0;0;0;0;0;0;4;1;3;5;60;61;56;9;5513;515;209;99.7;2.0;2.6;22.2;28.7;72;78;48.0;10.4;49;60;45.0;6.4;0;12;6
1009;88;88;7;1;0;0;0;0;0;0;0;0;0;4;0;0;6;59;56;58;9;4250;0;1445;98.8;1.7;1.7;29.6;24.6;62;57;52.1;6.4;44;40;52.4;7.0;1;75;35
1010;98;98;5;1;2;2;6;0;0;0;0;0;0;8;2;1;6;68;67;65;15;4257;689;448;102.7;4.2;2.5;29.6;22.0;68;56;54.8;1.6;51;35;59.3;4.0;0;16;9
1011;90;90;5;0;1;1;4;0;0;0;0;0;0;3;1;0;2;55;53;54;5;3573;248;214;103.8;2.0;1.0;26.2;26.2;48;52;48.0;4.3;34;37;47.9;4.1;0;53;23
1012;95;95;6;1;2;4;0;0;0;0;0;0;0;5;0;0;1;58;61;52;4;3096;414;69;113.8;4.7;0.0;33.7;19.8;50;40;55.6;-6.6;38;27;58.5;-5.7;0;6;4
1013;93;93;3;0;1;1;0;0;0;0;0;0;0;1;3;0;1;55;53;58;4;1800;263;191;106.7;2.0;0.0;30.0;38.0;24;33;42.1;8.1;17;24;41.5;9.8;0;2;0
1014;90;90;3;2;0;1;0;0;0;0;0;0;0;2;2;1;1;63;60;64;6;2121;120;7;102.8;3.4;1.7;32.2;22.1;39;22;63.9;17.6;27;17;61.4;16.7;0;3;2
1015;88;88;6;2;3;2;2;0;0;0;0;0;0;3;2;2;4;59;55;61;9;4607;857;158;106.6;2.3;0.8;24.2;25.0;59;62;48.8;4.9;40;45;47.1;3.7;0;4;2
1017;93;93;5;2;2;-1;6;0;0;0;0;0;0;12;4;3;4;65;62;64;11;5075;206;725;101.9;2.1;3.5;19.9;40.4;60;95;38.7;2.6;38;71;34.9;-1.7;0;81;39
1018;98;98;4;0;2;2;6;0;0;0;0;0;0;7;2;1;1;55;56;54;6;2523;125;48;110.2;4.3;1.4;28.5;30.0;41;39;51.2;-4.8;27;30;47.4;-9.6;0;1;0
1019;99;99;7;2;1;1;6;1;0;0;0;0;0;8;4;4;11;81;50;83;8;6852;1314;684;100.6;2.1;1.6;33.1;27.3;101;87;53.7;5.0;81;68;54.4;5.7;0;0;0
1021;92;92;6;0;2;1;2;0;0;0;1;0;0;8;1;1;5;59;52;59;9;4708;0;1249;97.2;2.3;2.3;29.1;21.4;73;46;61.3;12.2;54;37;59.3;8.2;0;0;0
1022;89;89;7;0;3;0;2;0;1;0;0;0;0;9;2;3;3;59;58;59;10;5795;346;141;97.9;1.2;1.2;37.3;23.0;96;72;57.1;3.6;77;51;60.2;4.0;0;6;5
1023;89;89;7;1;4;-1;0;0;2;0;0;0;0;8;4;3;2;63;63;60;24;5432;2737;12;91.7;2.0;2.7;47.1;21.2;108;59;64.7;14.2;88;46;65.7;12.0;0;12;8
1024;91;91;6;0;0;-2;0;0;0;0;0;0;0;3;2;5;5;63;50;63;3;4872;37;843;94.5;2.2;3.7;25.1;25.9;65;59;52.4;1.2;51;47;52.0;0.5;0;0;0
1025;91;91;3;0;1;0;0;0;0;0;0;0;0;0;0;0;0;55;56;53;3;1285;117;164;106.6;2.8;2.8;22.4;47.6;14;30;31.8;-13.5;9;23;28.1;-17.1;0;3;2
1027;91;91;7;0;0;0;4;0;0;0;0;0;0;13;3;0;6;59;50;60;7;5525;0;1222;97.6;3.3;3.3;35.2;28.0;90;69;56.6;9.5;69;56;55.2;7.9;0;0;0
1028;88;88;7;1;1;2;4;0;0;0;0;0;0;5;0;0;2;48;54;47;8;3706;0;406;105.2;5.8;3.9;35.0;34.0;57;63;47.5;0.4;45;45;50.0;4.0;1;31;16
1029;94;94;5;0;2;0;0;0;2;0;0;0;0;1;1;1;1;57;56;59;4;1893;1483;0;106.2;3.8;1.9;28.5;26.6;29;26;52.7;-4.2;21;19;52.5;-5.0;0;45;27
1030;97;97;5;0;0;-4;0;0;0;0;0;0;0;1;2;2;3;52;51;51;2;2321;0;263;83.3;0.0;6.2;18.6;37.2;21;48;30.4;-12.6;15;31;32.6;-10.0;0;7;1
1032;101;101;7;1;2;2;8;0;0;0;0;0;0;1;3;4;2;59;59;56;10;5136;1129;239;103.1;2.8;1.4;35.0;28.7;78;65;54.5;2.3;58;51;53.2;4.2;1;22;7
1033;97;97;7;0;2;-2;2;0;0;0;0;0;0;7;0;3;15;66;52;68;0;5911;99;574;96.4;1.8;3.0;16.4;20.7;54;83;39.4;-2.7;38;56;40.4;-0.6;0;0;0
1034;95;95;6;2;1;2;31;2;0;0;0;0;0;18;2;1;1;63;65;57;20;4544;1592;143;100.7;4.0;2.4;40.4;26.1;96;51;65.3;6.2;71;43;62.3;-1.2;0;12;6
1035;88;88;6;1;0;0;2;0;0;0;0;0;0;6;3;3;1;55;56;51;3;4382;579;61;102.1;2.5;2.5;23.0;28.8;48;59;44.9;-1.5;35;44;44.3;-2.2;0;4;1
1036;90;90;7;0;0;0;4;0;0;0;0;0;0;3;2;2;22;77;51;81;3;6026;57;1005;101.4;1.8;1.8;24.5;30.5;92;88;51.1;2.9;61;62;49.6;2.3;0;0;0
1037;94;94;4;0;1;1;0;0;0;0;0;0;0;5;2;1;1;56;56;54;5;2794;0;219;107.1;1.3;0.0;18.0;33.5;25;40;38.5;-1.7;19;32;37.3;-5.6;0;4;4
1038;96;96;5;0;0;3;2;0;0;0;0;0;0;4;3;4;4;54;51;59;2;3565;269;9;112.3;4.0;1.0;24.2;23.2;42;50;45.7;2.1;30;33;47.6;4.3;0;1;1
1039;101;101;5;0;0;0;8;0;0;0;0;0;0;6;0;1;1;58;47;61;2;1736;0;876;100.0;0.0;0.0;20.7;49.8;16;37;30.2;-21.3;14;32;30.4;-19.4;0;0;0
1040;98;98;6;0;1;2;0;0;0;0;0;0;0;6;0;2;0;53;54;50;7;2757;38;0;107.7;3.9;1.3;31.3;27.4;44;39;53.0;-3.4;33;26;55.9;-1.0;0;1;0
1041;94;94;6;1;3;-2;0;0;1;0;0;0;0;5;4;3;6;62;61;58;8;4959;543;179;95.8;3.6;5.1;34.8;34.8;78;73;51.7;1.4;61;58;51.3;-2.5;0;92;55
1043;94;94;7;1;0;-1;0;1;0;0;0;0;0;4;2;2;10;60;50;66;16;5652;2489;463;95.4;1.9;2.5;32.5;24.2;80;75;51.6;2.5;62;53;53.9;3.2;0;0;0
1044;89;89;7;2;0;3;4;1;0;0;0;0;0;7;1;2;6;62;60;62;26;5757;1473;104;101.6;3.1;1.3;41.9;21.3;100;63;61.3;9.4;78;44;63.9;9.2;0;0;0
1046;97;97;7;0;0;-2;0;0;0;0;0;0;0;2;2;5;5;58;52;70;10;4291;1442;0;93.1;0.0;1.7;15.1;24.3;34;70;32.7;-10.8;25;46;35.2;-6.8;0;61;30
1047;98;98;7;1;3;4;2;0;0;0;0;0;0;5;2;1;4;62;60;64;12;4435;1145;240;109.5;3.2;0.0;34.1;25.2;80;56;58.8;6.4;52;42;55.3;1.2;0;65;29
1048;92;92;6;1;1;-1;2;0;0;0;0;0;0;6;1;0;1;48;54;46;9;4651;32;352;99.1;2.3;3.1;25.5;31.0;58;72;44.6;-7.4;46;54;46.0;-6.2;0;1;0
1050;95;95;6;1;6;1;2;1;4;0;0;0;0;6;2;3;3;67;64;68;17;3922;1346;136;99.7;2.8;1.8;35.8;22.9;69;46;60.0;-1.2;54;33;62.1;-1.4;0;80;40
1051;99;99;5;0;0;1;0;0;0;0;0;0;0;5;2;1;3;55;52;54;4;3501;25;487;100.6;2.1;1.0;38.0;21.6;57;47;54.8;2.2;49;28;63.6;13.6;0;46;20
1052;94;94;7;0;2;2;2;0;0;0;0;0;0;16;1;3;12;59;52;60;2;4045;33;1478;108.5;4.4;2.7;28.5;37.4;62;69;47.3;-3.1;46;50;47.9;-4.6;0;0;0
1054;90;90;7;1;0;0;4;0;0;0;0;0;0;4;1;0;4;62;54;72;13;6573;1004;326;99.9;1.1;1.1;24.6;24.1;82;92;47.1;-2.6;59;66;47.2;-1.0;0;0;0
1055;96;96;5;0;0;-3;4;0;0;0;0;0;0;11;2;0;1;55;56;52;5;2633;35;652;86.4;0.0;4.1;17.8;30.1;30;44;40.5;-6.0;22;33;40.0;-5.5;0;30;17
1056;90;90;7;0;2;0;16;0;1;0;0;0;0;13;4;3;15;63;52;79;13;6458;741;555;99.9;1.1;1.1;24.0;23.4;88;89;49.7;1.0;59;62;48.8;1.2;0;0;0
1057;100;100;7;0;2;-1;2;0;0;0;0;0;0;3;1;3;8;68;51;71;4;4675;38;753;98.4;2.3;3.1;35.4;37.7;72;86;45.6;-9.7;60;72;45.5;-7.5;0;0;0
1058;96;96;7;0;1;-2;6;0;0;0;0;0;0;6;2;0;7;58;56;66;8;4833;1510;538;102.5;1.5;3.0;15.6;42.5;54;91;37.2;-14.1;38;73;34.2;-18.1;0;0;0
1059;98;98;6;1;0;-1;2;0;0;0;0;0;0;8;2;5;4;64;62;65;16;4380;1303;397;98.1;1.6;2.5;26.3;30.4;61;64;48.8;-4.2;45;47;48.9;-3.6;0;5;2
1060;100;100;6;2;0;3;0;0;0;0;0;0;0;5;5;1;4;60;55;67;10;5008;961;158;107.3;4.3;2.2;30.2;30.9;77;75;50.7;-1.8;54;67;44.6;-6.7;0;3;1
1061;89;89;7;0;2;2;2;0;1;0;0;0;0;7;2;3;10;63;60;74;16;3811;2469;65;104.1;2.8;0.9;39.7;31.2;68;61;52.7;-2.4;57;41;58.2;1.1;0;0;0
1062;100;100;7;2;0;1;0;1;0;0;0;0;0;6;1;6;9;58;48;64;16;6902;1535;547;101.5;3.1;2.6;30.8;30.3;94;104;47.5;-7.8;76;84;47.5;-5.1;1;0;0
1063;97;97;7;1;1;-5;4;0;0;0;0;0;0;10;2;5;17;70;52;72;10;6811;320;915;91.3;2.1;4.8;27.5;29.1;93;103;47.4;9.2;69;73;48.6;11.8;0;0;0
1064;91;91;5;0;1;0;0;0;0;0;0;0;0;0;1;3;3;59;54;62;5;2620;0;738;100.3;2.7;2.7;35.7;37.1;36;50;41.9;-8.9;29;38;43.3;-6.1;0;40;16
1065;99;99;7;1;1;-2;4;0;1;0;0;0;0;17;2;5;16;66;48;68;9;5822;92;684;96.2;1.9;3.1;29.1;30.3;92;84;52.3;2.8;71;60;54.2;5.1;1;0;0
1066;95;95;7;1;1;1;4;0;1;0;0;0;0;7;6;1;1;60;56;59;13;6219;312;379;101.3;2.3;1.7;31.3;28.4;107;73;59.4;0.3;84;60;58.3;-3.5;0;104;50
1067;97;97;7;0;1;-3;2;0;0;0;0;0;0;4;4;3;6;61;57;66;11;5896;1547;53;96.6;1.2;3.1;20.8;33.0;60;100;37.5;-5.6;45;72;38.5;-3.4;0;99;54
1068;96;96;1;0;0;0;0;0;0;0;0;0;0;0;0;0;0;51;51;49;0;332;0;0;0.0;0.0;0.0;54.2;0.0;6;2;75.0;16.8;5;0;100.0;43.9;0;1;1
1069;96;96;7;0;2;1;2;0;0;0;0;0;0;3;3;1;10;60;52;65;9;4598;131;584;103.1;2.3;1.6;25.1;25.1;66;61;52.0;5.7;46;45;50.5;4.0;0;0;0
1070;88;88;7;2;5;-1;0;1;3;0;0;0;0;7;6;6;3;65;60;77;16;5863;1648;27;102.3;2.5;3.1;19.0;28.9;64;79;44.8;-3.3;45;63;41.7;-7.3;0;0;0
1071;99;99;4;0;1;2;0;0;0;0;0;0;0;2;0;1;1;62;52;63;7;2973;0;390;106.8;3.6;1.2;32.7;27.9;43;41;51.2;-2.9;34;33;50.7;-5.3;0;0;0
1072;92;92;5;1;0;0;6;0;0;0;0;0;0;3;5;1;0;66;53;66;5;4007;401;882;96.9;0.0;0.9;22.5;28.7;57;56;50.4;1.9;40;45;47.1;-2.9;0;72;39
1073;88;88;7;0;1;-3;4;0;0;0;0;0;0;1;3;0;6;51;51;51;5;3818;0;40;89.7;0.0;2.8;23.6;27.3;52;51;50.5;4.1;39;36;52.0;6.3;0;37;18
1075;92;92;7;0;0;-3;4;0;0;0;0;0;0;15;1;2;6;70;57;67;4;5724;53;894;91.6;0.6;2.5;18.9;21.4;60;71;45.8;-6.5;42;52;44.7;-9.0;0;73;32
1076;96;96;7;0;2;1;2;0;0;0;0;0;0;9;5;2;3;64;59;72;18;5727;1600;600;100.2;1.9;1.3;30.2;20.7;76;62;55.1;10.0;60;46;56.6;12.4;0;0;0
1077;93;93;3;0;0;0;2;0;0;0;0;0;0;4;1;1;1;54;53;54;1;1233;0;194;100.0;0.0;0.0;14.6;23.4;13;23;36.1;-2.8;9;13;40.9;3.5;0;4;2
1080;99;99;6;1;3;2;0;1;0;0;0;0;0;4;2;1;1;59;58;58;13;4459;684;354;101.4;2.4;0.8;34.7;14.5;66;34;66.0;22.8;54;27;66.7;24.1;0;4;2
1081;89;89;7;2;1;-2;2;1;0;0;0;0;0;3;1;1;10;57;53;59;15;5454;71;933;94.9;1.3;2.6;31.7;28.4;76;85;47.2;-10.2;65;59;52.4;-6.7;2;0;0
1083;93;93;7;0;0;0;0;0;0;0;0;0;0;2;0;4;13;60;59;62;14;4688;1375;80;100.0;0.0;0.0;13.1;31.5;43;79;35.2;-6.7;33;60;35.5;-5.4;0;16;8
1084;93;93;6;0;0;-4;4;0;0;0;0;0;0;13;2;1;4;54;54;49;7;4356;115;566;90.5;0.0;3.3;19.0;34.7;45;91;33.1;-11.1;36;67;35.0;-8.5;0;66;32
1085;100;100;7;0;0;-2;0;0;0;0;0;0;0;2;0;0;2;52;48;52;0;2616;0;400;88.9;0.0;2.8;28.9;24.8;44;44;50.0;-3.4;32;34;48.5;-2.9;0;0;0
1086;88;88;7;1;0;1;18;0;0;0;0;0;0;7;1;2;0;57;55;57;5;5266;80;842;101.4;2.7;2.1;25.3;21.9;75;52;59.1;15.6;54;43;55.7;11.7;1;4;0
1087;98;98;7;0;0;4;0;0;0;0;0;0;0;6;0;1;5;62;50;64;1;4739;0;918;109.5;3.0;0.0;31.9;24.3;91;60;60.3;8.5;58;41;58.6;5.5;0;0;0
1088;101;101;6;2;0;2;0;0;0;0;0;0;0;10;0;0;4;58;62;53;11;3905;36;950;101.1;3.7;1.8;40.6;23.0;79;47;62.7;11.4;59;33;64.1;16.7;0;26;14
1089;98;98;6;1;1;2;0;0;0;0;0;0;0;6;4;1;2;59;52;59;9;3904;120;743;102.2;3.7;1.8;39.7;25.8;71;57;55.5;-0.6;51;37;58.0;1.5;1;61;34
1091;99;99;7;1;1;2;6;0;0;0;0;0;0;7;3;2;10;75;52;78;15;6701;786;1011;102.3;2.1;1.1;34.4;27.4;113;91;55.4;7.7;91;67;57.6;10.9;0;0;0
1093;93;93;5;0;1;1;0;0;0;0;0;0;0;4;3;1;6;56;55;57;1;3040;0;136;106.0;2.4;1.2;23.7;29.6;34;47;42.0;-0.7;25;30;45.5;4.1;0;1;0
1094;90;90;4;1;0;1;0;0;0;0;0;0;0;1;2;0;0;58;60;52;9;2974;247;0;99.0;2.4;1.2;36.3;15.7;55;28;66.3;24.7;38;19;66.7;26.2;0;1;0
1095;94;94;7;1;3;0;6;0;0;0;0;0;0;9;6;1;8;63;59;73;22;5630;2729;162;99.8;2.6;2.6;32.0;31.3;84;86;49.4;-0.5;72;63;53.3;2.5;1;0;0
1096;93;93;5;0;2;1;2;0;0;0;0;0;0;3;0;1;1;60;60;58;9;3606;806;81;106.0;2.0;1.0;21.0;28.0;49;61;44.5;2.6;31;42;42.5;0.6;0;72;39
1097;100;100;3;0;0;0;2;0;0;0;0;0;0;1;0;0;0;51;53;47;3;1364;35;0;99.0;2.6;2.6;39.6;34.3;25;23;52.1;-13.1;18;17;51.4;-12.5;0;0;0
1098;96;96;6;0;1;-2;2;0;1;0;0;0;0;5;1;3;6;63;61;64;12;4166;1576;69;96.8;1.7;3.5;28.5;37.2;57;76;42.9;-3.8;47;60;43.9;-1.9;0;85;46
1099;99;99;1;0;0;0;0;0;0;0;0;0;0;0;0;0;0;49;50;48;0;380;0;42;100.0;0.0;0.0;18.9;18.9;2;9;18.2;-26.7;2;3;40.0;-6.0;0;7;4
1100;100;100;7;0;4;3;0;0;0;0;0;0;0;4;3;0;3;60;51;65;9;5679;610;47;104.1;5.1;3.2;31.1;26.0;89;77;53.6;0.9;66;60;52.4;1.9;0;0;0
1101;97;97;7;0;0;-2;2;0;0;0;0;0;0;1;0;1;3;55;50;58;6;4147;315;178;99.6;0.9;2.6;14.8;41.7;39;72;35.1;-7.9;27;59;31.4;-12.0;0;0;0
1102;99;99;7;0;0;0;2;0;0;0;0;0;0;2;0;1;1;54;48;55;2;3786;43;190;101.4;1.0;1.0;17.1;22.8;42;50;45.7;-5.6;27;36;42.9;-9.0;0;0;0
1103;94;94;5;0;0;0;2;0;0;0;0;0;0;3;1;0;7;54;52;56;5;3008;0;222;99.9;1.2;1.2;32.3;31.1;49;51;49.0;3.2;37;35;51.4;2.2;0;0;0
1105;101;101;7;1;3;2;14;0;2;0;0;0;0;9;4;2;3;59;58;56;7;5274;451;304;105.0;2.7;1.4;26.6;25.9;74;71;51.0;-2.4;49;56;46.7;-4.7;0;7;2
1108;98;98;6;0;1;1;6;0;0;0;0;0;0;3;0;0;3;59;47;61;3;4056;31;705;103.0;1.8;0.9;30.2;31.1;53;66;44.5;-14.7;40;47;46.0;-14.2;0;0;0
1109;96;96;7;1;1;2;2;0;0;0;0;0;0;4;2;3;5;58;48;59;5;4395;25;860;108.8;2.5;0.8;22.9;41.8;42;84;33.3;-18.6;33;63;34.4;-17.1;0;4;1
1110;94;94;6;0;2;0;4;0;0;0;0;0;0;2;5;1;7;58;51;59;6;4904;120;975;101.3;1.5;1.5;24.2;30.8;69;75;47.9;1.2;47;53;47.0;-1.9;0;9;5
1111;101;101;7;2;2;-1;6;1;0;0;0;0;0;7;4;0;0;53;59;48;12;5156;467;141;96.3;2.8;3.5;39.1;32.1;103;70;59.5;9.8;72;56;56.3;9.0;1;4;1
1112;93;93;5;0;0;-4;4;0;0;0;0;0;0;4;5;1;10;54;51;68;10;3253;1287;273;86.2;0.0;4.4;22.1;32.1;44;60;42.3;1.1;32;41;43.8;3.6;0;0;0
1114;88;88;7;1;3;0;2;0;1;0;0;0;0;10;6;3;1;59;58;58;6;5671;385;456;107.8;3.2;2.5;19.7;30.5;58;83;41.1;-8.2;41;65;38.7;-11.3;0;69;33
1115;89;89;7;0;2;1;2;0;1;0;0;0;0;9;3;0;5;59;52;63;10;6116;330;615;98.6;2.4;1.8;38.8;23.5;101;76;57.1;3.6;82;55;59.9;3.7;0;0;0
1117;88;88;7;0;3;1;6;0;0;0;0;0;0;8;1;3;3;64;60;64;14;5110;1519;83;103.6;2.1;1.4;24.0;26.8;64;69;48.1;1.3;48;50;49.0;2.8;0;91;51
1118;92;92;3;1;1;-1;12;0;0;0;0;0;0;4;1;0;1;55;56;47;6;2068;25;0;95.5;3.5;5.2;24.4;27.9;27;30;47.4;-6.7;20;21;48.8;-5.6;0;0;0
1119;95;95;4;1;0;0;2;0;0;0;0;0;0;2;0;3;1;53;53;51;1;1938;140;5;100.0;3.7;3.7;31.6;31.6;21;32;39.6;-21.8;19;23;45.2;-15.8;1;0;0
1120;94;94;1;0;0;-1;0;0;0;0;0;0;0;0;0;0;0;49;51;43;0;417;0;0;50.0;0.0;8.6;43.2;17.3;9;4;69.2;6.6;6;3;66.7;6.7;0;1;0
1121;93;93;5;0;0;2;0;0;0;0;0;0;0;5;3;1;0;55;49;58;1;3332;210;682;111.1;2.2;0.0;19.4;28.1;34;52;39.5;-3.5;28;35;44.4;1.6;0;0;0
1122;89;89;5;0;1;0;0;0;1;0;0;0;0;0;1;0;0;53;52;56;3;1424;1158;0;100.0;0.0;0.0;25.3;15.2;18;13;58.1;1.1;14;12;53.8;-5.5;0;25;14
1123;96;96;4;1;0;0;0;0;0;0;0;0;0;7;2;0;2;60;56;58;5;3227;180;11;105.3;2.2;2.2;16.7;27.9;32;44;42.1;-4.2;22;33;40.0;-10.6;0;33;14
1124;91;91;2;0;0;-1;0;0;0;0;0;0;0;1;0;2;1;56;54;61;0;744;414;113;88.9;0.0;4.8;14.5;43.5;7;15;31.8;-8.0;4;12;25.0;-13.5;0;5;3
1125;95;95;7;3;3;4;0;1;1;0;0;0;0;6;1;0;5;65;62;67;13;4044;1677;184;110.8;3.6;0.0;32.9;21.4;71;53;57.3;-2.6;50;35;58.8;-2.3;1;76;41
1126;90;90;6;0;1;-2;2;0;0;0;0;0;0;6;1;3;5;62;60;61;19;5876;750;206;95.2;0.6;1.8;28.8;26.3;86;84;50.6;-1.1;63;64;49.6;0.0;0;7;6
1128;89;89;7;4;0;3;0;0;0;0;0;0;0;4;2;2;4;60;59;58;16;4290;0;921;107.7;3.4;0.8;31.0;26.9;61;57;51.7;-3.6;50;40;55.6;-2.1;1;64;25
1130;88;88;7;0;0;-1;2;0;0;0;0;0;0;5;2;2;10;60;51;65;9;4294;278;674;98.4;0.8;1.7;15.1;23.5;40;59;40.4;-8.3;29;41;41.4;-6.7;0;1;0
1131;96;96;7;1;1;-2;4;0;0;0;0;0;0;6;1;3;4;60;59;58;11;5653;749;173;96.4;1.3;2.5;28.0;31.2;82;87;48.5;1.3;66;67;49.6;3.3;0;11;5
1132;94;94;5;3;2;6;4;0;0;0;0;0;0;2;1;1;1;63;66;54;13;3727;192;105;117.6;5.8;0.0;32.8;29.9;64;48;57.1;4.0;47;38;55.3;0.4;0;4;4
1134;94;94;6;0;0;1;4;0;0;0;0;0;0;6;2;1;2;74;55;74;10;4098;29;1257;102.6;0.9;0.0;34.3;30.7;64;55;53.8;8.8;53;43;55.2;7.3;0;80;41
1135;94;94;7;2;2;1;2;0;1;0;0;0;0;5;2;2;8;64;54;70;13;5972;463;194;99.6;3.0;2.4;40.4;30.7;111;85;56.6;10.3;84;63;57.1;8.3;1;0;0
1138;97;97;4;0;0;-4;0;0;0;0;0;0;0;0;1;2;2;55;53;57;1;2415;116;150;78.9;0.0;6.0;16.4;28.3;22;41;34.9;-6.8;16;29;35.6;-5.6;0;21;9
1140;97;97;7;0;1;-4;16;0;0;0;0;0;0;9;1;4;10;60;50;61;4;4361;74;490;93.4;0.8;4.1;21.5;39.6;48;76;38.7;-3.6;38;62;38.0;-3.8;0;0;0
1141;91;91;7;2;2;-2;18;1;0;0;0;0;0;13;5;2;5;64;59;62;10;6164;22;1135;94.8;1.2;2.3;28.6;25.1;83;73;53.2;4.8;67;59;53.2;5.1;0;88;54
1142;91;91;6;0;3;-1;12;0;0;0;0;0;0;9;7;3;1;64;55;63;6;4379;13;1148;97.4;2.5;3.3;23.0;24.7;55;63;46.6;-6.4;43;48;47.3;-5.7;0;36;20
1143;93;93;3;1;0;-5;14;0;0;1;0;0;0;3;3;0;1;64;57;63;8;2290;90;749;81.3;0.0;9.4;22.0;50.3;29;41;41.4;7.8;21;37;36.2;3.6;0;7;2
1144;94;94;7;1;3;-4;4;0;2;0;0;0;0;11;3;2;6;61;59;63;11;5438;2526;53;92.8;2.0;4.6;34.4;35.7;74;85;46.5;-4.4;65;64;50.4;-1.6;0;4;3
1145;88;88;7;0;2;8;4;0;0;0;0;0;0;4;1;3;8;74;51;78;3;6274;98;1252;118.8;5.7;1.1;24.1;23.0;81;75;51.9;6.7;58;52;52.7;8.1;0;0;0
1146;93;93;5;0;1;-2;4;0;0;0;0;0;0;5;0;1;5;59;60;56;10;4270;1078;16;95.5;2.5;4.2;32.9;34.6;60;79;43.2;0.8;46;60;43.4;2.0;0;1;1
1147;97;97;6;1;2;-1;4;0;0;0;1;0;0;10;2;1;2;64;58;63;6;4607;193;804;93.9;3.9;5.5;25.8;25.8;66;56;54.1;15.4;53;47;53.0;14.4;0;71;30
1148;95;95;1;0;0;0;0;0;0;0;0;0;0;0;0;0;0;50;51;49;0;274;0;0;0.0;0.0;0.0;39.4;0.0;5;1;83.3;35.8;5;1;83.3;38.9;0;0;0
1149;88;88;6;4;1;1;0;1;1;0;0;0;0;9;5;2;2;57;56;57;11;5423;470;365;106.1;3.3;2.0;22.6;23.2;68;69;49.6;4.5;50;49;50.5;6.9;2;14;6
1150;99;99;5;0;1;1;2;0;0;0;0;0;0;3;1;2;0;53;53;51;4;3397;0;352;105.1;2.1;1.1;26.5;36.0;43;52;45.3;-5.3;33;43;43.4;-8.0;0;25;15
1152;94;94;1;0;0;-1;0;0;0;0;0;0;0;1;0;0;0;54;56;44;2;417;0;76;50.0;0.0;8.6;43.2;17.3;9;4;69.2;6.6;6;3;66.7;6.7;0;0;0
1153;95;95;6;5;1;6;4;0;0;0;0;0;0;7;5;2;0;57;56;55;9;5010;109;626;108.0;6.5;2.2;32.3;18.0;83;49;62.9;2.7;66;33;66.7;4.9;1;52;30
1154;98;98;7;1;4;-1;2;0;0;0;0;0;0;4;3;1;8;66;63;67;19;6133;2033;21;99.1;3.5;4.1;24.1;26.4;89;93;48.9;-7.2;63;64;49.6;-6.8;0;142;81
1155;98;98;6;2;1;5;4;0;0;0;0;0;0;10;1;1;9;58;56;61;5;4337;806;673;119.7;5.0;0.8;22.4;33.2;57;77;42.5;-13.9;40;54;42.6;-14.4;1;0;0
1156;98;98;7;4;0;5;2;1;0;0;0;0;0;10;1;5;4;66;65;66;22;5684;828;337;108.5;3.2;0.0;37.4;22.2;100;65;60.6;9.2;68;48;58.6;5.9;0;4;2
1157;98;98;2;0;0;-2;0;0;0;0;0;0;0;0;1;0;0;50;50;46;2;881;125;0;81.8;0.0;8.2;16.3;44.9;8;20;28.6;-18.1;7;14;33.3;-15.3;0;0;0
1158;93;93;7;0;0;2;0;0;0;0;0;0;0;5;2;2;3;56;49;59;4;3987;0;717;104.8;2.7;1.8;25.3;30.7;50;60;45.5;5.8;37;50;42.5;3.3;0;0;0
1159;91;91;5;0;2;-1;0;0;1;0;0;0;0;4;2;2;0;56;54;57;2;2051;89;530;97.8;1.8;3.5;21.1;33.3;27;38;41.5;-13.0;20;34;37.0;-18.1;0;8;3
1160;90;90;1;0;0;-1;0;0;0;0;0;0;0;1;1;0;0;45;47;43;1;448;0;0;88.9;0.0;8.0;8.0;72.3;1;16;5.9;-37.2;1;13;7.1;-39.5;0;0;0
1161;100;100;3;0;1;0;0;0;0;0;0;0;0;1;1;0;0;57;53;56;2;1147;0;385;100.8;3.1;3.1;34.5;37.7;18;18;50.0;-1.6;15;15;50.0;-1.3;0;21;9
1162;101;101;7;0;3;1;6;0;0;0;0;0;0;4;6;7;12;63;53;77;16;5347;805;879;100.9;3.4;2.7;33.0;29.0;94;70;57.3;6.4;63;56;52.9;4.0;0;0;0
1163;88;88;6;0;2;2;2;0;0;0;0;0;0;1;1;1;3;57;58;53;7;4162;0;50;108.5;5.2;3.5;24.2;26.8;48;58;45.3;-0.1;41;46;47.1;0.5;0;5;2
1164;94;94;6;0;1;-3;0;0;1;0;0;0;0;5;0;3;10;69;52;71;1;4457;379;1254;96.0;0.8;2.4;25.8;33.9;52;74;41.3;-7.8;43;54;44.3;-7.3;0;0;0
1165;99;99;4;0;1;-2;2;0;1;0;0;0;0;3;2;3;0;56;57;55;4;2843;25;478;90.5;0.0;2.5;27.9;26.6;40;34;54.1;0.9;32;26;55.2;0.7;0;9;2
1166;91;91;5;0;1;1;8;0;0;0;0;0;0;16;3;1;1;61;58;58;4;4398;157;381;103.5;2.5;1.6;31.1;37.7;60;74;44.8;-7.8;51;59;46.4;-6.3;0;53;22
1168;92;92;3;3;1;2;0;1;0;0;0;0;0;1;1;0;1;64;63;59;8;2231;188;0;107.5;4.8;1.6;30.7;19.4;38;21;64.4;14.1;29;14;67.4;16.0;1;37;20
1169;91;91;7;1;2;-2;2;0;1;0;0;0;0;8;5;2;4;60;60;57;19;5750;1432;228;97.7;3.1;3.8;30.1;29.4;89;85;51.1;2.1;67;61;52.3;4.0;0;17;9
1170;96;96;3;0;0;1;2;0;0;0;0;0;0;2;0;1;1;62;58;63;3;1750;116;61;110.0;2.1;0.0;20.6;28.8;18;26;40.9;-10.6;16;19;45.7;-7.0;0;19;11
1171;95;95;2;0;0;0;2;0;0;0;0;0;0;0;1;0;0;50;50;50;3;741;207;0;100.0;0.0;0.0;48.6;9.7;16;5;76.2;19.0;13;4;76.5;20.4;0;2;1
1172;92;92;5;1;2;-3;14;0;2;0;0;0;0;6;0;2;3;57;60;53;6;4134;577;63;88.7;0.9;3.5;29.6;24.4;64;61;51.2;2.1;47;43;52.2;2.5;1;0;0
1173;94;94;6;0;2;1;0;0;0;0;0;0;0;3;3;3;3;55;55;54;4;4030;103;233;102.2;2.7;1.8;28.6;25.0;62;52;54.4;2.8;48;40;54.5;0.2;0;12;5
1174;93;93;6;1;0;-2;2;0;0;0;0;0;0;8;0;3;15;69;52;71;4;3444;0;1106;96.9;1.0;3.1;20.9;38.7;38;65;36.9;-4.3;33;49;40.2;2.4;1;0;0
1175;92;92;7;1;4;2;2;1;1;0;0;0;0;7;1;2;5;61;61;59;8;4429;896;14;108.0;4.1;2.4;25.2;30.1;54;64;45.8;-6.4;45;45;50.0;-2.1;0;78;38
1176;97;97;7;1;0;-5;2;0;0;0;0;0;0;5;2;3;3;58;58;56;8;4893;1316;422;90.8;0.7;4.4;15.5;31.6;44;83;34.6;-8.8;28;59;32.2;-11.0;0;0;0
1177;100;100;4;0;0;1;8;0;0;0;0;0;0;2;2;1;1;53;52;55;5;1864;35;78;105.3;1.9;0.0;36.7;27.0;37;28;56.9;-1.6;22;21;51.2;-6.2;0;28;18
1178;91;91;3;0;0;-1;2;0;0;0;0;0;0;3;2;1;3;61;50;74;1;1866;374;127;100.0;0.0;0.0;25.1;38.6;29;35;45.3;-2.2;21;30;41.2;-8.1;0;0;0
1179;100;100;7;0;2;2;0;0;0;0;0;0;0;14;4;1;6;62;49;62;15;5808;0;845;103.1;1.9;0.6;34.1;26.0;94;79;54.3;1.9;70;62;53.0;2.8;0;0;0
1180;101;101;7;0;3;3;2;0;1;0;0;0;0;3;2;1;6;64;55;74;8;5577;693;528;106.2;3.2;1.3;28.4;25.2;88;78;53.0;0.3;60;56;51.7;2.2;0;0;0
1181;101;101;7;0;3;-1;2;0;1;0;0;0;0;2;4;1;5;62;61;60;10;5346;2354;616;96.3;2.7;3.4;35.0;29.6;85;71;54.5;2.3;61;53;53.5;4.7;0;0;0
1182;88;88;7;0;1;-2;4;0;0;0;0;0;0;8;1;2;6;63;50;64;3;4949;8;685;97.9;1.5;2.9;24.0;35.6;54;92;37.0;-14.1;40;73;35.4;-16.2;0;0;0
1183;90;90;5;0;0;-1;2;0;0;0;0;0;0;2;1;0;3;54;52;54;2;2718;386;124;96.6;0.0;1.3;14.6;38.4;28;46;37.8;-14.5;18;34;34.6;-17.4;0;30;12
1184;92;92;6;2;0;-5;2;1;0;0;0;0;0;7;3;3;1;58;58;55;9;3341;254;547;77.5;1.1;6.5;30.2;24.8;54;42;56.3;7.8;36;32;52.9;3.1;0;30;17
1185;99;99;7;0;2;0;0;0;0;0;0;0;0;10;4;3;7;69;50;71;9;5976;26;634;101.8;1.2;1.2;26.5;43.4;82;104;44.1;-9.1;60;86;41.1;-14.1;0;0;0
1186;89;89;7;0;1;0;32;0;0;0;0;0;0;52;4;2;9;52;50;53;5;5993;6;581;99.1;1.2;1.2;36.0;28.2;97;87;52.7;-2.7;77;66;53.8;-5.0;0;0;0
1187;89;89;7;0;3;1;6;0;1;0;0;0;0;4;6;7;10;68;53;84;6;6310;979;532;102.2;2.3;1.7;27.4;28.0;84;92;47.7;-9.8;63;68;48.1;-13.0;0;0;0
1188;98;98;7;0;3;1;2;0;1;0;0;0;0;4;0;7;5;60;50;68;4;4941;464;749;103.0;2.2;1.5;29.9;33.5;69;79;46.6;-9.7;54;63;46.2;-11.4;0;0;0
1189;97;97;4;0;0;0;0;0;0;0;0;0;0;2;1;0;1;59;58;57;7;3358;304;116;101.9;1.1;1.1;17.2;24.7;38;44;46.3;6.1;30;33;47.6;9.7;0;0;0
1190;96;96;7;2;1;-2;14;1;0;0;0;0;0;15;2;3;6;69;64;70;24;5262;1236;334;94.5;1.4;2.7;26.0;25.3;70;76;47.9;0.5;53;61;46.5;-1.3;0;1;1
1191;91;91;6;0;2;0;4;0;1;0;0;0;0;8;0;4;3;64;65;61;9;4522;321;323;99.1;1.6;1.6;25.5;22.3;52;57;47.7;-4.8;43;37;53.8;2.7;0;5;1
1192;91;91;5;2;2;5;0;1;0;0;0;0;0;6;1;1;1;65;63;63;7;3497;346;306;118.9;6.2;1.0;27.8;30.9;50;50;50.0;3.6;38;43;46.9;0.5;0;41;22
1194;97;97;6;0;0;-4;0;0;0;0;0;0;0;5;2;2;4;55;54;54;4;3450;118;864;90.0;1.0;6.3;15.7;37.6;30;64;31.9;-10.5;19;52;26.8;-15.0;0;32;13
1195;99;99;6;1;1;-2;2;0;0;0;0;0;0;6;3;5;6;60;55;59;10;5200;98;815;97.1;0.7;2.1;24.2;36.0;68;80;45.9;-3.5;49;63;43.8;-6.4;1;65;26
1196;95;95;1;0;0;0;2;0;0;0;0;0;0;1;0;1;1;61;48;64;0;567;11;98;100.0;0.0;0.0;12.7;6.3;7;4;63.6;-2.5;5;1;83.3;12.6;0;0;0
1197;92;92;5;0;0;0;6;0;0;0;0;0;0;3;4;0;3;50;49;52;5;2628;57;325;102.7;2.7;2.7;23.3;30.1;27;36;42.9;-8.3;23;27;46.0;-5.3;0;16;7
1198;101;101;5;1;2;0;4;0;0;0;0;0;0;15;1;0;0;57;64;50;15;4232;142;216;95.2;3.4;3.4;40.0;25.5;85;46;64.9;15.5;59;36;62.1;15.5;0;61;34
1199;100;100;6;2;2;1;0;0;0;0;0;0;0;6;1;2;0;63;62;57;20;4775;645;307;97.2;4.5;3.8;40.7;27.1;97;58;62.6;11.6;75;46;62.0;13.2;0;65;40
1200;99;99;7;2;1;1;4;1;0;0;0;0;0;9;4;7;4;65;62;66;11;6452;670;239;102.4;1.7;1.1;25.1;26.2;96;79;54.9;6.4;68;67;50.4;-0.3;0;9;5
1202;88;88;7;2;3;-1;2;0;1;0;0;0;0;8;1;2;14;62;56;68;15;4578;719;907;98.5;1.6;1.6;31.5;24.4;69;56;55.2;10.5;50;39;56.2;12.0;0;0;0
1204;96;96;5;0;0;-3;4;0;0;0;0;0;0;6;1;3;2;57;57;57;4;2621;0;445;88.5;0.0;4.1;15.1;35.7;31;45;40.8;-5.8;16;36;30.8;-17.1;0;28;14
1205;89;89;7;0;0;-1;2;0;0;0;0;0;0;2;3;5;6;63;48;64;7;3570;0;1170;94.4;0.0;1.0;43.4;18.2;63;37;63.0;10.2;53;28;65.4;10.0;0;0;0
1206;90;90;7;0;1;0;6;0;1;0;0;0;0;6;2;1;11;57;49;64;8;6517;754;119;101.0;1.7;1.7;28.7;34.8;106;103;50.7;2.6;71;77;48.0;0.1;0;0;0
1207;99;99;7;1;2;3;4;0;1;0;0;0;0;12;2;2;3;60;59;59;10;5720;294;42;107.1;2.5;0.6;25.2;21.4;84;77;52.2;2.5;64;53;54.7;5.6;0;0;0
1208;91;91;5;3;1;3;2;0;0;0;0;0;0;15;5;2;0;55;61;50;18;4187;0;34;102.3;4.3;1.7;45.6;24.1;91;54;62.8;14.4;66;42;61.1;11.1;0;1;0
1209;91;91;7;3;2;0;2;0;2;0;0;0;0;4;6;3;19;68;62;77;20;6801;1826;98;102.5;2.6;2.1;24.9;25.9;89;102;46.6;-4.5;66;74;47.1;-3.3;1;0;0
1210;98;98;6;2;2;1;2;0;1;0;0;0;0;4;1;2;3;59;62;56;17;4689;297;91;100.3;3.1;2.3;34.5;26.9;83;65;56.1;1.3;62;42;59.6;6.7;1;5;2
1211;97;97;6;1;1;-1;6;0;0;0;0;0;0;8;3;1;0;62;58;61;4;4799;14;475;99.7;1.5;2.3;18.8;27.0;48;70;40.7;0.6;33;52;38.8;0.5;0;13;6
1212;93;93;7;0;2;-1;6;0;1;0;0;0;0;9;7;5;3;61;56;65;14;6478;813;396;100.5;2.2;2.8;27.8;37.2;92;126;42.2;2.4;64;92;41.0;1.8;0;18;5
1213;95;95;7;0;4;-1;2;0;0;0;0;0;0;9;2;2;6;66;65;62;16;4969;954;259;92.7;2.2;2.9;33.3;21.0;88;54;62.0;3.6;68;38;64.2;4.6;0;6;2
1215;97;97;7;1;1;-2;4;0;0;0;0;0;0;9;3;3;3;63;57;63;11;6418;1445;577;98.6;1.7;2.8;21.9;30.9;67;102;39.6;-2.6;49;72;40.5;-0.5;0;11;4
1216;96;96;7;1;1;2;12;0;0;0;0;0;0;5;2;3;7;60;51;65;9;5866;556;966;105.2;1.8;0.6;22.7;20.9;77;63;55.0;10.0;57;46;55.3;10.6;1;0;0
1217;94;94;6;0;0;3;0;0;0;0;0;0;0;7;0;0;1;56;54;55;5;3071;121;354;112.5;3.5;0.0;28.1;31.7;48;48;50.0;1.6;38;34;52.8;3.1;0;25;12
1218;100;100;7;0;8;-3;6;0;4;0;0;0;0;7;3;4;9;64;57;74;14;6360;896;182;94.0;2.8;4.5;36.2;32.8;118;97;54.9;2.9;83;83;50.0;-1.5;0;0;0
1219;94;94;5;0;2;-2;10;0;0;0;0;0;0;6;1;2;3;65;60;67;16;4031;1145;60;93.6;1.8;3.6;31.3;29.5;55;66;45.5;-1.5;46;45;50.5;1.2;0;65;34
1220;95;95;7;3;5;2;16;0;1;0;0;0;0;10;2;4;2;68;69;61;19;5829;1713;183;101.3;3.7;2.5;37.1;28.4;106;68;60.9;2.4;90;56;61.6;1.4;1;5;1
1222;89;89;7;1;2;4;0;0;0;0;0;0;0;6;5;3;5;65;60;65;19;5400;0;1171;107.2;3.3;0.7;34.0;26.0;82;83;49.7;-6.8;69;56;55.2;-2.9;0;17;11
1224;91;91;7;0;0;-3;8;0;0;0;0;0;0;7;4;4;4;54;48;55;9;6037;63;1197;93.8;1.2;3.0;28.0;28.6;78;98;44.3;-7.6;61;72;45.9;-5.1;0;0;0
1225;101;101;6;0;1;-2;0;0;0;0;0;0;0;8;0;3;3;63;59;64;12;2621;2167;11;88.9;0.0;2.7;28.8;24.7;37;33;52.9;0.1;25;23;52.1;1.9;0;83;46
1226;100;100;7;1;1;0;0;0;0;0;0;0;0;4;2;2;1;55;54;54;12;5861;67;760;96.6;2.5;2.5;35.6;24.0;98;84;53.8;1.3;79;68;53.7;3.9;0;2;1
1227;97;97;7;1;1;-5;2;0;0;0;0;0;0;6;1;3;4;64;64;60;11;6146;1543;0;91.0;1.2;4.1;21.1;28.1;68;87;43.9;3.3;48;62;43.6;3.8;0;8;4
1228;95;95;7;2;3;1;2;1;0;0;0;0;0;2;3;3;7;65;58;70;22;6229;1323;365;96.5;3.5;2.9;34.7;21.4;108;70;60.7;2.0;85;50;63.0;3.3;0;0;0
1229;99;99;6;3;2;0;2;0;1;0;0;0;0;12;5;0;1;67;65;67;15;4893;1475;0;99.4;2.2;2.2;29.4;27.2;65;60;52.0;5.6;50;47;51.5;5.0;2;110;49
1230;98;98;7;0;2;4;4;0;0;0;0;0;0;2;1;1;5;61;60;61;22;4947;2238;93;106.4;3.6;0.7;36.4;20.4;96;54;64.0;13.4;66;36;64.7;13.6;0;0;0
1231;100;100;5;1;1;-4;4;0;1;0;0;0;0;9;2;0;1;62;60;56;13;4128;1353;0;95.7;1.7;5.2;17.4;36.6;45;73;38.1;-15.4;28;60;31.8;-20.4;0;9;1
1233;90;90;7;1;1;-2;4;0;0;0;0;0;0;17;1;2;8;57;51;58;5;5309;0;990;88.5;1.4;2.7;26.4;16.3;76;53;58.9;12.5;57;39;59.4;14.6;0;0;0
1234;93;93;7;1;1;-1;2;0;0;0;0;0;0;13;3;2;11;61;50;67;11;6583;397;721;100.5;2.2;3.3;22.4;35.5;81;131;38.2;-3.6;53;91;36.8;-4.4;0;0;0
1235;91;91;7;1;3;3;2;0;0;0;0;0;0;7;2;4;12;62;54;66;13;5539;1034;882;103.9;3.9;1.9;31.2;22.7;87;73;54.4;6.5;63;54;53.8;5.9;0;2;2
1236;97;97;7;2;0;-2;0;0;0;1;0;0;0;7;2;2;8;56;53;56;15;6517;400;436;92.4;2.2;3.9;26.5;24.3;76;88;46.3;6.9;63;61;50.8;14.2;0;0;0
1237;88;88;7;1;1;-3;4;1;0;0;0;0;0;8;0;4;14;66;54;72;7;6379;339;674;96.7;1.7;2.8;23.7;27.1;80;76;51.3;5.8;58;57;50.4;5.0;0;0;0
1238;98;98;6;0;2;4;0;0;0;0;0;0;0;7;0;2;5;62;57;60;4;3960;0;884;111.8;3.6;0.0;30.9;20.0;60;44;57.7;3.1;45;29;60.8;7.5;0;72;38
1239;98;98;4;0;1;2;0;0;0;0;0;0;0;1;0;0;6;63;51;64;1;2615;67;305;108.6;4.1;1.4;23.4;15.1;42;36;53.8;-0.3;27;21;56.3;1.3;0;0;0
1241;91;91;6;1;2;-1;0;0;1;0;0;0;0;11;1;2;1;58;60;53;4;4293;477;0;96.8;1.7;2.5;20.1;21.8;52;53;49.5;-2.5;37;39;48.7;-3.6;0;2;1
1242;89;89;7;1;2;-2;2;0;0;0;0;0;0;2;3;3;3;64;63;60;21;5185;690;759;93.6;2.1;3.5;41.7;30.5;88;70;55.7;1.6;74;56;56.9;-0.5;0;96;51
1243;92;92;6;2;3;0;6;2;0;0;0;0;0;10;1;1;4;65;65;64;13;5611;798;0;99.0;1.9;1.9;28.9;25.0;84;66;56.0;7.6;68;51;57.1;7.7;0;5;2
1244;99;99;7;1;4;2;2;0;3;0;0;0;0;8;5;3;13;64;60;79;19;5373;1569;642;104.7;2.0;0.7;26.1;22.1;76;70;52.1;2.3;57;49;53.8;4.2;0;0;0
1245;96;96;7;0;1;-5;10;0;0;0;0;0;0;10;5;2;10;53;49;55;8;6024;470;1520;90.7;1.2;4.2;23.9;29.3;81;91;47.1;-0.7;59;71;45.4;-3.0;0;0;0
1246;96;96;7;3;2;-1;19;0;0;0;0;0;0;3;3;0;4;64;62;64;17;5417;1555;494;99.3;2.7;3.3;21.9;25.9;68;68;50.0;3.2;47;49;49.0;2.0;1;75;41
1247;101;101;6;0;1;0;4;0;0;0;0;0;0;8;1;0;1;61;60;59;9;4290;1823;56;99.5;1.7;1.7;25.2;23.5;64;49;56.6;4.3;39;40;49.4;-0.4;0;11;5
1251;92;92;7;2;1;1;2;0;1;1;0;0;0;11;3;2;8;63;59;63;10;5173;188;911;100.2;1.4;1.4;24.4;25.1;72;71;50.3;-0.6;50;49;50.5;-1.5;0;20;16
1253;93;93;5;0;2;1;2;0;0;0;0;0;0;9;2;5;4;63;59;66;4;3777;188;87;105.6;2.9;1.9;25.7;34.3;52;66;44.1;3.3;37;48;43.5;2.4;0;6;2
1254;90;90;6;1;0;-2;2;1;0;0;0;0;0;12;2;5;4;64;62;63;7;4923;600;146;96.5;0.7;2.2;18.3;29.3;53;73;42.1;-12.3;38;51;42.7;-9.0;0;9;5
1256;99;99;6;4;1;-1;0;4;0;0;0;0;0;4;0;0;3;63;64;55;15;3742;1342;51;99.4;1.0;1.9;25.0;43.3;45;74;37.8;-16.4;33;57;36.7;-18.2;0;1;0
1257;96;96;5;0;0;0;0;0;0;0;0;0;0;6;1;0;3;52;53;50;5;2338;0;242;98.9;1.5;1.5;27.7;23.1;32;26;55.2;11.1;25;22;53.2;8.2;0;7;3
1258;92;92;7;1;4;-2;2;1;4;0;0;0;0;10;7;2;9;78;66;92;21;6166;1477;407;92.0;0.0;1.2;28.0;14.6;97;52;65.1;19.5;67;37;64.4;17.0;0;0;0
1259;100;100;6;4;1;-2;2;1;1;0;0;0;0;5;1;1;4;60;61;55;17;5005;608;0;94.9;2.9;4.3;30.2;29.5;76;74;50.7;-1.3;55;54;50.5;-0.2;0;1;1
1260;96;96;6;1;0;4;0;0;0;0;0;0;0;9;5;1;9;65;56;66;8;4424;245;1218;108.7;4.1;0.8;33.4;23.6;67;50;57.3;10.4;57;34;62.6;20.0;0;60;34
1261;100;100;7;1;2;-1;2;0;0;0;0;0;0;11;2;5;7;65;62;66;10;6364;585;296;93.4;2.3;2.8;38.5;22.6;125;79;61.3;12.2;91;58;61.1;14.3;0;11;9
1263;101;101;7;0;0;2;2;0;0;0;0;0;0;7;1;3;20;66;51;68;4;5458;58;1656;104.2;2.0;0.7;29.7;26.4;86;71;54.8;2.7;58;53;52.3;2.9;0;0;0
1264;90;90;4;0;0;-1;0;0;0;0;0;0;0;2;2;3;1;56;52;57;3;2603;0;371;96.7;1.4;2.8;22.1;29.0;40;38;51.3;-2.4;24;29;45.3;-6.4;0;49;26
1265;90;90;1;0;0;-1;0;0;0;0;0;0;0;0;1;0;0;45;45;43;0;483;0;0;90.9;0.0;7.5;7.5;82.0;2;20;9.1;-35.5;2;15;11.8;-35.6;0;1;0
1266;94;94;6;1;0;1;4;0;0;0;0;0;0;1;1;0;3;57;52;65;8;3350;193;624;105.0;2.1;1.1;24.7;29.0;41;51;44.6;-3.1;31;35;47.0;-3.4;0;0;0
1268;98;98;5;0;1;2;4;0;0;0;0;0;0;3;1;0;1;52;52;54;0;2387;508;109;112.5;3.0;0.0;24.1;34.7;29;38;43.3;-11.1;21;28;42.9;-11.1;0;0;0
1269;99;99;5;0;4;4;4;0;2;0;0;0;0;4;2;0;2;64;64;62;8;4427;1090;82;107.2;4.1;0.8;37.4;22.0;78;56;58.2;9.7;64;37;63.4;15.8;0;7;3
1270;89;89;7;0;0;2;4;0;0;0;0;0;0;0;2;1;2;60;57;59;11;4949;429;428;102.4;2.2;0.7;38.6;22.6;87;62;58.4;5.1;70;44;61.4;5.5;0;64;34
1271;95;95;7;0;2;2;6;0;0;0;0;0;0;3;0;1;9;61;55;70;10;5456;294;260;103.3;3.3;2.0;29.0;24.4;78;75;51.0;-11.3;61;53;53.5;-9.7;0;4;1
1273;90;90;6;1;2;0;0;0;0;0;0;0;0;8;1;5;2;56;60;53;7;6311;183;1102;98.6;2.3;2.3;28.0;24.0;92;77;54.4;9.0;63;63;50.0;3.9;0;14;6
1274;101;101;7;0;1;-2;2;0;0;0;0;0;0;8;5;2;10;71;52;85;16;5931;2371;183;94.0;1.8;3.0;35.8;27.3;88;70;55.7;4.0;64;56;53.3;4.6;0;0;0
1275;95;95;7;1;2;3;0;0;0;0;0;0;0;8;2;1;5;56;58;54;10;6324;558;260;104.7;2.8;1.1;30.2;23.9;103;79;56.6;-3.9;80;53;60.2;-0.8;0;6;3
1276;90;90;7;1;2;-1;2;0;0;0;0;0;0;5;2;4;2;67;62;71;9;6113;794;323;98.0;2.4;2.9;28.9;28.9;102;82;55.4;9.1;70;69;50.4;3.5;0;27;12
1277;89;89;7;1;1;-1;2;1;1;0;0;0;0;11;3;0;2;59;57;59;12;4218;1583;93;96.4;0.0;0.9;21.3;23.9;52;56;48.1;-7.9;34;42;44.7;-15.1;1;6;2
1278;101;101;7;4;1;2;6;2;0;0;0;0;0;9;4;5;5;70;59;71;16;5267;490;1416;105.3;2.1;0.7;27.3;30.8;69;72;48.9;-5.3;49;56;46.7;-4.7;1;79;40
1279;90;90;7;0;1;-3;2;0;0;0;0;0;0;9;3;4;6;64;53;78;11;6171;341;396;92.6;0.6;2.3;28.0;24.5;81;75;51.9;3.9;63;62;50.4;3.4;0;0;0
1280;93;93;6;0;1;-4;4;0;0;0;0;0;0;4;1;2;6;61;58;63;9;4178;322;623;90.1;0.9;4.3;24.1;31.9;48;72;40.0;-1.8;36;56;39.1;-2.7;0;7;3
1281;90;90;7;1;1;2;2;0;0;0;0;0;0;6;6;1;1;58;55;62;15;5549;997;222;102.1;2.6;1.3;32.4;22.1;80;65;55.2;8.0;60;46;56.6;11.4;1;18;9
1282;89;89;7;0;2;-2;4;0;1;0;0;0;0;16;2;1;1;63;62;64;17;4994;2140;105;94.1;0.7;2.2;44.0;28.8;88;70;55.7;1.6;70;53;56.9;-0.5;0;4;1
1283;100;100;4;0;1;-1;0;0;0;0;0;0;0;5;1;2;5;66;55;68;6;2847;241;495;92.4;2.5;3.8;41.7;27.8;60;36;62.5;11.4;44;31;58.7;10.6;0;14;7
1284;92;92;6;0;1;-4;0;0;1;0;0;0;0;4;0;3;3;51;49;53;2;3034;146;69;93.7;1.2;5.9;20.2;48.6;33;64;34.0;-20.1;26;49;34.7;-20.0;0;0;0
1285;88;88;7;1;5;3;5;0;2;0;0;0;0;9;4;3;0;57;53;58;19;5642;996;507;110.9;3.8;1.9;22.3;30.6;68;89;43.3;-5.5;51;63;44.7;-3.1;0;0;0
1286;96;96;7;1;2;3;4;0;0;0;0;0;0;12;4;3;0;63;61;61;10;5728;875;527;105.3;3.1;1.3;32.1;27.7;92;83;52.6;7.3;71;55;56.3;12.9;0;16;6
1287;88;88;7;2;2;3;2;2;2;0;0;0;0;5;7;2;5;65;61;69;8;5915;1296;217;109.7;2.4;0.6;18.9;18.9;65;71;47.8;0.8;47;46;50.5;4.8;0;8;3
1288;96;96;5;0;0;-1;0;0;0;0;0;0;0;5;2;0;3;63;54;63;6;3619;176;1159;98.3;1.0;2.0;23.9;33.8;54;54;50.0;-0.2;36;43;45.6;-3.0;0;34;15
1289;93;93;5;0;1;-2;0;0;0;0;0;0;0;3;0;5;10;66;54;73;3;4213;161;222;96.9;0.9;2.6;27.3;41.0;52;71;42.3;5.1;38;59;39.2;2.5;0;0;0
1290;91;91;6;2;1;0;0;0;0;0;0;0;0;3;3;4;1;63;62;58;13;5563;569;176;102.8;2.6;1.9;26.5;27.8;69;70;49.6;-1.4;57;57;50.0;-1.0;0;6;1
1291;98;98;7;0;1;-1;2;0;0;0;0;0;0;5;2;1;18;56;50;57;16;5892;277;1187;91.3;3.1;3.7;36.0;21.4;99;70;58.6;6.5;74;46;61.7;10.2;0;0;0
1292;97;97;7;0;0;-4;2;0;0;0;0;0;0;9;2;1;2;54;56;50;10;6054;614;306;95.0;2.4;4.8;25.0;32.7;83;89;48.3;9.8;59;71;45.4;6.6;0;45;22
1293;94;94;6;3;3;-3;0;2;1;0;0;0;0;10;4;5;5;67;64;66;22;5279;1574;326;95.5;2.7;4.1;34.1;32.7;79;87;47.6;-3.1;66;63;51.2;-0.9;0;19;8
1294;92;92;7;0;4;1;4;0;0;0;0;0;0;11;2;3;15;69;55;79;16;6048;917;673;101.6;2.4;1.8;27.4;25.0;73;81;47.4;-4.7;62;60;50.8;-1.2;0;0;0
1295;92;92;7;1;2;0;2;1;2;0;0;0;0;4;1;0;4;60;60;59;21;6299;1172;0;100.0;0.0;0.0;25.1;18.3;88;65;57.5;9.2;68;48;58.6;9.6;1;3;1
1296;98;98;7;2;0;1;2;0;0;0;0;0;0;8;2;2;4;59;59;57;12;5497;203;657;99.5;2.6;2.0;29.5;21.0;96;61;61.1;9.8;62;43;59.0;6.2;0;16;8
1297;100;100;7;1;7;5;8;1;1;0;0;0;0;8;2;2;0;64;66;56;15;6043;479;318;105.8;4.8;1.8;38.7;27.4;103;85;54.8;2.6;79;71;52.7;2.4;0;8;5
1298;95;95;7;1;0;4;0;0;0;0;0;0;0;10;4;1;3;63;60;65;16;5516;1494;188;109.5;2.6;0.0;27.4;21.5;90;68;57.0;-3.2;61;45;57.5;-4.2;0;7;6
1299;95;95;7;2;4;6;0;0;1;0;0;0;0;11;4;3;4;61;54;65;14;5997;1118;390;111.9;5.4;1.8;30.0;29.4;93;84;52.5;-9.7;72;62;53.7;-10.1;1;0;0
1300;90;90;6;0;4;1;0;0;0;0;0;0;0;3;4;3;4;67;61;71;14;5410;335;102;98.0;2.7;2.0;31.9;19.3;80;66;54.8;11.1;63;47;57.3;14.8;0;69;32
1301;101;101;7;1;3;0;2;0;1;0;0;0;0;5;3;5;4;63;61;66;12;5553;2265;626;99.6;1.9;1.9;30.5;28.5;74;79;48.4;-6.2;57;60;48.7;-2.0;0;5;4
1302;98;98;7;0;3;-3;8;0;0;0;0;0;0;4;2;3;12;64;54;70;11;6376;726;588;86.9;2.8;4.5;35.6;21.5;112;80;58.3;6.5;79;54;59.4;7.3;0;1;0
1304;91;91;7;2;0;-2;14;1;0;0;0;0;0;8;2;2;5;63;67;56;18;5833;1714;1;97.2;2.5;3.1;27.2;25.9;84;69;54.9;7.1;65;56;53.7;5.8;0;0;0
1306;92;92;5;0;0;1;0;0;0;0;0;0;0;4;2;0;0;54;48;58;2;2602;139;129;106.1;4.2;2.8;24.9;26.3;35;35;50.0;-0.5;27;25;51.9;0.3;0;0;0
1308;89;89;7;0;2;3;0;0;0;0;0;0;0;2;3;2;9;58;57;56;7;5299;448;367;106.6;3.4;1.4;30.6;29.9;74;89;45.4;-12.7;57;60;48.7;-11.6;0;5;4
1309;90;90;6;1;2;0;0;0;0;0;0;0;0;5;0;0;0;54;57;48;4;3689;43;0;104.4;2.9;2.9;23.4;36.1;49;54;47.6;-4.7;33;41;44.6;-6.2;0;0;0
1310;92;92;7;1;3;0;2;1;1;0;0;0;0;5;4;2;2;62;60;62;17;5258;738;64;100.2;2.1;2.1;28.8;29.4;70;72;49.3;-2.0;59;57;50.9;-1.1;0;14;8
1311;98;98;6;2;1;3;0;0;0;0;0;0;0;3;2;3;3;61;58;59;7;3493;38;1136;108.7;4.1;1.0;31.9;24.7;58;53;52.3;-3.7;40;34;54.1;-1.1;0;14;7
1312;94;94;7;2;0;0;2;2;0;0;0;0;0;8;6;3;0;61;59;62;24;4678;1555;133;101.0;1.5;1.5;30.0;36.9;70;78;47.3;-3.3;54;58;48.2;-4.4;0;5;2
1313;100;100;7;5;3;4;2;1;2;0;0;0;0;10;0;2;3;68;68;60;19;6034;1265;305;106.9;4.8;2.4;31.0;28.0;94;93;50.3;-3.7;67;80;45.6;-7.6;1;119;67
1314;94;94;7;1;1;0;0;0;0;0;0;0;0;1;3;7;7;62;52;70;11;5121;600;307;101.0;2.8;2.1;35.9;30.9;85;74;53.5;5.1;70;55;56.0;6.2;0;0;0
1315;88;88;4;0;1;1;0;0;0;0;0;0;0;5;0;0;6;57;51;58;8;2197;0;755;101.1;3.3;1.6;29.5;16.4;36;21;63.2;8.6;27;17;61.4;8.0;0;0;0
1316;95;95;7;1;4;1;0;0;0;0;0;0;0;12;1;4;10;67;59;75;13;5688;1006;535;95.6;3.8;3.2;36.7;21.5;107;54;66.5;10.0;79;42;65.3;6.4;0;0;0
1317;93;93;7;0;2;-5;14;0;1;0;0;0;0;7;4;0;16;55;49;59;5;6520;189;1004;94.4;1.1;3.9;23.7;37.5;80;127;38.6;-2.9;53;92;36.6;-4.8;0;0;0
1318;90;90;4;0;1;0;2;0;0;0;0;0;0;4;3;0;1;59;57;60;8;3633;798;60;102.0;2.0;2.0;27.7;38.6;38;66;36.5;-15.2;33;49;40.2;-8.9;0;6;3
1319;101;101;7;1;2;1;6;0;0;0;0;0;0;9;2;3;3;61;58;60;15;4718;107;593;102.6;2.3;1.5;27.5;26.7;63;69;47.7;-6.7;45;55;45.0;-6.8;0;65;33
1320;97;97;6;0;2;-2;0;0;0;0;0;0;0;5;2;2;0;60;59;56;8;4137;720;0;97.2;1.7;3.5;22.6;33.1;47;75;38.5;-5.2;34;57;37.4;-5.9;0;2;1
1321;88;88;7;2;2;0;2;1;0;0;0;0;0;2;2;2;2;60;61;55;6;5775;698;79;105.7;1.9;1.2;18.7;29.3;60;85;41.4;-8.0;42;65;39.3;-10.6;0;12;7
1322;89;89;7;1;2;2;0;0;0;0;0;0;0;4;4;2;1;63;62;63;12;5047;1718;30;98.5;3.6;2.1;42.1;21.4;87;56;60.8;8.3;77;41;65.3;10.8;0;6;2
1323;97;97;7;1;2;-1;6;0;0;0;0;0;0;5;3;0;8;66;51;67;7;6120;234;921;99.4;2.4;2.9;21.8;25.9;75;83;47.5;8.4;52;62;45.6;6.6;0;0;0
1325;91;91;4;0;0;-1;0;0;0;0;0;0;0;3;1;5;4;59;51;63;8;3123;563;423;96.6;1.2;2.3;33.4;33.4;50;49;50.5;-5.6;40;40;50.0;-6.4;0;0;0
1327;91;91;6;0;1;-1;8;0;0;0;0;0;0;6;2;2;4;59;53;67;15;4629;421;401;98.3;3.1;3.9;27.2;29.6;63;56;52.9;5.5;50;47;51.5;4.7;0;0;0
1328;93;93;5;3;1;4;6;1;0;0;0;0;0;5;0;0;0;61;61;58;11;3723;724;53;110.5;3.9;0.0;36.7;30.9;59;57;50.9;11.7;46;41;52.9;13.4;1;57;28
1329;93;93;6;0;1;-5;2;0;1;0;0;0;0;22;3;0;5;53;57;46;7;4771;48;576;90.9;0.8;4.5;24.1;37.0;64;89;41.8;2.0;47;68;40.9;3.5;0;13;7
1330;99;99;7;1;0;1;0;0;0;0;0;0;0;3;2;0;2;56;55;55;11;4425;139;184;104.1;1.6;0.8;22.8;26.8;53;71;42.7;-9.6;38;48;44.2;-7.9;0;11;4
1331;90;90;3;0;0;-1;2;0;0;0;0;0;0;3;1;1;2;61;51;62;2;1511;144;405;92.9;0.0;2.4;14.3;33.4;13;26;33.3;-19.2;9;17;34.6;-19.2;0;5;3
1332;97;97;6;0;1;-2;0;0;0;0;1;0;0;2;0;0;4;51;51;51;2;2485;114;177;91.9;0.0;4.3;13.0;53.6;25;59;29.8;-13.2;15;48;23.8;-20.2;0;0;0
1333;92;92;2;1;0;3;0;0;0;0;0;0;0;0;1;0;3;59;53;67;1;664;0;150;142.9;16.3;0.0;38.0;27.1;14;8;63.6;11.8;10;5;66.7;13.7;0;0;0
1334;100;100;7;0;1;1;4;0;0;0;0;0;0;9;1;2;6;67;50;69;6;4468;0;808;102.3;1.6;0.8;27.4;22.6;61;58;51.3;-2.0;45;42;51.7;0.9;0;0;0
1335;100;100;3;0;0;0;2;0;0;0;0;0;0;1;2;2;1;50;49;51;3;1604;0;48;101.8;2.2;2.2;29.2;38.2;23;30;43.4;-3.7;20;24;45.5;0.6;0;23;8
1336;101;101;6;0;1;1;4;0;0;0;0;0;0;6;3;2;2;54;53;54;7;2920;59;402;104.9;2.5;1.2;29.6;35.8;48;44;52.2;-1.5;31;35;47.0;-3.4;0;26;7
1337;92;92;7;0;0;-2;2;0;0;0;0;0;0;7;2;2;2;55;49;59;9;6617;0;748;96.0;0.5;1.6;23.9;26.1;73;95;43.5;-10.5;61;69;46.9;-6.9;0;0;0
1338;98;98;2;0;0;-1;0;0;0;0;0;0;0;2;0;1;1;58;54;63;1;1280;125;58;92.3;0.0;2.8;28.1;36.6;18;24;42.9;-1.0;13;17;43.3;-3.6;0;18;10
1339;101;101;6;1;0;-1;0;0;0;0;0;0;0;11;3;0;1;56;57;54;9;3931;499;963;98.4;1.8;2.7;30.2;35.7;53;68;43.8;-10.8;38;53;41.8;-10.4;0;12;5
1340;92;92;2;0;0;0;0;0;0;0;0;0;0;0;0;1;0;57;54;56;0;882;0;139;100.0;0.0;0.0;4.1;32.7;8;12;40.0;-15.5;5;10;33.3;-24.7;0;2;1
1341;93;93;7;1;3;0;14;0;0;0;1;0;0;6;2;0;6;59;59;55;8;5478;708;329;101.0;2.6;2.6;25.6;28.3;66;91;42.0;1.9;50;67;42.7;3.9;1;0;0
1342;91;91;6;0;0;0;0;0;0;0;0;0;0;2;4;2;5;51;48;56;3;2048;81;311;101.9;1.8;1.8;26.4;36.9;27;33;45.0;-5.7;21;25;45.7;-4.8;0;0;0
1343;95;95;4;0;0;-2;0;0;0;0;0;0;0;0;0;0;1;51;53;49;5;2018;159;0;88.2;0.0;3.6;35.7;30.3;31;32;49.2;-11.0;25;21;54.3;-6.2;0;18;8
1344;97;97;2;0;0;-1;0;0;0;0;0;0;0;3;0;0;0;52;51;57;0;857;297;0;91.7;0.0;4.2;33.6;50.4;10;16;38.5;-10.1;9;15;37.5;-12.1;0;1;0
1345;90;90;2;0;0;0;0;0;0;0;0;0;0;1;0;1;2;56;55;57;3;1038;47;5;100.0;0.0;0.0;27.7;38.2;17;20;45.9;-3.7;13;14;48.1;1.7;0;0;0
1346;96;96;7;1;0;1;0;0;0;0;0;0;0;5;1;1;13;63;50;64;5;4201;4;1614;104.9;3.4;2.6;30.0;39.4;62;77;44.6;-4.0;49;62;44.1;-4.5;0;0;0
1347;99;99;5;0;1;0;0;0;1;0;0;0;0;4;2;0;0;58;55;56;4;3451;170;88;101.3;1.0;1.0;24.0;34.4;49;50;49.5;0.7;34;44;43.6;-7.4;0;42;20
1348;100;100;1;0;0;0;0;0;0;0;0;0;0;1;0;0;1;55;53;52;3;881;0;0;100.0;0.0;0.0;36.8;24.5;15;10;60.0;21.3;10;9;52.6;15.1;0;11;6
1349;99;99;5;0;1;1;0;0;0;0;0;0;0;0;1;0;0;55;54;55;3;3353;493;0;105.8;2.1;1.1;21.5;25.8;42;51;45.2;-8.8;31;35;47.0;-5.6;0;34;14
1350;96;96;7;0;2;-2;16;0;1;0;0;0;0;3;1;0;6;55;54;60;6;3933;711;37;88.5;1.8;3.7;27.5;20.1;58;52;52.7;6.4;42;34;55.3;9.6;0;0;0
1352;97;97;2;0;0;-2;0;0;0;0;0;0;0;0;2;0;0;45;50;39;5;1279;67;38;93.2;5.6;11.3;31.0;45.0;27;23;54.0;17.2;21;19;52.5;14.7;0;0;0
1353;91;91;1;0;0;-1;0;0;0;0;0;0;0;0;0;0;0;48;49;45;0;308;0;0;0.0;0.0;11.7;0.0;81.8;0;11;0.0;-42.4;0;9;0.0;-40.8;0;0;0
1354;95;95;1;0;0;0;0;0;0;0;0;0;0;0;2;0;0;53;39;52;1;298;0;81;100.0;0.0;0.0;24.2;24.2;5;3;62.5;13.8;4;3;57.1;10.4;0;4;1
1355;101;101;1;0;0;0;0;0;0;0;0;0;0;0;0;0;0;60;48;62;0;502;0;14;100.0;0.0;0.0;35.9;64.5;7;13;35.0;-19.4;6;12;33.3;-25.5;0;0;0
1357;96;96;2;0;0;-1;2;0;0;0;0;0;0;0;2;0;0;48;45;52;1;751;139;0;50.0;0.0;4.8;38.3;9.6;13;6;68.4;17.3;9;2;81.8;30.0;0;7;3
1358;94;94;1;0;0;0;0;0;0;0;0;0;0;0;0;0;0;58;57;50;1;819;0;36;105.0;4.4;4.4;17.6;22.0;12;9;57.1;-8.2;8;7;53.3;-9.4;0;0;0
1359;92;92;1;0;0;0;0;0;0;0;0;0;0;0;0;0;1;53;51;59;0;419;44;0;100.0;0.0;0.0;25.8;43.0;7;7;50.0;-2.4;6;6;50.0;-3.1;0;0;0
1360;91;91;1;0;1;0;0;0;1;0;0;0;0;0;1;1;0;62;62;64;2;271;461;0;0.0;0.0;0.0;0.0;79.7;0;11;0.0;-42.4;0;9;0.0;-40.8;0;11;6
1361;90;90;2;0;0;-1;0;0;0;0;0;0;0;0;1;0;0;48;47;48;0;716;0;218;90.9;0.0;5.0;25.1;55.3;11;20;35.5;-16.1;8;17;32.0;-18.0;0;16;5
1362;91;91;3;0;2;1;0;0;0;0;0;0;0;3;1;0;0;54;52;54;0;993;0;443;120.0;3.6;0.0;18.1;36.3;9;18;33.3;-10.7;8;13;38.1;-4.8;0;0;0
1363;96;96;2;0;1;1;2;0;0;0;0;0;0;0;1;0;2;53;54;53;0;1111;128;0;110.0;3.2;0.0;32.4;29.2;16;16;50.0;-8.2;13;13;50.0;-6.4;0;0;0
1364;100;100;6;1;1;0;0;0;0;0;0;0;0;2;2;0;1;51;53;48;7;3352;19;139;94.0;4.3;4.3;37.6;24.7;57;45;55.9;2.1;46;36;56.1;4.6;0;0;0
1365;90;90;2;0;0;-1;0;0;0;0;0;0;0;1;0;0;0;48;50;48;1;587;0;20;88.9;0.0;6.1;30.7;55.2;5;13;27.8;-20.2;5;10;33.3;-16.7;0;0;0
1366;92;92;2;0;1;-1;0;0;0;0;0;0;0;1;0;0;1;58;60;52;2;1432;85;219;98.2;2.5;5.0;25.1;42.7;18;29;38.3;-14.8;16;21;43.2;-10.6;0;0;0
1367;95;95;7;0;0;2;0;0;0;0;0;0;0;7;0;3;8;67;49;69;11;4971;0;1073;102.2;2.2;0.7;34.0;17.4;90;45;66.7;9.7;71;31;69.6;11.6;0;0;0
1369;101;101;4;0;0;0;2;0;0;0;0;0;0;0;0;1;1;59;49;60;0;1241;0;482;100.0;0.0;0.0;14.5;37.7;14;21;40.0;-15.1;10;18;35.7;-15.6;0;0;0
1370;94;94;1;0;0;0;0;0;0;0;0;0;0;0;0;0;0;51;50;52;0;385;0;0;100.0;0.0;0.0;9.4;28.1;1;5;16.7;-50.0;1;5;16.7;-48.0;0;0;0
1371;93;93;4;0;0;-4;2;0;0;0;0;0;0;1;1;0;1;53;52;56;3;2595;432;79;86.2;0.0;5.5;25.0;40.2;30;45;40.0;-2.8;23;35;39.7;-1.1;0;51;25
1372;100;100;1;0;0;-1;0;0;0;0;0;0;0;1;0;0;1;51;50;51;0;381;104;0;80.0;0.0;9.4;9.4;47.2;1;8;11.1;-37.6;1;6;14.3;-30.7;0;1;1
1373;92;92;1;0;0;0;0;0;0;0;0;0;0;1;1;0;0;45;45;45;0;753;0;109;100.0;0.0;0.0;28.7;47.8;10;14;41.7;-18.7;8;10;44.4;-18.8;0;0;0
1374;89;89;6;1;0;2;0;0;0;0;0;0;0;4;0;1;4;60;51;62;5;2588;0;726;106.9;2.8;0.0;40.3;19.5;50;29;63.3;11.4;42;21;66.7;12.1;0;0;0
1375;94;94;2;0;0;0;2;0;0;0;0;0;0;1;1;0;0;53;46;55;0;952;0;115;100.0;0.0;0.0;7.6;45.4;3;16;15.8;-46.8;3;15;16.7;-45.6;0;0;0
1376;96;96;1;0;0;0;0;0;0;0;0;0;0;0;1;0;1;48;45;55;2;358;0;47;0.0;0.0;0.0;60.3;0.0;8;2;80.0;23.1;7;0;100.0;45.5;0;1;0
1377;94;94;6;1;0;0;2;0;0;0;0;0;0;4;4;0;2;52;53;50;12;3761;382;105;95.6;1.9;1.9;34.5;19.1;58;57;50.4;4.4;47;35;57.3;9.7;0;0;0
1378;100;100;7;2;2;-1;4;0;0;0;0;0;0;6;2;0;1;53;47;53;13;5464;42;1000;91.5;5.9;6.6;40.2;28.3;113;73;60.8;11.0;80;62;56.3;7.4;1;0;0
1379;90;90;6;0;1;-2;0;0;0;0;0;0;0;2;2;1;0;47;47;46;4;2957;0;557;100.6;4.9;7.3;24.3;37.7;31;53;36.9;-12.9;24;41;36.9;-11.2;0;0;0
1380;100;100;2;0;1;-1;0;0;0;0;0;0;0;2;1;1;0;52;53;47;3;790;101;0;88.9;0.0;4.6;27.3;41.0;11;17;39.3;-11.9;10;14;41.7;-6.1;0;0;0
1381;89;89;2;0;0;0;0;0;0;0;0;0;0;0;2;0;1;46;45;49;0;760;0;0;100.0;0.0;0.0;4.7;71.1;3;22;12.0;-42.9;2;16;11.1;-48.9;0;0;0
1382;101;101;3;0;0;-1;2;0;0;0;0;0;0;0;0;0;0;51;51;50;1;1096;0;119;90.0;0.0;3.3;16.4;32.8;12;17;41.4;-10.7;8;14;36.4;-14.2;0;0;0
1383;90;90;6;1;1;1;4;0;0;0;0;0;0;3;0;1;2;55;51;59;7;3198;105;123;109.4;5.6;4.5;27.0;39.4;35;56;38.5;-15.6;28;44;38.9;-13.2;0;0;0
1384;93;93;7;1;0;-4;0;0;0;0;0;0;0;3;0;1;4;55;55;50;7;4610;125;192;94.1;0.8;3.9;25.8;43.7;72;91;44.2;4.8;49;72;40.5;0.9;0;0;0
1385;97;97;2;0;0;-2;0;0;0;0;0;0;0;0;0;0;0;44;51;43;1;721;0;125;81.8;0.0;10.0;15.0;54.9;4;13;23.5;-19.9;3;11;21.4;-20.5;0;2;2
1387;99;99;1;0;1;0;0;0;1;0;0;0;0;0;0;0;1;59;59;55;1;306;304;0;100.0;0.0;0.0;35.3;105.9;4;12;25.0;-31.5;3;10;23.1;-34.7;0;0;0
1388;101;101;4;0;0;0;0;0;0;0;0;0;0;0;0;0;2;51;50;51;0;1294;0;170;100.0;0.0;0.0;19.5;41.7;12;22;35.3;-26.2;9;19;32.1;-25.6;0;0;0
1389;101;101;4;0;1;0;0;0;0;0;0;0;0;7;0;0;0;54;55;51;2;1352;0;692;103.3;2.7;2.7;26.6;39.9;21;22;48.8;-1.5;14;19;42.4;-6.9;0;14;8
1390;89;89;1;0;0;0;0;0;0;0;0;0;0;0;0;0;0;56;52;62;0;443;0;0;100.0;0.0;0.0;32.5;8.1;6;2;75.0;16.4;4;1;80.0;19.6;0;0;0
1391;93;93;1;0;0;0;0;0;0;0;0;0;0;0;0;0;0;57;56;53;1;263;0;31;100.0;0.0;0.0;13.7;41.1;1;4;20.0;-21.1;1;3;25.0;-13.9;0;1;1
1392;92;92;1;0;0;0;0;0;0;0;0;0;0;0;0;0;1;49;49;49;0;481;0;0;0.0;0.0;0.0;0.0;37.4;3;7;30.0;-28.4;3;6;33.3;-28.7;0;0;0
1393;93;93;1;0;0;0;0;0;0;0;0;0;0;1;0;0;1;52;50;55;0;207;55;0;100.0;0.0;0.0;52.2;69.6;3;7;30.0;-11.2;3;4;42.9;5.6;0;0;0
1394;95;95;7;0;0;1;2;0;0;0;0;0;0;2;0;1;0;55;49;56;5;2727;0;922;103.7;1.3;0.0;35.6;26.4;56;33;62.9;4.3;41;26;61.2;0.6;0;0;0
1395;93;93;1;0;0;0;0;0;0;0;0;0;0;0;1;0;0;48;47;52;0;273;80;75;100.0;0.0;0.0;39.6;52.7;3;6;33.3;-7.2;3;4;42.9;5.6;0;5;3
1396;97;97;1;0;0;0;0;0;0;0;0;0;0;2;0;0;0;56;48;57;0;408;0;0;0.0;0.0;0.0;0.0;17.6;4;5;44.4;-3.6;2;4;33.3;-11.9;0;0;0
1399;88;88;7;0;0;-3;2;0;0;0;0;0;0;9;4;1;1;58;53;59;1;4000;0;995;94.0;0.9;3.6;18.9;33.3;42;74;36.2;-14.0;26;51;33.8;-16.4;0;27;11
1400;104;104;1;0;0;-2;0;0;0;0;0;0;0;0;0;0;2;51;53;41;2;730;0;0;77.8;0.0;9.9;34.5;44.4;7;16;30.4;1.3;7;10;41.2;11.8;0;0;0
1401;118;118;1;0;0;-2;0;0;0;0;0;0;0;0;0;0;1;48;52;38;0;368;48;0;0.0;0.0;19.6;0.0;48.9;1;12;7.7;-62.3;1;5;16.7;-52.9;0;3;2
1402;112;112;1;0;1;1;0;0;0;0;0;0;0;0;0;0;1;57;59;53;3;368;97;0;120.0;9.8;0.0;48.9;19.6;6;7;46.2;-5.8;5;3;62.5;8.4;0;0;0
1404;114;114;2;0;1;-1;0;0;0;0;0;0;0;0;0;0;0;52;54;47;0;928;0;14;90.9;0.0;3.9;7.8;42.7;7;23;23.3;-27.4;5;16;23.8;-24.1;0;4;1
1405;103;103;1;0;0;2;0;0;0;0;0;0;0;1;0;0;1;75;51;78;0;711;0;157;133.3;10.1;0.0;30.4;15.2;11;10;52.4;18.2;10;5;66.7;30.7;0;0;0
1406;110;110;1;0;0;-1;0;0;0;0;0;0;0;0;0;2;0;58;51;66;0;817;0;134;87.5;0.0;4.4;17.6;35.3;7;16;30.4;9.7;5;12;29.4;12.7;0;0;0
1407;117;117;4;0;0;-3;4;0;0;0;0;0;0;1;0;2;1;50;51;51;0;1844;99;321;75.0;0.0;5.9;13.7;23.4;17;29;37.0;-7.0;12;20;37.5;-6.5;0;0;0
1408;120;120;6;2;4;4;0;0;0;0;0;0;0;4;0;3;1;60;62;56;7;4563;319;100;111.9;4.7;1.6;26.0;25.2;70;56;55.6;5.8;53;42;55.8;7.2;0;2;1
1409;104;104;1;0;0;-1;0;0;0;0;0;0;0;2;0;0;0;54;54;54;0;375;0;0;75.0;0.0;9.6;19.2;38.4;7;9;43.8;20.0;4;8;33.3;11.8;0;0;0
1410;105;105;5;1;5;1;4;1;2;0;0;0;0;6;0;0;0;68;68;64;13;4588;1180;182;100.9;2.4;1.6;40.0;31.4;88;55;61.5;2.3;72;45;61.5;3.8;0;77;43
1412;107;107;4;0;1;-2;4;0;0;0;0;0;0;0;1;0;0;51;53;44;2;1941;0;27;99.2;5.6;9.3;27.8;44.5;31;33;48.4;-8.4;23;30;43.4;-10.2;0;0;0
1413;112;112;1;0;0;0;2;0;0;0;0;0;0;0;1;0;0;47;47;49;0;606;0;0;100.0;0.0;0.0;35.6;23.8;9;7;56.3;19.2;7;6;53.8;26.1;0;9;6
1414;123;123;7;4;2;7;2;0;0;1;0;0;0;5;4;3;4;66;57;66;17;5421;0;1310;108.0;5.3;1.3;35.2;18.6;105;62;62.9;3.3;80;36;69.0;12.0;0;109;55
1415;118;118;3;0;1;0;2;0;0;0;0;0;0;0;2;3;1;52;51;53;1;1492;0;0;96.6;2.4;2.4;26.5;19.3;17;17;50.0;11.0;13;14;48.1;9.2;0;3;2
1416;109;109;1;0;0;-1;0;0;0;0;0;0;0;1;0;0;1;62;65;53;1;916;31;40;83.3;0.0;3.9;19.7;23.6;15;12;55.6;28.3;9;9;50.0;27.8;0;1;1
1417;109;109;3;1;1;2;0;0;0;0;0;0;0;4;0;3;1;69;69;65;6;2557;680;160;104.1;4.2;1.4;40.8;22.5;56;32;63.6;11.0;42;23;64.6;15.0;1;1;1
1418;103;103;2;0;0;-1;0;0;0;0;0;0;0;1;0;0;9;57;50;66;2;1266;0;30;94.1;0.0;2.8;14.2;48.3;12;31;27.9;-23.2;6;20;23.1;-30.7;0;0;0
1421;118;118;2;4;1;3;2;1;1;0;0;0;0;0;2;1;0;62;65;54;6;1304;170;130;120.0;8.3;0.0;41.4;24.8;23;18;56.1;-5.9;18;14;56.3;-7.0;2;0;0
1422;107;107;6;0;1;0;6;0;0;0;0;0;0;11;1;0;4;59;54;63;7;4168;172;276;100.6;1.7;1.7;26.8;29.4;75;62;54.7;1.3;51;45;53.1;0.4;0;0;0
1423;108;108;7;2;5;1;4;2;0;0;1;0;0;8;8;1;6;62;60;63;11;5484;1196;1078;106.4;2.6;2.0;23.6;42.0;74;106;41.1;3.1;51;83;38.1;-1.2;0;33;19
1424;105;105;4;0;1;0;4;0;1;0;0;0;0;2;1;1;2;55;58;51;9;2198;537;31;95.4;3.3;3.3;21.3;16.4;28;23;54.9;-3.9;17;15;53.1;-4.7;0;0;0
1425;111;111;6;1;1;1;0;0;1;0;0;0;0;9;1;5;4;63;61;65;10;4064;765;248;100.1;1.8;0.9;32.8;16.8;74;46;61.7;7.0;55;31;64.0;11.0;0;1;0
1426;113;113;3;0;0;-2;2;0;0;0;0;0;0;2;0;1;0;51;52;49;3;1293;0;38;86.7;0.0;5.6;19.5;41.8;11;25;30.6;-20.8;7;21;25.0;-24.4;0;9;2
1427;109;109;3;0;1;1;0;0;0;0;0;0;0;1;1;1;0;55;56;52;4;1691;54;99;100.0;4.3;2.1;42.6;21.3;31;17;64.6;4.4;24;12;66.7;6.2;0;1;0
1429;104;104;1;0;0;0;2;0;0;0;0;0;0;1;2;0;0;55;52;60;2;845;0;122;100.0;0.0;0.0;25.6;29.8;10;18;35.7;12.2;7;15;31.8;11.8;0;0;0
1430;106;106;6;1;1;1;4;1;1;0;0;0;0;1;6;2;1;56;54;58;13;4339;595;0;99.2;1.7;0.8;39.8;16.6;75;45;62.5;6.6;59;31;65.6;9.9;0;0;0
1431;103;103;1;0;2;2;0;0;0;0;0;0;0;0;0;0;0;58;63;47;0;679;0;0;116.7;10.6;0.0;63.6;26.5;19;13;59.4;15.5;16;9;64.0;20.8;0;0;0
1432;116;116;6;1;7;2;4;1;4;0;0;0;0;4;4;2;2;71;70;68;16;4403;2086;29;103.0;3.3;0.8;43.3;18.0;87;51;63.0;15.6;67;32;67.7;18.9;0;104;49
1433;103;103;2;0;0;1;0;0;0;0;0;0;0;2;0;0;5;63;50;65;2;1249;50;375;111.9;5.8;2.9;31.7;46.1;15;30;33.3;-23.9;11;18;37.9;-22.6;0;0;0
1434;107;107;4;0;2;1;2;0;0;0;0;0;0;5;0;0;3;63;62;62;12;3548;713;120;100.2;4.1;3.0;43.6;33.5;72;55;56.7;-0.1;58;40;59.2;0.6;0;0;0
1436;102;102;3;0;0;-2;0;0;0;0;0;0;0;1;0;1;2;52;51;54;1;1480;233;101;92.3;0.0;2.4;7.3;31.6;9;26;25.7;-17.1;5;19;20.8;-24.3;0;19;11
1437;116;116;6;1;0;2;0;0;0;0;0;0;0;2;1;2;2;54;54;53;5;3771;217;21;109.0;3.8;1.9;22.9;24.8;48;52;48.0;-3.3;36;40;47.4;-7.3;0;1;1
1439;110;110;1;0;0;-1;0;0;0;0;0;0;0;0;1;0;1;44;42;49;0;737;0;0;85.7;0.0;4.9;9.8;34.2;4;15;21.1;-3.5;3;11;21.4;0.9;0;1;1
1440;111;111;1;0;0;0;0;0;0;0;0;0;0;1;0;0;0;53;53;52;0;284;0;0;100.0;0.0;0.0;38.0;63.4;5;5;50.0;-22.8;4;5;44.4;-26.6;0;0;0
1441;105;105;3;0;0;1;4;0;0;0;0;0;0;2;2;0;2;55;49;59;4;2139;0;0;104.0;1.7;0.0;42.1;21.9;49;20;71.0;14.4;35;15;70.0;17.1;0;0;0
1443;106;106;6;0;1;-1;2;0;0;0;0;0;0;6;4;0;0;55;54;53;9;4682;128;170;96.8;0.8;1.5;28.4;26.1;66;58;53.2;-6.1;49;46;51.6;-9.5;0;4;0
1444;119;119;1;0;0;0;0;0;0;0;0;0;0;0;1;0;0;54;53;58;0;614;234;0;100.0;0.0;0.0;17.6;23.5;7;8;46.7;-17.0;5;6;45.5;-14.5;0;2;1
1445;109;109;4;1;3;1;0;1;1;0;0;0;0;0;1;0;0;61;62;59;9;2924;944;212;106.4;3.7;1.2;28.3;18.5;40;28;58.8;-4.1;28;20;58.3;-6.1;0;4;4
1446;119;119;4;0;0;1;2;0;0;0;0;0;0;2;0;0;1;52;49;53;2;1501;38;427;110.5;4.8;2.4;26.4;31.2;20;23;46.5;-1.8;15;15;50.0;-1.6;0;0;0
1447;104;104;1;0;0;-2;0;0;0;0;0;0;0;1;0;0;2;45;51;44;1;752;0;41;73.8;4.8;14.4;28.7;33.5;6;13;31.6;2.7;6;10;37.5;7.1;0;0;0
1448;119;119;6;0;5;3;4;0;1;0;0;0;0;5;1;4;4;69;67;69;18;4605;1300;448;101.2;3.9;1.6;50.8;24.2;93;58;61.6;16.0;79;41;65.8;17.3;0;76;38
1449;118;118;1;0;0;0;2;0;0;0;0;0;0;0;0;0;0;49;51;48;0;295;0;0;100.0;0.0;0.0;61.0;48.8;6;6;50.0;-1.2;6;5;54.5;-1.9;0;0;0
1451;108;108;7;1;0;-7;0;0;0;0;0;0;0;1;3;0;3;51;52;48;3;3755;610;109;85.5;1.0;7.7;21.1;40.3;41;80;33.9;-6.3;31;62;33.3;-7.1;0;3;1
1452;116;116;6;1;1;-1;4;0;0;0;0;0;0;10;3;2;9;63;54;63;5;4873;212;1039;95.7;3.7;4.4;28.8;25.9;67;65;50.8;1.6;50;45;52.6;2.3;1;35;18
1455;118;118;5;2;0;0;6;2;0;0;0;0;0;3;2;4;3;59;58;66;15;2846;1415;206;97.4;1.3;1.3;27.8;17.7;52;29;64.2;17.3;37;21;63.8;14.8;0;0;0
1457;112;112;1;0;0;0;0;0;0;0;0;0;0;0;0;0;0;50;49;51;1;289;0;0;100.0;0.0;0.0;12.5;49.8;1;8;11.1;-34.8;1;5;16.7;-20.5;0;0;0
1458;118;118;5;0;0;1;6;0;0;0;0;0;0;1;2;0;0;48;47;48;0;2860;0;151;105.8;1.3;1.3;12.6;30.2;26;47;35.6;-13.3;18;35;34.0;-15.2;0;1;1
1459;115;115;2;1;1;1;2;0;1;0;0;0;0;0;1;0;0;64;63;69;8;1246;644;0;105.6;2.9;0.0;52.0;17.3;27;13;67.5;3.3;20;11;64.5;-0.6;0;0;0
1460;109;109;5;2;1;2;6;0;0;0;0;0;0;3;1;0;4;64;66;59;14;3126;1245;66;107.2;3.5;1.2;26.5;19.6;47;36;56.6;-9.8;33;23;58.9;-6.9;1;3;2
1461;118;118;1;0;0;-2;0;0;0;0;0;0;0;0;0;0;0;46;50;35;0;345;0;0;0.0;0.0;20.9;0.0;52.2;1;12;7.7;-62.3;1;5;16.7;-52.9;0;8;1
1462;102;102;4;1;2;0;0;0;0;0;0;0;0;5;2;2;0;70;67;76;12;2405;1636;0;95.0;7.5;6.0;40.4;25.4;42;34;55.3;8.5;32;23;58.2;9.7;0;5;4
1463;110;110;4;0;0;-1;0;0;0;0;0;0;0;2;0;0;5;58;51;63;1;2356;0;172;95.0;0.0;1.5;13.8;30.6;17;38;30.9;-6.1;11;29;27.5;-11.0;0;0;0
1464;122;122;1;0;1;0;0;0;1;0;0;0;0;2;0;0;0;63;62;64;1;691;479;0;100.0;0.0;0.0;20.8;15.6;9;6;60.0;14.2;6;4;60.0;20.0;0;0;0
1465;112;112;3;1;0;2;0;0;0;0;0;0;0;4;1;0;1;61;56;66;6;2011;0;854;111.8;3.6;0.0;30.4;26.9;35;36;49.3;10.2;23;22;51.1;14.3;0;0;0
1466;107;107;2;0;0;-2;0;0;0;0;0;0;0;1;0;0;0;50;52;43;3;928;0;0;66.7;0.0;7.8;42.7;23.3;16;11;59.3;1.9;13;9;59.1;-4.1;0;9;4
1467;109;109;4;1;0;4;0;0;0;0;0;0;0;4;1;0;2;59;51;59;1;2320;0;428;116.7;6.2;0.0;37.2;23.3;42;24;63.6;-0.6;27;17;61.4;-3.2;0;0;0
1470;116;116;1;0;0;-1;0;0;0;0;0;0;0;0;0;0;1;50;51;48;0;507;53;0;83.3;0.0;7.1;14.2;42.6;2;14;12.5;-41.9;2;10;16.7;-33.3;0;0;0
1472;104;104;1;0;0;-2;0;0;0;0;0;0;0;1;0;0;1;40;50;36;0;708;0;165;73.8;5.1;15.3;30.5;35.6;6;11;35.3;7.1;6;10;37.5;7.1;0;0;0
1473;109;109;1;0;0;-2;2;0;0;0;0;0;0;0;1;0;0;49;53;40;0;1044;43;0;0.0;0.0;6.9;0.0;62.1;5;21;19.2;-22.6;1;20;4.8;-34.5;0;16;8
1474;105;105;3;0;0;1;0;0;0;0;0;0;0;4;1;2;13;81;49;86;1;2229;0;443;106.7;3.2;1.6;24.2;24.2;29;32;47.5;5.9;22;22;50.0;8.1;0;0;0
1475;104;104;3;0;0;-2;4;0;0;0;0;0;0;6;2;0;0;50;51;47;3;1974;0;187;93.5;0.0;3.6;16.4;56.5;18;51;26.1;-17.8;13;40;24.5;-19.5;0;32;12
1476;111;111;6;0;1;-1;0;0;0;0;0;0;0;4;1;2;7;57;51;57;5;3378;105;761;96.7;1.1;2.1;21.3;25.6;44;39;53.0;-4.1;30;30;50.0;-6.7;0;0;0
1478;114;114;5;1;2;-1;0;0;0;0;0;0;0;6;0;2;3;55;60;49;3;3822;0;824;98.6;3.8;4.7;29.2;33.0;59;68;46.5;-3.5;43;49;46.7;-5.0;0;7;2
1479;107;107;4;0;1;-1;0;0;0;0;0;0;0;4;0;0;3;57;58;54;8;2789;145;0;96.9;1.3;2.6;28.4;33.6;39;45;46.4;-9.5;30;33;47.6;-8.5;0;37;17
1480;109;109;4;2;1;4;0;0;0;0;0;0;0;1;1;0;2;59;62;54;8;2234;425;96;120.0;6.4;0.0;32.2;8.1;43;11;79.6;21.8;27;8;77.1;17.1;0;0;0
1481;122;122;1;1;0;1;2;0;0;0;0;0;0;0;0;0;1;60;65;52;1;573;0;41;133.3;6.3;0.0;18.8;37.7;8;10;44.4;-6.7;6;8;42.9;-2.3;0;1;0
1482;115;115;6;1;1;-1;4;0;1;0;0;0;0;2;4;1;4;55;50;58;14;4089;1026;171;98.1;1.8;2.6;25.5;29.9;61;67;47.7;-10.7;41;54;43.2;-15.6;1;0;0
1483;105;105;2;0;2;-2;0;0;1;0;0;0;0;1;3;3;1;52;51;52;3;921;584;0;77.8;0.0;7.8;15.6;35.2;10;18;35.7;-12.5;8;11;42.1;-6.1;0;0;0
1484;119;119;7;2;4;4;8;1;1;0;0;0;0;12;7;2;1;62;61;61;18;5375;1553;861;106.2;4.7;2.0;32.8;24.8;83;69;54.6;3.7;62;48;56.4;2.4;0;55;30
1485;110;110;6;1;2;2;4;0;0;0;0;0;0;5;3;6;10;60;55;63;13;5186;103;868;105.5;2.8;1.4;27.8;30.5;68;72;48.6;11.3;50;52;49.0;12.5;0;0;0
1487;107;107;4;2;4;6;0;1;0;0;0;0;0;3;2;1;0;69;75;54;9;3077;888;143;116.4;9.4;1.2;39.8;16.4;52;30;63.4;12.5;45;19;70.3;21.0;0;5;3
1488;120;120;6;0;1;2;0;0;0;0;1;0;0;4;1;0;0;58;60;54;11;5224;314;321;104.3;3.4;2.8;26.2;31.0;68;79;46.3;-4.2;49;62;44.1;-4.5;0;17;6
1489;107;107;1;0;0;0;2;0;0;0;0;0;0;0;1;0;0;50;50;54;1;799;0;0;100.0;0.0;0.0;31.5;22.5;9;13;40.9;-30.9;9;8;52.9;-23.4;0;1;0
1490;105;105;2;0;0;-1;2;0;0;0;0;0;0;2;0;0;1;53;56;48;2;1108;69;0;94.1;0.0;3.2;22.7;55.2;9;32;22.0;-26.7;7;24;22.6;-23.4;0;2;1
1491;107;107;3;1;0;-4;0;0;0;0;0;0;0;8;2;2;1;53;59;49;3;2290;82;406;80.7;1.6;7.9;34.6;33.0;40;31;56.3;-3.2;29;26;52.7;-10.0;0;46;16
1493;111;111;1;0;0;-1;0;0;0;0;0;0;0;0;0;0;0;53;53;53;1;677;0;59;85.7;0.0;5.3;74.4;37.2;20;10;66.7;-5.6;16;8;66.7;-2.2;0;0;0
1495;115;115;6;0;0;-1;12;0;0;0;0;0;0;13;3;2;6;59;47;60;6;4349;0;650;93.8;0.0;1.7;25.7;26.5;63;63;50.0;-7.6;46;47;49.5;-7.1;0;0;0
1496;118;118;1;0;0;0;0;0;0;0;0;0;0;0;0;0;0;48;48;48;0;291;0;0;100.0;0.0;0.0;61.9;49.5;6;6;50.0;-1.2;6;5;54.5;-1.9;0;0;0
1497;102;102;7;3;2;0;0;1;2;0;0;0;0;5;5;0;3;58;57;54;11;3826;1770;68;110.1;3.8;2.8;22.6;43.3;42;73;36.5;-11.7;32;55;36.8;-13.0;0;0;0
1498;109;109;1;0;1;0;0;0;1;0;0;0;0;2;0;0;0;61;69;45;2;637;14;0;94.3;5.7;5.7;39.6;28.3;8;11;42.1;8.3;8;8;50.0;26.8;0;0;0
1499;107;107;4;0;0;-2;0;0;0;0;0;0;0;10;2;3;2;60;60;58;7;1949;68;1143;83.3;0.0;3.7;35.1;22.2;36;18;66.7;9.8;26;16;61.9;6.2;0;36;14
1500;110;110;2;1;0;-1;4;1;0;0;0;0;0;0;0;0;1;54;59;45;3;1590;302;0;97.3;2.3;4.5;24.9;38.5;16;37;30.2;-3.1;13;24;35.1;1.8;1;0;0
1501;109;109;1;0;0;1;0;0;0;0;0;0;0;0;0;1;0;54;53;57;0;400;0;0;150.0;9.0;0.0;18.0;72.0;4;12;25.0;-12.7;2;11;15.4;-16.8;0;1;1
1502;115;115;4;0;0;-2;0;0;0;0;0;0;0;5;0;0;0;52;54;51;1;1643;56;315;88.2;0.0;4.4;17.5;37.2;12;29;29.3;-27.9;10;23;30.3;-27.4;0;1;1
1503;103;103;1;0;0;0;0;0;0;0;0;0;0;0;0;0;0;51;52;49;0;546;123;0;100.0;0.0;0.0;19.8;59.3;6;13;31.6;-22.7;5;10;33.3;-22.2;0;6;3
1504;104;104;1;0;0;-2;0;0;0;0;0;0;0;3;0;0;0;53;51;46;0;295;96;38;71.4;0.0;24.4;12.2;85.4;1;9;10.0;-21.5;1;9;10.0;-24.7;0;5;3
1505;112;112;1;0;0;-1;0;0;0;0;0;0;0;0;0;0;0;56;56;53;0;688;97;62;80.0;0.0;5.2;20.9;26.2;7;8;46.7;-5.4;6;6;50.0;-7.6;0;0;0
1506;104;104;1;0;0;-2;0;0;0;0;0;0;0;0;0;1;0;54;54;45;0;861;0;121;88.2;0.0;8.4;4.2;71.1;4;25;13.8;-19.0;2;21;8.7;-20.9;0;8;4
1508;115;115;1;0;0;0;2;0;0;0;0;0;0;0;0;0;0;48;50;49;0;364;0;50;100.0;0.0;0.0;29.7;69.2;4;11;26.7;-35.4;3;10;23.1;-42.5;0;0;0
1510;105;105;3;0;0;-1;0;0;0;0;0;0;0;1;0;2;0;61;50;62;0;1496;33;190;100.0;0.0;0.0;38.5;45.7;24;31;43.6;-16.2;21;24;46.7;-11.3;0;0;0
1511;104;104;1;0;0;-2;0;0;0;0;0;0;0;0;0;0;0;46;49;39;1;782;0;0;88.2;0.0;9.2;4.6;78.3;4;25;13.8;-19.0;2;21;8.7;-20.9;0;5;1
1512;106;106;7;1;6;6;0;0;2;0;0;0;0;3;4;2;1;64;66;58;11;4800;2314;1;108.2;6.0;1.5;33.0;15.0;83;48;63.4;4.7;64;35;64.6;5.2;0;15;8
1513;119;119;6;1;2;-3;2;1;0;0;0;0;0;4;1;1;2;64;62;61;14;4156;653;349;93.2;1.7;3.5;37.2;30.3;62;60;50.8;0.1;51;47;52.0;-3.2;1;67;33
1514;107;107;4;2;4;1;2;0;3;0;0;0;0;6;1;2;2;70;73;61;8;2794;1097;38;109.6;3.9;2.6;21.9;32.2;35;45;43.8;-11.8;24;33;42.1;-12.3;0;5;1
1515;107;107;6;2;3;-2;8;1;1;0;0;0;0;9;0;4;1;64;71;57;14;4572;1188;100;95.3;3.1;4.7;24.4;26.8;63;61;50.8;-3.9;42;44;48.8;-5.1;1;4;1
1516;109;109;1;0;1;0;0;0;0;0;0;0;0;0;0;0;0;53;57;43;1;333;0;78;86.1;10.8;10.8;97.3;43.2;11;4;73.3;2.1;10;4;71.4;3.4;0;1;0
1517;119;119;6;0;1;1;0;0;0;0;0;0;0;6;2;3;13;69;51;72;7;3526;127;1213;97.8;3.1;2.0;50.0;24.5;73;35;67.6;19.8;59;29;67.0;16.2;0;0;0
1518;115;115;1;0;0;0;0;0;0;0;0;0;0;0;0;0;0;53;53;55;1;339;0;0;100.0;0.0;0.0;42.5;42.5;4;13;23.5;-40.0;4;6;40.0;-21.2;0;0;0
1519;108;108;7;0;2;-7;2;0;1;0;0;0;0;2;4;4;4;59;56;60;5;5673;221;249;89.0;0.6;5.1;17.8;34.9;57;107;34.8;-5.7;37;81;31.4;-10.3;0;75;35
1521;103;103;5;3;3;1;2;1;1;0;0;0;0;12;2;3;1;68;66;66;9;3963;588;915;106.2;3.6;1.8;30.9;32.7;69;53;56.6;2.9;52;42;55.3;1.9;0;56;24
1522;110;110;6;2;1;0;10;0;0;0;0;0;0;15;4;2;4;63;63;61;21;4744;1530;444;98.9;3.8;4.6;30.4;33.4;66;83;44.3;5.2;48;59;44.9;6.5;0;6;4
1523;114;114;7;0;1;0;0;0;0;0;0;0;0;10;9;3;11;58;41;61;6;5465;45;1559;102.3;2.6;2.6;27.7;36.2;75;94;44.4;-2.0;58;70;45.3;-0.8;0;0;0
1524;105;105;6;0;1;-2;0;0;1;0;0;0;0;6;1;1;8;60;58;62;16;3609;1314;262;94.4;0.0;2.0;33.9;35.9;54;62;46.6;-6.4;45;42;51.7;1.4;0;0;0
1525;116;116;6;1;2;-2;0;0;0;0;0;0;0;6;3;3;3;66;66;63;12;5510;877;575;98.2;2.0;3.3;21.6;30.1;68;78;46.6;-5.8;54;60;47.4;-8.4;0;16;8
1526;120;120;6;1;2;4;4;0;0;0;0;0;0;24;3;2;5;64;61;62;11;5417;102;299;111.4;4.0;1.3;25.9;33.2;70;86;44.9;-1.4;50;62;44.6;1.1;0;70;29
1527;123;123;7;0;1;4;4;0;0;0;0;0;0;6;1;2;10;75;51;78;4;5954;167;918;113.5;3.0;0.6;18.1;19.3;85;63;57.4;-4.1;49;44;52.7;-9.7;0;0;0
1529;118;118;4;1;1;0;0;1;0;0;0;0;0;8;1;1;1;63;61;68;7;2436;1243;118;98.2;1.5;1.5;25.1;19.2;30;23;56.6;16.0;24;17;58.5;18.6;0;3;1
1530;110;110;4;1;1;1;0;1;0;0;0;0;0;8;1;1;3;60;61;55;10;2752;683;283;112.6;2.6;1.3;14.4;23.5;28;47;37.3;-2.1;18;28;39.1;1.9;0;3;2
1531;114;114;6;0;2;-4;18;0;0;0;0;0;0;7;3;3;4;62;62;59;10;5780;126;600;86.7;0.0;2.5;21.8;18.7;77;66;53.8;10.0;56;44;56.0;11.8;0;1;0
1532;103;103;6;1;4;1;4;0;2;0;0;0;0;7;2;2;12;70;58;78;20;5214;1992;153;105.0;2.8;0.7;38.7;31.8;90;79;53.3;-4.5;74;62;54.4;-2.8;0;0;0
1533;103;103;4;0;0;-1;2;0;0;0;0;0;0;5;0;2;3;63;51;65;4;2683;66;380;91.1;1.3;2.7;47.0;22.8;64;26;71.1;22.0;46;20;69.7;20.2;0;0;0
1534;109;109;3;1;1;-1;2;0;1;0;0;0;0;4;0;0;0;65;67;57;5;2576;215;324;95.7;1.4;2.8;37.7;34.9;44;33;57.1;2.4;35;28;55.6;3.5;0;10;3
1535;115;115;1;0;0;0;2;0;0;0;0;0;0;0;0;0;0;52;51;54;0;455;0;0;100.0;0.0;0.0;47.5;55.4;7;11;38.9;-21.8;6;10;37.5;-26.4;0;0;0
1536;106;106;6;1;2;1;0;0;1;0;0;0;0;3;1;3;2;69;65;67;17;4230;716;610;98.8;2.6;1.7;40.9;23.0;83;46;64.3;3.6;66;32;67.3;5.5;1;91;43
1538;107;107;4;1;0;-3;2;0;0;0;0;0;0;3;4;0;0;53;52;51;7;2602;397;71;89.9;1.4;5.5;26.3;36.0;33;48;40.7;-14.9;24;35;40.7;-12.7;0;27;12
1540;106;106;5;0;0;0;2;0;0;0;0;0;0;1;1;1;1;55;48;57;1;2220;0;354;100.0;0.0;0.0;22.7;29.2;26;29;47.3;-12.7;21;23;47.7;-12.9;0;0;0
1541;107;107;6;1;1;-2;4;0;0;0;0;0;0;6;2;0;4;49;52;45;4;4086;0;538;99.3;4.4;6.2;28.2;37.9;67;72;48.2;-7.7;48;57;45.7;-9.6;0;0;0
1542;103;103;5;2;1;-2;2;2;0;0;0;0;0;7;1;0;3;64;66;56;11;3208;520;290;97.9;2.2;3.4;34.8;39.3;59;54;52.2;-3.0;42;44;48.8;-6.8;0;8;3
1543;104;104;5;1;0;-2;2;0;0;0;0;0;0;4;1;2;0;59;57;58;8;3909;173;786;93.7;0.9;2.8;24.9;27.6;56;47;54.4;-0.7;38;40;48.7;-8.7;0;66;35
1545;109;109;2;0;0;-1;0;0;0;0;0;0;0;0;0;1;0;66;51;68;4;1316;0;124;88.9;0.0;2.7;21.9;24.6;16;14;53.3;8.3;13;11;54.2;14.4;0;0;0
1546;108;108;6;0;4;-1;2;0;2;0;0;0;0;1;1;2;4;60;59;59;5;3901;1101;61;105.2;2.8;3.7;19.4;40.6;44;74;37.3;-2.1;33;56;37.1;-2.0;0;57;31
1547;118;118;5;0;2;-4;8;0;0;0;0;0;0;6;0;2;5;68;65;70;9;4321;816;1196;92.7;0.8;4.2;23.3;38.3;50;74;40.3;-7.1;41;56;42.3;-6.0;0;82;44
1549;102;102;6;0;0;0;2;0;0;0;0;0;0;4;2;1;3;60;57;61;5;4530;216;1013;106.8;2.4;2.4;16.7;31.8;39;69;36.1;-10.1;26;45;36.6;-12.0;0;43;21
1551;106;106;6;2;0;1;2;1;0;0;0;0;0;0;2;2;2;57;58;54;11;3482;104;68;102.8;1.0;0.0;37.2;12.4;58;36;61.7;1.5;44;23;65.7;5.4;0;3;2
1552;114;114;7;2;1;2;2;0;0;0;0;0;0;8;2;1;10;67;66;62;11;5490;934;161;100.1;3.9;2.6;32.1;21.6;97;72;57.4;15.9;65;49;57.0;14.8;0;89;48
1553;115;115;1;0;0;-1;0;0;0;0;0;0;0;0;0;0;2;56;56;55;3;817;47;50;66.7;0.0;4.4;35.3;13.2;13;11;54.2;-3.5;9;7;56.3;-2.8;0;0;0
1554;120;120;6;5;2;-1;6;3;0;0;0;0;0;6;3;1;1;70;71;64;14;4873;1705;660;106.1;3.0;3.0;20.7;36.2;51;79;39.2;-10.9;35;66;34.7;-14.6;0;22;12
1555;108;108;6;0;0;-5;4;0;0;0;0;0;0;1;3;3;7;51;48;52;12;4198;597;567;91.1;0.9;4.3;30.9;36.9;59;72;45.0;8.1;47;56;45.6;9.5;0;1;0
1556;105;105;4;0;1;0;2;0;0;0;0;0;0;2;0;1;2;60;59;58;6;2816;577;413;101.1;2.6;2.6;28.1;32.0;43;42;50.6;4.7;33;30;52.4;9.5;0;7;5
1557;106;106;7;1;2;4;6;0;0;1;0;0;0;12;1;2;18;78;52;80;13;5767;955;1370;102.9;3.1;1.2;35.0;20.6;110;70;61.1;1.9;79;53;59.8;-1.3;0;0;0
1558;102;102;6;1;2;-1;2;0;1;0;0;0;0;8;1;6;1;61;62;59;4;4357;143;990;101.0;3.3;3.3;27.3;29.7;61;68;47.3;2.1;43;51;45.7;-1.8;0;72;38
1559;116;116;7;0;2;3;4;0;0;0;0;0;0;6;3;3;7;62;50;63;3;5361;145;538;106.9;2.7;0.7;26.9;21.5;65;62;51.2;1.7;54;44;55.1;4.5;0;0;0
1560;113;113;3;0;0;-1;4;0;0;0;0;0;0;0;0;1;3;55;56;54;2;1837;257;93;94.7;0.0;2.0;15.7;37.2;16;37;30.2;-5.1;12;25;32.4;0.9;0;16;6
1561;102;102;7;1;4;4;4;0;0;0;0;0;0;6;1;6;17;60;57;61;3;5205;53;754;103.1;4.8;2.8;32.5;23.5;83;74;52.9;10.0;57;44;56.4;13.1;0;0;0
1562;102;102;1;0;0;0;0;0;0;0;0;0;0;1;1;0;0;47;46;49;2;428;0;0;100.0;0.0;0.0;25.2;42.1;4;9;30.8;-11.3;4;6;40.0;-4.4;0;0;0
1564;122;122;7;0;0;-4;2;0;0;0;0;0;0;7;1;1;5;62;52;63;7;4387;88;1087;91.2;0.8;4.1;22.2;32.8;54;78;40.9;-15.8;33;56;37.1;-18.6;0;0;0
1565;104;104;2;0;0;0;2;0;0;0;0;0;0;2;0;0;1;54;51;55;3;1165;0;0;100.0;0.0;0.0;15.5;64.9;8;34;19.0;-18.4;6;26;18.8;-20.5;0;0;0
1566;122;122;5;0;2;0;0;0;0;0;0;0;0;1;0;0;5;57;53;58;4;2837;0;272;98.3;2.5;2.5;34.3;27.9;46;41;52.9;0.3;34;30;53.1;1.9;0;0;0
1567;123;123;7;1;4;5;4;0;2;0;0;0;0;2;1;1;3;60;63;54;16;5998;558;0;108.7;3.6;0.6;30.0;18.0;98;67;59.4;-1.6;70;43;61.9;2.3;1;6;5
1568;117;117;3;2;0;-1;2;2;0;0;0;0;0;2;1;0;1;58;59;55;5;1903;702;11;82.8;1.9;3.8;37.8;17.0;34;20;63.0;18.9;29;14;67.4;19.7;0;10;6
1569;103;103;1;0;0;1;12;0;0;0;0;0;0;0;0;0;0;53;55;50;1;768;0;0;116.7;4.7;0.0;28.1;32.8;12;14;46.2;10.9;9;10;47.4;6.1;0;0;0
1570;102;102;1;0;0;0;2;0;0;0;0;0;0;1;1;0;0;48;47;53;1;534;0;50;0.0;0.0;0.0;0.0;20.2;2;7;22.2;-20.4;2;5;28.6;-17.6;0;0;0
1572;118;118;6;0;3;-1;4;0;2;0;0;0;0;6;3;4;3;60;58;61;18;5412;865;767;98.1;1.3;2.0;32.6;33.3;83;99;45.6;-3.7;65;69;48.5;0.0;0;12;5
1574;113;113;5;1;0;2;0;0;0;0;0;0;0;5;1;2;5;58;54;57;8;3604;0;678;106.2;4.0;2.0;34.0;36.0;52;71;42.3;-8.8;45;54;45.5;-2.9;1;6;3
1576;104;104;1;0;0;-2;2;0;0;0;0;0;0;1;0;0;0;47;52;40;0;260;0;14;50.0;0.0;27.7;13.8;55.4;1;6;14.3;-16.2;1;6;14.3;-19.0;0;1;1
1577;110;110;1;0;0;0;2;0;0;0;0;0;0;0;0;0;0;53;56;48;0;360;0;0;100.0;0.0;0.0;20.0;30.0;5;6;45.5;5.5;2;5;28.6;-4.0;0;2;1
1578;112;112;3;0;0;-1;2;0;0;0;0;0;0;1;0;2;3;56;54;64;3;1652;200;51;93.8;0.0;2.2;17.4;34.9;16;34;32.0;-8.7;12;25;32.4;-9.5;0;0;0
1579;117;117;7;1;4;-3;6;0;2;0;0;0;0;8;3;1;7;59;59;59;18;4407;1972;157;98.5;4.1;5.7;27.0;34.3;49;71;40.8;-4.3;40;53;43.0;-4.0;0;0;0
1581;108;108;7;1;0;1;4;0;0;0;0;0;0;6;2;1;4;59;56;64;10;5044;643;429;104.4;2.1;1.4;25.0;34.3;64;96;40.0;1.5;45;70;39.1;0.3;0;17;7
1585;102;102;6;0;3;-4;2;0;1;0;0;0;0;3;3;1;14;66;58;77;14;4669;1207;427;84.5;0.8;3.9;20.8;20.0;53;52;50.5;4.9;36;36;50.0;3.4;0;0;0
1586;118;118;5;3;0;-2;0;1;0;0;0;0;0;7;4;2;3;67;65;67;18;4335;1624;531;95.3;1.7;3.3;29.9;32.4;54;79;40.6;-6.9;46;53;46.5;0.2;0;12;9
1587;113;113;4;0;0;-2;0;0;0;0;0;0;0;6;2;1;0;52;55;51;6;2424;0;693;91.7;0.0;3.0;23.8;35.6;35;42;45.5;-12.2;24;31;43.6;-13.8;0;20;8
1589;105;105;2;1;0;1;0;0;0;0;0;0;0;0;0;2;1;61;60;59;3;1229;0;131;112.9;5.9;2.9;29.3;41.0;25;22;53.2;9.9;21;15;58.3;15.3;0;26;12
1590;104;104;1;0;0;-1;0;0;0;0;0;0;0;0;0;0;0;51;51;45;0;496;0;107;0.0;0.0;7.3;0.0;43.5;4;9;30.8;4.3;4;8;33.3;11.8;0;15;6
1591;123;123;7;1;2;2;2;1;2;0;0;0;0;7;3;4;5;65;55;76;17;5546;1855;559;102.3;1.9;0.6;33.1;18.2;101;50;66.9;8.6;77;37;67.5;9.9;0;0;0
1593;109;109;1;0;0;0;0;0;0;0;0;0;0;0;0;0;0;53;53;52;1;730;31;0;94.3;4.9;4.9;34.5;24.7;8;11;42.1;8.3;8;8;50.0;26.8;0;13;5
1594;103;103;2;0;2;4;0;0;0;0;0;0;0;1;0;0;2;56;54;57;4;1162;0;127;122.2;12.4;0.0;55.8;12.4;24;14;63.2;14.1;23;6;79.3;29.8;0;0;0
1595;105;105;2;1;0;-1;0;1;0;0;0;0;0;0;1;0;0;52;52;55;1;671;373;0;0.0;0.0;5.4;0.0;69.7;1;22;4.3;-32.4;1;16;5.9;-28.8;0;19;5
1596;102;102;7;3;4;2;2;1;1;0;2;0;0;9;0;2;15;63;60;64;12;5236;779;420;102.0;5.5;5.5;31.6;35.8;74;94;44.0;-2.5;56;65;46.3;-0.8;0;0;0
1597;122;122;6;1;0;-1;2;0;0;0;0;0;0;4;0;2;7;54;51;54;3;3478;0;277;97.3;2.1;3.1;26.9;30.0;54;62;46.6;-9.0;35;40;46.7;-7.3;0;0;0
1598;121;121;6;1;1;-1;6;0;0;0;0;0;0;5;3;2;6;59;58;60;15;4193;1611;121;100.9;2.6;3.4;21.5;30.9;63;79;44.4;5.4;40;59;40.4;2.9;0;98;49
1599;111;111;7;2;5;4;2;0;0;0;1;0;0;12;4;3;2;58;61;57;13;5211;0;973;98.8;4.8;2.8;44.2;22.8;100;59;62.9;5.5;81;49;62.3;6.1;0;23;13
1601;120;120;3;0;1;0;2;0;1;0;0;0;0;3;1;1;2;64;62;68;1;1739;827;0;103.9;4.1;2.1;22.8;14.5;24;17;58.5;16.0;14;11;56.0;15.0;0;0;0
1602;122;122;5;0;0;-1;0;0;0;0;0;0;0;10;2;2;6;63;50;64;4;2359;53;336;93.8;0.0;1.5;30.5;24.4;38;27;58.5;7.3;31;18;63.3;15.6;0;0;0
1603;110;110;6;0;1;0;0;0;0;0;0;0;0;6;0;3;21;75;53;79;4;4976;0;1562;103.8;2.9;2.9;23.2;33.3;62;78;44.3;5.1;44;55;44.4;5.7;0;0;0
1604;109;109;4;1;0;5;2;0;0;0;0;0;0;1;0;0;1;51;47;52;3;1983;0;138;125.0;9.1;0.0;36.3;16.3;34;16;68.0;4.8;24;10;70.6;6.3;0;0;0
1605;115;115;3;0;0;0;0;0;0;0;0;0;0;3;0;0;1;55;52;56;1;1299;56;163;100.0;0.0;0.0;8.3;27.7;5;18;21.7;-36.1;4;15;21.1;-36.6;0;16;11
1606;106;106;7;1;6;2;8;0;1;0;0;0;0;3;4;3;2;66;66;64;18;5313;2374;652;102.3;3.4;2.0;29.1;21.7;96;57;62.7;4.1;70;43;61.9;1.7;0;9;1
1607;116;116;6;3;1;0;2;0;0;0;0;0;0;7;3;1;3;61;60;57;16;4868;470;446;98.9;3.0;3.0;25.1;22.9;69;60;53.5;5.4;55;46;54.5;4.8;0;64;31
1608;114;114;7;1;2;-1;0;0;1;0;0;0;0;9;2;0;10;63;61;67;19;6612;1635;86;97.5;2.2;2.7;28.3;26.7;112;92;54.9;13.6;78;70;52.7;10.1;0;0;0
1609;112;112;4;0;0;1;4;0;0;0;0;0;0;8;0;1;5;63;58;63;4;2890;0;791;108.9;2.5;1.2;19.9;34.9;33;48;40.7;-2.1;26;38;40.6;-4.2;0;58;28
1610;123;123;7;2;9;6;2;1;3;0;0;0;0;10;2;1;4;70;72;63;24;6051;1589;296;110.5;5.9;2.4;31.5;28.6;110;83;57.0;-5.3;75;66;53.2;-10.6;1;7;3
1611;117;117;7;0;1;-3;2;0;0;0;1;0;0;10;1;0;8;71;53;73;8;6256;268;1867;93.8;1.7;4.0;24.7;30.5;83;96;46.4;3.2;66;72;47.8;2.5;0;0;0
1612;114;114;2;0;0;0;0;0;0;0;0;0;0;1;1;0;0;49;49;48;1;1131;68;58;100.0;0.0;0.0;6.4;38.2;7;25;21.9;-19.3;4;16;20.0;-17.1;0;2;2
1613;104;104;4;0;0;-3;4;0;0;0;0;0;0;2;0;3;2;63;62;65;10;3317;1367;59;84.2;0.0;3.3;28.2;20.6;51;40;56.0;1.3;40;28;58.8;3.4;0;1;1
1614;105;105;5;0;1;0;14;0;1;0;0;0;0;4;3;2;6;62;60;73;14;4112;1098;366;102.6;2.6;2.6;24.5;32.4;50;55;47.6;-10.3;36;45;44.4;-12.2;0;0;0
1615;103;103;6;3;6;6;6;1;1;0;0;0;0;3;0;2;3;76;74;75;29;5132;1835;569;114.7;6.3;0.7;37.2;30.2;94;73;56.3;-0.1;70;51;57.9;2.2;0;13;4
1616;112;112;5;0;1;0;0;0;0;0;1;0;0;10;0;2;7;64;54;71;7;2723;33;1437;95.7;0.0;1.3;25.1;30.4;31;31;50.0;5.7;22;28;44.0;-1.5;0;0;0
1618;109;109;5;1;0;2;2;0;0;0;0;0;0;2;3;1;1;62;60;63;15;3675;420;262;102.8;3.9;2.0;35.3;23.5;66;36;64.7;-0.9;41;27;60.3;-7.3;0;4;3
1619;109;109;5;3;2;5;0;0;0;0;0;0;0;2;0;1;3;67;68;62;10;3692;975;320;116.7;4.9;0.0;29.3;14.6;67;41;62.0;-6.3;45;24;65.2;-3.4;0;0;0
1620;120;120;7;1;3;4;2;0;0;0;0;0;0;6;4;3;10;64;52;65;8;5694;13;372;100.3;5.1;3.2;34.8;22.1;97;72;57.4;11.2;75;53;58.6;15.3;0;0;0
1622;122;122;6;0;2;1;4;0;0;0;0;0;0;1;2;2;6;69;65;70;15;5194;1223;246;101.3;1.4;0.7;30.5;21.5;88;59;59.9;9.3;66;40;62.3;14.4;0;5;3
1623;123;123;6;1;2;1;0;0;0;0;0;0;0;3;3;1;0;54;57;48;8;3227;101;13;94.6;4.5;3.3;33.5;17.8;65;32;67.0;9.7;48;21;69.6;12.7;0;8;3
1624;123;123;6;2;1;2;2;2;0;0;0;0;0;3;1;1;6;58;55;61;7;3471;567;0;106.7;5.2;3.1;27.0;24.9;50;47;51.5;-13.6;38;35;52.1;-12.6;1;0;0
1625;123;123;7;1;1;8;2;0;0;0;0;0;0;7;4;4;17;69;51;71;16;6153;243;768;111.6;5.9;1.2;31.6;17.0;112;70;61.5;1.5;83;50;62.4;3.1;1;0;0
1626;114;114;5;2;0;-4;2;1;0;0;0;0;0;9;2;2;3;64;62;59;12;4800;829;120;92.1;1.5;4.5;27.8;33.8;68;81;45.6;-1.2;50;59;45.9;-1.4;0;2;1
1627;109;109;1;0;1;2;2;0;0;0;0;0;0;0;0;0;0;56;61;54;3;359;21;0;125.0;20.1;0.0;80.2;20.1;14;3;82.4;13.3;10;2;83.3;17.9;0;1;0
1628;103;103;1;0;0;1;0;0;0;0;0;0;0;1;0;0;1;84;54;88;0;1069;50;208;111.1;3.4;0.0;30.3;20.2;19;16;54.3;25.3;16;10;61.5;30.8;0;0;0
1629;111;111;5;0;0;-3;0;0;0;0;0;0;0;3;4;3;2;59;53;66;7;2925;737;134;87.9;1.2;4.9;23.4;28.3;39;40;49.4;-9.6;27;26;50.9;-6.8;0;25;9
1630;102;102;2;0;0;-1;4;0;0;0;0;0;0;0;2;0;0;48;46;50;2;881;0;371;83.3;0.0;4.1;28.6;24.5;17;15;53.1;13.1;10;7;58.8;17.5;0;0;0
1631;121;121;7;0;1;-1;16;0;0;0;0;0;0;5;1;1;4;54;47;55;3;3696;172;1627;101.0;1.9;2.9;22.4;38.0;43;75;36.4;-4.2;29;60;32.6;-6.8;0;0;0
1632;105;105;6;0;1;-1;2;0;0;0;0;0;0;14;0;1;3;67;54;68;4;5125;85;711;98.6;2.1;2.8;27.4;30.9;71;65;52.2;-6.5;54;57;48.6;-10.6;0;0;0
1633;114;114;5;0;0;0;2;0;0;0;0;0;0;1;0;1;3;55;51;61;2;2535;3;321;102.7;1.4;1.4;18.5;28.4;22;38;36.7;-7.6;14;24;36.8;-8.6;0;0;0
1634;109;109;5;0;0;1;2;0;0;0;0;0;0;2;1;2;3;63;55;74;12;3300;1065;68;103.8;3.3;1.1;34.9;19.6;60;32;65.2;-1.9;41;23;64.1;-4.8;0;0;0
1635;120;120;4;1;0;2;0;0;0;0;0;0;0;3;1;0;0;58;59;54;7;2456;124;161;107.7;2.9;0.0;38.1;17.6;46;23;66.7;14.1;39;19;67.2;17.5;0;0;0
1636;121;121;6;1;1;0;0;0;0;0;0;0;0;8;4;1;2;63;58;65;7;4544;71;1469;102.9;2.4;2.4;23.8;33.3;57;85;40.1;-0.2;41;67;38.0;-0.8;0;67;40
1637;112;112;6;0;1;-2;0;0;0;0;0;0;0;7;4;4;7;60;57;62;5;4404;820;487;99.1;0.8;2.5;15.5;40.1;44;91;32.6;-12.7;25;68;26.9;-19.7;0;76;38
1638;122;122;4;1;1;-2;4;0;0;0;0;0;0;5;1;0;4;64;64;61;11;3070;729;204;87.6;2.3;4.7;35.2;24.6;52;36;59.1;12.4;38;26;59.4;16.0;0;6;2
1639;109;109;6;0;5;5;4;0;0;0;0;0;0;7;3;0;2;61;66;59;7;5131;283;565;108.6;4.9;1.4;32.3;21.0;86;60;58.9;-9.5;60;41;59.4;-9.5;0;20;8
1640;122;122;4;1;0;-1;0;1;0;0;0;0;0;4;1;2;0;66;60;77;7;2314;1448;0;100.5;1.6;1.6;20.2;21.8;35;29;54.7;4.7;27;19;58.7;9.0;1;6;3
1641;122;122;5;0;0;1;0;0;0;0;0;0;0;6;1;1;1;56;52;65;2;2120;1123;46;108.3;1.7;0.0;20.4;34.0;26;37;41.3;-15.6;19;28;40.4;-15.3;0;35;20
1642;110;110;1;0;0;0;0;0;0;0;0;0;0;3;0;0;0;53;51;55;0;355;0;156;100.0;0.0;0.0;10.1;20.3;4;3;57.1;36.9;1;2;33.3;13.3;0;10;6
1645;122;122;5;0;1;-3;2;0;0;0;0;0;0;6;2;0;1;52;54;49;8;2601;257;380;86.3;1.4;5.5;37.4;31.8;54;40;57.4;3.9;35;30;53.8;-0.6;0;8;4
1648;112;112;5;0;4;5;0;0;1;0;0;0;0;2;3;1;2;59;60;56;7;3579;280;83;116.7;5.0;0.0;30.2;36.2;55;59;48.2;7.6;40;47;46.0;5.6;0;2;1
1649;123;123;7;2;2;1;2;1;0;0;0;0;0;8;5;1;4;61;60;59;16;4916;827;315;102.3;2.2;1.5;30.8;30.0;79;75;51.3;-12.5;61;55;52.6;-10.6;0;16;9
1650;102;102;5;2;1;3;6;0;0;0;0;0;0;0;2;2;4;59;61;55;5;3215;100;332;116.6;6.7;3.4;23.5;28.0;38;56;40.4;-11.5;28;35;44.4;-7.0;0;5;0
1651;122;122;5;2;1;-1;0;0;1;0;0;0;0;2;2;2;0;60;59;56;11;3714;517;226;96.1;1.9;2.9;30.0;28.1;61;50;55.0;6.1;48;35;57.8;10.7;0;60;34
1652;115;115;6;1;5;1;4;0;2;0;0;0;0;8;0;3;0;69;65;72;10;4521;1673;212;100.5;2.4;1.6;30.3;21.5;75;60;55.6;0.8;52;47;52.5;-2.3;0;89;43
1653;102;102;7;0;1;-1;8;0;0;0;1;0;0;0;1;1;5;62;59;64;8;5168;183;666;93.4;0.7;2.1;23.0;21.6;76;68;52.8;9.5;48;44;52.2;7.0;0;13;5
1654;114;114;2;1;0;1;0;0;0;0;0;0;0;2;0;0;0;61;57;62;1;1002;0;262;120.0;3.6;0.0;18.0;46.7;8;21;27.6;-20.1;6;17;26.1;-21.3;0;8;2
1657;122;122;5;0;1;-4;0;0;0;0;0;0;0;6;2;0;3;59;59;55;6;3509;567;177;88.8;1.0;5.1;15.4;28.7;43;46;48.3;-8.2;24;36;40.0;-16.6;0;4;4
1658;114;114;7;0;1;-7;4;0;0;0;0;0;0;4;2;1;6;51;52;49;10;4654;59;536;84.6;1.5;7.0;20.1;30.2;44;77;36.4;-11.7;34;54;38.6;-9.0;0;0;0
1661;106;106;7;0;2;2;10;0;0;0;0;0;0;9;3;1;7;63;48;66;8;5076;927;1055;102.3;2.8;1.4;35.5;24.8;82;67;55.0;-6.7;61;46;57.0;-5.1;0;0;0
1663;105;105;6;5;1;5;2;0;0;0;0;0;0;7;1;5;3;66;65;64;12;5502;291;590;112.8;3.9;0.7;25.5;25.5;77;66;53.8;-4.3;54;53;50.5;-7.9;2;12;4
1664;104;104;5;3;0;1;4;0;0;0;0;0;0;4;2;1;4;69;65;70;22;3725;1402;148;92.6;4.8;3.9;41.6;20.3;70;48;59.3;6.4;55;29;65.5;14.7;0;89;45
1666;105;105;1;0;0;-1;0;0;0;0;0;0;0;0;1;0;0;45;45;47;0;291;0;52;0.0;0.0;12.4;0.0;37.1;1;5;16.7;-13.5;1;4;20.0;-8.8;0;2;1
1667;111;111;1;2;0;2;0;0;0;0;0;0;0;2;0;0;0;71;76;56;3;849;214;0;100.0;12.7;4.2;63.6;21.2;25;6;80.6;14.4;19;6;76.0;11.0;1;3;2
1668;123;123;7;2;0;2;6;0;0;0;0;0;0;11;0;1;3;55;61;50;13;5509;34;14;99.8;2.6;1.3;37.9;18.3;103;63;62.0;2.1;77;40;65.8;7.6;1;1;0
1669;118;118;2;0;0;0;0;0;0;0;0;0;0;0;0;0;0;53;56;48;0;890;48;29;100.0;0.0;0.0;24.3;20.2;16;12;57.1;3.2;10;9;52.6;-3.9;0;0;0
1670;113;113;7;1;0;-2;0;0;0;0;0;0;0;3;1;3;4;62;50;63;6;4665;0;892;96.5;2.3;3.9;28.6;33.2;63;79;44.4;-3.7;48;61;44.0;-2.9;0;0;0
1671;114;114;7;0;0;0;2;0;0;0;0;0;0;2;5;2;7;54;50;58;8;4807;75;425;103.0;2.2;2.2;24.7;36.7;59;90;39.6;-8.2;46;67;40.7;-6.9;0;0;0
1672;119;119;7;0;1;-7;2;0;1;0;0;0;0;10;8;4;9;55;49;62;6;5252;1329;612;87.5;0.7;4.8;25.4;31.5;60;88;40.5;-15.7;49;67;42.2;-17.3;0;0;0
1673;119;119;3;0;0;-3;2;0;0;0;0;0;0;6;1;1;2;55;52;59;1;1399;976;0;86.4;0.0;7.7;15.4;56.6;14;33;29.8;-18.6;7;27;20.6;-32.1;0;3;1
1674;111;111;7;3;2;6;4;0;0;0;0;0;0;21;3;0;3;61;66;57;20;6384;395;1274;104.8;4.5;1.1;46.2;22.6;126;67;65.3;9.6;103;53;66.0;12.4;0;33;22
1675;108;108;6;2;0;-3;2;0;0;0;0;0;0;6;1;2;13;65;50;67;6;4483;11;1316;96.3;1.6;4.0;17.7;31.3;43;79;35.2;-3.7;32;55;36.8;-2.1;1;0;0
1676;106;106;1;0;0;0;0;0;0;0;0;0;0;0;0;0;0;54;53;54;0;409;26;46;100.0;0.0;0.0;35.2;35.2;5;7;41.7;-33.7;5;6;45.5;-31.2;0;0;0
1678;118;118;7;0;1;0;2;0;0;0;0;0;0;11;2;4;14;75;52;78;7;5893;268;1142;102.8;2.4;2.4;23.8;33.0;68;92;42.5;-9.7;52;75;40.9;-13.6;0;0;0
1680;103;103;6;0;0;-1;16;0;0;0;0;0;0;22;1;2;4;62;60;59;4;4581;242;430;96.6;0.8;1.6;29.9;25.9;73;53;57.9;2.0;56;44;56.0;-0.4;0;9;2
1681;105;105;2;0;1;1;4;0;0;0;0;0;0;0;0;0;0;56;64;51;4;1683;0;311;105.9;2.1;0.0;36.4;27.8;28;23;54.9;12.7;21;18;53.8;9.4;0;5;1
1682;123;123;1;0;0;0;0;0;0;0;0;0;0;0;1;0;0;54;48;62;0;236;0;0;0.0;0.0;0.0;30.5;0.0;2;2;50.0;-19.6;2;2;50.0;-16.7;0;3;2
1683;102;102;7;3;5;0;2;2;2;1;0;0;0;8;3;3;4;77;77;62;19;5042;2447;418;102.6;3.6;3.6;26.4;32.8;61;75;44.9;-1.2;47;51;48.0;1.5;0;7;3
1684;120;120;6;3;2;3;9;0;0;0;0;1;0;2;0;2;9;61;67;56;8;5320;96;214;103.8;4.7;2.7;31.8;24.4;74;80;48.1;-1.7;59;58;50.4;4.5;0;0;0
1685;111;111;6;0;0;-1;4;0;0;0;0;0;0;9;0;1;12;55;52;56;7;4825;334;1189;89.3;2.2;3.7;34.3;21.6;86;53;61.9;7.7;61;42;59.2;5.1;0;0;0
1686;102;102;7;1;1;0;2;0;0;0;0;0;0;6;1;6;5;60;53;60;7;5539;287;1587;100.2;1.9;1.9;23.4;24.0;67;64;51.1;7.1;47;44;51.6;6.3;0;0;0
1687;115;115;6;0;1;-3;2;0;1;0;0;0;0;7;1;0;1;62;60;59;13;3734;1190;129;91.5;1.9;4.8;28.9;31.8;59;50;54.1;-2.0;43;41;51.2;-4.6;0;63;29
1689;119;119;7;7;2;2;6;1;1;0;0;0;0;6;2;2;4;70;71;63;28;5130;1643;745;102.7;4.2;1.4;44.9;21.1;103;59;63.6;16.6;78;39;66.7;17.0;2;28;14
1690;110;110;2;0;0;-1;2;0;0;0;0;0;0;0;1;1;0;53;53;52;3;954;394;2;92.3;3.8;7.5;49.1;49.1;18;20;47.4;18.3;15;17;46.9;18.3;0;0;0
1691;106;106;6;0;1;1;0;0;0;0;1;0;0;10;3;4;1;63;54;62;5;3995;31;1461;96.5;0.9;0.9;33.3;14.4;60;35;63.2;7.0;45;26;63.4;6.4;0;62;32
1692;123;123;7;1;1;1;2;0;0;0;1;0;0;6;3;0;2;58;55;59;5;3901;101;824;103.7;0.9;0.0;24.9;19.4;66;40;62.3;2.1;44;31;58.7;-2.0;1;46;32
1693;104;104;5;0;1;-2;0;0;0;0;0;0;0;0;0;0;1;52;51;51;5;2734;0;405;90.9;1.3;4.0;29.0;29.0;48;46;51.1;1.1;36;37;49.3;0.4;0;0;0
1694;116;116;5;1;3;3;2;1;2;0;0;0;0;3;2;3;7;67;64;73;21;3367;1955;101;112.3;5.3;1.1;34.2;32.1;53;48;52.5;0.7;43;36;54.4;0.2;0;0;0
1695;111;111;6;1;3;2;2;0;0;1;0;0;0;8;2;3;2;64;63;62;7;4469;572;751;98.5;2.4;1.6;35.4;19.3;87;50;63.5;10.0;64;38;62.7;10.0;0;42;22
1696;121;121;6;0;1;1;0;0;0;0;0;0;0;5;2;2;2;64;64;56;9;4461;1326;0;106.9;3.2;2.4;21.8;30.7;60;78;43.5;4.0;43;60;41.7;3.3;0;0;0
1697;102;102;4;1;0;-3;0;0;0;1;0;0;0;2;5;2;3;54;55;48;14;2714;17;517;88.5;2.7;6.6;34.5;34.5;43;49;46.7;-3.7;32;35;47.8;-3.2;0;9;3
1698;118;118;5;2;1;1;0;0;0;1;0;0;0;9;5;1;2;70;54;70;6;2949;0;1560;100.0;3.7;3.7;23.2;23.2;35;37;48.6;1.6;28;31;47.5;-0.8;1;50;20
1699;104;104;3;0;2;-3;2;0;0;0;0;0;0;3;2;1;3;56;53;59;6;2308;863;0;88.7;3.1;7.8;25.0;32.8;31;36;46.3;3.4;22;26;45.8;3.1;0;0;0
1700;107;107;6;1;2;0;0;1;1;0;0;0;0;7;1;0;3;64;67;55;13;4364;1614;280;99.0;3.3;3.3;38.8;34.6;84;69;54.9;1.6;67;54;55.4;3.7;0;5;4
1701;106;106;6;2;4;1;4;1;1;0;0;0;0;4;4;1;2;63;64;55;13;4739;707;569;107.3;2.3;1.5;17.5;26.6;60;60;50.0;-10.5;42;43;49.4;-12.1;0;77;39
1703;120;120;7;1;2;3;2;0;0;1;0;0;0;9;0;0;2;53;55;52;13;5790;137;380;97.6;4.4;3.1;35.4;21.1;109;65;62.6;18.8;76;47;61.8;19.5;0;0;0
1704;118;118;3;0;1;2;4;0;0;0;0;0;0;1;0;0;1;66;68;62;4;1987;882;6;112.5;3.6;0.0;29.0;16.3;36;22;62.1;13.9;22;19;53.7;3.7;0;40;16
1705;105;105;5;0;0;0;2;0;0;0;0;0;0;9;4;4;7;62;52;60;12;4754;330;771;98.6;2.3;2.3;34.1;28.0;94;56;62.7;4.1;69;46;60.0;1.4;0;0;0
1706;110;110;2;0;0;1;0;0;0;0;0;0;0;1;1;0;0;50;49;50;0;652;0;388;100.0;0.0;0.0;11.0;33.1;2;15;11.8;-33.4;2;9;18.2;-24.5;0;4;2
1707;113;113;7;1;2;-4;2;1;0;0;0;0;0;7;2;2;6;63;55;66;13;5786;1067;372;93.2;1.9;4.4;30.5;33.6;93;96;49.2;2.8;65;72;47.4;1.6;0;0;0
1708;103;103;6;0;3;7;6;0;0;0;0;0;0;18;1;3;1;64;59;63;9;4740;101;676;113.2;5.3;0.0;40.3;27.3;85;64;57.0;0.9;67;47;58.8;3.4;0;90;36
1710;108;108;7;3;3;3;4;0;1;0;0;0;0;4;4;3;11;68;63;70;12;6149;975;703;111.7;3.5;1.2;24.6;44.5;75;122;38.1;-1.2;59;92;39.1;0.2;0;118;53
1711;110;110;3;0;0;-4;2;0;0;0;0;0;0;5;0;0;1;51;58;42;3;2359;0;319;78.9;0.0;6.1;18.3;29.0;25;34;42.4;7.7;18;26;40.9;5.0;0;1;0
1712;117;117;3;1;1;3;2;0;0;1;0;0;0;0;2;1;2;59;51;60;2;1827;0;846;107.7;7.9;3.9;43.3;37.4;28;36;43.8;-6.0;25;25;50.0;-2.7;1;0;0
1714;110;110;3;1;0;-3;0;0;0;0;0;0;0;2;0;0;6;57;54;60;2;1767;0;351;86.5;2.0;8.1;20.4;34.6;19;40;32.2;-7.1;13;30;30.2;-6.3;0;0;0
1715;103;103;3;0;1;1;2;0;0;0;0;0;0;4;1;1;3;62;57;63;2;2198;50;145;103.2;3.3;1.6;36.0;27.8;34;41;45.3;-9.7;29;25;53.7;-1.3;0;32;18
1716;102;102;6;0;0;3;4;0;0;0;0;0;0;9;0;1;4;70;49;73;9;4428;82;877;106.3;4.1;1.6;32.5;26.0;72;59;55.0;11.5;50;39;56.2;12.1;0;0;0
1720;106;106;1;2;0;1;0;0;0;0;0;0;0;1;0;1;0;66;71;48;6;646;0;83;81.4;16.7;11.1;78.0;27.9;24;7;77.4;10.2;17;6;73.9;3.1;1;11;5
1721;119;119;7;0;1;-3;4;0;0;0;0;0;0;2;0;1;1;52;53;48;5;3222;1;35;92.5;1.1;4.5;22.3;35.8;34;52;39.5;-14.8;25;41;37.9;-20.0;0;1;1
1723;123;123;3;0;0;-1;0;0;0;0;0;0;0;0;0;3;4;65;51;66;1;1292;0;389;90.0;0.0;2.8;25.1;27.9;12;20;37.5;-28.7;10;14;41.7;-22.7;0;0;0
1724;106;106;1;0;0;1;0;0;0;0;0;0;0;0;1;0;0;54;47;55;1;618;0;121;114.3;5.8;0.0;40.8;17.5;9;7;56.3;-17.7;8;6;57.1;-18.3;0;0;0
1725;118;118;7;0;2;-3;4;0;1;0;1;0;0;4;2;3;16;74;51;78;17;5654;979;1672;90.6;1.3;3.8;28.0;27.4;80;78;50.6;1.8;64;60;51.6;1.8;0;0;0
1726;114;114;6;1;0;-5;6;0;0;0;0;0;0;5;3;3;1;53;55;51;9;5324;153;172;92.0;0.7;4.1;20.3;35.8;63;86;42.3;-5.7;47;67;41.2;-8.2;0;10;6
1727;112;112;6;4;1;1;6;1;0;0;0;0;0;5;0;2;10;62;65;57;11;4840;668;565;107.3;3.0;2.2;23.1;40.2;65;94;40.9;-1.9;41;66;38.3;-5.1;2;22;9
1728;123;123;6;1;4;3;2;0;0;0;0;0;0;8;3;0;2;63;64;59;10;3095;352;751;107.5;4.7;1.2;37.2;23.3;67;28;70.5;14.0;51;25;67.1;9.9;0;5;2
1729;110;110;5;0;0;-3;4;0;0;0;0;0;0;8;2;3;6;65;59;72;4;3892;1483;258;90.3;0.0;2.8;15.7;28.7;45;60;42.9;3.0;27;44;38.0;-1.5;0;82;41
1730;119;119;7;3;2;3;2;1;1;1;0;0;0;11;7;1;2;62;60;63;15;5285;1260;489;103.4;2.7;0.7;38.8;19.1;87;60;59.2;9.9;69;38;64.5;13.5;0;4;1
1731;117;117;7;1;1;-1;4;0;0;0;0;0;0;3;1;3;3;62;62;59;13;5371;674;758;98.2;2.7;3.4;29.5;30.8;78;84;48.1;5.6;60;64;48.4;3.1;0;16;11
1732;122;122;6;0;2;-4;17;0;0;0;0;0;0;3;3;0;2;61;57;63;8;4486;1371;913;96.9;3.2;5.6;21.7;31.3;59;67;46.8;-8.9;38;48;44.2;-10.9;0;70;37
1734;120;120;7;0;3;3;0;0;2;0;0;0;0;10;4;1;7;60;53;65;7;6270;1292;421;107.4;2.3;0.6;25.8;37.3;77;113;40.5;-13.1;60;89;40.3;-11.3;0;0;0
1736;109;109;3;1;0;-2;2;0;0;0;0;0;0;3;1;0;3;56;58;51;6;1801;164;194;82.5;2.0;6.0;36.0;26.0;35;24;59.3;2.8;25;17;59.5;5.6;0;1;0
1737;110;110;2;0;0;-1;0;0;0;0;0;0;0;8;0;0;0;57;57;53;1;1221;0;480;87.5;0.0;2.9;14.7;23.6;10;22;31.3;-2.6;8;13;38.1;5.7;0;27;13
1738;106;106;6;1;1;-3;0;0;1;0;0;0;0;5;2;1;6;67;65;64;17;4880;676;612;94.1;0.7;3.0;21.4;31.7;54;63;46.2;-15.6;41;50;45.1;-18.4;0;14;6
1739;112;112;6;1;1;0;2;0;0;0;0;0;0;7;2;2;16;63;59;74;11;4731;570;809;100.4;2.3;2.3;28.9;30.4;66;88;42.9;0.8;46;64;41.8;-0.4;0;0;0
1741;116;116;3;0;1;0;2;0;0;0;0;0;0;1;2;1;3;70;62;83;6;2779;704;223;97.5;2.6;2.6;32.4;24.6;41;39;51.2;5.7;32;29;52.5;4.8;0;5;1
1742;121;121;7;2;3;-2;4;0;0;0;0;0;0;17;4;1;10;59;60;54;6;5282;23;1855;102.2;3.4;4.8;23.2;38.2;64;103;38.3;-2.0;44;81;35.2;-4.0;0;47;24
1744;115;115;7;0;1;-2;2;0;0;0;0;0;0;9;4;3;4;57;58;52;8;5087;220;499;95.7;2.1;3.5;29.0;30.4;77;73;51.3;-6.1;58;59;49.6;-7.9;0;13;4
1745;109;109;6;1;2;2;2;0;0;0;0;0;0;12;2;2;1;66;62;64;8;4795;474;1019;102.8;2.3;0.8;30.8;16.5;89;47;65.4;-0.1;62;33;65.3;-1.1;0;102;55
1748;122;122;6;1;3;2;4;1;1;0;0;0;0;5;2;5;3;67;64;68;14;4575;1282;267;107.0;2.4;0.0;33.8;21.2;81;57;58.7;7.4;59;38;60.8;11.8;0;89;43
1749;107;107;3;3;2;1;0;1;1;0;0;0;0;5;3;1;2;71;70;65;13;2222;869;200;107.1;3.2;1.6;22.7;22.7;30;25;54.5;1.7;21;18;53.8;4.6;1;56;32
1750;115;115;6;0;1;1;0;0;0;0;0;0;0;13;2;2;10;63;50;64;10;5062;0;995;98.2;1.4;1.4;32.0;22.8;87;64;57.6;2.6;61;47;56.5;2.5;0;0;0
1752;109;109;7;0;2;-2;2;0;0;0;0;0;0;13;2;5;9;63;55;63;14;5832;853;914;94.6;1.2;2.5;33.3;27.2;104;74;58.4;-3.2;72;56;56.3;-4.9;0;0;0
1753;112;112;6;2;0;0;4;0;0;1;0;0;0;3;3;0;4;61;61;58;9;5405;274;1337;99.8;1.3;2.0;23.3;34.0;73;99;42.4;0.3;52;75;40.9;-1.7;1;14;9
1754;103;103;5;4;1;6;0;1;0;0;0;0;0;8;1;1;4;71;71;67;18;3627;1617;10;116.7;6.9;0.0;41.7;23.8;69;48;59.0;3.5;57;33;63.3;8.9;1;15;6
1755;106;106;6;0;0;1;2;0;0;0;0;0;0;8;0;1;1;60;60;54;10;3795;55;290;102.6;0.9;0.0;37.0;21.8;74;49;60.2;1.8;55;34;61.8;3.5;0;8;2
1756;104;104;6;0;2;0;2;0;0;0;0;0;0;10;3;5;6;75;53;77;11;5279;1703;881;97.2;2.0;2.0;27.3;19.8;64;65;49.6;0.3;52;47;52.5;5.7;0;0;0
1758;107;107;5;0;3;4;2;0;1;0;0;0;0;3;1;0;2;63;63;57;11;3256;1020;312;106.4;7.7;3.3;45.3;31.0;71;52;57.7;0.9;56;40;58.3;2.7;0;69;39
1759;104;104;4;0;4;1;0;0;1;0;0;0;0;2;2;2;3;63;64;58;4;3061;759;133;98.6;3.5;2.4;45.9;25.9;62;39;61.4;9.1;50;28;64.1;11.5;0;0;0
1760;112;112;6;1;4;4;4;0;1;0;0;0;0;8;5;4;12;66;61;82;9;5300;807;651;111.4;2.7;0.0;23.8;34.0;79;105;42.9;1.0;55;66;45.5;4.8;0;0;0
1761;109;109;2;0;0;1;0;0;0;0;0;0;0;1;0;0;1;54;54;51;1;743;201;0;125.0;4.8;0.0;19.4;43.6;13;14;48.1;1.9;8;13;38.1;-5.1;0;5;3
1762;113;113;7;1;3;1;0;0;1;0;0;0;0;14;5;0;4;66;63;68;24;5854;1355;641;102.6;3.1;2.5;32.0;35.1;93;104;47.2;-0.0;67;86;43.8;-3.7;0;14;7
1763;107;107;7;1;3;1;4;0;1;0;0;0;0;7;0;3;3;63;58;65;12;5536;357;536;99.4;3.9;3.3;34.5;27.3;95;65;59.4;5.3;73;58;55.7;0.2;0;0;0
1765;103;103;7;1;2;4;2;0;0;0;0;0;0;10;1;3;19;71;53;74;17;6278;230;1360;107.2;2.9;0.6;31.0;28.1;104;101;50.7;-4.3;81;73;52.6;-2.8;0;0;0
1767;107;107;6;1;4;3;4;0;2;0;0;0;0;4;2;2;6;70;67;77;19;4892;2392;23;102.6;5.2;2.9;36.8;25.8;91;69;56.9;4.5;70;52;57.4;6.6;0;0;0
1768;118;118;7;1;3;4;4;0;0;0;1;0;0;6;3;2;9;65;51;67;13;5962;88;1558;105.0;3.0;1.2;30.8;25.4;93;77;54.7;7.8;70;65;51.9;2.2;0;0;0
1769;116;116;5;1;1;-2;4;0;1;0;0;0;0;5;2;4;1;56;49;56;11;4244;638;564;88.0;3.4;5.1;39.0;24.6;75;60;55.6;3.8;61;40;60.4;9.9;0;0;0
1770;122;122;7;3;0;-4;4;2;0;0;0;0;0;8;0;3;1;63;63;60;18;5166;1473;338;89.8;2.1;4.9;28.6;27.9;79;64;55.2;3.2;55;50;52.4;1.3;2;10;7
1771;119;119;5;1;1;3;9;1;0;0;0;1;1;10;1;4;10;68;63;72;13;3333;680;794;110.0;3.2;0.0;32.4;34.6;51;65;44.0;-11.3;40;45;47.1;-12.5;0;61;29
1772;102;102;6;4;3;0;4;2;1;0;0;0;0;9;1;1;3;62;66;51;19;4393;1323;0;101.6;4.1;4.1;33.6;38.5;67;82;45.0;-2.4;51;57;47.2;-0.1;0;22;12
1773;103;103;6;1;3;-3;0;0;2;0;0;0;0;2;1;3;3;69;66;71;11;4240;1292;741;94.2;0.8;2.5;33.1;30.6;73;65;52.9;-4.7;53;48;52.5;-5.0;0;10;4
1774;121;121;7;0;1;-2;8;0;0;0;0;0;0;11;4;6;7;56;49;61;6;6036;366;892;98.9;2.4;3.6;20.9;28.6;71;100;41.5;2.5;48;72;40.0;2.7;0;0;0
1775;118;118;2;0;2;0;0;0;2;0;0;0;0;4;3;0;0;63;62;60;9;1638;294;170;100.0;0.0;0.0;37.4;8.8;32;13;71.1;15.3;23;10;69.7;12.0;0;4;1
1776;115;115;6;2;4;5;0;0;0;0;1;0;0;8;1;4;3;71;69;71;17;5610;1790;123;108.3;2.6;0.0;30.8;12.8;99;64;60.7;11.3;63;46;57.8;7.3;0;19;13
1777;111;111;6;1;1;-1;12;1;1;0;0;0;0;6;0;2;8;66;67;65;16;5236;1946;290;98.4;1.4;2.1;32.3;35.1;81;78;50.9;-8.2;56;61;47.9;-11.4;0;9;5
1778;107;107;7;1;3;0;14;1;0;0;0;0;0;7;7;3;12;63;56;70;18;5457;919;877;97.0;4.0;3.3;38.9;25.1;85;67;55.9;0.6;73;51;58.9;4.5;0;0;0
1779;122;122;7;1;1;-4;4;0;0;0;0;0;0;12;3;0;6;70;54;70;10;6217;1663;105;92.0;1.7;3.5;26.1;23.7;99;70;58.6;8.2;64;52;55.2;5.4;0;0;0
1781;106;106;6;0;0;1;0;0;0;0;0;0;0;11;1;1;10;60;52;60;12;4706;299;1129;102.7;0.8;0.0;28.3;19.1;71;58;55.0;-3.7;54;42;56.3;-3.0;0;0;0
1782;118;118;5;0;5;3;2;0;0;0;0;0;0;5;1;3;2;68;68;65;9;3347;254;474;110.4;5.4;2.2;30.1;29.0;59;40;59.6;9.9;46;33;58.2;8.2;0;6;3
1783;117;117;7;0;2;3;0;0;0;0;0;0;0;7;2;2;7;60;52;64;3;4777;453;1163;106.1;2.3;0.8;26.4;30.9;61;72;45.9;2.2;48;52;48.0;2.4;0;14;5
1784;115;115;6;1;1;-1;4;0;1;1;0;0;0;9;0;2;1;66;65;67;18;4882;1727;183;94.6;0.0;1.5;31.0;27.3;86;77;52.8;-4.3;61;54;53.0;-2.5;0;70;33
1785;104;104;3;0;0;0;0;0;0;0;0;0;0;2;0;2;2;67;52;69;2;1978;0;169;99.6;1.8;1.8;30.9;29.1;33;32;50.8;-10.3;27;25;51.9;-11.4;0;0;0
1786;107;107;4;2;2;5;2;0;0;0;0;0;0;10;0;0;1;65;69;58;10;3334;125;380;109.6;6.5;1.1;44.3;21.6;66;38;63.5;5.7;52;28;65.0;7.2;1;55;31
1787;120;120;6;0;2;2;2;0;0;0;0;0;0;8;0;3;5;61;50;62;2;5558;191;755;106.1;3.2;1.9;25.9;30.4;72;77;48.3;-4.7;51;65;44.0;-8.0;0;0;0
1788;122;122;1;0;1;-1;2;0;1;0;0;0;0;1;0;0;0;62;70;48;2;844;127;92;91.7;0.0;4.3;8.5;51.2;9;17;34.6;-24.8;5;15;25.0;-35.0;0;1;1
1789;122;122;4;0;0;1;2;0;0;0;0;0;0;0;0;0;1;56;58;52;7;2579;190;121;104.8;1.4;0.0;29.3;39.1;37;47;44.0;-12.6;25;35;41.7;-14.1;0;2;2
1790;115;115;5;1;0;2;4;0;0;0;0;0;0;7;1;1;1;61;61;61;11;3918;867;6;104.3;1.8;0.0;42.3;18.4;85;45;65.4;11.1;67;32;67.7;15.6;0;1;0
1791;123;123;7;0;2;7;0;0;0;0;0;0;0;7;3;5;11;65;50;67;2;6191;342;990;111.1;4.1;0.6;29.1;20.4;113;66;63.1;3.8;74;48;60.7;0.5;0;0;0
1792;123;123;6;1;4;8;2;0;0;0;1;0;0;5;1;3;4;70;59;75;18;5530;1392;216;109.2;4.6;0.0;49.5;12.4;133;42;76.0;23.8;106;30;77.9;27.9;0;0;0
1793;119;119;6;1;1;1;4;0;1;0;0;0;0;5;1;2;7;63;62;58;9;3774;386;1615;100.6;1.9;1.0;34.3;19.1;56;47;54.4;2.4;44;27;62.0;8.8;0;51;24
1795;111;111;4;2;1;0;0;0;0;0;0;0;0;3;1;1;3;60;59;59;6;3171;415;0;101.0;3.4;3.4;26.1;28.4;43;40;51.8;-7.9;32;31;50.8;-7.4;0;36;16
1799;113;113;7;1;0;-6;6;1;0;0;0;0;0;4;1;2;5;62;63;54;19;5605;996;234;83.5;0.6;4.5;32.8;24.4;92;83;52.6;7.4;63;60;51.2;6.6;1;65;40
1801;105;105;5;1;3;2;2;0;1;0;0;0;0;11;0;2;2;67;66;62;11;4075;864;6;106.4;4.4;1.8;34.5;27.4;67;54;55.4;-6.4;50;40;55.6;-4.8;1;66;32
1803;111;111;7;0;8;5;4;0;2;0;0;0;0;3;2;2;11;71;57;79;17;6504;1155;759;105.6;5.0;2.2;37.1;28.2;128;82;61.0;3.2;94;64;59.5;2.4;0;0;0
1804;121;121;6;3;0;1;8;0;0;0;0;0;0;4;2;2;5;66;60;66;15;5158;477;713;105.2;3.5;2.8;25.8;33.5;62;102;37.8;-4.1;47;75;38.5;-1.2;1;97;47
1805;104;104;4;2;0;-2;2;0;0;0;0;0;0;8;1;2;4;66;63;66;8;3554;1096;133;93.6;4.1;6.1;24.3;26.3;47;49;49.0;-12.2;37;39;48.7;-13.1;0;1;1
1806;121;121;7;1;4;3;4;0;0;0;0;0;0;12;4;2;13;58;55;61;6;5517;377;765;105.5;3.9;2.0;28.7;24.1;79;82;49.1;12.8;60;59;50.4;17.1;0;0;0
1807;109;109;5;2;1;0;2;1;1;0;0;0;0;7;0;1;0;66;66;62;9;2856;1753;0;97.2;3.8;2.5;39.1;20.2;54;26;67.5;4.1;39;20;66.1;2.2;1;80;44
1808;105;105;6;2;4;7;0;0;0;1;0;0;0;4;2;2;11;65;56;68;8;4837;491;650;114.9;5.2;0.7;29.0;24.6;74;58;56.1;-1.2;58;49;54.2;-2.7;1;0;0
1809;110;110;6;0;2;-1;0;0;0;0;0;0;0;11;7;3;6;63;62;64;13;4934;2001;606;99.3;2.9;3.6;24.1;28.5;66;76;46.5;8.3;43;54;44.3;5.5;0;11;6
1810;123;123;7;1;4;5;4;0;0;0;0;0;0;3;0;2;0;62;64;57;12;5251;1062;207;112.6;4.8;1.4;23.3;17.1;83;54;60.6;0.1;58;44;56.9;-4.5;0;5;2
1811;112;112;7;2;3;4;2;0;2;0;0;0;0;14;3;2;13;67;65;69;16;6464;1151;571;107.6;3.9;1.7;31.2;34.0;97;127;43.3;0.3;76;91;45.5;3.3;0;0;0
1813;116;116;4;0;0;0;0;0;0;0;0;0;0;4;0;0;4;63;50;64;2;2564;131;482;97.5;2.8;2.8;23.9;19.7;27;39;40.9;-2.8;23;28;45.1;-0.8;0;0;0
1814;110;110;5;0;1;-5;2;0;0;0;0;0;0;2;1;1;6;49;50;47;1;3486;94;505;85.3;1.0;7.2;19.6;36.1;38;67;36.2;-5.7;27;50;35.1;-6.1;0;0;0
1815;110;110;6;1;2;-1;0;0;0;0;0;0;0;8;1;5;7;64;63;62;8;4854;102;1616;97.8;3.0;3.7;23.7;25.2;60;59;50.4;13.1;44;44;50.0;13.1;0;68;41
1816;110;110;6;0;1;0;8;0;0;0;0;0;0;10;3;3;21;77;51;82;2;5084;0;1305;98.7;2.1;2.1;25.5;22.0;66;73;47.5;9.7;47;44;51.6;15.6;0;0;0
1817;109;109;5;1;2;2;2;0;1;0;0;0;0;7;0;1;9;70;55;73;9;3634;502;978;101.8;4.0;2.0;37.6;22.8;75;35;68.2;9.3;51;28;64.6;6.6;0;0;0
1818;106;106;6;0;1;-2;6;0;0;0;0;0;0;10;0;1;3;60;54;60;8;4463;1499;1210;88.2;1.6;4.0;26.6;22.6;68;44;60.7;4.1;49;34;59.0;0.9;0;0;0
1819;112;112;6;1;3;0;2;1;0;0;1;0;0;3;2;4;7;64;66;65;8;4628;790;867;100.7;1.6;2.3;20.2;33.4;55;93;37.2;-6.9;39;64;37.9;-5.7;1;12;5
1820;109;109;6;0;3;5;0;0;0;0;0;0;0;7;1;2;6;66;51;67;11;4130;153;730;106.0;6.1;1.7;39.2;18.3;82;40;67.2;2.3;60;29;67.4;1.8;0;0;0
1821;117;117;4;0;0;0;2;0;0;0;0;0;0;1;0;0;2;58;49;59;0;1881;0;448;101.7;1.9;1.9;19.1;23.0;17;28;37.8;-10.2;15;19;44.1;-6.3;0;0;0
1822;123;123;7;5;4;6;10;1;2;0;0;0;0;12;3;7;1;70;69;67;17;6007;1531;172;111.0;5.4;1.8;30.0;25.8;104;80;56.5;-5.8;71;62;53.4;-10.1;1;107;42
1823;111;111;6;1;1;2;6;0;0;0;0;0;0;14;3;1;1;73;69;74;29;5795;1766;166;99.5;2.5;1.2;42.9;19.9;118;55;68.2;11.5;88;43;67.2;11.2;0;115;70
1824;116;116;6;0;0;0;0;0;0;0;0;0;0;6;0;1;7;61;51;62;7;3709;464;266;98.8;1.9;1.0;27.2;11.6;64;34;65.3;18.5;44;21;67.7;17.9;0;0;0
1825;115;115;7;0;2;2;2;0;0;0;0;0;0;13;3;4;13;71;53;73;16;6508;377;1025;100.8;1.7;0.6;39.3;16.0;132;57;69.8;20.0;97;41;70.3;21.6;0;0;0
1826;113;113;7;0;0;-1;2;0;0;0;0;0;0;3;1;2;9;55;51;57;4;3482;243;537;98.7;2.1;3.1;23.8;31.0;39;66;37.1;-12.1;30;45;40.0;-7.5;0;0;0
1827;113;113;6;1;3;-1;0;0;1;0;0;0;0;6;3;4;2;61;61;59;14;4889;833;229;98.2;2.2;2.9;34.6;36.1;74;87;46.0;-3.3;57;68;45.6;-2.8;0;14;5
1828;108;108;5;0;0;-1;0;0;0;0;0;0;0;8;1;2;9;58;53;63;6;3875;712;42;108.5;3.7;4.6;21.4;52.0;39;92;29.8;-12.2;27;73;27.0;-17.6;0;0;0
1829;121;121;7;0;1;-3;2;0;0;0;0;0;0;11;2;2;17;63;54;74;7;5528;361;1514;94.6;2.0;3.9;22.8;28.0;83;84;49.7;13.9;54;63;46.2;11.1;0;0;0
1830;102;102;5;0;1;0;0;0;0;0;0;0;0;4;0;0;4;61;53;61;2;3080;0;538;111.2;3.5;3.5;17.5;39.7;28;55;33.7;-16.4;19;41;31.7;-20.1;0;0;0
1832;120;120;7;1;1;-1;0;0;0;0;0;0;0;14;3;4;12;74;52;76;7;6105;369;976;102.7;1.8;2.4;18.9;35.4;57;101;36.1;-18.2;38;83;31.4;-22.5;1;0;0
1833;123;123;7;0;0;2;4;0;0;0;0;0;0;7;1;1;9;62;52;64;10;4710;48;728;106.7;2.3;0.8;22.9;22.9;73;59;55.3;-6.7;51;41;55.4;-6.2;0;0;0
1836;111;111;7;2;3;1;0;0;0;0;1;0;0;7;1;3;1;71;51;74;15;5800;210;1471;95.7;2.5;2.5;43.4;24.8;104;69;60.1;1.7;86;55;61.0;4.4;0;0;0
1838;110;110;6;2;2;1;0;1;1;0;0;0;0;8;3;0;4;61;59;64;11;3847;1063;254;105.0;0.9;0.0;18.7;34.6;36;74;32.7;-9.2;24;53;31.2;-9.6;0;2;1
1839;110;110;5;0;0;-2;4;0;0;0;0;0;0;4;4;5;2;58;55;63;9;3779;851;288;94.8;1.9;3.8;21.0;26.7;46;52;46.9;8.4;31;38;44.9;7.8;0;65;41
1840;105;105;6;3;2;0;4;2;2;0;0;0;0;5;4;4;0;69;70;60;23;5315;1413;10;99.5;2.7;2.0;42.7;29.8;105;68;60.7;5.8;88;53;62.4;9.9;1;3;1
1841;115;115;6;1;1;-1;4;0;0;0;0;0;0;2;2;0;3;60;59;55;9;3569;63;974;96.3;2.0;3.0;30.3;29.3;60;46;56.6;1.1;38;37;50.7;-5.1;0;44;24
1842;102;102;6;2;1;-2;4;1;1;0;0;0;0;7;1;1;3;61;61;55;13;4319;1287;86;93.5;2.5;4.2;27.5;26.7;55;57;49.1;3.3;43;37;53.8;8.5;1;68;36
1843;114;114;6;0;0;-4;2;0;0;0;0;0;0;10;1;6;6;63;58;61;6;3836;127;895;88.2;0.9;4.7;28.2;31.0;56;70;44.4;-2.6;40;49;44.9;-2.8;0;52;27
1845;105;105;3;0;2;0;0;0;1;0;1;0;0;7;0;0;2;68;65;67;2;2527;186;655;96.6;0.0;1.4;15.7;41.3;24;41;36.9;-10.2;15;37;28.8;-17.2;0;43;24
1846;103;103;6;5;1;5;2;1;0;0;0;0;0;7;2;3;6;73;70;75;23;5230;1432;839;109.2;4.8;0.7;41.3;27.5;96;69;58.2;2.6;74;51;59.2;4.2;2;38;23
1847;110;110;4;2;2;-1;0;0;1;0;0;0;0;2;1;2;2;64;62;66;6;2937;943;140;100.7;3.7;4.9;24.5;34.3;36;47;43.4;2.5;29;35;45.3;5.6;0;8;6
1848;112;112;5;0;1;0;16;0;0;0;0;0;0;5;3;2;3;57;59;58;4;3210;450;156;100.8;1.1;1.1;26.9;33.6;40;61;39.6;-1.7;32;43;42.7;0.9;0;8;4
1849;113;113;5;0;3;0;0;0;0;0;0;0;0;8;1;3;3;55;61;54;11;3780;0;1007;99.4;2.9;2.9;39.0;36.2;66;74;47.1;2.7;51;53;49.0;4.7;0;14;5
1850;119;119;6;1;1;1;2;0;0;0;0;0;0;3;3;1;4;59;59;58;14;3804;409;519;105.8;2.8;0.9;33.1;34.1;55;62;47.0;-8.2;44;45;49.4;-8.9;1;12;5
1852;113;113;7;2;2;3;6;0;0;0;0;0;0;14;4;1;3;65;59;63;11;6653;277;801;105.0;3.8;2.2;34.1;35.2;112;116;49.1;3.0;85;96;47.0;1.1;0;128;68
1853;120;120;4;0;1;-1;0;0;0;0;1;0;0;3;4;1;1;61;56;66;7;3326;679;250;99.1;1.1;2.2;23.8;40.0;35;61;36.5;-11.1;24;50;32.4;-12.6;0;5;2
1854;117;117;7;1;4;2;2;0;0;0;1;0;0;11;5;1;12;57;56;57;7;4795;58;886;104.1;3.0;2.3;30.0;38.3;63;92;40.6;-4.9;52;65;44.4;-2.4;0;22;13
1855;121;121;7;0;2;0;2;0;0;0;0;0;0;2;1;0;1;55;54;56;3;3227;61;879;112.5;2.2;2.2;12.3;39.0;23;68;25.3;-17.1;17;53;24.3;-16.4;0;11;7
1857;104;104;5;0;2;-1;2;0;0;0;0;0;0;4;2;2;3;71;59;72;12;3938;408;735;94.6;3.7;4.6;29.3;25.6;62;52;54.4;-0.7;44;41;51.8;-4.7;0;5;4
1858;105;105;6;0;4;5;0;0;0;0;0;0;0;5;1;2;6;68;56;68;6;5269;20;810;108.3;5.5;2.0;29.4;19.8;93;48;66.0;12.6;68;41;62.4;8.7;0;0;0
1859;122;122;7;0;0;0;6;0;0;0;0;0;0;7;1;4;10;67;50;69;7;5359;155;971;98.6;1.3;1.3;30.2;22.8;90;64;58.4;7.7;63;47;57.3;8.2;0;0;0
1860;116;116;7;1;1;1;6;0;0;0;0;0;0;9;1;2;7;67;52;69;5;5672;609;819;114.5;3.8;3.2;16.5;36.8;61;95;39.1;-15.1;41;73;36.0;-21.8;0;0;0
1863;109;109;6;0;2;6;2;0;0;0;0;0;0;6;5;2;3;70;56;71;14;5010;91;977;112.2;4.3;0.0;35.2;20.8;87;56;60.8;-6.6;63;36;63.6;-3.4;0;80;36
1864;102;102;6;2;7;0;4;2;3;0;2;0;0;10;2;2;5;72;74;65;22;4672;2214;423;99.2;2.3;3.1;23.9;29.3;65;68;48.9;1.2;41;43;48.8;0.8;1;119;54
1865;109;109;7;1;2;4;6;0;0;0;0;0;0;2;1;3;12;63;56;64;14;5686;448;945;106.8;3.8;0.6;38.6;20.9;112;63;64.0;4.9;81;50;61.8;3.3;1;0;0
1866;122;122;7;0;2;1;2;0;0;0;0;0;0;8;1;1;11;76;53;78;4;4687;1006;1045;103.4;1.5;0.8;24.6;26.9;76;64;54.3;1.8;54;47;53.5;2.8;0;4;3
1867;114;114;6;0;1;-6;2;0;0;0;0;0;0;10;4;2;5;60;58;56;1;4742;59;889;88.0;0.0;4.6;23.5;38.0;57;88;39.3;-9.7;44;63;41.1;-8.2;0;78;43
1870;102;102;2;0;0;1;0;0;0;0;0;0;0;1;0;0;1;55;58;49;2;1015;167;13;107.5;7.1;3.5;35.5;28.4;16;13;55.2;15.3;13;9;59.1;19.1;0;1;1
1872;108;108;7;0;2;-1;2;0;1;0;0;0;0;5;2;1;11;64;49;67;3;4488;206;960;98.9;0.8;1.6;21.7;33.7;53;81;39.6;0.8;40;57;41.2;2.9;0;0;0
1873;115;115;6;1;1;1;0;1;0;0;0;0;0;8;3;2;3;65;65;65;20;5193;1975;36;97.8;2.1;1.4;31.9;15.9;101;59;63.1;8.0;70;42;62.5;7.1;1;5;2
1874;103;103;6;2;3;-2;0;1;2;0;0;0;0;3;1;0;4;65;65;58;18;4307;1349;315;95.6;1.7;2.5;37.6;28.4;86;59;59.3;4.0;60;44;57.7;1.9;0;82;34
1875;116;116;6;1;2;-6;2;1;1;0;0;0;0;8;2;5;18;73;52;77;14;5240;1018;986;87.4;1.4;5.5;30.9;32.3;69;80;46.3;-9.4;58;60;49.2;-7.0;0;0;0
1876;112;112;6;1;2;2;0;0;0;0;0;0;0;5;3;2;5;63;63;57;10;4839;474;336;104.0;3.0;1.5;32.7;29.0;78;73;51.7;12.9;58;57;50.4;11.7;0;4;3
1877;119;119;5;0;0;-1;2;0;0;0;0;0;0;3;1;1;1;55;55;55;8;3375;242;262;94.4;0.0;1.1;34.1;19.2;53;49;52.0;0.2;42;28;60.0;5.5;0;7;3
1878;118;118;3;0;5;0;16;0;3;0;0;0;0;1;1;2;2;67;68;67;7;2188;878;85;100.8;3.3;3.3;24.7;26.3;30;31;49.2;-0.2;21;25;45.7;-3.1;0;57;30
1881;117;117;7;2;1;-3;6;1;0;0;1;0;0;13;3;6;9;65;62;66;16;5741;832;1247;95.6;1.9;4.4;28.2;39.5;75;96;43.9;-0.5;59;78;43.1;-4.5;0;58;35
1882;112;112;4;0;0;-3;6;0;0;0;0;0;0;3;0;0;3;58;59;56;9;2911;584;297;80.0;0.0;3.7;21.0;18.6;44;44;50.0;13.0;30;22;57.7;21.6;0;54;25
1883;108;108;6;1;0;0;4;0;0;1;0;0;0;16;1;0;7;58;62;53;10;4589;94;608;97.9;2.4;3.1;30.6;32.2;68;82;45.3;6.8;54;53;50.5;13.5;0;11;6
1884;115;115;5;1;0;1;14;0;0;0;0;0;0;1;1;1;4;60;49;62;6;2336;56;300;105.3;1.5;0.0;29.3;23.1;47;30;61.0;4.0;32;22;59.3;2.4;0;1;0
1886;111;111;6;0;0;-1;4;0;0;0;0;0;0;5;1;1;1;55;55;54;5;3500;29;827;95.7;1.0;2.1;21.6;22.6;51;38;57.3;1.1;36;30;54.5;-1.2;0;4;3
1888;119;119;7;0;1;-2;6;0;0;0;1;0;0;9;0;0;7;61;53;66;14;5408;1757;317;97.7;2.0;3.3;25.3;32.6;66;93;41.5;-14.8;50;67;42.7;-16.7;0;0;0
1889;122;122;6;1;0;-4;4;0;0;0;0;0;0;2;2;6;3;54;54;53;7;4242;44;1025;81.4;0.8;4.2;27.2;19.5;64;49;56.6;4.2;43;33;56.6;5.5;0;30;12
1890;110;110;3;0;1;-3;2;0;1;0;0;0;0;1;1;1;0;53;54;49;3;1836;196;45;83.3;0.0;5.9;19.6;35.3;20;40;33.3;-5.6;13;29;31.0;-5.3;0;30;13
1891;107;107;4;0;3;0;4;0;1;0;0;0;0;4;3;3;2;64;62;63;10;3203;761;125;98.6;2.2;2.2;29.2;24.7;45;36;55.6;5.0;35;27;56.5;2.8;0;44;27
1892;115;115;6;1;0;2;14;0;0;0;0;0;0;23;3;1;4;76;63;76;11;5379;0;1027;101.5;2.0;0.7;33.5;14.7;107;63;62.9;10.7;71;37;65.7;15.5;0;91;58
1893;121;121;6;0;1;-5;0;0;0;0;0;0;0;5;3;1;10;56;55;55;9;4206;270;809;87.7;0.9;5.1;24.8;32.5;55;73;43.0;1.0;39;61;39.0;-1.1;0;22;12
1894;115;115;6;0;2;-2;0;0;0;0;0;0;0;3;1;2;8;54;48;54;5;4339;0;765;96.2;2.5;4.1;26.5;31.5;68;79;46.3;-13.2;45;58;43.7;-15.3;0;0;0
1895;116;116;6;1;1;0;0;0;0;0;0;0;0;1;2;0;0;56;55;53;4;3971;98;189;109.6;3.6;3.6;17.2;31.7;40;66;37.7;-16.6;32;49;39.5;-17.6;0;50;28
1896;113;113;4;0;1;-3;2;0;0;0;0;0;0;2;1;1;2;51;55;48;3;2375;175;11;76.7;1.5;6.1;15.2;18.2;19;30;38.8;-8.7;16;21;43.2;-3.9;0;4;2
1897;104;104;4;0;0;0;0;0;0;0;0;0;0;4;1;0;3;62;58;63;3;2027;626;76;100.0;0.0;0.0;21.3;14.2;28;18;60.9;2.6;18;15;54.5;-4.5;0;37;22
1900;108;108;7;0;1;-2;4;0;0;0;1;0;0;12;3;3;18;67;53;68;5;5510;0;1289;96.9;0.7;2.0;18.9;30.1;63;89;41.4;3.4;46;62;42.6;4.8;0;13;6
1901;120;120;7;2;4;1;0;0;2;0;0;0;0;4;6;4;4;60;62;54;11;5486;446;453;104.9;2.6;2.0;22.3;28.9;80;72;52.6;4.4;51;56;47.7;-0.1;0;7;4
1902;123;123;7;3;2;3;0;0;1;0;0;0;0;2;3;3;1;63;61;62;8;5039;718;198;106.3;2.9;0.7;28.6;19.3;79;47;62.7;2.8;57;37;60.6;0.5;0;66;37
1903;103;103;6;0;0;2;0;0;0;0;0;0;0;3;0;3;8;64;51;66;1;3834;90;1313;107.5;4.7;2.8;26.3;27.2;63;55;53.4;-3.8;44;40;52.4;-4.9;0;0;0
1904;111;111;6;0;2;-1;4;0;1;0;0;0;0;7;1;1;0;58;57;60;7;3254;559;146;100.5;2.2;3.3;24.3;38.7;49;48;50.5;-7.4;37;41;47.4;-10.4;0;39;13
1906;121;121;7;1;2;4;10;0;0;0;0;0;0;14;3;2;8;60;58;70;11;5734;1936;10;111.5;4.4;1.9;25.1;31.4;68;115;37.2;-3.8;52;83;38.5;0.7;1;0;0
1907;119;119;7;0;2;2;2;0;0;0;0;0;0;17;2;2;14;76;49;79;7;4804;90;1614;100.3;3.7;2.2;39.7;24.7;82;72;53.2;1.8;66;49;57.4;3.9;0;0;0
1908;104;104;6;0;1;-3;0;0;0;0;0;0;0;8;4;3;5;64;50;64;6;5208;430;382;89.7;2.1;4.1;30.4;24.2;72;68;51.4;2.9;51;47;52.0;5.0;0;0;0
1909;118;118;4;0;0;-2;14;0;0;0;0;0;0;1;0;0;2;60;60;59;4;3070;193;42;89.2;1.2;3.5;28.1;23.5;44;45;49.4;-1.2;34;30;53.1;1.2;0;3;1
1910;123;123;2;0;1;2;0;0;0;0;0;0;0;2;1;1;0;57;56;56;5;1354;148;266;108.3;2.7;0.0;31.9;13.3;22;9;71.0;-1.7;15;8;65.2;-8.2;0;12;5
1911;104;104;6;0;2;-1;2;0;0;0;0;0;0;12;3;6;13;69;49;69;7;5043;246;1000;100.3;1.4;2.1;19.3;30.0;57;78;42.2;-9.9;43;62;41.0;-10.4;0;0;0
1912;117;117;7;1;2;0;9;0;0;1;0;1;0;4;2;0;11;60;55;68;12;5329;951;712;99.0;1.4;2.0;31.8;38.5;76;95;44.4;0.4;62;72;46.3;0.2;0;0;0
1914;106;106;7;1;0;0;4;0;0;0;0;0;0;5;1;4;11;69;66;78;26;5344;2577;52;94.4;2.0;2.0;31.7;16.8;95;53;64.2;6.0;73;37;66.4;7.7;0;0;0
1915;106;106;6;0;1;3;6;0;0;0;0;0;0;10;1;2;9;56;52;56;5;4510;72;556;104.8;3.2;0.8;34.3;17.6;81;52;60.9;4.6;58;33;63.7;7.4;0;1;0
1916;122;122;7;0;2;-2;6;0;2;0;0;0;0;4;1;2;2;61;60;62;9;5167;1325;203;95.5;0.0;1.4;20.9;30.7;69;78;46.9;-8.1;46;57;44.7;-9.2;0;28;13
1917;120;120;6;0;5;2;0;0;2;0;0;0;0;5;2;0;2;64;65;56;11;5208;797;641;105.5;4.1;2.8;26.3;27.0;70;70;50.0;-0.1;53;57;48.2;-0.3;0;91;47
1919;122;122;7;0;0;-4;2;0;0;0;0;0;0;19;3;1;12;64;51;66;8;6084;976;1138;94.3;1.2;3.6;20.1;30.8;85;79;51.8;-1.5;55;63;46.6;-6.9;0;0;0
1920;115;115;6;0;0;1;2;0;0;0;0;0;0;3;1;0;4;70;55;79;14;5320;1253;253;100.2;1.4;0.7;33.2;17.6;90;63;58.8;4.4;58;40;59.2;6.0;0;0;0
1921;103;103;6;0;0;-2;2;0;0;0;0;0;0;4;1;1;4;55;52;56;9;3912;457;664;91.5;0.9;2.8;35.9;24.8;69;49;58.5;2.7;50;38;56.8;0.7;0;0;0
1922;115;115;3;0;0;2;0;0;0;0;0;0;0;1;0;0;8;56;51;57;1;1690;118;222;106.3;6.4;2.1;34.1;17.0;30;26;53.6;-1.9;24;15;61.5;8.3;0;0;0
1923;102;102;6;0;1;-3;2;0;1;0;0;0;0;15;4;3;2;59;61;54;10;5323;547;407;94.1;0.7;2.0;25.0;23.7;76;66;53.5;9.8;50;43;53.8;9.0;0;7;6
1924;105;105;3;0;0;-1;2;0;0;0;0;0;0;1;0;1;4;58;54;61;4;1892;37;240;106.0;3.8;5.7;22.8;53.3;22;43;33.8;-25.6;19;31;38.0;-18.3;0;0;0
1926;117;117;7;0;3;-6;4;0;1;0;0;0;0;7;4;1;12;64;63;63;18;6260;2268;382;90.7;1.7;4.6;32.8;31.6;95;98;49.2;7.8;79;78;50.3;6.6;0;0;0
1927;108;108;7;0;0;0;6;0;0;0;0;0;0;6;7;2;10;58;51;68;12;6245;1774;103;102.0;1.2;1.2;21.3;34.0;71;107;39.9;1.4;50;76;39.7;1.0;0;0;0
1928;111;111;6;1;3;2;0;0;0;0;0;0;0;12;2;4;3;70;68;70;20;4715;1045;127;101.5;3.8;2.3;39.7;28.3;89;60;59.7;-0.1;62;44;58.5;-0.9;1;9;5
1929;107;107;2;1;0;0;0;1;0;0;0;0;0;3;1;0;1;67;68;55;11;1165;705;261;99.1;9.3;9.3;58.7;55.6;28;28;50.0;-19.9;23;24;48.9;-17.7;0;3;1
1932;105;105;5;2;3;-1;4;1;1;0;0;0;0;2;3;1;5;63;67;53;17;4075;951;0;97.6;2.7;2.7;46.8;32.7;93;58;61.6;2.4;78;42;65.0;9.2;0;6;4
1933;107;107;6;1;4;1;4;0;0;0;0;0;0;7;3;5;4;66;68;57;10;4591;345;1042;97.1;6.3;4.7;45.5;28.2;101;60;62.7;11.6;79;44;64.2;12.2;1;48;25
1934;112;112;6;0;2;-2;2;0;1;0;0;0;0;10;1;3;5;58;59;56;10;4453;462;72;95.2;1.6;3.2;28.3;30.7;66;74;47.1;6.5;45;53;45.9;5.1;0;2;2
1935;116;116;6;1;1;-1;0;0;0;0;0;0;0;3;2;0;0;58;59;53;10;3604;216;213;96.3;2.0;3.0;27.0;27.0;49;49;50.0;-0.8;40;36;52.6;-0.6;0;6;5
1936;104;104;4;1;1;2;0;0;0;0;0;0;0;5;3;1;1;61;59;60;9;3506;198;417;102.1;3.1;1.0;37.0;16.4;59;37;61.5;4.0;47;24;66.2;11.1;1;6;0
1939;120;120;6;1;3;0;16;0;2;0;0;0;0;7;2;1;2;61;63;56;13;3956;1047;0;98.3;2.7;2.7;32.8;27.3;65;52;55.6;5.7;47;40;54.0;4.7;1;2;0
1940;121;121;7;0;5;1;2;0;1;0;0;0;0;9;5;5;11;59;58;64;11;5545;1442;82;105.5;3.2;2.6;24.7;33.8;70;111;38.7;-1.6;50;77;39.4;1.9;0;53;22
1941;105;105;6;3;1;2;2;0;0;0;0;0;0;5;2;1;1;62;62;56;9;3612;167;590;105.9;5.0;3.0;22.9;18.9;54;39;58.1;1.4;35;30;53.8;-2.8;0;57;33
1943;109;109;3;1;1;1;4;0;0;0;0;0;0;3;0;0;0;56;58;52;2;1615;253;0;104.3;4.5;2.2;29.0;20.1;32;14;69.6;5.7;20;11;64.5;-3.6;0;26;13
1944;121;121;6;0;0;0;2;0;0;0;0;0;0;4;5;0;1;52;50;55;11;2385;1264;174;102.0;1.5;1.5;25.7;39.2;31;51;37.8;-1.5;23;38;37.7;-0.3;0;0;0
1946;115;115;1;1;0;2;0;0;0;0;0;0;0;3;0;0;1;78;53;80;2;863;62;123;122.2;8.3;0.0;37.5;12.5;20;15;57.1;0.4;16;9;64.0;8.2;0;0;0
1948;119;119;7;0;2;3;0;0;0;0;0;0;0;17;6;5;7;66;49;66;7;4816;198;2148;102.3;3.7;1.5;45.6;25.4;98;67;59.4;10.7;78;45;63.4;12.7;0;0;0
1949;107;107;7;1;2;2;2;1;0;0;0;0;0;20;1;9;12;68;57;74;8;6271;1408;1516;100.2;4.6;2.9;37.9;24.1;107;69;60.8;7.5;88;53;62.4;9.8;0;0;0
1950;105;105;4;0;0;1;0;0;0;0;0;0;0;3;2;3;1;58;55;58;3;2355;517;0;107.6;3.1;1.5;21.4;22.9;35;25;58.3;7.0;24;23;51.1;-1.1;0;1;0
1951;118;118;5;0;2;-3;2;0;2;0;0;0;0;5;0;2;5;54;53;52;9;3228;456;390;85.7;2.2;5.6;23.4;23.4;38;48;44.2;-7.1;33;34;49.3;-3.9;0;0;0
1952;112;112;7;1;0;0;2;0;0;0;0;0;0;3;6;2;6;57;57;54;8;6136;412;413;102.6;2.3;2.3;24.1;32.9;88;114;43.6;0.7;64;85;43.0;-0.7;0;0;0
1954;114;114;5;0;0;-3;0;0;0;0;0;0;0;6;4;1;2;54;55;49;8;4668;197;137;87.0;1.5;3.9;31.6;21.6;77;58;57.0;15.0;62;39;61.4;20.9;0;9;6
1955;104;104;3;1;0;0;0;1;0;0;0;0;0;6;3;1;1;66;62;67;6;2368;539;309;100.0;0.0;0.0;19.8;18.2;29;27;51.8;4.4;20;19;51.3;6.0;0;0;0
1956;105;105;6;1;1;5;2;0;0;0;0;0;0;5;3;0;2;55;59;50;8;5231;85;243;114.2;4.1;0.7;24.8;28.2;71;63;53.0;-5.4;51;54;48.6;-10.5;0;6;4
1957;116;116;6;2;2;0;0;0;1;0;0;0;0;7;3;2;3;61;61;56;15;3857;445;215;93.5;3.7;3.7;42.0;24.3;76;46;62.3;12.6;63;33;65.6;15.6;0;2;1
1958;104;104;3;0;1;-2;0;0;1;0;0;0;0;3;1;1;5;60;52;63;2;1807;285;120;94.1;0.0;4.0;19.9;67.7;20;53;27.4;-10.1;14;41;25.5;-10.2;0;0;0
1959;121;121;3;0;0;1;0;0;0;0;0;0;0;0;0;0;0;57;57;55;2;1825;278;66;107.1;2.0;0.0;27.6;17.8;34;22;60.7;21.6;22;16;57.9;21.1;0;13;8
1960;114;114;6;2;2;0;4;0;0;0;0;0;0;5;2;2;2;67;63;71;14;5098;1186;210;100.4;3.5;3.5;26.1;26.8;77;57;57.5;12.9;58;48;54.7;8.7;0;81;43
1961;111;111;7;1;4;5;6;0;1;0;0;0;0;6;3;6;4;61;57;65;15;5965;1662;692;107.7;4.8;1.8;34.4;28.4;109;73;59.9;1.5;80;60;57.1;-1.2;0;1;0
1962;107;107;6;3;3;0;4;0;0;0;0;0;0;5;2;0;12;66;66;61;16;4705;48;746;101.6;3.1;2.3;35.2;32.1;98;71;58.0;6.2;72;56;56.3;5.1;0;12;7
1963;119;119;7;0;5;1;0;0;3;0;0;0;0;9;2;7;7;67;64;73;15;5022;2637;1;104.0;2.9;0.7;40.1;22.9;84;62;57.5;7.7;64;43;59.8;7.1;0;0;0
1964;104;104;1;0;0;-1;0;0;0;0;0;0;0;0;1;0;0;47;49;42;0;558;0;62;0.0;0.0;6.5;0.0;38.7;4;9;30.8;4.3;4;8;33.3;11.8;0;1;1
1965;114;114;6;1;0;-6;20;0;0;0;0;0;0;9;2;2;15;60;55;67;8;6012;614;790;84.9;1.2;4.8;24.6;24.0;93;81;53.4;10.3;66;61;52.0;7.1;1;0;0
1966;105;105;5;1;1;2;0;0;0;0;1;0;0;9;1;1;1;60;61;57;4;3483;20;899;101.7;2.1;1.0;31.0;20.7;54;36;60.0;5.9;41;30;57.7;5.4;0;39;17
1967;102;102;5;2;4;4;4;0;2;0;0;0;0;4;0;1;4;64;66;58;12;2961;1099;36;117.3;7.3;1.2;34.0;29.2;47;51;48.0;-2.0;35;36;49.3;0.3;0;16;10
1968;121;121;6;4;0;1;0;1;0;0;0;0;0;8;1;4;6;64;65;66;17;4444;1259;31;105.7;4.9;4.1;26.7;32.4;58;67;46.4;5.5;43;55;43.9;5.5;0;14;5
1969;120;120;6;0;0;-5;0;0;0;0;0;0;0;0;2;1;2;52;54;46;11;3725;157;290;86.6;1.0;5.8;26.1;33.8;51;58;46.8;1.2;37;44;45.7;2.3;0;7;4
1970;103;103;6;1;2;5;8;0;0;0;0;0;0;3;4;4;8;62;51;63;8;4856;38;601;108.6;4.4;0.7;39.3;27.4;101;60;62.7;9.0;76;44;63.3;9.9;0;0;0
1971;121;121;5;0;1;0;4;0;0;0;0;0;0;1;0;1;3;58;55;60;3;2384;34;565;102.1;1.5;1.5;21.1;30.2;24;46;34.3;-1.0;16;36;30.8;-2.8;0;14;8
1972;108;108;6;1;0;-4;0;0;0;0;0;0;0;4;3;1;4;55;56;52;9;4715;903;214;99.2;1.5;3.8;14.5;33.6;48;88;35.3;-2.5;30;66;31.3;-7.7;0;6;4
1973;116;116;6;1;2;-4;4;1;0;0;0;0;0;5;1;2;5;64;61;67;15;4748;1775;430;88.0;0.8;3.0;26.5;20.5;65;54;54.6;10.2;48;37;56.5;9.8;0;12;7
1975;105;105;2;0;0;1;0;0;0;0;0;0;0;2;1;0;0;54;53;57;3;1088;311;0;112.5;3.3;0.0;26.5;26.5;20;13;60.6;14.2;12;10;54.5;7.3;0;0;0
1976;116;116;5;2;3;0;2;2;1;0;0;0;0;4;2;1;4;69;70;71;15;3348;1908;17;101.2;2.2;1.1;25.8;15.1;45;41;52.3;0.4;35;26;57.4;3.9;1;18;12
1977;116;116;6;1;2;3;0;0;0;0;0;0;0;6;1;1;9;68;52;70;5;4477;112;547;112.4;3.2;0.8;20.9;26.5;52;59;46.8;-4.9;40;42;48.8;-5.6;0;0;0
1978;118;118;3;0;0;2;6;0;0;0;0;0;0;2;1;0;4;60;55;61;3;1912;101;405;122.2;3.8;0.0;16.9;18.8;29;17;63.0;6.0;18;13;58.1;0.8;0;31;15
1979;113;113;4;2;2;2;4;0;0;0;0;0;0;4;1;0;2;68;63;71;8;3106;947;104;107.2;3.5;1.2;29.0;24.3;50;43;53.8;12.6;35;30;53.8;12.8;1;2;1
1980;115;115;6;1;2;3;6;1;0;0;0;0;0;4;0;2;0;66;64;64;11;5428;500;368;105.6;2.0;0.0;35.8;16.6;110;63;63.6;11.7;76;43;63.9;13.5;1;4;2
1981;111;111;7;0;2;-1;6;0;1;0;0;0;0;9;1;0;3;55;54;55;14;4317;517;120;96.9;2.5;2.5;41.7;27.5;73;58;55.7;-4.1;61;42;59.2;1.6;0;0;0
1984;106;106;7;0;1;2;2;0;0;0;0;0;0;8;3;1;4;63;58;63;13;3855;0;1674;102.3;0.9;0.0;41.1;17.7;71;47;60.2;0.4;55;32;63.2;3.2;0;80;40
1985;104;104;1;0;0;0;0;0;0;0;0;0;0;0;0;0;0;62;61;64;4;310;268;0;100.0;0.0;0.0;34.8;34.8;7;4;63.6;18.2;5;3;62.5;18.2;0;0;0
1986;121;121;6;0;0;-4;2;0;0;0;0;0;0;3;4;1;3;55;52;57;3;3790;176;723;88.6;0.0;3.8;19.0;33.2;41;75;35.3;-2.9;26;52;33.3;-2.3;0;5;3
1988;113;113;7;0;2;0;0;0;0;0;0;0;0;7;0;3;16;60;52;60;8;5224;0;1062;96.4;3.4;3.4;31.0;23.4;87;78;52.7;7.5;60;54;52.6;8.3;0;0;0
1989;115;115;4;0;0;-2;2;0;0;0;0;0;0;2;0;0;1;53;52;56;3;1902;0;124;85.2;1.9;5.7;28.4;26.5;35;27;56.5;7.9;27;17;61.4;15.2;0;0;0
1990;117;117;5;0;1;0;9;0;0;0;0;1;1;7;3;3;4;64;56;64;9;3431;0;872;97.2;2.1;2.1;33.6;23.1;55;41;57.3;16.1;41;30;57.7;13.0;0;57;33
1991;117;117;7;3;2;-3;20;0;2;0;0;0;0;12;1;5;4;69;67;65;26;4898;1874;443;92.8;2.9;5.1;33.8;32.3;75;71;51.4;9.8;66;60;52.4;8.8;0;127;71
1992;112;112;5;0;3;5;8;0;0;0;0;0;0;6;1;3;3;63;65;58;10;3918;271;208;111.5;5.5;0.9;38.6;33.1;76;62;55.1;18.1;55;48;53.4;16.7;0;68;37
1993;113;113;7;0;3;-2;8;0;1;0;0;0;0;8;0;2;8;68;60;74;22;6249;1253;0;97.8;1.2;2.3;31.7;39.2;93;111;45.6;-2.4;71;89;44.4;-2.9;0;0;0
1994;104;104;4;0;0;-3;0;0;0;0;0;0;0;3;1;2;0;68;60;75;11;3327;791;104;84.2;0.0;3.2;27.1;20.6;48;39;55.2;0.0;39;28;58.2;2.5;0;40;21
1995;109;109;4;2;2;1;0;2;1;0;0;0;0;4;0;1;5;71;64;75;8;3513;1203;88;102.7;2.0;1.0;30.7;25.6;61;45;57.5;0.7;44;37;54.3;-1.8;0;0;0
1996;108;108;2;0;2;-1;4;0;1;0;0;0;0;5;1;1;2;61;59;65;2;1698;676;21;97.7;2.1;4.2;27.6;42.4;25;35;41.7;0.6;20;27;42.6;1.9;0;0;0
1997;112;112;1;0;0;0;0;0;0;0;0;0;0;1;0;0;0;63;58;73;0;876;58;182;100.0;0.0;0.0;20.5;20.5;10;15;40.0;-17.9;8;10;44.4;-18.5;0;14;10
1998;106;106;6;5;0;1;0;2;0;0;0;0;0;2;3;0;3;67;66;64;20;3140;1987;83;101.2;2.3;1.1;31.0;18.3;53;35;60.2;3.2;41;25;62.1;4.7;2;91;56
2001;116;116;7;0;1;-1;16;0;0;0;0;0;0;6;2;1;3;50;49;50;3;4008;88;651;91.3;2.7;3.6;26.0;18.9;63;50;55.8;7.4;48;38;55.8;5.2;0;1;1
2002;102;102;4;2;3;3;14;0;0;1;0;0;0;3;0;1;2;61;64;54;4;2268;36;335;110.9;6.3;3.2;31.7;34.9;30;37;44.8;3.6;24;28;46.2;3.8;1;31;11
2003;106;106;4;0;0;0;9;0;0;0;0;0;0;3;2;4;0;59;46;62;2;1834;0;336;100.0;0.0;0.0;37.3;27.5;30;20;60.0;0.2;25;17;59.5;-1.0;0;0;0
2004;105;105;6;0;2;0;2;0;0;0;0;0;0;3;3;1;1;56;56;52;2;4037;202;360;99.2;1.8;1.8;21.4;19.6;54;39;58.1;1.4;35;29;54.7;-1.8;0;5;2
2005;120;120;7;0;1;-2;4;0;0;0;0;0;0;6;2;2;10;60;57;68;7;4800;1553;197;96.5;0.8;1.5;25.5;23.3;58;64;47.5;-2.4;47;45;51.1;4.2;0;0;0
2006;110;110;2;0;0;1;4;0;0;0;0;0;0;0;1;0;0;51;51;52;1;1071;125;0;120.0;3.4;0.0;16.8;40.3;12;19;38.7;8.3;8;15;34.8;1.0;0;10;5
2007;107;107;6;2;0;-4;4;0;0;0;0;0;0;6;0;1;4;56;57;51;7;3517;531;38;86.5;1.0;5.1;27.6;29.7;49;49;50.0;-4.7;34;38;47.2;-6.8;0;2;0
2008;113;113;7;1;0;2;4;0;0;0;0;0;0;6;3;1;4;60;51;67;2;5218;467;211;105.1;2.8;1.4;27.6;28.3;76;81;48.4;1.6;55;64;46.2;-0.1;0;0;0
2009;118;118;4;0;0;-1;0;0;0;0;0;0;0;3;1;0;3;56;49;57;1;1618;0;251;59.1;2.2;4.4;24.5;8.9;27;11;71.1;22.4;19;10;65.5;17.0;0;0;0
2011;104;104;6;0;0;-2;2;0;0;0;0;0;0;4;1;0;3;49;48;49;3;3511;0;330;95.8;2.1;4.1;23.6;31.8;55;51;51.9;3.2;38;43;46.9;-1.8;0;0;0
2012;113;113;7;0;0;-2;2;0;0;0;0;0;0;8;4;4;11;54;49;54;7;5346;29;1047;96.7;3.4;4.7;28.3;31.0;78;78;50.0;3.7;58;65;47.2;1.2;0;0;0
2014;104;104;3;0;0;1;0;0;0;0;0;0;0;2;1;0;0;52;52;51;0;973;93;0;110.0;3.7;0.0;37.0;11.1;23;4;85.2;24.9;15;3;83.3;23.1;0;2;1
2015;121;121;7;0;0;-4;4;0;0;0;0;0;0;13;1;0;12;61;50;61;1;3831;0;1923;90.5;0.0;3.8;19.7;39.5;43;78;35.5;-5.3;30;63;32.3;-7.3;0;0;0
2016;110;110;1;0;0;0;0;0;0;0;0;0;0;2;0;0;1;53;54;52;1;483;0;145;100.0;0.0;0.0;14.9;22.4;5;6;45.5;25.5;2;4;33.3;14.2;0;4;2
2017;110;110;4;1;1;0;4;0;0;0;1;0;0;1;2;0;7;51;48;51;2;1417;0;554;106.1;2.5;5.1;15.2;48.3;17;35;32.7;-7.6;10;27;27.0;-15.4;0;1;0
2018;118;118;3;0;1;1;0;0;0;0;0;0;0;0;0;0;0;59;58;59;1;1194;219;128;109.1;3.0;0.0;33.2;9.0;20;9;69.0;23.2;17;6;73.9;27.3;0;0;0
2020;119;119;6;3;2;2;2;0;0;0;1;0;0;6;3;4;2;62;62;59;19;3763;375;455;99.3;3.8;2.9;38.3;26.8;54;58;48.2;-3.3;48;43;52.7;-2.1;0;16;10
2022;104;104;1;0;0;-2;0;0;0;0;0;0;0;2;0;0;2;63;67;52;3;748;339;12;77.8;0.0;9.6;33.7;43.3;7;16;30.4;1.3;7;10;41.2;11.8;0;16;9
2024;121;121;4;0;0;0;2;0;0;0;0;0;0;0;0;0;1;53;52;53;1;1630;283;0;100.0;0.0;0.0;19.9;35.3;18;33;35.3;-2.3;12;23;34.3;-4.7;0;0;0
2025;107;107;2;1;1;2;0;0;0;0;0;0;0;0;1;0;1;56;59;49;2;1147;82;0;118.2;6.3;0.0;34.5;28.2;15;18;45.5;-15.3;15;12;55.6;-9.2;0;1;1
2026;120;120;7;0;1;1;2;0;0;0;0;0;0;2;1;1;4;54;49;55;3;4921;21;352;104.0;4.4;3.7;28.5;32.2;85;70;54.8;7.4;57;54;51.4;4.8;0;0;0
2028;108;108;7;0;0;-3;28;0;0;0;0;0;0;6;0;1;5;70;53;72;5;4946;39;441;91.9;0.7;2.9;29.8;27.7;78;68;53.4;19.1;61;50;55.0;21.2;0;1;1
2029;110;110;3;0;1;1;2;0;0;0;0;0;0;1;0;0;1;57;56;59;1;1918;611;145;133.3;1.9;0.0;5.6;15.0;12;27;30.8;-6.4;5;16;23.8;-16.5;0;0;0
2031;108;108;3;0;1;-2;12;0;0;0;0;0;0;1;0;0;1;50;53;43;0;1688;0;0;98.0;2.1;6.4;21.3;53.3;17;41;29.3;-12.4;13;33;28.3;-16.6;0;21;11
2032;118;118;7;0;1;-1;2;0;1;0;0;0;0;13;5;3;11;54;49;54;4;5307;229;1199;96.8;2.0;2.7;33.2;29.2;80;81;49.7;0.5;65;54;54.6;6.0;0;0;0
2033;107;107;2;0;0;-2;2;0;0;0;0;0;0;1;1;0;2;50;50;50;1;1068;8;136;83.3;0.0;6.7;37.1;40.4;20;20;50.0;-1.9;15;15;50.0;-4.5;0;0;0
2034;111;111;4;2;1;1;0;1;0;0;0;0;0;0;0;0;1;59;60;56;8;2351;769;97;100.5;6.1;3.1;44.4;23.0;54;23;70.1;11.7;42;19;68.9;12.2;1;30;12
2035;103;103;1;0;1;1;2;0;0;0;0;0;0;1;1;0;0;52;53;53;0;532;0;0;200.0;6.8;0.0;6.8;27.1;4;9;30.8;-8.5;3;4;42.9;-0.2;0;0;0
2036;111;111;5;0;0;-2;0;0;0;0;0;0;0;1;1;0;1;52;53;52;3;2109;208;545;88.7;3.4;6.8;39.3;34.1;41;33;55.4;2.1;30;28;51.7;-1.5;0;11;5
2037;112;112;4;0;0;0;8;0;0;0;0;0;0;1;1;0;1;50;52;53;1;2411;34;0;100.0;0.0;0.0;16.4;34.3;23;42;35.4;-13.5;15;30;33.3;-15.3;0;0;0
2038;108;108;6;0;1;-6;6;0;1;0;0;0;0;2;3;0;1;53;53;53;6;3654;467;293;81.8;0.0;5.9;21.7;32.5;41;56;42.3;1.9;30;44;40.5;0.4;0;2;1
2039;104;104;2;1;0;-2;0;1;0;0;0;0;0;1;2;0;0;53;53;54;4;1024;108;115;80.0;0.0;7.0;31.6;35.2;10;20;33.3;-3.2;10;13;43.5;8.1;0;0;0
2040;108;108;3;1;0;-3;0;1;0;0;0;0;0;3;1;0;1;56;57;54;3;1267;570;0;72.7;0.0;8.5;17.0;31.3;10;22;31.3;-1.6;8;17;32.0;-1.3;0;28;11
2041;110;110;4;0;0;-2;2;0;0;0;0;0;0;2;3;1;5;61;58;70;10;2857;1404;155;94.1;0.0;2.5;20.2;42.8;26;52;33.3;-5.6;20;43;31.7;-5.9;0;0;0
2042;104;104;1;0;2;1;0;0;0;0;0;0;0;3;0;0;1;69;68;66;2;1008;108;57;114.7;7.1;3.6;35.7;67.9;16;25;39.0;16.1;14;21;40.0;14.0;0;19;4
2043;120;120;5;2;0;2;0;0;0;0;0;0;0;3;1;1;1;62;61;60;12;3300;128;74;105.6;2.2;0.0;39.3;24.0;58;41;58.6;12.5;42;32;56.8;11.4;0;37;22
2044;115;115;6;2;1;-3;0;2;1;0;0;0;0;6;2;0;0;60;63;54;12;3831;757;76;89.3;0.0;2.8;27.3;26.3;67;54;55.4;-0.5;46;35;56.8;2.6;0;2;1
2045;120;120;7;3;1;-4;2;2;1;0;0;0;0;6;3;1;1;61;59;61;17;4252;1716;0;95.1;0.8;3.4;20.3;37.3;49;79;38.3;-14.2;35;66;34.7;-17.0;1;85;39
2046;109;109;1;0;0;0;0;0;0;0;0;0;0;0;0;0;1;54;53;52;0;373;0;0;100.0;0.0;0.0;9.7;77.2;4;12;25.0;-12.7;1;11;8.3;-25.0;0;0;0
2047;103;103;4;0;3;0;0;0;1;0;0;0;0;2;0;0;0;53;56;49;8;1904;113;72;93.3;3.8;3.8;43.5;24.6;40;27;59.7;2.4;31;23;57.4;0.8;0;0;0
2048;114;114;3;0;0;-1;0;0;0;0;0;0;0;4;0;0;2;54;51;57;1;2176;0;182;93.8;0.0;1.7;29.8;26.5;33;35;48.5;-9.9;26;22;54.2;-3.6;0;0;0
2050;116;116;5;2;0;5;2;0;0;0;0;0;0;0;1;1;1;58;58;57;8;3296;183;90;115.0;7.6;2.2;30.6;21.8;50;44;53.2;3.7;40;30;57.1;6.1;1;2;0
2052;111;111;1;0;0;0;0;0;0;0;0;0;0;1;1;0;1;57;55;59;1;536;0;108;100.0;0.0;0.0;40.3;26.9;7;9;43.8;-31.8;7;7;50.0;-21.8;0;6;4
2054;118;118;4;2;0;-3;4;2;0;0;0;0;0;2;1;2;4;62;60;62;10;3030;454;352;88.9;0.0;3.6;42.8;32.1;43;57;43.0;-5.5;40;41;49.4;-0.6;0;65;29
2055;116;116;4;0;1;1;4;0;0;0;0;0;0;4;2;2;0;58;55;64;3;2218;382;307;108.3;1.6;0.0;19.5;30.8;32;37;46.4;-3.2;20;27;42.6;-10.4;0;1;1
2056;110;110;5;0;1;0;14;0;1;0;0;0;0;2;2;1;2;55;54;53;3;2745;428;12;100.0;0.0;0.0;11.8;48.5;16;56;22.2;-19.8;12;45;21.1;-21.6;0;3;3
2057;110;110;3;0;0;-2;0;0;0;0;0;0;0;0;2;0;3;54;51;57;4;2339;636;63;100.6;1.5;3.1;23.1;50.8;24;61;28.2;-12.6;19;43;30.6;-12.4;0;42;18
2058;104;104;2;0;0;-1;0;0;0;0;0;0;0;1;0;2;2;56;53;60;4;1589;351;196;95.7;0.0;2.3;29.5;52.1;20;34;37.0;1.6;19;27;41.3;6.9;0;0;0
2059;109;109;7;1;2;3;0;0;0;0;0;0;0;7;3;6;9;60;53;64;10;4808;1334;447;105.8;3.7;1.5;28.5;20.2;80;50;61.5;1.2;58;31;65.2;7.1;0;0;0
2060;121;121;7;0;0;-3;13;0;0;0;0;0;0;9;3;5;15;55;48;61;4;5469;377;829;102.4;2.0;3.9;18.4;47.4;51;131;28.0;-17.0;37;108;25.5;-18.8;0;0;0
2061;122;122;2;1;1;0;4;1;1;0;0;0;0;1;0;0;1;61;63;57;2;879;449;0;100.0;0.0;0.0;41.0;8.2;20;6;76.9;19.5;13;3;81.3;30.5;0;18;10
2064;103;103;1;0;0;-1;0;0;0;0;0;0;0;0;0;1;1;46;49;45;0;412;0;0;0.0;0.0;8.7;0.0;43.7;1;8;11.1;-29.8;0;5;0.0;-46.7;0;0;0
2065;104;104;1;0;1;1;0;0;0;0;0;0;0;1;1;0;0;55;54;51;1;879;157;127;133.3;4.1;0.0;12.3;49.1;8;17;32.0;6.6;5;15;25.0;2.2;0;4;0
2066;113;113;4;1;0;0;2;0;0;0;0;0;0;3;0;0;0;52;53;50;3;1447;128;0;101.0;2.5;2.5;32.3;37.3;18;22;45.0;0.8;16;19;45.7;2.1;0;9;5
2067;103;103;2;0;0;0;0;0;0;0;0;0;0;1;0;0;1;60;58;57;2;1497;217;0;99.0;2.4;2.4;36.1;31.3;26;27;49.1;4.1;19;20;48.7;1.3;0;19;6
2068;114;114;6;1;1;-3;0;0;0;0;0;0;0;7;4;0;11;63;53;76;8;5287;255;522;95.5;2.7;4.8;27.9;33.4;69;95;42.1;-6.2;56;69;44.8;-3.4;0;0;0
2069;114;114;5;0;1;-2;2;0;1;0;0;0;0;1;2;2;1;55;56;52;10;3413;603;96;93.0;3.2;5.3;39.0;34.8;63;57;52.5;8.2;45;47;48.9;2.9;0;4;2
2070;114;114;4;0;1;0;0;0;0;0;0;0;0;2;1;0;1;54;57;51;4;2432;432;0;104.6;3.0;3.0;22.2;34.0;26;42;38.2;-13.2;19;34;35.8;-18.5;0;2;0
2071;116;116;1;0;0;-1;0;0;0;0;0;0;0;0;0;1;0;54;54;51;0;508;0;0;83.3;0.0;7.1;7.1;42.5;1;14;6.7;-48.5;1;10;9.1;-42.0;0;2;0
2072;117;117;7;0;1;-3;2;0;0;0;1;0;0;7;6;1;2;52;53;50;6;4134;0;1755;87.9;0.9;4.4;28.7;28.7;62;62;50.0;7.5;46;42;52.3;7.7;0;55;33
2073;117;117;6;0;0;-2;4;0;0;0;0;0;0;3;1;2;2;51;53;48;5;3573;72;50;99.1;2.0;4.0;22.2;40.3;39;67;36.8;-9.2;31;53;36.9;-11.8;0;17;5
2074;118;118;4;1;1;-1;0;0;1;0;0;0;0;1;0;1;5;65;64;63;5;3019;569;303;97.0;1.2;2.4;23.8;29.8;38;45;45.8;4.5;28;37;43.1;0.0;0;11;8
2075;113;113;6;2;2;-2;6;0;1;0;0;0;0;4;1;1;1;57;59;52;8;4510;333;217;100.5;2.4;4.0;17.6;30.3;51;74;40.8;-9.7;33;55;37.5;-12.8;0;8;3
2076;109;109;4;1;1;1;0;0;0;0;0;0;0;5;0;0;0;65;65;57;7;2484;471;23;100.9;2.9;1.4;36.2;20.3;53;27;66.3;11.1;38;19;66.7;13.9;1;46;17
2077;118;118;6;3;1;-1;0;0;0;0;0;0;0;4;1;1;2;58;61;50;8;3932;195;278;99.7;3.7;4.6;24.7;30.2;56;61;47.9;-0.0;42;47;47.2;-1.7;0;3;2
2079;111;111;4;1;1;-3;0;1;0;0;0;0;0;1;0;1;3;60;63;54;10;1455;1006;0;89.5;4.9;9.9;42.1;44.5;24;29;45.3;-15.9;21;24;46.7;-13.5;0;3;1
2080;112;112;6;0;0;0;2;0;0;0;0;0;0;4;1;1;5;55;54;55;3;4559;154;531;101.3;1.6;1.6;28.4;37.1;62;78;44.3;2.7;44;60;42.3;0.3;0;0;0
2082;110;110;2;0;0;-1;0;0;0;0;0;0;0;1;0;0;0;49;49;49;0;564;0;127;83.3;0.0;6.4;25.5;38.3;6;13;31.6;-5.0;5;10;33.3;-8.1;0;0;0
2083;105;105;1;1;0;0;0;0;0;0;0;0;0;2;0;0;1;50;66;39;1;773;0;85;126.7;9.3;9.3;23.3;69.9;13;21;38.2;14.6;11;16;40.7;20.3;0;0;0
2084;105;105;1;0;0;-1;0;0;0;0;0;0;0;0;0;0;0;49;50;46;1;372;37;0;0.0;0.0;9.7;0.0;96.8;1;13;7.1;-26.2;1;11;8.3;-23.9;0;0;0
2085;118;118;1;0;0;-2;0;0;0;0;0;0;0;0;0;0;1;54;55;45;1;451;48;0;60.0;0.0;16.0;8.0;39.9;3;13;18.8;-51.4;2;6;25.0;-45.5;0;0;0
2086;122;122;5;0;0;-1;0;0;0;0;0;0;0;1;1;0;4;59;50;60;2;2252;20;348;94.1;1.6;3.2;27.2;27.2;36;31;53.7;0.8;25;21;54.3;4.3;0;0;0
2087;114;114;1;0;1;0;2;0;0;0;0;0;0;1;1;0;1;53;52;54;0;581;101;70;100.0;0.0;0.0;6.2;37.2;3;11;21.4;-24.3;2;7;22.2;-17.3;0;1;0
2088;117;117;7;0;3;-3;4;0;1;0;0;0;0;3;5;2;2;60;62;61;14;4691;1711;49;97.5;2.3;3.8;23.8;31.5;57;81;41.3;-3.8;49;59;45.4;-1.0;0;25;11
2090;105;105;1;0;1;2;0;0;0;0;0;0;0;1;0;1;2;66;61;73;1;766;0;206;133.3;9.4;0.0;28.2;37.6;13;12;52.0;31.7;9;12;42.9;20.9;0;0;0
2091;103;103;6;0;3;2;4;0;0;0;0;0;0;5;3;1;4;59;51;64;8;3819;990;24;105.4;3.8;1.9;34.9;34.9;62;62;50.0;-8.3;49;51;49.0;-9.6;0;0;0
2093;104;104;3;1;0;1;4;0;0;1;0;0;0;3;0;0;3;65;57;78;10;2015;701;60;101.2;1.8;1.8;32.2;41.1;37;33;52.9;-2.8;29;28;50.9;-5.8;0;0;0
2095;109;109;1;0;0;-2;2;0;0;0;0;0;0;0;1;0;1;42;46;38;0;431;60;0;0.0;0.0;16.7;0.0;75.2;1;16;5.9;-36.2;0;13;0.0;-35.6;0;0;0
2096;112;112;2;0;0;1;0;0;0;0;0;0;0;0;0;0;4;67;48;70;1;951;0;507;116.7;3.8;0.0;22.7;22.7;9;16;36.0;-10.0;6;9;40.0;-9.0;0;0;0
2097;115;115;1;0;1;0;2;0;0;0;0;0;0;4;0;0;0;70;68;63;3;867;164;0;92.4;4.2;4.2;45.7;24.9;22;13;62.9;9.1;17;10;63.0;7.0;0;20;8
2098;108;108;7;1;2;0;14;1;1;0;0;0;0;4;0;1;6;64;64;62;15;5854;1419;395;103.7;1.8;1.8;23.4;43.7;60;119;33.5;-7.6;49;85;36.6;-3.4;0;8;2
2099;109;109;1;0;0;-1;2;0;0;0;0;0;0;0;0;1;0;46;52;43;0;446;0;0;127.8;8.1;16.1;16.1;72.6;3;16;15.8;-24.8;2;13;13.3;-20.0;0;0;0
2100;105;105;4;0;1;1;4;0;0;0;0;0;0;0;2;0;0;53;53;50;4;1816;0;122;105.0;2.0;0.0;39.6;25.8;32;26;55.2;3.2;27;18;60.0;9.8;0;1;0
2101;104;104;6;0;0;-2;4;0;0;0;0;0;0;7;0;2;9;67;52;68;7;4435;234;594;95.9;0.8;2.4;25.2;33.3;57;69;45.2;-5.6;42;53;44.2;-5.6;0;2;2
2102;107;107;1;0;0;-1;0;0;0;0;0;0;0;0;0;0;0;48;50;43;2;396;0;0;66.7;0.0;9.1;45.5;27.3;8;6;57.1;-8.7;6;4;60.0;-12.6;0;0;0
2103;107;107;3;0;0;-1;0;0;0;0;0;0;0;3;0;1;0;53;50;54;1;1110;0;506;93.7;3.2;6.5;35.7;42.2;14;18;43.8;-10.1;13;16;44.8;-4.9;0;4;1
2104;104;104;3;0;0;-2;2;0;0;0;0;0;0;0;1;2;1;53;52;55;0;1896;205;107;92.0;0.0;3.8;24.7;47.5;22;38;36.7;-2.8;16;31;34.0;-6.0;0;4;1
2105;102;102;2;0;0;-2;0;0;0;0;0;0;0;2;1;1;0;66;59;77;2;1191;1053;122;77.8;0.0;6.0;9.1;27.2;11;16;40.7;-2.7;7;13;35.0;-12.2;0;1;0
2106;112;112;1;0;0;0;0;0;0;0;0;0;0;1;0;1;1;66;65;67;0;510;97;320;100.0;0.0;0.0;35.3;14.1;6;3;66.7;18.5;5;3;62.5;8.4;0;7;5
2107;111;111;6;0;0;2;0;0;0;0;0;0;0;3;1;0;1;58;51;67;5;3677;62;0;106.5;2.0;0.0;30.4;17.6;56;37;60.2;4.7;38;26;59.4;4.6;0;0;0
2108;107;107;1;0;0;0;0;0;0;0;0;0;0;0;1;0;0;55;49;67;1;452;0;49;20.0;8.0;8.0;39.8;8.0;7;4;63.6;-1.0;5;3;62.5;-9.4;0;0;0
2109;122;122;3;0;0;-1;0;0;0;0;0;0;0;4;0;0;1;56;56;48;4;1900;31;341;95.0;0.0;1.9;28.4;37.9;32;33;49.2;-5.1;17;26;39.5;-12.8;0;23;12
2110;110;110;1;0;0;-3;0;0;0;0;0;0;0;0;0;0;0;51;54;43;1;785;290;0;81.8;0.0;9.2;13.8;50.4;6;23;20.7;-4.8;5;17;22.7;3.4;0;2;1
2111;114;114;2;0;0;0;2;0;0;0;0;0;0;1;0;0;1;52;52;53;0;966;63;185;100.0;0.0;0.0;7.5;55.9;7;30;18.9;-20.6;4;21;16.0;-22.9;0;6;3
2112;114;114;3;0;1;-2;0;0;0;0;0;0;0;1;0;0;1;52;55;45;3;1358;59;0;78.6;2.7;8.0;45.1;29.2;31;22;58.5;4.0;24;16;60.0;4.3;0;1;0
2113;103;103;1;1;0;1;0;0;0;0;0;0;0;1;1;0;3;57;55;53;1;420;0;115;200.0;8.6;0.0;8.6;25.7;4;7;36.4;-2.0;3;3;50.0;7.6;0;0;0
2115;117;117;7;1;1;-5;4;0;0;0;0;0;0;3;3;4;2;56;57;52;14;5934;960;115;94.7;1.8;4.2;30.3;37.6;74;101;42.3;-2.8;62;80;43.7;-3.7;0;4;3
2116;112;112;3;0;1;2;2;0;0;0;0;0;0;4;1;0;7;64;52;66;1;1440;0;911;112.5;2.5;0.0;20.0;27.5;13;21;38.2;-8.8;10;13;43.5;-4.6;0;0;0
2117;102;102;6;1;2;-3;2;0;0;0;1;0;0;2;2;1;5;55;54;53;3;3868;57;471;91.4;2.8;6.5;23.3;31.6;47;73;39.2;-10.0;35;50;41.2;-8.2;0;0;0
2118;112;112;1;0;0;0;2;0;0;0;0;0;0;1;0;0;0;57;58;58;1;781;0;43;100.0;0.0;0.0;18.4;18.4;8;12;40.0;-15.8;6;9;40.0;-23.3;0;0;0
2119;108;108;7;1;0;1;0;0;0;0;0;0;0;5;1;0;2;52;48;53;2;3807;0;948;109.6;1.9;1.9;13.2;40.7;40;82;32.8;-7.7;31;63;33.0;-7.5;0;0;0
2120;117;117;7;1;1;-1;4;0;0;0;0;0;0;3;3;2;0;51;51;51;6;3070;265;155;99.8;2.3;3.5;24.6;36.4;31;60;34.1;-12.1;27;42;39.1;-8.4;0;63;29
2121;118;118;2;0;0;1;0;0;0;0;0;0;0;2;1;2;0;56;54;59;3;1365;35;242;108.9;5.3;2.6;26.4;23.7;19;17;52.8;-13.0;15;11;57.7;-5.4;0;0;0
2123;106;106;2;0;0;2;2;0;0;0;0;0;0;3;0;0;0;49;51;48;2;1048;0;69;111.8;6.9;0.0;58.4;17.2;19;10;65.5;1.6;17;8;68.0;2.8;0;0;0
2124;110;110;3;0;0;-4;2;0;0;0;0;0;0;3;1;0;2;52;52;50;3;1106;618;241;84.2;0.0;9.8;16.3;61.8;12;32;27.3;-15.0;7;24;22.6;-15.6;0;0;0
2125;106;106;1;0;0;0;0;0;0;0;0;0;0;1;0;0;0;57;54;55;2;422;82;0;100.0;0.0;0.0;42.7;34.1;6;7;46.2;-28.8;6;6;50.0;-26.3;0;5;3
2126;105;105;1;0;0;-2;0;0;0;0;0;0;0;1;0;0;0;56;55;56;1;414;577;51;83.3;0.0;17.4;8.7;104.3;1;17;5.6;-29.7;1;15;6.3;-28.3;0;19;10
2129;103;103;3;1;2;-1;2;1;1;0;0;0;0;7;1;1;1;60;62;53;7;1947;104;262;92.5;1.8;3.7;37.0;29.6;36;34;51.4;-2.3;27;24;52.9;-3.2;0;12;6
2131;104;104;4;1;1;0;2;0;0;0;1;0;0;2;2;1;2;60;60;58;8;3072;421;132;101.7;2.3;3.5;23.4;42.2;38;62;38.0;-3.2;29;47;38.2;-2.4;0;5;2
2132;117;117;6;1;0;-2;2;0;0;0;0;0;0;5;6;6;22;66;46;68;7;4276;36;1272;97.8;1.7;3.4;25.3;37.9;45;76;37.2;-9.1;37;57;39.4;-8.9;0;0;0
2135;112;112;2;1;0;-1;5;1;0;0;0;0;0;0;0;0;0;58;63;51;7;1179;385;98;88.9;0.0;3.1;21.4;27.5;14;22;38.9;-7.2;11;13;45.8;-2.6;0;6;1
2136;110;110;1;0;0;-1;0;0;0;0;0;0;0;0;0;2;2;65;50;67;0;722;0;156;87.5;0.0;5.0;15.0;39.9;7;14;33.3;13.3;4;11;26.7;8.2;0;0;0
2137;110;110;1;0;0;-2;0;0;0;0;0;0;0;1;0;0;0;51;52;45;1;535;35;0;71.4;0.0;13.5;13.5;47.1;5;13;27.8;5.4;4;10;28.6;10.6;0;0;0
2138;118;118;3;0;0;0;0;0;0;0;0;0;0;0;2;1;1;55;52;58;1;1698;94;62;103.8;2.1;2.1;21.2;33.9;21;29;42.0;-9.4;15;23;39.5;-10.9;0;3;1
2139;109;109;3;0;0;0;2;0;0;0;0;0;0;0;1;0;2;55;58;49;7;2243;40;145;100.8;3.2;3.2;33.7;36.9;36;34;51.4;-7.7;29;27;51.8;-4.6;0;0;0
2140;113;113;6;1;1;-3;2;1;1;0;0;0;0;4;3;3;2;62;61;60;12;4534;1363;34;89.8;0.8;3.2;25.4;23.8;72;53;57.6;6.6;48;40;54.5;3.2;0;103;44
2141;109;109;4;1;3;3;0;0;0;0;0;0;0;4;1;0;2;70;70;64;9;3052;920;290;111.8;4.7;0.0;40.1;17.7;62;33;65.3;-2.1;44;22;66.7;-1.6;1;6;3
2143;110;110;5;1;2;2;9;0;2;0;0;0;0;7;3;4;3;57;57;60;8;4006;950;286;112.1;2.7;0.9;17.1;24.3;40;64;38.5;-1.2;27;41;39.7;4.3;1;0;0
2146;103;103;1;0;0;0;0;0;0;0;0;0;0;0;0;0;0;51;51;51;0;433;0;0;100.0;0.0;0.0;24.9;49.9;6;10;37.5;-14.6;5;7;41.7;-11.0;0;0;0
2147;105;105;2;1;1;-1;2;1;0;0;0;0;0;1;0;0;1;61;62;55;2;1103;666;0;91.7;0.0;3.3;32.6;39.2;21;17;55.3;11.9;16;14;53.3;7.9;0;0;0
2148;104;104;1;0;0;0;2;0;0;0;0;0;0;1;0;0;1;56;55;63;0;784;85;84;100.0;0.0;0.0;9.2;55.1;7;18;28.0;1.2;4;16;20.0;-4.6;0;12;5
2149;116;116;3;0;0;-2;0;0;0;0;0;0;0;1;0;0;1;54;53;57;5;1378;519;0;84.6;0.0;5.2;36.6;34.0;23;18;56.1;13.7;17;14;54.8;11.5;0;30;12
2150;110;110;1;0;0;0;0;0;0;0;0;0;0;1;1;0;0;49;46;52;0;285;0;96;100.0;0.0;0.0;25.3;63.2;3;7;30.0;-1.5;3;6;33.3;-1.2;0;7;3
2151;112;112;1;0;0;0;0;0;0;0;0;0;0;2;0;0;0;53;50;53;1;284;0;154;0.0;0.0;0.0;25.4;0.0;4;1;80.0;31.7;3;1;75.0;21.3;0;0;0
2152;112;112;4;1;2;1;0;1;1;0;0;0;0;1;2;0;5;59;62;52;8;3003;92;256;104.0;1.2;0.0;30.0;37.2;45;62;42.1;-0.4;36;46;43.9;0.1;0;38;22
2153;112;112;1;1;0;1;0;0;0;0;0;0;0;0;0;0;0;59;62;51;1;472;0;283;150.0;7.6;0.0;15.3;15.3;4;6;40.0;-12.8;2;3;40.0;-17.5;0;11;6
2155;114;114;5;0;1;2;0;0;0;0;0;0;0;0;1;2;3;56;57;54;7;3247;1015;135;113.1;3.3;1.1;20.0;31.0;38;68;35.8;-5.8;25;43;36.8;-4.0;0;7;1
2156;104;104;1;0;0;0;0;0;0;0;0;0;0;0;0;0;0;53;53;54;1;424;0;0;100.0;0.0;0.0;17.0;17.0;7;3;70.0;-18.2;5;2;71.4;-23.1;0;0;0
2157;104;104;1;0;0;0;0;0;0;0;0;0;0;3;0;0;0;58;57;59;1;835;0;201;100.0;0.0;0.0;25.9;30.2;10;18;35.7;12.2;7;15;31.8;11.8;0;8;1
2158;106;106;1;0;0;3;2;0;0;0;0;0;0;0;0;1;0;46;52;46;2;595;0;278;105.0;24.2;6.1;96.8;30.3;26;7;78.8;12.7;21;6;77.8;9.6;0;0;0
2160;103;103;2;0;1;-2;2;0;1;0;0;0;0;2;0;0;1;57;56;55;2;1146;304;0;83.3;0.0;6.3;9.4;37.7;14;20;41.2;-8.5;7;15;31.8;-23.9;0;23;12
2162;102;102;2;0;1;0;0;0;0;0;0;0;0;0;0;0;1;53;55;48;1;878;75;50;113.9;4.1;4.1;16.4;36.9;6;16;27.3;-14.7;4;14;22.2;-20.5;0;1;0
2163;112;112;2;0;0;0;0;0;0;0;0;0;0;0;0;1;1;54;54;56;2;1370;58;0;100.0;0.0;0.0;18.4;28.9;14;29;32.6;-15.9;10;18;35.7;-16.0;0;0;0
2165;112;112;2;0;0;0;0;0;0;0;0;0;0;1;0;0;0;59;56;68;1;1025;90;141;100.0;0.0;0.0;42.1;21.1;16;16;50.0;5.6;14;11;56.0;12.6;0;15;7
2166;112;112;1;0;0;1;0;0;0;0;0;0;0;0;0;0;0;55;54;55;1;441;142;0;150.0;8.2;0.0;16.3;24.5;3;8;27.3;-28.5;2;4;33.3;-25.6;0;2;1
2167;112;112;1;0;0;0;0;0;0;0;0;0;0;0;0;0;0;53;53;50;2;493;58;0;100.0;0.0;0.0;29.2;7.3;6;3;66.7;18.5;5;2;71.4;18.8;0;0;0
2169;114;114;1;0;0;0;0;0;0;0;0;0;0;0;0;0;0;54;48;55;0;338;0;140;100.0;0.0;0.0;10.7;42.6;11;5;68.8;35.4;5;5;50.0;16.7;0;0;0
2170;104;104;4;1;2;-1;0;0;1;0;0;0;0;2;1;1;1;59;60;56;7;2780;374;94;99.5;2.6;5.2;25.9;49.2;35;57;38.0;-3.0;26;48;35.1;-6.8;0;5;5
2171;103;103;5;0;0;3;0;0;0;0;0;0;0;3;0;0;2;61;51;63;6;2926;0;488;106.1;7.4;3.7;46.8;38.1;65;47;58.0;4.8;44;37;54.3;0.5;0;0;0
2172;115;115;3;0;0;-2;0;0;0;0;0;0;0;0;0;0;0;52;52;52;1;1371;102;21;85.7;0.0;5.3;28.9;36.8;21;23;47.7;-13.1;13;19;40.6;-20.3;0;3;0
2174;109;109;1;0;0;1;0;0;0;0;0;0;0;0;0;0;0;57;57;54;0;248;184;0;114.3;14.5;0.0;101.6;29.0;9;2;81.8;11.7;8;2;80.0;13.3;0;3;1
2175;103;103;2;0;1;1;2;0;0;0;0;0;0;1;0;1;0;56;58;54;1;898;167;42;127.5;8.0;4.0;20.0;32.1;15;14;51.7;-4.4;10;11;47.6;-6.7;0;2;0
2176;110;110;2;0;0;-3;0;0;0;0;0;0;0;0;0;0;1;52;51;47;0;884;0;54;66.7;0.0;12.2;8.1;36.7;5;20;20.0;-26.2;3;14;17.6;-29.7;0;0;0
2177;113;113;6;2;2;2;2;0;0;0;0;0;0;8;0;1;4;64;64;61;14;4218;1096;244;104.9;4.3;2.6;31.6;29.9;68;68;50.0;9.9;49;51;49.0;11.5;0;1;1
2178;111;111;1;0;0;0;0;0;0;0;0;0;0;0;0;0;0;51;53;48;1;329;0;122;100.0;0.0;0.0;32.8;76.6;5;7;41.7;-32.8;4;7;36.4;-36.6;0;3;1
2180;102;102;1;0;0;-1;0;0;0;0;0;0;0;1;1;0;1;51;49;56;1;402;83;130;85.7;0.0;9.0;26.9;62.7;4;10;28.6;-14.3;4;8;33.3;-13.7;0;0;0
2181;103;103;3;0;2;0;0;0;1;0;0;0;0;1;1;1;1;58;59;53;2;1742;172;154;100.0;2.1;2.1;31.0;31.0;30;30;50.0;0.0;21;22;48.8;-4.1;0;3;2
2182;114;114;1;0;0;-1;2;0;0;0;0;0;0;2;0;0;0;56;57;49;3;575;446;154;83.3;0.0;6.3;6.3;37.6;2;11;15.4;-31.3;1;7;12.5;-28.4;0;0;0
2184;114;114;3;0;1;-1;0;0;0;0;0;0;0;5;0;2;4;59;59;62;3;1782;372;124;98.6;2.0;4.0;22.2;38.4;17;33;34.0;-8.0;12;26;31.6;-9.7;0;2;1
2185;114;114;1;0;0;0;14;0;0;0;0;0;0;1;0;0;0;50;52;51;0;387;0;35;0.0;0.0;0.0;0.0;18.6;2;8;20.0;-24.4;1;4;20.0;-18.3;0;5;3
2186;116;116;1;0;0;-1;2;0;0;0;0;0;0;0;0;0;0;52;53;53;1;508;0;0;83.3;0.0;7.1;7.1;42.5;1;14;6.7;-48.5;1;10;9.1;-42.0;0;7;2
2187;103;103;1;0;0;-1;0;0;0;0;0;0;0;0;0;0;0;49;50;45;0;783;0;0;0.0;0.0;4.6;0.0;27.6;5;13;27.8;-12.7;2;7;22.2;-24.2;0;0;0
2191;119;119;3;0;0;-1;0;0;0;0;0;0;0;3;0;0;5;56;50;56;2;1182;0;363;88.9;0.0;3.0;30.5;27.4;16;17;48.5;-6.3;13;11;54.2;-0.9;0;0;0
2192;120;120;7;0;0;-1;0;0;0;0;0;0;0;0;0;0;0;50;50;49;0;2557;0;31;99.0;2.8;4.2;16.9;23.9;24;33;42.1;-8.1;17;26;39.5;-9.1;0;0;0
2193;122;122;1;0;1;0;0;0;1;0;0;0;0;2;0;1;0;67;61;81;0;279;479;0;0.0;0.0;0.0;12.9;0.0;4;2;66.7;19.3;2;1;66.7;23.8;0;14;4
2195;118;118;2;0;0;-1;0;0;0;0;0;0;0;0;0;1;0;53;54;50;2;1045;0;0;80.0;0.0;3.4;10.3;17.2;15;11;57.7;2.1;11;10;52.4;-6.2;0;0;0
2197;106;106;4;1;1;0;0;0;1;0;0;0;0;0;1;0;0;53;58;48;5;1800;232;0;82.0;6.0;6.0;50.0;20.0;40;19;67.8;8.9;29;13;69.0;9.0;0;0;0
2198;123;123;6;0;5;5;2;0;0;0;0;0;0;27;1;2;0;59;60;54;6;4254;0;166;116.7;4.2;0.0;25.4;17.8;67;46;59.3;1.5;48;31;60.8;4.1;0;0;0
2199;105;105;1;0;0;-1;0;0;0;0;0;0;0;0;1;0;0;49;48;50;0;491;0;95;90.9;0.0;7.3;7.3;80.7;1;18;5.3;-30.5;1;15;6.3;-28.3;0;3;1
2200;115;115;2;0;0;0;0;0;0;0;0;0;0;0;1;0;0;54;54;52;0;1389;119;0;101.0;5.2;5.2;36.3;38.9;17;26;39.5;-16.0;15;22;40.5;-14.7;0;0;0
2202;106;106;1;1;3;1;2;1;0;0;0;0;0;0;0;0;0;78;93;41;2;757;80;0;80.0;14.3;9.5;71.3;23.8;27;7;79.4;14.0;20;6;76.9;8.0;0;4;3
2203;105;105;3;0;0;-2;0;0;0;0;0;0;0;4;0;0;2;52;50;53;4;1304;0;131;88.2;0.0;5.5;33.1;46.9;16;27;37.2;-3.7;13;21;38.2;-2.3;0;0;0
2205;104;104;1;0;0;-2;2;0;0;0;0;0;0;1;0;0;1;51;54;44;0;760;72;0;88.2;0.0;9.5;4.7;80.5;4;26;13.3;-20.0;2;21;8.7;-20.9;0;0;0
2206;113;113;2;0;0;0;0;0;0;0;0;0;0;1;2;0;0;52;52;48;2;1123;105;0;94.4;3.2;3.2;28.9;19.2;12;14;46.2;-7.2;10;10;50.0;0.5;0;0;0
2207;105;105;1;0;0;-1;0;0;0;0;0;0;0;0;0;0;2;53;50;56;0;311;95;148;0.0;0.0;11.6;0.0;57.9;0;8;0.0;-32.1;0;6;0.0;-30.8;0;2;0
2208;122;122;2;0;0;-1;2;0;0;0;0;0;0;5;0;2;0;62;64;55;4;1563;87;180;87.5;0.0;2.3;27.6;18.4;28;17;62.2;9.1;15;11;57.7;7.1;0;5;1
2210;103;103;3;2;3;2;0;1;1;0;0;0;0;0;2;0;2;58;62;49;9;2216;174;0;107.5;4.9;1.6;39.0;32.5;39;43;47.6;-8.6;30;25;54.5;-3.5;1;0;0
2211;111;111;1;0;0;0;2;0;0;0;0;0;0;0;1;0;0;48;47;51;2;423;19;0;100.0;0.0;0.0;25.5;42.6;9;9;50.0;-25.0;6;8;42.9;-30.4;0;0;0
2213;117;117;7;1;0;-3;16;0;0;0;0;0;0;1;2;1;1;53;55;50;8;4279;1000;0;93.6;1.7;4.2;20.2;28.6;48;67;41.7;-3.1;37;50;42.5;-4.5;0;0;0
2214;117;117;4;0;1;0;2;0;0;0;0;0;0;3;0;2;2;58;59;56;6;1817;793;46;103.2;2.0;2.0;21.8;33.7;16;32;33.3;-11.3;14;21;40.0;-3.7;0;6;3
2215;103;103;1;0;0;-1;0;0;0;0;0;0;0;0;0;0;1;51;55;43;1;718;0;67;0.0;0.0;5.0;0.0;30.1;5;11;31.3;-8.3;2;7;22.2;-24.2;0;3;1
2216;119;119;1;1;0;-2;0;1;0;0;0;0;0;1;0;0;0;60;61;52;5;321;408;0;0.0;0.0;0.0;33.6;0.0;6;4;60.0;0.0;5;2;71.4;17.6;0;13;4
2217;107;107;1;0;0;0;0;0;0;0;0;0;0;0;1;0;0;50;48;54;0;455;0;0;20.0;7.9;7.9;39.6;7.9;7;4;63.6;-1.0;5;3;62.5;-9.4;0;0;0
2218;115;115;1;0;0;0;0;0;0;0;0;0;0;1;0;0;3;54;54;54;1;371;0;98;100.0;0.0;0.0;58.2;38.8;6;13;31.6;-31.1;6;6;50.0;-10.0;0;4;2
2219;119;119;3;0;0;0;4;0;0;0;0;0;0;0;1;0;0;49;48;49;0;1389;48;285;96.6;2.6;2.6;33.7;23.3;18;19;48.6;-11.5;14;12;53.8;-7.4;0;4;1
2220;111;111;1;0;0;0;0;0;0;0;0;0;0;0;0;0;0;54;50;54;0;351;0;162;100.0;0.0;0.0;30.8;51.3;7;8;46.7;-28.0;6;7;46.2;-26.1;0;0;0
2224;111;111;1;0;1;-1;0;0;1;0;0;0;0;0;0;1;0;55;54;58;1;309;150;28;100.0;0.0;0.0;35.0;69.9;5;6;45.5;-28.2;4;6;40.0;-32.0;0;9;3
2225;104;104;1;0;0;-1;0;0;0;0;0;0;0;0;2;0;0;41;41;41;0;482;0;0;0.0;0.0;7.5;0.0;44.8;4;9;30.8;4.3;4;8;33.3;11.8;0;0;0
2228;103;103;1;0;0;1;0;0;0;0;0;0;0;2;1;0;0;53;45;53;0;379;0;200;200.0;9.5;0.0;9.5;28.5;3;6;33.3;-5.3;2;3;40.0;-3.3;0;6;4
2229;103;103;2;2;0;1;2;0;0;0;0;0;0;3;0;0;0;50;59;46;3;772;2;38;108.6;9.3;4.7;32.6;23.3;17;13;56.7;-3.8;13;11;54.2;-6.8;0;12;5
2230;118;118;1;0;0;-1;0;0;0;0;0;0;0;1;0;3;0;64;63;65;5;876;332;130;83.3;0.0;4.1;45.2;24.7;16;10;61.5;4.1;13;9;59.1;-7.6;0;1;0
2231;121;121;5;0;0;-2;14;0;0;0;0;0;0;2;2;0;2;54;53;55;3;2599;532;31;90.9;0.0;2.8;23.5;30.5;27;42;39.1;-0.8;22;29;43.1;5.8;0;0;0
2233;104;104;1;0;0;1;0;0;0;0;0;0;0;0;0;0;0;50;51;49;0;312;0;0;125.0;11.5;0.0;46.2;23.1;7;2;77.8;53.0;6;2;75.0;47.7;0;0;0
2234;119;119;2;0;1;0;0;0;0;0;0;0;0;0;0;0;1;55;55;49;1;764;0;334;102.4;4.7;4.7;28.3;33.0;10;12;45.5;-17.5;8;9;47.1;-18.7;0;14;7
2235;110;110;2;0;0;1;0;0;0;0;0;0;0;2;0;0;2;53;52;56;0;1090;57;121;133.3;3.3;0.0;9.9;33.0;9;21;30.0;-14.8;6;14;30.0;-15.6;0;1;0
2237;107;107;1;0;0;-1;0;0;0;0;0;0;0;2;0;0;0;52;53;48;0;412;0;40;66.7;0.0;8.7;35.0;26.2;6;6;50.0;-16.7;4;4;50.0;-23.4;0;2;2
2238;107;107;4;0;0;-1;0;0;0;0;0;0;0;6;3;0;2;55;46;56;4;1307;0;992;101.3;2.8;5.5;16.5;35.8;14;23;37.8;-20.7;8;18;30.8;-29.1;0;0;0
2239;108;108;3;0;0;-1;2;0;0;0;0;0;0;1;2;0;4;58;47;60;2;1998;0;226;91.3;0.0;3.6;18.0;41.4;23;41;35.9;-7.2;14;31;31.1;-10.8;0;0;0
2240;108;108;5;0;1;-2;0;0;0;0;0;0;0;2;1;0;0;54;52;55;5;2545;401;86;93.4;1.4;2.8;31.1;25.5;39;32;54.9;17.2;31;23;57.4;20.8;0;26;13
2241;109;109;3;0;1;2;2;0;0;0;0;0;0;2;0;2;1;60;53;62;1;2017;0;164;113.3;3.6;0.0;26.8;30.3;24;30;44.4;-27.7;19;20;48.7;-22.8;0;0;0
2242;105;105;1;0;0;0;0;0;0;0;0;0;0;0;0;0;0;57;52;67;0;310;95;94;0.0;0.0;0.0;0.0;34.8;0;5;0.0;-31.0;0;4;0.0;-29.9;0;0;0
2243;102;102;2;0;0;0;0;0;0;0;0;0;0;0;0;0;1;50;50;50;0;659;36;27;100.0;0.0;0.0;16.4;43.7;4;18;18.2;-21.5;3;11;21.4;-22.9;0;2;1
2244;104;104;1;0;0;-2;0;0;0;0;0;0;0;1;1;0;0;50;50;48;3;260;339;0;50.0;0.0;27.7;13.8;55.4;1;6;14.3;-16.2;1;6;14.3;-19.0;0;0;0
2245;115;115;1;0;0;-1;0;0;0;0;0;0;0;1;0;1;0;69;51;70;1;762;0;91;66.7;0.0;4.7;23.6;14.2;10;11;47.6;-11.6;6;7;46.2;-14.8;0;0;0
2246;120;120;3;0;0;1;0;0;0;0;0;0;0;0;1;0;0;53;51;57;2;1138;245;0;107.1;3.2;0.0;44.3;15.8;21;11;65.6;14.0;18;8;69.2;21.0;0;2;1
2247;106;106;2;0;0;-1;0;0;0;0;0;0;0;0;0;0;0;49;51;48;3;863;0;243;0.0;0.0;4.2;58.4;4.2;18;3;85.7;23.4;16;1;94.1;29.1;0;0;0
2248;106;106;2;0;0;-1;0;0;0;0;0;0;0;0;0;1;0;52;51;53;4;738;0;69;50.0;0.0;4.9;48.8;9.8;12;5;70.6;11.4;11;4;73.3;15.5;0;0;0
2250;114;114;1;0;0;0;0;0;0;0;0;0;0;0;1;0;0;48;47;50;0;389;0;16;0.0;0.0;0.0;0.0;64.8;2;11;15.4;-31.3;2;10;16.7;-25.8;0;0;0
2251;104;104;1;0;0;0;2;0;0;0;0;0;0;0;1;0;0;47;47;49;1;815;85;18;100.0;0.0;0.0;8.8;48.6;7;17;29.2;2.8;4;14;22.2;-1.5;0;0;0
2253;104;104;1;0;1;1;0;0;0;0;0;0;0;0;0;0;0;64;53;66;0;336;0;15;125.0;10.7;0.0;42.9;21.4;7;2;77.8;53.0;6;2;75.0;47.7;0;0;0
2254;110;110;3;1;1;-2;0;0;0;1;0;0;0;4;1;1;3;59;53;69;5;1268;576;660;113.3;2.8;5.7;8.5;28.4;6;24;20.0;-22.6;4;15;21.1;-22.0;0;20;10
2256;115;115;1;0;0;0;0;0;0;0;0;0;0;1;0;0;2;51;51;50;2;327;0;0;100.0;0.0;0.0;33.0;44.0;3;13;18.8;-45.2;3;6;33.3;-28.4;0;0;0
2257;111;111;1;1;0;-1;2;1;0;0;0;0;0;1;0;0;0;54;56;51;2;575;132;0;100.0;0.0;0.0;37.6;37.6;7;11;38.9;-38.5;7;9;43.8;-30.2;0;0;0
2258;119;119;3;0;0;-2;2;0;0;0;0;0;0;0;1;1;2;52;50;57;1;1325;669;0;86.7;0.0;5.4;19.0;40.8;14;29;32.6;-22.3;10;21;32.3;-23.4;0;18;11
2259;119;119;2;0;0;-1;0;0;0;0;0;0;0;0;1;1;0;52;53;50;3;760;0;39;88.9;0.0;4.7;33.2;42.6;12;18;40.0;-15.1;9;12;42.9;-10.4;0;0;0
2260;107;107;2;1;1;2;0;0;0;0;0;0;0;1;0;1;0;63;69;52;4;1222;220;14;92.6;8.8;2.9;50.1;11.8;28;6;82.4;29.3;23;5;82.1;23.7;0;0;0
2262;110;110;2;0;0;1;2;0;0;0;0;0;0;2;0;0;0;54;53;56;1;1042;89;0;133.3;3.5;0.0;10.4;38.0;5;17;22.7;-22.9;3;12;20.0;-22.5;0;10;3
2263;121;121;5;1;1;1;0;0;0;0;0;0;0;1;2;3;1;54;53;54;9;2821;525;53;107.4;3.8;2.6;28.1;40.8;36;61;37.1;-1.1;26;51;33.8;-2.2;0;11;5
2264;107;107;2;0;0;0;0;0;0;0;0;0;0;0;1;1;4;56;49;65;1;959;0;49;100.0;0.0;0.0;30.0;26.3;19;15;55.9;-10.3;12;9;57.1;-10.8;0;0;0
2266;114;114;2;0;1;1;0;0;0;0;0;0;0;1;0;0;1;56;58;49;1;1136;239;81;116.7;3.2;0.0;19.0;38.0;10;24;29.4;-10.2;7;17;29.2;-6.5;0;12;6
2267;110;110;4;0;3;1;0;0;0;0;0;0;0;3;0;0;1;56;59;49;4;2228;411;63;116.8;4.8;1.6;21.0;25.9;24;37;39.3;-1.4;17;26;39.5;-2.9;0;0;0
2268;122;122;1;0;0;0;0;0;0;0;0;0;0;0;0;1;0;54;51;54;1;370;0;154;100.0;0.0;0.0;19.5;9.7;5;4;55.6;7.4;3;3;50.0;6.4;0;3;0
2271;114;114;1;0;0;1;0;0;0;0;0;0;0;3;0;1;0;60;54;68;1;646;0;211;133.3;5.6;0.0;16.7;16.7;12;5;70.6;38.4;7;5;58.3;28.3;0;0;0
2272;106;106;1;0;0;0;0;0;0;0;0;0;0;0;1;0;0;50;49;53;2;392;104;35;100.0;0.0;0.0;36.7;36.7;5;7;41.7;-33.7;5;6;45.5;-31.2;0;0;0
2273;112;112;2;0;0;0;0;0;0;0;0;0;0;1;0;1;2;59;55;60;3;753;97;267;100.0;0.0;0.0;19.1;38.2;7;16;30.4;-8.6;6;12;33.3;-5.9;0;0;0
2274;103;103;1;0;0;-1;0;0;0;0;0;0;0;0;0;1;1;58;52;66;0;412;99;0;0.0;0.0;8.7;0.0;43.7;1;8;11.1;-29.8;0;5;0.0;-46.7;0;0;0
2275;114;114;1;0;0;0;0;0;0;0;0;0;0;1;0;0;0;52;52;51;0;456;0;0;0.0;0.0;0.0;0.0;63.2;2;12;14.3;-33.2;2;11;15.4;-28.2;0;1;1
2276;111;111;4;0;0;-1;0;0;0;0;0;0;0;0;0;0;1;53;49;53;2;1413;0;352;92.3;0.0;2.5;20.4;33.1;17;19;47.2;-13.1;14;15;48.3;-11.5;0;0;0
2279;118;118;3;0;0;-2;0;0;0;0;0;0;0;1;0;0;0;50;51;48;1;997;0;0;77.8;0.0;7.2;28.9;32.5;19;14;57.6;9.3;11;11;50.0;-0.6;0;0;0
2280;104;104;1;0;0;0;0;0;0;0;0;0;0;0;0;0;0;59;60;57;5;681;116;0;0.0;0.0;0.0;47.6;0.0;16;0;100.0;17.1;11;0;100.0;9.8;0;0;0
2281;117;117;5;0;0;-2;2;0;0;0;0;0;0;0;0;1;3;51;50;52;2;1871;62;297;86.7;0.0;3.8;19.2;28.9;19;30;38.8;-3.0;14;26;35.0;-7.5;0;0;0
2282;112;112;3;0;1;2;0;0;0;0;0;0;0;0;0;0;0;53;55;49;0;1351;0;0;111.8;5.3;0.0;45.3;29.3;23;25;47.9;0.4;21;17;55.3;8.2;0;0;0
2283;110;110;1;0;0;0;0;0;0;0;0;0;0;0;0;0;1;51;51;53;2;356;0;0;100.0;0.0;0.0;20.2;30.3;4;6;40.0;-1.0;2;5;28.6;-4.0;0;0;0
2284;115;115;2;0;0;1;0;0;0;0;0;0;0;2;0;0;1;58;61;52;4;1563;0;134;106.3;2.3;0.0;36.9;23.0;31;22;58.5;-8.9;23;17;57.5;-10.5;0;0;0
2285;118;118;1;0;0;0;0;0;0;0;0;0;0;1;0;0;0;55;57;49;1;539;27;49;0.0;0.0;0.0;40.1;0.0;11;1;91.7;39.2;8;0;100.0;43.2;0;10;6
2286;122;122;2;0;0;-1;2;0;0;0;0;0;0;0;0;0;1;56;56;55;2;889;566;44;116.7;4.0;4.0;16.2;48.6;10;21;32.3;-19.6;7;16;30.4;-20.9;0;0;0
2287;118;118;4;0;0;-1;2;0;0;0;0;0;0;2;1;0;6;55;51;61;4;2375;313;160;95.5;1.5;3.0;36.4;34.9;35;53;39.8;-4.3;29;33;46.8;2.2;0;0;0
2288;109;109;1;0;0;-1;4;0;0;0;0;0;0;0;0;0;0;48;51;50;0;604;0;92;75.0;0.0;6.0;11.9;23.8;11;5;68.8;-3.5;6;5;54.5;-17.2;0;0;0
2289;116;116;2;0;0;-2;0;0;0;0;0;0;0;1;1;0;0;47;47;46;1;980;0;73;81.8;0.0;7.3;14.7;40.4;12;22;35.3;-1.2;7;16;30.4;-8.7;0;0;0
2290;116;116;6;1;4;2;0;0;0;0;0;0;0;4;4;2;0;57;56;55;10;4412;0;999;109.9;4.1;2.4;21.2;26.1;48;63;43.2;-9.6;36;43;45.6;-9.7;0;63;31
2292;104;104;1;1;0;1;0;0;0;0;0;0;0;0;0;0;0;58;58;55;2;796;157;0;120.0;4.5;0.0;22.6;27.1;8;15;34.8;10.1;5;12;29.4;7.7;0;14;9
2295;117;117;1;0;0;-1;2;0;0;0;0;0;0;0;0;0;0;50;52;46;0;748;58;0;83.3;0.0;4.8;9.6;28.9;2;13;13.3;-30.9;2;8;20.0;-24.9;0;0;0
2296;116;116;1;0;0;-1;0;0;0;0;0;0;0;0;0;0;1;54;57;44;2;505;0;106;85.7;0.0;7.1;21.4;49.9;3;10;23.1;-26.9;3;9;25.0;-22.7;0;3;2
2298;104;104;2;0;1;0;0;0;0;0;1;0;0;4;1;1;1;65;50;67;0;1174;0;460;94.7;0.0;3.1;18.4;58.3;15;29;34.1;-2.5;9;21;30.0;-8.5;0;0;0
2300;111;111;3;0;0;-1;2;0;0;0;0;0;0;1;2;0;1;57;44;59;1;1315;8;474;89.9;2.7;5.5;52.0;35.6;29;20;59.2;0.5;23;17;57.5;0.3;0;0;0
2302;113;113;7;0;1;1;2;0;0;0;0;0;0;6;1;2;5;61;52;62;3;4681;14;1199;102.5;3.1;2.3;30.8;30.8;66;79;45.5;-2.2;52;60;46.4;0.2;0;0;0
2303;102;102;1;0;0;0;0;0;0;0;0;0;0;0;1;0;0;47;48;46;0;423;0;0;100.0;0.0;0.0;25.5;68.1;3;15;16.7;-31.4;3;10;23.1;-28.4;0;0;0
2304;131;131;7;0;1;-6;0;0;0;0;0;0;0;8;2;3;11;62;53;72;6;6675;112;926;93.8;1.1;4.3;19.4;36.7;75;129;36.8;2.7;51;97;34.5;1.0;0;0;0
2305;136;136;6;1;1;1;2;0;0;1;1;0;0;16;2;3;3;65;60;64;11;4647;50;921;99.3;0.8;0.8;25.6;20.9;63;59;51.6;9.0;43;42;50.6;7.5;0;17;9
2306;134;134;4;0;0;1;2;0;0;0;0;0;0;5;0;1;1;54;55;54;2;1954;13;548;116.7;1.8;0.0;11.1;33.2;12;34;26.1;-17.3;8;24;25.0;-17.0;0;8;3
2307;128;128;6;0;1;0;6;0;0;0;0;0;0;5;1;4;6;57;56;57;16;5611;224;1187;95.3;3.8;3.8;32.1;23.1;100;62;61.7;6.3;73;46;61.3;5.6;0;0;0
2308;127;127;4;1;2;1;4;0;0;0;0;0;0;4;1;0;3;66;61;65;7;3615;228;842;103.5;4.0;3.0;30.9;31.9;61;57;51.7;2.9;45;41;52.3;5.4;0;13;4
2311;135;135;7;3;6;-3;4;2;3;0;0;0;0;5;1;4;5;66;70;54;16;5402;1299;128;95.2;4.0;5.3;36.7;34.0;89;80;52.7;-1.0;66;63;51.2;-2.7;1;26;15
2312;130;130;7;0;2;0;6;0;0;0;0;0;0;9;1;3;3;57;62;53;9;5367;97;686;93.3;2.7;3.4;43.6;26.2;107;61;63.7;-1.1;85;47;64.4;0.2;0;74;34
2313;132;132;4;2;1;7;0;0;0;1;0;0;0;5;1;0;6;61;57;67;7;2717;29;781;118.9;9.3;1.3;38.4;25.2;53;45;54.1;3.4;39;27;59.1;6.6;0;0;0
2314;128;128;6;0;1;-1;14;0;0;0;0;0;0;7;2;0;1;62;67;50;5;4341;484;45;96.4;1.7;2.5;34.8;29.9;79;54;59.4;-0.1;60;42;58.8;0.6;0;8;3
2315;136;136;7;1;3;-1;10;0;2;1;0;0;0;15;2;0;10;67;64;66;14;5584;1249;770;93.3;0.6;3.2;27.1;35.5;79;95;45.4;1.5;58;77;43.0;-0.8;0;4;3
2316;134;134;6;3;1;4;0;0;0;0;0;0;0;4;4;0;3;61;59;60;9;3810;0;1164;112.9;3.8;0.0;29.3;28.3;55;64;46.2;4.2;44;48;47.8;7.6;0;60;37
2318;133;133;6;1;0;0;0;0;0;0;0;0;0;0;1;0;2;55;54;54;3;2549;108;322;104.0;1.4;1.4;18.4;38.1;24;40;37.5;-10.8;17;33;34.0;-14.5;1;27;12
2319;137;137;4;2;1;-1;0;0;0;0;0;0;0;2;2;3;5;67;66;63;10;3836;873;40;103.5;3.8;4.7;22.5;35.7;52;67;43.7;8.3;37;52;41.6;4.5;0;14;10
2320;132;132;6;2;2;4;2;1;0;0;0;0;0;4;2;1;2;59;61;54;10;3719;290;49;109.3;4.8;1.0;36.8;25.2;63;57;52.5;-7.7;48;37;56.5;-8.3;1;3;0
2321;125;125;7;1;7;3;2;1;3;0;0;0;0;3;0;1;7;59;62;50;12;5293;672;0;112.4;5.4;3.4;25.2;36.7;64;101;38.8;-5.8;47;73;39.2;-2.7;1;7;4
2322;131;131;7;0;1;-1;8;0;0;0;0;0;0;5;3;0;4;58;57;62;12;5835;1781;499;100.0;0.6;1.2;18.5;37.0;78;113;40.8;8.5;48;78;38.1;6.1;0;12;4
2323;127;127;5;0;0;-3;2;0;0;0;0;0;0;0;1;2;3;55;53;57;4;2754;91;814;98.2;2.6;6.5;19.6;43.1;35;52;40.2;-11.9;23;42;35.4;-16.7;0;0;0
2325;132;132;6;1;3;5;8;0;0;0;0;0;0;13;1;3;6;75;64;68;10;4577;95;1279;105.6;4.7;1.6;35.4;20.5;82;54;60.3;11.0;62;35;63.9;10.8;0;59;34
2326;136;136;6;1;1;-2;8;0;0;0;0;0;0;9;2;1;2;62;62;60;17;5132;1777;103;99.7;1.4;2.1;23.1;33.0;64;85;43.0;-0.7;48;64;42.9;1.9;0;18;12
2327;135;135;7;1;5;4;2;1;2;0;0;0;0;6;1;2;2;62;63;57;9;4243;531;741;112.9;3.4;0.0;26.3;21.2;63;56;52.9;-0.6;44;43;50.6;-3.1;1;59;29
2328;126;126;7;3;0;1;0;0;0;1;0;0;0;6;3;4;8;61;62;59;17;3994;40;784;98.3;2.7;2.7;32.4;27.0;73;51;58.9;-9.3;50;37;57.5;-10.2;1;8;3
2329;128;128;7;0;2;-5;8;0;0;0;0;0;0;9;2;4;18;62;57;66;13;6571;832;1147;91.5;2.2;4.9;35.1;33.4;109;102;51.7;-6.1;88;77;53.3;-2.6;0;1;0
2331;127;127;6;0;0;-1;6;0;0;0;0;0;0;7;0;2;12;63;52;65;7;4593;352;1191;97.8;0.8;1.6;29.8;32.1;78;74;51.3;2.7;54;54;50.0;1.6;0;0;0
2332;129;129;7;0;1;1;2;0;0;0;0;0;0;12;2;1;9;68;66;69;25;6585;2127;732;101.8;1.6;1.1;28.4;27.3;96;81;54.2;2.4;68;62;52.3;-0.3;0;0;0
2334;129;129;7;2;2;1;2;0;2;1;0;0;0;9;1;4;6;68;65;66;20;5695;1590;771;97.6;1.3;1.9;30.3;29.1;82;75;52.2;-0.5;65;57;53.3;1.0;1;19;10
2335;127;127;5;2;1;-5;2;1;1;0;0;0;0;4;1;1;4;66;64;62;9;4208;1825;510;88.0;0.9;5.1;20.5;31.7;53;67;44.2;-2.3;36;51;41.4;-3.6;0;85;35
2336;131;131;7;3;1;1;2;0;1;0;0;0;0;10;4;3;4;61;62;58;20;5902;1465;342;108.0;2.4;1.8;20.1;44.5;66;125;34.6;-0.6;49;94;34.3;0.7;0;5;3
2337;134;134;5;1;1;1;4;0;0;0;0;0;0;4;0;2;0;58;58;51;4;3854;14;406;105.3;2.8;1.9;23.4;28.0;52;58;47.3;-5.6;34;42;44.7;-6.8;0;2;0
2338;134;134;5;0;0;-1;0;0;0;0;0;0;0;4;0;3;6;61;54;69;11;4246;497;490;98.3;0.8;1.7;22.9;31.4;52;66;44.1;-0.2;39;54;41.9;-1.7;0;0;0
2339;132;132;4;0;4;2;2;0;2;0;0;0;0;6;1;0;8;71;72;65;8;3545;1453;279;108.9;4.1;2.0;25.4;28.4;44;55;44.4;-14.5;35;38;47.9;-13.9;0;0;0
2341;127;127;7;0;3;4;2;0;0;0;0;0;0;3;1;1;1;58;59;56;12;4731;367;59;107.8;3.8;0.8;35.0;25.1;75;65;53.6;5.5;59;49;54.6;8.1;0;47;22
2342;129;129;7;0;1;2;2;0;0;0;1;0;0;19;1;2;12;71;51;74;2;5553;195;1200;101.6;2.6;1.9;27.9;25.3;83;73;53.2;0.8;62;52;54.4;2.5;0;0;0
2343;124;124;5;0;2;2;2;0;0;0;0;0;0;4;0;1;4;62;66;57;10;4230;182;538;100.9;3.4;1.7;40.9;23.0;84;47;64.1;6.9;67;36;65.0;4.2;0;5;2
2344;137;137;6;1;1;0;0;0;0;0;0;0;0;18;1;0;0;55;56;52;8;3694;6;789;108.0;2.9;2.9;20.5;46.8;38;84;31.1;0.1;32;59;35.2;4.0;0;24;9
2345;125;125;7;2;3;-1;0;1;1;0;0;0;0;6;0;5;6;64;62;64;11;5310;613;1573;103.7;3.4;4.1;25.1;41.4;68;110;38.2;-6.8;51;84;37.8;-4.8;0;15;2
2346;135;135;5;1;0;-3;0;0;0;0;0;0;0;2;0;1;2;57;58;50;6;3338;373;17;92.7;1.1;4.3;19.4;33.4;37;54;40.7;-14.1;27;41;39.7;-14.2;0;1;1
2347;130;130;5;0;0;1;4;0;0;0;0;0;0;2;1;1;3;63;65;57;15;3907;1078;45;101.5;2.8;0.9;42.4;18.4;86;33;72.3;10.7;63;24;72.4;10.6;0;3;1
2348;129;129;7;0;1;2;4;0;0;0;0;0;0;6;1;5;9;71;51;75;9;6111;0;902;104.4;2.9;1.8;28.9;30.6;87;87;50.0;-3.8;67;67;50.0;-3.8;0;0;0
2350;124;124;7;2;1;2;2;0;0;0;0;0;0;7;2;2;10;63;63;60;17;5238;1274;63;99.6;2.7;1.4;44.0;20.6;113;63;64.2;7.1;85;45;65.4;6.0;0;18;14
2351;125;125;7;1;2;1;8;1;1;0;0;0;0;10;2;3;16;62;56;67;14;6456;483;1451;101.9;2.8;2.2;31.8;32.3;109;104;51.2;12.7;80;78;50.6;14.7;0;0;0
2352;127;127;4;0;2;2;2;0;0;0;0;0;0;7;1;2;4;67;61;65;6;3475;85;754;108.3;2.1;0.0;24.9;17.6;56;38;59.6;14.3;38;28;57.6;13.8;0;58;27
2354;132;132;7;4;2;5;0;4;1;0;0;0;0;18;2;1;3;66;66;59;26;5012;2347;153;103.8;5.0;1.4;30.9;11.5;89;47;65.4;15.7;61;29;67.8;14.2;1;13;4
2356;125;125;5;0;1;-2;2;0;0;0;0;0;0;6;1;1;6;60;52;62;2;3786;23;503;97.4;1.9;3.8;28.5;40.9;56;75;42.7;-3.5;38;55;40.9;-3.7;0;0;0
2357;126;126;5;1;2;-1;4;0;0;0;0;0;0;9;0;0;4;55;55;55;9;4357;199;1073;92.2;3.3;4.1;28.9;21.5;69;46;60.0;-0.5;52;39;57.1;-4.0;1;0;0
2358;127;127;4;2;0;-1;0;2;0;0;0;0;0;0;1;0;2;60;61;57;15;3248;1005;338;96.2;0.0;1.1;26.6;28.8;41;48;46.1;-3.2;30;39;43.5;-5.4;0;7;4
2359;128;128;4;2;0;-2;2;2;0;0;0;0;0;4;1;3;1;67;69;57;11;3553;564;84;85.7;0.0;2.0;35.5;14.2;68;30;69.4;7.9;51;20;71.8;11.7;0;2;0
2360;131;131;6;0;0;-2;2;0;0;0;0;0;0;6;2;0;1;52;53;47;6;3277;480;269;100.0;2.2;4.4;19.8;39.5;39;71;35.5;0.5;26;49;34.7;0.0;0;34;15
2361;129;129;7;1;2;-2;2;0;2;0;0;0;0;6;1;2;4;66;71;64;16;5803;2022;40;96.6;0.6;1.9;24.2;31.0;69;81;46.0;-9.0;56;64;46.7;-8.3;1;8;3
2362;125;125;5;2;1;2;0;0;0;0;0;0;0;9;0;0;2;70;73;62;12;3859;1560;24;108.2;4.7;1.9;33.6;32.7;62;57;52.1;5.8;45;44;50.6;5.4;1;0;0
2363;133;133;6;0;0;-1;4;0;0;0;0;0;0;2;1;2;2;57;54;57;3;2331;65;914;95.0;1.5;3.1;30.9;30.9;33;28;54.1;6.5;29;22;56.9;9.7;0;31;11
2365;137;137;5;0;0;-2;0;0;0;0;0;0;0;0;0;1;2;50;52;48;1;2228;0;193;91.3;0.0;3.2;17.8;37.2;18;45;28.6;-2.1;14;34;29.2;-2.6;0;10;3
2366;133;133;2;0;0;0;2;0;0;0;0;0;0;5;0;0;1;46;57;44;3;1678;10;223;88.3;4.3;4.3;40.8;19.3;36;14;72.0;20.2;27;11;71.1;17.7;0;5;2
2367;128;128;3;0;1;1;0;0;0;0;0;0;0;0;1;0;0;53;54;51;2;1127;40;453;111.1;3.2;0.0;28.7;31.9;21;19;52.5;-14.2;14;15;48.3;-18.8;0;12;7
2368;134;134;7;0;2;4;4;0;0;0;0;0;0;8;3;5;11;70;51;73;7;5530;285;1543;112.5;3.3;0.7;21.5;24.7;64;74;46.4;-0.2;46;57;44.7;-1.1;0;0;0
2369;135;135;6;1;0;1;2;0;0;1;0;0;0;2;0;1;7;59;58;57;5;3107;0;1363;100.0;0.0;0.0;32.4;18.5;47;33;58.8;10.7;36;26;58.1;10.3;0;32;21
2372;136;136;7;1;1;0;2;0;0;0;0;0;0;9;2;5;15;61;50;61;10;6163;118;1231;97.9;1.2;1.8;38.0;33.9;104;101;50.7;9.6;79;78;50.3;10.2;0;0;0
2373;136;136;7;0;3;3;0;0;1;0;1;0;0;12;1;5;10;69;57;81;16;5975;1312;1094;104.2;1.8;0.6;30.1;33.1;83;99;45.6;1.8;61;76;44.5;1.4;0;0;0
2374;135;135;7;4;4;3;2;0;2;0;1;0;0;7;2;1;2;68;68;63;22;5141;1171;194;107.3;4.2;2.1;28.7;28.7;78;71;52.3;-1.4;57;56;50.4;-3.6;0;8;5
2375;125;125;7;1;5;2;6;0;0;0;0;0;0;7;1;2;0;66;69;60;27;5595;1970;49;108.7;3.2;0.6;30.9;36.7;84;88;48.8;8.2;60;69;46.5;7.6;1;16;10
2376;126;126;6;1;2;2;2;1;1;0;0;0;0;3;0;1;5;74;67;87;31;5001;2172;127;96.9;3.6;1.4;51.8;14.4;124;44;73.8;12.4;97;31;75.8;17.3;0;0;0
2377;126;126;7;4;6;3;2;3;3;0;0;0;0;7;0;1;2;67;72;58;23;5022;1472;35;98.3;5.0;2.9;48.0;23.7;115;56;67.3;1.5;90;45;66.7;1.4;0;0;0
2379;132;132;7;0;4;0;2;0;2;0;0;0;0;0;2;1;4;64;66;66;20;4827;1413;642;97.8;1.5;1.5;32.1;21.6;79;89;47.0;-9.3;56;54;50.9;-8.4;0;97;41
2380;136;136;6;0;2;-1;0;0;1;0;0;0;0;14;8;8;10;65;57;77;10;5413;1659;667;99.8;1.3;1.3;30.6;29.3;83;81;50.6;7.4;59;60;49.6;6.6;0;17;8
2381;127;127;7;1;2;-2;6;1;1;0;0;0;0;6;3;2;13;63;57;73;24;6470;2197;281;100.4;1.1;1.1;27.8;31.2;94;98;49.0;-0.7;68;75;47.6;-1.6;0;0;0
2382;126;126;6;0;2;-1;2;0;0;0;0;0;0;11;2;4;9;65;50;66;6;5099;241;903;89.7;3.5;4.2;38.8;21.9;108;46;70.1;4.9;76;38;66.7;1.2;0;0;0
2383;127;127;7;0;1;-2;0;0;0;0;0;0;0;10;0;4;13;64;57;72;12;6062;635;810;98.1;1.8;3.0;23.8;31.5;79;94;45.7;-5.3;55;71;43.7;-7.0;0;0;0
2384;130;130;6;2;4;3;8;1;1;0;1;0;0;6;0;0;3;75;77;71;18;5126;1206;904;104.8;3.5;1.4;33.0;23.9;95;57;62.5;-1.2;72;45;61.5;-2.4;0;29;16
2385;136;136;5;1;0;-1;10;1;0;0;0;0;0;2;2;1;4;63;59;68;11;3997;1593;27;99.7;0.9;0.9;28.8;26.1;68;54;55.7;12.4;47;42;52.8;8.8;0;89;44
2386;134;134;6;1;1;-1;2;0;0;0;0;0;0;5;5;0;11;59;57;61;22;4951;1952;410;98.6;3.6;3.6;36.4;32.0;80;81;49.7;7.5;60;58;50.8;10.7;0;0;0
2387;126;126;7;1;2;2;4;0;0;0;0;0;0;3;2;1;7;59;61;58;12;4556;20;1292;99.8;4.0;2.4;41.9;24.5;89;53;62.7;-4.7;67;41;62.0;-4.8;0;22;8
2389;137;137;5;0;2;-5;4;0;0;0;0;0;0;10;4;1;7;52;56;48;6;4786;177;733;101.2;3.0;6.8;21.1;51.9;58;120;32.6;-1.0;43;87;33.1;-2.5;0;32;17
2390;127;127;3;1;1;-1;2;0;1;0;0;0;0;2;1;4;1;67;66;65;13;2599;900;44;102.7;2.8;2.8;23.5;30.5;42;41;50.6;-1.3;29;27;51.8;-0.8;0;5;2
2391;130;130;3;0;0;0;6;0;0;0;0;0;0;3;1;0;0;51;49;52;3;1085;0;411;100.0;0.0;0.0;49.8;3.3;24;5;82.8;15.2;20;2;90.9;24.8;0;0;0
2392;124;124;6;1;5;3;0;0;0;0;0;0;0;3;2;4;1;66;68;59;13;4857;1286;9;100.5;4.4;2.2;42.2;22.2;96;61;61.1;1.9;80;48;62.5;2.0;0;82;43
2393;134;134;6;0;2;-3;2;0;0;0;0;0;0;4;2;1;4;63;61;65;12;4413;1807;229;89.1;1.6;3.3;31.8;20.4;67;51;56.8;10.4;50;38;56.8;11.8;0;87;50
2394;134;134;7;2;1;0;2;1;0;0;0;0;0;3;4;1;1;60;62;52;18;5306;1026;1074;98.7;2.7;2.7;28.5;25.1;82;72;53.2;9.4;58;55;51.3;8.1;1;10;4
2395;132;132;6;0;2;0;2;0;0;0;0;0;0;5;2;2;6;58;57;56;3;4705;36;725;101.3;1.5;1.5;21.4;26.0;59;79;42.8;-13.7;44;50;46.8;-13.5;0;15;8
2396;129;129;7;1;0;2;10;1;0;0;0;0;0;9;4;1;5;58;57;64;17;4696;1665;0;105.4;2.3;0.8;26.8;24.5;69;65;51.5;-1.5;48;44;52.2;-0.5;0;91;50
2397;137;137;7;1;0;0;0;0;0;0;0;0;0;7;5;5;17;61;51;73;13;6494;386;748;104.6;2.2;2.2;21.1;37.7;65;132;33.0;1.4;45;90;33.3;0.8;0;0;0
2398;134;134;3;0;2;2;0;0;0;0;0;0;0;1;0;0;1;57;57;52;4;1396;142;0;122.2;5.2;0.0;23.2;20.6;18;18;50.0;-4.8;15;14;51.7;-2.1;0;12;6
2399;126;126;7;0;0;0;2;0;0;0;0;0;0;3;0;3;3;60;61;57;13;4385;512;155;100.0;0.0;0.0;37.8;13.1;85;34;71.4;6.5;64;24;72.7;8.8;0;1;0
2400;132;132;6;3;2;4;0;1;0;0;0;0;0;8;3;0;2;67;67;62;17;4088;1792;23;107.3;4.4;0.9;33.5;15.0;81;42;65.9;17.3;54;26;67.5;14.6;0;4;2
2401;128;128;7;1;2;0;20;0;1;0;0;0;0;8;3;1;1;58;60;54;6;4541;109;1426;98.4;1.6;1.6;34.1;25.4;82;55;59.9;5.8;56;40;58.3;4.5;0;67;38
2402;126;126;7;3;4;1;2;2;3;0;0;0;0;7;0;2;2;67;67;61;21;4728;2282;0;96.3;4.6;3.0;47.2;22.8;98;53;64.9;-1.8;78;43;64.5;-1.7;1;120;60
2403;132;132;7;4;1;3;6;1;0;0;0;0;0;10;3;3;4;62;62;60;16;5818;879;670;100.9;4.3;2.5;39.0;24.1;100;88;53.2;-0.6;76;60;55.9;-1.6;1;0;0
2404;126;126;6;0;0;0;2;0;0;0;0;0;0;5;1;1;8;64;50;65;2;3341;23;1012;100.5;3.2;3.2;24.8;25.9;54;40;57.4;-10.0;33;32;50.8;-16.4;0;0;0
2405;131;131;7;0;4;-1;11;0;2;0;0;1;0;11;0;1;12;65;63;69;17;5978;1549;377;103.2;1.8;2.4;18.1;35.5;63;112;36.0;1.4;42;76;35.6;2.5;0;0;0
2407;128;128;6;3;0;-4;2;1;0;0;0;0;0;3;0;0;2;58;58;49;7;3265;408;110;95.0;2.2;6.6;22.1;44.1;41;62;39.8;-18.5;31;51;37.8;-20.8;0;52;28
2410;125;125;6;0;2;2;0;0;0;0;0;0;0;5;0;2;3;64;64;61;12;4571;545;1119;106.9;3.9;1.6;34.7;35.4;77;75;50.7;10.8;55;57;49.1;11.4;0;14;12
2412;125;125;2;0;0;0;0;0;0;0;0;0;0;0;1;0;1;49;48;52;1;428;4;5;100.0;0.0;0.0;33.6;42.1;6;9;40.0;5.1;4;6;40.0;7.3;0;0;0
2414;126;126;7;3;3;2;4;1;0;0;0;0;0;7;1;3;1;57;62;51;17;4864;422;66;86.1;6.7;5.2;51.1;19.2;122;40;75.3;12.5;91;36;71.7;8.3;0;12;7
2415;132;132;6;1;1;4;4;0;0;0;0;0;0;5;1;4;10;65;61;69;9;3596;0;1019;111.3;5.0;1.0;32.0;23.0;48;56;46.2;-11.4;38;32;54.3;-4.9;1;23;10
2416;131;131;7;0;2;0;2;0;1;0;0;0;0;8;1;0;9;59;59;55;11;5545;1087;0;102.7;1.3;1.3;18.2;29.2;64;105;37.9;4.0;44;64;40.7;9.3;0;10;5
2418;133;133;7;2;4;0;0;1;1;0;0;0;0;8;1;1;6;67;57;73;14;6370;1745;469;101.3;3.4;2.8;29.4;27.7;92;88;51.1;5.7;64;68;48.5;1.8;0;2;1
2419;129;129;7;0;2;2;4;0;0;0;1;0;0;16;0;2;8;63;53;70;9;6453;545;628;101.2;1.7;1.1;31.8;27.3;102;84;54.8;3.4;74;59;55.6;4.6;0;0;0
2420;125;125;7;1;1;1;2;0;0;0;0;0;0;6;1;1;17;57;53;59;7;6592;313;1084;107.0;3.3;2.7;23.5;39.3;79;122;39.3;-5.5;53;96;35.6;-8.3;1;0;0
2421;124;124;7;0;1;-1;8;0;0;0;0;0;0;2;3;5;13;59;53;66;7;6597;152;612;95.6;3.3;3.8;39.3;30.0;117;92;56.0;-4.6;96;74;56.5;-7.0;0;0;0
2423;128;128;2;0;0;-2;0;0;0;0;0;0;0;3;0;1;2;52;51;52;1;857;0;369;81.8;0.0;8.4;29.4;46.2;10;16;38.5;-17.0;8;13;38.1;-14.8;0;0;0
2424;135;135;7;3;4;-2;8;2;1;0;0;0;0;11;5;1;7;64;66;59;27;6701;1613;176;98.9;3.2;3.8;30.6;32.2;112;104;51.9;-2.4;79;87;47.6;-8.9;0;0;0
2425;130;130;7;1;3;1;8;0;1;0;0;0;0;9;0;2;4;63;64;58;13;5665;521;0;95.7;1.9;1.3;40.0;14.0;131;51;72.0;10.8;97;34;74.0;13.7;0;1;0
2426;126;126;7;1;4;0;0;0;1;0;0;0;0;2;0;2;1;63;64;60;15;5392;1694;411;98.3;3.3;2.7;35.4;24.0;102;66;60.7;-7.7;77;47;62.1;-5.0;0;23;14
2427;130;130;6;4;3;0;4;3;1;0;0;0;0;8;2;4;1;72;70;68;15;4686;1189;998;99.7;2.3;1.5;32.3;20.7;87;48;64.4;0.2;66;40;62.3;-3.0;1;111;65
2428;129;129;3;1;1;2;2;0;0;0;0;0;0;1;0;0;2;56;50;56;2;2517;84;230;105.6;4.3;1.4;38.6;25.7;44;36;55.0;3.8;35;23;60.3;6.2;0;0;0
2429;133;133;4;0;0;0;2;0;0;0;0;0;0;0;1;2;2;56;50;66;2;1591;101;45;105.4;2.3;2.3;18.1;31.7;17;23;42.5;-4.2;13;18;41.9;-6.2;0;0;0
2430;134;134;4;1;3;4;0;0;0;0;0;0;0;2;0;2;2;65;67;60;3;2133;349;64;125.0;6.8;0.0;27.0;23.6;29;30;49.2;-7.2;22;20;52.4;-2.1;0;4;3
2432;137;137;5;0;1;-1;0;0;0;0;0;0;0;6;2;0;6;55;47;56;0;2893;0;874;105.1;2.5;3.7;14.9;32.4;30;50;37.5;7.2;22;36;37.9;6.4;0;0;0
2433;127;127;6;0;0;0;6;0;0;0;0;0;0;9;2;1;3;58;57;57;2;4280;116;1037;100.0;0.0;0.0;23.6;30.3;57;72;44.2;-5.7;43;50;46.2;-2.0;0;14;4
2434;128;128;6;0;1;1;4;0;0;0;0;0;0;8;1;2;1;63;65;58;9;3763;1078;219;99.6;2.9;1.9;34.4;22.0;72;44;62.1;10.3;50;33;60.2;8.7;0;4;1
2435;131;131;6;0;2;0;6;0;0;0;0;0;0;5;0;1;8;61;64;56;4;4332;688;382;104.9;2.5;2.5;21.6;37.4;49;85;36.6;1.5;34;60;36.2;1.3;0;7;3
2436;137;137;5;1;0;-1;4;0;0;0;0;0;0;2;1;1;8;55;55;57;7;3568;601;0;102.6;2.0;3.0;22.2;46.4;40;85;32.0;0.2;28;58;32.6;0.7;0;3;0
2437;126;126;7;1;2;2;2;0;1;0;0;0;0;5;3;1;4;67;66;64;20;4902;702;394;98.1;2.9;1.5;50.7;19.1;118;47;71.5;7.4;91;36;71.7;8.3;0;10;5
2438;128;128;6;2;2;-6;4;1;1;0;0;0;0;7;1;1;1;62;64;54;14;4154;1951;84;82.1;3.5;8.7;38.1;32.1;82;64;56.2;-1.1;63;49;56.3;-0.5;0;12;4
2439;137;137;6;0;1;-2;6;0;0;0;0;0;0;2;0;0;11;49;49;49;3;3743;4;729;106.5;3.8;5.8;22.1;52.9;33;105;23.9;-11.3;31;80;27.9;-8.0;0;0;0
2441;125;125;2;0;0;0;0;0;0;0;0;0;0;1;0;0;0;58;50;60;1;1123;0;408;111.7;3.2;3.2;19.2;64.1;10;26;27.8;-5.1;8;23;25.8;-5.3;0;0;0
2442;135;135;6;2;1;2;4;1;0;0;0;0;0;9;0;5;2;66;63;67;11;4440;401;1258;101.8;3.2;1.6;40.5;25.9;79;55;59.0;5.3;62;43;59.0;5.5;0;17;10
2445;131;131;7;1;1;-6;0;0;1;0;0;0;0;2;1;2;6;56;56;54;5;5886;439;415;94.9;0.6;4.3;11.0;40.4;50;122;29.1;-8.3;31;87;26.3;-10.4;0;0;0
2446;125;125;3;1;0;-1;2;0;0;0;0;0;0;2;1;1;3;55;58;49;3;2988;87;182;102.5;3.6;4.8;25.3;41.0;34;65;34.3;-10.9;24;48;33.3;-10.4;0;0;0
2447;126;126;4;0;0;-2;2;0;0;0;0;0;0;0;1;1;1;54;55;51;1;1951;659;70;91.6;1.8;5.5;35.1;40.6;39;34;53.4;-17.6;24;26;48.0;-21.6;0;42;21
2448;128;128;2;0;0;0;0;0;0;0;0;0;0;0;0;1;0;52;54;49;1;573;0;255;100.0;6.3;6.3;25.1;25.1;12;6;66.7;-1.5;9;5;64.3;-4.1;0;2;0
2449;129;129;7;2;2;6;2;0;0;0;0;0;0;8;3;1;3;59;61;54;12;4367;252;936;113.8;4.9;0.8;28.9;24.7;72;57;55.8;4.2;42;38;52.5;-0.1;1;23;14
2450;133;133;7;0;2;-2;8;0;0;0;0;0;0;14;2;3;17;78;53;80;10;6637;211;1313;89.9;2.2;3.8;29.3;21.7;99;75;56.9;14.1;74;54;57.8;15.4;0;0;0
2451;132;132;7;0;1;6;2;0;0;0;0;0;0;11;2;2;21;64;51;66;7;6224;271;1408;109.4;4.0;0.6;31.8;17.4;103;86;54.5;1.4;70;48;59.3;3.5;0;0;0
2452;127;127;6;1;3;5;0;0;0;0;0;0;0;8;0;3;9;65;54;66;6;5079;65;876;109.8;5.0;1.4;30.5;22.0;82;68;54.7;5.1;60;47;56.1;8.0;0;0;0
2453;130;130;7;1;0;1;14;0;0;1;0;0;0;8;2;3;16;73;52;76;6;5906;0;1507;96.4;1.2;1.2;32.3;16.5;102;64;61.4;-4.2;76;43;63.9;-0.5;0;0;0
2455;133;133;4;1;1;-1;2;0;0;0;0;0;0;1;0;3;3;57;53;57;4;2735;49;519;108.3;3.9;5.3;17.1;35.5;27;41;39.7;-8.9;17;36;32.1;-17.4;1;0;0
2456;129;129;6;1;2;-3;2;1;1;0;0;0;0;7;0;1;1;58;60;53;7;2639;538;52;85.3;2.7;6.8;30.0;28.6;36;35;50.7;-0.9;26;26;50.0;-0.3;0;13;6
2457;125;125;7;3;3;3;16;0;0;0;0;0;0;9;1;5;4;61;59;61;8;5178;145;677;110.3;4.2;2.1;25.0;32.7;64;88;42.1;-1.2;44;68;39.3;-2.4;0;93;56
2458;129;129;6;1;1;0;6;0;0;0;0;0;0;2;1;0;3;63;62;62;10;4709;639;505;100.1;0.8;0.8;23.7;24.5;68;53;56.2;2.1;43;43;50.0;-6.0;0;1;1
2460;124;124;7;1;0;3;4;0;0;0;0;0;0;3;3;2;2;58;57;57;19;5095;278;456;105.8;2.1;0.0;36.7;24.0;93;64;59.2;0.2;77;51;60.2;-1.1;0;8;3
2461;136;136;6;2;1;1;0;1;0;0;0;0;0;3;1;1;0;56;57;53;7;2499;146;230;104.7;2.9;1.4;33.1;36.0;34;41;45.3;0.7;30;32;48.4;4.3;1;1;1
2462;135;135;6;1;1;0;4;0;0;0;0;0;0;9;0;0;6;55;54;55;8;4536;16;843;94.2;1.6;2.4;30.2;21.4;58;57;50.4;-3.9;50;43;53.8;0.8;0;0;0
2463;129;129;7;0;3;1;2;0;0;0;1;0;0;4;3;4;8;63;56;67;17;6672;982;1480;98.9;1.6;1.6;29.1;24.3;105;83;55.9;4.9;78;59;56.9;6.6;0;0;0
2465;128;128;3;0;1;-1;0;0;0;0;0;0;0;2;1;0;2;55;58;47;5;2239;23;0;94.2;1.6;3.2;30.5;28.9;34;32;51.5;4.3;24;23;51.1;3.5;0;0;0
2466;130;130;7;1;3;-2;10;0;1;0;0;0;0;9;2;3;4;63;58;67;21;6913;1366;629;90.5;4.2;5.2;39.6;26.0;139;80;63.5;-1.5;104;63;62.3;-3.1;0;0;0
2468;129;129;5;1;2;1;12;0;0;1;0;0;0;3;0;1;1;61;63;55;3;4005;488;438;102.7;2.7;2.7;27.0;36.9;49;60;45.0;-12.2;37;50;42.5;-14.3;0;1;1
2469;133;133;6;0;2;-2;2;0;1;0;0;0;0;1;0;3;1;54;54;53;5;3668;531;160;97.0;2.0;3.9;20.6;31.4;40;55;42.1;-7.8;33;40;45.2;-4.1;0;1;1
2470;129;129;6;1;0;0;4;1;0;0;0;0;0;4;0;1;3;59;59;58;13;4576;625;180;98.7;1.6;1.6;33.0;26.0;81;65;55.5;3.2;61;46;57.0;5.2;0;0;0
2471;124;124;3;1;0;2;2;0;0;0;0;0;0;1;0;0;1;55;57;53;3;1670;0;190;109.5;4.3;0.0;45.3;19.4;41;19;68.3;14.5;31;13;70.5;14.8;0;26;14
2472;127;127;3;1;0;0;0;0;0;0;0;0;0;2;0;0;1;55;56;48;4;1225;53;0;99.1;2.9;2.9;32.3;29.4;19;17;52.8;2.3;15;13;53.6;3.9;0;0;0
2473;129;129;3;0;0;-1;0;0;0;0;0;0;0;0;0;0;0;50;52;47;1;1284;0;16;94.3;2.8;5.6;22.4;30.8;15;20;42.9;-16.2;9;14;39.1;-19.0;0;5;2
2474;129;129;5;1;0;2;0;0;0;0;0;0;0;2;2;2;4;57;56;54;7;3687;350;0;105.9;2.9;1.0;33.2;33.2;53;48;52.5;3.2;44;38;53.7;8.2;0;2;0
2475;136;136;2;0;0;-2;0;0;0;0;0;0;0;0;0;0;0;52;52;49;1;849;0;44;77.8;0.0;8.5;21.2;38.2;8;21;27.6;-12.9;6;16;27.3;-9.6;0;12;6
2478;128;128;4;0;0;-1;16;0;0;0;0;0;0;1;1;0;0;49;50;48;1;1410;77;153;105.0;2.6;5.1;10.2;25.5;19;21;47.5;-0.4;10;14;41.7;-6.1;0;6;4
2482;135;135;6;1;6;3;2;0;1;0;0;0;0;4;4;1;4;63;65;50;14;4587;841;406;107.7;5.5;3.1;31.4;32.2;70;74;48.6;-1.8;53;57;48.2;-2.0;0;8;6
2483;124;124;6;0;0;-4;2;0;0;0;0;0;0;5;4;0;2;50;47;50;6;5185;0;838;90.0;0.0;2.8;29.9;27.8;79;69;53.4;-5.8;62;54;53.4;-7.6;0;0;0
2484;131;131;6;0;2;-3;4;0;0;0;0;0;0;4;4;3;10;58;55;60;4;5029;78;633;99.2;1.4;3.6;17.9;40.8;68;96;41.5;9.7;47;67;41.2;12.1;0;89;33
2485;127;127;5;0;3;1;4;0;1;0;0;0;0;3;1;0;3;64;62;69;8;3430;1066;578;104.9;2.1;1.0;23.1;25.2;38;64;37.3;-12.3;31;47;39.7;-7.6;0;7;2
2486;124;124;4;0;1;1;4;0;0;0;0;0;0;7;0;1;1;58;57;58;10;2167;409;0;101.8;3.3;1.7;34.9;21.6;33;23;58.9;1.9;28;17;62.2;2.1;0;37;21
2487;130;130;6;1;2;-1;2;0;0;0;0;0;0;2;2;3;4;60;62;54;10;3853;14;688;91.5;1.9;3.7;35.5;27.1;70;48;59.3;-6.8;53;39;57.6;-8.7;1;26;14
2488;124;124;7;1;1;-1;4;0;0;0;0;0;0;11;1;3;7;66;55;73;13;6608;393;1064;92.4;1.6;2.2;39.2;18.5;124;66;65.3;8.9;99;47;67.8;9.8;0;0;0
2489;134;134;7;0;1;4;0;0;0;0;0;0;0;10;2;5;17;76;50;78;7;6059;59;1537;111.5;3.6;1.2;22.0;25.0;70;92;43.2;-4.7;54;64;45.8;0.4;0;0;0
2490;127;127;6;0;1;1;0;0;0;0;0;0;0;3;1;1;2;54;54;51;6;2407;306;67;104.7;3.0;1.5;32.9;34.4;41;35;53.9;3.4;30;26;53.6;3.7;0;3;2
2491;129;129;6;2;2;2;2;0;0;0;0;0;0;5;1;3;1;65;64;65;9;5047;468;693;105.1;2.1;0.7;27.8;27.8;82;62;56.9;8.7;59;49;54.6;4.2;0;11;7
2492;137;137;7;0;2;-1;6;0;0;0;0;0;0;6;1;5;5;61;59;60;3;5465;1428;25;109.5;3.3;2.6;21.1;42.8;51;107;32.3;0.3;41;83;33.1;0.5;0;91;46
2493;125;125;7;1;0;-2;10;0;0;0;0;0;0;4;1;1;3;55;57;51;5;4111;68;699;100.6;1.8;3.5;18.4;39.4;43;87;33.1;-12.6;28;66;29.8;-14.3;0;10;6
2494;128;128;7;0;2;-1;4;0;1;0;0;0;0;5;3;1;0;59;58;55;11;5130;1174;150;97.1;2.1;2.8;28.8;27.4;88;66;57.1;2.3;64;47;57.7;3.8;0;64;36
2495;126;126;7;5;1;1;4;2;1;0;0;0;0;4;1;0;0;70;76;67;21;5204;2613;122;99.2;2.8;1.4;33.2;15.2;90;44;67.2;1.2;66;34;66.0;0.4;1;20;11
2496;127;127;5;0;1;-1;8;0;0;0;0;0;0;5;1;1;13;74;51;78;1;3914;57;1146;97.8;0.9;1.8;23.0;29.4;51;60;45.9;-2.5;33;45;42.3;-6.0;0;1;0
2497;124;124;7;2;5;3;2;0;1;0;0;0;0;9;0;3;2;65;68;57;20;5381;1421;168;100.3;4.7;2.7;44.2;26.1;112;74;60.2;1.6;88;51;63.3;3.3;2;8;4
2498;130;130;7;1;1;-3;0;0;0;0;0;0;0;4;0;5;6;59;60;58;25;6710;1261;962;93.4;2.7;3.8;42.4;29.0;144;82;63.7;-1.2;112;69;61.9;-3.9;0;0;0
2499;136;136;7;0;4;1;6;0;3;0;1;0;0;7;2;2;4;59;54;62;8;6633;514;406;100.8;1.1;1.1;26.1;32.0;97;111;46.6;3.5;70;83;45.8;3.3;0;0;0
2500;137;137;5;2;1;-2;0;0;0;0;0;0;0;5;3;1;12;64;61;61;6;4328;344;541;105.2;2.5;4.2;17.5;45.7;44;101;30.3;-7.3;31;70;30.7;-6.4;1;67;34
2501;137;137;5;0;1;-6;2;0;1;0;0;0;0;8;1;2;10;62;56;74;3;3956;1099;780;95.1;0.9;4.6;20.0;48.2;44;87;33.6;8.0;37;69;34.9;9.3;0;0;0
2503;135;135;6;4;4;0;6;1;1;1;0;0;0;6;2;4;3;67;70;56;24;4965;1178;90;96.6;5.1;5.1;40.6;31.9;95;70;57.6;2.7;71;54;56.8;1.9;0;34;18
2504;131;131;7;0;0;-3;4;0;0;0;0;0;0;6;4;0;30;60;52;71;7;6435;113;1512;99.8;1.1;2.8;17.3;42.0;72;142;33.6;-2.1;46;97;32.2;-2.5;0;0;0
2505;136;136;5;2;1;2;2;1;0;0;0;0;0;7;0;2;2;57;56;57;7;2332;662;0;107.7;3.1;0.0;40.1;37.0;41;42;49.4;8.1;33;32;50.8;8.6;0;0;0
2506;135;135;4;0;3;2;2;0;0;0;1;0;0;2;3;2;0;57;57;56;3;2255;0;523;105.8;3.2;1.6;25.5;23.9;32;25;56.1;8.6;22;20;52.4;4.0;0;19;8
2507;124;124;5;0;0;-2;0;0;0;0;0;0;0;2;0;0;0;53;55;46;2;2472;14;210;95.2;2.9;5.8;20.4;30.6;25;33;43.1;-14.7;21;27;43.8;-15.6;0;9;1
2508;134;134;2;0;0;0;0;0;0;0;0;0;0;0;0;0;0;55;50;56;0;355;71;198;100.0;0.0;0.0;20.3;30.4;5;5;50.0;-1.5;4;4;50.0;-0.4;0;0;0
2509;135;135;6;0;1;1;2;0;0;0;0;0;0;8;1;1;9;65;48;67;6;3165;0;1818;99.7;3.4;2.3;35.3;22.7;49;42;53.8;4.9;38;29;56.7;8.8;0;0;0
2511;135;135;7;2;1;3;4;0;0;0;1;0;0;19;2;4;6;65;55;76;8;6169;700;539;100.1;3.5;2.3;30.3;20.4;80;79;50.3;-4.2;68;54;55.7;3.7;0;0;0
2512;135;135;3;0;0;0;0;0;0;0;0;0;0;1;1;0;1;51;51;51;0;1347;0;0;100.0;0.0;0.0;24.1;13.4;18;15;54.5;1.8;13;8;61.9;10.3;0;5;3
2513;128;128;6;1;2;-1;2;0;0;0;0;0;0;10;0;0;2;59;60;54;7;2406;643;879;97.6;4.5;6.0;26.9;31.4;38;40;48.7;-4.2;27;29;48.2;-3.9;0;35;13
2514;132;132;6;2;1;1;2;0;0;0;0;0;0;2;0;1;4;59;60;52;10;4178;784;73;102.9;3.4;2.6;26.7;25.8;59;72;45.0;-7.9;38;43;46.9;-9.3;1;2;1
2515;127;127;6;1;2;4;2;0;0;0;0;0;0;5;0;1;2;59;58;57;9;3218;288;106;116.0;4.5;0.0;28.0;25.7;44;48;47.8;-3.6;35;34;50.7;1.5;0;23;12
2516;132;132;7;2;5;3;0;0;1;0;0;0;0;5;2;2;4;68;67;65;19;4296;1197;470;101.4;4.2;1.7;31.8;14.2;74;41;64.3;13.6;49;24;67.1;12.6;0;83;49
2517;134;134;5;0;0;1;20;0;0;0;0;0;0;16;0;1;5;62;53;66;7;3492;242;586;102.4;2.1;1.0;23.7;16.5;54;37;59.3;9.3;36;28;56.3;6.7;0;0;0
2518;136;136;7;0;2;-2;0;0;1;0;0;0;0;8;3;1;8;62;53;66;11;6105;387;167;96.8;1.2;2.4;27.7;31.8;94;110;46.1;2.6;69;83;45.4;2.7;0;0;0
2519;130;130;6;2;2;4;2;0;0;0;0;0;0;13;1;1;3;61;67;56;17;5226;73;628;103.4;4.1;1.4;42.7;22.0;107;51;67.7;4.0;85;44;65.9;2.0;0;2;1
2520;134;134;6;1;3;1;0;0;2;0;0;0;0;2;0;3;4;62;62;58;14;3427;791;90;105.5;2.1;1.1;23.1;29.4;42;54;43.8;-5.0;32;41;43.8;-3.6;0;2;0
2521;134;134;7;0;2;4;21;0;0;0;0;0;0;6;0;4;15;69;56;78;7;6270;740;446;110.8;4.0;1.7;25.3;33.9;79;114;40.9;-8.6;58;87;40.0;-8.5;0;0;0
2522;136;136;6;1;2;-2;2;1;1;0;0;0;0;10;0;3;5;72;62;71;16;5331;387;1292;97.6;1.4;2.7;26.3;35.8;67;93;41.9;-4.0;51;68;42.9;-1.5;0;116;48
2523;129;129;7;1;5;4;4;0;1;0;0;0;0;6;0;3;3;65;65;68;15;5207;1736;125;107.0;3.5;0.7;36.6;28.3;82;68;54.7;2.8;66;50;56.9;6.1;0;114;58
2524;134;134;7;0;3;1;2;0;1;0;0;0;0;1;1;5;3;66;66;66;6;5010;1360;154;102.2;2.9;2.2;27.3;25.9;67;76;46.9;0.5;51;58;46.8;1.8;0;16;11
2525;128;128;7;2;2;-2;2;1;1;0;0;0;0;11;2;0;8;67;62;76;17;5808;2132;516;96.4;1.9;3.1;29.1;31.0;105;85;55.3;-0.3;67;67;50.0;-7.2;0;1;0
2527;134;134;6;1;1;0;0;0;1;0;0;0;0;6;1;3;5;70;65;72;11;4374;1709;371;104.6;1.6;0.8;22.2;28.8;69;68;50.4;2.4;42;51;45.2;-3.0;0;93;57
2528;131;131;6;1;0;4;2;0;0;0;0;0;0;10;2;1;6;64;58;66;8;5306;347;1236;116.7;2.7;0.0;16.3;38.7;40;113;26.1;-11.1;29;83;25.9;-9.8;0;111;55
2529;134;134;6;3;1;3;6;0;0;0;0;0;0;10;1;0;5;56;60;52;9;3870;84;731;109.2;4.7;1.9;26.0;21.4;51;50;50.5;1.9;36;36;50.0;2.4;1;10;4
2530;124;124;6;1;0;0;4;0;0;0;0;0;0;5;0;1;1;60;61;58;12;3803;702;46;96.4;2.8;2.8;39.8;26.5;67;49;57.8;-2.6;53;36;59.6;-2.0;0;54;21
2532;134;134;6;2;1;-3;2;0;0;0;0;0;0;5;2;4;2;63;64;60;17;4743;1474;85;92.3;2.3;4.6;29.6;29.6;64;71;47.4;-1.0;52;59;46.8;-0.0;0;87;49
2533;130;130;6;1;0;-1;2;0;0;0;0;0;0;5;2;2;1;63;62;62;10;3146;1470;58;96.4;3.4;5.7;24.0;32.0;47;48;49.5;-18.4;31;37;45.6;-22.6;0;79;46
2535;136;136;6;0;0;-1;2;0;0;0;0;0;0;2;0;0;5;56;54;58;8;2806;0;719;96.6;1.3;2.6;39.8;38.5;43;55;43.9;-1.1;34;41;45.3;0.7;0;0;0
2536;129;129;5;0;1;0;0;0;1;0;0;0;0;2;1;0;0;55;56;52;6;1817;380;181;104.1;2.0;2.0;21.8;39.6;23;29;44.2;-6.8;15;26;36.6;-13.0;0;5;4
2537;131;131;7;1;1;-3;0;0;1;0;0;0;0;6;1;0;8;58;57;58;5;4994;1060;134;96.4;0.7;2.9;15.1;34.6;45;90;33.3;-2.1;32;64;33.3;-0.6;0;9;5
2539;127;127;5;1;1;0;4;0;0;0;0;0;0;2;1;1;1;60;60;58;8;3551;697;103;101.9;2.0;1.0;31.4;22.3;56;47;54.4;7.8;39;37;51.3;4.0;0;6;6
2540;131;131;7;1;2;-2;4;1;1;0;0;0;0;4;0;4;8;57;56;56;13;6350;1311;408;101.0;1.1;2.3;17.0;39.7;65;124;34.4;-0.9;49;90;35.3;2.2;0;0;0
2542;130;130;7;2;3;0;0;1;0;0;0;0;0;6;7;1;5;67;66;64;24;6529;2112;328;93.3;4.4;3.9;40.8;22.1;138;71;66.0;2.4;102;57;64.2;-0.2;1;0;0
2543;131;131;7;4;0;-5;10;3;0;0;0;0;0;6;2;1;5;61;61;60;17;5273;1566;250;92.7;0.7;4.1;21.2;38.9;65;104;38.5;4.8;41;76;35.0;1.7;2;118;55
2545;133;133;6;0;2;-3;2;0;0;0;0;0;0;9;0;0;0;63;61;62;7;3193;959;176;92.1;3.4;6.8;23.7;30.4;37;44;45.7;-1.4;25;35;41.7;-6.1;0;28;16
2546;129;129;6;1;2;0;0;1;1;0;0;0;0;0;0;1;3;61;60;60;6;3679;122;789;100.8;1.0;1.0;26.4;33.3;48;57;45.7;-9.7;36;41;46.8;-9.1;0;32;15
2547;133;133;6;0;4;-4;4;0;1;0;0;0;0;7;2;0;10;58;61;50;11;5581;1053;361;97.0;3.2;5.8;22.6;33.5;65;103;38.7;-12.6;49;69;41.5;-7.8;0;24;11
2548;133;133;7;0;3;0;4;0;0;0;0;0;0;14;1;1;3;63;63;62;5;5868;355;777;97.4;1.2;1.8;27.0;25.8;80;81;49.7;3.4;56;65;46.3;-1.4;0;79;38
2549;127;127;5;3;2;-4;4;0;2;0;0;0;0;4;0;2;7;65;66;56;11;3874;1150;335;94.8;4.6;6.5;32.5;33.5;62;64;49.2;-1.4;42;48;46.7;-4.2;0;82;43
2551;133;133;6;2;2;-1;2;0;0;0;1;0;0;3;0;1;4;58;60;53;8;5037;385;526;94.5;2.9;4.3;23.6;24.3;69;77;47.3;4.7;52;50;51.0;10.1;0;52;29
2552;126;126;7;1;3;3;4;0;1;0;0;0;0;10;2;6;6;65;53;67;13;6643;920;630;100.3;2.7;1.1;45.0;19.0;143;74;65.9;-0.5;107;50;68.2;3.8;0;0;0
2553;128;128;3;0;0;-2;0;0;0;0;0;0;0;4;1;2;6;70;59;71;7;2371;672;835;92.9;0.0;3.0;18.2;42.5;22;43;33.8;-11.8;17;30;36.2;-6.4;0;56;30
2554;126;126;2;0;1;1;2;0;0;0;1;0;0;2;1;1;0;63;53;70;5;1289;484;246;100.0;0.0;0.0;39.1;33.5;22;22;50.0;-21.7;18;15;54.5;-18.2;0;0;0
2555;133;133;7;3;2;2;2;0;1;1;0;0;0;5;4;2;8;66;68;59;15;5944;756;722;101.7;3.6;3.0;27.9;26.6;99;83;54.4;10.6;68;61;52.7;7.9;1;9;3
2556;130;130;1;0;0;-1;0;0;0;0;0;0;0;1;0;0;2;70;75;59;4;915;0;58;66.7;0.0;3.9;63.0;11.8;28;9;75.7;17.7;20;5;80.0;21.9;0;0;0
2557;137;137;4;0;0;0;4;0;0;0;0;0;0;2;0;4;5;63;59;65;5;3388;579;198;103.4;1.1;1.1;17.0;37.2;31;70;30.7;0.5;22;53;29.3;-1.8;0;6;2
2558;131;131;7;0;1;0;8;0;0;0;0;0;0;9;1;2;17;63;55;75;3;6096;74;1093;108.4;2.4;2.4;16.5;40.2;66;127;34.2;-1.2;46;92;33.3;-0.7;0;0;0
2560;129;129;7;1;2;-1;6;0;0;0;0;0;0;7;1;1;3;63;63;60;9;5239;467;1117;95.6;1.4;2.7;28.2;29.5;81;69;54.0;1.9;59;55;51.8;-1.1;0;97;51
2561;124;124;7;1;1;5;0;0;1;0;0;0;0;5;2;4;7;67;67;65;18;6786;1653;733;104.6;3.7;1.1;40.3;22.8;140;98;58.8;-0.4;106;67;61.3;0.4;0;0;0
2562;124;124;7;3;3;2;6;1;0;0;0;0;0;8;2;0;10;62;58;63;21;6897;856;816;98.1;3.7;2.6;38.6;23.0;122;71;63.2;6.0;99;53;65.1;6.0;0;0;0
2563;131;131;6;1;0;-2;2;0;0;0;0;0;0;6;1;1;7;58;57;58;3;5005;78;1067;104.6;1.4;2.9;12.2;40.3;46;97;32.2;-6.1;29;73;28.4;-9.0;0;24;11
2564;128;128;7;3;4;-2;7;0;3;0;0;1;0;8;2;1;2;64;67;57;22;4896;2357;258;92.3;3.7;5.1;36.0;28.7;97;70;58.1;3.7;70;54;56.5;2.2;1;1;0
2565;124;124;7;0;1;-4;8;0;0;0;0;0;0;7;3;4;7;65;63;64;12;6355;376;1129;89.8;0.6;2.8;33.4;23.8;107;84;56.0;-4.4;80;55;59.3;-2.4;0;98;47
2566;135;135;7;2;7;-3;8;0;3;0;0;0;0;3;1;1;5;66;70;55;19;5597;1338;93;95.3;3.9;5.1;37.3;34.1;96;91;51.3;-3.0;73;70;51.0;-3.0;1;111;51
2568;132;132;3;0;0;2;8;0;0;0;0;0;0;10;0;4;5;66;51;67;5;3077;93;563;105.3;3.5;1.2;29.2;17.5;55;38;59.1;10.1;39;24;61.9;8.2;0;0;0
2569;124;124;4;0;1;-4;0;0;0;0;0;0;0;5;2;1;3;54;59;49;6;2740;0;822;84.8;1.3;6.6;32.8;34.2;47;43;52.2;-9.7;38;32;54.3;-9.1;0;28;14
2570;136;136;4;2;0;1;6;1;0;0;0;0;0;3;0;0;1;58;59;55;9;2559;214;147;104.0;2.8;1.4;29.5;25.3;36;36;50.0;2.0;25;30;45.5;-5.1;1;5;3
2571;134;134;7;1;1;-1;0;0;0;0;0;0;0;9;4;2;3;69;68;68;18;5667;1985;233;98.3;2.5;2.5;32.4;26.7;88;75;54.0;10.6;65;60;52.0;9.4;0;19;12
2572;136;136;6;0;2;-3;0;0;0;0;0;0;0;1;2;0;1;57;59;51;7;3966;504;153;92.3;1.8;4.5;38.1;36.3;74;71;51.0;7.6;53;58;47.7;3.9;0;7;3
2573;135;135;7;1;2;4;4;0;0;0;0;0;0;11;0;1;4;57;55;59;12;6226;82;839;104.4;3.5;1.7;35.3;31.8;104;94;52.5;-1.3;76;77;49.7;-5.3;0;2;1
2574;135;135;7;0;1;2;6;0;0;0;0;0;0;15;3;0;7;60;60;56;11;4498;81;1308;100.6;3.2;1.6;38.4;20.8;78;58;57.4;5.2;62;38;62.0;11.6;0;77;38
2575;133;133;6;0;3;-3;12;0;1;0;0;0;0;4;4;0;3;61;60;63;8;5079;1653;0;102.2;2.1;3.5;17.7;36.1;44;87;33.6;-14.5;31;65;32.3;-16.3;0;68;36
2576;125;125;7;2;3;-4;4;0;0;0;0;0;0;3;0;3;1;62;64;54;8;4816;1821;0;100.6;3.0;4.5;26.9;42.6;61;93;39.6;-4.5;43;74;36.8;-5.9;0;89;47
2577;130;130;7;1;3;-1;6;0;0;0;0;0;0;7;1;1;3;62;65;56;15;6170;307;525;85.7;2.3;2.9;40.8;14.6;135;50;73.0;12.3;100;36;73.5;13.2;1;85;32
2578;133;133;7;2;4;-4;0;1;2;0;0;0;0;8;3;0;4;65;62;66;20;4284;1682;0;90.5;2.5;5.0;32.8;29.4;66;62;51.6;5.6;54;44;55.1;10.3;0;78;48
2580;128;128;7;1;6;-3;2;0;2;0;0;0;0;17;1;2;6;67;68;58;14;4775;1613;352;85.8;4.5;6.8;44.5;27.9;96;64;60.0;6.3;76;51;59.8;7.1;0;99;51
2581;125;125;5;0;1;4;2;0;0;0;0;0;0;7;0;1;6;63;51;64;4;2496;0;1187;112.2;8.7;2.9;38.9;28.8;42;35;54.5;8.1;30;24;55.6;10.7;0;0;0
2582;137;137;4;0;5;0;6;0;1;0;0;0;0;5;1;1;1;68;66;63;5;3640;672;255;105.3;3.0;3.0;21.8;35.6;49;71;40.8;4.1;34;52;39.5;2.8;0;57;29
2583;128;128;7;1;0;-3;6;0;0;0;0;0;0;5;0;1;2;59;59;56;13;5142;138;993;94.0;1.4;3.5;31.5;33.6;82;72;53.2;-3.1;60;54;52.6;-3.1;0;5;2
2584;124;124;7;4;3;-3;2;1;0;0;0;0;0;5;2;2;5;70;72;55;35;5920;1608;0;91.5;3.6;5.5;38.3;30.4;108;82;56.8;-3.2;83;60;58.0;-4.2;1;14;7
2585;128;128;6;1;3;1;2;0;2;0;0;0;0;7;1;0;15;68;66;75;15;4914;1516;136;97.5;2.9;2.2;30.8;18.3;85;48;63.9;11.4;63;33;65.6;14.4;0;0;0
2588;125;125;7;1;1;-3;2;0;0;0;0;0;0;8;0;1;5;66;63;75;17;5880;2040;552;98.7;1.8;2.4;26.9;30.0;84;90;48.3;7.4;64;69;48.1;9.9;0;0;0
2590;128;128;7;1;2;-4;2;1;1;0;0;0;0;3;6;3;8;65;59;74;24;6010;2584;565;88.8;0.6;3.0;35.9;23.4;111;69;61.7;9.1;82;50;62.1;10.6;0;0;0
2591;133;133;4;2;0;-3;0;2;0;0;0;0;0;4;1;2;5;66;66;61;11;3404;860;31;94.3;1.1;3.2;21.2;29.6;37;49;43.0;-8.0;29;39;42.6;-7.6;0;4;3
2592;133;133;7;3;2;-5;4;0;0;0;1;0;0;10;1;0;4;53;61;47;6;5794;859;708;90.1;3.1;6.2;24.2;27.3;70;81;46.4;-1.3;52;60;46.4;-1.2;0;24;8
2593;126;126;5;0;4;1;0;0;2;0;0;0;0;4;0;0;4;61;57;62;12;3364;840;360;98.6;4.3;2.1;47.1;20.3;73;32;69.5;4.1;61;26;70.1;7.1;0;0;0
2594;136;136;5;2;2;0;0;0;2;1;0;0;0;3;2;2;3;63;62;62;15;3550;420;370;90.9;2.0;3.0;44.6;22.3;62;51;54.9;16.2;50;41;54.9;15.2;0;61;32
2595;126;126;6;0;3;1;2;0;1;0;0;0;0;9;2;2;2;66;59;66;13;4477;403;1120;100.6;1.6;0.8;31.4;17.7;84;46;64.6;-3.2;64;35;64.6;-2.2;0;88;39
2597;131;131;3;0;1;-2;0;0;0;0;0;0;0;4;0;1;0;57;58;50;2;1376;158;121;104.2;2.6;7.8;13.1;49.7;13;32;28.9;-5.9;9;26;25.7;-7.9;0;0;0
2599;124;124;6;0;0;-1;4;0;0;0;0;0;0;1;2;2;6;56;51;64;5;2656;307;498;92.4;2.7;4.1;36.6;27.1;54;48;52.9;-6.3;38;28;57.6;-2.8;0;0;0
2600;132;132;7;1;5;5;2;0;2;0;0;0;0;10;0;3;3;67;67;64;8;4656;1036;402;105.6;6.2;2.3;37.9;21.6;71;67;51.4;-2.8;59;46;56.2;-1.0;0;73;44
2601;137;137;5;2;0;1;4;0;0;0;0;0;0;18;1;3;10;64;61;64;10;4311;348;504;108.2;2.5;1.7;20.0;39.2;41;95;30.1;-4.3;31;68;31.3;-4.6;1;13;4
2602;130;130;7;0;8;-2;2;0;5;0;0;0;0;6;0;3;2;67;69;59;25;4622;2172;0;91.2;3.1;3.9;39.7;23.4;92;51;64.3;-0.2;68;38;64.2;-0.1;0;3;0
2603;137;137;1;0;0;0;0;0;0;0;0;0;0;0;0;0;1;51;50;52;0;442;0;0;0.0;0.0;0.0;0.0;48.9;3;11;21.4;-17.0;1;6;14.3;-23.2;0;1;0
2604;124;124;7;0;4;1;0;0;1;0;0;0;0;7;2;2;4;67;67;61;29;5504;1509;58;100.4;1.3;0.7;39.9;22.9;101;71;58.7;-0.5;77;51;60.2;-1.1;0;2;1
2605;126;126;6;3;5;0;2;1;4;0;0;0;0;3;1;2;4;73;73;65;22;5028;1921;317;93.5;2.9;2.9;39.4;20.8;101;48;67.8;3.1;78;39;66.7;3.3;0;0;0
2607;124;124;3;0;0;-2;0;0;0;0;0;0;0;0;2;1;1;53;53;50;2;1272;0;373;75.0;0.0;5.7;39.6;22.6;25;13;65.8;-1.4;20;10;66.7;-3.1;0;28;16
2608;127;127;6;1;0;2;2;0;0;0;0;0;0;11;1;1;3;55;54;53;7;3683;38;347;106.3;2.0;0.0;31.3;29.3;61;61;50.0;-1.4;43;43;50.0;-0.5;1;11;6
2609;132;132;5;2;1;-1;0;0;0;0;0;0;0;2;0;1;5;64;58;67;3;4009;309;873;95.2;2.7;3.6;31.4;26.9;64;69;48.1;-0.1;44;46;48.9;-2.6;0;0;0
2611;134;134;5;1;1;1;4;1;0;0;0;0;0;6;0;0;2;58;58;58;7;2869;8;485;109.1;1.3;0.0;13.8;33.9;26;51;33.8;-10.1;16;40;28.6;-15.5;1;26;12
2613;133;133;7;1;2;-3;6;0;0;1;1;0;0;6;4;1;14;53;51;54;16;6733;119;1287;89.9;2.1;4.8;28.3;27.3;93;100;48.2;1.4;75;72;51.0;5.8;0;0;0
2614;125;125;7;1;5;4;0;1;2;0;0;0;0;9;3;5;8;67;61;79;16;5804;1607;660;111.8;5.0;1.9;28.5;33.5;81;96;45.8;3.9;57;73;43.8;3.8;0;0;0
2615;135;135;7;0;6;-2;2;0;4;0;1;0;0;4;0;0;10;63;60;67;13;5910;1030;1020;94.7;3.0;4.9;34.7;34.7;107;87;55.2;2.7;76;68;52.8;-0.5;0;0;0
2616;129;129;4;1;0;1;2;0;0;0;0;0;0;1;2;1;3;50;50;48;2;1891;0;69;106.3;5.7;3.8;30.5;30.5;27;32;45.8;-7.1;23;18;56.1;2.6;0;2;2
2617;133;133;6;2;2;0;0;0;1;0;0;0;0;4;3;2;3;57;58;52;9;4275;879;0;102.9;3.4;3.4;23.6;29.5;54;63;46.2;-0.9;36;47;43.4;-4.0;0;0;0
2618;125;125;7;1;2;0;0;0;0;0;0;0;0;3;2;0;4;54;58;50;7;5157;68;694;101.0;2.8;2.8;31.4;35.6;79;91;46.5;4.9;57;71;44.5;4.8;0;14;7
2619;137;137;7;2;2;-5;2;0;0;0;0;0;0;10;1;1;10;58;56;63;8;5571;1601;188;101.9;3.2;5.2;25.2;47.2;73;121;37.6;8.0;52;93;35.9;4.5;0;0;0
2620;132;132;7;2;5;3;8;1;4;0;0;0;0;5;1;1;11;74;72;74;15;6041;2233;304;104.5;3.0;1.2;28.6;20.3;90;85;51.4;-3.1;67;53;55.8;-1.6;0;0;0
2622;133;133;3;0;0;-1;2;0;0;0;0;0;0;0;1;0;0;50;48;54;0;918;108;69;88.9;0.0;3.9;23.5;35.3;13;17;43.3;-4.0;8;11;42.1;-6.4;0;4;2
2623;130;130;4;0;1;1;0;0;0;0;0;0;0;4;2;1;1;60;47;61;0;850;12;692;114.3;4.2;0.0;29.6;25.4;11;9;55.0;-5.6;10;8;55.6;-5.2;0;0;0
2624;133;133;7;0;2;-1;16;0;0;0;0;0;0;12;5;4;17;60;49;62;8;6790;292;1052;98.4;2.1;2.7;27.0;28.1;97;96;50.3;4.6;65;69;48.5;1.8;0;2;2
2625;135;135;2;1;1;3;0;1;0;0;0;0;0;0;0;0;0;60;63;51;4;827;158;0;127.3;13.1;0.0;47.9;17.4;16;10;61.5;-5.6;12;7;63.2;-4.0;0;0;0
2626;128;128;3;0;0;-1;2;0;0;0;0;0;0;1;0;0;5;53;53;55;4;1322;0;562;89.1;2.7;5.4;30.0;27.2;22;18;55.0;1.2;14;10;58.3;3.9;0;0;0
2627;137;137;3;1;0;-2;0;0;0;0;0;0;0;1;0;0;3;51;54;47;1;2127;18;143;113.2;1.7;5.1;8.5;74.5;11;74;12.9;-21.6;8;54;12.9;-23.5;0;5;1
2628;124;124;7;0;0;0;4;0;0;0;0;0;0;8;4;1;3;56;55;59;10;5175;493;362;96.2;2.1;2.1;41.7;23.7;95;56;62.9;5.1;78;42;65.0;5.3;0;1;0
2629;134;134;4;0;1;0;16;0;0;0;0;0;0;3;1;0;2;59;47;62;0;3399;0;512;98.4;2.1;2.1;29.7;24.4;61;41;59.8;8.3;40;31;56.3;5.3;0;0;0
2630;127;127;7;1;1;1;0;0;0;0;0;0;0;6;1;0;0;51;53;50;6;3833;0;1237;102.3;3.8;2.8;26.3;23.5;57;51;52.8;4.1;41;36;53.2;5.7;0;25;7
2631;125;125;7;0;0;-3;4;0;0;0;0;0;0;0;1;0;3;54;54;53;6;3058;0;899;97.1;1.2;4.7;17.7;49.4;30;68;30.6;-14.8;20;54;27.0;-16.9;0;12;6
2633;137;137;7;0;1;-5;2;0;0;0;0;0;0;3;0;1;8;52;55;48;7;4410;86;117;95.0;0.8;4.9;18.8;52.2;44;111;28.4;-4.7;32;80;28.6;-5.4;0;15;4
2634;125;125;7;4;1;3;4;1;0;0;0;0;0;0;2;1;6;60;61;53;16;4992;500;11;106.1;4.3;2.2;36.1;36.8;92;87;51.4;12.0;64;66;49.2;11.4;0;94;46
2636;133;133;7;0;1;-5;2;0;0;0;1;0;0;7;2;2;9;60;48;62;5;5258;108;1098;92.7;2.1;6.2;19.2;34.2;56;94;37.3;-13.7;42;65;39.3;-10.9;0;0;0
2637;136;136;3;0;0;0;2;0;0;0;0;0;0;0;0;1;3;52;51;58;1;653;262;78;100.0;0.0;0.0;16.5;49.6;5;17;22.7;-18.5;4;13;23.5;-15.0;0;0;0
2638;132;132;6;2;5;0;2;0;3;0;0;0;0;2;4;2;6;65;69;55;9;4219;1041;182;99.0;2.6;2.6;27.3;24.7;64;74;46.4;-10.1;48;53;47.5;-12.7;1;2;1
2639;128;128;5;0;0;-3;0;0;0;0;0;0;0;2;3;1;4;52;47;52;1;1397;23;1331;73.3;2.6;10.3;38.7;30.9;26;17;60.5;1.6;20;14;58.8;1.2;0;0;0
2640;135;135;7;3;1;4;2;0;0;0;0;0;0;4;0;2;6;60;55;59;10;4555;82;1933;102.8;6.3;3.2;34.8;20.5;69;60;53.5;0.1;52;36;59.1;7.5;1;0;0
2641;127;127;2;0;0;2;0;0;0;0;0;0;0;2;0;1;0;68;54;68;2;1559;0;377;105.1;6.9;2.3;39.3;18.5;27;15;64.3;21.6;23;10;69.7;29.0;0;0;0
2642;132;132;6;0;1;3;4;0;0;0;0;0;0;4;1;0;6;57;52;62;3;2432;84;872;108.1;4.4;1.5;28.1;19.2;38;30;55.9;4.8;23;21;52.3;-2.6;0;0;0
2643;126;126;7;1;4;3;8;0;0;0;1;0;0;6;1;1;1;56;57;55;7;4751;0;784;95.2;3.8;2.3;49.3;18.2;111;43;72.1;7.9;84;34;71.2;7.5;0;63;34
2644;130;130;3;0;0;-3;0;0;0;0;0;0;0;0;1;0;0;53;54;45;4;1782;87;1;82.4;0.0;6.1;38.4;34.3;28;26;51.9;-14.6;22;21;51.2;-15.5;0;0;0
2645;125;125;5;0;0;-3;0;0;0;0;0;0;0;0;1;0;1;51;51;49;1;2118;0;153;86.4;0.0;5.1;17.0;37.4;23;40;36.5;-10.1;15;30;33.3;-11.8;0;25;11
2646;137;137;6;0;0;-1;2;0;0;0;0;0;0;3;0;2;14;60;53;71;2;5594;84;807;110.3;2.6;3.2;15.4;50.2;43;149;22.4;-19.8;35;110;24.1;-17.4;0;5;2
2647;131;131;4;0;1;-1;2;0;1;0;0;0;0;1;1;0;3;55;54;56;1;1752;276;154;88.9;0.0;2.1;4.1;18.5;9;25;26.5;-8.7;7;16;30.4;-3.3;0;26;15
2648;130;130;4;0;0;0;4;0;0;0;0;0;0;4;2;1;0;51;51;49;2;1650;13;71;97.6;4.4;4.4;30.5;26.2;24;25;49.0;-15.2;20;17;54.1;-9.8;0;5;2
2649;131;131;7;0;1;1;4;0;0;0;0;0;0;2;0;0;3;51;49;52;2;2354;0;749;106.3;1.5;0.0;24.5;35.2;32;38;45.7;12.1;24;29;45.3;13.1;0;0;0
2650;126;126;4;0;1;2;2;0;1;0;0;0;0;1;0;2;0;56;55;58;3;1750;759;0;113.3;4.1;0.0;30.9;18.5;37;18;67.3;4.2;25;11;69.4;5.2;0;17;7
2652;132;132;4;1;1;5;6;0;0;0;0;0;0;1;0;1;0;57;59;53;10;2221;227;31;119.2;8.1;0.0;42.1;17.8;39;22;63.9;13.9;30;14;68.2;16.8;1;4;3
2653;137;137;3;0;0;0;0;0;0;0;0;0;0;3;1;0;1;53;51;55;2;1144;0;166;100.5;3.1;3.1;44.1;47.2;22;21;51.2;22.2;18;18;50.0;22.1;0;14;6
2654;136;136;3;0;0;1;2;0;0;0;0;0;0;3;0;0;2;56;52;57;0;1085;0;601;100.0;0.0;0.0;13.3;63.0;7;34;17.1;-32.9;7;25;21.9;-22.2;0;5;2
2656;125;125;2;0;0;0;2;0;0;0;0;0;0;0;0;0;0;49;52;45;2;701;70;0;107.6;5.1;5.1;30.8;56.5;9;17;34.6;-1.0;6;13;31.6;-2.1;0;0;0
2657;131;131;3;0;0;-1;2;0;0;0;0;0;0;1;0;0;3;50;50;51;0;1213;0;33;91.7;0.0;3.0;11.9;35.6;13;22;37.1;-1.7;7;14;33.3;-4.8;0;10;4
2659;126;126;1;0;0;0;0;0;0;0;0;0;0;1;1;2;0;62;43;65;0;704;0;92;100.0;0.0;0.0;35.8;25.6;11;10;52.4;-22.6;9;8;52.9;-26.3;0;0;0
2662;130;130;3;0;0;-1;0;0;0;0;0;0;0;2;0;0;1;56;57;56;2;1733;0;701;90.0;0.0;2.1;22.9;20.8;27;19;58.7;-10.1;18;15;54.5;-13.9;0;20;11
2663;130;130;4;0;1;1;0;0;0;0;0;0;0;1;0;0;0;52;54;49;2;1578;0;91;102.2;4.6;2.3;43.3;27.4;27;19;58.7;-8.4;19;14;57.6;-9.0;0;7;0
2664;136;136;2;0;0;0;0;0;0;0;0;0;0;0;0;0;0;50;51;48;0;708;0;51;100.0;0.0;0.0;20.3;66.1;7;22;24.1;-29.5;6;18;25.0;-22.4;0;15;8
2666;131;131;2;0;0;-3;0;0;0;0;0;0;0;0;1;0;0;45;48;42;1;770;0;0;75.0;0.0;14.0;23.4;56.1;7;19;26.9;-3.5;5;16;23.8;-4.6;0;6;2
2667;127;127;1;0;0;0;0;0;0;0;0;0;0;0;1;0;0;47;45;53;1;244;132;0;0.0;0.0;0.0;44.3;0.0;7;4;63.6;32.1;5;4;55.6;22.9;0;8;4
2668;124;124;2;0;1;1;0;0;0;0;0;0;0;0;0;0;0;54;54;53;0;433;0;19;133.3;8.3;0.0;24.9;24.9;5;6;45.5;-21.7;4;4;50.0;-20.6;0;0;0
2669;130;130;2;0;1;-1;0;0;0;0;0;0;0;0;0;0;1;53;55;47;1;760;0;24;85.7;0.0;4.7;42.6;33.2;15;11;57.7;-8.0;11;9;55.0;-10.0;0;1;1
2670;130;130;1;0;0;-1;0;0;0;0;0;0;0;0;0;0;0;50;53;43;0;430;0;0;66.7;0.0;8.4;16.7;25.1;4;6;40.0;-27.2;4;5;44.4;-22.9;0;0;0
2676;137;137;6;0;2;-2;6;0;0;0;0;0;0;5;1;0;2;56;55;58;8;5830;453;422;101.8;1.9;3.1;20.4;42.6;67;120;35.8;5.4;48;84;36.4;5.5;0;0;0
2677;137;137;3;0;0;-1;0;0;0;0;0;0;0;0;0;0;0;50;51;47;1;1320;13;0;94.7;0.0;2.7;10.9;51.8;8;38;17.4;-16.7;6;29;17.1;-18.7;0;13;7
2678;131;131;1;0;0;-2;2;0;0;0;0;0;0;0;0;0;0;46;52;37;0;409;0;0;0.0;0.0;17.6;0.0;70.4;2;9;18.2;-19.3;0;8;0.0;-32.6;0;0;0
2680;124;124;1;0;0;1;0;0;0;0;0;0;0;0;0;0;0;50;50;48;0;453;0;0;125.0;7.9;0.0;31.8;31.8;6;5;54.5;5.3;5;5;50.0;2.9;0;0;0
2681;132;132;2;1;0;1;0;0;0;0;0;0;0;0;0;0;0;51;53;46;1;751;0;0;100.0;9.6;4.8;19.2;9.6;5;8;38.5;-17.4;4;3;57.1;-4.0;0;0;0
2683;136;136;1;0;0;0;0;0;0;0;0;0;0;0;0;0;0;49;50;47;1;519;0;0;100.0;0.0;0.0;34.7;34.7;7;13;35.0;-8.8;5;10;33.3;-5.0;0;0;0
2692;134;134;2;0;0;-2;0;0;0;0;0;0;0;0;1;0;1;52;52;54;2;1551;36;112;80.0;0.0;4.6;30.2;23.2;21;25;45.7;12.6;17;22;43.6;8.3;0;0;0
2695;132;132;1;0;0;0;0;0;0;0;0;0;0;0;0;0;0;51;50;52;0;98;0;0;0.0;0.0;0.0;0.0;0.0;0;1;0.0;-66.2;0;0;0.0;-72.5;0;0;0
2696;136;136;3;0;0;0;0;0;0;0;0;0;0;7;0;0;2;58;60;56;5;2045;0;185;104.5;1.8;1.8;19.4;38.7;30;37;44.8;-6.9;16;30;34.8;-18.9;0;29;14
2697;131;131;6;0;2;-2;2;0;0;0;0;0;0;3;0;2;6;54;55;52;5;2946;227;146;100.0;2.4;4.9;18.3;36.7;31;56;35.6;0.7;22;40;35.5;1.0;0;0;0
2699;130;130;7;2;3;0;2;1;2;0;0;0;0;4;3;0;9;65;58;70;19;6295;833;1113;97.1;1.7;1.7;40.0;24.0;134;70;65.7;1.9;100;53;65.4;1.7;0;0;0
2700;136;136;7;0;2;-2;0;0;0;0;0;0;0;17;0;4;19;59;53;60;4;6563;111;1316;98.3;1.6;3.3;21.9;35.7;71;123;36.6;-11.3;53;96;35.6;-11.7;0;0;0
2702;147;147;7;1;5;3;0;0;1;0;0;0;0;2;3;3;5;67;55;74;3;5794;795;360;111.0;5.6;3.7;23.0;28.0;73;92;44.2;1.6;49;69;41.5;0.9;0;0;0
2703;148;148;6;1;1;-2;2;1;1;0;0;0;0;1;2;3;0;62;63;59;15;3997;1594;0;88.5;0.9;2.7;42.3;19.8;84;37;69.4;11.8;68;29;70.1;12.3;0;9;8
2704;139;139;3;0;0;-3;0;0;0;0;0;0;0;0;0;2;4;66;47;67;0;2593;0;237;93.7;1.4;5.6;15.3;36.1;27;51;34.6;-6.2;19;35;35.2;-4.0;0;0;0
2705;144;144;5;1;0;-1;4;1;0;0;0;0;0;1;0;0;8;65;63;66;8;4464;589;111;101.6;0.8;0.8;19.4;31.5;55;71;43.7;-2.4;39;49;44.3;-3.8;1;9;6
2706;140;140;6;0;2;2;2;0;0;0;0;0;0;6;2;4;8;69;53;71;5;5646;156;832;103.7;3.2;1.9;31.2;29.3;87;87;50.0;-4.9;66;62;51.6;-2.4;0;0;0
2707;145;145;5;0;1;-1;4;0;0;0;0;0;0;7;2;0;13;62;53;75;8;5260;391;580;95.9;2.1;2.7;30.8;25.3;67;80;45.6;-11.2;55;57;49.1;-8.0;0;0;0
2708;142;142;6;4;3;4;2;2;0;0;0;0;0;12;3;2;0;63;63;59;11;4667;1328;46;116.3;4.6;0.8;24.7;30.9;55;69;44.4;-3.5;43;56;43.4;-4.2;1;2;1
2709;150;150;3;0;2;1;0;0;1;0;0;0;0;1;0;1;3;70;67;73;8;2873;695;160;103.7;2.5;1.3;33.8;33.8;46;35;56.8;1.2;33;30;52.4;-0.8;0;0;0
2710;139;139;2;0;0;-1;0;0;0;0;0;0;0;2;3;0;0;44;43;44;2;906;0;0;72.5;4.0;7.9;31.8;19.9;12;9;57.1;-1.2;9;6;60.0;1.3;0;0;0
2711;143;143;1;0;0;0;0;0;0;0;0;0;0;0;0;0;0;50;49;52;0;358;0;0;100.0;0.0;0.0;10.1;50.3;1;6;14.3;-55.1;1;6;14.3;-52.4;0;0;0
2712;146;146;1;0;0;-1;0;0;0;0;0;0;0;0;0;0;0;49;52;42;0;329;0;0;0.0;0.0;10.9;0.0;32.8;1;6;14.3;-45.7;0;4;0.0;-57.4;0;0;0
2713;151;151;6;0;0;-1;4;0;0;0;0;0;0;7;0;1;0;59;57;59;6;2848;1483;0;95.6;1.3;2.5;35.4;31.6;43;42;50.6;-5.9;33;32;50.8;-4.9;0;81;43
2714;148;148;7;2;1;2;18;0;0;0;1;0;0;12;1;0;0;54;59;48;14;5443;107;403;87.0;4.0;3.3;41.0;14.6;104;49;68.0;11.3;78;33;70.3;13.7;0;8;5
2715;143;143;1;0;0;0;0;0;0;0;0;0;0;0;0;0;0;50;52;50;0;369;0;76;100.0;0.0;0.0;9.8;48.8;1;6;14.3;-55.1;1;6;14.3;-52.4;0;1;0
2716;147;147;5;0;3;2;0;0;0;0;0;0;0;3;1;1;0;55;56;53;3;2896;258;150;116.5;5.0;2.5;23.6;54.7;33;70;32.0;-12.6;23;56;29.1;-12.6;0;40;18
2717;140;140;4;0;0;2;0;0;0;0;0;0;0;0;1;1;0;52;52;51;4;1660;0;126;113.3;4.3;0.0;32.5;28.2;37;20;64.9;13.5;27;16;62.8;11.1;0;7;3
2718;152;152;6;0;0;-3;4;0;0;0;0;0;0;4;2;1;9;53;51;53;4;3800;0;723;89.7;0.0;2.8;12.3;27.5;32;59;35.2;-11.6;21;40;34.4;-12.5;0;38;21
2719;146;146;7;1;5;4;4;0;1;0;0;0;0;13;4;0;2;67;57;73;23;6438;1179;412;100.4;4.5;2.2;40.8;21.2;125;76;62.2;12.4;94;56;62.7;12.3;1;0;0
2720;150;150;6;0;1;-2;4;0;0;0;0;0;0;13;5;2;3;66;52;75;16;6135;1434;396;97.0;2.3;3.5;27.6;30.5;88;84;51.2;1.8;60;73;45.1;-3.5;0;0;0
2721;149;149;7;0;0;0;0;0;0;0;0;0;0;11;0;3;7;68;51;69;7;6636;21;852;101.7;1.1;1.1;19.0;27.1;65;90;41.9;-1.9;49;69;41.5;-1.4;0;0;0
2722;138;138;5;0;1;2;0;0;0;0;0;0;0;1;3;0;0;52;50;52;4;2322;18;201;108.7;3.1;0.0;35.7;18.6;33;23;58.9;1.0;26;20;56.5;-1.4;0;36;24
2723;142;142;4;1;2;0;2;0;0;0;0;0;0;0;0;1;0;60;60;57;5;2504;269;47;106.6;2.9;2.9;23.0;48.9;32;39;45.1;-2.6;23;37;38.3;-9.5;0;33;14
2725;143;143;4;5;2;5;0;0;1;0;0;0;0;7;1;0;0;69;70;55;17;2835;569;0;102.9;7.6;1.3;44.4;8.9;72;19;79.1;28.9;50;11;82.0;29.8;0;0;0
2726;143;143;1;1;0;0;0;0;0;0;0;0;0;3;1;0;1;51;55;49;1;468;0;0;95.0;7.7;7.7;38.5;30.8;6;8;42.9;-20.5;5;6;45.5;-15.9;1;0;0
2729;153;153;6;1;4;-2;6;1;1;0;0;0;0;3;1;3;4;53;56;50;3;3797;304;0;101.8;3.8;5.7;25.6;43.6;43;82;34.4;-11.2;33;54;37.9;-8.3;0;0;0
2730;138;138;5;0;0;0;0;0;0;0;0;0;0;1;1;2;0;53;53;49;7;2267;49;0;96.3;1.6;1.6;39.7;20.6;36;23;61.0;5.2;29;17;63.0;6.6;0;0;0
2732;147;147;6;0;0;0;2;0;0;0;0;0;0;2;2;0;10;58;49;60;1;3955;0;881;108.7;3.6;3.6;20.0;38.2;48;73;39.7;-5.1;35;57;38.0;-4.6;0;0;0
2734;141;141;3;0;0;0;0;0;0;0;0;0;0;0;0;0;1;54;51;55;0;1364;0;0;100.0;0.0;0.0;21.1;39.6;15;24;38.5;-11.5;10;18;35.7;-14.3;0;13;5
2735;153;153;3;0;0;-1;2;0;0;0;0;0;0;1;0;1;2;57;59;54;3;1817;0;48;95.2;0.0;2.0;35.7;41.6;27;37;42.2;-2.9;21;27;43.8;-2.7;0;3;2
2736;148;148;7;2;2;4;4;0;0;0;0;0;0;13;0;1;4;57;64;56;14;6475;185;487;105.2;2.8;0.6;32.8;17.2;111;75;59.7;-0.0;79;46;63.2;4.4;0;18;9
2737;144;144;1;0;0;-1;0;0;0;0;0;0;0;1;0;0;0;55;53;57;2;807;0;38;87.5;0.0;4.5;8.9;35.7;5;18;21.7;-28.3;3;10;23.1;-27.8;0;0;0
2738;147;147;6;2;0;1;2;0;0;0;0;0;0;2;1;2;3;61;61;59;10;4717;504;401;111.9;3.8;2.3;21.4;38.2;74;84;46.8;4.4;49;65;43.0;1.9;0;9;5
2739;142;142;5;0;1;0;2;0;0;0;0;0;0;6;1;0;3;60;56;65;3;2947;443;296;104.7;2.4;2.4;22.0;37.9;30;47;39.0;-10.1;23;41;35.9;-14.5;0;36;18
2740;143;143;6;0;0;1;4;0;0;0;0;0;0;4;3;5;9;56;53;59;11;6086;160;656;99.3;4.7;4.1;31.9;26.6;96;82;53.9;-2.6;75;60;55.6;-1.0;0;0;0
2741;149;149;5;1;1;-2;2;0;0;0;0;0;0;3;1;0;2;54;55;50;4;2093;506;179;110.7;5.2;5.2;20.6;36.1;22;34;39.3;-3.4;15;27;35.7;-6.1;0;24;14
2742;139;139;3;0;1;0;2;0;0;0;0;0;0;4;2;0;1;55;55;54;5;2229;161;0;100.0;1.6;1.6;27.5;27.5;45;34;57.0;13.3;30;25;54.5;11.1;0;0;0
2743;152;152;5;0;1;-2;0;0;0;0;0;0;0;3;1;4;6;55;55;55;8;3748;643;0;98.2;1.9;3.8;27.9;44.2;50;71;41.3;5.5;36;51;41.4;3.3;0;10;3
2744;144;144;5;1;1;0;4;1;1;0;0;0;0;5;2;1;10;62;55;70;14;4700;980;83;100.0;0.0;0.0;23.7;31.4;63;76;45.3;-1.9;49;59;45.4;-4.4;0;0;0
2745;139;139;1;0;0;0;0;0;0;0;0;0;0;0;1;1;1;54;46;60;0;846;53;21;100.0;0.0;0.0;17.0;29.8;12;14;46.2;-18.5;8;9;47.1;-15.4;0;0;0
2746;151;151;4;0;0;1;2;0;0;0;0;0;0;3;1;0;0;55;54;59;9;2188;754;0;115.6;3.3;1.6;14.8;24.7;23;24;48.9;1.8;14;18;43.8;-2.1;0;4;3
2747;147;147;7;1;4;-1;4;0;1;0;0;0;0;6;5;1;21;60;56;64;14;7301;955;1165;105.8;4.4;4.4;28.1;44.4;113;140;44.7;2.6;80;113;41.5;1.0;0;0;0
2748;148;148;7;1;2;1;2;0;2;0;0;0;0;5;3;4;1;58;53;61;18;5325;1016;41;98.9;2.7;2.0;33.8;22.3;87;69;55.8;-5.4;66;42;61.1;1.4;1;0;0
2749;138;138;7;5;2;9;2;1;0;1;0;0;0;9;1;2;1;68;69;61;23;6560;963;466;110.5;6.0;1.6;37.3;29.1;113;97;53.8;-7.2;92;72;56.1;-4.3;2;21;11
2750;139;139;5;0;0;-5;6;0;0;0;0;0;0;6;3;1;10;51;49;52;6;5083;108;474;84.8;0.7;4.2;24.1;23.4;76;68;52.8;-1.3;47;47;50.0;-3.7;0;0;0
2751;139;139;7;1;0;-1;4;0;0;0;0;0;0;8;2;4;6;69;59;69;8;5150;304;1172;97.1;2.1;2.8;30.8;28.7;86;77;52.8;2.8;60;54;52.6;2.8;0;96;42
2752;145;145;7;0;5;4;4;0;0;0;0;0;0;5;3;3;7;61;60;59;11;5299;139;951;107.2;4.1;1.4;32.6;25.8;77;70;52.4;0.2;59;51;53.6;-0.3;0;25;10
2753;149;149;6;0;1;1;0;0;0;0;0;0;0;10;0;0;4;60;54;67;4;4571;305;296;106.8;3.2;2.4;20.5;27.6;46;66;41.1;-5.2;37;53;41.1;-3.7;0;0;0
2754;145;145;7;0;0;-2;6;0;0;0;0;0;0;3;1;2;2;65;59;70;10;5546;273;539;95.6;0.6;1.9;32.5;30.5;86;88;49.4;-4.0;68;69;49.6;-6.1;0;3;1
2755;151;151;7;1;1;1;2;0;0;0;0;0;0;4;2;4;7;62;59;63;15;5599;333;0;98.6;1.9;1.3;33.4;18.0;99;53;65.1;15.5;67;34;66.3;17.7;0;4;1
2757;144;144;4;0;1;-2;2;0;1;0;0;0;0;2;0;0;4;60;54;69;1;2776;99;71;92.9;0.0;2.6;13.0;36.3;30;54;35.7;-13.1;19;34;35.8;-13.1;0;0;0
2758;149;149;7;1;0;-1;4;0;0;0;0;0;0;12;0;3;13;72;51;74;6;6560;60;1350;97.1;2.2;2.7;25.2;23.6;80;79;50.3;10.4;58;58;50.0;10.8;1;0;0
2759;143;143;6;1;2;3;0;0;0;0;0;0;0;6;3;3;9;69;56;77;12;6195;691;624;103.1;3.5;1.7;40.1;31.4;105;89;54.1;-3.1;85;72;54.1;-3.2;0;0;0
2760;139;139;1;1;0;1;2;0;0;0;0;0;0;2;0;0;1;65;63;72;3;811;53;0;111.1;4.4;0.0;40.0;13.3;24;6;80.0;30.8;14;3;82.4;32.4;0;3;2
2761;152;152;6;1;3;3;2;0;0;0;0;0;0;6;2;2;9;62;61;61;11;5058;152;163;108.5;2.8;0.7;25.6;27.8;65;79;45.1;2.1;48;53;47.5;4.2;0;3;2
2762;152;152;5;0;0;-1;2;0;0;0;0;0;0;5;0;0;6;57;50;58;2;2466;0;587;95.8;0.0;1.5;14.6;35.0;23;53;30.3;-11.6;17;38;30.9;-10.7;0;0;0
2763;152;152;3;0;0;-2;2;0;0;0;0;0;0;6;1;0;2;62;56;61;1;1544;12;92;81.8;0.0;4.7;18.7;25.6;18;24;42.9;-1.8;11;18;37.9;-8.8;0;20;9
2764;150;150;1;0;0;-1;0;0;0;0;0;0;0;1;0;0;0;55;55;54;0;459;199;0;75.0;0.0;7.8;15.7;31.4;6;5;54.5;-4.6;5;4;55.6;-0.6;0;9;5
2765;152;152;5;0;0;0;4;0;0;0;0;0;0;4;2;1;4;61;57;67;3;3262;198;338;101.7;1.1;1.1;18.8;26.5;34;51;40.0;-4.2;22;35;38.6;-6.4;0;49;27
2766;145;145;5;1;1;0;4;0;0;0;0;0;0;2;2;3;3;66;61;67;9;3881;5;383;96.6;1.9;1.9;35.2;21.3;70;45;60.9;16.6;53;31;63.1;18.8;0;3;1
2767;151;151;5;0;0;-4;6;0;0;0;0;0;0;4;1;0;10;59;60;57;13;4445;890;112;89.2;0.0;3.2;21.1;30.0;53;75;41.4;-13.3;37;52;41.6;-11.5;0;0;0
2768;152;152;5;0;3;3;4;0;0;0;1;0;0;17;3;1;7;69;57;70;10;4950;177;872;106.5;2.2;0.7;22.5;22.5;56;63;47.1;3.1;43;44;49.4;5.8;0;31;13
2769;147;147;5;3;3;-2;8;1;2;0;0;0;0;5;2;1;3;63;65;57;15;3670;1401;42;95.0;3.9;5.9;36.3;37.3;67;68;49.6;4.8;51;55;48.1;4.7;0;7;3
2770;146;146;7;2;2;2;9;0;1;0;0;0;0;4;3;3;2;61;59;64;17;4881;908;60;102.2;3.0;1.5;33.9;22.9;80;59;57.6;4.7;59;45;56.7;3.0;0;8;3
2771;149;149;7;1;3;-2;16;1;1;0;0;0;0;5;1;2;4;61;61;59;10;5125;660;640;97.2;1.4;2.8;23.2;31.6;58;80;42.0;-1.7;44;62;41.5;-1.3;0;15;8
2772;146;146;5;3;2;-1;0;2;1;0;0;0;0;8;0;1;3;67;67;61;11;3660;896;85;96.4;2.0;3.0;27.5;27.5;47;52;47.5;-7.5;32;36;47.1;-8.8;1;6;2
2773;146;146;7;1;4;0;16;0;0;0;0;0;0;13;3;5;3;65;58;65;9;5335;88;1019;98.9;2.7;2.7;33.7;29.7;92;66;58.2;5.8;73;58;55.7;1.8;0;75;36
2774;153;153;7;0;3;-4;6;0;0;0;0;0;0;7;3;4;17;76;48;80;8;6670;202;1305;93.9;1.6;3.8;23.7;29.1;80;111;41.9;-4.0;63;74;46.0;-1.9;0;0;0
2775;147;147;5;1;1;-1;2;0;0;0;0;0;0;13;1;1;1;60;59;57;9;4184;0;521;97.3;0.9;1.7;21.5;25.8;53;58;47.7;4.5;34;41;45.3;3.4;0;72;41
2776;151;151;6;0;2;-2;2;0;0;0;0;0;0;6;2;1;5;64;64;59;8;5027;421;235;90.8;1.4;2.9;27.9;20.1;76;48;61.3;11.9;53;38;58.2;9.6;0;8;1
2777;143;143;5;4;1;5;4;0;0;0;0;0;0;2;1;1;1;62;64;54;15;3960;305;523;112.5;6.4;1.8;33.6;28.2;65;46;58.6;6.5;48;35;57.8;3.6;0;8;2
2778;143;143;4;1;4;5;2;0;0;0;0;0;0;4;0;0;0;62;64;52;10;2780;419;78;113.1;7.8;1.3;36.3;15.5;49;25;66.2;12.6;36;18;66.7;13.8;0;3;2
2779;145;145;7;2;1;-1;4;1;0;0;0;0;0;7;7;0;10;63;62;63;18;6980;1602;554;93.6;2.6;3.1;38.7;23.7;113;92;55.1;4.5;92;66;58.2;6.7;0;0;0
2780;143;143;7;2;4;1;0;0;1;0;0;0;0;13;5;2;10;63;61;61;17;6330;431;623;97.5;3.4;2.8;33.0;22.2;111;78;58.7;4.2;85;54;61.2;8.0;0;81;37
2781;153;153;7;1;6;2;2;0;2;0;0;0;0;12;2;2;4;74;68;86;24;5932;2271;459;104.2;3.6;2.4;34.0;37.0;89;94;48.6;6.3;69;75;47.9;1.1;0;0;0
2782;148;148;1;0;0;0;0;0;0;0;0;0;0;0;1;0;0;50;50;50;1;292;0;0;0.0;0.0;0.0;74.0;0.0;12;0;100.0;20.0;9;0;100.0;20.0;0;0;0
2783;147;147;3;1;0;1;0;0;0;0;0;0;0;1;0;0;1;55;56;51;3;1336;315;145;121.9;5.4;2.7;18.9;40.4;17;31;35.4;-3.0;11;20;35.5;0.6;0;3;0
2784;142;142;6;0;2;-5;2;0;0;0;0;0;0;8;0;0;1;64;53;66;2;6307;254;831;91.6;1.7;4.6;24.5;29.7;81;88;47.9;1.2;66;73;47.5;2.2;0;0;0
2786;151;151;6;0;0;1;0;0;0;0;0;0;0;5;2;3;7;62;52;69;9;4428;993;364;102.4;3.3;2.4;27.6;26.0;62;59;51.2;-5.6;43;44;49.4;-7.1;0;0;0
2788;145;145;3;0;0;0;0;0;0;0;0;0;0;6;0;1;0;54;52;55;2;1654;0;252;101.0;2.2;2.2;28.3;32.6;19;29;39.6;-10.2;15;25;37.5;-14.3;0;0;0
2789;138;138;6;0;5;1;2;0;3;0;0;0;0;9;2;1;2;65;65;60;11;4297;1070;0;98.0;2.5;1.7;33.5;17.6;74;46;61.7;4.4;51;36;58.6;0.2;0;6;4
2790;138;138;4;0;3;1;0;0;0;0;0;0;0;2;0;1;5;58;57;59;0;2657;108;249;87.2;6.8;5.4;48.8;20.3;49;27;64.5;4.8;41;20;67.2;8.2;0;0;0
2791;140;140;1;0;0;0;0;0;0;0;0;0;0;1;1;0;1;54;47;64;0;797;112;0;100.0;0.0;0.0;22.6;58.7;6;23;20.7;5.6;5;21;19.2;3.0;0;0;0
2792;144;144;1;0;0;0;0;0;0;0;0;0;0;1;0;0;2;59;55;64;1;764;0;86;100.0;0.0;0.0;33.0;33.0;7;12;36.8;-8.0;7;8;46.7;1.1;0;1;0
2793;150;150;3;0;0;-1;0;0;0;0;0;0;0;3;0;2;1;61;59;59;5;1490;143;101;92.9;0.0;2.4;19.3;33.8;24;19;55.8;10.6;16;17;48.5;4.1;0;16;8
2794;139;139;4;1;3;1;0;1;0;0;0;0;0;5;0;1;1;63;64;57;7;3260;117;0;110.0;3.3;2.2;19.9;33.1;42;55;43.3;0.0;31;45;40.8;-4.0;0;1;0
2795;149;149;7;0;4;1;0;0;0;0;0;0;0;16;2;4;2;61;57;60;8;5918;781;1124;101.7;3.0;2.4;24.9;23.1;64;65;49.6;8.6;51;50;50.5;10.9;0;24;13
2796;141;141;4;0;1;0;0;0;0;0;0;0;0;2;0;1;4;60;59;54;9;2766;0;206;101.4;2.6;2.6;28.6;33.8;30;39;43.5;-6.7;25;27;48.1;-2.2;0;45;22
2798;141;141;2;0;0;-2;0;0;0;0;0;0;0;0;0;0;0;53;51;55;0;953;82;132;66.7;0.0;7.6;15.1;22.7;12;13;48.0;-4.0;7;8;46.7;-7.6;0;1;0
2799;138;138;4;0;1;-2;2;0;0;0;0;0;0;5;1;1;0;59;59;51;12;3310;753;0;92.1;2.2;4.4;31.5;29.4;52;46;53.1;-10.3;39;34;53.4;-10.0;0;0;0
2800;148;148;7;0;3;-1;8;0;1;0;0;0;0;13;3;3;4;65;61;64;10;6340;186;1272;93.8;1.7;2.3;34.6;20.4;106;74;58.9;-1.2;85;51;62.5;3.5;0;93;41
2801;142;142;6;0;3;-5;2;0;0;0;0;0;0;13;2;2;11;60;53;60;17;6300;627;971;90.6;1.7;4.6;28.6;29.7;91;84;52.0;7.5;67;73;47.9;2.8;0;0;0
2802;141;141;1;0;0;-1;2;0;0;0;0;0;0;0;0;0;0;39;51;38;2;617;0;0;87.5;0.0;5.8;29.2;46.7;8;12;40.0;-17.8;5;9;35.7;-18.6;0;0;0
2803;152;152;7;3;2;3;0;0;1;0;0;0;0;12;3;2;7;68;65;64;21;6704;1286;307;104.1;3.8;2.1;33.3;30.1;109;98;52.7;15.2;79;70;53.0;14.8;1;109;55
2804;152;152;4;0;1;-1;2;0;0;0;0;0;0;5;3;0;1;58;58;56;11;3014;1047;0;99.5;2.4;3.6;19.1;27.5;37;43;46.3;-2.1;28;29;49.1;2.1;0;0;0
2806;151;151;7;0;1;-2;6;0;0;0;0;0;0;10;2;4;14;72;51;74;9;6442;437;1185;95.1;1.1;2.2;30.7;26.3;105;80;56.8;4.4;77;57;57.5;6.5;0;0;0
2807;152;152;5;0;1;0;2;0;0;0;0;0;0;4;1;0;6;58;51;63;6;4315;176;235;98.6;0.8;0.8;28.4;19.2;57;45;55.9;14.8;44;30;59.5;19.0;0;0;0
2808;142;142;6;1;3;0;4;0;0;0;0;0;0;7;2;1;3;50;56;46;9;4729;0;987;102.1;4.6;4.6;29.7;34.3;66;74;47.1;-0.0;55;59;48.2;3.1;0;65;28
2809;151;151;6;2;2;2;2;0;0;0;0;0;0;6;1;0;5;59;59;59;8;4006;477;188;109.8;2.7;0.9;19.8;23.4;58;43;57.4;2.2;38;33;53.5;-2.8;0;47;20
2811;142;142;1;0;0;0;0;0;0;0;0;0;0;0;0;0;0;49;50;49;1;328;0;0;100.0;0.0;0.0;32.9;11.0;3;3;50.0;9.2;3;2;60.0;17.4;0;3;1
2812;153;153;7;3;2;0;2;1;1;0;0;0;0;5;2;0;4;59;62;51;21;5434;793;297;99.8;3.3;3.3;32.5;31.8;75;85;46.9;3.4;58;56;50.9;5.1;2;16;11
2813;139;139;1;0;0;0;0;0;0;0;0;0;0;0;0;0;0;57;55;58;0;550;0;0;100.0;0.0;0.0;19.6;13.1;5;4;55.6;-4.2;4;2;66.7;9.0;0;5;3
2814;142;142;5;0;2;4;4;0;0;0;0;0;0;2;3;1;4;61;56;65;8;3467;852;101;116.0;4.2;0.0;26.0;38.4;46;70;39.7;-7.7;39;58;40.2;-4.9;0;3;2
2815;147;147;6;2;0;-4;4;1;0;0;0;0;0;17;4;0;1;56;54;49;8;4983;402;610;94.9;1.4;4.3;20.2;35.4;54;82;39.7;-6.6;38;65;36.9;-6.5;0;74;28
2816;152;152;5;2;0;0;2;0;0;0;0;0;0;3;2;1;2;54;58;50;8;3989;71;0;101.0;3.6;3.6;35.2;38.8;68;72;48.6;8.8;46;50;47.9;6.6;0;2;0
2817;142;142;6;2;0;-1;6;0;0;0;0;0;0;3;3;1;2;58;57;58;11;4149;548;19;101.0;1.7;2.6;21.7;37.3;53;65;44.9;0.4;40;56;41.7;-2.7;0;4;3
2818;145;145;1;0;0;0;0;0;0;0;0;0;0;0;0;0;0;51;51;51;0;173;0;78;0.0;0.0;0.0;0.0;62.4;3;3;50.0;16.7;2;3;40.0;5.4;0;0;0
2822;149;149;5;0;3;1;2;0;1;0;0;0;0;3;1;5;3;62;59;65;6;3443;1008;135;104.0;2.1;1.0;25.1;24.0;39;61;39.0;-4.5;28;41;40.6;-1.8;0;4;1
2823;145;145;7;0;0;1;4;0;0;0;0;0;0;15;3;6;16;64;50;66;11;6340;47;1487;102.3;2.8;2.3;27.3;27.8;92;80;53.5;1.8;66;58;53.2;-0.9;0;0;0
2824;139;139;6;1;1;2;4;0;0;0;0;0;0;16;1;2;2;63;58;61;9;4440;244;210;103.8;2.4;0.8;29.2;17.8;67;48;58.3;11.4;44;35;55.7;8.0;0;44;27
2825;151;151;7;1;1;-2;2;1;0;0;0;0;0;13;3;1;1;62;63;57;13;5535;669;435;92.0;1.3;2.6;31.9;21.5;97;62;61.0;10.0;66;44;60.0;9.5;0;18;11
2826;139;139;6;0;0;-1;2;0;0;0;0;0;0;8;0;4;6;75;57;77;10;3513;136;871;95.5;0.0;1.0;24.6;22.5;46;51;47.4;-2.2;31;34;47.7;-1.9;0;35;21
2827;138;138;2;0;0;2;0;0;0;0;0;0;0;3;0;0;2;53;55;51;3;941;0;39;0.0;7.7;0.0;57.4;0.0;23;6;79.3;15.0;20;3;87.0;27.7;0;1;1
2828;150;150;7;1;0;5;4;0;0;0;0;0;0;3;2;2;4;59;55;62;22;6384;829;515;107.8;3.9;1.1;32.1;25.4;92;71;56.4;8.6;73;59;55.3;10.9;0;0;0
2829;140;140;5;1;1;1;2;0;0;0;0;0;0;8;0;1;4;60;49;61;8;3924;90;602;103.7;3.7;2.8;32.1;35.8;57;67;46.0;-4.3;43;57;43.0;-7.0;0;0;0
2830;139;139;5;2;1;4;4;0;0;0;0;0;0;5;4;3;10;74;52;76;8;5081;643;828;107.5;4.3;1.4;33.3;26.9;81;75;51.9;8.3;63;61;50.8;6.8;0;0;0
2831;151;151;7;0;2;-1;4;0;0;0;0;0;0;4;1;3;9;63;58;61;9;5186;127;1229;94.8;1.4;2.1;31.2;21.5;84;59;58.7;6.6;65;38;63.1;13.4;0;88;55
2832;141;141;6;1;2;0;14;1;1;0;0;0;0;7;2;3;1;62;62;58;8;5687;471;164;98.8;2.5;2.5;27.2;24.1;75;60;55.6;6.4;58;44;56.9;7.1;0;10;4
2833;148;148;6;0;4;4;2;0;0;0;0;0;0;2;1;2;2;61;54;62;3;2964;12;1134;105.6;6.1;1.2;38.9;12.1;61;24;71.8;19.2;39;17;69.6;16.4;0;0;0
2834;139;139;3;2;0;1;0;1;0;0;0;0;0;4;0;0;2;64;63;62;17;2079;437;246;105.9;1.7;0.0;29.4;26.0;41;30;57.7;9.1;26;22;54.2;9.2;0;3;3
2835;143;143;4;1;3;0;2;0;1;0;0;0;0;5;0;1;8;62;57;64;8;2793;98;304;90.3;3.9;3.9;42.5;20.6;54;32;62.8;6.1;41;21;66.1;9.5;0;0;0
2836;140;140;4;3;1;1;4;0;1;0;0;0;0;3;1;2;2;67;63;70;17;2390;1131;0;99.6;4.5;3.0;42.2;27.1;47;29;61.8;12.0;35;23;60.3;9.0;1;1;1
2837;140;140;6;1;4;4;4;0;1;0;0;0;0;9;5;2;6;71;47;73;10;6351;264;905;105.9;4.0;1.7;32.9;27.8;105;79;57.1;6.0;80;66;54.8;2.5;1;0;0
2838;139;139;7;1;2;-3;2;0;1;0;0;0;0;8;4;1;9;61;54;64;23;6508;1269;125;95.8;2.2;3.9;32.1;34.8;103;106;49.3;-2.1;76;86;46.9;-5.6;1;0;0
2840;143;143;6;1;3;1;6;1;1;0;0;0;0;9;1;2;9;68;67;71;13;6141;1338;101;100.6;2.3;1.8;33.4;27.6;108;83;56.5;-1.3;77;62;55.4;-0.8;0;0;0
2841;146;146;6;1;1;2;6;0;0;0;0;0;0;7;2;0;2;59;56;58;8;5010;235;972;104.7;3.6;2.2;29.5;28.7;71;65;52.2;-1.7;59;54;52.2;-3.2;0;33;13
2842;141;141;7;1;1;-4;4;0;0;0;0;0;0;6;4;1;9;63;46;66;6;5484;126;810;86.4;1.3;3.9;25.6;21.0;71;70;50.4;0.5;56;45;55.4;6.6;0;0;0
2843;145;145;7;0;1;3;2;0;0;0;1;0;0;12;7;2;3;54;48;58;11;6371;221;843;104.0;2.3;1.1;29.4;30.5;88;100;46.8;-8.0;76;76;50.0;-5.9;0;0;0
2844;138;138;1;0;0;0;0;0;0;0;0;0;0;0;0;0;0;53;56;50;1;325;0;0;0.0;0.0;0.0;33.2;0.0;6;0;100.0;44.4;4;0;100.0;39.0;0;0;0
2845;146;146;6;0;3;0;4;0;1;0;0;0;0;6;1;2;5;68;63;69;11;4100;668;300;94.9;2.6;2.6;30.7;19.3;61;52;54.0;0.9;50;37;57.5;5.5;0;73;44
2846;138;138;4;0;0;2;2;0;0;0;0;0;0;10;2;1;3;61;52;62;6;4104;0;540;100.4;3.5;1.8;40.4;21.1;83;34;70.9;14.9;68;28;70.8;16.6;0;0;0
2847;152;152;6;0;3;2;2;0;1;0;0;0;0;3;1;5;8;69;61;75;12;5775;1290;262;103.5;3.7;2.5;28.7;26.2;82;77;51.6;9.4;61;55;52.6;10.3;0;3;0
2848;153;153;7;0;1;-2;4;0;0;0;0;0;0;19;1;9;33;79;52;82;10;6893;182;1608;96.7;1.0;2.1;26.1;28.7;85;100;45.9;2.2;68;68;50.0;4.2;0;0;0
2849;143;143;4;0;1;0;0;0;0;0;0;0;0;2;2;0;1;63;51;65;3;2946;0;617;100.8;2.4;2.4;25.7;28.1;48;39;55.2;-0.4;28;30;48.3;-7.8;0;0;0
2850;140;140;3;0;0;1;0;0;0;0;0;0;0;2;0;0;3;57;51;58;3;1254;0;199;110.0;2.9;0.0;28.7;37.3;16;25;39.0;-13.9;13;19;40.6;-13.5;0;0;0
2851;147;147;5;0;1;-3;0;0;0;0;0;0;0;8;1;3;3;56;57;52;6;3810;158;866;101.5;1.9;4.7;17.0;49.1;39;78;33.3;-5.7;29;62;31.9;-5.3;0;14;8
2852;144;144;4;0;2;-3;0;0;1;0;0;0;0;9;2;3;5;65;54;71;9;3688;990;127;95.8;1.0;2.9;22.5;34.2;50;63;44.2;-2.1;37;46;44.6;-2.4;0;0;0
2853;139;139;6;0;2;-1;4;0;0;0;0;0;0;20;3;1;4;61;64;55;12;5185;640;232;100.6;2.8;2.8;29.9;31.9;84;74;53.2;5.5;64;58;52.5;4.6;0;10;4
2855;140;140;6;1;1;3;2;0;0;0;0;0;0;6;3;2;0;60;59;59;9;3379;1706;81;113.7;4.3;1.1;24.5;28.8;45;43;51.1;-2.5;36;36;50.0;-3.9;0;75;41
2857;139;139;2;0;1;-2;0;0;0;0;0;0;0;1;0;1;2;52;55;51;2;1403;0;182;94.7;5.1;10.3;28.2;43.6;22;26;45.8;-17.3;15;22;40.5;-26.5;0;12;7
2858;148;148;1;0;0;0;2;0;0;0;0;0;0;0;0;0;0;52;54;50;1;242;48;26;100.0;0.0;0.0;74.4;59.5;7;4;63.6;-22.3;7;4;63.6;-22.6;0;0;0
2859;146;146;3;0;0;-1;0;0;0;0;0;0;0;0;0;2;1;52;53;50;3;1174;92;228;91.7;0.0;3.1;21.5;36.8;14;20;41.2;-16.3;9;17;34.6;-23.6;0;1;1
2860;151;151;3;0;0;-1;2;0;0;0;0;0;0;5;3;1;4;57;44;58;5;2703;26;698;92.0;1.3;2.7;29.3;21.3;44;28;61.1;12.8;30;19;61.2;14.3;0;0;0
2861;140;140;6;1;3;-2;2;0;1;0;0;0;0;4;1;6;6;69;56;78;14;5647;1107;342;93.5;2.6;3.8;28.7;24.9;89;78;53.3;0.1;62;54;53.4;0.4;0;0;0
2862;141;141;6;2;2;-2;8;1;2;0;0;0;0;2;1;4;3;68;68;66;15;5106;1010;392;92.7;1.4;2.8;31.7;24.0;86;56;60.6;14.8;59;47;55.7;7.8;0;33;19
2863;149;149;1;0;0;0;0;0;0;0;0;0;0;1;0;0;0;50;51;47;0;349;0;0;100.0;0.0;0.0;20.6;51.6;4;10;28.6;-14.3;3;9;25.0;-20.3;0;1;0
2864;140;140;6;1;4;2;2;1;0;0;0;0;0;9;0;1;2;52;61;48;10;5594;457;235;101.8;4.5;3.2;32.8;27.0;81;81;50.0;-4.7;64;64;50.0;-4.8;0;5;3
2865;144;144;6;0;1;-4;0;0;1;0;0;0;0;4;0;1;4;59;58;57;6;4044;549;165;95.5;0.9;3.6;16.9;36.5;42;79;34.7;-13.8;28;55;33.7;-16.1;0;63;34
2866;145;145;5;3;2;2;0;1;1;0;0;0;0;3;1;2;4;62;66;56;11;3095;205;344;95.5;4.7;3.5;44.2;23.3;61;40;60.4;3.5;46;29;61.3;2.3;2;4;0
2867;145;145;6;0;3;2;0;0;0;0;1;0;0;5;2;3;8;63;54;69;13;5392;146;1009;99.2;1.3;1.3;34.1;28.0;89;73;54.9;-2.3;75;56;57.3;-1.5;0;0;0
2868;147;147;6;1;2;-2;8;0;1;0;0;0;0;21;2;3;7;60;61;58;7;5344;257;856;98.6;2.0;3.4;25.6;36.4;63;90;41.2;-3.5;44;69;38.9;-3.6;0;28;14
2869;153;153;7;0;6;4;8;0;3;0;0;0;0;11;2;2;4;67;69;65;12;6018;2154;67;108.5;3.6;1.2;27.5;26.3;81;82;49.7;7.4;62;63;49.6;3.5;0;13;5
2870;140;140;5;0;1;-2;8;0;0;0;0;0;0;7;3;3;2;59;52;58;2;3171;181;670;93.8;0.0;2.3;15.9;36.3;31;54;36.5;-20.8;22;41;34.9;-22.4;0;46;21
2871;143;143;4;1;3;4;0;0;0;0;0;0;0;1;0;1;1;62;64;56;8;2620;411;29;119.0;5.5;0.0;28.9;30.2;41;39;51.2;-0.7;27;31;46.6;-6.3;0;2;1
2872;138;138;6;5;1;3;0;1;0;0;0;0;0;15;1;5;3;72;71;65;19;5219;300;677;102.1;4.1;2.1;40.7;25.5;99;72;57.9;0.9;74;50;59.7;2.4;0;74;33
2874;142;142;4;2;2;3;2;0;1;0;0;0;0;5;0;1;1;68;69;65;12;2963;621;252;114.3;4.9;0.0;34.0;21.9;40;37;51.9;4.8;32;28;53.3;8.0;0;7;3
2875;152;152;3;0;0;-1;0;0;0;0;0;0;0;0;1;1;2;51;50;53;2;1496;236;0;91.7;0.0;2.4;19.3;28.9;11;27;28.9;-20.8;9;19;32.1;-18.5;0;1;0
2876;138;138;5;1;3;2;6;0;2;0;0;0;0;3;3;1;4;63;62;63;18;3217;935;210;106.0;3.4;1.1;34.7;30.2;65;46;58.6;0.7;48;35;57.8;0.1;0;0;0
2877;140;140;1;0;0;0;0;0;0;0;0;0;0;0;0;1;0;59;54;65;0;657;0;0;100.0;0.0;0.0;21.9;54.8;5;16;23.8;9.1;4;12;25.0;9.9;0;0;0
2879;145;145;1;0;0;0;0;0;0;0;0;0;0;0;0;0;0;49;50;50;0;411;5;0;100.0;0.0;0.0;8.8;35.0;1;6;14.3;-21.3;1;4;20.0;-15.9;0;7;3
2881;140;140;1;0;0;-1;0;0;0;0;0;0;0;0;0;0;0;55;51;55;0;788;0;161;88.9;0.0;4.6;4.6;41.1;1;16;5.9;-14.1;1;11;8.3;-11.0;0;0;0
2883;143;143;6;3;1;-2;2;1;0;1;0;0;0;15;0;1;1;57;67;46;14;5799;154;1042;93.5;3.1;5.0;30.4;29.8;90;81;52.6;-4.4;69;65;51.5;-7.1;1;19;8
2884;149;149;4;0;0;-3;4;0;0;0;0;0;0;4;2;0;2;57;52;64;1;2289;512;128;95.2;0.0;1.6;15.7;33.0;27;39;40.9;-3.3;16;30;34.8;-10.8;0;25;8
2885;140;140;1;0;0;0;0;0;0;0;0;0;0;0;0;0;0;50;50;51;0;265;101;0;0.0;0.0;0.0;0.0;54.3;0;8;0.0;-18.9;0;7;0.0;-19.4;0;0;0
2886;140;140;1;0;0;0;0;0;0;0;0;0;0;0;0;0;0;50;50;49;0;292;29;0;0.0;0.0;0.0;0.0;49.3;0;8;0.0;-18.9;0;7;0.0;-19.4;0;4;2
2887;140;140;3;1;1;-1;0;0;1;0;0;0;0;1;1;1;1;58;61;49;3;2341;403;0;108.0;1.5;3.1;10.8;49.2;18;49;26.9;-21.1;11;40;21.6;-25.0;0;0;0
2888;150;150;7;4;2;-4;2;0;1;0;0;0;0;7;3;3;7;66;63;65;20;6574;1145;293;93.6;2.7;4.9;29.0;31.2;91;94;49.2;-1.6;70;76;47.9;0.5;0;74;38
2889;153;153;6;3;3;2;4;0;2;0;0;0;0;3;2;1;5;67;68;64;19;4895;1291;383;106.4;2.9;1.5;25.7;29.4;69;69;50.0;7.1;47;54;46.5;-1.5;0;19;10
2890;152;152;4;0;0;0;4;0;0;0;0;0;0;2;0;1;0;55;55;55;4;2216;0;683;100.0;0.0;0.0;17.9;13.0;24;21;53.3;10.3;16;15;51.6;7.5;0;7;3
2892;139;139;3;0;0;-2;0;0;0;0;0;0;0;3;1;0;1;48;47;49;1;1635;40;303;77.8;0.0;4.4;37.4;19.8;27;19;58.7;-4.6;24;15;61.5;-1.3;0;0;0
2893;144;144;3;0;0;-2;2;0;0;0;0;0;0;1;2;1;2;50;48;50;0;1735;0;354;89.5;0.0;4.1;16.6;39.4;17;36;32.1;-13.9;15;24;38.5;-6.0;0;3;1
2895;146;146;6;1;3;0;4;1;2;0;0;0;0;3;4;3;1;63;62;62;14;5275;1076;285;98.4;1.4;1.4;36.2;25.3;87;68;56.1;-1.7;69;51;57.5;-2.0;1;4;3
2896;140;140;6;1;1;-1;2;0;0;0;0;0;0;3;2;0;3;54;55;52;9;4589;117;427;92.5;2.4;3.1;34.5;22.0;82;50;62.1;12.0;58;38;60.4;9.6;0;52;27
2897;138;138;6;4;3;9;4;0;0;0;0;0;0;6;3;2;5;66;69;59;17;5813;537;281;114.9;7.4;1.9;34.7;28.5;90;89;50.3;-10.5;74;63;54.0;-6.1;1;10;5
2898;138;138;7;0;4;2;0;0;1;0;1;0;0;11;1;0;10;64;59;69;17;7015;833;491;97.1;3.1;2.6;36.4;22.6;117;77;60.3;2.4;96;58;62.3;5.0;0;1;0
2901;138;138;7;1;2;1;6;0;0;0;0;0;0;11;2;1;11;63;57;71;16;7459;1003;150;99.7;3.4;2.9;31.4;26.1;113;105;51.8;-10.4;88;78;53.0;-9.1;0;1;0
2902;138;138;6;1;3;5;0;0;0;0;0;0;0;9;1;3;1;61;62;56;7;5270;90;55;108.0;5.5;2.0;36.2;28.7;94;78;54.7;-6.6;74;60;55.2;-6.6;0;67;32
2903;150;150;3;0;0;0;0;0;0;0;0;0;0;1;1;3;1;63;52;78;4;2887;99;64;100.2;1.2;1.2;24.9;26.2;38;35;52.1;7.2;27;25;51.9;9.9;0;0;0
2904;141;141;7;1;3;-1;0;0;1;0;0;0;0;11;1;5;16;61;57;63;9;7098;765;548;98.9;3.6;4.1;25.4;26.9;89;99;47.3;-4.0;69;72;48.9;-2.3;0;0;0
2905;145;145;6;2;1;2;2;0;0;1;0;0;0;6;1;1;5;61;60;60;7;4441;156;923;102.4;1.6;0.8;29.2;25.9;58;56;50.9;-7.3;51;43;54.3;-5.3;0;59;29
2906;138;138;6;4;2;-3;4;1;0;0;0;0;0;6;2;2;0;64;62;63;17;5360;1510;220;88.4;3.4;5.4;31.6;24.2;83;60;58.0;1.6;63;46;57.8;-0.5;1;132;73
2908;148;148;7;2;5;1;0;1;0;0;0;0;0;7;1;2;2;64;67;54;15;6138;605;199;97.2;4.1;3.5;34.6;24.0;105;71;59.7;-0.0;80;57;58.4;-2.5;0;8;3
2909;148;148;7;1;2;3;4;0;0;0;0;0;0;17;3;0;3;67;56;66;10;5147;124;1008;105.4;2.8;0.7;32.2;21.0;85;53;61.6;2.5;59;40;59.6;-0.6;0;86;45
2910;141;141;7;0;6;-3;4;0;1;0;0;0;0;6;1;4;11;62;59;63;17;6494;1113;655;94.9;3.9;5.5;36.0;34.9;105;99;51.5;2.3;83;81;50.6;0.2;0;0;0
2911;143;143;6;1;2;1;14;0;0;0;0;0;0;7;2;5;8;64;52;65;5;5476;24;747;106.7;5.3;4.6;24.3;30.9;65;79;45.1;-12.3;48;62;43.6;-14.9;1;0;0
2912;142;142;1;0;0;0;0;0;0;0;0;0;0;0;0;1;0;54;49;54;1;67;0;165;0.0;0.0;0.0;107.5;0.0;2;0;100.0;60.0;2;0;100.0;57.8;0;0;0
2913;140;140;5;2;1;1;0;0;0;0;0;0;0;7;2;0;0;52;58;49;13;4027;110;376;100.9;3.6;2.7;35.8;29.5;62;59;51.2;-4.1;45;45;50.0;-5.5;0;10;5
2914;146;146;1;0;0;0;0;0;0;0;0;0;0;0;0;0;0;53;49;54;0;295;0;0;100.0;0.0;0.0;36.6;24.4;6;2;75.0;19.9;4;2;66.7;13.6;0;0;0
2916;143;143;4;0;0;-1;14;0;0;0;0;0;0;2;1;1;1;52;54;48;4;2882;0;96;95.5;0.0;1.2;30.0;27.5;45;43;51.1;-5.4;34;29;54.0;2.3;0;1;0
2917;144;144;6;0;0;-3;2;0;0;0;0;0;0;10;0;4;12;59;51;59;5;5587;142;869;93.5;1.3;3.2;25.1;27.7;71;79;47.3;5.9;50;56;47.2;4.1;0;0;0
2918;152;152;6;0;0;-2;0;0;0;0;0;0;0;1;3;0;2;54;52;53;1;3103;0;110;92.8;1.2;3.5;22.0;27.8;32;43;42.7;3.3;23;33;41.1;0.4;0;28;13
2919;143;143;5;1;2;-1;0;0;0;0;0;0;0;0;2;0;0;51;53;45;6;2083;445;89;98.9;6.9;8.6;39.8;46.7;35;48;42.2;-17.0;27;36;42.9;-17.1;1;36;14
2920;140;140;4;0;1;2;2;0;0;0;0;0;0;2;4;1;5;60;50;73;6;2272;692;337;112.6;4.8;1.6;26.9;31.7;24;31;43.6;-11.5;22;25;46.8;-7.3;0;0;0
2921;144;144;1;0;0;0;0;0;0;0;0;0;0;0;0;0;0;46;52;45;1;470;0;20;100.0;0.0;0.0;30.6;61.3;6;13;31.6;-14.6;5;12;29.4;-21.5;0;1;0
2922;142;142;1;0;1;0;0;0;0;0;0;0;0;1;0;0;0;60;60;51;2;378;40;46;100.0;0.0;0.0;28.6;9.5;4;3;57.1;17.1;4;2;66.7;25.0;0;0;0
2923;151;151;4;0;0;-1;0;0;0;0;0;0;0;1;0;1;1;56;56;54;4;2304;510;0;95.2;0.0;1.6;28.1;32.8;33;41;44.6;-13.7;23;28;45.1;-12.7;0;0;0
2924;149;149;5;0;0;-5;6;0;0;0;0;0;0;5;0;1;3;44;53;43;7;3620;106;566;81.5;0.0;5.0;22.9;26.9;44;53;45.4;3.9;32;38;45.7;5.5;0;5;0
2925;145;145;4;1;2;-1;2;0;1;0;0;0;0;3;1;0;3;60;64;49;4;2748;501;84;100.8;5.2;6.6;26.2;34.1;33;40;45.2;-11.5;24;30;44.4;-12.7;1;13;2
2926;144;144;6;1;0;-3;2;0;0;0;0;0;0;2;2;2;6;60;60;58;14;4303;862;194;91.4;0.8;3.3;26.8;28.4;61;66;48.0;3.8;50;43;53.8;10.2;0;9;3
2927;146;146;6;0;0;1;16;0;0;0;0;0;0;4;0;1;0;54;56;52;11;3700;406;166;97.8;2.9;1.9;35.0;18.5;62;47;56.9;3.8;51;31;62.2;9.9;0;6;3
2928;149;149;4;1;1;-1;2;1;0;0;0;0;0;1;1;0;1;61;60;63;7;2589;788;66;96.4;2.8;4.2;27.8;30.6;32;37;46.4;1.5;26;30;46.4;3.2;0;44;27
2929;143;143;4;0;0;2;2;0;0;0;0;0;0;1;2;0;7;55;52;69;3;2192;785;360;110.0;3.3;0.0;32.8;29.6;37;35;51.4;0.5;27;22;55.1;4.6;0;0;0
2930;138;138;5;0;2;3;2;0;0;0;0;0;0;8;2;3;4;57;52;59;5;4776;385;435;103.4;4.5;2.3;36.2;24.9;77;67;53.5;-1.9;55;44;55.6;-1.8;0;0;0
2931;141;141;5;1;4;-4;4;1;3;0;0;0;0;1;0;0;2;59;61;54;7;1924;1268;0;71.4;0.0;7.5;13.1;26.2;20;30;40.0;-11.5;11;22;33.3;-19.6;0;43;28
2932;147;147;4;1;2;2;0;0;1;0;0;0;0;5;0;1;5;58;59;56;2;1779;392;154;119.0;8.1;4.0;30.4;52.6;21;48;30.4;-15.4;17;37;31.5;-12.1;0;23;14
2933;148;148;7;1;1;-2;2;1;0;0;0;0;0;3;2;2;5;58;53;62;13;6219;858;622;91.3;1.2;2.9;30.7;23.2;96;66;59.3;-0.6;73;56;56.6;-5.0;1;0;0
2934;150;150;7;0;2;-2;2;0;0;0;1;0;0;5;4;6;5;70;56;71;9;5390;28;1140;93.0;1.3;3.3;28.7;28.7;89;79;53.0;3.8;57;60;48.7;1.5;0;98;52
2935;138;138;5;1;1;0;2;0;0;0;0;0;0;5;4;2;4;60;59;60;11;4404;285;689;99.4;2.5;2.5;27.8;26.2;72;60;54.5;-3.2;46;44;51.1;-7.9;0;26;13
2936;144;144;7;0;0;-5;6;0;0;0;0;0;0;8;5;2;8;64;47;67;8;6673;199;867;91.5;0.0;2.7;23.2;31.8;97;97;50.0;7.5;74;69;51.7;8.4;0;0;0
2937;145;145;5;0;3;1;2;0;2;0;0;0;0;5;3;0;0;58;57;55;5;3103;680;64;104.0;1.2;0.0;29.0;32.5;47;50;48.5;-5.7;37;39;48.7;-8.3;0;57;31
2938;152;152;5;0;0;-3;2;0;0;0;0;0;0;1;1;0;1;57;55;65;8;3006;785;56;88.5;0.0;3.6;25.1;31.1;38;47;44.7;1.5;28;34;45.2;0.7;0;0;0
2941;153;153;7;0;1;0;10;0;0;0;0;0;0;7;0;2;6;58;49;60;7;6071;165;749;99.7;3.0;3.0;25.5;24.9;68;91;42.8;-2.4;52;60;46.4;-1.1;0;0;0
2942;138;138;5;0;1;-2;2;0;0;0;0;0;0;4;3;1;0;55;57;52;6;2958;331;47;75.4;1.2;3.7;46.2;13.4;67;26;72.0;14.3;47;19;71.2;12.7;0;44;25
2943;147;147;5;0;0;-2;2;0;0;0;0;0;0;2;1;0;3;49;48;49;4;2355;80;510;103.1;1.5;4.6;12.2;48.9;20;52;27.8;-20.1;16;41;28.1;-17.5;0;0;0
2944;140;140;6;1;4;0;2;0;1;0;0;0;0;14;5;1;3;57;63;54;17;5438;508;895;94.5;2.6;2.6;33.8;19.9;96;66;59.3;8.8;75;51;59.5;9.3;0;16;6
2945;146;146;7;0;3;-2;14;0;0;0;0;0;0;9;1;3;8;71;52;73;8;6402;255;1135;93.3;2.2;3.4;30.9;24.2;96;86;52.7;-1.8;73;64;53.3;-1.6;0;0;0
2946;148;148;6;0;1;1;6;0;1;0;0;0;0;8;3;4;8;61;51;63;8;6049;184;1203;101.3;1.2;0.6;32.1;25.0;105;66;61.4;0.6;83;54;60.6;-3.1;0;0;0
2947;139;139;4;0;2;4;2;0;0;0;0;0;0;2;1;2;8;66;50;68;8;3772;0;296;114.4;4.8;1.0;25.8;22.9;56;49;53.3;0.5;39;26;60.0;8.2;0;0;0
2948;138;138;5;0;3;-2;0;0;1;0;0;0;0;6;1;2;1;60;66;50;8;4579;67;179;89.7;2.4;4.7;34.6;27.5;86;53;61.9;3.7;60;43;58.3;-1.2;0;10;5
2949;147;147;6;2;1;1;0;1;0;0;0;0;0;4;0;1;6;65;62;65;13;3921;451;153;106.1;4.6;3.7;29.4;38.6;62;68;47.7;6.5;46;52;46.9;8.9;0;64;31
2950;149;149;6;1;2;-1;2;0;0;0;0;0;0;4;7;1;4;62;59;63;16;5289;1474;36;95.7;2.7;3.4;21.1;19.7;52;53;49.5;9.7;39;41;48.8;9.1;1;17;5
2951;146;146;7;3;1;1;0;2;0;0;0;0;0;7;1;3;3;61;64;56;18;4455;904;95;100.2;4.8;4.0;36.4;30.7;76;71;51.7;-3.0;61;49;55.5;1.4;2;5;3
2952;146;146;6;0;2;-2;2;0;1;0;0;0;0;5;2;3;3;61;58;61;9;4526;782;211;95.7;1.6;3.2;25.5;30.2;57;64;47.1;-4.2;39;48;44.8;-6.4;0;66;32
2955;142;142;7;1;2;4;10;0;0;0;0;0;0;7;3;3;2;58;58;58;6;5454;232;520;110.1;4.0;1.3;26.4;27.1;77;76;50.3;5.4;58;57;50.4;6.2;0;17;9
2956;139;139;6;1;3;-2;2;0;1;0;0;0;0;4;1;0;8;66;68;62;15;5029;1070;162;95.6;2.1;3.6;30.8;31.5;75;87;46.3;-5.0;58;61;48.7;-0.9;1;5;5
2957;151;151;6;2;2;-1;4;1;1;0;0;0;0;3;3;4;6;67;69;68;12;5018;1174;0;100.7;2.2;2.9;21.5;30.8;64;80;44.4;-11.5;45;58;43.7;-10.7;0;7;3
2958;140;140;2;0;1;2;0;0;0;0;0;0;0;2;0;2;1;70;66;73;7;1827;680;3;111.1;3.9;0.0;35.5;33.5;26;31;45.6;-8.8;21;21;50.0;-3.6;0;8;2
2959;142;142;5;1;0;1;0;0;0;0;0;0;0;5;1;1;6;60;51;61;3;4208;0;395;105.2;3.4;2.6;25.7;31.7;56;66;45.9;-3.1;43;50;46.2;-1.2;0;0;0
2960;140;140;5;0;2;2;2;0;0;0;0;0;0;6;0;2;8;69;56;78;7;4757;420;231;100.3;3.8;2.3;35.6;21.9;80;56;58.8;9.3;63;38;62.4;14.3;0;0;0
2961;144;144;5;0;1;-1;2;0;0;0;0;0;0;4;2;3;5;60;55;65;6;3902;708;166;99.5;1.8;2.8;24.9;35.1;54;77;41.2;-4.7;40;50;44.4;-2.8;0;38;19
2962;147;147;7;1;0;-1;4;1;0;0;0;0;0;4;3;1;4;66;60;68;16;6210;1902;196;100.0;1.2;1.7;18.6;27.8;69;89;43.7;0.8;45;67;40.2;-0.9;1;2;1
2963;147;147;6;1;2;0;0;0;0;0;0;0;0;7;1;6;8;69;56;77;17;5700;1350;444;102.6;3.2;3.2;34.1;47.4;89;111;44.5;6.6;67;92;42.1;6.3;0;0;0
2964;144;144;7;1;1;0;0;0;0;0;0;0;0;12;3;0;14;73;48;76;16;6959;429;718;99.5;2.6;2.6;30.0;28.5;106;107;49.8;7.5;79;77;50.6;7.0;0;0;0
2965;145;145;5;0;2;3;26;0;0;0;0;0;0;3;3;2;5;60;54;71;8;3097;419;255;111.1;3.5;0.0;31.4;22.1;52;36;59.1;0.3;38;26;59.4;-1.0;0;0;0
2967;142;142;7;2;1;-1;0;0;0;0;0;0;0;5;0;6;3;67;65;62;12;5554;809;547;100.5;3.2;3.2;27.9;29.2;71;87;44.9;-1.9;56;71;44.1;-2.3;0;85;39
2968;142;142;7;2;3;-1;0;1;0;0;0;0;0;5;5;1;5;60;61;57;17;5608;672;497;98.9;4.5;5.1;30.8;32.7;73;97;42.9;-4.8;62;71;46.6;1.2;1;8;4
2969;149;149;5;0;0;-1;4;0;0;0;0;0;0;8;2;0;1;62;58;62;3;4338;111;640;99.2;1.7;2.5;19.9;27.4;44;54;44.9;3.2;31;43;41.9;-0.2;0;6;1
2970;145;145;6;3;1;6;0;1;0;0;0;0;0;8;0;0;2;64;64;60;12;4885;831;8;109.5;5.2;0.7;39.8;21.4;84;67;55.6;4.0;66;48;57.9;4.8;1;87;42
2971;140;140;6;1;1;-2;0;1;0;0;0;0;0;8;1;4;1;66;58;65;10;5099;532;477;93.4;0.7;2.1;28.2;23.3;79;66;54.5;10.2;62;52;54.4;10.9;0;14;7
2972;151;151;6;1;1;-1;2;0;0;0;0;0;0;12;0;2;0;61;58;59;10;4448;0;1014;96.1;2.4;3.2;32.4;28.3;65;57;53.3;-3.1;49;45;52.1;-4.3;0;60;38
2973;144;144;4;0;1;0;2;0;1;0;0;0;0;6;2;1;1;59;57;56;3;2732;260;733;97.7;1.3;1.3;36.9;22.4;57;36;61.3;20.4;43;25;63.2;22.9;0;43;31
2974;145;145;6;3;0;-3;0;0;0;0;0;0;0;16;1;4;0;60;64;53;12;5743;29;989;91.3;1.9;3.8;35.7;27.0;103;71;59.2;10.2;76;56;57.6;5.7;0;85;51
2975;142;142;6;1;3;0;4;1;2;0;0;0;0;5;3;2;7;62;60;67;17;4586;1537;76;107.5;3.1;3.1;19.6;36.9;46;78;37.1;-9.3;36;63;36.4;-10.3;0;0;0
2976;148;148;7;0;4;0;2;0;0;0;1;0;0;4;3;3;10;64;56;73;12;6105;883;973;90.8;3.5;4.1;29.5;19.5;99;77;56.3;-4.9;73;56;56.6;-5.0;0;2;0
2978;143;143;6;1;3;5;0;0;0;0;0;0;0;9;3;1;3;63;62;60;15;4198;24;643;108.1;6.0;1.7;38.6;23.2;90;47;65.7;15.4;61;35;63.5;11.9;0;61;25
2979;142;142;7;1;1;6;0;0;0;0;0;0;0;7;1;4;9;70;52;72;3;6377;320;813;111.6;5.6;2.3;30.5;32.7;86;99;46.5;0.2;66;81;44.9;-1.3;0;0;0
2980;139;139;6;1;3;2;4;0;0;0;0;0;0;9;3;2;7;74;47;76;7;6201;511;678;103.7;3.5;1.7;33.1;25.5;95;78;54.9;8.3;73;57;56.2;10.3;0;0;0
2981;151;151;6;2;2;0;14;0;1;0;0;0;0;7;1;3;2;66;66;63;9;5279;1009;84;103.0;2.0;2.0;20.5;29.3;74;85;46.5;-13.3;49;58;45.8;-13.6;1;5;3
2982;152;152;7;1;1;2;8;0;0;0;0;0;0;7;2;7;7;67;54;74;15;6744;1389;517;105.0;3.2;2.1;25.6;28.3;90;98;47.9;7.3;64;72;47.1;5.1;0;1;0
2983;144;144;7;3;3;-2;20;1;2;0;0;0;0;7;1;3;3;68;67;68;16;6016;1495;274;96.2;1.8;3.0;24.5;26.9;80;94;46.0;1.5;58;65;47.2;1.4;0;1;0
2984;140;140;3;0;0;0;4;0;0;0;0;0;0;3;1;1;1;55;51;60;5;2179;285;130;104.7;1.7;1.7;18.2;38.0;21;41;33.9;-7.5;17;36;32.1;-9.9;0;0;0
2985;150;150;7;2;2;-3;6;1;0;1;0;0;0;28;2;1;2;59;65;50;13;6522;388;510;93.0;1.1;3.3;25.4;29.3;88;82;51.8;2.1;62;71;46.6;-1.4;1;20;14
2986;138;138;3;0;1;0;0;0;0;0;0;0;0;5;0;0;0;47;51;46;1;1405;0;181;95.2;2.6;2.6;33.3;20.5;24;15;61.5;-1.7;13;14;48.1;-16.4;0;0;0
2987;145;145;2;0;0;0;0;0;0;0;0;0;0;2;1;1;1;54;51;56;2;507;0;276;100.0;0.0;0.0;56.8;28.4;9;9;50.0;-1.4;9;7;56.3;4.8;0;4;2
2988;141;141;6;2;2;3;0;0;0;0;0;0;0;3;3;0;3;57;58;54;13;4964;401;164;103.5;5.1;2.9;33.4;24.7;83;61;57.6;12.6;65;43;60.2;16.3;0;62;28
2989;138;138;6;1;4;3;0;0;0;0;0;0;0;2;0;2;5;61;61;56;8;3295;35;120;103.5;5.5;2.2;44.8;25.1;62;38;62.0;5.8;48;26;64.9;8.4;0;1;1
2990;148;148;7;1;3;3;2;0;1;0;0;0;0;9;2;4;2;65;63;62;14;5170;699;411;101.2;4.2;2.1;36.2;20.2;97;56;63.4;5.0;72;43;62.6;3.4;0;69;42
2992;143;143;5;0;1;2;6;0;0;0;0;0;0;7;2;1;4;58;60;57;8;4563;127;652;104.1;1.6;0.0;38.7;22.9;82;50;62.1;3.2;60;34;63.8;7.6;0;21;12
2993;146;146;7;0;1;3;0;0;0;0;0;0;0;3;4;4;15;67;49;69;5;4465;105;720;110.9;4.8;2.4;26.6;33.1;61;66;48.0;-7.6;47;52;47.5;-8.9;0;0;0
2994;148;148;5;0;0;-3;4;0;0;0;0;0;0;4;4;6;6;62;48;64;9;3781;32;661;90.6;2.9;5.7;32.4;31.4;65;57;53.3;-4.0;48;47;50.5;-8.1;0;0;0
2995;153;153;6;5;1;2;2;2;1;0;0;0;0;13;1;2;4;77;72;77;16;4992;1625;388;104.6;3.6;2.2;28.8;27.4;76;65;53.9;12.8;54;50;51.9;6.4;2;110;56
2996;148;148;7;4;1;-3;0;2;0;0;0;0;0;7;0;3;2;67;68;60;21;3655;1974;170;92.1;3.9;6.9;29.5;32.5;60;53;53.1;-8.2;43;43;50.0;-12.6;1;109;63
2997;143;143;6;1;2;2;4;0;0;0;1;0;0;6;1;3;10;71;52;74;7;5471;80;943;98.9;2.6;2.0;32.9;21.7;103;62;62.4;7.3;73;45;61.9;8.4;0;0;0
2998;148;148;6;1;1;-2;2;0;1;0;0;0;0;8;0;0;3;58;59;55;11;2380;1082;0;95.0;4.5;7.6;28.7;36.3;30;47;39.0;-20.0;25;32;43.9;-14.2;0;2;2
2999;139;139;6;0;1;-4;0;0;0;0;0;0;0;2;2;1;0;50;53;48;5;2998;0;451;83.4;1.2;6.0;34.8;30.0;52;46;53.1;4.6;34;34;50.0;0.9;0;17;9
3000;153;153;7;3;2;2;4;0;1;0;0;0;0;8;3;2;3;63;58;64;8;4289;246;1241;109.4;4.2;2.5;22.7;27.7;44;72;37.9;-8.3;32;47;40.5;-8.4;0;77;39
3001;140;140;6;2;1;-1;4;0;0;0;0;0;0;7;2;4;7;63;53;63;8;5897;487;424;97.6;2.4;3.1;25.0;25.0;84;78;51.9;-2.0;64;60;51.6;-2.3;1;0;0
3002;150;150;6;1;2;1;0;1;1;0;0;0;0;2;1;1;1;60;58;58;5;3455;584;355;105.3;1.0;0.0;19.8;36.5;40;53;43.0;-7.2;26;47;35.6;-13.0;0;68;31
3003;143;143;7;0;2;0;4;0;0;0;0;0;0;8;2;1;0;63;61;59;10;6773;772;393;100.5;2.7;2.7;29.2;30.8;95;89;51.6;-5.8;72;72;50.0;-7.9;0;109;58
3005;146;146;7;2;4;5;2;0;1;0;0;0;0;5;1;1;7;73;67;75;12;5333;1237;161;104.8;5.4;2.0;42.5;25.7;102;73;58.3;6.1;78;54;59.1;6.6;0;86;41
3006;149;149;7;3;2;-1;6;0;2;0;0;0;0;16;5;3;6;61;59;65;16;4923;1930;0;107.3;2.9;2.2;21.2;33.6;49;86;36.3;-9.5;33;67;33.0;-12.9;0;12;5
3008;145;145;6;0;2;2;4;0;0;0;0;0;0;15;1;0;0;65;66;60;12;4844;1263;39;102.9;2.2;0.7;35.7;22.3;77;61;55.8;-0.9;61;48;56.0;-3.2;0;11;3
3009;138;138;5;0;1;2;4;0;0;0;0;0;0;5;0;0;9;64;57;74;8;4154;91;367;102.3;3.5;1.7;33.8;21.7;73;52;58.4;0.1;46;38;54.8;-3.4;0;0;0
3010;146;146;6;0;0;0;4;0;0;0;0;0;0;9;2;4;13;72;51;74;10;5604;471;1210;98.9;2.6;2.6;29.6;26.3;77;72;51.7;-2.5;65;55;54.2;-0.4;0;0;0
3011;150;150;5;0;1;-3;4;0;0;0;1;0;0;8;2;4;6;54;46;55;4;4761;0;807;94.4;1.5;4.5;21.2;35.5;50;83;37.6;-13.8;38;68;35.8;-12.7;0;0;0
3012;139;139;2;0;0;0;0;0;0;0;0;0;0;1;0;0;0;56;60;55;1;1410;0;118;100.0;0.0;0.0;23.0;15.3;20;19;51.3;-18.0;13;13;50.0;-18.2;0;7;5
3013;139;139;5;0;0;0;0;0;0;0;0;0;0;4;2;1;0;57;56;59;13;4312;531;0;97.4;2.5;2.5;30.9;23.4;60;52;53.6;-0.1;48;42;53.3;1.1;0;6;4
3015;141;141;7;0;2;-3;6;0;1;0;0;0;0;11;1;1;21;65;51;67;7;6355;138;1489;96.8;2.3;4.0;23.2;30.6;73;98;42.7;-10.5;55;62;47.0;-4.8;0;0;0
3016;144;144;6;0;0;-2;0;0;0;0;0;0;0;3;0;1;1;56;57;53;10;3091;283;282;93.1;0.0;2.3;21.0;33.8;43;49;46.7;1.9;29;37;43.9;-2.7;0;8;3
3017;144;144;6;2;4;-2;2;2;1;0;0;0;0;9;4;3;3;62;61;59;19;5570;1286;85;95.0;1.9;3.2;31.7;29.1;93;81;53.4;12.0;71;59;54.6;11.5;0;7;4
3018;153;153;6;0;3;-2;2;0;1;0;0;0;0;8;3;4;6;61;58;61;11;4861;609;242;96.3;2.2;3.0;27.4;25.2;59;64;48.0;5.2;48;44;52.2;7.2;0;5;3
3019;146;146;7;0;0;-4;6;0;0;0;0;0;0;7;1;1;9;53;52;53;16;6280;462;365;92.0;2.3;4.6;37.8;32.7;105;95;52.5;-2.2;85;78;52.1;-3.6;0;0;0
3020;139;139;7;0;0;1;2;0;0;0;0;0;0;8;1;3;7;72;51;75;4;4999;76;566;102.7;0.7;0.0;26.6;30.2;79;82;49.1;-2.2;59;64;48.0;-3.5;0;0;0
3021;139;139;4;1;1;0;2;0;0;0;0;0;0;1;0;1;0;59;58;56;7;3162;401;0;103.6;2.3;1.1;30.7;29.6;49;56;46.7;-9.4;39;36;52.0;-3.8;0;3;1
3022;150;150;6;2;0;3;2;0;0;0;0;0;0;7;1;1;3;71;50;74;5;5175;28;935;102.4;2.8;1.4;34.8;25.0;86;64;57.3;8.0;69;54;56.1;11.2;0;0;0
3023;142;142;4;1;1;-2;0;0;0;0;0;0;0;5;1;1;2;53;60;51;5;3244;0;641;94.9;2.2;4.4;25.5;32.2;48;47;50.5;7.7;34;39;46.6;4.7;1;16;5
3024;142;142;6;0;1;6;2;0;0;0;0;0;0;9;1;1;2;57;49;58;3;3804;1;399;116.6;6.6;0.9;32.2;23.7;64;50;56.1;11.7;51;39;56.7;13.8;0;0;0
3025;144;144;4;0;2;-1;0;0;1;0;0;0;0;2;2;2;0;58;58;56;3;3255;331;159;100.0;1.1;2.2;17.7;35.4;31;58;34.8;-15.4;22;42;34.4;-17.2;0;5;2
3026;146;146;5;4;0;3;0;0;0;0;0;0;0;6;1;2;1;50;62;48;18;3740;0;325;100.9;4.8;1.9;46.2;20.2;86;44;66.2;14.6;62;34;64.6;11.7;0;6;2
3027;150;150;5;0;0;-3;4;0;0;0;0;0;0;7;0;2;3;64;58;70;2;3084;441;748;92.2;1.2;4.7;29.2;39.7;34;55;38.2;-11.2;30;47;39.0;-7.1;0;42;23
3028;143;143;6;2;0;-4;2;1;0;0;0;0;0;1;2;0;1;57;60;49;16;5762;1022;0;92.6;2.5;5.0;31.2;32.5;93;87;51.7;-6.6;71;71;50.0;-9.3;0;9;3
3029;142;142;6;2;0;-4;2;0;0;0;0;0;0;6;1;1;1;59;60;57;7;4260;144;610;92.6;2.5;5.9;26.2;34.6;55;68;44.7;1.0;44;57;43.6;-0.6;0;17;7
3030;151;151;5;0;2;1;6;0;1;0;0;0;0;4;0;4;0;70;54;81;6;4611;604;293;103.1;1.6;0.8;18.7;14.8;50;40;55.6;9.3;33;27;55.0;10.8;0;0;0
3031;144;144;6;1;0;-2;0;0;0;0;0;0;0;5;3;4;3;62;60;64;14;4850;676;270;98.9;0.7;1.5;21.5;32.7;57;78;42.2;-4.1;39;56;41.1;-6.9;0;10;2
3032;141;141;5;0;0;-3;0;0;0;0;0;0;0;4;1;0;3;57;56;55;2;3203;89;641;84.2;0.0;3.4;11.2;21.4;31;41;43.1;-8.5;17;30;36.2;-17.1;0;45;18
3033;145;145;4;2;0;2;2;0;0;1;0;0;0;5;1;0;2;58;60;56;4;2060;0;325;112.5;1.7;0.0;14.0;40.2;19;41;31.7;-22.0;15;30;33.3;-23.4;0;2;0
3034;149;149;6;0;2;-1;0;0;0;0;0;0;0;9;1;4;6;64;59;65;7;4134;426;463;100.7;2.6;3.5;22.6;32.2;46;66;41.1;-3.7;36;48;42.9;0.2;0;2;0
3035;152;152;7;2;2;2;4;0;0;1;0;0;0;2;3;2;2;59;58;57;7;5873;487;641;104.9;1.2;0.6;17.2;27.0;52;94;35.6;-9.9;39;67;36.8;-9.2;0;64;28
3036;147;147;6;0;2;-3;0;0;0;0;0;0;0;4;5;2;12;60;52;68;5;5690;531;565;98.3;1.9;3.8;24.7;40.5;80;109;42.3;-3.6;53;83;39.0;-4.2;0;0;0
3037;148;148;3;1;1;3;0;0;0;0;0;0;0;1;0;0;1;63;64;59;5;2692;85;17;110.3;4.0;0.0;38.8;18.7;51;22;69.9;9.1;38;20;65.5;5.2;0;0;0
3038;142;142;5;0;3;3;2;0;2;0;0;0;0;6;3;1;9;69;55;85;16;4456;1241;291;117.0;4.0;0.8;21.0;35.5;51;78;39.5;-8.2;42;63;40.0;-5.4;0;0;0
3039;140;140;4;0;1;0;0;0;0;0;0;0;0;5;2;0;0;51;55;46;2;2167;117;200;101.9;5.0;5.0;28.2;31.6;29;30;49.2;6.9;23;22;51.1;9.5;0;4;2
3041;150;150;5;0;1;0;0;0;0;0;0;0;0;0;0;0;2;55;57;49;8;2531;150;76;99.2;2.8;2.8;41.2;37.0;41;46;47.1;-4.1;36;39;48.0;1.1;0;5;3
3042;141;141;6;1;1;0;2;1;0;0;0;0;0;3;0;0;2;61;61;56;14;4927;179;140;100.3;2.9;2.9;26.3;27.0;71;78;47.7;-2.9;52;56;48.1;-3.6;1;40;20
3043;153;153;3;0;1;2;12;0;0;0;0;0;0;3;2;1;1;62;53;62;1;2436;0;536;111.4;4.4;1.5;25.1;23.6;24;36;40.0;-6.8;20;25;44.4;-5.2;0;36;15
3044;144;144;5;0;1;1;0;0;0;0;0;0;0;1;0;1;2;59;52;59;2;2339;199;244;103.4;3.1;1.5;29.2;21.5;37;31;54.4;11.1;25;25;50.0;4.6;0;0;0
3045;147;147;6;2;5;4;4;0;1;0;0;0;0;9;3;4;4;59;60;57;17;5235;453;139;111.5;6.2;2.8;33.0;37.8;96;98;49.5;9.2;66;76;46.5;7.5;2;13;5
3046;151;151;7;1;0;-1;6;0;0;0;0;0;0;13;2;7;3;66;60;66;10;5954;160;732;97.3;1.2;1.8;22.4;22.4;86;73;54.1;0.4;54;49;52.4;-0.9;0;81;47
3047;150;150;7;0;2;-4;10;0;1;0;0;0;0;7;2;3;6;61;56;68;12;6807;1169;487;94.9;1.1;3.2;26.4;34.9;105;105;50.0;-0.4;71;85;45.5;-3.1;0;0;0
3048;150;150;6;3;4;1;12;3;1;0;0;0;0;13;1;4;1;71;70;68;16;5485;1522;346;105.4;2.0;1.3;21.7;35.4;67;83;44.7;-7.7;44;67;39.6;-10.9;1;12;8
3049;153;153;7;1;0;-3;0;1;0;0;0;0;0;7;3;1;6;55;54;56;8;5269;1085;369;94.7;2.7;4.1;26.0;26.0;67;85;44.1;-0.6;46;55;45.5;-2.3;0;0;0
3050;140;140;7;3;4;2;4;1;0;0;0;0;0;15;5;3;5;69;63;70;21;6638;1188;146;101.0;3.3;2.2;31.5;23.3;100;91;52.4;6.1;78;72;52.0;6.2;1;91;43
3051;146;146;7;0;3;2;0;0;2;0;0;0;0;11;1;0;11;58;52;60;12;6567;573;507;103.5;2.7;1.6;28.5;26.9;90;99;47.6;-9.3;70;71;49.6;-6.9;0;0;0
3052;148;148;7;3;4;3;4;1;3;0;0;0;0;3;0;1;3;68;69;61;27;5101;2024;0;104.6;2.8;0.7;35.3;20.5;96;53;64.4;6.4;70;44;61.4;1.8;0;0;0
3053;149;149;7;1;0;0;6;0;0;0;0;0;0;7;4;3;4;62;52;68;17;6843;1045;488;100.6;1.1;1.1;23.1;26.8;75;95;44.1;1.3;59;74;44.4;2.9;0;0;0
3054;150;150;6;0;3;0;4;0;1;0;0;0;0;7;0;1;4;64;64;62;7;4954;1355;54;94.8;2.9;2.9;32.0;20.3;71;50;58.7;9.2;55;42;56.7;10.0;0;56;29
3055;139;139;6;3;2;-1;4;1;0;0;0;0;0;9;1;1;4;69;67;69;22;5281;1188;0;99.0;2.7;2.7;29.3;26.6;74;75;49.7;0.6;60;56;51.7;3.5;2;109;55
3056;141;141;6;2;1;-2;4;0;1;0;0;0;0;10;6;1;2;55;58;51;13;5081;177;224;94.0;2.1;3.5;28.3;26.2;70;67;51.1;1.9;52;50;51.0;0.4;0;8;4
3058;147;147;5;0;0;-1;0;0;0;0;0;0;0;2;0;0;8;61;50;70;2;3439;484;358;98.0;2.1;3.1;26.2;31.4;44;59;42.7;1.5;37;43;46.3;8.5;0;0;0
3059;142;142;5;0;2;0;2;0;0;0;0;0;0;6;2;2;4;64;62;64;6;4411;1287;13;98.5;4.1;3.3;29.4;21.2;66;56;54.1;8.5;51;40;56.0;12.3;0;83;47
3061;144;144;7;0;1;-5;0;0;1;0;0;0;0;8;0;2;14;66;52;67;5;6370;578;721;94.2;0.6;2.8;21.5;33.3;74;116;38.9;-8.7;57;75;43.2;-4.2;0;0;0
3062;139;139;6;0;1;-6;6;0;1;0;0;0;0;8;0;4;4;61;50;62;5;5242;227;325;85.3;1.4;5.5;26.1;27.5;78;77;50.3;1.5;54;56;49.1;-0.2;0;0;0
3063;148;148;6;1;1;-2;4;0;0;0;0;0;0;1;0;2;4;57;59;51;8;3230;217;236;97.4;2.2;4.5;23.4;36.8;40;56;41.7;-17.6;30;45;40.0;-19.9;1;4;0
3064;138;138;5;1;0;1;2;0;0;0;0;0;0;6;1;4;17;63;55;73;4;4712;339;421;98.4;3.8;3.1;31.3;22.2;71;62;53.4;-5.7;53;44;54.6;-6.2;0;0;0
3065;144;144;7;1;3;-3;8;0;1;0;0;0;0;8;1;3;4;63;62;63;15;5947;1668;13;95.8;1.2;3.0;22.4;31.5;78;87;47.3;3.3;62;64;49.2;4.3;0;112;53
3066;145;145;4;0;2;2;4;0;0;0;0;0;0;3;1;1;5;61;56;69;5;3086;44;616;101.9;3.5;1.2;43.2;18.7;61;30;67.0;15.9;45;20;69.2;15.6;0;0;0
3067;151;151;4;0;1;-1;2;0;0;0;0;0;0;5;0;1;4;55;63;53;3;2679;195;442;97.9;1.3;2.7;25.5;36.3;39;44;47.0;-10.1;30;34;46.9;-10.2;0;3;2
3068;140;140;7;1;0;3;2;0;0;0;0;0;0;24;2;1;4;52;53;51;4;4317;29;152;111.8;3.3;0.8;24.2;40.9;53;81;39.6;-11.2;41;62;39.8;-10.3;0;5;3
3069;139;139;5;0;2;-6;12;0;1;0;0;0;0;6;2;1;4;62;59;64;11;4201;1005;34;91.1;0.9;5.1;24.0;41.1;51;80;38.9;-12.6;40;63;38.8;-12.6;0;31;19
3070;144;144;4;0;0;-1;2;0;0;0;0;0;0;2;2;2;5;58;54;58;4;3298;110;571;96.2;1.1;2.2;20.7;24.0;38;51;42.7;-0.0;25;30;45.5;1.7;0;23;13
3071;151;151;4;0;0;-1;0;0;0;0;0;0;0;5;1;1;2;51;50;50;2;3698;73;696;93.4;1.9;2.9;25.3;20.4;62;39;61.4;9.6;43;29;59.7;8.1;0;0;0
3072;143;143;2;0;0;-1;0;0;0;0;0;0;0;2;1;0;0;49;46;49;0;392;0;198;50.0;0.0;9.2;9.2;18.4;6;2;75.0;16.1;2;2;50.0;-6.9;0;0;0
3073;145;145;7;1;3;1;0;0;1;0;0;0;0;10;1;3;9;66;65;64;19;5865;1575;0;98.6;3.1;2.5;36.8;25.2;102;79;56.4;6.0;83;58;58.9;7.2;0;4;3
3074;148;148;7;0;2;5;2;0;0;0;0;0;0;13;1;4;14;61;56;64;15;6811;475;755;100.9;4.8;2.1;40.7;19.6;124;82;60.2;0.8;95;49;66.0;8.8;0;0;0
3075;143;143;5;1;2;0;12;0;0;0;0;0;0;7;1;0;2;58;60;51;7;3597;115;202;97.5;5.0;5.0;38.0;32.0;60;55;52.2;-4.5;49;42;53.8;-2.7;0;7;1
3076;138;138;1;0;0;-1;0;0;0;0;0;0;0;3;0;0;1;60;52;61;0;961;0;94;88.9;0.0;3.7;26.2;33.7;15;14;51.7;-21.0;12;12;50.0;-20.6;0;0;0
3077;139;139;2;0;1;1;0;0;1;0;0;0;0;0;0;0;0;58;58;51;0;1529;338;0;106.7;2.4;0.0;35.3;11.8;32;15;68.1;13.6;23;8;74.2;20.8;0;15;6
3078;141;141;4;0;0;-5;2;0;0;0;0;0;0;6;3;0;0;45;54;43;6;2517;0;841;76.2;0.0;7.2;22.9;30.0;31;40;43.7;-9.0;23;32;41.8;-11.8;0;11;5
3079;143;143;6;0;2;1;4;0;0;0;0;0;0;2;2;0;1;54;54;50;9;2856;916;55;103.2;6.3;5.0;39.1;39.1;47;56;45.6;-10.5;37;39;48.7;-7.1;0;36;18
3080;146;146;7;1;2;3;2;0;1;0;0;0;0;2;1;3;4;59;53;62;8;4694;654;621;107.5;2.3;0.0;30.7;19.2;80;47;63.0;11.5;55;35;61.1;8.3;0;0;0
3081;141;141;7;3;5;6;2;2;0;0;0;0;0;4;2;2;3;67;70;63;25;6658;1567;779;105.5;4.9;1.6;34.6;18.9;112;66;62.9;19.0;92;43;68.1;26.2;0;14;9
3082;146;146;5;2;0;-1;0;0;0;0;0;0;0;6;4;2;2;53;51;52;8;2959;375;61;96.9;2.4;3.6;23.1;26.8;33;50;39.8;-17.0;24;33;42.1;-15.2;0;13;7
3084;146;146;7;2;5;1;2;1;1;0;0;0;0;6;3;2;3;64;61;64;13;5911;429;852;103.1;3.0;2.4;26.2;28.6;80;74;51.9;-2.7;64;60;51.6;-3.9;0;18;12
3085;151;151;3;0;1;1;0;0;0;0;0;0;0;3;2;2;4;57;54;62;5;2037;149;200;109.1;1.8;0.0;19.4;17.7;32;21;60.4;5.4;17;13;56.7;0.9;0;0;0
3087;145;145;4;0;0;0;2;0;0;0;0;0;0;7;1;3;5;59;56;67;10;2369;910;344;101.0;3.0;4.6;24.3;39.5;32;49;39.5;-6.3;24;34;41.4;-6.8;0;0;0
3088;144;144;3;0;0;0;2;0;0;0;0;0;0;3;2;0;0;50;51;49;3;1778;88;26;102.1;2.0;2.0;24.3;32.4;28;30;48.3;5.6;21;20;51.2;6.6;0;2;0
3089;152;152;3;0;0;0;4;0;0;0;0;0;0;0;2;0;1;53;50;59;5;1774;419;2;103.2;2.0;2.0;22.3;34.5;21;32;39.6;-5.0;17;24;41.5;-2.1;0;8;3
3090;149;149;5;2;1;-2;4;1;0;0;0;0;0;7;3;2;2;62;59;62;9;3701;1125;10;98.5;1.9;1.9;24.3;20.4;42;52;44.7;3.4;33;37;47.1;7.0;0;74;33
3091;147;147;7;1;1;-1;4;0;0;0;0;0;0;10;1;1;3;56;53;59;10;6159;672;325;101.9;1.8;1.8;25.7;35.7;93;110;45.8;4.0;59;78;43.1;3.1;0;0;0
3092;141;141;7;2;5;1;10;1;2;0;0;0;0;7;2;1;1;69;68;73;16;6201;1447;424;100.9;2.9;2.3;26.1;22.6;87;63;58.0;10.9;61;50;55.0;6.1;1;0;0
3093;153;153;7;0;1;-4;4;0;0;0;0;0;0;8;3;3;4;57;53;59;12;4760;357;751;91.7;0.8;3.0;27.2;27.2;60;64;48.4;5.1;48;42;53.3;7.9;0;78;35
3094;149;149;5;0;2;-1;0;0;1;0;0;0;0;4;1;3;2;59;56;61;3;3793;272;145;98.3;0.9;1.9;21.8;31.3;37;60;38.1;-7.6;30;49;38.0;-6.2;0;52;22
3095;140;140;2;0;0;1;0;0;0;0;0;0;0;3;0;2;3;62;59;64;4;2058;294;152;109.1;1.7;0.0;19.2;28.0;19;30;38.8;13.8;17;24;41.5;18.8;0;1;1
3096;151;151;3;1;0;1;0;0;0;0;0;0;0;3;0;1;5;65;53;67;7;1622;64;335;105.9;2.2;0.0;37.7;28.9;32;24;57.1;2.8;24;15;61.5;9.2;1;0;0
3097;152;152;7;2;4;2;0;0;0;0;1;0;0;5;2;5;11;76;50;78;7;7277;45;504;107.4;3.0;2.5;19.3;31.2;72;118;37.9;-7.6;51;83;38.1;-8.3;1;0;0
3099;151;151;2;0;0;-3;2;0;0;0;0;0;0;0;0;1;2;58;57;59;2;1858;104;70;85.7;0.0;5.8;23.3;40.7;32;37;46.4;-15.6;21;29;42.0;-21.1;0;0;0
3100;143;143;4;0;1;2;0;0;1;0;0;0;0;2;1;0;0;56;55;56;2;2485;662;57;110.0;2.9;0.0;29.0;15.9;44;22;66.7;13.7;27;14;65.9;13.6;0;4;2
3101;150;150;6;1;2;-1;0;0;0;0;0;0;0;6;2;1;4;60;62;55;9;4638;213;187;98.0;3.1;3.9;27.9;29.5;69;61;53.1;5.7;51;48;51.5;7.2;0;9;5
3102;150;150;5;0;0;0;0;0;0;0;0;0;0;3;0;0;2;53;50;54;2;1456;146;455;100.6;2.5;2.5;29.7;32.1;20;17;54.1;2.6;18;15;54.5;6.9;0;0;0
3103;150;150;7;2;4;-1;0;0;1;0;0;0;0;5;5;2;5;59;60;54;14;5235;811;138;96.9;2.8;3.4;30.3;28.2;71;68;51.1;1.1;53;53;50.0;3.2;0;5;1
3104;145;145;5;1;0;-2;6;0;0;0;0;0;0;5;2;0;4;61;62;60;9;3641;1015;192;92.1;1.0;3.0;35.6;27.7;56;53;51.4;-1.4;50;38;56.8;2.6;0;22;11
3105;151;151;4;1;1;-2;0;0;0;0;0;0;0;5;0;0;0;57;61;47;6;2866;100;67;88.9;2.5;5.0;22.6;22.6;41;37;52.6;-2.8;28;27;50.9;-4.6;1;1;0
3106;151;151;4;0;0;-1;2;0;0;0;0;0;0;5;0;0;0;52;53;51;1;1671;118;40;93.8;0.0;2.2;19.4;34.5;15;23;39.5;-11.9;10;17;37.0;-13.0;0;4;4
3107;152;152;7;0;0;-3;2;0;0;0;0;0;0;5;0;3;17;67;51;69;4;5260;0;1099;92.9;0.0;2.1;19.2;28.7;53;87;37.9;-6.8;37;58;38.9;-6.1;0;0;0
3108;144;144;2;0;0;0;2;0;0;0;0;0;0;3;0;0;2;58;56;55;3;1171;75;88;100.0;0.0;0.0;27.7;15.4;21;13;61.8;25.7;11;8;57.9;20.4;0;17;7
3109;149;149;7;1;1;-1;4;0;1;0;0;0;0;11;2;2;17;62;55;69;17;6456;1040;1644;99.1;2.2;2.8;22.9;26.2;66;92;41.8;-2.1;48;71;40.3;-3.1;0;0;0
3111;141;141;4;2;0;-4;0;0;0;0;0;0;0;5;2;0;1;58;55;55;6;2335;0;0;91.2;3.1;9.3;29.3;47.8;33;45;42.3;-11.2;26;36;41.9;-12.5;0;35;18
3112;148;148;2;0;0;1;0;0;0;0;0;0;0;3;0;0;0;52;52;50;0;756;0;0;114.3;4.8;0.0;33.3;9.5;14;5;73.7;3.8;10;4;71.4;0.8;0;0;0
3113;147;147;6;0;2;-4;0;0;1;0;0;0;0;3;0;0;6;53;55;47;9;3925;192;51;93.0;1.8;5.5;27.5;40.4;54;71;43.2;-1.9;40;55;42.1;0.4;0;0;0
3114;141;141;7;0;1;1;2;0;0;0;0;0;0;8;1;3;10;70;51;72;5;6141;65;1396;102.5;4.1;3.5;34.0;36.9;93;96;49.2;-1.2;74;76;49.3;-1.8;0;0;0
3116;147;147;4;1;1;0;2;0;0;0;0;0;0;1;0;1;1;54;56;51;3;1857;38;114;105.1;5.8;5.8;34.9;50.4;28;41;40.6;5.9;22;33;40.0;8.0;0;4;3
3117;142;142;2;0;1;-1;2;0;0;0;0;0;0;3;0;0;1;56;51;56;1;1180;130;276;83.3;0.0;3.1;27.5;18.3;14;11;56.0;17.2;12;8;60.0;21.1;0;0;0
3118;142;142;4;2;2;0;0;0;1;0;0;0;0;4;5;2;1;60;60;56;11;3143;736;119;93.4;5.7;5.7;37.8;26.3;47;42;52.8;8.4;39;35;52.7;7.3;0;5;0
3119;145;145;4;0;0;1;2;0;0;0;0;0;0;2;1;0;1;50;49;50;1;1616;0;819;100.0;0.0;0.0;4.5;29.0;8;21;27.6;-24.2;7;15;31.8;-22.8;0;30;14
3120;153;153;6;0;0;-1;2;0;0;0;0;0;0;1;1;0;1;55;51;65;1;1430;1037;64;100.0;0.0;0.0;20.1;25.2;10;22;31.3;-14.1;9;16;36.0;-13.0;0;0;0
3121;142;142;1;0;0;0;2;0;0;0;0;0;0;1;0;0;3;54;53;57;1;915;0;204;105.8;3.9;3.9;31.5;59.0;10;25;28.6;-22.5;9;20;31.0;-23.0;0;0;0
3122;149;149;6;0;0;-3;0;0;0;0;0;0;0;2;1;0;8;50;49;50;2;2430;24;366;81.7;1.5;5.9;22.2;23.7;27;37;42.2;-1.7;17;25;40.5;-3.4;0;0;0
3123;153;153;4;0;0;0;0;0;0;0;0;0;0;1;0;0;0;50;51;49;1;1529;0;44;100.0;0.0;0.0;25.9;33.0;16;28;36.4;-10.6;15;18;45.5;-4.3;0;22;10
3124;139;139;2;0;0;0;0;0;0;0;0;0;0;1;0;0;1;63;49;65;0;612;20;157;100.0;0.0;0.0;23.5;35.3;7;10;41.2;-19.7;6;7;46.2;-15.3;0;0;0
3126;150;150;1;0;0;0;0;0;0;0;0;0;0;1;0;1;0;55;50;56;0;71;0;124;100.0;0.0;0.0;50.7;101.4;1;2;33.3;-7.5;1;2;33.3;-9.0;0;0;0
3127;149;149;2;1;0;0;0;1;0;0;0;0;0;1;0;0;1;55;54;52;2;862;66;35;100.0;0.0;0.0;20.9;29.2;10;17;37.0;-10.6;7;15;31.8;-18.2;0;0;0
3128;152;152;6;2;0;1;17;1;0;0;0;0;0;5;3;0;5;58;58;57;8;4102;1340;45;106.5;1.8;0.9;18.4;29.0;34;76;30.9;-11.7;26;51;33.8;-9.0;0;0;0
3129;141;141;3;0;0;-1;2;0;0;0;0;0;0;1;1;0;1;52;54;49;2;2361;125;0;97.1;1.5;3.0;22.9;32.0;21;31;40.4;-14.4;19;24;44.2;-8.4;0;22;10
3130;150;150;7;0;2;1;4;0;1;0;0;0;0;5;3;1;4;57;56;58;10;5356;982;0;102.8;2.0;1.3;29.6;33.6;86;80;51.8;2.2;64;66;49.2;2.3;0;0;0
3131;140;140;3;0;1;2;2;0;0;0;0;0;0;1;0;0;1;58;58;56;4;1759;331;31;123.3;6.1;2.0;20.5;30.7;17;28;37.8;-5.8;13;22;37.1;-6.3;0;2;1
3132;141;141;4;1;0;-4;0;0;0;0;0;0;0;3;2;0;0;43;53;41;3;2386;0;536;96.7;4.5;10.6;22.6;45.3;30;41;42.3;-7.9;23;34;40.4;-11.3;0;11;3
3133;143;143;5;0;3;9;6;0;0;0;0;0;0;3;1;1;7;57;54;60;7;4344;0;662;113.4;7.5;0.8;45.6;28.2;88;61;59.1;7.1;70;44;61.4;9.5;0;1;0
3134;141;141;1;0;1;-1;0;0;0;0;0;0;0;1;0;0;0;43;55;40;1;630;0;221;87.5;0.0;5.7;28.6;45.7;8;13;38.1;-21.0;5;9;35.7;-18.6;0;9;3
3135;142;142;1;0;0;0;2;0;0;0;0;0;0;0;0;0;1;41;51;40;1;899;0;79;105.4;4.0;4.0;32.0;56.1;10;23;30.3;-18.7;9;18;33.3;-17.9;0;0;0
3136;147;147;4;0;0;1;0;0;0;0;0;0;0;1;2;1;2;51;47;58;2;1773;573;13;113.3;4.1;0.0;30.5;56.9;26;49;34.7;-13.9;22;38;36.7;-9.8;0;3;1
3137;150;150;3;0;0;-1;2;0;0;0;0;0;0;0;0;0;0;54;57;50;5;2035;249;155;94.1;1.8;3.5;30.1;30.1;32;26;55.2;-1.0;22;22;50.0;-3.7;0;0;0
3138;142;142;2;0;0;-2;0;0;0;0;0;0;0;1;1;0;0;47;49;43;1;716;0;0;66.7;0.0;10.1;20.1;30.2;8;9;47.1;-2.6;5;7;41.7;-11.2;0;0;0
3142;143;143;3;0;1;-1;0;0;0;0;1;0;0;1;0;2;3;55;56;53;0;1358;0;534;84.6;0.0;5.3;23.9;34.5;17;25;40.5;-16.9;13;20;39.4;-15.5;0;9;7
3143;138;138;1;0;1;1;0;0;0;0;0;0;0;0;0;0;0;59;63;49;1;416;0;0;0.0;8.7;0.0;51.9;0.0;10;2;83.3;19.5;9;1;90.0;30.0;0;0;0
3144;152;152;6;0;2;4;0;0;0;0;0;0;0;8;2;3;8;57;54;58;8;6144;215;626;110.6;4.7;2.3;27.0;34.6;87;103;45.8;3.4;64;75;46.0;2.5;0;0;0
3145;153;153;4;0;1;0;2;0;1;0;0;0;0;5;2;0;2;54;54;56;5;1807;728;106;100.0;0.0;0.0;21.9;25.9;22;33;40.0;-5.7;17;20;45.9;-3.2;0;22;12
3146;140;140;4;0;1;0;0;0;0;0;0;0;0;2;1;0;3;54;53;51;4;2526;39;414;110.9;4.3;4.3;21.4;47.0;23;54;29.9;-20.1;19;44;30.2;-18.0;0;25;12
3147;152;152;3;1;0;-3;2;0;0;0;0;0;0;0;1;0;0;51;52;50;3;1689;157;5;103.9;2.1;8.5;8.5;40.5;8;29;21.6;-19.3;7;21;25.0;-17.3;0;19;8
3148;149;149;7;1;2;-3;0;0;0;0;0;0;0;7;1;2;1;54;54;52;6;6274;587;430;101.7;4.0;4.6;24.7;31.6;69;99;41.1;-3.2;50;74;40.3;-3.2;0;0;0
3149;153;153;5;0;0;0;2;0;0;0;0;0;0;1;2;2;5;63;52;61;2;2278;84;893;100.0;0.0;0.0;11.1;12.6;15;31;32.6;-16.3;12;17;41.4;-11.5;0;9;5
3150;144;144;6;1;0;-3;0;1;0;0;0;0;0;4;2;0;2;57;55;56;8;3530;344;115;90.6;0.0;3.1;20.4;32.6;35;54;39.3;-7.7;26;41;38.8;-9.9;0;37;17
3151;145;145;3;0;2;1;0;0;1;0;0;0;0;1;0;0;0;55;56;49;3;1200;228;0;105.7;6.0;3.0;33.0;24.0;16;18;47.1;-5.1;14;12;53.8;2.1;0;9;1
3152;140;140;1;0;0;0;0;0;0;0;0;0;0;0;2;0;4;85;39;88;1;1236;69;192;100.0;0.0;0.0;11.7;46.6;6;26;18.8;2.8;5;22;18.5;1.9;0;0;0
3153;151;151;4;0;0;0;0;0;0;0;0;0;0;3;1;0;3;60;52;71;5;2217;417;172;98.0;3.2;3.2;30.9;26.0;35;25;58.3;1.5;26;20;56.5;-1.0;0;0;0
3154;141;141;7;0;0;-2;0;0;0;0;0;0;0;4;0;1;0;50;50;51;1;3299;184;256;90.0;0.0;2.2;12.0;21.8;37;34;52.1;2.4;21;26;44.7;-6.5;0;0;0
3155;141;141;3;1;0;1;4;0;0;0;0;0;0;0;0;2;1;53;55;50;4;2031;100;0;107.8;3.5;1.8;26.6;31.9;21;29;42.0;-8.9;18;19;48.6;-0.9;0;0;0
3156;141;141;2;0;0;1;0;0;0;0;0;0;0;2;1;0;0;54;52;54;3;1221;80;59;107.1;2.9;0.0;41.3;29.5;21;20;51.2;-7.0;17;15;53.1;-6.9;0;1;1
3157;140;140;1;0;0;-1;0;0;0;0;0;0;0;0;0;0;1;64;49;67;0;696;0;58;0.0;0.0;5.2;0.0;31.0;0;12;0.0;-20.0;0;8;0.0;-19.7;0;0;0
3158;142;142;2;1;0;1;0;0;0;0;0;0;0;1;0;0;0;48;53;46;1;420;0;241;125.0;17.1;8.6;34.3;34.3;7;5;58.3;-0.1;5;4;55.6;-2.1;1;0;0
3159;150;150;2;0;1;0;0;0;0;0;0;0;0;0;0;0;0;52;54;48;2;877;45;0;107.5;4.1;4.1;20.5;32.8;9;10;47.4;-8.3;7;10;41.2;-12.5;0;5;3
3160;145;145;1;0;0;0;0;0;0;0;0;0;0;0;0;0;1;50;49;50;0;371;0;0;0.0;0.0;0.0;0.0;38.8;0;6;0.0;-36.2;0;4;0.0;-36.7;0;0;0
3161;144;144;2;0;0;0;0;0;0;0;0;0;0;0;0;1;0;54;53;55;1;797;0;0;100.0;0.0;0.0;36.1;36.1;12;15;44.4;-0.3;10;14;41.7;-5.6;0;5;2
3162;150;150;2;1;0;1;2;0;0;0;0;0;0;1;0;0;1;63;62;63;4;1009;217;0;107.7;3.6;0.0;46.4;21.4;21;9;70.0;15.9;18;8;69.2;15.9;0;2;0
3163;142;142;1;0;0;0;2;0;0;0;0;0;0;0;0;0;0;53;57;47;1;736;0;0;100.0;0.0;0.0;19.6;24.5;8;11;42.1;0.8;7;8;46.7;3.5;0;6;4
3164;142;142;1;0;0;-1;0;0;0;0;0;0;0;0;0;0;3;52;50;52;1;986;0;89;75.0;0.0;3.7;32.9;14.6;14;8;63.6;30.3;12;5;70.6;35.9;0;0;0
3165;147;147;6;2;2;-2;6;1;1;0;0;0;0;3;1;0;1;58;58;56;12;4014;1772;0;96.4;2.7;4.5;32.3;37.7;76;70;52.1;9.4;49;54;47.6;5.4;0;105;48
3166;139;139;3;1;1;-1;0;0;0;0;0;0;0;4;2;0;1;56;56;53;8;2713;373;0;100.7;2.7;4.0;22.6;35.8;39;47;45.3;-3.9;27;36;42.9;-9.9;0;0;0
3167;150;150;5;1;1;-3;0;0;1;0;0;0;0;0;0;0;1;55;58;52;4;3132;763;0;94.0;2.3;5.7;27.6;40.2;46;58;44.2;-4.5;34;47;42.0;-2.7;0;0;0
3168;141;141;1;0;0;0;0;0;0;0;0;0;0;0;0;0;0;48;50;48;0;399;0;221;100.0;0.0;0.0;18.0;36.1;5;6;45.5;-8.2;2;5;28.6;-23.8;0;1;0
3171;144;144;3;0;0;0;0;0;0;0;0;0;0;0;0;0;2;55;51;58;4;1335;0;114;100.0;2.7;2.7;32.4;32.4;15;24;38.5;-6.4;13;17;43.3;-3.3;0;0;0
3172;140;140;1;0;0;0;4;0;0;0;0;0;0;1;0;0;1;49;51;48;1;657;0;0;100.0;0.0;0.0;21.9;54.8;5;16;23.8;9.1;4;12;25.0;9.9;0;2;1
3173;149;149;3;0;0;1;0;0;0;0;0;0;0;1;1;0;0;53;52;53;5;1095;106;94;105.6;6.6;3.3;39.5;29.6;18;15;54.5;8.6;13;13;50.0;6.5;0;7;7
3176;138;138;3;1;1;3;0;0;0;0;0;0;0;3;1;0;0;59;61;50;7;2455;379;189;93.5;7.3;4.4;54.3;22.0;60;30;66.7;15.7;45;25;64.3;10.3;0;0;0
3177;153;153;2;0;0;0;0;0;0;0;0;0;0;1;1;0;1;50;48;56;0;834;0;0;100.0;0.0;0.0;21.6;25.9;10;13;43.5;0.1;8;8;50.0;6.4;0;3;1
3178;140;140;1;0;0;0;0;0;0;0;0;0;0;0;0;0;1;54;49;55;0;297;0;161;100.0;0.0;0.0;12.1;72.7;2;7;22.2;5.8;2;6;25.0;8.6;0;0;0
3179;138;138;1;1;0;1;0;0;0;0;0;0;0;1;0;0;0;43;55;41;1;416;0;94;0.0;8.7;0.0;51.9;0.0;10;2;83.3;19.5;9;1;90.0;30.0;0;11;3
3180;149;149;2;0;0;-1;0;0;0;0;0;0;0;0;0;0;0;48;50;48;0;487;27;0;80.0;0.0;7.4;14.8;37.0;4;8;33.3;-1.6;2;6;25.0;-9.2;0;0;0
3181;153;153;3;1;0;-2;2;1;0;0;0;0;0;0;2;0;0;53;51;58;6;1581;298;137;91.3;0.0;4.6;27.3;52.4;20;41;32.8;-14.0;15;29;34.1;-14.4;0;24;14
3182;150;150;2;0;1;1;0;0;0;0;0;0;0;1;0;1;0;56;53;56;0;963;0;248;110.0;3.7;0.0;37.4;22.4;20;11;64.5;7.5;15;8;65.2;12.1;0;10;5
3183;139;139;3;0;0;2;0;0;0;0;0;0;0;3;1;2;1;55;52;55;1;2432;0;225;111.4;4.4;1.5;25.2;23.7;29;33;46.8;-1.7;24;22;52.2;3.1;0;2;1
3184;150;150;3;0;0;-5;2;0;0;0;0;0;0;2;0;3;3;53;50;53;1;2634;0;122;82.8;0.0;6.8;16.4;39.6;26;53;32.9;-17.7;19;40;32.2;-15.6;0;0;0
3185;153;153;5;0;0;-1;0;0;0;0;0;0;0;4;5;2;4;53;46;54;5;3435;129;331;95.7;1.0;2.1;24.1;24.1;36;46;43.9;-0.5;30;30;50.0;4.1;0;4;1
3188;142;142;3;0;2;1;0;0;1;0;0;0;0;0;2;0;0;54;53;55;2;1432;319;0;120.0;2.5;0.0;12.6;45.3;15;23;39.5;-12.9;11;22;33.3;-18.0;0;17;10
3191;139;139;1;0;0;0;0;0;0;0;0;0;0;0;0;0;0;49;49;49;0;423;0;0;100.0;0.0;0.0;25.5;17.0;5;4;55.6;-4.2;4;2;66.7;9.0;0;0;0
3192;153;153;4;2;2;0;2;1;1;0;0;0;0;1;0;0;0;61;62;56;11;2680;911;0;102.9;4.0;2.7;33.6;29.6;37;46;44.6;0.7;28;32;46.7;0.4;0;3;1
3195;156;156;3;1;2;1;0;0;1;0;0;0;0;4;0;1;1;67;68;63;9;2001;609;71;98.4;3.6;1.8;37.8;16.2;38;21;64.4;3.1;28;15;65.1;3.2;1;43;24
3196;158;158;5;0;0;0;0;0;0;0;0;0;0;2;0;1;3;53;50;53;3;2539;0;244;100.5;2.8;2.8;26.9;28.4;39;36;52.0;-5.2;25;25;50.0;-8.3;0;0;0
3197;155;155;7;0;2;-1;6;0;0;0;0;0;0;3;2;2;3;51;56;49;7;5176;180;973;98.2;2.1;2.8;20.9;23.6;68;65;51.1;2.0;48;41;53.9;4.8;0;19;14
3199;155;155;7;0;1;-1;2;0;0;0;0;0;0;3;0;4;4;56;54;57;4;5896;1011;105;99.0;1.2;1.8;17.7;23.2;78;88;47.0;-3.6;53;58;47.7;-3.2;0;0;0
3202;165;165;7;2;1;-2;4;0;0;0;0;0;0;18;5;2;3;62;59;60;20;6131;581;849;91.3;2.3;3.5;31.1;21.7;100;82;54.9;-9.7;74;50;59.7;-4.8;1;110;61
3205;166;166;7;4;4;-5;8;4;2;0;0;0;0;7;2;2;5;71;72;62;27;6242;1660;0;89.5;1.2;4.0;35.8;29.4;102;84;54.8;9.4;84;59;58.7;11.7;0;130;79
3207;162;162;7;2;3;0;6;1;1;0;0;0;0;8;2;0;2;63;64;54;15;6207;1118;83;95.6;2.3;2.3;30.2;19.1;101;69;59.4;6.5;78;49;61.4;8.8;0;0;0
3208;155;155;7;1;4;2;6;0;3;0;0;0;0;2;1;5;9;65;64;66;17;6029;1623;472;105.1;1.8;0.6;24.5;26.9;85;85;50.0;0.6;65;62;51.2;1.5;0;14;2
3209;161;161;4;0;1;0;0;0;1;0;0;0;0;0;2;2;1;55;53;56;7;2804;534;0;99.9;1.3;1.3;34.7;33.4;44;51;46.3;-16.2;36;39;48.0;-14.7;0;48;22
3211;160;160;7;4;2;7;0;2;0;0;0;0;0;8;2;4;1;68;66;64;19;5283;797;635;110.0;5.5;0.7;42.2;23.9;96;55;63.6;6.0;74;43;63.2;5.4;0;83;46
3212;155;155;7;0;1;-3;2;0;0;0;0;0;0;1;2;1;0;54;53;55;8;4285;565;64;93.9;0.8;3.4;22.7;34.4;54;75;41.9;-9.9;42;53;44.2;-7.6;0;7;2
3213;157;157;7;1;2;-1;0;0;0;0;0;0;0;5;2;2;3;64;61;62;14;6117;0;1134;100.8;2.4;2.9;25.9;35.3;78;106;42.4;4.4;63;86;42.3;3.1;1;113;80
3214;165;165;7;0;0;-2;4;0;0;0;0;0;0;7;4;2;4;56;51;55;7;6085;193;1064;89.3;2.4;3.5;25.4;17.7;93;69;57.4;-5.9;70;50;58.3;-6.6;0;0;0
3215;160;160;7;3;0;4;4;0;0;0;0;0;0;7;1;6;6;65;64;65;12;4814;986;472;109.4;4.5;0.7;35.9;23.9;85;52;62.0;3.9;63;36;63.6;5.6;0;8;2
3216;156;156;6;0;1;-1;2;0;0;0;0;0;0;2;1;2;2;56;60;52;7;3715;82;113;96.9;1.9;2.9;28.1;29.1;59;61;49.2;-7.0;38;45;45.8;-9.9;0;8;7
3217;162;162;6;2;4;0;0;0;1;0;1;0;0;11;1;5;2;70;68;66;6;5042;307;991;93.4;2.9;3.6;33.6;23.6;73;62;54.1;0.9;56;48;53.8;0.0;0;82;40
3218;159;159;5;1;2;2;0;0;0;0;0;0;0;4;3;0;2;57;57;56;10;3299;1097;75;113.4;4.4;2.2;25.1;54.6;44;81;35.2;-8.6;31;64;32.6;-11.9;0;9;4
3219;158;158;7;3;2;2;2;2;1;0;0;0;0;5;2;1;1;66;63;68;29;6425;1847;419;103.0;2.8;1.7;31.9;29.1;101;87;53.7;-0.8;69;69;50.0;-7.2;0;13;4
3220;162;162;7;2;2;0;18;0;0;0;0;0;0;4;6;1;4;60;61;57;26;6549;1205;286;97.8;2.2;2.2;33.0;24.7;105;86;55.0;0.3;74;62;54.4;-1.2;0;13;4
3221;156;156;7;0;2;5;2;0;0;0;0;0;0;14;1;4;7;64;52;64;7;5149;264;1277;107.6;4.2;1.4;30.8;23.1;82;63;56.6;3.9;61;48;56.0;5.0;0;0;0
3222;160;160;6;0;6;-4;2;0;3;0;0;0;0;9;5;3;0;65;65;60;20;4379;1739;9;78.8;3.3;5.8;41.1;19.7;100;48;67.6;11.5;70;34;67.3;10.7;0;94;55
3223;157;157;7;0;0;-4;4;0;0;0;0;0;0;5;0;2;9;63;52;64;1;5399;0;754;94.1;0.7;3.3;20.0;36.0;58;101;36.5;-3.8;42;79;34.7;-7.3;0;0;0
3224;165;165;7;0;2;2;0;0;1;0;0;0;0;4;3;5;6;69;66;68;17;5966;1023;59;102.5;2.4;1.2;22.9;15.1;90;57;61.2;-0.7;63;35;64.3;1.5;0;7;4
3226;154;154;6;0;0;-1;0;0;0;0;0;0;0;2;2;2;5;55;52;58;1;4682;0;177;103.4;1.5;2.3;14.6;32.3;38;90;29.7;-15.1;24;62;27.9;-15.8;0;0;0
3228;167;167;5;0;0;1;2;0;0;0;0;0;0;2;0;0;2;53;55;53;6;2595;0;176;103.9;2.8;1.4;31.9;29.1;38;31;55.1;1.4;30;26;53.6;-1.8;0;1;1
3229;165;165;7;0;0;1;4;0;0;0;0;0;0;7;1;0;3;55;49;56;16;5311;129;419;95.6;2.0;1.4;33.2;12.9;94;50;65.3;4.6;67;34;66.3;4.2;0;0;0
3231;167;167;7;2;3;5;2;0;0;0;1;0;0;7;1;5;14;65;64;64;16;6558;511;753;108.6;4.9;2.7;26.9;28.0;97;110;46.9;-5.0;70;70;50.0;-2.3;0;31;16
3232;157;157;5;1;1;-3;0;1;1;0;0;0;0;0;1;2;2;58;55;59;7;3438;523;158;91.4;0.0;3.1;20.9;36.6;36;65;35.6;-3.2;29;51;36.3;-3.8;0;51;19
3233;166;166;7;0;3;2;14;0;0;0;0;0;0;5;2;3;10;56;54;57;10;5676;63;1081;97.2;4.4;3.2;44.4;24.7;118;68;63.4;21.4;94;48;66.2;22.1;0;0;0
3234;163;163;4;1;1;-1;0;0;0;0;0;0;0;3;0;0;1;58;59;54;7;2714;577;0;105.6;4.0;4.0;26.5;42.4;44;50;46.8;-8.0;27;41;39.7;-13.6;0;8;4
3235;154;154;7;1;4;-2;4;0;2;0;0;0;0;12;2;3;8;65;64;65;26;6751;1369;0;101.9;2.1;2.7;20.8;32.0;81;118;40.7;-1.0;56;82;40.6;0.8;0;1;1
3236;156;156;7;0;1;0;0;0;0;0;0;0;0;9;5;1;4;59;59;54;11;4612;0;671;98.8;1.6;1.6;35.9;28.1;80;71;53.0;-0.7;59;54;52.2;0.2;0;71;39
3237;165;165;6;0;2;2;0;0;1;0;0;0;0;5;4;2;2;61;56;61;10;4306;325;733;98.1;2.5;0.8;43.5;10.9;110;31;78.0;20.9;81;20;80.2;21.8;0;77;49
3238;166;166;7;0;3;-1;0;0;0;0;0;0;0;3;0;1;6;64;59;64;16;5903;451;843;100.0;1.8;2.4;29.3;39.0;85;108;44.0;-5.7;68;81;45.6;-6.8;0;82;35
3241;160;160;7;4;2;-1;4;2;1;0;0;0;0;9;1;6;9;62;60;62;19;6610;1519;741;96.9;3.3;3.3;41.9;30.0;144;87;62.3;5.2;104;73;58.8;-0.7;0;0;0
3242;159;159;7;1;1;4;12;0;0;0;0;0;0;7;4;4;5;58;50;64;8;6003;738;933;108.8;3.6;1.2;29.4;34.8;83;103;44.6;4.8;66;74;47.1;9.6;0;0;0
3243;161;161;7;0;2;0;0;0;0;0;0;0;0;1;1;4;7;59;58;57;16;5465;885;0;98.3;2.0;2.0;34.9;27.0;94;77;55.0;-1.8;74;54;57.8;2.3;0;0;0
3245;166;166;7;0;1;-4;4;0;0;0;0;0;0;9;1;0;5;54;48;55;6;4047;0;838;90.0;1.8;5.3;24.9;31.1;53;56;48.6;0.6;44;42;51.2;0.9;0;0;0
3250;166;166;7;1;0;1;2;0;0;0;0;0;0;5;5;3;1;55;55;55;7;5680;446;260;102.5;1.9;1.3;31.7;36.1;93;104;47.2;-1.3;77;80;49.0;-2.0;0;1;1
3251;160;160;7;0;2;5;0;0;0;0;0;0;0;4;1;2;7;59;52;59;6;5880;0;1156;108.4;4.9;1.8;28.8;21.4;87;67;56.5;-3.3;63;45;58.3;-1.1;0;0;0
3252;156;156;7;1;6;0;0;0;1;0;1;0;0;12;2;3;7;65;60;70;11;6846;252;1356;93.9;3.7;4.2;43.6;28.9;135;98;57.9;6.9;106;78;57.6;8.9;0;0;0
3253;162;162;5;0;1;3;0;0;0;0;0;0;0;2;4;0;6;61;55;71;7;3598;227;198;109.1;3.0;0.0;33.0;23.0;57;44;56.4;4.0;40;30;57.1;4.1;0;0;0
3254;159;159;7;1;0;-2;2;0;0;0;0;0;0;4;2;3;6;54;55;51;3;5163;273;0;101.5;2.1;2.8;20.9;32.8;60;87;40.8;-0.6;41;67;38.0;-3.2;0;3;1
3255;158;158;5;0;0;-3;0;0;0;0;0;0;0;3;1;2;4;59;56;61;2;2898;110;360;91.1;1.2;5.0;21.1;33.5;35;46;43.2;-8.7;25;35;41.7;-10.7;0;22;13
3256;159;159;7;3;0;1;19;0;0;0;0;0;0;6;1;2;2;61;58;66;14;4627;1322;69;106.1;3.1;2.3;24.9;36.6;53;76;41.1;-0.2;38;60;38.8;-2.1;0;71;35
3257;156;156;3;0;0;0;0;0;0;0;0;0;0;2;1;0;2;50;51;48;1;1301;29;0;103.3;5.5;5.5;33.2;41.5;20;30;40.0;-1.5;16;19;45.7;5.8;0;1;0
3258;162;162;4;2;0;1;0;0;0;0;0;0;0;1;0;1;1;55;56;50;6;2027;188;0;102.8;3.6;1.8;33.7;23.1;32;23;58.2;7.1;26;19;57.8;9.1;1;1;1
3259;157;157;7;1;1;-1;8;0;1;0;0;0;0;11;4;0;9;61;59;63;17;5803;1759;492;100.1;0.6;0.6;31.0;32.3;82;101;44.8;7.8;66;77;46.2;8.6;1;0;0
3260;154;154;5;0;1;1;0;0;0;0;0;0;0;2;1;0;2;59;57;57;7;3153;301;67;103.7;1.1;0.0;30.8;36.5;45;61;42.5;1.6;36;49;42.4;3.0;0;46;19
3261;167;167;7;2;1;1;2;0;0;0;0;0;0;11;2;1;3;62;67;54;16;6669;429;384;103.0;2.7;2.2;27.0;30.8;97;117;45.3;-7.4;69;83;45.4;-9.1;0;11;5
3262;164;164;3;0;1;0;0;0;0;0;0;0;0;0;1;0;1;52;53;49;2;970;0;0;103.3;3.7;3.7;18.6;22.3;11;15;42.3;-8.7;8;9;47.1;-4.0;0;0;0
3263;167;167;4;1;1;3;0;0;0;0;0;0;0;2;0;1;1;58;56;59;1;2078;140;0;121.4;5.2;0.0;24.3;27.7;25;25;50.0;-5.7;18;20;47.4;-9.3;0;16;7
3264;158;158;7;0;1;3;2;0;0;0;0;0;0;10;0;1;7;61;55;68;6;5509;377;461;103.4;3.3;1.3;34.0;20.9;107;63;62.9;12.0;72;42;63.2;11.0;0;0;0
3265;161;161;6;0;3;1;6;0;0;0;0;0;0;15;1;3;1;67;65;66;12;5556;1212;19;97.6;2.6;1.9;40.2;22.0;104;59;63.8;9.7;85;43;66.4;13.6;0;126;69
3266;158;158;7;3;1;1;0;1;1;0;0;0;0;6;2;3;5;64;62;62;20;5040;1819;0;102.2;1.4;0.7;31.4;30.7;87;74;54.0;-0.3;59;54;52.2;-3.7;1;81;43
3267;160;160;5;0;0;-1;2;0;0;0;0;0;0;2;0;3;1;57;57;54;6;3517;299;211;94.4;2.0;3.1;25.6;22.5;53;43;55.2;-4.5;37;27;57.8;-0.6;0;43;19
3269;163;163;6;0;0;-1;0;0;0;0;0;0;0;9;4;2;1;53;53;50;6;3842;0;640;97.4;0.0;0.9;17.8;36.5;45;62;42.1;-3.8;28;48;36.8;-8.7;0;5;4
3270;163;163;7;1;1;0;2;0;0;0;0;0;0;4;1;6;3;61;60;61;9;5064;1002;0;100.5;2.1;2.1;28.4;30.6;73;81;47.4;1.3;51;57;47.2;2.9;0;81;50
3271;163;163;7;3;2;-4;4;3;1;0;0;0;0;2;2;2;4;67;63;68;16;6507;1309;192;94.3;1.7;3.3;28.2;28.8;87;104;45.5;-1.3;69;85;44.8;-0.3;0;48;21
3272;156;156;7;2;0;-5;2;0;0;1;0;0;0;10;0;3;9;63;65;58;15;6276;1043;863;90.6;1.1;4.6;29.3;34.4;100;101;49.8;-5.4;68;77;46.9;-7.4;0;16;3
3274;160;160;7;1;2;-2;6;0;1;0;0;0;0;9;3;3;7;55;51;57;23;6446;743;554;92.6;1.7;2.8;33.0;22.3;108;80;57.4;-2.2;85;57;59.9;0.9;0;0;0
3275;154;154;6;3;1;-1;2;0;0;0;0;0;0;8;2;1;7;63;60;61;6;5976;152;893;112.2;4.2;4.8;18.1;43.4;58;122;32.2;-14.1;44;94;31.9;-12.5;1;38;20
3276;154;154;7;2;1;0;6;1;1;0;0;0;0;13;2;1;5;66;65;65;14;6860;1075;106;101.3;1.0;1.0;22.0;30.4;89;112;44.3;4.1;55;80;40.7;1.0;0;14;8
3277;164;164;7;0;2;-2;2;0;1;0;0;0;0;7;4;3;3;65;63;64;13;6511;1080;530;97.2;1.1;2.2;26.0;31.5;89;93;48.9;5.4;65;78;45.5;2.3;0;21;10
3279;163;163;7;0;3;-2;4;0;0;0;0;0;0;5;1;3;12;63;56;72;12;6328;537;673;95.6;2.3;3.4;27.3;26.7;82;96;46.1;-0.5;63;72;46.7;2.4;0;0;0
3280;164;164;7;0;1;-2;2;0;0;0;0;0;0;6;0;2;18;62;53;72;4;5705;723;479;98.6;1.3;2.5;23.3;37.2;74;104;41.6;-4.6;49;79;38.3;-7.4;0;0;0
3281;162;162;6;1;5;1;0;1;0;0;0;0;0;6;3;3;6;65;64;63;16;5448;904;0;101.7;2.6;2.0;31.1;29.1;80;77;51.0;-4.4;56;52;51.9;-3.1;1;4;1
3284;155;155;7;1;4;1;4;0;1;0;0;0;0;12;1;3;0;66;68;64;23;6193;1336;499;101.7;2.3;1.7;30.8;29.6;102;92;52.6;4.5;76;70;52.1;3.0;0;15;8
3285;157;157;5;0;0;-2;0;0;0;0;0;0;0;7;1;4;2;57;57;54;3;3871;127;129;94.3;0.0;1.9;27.9;32.5;55;70;44.0;4.5;40;53;43.0;1.4;0;4;2
3286;157;157;5;1;1;-1;2;1;0;0;0;0;0;2;3;1;4;56;56;54;10;3804;859;270;100.5;0.9;0.9;26.5;31.2;49;65;43.0;2.3;37;45;45.1;4.6;0;3;3
3288;154;154;6;0;6;4;12;0;1;0;0;0;0;11;3;2;5;66;63;73;10;5489;980;266;108.7;3.9;1.3;31.5;34.8;82;88;48.2;7.8;63;72;46.7;7.8;0;0;0
3289;155;155;7;2;0;-1;2;0;0;0;0;0;0;3;4;4;20;72;50;76;6;5478;13;851;100.9;1.3;2.0;17.1;28.9;66;83;44.3;-7.1;42;58;42.0;-10.6;0;0;0
3290;166;166;7;1;0;-2;2;0;0;0;0;0;0;6;2;0;5;53;51;53;15;5033;53;335;96.3;1.4;2.9;32.2;35.0;80;73;52.3;5.5;63;59;51.6;1.6;0;0;0
3292;159;159;7;1;3;0;0;0;0;0;0;0;0;10;2;2;6;59;58;56;8;5519;273;475;104.6;2.6;2.0;26.1;36.5;62;95;39.5;-2.3;46;73;38.7;-2.4;0;1;1
3293;165;165;7;0;1;0;4;0;0;0;0;0;0;6;2;2;3;62;61;61;14;5068;363;182;93.6;1.4;1.4;39.8;14.2;109;47;69.9;10.8;76;33;69.7;8.9;0;11;5
3294;165;165;7;3;2;0;2;1;1;0;0;0;0;8;4;2;3;66;67;62;23;5375;1071;0;92.6;2.0;2.0;39.5;16.1;124;54;69.7;11.1;88;42;67.7;6.6;0;4;0
3295;161;161;7;0;2;3;2;0;0;0;1;0;0;7;1;2;4;59;56;63;13;4838;227;512;104.9;3.7;2.2;30.5;30.5;78;72;52.0;-5.6;59;55;51.8;-5.7;0;9;5
3296;160;160;7;0;1;1;6;0;0;0;0;0;0;14;0;5;17;71;52;74;9;6535;305;829;94.0;4.4;3.9;36.9;21.5;132;74;64.1;7.5;98;54;64.5;7.8;0;0;0
3297;159;159;2;0;0;-1;0;0;0;0;0;0;0;2;0;0;2;52;53;47;0;637;0;0;0.0;0.0;5.7;0.0;50.9;2;17;10.5;-35.2;1;12;7.7;-39.6;0;6;2
3299;159;159;5;0;6;3;0;0;0;0;0;0;0;0;4;3;1;59;60;57;9;4560;336;116;114.6;4.7;2.4;22.1;34.7;56;77;42.1;-4.3;38;59;39.2;-6.6;0;6;3
3300;157;157;2;0;0;1;0;0;0;0;0;0;0;4;1;0;1;51;51;51;1;1007;0;131;120.0;3.6;0.0;17.9;39.3;9;20;31.0;-5.1;6;14;30.0;-5.6;0;6;4
3302;154;154;7;0;1;-1;12;0;0;0;0;0;0;1;0;1;1;53;53;53;6;3214;396;68;106.5;2.2;2.2;19.0;42.6;37;60;38.1;-3.8;23;50;31.5;-9.9;0;0;0
3304;157;157;7;0;0;-2;4;0;0;0;0;0;0;13;2;8;21;68;53;79;13;6545;703;1099;99.9;1.7;2.8;24.8;40.7;81;121;40.1;1.2;65;95;40.6;0.8;0;0;0
3307;164;164;7;1;0;-1;6;0;0;0;0;0;0;7;3;9;21;75;49;79;2;6251;511;889;98.6;1.2;1.7;26.5;29.9;86;104;45.3;0.4;66;83;44.3;0.7;0;0;0
3310;166;166;6;1;0;-2;4;0;0;0;0;0;0;7;2;1;4;55;58;51;12;4787;276;115;96.6;2.3;3.8;32.3;36.1;77;81;48.7;2.8;59;61;49.2;0.9;0;13;5
3311;155;155;7;1;0;-1;4;0;0;0;0;0;0;7;1;10;0;62;59;61;13;5792;191;0;98.4;1.9;2.5;29.2;31.1;92;80;53.5;5.5;65;62;51.2;1.5;1;86;41
3313;162;162;7;3;1;0;0;1;0;0;0;0;0;9;2;0;3;59;60;53;10;5022;99;495;98.6;3.6;3.6;32.3;28.7;74;68;52.1;-3.5;54;54;50.0;-7.0;0;9;6
3315;166;166;7;1;1;0;0;0;0;0;0;0;0;20;2;3;5;60;58;55;10;5660;0;455;100.1;1.3;1.3;31.8;32.4;87;87;50.0;2.6;69;66;51.1;1.0;0;14;7
3317;161;161;7;0;2;1;0;0;0;0;0;0;0;3;3;5;10;58;52;62;12;6750;851;542;96.4;3.7;3.2;37.3;23.5;115;77;59.9;5.1;93;59;61.2;7.3;0;0;0
3318;162;162;7;1;1;2;2;0;0;1;0;0;0;7;0;2;2;55;50;56;3;3290;25;500;111.9;3.3;2.2;15.3;23.0;33;44;42.9;-13.8;22;31;41.5;-15.6;0;0;0
3321;166;166;7;0;0;-2;0;0;0;0;0;0;0;5;1;2;9;64;50;65;6;4340;2;615;95.1;0.8;2.5;25.7;30.7;56;76;42.4;-7.1;46;55;45.5;-6.1;0;0;0
3322;159;159;5;2;1;-1;0;0;0;0;0;0;0;3;1;1;4;62;62;61;8;3658;1448;36;96.1;3.0;3.9;28.5;27.6;60;63;48.8;10.4;44;44;50.0;14.2;0;7;4
3323;161;161;7;0;3;-1;2;0;0;0;0;0;0;11;1;4;5;64;53;66;5;5416;27;547;93.0;2.7;4.0;36.6;27.9;90;74;54.9;-1.9;74;58;56.1;-0.1;0;0;0
3324;161;161;7;2;0;3;0;0;0;1;0;0;0;9;1;3;19;66;54;67;9;6450;0;1071;103.7;3.3;2.2;27.9;26.8;111;80;58.1;2.6;76;61;55.5;-0.9;1;0;0
3326;166;166;7;0;1;-2;0;0;0;0;0;0;0;15;2;4;19;72;51;74;12;6606;221;1111;96.7;1.1;2.2;30.0;31.6;94;110;46.1;-2.9;76;78;49.4;-1.5;0;0;0
3327;165;165;7;2;0;0;2;1;0;0;0;0;0;16;1;2;8;81;57;83;27;6347;886;902;92.9;1.7;1.7;34.6;14.2;119;70;63.0;1.7;84;43;66.1;4.3;0;0;0
3328;155;155;6;0;0;-2;0;0;0;0;0;0;0;5;2;2;5;49;50;48;10;4789;173;523;100.1;2.3;3.8;24.1;40.6;60;83;42.0;-5.5;43;66;39.4;-10.2;0;0;0
3329;160;160;7;2;4;1;2;0;1;0;0;0;0;12;3;0;2;62;66;55;20;6376;625;93;99.1;2.8;2.3;31.1;22.6;113;76;59.8;1.1;80;55;59.3;0.1;0;7;4
3330;159;159;7;0;3;3;6;0;0;0;0;0;0;7;1;0;4;64;60;67;12;5867;704;570;103.8;4.9;3.1;30.1;24.5;79;83;48.8;10.1;60;61;49.6;12.4;0;16;10
3331;163;163;6;2;1;-1;0;0;0;0;0;0;0;12;1;0;2;64;63;60;14;5627;210;474;98.1;1.9;2.6;27.5;28.8;73;86;45.9;0.7;54;72;42.9;-2.3;0;12;6
3332;164;164;7;4;1;-2;6;1;0;0;0;0;0;14;2;3;5;60;61;55;19;6041;734;165;95.8;3.0;4.2;34.0;32.2;109;104;51.2;9.2;80;80;50.0;9.1;0;9;3
3333;163;163;7;0;1;1;0;0;0;0;0;0;0;5;1;4;7;62;51;70;8;5552;84;508;99.7;1.9;1.3;30.5;19.5;85;67;55.9;12.6;64;48;57.1;16.1;0;1;1
3334;165;165;7;2;0;-2;4;1;0;0;0;0;0;11;4;1;6;57;57;56;13;5231;617;8;93.0;0.7;2.1;37.9;23.4;104;62;62.7;1.2;83;51;61.9;-1.7;0;2;2
3335;165;165;2;1;0;-2;0;1;0;0;0;0;0;2;0;0;0;55;56;49;2;873;307;0;84.6;0.0;8.2;4.1;53.6;7;20;25.9;-28.0;4;16;20.0;-32.3;0;14;6
3336;159;159;7;0;0;3;4;0;0;0;0;0;0;0;5;3;14;61;49;70;9;5051;517;361;114.5;3.6;0.7;21.4;33.5;54;87;38.3;-3.8;39;65;37.5;-3.8;0;0;0
3337;161;161;6;2;2;2;2;0;0;0;0;0;0;4;0;0;2;58;62;53;9;4176;89;733;101.2;4.3;2.6;32.8;21.6;75;47;61.5;7.2;53;37;58.9;5.2;0;55;27
3338;154;154;6;1;1;-2;2;0;0;0;0;0;0;8;0;2;5;59;59;58;14;5624;468;99;99.6;1.9;3.2;28.2;44.2;77;110;41.2;-1.1;55;90;37.9;-3.7;0;4;2
3340;154;154;7;0;0;-1;4;0;0;0;0;0;0;8;1;2;6;64;47;66;10;5103;0;650;98.6;1.4;2.1;25.4;30.3;69;75;47.9;8.3;49;56;46.7;8.4;0;0;0
3341;163;163;7;0;0;-3;0;0;0;0;0;0;0;5;1;0;2;53;51;53;6;2763;746;46;96.6;1.3;5.2;22.1;56.0;29;68;29.9;-19.6;21;55;27.6;-20.8;0;0;0
3343;154;154;6;0;1;-2;2;0;0;0;0;0;0;3;0;2;1;57;57;55;3;3742;679;108;99.1;1.9;3.8;24.1;43.3;38;70;35.2;-9.3;31;61;33.7;-9.5;0;59;33
3344;163;163;6;0;1;0;2;0;0;0;0;0;0;7;0;2;2;50;55;49;2;3222;100;539;102.6;3.4;3.4;27.9;35.8;38;55;40.9;-3.6;29;40;42.0;-1.5;0;8;4
3346;162;162;4;1;0;2;0;1;0;0;0;0;0;0;2;0;2;55;56;52;5;2148;216;0;110.0;3.4;0.0;33.5;16.8;33;23;58.9;0.7;26;16;61.9;0.9;0;0;0
3348;165;165;6;0;0;0;2;0;0;0;0;0;0;1;1;0;0;59;49;60;3;2480;15;232;100.0;0.0;0.0;30.5;16.0;52;27;65.8;6.0;36;18;66.7;6.7;0;0;0
3349;156;156;7;0;0;-3;0;0;0;0;0;0;0;1;1;0;6;53;52;54;10;3780;64;762;92.5;0.0;2.9;23.8;38.1;51;67;43.2;-12.5;34;51;40.0;-14.6;0;0;0
3352;157;157;7;0;0;-2;2;0;0;0;0;0;0;3;3;3;16;75;51;78;6;5910;23;1303;97.9;0.6;1.8;23.1;38.4;65;113;36.5;-3.9;49;88;35.8;-6.1;0;0;0
3353;158;158;7;1;4;4;0;0;0;0;0;0;0;7;2;4;10;61;52;62;9;5418;0;788;100.8;4.7;2.0;41.9;19.3;105;56;65.2;14.9;76;40;65.5;14.3;0;0;0
3355;163;163;5;0;0;-3;0;0;0;0;0;0;0;4;1;1;2;54;51;53;1;2872;0;0;87.0;0.0;3.8;13.8;28.8;24;47;33.8;-14.4;17;32;34.7;-11.1;0;19;8
3356;163;163;7;1;1;0;4;0;0;0;0;0;0;4;3;1;6;56;58;53;21;5917;390;30;98.4;1.8;1.8;34.7;26.8;102;88;53.7;10.5;71;66;51.8;9.8;0;5;2
3357;159;159;7;0;1;-1;14;0;0;0;0;0;0;8;2;2;7;55;51;57;7;4718;76;286;100.2;3.1;3.8;28.2;35.9;61;86;41.5;0.3;43;64;40.2;-0.3;0;0;0
3359;155;155;7;0;0;-1;10;0;0;0;0;0;0;13;3;0;0;51;53;50;10;4378;68;178;98.3;0.8;1.6;23.0;31.2;57;71;44.5;-6.4;41;52;44.1;-7.7;0;6;4
3360;167;167;5;0;1;1;2;0;0;0;0;0;0;7;3;0;4;56;56;55;6;3610;0;567;101.8;4.0;3.0;33.9;29.9;57;62;47.9;-3.6;47;42;52.8;0.5;0;24;13
3361;156;156;6;0;2;-2;8;0;0;0;0;0;0;22;1;0;3;57;63;49;11;5034;127;679;86.5;4.3;5.7;37.2;22.9;95;62;60.5;6.7;70;46;60.3;8.3;0;24;10
3362;167;167;2;0;0;1;0;0;0;0;0;0;0;0;0;0;0;53;53;52;0;823;0;25;120.0;4.4;0.0;21.9;26.2;14;10;58.3;24.0;9;6;60.0;24.6;0;10;5
3365;156;156;7;1;4;0;4;0;3;0;0;0;0;8;5;1;5;66;63;66;23;5594;1607;425;99.5;1.3;1.3;34.8;30.9;101;88;53.4;-0.1;71;66;51.8;-0.3;0;18;8
3367;167;167;5;0;3;2;12;0;1;0;0;0;0;2;1;0;5;62;62;58;8;3569;742;181;109.2;3.0;1.0;23.2;26.2;47;55;46.1;-4.3;33;37;47.1;-4.7;0;67;29
3368;162;162;7;1;3;4;2;0;1;1;0;0;0;7;4;2;8;63;56;64;5;5681;135;1159;107.0;2.5;0.6;25.3;20.9;92;62;59.7;6.7;67;41;62.0;9.1;0;99;43
3369;156;156;7;0;2;-3;6;0;0;0;0;0;0;3;4;2;3;52;49;54;10;5457;478;473;97.8;2.0;4.0;23.7;37.6;83;101;45.1;-11.7;51;75;40.5;-15.7;0;0;0
3370;159;159;7;0;5;1;12;0;1;0;0;0;0;11;0;4;2;66;58;70;19;6742;792;794;102.7;3.2;2.7;25.6;27.2;89;101;46.8;8.0;62;78;44.3;5.5;0;0;0
3371;162;162;6;0;0;2;14;0;0;0;0;0;0;5;1;0;7;62;47;64;3;3979;0;875;109.0;3.6;2.7;19.0;27.1;49;58;45.8;-10.4;36;43;45.6;-10.8;0;0;0
3372;167;167;7;1;0;3;0;0;0;0;0;0;0;5;1;3;14;68;51;70;4;5274;13;613;103.7;3.4;2.0;27.3;23.2;82;62;56.9;8.5;57;44;56.4;6.0;0;0;0
3373;166;166;7;1;0;-2;6;0;0;0;0;0;0;4;3;2;1;55;58;52;9;4633;143;332;94.6;1.6;3.1;25.6;27.2;62;66;48.4;0.4;49;47;51.0;0.8;0;5;1
3374;160;160;7;3;2;-2;0;2;1;0;0;0;0;6;1;1;3;65;67;60;23;5684;1385;388;91.1;2.5;3.8;34.8;23.4;117;76;60.6;2.3;83;56;59.7;0.7;1;1;1
3375;166;166;5;0;1;0;2;0;0;0;0;0;0;9;0;3;4;65;57;66;9;3250;44;730;100.9;3.3;3.3;27.7;29.9;43;55;43.9;-10.9;32;37;46.4;-9.4;0;48;24
3376;162;162;6;2;1;-2;10;2;1;0;0;0;0;13;1;3;3;59;58;65;13;4743;1146;313;93.1;0.0;1.5;31.9;22.0;72;56;56.3;1.0;49;40;55.1;-1.5;1;0;0
3377;161;161;5;0;2;1;14;0;0;0;0;0;0;7;1;1;3;62;61;57;9;3782;256;526;107.5;3.8;2.9;25.7;39.0;66;59;52.8;-1.2;39;47;45.3;-9.5;0;61;31
3378;162;162;7;1;3;3;4;0;1;0;0;0;0;7;0;3;3;62;62;58;7;5067;890;30;106.3;3.6;1.4;27.0;20.6;71;63;53.0;-2.3;49;41;54.4;-1.0;1;11;8
3379;155;155;7;3;2;0;2;1;1;0;0;0;0;4;1;4;7;61;60;60;14;5296;978;287;100.9;2.0;2.0;26.5;29.9;73;84;46.5;-4.2;49;59;45.4;-6.4;1;6;3
3380;167;167;7;3;2;2;0;0;0;1;0;0;0;10;3;2;5;63;61;61;26;6381;167;793;99.9;1.7;1.1;39.5;26.0;120;96;55.6;7.8;91;66;58.0;9.3;0;11;6
3381;163;163;7;1;2;-3;4;1;0;0;0;0;0;10;5;1;8;61;57;64;12;6154;1040;957;94.2;1.8;2.9;28.7;24.6;82;84;49.4;4.1;64;64;50.0;7.0;0;123;61
3382;159;159;7;2;0;1;0;0;0;0;0;0;0;12;3;4;18;73;50;76;5;6937;153;1085;103.4;3.1;2.6;25.9;30.1;94;109;46.3;7.5;68;83;45.0;6.8;1;0;0
3384;161;161;7;2;2;0;4;0;0;1;0;0;0;10;2;2;5;71;68;70;21;6401;1453;441;94.2;2.8;3.9;33.2;27.6;111;89;55.5;-1.1;84;70;54.5;-2.3;1;10;2
3385;165;165;7;0;2;0;4;0;0;0;0;0;0;5;2;3;2;56;57;56;7;5014;0;756;97.5;2.2;2.2;25.1;19.4;79;63;55.6;-8.0;50;46;52.1;-14.2;0;21;6
3387;165;165;7;1;3;2;0;1;2;0;0;0;0;5;9;4;6;62;49;72;14;6529;1450;181;101.6;1.7;0.6;33.6;16.5;110;68;61.8;0.0;86;46;65.2;2.9;1;0;0
3388;166;166;7;1;2;-3;2;0;0;0;0;0;0;11;1;3;3;71;61;69;10;6122;197;1053;94.6;1.2;2.9;23.5;28.2;78;94;45.3;-3.7;60;63;48.8;-2.2;0;101;47
3389;154;154;5;0;0;3;0;0;0;0;0;0;0;8;1;0;1;54;55;51;5;2588;0;0;115.0;4.2;0.0;27.8;26.4;35;34;50.7;11.2;31;27;53.4;16.0;0;0;0
3390;165;165;4;0;0;-2;0;0;0;0;0;0;0;4;3;1;0;52;53;50;2;2322;0;264;85.7;0.0;3.1;24.8;21.7;33;35;48.5;-17.9;23;25;47.9;-22.2;0;1;0
3391;157;157;5;1;0;-2;0;0;0;0;0;0;0;1;0;0;2;53;54;49;5;3426;132;0;98.3;1.1;3.2;14.7;35.7;27;63;30.0;-10.5;22;49;31.0;-9.7;0;1;0
3392;158;158;7;3;0;4;2;0;0;0;0;0;0;6;4;3;0;54;52;54;10;4843;0;644;104.3;5.2;2.2;37.2;23.0;92;60;60.5;8.3;68;46;59.6;6.3;0;1;0
3393;167;167;6;1;3;0;4;1;0;0;0;0;0;8;5;1;2;62;62;57;13;5066;1399;39;99.0;2.8;2.1;36.2;24.2;90;66;57.7;7.8;68;52;56.7;4.3;0;64;35
3394;164;164;7;0;3;-1;0;0;0;0;0;0;0;11;8;4;4;65;63;62;26;6294;1421;0;98.4;1.7;2.3;36.0;36.0;115;112;50.7;8.7;81;88;47.9;6.2;0;6;5
3395;161;161;7;1;2;3;0;0;0;0;0;0;0;9;4;6;1;64;64;60;22;6849;933;509;102.6;3.2;1.6;35.2;24.7;119;80;59.8;5.1;96;60;61.5;7.9;0;17;10
3398;156;156;7;3;1;-7;2;1;1;0;0;0;0;6;1;1;7;65;64;57;12;5817;1123;491;88.0;1.2;5.6;30.3;34.7;96;90;51.6;-2.6;68;71;48.9;-4.4;0;89;40
3399;167;167;7;0;1;3;0;0;0;0;0;0;0;6;0;1;4;61;51;63;1;4270;61;249;108.1;3.4;0.8;30.4;27.8;61;68;47.3;-3.7;49;47;51.0;-0.8;0;0;0
3400;157;157;7;0;0;0;14;0;0;0;0;0;0;4;2;0;6;52;51;61;2;3277;0;269;102.5;1.1;1.1;17.6;29.7;32;61;34.4;-5.7;25;41;37.9;-2.6;0;0;0
3401;157;157;7;1;0;-1;0;0;0;0;0;0;0;8;2;2;7;56;56;54;8;5044;0;682;100.1;1.4;2.1;23.6;35.7;52;105;33.1;-8.2;41;71;36.6;-4.6;0;11;5
3402;154;154;6;0;0;-2;2;0;0;0;0;0;0;3;1;3;3;61;51;67;3;4417;199;302;99.8;0.8;2.4;15.5;44.8;44;100;30.6;-15.2;26;77;25.2;-19.9;0;1;0
3403;162;162;1;0;0;0;0;0;0;0;0;0;0;0;1;0;0;49;46;48;1;433;0;68;100.0;0.0;0.0;33.3;8.3;6;6;50.0;-11.4;4;5;44.4;-20.4;0;0;0
3405;159;159;4;0;0;-1;0;0;0;0;0;0;0;3;2;0;2;52;52;51;3;2162;0;302;94.7;0.0;1.7;16.7;31.6;25;35;41.7;0.5;16;26;38.1;-2.1;0;10;5
3406;166;166;7;5;2;1;4;1;1;0;0;0;0;3;1;2;3;60;61;57;14;4471;1318;0;106.7;4.0;3.2;25.8;36.2;62;85;42.2;-7.6;48;61;44.0;-8.1;3;2;2
3407;160;160;3;0;1;0;6;0;0;0;0;0;0;0;0;0;1;50;52;47;0;1221;0;81;119.0;5.9;5.9;17.7;41.3;10;22;31.3;-31.1;8;15;34.8;-27.0;0;2;1
3408;163;163;4;0;0;-3;6;0;0;0;0;0;0;4;1;1;2;52;53;46;3;2302;563;32;84.2;0.0;4.7;20.3;29.7;21;41;33.9;-8.9;19;27;41.3;1.4;0;0;0
3409;165;165;7;1;1;2;2;0;0;0;0;0;0;10;3;2;3;56;55;54;15;4588;92;21;99.9;2.4;0.8;40.8;13.3;93;50;65.0;4.2;71;26;73.2;13.0;1;7;3
3411;161;161;7;2;1;-3;0;1;0;0;0;0;0;5;2;1;4;59;61;55;13;5167;420;208;93.7;1.4;3.5;30.7;32.0;84;68;55.3;-1.3;56;55;50.5;-7.3;1;6;1
3412;161;161;7;0;2;-2;6;0;0;0;2;0;0;3;0;0;0;50;53;48;3;3281;0;397;92.3;1.1;4.4;31.8;39.5;56;58;49.1;-8.7;43;48;47.3;-10.9;0;0;0
3413;159;159;7;2;2;2;0;1;0;0;0;0;0;8;1;3;9;69;64;70;13;6070;1024;552;105.6;4.2;3.0;27.3;30.8;84;103;44.9;5.2;63;78;44.7;6.1;1;9;3
3414;159;159;7;2;3;3;6;1;0;0;0;0;0;19;1;3;4;65;64;61;12;6082;88;898;104.5;4.7;3.0;30.8;27.2;89;89;50.0;12.2;71;68;51.1;15.2;0;110;58
3415;165;165;6;0;0;-2;0;0;0;0;0;0;0;7;1;0;4;49;48;50;2;3587;0;507;90.3;1.0;3.0;30.1;23.1;77;50;60.6;-0.1;46;32;59.0;-2.6;0;0;0
3416;157;157;7;0;5;-2;2;0;2;0;0;0;0;5;2;6;5;63;62;64;8;5991;1273;198;106.7;3.0;3.6;17.4;34.3;64;107;37.4;-2.6;47;79;37.3;-3.8;0;0;0
3417;154;154;7;0;0;-3;2;0;0;0;0;0;0;7;0;1;7;61;60;63;12;7049;1343;252;97.9;1.5;2.6;27.6;33.2;100;109;47.8;9.4;76;87;46.6;9.8;0;0;0
3418;165;165;7;1;0;-2;0;0;0;0;0;0;0;5;3;1;5;59;50;60;8;4491;170;357;90.9;1.6;3.2;25.7;20.8;89;55;61.8;0.0;59;35;62.8;-0.4;0;0;0
3420;155;155;6;0;1;-2;0;0;0;0;0;0;0;6;0;0;2;54;58;52;5;4145;194;1019;96.4;2.6;4.3;21.7;27.8;61;55;52.6;0.3;38;37;50.7;-3.1;0;8;3
3422;164;164;5;0;1;1;0;0;0;0;0;0;0;2;1;1;0;56;55;56;4;2970;280;51;105.9;1.2;0.0;20.6;25.5;33;47;41.3;-4.2;27;34;44.3;-0.2;0;38;21
3423;154;154;6;2;0;-1;0;0;0;0;0;0;0;7;3;1;2;50;54;46;6;4821;0;0;99.9;1.5;2.2;23.1;34.3;59;81;42.1;1.9;46;63;42.2;3.4;0;0;0
3425;161;161;4;1;1;0;0;0;1;0;0;0;0;1;1;0;1;54;54;54;6;1513;486;23;102.0;2.4;2.4;21.4;26.2;17;21;44.7;-11.1;15;13;53.6;-0.2;0;1;0
3426;167;167;7;0;2;2;2;0;0;0;0;0;0;4;3;2;4;57;54;60;11;4798;230;425;105.1;3.0;1.5;27.8;26.3;69;73;48.6;-2.2;52;51;50.5;-1.5;0;0;0
3427;158;158;5;0;0;0;4;0;0;0;0;0;0;1;3;0;0;51;47;51;2;1724;0;600;100.0;0.0;0.0;12.5;23.0;16;23;41.0;-10.0;14;17;45.2;-7.1;0;0;0
3429;164;164;7;1;0;1;0;0;0;0;0;0;0;5;5;3;5;60;54;62;6;5516;437;0;103.8;1.3;0.7;23.5;36.5;64;96;40.0;-6.5;48;72;40.0;-5.0;0;5;1
3430;154;154;5;0;2;0;0;0;0;0;0;0;0;4;1;0;3;56;56;53;2;3364;165;18;104.0;2.1;1.1;27.8;28.9;52;51;50.5;13.1;34;36;48.6;12.7;0;23;12
3432;158;158;7;0;0;-1;2;0;0;0;0;0;0;5;3;0;0;56;55;55;11;5172;424;950;96.3;0.7;1.4;27.8;22.3;83;69;54.6;0.5;61;42;59.2;5.6;0;2;0
3433;160;160;4;1;2;3;0;0;0;0;0;0;0;0;3;0;0;52;55;46;5;2150;0;0;111.1;6.7;1.7;31.8;16.7;29;24;54.7;-5.1;22;18;55.0;-5.3;0;0;0
3434;167;167;6;1;3;2;6;0;0;0;0;0;0;12;1;0;9;67;65;60;13;4797;998;0;102.2;4.5;2.3;36.8;22.5;81;67;54.7;3.6;63;46;57.8;5.7;0;77;43
3435;162;162;7;2;4;1;2;0;2;0;0;0;0;15;4;2;5;67;67;61;17;6424;1405;40;99.8;3.4;2.8;34.2;28.0;105;93;53.0;-2.7;75;67;52.8;-3.6;0;133;59
3436;158;158;7;0;1;-2;0;0;1;0;0;0;0;7;2;2;4;57;54;58;18;6334;1308;46;96.2;1.7;2.8;31.3;30.7;92;98;48.4;-8.5;70;74;48.6;-9.4;0;0;0
3438;165;165;6;2;5;1;2;1;2;0;0;0;0;5;2;1;6;66;66;61;13;4888;1008;79;98.7;2.9;2.2;28.7;19.1;84;54;60.9;-2.3;57;36;61.3;-4.1;1;1;0
3440;163;163;7;1;3;0;4;0;1;0;0;0;0;12;2;7;23;78;54;80;6;7094;410;769;102.7;2.0;2.0;23.3;34.0;89;130;40.6;-9.0;56;97;36.6;-12.6;1;0;0
3443;158;158;6;0;2;3;4;0;0;0;0;0;0;9;2;4;4;63;57;59;16;5351;43;36;104.8;2.7;0.7;35.0;22.9;91;66;58.0;5.0;62;50;55.4;0.6;0;6;2
3444;164;164;7;1;1;-3;4;0;1;0;0;0;0;21;6;3;3;64;60;62;14;6385;735;366;95.2;0.6;2.3;28.8;33.3;91;93;49.5;6.2;65;77;45.8;2.8;0;6;3
3445;167;167;7;3;4;0;6;0;0;0;0;0;0;6;1;2;4;68;66;68;12;5999;1346;41;103.3;4.2;3.6;28.8;31.8;91;94;49.2;-1.5;67;65;50.8;-1.2;2;79;39
3446;166;166;4;0;0;-1;2;0;0;0;0;0;0;3;1;0;0;54;55;50;0;2242;149;317;98.2;1.6;3.2;20.9;33.7;28;39;41.8;0.2;24;30;44.4;-0.4;0;15;6
3447;157;157;7;4;0;-1;6;2;0;0;0;0;0;7;2;3;5;64;65;55;13;5971;1150;367;103.4;3.0;3.6;23.5;38.6;73;109;40.1;1.1;58;91;38.9;-1.7;1;3;1
3448;165;165;7;0;3;3;2;0;1;0;0;0;0;11;1;2;13;71;51;74;6;6676;793;722;101.7;3.2;1.6;32.4;19.4;110;73;60.1;-2.4;83;54;60.6;-3.7;0;0;0
3449;158;158;7;3;1;4;6;0;0;0;0;0;0;10;1;2;4;65;61;66;12;5348;540;271;107.1;3.4;0.7;35.0;26.3;80;71;53.0;-1.7;62;53;53.9;-1.4;1;88;50
3450;160;160;7;1;6;3;2;0;3;0;0;0;0;3;1;2;1;69;70;63;24;6153;1859;9;105.2;2.9;0.6;38.6;24.6;125;74;62.8;5.5;97;56;63.4;6.2;0;17;5
3451;167;167;7;1;4;7;4;0;0;0;0;0;0;14;2;2;11;57;52;58;6;5781;64;942;102.3;6.2;2.5;45.5;21.8;112;68;62.2;16.4;86;47;64.7;17.9;0;0;0
3452;162;162;7;1;7;1;4;0;4;0;0;0;0;10;2;2;8;67;66;67;18;6517;1177;0;99.9;3.9;3.3;33.1;28.2;97;82;54.2;-0.9;75;67;52.8;-3.6;1;0;0
3453;167;167;7;3;1;-2;2;0;0;0;0;0;0;9;7;1;11;62;58;68;18;6820;1753;272;100.8;2.1;2.6;23.2;31.7;106;109;49.3;-1.5;74;81;47.7;-5.8;1;0;0
3455;164;164;7;0;1;0;4;0;1;0;0;0;0;2;2;2;3;63;60;64;15;6287;1451;950;100.9;1.1;1.1;29.8;38.4;94;106;47.0;2.9;72;91;44.2;0.6;0;109;66
3457;156;156;6;3;5;-3;2;1;3;0;1;0;0;13;1;3;4;72;73;63;18;5184;1270;1074;88.4;3.5;6.2;35.4;29.2;95;70;57.6;2.7;71;54;56.8;3.5;2;10;6
3464;156;156;4;0;0;0;0;0;0;0;0;0;0;3;0;2;0;62;55;66;4;2352;125;90;100.0;0.0;0.0;29.1;21.4;38;30;55.9;10.4;25;22;53.2;10.5;0;21;10
3465;159;159;7;2;0;-1;0;0;0;0;0;0;0;3;0;1;4;54;54;56;6;3337;504;0;106.2;2.2;2.2;18.3;38.8;33;70;32.0;-11.0;25;54;31.6;-10.6;0;0;0
3467;160;160;7;0;4;3;2;0;0;0;0;0;0;7;1;2;13;72;54;74;17;6591;659;1034;100.2;3.8;2.2;39.3;22.9;133;71;65.2;9.1;95;55;63.3;6.1;0;0;0
3468;160;160;6;1;2;6;14;0;0;0;0;0;0;9;0;0;2;59;61;54;15;4707;157;224;110.2;5.4;0.8;39.0;21.4;82;51;61.7;3.5;66;39;62.9;4.3;1;6;0
3469;164;164;7;1;4;-1;2;0;2;0;0;0;0;10;2;3;2;67;63;65;14;6550;588;1143;96.8;2.7;3.3;34.6;29.7;110;102;51.9;10.2;82;75;52.2;12.3;0;134;70
3470;158;158;7;1;2;0;6;0;0;0;0;0;0;5;3;5;3;68;59;69;12;6417;37;977;98.5;2.2;2.2;30.3;25.2;101;89;53.2;-1.6;73;61;54.5;-0.7;1;38;18
3471;162;162;7;1;3;3;0;0;0;0;1;0;0;14;4;5;7;68;58;80;15;6992;511;613;99.2;4.1;3.1;33.0;23.2;110;80;57.9;4.6;88;57;60.7;8.2;0;0;0
3473;158;158;7;1;0;-2;4;0;0;0;0;0;0;7;3;1;7;61;50;66;8;6333;1253;209;94.0;2.3;3.4;36.4;27.9;108;91;54.3;0.0;82;65;55.8;1.2;1;0;0
3474;156;156;7;2;1;-4;2;1;0;0;0;0;0;6;3;3;7;61;60;62;17;6128;1690;0;87.9;2.3;4.7;41.7;26.4;125;83;60.1;9.6;97;62;61.0;13.3;0;0;0
3475;156;156;7;0;1;-4;4;0;0;0;0;0;0;14;4;3;1;57;59;54;13;5761;647;99;93.4;1.2;3.7;26.2;33.1;85;88;49.1;-5.9;60;70;46.2;-8.1;0;2;1
3476;156;156;7;0;0;1;4;0;0;0;0;0;0;5;1;0;10;58;54;62;8;5098;1042;401;102.1;3.5;2.8;33.9;33.9;85;72;54.1;0.8;58;56;50.9;-1.6;0;0;0
3477;165;165;7;3;4;0;2;1;2;0;0;0;0;5;4;2;3;70;65;69;14;6063;825;352;95.6;1.8;1.8;26.7;16.0;98;62;61.3;-0.7;66;45;59.5;-4.9;0;89;36
3481;167;167;1;0;1;1;0;0;0;0;0;0;0;3;0;0;0;75;64;85;6;1110;44;0;107.7;3.2;0.0;42.2;22.7;25;12;67.6;6.7;20;8;71.4;8.9;0;0;0
3483;155;155;7;2;5;1;2;1;4;0;0;0;0;7;3;2;3;70;65;71;12;5991;1742;446;105.5;2.4;1.8;19.8;27.0;76;85;47.2;-3.3;54;59;47.8;-3.2;0;114;59
3485;158;158;7;4;3;2;2;1;1;0;0;0;0;9;1;1;2;67;68;60;26;5603;1784;52;100.3;5.1;3.9;38.6;29.6;104;76;57.8;5.0;75;55;57.7;3.9;0;110;52
3486;159;159;7;2;4;1;2;0;0;0;0;0;0;7;4;4;6;67;62;69;13;6088;853;906;108.2;3.5;2.4;23.7;34.9;76;119;39.0;-3.3;52;88;37.1;-4.7;1;104;46
3487;166;166;7;2;5;0;4;1;4;0;0;0;0;12;2;1;8;68;57;74;20;6114;1765;399;98.4;2.9;2.9;35.9;30.0;102;94;52.0;5.6;83;65;56.1;8.1;0;0;0
3488;165;165;4;0;2;0;4;0;1;0;0;0;0;6;2;2;6;64;62;61;8;2920;570;164;100.4;2.5;2.5;25.9;27.1;41;51;44.6;-23.4;31;29;51.7;-15.5;0;3;0
3489;164;164;6;1;1;2;2;0;0;0;0;0;0;7;2;0;7;63;60;62;15;4873;128;239;105.8;2.2;0.7;27.3;32.5;62;80;43.7;-2.2;50;57;46.7;2.4;0;3;2
3491;158;158;7;0;1;2;0;0;0;0;0;0;0;9;4;1;15;69;52;79;10;5967;627;720;102.5;2.4;1.2;33.8;25.9;91;84;52.0;-3.2;73;62;54.1;-1.3;0;0;0
3492;158;158;7;0;3;1;2;0;0;0;0;0;0;6;7;1;8;61;57;64;13;5035;497;380;98.3;2.1;1.4;30.7;16.4;69;63;52.3;-2.5;59;39;60.2;6.7;0;35;21
3493;163;163;7;1;1;1;8;0;0;0;0;0;0;4;1;2;6;60;51;62;7;5338;0;372;99.9;2.0;1.3;31.7;20.9;84;67;55.6;12.2;64;48;57.1;16.1;0;0;0
3495;154;154;7;0;1;-1;4;0;0;0;0;0;0;2;1;5;7;56;55;56;8;6386;50;375;100.2;2.8;3.4;32.1;39.5;95;120;44.2;4.1;72;91;44.2;6.2;0;2;1
3496;162;162;7;1;0;2;2;0;0;0;0;0;0;4;1;1;5;55;51;57;7;5717;9;554;104.0;2.5;1.3;29.0;27.1;85;83;50.6;-5.9;63;61;50.8;-6.2;0;0;0
3497;162;162;7;0;3;2;4;0;0;0;0;0;0;7;0;3;3;60;64;54;14;6004;40;457;97.3;3.6;3.0;35.4;23.4;112;69;61.9;10.3;89;52;63.1;11.7;0;11;6
3498;157;157;6;2;2;0;4;1;0;0;0;0;0;4;2;2;2;63;63;59;16;4865;672;32;100.6;1.5;1.5;25.2;28.1;62;80;43.7;6.7;47;59;44.3;5.7;0;5;1
3500;161;161;7;0;3;1;4;0;0;0;0;0;0;15;1;5;10;76;56;78;11;6959;852;967;94.2;3.1;3.1;35.2;21.2;134;70;65.7;13.7;95;52;64.6;12.1;0;1;0
3501;155;155;7;4;4;3;4;4;1;0;0;0;0;7;1;5;9;83;58;87;19;6105;1445;1092;104.8;2.4;0.6;31.8;22.4;97;72;57.4;11.0;73;54;57.5;10.5;0;0;0
3502;155;155;7;1;3;2;12;0;0;0;0;0;0;3;1;1;4;64;58;63;6;4869;0;920;104.3;2.2;0.7;28.1;20.7;72;63;53.3;4.9;51;43;54.3;5.3;1;14;5
3503;160;160;4;1;1;2;0;0;0;0;0;0;0;0;0;1;2;58;56;58;3;1925;0;100;111.1;3.7;0.0;33.7;16.8;20;23;46.5;-14.3;20;16;55.6;-4.5;0;21;8
3505;156;156;7;2;2;-1;4;1;0;0;0;0;0;9;2;1;5;61;60;62;18;5677;551;258;97.8;1.9;2.5;28.5;28.5;98;75;56.6;4.3;70;58;54.7;3.6;0;0;0
3506;166;166;7;0;5;-4;0;0;2;0;0;0;0;7;2;3;11;66;67;61;16;6825;1096;419;93.2;2.1;4.2;31.1;31.1;109;99;52.4;6.3;88;70;55.7;7.8;0;11;5
3507;167;167;7;1;1;2;16;0;0;0;0;0;0;0;4;0;7;56;56;55;11;4559;401;458;105.0;3.2;1.6;30.0;28.4;65;68;48.9;-1.8;50;49;50.5;-1.4;0;11;7
3508;161;161;7;3;2;2;2;0;1;0;0;0;0;7;2;1;0;58;60;52;13;5006;625;78;103.2;4.3;2.9;28.8;24.5;80;65;55.2;-1.4;54;50;51.9;-5.3;0;5;4
3509;160;160;5;2;2;-1;2;0;0;0;0;0;0;5;2;1;3;71;67;73;10;4895;1111;403;99.6;2.2;2.2;30.9;29.4;88;72;55.0;-7.1;65;54;54.6;-7.4;1;56;25
3510;160;160;6;2;3;4;0;0;0;0;0;0;0;11;0;2;4;63;62;61;9;3536;124;1146;108.9;6.1;2.0;38.7;29.5;59;55;51.8;-9.7;46;45;50.5;-12.0;0;61;29
3513;163;163;7;0;3;-2;4;0;1;0;0;0;0;12;3;3;3;63;61;64;17;6659;1258;1012;98.1;1.1;1.6;22.2;23.8;75;85;46.9;0.6;58;69;45.7;1.0;0;20;12
3516;164;164;7;1;0;-2;2;0;0;0;0;0;0;9;8;2;11;59;56;70;21;6609;1593;467;94.5;2.2;3.3;30.0;25.6;101;88;53.4;11.9;80;66;54.8;15.5;0;0;0
3517;161;161;4;2;0;1;2;0;0;0;0;0;0;0;0;0;0;55;58;52;7;2082;0;24;100.3;3.5;1.7;43.2;22.5;47;22;68.1;11.5;35;17;67.3;9.9;0;1;0
3518;154;154;7;3;1;0;2;1;0;0;0;0;0;23;3;5;8;66;64;63;15;7035;987;266;103.2;2.0;2.0;22.5;34.8;84;128;39.6;-2.6;59;92;39.1;-1.3;0;122;54
3519;163;163;7;0;0;-3;2;0;0;0;0;0;0;9;3;1;9;63;52;71;9;6882;1092;964;95.7;1.0;2.6;25.1;30.9;91;105;46.4;0.0;60;83;42.0;-4.4;0;0;0
3520;155;155;7;0;0;-4;0;0;0;0;0;0;0;5;2;4;16;66;50;69;7;4927;73;361;92.5;1.5;4.4;22.7;31.4;67;79;45.9;-4.9;49;56;46.7;-4.6;0;0;0
3521;156;156;6;1;0;1;4;0;0;0;0;0;0;2;4;1;3;54;55;51;9;3982;131;0;103.1;1.8;0.9;31.6;34.4;60;65;48.0;-4.1;43;48;47.3;-3.7;0;7;2
3522;167;167;7;0;3;0;2;0;0;0;0;0;0;16;1;3;4;63;66;56;13;5441;1406;5;100.7;3.3;2.6;35.1;30.4;93;71;56.7;8.5;72;57;55.8;5.7;0;6;3
3523;167;167;3;1;0;1;0;0;0;0;0;0;0;0;1;0;1;57;55;54;3;1637;125;0;109.1;2.2;0.0;24.2;39.6;23;34;40.4;0.3;14;24;36.8;-5.2;1;17;9
3524;163;163;6;1;0;-1;2;0;0;0;0;0;0;3;5;0;1;54;54;51;10;4077;188;216;94.8;1.8;2.6;31.8;24.7;59;60;49.6;2.8;42;42;50.0;5.0;0;43;18
3525;164;164;7;1;1;-3;4;1;0;0;0;0;0;4;4;4;8;52;48;54;11;6332;662;1089;96.9;1.1;2.8;20.5;33.0;76;102;42.7;-3.1;49;78;38.6;-7.0;0;0;0
3526;159;159;7;0;1;-2;0;0;1;0;0;0;0;8;2;2;3;57;56;57;8;5043;1567;447;103.4;3.6;5.0;24.3;44.3;61;112;35.3;-8.3;43;81;34.7;-7.8;0;0;0
3527;164;164;5;0;0;-3;2;0;0;0;0;0;0;7;1;2;4;53;53;51;2;2607;114;18;87.0;0.0;4.1;13.8;31.8;23;56;29.1;-14.9;16;43;27.1;-13.6;0;0;0
3528;164;164;7;0;1;-3;4;0;1;0;0;0;0;2;2;4;4;55;53;54;6;4608;13;428;95.2;0.8;3.1;21.1;36.7;51;94;35.2;-12.5;35;68;34.0;-12.4;0;61;27
3529;162;162;3;1;0;1;0;0;0;0;0;0;0;1;0;0;0;51;54;48;2;1345;0;50;102.4;5.4;5.4;32.1;37.5;14;19;42.4;-17.7;12;18;40.0;-21.8;0;7;4
3530;163;163;7;1;2;-5;0;0;2;0;0;0;0;6;4;1;9;69;51;72;11;5998;633;966;89.2;1.2;3.6;31.2;24.6;85;73;53.8;9.9;69;58;54.3;12.9;0;0;0
3531;154;154;7;0;2;-2;0;0;0;0;0;0;0;6;3;0;5;57;56;56;8;5398;409;473;96.3;1.3;2.7;28.0;31.3;74;84;46.8;7.1;54;64;45.8;7.5;0;18;7
3532;158;158;6;1;0;-1;0;0;0;0;0;0;0;6;1;1;3;54;57;49;16;3919;544;28;90.0;2.8;3.7;41.3;22.0;76;50;60.3;6.3;59;33;64.1;9.7;0;8;6
3533;159;159;4;0;0;0;0;0;0;0;0;0;0;2;2;0;3;52;50;52;4;2292;0;81;100.0;0.0;0.0;20.4;44.0;26;47;35.6;-7.1;19;36;34.5;-8.0;0;16;10
3534;155;155;5;0;0;3;2;0;0;0;0;0;0;6;0;3;6;70;53;72;5;3315;97;312;110.1;4.3;1.1;30.4;26.1;54;49;52.4;-7.8;42;33;56.0;-2.7;0;0;0
3535;154;154;7;1;0;-4;0;0;0;0;0;0;0;6;6;5;22;61;51;73;3;6491;143;786;95.5;1.1;3.3;23.3;36.0;70;116;37.6;-5.2;56;85;39.7;-0.4;0;0;0
3536;161;161;7;2;1;-1;26;1;0;0;0;0;0;5;4;2;4;59;60;56;12;5548;725;45;96.5;1.9;2.6;32.4;27.3;95;62;60.5;5.6;72;49;59.5;4.5;0;1;0
3537;166;166;7;0;0;-4;2;0;0;0;0;0;0;5;1;3;7;57;52;64;3;3964;659;0;98.0;1.8;5.4;17.3;43.6;48;84;36.4;-14.7;36;62;36.7;-17.0;0;0;0
3538;155;155;7;1;2;4;0;0;1;0;0;0;0;8;1;5;13;83;55;84;18;6372;990;1225;106.3;2.8;0.6;32.2;22.6;101;76;57.1;10.7;76;57;57.1;10.3;0;0;0
3539;158;158;7;0;5;4;6;0;0;0;0;0;0;7;4;1;15;63;51;65;5;5500;0;964;108.4;3.3;0.7;29.5;24.2;86;77;52.8;-2.0;62;49;55.9;1.2;0;0;0
3540;167;167;6;0;2;6;12;0;0;0;0;0;0;6;1;0;5;55;56;52;3;3700;265;0;118.2;6.8;1.0;32.1;32.1;59;64;48.0;-3.3;48;46;51.1;-1.2;0;9;4
3541;159;159;7;0;0;-2;8;0;0;0;0;0;0;4;0;2;6;56;50;57;4;3790;110;545;100.9;1.9;3.8;19.0;41.8;41;83;33.1;-10.2;29;63;31.5;-11.1;0;0;0
3542;161;161;7;1;1;1;0;0;0;0;0;0;0;4;3;2;3;60;54;68;13;5119;275;164;103.3;2.1;1.4;26.7;30.9;74;74;50.0;-8.1;57;56;50.4;-7.4;0;0;0
3543;156;156;4;1;1;2;0;0;0;0;0;0;0;3;1;1;0;56;56;55;5;1870;0;134;111.1;3.9;0.0;34.7;28.9;36;29;55.4;9.7;28;21;57.1;15.3;1;0;0
3544;165;165;4;0;1;1;0;0;0;0;0;0;0;3;1;2;4;67;55;67;7;2489;92;461;104.0;1.4;0.0;36.2;8.7;54;21;72.0;7.6;39;12;76.5;10.5;0;30;14
3545;160;160;1;0;1;0;0;0;0;0;0;0;0;1;0;1;1;77;55;81;0;720;0;90;100.0;0.0;0.0;20.0;25.0;7;10;41.2;-26.9;5;7;41.7;-28.1;0;0;0
3546;166;166;7;1;4;-3;2;1;3;0;0;0;0;6;0;1;4;61;62;56;15;4004;1529;10;91.0;2.7;5.4;33.3;31.5;68;59;53.5;6.8;51;40;56.0;6.9;0;15;5
3547;157;157;6;0;2;-3;0;0;1;0;0;0;0;3;1;1;1;61;60;60;8;4790;1052;507;95.3;0.0;1.5;25.6;32.3;52;88;37.1;-2.0;43;60;41.7;2.5;0;96;58
3549;162;162;3;0;1;1;4;0;0;0;0;0;0;3;1;0;3;50;47;53;2;2059;0;232;104.5;5.2;3.5;35.0;33.2;29;27;51.8;-5.1;24;22;52.2;-4.0;0;0;0
3550;164;164;2;0;0;-1;0;0;0;0;0;0;0;1;1;1;0;50;49;49;0;1006;0;257;91.7;0.0;3.6;10.7;42.9;10;19;34.5;-13.1;3;14;17.6;-28.0;0;16;4
3551;166;166;7;1;1;-2;4;0;0;0;0;0;0;4;5;2;13;56;50;60;7;6744;337;465;98.8;1.6;2.7;25.6;35.8;86;122;41.3;-9.9;64;86;42.7;-11.1;0;0;0
3553;161;161;6;0;3;1;0;0;0;0;0;0;0;3;2;2;6;63;62;62;11;4757;391;925;100.0;3.0;2.3;36.3;27.2;82;72;53.2;-3.4;71;52;57.7;3.1;0;18;8
3555;158;158;2;0;1;2;0;0;0;0;0;0;0;0;0;0;0;54;54;51;1;744;0;49;133.3;9.7;0.0;29.0;24.2;11;10;52.4;-11.9;8;8;50.0;-18.8;0;7;4
3556;159;159;2;0;0;-1;0;0;0;0;0;0;0;2;0;0;1;57;57;54;2;804;110;117;75.0;0.0;4.5;22.4;17.9;12;13;48.0;-0.4;8;8;50.0;4.8;0;8;5
3557;160;160;7;0;1;2;4;0;0;0;0;0;0;5;1;2;9;61;48;62;5;4951;0;226;104.4;2.9;1.5;30.5;28.4;70;73;49.0;-12.9;55;53;50.9;-10.7;0;0;0
3563;160;160;5;0;2;-1;2;0;0;0;0;0;0;1;0;2;3;57;59;54;10;3601;97;186;96.5;2.0;3.0;31.0;30.0;69;56;55.2;-5.7;45;43;51.1;-10.2;0;9;5
3565;161;161;2;0;1;1;2;0;1;0;0;0;0;0;2;0;0;51;51;51;1;764;113;0;110.0;4.7;0.0;47.1;23.6;15;11;57.7;-5.2;14;8;63.6;-1.0;0;16;11
3566;165;165;4;0;0;0;0;0;0;0;0;0;0;1;0;0;1;54;52;55;0;1721;0;198;100.0;0.0;0.0;31.4;20.9;29;24;54.7;-9.7;22;17;56.4;-11.2;0;4;1
3567;167;167;7;2;1;1;2;0;0;0;0;0;0;11;2;1;5;57;56;58;19;4658;977;72;103.4;3.9;3.1;30.9;34.0;66;81;44.9;-7.0;53;57;48.2;-4.5;0;0;0
3569;163;163;3;0;0;1;2;0;0;0;0;0;0;3;1;0;0;53;53;48;3;2067;66;30;103.2;5.2;3.5;36.6;31.3;36;34;51.4;0.4;27;27;50.0;0.0;0;0;0
3570;164;164;6;0;0;0;0;0;0;0;0;0;0;1;2;1;1;54;52;52;5;2913;0;66;103.0;1.2;1.2;17.3;29.7;28;57;32.9;-14.5;21;42;33.3;-13.5;0;6;4
3572;161;161;6;2;1;-1;4;0;0;0;1;0;0;2;1;1;2;58;57;55;5;4249;115;141;94.4;1.7;3.4;22.0;25.4;55;56;49.5;-6.9;45;41;52.3;-3.6;0;55;24
3574;163;163;3;0;0;-3;0;0;0;0;0;0;0;1;0;0;0;53;56;44;5;1846;0;0;81.3;0.0;5.9;27.3;31.2;28;29;49.1;0.8;17;21;44.7;-2.0;0;0;0
3575;162;162;7;0;1;1;2;0;0;0;0;0;0;6;2;1;1;57;55;55;4;3350;0;856;103.1;2.1;1.1;25.8;20.4;43;36;54.4;-0.4;32;27;54.2;-1.1;0;64;33
3576;160;160;5;1;1;1;2;0;0;0;0;0;0;4;1;1;1;52;58;51;10;3221;0;819;96.5;5.6;4.5;42.5;26.8;67;45;59.8;3.1;47;34;58.0;-0.9;0;14;5
3577;157;157;5;0;1;1;4;0;1;0;0;0;0;2;1;3;4;58;56;63;3;2624;408;62;106.3;1.4;0.0;22.0;37.0;36;51;41.4;-0.9;28;37;43.1;0.6;0;38;22
3578;157;157;3;0;0;0;0;0;0;0;0;0;0;1;0;0;0;53;53;52;1;1570;78;31;100.0;0.0;0.0;13.8;43.6;18;32;36.0;-7.6;13;23;36.1;-8.3;0;10;2
3579;157;157;3;1;0;1;4;0;0;0;0;0;0;0;1;0;2;54;55;51;3;2025;119;6;113.3;3.6;1.8;17.8;26.7;24;31;43.6;8.1;13;22;37.1;-0.9;0;13;7
3580;157;157;7;0;4;3;4;0;1;0;0;0;0;4;1;1;9;60;59;62;12;5794;674;314;106.6;3.1;1.2;29.8;32.3;85;100;45.9;9.4;69;73;48.6;12.1;0;0;0
3582;157;157;2;0;1;0;0;0;0;0;0;0;0;0;0;1;1;54;55;53;1;1327;93;0;104.4;2.7;2.7;24.4;40.7;13;32;28.9;-4.7;12;21;36.4;3.0;0;24;9
3584;164;164;1;0;0;-1;0;0;0;0;0;0;0;1;0;0;0;49;51;42;0;368;0;0;0.0;0.0;9.8;0.0;39.1;2;9;18.2;-27.5;0;4;0.0;-38.2;0;1;0
3586;157;157;5;0;1;0;0;0;0;0;0;0;0;0;0;1;2;54;55;51;1;2642;119;94;104.5;2.7;2.7;25.9;45.0;38;63;37.6;-5.8;28;46;37.8;-6.1;0;4;1
3587;156;156;5;1;0;0;0;0;0;0;0;0;0;5;0;0;1;53;56;51;5;2292;64;0;100.2;1.6;1.6;33.0;34.6;44;32;57.9;-0.7;30;26;53.6;-3.0;0;0;0
3588;156;156;6;0;0;-3;2;0;0;0;0;0;0;2;1;0;0;51;49;54;1;2872;0;431;89.3;0.0;3.8;27.6;35.1;38;51;42.7;-16.7;27;37;42.2;-15.7;0;0;0
3590;162;162;5;0;0;0;0;0;0;0;0;0;0;3;1;0;0;54;56;51;2;2135;167;30;102.4;1.7;1.7;18.5;25.3;19;27;41.3;-14.9;15;21;41.7;-15.1;0;0;0
3591;163;163;6;1;0;0;0;0;0;0;0;0;0;7;3;0;2;51;52;49;8;3616;0;419;102.3;2.0;2.0;25.9;36.8;58;55;51.3;6.3;36;46;43.9;-0.4;0;41;16
3592;164;164;7;0;0;2;0;0;0;0;0;0;0;2;0;0;2;53;50;55;1;3193;65;151;107.1;3.4;1.1;31.6;31.6;45;58;43.7;-1.5;34;45;43.0;-0.9;0;0;0
3593;160;160;7;2;0;4;18;0;0;0;0;0;0;2;0;0;4;54;51;55;4;2439;45;240;112.1;7.4;1.5;38.4;20.7;43;37;53.8;-6.0;32;23;58.2;-1.1;0;0;0
3596;166;166;6;0;0;-3;2;0;0;0;0;0;0;3;0;3;1;52;52;52;5;3162;109;39;90.3;1.1;4.6;25.0;31.9;40;53;43.0;-8.0;31;37;45.6;-8.4;0;1;1
3597;167;167;6;0;0;-1;2;0;0;0;0;0;0;9;1;1;2;55;48;55;4;4353;0;165;99.0;0.8;1.7;23.2;36.4;52;88;37.1;-14.3;43;61;41.3;-10.3;0;0;0
3599;154;154;5;0;0;-3;0;0;0;0;0;0;0;5;0;0;2;55;56;49;12;3206;156;136;94.6;0.0;2.2;30.3;41.5;42;65;39.3;-1.3;30;50;37.5;-1.6;0;1;1
3601;159;159;4;1;0;0;0;0;0;0;0;0;0;2;1;0;2;54;54;54;4;2355;367;78;102.4;1.5;1.5;27.5;48.9;27;54;33.3;-1.6;20;39;33.9;-1.9;0;15;8
3602;155;155;5;0;0;0;2;0;0;0;0;0;0;2;0;0;4;51;49;51;3;2035;0;270;99.5;1.8;1.8;26.5;24.8;33;32;50.8;4.1;24;18;57.1;10.7;0;0;0
3603;163;163;7;0;0;-3;2;0;0;0;0;0;0;3;2;1;3;48;48;47;1;3093;0;200;95.7;1.2;4.7;18.6;44.2;32;69;31.7;-17.6;21;53;28.4;-19.8;0;0;0
3604;159;159;4;0;0;-1;2;0;0;0;0;0;0;0;3;0;4;53;49;60;1;2073;623;0;95.8;0.0;1.7;22.6;41.7;24;46;34.3;-6.3;16;31;34.0;-4.8;0;25;13
3605;154;154;5;0;0;-3;0;0;0;0;0;0;0;6;1;0;3;53;51;56;3;2402;304;12;88.5;0.0;4.5;25.5;39.0;24;46;34.3;-9.0;18;35;34.0;-7.7;0;30;16
3607;157;157;7;0;0;0;2;0;0;0;0;0;0;1;0;0;6;51;51;53;2;2754;0;515;102.7;1.3;1.3;19.6;32.7;27;59;31.4;-9.2;21;40;34.4;-6.5;0;0;0
3608;155;155;5;1;0;-1;0;0;0;0;0;0;0;1;1;0;1;54;54;50;4;3117;125;103;97.9;1.2;2.3;25.4;34.6;45;56;44.6;-5.8;32;39;45.1;-5.1;0;53;24
3609;162;162;7;1;1;0;0;0;0;0;1;0;0;8;0;5;17;65;54;66;9;5790;21;1251;93.2;1.2;1.9;35.4;18.0;104;56;65.0;14.1;76;35;68.5;17.8;0;0;0
3611;154;154;3;0;0;1;0;0;0;0;0;0;0;2;1;0;4;68;48;71;0;1912;0;422;110.0;1.9;0.0;18.8;35.8;21;31;40.4;3.0;13;25;34.2;-2.3;0;0;0
3612;158;158;5;0;4;1;4;0;2;0;0;0;0;2;0;0;1;60;63;51;3;3106;745;0;106.1;3.5;2.3;26.7;33.6;38;48;44.2;-7.4;33;37;47.1;-5.7;0;4;2
3615;167;167;7;2;3;3;0;0;0;0;0;0;0;6;2;3;3;59;53;60;3;5840;79;684;105.3;6.2;4.3;33.3;32.7;86;100;46.2;-5.7;63;76;45.3;-8.9;0;0;0
3618;161;161;6;1;1;-2;2;0;0;0;0;0;0;4;2;1;2;53;55;50;11;4236;348;0;96.8;1.7;3.4;29.7;38.2;71;72;49.7;-8.1;51;57;47.2;-11.1;0;0;0
3619;157;157;4;0;0;0;2;0;0;0;0;0;0;1;2;1;2;55;57;55;3;2836;215;0;100.0;0.0;0.0;26.7;29.2;31;49;38.8;2.2;26;36;41.9;5.2;0;0;0
3620;155;155;7;0;2;-1;4;0;0;0;0;0;0;1;5;0;1;53;51;52;4;4489;273;137;93.3;1.6;2.4;30.5;20.0;68;62;52.3;3.5;50;43;53.8;4.7;0;50;27
3621;155;155;3;0;0;-1;0;0;0;0;0;0;0;1;0;0;1;52;49;52;1;1141;0;493;90.9;0.0;3.2;28.4;34.7;12;22;35.3;-3.8;9;11;45.0;4.1;0;0;0
3626;155;155;2;0;0;-2;0;0;0;0;0;0;0;0;0;0;1;51;51;50;2;1282;0;0;77.8;0.0;5.6;30.9;25.3;20;12;62.5;0.8;15;10;60.0;2.2;0;0;0
3627;164;164;7;0;1;1;4;0;0;0;0;0;0;5;5;0;5;55;47;60;4;4570;29;142;103.9;1.6;0.8;25.2;33.9;56;81;40.9;-5.1;39;62;38.6;-6.5;0;0;0
3629;155;155;3;0;1;-1;0;0;1;0;0;0;0;1;0;0;0;54;53;56;2;1119;523;81;83.3;0.0;3.2;16.1;19.3;9;15;37.5;-8.3;8;8;50.0;4.7;0;3;2
3634;158;158;4;1;0;2;0;0;0;0;0;0;0;0;2;1;0;51;52;49;1;1808;90;46;115.2;6.0;2.0;27.9;31.9;27;26;50.9;-7.3;19;18;51.4;-5.9;1;0;0
3638;158;158;4;0;1;3;2;0;0;0;0;0;0;1;1;0;1;54;50;55;0;1928;0;370;121.4;7.5;1.9;28.0;35.5;21;32;39.6;-20.4;17;26;39.5;-20.5;0;0;0
3640;164;164;7;0;1;-2;0;0;0;0;0;0;0;5;0;0;2;52;50;51;4;3676;0;379;96.9;1.0;2.9;36.2;50.9;57;92;38.3;-8.6;47;75;38.5;-7.0;0;0;0
3645;160;160;6;0;0;2;0;0;0;0;0;0;0;4;0;1;1;51;50;51;5;2062;0;96;106.6;5.2;1.7;36.7;22.7;34;32;51.5;-7.8;26;20;56.5;-2.0;0;0;0
3650;154;154;7;1;2;0;4;0;0;0;0;0;0;8;4;2;5;60;52;60;7;5148;54;941;103.8;2.8;2.8;21.0;29.4;67;74;47.5;7.7;45;57;44.1;5.2;0;61;25
3651;157;157;7;2;3;-2;2;1;2;0;0;0;0;12;2;4;4;71;71;67;15;6164;1386;1165;102.3;2.3;2.9;22.2;35.6;79;102;43.6;6.1;61;83;42.4;3.2;0;15;6
3653;156;156;7;2;3;-2;6;2;0;0;0;0;0;8;1;1;1;64;65;59;11;5788;742;234;95.0;2.5;3.7;31.1;28.6;103;74;58.2;6.4;73;58;55.7;5.0;0;109;55
5315;273;273;1;0;0;0;0;0;0;0;0;0;0;0;0;0;1;60;52;72;0;751;0;73;100.0;0.0;0.0;33.6;24.0;11;16;40.7;-29.3;9;9;50.0;-22.1;0;0;0
5717;240;240;6;2;2;-1;0;0;0;0;0;0;0;2;2;2;3;67;65;67;14;5319;350;606;99.1;2.7;3.4;27.1;31.1;77;89;46.4;-9.7;55;67;45.1;-10.4;0;11;2
5719;245;245;1;0;0;1;2;0;0;0;0;0;0;0;1;0;1;46;45;50;0;232;0;43;200.0;15.5;0.0;15.5;46.6;3;6;33.3;-24.0;2;5;28.6;-26.8;0;1;1
5720;243;243;7;1;2;1;6;0;0;0;0;0;0;11;5;0;3;63;62;64;18;5454;1522;379;101.9;2.6;2.0;30.4;29.0;77;83;48.1;3.0;62;66;48.4;2.0;0;14;6
5721;233;233;6;1;3;3;0;0;0;0;0;0;0;2;3;0;5;58;58;55;8;4572;106;702;102.0;4.7;2.4;39.4;23.6;87;59;59.6;1.6;67;41;62.0;1.0;1;18;9
5722;246;246;7;3;3;3;2;2;0;0;0;0;0;5;4;2;7;68;65;69;19;6445;1576;428;99.7;3.9;2.2;41.3;22.9;127;79;61.7;11.0;103;57;64.4;11.0;0;110;55
5723;248;248;1;0;1;-1;0;0;1;0;0;0;0;0;0;0;2;59;59;51;1;903;68;115;94.7;0.0;4.0;8.0;75.7;8;36;18.2;-27.4;5;26;16.1;-27.8;0;0;0
5724;239;239;7;1;6;-1;4;0;1;0;0;0;0;8;1;1;5;65;65;59;10;6739;1199;725;102.4;4.8;5.3;31.5;41.7;93;128;42.1;-0.2;76;101;42.9;0.8;0;0;0
5725;237;237;4;1;0;-1;4;1;0;0;0;0;0;2;2;0;0;54;55;53;3;3035;1177;0;102.4;2.4;3.6;20.2;38.0;41;54;43.2;-2.4;27;42;39.1;-6.9;0;8;6
5726;247;247;7;4;5;2;10;3;1;0;0;0;0;15;1;1;6;76;81;76;28;5637;2276;694;103.0;4.5;2.6;34.5;25.5;104;71;59.4;15.3;75;59;56.0;12.5;0;144;80
5728;244;244;5;0;5;-4;0;0;2;0;0;0;0;5;2;3;17;68;65;69;8;4538;897;525;94.7;1.6;4.8;18.2;34.1;45;88;33.8;-12.8;34;60;36.2;-9.8;0;0;0
5729;240;240;5;0;3;-3;2;0;1;0;0;0;0;5;3;1;2;67;69;63;16;4731;1655;334;92.4;1.5;3.0;33.5;25.1;79;59;57.2;1.6;59;45;56.7;-0.2;0;0;0
5730;234;234;6;1;3;1;6;0;0;1;0;0;0;3;0;0;4;56;58;49;8;3839;41;553;96.9;2.8;3.8;33.8;32.8;64;58;52.5;-12.5;48;49;49.5;-15.1;0;41;22
5732;241;241;7;6;5;4;14;4;1;0;0;0;0;7;2;3;3;70;71;64;12;5707;1438;760;115.4;4.4;1.3;22.7;31.5;71;90;44.1;9.0;52;65;44.4;10.6;2;79;45
5733;231;231;7;3;2;2;15;1;1;0;0;0;0;7;1;3;4;58;61;53;12;5053;313;363;98.4;4.3;2.8;43.5;24.9;112;68;62.2;-3.1;87;52;62.6;-2.5;1;2;1
5734;235;235;4;1;1;2;2;0;0;1;0;0;0;4;1;0;0;54;55;52;3;1651;0;737;116.3;4.4;2.2;19.6;37.1;15;32;31.9;-17.6;11;24;31.4;-17.6;0;5;3
5735;231;231;7;0;6;-1;0;0;3;0;0;0;0;9;4;4;7;71;70;67;19;5982;1850;253;98.2;3.0;3.0;30.7;25.9;102;75;57.6;-9.4;69;55;55.6;-11.6;0;91;44
5736;240;240;6;0;5;-2;2;0;3;0;0;0;0;2;2;1;5;65;65;58;16;5746;1313;364;94.6;2.5;3.1;33.8;24.4;97;72;57.4;2.9;74;57;56.5;2.4;0;92;47
5737;250;250;7;0;1;-1;2;0;1;0;0;0;0;4;0;0;1;54;55;49;6;3394;566;308;96.8;0.0;1.1;21.2;32.9;42;54;43.8;-0.0;30;41;42.3;-1.9;0;31;17
5738;246;246;6;0;2;0;4;0;0;0;0;0;0;10;0;2;15;69;58;76;12;6416;143;909;97.0;3.4;3.4;28.1;22.4;92;82;52.9;-1.1;74;51;59.2;2.3;0;0;0
5739;242;242;5;1;1;4;0;1;0;0;1;0;0;7;1;0;0;63;59;63;6;3895;376;567;108.3;2.8;0.0;33.3;34.2;66;54;55.0;5.8;45;44;50.6;1.6;0;5;3
5740;247;247;6;1;1;-3;4;0;0;0;0;0;0;4;2;0;2;54;57;49;6;4618;502;0;96.1;2.3;4.7;21.0;31.2;56;62;47.5;-0.8;40;50;44.4;-2.7;0;0;0
5741;235;235;6;0;1;-1;6;0;1;0;0;0;0;6;1;0;3;58;57;57;9;4446;236;92;96.8;0.0;0.8;31.6;25.1;69;61;53.1;6.7;57;45;55.9;9.5;0;56;40
5742;239;239;7;3;4;2;16;1;1;0;0;0;0;3;6;1;4;66;66;59;19;5925;1846;418;104.9;3.6;2.4;32.2;37.7;101;101;50.0;11.3;75;78;49.0;9.6;0;16;8
5744;242;242;6;0;5;1;2;0;2;0;0;0;0;8;0;0;1;63;64;54;14;4657;1269;74;102.7;1.5;0.8;30.9;33.2;74;71;51.0;-4.4;52;56;48.1;-6.6;0;4;1
5745;245;245;7;1;0;-4;6;0;0;0;0;0;0;4;2;2;6;60;60;57;9;7127;264;1317;92.0;1.5;3.5;29.3;26.8;110;94;53.9;1.0;79;73;52.0;-0.6;0;0;0
5746;235;235;7;1;4;-2;8;1;3;0;0;0;0;5;1;2;6;65;65;61;14;5580;1432;103;98.1;1.9;3.2;23.9;32.3;85;82;50.9;2.7;59;60;49.6;-0.1;1;114;57
5747;242;242;6;0;2;-2;2;0;0;0;0;0;0;9;3;4;2;62;65;58;9;5261;258;1012;90.0;2.7;4.1;33.5;22.6;98;62;61.3;15.8;71;48;59.7;15.8;0;12;7
5748;241;241;3;0;1;-3;2;0;0;0;0;0;0;3;1;2;7;58;53;61;1;3119;160;546;97.5;1.2;4.6;13.9;42.7;22;65;25.3;-24.1;18;48;27.3;-16.3;0;0;0
5749;235;235;7;3;1;-3;4;1;0;0;0;0;0;3;0;0;6;64;66;58;22;5469;1092;215;93.4;1.3;3.3;29.0;29.6;80;74;51.9;4.0;66;55;54.5;6.7;0;11;7
5750;245;245;5;0;1;-4;12;0;0;0;0;0;0;7;1;3;8;62;60;58;11;3757;306;219;83.4;1.0;4.8;36.4;24.9;63;54;53.8;2.8;49;36;57.6;9.0;0;33;16
5751;233;233;5;1;2;3;2;0;0;0;0;0;0;8;1;2;7;55;50;54;9;5481;105;1019;99.9;5.3;3.3;32.8;20.4;97;66;59.5;2.2;71;42;62.8;4.1;0;0;0
5752;232;232;7;2;7;2;2;1;3;0;0;0;0;8;2;4;4;74;69;74;23;6554;1898;358;97.1;4.4;3.3;36.3;22.0;114;88;56.4;10.3;86;63;57.7;10.8;1;17;10
5753;240;240;6;0;0;-2;28;0;0;0;0;0;0;14;1;2;11;58;51;58;5;5601;88;1033;98.4;1.9;3.2;21.9;30.9;71;81;46.7;-8.8;49;65;43.0;-13.1;0;0;0
5754;233;233;6;3;5;4;5;0;4;0;0;1;0;6;6;2;5;65;64;63;18;4407;1083;296;110.7;4.1;0.8;27.8;20.4;73;43;62.9;6.5;53;31;63.1;4.1;0;13;5
5755;232;232;7;0;3;-2;6;0;0;0;0;0;0;7;0;7;17;60;54;61;12;7423;212;1141;96.0;2.9;3.9;29.6;28.1;115;99;53.7;6.5;90;80;52.9;3.9;0;0;0
5756;248;248;6;4;2;-2;0;3;0;0;0;0;0;4;1;3;6;62;66;53;11;5082;1198;165;99.7;2.1;2.8;24.1;31.2;69;99;41.1;-3.3;52;72;41.9;-2.0;1;7;3
5757;248;248;6;2;0;1;4;0;0;0;0;0;0;7;0;1;5;60;62;55;10;3712;251;166;103.7;2.9;1.9;33.0;37.8;57;83;40.7;-4.1;42;62;40.4;-5.1;1;42;22
5758;246;246;7;2;4;2;0;0;1;0;0;0;0;6;2;6;4;66;67;61;26;6025;1234;882;97.0;4.2;3.0;42.4;23.3;123;68;64.4;14.6;96;51;65.3;11.9;0;13;4
5759;248;248;6;0;3;1;2;0;0;0;0;0;0;4;5;5;7;68;45;71;3;6650;59;955;101.4;1.6;1.1;26.0;22.2;93;99;48.4;3.8;69;67;50.7;6.6;0;0;0
5761;245;245;7;0;0;-6;4;0;0;0;0;0;0;11;2;0;11;55;53;55;4;6723;51;1245;88.4;1.1;4.3;36.4;29.5;114;105;52.1;-1.8;89;82;52.0;-0.5;0;0;0
5763;234;234;6;2;0;1;2;1;0;0;0;0;0;14;0;5;10;68;56;69;19;6517;108;775;89.7;2.8;2.8;39.8;16.0;137;56;71.0;15.7;101;39;72.1;18.6;0;0;0
5764;249;249;6;1;3;-3;4;0;2;0;0;0;0;9;1;1;4;65;66;61;8;4913;1166;193;86.6;1.5;3.7;33.0;20.5;84;64;56.8;12.4;60;46;56.6;14.4;0;13;11
5765;241;241;5;0;0;-3;2;0;0;0;0;0;0;7;3;3;9;69;54;79;11;5204;545;656;94.3;0.7;2.8;26.3;33.2;64;89;41.8;9.1;51;68;42.9;11.0;0;0;0
5768;250;250;7;4;6;5;6;2;3;1;0;0;0;17;4;2;4;67;67;61;20;5972;1236;1012;108.1;4.2;1.8;27.1;24.1;95;89;51.6;11.2;69;63;52.3;11.7;1;15;6
5769;234;234;7;2;5;3;2;0;0;0;1;0;0;7;2;3;4;70;72;58;21;6653;739;718;91.3;4.3;3.2;38.4;16.2;132;66;66.7;6.5;97;47;67.4;9.2;0;60;35
5770;234;234;7;1;5;0;4;0;0;0;2;0;0;5;1;2;5;66;67;59;16;5972;186;1095;93.6;3.0;3.6;36.8;24.7;114;80;58.8;-4.9;87;57;60.4;-0.8;0;93;43
5771;244;244;3;0;1;1;2;0;0;0;0;0;0;4;0;0;0;54;59;51;3;2022;191;361;113.2;3.6;1.8;19.6;35.6;16;39;29.1;-25.5;14;30;31.8;-24.8;0;2;0
5772;233;233;7;4;9;4;2;1;5;0;0;0;0;12;2;2;7;72;76;64;23;5762;1594;356;101.5;5.0;2.5;40.6;23.1;108;81;57.1;-1.7;87;53;62.1;2.5;3;112;48
5773;231;231;6;2;2;2;2;2;0;0;0;0;0;15;1;3;8;69;60;74;26;6260;1334;759;97.0;2.9;1.7;43.1;17.8;147;67;68.7;5.7;107;51;67.7;4.0;0;0;0
5774;239;239;3;0;0;0;0;0;0;0;0;0;0;5;0;1;5;65;48;67;3;2658;0;315;100.6;1.4;1.4;24.4;27.1;27;39;40.9;8.7;21;30;41.2;7.6;0;0;0
5775;236;236;7;2;4;0;2;0;2;0;0;0;0;4;4;1;2;59;60;54;11;6058;1558;0;102.9;3.6;3.0;25.0;26.1;91;81;52.9;4.8;71;56;55.9;11.4;1;1;0
5776;231;231;7;3;2;5;4;0;0;1;0;0;0;8;0;1;11;57;58;57;19;6769;123;1006;95.6;4.8;2.7;42.5;17.0;134;73;64.7;0.4;106;51;67.5;4.5;1;0;0
5778;235;235;7;2;5;-2;2;2;3;0;0;0;0;12;3;0;2;67;69;63;16;5861;1882;232;100.3;2.5;3.7;22.7;35.0;73;101;42.0;-10.0;53;75;41.4;-11.6;0;0;0
5779;237;237;7;1;4;3;19;0;1;0;0;3;1;8;1;0;11;71;55;72;9;6811;974;1131;104.8;3.7;2.1;27.5;24.3;95;97;49.5;1.5;75;68;52.4;6.2;0;0;0
5781;250;250;7;4;5;-1;2;4;2;0;0;0;0;8;1;2;3;64;67;51;14;5250;1253;186;98.6;2.1;2.7;24.0;27.4;82;79;50.9;9.7;53;59;47.3;4.5;0;5;3
5782;247;247;5;0;3;5;0;0;1;0;1;0;0;2;0;1;12;67;61;74;7;4720;106;1438;107.2;3.1;0.8;31.3;29.7;72;67;51.8;5.8;55;53;50.9;6.7;0;0;0
5783;232;232;7;3;5;-1;2;1;1;0;0;0;0;6;1;3;6;73;63;80;15;7671;1761;677;94.5;3.8;4.2;29.1;23.0;107;96;52.7;4.7;82;79;50.9;0.6;0;0;0
5784;235;235;6;0;2;2;14;0;0;0;0;0;0;12;5;1;3;61;59;64;8;5698;558;804;100.6;3.2;2.5;35.4;30.3;102;83;55.1;7.0;76;56;57.6;9.4;0;0;0
5785;240;240;6;2;3;-2;13;1;2;0;0;1;0;13;3;5;8;62;62;61;12;5175;1049;786;87.7;2.1;3.5;29.9;18.1;92;52;63.9;16.1;62;40;60.8;13.2;0;18;9
5786;236;236;7;0;2;-1;36;0;0;0;0;2;0;22;1;5;6;67;63;65;12;6030;256;1250;98.6;2.4;3.0;24.5;26.9;86;77;52.8;4.5;61;59;50.8;4.2;0;95;38
5787;243;243;7;2;1;1;4;0;0;0;0;0;0;4;2;0;6;61;59;63;14;5574;769;180;103.5;3.2;2.6;27.8;31.6;75;98;43.4;-3.6;56;76;42.4;-6.5;0;61;38
5788;231;231;7;4;4;6;23;0;1;0;0;3;0;16;1;1;6;62;69;56;19;6300;568;540;97.1;5.7;2.3;48.0;15.4;144;64;69.2;6.9;111;42;72.5;11.7;0;13;5
5789;237;237;6;1;3;-1;2;0;1;0;0;0;0;5;1;5;7;65;65;62;18;4786;949;134;97.2;3.0;3.8;30.1;29.3;77;68;53.1;6.6;59;47;55.7;9.9;0;6;2
5790;233;233;5;1;2;0;16;0;0;0;0;0;0;14;0;4;3;68;65;63;12;4244;233;830;99.6;2.5;2.5;22.9;22.1;54;50;51.9;-8.2;41;38;51.9;-11.0;0;75;32
5791;232;232;7;2;3;2;13;0;1;0;0;1;0;6;4;2;8;66;60;70;16;5486;961;500;102.3;3.3;2.0;30.8;23.6;82;74;52.6;4.0;63;50;55.8;7.0;1;80;47
5792;250;250;7;0;2;-2;6;0;1;0;0;0;0;10;2;5;13;64;61;74;13;5972;1374;632;98.8;4.2;5.4;28.3;33.8;87;104;45.5;2.6;63;81;43.8;-0.2;0;0;0
5793;243;243;7;0;0;0;0;0;0;0;0;0;0;14;1;2;13;63;49;65;3;6757;157;912;99.6;3.2;3.2;28.2;27.2;95;100;48.7;4.1;67;70;48.9;2.7;0;0;0
5794;249;249;7;0;5;2;7;0;2;0;0;1;1;10;2;2;2;65;65;61;15;4277;868;357;104.4;2.5;0.8;31.1;22.7;77;57;57.5;8.3;51;45;53.1;4.1;0;7;5
5795;236;236;7;5;3;5;8;1;1;1;0;0;0;11;3;4;6;71;67;72;15;5819;1278;285;110.8;4.3;1.2;28.5;27.8;90;70;56.3;9.3;65;54;54.6;9.3;0;58;33
5796;243;243;7;4;3;2;2;0;1;0;0;0;0;12;3;3;5;73;75;66;22;5689;1706;210;102.3;5.1;3.8;33.5;29.7;83;88;48.5;3.6;67;65;50.8;5.3;0;14;6
5798;233;233;6;2;4;3;0;0;0;0;0;0;0;1;3;1;0;65;68;62;14;5003;889;33;106.5;5.0;2.9;33.1;33.1;78;79;49.7;-13.6;62;59;51.2;-13.9;1;7;3
5799;234;234;7;2;6;-1;2;1;4;0;0;0;0;7;3;3;4;68;70;61;20;6041;1564;262;94.0;1.2;1.8;35.2;19.1;122;64;65.6;4.8;85;46;64.9;5.4;1;17;12
5801;246;246;6;1;2;1;20;1;0;0;0;0;0;13;0;3;5;70;67;75;14;5792;1262;263;101.0;2.5;1.9;29.8;25.5;93;78;54.4;1.2;73;58;55.7;-2.9;0;0;0
5802;235;235;7;5;2;3;6;4;1;0;0;0;0;6;3;5;7;67;69;55;18;5849;1347;354;108.2;3.7;1.8;27.7;35.7;87;100;46.5;-3.6;63;70;47.4;-3.3;2;16;8
5803;243;243;3;1;2;5;0;0;0;0;0;0;0;0;0;0;0;59;55;60;1;2631;0;194;129.4;6.8;0.0;23.3;31.5;38;52;42.2;-2.5;25;38;39.7;-2.2;0;0;0
5804;232;232;5;3;1;3;0;2;1;0;0;0;0;4;2;0;3;62;61;62;13;4135;1369;0;110.1;3.5;0.9;23.5;18.3;57;47;54.8;1.8;41;34;54.7;-0.4;0;9;4
5806;236;236;4;1;2;3;0;0;0;0;0;0;0;1;3;1;8;61;61;60;6;4297;638;329;118.4;4.2;1.7;18.4;38.5;49;82;37.4;-22.5;32;61;34.4;-22.9;1;0;0
5807;243;243;6;1;2;-4;0;0;0;0;0;0;0;7;3;0;10;65;48;66;7;5963;190;859;93.2;3.0;5.4;29.6;32.0;83;100;45.4;-2.7;61;73;45.5;-4.7;0;0;0
5809;238;238;6;0;5;2;17;0;0;0;0;1;1;14;0;3;10;74;56;76;9;6485;142;1011;99.5;6.1;5.0;37.7;30.0;114;92;55.3;12.1;87;72;54.7;11.2;0;0;0
5810;243;243;6;1;2;-1;0;0;0;0;0;0;0;8;3;0;11;62;55;64;7;6015;1090;437;101.3;3.6;4.2;25.1;32.3;70;110;38.9;-6.7;55;85;39.3;-8.5;0;0;0
5811;245;245;7;0;3;-2;6;0;1;0;0;0;0;9;2;1;6;75;75;70;27;7109;1982;579;95.9;2.0;2.5;31.9;24.3;120;85;58.5;7.9;86;66;56.6;6.3;0;0;0
5812;239;239;5;2;1;-2;0;1;1;0;0;0;0;2;2;0;8;62;61;64;18;4356;1067;677;94.7;1.7;3.3;31.4;31.4;63;78;44.7;-8.2;49;53;48.0;-4.0;0;0;0
5813;244;244;6;0;3;3;0;0;0;0;0;0;0;9;2;2;6;64;63;61;7;4817;168;751;109.9;3.7;1.5;23.9;26.2;75;64;54.0;11.7;54;49;52.4;7.6;0;51;19
5814;247;247;6;2;2;1;9;1;0;0;0;1;0;4;0;1;13;69;69;69;6;5785;1062;886;103.7;4.4;3.7;27.4;30.5;90;94;48.9;4.0;62;70;47.0;3.3;0;0;0
5817;235;235;7;0;2;4;4;0;0;0;0;0;0;6;1;0;15;70;48;73;6;6820;70;1388;107.0;4.2;2.1;26.9;24.3;107;90;54.3;8.0;76;65;53.9;6.2;0;0;0
5818;245;245;6;1;4;-2;0;0;3;0;0;0;0;4;2;1;5;70;72;65;17;4924;1452;573;90.6;1.5;2.9;33.6;21.2;83;59;58.5;8.1;64;38;62.7;13.9;0;28;15
5821;242;242;6;0;4;-2;14;0;1;0;1;0;0;5;0;2;3;63;64;62;8;5296;504;924;95.4;1.4;3.4;29.2;36.7;75;85;46.9;-4.6;56;74;43.1;-8.0;0;56;23
5822;249;249;4;0;3;-1;6;0;0;0;0;0;0;6;1;1;7;65;59;70;4;4222;5;629;97.2;2.6;3.4;30.7;30.7;67;58;53.6;-0.8;54;49;52.4;0.3;0;0;0
5823;242;242;1;0;0;-2;2;0;0;0;0;0;0;1;0;0;0;49;55;36;0;963;0;0;88.9;0.0;7.5;15.0;67.3;5;27;15.6;-19.2;4;25;13.8;-21.1;0;0;0
5824;234;234;6;2;1;6;4;0;0;1;0;0;0;13;0;3;7;71;53;73;16;6959;238;651;102.2;4.1;2.1;36.7;22.8;132;84;61.1;-3.6;99;64;60.7;-1.5;0;0;0
5825;233;233;5;1;1;1;4;1;0;0;0;0;0;0;3;0;0;57;58;49;8;3103;300;24;98.9;3.5;2.3;34.8;20.9;56;33;62.9;7.4;48;23;67.6;10.6;0;1;0
5826;234;234;5;1;1;-1;4;0;1;0;0;0;0;10;2;3;8;68;61;71;13;4814;935;400;95.3;1.5;2.2;34.4;24.7;101;60;62.7;-1.3;67;41;62.0;-0.3;0;0;0
5827;231;231;6;4;4;0;2;2;0;0;0;0;0;2;1;0;4;67;72;56;18;4993;832;320;91.8;4.3;3.6;44.7;20.2;114;55;67.5;8.5;86;39;68.8;11.2;0;8;4
5828;243;243;7;1;3;3;41;1;0;0;0;2;1;27;3;0;2;64;61;61;11;4986;1758;906;108.1;4.3;2.2;27.4;28.2;64;77;45.4;-0.7;49;58;45.8;-1.6;0;16;10
5829;232;232;7;1;4;0;6;0;1;0;0;0;0;8;3;2;13;70;67;72;16;6588;1687;717;94.5;3.8;3.3;32.8;19.1;101;97;51.0;2.1;77;66;53.8;4.8;0;0;0
5830;248;248;6;1;3;1;4;0;2;0;0;0;0;14;3;3;7;70;69;69;12;4921;680;676;103.0;2.9;2.2;26.3;27.1;67;85;44.1;-2.4;54;60;47.4;1.6;0;55;26
5831;238;238;7;4;5;0;0;2;1;0;0;0;0;4;2;3;3;69;71;64;20;5519;1201;219;99.5;3.9;3.9;31.3;30.0;82;75;52.2;4.8;67;60;52.8;5.2;1;5;3
5832;231;231;7;1;5;1;0;0;1;0;0;0;0;3;3;5;1;70;68;67;12;4479;1408;63;97.5;3.2;1.6;42.6;16.1;100;37;73.0;10.7;72;26;73.5;11.3;0;63;33
5834;236;236;7;2;2;-1;0;0;0;0;0;0;0;5;2;2;6;68;64;67;11;6528;1346;1416;98.2;2.8;2.8;26.5;22.6;97;79;55.1;8.0;71;57;55.5;10.8;0;26;10
5835;237;237;6;1;0;-2;0;0;0;0;0;0;0;12;1;1;5;63;63;59;13;5288;280;526;95.1;2.0;3.4;27.9;27.9;80;70;53.3;2.3;57;51;52.8;2.1;1;9;5
5836;231;231;6;0;3;0;0;0;1;0;0;0;0;6;1;3;7;63;60;64;18;6022;128;790;86.9;3.0;3.0;43.0;14.9;138;54;71.9;10.3;102;39;72.3;10.8;0;0;0
5837;249;249;7;0;0;-1;0;0;0;0;0;0;0;3;1;1;6;60;59;59;10;6256;442;781;98.5;1.7;2.3;25.3;27.6;88;102;46.3;-6.8;61;77;44.2;-8.3;0;0;0
5838;249;249;5;0;3;3;2;0;1;0;0;0;0;9;3;0;2;62;58;68;11;4840;1062;693;109.7;3.7;1.5;25.3;29.8;78;76;50.6;1.7;47;58;44.8;-6.7;0;0;0
5839;232;232;2;1;0;-1;0;1;0;0;0;0;0;0;1;0;1;52;53;48;3;1564;308;0;92.9;2.3;4.6;27.6;29.9;26;26;50.0;13.9;16;21;43.2;5.7;0;10;7
5840;245;245;7;0;2;-3;14;0;1;0;0;2;0;12;3;1;0;60;63;56;26;5803;1316;152;91.3;1.2;2.5;32.3;19.9;102;65;61.1;10.7;70;47;59.8;10.0;0;7;2
5841;237;237;6;1;3;3;4;1;0;0;0;0;0;12;1;1;4;71;70;66;14;4401;1337;7;102.6;4.9;2.5;36.8;22.9;86;58;59.7;13.5;64;41;61.0;16.2;0;83;43
5842;249;249;7;1;2;0;0;0;1;0;0;0;0;3;0;2;3;65;66;61;8;4901;963;277;101.9;2.2;2.2;25.7;33.1;72;70;50.7;-0.4;50;59;45.9;-5.3;0;5;3
5843;249;249;7;4;3;2;8;3;1;0;0;0;0;5;4;5;9;68;70;71;26;5662;1582;342;101.0;3.8;2.5;29.9;21.6;88;79;52.7;2.4;66;55;54.5;6.4;2;120;66
5844;250;250;7;3;2;1;0;0;0;0;0;0;0;1;2;6;18;67;66;65;22;6706;492;1212;100.2;3.8;3.2;32.7;28.5;108;104;50.9;10.9;85;83;50.6;10.5;1;0;0
5845;247;247;6;3;2;-1;4;0;1;1;0;0;0;4;2;5;0;63;65;58;16;4608;1631;134;93.8;2.3;3.9;30.5;28.1;85;62;57.8;10.4;57;52;52.3;5.0;0;6;3
5847;245;245;7;0;2;-4;2;0;0;0;0;0;0;5;3;4;1;59;60;52;11;5081;901;135;82.8;1.4;4.3;40.4;20.5;104;57;64.6;15.4;73;43;62.9;14.1;0;5;2
5849;239;239;6;6;2;2;4;4;1;0;0;0;0;19;2;4;6;72;72;63;27;4963;1726;71;105.8;5.1;3.6;34.8;41.3;90;91;49.7;11.3;65;69;48.5;10.3;0;4;1
5850;236;236;5;3;4;5;2;2;1;0;0;0;0;9;5;1;6;76;70;92;19;5203;1266;230;108.0;5.5;2.1;35.3;27.0;80;62;56.3;5.3;61;50;55.0;5.9;0;0;0
5851;236;236;6;0;5;1;2;0;2;0;0;0;0;3;0;1;7;70;68;67;11;5771;1251;597;106.3;3.1;1.9;25.6;31.8;88;92;48.9;1.3;62;71;46.6;1.3;0;0;0
5852;244;244;6;1;3;0;8;1;1;0;0;0;0;10;1;2;1;68;68;60;12;5150;616;145;94.9;4.2;4.2;33.6;23.8;82;63;56.6;12.9;64;49;56.6;11.5;0;47;30
5853;238;238;7;6;0;0;0;0;0;0;0;0;0;5;2;0;5;65;64;61;14;5728;0;1281;100.6;3.8;3.8;27.0;28.3;90;76;54.2;7.6;69;56;55.2;8.6;0;95;37
5854;246;246;7;3;7;-1;4;1;3;0;0;0;0;9;0;0;5;70;75;58;11;6030;1075;604;93.2;4.2;4.8;29.3;22.7;93;80;53.8;-0.8;78;57;57.8;0.8;0;21;7
5855;242;242;7;1;0;0;14;0;0;0;0;0;0;10;0;7;19;67;53;69;12;6915;10;1659;97.8;3.1;3.1;34.4;27.6;108;110;49.5;-1.0;85;76;52.8;6.1;0;0;0
5856;239;239;6;0;1;-3;8;0;0;0;0;0;0;12;2;2;24;65;51;67;5;6087;181;999;102.1;4.7;6.5;29.6;46.7;84;128;39.6;-1.4;66;100;39.8;-3.1;0;0;0
5857;250;250;5;0;2;-2;2;0;0;0;0;0;0;6;2;3;5;60;59;61;4;4254;344;1087;95.3;0.8;3.4;31.3;45.7;55;90;37.9;-6.4;46;68;40.4;-2.0;0;38;20
5858;235;235;5;2;4;0;4;0;1;0;0;0;0;10;1;1;2;67;71;55;7;4601;1146;177;109.1;6.3;6.3;24.3;37.6;52;76;40.6;-15.4;41;55;42.7;-15.2;0;54;25
5859;243;243;7;2;4;2;2;0;1;0;0;0;0;3;2;0;1;61;63;53;17;5721;902;53;104.2;3.8;2.5;28.9;28.3;82;92;47.1;1.7;65;68;48.9;2.6;0;39;19
5860;245;245;5;0;1;-5;4;0;0;0;0;0;0;1;3;1;0;54;52;58;5;3025;493;250;82.1;0.0;6.0;23.8;33.3;38;51;42.7;-11.2;29;44;39.7;-14.3;0;26;14
5861;250;250;6;1;4;2;6;0;0;0;1;0;0;7;3;4;34;83;52;89;9;5942;16;1354;106.0;3.0;1.8;27.9;37.0;77;121;38.9;-8.7;58;83;41.1;-6.1;0;0;0
5862;238;238;4;2;0;-1;0;0;0;0;0;0;0;0;1;0;12;60;56;64;8;3748;215;442;101.2;2.9;2.9;20.2;22.1;41;54;43.2;-7.0;31;34;47.7;-2.3;0;0;0
5863;246;246;7;0;1;-5;2;0;0;0;0;0;0;3;2;0;8;56;58;53;8;5114;165;119;90.7;0.7;4.2;28.9;35.9;76;89;46.1;-11.3;60;62;49.2;-10.9;0;1;0
5864;244;244;5;0;2;2;2;0;0;0;0;0;0;2;0;1;15;57;51;60;6;5215;283;682;111.2;4.1;2.8;22.8;39.3;61;98;38.4;-10.5;46;76;37.7;-14.5;0;0;0
5865;242;242;5;4;3;-2;2;3;1;0;0;0;0;8;2;1;1;75;78;51;25;4594;892;179;87.5;3.1;4.7;35.3;21.9;80;55;59.3;11.7;62;43;59.0;12.1;0;4;2
5866;238;238;6;2;3;4;0;0;0;0;0;0;0;8;0;2;5;66;66;61;11;5851;71;1125;106.3;4.9;2.5;30.1;24.6;89;83;51.7;7.7;71;59;54.6;11.3;0;48;25
5868;240;240;3;0;0;-2;0;0;0;0;0;0;0;4;0;1;4;62;52;63;3;2737;46;325;92.5;1.3;3.9;28.9;32.9;43;42;50.6;-6.2;28;33;45.9;-13.0;0;0;0
5869;237;237;6;0;1;-4;0;0;0;0;0;0;0;5;1;1;4;56;55;55;4;3884;820;79;91.7;0.0;3.7;18.5;44.5;57;76;42.9;-8.1;37;61;37.8;-13.9;0;58;24
5870;246;246;7;0;0;0;18;0;0;0;0;0;0;11;1;1;1;53;53;53;8;3331;581;903;101.7;1.1;1.1;20.5;30.3;41;50;45.1;-10.9;30;35;46.2;-12.9;0;57;23
5871;233;233;5;2;1;0;6;0;0;0;0;0;0;4;0;0;0;55;60;48;8;4308;329;0;94.8;3.3;3.3;30.9;20.9;68;51;57.1;0.3;57;34;62.6;4.7;0;7;1
5872;237;237;7;1;0;-2;4;0;0;0;0;0;0;11;3;3;2;58;58;56;7;4539;1419;8;98.6;0.8;2.4;16.7;38.9;50;72;41.0;-9.3;41;56;42.3;-7.5;0;1;0
5873;240;240;5;0;3;-1;0;0;1;0;0;0;0;8;1;1;4;65;66;59;14;4150;1516;137;97.2;0.9;1.7;20.0;24.3;46;59;43.8;-11.4;35;43;44.9;-8.1;0;2;2
5874;233;233;6;0;2;5;4;0;0;0;0;0;0;10;3;4;9;59;50;59;8;6564;109;543;105.2;4.9;2.2;35.1;24.7;108;86;55.7;-5.7;87;61;58.8;-4.3;0;1;0
5875;232;232;5;1;1;0;0;0;0;0;0;0;0;6;0;2;4;63;62;57;8;3738;193;265;105.3;4.8;4.8;24.1;32.7;48;67;41.7;-15.0;38;48;44.2;-14.6;0;49;21
5876;250;250;5;1;5;0;0;1;1;0;1;0;0;5;3;0;10;64;60;71;13;4701;1211;520;101.4;2.3;2.3;33.7;42.1;71;95;42.8;0.9;60;73;45.1;5.7;0;0;0
5877;247;247;7;1;3;-4;0;0;1;0;0;0;0;0;1;0;2;60;65;54;15;5166;889;39;97.0;4.2;6.3;27.9;34.8;78;80;49.4;0.9;54;62;46.6;-1.0;0;4;2
5878;244;244;6;5;0;1;7;2;0;0;0;1;0;14;3;1;0;62;64;57;17;4140;1064;56;102.4;4.3;3.5;32.2;31.3;70;69;50.4;6.1;52;49;51.5;6.5;1;5;1
5880;234;234;5;1;0;-3;0;0;0;0;0;0;0;3;1;1;19;63;53;64;11;5191;116;689;84.8;0.7;3.5;33.3;20.1;100;62;61.7;-2.0;66;43;60.6;-1.8;0;0;0
5881;238;238;4;2;0;-3;16;2;0;0;0;0;0;0;2;0;0;52;55;47;5;2294;513;0;91.7;1.6;4.7;18.8;28.2;31;36;46.3;-8.6;20;26;43.5;-12.6;0;0;0
5882;235;235;7;2;1;3;2;0;0;0;1;0;0;4;2;1;9;64;59;64;10;4379;47;1572;104.0;4.1;2.5;37.0;34.5;71;66;51.8;3.7;58;52;52.7;4.1;0;84;52
5884;250;250;5;1;3;-1;8;1;2;0;0;0;0;7;3;0;1;59;63;50;7;4419;1176;0;104.5;4.1;4.1;26.9;38.3;60;75;44.4;-0.5;42;57;42.4;-3.8;0;0;0
5885;239;239;4;0;1;2;2;0;0;0;0;0;0;1;1;1;0;51;51;51;1;1808;40;40;122.2;4.0;0.0;17.9;11.9;14;22;38.9;-4.5;12;16;42.9;-0.1;0;5;2
5886;236;236;7;1;2;1;4;0;0;0;0;0;0;2;1;2;1;58;59;53;13;4322;762;293;104.7;3.3;2.5;32.5;45.0;68;91;42.8;-9.2;54;75;41.9;-8.3;0;69;34
5887;234;234;7;3;2;-2;4;2;2;0;0;0;0;5;4;2;3;63;63;61;13;5629;1068;197;93.8;1.3;2.6;33.3;25.6;96;69;58.2;-5.4;66;51;56.4;-6.1;1;67;34
5888;245;245;7;0;0;-11;6;0;0;0;0;0;0;9;5;2;12;58;57;60;21;6170;1329;635;80.8;0.0;5.8;34.4;30.3;98;98;50.0;-4.7;73;76;49.0;-4.9;0;0;0
5890;241;241;4;0;1;-1;0;0;0;0;0;0;0;3;3;2;2;57;50;61;2;4082;0;484;104.0;3.5;4.4;22.9;38.8;54;60;47.4;11.3;37;54;40.7;4.5;0;0;0
5891;239;239;5;0;0;-5;4;0;0;0;0;0;0;2;2;2;5;53;53;52;5;4626;63;855;87.5;0.0;3.9;20.2;31.1;53;79;40.2;-2.5;38;63;37.6;-4.6;0;0;0
5892;236;236;7;1;4;1;17;0;1;0;1;0;0;20;0;3;16;76;55;78;11;6481;435;1297;100.5;3.3;3.3;26.1;27.2;100;77;56.5;10.0;70;60;53.8;8.6;0;0;0
5893;232;232;6;3;1;2;4;0;0;0;0;0;0;3;1;1;2;61;63;55;10;5242;437;191;105.0;4.8;2.7;30.9;26.1;78;90;46.4;-6.8;61;63;49.2;-4.9;1;1;0
5894;235;235;6;1;1;3;6;0;0;0;0;0;0;2;0;1;2;55;57;52;5;3782;341;95;107.9;2.9;0.0;36.2;27.6;72;46;61.0;13.4;57;37;60.6;12.2;0;0;0
5895;240;240;6;5;0;0;2;2;0;0;0;0;0;4;1;0;2;64;67;55;10;4732;1129;262;99.7;2.3;2.3;22.8;22.1;69;57;54.8;1.2;47;44;51.6;-0.4;1;11;5
5896;241;241;4;0;1;-5;2;0;0;0;0;0;0;2;0;1;12;73;49;76;6;3961;82;636;98.8;2.7;7.3;17.3;42.7;41;89;31.5;-6.1;26;66;28.3;-11.2;0;0;0
5897;244;244;7;1;2;-2;2;0;0;0;0;0;0;13;1;2;5;56;54;56;13;6916;697;456;96.4;3.1;4.2;29.1;29.1;113;101;52.8;11.4;90;75;54.5;12.5;0;0;0
5898;248;248;6;1;1;1;0;0;0;0;0;0;0;5;2;2;5;56;56;53;7;4453;73;168;107.5;3.2;2.4;24.3;41.2;55;97;36.2;-13.1;42;71;37.2;-12.3;0;9;4
5899;249;249;5;4;1;7;0;1;0;0;0;0;0;1;2;1;1;61;62;50;14;3766;679;0;120.6;6.7;0.0;32.5;36.3;59;74;44.4;-3.6;41;58;41.4;-5.6;1;0;0
5900;246;246;5;2;1;-2;0;0;1;0;0;0;0;3;2;4;6;70;65;85;20;4875;1399;750;90.4;2.2;3.7;39.9;24.4;86;63;57.7;3.5;72;50;59.0;0.5;1;0;0
5901;233;233;6;6;4;2;2;3;2;0;0;0;0;7;2;2;6;71;71;63;25;5353;1209;168;100.7;3.4;2.0;34.3;22.2;89;71;55.6;-7.1;70;48;59.3;-4.8;0;5;2
5902;247;247;7;0;4;-1;2;0;0;0;0;0;0;4;0;1;7;61;62;57;4;5448;697;336;101.2;4.0;4.6;25.1;31.7;74;79;48.4;-0.5;53;57;48.2;1.2;0;39;22
5903;242;242;5;1;5;3;0;0;3;1;0;0;0;6;1;3;9;76;76;72;13;4751;1288;567;105.0;3.8;2.3;25.8;23.5;77;57;57.5;1.2;53;45;54.1;-2.1;0;0;0
5904;241;241;7;1;1;-2;18;1;1;0;0;0;0;7;1;3;12;64;63;64;8;6645;980;574;99.1;1.1;2.2;25.5;42.3;82;129;38.9;2.1;67;99;40.4;6.0;0;3;1
5905;244;244;5;1;3;2;2;0;0;0;0;0;0;2;1;2;10;76;54;77;8;5492;47;748;103.6;3.3;2.0;30.2;26.9;86;81;51.5;3.9;68;59;53.5;3.8;0;0;0
5906;231;231;7;1;9;-3;4;1;3;0;0;0;0;6;2;3;5;67;65;68;19;6083;1647;737;91.4;3.0;4.1;33.1;23.7;113;78;59.2;-7.5;81;56;59.1;-7.3;0;0;0
5907;250;250;6;1;0;-4;2;0;0;0;0;0;0;4;0;2;8;59;56;63;6;4193;257;887;97.5;1.7;5.2;17.2;41.2;45;89;33.6;-10.8;34;64;34.7;-10.0;0;34;14
5908;231;231;7;1;1;1;9;0;1;0;0;1;0;7;1;1;2;59;58;58;5;4154;872;247;98.3;2.6;1.7;37.3;19.9;86;47;64.7;0.2;63;34;64.9;0.7;1;28;12
5909;243;243;7;1;3;2;4;0;0;0;0;0;0;13;3;0;2;53;58;49;10;4563;278;989;105.0;5.5;3.9;29.2;28.4;72;75;49.0;4.0;54;52;50.9;5.1;0;14;4
5910;240;240;7;0;3;-5;2;0;0;0;0;0;0;5;1;3;4;68;64;70;16;5147;1086;157;89.5;1.4;4.2;30.8;28.0;80;64;55.6;3.3;64;53;54.7;3.5;0;37;21
5911;242;242;6;2;1;2;10;0;0;0;0;0;0;3;0;2;3;63;62;59;9;4503;728;242;105.3;3.2;1.6;29.6;28.8;74;69;51.7;-3.4;50;54;48.1;-6.6;1;50;27
5912;235;235;5;2;3;1;4;0;3;0;0;0;0;7;4;2;20;71;67;76;10;4710;1511;729;105.3;3.1;3.1;20.6;32.1;47;80;37.0;-15.4;38;59;39.2;-14.6;0;0;0
5913;246;246;7;1;0;-3;6;0;0;0;0;0;0;3;0;0;1;52;54;46;5;5544;0;129;91.8;2.6;4.5;30.5;27.3;80;90;47.1;-10.1;61;56;52.1;-6.8;0;27;10
5914;242;242;7;1;3;2;0;0;1;0;0;0;0;6;2;1;4;60;59;57;9;4442;1007;434;104.4;4.1;2.4;30.0;26.7;74;67;52.5;3.0;55;49;52.9;5.3;0;49;30
5915;248;248;3;0;3;-1;0;0;0;0;0;0;0;1;1;2;1;60;64;50;6;2721;639;0;97.6;4.0;4.0;27.8;23.8;40;49;44.9;-6.0;26;30;46.4;-4.2;0;0;0
5916;236;236;7;3;2;8;6;0;0;0;0;0;0;12;2;3;3;65;64;62;20;5356;1366;344;112.1;6.0;1.3;35.6;27.6;93;68;57.8;11.4;72;51;58.5;14.8;1;87;41
5917;241;241;4;0;1;0;0;0;0;0;0;0;0;1;0;1;3;53;54;49;1;2875;39;189;105.1;2.5;2.5;20.0;33.8;32;54;37.2;-2.8;19;39;32.8;-6.8;0;0;0
5918;249;249;6;0;1;-2;10;0;1;0;0;0;0;15;6;0;4;55;57;51;16;4521;512;940;93.5;1.6;3.2;34.2;28.7;84;68;55.3;4.7;58;52;52.7;2.9;0;8;4
5919;248;248;3;0;1;0;0;0;0;0;0;0;0;0;1;0;3;56;58;51;6;2877;67;223;108.5;3.8;3.8;18.8;32.5;34;47;42.0;-0.2;22;36;37.9;-4.6;0;0;0
5920;245;245;5;0;0;-4;2;0;0;0;0;0;0;12;2;1;4;61;62;54;8;4259;1355;291;88.7;1.7;5.1;31.3;30.4;68;58;54.0;-0.9;50;46;52.1;-2.3;0;14;5
5921;246;246;6;3;3;-6;0;1;1;0;0;0;0;8;1;1;5;67;71;57;18;6175;1268;730;86.3;2.3;5.8;30.9;27.4;104;84;55.3;0.1;80;64;55.6;-3.2;0;0;0
5922;237;237;4;1;3;1;2;0;0;0;0;0;0;3;1;1;14;73;61;82;12;4048;1111;378;99.9;4.4;3.6;34.7;27.6;58;64;47.5;7.0;48;44;52.2;14.7;0;0;0
5923;235;235;7;1;5;-3;2;0;4;0;0;0;0;5;1;2;12;69;69;65;18;6216;1374;506;96.7;1.7;3.5;27.8;36.5;95;92;50.8;2.6;73;73;50.0;0.5;0;0;0
5924;231;231;7;1;2;2;2;0;0;0;0;0;0;8;0;3;0;54;62;51;15;5094;0;1267;90.3;4.2;3.5;44.5;18.4;110;48;69.6;6.7;89;38;70.1;7.6;0;52;25
5925;247;247;7;5;2;0;0;0;0;0;0;0;0;6;1;1;10;63;63;60;10;4735;479;703;101.8;5.3;5.3;31.9;35.7;68;90;43.0;-7.8;58;65;47.2;-0.2;0;71;36
5926;235;235;3;0;0;-1;0;0;0;0;0;0;0;1;2;0;4;52;50;55;4;2852;88;207;99.6;2.5;3.8;22.7;32.8;29;46;38.7;-9.6;24;34;41.4;-7.9;0;0;0
5927;239;239;7;2;2;-8;2;0;0;0;0;0;0;5;1;2;2;60;60;55;16;4798;851;416;90.1;2.3;8.3;27.8;45.8;56;98;36.4;-7.7;45;78;36.6;-7.9;1;54;25
5928;248;248;4;0;2;0;2;0;0;0;0;0;0;5;2;1;3;61;61;58;6;4082;530;233;101.8;4.4;3.5;30.0;27.3;56;64;46.7;7.0;43;46;48.3;9.8;0;0;0
5929;235;235;6;1;5;2;2;0;0;0;0;0;0;7;2;2;5;70;74;70;17;4991;904;337;103.1;5.0;3.6;31.7;28.1;78;65;54.5;7.2;60;48;55.6;8.2;0;14;10
5930;242;242;6;1;2;0;4;1;1;0;0;0;0;5;4;2;1;61;61;54;14;4104;757;356;99.3;1.8;1.8;35.1;30.7;76;59;56.3;2.8;54;48;52.9;0.0;1;61;35
5931;250;250;7;3;8;0;12;1;4;0;0;2;0;17;2;1;3;69;70;64;19;4791;1346;337;105.4;5.3;4.5;29.3;36.1;69;85;44.8;1.4;51;66;43.6;-0.4;0;103;53
5932;234;234;6;1;5;-2;4;1;3;0;0;0;0;5;1;2;0;64;68;54;25;5491;1159;198;84.1;1.3;2.6;41.3;13.8;124;53;70.1;13.6;90;36;71.4;16.6;0;2;1
5933;236;236;4;0;1;-1;2;0;0;0;0;0;0;8;1;0;6;67;63;71;7;4021;916;318;101.2;1.8;2.7;24.2;43.0;48;75;39.0;-10.5;41;59;41.0;-7.0;0;0;0
5934;237;237;3;0;0;0;2;0;0;0;0;0;0;1;0;6;12;81;51;86;0;3024;47;539;101.0;1.2;1.2;23.8;29.8;42;39;51.9;-5.4;32;29;52.5;-4.4;0;0;0
5935;240;240;6;4;2;2;4;1;1;0;0;0;0;9;2;1;6;69;73;59;25;5534;1873;710;101.5;4.6;3.3;31.9;25.4;90;77;53.9;3.4;75;60;55.6;8.0;0;0;0
5936;242;242;6;1;0;-3;4;0;0;0;0;0;0;7;0;1;5;67;67;67;19;6121;642;668;93.9;1.8;3.5;33.5;31.2;101;96;51.3;-4.8;75;77;49.3;-5.9;0;0;0
5938;249;249;5;2;2;1;2;1;2;0;0;0;0;6;0;0;5;66;69;58;10;4339;794;0;101.0;1.7;0.8;29.0;17.4;67;55;54.9;0.2;46;37;55.4;1.4;0;2;1
5940;245;245;4;1;1;2;0;0;0;0;0;0;0;0;2;0;1;59;57;62;6;2091;370;332;113.3;3.4;0.0;25.8;27.5;34;33;50.7;-5.8;19;27;41.3;-14.6;0;22;15
5941;245;245;6;3;1;-4;2;3;0;0;0;0;0;8;3;3;4;71;69;71;20;4754;1444;593;90.1;0.8;3.0;34.1;25.0;87;61;58.8;5.7;66;45;59.5;8.2;0;104;51
5942;242;242;4;0;1;-2;0;0;1;0;0;0;0;2;1;1;6;56;54;56;6;3729;199;713;93.0;2.9;4.8;37.7;32.8;66;66;50.0;3.0;51;50;50.5;7.7;0;0;0
5943;248;248;5;0;1;1;2;0;0;0;0;0;0;1;1;0;3;56;58;57;7;3586;0;129;100.3;3.0;2.0;29.1;20.1;56;52;51.9;13.0;40;36;52.6;13.9;0;9;4
5944;239;239;7;0;2;1;4;0;1;0;0;0;0;16;1;0;8;64;61;63;6;5309;589;1275;107.5;2.0;1.4;18.3;37.3;58;112;34.1;-11.0;39;78;33.3;-12.0;0;57;30
5945;248;248;5;0;1;1;14;0;0;0;0;0;0;5;1;0;2;60;63;53;7;4385;658;61;105.4;4.1;3.3;26.3;32.0;65;83;43.9;-0.0;45;58;43.7;0.0;0;6;5
5946;248;248;2;1;0;1;2;0;0;0;0;0;0;3;2;0;0;52;55;50;3;1189;40;180;109.1;3.0;0.0;33.3;57.5;16;26;38.1;-20.1;14;21;40.0;-19.0;0;4;2
5948;232;232;6;1;1;-2;6;1;1;0;0;0;0;7;1;0;5;63;57;67;10;5891;768;522;94.3;3.1;3.7;25.7;20.8;82;78;51.2;-0.4;62;50;55.4;4.0;0;0;0
5949;242;242;6;0;3;-5;2;0;0;0;0;0;0;6;1;3;7;70;68;67;9;5141;247;1399;86.6;2.1;5.6;34.3;28.7;83;81;50.6;1.1;64;62;50.8;2.4;0;100;50
5950;249;249;7;1;2;0;4;0;0;0;0;0;0;5;0;2;5;62;61;60;8;5590;434;77;101.1;1.9;1.9;24.5;28.3;75;83;47.5;-4.7;49;60;45.0;-6.6;0;77;45
5951;243;243;6;1;8;1;4;0;2;0;0;0;0;11;4;3;3;65;65;59;13;5057;1393;307;105.9;4.3;3.6;22.8;27.8;63;87;42.0;-6.2;44;66;40.0;-9.6;1;11;5
5952;248;248;5;3;3;1;2;0;1;0;0;0;0;8;1;0;6;62;62;62;13;4525;954;272;107.8;4.8;4.0;27.0;40.6;60;92;39.5;-11.0;47;67;41.2;-9.0;0;0;0
5953;234;234;6;0;0;1;14;0;0;0;0;0;0;7;0;3;9;76;53;79;8;5493;0;675;95.8;2.6;2.0;31.5;15.7;100;49;67.1;8.3;75;40;65.2;6.9;0;0;0
5954;242;242;4;0;0;0;8;0;0;0;0;0;0;6;0;2;5;64;49;67;6;3211;68;966;100.1;1.1;1.1;29.1;30.3;53;46;53.5;-6.2;42;36;53.8;-4.0;0;0;0
5955;231;231;6;0;2;-3;0;0;2;0;0;0;0;1;0;1;2;56;57;53;5;2776;679;218;85.5;1.3;5.2;35.0;28.5;44;41;51.8;-15.9;34;34;50.0;-18.3;0;52;27
5956;240;240;5;1;3;1;0;0;2;0;0;0;0;2;1;0;3;57;58;55;6;2380;630;105;104.8;4.5;3.0;36.3;39.3;35;43;44.9;-9.1;27;36;42.9;-10.1;0;32;15
5957;242;242;5;2;1;0;2;1;0;0;0;0;0;6;1;0;3;60;63;54;9;4046;883;0;100.0;1.8;1.8;28.5;28.5;65;56;53.7;-1.6;46;44;51.1;-3.0;0;11;4
5958;236;236;7;1;3;5;6;1;0;0;0;0;0;11;0;1;0;58;62;53;13;5229;305;665;109.1;4.1;0.7;35.1;25.5;94;61;60.6;15.1;74;51;59.2;15.9;0;15;6
5959;232;232;7;1;3;2;0;0;1;0;0;0;0;5;1;1;4;58;53;62;12;6059;257;727;106.9;4.2;3.0;26.7;34.5;92;104;46.9;-3.9;67;77;46.5;-6.0;0;0;0
5960;240;240;7;1;2;-5;2;0;0;0;0;0;0;3;1;0;1;63;60;66;8;5072;1394;250;92.1;2.1;5.0;21.3;27.7;71;66;51.8;-1.6;50;52;49.0;-4.1;0;99;54
5961;231;231;3;0;2;-1;0;0;1;0;0;0;0;6;0;1;1;60;60;55;1;1637;59;0;88.3;4.4;6.6;33.0;26.4;27;27;50.0;-20.5;21;22;48.8;-21.5;0;13;8
5962;250;250;5;2;1;2;8;0;0;0;0;0;0;9;2;1;2;57;59;54;10;4092;16;769;103.0;3.5;1.8;39.6;29.9;66;67;49.6;8.1;53;50;51.5;11.3;1;72;37
5963;244;244;6;2;0;-5;2;0;0;0;0;0;0;10;1;1;2;65;66;55;13;4917;911;226;87.7;1.5;5.1;30.8;30.0;90;66;57.7;17.6;67;48;58.3;17.3;0;54;31
5964;235;235;3;1;0;-3;4;1;0;0;0;0;0;1;1;1;0;54;56;49;5;2704;304;0;84.2;0.0;4.0;35.9;25.3;47;34;58.0;14.3;37;24;60.7;18.9;0;2;0
5965;241;241;6;1;1;-4;4;0;0;0;0;0;0;3;1;2;8;57;56;55;7;4635;212;778;93.4;1.6;5.4;19.4;37.3;48;91;34.5;-3.7;38;65;36.9;0.9;0;69;33
5966;237;237;5;0;3;-2;2;0;0;0;0;0;0;4;0;2;3;60;60;52;5;3694;39;188;96.4;2.9;4.9;27.3;34.1;44;53;45.4;-4.4;36;43;45.6;-3.7;0;57;29
5967;234;234;7;1;6;1;31;0;2;0;0;0;0;6;2;3;4;66;69;62;10;5749;1286;176;96.6;3.8;3.1;31.9;20.7;92;64;59.0;-4.2;67;48;58.3;-3.6;0;13;3
5968;240;240;6;0;1;3;8;0;0;0;0;0;0;10;1;1;6;65;48;68;7;5036;115;1011;102.5;5.0;2.9;35.0;24.3;94;67;58.4;9.9;72;52;58.1;10.1;0;0;0
5969;245;245;5;0;0;-1;4;0;0;0;0;0;0;9;2;0;0;57;59;52;7;3379;112;914;95.5;2.1;3.2;36.2;30.9;59;54;52.2;-0.9;43;42;50.6;-3.1;0;41;20
5970;247;247;3;0;2;1;0;0;2;0;0;0;0;0;2;0;3;67;63;71;7;1898;901;322;104.3;3.8;1.9;26.6;19.0;23;22;51.1;-1.1;17;17;50.0;-1.4;0;25;17
5972;239;239;7;1;1;2;7;1;0;0;0;1;0;13;1;2;7;70;57;79;12;7161;400;717;103.7;4.0;3.0;30.2;31.2;107;119;47.3;7.9;80;85;48.5;9.2;0;0;0
5973;235;235;3;0;1;1;0;0;0;0;0;0;0;1;0;0;0;58;59;54;5;3096;23;241;101.9;2.3;1.2;40.7;30.2;56;36;60.9;20.6;43;29;59.7;16.4;0;0;0
5974;234;234;7;0;2;4;0;0;1;0;0;0;0;3;0;1;1;54;56;51;1;5421;247;0;109.6;3.3;0.7;26.6;23.2;101;66;60.5;-2.3;61;49;55.5;-7.3;0;0;0
5975;239;239;7;4;6;0;2;0;2;0;0;0;0;9;2;3;5;64;65;56;16;5148;1013;475;105.4;4.2;4.2;28.7;45.5;69;100;40.8;-1.9;53;81;39.6;-4.0;1;78;41
5976;243;243;7;1;5;-1;0;0;0;0;0;0;0;2;3;2;3;66;64;63;14;5769;1010;254;100.3;3.1;3.7;26.8;33.1;82;102;44.6;-2.0;61;78;43.9;-4.5;0;105;63
5977;234;234;1;0;0;0;0;0;0;0;0;0;0;2;0;0;1;60;56;65;1;769;37;49;116.7;4.7;4.7;14.0;28.1;8;12;40.0;-28.9;4;10;28.6;-42.3;0;0;0
5978;242;242;5;0;1;-1;2;0;0;0;0;0;0;4;2;0;0;55;55;52;4;2700;483;271;106.6;2.7;4.0;14.7;34.7;27;53;33.8;-18.3;19;34;35.8;-12.9;0;25;16
5979;239;239;6;2;2;-2;2;0;0;0;0;0;0;15;0;3;5;61;67;54;25;5097;407;1142;95.5;2.8;4.2;35.3;33.9;84;98;46.2;-0.4;63;65;49.2;2.9;0;34;14
5980;245;245;7;1;1;0;16;0;0;0;0;0;0;1;1;0;5;66;66;62;17;5230;886;643;98.7;2.1;2.1;35.1;28.9;84;69;54.9;2.2;64;55;53.8;1.9;0;89;40
5981;243;243;6;1;1;0;2;0;0;0;0;0;0;2;0;4;10;72;57;82;12;5979;1505;551;100.5;3.0;3.0;25.9;27.1;71;86;45.2;-1.7;57;66;46.3;-0.8;0;0;0
5982;242;242;5;1;2;-3;2;1;1;0;0;0;0;6;1;1;4;67;67;60;13;4930;747;629;90.6;1.5;3.7;35.8;27.0;89;66;57.4;3.9;64;54;54.2;1.4;0;0;0
5983;249;249;3;2;0;1;2;1;0;0;0;0;0;5;0;2;1;71;71;66;8;2585;916;93;97.3;4.2;2.8;36.2;19.5;41;30;57.7;3.9;35;22;61.4;7.2;0;1;0
5984;237;237;7;3;2;-1;2;0;0;0;0;0;0;10;4;1;9;64;64;61;15;6159;512;624;96.3;3.5;4.1;33.9;29.2;114;93;55.1;10.0;83;70;54.2;9.1;0;14;9
5985;240;240;6;1;4;0;4;1;2;0;0;0;0;7;1;0;3;75;76;69;22;5121;1779;106;91.4;3.5;2.8;33.7;14.8;87;48;64.4;15.4;68;33;67.3;19.2;0;2;0
5986;234;234;7;4;2;4;2;2;1;0;0;0;0;5;1;1;4;67;66;67;15;5570;1360;154;107.0;3.2;0.6;31.0;18.7;109;54;66.9;6.3;75;42;64.1;4.2;0;52;28
5987;249;249;7;3;1;1;6;0;0;0;0;0;0;9;1;1;13;59;60;55;11;4988;0;1288;100.6;3.6;2.9;26.7;22.4;65;82;44.2;-8.9;47;51;48.0;-2.5;0;27;10
5988;233;233;7;0;7;8;2;0;2;0;0;0;0;11;1;6;20;81;64;91;20;7375;1595;478;105.2;6.3;2.4;40.0;22.9;146;91;61.6;5.2;112;62;64.4;6.3;0;0;0
5989;231;231;7;4;2;-2;2;2;1;0;0;0;0;9;2;4;3;67;72;63;29;5372;2171;39;96.0;2.0;2.7;38.2;28.8;103;68;60.2;-5.7;75;52;59.1;-7.2;1;5;3
5990;238;238;6;4;6;-1;2;2;2;1;0;0;0;9;2;2;7;71;71;63;22;4951;1433;268;100.1;2.9;3.6;22.5;28.4;71;72;49.7;-1.8;52;54;49.1;-3.5;0;15;6
5991;247;247;6;0;0;-4;4;0;0;0;0;0;0;2;3;1;7;55;56;52;10;4761;308;0;93.2;0.8;3.8;19.7;35.5;54;70;43.5;-7.0;40;53;43.0;-6.1;0;8;3
5992;238;238;5;0;1;1;2;0;0;0;0;0;0;4;1;3;9;71;57;82;5;4448;1200;474;101.0;4.0;2.4;29.9;19.4;73;60;54.9;4.5;58;41;58.6;9.1;0;0;0
5993;247;247;6;1;2;2;18;0;0;0;0;0;0;7;0;2;7;70;69;73;13;5798;1415;1269;105.8;3.1;2.5;24.8;37.3;71;95;42.8;-8.0;51;74;40.8;-8.6;0;0;0
5994;246;246;5;0;2;2;4;0;1;0;0;0;0;1;1;2;5;65;65;66;16;4708;739;547;101.8;3.1;1.5;35.9;22.9;86;60;58.9;8.4;69;44;61.1;5.0;0;0;0
5995;236;236;5;0;2;0;2;0;0;0;0;0;0;8;0;2;17;70;55;78;8;4698;679;811;105.8;2.3;1.5;23.8;39.8;65;92;41.4;-10.2;47;70;40.2;-11.1;0;0;0
5997;239;239;7;1;3;0;4;0;1;0;0;0;0;5;2;0;2;58;59;51;11;6100;661;185;101.0;4.1;4.1;30.7;33.0;87;101;46.3;5.7;66;76;46.5;5.7;0;46;25
5998;248;248;6;2;2;-2;2;0;2;0;0;0;0;4;3;2;13;72;69;83;15;6084;1410;501;96.4;1.2;1.8;34.9;25.4;108;93;53.7;15.8;77;62;55.4;17.9;0;0;0
5999;243;243;7;1;1;6;0;0;0;0;0;0;0;10;0;2;16;68;54;70;15;6988;137;1227;107.8;5.2;2.1;33.5;27.3;102;101;50.2;6.5;84;76;52.5;8.5;0;0;0
6000;243;243;7;3;1;-1;18;1;0;0;0;0;0;8;1;1;2;57;58;53;16;4563;701;36;95.6;2.4;3.2;30.8;26.0;60;73;45.1;-1.1;47;51;48.0;1.2;0;64;29
6001;238;238;7;1;5;-2;2;0;0;0;0;0;0;3;1;5;9;58;63;53;13;5814;93;1021;99.5;4.3;5.6;27.2;34.1;87;88;49.7;1.5;61;67;47.7;-1.9;0;18;7
6002;232;232;2;0;2;1;0;0;1;0;0;0;0;3;0;1;2;62;59;64;4;1230;40;48;112.5;2.9;0.0;23.4;23.4;16;12;57.1;7.5;11;8;57.9;5.8;0;0;0
6003;232;232;7;1;6;2;4;0;0;0;0;0;0;6;1;2;6;60;65;59;17;6372;114;1082;97.2;5.1;4.0;37.9;24.3;105;86;55.0;7.9;84;64;56.8;9.3;0;94;45
6005;237;237;7;0;4;-4;0;0;1;0;0;0;0;10;1;1;8;55;55;54;4;7239;234;552;98.6;2.5;4.5;21.4;34.3;97;112;46.4;-3.1;68;90;43.0;-7.8;0;0;0
6006;239;239;4;0;1;7;0;0;0;0;0;0;0;4;1;2;9;64;52;72;6;3476;87;509;123.3;7.2;0.0;31.1;30.0;49;61;44.5;-1.3;36;44;45.0;-2.7;0;0;0
6008;246;246;4;0;0;-2;4;0;0;0;0;0;0;2;0;5;10;64;51;72;2;3931;0;781;90.9;0.9;2.7;26.6;22.0;66;54;55.0;0.2;46;34;57.5;1.1;0;0;0
6009;236;236;6;1;2;3;0;0;0;0;0;0;0;10;3;1;10;63;58;65;9;5690;222;1351;96.4;4.4;3.2;35.4;19.6;99;51;66.0;22.0;78;40;66.1;24.8;1;0;0
6010;241;241;5;2;3;-1;2;1;2;0;0;0;0;9;3;1;10;74;70;80;11;4771;1263;565;108.8;3.0;3.8;17.4;43.8;51;87;37.0;-0.2;33;65;33.7;-3.7;1;0;0
6011;249;249;7;0;3;-4;8;0;3;0;0;0;0;8;2;4;10;69;65;80;15;7087;1965;1248;93.2;0.5;2.5;24.4;28.4;96;86;52.7;2.5;65;71;47.8;-3.0;0;0;0
6012;247;247;5;0;0;-5;4;0;0;0;0;0;0;4;1;1;8;61;62;59;13;4657;790;626;88.1;3.9;7.7;32.5;32.5;70;64;52.2;8.5;54;53;50.5;7.6;0;0;0
6013;244;244;6;0;1;-6;6;0;0;0;0;0;0;7;4;3;2;57;55;55;5;5289;542;492;88.1;0.7;4.8;20.4;31.3;68;89;43.3;0.8;51;63;44.7;1.6;0;8;5
6015;250;250;5;1;2;1;2;0;1;0;0;0;0;2;1;1;0;56;56;53;2;2255;217;52;107.3;3.2;1.6;30.3;49.5;36;47;43.4;-1.5;32;37;46.4;1.5;0;29;14
6016;241;241;7;1;3;-3;4;1;0;0;0;0;0;4;1;4;2;58;59;53;7;5740;777;230;100.8;2.5;4.4;19.4;36.4;58;93;38.4;1.2;40;73;35.4;-1.6;0;50;25
6017;248;248;3;0;3;1;2;0;1;0;0;0;0;3;0;0;1;63;65;56;12;2658;369;203;99.3;2.7;1.4;42.0;19.0;55;30;64.7;21.9;38;24;61.3;16.4;0;4;0
6020;235;235;4;0;0;-1;2;0;0;0;0;0;0;1;2;0;1;49;50;48;3;2006;0;65;94.4;0.0;1.8;21.5;32.3;34;30;53.1;4.1;20;21;48.8;-3.5;0;4;1
6021;249;249;3;0;1;4;2;0;0;0;0;0;0;0;0;0;5;59;58;58;1;2835;0;392;117.4;5.1;0.0;29.2;25.4;41;59;41.0;-3.1;30;41;42.3;1.9;0;0;0
6022;236;236;7;2;1;4;0;0;0;0;0;0;0;8;1;1;1;58;56;56;6;5379;545;393;108.4;3.3;0.7;31.5;29.4;84;68;55.3;7.8;58;55;51.3;4.8;0;2;1
6023;235;235;6;1;2;2;0;0;0;0;0;0;0;6;2;1;6;56;56;56;4;3473;220;335;113.6;3.1;1.0;17.6;25.9;36;55;39.6;-11.8;21;38;35.6;-18.1;0;30;12
6024;232;232;4;0;1;0;0;0;0;0;0;0;0;2;3;0;3;47;50;45;7;3574;360;481;99.1;4.0;4.0;31.2;29.2;59;56;51.3;8.6;41;40;50.6;8.4;0;3;0
6026;240;240;2;1;1;2;0;0;0;0;0;0;0;0;0;0;0;58;59;57;3;1414;189;0;108.3;7.6;2.5;45.8;30.6;23;19;54.8;10.9;19;16;54.3;13.2;0;0;0
6027;238;238;4;1;0;-1;4;0;0;0;0;0;0;0;0;1;0;52;54;49;2;1783;45;554;93.8;2.0;4.0;32.3;32.3;25;32;43.9;-1.7;21;24;46.7;1.5;1;22;7
6028;241;241;6;1;2;-1;4;1;2;0;0;0;0;4;1;2;4;56;57;55;7;4463;924;162;104.3;2.4;3.2;20.2;41.9;52;91;36.4;-4.0;39;69;36.1;-2.6;0;10;7
6029;237;237;6;0;0;-4;4;0;0;0;0;0;0;2;1;1;4;50;51;50;8;5452;0;555;94.6;1.3;4.0;22.5;35.0;75;80;48.4;-0.8;52;64;44.8;-4.8;0;0;0
6030;231;231;7;0;3;3;0;0;0;0;0;0;0;12;1;1;6;66;57;69;15;6693;70;895;99.4;3.8;2.2;45.2;24.2;131;71;64.9;0.5;102;58;63.7;-1.0;0;0;0
6031;249;249;6;0;1;-1;0;0;1;0;0;0;0;5;2;2;2;56;54;58;8;3508;804;265;95.8;1.0;2.1;31.8;27.7;47;57;45.2;-3.5;37;43;46.3;-0.1;0;71;42
6032;235;235;5;1;2;1;2;0;0;0;1;0;0;6;2;1;7;62;62;59;9;5339;200;580;102.1;2.0;1.3;27.0;24.9;66;82;44.6;-11.6;51;51;50.0;-3.8;0;0;0
6033;245;245;6;0;1;0;2;0;0;0;0;0;0;1;2;0;1;50;50;50;3;2697;203;67;99.5;1.3;1.3;29.4;26.7;36;45;44.4;-11.9;28;38;42.4;-13.0;0;9;3
6034;245;245;5;1;1;2;0;0;0;0;0;0;0;4;1;1;8;60;60;57;5;4787;342;401;104.1;3.0;1.5;33.1;30.1;81;82;49.7;-3.1;59;61;49.2;-2.6;0;0;0
6035;248;248;2;0;1;2;0;0;1;0;0;0;0;3;0;1;1;65;61;72;5;1990;212;214;112.5;3.6;0.0;28.9;28.9;25;40;38.5;1.6;19;30;38.8;2.0;0;0;0
6036;235;235;2;0;0;-3;2;0;0;0;0;0;0;0;0;0;3;52;54;51;1;2026;47;243;96.1;3.6;8.9;26.7;51.5;28;43;39.4;-6.7;22;36;37.9;-5.9;0;0;0
6037;241;241;2;0;1;-2;4;0;0;0;0;0;0;1;2;1;5;55;50;58;2;2024;46;200;100.0;1.8;5.3;17.8;53.4;23;53;30.3;-4.7;16;39;29.1;-7.1;0;0;0
6038;237;237;3;0;0;-2;0;0;0;0;0;0;0;2;0;0;0;47;51;43;0;1206;0;101;87.5;0.0;6.0;3.0;47.8;4;29;12.1;-35.8;4;23;14.8;-33.0;0;3;1
6039;247;247;7;3;7;4;4;1;2;0;0;0;0;7;3;5;5;68;70;60;24;5544;1402;446;104.0;5.2;2.6;34.4;23.4;104;70;59.8;15.8;73;57;56.2;12.6;0;13;10
6040;237;237;6;0;1;0;6;0;0;0;0;0;0;11;0;1;4;58;59;54;5;4901;242;385;103.4;2.9;2.9;22.8;30.9;67;83;44.7;-1.3;47;61;43.5;-2.3;0;8;2
6041;242;242;2;0;1;0;0;0;0;0;0;0;0;1;2;1;3;51;50;53;1;1795;0;88;107.7;2.0;2.0;16.0;42.1;18;39;31.6;-6.6;10;31;24.4;-13.9;0;0;0
6042;239;239;5;1;3;1;0;0;0;0;0;0;0;3;2;1;0;57;58;49;4;5153;604;661;110.4;4.2;3.5;22.4;41.9;69;112;38.1;-1.2;44;79;35.8;-2.2;0;0;0
6043;238;238;5;2;3;-1;2;1;2;0;0;0;0;3;0;0;1;62;61;57;7;2957;1097;122;93.1;4.9;4.9;29.2;20.7;45;41;52.3;4.3;31;30;50.8;1.9;0;62;30
6045;243;243;4;0;0;2;0;0;0;0;0;0;0;1;1;0;0;50;50;49;3;1713;0;0;114.3;4.2;0.0;29.4;21.0;24;25;49.0;11.8;17;15;53.1;16.2;0;0;0
6046;250;250;5;0;0;-3;2;0;0;0;0;0;0;3;1;2;3;52;52;50;3;2500;80;342;90.0;0.0;4.3;17.3;43.2;24;54;30.8;-13.6;17;41;29.3;-17.0;0;30;15
6047;247;247;3;0;2;0;0;0;0;0;0;0;0;0;0;1;1;63;64;52;4;3205;199;324;110.3;6.7;6.7;20.2;29.2;35;43;44.9;-12.7;26;35;42.6;-14.2;0;0;0
6048;249;249;2;0;0;0;0;0;0;0;0;0;0;3;0;1;1;60;58;58;0;1284;266;75;100.0;0.0;0.0;16.8;22.4;19;25;43.2;-11.9;10;14;41.7;-11.3;0;2;1
6049;241;241;7;1;2;-4;2;0;0;0;1;0;0;7;1;3;6;57;57;56;12;4792;240;574;88.8;1.5;5.3;29.3;32.3;64;75;46.0;11.1;51;57;47.2;14.0;0;48;16
6050;247;247;2;0;0;-2;0;0;0;0;0;0;0;1;0;0;1;61;60;58;5;1809;116;301;83.3;0.0;4.0;29.9;23.9;28;18;60.9;9.2;20;15;57.1;7.1;0;0;0
6051;238;238;2;0;0;-2;0;0;0;0;0;0;0;1;1;0;5;53;49;52;2;1736;66;165;89.5;0.0;4.1;14.5;39.4;18;33;35.3;-18.3;10;26;27.8;-26.5;0;0;0
6052;246;246;1;0;0;0;0;0;0;0;0;0;0;0;0;1;0;60;54;63;2;1192;0;58;104.3;3.0;3.0;21.1;30.2;11;13;45.8;-16.7;9;12;42.9;-17.1;0;0;0
6053;242;242;4;3;0;5;2;0;0;0;0;0;0;2;0;2;4;71;69;74;8;3941;95;432;110.6;4.6;0.9;29.2;18.3;61;45;57.5;10.1;42;32;56.8;9.3;0;0;0
6054;240;240;6;3;1;2;4;1;0;0;0;0;0;1;2;2;2;56;56;54;10;2660;356;130;105.7;6.8;4.1;39.2;35.2;49;45;52.1;0.6;35;37;48.6;-2.2;0;41;21
6055;238;238;2;0;2;3;2;0;0;0;0;0;0;1;0;2;1;59;63;49;0;1511;131;0;119.0;11.9;4.8;35.7;33.4;19;36;34.5;-19.9;16;26;38.1;-13.7;0;4;3
6056;238;238;4;1;2;7;2;0;0;0;0;0;0;2;1;1;7;59;58;59;7;4111;386;418;120.0;7.0;0.9;30.6;30.6;64;61;51.2;2.4;49;48;50.5;1.6;0;0;0
6057;247;247;6;2;0;-3;2;0;0;0;0;0;0;5;2;0;3;52;54;48;3;3534;180;214;97.3;4.1;7.1;27.5;40.7;45;59;43.3;-5.5;38;48;44.2;-2.6;0;12;2
6058;237;237;6;4;1;-2;8;1;1;0;0;0;0;12;3;0;2;62;63;58;17;4924;1637;56;98.7;2.2;3.7;24.1;35.1;67;75;47.2;0.0;53;58;47.7;0.5;1;54;25
6059;244;244;3;1;1;2;2;0;0;0;0;0;0;2;0;1;0;55;56;50;5;1911;105;0;116.7;3.8;0.0;22.6;37.7;26;38;40.6;-1.0;19;27;41.3;0.3;0;12;4
6060;248;248;5;0;0;-4;2;0;0;0;0;0;0;2;2;1;3;61;60;61;10;5142;447;129;87.9;2.1;4.9;26.6;24.5;78;82;48.8;2.7;54;64;45.8;-2.2;0;0;0
6061;241;241;2;1;2;2;2;0;0;1;0;0;0;0;3;0;0;60;61;55;2;1965;6;290;112.9;3.7;1.8;20.2;34.8;21;35;37.5;-5.2;16;28;36.4;-2.2;0;0;0
6062;248;248;2;0;0;0;0;0;0;0;0;0;0;0;0;0;1;55;56;53;2;1586;149;244;100.0;0.0;0.0;49.9;27.2;36;28;56.3;27.4;26;19;57.8;28.7;0;7;4
6063;244;244;4;0;0;-4;2;0;0;0;0;0;0;1;1;0;0;48;50;42;1;1851;43;0;81.0;0.0;7.8;9.7;40.8;14;44;24.1;-31.1;12;33;26.7;-30.7;0;3;3
6064;250;250;3;0;1;0;0;0;0;0;0;0;0;0;0;0;1;49;54;45;0;1565;0;230;115.9;4.6;4.6;18.4;50.6;11;35;23.9;-25.9;9;27;25.0;-24.7;0;2;0
6065;250;250;6;1;2;3;0;1;1;0;0;0;0;4;1;1;1;59;58;55;5;3706;962;276;112.1;3.9;1.0;26.2;35.9;51;66;43.6;-2.4;41;48;46.1;0.4;0;53;25
6066;234;234;4;0;0;-3;0;0;0;0;0;0;0;0;1;0;0;48;49;45;0;1927;0;0;78.6;0.0;5.6;29.9;26.2;36;32;52.9;-12.6;25;24;51.0;-14.4;0;0;0
6067;245;245;6;1;0;-7;2;0;0;0;0;0;0;1;1;2;1;59;64;47;14;4466;359;102;82.2;1.6;7.3;38.7;33.0;81;77;51.3;-1.8;61;60;50.4;-0.9;0;2;0
6068;248;248;4;0;1;1;2;0;0;0;0;0;0;3;0;3;9;57;52;60;0;3757;0;178;107.5;3.8;2.9;25.9;39.3;44;83;34.6;-15.9;35;59;37.2;-13.3;0;0;0
6069;244;244;3;3;0;3;12;0;0;0;0;0;0;3;0;0;1;59;61;48;4;2423;168;0;116.3;5.9;1.5;28.2;31.2;27;41;39.7;-11.9;23;31;42.6;-12.3;0;5;4
6070;237;237;6;0;4;3;2;0;1;0;0;0;0;2;0;1;2;60;59;58;11;3734;932;0;110.7;2.9;0.0;27.0;24.1;54;49;52.4;0.9;36;36;50.0;-1.5;0;42;19
6071;234;234;5;2;1;4;2;0;0;0;0;0;0;2;1;0;3;58;59;56;20;4998;404;537;108.6;5.0;2.2;32.4;31.0;96;74;56.5;-8.0;66;56;54.1;-9.3;1;0;0
6072;250;250;6;1;1;-3;18;1;1;0;0;0;0;3;3;2;5;58;57;61;12;5544;643;554;97.9;1.3;3.2;21.4;39.6;69;99;41.1;-6.4;51;74;40.8;-7.1;1;0;0
6073;231;231;2;0;0;-1;2;0;0;0;0;0;0;0;0;0;0;50;52;46;2;858;0;0;85.7;0.0;4.2;25.2;29.4;12;12;50.0;-8.2;9;10;47.4;-10.2;0;2;2
6074;235;235;4;1;1;1;0;0;0;0;0;0;0;7;1;1;0;57;57;51;8;2801;181;62;105.5;2.6;1.3;25.7;28.3;34;39;46.6;-1.4;26;30;46.4;-1.9;0;4;1
6075;237;237;2;1;0;0;2;0;0;0;0;0;0;1;0;0;1;54;51;54;2;1818;0;172;106.8;2.0;2.0;17.8;45.5;20;37;35.1;-2.2;17;29;37.0;-2.1;0;0;0
6076;237;237;5;1;1;3;2;0;0;0;0;0;0;2;2;3;0;54;57;53;9;4164;0;478;106.5;4.3;1.7;31.1;23.3;65;56;53.7;3.2;53;41;56.4;6.8;0;11;3
6077;248;248;6;3;1;-1;2;2;0;0;0;0;0;2;1;1;2;60;61;54;10;4008;457;144;96.3;1.8;2.7;33.2;29.6;60;69;46.5;0.8;48;54;47.1;1.1;0;66;34
6078;249;249;7;1;3;0;0;0;0;0;0;0;0;7;2;0;1;60;61;53;11;5087;446;155;100.0;2.8;2.8;28.3;28.3;87;83;51.2;0.3;58;65;47.2;-3.8;0;91;55
6079;248;248;6;3;2;-1;12;1;1;0;0;0;0;6;2;1;12;65;65;61;18;5270;983;732;101.1;3.4;4.1;24.6;32.1;70;104;40.2;-5.1;47;73;39.2;-7.0;1;76;39
6080;243;243;5;0;0;2;2;0;0;0;0;0;0;1;1;1;0;53;55;49;4;3329;391;115;107.5;4.3;2.2;31.4;34.6;52;52;50.0;2.6;42;39;51.9;3.6;0;2;1
6081;250;250;6;5;7;2;4;1;3;0;0;0;0;4;2;2;4;72;73;61;15;5074;959;360;105.8;6.4;4.3;33.3;31.9;76;82;48.1;6.8;60;61;49.6;10.1;0;15;9
6082;241;241;3;0;3;2;12;0;0;0;0;0;0;4;1;2;9;71;65;81;5;2729;273;372;106.3;2.6;1.3;23.7;27.7;39;34;53.4;17.6;29;26;52.7;20.9;0;0;0
6083;248;248;5;1;1;-4;2;0;0;0;0;0;0;3;1;2;4;62;63;52;8;4553;999;75;87.6;0.8;4.0;24.5;25.3;68;70;49.3;3.3;45;48;48.4;1.6;0;4;2
6084;244;244;7;0;4;-2;4;0;2;0;0;0;0;4;1;4;11;61;59;65;5;5495;1016;136;100.4;2.6;3.9;21.6;33.4;65;109;37.4;-10.7;50;77;39.4;-9.5;0;27;16
6086;232;232;4;0;0;-7;2;0;0;0;0;0;0;2;0;1;0;49;51;44;2;1421;281;0;63.2;0.0;17.7;10.1;48.1;12;30;28.6;-22.9;9;23;28.1;-25.7;0;9;4
6087;245;245;7;2;0;-5;0;0;0;0;0;0;0;6;1;2;8;63;64;55;17;5612;1232;594;93.5;1.3;3.8;28.9;35.3;82;100;45.1;-11.6;60;82;42.3;-14.5;0;10;2
6088;231;231;7;2;3;6;2;0;0;0;1;0;0;8;2;3;7;74;71;68;19;6193;243;1216;105.5;3.5;0.6;43.6;23.3;129;65;66.5;2.8;99;52;65.6;1.7;0;92;54
6089;232;232;7;0;1;-7;0;0;0;0;0;0;0;0;2;0;7;57;57;53;7;4157;360;455;77.6;0.9;6.9;25.1;26.8;63;60;51.2;2.1;42;42;50.0;-0.7;0;35;20
6090;238;238;7;4;0;-2;4;0;0;0;0;0;0;5;2;1;8;58;59;51;14;4841;941;160;100.4;3.7;4.5;25.3;31.2;61;92;39.9;-11.8;44;63;41.1;-10.3;0;77;45
6091;240;240;5;0;0;-1;6;0;0;0;0;0;0;5;1;5;10;58;51;59;5;4463;154;826;97.1;2.4;3.2;24.2;25.0;63;56;52.9;0.6;43;41;51.2;0.3;0;0;0
6092;233;233;5;0;2;-1;0;0;0;0;0;0;0;6;0;1;3;62;63;57;10;3441;88;483;90.7;3.1;4.2;42.9;25.1;72;41;63.7;7.6;54;30;64.3;5.6;0;42;19
6093;241;241;6;0;1;-5;2;0;0;0;0;0;0;4;2;1;7;50;51;49;5;5256;454;280;97.4;0.7;3.4;15.1;47.9;44;122;26.5;-14.3;31;93;25.0;-16.6;0;7;1
6094;246;246;7;0;3;-1;2;0;1;0;0;0;0;4;0;1;5;62;62;60;6;4741;507;486;93.0;1.5;2.3;25.1;17.5;69;53;56.6;2.8;55;37;59.8;3.2;0;2;1
6095;248;248;5;0;2;-1;2;0;1;0;0;0;0;2;1;1;2;56;57;54;5;3168;319;361;102.2;3.4;4.5;23.9;37.5;41;71;36.6;-9.3;28;52;35.0;-10.6;0;69;34
6096;240;240;7;2;2;3;0;1;0;0;0;0;0;4;1;2;4;58;58;55;8;3641;568;224;109.5;4.9;2.0;29.7;27.7;52;49;51.5;-1.9;41;41;50.0;-2.7;0;45;24
6097;232;232;2;0;0;0;2;0;0;0;0;0;0;3;1;0;1;54;55;51;3;1435;100;78;98.9;2.5;2.5;45.2;37.6;30;21;58.8;11.1;25;16;61.0;11.5;0;0;0
6098;237;237;7;1;0;-2;8;0;0;0;0;0;0;11;0;4;5;54;55;53;15;6701;517;370;98.0;1.6;2.7;28.5;34.9;107;109;49.5;1.7;81;84;49.1;1.4;0;0;0
6099;244;244;6;1;2;-5;6;0;1;0;0;0;0;9;0;2;0;58;57;56;11;4052;618;302;90.9;1.8;6.2;24.9;38.2;52;68;43.3;-3.2;43;57;43.0;-4.7;0;58;27
6100;243;243;4;0;2;3;0;0;0;0;0;0;0;4;1;0;5;69;53;70;7;3718;44;405;107.1;5.8;2.9;28.1;21.3;53;57;48.2;6.4;42;40;51.2;7.1;0;0;0
6101;241;241;2;1;1;3;0;0;0;0;0;0;0;3;1;0;3;58;57;60;3;1950;22;286;121.4;5.5;0.0;25.8;25.8;19;31;38.0;7.0;15;21;41.7;12.1;0;0;0
6102;246;246;7;3;2;1;0;1;0;0;0;0;0;8;1;0;3;61;62;52;11;4931;585;210;101.3;2.9;2.2;21.2;17.5;63;56;52.9;-1.7;48;42;53.3;-4.8;1;84;40
6103;238;238;5;1;3;-1;4;0;2;0;0;0;0;6;1;0;1;61;61;53;11;3171;622;159;118.2;3.4;3.4;12.5;37.5;33;62;34.7;-17.5;22;46;32.4;-22.1;0;57;27
6104;242;242;5;1;0;0;0;0;0;0;0;0;0;1;0;0;2;53;54;48;2;2312;155;261;101.0;4.7;4.7;26.5;28.0;31;43;41.9;-10.7;24;29;45.3;-4.9;0;16;8
6106;233;233;4;0;1;1;0;0;0;0;0;0;0;3;0;0;2;61;61;57;5;1778;295;0;100.9;4.0;2.0;50.6;28.3;35;22;61.4;2.4;27;18;60.0;-2.3;0;8;4
6107;249;249;5;1;1;3;2;0;0;0;0;0;0;9;1;3;8;66;62;67;8;4575;372;394;103.5;3.9;1.6;32.3;18.1;75;60;55.6;8.5;52;38;57.8;13.2;0;0;0
6108;246;246;7;1;3;2;2;0;1;0;0;0;0;11;2;2;2;61;62;54;13;5767;1621;4;100.3;3.1;1.9;36.2;22.5;101;71;58.7;6.1;83;51;61.9;6.7;0;1;1
6109;238;238;5;0;2;-1;2;0;0;0;0;0;0;4;2;3;5;62;54;66;9;4330;180;476;107.2;4.2;5.0;20.0;36.6;45;85;34.6;-16.4;34;66;34.0;-18.6;0;0;0
6111;248;248;5;1;1;1;2;0;0;0;0;0;0;7;4;0;1;55;54;53;10;3926;509;156;105.8;2.8;1.8;24.8;34.8;46;68;40.4;-0.0;38;54;41.3;1.2;0;14;10
6112;233;233;5;1;1;-4;6;1;1;0;0;0;0;2;3;1;12;62;53;68;13;4741;620;603;89.2;1.5;4.6;33.4;29.6;74;64;53.6;-1.7;61;48;56.0;-1.4;0;0;0
6113;243;243;7;2;1;0;2;0;0;0;0;0;0;10;1;2;3;60;60;55;8;4442;868;568;97.3;4.9;4.9;25.9;22.7;56;68;45.2;-1.0;44;43;50.6;4.4;1;80;39
6114;236;236;5;0;0;2;2;0;0;0;0;0;0;9;1;0;8;59;51;64;5;3989;113;954;109.1;1.8;0.0;19.9;32.5;51;57;47.2;-2.6;34;48;41.5;-6.8;0;0;0
6115;231;231;6;2;1;3;2;1;0;0;0;0;0;3;1;1;0;59;61;55;9;4642;346;637;102.0;3.1;0.8;45.8;16.3;107;41;72.3;9.7;81;33;71.1;8.0;0;5;1
6116;240;240;4;0;0;0;0;0;0;0;0;0;0;1;0;1;0;59;60;55;7;2971;211;718;100.0;1.2;1.2;21.8;21.8;42;37;53.2;0.8;36;25;59.0;8.8;0;0;0
6117;241;241;4;3;1;2;4;0;1;0;0;0;0;5;1;1;12;70;66;79;8;4059;991;270;120.7;4.4;1.8;17.7;41.7;29;86;25.2;-17.5;21;66;24.1;-17.1;0;0;0
6118;250;250;5;0;1;-1;2;0;1;0;0;0;0;6;0;3;0;59;59;56;4;3468;549;31;97.7;1.0;2.1;30.1;36.3;51;58;46.8;2.4;43;46;48.3;4.8;0;3;1
6120;238;238;5;0;4;1;4;0;2;0;0;0;0;5;1;2;7;64;65;63;14;4426;992;438;98.4;3.3;2.4;28.5;18.7;76;60;55.9;10.8;52;33;61.2;16.3;0;0;0
6121;245;245;5;0;0;2;0;0;0;0;0;0;0;2;2;2;4;62;60;66;11;4676;709;566;102.5;2.3;0.8;33.9;17.7;80;57;58.4;5.3;58;44;56.9;4.1;0;0;0
6122;244;244;7;1;4;-3;5;0;0;0;0;1;0;11;5;5;5;66;60;64;15;6492;87;992;95.2;2.2;3.9;20.0;24.4;79;96;45.1;-0.1;60;64;48.4;2.8;0;44;25
6123;233;233;7;2;4;5;0;0;0;0;0;0;0;5;1;2;6;61;63;49;19;5967;525;0;105.4;5.4;2.4;37.4;26.5;123;77;61.5;4.7;87;56;60.8;0.7;0;4;1
6124;236;236;7;3;1;4;6;1;0;0;0;0;0;6;2;1;2;59;61;49;13;5453;645;34;111.4;4.6;2.0;27.7;37.6;76;91;45.5;-5.6;54;67;44.6;-4.3;0;5;4
6125;250;250;6;1;0;-2;6;0;0;0;0;0;0;3;3;1;8;56;55;62;5;5333;701;725;102.3;2.0;3.4;18.2;38.5;55;85;39.3;-8.3;39;68;36.4;-12.8;0;0;0
6126;241;241;2;1;0;0;0;0;0;0;0;0;0;2;1;0;3;61;59;66;7;1620;774;196;103.6;6.7;6.7;26.7;31.1;19;32;37.3;-0.5;12;21;36.4;-2.6;0;0;0
6127;242;242;2;0;0;0;0;0;0;0;0;0;0;2;0;0;0;55;55;51;2;564;0;63;100.0;0.0;0.0;19.1;12.8;8;7;53.3;-4.8;7;3;70.0;13.5;0;4;3
6129;249;249;6;1;1;-2;0;1;0;0;0;0;0;5;1;2;5;63;64;52;12;5800;639;603;92.5;2.5;3.7;32.9;24.8;93;90;50.8;-3.3;73;62;54.1;2.8;0;0;0
6130;239;239;7;1;3;1;4;0;0;0;0;0;0;6;2;0;7;57;56;57;9;4706;941;204;101.3;5.4;4.6;30.6;28.3;66;81;44.9;3.4;49;59;45.4;3.8;0;56;25
6131;234;234;7;0;0;1;0;0;0;0;0;0;0;3;1;2;2;55;53;56;5;2967;346;181;102.1;2.4;1.2;34.0;24.3;57;37;60.6;-1.8;40;28;58.8;-2.5;0;34;17
6132;238;238;5;1;3;3;0;0;0;0;0;0;0;6;1;4;4;59;54;62;7;4650;81;727;110.2;5.4;3.1;27.1;31.7;67;71;48.6;-4.6;45;55;45.0;-8.4;0;0;0
6133;246;246;7;2;1;0;2;0;0;0;0;0;0;5;0;1;3;57;58;52;11;5627;414;148;96.0;3.2;3.2;37.7;25.6;112;79;58.6;6.3;90;51;63.8;9.6;0;92;46
6134;240;240;7;0;5;0;4;0;1;0;0;0;0;5;1;2;1;61;57;62;10;6383;483;643;97.1;3.9;3.9;28.8;23.7;99;73;57.6;6.4;77;53;59.2;10.0;0;0;0
6135;249;249;5;0;1;0;2;0;0;0;0;0;0;7;3;1;13;59;57;69;7;4510;592;580;97.0;2.4;2.4;35.9;24.7;79;69;53.4;-0.1;54;47;53.5;1.6;0;0;0
6136;239;239;7;0;4;0;2;0;2;0;0;0;0;3;0;1;0;59;61;52;8;4728;647;331;101.3;3.8;3.8;32.0;35.8;71;87;44.9;3.6;56;67;45.5;4.1;0;46;26
6137;247;247;6;2;1;-2;4;1;1;0;0;0;0;7;4;0;4;59;60;54;14;5377;522;677;92.5;3.3;4.7;34.8;27.5;96;79;54.9;8.8;67;53;55.8;11.2;0;0;0
6138;240;240;4;0;1;-2;4;0;0;0;0;0;0;5;1;1;4;61;55;66;8;4313;297;346;96.9;1.7;3.3;24.2;33.4;51;71;41.8;-18.5;37;60;38.1;-20.0;0;0;0
6140;233;233;4;2;2;3;0;1;0;0;0;0;0;1;0;0;3;61;63;50;4;2863;253;24;109.3;5.0;1.3;31.4;18.9;47;39;54.7;4.3;36;24;60.0;9.5;1;0;0
6143;242;242;2;1;1;1;0;0;0;0;0;0;0;1;0;0;2;67;64;72;3;1922;23;129;106.9;3.7;1.9;30.0;33.7;27;32;45.8;11.3;19;24;44.2;10.1;0;0;0
6144;241;241;6;0;1;-4;0;0;1;0;0;0;0;3;2;0;3;54;56;47;6;3906;297;524;102.2;3.7;7.4;20.3;46.1;43;86;33.3;-5.2;31;68;31.3;-6.6;0;56;26
6145;238;238;5;1;2;6;0;0;0;0;0;0;0;5;1;0;1;59;60;56;8;2732;348;86;112.6;9.2;1.3;40.8;13.2;47;28;62.7;13.4;35;17;67.3;19.7;0;5;2
6146;238;238;5;1;1;2;16;0;0;0;0;0;0;5;2;0;0;53;54;49;3;2823;352;0;113.9;7.7;3.8;30.6;34.4;37;61;37.8;-12.7;29;46;38.7;-11.7;1;0;0
6147;234;234;6;0;0;-2;0;0;0;0;0;0;0;2;0;0;1;50;51;47;4;1848;0;0;80.3;1.9;5.8;37.0;23.4;32;21;60.4;-0.6;25;17;59.5;-0.6;0;0;0
6148;244;244;6;0;1;-3;4;0;0;0;0;0;0;5;2;0;5;57;50;57;4;5909;45;660;98.4;3.0;4.9;22.5;32.3;87;104;45.5;0.6;61;69;46.9;1.4;0;0;0
6149;244;244;6;1;0;-2;2;0;0;0;0;0;0;2;1;2;2;56;53;57;7;5922;112;500;96.5;1.2;2.4;24.3;28.6;76;88;46.3;3.4;56;68;45.2;0.3;0;0;0
6151;241;241;6;1;1;2;2;0;0;0;0;0;0;4;0;0;4;54;55;53;5;3373;348;150;111.9;3.2;1.1;22.4;44.8;39;67;36.8;-1.1;26;52;33.3;-3.7;0;31;14
6153;231;231;1;1;0;1;0;0;0;0;0;0;0;0;0;0;0;56;63;38;1;999;0;0;120.8;10.8;7.2;28.8;43.2;13;17;43.3;-24.1;11;15;42.3;-25.3;0;0;0
6154;238;238;4;0;1;2;0;0;0;0;0;0;0;4;0;0;2;53;56;50;7;3548;223;195;111.5;6.1;3.0;26.4;26.4;55;43;56.1;8.9;40;30;57.1;10.3;0;0;0
6155;248;248;1;0;0;1;0;0;0;0;0;0;0;0;0;0;1;53;53;52;1;364;68;0;150.0;9.9;0.0;19.8;9.9;3;3;50.0;17.4;2;2;50.0;19.1;0;1;0
6156;241;241;5;2;2;1;0;0;1;0;0;0;0;3;2;0;0;57;61;49;11;3961;833;133;114.0;4.5;2.7;21.8;40.0;41;71;36.6;0.7;31;55;36.0;-0.4;0;1;0
6157;247;247;4;0;2;-5;0;0;0;0;0;0;0;1;0;1;1;57;61;45;7;3611;99;285;93.9;4.0;9.0;26.9;42.9;48;62;43.6;-12.5;41;53;43.6;-10.1;0;0;0
6158;242;242;1;0;0;0;0;0;0;0;0;0;0;1;0;0;1;52;51;56;2;244;0;35;100.0;0.0;0.0;59.0;14.8;6;4;60.0;35.0;4;2;66.7;43.9;0;0;0
6159;232;232;5;3;2;-1;0;0;1;0;0;0;0;3;2;0;0;57;61;48;8;3429;624;134;100.1;4.2;5.2;24.1;30.4;35;60;36.8;-9.9;30;44;40.5;-5.5;0;1;0
6160;240;240;2;0;0;-2;0;0;0;0;0;0;0;0;0;0;0;48;50;40;0;815;0;17;108.3;4.4;13.3;13.3;53.0;9;20;31.0;-28.6;5;16;23.8;-36.9;0;1;1
6161;234;234;1;0;0;1;0;0;0;0;0;0;0;1;0;0;0;60;61;52;2;937;0;54;111.1;3.8;0.0;34.6;11.5;15;6;71.4;13.1;12;5;70.6;12.8;0;0;0
6162;244;244;6;0;1;-2;4;0;1;0;0;0;0;2;0;0;3;54;55;51;4;3288;387;57;99.8;1.1;3.3;15.3;44.9;25;86;22.5;-25.2;19;64;22.9;-25.9;0;37;19
6163;250;250;5;0;1;3;0;0;0;0;0;0;0;1;4;1;2;55;48;59;7;5010;12;1147;112.6;5.0;2.9;24.4;35.9;65;92;41.4;1.1;46;67;40.7;0.7;0;0;0
6164;239;239;4;2;0;1;4;0;0;0;0;0;0;0;1;0;1;53;54;46;3;1628;0;0;108.1;6.6;4.4;31.0;33.2;20;29;40.8;-5.5;15;22;40.5;-7.4;0;0;0
6165;236;236;7;0;0;-2;0;0;0;0;0;0;0;3;1;1;0;51;52;49;2;3079;155;68;101.0;1.2;3.5;15.2;52.6;29;70;29.3;-24.3;19;58;24.7;-27.9;0;27;12
6166;250;250;5;1;0;-1;6;0;0;0;0;0;0;5;1;0;1;53;54;50;4;3453;382;0;103.3;3.1;4.2;19.8;33.4;40;61;39.6;-5.6;28;49;36.4;-10.0;0;26;15
6167;232;232;6;0;0;-4;2;0;0;0;0;0;0;2;1;2;2;50;50;50;0;2588;284;75;78.9;0.0;5.6;15.3;26.4;29;43;40.3;-13.1;22;31;41.5;-12.8;0;15;5
6168;236;236;7;0;0;1;6;0;0;0;0;0;0;1;2;1;0;52;49;52;1;3274;0;279;118.8;3.3;2.2;13.2;35.2;37;49;43.0;-7.6;21;41;33.9;-16.1;0;1;0
6169;246;246;3;1;0;3;0;0;0;0;0;0;0;1;2;1;7;57;56;61;4;2728;18;201;110.3;4.0;0.0;38.3;15.8;42;32;56.8;9.3;39;19;67.2;16.5;0;0;0
6170;233;233;6;0;1;1;14;0;0;0;0;0;0;5;2;0;2;59;51;65;9;5465;499;496;98.2;3.3;2.6;37.5;25.0;94;71;57.0;-3.5;75;50;60.0;-1.5;0;0;0
6171;233;233;2;0;0;0;0;0;0;0;0;0;0;0;0;0;0;50;51;48;0;724;0;265;100.0;0.0;0.0;14.9;44.8;5;13;27.8;-33.8;3;11;21.4;-43.2;0;8;4
6172;246;246;3;0;2;0;0;0;0;0;0;0;0;2;3;1;4;61;46;64;3;2627;0;562;97.6;4.1;4.1;28.8;24.7;46;44;51.1;-4.4;31;26;54.4;0.8;0;0;0
6173;244;244;6;0;3;2;6;0;0;0;0;0;0;20;1;1;8;68;60;68;11;4862;145;574;106.4;3.0;1.5;28.1;35.5;69;86;44.5;0.8;52;58;47.3;3.2;0;77;39
6175;242;242;5;0;0;-2;0;0;0;0;0;0;0;3;2;1;2;50;50;48;1;2190;0;0;93.3;1.6;4.9;16.4;29.6;22;42;34.4;-15.0;15;26;36.6;-10.2;0;6;3
6177;234;234;4;1;3;3;0;0;0;0;0;0;0;3;1;0;0;55;58;47;5;3661;122;167;105.4;4.9;2.0;38.4;26.6;80;42;65.6;3.6;58;34;63.0;2.5;1;3;2
6178;241;241;3;0;1;-2;0;0;1;0;0;0;0;0;2;0;0;51;50;51;3;2219;414;204;90.0;0.0;3.2;19.5;32.4;27;31;46.6;7.3;16;23;41.0;3.9;0;0;0
6179;239;239;4;0;1;1;2;0;0;0;0;0;0;1;1;0;0;52;52;50;1;2418;87;0;110.8;3.0;1.5;19.4;32.8;25;43;36.8;-7.6;17;29;37.0;-7.2;0;0;0
6180;248;248;2;0;0;0;0;0;0;0;0;0;0;1;0;0;1;53;53;50;0;1725;102;158;108.4;2.1;2.1;14.6;35.5;15;28;34.9;-5.4;11;22;33.3;-5.1;0;1;1
6183;237;237;1;0;0;-1;0;0;0;0;0;0;0;2;0;0;0;48;52;46;1;928;70;82;85.7;0.0;3.9;27.2;27.2;15;20;42.9;-4.1;12;12;50.0;3.8;0;0;0
6184;246;246;7;0;1;1;0;0;0;0;0;0;0;3;0;0;1;52;52;49;6;3030;85;355;101.6;3.6;2.4;33.3;26.1;49;43;53.3;-1.3;38;29;56.7;-0.6;0;16;10
6185;238;238;6;1;7;-1;2;0;0;0;1;0;0;4;1;1;5;59;51;59;12;6676;29;1289;96.3;4.9;5.9;29.1;29.1;93;93;50.0;6.1;77;74;51.0;6.7;0;0;0
6186;248;248;1;0;0;-1;0;0;0;0;0;0;0;0;0;0;3;55;53;59;0;953;0;156;94.7;0.0;3.8;7.6;71.8;9;36;20.0;-24.6;5;26;16.1;-27.8;0;0;0
6187;244;244;1;0;0;-1;0;0;0;0;0;0;0;0;0;0;0;45;50;45;2;491;0;38;85.7;0.0;7.3;44.0;51.3;7;13;35.0;-12.7;7;11;38.9;-11.9;0;0;0
6188;241;241;7;0;1;1;6;0;0;0;0;0;0;4;1;1;1;53;53;52;4;4209;221;70;107.3;2.6;1.7;23.1;44.5;47;91;34.1;-4.4;36;68;34.6;-2.5;0;21;10
6189;233;233;3;1;0;2;0;0;0;0;0;0;0;2;0;0;2;56;52;56;7;2799;0;188;103.1;3.9;1.3;41.2;20.6;54;32;62.8;1.0;42;24;63.6;-0.3;0;0;0
6190;237;237;5;0;1;-1;2;0;1;0;0;0;0;7;1;4;0;71;51;73;5;5138;62;709;99.5;2.8;3.5;25.2;30.1;75;72;51.0;-2.8;54;55;49.5;-3.6;0;0;0
6191;242;242;1;0;0;-2;0;0;0;0;0;0;0;0;0;1;2;67;50;70;0;928;0;213;81.8;0.0;7.8;11.6;42.7;9;17;34.6;8.2;5;13;27.8;1.9;0;0;0
6192;238;238;4;0;1;1;2;0;0;0;1;0;0;2;2;1;1;54;53;57;1;2118;162;173;102.1;3.4;3.4;22.1;25.5;26;33;44.1;-5.6;19;25;43.2;-8.4;0;18;11
6193;248;248;5;0;0;1;2;0;0;0;0;0;0;4;0;2;18;65;52;66;5;5137;15;826;99.5;2.8;2.1;35.7;25.2;83;86;49.1;4.8;59;67;46.8;0.2;0;0;0
6194;239;239;6;0;2;-1;2;0;0;0;0;0;0;5;1;1;1;51;52;49;2;2908;0;735;106.6;2.5;3.7;13.6;32.2;21;49;30.0;-10.9;16;37;30.2;-10.1;0;22;5
6195;237;237;6;0;1;-3;0;0;0;0;0;0;0;3;0;5;0;57;57;56;6;3738;56;929;95.2;1.9;4.8;26.0;39.5;53;66;44.5;-3.4;43;53;44.8;-3.5;0;40;24
6197;233;233;7;0;2;6;4;0;0;0;0;0;0;10;2;2;13;72;52;75;5;6711;228;1296;109.9;4.3;1.1;29.5;23.1;121;75;61.7;4.9;86;56;60.6;0.3;0;0;0
6198;248;248;7;0;3;-2;2;0;1;0;0;0;0;9;0;1;5;59;58;59;9;4759;684;136;94.9;2.3;3.0;34.0;25.7;72;72;50.0;7.5;53;52;50.5;8.0;0;57;34
6199;249;249;5;0;0;-3;0;0;0;0;0;0;0;1;1;0;4;52;51;49;4;1850;32;605;82.4;0.0;5.8;23.4;33.1;23;30;43.4;-13.2;17;23;42.5;-13.7;0;12;5
6200;247;247;5;0;0;-4;4;0;0;0;0;0;0;1;2;1;6;51;52;49;6;3798;0;802;92.8;1.9;5.7;25.6;38.9;54;70;43.5;-3.7;39;56;41.1;-5.2;0;0;0
6201;240;240;6;1;1;0;4;0;0;0;0;0;0;5;0;3;8;67;64;69;7;4430;69;1399;98.3;2.4;2.4;26.0;21.9;65;56;53.7;1.3;51;37;58.0;7.8;0;68;33
6202;241;241;7;2;3;-3;4;0;2;0;0;0;0;5;0;3;2;60;60;55;13;4587;926;521;97.8;2.4;3.9;23.5;32.2;54;72;42.9;6.8;35;51;40.7;5.1;0;73;36
6203;242;242;1;0;0;0;0;0;0;0;0;0;0;0;0;1;0;63;55;67;0;230;0;227;100.0;0.0;0.0;47.0;15.7;4;4;50.0;23.3;3;2;60.0;36.1;0;1;0
6204;247;247;5;0;1;1;2;0;0;0;0;0;0;3;1;5;0;56;53;57;7;1892;291;560;106.9;3.8;1.9;30.4;34.2;23;38;37.7;-10.3;17;25;40.5;-5.7;0;6;3
6205;241;241;2;0;0;0;0;0;0;0;0;0;0;1;0;0;5;56;51;60;1;1641;0;444;100.0;2.2;2.2;24.1;24.1;23;27;46.0;11.6;17;17;50.0;16.0;0;0;0
6207;235;235;1;0;1;1;0;0;0;0;0;0;0;2;1;0;0;52;50;51;0;390;47;0;125.0;9.2;0.0;36.9;9.2;4;4;50.0;13.0;4;3;57.1;20.8;0;3;1
6208;246;246;7;0;0;-5;4;0;0;0;0;0;0;6;2;0;9;53;53;50;6;4753;15;695;80.9;0.8;4.5;18.9;19.7;58;63;47.9;-8.0;42;43;49.4;-9.6;0;26;12
6209;245;245;2;0;0;1;0;0;0;0;0;0;0;0;0;1;0;52;52;52;0;614;0;0;150.0;5.9;0.0;11.7;35.2;5;13;27.8;-24.5;4;11;26.7;-25.0;0;0;0
6210;241;241;4;0;1;0;0;0;0;0;0;0;0;1;3;1;1;49;49;47;1;2939;340;38;103.7;4.9;4.9;25.7;31.8;34;50;40.5;7.1;23;35;39.7;5.8;0;1;1
6211;235;235;4;1;1;2;2;0;0;0;0;0;0;8;0;0;3;56;56;56;7;3524;89;644;110.2;3.1;1.0;23.5;35.8;51;54;48.6;-3.0;36;42;46.2;-6.5;0;0;0
6212;245;245;4;0;0;-4;2;0;0;0;0;0;0;2;1;1;2;52;52;51;0;3248;0;287;86.7;0.0;4.4;20.0;33.3;38;57;40.0;-18.8;27;42;39.1;-18.1;0;0;0
6213;235;235;4;0;1;0;2;0;0;0;0;0;0;2;0;0;0;54;56;49;5;1893;12;729;101.9;1.9;1.9;28.5;39.9;27;38;41.5;-10.5;18;27;40.0;-11.9;0;10;5
6214;236;236;7;0;1;-4;0;0;0;0;0;0;0;7;1;1;2;52;53;49;3;3520;0;623;90.9;0.0;4.1;11.3;45.0;27;69;28.1;-25.5;17;59;22.4;-30.6;0;16;4
6215;245;245;5;0;1;-3;4;0;0;0;0;0;0;1;1;1;1;56;57;54;13;3523;489;6;88.5;0.0;3.1;28.6;26.6;45;57;44.1;-11.4;37;39;48.7;-5.4;0;26;16
6216;233;233;6;1;3;4;4;0;0;0;0;0;0;15;1;2;5;67;63;66;7;5076;81;714;106.7;4.3;1.4;34.8;25.5;99;55;64.3;6.8;74;41;64.3;4.6;0;77;39
6217;240;240;3;0;0;0;0;0;0;0;0;0;0;1;0;0;0;52;56;46;2;1459;0;16;104.3;7.4;7.4;32.1;39.5;19;24;44.2;-15.6;14;20;41.2;-19.9;0;0;0
6218;244;244;2;0;0;0;0;0;0;0;0;0;0;0;1;0;1;52;47;53;0;1592;0;376;113.3;2.3;2.3;11.3;33.9;11;33;25.0;-26.4;9;25;26.5;-24.0;0;0;0
6219;247;247;6;1;1;-1;2;0;0;0;1;0;0;3;1;1;3;59;58;57;7;3076;55;1291;96.8;3.5;5.9;35.1;44.5;40;57;41.2;-11.3;37;46;44.6;-5.6;1;33;12
6220;248;248;3;0;1;-1;0;0;0;0;0;0;0;0;0;0;0;50;52;45;1;1124;0;0;83.9;3.2;6.4;25.6;22.4;12;17;41.4;5.8;9;12;42.9;7.7;0;0;0
6221;249;249;4;0;0;-3;4;0;0;0;0;0;0;4;2;0;0;51;53;45;1;2802;0;376;88.2;1.3;5.1;23.1;29.6;42;39;51.9;1.9;26;28;48.1;-0.6;0;4;1
6222;232;232;7;2;2;0;0;0;0;0;0;0;0;5;1;2;5;60;56;59;10;4802;251;1223;104.0;1.5;0.7;20.2;21.7;61;66;48.0;-2.0;44;48;47.8;-3.4;0;79;34
6223;238;238;6;1;5;2;2;1;4;0;0;0;0;6;0;2;1;66;67;60;19;4873;1457;0;104.2;4.4;3.0;29.6;27.3;72;63;53.3;9.1;56;52;51.9;6.6;0;16;3
6224;233;233;1;0;0;0;0;0;0;0;0;0;0;0;0;0;0;53;53;51;0;445;26;0;100.0;0.0;0.0;24.3;24.3;3;5;37.5;-36.9;3;4;42.9;-34.1;0;0;0
6225;232;232;6;0;1;-1;2;0;0;0;0;0;0;2;0;2;9;59;52;60;2;5069;0;964;100.1;2.1;2.8;24.9;33.4;69;96;41.8;-8.0;50;66;43.1;-6.7;0;0;0
6226;231;231;2;0;0;1;2;0;0;0;0;0;0;1;0;1;1;57;57;60;4;1931;178;72;107.0;5.6;3.7;37.3;46.6;32;33;49.2;-14.7;26;30;46.4;-16.7;0;0;0
6227;243;243;3;0;0;3;4;0;0;0;0;0;0;2;0;1;3;63;52;65;3;1941;0;727;117.6;5.6;0.0;31.5;29.7;35;35;50.0;-3.7;27;24;52.9;-3.4;0;0;0
6228;246;246;3;0;0;2;0;0;0;0;0;0;0;3;2;2;7;60;58;66;5;2965;66;283;109.9;4.9;2.4;23.1;21.9;37;39;48.7;-11.8;28;26;51.9;-7.7;0;0;0
6229;242;242;3;2;2;2;2;0;1;0;0;0;0;5;2;0;2;61;61;56;5;2045;84;4;119.1;5.3;1.8;21.1;29.9;21;39;35.0;-9.9;14;27;34.1;-7.5;0;11;7
6231;244;244;6;1;3;0;2;0;0;0;0;0;0;5;1;3;22;69;53;71;9;6440;150;934;100.0;2.8;2.8;26.8;26.8;95;102;48.2;4.7;72;71;50.3;5.6;1;0;0
6232;234;234;3;0;0;-2;4;0;0;0;0;0;0;3;1;0;4;51;49;52;1;2573;0;337;86.1;2.8;5.6;25.2;22.4;33;31;51.6;-14.2;22;25;46.8;-18.4;0;0;0
6234;231;231;6;1;2;3;10;0;0;0;0;0;0;10;3;2;12;65;57;71;19;5986;575;1071;100.0;2.4;1.2;43.3;21.7;132;68;66.0;0.5;99;50;66.4;0.4;0;0;0
6235;231;231;3;0;0;-2;4;0;0;0;0;0;0;1;1;1;0;55;57;51;7;2372;754;0;82.7;3.0;6.1;39.5;24.3;46;32;59.0;-12.9;37;26;58.7;-15.5;0;0;0
6236;244;244;2;0;0;1;0;0;0;0;0;0;0;0;0;0;0;51;52;47;0;811;0;0;125.0;4.4;0.0;17.8;48.8;4;21;16.0;-22.8;4;15;21.1;-15.4;0;1;1
6237;237;237;5;0;0;-3;2;0;0;0;0;0;0;2;3;0;2;49;52;48;3;2491;0;1019;87.0;0.0;4.3;18.8;33.2;34;43;44.2;-4.1;21;32;39.6;-9.2;0;42;19
6238;247;247;5;0;0;-10;2;0;0;0;0;0;0;8;3;0;0;53;53;53;9;3620;1023;424;79.1;0.0;9.0;29.8;42.8;57;60;48.7;-1.0;40;48;45.5;-3.5;0;46;22
6239;243;243;6;2;4;4;2;0;0;0;0;0;0;3;2;2;4;59;60;56;5;3377;0;1058;109.4;7.5;3.2;34.1;25.6;47;52;47.5;-1.3;38;34;52.8;2.5;1;26;13
6240;242;242;2;0;0;-3;2;0;0;0;0;0;0;0;0;0;1;46;51;45;2;1684;20;165;87.5;0.0;6.4;12.8;51.3;14;38;26.9;-16.2;11;33;25.0;-18.7;0;0;0
6241;232;232;5;0;1;-1;0;0;0;0;0;0;0;3;2;0;2;50;51;48;3;2934;152;172;101.8;2.5;3.7;17.2;29.4;31;54;36.5;-18.0;23;41;35.9;-18.5;0;12;6
6242;247;247;6;2;3;3;6;0;1;1;1;0;0;10;1;2;4;59;62;56;4;3391;857;1272;119.5;6.4;4.2;21.2;40.3;33;61;35.1;-14.0;24;47;33.8;-13.6;0;48;24
6243;232;232;5;1;1;0;6;0;1;0;0;0;0;3;1;0;2;57;57;59;6;4054;1063;0;103.0;1.8;0.9;29.3;29.3;60;57;51.3;2.4;48;43;52.7;3.2;0;18;8
6245;242;242;3;0;1;-1;2;0;0;0;0;0;0;1;0;0;0;52;55;43;3;2365;0;0;101.0;3.0;4.6;24.4;39.6;32;46;41.0;-11.8;22;40;35.5;-19.0;0;1;0
6246;231;231;2;0;0;1;0;0;0;0;0;0;0;0;0;1;0;52;52;54;3;758;0;0;109.1;4.7;0.0;52.2;28.5;18;12;60.0;-8.8;12;8;60.0;-9.0;0;2;0
6247;233;233;7;4;3;4;4;0;0;0;0;0;0;4;0;1;3;61;62;55;9;4139;49;455;100.5;7.0;3.5;48.7;25.2;85;50;63.0;5.9;68;35;66.0;7.2;0;49;24
6248;233;233;2;1;0;4;2;0;0;0;0;0;0;0;0;0;1;56;54;50;3;1348;0;0;126.7;10.7;0.0;40.1;24.0;25;21;54.3;-5.5;20;15;57.1;-4.6;0;0;0
6249;233;233;3;0;1;2;4;0;0;0;0;0;0;3;1;1;4;56;50;60;2;2917;111;90;107.7;4.9;2.5;30.9;29.6;44;45;49.4;-10.2;34;31;52.3;-10.0;0;0;0
6250;251;251;7;3;3;-2;8;0;0;1;0;0;0;7;0;2;8;64;68;54;8;5490;261;881;91.6;3.9;5.9;26.9;25.6;86;66;56.6;6.0;64;50;56.1;6.9;1;63;34
6251;270;270;6;4;1;-1;0;0;0;0;0;0;0;4;2;3;6;67;66;61;17;4889;789;593;92.6;4.4;5.2;25.0;20.6;63;58;52.1;16.7;48;42;53.3;18.0;1;7;4
6252;264;264;6;1;3;-3;6;1;1;0;0;0;0;10;1;5;7;69;72;62;13;4583;1743;448;96.8;2.4;3.9;30.6;36.1;85;84;50.3;12.2;61;62;49.6;12.4;0;10;7
6253;254;254;4;2;1;-1;0;1;0;0;0;0;0;7;0;0;1;60;62;46;7;2967;145;0;99.5;3.6;4.9;25.5;32.8;46;45;50.5;-2.1;27;35;43.5;-7.9;0;1;1
6255;258;258;6;1;1;-2;8;0;0;0;0;0;0;5;1;1;1;51;52;46;4;2550;33;102;97.8;4.2;7.1;28.2;40.9;41;51;44.6;-15.8;28;39;41.8;-19.7;0;21;7
6256;263;263;6;3;3;2;0;0;1;0;0;0;0;8;1;0;6;62;68;60;18;4996;179;864;94.8;3.6;2.2;36.7;14.4;88;47;65.2;12.0;68;34;66.7;9.9;0;9;5
6257;267;267;6;4;2;6;2;1;0;0;0;0;0;5;4;3;3;62;63;60;17;5173;1222;104;116.9;4.9;0.7;25.1;27.8;73;81;47.4;-2.7;52;59;46.8;-1.8;1;13;6
6258;254;254;5;0;1;-3;6;0;0;0;0;0;0;7;1;1;3;64;66;48;11;4832;860;366;97.5;2.2;4.5;26.1;40.2;62;87;41.6;-11.7;48;71;40.3;-10.8;0;17;10
6259;256;256;3;1;1;-1;2;0;1;0;0;0;0;0;1;0;0;57;58;54;2;1952;354;18;95.8;1.8;3.7;22.1;29.5;36;28;56.3;2.4;27;22;55.1;0.9;0;10;4
6260;254;254;4;0;4;3;0;0;1;0;0;0;0;1;2;0;1;61;61;59;2;2920;135;0;118.0;6.2;2.5;23.4;29.6;41;49;45.6;-4.6;24;36;40.0;-6.1;0;34;20
6261;268;268;6;1;5;5;0;1;2;0;0;0;0;3;1;2;9;69;69;67;11;5939;1488;806;106.3;6.1;3.0;33.3;25.5;95;86;52.5;-4.7;75;64;54.0;-2.2;0;0;0
6262;265;265;1;0;0;0;0;0;0;0;0;0;0;0;0;0;0;57;59;51;0;925;37;0;100.0;0.0;0.0;7.8;19.5;11;9;55.0;-12.1;4;6;40.0;-26.1;0;0;0
6263;272;272;2;0;1;2;0;0;0;0;0;0;0;2;0;0;0;55;59;51;4;1844;205;137;111.9;7.8;3.9;27.3;23.4;28;21;57.1;-3.4;20;16;55.6;-14.9;0;1;1
6264;262;262;1;0;0;-1;0;0;0;0;0;0;0;2;0;0;1;61;63;58;1;780;384;0;83.3;0.0;4.6;27.7;27.7;11;9;55.0;13.7;9;8;52.9;5.9;0;0;0
6266;269;269;2;2;0;3;0;0;0;0;0;0;0;0;0;0;1;58;60;47;4;1657;132;0;125.2;8.7;2.2;28.2;39.1;26;36;41.9;-9.2;17;26;39.5;-14.1;0;0;0
6267;255;255;4;1;3;-6;4;0;2;0;0;0;0;6;1;3;7;63;65;55;8;3814;1157;50;85.6;1.9;7.6;28.3;35.9;55;74;42.6;-1.0;36;52;40.9;-1.7;0;12;6
6268;268;268;1;1;2;4;0;0;1;0;0;0;0;2;2;0;1;75;70;67;4;910;305;92;150.0;15.8;0.0;31.6;15.8;13;9;59.1;14.8;11;6;64.7;15.8;0;5;2
6270;270;270;5;1;2;-4;2;0;1;0;0;0;0;8;3;0;1;57;58;49;11;4610;1139;142;100.7;3.1;6.2;22.6;47.6;42;115;26.8;-11.7;32;91;26.0;-14.4;0;4;1
6271;272;272;5;2;1;4;2;2;0;0;0;0;0;4;0;0;2;62;61;61;9;4492;631;49;109.7;4.8;1.6;31.3;28.0;73;70;51.0;-2.4;56;48;53.8;-0.8;0;4;2
6272;255;255;2;0;3;2;0;0;0;0;0;0;0;2;1;2;0;69;69;60;2;1849;471;109;96.5;9.7;5.8;40.9;21.4;35;24;59.3;-2.7;28;18;60.9;-0.2;0;0;0
6273;254;254;3;0;1;-6;0;0;0;0;0;0;0;3;0;0;2;60;61;53;3;2940;116;209;93.7;1.2;8.6;17.1;63.7;36;79;31.3;-21.2;27;66;29.0;-18.2;0;0;0
6275;271;271;7;0;2;3;0;0;0;0;1;0;0;6;0;4;7;65;56;70;5;6310;162;1499;101.4;2.3;1.1;33.7;21.1;109;63;63.4;15.5;86;48;64.2;16.1;0;0;0
6276;264;264;4;0;2;-3;0;0;0;0;0;0;0;7;1;3;11;72;60;86;8;4061;120;691;82.8;1.8;4.4;31.9;19.5;82;50;62.1;25.2;59;33;64.1;30.2;0;0;0
6278;270;270;6;0;2;0;2;0;0;0;0;0;0;6;0;3;6;64;61;66;10;4237;776;253;101.6;1.7;1.7;22.1;28.0;52;73;41.6;2.9;41;55;42.7;4.1;0;60;33
6279;266;266;2;2;2;1;0;0;1;0;0;0;0;3;1;0;2;69;73;56;5;1770;95;51;102.2;4.1;2.0;38.6;24.4;33;22;60.0;-7.8;28;14;66.7;0.0;1;18;10
6280;262;262;5;0;3;-4;2;0;1;0;0;0;0;6;0;1;6;61;64;51;4;4758;420;204;92.0;1.5;4.5;20.4;29.5;46;88;34.3;-2.6;35;67;34.3;0.4;0;28;16
6282;271;271;3;0;0;-1;0;0;0;0;0;0;0;5;0;1;0;62;61;58;5;2335;650;195;94.4;0.0;1.5;30.8;27.8;30;29;50.8;3.0;23;20;53.5;4.6;0;26;13
6283;265;265;5;0;1;-1;0;0;0;0;0;0;0;1;2;1;6;66;63;66;10;4931;273;602;99.7;2.2;2.2;32.9;31.4;90;73;55.2;4.7;67;58;53.6;4.1;0;74;38
6285;264;264;6;0;2;-4;6;0;1;0;0;0;0;13;5;4;6;60;56;68;6;5277;1792;584;105.4;3.4;5.5;18.4;41.6;62;110;36.0;-8.9;44;81;35.2;-8.8;0;0;0
6286;258;258;5;3;3;0;0;0;0;0;0;0;0;9;0;1;2;62;62;61;9;4703;75;453;98.6;5.4;5.4;36.0;32.9;81;75;51.9;-4.8;66;56;54.1;-1.6;0;0;0
6287;269;269;4;2;0;0;4;0;0;0;0;0;0;17;1;1;4;78;69;76;16;3488;449;728;97.4;2.1;2.1;32.0;22.7;52;42;55.3;10.3;38;29;56.7;11.3;0;52;27
6288;271;271;7;5;4;6;10;0;0;0;0;0;0;6;2;2;3;69;71;56;21;6065;1640;108;107.1;6.5;3.0;34.4;24.9;105;69;60.3;11.3;82;54;60.3;10.6;1;9;2
6289;254;254;7;3;4;-1;2;0;2;0;0;0;0;10;1;6;12;68;66;64;18;7464;803;567;96.5;3.4;3.9;31.4;27.0;115;103;52.8;5.9;87;77;53.0;10.8;0;0;0
6290;257;257;6;1;3;3;8;0;1;0;0;0;0;7;3;2;4;64;66;60;14;5236;761;616;105.2;3.4;1.4;32.3;25.4;91;77;54.2;5.8;61;57;51.7;2.6;0;16;5
6291;258;258;4;0;3;3;0;0;2;0;0;0;0;5;1;2;6;67;59;73;11;4098;589;619;106.6;4.4;2.6;29.0;30.7;61;55;52.6;-9.7;48;43;52.7;-10.6;0;0;0
6292;255;255;7;2;5;2;10;0;0;0;0;0;0;16;2;2;4;57;63;51;15;6015;51;607;99.0;4.8;3.6;35.9;25.1;117;84;58.2;13.5;90;61;59.6;16.7;0;12;10
6293;251;251;4;0;0;0;2;0;0;0;0;0;0;0;2;0;0;57;56;58;2;2288;0;326;100.8;1.6;1.6;28.3;33.0;31;35;47.0;-6.7;22;30;42.3;-11.0;0;8;4
6294;253;253;7;0;4;0;4;0;1;0;0;0;0;12;0;2;10;66;64;67;11;5835;1388;456;99.2;3.7;3.7;30.8;29.0;72;86;45.6;5.2;59;67;46.8;7.6;0;91;52
6295;263;263;6;0;2;4;4;0;0;0;0;0;0;4;1;0;12;57;57;58;10;6146;199;753;103.4;3.5;1.2;34.0;17.0;108;80;57.4;9.2;80;50;61.5;11.3;0;0;0
6296;256;256;5;2;2;1;2;1;1;0;0;0;0;9;2;1;4;68;68;60;9;4785;320;542;99.6;2.3;1.5;27.1;17.3;77;53;59.2;4.2;51;37;58.0;2.4;1;14;11
6297;265;265;7;1;2;1;19;0;1;0;0;0;0;13;0;7;13;76;60;87;15;7137;1315;484;102.5;2.5;2.0;25.2;26.7;97;99;49.5;-6.2;68;69;49.6;-5.8;1;0;0
6298;255;255;5;0;0;0;0;0;0;0;0;0;0;1;0;0;3;54;54;51;3;3150;226;108;102.6;2.3;2.3;22.9;30.9;46;49;48.4;-0.1;28;37;43.1;-5.7;0;28;10
6299;256;256;5;0;2;-1;2;0;0;0;0;0;0;12;0;2;2;55;60;49;3;3604;71;521;93.4;3.0;4.0;26.0;22.0;55;40;57.9;5.6;43;32;57.3;5.2;0;11;3
6300;254;254;3;1;0;0;4;0;0;0;0;0;0;1;2;1;0;55;56;54;2;2253;120;132;103.0;3.2;3.2;25.6;33.6;32;37;46.4;2.1;19;33;36.5;-4.8;0;0;0
6301;264;264;6;1;2;-3;4;1;0;0;0;0;0;9;0;4;9;65;66;57;5;4949;435;1054;100.7;3.6;5.8;22.6;37.8;64;96;40.0;-2.9;47;66;41.6;0.6;0;41;15
6302;261;261;7;0;1;0;2;0;0;0;0;0;0;10;0;2;8;57;53;59;11;7580;270;585;99.7;2.8;2.8;30.4;29.4;120;113;51.5;1.4;91;86;51.4;1.6;0;0;0
6303;265;265;5;1;0;0;12;0;0;0;0;0;0;4;3;1;3;55;56;49;10;4203;407;0;99.1;2.6;2.6;32.5;29.1;66;61;52.0;-3.6;52;47;52.5;-2.4;0;21;7
6304;264;264;3;0;2;0;0;0;0;0;0;0;0;2;2;1;4;64;64;56;3;2762;101;311;105.1;6.5;6.5;23.5;28.7;32;36;47.1;7.3;23;28;45.1;4.7;0;47;18
6305;259;259;7;1;1;5;4;0;0;0;0;0;0;13;1;0;5;64;62;62;11;5386;256;1476;109.3;4.7;1.3;30.7;22.7;76;64;54.3;0.2;62;49;55.9;0.0;0;39;15
6306;272;272;7;3;3;4;0;1;1;0;0;0;0;2;2;1;3;65;66;58;16;5353;1504;249;105.2;4.7;2.0;30.3;19.5;96;65;59.6;8.9;68;43;61.3;7.7;1;6;2
6307;260;260;5;0;0;0;2;0;0;0;0;0;0;10;0;5;20;71;52;74;4;5169;101;788;101.4;2.8;2.8;27.2;31.3;73;78;48.3;7.1;53;55;49.1;9.7;0;0;0
6308;266;266;6;2;1;-1;2;0;1;0;0;0;0;4;1;2;2;55;66;51;13;5352;321;365;94.6;2.0;2.7;28.3;21.5;89;62;58.9;0.3;62;44;58.5;0.6;0;7;2
6309;252;252;5;4;1;3;2;2;0;0;0;0;0;8;1;3;10;68;70;61;16;4633;693;390;108.0;3.9;1.6;29.5;30.3;84;79;51.5;-5.2;58;51;53.2;-3.0;1;17;8
6310;252;252;6;0;3;2;2;0;0;0;0;0;0;6;2;0;9;62;53;66;2;5899;711;397;109.1;3.7;2.4;18.9;23.8;86;75;53.4;3.4;53;49;52.0;0.0;0;0;0
6311;269;269;3;0;1;1;2;0;0;0;0;0;0;2;0;0;1;53;54;51;2;1185;0;235;112.3;3.0;3.0;15.2;39.5;11;17;39.3;-12.8;5;13;27.8;-25.3;0;3;2
6312;267;267;6;0;3;-2;0;0;1;0;0;0;0;3;1;3;5;61;60;60;4;3574;973;464;99.5;3.0;4.0;21.2;27.2;45;57;44.1;-7.5;31;36;46.3;-2.2;0;49;30
6313;253;253;5;5;1;2;2;1;0;0;0;0;0;2;1;0;2;61;65;50;12;4422;769;41;120.1;4.9;3.3;17.1;38.3;34;79;30.1;-13.3;24;59;28.9;-14.6;0;0;0
6314;273;273;6;1;2;1;2;0;0;0;0;0;0;8;2;3;4;61;60;59;1;3595;431;56;101.4;4.0;3.0;21.0;17.0;54;42;56.3;7.0;35;30;53.8;2.6;0;25;17
6315;256;256;6;2;4;2;0;0;1;0;0;0;0;10;3;3;3;62;61;59;18;5097;675;16;103.0;3.5;2.1;31.8;26.1;84;72;53.8;-2.9;63;53;54.3;-2.0;0;66;32
6316;255;255;5;0;0;-6;0;0;0;0;0;0;0;2;1;2;5;57;53;60;7;4963;86;626;85.0;1.5;5.8;29.0;29.0;78;74;51.3;4.8;56;54;50.9;4.5;0;0;0
6317;272;272;6;2;2;4;10;0;0;0;0;0;0;6;0;2;18;72;55;75;7;6100;799;595;105.8;5.9;3.5;28.3;23.6;90;82;52.3;-1.5;69;51;57.5;2.4;0;0;0
6318;269;269;6;2;4;1;6;0;1;0;0;0;0;9;1;3;5;72;72;72;16;5488;1850;437;98.9;3.3;3.3;29.5;26.9;76;69;52.4;2.1;61;53;53.5;3.9;0;0;0
6319;263;263;7;3;2;8;0;0;0;0;0;0;0;15;2;4;11;74;61;82;14;7467;508;843;110.0;4.8;1.0;33.3;21.7;122;100;55.0;1.6;90;66;57.7;2.1;1;0;0
6320;271;271;7;2;4;3;4;0;0;0;0;0;0;6;2;1;4;65;65;59;16;5193;1064;247;102.7;4.9;2.8;36.0;25.6;95;64;59.7;10.1;75;52;59.1;8.6;0;88;51
6321;268;268;6;3;2;2;8;0;0;0;0;0;0;6;3;2;5;68;67;65;14;5639;524;1101;103.3;4.5;3.2;30.0;27.5;85;82;50.9;-5.6;65;62;51.2;-3.6;0;80;45
6322;251;251;7;4;6;-1;2;2;2;0;1;0;0;7;4;5;7;69;66;71;26;6059;2303;597;98.2;3.6;3.6;28.5;25.0;89;85;51.1;-1.5;65;65;50.0;-1.5;0;0;0
6323;254;254;3;1;0;-2;0;0;0;0;0;0;0;1;2;0;9;52;51;53;3;2552;0;406;97.8;1.4;4.2;19.7;45.1;31;61;33.7;-24.9;23;45;33.8;-21.7;0;0;0
6324;268;268;7;0;1;-3;4;0;0;0;0;0;0;6;3;3;6;64;60;66;8;5533;40;1242;92.6;1.3;3.3;33.2;28.6;94;85;52.5;-2.0;69;67;50.7;-4.0;0;75;38
6325;270;270;7;1;1;0;16;0;0;0;0;0;0;13;0;3;11;74;53;77;6;7155;486;618;103.5;2.5;2.5;19.1;26.2;65;109;37.4;0.5;50;82;37.9;0.7;0;0;0
6326;263;263;7;3;5;3;2;0;3;0;0;0;0;6;1;1;14;69;70;65;29;5725;1399;75;105.6;3.8;1.9;30.8;28.3;91;95;48.9;-7.1;65;61;51.6;-6.6;1;7;6
6327;267;267;7;3;5;6;8;2;2;0;0;0;0;10;4;0;3;62;64;55;15;6186;1012;79;107.8;5.2;1.7;31.4;19.8;103;65;61.3;14.8;75;49;60.5;14.7;0;5;2
6328;272;272;3;0;1;-2;4;0;0;0;0;0;0;3;1;1;7;62;49;65;6;3302;204;60;91.3;2.2;4.4;32.7;28.3;44;60;42.3;-17.9;37;38;49.3;-11.2;0;0;0
6329;260;260;2;0;0;0;0;0;0;0;0;0;0;2;0;1;2;57;51;58;0;1724;0;300;107.5;2.1;2.1;16.7;41.8;19;38;33.3;-6.1;8;28;22.2;-10.7;0;0;0
6330;261;261;6;1;0;-2;18;0;0;1;0;0;0;17;2;3;3;64;60;65;10;5157;340;571;93.2;1.4;3.5;23.0;27.2;75;68;52.4;2.7;50;52;49.0;-0.8;0;14;6
6331;259;259;1;0;0;0;0;0;0;0;0;0;0;0;0;0;1;50;53;47;2;1026;81;212;78.2;7.0;7.0;38.6;17.5;17;9;65.4;-5.8;16;6;72.7;-2.3;0;0;0
6332;270;270;7;0;4;-2;0;0;0;0;0;0;0;6;1;1;6;60;59;57;3;4597;749;211;103.4;3.1;4.7;18.0;33.7;43;90;32.3;-6.0;37;61;37.8;0.5;0;74;36
6333;267;267;3;1;3;4;2;0;2;0;0;0;0;5;1;0;1;67;74;52;12;3146;541;385;110.6;5.7;1.1;35.5;20.6;55;39;58.5;5.7;39;25;60.9;4.8;0;0;0
6334;262;262;6;3;3;-4;2;0;1;0;0;0;0;3;2;1;1;65;67;59;13;5497;1034;430;96.8;3.3;5.2;28.2;35.4;68;84;44.7;12.6;54;73;42.5;12.9;0;97;54
6335;266;266;7;0;1;3;11;0;0;0;0;1;1;10;2;2;6;70;47;72;10;6369;553;731;103.4;3.4;1.7;28.3;19.8;109;69;61.2;1.8;74;49;60.2;-0.8;0;0;0
6336;266;266;2;2;0;1;0;1;0;0;0;0;0;1;0;1;0;72;71;72;10;1610;594;0;109.1;2.2;0.0;24.6;31.3;25;24;51.0;-19.4;19;17;52.8;-18.1;0;4;0
6337;273;273;3;1;0;-2;2;0;0;0;0;0;0;10;2;2;0;54;61;45;4;3064;265;231;92.9;3.5;5.9;32.9;32.9;48;48;50.0;-0.3;35;36;49.3;-3.5;0;4;2
6338;270;270;7;1;0;-2;0;0;0;0;0;0;0;3;2;2;19;62;53;68;10;6829;394;792;101.1;2.6;3.7;23.7;36.9;80;129;38.3;2.0;63;99;38.9;2.3;0;1;0
6339;258;258;2;2;2;1;2;0;1;0;0;0;0;4;1;1;2;71;69;64;5;1831;426;0;105.0;5.9;3.9;23.6;19.7;19;19;50.0;-9.4;15;12;55.6;-5.8;1;28;18
6340;261;261;4;0;4;3;0;0;1;0;0;0;0;5;1;2;9;68;57;76;14;4463;370;574;104.6;3.2;1.6;30.7;27.4;67;62;51.9;6.0;50;48;51.0;4.4;0;0;0
6341;253;253;2;0;1;3;0;0;0;0;0;0;0;3;1;1;3;87;49;93;1;2070;0;464;125.0;5.2;0.0;20.9;48.7;24;46;34.3;-17.1;16;41;28.1;-25.0;0;0;0
6342;266;266;3;1;1;2;2;0;0;0;0;0;0;3;0;1;9;64;55;66;4;2809;215;450;101.0;5.1;2.6;35.9;19.2;48;40;54.5;1.5;36;26;58.1;3.4;1;0;0
6343;273;273;5;1;2;-4;5;0;0;0;0;1;0;8;1;1;0;58;59;54;8;3645;382;343;93.6;3.0;6.9;21.7;34.6;48;65;42.5;-12.2;35;49;41.7;-13.6;1;43;17
6344;257;257;3;0;4;-1;0;0;2;0;1;0;0;3;0;0;3;61;62;57;7;3292;552;385;87.5;0.0;2.2;27.3;17.5;59;40;59.6;2.9;36;25;59.0;3.5;0;0;0
6345;273;273;6;0;1;-1;2;0;1;0;0;0;0;11;2;2;5;62;59;65;12;5581;418;341;96.7;0.6;1.3;24.5;21.9;81;78;50.9;0.5;59;62;48.8;-4.2;0;43;27
6346;269;269;4;0;1;2;2;0;0;0;0;0;0;4;2;0;5;54;53;55;7;4254;152;807;104.2;5.1;3.4;30.5;27.1;61;56;52.1;-1.3;45;41;52.3;-2.7;0;0;0
6347;252;252;3;0;1;0;0;0;0;0;0;0;0;2;2;0;0;50;49;53;2;1777;270;0;102.4;4.1;4.1;24.3;28.4;28;33;45.9;-0.9;20;20;50.0;5.1;0;30;10
6349;255;255;3;3;3;2;2;1;2;0;0;0;0;0;0;0;1;69;73;60;9;2212;735;185;104.5;4.9;1.6;47.2;27.7;52;33;61.2;21.7;39;21;65.0;25.4;0;48;31
6350;255;255;1;0;1;-1;0;0;1;0;0;0;0;2;4;0;1;58;50;58;1;920;279;275;91.7;0.0;3.9;19.6;47.0;8;21;27.6;-17.5;7;18;28.0;-22.0;0;1;1
6351;263;263;5;2;2;0;2;1;0;0;0;0;0;8;2;0;0;57;60;53;11;4319;63;298;99.8;2.5;2.5;34.2;33.3;67;69;49.3;-8.1;56;50;52.8;-6.7;1;34;15
6353;264;264;5;2;3;-1;14;0;2;0;0;0;0;3;4;0;2;58;60;51;7;3887;1743;366;105.6;5.6;5.6;22.2;28.7;48;59;44.9;6.1;36;40;47.4;10.4;0;15;8
6355;255;255;6;1;0;-5;18;1;0;0;0;0;0;1;1;1;13;55;54;57;5;5496;327;448;90.2;0.7;3.9;30.1;32.8;90;97;48.1;-0.4;59;68;46.5;-1.2;0;0;0
6356;273;273;3;0;1;3;2;0;0;0;0;0;0;5;1;1;2;56;55;55;5;2929;130;185;111.2;4.9;1.2;32.0;29.5;43;46;48.3;5.4;33;35;48.5;5.2;0;0;0
6357;260;260;6;1;4;-2;0;1;2;0;0;0;0;1;3;4;3;63;61;64;9;5028;828;516;94.7;0.7;2.1;23.6;25.8;77;84;47.8;1.9;42;60;41.2;-6.9;1;3;2
6358;266;266;6;0;3;-1;4;0;0;0;0;0;0;4;3;1;4;59;59;56;11;4289;201;286;92.5;1.7;2.5;30.2;19.3;79;59;57.2;-6.6;53;36;59.6;-4.4;0;59;24
6359;263;263;6;0;4;2;2;0;0;0;1;0;0;3;0;4;7;73;62;72;11;4511;0;1189;100.3;2.4;1.6;31.1;21.5;73;52;58.4;6.4;56;39;58.9;4.3;0;55;22
6360;272;272;5;5;6;4;12;2;2;0;0;0;0;5;0;2;3;79;81;68;20;4771;1245;2;95.0;5.3;2.3;45.3;13.6;100;43;69.9;19.3;85;30;73.9;20.4;1;16;6
6361;256;256;1;0;0;0;0;0;0;0;0;0;0;1;0;0;0;51;51;50;0;25;67;0;0.0;0.0;0.0;0.0;0.0;0;0;0.0;-54.6;0;0;0.0;-53.9;0;2;1
6362;266;266;7;0;2;1;11;0;2;0;0;1;1;14;0;0;9;67;50;69;18;7070;929;660;96.8;2.5;2.0;37.2;20.4;138;76;64.5;7.1;105;54;66.0;8.4;0;0;0
6363;254;254;6;0;4;3;0;0;0;0;0;0;0;16;1;1;2;74;69;82;15;6363;679;897;103.5;3.4;1.7;34.5;26.6;123;74;62.4;21.5;82;61;57.3;18.0;0;0;0
6364;255;255;7;2;4;-7;4;1;1;0;0;0;0;7;3;1;4;66;66;53;14;5411;1359;185;87.2;2.0;6.0;35.9;32.6;101;105;49.0;0.3;73;74;49.7;2.2;0;91;45
6365;270;270;5;0;0;-5;2;0;0;0;0;0;0;3;2;0;3;50;51;42;6;4709;342;284;100.5;3.1;6.9;19.1;44.3;47;105;30.9;-5.0;33;77;30.0;-7.4;0;0;0
6366;269;269;7;3;4;4;6;0;1;1;0;0;0;5;0;2;1;67;67;65;14;5900;1215;488;107.7;3.1;1.2;25.6;29.3;76;85;47.2;-1.7;59;63;48.4;-0.6;1;62;31
6367;254;254;5;0;3;-3;4;0;1;0;0;0;0;3;0;0;6;69;67;72;12;5077;323;474;94.6;2.1;4.3;29.1;33.3;80;85;48.5;4.6;58;68;46.0;6.3;0;0;0
6368;271;271;6;2;4;2;2;0;0;0;0;0;0;11;1;1;3;72;76;59;30;6259;1833;555;101.9;5.8;4.6;32.2;28.8;101;84;54.6;5.4;79;68;53.7;3.3;1;0;0
6369;263;263;6;0;4;5;6;0;0;0;0;0;0;4;1;1;6;66;65;65;16;4889;620;0;106.9;5.2;1.5;39.8;24.3;87;74;54.0;1.3;68;46;59.6;6.1;0;63;36
6370;259;259;7;2;2;-3;19;0;1;0;0;0;0;9;1;1;1;61;63;53;14;5583;523;178;91.8;3.9;5.8;27.1;25.8;73;68;51.8;-3.1;58;51;53.2;-3.5;1;72;32
6371;270;270;3;0;0;-1;0;0;0;0;0;0;0;1;0;2;2;50;49;51;0;1517;0;0;95.0;0.0;2.4;21.4;47.5;11;36;23.4;-9.2;10;28;26.3;-5.4;0;1;0
6372;270;270;5;2;1;-1;13;0;0;0;0;1;0;6;1;0;2;71;67;66;9;3896;1012;235;96.6;2.8;2.8;19.4;15.7;50;46;52.1;16.6;34;29;54.0;17.9;0;55;27
6374;251;251;7;1;0;-1;10;0;0;0;0;0;0;6;1;4;16;59;55;63;19;6723;237;1396;97.3;2.7;3.2;32.7;29.5;107;102;51.2;-1.6;81;80;50.3;-1.2;1;0;0
6375;258;258;6;2;3;1;4;0;1;0;0;0;0;7;2;4;8;70;67;71;13;4869;1008;1184;95.3;3.7;3.0;42.9;22.2;97;46;67.8;19.1;78;39;66.7;17.4;0;65;40
6376;265;265;3;0;0;-2;0;0;0;0;0;0;0;1;0;0;0;51;51;50;3;1209;100;57;84.6;0.0;6.0;14.9;38.7;10;17;37.0;-9.0;5;15;25.0;-22.1;0;3;1
6377;253;253;7;0;2;-1;2;0;0;0;0;0;0;13;3;0;3;61;59;58;6;5184;315;333;100.2;3.5;4.2;28.5;34.7;70;76;47.9;8.2;54;61;47.0;7.5;0;29;21
6378;259;259;7;1;2;1;2;1;0;0;0;0;0;7;1;2;8;60;61;54;9;5831;497;144;100.8;3.7;2.5;38.9;28.4;105;82;56.1;2.9;87;60;59.2;5.0;0;68;22
6379;256;256;4;0;2;3;2;0;0;0;0;0;0;7;2;4;7;74;55;83;9;4578;468;356;102.8;3.9;1.6;30.7;15.7;83;50;62.4;14.5;61;36;62.9;15.6;0;0;0
6380;265;265;6;0;3;0;0;0;0;0;0;0;0;5;1;1;5;54;50;53;10;5689;52;602;98.4;2.5;2.5;34.8;28.5;91;71;56.2;6.6;72;56;56.3;5.9;0;0;0
6381;268;268;6;1;1;-3;0;0;0;0;0;0;0;2;0;0;1;60;63;52;15;4337;794;252;86.5;1.7;3.3;35.7;18.3;84;47;64.1;11.7;63;35;64.3;12.1;0;6;3
6382;258;258;4;0;4;3;0;0;0;0;0;0;0;2;2;0;3;58;55;60;4;3625;41;528;95.8;7.0;4.0;46.7;20.9;77;41;65.3;14.5;62;29;68.1;20.6;0;0;0
6383;261;261;6;4;2;1;6;3;1;0;0;0;0;8;3;1;4;63;65;52;16;5470;800;209;101.5;3.3;2.6;32.9;30.9;83;83;50.0;-1.4;64;59;52.0;2.2;0;2;0
6384;262;262;4;1;0;-1;2;0;0;0;0;0;0;6;0;1;7;64;61;71;7;3433;141;328;99.7;2.1;3.1;23.1;33.6;36;66;35.3;1.4;28;47;37.3;8.6;1;0;0
6385;257;257;3;0;2;0;0;0;0;0;0;0;0;4;1;0;6;67;60;71;4;2791;104;193;102.6;5.2;5.2;29.7;34.8;41;57;41.8;-12.6;31;45;40.8;-12.2;0;0;0
6387;258;258;3;0;1;-1;0;0;1;0;0;0;0;3;2;1;3;60;52;65;4;2259;9;522;95.0;0.0;1.6;25.5;31.9;31;39;44.3;-17.6;25;30;45.5;-19.2;0;0;0
6388;264;264;3;0;0;1;2;0;0;0;0;0;0;3;1;1;2;55;51;59;2;2362;45;581;106.7;1.5;0.0;22.9;32.0;28;37;43.1;-7.5;19;27;41.3;-9.1;0;0;0
6389;266;266;7;5;6;4;4;2;4;0;0;0;0;9;4;3;10;75;72;78;30;7110;1756;819;99.7;4.6;2.5;36.5;19.7;138;75;64.8;7.5;103;57;64.4;5.8;0;0;0
6390;261;261;7;3;5;1;2;1;2;0;0;0;0;8;0;0;4;65;68;53;12;5797;976;520;100.1;5.0;4.3;31.7;27.9;92;87;51.4;1.0;68;62;52.3;2.6;0;106;64
6391;260;260;3;1;1;1;2;0;0;0;0;0;0;5;1;1;2;61;64;58;6;1864;239;0;107.1;3.9;1.9;25.1;23.2;24;34;41.4;1.4;17;18;48.6;11.3;0;32;16
6392;266;266;7;3;6;10;6;1;1;0;0;0;0;12;4;1;7;77;66;76;23;6403;463;1102;115.6;5.6;0.0;36.0;17.4;119;63;65.4;7.8;91;45;66.9;9.0;0;100;53
6393;261;261;7;3;5;6;6;1;2;0;0;0;0;7;2;1;11;70;70;69;29;6375;1550;423;107.9;4.5;1.1;36.7;25.4;124;87;58.8;12.4;85;62;57.8;11.0;1;14;5
6394;273;273;6;5;2;6;4;0;0;0;0;0;0;10;2;1;3;79;76;77;21;5530;1503;685;111.5;4.6;0.7;29.9;17.6;88;63;58.3;10.8;70;42;62.5;15.2;1;89;55
6395;253;253;6;1;6;3;7;0;1;0;0;1;0;10;1;3;22;69;65;74;13;6059;1710;1010;110.1;5.3;3.6;25.0;31.5;80;98;44.9;1.9;54;74;42.2;-1.5;0;0;0
6396;262;262;5;0;1;-7;0;0;0;0;0;0;0;14;2;1;6;70;67;71;9;5182;1657;439;88.9;0.7;5.6;18.8;37.5;47;93;33.6;-3.8;35;76;31.5;-3.9;0;0;0
6397;260;260;5;0;2;3;2;0;0;0;0;0;0;7;0;2;4;72;66;77;10;3885;744;199;112.0;2.8;0.0;23.2;22.2;59;54;52.2;6.5;41;34;54.7;8.9;0;58;27
6398;267;267;5;2;3;6;7;0;0;0;1;1;0;11;1;0;4;58;64;54;7;3866;0;818;115.1;5.6;0.9;27.0;16.8;60;45;57.1;3.8;42;35;54.5;-0.3;1;10;7
6399;251;251;7;2;3;-3;2;0;2;0;0;0;0;9;4;3;5;61;65;57;15;5850;1154;933;91.8;2.5;4.3;32.0;27.1;96;71;57.5;7.5;69;54;56.1;7.1;0;21;8
6400;263;263;6;2;6;8;18;0;1;0;0;0;0;5;1;1;0;63;67;58;12;4807;687;296;107.6;6.0;1.5;36.7;17.2;87;52;62.6;8.6;65;32;67.0;10.2;0;16;8
6401;264;264;6;1;2;-1;0;0;0;0;0;0;0;0;1;0;3;55;58;49;10;4048;369;135;98.6;2.7;3.6;30.2;34.7;69;69;50.0;10.8;47;56;45.6;6.1;0;9;5
6402;255;255;3;0;1;3;0;0;0;0;0;0;0;3;0;1;6;67;53;69;0;3009;0;544;116.4;6.0;2.4;25.1;32.3;41;57;41.8;-16.2;30;40;42.9;-13.0;0;0;0
6403;267;267;5;2;5;1;4;1;1;0;0;0;0;6;1;4;7;75;72;77;15;4677;1467;756;103.7;4.6;3.1;29.2;25.4;71;58;55.0;7.6;54;45;54.5;7.3;0;70;40
6404;258;258;7;5;3;4;6;2;0;0;0;0;0;9;2;2;9;69;66;69;21;5304;1065;515;103.0;4.8;2.0;37.3;21.0;94;60;61.0;7.8;73;47;60.8;6.8;0;76;37
6405;260;260;6;1;2;0;2;0;0;0;0;0;0;4;5;3;6;61;57;62;10;4297;103;590;101.4;2.5;2.5;25.1;29.3;59;61;49.2;3.4;41;48;46.1;-0.2;0;63;34
6406;271;271;7;0;5;7;2;0;0;0;0;0;0;6;3;3;6;65;61;67;9;6511;1074;733;112.3;3.9;0.0;31.5;25.4;110;82;57.3;7.3;83;62;57.2;6.4;0;24;12
6408;261;261;3;0;0;0;2;0;0;0;0;0;0;1;0;0;0;50;51;47;0;874;35;0;100.0;8.2;8.2;33.0;33.0;18;13;58.1;12.4;15;10;60.0;13.1;0;2;1
6409;252;252;6;3;1;-1;4;1;0;0;0;0;0;2;2;0;0;56;58;51;9;3823;126;246;97.6;2.8;2.8;19.8;17.0;54;36;60.0;10.8;37;25;59.7;9.3;0;6;5
6410;263;263;1;0;0;-1;0;0;0;0;0;0;0;0;0;0;0;50;53;42;1;397;0;0;75.0;0.0;9.1;45.3;36.3;7;11;38.9;-16.7;5;6;45.5;-14.2;0;0;0
6411;260;260;5;1;0;0;8;0;0;0;0;0;0;6;1;3;9;62;52;64;7;5060;133;338;99.7;0.7;0.7;27.0;24.2;79;63;55.6;9.4;60;42;58.8;12.2;0;0;0
6412;258;258;4;0;1;2;2;0;0;0;0;0;0;7;0;2;4;73;54;74;10;4402;90;752;99.4;4.1;2.5;36.0;20.4;71;38;65.1;9.4;58;30;65.9;9.8;0;0;0
6413;251;251;5;0;1;1;2;0;0;0;0;0;0;5;2;0;2;56;50;61;4;4295;0;1080;104.0;3.4;2.5;27.7;31.0;62;67;48.1;-7.7;45;54;45.5;-10.0;0;0;0
6414;265;265;5;0;0;2;4;0;0;0;0;0;0;8;0;0;3;61;62;57;7;4724;378;420;105.5;2.3;0.8;28.2;29.0;84;58;59.2;1.1;55;46;54.5;-6.5;0;9;4
6415;268;268;5;1;1;0;16;0;0;0;0;0;0;9;2;0;1;56;56;50;9;2998;384;138;98.6;2.4;2.4;31.2;26.4;50;41;54.9;-1.4;33;30;52.4;-4.5;0;42;20
6417;252;252;4;2;0;1;2;0;0;0;0;0;0;4;0;1;8;61;57;63;8;2521;77;407;104.6;2.9;1.4;24.3;20.0;33;35;48.5;-5.3;25;17;59.5;4.6;0;45;22
6419;253;253;7;3;0;-1;2;0;0;0;0;0;0;8;0;3;3;63;63;58;14;6069;674;263;99.5;1.8;2.4;23.1;29.1;85;92;48.0;8.9;57;69;45.2;5.4;0;69;35
6420;268;268;6;1;0;-2;6;0;0;0;0;0;0;18;1;1;4;53;58;46;14;5496;200;439;94.5;2.0;3.3;29.5;26.9;83;79;51.2;-5.1;63;55;53.4;-0.3;0;7;4
6421;252;252;5;0;2;-1;2;0;0;0;0;0;0;5;1;4;8;68;62;78;13;4974;940;545;94.6;2.2;2.9;36.2;25.3;83;66;55.7;2.6;65;45;59.1;5.9;0;0;0
6422;257;257;4;2;2;0;0;1;1;1;0;0;0;5;2;0;0;70;68;67;8;3069;926;192;96.0;2.3;2.3;32.8;21.1;54;34;61.4;12.9;36;26;58.1;11.1;0;52;29
6423;255;255;7;5;5;2;30;3;1;0;0;0;0;8;1;3;3;65;68;60;17;5562;997;720;106.5;3.9;1.9;31.7;33.7;83;88;48.5;-0.4;62;68;47.7;-0.6;1;13;6
6424;263;263;3;1;1;3;0;0;0;1;0;0;0;3;0;1;2;61;54;62;5;2676;29;427;96.1;4.0;1.3;39.0;9.4;54;26;67.5;16.4;38;12;76.0;22.2;0;0;0
6425;268;268;6;0;1;-1;2;0;0;0;0;0;0;5;1;0;2;58;58;53;3;4190;223;384;98.6;1.7;2.6;26.6;32.6;66;68;49.3;-8.4;47;53;47.0;-12.3;0;29;14
6426;255;255;4;1;2;-2;0;1;1;0;0;0;0;5;2;2;5;69;66;74;19;4050;924;210;96.5;2.7;3.6;28.4;27.6;70;58;54.7;6.8;46;39;54.1;6.2;0;0;0
6427;261;261;7;2;1;-7;2;0;0;0;0;0;0;2;3;1;7;56;57;52;13;4634;756;23;86.6;3.1;8.5;31.1;36.5;74;79;48.4;-3.1;53;60;46.9;-4.8;1;13;5
6428;272;272;7;1;3;3;12;0;0;0;0;2;0;14;1;1;2;61;61;57;12;5117;231;266;106.4;4.2;2.1;32.4;31.7;72;79;47.7;-7.1;57;60;48.7;-9.0;0;58;29
6430;267;267;4;0;1;2;0;0;0;0;0;0;0;8;0;0;6;61;50;62;7;3450;167;544;108.7;3.1;1.0;26.1;31.3;47;60;43.9;-0.5;31;51;37.8;-4.5;0;0;0
6431;271;271;7;1;2;1;2;1;0;0;0;0;0;7;0;3;5;61;59;59;9;5093;705;171;102.6;2.1;2.1;24.0;33.9;76;79;49.0;-4.5;54;63;46.2;-9.1;0;56;22
6432;266;266;7;2;0;2;14;1;0;0;0;0;0;15;1;3;14;80;53;83;8;7077;218;1113;102.7;2.0;1.0;28.0;22.4;119;91;56.7;-5.0;86;57;60.1;-0.9;1;0;0
6433;259;259;1;0;1;-1;0;0;0;0;0;0;0;3;0;0;0;54;60;39;1;704;0;0;127.8;5.1;10.2;10.2;46.0;5;12;29.4;-33.9;4;11;26.7;-34.4;0;1;0
6434;269;269;4;0;0;0;0;0;0;0;0;0;0;1;2;0;2;52;52;52;4;1722;68;218;106.3;2.1;2.1;18.8;43.9;17;43;28.3;-16.9;10;31;24.4;-21.5;0;5;2
6435;263;263;5;0;0;1;2;0;0;0;0;0;0;7;0;1;2;53;51;53;5;5142;25;640;100.8;1.4;0.7;30.1;18.2;76;65;53.9;2.5;54;41;56.8;4.6;0;0;0
6436;273;273;1;0;0;0;0;0;0;0;0;0;0;0;0;0;0;52;53;49;1;376;0;0;100.0;0.0;0.0;38.3;19.1;7;3;70.0;25.1;4;2;66.7;26.3;0;0;0
6437;258;258;7;3;1;4;2;2;0;0;0;0;0;13;0;3;2;66;68;60;16;5448;1268;0;101.9;7.3;4.6;32.4;22.5;86;62;58.1;3.8;70;45;60.9;6.8;1;0;0
6438;261;261;5;1;2;0;2;0;0;0;0;0;0;1;0;1;2;62;62;55;11;4583;280;475;103.0;3.9;3.9;28.3;36.1;70;77;47.6;-8.0;49;56;46.7;-8.3;0;0;0
6439;272;272;6;0;4;1;2;0;2;0;0;0;0;1;0;2;6;57;56;57;14;6065;456;506;98.9;3.6;3.0;27.9;21.4;87;76;53.4;-0.9;69;50;58.0;2.9;0;0;0
6441;254;254;6;1;1;1;6;1;1;0;0;0;0;3;0;0;0;60;62;52;15;4712;880;117;105.2;2.3;1.5;22.2;29.8;68;75;47.6;-1.0;43;60;41.7;-5.0;0;7;3
6443;251;251;6;2;1;-2;2;1;1;0;0;0;0;7;2;4;1;63;62;61;10;4909;973;711;100.0;3.7;3.7;28.6;28.6;73;67;52.1;-0.2;55;52;51.4;0.3;0;19;5
6445;252;252;4;0;0;-1;0;0;0;0;0;0;0;2;0;2;1;55;55;53;2;1970;0;266;94.4;0.0;1.8;20.1;32.9;27;34;44.3;-14.7;19;23;45.2;-13.8;0;18;7
6446;256;256;6;1;1;0;0;0;0;0;0;0;0;9;1;0;9;60;57;60;15;6429;510;285;96.7;2.2;2.2;35.8;23.5;128;79;61.8;9.2;90;55;62.1;9.7;1;0;0
6447;267;267;3;0;1;0;0;0;0;0;0;0;0;0;0;0;2;55;55;53;2;1086;22;0;101.1;3.3;3.3;29.8;33.1;10;18;35.7;-15.3;9;10;47.4;-2.3;0;2;1
6448;261;261;6;0;3;1;6;0;1;0;0;0;0;3;0;4;7;66;56;73;6;5356;457;739;102.4;2.7;2.0;30.9;32.3;75;82;47.8;-4.5;57;61;48.3;-4.1;0;0;0
6449;256;256;6;0;0;3;0;0;0;0;0;0;0;5;1;1;13;63;53;70;9;5933;269;607;105.7;2.4;0.6;29.7;24.3;81;83;49.4;-9.1;67;58;53.6;-3.1;0;0;0
6450;270;270;5;0;1;-3;4;0;0;0;0;0;0;5;3;1;4;56;59;48;8;4422;617;348;96.9;4.9;7.3;24.4;31.8;57;67;46.0;11.8;40;52;43.5;8.3;0;5;2
6451;260;260;4;1;1;-1;2;0;0;0;0;0;0;3;0;0;1;59;61;51;4;3487;406;60;102.7;2.1;3.1;22.7;48.5;36;81;30.8;-15.2;27;64;29.7;-14.9;0;14;3
6452;266;266;7;0;4;8;2;0;1;0;0;0;0;9;3;3;5;65;66;64;17;6341;978;1111;110.5;5.1;0.6;37.5;18.2;122;64;65.6;8.2;95;45;67.9;10.5;0;21;13
6455;259;259;5;0;1;2;0;0;0;0;0;0;0;7;0;1;11;66;57;73;6;4913;94;967;101.8;3.7;2.2;29.3;20.5;77;55;58.3;6.9;63;38;62.4;11.4;0;0;0
6456;265;265;7;1;5;0;0;0;2;0;0;0;0;5;0;2;3;74;71;77;25;7429;1337;584;102.0;2.9;2.4;30.0;31.5;122;106;53.5;-0.4;87;80;52.1;-2.5;1;0;0
6457;271;271;6;0;0;-3;4;0;0;0;0;0;0;5;0;1;7;63;60;63;12;4739;709;889;90.9;0.0;2.3;28.1;25.1;66;61;52.0;0.6;49;43;53.3;1.3;0;11;3
6458;264;264;6;2;1;-1;0;0;1;0;0;0;0;6;2;1;2;60;63;50;16;4415;730;68;99.1;2.4;3.3;26.9;32.6;66;84;44.0;2.8;43;58;42.6;1.9;1;21;10
6460;273;273;3;0;0;-1;5;0;0;0;0;0;0;1;3;0;1;55;57;54;6;2570;741;0;96.2;0.0;1.4;15.4;36.4;30;47;39.0;-18.3;25;36;41.0;-15.3;0;2;1
6461;260;260;6;2;0;0;16;1;0;0;0;2;0;25;1;0;1;57;61;52;11;4911;415;342;99.4;0.7;0.7;26.4;22.0;75;65;53.6;9.6;47;43;52.2;8.0;0;11;1
6463;272;272;3;2;0;-3;0;0;0;0;0;0;0;4;0;1;2;62;62;54;6;2437;758;0;79.8;1.5;5.9;31.0;23.6;36;30;54.5;8.2;30;22;57.7;13.4;1;0;0
6464;262;262;1;0;0;1;0;0;0;0;0;0;0;2;0;1;0;56;53;56;0;768;0;82;125.0;4.7;0.0;18.8;18.8;8;8;50.0;24.2;6;5;54.5;34.9;0;0;0
6465;259;259;7;3;3;-1;4;0;2;0;0;0;0;11;1;4;16;69;67;71;17;7226;831;841;96.7;2.5;3.0;26.4;23.4;102;98;51.0;-4.8;78;64;54.9;-1.4;0;3;1
6466;262;262;6;6;2;-1;4;3;1;0;0;0;0;5;2;0;2;73;74;67;24;5701;1895;465;107.0;3.2;3.2;20.2;36.6;62;96;39.2;4.8;42;79;34.7;1.3;0;18;10
6467;271;271;5;1;0;1;2;0;0;1;0;0;0;3;1;1;9;62;52;71;6;4565;183;395;101.2;0.8;0.8;22.9;35.5;53;78;40.5;-12.9;40;56;41.7;-11.4;0;0;0
6468;261;261;6;1;3;-8;0;0;3;0;0;0;0;9;2;1;3;63;64;53;12;5454;910;522;85.0;1.3;6.6;21.1;31.0;67;70;48.9;-1.6;48;55;46.6;-4.9;0;0;0
6469;268;268;6;3;4;1;4;2;2;0;0;0;0;7;1;3;12;73;68;81;17;6341;1257;837;98.3;4.0;2.8;38.0;23.3;118;96;55.1;3.4;90;67;57.3;7.1;0;0;0
6470;256;256;6;2;2;0;2;1;0;0;0;0;0;7;1;1;2;69;70;58;11;5255;1102;266;99.2;1.4;1.4;31.5;26.7;91;72;55.8;-0.1;65;55;54.2;-2.2;0;19;9
6471;272;272;5;2;0;0;9;0;0;0;0;1;0;9;0;2;5;66;68;61;13;4254;413;319;100.6;2.5;2.5;26.2;27.9;62;65;48.8;-12.2;48;45;51.6;-11.8;0;12;9
6472;254;254;6;3;1;-2;4;0;0;0;0;0;0;3;2;2;4;63;65;57;13;5368;117;886;93.7;3.4;4.7;28.8;26.2;92;70;56.8;14.6;60;55;52.2;11.9;0;23;13
6473;252;252;3;0;0;0;4;0;0;0;0;0;0;5;0;0;8;68;55;70;4;3141;0;410;95.3;3.4;3.4;30.9;21.8;59;42;58.4;19.3;40;27;59.7;21.9;0;0;0
6474;259;259;7;1;5;-8;17;0;3;0;0;0;0;5;0;0;4;66;67;58;18;5733;1160;444;84.9;1.9;6.3;28.3;28.9;89;82;52.0;-3.0;68;60;53.1;-3.8;0;5;2
6475;270;270;5;0;0;0;7;0;0;0;0;1;1;3;2;0;2;61;58;60;9;3455;901;0;108.0;2.1;2.1;13.5;28.1;27;63;30.0;-14.1;19;44;30.2;-14.0;0;6;3
6477;264;264;4;1;0;0;2;0;0;0;0;0;0;7;1;1;1;57;57;55;6;2526;0;265;99.6;1.4;1.4;22.8;21.4;38;31;55.1;11.3;28;21;57.1;15.8;0;25;12
6478;271;271;3;0;0;-1;0;0;0;0;0;0;0;4;1;1;4;57;53;68;5;2703;727;161;96.8;0.0;1.3;14.7;41.3;26;61;29.9;-25.2;16;40;28.6;-26.7;0;0;0
6479;253;253;5;1;2;0;2;0;1;0;0;0;0;16;3;2;3;62;58;61;12;3961;510;886;100.2;3.6;3.6;37.3;38.2;65;63;50.8;9.6;55;50;52.4;14.8;0;6;2
6480;265;265;3;0;0;-1;0;0;0;0;0;0;0;3;2;0;0;49;49;49;1;1294;97;46;80.0;0.0;2.8;27.8;13.9;17;17;50.0;-8.6;14;12;53.8;-4.0;0;2;0
6481;273;273;5;0;1;-1;0;0;0;0;0;0;0;7;0;1;3;61;58;61;5;3732;512;170;97.7;1.0;1.9;23.2;29.9;47;55;46.1;-7.2;35;43;44.9;-9.2;0;39;17
6482;264;264;5;3;2;0;2;2;0;0;0;0;0;11;0;1;8;71;70;69;12;4817;1313;419;106.4;3.0;3.0;21.7;40.4;56;95;37.1;-7.7;38;74;33.9;-11.1;0;0;0
6483;251;251;5;3;2;1;2;1;2;0;0;0;0;5;3;1;4;63;66;60;6;3205;729;91;112.9;3.4;2.2;16.8;31.5;40;51;44.0;-11.3;30;40;42.9;-11.3;0;38;18
6484;268;268;6;2;9;4;0;2;5;0;0;0;0;5;1;3;0;71;72;63;16;5347;1485;57;109.4;5.4;2.7;26.3;24.2;77;68;53.1;-1.4;57;54;51.4;-3.3;0;20;11
6485;271;271;7;0;1;-3;6;0;0;0;0;0;0;3;2;1;4;58;58;55;12;4573;597;455;92.3;2.4;4.7;32.3;31.5;65;71;47.8;-6.0;55;47;53.9;1.3;0;56;23
6486;267;267;4;0;2;5;0;0;0;0;0;0;0;4;0;5;5;70;56;80;4;3985;0;589;106.4;5.4;0.9;44.3;15.4;76;45;62.8;8.6;62;28;68.9;14.7;0;0;0
6487;267;267;6;3;0;-5;2;0;0;0;0;0;0;13;1;4;4;67;67;61;15;4899;1130;434;93.7;3.7;6.6;24.2;30.9;82;80;50.6;-2.3;58;59;49.6;-3.9;0;12;7
6488;261;261;6;0;1;-3;0;0;1;0;0;0;0;8;1;2;5;63;60;58;13;4580;576;424;92.0;1.6;3.9;26.7;28.3;64;61;51.2;0.9;46;46;50.0;0.5;0;40;22
6489;261;261;3;2;4;4;0;0;1;0;0;0;0;10;0;0;0;75;86;56;7;3051;316;150;116.0;4.7;0.0;29.5;18.9;53;27;66.3;21.3;36;22;62.1;13.5;0;4;0
6490;253;253;2;0;0;-2;2;0;0;0;0;0;0;3;2;0;3;51;51;53;1;1960;0;155;94.8;1.8;5.5;20.2;38.6;21;35;37.5;0.6;16;26;38.1;1.6;0;0;0
6491;256;256;6;3;0;4;4;0;0;0;0;0;0;4;1;1;0;65;66;58;14;5622;1203;48;103.3;3.8;1.3;44.2;23.7;120;64;65.2;13.7;96;52;64.9;14.1;0;5;3
6492;266;266;6;2;2;0;2;2;0;0;0;0;0;12;0;1;1;68;72;56;23;4832;1037;0;96.4;3.0;3.0;39.5;26.8;107;54;66.5;7.8;76;41;65.0;4.7;1;0;0
6494;269;269;6;1;0;1;2;0;0;0;0;0;0;1;1;2;3;59;57;63;5;3793;727;360;100.2;2.8;1.9;33.2;22.8;59;60;49.6;0.6;46;40;53.5;4.6;0;28;13
6495;262;262;5;0;2;-1;0;0;0;0;0;0;0;1;0;3;0;52;54;49;4;2611;70;0;103.7;5.5;6.9;24.8;37.2;30;50;37.5;3.7;21;38;35.6;4.9;0;9;2
6496;267;267;4;2;1;2;2;0;0;0;0;0;0;8;1;0;3;59;59;60;7;2403;611;69;106.4;4.5;1.5;34.5;22.5;35;34;50.7;-2.7;28;21;57.1;4.8;1;20;3
6497;269;269;2;0;1;1;2;0;0;0;0;0;0;1;0;0;0;56;55;55;0;833;0;44;114.3;4.3;0.0;30.3;43.2;11;23;32.4;-17.0;10;15;40.0;-12.1;0;3;2
6498;261;261;5;0;1;-3;0;0;0;0;1;0;0;3;2;3;6;64;56;63;6;3578;229;1024;85.2;0.0;4.0;26.2;27.2;51;46;52.6;2.3;35;35;50.0;0.6;0;59;33
6500;259;259;5;1;4;6;6;0;0;0;0;0;0;1;1;0;6;70;72;65;19;4908;537;390;109.5;6.6;2.2;35.9;24.9;78;58;57.4;6.5;64;47;57.7;5.1;0;0;0
6502;267;267;6;2;2;4;14;0;0;0;0;0;0;5;0;3;6;69;60;76;11;6519;334;848;107.3;5.0;3.3;25.4;27.1;95;87;52.2;-0.3;64;67;48.9;-4.5;0;0;0
6504;265;265;6;0;0;0;2;0;0;0;0;0;0;9;1;4;7;71;51;74;12;5497;107;926;98.6;1.3;1.3;39.3;27.5;113;73;60.8;9.6;91;59;60.7;10.5;0;0;0
6505;267;267;3;0;0;-6;2;0;0;0;0;0;0;2;0;1;2;59;59;58;2;2719;0;310;82.9;0.0;7.9;17.2;46.3;27;59;31.4;-16.2;18;48;27.3;-15.8;0;0;0
6506;273;273;6;1;3;3;0;0;0;0;0;0;0;3;1;4;9;68;59;74;12;5950;49;818;107.4;4.2;2.4;25.4;26.0;73;77;48.7;-2.7;57;55;50.9;-1.1;0;0;0
6508;269;269;6;2;2;-1;4;1;1;0;0;0;0;8;2;2;9;64;66;56;13;5243;399;1157;95.6;2.1;2.7;25.4;22.0;76;70;52.1;1.6;54;44;55.1;5.9;1;27;12
6509;264;264;2;0;1;-3;2;0;1;0;0;0;0;0;0;0;1;53;54;48;0;1364;132;100;86.4;0.0;7.9;18.5;58.1;15;34;30.6;-21.1;11;29;27.5;-24.7;0;0;0
6510;272;272;4;0;1;1;2;0;0;0;0;0;0;6;4;0;1;60;44;61;5;3639;76;350;97.8;4.0;3.0;42.5;25.7;71;51;58.2;2.3;61;41;59.8;0.3;0;0;0
6511;251;251;6;0;0;-1;8;0;0;0;0;0;0;10;6;3;4;63;61;64;12;5209;1016;915;97.7;0.7;1.4;37.3;33.2;92;75;55.1;3.2;68;64;51.5;-0.2;0;67;38
6512;257;257;6;1;3;3;2;1;1;0;0;0;0;8;0;1;6;71;68;67;12;5721;1504;335;105.2;3.1;1.3;28.9;22.0;91;74;55.2;7.1;68;51;57.1;10.4;0;119;58
6514;273;273;6;0;3;-1;11;0;0;0;0;1;0;7;0;3;15;59;57;60;6;6130;0;817;97.7;3.5;4.1;25.8;25.8;93;93;50.0;-0.9;68;61;52.7;1.6;0;0;0
6515;273;273;4;0;1;4;2;0;0;0;0;0;0;7;1;1;6;66;57;76;7;4104;0;309;109.5;4.4;0.9;34.2;26.3;70;56;55.6;9.2;50;43;53.8;7.3;0;0;0
6516;273;273;5;0;2;2;12;0;0;0;0;0;0;1;0;0;2;57;55;59;3;2241;317;191;109.5;3.2;0.0;33.7;25.7;35;30;53.8;6.3;28;23;54.9;6.9;0;14;6
6517;273;273;4;0;0;1;2;0;0;0;0;0;0;1;0;1;0;50;51;50;1;1374;12;0;109.1;2.6;0.0;28.8;18.3;21;13;61.8;13.1;14;10;58.3;8.5;0;3;1
6518;262;262;4;1;1;-3;14;0;1;0;0;0;0;4;1;0;3;57;60;51;4;2976;557;149;90.7;1.2;4.8;21.8;32.7;25;51;32.9;-4.5;21;44;32.3;-3.9;0;25;9
6519;265;265;7;3;1;0;2;0;0;0;0;0;0;3;3;2;6;59;59;55;13;5066;113;569;98.6;2.1;2.1;32.7;27.0;85;74;53.5;-0.4;65;50;56.5;3.8;0;39;16
6520;252;252;6;2;1;2;2;0;0;0;0;0;0;6;2;1;8;60;60;55;8;4591;0;836;103.7;4.7;3.1;29.0;25.1;68;67;50.4;-0.9;55;47;53.9;2.7;0;59;31
6521;268;268;7;3;1;-2;2;1;1;0;0;0;0;13;0;2;4;61;62;58;27;6445;1066;556;95.1;1.7;2.8;26.8;25.1;98;83;54.1;0.4;69;62;52.7;-1.2;1;0;0
6522;255;255;7;0;1;1;0;0;0;0;0;0;0;7;1;9;15;68;56;75;14;6873;231;1465;100.1;3.1;2.6;32.5;27.2;109;98;52.7;5.6;82;77;51.6;5.1;0;0;0
6523;271;271;6;0;0;-3;0;0;0;0;0;0;0;5;0;0;4;61;60;59;12;4894;345;258;91.1;0.7;2.9;33.1;26.5;74;63;54.0;0.1;60;44;57.7;3.9;0;21;11
6524;265;265;5;1;2;2;0;1;0;0;0;0;0;6;1;0;1;62;61;60;16;4536;768;195;104.2;2.4;0.8;35.7;31.7;93;64;59.2;5.6;62;52;54.4;-1.4;0;2;2
6525;257;257;6;0;0;0;2;0;0;0;0;0;0;8;1;4;21;77;54;80;12;6609;64;988;96.6;1.6;2.2;26.7;22.9;99;93;51.6;2.1;65;62;51.2;1.9;0;0;0
6526;256;256;3;0;1;1;4;0;0;0;0;0;0;5;1;0;0;63;63;59;10;3069;604;165;102.9;1.2;0.0;41.1;18.8;72;27;72.7;23.3;51;22;69.9;17.4;0;48;23
6527;258;258;3;0;4;6;0;0;0;0;1;0;0;3;0;1;5;79;56;81;6;2956;41;393;103.0;8.5;2.4;46.3;15.8;50;27;64.9;10.9;42;20;67.7;10.7;0;0;0
6528;252;252;6;1;1;-1;14;0;1;0;0;0;0;7;1;1;6;63;63;61;10;4987;913;395;99.7;1.4;2.2;23.1;33.2;71;84;45.8;-7.5;51;56;47.7;-6.1;0;2;0
6529;251;251;6;0;4;1;0;0;1;0;0;0;0;3;0;2;1;59;59;55;6;2760;583;3;112.0;5.2;3.9;22.2;33.9;36;49;42.4;-12.0;27;37;42.2;-10.8;0;38;20
6530;255;255;7;1;3;0;4;0;1;0;0;0;0;10;5;3;5;64;62;60;10;6144;673;649;100.2;3.5;3.5;31.1;31.6;86;102;45.7;-4.3;66;75;46.8;-1.9;0;85;42
6531;269;269;5;0;1;-1;17;0;0;0;0;1;0;11;3;3;1;65;60;66;9;3657;1167;522;91.9;3.0;3.9;34.5;23.6;56;52;51.9;5.5;43;34;55.8;9.5;0;53;36
6532;263;263;7;1;3;3;6;1;2;0;0;0;0;15;1;0;3;67;66;65;9;5031;1178;13;101.2;3.6;1.4;42.9;20.0;93;54;63.3;12.2;75;38;66.4;13.5;0;5;1
6533;270;270;6;2;3;-2;5;1;1;0;0;1;0;9;1;1;0;65;63;62;13;4470;1057;441;103.2;2.4;4.0;18.5;41.1;39;84;31.7;-8.0;26;69;27.4;-14.4;0;89;44
6534;264;264;5;5;3;3;2;1;1;0;0;0;0;9;0;2;6;72;73;61;20;4072;1150;255;109.6;5.3;2.7;30.9;35.4;56;78;41.8;3.8;45;58;43.7;7.7;0;45;18
6535;257;257;3;2;0;3;2;0;0;0;0;0;0;0;1;1;5;64;59;68;7;2627;64;262;110.4;5.5;1.4;32.9;21.9;49;32;60.5;1.8;35;22;61.4;3.6;0;0;0
6536;256;256;5;2;1;2;0;0;0;0;0;0;0;1;2;2;1;60;57;60;8;3115;518;53;100.4;5.8;3.5;39.3;24.3;60;54;52.6;-4.8;43;30;58.9;3.4;1;57;31
6537;260;260;4;0;1;-1;0;0;0;0;0;0;0;1;1;0;2;62;55;65;7;3711;193;453;93.3;1.0;1.9;25.2;18.4;54;47;53.5;11.4;37;32;53.6;11.4;0;0;0
6538;260;260;4;0;0;1;2;0;0;0;0;0;0;2;1;1;4;61;57;64;4;4272;527;324;105.6;3.4;2.5;25.3;32.9;53;68;43.8;-15.2;38;52;42.2;-18.7;0;0;0
6539;260;260;5;1;1;1;2;0;0;0;0;0;0;12;0;3;1;58;59;57;9;3603;138;132;104.9;3.0;2.0;27.0;32.0;46;56;45.1;-5.5;35;44;44.3;-8.5;0;28;9
6540;265;265;5;0;1;-3;7;0;0;0;0;1;0;2;0;0;1;58;59;57;5;2731;598;107;87.5;0.0;2.6;34.3;21.1;42;36;53.8;-2.8;34;24;58.6;3.8;0;36;22
6541;254;254;6;1;0;1;0;0;0;0;0;0;0;2;1;1;5;58;57;55;6;3688;15;677;102.2;2.9;2.0;32.2;28.3;66;52;55.9;7.7;45;39;53.6;7.8;0;46;28
6542;258;258;5;1;1;-1;16;0;1;0;0;0;0;16;0;1;0;57;63;50;12;3879;413;381;95.3;1.9;2.8;35.3;27.8;67;50;57.3;5.4;53;42;55.8;3.0;0;6;2
6543;264;264;4;0;0;0;0;0;0;0;0;0;0;5;0;0;1;57;56;53;3;2314;381;50;105.6;1.6;0.0;28.0;46.7;36;52;40.9;-3.9;28;42;40.0;-3.4;0;30;15
6544;270;270;5;1;5;-5;0;0;2;0;0;0;0;7;1;1;3;66;65;66;10;4169;955;167;94.7;3.5;6.9;25.0;36.3;47;80;37.0;3.7;38;58;39.6;6.8;0;78;30
6545;268;268;5;2;4;3;0;1;0;0;0;0;0;7;1;1;2;66;67;60;9;4470;97;677;106.8;4.8;2.4;31.4;28.2;67;61;52.3;-3.4;51;46;52.6;-4.6;1;0;0
6546;267;267;4;0;2;0;0;0;0;0;0;0;0;3;0;2;2;69;67;72;8;3039;623;187;101.4;3.6;3.6;28.4;32.0;43;48;47.3;-3.7;31;37;45.6;-2.3;0;45;20
6547;255;255;6;0;1;-4;2;0;0;0;0;0;0;5;3;3;14;60;60;58;7;6174;1327;297;99.2;4.1;5.8;25.7;35.0;88;118;42.7;-3.8;60;84;41.7;-4.5;0;0;0
6548;272;272;1;0;0;0;0;0;0;0;0;0;0;1;0;0;0;67;50;70;1;781;0;120;100.0;0.0;0.0;18.4;13.8;6;9;40.0;-29.2;5;7;41.7;-34.8;0;0;0
6549;267;267;1;0;0;0;0;0;0;0;0;0;0;1;0;0;1;55;51;60;0;625;0;0;100.0;0.0;0.0;5.8;40.3;5;17;22.7;-24.7;3;9;25.0;-15.0;0;1;1
6550;257;257;5;1;0;-3;4;0;0;0;0;0;0;3;1;0;2;52;53;49;2;2203;229;55;95.4;1.6;6.5;22.9;55.6;26;60;30.2;-22.9;21;45;31.8;-20.2;0;5;2
6551;251;251;5;4;2;0;2;2;0;0;1;0;0;9;2;3;0;67;64;71;5;3424;1461;182;97.1;3.2;4.2;31.5;32.6;62;57;52.1;-0.7;44;46;48.9;-3.1;0;67;33
6552;256;256;4;0;1;-2;0;0;0;0;0;0;0;3;2;2;3;63;60;70;12;3872;548;359;95.1;1.9;3.7;31.6;34.4;66;66;50.0;-5.6;48;46;51.1;-5.1;0;0;0
6554;265;265;2;0;0;1;0;0;0;0;0;0;0;1;0;0;1;48;48;49;1;1533;23;236;105.8;4.7;2.3;37.6;35.2;28;27;50.9;-2.3;25;21;54.3;2.7;0;0;0
6557;260;260;2;0;1;-2;0;0;0;0;0;0;0;1;0;0;2;62;54;68;3;1925;0;63;86.7;0.0;3.7;16.8;28.1;17;31;35.4;-15.7;12;23;34.3;-21.6;0;0;0
6560;256;256;4;0;2;-3;2;0;1;0;0;0;0;6;0;1;1;55;56;43;3;2277;172;44;91.1;3.2;7.9;28.5;39.5;33;42;44.0;-16.5;26;32;44.8;-15.0;0;23;11
6564;266;266;3;0;4;1;0;0;2;0;0;0;0;2;0;0;2;68;68;60;9;1916;711;0;103.8;3.8;1.9;37.6;30.1;35;31;53.0;-12.4;27;21;56.3;-13.0;0;44;19
6566;270;270;4;0;0;-2;2;0;0;0;0;0;0;2;2;0;1;51;51;48;1;1718;0;0;88.9;0.0;4.2;21.0;37.7;22;35;38.6;-3.1;15;24;38.5;-3.0;0;5;2
6567;253;253;6;0;2;0;6;0;0;0;0;0;0;6;1;1;7;64;60;69;6;6192;20;444;102.8;2.3;2.3;21.5;29.1;65;93;41.1;1.8;50;71;41.3;2.5;0;0;0
6569;258;258;4;1;2;1;0;0;1;0;0;0;0;4;0;4;4;66;64;69;14;3710;1099;516;96.9;6.8;5.8;41.7;30.1;57;53;51.8;-9.2;49;40;55.1;-7.8;0;0;0
6570;272;272;6;2;0;4;0;0;0;0;0;0;0;5;1;3;15;81;53;85;11;6209;387;1141;106.1;4.1;1.7;30.1;23.8;98;85;53.6;4.6;71;65;52.2;-0.9;0;0;0
6571;258;258;6;1;3;3;4;0;0;0;0;0;0;4;2;1;1;64;65;60;12;4647;592;547;99.2;5.4;3.1;46.5;24.8;91;50;64.5;14.4;77;41;65.3;15.4;0;6;4
6572;253;253;6;0;0;-2;0;0;0;0;0;0;0;4;0;1;2;60;59;58;8;5104;658;303;98.3;1.4;2.8;22.6;35.3;64;81;44.1;0.6;40;63;38.8;-6.0;0;39;19
6573;261;261;6;1;2;-3;2;0;1;0;0;0;0;4;3;5;3;58;56;57;9;4236;797;293;96.4;2.5;5.1;23.8;35.7;48;76;38.7;-15.1;38;54;41.3;-11.9;0;39;17
6574;267;267;5;1;2;2;2;0;0;0;0;0;0;4;2;2;0;57;56;56;6;2832;391;165;106.8;5.1;2.5;24.2;17.8;39;31;55.7;9.2;27;23;54.0;8.3;0;29;14
6575;269;269;6;1;0;-5;2;1;0;0;0;0;0;4;0;0;2;60;60;55;11;4780;1417;86;88.2;0.0;3.0;35.4;25.6;74;61;54.8;12.3;53;44;54.6;11.1;0;0;0
6576;273;273;6;1;3;7;4;0;0;0;0;0;0;4;2;1;6;64;64;62;17;5673;964;640;112.9;5.7;1.3;30.5;21.6;91;85;51.7;1.7;69;55;55.6;5.8;0;9;4
6578;252;252;6;2;4;-3;0;1;0;0;0;0;0;7;1;5;1;67;69;57;9;5559;428;779;96.6;3.9;5.8;25.3;31.1;82;79;50.9;-0.2;56;58;49.1;-4.2;1;55;23
6579;261;261;1;1;0;0;0;1;0;0;0;0;0;0;0;0;0;60;64;51;3;687;139;0;100.0;0.0;0.0;10.5;15.7;10;9;52.6;4.1;3;5;37.5;-13.4;0;0;0
6580;268;268;3;0;0;0;0;0;0;0;0;0;0;0;0;0;1;52;51;50;1;1044;0;62;100.0;0.0;0.0;24.1;31.0;11;16;40.7;-6.1;8;12;40.0;-5.8;0;2;1
6582;259;259;3;0;0;-5;2;0;0;0;0;0;0;2;0;0;9;60;50;61;3;2607;0;1004;83.9;0.0;6.9;31.8;42.8;40;44;47.6;2.8;31;39;44.3;-1.9;0;0;0
6584;269;269;4;2;1;0;14;0;0;0;1;0;0;7;1;0;10;60;53;62;5;3425;55;677;102.2;3.2;4.2;22.1;34.7;39;62;38.6;-11.2;28;43;39.4;-10.9;0;0;0
6585;254;254;6;1;2;-2;9;0;1;0;0;1;0;7;2;4;5;64;64;57;12;5838;809;164;96.5;3.1;4.3;27.7;29.6;94;84;52.8;4.4;66;67;49.6;3.3;0;51;22
6587;262;262;2;0;0;0;6;0;0;0;0;0;0;2;0;0;7;57;54;61;1;2054;79;194;105.3;7.0;7.0;29.8;38.6;26;38;40.6;2.1;21;29;42.0;4.3;0;0;0
6590;257;257;1;0;1;2;0;0;1;0;0;0;0;1;0;0;1;55;60;54;0;956;7;171;116.7;7.5;0.0;45.2;18.8;21;9;70.0;14.3;15;8;65.2;11.2;0;0;0
6592;251;251;4;0;1;2;0;0;0;0;0;0;0;3;0;0;3;54;55;50;4;1951;0;155;113.8;5.5;1.8;27.7;29.5;27;36;42.9;-8.3;19;25;43.2;-5.4;0;7;3
6593;271;271;3;1;1;1;2;0;0;0;0;0;0;1;2;1;4;66;61;76;7;2756;671;100;104.3;2.6;1.3;32.7;35.3;41;49;45.6;-7.8;33;36;47.8;-3.0;0;0;0
6594;272;272;3;0;1;1;0;0;0;0;0;0;0;1;1;0;1;56;55;54;1;1816;130;113;102.5;4.0;2.0;31.7;19.8;23;25;47.9;-4.9;18;18;50.0;-6.4;0;27;16
6595;254;254;2;0;1;0;2;0;0;0;0;0;0;3;0;0;2;61;61;64;1;1914;114;59;98.1;1.9;1.9;26.3;20.7;34;24;58.6;0.0;19;16;54.3;-8.1;0;0;0
6596;254;254;5;0;1;-1;0;0;0;0;0;0;0;1;2;2;3;55;55;50;5;2654;0;42;98.7;1.4;2.7;24.4;39.3;45;52;46.4;-3.9;30;38;44.1;-2.5;0;39;22
6597;253;253;7;0;2;-2;4;0;0;0;0;0;0;11;3;1;11;59;57;61;15;7041;865;437;101.9;2.6;3.6;21.0;34.8;72;125;36.5;-7.8;59;94;38.6;-4.3;0;0;0
6598;269;269;4;0;0;2;4;0;0;0;0;0;0;5;1;0;4;60;57;64;5;3661;377;355;108.5;3.0;1.0;26.6;37.4;43;63;40.6;-8.6;32;52;38.1;-14.1;0;1;0
6599;271;271;1;0;0;0;0;0;0;0;0;0;0;1;1;1;1;50;48;59;1;832;0;116;100.0;0.0;0.0;17.3;34.6;12;13;48.0;-19.3;6;10;37.5;-29.2;0;0;0
6600;255;255;6;2;1;-2;4;0;0;0;0;0;0;2;1;0;2;53;56;44;7;3841;41;86;92.4;3.7;5.6;27.2;26.2;53;55;49.1;0.8;36;42;46.2;-1.4;0;19;10
6601;265;265;5;1;1;3;0;0;0;0;0;0;0;3;1;3;2;60;61;56;8;4128;254;86;109.7;2.6;0.0;27.0;29.7;59;52;53.2;-4.6;42;41;50.6;-8.7;0;19;8
6602;257;257;5;2;1;0;0;0;0;0;0;0;0;15;1;1;3;62;72;52;13;4635;106;791;94.9;3.1;3.1;35.7;22.5;92;59;60.9;12.6;64;45;58.7;10.9;1;14;5
6603;260;260;1;0;0;0;0;0;0;0;0;0;0;0;0;0;0;63;62;62;0;846;179;16;100.0;0.0;0.0;21.3;29.8;11;16;40.7;-2.1;6;10;37.5;0.3;0;0;0
6604;263;263;6;1;2;4;2;0;0;0;1;0;0;4;0;5;4;63;60;63;16;5557;355;1108;105.9;2.6;0.6;31.1;26.6;89;79;53.0;-0.2;65;55;54.2;-1.7;0;30;12
6605;258;258;6;0;1;0;0;0;1;0;0;0;0;13;0;1;2;55;57;53;6;3869;189;884;94.2;0.9;1.9;37.2;22.3;64;47;57.7;3.6;45;35;56.3;1.8;0;5;0
6606;255;255;5;0;0;-3;2;0;0;0;0;0;0;1;5;0;8;60;57;62;10;4573;1089;544;94.6;2.4;4.7;33.1;37.8;70;81;46.4;-3.5;50;61;45.0;-3.5;0;0;0
6607;252;252;3;0;1;1;0;0;0;0;0;0;0;1;0;0;0;59;59;56;1;2012;401;0;116.7;1.8;0.0;10.7;25.0;24;32;42.9;5.9;15;19;44.1;7.0;0;13;6
6608;257;257;4;0;0;-3;2;0;0;0;0;0;0;3;0;1;5;55;55;52;2;2457;139;112;95.0;1.5;5.9;20.5;48.4;26;58;31.0;-19.9;16;44;26.7;-24.3;0;10;6
6609;269;269;5;0;3;1;2;0;0;0;1;0;0;2;0;1;0;56;57;53;1;2276;79;180;102.5;1.6;1.6;25.3;42.7;24;34;41.4;-13.8;18;29;38.3;-17.1;0;12;7
6610;253;253;4;0;1;-3;0;0;0;0;0;0;0;6;1;3;8;60;58;64;7;3773;453;289;92.0;1.0;3.8;33.4;35.3;51;66;43.6;0.9;38;48;44.2;1.4;0;0;0
6612;262;262;5;2;2;1;0;0;1;0;0;0;0;1;0;1;6;61;64;55;7;3890;553;308;114.7;5.6;4.6;19.4;33.3;39;69;36.1;1.0;30;53;36.1;3.5;0;5;3
6613;256;256;2;1;1;1;0;0;0;0;0;0;0;0;2;0;0;55;55;55;4;1373;136;0;108.4;5.2;2.6;36.7;44.6;20;28;41.7;-9.2;16;21;43.2;-7.1;0;13;7
6614;272;272;2;1;0;0;0;0;0;0;0;0;0;1;0;0;1;56;55;56;2;1703;35;184;100.0;2.1;2.1;27.5;27.5;32;25;56.1;-3.0;21;18;53.8;-7.0;0;0;0
6615;255;255;4;0;1;-2;4;0;1;0;0;0;0;1;0;1;0;51;52;49;2;2195;153;235;88.9;0.0;3.3;14.8;29.5;27;32;45.8;-8.9;14;26;35.0;-21.1;0;26;10
6616;268;268;1;0;0;0;0;0;0;0;0;0;0;5;1;0;1;65;59;71;0;1049;101;159;100.0;0.0;0.0;20.6;10.3;12;9;57.1;-4.2;7;7;50.0;-10.6;0;0;0
6617;269;269;3;0;1;3;2;0;0;0;0;0;0;3;1;0;3;55;55;53;4;1276;42;216;120.0;8.5;0.0;42.3;16.9;20;17;54.1;-3.6;18;10;64.3;7.5;0;3;1
6618;263;263;3;0;0;0;2;0;0;0;0;0;0;4;1;0;1;53;53;51;2;1838;191;0;100.0;0.0;0.0;25.5;17.6;22;23;48.9;-3.9;19;15;55.9;1.5;0;5;2
6619;251;251;5;0;2;-1;0;0;1;0;0;0;0;2;5;3;8;58;55;68;12;4681;313;397;100.4;2.3;3.1;26.9;37.7;65;77;45.8;-7.0;49;62;44.1;-7.6;0;0;0
6620;257;257;4;2;2;3;0;0;0;0;0;0;0;0;3;0;3;61;62;52;12;3001;769;67;108.7;6.0;2.4;31.2;22.8;40;49;44.9;-2.9;33;38;46.5;-0.8;1;0;0
6621;267;267;1;0;0;0;0;0;0;0;0;0;0;0;0;0;0;51;51;49;0;247;0;0;0.0;0.0;0.0;0.0;0.0;3;3;50.0;10.0;1;2;33.3;-3.4;0;1;1
6622;272;272;7;0;3;-4;0;0;1;0;0;0;0;3;2;3;6;50;54;48;6;4175;107;1033;86.2;2.6;6.0;29.3;26.7;62;64;49.2;-4.9;49;42;53.8;-2.0;0;55;27
6623;252;252;3;0;1;1;0;0;0;0;0;0;0;2;0;2;0;56;57;53;2;2016;0;0;111.5;3.6;1.8;19.6;26.8;22;29;43.1;-4.6;18;17;51.4;3.4;0;0;0
6625;262;262;6;0;1;-1;4;0;1;0;0;0;0;4;1;0;2;52;53;47;3;3994;219;31;110.6;3.6;4.5;17.1;43.3;37;85;30.3;-7.4;26;64;28.9;-6.4;0;11;4
6629;265;265;6;0;0;-2;6;0;0;0;0;0;0;6;1;0;1;51;53;47;8;3865;353;0;85.7;1.9;3.7;32.6;18.6;66;48;57.9;6.2;52;31;62.7;12.3;0;18;8
6630;266;266;1;0;0;0;0;0;0;0;0;0;0;0;0;0;0;52;53;46;1;437;31;0;100.0;0.0;0.0;24.7;33.0;5;9;35.7;-20.3;4;6;40.0;-16.4;0;2;1
6631;273;273;3;2;1;1;0;0;0;0;0;0;0;1;2;1;2;54;57;48;4;1986;13;13;100.9;5.4;3.6;23.6;16.3;26;26;50.0;-2.2;18;16;52.9;-1.9;0;0;0
6633;273;273;4;0;1;-1;2;0;0;0;0;0;0;1;1;1;2;53;53;52;1;2066;13;109;93.4;1.7;3.5;22.7;24.4;24;31;43.6;-9.9;19;22;46.3;-10.5;0;12;6
6634;268;268;5;0;1;-3;4;0;1;0;0;0;0;7;0;2;2;58;60;53;8;4009;341;82;95.3;1.8;3.6;27.8;32.3;58;66;46.8;-9.9;43;51;45.7;-10.1;0;16;7
6635;251;251;3;1;0;1;0;0;0;1;0;0;0;1;2;1;1;53;52;57;4;1320;128;11;101.2;2.7;2.7;32.7;38.2;21;26;44.7;-9.1;16;18;47.1;-4.9;1;14;8
6636;262;262;1;0;0;-1;0;0;0;0;0;0;0;1;0;1;1;58;56;61;0;878;192;111;87.5;0.0;4.1;12.3;32.8;6;16;27.3;-27.3;4;13;23.5;-38.2;0;0;0
6638;252;252;3;0;1;1;4;0;1;0;0;0;0;1;0;0;0;56;58;52;0;1997;347;0;113.1;3.6;1.8;16.2;19.8;26;23;53.1;-8.2;20;13;60.6;-2.6;0;13;10
6639;260;260;4;2;0;2;2;0;0;0;0;0;0;4;1;1;3;55;55;53;6;2596;68;14;115.5;4.2;1.4;20.8;30.5;27;39;40.9;-8.6;23;28;45.1;-4.7;0;14;8
6640;268;268;4;0;0;-1;0;0;0;0;0;0;0;3;0;0;5;58;58;53;5;3467;216;398;100.1;3.1;4.2;23.9;32.2;48;50;49.0;0.5;36;41;46.8;-3.5;0;0;0
6641;272;272;5;1;4;1;0;1;2;0;0;0;0;4;0;0;1;64;64;56;14;3407;982;0;98.6;3.2;2.1;34.9;20.1;64;41;61.0;6.1;46;26;63.9;5.7;0;40;21
6642;256;256;2;1;1;1;0;0;0;0;0;0;0;3;1;0;0;62;66;52;7;1560;374;0;102.0;4.6;2.3;41.5;25.4;32;19;62.7;3.8;25;15;62.5;5.7;0;5;4
6643;269;269;4;0;3;1;0;0;0;0;0;0;0;5;0;1;4;60;61;53;5;3085;204;100;109.2;4.7;3.5;21.0;26.8;42;43;49.4;3.8;24;30;44.4;-3.4;0;12;3
6644;256;256;4;0;3;-1;0;0;1;0;0;0;0;3;0;3;2;58;58;54;3;2483;382;81;98.1;2.9;4.3;24.6;31.9;30;37;44.8;-10.8;21;26;44.7;-11.8;0;26;12
6646;255;255;6;3;2;-1;2;0;0;0;0;0;0;1;3;5;2;55;56;53;9;3171;31;144;104.1;5.7;6.8;26.1;38.6;43;61;41.3;-6.6;31;48;39.2;-9.5;1;28;19
6647;267;267;5;1;0;3;0;0;0;0;0;0;0;6;1;0;0;55;56;50;6;3476;0;0;108.8;4.1;1.0;31.1;22.8;57;44;56.4;7.2;38;33;53.5;4.5;0;1;0
6648;253;253;5;0;1;-5;0;0;1;0;0;0;0;7;1;0;4;60;59;58;9;4700;535;326;91.7;1.5;5.4;28.3;39.1;61;89;40.7;2.2;46;65;41.4;3.9;0;0;0
6649;260;260;4;1;3;4;2;1;0;0;0;0;0;7;0;0;4;72;72;67;7;3991;913;237;112.9;3.6;0.0;28.0;33.4;49;71;40.8;-7.1;36;50;41.9;-5.4;0;0;0
6650;254;254;3;0;1;-2;6;0;0;0;0;0;0;4;1;0;2;60;62;49;4;2679;10;108;85.6;2.7;5.4;40.3;25.5;61;36;62.9;22.4;42;29;59.2;20.4;0;39;26
6651;251;251;2;1;0;0;2;0;0;0;0;0;0;1;0;0;0;55;55;51;1;888;161;0;116.7;4.1;4.1;16.2;48.6;8;20;28.6;-29.4;5;17;22.7;-37.3;1;0;0
6652;257;257;2;0;0;0;0;0;0;0;0;0;0;0;0;0;0;50;50;49;1;681;0;0;100.0;0.0;0.0;15.9;42.3;6;15;28.6;-19.5;4;10;28.6;-21.4;0;1;0
6653;267;267;4;1;3;1;2;0;1;0;0;0;0;6;1;3;3;64;67;54;9;3081;568;179;98.1;7.0;5.8;30.4;23.4;51;44;53.7;3.1;39;28;58.2;7.0;0;1;1
6654;260;260;4;0;0;-2;0;0;0;0;0;0;0;0;0;1;1;52;52;49;1;1700;119;0;83.3;0.0;4.2;14.8;25.4;19;33;36.5;-6.9;13;17;43.3;3.4;0;7;4
6656;271;271;4;0;1;-2;6;0;0;0;1;0;0;4;1;0;0;51;52;48;3;1800;24;36;83.3;0.0;6.0;20.0;36.0;16;32;33.3;-16.2;13;20;39.4;-10.4;0;2;0
6657;258;258;3;1;3;4;2;0;1;0;0;0;0;6;0;1;2;66;69;56;4;2478;449;0;116.7;8.7;2.9;34.9;34.9;42;43;49.4;-6.8;34;35;49.3;-9.4;0;0;0
6658;259;259;1;0;0;0;0;0;0;0;0;0;0;0;0;0;0;52;54;46;1;363;0;0;100.0;9.9;9.9;39.7;39.7;5;7;41.7;-5.5;4;5;44.4;-0.5;0;0;0
6659;251;251;5;0;1;-1;0;0;0;0;1;0;0;9;1;4;3;57;57;57;3;4289;104;551;95.7;0.8;2.5;21.0;30.2;56;62;47.5;-6.4;40;47;46.0;-7.2;0;0;0
6661;269;269;7;0;1;2;0;0;0;0;0;0;0;12;2;4;9;65;60;78;11;6690;998;1081;106.1;2.2;0.5;26.4;25.8;104;103;50.2;2.9;65;72;47.4;-2.0;0;0;0
6662;252;252;2;0;0;0;2;0;0;0;0;0;0;3;0;0;1;64;64;62;6;1250;387;0;100.0;0.0;0.0;49.0;17.3;31;12;72.1;25.1;21;9;70.0;20.0;0;9;7
6664;258;258;5;0;1;-1;0;0;0;0;0;0;0;3;0;0;1;55;55;50;3;2799;54;62;94.4;2.6;3.9;37.3;30.9;45;44;50.6;-3.7;35;32;52.2;-2.3;0;13;4
6665;255;255;5;1;3;1;0;0;0;0;0;0;0;6;1;0;0;59;60;53;14;3620;379;46;106.4;5.0;4.0;27.8;34.8;50;70;41.7;-5.1;35;51;40.7;-6.2;0;38;22
6666;256;256;1;0;0;-2;0;0;0;0;0;0;0;1;0;0;0;48;51;40;0;261;0;0;77.8;0.0;27.6;13.8;124.1;3;13;18.8;-42.1;2;12;14.3;-47.0;0;2;1
6667;266;266;6;1;2;3;8;0;0;0;0;0;0;4;3;0;2;53;48;54;7;5855;252;481;103.7;3.7;1.8;31.4;22.7;110;63;63.6;3.8;80;46;63.5;2.6;0;0;0
6670;259;259;3;1;0;-1;2;0;0;0;0;0;0;3;1;1;1;55;52;48;2;1328;0;8;95.7;2.7;5.4;24.4;35.2;16;24;40.0;-17.9;12;15;44.4;-13.8;0;2;1
6671;265;265;3;0;0;-2;0;0;0;0;0;0;0;1;0;0;3;53;55;50;4;1797;183;0;91.8;2.0;4.0;28.0;26.0;24;26;48.0;-11.0;19;17;52.8;-4.0;0;4;3
6672;256;256;3;0;0;0;0;0;0;0;0;0;0;6;1;0;3;58;56;60;8;2962;231;156;98.3;3.6;3.6;38.9;32.8;59;46;56.2;-3.8;44;34;56.4;-2.8;0;0;0
6673;266;266;4;1;1;0;2;0;0;0;0;0;0;2;1;1;3;60;62;49;5;2933;407;62;95.5;3.7;3.7;40.5;27.0;63;38;62.4;4.7;51;28;64.6;4.0;1;3;2
6674;254;254;3;0;0;2;0;0;0;0;0;0;0;1;1;0;1;51;50;49;0;1507;0;0;116.7;4.8;0.0;28.7;35.8;19;29;39.6;-5.6;15;21;41.7;0.3;0;0;0
6677;255;255;3;2;2;2;2;0;2;0;0;0;0;3;2;0;5;67;66;65;9;3102;354;103;103.4;4.6;2.3;38.3;26.7;54;53;50.5;5.3;40;42;48.8;4.3;0;0;0
6679;267;267;5;3;4;3;6;1;1;0;0;0;0;5;3;1;4;65;65;62;12;4368;677;514;111.0;4.9;2.5;23.9;25.5;69;62;52.7;-2.0;53;42;55.8;0.4;0;0;0
6682;271;271;1;0;0;1;0;0;0;0;0;0;0;0;1;0;0;57;54;64;3;941;40;127;111.1;3.8;0.0;34.4;11.5;15;5;75.0;19.4;10;4;71.4;17.8;0;0;0
6683;263;263;4;1;0;-2;4;0;0;0;0;0;0;4;1;1;2;54;52;56;6;3765;0;287;92.5;1.9;3.8;38.2;30.6;72;58;55.4;1.2;57;41;58.2;2.0;0;0;0
6684;267;267;1;0;0;0;0;0;0;0;0;0;0;1;0;0;0;53;52;48;0;385;0;0;83.3;9.4;9.4;28.1;18.7;3;4;42.9;-19.8;3;4;42.9;-21.8;0;0;0
6685;272;272;2;0;0;0;6;0;0;0;0;0;0;0;0;0;0;52;53;49;1;978;360;0;100.0;0.0;0.0;18.4;25.8;10;18;35.7;-8.8;7;12;36.8;-5.2;0;10;4
6686;271;271;4;0;0;-1;0;0;0;0;0;0;0;2;0;0;2;55;53;55;3;3339;11;480;92.6;1.1;2.2;34.5;20.5;57;33;63.3;8.9;45;27;62.5;7.7;0;0;0
6687;260;260;3;0;0;0;0;0;0;0;0;0;0;2;0;0;0;53;54;49;3;1260;101;0;104.3;2.9;2.9;20.0;28.6;11;18;37.9;-6.3;9;13;40.9;1.5;0;5;3
6689;264;264;3;0;0;-1;12;0;0;0;0;0;0;1;0;0;0;51;53;49;1;1237;263;0;100.0;2.9;5.8;17.5;34.9;10;21;32.3;-3.3;7;16;30.4;-4.4;0;13;8
6690;260;260;1;0;0;0;2;0;0;0;0;0;0;0;0;0;1;53;53;55;0;1019;56;16;100.0;0.0;0.0;17.7;38.9;14;15;48.3;9.4;10;12;45.5;13.0;0;0;0
6694;270;270;3;0;0;-2;13;0;0;0;0;1;0;4;1;0;0;50;52;48;0;1355;0;179;88.9;0.0;5.3;21.3;47.8;21;36;36.8;-0.1;16;27;37.2;-0.5;0;14;4
6695;269;269;4;0;3;1;2;0;1;0;0;0;0;4;0;0;3;60;60;60;4;3342;350;552;103.8;2.2;1.1;26.9;25.9;52;45;53.6;6.0;34;32;51.5;4.4;0;0;0
6696;272;272;5;0;1;-4;8;0;0;0;0;0;0;1;0;0;1;52;54;47;5;3016;174;61;86.0;1.2;6.0;22.7;31.0;36;54;40.0;-13.8;26;37;41.3;-15.9;0;17;5
6697;254;254;3;0;0;-4;0;0;0;0;0;0;0;3;0;0;2;48;51;45;1;2786;0;664;91.5;1.3;6.5;12.9;34.9;33;50;39.8;-22.2;19;34;35.8;-25.3;0;0;0
6698;260;260;2;1;0;1;0;0;0;0;0;0;0;5;0;1;0;57;65;52;3;1596;0;42;116.1;4.5;2.3;15.8;18.0;15;15;50.0;3.5;13;13;50.0;0.0;1;0;0
6699;252;252;2;0;0;-3;0;0;0;0;0;0;0;3;1;1;0;44;49;43;0;1881;10;364;90.3;0.0;5.7;5.7;59.3;12;50;19.4;-23.1;6;36;14.3;-32.4;0;0;0
6702;254;254;3;0;0;-3;0;0;0;0;0;0;0;3;0;0;2;51;54;44;0;1112;0;0;78.6;0.0;9.7;19.4;45.3;13;27;32.5;-18.6;10;17;37.0;-9.9;0;7;6
6703;257;257;2;0;1;-2;2;0;0;0;0;0;0;3;0;1;1;62;63;59;1;1699;126;301;90.0;2.1;6.4;27.5;36.0;23;29;44.2;-2.2;18;21;46.2;-2.0;0;0;0
6704;252;252;2;0;1;-2;0;0;1;0;0;0;0;1;0;0;0;53;54;49;1;650;193;0;50.0;0.0;11.1;11.1;22.2;8;10;44.4;-10.0;6;7;46.2;-5.7;0;0;0
6705;270;270;4;0;0;-2;0;0;0;0;0;0;0;3;0;0;1;52;53;47;4;2247;122;0;91.3;0.0;3.2;27.2;36.8;26;41;38.8;1.6;20;29;40.8;2.2;0;7;4
6707;251;251;6;2;0;-2;0;0;0;0;0;0;0;2;5;0;2;55;56;44;11;4510;305;70;92.4;4.8;6.4;32.7;28.7;85;62;57.8;7.7;60;46;56.6;7.9;0;7;2
6708;260;260;1;0;1;1;0;0;0;0;0;0;0;1;0;0;1;66;64;58;1;1029;0;0;125.0;3.5;0.0;14.0;45.5;6;24;20.0;-22.0;5;19;20.8;-26.8;0;1;1
6709;264;264;6;0;2;-1;4;0;0;0;0;0;0;8;1;3;10;60;55;62;7;6459;373;1349;97.9;3.3;3.9;30.1;29.5;110;104;51.4;15.8;77;75;50.7;15.7;0;0;0
6710;266;266;2;1;1;0;0;0;0;0;0;0;0;0;0;0;2;55;59;45;2;1104;31;0;96.0;6.5;6.5;35.9;29.3;23;17;57.5;-6.8;19;10;65.5;-5.4;0;1;0
6711;251;251;2;0;0;2;0;0;0;0;0;0;0;0;0;0;0;51;51;53;0;884;0;0;133.3;8.1;0.0;24.4;40.7;8;16;33.3;-19.3;7;13;35.0;-14.5;0;0;0
6712;267;267;5;0;1;3;2;0;0;0;1;0;0;6;1;2;5;64;60;67;3;3309;102;851;108.7;3.3;1.1;26.1;28.3;46;47;49.5;-2.7;31;42;42.5;-10.5;0;67;43
6713;257;257;5;0;1;0;2;0;0;0;0;0;0;0;0;0;0;53;54;51;2;2292;0;0;100.4;1.6;1.6;25.1;26.7;30;35;46.2;-2.6;22;25;46.8;-1.6;0;13;8
6715;272;272;1;0;0;-1;0;0;0;0;0;0;0;1;1;0;0;50;39;51;1;896;36;127;85.7;0.0;4.0;16.1;28.1;14;11;56.0;12.0;7;8;46.7;3.8;0;0;0
6717;261;261;2;0;0;-1;2;0;0;0;0;0;0;2;1;0;0;49;50;48;1;1338;52;0;92.3;0.0;2.7;18.8;35.0;13;24;35.1;-17.9;10;18;35.7;-16.1;0;0;0
6719;259;259;6;0;3;1;4;0;1;0;0;0;0;6;0;2;19;63;61;66;14;5517;1071;589;100.9;4.6;3.9;27.4;24.8;85;86;49.7;-3.2;63;54;53.8;1.4;0;0;0
6720;257;257;6;4;2;6;6;0;0;0;0;0;0;13;1;2;2;69;73;63;28;5574;863;107;107.9;4.5;0.6;37.5;15.5;115;58;66.5;23.8;75;37;67.0;23.9;0;5;4
6721;259;259;5;1;4;2;4;1;0;0;0;0;0;4;0;1;1;66;68;61;14;4201;1032;780;99.6;4.3;2.6;30.8;18.0;76;45;62.8;13.8;52;32;61.9;9.0;0;23;10
6722;259;259;5;0;0;-3;4;0;0;0;0;0;0;3;0;1;3;58;53;61;9;4556;61;537;85.0;3.2;5.5;34.8;22.9;73;56;56.6;-1.0;54;40;57.4;-2.8;0;0;0
6723;262;262;3;0;0;-2;2;0;0;0;0;0;0;1;0;1;1;51;51;51;3;2165;68;53;89.6;1.7;5.0;26.6;29.9;24;34;41.4;11.3;21;24;46.7;22.9;0;3;1
6724;267;267;1;0;0;-1;0;0;0;0;0;0;0;1;0;0;1;56;57;41;1;748;208;161;100.0;4.8;9.6;24.1;48.1;12;19;38.7;-18.2;8;11;42.1;-12.7;0;0;0
6725;259;259;4;1;1;-4;0;0;0;0;0;0;0;1;1;0;0;51;52;48;7;1959;207;7;81.8;0.0;7.4;16.5;40.4;27;36;42.9;-10.7;17;27;38.6;-16.0;0;18;4
6727;259;259;1;0;0;1;0;0;0;0;0;0;0;1;1;0;0;54;52;56;2;1020;0;12;84.8;7.1;3.5;38.8;10.6;17;7;70.8;2.3;16;4;80.0;8.6;0;0;0
6728;253;253;7;1;3;-1;4;0;0;0;0;0;0;1;1;2;6;58;59;52;4;4251;144;208;106.3;3.4;4.2;20.3;40.6;41;92;30.8;-14.1;32;66;32.7;-11.2;0;47;28
6729;251;251;6;2;0;-3;4;2;0;0;0;0;0;7;4;4;3;68;65;67;14;4918;928;878;92.5;1.5;2.9;37.3;25.6;88;56;61.1;11.7;69;47;59.5;10.7;0;35;15
6730;266;266;3;0;1;1;2;0;0;0;0;0;0;1;2;1;1;58;59;57;7;2373;0;371;103.1;3.0;1.5;36.4;28.8;46;28;62.2;10.5;36;21;63.2;11.7;0;33;12
6731;268;268;5;0;1;-3;9;0;0;0;0;1;0;12;2;2;12;61;50;63;8;4585;68;946;89.1;0.8;3.1;39.3;24.3;83;60;58.0;3.2;63;41;60.6;5.7;0;0;0
6732;262;262;4;1;1;-1;2;0;0;0;0;0;0;1;1;0;3;55;54;53;3;3329;617;192;104.8;2.2;3.2;16.2;37.8;28;72;28.0;-11.9;18;55;24.7;-14.5;0;17;4
6733;251;251;3;0;2;-1;2;0;0;0;1;0;0;3;0;1;3;63;55;65;2;2827;0;478;89.0;2.5;5.1;35.7;28.0;53;39;57.6;5.8;37;29;56.1;7.6;0;0;0
6734;256;256;6;0;1;-2;2;0;0;0;0;0;0;7;4;0;7;52;53;49;11;5739;0;384;96.2;4.4;5.6;32.6;32.6;109;86;55.9;-0.0;74;69;51.7;-6.1;0;0;0
6735;252;252;4;1;1;0;0;0;1;0;0;0;0;5;1;2;3;61;58;64;9;4438;163;242;100.9;0.8;0.8;17.0;21.1;55;47;53.9;5.6;35;34;50.7;0.4;0;0;0
6736;262;262;5;0;2;-3;0;0;0;0;0;0;0;3;0;2;11;52;54;49;12;4775;35;546;97.4;3.0;5.3;19.6;29.4;41;93;30.6;-9.1;33;67;33.0;-3.4;0;0;0
6737;265;265;4;0;0;-2;4;0;0;0;0;0;0;2;0;2;5;58;51;60;2;3134;94;360;91.3;1.1;3.4;29.9;27.6;46;38;54.8;1.8;37;31;54.4;1.6;0;0;0
6738;271;271;6;0;0;-1;0;0;0;0;0;0;0;2;1;0;1;50;50;48;2;2194;0;116;96.7;3.3;4.9;24.6;29.5;29;33;46.8;-5.1;19;24;44.2;-8.6;0;2;2
6739;272;272;7;2;3;4;6;0;1;0;0;0;0;4;1;1;0;61;60;61;15;3468;1431;0;119.9;6.2;2.1;21.8;23.9;58;48;54.7;2.0;37;37;50.0;-6.5;0;68;40
6740;262;262;6;1;1;-3;4;1;1;0;0;0;0;3;2;0;1;56;55;57;3;3532;480;301;94.9;0.0;2.0;14.3;39.8;38;72;34.5;-1.7;24;62;27.9;-7.6;0;56;29
6741;263;263;5;1;1;-3;6;0;0;1;0;0;0;1;1;1;11;63;52;65;9;4847;0;515;88.6;0.7;3.7;29.7;26.7;75;71;51.4;-5.3;57;47;54.8;-3.8;1;0;0
6742;270;270;5;2;0;1;2;2;0;0;0;0;0;1;2;1;6;58;52;62;9;4800;486;631;107.0;3.0;2.3;21.8;33.0;55;87;38.7;1.8;42;66;38.9;2.5;0;0;0
6743;259;259;7;2;0;-3;0;0;0;0;0;0;0;6;0;0;6;56;57;52;5;4809;293;188;93.7;1.5;3.0;29.2;26.2;67;67;50.0;-5.4;51;41;55.4;-0.5;0;43;17
6744;253;253;6;1;0;1;0;0;0;0;0;0;0;5;1;0;2;52;52;51;5;2725;76;127;105.9;4.0;2.6;29.1;34.3;37;52;41.6;-0.1;29;34;46.0;5.8;0;8;2
6745;264;264;2;0;0;2;2;0;0;0;0;0;0;1;0;1;0;62;61;64;3;1183;618;49;116.7;6.1;0.0;36.5;39.6;18;29;38.3;-8.2;13;20;39.4;-6.2;0;29;13
6746;269;269;5;0;1;-2;2;0;0;0;0;0;0;2;2;1;7;57;50;62;9;4757;88;530;95.2;0.8;2.3;29.5;31.0;61;83;42.4;-1.8;46;55;45.5;3.5;0;0;0
6747;266;266;5;1;1;-2;2;1;1;0;0;0;0;3;1;1;1;57;56;57;5;2500;613;58;86.7;1.4;4.3;33.1;24.5;42;37;53.2;-8.4;32;23;58.2;-5.8;0;37;20
6748;263;263;3;0;1;0;0;0;0;0;0;0;0;0;0;0;1;52;53;49;1;1383;0;169;95.7;2.6;2.6;26.0;18.2;17;20;45.9;-15.3;11;13;45.8;-18.9;0;4;3
6749;257;257;1;0;0;1;2;0;0;0;0;0;0;1;1;0;1;63;46;76;0;897;51;146;110.0;4.0;0.0;40.1;12.0;14;16;46.7;12.8;12;11;52.2;16.3;0;0;0
6750;272;272;2;0;2;1;2;0;0;0;0;0;0;1;1;1;4;61;52;63;1;1782;0;118;115.8;8.1;6.1;26.3;40.4;27;32;45.8;-4.2;19;24;44.2;-8.0;0;0;0
6752;252;252;1;0;0;0;0;0;0;0;0;0;0;0;0;0;0;52;50;52;0;900;0;171;112.5;4.0;4.0;16.0;32.0;9;16;36.0;-16.7;5;10;33.3;-19.6;0;0;0
6753;262;262;5;1;1;-3;0;1;0;0;0;0;0;3;0;1;0;53;55;46;5;3447;52;0;96.4;1.0;4.2;15.7;40.7;32;71;31.1;-8.5;21;54;28.0;-9.8;0;2;2
6754;262;262;3;0;0;-2;0;0;0;0;0;0;0;0;1;0;0;50;51;43;1;1535;0;0;88.0;2.3;7.0;21.1;30.5;12;23;34.3;-2.7;11;19;36.7;2.1;0;0;0
6755;256;256;1;0;0;-2;0;0;0;0;0;0;0;0;0;0;0;46;50;37;0;261;0;0;77.8;0.0;27.6;13.8;124.1;3;13;18.8;-42.1;2;12;14.3;-47.0;0;0;0
6756;258;258;2;0;2;1;2;0;1;0;0;0;0;2;0;3;5;94;55;95;4;1805;41;500;107.1;4.0;2.0;27.9;27.9;31;24;56.4;12.0;21;19;52.5;8.4;0;0;0
6757;269;269;5;1;0;-2;2;0;0;0;0;0;0;5;0;1;3;59;58;60;13;3702;578;295;94.6;1.0;2.9;26.3;32.1;49;56;46.7;-5.7;35;44;44.3;-9.4;0;28;17
6758;271;271;4;0;1;-2;0;0;0;0;0;0;0;0;0;0;1;53;55;48;1;1985;40;97;94.0;1.8;5.4;21.8;38.1;24;37;39.3;-17.4;15;27;35.7;-23.1;0;22;11
6759;261;261;3;0;0;-6;0;0;0;0;0;0;0;3;2;0;1;49;49;43;1;2229;74;160;78.6;0.0;9.7;24.2;45.2;27;44;38.0;-12.5;24;32;42.9;-8.3;0;14;4
6760;262;262;4;1;1;-1;2;0;1;0;0;0;0;0;2;1;3;60;59;58;8;4027;733;231;108.0;3.6;4.5;20.6;47.4;36;82;30.5;-10.3;29;70;29.3;-9.8;0;0;0
6761;273;273;4;0;0;1;0;0;0;0;0;0;0;4;3;1;2;58;58;57;5;4011;519;385;109.2;2.7;1.8;18.8;35.0;53;66;44.5;-2.3;38;57;40.0;-9.4;0;0;0
6762;265;265;4;0;2;2;0;0;0;0;0;0;0;8;0;0;8;63;61;65;2;4714;97;561;106.6;2.3;0.8;23.7;24.4;72;64;52.9;-10.2;45;38;54.2;-8.5;0;0;0
6763;257;257;3;1;3;3;2;1;0;0;0;0;0;5;0;0;0;62;64;52;4;2093;176;0;101.0;8.6;3.4;44.7;18.9;44;24;64.7;7.3;34;18;65.4;9.0;0;18;12
6764;263;263;7;3;4;2;2;2;0;0;0;0;0;15;1;4;6;77;78;71;19;6071;1416;96;102.0;3.6;2.4;29.6;23.7;98;86;53.3;-0.9;70;58;54.7;-2.3;0;118;69
6765;258;258;6;3;3;4;0;1;0;0;0;0;0;3;1;0;3;58;60;49;12;3803;208;129;116.7;7.6;3.8;25.6;29.3;51;50;50.5;-8.7;39;37;51.3;-8.4;1;5;3
6766;267;267;3;1;1;1;4;0;0;0;0;0;0;4;2;0;3;63;63;65;4;2819;939;306;112.6;3.8;2.6;19.2;34.5;33;45;42.3;0.4;20;39;33.9;-5.3;0;0;0
6767;251;251;2;0;0;-1;2;0;0;0;0;0;0;0;1;0;0;49;51;45;0;960;0;0;87.5;0.0;3.8;11.3;30.0;12;20;37.5;-17.0;8;13;38.1;-13.3;0;0;0
6768;261;261;2;0;1;-5;2;0;1;0;0;0;0;2;1;1;1;50;52;43;2;1225;76;168;68.8;0.0;14.7;41.1;47.0;25;24;51.0;0.6;21;17;55.3;4.1;0;27;11
6769;269;269;5;0;0;0;4;0;0;0;0;0;0;1;0;0;2;55;54;57;1;2909;189;47;100.0;0.0;0.0;19.8;44.6;31;52;37.3;-7.8;22;43;33.8;-12.3;0;31;15
6770;259;259;6;3;1;2;2;1;0;0;0;0;0;3;1;2;1;56;58;52;5;3735;367;279;108.3;5.8;3.9;25.1;26.0;53;57;48.2;-3.6;39;43;47.6;-6.3;0;31;11
6771;254;254;6;0;1;-1;5;0;1;0;0;1;0;7;5;4;14;61;53;65;18;6204;214;897;98.8;2.3;2.9;30.2;32.5;110;104;51.4;4.7;74;81;47.7;4.7;0;0;0
6772;273;273;4;0;0;-3;0;0;0;0;0;0;0;4;0;0;1;55;56;47;6;3337;208;41;88.1;1.1;4.3;31.3;28.0;54;44;55.1;9.7;41;35;53.9;6.8;0;8;2
6774;273;273;5;0;3;-3;0;0;1;0;0;0;0;11;3;2;9;65;55;71;10;5060;616;690;91.7;2.1;4.3;22.8;24.2;82;72;53.2;2.4;61;55;52.6;1.0;0;0;0
6776;259;259;2;1;0;1;0;0;0;0;0;0;0;5;0;0;1;64;59;64;4;1499;165;447;96.8;4.8;2.4;43.2;16.8;30;13;69.8;7.7;25;11;69.4;7.6;0;5;2
6779;258;258;7;5;6;5;11;1;2;0;0;1;0;8;4;1;3;65;66;58;20;4853;966;373;107.9;5.2;1.5;37.1;24.5;75;58;56.4;1.5;63;44;58.9;4.1;1;70;39
6781;252;252;1;0;1;1;0;0;0;0;0;0;0;2;2;0;2;63;53;68;0;709;0;133;133.3;5.1;0.0;15.2;15.2;11;6;64.7;21.8;5;4;55.6;10.6;0;14;7
6783;252;252;3;0;1;-3;0;0;0;0;0;0;0;4;0;0;3;54;57;45;0;1735;0;160;84.2;0.0;6.2;31.1;39.4;27;36;42.9;0.1;18;24;42.9;0.7;0;12;3
6784;255;255;1;0;0;0;0;0;0;0;0;0;0;0;0;0;2;52;51;53;0;272;0;0;100.0;0.0;0.0;52.9;66.2;4;13;23.5;-4.2;4;10;28.6;-1.9;0;0;0
6785;269;269;5;1;2;4;4;0;0;0;0;0;0;1;0;1;1;56;57;52;4;3342;102;29;117.7;5.4;1.1;25.9;34.5;48;58;45.3;2.4;30;43;41.1;-3.0;0;6;3
6786;259;259;3;0;0;0;2;0;0;0;0;0;0;1;0;0;1;54;54;53;2;1866;0;34;101.7;1.9;1.9;23.2;28.9;15;25;37.5;-18.5;13;16;44.8;-10.7;0;18;10
6788;263;263;1;0;0;0;0;0;0;0;0;0;0;0;0;0;1;59;60;56;2;620;16;0;100.0;0.0;0.0;34.8;17.4;11;7;61.1;2.4;9;5;64.3;1.1;0;3;3
6789;260;260;4;1;0;0;0;0;0;0;0;0;0;5;1;0;10;67;51;68;7;4250;78;657;100.5;1.7;1.7;23.7;25.4;59;63;48.4;6.5;41;40;50.6;9.7;1;0;0
6790;264;264;1;0;0;-3;0;0;0;0;0;0;0;1;1;0;1;44;46;41;3;786;0;32;75.0;0.0;13.7;18.3;55.0;7;21;25.0;-33.1;5;19;20.8;-38.4;0;0;0
6797;271;271;2;0;0;-1;0;0;0;0;0;0;0;2;0;0;0;56;52;57;4;1518;682;100;92.3;0.0;2.4;30.8;30.8;24;23;51.1;-0.4;18;18;50.0;2.0;0;1;0
6798;254;254;4;0;1;-2;6;0;0;0;0;0;0;3;1;1;0;57;59;52;3;3001;340;79;87.8;2.4;4.8;24.0;21.6;43;33;56.6;5.4;30;25;54.5;4.5;0;37;19
6799;265;265;2;0;0;-1;2;0;0;0;0;0;0;1;0;0;0;58;57;56;5;1597;462;121;91.7;0.0;2.3;38.3;27.1;31;25;55.4;8.9;23;18;56.1;12.7;0;0;0
6800;261;261;4;0;1;2;4;0;0;0;1;0;0;0;1;0;1;54;53;57;2;1719;100;202;109.1;2.1;0.0;23.0;29.3;21;21;50.0;-4.6;15;17;46.9;-8.1;0;12;8
6801;268;268;5;0;2;0;2;0;1;0;0;0;0;0;1;0;2;52;54;48;2;1725;79;0;97.6;4.2;4.2;29.2;25.0;26;22;54.2;5.0;18;16;52.9;5.2;0;5;3
6804;257;257;3;1;0;-2;2;0;0;0;0;0;0;1;0;0;0;55;58;47;2;1630;106;136;99.5;2.2;6.6;17.7;50.8;17;39;30.4;-24.6;12;31;27.9;-26.0;0;18;6
6805;268;268;2;0;0;-1;0;0;0;0;0;0;0;0;0;0;1;53;52;57;1;519;259;0;83.3;0.0;6.9;55.5;41.6;11;8;57.9;4.7;8;7;53.3;-2.0;0;4;2
6806;257;257;1;0;1;1;0;0;0;0;0;0;0;0;0;0;0;58;61;50;0;742;76;97;111.1;4.9;0.0;43.7;24.3;13;13;50.0;21.1;9;10;47.4;19.9;0;16;7
6808;253;253;5;3;1;5;0;0;0;0;0;0;0;3;0;0;2;55;56;50;5;2704;216;0;127.8;8.0;1.3;24.0;24.0;38;38;50.0;9.4;26;22;54.2;14.1;0;2;1
6809;258;258;3;0;0;-1;2;0;0;0;0;0;0;1;0;1;3;55;55;47;2;1515;64;118;97.6;2.4;4.8;33.3;49.9;28;34;45.2;-17.3;20;26;43.5;-19.5;0;15;8
6810;271;271;3;0;0;-1;2;0;0;0;0;0;0;9;1;1;1;62;57;66;3;2258;466;260;94.7;0.0;1.6;15.9;30.3;25;28;47.2;-10.1;16;22;42.1;-15.3;0;37;11
6811;264;264;4;1;0;0;2;0;0;0;0;0;0;3;1;0;7;61;60;67;9;3519;295;475;100.7;5.1;5.1;26.6;27.6;42;60;41.2;-2.5;32;37;46.4;4.8;0;0;0
6812;266;266;3;1;1;0;0;0;0;0;0;0;0;3;0;0;0;58;61;49;1;1367;42;138;98.2;5.3;5.3;29.0;26.3;20;15;57.1;-5.0;12;15;44.4;-17.5;0;19;13
6813;259;259;4;0;3;-1;2;0;0;0;0;0;0;7;1;0;5;67;64;73;5;3802;162;663;99.4;3.8;4.7;29.4;35.0;64;60;51.6;-2.0;46;49;48.4;-8.4;0;0;0
6814;251;251;1;0;0;0;0;0;0;0;0;0;0;1;0;0;1;52;52;50;0;506;0;25;100.0;0.0;0.0;14.2;42.7;3;9;25.0;-31.7;2;7;22.2;-33.3;0;9;4
6815;261;261;3;1;0;0;0;0;0;0;0;0;0;1;1;0;0;52;52;47;1;1801;0;69;102.4;4.0;4.0;24.0;28.0;19;24;44.2;-7.7;16;18;47.1;-2.9;0;2;1
6816;268;268;6;1;0;0;4;0;0;0;0;0;0;4;2;0;0;52;52;51;6;3228;68;167;102.0;3.3;3.3;22.3;25.7;45;48;48.4;-8.6;34;30;53.1;-3.5;0;28;16
6817;257;257;1;1;0;3;0;0;0;0;0;0;0;1;0;0;0;56;55;56;2;921;0;75;130.0;11.7;0.0;39.1;19.5;19;12;61.3;1.9;13;9;59.1;2.2;1;0;0
6818;253;253;4;0;0;-1;2;0;0;0;0;0;0;3;0;0;0;53;55;46;6;2409;0;0;89.2;3.0;4.5;50.8;26.9;46;37;55.4;17.8;38;28;57.6;23.5;0;2;0
6819;252;252;2;0;0;0;2;0;0;0;0;0;0;2;0;2;4;53;50;53;0;1782;18;145;75.4;4.0;4.0;26.3;10.1;32;25;56.1;-4.2;20;13;60.6;-1.9;0;0;0
6820;265;265;4;0;1;-1;2;0;0;0;0;0;0;6;1;1;0;54;52;54;6;4313;272;509;96.9;2.5;3.3;30.0;29.2;64;59;52.0;-2.2;49;46;51.6;-2.8;0;0;0
6821;263;263;4;0;0;1;0;0;0;0;0;0;0;2;1;0;0;51;52;47;0;1751;76;59;107.6;4.1;2.1;24.7;22.6;31;31;50.0;0.5;18;20;47.4;-3.7;0;3;1
6822;263;263;2;1;1;3;2;0;0;1;1;0;0;1;0;0;6;74;53;77;5;1530;0;516;112.5;4.7;0.0;37.6;21.2;28;21;57.1;8.9;20;15;57.1;6.5;1;0;0
6823;254;254;1;0;0;0;0;0;0;0;0;0;0;1;0;0;0;52;51;50;1;402;0;0;100.0;0.0;0.0;35.8;26.9;8;10;44.4;-9.9;7;5;58.3;3.1;0;0;0
6824;258;258;1;0;1;2;2;0;0;0;0;0;0;0;0;0;0;55;60;53;1;969;54;117;116.7;7.4;0.0;44.6;29.7;19;14;57.6;17.6;16;12;57.1;16.2;0;0;0
6825;254;254;3;0;1;1;0;0;0;0;0;0;0;2;0;0;1;53;53;49;0;954;0;49;120.0;3.8;0.0;18.9;34.0;7;23;23.3;-20.3;6;14;30.0;-7.2;0;12;7
6826;253;253;4;0;1;0;12;0;0;0;0;0;0;2;2;1;0;51;51;50;2;2023;76;0;101.1;1.8;1.8;30.3;37.4;31;33;48.4;5.3;23;29;44.2;-0.5;0;0;0
6827;266;266;1;0;0;0;0;0;0;0;0;0;0;0;1;0;0;55;55;51;1;576;218;0;83.3;6.3;6.3;18.8;12.5;10;4;71.4;22.9;4;4;50.0;-3.7;0;7;4
6831;259;259;3;0;0;-1;0;0;0;0;0;0;0;2;0;0;2;51;51;51;0;920;0;80;80.0;0.0;3.9;11.7;19.6;10;11;47.6;-8.9;6;6;50.0;-9.2;0;4;1
6832;270;270;7;0;5;1;8;0;0;0;0;0;0;7;0;2;5;54;56;53;8;6673;196;625;105.0;3.2;2.7;25.9;36.1;73;130;36.0;-1.5;56;96;36.8;-0.8;0;0;0
6833;259;259;1;0;1;0;2;0;1;0;0;0;0;1;0;0;0;66;70;50;2;884;167;46;64.3;4.1;4.1;28.5;8.1;15;6;71.4;3.0;8;4;66.7;-9.3;0;0;0
6835;266;266;5;2;0;-1;2;0;0;0;0;0;0;4;2;1;6;56;51;57;9;5051;78;1026;99.7;2.9;3.6;22.1;27.1;66;67;49.6;-19.3;44;48;47.8;-21.7;1;0;0
6836;264;264;3;1;1;-1;0;0;0;0;0;0;0;0;2;0;2;50;52;45;1;1222;81;0;127.5;5.9;8.8;14.7;70.7;10;37;21.3;-22.0;8;29;21.6;-22.0;0;34;14
6837;270;270;3;0;1;1;0;0;0;0;0;0;0;0;1;1;2;56;54;59;2;2037;342;0;122.2;3.5;0.0;15.9;31.8;12;29;29.3;-2.0;9;24;27.3;-4.1;0;0;0
6839;270;270;3;0;1;1;2;0;0;0;0;0;0;0;1;0;2;52;53;50;4;2008;149;3;107.6;3.6;1.8;25.1;26.9;15;31;32.6;-5.4;14;22;38.9;1.1;0;5;3
6846;256;256;2;0;0;-3;0;0;0;0;0;0;0;0;0;0;0;48;51;41;1;931;0;0;62.5;0.0;11.6;27.1;30.9;12;20;37.5;-27.4;8;12;40.0;-22.0;0;1;1
6848;257;257;1;0;0;-2;0;0;0;0;0;0;0;0;0;0;2;46;52;40;0;865;0;96;60.0;0.0;8.3;16.6;20.8;8;14;36.4;-2.4;6;9;40.0;-2.6;0;0;0
6850;263;263;2;1;0;0;2;0;0;0;0;0;0;0;0;0;0;56;58;51;2;1031;0;179;105.7;3.5;3.5;17.5;24.4;21;23;47.7;-1.9;10;13;43.5;-7.1;1;9;3
6851;271;271;2;0;0;1;0;0;0;0;0;0;0;2;0;0;0;55;56;49;4;1363;0;0;107.7;2.6;0.0;34.3;23.8;27;18;60.0;0.6;21;15;58.3;-3.1;0;0;0
6852;260;260;1;0;0;-1;0;0;0;0;0;0;0;0;0;0;0;52;54;45;0;456;0;0;75.0;0.0;7.9;7.9;31.6;6;13;31.6;-4.7;3;5;37.5;-0.4;0;0;0
6853;262;262;2;0;0;-2;0;0;0;0;0;0;0;0;0;1;2;57;55;61;0;1697;30;210;88.9;0.0;4.2;14.8;38.2;17;32;34.7;-10.7;8;26;23.5;-27.2;0;0;0
6856;265;265;2;0;0;-1;2;0;0;0;0;0;0;1;1;0;0;51;51;48;0;609;38;143;66.7;0.0;5.9;17.7;17.7;6;5;54.5;12.2;3;4;42.9;0.5;0;2;2
6860;256;256;1;0;0;-3;0;0;0;0;0;0;0;1;0;0;0;38;51;36;1;928;56;43;62.5;0.0;11.6;15.5;31.0;16;11;59.3;6.2;13;10;56.5;3.5;0;0;0
6864;270;270;6;0;0;-6;0;0;0;0;0;0;0;6;2;2;11;59;50;60;4;5544;91;779;95.2;1.9;5.8;20.1;40.3;65;118;35.5;-1.7;46;85;35.1;-2.5;0;0;0
6866;253;253;1;0;0;0;0;0;0;0;0;0;0;0;0;0;1;49;49;51;0;405;0;0;0.0;0.0;0.0;0.0;44.4;2;14;12.5;-35.2;2;10;16.7;-29.7;0;0;0
6867;262;262;3;0;1;-1;0;0;0;0;0;0;0;1;1;1;0;52;51;49;0;1271;0;55;98.5;2.8;5.7;17.0;31.2;9;25;26.5;-9.8;6;19;24.0;-8.5;0;9;4
6869;253;253;2;0;0;-2;0;0;0;0;0;0;0;2;0;0;2;61;61;60;4;1806;165;437;86.7;0.0;4.0;17.9;29.9;19;21;47.5;5.4;11;19;36.7;-5.7;0;10;2
6871;273;273;1;0;0;0;0;0;0;0;0;0;0;0;0;0;0;50;53;43;0;222;0;0;175.0;16.2;16.2;16.2;64.9;2;8;20.0;-46.2;1;4;20.0;-49.6;0;0;0
6872;261;261;3;0;0;1;0;0;0;0;0;0;0;0;1;0;0;51;50;51;2;1241;0;0;111.1;2.9;0.0;26.1;26.1;13;16;44.8;-11.2;11;12;47.8;-6.4;0;0;0
6874;268;268;6;3;3;-3;4;2;1;0;0;0;0;4;2;0;2;63;66;54;15;4530;1031;249;88.8;2.4;4.0;35.8;22.3;84;52;61.8;11.6;63;41;60.6;10.2;0;65;39
6877;262;262;4;0;1;1;0;0;0;0;0;0;0;3;2;1;1;56;56;54;4;2696;359;496;108.2;5.3;4.0;29.4;40.1;35;48;42.2;7.6;27;39;40.9;7.4;0;21;15
6879;264;264;3;0;0;0;6;0;0;0;0;0;0;3;1;2;1;51;49;55;2;1264;463;58;104.2;2.8;2.8;17.1;22.8;13;14;48.1;-0.5;8;8;50.0;2.1;0;16;5
6880;265;265;5;2;1;1;4;0;0;0;0;0;0;2;2;2;2;57;55;56;7;3431;230;490;102.0;3.1;2.1;31.5;26.2;52;48;52.0;-1.6;43;36;54.4;1.7;1;37;20
6883;261;261;6;0;0;2;4;0;0;0;0;0;0;2;0;0;18;55;50;56;6;5196;0;1087;100.9;3.5;3.5;31.9;34.6;81;95;46.0;-7.3;57;64;47.1;-4.9;0;1;0
6885;259;259;5;0;1;-2;2;0;0;0;0;0;0;4;1;2;4;60;58;59;4;2747;33;970;94.4;2.6;3.9;30.1;27.5;42;39;51.9;-1.8;32;29;52.5;-3.2;0;46;21
6888;269;269;3;0;0;-2;0;0;0;0;0;0;0;1;1;4;8;65;48;67;1;2679;55;330;77.3;1.3;4.0;29.6;14.8;39;31;55.7;6.2;29;15;65.9;16.6;0;0;0
6889;258;258;2;0;2;3;0;0;0;0;0;0;0;1;1;1;2;63;63;60;7;2001;244;168;118.8;5.4;0.0;28.8;48.6;27;46;37.0;-17.8;20;37;35.1;-19.0;0;0;0
6890;266;266;4;0;1;-1;2;0;1;0;0;0;0;1;0;0;2;57;56;56;2;1477;144;154;92.3;0.0;2.4;17.1;31.7;16;24;40.0;-22.9;8;15;34.8;-30.9;0;27;14
6891;251;251;4;1;2;-1;2;0;2;0;0;0;0;8;0;3;4;65;66;64;14;3495;768;459;95.8;2.1;3.1;24.7;24.7;54;36;60.0;11.3;37;27;57.8;9.5;0;0;0
6892;255;255;5;0;2;-2;0;0;2;0;0;0;0;5;3;0;1;53;54;49;3;2653;265;229;97.3;2.7;5.4;20.4;33.9;26;46;36.1;-14.9;17;33;34.0;-15.7;0;13;3
6894;257;257;3;0;1;0;0;0;0;0;0;0;0;0;0;0;0;55;56;49;2;1555;107;0;98.6;2.3;2.3;30.1;25.5;26;23;53.1;-7.6;17;17;50.0;-10.8;0;8;5
6896;252;252;2;0;0;0;0;0;0;0;0;0;0;1;0;2;5;63;52;65;1;1552;0;596;105.4;2.3;2.3;18.6;32.5;18;30;37.5;-21.6;12;19;38.7;-21.5;0;0;0
6899;257;257;3;0;0;-3;0;0;0;0;0;0;0;4;0;0;1;52;58;48;3;1944;0;304;85.7;0.0;5.6;24.1;38.9;22;36;37.9;-15.9;14;28;33.3;-23.3;0;13;5
6900;255;255;1;0;1;0;0;0;0;0;0;0;0;2;0;1;1;71;54;73;0;748;0;292;100.0;4.8;4.8;28.9;28.9;11;12;47.8;10.2;9;9;50.0;10.0;0;0;0
6901;271;271;3;0;0;-4;0;0;0;0;0;0;0;1;0;0;0;49;50;42;1;1061;0;0;66.7;0.0;13.6;33.9;40.7;15;16;48.4;-7.9;14;13;51.9;-3.5;0;0;0
6904;270;270;2;0;0;-1;0;0;0;0;0;0;0;0;0;0;1;50;51;48;3;942;64;0;91.7;0.0;3.8;15.3;45.9;14;24;36.8;7.6;11;17;39.3;8.7;0;1;1
6906;268;268;1;0;0;0;0;0;0;0;0;0;0;0;0;0;0;60;51;62;1;619;0;317;100.0;0.0;0.0;52.3;17.4;12;7;63.2;4.5;10;5;66.7;13.5;0;0;0
6907;253;253;3;0;0;-1;0;0;0;0;0;0;0;5;1;0;1;55;51;58;0;1522;33;447;93.3;0.0;2.4;2.4;35.5;3;39;7.1;-41.0;3;28;9.7;-37.7;0;17;9
6910;263;263;6;0;2;1;0;0;0;0;1;0;0;6;0;0;5;59;58;56;9;2962;0;510;90.9;3.6;3.6;37.7;19.4;52;43;54.7;2.0;33;29;53.2;-2.5;0;35;20
6912;290;290;7;0;5;2;8;0;0;0;0;0;0;8;2;2;8;65;65;65;23;5893;906;799;99.5;3.1;2.4;39.1;29.3;106;86;55.2;11.3;81;65;55.5;12.3;0;113;59
6914;279;279;3;1;3;1;2;0;1;0;1;0;0;2;0;1;1;70;74;61;8;2196;1174;217;114.0;4.9;3.3;23.0;44.3;27;46;37.0;-7.2;23;38;37.7;-7.6;1;3;0
6916;279;279;4;3;1;1;4;0;1;0;0;0;0;5;0;0;3;61;65;53;9;2982;1005;333;115.4;4.8;3.6;20.5;44.7;31;65;32.3;-13.7;25;53;32.1;-14.4;1;13;5
6918;279;279;5;1;4;-2;8;1;1;0;0;0;0;7;2;3;5;71;68;72;16;4414;1354;201;98.0;2.4;4.1;26.9;36.7;55;84;39.6;-5.7;44;65;40.4;-4.4;0;92;45
6919;287;287;2;3;1;-1;0;2;1;0;0;0;0;5;2;1;1;62;63;58;8;1098;860;204;97.8;3.3;6.6;29.5;49.2;15;26;36.6;-18.0;12;19;38.7;-13.5;0;3;1
6922;282;282;7;5;5;0;4;2;3;0;0;0;0;8;0;2;7;69;70;60;17;5418;1392;471;102.3;4.0;3.3;28.6;28.6;96;75;56.1;0.4;68;55;55.3;0.7;0;107;51
6923;288;288;4;0;0;0;2;0;0;0;0;0;0;8;1;1;12;74;51;77;3;4024;0;686;101.3;1.8;1.8;27.7;34.9;54;60;47.4;-9.3;41;46;47.1;-10.3;0;0;0
6924;275;275;4;2;0;0;2;1;0;0;0;0;0;1;1;0;1;56;57;53;8;2500;502;112;113.1;2.9;2.9;13.0;31.7;33;40;45.2;-9.6;21;31;40.4;-13.7;0;38;21
6925;282;282;3;0;0;1;0;0;0;0;0;0;0;3;0;0;0;58;61;52;6;2831;83;381;106.2;2.5;1.3;25.4;33.1;44;44;50.0;-6.3;33;32;50.8;-4.2;0;13;10
6927;290;290;5;0;2;2;2;0;0;0;0;0;0;6;0;1;1;60;63;52;1;4072;867;36;111.7;6.2;4.4;27.4;40.7;64;82;43.8;-4.6;43;56;43.4;-5.2;0;4;1
6928;287;287;5;2;4;2;2;1;2;0;0;0;0;4;1;1;5;70;68;70;16;4536;775;241;104.3;3.2;2.4;29.4;36.5;63;73;46.3;0.5;49;61;44.5;-2.1;0;58;32
6929;290;290;4;1;2;2;2;0;0;0;0;0;0;2;0;1;0;59;62;52;4;2334;169;108;107.3;6.2;3.1;32.4;26.2;38;37;50.7;3.6;27;30;47.4;1.7;0;1;0
6930;285;285;7;5;5;6;4;2;1;0;0;0;0;11;1;3;2;69;70;62;19;5383;1258;267;111.0;6.0;1.3;38.8;29.4;98;77;56.0;0.2;81;57;58.7;2.8;1;116;73
6931;290;290;5;6;2;5;2;0;0;0;0;0;0;6;2;1;9;72;77;71;14;4414;896;1113;112.7;6.5;2.4;31.0;29.4;69;72;48.9;2.5;50;52;49.0;3.6;1;110;68
6932;289;289;7;2;1;2;0;0;0;0;0;0;0;10;2;1;8;66;64;63;17;6116;510;977;103.8;2.4;1.2;30.6;30.6;88;91;49.2;2.3;67;66;50.4;3.9;0;19;8
6933;287;287;5;3;7;1;0;2;4;1;0;0;0;3;3;2;3;73;72;68;16;4807;1109;352;102.3;3.0;3.0;31.5;41.2;75;89;45.7;-0.6;53;69;43.4;-4.3;1;0;0
6934;277;277;3;1;1;3;0;0;0;1;0;0;0;3;0;1;2;64;55;66;4;2825;0;726;104.1;3.8;1.3;40.8;24.2;62;36;63.3;-3.0;44;23;65.7;2.5;0;0;0
6935;277;277;6;0;4;4;0;0;0;0;0;0;0;6;2;3;4;66;60;64;9;4195;0;770;104.9;5.1;1.7;37.8;19.7;87;49;64.0;0.8;70;35;66.7;4.8;0;71;33
6936;288;288;6;2;5;6;2;0;1;0;0;0;0;6;2;1;10;68;67;70;11;5439;507;829;116.3;6.6;2.0;29.8;33.8;78;85;47.9;0.2;60;67;47.2;-0.1;1;0;0
6937;284;284;4;1;4;-1;4;1;0;0;0;0;0;3;3;0;1;60;62;50;16;3834;822;52;96.5;3.8;4.7;37.6;34.7;54;65;45.4;2.2;49;52;48.5;5.5;0;1;0
6938;277;277;6;4;5;2;4;1;3;0;0;0;0;0;0;4;7;73;73;70;14;4596;1576;0;110.0;3.1;0.0;31.3;19.6;81;57;58.7;-6.3;57;37;60.6;-3.3;0;84;44
6939;281;281;6;3;5;1;0;0;1;1;0;0;0;4;1;3;4;67;70;60;12;4634;452;942;99.4;3.1;3.1;30.3;28.7;76;59;56.3;-4.2;52;46;53.1;-6.9;2;13;4
6940;281;281;7;2;3;2;13;0;0;0;1;1;1;19;0;2;3;65;66;59;17;5571;137;982;100.2;2.6;1.9;33.6;25.8;104;60;63.4;9.1;70;47;59.8;5.8;0;86;47
6941;283;283;5;2;3;1;4;1;1;0;0;0;0;9;1;2;2;64;68;54;16;4461;365;740;94.2;4.0;3.2;39.5;20.2;82;50;62.1;1.6;70;33;68.0;6.0;1;20;12
6942;285;285;7;1;4;0;4;1;2;0;0;0;0;3;2;2;12;69;67;73;17;6597;1446;568;99.4;3.3;2.7;37.7;29.5;120;89;57.4;2.2;96;70;57.8;1.8;0;0;0
6943;279;279;3;1;2;2;4;1;0;0;0;0;0;0;0;0;5;63;63;63;2;1542;107;430;115.7;7.0;2.3;23.3;16.3;22;18;55.0;15.9;18;14;56.3;18.0;0;18;3
6945;279;279;7;1;6;2;2;0;2;0;0;0;0;12;1;3;15;69;70;66;14;6894;1468;741;102.1;3.1;2.6;32.4;34.5;102;116;46.8;6.5;81;87;48.2;9.1;0;0;0
6946;275;275;6;1;2;0;2;0;0;0;0;0;0;9;2;1;6;61;59;64;9;5469;429;190;94.5;3.3;2.6;37.5;18.4;106;53;66.7;17.0;81;43;65.3;16.3;0;0;0
6947;288;288;7;1;4;-5;0;1;1;0;0;0;0;9;2;3;13;67;62;75;14;6287;1530;1168;93.2;1.7;4.6;32.1;37.8;114;111;50.7;5.7;83;89;48.3;2.3;0;0;0
6948;285;285;7;2;4;2;6;0;1;0;0;0;0;7;2;0;6;65;63;67;36;6803;851;518;98.8;3.7;2.6;43.9;27.5;145;94;60.7;7.4;119;73;62.0;8.4;1;0;0
6951;278;278;5;1;2;4;2;1;1;0;0;0;0;2;2;3;1;61;61;60;13;3969;1338;205;112.9;3.6;0.0;28.1;38.1;46;74;38.3;-4.7;37;57;39.4;-2.5;0;9;7
6952;291;291;6;0;3;-2;2;0;1;0;0;0;0;4;0;2;3;57;57;58;3;3853;327;425;100.7;1.9;3.7;18.7;40.2;34;71;32.4;-11.6;25;58;30.1;-13.6;0;62;29
6953;281;281;7;2;5;1;6;1;0;0;1;0;0;4;1;1;7;69;69;63;25;6996;2178;568;102.7;4.1;3.1;34.0;32.9;116;102;53.2;-5.8;79;77;50.6;-7.8;0;0;0
6954;282;282;5;0;7;5;0;0;0;0;0;0;0;5;1;3;9;69;62;72;11;5415;161;484;109.4;6.0;2.7;31.2;27.3;98;77;56.0;-0.7;73;51;58.9;5.3;0;0;0
6955;280;280;7;3;8;6;2;0;4;0;0;0;0;7;2;1;17;72;73;65;22;6260;1320;1257;106.6;6.3;2.9;35.7;25.9;102;85;54.5;2.7;83;59;58.5;8.1;0;46;24
6956;274;274;6;4;0;-4;4;2;0;0;0;0;0;9;2;4;6;68;67;67;16;4990;1386;913;93.6;1.4;4.3;21.6;33.2;62;85;42.2;-3.7;47;67;41.2;-4.5;0;17;8
6957;283;283;6;0;6;5;0;0;0;0;1;0;0;9;1;2;1;69;70;63;11;5213;517;978;104.1;4.8;2.1;35.9;22.1;98;49;66.7;9.0;70;37;65.4;4.2;0;42;22
6958;278;278;6;1;3;3;10;1;2;0;0;0;0;14;0;0;10;72;71;77;24;5751;1872;454;111.8;3.8;1.3;24.4;35.1;80;88;47.6;-0.0;60;74;44.8;-3.1;0;0;0
6959;276;276;7;3;0;1;2;1;0;0;0;0;0;9;1;1;3;66;67;62;13;5224;298;828;90.9;2.1;2.1;24.1;11.7;65;50;56.5;18.4;47;30;61.0;24.1;0;34;15
6960;274;274;6;1;6;-2;2;0;3;0;0;0;0;9;2;1;2;66;67;59;13;4775;1371;57;95.5;3.8;4.5;26.4;24.1;64;59;52.0;8.9;46;46;50.0;6.3;0;15;7
6961;279;279;4;0;1;0;0;0;0;0;1;0;0;3;0;1;4;66;64;67;5;3624;498;588;100.6;2.0;3.0;22.8;36.8;47;56;45.6;7.5;33;47;41.3;0.2;0;0;0
6962;285;285;7;1;4;1;2;1;1;0;0;0;0;3;2;4;4;63;64;58;15;4929;1399;101;105.3;3.7;2.2;32.9;38.0;78;79;49.7;-8.1;61;66;48.0;-11.3;0;8;2
6963;290;290;5;3;0;1;4;0;0;0;0;0;0;4;1;0;1;59;62;49;6;4151;541;97;101.7;3.5;2.6;31.2;27.8;65;64;50.4;3.0;49;46;51.6;4.0;0;5;4
6964;278;278;6;1;3;-2;0;0;2;0;0;0;0;5;1;1;2;67;68;63;14;4851;1422;398;91.2;3.0;4.5;33.4;25.2;86;49;63.7;18.3;64;40;61.5;17.1;1;100;51
6965;275;275;6;1;3;-1;0;0;1;0;0;0;0;4;2;1;1;64;68;54;17;5376;1675;54;97.7;2.0;2.0;37.5;26.1;105;68;60.7;8.6;78;56;58.2;6.1;0;0;0
6966;285;285;7;1;1;0;6;0;0;0;0;0;0;11;1;4;6;64;64;60;21;5677;1111;436;99.5;2.5;2.5;32.3;30.4;97;92;51.3;-6.4;76;68;52.8;-5.3;0;7;5
6967;275;275;1;0;0;1;5;0;0;0;0;0;0;0;1;0;1;55;57;51;2;976;3;45;112.5;3.7;0.0;29.5;14.8;17;12;58.6;8.6;12;9;57.1;0.6;0;0;0
6968;280;280;6;2;2;4;4;0;1;0;0;0;0;4;1;5;4;63;64;57;12;4885;1098;701;107.5;4.4;2.2;31.0;32.4;85;69;55.2;2.8;59;56;51.3;-3.3;0;23;15
6969;286;286;7;2;1;-4;2;1;0;0;0;0;0;10;2;3;4;72;70;66;25;4831;2101;234;88.4;1.5;3.7;32.8;23.1;81;60;57.4;11.4;57;42;57.6;11.9;1;104;59
6970;282;282;6;0;2;-2;0;0;1;0;0;0;0;10;1;1;4;61;60;58;7;3859;512;393;94.0;1.9;3.7;28.9;29.9;61;52;54.0;-1.8;41;40;50.6;-4.0;0;51;28
6971;277;277;5;1;0;3;2;0;0;0;0;0;0;3;0;0;1;53;54;52;4;2399;57;237;113.3;6.0;1.5;30.0;22.5;39;36;52.0;-5.5;30;25;54.5;-2.2;0;4;0
6972;280;280;7;1;6;3;2;0;0;0;1;0;0;17;4;1;10;70;69;71;22;6862;1432;1024;101.4;4.2;3.1;35.7;30.4;121;98;55.3;4.0;95;75;55.9;4.8;0;0;0
6973;277;277;5;1;0;-1;0;0;0;0;0;0;0;4;2;5;4;61;58;62;3;3331;140;356;88.8;2.2;3.2;33.5;18.4;66;36;64.7;2.9;47;26;64.4;2.4;0;10;6
6974;278;278;7;2;3;-2;2;0;1;0;0;0;0;13;0;1;9;61;68;53;15;5444;616;977;92.4;3.3;4.0;33.1;22.5;96;63;60.4;17.6;65;43;60.2;17.6;0;24;12
6976;280;280;6;1;1;-2;7;0;0;0;0;0;0;4;4;0;2;56;56;57;7;5624;26;571;97.8;2.6;3.8;25.0;30.7;66;85;43.7;-16.8;49;61;44.5;-14.4;0;0;0
6978;277;277;5;0;1;-3;4;0;1;0;0;0;0;7;0;0;0;58;63;51;15;2824;879;32;87.0;1.3;2.5;34.4;15.3;60;25;70.6;6.6;41;16;71.9;7.1;0;6;1
6979;276;276;3;2;1;2;0;0;0;0;0;0;0;5;1;2;6;71;60;78;5;2988;95;634;106.5;4.8;3.6;25.3;28.9;41;48;46.1;6.1;33;35;48.5;8.4;2;0;0
6980;275;275;6;2;3;2;0;0;1;0;0;0;0;7;0;1;6;63;64;56;12;5302;933;198;103.4;4.1;2.0;33.9;23.8;85;77;52.5;-3.8;62;57;52.1;-3.1;1;11;4
6981;286;286;5;1;1;2;4;0;0;0;0;0;0;3;0;0;1;54;55;52;5;2195;139;51;108.9;4.9;1.6;37.7;39.4;42;41;50.6;5.8;31;31;50.0;5.6;0;10;7
6982;284;284;7;5;3;3;2;2;1;0;0;0;0;3;1;3;4;67;67;65;19;5810;1262;1275;104.2;3.7;1.9;38.4;34.1;89;93;48.9;4.4;76;69;52.4;7.4;2;59;25
6983;275;275;6;1;4;1;2;0;3;0;0;0;0;6;4;4;6;69;67;70;11;5901;1497;746;97.8;3.7;3.1;37.8;25.6;116;67;63.4;13.1;81;56;59.1;7.5;0;0;0
6984;283;283;5;1;1;-1;2;0;0;0;0;0;0;4;1;0;6;67;67;65;12;4733;455;811;91.0;2.3;3.0;35.7;19.8;90;52;63.4;5.7;66;35;65.3;4.1;0;50;27
6985;288;288;6;3;2;-1;4;0;1;0;0;0;0;15;1;1;7;67;66;59;17;5524;653;916;104.1;3.3;3.3;27.4;41.7;76;108;41.3;-6.3;54;85;38.8;-8.5;1;30;16
6986;275;275;7;0;1;-3;2;0;0;0;0;0;0;8;2;0;1;58;59;55;6;4869;108;1287;88.7;0.7;3.0;29.6;21.4;79;54;59.4;5.8;57;40;58.8;5.5;0;36;15
6987;282;282;7;5;7;10;0;1;2;0;0;0;0;10;2;3;5;71;74;62;21;5337;994;408;115.8;7.4;0.7;39.1;21.6;111;61;64.5;11.9;81;44;64.8;13.8;2;47;22
6988;291;291;6;0;1;-1;4;0;0;0;0;0;0;9;2;4;20;67;55;76;5;6289;335;1187;101.0;3.4;4.0;26.3;33.2;72;104;40.9;2.1;61;82;42.7;4.0;0;0;0
6989;291;291;7;3;2;-3;6;0;0;0;0;0;0;9;1;0;6;64;69;58;15;6261;245;1280;89.6;3.4;5.2;32.8;24.7;91;93;49.5;10.4;77;67;53.5;16.3;0;58;23
6990;279;279;7;3;3;3;8;2;1;0;0;0;0;12;0;3;3;72;71;70;18;5763;1279;1017;105.3;4.4;2.5;28.1;24.4;79;77;50.6;10.8;60;57;51.3;11.9;0;15;6
6991;277;277;7;0;2;-4;4;0;0;0;0;0;0;15;2;3;9;68;58;74;20;7242;1333;715;93.4;2.0;3.5;35.3;28.3;140;98;58.8;0.2;108;78;58.1;-0.3;0;0;0
6992;287;287;6;3;3;6;4;1;0;0;0;0;0;14;0;1;6;69;68;64;13;5559;289;742;109.8;4.5;0.6;36.3;24.0;86;75;53.4;6.8;66;53;55.5;8.5;1;69;34
6993;276;276;6;0;3;-2;0;0;0;0;0;0;0;6;4;4;8;63;62;63;11;6126;885;710;99.8;2.9;4.1;23.5;32.3;75;110;40.5;-0.4;57;82;41.0;0.9;0;0;0
6994;282;282;6;0;5;4;20;0;0;0;1;0;0;13;0;5;14;73;63;79;13;5914;512;1172;104.5;3.7;1.8;34.1;29.2;103;79;56.6;-0.1;76;64;54.3;-1.4;0;1;1
6995;274;274;7;0;5;2;4;0;0;0;0;0;0;10;3;1;9;63;56;67;10;6799;431;818;106.4;3.7;2.6;24.9;31.2;73;120;37.8;-9.2;59;86;40.7;-5.1;0;0;0
6996;291;291;5;0;2;-4;7;0;1;0;0;1;0;5;0;1;12;71;69;72;9;5030;1174;395;92.7;2.1;4.3;22.9;25.8;69;68;50.4;6.6;50;48;51.0;5.9;0;0;0
6997;281;281;7;2;2;0;6;0;0;1;0;0;0;18;2;1;5;65;67;61;18;5823;840;929;94.0;3.7;4.3;32.1;24.7;101;72;58.4;2.2;68;53;56.2;0.9;0;20;10
6998;286;286;7;1;2;-1;4;0;0;0;0;0;0;5;1;4;7;67;63;69;13;5904;346;1437;102.9;3.0;3.0;22.6;28.7;68;84;44.7;-5.8;50;62;44.6;-5.5;0;113;69
6999;290;290;7;3;3;-5;16;1;0;0;1;0;0;8;3;6;8;65;65;61;13;5252;1307;1040;100.0;4.8;8.2;24.0;41.1;71;102;41.0;-8.6;47;77;37.9;-12.5;1;88;48
7000;277;277;7;4;3;6;0;0;1;0;0;0;0;6;3;2;6;64;67;57;16;6293;330;864;106.7;4.6;1.7;35.5;27.5;120;84;58.8;0.2;86;63;57.7;-0.7;2;43;19
7001;276;276;7;1;4;0;2;0;1;0;0;0;0;13;1;2;11;68;67;66;16;6275;494;718;97.0;3.4;3.4;27.0;21.8;89;81;52.4;14.9;64;55;53.8;17.3;0;66;39
7002;275;275;7;3;2;2;4;1;1;0;0;0;0;10;1;3;14;68;66;65;19;6374;495;1427;101.9;2.8;1.7;29.9;22.6;91;85;51.7;-4.8;70;68;50.7;-5.5;0;85;37
7003;288;288;5;1;4;-1;0;0;0;0;0;0;0;3;1;2;5;65;68;60;12;4394;383;708;97.0;4.1;4.1;41.8;32.0;81;62;56.6;15.4;64;48;57.1;18.4;0;4;2
7004;277;277;7;3;6;-4;2;2;3;0;0;0;0;9;2;0;5;66;69;60;25;5983;1793;423;88.1;2.4;4.2;39.7;23.5;115;69;62.5;5.4;88;50;63.8;7.8;0;22;8
7005;275;275;7;1;1;0;8;0;0;0;0;0;0;8;0;4;2;56;57;54;9;4137;179;78;100.4;1.7;1.7;27.0;28.7;54;47;53.5;-1.8;43;37;53.8;-0.9;0;0;0
7006;278;278;7;2;6;-3;0;0;3;0;0;0;0;7;4;0;4;65;63;63;19;5179;1449;239;101.4;2.8;4.2;27.1;47.3;67;106;38.7;-12.2;50;83;37.6;-13.0;0;98;59
7007;286;286;5;1;4;-2;2;0;0;0;0;0;0;11;0;3;9;63;65;60;7;3683;140;862;99.0;3.9;5.9;23.5;33.2;52;60;46.4;-3.0;38;41;48.1;-1.4;0;11;5
7008;287;287;5;0;2;-1;2;0;0;0;0;0;0;3;2;0;1;54;57;48;8;2921;327;99;97.1;3.7;4.9;37.0;38.2;48;51;48.5;3.0;41;40;50.6;5.5;0;1;0
7009;282;282;5;1;3;-4;6;1;2;0;0;0;0;7;0;2;4;69;69;65;11;4707;1398;422;96.6;4.6;6.9;29.8;36.7;71;76;48.3;-7.4;53;60;46.9;-9.8;0;0;0
7011;280;280;7;2;3;1;4;1;0;0;0;0;0;3;3;1;3;58;62;48;21;5597;312;104;102.0;3.9;3.2;32.8;32.8;96;85;53.0;0.5;65;67;49.2;-5.2;0;1;0
7012;286;286;5;0;0;-4;0;0;0;0;0;0;0;11;3;2;18;66;48;67;4;4730;121;1316;93.4;2.3;4.6;29.7;32.0;72;76;48.6;-0.1;50;54;48.1;-1.4;0;0;0
7013;289;289;7;2;2;-4;8;1;0;0;0;0;0;7;2;2;3;65;65;59;13;5736;1407;186;96.0;2.5;5.0;23.2;33.9;75;92;44.9;-3.7;56;71;44.1;-4.8;0;72;46
7014;289;289;7;0;1;-1;14;0;0;0;0;0;0;11;1;2;9;64;57;68;15;6777;732;923;96.5;1.1;1.6;35.6;24.4;106;74;58.9;16.3;84;58;59.2;16.8;0;0;0
7015;278;278;7;2;2;-2;4;0;0;1;0;0;0;7;1;7;22;67;56;75;15;6558;535;1017;92.5;2.7;4.4;32.4;27.4;103;98;51.2;5.7;81;67;54.7;11.8;0;0;0
7016;285;285;6;2;7;4;2;0;3;0;0;0;0;6;0;4;2;72;76;62;14;4737;1510;619;110.3;4.6;0.8;37.2;39.5;88;78;53.0;-3.7;67;65;50.8;-8.4;1;13;8
7017;284;284;6;1;3;5;6;0;0;0;0;0;0;9;3;3;7;75;74;77;23;6054;1054;586;104.0;4.8;1.8;39.2;22.0;98;76;56.3;14.6;84;58;59.2;16.1;0;0;0
7018;284;284;7;3;2;-1;4;1;1;0;0;0;0;10;2;1;5;64;64;62;20;5798;1290;428;100.8;2.5;3.1;30.4;42.2;83;109;43.2;-3.7;69;89;43.7;-5.3;1;71;27
7019;288;288;6;0;2;1;0;0;0;0;0;0;0;7;2;4;3;74;67;81;11;4934;1558;667;96.3;3.6;2.9;37.9;21.9;94;58;61.8;19.6;67;43;60.9;18.6;0;86;49
7021;285;285;7;2;2;0;2;0;0;0;0;0;0;12;1;6;4;65;66;61;18;5624;225;1378;97.2;3.2;3.2;35.2;26.9;93;80;53.8;-2.9;77;61;55.8;-1.1;0;37;15
7022;278;278;3;1;1;3;6;0;0;0;1;0;0;12;1;0;4;57;61;54;4;2549;0;354;111.8;2.8;0.0;24.0;31.1;25;35;41.7;-5.6;21;26;44.7;-2.6;0;3;2
7023;275;275;7;0;2;-6;2;0;1;0;0;0;0;12;1;2;2;60;58;62;10;6220;1523;1107;91.8;1.2;4.1;33.0;34.7;94;90;51.1;-5.8;71;72;49.7;-7.2;0;0;0
7024;287;287;7;4;6;4;2;2;3;0;0;0;0;11;2;2;9;74;73;67;25;7367;2114;1082;104.6;4.4;2.4;33.7;28.8;112;100;52.8;5.0;85;77;52.5;4.0;0;0;0
7025;282;282;4;0;5;1;14;0;2;0;0;0;0;5;2;1;0;64;70;50;6;3225;618;114;102.8;6.7;4.5;38.0;30.1;61;37;62.2;5.6;42;33;56.0;0.7;0;3;1
7026;285;285;6;1;0;-1;4;0;0;0;0;0;0;6;1;0;2;57;59;50;13;4227;461;237;96.7;0.9;1.7;43.4;32.4;92;60;60.5;5.9;68;49;58.1;1.9;0;54;24
7027;291;291;3;0;0;1;0;0;0;0;0;0;0;3;0;0;0;50;53;47;3;1380;0;324;113.3;5.2;2.6;26.1;39.1;17;20;45.9;1.7;13;18;41.9;-1.6;0;3;2
7028;288;288;3;0;1;0;2;0;0;0;0;0;0;3;1;0;0;59;63;49;6;2530;93;12;100.0;1.4;1.4;37.0;37.0;43;42;50.6;4.7;35;35;50.0;2.2;0;1;0
7029;283;283;4;0;6;2;6;0;0;0;0;0;0;3;0;0;0;64;65;56;4;2605;0;444;100.5;8.3;5.5;34.5;23.5;40;34;54.1;-7.3;32;23;58.2;-5.3;0;51;23
7030;288;288;5;1;2;-2;2;1;0;0;0;0;0;10;3;2;1;60;64;51;16;4922;851;774;98.2;2.9;4.4;34.4;42.4;77;95;44.8;-0.9;58;75;43.6;-2.1;0;0;0
7031;283;283;5;4;2;2;4;1;1;0;0;0;0;7;1;2;1;68;68;61;15;3910;614;0;96.7;6.4;4.6;35.0;21.2;73;40;64.6;3.3;52;32;61.9;-3.8;1;38;17
7032;290;290;6;1;3;-4;0;0;1;0;0;0;0;5;0;0;5;63;65;44;11;4705;1085;204;100.9;4.6;7.7;25.2;44.4;62;101;38.0;-14.3;43;72;37.4;-15.7;0;0;0
7033;274;274;7;1;0;-1;4;0;0;0;0;0;0;9;4;6;18;69;55;77;9;6608;1030;1183;101.3;3.3;3.8;27.8;36.5;93;110;45.8;2.7;69;90;43.4;-1.1;0;0;0
7034;286;286;6;1;1;-2;22;1;0;0;0;0;0;8;0;1;3;67;65;69;14;4644;1430;990;92.4;1.6;3.1;23.3;21.7;57;61;48.3;-3.1;36;43;45.6;-6.9;0;21;13
7035;286;286;6;0;1;-3;2;0;1;0;0;0;0;6;1;1;16;69;66;70;16;5146;1553;454;92.2;1.4;3.5;25.9;26.6;75;74;50.3;3.1;49;49;50.0;3.0;0;0;0
7036;274;274;2;1;0;2;0;0;0;0;0;0;0;1;0;0;1;54;55;51;2;756;0;0;125.0;9.5;0.0;38.1;42.9;14;18;43.8;6.3;12;12;50.0;12.7;0;0;0
7037;283;283;7;1;2;0;2;0;0;0;0;0;0;13;2;3;14;56;52;55;8;7588;240;1338;95.5;3.3;3.3;35.1;23.7;142;94;60.2;0.3;105;66;61.4;-1.7;0;0;0
7038;286;286;5;0;1;-3;4;0;0;0;1;0;0;2;3;2;8;57;49;63;3;4487;56;621;96.5;1.6;4.0;16.0;29.7;43;77;35.8;-15.3;27;53;33.8;-18.7;0;0;0
7039;289;289;5;0;0;0;2;0;0;0;0;0;0;1;0;0;1;53;53;51;1;2568;27;688;103.8;1.4;1.4;15.4;26.6;25;33;43.1;-9.4;16;26;38.1;-15.0;0;28;10
7040;278;278;4;0;1;-6;4;0;0;0;0;0;0;2;0;0;5;56;57;52;4;3533;178;309;79.0;1.0;7.1;25.5;28.5;49;49;50.0;1.1;28;40;41.2;-10.0;0;0;0
7041;282;282;7;5;4;3;12;3;1;0;0;0;0;1;2;2;5;67;71;57;23;5489;1442;335;106.1;4.6;2.6;32.1;32.1;99;81;55.0;-1.1;72;59;55.0;0.3;1;10;3
7042;287;287;7;4;3;3;2;1;1;0;0;0;0;14;3;3;6;64;63;59;20;5758;823;259;104.6;4.4;2.5;37.5;35.6;98;107;47.8;-2.3;74;79;48.4;-1.9;1;26;14
7043;282;282;6;1;8;3;4;1;4;0;0;0;0;11;1;1;8;71;71;62;15;5580;1196;625;109.3;5.2;2.6;28.4;29.0;93;75;55.4;2.9;69;57;54.8;3.3;0;0;0
7044;277;277;6;2;2;0;0;1;1;0;0;0;0;15;1;1;2;67;68;60;16;4380;1012;106;100.0;2.5;2.5;24.7;24.7;70;63;52.6;-5.9;46;46;50.0;-8.9;0;3;1
7045;284;284;7;1;6;3;4;0;0;0;0;0;0;7;3;2;6;66;66;64;23;5711;1482;395;100.9;5.0;3.2;40.3;27.1;94;79;54.3;11.9;73;60;54.9;10.5;0;85;47
7046;286;286;7;3;2;-3;2;2;1;0;0;0;0;4;1;0;7;64;63;67;18;4265;1672;138;94.8;1.7;4.2;29.5;38.8;69;77;47.3;-2.3;51;60;45.9;-3.7;0;70;33
7047;289;289;5;0;1;-2;0;0;0;0;0;0;0;3;0;2;6;67;64;77;10;4730;556;317;95.3;1.5;3.0;23.6;27.4;62;69;47.3;0.4;49;56;46.7;-0.2;0;0;0
7049;279;279;7;1;1;0;4;0;0;1;0;0;0;6;0;4;16;60;57;61;12;4198;48;1470;101.9;3.4;4.3;30.9;46.3;56;84;40.0;-3.4;43;63;40.6;-2.4;0;44;16
7050;288;288;7;2;0;-2;6;1;0;0;0;0;0;10;2;0;6;60;60;60;24;6642;1128;677;98.4;1.6;2.7;29.3;37.9;103;121;46.0;-1.5;76;91;45.5;-1.9;0;0;0
7051;275;275;7;0;2;-2;6;0;0;0;0;0;0;6;1;2;0;60;60;57;16;4007;1356;267;94.7;1.8;2.7;35.9;26.1;70;49;58.8;4.9;54;38;58.7;5.3;0;9;2
7052;287;287;7;0;4;1;0;0;0;0;0;0;0;9;1;3;24;68;58;72;8;7335;188;1126;102.7;4.4;3.9;30.9;33.9;112;114;49.6;0.2;88;88;50.0;0.4;0;0;0
7053;283;283;6;4;3;5;2;2;2;0;0;0;0;17;1;3;11;79;75;81;18;6431;1224;533;100.0;5.6;2.8;35.8;17.9;121;70;63.4;4.6;90;43;67.7;6.8;1;0;0
7054;278;278;7;5;4;2;0;2;0;0;0;0;0;8;2;1;2;70;71;61;33;5284;1407;276;106.3;4.8;2.7;33.4;34.1;88;81;52.1;6.5;65;64;50.4;5.0;1;9;2
7055;291;291;7;1;6;-3;6;1;2;0;1;0;0;8;4;1;2;63;67;62;11;5603;1834;274;95.2;2.6;3.9;27.0;27.0;81;75;51.9;13.1;61;59;50.8;11.5;0;19;11
7056;289;289;7;2;2;-4;4;1;0;0;0;0;0;14;2;1;8;66;66;57;24;6298;1638;257;92.4;1.7;4.0;34.9;32.0;98;93;51.3;5.6;80;76;51.3;5.6;0;4;2
7057;291;291;1;0;0;0;0;0;0;0;0;0;0;1;0;0;3;70;50;73;0;709;0;200;100.0;0.0;0.0;5.1;45.7;5;16;23.8;1.9;2;13;13.3;-10.4;0;0;0
7058;282;282;2;1;1;3;2;0;0;0;0;0;0;3;0;0;5;68;67;72;1;1766;275;191;110.0;8.2;2.0;42.8;22.4;39;23;62.9;8.8;30;17;63.8;12.1;0;0;0
7059;276;276;6;1;1;-3;14;1;0;0;0;0;0;12;2;4;3;67;66;62;16;5126;1453;435;99.3;1.4;2.8;21.1;37.9;62;100;38.3;-4.2;48;78;38.1;-3.9;0;14;5
7060;276;276;7;2;3;1;2;0;0;0;0;0;0;10;1;5;7;66;65;68;15;5561;1685;371;112.2;4.5;3.2;18.1;25.2;60;88;40.5;-1.5;45;63;41.7;0.7;0;113;55
7061;289;289;7;0;3;0;6;0;1;0;0;0;0;9;0;3;4;63;63;58;16;5315;1316;182;99.7;2.7;2.7;33.2;31.8;76;79;49.0;2.0;59;59;50.0;3.3;0;74;39
7062;280;280;7;0;1;3;4;0;0;0;1;0;0;10;1;1;0;63;61;58;19;4778;195;805;103.4;2.3;0.8;35.4;24.9;72;53;57.6;6.2;60;43;58.3;7.0;0;64;37
7063;288;288;5;0;4;-4;2;0;0;0;1;0;0;5;0;1;6;59;60;56;10;4514;345;668;93.8;2.4;5.6;38.3;44.7;83;85;49.4;9.3;68;71;48.9;8.7;0;24;10
7064;288;288;5;0;1;-2;16;0;0;0;0;0;0;5;0;1;3;68;71;57;8;3818;1399;0;94.9;1.9;3.8;21.7;27.3;52;58;47.3;2.5;35;42;45.5;0.7;0;0;0
7065;278;278;6;0;0;-3;4;0;0;0;0;0;0;8;0;2;10;60;53;64;12;5740;687;625;96.1;3.1;4.4;30.1;30.7;86;90;48.9;1.8;61;62;49.6;4.0;0;0;0
7066;283;283;1;0;0;0;0;0;0;0;0;0;0;1;0;0;1;57;52;55;0;484;0;52;100.0;0.0;0.0;29.8;29.8;14;5;73.7;13.4;10;5;66.7;6.3;0;6;6
7067;279;279;5;1;2;-1;4;0;0;0;0;0;0;1;1;2;3;55;57;52;8;3459;154;248;100.0;3.1;4.2;34.3;45.8;50;73;40.7;-3.5;38;58;39.6;-5.0;1;50;20
7069;283;283;3;1;1;3;2;0;0;0;0;0;0;9;1;2;1;66;64;61;4;2619;127;130;107.4;5.5;1.4;31.6;13.7;52;20;72.2;10.5;36;16;69.2;4.3;0;2;2
7070;282;282;7;1;4;-2;14;0;0;0;0;0;0;9;1;2;2;61;65;48;8;4637;286;164;94.8;3.9;5.4;27.2;27.9;78;69;53.1;-3.6;52;49;51.5;-4.2;0;1;0
7071;278;278;6;0;3;-2;12;0;1;0;0;0;0;2;1;1;1;58;58;53;9;3425;521;376;95.3;2.1;5.3;21.0;35.7;39;69;36.1;-14.1;25;50;33.3;-16.5;0;53;24
7072;280;280;7;0;0;1;6;0;0;0;0;0;0;6;0;1;16;59;53;63;10;6513;38;1150;99.5;5.0;4.4;34.8;29.8;101;88;53.4;1.1;81;64;55.9;4.4;0;0;0
7073;282;282;5;1;4;1;4;0;0;0;0;0;0;3;0;2;6;63;63;55;9;3465;41;901;102.8;6.2;5.2;37.4;37.4;57;57;50.0;-9.5;49;45;52.1;-6.1;0;59;23
7074;291;291;4;1;0;-2;2;0;0;0;0;0;0;1;0;0;0;56;60;47;5;2520;208;109;94.5;1.4;4.3;27.1;40.0;29;51;36.3;-8.7;25;40;38.5;-5.4;0;2;1
7075;274;274;6;0;3;0;4;0;1;0;0;0;0;8;3;3;8;64;59;72;21;4981;1408;1099;101.1;3.6;3.6;33.2;36.9;76;93;45.0;2.6;59;71;45.4;2.7;0;0;0
7076;288;288;3;0;0;-1;6;0;0;0;0;0;0;1;1;0;2;55;56;57;5;2557;48;181;93.4;2.8;4.2;36.6;29.6;39;45;46.4;7.1;31;31;50.0;13.3;0;0;0
7077;276;276;5;0;2;1;2;0;0;0;0;0;0;1;2;1;3;53;54;52;6;2570;73;59;114.6;4.2;2.8;21.0;51.8;32;65;33.0;-11.8;22;53;29.3;-15.9;0;18;8
7078;285;285;7;1;2;5;6;0;0;0;0;0;0;8;0;1;2;60;60;51;7;4668;462;24;110.0;3.9;0.0;38.6;25.4;96;70;57.8;2.6;78;48;61.9;7.0;0;5;3
7079;288;288;3;0;2;-2;4;0;1;0;0;0;0;4;0;0;2;61;63;54;3;1733;838;0;85.7;2.1;6.2;29.1;29.1;28;28;50.0;1.1;18;19;48.6;0.4;0;6;5
7080;279;279;2;1;0;1;0;0;0;0;0;0;0;0;0;0;0;56;57;49;1;773;0;41;120.0;4.7;0.0;23.3;18.6;7;8;46.7;3.8;6;6;50.0;9.8;0;2;1
7082;290;290;3;1;0;-1;0;0;0;0;0;0;0;3;1;0;1;60;61;54;6;2745;0;288;93.8;5.2;6.6;38.0;32.8;46;39;54.1;2.2;38;31;55.1;2.8;0;0;0
7083;290;290;2;0;1;1;0;0;0;0;0;0;0;1;0;2;4;70;55;72;3;1653;0;555;102.4;4.4;2.2;45.7;30.5;43;26;62.3;15.7;28;18;60.9;15.1;0;0;0
7084;280;280;7;4;1;0;2;1;0;0;0;0;0;4;2;0;1;58;58;50;10;4257;304;260;101.4;3.4;3.4;30.4;34.7;58;63;47.9;-6.0;48;49;49.5;-4.3;0;56;30
7085;281;281;1;1;1;2;0;0;0;0;0;0;0;1;0;0;0;61;64;49;2;501;38;0;150.0;14.4;0.0;28.7;21.6;10;7;58.8;14.7;5;5;50.0;10.0;0;8;3
7086;283;283;3;0;2;-1;6;0;1;0;0;0;0;5;1;1;1;64;62;63;4;2291;461;0;88.1;3.1;4.7;33.0;22.0;32;34;48.5;-16.4;31;22;58.5;-7.2;0;39;18
7088;285;285;2;0;0;1;0;0;0;0;0;0;0;1;0;0;0;55;54;57;3;1385;0;329;107.7;2.6;0.0;33.8;18.2;25;13;65.8;10.2;18;11;62.1;4.5;0;0;0
7090;282;282;4;0;0;2;2;0;0;0;0;0;0;6;0;3;4;68;55;78;5;3642;112;438;106.9;3.0;1.0;23.7;17.8;57;42;57.6;2.6;35;28;55.6;4.0;0;0;0
7091;275;275;4;0;1;2;0;0;0;0;0;0;0;5;1;1;5;58;55;62;4;3657;205;430;106.0;3.9;2.0;27.6;23.6;48;47;50.5;-3.8;42;34;55.3;2.8;0;0;0
7092;291;291;6;2;6;0;2;1;3;0;0;0;0;13;1;2;5;65;66;61;16;6184;1209;572;103.2;3.5;2.9;26.8;29.7;81;86;48.5;3.8;64;68;48.5;3.3;0;0;0
7093;280;280;6;4;6;2;6;2;2;0;0;0;0;13;0;1;9;76;75;78;21;5801;1509;808;106.3;4.3;3.1;26.7;31.0;85;87;49.4;-5.9;63;68;48.1;-8.3;1;0;0
7094;282;282;5;0;3;-1;2;0;0;0;0;0;0;5;0;1;6;53;58;48;8;4678;7;586;94.6;3.8;4.6;36.9;29.2;95;65;59.4;2.9;65;49;57.0;-0.1;0;0;0
7095;276;276;6;0;4;0;2;0;0;0;1;0;0;5;3;0;7;61;61;58;14;5848;522;359;104.0;3.1;3.7;22.8;38.8;64;113;36.2;-7.0;53;90;37.1;-5.2;0;0;0
7096;290;290;4;1;2;1;4;0;0;0;0;0;0;9;0;0;8;64;63;64;5;4080;210;414;101.1;5.3;4.4;33.5;30.0;62;73;45.9;-2.3;46;53;46.5;-2.5;0;0;0
7097;291;291;5;0;2;-2;0;0;0;0;0;0;0;8;1;2;9;61;60;58;14;4479;692;576;95.4;1.6;3.2;29.7;32.2;68;78;46.6;8.0;52;60;46.4;7.3;0;0;0
7098;287;287;5;4;1;2;8;2;0;0;0;0;0;1;1;1;0;70;71;58;21;4057;739;141;105.2;3.5;1.8;36.4;39.0;68;68;50.0;-0.3;55;54;50.5;1.4;1;18;11
7099;275;275;7;0;0;-4;0;0;0;0;0;0;0;1;1;1;0;54;56;53;4;2812;163;154;83.3;0.0;5.1;30.7;30.7;44;32;57.9;3.4;34;29;54.0;-0.6;0;42;24
7100;282;282;7;5;4;-1;4;2;3;0;0;0;0;9;1;2;7;70;74;58;20;5789;1388;401;96.8;5.0;5.0;34.2;28.0;102;75;57.6;2.5;76;58;56.7;2.8;0;12;7
7102;290;290;5;0;7;3;0;0;0;0;1;0;0;3;1;1;7;69;67;67;9;5058;837;729;105.8;3.6;2.1;23.5;22.8;68;64;51.5;6.0;44;44;50.0;4.7;0;0;0
7103;279;279;5;0;3;-3;4;0;0;0;0;0;0;7;1;2;8;66;65;74;8;4852;1028;898;101.4;4.5;6.7;26.0;42.3;55;98;35.9;-10.0;43;77;35.8;-10.5;0;0;0
7104;285;285;5;0;0;1;2;0;0;0;0;0;0;3;1;1;0;56;56;51;8;3083;206;191;103.3;1.2;0.0;35.0;33.9;61;49;55.5;6.8;49;38;56.3;6.7;0;7;3
7105;290;290;7;1;4;5;0;0;0;0;0;0;0;4;0;3;2;66;69;55;9;5754;662;106;111.9;5.0;1.9;26.3;26.3;76;82;48.1;1.1;56;57;49.6;3.3;0;6;5
7106;277;277;5;2;3;1;2;2;2;0;0;0;0;6;3;1;8;69;65;76;16;4657;1248;237;103.1;3.9;2.3;30.1;24.0;73;65;52.9;-2.9;51;42;54.8;0.8;1;0;0
7107;289;289;7;1;0;-1;8;0;0;0;0;0;0;5;0;3;2;59;60;57;10;5442;392;739;97.9;1.3;2.0;31.8;31.8;82;86;48.8;1.8;63;64;49.6;2.8;0;37;19
7108;280;280;4;2;3;4;6;0;1;1;0;0;0;5;1;1;3;67;71;59;15;3545;334;589;105.0;5.1;2.0;43.7;30.5;72;51;58.5;12.4;53;40;57.0;7.5;1;0;0
7109;279;279;6;0;1;-4;0;0;0;0;0;0;0;11;1;0;4;60;60;55;12;4835;970;451;94.7;2.2;5.2;29.0;40.2;67;102;39.6;-4.7;50;74;40.3;-3.7;0;7;1
7110;291;291;7;3;4;0;4;1;3;0;1;0;0;3;3;4;6;64;64;65;17;5814;1216;470;98.4;1.2;1.9;29.7;32.2;74;105;41.3;-1.3;61;74;45.2;4.1;0;70;38
7111;275;275;7;0;3;-5;0;0;1;0;0;0;0;4;1;2;4;58;58;54;8;5013;674;212;88.6;1.4;4.3;25.1;25.1;62;68;47.7;-9.5;48;50;49.0;-7.1;0;43;25
7112;275;275;7;2;2;-2;0;1;0;0;0;0;0;3;3;3;6;68;67;60;16;5031;1089;549;94.2;2.9;3.6;45.1;29.3;98;65;60.1;7.2;81;55;59.6;7.4;0;75;43
7113;274;274;7;1;3;3;4;0;1;0;0;0;0;7;1;4;24;73;60;81;19;6427;1093;1199;107.7;3.9;1.7;29.7;30.2;93;114;44.9;1.4;70;76;47.9;5.7;0;0;0
7114;282;282;6;0;1;0;0;0;0;0;1;0;0;4;0;1;0;55;55;51;2;3949;142;252;97.2;2.7;3.6;22.8;24.6;51;57;47.2;-11.8;37;40;48.1;-8.9;0;32;11
7115;285;285;7;1;2;-1;0;1;0;0;0;0;0;3;3;1;1;58;60;51;9;5475;764;101;92.4;2.0;2.6;47.3;22.4;114;72;61.3;7.5;90;53;62.9;8.7;0;26;14
7116;280;280;7;5;5;5;4;1;3;0;0;0;0;7;0;1;2;65;67;54;13;4723;846;690;111.4;6.9;3.0;30.5;27.4;69;69;50.0;-3.5;54;50;51.9;-1.3;0;80;41
7118;284;284;6;2;1;-3;28;0;1;0;0;0;0;21;1;1;4;60;62;56;5;4666;866;1081;95.2;2.3;4.6;26.2;33.9;53;77;40.8;-3.6;41;58;41.4;-3.9;0;30;20
7119;289;289;6;1;2;-4;6;0;1;0;0;0;0;9;2;6;18;76;61;87;20;6296;1445;946;91.5;1.1;3.4;32.6;28.6;89;78;53.3;9.4;71;60;54.2;10.7;0;0;0
7120;281;281;7;0;1;2;2;0;0;0;0;0;0;10;2;2;13;63;54;69;7;6364;217;1554;101.7;4.0;2.8;36.2;30.5;114;93;55.1;-2.8;80;68;54.1;-2.3;0;0;0
7121;286;286;6;1;0;-2;2;0;0;0;0;0;0;5;1;0;15;61;53;66;9;5587;366;870;97.3;2.6;4.5;26.4;36.1;87;98;47.0;-1.8;62;72;46.3;-2.6;0;0;0
7122;285;285;5;1;0;-3;0;1;0;0;0;0;0;4;1;0;0;58;58;54;5;3205;63;329;87.5;0.0;3.4;39.3;27.0;59;45;56.7;5.0;50;34;59.5;8.0;1;41;20
7123;287;287;7;0;5;1;2;0;1;0;0;0;0;8;2;6;12;69;66;73;27;7122;1078;427;98.4;3.5;3.0;38.9;28.3;119;101;54.1;7.0;98;78;55.7;9.0;0;0;0
7124;286;286;6;1;1;-1;7;0;0;0;0;0;0;10;2;1;8;61;60;59;15;5663;1255;588;97.6;3.2;3.2;34.3;27.3;96;86;52.7;8.9;76;61;55.5;14.1;0;0;0
7125;287;287;4;1;0;1;4;0;0;0;0;0;0;4;0;2;5;61;60;58;8;3475;147;272;102.8;2.1;1.0;35.2;33.2;58;55;51.3;-1.5;44;43;50.6;-3.0;0;0;0
7126;284;284;6;1;1;-1;2;0;0;0;0;0;0;4;5;0;14;66;60;74;13;6133;1100;608;100.0;1.8;2.3;31.1;41.7;82;122;40.2;-8.6;68;91;42.8;-7.0;0;0;0
7127;278;278;6;1;1;-2;0;0;0;0;0;0;0;6;2;0;2;58;60;52;12;4402;937;102;101.3;3.3;4.9;24.5;40.9;58;85;40.6;-5.4;40;67;37.4;-9.0;0;2;1
7128;277;277;4;0;4;1;2;0;1;0;0;0;0;6;2;1;3;67;67;66;16;3339;970;12;102.3;5.4;3.2;37.7;27.0;66;41;61.7;2.6;43;30;58.9;-0.9;0;61;34
7129;282;282;7;7;0;2;4;0;0;0;0;0;0;11;0;1;4;67;68;57;20;5369;631;438;103.8;5.4;4.0;30.8;29.5;98;76;56.3;0.7;64;58;52.5;-3.1;0;79;45
7130;278;278;5;1;2;-1;2;1;1;0;0;0;0;5;1;1;2;61;62;59;11;3431;629;252;96.0;1.0;2.1;28.3;27.3;57;50;53.3;3.0;40;36;52.6;4.0;0;20;9
7131;280;280;7;1;3;-3;8;0;0;0;0;0;0;0;0;0;6;61;64;54;10;4618;544;546;90.9;2.3;4.7;32.7;28.8;76;68;52.8;0.1;57;47;54.8;2.5;0;62;21
7132;281;281;6;0;1;-1;14;0;0;0;0;0;0;3;3;1;10;56;57;53;10;5413;126;1159;91.7;4.0;4.7;35.9;23.9;96;68;58.5;-1.7;71;53;57.3;-1.5;0;0;0
7133;279;279;6;3;1;2;6;0;0;0;0;0;0;5;3;1;4;54;58;46;11;4433;399;96;105.1;4.9;3.2;35.7;38.2;70;85;45.2;3.9;50;62;44.6;3.1;1;25;15
7134;277;277;2;0;0;1;0;0;0;0;0;0;0;0;1;1;0;56;56;55;3;1319;53;114;104.1;5.5;2.7;46.4;35.5;27;19;58.7;11.4;22;17;56.4;10.0;0;18;9
7135;283;283;6;0;2;1;0;0;0;0;0;0;0;4;0;1;1;63;62;59;10;4156;138;587;100.1;3.5;2.6;32.1;24.3;65;59;52.4;-7.6;57;41;58.2;-3.8;0;55;35
7136;290;290;6;0;4;2;2;0;0;0;0;0;0;7;0;3;10;67;66;65;17;5789;961;817;108.1;4.4;3.1;25.5;34.8;66;101;39.5;-10.3;51;76;40.2;-9.1;0;0;0
7137;289;289;4;1;1;1;0;0;0;0;0;0;0;3;1;1;1;58;59;48;6;3001;307;95;102.1;2.4;1.2;43.2;34.8;54;52;50.9;3.1;40;40;50.0;2.0;0;0;0
7139;278;278;4;0;0;0;0;0;0;0;0;0;0;2;1;0;3;54;54;50;4;2769;0;0;99.0;3.9;3.9;33.8;31.2;49;43;53.3;4.1;36;31;53.7;3.7;0;12;6
7140;277;277;7;2;3;2;2;0;0;0;0;0;0;14;1;3;6;58;58;57;15;7034;96;613;98.6;4.6;3.6;37.4;26.1;142;89;61.5;4.4;105;72;59.3;1.7;0;0;0
7141;286;286;5;0;0;1;6;0;0;0;0;0;0;9;4;2;11;58;49;65;5;4957;154;959;103.2;1.5;0.7;26.1;31.2;69;77;47.3;-1.0;51;54;48.6;0.2;0;0;0
7142;278;278;3;0;1;3;2;0;0;0;1;0;0;1;0;0;0;65;65;58;7;2632;331;622;102.1;5.5;2.7;35.6;20.5;47;28;62.7;11.6;37;21;63.8;15.2;0;0;0
7143;287;287;5;0;6;2;0;0;5;0;0;0;0;8;4;1;1;61;62;55;9;4035;1040;54;102.8;4.5;2.7;35.7;27.7;67;62;51.9;8.0;50;44;53.2;9.3;0;7;1
7144;289;289;2;0;0;-1;2;0;0;0;0;0;0;1;1;0;2;53;50;53;4;1709;120;484;92.5;2.1;4.2;35.8;31.6;32;26;55.2;-5.3;24;19;55.8;-3.8;0;0;0
7145;288;288;5;0;4;1;6;0;1;0;0;0;0;6;0;1;4;61;63;52;2;3904;756;390;112.4;5.5;2.8;28.6;39.7;66;75;46.8;0.8;46;55;45.5;-1.4;0;55;26
7147;281;281;4;2;3;0;2;0;0;0;1;0;0;6;1;0;1;70;72;59;16;3651;316;829;90.3;3.9;4.9;41.4;25.6;63;46;57.8;-7.2;48;36;57.1;-7.5;0;76;45
7148;284;284;5;0;3;0;0;0;0;0;0;0;0;4;0;3;4;69;68;64;18;5108;305;507;97.8;3.5;3.5;35.2;28.9;75;74;50.3;9.5;63;58;52.1;10.1;0;0;0
7149;289;289;7;0;5;-6;0;0;2;0;0;0;0;19;0;4;5;70;71;65;21;6512;1662;1544;89.2;1.7;5.0;31.5;31.0;101;87;53.7;9.1;80;73;52.3;7.1;0;53;20
7151;286;286;2;0;0;-1;2;0;0;0;0;0;0;0;0;0;0;51;54;45;1;1321;68;0;119.0;2.7;5.5;8.2;38.2;8;30;21.1;-25.2;6;19;24.0;-25.0;0;4;1
7152;286;286;1;0;0;1;0;0;0;0;0;0;0;0;0;0;0;51;54;45;1;554;0;0;103.6;13.0;6.5;45.5;26.0;12;11;52.2;-1.1;9;6;60.0;2.5;0;0;0
7153;276;276;2;0;0;3;2;0;0;0;0;0;0;1;0;0;1;64;61;71;3;1809;595;183;116.7;6.0;0.0;35.8;33.8;25;32;43.9;-4.0;21;24;46.7;2.7;0;0;0
7154;282;282;4;1;0;-1;0;0;0;0;0;0;0;1;0;1;1;53;54;49;3;2057;57;48;101.7;1.8;3.5;17.5;42.0;30;37;44.8;-8.2;16;31;34.0;-20.4;0;11;7
7155;291;291;3;0;0;-2;2;0;0;0;0;0;0;6;1;0;4;66;63;72;4;2882;661;328;86.6;1.2;5.0;31.2;28.7;45;44;50.6;-2.5;36;33;52.2;2.2;0;1;0
7156;281;281;7;2;3;-4;6;1;0;0;0;0;0;14;2;2;2;65;65;61;16;4816;1326;42;92.1;2.2;4.5;35.1;31.4;77;72;51.7;-6.9;53;55;49.1;-8.7;0;99;64
7157;274;274;5;2;3;3;6;0;0;0;0;0;0;4;0;0;7;63;63;57;12;3674;1;721;113.3;6.9;3.9;28.4;36.3;50;65;43.5;1.0;36;52;40.9;-2.3;1;48;15
7158;274;274;3;0;0;-1;2;0;0;0;0;0;0;1;0;0;2;45;50;41;3;2283;0;274;95.4;4.7;6.3;26.8;28.4;29;37;43.9;5.8;24;30;44.4;6.3;0;0;0
7159;281;281;4;0;1;-5;0;0;0;0;0;0;0;2;0;0;2;53;56;45;6;2425;314;0;69.9;1.5;8.9;46.0;26.7;48;28;63.2;2.8;34;20;63.0;2.2;0;3;1
7160;288;288;5;1;0;1;0;0;0;1;0;0;0;2;1;1;2;55;55;54;5;2033;0;702;99.7;1.8;1.8;33.6;31.9;30;30;50.0;-3.2;24;23;51.1;-2.6;0;23;18
7161;289;289;7;0;1;-3;6;0;0;0;0;0;0;8;0;0;3;55;56;49;2;4547;0;734;93.8;0.8;3.2;22.2;32.5;58;64;47.5;0.0;44;49;47.3;-0.3;0;18;6
7163;275;275;6;0;0;-5;6;0;0;0;0;0;0;7;0;3;19;69;61;84;17;5619;1555;832;91.8;0.6;3.2;32.0;31.4;85;84;50.3;-7.1;67;62;51.9;-3.4;0;0;0
7164;285;285;7;2;2;2;20;1;0;0;0;0;0;8;0;2;6;65;64;61;20;5272;879;379;103.3;3.4;2.0;34.1;30.7;93;77;54.7;-1.6;74;62;54.4;-2.9;0;86;41
7165;290;290;7;3;1;7;12;0;0;0;0;0;0;8;0;3;4;62;61;62;15;5189;858;813;112.9;5.6;1.4;29.8;24.3;68;74;47.9;0.7;55;57;49.1;2.7;0;51;28
7166;277;277;7;1;3;6;14;0;0;0;0;0;0;8;3;1;10;68;58;73;13;6860;417;681;108.4;4.2;1.0;32.0;22.0;123;80;60.6;2.8;88;61;59.1;1.2;0;0;0
7167;285;285;7;2;1;3;2;0;0;0;0;0;0;16;1;2;10;70;54;71;6;6606;127;1446;104.2;2.7;1.1;35.4;31.1;120;106;53.1;-4.2;93;77;54.7;-2.8;0;0;0
7168;283;283;6;3;2;0;2;1;2;0;0;0;0;7;0;3;3;65;66;62;16;3579;699;120;94.5;2.0;2.0;40.2;19.1;68;42;61.8;3.0;56;24;70.0;9.2;0;54;21
7169;287;287;7;3;1;0;6;0;1;0;0;0;0;9;1;3;5;67;66;64;17;6022;904;389;96.6;3.6;3.6;41.8;29.9;105;89;54.1;6.6;84;70;54.5;6.8;1;96;46
7170;286;286;6;0;4;-2;2;0;2;0;0;0;0;5;3;0;2;61;58;65;6;3553;1283;4;97.7;2.0;4.1;22.3;35.5;45;64;41.3;-7.4;32;44;42.1;-5.9;0;54;27
7172;289;289;4;0;1;2;4;0;0;0;0;0;0;8;0;1;8;84;53;87;6;3945;0;849;111.3;2.7;0.9;20.1;39.2;47;83;36.2;-12.7;35;61;36.5;-11.6;0;0;0
7173;285;285;7;0;4;2;2;0;1;0;0;0;0;11;1;1;14;65;63;64;15;6776;1087;554;101.9;2.7;1.6;40.9;35.1;131;114;53.5;-3.8;107;94;53.2;-5.4;0;0;0
7174;281;281;4;0;2;0;2;0;1;0;0;0;0;6;0;1;2;66;67;60;7;3738;720;195;99.7;3.9;3.9;34.7;33.7;61;54;53.0;-0.8;45;41;52.3;1.4;0;11;4
7176;281;281;5;0;3;-1;4;0;1;0;1;0;0;5;2;0;4;64;63;66;7;4325;1366;174;89.6;2.5;4.2;33.3;23.3;68;50;57.6;-0.8;50;40;55.6;-3.0;0;0;0
7177;276;276;6;1;1;1;2;0;0;0;0;0;0;3;0;2;11;64;62;66;9;5853;1037;429;106.5;2.5;1.8;20.3;32.6;73;107;40.6;-0.9;49;76;39.2;-2.3;0;0;0
7179;274;274;7;1;2;-1;16;0;0;0;0;0;0;10;0;2;4;63;61;64;15;4396;941;179;102.0;2.5;2.5;25.4;31.9;58;75;43.6;-0.5;43;55;43.9;-0.3;0;87;45
7180;281;281;6;1;0;1;2;0;0;0;0;0;0;5;2;4;12;65;58;71;14;5818;732;851;95.5;3.1;3.1;40.2;25.4;100;76;56.8;-0.1;77;56;57.9;3.5;0;0;0
7181;286;286;6;0;1;-3;6;0;0;0;0;0;0;8;3;5;2;60;59;59;8;5033;836;618;92.3;0.7;2.9;20.7;25.8;58;75;43.6;-4.8;37;50;42.5;-5.6;0;5;0
7182;277;277;3;0;0;-2;4;0;0;0;0;0;0;2;0;0;3;51;54;48;1;1655;2;73;86.7;0.0;4.4;30.5;32.6;29;22;56.9;1.4;22;18;55.0;-0.7;0;3;1
7185;284;284;6;0;0;-4;4;0;0;0;0;0;0;6;6;2;12;59;56;65;14;5965;1206;420;93.4;2.4;4.8;28.4;32.0;75;98;43.4;-5.2;60;76;44.1;-6.1;0;0;0
7186;275;275;5;0;1;1;2;0;0;0;0;0;0;4;1;1;7;63;62;62;11;5299;120;1075;101.4;2.0;1.4;27.9;23.1;73;70;51.0;-4.3;55;53;50.9;-2.3;0;0;0
7187;274;274;6;0;1;-2;2;0;0;0;0;0;0;4;0;1;1;56;56;53;3;3635;382;218;96.8;1.0;2.0;26.7;28.7;55;58;48.7;5.2;40;44;47.6;3.8;0;47;22
7188;279;279;7;1;1;-4;8;0;0;0;0;0;0;5;1;2;15;58;55;59;11;7273;38;1084;99.9;3.5;5.4;26.7;41.6;84;149;36.1;-10.7;65;115;36.1;-10.3;0;0;0
7189;276;276;6;0;1;-3;4;0;0;0;0;0;0;4;2;0;3;54;54;51;5;4361;448;59;94.9;1.7;4.1;27.2;37.1;56;81;40.9;-1.3;45;63;41.7;1.7;0;24;17
7190;283;283;6;5;12;6;2;1;6;0;0;0;0;7;1;4;4;83;87;55;28;5583;1070;0;95.4;7.7;3.9;40.0;16.1;108;56;65.9;7.9;89;35;71.8;12.5;0;3;0
7191;275;275;7;1;0;-3;4;0;0;0;0;0;0;6;0;0;1;54;57;48;7;3424;124;31;86.0;1.1;4.2;38.9;25.2;59;36;62.1;8.6;47;27;63.5;10.9;0;0;0
7192;276;276;6;1;0;1;2;0;0;0;0;0;0;3;1;0;5;54;55;53;8;2820;282;124;107.5;2.6;1.3;23.0;35.7;37;56;39.8;-2.5;27;42;39.1;-3.4;1;24;15
7196;287;287;5;1;1;1;12;0;0;0;0;0;0;3;0;2;2;55;57;52;3;2529;0;0;114.1;8.5;7.1;25.6;37.0;35;46;43.2;-11.6;29;33;46.8;-8.8;0;21;10
7198;282;282;6;1;0;3;2;0;0;0;0;0;0;8;2;3;0;55;56;52;6;4764;211;0;102.1;3.8;1.5;36.3;18.1;96;50;65.8;11.7;74;36;67.3;14.4;0;0;0
7200;284;284;7;1;0;0;2;0;0;0;0;0;0;5;3;2;1;53;53;52;6;4725;250;172;100.7;1.5;1.5;31.2;36.6;68;85;44.4;-1.8;52;69;43.0;-5.7;0;12;8
7201;290;290;4;1;1;1;0;0;0;0;0;0;0;9;1;1;5;60;60;52;8;3707;395;371;108.4;3.9;2.9;25.2;41.8;48;84;36.4;-11.0;33;62;34.7;-11.9;0;0;0
7202;288;288;5;1;1;-1;2;0;0;0;0;0;0;1;0;0;6;53;54;53;5;4695;0;527;91.9;3.8;4.6;36.0;24.5;79;68;53.7;5.0;63;48;56.8;8.2;0;0;0
7204;280;280;3;0;1;2;0;0;0;0;0;0;0;3;1;1;2;54;50;55;2;2953;0;521;113.3;2.4;0.0;18.3;21.9;38;35;52.1;0.8;24;31;43.6;-8.1;0;0;0
7205;287;287;3;0;0;0;2;0;0;0;0;0;0;0;0;0;1;56;54;59;2;2792;9;68;100.2;2.6;2.6;36.1;37.4;44;48;47.8;-12.0;33;37;47.1;-12.9;0;0;0
7206;289;289;3;0;0;-1;0;0;0;0;0;0;0;0;0;0;1;49;50;48;1;980;0;56;88.9;0.0;3.7;7.3;33.1;2;21;8.7;-32.0;2;15;11.8;-28.4;0;0;0
7207;278;278;2;2;0;1;0;1;0;0;0;0;0;4;1;1;0;65;62;66;5;1426;743;110;106.3;2.5;0.0;40.4;20.2;27;12;69.2;19.7;22;10;68.8;20.0;1;0;0
7208;281;281;1;0;0;-2;2;0;0;0;0;0;0;2;0;0;0;50;53;45;2;607;210;79;75.0;0.0;11.9;29.7;47.4;9;14;39.1;3.1;7;10;41.2;6.0;0;11;4
7209;276;276;4;1;1;0;6;0;1;0;0;0;0;6;0;1;4;61;59;66;3;3781;427;224;106.0;2.9;2.9;20.0;34.3;40;69;36.7;-5.1;27;51;34.6;-8.5;0;0;0
7210;288;288;5;1;0;-2;0;0;0;0;0;0;0;2;0;1;6;56;54;56;5;2020;134;159;94.3;1.8;5.3;30.3;46.3;20;43;31.7;-13.9;18;33;35.3;-9.6;0;21;10
7211;289;289;7;1;0;-3;4;0;0;0;0;0;0;8;2;1;1;59;58;59;14;4812;622;173;93.2;0.7;3.0;25.4;30.7;63;69;47.7;0.2;48;55;46.6;-1.3;0;75;30
7212;280;280;5;0;2;0;0;0;0;0;0;0;0;4;0;0;1;52;54;45;4;3255;0;38;104.5;4.4;4.4;25.4;34.3;38;53;41.8;-12.4;29;39;42.6;-11.6;0;4;1
7213;274;274;1;0;0;2;0;0;0;0;0;0;0;0;0;0;0;51;52;50;0;461;0;0;128.6;15.6;0.0;54.7;46.9;10;12;45.5;11.2;9;8;52.9;19.0;0;1;0
7214;281;281;6;0;0;3;4;0;0;0;0;0;0;6;2;0;3;59;56;62;10;4410;1312;59;111.9;4.1;0.0;34.3;19.6;84;42;66.7;18.3;55;31;64.0;17.5;0;17;6
7215;276;276;2;0;0;0;2;0;0;0;0;0;0;0;0;0;2;55;54;61;2;1843;0;113;100.0;0.0;0.0;23.4;31.3;24;27;47.1;1.1;17;18;48.6;5.2;0;0;0
7216;280;280;6;3;6;8;2;1;0;0;0;0;0;7;2;3;3;65;67;56;13;4747;789;0;117.4;8.3;2.3;31.9;25.8;73;63;53.7;-1.6;60;46;56.6;0.9;0;0;0
7217;276;276;2;0;0;1;2;0;0;0;0;0;0;0;2;0;1;48;46;51;1;1532;65;0;106.7;2.3;0.0;35.2;23.5;25;24;51.0;6.9;19;16;54.3;13.5;0;3;1
7218;284;284;4;0;1;1;0;0;0;0;0;0;0;0;0;1;6;60;63;55;10;3731;2;743;100.5;3.9;2.9;41.5;32.8;57;57;50.0;-0.4;51;43;54.3;4.0;0;0;0
7219;290;290;4;1;1;3;4;0;0;0;0;0;0;5;1;0;4;60;61;57;4;3961;142;297;120.7;6.4;3.6;21.8;42.7;41;80;33.9;-17.8;29;60;32.6;-19.0;0;0;0
7220;282;282;3;0;1;1;0;0;0;0;0;0;0;0;0;0;0;52;53;49;0;1149;0;0;112.5;3.1;0.0;25.1;21.9;19;13;59.4;3.0;10;10;50.0;-6.9;0;1;1
7221;274;274;5;1;3;-1;2;0;1;0;0;0;0;7;1;0;2;59;58;59;4;3167;1028;6;103.4;3.4;4.5;25.0;44.3;38;67;36.2;-12.2;27;51;34.6;-13.6;0;25;13
7222;290;290;5;0;2;2;10;0;0;0;0;0;0;3;1;4;5;70;51;74;4;4761;102;989;105.0;3.0;1.5;28.7;27.2;82;70;53.9;10.0;58;51;53.2;10.0;0;0;0
7223;279;279;3;0;0;-2;2;0;0;0;0;0;0;2;0;0;0;50;53;43;0;1696;0;0;94.3;4.2;8.5;27.6;40.3;24;37;39.3;-2.0;16;27;37.2;-3.2;0;0;0
7224;283;283;1;1;0;0;2;1;0;0;0;0;0;0;0;0;0;59;63;52;3;475;84;0;100.0;0.0;0.0;30.3;30.3;13;6;68.4;6.8;9;5;64.3;3.3;1;1;1
7225;276;276;4;0;1;-4;2;0;0;0;0;0;0;2;0;0;0;56;55;58;0;4124;126;302;89.8;0.9;4.4;17.5;28.8;39;63;38.2;-3.1;33;48;40.7;1.0;0;0;0
7226;274;274;3;0;0;0;0;0;0;0;0;0;0;0;1;0;0;48;48;48;0;1047;0;0;100.0;0.0;0.0;10.3;30.9;7;18;28.0;-17.9;5;14;26.3;-18.2;0;1;1
7227;274;274;4;0;0;-1;2;0;0;0;0;0;0;0;0;0;0;52;52;52;2;1613;0;427;92.3;0.0;2.2;20.1;29.0;15;24;38.5;-5.8;11;21;34.4;-10.1;0;4;1
7228;277;277;6;0;2;6;4;0;0;0;0;0;0;6;0;3;13;68;53;70;5;5544;102;1166;109.3;3.2;0.0;35.1;20.1;102;63;61.8;4.6;78;47;62.4;5.3;0;0;0
7229;280;280;6;3;0;0;2;1;0;0;0;0;0;4;0;1;0;57;59;51;8;4601;224;521;101.7;4.7;4.7;33.6;38.3;74;74;50.0;-0.7;57;59;49.1;-2.3;1;16;9
7230;281;281;6;1;0;-7;2;0;0;0;0;0;0;6;0;0;6;50;53;48;9;5285;117;1369;78.4;1.4;6.1;33.4;23.8;88;60;59.5;9.2;63;47;57.3;9.5;0;0;0
7231;283;283;7;0;0;0;2;0;0;0;0;0;0;9;0;1;5;58;53;61;11;6565;201;800;93.1;2.2;2.7;35.1;20.8;112;71;61.2;1.7;91;55;62.3;-0.2;0;0;0
7232;277;277;3;1;1;1;0;0;0;0;0;0;0;1;0;1;0;58;59;53;3;2284;323;27;103.8;4.7;3.2;33.1;29.9;32;34;48.5;-3.6;25;27;48.1;-1.0;0;37;17
7233;291;291;5;0;1;-2;2;0;0;0;0;0;0;5;1;3;2;58;60;51;10;4243;346;168;91.4;1.7;4.2;29.7;29.7;60;68;46.9;-0.7;46;48;48.9;1.6;0;0;0
7234;291;291;4;1;0;-1;0;1;0;0;0;0;0;4;0;1;0;56;58;50;3;2342;127;0;93.5;3.1;4.6;27.7;26.1;36;27;57.1;17.6;25;21;54.3;15.3;0;0;0
7235;291;291;4;0;1;-7;8;0;0;0;0;0;0;5;2;3;7;51;53;50;5;4029;74;780;89.2;0.9;7.1;19.7;46.5;43;88;32.8;-6.4;29;68;29.9;-9.5;0;0;0
7236;280;280;7;0;2;2;0;0;1;0;0;0;0;7;0;4;6;61;60;59;12;4367;260;484;105.1;2.5;0.8;30.5;27.2;78;57;57.8;6.6;55;47;53.9;1.3;0;56;28
7237;277;277;7;2;4;0;12;2;1;0;0;0;0;9;0;2;7;65;65;63;17;6796;1171;572;101.9;3.2;2.6;27.5;27.5;116;99;54.0;-7.1;78;70;52.7;-8.0;0;0;0
7238;280;280;5;0;1;1;0;0;0;0;0;0;0;3;0;1;6;63;62;63;5;4407;353;489;105.5;4.9;4.1;28.6;35.1;60;64;48.4;-3.3;47;49;49.0;-3.2;0;0;0
7239;286;286;3;1;1;1;0;0;0;0;0;0;0;1;0;0;0;53;56;47;1;1194;11;0;116.0;6.0;3.0;27.1;48.2;19;27;41.3;-16.7;14;23;37.8;-19.0;0;0;0
7240;276;276;6;1;3;1;0;0;1;0;0;0;0;4;0;0;2;63;66;55;9;5003;1726;0;110.2;4.3;2.9;23.0;33.8;62;88;41.3;0.7;48;69;41.0;0.9;0;0;0
7241;274;274;6;2;5;-2;2;2;2;0;0;0;0;4;1;4;3;64;65;60;11;3719;865;175;97.9;2.9;3.9;29.0;31.9;59;66;47.2;2.5;40;44;47.6;3.1;1;60;28
7242;291;291;5;2;3;-2;14;1;2;0;0;0;0;5;0;2;2;63;65;57;6;3441;839;426;100.8;2.1;3.1;19.9;32.4;31;57;35.2;-14.0;25;39;39.1;-10.3;0;47;24
7243;283;283;6;0;6;4;2;0;0;0;0;0;0;1;0;0;3;61;62;56;10;3357;636;33;111.9;6.4;2.1;34.3;31.1;57;58;49.6;-11.0;46;41;52.9;-10.4;0;30;17
7244;283;283;3;2;0;0;0;0;0;0;0;0;0;1;0;0;1;53;61;45;8;1922;0;322;94.9;5.6;5.6;45.0;31.8;38;28;57.6;2.6;33;22;60.0;3.5;0;2;0
7245;285;285;5;1;2;0;2;0;2;0;0;0;0;4;1;0;0;60;61;52;17;3230;343;114;97.7;1.1;1.1;55.7;25.6;80;32;71.4;14.2;63;28;69.2;11.0;0;2;0
7246;289;289;3;0;0;-2;0;0;0;0;0;0;0;0;0;1;3;57;54;60;5;2381;235;580;90.3;1.5;4.5;33.3;31.8;38;32;54.3;5.1;26;25;51.0;-0.1;0;0;0
7247;291;291;3;0;1;-2;0;0;0;0;0;0;0;1;1;0;0;50;52;46;0;1605;0;42;88.9;0.0;4.5;17.9;40.4;19;35;35.2;-13.7;15;28;34.9;-13.3;0;9;4
7248;276;276;2;0;0;0;0;0;0;0;0;0;0;5;1;0;1;57;54;59;1;2005;28;105;101.7;1.8;1.8;21.5;26.9;35;29;54.7;17.7;20;21;48.8;11.7;0;0;0
7249;287;287;6;1;1;-5;0;0;0;0;0;0;0;8;0;1;4;56;60;45;9;6047;33;527;96.4;2.4;5.4;26.8;42.9;96;126;43.2;-8.6;73;98;42.7;-10.6;0;0;0
7250;290;290;7;0;2;-1;0;0;0;0;0;0;0;4;2;1;6;54;55;52;7;5177;266;125;98.1;1.4;2.1;25.0;27.8;63;76;45.3;-2.5;47;57;45.2;-2.4;0;15;9
7251;279;279;7;1;4;-1;0;0;2;0;0;0;0;5;2;0;0;58;59;50;16;4946;464;363;100.6;3.6;4.4;30.6;38.6;68;90;43.0;0.5;51;66;43.6;1.6;0;52;23
7252;281;281;5;0;0;-5;2;0;0;0;0;0;0;3;2;3;4;54;53;54;9;4157;39;675;74.1;0.9;6.1;41.6;21.7;81;50;61.8;7.8;57;35;62.0;8.7;0;0;0
7253;287;287;6;1;3;1;8;1;0;0;0;0;0;5;2;4;1;60;60;59;13;4409;667;181;101.6;4.1;3.3;41.6;40.0;81;80;50.3;2.5;64;65;49.6;0.6;0;64;35
7255;274;274;5;0;2;-3;2;0;0;0;1;0;0;5;2;1;6;54;52;56;0;4398;0;504;96.2;3.3;6.5;26.2;40.1;58;82;41.4;-0.2;43;69;38.4;-4.9;0;0;0
7257;276;276;7;2;1;-1;0;0;0;0;0;0;0;4;0;3;1;60;62;53;9;4590;769;158;106.6;3.1;3.9;20.4;44.7;53;97;35.3;-8.4;35;75;31.8;-12.4;0;4;0
7258;279;279;6;0;1;-4;0;0;0;0;0;0;0;5;5;3;4;54;54;54;3;3526;451;433;90.8;1.0;5.1;23.5;37.8;40;65;38.1;-5.3;27;50;35.1;-8.9;0;2;1
7259;291;291;5;1;0;-2;6;1;0;0;0;0;0;7;2;0;1;58;59;53;7;3962;772;85;91.3;1.8;3.6;22.7;21.8;49;52;48.5;6.8;35;35;50.0;7.3;0;3;1
7260;278;278;6;0;2;-6;2;0;1;0;1;0;0;5;1;2;0;55;55;51;10;2922;387;200;68.2;0.0;8.6;18.5;27.1;34;48;41.5;-11.4;25;31;44.6;-7.2;0;0;0
7261;291;291;2;1;0;1;0;0;0;1;0;0;0;2;0;1;3;63;62;64;6;1598;226;115;100.0;0.0;0.0;22.5;33.8;20;32;38.5;4.9;14;27;34.1;0.5;0;0;0
7263;288;288;5;0;0;-3;6;0;0;0;0;0;0;5;0;2;10;56;53;59;8;4523;156;927;96.9;0.8;3.2;17.5;41.4;49;89;35.5;-10.3;35;68;34.0;-10.9;0;0;0
7264;279;279;6;3;1;0;2;1;0;0;0;0;0;3;0;1;0;59;63;48;11;3279;506;60;104.9;5.5;5.5;28.5;38.4;45;58;43.7;1.1;32;47;40.5;-2.9;0;54;29
7265;276;276;6;1;0;1;0;0;0;0;0;0;0;4;2;2;6;55;55;54;6;4300;551;49;107.4;2.5;1.7;20.1;32.7;46;78;37.1;-6.6;35;55;38.9;-4.0;0;6;1
7266;279;279;5;0;1;0;2;0;0;0;0;0;0;3;2;0;16;63;59;78;6;4332;435;982;100.6;2.5;2.5;30.7;33.2;63;76;45.3;2.8;50;55;47.6;6.7;0;0;0
7267;289;289;3;1;1;-3;2;0;0;0;0;0;0;4;0;0;3;40;52;38;5;2892;0;263;91.1;3.7;7.5;33.6;37.3;40;52;43.5;-0.1;34;44;43.6;-1.2;0;0;0
7268;274;274;5;3;3;4;4;0;0;0;0;0;0;6;0;1;5;60;64;55;13;3939;525;811;116.1;9.1;3.7;35.6;38.4;60;77;43.8;0.8;44;57;43.6;0.1;1;15;7
7269;279;279;5;2;1;2;4;0;0;0;0;0;0;7;1;0;8;65;63;67;12;4730;706;756;103.7;4.6;3.0;35.0;32.7;65;85;43.3;-0.2;54;62;46.6;4.7;0;0;0
7271;287;287;6;0;1;-1;0;0;0;0;0;0;0;3;1;0;2;53;54;49;3;3063;8;44;100.9;3.5;4.7;29.4;42.3;42;64;39.6;-8.2;37;49;43.0;-4.7;0;34;18
7272;277;277;5;2;2;2;2;0;1;0;1;0;0;4;2;1;2;58;63;53;9;3479;36;418;97.0;3.1;2.1;38.3;18.6;76;30;71.7;8.5;58;25;69.9;5.1;0;4;0
7273;280;280;6;1;4;0;2;0;1;0;0;0;0;8;0;2;1;66;69;57;9;4983;1007;312;96.0;2.9;2.9;32.5;22.4;81;58;58.3;3.7;61;41;59.8;6.7;1;9;6
7274;286;286;2;0;0;0;0;0;0;0;0;0;0;0;0;0;0;51;51;50;1;770;32;0;96.7;4.7;4.7;28.1;23.4;11;12;47.8;-13.7;8;10;44.4;-16.8;0;7;4
7275;278;278;4;1;2;2;0;0;0;0;0;0;0;3;0;0;1;59;61;55;5;2605;390;0;107.7;5.5;2.8;35.9;35.9;37;42;46.8;-3.9;31;32;49.2;-0.3;0;45;23
7276;281;281;4;0;0;-6;2;0;0;0;0;0;0;3;1;1;1;60;64;51;7;1988;771;191;57.1;0.0;10.9;52.5;25.4;43;22;66.2;7.5;35;16;68.6;11.6;0;0;0
7277;286;286;5;1;2;-2;4;0;1;1;0;0;0;6;1;0;2;58;61;52;11;3602;1174;109;89.5;1.0;4.0;30.0;29.0;53;55;49.1;1.5;41;38;51.9;4.7;0;3;2
7278;277;277;4;2;2;5;8;0;0;0;0;0;0;7;1;0;0;57;64;52;13;3122;403;209;112.6;6.9;1.2;39.2;23.1;71;34;67.6;2.4;52;27;65.8;1.1;1;0;0
7279;276;276;6;1;0;0;0;0;0;0;0;0;0;4;0;0;1;52;53;51;3;2832;146;53;109.5;2.5;2.5;17.8;53.4;33;69;32.4;-10.8;22;55;28.6;-14.4;0;23;14
7280;281;281;4;0;1;1;4;0;1;0;0;0;0;1;2;0;0;56;57;51;11;2084;765;26;107.4;3.5;0.0;46.6;15.5;37;30;55.2;-1.4;29;20;59.2;4.1;0;2;1
7281;284;284;7;0;0;0;0;0;0;0;0;0;0;1;2;0;1;53;52;51;4;3701;93;185;100.6;1.0;1.0;28.2;34.0;47;65;42.0;-4.7;37;53;41.1;-7.5;0;48;25
7283;278;278;3;1;0;2;0;0;0;0;0;0;0;0;0;0;0;55;56;51;3;1387;145;26;111.1;5.2;0.0;46.7;23.4;31;12;72.1;17.1;25;10;71.4;16.9;0;0;0
7284;281;281;5;0;2;1;0;0;1;0;0;0;0;2;0;0;0;55;56;52;0;1873;110;49;94.9;5.8;3.8;50.0;23.1;44;25;63.8;4.2;33;18;64.7;6.9;0;11;6
7285;283;283;1;1;0;-1;2;1;0;0;0;0;0;2;0;0;0;62;65;56;5;826;288;71;75.0;0.0;4.4;30.5;17.4;14;8;63.6;0.8;12;7;63.2;2.0;0;0;0
7286;286;286;5;2;0;0;2;0;0;0;0;0;0;3;0;0;1;58;58;57;7;2807;548;641;100.0;2.6;2.6;28.2;28.2;48;39;55.2;5.2;33;30;52.4;2.6;1;8;4
7287;285;285;5;0;1;1;2;0;1;0;0;0;0;4;2;1;5;61;61;58;9;4976;599;484;102.3;2.2;1.4;32.6;33.3;88;68;56.4;1.8;67;54;55.4;-0.8;0;0;0
7288;274;274;4;0;0;0;4;0;0;0;0;0;0;2;2;2;7;56;50;60;4;3808;1;1022;102.0;1.9;1.9;24.6;33.1;53;69;43.4;-5.9;36;47;43.4;-6.3;0;0;0
7289;289;289;5;0;1;-3;12;0;0;0;0;0;0;2;0;0;4;56;57;50;5;3915;352;107;89.1;0.9;3.7;31.3;26.7;54;56;49.1;0.9;41;43;48.8;0.8;0;22;10
7291;283;283;7;3;2;3;2;0;0;0;0;0;0;6;2;0;11;63;54;63;10;6389;0;1057;101.0;3.9;2.8;29.9;23.1;111;76;59.4;-0.9;82;56;59.4;-4.3;0;0;0
7292;284;284;4;1;3;-3;0;0;2;0;0;0;0;3;0;1;0;63;68;49;10;3148;345;99;90.1;2.3;5.7;40.0;36.6;60;50;54.5;6.2;49;42;53.8;3.8;0;0;0
7293;279;279;4;1;2;1;0;0;0;0;0;0;0;0;1;1;0;60;60;52;8;3267;97;287;105.4;4.4;3.3;29.8;35.3;49;59;45.4;4.6;34;43;44.2;3.5;0;0;0
7295;275;275;1;0;0;-1;0;0;0;0;0;0;0;1;0;0;1;53;51;61;0;878;85;36;75.0;0.0;4.1;16.4;16.4;7;9;43.8;-15.2;7;7;50.0;-10.0;0;0;0
7296;286;286;3;0;0;2;16;0;0;0;0;0;0;1;1;0;3;52;53;52;1;2081;365;350;106.3;1.7;0.0;27.7;25.9;31;29;51.7;0.7;20;24;45.5;-5.8;0;0;0
7298;277;277;2;0;0;0;6;0;0;0;0;0;0;2;0;0;0;53;53;56;0;685;101;0;100.0;0.0;0.0;5.3;42.0;3;15;16.7;-28.9;2;13;13.3;-30.6;0;0;0
7299;288;288;1;0;0;0;0;0;0;0;0;0;0;1;0;0;0;63;65;59;1;774;235;0;100.0;0.0;0.0;23.3;14.0;12;6;66.7;4.8;6;5;54.5;-10.6;0;0;0
7300;283;283;6;2;2;5;14;1;0;0;0;0;0;4;2;1;5;56;61;46;13;5501;410;437;103.6;7.2;3.9;41.9;28.8;113;79;58.9;-3.8;100;55;64.5;1.8;1;0;0
7301;291;291;3;1;0;-5;2;0;0;0;0;0;0;2;0;0;1;51;56;42;5;1900;284;0;86.7;1.9;9.5;28.4;47.4;26;38;40.6;-7.7;20;31;39.2;-12.7;0;11;4
7302;284;284;4;0;1;1;4;0;0;0;0;0;0;1;0;1;0;58;61;54;1;3184;489;0;108.3;2.3;1.1;18.1;27.1;26;48;35.1;-12.4;20;33;37.7;-11.8;0;0;0
7303;274;274;3;1;0;0;2;0;0;0;0;0;0;3;0;1;0;57;59;50;4;2226;488;0;102.0;4.9;4.9;32.3;37.2;32;38;45.7;-5.4;24;29;45.3;-6.3;0;0;0
7304;284;284;4;1;0;1;0;0;0;0;0;0;0;2;0;0;2;56;57;53;5;3212;34;266;106.8;4.5;3.4;29.1;39.2;46;61;43.0;-3.1;32;47;40.5;-7.0;0;0;0
7305;287;287;1;0;1;1;0;0;0;0;0;0;0;0;0;0;0;56;57;51;0;276;0;29;125.0;13.0;0.0;52.2;13.0;7;1;87.5;22.3;4;1;80.0;15.9;0;3;2
7306;290;290;7;0;1;1;0;0;0;0;0;0;0;0;3;1;1;54;54;50;8;2945;0;244;98.1;4.9;3.7;44.0;28.1;64;43;59.8;15.1;42;31;57.5;12.4;0;37;18
7308;287;287;7;3;5;0;16;1;3;0;0;0;0;11;0;1;1;66;71;55;23;5526;958;140;99.5;3.9;3.9;31.3;30.0;87;76;53.4;5.2;66;59;52.8;4.1;0;0;0
7309;288;288;4;0;0;-1;0;0;0;0;0;0;0;0;0;1;2;51;52;50;3;1298;0;69;93.3;0.0;2.8;19.4;41.6;11;32;25.6;-20.7;9;24;27.3;-18.0;0;4;2
7310;286;286;3;0;0;0;0;0;0;0;0;0;0;2;0;0;1;55;58;47;5;2408;96;964;102.7;3.0;3.0;25.4;32.9;40;30;57.1;2.7;27;26;50.9;-3.6;0;0;0
7311;291;291;2;1;0;-1;0;0;0;0;0;0;0;1;0;0;0;51;54;43;1;957;0;31;140.9;3.8;7.5;7.5;82.8;6;35;14.6;-14.5;4;26;13.3;-15.8;1;10;4
7312;290;290;1;0;1;1;0;0;0;0;0;0;0;1;0;0;2;62;59;72;1;823;0;175;111.1;4.4;0.0;39.4;21.9;12;7;63.2;14.0;10;6;62.5;13.6;0;0;0
7313;289;289;7;0;1;-2;2;0;0;0;0;0;0;7;1;1;2;52;53;49;2;3761;293;56;99.2;2.9;4.8;25.8;40.2;44;73;37.6;-12.4;35;54;39.3;-10.3;0;27;14
7314;278;278;3;0;0;-2;0;0;0;0;0;0;0;1;1;0;0;49;50;47;0;1383;0;0;88.2;0.0;5.2;5.2;44.3;9;30;23.1;-13.8;4;24;14.3;-23.7;0;8;2
7315;279;279;1;0;0;1;0;0;0;0;0;0;0;1;0;0;0;50;55;38;0;870;0;55;120.6;12.4;8.3;29.0;37.2;11;17;39.3;3.1;9;11;45.0;11.0;0;0;0
7316;288;288;7;1;1;0;2;0;0;0;0;0;0;7;1;4;1;63;61;65;7;4681;913;386;102.2;2.3;2.3;28.5;39.2;56;85;39.7;-9.3;49;67;42.2;-5.9;0;60;33
7317;288;288;3;1;0;0;2;0;0;0;0;0;0;0;0;0;0;54;57;47;4;1357;206;56;98.7;5.3;5.3;34.5;31.8;15;23;39.5;-9.0;13;17;43.3;-5.9;1;0;0
7319;283;283;4;1;3;0;4;0;3;0;0;0;0;7;1;1;3;66;68;58;7;3334;648;19;99.3;1.1;1.1;31.3;25.9;61;35;63.5;7.2;47;28;62.7;2.1;0;0;0
7320;280;280;2;0;0;0;0;0;0;0;0;0;0;1;0;0;0;52;53;48;1;1057;17;0;92.5;3.4;3.4;27.2;17.0;13;12;52.0;11.3;10;8;55.6;13.2;0;0;0
7321;289;289;4;1;0;-1;0;0;0;0;0;0;0;1;1;0;0;50;51;46;2;1462;0;195;93.3;2.5;4.9;24.6;29.5;16;20;44.4;-3.1;13;14;48.1;0.6;0;0;0
7322;284;284;3;0;0;1;2;0;0;0;0;0;0;0;0;0;0;49;51;46;2;1678;0;0;105.6;4.3;2.1;38.6;38.6;26;28;48.1;-1.9;22;26;45.8;-6.2;0;0;0
7323;284;284;1;0;0;1;0;0;0;0;0;0;0;0;0;0;1;56;53;71;0;679;52;228;112.5;5.3;0.0;42.4;37.1;11;12;47.8;0.6;9;7;56.3;11.8;0;0;0
7324;290;290;4;0;0;-1;0;0;0;0;0;0;0;0;0;0;0;50;51;47;0;1172;0;128;90.9;0.0;3.1;27.6;33.8;20;17;54.1;8.5;12;13;48.0;2.3;0;0;0
7325;284;284;2;0;0;0;0;0;0;0;0;0;0;1;0;0;1;51;51;51;0;767;0;0;100.0;0.0;0.0;42.2;28.2;12;10;54.5;14.1;10;7;58.8;18.0;0;0;0
7326;280;280;4;0;0;-2;0;0;0;0;0;0;0;1;0;0;1;52;52;51;2;1469;0;312;86.7;0.0;4.9;14.7;36.8;15;25;37.5;-19.2;9;20;31.0;-24.8;0;4;2
7327;285;285;1;0;0;0;0;0;0;0;0;0;0;0;0;0;0;51;50;51;0;741;0;116;100.0;0.0;0.0;34.0;24.3;11;8;57.9;-24.8;8;7;53.3;-31.4;0;0;0
7329;275;275;1;0;0;-1;0;0;0;0;0;0;0;0;2;0;0;46;45;47;0;736;120;0;66.7;0.0;4.9;9.8;14.7;10;8;55.6;1.5;6;5;54.5;-3.0;0;0;0
7330;282;282;5;1;1;-1;4;0;0;1;0;0;0;2;1;2;2;55;57;49;1;3549;0;753;94.4;2.0;4.1;26.4;30.4;49;59;45.4;-11.7;35;43;44.9;-11.0;0;13;4
7332;284;284;6;1;2;-1;8;0;1;0;0;0;0;6;1;1;1;59;63;51;6;3737;857;125;97.4;2.9;3.9;32.8;33.7;57;68;45.6;2.7;44;52;45.8;1.8;0;0;0
7333;284;284;5;1;2;1;4;0;0;0;0;0;0;4;1;1;5;62;61;60;16;4130;869;284;102.1;2.6;1.7;34.0;31.4;51;63;44.7;-4.5;46;46;50.0;1.0;0;69;32
7334;274;274;1;0;0;-1;0;0;0;0;0;0;0;0;0;0;0;39;53;36;0;745;0;174;87.5;0.0;4.8;9.7;38.7;5;15;25.0;-15.3;2;13;13.3;-31.5;0;0;0
7335;287;287;3;0;2;1;2;0;0;0;1;0;0;9;1;1;2;56;52;59;7;2723;33;264;100.0;2.6;2.6;34.4;34.4;34;47;42.0;-4.1;29;36;44.6;0.2;0;0;0
7336;283;283;5;0;0;1;4;0;0;0;0;0;0;5;2;1;3;53;49;56;10;4660;271;352;98.4;3.9;3.1;35.5;24.7;71;56;55.9;-1.4;59;44;57.3;-4.3;0;0;0
7337;285;285;3;0;0;2;2;0;0;0;0;0;0;1;0;0;0;52;54;50;1;865;82;0;125.0;8.3;0.0;33.3;25.0;13;14;48.1;-7.7;13;9;59.1;3.0;0;6;3
7338;274;274;5;2;0;2;4;1;0;0;0;0;0;8;2;0;1;61;62;60;8;3598;838;1129;103.8;2.0;1.0;25.0;24.0;46;60;43.4;-3.0;33;39;45.8;-0.9;0;5;3
7339;279;279;5;0;1;1;0;0;0;0;0;0;0;1;0;0;0;52;53;50;3;1787;0;30;105.6;2.0;0.0;36.3;26.2;24;23;51.1;8.2;20;20;50.0;7.8;0;6;3
7340;287;287;4;1;0;3;0;0;0;0;0;0;0;1;1;1;2;55;51;58;7;3635;0;183;105.2;5.0;2.0;42.6;30.7;62;55;53.0;0.6;53;45;54.1;1.4;0;0;0
7341;281;281;3;0;0;-1;2;0;0;0;0;0;0;3;0;3;3;58;59;57;2;1694;0;663;94.4;2.1;4.3;27.6;31.9;20;32;38.5;-13.0;17;25;40.5;-7.8;0;18;9
7342;279;279;4;0;1;-2;2;0;0;0;0;0;0;4;0;2;4;54;54;54;3;3103;112;993;95.4;1.2;3.5;24.4;37.1;45;50;47.4;3.0;28;44;38.9;-6.8;0;0;0
7343;277;277;1;0;0;0;0;0;0;0;0;0;0;0;0;1;0;52;52;53;1;252;101;0;100.0;0.0;0.0;28.6;71.4;5;9;35.7;3.2;4;7;36.4;1.6;0;7;3
7344;291;291;4;0;1;-3;4;0;0;0;0;0;0;2;0;1;0;52;56;44;4;2448;30;138;98.6;2.9;7.4;25.0;55.9;26;60;30.2;-12.1;22;47;31.9;-8.5;0;25;10
7345;287;287;4;0;0;0;0;0;0;0;0;0;0;0;3;1;1;51;50;52;1;2062;0;373;102.8;1.7;1.7;21.0;31.4;23;31;42.6;-13.8;18;26;40.9;-16.6;0;13;7
7347;284;284;5;0;0;-2;4;0;0;0;0;0;0;6;0;1;14;66;56;72;5;4424;78;939;96.8;0.8;2.4;22.8;35.8;45;74;37.8;-8.5;33;57;36.7;-11.9;0;0;0
7348;278;278;3;1;1;-3;0;0;0;0;1;0;0;1;0;1;2;47;53;42;3;2647;0;385;89.1;1.4;6.8;28.6;43.5;37;55;40.2;-4.4;23;43;34.8;-9.7;0;0;0
7349;281;281;1;0;0;0;0;0;0;0;0;0;0;0;0;0;0;50;50;50;0;519;0;0;100.0;0.0;0.0;20.8;13.9;3;10;23.1;-16.9;3;7;30.0;-8.6;0;0;0
7350;277;277;4;0;1;-1;0;0;1;0;0;0;0;2;0;2;0;56;60;52;4;3014;30;268;92.0;1.2;2.4;26.3;19.1;49;32;60.5;-3.7;33;24;57.9;-7.9;0;1;0
7351;278;278;3;0;1;-2;2;0;0;0;0;0;0;0;2;0;2;46;49;44;7;3338;135;351;95.7;1.1;3.2;23.7;36.7;46;58;44.2;-5.8;32;43;42.7;-8.8;0;0;0
7352;284;284;5;0;0;0;2;0;0;0;0;0;0;1;2;0;2;51;51;51;4;2850;137;480;101.3;2.5;2.5;25.3;29.1;32;52;38.1;-10.4;27;34;44.3;-5.6;0;16;6
7353;275;275;1;0;0;0;0;0;0;0;0;0;0;0;0;0;0;52;50;52;0;646;0;242;20.0;5.6;5.6;27.9;5.6;6;4;60.0;6.7;6;3;66.7;12.4;0;0;0
7354;283;283;1;0;0;0;0;0;0;0;0;0;0;0;1;0;2;51;50;52;1;685;0;125;89.1;5.3;5.3;57.8;26.3;17;9;65.4;3.3;14;7;66.7;7.1;0;3;2
7355;289;289;1;0;0;-1;2;0;0;0;0;0;0;3;0;0;1;72;53;76;1;819;89;213;88.9;0.0;4.4;22.0;39.6;8;14;36.4;-22.8;7;10;41.2;-18.2;0;0;0
7357;284;284;3;0;0;-2;4;0;0;0;0;0;0;3;0;0;3;50;52;48;0;1900;0;92;89.5;0.0;3.8;17.1;36.0;16;29;35.6;-4.2;13;21;38.2;-3.3;0;0;0
7358;278;278;2;0;0;-1;0;0;0;0;0;0;0;0;2;0;1;49;47;47;0;1303;0;73;95.0;0.0;2.8;16.6;55.3;13;39;25.0;-20.8;10;29;25.6;-21.3;0;0;0
7360;290;290;6;1;1;1;2;0;0;0;0;0;0;3;1;0;3;51;52;48;9;2830;0;41;101.1;6.4;5.1;34.3;29.3;44;53;45.4;-1.5;32;36;47.1;1.0;0;3;3
7361;290;290;1;0;0;0;0;0;0;0;0;0;0;2;1;0;0;60;55;70;0;728;0;209;100.0;0.0;0.0;24.7;44.5;11;16;40.7;-18.1;5;11;31.3;-28.8;0;0;0
7362;291;291;5;0;0;-7;4;0;0;0;0;0;0;1;0;0;2;50;54;43;1;3078;265;0;84.4;0.0;8.2;17.5;52.6;31;74;29.5;-9.1;26;60;30.2;-9.1;0;0;0
7363;276;276;1;0;0;0;0;0;0;0;0;0;0;3;0;0;0;55;52;62;0;1001;0;90;100.0;0.0;0.0;3.6;18.0;6;9;40.0;-10.0;2;8;20.0;-33.8;0;0;0
7364;277;277;1;0;1;1;2;0;0;0;0;0;0;0;0;0;0;59;60;48;2;791;118;7;107.1;9.1;4.6;50.1;41.0;11;13;45.8;16.9;11;11;50.0;20.5;0;0;0
8690;345;345;4;1;1;3;4;0;0;0;0;0;0;2;0;0;0;56;59;53;6;2310;220;0;113.2;6.2;1.6;32.7;26.5;33;37;47.1;0.4;28;27;50.9;4.9;0;0;0
8691;348;348;7;3;0;-1;4;2;0;0;0;0;0;4;3;3;5;58;57;60;11;4020;989;226;96.8;0.9;1.8;27.8;27.8;51;49;51.0;1.9;42;36;53.8;2.5;1;8;4
8692;346;346;5;0;0;-2;2;0;0;0;0;0;0;6;0;2;7;58;51;59;4;3087;682;616;97.2;0.0;1.2;18.7;42.0;30;61;33.0;-6.8;21;45;31.8;-8.4;0;0;0
8694;344;344;2;0;1;-3;0;0;1;0;0;0;0;4;2;1;3;56;49;60;7;1906;402;91;85.0;0.0;5.7;28.3;37.8;24;33;42.1;-13.2;21;25;45.7;-8.0;0;0;0
8695;344;344;4;2;1;-1;0;1;0;0;0;0;0;4;0;3;4;61;60;59;6;3310;878;6;98.7;3.3;4.4;27.2;32.6;42;60;41.2;-14.8;33;45;42.3;-14.0;0;0;0
8696;338;338;7;3;3;4;2;2;0;0;1;0;0;12;1;7;7;69;68;66;23;5579;837;438;102.9;2.6;0.6;35.5;14.8;105;49;68.2;6.9;75;34;68.8;7.5;2;9;4
8697;341;341;5;1;2;1;2;0;0;0;0;0;0;4;2;2;2;57;58;52;7;3628;164;96;104.5;4.0;3.0;29.8;33.7;52;53;49.5;-3.9;35;41;46.1;-9.7;0;41;24
8698;351;351;7;0;1;-2;0;0;0;0;0;0;0;3;0;2;7;61;60;66;11;5325;1216;129;98.3;0.7;1.4;25.0;30.4;71;94;43.0;0.8;50;67;42.7;-1.4;0;9;4
8699;338;338;7;1;7;3;2;1;4;0;0;0;0;9;3;1;1;70;67;69;13;5056;1336;0;102.4;2.8;0.7;38.4;14.2;94;39;70.7;9.8;67;27;71.3;10.3;0;86;56
8700;344;344;5;0;2;0;0;0;0;0;0;0;0;6;3;0;6;53;50;52;8;3792;126;228;98.1;1.9;1.9;34.2;25.6;64;49;56.6;-0.3;52;37;58.4;1.5;0;0;0
8702;344;344;6;0;2;2;2;0;0;0;0;0;0;4;1;0;2;53;58;49;7;4601;401;536;94.9;4.7;3.1;40.7;18.8;90;48;65.2;15.3;69;35;66.3;16.3;0;17;11
8703;347;347;7;0;0;-1;8;0;0;0;0;0;0;10;6;0;5;52;48;55;5;6474;286;558;97.1;2.2;2.8;29.5;26.7;84;78;51.9;-5.6;66;58;53.2;-2.6;0;1;1
8704;348;348;7;0;0;0;2;0;0;0;0;0;0;5;1;3;6;56;51;58;5;4489;105;1049;97.6;0.0;0.8;24.9;32.9;62;71;46.6;-3.8;50;54;48.1;-5.1;0;0;0
8705;347;347;4;0;0;-5;0;0;0;0;0;0;0;11;1;0;2;54;57;50;5;2151;139;517;73.7;0.0;8.4;26.8;31.8;30;28;51.7;-3.1;21;22;48.8;-4.7;0;12;6
8706;341;341;6;2;1;3;2;0;0;0;0;0;0;9;0;4;5;58;58;57;15;5878;418;707;95.9;4.9;3.1;37.4;17.8;100;50;66.7;16.3;78;36;68.4;17.0;0;0;0
8707;351;351;6;2;1;2;2;1;0;0;0;0;0;1;4;2;4;56;56;53;8;5781;479;206;108.4;2.5;1.2;21.8;41.7;65;113;36.5;-8.7;50;82;37.9;-8.0;0;0;0
8708;351;351;6;1;1;0;2;0;1;0;0;0;0;3;2;1;9;66;54;75;6;6318;244;387;102.9;1.1;1.1;17.7;32.5;60;109;35.5;-9.9;47;79;37.3;-8.5;0;1;0
8710;339;339;7;4;2;-4;2;2;2;0;0;0;0;7;3;3;11;67;65;66;25;6603;1877;160;100.0;2.7;4.4;24.5;39.3;76;123;38.2;-7.4;58;87;40.0;-3.2;1;0;0
8712;338;338;5;0;0;2;2;0;0;0;0;0;0;7;0;2;6;76;54;79;8;3882;181;795;102.7;1.9;0.9;30.6;27.8;70;53;56.9;-4.6;49;40;55.1;-6.0;0;1;0
8714;350;350;5;0;0;-1;2;0;0;0;0;0;0;2;2;1;0;53;53;51;3;2058;137;160;96.7;1.7;3.5;26.2;35.0;36;31;53.7;3.2;27;24;52.9;4.6;0;13;10
8715;344;344;4;0;2;-1;0;0;1;0;0;0;0;4;2;1;2;67;51;67;2;3438;231;396;90.6;3.1;4.2;35.6;23.0;56;45;55.4;1.5;44;36;55.0;0.6;0;0;0
8716;343;343;7;1;2;0;0;0;0;0;0;0;0;20;3;1;6;57;58;54;4;5522;0;543;101.3;3.3;3.3;26.7;30.0;84;71;54.2;4.7;55;56;49.5;-0.9;0;13;7
8717;344;344;7;0;4;-2;6;0;0;0;0;0;0;14;2;1;3;72;52;72;8;6743;973;912;96.1;2.7;3.2;33.1;26.7;106;91;53.8;-1.5;87;69;55.8;0.2;0;0;0
8718;344;344;5;1;1;2;4;0;0;0;0;0;0;6;0;2;14;64;53;66;8;3944;644;596;101.6;3.7;1.8;42.0;25.6;87;53;62.1;8.4;67;35;65.7;11.7;0;0;0
8719;344;344;5;0;1;4;0;0;0;0;0;0;0;5;1;5;7;69;51;71;8;4562;311;614;108.3;3.9;0.8;32.4;20.5;75;51;59.5;9.5;56;38;59.6;6.9;0;0;0
8720;347;347;7;2;1;2;4;0;0;0;0;0;0;7;2;4;4;55;55;54;14;6877;309;1058;98.9;3.7;2.6;30.4;19.9;111;77;59.0;4.7;80;56;58.8;5.5;0;0;0
8721;338;338;7;1;3;3;0;0;0;0;0;0;0;11;2;1;7;59;53;59;8;5410;366;1190;98.4;4.0;2.7;35.3;20.6;94;61;60.6;-3.4;67;45;59.8;-4.9;0;0;0
8723;343;343;6;3;1;-2;2;1;0;0;0;0;0;4;3;4;5;59;58;58;9;5529;294;439;93.3;2.6;3.9;26.0;23.4;79;73;52.0;-2.8;60;53;53.1;-0.9;1;12;3
8724;345;345;7;1;2;3;2;0;0;0;0;0;0;6;1;3;9;55;53;55;7;3764;290;778;107.0;5.7;2.9;36.3;32.5;55;61;47.4;-1.3;44;45;49.4;0.9;0;0;0
8727;343;343;6;3;5;3;0;0;1;0;0;0;0;7;1;1;2;65;67;55;11;5726;1294;50;98.8;6.3;4.4;36.5;23.9;97;70;58.1;6.0;76;53;58.9;7.8;0;104;58
8728;338;338;7;1;3;3;0;0;0;0;0;0;0;7;0;1;10;64;65;60;21;5538;183;275;105.6;2.0;0.0;35.1;13.7;97;57;63.0;-0.2;68;34;66.7;4.4;0;2;0
8729;348;348;5;0;2;0;4;0;0;0;0;0;0;11;2;1;11;67;56;83;5;4849;188;767;99.7;0.7;0.7;28.2;25.2;72;69;51.1;8.3;50;47;51.5;4.7;0;0;0
8730;339;339;7;1;4;-7;8;1;3;0;0;0;0;5;2;1;4;63;63;57;14;6022;1843;35;93.0;1.2;4.8;26.3;41.2;96;108;47.1;5.8;65;87;42.8;0.8;0;131;82
8731;340;340;7;0;2;-3;6;0;1;0;0;0;0;5;3;0;7;55;55;56;7;5748;1722;312;101.8;2.5;3.8;21.3;37.6;64;110;36.8;-16.3;47;78;37.6;-14.5;0;0;0
8732;341;341;6;2;3;-2;4;1;0;0;0;0;0;8;0;3;2;66;66;61;14;5645;266;280;88.7;2.6;3.8;29.3;19.1;84;60;58.3;4.6;67;39;63.2;9.5;0;71;35
8733;349;349;7;1;0;-1;4;0;0;0;0;0;0;7;1;2;7;66;59;65;8;5120;281;1135;95.8;0.7;1.4;23.9;19.7;64;67;48.9;0.2;46;42;52.3;3.6;0;14;6
8736;343;343;7;1;1;-1;6;0;0;0;0;0;0;8;2;2;3;57;59;52;10;5367;608;293;98.4;2.0;2.7;24.8;27.5;75;73;50.7;0.0;56;57;49.6;-0.9;0;10;3
8737;351;351;7;2;0;0;2;0;0;0;0;0;0;10;4;3;6;63;58;65;16;6147;621;707;104.3;1.8;0.6;28.1;29.3;78;95;45.1;3.7;61;66;48.0;5.9;1;100;47
8738;338;338;3;0;0;1;2;0;0;0;0;0;0;3;1;1;3;68;49;71;4;1907;0;329;105.9;1.9;0.0;32.1;13.2;32;16;66.7;-2.9;21;10;67.7;-2.9;0;0;0
8739;349;349;2;0;0;0;2;0;0;0;0;0;0;0;0;1;0;57;50;59;1;315;0;306;100.0;0.0;0.0;34.3;11.4;5;5;50.0;4.5;4;3;57.1;12.6;0;0;0
8740;350;350;4;1;0;0;0;0;0;0;0;0;0;0;0;1;0;60;57;63;6;1927;246;0;98.1;1.9;1.9;26.2;20.6;24;25;49.0;-2.2;19;17;52.8;4.2;1;31;12
8741;350;350;5;0;0;2;0;0;0;0;0;0;0;1;1;1;0;59;56;61;8;2998;844;78;105.9;2.4;0.0;40.8;20.4;49;32;60.5;13.7;43;25;63.2;18.2;0;8;4
8742;342;342;7;2;3;2;10;0;0;0;0;0;0;17;0;2;5;66;63;65;8;6228;95;1059;105.3;2.9;1.7;22.5;23.1;81;86;48.5;-7.6;56;64;46.7;-8.0;0;81;41
8743;339;339;7;2;1;-5;0;1;1;0;0;0;0;6;1;2;4;60;62;55;12;5893;884;190;92.8;0.6;3.7;20.8;36.0;80;96;45.5;3.2;55;73;43.0;1.1;0;12;6
8745;340;340;7;0;1;0;0;0;0;0;0;0;0;11;5;0;8;60;49;68;6;6238;442;1377;100.2;1.7;1.7;24.2;24.8;85;89;48.9;0.9;66;64;50.8;4.5;0;0;0
8747;350;350;1;0;0;0;0;0;0;0;0;0;0;0;0;0;0;56;50;55;0;298;0;0;0.0;0.0;0.0;12.1;0.0;3;1;75.0;21.7;2;1;66.7;15.9;0;0;0
8749;349;349;5;0;2;-1;2;0;1;0;0;0;0;4;2;3;4;62;52;69;8;2777;808;765;99.1;3.9;5.2;24.6;31.1;44;39;53.0;4.1;31;31;50.0;-1.3;0;0;0
8750;340;340;4;0;0;0;2;0;0;0;0;0;0;2;1;1;0;52;51;53;0;1937;0;52;100.0;0.0;0.0;16.7;50.2;23;40;36.5;-16.3;16;32;33.3;-18.7;0;3;0
8751;343;343;7;0;0;-3;9;0;0;0;0;0;0;8;1;1;8;58;57;63;13;3694;1384;175;92.3;1.9;4.9;26.3;32.2;42;66;38.9;-14.3;33;51;39.3;-13.4;0;1;0
8752;340;340;7;0;2;2;0;0;0;0;0;0;0;1;0;0;0;58;54;61;5;1901;242;173;112.5;3.8;0.0;30.3;20.8;25;19;56.8;9.3;19;16;54.3;7.2;0;1;0
8753;341;341;3;0;0;-3;0;0;0;0;0;0;0;8;0;0;0;55;58;49;3;2258;173;110;84.2;0.0;4.8;28.7;30.3;35;30;53.8;-2.3;24;21;53.3;-5.3;0;0;0
8754;345;345;5;1;1;1;2;0;0;0;1;0;0;4;3;1;0;53;58;48;4;3369;27;195;104.5;4.3;4.3;25.6;35.3;46;45;50.5;3.8;34;39;46.6;-1.0;0;16;7
8755;339;339;3;0;0;-1;2;0;0;0;0;0;0;1;1;0;3;51;51;49;0;1166;80;0;90.0;0.0;3.1;18.5;30.9;8;21;27.6;-19.4;7;14;33.3;-11.2;0;4;1
8756;350;350;1;0;0;0;0;0;0;0;0;0;0;1;0;0;1;99;68;100;5;484;375;146;100.0;0.0;0.0;14.9;14.9;7;5;58.3;5.6;5;3;62.5;10.9;0;1;1
8757;350;350;6;0;1;-1;2;0;0;0;0;0;0;3;1;4;6;66;54;66;4;4555;67;1020;97.6;0.8;1.6;25.3;28.5;55;66;45.5;-8.7;45;54;45.5;-5.8;0;73;29
8758;339;339;5;0;0;0;2;0;0;0;0;0;0;1;1;1;1;59;57;60;4;3491;984;148;105.6;3.1;2.1;27.8;37.1;43;55;43.9;0.2;35;43;44.9;3.3;0;2;1
8759;351;351;5;0;1;1;0;0;0;0;0;0;0;2;1;1;3;59;57;59;5;3137;229;359;106.1;2.3;1.1;25.2;39.0;36;55;39.6;-3.1;30;46;39.5;-3.5;0;39;23
8760;342;342;7;2;3;3;2;1;2;0;0;0;0;6;1;3;4;69;68;66;27;5710;1706;55;106.5;1.9;0.0;29.0;26.5;103;74;58.2;5.9;73;59;55.3;4.1;1;97;55
8761;349;349;7;1;4;-3;10;1;2;0;0;0;0;10;0;0;4;62;58;61;11;4257;1857;64;92.5;0.8;3.4;25.4;31.3;59;68;46.5;-2.9;42;54;43.8;-7.6;0;92;40
8762;351;351;6;1;2;-4;0;0;1;0;0;0;0;5;1;2;2;58;58;54;13;5955;888;422;96.8;2.4;4.2;26.6;34.5;75;106;41.4;-2.5;63;81;43.8;-2.1;0;0;0
8763;343;343;7;0;0;-6;4;0;0;0;0;0;0;6;1;1;2;57;56;60;9;4725;1532;7;85.4;0.8;5.3;22.9;29.7;65;69;48.5;-2.7;44;48;47.8;-3.0;0;3;1
8764;350;350;7;0;3;2;2;0;0;0;0;0;0;5;1;3;4;60;58;60;15;5902;441;641;104.8;1.8;0.6;26.8;30.5;82;90;47.7;-4.1;64;74;46.4;-3.6;0;12;4
8769;343;343;5;1;0;-4;2;0;0;0;0;0;0;5;2;1;6;53;55;48;6;2901;0;733;89.9;1.2;6.2;29.8;43.4;39;58;40.2;-9.8;30;43;41.1;-7.2;0;20;10
8771;348;348;4;1;0;0;2;0;0;0;0;0;0;5;0;0;1;64;50;67;3;2034;0;817;100.8;1.8;1.8;19.5;21.2;29;25;53.7;-2.0;24;15;61.5;5.4;1;0;0
8772;341;341;2;1;1;0;0;0;0;0;0;0;0;5;0;0;0;61;62;55;3;1073;317;96;91.7;6.7;6.7;26.8;20.1;14;14;50.0;-8.6;11;12;47.8;-10.4;0;1;0
8774;342;342;7;0;1;1;4;0;0;0;0;0;0;4;1;0;2;54;56;51;7;2968;72;327;103.8;2.4;1.2;30.3;29.1;52;42;55.3;1.5;38;32;54.3;2.2;0;10;5
8775;349;349;7;3;0;-1;4;0;0;0;0;0;0;1;2;0;2;55;56;52;10;2918;681;127;103.6;3.7;4.9;24.7;43.2;34;57;37.4;-13.6;26;42;38.2;-13.6;0;43;20
8778;343;343;7;0;0;0;0;0;0;0;0;0;0;3;1;1;1;56;52;59;7;5299;0;491;97.1;2.0;2.0;34.6;23.1;91;68;57.2;8.9;62;47;56.9;8.8;0;0;0
8779;341;341;4;0;1;3;2;0;0;0;0;0;0;4;1;1;0;61;60;62;11;2891;918;14;109.4;3.7;0.0;39.8;17.4;52;29;64.2;14.9;37;22;62.7;13.2;0;0;0
8783;341;341;3;0;1;-1;0;0;0;0;0;0;0;2;1;0;2;55;55;55;3;2064;130;159;94.1;3.5;5.2;45.3;38.4;42;39;51.9;-5.4;32;30;51.6;-8.5;0;0;0
8784;348;348;7;0;1;2;4;0;0;0;0;0;0;6;2;2;5;61;59;62;15;5780;403;597;104.1;1.2;0.0;30.5;33.0;81;94;46.3;-4.7;65;68;48.9;-4.5;0;86;42
8785;341;341;2;0;0;-3;2;0;0;0;0;0;0;2;1;1;2;50;50;50;2;1114;262;95;78.6;0.0;9.7;22.6;45.2;10;21;32.3;-24.8;8;17;32.0;-24.6;0;0;0
8786;350;350;3;0;0;-1;2;0;0;0;0;0;0;5;2;1;1;62;49;61;3;2855;6;407;98.7;2.5;3.8;27.7;36.6;46;48;48.9;-6.4;31;40;43.7;-8.0;0;0;0
8787;346;346;6;0;0;-3;0;0;0;0;0;0;0;4;3;1;3;54;52;55;8;3983;224;337;95.3;0.0;1.8;27.1;38.9;49;90;35.3;-4.7;42;68;38.2;-1.5;0;13;6
8788;338;338;7;1;2;2;0;0;0;0;0;0;0;15;2;4;2;72;72;71;12;5397;805;1049;103.4;2.0;0.7;30.0;20.7;97;60;61.8;-1.9;62;42;59.6;-5.1;0;25;14
8789;342;342;6;0;0;1;0;0;0;0;0;0;0;7;3;0;1;55;55;53;6;3825;14;729;103.4;0.9;0.0;27.3;26.4;59;65;47.6;-8.0;41;42;49.4;-2.4;0;48;29
8791;343;343;5;0;1;-2;0;0;0;0;0;0;0;4;0;1;1;58;59;54;8;2959;376;48;93.3;1.2;3.6;30.4;34.1;42;54;43.8;-6.0;29;40;42.0;-8.2;0;0;0
8792;343;343;2;0;0;-1;0;0;0;0;0;0;0;2;0;0;0;55;58;47;4;925;243;0;80.0;0.0;3.9;38.9;19.5;17;13;56.7;-1.4;11;10;52.4;-7.2;0;18;12
8794;347;347;7;0;2;-2;0;0;1;0;0;0;0;6;0;0;2;60;63;51;14;5196;387;271;89.9;2.1;3.5;29.1;20.1;81;45;64.3;10.8;58;34;63.0;10.1;0;2;2
8795;346;346;3;0;0;-3;2;0;0;0;0;0;0;3;1;0;0;42;49;39;0;1788;0;0;83.3;0.0;6.0;20.1;36.2;19;30;38.8;2.4;13;24;35.1;2.0;0;1;1
8796;343;343;7;1;4;4;12;0;0;0;0;0;0;3;3;4;2;64;64;62;14;5716;1557;0;103.5;5.0;2.5;36.5;24.6;94;77;55.0;6.0;78;55;58.6;11.9;0;54;40
8798;342;342;4;0;0;3;0;0;0;0;0;0;0;5;1;0;2;63;47;65;5;1974;51;641;109.7;5.5;0.0;56.5;12.8;55;16;77.5;28.2;42;11;79.2;30.5;0;0;0
8799;343;343;5;2;3;5;0;0;0;0;2;0;0;14;0;2;4;61;64;58;7;3299;0;716;109.1;4.4;1.1;34.9;31.6;53;55;49.1;0.7;42;40;51.2;4.6;0;27;16
8800;339;339;5;5;3;1;2;2;1;0;0;0;0;2;0;3;2;68;70;64;25;4162;1080;182;101.5;5.2;4.3;37.2;34.6;75;71;51.4;12.3;54;59;47.8;8.1;0;2;1
8803;340;340;7;0;2;-3;6;0;1;0;0;0;0;9;2;1;2;65;63;67;16;6911;1747;584;95.8;1.6;2.6;25.0;25.0;112;96;53.8;8.8;77;67;53.5;8.9;0;0;0
8804;350;350;5;0;1;1;6;0;0;0;0;0;0;3;1;0;1;54;55;54;8;3644;710;216;104.5;2.0;1.0;26.7;33.6;49;57;46.2;-2.8;37;44;45.7;-2.2;0;3;1
8805;346;346;5;0;0;-2;2;0;0;0;0;0;0;9;0;0;3;61;53;62;2;3335;119;946;94.6;0.0;2.2;15.1;39.9;26;70;27.1;-13.3;17;54;23.9;-16.9;0;46;13
8806;346;346;3;1;0;1;0;0;0;1;0;0;0;1;2;1;5;53;53;53;5;2419;150;362;100.0;0.0;0.0;23.8;49.1;28;55;33.7;3.0;25;42;37.3;7.4;0;5;2
8807;346;346;6;1;2;-1;14;0;1;0;1;0;0;5;0;1;6;56;50;57;7;5016;273;591;94.6;1.4;2.9;20.1;23.0;57;82;41.0;3.0;41;58;41.4;2.8;0;0;0
8808;338;338;6;1;2;3;2;0;0;0;1;0;0;9;0;2;5;54;60;54;4;3157;0;1059;108.8;5.7;3.4;27.4;28.5;56;40;58.3;-2.8;34;32;51.5;-11.3;0;45;11
8809;347;347;7;2;4;1;16;1;1;0;0;0;0;7;2;3;3;62;57;65;15;5866;634;560;95.8;3.7;3.1;38.0;22.1;99;66;60.0;5.8;76;51;59.8;6.7;0;0;0
8810;341;341;7;1;2;3;4;0;0;1;0;0;0;13;2;0;9;72;56;73;13;7257;209;755;99.5;3.0;2.0;32.2;20.3;116;74;61.1;8.5;86;55;61.0;7.7;0;0;0
8812;348;348;5;0;0;-1;2;0;0;0;0;0;0;1;1;1;3;53;55;51;7;2649;54;868;93.9;2.7;4.1;39.4;31.3;44;40;52.4;1.9;38;29;56.7;3.3;0;19;8
8814;344;344;6;1;2;2;12;0;0;0;0;0;0;8;1;4;0;59;59;57;10;4032;0;610;103.8;3.6;1.8;40.2;34.8;80;60;57.1;2.8;61;47;56.5;0.9;0;19;11
8815;344;344;6;0;2;-2;4;0;0;0;0;0;0;4;4;3;11;57;50;59;10;5354;337;352;95.0;3.4;4.7;32.9;30.9;82;78;51.2;-3.8;58;62;48.3;-8.4;0;0;0
8816;344;344;6;1;0;-1;4;0;0;0;0;0;0;3;1;1;4;64;60;67;14;4915;1566;0;96.4;2.2;2.2;34.4;22.0;75;55;57.7;4.2;58;39;59.8;5.0;0;11;6
8819;346;346;5;1;0;-4;2;1;0;0;0;0;0;2;2;0;10;68;51;72;4;4553;103;813;93.2;0.8;4.0;22.9;38.7;53;90;37.1;-0.8;38;68;35.8;-2.0;0;0;0
8820;347;347;6;2;4;3;0;0;2;0;0;0;0;9;2;1;2;64;67;59;12;5002;649;776;106.7;4.3;2.2;25.9;21.6;71;50;58.7;1.2;46;37;55.4;-3.4;0;24;14
8821;349;349;7;0;1;-5;2;0;0;0;0;0;0;3;2;2;2;51;53;49;5;4973;244;772;93.2;2.2;5.1;29.0;35.5;79;83;48.8;0.1;59;67;46.8;-3.9;0;77;41
8823;342;342;5;1;0;3;0;0;0;0;0;0;0;6;1;1;8;70;49;73;6;3595;132;1000;110.3;3.0;0.0;29.0;27.0;52;60;46.4;-10.8;37;40;48.1;-6.6;0;0;0
8824;342;342;6;1;2;1;8;1;1;0;0;0;0;6;5;2;2;52;52;53;11;5662;366;367;102.0;2.5;1.9;26.7;25.4;95;76;55.6;0.5;65;55;54.2;1.0;1;0;0
8826;342;342;7;2;3;4;4;1;1;0;0;0;0;4;1;1;3;65;67;58;22;5614;1607;39;106.3;3.2;0.6;35.9;24.4;111;69;61.7;10.9;75;56;57.3;6.9;1;5;3
8827;351;351;5;1;5;0;4;0;1;0;0;0;0;8;1;0;6;64;65;57;7;4642;631;62;103.0;3.1;2.3;27.9;28.7;61;79;43.6;3.8;46;57;44.7;5.4;0;5;1
8829;345;345;6;1;2;2;0;0;0;0;0;0;0;2;2;4;4;62;61;60;15;4952;133;463;101.3;3.6;2.2;34.9;24.0;79;63;55.6;9.0;60;48;55.6;8.5;0;32;15
8830;351;351;6;0;0;0;2;0;0;0;0;0;0;9;2;0;15;56;50;60;6;5978;101;873;100.7;1.8;1.8;23.5;25.9;64;97;39.8;-2.2;45;67;40.2;-2.6;0;0;0
8831;346;346;5;0;2;2;0;0;0;0;1;0;0;10;0;1;12;77;53;80;5;4299;65;499;103.3;0.8;0.0;25.1;20.1;52;63;45.2;9.6;43;43;50.0;13.3;0;0;0
8832;347;347;6;0;4;0;6;0;0;0;0;0;0;8;3;4;10;64;63;66;22;5872;1150;453;100.0;3.1;3.1;30.0;30.0;92;88;51.1;-4.8;64;67;48.9;-6.1;0;0;0
8833;350;350;4;0;2;2;2;0;0;0;0;0;0;8;1;2;4;61;51;61;3;4158;47;588;101.4;2.6;0.9;33.8;13.9;74;32;69.8;21.9;59;28;67.8;23.7;0;0;0
8834;341;341;3;0;1;-2;0;0;1;0;0;0;0;1;0;0;2;58;57;56;6;2300;402;94;83.3;0.0;3.1;25.0;18.8;32;26;55.2;4.3;25;17;59.5;7.2;0;0;0
8835;346;346;5;1;0;-2;6;0;0;0;0;0;0;3;1;2;4;66;57;66;7;4305;291;424;93.2;0.8;2.5;25.9;25.1;69;64;51.9;20.0;48;41;53.9;20.9;0;6;2
8836;347;347;3;0;0;-3;2;0;0;0;0;0;0;3;0;1;1;50;55;43;3;2114;24;178;84.2;0.0;5.1;17.0;32.4;18;39;31.6;-26.2;12;32;27.3;-30.8;0;2;1
8837;348;348;5;0;3;1;10;0;0;0;0;0;0;4;0;0;4;57;59;54;7;3140;0;350;102.1;2.3;1.1;32.1;22.9;46;42;52.3;0.6;38;29;56.7;4.5;0;5;1
8838;341;341;3;0;0;-4;2;0;0;0;0;0;0;5;0;0;1;52;50;53;1;2548;0;152;87.1;0.0;5.7;12.7;43.8;17;51;25.0;-28.7;12;39;23.5;-29.0;0;0;0
8839;341;341;6;1;3;3;0;0;0;0;0;0;0;11;2;1;4;62;59;61;10;3246;990;88;109.5;5.5;2.2;34.4;33.3;55;48;53.4;-2.0;44;40;52.4;-4.8;0;38;23
8840;350;350;5;3;2;2;10;0;0;0;0;0;0;5;2;1;5;65;61;68;8;4180;1025;82;110.1;5.2;3.4;26.7;37.0;63;66;48.8;-1.5;47;57;45.2;-5.0;0;42;20
8841;340;340;6;2;1;1;2;0;1;0;0;0;0;5;2;2;2;61;59;58;6;5093;363;273;104.8;2.1;1.4;20.5;25.4;63;78;44.7;-3.7;47;51;48.0;2.3;0;6;4
8842;341;341;2;0;0;-2;0;0;0;0;0;0;0;1;1;0;1;47;50;45;1;693;8;210;66.7;0.0;10.4;15.6;31.2;6;12;33.3;-21.0;5;9;35.7;-17.5;0;9;3
8843;346;346;3;0;0;-3;2;0;0;0;0;0;0;3;0;2;7;57;50;57;3;2326;7;346;93.9;3.1;7.7;29.4;46.4;32;49;39.5;3.9;25;39;39.1;8.6;0;0;0
8844;346;346;4;0;0;-5;2;0;0;0;0;0;0;5;0;1;3;62;58;62;6;2866;386;266;84.6;0.0;5.0;20.1;32.7;38;54;41.3;8.6;21;42;33.3;-2.3;0;43;17
8845;339;339;7;0;0;-7;2;0;0;0;0;0;0;9;1;2;10;58;53;61;9;6531;746;427;90.2;1.7;5.5;24.3;33.1;83;97;46.1;4.2;63;81;43.8;2.2;0;0;0
8846;339;339;7;1;3;-4;4;1;0;0;0;0;0;10;2;2;4;64;65;62;8;5266;436;631;93.3;2.1;5.5;25.3;36.9;58;85;40.6;-3.4;46;69;40.0;-2.9;0;109;50
8848;341;341;3;0;2;2;2;0;0;0;1;0;0;5;0;1;2;62;62;59;4;1755;318;306;103.4;4.1;2.1;34.9;24.6;30;18;62.5;18.7;25;17;59.5;15.6;0;7;2
8850;338;338;6;1;2;7;6;1;1;0;0;0;0;11;3;1;6;68;56;75;18;5863;1301;223;109.0;4.9;0.6;36.8;14.1;105;55;65.6;3.4;73;35;67.6;5.0;0;0;0
8851;345;345;6;3;2;1;0;0;1;0;0;0;0;5;3;2;2;59;60;57;9;3694;325;98;101.6;2.9;1.9;27.3;21.4;47;49;49.0;-0.5;36;35;50.7;0.7;0;2;1
8852;345;345;7;0;3;-1;4;0;0;0;0;0;0;11;3;6;4;61;59;66;15;4794;1898;401;98.6;2.3;3.0;29.3;33.0;64;75;46.0;-3.1;50;57;46.7;-2.6;0;0;0
8853;350;350;6;1;3;3;2;0;0;0;0;0;0;8;2;2;2;53;58;51;7;5375;383;560;111.3;4.0;2.0;24.1;37.5;75;84;47.2;-4.9;55;71;43.7;-8.3;0;8;3
8854;348;348;5;2;1;0;2;0;1;0;0;0;0;6;0;1;6;65;65;63;16;4146;1434;43;100.7;0.9;0.9;22.6;27.8;51;66;43.6;-7.7;39;47;45.3;-8.8;0;0;0
8855;350;350;3;0;1;1;12;0;0;0;0;0;0;5;1;1;7;82;53;84;7;2579;409;496;107.1;1.4;0.0;19.5;26.5;27;37;42.2;-10.5;23;28;45.1;-5.6;0;0;0
8856;348;348;7;0;2;-3;2;0;0;0;0;0;0;4;1;1;1;54;57;50;4;3527;91;381;92.0;2.0;5.1;30.6;34.7;57;52;52.3;3.6;43;40;51.8;-0.1;0;51;32
8857;350;350;3;0;1;1;0;0;0;0;0;0;0;3;0;0;0;60;53;60;1;1480;45;253;109.8;4.9;2.4;26.8;29.2;27;18;60.0;12.0;16;15;51.6;3.5;0;0;0
8859;339;339;7;0;3;-2;2;0;1;0;1;0;0;2;0;1;5;56;56;56;8;4585;372;683;95.5;1.6;3.9;29.8;40.0;68;90;43.0;-0.2;49;67;42.2;0.0;0;0;0
8860;338;338;7;3;1;4;2;0;0;1;0;0;0;7;0;2;4;58;60;55;15;4655;310;273;104.9;4.6;2.3;35.6;28.6;81;64;55.9;-9.7;58;51;53.2;-13.9;2;10;3
8861;340;340;7;0;1;0;4;0;0;0;0;0;0;14;3;6;15;66;54;74;8;6742;672;1374;101.8;2.7;2.7;21.9;25.6;105;96;52.2;6.1;68;64;51.5;5.7;0;0;0
8863;344;344;5;1;3;1;0;0;1;0;0;0;0;6;1;0;2;63;63;59;13;3813;1083;13;103.7;3.8;1.9;34.0;25.5;67;47;58.8;1.6;47;36;56.6;-1.4;0;6;3
8864;344;344;5;0;0;-2;6;0;0;0;0;0;0;4;2;1;3;54;55;54;4;3676;252;281;94.9;2.0;3.9;22.5;28.4;45;55;45.0;-16.1;33;42;44.0;-17.7;0;40;21
8865;341;341;6;2;2;0;2;0;1;0;0;0;0;4;0;2;2;67;67;63;16;4932;1139;47;95.9;4.4;4.4;40.1;29.2;84;69;54.9;-0.1;68;51;57.1;1.4;0;14;4
8866;344;344;3;1;0;-2;2;0;0;0;0;0;0;7;0;1;2;60;51;61;8;2665;86;264;93.4;1.4;4.1;29.7;36.5;39;46;45.9;-14.0;30;33;47.6;-13.5;0;0;0
8867;339;339;7;1;3;-4;6;0;1;0;0;0;0;8;1;3;5;56;58;56;13;6847;527;498;95.4;2.6;4.7;25.8;32.1;92;98;48.4;7.6;70;82;46.1;5.7;0;0;0
8868;350;350;7;3;0;4;6;0;0;0;0;0;0;9;3;4;3;63;63;63;16;6441;593;523;109.8;4.5;2.2;25.7;29.6;92;89;50.8;0.3;66;72;47.8;-1.6;1;21;9
8869;345;345;6;1;1;3;14;0;0;0;0;0;0;5;3;0;3;56;57;55;6;3304;618;126;112.1;5.4;2.2;30.5;38.1;59;53;52.7;6.9;43;40;51.8;5.7;1;11;5
8870;345;345;5;0;1;1;2;0;0;0;0;0;0;0;2;1;4;57;55;57;2;3133;176;960;104.3;2.3;1.1;26.4;26.4;42;53;44.2;-4.8;31;33;48.4;0.3;0;58;28
8871;345;345;7;0;0;0;0;0;0;0;0;0;0;9;0;0;18;70;52;73;3;6351;0;872;101.8;2.3;2.3;26.6;34.0;81;106;43.3;-7.6;60;81;42.6;-9.2;0;0;0
8872;351;351;4;0;0;-2;2;0;0;0;0;0;0;5;2;1;1;56;55;55;3;2468;0;212;91.3;0.0;2.9;20.4;33.5;29;38;43.3;-1.3;24;29;45.3;-1.6;0;3;1
8874;340;340;7;0;0;1;4;0;0;0;0;0;0;10;3;3;12;63;60;65;11;6331;1433;1095;107.0;1.7;0.0;24.5;22.7;96;79;54.9;9.5;64;57;52.9;7.4;0;0;0
8875;340;340;7;1;1;1;0;0;0;0;0;0;0;10;1;2;2;59;58;56;6;4746;772;98;102.7;3.8;3.0;25.0;24.3;67;63;51.5;4.3;49;44;52.7;6.5;0;4;1
8876;350;350;5;0;3;3;4;0;0;0;0;0;0;7;1;0;4;60;52;60;2;4511;121;292;108.5;3.2;0.8;28.7;31.1;64;71;47.4;-2.8;47;52;47.5;-1.5;0;0;0
8877;344;344;2;0;0;-1;2;0;0;0;0;0;0;2;0;0;1;51;54;47;4;1252;42;0;90.9;0.0;2.9;28.8;31.6;18;22;45.0;-5.3;15;14;51.7;0.9;0;0;0
8879;345;345;7;1;5;3;6;0;2;0;1;0;0;6;6;2;14;66;64;72;24;6144;2177;383;104.6;4.7;3.5;27.0;27.5;90;89;50.3;2.7;64;66;49.2;0.8;0;0;0
8880;347;347;6;0;1;6;14;0;1;0;0;0;0;6;2;1;3;55;56;53;8;4080;336;528;115.0;5.3;0.0;35.3;16.8;77;44;63.6;7.9;58;29;66.7;13.3;0;19;14
8881;339;339;7;0;0;-3;4;0;0;0;0;0;0;8;2;1;19;68;50;70;8;5635;172;1400;96.7;1.3;3.2;27.5;40.2;85;101;45.7;3.6;59;79;42.8;0.8;0;0;0
8882;347;347;4;1;0;-1;12;0;0;0;0;0;0;5;0;1;1;59;59;58;12;2327;853;0;95.1;1.5;3.1;24.8;27.8;31;40;43.7;-12.9;21;33;38.9;-16.9;0;0;0
8883;348;348;6;1;4;2;2;0;3;0;0;0;0;6;1;0;6;68;66;68;14;4575;1707;0;104.8;2.4;0.8;26.8;19.7;57;59;49.1;-4.6;46;39;54.1;-2.3;0;88;53
8884;345;345;7;1;1;0;6;0;1;0;0;0;0;3;5;1;2;56;55;56;9;4762;1107;318;102.2;3.0;3.0;24.2;29.5;61;80;43.3;-6.9;39;59;39.8;-11.6;0;18;6
8885;348;348;7;0;1;2;10;0;0;0;0;0;0;12;2;0;3;53;52;54;11;6569;1095;590;100.5;4.4;3.3;35.1;27.4;95;98;49.2;-0.3;77;65;54.2;3.7;0;0;0
8886;348;348;7;4;0;2;2;2;0;0;0;0;0;18;3;4;9;67;64;70;17;5688;1532;864;103.4;1.3;0.6;24.7;36.7;80;93;46.2;-4.7;55;72;43.3;-12.5;1;16;8
8887;340;340;7;3;2;0;0;1;1;0;0;0;0;8;0;0;4;65;66;63;16;5939;1004;485;103.7;1.8;1.2;24.2;31.5;90;93;49.2;1.4;59;67;46.8;-1.2;1;10;6
8890;342;342;6;2;0;3;8;0;0;0;0;0;0;11;7;4;20;81;49;84;6;5849;10;1214;111.3;3.1;1.2;19.1;25.2;77;84;47.8;-9.6;47;65;42.0;-15.5;0;0;0
8891;338;338;6;0;1;3;2;0;1;0;0;0;0;10;2;1;4;65;51;68;5;4491;264;606;108.1;2.4;0.0;29.7;17.6;77;50;60.6;0.0;52;34;60.5;-0.2;0;0;0
8893;347;347;7;2;1;-1;2;0;1;0;0;0;0;2;3;3;6;63;60;64;19;5135;760;426;96.3;3.5;4.2;40.0;33.7;92;77;54.4;-2.0;71;58;55.0;-0.0;0;4;4
8895;346;346;6;1;0;-3;0;0;0;0;0;0;0;4;1;3;7;63;59;64;12;4426;951;117;95.6;1.6;3.3;33.3;35.0;66;84;44.0;7.2;58;60;49.2;13.9;0;82;37
8896;349;349;4;1;0;1;4;0;0;0;0;0;0;3;1;0;0;52;55;47;2;1836;108;49;96.8;5.9;3.9;39.2;21.6;34;21;61.8;11.6;26;12;68.4;17.6;0;4;2
8897;340;340;7;2;1;-1;4;1;0;0;0;0;0;8;2;4;7;66;65;64;22;5324;1952;108;102.2;2.0;1.4;30.4;30.4;90;81;52.6;6.3;68;58;54.0;9.1;0;15;8
8898;350;350;5;1;1;3;2;0;0;0;0;0;0;8;1;3;2;63;53;64;9;4505;784;931;110.7;3.2;0.8;24.8;36.0;60;68;46.9;-2.0;45;59;43.3;-6.0;0;0;0
8899;347;347;7;0;3;-2;2;0;0;0;0;0;0;8;1;7;8;72;53;74;4;6792;0;1055;92.4;3.2;4.2;32.3;24.4;110;69;61.5;8.1;81;58;58.3;4.7;0;0;0
8901;339;339;7;1;5;-5;4;0;4;0;0;0;0;12;0;3;2;64;66;59;17;6152;1286;277;94.8;2.9;5.3;32.2;36.9;89;97;47.8;6.7;70;84;45.5;4.9;0;9;2
8902;338;338;7;1;1;7;8;0;0;0;0;0;0;7;0;8;5;68;54;70;12;5964;167;953;106.0;4.2;0.6;42.9;15.7;117;54;68.4;7.5;84;37;69.4;8.6;1;0;0
8903;345;345;6;1;3;3;2;1;0;0;0;0;0;5;1;2;2;66;67;62;9;3285;1990;0;114.4;4.4;1.1;25.2;36.2;42;64;39.6;-12.6;31;46;40.3;-12.6;1;4;2
8904;339;339;5;0;1;-5;0;0;0;0;0;0;0;4;1;2;5;58;58;57;3;4386;315;193;90.2;0.8;4.9;25.4;37.8;60;78;43.5;0.4;43;57;43.0;1.3;0;1;1
8905;351;351;6;0;0;0;2;0;0;0;0;0;0;9;4;2;13;68;60;79;16;6122;1209;38;102.5;1.8;1.2;28.8;32.3;88;95;48.1;9.1;61;73;45.5;3.8;0;0;0
8906;348;348;6;1;3;1;0;0;2;0;0;0;0;3;2;5;4;66;63;69;13;4506;1697;46;101.4;3.2;2.4;31.2;27.2;71;69;50.7;3.8;52;45;53.6;4.0;1;5;2
8907;346;346;5;0;2;-2;2;0;0;0;0;0;0;5;0;0;1;56;53;55;14;4800;529;381;101.3;2.3;3.0;27.8;44.3;64;105;37.9;1.7;51;80;38.9;3.4;0;0;0
8908;343;343;4;2;0;1;0;0;0;2;0;0;0;1;0;1;0;54;54;53;6;2071;0;429;94.1;0.0;1.7;24.3;29.6;23;36;39.0;-7.8;16;27;37.2;-9.4;0;35;13
8909;347;347;7;1;2;-2;2;0;0;0;0;0;0;7;5;1;3;58;61;53;14;5409;867;106;86.1;2.0;3.3;37.3;17.3;91;43;67.9;15.7;72;32;69.2;18.6;0;3;1
8912;345;345;4;2;1;4;0;0;0;0;0;0;0;1;1;0;2;60;60;58;6;2475;114;816;115.2;8.7;2.9;30.5;21.8;31;32;49.2;1.9;24;25;49.0;0.5;0;12;7
8914;342;342;6;0;2;0;2;0;2;0;0;0;0;4;3;4;7;66;54;79;5;4471;1000;522;100.0;0.0;0.0;26.6;20.9;70;50;58.3;6.5;50;39;56.2;6.5;0;0;0
8915;343;343;7;0;3;1;2;0;0;0;0;0;0;7;5;3;10;59;50;64;11;7585;635;1016;100.0;2.4;2.8;26.1;31.3;96;118;44.9;-8.9;77;91;45.8;-6.9;0;0;0
8916;340;340;6;1;1;1;0;0;0;0;0;0;0;4;0;2;2;62;54;62;2;2889;0;1217;104.2;2.5;1.2;29.9;29.9;40;42;48.8;0.8;30;35;46.2;-2.2;0;70;34
8917;345;345;4;1;0;-1;0;0;0;0;0;0;0;4;2;1;2;59;58;57;6;2710;210;624;97.9;1.3;2.7;29.2;39.9;39;51;43.3;-6.1;30;35;46.2;-1.9;0;4;1
8918;350;350;3;1;0;2;4;0;0;0;0;0;0;6;0;2;4;67;63;73;8;2487;302;0;112.5;2.9;0.0;23.2;21.7;25;34;42.4;-8.6;21;25;45.7;-1.7;0;0;0
8919;351;351;5;0;1;-3;2;0;0;0;0;0;0;7;3;1;2;55;55;50;4;4060;69;589;96.2;2.7;5.3;23.1;34.6;47;72;39.5;-3.5;32;52;38.1;-5.5;0;65;34
8920;351;351;4;0;1;-2;0;0;0;0;0;0;0;4;0;2;5;65;56;65;2;2713;0;782;90.9;0.0;2.7;18.6;29.2;28;46;37.8;-6.8;20;32;38.5;-9.3;0;16;7
8921;349;349;7;1;1;-7;8;0;0;0;0;0;0;12;0;2;10;64;53;65;7;5947;413;1499;85.7;1.2;4.8;28.5;26.0;79;83;48.8;0.1;62;58;51.7;3.1;0;0;0
8922;347;347;7;0;0;-4;2;0;0;0;0;0;0;8;2;2;7;59;53;63;5;5606;1032;516;95.4;1.9;4.5;23.8;35.3;77;93;45.3;-14.9;54;70;43.5;-16.1;0;0;0
8923;350;350;7;2;2;2;0;0;0;0;0;0;0;7;2;0;2;68;64;69;20;5599;1417;26;104.5;3.9;2.6;32.1;34.1;90;81;52.6;2.9;68;68;50.0;1.5;1;111;64
8924;349;349;7;2;2;4;0;0;0;0;0;0;0;9;0;2;5;69;51;71;16;5921;803;787;108.7;2.4;0.0;28.0;24.3;92;77;54.4;8.4;64;55;53.8;6.1;0;0;0
8926;342;342;7;0;2;0;2;0;0;0;0;0;0;5;3;0;3;60;59;58;9;6208;411;922;100.7;1.2;1.2;20.3;23.2;86;88;49.4;-6.5;60;63;48.8;-5.1;0;35;21
8927;338;338;7;1;4;5;8;0;2;1;1;0;0;16;6;5;8;64;62;71;25;5626;1711;307;106.3;1.9;0.0;30.7;23.0;92;69;57.1;-8.3;68;50;57.6;-8.1;0;0;0
8928;345;345;7;2;2;-1;4;1;0;1;0;0;0;10;2;3;3;67;62;68;14;6331;1795;592;96.8;2.3;3.4;32.4;33.5;90;102;46.9;-2.3;68;77;46.9;-2.7;0;128;66
8929;338;338;4;0;1;4;4;0;0;0;1;0;0;8;0;1;2;68;53;70;6;3407;67;901;99.6;3.2;1.1;40.2;12.7;60;26;69.8;6.7;46;18;71.9;10.2;0;0;0
8930;341;341;5;1;2;-1;0;0;0;0;0;0;0;4;3;0;3;58;58;57;5;3152;528;460;100.0;3.4;4.6;27.4;36.5;47;54;46.5;-10.2;35;40;46.7;-11.2;0;7;3
8932;340;340;5;0;0;-4;6;0;0;0;0;0;0;4;1;2;3;62;60;62;8;3669;898;436;90.2;1.0;3.9;19.6;26.5;57;51;52.8;5.2;31;41;43.1;-6.7;0;5;2
8933;344;344;6;1;3;0;2;0;1;0;0;0;0;6;1;2;1;56;60;53;15;5697;330;380;95.6;3.2;3.2;36.0;24.0;94;68;58.0;5.0;73;51;58.9;4.2;0;12;7
8934;345;345;7;1;3;2;4;0;2;0;0;0;0;8;1;4;2;66;64;62;23;5456;777;225;101.2;4.0;2.6;33.7;25.1;83;68;55.0;8.9;65;50;56.5;10.7;0;85;49
8935;344;344;7;2;1;1;16;0;0;0;0;0;0;10;1;4;10;76;53;80;15;6985;447;491;100.1;3.1;2.6;35.0;29.4;120;96;55.6;1.1;91;70;56.5;1.3;1;0;0
8936;348;348;7;0;1;0;6;0;0;0;1;0;0;10;4;2;9;61;46;63;4;4753;55;1655;99.6;0.8;0.8;28.0;24.2;71;58;55.0;7.4;53;43;55.2;4.4;0;0;0
8937;349;349;6;1;2;-3;0;1;2;0;0;0;0;4;2;0;4;60;59;61;15;3644;1671;0;87.0;0.0;3.0;26.7;22.7;56;51;52.3;6.5;37;35;51.4;5.4;0;3;2
8938;341;341;5;1;0;1;0;0;0;0;0;0;0;4;0;1;7;58;58;57;3;4106;131;173;100.8;3.5;2.6;33.3;27.2;66;57;53.7;-2.6;50;41;54.9;-0.8;0;0;0
8940;341;341;5;1;0;-3;2;0;0;0;0;0;0;6;2;1;2;58;60;52;9;4066;293;432;84.5;0.9;3.5;46.9;20.4;83;38;68.6;16.7;65;31;67.7;14.6;0;12;5
8941;348;348;7;1;4;9;2;0;1;1;0;0;0;13;1;1;11;70;58;77;9;6600;826;1000;114.3;4.4;0.0;30.5;27.8;85;103;45.2;-6.5;67;72;48.2;-5.6;0;0;0
8942;338;338;6;0;4;1;0;0;2;0;0;0;0;2;0;5;2;67;65;64;14;5277;1181;0;102.2;0.7;0.0;31.4;19.1;91;58;61.1;-4.8;62;40;60.8;-6.3;0;93;56
8943;347;347;7;4;1;5;2;0;0;0;0;0;0;12;1;3;4;66;66;60;23;6430;705;283;107.3;4.5;1.7;33.0;26.9;103;83;55.4;-0.7;76;63;54.7;-0.6;2;7;4
8944;347;347;7;3;4;2;4;1;2;0;0;0;0;8;0;4;6;70;69;63;17;5916;1626;15;103.1;3.7;2.4;27.4;23.7;83;72;53.5;-3.2;62;50;55.4;0.4;1;134;69
8945;351;351;6;2;0;0;4;0;0;0;0;0;0;7;2;3;3;60;58;61;8;5662;1087;0;106.6;2.5;2.5;19.1;37.5;57;105;35.2;-10.2;43;79;35.2;-11.3;1;6;3
8946;347;347;5;0;2;-2;0;0;0;0;0;0;0;5;2;0;1;50;55;45;1;2268;0;111;90.5;3.2;6.3;30.2;31.7;34;37;47.9;-10.8;26;27;49.1;-9.3;0;29;14
8947;351;351;7;1;3;0;18;1;1;0;0;0;0;15;4;1;3;61;61;59;19;6807;1326;207;105.1;3.2;2.1;25.4;28.6;78;106;42.4;-0.1;59;76;43.7;-0.1;1;13;6
8948;348;348;3;0;1;1;2;0;0;0;0;0;0;0;0;0;2;54;57;51;5;2311;94;99;103.3;3.1;1.6;31.2;23.4;32;30;51.6;10.3;27;22;55.1;14.8;0;2;0
8950;351;351;7;0;1;-3;2;0;0;0;0;0;0;4;4;0;12;59;52;69;11;5297;294;407;97.4;2.7;4.8;24.5;34.7;60;100;37.5;-6.7;52;72;41.9;-2.5;0;0;0
8951;350;350;5;1;2;1;4;0;0;0;0;0;0;6;2;3;2;59;60;58;5;4317;306;478;101.7;3.3;2.5;33.4;30.0;74;58;56.1;6.1;54;50;51.9;3.8;0;9;5
8952;349;349;7;4;5;1;6;2;3;0;0;0;0;10;2;2;3;71;70;71;24;5069;2357;17;102.7;4.3;3.6;29.8;30.5;77;77;50.0;1.8;59;58;50.4;1.3;1;8;2
8953;341;341;6;0;0;0;0;0;0;0;0;0;0;8;3;1;3;65;49;67;7;5901;0;340;93.2;3.1;3.1;38.4;20.7;99;64;60.7;8.3;77;46;62.6;9.2;0;0;0
8954;346;346;7;2;2;-3;6;1;1;0;0;0;0;4;2;6;12;70;64;74;21;5597;1443;294;96.0;1.3;2.6;27.7;29.6;80;88;47.6;15.1;60;59;50.4;18.0;1;13;7
8955;349;349;7;1;2;-7;2;1;1;0;0;0;0;7;1;0;4;65;63;65;12;5559;2385;435;86.3;0.6;5.2;19.4;30.4;69;83;45.4;-4.6;50;64;43.9;-7.9;0;0;0
8956;340;340;6;0;2;-3;0;0;1;0;0;0;0;7;0;1;5;56;60;51;5;4482;449;425;95.7;1.6;4.0;16.1;28.1;55;78;41.4;-9.4;33;51;39.3;-11.5;0;16;9
8957;346;346;7;1;4;-4;4;1;1;0;0;0;0;11;4;3;4;68;65;67;20;5927;1873;0;101.2;3.0;4.3;23.7;36.4;60;124;32.6;-5.5;48;91;34.5;-3.4;0;2;2
8958;343;343;6;0;1;-3;12;0;0;0;0;0;0;5;0;2;5;60;61;58;7;4133;1168;0;89.5;0.9;3.5;26.1;25.3;61;51;54.5;2.2;39;38;50.6;-2.8;0;0;0
8959;340;340;7;1;5;-3;4;1;1;0;0;0;0;12;1;0;6;67;67;62;12;5511;1492;937;96.1;2.0;3.3;26.1;28.7;91;95;48.9;1.1;65;63;50.8;4.5;0;110;66
8960;340;340;6;1;0;-2;6;0;0;0;0;0;0;5;2;2;9;61;58;61;9;4576;1331;287;98.1;0.8;1.6;23.6;29.9;64;70;47.8;-2.5;42;51;45.2;-5.8;0;85;35
8961;345;345;5;2;2;1;0;1;1;0;0;0;0;3;1;2;2;62;59;64;10;3737;837;257;102.3;2.9;1.9;29.9;26.0;54;50;51.9;1.7;40;37;51.9;0.6;1;1;0
8962;339;339;7;0;5;0;10;0;1;0;1;0;0;13;7;0;8;58;54;61;12;6637;1114;603;104.3;3.8;3.8;27.1;39.1;89;117;43.2;0.0;66;85;43.7;2.2;0;0;0
8964;351;351;7;0;3;-1;2;0;1;0;0;0;0;8;2;0;6;64;65;58;11;5554;1099;55;99.9;2.6;3.2;24.0;29.8;68;93;42.2;-0.3;53;65;44.9;1.5;0;33;16
8966;348;348;6;0;1;2;8;0;0;0;0;0;0;19;1;0;1;64;62;64;14;4350;1522;0;106.3;1.7;0.0;26.5;24.0;60;60;50.0;0.1;47;40;54.0;2.9;0;13;5
8968;347;347;6;0;0;2;0;0;0;0;0;0;0;6;4;2;6;62;58;64;12;4940;408;453;97.9;2.9;1.5;44.5;16.8;98;40;71.0;17.1;75;30;71.4;18.5;0;77;48
8969;338;338;7;2;1;3;2;0;0;0;0;0;0;3;1;0;3;62;62;60;8;4402;297;764;104.3;3.3;0.8;38.4;19.6;93;47;66.4;4.4;64;33;66.0;3.4;0;12;5
8971;338;338;7;3;3;6;0;0;0;1;0;0;0;8;1;2;2;64;65;60;19;4783;567;657;108.9;3.8;0.0;42.1;14.3;93;51;64.6;1.9;73;27;73.0;12.8;0;13;6
8972;343;343;7;0;4;2;2;0;0;0;1;0;0;9;1;2;14;74;50;77;6;7401;13;1055;101.3;3.9;3.9;28.7;31.6;103;119;46.4;-6.7;79;92;46.2;-6.4;0;1;1
8974;342;342;7;1;2;4;4;0;0;0;0;0;0;10;4;4;0;62;62;61;9;5012;205;1069;108.0;2.9;0.0;35.9;21.5;89;65;57.8;5.1;63;49;56.3;5.1;1;26;14
8976;347;347;7;2;4;0;4;1;0;0;0;0;0;9;1;4;4;66;64;65;11;5978;616;469;98.1;3.0;3.0;33.7;27.7;97;81;54.5;-2.0;70;68;50.7;-6.4;0;74;36
8977;342;342;5;0;3;2;0;0;2;0;0;0;0;11;3;5;10;76;54;90;7;4930;1077;362;102.2;2.9;1.5;27.7;17.5;88;60;59.5;7.9;65;42;60.7;9.7;0;0;0
8978;345;345;7;0;1;1;0;0;0;0;0;0;0;6;2;7;9;70;51;73;10;6655;376;1127;101.5;2.7;2.2;30.8;29.8;98;98;50.0;2.4;74;74;50.0;2.0;0;0;0
8979;345;345;7;1;3;0;20;1;0;0;0;0;0;4;2;3;13;61;54;67;12;5632;961;1199;101.0;1.9;1.9;25.6;29.4;72;86;45.6;-3.9;52;66;44.1;-6.4;0;0;0
8980;346;346;7;0;3;-1;0;0;0;0;0;0;0;8;5;3;12;63;60;63;14;6145;1187;75;105.8;2.3;2.3;19.3;36.9;59;120;33.0;-5.0;44;90;32.8;-5.7;0;13;5
8981;339;339;7;1;0;-1;4;0;0;0;0;0;0;7;1;1;8;60;57;60;11;4044;435;1165;98.1;1.8;2.7;28.5;32.9;51;70;42.1;-1.3;37;55;40.2;-2.5;0;41;20
8982;346;346;6;0;2;-5;8;0;1;0;0;0;0;5;1;2;8;63;55;69;11;5911;1790;252;94.6;0.6;3.0;18.3;34.7;51;116;30.5;-6.6;40;80;33.3;-3.6;0;0;0
8983;351;351;6;0;1;1;0;0;0;0;0;0;0;5;1;2;4;64;49;66;4;3111;19;762;104.5;3.5;2.3;27.8;28.9;48;45;51.6;11.3;34;34;50.0;8.3;0;0;0
8984;341;341;3;0;0;-1;0;0;0;0;0;0;0;3;0;0;7;74;51;77;1;2816;84;405;95.7;1.3;2.6;34.5;32.0;51;35;59.3;-4.6;42;28;60.0;-4.9;0;0;0
8985;349;349;7;0;2;-2;4;0;0;0;0;0;0;8;4;2;4;61;57;60;8;5194;87;1506;92.1;2.8;4.2;25.6;22.2;63;74;46.0;-3.6;49;49;50.0;0.7;0;80;44
8986;344;344;7;3;4;1;4;1;2;0;0;0;0;4;2;3;5;68;65;69;26;5532;1704;88;99.7;3.9;2.6;40.3;26.0;105;67;61.0;8.5;80;50;61.5;8.1;0;115;57
8987;342;342;6;0;3;4;0;0;0;0;0;0;0;6;1;2;6;66;55;80;10;4135;644;556;110.5;3.5;0.0;33.1;32.2;68;65;51.1;-2.7;45;50;47.4;-6.3;0;0;0
8988;338;338;2;0;2;2;0;0;0;0;0;0;0;0;1;0;1;62;61;62;9;1623;189;0;111.8;4.4;0.0;37.7;20.0;25;19;56.8;-14.6;22;13;62.9;-4.2;0;23;12
8989;343;343;7;0;2;1;4;0;0;0;0;0;0;2;3;4;9;62;54;70;12;6946;257;593;99.9;4.7;4.1;30.6;27.0;113;84;57.4;9.9;77;63;55.0;6.9;0;0;0
8990;349;349;7;3;1;2;10;1;0;0;0;0;0;7;3;2;1;53;57;52;14;5537;901;765;106.6;3.3;2.0;23.4;26.7;74;77;49.0;0.4;54;55;49.5;0.1;1;15;5
8991;348;348;6;1;1;1;2;0;0;0;1;0;0;4;1;6;9;66;60;73;8;4111;252;1334;104.2;1.8;0.9;21.9;22.8;54;51;51.4;0.6;40;37;51.9;-1.4;0;80;42
8992;350;350;5;0;1;0;0;0;0;0;0;0;0;1;0;1;2;69;54;69;9;2639;26;354;94.7;2.7;2.7;34.1;20.5;45;27;62.5;13.2;34;25;57.6;10.9;0;0;0
8993;344;344;5;1;0;-3;2;1;0;0;0;0;0;5;1;0;5;51;56;49;8;3522;164;323;90.7;1.0;4.1;36.8;33.7;65;57;53.3;-6.0;53;40;57.0;-0.9;1;11;5
8994;341;341;1;0;0;-1;0;0;0;0;0;0;0;2;0;0;1;60;63;48;2;800;203;12;90.9;0.0;4.5;22.5;49.5;13;17;43.3;-21.9;7;13;35.0;-25.5;0;1;1
8995;348;348;7;0;0;1;0;0;0;0;0;0;0;9;2;2;6;60;60;57;10;5270;423;717;99.7;1.4;1.4;23.9;22.5;61;71;46.2;-4.3;48;51;48.5;-4.5;0;7;3
8996;345;345;6;2;2;0;6;0;0;0;0;0;0;16;2;2;5;58;59;56;9;5130;100;387;100.5;2.8;2.8;28.1;29.5;70;75;48.3;1.3;53;54;49.5;3.0;1;8;5
8998;343;343;5;2;2;-4;0;0;0;0;1;0;0;4;0;2;6;61;62;54;9;4270;253;300;91.1;2.5;5.9;27.8;32.9;63;67;48.5;1.7;45;51;46.9;1.7;1;62;29
9001;351;351;4;0;2;1;0;0;0;0;0;0;0;1;0;2;2;65;49;67;3;3244;0;625;104.5;2.2;1.1;24.4;24.4;47;41;53.4;13.2;34;28;54.8;11.3;0;0;0
9002;341;341;4;0;0;-3;0;0;0;0;0;0;0;2;4;1;9;53;47;59;2;2426;0;280;87.5;0.0;4.5;22.3;35.6;24;49;32.9;-28.8;20;32;38.5;-21.9;0;0;0
9004;344;344;5;2;2;-1;0;0;0;0;0;0;0;6;5;3;3;70;57;70;14;4430;153;793;91.4;2.4;3.3;35.8;21.1;78;50;60.9;7.4;59;38;60.8;6.1;1;86;42
9005;342;342;6;0;2;1;4;0;0;0;0;0;0;11;3;2;8;57;53;59;10;5692;774;860;102.2;1.3;0.6;30.4;32.3;99;102;49.3;-7.3;69;78;46.9;-7.2;0;0;0
9006;344;344;6;1;2;-1;2;0;0;0;0;0;0;9;4;1;1;57;56;55;7;3747;98;885;98.2;2.9;3.8;23.1;26.9;52;57;47.7;-9.6;38;45;45.8;-13.0;1;20;10
9009;338;338;7;2;3;6;16;0;0;0;0;0;0;1;0;0;1;57;60;51;5;4776;331;92;109.5;6.0;1.5;32.4;16.6;76;47;61.8;-1.7;54;30;64.3;1.2;0;69;34
9010;343;343;7;0;0;-4;6;0;0;0;0;0;0;5;3;3;3;58;49;64;3;5823;135;412;92.2;0.0;2.5;30.3;31.5;87;90;49.2;-2.1;68;67;50.4;0.2;0;0;0
9012;341;341;2;0;0;0;2;0;0;0;0;0;0;4;1;2;2;73;57;73;5;1784;288;351;100.0;0.0;0.0;30.3;20.2;25;19;56.8;7.3;19;14;57.6;9.6;0;35;19
9013;340;340;6;1;0;2;0;0;0;0;0;0;0;8;2;1;7;55;54;55;8;4132;167;368;105.8;2.6;0.9;25.3;19.2;58;58;50.0;0.9;40;36;52.6;4.6;0;3;1
9016;340;340;5;1;1;1;2;0;0;0;0;0;0;2;2;0;1;53;53;51;4;2099;328;59;110.6;3.4;1.7;22.3;36.0;27;37;42.2;-6.4;18;26;40.9;-8.6;0;8;3
9017;341;341;5;1;2;-1;6;1;2;0;0;0;0;10;5;1;2;67;66;67;22;5004;1696;116;95.1;0.7;1.4;31.7;20.1;76;54;58.5;-0.7;58;36;61.7;1.5;0;17;8
9018;340;340;4;0;0;0;4;0;0;0;0;0;0;4;2;2;1;57;52;58;2;2275;58;380;113.9;3.2;3.2;14.2;38.0;24;44;35.3;-13.3;16;32;33.3;-14.2;0;35;16
9019;344;344;7;1;4;-4;2;1;1;0;0;0;0;8;2;3;1;69;67;64;20;5556;1818;52;90.5;1.9;3.9;37.6;26.6;96;67;58.9;5.5;76;52;59.4;5.1;0;5;4
9020;342;342;6;0;1;2;8;0;0;0;0;0;0;19;0;2;7;65;49;66;10;5039;132;1143;105.1;1.4;0.0;27.9;23.6;71;64;52.6;-1.1;49;45;52.1;1.2;0;23;6
9021;351;351;6;2;0;-1;0;0;0;0;0;0;0;3;0;2;7;58;57;57;10;4210;150;139;98.2;1.7;2.6;28.2;32.5;62;77;44.6;3.1;45;54;45.5;3.1;0;43;18
9022;338;338;4;0;1;1;2;0;0;0;0;0;0;5;0;1;2;62;49;64;4;3931;0;407;99.5;2.7;1.8;38.5;23.8;80;49;62.0;-4.5;53;35;60.2;-8.1;0;0;0
9023;339;339;6;0;0;-4;0;0;0;0;0;0;0;11;3;1;3;53;54;51;5;4431;43;1200;92.2;0.8;4.1;24.4;36.6;58;77;43.0;-0.5;42;56;42.9;0.3;0;38;16
9024;339;339;6;1;3;3;6;0;0;0;0;0;0;8;1;3;5;65;63;61;9;4907;333;287;109.8;5.1;2.9;28.6;35.9;70;87;44.6;3.3;55;63;46.6;7.7;1;55;24
9025;342;342;7;1;1;3;0;0;0;0;0;0;0;4;4;4;7;59;55;61;9;5644;0;1604;107.3;1.9;0.0;26.2;30.6;80;85;48.5;-7.6;58;69;45.7;-9.6;0;46;24
9026;342;342;7;2;3;1;2;1;1;0;0;0;0;6;6;1;8;59;61;54;17;5826;1468;0;102.4;2.5;1.9;24.1;23.5;87;84;50.9;-4.4;60;62;49.2;-4.6;0;4;3
9027;346;346;4;0;0;-1;0;0;0;0;0;0;0;1;0;0;2;59;54;62;3;2595;770;24;94.7;0.0;1.4;22.2;26.4;33;49;40.2;5.0;26;30;46.4;9.1;0;54;27
9029;347;347;6;1;2;-1;2;1;1;0;0;0;0;6;1;2;4;62;60;69;17;3803;1166;126;92.0;1.9;2.8;37.9;21.8;64;46;58.2;-0.6;50;33;60.2;2.8;0;0;0
9030;338;338;7;4;1;2;0;1;1;0;0;0;0;11;5;1;1;63;63;61;11;5045;1198;534;100.8;2.9;1.4;39.2;22.1;92;59;60.9;-3.0;68;46;59.6;-5.2;0;11;4
9031;341;341;4;0;1;-1;0;0;0;0;0;0;0;1;0;0;0;52;55;48;2;1716;0;46;100.5;2.1;4.2;21.0;44.1;26;35;42.6;-12.0;19;27;41.3;-13.1;0;13;5
9032;339;339;6;0;0;-1;2;0;0;0;0;0;0;2;1;2;7;57;51;66;6;2986;254;1284;100.5;1.2;2.4;19.3;42.2;30;60;33.3;-11.6;22;48;31.4;-12.8;0;0;0
9034;350;350;7;2;1;2;2;0;0;0;0;0;0;5;0;6;4;68;59;74;16;4855;1139;193;105.5;2.2;0.7;27.4;28.2;73;66;52.5;2.5;52;50;51.0;2.6;0;72;31
9035;340;340;7;0;2;0;4;0;0;0;0;0;0;6;2;2;13;62;53;73;14;6385;170;798;101.9;1.7;1.7;25.9;36.6;89;120;42.6;-8.7;58;83;41.1;-10.0;0;1;0
9036;350;350;6;1;2;-1;14;0;0;0;0;0;0;13;2;2;3;59;53;59;4;5664;122;564;99.3;2.5;3.2;29.9;34.3;82;91;47.4;-4.1;67;73;47.9;-0.6;0;0;0
9037;341;341;4;1;1;-3;0;1;1;0;0;0;0;2;2;3;7;60;58;61;10;2750;929;260;86.4;0.0;3.9;31.4;28.8;43;41;51.2;-4.0;30;36;45.5;-11.2;1;0;0
9038;339;339;1;0;0;0;0;0;0;0;0;0;0;1;0;0;0;58;50;68;0;281;0;149;0.0;0.0;0.0;0.0;64.1;2;7;22.2;-25.5;2;5;28.6;-16.7;0;0;0
9039;345;345;2;0;0;0;0;0;0;0;0;0;0;1;2;0;1;53;53;52;2;1476;42;167;98.6;2.4;2.4;22.0;19.5;12;22;35.3;-16.9;10;18;35.7;-16.3;0;9;3
9040;349;349;6;0;4;-2;0;0;1;0;0;0;0;1;3;0;1;60;62;54;6;4271;541;57;96.2;2.5;3.4;27.8;26.1;64;53;54.7;8.1;47;41;53.4;5.4;0;5;3
9041;346;346;2;0;0;-1;0;0;0;0;0;0;0;1;0;0;3;56;53;58;2;747;450;74;87.5;0.0;4.8;28.9;38.6;10;11;47.6;10.8;8;10;44.4;7.6;0;11;6
9042;349;349;5;0;0;-5;4;0;0;0;0;0;0;0;2;1;0;52;54;47;9;2549;108;43;84.4;0.0;7.1;28.2;45.2;33;54;37.9;-12.4;27;42;39.1;-13.3;0;0;0
9043;341;341;5;1;1;0;4;0;0;0;0;0;0;8;1;5;6;75;61;74;14;5551;347;442;97.7;1.9;1.9;33.7;24.0;83;67;55.3;-1.4;66;48;57.9;1.2;0;20;7
9044;346;346;5;0;0;-4;4;0;0;0;0;0;0;6;1;0;2;54;52;51;3;3552;62;756;93.3;0.0;3.0;12.2;45.6;27;68;28.4;-10.2;17;54;23.9;-14.4;0;41;9
9046;346;346;6;0;0;-6;14;0;0;0;0;0;0;8;1;5;8;55;52;55;9;5265;412;895;93.5;0.7;4.1;26.0;45.1;65;118;35.5;-0.0;48;89;35.0;-3.2;0;0;0
9047;349;349;5;1;2;3;0;0;0;0;0;0;0;4;1;0;4;68;53;69;6;3117;96;603;111.1;3.5;0.0;31.2;31.2;40;55;42.1;-13.0;34;38;47.2;-7.5;0;0;0
9048;338;338;7;2;1;4;2;1;0;0;0;0;0;9;1;1;2;59;61;56;20;4292;479;222;106.8;4.2;0.8;36.9;18.5;88;37;70.4;9.3;60;27;69.0;7.1;2;3;2
9049;343;343;6;3;2;2;2;0;0;0;0;0;0;7;1;3;5;63;64;56;23;4617;1011;7;99.9;5.5;3.9;40.5;28.8;78;63;55.3;7.3;63;50;55.8;8.9;1;11;7
9050;341;341;5;3;1;-1;4;1;1;0;0;0;0;4;3;1;0;64;63;67;19;4876;1559;0;95.7;1.5;2.2;36.9;26.6;74;64;53.6;-3.8;61;49;55.5;-2.3;0;96;42
9051;345;345;4;0;0;-2;4;0;0;0;0;0;0;1;1;0;0;53;54;49;3;1844;0;60;88.2;0.0;3.9;21.5;33.2;24;25;49.0;-0.3;18;21;46.2;-3.6;0;13;5
9053;341;341;5;0;2;-1;0;0;2;0;0;0;0;7;1;1;3;64;63;61;15;4786;1475;157;98.2;2.3;3.0;34.6;36.1;85;75;53.1;-9.1;69;55;55.6;-7.8;0;0;0
9054;350;350;6;0;0;2;0;0;0;0;0;0;0;4;3;2;3;72;52;74;10;6063;581;281;104.6;3.0;1.8;29.1;32.1;93;89;51.1;1.4;66;70;48.5;-0.8;0;0;0
9055;340;340;5;1;0;1;6;0;0;0;0;0;0;9;0;0;1;60;62;56;3;3555;231;76;105.0;1.0;0.0;20.3;18.2;50;36;58.1;14.2;32;22;59.3;16.1;1;35;21
9056;351;351;3;1;0;1;0;1;0;0;0;0;0;4;0;0;2;60;63;53;6;1923;765;0;113.5;5.6;1.9;30.0;35.6;31;33;48.4;6.8;25;25;50.0;5.5;0;18;9
9057;349;349;7;0;0;-1;2;0;0;0;0;0;0;13;2;3;2;54;52;52;3;4954;260;949;98.3;3.6;3.6;29.8;26.2;70;63;52.6;5.2;57;47;54.8;7.2;0;14;6
9058;351;351;4;1;0;0;2;0;0;0;0;0;0;4;3;1;4;58;57;58;11;3253;581;0;98.9;1.1;1.1;36.5;26.6;55;46;54.5;15.8;42;33;56.0;16.5;0;0;0
9059;351;351;4;0;0;-3;0;0;0;0;0;0;0;3;0;0;2;52;52;50;3;2014;0;154;88.9;0.0;5.4;19.7;48.3;21;44;32.3;-11.8;17;35;32.7;-12.8;0;9;6
9060;347;347;5;2;1;0;0;1;0;0;0;0;0;2;0;1;2;62;59;63;7;3306;543;25;105.9;3.3;3.3;21.8;35.9;40;47;46.0;-6.2;27;36;42.9;-7.8;0;54;28
9061;349;349;7;0;2;2;4;0;0;0;0;0;0;14;5;6;19;74;50;77;4;6522;1340;1623;104.8;2.8;1.1;30.9;26.5;93;86;52.0;4.9;75;60;55.6;9.2;0;0;0
9063;344;344;4;0;0;-1;17;0;0;0;0;0;0;2;1;0;0;52;52;52;4;2248;98;126;100.9;1.6;3.2;19.2;43.2;24;43;35.8;-23.3;16;32;33.3;-26.8;0;40;15
9065;348;348;7;0;0;-6;6;0;0;0;0;0;0;11;2;2;15;61;52;68;6;5409;444;741;87.0;0.0;4.0;27.3;30.6;73;71;50.7;1.7;62;55;53.0;1.6;0;0;0
9066;350;350;7;0;2;3;2;0;0;0;0;0;0;4;2;5;1;69;59;68;13;4877;496;739;105.8;3.0;0.7;35.4;28.8;81;61;57.0;8.5;64;52;55.2;8.3;0;11;1
9067;350;350;5;1;1;3;2;0;0;0;0;0;0;7;1;4;11;73;53;75;9;4583;522;851;109.0;3.9;1.6;29.1;34.6;60;72;45.5;-5.5;51;58;46.8;-2.6;0;0;0
9068;345;345;7;2;2;6;4;0;0;0;0;0;0;7;6;0;2;66;46;69;7;6252;67;699;104.6;5.2;2.3;31.7;19.6;94;75;55.6;10.3;72;51;58.5;13.8;1;0;0
9069;350;350;3;0;0;1;0;0;0;0;0;0;0;1;1;1;2;61;50;63;0;1930;54;243;108.3;3.7;1.9;28.0;37.3;27;29;48.2;-3.3;22;25;46.8;-4.1;0;0;0
9070;348;348;3;1;0;0;16;0;0;0;0;0;0;1;2;0;3;49;50;48;5;1175;42;612;93.4;3.1;3.1;39.8;21.4;18;16;52.9;5.8;16;11;59.3;8.9;0;19;5
9071;339;339;5;0;0;-2;0;0;0;0;0;0;0;1;1;2;2;53;54;50;2;3100;49;108;96.7;2.3;4.6;22.1;33.7;37;53;41.1;-2.6;24;39;38.1;-4.9;0;3;2
9072;349;349;7;0;2;2;2;0;0;0;0;0;0;5;3;1;12;64;55;63;10;4918;20;1224;104.2;2.9;1.5;28.5;24.2;66;65;50.4;2.2;52;44;54.2;6.2;0;88;44
9073;342;342;7;0;0;2;2;0;0;0;0;0;0;7;2;1;4;53;53;54;6;2820;352;43;109.0;3.8;1.3;26.8;24.3;45;36;55.6;1.8;31;24;56.4;4.5;0;3;0
9074;339;339;7;4;1;2;2;0;0;1;0;0;0;7;2;0;6;52;57;47;7;3471;22;601;114.9;5.2;4.1;21.8;46.7;37;72;33.9;-11.3;30;49;38.0;-5.1;0;45;23
9076;341;341;1;0;0;-1;0;0;0;0;0;0;0;1;0;0;1;59;60;55;4;800;203;0;90.9;0.0;4.5;22.5;49.5;13;17;43.3;-21.9;7;13;35.0;-25.5;0;13;8
9077;342;342;1;0;0;0;0;0;0;0;0;0;0;1;0;0;1;64;51;64;0;313;0;139;100.0;0.0;0.0;23.0;46.0;2;5;28.6;-34.3;2;4;33.3;-24.1;0;0;0
9081;341;341;2;0;2;2;2;0;0;0;0;0;0;3;0;1;0;62;66;53;4;1415;462;0;120.6;7.6;2.5;28.0;38.2;21;25;45.7;-7.3;14;20;41.2;-13.5;0;0;0
9082;340;340;3;0;0;0;4;0;0;0;0;0;0;3;1;1;1;51;50;53;4;1580;120;97;103.8;2.3;2.3;25.1;43.3;22;29;43.1;-5.1;17;21;44.7;-1.9;0;13;8
9084;351;351;2;0;1;1;0;0;0;0;0;0;0;0;1;0;1;55;53;58;2;587;0;54;110.0;6.1;0.0;61.3;30.7;13;7;65.0;24.2;13;5;72.2;28.3;0;0;0
9085;350;350;4;0;0;-1;0;0;0;0;0;0;0;3;1;0;1;53;54;50;1;1802;26;114;101.7;4.0;6.0;24.0;40.0;24;35;40.7;-13.3;17;28;37.8;-13.8;0;5;2
9086;339;339;4;0;1;-1;2;0;0;0;0;0;0;2;0;0;1;52;53;49;3;1599;107;0;103.4;2.3;4.5;18.0;49.5;17;34;33.3;-10.8;13;26;33.3;-10.4;0;0;0
9088;343;343;6;1;1;-2;4;0;0;0;0;0;0;6;1;0;2;59;60;52;10;4355;112;359;96.6;1.7;3.3;22.3;30.6;58;64;47.5;-6.8;41;48;46.1;-8.9;0;69;35
9090;346;346;1;0;0;-2;2;0;0;0;0;0;0;1;0;0;0;53;52;58;1;553;363;41;83.3;0.0;6.5;13.0;39.1;5;11;31.3;12.5;3;10;23.1;1.5;0;15;6
9096;348;348;4;0;0;0;0;0;0;0;0;0;0;5;0;2;1;56;55;53;6;1785;30;168;86.1;4.0;4.0;48.4;18.2;36;24;60.0;16.3;32;13;71.1;26.5;0;25;13
9097;343;343;7;0;5;1;2;0;1;0;0;0;0;7;4;2;2;52;54;49;10;5561;18;516;103.3;5.2;4.5;28.5;30.4;92;69;57.1;8.8;64;53;54.7;6.0;0;0;0
9099;344;344;4;0;1;2;2;0;0;0;0;0;0;4;1;1;3;58;51;58;6;2103;14;558;103.4;5.1;1.7;46.2;22.3;42;25;62.7;4.4;31;19;62.0;3.7;0;0;0
9101;341;341;1;0;0;0;0;0;0;0;0;0;0;0;0;1;1;65;53;74;1;851;84;113;100.0;0.0;0.0;33.8;16.9;17;4;81.0;33.7;12;4;75.0;32.1;0;0;0
9102;349;349;7;0;0;1;6;0;0;0;0;0;0;6;0;4;13;55;52;55;10;6551;161;650;101.6;4.4;3.8;30.8;30.2;96;102;48.5;-0.3;72;78;48.0;-2.4;0;0;0
9104;342;342;6;2;2;1;2;1;1;0;0;0;0;6;0;2;1;59;59;57;11;3094;574;3;104.0;2.3;1.2;27.9;26.8;45;41;52.3;-1.0;31;30;50.8;-1.5;0;11;7
9105;347;347;3;0;0;-2;0;0;0;0;0;0;0;1;1;1;2;50;50;48;1;1265;0;0;83.3;0.0;5.7;31.3;34.2;22;20;52.4;-7.5;17;15;53.1;-7.3;0;0;0
9108;346;346;1;0;0;0;0;0;0;0;0;0;0;1;1;0;1;63;46;66;0;259;0;287;0.0;0.0;0.0;0.0;55.6;0;9;0.0;-23.9;0;6;0.0;-24.1;0;0;0
9111;344;344;1;0;0;1;0;0;0;0;0;0;0;0;0;0;0;54;54;54;0;446;0;0;120.0;8.1;0.0;40.4;16.1;6;5;54.5;9.8;5;4;55.6;7.9;0;6;3
9112;341;341;2;0;1;0;2;0;0;0;0;0;0;1;1;0;1;56;57;58;7;1236;639;0;96.5;2.9;2.9;52.4;32.0;24;14;63.2;5.9;19;12;61.3;5.3;0;0;0
9117;349;349;2;0;1;-4;2;0;0;0;0;0;0;4;3;2;2;44;43;43;1;1544;0;108;88.0;2.3;11.7;16.3;44.3;15;31;32.6;-9.6;10;26;27.8;-18.6;0;0;0
9118;341;341;1;0;0;0;0;0;0;0;0;0;0;0;0;0;0;50;50;49;2;243;0;0;100.0;0.0;0.0;44.4;14.8;9;2;81.8;14.7;5;2;71.4;0.3;0;0;0
9121;347;347;2;0;0;0;0;0;0;0;0;0;0;1;0;0;0;49;49;49;0;362;0;181;100.0;0.0;0.0;29.8;19.9;7;3;70.0;18.7;4;2;66.7;14.8;0;0;0
9124;346;346;2;0;0;-2;4;0;0;0;0;0;0;5;0;2;0;52;51;53;1;1579;0;216;90.5;0.0;4.6;18.2;47.9;12;40;23.1;-15.2;11;31;26.2;-14.4;0;0;0
9125;346;346;6;0;0;-4;0;0;0;0;0;0;0;1;1;1;2;46;51;45;1;3411;0;339;90.0;0.0;4.2;16.9;42.2;32;77;29.4;-11.7;19;55;25.7;-16.7;0;11;4
9130;344;344;4;0;0;0;0;0;0;0;0;0;0;0;1;0;1;52;50;52;6;2139;0;4;100.0;0.0;0.0;45.4;33.7;49;39;55.7;-0.2;43;25;63.2;9.4;0;33;17
9131;346;346;1;0;0;-1;0;0;0;0;0;0;0;0;0;0;0;38;49;36;0;418;0;125;88.9;0.0;8.6;8.6;77.5;2;14;12.5;-10.9;2;12;14.3;-9.7;0;4;1
9133;346;346;1;0;0;-1;0;0;0;0;0;0;0;1;2;0;1;44;42;45;0;477;0;174;0.0;0.0;7.5;0.0;90.6;1;16;5.9;-19.5;1;13;7.1;-18.9;0;1;1
9134;344;344;1;0;0;0;0;0;0;0;0;0;0;1;0;0;0;50;48;53;0;411;42;1;100.0;0.0;0.0;8.8;17.5;1;6;14.3;-34.0;1;4;20.0;-30.7;0;0;0
9135;342;342;7;2;1;4;0;0;0;0;0;0;0;7;4;0;2;55;55;52;13;4848;675;0;108.0;3.0;0.0;37.1;18.6;100;54;64.9;14.7;68;37;64.8;16.3;0;0;0
9136;341;341;1;0;1;1;0;0;0;0;1;0;0;0;0;0;2;56;53;57;0;198;0;283;0.0;0.0;0.0;18.2;0.0;2;0;100.0;44.6;1;0;100.0;49.1;0;0;0
9139;346;346;3;0;1;-2;0;0;1;0;0;0;0;2;0;0;1;53;56;45;4;2187;291;0;95.5;0.0;1.6;24.7;36.2;26;50;34.2;-7.1;19;38;33.3;-11.5;0;0;0
9140;351;351;3;0;0;-3;0;0;0;0;0;0;0;2;0;0;0;51;52;47;1;1548;102;32;86.7;0.0;4.7;11.6;34.9;9;24;27.3;-16.7;8;17;32.0;-13.5;0;13;4
9141;351;351;2;0;0;0;0;0;0;0;0;0;0;0;0;0;0;53;51;55;2;1251;320;0;100.0;0.0;0.0;25.9;25.9;18;17;51.4;9.9;17;11;60.7;16.5;0;20;13
9145;351;351;2;0;0;0;4;0;0;0;0;0;0;0;0;0;0;52;53;54;1;877;283;0;100.0;0.0;0.0;4.1;20.5;4;6;40.0;-0.3;3;5;37.5;-3.4;0;0;0
9146;344;344;5;3;0;3;0;0;0;0;0;0;0;2;0;1;1;56;58;54;6;2710;0;234;112.8;6.6;2.7;31.9;33.2;42;45;48.3;-6.2;31;35;47.0;-9.2;0;1;0
9147;341;341;1;0;0;0;2;0;0;0;0;0;0;0;0;0;0;56;55;59;0;569;236;3;100.0;0.0;0.0;56.9;19.0;12;5;70.6;18.0;9;4;69.2;22.6;0;0;0
9151;341;341;1;0;0;1;0;0;0;0;0;0;0;0;0;1;0;60;57;53;1;551;0;181;100.0;0.0;0.0;52.3;19.6;11;5;68.8;15.4;8;4;66.7;18.8;0;11;4
9157;341;341;1;0;0;0;0;0;0;0;0;0;0;0;0;0;0;51;51;49;0;227;0;0;100.0;0.0;0.0;31.7;15.9;6;2;75.0;6.4;3;2;60.0;-12.2;0;2;2
9158;341;341;1;0;0;0;0;0;0;0;0;0;0;0;0;0;0;58;57;54;5;551;203;0;100.0;0.0;0.0;52.3;19.6;11;5;68.8;15.4;8;4;66.7;18.8;0;1;0
9160;341;341;1;0;0;-1;0;0;0;0;0;0;0;0;0;0;0;52;50;55;0;372;179;0;0.0;0.0;9.7;19.4;9.7;4;3;57.1;0.6;3;3;50.0;-1.9;0;0;0
9162;346;346;5;0;0;-5;0;0;0;0;0;0;0;3;1;1;11;56;49;56;2;3720;154;536;93.8;1.0;4.8;14.5;37.7;40;80;33.3;-2.9;21;57;26.9;-10.5;0;0;0
9165;346;346;2;0;0;-1;0;0;0;0;0;0;0;0;0;0;1;51;51;50;0;860;142;0;0.0;0.0;4.2;0.0;62.8;2;22;8.3;-26.4;1;17;5.6;-31.1;0;0;0
9168;379;379;1;0;1;-2;0;0;0;0;0;0;0;2;0;0;1;48;61;35;0;913;102;161;87.5;3.9;11.8;15.8;31.5;5;17;22.7;-5.1;4;11;26.7;2.2;0;0;0
9169;354;354;3;1;0;0;0;0;0;0;0;0;0;6;0;2;5;64;61;68;9;3189;291;436;100.0;2.3;2.3;30.5;30.5;50;52;49.0;5.4;38;37;50.7;4.6;1;0;0
9170;358;358;1;0;0;0;0;0;0;0;0;0;0;3;0;0;0;62;63;61;3;912;322;0;120.0;3.9;0.0;19.7;19.7;6;9;40.0;18.0;5;6;45.5;19.7;0;0;0
9171;363;363;3;4;0;0;2;1;0;0;0;0;0;5;0;2;0;69;70;66;17;2486;574;133;90.9;4.3;2.9;47.8;15.9;57;16;78.1;14.2;47;15;75.8;10.4;0;4;2
9172;383;383;1;0;1;1;0;0;0;0;0;0;0;1;0;0;0;54;57;49;2;612;0;0;116.7;5.9;0.0;35.3;17.6;7;4;63.6;-6.4;7;3;70.0;1.8;0;0;0
9173;359;359;2;0;0;-1;0;0;0;0;0;0;0;0;0;2;0;52;52;54;1;1323;224;0;94.4;0.0;2.7;8.2;49.0;12;33;26.7;-25.1;6;27;18.2;-33.5;0;16;6
9174;353;353;4;0;2;-1;7;0;1;0;0;1;0;5;0;0;1;68;77;48;8;3755;933;44;94.3;2.9;3.8;29.7;24.9;60;48;55.6;-3.7;41;37;52.6;-5.9;0;8;2
9175;352;352;2;1;2;3;0;0;0;0;0;0;0;1;1;1;3;72;77;73;10;1780;634;2;103.9;8.1;2.0;44.5;14.2;42;16;72.4;14.5;27;11;71.1;13.6;0;36;23
9176;372;372;3;0;2;3;4;0;2;0;0;0;0;1;1;1;2;66;65;66;3;2863;724;82;112.0;3.8;0.0;31.4;39.0;46;57;44.7;-6.4;32;42;43.2;-11.1;0;58;31
9177;371;371;4;0;2;-4;0;0;1;0;0;0;0;5;5;1;3;64;63;59;11;3764;665;153;87.5;1.9;5.7;33.5;31.6;59;59;50.0;16.0;47;49;49.0;13.7;0;10;4
9178;364;364;1;0;0;0;0;0;0;0;0;0;0;1;0;0;1;59;59;48;5;785;67;0;100.0;0.0;0.0;41.3;22.9;15;8;65.2;17.6;12;5;70.6;24.8;0;4;2
9179;362;362;4;1;0;-3;4;1;0;0;0;0;0;2;2;2;4;66;70;62;9;3938;1037;245;91.1;0.9;3.7;28.3;30.2;68;61;52.7;-4.7;51;44;53.7;-3.0;0;4;3
9181;373;373;3;0;1;-2;2;0;1;0;0;0;0;4;1;2;3;66;62;73;9;3186;557;0;93.3;0.0;2.3;23.7;33.9;41;51;44.6;-5.0;32;35;47.8;1.4;0;51;29
9183;355;355;4;2;4;5;11;0;1;0;0;0;0;2;1;0;2;70;73;59;12;3844;464;0;108.4;5.6;0.9;44.0;21.5;87;41;68.0;11.6;68;33;67.3;14.7;1;5;3
9184;380;380;1;0;0;-1;0;0;0;0;0;0;0;1;0;0;4;54;51;52;1;964;0;0;92.3;0.0;3.7;11.2;48.5;6;25;19.4;-18.6;5;15;25.0;-12.9;0;0;0
9186;380;380;2;0;2;-3;0;0;1;0;0;0;0;1;3;2;0;57;59;50;5;1719;509;0;74.8;2.1;8.4;37.7;27.2;35;18;66.0;2.5;27;14;65.9;2.4;0;7;5
9187;377;377;3;0;0;0;0;0;0;0;0;0;0;5;2;1;2;63;55;62;2;2838;0;367;102.1;1.3;1.3;20.3;30.4;29;43;40.3;-1.3;20;34;37.0;-3.1;0;11;7
9188;369;369;3;0;1;-3;0;0;0;0;0;0;0;5;2;1;1;55;55;53;6;2210;163;500;80.0;0.0;6.5;40.7;32.6;43;27;61.4;3.5;30;25;54.5;-6.8;0;17;13
9189;365;365;2;0;0;0;0;0;0;0;0;0;0;1;0;1;2;63;60;75;1;1942;85;65;100.0;0.0;0.0;11.1;24.1;14;28;33.3;-2.4;10;19;34.5;4.9;0;0;0
9191;364;364;3;1;0;1;4;0;0;0;0;0;0;4;0;2;1;61;62;58;8;3078;163;38;103.1;1.2;0.0;37.4;16.4;50;26;65.8;19.5;42;23;64.6;17.6;0;6;3
9192;366;366;3;2;1;2;0;1;1;0;0;0;0;2;1;0;0;58;59;54;6;1592;357;0;114.3;4.5;0.0;31.7;24.9;21;19;52.5;-11.8;16;17;48.5;-16.0;1;4;1
9193;380;380;2;0;0;-4;0;0;0;0;0;0;0;2;0;0;0;60;58;55;2;1892;445;43;87.9;1.9;9.5;26.6;49.5;22;38;36.7;-11.0;19;31;38.0;-9.8;0;0;0
9194;371;371;1;0;0;-1;0;0;0;0;0;0;0;0;2;1;2;57;53;69;5;953;386;181;84.9;3.8;7.6;52.9;34.0;15;15;50.0;28.6;14;12;53.8;33.8;0;0;0
9195;368;368;1;0;0;0;2;0;0;0;0;0;0;3;0;2;1;69;53;73;0;845;0;179;100.0;0.0;0.0;25.6;51.1;9;23;28.1;2.7;7;15;31.8;2.3;0;0;0
9196;369;369;1;0;0;0;0;0;0;0;0;0;0;0;0;0;0;48;47;49;0;985;0;46;100.0;0.0;0.0;18.3;25.6;12;13;48.0;-15.6;6;10;37.5;-27.7;0;0;0
9197;362;362;4;0;1;1;2;0;0;0;0;0;0;10;4;0;0;57;57;53;8;3513;373;131;100.6;2.0;1.0;37.9;21.5;72;41;63.7;11.0;54;34;61.4;8.0;0;1;1
9199;384;384;1;0;0;0;0;0;0;0;0;0;0;1;0;0;0;56;55;56;0;501;0;0;100.0;0.0;0.0;14.4;14.4;7;7;50.0;-19.8;3;5;37.5;-31.1;0;2;2
9200;384;384;1;0;1;2;0;0;0;0;0;0;0;0;0;0;0;60;63;48;2;1076;0;0;113.3;6.7;0.0;50.2;20.1;31;13;70.5;5.3;22;10;68.8;5.7;0;0;0
9201;363;363;2;1;0;0;0;0;0;0;0;0;0;3;0;0;0;54;61;48;4;1193;47;0;83.3;3.0;3.0;36.2;12.1;27;10;73.0;10.9;19;7;73.1;14.5;0;0;0
9202;359;359;1;0;0;1;0;0;0;0;0;0;0;1;0;0;4;61;57;66;1;1094;0;128;92.9;6.6;3.3;69.1;19.7;31;12;72.1;16.0;26;7;78.8;21.0;0;0;0
9203;363;363;4;2;1;4;0;0;0;0;0;0;0;2;1;0;0;65;66;62;6;3360;22;454;108.0;5.4;1.1;37.5;17.1;69;28;71.1;5.0;48;20;70.6;4.6;0;44;22
9204;384;384;3;3;0;3;0;0;0;0;0;0;0;3;0;1;4;73;74;64;12;2557;170;355;109.4;4.2;0.0;45.1;9.9;64;21;75.3;21.9;45;15;75.0;24.0;1;9;4
9206;360;360;1;0;0;-1;0;0;0;0;0;0;0;1;0;0;2;68;52;68;2;1062;0;43;90.0;0.0;3.4;30.5;33.9;16;16;50.0;10.0;14;12;53.8;13.8;0;0;0
9207;360;360;2;0;1;0;0;0;0;0;0;0;0;2;0;0;1;59;60;53;3;1215;203;0;88.3;3.0;3.0;35.6;14.8;23;16;59.0;-5.9;18;10;64.3;-0.5;0;0;0
9208;361;361;3;0;0;-1;0;0;0;0;0;0;0;2;1;1;4;62;53;60;5;2914;223;320;96.2;0.0;1.2;22.2;32.1;28;48;36.8;-8.0;23;33;41.1;-3.4;0;25;8
9209;384;384;2;0;2;2;0;0;0;0;0;0;0;3;2;0;0;65;55;72;1;2023;115;63;112.7;5.3;1.8;32.0;44.5;29;36;44.6;6.0;23;32;41.8;4.6;0;0;0
9210;364;364;2;1;0;-2;0;1;0;0;0;0;0;4;0;0;2;60;60;53;5;999;510;0;86.7;0.0;7.2;14.4;54.1;11;25;30.6;-31.9;8;20;28.6;-34.4;0;33;14
9211;384;384;2;0;0;2;0;0;0;0;0;0;0;8;1;0;3;72;68;74;6;2163;304;79;107.4;3.3;0.0;44.9;28.3;49;28;63.6;2.8;38;24;61.3;2.4;0;0;0
9212;375;375;1;0;0;-2;2;0;0;0;0;0;0;2;0;1;1;65;51;67;0;1172;0;160;77.8;0.0;6.1;12.3;27.6;12;20;37.5;9.2;9;13;40.9;11.2;0;0;0
9214;372;372;1;0;0;0;0;0;0;0;0;0;0;1;0;1;3;77;53;81;0;922;0;182;100.0;0.0;0.0;23.4;27.3;11;23;32.4;-6.6;7;14;33.3;-4.8;0;0;0
9216;385;385;1;0;1;0;2;0;0;0;0;0;0;1;0;0;2;73;66;76;3;897;142;17;96.7;4.0;4.0;24.1;20.1;12;8;60.0;13.1;9;6;60.0;12.9;0;0;0
9217;369;369;3;1;0;1;2;1;0;0;0;0;0;2;1;1;2;69;61;76;6;2751;763;63;104.2;1.3;0.0;31.4;20.9;41;32;56.2;-3.7;29;26;52.7;-9.3;1;10;4
9218;363;363;3;0;1;-1;0;0;0;0;0;0;0;1;0;0;0;60;62;55;2;1057;151;43;75.0;3.4;6.8;40.9;20.4;31;9;77.5;14.7;22;8;73.3;11.5;0;18;11
9220;373;373;1;0;0;0;0;0;0;0;0;0;0;1;2;0;2;67;52;70;1;821;0;65;100.0;0.0;0.0;13.2;26.3;7;15;31.8;0.5;4;8;33.3;5.7;0;8;5
9221;362;362;3;0;0;-1;0;0;0;0;0;0;0;4;1;1;3;53;46;53;2;3024;0;497;94.9;2.4;3.6;36.9;31.0;54;43;55.7;1.1;42;31;57.5;1.2;0;0;0
9222;361;361;2;0;1;0;0;0;0;0;0;0;0;4;0;3;1;83;54;87;4;2114;23;55;103.0;1.7;1.7;25.5;46.0;31;41;43.1;-5.3;19;37;33.9;-16.1;0;0;0
9223;384;384;3;2;2;7;0;0;0;0;0;0;0;3;3;1;2;66;66;62;5;2789;630;0;131.8;9.0;0.0;28.4;36.1;33;40;45.2;-20.2;23;35;39.7;-24.9;0;2;0
9224;363;363;4;0;2;1;0;0;0;0;0;0;0;7;0;1;0;59;63;53;8;2921;476;106;98.7;2.5;1.2;41.9;17.3;58;25;69.9;3.1;48;18;72.7;7.4;0;2;0
9225;357;357;4;2;1;3;2;0;0;0;0;0;0;5;1;2;2;63;64;61;10;3795;629;0;112.5;2.8;0.0;22.8;20.9;47;49;49.0;-0.4;33;34;49.3;-1.0;0;6;2
9226;354;354;4;0;0;-1;0;0;0;0;0;0;0;2;0;2;11;60;54;64;11;3969;0;903;96.4;1.8;2.7;36.3;31.7;68;62;52.3;3.1;52;41;55.9;5.1;0;0;0
9227;375;375;3;0;0;0;4;0;0;0;0;0;0;2;0;1;4;73;52;77;3;3334;644;569;95.6;2.2;2.2;42.1;22.7;65;41;61.3;10.5;50;32;61.0;4.0;0;0;0
9228;369;369;3;0;1;-1;2;0;0;0;1;0;0;6;0;1;6;66;49;67;10;3641;78;440;89.9;1.0;3.0;40.5;23.7;57;42;57.6;-2.1;48;33;59.3;-0.4;0;0;0
9229;370;370;4;0;0;-2;0;0;0;0;0;0;0;2;1;2;10;60;50;62;4;4106;29;642;97.4;1.8;3.5;23.7;35.1;45;70;39.1;-5.9;33;52;38.8;-7.0;0;0;0
9230;356;356;2;0;0;2;0;0;0;0;0;0;0;1;1;0;3;59;50;60;8;2177;0;166;106.7;5.0;1.7;41.3;31.4;47;27;63.5;3.4;35;22;61.4;2.8;0;0;0
9231;382;382;2;0;2;2;0;0;1;0;0;0;0;8;0;0;1;67;68;62;2;1764;135;199;110.5;4.1;0.0;38.8;14.3;26;18;59.1;17.3;25;14;64.1;24.1;0;11;7
9232;366;366;3;1;0;3;0;0;0;0;0;0;0;8;0;1;0;58;54;57;7;3314;0;380;107.7;3.3;0.0;42.4;16.3;74;27;73.3;20.6;53;22;70.7;18.3;0;0;0
9233;385;385;1;0;0;-2;0;0;0;0;0;0;0;0;0;0;0;56;59;44;1;769;395;0;0.0;0.0;9.4;0.0;42.1;3;12;20.0;-13.9;1;10;9.1;-28.1;0;2;1
9235;364;364;1;0;0;-1;0;0;0;0;0;0;0;2;0;0;1;54;61;48;1;900;115;137;80.0;0.0;4.0;28.0;20.0;15;9;62.5;14.1;11;6;64.7;16.8;0;2;1
9236;363;363;3;1;1;2;0;0;0;0;0;0;0;5;1;1;6;69;61;77;13;2941;513;174;103.0;3.7;1.2;34.3;15.9;56;26;68.3;4.7;39;19;67.2;5.2;0;0;0
9237;369;369;3;1;1;0;2;0;0;1;0;0;0;8;2;1;0;63;57;57;7;2363;0;451;79.0;1.5;3.0;38.1;12.2;39;20;66.1;9.3;29;13;69.0;12.0;0;39;23
9238;361;361;1;1;0;-2;0;0;0;0;0;0;0;1;0;0;0;53;56;45;1;1052;71;10;92.9;3.4;10.3;24.0;47.9;13;20;39.4;5.1;12;18;40.0;-5.2;0;0;0
9239;378;378;4;0;1;8;0;0;0;0;0;0;0;3;0;1;0;63;55;69;6;4203;686;364;133.3;6.9;0.0;20.6;35.1;47;71;39.8;-0.7;37;54;40.7;3.0;0;0;0
9241;384;384;3;0;3;7;0;0;0;0;0;0;0;1;2;4;4;66;63;74;3;3012;272;450;121.2;8.4;0.0;39.4;21.5;54;37;59.3;-1.1;41;27;60.3;3.7;0;0;0
9243;355;355;1;0;0;0;0;0;0;0;0;0;0;1;1;0;0;48;48;48;2;483;0;0;100.0;0.0;0.0;37.3;7.5;9;7;56.3;-31.6;5;6;45.5;-40.8;0;4;2
9244;383;383;2;0;1;-1;2;0;1;0;0;0;0;6;0;0;0;56;54;56;6;2080;163;379;90.9;0.0;1.7;32.9;19.0;40;20;66.7;6.5;26;14;65.0;8.0;0;0;0
9245;378;378;1;0;0;-1;0;0;0;0;0;0;0;1;2;0;2;40;43;37;0;667;0;53;104.6;5.4;10.8;27.0;70.2;7;22;24.1;-17.7;5;16;23.8;-14.4;0;3;2
9246;372;372;2;0;0;-1;0;0;0;0;0;0;0;0;0;0;2;51;51;52;3;898;263;92;83.3;0.0;4.0;40.1;24.1;16;15;51.6;4.0;12;9;57.1;8.2;0;10;5
9247;355;355;3;1;0;-1;0;0;0;0;0;0;0;3;0;0;1;60;63;50;5;3004;0;179;96.9;1.2;2.4;30.0;33.6;43;44;49.4;-7.0;29;35;45.3;-9.2;1;24;9
9248;385;385;2;1;2;1;0;1;0;0;0;0;0;4;2;0;3;61;69;53;6;1812;216;0;106.2;4.0;2.0;29.8;27.8;21;28;42.9;7.4;19;18;51.4;18.4;1;0;0
9249;360;360;4;0;3;5;0;0;0;0;0;0;0;7;0;0;2;66;65;60;6;3469;203;300;113.2;5.2;0.0;39.4;24.9;62;41;60.2;14.4;48;32;60.0;15.1;0;29;11
9250;365;365;3;1;0;1;0;0;0;0;0;0;0;2;0;0;1;55;55;54;1;1319;104;0;133.3;2.7;0.0;8.2;21.8;11;19;36.7;5.1;6;14;30.0;1.1;0;16;8
9251;360;360;3;1;1;1;0;0;1;0;0;0;0;5;1;0;0;62;63;53;8;2584;645;0;104.3;2.8;1.4;26.5;22.3;35;33;51.5;-2.3;28;23;54.9;4.5;0;40;19
9252;378;378;3;2;1;1;2;0;0;0;0;0;0;0;1;2;5;61;63;59;5;2808;344;60;109.5;2.6;1.3;17.9;26.9;26;50;34.2;-10.7;20;35;36.4;-5.9;0;8;2
9253;364;364;2;0;0;-1;0;0;0;0;0;0;0;2;3;1;0;53;48;60;4;1227;227;0;91.7;0.0;2.9;26.4;35.2;17;22;43.6;-3.3;12;14;46.2;-0.9;0;21;11
9254;380;380;2;0;0;0;2;0;0;0;0;0;0;1;1;0;2;61;49;63;1;1644;64;199;100.0;0.0;0.0;24.1;28.5;26;24;52.0;5.1;17;15;53.1;4.1;0;10;5
9255;382;382;3;3;1;1;0;1;0;0;0;0;0;2;0;1;2;69;73;57;12;2854;843;239;97.8;5.0;3.8;41.6;26.5;51;37;58.0;14.7;44;30;59.5;15.8;0;4;2
9257;372;372;1;0;0;0;0;0;0;0;0;0;0;0;0;0;0;88;48;91;3;1103;356;60;100.0;0.0;0.0;16.3;13.1;16;7;69.6;1.8;8;7;53.3;-17.1;0;0;0
9259;384;384;1;0;0;2;0;0;0;0;0;0;0;1;0;0;1;62;47;62;1;1042;0;63;125.0;6.9;0.0;27.6;13.8;19;9;67.9;0.8;11;6;64.7;-0.9;0;0;0
9260;364;364;2;0;0;-1;0;0;0;0;0;0;0;3;1;0;0;61;48;63;1;2075;58;89;93.3;0.0;1.7;43.4;26.0;37;21;63.8;21.1;31;17;64.6;19.9;0;0;0
9261;355;355;2;0;2;2;0;0;0;0;0;0;0;3;0;1;0;68;67;69;6;1997;184;173;110.4;5.4;1.8;32.4;28.8;39;26;60.0;-18.3;28;23;54.9;-19.8;0;0;0
9262;372;372;3;0;1;1;0;0;0;0;0;0;0;5;0;1;1;62;64;54;12;2652;306;171;105.4;2.7;1.4;31.2;40.7;44;52;45.8;-4.4;31;40;43.7;-10.2;0;1;1
9263;380;380;3;0;0;-4;0;0;0;0;0;0;0;4;1;1;2;56;59;47;3;3099;190;52;96.2;2.3;7.0;22.1;48.8;32;69;31.7;-12.4;26;50;34.2;-10.2;0;6;5
9264;361;361;3;0;1;0;2;0;0;0;0;0;0;7;0;0;7;75;71;74;5;3212;532;0;101.7;2.2;2.2;24.7;30.3;40;61;39.6;-4.8;30;39;43.5;-0.2;0;10;6
9266;384;384;2;0;2;-3;0;0;2;0;0;0;0;3;0;0;3;62;62;53;1;1573;215;0;88.9;0.0;6.9;16.0;61.8;17;43;28.3;-18.7;12;33;26.7;-18.1;0;21;11
9267;369;369;1;0;0;-1;0;0;0;0;0;0;0;0;0;0;0;48;51;43;0;156;0;0;0.0;0.0;23.1;0.0;23.1;1;1;50.0;-9.6;0;1;0.0;-59.0;0;0;0
9268;384;384;3;4;1;6;14;0;0;0;0;0;0;1;3;1;0;66;66;67;11;2535;485;73;115.0;8.5;0.0;56.8;17.0;66;20;76.7;24.1;48;16;75.0;24.7;0;41;19
9269;361;361;4;0;1;0;2;0;1;0;0;0;0;11;1;4;2;70;65;74;16;3837;750;4;99.2;1.9;1.9;35.7;31.0;63;57;52.5;3.2;45;49;47.9;-2.6;0;59;31
9270;385;385;2;1;1;1;2;0;0;0;0;0;0;0;1;2;3;72;69;78;4;1753;546;0;113.9;4.1;2.1;18.5;24.6;23;24;48.9;15.9;16;17;48.5;13.6;0;35;23
9271;360;360;3;0;0;3;2;0;0;0;0;0;0;5;1;1;6;76;49;80;4;3080;288;286;107.1;4.7;1.2;33.9;17.5;53;33;61.6;13.2;37;24;60.7;13.5;0;0;0
9272;363;363;4;0;2;0;0;0;1;0;0;0;0;5;0;0;0;62;61;58;10;3018;988;0;98.3;1.2;1.2;26.2;19.1;43;33;56.6;-14.1;32;22;59.3;-10.0;0;48;21
9273;365;365;4;0;1;-2;4;0;0;0;0;0;0;2;0;1;1;64;65;58;6;3525;282;413;102.9;2.0;3.1;17.4;34.7;41;52;44.1;2.9;25;44;36.2;-4.6;0;49;25
9274;375;375;3;0;1;-3;6;0;1;0;0;0;0;1;2;0;6;59;60;58;5;3048;773;0;85.7;0.0;3.5;36.6;24.8;51;39;56.7;2.9;42;26;61.8;4.8;0;4;0
9275;384;384;3;1;1;2;0;0;0;0;0;0;0;4;0;0;0;59;59;53;5;1302;0;0;116.7;5.5;0.0;33.2;19.4;22;13;62.9;3.2;14;10;58.3;0.7;0;14;7
9276;364;364;3;1;1;1;0;0;0;0;0;0;0;0;0;1;2;54;56;53;6;2696;58;328;100.4;4.0;2.7;44.1;30.7;52;35;59.8;12.0;44;30;59.5;11.0;1;11;2
9277;384;384;3;0;1;4;0;0;0;0;0;0;0;1;1;2;1;64;59;69;2;1974;9;253;115.4;7.3;0.0;47.4;29.2;43;25;63.2;4.2;37;19;66.1;11.3;0;14;6
9278;360;360;3;0;1;1;2;0;0;0;0;0;0;5;0;1;4;56;49;57;4;2751;38;57;101.4;5.2;3.9;40.6;34.0;53;43;55.2;3.5;39;37;51.3;-0.6;0;0;0
9279;365;365;3;1;0;2;2;0;0;0;0;0;0;6;0;0;4;63;60;66;2;3359;5;534;114.2;3.2;1.1;19.3;42.9;33;63;34.4;3.6;22;49;31.0;3.2;0;0;0
9281;358;358;1;0;0;1;0;0;0;0;0;0;0;2;1;0;0;53;47;54;3;1060;20;77;106.7;3.4;0.0;50.9;13.6;26;7;78.8;12.1;21;6;77.8;12.4;0;0;0
9282;385;385;2;0;0;0;4;0;0;0;0;0;0;2;1;0;3;61;61;63;5;2262;329;157;104.6;1.6;1.6;19.1;43.0;21;45;31.8;-10.1;17;38;30.9;-14.4;0;0;0
9283;360;360;3;0;0;0;0;0;0;0;0;0;0;1;0;3;3;67;53;68;5;3006;0;294;94.9;1.2;1.2;29.9;13.2;43;24;64.2;15.3;30;17;63.8;16.4;0;0;0
9284;355;355;4;1;1;-3;0;0;1;0;0;0;0;8;2;1;4;74;70;78;17;3997;852;575;88.2;0.9;3.6;36.9;25.2;82;41;66.7;9.5;57;34;62.6;7.1;0;0;0
9285;383;383;3;0;2;2;2;0;1;0;0;0;0;5;2;0;4;63;62;59;6;2267;203;74;111.1;3.2;0.0;28.6;23.8;31;27;53.4;-2.7;27;21;56.3;2.6;0;4;1
9286;363;363;2;0;2;-2;0;0;1;0;0;0;0;1;0;0;0;69;74;58;6;1950;672;72;90.5;3.7;5.5;51.7;33.2;46;23;66.7;3.8;39;22;63.9;4.7;0;2;2
9287;363;363;4;0;0;-1;2;0;0;0;0;0;0;6;1;0;0;67;63;74;9;3156;972;0;97.5;1.1;1.1;27.4;17.1;49;26;65.3;-2.8;34;19;64.2;-3.8;0;32;17
9288;367;367;2;0;2;0;4;0;2;0;0;0;0;0;0;0;1;60;60;61;4;654;656;0;100.0;0.0;0.0;27.5;27.5;8;13;38.1;-21.4;6;9;40.0;-20.0;0;2;2
9289;373;373;4;0;2;0;0;0;0;0;0;0;0;5;2;1;8;77;47;79;6;4730;0;265;101.8;3.0;3.0;27.4;32.7;71;75;48.6;6.5;48;52;48.0;7.4;0;0;0
9290;361;361;1;0;0;-1;0;0;0;0;0;0;0;1;0;0;0;40;51;37;0;1027;0;55;95.0;0.0;3.5;14.0;70.1;9;26;25.7;-20.4;4;26;13.3;-36.7;0;0;0
9291;385;385;1;0;0;0;0;0;0;0;0;0;0;2;0;0;0;65;50;64;2;516;0;26;100.0;0.0;0.0;20.9;27.9;3;7;30.0;-1.1;3;5;37.5;7.1;0;4;2
9292;385;385;2;0;0;1;0;0;0;0;0;0;0;2;1;2;1;65;58;64;5;1767;523;309;113.9;4.1;2.0;18.3;24.4;23;25;47.9;14.6;16;18;47.1;11.8;0;1;1
9293;361;361;2;1;0;0;0;0;0;0;0;0;0;4;0;0;1;52;60;48;3;1685;87;133;99.6;2.1;2.1;34.2;32.0;37;29;56.1;-8.4;26;22;54.2;-8.3;1;19;9
9294;363;363;3;0;0;-2;2;0;0;0;0;0;0;2;0;2;6;60;55;61;5;2902;0;430;85.8;2.5;5.0;31.0;22.3;51;30;63.0;-3.1;40;24;62.5;-1.6;0;0;0
9295;385;385;2;1;0;2;0;0;0;0;0;0;0;4;3;0;1;55;51;58;4;1795;262;380;128.6;4.0;0.0;14.0;24.1;16;29;35.6;-3.0;15;18;45.5;9.4;0;12;6
9297;362;362;3;0;1;0;4;0;0;0;0;0;0;3;0;3;6;70;55;73;3;3236;19;380;95.7;3.3;3.3;43.4;27.8;72;47;60.5;9.4;53;35;60.2;5.7;0;0;0
9299;359;359;4;2;0;1;2;0;0;0;0;0;0;10;1;1;3;65;67;58;21;3626;561;137;100.6;2.0;1.0;46.7;26.8;81;44;64.8;13.0;58;34;63.0;10.3;1;2;1
9301;354;354;2;0;1;-1;0;0;0;0;0;0;0;3;0;0;1;61;58;61;0;1208;0;391;90.0;0.0;3.0;26.8;29.8;18;19;48.6;-1.7;16;11;59.3;7.5;0;6;2
9302;354;354;3;0;1;2;4;0;0;0;0;0;0;6;1;1;5;65;64;66;3;2911;438;155;102.6;3.7;1.2;45.8;22.3;57;35;62.0;10.4;45;21;68.2;15.4;0;0;0
9303;361;361;1;0;1;1;0;0;0;0;0;0;0;0;0;0;0;63;68;51;3;1153;196;0;111.1;3.1;0.0;28.1;15.6;14;25;35.9;-0.0;12;9;57.1;19.9;0;0;0
9304;371;371;1;0;0;0;0;0;0;0;0;0;0;1;0;0;0;58;57;60;5;1043;22;53;100.0;0.0;0.0;20.7;34.5;10;17;37.0;-8.0;9;16;36.0;-7.9;0;0;0
9306;365;365;3;0;0;-1;4;0;0;0;0;0;0;8;1;1;11;64;53;71;3;3447;85;246;110.7;2.1;3.1;11.5;41.8;27;71;27.6;-7.9;18;52;25.7;-5.5;0;0;0
9307;370;370;3;1;0;-1;2;0;0;0;0;0;0;3;1;0;0;53;61;50;4;2616;0;368;87.9;1.4;2.8;30.3;16.5;41;29;58.6;13.4;29;22;56.9;10.0;0;35;12
9308;354;354;1;0;0;0;0;0;0;0;0;0;0;0;0;0;0;61;57;59;1;753;0;130;100.0;0.0;0.0;28.7;43.0;11;17;39.3;3.6;7;15;31.8;-5.7;0;0;0
9310;360;360;3;0;0;-2;2;0;0;0;0;0;0;10;0;0;2;48;47;48;1;3444;210;323;94.3;1.0;3.1;20.9;29.3;36;53;40.4;-20.1;29;40;42.0;-15.5;0;0;0
9312;364;364;4;0;2;0;0;0;0;0;0;0;0;10;0;3;2;76;64;77;13;3593;383;315;96.4;2.0;2.0;39.1;23.0;68;40;63.0;15.9;58;31;65.2;18.8;0;48;27
9313;363;363;3;1;0;1;2;0;0;0;0;0;0;3;0;0;0;64;66;58;6;2762;313;94;101.8;2.6;1.3;33.9;22.2;46;32;59.0;-8.8;33;22;60.0;-5.0;0;1;0
9314;372;372;3;0;0;-2;0;0;0;0;0;0;0;3;1;2;3;63;63;59;6;2537;724;0;87.9;1.4;4.3;38.3;27.0;42;36;53.8;6.9;34;21;61.8;15.3;0;3;0
9315;381;381;3;0;1;-1;2;0;0;0;0;0;0;6;1;0;1;60;60;57;1;2029;74;603;98.2;3.5;5.3;19.5;26.6;23;27;46.0;-4.8;16;22;42.1;-9.9;0;26;16
9317;368;368;3;2;1;2;0;1;0;0;0;0;0;8;1;1;2;56;58;52;5;2770;154;360;110.0;2.6;0.0;26.0;19.5;35;39;47.3;6.0;26;26;50.0;5.1;0;12;6
9318;372;372;1;0;0;1;0;0;0;0;0;0;0;3;0;2;1;87;60;89;0;950;171;57;120.0;3.8;0.0;18.9;15.2;11;12;47.8;-28.0;8;7;53.3;-17.1;0;13;8
9321;381;381;2;0;0;-2;0;0;0;0;0;0;0;3;2;0;2;64;43;66;1;2111;84;433;90.5;0.0;3.4;20.5;35.8;21;33;38.9;-2.8;16;26;38.1;-4.6;0;0;0
9323;379;379;3;2;3;-1;2;1;1;0;0;0;0;2;1;0;4;68;71;57;7;2750;491;82;98.5;3.9;5.2;23.6;28.8;28;49;36.4;-0.8;20;34;37.0;2.9;1;42;24
9324;373;373;3;0;1;-4;0;0;0;0;0;0;0;6;3;1;2;51;57;44;5;2595;0;187;68.7;2.8;8.3;31.9;20.8;42;31;57.5;12.3;30;22;57.7;14.0;0;3;2
9325;375;375;2;0;0;-1;0;0;0;0;0;0;0;2;0;0;0;47;57;45;2;1197;6;78;80.0;0.0;3.0;36.1;15.0;21;10;67.7;8.7;18;9;66.7;3.3;0;1;1
9326;358;358;3;0;1;-1;0;0;0;0;0;0;0;2;1;0;1;59;56;52;3;2045;199;0;96.9;1.8;3.5;33.4;42.2;31;34;47.7;-14.6;24;30;44.4;-19.4;0;25;12
9328;369;369;3;0;0;0;2;0;0;0;0;0;0;6;1;1;3;60;58;61;3;2293;0;274;97.5;1.6;1.6;42.4;25.1;44;27;62.0;-2.2;35;18;66.0;3.4;0;4;2
9329;367;367;3;0;0;-2;2;0;0;0;0;0;0;4;2;2;3;78;50;81;4;3252;164;565;80.1;1.1;3.3;34.3;14.4;53;22;70.7;21.9;41;17;70.7;20.2;0;0;0
9330;381;381;3;0;0;0;0;0;0;0;0;0;0;6;1;0;5;59;57;59;3;1525;0;394;100.0;0.0;0.0;18.9;33.0;16;28;36.4;-16.5;10;20;33.3;-19.9;0;5;0
9331;239;239;5;1;0;-3;0;0;0;0;0;0;0;2;2;0;11;60;61;60;9;4410;343;104;98.3;1.6;4.1;21.2;43.3;45;99;31.3;-8.3;36;75;32.4;-7.2;0;0;0
9333;379;379;1;0;0;-1;0;0;0;0;0;0;0;0;0;0;4;63;55;65;1;1076;0;28;90.9;0.0;3.3;3.3;36.8;5;22;18.5;-42.3;2;14;12.5;-47.9;0;0;0
9334;371;371;3;1;0;2;0;1;0;0;0;0;0;3;0;0;1;67;72;56;8;3091;385;209;113.8;3.5;1.2;19.8;30.3;29;45;39.2;-3.2;22;35;38.6;-4.2;0;4;2
9336;375;375;1;0;0;0;0;0;0;0;0;0;0;1;1;0;2;63;52;76;0;1032;0;0;100.0;0.0;0.0;3.5;34.9;6;16;27.3;-6.1;5;13;27.8;-8.8;0;15;8
9337;374;374;1;0;0;0;4;0;0;0;0;0;0;0;0;1;2;55;51;65;0;763;132;253;0.0;0.0;0.0;0.0;42.5;3;21;12.5;-8.2;3;12;20.0;-1.3;0;4;0
9339;372;372;2;0;1;0;0;0;0;0;0;0;0;1;2;1;0;66;65;68;3;1241;519;68;100.0;0.0;0.0;31.9;5.8;21;3;87.5;32.3;13;3;81.3;25.6;0;2;1
9340;355;355;3;0;1;4;0;0;0;0;0;0;0;5;0;1;1;58;57;59;1;3043;0;535;112.8;5.9;1.2;36.7;35.5;56;48;53.8;-0.8;42;41;50.6;-2.1;0;0;0
9341;380;380;3;1;0;-4;0;1;0;0;0;0;0;5;0;1;2;67;67;58;12;2964;618;0;88.9;0.0;4.9;26.7;43.7;49;53;48.0;8.0;37;43;46.3;3.7;0;58;23
9342;357;357;4;0;4;3;0;0;0;0;0;0;0;11;0;0;4;66;67;57;4;3596;43;148;110.7;4.0;1.0;25.0;19.0;46;39;54.1;6.5;34;29;54.0;5.3;0;48;24
9343;372;372;1;0;0;2;0;0;0;0;0;0;0;1;1;0;0;63;50;63;2;1343;125;15;111.8;5.4;0.0;45.6;10.7;28;9;75.7;13.2;21;8;72.4;12.4;0;0;0
9344;355;355;3;1;0;-2;0;0;0;0;0;0;0;0;4;1;0;52;51;51;3;1508;0;741;91.1;2.4;7.2;19.1;33.4;21;23;47.7;-7.8;15;20;42.9;-10.8;0;20;9
9345;367;367;3;0;0;1;0;0;0;0;0;0;0;2;1;3;4;58;46;59;1;2740;34;310;106.3;1.3;0.0;21.0;26.3;28;44;38.9;-24.5;20;29;40.8;-23.4;0;0;0
9347;376;376;4;1;4;-4;0;1;1;0;1;0;0;10;4;5;2;67;69;61;9;4143;543;534;87.7;0.9;4.3;26.1;27.8;53;64;45.3;9.7;37;46;44.6;5.7;1;23;9
9348;381;381;2;0;1;2;2;0;0;0;0;0;0;2;0;0;0;55;60;47;3;1768;0;129;109.2;8.1;4.1;34.6;28.5;28;24;53.8;2.4;22;19;53.7;3.7;0;4;2
9349;371;371;2;0;1;1;0;0;1;0;0;0;0;1;1;2;1;62;60;68;4;1903;299;28;109.1;1.9;0.0;20.8;53.0;18;40;31.0;-20.9;14;34;29.2;-21.3;0;0;0
9350;353;353;4;2;1;2;0;1;0;0;0;0;0;3;0;1;3;69;67;67;15;3679;726;79;105.7;2.0;0.0;34.2;20.5;56;44;56.0;-3.0;45;33;57.7;1.1;1;64;30
9352;356;356;3;1;0;0;0;0;0;0;0;0;0;4;0;1;2;69;55;71;5;3121;0;289;95.9;2.3;2.3;46.1;25.4;75;34;68.8;7.5;56;26;68.3;10.7;0;0;0
9354;354;354;4;0;2;-2;2;0;1;0;0;0;0;1;1;4;5;61;59;63;6;3277;694;0;93.7;1.1;3.3;27.5;31.9;45;56;44.6;-7.8;34;40;45.9;-9.1;0;54;27
9358;358;358;1;0;0;-1;2;0;0;0;0;0;0;0;1;0;3;63;45;66;4;772;0;113;87.5;0.0;4.7;46.6;37.3;11;16;40.7;4.2;11;11;50.0;14.0;0;0;0
9359;365;365;2;0;1;0;0;0;0;0;0;0;0;3;0;0;0;59;59;54;2;955;99;9;110.0;3.8;3.8;18.8;37.7;10;15;40.0;-8.2;6;11;35.3;-11.8;0;8;4
9362;359;359;4;0;1;1;0;0;0;0;0;0;0;4;2;3;2;68;64;70;11;3701;502;160;100.8;1.9;1.0;42.8;26.3;75;44;63.0;10.2;52;33;61.2;7.5;0;28;14
9363;377;377;1;0;0;0;0;0;0;0;0;0;0;0;0;0;0;50;50;50;0;60;0;1;0.0;0.0;0.0;0.0;0.0;2;0;100.0;60.0;1;0;100.0;53.3;0;0;0
9364;364;364;3;0;0;-2;2;0;0;0;0;0;0;3;0;2;0;62;58;61;3;2592;73;0;91.7;0.0;2.8;18.1;33.3;29;41;41.4;-13.1;22;33;40.0;-15.6;0;30;14
9365;359;359;4;0;1;1;0;0;0;0;0;0;0;5;0;0;4;61;51;62;14;4885;255;551;99.4;2.2;1.5;43.5;25.8;100;73;57.8;3.6;76;52;59.4;6.1;0;0;0
9366;363;363;3;0;0;0;2;0;0;0;0;0;0;5;1;1;3;69;48;73;3;3313;135;241;94.4;2.2;2.2;31.5;17.4;62;27;69.7;7.0;46;19;70.8;10.8;0;0;0
9367;375;375;3;0;1;0;0;0;0;0;0;0;0;2;0;5;8;76;54;79;7;3420;103;647;96.9;2.1;2.1;28.4;20.0;51;47;52.0;-4.0;39;32;54.9;-5.2;0;0;0
9368;385;385;1;0;1;0;0;0;0;0;0;0;0;0;0;0;0;63;68;50;1;797;261;0;96.7;4.5;4.5;27.1;22.6;15;5;75.0;34.2;9;5;64.3;18.6;0;0;0
9369;352;352;4;2;1;1;4;0;0;0;0;0;0;2;1;1;2;64;64;60;15;3127;115;184;96.1;3.5;2.3;43.7;19.6;61;32;65.6;6.8;46;25;64.8;5.0;1;58;32
9370;367;367;2;2;0;2;0;1;0;0;0;0;0;3;0;1;1;62;65;55;12;2031;299;145;106.4;5.3;1.8;40.8;26.6;44;26;62.9;2.1;29;17;63.0;1.0;0;0;0
9371;375;375;3;0;2;1;2;0;0;0;0;0;0;0;0;2;4;82;65;82;8;3044;310;290;100.2;2.4;1.2;36.7;18.9;49;37;57.0;3.3;40;25;61.5;4.4;0;42;19
9372;381;381;2;0;2;-1;16;0;1;0;0;0;0;2;0;0;1;56;59;55;2;1776;596;131;89.7;4.1;6.1;36.5;28.4;26;24;52.0;-20.0;22;18;55.0;-16.4;0;0;0
9373;372;372;1;0;0;0;0;0;0;0;0;0;0;1;0;0;4;81;45;87;2;952;0;192;100.0;0.0;0.0;34.0;34.0;10;19;34.5;-29.1;9;12;42.9;-20.7;0;0;0
9374;381;381;1;1;0;0;2;0;0;0;0;0;0;2;0;1;0;70;64;76;4;1077;282;53;100.0;3.3;3.3;26.7;26.7;11;18;37.9;2.4;8;13;38.1;6.7;0;0;0
9375;377;377;2;0;0;2;0;0;0;0;0;0;0;1;0;1;4;64;61;68;5;1920;579;298;115.4;3.8;0.0;24.4;35.6;21;40;34.4;-14.2;19;27;41.3;-8.3;0;0;0
9376;369;369;2;0;0;-1;0;0;0;0;0;0;0;1;1;2;3;63;58;78;5;1844;290;139;92.3;0.0;2.0;25.4;25.4;29;22;56.9;8.6;21;19;52.5;2.5;0;0;0
9377;373;373;2;0;1;-2;0;0;0;0;0;0;0;3;0;1;1;63;61;69;3;2258;338;48;100.0;3.2;6.4;22.3;44.6;25;50;33.3;-13.9;18;34;34.6;-9.6;0;0;0
9378;372;372;1;0;1;0;0;0;0;0;0;0;0;4;0;1;0;72;72;72;4;1099;310;81;100.0;0.0;0.0;36.0;6.6;18;3;85.7;23.2;13;3;81.3;20.8;0;4;1
9379;352;352;3;0;0;1;0;0;0;0;0;0;0;6;1;0;2;54;55;51;6;3110;299;147;100.6;4.6;3.5;32.4;25.5;52;34;60.5;1.0;45;29;60.8;0.7;0;0;0
9380;381;381;3;0;2;-1;2;0;0;0;0;0;0;5;1;1;5;61;66;54;6;2918;22;529;95.9;3.7;4.9;34.5;33.3;40;36;52.6;4.2;33;29;53.2;4.8;0;19;8
9381;357;357;1;0;0;0;0;0;0;0;0;0;0;2;0;0;4;61;49;63;1;1101;43;222;103.4;3.3;3.3;26.2;36.0;14;22;38.9;3.0;10;17;37.0;5.7;0;0;0
9382;352;352;1;0;0;1;0;0;0;0;0;0;0;0;0;0;1;58;59;51;1;649;54;0;116.7;5.5;0.0;33.3;38.8;8;12;40.0;-27.9;6;9;40.0;-29.0;0;8;6
9383;358;358;2;0;0;4;2;0;0;0;0;0;0;9;0;1;9;78;53;81;1;2113;108;486;108.3;8.5;3.4;40.9;27.3;36;36;50.0;-4.4;28;26;51.9;-1.7;0;0;0
9384;372;372;3;1;0;0;0;1;0;0;0;0;0;4;2;2;8;76;51;80;10;3278;121;671;98.0;4.4;4.4;37.3;31.8;65;47;58.0;15.0;48;34;58.5;13.2;0;0;0
9386;368;368;2;0;0;2;2;0;0;0;0;0;0;5;1;1;0;64;60;68;5;2033;611;299;110.0;3.5;0.0;35.4;31.9;29;32;47.5;-6.2;23;24;48.9;-6.9;0;0;0
9387;372;372;3;2;0;2;0;0;0;0;0;0;0;2;2;0;2;64;61;64;9;2376;258;694;109.9;4.5;1.5;33.3;40.9;38;39;49.4;0.8;29;31;48.3;-3.0;0;18;9
9388;381;381;1;0;1;1;2;0;0;0;0;0;0;1;0;2;0;70;65;80;4;873;0;133;15.4;8.2;4.1;53.6;4.1;25;4;86.2;35.0;19;2;90.5;37.5;0;0;0
9390;380;380;2;0;0;-1;0;0;0;0;0;0;0;4;1;1;0;54;55;50;1;1230;0;0;80.0;0.0;2.9;20.5;14.6;16;9;64.0;-0.4;8;7;53.3;-12.4;0;6;4
9391;352;352;4;3;1;4;2;1;0;0;0;0;0;7;0;0;3;74;76;64;11;3842;610;317;107.3;4.7;0.9;42.2;24.4;71;39;64.5;5.7;60;32;65.2;6.2;0;7;6
9392;352;352;4;3;3;4;2;0;1;0;0;0;0;7;4;1;0;67;72;55;21;3948;1063;43;99.6;6.4;2.7;48.3;20.1;91;35;72.2;17.8;72;29;71.3;15.9;1;0;0
9393;376;376;3;0;2;1;2;0;0;0;0;0;0;2;1;0;10;70;67;80;8;2955;348;321;104.7;2.4;1.2;28.0;30.5;35;57;38.0;-3.8;30;37;44.8;2.0;0;0;0
9395;372;372;3;1;2;0;0;0;0;0;0;0;0;4;1;0;4;73;73;75;8;2768;632;117;104.0;2.6;2.6;28.6;50.7;37;65;36.3;-19.3;30;47;39.0;-18.1;0;5;3
9396;377;377;1;0;0;1;0;0;0;0;0;0;0;1;0;1;0;55;53;57;1;948;46;46;133.3;3.8;0.0;11.4;15.2;9;10;47.4;-1.9;5;6;45.5;-5.6;0;0;0
9397;375;375;2;0;0;-1;4;0;0;0;0;0;0;2;0;0;2;55;47;57;0;2257;105;89;93.3;0.0;1.6;8.0;23.9;16;35;31.4;-8.3;12;23;34.3;-9.5;0;0;0
9398;377;377;3;1;1;1;0;0;0;0;0;0;0;3;0;0;1;61;63;58;6;1897;655;0;111.9;3.8;1.9;20.9;30.4;30;37;44.8;4.6;20;22;47.6;10.3;0;0;0
9399;381;381;2;0;0;-1;0;0;0;0;0;0;0;3;0;0;1;54;59;49;5;1598;11;228;92.3;0.0;2.3;36.0;29.3;24;22;52.2;16.6;18;17;51.4;14.8;0;1;0
9400;368;368;1;0;0;-1;0;0;0;0;0;0;0;1;1;0;0;55;48;64;0;901;0;129;93.3;0.0;4.0;8.0;59.9;7;19;26.9;0.8;5;18;21.7;-13.1;0;12;6
9401;379;379;1;0;0;1;0;0;0;0;0;0;0;1;0;0;0;67;48;70;0;1132;0;242;150.0;3.2;0.0;6.4;35.0;6;27;18.2;-21.8;3;19;13.6;-26.4;0;0;0
9402;381;381;2;0;1;0;2;0;0;0;0;0;0;1;1;0;0;57;57;56;5;881;205;0;104.8;4.1;4.1;32.7;53.1;12;19;38.7;-16.8;9;17;34.6;-20.9;0;13;6
9403;377;377;3;0;0;2;0;0;0;0;0;0;0;7;1;0;8;67;56;69;3;2129;65;706;114.3;3.4;0.0;23.7;50.7;26;50;34.2;-6.3;19;42;31.1;-11.0;0;16;8
9404;378;378;2;1;0;1;4;1;0;0;0;0;0;7;1;0;1;66;59;66;3;2121;134;216;112.5;1.7;0.0;13.6;30.6;21;35;37.5;-9.0;13;24;35.1;-7.4;0;2;0
9405;375;375;3;0;0;0;0;0;0;0;0;0;0;3;0;1;4;64;56;65;5;2245;185;671;100.0;0.0;0.0;40.1;22.4;47;23;67.1;16.5;39;18;68.4;13.5;0;13;4
9406;376;376;3;1;1;-3;0;1;1;0;0;0;0;4;1;3;0;66;66;65;7;2276;500;0;78.6;0.0;4.7;22.1;22.1;20;36;35.7;-3.5;16;27;37.2;-4.3;0;29;20
9407;360;360;1;0;0;-1;0;0;0;0;0;0;0;0;0;0;0;49;50;42;0;468;0;0;85.7;0.0;7.7;7.7;53.8;2;12;14.3;-33.4;2;8;20.0;-28.5;0;0;0
9408;374;374;2;0;0;1;0;0;0;0;0;0;0;0;0;0;0;62;51;64;0;1235;0;24;112.5;2.9;0.0;23.3;35.0;14;17;45.2;3.7;10;16;38.5;1.1;0;0;0
9409;381;381;3;2;2;-1;2;1;0;0;0;0;0;3;0;1;2;78;76;77;13;2896;652;118;95.8;2.5;3.7;36.0;33.6;46;37;55.4;8.7;39;31;55.7;9.2;0;61;31
9410;379;379;2;0;1;1;0;0;0;0;0;0;0;0;0;0;0;56;56;53;0;965;0;0;133.3;3.7;0.0;11.2;26.1;13;11;54.2;16.9;8;7;53.3;18.5;0;12;7
9411;355;355;2;0;0;1;0;0;0;0;0;0;0;2;0;1;1;56;53;57;4;2022;20;413;104.4;3.6;1.8;32.0;26.7;39;25;60.9;-16.7;28;22;56.0;-17.8;0;0;0
9412;352;352;4;0;1;3;0;0;0;0;0;0;0;1;0;4;4;65;60;70;9;3846;30;158;97.8;5.6;2.8;41.2;17.8;73;37;66.4;8.3;59;29;67.0;8.7;0;0;0
9413;353;353;3;0;0;0;2;0;0;0;0;0;0;1;0;0;2;57;58;53;3;2025;119;5;95.3;1.8;1.8;33.8;17.8;34;20;63.0;5.3;26;16;61.9;5.5;0;9;5
9414;371;371;2;1;0;-1;0;0;0;0;0;0;0;0;2;0;2;51;53;45;3;1093;98;88;90.9;3.3;6.6;36.2;36.2;13;25;34.2;2.1;12;15;44.4;11.4;0;1;1
9416;380;380;3;0;3;1;2;0;2;0;0;0;0;3;2;1;7;59;56;61;6;2971;454;53;105.6;3.6;2.4;26.7;30.3;45;38;54.2;3.7;29;27;51.8;-0.2;0;0;0
9417;376;376;2;0;0;-3;0;0;0;0;0;0;0;2;2;1;1;62;65;59;7;2140;319;0;78.6;0.0;5.0;37.0;23.6;37;31;54.4;21.3;27;21;56.3;17.7;0;0;0
9418;384;384;3;0;0;1;4;0;0;0;0;0;0;6;0;0;5;62;61;63;3;1972;94;290;107.1;1.8;0.0;25.6;31.0;27;32;45.8;-18.2;20;25;44.4;-16.9;0;11;6
9419;369;369;4;1;3;0;14;1;3;0;0;0;0;11;1;1;0;68;68;69;22;3959;1074;0;100.0;0.0;0.0;34.6;24.6;69;47;59.5;0.7;54;37;59.3;0.2;1;84;42
9420;361;361;2;0;1;0;0;0;0;0;0;0;0;1;2;0;0;55;57;53;1;2055;316;0;96.5;1.8;1.8;42.0;22.8;39;22;63.9;2.9;29;15;65.9;8.5;0;0;0
9421;360;360;2;1;0;1;0;0;0;0;0;0;0;3;0;2;1;68;57;72;3;1673;70;219;104.8;2.2;0.0;45.2;8.6;33;8;80.5;23.3;26;6;81.3;22.9;1;0;0
9422;359;359;4;2;3;3;0;1;1;0;0;0;0;4;1;2;0;76;73;75;16;3900;818;206;101.5;4.6;1.8;43.4;20.3;89;42;67.9;17.8;66;30;68.8;18.8;0;82;51
9423;360;360;3;0;1;1;0;0;0;0;0;0;0;6;0;0;0;62;60;59;6;2622;88;145;103.6;2.7;1.4;33.0;28.8;42;32;56.8;5.3;29;26;52.7;1.5;0;41;22
9424;359;359;3;0;1;0;0;0;0;0;0;0;0;1;1;1;0;54;54;53;1;2144;0;0;103.3;3.4;3.4;25.2;33.6;29;45;39.2;-28.8;20;32;38.5;-31.0;0;1;1
9425;367;367;2;0;0;-1;0;0;0;0;0;0;0;2;0;1;4;58;54;58;1;1805;113;483;92.9;2.0;4.0;31.9;29.9;27;20;57.4;-3.3;21;17;55.3;-4.5;0;0;0
9426;385;385;2;0;0;-2;0;0;0;0;0;0;0;2;2;3;8;65;43;79;0;1910;406;265;91.3;0.0;3.8;15.1;43.4;13;40;24.5;-7.0;11;29;27.5;-4.6;0;0;0
9427;373;373;3;0;0;-1;0;0;0;0;0;0;0;2;3;0;1;53;50;55;3;1793;180;33;95.2;0.0;2.0;20.1;42.2;29;29;50.0;2.3;17;24;41.5;-6.5;0;11;2
9429;364;364;3;0;2;0;4;0;1;0;0;0;0;13;2;1;1;70;72;69;10;3049;514;0;97.2;2.4;2.4;40.1;27.2;54;38;58.7;10.7;44;33;57.1;7.8;0;0;0
9430;384;384;2;0;2;-1;2;0;2;0;0;0;0;1;1;0;2;57;55;59;1;1890;63;238;95.7;0.0;1.9;11.4;43.8;14;37;27.5;-17.2;9;29;23.7;-18.5;0;0;0
9431;363;363;3;0;1;-2;2;0;0;0;0;0;0;2;1;0;1;57;60;55;8;2698;582;349;92.6;1.3;4.0;36.0;36.0;45;38;54.2;-16.1;35;32;52.2;-17.3;0;8;6
9432;359;359;1;0;0;-1;2;0;0;0;0;0;0;1;0;0;2;50;53;46;1;531;0;0;87.5;0.0;6.8;27.1;54.2;7;14;33.3;-37.6;5;9;35.7;-37.7;0;1;0
9433;355;355;4;2;3;3;2;1;1;0;0;0;0;4;0;2;4;75;75;68;14;3722;734;38;106.0;3.9;1.0;38.7;24.2;82;46;64.1;5.7;62;36;63.3;8.3;0;83;49
9434;364;364;1;0;0;0;0;0;0;0;0;0;0;0;0;0;0;54;52;50;0;498;0;0;100.0;0.0;0.0;14.5;57.8;5;14;26.3;-38.2;4;12;25.0;-41.7;0;0;0
9435;362;362;3;0;0;1;0;0;0;0;0;0;0;5;1;2;7;68;56;82;10;3154;494;431;103.2;1.1;0.0;35.4;20.5;58;32;64.4;3.2;42;23;64.6;2.9;0;0;0
9436;384;384;1;1;0;1;0;0;0;0;0;0;0;3;0;0;0;64;55;60;3;810;53;48;125.0;4.4;0.0;17.8;26.7;5;11;31.3;7.3;4;8;33.3;13.3;0;2;1
9437;375;375;3;1;0;-1;0;1;0;0;0;0;0;1;0;0;1;58;58;57;4;1277;521;0;91.7;0.0;2.8;25.4;33.8;21;20;51.2;10.7;16;16;50.0;6.2;0;35;19
9438;360;360;4;4;1;2;0;1;0;0;0;0;0;2;0;2;0;74;77;59;19;3949;701;0;103.4;3.6;1.8;29.2;20.1;55;37;59.8;13.2;40;31;56.3;9.3;1;5;2
9440;369;369;2;1;0;-2;0;1;0;0;0;0;0;6;0;2;0;67;69;55;9;1580;451;0;85.7;0.0;4.6;41.0;31.9;36;22;62.1;5.3;25;19;56.8;-5.8;0;1;0
9441;368;368;2;0;0;-1;2;0;0;0;0;0;0;1;0;0;2;58;53;64;0;1596;0;66;91.7;0.0;2.3;27.1;27.1;26;23;53.1;1.9;23;16;59.0;7.5;0;0;0
9442;361;361;2;1;0;2;2;0;0;0;0;0;0;0;3;2;3;64;45;67;4;2100;270;46;107.8;5.1;1.7;39.4;32.6;42;35;54.5;-11.4;31;27;53.4;-10.4;0;0;0
9443;360;360;4;0;1;-2;4;0;0;0;0;0;0;6;0;0;4;63;61;64;2;2980;318;332;90.9;0.0;2.4;14.5;26.6;28;50;35.9;-18.4;20;34;37.0;-15.9;0;7;3
9445;362;362;4;2;2;1;2;0;0;0;0;0;0;6;0;1;6;66;68;63;6;3539;119;571;100.3;3.1;2.0;32.6;22.4;60;42;58.8;4.0;46;33;58.2;3.4;0;12;6
9446;369;369;4;1;0;-1;2;1;0;0;0;0;0;5;0;0;4;67;66;65;7;3648;323;180;94.4;0.0;1.0;34.5;17.8;66;38;63.5;6.3;52;24;68.4;12.9;0;2;2
9447;385;385;2;0;1;-1;0;0;1;0;0;0;0;0;0;1;1;61;61;55;1;1152;142;46;90.0;0.0;3.1;18.8;31.3;12;18;40.0;2.8;9;12;42.9;5.1;0;8;6
9449;378;378;4;1;1;-1;0;0;0;0;0;0;0;3;1;0;7;57;56;54;3;3865;254;245;107.9;2.8;3.7;15.8;38.2;37;68;35.2;-7.4;26;51;33.8;-7.3;0;0;0
9450;359;359;3;0;0;-1;2;0;0;0;0;0;0;1;0;1;1;54;54;53;2;1709;0;0;93.3;0.0;2.1;35.8;31.6;28;29;49.1;-3.2;23;21;52.3;0.4;0;18;7
9451;364;364;1;0;0;-2;6;0;0;0;0;0;0;2;0;0;0;46;56;45;1;898;184;116;71.4;0.0;8.0;28.1;28.1;17;11;60.7;12.4;14;9;60.9;13.3;0;0;0
9452;379;379;3;1;2;1;14;0;1;0;0;0;0;2;1;2;2;62;63;59;6;2742;290;344;111.0;2.6;1.3;17.1;30.2;23;52;30.7;-8.8;17;38;30.9;-5.7;0;9;4
9453;361;361;2;0;1;2;0;0;0;0;0;0;0;0;0;0;0;49;52;49;1;888;0;0;118.2;8.1;0.0;44.6;24.3;17;12;58.6;-3.7;11;10;52.4;-8.7;0;0;0
9454;360;360;1;0;0;-1;0;0;0;0;0;0;0;0;0;0;0;49;52;44;1;1062;0;44;90.0;0.0;3.4;30.5;33.9;16;16;50.0;10.0;14;12;53.8;13.8;0;0;0
9457;359;359;3;0;1;0;0;0;1;0;0;0;0;5;3;1;9;69;56;82;7;3528;342;205;100.2;1.0;1.0;36.7;39.8;59;74;44.4;-15.3;47;55;46.1;-10.6;0;0;0
9458;354;354;3;1;1;2;2;0;0;0;0;0;0;6;1;1;1;67;66;66;8;2546;712;102;106.1;4.2;1.4;38.2;28.3;43;48;47.3;2.0;31;29;51.7;7.1;0;1;0
9459;355;355;3;0;0;0;0;0;0;0;0;0;0;4;0;1;2;59;59;58;3;3467;18;496;99.8;2.1;2.1;30.1;29.1;61;45;57.5;4.9;42;35;54.5;3.9;0;0;0
9460;383;383;3;0;0;2;4;0;0;0;0;0;0;4;2;1;6;54;49;54;1;3170;4;505;103.2;5.7;3.4;37.5;28.4;51;40;56.0;0.7;40;32;55.6;2.0;0;0;0
9461;374;374;2;0;0;-2;0;0;0;0;0;0;0;1;1;0;1;48;47;48;1;2033;0;209;92.3;0.0;3.5;7.1;46.0;13;47;21.7;-18.3;6;36;14.3;-23.2;0;0;0
9462;364;364;3;0;1;0;0;0;0;0;0;0;0;3;0;0;5;67;53;68;4;3238;94;270;98.3;1.1;1.1;33.4;22.2;50;38;56.8;7.8;39;31;55.7;5.4;0;0;0
9463;355;355;1;0;0;0;0;0;0;0;0;0;0;3;0;0;1;62;64;60;1;542;0;224;100.0;0.0;0.0;33.2;13.3;10;2;83.3;1.9;7;2;77.8;-1.5;0;2;2
9464;368;368;2;0;1;1;0;0;0;0;0;0;0;0;0;0;0;60;61;54;1;1054;146;0;102.2;6.8;3.4;51.2;30.7;25;16;61.0;12.1;21;11;65.6;15.6;0;14;8
9465;353;353;2;0;0;-1;4;0;0;0;0;0;0;3;0;1;0;53;54;50;0;941;124;0;85.7;0.0;3.8;11.5;26.8;9;10;47.4;-17.1;5;9;35.7;-27.5;0;10;6
9466;357;357;3;1;1;4;0;0;0;0;0;0;0;6;1;1;4;76;60;91;6;3142;459;296;116.7;4.6;0.0;27.5;17.2;52;34;60.5;9.5;36;23;61.0;5.3;1;0;0
9467;356;356;1;0;0;1;0;0;0;0;0;0;0;0;0;0;1;57;51;62;2;945;0;155;100.0;0.0;0.0;15.2;19.0;10;6;62.5;-15.1;7;5;58.3;-15.2;0;0;0
9468;370;370;3;0;0;-4;0;0;0;0;0;0;0;4;1;0;4;60;54;66;8;3401;673;452;89.7;0.0;4.2;33.9;41.3;58;69;45.7;-4.6;45;54;45.5;-6.5;0;0;0
9469;370;370;3;1;0;-2;0;0;0;0;0;0;0;2;1;1;1;55;56;47;7;1589;335;0;92.8;2.3;6.8;43.0;54.4;30;39;43.5;-6.3;25;29;46.3;-3.7;0;14;6
9470;367;367;4;2;1;2;0;0;1;0;0;0;0;3;1;1;2;76;71;77;10;3335;497;76;101.1;4.3;2.2;33.5;18.4;59;33;64.1;6.9;41;20;67.2;9.7;1;50;31
9472;383;383;2;0;1;1;2;0;0;0;0;0;0;3;0;1;3;61;53;62;4;2172;0;408;101.9;5.0;3.3;38.1;29.8;41;34;54.7;6.8;33;26;55.9;11.7;0;0;0
9473;366;366;3;1;1;0;4;1;0;0;0;0;0;4;0;3;1;69;70;65;7;3066;419;11;97.8;1.2;1.2;31.7;20.0;53;31;63.1;-6.5;35;22;61.4;-9.0;1;6;3
9474;369;369;4;1;0;1;0;0;0;0;0;0;0;2;1;2;4;62;60;60;8;2580;74;354;106.4;4.2;2.8;32.1;41.9;40;45;47.1;-15.7;30;34;46.9;-16.2;0;43;20
9475;367;367;1;1;0;2;0;0;0;0;0;0;0;1;0;0;0;52;55;51;2;778;0;53;114.3;9.3;0.0;64.8;32.4;17;8;68.0;-0.9;14;7;66.7;0.0;0;0;0
9476;366;366;3;1;0;1;0;0;0;0;0;0;0;1;0;1;0;61;58;60;5;1458;135;16;104.8;2.5;0.0;51.9;22.2;33;19;63.5;4.3;26;14;65.0;7.2;0;22;12
9477;367;367;3;1;3;3;0;0;0;0;0;0;0;3;2;1;0;58;64;55;5;2528;74;611;111.1;5.7;1.4;34.2;25.6;42;31;57.5;2.5;34;21;61.8;6.6;0;5;2
9478;368;368;3;0;2;2;5;0;0;0;0;1;0;2;1;4;5;72;60;87;9;3182;280;586;104.8;3.4;1.1;38.5;28.3;50;44;53.2;15.6;41;35;53.9;12.3;0;0;0
9479;383;383;2;1;1;2;0;0;1;0;0;0;0;1;1;1;0;60;62;56;3;1390;44;92;115.4;5.2;0.0;33.7;18.1;27;10;73.0;13.4;19;7;73.1;17.1;0;1;1
9480;383;383;2;2;0;3;12;0;0;0;0;0;0;3;2;2;5;66;65;67;7;1610;319;445;117.6;6.7;0.0;38.0;26.8;29;22;56.9;-8.3;20;17;54.1;-7.7;0;14;5
9481;353;353;4;2;0;1;2;0;0;0;0;0;0;6;4;1;4;62;63;58;9;3708;145;253;101.4;2.9;1.9;41.7;35.0;77;54;58.8;0.8;57;48;54.3;-4.1;0;2;1
9483;358;358;2;1;0;1;4;0;0;0;0;0;0;3;0;1;0;66;65;63;3;1511;483;226;114.3;4.8;0.0;33.4;11.9;19;12;61.3;13.6;16;7;69.6;22.4;0;4;3
9484;355;355;4;0;3;-1;0;0;2;0;0;0;0;4;2;1;2;65;68;57;7;3068;786;351;97.6;2.3;3.5;27.0;31.7;46;44;51.1;-12.0;32;36;47.1;-13.9;0;10;6
9485;381;381;3;1;1;-2;0;1;0;0;0;0;0;2;0;3;2;65;67;55;7;2128;354;187;80.0;3.4;6.8;25.4;20.3;24;21;53.3;-6.8;18;16;52.9;-8.6;0;0;0
9486;364;364;2;0;1;-2;0;0;1;0;0;0;0;4;1;0;4;61;60;61;6;1868;510;0;87.5;0.0;3.9;25.1;30.8;29;31;48.3;-12.0;22;22;50.0;-9.5;0;2;1
9487;359;359;1;0;0;0;0;0;0;0;0;0;0;2;0;1;0;65;53;67;3;909;0;0;100.0;0.0;0.0;59.4;27.7;23;7;76.7;19.5;21;7;75.0;13.0;0;0;0
9488;358;358;3;1;1;2;4;0;0;0;0;0;0;6;2;0;4;65;67;58;8;2623;795;69;103.3;5.5;2.7;32.9;20.6;40;41;49.4;-13.4;31;27;53.4;-7.6;0;12;4
9489;357;357;2;0;0;3;4;0;0;0;0;0;0;0;0;0;4;60;51;63;2;2203;0;138;117.6;4.9;0.0;27.8;21.2;37;31;54.4;16.0;26;20;56.5;14.1;0;0;0
9490;356;356;3;1;0;0;0;0;0;0;0;0;0;2;1;1;0;67;72;50;10;2919;347;0;94.1;3.7;3.7;40.7;24.7;61;31;66.3;2.6;42;25;62.7;0.1;0;0;0
9491;356;356;3;0;0;0;2;0;0;0;0;0;0;2;1;3;2;58;51;59;5;3584;41;246;94.0;4.0;4.0;35.2;23.1;63;36;63.6;-1.3;49;31;61.3;-2.0;0;0;0
9492;376;376;3;0;1;1;2;0;1;0;0;0;0;4;1;2;9;62;58;74;5;2940;518;255;100.0;0.0;0.0;25.7;20.8;36;48;42.9;6.4;26;31;45.6;7.0;0;0;0
9493;356;356;1;0;0;-1;2;0;0;0;0;0;0;1;0;0;0;54;59;45;3;1035;0;0;83.3;0.0;3.5;31.3;20.9;17;7;70.8;-4.8;12;6;66.7;-4.8;0;0;0
9494;366;366;4;0;3;-1;0;0;1;0;0;0;0;5;1;0;1;55;60;53;12;3870;255;131;95.7;1.9;2.8;32.6;27.9;67;57;54.0;-12.9;49;38;56.3;-9.1;0;3;1
9495;366;366;3;1;1;1;2;0;0;0;0;0;0;2;1;3;1;60;61;56;7;2911;418;7;106.7;2.5;1.2;23.5;32.2;45;48;48.4;-17.1;30;33;47.6;-16.9;0;22;6
9497;366;366;2;0;0;0;0;0;0;0;0;0;0;2;0;1;2;63;55;74;4;2046;65;147;95.1;1.8;1.8;42.2;19.4;48;23;67.6;2.2;34;14;70.8;7.0;0;0;0
9498;360;360;1;1;0;1;0;0;0;0;0;0;0;1;0;1;0;58;61;54;3;732;0;139;109.1;4.9;0.0;54.1;19.7;15;9;62.5;11.7;13;7;65.0;10.8;0;1;1
9501;356;356;3;0;0;-4;0;0;0;0;0;0;0;1;0;2;1;59;62;47;7;2287;78;0;80.7;1.6;7.9;34.6;33.1;48;33;59.3;-7.1;34;26;56.7;-7.9;0;1;0
9504;368;368;1;0;0;0;0;0;0;0;0;0;0;1;0;0;0;53;54;51;1;385;0;235;100.0;0.0;0.0;46.8;9.4;7;1;87.5;16.9;7;1;87.5;16.9;0;1;1
9505;369;369;3;0;0;-1;0;0;0;0;0;0;0;6;0;1;6;65;51;71;3;3136;156;39;95.8;0.0;1.1;25.3;27.6;36;42;46.2;-18.0;30;32;48.4;-15.9;0;0;0
9506;352;352;4;0;3;4;0;0;0;0;0;0;0;9;1;3;5;66;57;70;3;4146;226;420;107.4;4.3;0.9;36.5;19.1;71;44;61.7;1.7;56;30;65.1;5.8;0;0;0
9507;356;356;3;1;2;0;0;0;0;0;0;0;0;5;1;1;0;52;60;50;6;2178;0;288;87.6;5.0;5.0;46.3;21.5;48;25;65.8;1.7;36;20;64.3;2.2;0;18;9
9508;381;381;3;0;0;-1;2;0;0;0;0;0;0;5;2;0;0;56;54;48;2;1785;11;44;84.1;2.0;4.0;22.2;16.1;23;18;56.1;7.6;14;13;51.9;2.2;0;2;0
9509;381;381;2;0;1;0;2;0;0;0;0;0;0;0;1;0;0;52;52;54;1;872;195;0;104.0;4.1;4.1;37.2;57.8;13;19;40.6;-14.5;11;17;39.3;-15.4;0;0;0
9510;368;368;1;0;0;0;0;0;0;0;0;0;0;0;0;1;6;66;62;71;1;956;0;82;100.0;0.0;0.0;11.3;15.1;4;16;20.0;-8.0;3;8;27.3;-3.6;0;0;0
9512;379;379;2;1;1;-1;2;0;0;0;0;0;0;3;0;0;7;85;56;87;1;2460;116;307;97.5;1.5;2.9;14.6;23.4;28;32;46.7;10.8;15;19;44.1;9.7;0;0;0
9514;354;354;1;0;0;0;2;0;0;0;0;0;0;2;0;0;3;55;48;61;0;1024;78;100;100.0;0.0;0.0;17.6;31.6;9;24;27.3;-14.3;5;15;25.0;-15.5;0;0;0
9515;365;365;3;0;0;-2;0;0;0;0;0;0;0;2;0;1;4;59;60;54;5;3043;650;533;109.4;2.4;3.5;13.0;40.2;24;65;27.0;-8.3;16;48;25.0;-6.3;0;5;1
9518;382;382;1;1;0;2;0;0;0;0;0;0;0;0;0;0;0;58;60;54;3;775;243;0;120.0;9.3;0.0;46.5;18.6;12;7;63.2;19.9;12;6;66.7;26.2;1;0;0
9519;354;354;3;1;4;4;2;0;0;0;0;0;0;6;5;1;5;64;64;62;13;2631;78;616;109.4;6.8;1.4;43.8;21.9;53;44;54.6;-0.7;39;25;60.9;3.9;1;20;11
9520;365;365;1;2;0;3;0;0;0;0;0;0;0;2;0;1;2;85;71;87;6;1263;99;10;100.0;11.4;2.9;45.6;11.4;28;11;71.8;5.8;18;6;75.0;6.4;1;0;0
9523;355;355;1;0;0;1;0;0;0;0;0;0;0;0;0;0;0;71;62;83;2;1177;84;126;111.1;3.1;0.0;27.5;52.0;18;20;47.4;0.3;15;20;42.9;-6.2;0;0;0
9524;375;375;2;0;0;0;0;0;0;0;0;0;0;0;2;0;0;50;50;43;3;1562;195;0;97.6;2.3;2.3;34.6;25.4;23;28;45.1;-20.7;20;20;50.0;-19.2;0;1;0
9525;385;385;1;0;0;-2;0;0;0;0;0;0;0;1;0;0;0;50;52;47;0;1026;0;20;77.8;0.0;7.0;24.6;31.6;11;14;44.0;20.1;8;11;42.1;16.4;0;0;0
9526;384;384;3;0;6;7;6;0;0;0;0;0;0;7;3;1;1;65;69;61;7;2945;356;89;121.2;8.6;0.0;40.3;25.7;52;37;58.4;-2.4;39;32;54.9;-4.2;0;3;3
9527;362;362;1;0;0;0;0;0;0;0;0;0;0;0;0;0;0;49;52;43;0;478;110;0;125.0;7.5;7.5;15.1;30.1;2;8;20.0;-43.2;2;7;22.2;-34.5;0;4;1
9528;385;385;1;0;0;0;0;0;0;0;0;0;0;0;1;0;0;57;54;61;2;748;153;20;100.0;0.0;0.0;19.3;52.9;7;16;30.4;-0.8;5;11;31.3;-0.3;0;3;2
9529;380;380;1;0;0;0;0;0;0;0;0;0;0;1;0;0;0;52;51;49;0;473;0;0;100.0;0.0;0.0;15.2;22.8;6;9;40.0;8.4;6;6;50.0;18.2;0;1;1
9530;386;386;1;0;0;0;0;0;0;0;0;0;0;0;0;0;0;53;51;54;0;343;0;0;100.0;0.0;0.0;31.5;52.5;4;9;30.8;-11.5;4;7;36.4;-6.8;0;0;0
9531;360;360;2;0;0;-3;0;0;0;0;0;0;0;7;1;0;1;51;53;46;4;1882;0;14;87.0;0.0;5.7;15.3;44.0;19;37;33.9;-7.9;13;29;31.0;-9.0;0;0;0
9532;378;378;4;0;2;3;2;0;0;0;0;0;0;4;0;0;6;58;54;63;1;3814;13;245;114.3;3.8;0.9;21.7;30.2;45;61;42.5;3.2;28;45;38.4;-0.6;0;0;0
9533;381;381;1;0;0;0;0;0;0;0;0;0;0;1;1;0;1;55;59;52;0;884;0;81;100.0;0.0;0.0;24.4;4.1;13;3;81.3;20.5;9;1;90.0;27.8;0;10;5
9534;360;360;1;0;0;0;0;0;0;0;0;0;0;2;0;0;2;59;57;59;2;1078;0;14;100.0;0.0;0.0;23.4;26.7;12;20;37.5;-8.2;10;12;45.5;1.0;0;12;8
9536;376;376;3;1;1;-1;4;0;0;0;1;0;0;5;2;2;3;63;61;63;5;2658;417;241;94.7;1.4;4.1;21.7;35.2;24;53;31.2;-10.3;21;41;33.9;-9.8;0;8;4
9537;362;362;3;0;0;-2;0;0;0;0;0;0;0;3;0;1;4;70;55;78;5;3237;636;347;88.9;0.0;2.2;30.0;20.0;54;37;59.3;6.4;46;28;62.2;8.1;0;0;0
9538;362;362;4;0;0;-1;2;0;0;0;0;0;0;8;1;2;2;61;61;56;3;3606;159;340;96.3;1.0;2.0;30.9;29.0;63;50;55.8;-0.2;48;38;55.8;0.2;0;65;39
9539;380;380;3;0;0;-3;0;0;0;0;0;0;0;2;2;0;6;58;53;63;3;3290;119;158;92.1;1.1;4.4;21.9;33.9;41;61;40.2;-3.8;32;43;42.7;-1.9;0;0;0
9540;384;384;1;0;0;1;2;0;0;0;0;0;0;2;0;0;0;48;49;48;0;782;53;0;125.0;4.6;0.0;18.4;23.0;5;10;33.3;9.7;4;7;36.4;16.7;0;0;0
9541;361;361;1;0;0;-1;2;0;0;0;0;0;0;0;0;0;0;58;66;43;1;854;87;0;85.7;0.0;4.2;29.5;29.5;23;10;69.7;-6.1;15;8;65.2;-6.9;0;3;1
9542;359;359;4;3;1;1;0;1;0;0;0;0;0;6;1;2;4;64;73;62;19;4024;399;581;95.8;3.6;2.7;42.9;21.5;89;45;66.4;15.7;67;32;67.7;17.4;1;14;8
9543;361;361;2;0;2;4;0;0;0;0;0;0;0;0;0;0;3;72;56;73;4;1938;0;93;119.0;7.4;0.0;39.0;35.3;30;37;44.8;-2.5;23;27;46.0;3.1;0;0;0
9544;361;361;2;0;0;-1;0;0;0;0;0;0;0;3;0;0;0;51;58;46;2;1983;309;43;95.5;0.0;1.8;21.8;39.9;20;33;37.7;2.3;15;30;33.3;-7.1;0;1;0
9545;383;383;2;0;0;-1;2;0;0;0;0;0;0;2;0;2;2;61;51;62;1;2021;4;154;95.0;0.0;1.8;39.2;35.6;33;30;52.4;-16.6;24;23;51.1;-13.5;0;0;0
9546;375;375;1;0;0;0;0;0;0;0;0;0;0;0;1;0;0;58;46;60;1;1039;0;283;100.0;0.0;0.0;10.4;38.1;4;22;15.4;-23.6;4;14;22.2;-16.8;0;0;0
9547;359;359;4;2;2;2;0;1;1;0;0;0;0;3;2;0;4;62;65;56;12;3971;518;139;100.0;3.6;1.8;43.5;21.8;87;47;64.9;13.5;66;33;66.7;16.0;0;1;0
9548;364;364;2;0;0;-2;0;0;0;0;0;0;0;3;0;0;3;65;47;67;3;2082;267;309;91.7;0.0;3.5;22.5;41.5;29;39;42.6;-5.6;25;30;45.5;-2.3;0;0;0
9549;361;361;1;0;0;-1;0;0;0;0;0;0;0;1;0;0;0;41;54;39;4;860;87;41;85.7;0.0;4.2;25.1;29.3;20;10;66.7;-10.3;14;8;63.6;-9.1;0;0;0
9550;380;380;2;1;0;1;2;0;0;0;0;0;0;3;2;0;2;52;52;48;4;1854;142;0;110.0;3.9;1.9;23.3;29.1;21;30;41.2;-4.0;16;20;44.4;0.1;0;0;0
9551;362;362;1;0;0;-3;4;0;0;0;0;0;0;1;0;0;0;30;48;28;3;1142;0;120;57.1;0.0;9.5;31.5;22.1;24;11;68.6;15.3;17;11;60.7;12.8;0;0;0
9552;365;365;4;0;2;-2;6;0;1;0;0;0;0;3;1;1;2;61;65;51;5;3209;626;29;96.4;2.2;4.5;19.1;29.2;43;49;46.7;6.6;27;32;45.8;8.3;0;0;0
9553;379;379;1;0;0;0;0;0;0;0;0;0;0;0;0;0;1;55;52;61;0;506;0;108;100.0;0.0;0.0;21.3;35.6;5;18;21.7;-13.3;4;13;23.5;-9.8;0;5;2
9554;359;359;3;0;0;0;0;0;0;0;0;0;0;7;1;0;0;51;50;50;3;1730;0;0;102.4;2.1;2.1;29.1;43.7;21;35;37.5;-19.2;16;27;37.2;-18.2;0;3;0
9555;364;364;2;1;0;1;0;0;0;0;0;0;0;2;0;1;3;53;55;51;4;2070;33;121;108.8;3.5;1.7;26.1;38.3;31;37;45.6;-0.9;24;26;48.0;1.8;0;0;0
9556;356;356;2;0;1;-1;0;0;0;0;0;0;0;2;1;0;0;57;63;45;5;2043;0;119;90.7;1.8;3.5;35.2;24.7;33;19;63.5;11.0;25;16;61.0;11.5;0;2;2
9558;364;364;2;0;0;-3;0;0;0;0;0;0;0;5;0;0;3;52;53;50;5;2213;452;74;87.6;1.6;6.5;32.5;37.4;32;38;45.7;-17.0;28;31;47.5;-15.0;0;0;0
9559;359;359;4;0;3;-1;2;0;0;0;0;0;0;4;0;2;4;58;58;57;6;3815;453;342;91.4;3.8;4.7;33.0;23.6;68;48;58.6;4.1;46;35;56.8;1.4;0;0;0
9560;359;359;3;1;0;1;4;0;0;0;0;0;0;3;1;0;5;63;59;69;8;3120;420;237;106.1;3.5;2.3;28.8;39.2;45;56;44.6;-12.8;32;44;42.1;-14.8;0;0;0
9561;378;378;3;0;1;1;0;0;0;0;0;0;0;0;0;1;2;57;58;56;2;1200;148;15;114.5;6.0;3.0;27.0;39.0;24;24;50.0;10.0;18;17;51.4;13.4;0;18;10
9562;366;366;3;0;1;0;0;0;0;0;0;0;0;0;0;2;0;58;57;56;9;2365;0;237;94.9;1.5;1.5;47.2;18.3;47;17;73.4;13.8;37;15;71.2;12.0;0;3;0
9564;379;379;3;0;1;0;2;0;0;0;0;0;0;3;3;0;6;67;65;64;6;2989;14;606;102.6;2.4;2.4;25.3;34.9;40;47;46.0;13.6;26;35;42.6;11.4;0;12;6
9565;385;385;1;0;1;-1;0;0;1;0;0;0;0;1;1;0;0;51;56;45;2;794;124;0;80.0;0.0;4.5;22.7;22.7;10;11;47.6;-4.5;7;6;53.8;3.8;0;1;1
9566;374;374;1;0;0;0;0;0;0;0;0;0;0;0;0;0;0;54;48;69;0;720;212;79;100.0;0.0;0.0;10.0;60.0;4;21;16.0;-3.3;2;16;11.1;-13.9;0;15;6
9567;373;373;3;0;0;-4;0;0;0;0;0;0;0;12;1;0;2;59;48;58;4;3265;0;250;86.7;0.0;4.4;23.2;33.1;43;44;49.4;1.8;32;37;46.4;-0.6;0;0;0
9568;358;358;1;0;0;-1;0;0;0;0;0;0;0;1;1;0;2;69;55;73;3;893;322;9;100.0;0.0;0.0;16.1;28.2;5;14;26.3;0.2;4;9;30.8;0.5;0;19;10
9569;355;355;2;0;1;1;0;0;0;0;0;0;0;2;0;0;8;64;55;70;4;1828;0;450;102.5;5.9;3.9;41.4;33.5;33;34;49.3;0.0;28;24;53.8;6.2;0;0;0
9570;380;380;1;0;0;0;0;0;0;0;0;0;0;0;1;0;0;50;48;52;2;492;0;0;100.0;0.0;0.0;22.0;14.6;5;4;55.6;-4.7;3;3;50.0;-10.0;0;0;0
9571;371;371;1;0;0;-1;0;0;0;0;0;0;0;1;0;0;2;54;54;54;0;678;0;0;90.0;0.0;5.3;5.3;53.1;2;17;10.5;-26.8;1;12;7.7;-31.9;0;0;0
9572;358;358;3;0;1;0;0;0;0;0;0;0;0;2;0;2;2;72;70;69;14;2967;873;253;93.5;3.6;3.6;51.0;26.7;75;32;70.1;17.6;51;27;65.4;10.0;0;0;0
9573;373;373;3;0;1;0;0;0;0;0;0;0;0;3;0;3;3;74;52;76;3;2928;0;73;100.9;1.2;1.2;23.4;28.3;44;40;52.4;5.8;29;32;47.5;1.0;0;0;0
9575;373;373;1;0;0;-1;0;0;0;0;0;0;0;1;0;0;0;40;50;38;0;845;0;111;91.7;0.0;4.3;12.8;51.1;8;18;30.8;-1.0;4;14;22.2;-9.5;0;0;0
9576;353;353;4;1;1;3;4;0;0;0;0;0;0;3;3;6;3;67;61;79;16;4395;985;105;105.5;3.3;0.8;36.0;22.9;75;64;54.0;-6.7;57;44;56.4;-0.7;1;0;0
9577;382;382;1;0;0;0;5;0;0;0;0;0;0;0;0;0;2;61;66;58;0;704;0;107;104.2;5.1;5.1;30.7;40.9;14;13;51.9;6.1;9;10;47.4;-0.5;0;1;1
9578;371;371;3;0;2;0;0;0;1;0;0;0;0;9;0;2;5;75;59;83;9;3287;197;200;99.9;1.1;1.1;34.0;32.9;41;53;43.6;3.1;34;39;46.6;7.2;0;0;0
9579;373;373;3;1;0;-1;0;0;0;0;0;0;0;4;0;2;0;62;60;62;3;1763;295;0;94.5;4.1;6.1;42.9;40.8;31;30;50.8;3.4;25;25;50.0;4.1;0;14;8
9580;358;358;3;0;2;-2;2;0;0;0;0;0;0;1;0;0;2;64;66;53;17;3398;492;263;91.2;2.1;4.2;46.6;31.8;79;52;60.3;2.3;54;42;56.3;-4.9;0;0;0
9581;373;373;4;1;0;-1;0;0;0;0;0;0;0;4;4;1;6;61;59;63;15;4605;540;266;102.9;2.3;3.1;21.9;39.9;57;86;39.9;-7.1;40;65;38.1;-7.9;0;0;0
9582;382;382;3;1;2;0;0;0;1;0;0;0;0;2;0;0;0;61;69;52;6;3130;162;276;97.9;2.3;2.3;31.1;24.2;48;44;52.2;6.1;38;29;56.7;10.9;1;9;3
9583;357;357;3;0;0;3;0;0;0;0;0;0;0;3;0;0;4;71;68;78;9;3146;781;162;115.0;3.4;0.0;22.9;19.5;38;29;56.7;3.1;31;25;55.4;-3.3;0;0;0
9584;382;382;1;0;0;-1;0;0;0;0;0;0;0;0;1;0;0;51;48;57;1;930;67;48;85.7;0.0;3.9;19.4;27.1;10;17;37.0;-15.5;5;12;29.4;-24.8;0;1;0
9585;353;353;3;0;0;2;0;0;0;0;0;0;0;5;2;2;6;60;48;61;5;3133;0;543;106.9;2.3;0.0;33.3;17.2;61;35;63.5;7.3;42;21;66.7;13.0;0;0;0
9586;377;377;1;0;0;1;0;0;0;0;0;0;0;0;1;1;0;62;61;62;0;836;0;218;112.5;4.3;0.0;34.4;21.5;12;9;57.1;20.3;11;7;61.1;18.0;0;4;2
9587;382;382;3;0;0;-2;12;0;0;0;0;0;0;2;1;1;0;51;55;48;4;2504;147;190;94.6;1.4;4.3;20.1;34.5;35;45;43.8;-6.5;24;36;40.0;-13.6;0;2;0
9588;382;382;2;0;0;-2;0;0;0;0;0;0;0;1;0;0;0;50;53;45;1;1642;0;222;87.5;0.0;4.4;28.5;35.1;24;30;44.4;-2.3;18;24;42.9;-5.6;0;0;0
9589;371;371;3;1;2;2;2;0;0;0;0;0;0;4;0;1;1;62;62;57;3;2113;159;0;116.7;3.4;0.0;20.4;40.9;19;39;32.8;-11.1;16;32;33.3;-10.7;0;30;16
9590;371;371;1;0;0;1;0;0;0;0;0;0;0;0;1;0;2;48;48;48;0;862;0;161;133.3;4.2;0.0;12.5;75.2;6;32;15.8;-28.0;3;23;11.5;-36.0;0;0;0
9591;379;379;1;0;0;0;0;0;0;0;0;0;0;0;1;0;0;55;45;57;0;1000;0;242;100.0;0.0;0.0;14.4;18.0;6;18;25.0;-8.9;4;15;21.1;-13.8;0;0;0
9593;379;379;1;1;0;0;0;1;0;0;0;0;0;1;0;0;0;64;61;57;1;884;132;55;100.0;0.0;0.0;12.2;16.3;10;10;50.0;0.6;4;7;36.4;-14.6;0;1;0
9594;378;378;1;0;1;1;0;0;0;0;0;0;0;0;0;0;0;61;68;53;0;485;0;0;150.0;7.4;0.0;14.8;44.5;3;9;25.0;-11.7;3;8;27.3;-6.8;0;2;1
9595;372;372;1;0;0;0;0;0;0;0;0;0;0;1;0;0;2;58;52;64;1;1087;0;0;100.0;0.0;0.0;19.9;3.3;14;9;60.9;-10.1;10;4;71.4;7.0;0;0;0
9597;384;384;3;1;4;5;0;0;0;0;0;0;0;4;0;0;0;58;69;51;7;1691;18;70;119.2;10.6;0.0;55.4;23.4;43;16;72.9;16.3;35;13;72.9;19.6;0;0;0
9598;383;383;2;1;0;-2;0;0;0;0;0;0;0;1;1;0;0;56;58;47;5;1357;228;0;96.6;2.7;8.0;18.6;45.1;14;26;35.0;-19.7;9;21;30.0;-23.9;0;0;0
9599;356;356;3;1;3;1;2;1;1;0;0;0;0;4;0;0;0;72;71;70;4;2740;356;0;102.9;2.6;1.3;34.2;27.6;52;31;62.7;-2.5;33;23;58.9;-4.8;0;43;22
9600;374;374;2;0;0;-1;0;0;0;0;0;0;0;2;1;0;3;60;51;68;2;1469;105;537;95.7;0.0;2.5;12.3;56.4;11;41;21.2;-7.4;7;28;20.0;-10.1;0;8;0
9601;353;353;3;1;0;1;0;0;0;0;0;0;0;3;3;0;3;67;65;64;5;2764;747;238;99.4;2.6;1.3;24.7;11.7;40;25;61.5;1.4;27;18;60.0;2.0;0;1;1
9602;372;372;3;0;3;2;0;0;1;0;0;0;0;3;0;0;2;66;62;70;4;2311;694;0;113.8;4.7;1.6;26.5;40.5;31;43;41.9;-9.3;23;28;45.1;-7.1;0;39;25
9603;382;382;2;0;0;0;2;0;0;0;0;0;0;2;1;1;0;57;56;56;5;1520;721;0;94.2;2.4;2.4;35.5;18.9;22;20;52.4;7.8;19;16;54.3;10.0;0;3;1
9604;384;384;3;0;0;6;0;0;0;0;0;0;0;3;1;2;2;63;58;71;5;3372;556;361;116.2;6.4;0.0;39.5;23.5;61;38;61.6;2.4;48;31;60.8;4.8;0;0;0
9605;363;363;1;1;0;1;2;0;0;0;0;0;0;2;0;0;0;72;56;75;4;1055;0;15;105.9;3.4;0.0;58.0;3.4;26;4;86.7;18.2;22;2;91.7;21.9;1;0;0
9606;356;356;2;0;0;1;0;0;0;0;0;0;0;0;0;0;0;58;58;54;3;1096;80;0;114.3;3.3;0.0;23.0;52.6;12;21;36.4;-29.4;11;19;36.7;-27.8;0;9;3
9607;368;368;2;1;1;1;0;0;0;0;0;0;0;1;0;0;4;64;65;58;4;1026;0;190;100.0;7.0;3.5;42.1;21.1;19;12;61.3;11.6;17;8;68.0;17.6;0;0;0
9608;379;379;2;0;0;0;0;0;0;0;0;0;0;0;1;1;0;50;49;53;1;909;0;0;100.0;0.0;0.0;7.9;31.7;9;13;40.9;1.6;6;9;40.0;3.3;0;1;1
9609;375;375;1;0;0;-1;0;0;0;0;0;0;0;2;0;0;0;58;53;58;0;510;0;0;83.3;0.0;7.1;14.1;42.4;6;10;37.5;7.1;4;9;30.8;-4.0;0;0;0
9610;356;356;1;0;0;-2;0;0;0;0;0;0;0;1;0;0;0;42;56;39;0;733;0;155;50.0;0.0;9.8;29.5;19.6;13;5;72.2;-2.2;8;5;61.5;-11.2;0;0;0
9612;366;366;4;0;0;0;4;0;0;0;0;0;0;3;1;1;9;67;51;70;2;4500;65;281;99.6;0.8;0.8;26.4;23.2;70;61;53.4;-14.1;47;43;52.2;-15.3;0;0;0
9613;366;366;3;1;1;4;0;0;0;0;0;0;0;4;2;3;4;65;58;72;8;3064;406;286;107.7;5.9;1.2;47.0;24.7;74;37;66.7;-1.7;54;27;66.7;-2.2;0;0;0
9614;370;370;2;0;1;0;0;0;0;0;0;0;0;4;0;1;1;67;63;73;6;1711;548;47;102.4;4.2;4.2;25.2;29.5;20;27;42.6;0.6;15;22;40.5;-3.6;0;0;0
9615;366;366;4;1;2;2;2;0;0;0;0;0;0;4;0;0;3;57;64;51;9;2434;86;0;102.1;4.4;1.5;57.7;26.6;66;32;67.3;6.0;48;23;67.6;6.7;0;19;10
9616;382;382;2;0;0;0;0;0;0;0;0;0;0;1;0;0;1;58;61;49;3;999;155;0;100.6;3.6;3.6;43.2;46.8;17;18;48.6;2.5;13;16;44.8;-3.0;0;0;0
9620;370;370;3;0;1;0;0;0;0;0;0;0;0;3;1;2;4;64;59;69;7;2851;986;0;99.1;1.3;1.3;29.0;24.0;46;41;52.9;6.5;31;32;49.2;0.1;0;10;6
9621;354;354;3;0;1;3;4;0;0;0;0;0;0;3;0;2;1;59;60;55;2;1348;0;363;118.8;8.0;0.0;42.7;32.0;28;19;59.6;5.4;24;18;57.1;-1.5;0;15;9
9622;357;357;1;0;0;0;0;0;0;0;0;0;0;0;1;0;1;55;51;58;1;859;64;56;100.0;0.0;0.0;8.4;46.1;5;19;20.8;-21.3;3;15;16.7;-21.7;0;7;2
9623;357;357;3;1;0;3;0;0;0;0;0;0;0;5;3;0;0;59;56;56;4;2133;0;247;113.6;5.1;0.0;37.1;18.6;40;21;65.6;15.0;33;19;63.5;8.5;0;21;15
9624;368;368;2;0;1;1;2;0;0;0;0;0;0;3;0;0;3;61;64;57;4;1663;0;408;109.1;2.2;0.0;23.8;21.6;26;23;53.1;1.9;18;16;52.9;-0.8;0;11;6
9625;379;379;2;0;0;0;2;0;0;0;0;0;0;4;0;1;3;61;54;65;4;2246;0;150;99.4;3.2;3.2;30.5;28.9;29;36;44.6;8.0;23;29;44.2;12.3;0;0;0
9626;365;365;4;2;2;4;0;0;0;0;0;0;0;2;2;0;3;60;60;56;9;3196;441;211;112.0;5.6;1.1;32.7;21.4;46;36;56.1;18.7;39;22;63.9;32.9;0;46;19
9627;365;365;4;0;4;1;2;0;1;0;0;0;0;3;1;3;1;65;67;57;4;3880;488;81;112.1;4.6;2.8;24.1;39.0;44;65;40.4;-2.4;33;53;38.4;-1.8;0;3;0
9629;376;376;1;0;0;-2;5;0;0;0;0;1;0;2;0;0;1;52;46;60;0;1166;0;132;83.3;0.0;6.2;15.4;37.0;9;15;37.5;-4.0;7;13;35.0;-8.9;0;0;0
9630;354;354;1;0;0;0;0;0;0;0;0;0;0;0;0;1;2;62;58;58;0;685;17;0;100.0;0.0;0.0;10.5;42.0;5;11;31.3;-7.4;3;8;27.3;-11.4;0;5;2
9631;356;356;2;0;2;-2;0;0;2;0;0;0;0;1;0;0;0;62;66;48;3;1001;182;123;50.0;0.0;7.2;28.8;14.4;19;7;73.1;0.2;13;7;65.0;-5.8;0;17;8
9632;358;358;2;0;0;-1;14;0;0;0;0;0;0;5;1;1;1;62;63;57;3;1112;131;112;92.9;3.2;6.5;45.3;45.3;19;17;52.8;0.1;17;16;51.5;-1.8;0;2;1
9633;367;367;3;0;0;-2;0;0;0;0;0;0;0;7;0;0;2;52;61;49;5;2397;44;245;84.6;0.0;3.0;39.0;19.5;40;30;57.1;1.9;30;18;62.5;7.1;0;1;0
9634;377;377;3;0;1;1;2;0;0;0;0;0;0;4;0;0;2;64;63;58;3;3168;0;174;108.3;2.3;1.1;19.3;33.0;36;49;42.4;1.6;24;41;36.9;-3.5;0;4;3
9635;386;386;3;0;0;-1;0;0;0;0;0;0;0;1;2;0;0;48;48;46;2;1645;0;0;96.0;0.0;2.2;15.3;54.7;10;44;18.5;-15.0;7;31;18.4;-15.3;0;3;2
9637;373;373;1;0;0;-1;2;0;0;0;0;0;0;0;0;1;0;51;52;51;0;312;0;18;50.0;0.0;11.5;23.1;23.1;4;4;50.0;20.4;3;2;60.0;34.1;0;1;1
9638;371;371;3;2;1;3;0;0;0;0;0;0;0;4;0;2;1;65;68;56;4;2639;0;305;113.4;5.5;1.4;25.9;17.7;33;26;55.9;18.2;26;19;57.8;20.1;1;4;1
9639;371;371;2;0;0;-1;0;0;0;0;0;0;0;1;0;0;0;53;53;48;0;963;38;0;87.5;0.0;3.7;15.0;29.9;6;22;21.4;-19.9;5;15;25.0;-16.7;0;0;0
9640;370;370;1;0;0;-1;0;0;0;0;0;0;0;1;0;0;2;49;51;47;0;434;29;0;0.0;0.0;8.3;0.0;74.7;1;14;6.7;-26.3;0;12;0.0;-33.8;0;4;1
9641;359;359;2;1;0;-1;4;0;0;0;0;0;0;3;0;0;0;46;55;43;2;1370;0;188;95.2;5.3;7.9;31.5;36.8;20;26;43.5;-13.4;16;20;44.4;-10.6;0;14;11
9642;364;364;3;0;1;1;0;0;0;0;0;0;0;2;2;3;3;88;58;88;10;3066;101;328;101.5;2.3;1.2;39.9;27.0;55;38;59.1;11.4;44;33;57.1;7.8;0;42;26
9643;359;359;2;0;1;0;0;0;0;0;0;0;0;0;1;0;0;55;56;51;3;996;63;49;111.7;3.6;3.6;18.1;43.4;10;22;31.3;-39.9;6;16;27.3;-45.7;0;17;11
9644;363;363;1;0;0;0;0;0;0;0;0;0;0;0;0;1;0;69;51;69;2;947;0;0;100.0;0.0;0.0;22.8;15.2;14;7;66.7;-10.6;12;4;75.0;-3.4;0;0;0
9645;386;386;3;0;0;1;0;0;0;0;0;0;0;3;2;1;1;66;50;76;4;2912;237;392;106.3;1.2;0.0;19.8;38.3;23;58;28.4;-6.2;20;44;31.3;-2.6;0;0;0
9646;385;385;1;0;0;0;0;0;0;0;0;0;0;0;0;0;0;49;49;50;0;409;0;0;0.0;0.0;0.0;26.4;0.0;3;0;100.0;72.1;3;0;100.0;72.5;0;0;0
9647;374;374;1;0;0;-1;2;0;0;0;0;0;0;0;0;1;2;76;51;81;0;1056;0;152;93.3;0.0;3.4;13.6;51.1;7;25;21.9;5.9;6;20;23.1;3.6;0;0;0
9648;360;360;4;1;0;-2;0;0;0;0;0;0;0;1;2;5;11;77;57;87;9;4651;705;213;96.6;1.5;3.1;20.9;28.6;47;66;41.6;-12.8;38;50;43.2;-9.8;0;0;0
9649;385;385;2;0;1;0;0;0;0;0;0;0;0;2;2;1;2;67;63;80;3;2148;557;433;105.4;1.7;1.7;18.4;45.3;19;42;31.1;-10.7;15;36;29.4;-16.2;0;0;0
9650;369;369;2;1;0;0;0;0;0;0;0;0;0;3;0;0;3;53;55;51;2;1854;29;307;92.0;3.9;3.9;52.4;25.2;43;24;64.2;7.5;34;16;68.0;15.8;0;0;0
9651;359;359;3;0;0;0;2;0;0;0;0;0;0;4;0;0;7;62;53;63;4;3196;3;420;97.1;4.5;4.5;32.7;27.0;51;34;60.0;9.0;35;27;56.5;5.9;0;0;0
9652;377;377;1;0;0;1;2;0;0;0;0;0;0;2;0;0;1;97;51;100;0;1119;19;195;133.3;3.2;0.0;9.7;45.0;4;19;17.4;-11.2;3;18;14.3;-9.1;0;0;0
9653;386;386;3;0;1;-2;0;0;0;0;0;0;0;4;2;1;2;58;59;55;12;2882;260;168;95.8;2.5;5.0;27.5;37.5;30;47;39.0;12.1;25;40;38.5;11.0;0;5;2
9654;369;369;2;0;1;0;0;0;1;0;0;0;0;2;0;2;0;69;69;65;4;1885;509;0;98.1;1.9;1.9;40.1;28.6;36;27;57.1;-3.3;24;20;54.5;-4.8;0;0;0
9655;377;377;2;0;1;2;4;0;0;0;0;0;0;3;0;0;0;65;61;70;1;1430;347;109;128.6;5.0;0.0;17.6;45.3;13;32;28.9;-11.6;9;26;25.7;-11.9;0;4;3
9657;384;384;1;1;0;0;0;1;0;0;0;0;0;2;0;0;0;57;61;50;1;1024;63;0;100.0;0.0;0.0;7.0;49.2;6;20;23.1;-3.2;4;19;17.4;-7.6;0;0;0
9659;381;381;1;0;0;-1;0;0;0;0;0;0;0;1;0;0;0;54;49;52;2;1053;0;182;83.3;0.0;3.4;27.4;20.5;12;12;50.0;7.7;9;8;52.9;7.5;0;0;0
9660;361;361;1;0;0;-1;0;0;0;0;0;0;0;1;0;0;0;49;50;48;0;904;129;0;88.9;0.0;4.0;8.0;35.8;3;13;18.8;-22.6;3;11;21.4;-14.0;0;0;0
9661;361;361;3;0;0;-1;0;0;0;0;0;0;0;6;0;4;1;54;53;54;3;2411;0;56;95.8;1.5;3.0;32.8;34.3;33;38;46.5;4.9;25;29;46.3;3.5;0;0;0
9662;361;361;2;0;0;-2;0;0;0;0;0;0;0;2;0;0;4;60;52;61;7;2176;176;336;86.5;1.7;5.0;31.4;26.5;29;26;52.7;8.8;23;19;54.8;15.1;0;0;0
9663;386;386;1;0;0;0;0;0;0;0;0;0;0;2;0;0;1;59;56;60;0;800;10;0;100.0;0.0;0.0;18.0;31.5;8;15;34.8;-7.9;6;9;40.0;-2.6;0;0;0
9666;378;378;3;0;1;1;0;0;0;0;0;0;0;6;1;2;5;71;62;67;3;2499;0;495;110.8;2.9;1.4;17.3;24.5;26;37;41.3;-0.7;19;27;41.3;1.0;0;38;18
9668;381;381;1;0;1;-3;0;0;1;0;0;0;0;0;0;0;0;59;67;42;0;579;232;0;62.5;0.0;18.7;37.3;49.7;8;12;40.0;-35.0;6;10;37.5;-42.0;0;9;3
9669;383;383;1;0;0;1;0;0;0;0;0;0;0;1;0;0;0;49;51;49;0;411;0;156;200.0;8.8;0.0;8.8;26.3;1;7;12.5;-34.2;1;3;25.0;-21.4;0;1;1
9670;368;368;1;0;1;-1;0;0;1;0;0;0;0;2;0;0;1;61;58;59;0;1164;64;53;90.9;0.0;3.1;18.6;34.0;10;19;34.5;11.8;7;16;30.4;0.2;0;0;0
9671;374;374;3;0;0;-3;2;0;0;0;0;0;0;0;1;0;4;47;49;45;3;3124;0;217;94.0;1.2;4.6;25.4;43.8;39;60;39.4;0.2;29;50;36.7;0.5;0;0;0
9673;381;381;1;0;0;-3;0;0;0;0;0;0;0;0;1;1;0;54;54;53;3;1053;239;71;75.0;0.0;10.3;27.4;41.0;12;16;42.9;-3.0;10;14;41.7;-9.7;0;0;0
9674;381;381;2;1;1;1;0;0;0;0;0;0;0;3;1;0;4;64;62;63;4;1385;0;343;81.4;7.8;5.2;36.4;13.0;22;9;71.0;20.5;18;5;78.3;26.6;0;10;3
9675;377;377;1;0;0;1;0;0;0;0;0;0;0;0;0;0;0;51;52;47;0;914;113;0;111.1;3.9;0.0;35.4;55.1;12;31;27.9;-23.9;11;24;31.4;-29.5;0;0;0
9676;371;371;2;0;0;-2;0;0;0;0;0;0;0;0;0;1;0;52;54;49;0;944;105;0;83.3;0.0;7.6;19.1;45.8;7;22;24.1;-10.1;6;14;30.0;-6.2;0;1;0
9677;382;382;1;0;0;0;0;0;0;0;0;0;0;0;2;0;0;47;44;52;1;815;63;19;102.8;4.4;4.4;39.8;53.0;12;17;41.4;-13.7;11;14;44.0;-13.7;0;0;0
9678;380;380;1;0;0;0;0;0;0;0;0;0;0;0;0;0;2;58;52;59;1;815;0;89;100.0;0.0;0.0;22.1;35.3;14;12;53.8;-21.6;10;8;55.6;-19.4;0;0;0
9679;381;381;3;0;1;-3;2;0;1;0;0;0;0;4;1;1;4;68;70;63;7;2388;898;110;83.7;3.0;7.5;34.7;30.2;39;36;52.0;3.3;34;28;54.8;7.3;0;4;2
9680;372;372;1;0;0;0;0;0;0;0;0;0;0;2;0;1;1;79;52;84;0;1114;0;78;100.0;0.0;0.0;19.4;6.5;14;11;56.0;-17.3;10;5;66.7;0.8;0;0;0
9681;374;374;3;0;0;-1;0;0;0;0;0;0;0;4;1;4;7;62;49;64;5;3263;27;291;105.5;2.2;3.3;15.4;37.5;32;71;31.1;-12.3;20;53;27.4;-13.1;0;0;0
9682;376;376;2;0;0;-4;0;0;0;0;0;0;0;2;2;0;1;43;47;40;3;2092;37;55;80.6;1.7;10.3;31.0;41.3;24;35;40.7;0.1;20;31;39.2;-8.1;0;0;0
9683;373;373;1;0;0;-2;0;0;0;0;0;0;0;1;0;0;0;53;59;43;1;968;324;90;108.3;3.7;11.2;14.9;66.9;9;27;25.0;-10.8;5;22;18.5;-19.0;0;1;1
9684;372;372;2;0;0;0;0;0;0;0;0;0;0;3;4;4;0;56;49;68;3;1219;472;0;100.0;0.0;0.0;32.5;5.9;21;3;87.5;32.3;13;3;81.3;25.6;0;29;16
9685;366;366;3;0;0;0;0;0;0;0;0;0;0;6;0;1;0;63;64;59;8;2672;59;466;94.6;1.3;1.3;36.4;14.8;60;23;72.3;17.4;42;15;73.7;20.2;0;3;2
9686;354;354;2;1;1;2;0;0;1;0;0;0;0;2;0;1;1;67;69;62;5;1862;229;0;105.6;5.8;1.9;34.8;17.4;31;24;56.4;9.0;24;13;64.9;15.4;1;5;3
9687;374;374;1;0;0;0;2;0;0;0;0;0;0;0;0;0;1;57;57;57;1;714;252;35;100.0;0.0;0.0;15.1;65.5;6;19;24.0;8.2;6;16;27.3;9.8;0;0;0
9689;383;383;1;0;1;1;0;0;0;0;0;0;0;0;0;1;0;55;56;55;0;411;0;156;200.0;8.8;0.0;8.8;26.3;1;7;12.5;-34.2;1;3;25.0;-21.4;0;1;0
9690;376;376;1;1;0;1;0;0;0;0;0;0;0;0;0;0;0;57;59;45;2;517;43;0;108.6;13.9;7.0;48.7;34.8;9;7;56.3;20.2;9;6;60.0;25.2;0;0;0
9691;356;356;3;1;2;2;0;0;0;0;0;0;0;2;0;3;3;75;56;78;4;3430;0;282;103.8;4.2;2.1;34.6;25.2;65;37;63.7;-1.2;51;31;62.2;-0.6;1;0;0
9692;354;354;1;0;0;-1;2;0;0;0;0;0;0;0;0;0;1;51;54;49;1;416;0;43;87.5;0.0;8.7;43.3;69.2;10;11;47.6;12.7;8;8;50.0;16.7;0;0;0
9693;383;383;1;0;0;-2;0;0;0;0;0;0;0;1;1;0;0;46;46;39;0;735;0;0;77.8;0.0;9.8;24.5;44.1;7;15;31.8;-15.6;6;11;35.3;-12.9;0;0;0
9695;365;365;2;0;1;0;0;0;0;0;0;0;0;0;0;0;0;54;62;45;1;780;0;233;101.8;4.6;4.6;32.3;36.9;13;12;52.0;5.6;7;9;43.8;-2.2;0;1;1
9696;355;355;1;0;0;0;2;0;0;0;0;0;0;1;0;0;0;54;54;51;1;448;0;156;100.0;0.0;0.0;40.2;8.0;9;7;56.3;-31.6;5;6;45.5;-40.8;0;1;0
9697;374;374;3;1;1;-1;2;0;0;0;0;0;0;3;0;2;3;62;65;51;4;3215;506;0;104.8;2.2;3.4;17.9;43.7;32;69;31.7;-11.3;24;55;30.4;-9.1;0;0;0
9698;369;369;1;0;0;-1;0;0;0;0;0;0;0;0;0;0;0;51;53;43;0;179;0;0;0.0;0.0;20.1;20.1;20.1;3;1;75.0;16.4;2;1;66.7;9.0;0;4;2
9699;370;370;1;0;0;-1;0;0;0;0;0;0;0;0;0;0;0;47;50;41;0;398;0;0;0.0;0.0;9.0;0.0;72.4;1;13;7.1;-25.4;0;11;0.0;-33.3;0;0;0
9700;367;367;3;0;1;1;0;0;0;0;0;0;0;2;0;1;1;60;54;61;3;1133;74;366;112.5;3.2;0.0;25.4;28.6;17;17;50.0;-9.2;9;14;39.1;-21.8;0;27;10
9701;374;374;1;0;0;0;0;0;0;0;0;0;0;1;0;0;1;52;54;47;0;662;0;83;100.0;0.0;0.0;16.3;65.3;6;18;25.0;9.5;6;15;28.6;11.5;0;4;1
9702;376;376;3;1;0;3;0;0;0;0;0;0;0;0;1;0;0;52;53;48;3;1383;0;0;114.2;10.4;2.6;39.0;20.8;22;16;57.9;13.6;19;11;63.3;18.2;0;1;1
9703;380;380;2;0;0;-3;0;0;0;0;0;0;0;1;0;4;4;60;53;60;4;2204;70;238;88.0;0.0;4.9;31.0;40.8;38;43;46.9;-2.2;29;35;45.3;-8.6;0;0;0
9705;363;363;2;0;0;0;0;0;0;0;0;0;0;0;0;0;1;54;54;53;0;619;0;0;100.0;0.0;0.0;34.9;23.3;12;8;60.0;-12.9;10;5;66.7;-8.6;0;0;0
9706;353;353;4;0;2;0;2;0;0;0;0;0;0;5;0;1;4;62;60;64;5;3508;716;86;97.5;2.1;2.1;49.3;30.8;81;45;64.3;9.0;59;36;62.1;7.7;0;32;21
9707;353;353;4;1;0;1;0;0;0;0;0;0;0;3;0;1;0;69;59;73;10;4006;0;569;95.4;2.7;1.8;37.7;15.3;73;31;70.2;16.4;59;24;71.1;19.9;0;0;0
9708;352;352;3;1;6;5;0;0;0;0;0;0;0;3;0;1;0;65;76;52;7;2648;54;220;108.2;8.2;1.4;44.9;13.6;54;29;65.1;7.1;38;19;66.7;6.8;0;4;1
9709;373;373;3;1;1;-3;0;0;0;0;0;0;0;7;1;2;4;60;62;52;4;2338;109;182;98.1;3.1;7.7;18.5;41.6;35;45;43.8;-0.4;21;34;38.2;-6.8;0;26;14
9710;358;358;1;0;0;1;0;0;0;0;0;0;0;0;0;0;1;52;51;53;0;429;63;0;133.3;8.4;0.0;25.2;8.4;3;7;30.0;4.5;3;3;50.0;22.5;0;0;0
9711;373;373;3;0;1;-2;0;0;0;0;0;0;0;2;0;0;4;54;61;46;7;2720;0;216;92.5;1.3;4.0;37.1;35.7;44;45;49.4;1.9;34;35;49.3;3.5;0;14;7
9712;382;382;3;0;1;1;0;0;0;0;0;0;0;2;2;2;6;70;60;76;2;2746;158;467;104.3;2.6;1.3;24.9;21.0;35;34;50.7;3.4;28;20;58.3;11.6;0;43;16
9713;380;380;3;1;1;1;2;0;0;0;0;0;0;3;0;0;1;63;61;65;4;2101;478;0;104.6;3.4;1.7;29.1;24.0;33;29;53.2;13.2;20;19;51.3;9.0;0;27;14
9714;375;375;3;0;0;-2;2;0;0;0;0;0;0;14;0;1;2;73;66;73;11;3164;290;272;91.7;0.0;2.3;36.4;27.3;50;45;52.6;-3.0;42;29;59.2;1.0;0;51;26
9715;353;353;3;1;0;0;0;0;0;0;0;0;0;4;0;1;3;61;52;61;3;2734;0;220;98.4;1.3;1.3;38.2;26.3;50;36;58.1;-0.8;38;30;55.9;-2.3;0;0;0
9716;378;378;3;0;1;0;2;0;0;0;0;0;0;5;1;2;0;65;64;63;3;3026;413;40;111.1;1.2;0.0;10.7;34.5;30;50;37.5;-6.2;16;41;28.1;-17.8;0;4;4
9717;355;355;3;2;0;3;7;0;0;0;0;1;1;8;0;0;0;60;63;55;7;2085;0;388;121.4;5.2;0.0;24.2;31.1;33;27;55.0;0.8;24;24;50.0;-2.5;0;2;2
9718;356;356;3;0;1;-1;2;0;0;0;1;0;0;2;1;0;1;59;58;52;6;2153;0;159;86.9;1.7;5.0;36.8;28.4;38;20;65.5;-11.8;31;19;62.0;-13.3;0;34;20
9719;372;372;2;0;1;0;0;0;0;0;0;0;0;3;1;0;1;53;52;52;3;2158;0;239;99.8;1.7;1.7;41.7;40.0;44;37;54.3;-0.4;32;27;54.2;-3.5;0;0;0
9720;371;371;3;2;3;2;2;1;1;0;0;0;0;6;0;1;3;75;74;69;6;2924;385;305;111.9;3.7;1.2;23.4;32.0;32;43;42.7;1.5;25;34;42.4;0.9;0;51;30
9721;377;377;4;2;4;1;0;0;2;0;0;0;0;5;2;0;2;73;76;76;8;3862;930;95;103.9;1.9;0.9;27.0;30.8;61;55;52.6;16.3;46;43;51.7;14.8;0;71;36
9722;367;367;3;0;1;0;0;0;1;0;0;0;0;4;1;0;1;54;59;51;5;2413;80;30;97.8;1.5;1.5;37.3;23.9;41;29;58.6;4.0;32;20;61.5;6.0;0;1;0
9723;371;371;3;1;0;2;2;0;0;0;0;0;0;6;1;1;6;65;51;73;4;3386;148;330;108.0;2.1;0.0;26.6;34.0;38;56;40.4;-1.7;29;45;39.2;-3.8;1;0;0
9724;352;352;4;0;0;-3;2;0;0;0;0;0;0;8;2;1;5;64;50;65;6;4200;5;202;90.6;2.6;5.1;42.9;33.4;76;61;55.5;-8.1;58;50;53.7;-11.8;0;0;0
9725;382;382;3;0;1;-2;2;0;1;0;0;0;0;5;1;0;7;76;70;82;16;3220;851;201;91.3;0.0;2.2;26.8;25.7;48;40;54.5;9.5;39;28;58.2;13.1;0;0;0
9726;377;377;3;1;0;1;6;0;0;0;0;0;0;5;0;2;12;79;54;81;8;3419;46;475;107.6;3.2;2.1;24.2;39.0;41;64;39.0;-3.5;31;49;38.8;-0.9;0;0;0
9728;372;372;1;0;0;-1;0;0;0;0;0;0;0;0;1;0;0;43;43;43;0;359;0;0;75.0;0.0;10.0;40.1;40.1;8;8;50.0;16.2;5;6;45.5;10.8;0;0;0
9729;381;381;1;0;0;-2;4;0;0;0;0;0;0;0;0;0;0;32;51;31;0;884;0;62;75.0;0.0;8.1;32.6;32.6;11;12;47.8;4.4;11;9;55.0;11.1;0;0;0
9731;372;372;1;0;0;0;0;0;0;0;0;0;0;0;2;1;1;82;41;89;0;1084;0;78;100.0;0.0;0.0;16.6;16.6;16;8;66.7;-2.2;8;8;50.0;-22.1;0;0;0
9732;371;371;1;0;1;-1;0;0;0;0;0;0;0;0;0;0;1;65;65;65;0;758;393;116;77.8;4.7;9.5;42.7;28.5;11;10;52.4;27.8;9;8;52.9;26.4;0;19;8
9733;381;381;1;0;0;-3;0;0;0;0;0;0;0;0;0;0;0;53;54;47;0;571;0;212;62.5;0.0;18.9;37.8;50.4;9;12;42.9;-31.7;6;10;37.5;-42.0;0;4;2
9735;379;379;2;0;1;-1;2;0;1;0;0;0;0;2;2;0;1;59;53;63;0;2054;151;105;94.7;0.0;1.8;15.8;33.3;19;33;36.5;-4.3;13;27;32.5;-6.8;0;34;14
9737;367;367;3;0;0;0;4;0;0;0;0;0;0;1;0;1;4;63;51;64;4;2682;0;506;100.7;1.3;1.3;25.5;29.5;33;37;47.1;-12.4;23;27;46.0;-16.2;0;0;0
9738;382;382;3;0;1;-1;0;0;0;0;0;0;0;5;4;0;0;53;51;51;3;2257;0;435;98.9;1.6;3.2;16.0;28.7;27;32;45.8;-3.2;18;24;42.9;-8.4;0;12;3
9740;379;379;2;0;0;0;0;0;0;0;0;0;0;3;1;0;1;49;49;50;2;1580;0;0;100.0;0.0;0.0;9.1;29.6;9;24;27.3;-2.1;7;21;25.0;-3.7;0;1;0
9741;382;382;3;1;0;-1;7;0;0;0;0;1;1;13;0;0;0;59;59;48;4;2553;0;0;93.6;4.2;5.6;26.8;25.4;33;34;49.3;1.3;25;28;47.2;-3.2;0;27;11
9742;372;372;3;0;2;1;2;0;0;0;0;0;0;2;1;2;1;68;69;63;4;2925;238;150;100.8;3.7;2.5;35.7;25.8;49;41;54.4;8.2;37;24;60.7;14.3;0;2;0
9743;382;382;2;0;1;0;2;0;0;0;0;0;0;1;0;1;2;73;71;70;3;2036;552;133;97.5;3.5;3.5;30.1;24.8;24;32;42.9;-5.7;19;25;43.2;-6.2;0;0;0
9744;357;357;1;0;0;-1;0;0;0;0;0;0;0;0;0;0;1;51;52;47;0;480;0;0;88.9;0.0;7.5;45.0;67.5;9;17;34.6;-3.2;7;14;33.3;0.0;0;0;0
9745;371;371;1;0;1;0;2;0;0;0;0;0;0;2;2;0;2;50;52;44;2;673;98;9;100.0;5.3;5.3;53.5;53.5;11;18;37.9;9.9;10;13;43.5;15.6;0;0;0
9746;371;371;2;0;0;-1;4;0;0;0;0;0;0;1;1;1;2;50;51;52;3;1308;0;0;95.5;0.0;2.8;24.8;60.6;10;36;21.7;-24.8;9;29;23.7;-22.8;0;14;7
9747;352;352;3;1;1;2;0;0;1;0;0;0;0;3;2;0;2;69;65;70;9;2288;596;44;110.4;4.7;1.6;28.3;25.2;29;36;44.6;-20.2;24;27;47.1;-17.5;0;35;17
9748;375;375;1;0;0;0;0;0;0;0;0;0;0;0;0;0;0;65;53;68;0;944;0;181;100.0;0.0;0.0;7.6;22.9;7;16;30.4;-1.8;4;8;33.3;-0.7;0;11;6
9749;381;381;1;1;0;1;0;0;0;0;0;0;0;0;0;0;0;59;66;39;3;831;0;0;56.4;13.0;8.7;56.3;13.0;19;4;82.6;25.5;15;3;83.3;23.9;0;0;0
9750;374;374;1;0;0;-1;0;0;0;0;0;0;0;0;0;2;4;84;48;90;0;861;97;315;90.0;0.0;4.2;8.4;41.8;7;20;25.9;11.4;6;14;30.0;13.3;0;0;0
9752;353;353;2;0;0;0;0;0;0;0;0;0;0;2;1;1;1;68;50;76;4;1902;0;45;100.0;0.0;0.0;22.7;28.4;31;25;55.4;-4.8;16;20;44.4;-18.1;0;0;0
9755;380;380;2;0;0;-5;0;0;0;0;0;0;0;1;1;3;3;52;48;52;1;2294;40;152;73.7;0.0;7.8;22.0;29.8;30;37;44.8;17.1;24;27;47.1;19.3;0;0;0
9756;376;376;3;0;1;-1;4;0;0;0;0;0;0;6;0;3;2;61;61;57;3;2808;236;242;97.6;1.3;2.6;25.6;34.6;39;55;41.5;4.6;29;42;40.8;0.4;0;37;18
9757;377;377;1;1;0;0;0;0;0;0;0;0;0;1;1;0;2;54;54;53;3;923;35;163;104.3;3.9;3.9;27.3;39.0;11;23;32.4;-13.7;10;17;37.0;-16.0;0;0;0
9758;379;379;2;0;0;0;0;0;0;0;0;0;0;2;0;0;4;63;60;65;1;2111;359;325;111.9;1.7;1.7;10.2;35.8;15;46;24.6;-7.0;9;35;20.5;-11.6;0;0;0
9760;373;373;3;0;0;0;4;0;0;0;0;0;0;6;3;0;2;55;58;51;2;3473;60;100;101.6;1.0;1.0;24.9;40.4;48;58;45.3;-4.2;40;41;49.4;4.0;0;8;3
9763;382;382;1;0;0;0;2;0;0;0;0;0;0;0;0;0;1;64;64;64;0;784;243;0;100.0;0.0;0.0;23.0;18.4;8;12;40.0;-10.0;5;7;41.7;-7.4;0;0;0
9764;383;383;2;0;1;2;0;0;0;0;0;0;0;3;1;2;0;61;64;59;4;1355;0;272;113.3;5.3;0.0;39.9;18.6;27;11;71.1;11.1;20;7;74.1;18.5;0;18;8
9765;366;366;4;0;0;-1;4;0;0;0;0;0;0;0;2;4;4;70;55;81;8;4441;548;214;96.3;0.8;1.6;27.6;24.3;70;57;55.1;-11.4;48;42;53.3;-13.7;0;0;0
9766;352;352;3;1;1;3;0;0;0;0;0;0;0;7;0;0;1;64;63;57;7;2855;0;148;108.1;3.8;0.0;46.7;22.7;58;25;69.9;14.8;51;22;69.9;14.5;0;33;25
9767;366;366;1;0;0;1;0;0;0;0;0;0;0;2;0;0;1;57;58;56;5;732;0;7;105.9;4.9;0.0;83.6;19.7;24;5;82.8;16.5;19;4;82.6;15.9;0;1;1
9768;354;354;3;2;0;2;0;1;0;0;0;0;0;3;3;2;0;60;55;64;6;2013;133;75;112.5;3.6;0.0;28.6;19.7;31;24;56.4;1.6;21;19;52.5;-7.2;0;30;12
9769;356;356;4;0;4;-1;0;0;1;0;0;0;0;5;0;1;1;65;64;64;9;4537;305;162;88.4;4.0;4.8;37.3;21.4;86;43;66.7;0.8;63;35;64.3;0.8;0;0;0
9770;358;358;1;0;0;0;0;0;0;0;0;0;0;0;0;0;2;79;50;84;0;958;0;0;100.0;0.0;0.0;7.5;15.0;3;11;21.4;-6.0;3;5;37.5;8.6;0;0;0
9771;365;365;2;0;0;-1;0;0;0;0;0;0;0;2;0;0;4;58;55;56;1;1190;176;0;91.7;0.0;3.0;18.2;36.3;15;22;40.5;7.5;8;16;33.3;3.1;0;12;8
9772;353;353;3;0;1;1;0;0;0;0;0;0;0;3;0;0;0;63;63;55;6;2274;249;198;101.7;3.2;1.6;38.0;23.7;39;38;50.6;-9.2;33;27;55.0;-1.6;0;5;1
9773;353;353;3;0;0;1;0;0;0;0;0;0;0;1;0;0;0;58;57;57;1;2382;191;0;106.5;3.0;1.5;25.7;28.7;36;31;53.7;-3.3;26;26;50.0;-7.4;0;20;12
9774;353;353;1;0;1;0;0;0;0;0;0;0;0;2;0;0;0;53;63;44;4;1108;0;0;83.3;3.2;3.2;39.0;13.0;23;7;76.7;28.1;18;4;81.8;37.4;0;0;0
9775;370;370;2;0;0;-1;0;0;0;0;0;0;0;1;0;0;1;61;58;63;6;1321;674;0;85.7;0.0;2.7;32.7;19.1;20;17;54.1;-4.3;17;12;58.6;0.5;0;34;17
9776;377;377;2;0;1;1;2;0;0;0;0;0;0;5;0;3;2;76;57;86;2;2146;250;189;107.1;1.7;0.0;23.5;28.5;30;41;42.3;-4.3;24;26;48.0;-0.8;0;0;0
9777;366;366;2;0;0;-1;0;0;0;0;0;0;0;0;1;1;2;61;54;58;4;1613;0;226;85.7;0.0;2.2;40.2;15.6;36;14;72.0;7.8;24;10;70.6;5.8;0;20;12
9778;366;366;2;0;1;1;0;0;0;0;0;0;0;1;0;0;0;52;56;50;0;1040;0;155;114.3;3.5;0.0;24.2;17.3;11;9;55.0;-4.8;9;8;52.9;-6.7;0;11;7
9779;365;365;2;0;0;-3;2;0;0;0;0;0;0;5;0;1;5;67;56;74;5;1812;0;407;85.7;0.0;6.0;23.8;41.7;29;31;48.3;1.8;22;25;46.8;1.8;0;0;0
9780;367;367;4;2;4;5;2;2;1;0;0;0;0;7;3;3;0;67;68;63;11;3646;892;0;117.1;5.9;1.0;27.6;22.7;52;35;59.8;0.7;38;28;57.6;-3.4;0;4;2
9782;374;374;3;0;1;-1;0;0;1;0;0;0;0;5;0;2;5;63;62;63;5;2899;684;0;95.5;1.2;2.5;27.3;27.3;47;56;45.6;9.5;36;41;46.8;15.6;0;57;29
9783;356;356;4;2;6;3;0;1;4;0;0;0;0;2;1;3;1;74;78;61;22;4132;410;259;94.4;4.4;1.7;39.2;10.5;84;25;77.1;15.5;68;17;80.0;23.2;0;13;9
9784;353;353;4;0;1;-4;0;0;0;0;0;0;0;15;2;0;2;54;61;46;7;3444;189;494;84.6;1.0;5.2;41.8;29.3;66;46;58.9;1.0;50;39;56.2;-1.0;0;19;8
9785;355;355;2;0;0;-2;2;0;0;0;0;0;0;1;0;0;3;60;61;54;6;1900;89;126;85.9;1.9;5.7;32.2;28.4;29;26;52.7;4.9;24;20;54.5;6.8;0;0;0
9786;370;370;1;0;1;0;0;0;0;0;0;0;0;0;0;0;1;60;62;53;3;657;0;0;100.0;0.0;0.0;60.3;43.8;16;13;55.2;3.2;14;9;60.9;10.1;0;1;0
9787;365;365;1;1;0;1;0;0;0;0;0;0;0;0;0;0;0;57;60;55;1;907;69;10;111.1;4.0;0.0;35.7;23.8;12;10;54.5;-18.6;10;7;58.8;-17.4;0;0;0
9788;367;367;3;1;0;1;2;0;0;0;0;0;0;1;1;2;2;63;61;63;7;2143;3;278;96.9;3.4;1.7;48.7;16.8;47;18;72.3;19.5;33;11;75.0;22.4;1;7;4
9791;380;380;3;0;0;-4;0;0;0;0;0;0;0;1;0;0;3;50;58;47;3;3014;298;369;88.6;0.0;4.8;21.5;41.8;38;56;40.4;-3.3;32;44;42.1;-2.7;0;0;0
9793;365;365;3;1;0;-2;12;1;0;0;0;0;0;3;0;0;1;56;59;50;2;2730;173;274;102.3;1.3;4.0;13.2;51.4;23;59;28.0;-6.3;13;47;21.7;-11.1;0;0;0
9794;370;370;1;0;0;-2;0;0;0;0;0;0;0;2;0;0;2;40;48;39;1;931;0;73;77.8;0.0;7.7;23.2;34.8;13;18;41.9;18.3;9;11;45.0;22.2;0;0;0
9795;366;366;2;0;1;-2;0;0;0;0;0;0;0;4;1;1;2;57;51;60;2;1996;86;81;93.5;3.6;7.2;28.9;37.9;30;35;46.2;-20.0;21;26;44.7;-21.6;0;0;0
9796;366;366;1;0;0;0;0;0;0;0;0;0;0;0;0;1;0;55;53;56;1;306;0;0;0.0;0.0;0.0;35.3;0.0;5;2;71.4;8.8;4;1;80.0;16.8;0;0;0
9797;368;368;2;0;1;1;0;0;0;0;0;0;0;1;0;0;1;64;66;58;4;1471;586;45;105.3;2.4;0.0;46.5;34.3;29;21;58.0;8.8;25;15;62.5;12.5;0;3;3
9798;382;382;2;1;0;-2;2;0;0;0;0;0;0;1;0;2;4;68;56;71;3;1955;188;377;79.4;1.8;5.5;27.6;20.3;23;26;46.9;0.5;17;19;47.2;0.1;0;0;0
9799;370;370;1;0;1;1;0;0;0;0;0;0;0;2;0;0;0;62;60;62;0;1208;29;169;120.0;3.0;0.0;14.9;44.7;10;24;29.4;0.4;9;18;33.3;7.3;0;21;12
9801;354;354;2;0;2;2;0;0;0;0;0;0;0;3;1;1;4;63;58;66;3;1771;0;301;105.6;6.1;2.0;36.6;18.3;29;26;52.7;3.1;23;17;57.5;8.0;0;0;0
9802;370;370;1;1;0;0;2;0;0;0;0;0;0;0;0;0;1;57;56;58;1;767;0;0;122.2;4.7;4.7;14.1;42.2;6;16;27.3;-2.4;3;11;21.4;-8.7;0;7;5
9803;354;354;3;2;2;4;2;1;0;0;0;0;0;1;0;2;0;75;76;64;8;2743;302;147;114.3;5.2;0.0;36.7;14.4;46;34;57.5;3.4;33;20;62.3;5.4;0;35;19
9804;367;367;3;0;1;1;2;0;0;0;0;0;0;2;1;1;3;64;56;69;6;2719;395;342;98.3;4.0;2.6;42.4;23.8;53;32;62.4;10.3;39;22;63.9;10.2;0;1;0
9805;369;369;1;0;0;-1;0;0;0;0;0;0;0;0;0;0;0;50;52;47;0;156;0;0;0.0;0.0;23.1;0.0;23.1;1;1;50.0;-9.6;0;1;0.0;-59.0;0;0;0
9806;375;375;3;0;0;0;0;0;0;0;0;0;0;4;0;3;2;74;56;75;4;2229;0;218;98.1;1.6;1.6;33.9;24.2;33;34;49.3;-7.1;28;27;50.9;-10.1;0;30;18
9807;368;368;2;0;1;2;2;0;0;0;0;0;0;1;0;0;1;53;56;46;1;1007;0;12;124.1;10.7;3.6;35.7;60.8;14;32;30.4;-1.6;12;20;37.5;2.5;0;6;4
9808;366;366;3;0;2;2;0;0;0;0;0;0;0;3;0;0;1;59;60;57;5;1979;0;131;107.3;5.5;1.8;36.4;23.6;44;21;67.7;6.5;31;15;67.4;6.8;0;28;13
9810;352;352;4;0;1;4;0;0;0;0;0;0;0;2;2;3;0;55;47;56;5;3791;0;420;100.0;5.7;1.9;45.6;15.2;70;32;68.6;11.2;56;22;71.8;14.8;0;0;0
9811;352;352;2;0;1;1;0;0;0;0;0;0;0;7;1;0;1;61;65;56;4;1726;51;191;94.4;4.2;2.1;48.0;14.6;38;13;74.5;22.2;29;9;76.3;20.8;0;7;5
9812;365;365;2;0;0;0;0;0;0;0;0;0;0;0;0;0;0;51;51;50;1;673;0;0;100.0;0.0;0.0;21.4;21.4;6;10;37.5;2.8;4;8;33.3;2.7;0;0;0
9813;355;355;2;0;0;2;0;0;0;0;0;0;0;1;0;0;0;68;71;53;3;1307;91;39;114.3;5.5;0.0;38.6;27.5;26;11;70.3;-2.0;18;10;64.3;-3.6;0;25;15
9814;357;357;3;0;0;1;2;0;0;0;0;0;0;0;0;0;1;54;54;55;0;1647;549;0;109.1;2.2;0.0;24.0;37.2;21;29;42.0;-6.8;15;22;40.5;-7.3;0;10;7
9816;356;356;1;0;0;0;0;0;0;0;0;0;0;0;0;0;0;50;50;49;0;318;0;88;100.0;0.0;0.0;22.6;11.3;2;1;66.7;-7.5;2;1;66.7;-3.1;0;1;0
9817;383;383;2;0;0;-1;2;0;0;0;0;0;0;2;0;0;0;51;56;47;3;1730;0;64;95.0;2.1;4.2;25.0;31.2;31;24;56.4;8.2;21;21;50.0;1.5;0;0;0
9818;354;354;3;0;0;-1;0;0;0;0;0;0;0;3;1;0;5;60;49;58;2;2902;0;681;97.5;1.2;2.5;21.1;29.8;37;50;42.5;-4.3;25;33;43.1;-6.5;0;0;0
9819;358;358;2;1;1;5;0;0;0;1;0;0;0;5;0;0;2;59;61;55;2;1747;0;516;115.9;10.3;2.1;41.2;22.7;30;20;60.0;10.0;23;14;62.2;12.7;0;0;0
9820;385;385;2;1;1;2;0;0;0;0;0;0;0;3;0;0;5;78;61;88;4;1968;291;360;118.2;3.7;0.0;20.1;22.0;23;24;48.9;15.9;17;16;51.5;17.8;0;0;0
9821;384;384;3;0;1;5;0;0;0;0;0;0;0;3;1;1;5;63;57;71;5;2906;180;403;118.5;6.2;0.0;33.4;18.6;48;29;62.3;3.1;33;22;60.0;3.0;0;0;0
9823;361;361;1;0;0;0;0;0;0;0;0;0;0;1;0;0;2;82;57;84;4;923;110;29;100.0;0.0;0.0;42.9;23.4;23;12;65.7;-12.6;15;8;65.2;-6.9;0;0;0
9824;360;360;2;0;0;-4;2;0;0;0;0;0;0;3;0;0;0;55;58;45;1;1228;137;0;73.3;0.0;11.7;17.6;44.0;13;26;33.3;-7.7;9;22;29.0;-10.6;0;21;9
9825;364;364;1;0;1;0;0;0;0;0;0;0;0;1;0;0;1;75;52;76;0;1007;0;154;101.4;3.6;3.6;28.6;32.2;15;15;50.0;-3.6;12;10;54.5;3.4;0;0;0
9826;363;363;4;0;2;-1;0;0;0;0;0;0;0;2;0;1;8;63;54;63;6;4131;222;550;96.6;3.5;4.4;35.7;33.1;70;59;54.3;-21.3;54;48;52.9;-23.3;0;0;0
9827;384;384;3;3;1;5;0;0;0;0;0;0;0;2;2;4;0;67;65;63;7;2336;85;410;120.8;7.7;0.0;37.0;30.8;39;33;54.2;-8.0;34;26;56.7;-1.5;1;25;17
9829;384;384;1;0;0;1;0;0;0;0;0;0;0;0;2;1;0;55;42;74;2;940;0;0;120.0;3.8;0.0;19.1;49.8;10;18;35.7;-31.0;7;16;30.4;-35.4;0;0;0
9830;357;357;1;0;0;-1;2;0;0;0;0;0;0;2;0;0;2;62;53;70;2;927;0;66;91.7;0.0;3.9;15.5;46.6;8;17;32.0;-6.7;6;15;28.6;-6.5;0;0;0
9833;372;372;1;0;0;0;0;0;0;0;0;0;0;3;0;0;0;57;61;52;0;483;0;0;100.0;0.0;0.0;7.5;7.5;6;4;60.0;-9.3;4;3;57.1;-10.2;0;0;0
9834;360;360;1;0;0;-1;12;0;0;0;0;0;0;1;0;0;0;48;53;46;0;364;0;35;75.0;0.0;9.9;9.9;39.6;2;8;20.0;-25.7;2;5;28.6;-17.8;0;1;0
9835;362;362;2;0;0;-2;0;0;0;0;0;0;0;0;0;0;0;50;52;47;3;1670;62;225;88.2;0.0;4.3;21.6;36.6;24;34;41.4;-8.2;18;26;40.9;-3.8;0;0;0
9837;372;372;1;1;0;1;0;0;0;0;0;0;0;0;2;1;0;51;47;52;2;886;0;0;120.0;4.1;0.0;20.3;16.3;10;12;45.5;-30.7;7;7;50.0;-21.1;0;0;0
9838;359;359;1;0;2;0;0;0;0;0;0;0;0;0;0;0;2;62;56;62;1;997;3;126;106.8;7.2;7.2;28.9;39.7;17;17;50.0;9.3;9;14;39.1;-2.5;0;0;0
9841;384;384;1;0;0;-3;0;0;0;0;0;0;0;1;0;1;0;51;57;34;0;952;0;0;83.3;0.0;11.3;11.3;68.1;6;30;16.7;-14.7;4;21;16.0;-10.2;0;0;0
9842;373;373;1;0;0;-1;0;0;0;0;0;0;0;3;0;0;0;54;55;50;1;879;95;0;91.7;0.0;4.1;12.3;49.1;8;20;28.6;-4.2;4;14;22.2;-9.5;0;0;0
9843;359;359;1;0;0;0;0;0;0;0;0;0;0;0;0;1;0;61;56;67;4;901;0;0;100.0;0.0;0.0;51.9;28.0;21;7;75.0;16.7;19;7;73.1;9.6;0;0;0
9844;361;361;1;0;0;-1;0;0;0;0;0;0;0;0;1;0;1;51;42;52;1;1075;0;11;87.5;0.0;3.3;20.1;26.8;8;21;27.6;-11.6;6;14;30.0;-18.1;0;0;0
9845;362;362;2;0;0;-1;0;0;0;0;0;0;0;0;0;0;0;55;59;47;3;842;0;0;85.7;0.0;4.3;55.6;29.9;18;11;62.1;12.9;16;8;66.7;14.8;0;0;0
9846;362;362;1;0;0;-1;2;0;0;0;0;0;0;1;0;0;0;55;53;56;1;351;100;105;80.0;0.0;10.3;10.3;51.3;7;7;50.0;-10.2;3;6;33.3;-21.9;0;6;3
9847;361;361;1;0;0;0;0;0;0;0;0;0;0;3;0;0;0;53;52;51;2;850;0;16;100.0;0.0;0.0;46.6;16.9;23;10;69.7;-6.1;15;6;71.4;2.5;0;0;0
9848;362;362;4;1;0;-3;6;0;0;0;0;0;0;5;1;1;5;69;68;70;17;4232;1163;227;92.1;1.7;4.3;32.3;32.3;83;67;55.3;-0.9;64;54;54.2;-2.4;1;0;0
9849;364;364;2;1;0;1;0;0;0;0;0;0;0;0;1;0;2;56;52;58;1;950;0;48;125.0;3.8;0.0;15.2;60.6;9;27;25.0;-26.4;7;19;26.9;-24.4;0;0;0
9850;360;360;1;0;0;0;0;0;0;0;0;0;0;1;0;0;3;62;52;64;0;1060;0;156;102.4;3.4;3.4;20.4;23.8;13;20;39.4;-5.5;8;12;40.0;-6.4;0;0;0
9851;362;362;3;0;0;0;0;0;0;0;0;0;0;3;0;1;0;53;52;54;1;1475;360;0;100.0;0.0;0.0;36.6;34.2;22;21;51.2;-4.4;20;16;55.6;-1.4;0;17;7
9852;358;358;1;0;1;1;0;0;0;0;0;0;0;2;0;0;1;63;56;61;0;1089;0;104;120.0;3.3;0.0;16.5;19.8;5;15;25.0;-1.7;5;10;33.3;4.3;0;0;0
9853;378;378;1;0;0;0;0;0;0;0;0;0;0;0;1;0;0;51;54;45;0;829;191;0;187.5;4.3;4.3;4.3;34.7;2;12;14.3;-25.4;2;10;16.7;-20.5;0;0;0
9854;358;358;1;0;0;0;0;0;0;0;0;0;0;0;0;0;0;53;52;54;0;408;0;0;100.0;0.0;0.0;35.3;17.6;9;3;75.0;5.0;4;2;66.7;-3.2;0;0;0
9855;355;355;1;0;0;0;4;0;0;0;0;0;0;0;1;1;0;58;45;60;0;857;0;28;100.0;0.0;0.0;37.8;4.2;20;5;80.0;-2.5;12;4;75.0;-5.4;0;0;0
9856;367;367;1;0;0;0;0;0;0;0;0;0;0;2;0;0;2;56;54;57;1;916;4;293;95.8;3.9;3.9;31.4;23.6;14;7;66.7;-2.6;12;6;66.7;0.0;0;0;0
9857;378;378;3;0;2;-2;0;0;1;0;0;0;0;5;0;2;3;68;62;70;0;2927;568;222;99.4;1.2;2.5;16.0;29.5;30;50;37.5;-6.2;19;39;32.8;-11.2;0;27;13
9858;375;375;1;0;1;1;0;0;0;0;0;0;0;1;1;1;1;65;56;66;4;445;0;333;0.0;8.1;0.0;64.7;0.0;11;4;73.3;-1.3;8;1;88.9;10.9;0;1;1
9859;367;367;1;0;0;0;0;0;0;0;0;0;0;0;0;0;0;52;53;50;1;400;83;0;100.0;0.0;0.0;27.0;45.0;5;5;50.0;-21.1;4;5;44.4;-25.7;0;1;1
9860;364;364;1;0;0;-1;2;0;0;0;0;0;0;1;0;0;0;56;54;55;0;599;113;0;50.0;0.0;6.0;12.0;12.0;6;5;54.5;2.5;4;3;57.1;5.4;0;4;4
9861;357;357;1;0;0;0;2;0;0;0;0;0;0;3;0;0;3;60;57;67;1;1018;0;160;100.0;0.0;0.0;28.3;56.6;18;24;42.9;10.1;12;20;37.5;7.1;0;0;0
9862;384;384;1;0;1;1;0;0;0;0;0;0;0;1;0;0;2;77;67;76;1;838;0;196;120.0;4.3;0.0;21.5;25.8;7;12;36.8;14.8;6;8;42.9;25.9;0;12;9
9863;385;385;1;0;0;1;0;0;0;0;0;0;0;2;1;1;3;67;48;80;0;894;0;41;133.3;4.0;0.0;12.1;52.3;4;23;14.8;-26.1;3;16;15.8;-24.2;0;0;0
9864;371;371;3;0;1;3;0;0;0;0;0;0;0;4;1;0;0;55;54;55;3;2276;170;0;120.0;4.7;0.0;23.7;42.7;25;39;39.1;-3.3;21;32;39.6;-2.7;0;3;1
9865;369;369;3;1;0;0;0;0;0;0;0;0;0;1;0;0;0;54;61;46;6;3070;119;32;97.6;1.2;1.2;37.5;21.1;60;34;63.8;15.7;45;23;66.2;20.3;0;0;0
9866;382;382;1;1;0;0;0;0;0;0;0;0;0;2;1;1;3;56;54;59;4;1041;0;33;117.3;3.5;3.5;13.8;45.0;10;25;28.6;-32.2;7;19;26.9;-34.6;0;0;0
9867;382;382;3;0;1;-2;2;0;0;0;0;0;0;2;0;3;10;80;54;83;4;2880;68;283;92.2;1.3;3.8;30.0;31.3;41;45;47.7;-0.9;31;35;47.0;-3.8;0;0;0
9868;383;383;1;0;0;0;0;0;0;0;0;0;0;0;1;1;2;73;62;81;2;1140;0;122;98.6;3.2;3.2;28.4;25.3;21;14;60.0;25.1;16;12;57.1;19.4;0;12;5
9869;385;385;1;0;0;0;0;0;0;0;0;0;0;0;1;0;1;51;49;52;1;928;0;100;105.2;3.9;3.9;27.2;42.7;8;20;28.6;-4.0;7;15;31.8;0.6;0;0;0
9870;380;380;1;0;0;1;0;0;0;0;0;0;0;4;0;0;0;66;62;61;2;849;237;0;112.5;4.2;0.0;33.9;12.7;13;5;72.2;16.3;10;5;66.7;10.1;0;12;6
9873;370;370;2;0;1;0;2;0;0;0;0;0;0;0;1;1;0;59;57;62;2;1446;577;0;101.4;2.5;2.5;27.4;32.4;20;28;41.7;-21.1;17;18;48.6;-12.7;0;0;0
9874;384;384;1;0;0;0;0;0;0;0;0;0;0;1;0;0;4;63;51;64;1;1007;53;181;108.7;3.6;3.6;25.0;64.3;11;22;33.3;13.0;9;22;29.0;12.4;0;0;0
9875;362;362;4;0;3;-2;2;0;1;0;0;0;0;3;1;3;1;62;62;59;9;2897;726;41;96.2;1.2;3.7;23.6;41.0;43;50;46.2;-12.6;35;44;44.3;-15.5;0;11;6
9878;386;386;1;0;0;-1;0;0;0;0;0;0;0;0;0;0;3;70;65;79;2;831;293;139;90.0;0.0;4.3;21.7;43.3;8;19;29.6;3.1;7;14;33.3;9.6;0;13;8
9879;386;386;4;0;0;-3;10;0;0;0;0;0;0;9;1;2;10;74;51;77;1;4245;283;406;95.7;0.8;3.4;20.4;39.9;45;86;34.4;2.1;34;67;33.7;0.3;0;0;0
9880;386;386;4;0;0;-1;0;0;0;0;0;0;0;7;1;0;4;61;60;61;7;3337;716;546;101.6;1.1;2.2;18.3;50.7;26;77;25.2;-11.0;19;60;24.1;-13.3;0;30;12
9881;372;372;1;0;0;0;0;0;0;0;0;0;0;0;0;0;0;55;56;52;2;477;0;46;100.0;0.0;0.0;45.3;15.1;7;7;50.0;-7.7;7;3;70.0;12.4;0;3;3
9883;374;374;2;0;0;-2;0;0;0;0;0;0;0;1;0;0;1;55;53;55;1;1270;385;0;88.2;0.0;5.7;8.5;48.2;7;32;17.9;-10.8;6;21;22.2;-6.5;0;25;5
9884;378;378;1;0;1;2;0;0;0;0;0;0;0;1;0;0;0;73;71;75;4;913;334;0;125.0;7.9;0.0;31.5;15.8;13;8;61.9;38.4;8;7;53.3;28.3;0;0;0
9885;361;361;1;0;0;0;0;0;0;0;0;0;0;3;0;0;0;55;54;51;0;471;0;0;100.0;0.0;0.0;15.3;15.3;4;5;44.4;-32.3;2;4;33.3;-40.0;0;1;0
9886;363;363;1;0;0;0;0;0;0;0;0;0;0;2;1;1;1;66;47;68;2;947;0;0;100.0;0.0;0.0;22.8;15.2;14;7;66.7;-10.6;12;4;75.0;-3.4;0;0;0
9887;376;376;1;0;0;-1;0;0;0;0;0;0;0;0;0;0;0;48;51;42;1;724;43;0;88.9;0.0;5.0;9.9;44.8;2;13;13.3;-33.4;2;12;14.3;-34.7;0;2;1
9889;371;371;1;0;0;-1;0;0;0;0;0;0;0;2;0;0;0;51;53;45;0;735;0;0;92.9;0.0;4.9;14.7;68.6;4;21;16.0;-21.7;3;16;15.8;-24.6;0;3;3
9891;378;378;3;1;1;-1;2;0;1;0;0;0;0;4;2;0;2;59;58;62;4;2376;291;198;96.6;3.0;4.5;21.2;25.8;28;26;51.9;12.6;21;19;52.5;15.2;0;13;7
9892;361;361;1;0;0;-1;0;0;0;0;0;0;0;0;0;0;1;55;54;53;4;1138;110;75;83.3;0.0;3.2;38.0;19.0;23;7;76.7;4.4;14;7;66.7;-4.4;0;0;0
9893;382;382;2;0;0;0;0;0;0;0;0;0;0;0;0;0;0;51;51;50;1;676;40;0;100.0;0.0;0.0;42.6;47.9;10;15;40.0;-7.8;8;13;38.1;-10.9;0;0;0
9894;374;374;1;0;0;0;0;0;0;0;0;0;0;0;0;0;3;68;49;71;0;945;40;112;100.0;0.0;0.0;11.4;45.7;6;21;22.2;5.9;5;16;23.8;4.3;0;0;0
9896;384;384;2;0;0;1;2;0;0;0;0;0;0;1;0;0;2;56;50;57;2;2023;53;296;113.4;3.6;1.8;19.6;37.4;23;34;40.4;-0.6;16;27;37.2;-2.6;0;0;0
9897;368;368;1;0;0;1;0;0;0;0;0;0;0;0;1;0;0;56;53;55;2;652;146;32;120.0;5.5;0.0;27.6;49.7;8;10;44.4;-36.6;7;10;41.2;-44.5;0;10;5
9898;380;380;4;1;2;1;4;0;1;0;0;0;0;8;1;4;1;67;70;63;16;3684;597;165;102.1;2.0;1.0;34.2;27.4;63;45;58.3;17.0;51;38;57.3;14.8;0;5;0
9899;377;377;1;0;1;1;0;0;0;0;0;0;0;0;0;0;0;53;56;49;0;188;0;0;200.0;19.1;0.0;19.1;19.1;2;3;40.0;-1.3;2;3;40.0;-7.9;0;0;0
9900;358;358;2;0;0;1;0;0;0;0;0;0;0;1;1;0;2;68;48;72;2;1671;0;251;114.3;2.2;0.0;15.1;23.7;13;23;36.1;-18.3;11;13;45.8;-7.6;0;0;0
9902;365;365;1;0;0;-1;0;0;0;0;0;0;0;1;0;0;1;54;58;49;1;627;99;211;50.0;0.0;5.7;23.0;11.5;7;6;53.8;-17.2;5;3;62.5;-10.0;0;7;4
9903;386;386;3;0;0;-2;0;0;0;0;0;0;0;5;0;0;2;59;51;59;1;3016;115;430;98.1;1.2;3.6;19.1;44.2;24;58;29.3;-1.7;19;48;28.4;-3.8;0;0;0
9904;371;371;1;0;0;0;0;0;0;0;0;0;0;0;0;0;0;56;59;41;2;703;98;132;100.0;5.1;5.1;51.2;51.2;11;18;37.9;9.9;10;13;43.5;15.6;0;11;6
9905;376;376;3;0;0;-3;2;0;0;0;0;0;0;2;0;1;1;55;55;52;7;2288;130;128;87.0;0.0;4.7;17.3;36.2;18;42;30.0;-11.0;15;33;31.3;-12.4;0;3;0
9906;376;376;2;1;0;-2;0;0;0;1;0;0;0;2;1;0;0;47;57;39;3;1506;0;54;66.7;0.0;7.2;31.1;21.5;15;22;40.5;-0.1;14;16;46.7;2.8;0;2;0
9907;358;358;2;1;0;1;2;0;0;0;0;0;0;1;0;0;1;64;61;67;3;1384;86;62;107.7;2.6;0.0;33.8;18.2;21;13;61.8;10.6;15;9;62.5;9.0;0;19;8
9909;385;385;1;0;0;0;0;0;0;0;0;0;0;2;0;0;0;63;64;60;1;720;153;26;100.0;0.0;0.0;15.0;55.0;5;16;23.8;-10.2;4;11;26.7;-6.7;0;9;5
9910;377;377;1;0;0;1;2;0;0;0;0;0;0;0;0;0;0;58;51;60;1;859;0;166;111.1;4.2;0.0;37.7;21.0;18;10;64.3;22.4;13;7;65.0;22.5;0;0;0
9911;359;359;3;0;1;0;0;0;0;0;0;0;0;2;0;1;1;47;58;45;5;2673;0;257;101.8;2.7;2.7;28.3;35.0;36;52;40.9;-17.1;28;39;41.8;-14.4;0;7;2
9912;374;374;2;0;0;-1;2;0;0;0;0;0;0;1;0;1;0;51;53;50;2;1783;0;163;91.8;2.0;4.0;28.3;26.2;24;24;50.0;10.4;15;21;41.7;5.2;0;2;0
9913;367;367;3;3;1;2;6;1;0;0;0;0;0;4;2;0;3;65;64;61;13;2439;814;19;105.6;4.4;1.5;39.9;26.6;40;34;54.1;-2.5;35;23;60.3;4.5;1;51;25
9914;380;380;2;0;1;0;0;0;0;0;0;0;0;4;0;0;1;56;60;50;1;1371;0;0;100.0;2.6;2.6;26.3;26.3;22;25;46.8;17.7;17;15;53.1;24.0;0;0;0
9915;370;370;3;0;1;0;0;0;1;0;0;0;0;4;0;0;1;61;59;60;5;1926;627;0;100.0;1.9;1.9;43.0;43.0;36;35;50.7;3.1;30;27;52.6;4.7;0;22;12
9916;380;380;1;0;0;-2;2;0;0;0;0;0;0;2;0;0;1;54;56;40;1;897;98;0;77.8;4.0;12.0;36.1;36.1;14;13;51.9;-12.1;12;11;52.2;-11.0;0;7;4
9917;361;361;1;0;0;0;0;0;0;0;0;0;0;1;0;0;0;50;63;47;1;768;0;41;100.0;0.0;0.0;32.8;9.4;17;5;77.3;4.7;9;3;75.0;6.5;0;0;0
9918;368;368;1;0;0;2;0;0;0;0;0;0;0;0;1;0;2;48;47;49;1;568;0;169;128.6;12.7;0.0;44.4;63.4;8;18;30.8;6.1;7;11;38.9;11.8;0;0;0
9919;375;375;1;0;0;-2;0;0;0;0;0;0;0;1;1;0;4;63;46;66;4;1258;33;191;77.8;0.0;5.7;11.4;25.8;13;20;39.4;12.5;9;13;40.9;11.2;0;0;0
9920;365;365;1;0;0;-1;0;0;0;0;0;0;0;1;0;0;0;50;53;43;0;454;0;0;0.0;0.0;7.9;47.6;7.9;9;4;69.2;0.8;6;2;75.0;4.4;0;0;0
9921;384;384;2;0;1;2;2;0;0;0;0;0;0;2;1;0;0;57;59;53;9;1549;14;0;110.0;4.6;0.0;46.5;9.3;42;12;77.8;21.7;27;8;77.1;23.3;0;0;0
9922;375;375;1;0;0;0;0;0;0;0;0;0;0;1;1;0;5;77;46;83;0;1030;0;153;100.0;0.0;0.0;14.0;38.4;5;22;18.5;-19.4;5;14;26.3;-11.2;0;0;0
9923;366;366;2;0;0;0;0;0;0;0;0;0;0;3;0;0;0;62;64;57;4;1760;555;0;96.0;2.0;2.0;28.6;18.4;36;20;64.3;-4.0;20;15;57.1;-15.0;0;1;0
9924;376;376;2;0;0;-4;0;0;0;0;0;0;0;4;2;1;0;51;49;53;3;1982;181;0;77.8;0.0;7.3;16.3;32.7;15;32;31.9;6.9;10;25;28.6;2.1;0;38;11
9925;369;369;3;0;1;-1;0;0;1;0;0;0;0;3;0;1;3;71;68;74;13;2808;766;255;90.4;1.3;2.6;44.9;20.5;59;28;67.8;13.3;44;20;68.8;13.4;0;0;0
9926;374;374;1;0;0;0;0;0;0;0;0;0;0;1;0;0;1;52;51;52;0;681;180;110;100.0;0.0;0.0;5.3;79.3;2;25;7.4;-16.2;2;18;10.0;-16.2;0;0;0
9927;378;378;4;0;3;1;2;0;0;0;0;0;0;5;3;1;1;54;54;51;4;4546;174;713;110.2;3.2;2.4;18.2;33.3;54;75;41.9;2.5;37;60;38.1;-1.0;0;0;0
9928;386;386;3;1;0;-2;0;0;0;0;0;0;0;4;1;0;3;56;53;58;1;2682;55;455;100.0;2.7;5.4;24.2;48.3;30;60;33.3;-1.9;21;43;32.8;-2.9;1;0;0
9929;357;357;3;1;1;4;0;0;0;0;0;0;0;3;1;1;0;59;61;54;5;1950;0;58;121.1;7.4;0.0;35.1;22.2;38;28;57.6;4.3;29;17;63.0;7.5;1;6;5
9930;379;379;2;0;0;-2;0;0;0;0;0;0;0;2;0;0;0;48;54;35;1;2108;33;0;90.0;3.4;6.8;20.5;25.6;19;37;33.9;-8.2;14;24;36.8;-0.4;0;2;0
9931;385;385;1;0;0;0;0;0;0;0;0;0;0;0;1;0;0;50;47;57;3;459;142;0;100.0;0.0;0.0;23.5;7.8;3;1;75.0;46.6;3;1;75.0;47.0;0;6;4
9932;358;358;3;1;3;0;0;0;1;0;0;0;0;4;0;4;1;74;74;65;13;2790;186;163;91.3;2.6;2.6;55.5;19.4;75;36;67.6;13.9;57;30;65.5;10.9;0;44;29
9933;360;360;1;0;1;-1;0;0;0;0;0;0;0;1;1;0;0;44;57;37;0;791;0;0;92.5;4.6;9.1;36.4;45.5;14;14;50.0;9.5;10;13;43.5;-1.8;0;2;1
9934;360;360;2;0;1;1;0;0;0;0;0;0;0;1;0;0;0;53;55;50;2;1008;0;308;107.7;3.6;0.0;46.4;7.1;17;4;81.0;20.3;15;3;83.3;22.1;0;18;8
9935;378;378;3;0;1;1;2;0;0;0;0;0;0;6;1;1;2;61;57;63;3;2030;0;361;108.3;3.5;1.8;21.3;21.3;26;22;54.2;15.1;19;14;57.6;20.6;0;6;2
9936;374;374;2;0;0;-1;0;0;0;0;0;0;0;1;0;1;0;51;50;50;0;976;157;0;90.9;0.0;3.7;11.1;40.6;4;24;14.3;-23.6;3;20;13.0;-21.3;0;4;2
9937;353;353;1;0;0;1;0;0;0;0;0;0;0;1;0;0;0;58;60;51;2;515;0;0;120.0;7.0;0.0;35.0;28.0;9;10;47.4;-11.7;8;6;57.1;2.3;0;8;4
9938;360;360;1;0;0;-1;0;0;0;0;0;0;0;0;1;0;1;52;48;50;0;483;0;0;66.7;0.0;7.5;7.5;22.4;3;9;25.0;-33.9;2;6;25.0;-36.7;0;8;0
9940;365;365;3;1;0;-1;2;0;0;0;0;0;0;5;0;1;1;62;58;63;3;2300;370;157;95.0;0.0;1.6;15.7;31.3;21;27;43.8;14.4;16;24;40.0;14.1;0;24;10
9941;364;364;1;0;0;1;0;0;0;0;0;0;0;0;0;0;0;64;54;66;1;1129;0;0;120.0;3.2;0.0;15.9;15.9;13;14;48.1;-11.0;8;11;42.1;-17.2;0;0;0
9942;361;361;2;0;0;-2;0;0;0;0;0;0;0;3;0;0;4;74;52;77;1;2123;312;336;87.6;1.7;5.1;32.2;28.8;30;27;52.6;8.8;23;20;53.5;13.5;0;0;0
9943;378;378;2;0;1;1;0;0;0;0;0;0;0;0;0;1;3;56;55;59;0;1393;33;0;160.0;5.2;2.6;7.8;38.8;11;29;27.5;-22.1;7;19;26.9;-24.0;0;1;0
9944;385;385;1;0;0;0;0;0;0;0;0;0;0;0;0;0;0;51;51;51;0;312;0;0;0.0;0.0;0.0;0.0;69.2;1;8;11.1;-45.6;0;7;0.0;-59.5;0;0;0
9945;363;363;1;0;0;2;0;0;0;0;0;0;0;0;0;0;0;50;61;48;0;1000;26;21;111.1;7.2;0.0;64.8;3.6;28;5;84.8;16.3;23;2;92.0;23.0;0;2;1
9946;363;363;3;0;1;0;2;0;0;0;0;0;0;3;2;1;3;69;56;76;8;2519;807;295;103.5;2.9;1.4;35.7;31.4;53;32;62.4;-4.1;38;28;57.6;-9.1;0;0;0
9947;373;373;1;0;1;2;0;0;0;0;0;0;0;0;0;0;0;55;57;48;0;362;0;0;140.0;19.9;0.0;49.7;49.7;6;7;46.2;0.3;6;7;46.2;4.3;0;2;2
9948;363;363;1;0;1;1;0;0;0;0;0;0;0;3;0;2;0;77;56;79;5;1238;22;101;91.1;5.8;2.9;52.3;14.5;25;11;69.4;-9.0;18;9;66.7;-18.3;0;0;0
9949;358;358;3;2;1;3;0;0;0;0;0;0;0;6;0;0;0;56;65;49;10;2700;0;85;101.6;5.3;1.3;61.3;18.7;81;25;76.4;27.5;59;17;77.6;28.7;0;1;1
9950;364;364;1;0;0;-1;0;0;0;0;0;0;0;2;0;0;0;45;51;44;1;932;0;0;90.0;0.0;3.9;23.2;38.6;12;16;42.9;-20.0;10;14;41.7;-23.9;0;0;0
9951;359;359;3;1;1;1;0;0;1;0;0;0;0;5;1;0;0;58;61;54;4;2194;224;183;97.8;3.3;1.6;47.6;18.0;42;20;67.7;8.7;35;16;68.6;8.5;0;0;0
9952;384;384;1;0;0;0;0;0;0;0;0;0;0;1;3;1;1;62;43;78;0;1120;0;196;100.0;0.0;0.0;6.4;45.0;7;20;25.9;0.9;5;19;20.8;-2.4;0;15;8
9953;362;362;3;0;1;-1;2;0;1;0;0;0;0;3;2;0;0;54;56;48;5;1877;444;0;92.0;1.9;3.8;42.2;30.7;43;30;58.9;5.3;32;20;61.5;6.2;0;15;8
9954;369;369;1;0;0;0;0;0;0;0;0;0;0;2;0;0;0;54;56;49;2;732;0;32;100.0;0.0;0.0;24.6;4.9;10;7;58.8;-0.6;8;4;66.7;10.7;0;0;0
9955;381;381;1;0;0;-2;2;0;0;0;0;0;0;0;0;0;1;46;50;45;0;870;0;120;77.8;0.0;8.3;29.0;37.2;10;14;41.7;-4.5;10;10;50.0;3.7;0;0;0
9956;385;385;2;0;0;0;0;0;0;0;0;0;0;1;0;0;0;54;54;56;0;657;0;257;0.0;0.0;0.0;0.0;65.8;1;16;5.9;-35.7;0;14;0.0;-43.8;0;4;0
9957;354;354;2;0;0;-3;0;0;0;0;0;0;0;5;0;0;2;56;56;47;0;1599;90;0;76.9;0.0;6.8;11.3;29.3;13;25;34.2;-20.3;6;19;24.0;-33.1;0;2;1
9958;358;358;3;0;3;2;0;0;1;0;0;0;0;3;1;2;2;72;71;67;9;2028;627;0;106.3;3.6;0.0;56.8;21.3;44;21;67.7;11.2;36;14;72.0;16.9;0;36;20
9959;357;357;3;0;1;1;2;0;0;0;0;0;0;3;0;2;2;64;62;65;3;2839;41;266;100.8;2.5;1.3;27.9;15.2;38;30;55.9;2.0;30;18;62.5;6.9;0;26;16
9960;386;386;1;0;0;0;0;0;0;0;0;0;0;0;0;0;0;50;50;51;1;272;0;0;100.0;0.0;0.0;13.2;52.9;1;7;12.5;-16.9;1;5;16.7;-11.6;0;0;0
9961;363;363;1;0;0;0;0;0;0;0;0;0;0;0;0;0;0;53;55;52;1;834;0;21;100.0;0.0;0.0;30.2;12.9;13;6;68.4;-8.0;9;4;69.2;-10.4;0;2;2
9962;362;362;3;2;1;-2;0;0;0;0;0;0;0;3;1;1;3;69;66;66;12;2915;119;482;87.3;2.5;4.9;29.6;23.5;49;40;55.1;0.2;37;30;55.2;-2.2;0;59;26
9963;368;368;2;0;0;2;0;0;0;0;0;0;0;0;0;0;5;69;56;78;4;2223;149;324;115.4;3.2;0.0;21.1;38.9;28;39;41.8;-15.7;20;31;39.2;-22.3;0;0;0
9964;383;383;1;0;0;0;0;0;0;0;0;0;0;0;0;0;0;53;51;57;1;438;0;0;100.0;0.0;0.0;32.9;24.7;6;3;66.7;-2.7;4;3;57.1;-13.1;0;6;5
9965;358;358;1;0;0;1;0;0;0;0;0;0;0;2;0;0;1;56;48;58;0;1114;301;0;140.0;6.5;0.0;16.2;38.8;8;22;26.7;1.0;5;17;22.7;-14.8;0;0;0
9966;357;357;2;0;2;1;0;0;1;0;0;0;0;4;0;0;1;61;59;51;1;1239;181;0;120.0;2.9;0.0;14.5;26.2;14;18;43.8;-26.9;9;11;45.0;-30.0;0;4;0
9967;371;371;3;0;0;-2;0;0;0;0;0;0;0;4;0;1;0;57;61;49;2;2844;22;149;93.5;1.3;3.8;30.4;35.4;41;46;47.1;8.1;32;39;45.1;4.9;0;3;0
9968;379;379;1;0;0;0;2;0;0;0;0;0;0;2;0;1;3;74;54;90;1;1004;0;91;100.0;0.0;0.0;14.3;21.5;6;21;22.2;-13.5;4;16;20.0;-15.7;0;0;0
9969;376;376;1;0;1;1;0;0;0;0;0;0;0;0;0;0;0;57;62;48;0;722;0;57;150.0;5.0;0.0;10.0;19.9;7;8;46.7;8.0;5;6;45.5;5.5;0;1;0
9971;365;365;1;0;0;-2;0;0;0;0;0;0;0;2;0;0;4;50;51;48;2;778;0;226;50.0;0.0;9.3;41.6;18.5;20;6;76.9;11.8;14;4;77.8;9.5;0;0;0
9973;383;383;3;1;0;0;2;1;0;0;0;0;0;4;0;1;4;66;65;62;7;2861;185;223;97.8;1.3;1.3;31.5;20.1;46;35;56.8;1.8;36;28;56.3;2.9;1;0;0
9974;353;353;2;0;0;-2;0;0;0;0;0;0;0;2;0;1;0;55;58;50;2;1526;0;172;85.7;0.0;4.7;40.1;33.0;27;23;54.0;-0.9;21;17;55.3;1.5;0;0;0
9975;370;370;2;0;1;0;0;0;0;0;0;0;0;2;2;0;2;65;62;70;5;1938;404;0;106.1;1.9;1.9;16.7;37.2;17;38;30.9;1.1;15;28;34.9;5.9;0;0;0
9977;370;370;1;0;1;0;0;0;0;0;0;0;0;1;0;0;1;57;65;48;1;767;0;73;122.2;4.7;4.7;14.1;42.2;6;16;27.3;-2.4;3;11;21.4;-8.7;0;0;0
9979;368;368;2;0;1;1;0;0;0;0;0;0;0;1;0;0;1;61;63;53;5;1528;241;335;114.3;2.4;0.0;16.5;40.1;16;26;38.1;-17.7;13;23;36.1;-23.3;0;1;1
9980;355;355;3;1;0;0;0;0;0;0;0;0;0;2;0;0;0;61;64;57;5;2599;301;0;99.7;1.4;1.4;37.4;34.6;50;36;58.1;5.3;34;30;53.1;1.6;0;2;1
9982;373;373;3;1;1;-1;0;0;0;0;0;0;0;4;1;1;5;65;60;71;9;3278;396;46;98.3;2.2;3.3;30.8;37.3;55;55;50.0;2.9;43;42;50.6;6.0;0;0;0
9983;376;376;2;0;0;-2;0;0;0;0;0;0;0;0;0;0;4;51;51;51;0;2073;0;126;97.6;1.7;5.2;19.1;45.2;19;50;27.5;1.2;15;35;30.0;4.7;0;0;0
9984;373;373;3;2;0;0;0;1;0;0;0;0;0;0;1;2;2;67;66;66;10;3156;538;34;102.4;1.1;1.1;20.5;36.5;44;52;45.8;-3.3;30;41;42.3;-6.5;0;4;2
9985;383;383;2;0;0;-1;0;0;0;0;0;0;0;4;2;1;1;61;57;62;3;1618;152;47;87.5;0.0;2.2;44.5;17.8;30;16;65.2;3.7;24;13;64.9;7.6;0;19;7
9986;375;375;2;0;1;1;0;0;0;0;0;0;0;3;0;1;3;62;56;59;1;1746;0;89;110.0;2.1;0.0;20.6;26.8;18;35;34.0;-10.8;13;20;39.4;-5.4;0;1;0
9988;367;367;2;0;0;0;0;0;0;0;0;0;0;1;0;0;0;55;55;52;2;1027;0;40;100.0;0.0;0.0;31.5;21.0;14;8;63.6;2.3;11;7;61.1;-1.5;0;6;6
9990;355;355;1;0;0;1;0;0;0;0;0;0;0;3;1;1;2;66;65;72;4;878;164;199;105.3;4.1;0.0;77.9;4.1;28;2;93.3;18.3;23;1;95.8;27.4;0;0;0
9991;358;358;2;1;1;1;0;0;0;0;0;0;0;2;0;0;0;72;76;61;9;1538;558;0;95.3;4.7;2.3;72.6;21.1;55;16;77.5;40.1;38;11;77.6;38.2;0;3;1
9992;374;374;3;0;1;-3;12;0;0;0;0;0;0;4;1;1;1;57;55;57;4;2564;84;133;90.3;0.0;4.2;14.0;43.5;16;49;24.6;-18.6;10;41;19.6;-21.5;0;25;13
9993;358;358;1;0;2;2;0;0;0;0;0;0;0;2;0;0;5;78;61;78;1;1096;63;0;140.0;6.6;0.0;16.4;39.4;8;24;25.0;-2.3;5;17;22.7;-14.8;0;0;0
9994;353;353;3;0;1;1;0;0;0;0;0;0;0;2;2;1;2;54;53;54;1;1669;119;0;108.3;2.2;0.0;25.9;17.3;25;18;58.1;-0.7;18;12;60.0;2.9;0;8;2
9995;357;357;3;1;0;2;0;0;0;0;0;0;0;8;0;0;1;58;66;50;5;2733;114;175;103.6;4.0;1.3;36.9;18.4;42;27;60.9;9.1;35;24;59.3;2.7;1;2;1
9996;355;355;3;0;2;2;4;0;0;0;0;0;0;3;0;0;0;53;61;48;2;1867;20;70;120.8;7.7;3.9;25.1;38.6;31;31;50.0;-5.5;23;27;46.0;-7.6;0;36;16
9997;353;353;3;0;1;-3;0;0;0;0;0;0;0;4;0;1;2;52;59;45;4;3217;188;52;88.6;2.2;5.6;38.0;32.5;54;44;55.1;-5.6;43;39;52.4;-8.2;0;0;0
9998;352;352;2;0;1;-1;0;0;0;0;0;0;0;1;1;0;1;56;58;49;3;939;0;176;83.3;3.8;7.7;46.0;30.7;17;13;56.7;-2.3;14;9;60.9;-0.1;0;3;2
9999;357;357;3;1;0;1;0;0;0;0;0;0;0;1;0;1;5;71;55;81;6;2927;177;172;102.8;2.5;1.2;28.3;20.9;36;42;46.2;-12.4;32;24;57.1;-0.6;0;0;0
10000;372;372;3;0;0;-3;0;0;0;0;0;0;0;1;2;1;0;60;60;52;4;2356;8;267;80.0;0.0;4.6;41.3;22.9;44;26;62.9;18.5;36;19;65.5;20.2;0;28;11
10001;354;354;4;0;0;4;2;0;0;0;0;0;0;2;1;4;6;58;56;63;2;4131;195;227;110.6;6.1;2.6;31.4;29.6;66;71;48.2;-3.3;47;48;49.5;-4.8;0;1;1
10002;370;370;4;0;0;-2;0;0;0;0;0;0;0;8;2;0;5;55;50;57;6;4508;141;270;97.5;0.8;2.4;30.3;47.1;71;100;41.5;-3.2;57;79;41.9;-3.6;0;0;0
10003;380;380;1;0;0;-1;0;0;0;0;0;0;0;1;0;0;0;49;62;46;2;852;20;79;66.7;0.0;4.2;29.6;12.7;13;6;68.4;-0.3;8;4;66.7;-3.3;0;4;0
10004;366;366;2;1;0;0;0;0;0;0;0;0;0;2;0;1;0;71;70;70;5;2062;188;0;94.2;1.7;1.7;33.2;15.7;38;18;67.9;-2.8;25;15;62.5;-9.3;0;30;16
10005;370;370;3;1;0;0;4;0;0;0;0;0;0;3;0;0;3;58;59;55;3;2291;79;179;98.0;3.1;3.1;29.9;25.1;31;42;42.5;-7.8;25;28;47.2;-2.5;0;6;4
10006;386;386;4;0;2;-2;0;0;1;0;0;0;0;6;2;1;6;62;61;61;11;3557;891;0;97.7;2.0;4.0;26.3;40.5;43;69;38.4;7.8;34;53;39.1;8.3;0;7;4
10007;380;380;2;2;0;1;5;0;0;0;0;1;1;5;0;2;1;77;60;85;4;2124;102;217;105.6;5.1;3.4;30.5;30.5;33;27;55.0;16.1;25;21;54.3;14.8;0;0;0
10009;369;369;2;0;1;-2;2;0;0;0;0;0;0;2;0;0;4;64;59;66;10;2160;471;78;75.7;1.7;5.0;56.7;18.3;49;26;65.3;-0.8;40;16;71.4;7.9;0;0;0
10010;354;354;3;0;1;0;0;0;0;0;0;0;0;3;3;1;7;59;56;59;5;2345;0;529;100.0;3.1;3.1;32.2;32.2;36;42;46.2;0.9;27;26;50.9;4.3;0;29;15
10011;358;358;2;0;0;-1;0;0;0;0;0;0;0;6;0;0;2;54;56;48;2;1334;0;166;92.3;0.0;2.7;24.3;35.1;15;20;42.9;-15.1;12;16;42.9;-15.7;0;5;1
10012;374;374;3;0;1;0;2;0;0;0;0;0;0;4;2;0;10;73;50;76;5;3737;111;200;99.6;2.9;2.9;27.9;27.0;57;71;44.5;9.0;39;52;42.9;10.7;0;0;0
10013;357;357;1;0;0;0;2;0;0;0;0;0;0;0;0;2;0;56;51;58;1;569;0;166;100.0;0.0;0.0;31.6;44.3;7;10;41.2;5.0;7;8;46.7;16.5;0;14;5
10014;366;366;3;0;0;-1;0;0;0;0;0;0;0;5;0;2;3;59;65;58;10;3045;0;219;87.5;1.2;2.4;41.4;15.4;67;28;70.5;4.0;50;18;73.5;8.0;0;2;2
10015;367;367;1;0;0;0;0;0;0;0;0;0;0;2;0;0;0;61;54;62;0;360;0;144;100.0;0.0;0.0;30.0;40.0;5;4;55.6;-14.6;4;4;50.0;-19.0;0;4;2
10016;365;365;2;0;0;-1;0;0;0;0;0;0;0;3;0;0;3;61;52;61;1;1856;5;321;92.9;0.0;1.9;17.5;27.2;15;21;41.7;9.0;13;18;41.9;15.8;0;0;0
10017;367;367;1;0;2;-1;5;0;1;0;0;1;1;1;1;1;1;76;81;57;4;779;286;16;76.7;4.6;9.2;46.2;27.7;16;7;69.6;1.3;14;6;70.0;4.8;0;2;2
10018;356;356;3;0;0;-4;0;0;0;0;0;0;0;4;0;1;1;52;58;46;2;2288;89;204;81.0;1.6;7.9;33.0;33.0;46;33;58.2;-8.4;33;26;55.9;-8.9;0;0;0
10019;355;355;1;0;0;0;2;0;0;0;0;0;0;0;0;0;0;56;58;52;1;548;150;33;105.7;6.6;6.6;32.8;46.0;9;12;42.9;-5.4;8;9;47.1;0.7;0;1;1
10020;358;358;1;0;0;1;2;0;0;0;0;0;0;2;0;0;0;57;53;53;0;905;0;59;200.0;4.0;0.0;4.0;35.8;3;18;14.3;-17.5;2;14;12.5;-27.5;0;0;0
10021;356;356;3;2;3;5;14;0;0;0;0;0;0;4;1;0;2;65;77;51;10;3256;106;138;105.9;6.6;1.1;48.6;14.4;75;23;76.5;17.7;60;18;76.9;21.3;0;11;5
10022;356;356;4;1;1;1;0;0;0;0;1;0;0;6;1;0;2;58;58;54;4;3997;148;267;97.0;2.7;2.7;35.1;25.2;76;44;63.3;-4.1;56;34;62.2;-2.2;0;0;0
10023;356;356;4;2;4;3;2;0;0;1;0;0;0;12;0;0;2;75;74;61;8;4114;295;304;95.5;4.4;2.6;35.9;15.8;84;30;73.7;10.9;64;23;73.6;14.2;1;60;28
10024;370;370;2;1;0;0;0;1;0;0;0;0;0;2;1;0;0;48;54;46;3;1408;221;476;82.1;2.6;2.6;35.8;10.2;22;15;59.5;2.4;18;11;62.1;4.8;0;0;0
10026;352;352;3;0;0;-2;0;0;0;0;0;0;0;2;1;0;2;54;53;56;3;1415;325;0;82.8;2.5;7.6;43.3;33.1;22;21;51.2;-10.4;19;15;55.9;-6.8;0;17;8
10027;370;370;3;0;1;1;4;0;0;0;0;0;0;3;0;0;8;63;56;68;8;3439;157;203;101.4;3.1;2.1;35.6;28.3;56;55;50.5;4.5;46;38;54.8;10.9;0;0;0
10029;370;370;1;0;0;-1;0;0;0;0;0;0;0;1;0;0;2;59;60;56;4;864;92;0;92.3;0.0;4.2;33.3;54.2;13;20;39.4;15.1;10;15;40.0;16.9;0;17;9
10030;368;368;2;0;0;1;4;0;0;0;0;0;0;0;0;0;3;66;67;63;5;1611;368;70;106.3;2.2;0.0;35.8;22.3;33;21;61.1;13.5;23;16;59.0;7.5;0;22;5
10031;360;360;4;0;1;-1;2;0;0;0;0;0;0;11;1;0;3;59;60;55;10;3651;380;77;93.8;1.0;2.0;25.6;19.7;50;43;53.8;5.0;34;31;52.3;3.6;0;12;9
10032;369;369;2;0;0;0;0;0;0;0;0;0;0;4;2;0;1;51;49;51;1;2023;116;103;100.0;0.0;0.0;30.3;19.6;28;21;57.1;-2.0;22;16;57.9;-3.9;0;1;1
10033;358;358;1;0;1;1;0;0;0;0;0;0;0;0;0;0;0;54;56;49;0;393;0;0;150.0;9.2;0.0;18.3;9.2;2;7;22.2;-4.6;2;3;40.0;10.7;0;7;5
10035;370;370;3;1;0;-3;2;0;0;0;0;0;0;5;0;1;0;58;60;50;8;1950;0;168;90.9;1.8;7.4;29.5;48.0;28;43;39.4;-11.7;24;33;42.1;-9.4;1;19;7
10036;371;371;2;0;0;-1;0;0;0;0;0;0;0;3;0;1;0;48;53;44;2;1976;0;0;94.2;1.8;3.6;34.6;32.8;29;28;50.9;7.8;24;25;49.0;7.6;0;0;0
10037;366;366;2;0;0;-2;0;0;0;0;0;0;0;3;1;2;0;59;61;53;2;1716;105;0;81.8;0.0;4.2;25.2;23.1;36;20;64.3;13.5;21;14;60.0;8.8;0;0;0
10038;370;370;3;0;0;0;0;0;0;0;0;0;0;4;0;2;2;70;76;67;12;2959;723;124;98.8;1.2;1.2;28.0;21.9;49;33;59.8;15.8;35;27;56.5;10.1;0;0;0
10039;380;380;1;0;0;-3;0;0;0;0;0;0;0;3;0;0;0;44;52;42;0;1105;0;0;70.0;0.0;9.8;29.3;32.6;12;13;48.0;-17.4;12;13;48.0;-18.7;0;0;0
10040;382;382;1;0;0;0;0;0;0;0;0;0;0;0;0;0;0;53;52;50;1;162;78;0;0.0;0.0;0.0;44.4;0.0;2;0;100.0;52.2;2;0;100.0;53.2;0;1;1
10041;382;382;2;0;0;-1;0;0;0;0;0;0;0;2;2;3;1;59;53;70;4;1445;459;0;83.3;0.0;2.5;27.4;14.9;24;16;60.0;12.8;18;9;66.7;19.2;0;31;12
10042;365;365;1;0;1;1;0;0;0;0;0;0;0;0;0;1;1;73;60;83;0;937;69;197;111.1;3.8;0.0;34.6;23.1;13;11;54.2;-19.7;10;7;58.8;-17.4;0;0;0
10043;357;357;3;1;0;1;2;0;0;0;0;0;0;8;3;1;3;54;49;59;2;3035;200;134;104.0;2.4;1.2;28.5;27.3;37;48;43.5;-5.9;33;33;50.0;5.3;0;0;0
10044;375;375;4;1;2;-1;4;1;1;0;0;0;0;4;1;0;8;69;58;76;14;4458;791;453;96.0;0.8;1.6;25.8;22.6;57;66;46.3;-4.7;45;43;51.1;-3.1;0;0;0
10045;379;379;2;0;0;0;2;0;0;0;0;0;0;2;0;0;3;66;57;73;4;2292;0;201;100.0;3.1;3.1;25.1;25.1;29;31;48.3;13.3;22;27;44.9;12.9;0;0;0
10047;355;355;3;1;0;-1;0;0;0;0;0;0;0;1;0;2;1;60;62;58;4;1663;150;402;95.7;2.2;4.3;21.6;30.3;24;21;53.3;-1.2;17;17;50.0;-2.3;0;0;0
10048;372;372;2;0;0;-1;0;0;0;0;0;0;0;1;1;0;3;58;54;58;3;954;0;405;85.7;0.0;3.8;22.6;26.4;17;14;54.8;3.8;10;11;47.6;-3.9;0;17;8
10049;377;377;2;0;1;2;0;0;0;0;0;0;0;1;0;0;1;63;62;61;2;1910;119;145;106.3;5.7;1.9;45.2;30.2;38;24;61.3;24.0;33;20;62.3;22.6;0;3;2
10050;372;372;1;0;0;1;0;0;0;0;0;0;0;1;1;1;0;69;76;65;3;1090;171;0;109.1;3.3;0.0;36.3;9.9;22;8;73.3;7.9;15;7;68.2;3.3;0;0;0
10051;357;357;2;0;1;0;0;0;0;0;0;0;0;1;1;0;2;54;57;49;2;1374;41;0;108.0;2.6;2.6;18.3;41.9;14;29;32.6;-16.3;12;20;37.5;-10.5;0;0;0
10052;368;368;2;0;0;0;2;0;0;0;0;0;0;0;1;1;1;53;51;56;1;1345;67;71;100.0;0.0;0.0;29.4;29.4;16;18;47.1;-5.7;15;13;53.6;0.1;0;7;3
10054;375;375;3;1;0;1;7;0;0;0;0;1;0;4;2;0;0;62;62;61;12;2879;738;0;103.2;1.3;0.0;38.8;18.8;48;33;59.3;6.4;36;22;62.1;4.9;0;0;0
10055;377;377;4;2;4;0;2;1;2;0;0;0;0;6;3;0;3;66;67;54;16;3533;978;0;102.0;2.0;2.0;29.5;41.8;61;73;45.5;6.6;47;52;47.5;9.2;1;7;4
10056;370;370;1;0;1;0;0;0;0;0;0;0;0;0;0;0;0;53;61;51;4;933;29;169;101.4;3.9;3.9;42.4;50.2;17;20;45.9;26.2;14;15;48.3;31.6;0;1;1
10057;383;383;3;2;0;1;2;1;0;0;0;0;0;2;0;1;5;60;58;61;6;3013;320;328;103.7;2.4;1.2;31.1;29.9;46;42;52.3;-5.0;36;34;51.4;-4.4;1;0;0
10059;375;375;2;0;1;-1;0;0;0;0;0;0;0;1;2;0;1;51;49;51;2;2105;0;261;91.7;0.0;1.7;35.9;20.5;34;26;56.7;-5.4;24;20;54.5;-13.4;0;0;0
10060;368;368;3;2;2;6;0;0;0;0;0;0;0;1;0;1;7;72;70;75;9;3262;651;214;120.7;6.6;0.0;32.0;34.2;45;60;42.9;-0.1;40;41;49.4;5.3;2;0;0
10061;355;355;2;0;0;-1;0;0;0;0;0;0;0;2;0;0;1;50;54;47;1;894;0;62;66.7;0.0;4.0;28.2;12.1;14;11;56.0;-11.8;9;8;52.9;-14.3;0;4;3
10062;380;380;4;1;2;-4;2;1;0;0;0;0;0;3;1;2;5;62;66;49;11;3585;125;80;89.8;2.0;6.0;25.1;33.1;54;63;46.2;-0.0;41;42;49.4;3.2;0;5;2
10063;357;357;3;2;2;3;0;1;0;0;0;0;0;3;0;2;1;67;70;58;8;2455;264;0;113.6;4.4;0.0;32.3;30.8;42;40;51.2;5.4;33;33;50.0;5.3;0;3;1
10065;366;366;3;0;0;-3;0;0;0;0;0;0;0;4;2;0;3;60;59;57;5;3085;411;156;82.4;0.0;3.5;35.0;19.8;59;34;63.4;4.2;41;23;64.1;5.1;0;0;0
10066;372;372;1;0;0;0;0;0;0;0;0;0;0;0;0;0;2;56;49;58;1;864;118;100;100.0;0.0;0.0;4.2;41.7;4;16;20.0;-21.1;3;11;21.4;-19.4;0;0;0
10067;375;375;2;0;0;-1;2;0;0;0;0;0;0;3;0;0;0;62;55;51;0;1458;0;22;91.7;0.0;2.5;9.9;29.6;11;23;32.4;-6.1;7;16;30.4;-13.1;0;17;7
10068;370;370;1;0;0;-1;0;0;0;0;0;0;0;1;0;0;1;62;61;56;1;915;0;73;92.3;0.0;3.9;35.4;51.1;14;20;41.2;18.0;11;15;42.3;20.7;0;0;0
10069;383;383;2;0;0;1;2;0;0;0;0;0;0;2;0;0;0;53;60;50;1;1375;0;21;107.1;2.6;0.0;36.7;31.4;24;18;57.1;-7.3;16;17;48.5;-15.0;0;4;1
10070;352;352;4;1;1;3;0;0;0;0;0;0;0;4;0;1;0;67;72;57;9;2952;712;47;110.3;3.7;0.0;35.4;25.6;48;37;56.5;-5.3;36;29;55.4;-7.3;0;2;1
10072;352;352;3;1;0;1;0;0;0;0;0;0;0;4;1;1;1;59;58;56;2;2033;262;0;109.0;3.5;1.8;24.8;33.6;22;32;40.7;-27.9;16;24;40.0;-28.9;0;0;0
10073;352;352;2;0;2;-1;0;0;0;0;0;0;0;2;1;0;1;62;66;53;7;1912;639;63;96.7;5.6;7.5;33.9;37.7;33;33;50.0;-19.5;24;28;46.2;-24.0;0;0;0
10074;382;382;2;0;0;-2;0;0;0;0;0;0;0;9;2;2;5;81;49;85;4;2322;104;315;87.5;0.0;3.1;18.6;24.8;29;35;45.3;-8.1;23;23;50.0;-2.5;0;0;0
10075;373;373;3;0;0;-3;2;0;0;0;0;0;0;3;2;0;0;48;53;45;2;2913;183;42;87.5;0.0;3.7;22.2;29.7;39;46;45.9;-3.0;25;35;41.7;-6.9;0;1;1
10076;381;381;3;0;0;-5;0;0;0;0;0;0;0;7;0;0;2;43;52;39;5;2989;46;600;81.9;2.4;8.4;34.9;33.7;40;41;49.4;-14.4;34;33;50.7;-14.5;0;0;0
10077;377;377;3;1;1;1;0;0;0;0;0;0;0;7;3;0;4;65;48;68;4;2856;0;443;104.9;2.5;1.3;30.3;36.6;52;51;50.5;14.4;34;40;45.9;10.2;0;0;0
10078;372;372;2;0;0;1;2;0;0;0;0;0;0;0;0;0;3;56;56;54;1;1014;0;322;112.5;3.6;0.0;28.4;17.8;21;6;77.8;26.9;13;5;72.2;18.0;0;5;0
10079;382;382;2;0;0;0;0;0;0;0;0;0;0;2;2;1;0;51;49;55;2;959;0;101;100.0;0.0;0.0;37.5;37.5;17;17;50.0;4.9;12;15;44.4;-2.9;0;6;3
10080;373;373;3;0;0;-3;0;0;0;0;0;0;0;5;1;5;0;62;57;60;3;2440;0;205;87.5;0.0;4.4;16.2;35.4;35;42;45.5;-3.5;18;31;36.7;-12.7;0;25;11
10081;381;381;3;2;1;-5;0;1;1;0;0;0;0;6;1;2;3;64;68;52;10;2551;898;0;78.5;1.4;8.5;31.0;32.5;37;36;50.7;1.3;31;28;52.5;3.7;0;5;2
10082;367;367;2;0;0;0;2;0;0;0;0;0;0;7;0;0;1;63;55;63;4;955;3;358;100.0;0.0;0.0;52.8;26.4;18;14;56.3;-0.3;15;10;60.0;3.5;0;22;10
10083;367;367;1;0;2;2;0;0;1;0;0;0;0;1;0;3;2;80;73;85;9;843;364;96;118.2;8.5;0.0;47.0;29.9;20;10;66.7;5.3;16;7;69.6;5.9;0;0;0
10084;367;367;1;0;0;0;0;0;0;0;0;0;0;0;0;0;1;50;50;50;0;395;0;0;100.0;0.0;0.0;27.3;9.1;6;3;66.7;3.6;4;1;80.0;15.3;0;0;0
10085;367;367;1;0;0;1;0;0;0;0;0;0;0;1;0;0;0;51;57;48;2;542;0;0;108.3;6.6;0.0;79.7;19.9;20;4;83.3;20.4;14;3;82.4;21.1;0;0;0
10086;383;383;3;0;1;0;0;0;1;0;0;0;0;3;2;1;2;77;72;80;6;3102;316;393;99.5;2.3;2.3;23.2;22.1;44;34;56.4;1.2;30;27;52.6;-2.3;0;0;0
10088;367;367;3;0;1;0;0;0;0;0;0;0;0;0;1;3;5;72;56;84;9;3382;486;343;97.6;1.1;1.1;27.7;17.0;47;35;57.3;2.4;36;25;59.0;2.5;0;0;0
10089;354;354;3;2;1;3;2;1;0;0;0;0;0;2;1;0;0;65;66;59;9;2371;403;111;113.0;4.6;0.0;34.9;27.3;41;33;55.4;0.6;31;22;58.5;1.2;0;1;1
10090;370;370;3;0;1;-1;2;0;1;0;0;0;0;5;0;0;1;61;63;56;10;2738;270;378;94.0;2.6;3.9;31.6;27.6;42;47;47.2;-1.6;31;36;46.3;-4.0;0;26;13
10091;367;367;1;0;1;2;0;0;0;0;0;0;0;0;0;0;1;62;54;61;3;805;0;84;114.3;8.9;0.0;62.6;40.2;17;10;63.0;-8.2;14;9;60.9;-8.9;0;0;0
10092;365;365;3;0;0;-6;4;0;0;0;0;0;0;7;1;3;1;67;64;72;4;3102;664;363;85.7;0.0;5.8;9.3;40.6;25;60;29.4;-4.3;18;48;27.3;-2.8;0;0;0
10093;357;357;2;0;0;-1;0;0;0;0;0;0;0;3;0;1;0;55;55;51;1;1044;0;58;93.8;0.0;3.4;31.0;55.2;17;24;41.5;-14.8;13;21;38.2;-17.5;0;8;5
10094;352;352;2;0;0;-5;12;0;0;0;0;0;0;3;1;0;0;40;58;35;2;1400;5;143;58.3;0.0;12.9;41.1;30.9;26;16;61.9;-0.8;22;14;61.1;-0.1;0;3;2
10095;356;356;2;1;0;-2;0;1;0;0;0;0;0;2;0;2;3;64;61;66;3;1968;269;122;78.6;1.8;5.5;31.1;20.1;37;17;68.5;-6.7;24;15;61.5;-12.5;1;0;0
10096;354;354;2;0;0;1;2;0;0;0;0;0;0;0;0;0;0;50;52;46;0;799;0;0;108.3;9.0;4.5;54.1;54.1;23;15;60.5;12.5;20;12;62.5;14.3;0;11;4
10097;365;365;1;0;0;0;0;0;0;0;0;0;0;0;0;0;0;53;57;49;2;854;0;48;100.0;0.0;0.0;8.4;8.4;7;3;70.0;29.7;5;3;62.5;30.7;0;1;0
10098;353;353;2;0;0;0;0;0;0;0;0;0;0;1;1;0;0;56;56;60;3;1123;76;81;100.0;0.0;0.0;16.0;6.4;10;8;55.6;-7.8;7;5;58.3;-2.2;0;2;2
10099;375;375;3;1;0;2;2;0;0;0;0;0;0;3;1;1;2;61;48;63;2;3248;0;280;104.3;2.2;0.0;51.0;27.7;66;39;62.9;12.9;59;28;67.8;15.5;0;0;0
10100;373;373;3;0;2;-4;0;0;0;0;0;0;0;2;1;3;11;64;56;68;5;3678;136;339;92.9;2.0;5.9;21.5;36.2;48;62;43.6;2.3;33;42;44.0;4.9;0;0;0
10101;365;365;1;0;1;1;0;0;0;0;0;0;0;1;0;0;0;56;59;54;0;765;0;162;150.0;4.7;0.0;9.4;28.2;6;13;31.6;3.9;2;11;15.4;-13.4;0;0;0
10103;372;372;2;0;3;0;2;0;0;0;0;0;0;1;0;1;6;73;63;81;9;2075;695;122;95.2;3.5;3.5;45.1;27.8;40;25;61.5;10.4;33;19;63.5;10.9;0;0;0
10104;383;383;1;1;0;-1;2;0;0;0;0;0;0;1;0;1;1;45;57;41;1;832;0;219;94.3;4.3;8.7;30.3;43.3;11;17;39.3;-6.4;8;12;40.0;-7.2;0;21;8
10105;366;366;3;0;0;1;2;0;0;0;0;0;0;2;0;0;1;66;52;69;5;3173;0;191;102.4;1.1;0.0;47.7;13.6;67;25;72.8;14.8;51;18;73.9;17.5;0;0;0
10106;361;361;1;0;0;1;0;0;0;0;0;0;0;2;0;0;2;63;50;64;1;1153;0;0;111.1;3.1;0.0;28.1;15.6;14;25;35.9;-0.0;12;9;57.1;19.9;0;0;0
10107;385;385;2;0;1;-2;2;0;0;0;0;0;0;2;1;2;0;56;55;58;1;1433;487;0;90.0;0.0;5.0;5.0;50.2;5;32;13.5;-20.4;3;27;10.0;-27.2;0;22;12
10108;384;384;1;0;0;-3;0;0;0;0;0;0;0;0;0;0;0;47;52;36;1;875;0;0;82.4;0.0;12.3;8.2;69.9;5;28;15.2;-16.3;3;20;13.0;-14.2;0;2;0
10109;364;364;1;0;0;0;0;0;0;0;0;0;0;1;2;1;0;49;42;60;0;556;0;0;100.0;0.0;0.0;25.9;19.4;8;5;61.5;10.9;4;3;57.1;5.4;0;0;0
10110;364;364;2;0;0;-1;0;0;0;0;0;0;0;0;0;1;4;70;53;72;3;2423;73;61;92.2;1.5;3.0;37.1;25.3;39;33;54.2;-3.9;34;24;58.6;3.0;0;0;0
10111;356;356;1;0;0;0;2;0;0;0;0;0;0;0;0;0;0;48;48;49;0;318;0;0;100.0;0.0;0.0;22.6;11.3;2;1;66.7;-7.5;2;1;66.7;-3.1;0;0;0
10112;378;378;4;0;3;-3;0;0;0;0;0;0;0;5;1;2;9;67;58;74;10;4247;261;755;96.6;1.7;3.4;19.5;28.0;53;64;45.3;7.7;35;50;41.2;3.7;0;0;0
10113;353;353;3;0;1;-1;0;0;0;0;0;0;0;0;0;0;0;53;55;49;0;1601;22;0;94.8;2.2;4.5;24.7;31.5;24;25;49.0;-8.8;19;18;51.4;-5.1;0;15;7
10114;384;384;1;0;0;0;0;0;0;0;0;0;0;0;0;1;0;56;53;59;0;396;0;0;100.0;0.0;0.0;9.1;36.4;4;5;44.4;21.4;2;5;28.6;6.9;0;2;0
10115;385;385;2;0;0;0;0;0;0;0;0;0;0;2;0;1;2;56;52;56;2;2071;0;231;106.6;1.7;1.7;15.6;38.2;15;33;31.3;2.9;12;26;31.6;1.3;0;0;0
10116;362;362;3;0;0;-1;0;0;0;0;0;0;0;2;3;0;2;57;55;59;5;2893;527;212;97.6;1.2;2.5;27.4;36.1;39;50;43.8;-15.9;30;33;47.6;-12.8;0;0;0
10117;361;361;1;0;0;2;0;0;0;0;0;0;0;0;0;0;0;54;54;54;0;318;0;43;140.0;22.6;0.0;56.6;34.0;8;5;61.5;30.4;6;3;66.7;40.3;0;2;1
10119;357;357;4;0;1;0;0;0;1;0;0;0;0;2;1;1;3;59;58;55;7;3540;611;91;100.7;1.0;1.0;19.3;22.4;41;44;48.2;-1.4;29;28;50.9;1.1;0;4;1
10120;361;361;2;0;0;-1;0;0;0;0;0;0;0;1;1;2;2;54;51;56;1;1234;0;0;83.3;0.0;2.9;26.3;17.5;21;17;55.3;1.5;13;9;59.1;3.9;0;4;3
10122;358;358;1;0;1;1;0;0;0;0;0;0;0;1;0;0;1;58;57;56;0;945;0;59;200.0;3.8;0.0;3.8;38.1;3;20;13.0;-20.3;2;15;11.8;-29.6;0;0;0
10124;382;382;1;0;1;1;0;0;1;0;0;0;0;0;0;0;0;63;65;52;2;562;135;69;120.0;6.4;0.0;32.0;44.8;9;12;42.9;-6.4;6;9;40.0;-10.0;0;3;0
10125;384;384;1;0;0;-1;0;0;0;0;0;0;0;0;0;0;3;76;51;80;0;1065;0;15;90.0;0.0;3.4;6.8;33.8;6;19;24.0;-1.8;4;14;22.2;-0.2;0;0;0
10126;381;381;1;0;1;0;0;0;0;0;0;0;0;1;0;0;0;59;63;48;2;601;0;0;100.0;0.0;0.0;30.0;24.0;12;5;70.6;7.0;10;4;71.4;5.6;0;1;0
10128;385;385;2;0;0;-1;2;0;0;0;0;0;0;2;2;0;0;49;49;46;0;1480;0;211;93.3;0.0;2.4;19.5;36.5;15;28;34.9;-3.9;11;21;34.4;-5.9;0;4;3
10129;374;374;2;0;1;1;0;0;0;0;0;0;0;1;0;0;0;42;58;37;1;1886;24;73;104.3;5.7;3.8;40.1;38.2;39;30;56.5;21.6;25;28;47.2;14.1;0;1;0
10131;386;386;4;2;0;0;6;2;0;0;0;0;0;5;2;1;2;64;63;61;15;3502;936;20;104.5;2.1;2.1;22.6;45.2;36;70;34.0;1.3;26;56;31.7;-2.5;0;40;20
10133;376;376;3;0;0;0;0;0;0;0;0;0;0;3;0;0;1;58;53;59;6;1877;467;26;100.0;0.0;0.0;26.9;36.4;20;41;32.8;-7.4;17;26;39.5;-1.4;0;21;9
10134;367;367;2;0;0;0;2;0;0;0;0;0;0;1;0;1;0;51;53;51;3;1157;0;19;100.0;0.0;0.0;37.3;18.7;18;10;64.3;6.7;14;7;66.7;6.0;0;0;0
10136;386;386;4;1;0;-1;2;0;0;0;0;0;0;5;0;2;12;57;53;58;9;3914;445;600;102.2;2.8;3.7;23.0;37.7;41;69;37.3;6.1;31;49;38.8;7.5;0;0;0
10137;375;375;1;0;0;-1;0;0;0;0;0;0;0;1;1;0;1;59;55;59;1;1113;138;181;83.3;0.0;3.2;16.2;19.4;9;15;37.5;8.0;7;8;46.7;17.1;0;4;2
10138;364;364;2;0;0;0;0;0;0;0;0;0;0;0;0;1;0;52;52;52;1;869;0;0;100.0;0.0;0.0;8.3;66.3;5;28;15.2;-40.7;4;21;16.0;-41.0;0;1;1
10139;372;372;1;0;0;0;2;0;0;0;0;0;0;0;1;0;0;56;45;56;0;778;0;81;100.0;0.0;0.0;4.6;46.3;4;16;20.0;-21.1;3;11;21.4;-19.4;0;0;0
10140;368;368;1;1;0;1;2;0;0;0;0;0;0;2;0;0;0;68;57;54;2;667;0;24;112.5;5.4;0.0;43.2;48.6;9;10;47.4;-33.3;9;10;47.4;-37.6;0;3;3
10141;376;376;1;0;0;2;0;0;0;0;0;0;0;0;1;2;2;81;48;86;4;996;0;97;122.2;7.2;0.0;32.5;32.5;13;13;50.0;14.7;10;11;47.6;10.1;0;0;0
10142;373;373;1;0;0;0;0;0;0;0;0;0;0;0;0;0;0;53;51;51;0;808;109;0;100.0;0.0;0.0;13.4;26.7;4;16;20.0;-14.8;3;8;27.3;-1.9;0;0;0
10143;371;371;3;0;1;-2;2;0;0;0;0;0;0;5;0;0;0;56;59;46;5;2622;267;82;95.8;2.7;5.5;31.6;42.6;40;50;44.4;4.2;31;41;43.1;2.0;0;36;17
10144;372;372;2;0;0;-1;0;0;0;0;0;0;0;2;1;0;2;56;46;64;5;1900;279;93;96.0;0.0;1.9;28.4;47.4;22;41;34.9;-28.8;16;29;35.6;-29.8;0;0;0
10145;363;363;3;0;1;-1;0;0;0;0;0;0;0;1;1;0;0;47;53;45;3;1406;0;490;80.5;2.6;5.1;28.2;17.9;33;11;75.0;12.0;19;9;67.9;5.0;0;7;4
10146;378;378;1;1;0;-1;0;0;0;0;0;0;0;1;0;0;2;59;63;44;3;647;122;0;101.8;5.6;11.1;27.8;61.2;6;17;26.1;-12.7;5;12;29.4;-4.8;0;0;0
10147;362;362;1;0;0;0;0;0;0;0;0;0;0;1;2;0;0;53;50;61;1;817;180;0;100.0;0.0;0.0;57.3;30.8;28;11;71.8;21.8;20;11;64.5;20.1;0;10;6
10148;382;382;1;0;0;0;0;0;0;0;0;0;0;0;0;0;0;50;48;54;1;261;0;0;100.0;0.0;0.0;13.8;110.3;2;9;18.2;-37.0;2;9;18.2;-40.9;0;1;1
10149;376;376;2;0;0;-6;0;0;0;0;0;0;0;1;1;1;3;48;46;47;1;2159;0;434;81.3;0.0;10.0;20.0;53.4;14;48;22.6;-6.3;13;42;23.6;-5.6;0;0;0
10150;354;354;2;0;0;-1;0;0;0;0;0;0;0;1;1;0;1;57;57;57;2;1652;0;79;92.3;0.0;2.2;26.2;28.3;24;25;49.0;-1.4;19;20;48.7;-7.5;0;7;3
10151;355;355;4;1;1;2;2;0;0;0;0;0;0;5;0;0;4;71;73;64;13;3593;306;642;101.4;3.0;1.0;52.1;23.0;90;38;70.3;15.2;67;30;69.1;17.0;0;6;3
10153;354;354;2;0;0;0;2;0;0;0;0;0;0;5;0;0;0;57;58;52;0;1359;90;227;100.0;0.0;0.0;7.9;34.4;9;18;33.3;-20.0;4;15;21.1;-34.9;0;1;0
10155;353;353;1;0;0;0;0;0;0;0;0;0;0;1;0;0;1;61;58;59;0;1066;52;0;100.0;0.0;0.0;10.1;23.6;16;12;57.1;0.4;6;10;37.5;-22.5;0;0;0
10156;358;358;1;0;0;0;0;0;0;0;0;0;0;1;0;0;0;54;53;49;1;967;86;42;100.0;0.0;0.0;26.1;29.8;13;16;44.8;-36.0;10;12;45.5;-33.5;0;0;0
10158;381;381;2;0;0;0;0;0;0;0;0;0;0;1;0;1;2;70;51;71;1;1435;0;308;98.3;2.5;2.5;30.1;25.1;24;16;60.0;10.4;16;11;59.3;10.3;0;0;0
10159;382;382;1;1;1;0;0;1;0;0;0;0;0;0;0;0;0;63;69;50;3;570;135;50;104.2;6.3;6.3;37.9;50.5;11;13;45.8;-2.6;7;10;41.2;-8.8;0;0;0
10160;368;368;1;0;1;-1;0;0;1;0;0;0;0;0;0;0;0;60;65;47;0;857;40;0;0.0;0.0;4.2;0.0;63.0;5;19;20.8;-7.3;3;18;14.3;-23.5;0;0;0
10161;381;381;1;0;0;-1;0;0;0;0;0;0;0;1;0;1;0;55;55;54;1;535;0;65;80.0;0.0;6.7;40.4;33.6;8;6;57.1;-10.1;8;5;61.5;-7.5;0;2;0
10162;377;377;3;1;0;2;29;0;0;0;0;1;0;10;1;1;3;65;57;60;6;1948;0;336;116.7;3.7;0.0;22.2;29.6;26;33;44.1;3.5;19;21;47.5;10.1;1;40;21
10165;381;381;2;0;1;-2;0;0;0;0;0;0;0;5;0;2;4;66;52;67;0;1857;0;477;87.5;0.0;3.9;25.2;31.0;22;23;48.9;-4.6;17;20;45.9;-7.5;0;0;0
10166;357;357;2;0;0;1;0;0;0;0;0;0;0;1;2;0;0;52;49;55;0;943;0;114;125.0;3.8;0.0;15.3;26.7;12;14;46.2;1.0;6;10;37.5;-12.5;0;4;2
10167;365;365;1;0;0;-1;0;0;0;0;0;0;0;2;0;0;1;55;55;47;0;657;99;126;50.0;0.0;5.5;21.9;11.0;8;7;53.3;-18.3;5;3;62.5;-10.0;0;2;1
10168;374;374;2;0;0;0;0;0;0;0;0;0;0;2;1;0;0;54;49;54;1;1016;0;35;100.0;0.0;0.0;10.6;39.0;3;26;10.3;-36.6;3;20;13.0;-28.5;0;2;1
10169;370;370;1;0;1;2;2;0;0;0;0;0;0;3;0;0;1;53;55;51;0;833;0;50;128.6;8.6;0.0;30.3;30.3;12;14;46.2;-8.8;9;13;40.9;-16.9;0;0;0
10170;384;384;1;0;0;0;2;0;0;0;0;0;0;0;0;0;0;49;50;49;0;384;0;0;100.0;0.0;0.0;9.4;28.1;4;4;50.0;27.2;2;4;33.3;12.0;0;0;0
10171;360;360;3;0;0;0;0;0;0;0;0;0;0;3;1;2;0;63;54;61;5;2842;137;387;97.6;2.5;2.5;29.1;22.8;38;30;55.9;3.9;28;27;50.9;-1.1;0;26;19
10172;368;368;1;0;0;-1;0;0;0;0;0;0;0;0;0;1;0;51;52;49;0;857;0;0;0.0;0.0;4.2;0.0;63.0;5;19;20.8;-7.3;3;18;14.3;-23.5;0;0;0
10173;384;384;1;0;1;3;0;0;0;0;0;0;0;0;0;0;0;58;59;50;2;915;9;0;127.3;11.8;0.0;43.3;15.7;18;6;75.0;28.8;13;6;68.4;23.2;0;0;0
10175;358;358;2;1;0;1;0;0;0;0;0;0;0;0;1;0;1;53;54;48;3;954;0;47;125.0;3.8;0.0;15.1;34.0;5;19;20.8;-34.6;4;13;23.5;-33.3;0;1;1
10176;368;368;1;0;1;0;0;0;1;0;0;0;0;0;0;0;0;55;59;46;0;648;45;0;100.0;0.0;0.0;22.2;27.8;6;17;26.1;-0.3;5;9;35.7;6.9;0;2;2
10177;367;367;1;0;1;2;4;0;0;0;0;0;0;1;0;0;1;61;57;64;2;1047;0;114;110.3;10.3;3.4;48.1;30.9;30;12;71.4;5.5;20;9;69.0;4.1;0;0;0
10178;359;359;1;0;0;0;0;0;0;0;0;0;0;0;1;1;0;51;49;53;0;666;0;0;100.0;0.0;0.0;43.2;5.4;15;7;68.2;6.6;13;4;76.5;12.5;0;1;1
10179;366;366;2;0;1;-1;0;0;1;0;0;0;0;3;0;0;2;63;60;58;2;1370;191;62;88.9;0.0;2.6;21.0;23.6;15;22;40.5;-18.0;11;15;42.3;-14.5;0;18;9
10180;362;362;1;0;1;1;0;0;0;0;0;0;0;1;0;0;0;64;59;68;4;885;110;110;108.3;4.1;0.0;48.8;24.4;21;9;70.0;16.3;16;8;66.7;20.5;0;0;0
10182;369;369;3;1;0;-1;0;0;0;0;0;0;0;3;0;1;1;58;56;57;3;1559;163;67;100.0;2.3;4.6;20.8;41.6;18;28;39.1;-23.9;13;22;37.1;-27.0;0;5;3
10183;374;374;1;0;0;0;0;0;0;0;0;0;0;0;0;0;0;50;49;51;1;380;105;0;100.0;0.0;0.0;9.5;18.9;2;4;33.3;16.2;2;3;40.0;20.7;0;1;0
10184;380;380;1;0;0;0;0;0;0;0;0;0;0;1;0;0;0;55;56;51;0;791;0;115;92.5;4.6;4.6;36.4;22.8;12;9;57.1;-3.6;9;6;60.0;1.3;0;0;0
10185;373;373;1;0;0;0;0;0;0;0;0;0;0;4;0;0;2;53;53;54;2;817;0;0;100.0;0.0;0.0;17.6;26.4;6;15;28.6;-3.8;4;8;33.3;5.7;0;0;0
10186;374;374;1;0;0;0;2;0;0;0;0;0;0;0;1;0;0;46;45;48;1;414;0;106;100.0;0.0;0.0;17.4;43.5;3;7;30.0;13.3;3;6;33.3;14.5;0;4;1
10187;371;371;1;0;0;-1;0;0;0;0;0;0;0;1;0;0;1;50;51;49;0;504;0;36;0.0;0.0;7.1;0.0;35.7;1;10;9.1;-25.6;0;7;0.0;-37.3;0;9;2
10190;377;377;3;1;0;0;0;0;0;0;0;0;0;1;0;2;0;55;52;53;2;1032;19;156;113.8;3.5;3.5;17.4;55.8;13;29;31.0;-12.1;8;19;29.6;-11.1;0;12;2
10191;373;373;1;0;1;1;2;0;0;0;0;0;0;2;0;0;0;57;61;51;1;856;324;0;127.5;8.4;4.2;21.0;33.6;10;14;41.7;14.0;6;10;37.5;11.9;0;24;8
10193;364;364;2;0;0;1;0;0;0;0;0;0;0;1;2;2;1;60;47;62;1;1799;98;184;105.9;2.0;0.0;34.0;20.0;35;17;67.3;18.1;24;14;63.2;13.2;0;0;0
10194;382;382;1;0;0;0;0;0;0;0;0;0;0;0;0;1;1;65;62;80;1;765;311;198;100.0;0.0;0.0;32.9;14.1;13;8;61.9;18.8;9;7;56.3;11.4;0;0;0
10195;361;361;1;0;0;-2;0;0;0;0;0;0;0;2;0;0;0;24;49;19;0;1014;0;9;100.0;3.6;10.7;14.2;42.6;12;18;40.0;5.8;10;16;38.5;-7.2;0;0;0
10196;383;383;2;0;1;1;0;0;0;0;0;0;0;1;1;0;0;67;68;60;3;1260;203;331;109.1;5.7;2.9;31.4;31.4;19;15;55.9;-8.5;13;13;50.0;-12.0;0;23;12
10197;379;379;2;0;0;0;0;0;0;0;0;0;0;0;0;0;0;50;53;47;1;857;0;0;100.0;0.0;0.0;16.8;42.0;6;25;19.4;-11.9;5;19;20.8;-8.8;0;5;1
10198;382;382;1;0;0;-1;0;0;0;0;0;0;0;0;2;0;2;44;42;47;0;694;0;0;66.7;0.0;5.2;31.1;15.6;9;11;45.0;-7.6;9;7;56.3;3.8;0;2;0
10199;373;373;1;0;0;1;0;0;0;0;0;0;0;0;0;1;0;50;48;53;0;339;0;0;125.0;10.6;0.0;42.5;53.1;5;7;41.7;-4.9;5;7;41.7;-1.2;0;0;0
10200;374;374;2;0;0;-2;0;0;0;0;0;0;0;5;0;1;0;55;57;54;2;1839;133;186;90.9;2.0;5.9;33.3;39.2;26;38;40.6;-0.9;21;31;40.4;-0.3;0;0;0
10201;378;378;1;1;0;1;2;0;0;0;0;0;0;0;0;0;0;58;58;63;1;485;0;0;150.0;7.4;0.0;14.8;44.5;3;9;25.0;-11.7;3;8;27.3;-6.8;0;3;2
10202;362;362;2;0;0;0;0;0;0;0;0;0;0;3;2;0;0;48;48;46;0;1232;0;99;101.9;2.9;2.9;32.1;40.9;25;24;51.0;-13.5;15;17;46.9;-13.9;0;16;6
10203;383;383;1;0;0;0;0;0;0;0;0;0;0;0;0;0;0;55;55;54;0;499;0;92;100.0;0.0;0.0;28.9;21.6;8;3;72.7;4.4;5;3;62.5;-7.1;0;2;1
10204;369;369;1;0;1;1;2;0;0;0;0;0;0;0;0;0;0;55;54;56;2;809;0;0;112.5;4.4;0.0;35.6;26.7;14;11;56.0;-20.6;13;9;59.1;-19.9;0;0;0
10205;355;355;1;0;0;0;2;0;0;0;0;0;0;1;1;0;1;67;48;72;3;802;0;173;100.0;0.0;0.0;31.4;4.5;17;5;77.3;-6.1;10;4;71.4;-9.8;0;0;0
10206;380;380;1;0;0;-1;0;0;0;0;0;0;0;2;1;1;1;66;47;64;1;1004;20;168;66.7;0.0;3.6;32.3;10.8;21;5;80.8;17.6;15;3;83.3;19.7;0;0;0
10207;385;385;2;1;0;0;0;0;0;0;0;0;0;1;1;0;2;59;56;61;3;1403;0;92;102.4;2.6;2.6;28.2;38.5;16;26;38.1;0.5;12;20;37.5;-1.6;0;24;13
10208;385;385;1;1;0;0;0;0;0;0;0;0;0;1;0;0;2;60;63;51;2;819;0;100;101.4;4.4;4.4;35.2;39.6;9;15;37.5;9.8;8;12;40.0;13.5;0;14;6
10209;362;362;3;0;0;-1;0;0;0;0;0;0;0;1;0;1;3;58;56;60;4;1372;0;333;88.9;0.0;2.6;42.0;23.6;25;17;59.5;5.4;21;11;65.6;10.4;0;13;5
10210;376;376;3;0;1;1;0;0;0;0;0;0;0;2;0;0;2;53;51;52;2;2607;0;165;104.8;1.4;0.0;29.0;24.9;32;32;50.0;4.8;25;25;50.0;2.4;0;0;0
10212;386;386;4;2;1;-1;2;0;0;0;0;0;0;3;0;0;3;66;66;64;5;3734;218;695;100.7;2.9;3.9;23.1;32.8;41;60;40.6;10.6;32;47;40.5;10.0;0;42;23
10213;361;361;1;0;0;-1;0;0;0;0;0;0;0;0;0;0;3;74;50;76;0;1108;0;10;87.5;0.0;3.2;19.5;26.0;10;21;32.3;-5.2;7;14;33.3;-13.7;0;0;0
10214;381;381;1;0;3;2;14;0;0;0;0;0;0;0;1;0;0;53;70;42;0;751;0;116;80.0;14.4;4.8;47.9;9.6;15;4;78.9;18.6;12;2;85.7;24.7;0;12;5
10215;379;379;2;0;0;-1;0;0;0;0;0;0;0;1;0;3;5;64;59;65;4;2443;151;356;97.5;1.5;2.9;14.7;23.6;28;31;47.5;11.9;15;19;44.1;9.7;0;0;0
10216;386;386;3;0;0;-4;0;0;0;0;0;0;0;0;2;0;5;41;47;40;2;2620;0;413;89.2;0.0;5.5;19.2;50.8;21;65;24.4;-8.9;17;52;24.6;-9.4;0;0;0
10217;369;369;3;0;1;1;2;0;0;0;0;0;0;1;0;0;0;50;58;45;4;1403;0;0;107.6;5.1;2.6;30.8;28.2;22;20;52.4;-7.7;19;15;55.9;-4.4;0;0;0
10218;378;378;2;0;0;-1;0;0;0;0;0;0;0;0;0;0;1;51;53;48;0;652;23;0;83.3;0.0;5.5;11.0;33.1;12;13;48.0;5.0;7;8;46.7;7.2;0;4;2
10219;378;378;1;0;0;-1;0;0;0;0;0;0;0;0;1;0;1;41;52;35;0;615;0;108;101.8;5.9;11.7;29.3;64.4;7;17;29.2;-8.3;5;12;29.4;-4.8;0;6;2
10220;361;361;3;1;1;2;9;0;0;0;0;1;0;6;0;1;1;69;64;64;6;1864;583;0;107.8;5.8;1.9;42.5;32.8;31;30;50.8;10.1;25;22;53.2;12.2;0;30;14
10221;376;376;2;0;0;-1;0;0;0;0;0;0;0;0;0;0;0;55;54;55;1;1100;167;169;90.9;0.0;3.3;16.4;36.0;7;17;29.2;-8.9;6;14;30.0;-7.2;0;7;2
10222;361;361;3;0;3;1;0;0;0;0;0;0;0;3;0;0;4;62;61;57;5;2601;200;246;103.0;5.5;4.2;33.2;30.4;36;48;42.9;0.1;29;31;48.3;6.5;0;41;23
10223;374;374;1;0;0;-1;0;0;0;0;0;0;0;0;0;0;1;56;52;57;1;821;17;355;90.0;0.0;4.4;8.8;43.8;7;19;26.9;12.6;6;14;30.0;13.3;0;0;0
10224;385;385;1;0;0;-2;0;0;0;0;0;0;0;2;1;0;1;59;44;69;1;963;142;20;66.7;0.0;7.5;26.2;22.4;11;10;52.4;30.4;8;7;53.3;30.3;0;0;0
10225;363;363;3;0;0;-1;2;0;0;0;0;0;0;2;1;0;0;50;52;49;2;1555;47;178;83.3;0.0;2.3;27.8;13.9;30;13;69.8;0.4;22;10;68.8;-1.5;0;4;2
10226;362;362;1;0;0;0;0;0;0;0;0;0;0;0;0;0;0;54;51;54;1;776;17;211;100.0;0.0;0.0;23.2;51.0;15;19;44.1;-22.5;9;16;36.0;-24.8;0;0;0
10227;379;379;2;0;0;-2;0;0;0;0;0;0;0;3;0;0;2;58;55;59;1;2085;0;200;91.7;0.0;3.5;12.1;41.4;13;44;22.8;-24.7;9;32;22.0;-22.6;0;0;0
10230;379;379;3;0;1;0;0;0;0;0;0;0;0;5;2;0;1;65;63;60;0;2707;102;505;102.4;1.3;1.3;18.6;27.9;26;40;39.4;3.3;16;31;34.0;-1.2;0;3;1
10231;364;364;1;0;1;1;0;0;0;0;0;0;0;2;0;0;0;55;64;49;3;724;0;137;114.3;5.0;0.0;34.8;49.7;11;16;40.7;-16.9;9;12;42.9;-14.0;0;5;3
10232;374;374;1;0;0;-1;2;0;0;0;0;0;0;1;0;0;0;51;52;43;1;551;132;75;90.9;0.0;6.5;13.1;71.9;5;18;21.7;4.8;5;14;26.3;7.7;0;4;2
10233;371;371;3;0;0;1;0;0;0;0;0;0;0;6;0;1;2;60;52;63;3;3206;113;230;109.8;4.5;3.4;24.7;40.4;45;59;43.3;2.7;34;47;42.0;0.4;0;0;0
10234;372;372;3;3;0;0;6;0;0;0;0;0;0;2;1;4;6;52;56;52;8;3579;8;474;96.3;5.0;5.0;37.2;29.2;65;48;57.5;14.3;51;35;59.3;14.9;1;0;0
10235;372;372;1;0;1;1;2;0;0;0;0;0;0;2;0;1;0;63;66;58;4;1129;171;0;109.1;3.2;0.0;35.1;12.8;22;9;71.0;4.3;15;8;65.2;-1.4;0;9;8
10236;379;379;3;0;0;-1;2;0;0;0;0;0;0;1;0;1;1;58;58;59;5;2604;33;49;95.2;0.0;1.4;16.6;29.0;23;39;37.1;0.2;15;31;32.6;-3.1;0;25;12
10237;378;378;1;0;0;2;0;0;0;0;0;0;0;3;0;0;1;70;66;68;4;892;334;53;125.0;8.1;0.0;32.3;12.1;13;8;61.9;38.4;8;6;57.1;32.8;0;26;17
10238;376;376;2;1;0;3;2;0;0;0;0;0;0;0;0;0;0;57;59;49;2;921;0;49;116.4;15.6;3.9;43.0;19.5;16;8;66.7;16.3;14;6;70.0;16.5;0;6;2
10239;375;375;3;1;0;1;14;0;0;0;0;0;0;1;0;0;0;51;57;50;8;2508;0;214;103.7;1.4;0.0;38.8;18.7;46;28;62.2;10.1;35;21;62.5;5.4;0;3;2
10240;383;383;1;0;1;1;0;0;0;0;0;0;0;1;0;0;0;55;59;47;0;470;0;0;200.0;7.7;0.0;7.7;30.6;1;8;11.1;-36.1;1;4;20.0;-27.1;0;9;4
10241;358;358;1;1;0;1;0;0;0;0;0;0;0;2;0;1;1;74;59;75;3;1060;20;77;106.7;3.4;0.0;50.9;13.6;26;7;78.8;12.1;21;6;77.8;12.4;1;0;0
10242;373;373;1;0;0;-1;0;0;0;0;0;0;0;0;0;0;0;48;51;43;0;217;0;16;50.0;0.0;16.6;16.6;33.2;2;4;33.3;2.0;2;2;50.0;22.7;0;3;2
10243;371;371;1;0;0;-3;0;0;0;0;0;0;0;0;1;0;0;51;52;46;1;992;105;107;66.7;0.0;10.9;18.1;32.7;6;13;31.6;0.2;5;10;33.3;0.0;0;0;0
10244;376;376;1;0;1;1;2;0;0;0;0;0;0;0;0;0;0;58;54;60;1;880;0;140;138.9;8.2;4.1;16.4;36.8;7;17;29.2;-16.1;7;11;38.9;-3.0;0;0;0
10245;376;376;4;1;2;-2;0;0;1;0;0;0;0;9;0;2;8;73;58;81;7;4279;311;254;98.5;2.5;4.2;18.5;27.8;44;68;39.3;0.6;31;47;39.7;-1.4;0;0;0
10248;382;382;1;0;0;-2;2;0;0;0;0;0;0;0;1;0;0;47;50;41;1;743;24;0;60.0;0.0;9.7;29.1;24.2;9;13;40.9;-13.0;9;9;50.0;-4.2;0;0;0
10249;369;369;1;0;1;1;0;0;0;0;0;0;0;0;0;0;0;56;57;48;0;721;60;0;116.7;5.0;0.0;30.0;10.0;10;8;55.6;-4.7;9;5;64.3;8.0;0;0;0
10250;382;382;1;0;0;0;0;0;0;0;0;0;0;0;0;0;0;53;52;55;1;508;0;0;100.0;0.0;0.0;21.3;21.3;8;8;50.0;2.9;5;7;41.7;-7.4;0;6;3
10251;377;377;1;0;0;-1;0;0;0;0;0;0;0;3;1;0;3;52;41;54;0;1017;260;198;94.1;0.0;3.5;3.5;60.2;6;31;16.2;-16.4;2;24;7.7;-20.9;0;0;0
10254;364;364;1;0;0;0;2;0;0;0;0;0;0;2;0;0;2;61;50;63;1;581;105;109;100.0;0.0;0.0;31.0;18.6;9;5;64.3;14.3;7;4;63.6;13.6;0;0;0
10255;376;376;3;0;0;2;2;0;0;0;0;0;0;3;0;0;2;56;55;53;1;1532;0;180;125.0;4.7;0.0;18.8;25.8;13;28;31.7;-8.0;10;16;38.5;-2.5;0;12;6
10256;372;372;1;0;0;1;0;0;0;0;0;0;0;0;0;0;2;56;54;59;1;886;0;0;120.0;4.1;0.0;20.3;16.3;10;12;45.5;-30.7;7;7;50.0;-21.1;0;1;0
10257;361;361;3;2;0;-1;2;0;0;0;0;0;0;0;0;0;2;45;54;44;5;1485;0;131;96.6;4.8;7.3;33.9;41.2;23;26;46.9;5.0;16;22;42.1;-1.9;0;11;4
10258;376;376;2;1;0;1;0;0;0;0;0;0;0;0;0;1;0;56;58;52;2;1681;0;182;109.1;2.1;0.0;23.6;21.4;20;21;48.8;16.7;14;15;48.3;16.5;0;2;1
10259;374;374;2;0;0;-2;0;0;0;0;0;0;0;2;0;0;3;57;55;65;3;1626;447;184;93.8;0.0;4.4;15.5;70.8;10;53;15.9;-16.3;9;39;18.8;-13.8;0;0;0
10260;386;386;1;0;0;1;0;0;0;0;0;0;0;2;0;0;1;60;51;61;1;940;0;17;111.1;3.8;0.0;34.5;19.1;11;16;40.7;0.1;10;9;52.6;15.4;0;0;0
10262;379;379;1;0;0;0;0;0;0;0;0;0;0;0;0;0;0;49;50;49;1;305;0;0;100.0;0.0;0.0;35.4;23.6;4;13;23.5;-9.8;3;9;25.0;-7.0;0;0;0
10263;374;374;1;0;0;0;0;0;0;0;0;0;0;0;0;0;1;50;50;50;1;697;149;0;100.0;0.0;0.0;5.2;62.0;3;21;12.5;-8.2;1;15;6.3;-19.8;0;0;0
10265;377;377;2;0;2;2;2;0;0;0;0;0;0;2;1;0;5;67;62;71;8;2135;135;267;108.0;5.1;1.7;42.2;42.2;42;45;48.3;6.6;33;35;48.5;2.4;0;0;0
10266;358;358;1;0;0;-1;0;0;0;0;0;0;0;0;0;0;0;45;53;39;0;392;0;166;83.3;0.0;9.2;9.2;55.1;2;10;16.7;-24.4;2;8;20.0;-23.5;0;1;1
10267;358;358;2;0;1;-1;2;0;0;0;1;0;0;4;1;1;1;49;55;46;1;1469;20;240;89.5;0.0;4.9;22.1;46.6;14;23;37.8;-21.5;11;21;34.4;-27.0;0;6;3
10268;380;380;2;0;0;-4;0;0;0;0;0;0;0;1;1;2;1;49;51;44;0;1632;79;93;104.2;2.2;11.0;8.8;52.9;11;43;20.4;-16.6;9;31;22.5;-15.3;0;24;12
10269;363;363;1;0;1;0;0;0;1;0;0;0;0;1;0;0;0;53;65;50;3;991;218;32;73.8;3.6;3.6;50.9;10.9;21;5;80.8;8.6;17;5;77.3;-0.5;0;0;0
10270;381;381;2;1;1;4;0;0;0;0;0;0;0;1;0;1;1;50;56;49;4;1737;111;415;89.4;14.5;6.2;53.9;16.6;46;15;75.4;16.0;36;11;76.6;16.9;0;0;0
10271;368;368;1;0;0;0;0;0;0;0;0;0;0;0;0;0;1;53;55;49;1;655;0;129;100.0;0.0;0.0;33.0;27.5;8;17;32.0;7.7;7;9;43.8;17.8;0;9;4
10273;379;379;1;0;0;1;0;0;0;0;0;0;0;0;0;0;0;62;62;63;3;733;0;122;109.1;4.9;0.0;54.0;29.5;14;7;66.7;47.3;12;6;66.7;50.8;0;0;0
10274;386;386;2;0;0;-2;4;0;0;0;0;0;0;0;0;1;0;54;57;52;4;1483;321;0;91.7;0.0;4.9;24.3;58.3;10;42;19.2;-13.3;10;32;23.8;-7.4;0;0;0
10275;373;373;1;2;0;1;0;0;0;0;0;0;0;1;0;0;1;62;66;50;3;944;0;16;120.8;7.6;3.8;22.9;30.5;11;14;44.0;17.4;7;10;41.2;17.4;0;0;0
10276;375;375;1;0;0;0;0;0;0;0;0;0;0;1;0;0;4;68;57;86;1;935;33;0;100.0;0.0;0.0;11.6;23.1;8;16;33.3;2.2;5;8;38.5;5.9;0;1;0
10278;386;386;2;0;0;-2;0;0;0;0;0;0;0;1;0;0;0;48;50;45;0;667;10;0;83.3;0.0;10.8;16.2;64.8;6;24;20.0;-21.1;6;17;26.1;-14.7;0;1;0
10280;386;386;3;0;0;-2;0;0;0;0;0;0;0;1;0;0;2;53;53;53;5;1140;0;380;88.2;0.0;6.3;31.6;53.7;18;33;35.3;0.9;15;25;37.5;2.8;0;22;11
10281;376;376;1;0;1;1;0;0;0;0;0;0;0;3;0;0;1;66;67;53;2;837;124;60;125.0;4.3;0.0;17.2;17.2;9;8;52.9;16.3;7;6;53.8;16.3;0;10;5
10282;377;377;1;0;0;0;12;0;0;0;0;0;0;0;0;0;0;50;51;51;0;196;46;0;0.0;0.0;0.0;0.0;73.5;1;7;12.5;-31.3;1;6;14.3;-36.4;0;1;0
10284;380;380;3;0;0;-2;2;0;0;0;0;0;0;2;1;0;0;52;54;45;2;1324;0;28;86.9;2.7;8.2;27.2;35.3;20;21;48.8;-3.4;15;16;48.4;-4.2;0;14;9
10286;370;370;2;0;1;1;0;0;0;0;0;0;0;1;0;0;3;70;52;73;1;2068;0;188;110.0;1.7;0.0;17.4;54.0;20;46;30.3;0.3;14;38;26.9;-5.5;0;0;0
10287;377;377;2;0;0;0;0;0;0;0;0;0;0;1;0;0;0;60;56;65;1;1116;117;162;100.0;0.0;0.0;25.8;48.4;14;30;31.8;-16.0;11;23;32.4;-18.8;0;18;7
10288;356;356;2;0;0;-3;0;0;0;0;0;0;0;1;2;1;1;61;48;63;0;1909;51;231;66.7;0.0;5.7;28.3;17.0;32;12;72.7;-0.2;20;10;66.7;-4.3;0;0;0
10289;386;386;3;0;0;-2;0;0;0;0;0;0;0;3;0;1;3;57;53;58;5;1730;87;387;89.5;0.0;4.2;22.9;39.5;23;32;41.8;9.1;15;21;41.7;7.8;0;31;12
10290;355;355;1;0;0;0;0;0;0;0;0;0;0;1;0;0;0;53;56;49;2;587;0;0;100.0;0.0;0.0;42.9;12.3;11;2;84.6;3.5;9;2;81.8;3.4;0;3;1
10291;374;374;3;2;2;-2;0;1;1;0;0;0;0;2;1;1;1;65;65;65;6;2826;605;118;92.3;0.0;2.5;17.8;33.1;28;47;37.3;-2.6;19;37;33.9;-3.2;0;5;1
10292;382;382;1;0;0;-1;0;0;0;0;0;0;0;1;0;0;0;48;52;45;0;259;0;53;85.7;0.0;13.9;13.9;97.3;1;8;11.1;-43.9;1;8;11.1;-47.7;0;0;0
10293;358;358;1;0;0;0;0;0;0;0;0;0;0;2;1;0;0;52;48;54;1;905;42;0;100.0;0.0;0.0;23.9;31.8;7;13;35.0;12.8;6;9;40.0;14.2;0;0;0
10294;375;375;1;0;0;-1;0;0;0;0;0;0;0;0;1;0;0;39;47;38;1;510;0;0;83.3;0.0;7.1;14.1;42.4;6;10;37.5;7.1;4;9;30.8;-4.0;0;1;0
10295;369;369;2;0;0;0;0;0;0;0;0;0;0;2;0;0;4;61;52;63;3;1880;0;420;83.0;1.9;3.8;36.4;17.2;40;13;75.5;24.6;26;10;72.2;16.2;0;0;0
10296;367;367;1;0;1;2;0;0;0;0;0;0;0;1;0;1;0;60;67;54;2;902;83;0;125.0;8.0;0.0;31.9;20.0;15;8;65.2;-4.6;10;5;66.7;0.0;0;0;0
10297;364;364;2;0;1;2;0;0;0;0;0;0;0;0;1;0;1;57;49;58;4;2001;0;81;112.5;3.6;0.0;28.8;30.6;36;30;54.5;9.2;25;23;52.1;5.5;0;0;0
10298;372;372;1;0;0;0;0;0;0;0;0;0;0;1;0;0;0;55;52;61;2;493;125;0;100.0;0.0;0.0;7.3;7.3;7;4;63.6;-5.3;5;3;62.5;-4.2;0;1;0
10299;380;380;1;0;0;0;0;0;0;0;0;0;0;0;1;0;0;46;44;52;0;492;0;0;100.0;0.0;0.0;22.0;14.6;5;4;55.6;-4.7;3;3;50.0;-10.0;0;0;0
10301;361;361;2;0;0;-1;0;0;0;0;0;0;0;0;0;0;1;56;54;52;3;1193;0;69;80.0;0.0;3.0;24.1;15.1;20;13;60.6;7.9;12;8;60.0;4.9;0;10;4
10302;361;361;1;0;0;0;0;0;0;0;0;0;0;0;0;2;0;57;53;60;1;443;0;0;100.0;0.0;0.0;16.3;16.3;4;5;44.4;-32.3;2;4;33.3;-40.0;0;6;3
10303;364;364;1;0;0;0;0;0;0;0;0;0;0;0;0;0;0;49;50;49;0;404;0;0;0.0;0.0;0.0;0.0;8.9;2;2;50.0;-2.4;0;1;0.0;-53.1;0;0;0
10304;385;385;2;0;0;1;0;0;0;0;0;0;0;2;0;0;3;64;59;70;2;1379;210;39;125.0;2.6;0.0;10.4;33.9;7;21;25.0;-15.5;7;15;31.8;-8.4;0;14;8
10306;357;357;1;0;1;1;0;0;0;0;0;0;0;3;0;1;0;67;66;59;0;964;41;0;108.3;3.7;0.0;44.8;3.7;18;4;81.8;37.8;16;3;84.2;32.7;0;0;0
10307;360;360;1;0;0;0;0;0;0;0;0;0;0;0;0;0;1;44;51;43;1;1060;0;156;102.4;3.4;3.4;20.4;23.8;13;20;39.4;-5.5;8;12;40.0;-6.4;0;0;0
10308;360;360;2;0;1;0;0;0;0;0;0;0;0;1;0;0;0;50;54;47;1;1197;0;72;105.8;3.0;3.0;24.1;45.1;13;22;37.1;-2.9;9;18;33.3;-4.9;0;0;0
10309;364;364;3;1;0;1;0;0;0;0;0;0;0;1;1;1;2;51;55;49;6;2489;73;74;101.8;2.9;1.4;37.6;24.6;44;28;61.1;12.9;36;23;61.0;12.2;0;1;0
10310;386;386;3;0;1;-1;2;0;0;0;0;0;0;2;0;0;0;55;58;55;5;3054;135;115;99.0;1.2;2.4;20.0;34.2;29;57;33.7;1.5;22;42;34.4;2.0;0;4;2
10311;382;382;1;0;1;2;2;0;0;0;0;0;0;0;0;0;4;74;55;78;2;1109;0;101;113.3;6.5;0.0;48.7;16.2;18;14;56.3;13.7;16;9;64.0;26.5;0;0;0
10312;381;381;1;0;0;-1;0;0;0;0;0;0;0;0;3;0;0;41;34;46;0;692;0;32;85.7;0.0;5.2;10.4;36.4;7;11;38.9;3.2;4;8;33.3;-0.8;0;0;0
10313;354;354;3;2;2;1;0;0;1;0;0;0;0;1;0;0;1;56;65;45;7;1894;78;150;102.5;5.7;3.8;38.0;30.4;35;31;53.0;-2.7;28;20;58.3;0.1;0;0;0
10314;378;378;2;1;2;1;2;0;0;0;0;0;0;2;0;0;1;73;68;76;1;1184;445;5;143.3;6.1;3.0;12.2;45.6;7;20;25.9;-12.5;7;16;30.4;-8.3;0;11;6
10315;376;376;3;1;1;-1;0;1;0;0;0;0;0;2;2;2;0;58;59;52;12;2401;366;74;98.8;1.5;3.0;30.0;48.0;29;56;34.1;-6.4;26;42;38.2;-3.6;1;0;0
10316;368;368;2;0;0;-1;0;0;0;0;0;0;0;1;0;0;3;53;52;53;2;1696;0;464;91.7;0.0;2.1;29.7;25.5;30;23;56.6;7.0;24;16;60.0;9.0;0;0;0
10317;380;380;3;0;0;-3;0;0;0;0;0;0;0;1;0;0;3;52;55;44;2;1037;0;90;75.0;0.0;10.4;13.9;41.7;12;22;35.3;-8.4;10;17;37.0;-7.8;0;17;10
10318;361;361;1;0;0;0;0;0;0;0;0;0;0;1;0;0;0;47;53;46;2;1128;0;13;92.4;3.2;3.2;35.1;19.1;24;8;75.0;2.0;17;7;70.8;1.8;0;0;0
10319;371;371;3;1;0;0;0;0;0;0;0;0;0;1;1;0;2;54;55;50;6;1813;207;0;101.3;2.0;2.0;33.8;43.7;25;42;37.3;-5.6;21;35;37.5;-5.6;0;1;1
10320;376;376;1;0;0;0;0;0;0;0;0;0;0;2;0;0;1;54;52;52;0;471;0;40;0.0;0.0;0.0;0.0;61.1;0;18;0.0;-27.2;0;10;0.0;-28.4;0;4;2
10321;385;385;1;0;0;0;0;0;0;0;0;0;0;0;0;0;0;52;52;52;0;664;92;0;100.0;0.0;0.0;10.8;59.6;2;20;9.1;-24.7;2;17;10.5;-26.7;0;0;0
10322;361;361;2;1;1;2;2;0;0;0;0;0;0;5;0;1;3;61;56;60;4;2043;0;47;107.9;5.3;1.8;35.2;24.7;35;26;57.4;16.0;25;19;56.8;18.4;0;0;0
10323;363;363;1;0;0;0;0;0;0;0;0;0;0;0;1;0;2;52;52;52;2;801;0;0;100.0;0.0;0.0;31.5;13.5;13;6;68.4;-8.0;9;4;69.2;-10.4;0;0;0
10324;372;372;1;0;0;1;0;0;0;0;0;0;0;0;0;0;0;63;61;63;3;1146;0;81;109.1;3.1;0.0;34.6;12.6;21;9;70.0;2.7;14;8;63.6;-3.9;0;10;4
10325;358;358;1;0;0;0;0;0;0;0;0;0;0;1;0;0;0;52;57;48;1;426;0;17;100.0;0.0;0.0;33.8;16.9;10;4;71.4;1.0;5;2;71.4;2.0;0;0;0
10326;382;382;1;0;1;1;0;0;0;0;0;0;0;0;0;0;0;61;56;65;0;880;0;23;133.3;4.1;0.0;12.3;49.1;7;23;23.3;-37.4;5;17;22.7;-37.7;0;0;0
10327;371;371;1;1;0;1;12;0;0;0;0;0;0;0;1;0;1;56;54;67;2;731;0;79;133.3;4.9;0.0;14.8;64.0;6;26;18.8;-20.1;3;18;14.3;-27.9;0;0;0
10328;356;356;1;0;0;0;0;0;0;0;0;0;0;0;0;0;0;55;55;50;1;304;0;0;0.0;0.0;0.0;23.7;0.0;2;0;100.0;27.0;2;0;100.0;31.8;0;2;0
10329;358;358;1;0;0;0;0;0;0;0;0;0;0;1;0;0;1;59;50;60;0;974;0;11;100.0;0.0;0.0;22.2;29.6;12;15;44.4;-35.6;9;11;45.0;-33.0;0;0;0
10330;362;362;4;0;1;-1;0;0;0;0;0;0;0;6;0;1;3;63;65;56;8;3285;319;411;96.2;1.1;2.2;38.4;32.9;71;51;58.2;3.4;53;40;57.0;1.9;0;4;2
10331;379;379;1;1;0;1;0;0;0;0;0;0;0;0;0;0;1;61;54;62;1;815;0;62;110.0;4.4;0.0;44.2;39.8;13;11;54.2;32.1;12;9;57.1;40.1;0;0;0
10332;383;383;1;1;1;1;0;0;0;0;0;0;0;1;1;0;0;59;54;60;2;979;0;202;112.5;3.7;0.0;29.4;18.4;14;14;50.0;8.6;11;11;50.0;6.9;0;0;0
10333;369;369;3;0;0;0;4;0;0;0;0;0;0;4;3;1;1;56;53;57;4;2037;74;156;100.0;1.8;1.8;23.0;23.0;24;28;46.2;-9.8;20;19;51.3;-2.4;0;15;7
10334;382;382;1;0;0;2;0;0;0;0;0;0;0;0;0;0;1;70;62;75;2;1084;67;198;113.3;6.6;0.0;49.8;16.6;18;12;60.0;18.9;15;8;65.2;27.1;0;0;0
10335;382;382;1;0;0;2;2;0;0;0;0;0;0;1;0;0;0;57;57;61;1;857;0;43;125.0;8.4;0.0;33.6;37.8;14;14;50.0;-1.4;12;11;52.2;-1.5;0;0;0
10336;383;383;1;0;1;1;2;0;0;0;0;0;0;0;1;0;0;56;58;46;1;968;0;0;120.0;3.7;0.0;18.6;26.0;12;17;41.4;-3.5;10;13;43.5;-2.5;0;15;8
10337;376;376;1;0;0;-1;0;0;0;0;0;0;0;1;0;1;0;51;51;52;0;709;0;170;88.9;0.0;5.1;10.2;45.7;2;12;14.3;-31.7;2;11;15.4;-32.5;0;1;1
10341;377;377;2;0;1;0;0;0;0;0;0;0;0;3;0;0;1;56;56;51;0;857;302;43;116.7;4.2;4.2;16.8;50.4;6;25;19.4;-22.0;4;17;19.0;-18.3;0;7;4
10343;379;379;2;0;1;1;2;0;0;0;0;0;0;2;1;0;0;53;55;50;0;1252;0;0;116.7;2.9;0.0;17.3;14.4;16;12;57.1;18.7;11;8;57.9;21.4;0;1;1
10344;365;365;2;0;0;0;8;0;0;0;0;0;0;1;0;1;0;50;53;48;2;1534;0;0;100.0;2.3;2.3;16.4;16.4;26;16;61.9;16.7;14;11;56.0;7.2;0;1;0
10345;380;380;2;0;0;-2;2;0;0;0;0;0;0;0;0;0;4;59;58;65;1;1270;185;70;71.4;0.0;5.7;19.8;19.8;19;15;55.9;9.3;16;9;64.0;17.0;0;0;0
10347;371;371;2;0;0;-5;0;0;0;0;0;0;0;1;0;1;4;58;54;60;1;1904;0;113;77.3;0.0;9.5;13.2;41.6;14;32;30.4;-13.0;10;27;27.0;-18.0;0;0;0
10348;374;374;3;0;1;-2;0;0;0;0;0;0;0;2;0;0;4;61;62;56;4;2524;117;320;91.3;1.4;4.3;22.8;28.5;32;36;47.1;10.0;19;30;38.8;3.1;0;28;13
10350;375;375;2;0;0;1;0;0;0;0;0;0;0;1;0;0;2;53;50;53;1;765;0;0;114.3;4.7;0.0;32.9;23.5;11;10;52.4;-6.2;8;7;53.3;-10.7;0;2;0
10351;378;378;4;0;0;1;2;0;0;0;0;0;0;1;0;0;2;56;55;57;3;4065;198;388;112.1;4.4;3.5;17.7;27.5;33;61;35.1;-7.2;26;40;39.4;0.8;0;1;1
10352;369;369;1;0;0;-1;0;0;0;0;0;0;0;0;0;2;1;56;55;56;1;1044;0;181;83.3;0.0;3.4;20.7;20.7;20;9;69.0;14.1;13;7;65.0;10.2;0;0;0
10353;381;381;1;0;0;0;0;0;0;0;0;0;0;1;0;0;0;61;56;72;0;412;232;0;100.0;0.0;0.0;35.0;26.2;6;4;60.0;-6.1;6;3;66.7;-0.7;0;5;2
10354;368;368;1;0;0;0;4;0;0;0;0;0;0;1;0;2;1;72;52;91;0;881;64;111;100.0;0.0;0.0;16.3;53.1;7;27;20.6;-8.9;5;17;22.7;-11.4;0;0;0
10356;357;357;1;0;0;-2;0;0;0;0;0;0;0;0;0;1;1;52;53;49;2;500;0;142;81.8;0.0;14.4;43.2;79.2;10;18;35.7;-1.8;8;16;33.3;0.0;0;7;3
10357;385;385;1;0;0;1;0;0;0;0;0;0;0;2;0;1;0;50;51;49;2;762;0;41;133.3;4.7;0.0;14.2;42.5;3;18;14.3;-23.7;3;11;21.4;-13.6;0;0;0
10358;358;358;1;0;0;0;0;0;0;0;0;0;0;1;0;0;0;43;52;42;0;882;42;45;100.0;0.0;0.0;20.4;24.5;6;12;33.3;9.9;5;8;38.5;11.2;0;4;2
10359;377;377;2;0;0;2;0;0;0;0;0;0;0;1;0;0;1;57;56;57;1;1505;286;0;125.0;4.8;0.0;19.1;31.1;15;28;34.9;-3.7;11;20;35.5;0.5;0;0;0
10361;373;373;1;0;0;-1;0;0;0;0;0;0;0;1;0;0;0;49;51;43;0;234;0;0;50.0;0.0;15.4;30.8;30.8;2;4;33.3;2.0;2;2;50.0;22.7;0;0;0
10362;373;373;1;0;0;1;0;0;0;0;0;0;0;0;1;0;1;51;48;47;0;931;109;18;127.5;7.7;3.9;19.3;30.9;9;15;37.5;8.3;5;10;33.3;6.1;0;2;1
10363;358;358;2;1;0;1;0;0;0;0;0;0;0;3;0;0;1;55;56;51;1;1347;42;163;133.3;2.7;0.0;8.0;42.8;6;29;17.1;-42.4;4;23;14.8;-48.7;0;20;8
10364;386;386;3;0;0;-2;2;0;0;0;0;0;0;1;0;0;1;55;54;60;1;1050;305;73;83.3;0.0;6.9;17.1;41.1;12;25;32.4;2.3;9;18;33.3;2.8;0;19;12
10365;370;370;1;0;0;0;0;0;0;0;0;0;0;0;0;0;0;50;52;45;1;719;29;0;137.5;5.0;5.0;10.0;40.1;5;15;25.0;-5.1;2;10;16.7;-14.1;0;0;0
10367;384;384;2;0;2;2;0;0;0;0;0;0;0;0;0;0;0;58;60;53;0;803;0;28;128.6;9.0;0.0;31.4;22.4;16;8;66.7;29.9;10;7;58.8;22.5;0;2;2
10368;370;370;1;0;0;-1;0;0;0;0;0;0;0;1;0;0;0;53;54;51;0;436;0;0;0.0;0.0;8.3;0.0;66.1;1;13;7.1;-25.4;0;11;0.0;-33.3;0;0;0
10369;374;374;1;0;0;0;0;0;0;0;0;0;0;0;0;0;0;57;56;56;2;456;132;0;100.0;0.0;0.0;15.8;15.8;5;5;50.0;36.1;4;3;57.1;40.8;0;9;5
10371;374;374;1;0;0;-1;0;0;0;0;0;0;0;0;1;0;0;57;44;59;1;1035;0;64;87.5;0.0;3.5;27.8;27.8;17;13;56.7;11.1;12;12;50.0;4.7;0;0;0
10374;374;374;3;1;0;0;2;0;0;0;0;0;0;2;1;0;2;57;53;59;1;1594;443;0;114.1;2.3;2.3;11.3;38.4;9;40;18.4;-24.9;7;27;20.6;-18.5;0;14;10
10375;382;382;1;0;0;0;0;0;0;0;0;0;0;0;0;0;0;49;52;47;0;524;0;53;100.0;0.0;0.0;20.6;20.6;5;9;35.7;-14.3;3;7;30.0;-20.9;0;0;0
10376;386;386;2;0;0;-1;2;0;0;0;0;0;0;1;0;0;1;49;50;48;1;1211;0;0;91.7;0.0;3.0;26.8;35.7;16;21;43.2;7.3;11;13;45.8;9.4;0;0;0
10378;360;360;1;0;0;-3;0;0;0;0;0;0;0;0;0;1;0;47;49;46;0;935;0;0;82.4;0.0;11.6;19.3;65.5;9;25;26.5;-14.3;6;23;20.7;-14.4;0;0;0
10382;377;377;1;0;0;1;0;0;0;0;0;0;0;1;0;1;2;77;49;82;0;850;0;53;133.3;4.2;0.0;12.7;16.9;9;10;47.4;-1.9;5;6;45.5;-5.6;0;0;0
10666;138;138;7;2;3;-4;8;1;1;0;0;0;0;9;4;1;2;64;69;61;21;5530;1659;20;83.6;2.0;4.6;35.8;20.8;98;57;63.2;6.1;74;46;61.7;3.6;0;1;1
10798;148;148;7;3;2;4;0;0;0;1;0;0;0;7;0;2;5;65;67;60;12;5354;280;651;105.4;3.4;1.3;28.9;21.5;82;63;56.6;-4.2;60;42;58.8;-1.7;1;3;2
10820;91;91;7;1;1;-4;2;1;0;0;0;0;0;5;2;3;0;62;60;59;15;5324;984;264;90.8;1.4;4.1;30.4;29.8;86;80;51.8;3.0;61;61;50.0;0.7;1;74;40
10837;94;94;7;1;3;2;12;0;0;0;0;0;0;13;6;3;4;63;60;65;19;5227;896;335;105.7;2.1;0.0;36.5;26.9;86;76;53.1;4.6;68;51;57.1;7.6;0;72;44
10888;137;137;7;0;1;-2;6;0;0;0;0;0;0;10;2;3;16;61;50;68;9;7054;950;581;101.8;1.5;2.6;19.4;41.8;70;141;33.2;1.7;51;103;33.1;0.6;0;0;0
11310;90;90;6;1;1;-3;2;0;0;0;0;0;0;8;1;0;5;62;59;60;13;5614;835;311;93.9;1.9;3.8;24.4;27.6;68;73;48.2;-4.3;49;55;47.1;-3.4;0;83;34
11328;153;153;7;2;2;5;0;1;0;0;0;0;0;2;3;2;13;62;56;68;16;6960;1137;1112;109.8;3.6;1.0;26.9;28.4;83;103;44.6;0.2;66;71;48.2;1.5;0;0;0
11390;96;96;6;0;1;-1;10;0;0;0;0;0;0;19;3;2;0;64;62;62;4;5150;85;902;102.7;1.4;2.1;16.1;35.0;56;78;41.8;-5.4;37;64;36.6;-12.1;0;15;8
11392;152;152;7;0;1;-2;4;0;0;0;0;0;0;11;0;3;7;59;53;63;6;6967;350;1179;97.8;1.6;3.1;19.1;30.0;70;107;39.5;-5.0;50;77;39.4;-6.2;0;2;2
11396;95;95;6;0;4;5;0;0;1;0;0;0;0;10;4;4;2;64;57;63;7;4752;638;884;109.5;5.3;1.5;30.3;18.9;85;45;65.4;10.7;65;32;67.0;10.8;0;29;13
11397;92;92;6;0;0;0;0;0;0;0;0;0;0;1;3;1;9;66;48;69;6;3938;36;455;101.1;1.8;1.8;25.6;30.2;51;65;44.0;-8.0;40;46;46.5;-5.2;0;0;0
11399;89;89;7;2;1;0;2;2;1;0;0;0;0;9;1;3;1;65;60;63;25;5097;1298;601;98.3;0.7;0.7;34.6;19.1;80;69;53.7;-1.2;61;45;57.5;0.4;0;92;48
11414;151;151;7;0;3;0;0;0;1;0;0;0;0;6;2;5;11;66;55;72;10;7204;818;541;99.6;2.0;2.0;30.0;28.5;105;96;52.2;-2.4;79;72;52.3;-1.3;0;0;0
11468;149;149;7;2;2;0;8;0;0;0;0;0;0;15;4;3;5;60;61;58;12;6078;10;1062;100.0;2.4;2.4;22.5;22.5;60;67;47.2;5.4;43;50;46.2;5.0;0;76;40
11537;346;346;6;2;0;-2;16;0;0;0;0;0;0;7;0;1;7;61;59;60;6;4854;308;762;93.2;3.0;5.2;26.7;28.9;59;89;39.9;2.4;46;63;42.2;4.3;0;71;37
11569;92;92;6;1;0;1;2;0;0;0;0;0;0;8;4;3;4;66;55;65;4;4811;25;716;99.5;2.2;1.5;31.4;19.5;70;58;54.7;5.4;57;40;58.8;9.3;0;65;32
11653;93;93;6;2;1;-4;0;1;0;0;0;0;0;8;3;0;4;57;57;53;8;4970;698;379;100.8;2.2;5.1;17.4;43.5;59;103;36.4;-6.1;36;81;30.8;-13.1;0;7;3
11698;100;100;6;1;1;-5;2;1;0;0;0;0;0;12;2;5;3;63;56;61;10;5297;151;1136;88.1;1.4;4.8;34.0;29.9;82;82;50.0;-5.9;66;65;50.4;-2.9;0;85;34
12001;275;275;5;0;1;1;6;0;0;0;0;0;0;8;0;2;0;61;61;59;11;3784;633;483;101.2;1.9;1.0;39.0;25.7;62;45;57.9;0.3;50;31;61.7;5.2;0;54;26
13549;108;108;6;0;1;-4;0;0;0;0;0;0;0;7;1;0;3;52;51;50;5;4261;0;1355;95.8;2.5;5.9;20.3;35.5;44;78;36.1;-2.6;32;54;37.2;-1.5;0;0;0
13592;92;92;7;0;3;0;4;0;2;0;1;0;0;6;1;6;10;59;53;62;8;6680;782;1145;96.0;1.6;2.2;23.7;19.9;100;73;57.8;10.1;68;54;55.7;5.7;0;0;0
13597;112;112;2;0;0;1;2;0;0;0;0;0;0;0;0;0;0;52;53;49;3;937;0;353;112.5;3.8;0.0;30.7;38.4;13;19;40.6;-10.1;10;13;43.5;-4.6;0;11;5
13606;98;98;7;2;1;3;4;0;0;0;0;0;0;2;1;4;3;59;58;62;14;5343;2079;0;104.5;3.4;1.3;36.4;28.3;88;79;52.7;-1.7;65;57;53.3;-1.5;1;17;7
13624;267;-1;3;0;0;-3;0;0;0;0;0;0;0;1;0;1;0;62;63;56;2;2080;234;130;84.2;0.0;5.2;24.2;32.9;25;26;49.0;-4.0;22;23;48.9;-5.3;0;26;17
13683;271;-1;4;0;0;-4;2;0;0;0;0;0;0;9;2;4;7;64;48;66;7;3990;49;677;86.3;0.9;4.5;37.0;28.0;69;57;54.8;-0.4;59;42;58.4;5.7;0;0;0
13697;266;-1;4;0;0;-2;0;0;0;0;0;0;0;0;1;1;2;52;52;50;0;2364;66;0;89.5;0.0;3.0;21.3;28.9;34;34;50.0;-10.5;22;24;47.8;-13.2;0;23;8
13763;266;-1;5;1;3;3;2;0;0;0;0;0;0;5;0;2;2;65;67;56;5;3874;775;181;112.8;4.6;1.9;22.3;23.2;63;46;57.8;-0.9;43;34;55.8;-0.8;0;2;0
13836;254;-1;3;1;2;1;2;1;1;0;0;0;0;2;0;1;4;69;70;67;7;3032;473;283;105.4;3.6;2.4;28.5;33.2;54;42;56.3;17.6;30;37;44.8;4.6;0;0;0
14103;264;-1;3;1;2;0;2;0;0;0;0;0;0;5;0;0;4;65;67;60;3;2435;1028;390;119.2;4.4;4.4;16.3;54.7;21;59;26.3;-8.7;16;46;25.8;-8.4;0;0;0
14357;254;-1;5;2;3;2;2;0;1;0;0;0;0;2;1;1;2;66;70;53;7;4420;770;321;108.3;4.1;2.4;26.9;35.8;66;82;44.6;-7.8;46;67;40.7;-8.5;0;68;29
14377;126;126;1;1;0;1;2;0;0;0;0;0;0;1;0;1;2;65;56;65;1;806;0;95;108.3;4.5;0.0;53.6;31.3;16;13;55.2;-21.5;14;10;58.3;-22.1;1;0;0
14436;99;99;4;0;0;0;4;0;0;0;0;0;0;3;0;1;0;53;51;60;3;1380;329;31;100.0;0.0;0.0;28.7;41.7;20;25;44.4;-6.8;15;21;41.7;-9.7;0;16;5
14458;351;351;2;1;1;1;2;0;0;0;0;0;0;3;1;0;0;57;64;51;4;1212;75;0;107.1;3.0;0.0;41.6;20.8;24;14;63.2;25.0;22;9;71.0;30.1;0;0;0
14484;263;-1;4;2;2;-2;4;0;1;0;0;0;0;3;3;0;0;60;63;49;14;3294;595;447;93.2;2.2;4.4;27.3;29.5;46;60;43.4;-8.9;35;41;46.1;-6.5;0;2;1
14514;271;-1;3;1;0;1;0;0;0;0;0;0;0;4;1;3;1;63;62;61;8;2599;116;578;103.0;2.8;1.4;34.6;27.7;50;41;54.9;2.8;38;33;53.5;1.7;0;33;18
14526;119;119;5;0;3;1;10;0;0;0;0;0;0;5;0;0;4;58;55;59;6;3172;671;45;106.1;2.3;0.0;37.5;22.7;51;41;55.4;6.9;37;27;57.8;5.0;0;0;0
14530;253;-1;2;0;1;-1;0;0;0;0;0;0;0;1;0;0;5;49;53;48;1;2085;0;240;95.0;5.2;6.9;25.9;27.6;25;28;47.2;9.6;20;22;47.6;7.8;0;0;0
14562;117;117;1;0;0;-1;0;0;0;0;0;0;0;0;0;1;1;56;57;53;0;634;58;4;80.0;0.0;5.7;11.4;28.4;4;9;30.8;-8.9;4;7;36.4;-5.3;0;6;4
15661;260;-1;2;0;0;2;0;0;0;0;0;0;0;1;0;2;1;65;65;60;1;1466;491;0;120.0;4.9;0.0;24.6;31.9;19;20;48.7;0.0;12;14;46.2;-2.2;0;1;0
16513;339;339;3;0;0;0;2;0;0;0;0;0;0;1;0;0;0;50;51;49;2;1148;86;0;105.4;3.1;3.1;25.1;43.9;10;25;28.6;-16.6;9;19;32.1;-11.0;0;5;2
17880;264;-1;4;0;1;-1;2;0;1;0;0;0;0;4;3;1;1;55;55;55;2;2525;409;723;108.9;2.9;4.3;14.3;38.5;21;50;29.6;-17.8;16;36;30.8;-15.9;0;29;16
17884;260;-1;2;0;1;0;0;0;1;0;0;0;0;1;0;0;4;64;68;55;7;1514;350;0;100.0;0.0;0.0;38.0;30.9;27;27;50.0;-10.8;19;22;46.3;-19.6;0;24;13
17886;258;-1;3;0;3;-1;4;0;2;0;0;0;0;8;1;1;3;69;74;59;6;2475;911;508;101.0;4.4;5.8;27.6;39.3;36;39;48.0;-11.9;25;33;43.1;-19.5;0;66;29
17888;257;-1;1;1;0;0;0;0;0;0;0;0;0;2;0;0;0;62;63;59;3;1001;43;205;92.5;3.6;3.6;28.8;18.0;10;23;30.3;-12.6;10;15;40.0;-3.2;0;8;3
17889;256;-1;5;1;1;1;2;0;0;0;0;0;0;7;1;1;2;60;62;49;10;4279;184;181;100.1;4.2;3.4;34.5;27.8;80;62;56.3;-0.2;58;45;56.3;0.2;0;5;3
17894;264;-1;4;0;0;-2;2;0;0;0;0;0;0;3;1;1;1;54;53;54;0;1937;0;560;89.5;0.0;3.7;9.3;35.3;17;38;30.9;-12.0;12;29;29.3;-12.5;0;3;1
17895;268;-1;4;1;0;-4;2;0;0;0;0;0;0;0;1;0;6;70;67;75;6;4233;462;526;89.6;0.9;4.3;19.6;28.9;55;52;51.4;-7.6;37;42;46.8;-10.3;0;0;0
17900;267;-1;1;1;0;2;2;0;0;0;0;0;0;1;2;0;1;59;60;58;3;1309;211;0;108.8;8.3;2.8;35.8;19.3;22;17;56.4;-15.7;15;14;51.7;-25.7;0;0;0
17906;272;-1;3;0;0;-1;0;0;0;0;0;0;0;3;1;0;1;53;52;53;0;1446;390;0;92.5;2.5;5.0;19.9;24.9;22;21;51.2;-5.7;14;15;48.3;-10.0;0;18;10
17908;265;-1;4;2;0;-2;0;1;0;0;0;0;0;1;1;2;2;67;65;65;13;3652;922;620;101.2;2.0;3.0;22.7;39.4;49;57;46.2;0.6;36;46;43.9;-3.2;0;35;18
17913;268;-1;2;0;1;1;9;0;1;0;0;1;1;2;1;0;2;63;61;64;1;1146;235;182;107.7;3.1;0.0;40.8;12.6;21;6;77.8;31.6;16;4;80.0;40.0;0;24;15
17930;258;-1;1;0;1;1;0;0;0;0;0;0;0;5;1;0;0;70;64;72;3;1028;60;201;79.2;7.0;3.5;56.0;10.5;20;7;74.1;24.1;20;5;80.0;29.0;0;11;8
17934;123;123;3;1;0;0;0;0;0;0;0;0;0;0;0;0;1;55;51;55;3;1497;0;293;105.7;4.8;4.8;26.5;38.5;19;23;45.2;-20.3;12;19;38.7;-29.4;0;0;0
17948;266;-1;3;1;1;0;2;1;0;0;0;0;0;4;2;0;4;60;60;56;6;2806;281;268;95.9;1.3;1.3;21.8;12.8;33;37;47.1;-17.1;22;22;50.0;-15.5;0;3;2
17951;273;-1;2;1;0;0;2;0;0;0;0;0;0;1;1;1;7;63;51;69;2;2172;132;422;91.6;1.7;1.7;28.2;11.6;30;21;58.8;-2.0;26;15;63.4;-1.1;0;0;0
17966;264;-1;2;0;0;0;0;0;0;0;0;0;0;2;0;0;1;60;56;63;0;1278;0;213;112.1;2.8;2.8;16.9;62.0;10;35;22.2;-17.8;7;29;19.4;-19.3;0;1;0
17969;251;-1;3;0;0;-3;0;0;0;0;0;0;0;2;1;0;0;51;50;52;6;1316;168;21;77.8;0.0;5.5;32.8;24.6;23;15;60.5;8.1;19;13;59.4;7.4;0;5;2
17970;268;-1;4;3;2;4;10;1;1;1;0;0;0;5;2;1;6;68;68;67;11;3576;908;534;109.2;5.0;2.0;28.2;23.2;54;47;53.5;3.7;38;31;55.1;6.0;0;16;8
17975;272;-1;3;0;2;1;0;0;1;0;0;0;0;3;1;0;3;66;53;66;5;2822;469;370;102.4;1.3;0.0;53.6;17.9;72;29;71.3;21.5;59;22;72.8;18.0;0;0;0
17980;266;-1;1;0;0;-1;0;0;0;0;0;0;0;0;0;0;0;50;52;49;1;378;0;142;80.0;0.0;9.5;19.0;47.6;3;8;27.3;-35.2;2;8;20.0;-37.1;0;0;0
17983;262;-1;3;0;1;-1;2;0;0;0;0;0;0;2;1;0;2;65;65;67;0;2797;947;364;104.2;1.3;1.3;18.0;43.8;27;52;34.2;-1.7;17;44;27.9;-7.1;0;17;7
17985;261;-1;3;1;2;2;2;0;0;0;0;0;0;4;2;0;9;65;58;72;4;2849;25;560;101.8;5.1;2.5;43.0;25.3;61;36;62.9;12.9;43;27;61.4;12.2;0;0;0
17987;261;-1;4;3;3;1;0;2;1;1;0;0;0;7;0;2;3;74;76;63;16;3395;863;705;99.6;3.2;3.2;28.6;27.6;51;55;48.1;-2.6;36;37;49.3;0.5;0;10;2
17992;271;-1;2;0;0;-1;0;0;0;0;0;0;0;1;0;1;3;57;54;58;4;2112;647;164;97.7;5.1;6.8;27.3;32.4;32;36;47.1;-20.6;24;29;45.3;-23.9;0;0;0
17996;267;-1;2;0;2;-1;0;0;0;0;0;0;0;0;1;1;0;60;63;52;1;1571;127;242;105.5;4.6;6.9;16.0;29.8;25;24;51.0;-2.5;18;19;48.6;-4.7;0;8;3
18004;259;-1;4;1;3;1;0;0;0;0;0;0;0;3;0;2;2;64;66;57;12;3582;570;219;98.2;4.0;3.0;43.2;27.1;73;48;60.3;9.7;58;37;61.1;6.8;0;12;6
18007;253;-1;3;1;1;-1;0;0;0;0;0;0;0;3;3;2;0;62;62;62;8;2554;644;66;97.6;2.8;4.2;32.4;38.1;34;44;43.6;5.5;26;34;43.3;4.5;0;3;2
18014;253;-1;4;1;2;-3;0;1;0;0;0;0;0;5;0;2;6;64;63;63;7;3426;648;348;93.0;2.1;5.3;23.1;32.6;37;59;38.5;-7.2;27;45;37.5;-9.2;1;65;34
18015;269;-1;3;1;0;-1;2;1;0;0;0;0;0;0;1;0;2;69;64;70;13;2498;848;86;95.0;1.4;2.9;17.3;21.6;23;31;42.6;-0.3;17;21;44.7;3.7;0;5;2
18017;257;-1;2;2;3;0;0;2;1;0;1;0;0;2;0;2;3;79;77;80;5;1879;204;483;88.9;3.8;3.8;34.5;17.2;32;32;50.0;6.5;24;19;55.8;12.8;0;37;14
18025;95;95;6;0;1;1;0;0;1;0;0;0;0;2;2;1;1;57;53;63;11;2402;1263;53;105.0;1.5;0.0;30.0;33.0;41;36;53.2;-6.0;30;28;51.7;-8.9;0;0;0
18041;260;-1;3;0;1;0;0;0;1;0;0;0;0;1;0;0;2;59;60;57;4;2046;578;47;105.0;1.8;1.8;17.6;35.2;23;28;45.1;2.7;13;23;36.1;-4.0;0;36;17
18043;265;-1;3;1;2;1;2;0;1;0;0;0;0;2;1;3;2;65;64;65;7;2874;464;243;103.4;3.8;2.5;33.8;32.6;54;46;54.0;-2.8;42;31;57.5;0.6;0;1;0
18044;261;-1;1;1;0;2;0;0;0;0;0;0;0;0;0;0;0;66;66;48;3;1054;89;0;114.3;6.8;0.0;47.8;23.9;24;9;72.7;28.6;18;9;66.7;22.0;1;21;10
18052;257;-1;2;0;0;0;0;0;0;0;0;0;0;4;0;0;0;63;61;65;6;1766;467;228;100.0;0.0;0.0;26.5;32.6;24;27;47.1;3.6;17;24;41.5;-3.3;0;0;0
18053;265;-1;3;0;0;-2;0;0;0;0;0;0;0;0;0;2;1;55;54;58;4;1558;234;83;91.4;2.3;6.9;25.4;39.3;21;23;47.7;3.2;15;18;45.5;0.8;0;27;14
18057;263;-1;5;1;1;5;2;0;0;0;0;0;0;4;1;2;14;62;54;63;12;5165;595;1007;109.1;4.9;2.8;27.2;31.4;68;81;45.6;-17.3;50;60;45.5;-22.2;0;0;0
18060;268;-1;2;1;2;-1;0;1;2;0;0;0;0;0;0;1;2;71;70;69;4;1652;400;128;90.0;0.0;2.2;28.3;21.8;21;25;45.7;-1.5;16;17;48.5;1.4;0;23;15
18062;251;-1;3;0;1;4;2;0;1;0;0;0;0;4;7;0;2;55;51;66;11;2825;726;301;112.7;7.6;2.5;34.4;26.8;49;39;55.7;1.8;39;30;56.5;4.4;0;0;0
18072;260;-1;2;0;1;0;2;0;0;0;0;0;0;5;0;1;2;59;53;59;0;2084;286;77;105.8;1.7;1.7;15.5;32.8;17;38;30.9;-22.8;11;31;26.2;-26.4;0;0;0
18074;258;-1;2;1;1;2;2;0;0;0;0;0;0;3;0;1;3;72;59;73;2;2208;27;415;96.1;6.5;3.3;31.0;13.0;42;13;76.4;24.4;29;11;72.5;17.9;0;0;0
18078;254;-1;4;0;2;1;0;0;1;0;0;0;0;6;0;3;5;67;66;70;9;4581;488;378;103.4;3.9;3.1;25.9;26.7;54;78;40.9;-12.0;40;53;43.0;-6.2;0;0;0
18083;259;-1;3;3;2;1;2;0;0;0;0;0;0;1;0;2;1;76;77;70;9;2747;678;142;94.8;5.2;3.9;35.4;19.7;51;36;58.6;10.6;37;28;56.9;6.9;0;51;31
18100;269;-1;5;0;1;-1;2;0;0;0;0;0;0;9;1;1;11;62;51;63;7;4803;25;884;97.6;2.2;3.0;28.5;29.2;73;75;49.3;3.3;54;52;50.9;5.3;0;0;0
18104;255;-1;4;1;3;-4;2;1;1;0;0;0;0;2;0;2;4;69;76;62;17;3866;1099;107;89.1;1.9;4.7;39.1;29.8;81;67;54.7;6.6;56;45;55.4;10.0;0;8;4
18106;267;-1;5;1;1;3;2;0;0;0;0;0;0;5;5;5;8;61;53;70;10;5056;560;594;114.1;4.3;1.4;21.4;24.2;65;62;51.2;3.0;50;48;51.0;4.9;0;0;0
18108;270;-1;4;2;2;-1;2;0;0;0;0;0;0;4;2;2;1;64;62;65;8;3347;264;670;101.8;4.3;5.4;30.1;43.0;39;71;35.5;-2.9;32;59;35.2;-5.4;0;17;9
18118;255;-1;1;0;0;-1;0;0;0;0;0;0;0;0;0;0;0;54;58;49;1;876;104;124;83.3;0.0;4.1;28.8;24.7;14;18;43.8;-4.5;8;10;44.4;-3.2;0;5;2
18119;252;-1;3;0;2;-2;4;0;0;0;0;0;0;5;1;2;6;59;54;62;2;3166;168;371;100.0;2.3;4.5;17.1;34.1;40;56;41.7;-1.8;30;39;43.5;-1.7;0;0;0
18124;251;-1;3;0;1;0;2;0;1;0;0;0;0;1;1;0;2;72;68;78;12;2613;883;209;104.3;1.4;0.0;31.7;12.4;36;23;61.0;14.6;28;17;62.2;18.3;0;55;33
18126;258;-1;1;2;2;4;0;0;0;1;0;0;0;2;0;0;0;83;92;78;2;839;67;230;127.3;12.9;0.0;47.2;8.6;23;6;79.3;26.2;19;5;79.2;23.8;0;16;7
18128;254;-1;3;0;0;-1;0;0;0;0;0;0;0;3;1;0;1;53;50;55;1;1463;0;226;94.7;0.0;2.5;24.6;46.8;16;35;31.4;-17.0;13;25;34.2;-9.4;0;4;1
18152;257;257;3;0;2;1;2;0;0;0;0;0;0;5;1;0;2;64;67;56;6;2782;666;106;105.6;5.2;2.6;31.1;23.3;42;45;48.3;-13.0;32;32;50.0;-11.7;0;0;0
18156;261;-1;4;1;5;2;0;1;1;0;1;0;0;3;1;0;1;64;65;56;6;2418;493;145;107.5;3.0;1.5;23.8;29.8;33;37;47.1;-4.3;24;26;48.0;-3.0;1;43;25
18178;252;-1;4;0;1;-5;0;0;1;0;0;0;0;2;1;1;2;60;59;58;5;2758;575;0;76.8;1.3;6.5;20.9;22.2;35;35;50.0;0.2;22;25;46.8;-6.9;0;52;24
18180;270;-1;5;0;1;-6;2;0;1;0;0;0;0;4;4;0;10;57;53;60;11;4906;1196;743;88.0;1.5;5.1;18.3;25.7;57;75;43.2;5.0;44;54;44.9;6.0;0;0;0
18184;251;-1;2;0;1;1;4;0;0;0;0;0;0;2;1;0;2;58;59;57;2;1057;255;0;114.3;6.8;0.0;47.7;20.4;24;16;60.0;10.4;17;8;68.0;18.5;0;0;0
18189;259;-1;4;0;1;-1;0;0;0;0;0;0;0;6;0;1;11;61;56;64;8;4629;329;766;97.0;3.1;3.1;34.2;25.7;68;59;53.5;1.4;55;45;55.0;0.1;0;0;0
18190;268;-1;2;0;1;-1;0;0;0;0;1;0;0;1;1;4;1;61;61;56;1;1143;0;398;71.4;0.0;6.3;40.9;22.0;24;16;60.0;-6.7;15;14;51.7;-15.5;0;19;9
18196;271;-1;4;1;1;0;6;0;1;0;0;0;0;2;0;1;1;68;70;63;11;3456;981;152;101.5;3.1;3.1;27.1;31.3;45;56;44.6;-12.4;36;44;45.0;-11.1;0;4;1
18210;252;-1;2;1;0;-2;2;0;0;0;0;0;0;4;2;0;0;54;62;50;8;1918;225;495;88.9;0.0;3.8;35.7;33.8;33;27;55.0;-12.4;22;21;51.2;-17.7;0;16;9
18212;251;-1;3;0;3;0;6;0;0;0;0;0;0;5;1;0;6;65;62;73;10;2865;1243;454;100.8;3.8;2.5;36.4;26.4;49;39;55.7;9.5;38;28;57.6;12.4;0;0;0
18217;258;-1;3;3;1;4;0;1;0;0;0;0;0;0;0;0;1;62;65;49;7;1798;278;148;126.7;8.0;0.0;30.0;40.0;25;39;39.1;-15.9;18;28;39.1;-14.2;0;32;12
18244;267;-1;3;0;1;-1;0;0;0;0;0;0;0;1;1;1;0;59;61;53;4;2389;566;242;103.9;6.0;6.0;24.1;28.6;37;34;52.1;6.6;26;29;47.3;2.2;0;29;18
18255;258;-1;3;0;2;0;2;0;0;0;0;0;0;2;2;0;2;55;57;55;1;1755;0;19;104.9;4.1;4.1;26.7;39.0;29;37;43.9;-14.8;20;29;40.8;-18.2;0;4;2
18263;258;-1;3;0;2;3;2;0;0;0;0;0;0;5;1;1;4;64;63;64;6;2743;738;445;112.2;5.2;1.3;34.1;40.7;39;49;44.3;-15.0;30;40;42.9;-15.9;0;1;0
18270;255;-1;1;0;0;2;0;0;0;0;0;0;0;3;0;0;0;64;63;54;1;985;60;51;118.2;7.3;0.0;40.2;7.3;19;8;70.4;14.4;14;5;73.7;25.4;0;1;1
18272;267;-1;3;0;2;-2;4;0;1;0;0;0;0;1;1;0;3;64;65;60;5;2373;488;61;96.3;3.0;6.1;19.7;31.9;33;36;47.8;-11.1;26;30;46.4;-11.3;0;25;15
18313;260;-1;1;0;0;0;0;0;0;0;0;0;0;0;2;0;1;60;54;72;1;889;292;0;100.0;0.0;0.0;44.5;28.3;14;11;56.0;-5.9;12;7;63.2;0.4;0;20;10
18314;272;-1;3;0;0;1;0;0;0;0;0;0;0;3;2;1;1;65;56;64;3;1768;0;514;109.1;2.0;0.0;22.4;32.6;24;27;47.1;-10.0;18;24;42.9;-18.6;0;24;9
18328;261;-1;2;1;0;-5;4;0;0;0;0;0;0;4;0;1;5;61;49;60;5;2263;55;247;65.9;1.6;9.5;27.0;23.9;39;25;60.9;17.2;26;19;57.8;11.2;0;0;0
18333;271;-1;2;1;0;-2;0;0;0;0;0;0;0;3;1;1;3;62;56;66;2;2381;212;299;87.8;3.0;6.0;30.2;27.2;39;31;55.7;10.2;28;21;57.1;7.6;0;0;0
18335;260;-1;3;0;0;-2;4;0;0;0;0;0;0;8;1;1;2;64;56;65;5;2619;359;505;92.6;0.0;2.7;22.0;37.1;33;47;41.3;-3.3;23;34;40.4;1.2;0;4;1
18347;271;-1;2;1;1;0;0;0;0;0;0;0;0;2;0;1;2;59;57;60;5;1967;126;152;94.0;3.7;3.7;43.9;25.6;38;20;65.5;8.9;29;18;61.7;1.7;0;0;0
18383;252;-1;4;2;4;1;0;0;1;0;0;0;0;3;0;4;13;72;66;77;14;4038;497;985;107.1;5.3;3.6;25.0;25.0;64;50;56.1;-0.4;47;37;56.0;-1.2;0;0;0
18384;253;-1;3;0;2;1;0;0;1;0;0;0;0;1;0;0;3;71;69;76;8;3188;644;120;103.7;3.4;2.3;30.5;30.5;49;56;46.7;7.6;35;39;47.3;8.8;0;0;0
18387;262;-1;1;0;0;-1;0;0;0;0;0;0;0;2;0;0;4;77;53;77;3;1254;0;134;93.3;0.0;2.9;23.0;43.1;13;22;37.1;13.0;11;18;37.9;17.9;0;0;0
18399;264;-1;4;1;1;-4;2;0;0;0;0;0;0;3;0;0;1;57;59;46;6;2340;763;128;99.3;3.1;7.7;20.0;47.7;31;56;35.6;-7.2;17;40;29.8;-12.8;1;3;2
18413;256;-1;4;1;0;0;0;0;0;0;0;0;0;6;1;1;2;59;54;62;11;4349;274;209;99.7;1.7;1.7;29.0;27.3;63;64;49.6;-11.6;43;47;47.8;-12.7;0;0;0
18420;99;99;6;0;0;1;2;0;0;0;0;0;0;3;3;3;2;56;49;65;4;2355;139;237;110.0;1.5;0.0;15.3;18.3;25;29;46.3;-6.1;15;21;41.7;-10.6;0;0;0
18427;259;-1;4;1;4;-2;0;1;0;0;0;0;0;4;1;1;3;69;75;50;19;4363;541;190;86.3;2.5;4.1;39.6;20.6;74;41;64.3;6.7;64;33;66.0;5.3;0;3;3
18431;272;-1;3;2;2;2;0;0;0;0;0;0;0;7;3;0;3;58;59;55;9;2851;280;644;97.9;6.3;3.8;37.9;20.2;46;31;59.7;15.6;37;21;63.8;16.7;0;21;11
18449;257;-1;2;0;0;1;0;0;0;0;0;0;0;4;0;2;5;60;53;65;2;1811;0;268;103.9;6.0;4.0;39.8;35.8;32;25;56.1;-0.5;25;19;56.8;1.1;0;0;0
18457;257;-1;2;0;0;0;0;0;0;0;0;0;0;6;1;0;2;63;64;55;4;1831;326;0;106.3;3.9;2.0;25.6;21.6;25;24;51.0;-7.6;20;17;54.1;-2.9;0;2;1
18470;256;-1;2;0;0;4;0;0;0;0;0;0;0;2;1;1;4;75;50;79;1;1797;0;153;118.2;8.0;0.0;44.1;18.0;36;17;67.9;12.3;25;13;65.8;9.2;0;0;0
18471;273;-1;2;0;1;0;2;0;0;0;0;0;0;4;0;0;1;61;59;65;3;1528;263;73;102.5;2.4;2.4;28.3;40.1;24;29;45.3;-1.5;20;24;45.5;-1.3;0;26;8
18481;273;-1;4;0;2;3;4;0;0;0;0;0;0;9;1;2;4;68;65;69;13;3776;1000;486;107.6;4.8;1.9;30.5;23.8;62;52;54.4;7.4;50;37;57.5;8.9;0;27;10
18484;117;117;4;0;1;-5;6;0;1;0;0;0;0;9;1;2;1;60;57;59;10;2155;971;0;85.7;0.0;5.0;31.7;35.1;35;39;47.3;-9.3;21;30;41.2;-19.9;0;2;1
18492;255;-1;2;1;0;-1;2;0;0;0;0;0;0;2;0;1;1;66;66;70;5;1968;551;144;94.5;1.8;3.7;29.3;31.1;29;30;49.2;13.5;26;23;53.1;16.8;0;6;2
18495;258;-1;1;0;0;-1;4;0;0;0;0;0;0;0;0;0;1;47;55;44;1;1030;147;30;87.5;3.5;7.0;28.0;28.0;21;15;58.3;12.9;14;10;58.3;20.4;0;0;0
18497;265;-1;2;1;2;0;0;1;0;0;0;0;0;2;0;1;0;78;74;78;4;1626;501;122;100.0;2.2;2.2;28.8;28.8;23;20;53.5;-6.2;14;16;46.7;-18.9;0;19;14
18549;263;-1;5;0;0;2;2;0;0;0;0;0;0;1;2;0;2;62;54;68;8;5127;559;552;102.8;2.8;2.1;27.4;28.1;78;79;49.7;-6.2;56;60;48.3;-11.2;0;0;0
18551;262;-1;4;0;2;0;4;0;0;0;0;0;0;6;2;3;5;69;59;85;6;4329;782;421;106.5;2.5;2.5;19.1;38.3;48;77;38.4;3.9;31;65;32.3;-0.8;0;0;0
18559;267;-1;2;0;0;-1;2;0;0;0;0;0;0;2;1;0;1;50;50;52;1;669;0;0;90.0;0.0;5.4;21.5;53.8;4;16;20.0;-32.5;4;12;25.0;-27.2;0;8;4
18560;265;-1;4;0;4;1;6;0;2;0;0;0;0;6;0;0;4;67;68;66;15;3662;923;357;105.3;2.0;0.0;37.4;19.7;66;38;63.5;10.1;52;26;66.7;12.6;0;2;1
18565;266;-1;3;0;2;1;0;0;1;0;0;0;0;1;0;0;0;61;61;57;3;1799;276;172;108.3;2.0;0.0;24.0;18.0;25;15;62.5;9.0;16;12;57.1;6.4;0;14;7
18587;273;-1;4;2;0;1;11;0;0;0;0;1;0;6;1;0;5;57;59;54;12;3830;585;443;100.7;2.8;1.9;30.1;21.6;50;52;49.0;-6.6;39;34;53.4;-4.3;0;0;0
18613;266;-1;1;0;1;2;0;0;0;0;0;0;0;0;0;0;0;69;72;60;0;906;161;103;128.6;7.9;0.0;27.8;19.9;12;14;46.2;-0.3;10;8;55.6;13.1;0;0;0
18620;251;-1;4;0;3;2;2;0;1;0;0;0;0;7;1;3;7;77;72;77;12;3284;1652;226;107.5;3.3;1.1;28.5;27.4;48;47;50.5;-3.2;33;34;49.3;-4.0;0;12;6
18628;272;-1;2;0;2;-1;0;0;1;0;0;0;0;3;2;0;5;67;62;74;8;1886;632;238;92.3;0.0;1.9;17.2;24.8;22;31;41.5;-4.8;17;22;43.6;-3.3;0;0;0
18654;253;-1;3;0;1;-2;2;0;0;0;0;0;0;4;1;0;3;64;66;63;6;2836;872;40;99.1;2.5;5.1;14.0;26.7;21;40;34.4;-1.7;14;30;31.8;-3.7;0;0;0
18672;288;288;6;2;2;1;0;0;0;0;0;0;0;1;1;0;6;61;66;49;12;4949;576;111;109.8;5.1;3.6;27.6;42.2;82;100;45.1;-3.8;62;71;46.6;-1.2;0;8;4
18675;252;-1;4;0;0;-2;2;0;0;0;0;0;0;7;1;1;2;55;54;48;2;3206;0;129;90.9;2.2;4.5;32.6;28.1;56;35;61.5;19.6;39;30;56.5;12.8;0;5;3
18676;255;255;3;1;1;-1;2;0;0;0;0;0;0;3;1;0;1;51;59;47;2;2106;119;293;91.9;3.4;5.1;25.6;23.9;32;29;52.5;-10.1;20;22;47.6;-13.7;0;8;1
18707;253;-1;2;1;0;0;2;1;0;0;0;0;0;2;0;0;5;70;65;80;2;1807;408;237;100.0;2.0;2.0;21.9;21.9;20;21;48.8;3.6;11;13;45.8;1.4;0;0;0
18713;267;-1;4;2;3;0;2;0;0;1;0;0;0;5;0;3;8;61;60;61;6;3787;0;563;87.5;5.7;6.7;34.2;22.8;68;49;58.1;4.8;54;33;62.1;8.4;1;0;0
18726;262;-1;5;0;3;-3;0;0;0;0;0;0;0;5;0;2;4;57;60;54;5;5000;153;476;99.5;2.9;4.3;24.5;35.3;65;80;44.8;15.5;45;68;39.8;12.4;0;0;0
18749;260;260;4;1;1;3;2;1;1;0;0;0;0;5;2;2;5;71;64;73;12;3381;889;861;110.7;3.2;0.0;29.8;27.7;53;50;51.5;-2.9;37;37;50.0;-5.8;0;27;7
18751;257;-1;2;0;1;-2;0;0;0;0;0;0;0;2;0;0;1;64;71;57;5;1697;255;144;83.3;0.0;4.2;31.8;25.5;25;23;52.1;-9.5;18;17;51.4;-11.7;0;0;0
18756;260;-1;4;0;2;2;2;0;0;0;0;0;0;7;1;2;3;63;63;59;8;3227;523;0;105.9;2.2;0.0;37.9;23.4;55;37;59.8;12.2;45;25;64.3;19.2;0;0;0
18759;254;254;5;2;1;-7;0;2;0;0;0;0;0;5;1;1;3;60;67;52;16;4923;488;219;90.2;0.7;5.9;31.4;48.3;79;104;43.2;-9.9;63;81;43.8;-3.9;1;2;1
18763;265;-1;3;0;2;-3;2;0;0;0;0;0;0;1;0;0;7;56;57;54;3;1444;350;49;97.8;2.5;10.0;12.5;44.9;9;34;20.9;-30.9;7;25;21.9;-28.9;0;23;16
18773;265;265;3;0;1;1;0;0;0;0;0;0;0;2;2;0;2;58;56;57;3;1886;437;220;108.3;1.9;0.0;22.9;21.0;27;18;60.0;1.7;22;13;62.9;3.9;0;23;15
18783;263;-1;4;0;2;3;0;0;0;0;1;0;0;1;4;0;4;53;49;58;0;2022;0;169;120.0;3.6;0.0;17.8;21.4;20;30;40.0;-19.7;16;20;44.4;-16.8;0;8;7
18792;260;-1;2;0;1;2;0;0;0;0;0;0;0;1;0;0;2;62;57;63;5;1883;266;199;108.3;3.8;0.0;45.9;26.8;42;25;62.7;12.2;32;17;65.3;12.7;0;0;0
18794;268;-1;3;0;1;-1;14;0;0;0;1;0;0;5;2;2;4;59;54;67;1;2784;32;511;95.7;1.3;3.9;16.8;32.3;38;43;46.9;-0.9;23;37;38.3;-9.5;0;0;0
18808;262;-1;4;1;1;-2;6;0;1;0;0;0;0;3;4;1;9;62;58;68;2;2709;777;267;98.3;1.3;4.0;15.9;39.9;27;55;32.9;-3.0;17;41;29.3;-4.5;0;59;36
18815;257;-1;3;0;1;2;4;0;0;0;0;0;0;3;2;2;3;63;53;72;7;2863;831;425;106.7;2.5;0.0;37.7;25.1;44;47;48.4;9.0;38;36;51.4;13.0;0;0;0
18820;273;-1;1;0;0;0;0;0;0;0;0;0;0;1;0;1;2;84;50;87;1;1044;427;150;100.0;0.0;0.0;31.0;20.7;11;12;47.8;6.9;10;7;58.8;13.1;0;0;0
18822;268;-1;2;1;1;1;0;0;0;0;0;0;0;0;0;1;0;56;59;51;3;659;0;0;130.0;10.9;5.5;21.9;27.3;9;7;56.3;8.2;8;7;53.3;8.5;1;3;1
18823;257;-1;3;0;1;0;2;0;0;0;0;0;0;3;1;1;3;51;55;49;5;2728;0;61;99.4;4.0;4.0;30.4;29.0;43;46;48.3;-0.1;31;34;47.7;1.6;0;0;0
18829;267;-1;3;0;0;-3;2;0;0;0;0;0;0;4;2;1;2;58;56;64;5;2819;372;211;92.9;1.3;5.1;19.2;37.0;34;44;43.6;-6.7;24;36;40.0;-7.4;0;0;0
18844;270;270;4;4;1;0;2;2;0;0;0;0;0;5;2;0;2;63;65;58;13;3561;713;487;106.9;3.0;2.0;21.2;27.3;46;61;43.0;9.9;34;41;45.3;12.3;1;11;3
18847;266;-1;3;0;3;1;0;0;1;0;0;0;0;2;0;0;0;60;62;56;3;2164;288;305;91.0;3.3;1.7;43.3;10.0;51;8;86.4;24.6;38;6;86.4;23.1;0;2;1
18853;265;-1;2;2;0;1;2;0;0;0;0;0;0;2;0;0;1;66;67;58;6;1861;101;38;103.6;3.9;1.9;40.6;32.9;30;31;49.2;-3.8;26;25;51.0;-2.2;1;0;0
18873;273;-1;4;2;1;3;2;1;0;0;0;0;0;8;1;2;6;68;65;69;9;3654;540;600;109.9;3.9;1.0;28.6;25.6;48;53;47.5;-6.3;42;36;53.8;-1.8;0;11;7
18881;257;-1;3;0;0;-3;2;0;0;0;0;0;0;2;2;1;1;57;58;51;6;1952;345;217;92.4;1.8;5.5;18.4;31.4;19;32;37.3;-17.9;14;22;38.9;-18.4;0;9;2
18894;254;-1;5;1;0;-8;2;0;0;0;0;0;0;15;0;3;5;55;64;48;4;4152;126;869;78.5;0.9;7.8;39.0;32.9;90;62;59.2;10.6;62;49;55.9;8.7;0;10;5
18905;258;258;4;3;3;3;4;1;0;0;0;0;0;2;2;0;4;69;75;64;12;3582;613;326;112.1;7.0;4.0;28.1;31.2;48;59;44.9;-15.4;39;45;46.4;-13.8;1;10;7
18906;253;-1;5;2;1;-4;0;0;1;0;0;0;0;2;3;2;1;61;61;54;6;4668;1177;80;97.6;3.1;6.2;20.1;34.7;48;79;37.8;-1.1;37;61;37.8;-1.6;0;14;9
18935;261;-1;3;0;0;-1;0;0;0;0;0;0;0;1;2;0;2;59;51;64;0;2149;171;408;93.3;0.0;1.7;18.4;25.1;28;27;50.9;6.8;22;18;55.0;12.5;0;0;0
18949;259;-1;5;1;1;-2;6;0;0;0;0;0;0;3;1;2;5;61;64;54;8;3943;510;120;87.4;2.7;4.6;30.1;21.0;61;50;55.0;-0.8;46;31;59.7;1.6;0;2;0
18971;284;284;5;1;1;2;2;0;0;0;0;0;0;4;2;0;2;62;58;64;5;3795;349;300;105.8;3.8;1.9;29.4;26.6;48;59;44.9;-2.5;36;43;45.6;-3.9;0;42;24
18979;254;-1;4;2;2;3;0;0;0;0;0;0;0;7;4;1;1;59;62;54;4;3899;0;579;111.8;4.6;1.8;24.0;24.9;56;49;53.3;4.5;31;36;46.3;-0.8;2;10;5
19007;252;-1;4;0;0;-2;4;0;0;0;0;0;0;7;2;0;3;61;58;63;19;3753;632;402;92.2;2.9;3.8;48.0;27.8;78;50;60.9;7.1;63;36;63.6;11.3;0;0;0
19011;258;-1;4;0;2;-2;2;0;1;0;0;0;0;8;1;1;7;54;51;54;5;3628;41;719;84.8;2.0;4.0;33.7;18.9;66;45;59.5;8.5;53;34;60.9;9.4;0;0;0
19052;260;-1;3;0;1;0;2;0;1;0;0;0;0;3;1;1;3;62;63;56;6;2165;522;83;100.3;1.7;1.7;31.6;33.3;38;32;54.3;9.3;27;22;55.1;11.9;0;2;1
19106;269;-1;3;0;1;-2;2;0;1;0;0;0;0;7;0;0;2;63;63;62;4;2262;682;325;93.8;0.0;1.6;30.2;25.5;29;38;43.3;-5.2;22;24;47.8;-1.8;0;48;31
19145;261;-1;1;0;1;-1;0;0;1;0;0;0;0;1;0;0;1;59;60;57;1;900;76;205;90.9;0.0;4.0;28.0;44.0;7;17;29.2;-31.5;7;12;36.8;-27.4;0;7;2
19160;255;-1;2;0;0;-1;0;0;0;0;0;0;0;2;0;0;1;50;55;47;2;842;86;104;75.0;0.0;4.3;29.9;17.1;13;8;61.9;4.5;8;5;61.5;6.1;0;0;0
19177;272;272;4;1;1;0;2;0;0;0;0;0;0;19;0;2;4;62;65;58;11;3487;116;426;98.5;2.1;2.1;41.3;32.0;65;67;49.2;-3.5;56;46;54.9;1.7;0;4;3
19178;267;-1;3;0;2;-1;0;0;0;0;0;0;0;2;2;0;2;59;56;58;3;2007;487;192;97.9;1.8;3.6;30.5;44.8;26;39;40.0;-13.2;18;32;36.0;-13.7;0;13;3
19215;99;99;1;0;0;-1;0;0;0;0;0;0;0;1;2;0;4;71;41;75;1;817;0;168;80.0;0.0;4.4;8.8;22.0;2;13;13.3;-45.4;2;7;22.2;-32.9;0;0;0
19216;364;364;3;0;0;0;0;0;0;0;0;0;0;2;1;1;0;59;55;62;4;2098;339;47;101.1;1.7;1.7;29.2;36.0;30;36;45.5;-5.5;26;28;48.1;-1.9;0;1;0
19232;377;377;2;0;1;1;0;0;1;0;0;0;0;3;1;1;1;58;59;52;3;1590;506;62;108.3;2.3;0.0;27.2;22.6;24;27;47.1;2.9;19;16;54.3;7.8;0;5;3
19307;378;378;3;2;0;1;17;0;0;0;0;0;0;7;0;0;6;62;69;55;7;2054;286;5;102.5;5.3;3.5;35.1;28.0;31;33;48.4;8.7;26;23;53.1;16.9;1;1;1
19369;368;368;2;1;0;0;0;1;0;0;0;0;0;1;0;0;4;57;58;60;4;1552;45;0;100.0;0.0;0.0;30.2;39.4;17;37;31.5;-0.2;16;23;41.0;7.4;0;0;0
19426;164;164;7;1;0;-4;4;1;0;0;0;0;0;12;4;3;10;63;45;66;8;6690;134;684;94.5;1.1;3.2;26.9;33.9;96;106;47.5;3.7;70;78;47.3;5.0;0;0;0
19432;360;360;2;0;1;-2;2;0;0;0;0;0;0;0;0;0;1;55;55;49;3;745;115;11;66.7;0.0;9.7;19.3;29.0;6;12;33.3;-21.7;5;9;35.7;-14.3;0;2;1
19447;272;-1;3;0;1;2;0;0;0;0;0;0;0;2;0;0;9;78;52;81;1;2933;296;522;106.5;3.7;1.2;35.6;31.9;49;51;49.0;-8.3;38;37;50.7;-10.4;0;0;0
19514;262;-1;1;0;1;1;0;0;0;0;0;0;0;1;0;0;0;54;59;39;2;931;231;120;135.7;11.6;7.7;23.2;54.1;10;17;37.0;9.6;7;16;30.4;7.4;0;3;0
19518;264;264;2;0;0;-1;4;0;0;0;0;0;0;4;0;0;1;68;63;75;5;1965;114;109;95.2;0.0;1.8;23.8;38.5;29;35;45.3;-11.2;19;30;38.8;-20.0;0;0;0
19591;266;-1;2;0;0;-2;0;0;0;0;0;0;0;3;0;1;1;65;59;68;4;1576;81;18;75.0;0.0;4.6;16.0;18.3;22;13;62.9;6.9;12;11;52.2;-4.6;0;0;0
19630;256;-1;3;0;1;2;5;0;0;0;0;1;1;5;0;0;3;63;61;60;1;2244;91;286;109.5;3.2;0.0;33.7;30.5;38;35;52.1;3.4;28;24;53.8;4.7;0;5;2
19635;271;271;3;0;1;-2;0;0;0;0;0;0;0;2;2;1;6;67;66;64;2;2611;655;478;90.3;1.4;4.1;30.3;29.0;44;35;55.7;5.9;32;26;55.2;2.6;0;3;1
19640;253;253;3;0;0;-2;2;0;0;0;0;0;0;3;2;2;7;71;47;76;1;2805;0;396;92.9;2.6;5.1;23.1;28.2;33;43;43.4;-0.7;25;32;43.9;2.1;0;0;0
19646;272;-1;3;0;0;-2;2;0;0;0;0;0;0;4;0;2;5;57;52;57;3;2741;153;515;85.8;2.6;5.3;38.1;25.0;45;38;54.2;7.9;38;26;59.4;11.6;0;0;0
19655;252;-1;5;0;4;2;4;0;2;0;0;0;0;4;0;3;5;68;67;67;8;4379;706;392;107.1;5.8;3.3;28.8;25.5;62;62;50.0;-2.4;45;45;50.0;-3.9;0;6;4
19661;264;-1;2;0;1;2;0;0;0;0;0;0;0;3;1;1;10;59;56;70;1;1879;37;299;126.3;5.7;1.9;19.2;51.7;18;42;30.0;1.4;13;32;28.9;2.1;0;0;0
19675;271;-1;2;0;0;-1;14;0;0;0;0;0;0;5;1;0;2;62;63;65;6;1938;725;178;102.0;1.9;3.7;16.7;40.9;20;32;38.5;-6.8;14;23;37.8;-12.2;0;0;0
19695;272;-1;5;0;0;-2;0;0;0;0;0;0;0;7;1;2;1;54;54;53;4;4089;220;320;94.9;1.8;3.5;30.8;32.6;55;70;44.0;-6.6;46;51;47.4;-4.7;0;4;1
19699;256;256;4;1;3;5;2;0;0;0;0;0;0;7;3;2;4;66;64;67;8;3510;505;53;116.3;6.2;1.0;25.6;13.3;47;40;54.0;-8.4;28;20;58.3;-2.1;0;0;0
19715;257;-1;2;0;1;0;0;0;0;0;0;0;0;2;2;1;6;63;58;82;3;2249;164;197;106.7;3.2;3.2;20.8;36.8;22;44;33.3;-4.3;15;31;32.6;-5.5;0;0;0
19720;257;-1;2;1;1;3;0;0;0;0;0;0;0;1;0;0;3;65;64;68;3;1648;364;41;121.4;6.6;0.0;30.6;39.3;25;36;41.0;-5.2;22;30;42.3;-2.4;0;2;1
19726;256;-1;4;1;2;0;2;1;0;0;0;0;0;4;2;0;6;67;66;65;7;3765;386;179;97.4;1.9;1.9;33.5;22.9;74;43;63.2;4.1;50;34;59.5;-0.8;0;3;2
19729;291;291;5;1;3;0;2;0;1;0;0;0;0;5;1;3;1;60;58;62;6;3535;560;289;104.3;3.1;3.1;19.3;26.5;38;46;45.2;11.1;26;37;41.3;5.5;0;65;36
19734;272;-1;3;0;1;1;2;0;0;0;0;0;0;6;0;0;1;63;61;61;7;2264;157;546;103.8;1.6;0.0;41.3;14.3;47;28;62.7;9.4;42;20;67.7;15.9;0;33;17
19738;269;269;3;0;1;1;2;0;0;0;0;0;0;4;3;1;3;60;59;59;10;2743;819;22;96.5;2.6;1.3;40.7;13.1;61;28;68.5;17.9;42;16;72.4;22.0;0;25;13
19753;255;-1;2;0;1;2;0;0;1;0;0;0;0;1;0;1;2;68;68;62;6;1578;354;111;113.3;4.6;0.0;34.2;18.3;31;19;62.0;1.1;21;14;60.0;-1.3;0;2;0
19899;268;-1;2;0;2;-3;0;0;2;0;0;0;0;1;0;1;0;75;79;52;9;1806;532;227;78.6;0.0;6.0;41.9;27.9;36;22;62.1;-1.9;27;17;61.4;-5.7;0;2;1
19919;123;123;3;0;1;0;2;0;0;0;0;0;0;2;0;1;0;45;52;43;2;1231;0;112;104.9;5.8;5.8;35.1;49.7;19;25;43.2;-13.8;15;19;44.1;-12.7;0;0;0
19932;269;-1;3;1;3;0;2;1;2;0;0;0;0;5;0;1;1;72;74;63;8;2447;1129;439;101.9;2.9;1.5;32.4;20.6;44;32;57.9;8.5;30;21;58.8;11.9;0;9;5
19933;270;-1;4;0;3;-3;0;0;2;0;0;0;0;4;2;0;7;65;60;68;1;4026;665;581;96.7;0.9;3.6;17.9;42.9;46;93;33.1;-4.5;34;70;32.7;-5.6;0;9;5
19944;255;-1;1;0;1;0;0;0;0;0;0;0;0;2;0;0;1;59;58;54;0;524;0;0;122.2;6.9;6.9;20.6;61.8;4;13;23.5;-28.5;4;10;28.6;-23.6;0;2;1
