PlayerId;Year;TeamId;LeagueId;GP;G;A;PIM;+/-;PP G;PP A;SH G;SH A;GR;GWG;SOG;FO;FO W;HIT;GvA;TkA;SB;TOI;PPTOI;SHTOI;Fights;Fights Won
773;1979;165;5;46;6;17;62;0;1;4;0;0;49;0;30;156;46;10;30;11;9;17580;840;240;0;0
983;1979;186;3;79;19;35;146;8;3;3;2;2;60;5;123;477;237;57;33;29;38;29760;960;300;2;0
1125;1979;155;5;46;24;25;52;9;8;4;2;2;56;6;72;301;92;11;20;17;17;17520;540;300;0;0
2821;1979;186;3;79;18;30;124;0;1;8;0;1;57;2;119;467;158;31;31;26;27;29460;1080;600;2;1
3472;1979;186;3;78;12;16;121;7;2;1;0;1;55;2;103;386;78;55;50;36;47;27660;900;480;1;0
1116;1980;186;3;79;20;31;132;6;5;6;1;2;57;1;111;422;158;50;35;27;45;29880;1260;540;2;0
1116;1979;186;3;79;21;25;107;6;5;7;1;0;59;3;112;438;237;38;47;36;42;28080;1200;600;3;0
1257;1980;186;3;78;13;21;153;3;3;3;2;0;56;1;100;87;0;73;46;26;23;27240;600;240;6;3
1257;1979;186;3;77;13;26;150;-2;5;8;1;1;56;1;104;89;0;93;41;21;25;30060;1080;360;10;1
2544;1980;233;9;29;4;9;8;3;0;0;0;1;50;0;31;1;0;27;4;4;17;22806;171;3976;0;0
2544;1979;233;9;17;2;2;4;-8;0;0;0;0;54;0;20;0;0;32;3;3;21;15895;753;1447;0;0
2568;1980;216;9;10;4;4;4;-2;1;3;0;0;57;0;24;0;0;9;7;1;6;8738;2116;1096;0;0
2568;1979;218;9;79;12;31;50;-25;1;6;0;2;58;1;171;0;0;82;45;13;77;80045;10966;5610;0;0
2868;1980;186;3;80;5;10;115;4;1;1;0;1;48;1;65;298;80;62;64;14;29;32100;1560;480;1;0
2868;1979;186;3;80;7;9;144;-5;3;3;0;0;49;1;76;305;80;51;60;29;36;28620;540;300;4;0
3557;1979;25;0;77;14;16;39;-2;2;3;0;0;64;1;119;4;1;101;37;36;18;66166;2463;165;3;2
172;1979;250;10;57;4;13;83;-5;0;0;0;0;56;1;65;0;0;93;24;30;58;56117;550;10408;9;3
172;1980;238;10;3;0;0;2;-4;0;0;0;0;48;0;4;0;0;4;2;0;1;2868;0;659;0;0
172;1981;233;9;19;1;4;12;-14;0;0;0;0;48;0;21;0;0;18;2;8;16;15658;0;2005;2;0
239;1981;186;3;68;10;29;115;8;2;10;0;0;58;3;105;1;0;75;50;19;71;38460;840;3780;5;2
239;1980;255;10;3;0;1;2;0;0;0;0;0;53;0;6;0;0;4;2;1;4;3363;0;530;0;0
239;1979;255;10;27;1;3;12;-6;0;2;0;0;55;0;37;42;19;20;6;5;23;19266;2421;3080;0;0
622;1981;186;3;79;3;22;115;-9;0;5;0;0;50;0;59;0;0;37;81;19;46;45120;840;4260;3;0
622;1980;186;3;78;4;20;121;3;1;2;0;1;51;1;65;0;0;42;77;10;31;42780;600;4020;1;1
622;1979;186;3;79;3;12;150;-3;1;1;0;0;54;1;71;0;0;40;70;14;56;46380;1080;4200;4;0
725;1981;186;3;80;16;24;133;1;5;5;0;1;57;2;124;100;0;93;35;22;40;31200;1200;780;3;0
725;1980;186;3;80;26;42;143;2;4;7;1;2;60;5;146;111;0;84;44;37;48;31440;1260;360;4;1
725;1979;186;3;80;20;40;140;-3;6;12;1;0;61;1;138;117;0;92;42;27;39;39120;1860;1380;6;1
1021;1981;186;3;80;3;17;123;1;0;5;0;0;48;0;73;0;0;50;66;13;62;44280;660;4080;2;0
1021;1980;186;3;80;10;19;125;1;1;4;1;2;51;1;84;0;0;35;65;16;56;44100;900;4260;1;0
1021;1979;186;3;78;6;17;138;-6;0;3;0;1;51;4;88;0;0;51;68;18;55;44760;600;4080;1;0
1092;1980;186;3;80;3;5;110;-2;1;2;0;0;43;1;41;35;0;17;116;15;16;31680;1020;660;0;0
1092;1979;186;3;79;6;1;96;2;1;0;0;0;43;1;43;37;0;35;92;8;16;29940;1260;720;0;0
1363;1981;155;5;46;9;18;70;-3;1;4;0;1;55;0;55;0;0;48;25;14;64;25440;420;2520;4;1
1363;1980;155;5;46;5;18;81;1;0;2;0;1;59;1;55;0;0;49;27;11;62;27600;720;2760;3;0
1363;1979;155;5;45;3;14;53;2;1;1;1;0;58;1;54;0;0;41;35;9;52;24480;480;2400;1;0
1826;1981;186;3;78;17;18;103;-3;3;4;0;0;51;1;82;67;0;64;52;15;30;27900;300;120;3;0
1826;1980;186;3;78;12;18;142;2;4;5;0;0;50;3;86;74;0;57;48;19;24;27480;780;540;5;1
1826;1979;186;3;80;13;18;135;5;0;4;1;0;52;1;89;68;0;61;45;20;26;29100;840;120;3;0
2612;1981;186;3;79;14;30;135;3;4;7;0;2;54;2;107;82;0;72;45;23;26;29940;1080;600;4;0
2612;1980;186;3;80;13;27;128;11;2;4;0;1;54;3;102;84;0;72;36;25;38;27900;720;240;6;1
2612;1979;186;3;78;14;21;144;-10;2;5;0;1;55;3;106;90;0;74;29;17;21;29400;900;600;4;1
2726;1981;186;3;79;14;16;122;7;3;5;1;1;52;5;96;82;0;64;44;25;25;30660;1200;600;2;0
2726;1980;186;3;80;20;25;119;1;7;7;1;0;54;6;103;83;0;58;48;18;22;26880;660;360;3;0
2726;1979;186;3;78;18;14;146;3;2;1;0;0;55;3;107;87;0;68;44;23;28;27120;420;180;6;2
2744;1981;186;3;78;1;1;114;9;0;0;0;0;41;0;11;4;0;19;156;13;4;28620;960;540;0;0
2744;1980;186;3;79;0;0;110;-4;0;0;0;0;41;0;9;5;0;19;158;7;12;30780;1260;420;0;0
2744;1979;186;3;79;0;0;100;4;0;0;0;0;41;0;9;8;0;21;158;5;5;28560;780;300;0;0
3543;1979;280;0;46;10;20;85;-4;0;0;0;0;66;0;79;10;5;98;41;10;30;40279;2362;218;5;3
3543;1980;280;0;34;13;13;63;-6;0;5;0;0;71;1;88;11;4;64;30;14;11;28223;4233;776;7;4
66;1979;214;9;21;1;5;2;7;1;0;0;1;54;0;22;39;16;21;2;0;17;8229;153;1643;0;0
66;1980;214;9;50;5;7;80;-2;1;0;0;0;56;1;46;421;213;65;10;6;25;32595;848;2762;3;1
320;1982;157;5;46;17;19;64;-6;4;4;0;0;56;0;68;52;0;34;21;16;14;16920;600;300;0;0
320;1981;157;5;46;17;16;79;1;7;5;1;1;58;0;77;50;0;39;30;20;18;18840;660;420;1;0
320;1980;157;5;46;20;15;85;8;10;3;1;0;56;2;82;50;0;33;24;13;13;15780;360;240;1;0
320;1979;157;5;45;20;21;60;2;4;4;1;0;59;2;83;57;0;38;19;13;17;17400;600;300;0;0
374;1982;186;3;80;15;30;128;-2;1;9;0;0;55;2;100;402;148;48;45;30;30;32640;1500;780;2;0
374;1979;186;3;80;23;44;108;-1;8;8;1;1;58;6;124;450;194;36;39;38;35;31560;1140;720;2;0
374;1980;186;3;80;20;38;107;2;1;9;0;1;57;3;113;492;160;40;39;32;38;30180;960;660;1;0
374;1981;186;3;77;24;32;116;-5;7;6;0;2;58;1;106;409;154;45;55;24;45;30840;1320;480;0;0
461;1982;155;5;46;17;18;85;-3;6;2;1;1;57;1;74;52;0;58;30;19;15;18000;360;180;3;0
461;1981;155;5;46;22;19;79;-3;5;3;0;0;57;0;83;55;0;47;28;24;23;14280;300;180;1;1
461;1979;155;5;46;19;14;65;-8;3;0;2;0;62;0;82;63;0;64;26;23;23;17040;600;360;1;0
461;1980;155;5;45;12;15;58;-8;2;3;1;0;58;1;72;63;0;64;23;12;22;16260;420;240;0;0
722;1982;186;3;78;39;42;159;0;7;7;0;2;58;3;126;107;0;40;46;33;22;28440;1080;540;5;0
722;1981;186;3;80;25;57;130;5;8;14;1;2;60;1;120;107;0;52;52;27;21;30720;1080;480;4;0
722;1980;186;3;80;41;61;151;4;10;9;1;1;61;4;140;109;80;69;45;28;20;28980;720;540;6;1
722;1979;186;3;79;24;47;150;7;3;16;3;1;61;5;123;111;79;68;35;34;27;59460;4740;4320;5;2
986;1982;236;9;34;3;9;14;9;1;1;0;1;56;2;23;206;85;17;6;13;12;16911;812;2905;0;0
986;1979;15;0;79;10;6;26;-9;0;0;2;1;60;1;98;153;71;84;71;42;44;50811;613;12378;0;0
986;1980;15;0;80;6;22;18;11;0;2;0;1;60;3;94;72;33;75;53;24;30;41445;762;5417;0;0
986;1981;15;0;80;13;18;18;8;0;0;0;3;58;3;78;95;42;46;44;19;23;40254;357;3364;0;0
1101;1982;186;3;79;21;35;135;2;5;7;0;1;58;3;137;105;0;129;49;30;31;29820;1320;240;3;1
1101;1981;186;3;80;23;37;129;-2;7;9;0;0;60;8;154;108;0;126;40;31;49;30660;1080;660;1;0
1101;1980;186;3;77;24;33;121;3;10;4;0;0;60;2;161;100;0;130;32;38;40;29460;720;300;1;0
1101;1979;186;3;80;24;31;99;3;5;9;1;1;64;2;164;125;0;114;40;37;40;60180;4800;4320;3;1
1146;1982;186;3;79;16;28;124;-13;3;5;2;2;54;2;107;89;0;82;50;25;29;30420;1020;300;4;1
1146;1981;186;3;80;18;27;146;-2;5;6;1;0;58;6;124;84;0;80;54;27;35;26640;600;300;4;1
1146;1980;186;3;79;24;26;154;7;7;10;0;0;57;3;135;94;0;87;46;33;25;29760;1140;780;5;0
1146;1979;186;3;79;25;27;128;-2;5;8;1;3;58;4;140;99;0;82;30;31;36;29940;780;300;2;0
1193;1982;186;3;78;18;26;109;-8;2;7;4;2;51;2;84;367;78;37;39;22;25;28200;1140;540;1;0
1193;1981;186;3;80;13;26;142;-15;5;5;0;1;52;2;97;397;160;44;26;18;32;29100;660;540;4;0
1193;1980;186;3;79;17;30;138;-2;4;4;2;0;56;2;106;453;158;37;41;17;21;30480;960;480;5;1
1193;1979;186;3;80;16;37;130;2;4;8;1;0;57;2;102;432;160;45;51;31;33;31980;1380;660;4;2
1280;1982;186;3;79;29;26;172;5;5;4;2;0;56;3;119;88;0;54;41;35;25;29160;960;300;10;1
1280;1981;186;3;78;25;46;108;1;6;9;0;1;58;1;107;90;0;59;37;25;27;27240;1020;600;6;1
1280;1980;186;3;79;21;45;124;6;5;10;0;1;57;3;120;91;0;88;33;20;24;29100;960;600;4;0
1280;1979;186;3;79;28;40;120;-2;6;11;0;1;60;7;125;114;0;56;45;36;36;30000;720;240;4;0
1436;1981;254;10;14;0;2;8;3;0;0;0;0;61;0;13;0;0;10;4;3;15;13483;85;1813;0;0
1436;1979;279;0;14;0;1;18;-4;0;0;0;0;61;0;13;0;0;7;7;6;28;11611;545;1033;2;2
2551;1982;157;5;45;14;27;72;6;5;4;0;3;55;1;62;271;90;19;23;15;15;15720;420;180;0;0
2551;1981;157;5;46;25;21;56;4;7;2;2;1;58;0;73;257;92;20;12;17;16;17400;300;60;0;0
2551;1980;157;5;46;25;23;70;0;7;4;1;0;60;3;71;302;92;33;17;24;21;16800;240;0;0;0
2551;1979;157;5;45;28;30;70;-7;4;9;0;2;62;3;85;280;122;24;14;17;19;15420;240;180;2;0
2885;1982;186;3;80;8;10;146;-4;2;4;0;1;52;1;90;85;0;82;49;22;25;30300;780;240;7;0
2885;1981;186;3;78;17;22;135;0;4;4;0;0;53;2;103;86;0;100;45;27;18;29220;960;240;3;0
2885;1980;186;3;79;23;28;141;5;4;8;1;2;54;2;114;81;0;83;40;26;25;28500;780;420;7;0
2885;1979;186;3;78;25;30;145;-8;7;8;0;1;52;3;110;87;0;84;55;32;27;28740;1020;360;4;0
2975;1982;164;5;46;1;7;68;-5;0;0;0;0;42;0;19;0;0;14;43;3;12;28500;720;2820;2;0
2975;1981;164;5;45;0;6;72;7;0;0;0;0;43;0;20;0;0;15;42;3;9;26160;300;2460;0;0
2975;1980;164;5;45;0;6;55;5;0;0;0;0;46;0;27;0;0;15;41;3;14;24360;420;2400;1;0
2975;1979;164;5;46;0;4;61;-3;0;1;0;0;45;0;34;0;0;16;59;6;13;24960;360;2400;1;0
56;1979;5;0;79;19;23;40;-12;8;11;0;0;63;2;103;22;12;69;40;35;29;50781;12592;741;2;0
56;1980;5;0;46;10;15;44;-23;6;7;0;0;64;0;64;17;9;57;21;16;12;26241;11885;0;2;0
56;1981;5;0;31;2;5;10;-11;1;1;0;0;58;0;39;98;49;18;8;4;5;16897;1585;213;0;0
56;1981;222;9;45;21;23;32;-6;7;5;0;0;69;1;121;86;49;30;22;17;62;43814;9397;465;2;0
56;1982;256;10;52;9;25;38;-9;1;6;1;0;60;1;91;28;17;19;16;14;50;43101;3134;1156;2;2
84;1983;159;5;45;8;16;85;0;0;4;0;0;53;0;45;0;0;43;40;10;47;24900;420;2460;3;3
84;1982;159;5;46;4;13;70;0;1;4;1;1;54;0;40;0;0;49;32;11;58;26940;720;2820;2;1
84;1981;159;5;44;3;13;79;7;0;1;0;0;53;0;45;0;0;50;27;10;65;25140;420;2460;5;2
84;1980;159;5;45;4;18;107;3;1;5;0;1;57;1;52;0;0;59;27;14;81;23280;240;2220;8;3
84;1979;159;5;44;5;17;68;-8;0;8;1;0;57;0;50;0;0;61;35;7;77;25380;480;2640;4;2
196;1983;165;5;45;12;18;63;3;3;2;2;0;47;1;44;167;45;15;38;12;10;17340;720;180;1;0
196;1982;165;5;43;13;9;71;-3;1;4;1;1;50;1;47;160;43;13;25;14;10;14340;360;120;1;0
196;1981;165;5;45;20;13;71;9;2;3;0;0;50;0;57;181;90;17;28;19;12;16860;420;60;3;0
196;1980;165;5;46;14;14;62;1;3;4;0;0;52;0;51;225;60;11;27;15;8;17820;840;300;0;0
196;1979;165;5;46;13;19;63;1;3;5;1;0;55;1;53;204;92;22;27;20;15;18000;600;420;1;0
334;1983;156;5;46;19;23;72;-3;4;2;1;1;55;0;66;50;0;37;27;16;11;18000;600;240;4;2
334;1982;156;5;45;16;19;81;0;5;6;1;1;57;0;70;56;0;33;17;15;13;16680;600;300;3;0
334;1981;156;5;45;10;15;80;2;3;4;0;0;56;1;69;47;0;46;29;12;17;18720;900;240;5;0
334;1980;156;5;45;18;25;84;8;7;5;0;1;57;0;76;57;0;46;21;19;13;14940;240;180;2;0
334;1979;156;5;43;12;20;61;2;4;1;1;0;58;0;65;56;0;40;15;13;24;16380;300;60;1;0
343;1983;233;9;2;1;1;0;-1;0;0;0;0;59;0;7;18;8;1;0;0;2;1518;90;59;0;0
343;1979;186;3;33;9;22;57;-1;1;7;0;0;59;0;62;58;33;22;13;11;18;25320;1980;1920;1;1
343;1979;233;9;23;2;3;4;-4;0;1;0;0;54;0;20;13;5;13;4;1;27;12009;487;542;0;0
343;1980;233;9;40;7;8;37;-8;1;1;0;0;55;0;43;44;26;19;7;8;43;29894;1887;711;0;0
343;1980;17;0;26;1;7;23;-4;0;0;0;0;60;0;26;8;7;28;11;3;12;12731;1618;0;1;0
343;1981;17;0;13;5;2;13;-8;3;1;0;0;61;2;19;195;87;12;6;8;5;9334;3163;29;1;0
493;1982;256;10;38;0;4;12;-5;0;0;0;0;53;0;13;2;1;33;3;2;15;12819;187;1277;0;0
493;1979;186;3;28;12;25;62;-4;2;9;0;0;61;3;43;50;0;45;16;20;12;20220;1680;1560;4;2
493;1979;243;10;41;8;21;14;14;1;4;0;1;61;1;76;19;5;39;9;12;23;36339;4195;1139;0;0
493;1980;243;10;77;20;32;76;-10;7;11;0;1;65;4;144;71;30;88;19;18;60;66701;10447;4995;0;0
493;1981;243;10;80;25;34;69;-24;9;13;1;1;62;3;165;57;23;87;20;19;66;72011;13561;5991;0;0
814;1983;186;3;77;9;13;124;4;2;5;0;2;45;1;55;202;43;25;108;14;22;30060;1140;600;2;0
814;1982;186;3;80;10;8;133;0;4;0;0;0;47;1;60;220;80;25;87;19;18;29640;960;600;1;0
814;1981;186;3;79;9;11;115;2;0;0;0;0;47;0;64;254;79;27;90;19;16;31380;1380;900;5;0
814;1980;186;3;80;17;22;131;5;4;1;0;1;48;3;71;280;80;16;89;21;22;28980;780;180;3;0
814;1979;186;3;80;8;10;129;4;1;0;0;1;50;1;73;313;80;22;69;16;27;28920;960;360;3;0
905;1983;186;3;79;19;42;141;-3;3;12;1;3;56;4;117;88;0;54;41;16;22;30300;900;480;1;0
905;1982;186;3;80;33;31;132;2;8;6;1;0;55;6;144;99;0;67;49;28;26;32160;900;540;7;1
905;1981;186;3;79;30;43;119;-3;10;13;1;2;58;3;146;94;0;84;33;23;31;32100;1260;480;1;1
905;1980;186;3;80;26;31;143;2;4;8;1;0;60;5;129;108;0;75;33;34;48;29040;960;420;3;0
905;1979;186;3;80;19;35;117;-3;7;9;0;3;63;4;142;122;0;81;34;25;38;61980;4800;4380;3;0
1100;1979;12;0;50;4;16;35;-4;1;6;1;0;62;0;86;0;0;41;12;27;70;45725;7817;2401;3;0
1100;1979;253;10;22;5;21;6;2;2;10;1;0;64;1;72;0;0;20;10;6;20;24583;5010;1534;0;0
1100;1980;253;10;73;15;40;54;-4;8;9;0;1;58;3;193;0;0;70;15;24;67;72086;16401;5752;0;0
1100;1981;253;10;75;18;46;28;-5;5;27;0;0;62;3;216;1;1;48;33;15;53;69556;18505;5008;0;0
1100;1982;253;10;65;8;20;26;-5;1;4;0;1;54;1;102;0;0;36;15;10;26;56073;2852;4657;0;0
1100;1983;12;0;29;2;5;8;4;1;1;0;0;59;0;21;0;0;22;12;14;16;15793;1808;1785;0;0
1100;1983;253;10;17;2;2;22;-3;1;1;0;0;56;1;44;0;0;10;4;2;9;12794;2251;1565;0;0
1499;1983;256;10;68;10;32;52;-2;3;12;0;2;58;1;178;0;0;39;15;14;48;69944;10017;6192;0;0
1499;1979;255;10;73;20;42;24;22;6;13;0;1;66;4;245;0;0;44;30;34;113;77407;19486;6183;0;0
1499;1980;19;0;80;9;21;77;-35;2;6;0;2;64;1;106;0;0;84;25;49;115;79531;6013;7646;3;0
1499;1981;19;0;80;7;21;66;-40;1;6;0;0;62;0;72;0;0;81;20;45;100;73022;5898;5374;3;0
1499;1982;256;10;11;0;5;2;2;0;1;0;1;58;0;17;0;0;7;4;5;14;10655;2232;690;0;0
1499;1982;20;0;68;2;22;44;4;0;1;0;2;59;0;65;0;0;34;12;21;96;56842;1578;8348;6;2
1547;1983;186;3;78;6;19;142;1;2;8;0;1;52;0;67;1;1;84;48;18;111;44460;960;4080;7;1
1547;1982;186;3;79;1;26;110;3;0;4;0;1;56;1;63;0;0;94;35;24;119;43860;360;3840;4;0
1547;1981;186;3;79;8;34;148;1;1;4;1;4;55;0;73;0;0;95;50;19;134;45060;600;4500;6;1
1547;1980;186;3;79;3;34;138;4;1;8;0;4;57;0;66;0;0;107;54;25;143;45180;960;4200;6;2
1547;1979;186;3;80;8;30;140;-3;2;2;0;0;58;2;81;0;0;97;52;20;140;45000;660;4440;8;2
1560;1983;155;5;46;9;4;73;-1;3;1;0;0;51;0;43;1;0;22;33;6;29;27060;660;2640;1;0
1560;1982;155;5;46;5;14;64;-10;0;2;0;0;52;1;45;0;0;23;39;9;31;26040;420;2040;0;0
1560;1981;155;5;46;4;16;54;4;0;2;1;1;52;0;46;0;0;33;52;9;40;26160;480;2100;0;0
1560;1980;155;5;45;9;11;62;-9;3;4;0;1;56;0;53;0;0;28;39;10;38;24900;360;2100;0;0
1560;1979;155;5;46;9;15;64;10;4;7;1;0;54;3;58;1;0;29;42;13;50;26340;540;2400;0;0
1896;1983;158;5;45;14;6;88;-15;4;3;0;0;50;2;50;202;45;21;35;14;13;17280;420;120;2;0
1896;1982;158;5;46;12;16;77;-1;1;3;0;0;52;2;53;214;46;19;28;8;13;17520;660;240;1;0
1896;1981;158;5;46;16;18;79;7;3;5;0;0;53;3;74;215;65;28;20;8;25;17160;780;360;3;0
1896;1979;158;5;46;18;17;71;5;3;4;1;1;54;2;76;230;92;31;29;15;19;18720;720;240;1;0
1896;1980;158;5;45;11;12;70;4;0;3;0;0;56;2;59;243;90;23;24;10;15;17100;480;240;0;0
1991;1983;186;3;80;18;21;145;-5;4;4;1;1;52;2;95;369;80;47;51;33;37;29340;900;360;6;0
1991;1982;186;3;78;21;21;143;-5;5;6;0;1;55;3;102;374;78;45;47;31;35;27660;840;300;4;0
1991;1981;186;3;79;18;25;115;1;7;7;1;0;55;4;105;430;79;45;50;30;40;30840;1320;660;3;2
1991;1980;186;3;77;21;24;119;5;5;7;0;0;56;2;102;383;77;45;48;28;33;29820;1140;540;3;1
1991;1979;186;3;78;29;35;130;0;8;12;0;1;58;4;112;470;156;49;43;29;25;30240;1260;300;4;0
2535;1983;155;5;44;11;18;51;-8;2;3;1;1;54;2;54;41;0;32;17;12;15;16260;780;420;1;0
2535;1982;155;5;44;18;21;68;0;4;5;1;1;55;1;59;49;0;31;21;28;15;13800;420;240;0;0
2535;1981;155;5;46;15;26;70;10;4;2;0;0;56;0;65;56;0;41;16;21;16;15900;360;120;0;0
2535;1980;155;5;46;23;31;78;-1;8;1;0;1;56;4;72;49;0;47;26;14;17;18000;600;180;0;0
2535;1979;155;5;45;18;27;76;2;7;5;1;0;58;2;73;55;0;35;21;14;24;15360;420;120;0;0
35;1984;186;3;79;12;22;138;-8;3;7;2;2;53;2;87;0;0;73;56;17;68;45000;960;4620;4;2
35;1983;186;3;80;8;21;112;8;0;7;0;2;53;2;88;2;0;69;57;16;74;42600;420;3840;2;0
35;1982;186;3;80;7;23;141;0;2;4;0;1;57;0;87;0;0;80;72;10;87;45960;840;4320;5;0
35;1981;186;3;79;10;24;136;5;2;3;1;0;56;2;99;1;1;89;53;19;90;44820;1080;4140;4;0
35;1980;186;3;80;8;22;146;-4;0;4;1;0;56;3;107;0;0;75;52;18;98;46560;960;4320;3;1
35;1979;186;3;80;7;31;117;8;3;5;0;0;58;1;105;0;0;67;47;22;91;47160;660;4380;1;0
211;1984;186;3;77;8;10;131;-3;2;3;0;0;47;1;59;248;77;98;78;13;39;29520;900;240;6;2
211;1983;186;3;80;6;11;129;-2;2;4;0;0;49;1;72;265;80;85;75;17;31;31380;840;240;1;0
211;1982;186;3;80;12;15;143;0;2;2;1;0;49;0;74;321;80;97;58;17;37;30780;1260;600;4;1
211;1981;186;3;77;13;17;116;-9;2;4;1;0;51;2;73;317;77;95;60;22;36;28980;1200;480;4;1
211;1980;186;3;77;13;18;155;5;3;5;0;1;52;1;82;373;77;74;63;18;35;30000;600;240;3;1
211;1979;186;3;79;14;26;131;0;3;4;0;1;51;0;94;372;79;78;57;29;26;30000;1140;600;5;1
247;1984;216;9;12;1;1;4;0;0;0;0;0;54;0;7;0;0;13;2;3;8;10533;29;2351;0;0
247;1984;236;9;4;0;2;2;3;0;0;0;0;57;0;5;0;0;3;0;3;8;4027;32;536;0;0
247;1982;256;10;2;0;0;0;-3;0;0;0;0;51;0;0;0;0;2;0;1;3;1906;0;99;0;0
247;1981;253;10;77;2;19;50;-9;0;1;1;3;58;0;69;0;0;102;24;20;106;73907;933;11177;2;0
247;1980;253;10;71;13;19;52;9;0;3;0;1;60;1;123;1;0;103;24;43;145;72689;2350;12019;0;0
247;1979;12;0;70;3;24;107;19;0;1;0;1;62;0;82;0;0;50;27;30;144;68975;1750;5001;11;2
348;1984;186;3;79;17;36;141;3;5;3;1;0;52;3;86;380;79;34;24;25;33;27960;780;300;5;1
348;1983;186;3;80;20;35;141;-4;7;8;0;2;55;1;99;426;114;31;31;39;24;27240;480;180;5;0
348;1982;186;3;78;22;23;106;4;2;8;1;0;53;1;94;418;156;40;26;35;16;30960;1380;720;1;0
348;1981;186;3;80;22;35;118;14;8;7;0;0;56;5;98;446;160;42;37;32;20;27000;900;360;4;0
348;1980;186;3;78;26;42;132;5;5;9;0;3;58;3;115;457;234;42;33;23;30;30180;900;300;2;0
348;1979;186;3;78;25;40;120;1;5;12;1;1;59;3;111;464;234;50;32;30;27;29160;960;360;2;1
358;1983;254;10;36;10;23;30;10;6;7;0;0;63;1;86;543;282;34;14;7;35;30930;6061;491;0;0
358;1983;279;0;33;6;10;10;0;0;0;1;0;61;0;49;22;13;37;18;2;13;20594;867;358;0;0
358;1979;24;0;80;30;28;61;10;3;4;3;0;63;5;203;751;346;56;70;32;38;73550;5261;2264;5;0
358;1980;24;0;80;30;31;70;37;2;2;0;0;63;4;152;727;347;53;54;22;22;64391;5310;1063;2;1
358;1981;279;0;75;22;34;50;-19;4;4;0;2;66;2;141;106;50;106;70;19;25;64889;7252;1384;1;1
358;1982;279;0;80;14;32;75;0;2;7;0;0;66;0;170;29;17;101;53;19;38;63399;9857;625;3;1
410;1979;26;0;32;4;9;2;-3;0;0;1;1;60;0;45;98;34;38;15;11;22;13606;176;5346;0;0
410;1980;26;0;42;3;9;8;-1;0;0;1;0;58;0;29;23;8;39;11;12;19;31803;11;487;0;0
410;1981;26;0;1;0;0;0;0;0;0;0;0;56;0;1;0;0;1;0;0;0;721;0;113;0;0
410;1982;254;10;51;11;27;22;9;2;8;0;0;60;3;88;21;8;40;11;14;38;39361;3686;1675;0;0
410;1983;254;10;44;4;6;15;0;2;1;1;0;55;1;34;28;17;16;7;8;31;17122;2627;3314;1;0
542;1984;158;5;46;8;11;77;3;2;2;1;0;47;0;46;42;0;20;51;8;8;16980;300;180;2;0
542;1983;158;5;45;8;10;67;8;2;2;0;2;50;2;47;35;0;25;42;11;13;17580;600;240;1;0
542;1982;158;5;46;11;14;100;0;4;3;0;0;50;1;53;41;0;23;37;12;15;17460;480;240;6;0
542;1981;158;5;46;10;15;85;9;3;3;1;2;52;2;65;42;0;31;28;11;11;19800;840;540;3;0
542;1980;158;5;45;11;13;67;-1;5;5;0;0;51;0;53;44;0;33;30;9;10;15660;300;240;1;0
542;1979;158;5;46;19;16;69;7;3;3;1;0;55;0;64;45;0;30;26;7;14;15060;360;180;1;0
705;1984;169;5;46;2;3;50;0;0;0;0;0;43;0;23;15;0;10;45;7;10;16080;480;120;0;0
705;1983;169;5;46;5;3;44;3;1;1;0;0;43;0;28;15;0;5;52;4;9;16200;600;420;0;0
705;1982;169;5;46;4;3;54;7;1;1;0;0;44;1;27;27;0;14;48;5;5;17160;480;120;0;0
705;1981;169;5;46;5;11;60;11;0;4;0;0;44;0;32;25;0;14;43;8;4;16320;360;180;0;0
705;1980;169;5;46;5;8;52;11;1;0;0;0;45;0;32;24;0;12;47;4;4;16260;420;240;0;0
705;1979;169;5;46;8;5;56;-5;2;1;0;0;45;1;41;32;0;9;41;3;7;15960;420;120;0;0
732;1984;154;5;45;10;13;79;-13;2;2;0;0;50;1;61;48;0;25;34;15;14;16980;420;120;2;0
732;1983;154;5;45;9;14;94;-4;2;2;0;0;52;0;61;47;0;27;32;14;20;14880;480;300;2;0
732;1982;154;5;46;19;14;79;-3;3;2;0;0;54;1;74;52;0;33;29;26;18;15780;300;0;3;0
732;1981;154;5;45;15;19;77;5;3;4;1;0;54;2;76;49;0;33;23;22;18;17460;360;240;3;0
732;1980;154;5;46;19;19;73;2;2;7;0;0;54;2;90;53;0;29;22;15;25;17460;600;240;2;1
732;1979;154;5;45;15;17;83;2;4;3;0;0;56;4;85;60;0;30;34;18;10;17760;540;180;3;1
790;1984;186;3;80;7;14;145;2;0;2;1;1;47;0;58;61;0;51;40;7;12;30720;960;540;5;0
790;1983;186;3;79;8;21;124;2;0;5;2;0;48;0;72;64;0;55;44;12;10;30480;660;180;4;1
790;1982;186;3;77;7;16;154;-4;0;2;0;0;48;1;69;62;0;59;47;17;17;26340;720;360;8;2
790;1981;186;3;80;15;28;130;0;1;4;1;3;50;5;84;72;0;64;37;13;19;29520;960;480;2;0
790;1980;186;3;79;15;17;144;-2;3;5;0;1;51;0;83;77;0;68;34;21;18;30900;1320;660;3;1
790;1979;186;3;80;15;19;147;-4;5;6;0;1;53;4;85;80;0;76;44;14;19;30600;1080;360;7;1
912;1984;186;3;79;21;24;127;8;3;6;1;0;52;5;96;347;158;25;37;26;19;28740;960;540;1;0
912;1983;186;3;79;13;29;131;-8;2;5;1;0;54;1;95;351;158;35;38;24;35;28260;900;600;1;0
912;1982;186;3;80;16;24;113;7;7;4;0;0;53;2;104;390;160;30;48;32;44;28020;1200;720;1;0
912;1981;186;3;79;17;33;112;-3;3;5;0;1;55;2;108;403;158;31;47;34;30;31560;1200;600;2;0
912;1980;186;3;80;25;34;130;-5;5;5;0;2;55;3;118;440;217;42;39;40;39;25380;720;420;2;0
912;1979;186;3;79;25;31;116;-5;3;9;0;1;58;4;130;483;215;44;35;39;33;29580;1080;660;0;0
976;1979;280;0;80;28;31;86;-2;1;2;1;1;64;3;150;874;428;92;54;42;26;67186;5268;4152;6;1
976;1980;280;0;80;25;31;138;-7;0;0;0;1;62;2;124;858;367;81;52;30;18;65490;1266;3836;12;7
976;1981;21;0;80;15;28;137;-4;0;1;0;0;61;1;127;195;87;101;34;17;19;54039;4072;531;11;3
976;1982;21;0;67;10;17;44;-8;1;1;0;0;57;0;76;185;84;93;29;19;11;40469;166;480;4;1
976;1983;21;0;77;6;19;48;-26;1;0;0;0;59;0;80;156;71;65;31;20;9;41093;544;275;4;1
997;1984;159;5;46;18;14;62;-8;2;2;1;1;52;1;66;209;46;16;25;15;9;16200;420;60;0;0
997;1983;159;5;46;13;14;76;-5;4;2;0;1;52;1;60;235;46;18;29;16;16;17040;600;300;0;0
997;1982;159;5;45;16;21;68;-3;4;4;0;1;56;0;68;221;83;22;33;21;16;17400;660;240;0;0
997;1981;159;5;46;15;27;87;1;1;4;1;2;58;2;67;275;92;35;26;18;23;18120;600;180;3;3
997;1980;159;5;45;16;21;66;-5;4;6;2;0;55;2;60;262;90;21;22;24;20;17340;660;240;2;0
997;1979;159;5;45;19;19;90;-2;6;6;3;2;57;1;78;264;90;15;25;21;19;18900;900;360;0;0
1005;1979;236;9;3;0;1;9;0;0;1;0;0;66;0;3;0;0;18;0;0;2;2715;10;208;1;1
1111;1984;186;3;80;3;10;147;-3;0;2;0;0;53;0;56;0;0;82;50;13;98;45660;780;4080;4;0
1111;1983;186;3;79;7;26;135;2;2;4;0;0;52;1;68;0;0;101;58;12;88;45600;780;4320;9;2
1111;1982;186;3;80;6;23;156;-1;0;5;1;0;54;2;76;0;0;74;71;23;113;45720;960;4320;7;1
1111;1981;186;3;79;6;21;122;0;1;7;0;0;56;2;76;0;0;88;52;14;115;43020;840;3960;5;2
1111;1980;186;3;80;2;27;118;0;0;8;0;0;54;0;70;0;0;81;54;17;122;45600;720;4140;4;1
1111;1979;186;3;80;5;35;161;-3;1;5;0;1;57;0;81;0;0;88;54;27;136;44580;660;4440;5;0
1117;1984;157;5;46;13;22;69;-10;3;6;0;0;55;0;63;218;46;19;31;27;19;18120;540;240;1;0
1117;1983;157;5;46;12;15;58;-2;3;3;0;1;57;2;62;247;72;31;37;30;25;16380;360;0;0;0
1117;1982;157;5;45;14;21;63;3;1;3;0;1;58;2;64;245;90;23;20;26;32;17160;540;360;1;0
1117;1981;157;5;46;24;22;68;-1;1;5;0;1;61;0;81;306;92;28;33;17;19;15480;540;60;0;0
1117;1980;157;5;46;14;24;73;5;3;6;0;0;59;4;73;300;92;25;28;29;23;18720;780;360;2;0
1117;1979;157;5;45;16;23;79;-8;5;6;2;0;60;2;75;308;135;33;27;25;27;21420;900;720;0;0
1164;1983;216;9;29;0;5;6;0;0;2;0;2;60;0;23;105;55;27;8;10;6;13587;365;5720;0;0
1164;1982;216;9;60;10;18;32;6;0;2;0;2;56;0;73;242;127;45;15;18;25;38719;320;8315;0;0
1164;1979;15;0;3;0;0;2;-1;0;0;0;0;70;0;4;12;3;6;4;1;5;1318;108;767;0;0
1164;1979;18;0;77;21;31;22;18;0;1;0;0;57;2;134;3;2;90;60;28;33;63421;297;96;0;0
1164;1980;18;0;65;4;21;14;3;0;0;0;0;54;1;51;3;1;56;14;18;13;30245;300;125;0;0
1164;1980;10;0;12;2;4;4;4;0;0;1;0;67;2;19;1;0;22;9;12;4;7767;82;2342;0;0
1164;1981;10;0;71;8;8;26;-14;0;1;2;0;59;2;88;82;40;68;35;38;38;34362;596;12684;0;0
1398;1984;186;3;79;12;34;115;5;1;8;2;2;55;0;90;99;0;80;43;31;42;32340;1380;660;3;1
1398;1983;186;3;80;23;30;125;3;6;6;0;2;57;2;114;102;0;81;40;42;24;30240;1320;600;4;2
1398;1982;186;3;80;27;34;117;1;5;5;3;1;58;5;119;106;0;76;39;37;33;30420;1140;540;3;0
1398;1981;186;3;78;16;36;110;8;3;14;0;1;60;2;106;114;0;77;30;24;43;28980;960;540;0;0
1398;1980;186;3;78;26;49;109;6;8;9;0;3;62;4;116;106;0;99;37;39;33;29580;1200;480;3;0
1398;1979;186;3;79;28;43;139;-1;8;9;1;3;58;5;136;113;0;116;27;38;51;54420;4140;3900;1;0
1483;1984;186;3;67;30;22;131;-7;7;3;2;0;60;3;115;387;134;64;37;30;51;24660;540;240;7;1
1483;1979;224;9;78;12;26;45;-11;1;6;0;2;60;2;145;249;108;119;30;41;125;74885;6924;10976;3;0
1483;1980;224;9;78;14;25;49;-4;5;5;0;0;59;3;126;208;106;124;23;31;72;70713;7818;13634;1;0
1483;1981;236;9;55;6;14;29;4;0;1;1;1;56;0;46;448;219;44;11;17;32;34532;641;9343;1;0
1531;1984;186;3;78;10;10;125;-3;1;4;0;0;46;1;46;214;78;23;115;9;18;31200;960;540;1;0
1531;1983;186;3;80;7;11;124;0;2;0;0;2;46;0;50;244;80;31;123;17;15;29820;1260;600;2;0
1531;1982;186;3;80;9;7;102;-3;4;1;0;0;46;1;56;257;80;39;87;25;22;29400;960;360;0;0
1531;1981;186;3;79;10;22;110;0;0;7;1;1;48;4;68;256;79;35;78;21;25;27180;840;300;2;0
1531;1980;186;3;79;12;18;109;16;4;8;0;0;48;1;71;304;79;36;70;20;31;29160;1020;360;1;0
1531;1979;186;3;79;7;11;109;-2;1;1;0;0;49;0;69;312;79;29;61;28;27;26520;480;240;1;0
1577;1984;223;9;3;0;1;4;-1;0;0;0;0;51;0;1;22;11;3;1;0;0;2015;0;101;0;0
1577;1982;223;9;20;0;3;0;-2;0;1;0;1;54;0;15;66;23;10;2;2;7;9518;634;2725;0;0
1577;1979;9;0;4;0;0;0;-5;0;0;0;0;49;0;1;12;3;1;0;0;0;1540;0;0;0;0
1577;1980;9;0;2;0;0;0;-2;0;0;0;0;47;0;0;14;2;0;1;0;1;700;0;40;0;0
1577;1981;223;9;8;0;1;2;-4;0;0;0;0;53;0;6;18;6;3;1;1;1;2529;0;925;0;0
2276;1984;158;5;46;7;12;65;-6;1;1;0;0;49;1;39;34;0;11;29;10;13;16020;480;120;1;0
2276;1983;158;5;46;7;14;53;-3;1;3;0;2;49;2;47;37;0;20;40;10;13;18600;660;300;1;0
2276;1982;158;5;46;14;11;67;3;4;0;0;1;51;2;54;42;0;15;25;19;17;14640;300;120;1;1
2276;1981;158;5;46;12;13;59;10;3;2;1;0;52;0;63;40;0;31;30;12;15;16380;360;180;0;0
2276;1980;158;5;45;10;10;68;2;0;2;2;0;53;1;65;48;0;29;28;14;9;16200;660;60;0;0
2276;1979;158;5;45;19;14;56;0;2;3;2;0;54;4;67;49;0;32;27;15;16;16920;600;240;0;0
2442;1984;226;9;29;4;4;8;-12;2;4;0;0;54;0;30;30;14;16;9;1;4;10472;5672;70;0;0
2442;1979;16;0;80;7;8;42;-4;0;0;0;0;57;1;50;1;1;36;26;6;14;28219;669;143;4;2
2442;1980;16;0;80;3;10;36;-13;0;0;0;0;58;1;50;0;0;41;34;14;14;34155;601;50;2;0
2442;1981;16;0;80;5;12;16;-34;0;2;1;1;58;0;62;61;22;47;31;19;15;32886;786;4054;0;0
2442;1982;16;0;40;4;11;12;-4;0;0;0;0;58;0;22;0;0;22;11;9;13;16496;152;44;0;0
2442;1983;250;10;59;20;17;26;-20;10;10;0;0;56;2;96;15;4;46;16;11;9;30574;9755;1051;0;0
2444;1979;237;9;68;29;46;34;20;10;21;0;0;70;2;193;1349;725;81;14;20;31;68548;13860;224;0;0
2444;1980;8;0;80;19;15;24;20;1;0;1;0;60;3;87;181;95;52;35;16;11;34446;823;1358;2;1
2444;1981;8;0;80;10;23;29;3;1;9;0;0;61;2;101;44;28;53;34;15;16;38577;7057;182;1;0
2444;1982;8;0;69;14;19;23;-15;0;0;0;0;59;0;72;28;15;68;24;19;30;44206;676;100;1;0
2444;1983;237;9;43;18;17;6;-10;10;7;0;0;60;3;98;56;27;45;16;7;17;36534;9292;495;0;0
2470;1984;233;9;22;1;6;14;-3;1;2;0;0;53;0;15;0;0;3;1;2;3;7119;1927;286;0;0
2470;1983;243;10;70;25;32;45;10;3;9;0;1;58;4;134;21;10;38;10;15;41;55980;7352;2561;0;0
2470;1982;253;10;59;19;24;16;-5;6;9;0;0;60;2;112;30;10;36;10;16;35;49777;9089;2821;0;0
2470;1981;214;9;71;14;36;59;2;3;10;0;0;60;3;113;52;14;59;14;30;57;50130;10241;2448;1;0
2470;1979;24;0;30;3;9;19;10;0;1;0;0;64;1;38;1;1;37;16;8;18;24870;1207;0;1;0
2470;1979;214;9;8;4;6;2;4;1;1;0;0;63;0;15;1;1;7;3;0;5;6703;1091;446;0;0
2470;1980;214;9;61;14;33;32;-3;1;6;0;0;61;0;95;45;22;45;12;18;62;52955;4285;3686;0;0
2473;1979;26;0;67;18;15;61;-3;0;1;3;0;61;1;101;108;46;94;48;25;30;37232;2720;7692;7;2
2473;1980;26;0;80;11;21;99;1;0;2;0;0;61;1;85;47;21;143;38;26;16;44605;826;4796;9;3
2473;1981;26;0;80;6;12;27;-28;0;0;0;0;57;1;53;40;24;99;23;16;13;43415;640;1033;1;1
2473;1982;26;0;80;2;16;56;-57;0;0;0;0;56;0;74;75;35;122;38;20;21;45370;874;3539;6;2
2473;1983;26;0;7;0;0;7;-3;0;0;0;0;54;0;4;21;8;7;5;1;1;3840;0;250;1;1
2483;1984;236;9;4;0;0;2;-6;0;0;0;0;60;0;6;0;0;5;1;1;2;3581;719;453;0;0
2483;1984;186;3;1;0;1;0;0;0;0;0;0;41;0;3;0;0;2;0;1;0;720;0;60;0;0
2483;1983;186;3;79;10;41;141;-6;2;9;0;1;60;2;124;0;0;113;45;26;101;53700;1680;5820;3;1
2483;1982;186;3;67;7;28;109;-5;3;7;0;1;63;0;104;2;0;107;30;18;98;51840;2460;6180;4;0
2483;1981;226;9;77;12;19;44;-8;0;0;1;3;61;2;111;0;0;106;14;23;111;67469;2125;12615;0;0
2483;1980;226;9;35;0;8;16;-4;0;0;0;0;66;0;44;0;0;45;9;7;37;30594;1826;5822;0;0
2483;1979;226;9;51;4;13;16;7;1;0;0;0;62;1;73;0;0;62;14;11;36;48316;2832;3894;0;0
2543;1984;186;3;80;22;27;135;2;6;3;2;1;55;2;107;446;80;34;43;28;24;28860;1080;480;7;2
2543;1983;186;3;80;23;33;117;4;6;5;2;0;55;3;115;416;160;53;47;23;29;31320;1080;360;5;1
2543;1982;186;3;80;24;42;147;8;6;10;1;1;59;5;114;481;160;42;24;34;28;29460;1020;660;7;0
2543;1981;186;3;67;21;41;100;3;6;4;0;2;59;2;104;408;134;48;24;24;23;21000;480;180;4;1
2547;1984;157;5;45;18;12;48;-2;2;3;2;0;55;2;77;44;0;43;18;18;13;18300;660;480;0;0
2547;1983;157;5;46;16;18;72;-13;2;6;1;0;56;2;85;52;0;26;18;9;17;18120;840;360;2;0
2547;1982;157;5;46;25;28;79;8;9;9;1;1;55;1;111;60;0;40;24;16;15;18300;660;420;3;0
2547;1981;157;5;46;24;20;81;10;4;6;0;0;59;2;106;58;0;38;19;12;11;18600;540;180;3;0
2547;1980;157;5;42;23;21;63;-1;6;1;0;1;60;4;98;48;0;37;23;17;12;16260;660;480;1;1
2547;1979;157;5;44;24;15;79;-4;5;2;0;0;64;2;109;65;0;34;16;18;13;15120;540;120;3;0
2616;1984;186;3;80;0;0;84;3;0;0;0;0;40;0;9;5;0;22;160;14;3;31080;1080;360;0;0
2616;1983;186;3;79;0;0;95;-2;0;0;0;0;40;0;12;4;0;19;158;6;7;26340;720;540;1;0
2616;1982;186;3;79;0;0;90;0;0;0;0;0;40;0;8;8;0;15;158;7;9;29220;840;240;0;0
2616;1981;186;3;79;2;0;82;5;2;0;0;0;40;1;17;12;0;21;158;4;7;27300;540;300;0;0
2616;1980;186;3;80;0;2;102;13;0;0;0;0;40;0;10;15;0;19;133;8;9;28860;660;300;0;0
2616;1979;186;3;79;0;1;106;5;0;0;0;0;41;0;13;7;0;18;130;19;6;30120;1320;720;0;0
2659;1979;26;0;1;0;0;0;-1;0;0;0;0;54;0;1;0;0;1;0;0;0;245;0;0;0;0
2659;1980;26;0;80;18;44;57;-15;5;16;0;1;71;3;105;30;13;180;45;40;41;72627;16651;2943;1;0
2659;1981;254;10;74;35;52;42;18;14;20;1;0;73;4;242;157;77;80;11;48;65;75057;19363;3943;0;0
2659;1982;254;10;76;22;46;35;7;7;20;0;0;64;3;194;167;101;88;14;24;37;65958;19093;910;1;1
2659;1983;254;10;71;24;49;44;14;8;24;0;0;64;5;169;88;47;65;7;32;32;63753;15915;270;0;0
2674;1984;186;3;80;17;22;152;-6;3;4;1;3;55;2;92;90;0;76;55;25;28;29220;720;240;5;2
2674;1983;186;3;79;17;32;131;-2;6;10;0;0;56;2;107;91;0;75;61;23;28;28140;600;480;3;1
2674;1982;186;3;77;14;41;107;-9;4;16;0;1;57;3;97;97;0;81;71;24;20;28500;840;300;5;2
2674;1981;186;3;79;19;46;147;2;7;9;0;4;57;2;115;103;0;118;60;31;37;28860;600;420;9;3
2674;1980;186;3;79;25;43;162;1;6;16;0;2;59;2;122;103;0;124;53;25;37;28140;900;360;10;3
2674;1979;186;3;80;35;41;134;2;7;9;0;2;61;5;139;110;0;123;50;25;41;30900;840;240;8;6
2694;1979;26;0;76;8;24;90;-25;4;5;0;0;64;2;142;0;0;115;17;47;65;72137;12952;4346;6;3
2694;1980;26;0;80;12;27;85;-13;5;7;0;0;62;3;159;2;1;128;29;51;73;82376;14520;11322;3;0
2694;1981;12;0;64;4;17;56;9;0;2;0;1;61;1;87;0;0;51;14;38;51;60912;3051;2389;6;2
2694;1982;12;0;30;2;10;43;-8;2;3;0;0;61;0;53;0;0;43;16;11;30;27106;4676;1303;1;0
2694;1983;254;10;72;25;47;82;9;7;23;1;1;65;3;226;0;0;63;21;28;52;67107;18232;5994;2;1
2698;1979;238;10;73;39;41;48;16;11;11;1;0;74;8;266;82;42;54;27;18;53;72390;14961;2660;0;0
2698;1980;12;0;75;18;38;24;15;3;5;0;0;67;2;133;18;7;69;41;32;22;52975;11311;170;0;0
2698;1981;12;0;57;5;13;18;-3;1;0;0;0;61;0;69;10;2;43;23;7;9;32769;834;521;0;0
2698;1982;12;0;67;4;10;40;-10;0;2;0;0;59;0;60;3;0;45;22;23;10;33559;2593;50;2;0
2698;1983;12;0;41;6;8;23;-3;0;4;0;0;65;0;42;4;2;37;13;9;5;24107;2521;196;1;0
2698;1983;253;10;21;9;10;14;-18;7;4;0;1;63;1;57;3;0;10;5;9;13;18553;4702;372;0;0
2728;1984;186;3;79;5;22;148;7;1;5;0;3;52;1;78;2;0;76;52;17;114;46440;1200;4620;4;0
2728;1983;186;3;80;7;30;159;16;3;7;0;0;55;2;85;0;0;71;63;23;104;46020;600;4320;9;4
2728;1982;186;3;79;6;24;150;1;2;5;1;1;56;1;85;0;0;76;49;17;102;44580;840;4140;6;1
2728;1981;186;3;80;13;37;171;-2;3;8;0;0;57;1;102;0;0;72;46;26;98;44940;720;4440;9;4
2728;1980;186;3;76;9;33;158;3;2;7;0;2;57;0;92;0;0;81;47;18;113;42480;960;3900;8;2
2728;1979;186;3;80;9;34;151;0;0;6;0;1;59;2;105;0;0;81;46;18;125;47040;780;4440;9;5
2747;1984;186;3;80;3;14;134;-2;1;2;0;0;48;1;66;2;1;48;51;11;79;42900;660;3900;6;0
2747;1983;186;3;80;7;19;136;-5;1;5;0;0;50;1;71;1;0;68;65;17;70;46320;900;4620;10;2
2747;1982;186;3;80;7;19;170;-3;2;4;0;0;50;3;71;1;0;59;48;7;76;47580;1320;4920;11;0
2747;1981;186;3;80;9;24;145;6;1;10;1;1;52;1;82;0;0;66;60;21;85;45720;600;4440;9;0
2747;1980;186;3;80;6;22;153;15;1;6;0;0;53;1;77;0;0;66;59;18;80;46020;1020;4260;4;0
2747;1979;186;3;79;8;24;138;-1;2;2;0;2;57;1;86;0;0;80;59;19;91;44820;840;4080;4;2
2914;1984;186;3;80;3;1;128;3;0;0;1;0;43;1;41;29;0;23;130;10;5;30180;840;120;6;0
2914;1983;186;3;79;2;5;123;0;0;0;0;1;43;0;31;39;0;27;122;20;8;31140;1200;540;3;0
2914;1982;186;3;79;5;11;133;7;2;2;0;0;43;0;40;37;0;43;94;3;10;31020;1140;360;7;0
2914;1981;186;3;80;8;8;113;-1;1;1;1;0;43;0;55;43;0;37;97;10;14;27660;660;420;3;0
2914;1980;186;3;79;7;9;152;7;1;3;1;0;44;1;62;49;0;54;97;13;17;30120;900;420;5;0
2914;1979;186;3;76;5;9;123;-1;0;3;0;0;45;0;54;49;0;48;97;11;20;29880;1200;360;1;0
2940;1984;186;3;79;10;24;103;-16;1;10;0;0;52;1;87;358;79;25;58;21;39;28500;900;540;1;0
2940;1983;186;3;78;16;17;104;-2;6;3;1;0;52;0;93;357;78;32;56;24;41;28620;1080;240;0;0
2940;1982;186;3;80;12;20;112;15;1;4;1;0;54;0;96;374;80;39;48;26;35;30960;960;480;2;0
2940;1981;186;3;79;13;27;110;3;0;1;2;1;55;2;97;406;79;38;57;39;39;28020;720;360;0;0
2940;1980;186;3;78;26;27;119;3;6;5;2;0;56;1;114;415;78;28;38;36;38;30060;1140;660;1;0
2940;1979;186;3;80;28;33;108;-3;4;8;0;1;55;5;121;425;160;35;47;27;42;28980;780;420;2;0
2976;1984;214;9;1;0;0;0;-2;0;0;0;0;51;0;1;0;0;0;0;0;0;929;94;121;0;0
2976;1983;223;9;73;15;37;36;14;3;11;0;1;63;0;147;0;0;27;19;27;58;68660;11478;5646;0;0
2976;1979;278;0;9;0;0;9;-7;0;0;0;0;55;0;8;0;0;9;0;1;13;8859;238;245;1;0
2976;1981;243;10;64;7;30;32;-35;2;8;0;2;68;0;115;3;2;42;16;29;109;65941;10649;6305;0;0
2976;1982;255;10;75;17;43;34;26;2;6;0;1;63;4;153;0;0;33;16;24;70;76234;10321;6341;0;0
3005;1984;186;3;78;6;8;116;8;2;1;0;0;46;0;62;51;0;25;84;10;18;28740;1080;480;2;0
3005;1983;186;3;80;15;10;98;-4;3;1;1;0;48;2;75;62;0;52;70;15;23;31080;1320;420;0;0
3005;1982;186;3;80;6;16;137;-6;0;4;0;1;49;1;68;58;0;69;64;13;14;29520;720;420;3;0
3005;1981;186;3;80;16;16;135;4;6;3;0;0;49;2;83;71;0;62;55;16;27;28380;1020;600;3;0
3005;1980;186;3;79;11;21;122;-4;2;2;1;1;51;1;92;68;0;65;56;17;32;28560;900;240;2;0
3005;1979;186;3;80;11;21;112;3;3;7;0;0;52;1;90;79;0;70;48;32;34;28620;540;180;2;0
3447;1984;186;3;80;13;17;106;-1;4;5;0;0;47;2;77;252;80;23;65;17;23;29580;1020;360;0;0
3447;1983;186;3;80;11;17;114;-1;3;3;0;0;49;1;82;289;80;23;55;14;29;29220;1260;660;0;0
3447;1982;186;3;80;13;12;97;11;1;4;0;0;49;1;81;281;80;24;50;21;28;30420;1320;480;1;0
3447;1981;186;3;78;8;29;101;5;2;4;0;2;51;3;77;332;78;23;53;24;21;31740;1080;480;1;0
3447;1980;186;3;80;13;14;120;12;6;2;1;1;52;4;90;387;80;22;63;29;27;29160;780;420;2;1
3447;1979;186;3;80;13;24;96;3;1;7;0;0;53;2;95;353;80;47;64;24;35;32040;1140;300;0;0
3474;1979;226;9;67;19;26;34;-4;9;8;0;1;66;2;140;964;515;59;21;21;31;62750;5796;3289;2;2
3474;1980;226;9;65;10;31;74;-1;1;3;0;0;63;2;116;907;483;70;16;32;31;60560;5468;3738;2;0
3474;1981;226;9;44;13;19;23;-14;1;6;0;0;61;1;85;594;305;29;10;15;28;38241;4702;1453;1;0
3474;1982;226;9;74;18;21;63;-23;5;3;0;0;60;1;106;848;414;98;14;35;50;57712;4528;8340;1;0
3474;1983;226;9;69;15;24;19;-6;0;1;0;0;59;1;84;891;451;49;14;18;42;57551;3650;3971;1;0
3474;1984;226;9;30;2;10;23;-17;0;2;0;0;59;0;51;391;195;17;5;13;28;25641;3041;600;1;0
3488;1984;186;3;79;4;21;133;-2;0;6;0;0;50;1;71;0;0;46;50;10;48;44340;840;3900;5;0
3488;1983;186;3;79;3;23;119;-1;0;5;0;0;52;0;72;0;0;49;63;10;66;44940;900;4200;3;0
3488;1982;186;3;80;9;12;128;-6;2;2;0;1;54;1;86;0;0;67;62;14;58;44040;780;4440;2;0
3488;1981;186;3;79;7;26;122;-7;2;3;0;1;54;2;77;0;0;56;59;12;67;43980;660;3960;3;0
3488;1980;186;3;80;5;14;139;2;0;0;0;2;56;0;85;0;0;70;59;17;63;43740;480;4020;5;1
3488;1979;186;3;78;6;19;164;3;1;6;0;0;56;0;90;0;0;63;46;16;68;44400;780;4200;6;1
3506;1984;186;3;80;4;14;136;0;1;4;0;0;46;1;60;51;0;56;54;14;13;28680;1260;300;5;2
3506;1983;186;3;80;12;10;128;-5;6;3;0;0;46;2;75;66;0;62;63;11;16;29220;840;180;8;0
3506;1982;186;3;80;11;12;149;-2;5;1;0;0;48;0;72;57;0;61;49;20;13;28920;840;360;7;0
3506;1981;186;3;78;12;16;140;3;4;5;0;1;50;0;78;65;0;65;50;13;28;30900;660;300;6;1
3506;1980;186;3;79;8;14;129;-4;3;4;0;0;50;2;80;70;0;85;63;17;20;29940;1080;240;5;2
3506;1979;186;3;79;19;24;144;-5;4;6;0;0;53;2;97;71;0;76;48;20;27;30120;1080;480;4;1
37;1979;24;0;80;35;27;4;25;4;2;1;0;69;2;169;13;1;112;50;45;42;70986;4085;363;0;0
37;1980;24;0;80;30;31;32;39;2;1;0;0;72;4;165;2;1;101;49;35;42;64167;4979;94;2;1
37;1981;24;0;80;33;41;45;32;4;6;0;0;73;5;181;7;3;114;57;40;30;65179;9157;121;3;0
37;1982;24;0;10;3;3;0;6;0;0;0;0;65;0;12;0;0;12;2;2;5;5336;64;0;0;0
37;1983;24;0;30;9;9;17;5;2;0;2;0;64;1;43;2;0;36;16;9;8;16473;1230;1486;1;1
37;1983;16;0;44;5;14;32;-27;1;1;0;0;63;0;46;10;5;49;21;19;21;35406;1888;372;2;0
37;1984;16;0;38;6;7;4;-6;0;0;0;0;58;1;26;6;1;19;5;6;13;16988;12;134;0;0
153;1985;223;9;77;10;18;40;-56;4;11;0;0;57;1;137;4;1;57;46;23;60;68194;13900;7054;0;0
153;1979;18;0;12;2;2;6;8;0;0;0;0;54;0;15;0;0;4;6;1;13;10061;169;400;0;0
153;1981;241;10;78;13;27;42;5;2;5;0;1;63;1;194;0;0;63;24;22;86;79594;13144;9915;0;0
153;1983;186;3;68;8;40;124;3;1;8;0;1;64;0;102;0;0;56;37;16;77;51060;2400;5820;4;1
153;1984;186;3;1;0;0;4;-1;0;0;0;0;58;0;1;0;0;0;0;0;0;420;0;60;0;0
153;1984;223;9;80;12;14;42;-36;1;3;0;0;55;2;138;1;0;55;47;20;86;80245;5545;9954;0;0
158;1985;155;5;46;1;1;59;24;0;0;0;0;42;0;16;6;0;10;21;10;1;18120;780;180;1;0
158;1984;155;5;45;3;1;74;-10;0;0;0;0;42;1;21;11;0;13;34;18;12;17220;600;120;0;0
158;1983;155;5;46;3;1;64;10;2;0;0;0;42;0;19;13;0;5;34;9;2;16920;420;180;0;0
158;1982;155;5;46;2;2;56;5;0;0;0;1;42;0;15;15;0;11;42;5;9;14880;360;300;0;0
158;1981;155;5;46;3;1;59;22;1;0;0;0;42;0;21;14;0;9;41;11;8;17280;420;180;1;0
158;1980;155;5;45;4;4;64;5;1;1;0;0;43;0;20;20;0;8;39;6;9;15840;360;120;0;0
158;1979;155;5;45;5;6;55;-1;2;3;0;0;43;0;23;16;0;5;42;6;4;16560;420;60;1;0
167;1985;186;3;78;4;26;109;-4;2;8;0;1;50;1;56;324;111;19;47;21;22;30060;1140;540;1;0
167;1984;186;3;80;9;30;129;-6;3;7;0;1;52;1;74;337;148;34;41;23;21;30840;660;300;3;0
167;1983;186;3;80;19;26;118;8;5;3;0;1;52;3;83;376;160;31;48;29;26;30120;900;480;2;1
167;1982;186;3;78;17;32;138;6;1;4;0;2;54;2;82;365;156;36;38;35;29;26460;600;240;2;0
167;1981;186;3;77;15;31;113;-2;2;6;0;1;56;1;73;399;154;27;37;23;21;29160;1260;360;1;0
167;1980;186;3;79;17;36;109;16;5;3;1;1;55;4;86;403;215;34;42;23;27;28440;780;360;1;1
167;1979;186;3;78;18;47;120;3;4;7;1;0;57;3;88;435;234;30;38;27;28;30060;1260;540;2;0
176;1979;11;0;80;27;26;25;11;0;0;0;0;66;5;193;331;157;136;68;48;42;76985;966;11066;1;1
176;1980;11;0;80;38;21;41;10;2;1;0;0;63;5;170;121;56;115;60;34;41;70640;2577;5412;1;0
176;1981;11;0;79;29;36;22;5;2;3;0;0;61;2;162;35;23;131;53;20;32;64723;5332;1763;0;0
176;1982;11;0;58;24;33;4;18;3;3;2;1;61;1;121;23;11;55;30;35;41;50133;3238;2638;0;0
176;1983;11;0;80;18;21;18;-10;2;0;0;0;58;2;121;35;14;85;38;34;34;66799;3292;1044;0;0
176;1984;214;9;17;6;7;8;9;2;4;0;0;65;0;35;30;15;28;3;6;11;15386;2764;0;0;0
176;1984;11;0;54;6;22;12;-7;0;0;0;1;60;1;81;27;13;71;34;17;21;42845;2452;614;0;0
176;1985;214;9;71;24;25;25;30;2;2;1;5;60;6;114;266;134;77;14;22;76;60068;2239;10611;1;0
186;1985;186;3;79;11;9;130;-6;2;2;0;0;46;1;63;58;0;33;82;24;16;32220;1380;660;0;0
186;1984;186;3;80;7;9;125;-6;0;3;0;0;48;0;60;65;0;27;82;24;22;30240;1080;540;3;0
186;1983;186;3;80;14;19;118;3;3;5;0;0;48;3;81;69;0;34;56;27;24;30480;1020;660;2;0
186;1982;186;3;79;6;24;107;5;0;5;0;1;50;0;78;65;0;38;61;32;27;30840;1380;600;1;0
186;1981;186;3;79;16;22;112;0;3;4;0;1;51;3;84;71;0;48;45;23;27;30000;660;180;2;0
186;1980;186;3;78;13;25;97;4;3;6;0;1;52;4;88;69;0;45;60;14;19;29220;780;240;1;0
186;1979;186;3;79;9;24;127;-3;2;5;0;2;55;0;80;88;0;57;69;24;27;27420;960;540;3;0
240;1985;186;3;80;14;17;151;-9;5;4;0;2;52;1;108;80;0;110;83;20;24;30480;1260;420;13;3
240;1984;186;3;80;18;19;132;1;4;3;2;1;52;2;112;83;0;102;70;29;29;28320;840;480;9;3
240;1983;186;3;80;21;14;186;-1;4;5;0;0;53;2;121;93;0;109;74;19;39;29700;900;420;12;6
240;1982;186;3;79;18;22;215;-6;7;5;2;0;54;5;116;88;0;110;70;28;47;30120;1320;660;18;8
240;1981;186;3;79;22;31;146;-3;5;8;0;0;58;5;133;91;0;111;67;25;45;27600;720;180;8;1
240;1980;186;3;80;24;32;167;4;5;7;0;0;57;4;145;99;0;137;55;30;66;30360;900;420;13;5
240;1979;186;3;78;23;36;180;-2;3;8;1;0;61;4;143;105;0;128;47;32;36;30780;1080;540;13;5
250;1979;11;0;80;35;40;97;-3;11;9;0;0;70;3;218;127;56;146;71;25;32;73644;12152;334;7;3
250;1980;11;0;80;28;30;88;-8;7;11;0;0;65;4;152;49;16;115;80;18;20;60232;13463;927;6;0
250;1981;11;0;80;28;54;45;10;7;18;0;0;68;6;222;5;3;119;53;33;18;56900;16834;779;1;0
250;1982;11;0;80;14;27;53;9;0;0;0;0;60;1;110;0;0;80;36;20;16;54639;48;23;3;2
250;1983;11;0;8;0;1;2;-3;0;0;0;0;56;0;5;0;0;6;3;0;0;3381;0;190;0;0
250;1984;11;0;3;1;1;4;1;0;0;0;0;56;0;4;0;0;2;1;1;0;1441;0;0;0;0
250;1985;11;0;49;2;3;29;-25;1;0;0;0;61;0;13;2;2;47;23;14;0;16355;11614;326;1;0
250;1985;214;9;2;0;2;2;1;0;0;0;0;57;0;2;0;0;0;1;0;0;1424;0;0;0;0
255;1985;158;5;45;0;0;50;8;0;0;0;0;40;0;1;0;0;14;135;3;7;24120;240;2220;0;0
255;1984;158;5;45;0;0;60;-15;0;0;0;0;40;0;0;0;0;9;135;0;18;23640;240;2460;0;0
255;1983;158;5;46;0;0;60;0;0;0;0;0;40;0;0;0;0;18;138;7;11;25620;360;2460;0;0
255;1982;158;5;45;0;0;62;2;0;0;0;0;40;0;0;0;0;21;135;3;11;26160;600;2280;0;0
255;1981;158;5;45;0;0;68;12;0;0;0;0;40;0;0;1;1;6;135;2;11;24600;420;2220;0;0
255;1980;158;5;46;0;0;58;-5;0;0;0;0;41;0;0;0;0;13;138;2;11;26280;420;2520;0;0
255;1979;158;5;46;0;0;64;-8;0;0;0;0;40;0;2;1;0;11;138;4;16;24180;300;2460;0;0
274;1985;223;9;46;9;10;32;0;1;1;0;0;56;1;54;489;248;35;7;5;16;31348;1901;5514;0;0
274;1984;233;9;12;1;4;0;4;0;0;0;0;57;0;17;148;75;17;6;3;6;9834;63;1374;0;0
274;1979;214;9;48;6;27;20;3;0;4;0;2;61;1;56;591;288;43;8;19;30;39109;2180;2553;0;0
274;1980;214;9;3;1;0;0;1;0;0;0;0;65;0;3;30;18;3;1;1;0;2240;7;227;0;0
274;1981;17;0;53;10;30;51;-9;4;7;0;1;65;1;67;16;11;117;28;17;24;33340;10190;1775;5;2
274;1982;233;9;58;11;26;44;13;1;4;0;0;60;1;92;785;365;88;13;8;24;53705;1157;4157;0;0
274;1983;233;9;30;6;3;23;8;0;1;0;1;58;1;42;322;160;34;10;7;4;22725;494;3827;1;0
283;1985;236;9;9;1;1;8;2;0;0;0;0;53;0;10;7;4;8;1;2;1;3890;46;498;0;0
283;1985;226;9;59;10;22;43;-24;2;2;1;1;55;0;79;69;31;85;20;22;31;47094;4539;1848;1;0
283;1979;20;0;80;29;35;65;24;1;2;0;0;66;2;200;8;3;111;72;22;31;71486;4188;6;5;1
283;1980;20;0;78;11;22;22;-5;1;0;0;0;60;0;104;16;5;58;30;18;19;39913;282;17;0;0
283;1981;20;0;80;22;34;36;-7;1;1;2;1;62;2;162;239;97;90;51;22;60;58609;759;9912;2;1
283;1982;20;0;80;8;25;23;11;0;2;1;3;61;0;118;156;53;64;59;11;32;34935;670;12546;1;0
283;1983;256;10;13;2;7;34;7;0;0;1;0;62;0;24;15;4;29;1;4;15;11887;60;775;2;0
283;1983;20;0;21;2;6;2;-2;0;0;0;0;56;0;19;2;1;15;9;3;4;9816;0;606;0;0
283;1984;222;9;70;16;34;52;15;2;3;1;3;59;2;110;68;36;101;27;22;50;55437;4636;3538;0;0
289;1985;186;3;79;7;4;109;0;2;0;0;0;42;1;50;38;0;8;86;9;9;27240;960;360;1;0
289;1984;186;3;76;6;9;102;2;1;2;0;0;44;2;50;33;0;11;88;11;12;30240;960;480;0;0
289;1983;186;3;79;5;5;130;-4;0;2;0;1;44;1;54;50;0;22;107;4;13;29520;960;420;0;0
289;1982;186;3;80;6;12;90;-1;1;2;0;0;44;0;60;55;0;9;89;8;12;28200;1140;300;0;0
289;1981;186;3;80;15;14;88;-2;4;3;1;0;45;1;77;55;0;13;73;9;15;29700;1140;480;0;0
289;1980;186;3;80;8;7;92;3;2;1;0;0;47;0;70;60;0;21;64;11;10;29340;540;60;0;0
289;1979;186;3;79;11;7;98;-1;2;1;0;0;47;1;85;58;0;26;56;17;23;30240;1260;840;0;0
292;1985;233;9;79;6;11;69;-19;0;0;0;0;51;0;72;1;0;81;29;8;62;67790;2502;12636;1;0
292;1979;15;0;39;3;10;31;2;0;1;0;1;64;0;33;0;0;29;14;19;79;35489;764;5914;1;0
292;1981;15;0;30;1;11;19;8;0;0;0;0;58;1;37;0;0;21;7;15;45;27427;406;1406;1;0
313;1979;3;0;50;10;12;22;-9;0;0;0;0;67;1;56;13;10;56;24;19;28;39889;806;556;2;0
313;1980;3;0;68;10;15;14;-14;0;1;1;1;61;1;69;19;7;61;31;16;23;35544;265;994;0;0
313;1981;3;0;80;11;14;41;-16;1;0;0;1;61;1;63;7;5;43;25;16;21;41548;1008;614;1;0
313;1982;279;0;69;22;25;56;-22;9;8;0;1;70;1;167;10;4;93;49;23;31;50930;12592;1372;4;0
313;1983;279;0;80;16;27;42;-15;8;3;0;0;65;1;143;123;48;64;57;26;26;58757;9616;728;2;1
313;1984;298;12;80;34;32;28;-8;13;9;0;0;64;5;215;159;80;44;26;14;50;68046;18881;1632;0;0
313;1985;218;9;71;38;35;54;0;19;18;0;0;64;4;211;54;23;23;25;3;23;56252;19894;213;0;0
324;1985;156;5;46;13;16;68;4;1;3;2;2;54;0;56;48;0;25;31;8;14;16980;660;360;0;0
324;1984;156;5;46;13;22;56;-4;2;5;0;0;55;0;62;54;0;31;34;11;18;16080;420;180;0;0
324;1983;156;5;46;17;12;68;-13;6;4;0;0;56;2;74;53;0;33;18;13;14;17760;600;240;0;0
324;1982;156;5;46;17;20;70;6;1;6;1;0;57;3;78;57;0;33;24;11;21;18240;480;180;2;0
324;1981;156;5;44;17;15;60;4;4;1;0;0;58;2;82;56;0;35;21;25;9;15600;540;180;0;0
324;1980;156;5;45;18;26;57;-1;4;5;1;1;60;2;82;64;0;47;18;20;18;16980;480;360;1;1
324;1979;156;5;46;12;16;60;-10;4;2;2;2;63;1;87;67;0;40;16;22;22;17700;540;240;0;0
394;1985;186;3;79;19;30;125;4;3;6;0;1;54;2;91;76;0;33;35;18;18;30060;900;240;3;0
394;1984;186;3;80;18;18;122;13;2;7;0;0;54;1;90;85;0;48;37;22;19;28440;840;480;2;0
394;1983;186;3;77;26;25;156;3;3;6;0;0;54;2;107;78;0;43;41;24;21;27600;720;300;7;1
394;1982;186;3;79;29;35;131;-4;12;7;0;0;54;3;122;87;0;53;51;27;20;30480;1260;540;4;0
394;1981;186;3;78;28;36;141;8;7;10;1;2;56;4;123;98;0;65;35;19;28;31260;840;480;4;1
394;1980;186;3;80;26;32;149;13;8;6;1;0;57;2;121;104;0;72;41;23;22;29400;900;540;6;2
394;1979;186;3;80;32;43;146;-8;3;10;2;1;60;4;140;104;0;73;42;30;43;30360;1020;420;4;1
397;1985;186;3;80;16;19;92;-9;3;5;0;1;49;3;85;69;0;34;48;11;15;29580;780;420;0;0
397;1984;186;3;80;13;20;118;-1;3;3;0;1;51;1;86;63;0;40;59;19;23;29460;780;480;0;0
397;1983;186;3;79;14;19;113;5;3;4;0;1;52;1;92;71;0;40;44;26;19;30600;1320;720;1;0
397;1982;186;3;80;7;14;106;1;1;5;1;0;53;2;95;80;0;42;44;27;31;29880;960;420;0;0
397;1981;186;3;79;22;23;123;1;5;2;0;1;53;1;106;85;0;33;30;26;30;29700;1080;420;1;0
397;1980;186;3;80;12;30;92;8;4;6;0;2;56;1;105;85;0;48;46;32;33;30960;960;540;0;0
397;1979;186;3;80;16;27;109;4;3;4;2;0;56;1;113;89;0;47;52;34;28;29040;720;360;1;0
415;1985;186;3;80;14;24;129;3;4;5;0;0;52;2;77;73;0;45;43;29;34;29280;960;660;3;2
415;1984;186;3;80;17;22;136;2;4;3;0;0;52;1;89;84;0;69;31;20;19;30060;1200;420;7;1
415;1983;186;3;80;22;26;122;-2;3;4;0;0;54;2;101;85;0;65;39;22;27;29340;1080;480;2;0
415;1982;186;3;80;20;38;156;1;4;16;0;3;54;3;103;97;0;76;32;22;33;31320;900;360;2;0
415;1981;186;3;80;24;33;132;-1;5;10;0;0;56;4;116;91;0;72;46;30;27;27540;420;60;3;1
415;1980;186;3;80;24;34;116;-3;3;11;0;2;57;3;114;102;0;71;37;29;29;29460;720;300;4;0
415;1979;186;3;80;14;39;130;-4;1;9;0;1;59;1;117;113;0;76;42;21;23;31440;960;300;4;1
464;1985;186;3;80;1;25;144;-15;0;7;0;0;51;0;63;0;0;49;42;12;53;42360;600;3840;6;1
464;1984;186;3;79;4;25;114;-1;1;5;0;1;53;0;68;1;0;71;45;16;61;46140;360;4440;4;1
464;1983;186;3;80;9;23;132;3;1;6;1;1;54;1;71;0;0;64;41;15;83;45540;780;4200;8;1
464;1982;186;3;79;9;31;131;-3;0;9;0;0;54;0;74;0;0;76;47;13;89;45120;1020;4140;8;2
464;1981;186;3;80;12;26;158;-5;2;8;1;0;56;0;80;0;0;85;40;26;104;43680;660;3960;6;0
464;1980;186;3;79;14;36;128;4;3;8;0;2;58;0;94;1;0;94;50;23;102;45060;900;4440;2;0
464;1979;186;3;80;11;36;163;5;2;11;0;0;57;0;92;0;0;100;46;15;93;44280;840;4140;11;3
470;1985;186;3;79;16;34;138;-2;1;7;3;1;54;1;75;361;79;28;45;17;24;28560;1020;420;4;0
470;1984;186;3;80;24;37;156;2;6;9;0;1;52;4;83;408;80;29;37;16;33;31560;1200;660;8;1
470;1983;186;3;78;18;33;127;4;4;4;0;1;54;1;85;429;156;42;29;21;29;28860;1020;480;7;3
470;1982;186;3;80;18;43;142;2;0;6;0;2;57;1;94;423;160;36;35;18;37;28080;720;360;5;0
470;1981;186;3;80;22;36;153;5;5;5;0;1;58;3;86;456;160;45;23;30;24;29100;840;480;6;4
470;1980;186;3;79;30;46;192;11;3;15;3;0;60;6;102;489;158;40;30;31;25;30000;1260;840;12;2
470;1979;186;3;80;22;35;149;-2;2;6;1;1;60;2;95;484;229;33;29;31;33;30720;1260;660;7;2
475;1985;186;3;79;4;31;131;-6;1;5;1;1;54;0;57;1;0;70;75;14;94;44460;780;4560;3;1
475;1984;186;3;80;5;34;105;-4;0;10;0;2;54;1;61;0;0;93;66;7;82;46260;1020;4380;1;0
475;1983;186;3;80;4;38;138;-1;0;9;0;0;56;0;68;0;0;87;77;12;67;46440;960;4620;1;0
475;1982;186;3;79;8;49;130;-3;0;8;0;2;56;2;63;0;0;66;64;12;70;43800;900;4200;2;0
475;1981;186;3;79;7;54;129;-3;3;15;1;0;58;1;66;0;0;83;63;14;85;44700;600;4680;2;0
475;1980;186;3;67;4;35;95;5;1;11;0;1;57;1;59;0;0;69;48;17;69;38460;960;3600;1;0
577;1985;186;3;80;19;24;123;-1;4;4;0;1;52;2;113;91;0;69;55;31;30;31560;1380;660;1;0
577;1984;186;3;78;20;19;128;1;5;7;1;0;54;3;107;86;0;75;43;23;26;27960;840;180;3;0
577;1983;186;3;80;29;30;126;-5;8;6;1;0;55;1;129;84;0;70;41;34;24;31080;1020;420;2;0
577;1982;186;3;80;17;27;120;-1;4;3;0;2;58;2;125;83;0;67;37;19;31;29460;1020;480;4;0
577;1981;186;3;79;33;28;129;-3;7;7;1;0;57;3;134;91;0;65;44;27;40;29040;840;480;2;0
577;1980;186;3;79;22;27;140;11;5;6;1;0;57;4;145;107;0;82;39;34;35;30660;840;300;2;0
577;1979;186;3;79;26;21;127;-9;5;5;0;0;60;2;138;111;0;79;40;31;39;30600;1260;600;2;0
584;1979;19;0;80;16;20;121;-39;4;1;1;0;66;5;162;114;50;218;66;38;36;73975;7013;4047;11;1
584;1980;14;0;80;22;27;103;11;2;1;5;2;65;4;173;201;97;184;64;36;26;71435;4775;5147;9;1
584;1981;14;0;24;12;9;55;10;0;0;0;0;66;2;50;16;8;32;13;8;9;21300;98;651;5;4
584;1981;278;0;57;19;23;98;6;1;4;0;1;66;3;121;29;15;132;30;23;17;51145;3157;2178;12;4
584;1982;278;0;41;6;19;24;6;0;1;0;2;65;2;70;17;6;85;30;18;26;31531;1399;5052;2;0
584;1984;278;0;36;1;6;29;-9;0;0;0;0;58;0;23;11;4;50;11;11;11;23993;15;634;3;2
584;1985;278;0;10;0;2;10;-1;0;0;0;0;61;0;9;12;6;21;5;3;2;7026;1871;51;0;0
592;1979;21;0;80;5;39;134;35;0;0;0;4;65;1;100;0;0;163;20;54;123;76611;3225;9790;16;8
592;1980;21;0;80;4;29;140;-15;0;2;2;3;63;1;73;0;0;157;36;58;172;73745;2107;15172;10;6
592;1981;279;0;29;3;15;76;-5;0;1;0;1;60;0;26;0;0;43;11;12;62;28489;844;4590;7;5
592;1982;279;0;80;2;24;116;-36;0;0;1;1;56;0;118;0;0;138;19;47;91;81920;1299;14039;7;3
592;1983;279;0;80;1;16;122;-25;0;1;0;6;57;0;85;0;0;122;21;40;123;74545;805;12348;10;2
592;1984;279;0;17;0;10;29;10;0;0;0;0;60;0;16;0;0;30;5;12;31;15593;136;1992;5;2
592;1984;16;0;2;0;2;5;-1;0;0;0;0;77;0;3;0;0;8;1;2;7;1888;486;221;1;1
592;1985;16;0;9;0;2;9;-9;0;0;0;0;58;0;6;0;0;14;1;8;9;8489;0;530;1;0
593;1985;216;9;2;0;1;4;3;0;0;0;0;56;0;2;2;2;2;1;0;0;1694;93;104;0;0
593;1984;214;9;9;2;4;22;4;0;0;0;0;54;1;13;2;0;12;4;0;1;6012;0;573;2;0
593;1979;214;9;72;14;17;71;6;2;2;1;0;57;2;97;104;46;144;19;21;35;50396;536;7447;5;0
593;1980;214;9;66;15;21;132;-5;2;2;0;0;59;2;134;193;90;201;24;24;51;59899;1847;8709;6;1
593;1981;254;10;66;11;21;93;2;0;2;0;1;63;3;118;182;98;171;23;30;62;58531;3349;9847;5;0
593;1982;214;9;65;14;22;82;13;0;1;1;1;57;2;85;102;40;133;21;15;27;52065;363;6300;8;1
593;1983;214;9;66;7;17;55;-11;0;0;0;0;55;2;78;111;36;87;20;16;20;53752;221;5910;4;1
639;1985;186;3;79;10;23;98;-9;2;10;1;0;52;2;77;325;79;49;62;29;33;28980;960;600;0;0
639;1984;186;3;80;15;18;111;1;1;0;0;0;54;2;82;411;80;66;63;27;37;33120;1380;540;1;0
639;1983;186;3;79;11;30;106;5;3;8;0;0;53;0;83;415;79;53;42;39;35;31560;1020;480;0;0
639;1982;186;3;80;14;28;114;9;3;8;0;1;55;2;94;405;80;55;50;25;40;27240;840;360;2;1
639;1981;186;3;79;20;28;130;-1;4;2;0;2;57;1;98;446;112;76;38;35;47;29580;1200;540;2;0
639;1980;186;3;80;13;42;109;4;3;10;0;1;58;1;103;485;160;62;43;40;53;30180;960;480;1;0
639;1979;186;3;78;17;31;102;-6;6;2;0;0;59;3;100;492;156;67;39;39;48;28440;1080;300;0;0
654;1985;303;12;79;7;12;27;1;0;2;0;1;62;2;68;0;0;21;8;20;91;67339;247;11121;1;0
654;1984;303;12;78;4;20;61;9;0;1;0;1;69;2;91;0;0;59;13;41;110;74145;2270;9257;2;0
654;1983;186;3;68;7;30;108;-1;2;8;1;2;63;0;99;0;0;67;38;20;72;54480;2700;6240;2;0
654;1979;242;10;78;15;33;62;15;4;10;0;1;70;1;164;1;0;81;24;20;148;83359;13150;5932;0;0
654;1980;242;10;74;9;27;32;17;5;6;0;1;65;2;144;2;1;73;13;37;99;68321;10574;5634;0;0
654;1981;223;9;80;7;18;38;-4;0;6;0;0;62;0;143;0;0;53;29;32;103;76412;10830;6610;0;0
654;1982;223;9;46;7;16;26;-2;3;5;1;1;64;1;86;0;0;29;2;16;52;43104;4531;4203;0;0
654;1982;186;3;4;0;3;8;0;0;1;0;1;65;0;5;0;0;3;2;2;6;3240;180;420;0;0
684;1985;186;3;78;19;32;140;-3;5;6;1;1;51;0;90;351;78;42;44;20;22;30780;1020;360;4;1
684;1984;186;3;79;21;34;126;0;6;8;1;1;52;6;93;364;79;51;59;25;26;30780;900;480;4;0
684;1983;186;3;80;20;24;135;0;7;6;0;1;52;1;100;395;126;39;51;32;34;29760;660;180;3;0
684;1982;186;3;80;23;27;143;-5;8;6;2;0;53;1;99;414;160;44;45;15;35;28920;780;300;2;1
684;1981;186;3;80;22;38;154;7;3;11;0;1;56;4;111;429;160;55;46;17;31;30960;1080;540;6;0
684;1980;186;3;80;27;39;123;13;9;9;3;0;57;3;119;465;160;53;36;26;35;31680;1020;420;3;1
684;1979;186;3;80;31;33;139;2;9;5;2;2;57;4;129;452;160;59;38;28;27;29100;720;480;4;1
691;1985;186;3;79;3;13;129;2;1;3;0;0;53;1;68;2;0;50;69;19;90;44880;1080;4020;3;1
691;1984;186;3;80;6;25;138;-3;1;7;1;2;55;1;71;0;0;48;59;24;82;46320;1020;4320;6;0
691;1983;186;3;80;6;25;145;2;2;5;0;0;53;1;85;0;0;43;50;19;110;44460;720;4140;5;1
691;1982;186;3;79;6;27;136;-3;0;7;0;3;54;1;87;0;0;47;54;17;85;45360;840;4020;8;2
691;1981;186;3;80;8;32;120;0;0;11;1;2;57;0;93;1;0;61;44;22;77;44700;540;3960;4;1
691;1980;186;3;79;5;40;143;8;0;13;0;0;57;0;95;0;0;63;51;27;89;43080;720;4140;9;1
691;1979;186;3;80;16;39;126;-13;5;9;0;1;59;3;111;1;0;84;53;13;72;45420;840;4440;2;1
750;1984;222;9;41;7;11;69;-2;0;0;0;0;54;0;46;106;50;45;6;5;21;26928;760;1592;7;1
750;1983;242;10;69;14;23;68;-10;2;1;0;0;57;1;95;105;48;86;14;15;35;56170;3146;2426;6;1
750;1979;21;0;44;7;14;32;19;0;0;0;0;62;4;61;20;8;75;30;5;11;34814;1682;148;2;2
750;1980;242;10;22;3;13;39;9;0;0;0;0;65;0;38;47;21;42;7;11;14;22868;757;913;3;0
750;1980;21;0;47;6;4;31;-12;0;0;0;0;56;1;49;175;86;45;12;12;7;24831;206;592;3;2
750;1981;242;10;57;12;31;107;18;4;11;0;0;67;2;147;91;47;110;20;20;28;54064;7314;1632;11;1
750;1982;242;10;55;14;14;104;6;2;1;0;0;58;3;110;103;44;104;13;14;18;48711;3244;2798;5;2
834;1979;19;0;66;6;26;313;-24;3;11;0;0;65;2;77;0;0;151;43;18;25;48604;12870;182;28;22
834;1980;19;0;29;5;4;76;1;0;0;0;0;63;1;33;5;1;63;16;5;5;20463;716;1191;7;6
834;1981;19;0;80;5;18;285;-28;1;0;0;0;59;0;75;2;1;125;28;18;37;45604;2110;424;25;18
834;1982;19;0;80;6;19;325;-38;1;0;0;0;67;1;102;5;2;198;39;21;34;64325;3581;2066;30;24
869;1985;218;9;34;5;2;15;-8;0;0;0;0;54;0;33;17;8;14;2;6;6;18882;631;1444;0;0
869;1979;22;0;3;0;2;0;1;0;0;0;0;63;0;4;0;0;6;2;0;0;1582;94;175;0;0
869;1980;224;9;75;29;54;36;7;12;18;0;0;69;3;244;67;31;100;18;31;44;74113;22226;3957;0;0
869;1981;224;9;73;26;50;36;-3;7;15;0;2;64;1;198;120;50;92;18;14;36;68077;15778;4562;0;0
869;1982;224;9;69;12;33;32;6;0;3;0;1;59;0;120;104;44;74;15;20;26;58318;4362;4760;0;0
869;1983;224;9;62;18;17;30;-1;8;8;1;0;57;3;78;63;28;48;13;13;7;31280;8650;3810;0;0
869;1984;224;9;7;0;0;2;-1;0;0;0;0;56;0;4;10;5;3;0;0;2;2803;498;597;0;0
923;1979;0;0;69;6;20;72;11;0;1;0;0;56;1;57;160;67;55;31;12;14;35156;925;1288;8;2
923;1980;18;0;16;3;4;14;8;0;0;0;0;57;0;17;6;3;16;5;2;5;8809;89;83;2;2
923;1981;241;10;3;1;3;2;2;0;1;0;0;74;1;6;4;2;4;1;3;1;2990;799;341;0;0
923;1982;18;0;13;1;3;30;6;0;0;0;0;57;0;8;1;1;10;7;1;1;6233;30;0;2;1
923;1982;241;10;33;6;13;27;-12;1;4;0;0;60;0;57;77;45;40;4;12;25;28540;3470;2848;1;0
923;1983;241;10;8;1;1;0;-1;0;0;0;0;54;0;9;27;11;13;1;2;6;4944;95;1118;0;0
969;1984;282;12;80;16;12;31;-7;0;1;0;1;57;2;103;763;324;74;20;18;41;57430;732;13813;0;0
969;1983;256;10;3;0;0;0;-2;0;0;0;0;49;0;2;15;3;3;0;0;0;1575;0;378;0;0
969;1979;12;0;28;4;8;13;5;0;0;0;0;60;1;42;19;7;43;21;13;10;24705;46;11;1;0
969;1980;253;10;38;12;13;22;-9;6;3;0;0;71;2;97;72;32;54;14;19;34;34136;4368;6092;0;0
969;1980;12;0;27;5;6;6;7;1;0;0;0;56;0;17;122;56;9;10;7;5;12447;934;181;0;0
969;1981;253;10;66;16;31;24;-2;6;4;0;1;61;1;140;130;60;64;26;33;64;64471;5658;10541;0;0
969;1982;242;10;49;11;10;14;-2;2;1;1;1;56;3;48;264;117;38;8;8;28;23774;1226;8000;0;0
1011;1984;297;12;69;5;22;26;-9;3;9;0;0;57;0;61;526;281;24;11;18;21;36049;12196;537;0;0
1011;1983;186;3;67;23;45;142;7;8;17;0;1;64;5;101;482;335;51;32;27;40;53100;4020;3720;12;5
1011;1982;218;9;74;13;28;39;-36;3;6;0;0;57;0;80;1035;535;31;18;21;57;58851;12491;317;1;0
1011;1979;214;9;68;14;51;35;-4;3;21;0;0;67;1;129;1135;621;62;13;25;47;62122;13971;774;0;0
1011;1980;214;9;71;22;33;28;9;5;14;1;0;65;3;133;1302;680;86;11;20;53;62001;17271;725;0;0
1011;1980;11;0;1;0;1;0;0;0;0;0;0;62;0;1;11;5;0;1;1;0;764;0;237;0;0
1011;1981;222;9;78;12;41;44;-20;8;15;0;0;61;0;123;1313;706;57;15;22;67;69466;18369;1512;0;0
1016;1985;218;9;4;0;3;4;0;0;0;0;0;57;0;6;0;0;3;1;3;12;5050;59;957;0;0
1016;1984;233;9;79;6;24;36;-4;1;1;0;0;54;1;84;0;0;65;10;31;99;80481;3145;9315;0;0
1016;1983;186;3;68;10;30;111;3;1;7;1;0;60;0;80;0;0;78;43;20;127;54840;2640;6180;5;1
1016;1982;256;10;12;1;1;10;0;0;0;0;0;56;0;16;0;0;15;0;6;24;12599;738;1083;0;0
1016;1979;10;0;79;4;16;32;-21;0;0;0;3;64;2;82;0;0;116;31;37;204;89581;3631;11653;2;1
1016;1980;10;0;80;1;28;38;14;0;1;0;0;62;0;83;0;0;83;24;41;152;81555;1370;8198;0;0
1016;1981;10;0;77;1;26;53;2;1;1;0;2;60;0;72;0;0;53;15;34;170;73031;1213;9273;3;0
1031;1984;285;12;73;18;28;28;1;4;6;4;0;61;1;143;159;71;50;21;27;39;50351;9019;5483;0;0
1031;1983;243;10;72;16;37;30;1;4;11;1;2;59;0;136;260;118;73;26;24;80;58297;8628;11842;0;0
1031;1979;242;10;56;12;19;21;12;1;5;0;1;61;2;89;85;35;63;12;25;36;41977;5294;6367;0;0
1031;1980;242;10;54;12;33;20;20;8;11;0;1;65;2;140;88;44;48;11;20;43;36457;11752;4700;0;0
1031;1981;254;10;67;16;23;36;-8;7;10;0;1;64;2;142;67;31;61;22;30;65;52639;13706;6681;0;0
1031;1982;253;10;59;6;17;28;-6;3;3;0;3;61;0;79;114;55;33;16;23;39;38355;2653;9049;0;0
1166;1985;216;9;56;6;14;26;-7;0;2;1;1;55;0;73;538;243;16;15;3;8;36708;3006;2226;0;0
1166;1984;299;12;13;2;10;4;2;0;6;0;0;61;2;27;85;40;8;1;2;3;8432;1374;50;0;0
1166;1984;186;3;44;22;18;67;5;6;7;0;0;59;1;86;63;44;29;14;18;18;16560;360;60;2;1
1166;1982;242;10;49;19;32;16;-2;13;18;0;0;66;2;145;92;54;34;17;12;21;42091;12548;1638;0;0
1166;1981;241;10;58;26;25;40;5;8;7;1;0;68;3;167;92;45;32;21;19;27;50661;11154;4227;0;0
1166;1980;12;0;2;0;0;0;0;0;0;0;0;51;0;0;1;0;0;1;0;0;700;0;0;0;0
1166;1980;253;10;64;32;37;28;6;10;14;0;1;68;3;201;121;72;55;20;22;21;58244;16532;2810;0;0
1166;1979;253;10;50;19;21;30;-5;10;9;0;0;68;5;142;78;38;49;10;24;36;47843;11814;1017;0;0
1166;1979;12;0;4;0;0;0;0;0;0;0;0;58;0;2;1;1;3;1;0;0;1488;57;35;0;0
1223;1979;22;0;80;53;22;20;6;4;4;3;0;69;10;216;968;512;79;112;33;35;84223;5909;5134;0;0
1223;1980;22;0;80;52;25;33;-10;12;11;1;1;68;7;247;570;270;76;65;46;40;65507;19488;5047;1;0
1223;1981;22;0;45;6;6;14;-8;0;0;0;0;57;0;42;358;148;18;20;18;9;26767;107;74;2;1
1223;1982;224;9;14;5;7;18;-2;0;4;0;0;64;0;30;237;113;5;5;5;7;11722;3113;150;0;0
1223;1983;224;9;56;27;38;30;-30;16;21;0;0;65;2;116;1049;515;27;14;13;32;43949;17157;214;0;0
1223;1984;224;9;53;9;26;20;-9;3;15;0;0;64;1;98;933;466;26;13;18;34;44291;13501;489;0;0
1223;1985;224;9;70;20;46;38;-12;12;26;0;0;63;1;115;980;441;32;19;21;28;38602;23531;1035;0;0
1253;1985;290;12;25;0;1;6;-13;0;0;0;0;49;0;16;50;25;23;5;1;15;11910;64;4456;0;0
1253;1984;290;12;80;13;26;50;9;1;0;0;4;56;1;110;67;25;72;19;11;45;55509;1092;7200;2;1
1253;1983;175;5;46;16;22;69;-4;3;5;0;1;61;2;86;76;6;55;28;17;31;32700;2760;2160;1;1
1253;1982;175;5;38;21;25;60;1;5;4;1;3;62;2;86;64;38;51;19;16;19;27060;2280;2100;2;0
1253;1981;255;10;54;6;11;28;-21;0;0;0;0;58;0;61;72;27;69;21;14;42;44940;2834;5874;0;0
1253;1979;236;9;56;15;25;18;-4;2;5;0;1;63;3;103;108;53;77;14;20;51;43409;3685;5132;0;0
1253;1980;236;9;16;3;2;0;2;1;1;0;0;60;1;13;26;18;11;3;2;10;7021;969;1697;0;0
1281;1985;214;9;7;1;3;0;1;0;0;0;0;53;0;6;0;0;0;2;0;1;2544;0;0;0;0
1281;1979;256;10;75;23;26;40;-1;9;11;0;0;64;2;197;26;13;59;31;19;33;68535;18747;203;0;0
1281;1980;256;10;70;28;39;68;-2;12;12;0;0;65;6;207;17;11;83;29;31;44;68191;16557;847;0;0
1281;1981;241;10;58;37;39;52;-9;18;19;0;0;66;4;197;105;42;61;14;16;22;44956;17021;326;0;0
1281;1982;242;10;56;26;28;16;9;10;11;0;0;63;4;133;41;18;61;22;11;23;41516;13888;841;0;0
1281;1983;238;10;61;21;24;40;-32;14;12;0;0;60;1;132;50;18;54;14;14;25;53065;12508;249;0;0
1281;1984;233;9;29;5;13;14;-11;5;7;0;0;57;0;35;145;66;24;5;5;13;17225;6020;28;0;0
1281;1985;236;9;10;2;3;4;1;0;3;0;0;58;1;19;5;1;5;1;1;2;6273;1196;0;0;0
1392;1979;280;0;73;13;12;30;0;0;0;0;0;60;2;101;65;29;91;51;12;20;42847;794;700;2;0
1392;1980;280;0;80;13;21;33;2;0;0;0;0;58;0;93;95;41;77;21;17;19;38951;600;1197;3;0
1392;1981;280;0;50;5;9;18;-10;0;1;0;0;58;2;35;71;29;44;17;19;13;30192;342;385;0;0
1392;1982;280;0;25;6;4;63;-10;0;0;0;0;58;2;33;182;82;15;12;10;11;16474;170;1242;7;1
1392;1983;280;0;80;15;29;87;11;0;0;1;0;61;1;86;623;259;47;28;40;21;52834;1202;500;5;1
1392;1984;280;0;48;7;9;10;-7;0;1;1;0;61;2;46;210;100;50;32;16;23;23249;193;7186;0;0
1418;1985;285;12;2;0;0;2;-5;0;0;0;0;59;0;0;0;0;5;0;1;6;1883;28;247;0;0
1418;1984;285;12;80;6;13;38;-17;0;0;0;0;59;0;78;0;0;60;23;24;83;63271;347;8753;1;0
1418;1983;242;10;25;4;5;26;6;0;1;1;0;65;0;28;0;0;15;9;10;51;21370;1414;4067;0;0
1418;1983;186;3;15;2;9;21;0;0;1;0;0;66;0;19;0;0;12;6;5;20;12180;780;1560;1;0
1418;1982;243;10;68;2;9;30;-26;0;1;0;2;64;1;78;0;0;77;12;31;142;67596;2433;8218;0;0
1418;1979;9;0;64;4;9;55;-4;0;0;0;0;56;0;47;0;0;68;12;22;84;60615;363;4130;3;1
1418;1980;280;0;21;1;9;22;-1;0;1;0;0;61;0;11;0;0;14;6;16;57;19218;458;1251;2;0
1418;1981;280;0;45;0;15;35;-13;0;0;0;1;56;0;29;0;0;29;9;11;105;42454;1396;4365;1;0
1420;1985;186;3;80;3;20;124;1;1;8;0;2;52;0;67;0;0;40;51;26;92;46380;1020;4500;4;0
1420;1984;186;3;79;5;16;171;-3;0;3;0;0;54;0;74;0;0;51;55;21;93;42900;660;3780;8;2
1420;1983;186;3;79;5;23;133;-11;0;4;0;1;55;1;74;0;0;72;53;32;114;46020;1020;4380;7;1
1420;1982;186;3;80;5;25;132;2;3;2;0;2;56;1;79;0;0;64;63;30;105;45660;1200;4500;3;0
1420;1981;186;3;80;7;29;147;5;1;5;0;0;58;0;84;0;0;80;55;27;141;45000;840;4140;7;1
1420;1979;186;3;77;3;22;144;-6;0;2;0;2;60;2;74;0;0;92;58;30;137;43500;900;4020;4;0
1420;1980;186;3;79;10;29;139;-2;1;8;0;0;58;2;84;0;0;63;51;28;146;45480;1080;4560;4;0
1465;1985;186;3;79;12;22;122;2;3;3;0;0;52;1;76;77;0;103;43;17;32;29580;840;420;4;0
1465;1984;186;3;80;13;25;153;-7;2;8;0;1;55;1;84;78;0;119;52;25;40;29880;1200;600;6;4
1465;1983;186;3;80;10;24;148;7;1;6;0;0;54;1;90;92;0;131;49;24;39;29220;1140;600;8;0
1465;1979;186;3;80;23;35;161;0;4;6;0;0;60;3;125;91;0;114;48;32;35;29760;960;360;10;1
1465;1980;186;3;78;24;25;144;7;5;6;0;1;57;0;100;93;0;116;35;33;34;28500;780;420;6;0
1465;1981;186;3;80;17;24;154;-9;4;4;0;1;54;4;105;90;0;114;52;34;36;27780;720;300;4;2
1465;1982;186;3;80;19;30;148;2;6;4;1;1;54;4;109;91;0;134;41;23;50;31560;1080;480;7;0
1487;1985;223;9;72;7;9;102;-25;0;1;0;0;61;0;67;2;0;94;17;12;84;63564;561;11156;5;0
1487;1984;226;9;9;1;0;2;-5;0;0;0;0;57;0;5;0;0;9;5;1;11;9672;209;1625;0;0
1487;1982;256;10;2;0;0;0;-4;0;0;0;0;58;0;1;0;0;2;0;2;2;1775;57;382;0;0
1487;1979;20;0;80;0;39;103;13;0;0;0;2;60;0;85;0;0;65;23;32;178;75570;352;13468;9;2
1487;1980;256;10;66;7;9;32;-25;1;2;0;1;73;1;66;0;0;116;21;47;183;68688;3997;10397;0;0
1487;1981;20;0;69;1;34;158;8;0;1;0;2;60;0;57;1;0;76;26;30;176;64800;967;10304;16;6
1643;1985;186;3;78;5;7;141;2;0;1;0;0;45;1;54;220;0;14;67;22;9;28140;900;360;3;1
1643;1984;186;3;79;7;10;130;4;1;4;0;1;45;0;60;223;0;25;75;19;19;30900;1020;480;1;0
1643;1983;186;3;79;9;14;118;-2;1;2;0;0;46;2;68;237;0;23;69;22;18;31200;1140;540;4;0
1643;1982;186;3;79;13;11;116;4;6;1;0;0;49;1;62;275;67;33;83;22;25;29340;1020;600;2;0
1643;1981;186;3;80;16;14;119;7;5;3;0;0;49;1;83;290;80;29;74;26;21;31860;1200;420;1;1
1643;1980;186;3;78;9;18;121;-7;2;3;0;1;50;0;75;289;78;34;72;29;13;27360;600;240;6;1
1643;1979;186;3;80;15;16;124;10;3;2;1;0;52;3;87;351;80;27;64;26;27;31020;960;420;4;0
1675;1985;186;3;80;3;5;99;-6;0;0;0;0;45;0;59;227;0;19;91;24;14;27600;720;420;0;0
1675;1984;186;3;79;6;12;116;-7;2;1;0;0;46;1;67;233;0;30;74;17;26;33000;1020;540;4;1
1675;1983;186;3;79;8;15;122;-5;2;3;1;1;47;2;66;257;69;33;76;23;14;31140;1500;540;2;1
1675;1982;186;3;79;10;16;116;0;0;5;0;1;50;3;71;288;79;25;70;19;16;29280;780;480;4;0
1675;1981;186;3;80;15;14;116;-3;6;7;1;0;50;0;88;325;80;32;72;26;26;31200;1080;600;4;0
1675;1980;186;3;80;12;12;123;3;1;4;0;0;50;1;83;311;80;26;71;22;29;32520;1080;540;5;0
1675;1979;186;3;79;19;24;126;6;4;4;0;0;52;3;94;349;79;32;61;24;25;30900;1080;480;2;0
1757;1985;186;3;80;4;10;138;-3;0;3;1;0;45;0;55;46;0;56;62;12;24;31140;1020;360;4;0
1757;1984;186;3;79;6;10;131;3;0;3;1;0;47;0;67;53;0;49;58;18;25;28440;720;540;5;0
1757;1983;186;3;80;9;12;148;-3;1;3;0;0;47;1;68;60;0;36;69;9;18;30420;1020;240;5;0
1757;1982;186;3;80;18;12;137;0;4;2;0;0;47;3;93;66;0;40;62;30;25;29100;660;240;3;0
1757;1981;186;3;79;12;14;126;8;5;4;0;1;49;1;77;66;0;41;63;17;34;29640;1020;420;2;0
1757;1980;186;3;80;15;21;124;10;3;7;0;0;50;1;89;70;0;52;68;21;24;30480;780;360;2;0
1757;1979;186;3;78;14;12;117;-1;3;2;0;0;52;3;90;72;0;44;55;14;23;30240;900;360;2;0
1774;1985;186;3;80;3;9;116;6;0;1;0;0;45;0;59;49;0;51;70;20;17;28380;1020;240;4;1
1774;1984;186;3;80;9;10;145;-9;2;2;1;0;46;0;68;54;0;79;66;13;31;27960;600;360;5;0
1774;1983;186;3;80;9;10;136;10;0;3;0;1;47;0;66;64;0;85;82;27;32;27600;960;420;5;0
1774;1982;186;3;80;8;19;124;2;2;3;0;0;49;1;77;65;0;67;71;22;18;32160;1020;300;2;0
1774;1981;186;3;79;11;16;121;5;5;4;0;1;48;1;75;64;0;61;72;13;18;29340;1140;540;1;0
1774;1980;186;3;80;11;19;114;5;1;1;0;2;50;2;79;69;0;48;70;19;22;28380;540;360;5;0
1774;1979;186;3;79;16;18;134;-4;4;4;0;1;51;2;96;69;0;55;63;13;18;27660;600;300;4;0
1792;1985;186;3;80;5;21;100;0;2;5;0;0;49;1;71;0;0;37;59;12;33;43740;840;3780;2;0
1792;1984;186;3;80;4;18;128;-1;1;5;1;0;51;0;73;0;0;30;61;18;58;46320;840;4560;4;0
1792;1983;186;3;78;6;18;123;6;3;5;0;0;53;1;76;0;0;29;70;22;63;46920;1260;4500;3;0
1792;1982;186;3;79;5;22;145;-2;0;7;0;0;52;1;75;0;0;40;62;20;61;43980;720;3900;5;1
1792;1981;186;3;79;11;26;130;14;2;3;0;0;54;2;91;0;0;39;65;15;75;45240;720;4500;2;0
1792;1980;186;3;77;2;31;125;10;0;5;0;1;54;0;75;0;0;60;65;20;87;42900;780;3960;3;1
1792;1979;186;3;78;5;21;122;1;1;3;0;0;54;0;88;0;0;53;58;11;86;43020;780;3960;4;2
1807;1985;168;5;45;4;2;79;7;1;1;0;0;44;0;26;0;0;14;66;6;22;24060;480;2400;3;0
1807;1984;168;5;45;0;5;81;-8;0;0;0;0;46;0;26;0;0;15;49;11;29;26400;660;2580;1;0
1807;1983;168;5;46;2;5;55;-7;0;0;0;0;46;0;30;1;1;15;49;7;29;25380;540;2580;1;0
1807;1982;168;5;45;2;9;81;0;0;1;0;0;49;1;32;0;0;13;47;9;30;26580;480;2520;1;1
1807;1981;168;5;45;3;8;61;-2;2;0;0;0;49;0;37;0;0;15;55;10;36;24720;600;2220;1;0
1807;1980;168;5;46;5;8;76;0;0;2;0;0;50;0;42;0;0;35;51;11;50;25800;480;2280;6;0
1807;1979;168;5;46;4;6;69;1;3;2;0;0;52;0;47;0;0;19;55;5;49;25740;540;2160;1;0
2054;1985;159;5;46;4;9;80;2;1;1;0;0;45;0;31;27;0;25;31;9;11;17040;660;300;2;0
2054;1984;159;5;46;3;11;75;-6;0;2;0;0;45;0;33;32;0;20;37;7;13;16920;480;240;3;0
2054;1983;159;5;46;8;7;64;-7;1;0;1;1;46;0;44;35;0;30;25;5;8;18420;720;180;0;0
2054;1982;159;5;46;8;9;73;5;1;1;0;0;47;0;44;36;0;35;38;6;9;17280;660;120;1;0
2054;1981;159;5;46;9;8;75;-2;3;1;0;0;49;1;48;33;0;35;35;9;10;16680;600;180;3;0
2054;1980;159;5;46;11;9;61;7;3;0;0;1;49;0;51;43;0;23;45;7;14;17820;660;300;1;0
2054;1979;159;5;45;13;10;70;1;2;3;0;1;51;0;61;41;0;37;28;10;12;16140;540;120;0;0
2069;1985;157;5;46;1;3;87;-2;1;3;0;0;45;0;26;0;0;12;36;13;44;26100;660;2280;1;0
2069;1984;157;5;45;4;10;70;-18;0;5;0;0;47;0;33;0;0;13;33;7;39;24960;240;2040;2;0
2069;1983;157;5;46;4;11;68;-9;0;1;0;2;48;0;34;0;0;12;37;5;27;26340;420;2520;0;0
2069;1982;157;5;46;3;10;66;4;0;1;0;0;49;0;37;0;0;20;33;10;29;26040;360;2520;2;0
2069;1981;157;5;46;3;10;89;-8;1;1;0;0;50;0;43;0;0;16;46;8;36;26040;420;2580;3;0
2069;1980;157;5;46;8;9;64;7;2;1;1;0;52;1;50;0;0;21;35;8;25;25500;300;2460;2;0
2069;1979;157;5;45;6;14;79;-3;1;4;0;0;53;1;48;0;0;25;47;11;44;23760;420;2100;1;1
2166;1985;162;5;46;10;11;70;-4;1;2;0;1;52;2;57;0;0;28;42;8;13;26460;480;2400;2;0
2166;1984;162;5;46;7;14;69;3;2;3;0;1;50;0;55;0;0;24;36;14;16;27060;480;2400;1;0
2166;1983;162;5;46;4;11;95;-2;1;1;0;1;54;0;60;0;0;25;48;7;25;26640;480;2460;5;1
2166;1982;162;5;46;5;15;80;-6;0;3;1;1;55;0;56;0;0;26;37;12;26;26100;480;2220;4;0
2166;1981;162;5;46;7;17;87;3;0;4;0;1;56;0;58;0;0;33;35;5;24;25560;420;2400;3;1
2166;1980;162;5;45;2;21;65;10;1;5;0;0;58;0;59;1;0;35;35;8;20;26760;600;2460;3;0
2166;1979;162;5;46;6;18;69;10;3;0;0;0;60;1;65;0;0;38;29;7;23;25800;540;2400;1;0
2378;1985;186;3;80;11;17;108;10;2;4;0;2;47;3;79;65;0;75;51;26;47;29160;1140;660;0;0
2378;1984;186;3;80;10;19;104;1;2;5;0;0;51;0;78;63;0;65;54;23;44;27660;660;240;0;0
2378;1983;186;3;80;11;18;90;0;3;2;0;1;52;1;93;69;0;89;51;26;32;28320;900;180;0;0
2378;1982;186;3;79;16;19;106;-3;5;10;0;0;52;1;101;77;0;78;59;18;39;30600;1020;480;0;0
2378;1981;186;3;79;19;23;98;0;6;6;0;0;53;6;109;83;0;65;42;20;30;29820;840;480;0;0
2378;1980;186;3;78;17;28;118;-7;2;3;0;2;56;4;99;76;0;78;46;34;31;27840;720;180;2;0
2378;1979;186;3;79;14;29;122;-3;3;6;0;2;54;1;106;104;0;66;50;32;28;25800;720;420;2;0
2392;1985;156;5;46;6;2;68;5;2;0;0;0;46;1;26;0;0;16;43;12;28;25920;420;2580;4;0
2392;1984;156;5;46;4;5;75;-3;0;4;0;0;46;0;33;0;0;22;32;5;30;26820;600;2580;3;0
2392;1983;156;5;46;5;9;73;-5;2;5;0;0;47;0;33;0;0;18;41;8;29;25860;480;2220;1;0
2392;1982;156;5;46;1;6;73;7;0;1;0;0;48;0;39;0;0;17;48;9;38;25260;360;2280;3;0
2392;1981;156;5;46;4;12;59;1;1;3;0;0;48;0;33;0;0;22;42;9;50;24120;240;2160;1;0
2392;1980;156;5;46;4;8;80;-1;0;2;1;0;50;0;41;0;0;35;51;8;39;27180;720;2700;2;0
2392;1979;156;5;45;2;6;57;11;0;0;0;0;51;0;45;0;0;31;40;9;58;23880;240;2160;1;0
2396;1985;186;3;80;18;19;126;0;2;4;2;1;51;1;93;67;0;56;50;27;20;30300;900;540;2;0
2396;1984;186;3;78;27;28;113;-1;11;9;0;0;50;3;105;66;0;52;34;23;28;29700;1320;600;1;0
2396;1983;186;3;80;19;18;132;4;4;3;0;0;54;4;114;79;0;55;40;22;28;29700;1260;600;4;1
2396;1982;186;3;78;16;26;139;-5;5;4;0;0;53;1;103;82;0;72;34;26;19;27240;720;300;1;0
2396;1981;186;3;80;21;32;134;4;7;7;0;0;55;3;113;89;0;67;46;35;22;30240;1020;660;4;1
2396;1980;186;3;80;21;24;117;8;4;2;1;0;56;2;130;93;0;67;40;27;20;31380;1020;480;1;0
2396;1979;186;3;78;16;28;101;-2;0;4;1;2;56;2;112;94;0;56;38;29;34;30000;900;240;1;0
2435;1985;288;12;5;2;1;4;0;0;0;0;0;50;1;3;10;1;3;0;0;0;2044;0;319;0;0
2435;1984;283;12;80;15;12;22;18;0;0;0;0;54;4;72;16;6;40;24;14;5;52231;908;0;0;0
2435;1983;157;5;39;23;28;69;-5;5;8;0;0;65;3;82;63;39;44;26;19;21;28140;2340;1980;1;0
2435;1982;218;9;66;7;18;19;-24;1;1;0;0;52;0;68;92;43;81;16;10;13;41551;738;5233;1;0
2435;1981;237;9;42;10;5;14;-9;1;0;2;0;55;1;43;32;17;35;7;13;9;26488;845;1222;0;0
2435;1980;237;9;30;3;4;4;8;0;0;0;0;52;0;27;18;7;13;3;4;8;12882;192;789;0;0
2435;1979;237;9;57;4;4;4;0;0;0;0;0;52;1;29;16;7;33;6;5;15;22780;356;554;0;0
2457;1985;155;5;46;14;8;74;-3;2;2;1;1;54;1;66;213;46;25;28;12;13;17880;480;300;0;0
2457;1984;155;5;45;7;8;74;-7;2;2;0;0;54;0;62;223;45;34;27;12;17;17100;600;480;2;0
2457;1983;155;5;46;21;23;71;5;5;7;0;1;55;2;71;246;46;40;26;16;15;15900;300;60;0;0
2457;1982;155;5;45;13;18;48;14;4;6;0;0;55;2;79;231;90;40;17;14;14;16320;480;240;0;0
2457;1981;155;5;46;20;17;65;5;5;6;1;0;57;4;86;250;92;41;26;17;18;15900;300;180;1;0
2457;1980;155;5;46;18;19;74;-3;4;4;1;0;56;0;82;259;92;34;20;19;26;14580;300;120;2;0
2457;1979;155;5;46;18;20;75;0;4;2;0;0;57;3;86;291;138;43;29;20;21;17400;660;420;3;0
2481;1985;186;3;80;18;31;133;7;5;8;0;2;52;3;92;330;80;39;51;18;38;27180;540;240;3;2
2481;1984;186;3;80;16;24;116;3;7;5;0;0;52;1;94;364;160;36;45;16;28;30360;1080;540;0;0
2481;1983;186;3;80;23;32;101;13;6;7;0;0;53;2;114;358;160;39;53;18;31;30480;900;420;3;1
2481;1982;186;3;79;24;35;139;-6;7;10;0;0;55;8;111;425;158;41;52;18;40;26880;960;600;7;2
2481;1981;186;3;80;31;31;128;12;4;5;0;0;56;5;129;421;160;44;41;23;29;30960;1140;720;4;0
2481;1980;186;3;77;31;33;115;2;7;8;0;2;57;5;124;415;154;44;48;32;27;28800;840;300;1;0
2481;1979;186;3;79;28;42;113;3;6;11;1;1;57;4;132;445;216;61;38;20;35;26880;780;240;1;0
2500;1979;278;0;70;7;22;46;-28;4;4;0;1;64;1;136;0;0;101;18;46;95;71679;11311;4659;2;0
2500;1980;278;0;80;16;18;81;-28;4;2;1;1;61;2;138;0;0;79;14;50;111;84789;6133;6370;5;0
2500;1981;278;0;80;10;31;62;26;1;3;1;2;62;0;133;1;0;67;14;41;139;81237;5051;4495;2;0
2500;1982;278;0;42;4;23;20;14;1;1;2;1;61;1;58;0;0;34;8;12;59;39911;1754;2210;0;0
2500;1983;278;0;80;14;32;35;-41;8;16;0;1;63;3;134;0;0;81;19;73;85;71126;17249;5873;1;0
2503;1985;157;5;46;17;14;60;3;2;4;3;1;50;1;55;40;0;17;35;12;18;18900;900;240;0;0
2503;1984;157;5;46;9;11;64;-1;0;4;1;1;53;0;51;43;0;15;40;11;17;17400;540;360;0;0
2503;1983;157;5;46;25;12;65;-11;2;1;1;0;52;2;74;49;0;31;28;14;17;15600;540;180;1;0
2503;1982;157;5;46;16;18;77;5;1;6;1;1;55;2;69;60;0;27;25;17;16;17880;480;360;1;0
2503;1981;157;5;46;11;20;62;-2;2;5;0;0;56;0;65;50;0;24;21;16;24;17640;600;300;0;0
2503;1980;157;5;43;9;16;60;-9;2;4;0;0;55;0;57;45;0;33;25;21;18;13920;420;300;0;0
2503;1979;157;5;46;14;20;70;-2;5;5;0;0;58;1;70;52;0;31;24;13;22;17640;480;120;2;1
2507;1979;24;0;80;8;42;84;24;2;9;0;0;67;2;149;0;0;106;28;60;143;87721;12049;6670;4;0
2507;1980;24;0;73;5;40;40;47;0;3;1;2;65;1;106;0;0;81;14;44;99;75035;5233;4697;0;0
2507;1981;24;0;72;9;38;65;23;4;12;0;0;69;4;114;0;0;93;12;49;107;75385;8223;3526;3;0
2507;1982;280;0;29;1;9;13;9;0;0;0;0;66;0;36;0;0;35;7;10;39;29775;120;1486;1;0
2507;1983;280;0;76;4;33;26;36;0;0;1;3;66;1;83;0;0;92;10;37;88;73208;1473;4615;0;0
2507;1984;280;0;71;6;44;44;38;0;4;0;0;67;1;77;0;0;64;10;26;83;72996;3709;2673;4;0
2515;1985;186;3;80;7;19;120;-4;0;5;1;0;52;0;86;0;0;58;89;11;60;45300;1020;4260;2;0
2515;1984;186;3;80;6;19;129;-2;3;6;0;1;53;0;85;0;0;67;74;15;76;42540;660;4020;3;0
2515;1983;186;3;80;9;16;127;1;2;3;1;0;55;1;85;2;2;75;66;8;73;44700;1020;4140;3;1
2515;1982;186;3;80;3;30;112;7;1;6;0;0;56;1;86;0;0;70;83;12;87;45060;720;4380;2;0
2515;1979;186;3;80;12;30;124;-12;4;8;0;1;59;4;117;0;0;83;70;23;97;44640;780;3900;2;1
2515;1980;186;3;80;7;25;98;-3;2;5;0;0;58;0;107;0;0;93;64;17;82;45120;840;4140;2;0
2515;1981;186;3;79;10;18;127;4;2;6;0;0;55;1;94;0;0;67;66;17;95;46680;1020;4080;3;0
2546;1979;19;0;30;8;8;14;1;0;0;1;1;62;2;39;282;133;26;24;16;9;24536;286;1321;0;0
2546;1980;19;0;80;6;19;38;-7;0;5;0;0;61;0;85;40;18;68;33;27;20;41881;5210;1340;0;0
2546;1981;19;0;80;12;11;43;-17;0;0;0;0;57;1;99;166;85;62;25;18;37;51594;218;180;1;0
2546;1982;19;0;80;5;7;20;-33;0;0;0;0;55;0;57;478;228;43;32;23;17;39090;524;1812;0;0
2546;1983;255;10;55;17;20;10;-10;7;13;0;0;59;2;90;98;44;48;14;6;33;28593;12360;127;0;0
2546;1984;226;9;63;13;29;37;-32;6;8;0;0;60;1;126;792;411;95;28;10;31;55320;12931;462;1;0
2546;1985;214;9;49;5;10;6;2;2;1;0;0;54;0;43;196;100;26;9;3;11;23331;1007;281;0;0
2613;1985;186;3;80;0;0;94;-1;0;0;0;0;41;0;5;0;0;19;240;3;24;45720;720;4200;0;0
2613;1984;186;3;80;0;0;112;-9;0;0;0;0;40;0;2;0;0;26;240;4;15;45660;720;4260;0;0
2613;1983;186;3;79;0;0;93;6;0;0;0;0;40;0;1;0;0;36;237;6;20;45900;960;4320;1;0
2613;1982;186;3;78;0;0;103;-5;0;0;0;0;41;0;6;0;0;18;234;6;26;41820;600;3660;1;0
2613;1981;186;3;79;0;0;96;-11;0;0;0;0;40;0;4;0;0;28;237;1;31;45360;600;4140;0;0
2613;1980;186;3;79;0;1;108;10;0;0;0;0;40;0;4;0;0;19;237;8;15;44760;600;3840;0;0
2613;1979;186;3;79;0;0;112;3;0;0;0;0;41;0;6;0;0;22;237;2;31;43740;780;4200;0;0
2626;1985;156;5;45;17;14;58;5;6;0;0;1;51;2;67;46;0;20;29;14;12;15720;480;120;0;0
2626;1984;156;5;45;18;13;62;-10;4;2;1;0;54;1;79;45;0;31;26;14;6;17280;720;300;0;0
2626;1983;156;5;45;18;16;49;-9;2;3;1;1;52;1;70;52;0;24;26;16;11;16560;660;180;1;0
2626;1982;156;5;46;15;19;75;-3;3;2;0;2;55;2;70;58;0;31;20;9;18;17040;540;300;1;0
2626;1981;156;5;46;18;17;64;3;3;7;2;1;55;3;83;52;0;29;25;14;14;19080;720;240;0;0
2626;1980;156;5;45;13;17;68;0;2;1;0;0;55;0;74;55;0;20;33;11;17;16560;600;360;2;0
2626;1979;156;5;45;18;19;68;-6;3;3;0;2;59;1;88;55;0;27;23;17;10;17580;360;180;2;0
2642;1979;25;0;80;22;21;73;-9;1;2;0;2;63;2;123;859;447;56;44;50;20;65029;3834;2178;3;0
2642;1980;25;0;80;42;32;89;-26;23;11;0;0;67;4;205;1290;653;61;53;50;31;67203;19559;871;3;2
2642;1981;25;0;76;35;37;64;-18;15;9;2;0;65;2;128;1028;459;56;48;59;41;61214;12725;2674;2;0
2642;1982;25;0;80;32;32;58;-42;21;20;0;0;62;2;91;970;422;53;32;48;27;47622;18427;781;2;0
2642;1983;25;0;80;11;20;44;-22;0;0;1;1;56;2;62;573;273;29;17;26;21;47001;135;3490;2;0
2642;1984;25;0;29;1;2;17;-10;0;0;0;0;53;0;3;142;51;5;3;11;7;11467;0;0;1;0
2642;1984;236;9;29;9;9;6;-1;2;0;0;0;62;1;41;347;186;31;4;4;2;20430;5208;588;0;0
2642;1985;236;9;63;16;18;32;3;2;7;0;0;58;3;99;572;275;46;11;7;6;39877;4455;2047;0;0
2692;1985;218;9;49;8;20;22;-13;3;4;0;2;64;1;100;0;0;39;13;9;51;46636;4386;6158;0;0
2692;1979;278;0;3;0;4;0;4;0;0;0;0;68;0;2;0;0;4;0;2;5;3003;0;139;0;0
2692;1979;14;0;70;2;10;54;-14;0;4;0;2;63;0;77;0;0;82;23;39;85;64954;2830;3823;1;0
2692;1980;14;0;62;3;16;49;13;0;3;0;3;61;1;69;0;0;75;14;26;58;52941;4127;4383;1;0
2692;1981;14;0;80;10;33;65;44;5;9;0;2;67;2;103;2;2;62;12;35;76;68550;5920;4432;3;1
2692;1982;14;0;80;7;56;61;44;2;11;2;4;71;1;149;0;0;88;16;35;75;73383;13871;4516;1;0
2692;1983;218;9;77;11;47;71;16;3;8;0;2;72;2;185;0;0;86;16;27;99;80902;16233;5977;0;0
2692;1984;14;0;31;1;8;17;3;1;0;0;0;58;0;27;0;0;28;5;10;53;29479;142;2457;1;1
2696;1984;233;9;68;19;33;38;13;7;7;0;1;60;2;138;1028;504;31;26;16;34;62022;7805;1407;0;0
2696;1983;255;10;60;9;14;20;-20;3;8;0;0;57;0;61;383;181;26;5;9;18;28400;8301;1824;0;0
2696;1982;254;10;56;18;37;20;22;3;3;0;1;65;1;143;737;372;34;13;7;10;46626;3433;1594;0;0
2696;1979;26;0;42;16;20;34;-8;8;11;0;1;63;3;76;387;196;31;17;17;12;21272;9385;1463;0;0
2696;1980;26;0;80;40;29;38;14;2;1;0;0;65;5;189;871;408;70;60;51;21;75111;5371;1317;2;0
2696;1981;26;0;80;16;12;28;-28;0;1;0;0;55;0;96;727;286;38;25;43;28;57881;912;1126;0;0
2776;1985;186;3;78;17;27;162;11;4;8;1;1;53;5;103;84;0;55;42;16;20;27600;600;300;10;0
2776;1984;186;3;79;28;28;133;-8;9;5;1;2;55;2;121;85;0;64;37;23;21;28440;840;360;5;1
2776;1983;186;3;78;30;35;137;0;4;9;2;1;56;5;133;83;0;72;38;20;25;27180;960;420;7;1
2776;1982;186;3;80;26;36;135;13;1;6;1;1;55;2;132;91;0;57;53;30;28;29280;1020;360;7;1
2776;1981;186;3;79;23;37;153;6;5;10;1;3;58;4;132;98;0;52;45;27;32;31200;660;180;9;3
2776;1980;186;3;80;28;51;152;12;2;8;0;0;60;2;142;101;0;66;39;28;32;28680;720;420;10;1
2776;1979;186;3;80;39;33;102;-3;8;3;1;4;60;4;157;112;0;69;35;29;36;30180;1020;480;2;1
2886;1985;186;3;77;2;3;78;0;0;1;0;0;43;1;37;31;0;51;88;15;19;28800;600;360;0;0
2886;1984;186;3;80;5;3;108;-1;1;0;0;0;42;1;45;31;0;41;104;14;12;32700;1380;540;0;0
2886;1983;186;3;79;1;3;106;7;0;1;0;0;43;0;49;33;0;37;112;13;16;29100;900;420;0;0
2886;1982;186;3;80;3;11;98;-6;1;3;0;1;44;0;63;54;0;30;83;20;19;27600;540;240;0;0
2886;1981;186;3;79;8;5;88;4;3;2;1;0;45;1;58;61;0;36;97;16;26;29220;1080;480;0;0
2886;1980;186;3;80;3;3;90;2;0;0;1;0;46;0;64;52;0;38;110;23;28;30960;960;480;0;0
2886;1979;186;3;79;9;5;84;2;1;3;0;0;47;0;66;53;0;48;88;16;32;30960;1500;600;0;0
3017;1985;172;5;46;5;9;81;1;1;3;0;1;47;2;43;0;0;23;37;6;38;25560;540;2640;1;0
3017;1984;172;5;46;4;11;66;-11;2;1;0;0;48;0;42;0;0;21;25;10;35;26760;600;2760;0;0
3017;1983;172;5;46;6;15;73;1;2;5;0;0;49;0;42;0;0;30;35;12;31;25980;600;2340;3;1
3017;1982;172;5;46;6;14;85;3;4;1;0;0;53;1;50;0;0;20;44;3;35;26340;480;2640;1;0
3017;1981;172;5;45;6;8;67;12;2;2;1;1;54;0;48;0;0;26;35;6;27;26520;600;2520;1;0
3017;1980;172;5;45;3;15;54;8;1;7;0;0;54;0;45;1;1;40;39;6;28;26100;540;2400;0;0
3017;1979;172;5;45;5;17;74;-1;2;5;0;0;53;2;56;0;0;24;41;8;29;24900;300;2400;2;0
3030;1985;186;3;80;2;11;125;-8;0;4;0;0;46;0;65;0;0;29;93;7;63;44460;780;4320;1;0
3030;1984;186;3;78;5;14;121;5;1;2;0;0;47;2;61;0;0;31;76;8;52;45360;1020;4140;3;0
3030;1983;186;3;80;1;16;154;-2;0;4;0;0;50;0;66;0;0;39;75;8;68;46020;600;4080;2;0
3030;1982;186;3;80;5;17;113;2;1;4;0;0;50;0;75;0;0;36;64;12;79;45780;600;4140;3;0
3030;1981;186;3;79;4;16;152;4;1;3;0;1;52;0;75;0;0;54;60;18;71;43740;780;4260;10;1
3030;1980;186;3;79;6;22;130;4;0;3;0;0;53;1;80;0;0;47;79;17;76;44040;420;3900;4;0
3030;1979;186;3;78;4;18;120;5;3;5;0;0;54;0;81;0;0;56;53;24;89;44700;840;4080;0;0
3091;1985;186;3;79;8;14;409;-1;2;2;0;0;53;1;87;78;0;105;51;24;36;29760;900;540;29;6
3091;1984;186;3;77;8;15;381;-5;5;4;1;1;53;1;84;77;0;122;51;22;35;29040;900;240;27;13
3091;1983;186;3;79;14;23;381;-12;5;4;0;1;51;2;106;79;0;129;39;26;35;27720;900;240;29;11
3091;1982;186;3;80;11;23;362;6;2;4;0;1;54;1;104;80;0;113;39;36;31;28080;840;540;22;12
3091;1981;186;3;79;20;23;386;-9;6;4;0;2;58;4;115;102;0;130;43;22;32;29340;1140;540;32;14
3091;1980;186;3;79;21;23;424;7;5;0;0;2;56;4;122;94;0;122;45;27;27;29220;1260;600;28;13
3091;1979;186;3;79;20;27;350;-7;4;5;1;2;60;1;122;100;0;138;44;30;39;29220;900;540;22;12
3114;1985;186;3;79;5;5;114;-6;1;3;1;0;44;0;62;49;0;26;56;15;16;29520;960;600;0;0
3114;1984;186;3;80;7;12;102;3;3;3;1;0;46;0;66;57;0;31;68;16;18;30660;960;300;0;0
3114;1983;186;3;78;8;11;102;-1;2;3;1;0;46;0;72;48;0;23;68;17;19;28020;1020;600;0;0
3114;1982;186;3;79;7;10;80;-3;3;2;0;1;47;1;68;53;0;22;72;22;24;30540;1500;780;0;0
3114;1981;186;3;79;10;12;112;0;1;3;0;1;48;0;74;62;0;28;60;21;24;31140;900;420;0;0
3114;1980;186;3;78;10;16;102;10;2;2;0;1;50;4;83;72;0;42;48;17;28;30540;1080;420;0;0
3114;1979;186;3;79;11;16;90;3;4;4;0;1;51;5;81;65;0;49;39;22;28;31680;1380;540;0;0
3115;1984;290;12;80;7;21;41;32;0;1;1;0;58;1;119;2;0;73;25;27;114;76453;1300;10489;1;0
3115;1983;186;3;68;11;48;134;12;3;14;0;3;62;1;100;0;0;68;50;32;110;54060;3000;6360;7;2
3115;1979;226;9;69;10;16;27;-6;0;0;0;1;70;1;103;0;0;57;16;30;144;70316;1895;6082;0;0
3115;1980;226;9;63;6;18;16;-7;1;7;0;1;75;1;92;0;0;70;13;35;155;63546;6029;6806;0;0
3115;1981;226;9;68;8;13;65;-30;2;1;0;0;67;1;133;0;0;82;12;23;137;69893;10913;5322;0;0
3115;1982;226;9;28;3;5;26;-4;2;3;0;0;69;0;46;0;0;25;6;13;63;28806;5594;2173;0;0
3115;1982;0;0;43;2;12;48;0;0;0;0;0;62;1;55;0;0;35;15;30;74;44893;4760;3196;2;0
3128;1985;186;3;79;6;18;141;2;1;2;0;0;55;0;73;0;0;78;68;15;66;46080;1140;4320;5;1
3128;1984;186;3;78;7;33;153;-1;2;5;0;2;54;0;91;1;0;83;75;14;68;43740;660;3900;7;1
3128;1983;186;3;80;11;21;151;3;4;4;0;0;56;0;95;0;0;70;67;21;75;43800;360;4200;5;0
3128;1982;186;3;79;9;29;147;10;4;8;0;0;56;1;91;1;1;77;70;21;74;44220;420;4260;8;2
3128;1981;186;3;77;9;26;143;-7;1;6;0;1;57;0;95;0;0;64;62;22;80;44700;780;4260;5;0
3128;1980;186;3;80;7;33;116;-3;4;8;0;1;60;1;100;0;0;84;55;18;96;44820;480;4200;2;1
3128;1979;186;3;80;12;42;132;-12;2;9;0;2;61;2;106;0;0;98;65;23;80;46260;720;4380;7;2
3453;1985;186;3;78;8;9;127;4;0;1;0;0;46;1;68;219;78;23;60;21;29;29160;1140;660;3;0
3453;1984;186;3;80;12;5;156;-3;4;2;1;0;47;2;74;254;80;28;72;21;18;30660;900;720;4;0
3453;1983;186;3;80;7;17;129;10;2;2;2;0;48;1;65;264;80;30;67;17;27;31380;1140;600;3;0
3453;1982;186;3;80;11;19;106;8;3;3;1;0;49;1;80;317;80;29;67;17;26;30000;1140;420;2;0
3453;1981;186;3;79;13;13;99;-2;4;4;1;1;50;1;92;327;79;34;76;23;38;28740;780;360;1;0
3453;1980;186;3;79;14;25;140;3;3;8;0;1;51;2;89;354;79;37;65;20;34;30120;840;360;1;0
3453;1979;186;3;80;15;19;144;-6;6;7;0;0;51;1;87;336;80;47;54;25;32;31380;1140;480;4;0
3539;1979;253;10;67;13;22;28;12;1;1;1;0;74;4;148;1085;547;76;28;26;96;67362;852;8392;0;0
3539;1979;12;0;14;0;6;8;-6;0;0;0;0;63;0;15;169;81;7;6;8;5;12100;963;944;0;0
3539;1980;12;0;78;28;44;31;8;7;15;2;0;70;6;216;722;373;62;54;75;41;62927;18947;12968;3;1
3539;1981;12;0;80;27;51;48;14;2;25;2;5;73;4;226;764;411;74;65;88;53;70082;16970;14633;2;0
3539;1982;12;0;80;35;35;43;-12;2;7;3;2;73;4;219;1121;596;73;72;114;64;84090;10025;12093;5;2
3539;1983;12;0;76;60;44;68;24;15;12;2;1;76;8;247;1272;664;62;62;102;48;77857;12019;8682;8;3
3539;1984;12;0;80;56;39;47;-12;21;13;6;1;74;9;257;1443;744;91;69;91;57;80889;15447;14974;5;1
3553;1979;256;10;67;28;23;4;12;7;4;0;0;67;6;180;70;33;58;33;17;47;51648;11645;3160;0;0
3553;1980;20;0;80;42;52;67;30;1;1;2;4;66;3;259;332;170;124;70;30;55;63262;1511;15262;3;2
3553;1981;20;0;62;45;43;78;11;11;16;0;1;76;3;219;55;30;99;55;39;38;51143;11801;3081;8;2
3553;1982;20;0;80;48;56;125;16;12;21;0;0;78;8;284;48;19;181;83;45;54;74260;16338;1363;11;3
3553;1983;20;0;71;38;48;78;-1;9;13;0;0;78;4;229;46;22;153;67;47;47;59635;16003;2882;8;3
3553;1984;20;0;80;58;35;127;3;10;15;1;0;78;5;287;47;20;141;64;38;57;71711;13455;731;15;6
3553;1985;20;0;6;1;7;25;0;0;1;0;0;84;0;22;6;2;12;5;5;1;5383;1301;63;3;0
5018;1983;183;6;67;28;39;88;-6;5;11;0;1;59;4;111;409;134;44;48;39;47;22920;660;180;0;0
5018;1984;183;6;68;33;44;98;-5;8;7;0;3;59;0;140;474;136;61;32;42;44;33480;1920;1380;2;0
5018;1985;224;9;3;1;0;2;1;0;0;0;0;65;0;4;63;26;1;0;1;6;2739;252;642;0;0
17;1986;186;3;79;6;17;156;-1;2;6;0;0;51;1;56;0;0;68;47;11;69;43800;600;3840;8;1
17;1985;186;3;80;2;25;159;-10;0;8;0;1;52;1;62;1;0;68;52;19;70;45540;1020;4320;7;0
17;1984;186;3;79;3;20;151;-9;0;1;0;0;53;0;65;0;0;75;60;18;81;45480;840;4380;8;5
17;1983;186;3;80;6;38;139;6;0;10;0;1;53;0;71;0;0;61;52;15;79;46440;960;4260;3;0
17;1982;186;3;80;9;24;135;8;3;4;0;2;54;1;75;0;0;65;69;21;81;45420;720;4200;3;1
17;1981;186;3;78;5;32;144;0;0;9;0;0;56;1;76;0;0;78;62;16;85;44940;1200;4320;6;1
17;1980;186;3;79;7;38;142;-3;1;6;0;0;57;0;87;1;0;79;64;18;100;45540;780;4200;4;0
17;1979;186;3;78;9;35;129;-5;3;7;0;0;57;3;84;0;0;84;55;18;98;45420;780;4080;5;3
33;1986;218;9;3;0;1;2;2;0;0;0;0;56;0;1;14;4;1;1;0;1;1589;103;611;0;0
33;1979;241;10;70;25;36;26;15;3;8;2;1;71;5;145;1114;580;58;24;40;65;61042;5223;10833;0;0
33;1980;278;0;80;8;3;14;-20;0;0;3;2;63;1;63;717;338;55;37;48;60;37340;248;13503;0;0
33;1981;237;9;41;13;27;12;9;2;2;0;2;64;5;84;805;434;31;14;20;47;38130;1794;7373;0;0
33;1981;278;0;2;0;0;0;-2;0;0;0;0;50;0;1;12;7;0;1;0;1;1373;0;59;0;0
33;1982;237;9;70;25;37;22;31;2;4;0;1;61;5;147;1141;609;75;19;21;42;66795;4197;9383;0;0
33;1983;254;10;25;4;20;18;5;2;2;0;0;59;0;48;375;206;15;8;4;11;20112;1779;2637;0;0
33;1984;237;9;52;8;16;18;-4;3;4;1;1;58;1;56;373;199;27;7;12;32;30136;3092;6324;0;0
33;1985;233;9;80;9;19;70;-18;0;3;2;1;54;0;82;909;483;62;15;12;44;60759;3082;6428;0;0
34;1979;279;0;76;18;35;59;3;1;4;1;3;66;0;126;892;461;104;66;28;50;64228;3304;13536;3;1
34;1980;279;0;80;12;17;44;-15;0;1;0;1;60;0;100;602;340;56;57;24;33;55479;3326;3595;2;0
34;1981;279;0;76;20;19;46;-10;0;1;2;1;60;4;107;684;374;66;71;42;57;59197;1340;7347;4;0
34;1982;19;0;80;14;20;69;-48;0;3;1;0;59;0;95;827;450;102;51;47;43;63086;3740;4611;3;0
34;1983;255;10;64;12;29;64;-11;1;0;1;1;64;3;90;1045;623;118;21;32;152;56951;448;11577;2;0
70;1986;233;9;12;0;8;10;4;0;1;0;0;58;0;21;0;0;14;1;5;12;12582;1179;1337;0;0
70;1979;8;0;80;7;35;61;50;1;3;1;2;62;1;90;4;2;74;30;40;145;80087;5728;5704;5;0
70;1980;8;0;69;6;23;56;40;3;3;0;1;61;0;71;3;0;67;20;37;97;67185;3693;6076;4;0
70;1981;8;0;37;2;20;29;21;0;0;0;1;58;0;34;1;1;36;10;13;62;35846;559;3202;3;2
70;1982;8;0;80;3;29;50;-16;1;2;0;0;59;1;86;0;0;83;26;43;167;85550;5674;5917;2;0
70;1983;8;0;80;9;46;117;-25;3;5;0;3;58;3;116;0;0;104;30;66;137;94126;6746;6583;7;0
70;1984;8;0;80;9;25;84;-51;3;0;0;0;56;1;81;0;0;96;31;57;161;86424;5385;4544;4;0
70;1985;8;0;80;7;25;78;-55;0;2;0;0;56;0;94;1;0;90;26;74;111;90074;6101;4775;4;0
70;1986;286;12;64;9;34;12;-6;1;6;4;2;70;2;123;0;0;64;17;37;81;63921;13130;11312;0;0
82;1979;12;0;64;10;14;14;-8;0;0;1;0;60;2;100;51;20;72;43;30;32;50847;766;9814;0;0
82;1980;12;0;80;14;18;34;-3;1;1;2;0;64;1;118;140;49;84;51;51;25;64009;1878;9076;2;0
82;1981;12;0;58;4;15;9;-11;0;0;0;0;55;0;55;31;14;70;27;15;20;41906;247;1342;1;0
82;1982;12;0;32;5;6;4;4;0;0;2;0;58;0;35;15;6;33;14;5;9;21110;0;3843;0;0
82;1983;12;0;80;7;17;23;4;0;1;2;0;60;0;91;165;75;77;46;48;28;48613;1282;9399;1;0
82;1984;12;0;38;3;6;5;1;0;0;0;0;55;0;23;2;1;29;7;12;6;19637;67;9;1;0
82;1985;12;0;2;0;0;0;0;0;0;0;0;60;0;1;7;3;3;0;0;0;769;12;0;0;0
150;1986;157;5;45;6;10;68;2;0;2;0;0;50;0;45;41;0;25;35;3;12;16260;540;360;2;0
150;1985;157;5;46;12;13;68;-3;4;5;1;1;51;3;49;42;0;25;27;11;17;18180;720;300;2;0
150;1984;157;5;46;14;12;91;0;2;0;0;0;52;0;66;42;0;30;26;11;11;16440;540;120;3;0
150;1983;157;5;46;18;15;92;-3;4;7;1;0;53;0;68;49;0;31;22;8;16;17640;420;240;1;0
150;1982;157;5;46;12;25;91;-2;1;6;1;1;55;1;58;42;0;30;23;13;15;18360;660;360;7;1
150;1981;157;5;46;20;20;65;0;3;3;0;1;56;1;72;52;0;36;26;8;17;17340;660;240;1;0
150;1980;157;5;45;20;17;68;2;4;2;0;1;55;1;77;54;0;38;25;15;18;16260;360;180;2;0
150;1979;157;5;46;23;20;96;6;4;2;1;1;57;1;82;60;0;50;26;8;16;18120;720;180;2;0
165;1986;186;3;79;12;12;122;10;2;2;1;0;53;3;76;87;0;95;88;28;31;28440;1080;420;3;1
165;1985;186;3;79;12;18;132;0;6;2;0;1;53;2;81;81;0;111;91;17;28;29820;1140;360;6;1
165;1984;186;3;78;9;21;129;-5;2;7;0;1;56;4;84;94;0;135;70;22;34;28200;720;120;5;3
165;1983;186;3;80;10;22;125;2;4;8;0;0;54;2;94;96;0;123;77;26;43;30660;660;360;3;0
165;1982;186;3;80;9;31;113;1;5;5;0;0;57;2;91;101;0;149;55;38;40;31560;1020;360;1;0
165;1981;186;3;79;16;29;122;2;7;10;0;0;57;4;108;108;0;117;62;30;41;31260;960;180;2;0
165;1980;186;3;80;17;25;132;9;1;8;0;0;58;2;113;105;34;139;60;43;34;30780;1020;420;4;1
165;1979;186;3;79;18;36;128;-2;5;10;0;2;61;1;110;107;79;126;63;34;55;28800;960;480;4;0
173;1979;12;0;63;15;19;28;-4;1;0;2;1;60;3;61;653;327;50;31;33;33;52759;965;2333;2;0
173;1980;12;0;56;5;8;27;-4;0;0;1;1;57;1;50;402;218;14;20;27;17;32703;662;1992;1;1
173;1981;12;0;80;18;16;29;8;0;2;1;0;58;2;74;543;285;42;28;29;24;41484;2498;1380;1;0
173;1982;12;0;47;3;13;17;-11;0;0;1;1;57;1;51;338;180;26;21;14;10;31422;1734;2742;1;0
173;1983;12;0;69;7;15;41;-3;0;0;1;0;57;0;62;458;221;48;37;22;13;38533;719;3821;1;0
173;1984;12;0;80;9;8;15;-10;0;0;0;0;57;1;66;545;266;43;29;34;27;42823;341;1133;1;0
184;1985;304;12;26;4;6;6;8;0;0;0;0;57;2;26;0;0;13;12;13;26;22635;224;5168;0;0
184;1984;304;12;80;2;10;21;-5;0;0;0;1;63;0;80;0;0;61;16;46;120;64586;444;9477;1;0
184;1983;242;10;70;6;20;36;4;0;1;0;0;62;2;87;0;0;74;14;29;86;63110;2318;11479;0;0
184;1979;280;0;80;6;23;39;12;0;0;0;1;57;0;75;0;0;56;26;37;124;76505;903;5338;1;0
184;1980;280;0;7;0;2;6;-2;0;0;0;0;55;0;6;0;0;2;1;1;17;6760;44;502;0;0
184;1981;242;10;80;10;22;45;22;2;2;0;0;67;1;138;0;0;73;27;42;127;74684;3767;13179;1;0
184;1982;218;9;79;8;14;20;-53;0;0;0;0;57;0;62;0;0;55;18;19;122;63710;3050;5708;0;0
190;1986;186;3;80;9;24;135;-3;3;5;1;1;51;3;79;350;80;84;58;13;39;31620;1320;720;5;1
190;1985;186;3;78;14;21;126;-6;3;5;0;1;53;2;88;378;78;87;54;21;34;30180;1020;360;4;0
190;1984;186;3;79;14;25;155;11;2;4;1;1;54;1;92;371;79;98;58;20;29;28740;720;300;5;0
190;1983;186;3;79;19;29;146;8;5;7;0;2;53;1;102;386;124;73;54;26;41;29460;1200;540;3;0
190;1982;186;3;80;24;32;156;-3;9;4;1;2;55;2;113;464;160;61;48;14;40;28320;720;60;8;1
190;1981;186;3;80;25;36;148;-1;4;8;0;2;55;0;119;466;160;79;60;19;45;27720;540;240;6;0
190;1980;186;3;79;23;38;130;0;5;7;1;0;57;1;115;468;158;98;48;30;51;27780;1020;540;7;0
190;1979;186;3;80;22;33;179;-6;3;4;1;3;61;5;118;512;240;94;45;35;33;30300;1080;600;13;3
197;1986;186;3;80;4;18;111;-2;0;5;0;0;52;0;68;0;0;62;66;13;69;44520;960;4320;3;1
197;1985;186;3;80;2;21;121;-4;1;2;0;0;54;0;66;0;0;62;53;19;82;44400;720;3960;3;0
197;1984;186;3;80;4;24;103;10;1;4;0;0;53;0;67;0;0;65;64;16;91;45060;660;4080;1;0
197;1983;186;3;80;7;26;128;4;1;5;0;1;55;0;76;0;0;70;68;18;105;43500;480;3600;4;2
197;1982;186;3;79;8;26;112;1;0;8;0;0;55;0;80;0;0;74;72;29;89;43740;780;4140;0;0
197;1981;186;3;78;7;31;115;-11;1;3;1;1;58;0;79;0;0;70;63;29;95;44640;720;4320;1;0
197;1980;186;3;80;6;40;133;4;2;5;1;3;56;1;81;0;0;89;70;26;120;45540;1080;4680;1;0
197;1979;186;3;79;10;29;139;-3;4;6;0;0;59;1;93;0;0;96;62;21;107;43860;540;4200;5;0
237;1986;157;5;46;4;13;93;-3;1;4;0;0;49;1;27;0;0;34;48;6;35;24660;300;2340;5;0
237;1985;157;5;45;2;13;82;6;0;1;0;0;50;0;24;0;0;28;24;3;56;24660;360;2340;4;0
237;1984;157;5;46;5;16;91;-12;1;2;0;1;53;0;37;0;0;39;35;12;42;27000;480;2580;7;0
237;1983;157;5;44;2;9;65;0;0;5;0;0;53;0;32;0;0;46;32;3;33;24180;420;2160;2;1
237;1982;157;5;46;1;17;101;-7;1;9;0;0;56;0;35;0;0;49;26;8;48;26820;420;2640;5;2
237;1981;157;5;46;5;17;100;2;3;7;1;0;56;0;39;0;0;52;26;13;48;25560;480;2220;4;2
237;1980;157;5;45;6;13;62;5;0;1;1;0;55;2;46;0;0;41;27;4;53;25320;540;2460;2;1
237;1979;157;5;45;6;16;85;-3;0;4;0;1;59;0;38;0;0;39;39;18;60;25500;180;2400;4;1
243;1979;279;0;16;8;4;4;6;1;0;0;0;69;1;50;25;16;24;14;12;5;15480;527;96;0;0
243;1980;279;0;80;27;34;33;-11;1;4;0;0;66;0;159;14;8;118;68;34;23;64433;5065;552;1;0
243;1981;279;0;80;12;33;50;0;0;5;0;1;63;1;138;98;51;107;51;33;19;55096;6564;2446;2;0
243;1982;279;0;4;0;0;0;-4;0;0;0;0;57;0;4;11;6;3;1;2;2;1891;147;242;0;0
243;1982;20;0;73;15;21;26;11;1;1;0;1;57;3;65;517;214;45;26;29;20;41759;856;2084;0;0
243;1983;20;0;39;5;7;14;-10;0;0;0;1;58;0;43;341;135;42;30;27;27;26967;97;7223;0;0
243;1984;20;0;67;12;7;12;-1;1;0;1;0;56;1;71;171;62;67;24;21;21;35336;574;3660;0;0
243;1985;20;0;24;4;4;0;-9;0;0;0;0;57;1;17;11;3;26;3;9;4;12470;634;273;0;0
279;1986;283;12;54;12;21;42;-2;5;10;0;1;58;2;103;1;1;28;10;25;43;46882;13583;4111;0;0
279;1985;283;12;48;4;18;28;4;1;4;0;2;66;0;68;0;0;28;13;24;99;41775;7220;10955;0;0
279;1984;236;9;55;7;9;16;0;0;1;1;0;54;1;82;0;0;17;21;15;66;43016;1289;2908;0;0
279;1979;236;9;79;8;29;26;24;0;0;0;3;66;1;131;0;0;77;21;27;144;77435;147;11159;0;0
279;1980;25;0;14;0;6;18;-9;0;0;0;0;52;0;13;0;0;15;6;5;18;12223;62;1038;2;0
279;1981;25;0;30;6;8;37;8;0;1;0;0;60;1;39;0;0;25;9;15;54;27045;569;1950;5;0
279;1982;25;0;17;0;2;16;-14;0;0;0;0;57;0;17;0;0;18;3;9;29;15167;889;1142;2;0
279;1983;25;0;39;5;12;21;-4;0;0;0;0;58;1;38;0;0;33;16;25;54;34808;1001;2181;1;0
317;1986;156;5;46;8;10;52;-7;3;1;0;0;46;1;35;27;0;15;38;7;8;15060;420;180;0;0
317;1985;156;5;46;4;6;77;3;0;2;0;1;47;0;38;26;0;20;32;5;10;16320;600;360;0;0
317;1984;156;5;46;7;12;61;2;1;2;0;0;47;1;45;33;0;17;42;5;9;16020;480;180;1;1
317;1983;156;5;46;3;9;76;-9;0;2;1;0;47;0;40;36;0;21;46;3;14;18780;600;120;0;0
317;1982;156;5;46;13;15;57;7;2;3;0;0;49;2;49;40;0;18;40;10;8;16620;420;300;1;0
317;1981;156;5;46;15;6;93;14;4;0;0;1;51;2;57;44;0;22;40;6;10;18120;360;60;1;0
317;1980;156;5;45;8;7;74;-3;4;3;0;0;52;0;58;47;0;30;43;7;16;18960;780;240;0;0
317;1979;156;5;46;15;13;68;-4;5;3;0;0;52;1;70;48;0;31;31;10;21;18180;840;240;0;0
364;1979;8;0;76;25;30;38;30;0;0;0;1;64;4;110;805;410;59;56;38;19;71422;620;343;2;0
364;1980;8;0;49;8;17;25;11;0;1;0;0;60;2;39;382;183;20;21;13;10;28702;1516;67;1;0
364;1981;8;0;80;28;26;42;18;1;2;0;1;61;4;97;579;289;46;33;19;15;45291;849;989;4;0
364;1982;8;0;80;24;19;59;-10;4;1;0;0;58;2;112;736;319;50;34;34;34;59598;3880;869;5;0
364;1983;8;0;80;28;48;75;10;6;14;0;0;62;4;107;959;467;53;37;38;22;55339;14886;790;5;0
364;1984;8;0;80;15;24;73;-37;2;6;0;0;57;1;91;679;302;77;36;32;21;59011;4463;1433;7;0
364;1985;8;0;78;0;11;129;-39;0;1;0;0;54;0;23;516;231;47;17;10;9;40257;2957;937;7;1
364;1986;8;0;5;0;1;7;-4;0;0;0;0;57;0;6;38;22;0;1;2;2;3446;242;0;1;0
370;1979;18;0;80;47;56;38;44;16;18;0;0;75;4;293;72;25;175;91;41;36;72799;16429;4849;2;0
370;1980;18;0;80;48;62;66;61;19;14;0;0;77;7;246;9;3;154;67;33;22;66568;19757;1203;1;0
370;1981;18;0;80;45;62;110;52;5;19;3;1;75;3;275;55;23;137;61;53;20;67758;17480;3263;8;3
370;1982;18;0;80;28;53;73;37;8;11;1;1;71;1;204;43;18;86;43;43;18;59833;12322;2335;5;0
370;1983;18;0;80;19;27;45;-1;3;6;0;0;66;1;123;10;3;96;48;25;13;56474;4311;1498;1;0
370;1984;18;0;31;8;10;25;2;0;0;0;0;66;0;62;0;0;46;11;12;1;22248;315;189;1;0
370;1985;18;0;18;6;5;16;0;2;1;1;0;66;0;34;4;3;19;8;8;3;10402;2755;17;0;0
398;1985;289;12;26;1;7;18;8;0;0;0;0;64;0;26;0;0;19;5;12;46;23331;533;2310;0;0
398;1984;295;12;80;11;22;16;20;0;0;1;0;68;1;124;0;0;49;22;48;168;85822;1217;13583;0;0
398;1983;186;3;67;8;41;118;1;1;9;0;2;64;2;78;0;0;86;27;21;137;52740;2460;6240;7;0
398;1982;186;3;16;1;11;33;3;1;2;0;0;63;0;19;0;0;20;6;3;28;12480;600;1440;1;1
398;1981;216;9;66;3;13;58;11;1;0;1;3;69;0;56;0;0;67;9;35;166;56967;629;11917;0;0
398;1980;238;10;39;4;7;6;7;0;0;0;0;64;0;62;0;0;52;11;17;65;36228;544;4860;0;0
398;1979;238;10;31;1;4;12;3;0;1;0;0;61;1;32;0;0;33;5;15;56;28313;127;2224;0;0
416;1979;17;0;80;12;19;78;-69;1;1;3;0;60;2;152;291;127;150;60;46;69;75798;3563;12169;6;1
416;1980;17;0;80;16;23;85;-43;1;0;3;2;59;0;148;316;129;134;70;47;53;62424;1064;12682;5;3
416;1981;17;0;80;20;29;38;-22;2;2;0;0;63;2;190;20;7;171;66;51;73;57088;4881;14879;2;0
416;1982;17;0;60;5;22;6;4;0;6;0;0;60;1;90;3;3;52;21;15;23;22849;4575;1627;0;0
416;1983;17;0;80;10;13;17;-4;0;0;2;0;57;0;52;392;142;51;18;15;19;31290;0;2682;1;1
416;1984;233;9;2;0;4;0;2;0;1;0;0;69;0;5;35;14;2;1;0;1;1328;466;0;0;0
416;1984;17;0;5;1;2;5;-4;1;0;0;0;59;0;5;57;13;0;3;5;0;4171;356;0;1;1
416;1985;303;12;10;2;3;6;-5;0;0;0;0;59;0;13;92;35;1;0;3;3;7066;732;487;0;0
416;1986;222;9;47;15;20;18;21;4;9;0;0;59;1;87;42;13;14;9;10;6;21938;10812;459;0;0
433;1979;279;0;80;3;33;115;29;0;2;1;0;63;0;83;0;0;80;23;44;188;80613;900;14121;11;1
433;1980;279;0;80;3;28;167;-20;0;3;0;3;59;0;93;2;0;81;26;38;169;78530;3300;13201;13;4
433;1981;279;0;80;9;38;125;-7;7;9;0;0;66;1;116;1;1;140;33;55;249;89150;12988;13311;9;2
433;1982;15;0;42;2;8;45;12;0;0;0;0;58;0;47;2;1;20;6;15;84;36682;396;3654;3;1
433;1983;15;0;80;3;27;103;9;0;0;0;1;56;2;58;1;1;65;12;25;136;69917;431;3262;7;2
433;1984;15;0;49;2;16;77;3;0;0;0;0;60;1;47;0;0;37;17;19;104;44548;367;1966;5;0
433;1985;236;9;51;4;14;33;17;0;0;0;1;66;3;67;0;0;66;16;17;97;46515;997;10248;1;0
433;1986;236;9;42;6;9;29;12;0;0;0;0;63;0;57;0;0;58;9;18;72;39586;1046;6839;1;0
433;1986;15;0;21;1;7;11;5;0;0;0;0;60;0;17;0;0;22;2;7;33;18736;67;718;1;0
503;1986;155;5;46;10;12;68;2;3;1;0;0;55;2;46;43;0;29;28;9;16;18060;540;180;0;0
503;1985;155;5;45;10;19;68;2;2;4;0;1;54;3;49;50;0;33;26;16;17;15240;360;180;0;0
503;1984;155;5;46;16;22;62;-8;3;6;0;1;54;0;54;51;0;31;33;17;17;17100;480;240;0;0
503;1983;155;5;46;19;25;62;-4;4;5;0;2;56;1;62;53;0;27;26;18;17;17160;480;120;0;0
503;1982;155;5;46;12;24;66;-4;0;4;2;2;58;1;62;51;0;38;17;24;18;18900;720;300;0;0
503;1981;155;5;46;15;23;82;1;4;3;1;0;61;2;70;59;0;40;26;25;29;15660;480;180;0;0
503;1980;155;5;46;22;25;59;-1;5;7;2;2;60;2;74;61;0;44;20;18;18;17700;600;420;1;0
503;1979;155;5;46;17;32;71;3;3;10;1;0;64;0;72;71;0;44;19;20;15;25500;1560;1080;1;0
513;1979;11;0;21;3;10;55;-1;3;3;0;0;61;0;41;1;1;26;10;22;23;23230;2372;2833;5;1
513;1980;11;0;80;5;33;124;-16;1;2;1;2;61;1;117;211;73;127;33;55;115;74900;5589;11898;10;5
513;1981;11;0;77;5;33;125;36;2;2;0;0;64;0;138;0;0;136;29;61;139;83858;9240;11828;11;8
513;1982;11;0;80;15;59;150;6;8;19;1;2;64;0;155;1;0;111;20;90;142;85475;15608;13636;14;6
513;1983;254;10;80;18;33;56;41;2;1;2;0;78;4;198;1;1;148;35;49;176;90601;3608;15097;2;0
513;1984;11;0;60;4;18;110;6;1;0;1;1;61;0;58;0;0;53;11;39;138;57457;521;4347;12;7
513;1985;20;0;47;1;13;143;-28;1;1;0;1;56;1;39;0;0;70;8;47;49;42814;1437;5359;15;5
513;1986;20;0;3;0;0;10;1;0;0;0;0;58;0;2;0;0;3;1;0;5;2698;0;285;2;1
520;1986;186;3;79;12;16;119;-1;3;6;0;1;46;0;68;48;0;30;66;9;15;31320;1020;540;3;0
520;1985;186;3;78;10;12;147;-3;3;4;0;0;46;2;66;54;0;35;58;12;17;29520;960;420;3;0
520;1984;186;3;79;12;9;118;9;3;4;0;0;47;1;65;67;0;33;59;10;24;30600;1020;480;1;0
520;1983;186;3;78;10;5;126;2;4;0;0;1;49;0;71;64;0;45;61;13;16;27360;600;300;2;0
520;1982;186;3;79;8;31;129;0;1;7;0;0;48;0;80;69;0;37;50;20;17;30420;1260;660;3;1
520;1981;186;3;79;11;20;122;-3;4;3;0;0;51;0;84;69;0;37;60;14;22;29640;1020;540;2;0
520;1980;186;3;80;22;31;139;4;5;5;1;0;52;1;104;75;0;42;59;27;22;32820;1560;840;5;3
520;1979;186;3;80;14;28;127;0;3;6;1;3;54;2;110;88;0;52;45;25;25;32280;1200;660;1;0
533;1986;236;9;42;3;10;25;7;0;0;1;1;55;0;24;221;115;36;5;5;27;11728;167;7977;1;0
533;1979;25;0;80;11;21;74;-8;1;0;1;2;65;2;130;265;116;163;86;44;53;72043;747;12984;8;1
533;1980;15;0;80;6;23;80;22;0;0;2;1;64;0;62;338;145;72;60;39;68;45141;65;16514;4;1
533;1981;15;0;80;7;18;76;-4;0;0;1;0;62;0;73;281;114;83;50;32;72;47550;136;13287;4;1
533;1982;15;0;80;3;20;52;9;0;0;0;2;60;0;69;84;34;92;67;21;57;37840;108;12961;4;1
533;1983;15;0;80;3;12;36;-16;0;0;1;1;57;2;45;71;26;74;46;20;28;41694;373;3056;2;1
533;1984;15;0;80;4;20;74;-13;0;1;0;1;60;0;50;67;28;152;50;26;32;53432;228;3619;10;2
533;1985;15;0;80;4;15;61;-13;0;0;1;1;58;1;52;74;31;111;49;27;20;45031;84;3619;5;0
539;1986;222;9;42;5;13;374;26;0;0;0;1;61;1;61;2;0;196;2;5;3;37318;510;2534;42;20
539;1985;222;9;14;0;1;68;5;0;0;0;0;61;0;7;0;0;50;5;1;6;10079;68;965;8;4
539;1985;304;12;10;1;4;47;4;0;1;0;0;60;0;12;0;0;41;4;0;1;9505;173;943;5;1
539;1984;304;12;80;9;18;72;25;0;1;3;1;66;0;90;1;0;106;24;34;83;83377;2510;16751;6;1
539;1979;22;0;80;6;26;243;-4;0;1;1;1;63;0;75;0;0;99;22;30;199;84305;1049;12835;21;13
539;1980;22;0;41;1;12;116;-2;0;0;1;1;62;0;43;0;0;68;6;16;77;39502;949;4813;8;8
539;1981;224;9;13;0;4;33;5;0;0;0;0;59;0;16;0;0;17;2;3;20;12722;125;2115;3;0
539;1981;22;0;33;0;9;98;-20;0;0;0;1;57;0;26;0;0;41;6;10;55;29855;348;2343;12;8
539;1981;279;0;10;0;4;11;-1;0;0;0;1;68;0;14;0;0;14;1;5;18;9862;154;1631;1;1
559;1985;305;12;52;7;8;95;-11;0;2;0;1;59;1;67;1;1;92;25;12;124;45643;519;8788;6;1
559;1984;305;12;80;4;9;430;-31;1;0;0;0;57;0;88;1;1;339;27;8;109;71524;726;7703;30;9
559;1983;186;3;68;10;37;116;-3;1;9;0;1;61;0;89;0;0;71;43;18;126;54720;2700;6480;2;2
559;1979;24;0;3;0;2;0;0;0;0;0;0;63;0;3;0;0;4;0;3;9;2718;0;88;0;0
559;1980;224;9;67;5;17;52;11;1;0;0;0;67;0;97;0;0;102;16;19;116;64104;899;6921;0;0
559;1981;224;9;71;8;23;39;-2;1;2;1;1;64;1;108;0;0;104;31;16;125;65179;2850;8833;1;0
559;1982;226;9;59;8;16;312;-18;0;0;2;0;60;0;84;4;1;306;14;15;116;56487;410;5078;28;8
564;1986;186;3;78;4;14;136;4;2;3;0;0;48;0;63;0;0;34;81;13;72;45480;840;4320;6;2
564;1985;186;3;80;0;17;112;-1;0;2;0;1;50;0;68;0;0;54;67;20;76;46440;720;4440;4;0
564;1984;186;3;79;2;16;117;6;0;5;1;0;50;0;57;1;1;56;59;17;88;45900;780;4560;7;1
564;1983;186;3;79;4;23;165;7;0;5;0;2;52;1;68;0;0;58;65;22;59;43980;720;4080;9;2
564;1982;186;3;79;8;25;119;3;2;2;0;1;53;1;74;0;0;70;47;22;117;45600;780;4320;4;1
564;1981;186;3;80;9;33;138;-14;1;6;0;1;55;0;76;0;0;81;63;15;125;43260;780;4140;4;2
564;1980;186;3;80;7;29;147;-8;2;8;0;0;56;1;77;1;0;73;55;12;100;43620;540;3900;9;3
564;1979;186;3;78;1;29;148;8;0;5;0;1;57;0;70;1;0;81;49;24;105;42720;960;4080;9;5
598;1986;236;9;9;2;0;0;-3;1;0;0;0;59;1;6;93;47;13;6;7;6;5161;117;1955;0;0
598;1979;25;0;80;21;21;29;-8;0;1;1;1;62;3;149;85;40;117;50;33;41;69325;2173;3070;1;0
598;1980;15;0;80;20;26;44;14;1;1;1;0;57;1;104;729;302;51;79;28;30;54617;787;6842;0;0
598;1981;15;0;80;16;17;22;-5;0;0;1;2;61;3;120;560;235;81;82;65;49;51373;981;13904;0;0
598;1982;15;0;80;11;24;39;14;0;2;1;0;63;1;86;734;323;67;61;47;49;48926;1598;12918;1;0
598;1983;15;0;80;9;13;37;-14;0;0;0;1;60;1;68;768;313;59;71;43;58;45621;2260;13277;3;1
598;1984;15;0;61;9;12;26;-13;0;2;0;0;62;2;67;666;265;46;60;46;52;36725;1817;9717;2;0
598;1985;15;0;10;0;5;2;-5;0;0;0;0;58;0;22;106;49;8;13;4;9;7746;0;1717;0;0
598;1985;236;9;44;12;18;36;24;1;3;0;1;61;1;80;222;106;82;17;19;42;37144;1194;6787;0;0
600;1986;186;3;80;12;13;133;-1;2;3;0;1;50;1;75;60;0;54;82;25;29;30780;1200;540;7;2
600;1985;186;3;78;13;22;186;-7;3;1;0;2;51;2;79;75;0;67;74;19;35;30540;1020;420;17;2
600;1984;186;3;78;14;16;163;-3;6;1;1;0;53;2;94;83;0;82;65;33;27;28980;720;120;11;4
600;1983;186;3;79;15;24;138;-8;3;5;0;0;54;2;90;76;0;83;75;34;24;30960;900;420;10;5
600;1982;186;3;80;18;30;148;-4;2;5;0;1;56;4;109;101;0;88;66;31;29;28800;1140;540;6;1
600;1981;186;3;78;29;29;165;5;3;8;0;1;56;5;109;88;0;94;62;23;26;27060;600;60;9;5
600;1980;186;3;79;21;32;156;1;5;7;3;0;57;4;113;93;0;96;50;35;37;29340;840;360;8;4
600;1979;186;3;80;27;26;177;-2;5;5;1;1;58;4;121;97;0;134;53;30;44;31260;1020;420;11;6
626;1986;283;12;9;3;1;0;3;1;0;0;0;57;2;7;28;20;0;3;0;0;3786;2192;60;0;0
626;1986;290;12;55;14;14;12;-2;3;7;0;0;56;1;53;546;298;15;10;6;3;34584;5753;124;0;0
626;1985;290;12;70;4;8;24;-24;1;1;1;0;51;1;44;442;221;32;7;4;9;29653;341;1211;0;0
626;1984;290;12;80;14;27;16;5;0;0;1;0;55;3;94;600;309;42;22;14;16;53748;1206;3022;0;0
626;1983;218;9;29;12;13;10;4;4;5;0;0;59;0;47;227;113;12;7;7;2;16704;4601;251;0;0
626;1982;222;9;48;8;12;38;-18;1;2;1;0;59;1;63;509;257;21;27;5;30;36765;1459;3961;0;0
626;1981;223;9;65;10;28;44;3;5;14;0;0;61;0;116;778;389;20;18;10;33;35417;14459;1146;0;0
626;1980;223;9;66;18;40;30;3;0;5;1;0;67;3;143;977;504;43;18;18;69;63140;5278;5758;0;0
626;1979;223;9;75;18;37;36;19;5;4;0;0;67;3;145;1101;560;55;17;30;84;67817;4200;8572;0;0
634;1986;186;3;80;9;13;95;7;2;3;0;1;48;1;67;67;0;29;70;17;15;29940;720;300;0;0
634;1985;186;3;80;13;26;136;-5;5;7;0;0;49;1;81;69;0;30;65;19;17;27060;780;360;0;0
634;1984;186;3;80;6;23;98;-6;2;3;0;1;51;2;82;78;0;32;51;21;16;31320;840;540;0;0
634;1983;186;3;80;18;17;123;-3;4;3;1;1;50;1;100;77;0;53;51;20;24;30000;1020;600;1;0
634;1982;186;3;79;19;30;96;-3;4;6;0;2;52;5;103;79;0;42;51;22;26;28020;660;360;1;0
634;1981;186;3;80;16;28;103;10;4;6;1;1;52;2;108;92;0;44;54;26;22;32400;1200;480;1;0
634;1980;186;3;79;25;33;109;-8;5;9;1;2;56;6;119;80;0;45;43;31;30;29640;660;360;1;0
634;1979;186;3;79;20;33;109;-5;1;3;2;0;57;3;114;93;0;48;55;24;24;31320;1380;600;1;0
696;1985;284;12;34;7;11;14;7;0;6;0;0;58;0;44;1;0;26;7;6;12;20115;6129;234;0;0
696;1985;294;12;36;5;11;14;-19;1;3;0;0;55;1;37;15;6;26;5;9;18;26223;2139;995;0;0
696;1984;294;12;79;15;28;16;-10;3;8;1;4;58;4;130;60;29;39;27;13;62;46865;8674;3854;0;0
696;1983;186;3;68;26;19;117;5;6;3;2;0;62;5;145;118;0;69;32;29;23;52320;4080;3720;1;0
696;1982;226;9;61;15;19;22;-24;2;5;0;1;58;0;84;36;13;46;21;10;31;51476;4014;2150;0;0
696;1981;255;10;73;32;27;42;-24;19;13;0;1;63;4;183;104;49;55;34;25;45;60840;17346;1350;0;0
696;1980;254;10;59;31;27;26;-4;11;10;0;0;64;2;162;51;29;35;19;18;48;47643;14488;97;0;0
696;1979;254;10;72;16;28;16;-29;5;11;0;0;64;1;134;72;36;52;13;18;77;62404;14705;325;0;0
747;1985;301;12;65;6;11;302;-4;0;1;1;0;53;0;63;2;1;200;15;11;33;54730;696;7678;23;8
747;1984;301;12;80;3;10;90;-20;0;0;0;0;51;2;73;1;0;43;17;19;56;66774;117;12254;10;2
747;1983;186;3;67;7;41;163;-3;1;12;0;3;61;0;89;0;0;83;36;19;83;54300;2760;6420;9;5
747;1979;237;9;73;8;25;100;23;0;4;0;2;60;1;127;0;0;102;5;38;111;77790;2996;10207;1;0
747;1980;237;9;75;7;17;91;-6;0;0;2;5;56;0;95;4;0;76;10;28;112;66434;745;12573;5;0
747;1981;237;9;49;5;9;40;-3;0;0;0;5;54;0;72;0;0;69;12;16;70;46449;1483;5713;0;0
747;1982;226;9;68;3;13;92;-7;1;3;1;0;52;1;103;0;0;85;18;31;59;66926;3914;6070;12;4
825;1985;283;12;71;5;16;23;5;1;0;0;3;55;1;63;722;397;31;13;7;4;43370;1344;9078;1;0
825;1984;283;12;80;12;26;26;16;1;1;4;4;58;1;77;1047;569;42;22;17;12;47492;2345;15362;0;0
825;1983;155;5;46;20;23;97;-8;4;5;2;0;64;1;81;307;157;41;30;27;22;33000;2760;2640;7;1
825;1982;155;5;39;19;22;51;2;3;7;0;0;61;1;82;296;156;33;24;28;25;28260;2340;1860;3;1
825;1979;21;0;75;17;11;20;10;0;0;6;1;57;2;71;388;208;34;25;20;22;29599;374;4113;2;0
825;1980;242;10;41;7;10;8;7;1;3;1;0;60;3;50;289;156;16;6;10;22;21553;1200;5229;0;0
825;1981;242;10;41;4;4;18;-1;0;0;0;0;56;1;37;218;114;36;11;5;9;20237;317;4569;0;0
859;1985;298;12;7;0;1;14;-2;0;0;0;0;50;0;10;0;0;3;3;1;5;5846;333;1070;0;0
859;1985;287;12;29;3;9;12;-7;1;6;0;0;59;0;49;7;3;13;7;17;29;23789;5344;3173;0;0
859;1984;287;12;80;9;14;44;19;1;4;1;0;55;2;110;1;0;72;17;23;45;73768;7979;6157;0;0
859;1983;186;3;67;5;36;111;0;1;12;0;1;61;1;88;1;0;61;33;32;102;53940;2760;6240;5;0
859;1982;222;9;74;5;19;24;-22;0;3;0;1;53;1;105;2;0;49;13;27;102;70796;2855;5765;0;0
859;1981;233;9;79;9;26;50;2;1;4;0;1;54;0;157;0;0;74;16;27;128;85375;3746;6709;0;0
859;1980;226;9;55;4;7;39;-4;0;1;0;0;56;0;86;0;0;48;10;15;98;51353;3864;5156;0;0
859;1979;226;9;77;4;17;28;-13;1;2;0;1;56;1;137;0;0;79;14;25;127;78512;2037;5230;0;0
861;1986;186;3;80;3;22;157;5;1;6;0;0;50;2;63;0;0;52;63;7;66;47220;900;4500;5;1
861;1985;186;3;78;4;24;138;-6;1;5;0;1;52;0;64;1;0;47;39;13;78;44160;840;4080;6;2
861;1984;186;3;80;5;23;122;1;2;2;0;1;53;2;72;0;0;63;43;16;68;43980;780;4320;4;0
861;1983;186;3;79;2;19;116;1;0;2;0;1;54;0;71;1;1;79;37;17;89;45360;780;4440;4;1
861;1982;186;3;79;7;22;132;0;3;4;0;0;53;4;82;2;0;60;52;7;95;45720;960;4380;6;1
861;1981;186;3;80;8;39;156;-2;2;12;0;1;57;2;87;0;0;71;61;16;88;45360;1260;4800;10;0
861;1980;186;3;80;5;41;144;5;0;8;0;1;57;1;86;0;0;88;50;18;90;45420;600;4200;6;1
861;1979;186;3;79;4;33;149;-12;1;8;0;2;58;0;92;0;0;68;42;17;85;44580;840;3900;10;1
901;1979;236;9;71;15;40;67;17;4;8;0;0;64;1;151;1081;582;137;15;27;35;66962;8031;2557;7;1
901;1980;19;0;72;9;15;120;-19;0;1;1;2;59;0;76;715;371;83;49;34;33;53124;2101;4192;12;3
901;1981;19;0;80;11;13;58;-9;0;1;0;0;57;3;73;518;270;63;34;24;19;43179;605;1417;4;1
901;1982;279;0;80;18;19;93;3;0;1;0;3;62;1;76;780;412;59;33;26;22;58528;771;3778;7;3
901;1983;279;0;80;15;32;84;-26;4;12;1;0;62;1;94;706;387;64;49;37;25;53227;12798;607;8;4
901;1985;16;0;27;0;4;13;-18;0;0;0;0;56;0;9;157;85;11;6;4;7;12416;262;355;1;0
903;1985;289;12;62;10;4;27;-1;2;0;0;0;53;2;58;76;27;46;5;4;30;34549;986;1894;1;0
903;1984;289;12;80;13;16;58;-30;1;0;0;2;55;2;111;118;55;91;25;14;63;61184;2872;6148;2;0
903;1983;186;3;67;32;32;101;-1;1;11;1;2;61;2;141;108;0;90;28;23;43;48900;4020;3300;1;0
903;1982;243;10;39;5;7;27;-12;0;1;0;0;54;0;38;23;11;60;12;5;42;26617;1046;1460;0;0
903;1981;216;9;26;3;8;20;7;0;1;0;0;54;0;32;14;4;16;5;5;12;14814;1074;577;0;0
903;1980;216;9;68;14;23;36;-14;3;3;0;1;57;1;108;46;22;100;14;18;51;52536;3844;3138;0;0
903;1979;216;9;17;7;4;6;0;0;0;0;0;60;3;51;8;5;24;6;5;21;17813;462;646;0;0
903;1979;10;0;15;1;4;0;1;0;0;0;0;63;0;10;1;1;33;4;6;3;12717;210;69;0;0
917;1986;158;5;46;1;2;64;-4;0;0;0;0;41;0;8;9;0;7;92;6;6;16440;300;180;0;0
917;1985;158;5;46;1;1;46;19;0;0;0;0;41;0;7;13;0;9;92;2;6;17700;660;240;0;0
917;1984;158;5;45;0;1;54;-1;0;1;0;0;41;0;4;14;0;4;90;4;7;16320;540;300;0;0
917;1983;158;5;46;1;2;61;-8;1;1;0;0;41;0;12;14;0;2;92;4;5;17340;600;240;1;0
917;1982;158;5;46;0;2;68;11;0;1;0;0;43;0;13;15;0;14;92;6;6;18240;720;540;0;0
917;1981;158;5;46;5;1;66;3;3;1;0;0;42;0;17;19;0;9;92;11;5;16260;540;240;0;0
917;1980;158;5;46;3;3;58;1;0;1;0;0;43;0;12;18;0;12;79;7;9;18480;840;360;0;0
917;1979;158;5;46;3;4;40;-2;0;1;0;0;43;0;19;17;0;21;74;11;5;16260;240;0;0;0
921;1986;186;3;80;1;1;110;4;0;0;0;0;41;0;23;11;0;7;68;7;3;30420;960;240;2;0
921;1985;186;3;78;3;2;110;-5;1;0;0;0;41;1;22;15;0;3;64;10;5;30000;1080;240;2;0
921;1984;186;3;80;4;4;86;1;0;0;0;1;42;0;28;12;0;6;84;13;3;31320;1260;720;0;0
921;1983;186;3;79;4;4;97;3;0;2;0;0;41;0;24;25;0;9;88;7;5;29820;900;480;1;0
921;1982;186;3;79;3;0;105;6;0;0;0;0;41;1;22;26;0;9;106;6;5;28860;480;300;1;0
921;1981;186;3;79;4;6;114;-4;1;0;0;0;42;0;32;25;0;7;133;7;7;31200;1200;300;0;0
921;1980;186;3;78;3;5;94;-3;1;0;0;0;43;1;37;29;0;10;140;9;10;25620;540;360;0;0
921;1979;186;3;80;6;2;101;7;0;1;0;0;43;0;41;32;0;13;107;17;15;30540;1020;420;1;0
985;1979;236;9;16;4;2;38;8;0;0;0;1;58;1;17;0;0;48;3;2;15;13363;147;930;2;0
985;1980;278;0;30;4;9;57;-11;0;3;0;1;63;0;45;0;0;44;7;15;68;31863;2152;2489;5;5
985;1981;278;0;9;0;3;14;0;0;0;0;0;54;0;10;0;0;4;1;2;17;7433;0;305;2;0
985;1982;278;0;51;1;23;91;16;0;0;0;1;61;0;49;0;0;45;4;17;95;45047;221;2605;11;2
1001;1986;186;3;77;11;14;136;-1;1;2;0;1;52;2;71;67;0;74;51;17;17;27240;660;480;4;1
1001;1985;186;3;80;22;31;163;-8;6;6;2;5;51;1;96;85;0;90;59;14;25;29820;1020;660;9;3
1001;1984;186;3;80;10;24;142;-3;5;7;0;0;53;2;88;77;0;85;39;20;18;30420;960;600;6;2
1001;1983;186;3;80;23;30;152;-2;4;13;1;0;55;2;113;82;0;88;56;20;16;28380;780;360;8;3
1001;1982;186;3;79;25;23;127;5;5;2;0;2;54;2;105;92;0;84;36;30;29;30540;960;540;9;3
1001;1981;186;3;79;25;31;122;-5;6;9;0;2;56;2;113;91;0;101;52;16;23;31560;1260;600;5;1
1001;1980;186;3;79;18;33;142;9;4;8;1;1;57;2;115;99;0;75;39;26;25;28260;720;300;2;1
1001;1979;186;3;79;28;33;138;-5;3;6;2;1;57;7;123;99;0;94;49;28;30;29820;1020;420;4;1
1002;1986;186;3;79;4;18;136;9;1;4;0;0;53;1;59;0;0;144;67;17;137;43860;780;3900;6;0
1002;1985;186;3;79;10;21;178;-7;3;3;0;0;55;1;69;0;0;147;63;23;152;46500;1020;4560;10;3
1002;1984;186;3;79;8;32;146;-7;2;7;0;1;55;1;68;0;0;129;66;19;122;42300;660;3720;8;3
1002;1983;186;3;78;4;32;136;9;1;6;0;1;57;2;59;0;0;137;65;20;125;45360;780;4200;4;2
1002;1982;186;3;80;4;33;140;-8;0;8;0;0;58;1;76;2;0;135;57;29;113;47640;900;4620;6;3
1002;1981;186;3;66;4;32;115;2;1;6;1;1;58;1;58;1;1;105;48;18;77;38040;600;3600;3;3
1002;1980;254;10;8;0;2;36;-7;0;0;0;0;57;0;5;0;0;36;2;0;11;7387;23;720;4;2
1002;1980;242;10;8;0;2;14;6;0;0;0;0;56;0;6;0;0;6;2;0;8;6820;20;1131;2;0
1002;1979;242;10;19;1;2;36;8;0;0;0;0;58;0;30;0;0;30;2;7;17;18839;219;2628;6;1
1010;1986;186;3;79;19;16;114;6;2;2;1;0;50;0;93;305;79;32;48;28;17;28920;1020;600;0;0
1010;1985;186;3;79;19;18;90;1;2;3;0;1;51;3;99;364;79;28;44;20;23;27660;720;300;0;0
1010;1984;186;3;79;23;20;118;2;3;3;0;1;51;4;97;367;79;48;51;25;27;30060;960;420;2;0
1010;1983;186;3;79;23;30;112;4;6;6;0;0;54;5;103;374;158;37;35;24;31;30780;900;480;2;0
1010;1982;186;3;78;18;29;132;12;8;8;0;0;56;1;105;376;156;33;42;22;18;28080;1020;420;2;0
1010;1981;186;3;79;21;33;115;7;8;6;1;1;56;2;119;416;158;50;31;20;18;30000;1080;600;1;0
1010;1980;186;3;80;32;43;107;13;6;11;1;0;57;7;136;472;240;28;47;24;28;30720;1500;540;1;0
1010;1979;186;3;78;19;36;102;6;6;7;2;1;58;5;127;449;234;40;39;37;37;30000;1020;600;0;0
1057;1986;177;5;46;2;7;72;12;0;2;1;0;44;0;25;118;0;9;46;5;1;17400;300;240;0;0
1057;1985;177;5;46;4;7;58;15;2;1;0;0;45;0;29;114;26;9;44;4;7;18900;660;0;0;0
1057;1984;177;5;45;3;10;50;-1;1;1;0;1;46;0;32;115;0;10;39;5;5;17580;420;120;0;0
1057;1983;177;5;46;8;9;52;9;1;2;0;0;47;3;39;143;26;16;36;5;6;16860;180;60;0;0
1057;1982;177;5;46;4;14;60;0;0;3;0;0;47;0;34;157;46;7;31;6;11;17160;540;360;0;0
1057;1981;177;5;46;9;9;50;4;4;1;0;1;48;2;34;163;46;21;25;11;10;16020;480;300;0;0
1057;1980;177;5;45;7;10;58;4;1;2;1;0;50;0;38;142;45;13;22;7;6;17460;360;240;0;0
1057;1979;177;5;46;15;12;58;-1;3;5;0;0;50;1;54;182;46;16;35;10;13;17100;600;180;0;0
1127;1986;236;9;2;0;0;0;0;0;0;0;0;53;0;1;2;0;2;0;0;1;942;231;0;0;0
1127;1985;214;9;8;0;2;0;2;0;0;0;0;55;0;3;0;0;6;1;4;5;4980;44;0;0;0
1127;1985;224;9;40;8;16;24;-16;5;12;0;0;57;1;61;32;11;22;4;6;17;19259;7643;1792;0;0
1127;1981;279;0;22;0;5;4;-15;0;0;0;0;59;0;24;6;1;18;15;7;7;12260;505;630;0;0
1127;1982;242;10;59;10;14;16;-7;3;6;0;0;59;0;96;82;38;52;17;15;42;35648;5969;4305;0;0
1127;1983;243;10;75;27;38;32;2;7;7;0;1;58;1;122;60;29;58;13;30;53;63316;9665;3584;0;0
1127;1984;216;9;53;14;16;12;1;9;11;0;0;60;1;80;24;12;28;10;14;9;17599;12682;1263;0;0
1128;1986;186;3;79;2;16;138;-1;1;4;0;1;51;0;58;0;0;76;70;13;81;44880;600;4380;6;1
1128;1985;186;3;79;2;11;164;-5;1;2;0;1;51;0;59;0;0;89;54;16;104;46320;900;4200;8;1
1128;1984;186;3;79;5;16;171;-1;1;3;0;0;50;1;64;0;0;89;77;20;103;43560;600;4140;9;1
1128;1983;186;3;79;3;13;162;-4;1;3;1;2;52;0;64;2;0;99;68;14;97;46140;960;4860;9;1
1128;1982;186;3;79;8;21;149;7;2;3;0;0;54;0;75;0;0;92;69;16;96;42540;540;4140;5;0
1128;1981;186;3;79;5;22;150;8;0;4;0;0;55;0;75;0;0;120;63;18;128;43200;900;4380;5;0
1128;1980;186;3;80;8;28;174;1;2;8;0;0;56;0;85;0;0;110;76;15;108;45960;960;4140;4;2
1128;1979;186;3;80;8;28;170;0;1;5;0;1;55;1;89;0;0;109;66;21;141;46800;660;4200;13;1
1183;1986;186;3;67;16;15;104;2;4;4;0;2;59;2;108;94;0;58;37;23;25;28620;1020;540;3;1
1183;1984;223;9;46;5;6;6;-7;1;1;0;0;55;0;34;177;73;24;4;5;21;15625;388;8393;0;0
1183;1982;255;10;37;10;18;14;10;2;0;0;0;61;1;84;48;20;56;15;16;12;33332;1288;3336;0;0
1183;1982;186;3;16;6;13;35;0;2;2;1;0;60;0;32;24;0;17;9;10;10;13020;960;960;3;0
1183;1979;224;9;62;14;21;18;-10;1;8;2;0;63;2;93;123;48;78;15;25;74;52598;5614;5826;0;0
1183;1980;224;9;55;8;27;22;9;2;3;0;0;62;1;95;137;54;62;19;25;40;44849;4372;5774;0;0
1191;1986;186;3;79;9;24;137;-2;0;6;0;1;52;4;76;347;79;28;50;20;43;29460;900;360;3;0
1191;1985;186;3;79;14;28;192;-11;2;5;0;0;53;1;70;408;79;35;46;21;31;32340;1500;900;9;0
1191;1984;186;3;78;23;35;141;0;5;10;0;2;55;9;87;416;78;49;49;34;24;29580;1320;660;7;0
1191;1983;186;3;78;20;49;160;-2;5;15;0;2;53;1;94;416;123;40;39;28;29;30000;1200;360;6;1
1191;1982;186;3;79;15;40;164;9;3;10;0;1;55;1;96;447;158;48;39;22;46;27360;900;600;6;1
1191;1981;186;3;79;13;40;109;5;2;6;0;1;59;1;88;475;158;43;42;35;30;27900;900;420;2;0
1191;1980;186;3;78;24;50;129;6;8;4;0;3;59;1;116;472;156;50;42;22;37;31020;1380;360;7;2
1191;1979;186;3;79;24;36;118;1;7;7;1;0;61;3;126;573;237;53;32;36;40;29160;1140;420;4;1
1194;1985;289;12;64;15;21;52;18;0;2;2;1;59;1;73;633;336;53;25;28;30;39892;1542;10326;2;0
1194;1984;289;12;80;4;12;50;-14;0;0;0;3;55;0;69;568;285;50;12;21;51;38992;243;8107;0;0
1194;1982;236;9;41;6;14;24;-6;0;4;0;1;59;0;52;470;242;36;11;11;29;28579;1603;4074;0;0
1194;1979;236;9;67;16;32;30;20;2;3;2;1;63;0;120;934;534;90;23;26;40;60171;3427;8893;0;0
1194;1980;236;9;15;5;6;12;2;1;1;0;3;64;0;22;174;93;17;7;5;14;12414;329;2221;0;0
1194;1980;25;0;59;6;18;48;-20;0;0;0;2;60;1;53;668;335;40;35;25;46;41122;418;10405;4;2
1194;1981;236;9;55;11;21;55;4;2;5;1;1;60;2;84;758;406;48;11;12;42;46067;4733;4111;1;1
1194;1981;25;0;4;0;0;0;-4;0;0;0;0;47;0;0;26;9;1;3;0;1;2237;0;23;0;0
1206;1979;21;0;73;28;57;106;37;5;17;1;1;76;6;209;232;98;163;75;54;51;69577;16711;7039;8;1
1206;1980;21;0;80;48;41;72;-2;13;14;8;5;76;4;306;306;136;157;62;61;54;67288;19715;16786;4;0
1206;1981;21;0;80;33;38;70;3;10;10;1;2;72;2;250;219;112;177;66;40;42;65960;11934;10769;4;1
1206;1982;21;0;80;19;24;71;-4;2;3;1;2;65;2;168;125;67;113;64;35;44;61840;5281;5868;3;1
1206;1983;254;10;79;49;76;44;16;21;28;0;0;73;11;318;228;123;93;41;27;49;72207;19804;3662;0;0
1206;1984;21;0;80;22;42;73;7;2;4;1;1;67;0;155;107;47;154;61;36;51;60014;7679;5671;5;1
1206;1985;21;0;80;16;38;74;-6;4;11;1;0;70;3;150;3;2;225;65;52;29;59546;22150;4284;2;0
1339;1979;23;0;75;15;23;20;1;0;0;2;0;63;1;113;68;25;87;43;38;16;61457;577;3140;0;0
1339;1980;23;0;80;15;21;31;-4;3;1;0;0;63;1;118;102;30;109;33;34;20;58124;2329;3810;1;0
1339;1981;23;0;80;13;21;39;-27;1;4;0;1;63;0;107;67;32;91;46;41;34;64165;4934;3170;1;0
1339;1982;23;0;80;8;28;37;-31;0;2;0;1;63;1;89;2;2;107;44;39;30;62344;3681;3968;1;0
1339;1983;23;0;80;8;24;32;-39;2;4;0;2;62;2;98;3;2;108;35;24;30;56918;3863;4704;0;0
1380;1986;186;3;79;8;16;137;9;5;1;0;0;52;3;70;321;79;28;53;31;20;27960;600;420;4;1
1380;1985;186;3;80;15;31;144;2;3;4;0;1;52;0;91;367;80;31;43;27;25;30300;1140;480;4;0
1380;1984;186;3;79;17;19;128;-2;6;6;0;0;54;1;91;346;79;31;53;33;30;30360;1380;660;2;0
1380;1983;186;3;80;18;29;158;2;2;2;2;0;53;1;97;400;160;33;47;37;23;28320;900;540;6;1
1380;1982;186;3;79;19;24;122;-7;1;5;1;1;55;2;98;397;158;49;46;33;30;29040;900;300;4;0
1380;1981;186;3;80;23;40;135;-8;4;5;1;3;57;2;104;437;160;43;46;37;26;30600;900;420;5;0
1380;1980;186;3;78;27;39;128;-3;7;10;4;2;58;3;118;445;156;50;40;35;36;30360;1020;540;4;1
1380;1979;186;3;80;24;40;138;-3;7;7;0;0;58;6;118;516;160;57;36;30;30;30060;1140;660;6;0
1384;1985;301;12;7;0;5;2;3;0;1;0;0;54;0;8;0;0;2;4;1;6;6445;844;1017;0;0
1384;1985;284;12;42;2;7;15;-19;0;1;0;0;53;0;44;0;0;22;3;19;33;36027;1400;4284;0;0
1384;1984;284;12;80;4;22;30;-4;0;0;0;0;52;0;73;0;0;39;10;16;65;68441;289;7201;0;0
1384;1983;224;9;67;5;10;50;-20;1;1;0;0;53;0;99;0;0;60;10;20;41;61270;4952;6156;0;0
1384;1982;242;10;77;10;30;48;9;3;8;1;0;57;0;138;0;0;90;10;22;49;69155;8565;7197;0;0
1384;1981;222;9;67;9;23;81;-12;2;8;0;0;61;0;129;0;0;75;8;19;76;64394;14689;5108;0;0
1384;1980;222;9;75;7;38;32;-25;2;13;0;3;63;2;180;2;0;114;11;25;112;80493;13004;5621;0;0
1384;1979;222;9;78;11;35;48;5;2;6;1;0;66;1;202;0;0;133;23;29;118;86871;12865;5165;0;0
1389;1985;298;12;60;10;24;18;7;3;0;0;1;61;3;88;0;0;37;18;15;44;51533;5486;6211;0;0
1389;1984;298;12;71;9;17;16;9;2;2;0;0;59;3;126;0;0;34;22;20;53;56435;5421;5771;0;0
1389;1983;233;9;75;9;21;28;39;2;3;0;0;61;1;122;0;0;42;27;24;66;60660;1880;6979;0;0
1389;1982;237;9;30;3;14;8;-3;1;7;0;1;64;0;76;0;0;25;6;18;35;25609;3465;1977;0;0
1389;1981;216;9;79;7;28;42;5;0;3;0;0;62;1;155;1;0;62;17;20;105;76040;5629;6398;0;0
1389;1980;226;9;29;6;9;31;2;3;5;0;0;67;1;68;0;0;25;11;10;41;25597;6880;2411;0;0
1389;1979;223;9;60;11;21;8;-28;3;9;0;0;63;2;163;0;0;72;26;12;76;55547;11440;4103;0;0
1438;1986;186;3;80;8;22;118;-2;0;5;0;0;52;0;94;74;0;48;51;24;18;27120;780;420;4;0
1438;1985;186;3;80;21;24;157;-6;2;6;0;2;54;3;115;94;0;56;53;15;9;29040;840;480;7;3
1438;1984;186;3;79;12;31;126;-8;2;7;0;0;55;1;107;89;0;65;50;17;20;30120;1380;480;7;1
1438;1983;186;3;79;17;40;151;-9;2;11;0;1;58;3;116;94;0;62;47;25;22;31680;1140;540;7;3
1438;1979;186;3;79;27;46;136;5;6;5;1;4;63;4;149;116;0;84;27;38;36;29100;840;480;4;2
1438;1980;186;3;79;27;38;127;1;10;11;0;0;59;3;141;106;0;79;35;33;26;30540;720;300;7;1
1438;1981;186;3;77;27;37;142;7;8;6;1;2;59;3;132;106;0;65;41;21;35;29280;720;180;6;3
1438;1982;186;3;79;17;29;132;1;6;6;0;0;58;1;121;99;0;72;46;29;24;31140;1200;300;4;1
1563;1986;154;5;46;2;15;73;3;2;2;0;1;52;0;34;0;0;20;34;16;52;27960;600;2640;3;0
1563;1985;154;5;46;4;12;79;-6;1;1;0;1;52;0;34;0;0;34;34;15;53;24600;240;2160;3;0
1563;1984;154;5;46;3;18;86;-3;0;2;0;0;55;0;37;0;0;35;21;16;47;26520;660;2940;4;0
1563;1983;154;5;45;7;18;83;-7;1;3;1;1;54;0;44;0;0;37;35;10;37;24840;480;2160;3;2
1563;1982;154;5;45;4;20;81;6;2;3;0;0;58;0;40;1;0;38;39;10;42;24480;240;2340;5;0
1563;1981;154;5;45;4;23;96;7;0;4;0;2;55;0;40;0;0;39;19;14;58;25020;480;2280;3;0
1563;1980;154;5;46;6;20;91;16;0;4;0;1;58;1;45;1;0;40;27;15;70;28020;780;2820;7;2
1563;1979;154;5;46;6;18;78;-12;2;5;0;0;60;1;52;0;0;40;23;14;66;28800;780;2760;2;0
1567;1979;237;9;47;7;11;68;5;1;0;1;0;62;0;75;99;29;94;7;16;69;38339;1375;6514;6;1
1567;1979;278;0;21;0;1;53;-2;0;0;0;0;60;0;18;0;0;27;10;7;12;13133;523;619;5;2
1567;1980;278;0;80;4;11;92;-22;0;1;1;0;59;0;87;75;21;113;19;27;27;43542;817;5197;12;5
1567;1981;278;0;80;5;16;101;-8;0;0;0;0;59;0;50;2;0;107;23;21;37;43741;310;1143;13;6
1567;1982;278;0;80;5;18;71;0;0;0;0;1;59;0;56;2;2;104;27;20;29;42580;684;3548;5;1
1567;1983;278;0;50;2;12;74;-15;0;0;0;0;61;0;43;0;0;103;22;15;31;33655;659;1189;10;4
1567;1984;278;0;4;1;1;4;3;0;0;0;0;62;0;2;0;0;5;0;0;1;2464;39;0;0;0
1568;1986;289;12;19;0;5;90;5;0;0;0;0;52;0;16;0;0;85;10;2;29;15776;45;1607;8;2
1568;1985;289;12;78;9;21;84;10;2;1;0;0;58;0;88;0;0;131;33;33;174;72107;624;7477;6;3
1568;1984;289;12;80;4;21;75;-22;1;1;1;0;55;0;110;0;0;136;41;29;121;69916;2345;9342;7;1
1568;1983;233;9;31;4;6;32;11;0;0;0;1;61;1;42;0;0;46;10;14;45;27209;244;5992;0;0
1568;1982;223;9;68;8;15;78;-5;0;1;1;1;59;0;120;0;0;145;30;26;131;67475;1433;10397;5;3
1568;1979;250;10;52;6;11;33;1;0;1;2;0;59;0;42;0;0;76;10;11;75;49291;628;5593;2;0
1568;1980;250;10;77;9;18;60;1;0;1;0;2;57;1;94;1;0;131;32;28;114;78319;713;14305;2;1
1568;1981;250;10;70;8;20;111;16;1;0;0;1;62;0;108;1;1;149;14;21;100;70220;1000;12085;3;0
1570;1986;293;12;47;5;12;54;12;0;0;0;3;63;0;62;0;0;42;14;39;143;40533;624;9955;2;2
1570;1985;293;12;42;1;3;27;-6;0;0;0;0;63;0;53;0;0;27;11;23;121;36061;763;7672;1;0
1570;1984;293;12;77;6;12;37;-10;0;0;0;0;57;1;63;0;0;50;17;31;117;62418;106;6897;1;0
1570;1983;250;10;74;6;12;58;-11;0;0;1;1;56;0;76;0;0;65;44;23;107;63357;1153;8799;1;0
1570;1982;253;10;50;5;10;18;-25;0;2;0;1;65;1;60;0;0;36;21;24;131;46890;3104;5775;0;0
1570;1979;279;0;66;1;26;40;6;0;6;0;1;61;0;75;0;0;58;16;32;67;55762;4133;4199;2;0
1570;1980;279;0;73;4;18;90;-21;2;4;0;1;59;1;88;0;0;59;12;38;78;59940;5661;4345;8;2
1570;1981;279;0;42;2;13;30;-8;2;5;0;0;60;1;59;0;0;59;12;16;57;33462;8734;2155;2;0
1570;1981;22;0;32;1;7;22;-23;0;0;0;0;57;0;28;0;0;37;8;13;51;27548;973;1288;2;0
1575;1986;158;5;45;11;23;69;9;3;5;1;1;53;2;47;224;45;19;49;15;8;17640;480;300;1;0
1575;1985;158;5;45;17;17;87;1;2;3;0;0;52;0;64;205;58;26;35;16;5;15240;660;240;2;0
1575;1984;158;5;46;16;19;92;-1;3;3;0;0;54;1;63;252;92;29;36;20;7;15240;360;60;4;1
1575;1979;158;5;46;27;25;75;7;2;4;0;1;62;2;91;312;138;44;25;18;24;18120;600;240;2;1
1575;1980;158;5;45;22;21;82;8;4;2;0;0;60;4;74;285;135;20;23;16;21;17700;480;360;2;0
1575;1981;158;5;46;27;26;87;0;5;7;1;0;57;2;86;272;111;31;29;18;19;16740;540;240;3;0
1575;1982;158;5;45;18;24;103;3;2;3;2;1;58;0;70;252;90;31;21;23;13;18300;840;300;5;2
1575;1983;158;5;46;19;21;77;-3;4;3;1;1;55;0;74;249;92;18;30;12;13;17400;420;240;3;1
1593;1986;186;3;77;5;4;118;-7;2;1;1;0;44;1;47;176;77;17;107;10;12;30300;600;240;4;0
1593;1985;186;3;78;5;8;123;-3;2;3;0;0;45;0;53;201;78;8;107;12;18;28500;660;240;3;0
1593;1984;186;3;79;7;8;125;9;1;2;2;0;45;0;56;220;79;20;99;13;9;28740;720;360;3;0
1593;1983;186;3;78;5;12;121;-10;1;3;0;0;46;0;57;226;78;18;73;11;17;27660;840;540;1;1
1593;1982;186;3;79;11;10;119;6;1;2;0;0;47;3;67;277;79;19;80;23;15;30000;840;240;4;0
1593;1981;186;3;79;10;17;127;-3;4;2;0;0;47;0;71;272;79;24;79;21;20;31140;1440;960;3;0
1593;1980;186;3;80;14;14;104;0;3;3;1;0;50;2;76;321;80;21;56;27;23;31440;1320;660;2;0
1593;1979;186;3;77;9;15;102;-2;2;6;0;1;50;1;76;325;77;24;70;20;21;28440;960;300;0;0
1684;1985;289;12;44;3;9;50;11;0;0;0;0;61;1;37;2;1;42;14;6;37;37023;130;4172;6;0
1684;1984;289;12;80;6;11;50;-8;0;0;1;0;58;0;47;1;1;50;23;14;39;63274;32;5178;4;0
1684;1983;186;3;66;4;22;125;1;0;5;0;1;61;0;103;0;0;70;44;14;86;53340;2760;6300;4;2
1684;1982;255;10;18;2;1;16;5;0;0;0;1;60;0;18;1;0;32;4;3;8;15360;13;1576;2;0
1684;1982;186;3;21;3;12;36;-1;1;4;0;0;57;0;31;0;0;29;16;9;35;17160;780;1980;0;0
1684;1981;17;0;80;3;22;224;-20;0;0;0;0;54;0;78;0;0;79;24;27;129;73369;922;3376;18;5
1684;1979;17;0;80;7;21;168;-47;1;4;0;2;59;0;76;0;0;112;28;39;111;76571;5427;8793;18;6
1684;1980;17;0;80;0;21;233;-44;0;1;0;1;55;0;61;1;0;95;23;26;114;68859;1041;5399;20;8
1802;1986;156;5;45;3;6;77;5;0;1;0;0;44;0;19;0;0;8;49;6;40;26760;660;2280;1;0
1802;1985;156;5;46;3;4;75;-7;1;2;1;0;43;0;27;0;0;9;49;10;52;25980;480;2520;3;0
1802;1984;156;5;46;1;5;79;0;1;2;0;0;45;0;26;0;0;12;61;9;52;25260;240;2040;0;0
1802;1983;156;5;46;5;8;75;-6;1;2;0;0;46;1;34;0;0;15;60;10;40;26160;540;2400;1;0
1802;1982;156;5;45;2;4;56;1;0;2;0;0;46;1;37;1;0;28;47;3;43;25020;540;2580;0;0
1802;1981;156;5;46;2;10;56;-4;0;0;0;0;49;0;32;0;0;16;57;9;38;25860;480;2340;0;0
1802;1980;156;5;46;0;4;79;8;0;0;0;0;49;0;34;0;0;22;51;5;32;27360;540;2340;1;0
1802;1979;156;5;46;4;10;68;14;2;4;0;0;50;1;44;0;0;22;45;9;40;26580;420;2100;2;0
1850;1985;288;12;73;1;5;73;-11;0;0;0;0;53;0;35;227;104;66;6;2;13;30961;399;171;9;2
1850;1984;288;12;78;13;13;118;-16;1;3;0;0;54;1;103;27;13;120;26;12;18;59060;3046;111;7;0
1850;1983;186;3;67;31;43;134;7;11;10;0;2;60;0;143;115;0;87;28;21;31;50400;4020;3780;10;4
1850;1982;255;10;2;1;0;0;0;0;0;0;0;50;1;7;2;1;4;1;0;2;1437;0;0;0;0
1850;1982;186;3;50;25;39;81;-3;4;9;0;0;64;3;109;80;50;59;23;17;16;38400;3000;2760;1;1
1850;1981;222;9;38;8;7;42;-16;0;0;0;0;57;1;54;29;16;83;9;6;21;28887;2346;808;2;1
1850;1981;186;3;15;10;7;26;1;2;2;0;2;62;0;36;23;15;12;4;8;4;11040;900;780;1;1
1850;1979;214;9;56;14;14;36;-5;2;3;0;0;58;1;126;21;9;77;13;16;37;46722;3046;699;0;0
1918;1986;157;5;46;8;10;77;-8;2;3;0;0;51;0;53;41;0;31;29;11;18;18060;600;240;3;0
1918;1985;157;5;45;14;18;88;-3;2;1;1;0;52;2;51;44;0;27;29;17;25;16260;420;60;4;2
1918;1984;157;5;44;17;22;84;-15;1;4;0;0;54;2;59;43;0;36;19;22;21;16920;540;360;3;0
1918;1983;157;5;45;17;12;73;-6;3;2;0;0;54;0;70;54;0;44;23;17;18;17220;300;300;3;0
1918;1982;157;5;46;8;16;84;3;3;5;0;1;55;0;67;52;0;31;31;15;14;17580;780;240;4;1
1918;1981;157;5;46;16;19;66;9;2;1;1;2;54;3;73;60;0;28;19;14;18;15600;300;240;0;0
1918;1980;157;5;45;17;18;55;3;3;2;1;0;55;2;80;58;0;27;23;20;19;17700;720;300;1;0
1918;1979;157;5;45;19;20;77;3;3;6;0;0;59;2;88;66;0;33;24;14;24;17520;600;360;5;0
1919;1986;186;3;80;6;7;138;-5;3;2;0;0;45;0;60;46;0;47;94;9;14;27540;780;420;4;0
1919;1985;186;3;80;6;8;131;5;0;2;0;0;47;0;62;60;0;62;91;7;13;30960;1320;540;3;0
1919;1984;186;3;79;13;6;111;-8;3;0;0;0;48;0;82;64;0;50;71;14;19;29880;900;300;1;0
1919;1983;186;3;80;11;14;136;-1;1;4;0;0;48;1;77;64;0;67;77;19;20;30060;660;300;6;0
1919;1982;186;3;80;3;20;129;-5;2;5;0;2;49;0;79;62;0;59;61;18;20;31260;1200;600;3;0
1919;1981;186;3;80;17;16;113;-2;0;3;1;1;50;2;90;70;0;77;64;23;20;29940;1080;600;5;0
1919;1980;186;3;80;15;15;147;8;1;1;0;1;51;3;97;76;0;74;58;30;23;33900;1380;600;3;0
1919;1979;186;3;79;13;17;130;-3;2;4;0;0;52;1;93;71;0;84;57;18;33;29640;1080;780;0;0
1941;1986;186;3;77;0;5;119;1;0;0;0;0;44;0;30;0;0;14;57;11;37;44760;960;4260;1;0
1941;1985;186;3;80;2;7;149;0;0;2;0;0;45;1;32;0;0;19;67;8;34;45540;720;4320;1;0
1941;1984;186;3;79;2;9;125;-2;1;1;0;0;46;0;44;0;0;31;70;9;30;45900;840;4500;1;0
1941;1983;186;3;79;3;9;111;-5;0;2;0;0;46;1;55;0;0;26;76;7;53;43920;600;4080;1;0
1941;1982;186;3;80;5;14;112;2;2;0;0;1;47;0;61;0;0;36;72;12;40;43620;720;3960;2;0
1941;1981;186;3;79;3;11;128;-4;0;3;0;0;48;0;57;0;0;30;99;17;61;44040;960;4260;0;0
1941;1980;186;3;79;8;17;141;2;2;3;0;0;50;2;64;0;0;44;104;21;71;46140;480;4500;4;0
1941;1979;186;3;76;5;16;128;2;1;3;0;0;50;1;75;1;0;43;89;12;62;42840;720;3960;2;0
1942;1986;186;3;80;11;14;133;0;5;4;0;3;46;0;78;60;0;46;77;17;18;30780;1080;660;3;0
1942;1985;186;3;80;11;10;129;6;3;2;0;0;48;1;71;63;0;37;72;13;16;28500;780;420;1;0
1942;1984;186;3;79;13;22;143;6;2;3;0;2;49;3;70;58;0;41;68;9;18;29460;1260;600;3;0
1942;1983;186;3;79;15;13;136;-2;6;2;1;2;49;3;82;67;0;48;60;12;25;30060;1380;720;6;1
1942;1982;186;3;80;8;14;117;-7;3;4;0;0;50;1;84;72;0;59;58;13;31;32100;1020;300;3;0
1942;1981;186;3;80;14;25;134;4;3;8;0;0;53;2;103;77;0;59;53;25;22;28320;660;180;6;0
1942;1980;186;3;79;20;17;138;0;4;2;2;0;54;3;103;81;0;69;47;26;30;30480;1080;780;4;1
1942;1979;186;3;80;14;31;151;2;3;8;1;1;54;1;112;87;0;63;34;32;32;29100;960;120;9;2
1946;1986;155;5;46;5;9;74;3;2;1;1;0;42;0;26;107;0;16;73;7;12;17820;360;120;0;0
1946;1985;155;5;46;5;3;67;-1;0;0;0;0;43;0;25;110;0;14;66;8;9;16020;480;360;1;0
1946;1984;155;5;46;5;6;66;-1;0;3;1;0;44;0;34;124;0;15;58;5;13;16920;420;120;0;0
1946;1983;155;5;46;4;9;68;-17;0;5;0;0;46;0;32;128;0;12;52;8;6;17520;480;240;0;0
1946;1982;155;5;44;3;7;71;-6;0;3;0;0;47;0;32;134;0;16;49;8;9;17220;720;240;1;0
1946;1981;155;5;46;8;6;69;2;3;1;0;0;48;2;40;139;0;8;42;10;18;16560;420;120;1;0
1946;1980;155;5;46;9;5;85;6;0;0;1;0;46;0;48;154;0;14;36;9;10;17940;540;300;3;1
1946;1979;155;5;45;4;6;56;3;3;3;0;0;50;0;43;170;45;13;40;11;13;17040;720;420;2;0
1969;1986;186;3;79;3;18;133;5;1;5;0;1;49;1;68;0;0;50;57;18;66;46740;1020;4380;5;0
1969;1985;186;3;79;4;17;151;-4;0;5;0;2;52;0;66;1;1;40;42;16;58;44880;1020;4320;9;0
1969;1984;186;3;78;6;16;136;-10;0;3;0;0;53;1;74;0;0;58;53;14;52;42960;780;3780;4;1
1969;1983;186;3;79;5;20;158;3;2;5;0;0;53;1;82;1;0;55;39;10;60;45660;960;4200;7;0
1969;1982;186;3;80;7;21;119;4;0;4;0;1;55;2;87;0;0;68;46;11;77;45000;540;4200;5;1
1969;1981;186;3;80;15;29;157;-3;4;7;0;0;55;2;103;0;0;50;52;19;67;44760;720;4140;4;1
1969;1980;186;3;77;8;34;140;8;4;7;1;0;55;1;88;0;0;55;58;20;72;43860;840;4260;5;1
1969;1979;186;3;79;11;33;123;-6;2;7;0;0;57;2;106;0;0;61;47;25;79;44040;900;4320;3;0
2010;1986;157;5;46;6;5;72;-6;1;1;0;0;43;0;23;24;0;12;50;6;2;16920;540;300;2;0
2010;1985;157;5;46;8;2;71;-1;3;1;1;0;44;0;33;23;0;17;56;5;5;17220;420;60;1;0
2010;1984;157;5;45;7;12;66;2;0;4;0;2;45;0;38;31;0;27;42;5;7;15360;540;180;0;0
2010;1983;157;5;45;7;9;80;-14;1;3;0;0;45;2;41;28;0;38;51;9;9;18300;660;360;1;0
2010;1982;157;5;45;9;5;81;-2;4;1;0;0;47;1;45;32;0;26;45;6;9;17640;660;300;1;0
2010;1981;157;5;45;4;9;66;9;0;2;1;0;48;1;41;38;0;39;42;5;11;16740;720;420;0;0
2010;1980;157;5;46;11;13;67;1;2;3;1;0;49;1;54;39;0;31;40;11;14;16860;660;240;1;0
2010;1979;157;5;44;10;10;68;-4;2;3;0;0;49;0;54;34;0;33;31;6;17;14820;420;240;2;0
2013;1986;186;3;78;8;9;129;-3;2;2;0;0;43;1;50;154;0;12;103;16;8;26640;660;240;5;0
2013;1985;186;3;80;7;9;143;-4;1;2;0;0;44;2;47;187;0;14;89;6;16;30600;1200;540;3;0
2013;1984;186;3;80;11;14;128;0;5;2;0;1;44;4;56;211;22;29;91;6;18;28200;840;660;2;0
2013;1983;186;3;80;11;12;119;2;3;1;0;0;46;2;71;237;46;25;97;15;11;28740;840;300;3;0
2013;1982;186;3;80;12;6;122;9;3;0;0;0;47;0;73;242;80;19;87;16;20;27900;660;240;2;0
2013;1981;186;3;79;7;13;123;4;1;2;0;0;48;0;71;273;79;38;95;13;20;30840;1020;180;1;0
2013;1980;186;3;78;9;15;122;7;3;4;0;0;47;2;70;296;78;29;83;14;16;29280;720;360;2;0
2013;1979;186;3;79;7;12;130;0;3;2;0;0;50;0;77;297;79;31;56;23;22;28260;1020;360;2;0
2014;1986;186;3;80;3;8;148;3;1;1;0;0;43;1;38;0;0;26;108;9;26;44100;720;4200;2;0
2014;1985;186;3;79;2;8;123;-13;1;0;0;1;45;0;41;0;0;21;95;11;23;45660;960;4080;1;0
2014;1984;186;3;77;2;8;105;-1;1;1;1;0;45;0;42;0;0;38;83;17;22;45600;720;4440;1;0
2014;1983;186;3;79;3;7;115;2;1;2;0;0;46;0;50;0;0;38;72;4;26;44700;780;4260;1;0
2014;1982;186;3;79;2;11;127;5;1;0;0;0;47;0;62;0;0;33;70;13;28;46920;1200;4740;1;0
2014;1981;186;3;80;8;19;132;-1;2;3;1;0;49;0;68;0;0;39;78;11;57;46500;840;4680;2;0
2014;1980;186;3;80;6;14;126;4;3;5;0;0;48;1;73;0;0;50;86;13;53;46980;1140;4560;2;0
2014;1979;186;3;78;6;16;105;-5;1;5;2;2;49;1;66;1;0;52;74;16;69;46080;840;4320;1;0
2053;1986;186;3;79;11;18;148;-6;4;5;0;0;51;1;78;62;0;79;70;15;18;26820;660;360;6;0
2053;1985;186;3;80;16;8;143;2;0;0;1;1;50;1;92;68;0;81;70;18;19;31200;1140;360;6;0
2053;1984;186;3;80;15;22;151;-15;4;6;0;1;51;4;90;77;0;91;62;13;20;31440;1200;480;4;1
2053;1983;186;3;80;15;24;177;6;2;10;2;0;52;3;105;76;0;92;60;21;20;28620;1080;540;11;4
2053;1982;186;3;80;24;27;123;9;4;9;1;1;54;8;109;83;0;73;53;23;22;29580;1020;540;5;0
2053;1981;186;3;80;31;27;157;-1;9;3;1;1;53;3;117;87;0;91;44;17;30;29880;1200;480;5;1
2053;1980;186;3;80;22;27;165;4;4;8;1;1;55;5;123;88;0;108;46;25;23;29580;840;300;10;3
2053;1979;186;3;79;17;27;150;-9;3;5;0;2;56;2;111;90;0;92;37;19;24;30840;1140;360;5;2
2156;1986;186;3;79;4;7;124;-12;1;1;0;0;45;1;55;52;0;65;105;15;26;26160;540;300;4;0
2156;1985;186;3;79;7;11;131;-2;1;2;0;0;47;0;62;48;0;70;102;6;17;27660;840;360;2;0
2156;1984;186;3;77;6;5;128;-1;0;0;0;1;47;1;66;58;0;72;91;14;24;29580;1020;540;4;0
2156;1983;186;3;79;9;13;126;-5;3;3;0;0;48;2;78;64;0;70;85;24;24;29580;1080;420;4;1
2156;1982;186;3;80;9;12;120;3;2;1;0;0;51;4;78;69;0;85;69;17;35;29820;900;180;3;0
2156;1981;186;3;79;14;9;138;1;2;1;0;0;50;3;79;64;0;53;66;28;31;29640;1080;600;4;0
2156;1980;186;3;80;8;14;127;12;1;6;1;0;51;0;82;72;0;73;78;27;31;30360;1320;780;5;0
2156;1979;186;3;80;6;20;127;-1;1;4;0;1;53;1;100;81;0;74;51;21;33;28740;1200;360;5;0
2173;1986;157;5;46;5;4;72;-4;1;1;0;1;44;0;30;113;0;14;29;6;7;16680;480;120;4;1
2173;1985;157;5;46;5;9;73;8;0;0;0;0;45;1;37;127;0;11;35;10;7;17640;420;240;1;0
2173;1984;157;5;46;5;9;68;5;0;1;1;0;46;0;40;125;0;13;30;11;14;18480;720;180;0;0
2173;1983;157;5;46;7;6;71;0;1;0;0;0;46;0;43;156;0;17;41;14;10;16800;540;240;1;0
2173;1982;157;5;46;7;8;73;-3;2;1;0;0;47;0;43;155;19;18;41;7;16;14640;240;180;1;0
2173;1981;157;5;44;8;6;63;3;2;2;0;0;48;0;40;162;44;14;22;12;8;15240;480;180;1;0
2173;1980;157;5;45;11;8;69;-2;5;2;1;0;50;1;46;191;45;13;30;12;12;16140;540;300;1;0
2173;1979;157;5;45;12;17;76;2;1;6;0;1;51;2;52;176;45;10;32;13;21;16200;540;240;0;0
2180;1986;186;3;80;5;4;108;-4;2;3;0;0;44;0;53;47;0;17;135;8;12;29340;960;480;0;0
2180;1985;186;3;80;7;10;144;5;2;2;0;0;45;1;55;50;0;28;121;20;11;27600;720;300;4;1
2180;1984;186;3;78;6;7;147;10;2;1;0;0;45;1;60;53;0;41;114;12;10;27600;600;180;7;0
2180;1983;186;3;80;16;11;127;2;2;7;0;0;46;3;84;65;0;40;103;24;19;31680;1560;540;3;1
2180;1982;186;3;78;11;12;134;7;4;3;0;2;47;1;76;58;0;54;69;20;18;28440;660;360;0;0
2180;1979;186;3;79;16;13;127;0;2;4;2;2;51;0;95;66;0;46;60;18;25;30300;1380;600;3;0
2180;1980;186;3;80;11;16;116;11;1;5;0;3;50;2;88;68;0;45;60;20;24;29700;900;360;2;0
2180;1981;186;3;76;15;19;116;-7;5;7;0;1;48;2;73;65;0;40;79;17;21;27660;540;240;4;0
2216;1986;157;5;46;3;3;85;-10;1;2;0;0;45;0;26;92;0;9;64;15;6;17760;600;180;1;0
2216;1985;157;5;46;3;8;58;0;0;2;0;1;45;0;25;122;0;7;59;10;4;18840;600;420;0;0
2216;1984;157;5;45;6;6;63;-3;2;0;0;1;45;0;36;109;0;6;52;11;9;16140;600;420;1;0
2216;1983;157;5;45;5;6;89;-1;3;3;0;0;46;0;41;136;0;11;63;13;13;15360;540;240;0;0
2216;1982;157;5;46;9;6;78;-9;2;0;1;0;47;1;42;139;46;9;53;7;12;18120;720;480;2;0
2216;1981;157;5;46;9;5;69;7;0;1;0;0;48;0;49;176;46;15;42;8;16;18000;660;240;3;0
2216;1980;157;5;45;12;7;70;-4;4;1;0;0;49;1;51;164;45;13;39;12;10;16320;420;60;0;0
2216;1979;157;5;46;10;9;66;3;3;1;0;0;50;2;47;174;46;13;38;8;9;17760;420;60;0;0
2228;1986;158;5;45;2;2;72;-5;1;0;0;0;45;0;26;0;0;41;40;1;25;27420;600;2760;2;0
2228;1985;158;5;45;0;4;71;1;0;1;0;0;46;0;25;0;0;47;41;1;22;25020;480;2220;1;0
2228;1984;158;5;44;4;5;59;-5;0;1;0;0;45;0;27;1;0;42;35;8;30;24300;540;2340;1;0
2228;1983;158;5;46;1;6;94;-6;0;1;1;1;46;0;34;1;1;41;30;8;38;24300;420;2400;4;1
2228;1982;158;5;46;1;8;72;-7;0;0;0;1;49;0;37;0;0;27;28;4;44;27060;480;2580;0;0
2228;1981;158;5;45;4;8;88;1;1;0;0;0;49;1;41;0;0;41;24;5;59;27120;780;2820;4;1
2228;1980;158;5;46;4;8;56;5;0;3;1;0;51;0;44;0;0;31;29;10;57;26100;540;2400;0;0
2228;1979;158;5;46;6;11;70;2;1;3;0;0;51;2;51;1;0;48;35;7;69;26520;660;2340;0;0
2230;1986;155;5;46;3;4;103;3;0;1;0;0;43;0;29;19;0;13;62;4;4;18840;780;480;5;0
2230;1985;155;5;46;0;7;78;-2;0;1;0;0;44;0;24;22;0;19;50;2;6;16140;720;300;0;0
2230;1984;155;5;46;5;5;75;-6;3;2;0;0;44;0;29;30;0;21;51;5;9;15840;540;240;2;0
2230;1983;155;5;44;10;8;60;-5;2;2;1;1;45;0;38;36;0;24;37;10;13;16500;300;120;0;0
2230;1982;155;5;44;7;10;71;-12;0;0;0;0;48;2;45;32;0;21;35;4;5;16080;420;120;2;0
2230;1981;155;5;46;8;10;62;12;4;2;0;0;48;1;42;32;0;32;29;13;14;15300;360;240;0;0
2230;1980;155;5;45;5;10;73;-6;1;1;1;0;49;0;37;33;0;18;37;10;13;17700;660;60;3;0
2230;1979;155;5;46;7;14;72;4;1;2;0;1;51;0;49;41;0;35;31;11;10;18720;1080;600;0;0
2262;1985;283;12;51;3;8;40;1;0;0;0;0;52;1;40;121;54;22;7;5;10;24609;98;1806;0;0
2262;1984;283;12;80;12;26;27;13;0;2;0;2;55;1;96;61;26;76;17;13;22;55707;1297;4807;1;0
2262;1983;186;3;68;14;40;116;0;4;4;0;1;62;1;91;107;68;88;17;21;34;52620;4080;3720;5;1
2262;1982;216;9;13;0;5;2;-3;0;0;0;0;51;0;9;5;2;11;1;3;5;5886;130;576;0;0
2262;1982;186;3;16;4;8;27;-1;0;2;0;0;65;0;26;25;16;23;7;4;14;11880;960;900;1;0
2262;1979;224;9;64;16;26;8;-7;4;6;0;0;61;1;95;39;13;63;13;16;31;44482;6116;2825;0;0
2262;1980;224;9;51;2;14;22;6;0;3;0;0;57;0;42;19;10;25;10;9;7;20242;4859;1314;0;0
2262;1981;224;9;59;15;23;42;14;3;6;1;0;58;3;80;33;11;36;7;8;17;35563;5223;1517;0;0
2308;1986;186;3;80;2;4;112;-2;0;1;0;0;43;0;34;168;0;24;93;9;14;29940;960;120;2;0
2308;1985;186;3;80;2;6;134;4;0;0;0;1;43;1;43;193;0;24;106;13;18;28680;720;420;2;0
2308;1984;186;3;79;5;6;128;-9;0;2;0;0;44;0;55;201;0;29;92;17;27;28440;780;120;0;0
2308;1983;186;3;79;5;8;131;-4;1;1;0;0;46;0;57;225;0;26;82;24;29;29400;780;300;1;0
2308;1982;186;3;80;4;10;131;2;1;2;0;0;46;0;65;252;0;24;88;21;33;31860;1320;480;3;0
2308;1981;186;3;79;3;6;104;-5;1;2;0;0;47;0;57;234;33;26;74;24;31;30720;660;120;2;0
2308;1980;186;3;77;9;23;120;3;3;1;0;0;49;2;70;258;77;28;67;23;32;28920;960;360;4;0
2308;1979;186;3;80;7;12;148;7;0;5;0;0;50;0;76;301;80;31;70;20;31;29820;1080;480;3;0
2409;1986;155;5;46;15;17;64;-1;3;4;1;1;54;1;68;45;0;17;28;12;13;16860;420;240;0;0
2409;1985;155;5;45;16;17;74;10;4;3;0;0;52;1;72;52;0;9;17;14;13;16080;600;180;0;0
2409;1984;155;5;45;18;22;62;-2;4;5;0;1;55;0;79;51;0;18;22;15;16;16380;600;240;0;0
2409;1983;155;5;46;24;22;64;-4;7;8;0;0;58;4;86;55;0;24;27;19;11;17280;600;240;0;0
2409;1982;155;5;46;25;21;62;4;8;6;1;1;57;1;97;55;0;17;19;23;17;16140;360;240;0;0
2409;1981;155;5;46;25;18;55;11;6;4;0;0;59;3;94;55;0;22;18;27;10;17820;540;120;1;0
2409;1979;155;5;46;26;31;56;10;5;6;0;2;63;7;117;64;0;21;23;23;20;25740;1380;1080;0;0
2409;1980;155;5;46;21;31;58;3;4;8;0;1;58;2;99;72;0;31;24;23;14;15360;660;300;0;0
2426;1986;166;5;46;12;18;70;8;1;2;1;0;51;2;55;53;0;40;29;11;11;17160;780;180;0;0
2426;1985;166;5;46;18;20;57;3;4;3;0;0;55;0;58;55;0;46;33;14;20;18480;600;420;1;0
2426;1984;166;5;45;14;18;61;-8;3;4;2;1;55;5;60;45;0;56;27;9;17;17760;420;180;1;0
2426;1983;166;5;45;15;16;59;1;3;4;0;0;56;0;65;49;0;42;35;21;12;16980;600;300;1;1
2426;1982;166;5;45;20;22;61;1;4;3;0;0;55;2;78;54;0;47;36;10;19;15960;480;120;1;0
2426;1981;166;5;45;19;30;52;0;5;9;1;1;57;4;80;55;0;37;30;23;14;15840;540;300;0;0
2426;1980;166;5;46;15;21;68;0;5;3;0;0;57;3;73;63;0;50;26;20;16;15480;420;240;0;0
2426;1979;166;5;44;27;18;61;-2;5;2;0;1;59;5;83;64;0;36;13;21;19;16800;360;300;1;0
2443;1986;186;3;80;13;18;143;-3;2;3;1;1;49;2;83;306;80;52;74;20;27;30660;1200;480;3;1
2443;1985;186;3;80;17;17;148;-8;5;6;1;0;51;2;93;328;80;52;79;21;30;31200;1260;540;10;1
2443;1984;186;3;80;17;16;137;-5;2;3;2;0;53;2;86;365;80;69;72;21;33;31440;1500;660;3;0
2443;1983;186;3;79;19;15;132;3;5;5;1;0;53;4;98;368;158;69;58;18;31;27900;900;540;2;0
2443;1982;186;3;80;18;24;115;8;8;5;0;0;55;1;107;375;160;71;59;18;36;30720;1080;420;1;0
2443;1981;186;3;79;19;31;144;11;8;6;0;1;55;3;115;422;158;68;57;18;29;31380;840;360;4;0
2443;1980;186;3;79;24;33;135;5;7;3;0;1;55;1;115;405;158;79;65;23;28;29940;1140;480;3;0
2443;1979;186;3;80;31;38;125;5;8;12;0;0;57;5;140;469;160;82;43;33;26;29460;1020;420;3;0
2467;1985;300;12;62;5;15;18;24;0;0;1;0;57;0;84;0;0;38;23;15;52;55270;1000;8150;0;0
2467;1984;300;12;80;8;22;20;8;0;0;0;2;60;3;117;0;0;34;27;20;123;78617;798;10368;0;0
2467;1979;16;0;80;5;38;76;5;1;3;1;5;63;0;125;0;0;82;21;72;142;90797;5069;11429;6;0
2467;1980;16;0;80;7;18;88;-15;0;0;2;3;60;1;125;0;0;83;18;50;163;82800;1428;14880;4;0
2467;1981;16;0;46;3;13;53;-35;1;2;0;0;56;0;61;0;0;48;11;22;69;45127;3862;3094;3;0
2467;1982;250;10;74;9;19;24;14;0;3;1;1;72;2;87;5;0;59;15;13;130;73421;1339;12948;0;0
2467;1982;16;0;4;0;0;4;4;0;0;0;0;61;0;2;0;0;5;1;3;4;3826;162;296;0;0
2533;1979;18;0;80;5;44;48;76;2;1;1;1;65;1;129;0;0;97;22;40;106;85114;4860;12953;2;1
2533;1980;18;0;80;6;54;59;63;2;4;1;5;64;1;111;0;0;81;18;37;109;80465;5550;11464;3;0
2533;1981;18;0;80;6;43;44;61;0;3;1;6;63;1;118;0;0;85;14;47;92;82178;880;5213;3;0
2533;1982;18;0;80;8;38;27;31;1;2;0;5;62;1;109;0;0;87;9;33;89;81248;867;6482;1;1
2533;1983;18;0;80;3;44;41;38;0;1;1;3;63;0;99;0;0;99;12;27;122;87129;1690;8546;1;0
2533;1984;18;0;80;6;19;38;5;1;0;0;1;59;0;80;0;0;93;13;28;110;74925;848;5088;0;0
2533;1985;18;0;23;1;13;14;16;0;1;0;1;60;0;23;0;0;26;4;8;18;21519;484;1528;0;0
2581;1986;178;5;44;0;4;63;4;0;2;0;0;46;0;31;0;0;31;37;10;36;25680;480;2520;1;0
2581;1985;178;5;44;3;6;79;1;1;0;0;0;49;0;39;0;0;26;44;9;53;24120;480;2400;3;1
2581;1984;178;5;44;4;13;90;3;0;1;1;2;50;0;44;0;0;24;31;10;51;24540;180;2400;4;1
2581;1983;178;5;46;1;14;68;0;1;2;0;1;50;0;42;0;0;33;35;14;67;25500;480;2520;2;0
2581;1982;178;5;44;7;9;77;4;1;3;0;0;55;1;46;0;0;22;42;11;80;25020;480;2160;1;0
2581;1981;178;5;45;3;13;90;5;0;3;0;1;54;0;50;0;0;35;32;15;68;25620;780;2820;4;0
2581;1980;178;5;46;2;23;68;-2;1;5;0;1;52;1;43;0;0;42;39;13;65;26940;660;2520;0;0
2581;1979;178;5;46;4;6;71;-5;0;2;1;0;56;0;49;1;1;46;44;13;74;27360;660;2940;3;0
2615;1986;186;3;80;5;18;154;-1;2;1;1;0;51;1;71;1;0;66;69;14;76;45300;720;4560;4;0
2615;1985;186;3;80;6;16;147;7;1;4;0;0;52;0;75;1;0;76;58;17;63;44640;900;4620;5;0
2615;1984;186;3;79;9;16;135;4;2;5;0;0;53;0;83;0;0;72;62;23;62;45180;540;4680;5;2
2615;1983;186;3;77;5;17;127;-2;1;5;0;0;55;0;79;0;0;67;62;17;81;44160;960;4320;4;0
2615;1982;186;3;80;7;22;140;0;3;5;1;0;56;0;90;0;0;75;59;20;85;45060;960;4500;6;3
2615;1981;186;3;78;6;33;136;1;1;10;0;0;57;1;93;0;0;89;43;25;98;43920;720;4140;6;0
2615;1980;186;3;79;6;25;160;2;1;7;0;3;57;1;107;0;0;88;56;20;137;41700;360;3660;8;0
2615;1979;186;3;79;6;19;130;-6;0;5;0;0;58;0;102;0;0;83;56;28;128;43620;720;3960;4;0
2651;1979;278;0;80;23;14;78;-5;1;0;4;1;65;1;144;472;249;120;64;54;45;77813;1637;9413;4;0
2651;1980;278;0;80;16;18;70;-24;2;1;1;2;64;1;130;932;490;93;73;47;23;73750;4926;5062;2;0
2651;1981;278;0;80;18;38;32;-11;3;5;1;4;64;2;135;817;411;71;54;51;21;64013;4940;4137;0;0
2651;1982;278;0;80;33;21;34;16;2;3;1;4;62;7;118;723;345;41;37;29;21;58877;3885;3471;2;0
2671;1986;305;12;16;2;1;24;-1;0;0;0;0;61;0;21;0;0;9;4;10;17;15024;147;2615;0;0
2671;1985;295;12;18;0;1;6;3;0;0;0;0;66;0;18;0;0;12;4;10;31;15729;84;2426;0;0
2671;1985;289;12;46;4;11;42;17;0;0;0;0;67;1;54;0;0;39;10;17;72;40396;598;4233;0;0
2671;1984;289;12;80;2;15;22;-29;0;0;1;0;66;0;54;1;0;68;25;43;130;72898;220;8297;0;0
2671;1983;241;10;66;5;16;16;23;0;0;1;0;65;0;54;0;0;43;11;31;133;58809;661;8639;0;0
2671;1982;253;10;24;0;3;12;11;0;0;0;0;68;0;31;0;0;19;3;10;46;23330;293;2778;0;0
2671;1979;16;0;29;1;11;14;4;0;0;0;0;61;0;39;0;0;27;8;12;61;28987;819;1693;0;0
2671;1980;16;0;80;4;16;83;-15;0;0;0;0;59;1;80;0;0;86;13;33;129;71627;1172;5072;5;0
2671;1981;16;0;80;7;29;142;-20;1;5;1;0;60;0;97;0;0;80;29;39;170;80741;6709;13096;10;1
2689;1986;157;5;46;4;7;70;-3;1;3;0;0;53;0;47;0;0;30;40;11;65;24660;360;2220;2;0
2689;1985;157;5;46;8;12;65;5;2;2;0;0;52;0;51;0;0;42;35;17;63;25860;600;2580;3;0
2689;1984;157;5;46;2;16;80;4;1;3;0;0;56;0;49;0;0;35;30;11;75;25200;420;2220;4;0
2689;1983;157;5;44;3;12;60;-12;1;2;0;1;55;1;51;0;0;41;43;13;77;24900;480;2640;0;0
2689;1982;157;5;46;2;8;75;-3;1;0;0;0;53;0;54;0;0;51;34;11;84;25920;420;2520;3;0
2689;1981;157;5;46;4;15;72;-2;1;2;0;1;55;0;59;0;0;49;28;11;75;26160;600;2460;2;2
2689;1980;157;5;46;6;14;87;5;1;2;1;0;56;1;58;1;1;58;34;14;73;27900;720;2580;2;0
2689;1979;157;5;46;2;25;85;3;1;5;0;1;59;0;60;0;0;50;34;15;72;26100;360;2520;3;0
2741;1985;288;12;58;4;21;37;7;0;0;0;0;66;2;70;0;0;34;9;23;91;51157;443;6972;1;0
2741;1984;288;12;70;9;20;22;-4;2;6;1;0;69;2;111;0;0;68;20;25;95;69757;6088;6406;0;0
2741;1983;253;10;66;11;18;42;5;1;1;0;0;62;1;122;0;0;50;17;29;85;63157;2959;8418;0;0
2741;1982;222;9;76;8;23;40;-36;2;4;0;2;63;0;113;0;0;89;24;23;90;75091;12200;5071;0;0
2741;1981;233;9;64;4;17;36;-2;1;2;0;0;64;2;109;0;0;74;17;21;82;58317;4918;7041;0;0
2741;1980;253;10;64;7;21;8;-5;1;2;1;1;68;4;127;0;0;54;17;36;91;64194;7477;5842;0;0
2741;1979;253;10;74;11;22;36;-12;2;4;0;0;64;1;138;1;0;99;21;28;102;74830;9943;4921;0;0
2775;1979;8;0;80;22;29;49;32;0;0;0;2;66;2;151;95;44;99;59;17;29;63219;257;4199;1;0
2775;1980;8;0;80;14;20;44;18;0;0;0;0;56;2;94;64;39;72;27;24;22;42790;403;3725;2;0
2775;1981;8;0;80;18;28;70;10;0;0;0;1;56;1;109;11;3;95;47;28;47;60093;56;3274;4;2
2775;1982;8;0;70;8;15;40;-18;0;0;0;1;54;0;77;11;5;82;32;14;13;49362;548;1804;2;1
2775;1983;8;0;80;10;28;74;-7;1;0;1;0;54;0;82;5;2;71;34;21;13;55122;21;2980;8;2
2775;1984;8;0;80;8;28;113;-32;3;5;0;0;56;1;50;134;48;80;46;23;34;56594;3388;4355;11;3
2775;1985;8;0;37;1;6;30;-8;0;0;0;0;54;0;23;4;0;15;16;6;7;19233;31;164;1;1
2775;1986;8;0;5;1;1;4;2;0;0;0;0;60;0;5;6;1;3;4;3;1;2546;0;356;0;0
2849;1986;177;5;44;0;2;83;3;0;0;0;0;43;0;17;0;0;5;52;6;35;25020;360;2520;3;0
2849;1985;177;5;46;0;5;74;5;0;3;0;0;43;0;17;0;0;6;51;4;20;26400;660;2340;0;0
2849;1984;177;5;46;1;8;76;-18;0;1;0;0;43;0;15;0;0;10;62;5;18;24660;360;2220;2;0
2849;1983;177;5;46;0;5;80;-12;0;1;0;0;43;0;17;0;0;6;66;6;20;25920;360;2760;2;0
2849;1982;177;5;45;0;5;68;-4;0;1;0;0;44;0;18;0;0;10;51;5;29;26700;660;2520;0;0
2849;1981;177;5;46;1;7;87;-2;1;3;0;0;46;1;18;1;1;10;70;6;24;25140;360;2280;1;0
2849;1980;177;5;46;0;8;76;-1;0;1;0;0;47;0;31;1;1;22;51;9;23;26760;420;2520;4;0
2849;1979;177;5;46;3;5;82;10;1;2;1;1;46;0;34;0;0;20;52;6;39;27360;540;2400;1;0
2856;1986;186;3;80;1;4;116;4;1;0;0;0;43;0;31;0;0;65;80;7;80;45120;600;4140;2;0
2856;1985;186;3;80;1;6;144;-5;0;2;0;0;44;0;39;0;0;54;79;13;64;47040;1080;4800;7;1
2856;1984;186;3;79;1;10;146;-1;0;3;0;0;45;0;51;0;0;62;90;8;43;44160;780;4440;6;1
2856;1983;186;3;80;3;13;129;-9;0;2;0;0;46;1;56;0;0;69;77;10;79;44760;900;3900;3;0
2856;1982;186;3;79;2;17;119;-1;1;4;0;1;46;0;56;0;0;71;84;17;76;45840;720;4560;3;1
2856;1981;186;3;80;4;15;142;4;0;1;0;0;48;0;63;1;1;70;73;14;85;46260;600;4320;1;0
2856;1980;186;3;80;4;23;131;12;1;3;0;1;49;1;68;0;0;82;75;10;117;46440;840;4560;5;0
2856;1979;186;3;80;6;13;120;-4;2;3;0;0;50;1;65;0;0;85;63;20;89;46080;840;4500;4;0
2858;1986;186;3;78;2;11;118;6;0;3;0;2;47;0;60;0;0;38;51;14;59;42540;480;4020;4;0
2858;1985;186;3;79;2;10;121;-1;0;2;0;1;48;0;57;0;0;37;58;19;69;43620;780;4140;5;1
2858;1984;186;3;80;7;11;145;-3;0;1;0;0;50;1;73;0;0;56;49;18;82;46560;840;4440;3;1
2858;1983;186;3;79;2;13;151;-3;1;0;0;0;50;0;65;0;0;67;54;28;99;45480;1020;4440;3;0
2858;1982;186;3;80;5;12;130;-5;0;1;0;0;52;1;69;0;0;45;65;24;102;45720;780;4440;6;0
2858;1981;186;3;80;5;22;137;1;1;5;0;2;52;2;84;0;0;73;62;19;106;45060;660;4260;5;2
2858;1980;186;3;78;6;20;148;7;0;2;0;1;54;1;91;0;0;68;57;19;127;44940;840;4140;8;0
2858;1979;186;3;80;9;17;159;-2;4;1;0;1;54;2;87;1;0;83;62;18;120;46740;1140;4440;9;1
2938;1986;163;5;45;1;7;62;-2;0;1;0;0;44;1;30;0;0;31;37;4;28;24960;420;2220;2;0
2938;1985;163;5;46;2;3;98;0;1;1;0;1;47;0;34;0;0;36;40;7;30;24900;180;2160;3;0
2938;1984;163;5;46;0;2;76;-1;0;0;0;1;46;0;31;0;0;36;38;4;37;24180;180;2220;2;0
2938;1983;163;5;46;4;8;84;6;2;2;0;0;49;1;43;0;0;41;39;5;45;26040;600;2460;2;0
2938;1982;163;5;46;3;10;69;-2;0;3;0;0;50;1;39;0;0;46;37;9;53;26460;720;2580;1;0
2938;1981;163;5;46;4;12;78;2;0;1;0;1;51;0;39;0;0;30;28;14;51;26520;480;2340;2;1
2938;1980;163;5;46;6;8;84;0;2;3;0;0;51;0;46;0;0;36;34;7;52;24420;420;2160;3;0
2938;1979;163;5;45;8;9;80;1;1;4;0;0;54;0;56;0;0;30;31;13;63;25620;540;2640;4;1
3051;1986;163;5;46;4;2;83;1;1;1;0;0;44;0;26;101;0;15;43;6;10;18120;840;480;3;0
3051;1985;163;5;45;5;7;93;-2;1;0;0;0;44;0;29;107;0;17;45;5;8;15480;600;240;3;1
3051;1984;163;5;46;8;5;90;-1;1;0;0;0;45;0;40;116;0;9;39;7;5;17160;600;240;2;0
3051;1983;163;5;46;6;6;71;1;1;0;0;1;46;1;35;128;46;16;51;15;6;17760;420;180;1;0
3051;1982;163;5;46;9;6;75;-2;2;4;0;0;48;1;37;117;46;19;43;9;6;17460;360;180;1;0
3051;1981;163;5;46;5;8;71;6;1;1;0;2;47;0;43;181;46;16;41;9;11;18480;840;360;3;0
3051;1980;163;5;46;10;11;63;-2;3;2;0;0;49;1;49;172;46;13;31;10;12;16320;240;60;1;0
3051;1979;163;5;46;8;10;82;-4;1;2;2;0;49;0;44;180;46;21;32;9;13;16680;600;240;2;0
3075;1986;163;5;46;3;5;60;-2;0;2;0;0;46;2;34;32;0;19;49;8;6;17340;660;360;0;0
3075;1985;163;5;45;6;7;69;0;2;2;0;0;47;1;36;25;0;19;54;9;10;16680;540;120;1;0
3075;1984;163;5;46;7;2;75;-2;0;0;0;0;47;0;41;30;0;21;42;7;5;15240;600;300;1;0
3075;1983;163;5;44;5;11;65;-5;1;2;0;1;50;0;41;33;0;19;31;11;7;15540;360;60;1;0
3075;1982;163;5;46;7;10;72;-8;2;0;1;0;49;1;46;40;0;31;36;13;14;18540;360;240;2;0
3075;1981;163;5;46;16;10;70;1;3;1;0;0;49;1;58;38;0;30;39;14;18;17400;480;300;2;1
3075;1980;163;5;46;8;12;81;1;1;1;0;0;52;0;54;42;0;37;24;11;16;15660;420;60;1;0
3075;1979;163;5;46;13;7;81;2;3;2;1;0;53;0;66;44;0;30;21;11;16;17460;480;120;1;0
3127;1986;294;12;58;4;6;34;-11;0;1;0;0;56;0;43;459;246;43;15;10;30;30608;631;7414;0;0
3127;1985;294;12;42;4;8;51;-4;0;1;0;2;59;0;36;525;277;55;14;13;36;26878;1158;8697;1;0
3127;1984;284;12;13;0;2;6;-5;0;0;0;0;53;0;5;70;30;26;1;0;4;6556;90;1387;0;0
3127;1984;285;12;57;7;12;45;-9;1;0;0;0;60;0;75;679;342;68;28;18;47;43521;1838;8827;0;0
3127;1983;186;3;67;23;24;116;0;6;4;1;0;61;5;138;490;245;80;35;29;62;49980;4020;3600;6;2
3127;1981;237;9;70;11;14;36;5;0;0;1;1;60;1;81;748;390;76;22;19;39;45802;710;10133;0;0
3127;1979;8;0;4;0;1;2;1;0;0;0;0;62;0;6;42;21;2;1;5;0;3611;0;0;0;0
3127;1980;237;9;56;17;9;51;17;1;1;3;3;59;1;65;588;304;89;12;13;38;38365;876;8986;1;1
3165;1986;186;3;78;1;6;102;-12;1;0;0;0;48;0;55;0;0;59;106;8;46;43080;540;4080;2;1
3165;1985;186;3;77;1;15;136;-4;0;2;0;1;46;1;52;0;0;66;91;11;32;44880;1020;4260;5;0
3165;1984;186;3;80;2;14;126;-2;1;0;0;1;48;0;68;0;0;69;94;12;42;45480;900;4260;4;0
3165;1983;186;3;76;2;17;113;0;0;3;0;0;50;0;62;0;0;78;76;11;53;43740;1080;4320;3;1
3165;1982;186;3;80;3;18;132;-7;0;7;0;1;51;0;77;0;0;69;77;21;53;45360;1020;4500;8;0
3165;1981;186;3;80;5;33;140;8;1;5;0;1;53;1;74;0;0;68;71;19;61;46740;900;4380;6;0
3165;1980;186;3;80;6;21;142;7;0;4;1;1;53;1;86;0;0;73;62;10;56;44820;900;4320;4;0
3165;1979;186;3;80;1;18;145;-3;0;6;0;1;55;0;80;1;0;67;61;21;81;44580;600;3840;7;1
3247;1986;236;9;18;3;9;2;-1;2;4;0;0;62;0;45;252;122;7;16;4;7;13518;3959;23;0;0
3247;1985;236;9;22;4;14;8;0;0;11;0;0;68;0;62;413;214;16;9;5;7;18306;5733;33;0;0
3247;1980;236;9;67;45;26;36;9;12;8;0;0;67;6;210;1083;529;50;18;9;39;61581;7200;1274;0;0
3247;1981;25;0;80;51;32;49;16;17;12;0;0;67;8;217;995;454;54;58;33;38;66064;14274;697;1;0
3247;1982;25;0;66;35;30;44;-24;9;16;0;0;66;3;162;421;183;67;50;22;22;50437;16264;108;2;0
3247;1983;25;0;80;24;44;32;2;0;2;0;0;67;1;137;364;148;63;58;34;35;68233;3387;193;0;0
3247;1984;25;0;50;7;9;10;-35;0;1;0;0;62;0;80;17;6;32;21;5;19;44189;843;0;0;0
3247;1984;15;0;19;6;4;10;8;1;1;0;0;63;2;33;206;84;9;21;9;9;9483;1021;4423;0;0
3338;1985;301;12;62;2;9;17;-5;0;1;0;0;52;0;48;384;181;12;10;2;27;28702;895;1939;1;1
3338;1984;301;12;80;8;19;24;-15;0;3;0;1;53;2;62;231;91;41;18;6;27;48770;2062;6834;0;0
3338;1983;186;3;67;20;32;109;-5;2;6;2;0;63;3;132;103;0;83;33;32;28;51780;4020;3720;3;2
3338;1982;238;10;58;9;19;28;-16;2;1;1;2;53;0;95;130;65;55;17;14;30;53163;2420;6915;0;0
3338;1982;186;3;5;1;2;11;-2;0;0;0;0;69;0;11;9;0;6;2;1;3;3240;300;240;1;1
3338;1981;216;9;19;3;5;6;6;0;0;0;1;54;1;18;15;7;12;1;3;7;9792;305;858;0;0
3338;1979;222;9;77;17;34;52;20;4;0;0;1;63;3;161;103;41;94;30;24;62;71111;4133;4540;0;0
3338;1980;226;9;74;11;14;60;-6;1;1;0;0;55;2;68;279;115;85;24;16;38;42021;2611;11564;0;0
49;1985;300;12;53;8;33;24;8;6;18;0;0;61;3;95;808;377;25;14;5;14;30736;15085;37;0;0
49;1984;300;12;80;7;25;38;-16;3;5;0;0;57;1;88;936;467;30;21;6;10;55693;10973;277;0;0
49;1983;160;5;39;19;28;69;9;3;5;0;2;64;1;63;276;156;34;13;23;16;29940;2340;2100;1;0
49;1982;223;9;65;14;30;38;-12;2;11;0;0;63;2;101;700;344;17;13;10;39;42481;11378;1346;0;0
49;1979;223;9;71;16;27;56;9;2;5;0;0;64;2;114;883;433;47;15;23;75;57727;4945;6061;0;0
49;1980;223;9;63;24;22;26;-6;4;6;0;0;66;4;111;912;454;49;17;18;64;53731;7864;3745;0;0
49;1981;223;9;65;10;28;62;-27;3;7;0;0;64;1;111;788;365;41;13;17;54;48712;10454;1021;0;0
80;1985;305;12;78;7;20;52;0;0;0;0;1;58;1;74;850;442;69;19;16;25;52516;332;7177;0;0
80;1984;305;12;80;9;16;26;-34;0;0;2;0;58;0;93;274;138;69;22;28;38;55282;338;8223;0;0
80;1980;254;10;69;18;23;30;-1;0;2;1;1;63;2;125;212;105;97;23;32;35;61662;3204;5507;0;0
80;1981;254;10;15;1;4;4;1;0;0;0;0;59;1;15;47;24;11;6;2;3;8458;123;1896;0;0
80;1982;256;10;48;10;11;14;1;1;1;0;0;56;0;57;121;69;45;9;14;16;28625;490;4171;0;0
205;1985;303;12;65;7;6;112;-2;0;1;0;0;52;0;36;24;15;43;13;4;4;29320;524;313;20;7
205;1984;303;12;80;10;13;168;1;1;2;0;1;55;1;89;24;9;70;28;8;7;49773;3502;2334;30;14
205;1983;186;3;79;24;38;377;-6;3;8;0;0;63;3;132;125;68;135;48;41;42;59340;4740;4140;17;11
205;1982;186;3;68;26;27;351;4;2;5;1;1;61;2;118;115;68;117;53;39;40;50640;4080;3600;19;15
205;1981;253;10;39;2;7;90;-8;0;1;0;0;53;0;29;13;9;39;4;3;4;17729;477;795;10;8
205;1979;253;10;13;2;8;73;9;0;0;0;0;57;0;22;22;9;38;7;0;8;12463;492;1265;13;5
205;1979;18;0;3;0;1;62;3;0;0;0;0;67;0;3;0;0;0;1;0;1;1502;0;0;4;3
205;1979;12;0;6;0;0;27;0;0;0;0;0;57;0;5;0;0;5;2;0;3;1812;74;140;3;1
205;1980;253;10;48;7;4;106;-3;1;0;1;0;55;2;56;15;10;89;12;14;14;30939;1632;1169;14;11
205;1980;12;0;9;1;0;27;-5;0;0;0;0;58;0;5;0;0;5;2;2;3;3039;0;0;3;2
615;1979;24;0;77;3;21;122;13;0;0;0;2;62;0;69;0;0;79;23;35;180;71932;1006;8899;12;5
615;1980;24;0;68;1;16;147;23;0;0;0;1;59;1;56;0;0;57;29;21;115;57945;510;8240;13;3
615;1981;12;0;65;5;20;143;5;0;0;1;1;62;0;70;0;0;91;23;39;122;64583;1306;6498;15;3
615;1982;21;0;80;9;32;105;18;0;0;2;2;61;0;94;0;0;117;45;37;210;74866;1042;15433;7;3
615;1983;21;0;77;1;20;139;-20;0;0;0;1;61;0;78;0;0;94;32;35;188;74869;880;8933;13;4
615;1984;21;0;7;0;2;9;-6;0;0;0;0;67;0;6;0;0;12;7;4;26;6582;134;1359;1;0
1009;1979;18;0;80;20;30;57;42;0;0;0;0;63;3;107;771;443;55;44;43;18;61641;386;210;1;0
1009;1980;18;0;80;19;27;46;32;0;0;0;0;63;5;123;753;410;53;35;29;16;56747;839;4520;2;0
1009;1981;18;0;80;18;25;36;31;0;0;2;2;63;1;105;701;376;72;37;30;26;57478;283;3931;2;1
1009;1982;18;0;80;16;28;38;20;0;0;0;1;61;5;78;645;355;41;31;26;13;48036;948;1577;0;0
1009;1983;278;0;6;0;0;8;-2;0;0;0;0;54;0;3;29;14;1;1;3;0;2886;160;188;0;0
1009;1983;253;10;6;5;5;4;6;2;0;0;0;74;1;20;141;85;9;0;3;6;5056;1857;508;0;0
1009;1983;12;0;17;3;4;2;-2;0;1;0;0;62;1;19;115;57;13;4;4;4;10098;115;592;0;0
1256;1979;9;0;78;4;8;80;-17;0;0;0;0;56;0;43;8;4;53;31;20;14;28467;216;1248;10;8
1256;1980;9;0;40;2;7;50;2;0;0;0;0;58;0;25;0;0;29;20;11;5;17456;104;238;6;6
1256;1981;9;0;80;6;17;170;1;0;0;0;0;58;0;57;1;0;70;27;11;19;34377;421;259;18;16
1256;1982;9;0;59;2;18;114;16;0;0;0;0;58;0;33;1;0;44;31;6;14;26394;83;116;12;11
1256;1983;9;0;80;3;12;129;-16;0;1;0;0;56;0;44;1;0;50;25;11;25;33234;189;339;14;10
1256;1984;9;0;80;4;18;180;-10;0;0;0;0;57;0;52;3;1;64;37;13;20;35121;314;319;19;15
1256;1985;9;0;45;4;13;78;-6;0;0;0;0;57;1;23;8;3;30;12;5;15;18965;189;47;9;8
1413;1979;20;0;80;12;59;116;21;5;13;1;2;68;2;182;1;1;70;15;35;85;73766;15299;4566;8;3
1413;1980;20;0;56;12;45;99;26;4;15;0;1;72;1;142;0;0;83;9;32;80;59333;13668;2966;9;4
1413;1981;20;0;80;14;52;178;4;4;23;1;2;64;0;147;0;0;100;21;55;139;88197;15066;4253;15;5
1413;1982;20;0;77;10;31;188;9;2;3;0;1;61;1;118;0;0;90;14;42;99;86718;4667;4175;14;5
1413;1983;20;0;80;5;28;140;1;0;2;0;0;65;0;109;0;0;107;19;34;103;75554;2037;6292;10;4
1413;1984;20;0;80;3;24;172;-2;0;0;0;1;61;0;87;0;0;81;16;40;99;77369;1483;4678;14;3
1413;1985;20;0;29;5;7;73;-8;0;0;0;0;59;0;32;0;0;47;7;7;62;28510;691;2672;9;3
2153;1985;299;12;39;1;4;6;3;0;1;0;0;68;0;42;15;3;34;10;16;83;34308;364;4634;0;0
2153;1984;299;12;73;12;21;24;16;5;9;0;0;58;4;128;0;0;47;20;25;93;71995;13006;5478;0;0
2153;1983;159;5;46;4;32;101;-8;1;6;0;2;65;1;56;0;0;55;33;24;61;36660;1920;4500;7;2
2153;1982;159;5;46;11;27;90;-9;4;7;1;0;62;2;71;1;0;62;30;18;70;37140;2160;4740;4;2
2153;1981;159;5;46;8;24;89;0;1;4;0;0;65;0;74;0;0;60;40;14;74;34800;1620;4140;1;1
2153;1979;159;5;46;6;23;71;4;2;6;1;0;61;2;63;0;0;57;31;20;67;36480;1740;4320;3;1
2153;1980;159;5;46;5;25;94;1;0;7;0;1;61;1;62;1;0;60;30;17;76;37080;1920;4380;4;1
2189;1985;297;12;72;19;25;46;-31;8;15;0;0;60;1;140;968;469;34;38;8;37;52319;13379;465;0;0
2189;1984;297;12;75;27;42;32;-7;13;15;0;0;66;6;207;1192;554;47;28;15;25;59916;20036;967;0;0
2189;1983;256;10;62;22;32;14;4;7;17;0;0;68;4;170;1058;481;33;26;11;22;49162;15545;262;0;0
2189;1979;242;10;65;17;42;57;18;4;14;0;0;66;3;158;727;379;42;31;11;29;51199;11901;536;0;0
2189;1980;242;10;54;22;34;46;10;8;16;0;1;66;6;154;531;277;28;28;7;8;37757;13408;382;0;0
2189;1981;242;10;59;28;47;22;14;11;22;1;1;68;5;187;119;61;29;22;7;19;47076;16156;446;0;0
2189;1981;21;0;12;0;1;2;-3;0;0;0;0;58;0;15;3;2;7;2;5;2;6306;0;0;0;0
2189;1982;242;10;58;28;39;24;-6;10;18;1;0;67;3;179;919;451;35;33;3;18;53818;14027;480;0;0
2494;1985;282;12;69;6;24;40;18;1;1;0;0;66;2;115;0;0;31;25;30;76;64349;4921;8333;0;0
2494;1984;282;12;80;7;33;36;3;0;5;1;2;66;2;132;0;0;39;27;24;87;85355;7761;7897;0;0
2494;1983;254;10;43;5;11;8;5;0;0;0;1;61;1;95;0;0;12;17;16;60;38986;824;6075;0;0
2494;1982;218;9;80;10;29;38;-53;3;4;0;1;68;0;124;3;1;70;37;45;177;89682;10964;10890;0;0
2494;1981;255;10;74;3;35;20;-19;1;8;0;0;70;0;153;1;0;29;32;49;217;80475;6865;11238;0;0
2494;1979;255;10;75;14;35;30;11;6;8;0;0;75;3;239;2;1;66;22;41;147;79428;17801;6478;0;0
2494;1980;255;10;62;7;28;6;15;0;5;0;1;72;1;142;0;0;21;45;41;147;67369;8064;9492;0;0
2682;1979;18;0;80;41;69;61;43;11;12;0;1;77;5;278;46;25;152;77;43;50;69344;15994;12438;3;1
2682;1980;18;0;80;34;62;50;44;12;17;3;2;75;4;221;64;33;158;83;53;45;57349;18218;14051;2;1
2682;1981;18;0;80;41;69;48;45;18;15;4;1;75;6;211;26;9;164;63;36;30;66509;17549;3195;2;0
2682;1982;18;0;80;27;29;15;13;9;8;0;0;65;3;141;17;11;80;49;33;20;56739;8743;551;1;0
2682;1983;18;0;69;18;19;17;0;8;4;1;0;65;3;96;14;7;74;28;28;23;41808;5688;745;1;0
2682;1984;18;0;13;3;2;2;1;0;1;0;0;62;0;10;6;1;12;4;3;6;6012;266;242;0;0
2682;1985;18;0;1;0;0;0;-1;0;0;0;0;68;0;2;14;5;0;2;2;0;598;546;0;0;0
3067;1985;305;12;65;6;9;79;-13;0;0;1;1;56;1;63;0;0;113;8;18;162;58438;825;14554;5;1
3067;1984;305;12;80;2;16;108;-30;0;2;0;0;57;0;68;0;0;93;13;38;211;75104;2782;15142;8;2
3067;1983;186;3;64;12;39;121;3;3;9;0;3;60;1;103;0;0;74;38;25;102;50280;2700;6060;9;6
3067;1982;224;9;38;0;8;18;16;0;0;0;1;53;0;21;0;0;48;7;18;34;33763;151;3593;0;0
3067;1981;241;10;76;6;26;62;10;1;7;0;1;61;0;113;5;1;104;16;43;156;78221;7260;10422;2;0
3546;1979;250;10;59;11;14;40;-7;2;8;0;0;61;2;98;410;226;20;10;8;20;29200;9836;637;0;0
3546;1979;16;0;1;0;0;0;0;0;0;0;0;59;0;0;7;4;0;0;0;0;576;5;0;0;0
3546;1980;16;0;80;24;57;72;-37;5;41;0;0;69;4;151;1329;736;52;64;67;54;66955;26470;1256;2;0
3546;1981;16;0;80;33;61;105;-27;4;39;0;1;71;3;178;1397;839;50;72;70;49;72923;24867;1701;7;2
3546;1982;16;0;80;43;50;101;-24;9;14;4;2;71;3;195;1270;727;82;60;66;78;75650;16088;13732;3;0
3546;1983;16;0;44;16;42;44;-2;1;18;3;1;72;1;95;734;420;41;38;35;54;41679;10058;7822;2;0
3546;1984;16;0;80;39;64;88;11;5;23;1;1;74;1;169;1382;797;92;75;68;63;78855;18644;13353;4;1
3546;1985;16;0;80;28;44;79;-11;9;19;1;2;72;2;179;1655;960;83;63;77;87;71375;20746;15705;5;2
3549;1979;26;0;1;0;0;0;-2;0;0;0;0;42;0;0;0;0;0;0;0;0;298;0;0;0;0
3549;1979;243;10;32;2;2;8;-6;0;0;0;0;51;0;25;75;38;24;10;4;0;16205;316;934;0;0
3549;1980;243;10;59;22;16;76;-16;9;2;1;0;63;1;142;155;89;77;19;17;22;55128;9088;4343;0;0
3549;1981;26;0;80;28;32;147;-19;2;2;0;1;71;1;164;88;50;157;48;38;33;76399;5490;4933;15;12
3549;1982;26;0;80;29;26;133;-61;6;9;4;0;71;2;169;306;164;190;58;57;42;73633;17295;12013;15;7
3549;1983;26;0;80;19;24;205;-58;1;6;2;1;72;0;162;281;152;197;61;57;41;73647;16929;10010;15;7
3549;1984;26;0;65;36;32;135;-36;12;9;0;1;71;2;153;1221;644;91;61;84;41;62000;13747;9717;13;3
3549;1985;26;0;66;36;30;331;-13;9;12;2;0;75;5;177;1213;616;112;60;91;43;59990;14538;9803;36;16
