StaffId;Executive;Manager;Coach;Scout;Trainer;Off Pref;Phy Pref;Line Matching;Goalie Handling;Favor Veterans;Innovation;Loyalty;Coaching G;Coaching Defense;Coaching Forwards;Coaching Prospects;Def Skills;Off Skills;Phy Training;Player Management;Motivation;Discipline;Negotiating;Self-Preservation;Tactics;Ingame Tactics;Trainer Skill;Evaluate Abilities;Evaluate Potential
0;5;10;10;20;1;Standard;Physical;Balanced;Balanced;Loves Prospects;Balanced;Balanced;4;6;5;4;6;6;4;6;6;4;4;5;4;4;0;;16;19
1;10;15;20;15;1;Standard;Physical;Balanced;Balanced;Prefers Veterans;Balanced;Balanced;10;20;15;12;17;12;15;8;12;11;8;17;10;17;0;;14;14
2;10;15;15;20;1;Very Defensive;Non-physical;Aggressive;Balanced;Prefers Veterans;Innovative;Loyal;7;9;5;6;13;4;5;7;6;7;7;7;7;9;0;;16;14
3;10;15;15;20;1;Offensive;Physical;Aggressive;Aggressive;Prefers Veterans;Balanced;Loyal;8;8;8;8;8;8;8;8;8;8;8;8;8;8;0;;14;13
4;1;15;15;20;1;Defensive;Non-physical;Balanced;Balanced;Balanced;Balanced;Balanced;5;7;4;4;9;3;4;5;4;5;5;5;5;7;0;;13;12
5;10;15;20;15;1;Standard;Balanced;Very Aggressive;Aggressive;Prefers Veterans;Innovative;Ruthless;14;17;20;20;20;20;17;15;16;15;15;13;20;19;1;;14;14
6;1;15;15;20;1;Standard;Non-physical;Balanced;Balanced;Prefers Prospects;Balanced;Balanced;3;3;3;3;3;3;3;3;3;3;3;3;3;3;0;;14;14
7;1;15;15;20;1;Standard;Balanced;Balanced;Balanced;Balanced;Balanced;Balanced;6;6;6;6;6;6;6;6;6;6;6;6;6;6;0;;13;12
8;15;15;10;20;1;Standard;Balanced;Balanced;Balanced;Balanced;Balanced;Balanced;8;8;8;8;8;8;8;16;15;6;17;15;8;8;1;;16;17
9;10;15;10;20;1;Defensive;Balanced;Balanced;Balanced;Balanced;Balanced;Loyal;8;8;8;8;8;8;8;12;8;12;12;12;8;8;0;;14;15
10;10;15;15;20;1;Standard;Balanced;Balanced;Balanced;Balanced;Balanced;Balanced;5;8;12;5;8;9;9;12;7;3;8;8;5;9;0;;15;14
11;15;15;20;15;1;Standard;Balanced;Balanced;Balanced;Prefers Veterans;Balanced;Loyal;13;19;20;13;19;20;20;18;17;17;20;16;16;17;1;;17;16
12;1;15;20;15;1;Defensive;Very Physical;Aggressive;Balanced;Balanced;Balanced;Balanced;7;10;5;6;13;4;5;12;6;5;5;6;15;15;0;;15;13
13;10;15;15;20;1;Standard;Balanced;Balanced;Balanced;Balanced;Balanced;Balanced;9;9;9;9;9;9;9;9;9;9;9;9;9;9;0;;14;14
14;15;15;15;20;1;Standard;Balanced;Balanced;Balanced;Prefers Prospects;Balanced;Balanced;3;4;4;5;4;4;4;4;4;4;4;4;2;4;0;;14;14
15;10;15;15;20;1;Defensive;Balanced;Balanced;Conservative;Balanced;Conservative;Very Loyal;9;4;3;5;6;3;3;5;5;5;5;5;3;5;0;;13;12
16;1;10;10;20;1;Defensive;Balanced;Balanced;Balanced;Balanced;Balanced;Balanced;5;5;5;5;5;5;5;5;5;5;5;5;5;5;0;;19;20
17;1;15;15;20;1;Offensive;Non-physical;Balanced;Balanced;Prefers Prospects;Innovative;Balanced;3;4;4;6;4;4;4;4;4;4;4;4;2;4;0;;13;12
18;15;15;10;20;1;Standard;Balanced;Balanced;Balanced;Balanced;Balanced;Balanced;9;9;9;9;9;9;9;13;9;13;18;16;9;9;0;;16;17
19;10;15;15;20;1;Offensive;Balanced;Aggressive;Balanced;Loves Prospects;Innovative;Balanced;4;5;6;6;6;6;5;6;4;6;6;6;6;12;0;;15;16
20;10;15;20;16;1;Offensive;Balanced;Balanced;Balanced;Prefers Veterans;Balanced;Balanced;9;16;16;19;20;20;20;13;16;18;9;20;7;14;1;;14;14
21;10;15;10;20;1;Standard;Balanced;Balanced;Balanced;Balanced;Balanced;Balanced;4;4;4;4;4;4;4;6;4;6;6;6;4;4;0;;14;14
22;1;5;15;20;1;Standard;Balanced;Balanced;Balanced;Balanced;Balanced;Balanced;8;8;8;8;8;8;8;2;8;2;2;2;8;8;0;;13;12
23;1;15;15;20;1;Standard;Balanced;Very Aggressive;Balanced;Prefers Prospects;Very Innovative;Loyal;7;8;10;10;10;10;8;14;17;10;10;11;17;17;0;;13;15
24;10;15;15;20;1;Offensive;Balanced;Balanced;Balanced;Balanced;Balanced;Loyal;9;12;19;9;12;14;14;18;10;12;17;13;9;14;1;;14;14
25;10;20;15;15;1;Offensive;Very Physical;Passive;Balanced;Balanced;Conservative;Very Loyal;3;7;7;11;8;8;7;15;17;16;11;7;3;8;1;;13;14
26;1;15;15;20;1;Standard;Balanced;Balanced;Balanced;Balanced;Balanced;Balanced;5;7;11;5;7;8;8;7;6;7;7;7;5;8;0;;16;16
27;10;15;15;20;1;Standard;Physical;Balanced;Balanced;Prefers Veterans;Innovative;Balanced;7;10;15;7;10;11;11;16;8;15;10;10;7;11;0;;14;15
28;10;15;10;20;1;Standard;Balanced;Balanced;Balanced;Balanced;Innovative;Ruthless;2;2;2;2;2;2;2;8;9;2;12;8;2;2;0;;20;19
29;1;10;20;15;1;Standard;Balanced;Balanced;Balanced;Balanced;Balanced;Balanced;14;20;20;17;20;17;20;18;17;15;10;16;14;20;1;;13;12
30;15;15;10;20;1;Standard;Balanced;Balanced;Balanced;Balanced;Balanced;Loyal;9;9;9;9;9;9;9;18;9;8;17;16;9;9;0;;16;17
31;10;15;20;15;1;Standard;Balanced;Passive;Aggressive;Balanced;Balanced;Loyal;11;19;19;7;11;13;13;17;15;12;7;14;13;13;1;;14;14
32;10;15;20;15;1;Standard;Balanced;Balanced;Balanced;Balanced;Conservative;Ruthless;10;18;18;7;10;12;12;14;15;9;12;14;5;20;0;;14;14
33;10;20;15;15;1;Standard;Balanced;Balanced;Balanced;Balanced;Balanced;Balanced;4;6;10;4;6;7;7;8;5;8;8;8;4;7;0;;14;14
34;10;20;18;20;1;Standard;Physical;Passive;Balanced;Balanced;Conservative;Balanced;6;8;13;6;8;10;10;5;7;16;9;8;12;12;0;;15;13
35;10;20;15;20;1;Standard;Balanced;Balanced;Balanced;Balanced;Balanced;Balanced;5;7;11;5;7;8;8;9;6;9;9;9;5;8;0;;14;14
36;10;17;20;20;1;Standard;Physical;Balanced;Aggressive;Prefers Veterans;Conservative;Loyal;11;11;11;11;11;11;11;9;11;9;9;9;11;11;0;;16;15
37;15;15;10;20;1;Standard;Balanced;Balanced;Balanced;Balanced;Balanced;Balanced;4;4;4;4;4;4;4;7;4;7;7;7;4;4;0;;15;15
38;1;20;15;15;1;Standard;Non-physical;Balanced;Balanced;Prefers Prospects;Innovative;Balanced;4;6;9;6;4;12;5;9;6;9;9;9;7;9;0;;13;14
39;1;10;20;15;1;Defensive;Physical;Balanced;Conservative;Balanced;Balanced;Balanced;19;9;7;10;13;7;7;5;10;5;5;5;7;12;0;;13;12
40;1;10;20;15;1;Standard;Physical;Balanced;Balanced;Balanced;Balanced;Balanced;9;9;9;9;9;9;9;7;9;1;4;4;9;9;0;;13;12
41;1;10;15;20;1;Offensive;Balanced;Balanced;Balanced;Balanced;Balanced;Balanced;4;6;9;4;6;7;7;6;5;1;4;4;4;7;0;;13;12
42;20;5;1;1;1;Standard;Balanced;Balanced;Balanced;Balanced;Balanced;Balanced;1;1;1;1;1;1;1;2;1;2;15;2;1;1;0;;10;10
43;10;15;15;20;1;Standard;Balanced;Balanced;Balanced;Balanced;Balanced;Balanced;7;7;7;7;7;7;7;6;7;5;12;6;7;7;0;;14;14
44;1;5;15;20;1;Standard;Balanced;Balanced;Balanced;Prefers Prospects;Innovative;Balanced;6;8;9;9;9;9;8;3;6;3;3;3;9;17;0;;14;16
45;10;15;15;20;1;Standard;Physical;Balanced;Balanced;Prefers Prospects;Balanced;Balanced;6;6;6;6;6;6;6;6;6;6;6;6;6;6;0;;16;16
46;1;10;20;15;1;Offensive;Balanced;Balanced;Balanced;Prefers Prospects;Balanced;Balanced;9;10;10;15;10;10;10;5;12;5;5;5;6;10;0;;13;12
47;15;20;15;16;1;Standard;Physical;Balanced;Aggressive;Prefers Veterans;Balanced;Balanced;6;9;15;6;9;10;10;7;8;17;13;10;6;10;0;;15;13
48;15;10;15;20;1;Standard;Balanced;Aggressive;Balanced;Balanced;Innovative;Balanced;4;5;6;6;6;6;5;4;4;4;4;4;6;12;0;;13;12
49;10;20;15;19;1;Offensive;Physical;Passive;Aggressive;Prefers Prospects;Conservative;Loyal;4;5;9;4;5;6;6;7;4;7;7;7;4;6;0;;15;16
50;20;5;1;1;1;Standard;Balanced;Balanced;Balanced;Balanced;Balanced;Balanced;1;1;1;1;1;1;1;3;1;3;3;3;1;1;0;;10;10
51;15;17;20;20;1;Standard;Physical;Passive;Balanced;Prefers Veterans;Conservative;Loyal;9;13;20;9;13;15;15;6;11;18;11;10;9;15;0;;16;15
52;10;15;15;20;1;Standard;Balanced;Balanced;Balanced;Balanced;Balanced;Balanced;7;7;7;7;7;7;7;7;7;7;7;7;7;7;0;;14;16
53;1;10;15;20;1;Standard;Balanced;Balanced;Balanced;Balanced;Balanced;Balanced;4;6;10;4;6;7;7;4;5;4;4;4;4;7;0;;13;12
54;1;15;20;15;1;Standard;Balanced;Balanced;Balanced;Balanced;Balanced;Balanced;8;8;8;8;8;8;8;6;8;6;6;6;8;8;0;;13;12
55;1;15;15;20;1;Standard;Balanced;Balanced;Balanced;Balanced;Innovative;Balanced;9;9;9;9;9;9;9;9;9;9;9;9;9;9;0;;13;12
56;1;10;20;15;1;Standard;Balanced;Balanced;Balanced;Balanced;Balanced;Balanced;9;9;9;9;9;9;9;4;9;4;4;4;9;9;0;;13;12
57;1;10;15;15;1;Standard;Physical;Balanced;Balanced;Balanced;Balanced;Balanced;4;4;4;4;4;4;4;2;4;2;2;2;4;4;0;;14;14
58;1;10;15;15;1;Standard;Balanced;Balanced;Balanced;Balanced;Balanced;Balanced;1;1;1;1;1;1;1;0;1;0;0;0;1;1;0;;14;14
59;1;10;10;20;1;Standard;Balanced;Balanced;Balanced;Balanced;Balanced;Balanced;4;4;4;4;4;4;4;4;4;4;4;4;4;4;0;;17;18
60;1;10;15;20;1;Standard;Balanced;Balanced;Balanced;Balanced;Conservative;Loyal;6;6;6;6;6;6;6;4;6;4;4;4;6;6;0;;13;12
61;1;15;20;15;1;Standard;Balanced;Balanced;Balanced;Balanced;Balanced;Balanced;7;9;15;7;9;11;11;7;8;7;7;7;7;11;0;;13;12
62;10;20;10;20;1;Standard;Balanced;Balanced;Balanced;Balanced;Balanced;Balanced;4;4;4;4;4;4;4;6;4;8;6;13;4;4;0;;14;14
63;1;10;10;20;1;Standard;Balanced;Balanced;Balanced;Balanced;Balanced;Balanced;4;4;4;4;4;4;4;4;4;4;4;4;4;4;0;;14;14
64;1;15;10;20;1;Standard;Balanced;Aggressive;Balanced;Balanced;Balanced;Balanced;4;4;4;4;4;4;4;7;4;7;7;7;4;4;0;;18;18
65;15;20;15;15;1;Standard;Balanced;Balanced;Balanced;Balanced;Balanced;Balanced;8;8;8;8;8;8;8;11;8;11;13;11;8;8;0;;14;16
66;1;15;15;20;1;Defensive;Balanced;Balanced;Balanced;Balanced;Balanced;Balanced;6;7;4;5;10;3;4;6;5;6;6;6;6;7;0;;13;12
67;10;20;15;15;1;Standard;Balanced;Balanced;Balanced;Prefers Prospects;Balanced;Balanced;5;5;5;8;5;5;5;7;6;7;7;7;3;5;0;;14;14
68;10;20;15;15;1;Standard;Balanced;Balanced;Conservative;Balanced;Conservative;Loyal;3;6;6;2;3;4;4;9;3;2;6;6;1;7;0;;14;12
69;10;20;15;15;1;Standard;Physical;Balanced;Balanced;Balanced;Balanced;Balanced;6;6;6;6;6;6;6;8;6;8;8;8;6;6;0;;14;14
70;1;15;20;15;1;Standard;Balanced;Balanced;Balanced;Balanced;Balanced;Ruthless;11;11;11;11;11;11;11;15;11;12;8;10;14;15;0;;13;12
71;1;15;15;20;1;Standard;Balanced;Balanced;Balanced;Balanced;Balanced;Balanced;7;7;7;7;7;7;7;7;7;7;7;7;7;7;0;;13;12
72;1;10;15;20;1;Standard;Non-physical;Balanced;Balanced;Balanced;Innovative;Balanced;6;6;6;6;6;6;6;4;6;4;4;4;6;6;0;;13;12
73;1;15;20;20;1;Standard;Balanced;Balanced;Balanced;Balanced;Balanced;Balanced;5;9;9;11;12;12;14;7;9;7;7;7;4;8;0;;13;12
74;1;15;20;15;1;Standard;Balanced;Balanced;Balanced;Balanced;Balanced;Balanced;6;9;14;6;9;10;10;6;7;6;6;6;6;10;0;;13;12
75;1;15;20;15;1;Standard;Balanced;Balanced;Balanced;Balanced;Balanced;Balanced;11;11;11;11;11;11;11;8;11;8;8;8;11;11;0;;13;12
76;1;10;10;20;1;Standard;Balanced;Balanced;Balanced;Balanced;Balanced;Balanced;4;4;4;4;4;4;4;4;4;4;4;4;4;4;0;;14;14
77;10;20;15;16;1;Defensive;Balanced;Balanced;Conservative;Balanced;Balanced;Balanced;13;6;5;7;9;5;5;9;7;9;9;9;5;8;0;;13;12
78;1;15;20;15;1;Offensive;Balanced;Balanced;Balanced;Balanced;Very Innovative;Balanced;9;13;20;13;9;20;11;11;13;11;11;8;19;18;0;;13;12
79;10;20;15;18;1;Standard;Balanced;Balanced;Balanced;Balanced;Balanced;Balanced;7;7;7;7;7;7;7;9;7;9;9;9;7;7;0;;13;12
80;10;20;15;19;1;Offensive;Balanced;Balanced;Balanced;Balanced;Balanced;Balanced;6;8;13;6;8;9;9;11;7;11;11;11;6;9;0;;13;12
81;1;15;15;20;1;Standard;Physical;Balanced;Balanced;Balanced;Balanced;Balanced;7;7;7;7;7;7;7;7;7;7;7;7;7;7;0;;13;12
82;1;15;20;15;1;Standard;Physical;Balanced;Balanced;Balanced;Balanced;Balanced;10;10;10;10;10;10;10;7;10;7;7;7;10;10;0;;13;12
83;1;10;15;20;1;Defensive;Balanced;Balanced;Balanced;Balanced;Balanced;Balanced;4;11;6;5;7;5;6;4;5;4;4;4;4;7;0;;13;12
84;1;10;15;20;1;Standard;Balanced;Balanced;Balanced;Balanced;Balanced;Balanced;16;7;7;7;7;7;7;4;7;4;4;4;7;7;0;;13;12
85;10;15;20;15;1;Standard;Physical;Balanced;Balanced;Balanced;Balanced;Balanced;11;11;11;11;11;11;11;4;11;13;8;7;11;11;0;;14;14
86;1;10;15;20;1;Standard;Balanced;Balanced;Balanced;Prefers Prospects;Balanced;Balanced;3;4;4;6;4;4;4;2;4;2;2;2;2;4;0;;13;12
87;1;15;15;20;1;Standard;Balanced;Passive;Balanced;Balanced;Balanced;Loyal;6;10;10;4;6;7;7;11;6;3;7;7;3;11;0;;13;12
88;10;15;15;20;1;Defensive;Balanced;Balanced;Conservative;Balanced;Balanced;Balanced;12;5;4;6;8;4;4;6;6;6;6;6;4;7;0;;14;14
89;1;10;10;20;1;Standard;Balanced;Balanced;Balanced;Balanced;Balanced;Balanced;2;2;2;2;2;2;2;2;2;2;2;2;2;2;0;;14;14
90;10;15;20;18;1;Standard;Physical;Passive;Aggressive;Prefers Veterans;Innovative;Loyal;8;14;14;5;8;10;10;12;8;3;7;7;4;16;0;;15;13
91;10;20;15;15;1;Standard;Physical;Balanced;Balanced;Balanced;Balanced;Balanced;6;6;6;6;6;6;6;6;6;8;6;13;6;6;0;;14;13
92;10;15;15;20;1;Standard;Balanced;Balanced;Balanced;Balanced;Balanced;Balanced;2;3;4;2;3;3;3;3;2;3;3;3;2;3;0;;16;16
93;15;15;15;20;1;Standard;Balanced;Balanced;Balanced;Balanced;Balanced;Balanced;10;10;10;10;10;10;10;7;10;10;7;16;10;10;0;;14;14
94;1;15;20;20;1;Offensive;Balanced;Balanced;Balanced;Balanced;Balanced;Balanced;4;5;9;4;5;6;6;6;5;1;4;4;4;6;0;;13;12
95;10;15;20;15;1;Standard;Balanced;Balanced;Balanced;Balanced;Balanced;Loyal;3;4;7;3;4;5;5;9;3;3;3;3;3;5;0;;16;15
96;1;15;15;20;1;Standard;Balanced;Balanced;Balanced;Prefers Veterans;Balanced;Ruthless;8;8;8;8;8;8;8;8;8;8;8;8;8;8;0;;13;12
97;1;10;15;20;1;Standard;Balanced;Balanced;Balanced;Balanced;Balanced;Balanced;2;3;5;2;3;4;4;2;3;2;2;2;2;4;0;;13;12
98;10;15;20;20;1;Defensive;Balanced;Balanced;Balanced;Balanced;Balanced;Balanced;20;13;11;15;13;11;11;9;15;8;17;16;11;17;0;;15;16
99;1;15;20;20;1;Standard;Balanced;Balanced;Balanced;Balanced;Balanced;Balanced;7;7;7;7;7;7;7;5;7;5;5;5;7;7;0;;13;12
100;1;10;15;20;1;Defensive;Balanced;Balanced;Conservative;Balanced;Balanced;Balanced;11;5;4;6;8;4;4;4;6;4;4;4;4;7;0;;13;12
101;10;15;10;20;1;Offensive;Balanced;Balanced;Balanced;Loves Prospects;Balanced;Balanced;3;3;3;15;3;3;3;5;3;5;7;5;3;3;0;;14;14
102;10;15;15;20;1;Standard;Balanced;Balanced;Balanced;Balanced;Balanced;Balanced;3;3;3;3;3;3;3;3;3;3;3;3;3;3;0;;14;14
103;10;15;15;20;1;Standard;Balanced;Balanced;Balanced;Balanced;Balanced;Balanced;3;3;3;3;3;3;3;3;3;3;3;3;3;3;0;;14;14
104;1;15;15;20;1;Standard;Balanced;Balanced;Balanced;Balanced;Balanced;Balanced;3;4;6;3;4;4;4;4;3;4;4;4;3;4;0;;13;12
105;10;15;20;15;1;Offensive;Balanced;Balanced;Balanced;Balanced;Balanced;Loyal;8;20;11;10;13;10;11;12;10;5;12;5;8;13;0;;16;15
106;10;15;15;20;1;Standard;Balanced;Balanced;Balanced;Balanced;Balanced;Balanced;5;12;7;6;8;6;7;7;6;7;7;7;5;8;0;;14;14
107;1;10;15;20;1;Standard;Balanced;Balanced;Balanced;Balanced;Balanced;Balanced;3;7;4;3;5;3;4;3;3;3;3;3;3;5;0;;13;12
108;1;15;20;15;1;Standard;Balanced;Balanced;Balanced;Balanced;Balanced;Balanced;7;9;15;7;9;11;11;7;8;7;7;7;7;11;0;;13;12
109;1;15;20;15;1;Standard;Balanced;Balanced;Balanced;Balanced;Balanced;Balanced;13;13;13;13;13;13;13;10;13;10;10;10;13;13;0;;13;12
110;1;10;15;20;1;Standard;Balanced;Balanced;Balanced;Balanced;Balanced;Balanced;5;5;5;5;5;5;5;3;5;3;3;3;5;5;0;;13;12
111;1;10;10;20;1;Standard;Balanced;Balanced;Balanced;Balanced;Balanced;Balanced;4;4;4;4;4;4;4;4;4;4;4;4;4;4;0;;14;14
112;10;20;15;16;1;Standard;Balanced;Balanced;Balanced;Balanced;Balanced;Balanced;4;4;4;4;4;4;4;6;4;6;6;6;4;4;0;;14;14
113;1;15;15;20;1;Standard;Balanced;Balanced;Balanced;Prefers Prospects;Conservative;Loyal;4;11;6;5;7;5;6;6;5;6;6;6;4;7;0;;16;15
114;1;10;15;20;1;Standard;Balanced;Balanced;Balanced;Balanced;Balanced;Balanced;6;6;6;6;6;6;6;4;6;4;4;4;6;6;0;;14;14
115;1;10;10;20;1;Standard;Balanced;Balanced;Balanced;Balanced;Balanced;Balanced;4;4;4;4;4;4;4;4;4;4;4;4;4;4;0;;14;14
116;10;20;20;20;1;Standard;Balanced;Balanced;Balanced;Prefers Prospects;Balanced;Balanced;7;8;8;11;8;8;8;8;9;8;8;8;4;8;0;;14;14
117;1;15;15;20;1;Standard;Balanced;Balanced;Balanced;Balanced;Balanced;Balanced;7;7;7;7;7;7;7;7;7;7;7;7;7;7;0;;16;16
118;1;10;20;15;1;Standard;Balanced;Aggressive;Balanced;Prefers Prospects;Innovative;Balanced;8;9;11;11;11;11;9;5;8;5;5;5;11;20;0;;13;12
119;1;10;15;20;1;Offensive;Balanced;Balanced;Balanced;Prefers Veterans;Innovative;Ruthless;1;2;10;1;2;3;3;1;2;10;5;8;1;3;0;;13;11
120;1;10;15;20;1;Standard;Balanced;Balanced;Balanced;Balanced;Balanced;Balanced;5;5;5;5;5;5;5;3;5;3;3;3;5;5;0;;13;12
121;10;20;15;15;1;Standard;Balanced;Balanced;Balanced;Balanced;Balanced;Balanced;3;3;3;3;3;3;3;2;3;7;4;3;3;3;0;;14;14
122;1;15;20;15;1;Standard;Balanced;Balanced;Balanced;Balanced;Balanced;Balanced;7;9;15;7;9;11;11;7;8;7;7;7;7;11;0;;13;12
123;1;15;15;20;1;Standard;Very Physical;Balanced;Balanced;Prefers Prospects;Balanced;Ruthless;6;6;6;6;6;6;6;3;6;10;6;5;6;6;0;;13;12
124;1;5;20;15;1;Standard;Physical;Balanced;Balanced;Balanced;Balanced;Balanced;6;15;9;7;10;7;9;2;7;2;2;2;6;10;0;;13;12
125;10;15;15;20;1;Standard;Balanced;Balanced;Balanced;Balanced;Balanced;Balanced;4;10;6;5;7;5;6;6;5;6;6;6;4;7;0;;14;14
126;1;15;15;20;1;Offensive;Balanced;Balanced;Balanced;Balanced;Balanced;Balanced;3;6;6;7;8;8;9;3;6;10;6;5;2;5;0;;13;12
127;10;15;20;15;1;Standard;Balanced;Balanced;Balanced;Balanced;Balanced;Balanced;11;11;11;11;11;11;11;8;11;8;8;8;11;11;0;;14;14
128;10;15;15;20;1;Standard;Balanced;Balanced;Balanced;Balanced;Balanced;Balanced;6;6;6;6;6;6;6;6;6;6;6;6;6;6;0;;14;14
129;1;10;17;20;1;Standard;Balanced;Balanced;Balanced;Balanced;Balanced;Balanced;5;13;7;6;8;6;7;4;6;4;4;4;5;8;0;;13;12
130;1;10;15;20;1;Standard;Balanced;Balanced;Balanced;Balanced;Balanced;Balanced;4;11;6;5;7;5;6;4;5;4;4;4;4;7;0;;13;12
131;1;15;20;15;1;Standard;Balanced;Balanced;Balanced;Balanced;Balanced;Balanced;9;9;9;9;9;9;9;7;9;7;7;7;9;9;0;;13;12
132;1;15;15;20;1;Offensive;Balanced;Balanced;Balanced;Balanced;Balanced;Balanced;1;4;2;2;2;2;2;8;8;1;2;3;1;2;0;;12;12
133;1;10;20;15;1;Offensive;Physical;Balanced;Balanced;Balanced;Innovative;Ruthless;13;13;13;13;13;13;13;6;13;6;6;6;13;13;0;;13;12
134;1;10;10;20;1;Standard;Balanced;Balanced;Balanced;Balanced;Balanced;Balanced;4;4;4;4;4;4;4;4;4;4;4;4;4;4;0;;14;14
135;1;10;10;20;1;Standard;Balanced;Balanced;Balanced;Balanced;Balanced;Balanced;4;4;4;4;4;4;4;4;4;4;4;4;4;4;0;;14;14
136;1;10;10;20;1;Standard;Balanced;Balanced;Balanced;Balanced;Balanced;Balanced;4;4;4;4;4;4;4;4;4;4;4;4;4;4;0;;14;14
137;10;15;15;20;1;Standard;Balanced;Balanced;Balanced;Balanced;Balanced;Balanced;5;5;5;5;5;5;5;5;5;5;5;5;5;5;0;;14;14
138;1;10;20;15;1;Standard;Balanced;Balanced;Balanced;Balanced;Balanced;Balanced;9;9;9;9;9;9;9;4;9;4;4;4;9;9;0;;13;12
139;20;5;1;1;1;Standard;Balanced;Balanced;Balanced;Balanced;Balanced;Ruthless;1;1;1;1;1;1;1;1;1;1;1;1;1;1;0;;10;10
140;10;15;15;20;1;Standard;Physical;Balanced;Balanced;Prefers Veterans;Balanced;Balanced;3;3;3;3;3;3;3;3;3;3;3;3;3;3;0;;16;15
141;1;1;1;1;20;Standard;Balanced;Balanced;Balanced;Balanced;Balanced;Balanced;0;0;0;0;0;0;0;0;0;0;0;0;0;0;16;;1;1
142;2;15;10;20;1;Standard;Balanced;Balanced;Balanced;Balanced;Balanced;Balanced;3;3;3;3;3;3;3;5;3;5;5;5;3;3;0;;14;14
143;1;15;15;20;1;Offensive;Balanced;Balanced;Balanced;Balanced;Balanced;Balanced;3;5;8;5;3;11;4;6;5;6;6;6;6;8;0;;13;12
144;10;15;10;20;1;Offensive;Physical;Balanced;Balanced;Prefers Veterans;Balanced;Balanced;5;5;5;5;5;5;5;7;5;7;7;7;5;5;0;;16;17
145;10;15;15;20;1;Standard;Balanced;Balanced;Balanced;Balanced;Balanced;Balanced;3;3;3;3;3;3;3;3;3;3;3;3;3;3;0;;13;12
146;20;5;1;1;1;Standard;Balanced;Balanced;Balanced;Balanced;Balanced;Balanced;0;0;0;0;0;0;0;2;0;2;2;2;0;0;0;;10;10
147;20;5;1;1;1;Standard;Balanced;Balanced;Balanced;Balanced;Balanced;Balanced;0;0;0;0;0;0;0;1;0;1;1;1;0;0;0;;10;10
148;10;20;15;15;1;Standard;Physical;Passive;Balanced;Balanced;Conservative;Loyal;7;7;7;7;7;7;7;9;7;9;9;9;7;7;0;;14;15
149;20;5;1;1;1;Standard;Balanced;Balanced;Balanced;Balanced;Balanced;Balanced;0;0;0;0;0;0;0;1;0;1;1;1;0;0;0;;10;10
150;20;5;1;1;1;Standard;Balanced;Balanced;Balanced;Balanced;Very Innovative;Very Ruthless;0;0;0;0;0;0;0;1;0;1;1;1;0;0;0;;5;5
151;20;5;1;1;1;Standard;Balanced;Balanced;Balanced;Balanced;Balanced;Balanced;1;1;1;1;1;1;1;1;1;1;1;1;1;1;0;;10;10
152;20;5;1;1;1;Standard;Balanced;Balanced;Balanced;Balanced;Balanced;Balanced;1;1;1;1;1;1;1;1;1;1;1;1;1;1;0;;10;10
153;1;10;15;20;1;Standard;Balanced;Balanced;Balanced;Balanced;Balanced;Balanced;5;12;7;6;8;6;7;4;6;4;4;4;5;8;0;;13;12
154;1;10;20;15;1;Standard;Balanced;Balanced;Balanced;Balanced;Balanced;Balanced;9;9;9;9;9;9;9;4;9;4;4;4;9;9;0;;13;12
155;10;15;17;20;1;Standard;Balanced;Aggressive;Balanced;Balanced;Innovative;Balanced;6;7;8;8;8;8;7;7;6;7;7;7;8;16;0;;13;12
156;1;10;20;15;1;Standard;Balanced;Balanced;Balanced;Balanced;Balanced;Balanced;9;9;9;9;9;9;9;4;9;4;4;4;9;9;0;;13;12
157;20;5;1;1;1;Standard;Balanced;Balanced;Balanced;Balanced;Balanced;Balanced;0;0;0;0;0;0;0;3;0;3;3;3;0;0;0;;10;10
158;20;5;1;1;1;Standard;Balanced;Balanced;Balanced;Balanced;Balanced;Balanced;0;0;0;0;0;0;0;3;0;3;3;3;0;0;0;;10;10
159;1;15;15;20;1;Standard;Balanced;Balanced;Balanced;Balanced;Balanced;Balanced;5;5;5;5;5;5;5;5;5;5;5;5;5;5;0;;13;12
160;10;15;15;20;1;Standard;Balanced;Balanced;Balanced;Balanced;Balanced;Balanced;5;5;5;5;5;5;5;5;5;5;5;5;5;5;0;;14;14
161;1;15;20;15;1;Standard;Balanced;Balanced;Balanced;Balanced;Balanced;Balanced;7;16;9;8;11;8;9;7;8;7;7;7;7;11;0;;13;12
162;5;15;15;15;1;Offensive;Balanced;Balanced;Balanced;Balanced;Balanced;Balanced;3;4;7;3;4;5;5;4;3;4;4;4;3;5;0;;13;12
163;1;15;15;20;1;Standard;Balanced;Balanced;Balanced;Balanced;Balanced;Balanced;4;9;5;4;6;4;5;5;4;5;5;5;4;6;0;;13;12
164;10;15;15;20;1;Standard;Balanced;Balanced;Balanced;Balanced;Balanced;Balanced;2;3;4;2;3;3;3;3;2;3;3;3;2;3;0;;13;12
165;20;5;1;1;1;Standard;Balanced;Balanced;Balanced;Balanced;Balanced;Balanced;0;0;0;0;0;0;0;2;0;2;2;2;0;0;0;;10;10
166;10;15;20;15;1;Standard;Balanced;Balanced;Balanced;Balanced;Balanced;Balanced;8;8;8;8;8;8;8;6;8;6;6;6;8;8;0;;14;14
167;1;15;15;20;1;Offensive;Balanced;Balanced;Aggressive;Prefers Prospects;Balanced;Balanced;6;6;6;6;6;6;6;6;6;6;6;6;6;6;0;;13;14
168;10;15;20;15;1;Standard;Balanced;Balanced;Balanced;Balanced;Balanced;Balanced;9;9;9;9;9;9;9;6;9;6;6;6;9;9;0;;13;12
169;10;15;15;20;1;Standard;Balanced;Balanced;Balanced;Balanced;Conservative;Balanced;7;7;7;7;7;7;7;7;7;7;7;7;7;7;0;;14;14
170;10;15;20;15;1;Standard;Balanced;Balanced;Balanced;Balanced;Balanced;Balanced;8;11;18;8;11;13;13;4;9;13;8;7;8;13;0;;14;14
171;1;10;10;20;1;Standard;Balanced;Balanced;Balanced;Balanced;Balanced;Balanced;2;2;2;2;2;2;2;2;2;2;2;2;2;2;0;;14;14
172;20;5;1;1;1;Standard;Balanced;Balanced;Balanced;Balanced;Balanced;Balanced;0;0;0;0;0;0;0;1;0;1;1;1;0;0;0;;10;10
173;10;15;15;20;1;Standard;Physical;Passive;Balanced;Prefers Veterans;Conservative;Balanced;1;2;3;1;2;2;2;2;1;2;2;2;1;2;0;;14;14
174;20;5;1;1;1;Standard;Balanced;Balanced;Balanced;Balanced;Balanced;Balanced;1;1;1;1;1;1;1;2;1;2;2;2;1;1;0;;10;10
175;20;5;1;1;1;Standard;Balanced;Balanced;Balanced;Balanced;Innovative;Balanced;0;0;0;0;0;0;0;1;0;2;8;3;0;0;1;;10;10
176;1;10;10;20;1;Offensive;Balanced;Balanced;Balanced;Balanced;Balanced;Balanced;7;7;7;7;7;7;7;7;7;7;7;7;7;7;0;;19;20
177;1;10;10;20;1;Standard;Balanced;Balanced;Balanced;Balanced;Balanced;Balanced;4;4;4;4;4;4;4;4;4;4;4;4;4;4;0;;14;14
178;1;10;10;20;1;Standard;Balanced;Balanced;Balanced;Balanced;Balanced;Balanced;2;2;2;2;2;2;2;2;2;2;2;2;2;2;0;;14;14
179;1;10;15;20;1;Standard;Balanced;Balanced;Balanced;Balanced;Balanced;Balanced;4;6;10;4;6;7;7;4;5;4;4;4;4;7;0;;15;15
180;1;10;10;20;1;Standard;Balanced;Balanced;Balanced;Balanced;Balanced;Balanced;4;4;4;4;4;4;4;4;4;4;4;4;4;4;0;;14;14
181;1;15;20;15;1;Defensive;Balanced;Balanced;Conservative;Balanced;Balanced;Balanced;18;8;7;9;12;7;7;7;9;7;7;7;7;11;0;;13;12
182;1;10;10;20;1;Standard;Balanced;Balanced;Balanced;Balanced;Balanced;Balanced;4;4;4;4;4;4;4;4;4;4;4;4;4;4;0;;14;14
183;10;15;15;20;1;Standard;Balanced;Balanced;Balanced;Balanced;Balanced;Balanced;7;7;7;7;7;7;7;7;7;7;7;7;7;7;0;;14;14
184;1;10;15;20;1;Standard;Balanced;Balanced;Balanced;Balanced;Innovative;Balanced;6;6;6;6;6;6;6;4;6;4;4;4;15;14;0;;13;12
185;10;20;15;16;1;Standard;Physical;Balanced;Balanced;Balanced;Balanced;Balanced;7;7;7;7;7;7;7;10;7;10;10;10;7;7;0;;13;12
186;1;10;20;15;1;Standard;Balanced;Balanced;Balanced;Balanced;Balanced;Balanced;9;9;9;9;9;9;9;3;9;4;3;7;9;9;0;;13;12
187;1;5;20;19;1;Standard;Balanced;Balanced;Balanced;Balanced;Balanced;Balanced;6;8;13;6;8;9;9;2;7;2;2;2;6;9;0;;13;12
188;20;5;1;1;1;Standard;Balanced;Balanced;Balanced;Balanced;Balanced;Balanced;0;0;0;0;0;0;0;2;0;2;2;2;0;0;0;;10;10
189;20;5;1;1;1;Standard;Balanced;Balanced;Balanced;Balanced;Balanced;Balanced;0;0;0;0;0;0;0;1;0;1;1;1;0;0;0;;10;10
190;20;5;1;1;1;Standard;Balanced;Balanced;Balanced;Balanced;Balanced;Balanced;0;0;0;0;0;0;0;1;0;1;1;1;0;0;0;;10;10
191;15;20;15;15;1;Standard;Balanced;Balanced;Balanced;Balanced;Balanced;Balanced;5;5;5;5;5;5;5;7;5;7;7;7;5;5;0;;14;14
192;20;5;1;1;1;Standard;Balanced;Balanced;Balanced;Balanced;Balanced;Balanced;0;0;0;0;0;0;0;0;0;0;0;0;0;0;0;;5;5
193;10;20;15;15;1;Standard;Balanced;Passive;Balanced;Balanced;Balanced;Loyal;3;6;6;2;3;4;4;9;3;2;6;6;1;7;0;;14;14
194;1;15;20;15;1;Standard;Balanced;Balanced;Balanced;Balanced;Balanced;Balanced;9;9;9;9;9;9;9;6;9;6;6;6;9;9;0;;13;12
195;1;10;15;20;1;Standard;Physical;Balanced;Balanced;Balanced;Balanced;Balanced;5;12;7;6;8;6;7;4;6;4;4;4;5;8;0;;13;12
196;1;10;10;20;1;Standard;Balanced;Balanced;Balanced;Balanced;Balanced;Balanced;4;4;4;4;4;4;4;4;4;4;4;4;4;4;0;;14;14
197;1;10;10;20;1;Standard;Balanced;Balanced;Balanced;Balanced;Balanced;Balanced;4;4;4;4;4;4;4;4;4;4;4;4;4;4;0;;14;14
198;1;10;10;20;1;Standard;Balanced;Balanced;Balanced;Balanced;Balanced;Balanced;4;4;4;4;4;4;4;4;4;4;4;4;4;4;0;;14;14
199;1;10;15;20;1;Standard;Balanced;Balanced;Balanced;Balanced;Balanced;Balanced;4;6;9;4;6;7;7;4;5;4;4;4;4;7;0;;14;14
200;1;15;15;20;1;Defensive;Balanced;Balanced;Conservative;Balanced;Balanced;Balanced;12;5;4;6;8;4;4;6;6;6;6;6;4;7;0;;15;17
201;10;15;12;20;1;Standard;Physical;Balanced;Balanced;Loves Prospects;Conservative;Ruthless;4;5;5;8;5;5;5;7;6;7;7;7;3;5;0;;17;14
202;1;10;20;15;1;Offensive;Balanced;Balanced;Balanced;Balanced;Innovative;Balanced;6;13;13;20;15;15;13;7;17;7;7;15;18;17;1;;13;12
203;10;20;15;15;1;Standard;Balanced;Balanced;Balanced;Balanced;Balanced;Balanced;5;7;11;5;7;8;8;9;6;9;9;9;5;8;0;;15;15
204;10;15;15;20;1;Standard;Physical;Balanced;Balanced;Prefers Prospects;Conservative;Loyal;7;7;7;7;7;7;7;7;7;7;7;7;7;7;0;;18;14
205;10;19;17;20;1;Standard;Balanced;Balanced;Balanced;Balanced;Balanced;Balanced;4;4;4;4;4;4;4;6;4;5;9;7;4;4;0;;14;14
206;1;10;15;20;1;Standard;Physical;Balanced;Balanced;Balanced;Balanced;Balanced;4;10;6;5;7;5;6;4;5;4;4;4;4;7;0;;13;12
207;1;10;10;20;1;Standard;Balanced;Balanced;Balanced;Balanced;Balanced;Balanced;4;4;4;4;4;4;4;4;4;4;4;4;4;4;0;;14;15
208;1;15;20;15;1;Standard;Very Physical;Passive;Balanced;Prefers Veterans;Conservative;Ruthless;10;10;10;10;10;10;10;4;10;12;7;6;10;10;0;;13;12
209;1;10;15;20;1;Standard;Balanced;Balanced;Balanced;Balanced;Balanced;Balanced;4;6;9;4;6;7;7;4;5;4;4;4;4;7;0;;14;14
210;1;10;15;20;1;Standard;Balanced;Balanced;Balanced;Balanced;Balanced;Balanced;6;6;6;6;6;6;6;4;6;4;4;4;6;6;0;;15;16
211;20;15;1;1;1;Standard;Physical;Balanced;Balanced;Balanced;Balanced;Balanced;0;0;0;0;0;0;0;17;0;8;17;8;0;0;1;;13;13
212;1;15;15;20;1;Standard;Physical;Passive;Balanced;Prefers Veterans;Conservative;Loyal;4;7;7;2;4;5;5;5;4;5;5;5;2;7;0;;14;14
213;1;10;20;15;1;Standard;Balanced;Balanced;Balanced;Balanced;Innovative;Loyal;9;9;9;9;9;9;9;4;9;4;4;4;9;9;0;;13;12
214;1;10;10;20;1;Standard;Balanced;Balanced;Balanced;Balanced;Balanced;Balanced;4;4;4;4;4;4;4;4;4;4;4;4;4;4;0;;14;15
215;1;10;15;20;1;Standard;Balanced;Balanced;Balanced;Balanced;Balanced;Balanced;3;5;8;3;5;6;6;3;4;3;3;3;3;6;0;;13;12
216;10;15;20;15;1;Standard;Balanced;Balanced;Balanced;Balanced;Balanced;Balanced;9;9;9;9;9;9;9;6;9;6;6;6;9;9;0;;13;12
217;1;5;15;20;1;Defensive;Balanced;Balanced;Conservative;Balanced;Balanced;Balanced;6;3;2;3;4;2;2;1;3;1;1;1;2;4;0;;13;12
218;20;5;1;1;1;Standard;Balanced;Passive;Balanced;Balanced;Balanced;Balanced;1;1;1;1;1;1;1;3;1;3;3;3;1;1;0;;10;10
219;20;5;1;1;1;Standard;Balanced;Balanced;Balanced;Balanced;Balanced;Balanced;0;0;0;0;0;0;0;2;0;2;2;2;0;0;0;;10;10
220;20;5;1;1;1;Standard;Balanced;Balanced;Balanced;Balanced;Balanced;Balanced;0;0;0;0;0;0;0;1;0;1;1;1;0;0;0;;10;10
221;20;5;1;1;1;Standard;Balanced;Balanced;Balanced;Balanced;Balanced;Balanced;1;1;1;1;1;1;1;2;1;2;2;2;1;1;0;;10;10
222;20;5;1;1;1;Standard;Balanced;Balanced;Balanced;Balanced;Balanced;Balanced;0;0;0;0;0;0;0;1;0;1;1;1;0;0;0;;10;10
223;20;5;1;1;1;Standard;Balanced;Balanced;Balanced;Balanced;Balanced;Balanced;0;0;0;0;0;0;0;2;0;2;2;2;0;0;0;;10;10
224;10;15;15;20;1;Offensive;Balanced;Aggressive;Balanced;Balanced;Innovative;Ruthless;1;1;2;1;1;3;1;1;1;3;1;1;1;2;0;;15;15
225;1;10;10;20;1;Standard;Balanced;Balanced;Balanced;Balanced;Balanced;Balanced;4;4;4;4;4;4;4;4;4;4;4;4;4;4;0;;14;14
226;1;5;15;20;1;Standard;Balanced;Balanced;Balanced;Balanced;Balanced;Balanced;5;5;5;5;5;5;5;1;5;1;1;1;5;5;0;;13;12
227;20;5;1;1;1;Standard;Non-physical;Balanced;Balanced;Balanced;Balanced;Balanced;0;0;0;0;0;0;0;1;0;1;1;1;0;0;0;;10;10
228;20;5;1;1;1;Standard;Balanced;Balanced;Balanced;Balanced;Balanced;Balanced;0;0;0;0;0;0;0;1;0;1;1;1;0;0;0;;10;10
229;10;20;15;20;1;Standard;Balanced;Balanced;Balanced;Balanced;Balanced;Balanced;6;6;6;6;6;6;6;8;6;8;8;8;6;6;0;;15;18
230;1;10;15;20;1;Defensive;Balanced;Balanced;Balanced;Prefers Prospects;Balanced;Loyal;5;5;5;5;5;5;5;3;5;3;3;3;5;5;0;;17;17
231;1;10;10;20;1;Standard;Balanced;Balanced;Balanced;Balanced;Balanced;Balanced;4;4;4;4;4;4;4;4;4;4;4;4;4;4;0;;14;14
232;10;20;15;15;1;Standard;Balanced;Balanced;Balanced;Balanced;Balanced;Balanced;5;12;7;6;8;6;7;9;6;9;9;9;5;8;0;;15;15
233;1;10;10;20;1;Standard;Balanced;Balanced;Balanced;Balanced;Balanced;Balanced;4;4;4;4;4;4;4;4;4;4;4;4;4;4;0;;14;14
234;1;15;20;15;1;Standard;Physical;Balanced;Balanced;Prefers Veterans;Conservative;Loyal;9;9;9;9;9;9;9;7;9;7;7;7;9;9;0;;14;12
235;1;15;20;15;1;Standard;Physical;Balanced;Balanced;Balanced;Balanced;Balanced;9;9;9;9;9;9;9;7;9;7;7;7;9;9;0;;13;12
236;1;15;20;15;1;Standard;Balanced;Balanced;Balanced;Balanced;Balanced;Balanced;8;8;8;8;8;8;8;6;8;6;6;6;8;8;0;;13;12
237;10;20;15;15;1;Standard;Balanced;Balanced;Balanced;Balanced;Balanced;Balanced;5;5;5;5;5;5;5;7;5;7;7;7;5;5;0;;13;12
238;10;15;20;15;1;Defensive;Balanced;Balanced;Conservative;Balanced;Balanced;Balanced;14;6;5;7;10;5;5;5;7;5;5;5;5;9;0;;14;14
239;15;15;15;20;1;Standard;Physical;Passive;Balanced;Balanced;Innovative;Ruthless;3;4;4;2;4;4;5;3;6;3;6;3;1;4;0;;14;14
240;1;10;10;20;1;Standard;Balanced;Balanced;Balanced;Balanced;Balanced;Balanced;3;3;3;3;3;3;3;3;3;3;3;3;3;3;0;;14;14
241;10;15;10;20;1;Standard;Balanced;Balanced;Balanced;Balanced;Balanced;Balanced;3;3;3;3;3;3;3;7;3;2;7;2;3;3;0;;16;14
242;15;15;15;20;1;Standard;Balanced;Balanced;Balanced;Balanced;Balanced;Balanced;6;6;6;6;6;6;6;6;6;6;6;6;6;6;0;;14;14
243;20;5;1;1;1;Standard;Balanced;Balanced;Balanced;Balanced;Balanced;Balanced;0;0;0;0;0;0;0;2;0;2;2;2;0;0;0;;10;10
244;20;5;1;1;1;Standard;Balanced;Balanced;Balanced;Balanced;Balanced;Balanced;0;0;0;0;0;0;0;2;0;2;2;2;0;0;0;;10;10
245;20;5;1;1;1;Standard;Balanced;Balanced;Balanced;Balanced;Balanced;Balanced;0;0;0;0;0;0;0;1;0;1;1;1;0;0;0;;10;10
246;1;10;20;18;1;Standard;Balanced;Balanced;Balanced;Balanced;Balanced;Balanced;9;9;9;9;9;9;9;4;9;4;4;4;9;9;0;;13;12
247;10;15;15;20;1;Defensive;Balanced;Balanced;Conservative;Balanced;Balanced;Balanced;13;6;5;7;9;5;5;5;7;7;11;16;5;8;0;;14;14
248;15;15;10;20;1;Standard;Physical;Balanced;Balanced;Balanced;Innovative;Loyal;4;4;4;4;4;4;4;6;4;6;6;6;4;4;0;;15;15
249;15;15;16;20;1;Standard;Very Physical;Balanced;Balanced;Balanced;Balanced;Balanced;7;7;7;7;7;7;7;3;7;10;6;5;7;7;0;;13;14
250;1;10;15;20;1;Standard;Balanced;Balanced;Balanced;Balanced;Balanced;Balanced;2;6;3;3;4;3;3;2;3;2;2;2;2;4;0;;15;15
251;10;15;15;20;1;Standard;Balanced;Balanced;Balanced;Prefers Prospects;Balanced;Balanced;3;3;3;5;3;3;3;2;4;5;3;3;2;3;0;;15;15
252;20;5;1;1;1;Standard;Balanced;Balanced;Balanced;Balanced;Balanced;Balanced;0;0;0;0;0;0;0;1;0;1;1;1;0;0;0;;10;10
253;1;10;10;20;1;Standard;Balanced;Balanced;Balanced;Balanced;Balanced;Balanced;3;3;3;3;3;3;3;3;3;3;3;3;3;3;0;;14;14
254;1;10;20;15;1;Defensive;Balanced;Balanced;Conservative;Balanced;Balanced;Balanced;15;7;6;8;10;6;6;4;8;4;4;4;6;9;0;;13;12
255;1;10;10;20;1;Standard;Balanced;Balanced;Balanced;Balanced;Balanced;Balanced;4;4;4;4;4;4;4;4;4;4;4;4;4;4;0;;14;14
256;1;10;10;20;1;Standard;Balanced;Balanced;Balanced;Balanced;Balanced;Balanced;2;2;2;2;2;2;2;2;2;2;2;2;2;2;0;;14;14
257;10;20;10;15;1;Standard;Balanced;Balanced;Balanced;Balanced;Balanced;Balanced;2;2;2;2;2;2;2;5;2;5;5;5;2;2;0;;15;15
258;20;5;1;1;1;Standard;Balanced;Balanced;Balanced;Balanced;Balanced;Balanced;0;0;0;0;0;0;0;1;0;1;1;1;0;0;0;;10;10
259;20;5;1;1;1;Standard;Balanced;Passive;Balanced;Balanced;Balanced;Balanced;1;1;1;1;1;1;1;2;1;2;2;2;1;1;0;;10;10
260;5;15;15;20;1;Standard;Balanced;Balanced;Conservative;Balanced;Balanced;Balanced;8;4;3;4;6;3;3;7;4;2;4;4;3;5;0;;14;14
261;1;15;18;20;1;Standard;Balanced;Balanced;Balanced;Balanced;Balanced;Balanced;8;8;8;8;8;8;8;7;8;7;7;7;8;8;0;;13;12
262;1;10;15;20;1;Standard;Balanced;Balanced;Balanced;Balanced;Balanced;Balanced;1;3;3;3;3;3;4;2;3;2;2;2;1;2;0;;13;12
263;15;18;15;20;1;Standard;Balanced;Balanced;Balanced;Balanced;Conservative;Loyal;2;2;2;2;2;2;2;5;2;1;3;3;2;2;0;;14;15
264;15;15;15;20;1;Offensive;Physical;Balanced;Balanced;Loves Prospects;Conservative;Balanced;6;6;6;6;6;6;6;6;6;6;6;6;6;6;0;;13;14
265;1;10;10;20;1;Standard;Balanced;Balanced;Balanced;Loves Prospects;Balanced;Balanced;2;2;2;2;2;2;2;2;2;2;2;2;2;2;0;;16;18
266;20;10;1;1;1;Standard;Physical;Passive;Aggressive;Prefers Prospects;Very Conservative;Very Ruthless;2;3;3;7;6;6;9;6;10;15;9;16;5;4;1;;7;6
267;20;10;1;1;1;Standard;Balanced;Balanced;Balanced;Balanced;Balanced;Balanced;0;0;0;0;0;0;0;2;0;2;2;2;0;0;0;;11;11
268;20;5;1;1;1;Standard;Balanced;Balanced;Balanced;Balanced;Balanced;Balanced;0;0;0;0;0;0;0;2;0;2;2;2;0;0;0;;10;10
269;20;5;1;1;1;Standard;Physical;Balanced;Balanced;Balanced;Balanced;Balanced;0;0;0;0;0;0;0;2;0;2;2;2;0;0;0;;10;10
270;10;20;15;15;1;Standard;Balanced;Balanced;Balanced;Prefers Veterans;Balanced;Balanced;14;6;5;7;9;5;5;14;7;10;14;10;5;8;0;;14;14
271;10;15;15;20;1;Offensive;Balanced;Passive;Conservative;Balanced;Innovative;Loyal;3;5;5;2;3;4;4;4;3;4;4;4;1;6;0;;15;14
272;1;5;20;20;1;Defensive;Balanced;Balanced;Conservative;Balanced;Balanced;Balanced;16;7;6;9;11;6;6;2;9;2;2;2;6;10;0;;13;12
273;1;5;15;20;1;Defensive;Balanced;Balanced;Conservative;Balanced;Balanced;Balanced;11;5;4;6;8;4;4;2;6;2;2;2;4;7;0;;13;12
274;1;10;10;20;1;Standard;Balanced;Balanced;Balanced;Balanced;Balanced;Balanced;4;4;4;4;4;4;4;4;4;4;4;4;4;4;0;;14;14
275;1;15;15;20;1;Standard;Balanced;Balanced;Balanced;Prefers Prospects;Conservative;Very Loyal;4;4;4;4;4;4;4;6;4;2;6;2;4;4;0;;14;14
276;20;5;1;1;1;Standard;Balanced;Balanced;Balanced;Balanced;Balanced;Balanced;0;0;0;0;0;0;0;1;0;1;1;1;0;0;0;;10;10
277;1;15;15;20;1;Standard;Balanced;Balanced;Balanced;Balanced;Balanced;Balanced;6;6;6;6;6;6;6;6;6;6;6;6;6;6;0;;13;12
278;1;10;15;20;1;Standard;Balanced;Balanced;Balanced;Balanced;Balanced;Balanced;4;5;8;4;5;6;6;3;4;3;3;3;4;6;0;;13;12
279;1;10;16;20;1;Standard;Balanced;Balanced;Balanced;Balanced;Balanced;Loyal;5;12;7;6;8;6;7;4;6;4;4;4;5;8;0;;13;12
280;20;5;1;1;1;Standard;Balanced;Balanced;Balanced;Balanced;Balanced;Balanced;0;0;0;0;0;0;0;0;0;0;0;0;0;0;0;;10;10
281;20;5;1;1;1;Standard;Balanced;Balanced;Balanced;Balanced;Balanced;Balanced;0;0;0;0;0;0;0;1;0;1;1;1;0;0;0;;10;10
282;1;10;10;20;1;Standard;Balanced;Balanced;Balanced;Balanced;Balanced;Balanced;4;4;4;4;4;4;4;4;4;4;4;4;4;4;0;;14;14
283;1;5;15;20;1;Standard;Balanced;Balanced;Balanced;Balanced;Balanced;Balanced;4;6;9;4;6;7;7;2;5;2;2;2;4;7;0;;13;12
284;1;10;15;20;1;Standard;Balanced;Balanced;Balanced;Balanced;Balanced;Balanced;4;6;10;4;6;7;7;4;5;4;4;4;4;7;0;;13;12
285;1;10;10;20;1;Standard;Balanced;Balanced;Balanced;Balanced;Balanced;Balanced;2;2;2;2;2;2;2;2;2;2;2;2;2;2;0;;14;14
286;1;10;10;20;1;Standard;Balanced;Balanced;Balanced;Balanced;Balanced;Balanced;4;4;4;4;4;4;4;4;4;4;4;4;4;4;0;;14;14
287;15;15;5;20;1;Standard;Balanced;Balanced;Balanced;Balanced;Balanced;Balanced;1;1;1;1;1;1;1;5;1;5;5;5;1;1;0;;13;13
288;1;10;15;20;1;Standard;Balanced;Balanced;Balanced;Balanced;Balanced;Balanced;4;4;4;4;4;4;4;3;4;3;3;3;4;4;0;;13;12
289;1;1;1;1;20;Standard;Balanced;Balanced;Balanced;Balanced;Balanced;Balanced;0;0;0;0;0;0;0;0;0;0;0;0;0;0;16;;1;1
290;10;20;10;20;1;Standard;Balanced;Balanced;Balanced;Balanced;Balanced;Balanced;1;1;1;1;1;1;1;2;1;3;2;5;1;1;0;;14;14
291;1;5;15;20;1;Standard;Balanced;Balanced;Balanced;Balanced;Balanced;Balanced;4;6;9;4;6;7;7;2;5;2;2;2;4;7;0;;13;12
292;10;15;15;20;1;Standard;Balanced;Balanced;Balanced;Balanced;Balanced;Balanced;6;6;6;6;6;6;6;6;6;6;6;6;6;6;0;;14;14
293;1;10;10;20;1;Standard;Balanced;Balanced;Balanced;Balanced;Balanced;Balanced;4;4;4;4;4;4;4;4;4;4;4;4;4;4;0;;14;14
294;20;5;1;1;1;Standard;Balanced;Balanced;Balanced;Balanced;Balanced;Balanced;0;0;0;0;0;0;0;1;0;1;1;1;0;0;0;;10;10
295;20;5;1;1;1;Standard;Balanced;Balanced;Balanced;Balanced;Balanced;Balanced;0;0;0;0;0;0;0;2;0;2;2;2;0;0;0;;10;10
296;1;10;20;18;1;Standard;Balanced;Balanced;Balanced;Balanced;Balanced;Balanced;6;9;14;6;9;10;10;4;7;4;4;4;6;10;0;;13;12
297;20;10;1;1;1;Standard;Balanced;Balanced;Balanced;Balanced;Innovative;Loyal;0;0;0;0;0;0;0;4;0;4;4;4;0;0;0;;5;5
298;1;15;15;20;1;Standard;Balanced;Balanced;Balanced;Balanced;Balanced;Balanced;4;9;5;4;6;4;5;5;4;5;5;5;4;6;0;;13;12
299;1;15;15;20;1;Standard;Balanced;Balanced;Balanced;Balanced;Balanced;Balanced;5;5;5;5;5;5;5;5;5;5;5;5;5;5;0;;13;12
300;1;1;5;1;20;Standard;Balanced;Balanced;Balanced;Balanced;Balanced;Loyal;3;3;3;3;3;3;3;0;3;0;0;0;3;3;18;;8;8
301;10;20;15;15;1;Standard;Balanced;Balanced;Balanced;Balanced;Balanced;Balanced;4;6;10;4;6;7;7;9;5;9;9;9;4;7;0;;14;14
302;1;10;15;20;1;Standard;Balanced;Balanced;Balanced;Balanced;Balanced;Balanced;5;5;5;5;5;5;5;3;5;3;3;3;5;5;0;;13;12
303;1;10;15;20;1;Standard;Balanced;Balanced;Balanced;Balanced;Balanced;Balanced;3;5;8;3;5;6;6;3;4;3;3;3;3;6;0;;13;12
304;1;15;20;15;1;Standard;Balanced;Balanced;Conservative;Balanced;Balanced;Loyal;6;10;10;4;6;7;7;9;6;2;5;5;3;12;0;;12;12
305;1;15;15;20;1;Standard;Balanced;Balanced;Balanced;Balanced;Balanced;Balanced;3;4;6;3;4;4;4;4;3;4;4;4;3;4;0;;13;12
306;1;10;18;20;1;Standard;Balanced;Balanced;Balanced;Balanced;Balanced;Balanced;6;6;6;6;6;6;6;3;6;3;3;3;6;6;0;;13;12
307;1;15;15;20;1;Standard;Balanced;Balanced;Balanced;Balanced;Balanced;Balanced;4;10;5;5;6;5;5;5;5;5;5;5;4;6;0;;13;12
308;1;15;15;20;1;Standard;Balanced;Balanced;Balanced;Balanced;Balanced;Balanced;6;6;6;6;6;6;6;6;6;6;6;6;6;6;0;;13;12
309;1;5;15;20;1;Standard;Balanced;Balanced;Balanced;Balanced;Balanced;Balanced;4;6;9;4;6;7;7;2;5;2;2;2;4;7;0;;13;12
310;1;5;15;20;1;Standard;Balanced;Balanced;Balanced;Balanced;Balanced;Balanced;6;6;6;6;6;6;6;2;6;2;2;2;6;6;0;;13;12
311;1;15;15;20;1;Standard;Balanced;Balanced;Balanced;Balanced;Balanced;Balanced;6;6;6;6;6;6;6;6;6;6;6;6;6;6;0;;13;12
312;1;5;15;20;1;Standard;Balanced;Balanced;Balanced;Balanced;Balanced;Balanced;6;6;6;6;6;6;6;2;6;2;2;2;6;6;0;;13;12
313;1;1;1;1;20;Standard;Balanced;Balanced;Balanced;Balanced;Balanced;Balanced;0;0;0;0;0;0;0;0;0;0;0;0;0;0;16;;1;1
314;1;10;10;20;1;Standard;Balanced;Balanced;Balanced;Balanced;Balanced;Balanced;2;2;2;2;2;2;2;2;2;2;2;2;2;2;0;;14;14
315;1;10;15;20;1;Standard;Balanced;Balanced;Conservative;Prefers Veterans;Conservative;Balanced;1;1;2;1;1;2;2;1;1;1;1;1;1;2;0;;13;12
316;1;10;15;20;1;Standard;Balanced;Balanced;Balanced;Balanced;Balanced;Balanced;3;5;8;3;5;5;5;3;4;3;3;3;3;5;0;;13;12
317;20;5;1;1;1;Standard;Balanced;Balanced;Balanced;Balanced;Balanced;Balanced;0;0;0;0;0;0;0;1;0;1;1;1;0;0;0;;10;10
318;1;10;16;20;1;Standard;Balanced;Balanced;Balanced;Balanced;Balanced;Balanced;2;6;3;3;4;3;3;2;3;2;2;2;2;4;0;;13;12
319;10;15;10;20;1;Standard;Balanced;Balanced;Balanced;Balanced;Balanced;Balanced;4;4;4;4;4;4;4;6;4;6;6;6;4;4;0;;14;14
320;20;5;1;1;1;Standard;Balanced;Balanced;Balanced;Balanced;Balanced;Balanced;0;0;0;0;0;0;0;1;0;1;1;1;0;0;0;;10;10
321;20;5;1;1;1;Standard;Balanced;Balanced;Balanced;Balanced;Balanced;Balanced;0;0;0;0;0;0;0;1;0;1;1;1;0;0;0;;10;10
322;20;5;1;1;1;Standard;Balanced;Balanced;Balanced;Balanced;Balanced;Balanced;0;0;0;0;0;0;0;1;0;1;1;1;0;0;0;;10;10
323;20;5;1;1;1;Standard;Balanced;Balanced;Balanced;Balanced;Balanced;Balanced;0;0;0;0;0;0;0;0;0;0;0;0;0;0;0;;10;10
324;20;5;1;1;1;Standard;Balanced;Balanced;Balanced;Balanced;Balanced;Balanced;0;0;0;0;0;0;0;1;0;1;1;1;0;0;0;;10;10
325;10;15;10;20;1;Standard;Balanced;Balanced;Balanced;Balanced;Balanced;Balanced;3;3;3;3;3;3;3;5;3;5;5;5;3;3;0;;14;14
326;10;15;15;20;1;Standard;Balanced;Balanced;Balanced;Balanced;Balanced;Balanced;3;4;7;3;4;5;5;4;3;4;4;4;3;5;0;;14;14
327;20;5;1;1;1;Standard;Balanced;Balanced;Balanced;Balanced;Balanced;Balanced;0;0;0;0;0;0;0;2;0;2;2;2;0;0;0;;10;10
328;20;5;1;1;1;Standard;Balanced;Balanced;Balanced;Balanced;Balanced;Balanced;0;0;0;0;0;0;0;1;0;1;1;1;0;0;0;;10;10
329;20;5;1;1;1;Standard;Balanced;Balanced;Balanced;Balanced;Balanced;Balanced;0;0;0;0;0;0;0;2;0;2;2;2;0;0;0;;10;10
330;1;10;15;20;1;Standard;Balanced;Balanced;Balanced;Balanced;Balanced;Balanced;4;6;10;4;6;7;7;4;5;4;4;4;4;7;0;;13;12
331;10;15;15;20;1;Standard;Balanced;Balanced;Balanced;Balanced;Balanced;Balanced;4;5;8;4;5;6;6;5;4;5;5;5;4;6;0;;14;14
332;20;5;1;1;1;Standard;Balanced;Balanced;Balanced;Balanced;Balanced;Balanced;0;0;0;0;0;0;0;1;0;1;1;1;0;0;0;;10;10
333;20;5;1;1;1;Standard;Balanced;Balanced;Balanced;Balanced;Balanced;Balanced;0;0;0;0;0;0;0;2;0;2;2;2;0;0;0;;10;10
334;20;5;1;1;1;Standard;Balanced;Balanced;Balanced;Balanced;Balanced;Balanced;0;0;0;0;0;0;0;2;0;2;2;2;0;0;0;;10;10
335;20;5;1;1;1;Standard;Balanced;Balanced;Balanced;Balanced;Balanced;Balanced;0;0;0;0;0;0;0;1;0;1;1;1;0;0;0;;10;10
336;20;5;1;1;1;Standard;Balanced;Balanced;Balanced;Balanced;Balanced;Balanced;0;0;0;0;0;0;0;0;0;0;0;0;0;0;0;;10;10
337;20;5;1;1;1;Standard;Balanced;Balanced;Balanced;Balanced;Balanced;Balanced;0;0;0;0;0;0;0;2;0;2;2;2;0;0;0;;10;10
338;10;15;10;20;1;Standard;Balanced;Balanced;Balanced;Balanced;Balanced;Balanced;1;1;1;1;1;1;1;2;1;2;2;2;1;1;0;;14;14
339;20;5;1;1;1;Standard;Balanced;Balanced;Balanced;Balanced;Balanced;Balanced;0;0;0;0;0;0;0;2;0;2;2;2;0;0;0;;10;10
340;20;5;1;1;1;Standard;Balanced;Balanced;Balanced;Balanced;Balanced;Balanced;0;0;0;0;0;0;0;1;0;1;1;1;0;0;0;;10;10
341;20;5;1;1;1;Offensive;Balanced;Balanced;Balanced;Prefers Veterans;Very Innovative;Very Ruthless;0;0;0;0;0;0;0;0;0;0;0;0;0;0;0;;8;8
342;20;5;1;1;1;Standard;Balanced;Balanced;Balanced;Balanced;Balanced;Balanced;0;0;0;0;0;0;0;1;0;1;1;1;0;0;0;;10;10
343;20;5;1;1;1;Standard;Balanced;Balanced;Balanced;Balanced;Balanced;Balanced;0;0;0;0;0;0;0;2;0;2;2;2;0;0;0;;10;10
344;10;15;15;20;1;Standard;Balanced;Balanced;Balanced;Balanced;Balanced;Balanced;6;6;6;6;6;6;6;6;6;6;6;6;6;6;0;;14;14
345;20;5;1;1;1;Standard;Balanced;Balanced;Balanced;Balanced;Balanced;Balanced;0;0;0;0;0;0;0;1;0;1;1;1;0;0;0;;10;10
346;20;5;1;1;1;Standard;Balanced;Balanced;Balanced;Balanced;Balanced;Balanced;0;0;0;0;0;0;0;2;0;2;2;2;0;0;0;;10;10
347;20;5;1;1;1;Standard;Balanced;Balanced;Balanced;Balanced;Balanced;Balanced;0;0;0;0;0;0;0;1;0;1;1;1;0;0;0;;10;10
348;20;5;1;1;1;Standard;Balanced;Balanced;Balanced;Balanced;Balanced;Balanced;0;0;0;0;0;0;0;1;0;1;1;1;0;0;0;;10;10
349;20;5;1;1;1;Standard;Balanced;Balanced;Balanced;Balanced;Balanced;Balanced;0;0;0;0;0;0;0;1;0;1;1;1;0;0;0;;10;10
350;20;5;1;1;1;Standard;Balanced;Balanced;Balanced;Balanced;Balanced;Balanced;0;0;0;0;0;0;0;1;0;1;1;1;0;0;0;;10;10
351;20;5;1;1;1;Standard;Balanced;Balanced;Balanced;Balanced;Balanced;Balanced;0;0;0;0;0;0;0;1;0;1;1;1;0;0;0;;10;10
352;5;12;15;20;0;Defensive;Balanced;Balanced;Balanced;Prefers Veterans;Balanced;Balanced;4;10;6;5;7;5;6;4;5;4;4;4;4;7;0;;13;13
353;1;1;1;1;20;Standard;Balanced;Balanced;Balanced;Balanced;Balanced;Very Loyal;0;0;0;0;0;0;0;0;0;0;0;0;0;0;18;;5;5
354;1;10;15;20;1;Standard;Non-physical;Balanced;Balanced;Balanced;Balanced;Balanced;5;5;5;5;5;5;5;3;5;3;3;3;5;5;0;;14;14
355;1;15;15;20;1;Standard;Non-physical;Aggressive;Balanced;Balanced;Innovative;Balanced;4;4;4;4;4;4;4;4;4;4;4;4;4;4;0;;14;14
356;1;15;15;20;1;Defensive;Non-physical;Aggressive;Balanced;Balanced;Balanced;Loyal;5;5;5;5;5;5;5;5;5;5;5;5;5;5;0;;14;14
357;1;15;15;20;1;Standard;Non-physical;Balanced;Balanced;Balanced;Balanced;Balanced;4;4;4;4;4;4;4;4;4;4;4;4;4;4;0;;12;12
358;1;15;15;20;1;Standard;Non-physical;Balanced;Balanced;Balanced;Innovative;Balanced;4;4;4;4;4;4;4;3;4;4;3;7;4;4;0;;15;15
359;1;15;20;16;1;Standard;Non-physical;Aggressive;Aggressive;Balanced;Balanced;Ruthless;16;18;18;17;18;19;17;8;16;20;12;15;19;18;0;;17;16
360;1;10;15;20;1;Standard;Balanced;Balanced;Balanced;Prefers Veterans;Balanced;Balanced;3;7;4;3;4;3;4;2;3;2;2;2;3;4;0;;12;11
361;1;15;15;20;1;Standard;Non-physical;Passive;Balanced;Balanced;Balanced;Balanced;3;3;3;3;3;3;3;3;3;3;3;3;3;3;0;;11;11
362;1;10;15;20;1;Standard;Balanced;Balanced;Balanced;Balanced;Balanced;Balanced;5;5;5;5;5;5;5;3;5;3;3;3;5;5;0;;12;12
363;1;10;15;20;1;Standard;Non-physical;Balanced;Balanced;Balanced;Balanced;Balanced;3;3;3;3;3;3;3;2;3;2;2;2;3;3;0;;13;13
364;1;15;15;20;1;Offensive;Non-physical;Balanced;Balanced;Balanced;Balanced;Balanced;4;6;9;4;6;7;7;6;5;6;6;6;4;7;0;;14;14
365;1;15;15;20;1;Standard;Non-physical;Aggressive;Balanced;Balanced;Balanced;Ruthless;9;9;9;9;9;9;9;9;9;9;9;9;9;9;0;;16;14
366;1;10;15;20;1;Offensive;Non-physical;Balanced;Balanced;Balanced;Balanced;Balanced;3;5;8;3;5;6;6;3;4;3;3;3;3;6;0;;13;13
367;1;15;15;20;1;Standard;Non-physical;Passive;Balanced;Balanced;Conservative;Balanced;1;1;1;1;1;1;1;1;1;1;1;1;1;1;0;;13;13
368;1;15;15;20;1;Defensive;Non-physical;Aggressive;Balanced;Balanced;Innovative;Balanced;3;4;5;5;5;5;4;5;3;5;5;5;5;9;0;;15;15
369;1;15;15;20;1;Standard;Balanced;Aggressive;Balanced;Prefers Veterans;Balanced;Loyal;2;3;5;2;3;4;4;3;3;3;3;3;2;4;0;;14;14
370;1;10;15;20;1;Standard;Non-physical;Passive;Balanced;Balanced;Balanced;Balanced;4;4;4;4;4;4;4;2;4;2;2;2;4;4;0;;12;12
371;1;10;15;20;1;Standard;Non-physical;Passive;Balanced;Balanced;Balanced;Balanced;4;4;4;4;4;4;4;3;4;3;3;3;4;4;0;;12;12
372;10;15;15;20;1;Standard;Balanced;Balanced;Balanced;Balanced;Balanced;Balanced;1;1;1;1;1;1;1;1;1;1;1;1;1;1;0;;14;14
373;1;10;15;20;1;Standard;Balanced;Passive;Balanced;Balanced;Balanced;Balanced;4;4;4;4;4;4;4;2;4;2;2;2;4;4;0;;11;11
374;15;15;10;20;1;Standard;Balanced;Passive;Balanced;Balanced;Conservative;Balanced;2;2;2;2;2;2;2;4;2;4;4;4;2;2;0;;13;13
375;1;15;15;20;1;Standard;Balanced;Balanced;Balanced;Balanced;Balanced;Balanced;4;4;4;4;4;4;4;4;4;4;4;4;4;4;0;;13;13
376;15;15;10;20;1;Standard;Balanced;Passive;Balanced;Balanced;Conservative;Balanced;2;2;2;2;2;2;2;3;2;3;3;3;2;2;0;;13;13
377;1;15;15;20;1;Standard;Non-physical;Balanced;Balanced;Balanced;Balanced;Balanced;4;4;4;4;4;4;4;4;4;4;4;4;4;4;0;;11;11
378;1;15;15;20;1;Standard;Balanced;Balanced;Balanced;Balanced;Balanced;Balanced;6;6;6;6;6;6;6;6;6;6;6;6;6;6;0;;13;13
379;1;15;15;20;1;Standard;Balanced;Balanced;Balanced;Balanced;Balanced;Balanced;4;5;9;4;5;6;6;5;5;5;5;5;4;6;0;;14;14
380;1;10;15;20;1;Standard;Non-physical;Aggressive;Balanced;Prefers Prospects;Balanced;Loyal;4;4;5;5;5;5;4;3;4;3;3;3;5;10;0;;12;12
381;1;10;15;20;1;Standard;Non-physical;Balanced;Balanced;Balanced;Balanced;Balanced;4;5;9;4;5;6;6;3;4;3;3;3;4;6;0;;12;12
382;1;10;15;20;1;Standard;Non-physical;Balanced;Balanced;Balanced;Balanced;Balanced;5;5;5;5;5;5;5;3;5;3;3;3;5;5;0;;12;12
383;1;15;15;20;1;Defensive;Non-physical;Balanced;Balanced;Balanced;Balanced;Balanced;5;7;4;4;9;3;4;5;4;5;5;5;5;7;0;;12;12
384;1;15;15;20;1;Standard;Non-physical;Balanced;Balanced;Balanced;Balanced;Balanced;5;5;5;5;5;5;5;5;5;5;5;5;5;5;0;;12;12
385;1;10;15;20;1;Standard;Balanced;Balanced;Balanced;Prefers Veterans;Balanced;Loyal;4;5;9;4;5;6;6;3;4;3;3;3;4;6;0;;14;14
386;1;10;15;20;1;Standard;Non-physical;Balanced;Balanced;Balanced;Conservative;Balanced;5;5;5;5;5;5;5;3;5;3;3;3;5;5;0;;14;14
387;15;15;10;20;1;Standard;Non-physical;Balanced;Balanced;Balanced;Balanced;Balanced;3;3;3;3;3;3;3;5;3;5;5;5;3;3;0;;14;14
388;15;15;10;20;1;Standard;Balanced;Passive;Balanced;Balanced;Conservative;Balanced;3;3;3;3;3;3;3;5;3;5;5;5;3;3;0;;13;13
389;1;15;15;20;1;Standard;Non-physical;Passive;Balanced;Balanced;Conservative;Balanced;4;4;4;4;4;4;4;4;4;4;4;4;4;4;0;;10;10
390;1;15;20;15;1;Standard;Non-physical;Aggressive;Aggressive;Balanced;Balanced;Balanced;10;12;14;14;14;14;12;10;10;10;10;10;14;20;0;;16;18
391;1;15;15;20;1;Standard;Non-physical;Passive;Balanced;Balanced;Conservative;Balanced;2;2;3;3;3;3;2;3;2;3;3;3;3;5;0;;10;10
392;15;20;10;15;1;Standard;Non-physical;Balanced;Balanced;Balanced;Balanced;Balanced;3;3;4;4;4;4;3;6;3;9;6;14;4;8;0;;14;16
393;1;10;15;20;1;Standard;Non-physical;Balanced;Balanced;Balanced;Balanced;Balanced;6;6;6;6;6;6;6;4;6;4;4;4;6;6;0;;15;15
394;1;15;15;20;1;Standard;Balanced;Passive;Balanced;Balanced;Conservative;Balanced;2;2;2;2;2;2;2;2;2;2;2;2;2;2;0;;10;10
395;1;10;15;20;1;Standard;Non-physical;Balanced;Balanced;Balanced;Conservative;Balanced;5;5;5;5;5;5;5;3;5;3;3;3;5;5;0;;11;11
396;1;10;15;20;1;Standard;Balanced;Balanced;Balanced;Balanced;Balanced;Balanced;4;4;4;4;4;4;4;3;4;3;3;3;4;4;0;;11;11
397;1;15;16;20;1;Standard;Balanced;Passive;Balanced;Balanced;Conservative;Loyal;3;3;3;3;3;3;3;2;3;3;2;5;3;3;0;;12;12
398;1;15;15;20;1;Standard;Non-physical;Balanced;Balanced;Balanced;Balanced;Balanced;3;4;4;4;4;4;4;4;3;4;4;4;4;8;0;;11;11
399;15;15;15;20;1;Standard;Balanced;Balanced;Balanced;Balanced;Balanced;Balanced;4;4;4;4;4;4;4;4;4;4;4;4;4;4;0;;14;14
400;1;10;15;20;1;Defensive;Balanced;Balanced;Balanced;Balanced;Balanced;Loyal;4;11;6;5;7;5;6;4;5;4;4;4;4;7;0;;14;14
401;1;10;15;20;1;Standard;Non-physical;Passive;Balanced;Balanced;Conservative;Balanced;4;4;4;4;4;4;4;3;4;3;3;3;4;4;0;;13;13
402;1;15;15;20;1;Standard;Balanced;Aggressive;Balanced;Balanced;Balanced;Ruthless;2;5;5;8;6;6;5;3;12;9;6;5;2;6;0;;13;15
403;1;15;15;20;1;Standard;Balanced;Passive;Balanced;Balanced;Conservative;Balanced;3;3;3;3;3;3;3;3;3;3;3;3;3;3;0;;12;12
404;1;10;15;20;1;Offensive;Non-physical;Balanced;Balanced;Prefers Veterans;Balanced;Balanced;3;5;7;3;5;5;5;3;4;3;3;3;3;5;0;;16;14
405;1;15;15;20;1;Standard;Balanced;Passive;Balanced;Balanced;Conservative;Balanced;2;2;2;2;2;2;2;2;2;2;2;2;2;2;0;;10;10
406;1;10;15;20;1;Standard;Non-physical;Passive;Balanced;Balanced;Balanced;Balanced;4;4;4;4;4;4;4;3;4;3;3;3;4;4;0;;12;12
407;1;10;15;20;1;Offensive;Non-physical;Passive;Balanced;Prefers Veterans;Balanced;Balanced;4;4;4;4;4;4;4;3;4;3;3;3;4;4;0;;11;11
408;1;15;15;20;1;Standard;Non-physical;Passive;Balanced;Balanced;Balanced;Balanced;3;3;3;3;3;3;3;3;3;3;3;3;3;3;0;;11;11
409;1;10;15;20;1;Standard;Non-physical;Passive;Balanced;Balanced;Conservative;Balanced;4;4;4;4;4;4;4;3;4;3;3;3;4;4;0;;11;11
410;1;10;15;20;1;Standard;Non-physical;Passive;Balanced;Balanced;Balanced;Balanced;4;4;4;4;4;4;4;2;4;2;2;2;4;4;0;;10;10
411;1;1;1;1;20;Standard;Balanced;Balanced;Balanced;Balanced;Balanced;Balanced;0;0;0;0;0;0;0;0;0;0;0;0;0;0;16;;5;5
412;20;5;1;1;1;Standard;Balanced;Balanced;Balanced;Balanced;Balanced;Balanced;0;0;0;0;0;0;0;1;0;1;1;1;0;0;0;;0;0
413;0;15;20;15;0;Standard;Balanced;Balanced;Balanced;Balanced;Balanced;Balanced;2;2;2;2;2;2;2;1;2;1;1;1;2;2;0;;5;5
414;0;15;20;15;0;Standard;Balanced;Balanced;Balanced;Balanced;Balanced;Balanced;1;1;1;1;1;1;1;1;1;1;1;1;1;1;0;;4;4
415;0;15;20;15;0;Standard;Balanced;Balanced;Balanced;Balanced;Balanced;Balanced;2;2;2;2;2;2;2;1;2;1;1;1;2;2;0;;5;5
416;0;15;20;15;0;Standard;Balanced;Balanced;Balanced;Balanced;Balanced;Balanced;2;2;2;2;2;2;2;1;2;1;1;1;2;2;0;;5;5
417;0;15;20;15;0;Standard;Balanced;Balanced;Balanced;Balanced;Balanced;Balanced;1;1;1;1;1;1;1;1;1;1;1;1;1;1;0;;4;4
418;0;10;20;15;0;Standard;Balanced;Balanced;Balanced;Balanced;Balanced;Balanced;1;1;1;1;1;1;1;0;1;0;0;0;1;1;0;;4;4
419;0;10;20;15;0;Standard;Balanced;Balanced;Balanced;Balanced;Balanced;Balanced;1;1;1;1;1;1;1;0;1;0;0;0;1;1;0;;4;4
420;0;10;20;15;0;Standard;Balanced;Balanced;Balanced;Balanced;Balanced;Balanced;2;2;2;2;2;2;2;1;2;1;1;1;2;2;0;;4;4
421;0;10;20;15;0;Standard;Balanced;Balanced;Balanced;Balanced;Balanced;Balanced;1;1;1;1;1;1;1;0;1;0;0;0;1;1;0;;4;4
422;0;15;20;15;0;Standard;Balanced;Balanced;Balanced;Balanced;Balanced;Balanced;2;2;2;2;2;2;2;1;2;1;1;1;2;2;0;;5;5
423;0;10;20;15;0;Standard;Balanced;Balanced;Balanced;Balanced;Balanced;Balanced;2;2;2;2;2;2;2;1;2;1;1;1;2;2;0;;4;4
424;0;10;20;15;0;Standard;Balanced;Balanced;Balanced;Balanced;Balanced;Balanced;2;2;2;2;2;2;2;1;2;1;1;1;2;2;0;;5;5
425;0;10;20;15;0;Standard;Balanced;Balanced;Balanced;Balanced;Balanced;Balanced;1;1;1;1;1;1;1;0;1;0;0;0;1;1;0;;4;4
426;0;10;20;15;0;Standard;Balanced;Balanced;Balanced;Balanced;Balanced;Balanced;2;2;2;2;2;2;2;1;2;1;1;1;2;2;0;;4;4
427;0;10;20;15;0;Standard;Balanced;Balanced;Balanced;Balanced;Balanced;Balanced;2;2;2;2;2;2;2;1;2;1;1;1;2;2;0;;4;4
428;0;15;20;15;0;Standard;Balanced;Balanced;Balanced;Balanced;Balanced;Balanced;2;2;2;2;2;2;2;1;2;1;1;1;2;2;0;;4;4
429;0;0;0;0;20;Standard;Balanced;Balanced;Balanced;Balanced;Balanced;Balanced;0;0;0;0;0;0;0;0;0;0;0;0;0;0;14;;0;0
430;0;0;0;0;20;Standard;Balanced;Balanced;Balanced;Balanced;Balanced;Balanced;0;0;0;0;0;0;0;0;0;0;0;0;0;0;14;;0;0
431;10;15;10;20;1;Standard;Balanced;Balanced;Balanced;Prefers Prospects;Innovative;Balanced;1;1;1;0;1;1;1;2;1;1;2;1;0;1;0;;7;7
432;0;0;0;0;20;Standard;Balanced;Balanced;Balanced;Balanced;Balanced;Balanced;0;0;0;0;0;0;0;0;0;0;0;0;0;0;14;;0;0
433;0;0;0;0;20;Standard;Balanced;Balanced;Balanced;Balanced;Balanced;Balanced;0;0;0;0;0;0;0;0;0;0;0;0;0;0;14;;0;0
434;0;5;20;15;0;Standard;Balanced;Balanced;Balanced;Balanced;Balanced;Balanced;2;2;2;2;2;2;2;0;2;0;0;0;2;2;0;;4;4
435;1;1;5;1;20;Standard;Balanced;Balanced;Balanced;Balanced;Balanced;Balanced;2;2;2;2;2;2;2;1;2;1;1;1;2;2;17;;1;1
436;1;1;5;1;20;Standard;Balanced;Balanced;Balanced;Balanced;Balanced;Balanced;2;2;2;2;2;2;2;0;2;0;0;0;2;2;17;;0;0
437;20;0;0;0;0;Standard;Balanced;Balanced;Balanced;Balanced;Balanced;Balanced;0;0;0;0;0;0;0;0;0;0;0;0;0;0;0;;0;0
438;20;0;0;0;0;Standard;Balanced;Balanced;Balanced;Balanced;Balanced;Balanced;0;0;0;0;0;0;0;0;0;0;0;0;0;0;0;;0;0
439;20;0;0;0;0;Standard;Balanced;Balanced;Balanced;Balanced;Balanced;Balanced;0;0;0;0;0;0;0;0;0;0;0;0;0;0;0;;0;0
440;20;0;0;0;0;Standard;Balanced;Balanced;Balanced;Balanced;Balanced;Balanced;0;0;0;0;0;0;0;0;0;0;0;0;0;0;0;;0;0
441;20;0;0;0;0;Standard;Balanced;Balanced;Balanced;Balanced;Balanced;Balanced;0;0;0;0;0;0;0;0;0;0;0;0;0;0;0;;0;0
442;20;0;0;0;0;Standard;Balanced;Balanced;Balanced;Balanced;Balanced;Balanced;0;0;0;0;0;0;0;0;0;0;0;0;0;0;0;;0;0
443;20;0;0;0;0;Standard;Balanced;Balanced;Balanced;Balanced;Balanced;Balanced;0;0;0;0;0;0;0;0;0;0;0;0;0;0;0;;0;0
444;20;0;0;0;0;Standard;Balanced;Balanced;Balanced;Balanced;Balanced;Balanced;0;0;0;0;0;0;0;0;0;0;0;0;0;0;0;;0;0
445;20;0;0;0;0;Standard;Balanced;Balanced;Balanced;Balanced;Balanced;Balanced;0;0;0;0;0;0;0;0;0;0;0;0;0;0;0;;0;0
446;20;0;0;0;0;Standard;Balanced;Balanced;Balanced;Balanced;Balanced;Balanced;0;0;0;0;0;0;0;0;0;0;0;0;0;0;0;;0;0
447;20;0;0;0;0;Standard;Balanced;Balanced;Balanced;Balanced;Balanced;Balanced;0;0;0;0;0;0;0;0;0;0;0;0;0;0;0;;0;0
448;10;20;15;15;0;Standard;Balanced;Balanced;Balanced;Balanced;Balanced;Balanced;2;2;2;2;2;2;2;3;2;3;3;3;2;2;0;;11;11
449;0;15;20;15;0;Standard;Balanced;Balanced;Balanced;Balanced;Balanced;Balanced;9;9;9;9;9;9;9;7;9;7;7;7;9;9;0;;10;10
450;0;10;10;20;0;Standard;Balanced;Balanced;Balanced;Balanced;Balanced;Balanced;3;3;3;3;3;3;3;3;3;3;3;3;3;3;0;;10;10
451;0;0;0;0;20;Standard;Balanced;Balanced;Balanced;Balanced;Balanced;Balanced;0;0;0;0;0;0;0;0;0;0;0;0;0;0;16;;1;1
452;20;0;0;0;0;Standard;Balanced;Balanced;Balanced;Balanced;Balanced;Balanced;0;0;0;0;0;0;0;0;0;0;0;0;0;0;0;;0;0
453;20;0;0;0;0;Standard;Balanced;Balanced;Balanced;Balanced;Balanced;Balanced;0;0;0;0;0;0;0;0;0;0;0;0;0;0;0;;0;0
454;0;15;20;15;0;Standard;Balanced;Balanced;Balanced;Balanced;Balanced;Balanced;4;4;4;4;4;4;4;3;4;3;3;3;4;4;0;;8;8
455;0;15;20;15;0;Standard;Balanced;Balanced;Balanced;Balanced;Balanced;Balanced;2;2;2;2;2;2;2;1;2;1;1;1;2;2;0;;7;7
456;0;15;20;15;0;Standard;Balanced;Balanced;Balanced;Balanced;Balanced;Balanced;7;7;7;7;7;7;7;5;7;5;5;5;7;7;0;;8;8
457;0;10;20;15;0;Standard;Balanced;Balanced;Balanced;Balanced;Balanced;Balanced;7;7;7;7;7;7;7;3;7;3;3;3;7;7;0;;7;7
458;10;20;10;15;0;Standard;Balanced;Balanced;Balanced;Balanced;Balanced;Balanced;4;4;4;4;4;4;4;9;4;9;9;9;4;4;0;;14;14
459;20;0;0;0;0;Standard;Balanced;Balanced;Balanced;Balanced;Balanced;Balanced;0;0;0;0;0;0;0;0;0;0;0;0;0;0;0;;0;0
460;20;0;0;0;0;Standard;Balanced;Balanced;Balanced;Balanced;Balanced;Balanced;0;0;0;0;0;0;0;0;0;0;0;0;0;0;0;;0;0
461;0;10;15;15;0;Standard;Balanced;Balanced;Balanced;Balanced;Balanced;Balanced;5;5;5;5;5;5;5;3;5;3;3;3;5;5;0;;8;8
462;0;15;20;15;0;Standard;Balanced;Balanced;Balanced;Balanced;Balanced;Balanced;7;7;7;7;7;7;7;5;7;5;5;5;7;7;0;;7;7
463;20;0;0;0;0;Standard;Balanced;Balanced;Balanced;Balanced;Balanced;Balanced;0;0;0;0;0;0;0;0;0;0;0;0;0;0;0;;0;0
464;0;0;0;0;20;Standard;Balanced;Balanced;Balanced;Balanced;Balanced;Balanced;0;0;0;0;0;0;0;0;0;0;0;0;0;0;12;;0;0
465;0;15;20;15;0;Standard;Balanced;Balanced;Balanced;Balanced;Balanced;Balanced;7;7;7;7;7;7;7;5;7;5;5;5;7;7;0;;7;7
466;0;0;0;0;20;Standard;Balanced;Balanced;Balanced;Balanced;Balanced;Balanced;0;0;0;0;0;0;0;0;0;0;0;0;0;0;16;;1;1
467;20;0;0;0;0;Standard;Balanced;Balanced;Balanced;Balanced;Balanced;Balanced;0;0;0;0;0;0;0;0;0;0;0;0;0;0;0;;0;0
468;20;0;0;0;0;Standard;Balanced;Balanced;Balanced;Balanced;Balanced;Balanced;0;0;0;0;0;0;0;0;0;0;0;0;0;0;0;;0;0
469;0;0;0;0;20;Standard;Balanced;Balanced;Balanced;Balanced;Balanced;Balanced;0;0;0;0;0;0;0;0;0;0;0;0;0;0;29;;0;0
470;20;0;0;0;0;Standard;Balanced;Balanced;Balanced;Balanced;Balanced;Balanced;0;0;0;0;0;0;0;0;0;0;0;0;0;0;0;;0;0
471;0;15;20;15;0;Standard;Balanced;Balanced;Balanced;Balanced;Balanced;Balanced;3;3;3;3;3;3;3;2;3;2;2;2;3;3;0;;7;7
472;0;15;20;15;0;Standard;Balanced;Balanced;Balanced;Balanced;Balanced;Balanced;6;6;6;6;6;6;6;4;6;4;4;4;6;6;0;;6;6
473;0;0;0;0;20;Standard;Balanced;Balanced;Balanced;Balanced;Balanced;Balanced;0;0;0;0;0;0;0;0;0;0;0;0;0;0;15;;0;0
474;0;0;0;0;20;Standard;Balanced;Balanced;Balanced;Balanced;Balanced;Balanced;0;0;0;0;0;0;0;0;0;0;0;0;0;0;12;;0;0
475;0;15;20;15;0;Standard;Balanced;Balanced;Balanced;Balanced;Balanced;Balanced;6;6;6;6;6;6;6;4;6;4;4;4;6;6;0;;7;7
476;10;20;10;15;0;Standard;Balanced;Balanced;Balanced;Balanced;Balanced;Balanced;4;4;4;4;4;4;4;9;4;9;9;9;4;4;0;;28;28
477;0;0;0;0;20;Standard;Balanced;Balanced;Balanced;Balanced;Balanced;Balanced;0;0;0;0;0;0;0;0;0;0;0;0;0;0;15;;0;0
478;20;0;0;0;0;Standard;Balanced;Balanced;Balanced;Balanced;Balanced;Balanced;0;0;0;0;0;0;0;0;0;0;0;0;0;0;0;;0;0
479;0;10;20;15;0;Standard;Balanced;Balanced;Balanced;Balanced;Balanced;Balanced;2;2;2;2;2;2;2;1;2;1;1;1;2;2;0;;6;6
480;10;20;15;20;0;Standard;Balanced;Balanced;Balanced;Balanced;Balanced;Balanced;5;5;5;5;5;5;5;7;5;7;7;7;5;5;0;;11;11
481;0;15;20;15;0;Standard;Balanced;Balanced;Balanced;Balanced;Balanced;Balanced;5;5;5;5;5;5;5;4;5;4;4;4;5;5;0;;8;8
482;20;0;0;0;0;Standard;Balanced;Balanced;Balanced;Balanced;Balanced;Balanced;0;0;0;0;0;0;0;0;0;0;0;0;0;0;0;;0;0
483;0;15;20;15;0;Standard;Balanced;Balanced;Balanced;Balanced;Balanced;Balanced;7;7;7;7;7;7;7;5;7;5;5;5;7;7;0;;7;7
484;20;0;0;0;0;Standard;Balanced;Balanced;Balanced;Balanced;Balanced;Balanced;0;0;0;0;0;0;0;0;0;0;0;0;0;0;0;;0;0
485;20;0;0;0;0;Standard;Balanced;Balanced;Balanced;Balanced;Balanced;Balanced;0;0;0;0;0;0;0;0;0;0;0;0;0;0;0;;0;0
486;0;15;20;15;0;Standard;Balanced;Balanced;Balanced;Balanced;Balanced;Balanced;7;7;7;7;7;7;7;5;7;5;5;5;7;7;0;;8;8
487;0;15;20;15;0;Standard;Balanced;Balanced;Balanced;Balanced;Balanced;Balanced;9;9;9;9;9;9;9;7;9;7;7;7;9;9;0;;10;10
488;0;15;20;15;0;Standard;Balanced;Balanced;Balanced;Balanced;Balanced;Balanced;7;7;7;7;7;7;7;5;7;5;5;5;7;7;0;;7;7
489;0;15;20;15;0;Standard;Balanced;Balanced;Balanced;Balanced;Balanced;Balanced;7;7;7;7;7;7;7;5;7;5;5;5;7;7;0;;7;7
490;0;10;10;20;0;Standard;Balanced;Balanced;Balanced;Balanced;Balanced;Balanced;3;3;3;3;3;3;3;3;3;3;3;3;3;3;0;;10;10
491;0;10;20;15;0;Standard;Balanced;Balanced;Balanced;Balanced;Balanced;Balanced;1;1;1;1;1;1;1;0;1;0;0;0;1;1;0;;5;5
492;0;10;20;15;0;Standard;Balanced;Balanced;Balanced;Balanced;Balanced;Balanced;1;1;1;1;1;1;1;0;1;0;0;0;1;1;0;;5;5
493;0;15;20;15;0;Standard;Balanced;Balanced;Balanced;Balanced;Balanced;Balanced;7;7;7;7;7;7;7;5;7;5;5;5;7;7;0;;7;7
494;0;15;20;15;0;Standard;Balanced;Balanced;Balanced;Balanced;Balanced;Balanced;7;7;7;7;7;7;7;5;7;5;5;5;7;7;0;;6;6
495;0;10;20;15;0;Standard;Balanced;Balanced;Balanced;Balanced;Balanced;Balanced;7;7;7;7;7;7;7;3;7;3;3;3;7;7;0;;8;8
496;0;10;20;15;0;Standard;Balanced;Balanced;Balanced;Balanced;Balanced;Balanced;7;7;7;7;7;7;7;3;7;3;3;3;7;7;0;;7;7
497;20;0;0;0;0;Standard;Balanced;Balanced;Balanced;Balanced;Balanced;Balanced;0;0;0;0;0;0;0;0;0;0;0;0;0;0;0;;0;0
498;0;15;20;15;0;Standard;Balanced;Balanced;Balanced;Balanced;Balanced;Balanced;7;7;7;7;7;7;7;5;7;5;5;5;7;7;0;;7;7
499;20;0;0;0;0;Standard;Balanced;Balanced;Balanced;Balanced;Balanced;Balanced;0;0;0;0;0;0;0;0;0;0;0;0;0;0;0;;0;0
500;0;15;15;20;0;Standard;Balanced;Balanced;Balanced;Balanced;Balanced;Balanced;1;1;1;1;1;1;1;1;1;1;1;1;1;1;0;;9;9
501;10;15;20;20;0;Standard;Balanced;Balanced;Balanced;Balanced;Balanced;Balanced;6;6;6;6;6;6;6;5;6;5;5;5;6;6;0;;14;14
502;0;15;20;15;0;Standard;Balanced;Balanced;Balanced;Balanced;Balanced;Balanced;6;6;6;6;6;6;6;4;6;4;4;4;6;6;0;;10;10
503;0;15;20;15;0;Standard;Balanced;Balanced;Balanced;Balanced;Balanced;Balanced;3;3;3;3;3;3;3;2;3;2;2;2;3;3;0;;7;7
504;10;20;15;15;0;Standard;Balanced;Balanced;Balanced;Balanced;Balanced;Balanced;5;5;5;5;5;5;5;6;5;6;6;6;5;5;0;;14;14
505;0;15;17;20;0;Standard;Balanced;Balanced;Balanced;Balanced;Balanced;Balanced;2;2;2;2;2;2;2;1;2;1;1;1;2;2;0;;10;10
506;0;0;0;0;20;Standard;Balanced;Balanced;Balanced;Balanced;Balanced;Balanced;0;0;0;0;0;0;0;0;0;0;0;0;0;0;14;;0;0
507;0;15;20;15;0;Standard;Balanced;Balanced;Balanced;Balanced;Balanced;Balanced;9;9;9;9;9;9;9;7;9;7;7;7;9;9;0;;5;5
508;0;0;0;0;20;Standard;Balanced;Balanced;Balanced;Balanced;Balanced;Balanced;0;0;0;0;0;0;0;0;0;0;0;0;0;0;12;;0;0
509;0;0;0;0;20;Standard;Balanced;Balanced;Balanced;Balanced;Balanced;Balanced;0;0;0;0;0;0;0;0;0;0;0;0;0;0;17;;1;1
510;20;0;0;0;0;Standard;Balanced;Balanced;Balanced;Balanced;Balanced;Balanced;0;0;0;0;0;0;0;0;0;0;0;0;0;0;0;;0;0
511;10;15;20;20;0;Standard;Balanced;Balanced;Balanced;Balanced;Balanced;Balanced;4;4;4;4;4;4;4;3;4;3;3;3;4;4;0;;10;10
512;0;15;15;20;0;Standard;Balanced;Balanced;Balanced;Balanced;Balanced;Balanced;2;2;2;2;2;2;2;2;2;2;2;2;2;2;0;;10;10
513;10;15;10;20;0;Standard;Balanced;Balanced;Balanced;Balanced;Balanced;Balanced;1;1;1;1;1;1;1;1;1;1;1;1;1;1;0;;9;9
514;0;5;20;15;0;Standard;Balanced;Balanced;Balanced;Balanced;Balanced;Balanced;2;2;2;2;2;2;2;0;2;0;0;0;2;2;0;;6;6
515;10;20;10;15;0;Standard;Balanced;Balanced;Balanced;Balanced;Balanced;Balanced;4;4;4;4;4;4;4;8;4;8;8;8;4;4;0;;14;14
516;0;5;20;15;0;Standard;Balanced;Balanced;Balanced;Balanced;Balanced;Balanced;2;2;2;2;2;2;2;0;2;0;0;0;2;2;0;;6;6
517;10;15;15;20;0;Standard;Balanced;Balanced;Balanced;Balanced;Balanced;Balanced;6;6;6;6;6;6;6;6;6;6;6;6;6;6;0;;13;13
518;15;15;10;20;0;Standard;Balanced;Balanced;Balanced;Balanced;Balanced;Balanced;1;1;1;1;1;1;1;2;1;2;2;2;1;1;0;;15;15
519;20;15;20;20;20;Standard;Balanced;Balanced;Balanced;Balanced;Balanced;Balanced;6;6;6;6;6;6;6;4;6;4;4;4;6;6;18;;15;15
520;0;0;0;0;20;Standard;Balanced;Balanced;Balanced;Balanced;Balanced;Balanced;0;0;0;0;0;0;0;0;0;0;0;0;0;0;16;;1;1
521;0;0;0;0;20;Standard;Balanced;Balanced;Balanced;Balanced;Balanced;Balanced;0;0;0;0;0;0;0;0;0;0;0;0;0;0;12;;0;0
522;0;0;0;0;20;Standard;Balanced;Balanced;Balanced;Balanced;Balanced;Balanced;0;0;0;0;0;0;0;0;0;0;0;0;0;0;12;;0;0
523;20;0;0;0;0;Standard;Balanced;Balanced;Balanced;Balanced;Balanced;Balanced;0;0;0;0;0;0;0;0;0;0;0;0;0;0;0;;0;0
524;0;0;0;0;20;Standard;Balanced;Balanced;Balanced;Balanced;Balanced;Balanced;0;0;0;0;0;0;0;0;0;0;0;0;0;0;12;;0;0
525;10;15;10;20;0;Standard;Balanced;Balanced;Balanced;Balanced;Balanced;Balanced;1;1;1;1;1;1;1;2;1;2;2;2;1;1;0;;10;10
526;0;0;0;0;20;Standard;Balanced;Balanced;Balanced;Balanced;Balanced;Balanced;0;0;0;0;0;0;0;0;0;0;0;0;0;0;12;;0;0
527;0;15;15;20;0;Standard;Balanced;Balanced;Balanced;Balanced;Balanced;Balanced;2;2;2;2;2;2;2;2;2;2;2;2;2;2;0;;10;10
528;0;5;20;15;0;Standard;Balanced;Balanced;Balanced;Balanced;Balanced;Balanced;2;2;2;2;2;2;2;0;2;0;0;0;2;2;0;;7;7
529;0;15;15;20;0;Standard;Balanced;Balanced;Balanced;Balanced;Balanced;Balanced;2;2;2;2;2;2;2;2;2;2;2;2;2;2;0;;8;8
530;0;15;15;20;0;Standard;Balanced;Balanced;Balanced;Balanced;Balanced;Balanced;3;3;3;3;3;3;3;3;3;3;3;3;3;3;0;;7;7
531;20;0;0;0;0;Standard;Balanced;Balanced;Balanced;Balanced;Balanced;Balanced;0;0;0;0;0;0;0;0;0;0;0;0;0;0;0;;0;0
532;20;0;0;0;0;Standard;Balanced;Balanced;Balanced;Balanced;Balanced;Balanced;0;0;0;0;0;0;0;0;0;0;0;0;0;0;0;;0;0
533;20;0;0;0;0;Standard;Balanced;Balanced;Balanced;Balanced;Balanced;Balanced;0;0;0;0;0;0;0;0;0;0;0;0;0;0;0;;0;0
534;20;0;0;0;0;Standard;Balanced;Balanced;Balanced;Balanced;Balanced;Balanced;0;0;0;0;0;0;0;0;0;0;0;0;0;0;0;;0;0
535;20;0;0;0;0;Standard;Balanced;Balanced;Balanced;Balanced;Balanced;Balanced;0;0;0;0;0;0;0;0;0;0;0;0;0;0;0;;0;0
536;20;0;0;0;0;Standard;Balanced;Balanced;Balanced;Balanced;Balanced;Balanced;0;0;0;0;0;0;0;0;0;0;0;0;0;0;0;;0;0
537;0;15;15;20;0;Standard;Balanced;Balanced;Balanced;Balanced;Balanced;Balanced;7;7;7;7;7;7;7;7;7;7;7;7;7;7;0;;13;13
538;20;0;0;0;0;Standard;Balanced;Balanced;Balanced;Balanced;Balanced;Balanced;0;0;0;0;0;0;0;0;0;0;0;0;0;0;0;;0;0
539;0;5;20;15;0;Standard;Balanced;Balanced;Balanced;Balanced;Balanced;Balanced;4;4;4;4;4;4;4;1;4;1;1;1;4;4;0;;5;5
540;20;0;0;0;0;Standard;Balanced;Balanced;Balanced;Balanced;Balanced;Balanced;0;0;0;0;0;0;0;0;0;0;0;0;0;0;0;;0;0
541;20;0;0;0;0;Standard;Balanced;Balanced;Balanced;Balanced;Balanced;Balanced;0;0;0;0;0;0;0;0;0;0;0;0;0;0;0;;0;0
542;0;15;15;20;0;Standard;Balanced;Balanced;Balanced;Balanced;Balanced;Balanced;6;6;6;6;6;6;6;6;6;6;6;6;6;6;0;;13;13
543;20;0;0;0;0;Standard;Balanced;Balanced;Balanced;Balanced;Balanced;Balanced;0;0;0;0;0;0;0;0;0;0;0;0;0;0;0;;0;0
544;10;10;15;20;1;Offensive;Non-physical;Balanced;Conservative;Prefers Prospects;Very Innovative;Balanced;6;10;8;7;11;10;9;6;9;7;11;15;13;3;0;;14;12
545;10;10;15;20;1;Offensive;Non-physical;Aggressive;Balanced;Prefers Veterans;Balanced;Balanced;8;10;8;6;10;2;9;3;9;17;5;15;6;4;0;;11;13
546;10;10;15;20;1;Offensive;Non-physical;Aggressive;Very Conservative;Balanced;Balanced;Balanced;13;5;9;7;7;8;12;10;9;11;7;13;16;1;0;;13;11
547;10;10;15;20;1;Standard;Non-physical;Balanced;Conservative;Balanced;Balanced;Balanced;5;2;6;3;5;7;1;2;12;7;8;13;9;1;0;;10;15
548;10;10;15;20;1;Offensive;Very Non-Physical;Passive;Balanced;Loves Prospects;Balanced;Very Ruthless;7;11;4;6;7;4;8;11;6;4;5;18;9;12;0;;12;14
549;5;10;20;15;1;Standard;Very Non-Physical;Very Aggressive;Balanced;Prefers Prospects;Innovative;Balanced;5;11;15;8;7;11;13;2;9;12;9;15;14;4;0;;3;7
550;5;10;20;15;1;Offensive;Non-physical;Passive;Balanced;Prefers Prospects;Conservative;Balanced;7;11;10;10;3;16;7;8;12;9;9;8;8;11;0;;3;11
551;5;10;20;15;1;Defensive;Very Non-Physical;Passive;Aggressive;Balanced;Very Conservative;Balanced;4;17;14;10;15;8;11;2;10;0;1;3;6;10;0;;8;5
552;5;10;20;15;1;Defensive;Very Non-Physical;Aggressive;Balanced;Balanced;Conservative;Balanced;15;13;6;7;13;17;11;11;11;4;2;5;15;12;0;;13;12
553;10;10;15;20;1;Offensive;Very Non-Physical;Balanced;Very Conservative;Balanced;Conservative;Loyal;8;9;1;6;8;2;7;11;13;7;7;11;14;3;0;;18;17
554;10;10;15;20;1;Offensive;Non-physical;Balanced;Aggressive;Balanced;Balanced;Balanced;8;3;13;11;1;7;11;16;12;7;3;14;7;3;0;;15;10
555;10;10;15;20;1;Offensive;Very Non-Physical;Passive;Balanced;Prefers Veterans;Conservative;Balanced;7;2;8;11;12;1;4;9;14;14;7;6;14;5;0;;10;11
556;10;10;15;20;1;Offensive;Very Non-Physical;Balanced;Conservative;Prefers Prospects;Conservative;Balanced;6;8;7;1;10;6;9;13;12;10;6;6;6;5;0;;15;11
557;10;10;15;20;1;Standard;Very Non-Physical;Aggressive;Very Aggressive;Prefers Prospects;Balanced;Balanced;13;13;7;7;10;11;8;7;4;11;4;6;9;6;0;;14;14
558;5;10;20;15;1;Offensive;Very Non-Physical;Balanced;Conservative;Balanced;Balanced;Balanced;14;5;17;12;16;5;7;8;13;11;1;5;10;6;0;;7;2
559;5;10;20;15;1;Offensive;Very Non-Physical;Balanced;Aggressive;Balanced;Innovative;Loyal;13;9;9;15;8;18;6;8;6;8;8;12;8;9;0;;8;2
560;5;10;20;15;1;Offensive;Very Non-Physical;Balanced;Balanced;Prefers Veterans;Very Conservative;Balanced;9;7;9;10;9;9;17;8;11;1;3;13;20;8;0;;7;7
561;5;10;20;15;1;Standard;Very Non-Physical;Balanced;Conservative;Balanced;Balanced;Balanced;16;16;13;13;4;5;7;10;15;4;7;7;19;10;0;;11;6
562;5;10;20;15;1;Offensive;Non-physical;Balanced;Aggressive;Balanced;Innovative;Loyal;11;4;12;11;6;9;14;5;13;9;9;6;18;4;0;;10;6
563;1;1;5;1;20;Offensive;Very Non-Physical;Passive;Balanced;Prefers Veterans;Conservative;Balanced;1;1;1;1;1;1;1;7;1;1;7;1;1;1;15;;1;1
564;10;10;15;20;1;Defensive;Very Non-Physical;Aggressive;Conservative;Balanced;Innovative;Very Loyal;10;10;7;12;13;8;4;8;9;8;3;5;12;11;0;;13;13
565;10;10;15;20;1;Offensive;Very Non-Physical;Balanced;Balanced;Prefers Prospects;Very Innovative;Ruthless;12;13;9;9;9;11;8;2;7;13;11;6;5;11;0;;11;12
566;10;10;15;20;1;Offensive;Very Non-Physical;Passive;Balanced;Balanced;Balanced;Balanced;8;3;10;5;8;6;8;3;10;6;6;18;14;9;0;;17;12
567;10;10;15;20;1;Offensive;Non-physical;Balanced;Balanced;Prefers Veterans;Conservative;Very Ruthless;1;7;7;4;10;5;7;8;12;8;5;14;15;12;0;;11;14
568;10;10;15;20;1;Offensive;Non-physical;Balanced;Balanced;Balanced;Innovative;Loyal;3;5;4;6;3;9;7;9;7;11;6;6;4;12;0;;18;16
569;10;10;15;20;1;Offensive;Non-physical;Aggressive;Balanced;Prefers Veterans;Balanced;Balanced;9;13;11;7;9;7;1;2;4;6;11;10;10;8;0;;16;14
570;10;10;15;20;1;Offensive;Non-physical;Balanced;Balanced;Balanced;Very Conservative;Loyal;13;13;9;6;11;4;7;9;15;8;3;17;6;2;0;;12;17
571;5;10;20;15;1;Offensive;Very Non-Physical;Very Passive;Aggressive;Loves Prospects;Balanced;Ruthless;16;16;8;14;12;9;9;8;12;4;8;15;9;9;0;;13;13
572;5;10;20;15;1;Offensive;Very Non-Physical;Balanced;Very Aggressive;Loves Prospects;Conservative;Balanced;11;8;4;5;10;10;9;6;10;11;1;6;8;4;0;;4;7
573;5;10;20;15;1;Defensive;Very Non-Physical;Balanced;Balanced;Balanced;Balanced;Ruthless;14;10;3;12;13;3;11;5;4;3;4;9;8;5;0;;5;6
574;5;10;20;15;1;Offensive;Non-physical;Aggressive;Balanced;Balanced;Balanced;Balanced;6;18;15;5;6;3;6;9;7;6;8;11;12;11;0;;11;6
575;5;10;20;15;1;Standard;Non-physical;Very Passive;Balanced;Prefers Prospects;Balanced;Balanced;14;10;10;13;12;7;17;10;13;10;3;6;10;16;0;;1;4
576;1;1;5;1;20;Standard;Non-physical;Very Aggressive;Balanced;Prefers Prospects;Balanced;Balanced;0;0;0;0;0;0;0;5;0;0;1;0;0;0;20;;0;0
577;10;10;15;20;1;Offensive;Very Non-Physical;Aggressive;Very Aggressive;Prefers Prospects;Conservative;Loyal;2;11;9;11;9;8;5;8;14;18;7;12;4;5;0;;10;13
578;10;10;15;20;1;Offensive;Very Non-Physical;Balanced;Balanced;Prefers Prospects;Balanced;Loyal;12;11;10;7;8;1;13;10;3;11;10;10;9;2;0;;13;12
579;10;10;15;20;1;Standard;Very Non-Physical;Balanced;Conservative;Balanced;Conservative;Balanced;4;13;4;8;2;1;10;7;7;11;9;9;8;13;0;;14;17
580;10;10;15;20;1;Defensive;Non-physical;Balanced;Balanced;Balanced;Balanced;Balanced;6;6;4;2;5;2;1;7;12;11;8;17;12;3;0;;18;12
581;10;10;15;20;1;Offensive;Very Non-Physical;Balanced;Aggressive;Balanced;Balanced;Balanced;11;2;9;12;13;3;2;2;4;11;9;20;13;2;0;;14;10
582;5;10;20;15;1;Defensive;Very Non-Physical;Balanced;Aggressive;Balanced;Conservative;Ruthless;9;8;18;12;13;11;6;3;7;11;6;12;13;15;0;;2;5
583;5;10;20;15;1;Standard;Very Non-Physical;Aggressive;Aggressive;Balanced;Innovative;Loyal;8;7;16;15;5;4;8;5;14;5;2;8;12;11;0;;2;5
584;5;10;20;15;1;Offensive;Very Non-Physical;Aggressive;Balanced;Balanced;Very Innovative;Ruthless;14;7;6;5;7;8;17;6;7;8;8;6;8;6;0;;8;1
585;5;10;20;15;1;Standard;Very Non-Physical;Aggressive;Balanced;Balanced;Balanced;Balanced;8;6;4;13;12;8;8;4;11;8;4;14;11;15;0;;13;10
586;1;1;5;1;20;Standard;Very Non-Physical;Balanced;Balanced;Balanced;Conservative;Balanced;0;0;0;0;0;0;0;7;0;0;6;0;0;0;16;;0;0
587;10;10;15;20;1;Standard;Very Non-Physical;Passive;Balanced;Prefers Veterans;Balanced;Very Loyal;2;6;10;12;1;10;6;11;10;4;5;5;4;13;0;;17;13
588;10;10;15;20;1;Offensive;Non-physical;Balanced;Very Aggressive;Balanced;Balanced;Balanced;3;2;2;12;9;4;3;12;9;2;2;14;8;6;0;;11;11
589;10;10;15;20;1;Offensive;Very Non-Physical;Passive;Conservative;Balanced;Balanced;Balanced;12;8;1;12;8;11;3;9;12;4;7;6;9;8;0;;12;20
590;10;10;15;20;1;Offensive;Non-physical;Very Passive;Balanced;Prefers Veterans;Conservative;Balanced;6;13;4;3;9;4;5;4;14;1;3;16;4;9;0;;12;10
591;10;10;15;20;1;Offensive;Very Non-Physical;Aggressive;Balanced;Balanced;Balanced;Loyal;12;2;12;9;12;12;2;12;7;10;8;11;10;5;0;;10;13
592;10;10;15;20;1;Offensive;Non-physical;Aggressive;Aggressive;Prefers Veterans;Balanced;Balanced;11;13;3;6;1;4;11;4;9;2;2;12;11;7;0;;17;16
593;10;10;15;20;1;Defensive;Very Non-Physical;Balanced;Balanced;Balanced;Very Innovative;Balanced;5;3;1;6;9;8;5;9;15;13;12;10;9;13;0;;10;17
594;5;10;20;15;1;Offensive;Non-physical;Passive;Balanced;Balanced;Balanced;Balanced;13;7;15;11;3;11;16;6;5;11;1;3;10;6;0;;10;3
595;5;10;20;15;1;Offensive;Very Non-Physical;Aggressive;Aggressive;Loves Prospects;Innovative;Balanced;15;11;15;14;10;6;7;9;3;11;9;12;9;6;0;;12;7
596;5;10;20;15;1;Offensive;Non-physical;Balanced;Conservative;Balanced;Balanced;Balanced;8;9;10;10;7;5;6;9;8;3;5;6;8;16;0;;9;13
597;1;1;5;1;20;Standard;Non-physical;Balanced;Conservative;Balanced;Balanced;Balanced;0;0;0;0;0;0;0;6;0;0;6;0;0;0;18;;0;0
598;10;10;15;20;1;Standard;Very Non-Physical;Very Aggressive;Balanced;Prefers Prospects;Innovative;Balanced;12;7;12;8;5;13;5;8;15;5;9;9;5;4;0;;15;10
599;10;10;15;20;1;Offensive;Non-physical;Aggressive;Balanced;Balanced;Balanced;Balanced;4;12;12;2;8;3;6;5;6;14;9;15;15;12;0;;16;13
600;10;10;15;20;1;Offensive;Very Non-Physical;Balanced;Aggressive;Loves Prospects;Balanced;Balanced;5;2;4;6;4;6;8;4;13;13;9;17;16;5;0;;11;17
601;10;10;15;20;1;Offensive;Very Non-Physical;Balanced;Aggressive;Balanced;Balanced;Very Ruthless;1;6;13;6;9;11;9;12;14;10;8;6;5;5;0;;11;14
602;10;10;15;20;1;Standard;Very Non-Physical;Aggressive;Aggressive;Balanced;Innovative;Ruthless;7;12;10;6;4;13;5;7;10;16;4;11;8;13;0;;18;11
603;10;10;15;20;1;Standard;Very Non-Physical;Balanced;Balanced;Loves Veterans;Balanced;Loyal;5;2;13;7;11;8;3;8;6;8;10;13;6;10;0;;15;14
604;5;10;20;15;1;Defensive;Very Non-Physical;Very Aggressive;Balanced;Prefers Prospects;Very Innovative;Balanced;12;6;12;15;5;16;15;2;10;9;6;10;9;8;0;;1;11
605;5;10;20;15;1;Offensive;Very Non-Physical;Balanced;Very Aggressive;Balanced;Innovative;Very Ruthless;7;15;8;15;14;20;13;3;5;10;5;5;8;14;0;;13;7
606;5;10;20;15;1;Offensive;Non-physical;Balanced;Balanced;Balanced;Balanced;Balanced;15;16;6;14;9;15;6;2;5;6;5;11;16;11;0;;12;8
607;5;10;20;15;1;Offensive;Very Non-Physical;Very Passive;Conservative;Balanced;Conservative;Balanced;15;6;7;5;11;4;7;8;7;12;9;12;14;13;0;;6;3
608;1;1;5;1;20;Offensive;Very Non-Physical;Balanced;Aggressive;Balanced;Balanced;Balanced;0;0;0;0;0;0;0;6;0;0;9;0;0;0;17;;0;0
609;10;10;15;20;1;Offensive;Very Non-Physical;Balanced;Balanced;Prefers Prospects;Balanced;Balanced;13;12;7;10;5;6;7;3;5;3;8;5;13;6;0;;17;13
610;10;10;15;20;1;Offensive;Very Non-Physical;Passive;Balanced;Prefers Veterans;Balanced;Loyal;12;4;8;13;2;9;6;5;8;4;5;14;15;11;0;;13;11
611;10;10;15;20;1;Offensive;Very Non-Physical;Balanced;Conservative;Loves Veterans;Innovative;Balanced;3;7;6;9;9;4;3;9;8;11;7;14;15;12;0;;17;13
612;10;10;15;20;1;Standard;Non-physical;Aggressive;Balanced;Balanced;Balanced;Ruthless;2;12;13;13;9;3;3;8;4;14;7;10;10;11;0;;16;11
613;10;10;15;20;1;Defensive;Very Non-Physical;Aggressive;Aggressive;Balanced;Innovative;Balanced;10;9;9;8;1;1;8;9;3;7;8;8;8;5;0;;11;13
614;10;10;15;20;1;Standard;Very Non-Physical;Balanced;Conservative;Balanced;Balanced;Very Ruthless;1;8;12;9;12;7;13;2;7;19;8;17;16;7;0;;15;10
615;5;10;20;15;1;Standard;Non-physical;Balanced;Conservative;Balanced;Conservative;Balanced;6;5;12;7;7;9;9;4;7;5;2;6;15;5;0;;7;6
616;5;10;20;15;1;Offensive;Very Non-Physical;Balanced;Balanced;Prefers Veterans;Conservative;Balanced;14;18;11;17;6;10;12;3;8;9;9;3;12;11;0;;5;8
617;5;10;20;15;1;Standard;Non-physical;Aggressive;Aggressive;Prefers Prospects;Conservative;Ruthless;7;13;7;12;12;3;5;4;6;6;2;15;18;4;0;;8;12
618;5;10;20;15;1;Offensive;Very Non-Physical;Aggressive;Very Aggressive;Balanced;Balanced;Balanced;5;6;8;11;11;3;5;4;5;12;6;14;6;3;0;;11;10
619;1;1;5;1;20;Standard;Very Non-Physical;Balanced;Conservative;Loves Prospects;Balanced;Ruthless;0;0;0;0;0;0;0;5;0;0;6;0;0;0;15;;0;0
620;10;10;15;20;1;Offensive;Very Non-Physical;Aggressive;Aggressive;Prefers Prospects;Innovative;Balanced;13;4;5;3;12;9;1;7;10;7;8;4;6;1;0;;12;14
621;10;10;15;20;1;Standard;Very Non-Physical;Balanced;Balanced;Prefers Veterans;Conservative;Balanced;5;10;13;3;5;11;9;5;4;8;7;17;11;7;0;;13;12
622;10;10;15;20;1;Offensive;Very Non-Physical;Aggressive;Balanced;Balanced;Balanced;Loyal;7;13;7;5;13;2;9;6;13;12;11;17;5;13;0;;16;10
623;10;10;15;20;1;Offensive;Very Non-Physical;Balanced;Conservative;Balanced;Balanced;Balanced;4;12;3;9;6;2;4;3;14;5;8;18;9;7;0;;12;13
624;10;10;15;20;1;Defensive;Very Non-Physical;Balanced;Balanced;Prefers Veterans;Balanced;Balanced;5;4;8;13;13;3;3;1;15;6;9;9;7;2;0;;17;12
625;10;10;15;20;1;Offensive;Non-physical;Aggressive;Aggressive;Balanced;Balanced;Ruthless;5;3;2;13;3;1;6;2;14;4;3;17;8;5;0;;14;13
626;5;10;20;15;1;Offensive;Very Non-Physical;Aggressive;Conservative;Balanced;Balanced;Ruthless;6;16;5;12;9;8;6;10;14;5;1;10;7;18;0;;13;11
627;5;10;20;15;1;Offensive;Non-physical;Balanced;Aggressive;Prefers Veterans;Balanced;Loyal;8;11;17;15;10;6;5;3;8;11;9;15;8;7;0;;9;8
628;5;10;20;15;1;Offensive;Very Non-Physical;Aggressive;Conservative;Balanced;Balanced;Very Loyal;11;5;18;13;8;9;5;8;15;7;1;4;15;5;0;;12;7
629;1;1;5;1;20;Offensive;Very Non-Physical;Very Passive;Balanced;Balanced;Balanced;Balanced;0;0;0;0;0;0;0;4;0;0;4;0;0;0;16;;0;0
630;10;10;15;20;1;Offensive;Very Non-Physical;Balanced;Balanced;Prefers Prospects;Balanced;Balanced;11;10;7;5;6;10;5;5;8;3;3;4;10;6;0;;20;17
631;10;10;15;20;1;Standard;Non-physical;Balanced;Aggressive;Balanced;Conservative;Loyal;5;7;10;10;10;9;6;10;4;6;2;14;11;7;0;;11;20
632;10;10;15;20;1;Offensive;Non-physical;Balanced;Balanced;Balanced;Very Conservative;Balanced;6;10;2;5;6;10;11;4;14;5;8;16;4;12;0;;15;20
633;10;10;15;20;1;Standard;Very Non-Physical;Balanced;Balanced;Loves Veterans;Conservative;Ruthless;6;3;7;13;11;12;5;8;5;7;12;16;9;6;0;;12;10
634;5;10;20;15;1;Standard;Non-physical;Passive;Aggressive;Prefers Veterans;Balanced;Very Ruthless;12;19;9;10;15;12;13;7;3;7;4;11;7;3;0;;11;5
635;5;10;20;15;1;Offensive;Very Non-Physical;Aggressive;Balanced;Balanced;Balanced;Ruthless;15;11;7;14;8;18;10;7;9;4;8;11;11;6;0;;11;4
636;5;10;20;15;1;Offensive;Very Non-Physical;Passive;Conservative;Balanced;Balanced;Loyal;11;13;10;9;18;12;8;7;12;8;7;12;7;8;0;;6;2
637;5;10;20;15;1;Offensive;Very Non-Physical;Passive;Conservative;Balanced;Balanced;Balanced;13;7;5;11;9;8;16;5;13;11;9;11;18;14;0;;3;4
638;1;1;5;1;20;Standard;Very Non-Physical;Passive;Balanced;Balanced;Innovative;Ruthless;0;0;0;0;0;0;0;4;0;0;6;0;0;0;15;;0;0
639;10;10;15;20;1;Standard;Very Non-Physical;Balanced;Balanced;Balanced;Balanced;Ruthless;1;11;4;6;2;8;11;8;15;5;5;13;6;8;0;;12;12
640;10;10;15;20;1;Offensive;Very Non-Physical;Passive;Very Aggressive;Balanced;Balanced;Balanced;3;13;9;13;1;11;1;10;6;11;10;20;16;6;0;;10;17
641;10;10;15;20;1;Offensive;Very Non-Physical;Balanced;Balanced;Balanced;Very Innovative;Loyal;10;4;12;3;12;12;12;5;14;9;6;18;12;4;0;;13;17
642;10;10;15;20;1;Offensive;Very Non-Physical;Aggressive;Very Conservative;Balanced;Balanced;Balanced;1;13;10;1;4;13;6;11;14;10;10;16;9;12;0;;14;11
643;10;10;15;20;1;Offensive;Non-physical;Balanced;Balanced;Balanced;Innovative;Loyal;2;2;9;5;11;10;13;5;4;9;4;5;7;1;0;;14;14
644;10;10;15;20;1;Offensive;Non-physical;Aggressive;Balanced;Balanced;Balanced;Balanced;10;6;10;12;5;8;2;10;14;2;8;6;11;12;0;;15;19
645;10;10;15;20;1;Standard;Very Non-Physical;Passive;Aggressive;Balanced;Balanced;Balanced;8;10;9;6;10;1;10;10;7;1;9;5;15;1;0;;13;14
646;5;10;20;15;1;Standard;Very Non-Physical;Passive;Very Aggressive;Balanced;Balanced;Very Loyal;13;16;13;12;13;16;10;7;7;3;9;7;20;5;0;;6;10
647;5;10;20;15;1;Standard;Very Non-Physical;Balanced;Aggressive;Balanced;Balanced;Balanced;12;5;10;14;7;14;11;2;9;9;7;14;15;12;0;;10;1
648;5;10;20;15;1;Offensive;Very Non-Physical;Balanced;Aggressive;Prefers Veterans;Balanced;Balanced;13;13;12;12;5;5;14;9;13;8;5;10;6;7;0;;13;12
649;5;10;20;15;1;Standard;Very Non-Physical;Passive;Conservative;Balanced;Conservative;Ruthless;8;10;7;5;6;11;9;6;12;7;9;3;16;12;0;;8;5
650;5;10;20;15;1;Offensive;Very Non-Physical;Aggressive;Balanced;Prefers Prospects;Balanced;Balanced;7;16;8;11;10;6;15;3;13;9;4;15;13;13;0;;11;11
651;1;1;5;1;20;Standard;Very Non-Physical;Balanced;Conservative;Balanced;Innovative;Balanced;0;0;0;0;0;0;0;5;0;0;7;0;0;0;15;;0;0
652;10;10;15;20;1;Standard;Very Non-Physical;Balanced;Conservative;Prefers Prospects;Innovative;Balanced;11;2;4;12;12;13;12;2;12;4;6;5;8;4;0;;17;10
653;10;10;15;20;1;Offensive;Very Non-Physical;Balanced;Aggressive;Loves Prospects;Balanced;Loyal;13;11;8;13;2;7;12;4;12;4;4;13;9;7;0;;14;12
654;10;10;15;20;1;Offensive;Very Non-Physical;Aggressive;Balanced;Balanced;Balanced;Ruthless;13;1;3;6;5;9;6;6;6;1;2;6;10;4;0;;15;16
655;10;10;15;20;1;Offensive;Very Non-Physical;Aggressive;Aggressive;Prefers Veterans;Balanced;Balanced;12;11;7;2;4;5;7;9;4;10;7;6;14;9;0;;16;15
656;10;10;15;20;1;Standard;Very Non-Physical;Balanced;Balanced;Balanced;Innovative;Balanced;6;1;11;1;7;3;1;10;7;9;5;19;4;9;0;;12;10
657;10;10;15;20;1;Offensive;Very Non-Physical;Balanced;Balanced;Loves Veterans;Balanced;Balanced;3;1;8;8;4;4;10;3;4;8;7;17;14;13;0;;13;12
658;5;10;20;15;1;Standard;Very Non-Physical;Balanced;Balanced;Prefers Veterans;Conservative;Balanced;13;12;6;9;3;15;11;8;3;10;2;3;10;11;0;;6;7
659;5;10;20;15;1;Standard;Very Non-Physical;Balanced;Conservative;Prefers Veterans;Balanced;Ruthless;4;15;14;12;14;7;8;7;5;1;1;4;9;7;0;;12;12
660;5;10;20;15;1;Offensive;Non-physical;Balanced;Aggressive;Prefers Prospects;Conservative;Balanced;8;11;5;17;4;10;8;3;8;11;8;6;9;10;0;;4;13
661;5;10;20;15;1;Standard;Very Non-Physical;Balanced;Balanced;Balanced;Balanced;Ruthless;10;3;5;13;12;17;4;6;15;3;9;5;12;13;0;;2;11
662;1;1;5;1;20;Standard;Non-physical;Balanced;Balanced;Prefers Veterans;Balanced;Very Ruthless;0;0;0;0;0;0;0;3;0;0;8;0;0;0;20;;0;0
663;10;10;15;20;1;Standard;Non-physical;Very Passive;Balanced;Balanced;Balanced;Ruthless;5;12;8;10;5;4;3;3;3;5;5;6;6;13;0;;11;19
664;10;10;15;20;1;Offensive;Very Non-Physical;Aggressive;Aggressive;Loves Prospects;Balanced;Balanced;10;6;4;11;11;8;5;11;9;9;11;7;13;5;0;;11;11
665;10;10;15;20;1;Offensive;Non-physical;Aggressive;Conservative;Balanced;Innovative;Ruthless;6;3;7;5;5;13;7;3;5;13;3;8;11;12;0;;13;18
666;10;10;15;20;1;Offensive;Very Non-Physical;Balanced;Balanced;Balanced;Balanced;Balanced;5;5;12;13;11;7;8;9;11;13;11;9;13;5;0;;14;12
667;10;10;15;20;1;Standard;Very Non-Physical;Passive;Balanced;Prefers Prospects;Balanced;Balanced;4;6;12;3;8;6;3;3;14;9;6;8;16;11;0;;15;16
668;5;10;20;15;1;Offensive;Very Non-Physical;Passive;Conservative;Prefers Prospects;Balanced;Loyal;12;7;4;13;10;6;9;5;7;10;3;15;10;14;0;;13;3
669;5;10;20;15;1;Offensive;Very Non-Physical;Balanced;Aggressive;Balanced;Balanced;Balanced;8;4;8;10;15;6;13;2;7;3;1;8;20;16;0;;3;6
670;1;1;5;1;20;Standard;Non-physical;Balanced;Aggressive;Prefers Veterans;Conservative;Ruthless;0;0;0;0;0;0;0;8;0;0;8;0;0;0;20;;0;0
671;10;10;15;20;1;Offensive;Non-physical;Passive;Balanced;Prefers Prospects;Balanced;Balanced;5;9;11;7;2;5;1;13;13;9;1;3;11;11;0;;13;11
672;10;10;15;20;1;Standard;Very Non-Physical;Aggressive;Balanced;Prefers Prospects;Balanced;Loyal;6;13;8;3;13;7;7;2;3;8;5;3;16;12;0;;13;15
673;10;10;15;20;1;Offensive;Very Non-Physical;Aggressive;Aggressive;Prefers Prospects;Conservative;Loyal;1;3;5;5;4;5;4;7;10;1;9;15;14;6;0;;12;18
674;10;10;15;20;1;Standard;Very Non-Physical;Passive;Aggressive;Prefers Veterans;Conservative;Balanced;4;5;4;1;4;7;1;9;7;12;1;14;4;10;0;;13;11
675;10;10;15;20;1;Offensive;Non-physical;Balanced;Balanced;Prefers Veterans;Innovative;Ruthless;3;9;8;2;3;7;3;10;7;7;5;3;13;10;0;;17;15
676;10;10;15;20;1;Offensive;Very Non-Physical;Balanced;Conservative;Balanced;Balanced;Balanced;4;12;4;7;1;13;9;3;13;5;4;12;12;2;0;;15;14
677;10;10;15;20;1;Offensive;Very Non-Physical;Passive;Aggressive;Prefers Prospects;Balanced;Very Loyal;10;8;8;11;1;7;5;11;13;8;3;9;15;7;0;;12;13
678;5;10;20;15;1;Defensive;Very Non-Physical;Balanced;Balanced;Balanced;Innovative;Very Loyal;6;15;17;14;7;18;4;8;13;8;2;3;15;4;0;;7;10
679;5;10;20;15;1;Offensive;Non-physical;Aggressive;Balanced;Balanced;Conservative;Balanced;12;8;6;4;10;6;8;2;15;12;4;11;14;5;0;;2;8
680;5;10;20;15;1;Offensive;Very Non-Physical;Balanced;Very Conservative;Balanced;Innovative;Balanced;10;10;7;6;17;11;7;2;9;7;3;14;13;11;0;;11;12
681;5;10;20;15;1;Offensive;Very Non-Physical;Passive;Balanced;Prefers Prospects;Innovative;Ruthless;8;6;8;5;13;5;4;5;10;12;5;3;6;7;0;;10;9
682;10;10;15;20;1;Offensive;Very Non-Physical;Aggressive;Balanced;Balanced;Innovative;Balanced;1;11;13;11;8;13;5;8;10;7;8;15;11;2;0;;10;16
683;10;10;15;20;1;Offensive;Very Non-Physical;Balanced;Balanced;Prefers Prospects;Balanced;Balanced;13;6;5;5;3;10;7;8;13;10;4;8;15;11;0;;15;13
684;10;10;15;20;1;Offensive;Non-physical;Passive;Conservative;Balanced;Innovative;Balanced;13;9;9;1;5;5;8;7;3;11;7;19;9;12;0;;13;20
685;10;10;15;20;1;Offensive;Very Non-Physical;Passive;Balanced;Balanced;Balanced;Balanced;8;13;9;4;4;12;5;11;5;7;3;5;11;10;0;;14;17
686;5;10;20;15;1;Standard;Non-physical;Aggressive;Aggressive;Balanced;Balanced;Balanced;9;10;4;11;13;5;8;2;13;1;8;5;14;20;0;;4;8
687;5;10;20;15;1;Offensive;Non-physical;Passive;Balanced;Prefers Prospects;Balanced;Ruthless;15;8;6;4;10;14;3;4;15;3;4;9;7;10;0;;8;10
688;5;10;20;15;1;Standard;Very Non-Physical;Aggressive;Conservative;Balanced;Very Innovative;Loyal;12;4;9;13;18;3;8;5;10;9;7;3;7;15;0;;4;5
689;5;10;20;15;1;Standard;Non-physical;Balanced;Balanced;Prefers Veterans;Innovative;Very Loyal;14;14;16;12;13;12;3;3;3;11;7;4;16;9;0;;2;9
690;1;1;5;1;20;Offensive;Non-physical;Aggressive;Aggressive;Balanced;Balanced;Balanced;0;0;0;0;0;0;0;2;0;0;2;0;0;0;20;;0;0
691;10;10;15;20;1;Offensive;Very Non-Physical;Passive;Conservative;Balanced;Balanced;Balanced;13;13;4;5;5;13;2;9;12;3;10;9;4;3;0;;12;12
692;10;10;15;20;1;Offensive;Non-physical;Very Passive;Conservative;Prefers Prospects;Conservative;Balanced;1;8;1;10;2;11;9;7;13;12;4;10;6;2;0;;18;16
693;10;10;15;20;1;Offensive;Very Non-Physical;Balanced;Aggressive;Prefers Veterans;Balanced;Balanced;6;11;8;3;13;4;11;8;11;15;6;17;10;9;0;;17;11
694;10;10;15;20;1;Offensive;Very Non-Physical;Passive;Very Aggressive;Balanced;Balanced;Balanced;1;12;12;7;8;1;1;5;11;9;7;11;8;9;0;;13;16
695;5;10;20;15;1;Defensive;Very Non-Physical;Balanced;Balanced;Balanced;Balanced;Loyal;9;12;8;12;10;17;14;2;3;9;8;11;11;13;0;;6;6
696;5;10;20;15;1;Standard;Non-physical;Aggressive;Conservative;Loves Veterans;Balanced;Loyal;4;10;10;7;17;12;4;11;6;7;5;6;10;14;0;;1;11
697;5;10;20;15;1;Offensive;Very Non-Physical;Aggressive;Aggressive;Prefers Prospects;Very Conservative;Loyal;4;16;11;11;12;7;8;6;4;0;5;4;14;11;0;;1;4
698;5;10;20;15;1;Offensive;Non-physical;Balanced;Balanced;Balanced;Balanced;Balanced;10;11;16;8;5;6;9;9;15;7;1;4;9;4;0;;1;9
699;10;10;15;20;1;Offensive;Very Non-Physical;Balanced;Balanced;Prefers Veterans;Balanced;Ruthless;7;3;2;5;11;8;3;5;12;9;7;18;11;1;0;;15;14
700;10;10;15;20;1;Offensive;Very Non-Physical;Aggressive;Balanced;Prefers Veterans;Balanced;Balanced;2;7;5;8;2;5;2;8;10;16;9;11;4;9;0;;13;13
701;10;10;15;20;1;Offensive;Non-physical;Balanced;Very Conservative;Prefers Veterans;Very Conservative;Balanced;8;5;6;3;5;9;5;11;15;7;4;9;4;3;0;;11;12
702;10;10;15;20;1;Standard;Non-physical;Very Passive;Very Aggressive;Loves Prospects;Balanced;Very Loyal;7;5;6;13;2;8;6;8;12;2;6;10;12;13;0;;11;16
703;10;10;15;20;1;Standard;Very Non-Physical;Aggressive;Balanced;Balanced;Conservative;Balanced;4;2;1;13;9;5;5;5;9;2;10;9;7;5;0;;13;18
704;10;10;15;20;1;Standard;Very Non-Physical;Balanced;Very Aggressive;Prefers Veterans;Balanced;Balanced;4;11;11;6;13;6;2;10;5;3;4;9;10;13;0;;13;18
705;5;10;20;15;1;Offensive;Very Non-Physical;Passive;Balanced;Balanced;Balanced;Balanced;17;6;14;13;3;12;12;8;6;2;9;8;20;15;0;;5;9
706;5;10;20;15;1;Standard;Non-physical;Balanced;Balanced;Prefers Prospects;Balanced;Balanced;11;7;9;17;6;11;16;2;8;5;5;9;20;8;0;;2;1
707;5;10;20;15;1;Offensive;Non-physical;Balanced;Balanced;Prefers Veterans;Balanced;Balanced;13;9;16;16;4;9;4;1;15;5;4;4;16;5;0;;6;1
708;5;10;20;15;1;Standard;Non-physical;Balanced;Balanced;Loves Veterans;Innovative;Balanced;14;9;7;7;9;5;5;11;6;2;5;3;15;6;0;;12;7
709;5;10;20;15;1;Standard;Non-physical;Balanced;Balanced;Prefers Prospects;Balanced;Balanced;10;5;11;6;16;11;14;11;10;4;2;6;8;9;0;;2;2
710;1;1;5;1;20;Offensive;Very Non-Physical;Balanced;Conservative;Balanced;Balanced;Balanced;0;0;0;0;0;0;0;4;0;0;4;0;0;0;18;;0;0
711;10;10;15;20;1;Standard;Very Non-Physical;Balanced;Aggressive;Prefers Prospects;Balanced;Very Loyal;1;3;13;7;11;13;5;9;5;11;8;18;15;1;0;;12;11
712;10;10;15;20;1;Standard;Non-physical;Balanced;Balanced;Prefers Prospects;Conservative;Balanced;12;7;13;10;3;5;8;2;15;2;10;11;11;2;0;;13;14
713;5;10;20;15;1;Offensive;Very Non-Physical;Very Aggressive;Balanced;Prefers Veterans;Balanced;Very Loyal;5;14;6;10;7;9;11;6;14;1;7;5;11;11;0;;11;4
714;5;10;20;15;1;Offensive;Non-physical;Very Passive;Balanced;Balanced;Balanced;Balanced;4;8;10;5;15;8;11;7;3;7;4;4;20;10;0;;12;7
715;5;10;20;15;1;Offensive;Non-physical;Balanced;Conservative;Prefers Prospects;Very Innovative;Ruthless;8;7;4;5;15;18;8;2;8;1;8;8;8;15;0;;7;13
716;5;10;20;15;1;Standard;Non-physical;Very Passive;Balanced;Prefers Veterans;Conservative;Balanced;7;14;7;9;11;11;4;9;8;2;5;5;14;8;0;;11;2
717;5;10;20;15;1;Offensive;Very Non-Physical;Aggressive;Balanced;Prefers Veterans;Innovative;Very Loyal;14;11;8;9;14;4;4;6;15;3;9;12;11;6;0;;6;11
718;1;1;5;1;20;Standard;Very Non-Physical;Passive;Balanced;Prefers Prospects;Balanced;Ruthless;0;0;0;0;0;0;0;1;0;0;7;0;0;0;16;;0;0
719;10;10;15;20;1;Offensive;Very Non-Physical;Balanced;Balanced;Loves Prospects;Balanced;Loyal;5;13;11;6;1;1;8;8;14;1;9;15;12;1;0;;12;13
720;10;10;15;20;1;Standard;Non-physical;Balanced;Balanced;Loves Prospects;Balanced;Balanced;12;7;5;9;11;1;2;7;6;4;8;3;7;11;0;;13;20
721;10;10;15;20;1;Offensive;Non-physical;Aggressive;Balanced;Balanced;Conservative;Ruthless;5;3;12;1;4;13;9;2;9;6;4;16;8;7;0;;12;20
722;10;10;15;20;1;Standard;Non-physical;Balanced;Aggressive;Balanced;Balanced;Ruthless;2;5;5;5;3;5;2;6;15;5;3;4;14;4;0;;13;12
723;5;10;20;15;1;Defensive;Non-physical;Balanced;Conservative;Balanced;Balanced;Balanced;9;12;15;4;8;15;17;3;10;10;5;8;12;6;0;;1;2
724;5;10;20;15;1;Offensive;Non-physical;Balanced;Conservative;Balanced;Balanced;Ruthless;17;5;14;10;12;10;7;4;15;4;3;15;6;13;0;;11;10
725;5;10;20;15;1;Offensive;Very Non-Physical;Passive;Aggressive;Balanced;Balanced;Balanced;9;15;10;18;10;6;8;7;7;3;1;8;14;15;0;;11;13
726;5;10;20;15;1;Standard;Very Non-Physical;Aggressive;Conservative;Prefers Prospects;Balanced;Balanced;8;17;4;6;6;17;9;3;13;9;9;4;15;7;0;;7;5
727;5;10;20;15;1;Offensive;Very Non-Physical;Balanced;Aggressive;Balanced;Innovative;Balanced;9;16;16;16;4;7;11;8;6;11;8;5;20;9;0;;2;8
728;1;1;5;1;20;Offensive;Very Non-Physical;Aggressive;Aggressive;Balanced;Balanced;Ruthless;0;0;0;0;0;0;0;8;0;0;3;0;0;0;18;;0;0
729;10;10;15;20;1;Standard;Very Non-Physical;Passive;Conservative;Prefers Veterans;Innovative;Ruthless;3;10;6;6;11;2;2;5;12;2;4;14;7;2;0;;12;15
730;10;10;15;20;1;Standard;Very Non-Physical;Very Aggressive;Conservative;Prefers Veterans;Balanced;Balanced;8;2;7;3;12;2;8;6;13;11;5;9;11;3;0;;12;12
731;10;10;15;20;1;Offensive;Very Non-Physical;Balanced;Balanced;Prefers Veterans;Balanced;Ruthless;3;6;6;7;1;8;4;5;11;3;3;17;8;1;0;;11;13
732;10;10;15;20;1;Standard;Very Non-Physical;Balanced;Balanced;Prefers Veterans;Balanced;Ruthless;11;6;11;8;11;13;11;8;12;16;5;13;13;9;0;;12;10
733;10;10;15;20;1;Offensive;Non-physical;Balanced;Balanced;Balanced;Balanced;Balanced;2;5;5;13;9;1;6;4;12;11;6;16;5;13;0;;17;10
734;10;10;15;20;1;Standard;Very Non-Physical;Balanced;Balanced;Prefers Veterans;Balanced;Ruthless;13;8;8;11;9;10;11;5;10;2;8;14;11;5;0;;15;12
735;5;10;20;15;1;Standard;Very Non-Physical;Balanced;Balanced;Loves Veterans;Conservative;Loyal;11;5;12;7;12;15;11;7;5;10;1;12;12;17;0;;4;2
736;5;10;20;15;1;Offensive;Non-physical;Aggressive;Balanced;Balanced;Innovative;Ruthless;14;10;5;14;4;14;18;10;8;7;4;6;12;16;0;;1;11
737;5;10;20;15;1;Offensive;Very Non-Physical;Passive;Balanced;Balanced;Balanced;Loyal;17;17;7;6;6;11;3;8;4;12;8;13;10;12;0;;8;9
738;5;10;20;15;1;Standard;Non-physical;Very Aggressive;Very Conservative;Balanced;Innovative;Very Loyal;14;8;9;4;5;4;9;10;12;8;7;6;17;8;0;;5;12
739;5;10;20;15;1;Defensive;Physical;Balanced;Conservative;Prefers Prospects;Conservative;Ruthless;13;8;17;10;7;7;6;3;15;4;5;6;9;8;0;;10;1
740;1;1;5;1;20;Standard;Very Non-Physical;Balanced;Balanced;Prefers Veterans;Conservative;Balanced;0;0;0;0;0;0;0;3;0;0;6;0;0;0;19;;0;0
741;10;10;15;20;1;Offensive;Very Non-Physical;Aggressive;Aggressive;Prefers Prospects;Balanced;Balanced;13;2;7;7;1;11;12;10;5;13;10;7;9;3;0;;13;13
742;10;10;15;20;1;Standard;Non-physical;Balanced;Balanced;Balanced;Very Conservative;Balanced;3;7;2;11;12;8;5;1;6;10;11;11;5;5;0;;15;15
743;10;10;15;20;1;Standard;Very Non-Physical;Balanced;Balanced;Prefers Prospects;Balanced;Balanced;11;4;2;6;3;10;13;8;12;13;11;10;9;8;0;;12;12
744;10;10;15;20;1;Offensive;Very Non-Physical;Balanced;Balanced;Balanced;Balanced;Ruthless;7;13;8;6;8;8;11;11;11;10;1;6;4;9;0;;11;14
745;10;10;15;20;1;Defensive;Very Non-Physical;Balanced;Aggressive;Loves Prospects;Balanced;Balanced;2;5;9;12;6;13;7;15;10;7;10;7;9;1;0;;12;10
746;5;10;20;15;1;Offensive;Very Non-Physical;Balanced;Conservative;Prefers Prospects;Innovative;Balanced;11;12;18;13;10;10;12;3;10;1;1;5;15;12;0;;8;5
747;5;10;20;15;1;Offensive;Very Non-Physical;Aggressive;Balanced;Prefers Veterans;Conservative;Balanced;3;5;14;8;11;11;5;6;15;10;2;7;16;16;0;;7;10
748;5;10;20;15;1;Offensive;Non-physical;Balanced;Conservative;Loves Prospects;Balanced;Balanced;11;19;12;4;11;8;3;11;3;4;3;3;8;14;0;;11;9
749;5;10;20;15;1;Offensive;Very Non-Physical;Balanced;Balanced;Prefers Prospects;Balanced;Balanced;10;15;7;15;11;13;16;2;7;11;6;7;11;11;0;;7;3
750;10;10;15;20;1;Standard;Very Non-Physical;Passive;Balanced;Balanced;Conservative;Ruthless;11;13;12;5;5;4;9;2;10;4;9;15;11;9;0;;12;15
751;10;10;15;20;1;Defensive;Non-physical;Passive;Balanced;Prefers Veterans;Very Innovative;Balanced;7;9;6;13;3;12;8;5;12;4;8;6;6;9;0;;15;12
752;10;10;15;20;1;Offensive;Very Non-Physical;Passive;Conservative;Balanced;Balanced;Balanced;3;3;6;5;4;10;10;4;6;4;10;18;6;12;0;;12;16
753;10;10;15;20;1;Offensive;Very Non-Physical;Balanced;Balanced;Prefers Prospects;Balanced;Loyal;10;11;8;5;10;11;2;11;8;6;3;15;4;4;0;;13;16
754;10;10;15;20;1;Offensive;Non-physical;Balanced;Balanced;Prefers Veterans;Balanced;Balanced;10;9;5;13;2;8;12;8;5;14;7;14;7;13;0;;11;11
755;10;10;15;20;1;Offensive;Very Non-Physical;Balanced;Aggressive;Balanced;Very Innovative;Ruthless;13;12;7;11;11;13;12;4;11;11;4;7;16;7;0;;15;15
756;5;10;20;15;1;Standard;Very Non-Physical;Passive;Conservative;Prefers Veterans;Innovative;Balanced;7;15;8;7;7;9;12;6;5;12;2;3;8;14;0;;13;10
757;5;10;20;15;1;Defensive;Very Non-Physical;Passive;Aggressive;Loves Prospects;Conservative;Loyal;12;12;5;14;17;12;5;9;12;9;8;14;13;11;0;;7;10
758;5;10;20;15;1;Standard;Very Non-Physical;Aggressive;Balanced;Balanced;Balanced;Loyal;12;4;5;8;12;16;18;2;10;4;7;6;11;6;0;;2;4
759;1;1;5;1;20;Standard;Very Non-Physical;Balanced;Balanced;Prefers Prospects;Very Conservative;Loyal;0;0;0;0;0;0;0;4;0;0;3;0;0;0;15;;0;0
760;15;20;10;15;1;Offensive;Non-physical;Balanced;Balanced;Balanced;Balanced;Loyal;9;12;6;7;12;3;8;3;6;12;5;14;7;4;0;;3;5
761;10;15;20;15;1;Standard;Very Non-Physical;Balanced;Aggressive;Balanced;Conservative;Loyal;11;11;10;7;15;3;4;2;4;9;8;13;17;9;0;;11;6
762;10;10;15;20;1;Standard;Non-physical;Aggressive;Conservative;Loves Veterans;Balanced;Balanced;5;5;11;7;1;11;11;7;13;2;8;6;6;12;0;;12;16
763;10;10;15;20;1;Standard;Non-physical;Balanced;Aggressive;Loves Veterans;Conservative;Balanced;7;8;13;7;6;10;9;9;6;13;11;6;14;3;0;;15;11
764;10;10;15;20;1;Standard;Non-physical;Balanced;Balanced;Balanced;Balanced;Loyal;9;7;7;8;2;12;9;3;3;2;9;19;4;2;0;;13;11
765;10;10;15;20;1;Offensive;Very Non-Physical;Balanced;Balanced;Loves Prospects;Balanced;Ruthless;12;9;10;5;13;11;10;9;11;5;7;6;9;7;0;;12;18
766;10;10;15;20;1;Offensive;Very Non-Physical;Balanced;Balanced;Balanced;Balanced;Very Ruthless;10;13;8;9;7;10;13;5;12;4;7;11;10;8;0;;11;15
767;10;10;15;20;1;Offensive;Very Non-Physical;Very Aggressive;Balanced;Loves Veterans;Innovative;Balanced;12;5;5;6;5;7;6;2;10;5;6;12;12;1;0;;17;18
768;10;10;15;20;1;Offensive;Non-physical;Balanced;Conservative;Balanced;Very Conservative;Ruthless;1;12;10;2;7;7;1;5;13;5;9;6;13;7;0;;13;19
769;5;10;20;15;1;Offensive;Non-physical;Very Aggressive;Conservative;Balanced;Very Innovative;Ruthless;5;14;19;15;5;4;5;4;13;1;2;9;6;4;0;;6;10
770;5;10;20;15;1;Standard;Very Non-Physical;Passive;Aggressive;Loves Prospects;Innovative;Balanced;12;8;17;13;13;13;17;6;15;0;6;9;9;6;0;;2;3
771;5;10;20;15;1;Offensive;Very Non-Physical;Very Passive;Balanced;Prefers Veterans;Balanced;Balanced;15;16;9;16;4;4;14;7;8;5;1;15;14;6;0;;2;12
772;5;10;20;15;1;Standard;Non-physical;Balanced;Aggressive;Prefers Veterans;Conservative;Balanced;10;13;5;13;11;14;3;6;14;7;6;15;8;10;0;;3;8
773;5;10;20;15;1;Offensive;Non-physical;Passive;Balanced;Balanced;Very Innovative;Balanced;11;4;8;11;14;7;12;8;8;6;5;13;17;4;0;;7;4
774;1;1;5;1;20;Offensive;Very Non-Physical;Balanced;Aggressive;Balanced;Balanced;Balanced;0;0;0;0;0;0;0;1;0;0;3;0;0;0;19;;0;0
775;15;20;10;15;1;Very Offensive;Non-physical;Aggressive;Aggressive;Prefers Veterans;Innovative;Ruthless;11;2;11;9;12;4;4;2;6;11;6;13;11;3;0;;10;9
776;10;15;20;15;1;Offensive;Very Non-Physical;Balanced;Balanced;Loves Veterans;Balanced;Balanced;13;4;5;10;12;10;13;4;6;1;5;8;6;8;0;;7;1
777;10;10;15;20;1;Standard;Very Non-Physical;Balanced;Balanced;Prefers Veterans;Conservative;Loyal;3;11;1;9;3;7;6;8;12;10;10;9;7;12;0;;14;11
778;10;10;15;20;1;Standard;Very Non-Physical;Aggressive;Aggressive;Loves Veterans;Balanced;Ruthless;13;6;7;5;4;12;12;4;7;11;2;15;15;4;0;;18;17
779;10;10;15;20;1;Offensive;Non-physical;Aggressive;Balanced;Balanced;Very Innovative;Loyal;3;3;5;10;7;5;4;10;10;13;2;11;16;2;0;;11;20
780;10;10;15;20;1;Offensive;Non-physical;Aggressive;Very Conservative;Prefers Prospects;Balanced;Loyal;7;7;11;2;10;7;8;10;10;1;4;10;13;4;0;;17;14
781;10;10;15;20;1;Standard;Very Non-Physical;Very Aggressive;Balanced;Loves Veterans;Balanced;Loyal;3;9;2;7;10;8;11;6;5;10;2;18;11;4;0;;15;15
782;10;10;15;20;1;Offensive;Non-physical;Balanced;Conservative;Prefers Prospects;Balanced;Balanced;2;10;2;5;4;9;4;10;10;12;8;3;5;4;0;;16;12
783;10;10;15;20;1;Offensive;Very Non-Physical;Passive;Balanced;Prefers Veterans;Innovative;Balanced;9;12;1;8;8;13;8;7;6;8;10;19;8;7;0;;10;17
784;5;10;20;15;1;Offensive;Very Non-Physical;Passive;Very Aggressive;Balanced;Balanced;Balanced;9;13;12;17;8;10;14;7;3;11;4;7;7;8;0;;9;6
785;5;10;20;15;1;Offensive;Very Non-Physical;Passive;Conservative;Prefers Prospects;Conservative;Loyal;7;13;5;12;5;16;3;1;8;6;2;6;20;15;0;;10;2
786;5;10;20;15;1;Offensive;Very Non-Physical;Aggressive;Conservative;Prefers Prospects;Balanced;Ruthless;3;13;13;7;15;10;12;4;10;9;8;8;8;19;0;;2;9
787;5;10;20;15;1;Offensive;Very Non-Physical;Balanced;Balanced;Balanced;Very Innovative;Very Loyal;4;11;5;4;11;15;7;4;10;0;5;5;10;15;0;;6;1
788;5;10;20;15;1;Offensive;Very Non-Physical;Balanced;Conservative;Balanced;Very Conservative;Very Ruthless;13;4;13;15;7;14;8;10;15;3;4;5;11;5;0;;8;11
789;1;1;5;1;20;Defensive;Very Non-Physical;Aggressive;Balanced;Balanced;Conservative;Loyal;0;0;0;0;0;0;0;5;0;0;3;0;0;0;18;;0;0
790;15;20;10;15;1;Standard;Non-physical;Balanced;Balanced;Balanced;Balanced;Ruthless;11;8;5;2;4;11;5;8;5;9;4;7;15;3;0;;11;1
791;10;15;20;15;1;Offensive;Non-physical;Very Passive;Aggressive;Prefers Prospects;Balanced;Balanced;6;8;10;10;13;10;13;2;12;6;5;6;14;6;0;;8;7
792;10;10;15;20;1;Offensive;Very Non-Physical;Balanced;Balanced;Prefers Veterans;Balanced;Ruthless;13;6;9;4;1;1;8;8;4;3;3;12;12;2;0;;17;14
793;10;10;15;20;1;Offensive;Very Non-Physical;Balanced;Balanced;Balanced;Balanced;Loyal;7;11;4;4;5;1;7;3;10;7;9;11;7;3;0;;13;15
794;10;10;15;20;1;Offensive;Very Non-Physical;Passive;Balanced;Balanced;Conservative;Balanced;13;8;5;9;4;11;8;5;12;10;9;8;16;11;0;;12;13
795;10;10;15;20;1;Offensive;Very Non-Physical;Balanced;Balanced;Prefers Veterans;Innovative;Balanced;10;12;1;12;9;6;8;9;13;3;11;16;5;4;0;;11;16
796;10;10;15;20;1;Defensive;Very Non-Physical;Aggressive;Balanced;Prefers Prospects;Balanced;Ruthless;6;4;7;4;8;12;6;1;9;3;10;10;6;7;0;;11;12
797;10;10;15;20;1;Standard;Very Non-Physical;Passive;Balanced;Balanced;Innovative;Balanced;1;12;2;1;1;3;7;9;4;5;4;8;12;10;0;;14;12
798;10;10;15;20;1;Offensive;Very Non-Physical;Passive;Conservative;Balanced;Innovative;Ruthless;4;10;4;5;3;7;8;4;4;8;5;18;8;12;0;;13;11
799;5;10;20;15;1;Offensive;Very Non-Physical;Very Aggressive;Balanced;Balanced;Balanced;Balanced;7;15;13;10;17;10;17;5;10;10;9;5;16;13;0;;2;12
800;5;10;20;15;1;Offensive;Non-physical;Balanced;Conservative;Balanced;Balanced;Ruthless;6;9;3;14;15;17;16;6;4;7;6;9;8;9;0;;7;4
801;5;10;20;15;1;Offensive;Very Non-Physical;Passive;Aggressive;Loves Veterans;Balanced;Balanced;5;15;8;13;6;6;7;7;14;10;6;10;14;13;0;;5;7
802;5;10;20;15;1;Offensive;Non-physical;Aggressive;Very Aggressive;Balanced;Conservative;Loyal;15;9;12;12;6;9;15;3;13;2;1;14;20;6;0;;2;4
803;5;10;20;15;1;Offensive;Non-physical;Aggressive;Conservative;Balanced;Innovative;Balanced;6;14;13;5;6;10;7;7;11;12;6;5;11;12;0;;9;4
804;1;1;5;1;20;Defensive;Non-physical;Balanced;Conservative;Balanced;Balanced;Balanced;0;0;0;0;0;0;0;6;0;0;5;0;0;0;18;;0;0
805;15;20;10;15;1;Standard;Very Non-Physical;Passive;Balanced;Balanced;Conservative;Balanced;3;3;9;7;13;4;9;8;11;4;6;8;5;2;0;;12;12
806;10;15;20;15;1;Very Offensive;Very Non-Physical;Balanced;Balanced;Prefers Veterans;Balanced;Balanced;11;5;7;8;5;7;5;8;10;9;7;15;9;13;0;;13;9
807;10;10;15;20;1;Offensive;Very Non-Physical;Aggressive;Balanced;Prefers Prospects;Innovative;Ruthless;11;10;12;8;8;2;3;6;6;8;8;19;7;2;0;;17;11
808;10;10;15;20;1;Offensive;Non-physical;Balanced;Balanced;Prefers Veterans;Balanced;Balanced;10;3;4;1;9;13;3;7;13;4;13;17;9;5;0;;11;17
809;10;10;15;20;1;Standard;Non-physical;Balanced;Balanced;Balanced;Balanced;Loyal;3;11;9;7;2;12;13;8;5;10;6;20;10;4;0;;16;11
810;10;10;15;20;1;Offensive;Very Non-Physical;Passive;Balanced;Balanced;Innovative;Balanced;8;1;7;7;9;1;12;3;14;6;9;10;10;9;0;;11;12
811;10;10;15;20;1;Offensive;Very Non-Physical;Aggressive;Conservative;Balanced;Balanced;Ruthless;4;9;2;13;12;2;1;2;7;13;11;8;9;5;0;;18;13
812;10;10;15;20;1;Defensive;Non-physical;Passive;Conservative;Balanced;Balanced;Balanced;4;9;12;9;7;8;3;1;12;7;10;10;8;12;0;;20;11
813;10;10;15;20;1;Standard;Non-physical;Very Aggressive;Balanced;Prefers Veterans;Very Conservative;Balanced;5;9;13;10;10;12;7;2;14;8;7;14;16;12;0;;12;15
814;5;10;20;15;1;Standard;Non-physical;Balanced;Very Conservative;Prefers Prospects;Very Conservative;Loyal;6;12;16;9;5;7;9;5;12;12;2;15;8;5;0;;1;12
815;5;10;20;15;1;Offensive;Very Non-Physical;Balanced;Balanced;Prefers Veterans;Balanced;Balanced;11;7;8;16;6;9;4;7;13;10;4;10;14;12;0;;5;2
816;5;10;20;15;1;Offensive;Non-physical;Very Passive;Balanced;Prefers Prospects;Conservative;Loyal;16;12;5;14;5;7;14;5;9;3;4;7;12;13;0;;1;11
817;5;10;20;15;1;Standard;Non-physical;Passive;Aggressive;Balanced;Balanced;Balanced;10;4;9;15;12;4;7;7;13;11;3;15;17;17;0;;2;7
818;5;10;20;15;1;Standard;Very Non-Physical;Aggressive;Aggressive;Balanced;Balanced;Balanced;10;7;17;5;9;14;8;10;8;9;6;11;16;11;0;;4;9
819;1;1;5;1;20;Standard;Very Non-Physical;Balanced;Balanced;Balanced;Balanced;Balanced;0;0;0;0;0;0;0;4;0;0;2;0;0;0;15;;0;0
820;15;20;10;15;1;Offensive;Very Non-Physical;Balanced;Balanced;Prefers Prospects;Balanced;Ruthless;9;6;7;1;7;12;13;1;4;7;1;7;4;6;0;;9;10
821;10;15;20;15;1;Standard;Very Non-Physical;Passive;Very Aggressive;Balanced;Balanced;Balanced;8;7;7;14;12;13;7;1;5;8;5;4;16;13;0;;11;4
822;10;10;15;20;1;Offensive;Very Non-Physical;Passive;Balanced;Prefers Prospects;Balanced;Balanced;10;4;7;8;5;5;12;7;8;2;8;16;6;1;0;;17;17
823;10;10;15;20;1;Offensive;Very Non-Physical;Passive;Aggressive;Prefers Prospects;Conservative;Very Ruthless;2;2;10;12;10;4;10;8;11;7;10;16;14;12;0;;10;16
824;10;10;15;20;1;Defensive;Non-physical;Balanced;Conservative;Balanced;Balanced;Balanced;7;2;2;9;6;7;4;12;3;6;8;18;6;7;0;;11;11
825;10;10;15;20;1;Very Offensive;Very Non-Physical;Balanced;Conservative;Balanced;Balanced;Balanced;8;12;2;8;11;8;10;2;4;8;8;13;8;4;0;;15;10
826;10;10;15;20;1;Standard;Very Non-Physical;Balanced;Aggressive;Balanced;Balanced;Balanced;12;12;12;1;8;9;7;8;7;13;5;5;6;3;0;;14;12
827;10;10;15;20;1;Offensive;Non-physical;Aggressive;Very Aggressive;Prefers Veterans;Very Conservative;Balanced;8;5;9;13;10;2;3;10;15;6;4;14;12;2;0;;11;13
828;10;10;15;20;1;Offensive;Very Non-Physical;Balanced;Very Conservative;Balanced;Conservative;Balanced;9;1;7;13;1;9;1;12;15;2;7;10;6;11;0;;14;10
829;5;10;20;15;1;Offensive;Very Non-Physical;Aggressive;Balanced;Loves Veterans;Innovative;Balanced;5;8;10;12;11;7;4;9;15;11;9;3;11;9;0;;6;4
830;5;10;20;15;1;Offensive;Very Non-Physical;Aggressive;Balanced;Prefers Veterans;Innovative;Loyal;4;13;11;11;11;9;16;10;11;5;4;14;17;8;0;;8;10
831;5;10;20;15;1;Offensive;Physical;Balanced;Balanced;Balanced;Balanced;Balanced;16;6;8;3;13;14;13;6;15;10;3;4;13;19;0;;5;11
832;5;10;20;15;1;Standard;Very Non-Physical;Passive;Conservative;Balanced;Balanced;Balanced;16;6;16;6;14;15;6;7;13;11;5;9;12;8;0;;11;6
833;5;10;20;15;1;Offensive;Very Non-Physical;Balanced;Conservative;Balanced;Balanced;Loyal;11;3;4;16;12;8;14;7;4;0;2;6;10;12;0;;13;1
834;1;1;5;1;20;Offensive;Very Non-Physical;Balanced;Conservative;Balanced;Very Innovative;Balanced;0;0;0;0;0;0;0;2;0;0;1;0;0;0;18;;0;0
835;15;20;10;15;1;Offensive;Very Non-Physical;Balanced;Conservative;Balanced;Balanced;Ruthless;1;8;9;5;11;9;13;3;4;0;9;15;4;1;0;;2;8
836;10;15;20;15;1;Standard;Very Non-Physical;Balanced;Balanced;Balanced;Conservative;Very Ruthless;5;15;3;12;4;15;9;9;5;0;7;5;16;13;0;;2;6
837;10;10;15;20;1;Offensive;Very Non-Physical;Balanced;Balanced;Balanced;Conservative;Loyal;10;10;1;10;6;8;3;6;13;10;7;11;5;7;0;;18;20
838;10;10;15;20;1;Standard;Very Non-Physical;Balanced;Very Conservative;Loves Prospects;Conservative;Balanced;13;5;6;13;3;3;2;8;6;8;11;11;8;13;0;;12;14
839;10;10;15;20;1;Offensive;Very Non-Physical;Passive;Conservative;Loves Prospects;Balanced;Very Ruthless;9;10;3;1;6;9;9;15;6;3;5;8;11;2;0;;13;13
840;10;10;15;20;1;Offensive;Non-physical;Aggressive;Balanced;Loves Prospects;Balanced;Very Ruthless;13;11;10;5;13;5;12;7;13;8;7;8;4;8;0;;16;14
841;10;10;15;20;1;Offensive;Non-physical;Passive;Conservative;Prefers Prospects;Innovative;Balanced;6;1;11;6;12;1;9;6;10;10;3;12;10;3;0;;16;15
842;10;10;15;20;1;Standard;Very Non-Physical;Very Aggressive;Balanced;Prefers Veterans;Balanced;Ruthless;12;5;3;5;2;7;2;6;10;5;10;11;5;5;0;;15;15
843;10;10;15;20;1;Offensive;Very Non-Physical;Balanced;Aggressive;Balanced;Very Innovative;Balanced;7;3;5;2;3;9;4;5;5;4;8;11;7;13;0;;14;13
844;5;10;20;15;1;Standard;Very Non-Physical;Very Aggressive;Balanced;Prefers Prospects;Conservative;Very Ruthless;15;14;6;5;11;14;17;3;13;12;7;10;9;14;0;;12;7
845;5;10;20;15;1;Offensive;Very Non-Physical;Balanced;Balanced;Prefers Veterans;Balanced;Balanced;7;10;16;12;3;11;9;3;14;3;6;3;6;4;0;;8;12
846;5;10;20;15;1;Offensive;Non-physical;Balanced;Balanced;Balanced;Conservative;Loyal;17;9;9;9;12;8;11;8;14;3;3;13;8;11;0;;3;10
847;5;10;20;15;1;Defensive;Very Non-Physical;Balanced;Balanced;Prefers Veterans;Innovative;Balanced;4;3;15;5;17;17;7;2;7;10;2;3;11;10;0;;9;2
848;5;10;20;15;1;Defensive;Very Non-Physical;Balanced;Aggressive;Balanced;Conservative;Very Loyal;5;14;6;6;6;16;9;2;11;2;9;5;13;7;0;;11;11
849;1;1;5;1;20;Offensive;Very Non-Physical;Balanced;Balanced;Balanced;Balanced;Loyal;0;0;0;0;0;0;0;2;0;0;6;0;0;0;15;;0;0
850;15;20;10;15;1;Offensive;Very Non-Physical;Aggressive;Balanced;Prefers Veterans;Balanced;Balanced;10;4;6;10;12;12;13;2;10;9;2;13;6;1;0;;6;7
851;10;15;20;15;1;Offensive;Very Non-Physical;Balanced;Aggressive;Prefers Veterans;Innovative;Balanced;6;12;14;11;5;5;13;6;14;3;6;5;18;14;0;;5;9
852;10;10;15;20;1;Offensive;Non-physical;Passive;Balanced;Balanced;Innovative;Balanced;3;6;6;4;13;4;12;4;5;9;11;7;13;6;0;;11;11
853;10;10;15;20;1;Offensive;Very Non-Physical;Aggressive;Balanced;Prefers Veterans;Balanced;Loyal;3;10;5;8;4;2;2;4;5;4;9;15;5;3;0;;14;17
854;10;10;15;20;1;Offensive;Very Non-Physical;Aggressive;Balanced;Loves Veterans;Balanced;Balanced;5;2;9;10;4;7;1;8;14;0;12;9;6;10;0;;13;14
855;10;10;15;20;1;Offensive;Non-physical;Very Aggressive;Aggressive;Balanced;Balanced;Ruthless;2;1;3;9;7;5;7;5;8;19;3;9;7;3;0;;13;11
856;10;10;15;20;1;Standard;Very Non-Physical;Very Passive;Balanced;Balanced;Very Conservative;Balanced;1;13;9;8;1;12;5;8;15;1;9;9;11;11;0;;16;13
857;10;10;15;20;1;Offensive;Very Non-Physical;Balanced;Aggressive;Prefers Veterans;Balanced;Balanced;6;1;10;6;12;4;12;9;14;7;2;19;5;8;0;;12;18
858;10;10;15;20;1;Offensive;Very Non-Physical;Very Passive;Conservative;Prefers Veterans;Balanced;Balanced;4;6;5;2;3;7;5;1;15;3;2;16;12;12;0;;15;11
859;5;10;20;15;1;Offensive;Very Non-Physical;Very Passive;Conservative;Balanced;Balanced;Ruthless;9;3;10;8;4;17;13;5;4;2;3;6;15;14;0;;7;10
860;5;10;20;15;1;Offensive;Non-physical;Aggressive;Balanced;Prefers Veterans;Balanced;Balanced;11;13;11;15;6;6;4;3;12;1;6;11;8;13;0;;13;3
861;5;10;20;15;1;Offensive;Very Non-Physical;Aggressive;Conservative;Prefers Veterans;Balanced;Ruthless;10;10;17;5;7;5;14;4;9;3;8;14;7;7;0;;8;2
862;5;10;20;15;1;Standard;Very Non-Physical;Aggressive;Balanced;Balanced;Balanced;Loyal;5;3;16;10;10;11;14;4;15;12;7;14;19;10;0;;13;4
863;5;10;20;15;1;Offensive;Non-physical;Balanced;Balanced;Balanced;Innovative;Balanced;6;5;15;6;14;3;11;7;8;12;9;7;10;16;0;;5;11
864;1;1;5;1;20;Offensive;Non-physical;Very Passive;Aggressive;Balanced;Innovative;Balanced;0;0;0;0;0;0;0;1;0;0;8;0;0;0;17;;0;0
865;15;20;10;15;1;Offensive;Very Non-Physical;Balanced;Conservative;Prefers Prospects;Innovative;Ruthless;5;3;7;12;10;1;3;9;12;6;6;9;12;7;0;;9;10
866;10;15;20;15;1;Standard;Non-physical;Passive;Balanced;Prefers Prospects;Balanced;Balanced;13;9;15;12;15;7;15;9;3;7;4;10;13;3;0;;13;11
867;10;10;15;20;1;Offensive;Very Non-Physical;Very Aggressive;Very Conservative;Prefers Prospects;Balanced;Very Loyal;12;7;5;6;12;2;2;6;9;6;3;6;10;10;0;;13;17
868;10;10;15;20;1;Standard;Very Non-Physical;Balanced;Conservative;Prefers Prospects;Conservative;Balanced;3;4;12;10;3;8;8;8;6;9;5;5;16;3;0;;12;14
869;10;10;15;20;1;Offensive;Non-physical;Balanced;Balanced;Prefers Prospects;Balanced;Balanced;3;2;9;13;13;9;13;2;12;6;8;8;13;7;0;;11;16
870;10;10;15;20;1;Standard;Very Non-Physical;Very Aggressive;Very Aggressive;Balanced;Balanced;Ruthless;2;3;11;1;9;12;13;9;3;9;4;5;16;7;0;;18;12
871;10;10;15;20;1;Offensive;Non-physical;Balanced;Balanced;Loves Prospects;Conservative;Balanced;12;11;3;10;4;13;8;10;6;2;4;11;4;8;0;;11;14
872;10;10;15;20;1;Standard;Very Non-Physical;Passive;Balanced;Prefers Prospects;Innovative;Very Ruthless;6;4;4;3;13;7;6;6;9;3;8;4;10;9;0;;15;16
873;10;10;15;20;1;Standard;Non-physical;Passive;Balanced;Balanced;Conservative;Ruthless;6;10;13;8;11;9;1;3;13;7;7;17;16;4;0;;15;20
874;5;10;20;15;1;Standard;Very Non-Physical;Balanced;Conservative;Prefers Prospects;Balanced;Balanced;17;9;4;8;7;14;9;9;4;9;5;12;11;6;0;;10;3
875;5;10;20;15;1;Offensive;Very Non-Physical;Aggressive;Conservative;Balanced;Very Innovative;Ruthless;3;9;7;12;7;17;3;2;14;9;6;11;10;11;0;;9;7
876;5;10;20;15;1;Offensive;Non-physical;Very Passive;Conservative;Prefers Veterans;Conservative;Very Loyal;8;10;14;16;14;9;10;9;4;6;8;15;10;11;0;;5;13
877;5;10;20;15;1;Standard;Very Non-Physical;Aggressive;Conservative;Prefers Veterans;Balanced;Ruthless;12;4;10;11;7;12;8;10;5;12;9;13;19;12;0;;8;1
878;5;10;20;15;1;Standard;Non-physical;Aggressive;Conservative;Balanced;Innovative;Ruthless;5;17;8;10;8;11;4;1;14;1;6;10;13;13;0;;6;3
879;1;1;5;1;20;Offensive;Very Non-Physical;Balanced;Very Conservative;Prefers Prospects;Balanced;Balanced;0;0;0;0;0;0;0;5;0;0;1;0;0;0;15;;0;0
880;15;20;10;15;1;Offensive;Non-physical;Passive;Very Conservative;Balanced;Balanced;Balanced;8;5;8;12;11;12;5;3;5;6;2;11;8;1;0;;2;13
881;10;15;20;15;1;Standard;Very Non-Physical;Passive;Balanced;Balanced;Balanced;Loyal;5;7;13;7;13;6;3;1;4;2;1;13;13;15;0;;9;11
882;10;10;15;20;1;Offensive;Very Non-Physical;Balanced;Very Conservative;Balanced;Very Conservative;Loyal;10;7;7;9;11;10;7;2;7;11;6;4;11;3;0;;16;16
883;10;10;15;20;1;Offensive;Non-physical;Balanced;Balanced;Prefers Veterans;Balanced;Balanced;2;1;11;4;10;6;10;7;7;10;3;12;7;7;0;;14;11
884;10;10;15;20;1;Standard;Very Non-Physical;Aggressive;Very Aggressive;Balanced;Balanced;Very Loyal;3;12;2;4;5;3;10;3;12;7;5;14;11;2;0;;12;13
885;10;10;15;20;1;Standard;Very Non-Physical;Aggressive;Aggressive;Loves Veterans;Balanced;Balanced;2;6;9;7;2;6;10;12;11;9;3;9;9;9;0;;18;16
886;10;10;15;20;1;Standard;Non-physical;Aggressive;Conservative;Prefers Veterans;Balanced;Balanced;7;7;4;11;6;11;2;4;15;8;4;6;13;4;0;;14;15
887;10;10;15;20;1;Offensive;Very Non-Physical;Aggressive;Very Conservative;Prefers Prospects;Conservative;Loyal;13;4;7;7;3;6;3;3;12;1;9;9;16;9;0;;19;13
888;10;10;15;20;1;Standard;Non-physical;Balanced;Aggressive;Balanced;Very Conservative;Balanced;2;6;3;13;11;7;6;9;5;4;9;9;8;6;0;;14;14
889;5;10;20;15;1;Offensive;Very Non-Physical;Balanced;Conservative;Prefers Veterans;Innovative;Balanced;16;10;6;8;8;4;5;2;3;11;5;14;6;11;0;;5;4
890;5;10;20;15;1;Offensive;Non-physical;Aggressive;Balanced;Balanced;Conservative;Very Ruthless;9;10;14;4;9;4;11;9;5;0;8;4;11;17;0;;2;5
891;5;10;20;15;1;Offensive;Non-physical;Balanced;Aggressive;Loves Prospects;Balanced;Balanced;14;7;12;14;8;8;9;6;4;3;5;5;20;7;0;;13;12
892;5;10;20;15;1;Standard;Very Non-Physical;Passive;Very Aggressive;Balanced;Balanced;Very Ruthless;6;12;8;8;11;7;5;6;12;1;6;12;14;10;0;;10;11
893;5;10;20;15;1;Offensive;Non-physical;Balanced;Balanced;Balanced;Balanced;Ruthless;18;9;4;8;7;11;10;2;15;0;3;11;7;8;0;;8;13
894;1;1;5;1;20;Defensive;Very Non-Physical;Balanced;Balanced;Prefers Veterans;Balanced;Ruthless;0;0;0;0;0;0;0;7;0;0;2;0;0;0;20;;0;0
895;15;20;10;15;1;Offensive;Non-physical;Balanced;Aggressive;Prefers Veterans;Very Innovative;Balanced;2;6;11;11;12;3;6;2;4;3;8;10;9;2;0;;13;12
896;10;15;20;15;1;Standard;Very Non-Physical;Very Aggressive;Conservative;Balanced;Innovative;Balanced;8;3;7;4;12;14;7;5;12;7;1;12;18;15;0;;11;10
897;10;10;15;20;1;Offensive;Very Non-Physical;Balanced;Conservative;Prefers Veterans;Conservative;Balanced;10;9;10;8;11;3;13;2;11;11;10;17;6;6;0;;12;10
898;10;10;15;20;1;Standard;Non-physical;Balanced;Very Aggressive;Prefers Veterans;Innovative;Balanced;5;6;2;1;6;6;2;4;3;8;7;17;16;10;0;;20;10
899;10;10;15;20;1;Standard;Very Non-Physical;Passive;Balanced;Prefers Prospects;Conservative;Very Ruthless;2;13;11;6;7;2;9;3;10;2;6;11;11;2;0;;10;15
900;10;10;15;20;1;Standard;Non-physical;Very Passive;Balanced;Prefers Prospects;Innovative;Loyal;9;10;8;3;6;2;2;2;14;2;4;4;16;9;0;;14;14
901;10;10;15;20;1;Standard;Very Non-Physical;Very Aggressive;Balanced;Balanced;Balanced;Balanced;9;1;2;10;7;12;12;5;3;14;5;15;4;9;0;;10;10
902;10;10;15;20;1;Standard;Non-physical;Balanced;Balanced;Loves Veterans;Conservative;Balanced;2;7;5;7;11;6;12;11;8;1;8;6;8;11;0;;17;14
903;10;10;15;20;1;Standard;Very Non-Physical;Very Passive;Balanced;Loves Veterans;Innovative;Loyal;11;10;12;1;7;11;12;9;12;6;4;18;16;10;0;;15;11
904;5;10;20;15;1;Offensive;Very Non-Physical;Very Aggressive;Conservative;Balanced;Conservative;Loyal;18;14;11;11;14;12;4;10;9;4;7;8;15;11;0;;9;9
905;5;10;20;15;1;Standard;Non-physical;Very Aggressive;Conservative;Balanced;Conservative;Balanced;16;11;12;13;9;7;7;2;6;9;6;15;8;8;0;;7;8
906;5;10;20;15;1;Standard;Very Non-Physical;Aggressive;Balanced;Balanced;Very Innovative;Balanced;12;16;14;12;10;7;9;5;9;8;5;6;7;6;0;;9;10
907;5;10;20;15;1;Standard;Very Non-Physical;Balanced;Balanced;Balanced;Balanced;Balanced;5;14;15;7;13;7;10;5;3;9;8;13;10;15;0;;1;10
908;5;10;20;15;1;Offensive;Non-physical;Balanced;Aggressive;Prefers Prospects;Innovative;Ruthless;11;4;13;15;12;15;9;5;6;2;7;4;10;8;0;;1;7
909;1;1;5;1;20;Offensive;Very Non-Physical;Balanced;Conservative;Prefers Prospects;Innovative;Ruthless;0;0;0;0;0;0;0;5;0;0;7;0;0;0;18;;0;0
910;15;20;10;15;1;Offensive;Non-physical;Aggressive;Aggressive;Prefers Prospects;Innovative;Balanced;8;4;5;8;13;7;1;7;11;0;9;4;16;8;0;;9;4
911;10;15;20;15;1;Offensive;Very Non-Physical;Balanced;Balanced;Loves Prospects;Conservative;Loyal;9;3;5;9;9;4;6;2;8;7;8;13;18;7;0;;7;2
912;10;10;15;20;1;Standard;Very Non-Physical;Passive;Conservative;Prefers Prospects;Innovative;Loyal;7;7;1;2;9;3;8;2;13;9;5;7;10;4;0;;15;14
913;10;10;15;20;1;Offensive;Very Non-Physical;Passive;Balanced;Prefers Veterans;Balanced;Ruthless;9;11;10;3;10;6;8;10;9;17;5;6;5;8;0;;13;12
914;10;10;15;20;1;Offensive;Non-physical;Balanced;Aggressive;Balanced;Balanced;Balanced;1;7;8;9;5;12;4;2;10;3;1;11;14;2;0;;14;15
915;10;10;15;20;1;Offensive;Very Non-Physical;Passive;Very Aggressive;Prefers Veterans;Conservative;Balanced;3;5;8;11;3;3;8;9;13;11;2;16;14;5;0;;13;12
916;10;10;15;20;1;Standard;Non-physical;Balanced;Balanced;Prefers Veterans;Conservative;Balanced;11;12;2;3;5;2;8;3;11;5;4;13;9;13;0;;11;13
917;10;10;15;20;1;Standard;Very Non-Physical;Aggressive;Aggressive;Balanced;Conservative;Balanced;11;13;11;1;8;6;12;3;3;7;5;19;5;1;0;;13;12
918;10;10;15;20;1;Offensive;Very Non-Physical;Aggressive;Conservative;Balanced;Conservative;Ruthless;2;10;1;2;8;3;10;7;10;12;6;14;14;10;0;;14;11
919;5;10;20;15;1;Standard;Very Non-Physical;Balanced;Aggressive;Prefers Veterans;Balanced;Loyal;14;12;12;16;5;13;15;5;11;11;4;10;20;12;0;;7;11
920;5;10;20;15;1;Standard;Non-physical;Balanced;Aggressive;Prefers Prospects;Very Conservative;Ruthless;16;8;12;13;9;4;11;6;13;11;7;6;11;14;0;;4;5
921;5;10;20;15;1;Offensive;Very Non-Physical;Aggressive;Balanced;Prefers Prospects;Innovative;Balanced;14;9;16;5;13;7;10;6;11;11;6;7;11;10;0;;5;11
922;5;10;20;15;1;Standard;Very Non-Physical;Very Aggressive;Balanced;Balanced;Innovative;Loyal;9;10;9;9;11;17;5;4;6;2;3;12;15;9;0;;10;12
923;5;10;20;15;1;Offensive;Very Non-Physical;Aggressive;Balanced;Prefers Veterans;Balanced;Balanced;8;9;13;6;17;14;8;8;4;12;3;4;11;10;0;;2;1
924;1;1;5;1;20;Standard;Very Non-Physical;Balanced;Balanced;Balanced;Innovative;Balanced;0;0;0;0;0;0;0;3;0;0;1;0;0;0;17;;0;0
925;15;20;10;15;1;Offensive;Very Non-Physical;Balanced;Balanced;Balanced;Conservative;Ruthless;6;1;4;10;12;13;12;8;9;11;6;9;4;4;0;;13;3
926;10;15;20;15;1;Standard;Very Non-Physical;Aggressive;Balanced;Balanced;Very Conservative;Balanced;4;9;11;15;15;10;5;4;15;6;6;13;6;6;0;;8;13
927;10;10;15;20;1;Offensive;Non-physical;Passive;Balanced;Prefers Prospects;Balanced;Loyal;10;9;7;7;7;1;5;4;8;16;9;15;6;4;0;;12;11
928;10;10;15;20;1;Standard;Non-physical;Balanced;Balanced;Loves Prospects;Very Conservative;Ruthless;8;4;4;13;4;13;12;8;6;5;1;5;14;13;0;;14;11
929;10;10;15;20;1;Offensive;Very Non-Physical;Very Passive;Conservative;Prefers Prospects;Balanced;Loyal;7;11;7;12;5;11;4;8;13;5;14;10;5;12;0;;10;11
930;10;10;15;20;1;Offensive;Non-physical;Aggressive;Balanced;Prefers Prospects;Conservative;Very Ruthless;10;10;5;4;4;10;5;5;5;9;4;9;4;8;0;;13;13
931;10;10;15;20;1;Offensive;Non-physical;Passive;Balanced;Prefers Prospects;Balanced;Ruthless;6;6;3;11;5;8;10;4;10;14;6;7;12;8;0;;15;12
932;10;10;15;20;1;Offensive;Very Non-Physical;Balanced;Balanced;Balanced;Balanced;Balanced;11;13;10;2;9;9;10;9;9;1;6;7;5;8;0;;16;16
933;10;10;15;20;1;Offensive;Very Non-Physical;Balanced;Balanced;Loves Prospects;Innovative;Balanced;13;3;4;4;6;5;3;16;13;8;8;7;14;13;0;;13;10
934;5;10;20;15;1;Offensive;Non-physical;Passive;Balanced;Balanced;Balanced;Loyal;16;9;3;11;4;15;13;6;8;5;7;14;17;15;0;;5;10
935;5;10;20;15;1;Standard;Very Non-Physical;Very Aggressive;Conservative;Prefers Prospects;Conservative;Balanced;6;3;10;6;13;19;11;2;7;5;5;7;12;10;0;;3;10
936;5;10;20;15;1;Offensive;Non-physical;Very Aggressive;Balanced;Prefers Veterans;Conservative;Balanced;14;8;15;13;12;12;9;5;8;3;6;5;15;6;0;;2;7
937;5;10;20;15;1;Offensive;Very Non-Physical;Balanced;Very Conservative;Prefers Prospects;Balanced;Ruthless;14;12;8;16;14;13;11;8;6;8;5;5;17;16;0;;8;2
938;5;10;20;15;1;Standard;Very Non-Physical;Balanced;Aggressive;Prefers Prospects;Balanced;Ruthless;15;11;4;16;10;7;4;4;12;10;4;8;8;9;0;;2;7
939;1;1;5;1;20;Offensive;Very Non-Physical;Balanced;Balanced;Prefers Prospects;Balanced;Loyal;0;0;0;0;0;0;0;6;0;0;6;0;0;0;17;;0;0
940;15;20;10;15;1;Offensive;Very Non-Physical;Balanced;Aggressive;Prefers Veterans;Balanced;Loyal;2;7;13;1;12;9;5;9;5;3;9;13;11;3;0;;8;7
941;10;15;20;15;1;Offensive;Non-physical;Aggressive;Balanced;Balanced;Innovative;Loyal;6;12;12;14;9;7;7;2;8;0;9;13;8;12;0;;3;2
942;10;10;15;20;1;Standard;Non-physical;Aggressive;Balanced;Balanced;Innovative;Balanced;4;13;9;1;1;10;6;4;11;10;6;11;12;9;0;;15;16
943;10;10;15;20;1;Offensive;Very Non-Physical;Aggressive;Conservative;Prefers Veterans;Balanced;Ruthless;7;5;7;12;1;13;8;5;4;11;4;13;7;10;0;;16;10
944;10;10;15;20;1;Offensive;Non-physical;Balanced;Aggressive;Balanced;Innovative;Very Loyal;13;5;6;8;7;11;8;10;14;2;10;8;10;6;0;;13;12
945;10;10;15;20;1;Offensive;Very Non-Physical;Balanced;Balanced;Prefers Veterans;Balanced;Balanced;11;12;4;9;1;8;7;8;11;7;4;7;4;7;0;;16;15
946;10;10;15;20;1;Offensive;Very Non-Physical;Balanced;Balanced;Balanced;Balanced;Balanced;8;8;10;4;8;8;13;5;6;7;8;8;4;13;0;;11;12
947;10;10;15;20;1;Offensive;Very Non-Physical;Aggressive;Conservative;Balanced;Balanced;Balanced;4;8;10;7;7;13;1;13;15;13;3;12;5;5;0;;13;11
948;10;10;15;20;1;Standard;Very Non-Physical;Aggressive;Very Aggressive;Prefers Prospects;Innovative;Very Loyal;2;1;6;6;6;5;7;10;5;5;10;11;12;7;0;;17;15
949;5;10;20;15;1;Offensive;Non-physical;Passive;Balanced;Balanced;Conservative;Ruthless;5;18;11;8;13;13;3;8;4;9;7;15;14;11;0;;1;5
950;5;10;20;15;1;Offensive;Very Non-Physical;Aggressive;Balanced;Prefers Prospects;Conservative;Loyal;13;10;14;4;10;11;16;4;14;11;1;4;19;4;0;;4;3
951;5;10;20;15;1;Defensive;Very Non-Physical;Balanced;Balanced;Balanced;Innovative;Loyal;4;4;13;12;6;9;10;4;9;4;9;4;11;10;0;;1;7
952;5;10;20;15;1;Offensive;Very Non-Physical;Balanced;Balanced;Balanced;Balanced;Ruthless;9;6;4;8;3;17;5;5;7;9;9;12;13;8;0;;5;1
953;5;10;20;15;1;Offensive;Very Non-Physical;Balanced;Balanced;Balanced;Balanced;Ruthless;9;8;3;13;12;16;17;7;9;0;7;5;17;6;0;;8;10
954;1;1;5;1;20;Offensive;Non-physical;Balanced;Conservative;Prefers Prospects;Balanced;Loyal;0;0;0;0;0;0;0;5;0;0;7;0;0;0;18;;0;0
955;15;20;10;15;1;Offensive;Very Non-Physical;Passive;Balanced;Balanced;Balanced;Very Loyal;10;10;10;10;10;4;7;9;15;9;8;13;8;6;0;;9;2
956;10;15;20;15;1;Offensive;Very Non-Physical;Balanced;Conservative;Balanced;Very Conservative;Balanced;7;8;6;9;3;7;9;8;5;9;4;3;6;6;0;;5;11
957;10;10;15;20;1;Offensive;Non-physical;Passive;Aggressive;Prefers Veterans;Balanced;Very Ruthless;5;8;6;2;5;7;8;16;9;6;6;6;4;12;0;;16;11
958;10;10;15;20;1;Standard;Non-physical;Balanced;Very Conservative;Loves Prospects;Very Conservative;Loyal;1;9;12;1;8;1;2;5;4;8;6;16;12;9;0;;12;12
959;10;10;15;20;1;Defensive;Very Non-Physical;Passive;Balanced;Balanced;Very Conservative;Balanced;8;1;2;4;2;1;6;13;3;12;9;8;4;10;0;;15;10
960;10;10;15;20;1;Standard;Very Non-Physical;Aggressive;Balanced;Prefers Prospects;Balanced;Balanced;10;3;11;7;10;4;4;10;9;12;11;18;5;7;0;;11;13
961;10;10;15;20;1;Standard;Very Non-Physical;Balanced;Very Aggressive;Prefers Veterans;Conservative;Balanced;8;2;5;11;12;13;13;10;9;5;11;18;10;6;0;;10;11
962;10;10;15;20;1;Standard;Non-physical;Aggressive;Conservative;Prefers Prospects;Balanced;Balanced;6;3;12;1;5;3;12;7;8;12;4;3;11;11;0;;10;17
963;10;10;15;20;1;Offensive;Non-physical;Balanced;Balanced;Balanced;Innovative;Loyal;6;12;11;1;11;8;1;7;14;8;14;6;8;13;0;;14;11
964;5;10;20;15;1;Standard;Very Non-Physical;Balanced;Conservative;Prefers Veterans;Conservative;Balanced;5;15;15;11;9;8;9;8;3;12;7;8;20;12;0;;10;6
965;5;10;20;15;1;Standard;Very Non-Physical;Aggressive;Conservative;Prefers Prospects;Innovative;Balanced;5;7;3;14;7;4;15;9;6;2;6;12;19;16;0;;6;9
966;5;10;20;15;1;Offensive;Very Non-Physical;Balanced;Aggressive;Balanced;Innovative;Balanced;15;10;5;6;19;15;4;3;5;1;4;8;7;5;0;;7;12
967;5;10;20;15;1;Offensive;Non-physical;Passive;Aggressive;Balanced;Conservative;Loyal;4;5;9;16;7;6;11;7;6;3;6;9;20;6;0;;8;4
968;5;10;20;15;1;Offensive;Non-physical;Balanced;Balanced;Prefers Prospects;Balanced;Ruthless;10;14;13;8;8;7;15;6;5;2;9;9;11;15;0;;13;8
969;1;1;5;1;20;Offensive;Very Non-Physical;Balanced;Balanced;Balanced;Innovative;Very Ruthless;0;0;0;0;0;0;0;4;0;0;6;0;0;0;18;;0;0
970;15;20;10;15;1;Offensive;Very Non-Physical;Balanced;Conservative;Prefers Prospects;Balanced;Balanced;11;8;4;12;5;5;4;8;6;3;8;4;15;13;0;;10;10
971;10;15;20;15;1;Standard;Very Non-Physical;Balanced;Aggressive;Balanced;Innovative;Balanced;15;13;14;15;5;12;3;3;6;5;5;14;13;10;0;;7;1
972;10;10;15;20;1;Standard;Very Non-Physical;Balanced;Balanced;Prefers Prospects;Very Innovative;Loyal;9;12;5;13;10;1;8;9;10;4;7;3;16;1;0;;15;12
973;10;10;15;20;1;Offensive;Very Non-Physical;Balanced;Very Conservative;Balanced;Balanced;Loyal;1;7;3;8;11;6;8;3;4;17;5;12;6;1;0;;18;12
974;10;10;15;20;1;Offensive;Very Non-Physical;Balanced;Conservative;Balanced;Balanced;Balanced;8;5;7;2;5;5;5;3;8;8;5;7;7;12;0;;19;13
975;10;10;15;20;1;Standard;Very Non-Physical;Balanced;Conservative;Prefers Prospects;Very Innovative;Very Loyal;2;5;8;11;12;10;5;4;13;11;2;6;8;11;0;;18;17
976;10;10;15;20;1;Offensive;Non-physical;Aggressive;Very Conservative;Prefers Prospects;Balanced;Ruthless;13;13;13;7;5;11;10;5;11;6;5;4;14;7;0;;18;15
977;10;10;15;20;1;Offensive;Very Non-Physical;Very Passive;Balanced;Prefers Veterans;Balanced;Loyal;10;9;1;13;8;5;13;12;5;3;6;5;16;9;0;;13;17
978;10;10;15;20;1;Offensive;Very Non-Physical;Balanced;Balanced;Prefers Prospects;Balanced;Balanced;11;9;3;5;11;1;12;3;8;3;6;14;9;7;0;;11;17
979;5;10;20;15;1;Defensive;Very Non-Physical;Aggressive;Very Conservative;Prefers Prospects;Very Innovative;Loyal;15;11;18;13;4;10;12;4;4;1;5;3;18;13;0;;11;1
980;5;10;20;15;1;Offensive;Non-physical;Balanced;Very Conservative;Balanced;Balanced;Very Ruthless;11;17;3;13;5;6;11;6;3;1;2;3;13;13;0;;3;7
981;5;10;20;15;1;Offensive;Non-physical;Very Passive;Conservative;Balanced;Balanced;Very Loyal;7;17;15;14;8;7;7;9;12;5;2;3;12;17;0;;10;10
982;5;10;20;15;1;Defensive;Very Non-Physical;Aggressive;Aggressive;Prefers Veterans;Innovative;Ruthless;6;6;16;15;7;14;4;8;11;9;3;15;10;9;0;;2;2
983;5;10;20;15;1;Standard;Non-physical;Balanced;Aggressive;Balanced;Balanced;Loyal;18;5;17;9;11;6;13;8;5;0;9;6;14;9;0;;6;3
984;1;1;5;1;20;Offensive;Very Non-Physical;Balanced;Very Conservative;Prefers Prospects;Innovative;Balanced;0;0;0;0;0;0;0;5;0;0;5;0;0;0;16;;0;0
985;15;20;10;15;1;Standard;Non-physical;Passive;Balanced;Prefers Veterans;Balanced;Loyal;6;2;13;10;12;6;9;3;8;4;1;15;6;10;0;;13;2
986;10;15;20;15;1;Offensive;Very Non-Physical;Aggressive;Balanced;Balanced;Conservative;Ruthless;14;13;15;15;7;11;12;6;9;1;6;9;15;4;0;;13;10
987;10;10;15;20;1;Defensive;Very Non-Physical;Balanced;Conservative;Balanced;Balanced;Very Loyal;5;5;7;13;13;10;4;3;9;3;4;5;13;2;0;;15;15
988;10;10;15;20;1;Standard;Non-physical;Balanced;Balanced;Prefers Prospects;Conservative;Loyal;11;5;4;5;9;6;10;5;9;2;9;11;12;8;0;;10;16
989;10;10;15;20;1;Standard;Very Non-Physical;Balanced;Balanced;Prefers Veterans;Balanced;Ruthless;7;5;7;6;6;4;6;10;13;7;9;15;8;8;0;;13;12
990;10;10;15;20;1;Standard;Very Non-Physical;Balanced;Conservative;Balanced;Balanced;Ruthless;3;8;1;6;1;1;1;8;11;10;1;17;9;3;0;;11;20
991;10;10;15;20;1;Offensive;Very Non-Physical;Aggressive;Balanced;Balanced;Innovative;Ruthless;7;6;1;2;10;2;9;6;4;12;10;16;5;13;0;;11;11
992;10;10;15;20;1;Offensive;Very Non-Physical;Balanced;Balanced;Balanced;Very Innovative;Loyal;8;1;13;5;5;3;1;10;7;4;7;11;14;10;0;;16;11
993;10;10;15;20;1;Offensive;Very Non-Physical;Aggressive;Aggressive;Balanced;Conservative;Balanced;5;7;5;3;6;4;6;8;7;12;9;15;13;11;0;;17;11
994;5;10;20;15;1;Offensive;Non-physical;Aggressive;Balanced;Prefers Veterans;Balanced;Balanced;13;16;6;4;16;9;7;12;5;1;7;5;16;10;0;;12;2
995;5;10;20;15;1;Standard;Non-physical;Balanced;Balanced;Prefers Veterans;Balanced;Loyal;12;10;7;9;8;9;14;7;8;4;8;12;9;12;0;;11;11
996;5;10;20;15;1;Offensive;Very Non-Physical;Passive;Aggressive;Balanced;Innovative;Balanced;5;16;8;11;16;10;14;2;4;11;9;11;11;4;0;;12;4
997;5;10;20;15;1;Offensive;Very Non-Physical;Balanced;Very Aggressive;Balanced;Balanced;Balanced;8;15;7;8;3;5;4;3;12;3;3;13;15;9;0;;8;10
998;5;10;20;15;1;Defensive;Very Non-Physical;Balanced;Aggressive;Balanced;Conservative;Ruthless;3;11;3;3;14;4;11;3;3;9;9;13;10;6;0;;10;10
999;1;1;5;1;20;Very Offensive;Non-physical;Passive;Balanced;Prefers Veterans;Balanced;Balanced;0;0;0;0;0;0;0;2;0;0;4;0;0;0;15;;0;0
1000;15;20;10;15;1;Standard;Non-physical;Aggressive;Balanced;Loves Prospects;Balanced;Balanced;7;6;6;3;10;13;8;5;15;1;4;4;11;8;0;;7;7
1001;10;15;20;15;1;Offensive;Very Non-Physical;Balanced;Balanced;Loves Prospects;Balanced;Very Loyal;6;15;4;4;7;7;5;8;13;1;9;8;14;8;0;;1;3
1002;10;10;15;20;1;Defensive;Very Non-Physical;Balanced;Conservative;Loves Prospects;Balanced;Balanced;11;1;3;8;10;3;8;9;13;9;9;4;7;7;0;;13;14
1003;10;10;15;20;1;Standard;Very Non-Physical;Aggressive;Conservative;Balanced;Balanced;Very Loyal;2;12;12;12;11;8;1;8;15;5;5;16;4;8;0;;10;15
1004;10;10;15;20;1;Standard;Very Non-Physical;Balanced;Very Aggressive;Balanced;Innovative;Balanced;10;8;11;1;12;3;5;8;4;13;6;8;11;6;0;;11;14
1005;10;10;15;20;1;Offensive;Very Non-Physical;Balanced;Very Aggressive;Balanced;Innovative;Balanced;5;3;4;7;10;6;10;7;11;5;3;15;12;6;0;;16;14
1006;10;10;15;20;1;Defensive;Non-physical;Aggressive;Balanced;Balanced;Very Conservative;Loyal;7;11;9;12;11;1;11;10;15;4;10;9;8;7;0;;20;13
1007;10;10;15;20;1;Offensive;Non-physical;Passive;Aggressive;Prefers Veterans;Balanced;Ruthless;2;3;3;10;7;6;6;12;4;7;10;19;4;10;0;;14;11
1008;10;10;15;20;1;Offensive;Very Non-Physical;Balanced;Balanced;Balanced;Very Innovative;Balanced;5;5;11;10;9;7;11;8;9;11;2;5;14;3;0;;15;15
1009;5;10;20;15;1;Standard;Very Non-Physical;Balanced;Balanced;Balanced;Balanced;Balanced;7;7;10;16;12;13;10;4;6;2;4;15;7;10;0;;6;8
1010;5;10;20;15;1;Offensive;Very Non-Physical;Aggressive;Balanced;Prefers Veterans;Conservative;Loyal;3;18;4;12;16;7;17;8;13;10;4;10;14;15;0;;2;13
1011;5;10;20;15;1;Offensive;Non-physical;Passive;Aggressive;Balanced;Balanced;Ruthless;6;16;5;5;12;14;15;1;13;4;5;6;13;16;0;;3;3
1012;5;10;20;15;1;Offensive;Very Non-Physical;Balanced;Conservative;Prefers Veterans;Very Conservative;Balanced;12;12;13;15;13;5;11;9;8;9;4;15;13;4;0;;3;2
1013;5;10;20;15;1;Offensive;Very Non-Physical;Passive;Aggressive;Prefers Veterans;Balanced;Balanced;6;16;10;20;15;15;8;2;11;5;6;15;12;12;0;;8;5
1014;1;1;5;1;20;Offensive;Very Non-Physical;Passive;Balanced;Prefers Veterans;Very Innovative;Loyal;0;0;0;0;0;0;0;4;0;0;7;0;0;0;20;;0;0
1015;15;20;10;15;1;Standard;Non-physical;Balanced;Balanced;Balanced;Innovative;Balanced;7;2;7;4;7;2;3;6;7;10;8;13;10;7;0;;1;6
1016;10;15;20;15;1;Offensive;Non-physical;Very Passive;Balanced;Balanced;Conservative;Balanced;13;3;12;8;15;6;8;7;10;3;3;14;11;4;0;;4;7
1017;10;10;15;20;1;Offensive;Very Non-Physical;Balanced;Aggressive;Prefers Prospects;Innovative;Ruthless;6;2;4;1;7;11;1;6;8;3;9;10;5;7;0;;12;13
1018;10;10;15;20;1;Standard;Very Non-Physical;Balanced;Very Aggressive;Prefers Prospects;Balanced;Loyal;3;1;13;4;8;11;4;9;4;5;5;9;10;8;0;;14;13
1019;10;10;15;20;1;Standard;Non-physical;Balanced;Balanced;Prefers Prospects;Conservative;Ruthless;11;9;1;9;9;11;5;6;9;6;10;11;13;7;0;;17;16
1020;10;10;15;20;1;Standard;Non-physical;Very Passive;Conservative;Balanced;Conservative;Balanced;2;5;12;9;10;4;12;8;5;12;6;10;10;2;0;;16;16
1021;10;10;15;20;1;Offensive;Very Non-Physical;Balanced;Balanced;Balanced;Balanced;Balanced;2;13;3;1;1;10;3;8;4;6;4;7;5;11;0;;13;13
1022;10;10;15;20;1;Standard;Very Non-Physical;Aggressive;Balanced;Balanced;Balanced;Balanced;7;9;1;10;6;12;3;3;3;3;4;9;10;2;0;;16;14
1023;10;10;15;20;1;Defensive;Very Non-Physical;Balanced;Balanced;Prefers Prospects;Innovative;Balanced;11;12;7;5;1;12;2;4;9;10;4;5;13;12;0;;15;14
1024;5;10;20;15;1;Defensive;Non-physical;Aggressive;Balanced;Prefers Veterans;Conservative;Loyal;9;14;8;18;15;12;16;7;7;6;1;9;10;8;0;;13;7
1025;5;10;20;15;1;Defensive;Very Non-Physical;Balanced;Conservative;Prefers Prospects;Balanced;Balanced;5;15;8;7;14;12;15;1;11;9;8;9;20;5;0;;3;3
1026;5;10;20;15;1;Offensive;Very Non-Physical;Balanced;Balanced;Prefers Prospects;Balanced;Loyal;8;17;7;7;9;4;17;4;13;5;8;7;12;5;0;;3;12
1027;5;10;20;15;1;Standard;Non-physical;Balanced;Balanced;Prefers Prospects;Balanced;Very Loyal;11;9;7;11;13;8;13;6;11;11;1;14;19;7;0;;13;10
1028;5;10;20;15;1;Standard;Very Non-Physical;Balanced;Very Conservative;Prefers Veterans;Innovative;Balanced;13;15;12;6;13;12;11;9;8;7;2;6;9;16;0;;5;13
1029;1;1;5;1;20;Offensive;Very Non-Physical;Balanced;Balanced;Balanced;Very Conservative;Balanced;0;0;0;0;0;0;0;4;0;0;7;0;0;0;15;;0;0
1030;15;20;10;15;1;Defensive;Very Non-Physical;Aggressive;Balanced;Balanced;Balanced;Balanced;5;4;4;3;4;3;2;7;8;2;4;7;11;5;0;;7;11
1031;10;15;20;15;1;Offensive;Non-physical;Balanced;Very Conservative;Loves Veterans;Conservative;Very Loyal;8;8;15;15;10;15;12;9;6;4;6;6;14;12;0;;13;9
1032;10;10;15;20;1;Standard;Very Non-Physical;Balanced;Balanced;Loves Veterans;Innovative;Very Ruthless;2;1;7;4;13;13;6;6;8;7;9;16;13;2;0;;15;11
1033;10;10;15;20;1;Offensive;Non-physical;Aggressive;Balanced;Prefers Veterans;Balanced;Loyal;7;11;4;3;12;8;9;5;7;10;10;11;9;2;0;;17;18
1034;10;10;15;20;1;Standard;Very Non-Physical;Passive;Balanced;Prefers Prospects;Innovative;Ruthless;1;3;11;1;8;10;4;9;3;13;7;6;9;12;0;;10;19
1035;10;10;15;20;1;Offensive;Non-physical;Very Aggressive;Conservative;Balanced;Very Conservative;Balanced;6;10;2;8;9;12;3;5;11;5;9;13;10;6;0;;15;15
1036;10;10;15;20;1;Standard;Non-physical;Balanced;Balanced;Balanced;Balanced;Balanced;6;8;5;11;11;5;4;7;4;5;9;13;13;6;0;;20;11
1037;10;10;15;20;1;Standard;Very Non-Physical;Passive;Aggressive;Prefers Veterans;Innovative;Balanced;2;3;4;1;8;9;10;4;11;8;10;5;11;10;0;;11;14
1038;10;10;15;20;1;Defensive;Very Non-Physical;Balanced;Balanced;Balanced;Innovative;Balanced;6;9;6;8;10;4;9;9;15;0;2;5;16;13;0;;13;13
1039;5;10;20;15;1;Offensive;Very Non-Physical;Passive;Balanced;Balanced;Very Conservative;Balanced;5;10;9;13;17;12;8;9;6;12;9;8;8;4;0;;11;4
1040;5;10;20;15;1;Offensive;Non-physical;Passive;Balanced;Balanced;Very Innovative;Balanced;3;3;4;19;4;17;5;6;10;4;6;6;9;16;0;;11;3
1041;5;10;20;15;1;Offensive;Very Non-Physical;Balanced;Balanced;Balanced;Innovative;Ruthless;6;5;10;16;8;17;12;9;9;9;6;4;18;15;0;;1;5
1042;5;10;20;15;1;Defensive;Non-physical;Aggressive;Balanced;Loves Prospects;Balanced;Loyal;6;15;10;6;6;5;4;7;10;9;1;13;15;11;0;;13;3
1043;5;10;20;15;1;Offensive;Very Non-Physical;Very Passive;Conservative;Balanced;Very Innovative;Very Ruthless;12;10;6;16;13;5;6;4;4;8;9;9;10;6;0;;5;6
1044;1;1;5;1;20;Offensive;Very Non-Physical;Balanced;Aggressive;Balanced;Very Conservative;Balanced;0;0;0;0;0;0;0;8;0;0;5;0;0;0;19;;0;0
1045;15;20;10;15;1;Standard;Non-physical;Very Passive;Balanced;Prefers Prospects;Balanced;Very Ruthless;3;12;11;11;11;11;1;4;11;8;7;10;16;7;0;;13;8
1046;10;15;20;15;1;Defensive;Very Non-Physical;Passive;Aggressive;Balanced;Conservative;Balanced;15;8;6;13;12;7;3;1;6;4;8;8;10;7;0;;4;3
1047;10;10;15;20;1;Offensive;Very Non-Physical;Balanced;Conservative;Prefers Veterans;Conservative;Ruthless;5;1;9;11;2;13;7;7;9;4;4;16;13;1;0;;13;15
1048;10;10;15;20;1;Defensive;Very Non-Physical;Aggressive;Very Conservative;Prefers Prospects;Balanced;Very Loyal;2;5;6;4;9;8;7;2;4;18;12;6;15;13;0;;13;11
1049;10;10;15;20;1;Standard;Non-physical;Passive;Conservative;Loves Prospects;Innovative;Balanced;2;6;2;12;4;2;8;5;10;5;3;9;6;9;0;;16;13
1050;10;10;15;20;1;Offensive;Very Non-Physical;Balanced;Very Conservative;Balanced;Balanced;Balanced;8;3;11;6;3;3;13;6;11;4;5;9;7;8;0;;14;14
1051;10;10;15;20;1;Standard;Non-physical;Very Aggressive;Conservative;Balanced;Innovative;Ruthless;6;1;12;5;3;10;10;6;3;6;4;8;14;10;0;;15;15
1052;10;10;15;20;1;Defensive;Non-physical;Aggressive;Conservative;Prefers Prospects;Balanced;Balanced;4;6;7;2;11;8;12;8;15;2;10;14;15;11;0;;14;13
1053;10;10;15;20;1;Offensive;Non-physical;Balanced;Balanced;Prefers Veterans;Innovative;Balanced;6;3;1;4;6;9;7;9;11;1;9;12;10;10;0;;12;18
1054;5;10;20;15;1;Standard;Very Non-Physical;Balanced;Conservative;Prefers Veterans;Conservative;Very Loyal;5;12;13;13;3;14;11;9;11;4;5;10;15;8;0;;6;9
1055;5;10;20;15;1;Offensive;Non-physical;Aggressive;Conservative;Balanced;Conservative;Balanced;9;12;12;16;4;16;7;9;11;10;9;13;9;9;0;;1;4
1056;5;10;20;15;1;Standard;Very Non-Physical;Balanced;Very Conservative;Prefers Prospects;Balanced;Balanced;7;9;11;15;16;13;9;7;9;11;2;7;9;14;0;;4;10
1057;5;10;20;15;1;Defensive;Very Non-Physical;Passive;Balanced;Balanced;Balanced;Balanced;5;10;5;13;4;9;7;10;14;0;9;10;14;13;0;;5;6
1058;5;10;20;15;1;Offensive;Very Non-Physical;Balanced;Balanced;Balanced;Conservative;Loyal;17;8;8;12;12;9;6;10;9;10;1;14;15;5;0;;7;6
1059;1;1;5;1;20;Offensive;Non-physical;Balanced;Conservative;Prefers Prospects;Innovative;Ruthless;0;0;0;0;0;0;0;3;0;0;9;0;0;0;18;;0;0
1060;15;20;10;15;1;Offensive;Very Non-Physical;Balanced;Balanced;Prefers Veterans;Balanced;Balanced;10;3;1;5;4;9;11;8;15;6;6;5;4;12;0;;3;6
1061;10;15;20;15;1;Defensive;Very Non-Physical;Balanced;Balanced;Prefers Veterans;Balanced;Balanced;12;10;12;12;3;4;15;6;6;8;9;8;17;9;0;;13;10
1062;10;10;15;20;1;Offensive;Very Non-Physical;Balanced;Balanced;Balanced;Innovative;Balanced;2;1;8;2;6;10;3;12;8;5;8;5;12;6;0;;14;11
1063;10;10;15;20;1;Offensive;Non-physical;Balanced;Balanced;Loves Veterans;Very Innovative;Balanced;12;5;3;6;13;13;1;3;5;8;9;8;11;2;0;;16;13
1064;10;10;15;20;1;Offensive;Very Non-Physical;Aggressive;Conservative;Prefers Veterans;Conservative;Balanced;11;12;13;7;13;11;8;5;10;3;8;16;9;2;0;;14;12
1065;10;10;15;20;1;Standard;Very Non-Physical;Balanced;Aggressive;Prefers Prospects;Very Innovative;Balanced;8;6;4;1;9;10;9;6;5;4;2;8;9;9;0;;13;18
1066;10;10;15;20;1;Offensive;Non-physical;Balanced;Balanced;Balanced;Conservative;Balanced;13;7;5;10;1;3;4;11;3;3;8;18;11;6;0;;12;10
1067;10;10;15;20;1;Offensive;Non-physical;Very Passive;Conservative;Balanced;Balanced;Ruthless;7;5;10;2;1;13;13;8;10;11;3;9;9;12;0;;13;17
1068;10;10;15;20;1;Offensive;Very Non-Physical;Balanced;Balanced;Balanced;Conservative;Loyal;3;8;13;10;7;1;2;10;15;13;4;6;16;13;0;;12;18
1069;5;10;20;15;1;Standard;Very Non-Physical;Balanced;Balanced;Balanced;Balanced;Loyal;17;3;5;11;15;13;13;4;5;7;2;7;19;4;0;;10;8
1070;5;10;20;15;1;Standard;Very Non-Physical;Very Aggressive;Balanced;Prefers Veterans;Very Conservative;Ruthless;12;14;14;9;6;6;8;8;3;5;6;10;20;7;0;;13;1
1071;5;10;20;15;1;Offensive;Very Non-Physical;Balanced;Conservative;Prefers Veterans;Innovative;Balanced;5;11;5;5;16;8;13;4;14;4;3;11;20;9;0;;1;8
1072;5;10;20;15;1;Offensive;Very Non-Physical;Passive;Aggressive;Balanced;Conservative;Loyal;10;4;18;7;15;8;6;8;15;6;7;12;11;8;0;;13;6
1073;5;10;20;15;1;Standard;Very Non-Physical;Passive;Very Conservative;Loves Prospects;Balanced;Balanced;6;8;5;12;8;10;4;7;4;3;9;15;18;8;0;;7;1
1074;1;1;5;1;20;Offensive;Very Non-Physical;Balanced;Balanced;Balanced;Balanced;Balanced;0;0;0;0;0;0;0;5;0;0;5;0;0;0;17;;0;0
1075;15;20;10;15;1;Offensive;Non-physical;Passive;Balanced;Prefers Prospects;Balanced;Balanced;7;10;1;2;2;12;4;5;15;7;1;14;15;13;0;;2;5
1076;10;15;20;15;1;Offensive;Balanced;Balanced;Conservative;Loves Prospects;Balanced;Loyal;4;13;15;7;6;7;13;4;12;11;5;10;12;8;0;;9;13
1077;10;10;15;20;1;Offensive;Very Non-Physical;Aggressive;Balanced;Prefers Veterans;Balanced;Balanced;13;1;10;10;6;4;8;6;14;11;3;13;6;2;0;;11;17
1078;10;10;15;20;1;Offensive;Balanced;Balanced;Conservative;Balanced;Conservative;Balanced;3;1;8;4;2;8;12;6;3;7;3;11;13;3;0;;18;18
1079;10;10;15;20;1;Offensive;Non-physical;Passive;Balanced;Loves Veterans;Balanced;Ruthless;4;8;12;6;7;11;8;7;10;17;2;10;7;1;0;;12;11
1080;10;10;15;20;1;Standard;Non-physical;Balanced;Conservative;Balanced;Balanced;Loyal;12;4;9;3;4;13;1;9;14;8;6;6;13;8;0;;11;16
1081;10;10;15;20;1;Offensive;Non-physical;Aggressive;Balanced;Balanced;Conservative;Very Ruthless;3;15;7;2;10;6;4;8;17;4;6;6;10;7;0;;14;12
1082;10;10;15;20;1;Offensive;Non-physical;Balanced;Conservative;Balanced;Very Innovative;Balanced;12;2;7;9;14;2;13;6;7;9;9;9;4;11;0;;13;14
1083;10;10;15;20;1;Offensive;Balanced;Passive;Balanced;Balanced;Conservative;Ruthless;11;6;7;8;3;10;2;9;10;10;5;7;16;12;0;;13;13
1084;5;10;20;15;1;Offensive;Balanced;Balanced;Conservative;Balanced;Conservative;Balanced;15;14;12;14;11;8;12;11;3;1;1;6;14;15;0;;8;7
1085;5;10;20;15;1;Standard;Non-physical;Aggressive;Conservative;Prefers Veterans;Balanced;Balanced;15;9;7;6;12;8;7;4;10;3;5;14;16;8;0;;3;14
1086;5;10;20;15;1;Standard;Non-physical;Very Passive;Balanced;Prefers Prospects;Conservative;Very Ruthless;4;8;19;18;4;11;7;8;16;1;6;16;16;16;0;;5;5
1087;5;10;20;15;1;Offensive;Non-physical;Very Aggressive;Conservative;Prefers Prospects;Very Conservative;Balanced;7;9;3;6;5;13;20;2;7;2;2;13;16;11;0;;4;15
1088;5;10;20;15;1;Offensive;Non-physical;Balanced;Balanced;Prefers Veterans;Balanced;Ruthless;13;17;13;16;15;6;14;2;11;8;8;15;20;8;0;;5;2
1089;1;1;5;1;20;Offensive;Balanced;Balanced;Very Aggressive;Balanced;Balanced;Loyal;0;0;0;0;0;0;0;7;0;0;9;0;0;0;16;;0;0
1090;15;20;10;15;1;Offensive;Non-physical;Balanced;Aggressive;Balanced;Conservative;Balanced;5;10;8;5;12;8;7;8;15;9;4;16;9;10;0;;13;13
1091;10;15;20;15;1;Offensive;Non-physical;Balanced;Conservative;Prefers Prospects;Balanced;Ruthless;3;11;8;4;13;8;13;9;4;12;9;4;13;9;0;;14;1
1092;10;10;15;20;1;Offensive;Balanced;Balanced;Aggressive;Balanced;Innovative;Balanced;6;13;6;4;10;7;15;3;16;10;8;20;6;13;0;;17;12
1093;10;10;15;20;1;Offensive;Non-physical;Aggressive;Balanced;Prefers Prospects;Balanced;Loyal;10;11;7;10;8;14;10;7;7;9;2;16;6;1;0;;14;13
1094;10;10;15;20;1;Standard;Non-physical;Passive;Balanced;Balanced;Innovative;Ruthless;13;2;6;3;10;1;14;8;4;13;3;19;16;3;0;;14;12
1095;10;10;15;20;1;Offensive;Balanced;Passive;Balanced;Loves Prospects;Balanced;Balanced;12;3;2;13;14;10;13;11;9;10;9;10;15;10;0;;13;11
1096;10;10;15;20;1;Offensive;Non-physical;Balanced;Balanced;Prefers Veterans;Innovative;Very Ruthless;15;1;7;1;13;4;5;3;17;8;12;18;14;12;0;;11;10
1097;10;10;15;20;1;Offensive;Very Non-Physical;Balanced;Balanced;Prefers Veterans;Balanced;Balanced;10;8;13;5;11;5;4;9;14;1;3;4;4;9;0;;12;16
1098;10;10;15;20;1;Offensive;Balanced;Aggressive;Conservative;Balanced;Conservative;Very Loyal;10;4;15;9;1;8;10;6;11;18;2;5;13;9;0;;15;13
1099;5;10;20;15;1;Standard;Balanced;Passive;Balanced;Loves Prospects;Conservative;Loyal;15;17;10;8;9;19;7;8;17;5;8;14;14;11;0;;2;13
1100;5;10;20;15;1;Offensive;Balanced;Very Passive;Conservative;Prefers Veterans;Conservative;Ruthless;19;11;5;17;13;8;13;6;10;9;6;7;12;6;0;;7;11
1101;5;10;20;15;1;Offensive;Non-physical;Balanced;Balanced;Balanced;Very Innovative;Very Ruthless;18;12;7;15;4;11;14;7;14;0;8;10;7;20;0;;3;7
1102;5;10;20;15;1;Offensive;Balanced;Very Passive;Conservative;Balanced;Innovative;Loyal;5;11;15;11;16;8;10;10;5;3;6;11;19;19;0;;8;13
1103;5;10;20;15;1;Standard;Balanced;Passive;Conservative;Loves Prospects;Balanced;Balanced;20;15;16;3;19;5;16;3;13;14;3;14;9;6;0;;4;9
1104;1;1;5;1;20;Offensive;Balanced;Passive;Balanced;Balanced;Balanced;Loyal;0;0;0;0;0;0;0;6;0;0;3;0;0;0;20;;0;0
1105;15;20;10;15;1;Offensive;Non-physical;Aggressive;Very Conservative;Prefers Prospects;Balanced;Ruthless;6;15;2;2;1;6;3;4;11;11;9;9;8;9;0;;14;9
1106;10;15;20;15;1;Standard;Non-physical;Passive;Aggressive;Balanced;Balanced;Loyal;11;3;14;4;17;10;17;7;14;9;9;4;6;5;0;;2;10
1107;10;10;15;20;1;Offensive;Non-physical;Very Passive;Balanced;Loves Prospects;Balanced;Loyal;3;2;3;11;10;3;8;10;9;4;2;6;4;13;0;;14;14
1108;10;10;15;20;1;Offensive;Balanced;Balanced;Balanced;Prefers Veterans;Balanced;Balanced;4;13;4;12;2;5;6;5;10;8;6;8;14;7;0;;14;15
1109;10;10;15;20;1;Offensive;Non-physical;Balanced;Conservative;Prefers Prospects;Balanced;Balanced;15;3;2;13;15;4;10;11;15;16;6;18;10;10;0;;11;11
1110;10;10;15;20;1;Standard;Non-physical;Balanced;Balanced;Balanced;Balanced;Ruthless;1;10;14;6;12;4;1;10;3;11;6;20;15;14;0;;10;16
1111;10;10;15;20;1;Offensive;Non-physical;Aggressive;Balanced;Prefers Prospects;Balanced;Balanced;12;14;11;3;9;2;4;4;6;2;2;20;13;12;0;;12;12
1112;10;10;15;20;1;Offensive;Balanced;Passive;Conservative;Loves Veterans;Innovative;Balanced;11;8;6;4;14;12;13;2;17;19;9;19;18;9;0;;12;13
1113;10;10;15;20;1;Offensive;Very Non-Physical;Aggressive;Balanced;Prefers Prospects;Conservative;Ruthless;2;11;11;5;15;3;4;4;10;12;5;11;16;4;0;;15;16
1114;5;10;20;15;1;Offensive;Non-physical;Balanced;Very Conservative;Balanced;Innovative;Balanced;10;14;8;17;6;5;16;5;3;12;2;16;20;10;0;;3;14
1115;5;10;20;15;1;Offensive;Non-physical;Balanced;Very Aggressive;Balanced;Innovative;Balanced;15;3;19;18;12;13;6;10;6;14;7;9;16;4;0;;10;6
1116;5;10;20;15;1;Offensive;Non-physical;Balanced;Conservative;Prefers Veterans;Innovative;Ruthless;4;8;3;13;13;10;12;11;4;13;6;6;20;16;0;;8;8
1117;5;10;20;15;1;Offensive;Balanced;Balanced;Balanced;Balanced;Conservative;Very Ruthless;16;8;11;9;12;16;14;9;10;13;8;5;17;16;0;;14;4
1118;5;10;20;15;1;Standard;Non-physical;Passive;Balanced;Balanced;Balanced;Loyal;12;19;10;12;5;14;12;6;8;10;9;6;19;5;0;;4;14
1119;1;1;5;1;20;Standard;Non-physical;Passive;Balanced;Prefers Veterans;Innovative;Loyal;0;0;0;0;0;0;0;9;0;0;5;0;0;0;15;;0;0
1120;15;20;10;15;1;Offensive;Non-physical;Passive;Balanced;Prefers Prospects;Balanced;Balanced;14;8;2;8;1;11;1;7;15;13;9;8;17;12;0;;5;6
1121;10;15;20;15;1;Standard;Non-physical;Balanced;Very Aggressive;Prefers Veterans;Balanced;Ruthless;13;9;6;8;6;4;15;8;16;8;6;5;7;8;0;;12;8
1122;10;10;15;20;1;Offensive;Very Non-Physical;Balanced;Balanced;Balanced;Innovative;Balanced;13;4;10;9;4;10;6;8;4;2;7;20;8;10;0;;13;10
1123;10;10;15;20;1;Offensive;Very Non-Physical;Aggressive;Very Conservative;Prefers Prospects;Balanced;Balanced;1;12;9;8;8;14;5;11;14;4;8;7;10;10;0;;14;10
1124;10;10;15;20;1;Offensive;Non-physical;Aggressive;Balanced;Balanced;Very Conservative;Loyal;13;6;15;8;4;11;13;5;8;0;11;11;5;5;0;;18;15
1125;10;10;15;20;1;Offensive;Balanced;Balanced;Conservative;Balanced;Conservative;Ruthless;2;10;4;12;9;4;3;2;11;6;12;10;11;10;0;;10;13
1126;10;10;15;20;1;Offensive;Very Non-Physical;Balanced;Balanced;Balanced;Conservative;Loyal;1;7;4;10;10;13;6;7;11;10;12;14;6;6;0;;16;18
1127;10;10;15;20;1;Offensive;Non-physical;Balanced;Conservative;Loves Veterans;Very Innovative;Ruthless;9;5;15;8;9;10;1;11;6;13;3;8;4;14;0;;13;11
1128;10;10;15;20;1;Offensive;Balanced;Balanced;Conservative;Prefers Veterans;Innovative;Ruthless;11;2;11;15;3;2;9;5;13;17;7;3;10;1;0;;15;11
1129;5;10;20;15;1;Offensive;Balanced;Balanced;Very Aggressive;Loves Veterans;Conservative;Ruthless;12;13;10;11;16;5;6;9;3;1;6;16;15;9;0;;13;6
1130;5;10;20;15;1;Offensive;Very Non-Physical;Passive;Very Aggressive;Balanced;Balanced;Loyal;8;10;18;13;6;7;8;8;15;3;6;11;12;11;0;;13;14
1131;5;10;20;15;1;Offensive;Non-physical;Balanced;Balanced;Prefers Veterans;Balanced;Loyal;8;6;17;10;19;8;12;9;16;11;9;5;9;6;0;;8;12
1132;5;10;20;15;1;Standard;Balanced;Passive;Balanced;Balanced;Conservative;Very Ruthless;4;4;12;13;11;4;8;9;14;3;2;16;15;6;0;;8;11
1133;5;10;20;15;1;Standard;Non-physical;Aggressive;Balanced;Loves Veterans;Innovative;Loyal;10;5;12;7;10;9;10;9;5;10;8;11;12;10;0;;15;7
1134;1;1;5;1;20;Standard;Balanced;Aggressive;Aggressive;Prefers Veterans;Balanced;Ruthless;0;0;0;0;0;0;0;4;0;0;4;0;0;0;20;;0;0
1135;15;20;10;15;1;Standard;Very Non-Physical;Passive;Balanced;Balanced;Innovative;Ruthless;13;4;4;6;7;14;10;9;12;4;9;17;8;6;0;;8;3
1136;10;15;20;15;1;Offensive;Balanced;Passive;Very Conservative;Balanced;Balanced;Balanced;8;13;17;12;15;6;15;2;10;8;6;15;15;8;0;;4;8
1137;10;10;15;20;1;Standard;Non-physical;Balanced;Aggressive;Prefers Prospects;Conservative;Ruthless;9;13;12;3;8;4;2;5;3;16;9;4;8;13;0;;11;19
1138;10;10;15;20;1;Standard;Balanced;Balanced;Balanced;Prefers Veterans;Balanced;Balanced;13;5;15;10;13;12;11;8;14;5;5;10;11;7;0;;16;16
1139;10;10;15;20;1;Standard;Non-physical;Balanced;Aggressive;Balanced;Balanced;Balanced;3;11;14;14;6;4;12;5;14;18;9;8;12;13;0;;12;18
1140;10;10;15;20;1;Offensive;Very Non-Physical;Aggressive;Balanced;Prefers Veterans;Balanced;Balanced;6;14;3;1;4;8;14;7;6;1;9;20;5;5;0;;17;11
1141;10;10;15;20;1;Offensive;Non-physical;Aggressive;Balanced;Balanced;Innovative;Ruthless;2;10;4;10;7;14;4;3;10;17;8;14;11;3;0;;12;13
1142;10;10;15;20;1;Standard;Balanced;Passive;Conservative;Prefers Veterans;Balanced;Balanced;2;11;9;7;7;13;15;5;12;8;6;9;5;9;0;;16;15
1143;10;10;15;20;1;Offensive;Balanced;Balanced;Conservative;Loves Veterans;Balanced;Ruthless;6;13;12;4;3;9;5;7;15;8;3;11;13;11;0;;13;14
1144;5;10;20;15;1;Offensive;Balanced;Balanced;Conservative;Balanced;Conservative;Balanced;3;15;5;11;9;11;17;1;9;13;4;10;14;19;0;;9;15
1145;5;10;20;15;1;Offensive;Non-physical;Aggressive;Balanced;Balanced;Balanced;Ruthless;14;17;18;14;8;5;4;7;8;9;7;15;18;17;0;;5;1
1146;5;10;20;15;1;Standard;Non-physical;Balanced;Aggressive;Balanced;Conservative;Balanced;4;9;7;16;17;13;18;6;6;1;4;7;10;12;0;;12;14
1147;5;10;20;15;1;Offensive;Non-physical;Balanced;Aggressive;Prefers Prospects;Conservative;Ruthless;18;12;5;11;20;18;7;5;9;3;8;3;20;18;0;;7;3
1148;5;10;20;15;1;Offensive;Balanced;Passive;Balanced;Balanced;Conservative;Balanced;11;5;13;12;5;7;16;4;12;8;4;5;12;13;0;;13;7
1149;1;1;5;1;20;Offensive;Non-physical;Passive;Conservative;Prefers Prospects;Innovative;Ruthless;0;0;0;0;0;0;0;7;0;0;9;0;0;0;17;;0;0
1150;15;20;10;15;1;Offensive;Non-physical;Aggressive;Aggressive;Prefers Prospects;Very Innovative;Very Ruthless;4;2;2;9;7;2;5;6;7;6;8;15;7;12;0;;10;10
1151;10;15;20;15;1;Offensive;Non-physical;Passive;Aggressive;Balanced;Conservative;Very Loyal;11;10;9;8;4;9;14;5;9;3;6;14;14;17;0;;4;12
1152;10;10;15;20;1;Offensive;Balanced;Balanced;Aggressive;Balanced;Conservative;Very Loyal;4;11;1;9;5;5;7;11;13;7;10;7;16;13;0;;12;11
1153;10;10;15;20;1;Offensive;Non-physical;Balanced;Balanced;Balanced;Conservative;Loyal;2;5;8;5;2;5;12;5;16;12;8;20;4;12;0;;17;16
1154;10;10;15;20;1;Offensive;Non-physical;Balanced;Balanced;Balanced;Balanced;Balanced;8;11;14;4;2;3;10;9;8;10;2;4;13;1;0;;14;17
1155;10;10;15;20;1;Offensive;Non-physical;Passive;Aggressive;Balanced;Balanced;Balanced;13;7;13;1;3;3;13;2;17;3;7;5;5;13;0;;18;13
1156;10;10;15;20;1;Standard;Balanced;Passive;Conservative;Loves Prospects;Balanced;Ruthless;3;2;8;9;7;12;11;6;15;6;10;4;13;8;0;;13;14
1157;10;10;15;20;1;Offensive;Balanced;Balanced;Conservative;Prefers Prospects;Innovative;Balanced;5;3;3;5;3;8;1;6;13;3;7;6;12;1;0;;11;19
1158;10;10;15;20;1;Standard;Non-physical;Very Passive;Conservative;Loves Veterans;Innovative;Loyal;11;15;8;1;12;12;14;11;12;7;6;12;7;6;0;;17;14
1159;5;10;20;15;1;Offensive;Non-physical;Balanced;Conservative;Balanced;Balanced;Balanced;19;13;17;3;14;12;14;4;13;2;4;12;8;12;0;;14;7
1160;5;10;20;15;1;Standard;Non-physical;Balanced;Conservative;Prefers Veterans;Innovative;Ruthless;11;13;19;6;12;8;11;10;15;7;3;5;18;15;0;;1;2
1161;5;10;20;15;1;Offensive;Balanced;Balanced;Aggressive;Balanced;Innovative;Balanced;5;15;9;13;3;17;7;1;9;0;1;5;13;18;0;;5;8
1162;5;10;20;15;1;Offensive;Non-physical;Aggressive;Balanced;Prefers Prospects;Balanced;Balanced;20;4;13;4;13;4;15;6;10;6;6;11;12;17;0;;13;7
1163;5;10;20;15;1;Offensive;Non-physical;Passive;Balanced;Prefers Prospects;Balanced;Balanced;10;11;6;16;12;9;9;6;13;0;2;12;11;17;0;;14;9
1164;1;1;5;1;20;Offensive;Balanced;Passive;Balanced;Balanced;Innovative;Ruthless;0;0;0;0;0;0;0;3;0;0;5;0;0;0;17;;0;0
1165;15;20;10;15;1;Offensive;Non-physical;Balanced;Aggressive;Loves Prospects;Balanced;Very Loyal;13;10;13;4;7;1;10;7;9;8;8;11;9;1;0;;7;13
1166;10;15;20;15;1;Offensive;Non-physical;Balanced;Conservative;Prefers Prospects;Balanced;Ruthless;4;8;11;14;8;5;5;4;7;12;8;4;18;11;0;;11;8
1167;10;10;15;20;1;Offensive;Non-physical;Balanced;Balanced;Balanced;Innovative;Very Ruthless;4;14;14;3;13;1;9;9;10;8;9;7;17;1;0;;12;15
1168;10;10;15;20;1;Standard;Non-physical;Passive;Very Aggressive;Balanced;Very Conservative;Balanced;6;11;11;1;14;1;1;8;4;3;10;15;15;8;0;;13;18
1169;10;10;15;20;1;Offensive;Non-physical;Balanced;Conservative;Balanced;Innovative;Ruthless;3;4;5;2;11;2;8;4;7;7;4;18;10;14;0;;10;20
1170;10;10;15;20;1;Offensive;Very Non-Physical;Balanced;Balanced;Balanced;Balanced;Balanced;3;15;1;12;9;9;8;5;16;11;13;20;5;15;0;;14;16
1171;10;10;15;20;1;Offensive;Non-physical;Very Passive;Aggressive;Balanced;Balanced;Balanced;9;5;8;14;5;3;14;6;9;10;11;18;17;6;0;;20;10
1172;10;10;15;20;1;Standard;Non-physical;Passive;Aggressive;Prefers Prospects;Conservative;Ruthless;4;13;11;1;2;11;8;1;5;1;5;14;18;12;0;;16;10
1173;10;10;15;20;1;Standard;Balanced;Very Passive;Balanced;Prefers Prospects;Balanced;Loyal;11;8;10;6;2;1;2;5;6;7;3;15;10;4;0;;11;17
1174;5;10;20;15;1;Offensive;Non-physical;Aggressive;Balanced;Prefers Veterans;Innovative;Loyal;10;7;10;5;18;7;15;2;8;0;3;12;12;11;0;;2;12
1175;5;10;20;15;1;Offensive;Non-physical;Passive;Balanced;Prefers Prospects;Balanced;Ruthless;9;5;5;6;5;16;15;9;15;10;1;5;13;11;0;;6;7
1176;5;10;20;15;1;Standard;Very Non-Physical;Balanced;Very Aggressive;Prefers Veterans;Innovative;Balanced;13;9;14;4;18;11;4;4;17;12;6;16;20;16;0;;5;11
1177;5;10;20;15;1;Offensive;Balanced;Aggressive;Conservative;Prefers Prospects;Balanced;Loyal;4;5;6;10;6;18;12;8;10;11;6;17;10;11;0;;10;1
1178;5;10;20;15;1;Offensive;Non-physical;Passive;Aggressive;Balanced;Balanced;Balanced;6;17;6;8;3;15;14;12;10;1;6;11;10;11;0;;3;8
1179;1;1;5;1;20;Offensive;Non-physical;Balanced;Very Conservative;Balanced;Balanced;Balanced;0;0;0;0;0;0;0;6;0;0;9;0;0;0;20;;0;0
1180;15;20;10;15;1;Offensive;Non-physical;Balanced;Aggressive;Prefers Veterans;Balanced;Balanced;7;14;6;2;6;5;12;1;12;9;8;7;17;7;0;;7;10
1181;10;15;20;15;1;Standard;Non-physical;Aggressive;Balanced;Prefers Prospects;Balanced;Balanced;5;5;4;12;6;4;13;2;16;8;7;5;16;11;0;;15;6
1182;10;10;15;20;1;Offensive;Balanced;Passive;Balanced;Prefers Prospects;Balanced;Loyal;8;3;15;7;3;3;5;4;3;8;7;19;6;4;0;;13;19
1183;10;10;15;20;1;Standard;Balanced;Balanced;Balanced;Prefers Prospects;Conservative;Very Loyal;14;15;15;14;6;15;9;1;8;1;7;12;12;6;0;;19;15
1184;10;10;15;20;1;Offensive;Non-physical;Balanced;Balanced;Loves Prospects;Balanced;Ruthless;11;6;3;5;7;6;5;6;14;9;4;10;6;12;0;;15;13
1185;10;10;15;20;1;Offensive;Non-physical;Aggressive;Balanced;Balanced;Balanced;Balanced;11;14;6;4;3;9;14;3;17;8;1;4;12;14;0;;15;12
1186;10;10;15;20;1;Standard;Non-physical;Balanced;Conservative;Balanced;Very Innovative;Balanced;8;12;13;15;2;4;1;5;10;14;4;20;12;4;0;;13;11
1187;10;10;15;20;1;Offensive;Balanced;Very Passive;Balanced;Balanced;Balanced;Ruthless;9;5;6;5;13;12;6;6;14;5;3;17;8;11;0;;20;13
1188;10;10;15;20;1;Offensive;Non-physical;Passive;Balanced;Balanced;Balanced;Balanced;13;2;7;14;12;11;11;1;10;11;10;20;14;13;0;;11;14
1189;5;10;20;15;1;Offensive;Balanced;Passive;Conservative;Balanced;Balanced;Balanced;16;6;9;7;13;18;11;6;9;7;7;6;18;12;0;;3;2
1190;5;10;20;15;1;Offensive;Non-physical;Passive;Balanced;Balanced;Balanced;Balanced;13;18;8;13;11;15;17;2;17;3;8;3;20;13;0;;6;12
1191;5;10;20;15;1;Offensive;Balanced;Very Passive;Very Conservative;Balanced;Innovative;Balanced;14;14;14;13;14;18;12;6;3;11;9;5;11;11;0;;1;5
1192;5;10;20;15;1;Offensive;Non-physical;Balanced;Balanced;Loves Prospects;Balanced;Balanced;12;10;10;7;19;19;12;7;16;10;5;12;10;14;0;;5;3
1193;5;10;20;15;1;Offensive;Non-physical;Passive;Balanced;Balanced;Balanced;Ruthless;12;18;11;7;13;10;15;5;10;0;1;3;19;10;0;;15;6
1194;1;1;5;1;20;Offensive;Non-physical;Balanced;Conservative;Balanced;Innovative;Very Ruthless;0;0;0;0;0;0;0;9;0;0;8;0;0;0;15;;0;0
1195;15;20;10;15;1;Offensive;Non-physical;Passive;Balanced;Prefers Prospects;Balanced;Balanced;6;3;10;1;6;2;6;8;7;9;1;12;15;6;0;;10;6
1196;10;15;20;15;1;Offensive;Non-physical;Balanced;Aggressive;Prefers Veterans;Balanced;Ruthless;9;3;12;11;7;3;4;6;8;1;1;3;17;14;0;;6;1
1197;10;10;15;20;1;Offensive;Non-physical;Balanced;Aggressive;Prefers Veterans;Balanced;Loyal;4;10;4;6;2;7;11;9;3;1;7;10;14;14;0;;14;16
1198;10;10;15;20;1;Offensive;Very Non-Physical;Passive;Balanced;Balanced;Balanced;Loyal;9;7;10;8;15;7;2;12;17;3;10;12;5;6;0;;17;19
1199;10;10;15;20;1;Offensive;Balanced;Passive;Balanced;Prefers Prospects;Balanced;Very Ruthless;8;7;10;7;8;12;1;9;15;4;6;4;4;13;0;;17;13
1200;10;10;15;20;1;Offensive;Balanced;Aggressive;Balanced;Balanced;Conservative;Loyal;3;12;2;8;4;11;5;1;10;15;6;13;4;3;0;;13;14
1201;10;10;15;20;1;Offensive;Non-physical;Very Aggressive;Balanced;Balanced;Balanced;Ruthless;1;5;15;14;4;15;13;10;14;3;10;20;12;6;0;;11;11
1202;10;10;15;20;1;Offensive;Non-physical;Aggressive;Balanced;Balanced;Balanced;Ruthless;15;14;5;2;2;3;12;10;16;9;9;10;8;14;0;;19;17
1203;10;10;15;20;1;Offensive;Balanced;Passive;Balanced;Prefers Veterans;Balanced;Loyal;3;4;1;10;4;4;1;6;11;9;3;18;16;5;0;;11;13
1204;5;10;20;15;1;Offensive;Non-physical;Balanced;Conservative;Balanced;Very Innovative;Balanced;12;10;13;6;10;14;17;7;17;8;1;13;12;15;0;;2;15
1205;5;10;20;15;1;Standard;Balanced;Balanced;Conservative;Prefers Veterans;Balanced;Loyal;11;3;7;5;7;3;13;3;14;4;6;6;20;7;0;;1;3
1206;5;10;20;15;1;Offensive;Non-physical;Very Passive;Balanced;Loves Veterans;Innovative;Balanced;5;9;17;15;13;13;15;4;8;13;9;5;7;11;0;;11;13
1207;5;10;20;15;1;Standard;Non-physical;Balanced;Aggressive;Prefers Veterans;Very Conservative;Balanced;9;9;13;5;9;6;6;6;7;0;3;7;12;12;0;;11;13
1208;5;10;20;15;1;Standard;Non-physical;Aggressive;Conservative;Balanced;Balanced;Balanced;19;15;5;17;9;6;4;8;7;13;7;14;6;14;0;;9;15
1209;1;1;5;1;20;Offensive;Non-physical;Aggressive;Balanced;Prefers Prospects;Innovative;Loyal;0;0;0;0;0;0;0;1;0;0;5;0;0;0;20;;0;0
1210;15;20;10;15;1;Standard;Non-physical;Balanced;Aggressive;Prefers Veterans;Balanced;Loyal;9;11;10;2;9;3;6;6;6;6;3;9;12;4;0;;10;5
1211;10;15;20;15;1;Offensive;Balanced;Balanced;Balanced;Prefers Prospects;Conservative;Balanced;8;7;3;13;12;12;8;2;5;3;5;10;10;6;0;;9;12
1212;10;10;15;20;1;Offensive;Non-physical;Passive;Balanced;Prefers Veterans;Conservative;Ruthless;11;3;15;10;8;5;9;8;17;4;3;15;15;8;0;;14;17
1213;10;10;15;20;1;Offensive;Balanced;Balanced;Balanced;Prefers Veterans;Balanced;Balanced;11;10;6;10;13;4;7;1;16;6;7;11;18;7;0;;18;13
1214;10;10;15;20;1;Offensive;Non-physical;Balanced;Very Aggressive;Prefers Prospects;Innovative;Loyal;3;13;10;11;11;3;5;4;9;7;6;5;7;3;0;;12;19
1215;10;10;15;20;1;Offensive;Balanced;Balanced;Balanced;Prefers Prospects;Conservative;Very Ruthless;2;1;8;8;11;4;14;7;10;9;9;13;14;9;0;;13;12
1216;10;10;15;20;1;Offensive;Balanced;Balanced;Balanced;Prefers Prospects;Balanced;Ruthless;9;7;1;7;4;6;4;3;8;11;6;11;13;12;0;;14;16
1217;10;10;15;20;1;Offensive;Balanced;Balanced;Balanced;Prefers Prospects;Innovative;Balanced;8;6;3;5;2;8;3;8;13;1;5;6;10;3;0;;14;13
1218;10;10;15;20;1;Offensive;Non-physical;Balanced;Aggressive;Balanced;Balanced;Loyal;7;15;9;7;8;5;8;2;7;8;8;9;14;4;0;;14;13
1219;5;10;20;15;1;Offensive;Balanced;Balanced;Aggressive;Balanced;Conservative;Balanced;11;8;13;17;14;8;13;5;16;13;5;14;20;14;0;;11;11
1220;5;10;20;15;1;Offensive;Balanced;Balanced;Conservative;Balanced;Balanced;Very Ruthless;13;15;12;18;16;5;4;11;6;2;5;4;6;8;0;;12;10
1221;5;10;20;15;1;Very Offensive;Very Non-Physical;Balanced;Balanced;Loves Veterans;Balanced;Balanced;7;7;10;13;9;5;12;6;10;6;4;14;12;15;0;;8;13
1222;5;10;20;15;1;Offensive;Non-physical;Passive;Conservative;Prefers Prospects;Innovative;Balanced;6;8;18;5;8;6;7;8;6;13;4;6;12;5;0;;2;6
1223;5;10;20;15;1;Standard;Non-physical;Very Passive;Aggressive;Balanced;Balanced;Balanced;12;15;5;7;12;14;4;3;17;7;1;9;20;5;0;;11;2
1224;1;1;5;1;20;Offensive;Balanced;Balanced;Balanced;Prefers Veterans;Conservative;Ruthless;0;0;0;0;0;0;0;4;0;0;1;0;0;0;18;;0;0
1225;15;20;10;15;1;Offensive;Non-physical;Aggressive;Balanced;Balanced;Conservative;Very Loyal;1;7;10;8;8;12;7;8;15;1;4;13;15;11;0;;2;2
1226;10;15;20;15;1;Offensive;Non-physical;Balanced;Aggressive;Balanced;Balanced;Balanced;11;12;5;8;4;5;9;8;10;2;9;5;12;10;0;;8;1
1227;10;10;15;20;1;Offensive;Non-physical;Passive;Balanced;Balanced;Balanced;Loyal;7;15;15;9;7;1;4;2;16;10;1;14;8;10;0;;11;20
1228;10;10;15;20;1;Offensive;Non-physical;Aggressive;Conservative;Prefers Veterans;Balanced;Very Ruthless;1;15;14;15;14;14;12;9;14;15;2;8;15;15;0;;14;10
1229;10;10;15;20;1;Offensive;Balanced;Passive;Balanced;Balanced;Balanced;Loyal;6;2;9;9;12;12;9;4;11;4;8;10;16;10;0;;16;11
1230;10;10;15;20;1;Standard;Non-physical;Aggressive;Aggressive;Balanced;Innovative;Very Ruthless;13;4;12;8;6;6;12;8;17;6;3;18;15;14;0;;13;10
1231;10;10;15;20;1;Standard;Non-physical;Balanced;Balanced;Balanced;Balanced;Balanced;2;13;13;8;3;10;2;6;12;2;9;17;12;10;0;;13;12
1232;10;10;15;20;1;Offensive;Non-physical;Balanced;Very Aggressive;Balanced;Conservative;Very Ruthless;2;2;10;10;5;6;5;1;8;11;8;10;13;12;0;;18;18
1233;10;10;15;20;1;Offensive;Non-physical;Balanced;Conservative;Balanced;Balanced;Ruthless;7;10;11;10;2;12;11;6;13;9;10;6;13;10;0;;13;16
1234;5;10;20;15;1;Offensive;Non-physical;Balanced;Conservative;Prefers Veterans;Balanced;Ruthless;9;16;4;11;8;10;5;6;5;10;5;16;17;14;0;;13;7
1235;5;10;20;15;1;Offensive;Balanced;Balanced;Balanced;Prefers Veterans;Balanced;Balanced;10;12;9;4;16;6;6;7;10;4;7;6;17;3;0;;13;1
1236;5;10;20;15;1;Offensive;Balanced;Very Aggressive;Balanced;Balanced;Very Conservative;Balanced;18;5;7;13;7;8;7;8;7;5;5;4;8;3;0;;8;5
1237;5;10;20;15;1;Offensive;Non-physical;Aggressive;Balanced;Prefers Prospects;Very Conservative;Loyal;11;13;6;18;10;5;9;10;7;10;6;9;9;7;0;;12;10
1238;5;10;20;15;1;Offensive;Balanced;Balanced;Conservative;Balanced;Innovative;Ruthless;3;17;17;12;12;5;8;7;15;11;1;8;15;5;0;;3;6
1239;1;1;5;1;20;Standard;Non-physical;Balanced;Balanced;Prefers Veterans;Innovative;Loyal;0;0;0;0;0;0;0;3;0;0;1;0;0;0;15;;0;0
1240;15;20;10;15;1;Offensive;Balanced;Balanced;Balanced;Balanced;Conservative;Balanced;12;1;5;12;15;14;12;3;12;6;6;14;13;9;0;;15;11
1241;10;15;20;15;1;Offensive;Non-physical;Balanced;Conservative;Prefers Veterans;Conservative;Balanced;8;7;7;15;5;6;7;8;7;1;2;11;10;15;0;;2;5
1242;10;10;15;20;1;Offensive;Non-physical;Balanced;Conservative;Prefers Prospects;Innovative;Ruthless;12;5;9;2;9;12;4;2;9;6;7;14;6;2;0;;10;14
1243;10;10;15;20;1;Very Offensive;Balanced;Passive;Balanced;Prefers Veterans;Innovative;Balanced;8;9;10;8;15;12;9;9;6;0;4;6;4;5;0;;16;14
1244;10;10;15;20;1;Offensive;Balanced;Balanced;Balanced;Balanced;Balanced;Loyal;15;5;8;5;4;7;8;2;5;12;8;10;13;9;0;;17;15
1245;10;10;15;20;1;Offensive;Non-physical;Aggressive;Balanced;Prefers Veterans;Balanced;Very Ruthless;9;6;15;10;15;10;8;7;3;13;3;6;8;2;0;;10;16
1246;10;10;15;20;1;Offensive;Non-physical;Balanced;Conservative;Prefers Veterans;Balanced;Loyal;14;14;10;10;15;14;13;10;5;15;11;17;14;10;0;;12;10
1247;10;10;15;20;1;Offensive;Non-physical;Aggressive;Balanced;Balanced;Innovative;Balanced;8;7;7;10;5;3;6;10;4;1;12;9;14;5;0;;10;15
1248;10;10;15;20;1;Standard;Non-physical;Passive;Balanced;Prefers Veterans;Very Innovative;Very Ruthless;9;6;4;14;11;1;12;3;11;13;8;18;9;15;0;;11;11
1249;5;10;20;15;1;Offensive;Balanced;Aggressive;Conservative;Balanced;Conservative;Balanced;3;8;3;11;14;16;11;7;12;12;8;11;17;13;0;;7;4
1250;5;10;20;15;1;Offensive;Non-physical;Balanced;Balanced;Prefers Prospects;Balanced;Balanced;4;11;15;9;11;11;11;2;8;3;3;8;12;19;0;;4;9
1251;5;10;20;15;1;Offensive;Non-physical;Balanced;Balanced;Balanced;Conservative;Balanced;8;16;12;7;15;10;13;11;12;3;8;14;14;12;0;;7;1
1252;5;10;20;15;1;Offensive;Balanced;Aggressive;Balanced;Balanced;Conservative;Balanced;8;4;5;14;14;4;11;6;15;1;6;11;12;6;0;;1;3
1253;5;10;20;15;1;Standard;Non-physical;Aggressive;Aggressive;Prefers Prospects;Conservative;Balanced;9;14;7;10;11;4;13;10;16;5;4;5;10;13;0;;8;13
1254;1;1;5;1;20;Standard;Balanced;Aggressive;Very Aggressive;Balanced;Balanced;Balanced;0;0;0;0;0;0;0;4;0;0;8;0;0;0;18;;0;0
1255;15;20;10;15;1;Offensive;Non-physical;Balanced;Aggressive;Balanced;Balanced;Balanced;2;15;15;14;9;11;6;8;17;8;8;3;9;11;0;;3;2
1256;10;15;20;15;1;Offensive;Very Non-Physical;Passive;Aggressive;Balanced;Conservative;Ruthless;12;7;5;10;6;10;13;8;7;10;5;8;6;12;0;;13;8
1257;10;10;15;20;1;Offensive;Non-physical;Balanced;Balanced;Balanced;Balanced;Ruthless;10;2;7;7;8;4;11;9;7;8;3;4;11;8;0;;14;15
1258;10;10;15;20;1;Standard;Non-physical;Balanced;Balanced;Prefers Prospects;Balanced;Very Ruthless;4;3;1;14;15;12;6;1;15;8;9;5;14;12;0;;20;16
1259;10;10;15;20;1;Offensive;Balanced;Balanced;Aggressive;Balanced;Conservative;Ruthless;7;8;11;9;1;11;10;8;14;11;9;6;11;11;0;;19;14
1260;10;10;15;20;1;Offensive;Balanced;Balanced;Aggressive;Balanced;Innovative;Ruthless;8;6;15;8;5;10;12;5;9;5;7;4;12;7;0;;15;17
1261;10;10;15;20;1;Offensive;Balanced;Balanced;Conservative;Balanced;Balanced;Balanced;6;11;1;1;5;4;4;8;16;7;4;19;17;6;0;;18;13
1262;10;10;15;20;1;Offensive;Non-physical;Very Passive;Balanced;Balanced;Conservative;Balanced;12;11;4;5;15;11;12;11;5;14;3;4;17;5;0;;20;13
1263;10;10;15;20;1;Offensive;Balanced;Balanced;Balanced;Balanced;Balanced;Ruthless;10;12;3;5;8;8;4;8;5;2;6;13;16;4;0;;16;11
1264;5;10;20;15;1;Offensive;Balanced;Balanced;Aggressive;Balanced;Balanced;Ruthless;15;4;15;13;11;17;4;5;4;0;3;12;8;8;0;;13;5
1265;5;10;20;15;1;Offensive;Very Non-Physical;Passive;Aggressive;Balanced;Innovative;Ruthless;12;12;9;18;17;14;14;4;11;9;4;12;16;7;0;;6;5
1266;5;10;20;15;1;Standard;Non-physical;Passive;Conservative;Prefers Prospects;Balanced;Ruthless;4;16;12;16;19;14;9;3;5;2;1;9;13;6;0;;7;3
1267;5;10;20;15;1;Standard;Very Non-Physical;Balanced;Balanced;Balanced;Very Innovative;Loyal;14;7;9;12;6;6;12;10;6;1;3;9;10;18;0;;2;5
1268;5;10;20;15;1;Standard;Non-physical;Balanced;Very Conservative;Prefers Veterans;Conservative;Loyal;6;7;7;11;14;15;19;3;14;2;5;3;7;12;0;;15;14
1269;1;1;5;1;20;Offensive;Very Non-Physical;Passive;Conservative;Balanced;Balanced;Ruthless;0;0;0;0;0;0;0;9;0;0;1;0;0;0;17;;0;0
1270;15;20;10;15;1;Offensive;Non-physical;Balanced;Conservative;Prefers Prospects;Very Innovative;Very Loyal;3;12;6;8;13;11;4;6;13;7;9;14;9;11;0;;3;13
1271;10;15;20;15;1;Offensive;Non-physical;Balanced;Balanced;Balanced;Balanced;Balanced;15;13;15;6;10;13;7;1;15;5;2;15;15;5;0;;12;3
1272;10;10;15;20;1;Offensive;Non-physical;Aggressive;Balanced;Prefers Prospects;Balanced;Ruthless;1;2;6;6;10;12;9;3;9;14;6;9;15;8;0;;10;14
1273;10;10;15;20;1;Very Offensive;Non-physical;Balanced;Conservative;Balanced;Balanced;Balanced;5;4;3;2;8;6;10;5;4;13;7;9;15;14;0;;13;12
1274;10;10;15;20;1;Standard;Non-physical;Passive;Conservative;Balanced;Balanced;Ruthless;12;4;8;9;13;12;7;10;9;8;6;7;15;6;0;;14;14
1275;10;10;15;20;1;Offensive;Non-physical;Balanced;Balanced;Balanced;Balanced;Loyal;6;3;4;1;15;7;2;8;5;2;2;10;10;9;0;;15;13
1276;10;10;15;20;1;Offensive;Non-physical;Aggressive;Balanced;Balanced;Balanced;Very Loyal;6;2;6;8;8;9;7;5;4;5;3;6;10;4;0;;13;16
1277;10;10;15;20;1;Standard;Balanced;Balanced;Balanced;Balanced;Balanced;Very Ruthless;3;4;12;15;13;14;12;7;15;16;10;10;15;10;0;;20;11
1278;10;10;15;20;1;Offensive;Balanced;Aggressive;Conservative;Prefers Veterans;Conservative;Balanced;10;11;5;11;10;5;13;6;12;8;1;5;8;5;0;;14;16
1279;5;10;20;15;1;Offensive;Balanced;Balanced;Very Aggressive;Prefers Prospects;Very Conservative;Very Ruthless;18;8;13;14;6;13;15;3;14;7;7;3;16;5;0;;4;12
1280;5;10;20;15;1;Standard;Non-physical;Very Passive;Balanced;Loves Veterans;Balanced;Balanced;12;4;15;7;7;15;12;8;8;5;3;14;16;10;0;;10;1
1281;5;10;20;15;1;Offensive;Non-physical;Balanced;Balanced;Balanced;Balanced;Balanced;3;18;3;12;15;4;4;10;7;8;7;4;8;17;0;;14;12
1282;5;10;20;15;1;Offensive;Non-physical;Balanced;Very Aggressive;Balanced;Balanced;Loyal;8;6;15;16;10;8;10;3;13;7;6;16;8;14;0;;1;2
1283;5;10;20;15;1;Offensive;Balanced;Very Passive;Aggressive;Prefers Prospects;Balanced;Ruthless;18;8;16;5;15;9;9;7;8;13;7;11;11;14;0;;9;14
1284;1;1;5;1;20;Offensive;Non-physical;Passive;Balanced;Balanced;Innovative;Ruthless;0;0;0;0;0;0;0;6;0;0;3;0;0;0;20;;0;0
1285;15;20;10;15;1;Offensive;Non-physical;Balanced;Balanced;Prefers Prospects;Conservative;Balanced;12;12;8;6;4;11;11;8;15;4;4;6;10;1;0;;9;9
1286;10;15;20;15;1;Offensive;Balanced;Aggressive;Balanced;Balanced;Very Innovative;Ruthless;14;6;12;9;7;5;6;7;14;2;5;5;8;11;0;;4;3
1287;10;10;15;20;1;Standard;Balanced;Balanced;Very Conservative;Balanced;Balanced;Balanced;11;11;5;13;2;3;15;2;16;7;6;5;6;14;0;;13;20
1288;10;10;15;20;1;Offensive;Very Non-Physical;Aggressive;Conservative;Balanced;Conservative;Loyal;11;1;6;13;1;4;10;10;8;5;4;17;15;12;0;;17;12
1289;10;10;15;20;1;Offensive;Non-physical;Aggressive;Balanced;Prefers Veterans;Conservative;Balanced;3;8;11;3;9;3;3;6;14;15;7;10;9;7;0;;12;10
1290;10;10;15;20;1;Standard;Non-physical;Balanced;Aggressive;Balanced;Balanced;Balanced;9;12;9;9;2;10;11;4;9;11;4;4;7;2;0;;14;12
1291;10;10;15;20;1;Offensive;Non-physical;Balanced;Conservative;Prefers Veterans;Very Conservative;Balanced;2;3;15;6;6;14;1;11;8;3;7;17;8;10;0;;11;15
1292;10;10;15;20;1;Offensive;Balanced;Balanced;Very Conservative;Prefers Veterans;Conservative;Ruthless;8;15;5;4;6;1;10;6;5;6;6;8;14;5;0;;13;16
1293;10;10;15;20;1;Offensive;Balanced;Balanced;Very Aggressive;Prefers Veterans;Conservative;Loyal;4;1;6;3;4;10;7;10;9;14;7;6;18;11;0;;20;17
1294;5;10;20;15;1;Offensive;Non-physical;Balanced;Conservative;Prefers Prospects;Balanced;Balanced;17;12;10;17;4;11;5;9;12;10;6;8;15;14;0;;8;7
1295;5;10;20;15;1;Standard;Non-physical;Aggressive;Very Aggressive;Prefers Prospects;Balanced;Balanced;9;7;8;18;7;3;13;5;11;3;9;8;10;4;0;;12;9
1296;5;10;20;15;1;Offensive;Balanced;Passive;Aggressive;Prefers Veterans;Very Conservative;Very Loyal;13;3;9;5;7;8;6;3;5;2;7;6;6;13;0;;5;12
1297;5;10;20;15;1;Offensive;Non-physical;Passive;Balanced;Balanced;Balanced;Balanced;13;5;3;14;8;4;9;8;9;3;6;5;10;8;0;;11;2
1298;5;10;20;15;1;Offensive;Non-physical;Passive;Balanced;Balanced;Balanced;Ruthless;14;14;5;9;14;10;14;8;15;9;3;9;20;6;0;;1;2
1299;1;1;5;1;20;Standard;Non-physical;Balanced;Aggressive;Prefers Prospects;Conservative;Loyal;0;0;0;0;0;0;0;6;0;0;9;0;0;0;20;;0;0
1300;15;20;10;15;1;Offensive;Non-physical;Passive;Balanced;Balanced;Conservative;Loyal;6;12;11;3;1;4;1;2;5;3;7;3;14;14;0;;12;15
1301;10;15;20;15;1;Offensive;Very Non-Physical;Balanced;Balanced;Balanced;Balanced;Ruthless;9;15;13;8;5;8;10;4;7;11;3;4;11;9;0;;12;1
1302;10;10;15;20;1;Standard;Non-physical;Balanced;Balanced;Balanced;Innovative;Balanced;9;5;9;1;14;4;5;12;4;5;6;9;17;4;0;;16;18
1303;10;10;15;20;1;Offensive;Non-physical;Aggressive;Balanced;Prefers Veterans;Balanced;Ruthless;4;6;14;15;2;12;4;2;11;6;7;8;17;4;0;;14;18
1304;10;10;15;20;1;Offensive;Non-physical;Balanced;Balanced;Prefers Veterans;Very Innovative;Balanced;4;10;10;3;8;2;7;3;7;2;10;12;5;6;0;;20;14
1305;10;10;15;20;1;Offensive;Non-physical;Passive;Very Conservative;Balanced;Conservative;Balanced;6;6;14;4;13;2;3;7;16;9;4;10;14;14;0;;17;13
1306;10;10;15;20;1;Offensive;Non-physical;Balanced;Balanced;Balanced;Balanced;Loyal;5;13;15;13;5;3;11;10;10;12;2;15;9;8;0;;12;16
1307;10;10;15;20;1;Standard;Non-physical;Balanced;Balanced;Loves Veterans;Balanced;Very Loyal;11;6;5;4;1;11;8;4;10;2;6;9;9;1;0;;15;13
1308;10;10;15;20;1;Offensive;Balanced;Passive;Conservative;Balanced;Very Conservative;Ruthless;4;15;10;2;12;11;14;4;4;16;7;14;10;6;0;;15;18
1309;5;10;20;15;1;Offensive;Non-physical;Balanced;Conservative;Balanced;Conservative;Loyal;6;6;15;5;15;7;13;6;5;4;6;14;18;6;0;;1;4
1310;5;10;20;15;1;Offensive;Non-physical;Very Passive;Balanced;Balanced;Innovative;Balanced;15;16;9;11;3;13;18;8;6;2;9;7;11;6;0;;1;5
1311;5;10;20;15;1;Offensive;Non-physical;Passive;Aggressive;Balanced;Conservative;Balanced;11;9;7;4;13;7;15;8;5;2;3;8;16;6;0;;6;8
1312;5;10;20;15;1;Offensive;Non-physical;Passive;Very Conservative;Balanced;Innovative;Loyal;6;17;9;3;5;11;14;3;7;11;6;8;12;5;0;;5;2
1313;5;10;20;15;1;Offensive;Non-physical;Balanced;Balanced;Balanced;Balanced;Balanced;13;9;7;9;9;8;4;10;7;10;1;7;20;15;0;;6;9
1314;1;1;5;1;20;Offensive;Balanced;Passive;Balanced;Balanced;Very Conservative;Balanced;0;0;0;0;0;0;0;5;0;0;9;0;0;0;18;;0;0
1315;15;20;10;15;1;Offensive;Very Non-Physical;Balanced;Balanced;Balanced;Very Conservative;Balanced;5;8;10;7;12;14;13;1;8;7;2;6;10;9;0;;9;12
1316;10;15;20;15;1;Offensive;Non-physical;Balanced;Very Conservative;Prefers Prospects;Conservative;Ruthless;11;5;11;12;3;12;3;7;8;10;4;6;16;13;0;;1;2
1317;10;10;15;20;1;Offensive;Non-physical;Passive;Aggressive;Prefers Veterans;Balanced;Balanced;10;15;7;1;15;6;5;13;7;8;9;5;9;6;0;;12;14
1318;10;10;15;20;1;Offensive;Non-physical;Balanced;Very Aggressive;Balanced;Balanced;Balanced;5;15;10;5;3;14;14;6;4;10;5;19;8;5;0;;18;11
1319;10;10;15;20;1;Offensive;Balanced;Aggressive;Balanced;Prefers Veterans;Innovative;Balanced;6;3;7;6;7;1;6;8;9;18;6;6;14;11;0;;12;17
1320;10;10;15;20;1;Offensive;Non-physical;Passive;Balanced;Prefers Prospects;Innovative;Balanced;2;6;6;7;2;4;6;6;14;8;6;14;4;8;0;;17;11
1321;10;10;15;20;1;Offensive;Non-physical;Passive;Conservative;Balanced;Balanced;Balanced;8;12;12;13;11;7;4;7;8;8;6;16;5;11;0;;19;14
1322;10;10;15;20;1;Offensive;Non-physical;Very Passive;Balanced;Balanced;Balanced;Balanced;5;4;9;6;2;13;5;6;16;13;5;10;8;3;0;;16;12
1323;10;10;15;20;1;Offensive;Balanced;Balanced;Balanced;Prefers Veterans;Conservative;Very Ruthless;15;2;7;15;2;4;11;8;7;18;1;4;14;14;0;;10;20
1324;5;10;20;15;1;Offensive;Balanced;Balanced;Very Conservative;Balanced;Conservative;Balanced;8;5;8;5;16;5;11;4;7;3;5;15;9;7;0;;2;8
1325;5;10;20;15;1;Offensive;Non-physical;Very Aggressive;Balanced;Balanced;Balanced;Ruthless;12;9;16;13;7;6;17;8;6;8;1;12;9;12;0;;4;5
1326;5;10;20;15;1;Offensive;Balanced;Very Passive;Balanced;Balanced;Very Innovative;Balanced;4;8;14;10;14;6;5;7;15;2;5;4;18;3;0;;10;13
1327;5;10;20;15;1;Offensive;Non-physical;Very Passive;Aggressive;Balanced;Conservative;Balanced;10;6;11;5;17;13;6;5;5;1;3;3;10;6;0;;10;10
1328;5;10;20;15;1;Offensive;Non-physical;Balanced;Balanced;Balanced;Balanced;Loyal;5;5;4;5;6;17;12;4;11;9;7;7;15;11;0;;10;13
1329;1;1;5;1;20;Offensive;Balanced;Balanced;Balanced;Balanced;Innovative;Balanced;0;0;0;0;0;0;0;4;0;0;1;0;0;0;16;;0;0
1330;15;20;10;15;1;Offensive;Very Non-Physical;Balanced;Balanced;Balanced;Balanced;Loyal;1;14;11;9;5;7;3;5;16;1;8;6;15;7;0;;11;13
1331;10;15;20;15;1;Offensive;Non-physical;Balanced;Conservative;Prefers Veterans;Conservative;Balanced;11;14;9;3;11;11;3;7;8;9;2;9;9;12;0;;9;1
1332;10;10;15;20;1;Offensive;Non-physical;Balanced;Aggressive;Balanced;Conservative;Balanced;7;8;12;13;9;6;2;12;16;12;10;10;10;15;0;;16;13
1333;10;10;15;20;1;Offensive;Balanced;Balanced;Balanced;Balanced;Very Innovative;Very Ruthless;7;9;3;15;5;6;5;9;4;3;12;15;11;5;0;;10;17
1334;10;10;15;20;1;Standard;Non-physical;Passive;Balanced;Prefers Veterans;Balanced;Loyal;5;1;1;10;8;15;15;6;16;16;6;20;5;1;0;;11;12
1335;10;10;15;20;1;Offensive;Non-physical;Passive;Balanced;Prefers Veterans;Balanced;Balanced;1;13;2;6;10;4;11;9;10;9;8;15;13;14;0;;20;13
1336;10;10;15;20;1;Standard;Non-physical;Balanced;Balanced;Balanced;Innovative;Balanced;12;11;2;9;8;8;7;3;12;18;5;20;8;15;0;;11;11
1337;10;10;15;20;1;Offensive;Non-physical;Balanced;Conservative;Prefers Prospects;Balanced;Ruthless;5;5;9;5;6;9;3;8;9;11;9;9;10;2;0;;13;14
1338;10;10;15;20;1;Offensive;Balanced;Balanced;Conservative;Prefers Prospects;Balanced;Balanced;9;7;3;6;6;3;14;8;13;3;11;5;8;4;0;;18;16
1339;5;10;20;15;1;Offensive;Non-physical;Aggressive;Aggressive;Balanced;Innovative;Balanced;13;15;11;14;16;15;8;5;9;11;9;15;18;14;0;;4;9
1340;5;10;20;15;1;Offensive;Balanced;Balanced;Balanced;Prefers Veterans;Balanced;Very Loyal;5;3;17;12;13;5;5;5;11;5;4;14;20;9;0;;8;4
1341;5;10;20;15;1;Offensive;Very Non-Physical;Balanced;Balanced;Balanced;Balanced;Loyal;16;10;12;12;15;3;17;4;13;11;9;13;19;13;0;;5;5
1342;5;10;20;15;1;Offensive;Very Non-Physical;Aggressive;Conservative;Balanced;Balanced;Balanced;16;6;10;4;11;13;12;4;4;11;1;13;10;13;0;;3;4
1343;5;10;20;15;1;Offensive;Balanced;Aggressive;Conservative;Prefers Veterans;Conservative;Loyal;17;8;9;16;13;14;8;8;15;12;4;15;18;13;0;;9;5
1344;1;1;5;1;20;Offensive;Non-physical;Balanced;Balanced;Prefers Prospects;Balanced;Loyal;0;0;0;0;0;0;0;2;0;0;5;0;0;0;17;;0;0
1345;15;20;10;15;1;Offensive;Non-physical;Balanced;Aggressive;Prefers Prospects;Conservative;Very Loyal;8;13;6;15;14;11;3;1;17;8;7;13;14;5;0;;14;10
1346;10;15;20;15;1;Offensive;Non-physical;Passive;Conservative;Balanced;Very Conservative;Balanced;6;15;9;6;5;6;5;1;7;12;4;8;13;3;0;;12;1
1347;10;10;15;20;1;Offensive;Non-physical;Passive;Balanced;Balanced;Innovative;Balanced;11;10;6;15;11;6;1;9;3;9;2;6;12;3;0;;11;13
1348;10;10;15;20;1;Offensive;Non-physical;Very Aggressive;Balanced;Prefers Veterans;Conservative;Loyal;11;5;13;11;12;13;4;8;14;3;9;10;10;3;0;;16;20
1349;10;10;15;20;1;Offensive;Balanced;Balanced;Very Conservative;Balanced;Balanced;Balanced;2;12;8;9;11;10;10;12;16;10;11;7;15;8;0;;13;14
1350;10;10;15;20;1;Offensive;Non-physical;Balanced;Very Conservative;Balanced;Conservative;Balanced;5;12;6;2;3;8;13;9;7;3;8;14;15;7;0;;16;11
1351;10;10;15;20;1;Standard;Non-physical;Aggressive;Very Conservative;Prefers Prospects;Balanced;Loyal;3;3;12;13;10;13;9;11;6;9;9;11;13;10;0;;14;12
1352;10;10;15;20;1;Offensive;Balanced;Balanced;Aggressive;Balanced;Innovative;Very Ruthless;11;1;5;3;13;14;2;7;8;17;3;10;7;8;0;;15;11
1353;10;10;15;20;1;Offensive;Non-physical;Aggressive;Balanced;Prefers Veterans;Innovative;Balanced;15;7;8;6;9;5;3;4;7;16;5;7;5;10;0;;20;11
1354;5;10;20;15;1;Standard;Non-physical;Balanced;Balanced;Loves Prospects;Conservative;Balanced;17;11;7;9;9;9;20;3;3;3;6;10;12;14;0;;10;5
1355;5;10;20;15;1;Standard;Very Non-Physical;Balanced;Balanced;Balanced;Balanced;Loyal;10;10;14;9;10;4;15;5;11;10;9;15;7;11;0;;10;4
1356;5;10;20;15;1;Offensive;Non-physical;Balanced;Very Aggressive;Prefers Prospects;Innovative;Balanced;17;11;3;8;3;13;9;9;6;2;3;9;19;16;0;;13;3
1357;5;10;20;15;1;Standard;Non-physical;Balanced;Conservative;Prefers Veterans;Balanced;Loyal;13;17;16;9;13;6;8;5;3;1;2;7;11;12;0;;2;12
1358;5;10;20;15;1;Offensive;Very Non-Physical;Balanced;Very Conservative;Balanced;Balanced;Ruthless;12;5;9;8;13;7;16;1;10;9;5;5;10;8;0;;4;1
1359;1;1;5;1;20;Offensive;Non-physical;Passive;Conservative;Prefers Veterans;Conservative;Ruthless;0;0;0;0;0;0;0;5;0;0;9;0;0;0;20;;0;0
1360;15;20;10;15;1;Offensive;Non-physical;Aggressive;Balanced;Prefers Prospects;Very Innovative;Balanced;7;2;10;10;3;11;8;6;14;10;7;10;11;7;0;;6;6
1361;10;15;20;15;1;Offensive;Balanced;Balanced;Aggressive;Balanced;Innovative;Ruthless;11;5;8;5;4;11;4;6;10;7;7;8;14;6;0;;8;12
1362;10;10;15;20;1;Offensive;Balanced;Passive;Conservative;Balanced;Balanced;Balanced;6;4;10;11;4;6;8;9;3;12;4;19;17;2;0;;15;14
1363;10;10;15;20;1;Offensive;Very Non-Physical;Balanced;Balanced;Prefers Veterans;Very Conservative;Balanced;6;13;6;1;12;5;1;5;7;1;8;6;5;11;0;;12;12
1364;10;10;15;20;1;Offensive;Balanced;Balanced;Conservative;Prefers Veterans;Balanced;Balanced;5;10;8;14;9;3;5;10;13;12;4;11;16;4;0;;17;10
1365;10;10;15;20;1;Offensive;Balanced;Balanced;Balanced;Prefers Veterans;Innovative;Balanced;7;9;7;4;6;10;10;12;15;0;7;11;13;9;0;;15;10
1366;10;10;15;20;1;Standard;Balanced;Balanced;Balanced;Balanced;Balanced;Balanced;11;9;8;13;10;14;13;8;11;16;2;14;4;13;0;;13;13
1367;10;10;15;20;1;Standard;Non-physical;Balanced;Conservative;Balanced;Innovative;Balanced;13;5;11;14;14;2;8;10;9;7;3;20;6;10;0;;11;14
1368;10;10;15;20;1;Standard;Non-physical;Balanced;Conservative;Prefers Prospects;Balanced;Balanced;15;2;2;4;11;7;13;2;10;4;5;5;4;4;0;;17;14
1369;5;10;20;15;1;Standard;Balanced;Passive;Balanced;Prefers Prospects;Very Conservative;Balanced;7;10;10;16;9;12;7;11;13;0;6;4;6;7;0;;11;10
1370;5;10;20;15;1;Offensive;Non-physical;Balanced;Balanced;Prefers Veterans;Balanced;Loyal;6;14;5;5;11;11;16;6;11;5;8;14;20;15;0;;4;4
1371;5;10;20;15;1;Offensive;Balanced;Balanced;Balanced;Balanced;Very Conservative;Balanced;6;5;8;13;11;18;10;6;13;11;8;11;11;15;0;;7;6
1372;5;10;20;15;1;Standard;Very Non-Physical;Aggressive;Conservative;Prefers Veterans;Balanced;Loyal;6;7;13;3;12;11;18;7;6;10;4;3;9;14;0;;3;13
1373;5;10;20;15;1;Offensive;Non-physical;Aggressive;Balanced;Loves Prospects;Very Innovative;Very Ruthless;10;15;11;9;4;10;8;6;5;3;4;9;16;15;0;;4;9
1374;1;1;5;1;20;Offensive;Very Non-Physical;Passive;Conservative;Balanced;Balanced;Balanced;0;0;0;0;0;0;0;8;0;0;4;0;0;0;17;;0;0
1375;15;20;10;15;1;Offensive;Balanced;Balanced;Balanced;Prefers Prospects;Balanced;Ruthless;3;13;2;9;15;8;6;4;7;14;7;3;5;11;0;;8;2
1376;10;15;20;15;1;Very Offensive;Very Non-Physical;Balanced;Balanced;Balanced;Balanced;Ruthless;5;16;3;3;9;12;15;1;9;9;4;17;15;7;0;;6;2
1377;10;10;15;20;1;Offensive;Non-physical;Passive;Very Conservative;Balanced;Conservative;Loyal;9;4;10;3;9;10;1;9;7;15;10;4;9;14;0;;16;11
1378;10;10;15;20;1;Offensive;Non-physical;Very Passive;Very Conservative;Prefers Veterans;Balanced;Balanced;11;5;10;13;15;5;11;2;17;15;8;5;10;10;0;;19;10
1379;10;10;15;20;1;Standard;Balanced;Very Aggressive;Balanced;Prefers Prospects;Balanced;Balanced;11;1;11;11;8;5;1;7;4;7;9;7;5;9;0;;15;11
1380;10;10;15;20;1;Offensive;Balanced;Balanced;Balanced;Balanced;Balanced;Very Loyal;8;4;2;13;8;4;9;11;6;2;6;14;10;5;0;;10;19
1381;10;10;15;20;1;Offensive;Very Non-Physical;Balanced;Balanced;Balanced;Balanced;Ruthless;2;4;7;11;13;5;8;2;5;14;7;14;8;1;0;;13;12
1382;10;10;15;20;1;Standard;Balanced;Balanced;Aggressive;Loves Prospects;Balanced;Ruthless;2;9;6;6;8;12;6;7;15;4;11;8;17;5;0;;12;11
1383;10;10;15;20;1;Standard;Balanced;Balanced;Aggressive;Balanced;Conservative;Balanced;8;2;5;13;15;6;4;9;9;6;6;11;17;15;0;;17;13
1384;5;10;20;15;1;Very Offensive;Balanced;Balanced;Very Aggressive;Balanced;Conservative;Balanced;11;6;4;15;17;18;15;3;3;9;5;5;10;8;0;;7;10
1385;5;10;20;15;1;Offensive;Non-physical;Aggressive;Balanced;Prefers Prospects;Balanced;Balanced;4;13;12;5;14;4;3;5;6;6;8;3;8;18;0;;1;1
1386;5;10;20;15;1;Offensive;Very Non-Physical;Aggressive;Aggressive;Prefers Veterans;Balanced;Loyal;10;11;10;4;5;9;10;5;13;7;2;13;17;16;0;;8;9
1387;5;10;20;15;1;Offensive;Balanced;Passive;Conservative;Prefers Prospects;Conservative;Balanced;5;17;5;13;5;16;17;5;16;2;1;5;18;10;0;;5;4
1388;5;10;20;15;1;Offensive;Very Non-Physical;Balanced;Balanced;Balanced;Balanced;Loyal;14;8;4;12;5;5;10;9;8;9;1;6;20;18;0;;4;7
1389;1;1;5;1;20;Offensive;Balanced;Balanced;Balanced;Balanced;Balanced;Balanced;0;0;0;0;0;0;0;3;0;0;4;0;0;0;17;;0;0
1390;15;20;10;15;1;Offensive;Very Non-Physical;Passive;Balanced;Balanced;Conservative;Ruthless;12;4;8;4;12;1;7;2;15;2;8;4;12;5;0;;4;3
1391;10;15;20;15;1;Offensive;Balanced;Passive;Very Aggressive;Balanced;Balanced;Balanced;4;9;8;9;8;13;12;9;15;7;9;12;13;14;0;;2;3
1392;10;10;15;20;1;Offensive;Non-physical;Very Aggressive;Conservative;Prefers Prospects;Balanced;Balanced;11;11;4;12;10;5;12;4;15;16;3;4;9;12;0;;14;12
1393;10;10;15;20;1;Standard;Non-physical;Balanced;Balanced;Prefers Veterans;Balanced;Ruthless;9;11;8;8;2;5;6;4;9;11;4;13;13;3;0;;15;10
1394;10;10;15;20;1;Standard;Very Non-Physical;Very Aggressive;Aggressive;Balanced;Innovative;Balanced;12;8;3;2;7;13;10;9;14;11;10;11;16;8;0;;15;14
1395;10;10;15;20;1;Very Offensive;Non-physical;Passive;Balanced;Prefers Veterans;Conservative;Balanced;1;2;1;12;11;10;4;7;3;15;11;13;11;9;0;;13;16
1396;10;10;15;20;1;Offensive;Balanced;Aggressive;Balanced;Prefers Veterans;Innovative;Ruthless;12;10;13;11;8;3;9;11;5;4;2;14;10;2;0;;12;17
1397;10;10;15;20;1;Offensive;Non-physical;Very Aggressive;Very Aggressive;Balanced;Conservative;Balanced;9;2;2;4;10;8;4;1;15;9;8;11;7;13;0;;16;12
1398;10;10;15;20;1;Offensive;Non-physical;Aggressive;Conservative;Balanced;Very Innovative;Very Ruthless;5;11;10;5;15;7;15;7;14;3;4;15;15;15;0;;19;19
1399;5;10;20;15;1;Offensive;Non-physical;Passive;Conservative;Balanced;Balanced;Loyal;12;16;13;14;8;12;15;4;7;2;5;10;12;16;0;;11;13
1400;5;10;20;15;1;Offensive;Non-physical;Balanced;Aggressive;Prefers Prospects;Balanced;Balanced;17;12;6;7;5;4;12;3;6;0;5;12;8;16;0;;9;6
1401;5;10;20;15;1;Standard;Non-physical;Aggressive;Aggressive;Prefers Veterans;Balanced;Balanced;6;17;10;11;9;10;5;3;10;12;2;8;7;8;0;;9;6
1402;5;10;20;15;1;Offensive;Non-physical;Balanced;Balanced;Balanced;Conservative;Balanced;12;3;5;5;17;9;9;1;3;7;7;5;13;4;0;;2;1
1403;5;10;20;15;1;Offensive;Non-physical;Balanced;Balanced;Loves Veterans;Balanced;Balanced;8;12;7;15;7;9;7;6;13;14;4;8;20;20;0;;2;7
1404;1;1;5;1;20;Offensive;Very Non-Physical;Balanced;Balanced;Prefers Veterans;Balanced;Very Loyal;0;0;0;0;0;0;0;4;0;0;2;0;0;0;19;;0;0
1405;15;20;10;15;1;Offensive;Non-physical;Aggressive;Aggressive;Balanced;Very Conservative;Balanced;9;13;7;6;12;7;5;6;3;14;7;7;6;2;0;;10;14
1406;10;15;20;15;1;Offensive;Balanced;Very Aggressive;Conservative;Balanced;Very Conservative;Ruthless;6;6;7;5;9;5;14;7;12;6;3;3;10;10;0;;2;9
1407;10;10;15;20;1;Offensive;Very Non-Physical;Balanced;Aggressive;Balanced;Balanced;Loyal;3;6;2;7;1;3;3;10;13;8;5;11;7;1;0;;15;14
1408;10;10;15;20;1;Standard;Balanced;Passive;Balanced;Balanced;Very Conservative;Loyal;6;12;13;6;14;1;5;9;5;3;3;20;7;7;0;;12;13
1409;10;10;15;20;1;Offensive;Balanced;Passive;Balanced;Loves Veterans;Very Conservative;Balanced;9;12;14;14;13;11;9;1;5;10;7;11;14;10;0;;18;12
1410;10;10;15;20;1;Standard;Balanced;Balanced;Aggressive;Balanced;Very Innovative;Balanced;5;14;3;1;2;2;7;6;17;3;3;18;7;14;0;;16;11
1411;10;10;15;20;1;Standard;Non-physical;Passive;Aggressive;Prefers Prospects;Conservative;Ruthless;8;15;1;10;5;6;1;7;16;3;10;7;9;7;0;;11;15
1412;10;10;15;20;1;Standard;Non-physical;Passive;Very Aggressive;Balanced;Balanced;Balanced;13;10;9;7;6;9;11;2;4;10;11;5;8;9;0;;15;17
1413;10;10;15;20;1;Offensive;Very Non-Physical;Balanced;Conservative;Balanced;Conservative;Balanced;4;8;10;12;6;14;15;12;5;11;6;16;11;14;0;;13;13
1414;5;10;20;15;1;Offensive;Non-physical;Balanced;Very Aggressive;Balanced;Balanced;Very Ruthless;5;12;17;5;10;17;9;9;9;9;9;6;13;13;0;;13;6
1415;5;10;20;15;1;Standard;Very Non-Physical;Passive;Balanced;Balanced;Very Conservative;Balanced;7;16;16;7;12;15;8;3;5;0;1;10;15;6;0;;12;2
1416;5;10;20;15;1;Standard;Non-physical;Aggressive;Conservative;Prefers Veterans;Very Conservative;Balanced;9;10;14;12;13;4;5;3;6;5;5;4;12;5;0;;13;10
1417;5;10;20;15;1;Offensive;Non-physical;Balanced;Balanced;Balanced;Innovative;Balanced;10;3;4;10;8;12;7;2;5;8;5;9;14;10;0;;9;5
1418;5;10;20;15;1;Offensive;Non-physical;Balanced;Very Aggressive;Balanced;Balanced;Ruthless;9;8;14;5;9;9;9;6;3;1;3;9;12;14;0;;12;13
1419;1;1;5;1;20;Offensive;Balanced;Aggressive;Balanced;Prefers Veterans;Balanced;Balanced;0;0;0;0;0;0;0;3;0;0;8;0;0;0;20;;0;0
1420;15;20;10;15;1;Standard;Non-physical;Aggressive;Balanced;Balanced;Balanced;Balanced;1;12;13;5;7;6;2;9;10;8;8;3;7;6;0;;12;7
1421;10;15;20;15;1;Standard;Non-physical;Balanced;Conservative;Balanced;Balanced;Very Ruthless;11;10;8;10;10;13;10;3;5;11;5;3;15;11;0;;5;2
1422;10;10;15;20;1;Offensive;Non-physical;Passive;Balanced;Loves Prospects;Innovative;Ruthless;13;14;15;5;4;6;7;8;12;12;6;4;6;15;0;;12;13
1423;10;10;15;20;1;Offensive;Non-physical;Passive;Aggressive;Prefers Veterans;Balanced;Very Ruthless;9;9;7;11;8;8;9;4;11;8;8;15;9;15;0;;13;14
1424;10;10;15;20;1;Offensive;Non-physical;Passive;Conservative;Loves Veterans;Balanced;Balanced;11;11;7;12;14;3;8;10;8;12;4;14;7;13;0;;16;12
1425;10;10;15;20;1;Offensive;Balanced;Balanced;Conservative;Prefers Veterans;Balanced;Ruthless;14;13;15;2;14;5;10;9;17;1;4;19;6;2;0;;12;15
1426;10;10;15;20;1;Offensive;Balanced;Balanced;Balanced;Balanced;Balanced;Ruthless;5;1;9;13;4;7;14;4;10;13;4;7;5;1;0;;20;18
1427;10;10;15;20;1;Offensive;Balanced;Aggressive;Conservative;Prefers Veterans;Balanced;Ruthless;3;8;4;1;4;3;10;5;6;14;9;5;13;5;0;;15;13
1428;10;10;15;20;1;Offensive;Non-physical;Balanced;Aggressive;Prefers Prospects;Balanced;Balanced;13;12;9;11;15;8;7;6;14;10;8;6;9;5;0;;11;18
1429;5;10;20;15;1;Offensive;Balanced;Balanced;Balanced;Prefers Prospects;Balanced;Ruthless;13;6;8;7;6;6;7;3;14;1;3;12;11;11;0;;4;9
1430;5;10;20;15;1;Offensive;Non-physical;Balanced;Balanced;Balanced;Conservative;Ruthless;5;9;11;18;8;9;10;4;12;5;9;13;17;15;0;;13;9
1431;5;10;20;15;1;Offensive;Non-physical;Very Passive;Balanced;Balanced;Conservative;Ruthless;13;9;14;6;13;3;6;4;12;9;6;11;13;13;0;;1;13
1432;5;10;20;15;1;Offensive;Non-physical;Passive;Conservative;Balanced;Conservative;Very Loyal;12;13;13;4;14;3;5;7;15;5;3;14;10;11;0;;4;3
1433;5;10;20;15;1;Offensive;Very Non-Physical;Balanced;Balanced;Balanced;Balanced;Balanced;4;18;10;15;4;18;8;10;16;5;5;7;9;16;0;;1;3
1434;1;1;5;1;20;Standard;Balanced;Balanced;Aggressive;Prefers Veterans;Conservative;Loyal;0;0;0;0;0;0;0;9;0;0;3;0;0;0;18;;0;0
1435;15;20;10;15;1;Offensive;Balanced;Passive;Aggressive;Balanced;Innovative;Balanced;6;5;10;2;4;3;12;6;8;4;8;15;13;4;0;;6;11
1436;10;15;20;15;1;Offensive;Non-physical;Passive;Balanced;Balanced;Innovative;Balanced;15;14;9;17;15;11;15;1;11;14;4;12;7;8;0;;13;7
1437;10;10;15;20;1;Standard;Non-physical;Balanced;Balanced;Loves Veterans;Conservative;Ruthless;14;1;11;4;13;10;8;3;6;7;3;17;9;8;0;;20;11
1438;10;10;15;20;1;Offensive;Non-physical;Passive;Balanced;Prefers Prospects;Conservative;Loyal;15;13;4;4;8;9;10;11;4;0;5;7;18;10;0;;17;17
1439;10;10;15;20;1;Offensive;Balanced;Passive;Balanced;Balanced;Conservative;Very Ruthless;12;14;10;12;6;10;3;6;16;1;5;7;16;10;0;;20;14
1440;10;10;15;20;1;Standard;Balanced;Balanced;Conservative;Balanced;Balanced;Loyal;3;10;1;1;14;11;2;4;13;4;10;15;7;15;0;;20;17
1441;10;10;15;20;1;Offensive;Non-physical;Passive;Very Conservative;Balanced;Innovative;Balanced;10;4;10;7;3;10;1;5;10;12;11;8;14;6;0;;17;11
1442;10;10;15;20;1;Offensive;Non-physical;Balanced;Balanced;Prefers Veterans;Very Conservative;Balanced;15;5;5;8;8;4;5;4;9;13;8;16;14;11;0;;19;20
1443;10;10;15;20;1;Offensive;Non-physical;Balanced;Balanced;Prefers Veterans;Innovative;Loyal;5;1;8;3;3;5;10;8;4;10;8;9;8;1;0;;19;15
1444;5;10;20;15;1;Offensive;Non-physical;Balanced;Conservative;Balanced;Balanced;Loyal;12;18;12;14;18;5;11;8;7;7;9;5;8;8;0;;9;11
1445;5;10;20;15;1;Standard;Balanced;Balanced;Balanced;Loves Veterans;Conservative;Balanced;6;14;12;5;14;15;10;10;9;1;1;3;16;4;0;;5;1
1446;5;10;20;15;1;Offensive;Non-physical;Balanced;Conservative;Prefers Veterans;Balanced;Loyal;10;7;5;18;6;11;7;6;13;11;4;13;6;5;0;;11;15
1447;5;10;20;15;1;Offensive;Non-physical;Passive;Conservative;Balanced;Innovative;Ruthless;14;11;19;10;9;10;3;10;5;4;7;14;18;15;0;;10;1
1448;5;10;20;15;1;Offensive;Non-physical;Balanced;Balanced;Balanced;Innovative;Ruthless;10;9;7;4;14;7;9;8;13;12;2;10;8;13;0;;6;1
1449;1;1;5;1;20;Offensive;Non-physical;Balanced;Balanced;Prefers Veterans;Balanced;Balanced;0;0;0;0;0;0;0;9;0;0;9;0;0;0;18;;0;0
1450;15;20;10;15;1;Very Defensive;Very Non-Physical;Balanced;Balanced;Balanced;Conservative;Very Loyal;1;4;6;8;10;5;5;7;7;4;3;3;12;2;0;;11;10
1451;10;15;20;15;1;Very Defensive;Very Non-Physical;Balanced;Balanced;Prefers Veterans;Balanced;Very Ruthless;4;8;11;12;3;9;15;1;15;11;9;13;11;5;0;;12;7
1452;10;10;15;20;1;Defensive;Very Non-Physical;Aggressive;Balanced;Balanced;Conservative;Ruthless;1;1;9;1;12;8;4;7;3;7;8;5;4;13;0;;12;15
1453;10;10;15;20;1;Very Defensive;Non-physical;Balanced;Balanced;Prefers Prospects;Balanced;Balanced;2;7;4;6;10;11;9;9;3;3;5;6;13;1;0;;14;16
1454;10;10;15;20;1;Very Defensive;Very Non-Physical;Balanced;Aggressive;Balanced;Innovative;Ruthless;9;3;3;11;7;2;13;5;6;7;3;16;9;5;0;;14;13
1455;10;10;15;20;1;Very Defensive;Very Non-Physical;Balanced;Balanced;Balanced;Innovative;Balanced;11;4;1;12;8;1;7;6;3;15;9;19;9;7;0;;13;10
1456;10;10;15;20;1;Defensive;Very Non-Physical;Balanced;Balanced;Balanced;Balanced;Ruthless;2;12;11;10;1;13;10;2;5;8;10;17;6;13;0;;11;11
1457;10;10;15;20;1;Defensive;Non-physical;Passive;Aggressive;Prefers Prospects;Conservative;Balanced;6;10;11;3;11;7;1;14;13;10;10;12;6;2;0;;13;17
1458;10;10;15;20;1;Very Defensive;Very Non-Physical;Balanced;Balanced;Balanced;Innovative;Loyal;7;2;4;12;11;13;9;6;12;16;9;15;4;4;0;;12;11
1459;5;10;20;15;1;Very Defensive;Very Non-Physical;Balanced;Balanced;Balanced;Innovative;Balanced;8;8;13;17;15;14;9;4;13;9;1;8;12;14;0;;1;1
1460;5;10;20;15;1;Defensive;Very Non-Physical;Balanced;Balanced;Prefers Veterans;Balanced;Balanced;7;8;14;11;7;7;5;8;10;3;2;15;9;15;0;;2;12
1461;5;10;20;15;1;Defensive;Very Non-Physical;Aggressive;Conservative;Prefers Prospects;Balanced;Balanced;9;13;11;14;6;13;5;8;8;3;5;4;19;8;0;;12;6
1462;5;10;20;15;1;Very Defensive;Very Non-Physical;Balanced;Balanced;Balanced;Innovative;Loyal;5;7;17;14;9;15;10;4;6;9;7;13;9;18;0;;10;9
1463;5;10;20;15;1;Very Defensive;Very Non-Physical;Aggressive;Balanced;Balanced;Balanced;Loyal;17;7;18;13;15;3;4;8;11;2;2;7;7;5;0;;8;4
1464;1;1;5;1;20;Defensive;Non-physical;Balanced;Conservative;Balanced;Balanced;Balanced;0;0;0;0;0;0;0;9;0;0;4;0;0;0;20;;0;0
1465;15;20;10;15;1;Defensive;Very Non-Physical;Balanced;Conservative;Prefers Veterans;Balanced;Balanced;2;4;12;10;12;12;3;7;9;1;7;11;9;9;0;;3;8
1466;10;15;20;15;1;Very Defensive;Non-physical;Balanced;Balanced;Prefers Prospects;Balanced;Loyal;10;12;4;3;3;11;7;6;13;7;6;12;16;13;0;;6;13
1467;10;10;15;20;1;Very Defensive;Very Non-Physical;Balanced;Aggressive;Prefers Veterans;Very Innovative;Balanced;8;10;12;8;3;12;4;6;4;5;5;8;5;3;0;;13;14
1468;10;10;15;20;1;Very Defensive;Very Non-Physical;Passive;Balanced;Balanced;Balanced;Balanced;13;7;5;7;8;2;4;4;9;14;2;13;10;2;0;;13;10
1469;10;10;15;20;1;Very Defensive;Very Non-Physical;Balanced;Conservative;Balanced;Balanced;Loyal;4;1;4;11;3;3;2;5;12;15;5;6;12;9;0;;18;13
1470;10;10;15;20;1;Very Defensive;Non-physical;Balanced;Conservative;Prefers Prospects;Innovative;Ruthless;11;1;9;11;9;9;13;10;13;11;2;11;8;6;0;;13;14
1471;10;10;15;20;1;Very Defensive;Non-physical;Balanced;Balanced;Balanced;Conservative;Balanced;12;11;5;10;2;1;12;5;5;14;6;7;13;9;0;;12;18
1472;10;10;15;20;1;Very Defensive;Very Non-Physical;Balanced;Balanced;Balanced;Balanced;Balanced;6;2;13;11;1;1;7;2;9;1;6;4;11;11;0;;13;18
1473;10;10;15;20;1;Very Defensive;Very Non-Physical;Balanced;Balanced;Prefers Veterans;Conservative;Balanced;4;11;6;9;3;4;6;4;12;4;3;4;8;10;0;;15;15
1474;5;10;20;15;1;Very Defensive;Non-physical;Balanced;Balanced;Loves Veterans;Balanced;Loyal;18;3;11;11;12;7;10;3;8;1;5;5;18;7;0;;1;9
1475;5;10;20;15;1;Very Defensive;Very Non-Physical;Balanced;Balanced;Prefers Veterans;Very Conservative;Ruthless;8;17;11;14;8;15;8;9;12;9;3;12;10;18;0;;5;2
1476;5;10;20;15;1;Defensive;Very Non-Physical;Balanced;Aggressive;Balanced;Balanced;Ruthless;7;7;14;13;4;10;16;5;5;1;7;4;19;7;0;;1;9
1477;5;10;20;15;1;Very Defensive;Very Non-Physical;Passive;Conservative;Prefers Veterans;Innovative;Balanced;9;15;17;18;14;13;5;2;4;2;8;11;7;14;0;;1;7
1478;5;10;20;15;1;Defensive;Very Non-Physical;Very Aggressive;Very Conservative;Loves Veterans;Innovative;Balanced;17;15;15;20;3;14;8;3;10;2;6;15;10;13;0;;1;5
1479;1;1;5;1;20;Defensive;Very Non-Physical;Aggressive;Balanced;Balanced;Balanced;Loyal;0;0;0;0;0;0;0;5;0;0;5;0;0;0;16;;0;0
1480;15;20;10;15;1;Very Defensive;Very Non-Physical;Balanced;Balanced;Loves Prospects;Conservative;Balanced;1;8;10;1;7;2;2;3;6;9;9;11;9;10;0;;11;12
1481;10;15;20;15;1;Very Defensive;Very Non-Physical;Balanced;Balanced;Prefers Prospects;Conservative;Balanced;13;11;6;14;4;11;7;9;4;4;6;13;12;14;0;;7;3
1482;10;10;15;20;1;Defensive;Very Non-Physical;Balanced;Balanced;Prefers Prospects;Balanced;Balanced;5;12;4;1;12;4;10;5;4;6;3;3;13;1;0;;20;11
1483;10;10;15;20;1;Defensive;Very Non-Physical;Balanced;Balanced;Prefers Veterans;Balanced;Balanced;11;11;13;2;4;12;2;2;7;10;4;8;5;11;0;;15;15
1484;10;10;15;20;1;Very Defensive;Very Non-Physical;Balanced;Balanced;Balanced;Conservative;Balanced;3;9;6;5;7;10;2;8;5;14;10;6;9;10;0;;13;14
1485;10;10;15;20;1;Defensive;Very Non-Physical;Balanced;Balanced;Balanced;Balanced;Loyal;11;2;11;6;8;1;1;5;7;4;4;12;14;3;0;;20;17
1486;10;10;15;20;1;Offensive;Very Non-Physical;Aggressive;Balanced;Balanced;Balanced;Balanced;2;5;10;6;9;2;12;7;6;13;8;17;10;4;0;;18;15
1487;10;10;15;20;1;Very Defensive;Very Non-Physical;Balanced;Balanced;Prefers Prospects;Balanced;Very Loyal;3;13;6;1;1;13;8;2;7;10;5;3;8;10;0;;15;17
1488;10;10;15;20;1;Very Defensive;Very Non-Physical;Passive;Aggressive;Balanced;Balanced;Balanced;2;9;8;13;9;6;2;3;15;2;7;20;5;7;0;;18;11
1489;5;10;20;15;1;Very Defensive;Non-physical;Balanced;Aggressive;Prefers Veterans;Balanced;Balanced;16;14;8;16;18;11;10;3;13;11;1;11;13;11;0;;1;9
1490;5;10;20;15;1;Defensive;Very Non-Physical;Aggressive;Very Conservative;Prefers Prospects;Innovative;Balanced;13;12;19;7;10;15;9;8;3;3;3;14;16;14;0;;12;10
1491;5;10;20;15;1;Very Defensive;Non-physical;Balanced;Conservative;Loves Veterans;Innovative;Balanced;3;12;13;16;9;7;5;9;10;0;6;8;20;12;0;;11;8
1492;5;10;20;15;1;Very Defensive;Very Non-Physical;Balanced;Aggressive;Balanced;Conservative;Balanced;7;7;14;13;17;11;12;4;4;2;7;4;6;7;0;;9;1
1493;5;10;20;15;1;Very Defensive;Non-physical;Very Aggressive;Aggressive;Prefers Prospects;Innovative;Balanced;15;10;10;4;6;4;5;10;12;8;3;13;16;5;0;;2;6
1494;1;1;5;1;20;Very Defensive;Very Non-Physical;Balanced;Balanced;Balanced;Balanced;Loyal;0;0;0;0;0;0;0;5;0;0;7;0;0;0;20;;0;0
1495;15;20;10;15;1;Defensive;Very Non-Physical;Very Passive;Conservative;Prefers Veterans;Balanced;Ruthless;2;3;8;2;4;5;12;5;15;3;9;7;7;7;0;;8;13
1496;10;15;20;15;1;Very Defensive;Very Non-Physical;Passive;Conservative;Balanced;Innovative;Balanced;9;7;6;8;6;3;12;2;8;7;3;12;17;3;0;;12;13
1497;10;10;15;20;1;Very Defensive;Non-physical;Balanced;Balanced;Balanced;Balanced;Loyal;10;4;1;7;4;3;3;7;9;8;7;14;6;2;0;;17;17
1498;10;10;15;20;1;Very Defensive;Very Non-Physical;Balanced;Balanced;Balanced;Balanced;Loyal;13;4;4;8;8;1;8;7;4;4;1;3;7;9;0;;16;11
1499;10;10;15;20;1;Defensive;Very Non-Physical;Balanced;Balanced;Balanced;Balanced;Ruthless;12;13;9;11;3;13;1;9;13;11;7;8;7;13;0;;17;12
1500;10;10;15;20;1;Very Defensive;Very Non-Physical;Aggressive;Balanced;Balanced;Balanced;Very Ruthless;6;11;5;10;3;12;13;5;14;4;5;14;12;10;0;;12;16
1501;10;10;15;20;1;Very Defensive;Very Non-Physical;Balanced;Balanced;Balanced;Balanced;Balanced;12;11;12;6;1;3;5;9;4;0;9;7;14;5;0;;18;19
1502;10;10;15;20;1;Defensive;Non-physical;Aggressive;Very Aggressive;Balanced;Balanced;Balanced;13;4;2;4;3;1;11;2;7;17;5;10;13;2;0;;15;12
1503;10;10;15;20;1;Very Defensive;Very Non-Physical;Balanced;Balanced;Prefers Prospects;Conservative;Balanced;4;3;6;7;3;13;10;10;7;6;6;4;8;12;0;;10;12
1504;5;10;20;15;1;Very Defensive;Very Non-Physical;Balanced;Aggressive;Balanced;Very Conservative;Balanced;14;14;18;5;7;10;15;8;8;1;9;11;20;15;0;;9;3
1505;5;10;20;15;1;Defensive;Very Non-Physical;Balanced;Aggressive;Prefers Veterans;Conservative;Balanced;15;6;10;9;8;7;13;5;9;3;1;13;15;9;0;;4;7
1506;5;10;20;15;1;Defensive;Very Non-Physical;Balanced;Aggressive;Prefers Veterans;Balanced;Loyal;4;5;11;9;12;5;15;2;9;7;3;6;6;13;0;;12;10
1507;5;10;20;15;1;Defensive;Very Non-Physical;Very Passive;Aggressive;Prefers Veterans;Balanced;Ruthless;7;12;4;7;7;10;7;4;7;8;4;7;13;8;0;;9;3
1508;5;10;20;15;1;Very Defensive;Non-physical;Balanced;Very Conservative;Prefers Veterans;Conservative;Loyal;15;8;6;13;5;5;14;7;13;7;4;9;13;7;0;;6;8
1509;1;1;5;1;20;Very Defensive;Very Non-Physical;Very Aggressive;Balanced;Prefers Veterans;Balanced;Balanced;0;0;0;0;0;0;0;6;0;0;4;0;0;0;16;;0;0
1510;15;20;10;15;1;Very Defensive;Very Non-Physical;Aggressive;Balanced;Prefers Veterans;Balanced;Balanced;5;12;7;9;4;7;7;6;10;12;1;10;13;4;0;;11;7
1511;10;15;20;15;1;Very Defensive;Very Non-Physical;Passive;Conservative;Balanced;Balanced;Ruthless;3;6;9;5;12;15;3;3;3;2;8;4;16;3;0;;13;4
1512;10;10;15;20;1;Very Defensive;Very Non-Physical;Balanced;Balanced;Balanced;Balanced;Balanced;10;6;3;11;2;4;11;9;13;7;6;17;6;6;0;;12;15
1513;10;10;15;20;1;Defensive;Very Non-Physical;Balanced;Balanced;Balanced;Innovative;Balanced;2;7;10;7;10;11;6;7;8;15;7;7;11;11;0;;19;10
1514;10;10;15;20;1;Very Defensive;Non-physical;Balanced;Aggressive;Balanced;Balanced;Balanced;4;5;9;2;12;2;10;3;5;3;7;19;7;13;0;;17;12
1515;10;10;15;20;1;Very Defensive;Very Non-Physical;Balanced;Conservative;Balanced;Balanced;Balanced;3;4;13;3;4;6;7;9;9;4;6;8;14;5;0;;17;12
1516;10;10;15;20;1;Defensive;Very Non-Physical;Balanced;Very Aggressive;Prefers Veterans;Innovative;Ruthless;8;13;12;6;10;1;11;10;14;16;7;12;16;1;0;;16;12
1517;10;10;15;20;1;Very Defensive;Very Non-Physical;Aggressive;Conservative;Prefers Veterans;Innovative;Balanced;5;10;2;8;5;5;4;4;8;6;13;8;4;4;0;;18;11
1518;10;10;15;20;1;Very Defensive;Non-physical;Passive;Aggressive;Prefers Veterans;Conservative;Balanced;13;8;13;9;9;13;6;13;9;11;10;4;10;8;0;;16;10
1519;5;10;20;15;1;Very Defensive;Non-physical;Balanced;Conservative;Balanced;Conservative;Balanced;5;12;11;14;14;9;6;9;15;9;8;5;20;8;0;;12;8
1520;5;10;20;15;1;Very Defensive;Very Non-Physical;Passive;Balanced;Prefers Prospects;Innovative;Ruthless;3;4;15;6;11;9;4;2;12;1;6;4;20;5;0;;5;13
1521;5;10;20;15;1;Very Defensive;Non-physical;Aggressive;Aggressive;Prefers Prospects;Innovative;Ruthless;10;15;9;10;9;7;7;3;5;5;2;13;6;9;0;;9;4
1522;5;10;20;15;1;Very Defensive;Very Non-Physical;Aggressive;Balanced;Balanced;Balanced;Loyal;7;18;13;7;5;8;13;7;14;7;5;13;13;4;0;;10;12
1523;5;10;20;15;1;Very Defensive;Non-physical;Balanced;Aggressive;Balanced;Balanced;Balanced;14;15;7;6;6;11;14;8;9;2;5;4;20;4;0;;13;9
1524;1;1;5;1;20;Very Defensive;Non-physical;Balanced;Balanced;Prefers Prospects;Balanced;Ruthless;0;0;0;0;0;0;0;1;0;0;1;0;0;0;15;;0;0
1525;15;20;10;15;1;Offensive;Non-physical;Passive;Balanced;Balanced;Balanced;Balanced;1;3;12;8;10;12;12;7;7;5;6;11;8;10;0;;11;12
1526;10;15;20;15;1;Offensive;Very Non-Physical;Balanced;Balanced;Balanced;Innovative;Balanced;5;6;9;7;8;7;13;3;3;8;1;11;17;9;0;;2;6
1527;10;10;15;20;1;Very Offensive;Balanced;Balanced;Balanced;Prefers Veterans;Innovative;Loyal;11;9;13;7;1;2;6;6;5;6;5;10;16;2;0;;15;15
1528;10;10;15;20;1;Standard;Balanced;Balanced;Conservative;Loves Veterans;Balanced;Loyal;13;5;1;13;12;5;5;10;7;2;10;18;4;9;0;;10;14
1529;10;10;15;20;1;Offensive;Non-physical;Passive;Conservative;Prefers Prospects;Balanced;Loyal;5;11;8;7;2;1;10;3;15;3;6;8;4;1;0;;13;15
1530;10;10;15;20;1;Very Offensive;Non-physical;Balanced;Very Aggressive;Balanced;Innovative;Ruthless;8;5;11;2;6;12;10;9;9;15;7;14;15;12;0;;11;11
1531;10;10;15;20;1;Standard;Non-physical;Aggressive;Balanced;Balanced;Innovative;Ruthless;4;11;5;11;13;11;3;10;6;15;2;7;8;9;0;;12;14
1532;10;10;15;20;1;Offensive;Non-physical;Very Passive;Balanced;Balanced;Very Innovative;Balanced;3;2;7;11;5;6;13;9;12;6;4;8;8;9;0;;16;13
1533;10;10;15;20;1;Offensive;Balanced;Balanced;Balanced;Prefers Veterans;Balanced;Loyal;6;9;1;10;1;5;1;11;12;5;6;16;14;11;0;;13;14
1534;5;10;20;15;1;Offensive;Non-physical;Aggressive;Balanced;Prefers Prospects;Conservative;Balanced;6;8;16;14;16;16;7;7;9;5;9;8;12;12;0;;8;4
1535;5;10;20;15;1;Offensive;Non-physical;Passive;Balanced;Prefers Prospects;Very Conservative;Balanced;5;8;5;9;16;10;8;6;14;3;4;3;8;9;0;;6;12
1536;5;10;20;15;1;Offensive;Non-physical;Balanced;Very Conservative;Balanced;Balanced;Loyal;8;9;18;7;9;5;10;7;15;3;6;14;14;5;0;;13;9
1537;5;10;20;15;1;Offensive;Non-physical;Passive;Conservative;Balanced;Balanced;Very Ruthless;11;10;4;16;7;4;8;3;4;8;7;10;8;5;0;;1;7
1538;5;10;20;15;1;Offensive;Very Non-Physical;Aggressive;Balanced;Loves Veterans;Balanced;Loyal;5;14;14;10;14;9;10;4;11;8;5;11;8;5;0;;6;1
1539;1;1;5;1;20;Offensive;Non-physical;Balanced;Conservative;Prefers Veterans;Balanced;Balanced;0;0;0;0;0;0;0;7;0;0;7;0;0;0;20;;0;0
1540;15;20;10;15;1;Offensive;Balanced;Passive;Balanced;Prefers Veterans;Balanced;Loyal;1;9;10;12;5;4;4;6;9;12;5;8;5;13;0;;13;7
1541;10;15;20;15;1;Standard;Non-physical;Balanced;Balanced;Balanced;Balanced;Balanced;14;15;4;12;4;8;15;4;13;3;8;14;14;4;0;;10;2
1542;10;10;15;20;1;Offensive;Non-physical;Very Aggressive;Balanced;Balanced;Balanced;Balanced;1;3;8;8;5;8;3;3;4;8;9;14;4;12;0;;17;11
1543;10;10;15;20;1;Standard;Non-physical;Aggressive;Conservative;Balanced;Balanced;Balanced;10;5;10;8;4;11;6;3;4;13;1;14;6;13;0;;10;19
1544;10;10;15;20;1;Offensive;Balanced;Balanced;Conservative;Prefers Veterans;Balanced;Balanced;6;5;3;2;8;5;5;8;14;14;10;17;9;13;0;;10;11
1545;10;10;15;20;1;Standard;Balanced;Balanced;Very Conservative;Prefers Veterans;Innovative;Ruthless;12;13;5;4;13;1;2;3;14;11;3;7;8;3;0;;15;18
1546;10;10;15;20;1;Standard;Non-physical;Passive;Conservative;Loves Prospects;Balanced;Balanced;9;5;9;9;12;11;2;8;7;9;10;11;8;1;0;;15;14
1547;10;10;15;20;1;Standard;Very Non-Physical;Passive;Conservative;Balanced;Innovative;Very Ruthless;2;4;10;7;4;1;2;3;6;11;2;8;7;12;0;;15;13
1548;10;10;15;20;1;Offensive;Balanced;Balanced;Balanced;Prefers Veterans;Balanced;Balanced;6;8;1;1;4;1;13;5;11;5;3;8;6;8;0;;12;14
1549;5;10;20;15;1;Standard;Non-physical;Passive;Balanced;Loves Veterans;Balanced;Ruthless;15;18;17;13;8;7;6;6;12;9;7;14;17;5;0;;8;2
1550;5;10;20;15;1;Offensive;Non-physical;Passive;Balanced;Prefers Prospects;Innovative;Ruthless;7;7;4;9;17;6;15;9;3;6;3;3;12;15;0;;8;4
1551;5;10;20;15;1;Offensive;Balanced;Passive;Conservative;Balanced;Balanced;Ruthless;11;11;11;8;8;15;13;6;14;3;8;3;9;18;0;;11;11
1552;5;10;20;15;1;Offensive;Non-physical;Balanced;Balanced;Prefers Prospects;Very Conservative;Ruthless;13;3;10;14;9;15;14;3;15;9;8;12;20;3;0;;1;5
1553;5;10;20;15;1;Offensive;Non-physical;Aggressive;Balanced;Loves Veterans;Innovative;Loyal;14;14;14;6;5;7;16;3;12;7;3;15;14;10;0;;5;4
1554;1;1;5;1;20;Offensive;Very Non-Physical;Balanced;Balanced;Balanced;Conservative;Loyal;0;0;0;0;0;0;0;5;0;0;9;0;0;0;20;;0;0
1555;15;20;10;15;1;Standard;Very Non-Physical;Balanced;Balanced;Loves Prospects;Balanced;Loyal;13;5;9;11;11;9;7;9;8;2;7;10;9;5;0;;10;9
1556;10;15;20;15;1;Very Offensive;Non-physical;Aggressive;Aggressive;Balanced;Conservative;Loyal;11;14;3;3;13;6;8;7;5;0;7;6;7;12;0;;10;10
1557;10;10;15;20;1;Offensive;Very Non-Physical;Balanced;Conservative;Prefers Prospects;Balanced;Balanced;5;3;10;5;10;11;7;2;8;7;8;13;6;4;0;;16;14
1558;10;10;15;20;1;Offensive;Very Non-Physical;Balanced;Balanced;Prefers Veterans;Innovative;Balanced;11;12;7;6;11;3;9;9;12;2;6;4;9;10;0;;19;14
1559;10;10;15;20;1;Offensive;Very Non-Physical;Very Passive;Very Conservative;Balanced;Conservative;Balanced;7;7;10;1;11;12;13;6;4;6;4;16;11;13;0;;15;10
1560;10;10;15;20;1;Offensive;Non-physical;Aggressive;Balanced;Balanced;Balanced;Balanced;11;7;4;8;6;10;11;10;15;8;8;5;12;4;0;;11;13
1561;10;10;15;20;1;Standard;Very Non-Physical;Balanced;Balanced;Balanced;Very Innovative;Balanced;7;3;6;10;10;12;9;1;10;4;9;20;6;8;0;;13;10
1562;10;10;15;20;1;Standard;Very Non-Physical;Aggressive;Balanced;Balanced;Conservative;Ruthless;10;12;13;10;11;7;6;9;4;12;6;8;15;5;0;;10;15
1563;10;10;15;20;1;Offensive;Non-physical;Balanced;Balanced;Balanced;Very Innovative;Loyal;1;3;7;9;12;1;13;6;4;8;2;12;15;3;0;;20;18
1564;5;10;20;15;1;Offensive;Very Non-Physical;Passive;Aggressive;Balanced;Balanced;Loyal;11;12;4;13;8;9;10;7;11;10;2;13;15;3;0;;12;1
1565;5;10;20;15;1;Offensive;Non-physical;Balanced;Conservative;Loves Veterans;Conservative;Very Ruthless;12;11;9;11;10;8;16;10;3;10;7;7;18;7;0;;8;7
1566;5;10;20;15;1;Offensive;Non-physical;Very Aggressive;Balanced;Balanced;Balanced;Very Loyal;8;9;16;4;5;14;6;6;9;1;2;4;13;12;0;;13;1
1567;5;10;20;15;1;Offensive;Very Non-Physical;Balanced;Conservative;Balanced;Balanced;Balanced;4;14;6;6;11;3;11;10;8;2;7;6;9;5;0;;13;8
1568;5;10;20;15;1;Offensive;Non-physical;Aggressive;Very Aggressive;Balanced;Balanced;Loyal;14;12;9;10;17;11;7;3;7;8;2;9;20;8;0;;10;6
1569;1;1;5;1;20;Offensive;Very Non-Physical;Balanced;Conservative;Balanced;Conservative;Balanced;0;0;0;0;0;0;0;8;0;0;7;0;0;0;15;;0;0
1570;15;20;10;15;1;Offensive;Very Non-Physical;Balanced;Balanced;Balanced;Conservative;Ruthless;11;5;7;4;1;13;7;5;15;4;1;15;9;3;0;;8;2
1571;10;15;20;15;1;Offensive;Balanced;Balanced;Aggressive;Prefers Veterans;Balanced;Balanced;8;14;5;6;13;6;8;1;14;0;9;13;8;14;0;;3;11
1572;10;10;15;20;1;Offensive;Non-physical;Balanced;Conservative;Prefers Veterans;Innovative;Balanced;14;14;10;9;13;7;4;8;16;8;4;12;11;2;0;;16;17
1573;10;10;15;20;1;Standard;Very Non-Physical;Balanced;Very Aggressive;Balanced;Balanced;Ruthless;13;5;13;7;10;7;10;9;9;4;8;13;7;1;0;;11;13
1574;10;10;15;20;1;Offensive;Non-physical;Passive;Balanced;Balanced;Balanced;Balanced;5;2;4;14;6;3;5;5;7;8;7;15;10;15;0;;15;17
1575;10;10;15;20;1;Offensive;Balanced;Balanced;Balanced;Balanced;Conservative;Balanced;10;13;9;13;8;14;14;4;6;4;6;5;10;4;0;;20;11
1576;10;10;15;20;1;Standard;Non-physical;Balanced;Balanced;Loves Veterans;Very Innovative;Balanced;11;2;6;6;11;3;11;9;7;9;10;8;10;7;0;;12;12
1577;10;10;15;20;1;Offensive;Very Non-Physical;Aggressive;Balanced;Balanced;Conservative;Balanced;5;9;12;15;2;2;13;8;11;7;5;17;7;4;0;;19;19
1578;10;10;15;20;1;Very Offensive;Balanced;Balanced;Aggressive;Balanced;Conservative;Very Loyal;2;12;13;15;12;5;7;9;14;9;7;10;15;10;0;;13;19
1579;5;10;20;15;1;Standard;Balanced;Balanced;Conservative;Prefers Prospects;Balanced;Balanced;9;17;12;17;7;6;13;5;8;7;9;16;20;8;0;;5;5
1580;5;10;20;15;1;Offensive;Non-physical;Passive;Conservative;Balanced;Innovative;Balanced;5;8;4;17;8;12;12;2;13;10;8;3;19;11;0;;9;7
1581;5;10;20;15;1;Offensive;Balanced;Very Aggressive;Balanced;Loves Veterans;Innovative;Balanced;9;17;12;16;7;16;8;10;11;10;6;8;13;10;0;;3;10
1582;5;10;20;15;1;Offensive;Non-physical;Balanced;Balanced;Prefers Prospects;Innovative;Very Ruthless;7;9;5;11;5;9;11;8;9;3;8;10;15;15;0;;1;13
1583;5;10;20;15;1;Offensive;Balanced;Balanced;Aggressive;Prefers Veterans;Balanced;Very Ruthless;14;17;12;7;7;16;11;5;4;3;9;11;11;14;0;;11;7
1584;1;1;5;1;20;Offensive;Balanced;Passive;Balanced;Balanced;Very Innovative;Ruthless;0;0;0;0;0;0;0;7;0;0;8;0;0;0;15;;0;0
1585;15;20;10;15;1;Offensive;Non-physical;Aggressive;Balanced;Prefers Prospects;Conservative;Balanced;11;9;8;1;10;8;13;1;15;2;9;3;12;5;0;;11;4
1586;10;15;20;15;1;Offensive;Non-physical;Passive;Conservative;Balanced;Conservative;Ruthless;5;5;7;7;14;15;5;6;16;6;7;4;18;3;0;;9;11
1587;10;10;15;20;1;Offensive;Balanced;Aggressive;Balanced;Prefers Prospects;Innovative;Very Loyal;7;15;5;6;1;13;8;2;8;1;9;6;4;2;0;;20;13
1588;10;10;15;20;1;Offensive;Non-physical;Balanced;Balanced;Balanced;Balanced;Balanced;11;8;1;10;1;9;1;8;7;16;5;7;14;1;0;;12;13
1589;10;10;15;20;1;Offensive;Non-physical;Balanced;Conservative;Balanced;Balanced;Balanced;4;3;6;5;10;2;14;9;11;7;12;5;4;6;0;;11;11
1590;10;10;15;20;1;Offensive;Balanced;Balanced;Balanced;Balanced;Very Conservative;Balanced;4;10;3;12;6;9;14;9;12;12;1;7;7;7;0;;13;12
1591;10;10;15;20;1;Offensive;Balanced;Passive;Balanced;Balanced;Balanced;Balanced;5;4;10;8;5;3;6;2;3;3;10;12;10;13;0;;18;14
1592;10;10;15;20;1;Offensive;Non-physical;Very Passive;Conservative;Balanced;Conservative;Ruthless;6;5;5;11;9;10;10;9;13;1;4;18;4;3;0;;14;10
1593;10;10;15;20;1;Offensive;Balanced;Aggressive;Balanced;Loves Veterans;Balanced;Ruthless;5;13;7;4;13;11;3;5;12;10;10;20;18;4;0;;11;13
1594;5;10;20;15;1;Offensive;Non-physical;Balanced;Conservative;Balanced;Balanced;Very Loyal;15;13;13;18;13;17;15;4;9;0;9;10;8;4;0;;8;11
1595;5;10;20;15;1;Offensive;Balanced;Passive;Balanced;Balanced;Balanced;Loyal;6;10;15;9;5;13;5;7;14;8;8;10;14;15;0;;7;9
1596;5;10;20;15;1;Standard;Non-physical;Balanced;Balanced;Balanced;Balanced;Ruthless;9;15;7;10;6;11;13;3;9;1;3;5;12;12;0;;13;2
1597;5;10;20;15;1;Standard;Non-physical;Balanced;Very Conservative;Balanced;Conservative;Balanced;17;4;13;4;8;11;20;3;3;5;3;6;6;6;0;;15;13
1598;5;10;20;15;1;Offensive;Balanced;Aggressive;Aggressive;Loves Prospects;Balanced;Ruthless;19;10;14;16;8;17;12;1;5;1;4;5;20;9;0;;8;11
1599;1;1;5;1;20;Offensive;Non-physical;Very Passive;Balanced;Prefers Prospects;Innovative;Loyal;0;0;0;0;0;0;0;4;0;0;2;0;0;0;16;;0;0
1600;15;20;10;15;1;Offensive;Non-physical;Passive;Conservative;Balanced;Innovative;Balanced;3;13;11;2;15;15;3;6;11;3;4;16;13;10;0;;3;1
1601;10;15;20;15;1;Offensive;Very Non-Physical;Passive;Conservative;Loves Veterans;Very Conservative;Balanced;17;17;17;14;10;5;10;4;13;14;6;17;8;12;0;;2;11
1602;10;10;15;20;1;Offensive;Non-physical;Balanced;Balanced;Balanced;Balanced;Ruthless;3;12;5;8;5;8;13;9;4;15;5;10;13;12;0;;18;10
1603;10;10;15;20;1;Offensive;Non-physical;Passive;Conservative;Balanced;Balanced;Loyal;13;11;4;6;6;13;3;5;8;8;2;19;7;7;0;;12;15
1604;10;10;15;20;1;Standard;Non-physical;Balanced;Aggressive;Balanced;Balanced;Balanced;1;4;12;5;10;14;5;3;3;12;10;19;11;2;0;;14;11
1605;10;10;15;20;1;Standard;Very Non-Physical;Aggressive;Balanced;Prefers Veterans;Conservative;Balanced;10;3;11;4;6;3;9;11;8;8;6;14;13;9;0;;14;13
1606;10;10;15;20;1;Offensive;Non-physical;Aggressive;Balanced;Balanced;Balanced;Balanced;14;9;12;12;3;4;2;4;11;18;4;9;8;2;0;;10;16
1607;10;10;15;20;1;Offensive;Non-physical;Balanced;Conservative;Balanced;Very Innovative;Loyal;1;9;4;2;1;10;13;10;3;5;9;11;13;14;0;;15;18
1608;10;10;15;20;1;Standard;Non-physical;Aggressive;Very Aggressive;Prefers Veterans;Innovative;Ruthless;8;12;13;4;13;13;6;4;15;4;9;15;6;1;0;;10;18
1609;5;10;20;15;1;Offensive;Non-physical;Very Passive;Balanced;Loves Veterans;Innovative;Very Loyal;5;14;16;5;16;10;14;4;12;10;9;9;12;12;0;;10;2
1610;5;10;20;15;1;Offensive;Non-physical;Balanced;Balanced;Balanced;Balanced;Ruthless;3;4;9;13;19;13;12;9;8;9;4;10;9;7;0;;2;5
1611;5;10;20;15;1;Offensive;Non-physical;Balanced;Conservative;Loves Veterans;Balanced;Balanced;15;16;8;11;17;12;10;6;4;7;1;4;16;7;0;;7;1
1612;5;10;20;15;1;Very Offensive;Non-physical;Passive;Balanced;Balanced;Balanced;Balanced;7;9;12;19;19;12;14;4;12;3;6;7;12;4;0;;6;2
1613;5;10;20;15;1;Standard;Non-physical;Balanced;Conservative;Prefers Veterans;Balanced;Balanced;5;6;6;3;10;4;16;6;6;1;2;6;20;14;0;;13;13
1614;1;1;5;1;20;Offensive;Non-physical;Balanced;Very Conservative;Loves Prospects;Innovative;Balanced;0;0;0;0;0;0;0;7;0;0;7;0;0;0;17;;0;0
1615;15;20;10;15;1;Very Offensive;Non-physical;Balanced;Aggressive;Prefers Prospects;Balanced;Balanced;10;11;11;4;1;5;14;8;17;1;8;4;9;5;0;;1;15
1616;10;15;20;15;1;Offensive;Non-physical;Very Passive;Aggressive;Balanced;Conservative;Balanced;9;6;5;12;13;12;15;9;12;1;1;8;10;10;0;;10;11
1617;10;10;15;20;1;Standard;Non-physical;Very Passive;Conservative;Loves Prospects;Balanced;Ruthless;14;6;13;1;13;14;1;9;13;7;5;20;14;5;0;;14;11
1618;10;10;15;20;1;Standard;Non-physical;Balanced;Aggressive;Balanced;Conservative;Loyal;15;3;8;7;1;6;12;9;5;3;8;11;14;13;0;;18;12
1619;10;10;15;20;1;Standard;Balanced;Balanced;Conservative;Prefers Prospects;Very Conservative;Balanced;4;8;4;3;10;8;2;7;8;4;4;5;13;9;0;;14;13
1620;10;10;15;20;1;Offensive;Non-physical;Aggressive;Balanced;Prefers Veterans;Balanced;Ruthless;14;8;4;14;11;5;4;5;3;11;7;20;18;10;0;;10;13
1621;10;10;15;20;1;Standard;Non-physical;Balanced;Conservative;Balanced;Balanced;Balanced;11;4;1;5;7;10;9;12;7;5;8;10;18;13;0;;19;12
1622;10;10;15;20;1;Offensive;Very Non-Physical;Aggressive;Balanced;Loves Veterans;Balanced;Loyal;9;8;1;10;1;4;9;5;4;10;3;17;13;10;0;;18;17
1623;10;10;15;20;1;Standard;Balanced;Passive;Very Conservative;Balanced;Balanced;Loyal;10;8;1;4;2;13;4;8;6;7;9;20;8;3;0;;11;19
1624;5;10;20;15;1;Offensive;Non-physical;Balanced;Balanced;Prefers Prospects;Balanced;Balanced;3;14;5;9;11;15;16;6;5;7;9;4;13;8;0;;1;11
1625;5;10;20;15;1;Very Offensive;Non-physical;Passive;Balanced;Balanced;Conservative;Very Ruthless;16;11;7;3;13;13;11;5;13;3;2;7;15;9;0;;6;10
1626;5;10;20;15;1;Offensive;Non-physical;Balanced;Conservative;Prefers Prospects;Conservative;Ruthless;8;13;5;4;13;18;17;9;4;3;7;7;13;8;0;;8;14
1627;5;10;20;15;1;Offensive;Balanced;Aggressive;Balanced;Loves Veterans;Balanced;Balanced;13;7;4;7;10;12;8;5;10;1;1;10;18;10;0;;2;1
1628;5;10;20;15;1;Offensive;Non-physical;Balanced;Aggressive;Balanced;Conservative;Ruthless;14;8;15;14;11;8;18;1;8;9;1;11;10;13;0;;2;5
1629;1;1;5;1;20;Offensive;Non-physical;Passive;Balanced;Prefers Prospects;Balanced;Balanced;0;0;0;0;0;0;0;4;0;0;9;0;0;0;20;;0;0
1630;15;20;10;15;1;Standard;Balanced;Very Aggressive;Conservative;Prefers Veterans;Balanced;Ruthless;12;4;14;7;4;13;10;8;17;1;8;11;4;14;0;;7;9
1631;10;15;20;15;1;Standard;Balanced;Aggressive;Balanced;Balanced;Balanced;Balanced;11;10;4;6;9;4;15;4;15;5;5;11;7;14;0;;11;3
1632;10;10;15;20;1;Offensive;Non-physical;Balanced;Balanced;Balanced;Conservative;Balanced;14;13;7;15;15;5;2;8;12;3;10;18;14;3;0;;20;11
1633;10;10;15;20;1;Offensive;Very Non-Physical;Passive;Very Conservative;Balanced;Very Innovative;Ruthless;6;2;10;14;6;8;7;9;17;6;9;14;18;7;0;;17;12
1634;10;10;15;20;1;Offensive;Non-physical;Passive;Conservative;Prefers Prospects;Conservative;Loyal;7;8;3;2;12;13;3;3;6;19;3;3;14;11;0;;12;11
1635;10;10;15;20;1;Standard;Balanced;Passive;Balanced;Prefers Prospects;Balanced;Loyal;3;4;14;15;14;6;15;8;4;7;5;17;10;15;0;;20;10
1636;10;10;15;20;1;Offensive;Balanced;Passive;Balanced;Prefers Veterans;Balanced;Balanced;15;14;7;8;14;10;1;3;6;2;9;20;7;12;0;;12;10
1637;10;10;15;20;1;Offensive;Balanced;Aggressive;Balanced;Prefers Veterans;Balanced;Balanced;8;3;2;10;1;4;11;4;17;16;9;5;15;8;0;;17;11
1638;10;10;15;20;1;Offensive;Non-physical;Balanced;Conservative;Balanced;Balanced;Balanced;1;8;12;6;11;2;1;6;14;10;11;8;10;7;0;;20;12
1639;5;10;20;15;1;Standard;Balanced;Aggressive;Balanced;Loves Prospects;Balanced;Loyal;5;11;11;14;14;3;15;10;9;7;3;9;12;13;0;;9;7
1640;5;10;20;15;1;Very Offensive;Balanced;Aggressive;Very Aggressive;Loves Prospects;Balanced;Ruthless;12;4;10;7;16;10;18;6;7;0;1;11;14;6;0;;15;8
1641;5;10;20;15;1;Offensive;Balanced;Balanced;Aggressive;Balanced;Innovative;Very Loyal;7;3;6;10;5;10;15;3;14;10;2;14;11;6;0;;3;9
1642;5;10;20;15;1;Offensive;Balanced;Passive;Aggressive;Prefers Prospects;Conservative;Balanced;3;5;17;14;13;7;4;6;8;1;2;15;13;16;0;;2;3
1643;5;10;20;15;1;Offensive;Non-physical;Balanced;Very Aggressive;Prefers Veterans;Conservative;Loyal;12;8;3;17;6;9;6;7;6;12;6;5;13;13;0;;11;4
1644;1;1;5;1;20;Offensive;Balanced;Aggressive;Balanced;Prefers Veterans;Balanced;Balanced;0;0;0;0;0;0;0;4;0;0;9;0;0;0;15;;0;0
1645;15;20;10;15;1;Standard;Non-physical;Balanced;Conservative;Balanced;Balanced;Loyal;8;4;4;8;8;7;10;9;12;12;5;16;8;5;0;;7;4
1646;10;15;20;15;1;Standard;Non-physical;Passive;Balanced;Balanced;Balanced;Balanced;10;10;13;13;12;14;4;8;13;3;8;9;12;13;0;;2;3
1647;10;10;15;20;1;Offensive;Non-physical;Passive;Balanced;Prefers Veterans;Balanced;Ruthless;14;12;14;13;11;4;5;9;11;14;6;12;13;6;0;;18;20
1648;10;10;15;20;1;Offensive;Balanced;Balanced;Balanced;Prefers Veterans;Conservative;Ruthless;12;3;6;6;8;7;1;10;7;10;9;19;7;1;0;;11;16
1649;10;10;15;20;1;Offensive;Non-physical;Balanced;Conservative;Loves Veterans;Conservative;Balanced;4;10;8;15;7;15;3;4;14;7;10;10;15;13;0;;15;13
1650;10;10;15;20;1;Offensive;Non-physical;Balanced;Conservative;Loves Prospects;Balanced;Loyal;3;2;8;7;2;11;12;3;3;8;7;7;6;10;0;;15;16
1651;10;10;15;20;1;Standard;Balanced;Balanced;Balanced;Prefers Prospects;Conservative;Ruthless;14;15;4;5;5;15;3;6;11;8;9;5;17;12;0;;12;13
1652;10;10;15;20;1;Offensive;Non-physical;Aggressive;Balanced;Balanced;Conservative;Ruthless;12;13;10;1;7;13;9;2;4;2;3;16;13;1;0;;17;13
1653;10;10;15;20;1;Standard;Non-physical;Balanced;Conservative;Balanced;Balanced;Balanced;2;10;5;7;5;7;2;9;15;15;2;14;11;12;0;;20;10
1654;5;10;20;15;1;Offensive;Balanced;Very Aggressive;Balanced;Prefers Veterans;Balanced;Balanced;15;5;13;14;13;6;14;6;14;9;4;4;7;11;0;;12;13
1655;5;10;20;15;1;Offensive;Non-physical;Balanced;Aggressive;Balanced;Balanced;Very Loyal;17;11;5;17;5;9;11;7;5;6;2;9;8;12;0;;11;13
1656;5;10;20;15;1;Offensive;Balanced;Balanced;Balanced;Balanced;Conservative;Loyal;6;9;6;9;15;10;13;6;8;6;4;9;11;14;0;;7;14
1657;5;10;20;15;1;Offensive;Non-physical;Balanced;Aggressive;Balanced;Very Innovative;Balanced;12;7;7;14;6;10;7;4;8;9;2;3;17;9;0;;8;13
1658;5;10;20;15;1;Offensive;Balanced;Balanced;Aggressive;Balanced;Conservative;Loyal;14;3;4;16;6;12;7;6;12;1;8;6;14;8;0;;12;1
1659;1;1;5;1;20;Offensive;Non-physical;Balanced;Balanced;Balanced;Innovative;Balanced;0;0;0;0;0;0;0;9;0;0;6;0;0;0;17;;0;0
1660;10;10;15;20;1;Offensive;Very Non-Physical;Balanced;Aggressive;Loves Prospects;Balanced;Balanced;8;10;12;8;8;8;10;3;10;8;7;5;15;10;0;;16;12
1661;10;10;15;20;1;Defensive;Very Non-Physical;Balanced;Balanced;Prefers Prospects;Conservative;Very Loyal;7;11;4;7;12;4;7;2;8;10;2;18;8;5;0;;11;15
1662;10;10;15;20;1;Standard;Very Non-Physical;Aggressive;Conservative;Balanced;Innovative;Balanced;11;9;13;1;7;1;12;7;8;7;11;16;5;5;0;;11;19
1663;10;10;15;20;1;Offensive;Non-physical;Aggressive;Conservative;Balanced;Very Conservative;Balanced;13;4;11;2;3;12;2;5;8;9;3;17;13;4;0;;16;11
1664;10;10;15;20;1;Offensive;Very Non-Physical;Balanced;Aggressive;Prefers Veterans;Conservative;Balanced;6;7;12;12;2;9;6;10;10;10;10;10;14;12;0;;17;12
1665;10;10;15;20;1;Offensive;Non-physical;Balanced;Aggressive;Balanced;Balanced;Very Loyal;7;6;5;3;10;12;13;8;13;7;5;11;16;8;0;;16;12
1666;10;10;15;20;1;Standard;Non-physical;Aggressive;Balanced;Loves Veterans;Conservative;Balanced;13;3;9;5;7;4;12;6;7;11;7;10;4;7;0;;10;13
1667;5;10;20;15;1;Offensive;Very Non-Physical;Aggressive;Aggressive;Prefers Veterans;Balanced;Loyal;11;14;13;7;18;14;15;8;14;6;4;7;17;9;0;;2;12
1668;5;10;20;15;1;Offensive;Very Non-Physical;Balanced;Balanced;Prefers Veterans;Balanced;Very Ruthless;7;17;12;10;10;6;8;5;11;3;1;14;13;10;0;;13;6
1669;5;10;20;15;1;Standard;Non-physical;Balanced;Balanced;Prefers Veterans;Balanced;Balanced;11;17;10;13;12;8;7;9;9;3;9;15;19;11;0;;1;5
1670;5;10;20;15;1;Standard;Very Non-Physical;Aggressive;Balanced;Prefers Veterans;Balanced;Balanced;9;8;18;5;15;13;14;5;4;7;1;6;7;13;0;;4;6
1671;5;10;20;15;1;Very Offensive;Very Non-Physical;Aggressive;Balanced;Balanced;Balanced;Balanced;9;6;8;11;17;9;12;6;11;9;2;8;12;4;0;;2;5
1672;1;1;5;1;20;Offensive;Very Non-Physical;Passive;Balanced;Balanced;Balanced;Balanced;0;0;0;0;0;0;0;6;0;0;6;0;0;0;18;;0;0
1673;10;10;15;20;1;Offensive;Very Non-Physical;Very Aggressive;Aggressive;Balanced;Balanced;Ruthless;3;4;5;12;12;6;6;7;4;15;10;10;15;7;0;;11;12
1674;10;10;15;20;1;Offensive;Non-physical;Balanced;Balanced;Prefers Veterans;Balanced;Loyal;3;13;4;8;6;4;12;10;11;9;5;7;15;8;0;;11;16
1675;10;10;15;20;1;Offensive;Very Non-Physical;Balanced;Conservative;Loves Veterans;Conservative;Balanced;1;3;13;8;1;5;8;11;6;14;11;16;16;6;0;;11;11
1676;10;10;15;20;1;Standard;Very Non-Physical;Aggressive;Very Conservative;Prefers Prospects;Conservative;Balanced;9;10;7;5;11;4;10;5;11;9;4;9;12;3;0;;15;17
1677;10;10;15;20;1;Offensive;Non-physical;Balanced;Balanced;Prefers Veterans;Innovative;Balanced;9;12;1;8;6;11;4;7;4;9;6;13;11;12;0;;11;17
1678;10;10;15;20;1;Standard;Very Non-Physical;Passive;Aggressive;Balanced;Innovative;Ruthless;13;5;11;12;1;2;7;9;10;11;10;4;13;5;0;;10;13
1679;10;10;15;20;1;Standard;Very Non-Physical;Balanced;Balanced;Balanced;Balanced;Balanced;7;8;6;6;11;5;5;7;4;3;10;19;13;10;0;;13;11
1680;5;10;20;15;1;Offensive;Non-physical;Balanced;Conservative;Balanced;Innovative;Balanced;4;10;3;10;7;8;15;10;3;0;3;6;16;8;0;;4;6
1681;5;10;20;15;1;Standard;Non-physical;Balanced;Aggressive;Prefers Veterans;Very Conservative;Balanced;6;5;3;9;6;4;11;8;4;1;5;14;12;16;0;;8;7
1682;5;10;20;15;1;Defensive;Very Non-Physical;Aggressive;Balanced;Balanced;Balanced;Balanced;6;11;8;17;14;5;14;6;8;5;4;15;19;16;0;;2;3
1683;5;10;20;15;1;Defensive;Very Non-Physical;Balanced;Balanced;Balanced;Conservative;Balanced;10;10;4;15;7;7;18;6;14;12;6;3;8;10;0;;13;8
1684;5;10;20;15;1;Offensive;Very Non-Physical;Balanced;Balanced;Balanced;Conservative;Balanced;9;7;12;15;20;6;13;5;13;1;9;12;13;17;0;;4;2
1685;1;1;5;1;20;Offensive;Non-physical;Very Aggressive;Balanced;Loves Veterans;Balanced;Balanced;0;0;0;0;0;0;0;7;0;0;7;0;0;0;19;;0;0
1686;17;20;10;15;1;Standard;Non-physical;Balanced;Aggressive;Balanced;Balanced;Balanced;2;9;8;11;8;3;4;9;9;9;3;12;7;7;0;;1;9
1687;10;15;20;15;1;Offensive;Very Non-Physical;Very Passive;Conservative;Prefers Veterans;Balanced;Very Ruthless;16;12;10;11;6;4;6;7;4;1;4;8;17;10;0;;12;7
1688;10;10;15;20;1;Offensive;Very Non-Physical;Balanced;Balanced;Balanced;Conservative;Ruthless;10;10;1;11;10;9;7;6;13;6;3;10;15;8;0;;11;13
1689;10;10;15;20;1;Offensive;Non-physical;Balanced;Balanced;Prefers Prospects;Balanced;Balanced;10;11;8;5;6;8;11;9;7;2;12;10;15;3;0;;17;17
1690;10;10;15;20;1;Offensive;Very Non-Physical;Passive;Balanced;Balanced;Innovative;Ruthless;5;2;3;11;13;4;8;9;15;4;8;10;12;1;0;;13;14
1691;10;10;15;20;1;Standard;Very Non-Physical;Balanced;Balanced;Loves Veterans;Very Innovative;Ruthless;1;9;7;6;11;7;9;2;3;7;4;9;5;3;0;;12;14
1692;10;10;15;20;1;Offensive;Very Non-Physical;Passive;Aggressive;Prefers Prospects;Balanced;Ruthless;3;2;9;9;2;9;7;9;13;7;1;8;7;3;0;;19;12
1693;10;10;15;20;1;Standard;Non-physical;Balanced;Balanced;Balanced;Balanced;Balanced;5;9;11;11;2;12;10;1;8;7;4;11;16;10;0;;17;14
1694;10;10;15;20;1;Offensive;Very Non-Physical;Passive;Conservative;Prefers Prospects;Very Innovative;Ruthless;12;8;7;3;5;12;9;4;5;17;5;6;14;12;0;;14;13
1695;5;10;20;15;1;Offensive;Very Non-Physical;Balanced;Aggressive;Prefers Veterans;Balanced;Balanced;13;17;3;17;17;7;14;10;7;12;4;9;8;12;0;;11;9
1696;5;10;20;15;1;Defensive;Non-physical;Balanced;Balanced;Prefers Prospects;Balanced;Loyal;9;8;14;17;8;10;11;6;3;2;3;4;12;9;0;;13;4
1697;5;10;20;15;1;Standard;Very Non-Physical;Passive;Aggressive;Prefers Prospects;Innovative;Ruthless;13;8;13;7;13;18;15;9;12;11;1;13;8;3;0;;3;8
1698;5;10;20;15;1;Offensive;Very Non-Physical;Balanced;Very Conservative;Prefers Prospects;Conservative;Loyal;8;11;6;3;14;5;16;2;7;7;2;3;10;3;0;;3;10
1699;5;10;20;15;1;Offensive;Non-physical;Balanced;Conservative;Balanced;Very Innovative;Balanced;14;5;11;10;8;8;7;6;3;7;4;9;17;13;0;;12;6
1700;10;10;15;20;1;Standard;Non-physical;Balanced;Aggressive;Prefers Veterans;Conservative;Ruthless;5;2;9;7;5;3;7;3;10;10;9;20;10;6;0;;13;11
1701;10;10;15;20;1;Standard;Very Non-Physical;Aggressive;Balanced;Balanced;Conservative;Ruthless;11;6;13;1;3;9;1;3;3;16;9;4;16;2;0;;12;11
1702;10;10;15;20;1;Offensive;Very Non-Physical;Balanced;Balanced;Balanced;Balanced;Balanced;2;2;4;2;12;1;4;4;10;8;10;15;10;3;0;;16;14
1703;10;10;15;20;1;Offensive;Very Non-Physical;Balanced;Conservative;Prefers Prospects;Balanced;Ruthless;5;13;10;5;6;8;12;4;12;7;9;17;5;11;0;;12;15
1704;10;10;15;20;1;Offensive;Very Non-Physical;Very Aggressive;Conservative;Balanced;Balanced;Ruthless;8;6;8;6;5;4;13;2;15;14;8;6;4;7;0;;19;12
1705;10;10;15;20;1;Offensive;Very Non-Physical;Balanced;Balanced;Balanced;Balanced;Ruthless;7;13;3;3;5;10;8;4;15;4;4;10;9;6;0;;12;18
1706;10;10;15;20;1;Offensive;Non-physical;Passive;Aggressive;Prefers Prospects;Innovative;Loyal;4;3;13;8;7;5;1;5;3;5;11;18;5;4;0;;17;12
1707;5;10;20;15;1;Offensive;Very Non-Physical;Balanced;Aggressive;Balanced;Balanced;Balanced;8;14;9;6;11;5;16;2;8;1;2;13;15;17;0;;2;5
1708;5;10;20;15;1;Offensive;Non-physical;Balanced;Balanced;Balanced;Innovative;Loyal;5;5;11;3;13;17;11;7;11;2;1;11;7;3;0;;8;6
1709;5;10;20;15;1;Offensive;Non-physical;Balanced;Conservative;Balanced;Balanced;Balanced;8;14;11;11;18;14;11;9;7;9;6;14;16;14;0;;5;13
1710;5;10;20;15;1;Offensive;Very Non-Physical;Aggressive;Balanced;Prefers Prospects;Conservative;Loyal;14;3;15;6;14;8;9;1;6;5;3;6;16;4;0;;11;5
1711;5;10;20;15;1;Offensive;Non-physical;Balanced;Balanced;Balanced;Innovative;Ruthless;15;12;4;13;9;9;12;4;10;8;1;8;19;8;0;;7;10
1712;1;1;5;1;20;Offensive;Very Non-Physical;Passive;Very Aggressive;Prefers Veterans;Balanced;Very Ruthless;0;0;0;0;0;0;0;2;0;0;4;0;0;0;19;;0;0
1713;10;10;15;20;1;Offensive;Very Non-Physical;Balanced;Conservative;Prefers Veterans;Innovative;Balanced;1;4;7;2;8;1;12;11;7;8;7;8;10;12;0;;15;17
1714;10;10;15;20;1;Offensive;Very Non-Physical;Balanced;Aggressive;Prefers Veterans;Conservative;Loyal;6;8;7;12;4;1;4;10;14;10;4;10;7;9;0;;17;12
1715;10;10;15;20;1;Offensive;Very Non-Physical;Passive;Balanced;Prefers Veterans;Conservative;Balanced;8;8;9;7;3;11;10;3;15;14;5;7;11;1;0;;11;12
1716;10;10;15;20;1;Offensive;Very Non-Physical;Very Aggressive;Conservative;Prefers Veterans;Conservative;Balanced;4;12;8;12;1;9;6;3;14;14;6;7;10;13;0;;11;13
1717;10;10;15;20;1;Standard;Very Non-Physical;Very Aggressive;Balanced;Balanced;Balanced;Very Ruthless;1;6;5;13;5;2;9;3;15;9;8;13;14;12;0;;11;16
1718;10;10;15;20;1;Standard;Very Non-Physical;Very Aggressive;Balanced;Balanced;Innovative;Balanced;13;6;11;4;13;1;4;3;3;13;6;18;8;13;0;;14;14
1719;10;10;15;20;1;Standard;Non-physical;Balanced;Very Conservative;Prefers Prospects;Balanced;Loyal;6;10;12;12;5;9;7;7;3;8;12;10;5;10;0;;10;13
1720;5;10;20;15;1;Standard;Very Non-Physical;Passive;Conservative;Loves Prospects;Balanced;Balanced;13;11;11;5;11;7;15;7;7;2;9;13;13;9;0;;4;10
1721;5;10;20;15;1;Offensive;Very Non-Physical;Aggressive;Balanced;Prefers Prospects;Balanced;Balanced;6;4;17;4;12;12;7;7;11;6;8;8;7;8;0;;8;3
1722;5;10;20;15;1;Very Offensive;Non-physical;Balanced;Balanced;Balanced;Balanced;Ruthless;6;15;10;6;4;10;15;9;7;3;3;14;13;15;0;;3;10
1723;5;10;20;15;1;Offensive;Very Non-Physical;Balanced;Aggressive;Prefers Prospects;Very Innovative;Very Ruthless;5;10;5;11;16;4;19;12;6;9;8;10;15;9;0;;1;10
1724;5;10;20;15;1;Offensive;Non-physical;Balanced;Conservative;Balanced;Innovative;Balanced;3;12;7;12;10;17;19;4;11;7;2;3;10;8;0;;5;10
1725;10;15;20;15;1;Standard;Very Non-Physical;Passive;Balanced;Prefers Prospects;Balanced;Balanced;3;7;15;11;11;15;12;8;14;7;8;7;19;7;0;;1;9
1726;10;10;15;20;1;Offensive;Very Non-Physical;Very Passive;Conservative;Balanced;Balanced;Balanced;12;1;6;4;9;3;4;6;13;1;10;5;7;6;0;;16;16
1727;10;10;15;20;1;Offensive;Very Non-Physical;Aggressive;Conservative;Prefers Prospects;Innovative;Loyal;6;7;12;5;7;11;8;7;10;10;8;12;9;6;0;;17;15
1728;10;10;15;20;1;Offensive;Non-physical;Passive;Balanced;Balanced;Balanced;Loyal;4;7;2;11;6;1;11;6;14;6;8;14;11;7;0;;10;16
1729;10;10;15;20;1;Offensive;Very Non-Physical;Balanced;Balanced;Balanced;Balanced;Balanced;10;4;6;1;3;5;6;5;5;14;7;11;4;10;0;;12;11
1730;10;10;15;20;1;Standard;Non-physical;Aggressive;Conservative;Balanced;Very Conservative;Ruthless;12;6;2;8;6;1;13;3;3;9;3;7;12;7;0;;13;17
1731;10;10;15;20;1;Offensive;Very Non-Physical;Balanced;Conservative;Balanced;Conservative;Ruthless;13;9;10;3;10;9;9;10;3;12;6;16;14;10;0;;11;13
1732;10;10;15;20;1;Offensive;Non-physical;Balanced;Balanced;Prefers Veterans;Balanced;Balanced;9;1;5;3;10;13;10;5;5;7;1;6;12;2;0;;17;14
1733;5;10;20;15;1;Standard;Very Non-Physical;Passive;Balanced;Balanced;Conservative;Loyal;8;13;6;4;9;8;5;5;5;9;2;4;20;14;0;;4;4
1734;5;10;20;15;1;Offensive;Very Non-Physical;Balanced;Balanced;Prefers Veterans;Balanced;Balanced;15;10;10;7;9;4;11;4;3;10;1;8;13;15;0;;6;11
1735;5;10;20;15;1;Offensive;Very Non-Physical;Very Passive;Balanced;Balanced;Balanced;Balanced;7;15;16;6;9;14;7;3;15;8;8;5;18;8;0;;12;5
1736;5;10;20;15;1;Offensive;Very Non-Physical;Balanced;Aggressive;Prefers Prospects;Balanced;Very Loyal;16;13;12;11;7;6;10;2;4;5;4;4;15;12;0;;13;11
1737;5;10;20;15;1;Standard;Very Non-Physical;Passive;Balanced;Balanced;Innovative;Balanced;10;12;15;13;16;7;12;3;4;5;4;11;20;9;0;;4;2
1738;1;1;5;1;20;Offensive;Very Non-Physical;Balanced;Conservative;Balanced;Very Conservative;Ruthless;0;0;0;0;0;0;0;4;0;0;6;0;0;0;15;;0;0
1739;10;10;15;20;1;Offensive;Very Non-Physical;Aggressive;Balanced;Prefers Prospects;Balanced;Very Loyal;5;13;10;11;1;10;6;9;14;14;5;11;8;8;0;;12;17
1740;10;10;15;20;1;Offensive;Very Non-Physical;Balanced;Very Conservative;Prefers Veterans;Balanced;Balanced;6;7;1;7;2;3;2;11;12;12;6;13;4;2;0;;16;10
1741;10;10;15;20;1;Offensive;Very Non-Physical;Very Aggressive;Balanced;Prefers Veterans;Balanced;Ruthless;7;10;8;4;1;12;9;5;5;7;6;14;16;12;0;;13;11
1742;10;10;15;20;1;Offensive;Very Non-Physical;Balanced;Conservative;Prefers Prospects;Balanced;Ruthless;2;4;8;13;13;13;11;9;9;6;6;15;11;11;0;;16;16
1743;10;10;15;20;1;Standard;Very Non-Physical;Aggressive;Balanced;Balanced;Innovative;Loyal;7;1;4;3;13;12;3;4;4;13;9;4;9;13;0;;16;12
1744;10;10;15;20;1;Offensive;Very Non-Physical;Balanced;Balanced;Prefers Prospects;Innovative;Balanced;13;6;3;9;10;1;2;8;9;9;6;8;12;1;0;;12;18
1745;10;10;15;20;1;Offensive;Very Non-Physical;Aggressive;Conservative;Balanced;Balanced;Ruthless;10;1;3;5;12;6;9;2;7;9;12;4;6;2;0;;17;17
1746;5;10;20;15;1;Offensive;Very Non-Physical;Very Passive;Conservative;Loves Prospects;Balanced;Loyal;4;11;5;12;8;9;7;8;11;2;4;10;15;15;0;;2;7
1747;5;10;20;15;1;Standard;Very Non-Physical;Passive;Aggressive;Balanced;Very Conservative;Loyal;6;7;7;10;11;11;13;7;8;9;9;10;16;12;0;;12;12
1748;5;10;20;15;1;Offensive;Very Non-Physical;Passive;Balanced;Prefers Prospects;Balanced;Ruthless;11;10;11;8;3;10;9;5;8;4;3;9;14;11;0;;9;12
1749;5;10;20;15;1;Offensive;Very Non-Physical;Aggressive;Balanced;Prefers Prospects;Innovative;Balanced;9;12;11;3;10;9;14;3;8;5;2;13;8;18;0;;10;1
1750;5;10;20;15;1;Offensive;Very Non-Physical;Very Passive;Balanced;Prefers Veterans;Balanced;Balanced;8;5;16;3;14;9;14;9;6;1;5;5;19;4;0;;10;2
1751;1;1;5;1;20;Offensive;Very Non-Physical;Aggressive;Balanced;Prefers Veterans;Innovative;Very Ruthless;0;0;0;0;0;0;0;8;0;0;6;0;0;0;15;;0;0
1752;10;10;15;20;1;Offensive;Non-physical;Passive;Balanced;Loves Prospects;Innovative;Ruthless;10;4;12;9;1;10;12;5;11;6;6;15;11;7;0;;11;13
1753;10;10;15;20;1;Standard;Non-physical;Passive;Balanced;Balanced;Conservative;Ruthless;7;7;8;5;12;8;4;6;3;10;3;18;12;13;0;;18;12
1754;10;10;15;20;1;Offensive;Very Non-Physical;Very Passive;Balanced;Prefers Prospects;Conservative;Ruthless;10;7;6;9;7;6;2;9;6;12;8;9;14;12;0;;13;12
1755;10;10;15;20;1;Standard;Very Non-Physical;Balanced;Balanced;Balanced;Innovative;Ruthless;10;12;9;10;9;6;5;3;13;8;8;10;16;4;0;;13;15
1756;10;10;15;20;1;Offensive;Very Non-Physical;Balanced;Balanced;Balanced;Innovative;Ruthless;11;5;9;4;4;5;8;12;8;4;5;8;6;8;0;;18;11
1757;10;10;15;20;1;Offensive;Very Non-Physical;Balanced;Aggressive;Balanced;Balanced;Very Ruthless;7;3;7;4;10;10;6;10;11;1;11;9;12;11;0;;12;18
1758;10;10;15;20;1;Offensive;Very Non-Physical;Balanced;Balanced;Balanced;Innovative;Balanced;13;1;11;5;13;12;8;5;9;8;9;9;12;12;0;;18;13
1759;5;10;20;15;1;Offensive;Non-physical;Balanced;Conservative;Prefers Prospects;Balanced;Balanced;11;8;6;13;17;8;4;3;5;8;3;14;8;16;0;;6;3
1760;5;10;20;15;1;Offensive;Very Non-Physical;Balanced;Balanced;Balanced;Balanced;Loyal;11;15;10;8;5;5;7;11;8;6;7;5;11;9;0;;12;3
1761;5;10;20;15;1;Offensive;Very Non-Physical;Aggressive;Balanced;Prefers Prospects;Very Conservative;Balanced;4;18;14;3;11;5;15;5;9;11;1;3;7;5;0;;12;6
1762;5;10;20;15;1;Defensive;Non-physical;Aggressive;Very Conservative;Balanced;Conservative;Balanced;16;18;6;9;10;14;7;6;11;6;9;10;9;11;0;;9;3
1763;5;10;20;15;1;Offensive;Very Non-Physical;Balanced;Balanced;Loves Veterans;Balanced;Balanced;11;16;12;7;3;12;10;6;14;4;5;11;20;4;0;;3;9
1764;1;1;5;1;20;Offensive;Very Non-Physical;Passive;Aggressive;Prefers Veterans;Innovative;Very Ruthless;0;0;0;0;0;0;0;9;0;0;1;0;0;0;19;;0;0
1765;10;10;15;20;1;Offensive;Very Non-Physical;Aggressive;Balanced;Prefers Prospects;Balanced;Ruthless;7;2;11;9;11;6;5;2;11;13;5;8;4;11;0;;11;15
1766;10;10;15;20;1;Standard;Very Non-Physical;Balanced;Conservative;Balanced;Balanced;Balanced;11;4;12;10;13;7;11;4;5;2;7;10;15;10;0;;14;14
1767;10;10;15;20;1;Standard;Very Non-Physical;Balanced;Aggressive;Prefers Veterans;Very Conservative;Balanced;7;3;5;7;7;1;11;10;12;11;5;19;5;11;0;;16;12
1768;10;10;15;20;1;Offensive;Very Non-Physical;Aggressive;Very Conservative;Prefers Veterans;Balanced;Ruthless;13;8;9;8;8;12;6;3;3;12;8;12;5;8;0;;12;13
1769;10;10;15;20;1;Offensive;Non-physical;Balanced;Aggressive;Loves Prospects;Conservative;Balanced;5;2;6;6;1;8;11;3;6;6;8;12;12;13;0;;15;16
1770;10;10;15;20;1;Very Offensive;Very Non-Physical;Passive;Conservative;Prefers Veterans;Balanced;Balanced;13;6;4;9;6;10;9;5;9;3;4;10;10;4;0;;11;16
1771;10;10;15;20;1;Standard;Very Non-Physical;Passive;Balanced;Balanced;Balanced;Balanced;8;4;2;5;9;2;7;9;8;3;7;15;14;6;0;;11;14
1772;5;10;20;15;1;Offensive;Very Non-Physical;Very Passive;Balanced;Balanced;Balanced;Balanced;6;9;14;6;11;16;6;9;8;5;7;7;12;13;0;;13;11
1773;5;10;20;15;1;Standard;Very Non-Physical;Passive;Balanced;Prefers Prospects;Innovative;Balanced;15;8;4;13;3;5;7;5;4;3;8;3;16;10;0;;13;2
1774;5;10;20;15;1;Offensive;Very Non-Physical;Very Passive;Balanced;Balanced;Innovative;Balanced;8;5;6;12;15;9;15;3;10;12;5;6;9;10;0;;1;6
1775;5;10;20;15;1;Standard;Very Non-Physical;Very Passive;Balanced;Balanced;Innovative;Balanced;15;12;4;9;10;12;10;11;4;2;4;11;16;15;0;;6;1
1776;5;10;20;15;1;Offensive;Non-physical;Balanced;Aggressive;Balanced;Innovative;Loyal;13;6;10;10;12;6;13;10;13;3;5;12;11;8;0;;11;4
1777;1;1;5;1;20;Offensive;Very Non-Physical;Balanced;Aggressive;Loves Prospects;Balanced;Loyal;0;0;0;0;0;0;0;4;0;0;9;0;0;0;18;;0;0
1778;10;10;15;20;1;Offensive;Very Non-Physical;Balanced;Aggressive;Prefers Prospects;Balanced;Balanced;4;10;1;5;1;10;2;12;4;4;4;11;5;6;0;;19;10
1779;10;10;15;20;1;Offensive;Very Non-Physical;Aggressive;Balanced;Prefers Veterans;Balanced;Very Ruthless;5;6;7;5;2;1;8;9;5;2;5;15;6;5;0;;16;11
1780;10;10;15;20;1;Offensive;Non-physical;Aggressive;Conservative;Prefers Prospects;Innovative;Balanced;7;4;3;11;1;8;4;8;7;13;6;9;10;6;0;;17;17
1781;10;10;15;20;1;Offensive;Non-physical;Aggressive;Conservative;Prefers Prospects;Innovative;Ruthless;10;5;6;12;10;4;2;7;7;9;8;17;10;8;0;;11;20
1782;10;10;15;20;1;Offensive;Non-physical;Balanced;Aggressive;Loves Prospects;Innovative;Loyal;4;9;13;8;6;10;3;4;15;9;9;16;13;9;0;;14;12
1783;10;10;15;20;1;Standard;Very Non-Physical;Very Passive;Aggressive;Balanced;Balanced;Loyal;3;2;5;10;8;1;8;3;8;13;7;10;13;2;0;;19;16
1784;10;10;15;20;1;Offensive;Very Non-Physical;Passive;Balanced;Prefers Prospects;Very Innovative;Balanced;11;2;1;10;8;3;10;3;12;7;4;6;4;3;0;;14;18
1785;5;10;20;15;1;Defensive;Very Non-Physical;Balanced;Aggressive;Balanced;Balanced;Ruthless;9;9;18;8;4;11;15;3;14;3;1;3;16;4;0;;11;4
1786;5;10;20;15;1;Standard;Non-physical;Aggressive;Balanced;Balanced;Conservative;Balanced;11;5;11;13;10;3;16;9;13;8;7;9;20;12;0;;3;4
1787;5;10;20;15;1;Offensive;Very Non-Physical;Balanced;Balanced;Balanced;Conservative;Loyal;17;5;5;17;13;7;6;5;8;1;9;10;15;9;0;;9;3
1788;5;10;20;15;1;Offensive;Very Non-Physical;Passive;Conservative;Balanced;Innovative;Balanced;8;17;14;8;4;13;9;7;14;2;5;4;9;8;0;;8;1
1789;5;10;20;15;1;Standard;Very Non-Physical;Balanced;Balanced;Prefers Veterans;Balanced;Ruthless;6;7;6;7;5;13;9;4;9;2;1;5;19;11;0;;4;9
1790;1;1;5;1;20;Offensive;Non-physical;Aggressive;Balanced;Balanced;Innovative;Very Loyal;0;0;0;0;0;0;0;6;0;0;1;0;0;0;16;;0;0
1791;10;10;15;20;1;Offensive;Non-physical;Passive;Aggressive;Balanced;Innovative;Loyal;2;9;1;3;1;13;2;4;15;17;9;10;4;2;0;;12;16
1792;10;10;15;20;1;Offensive;Very Non-Physical;Passive;Conservative;Balanced;Very Conservative;Loyal;4;12;5;11;5;10;11;4;10;13;10;17;16;12;0;;11;11
1793;10;10;15;20;1;Offensive;Non-physical;Aggressive;Balanced;Balanced;Balanced;Ruthless;1;3;4;12;2;2;9;11;11;15;9;13;9;11;0;;11;11
1794;10;10;15;20;1;Offensive;Very Non-Physical;Aggressive;Balanced;Prefers Prospects;Balanced;Balanced;10;6;10;12;7;12;3;8;6;13;7;6;13;4;0;;15;11
1795;10;10;15;20;1;Offensive;Very Non-Physical;Aggressive;Balanced;Balanced;Conservative;Loyal;10;11;11;4;5;2;10;5;6;11;8;3;16;2;0;;15;12
1796;10;10;15;20;1;Defensive;Very Non-Physical;Balanced;Balanced;Balanced;Conservative;Ruthless;13;12;7;8;9;1;12;7;14;5;11;17;8;12;0;;11;18
1797;10;10;15;20;1;Standard;Very Non-Physical;Balanced;Balanced;Prefers Veterans;Balanced;Very Ruthless;3;2;7;10;13;1;7;5;9;4;10;9;4;6;0;;16;13
1798;5;10;20;15;1;Standard;Very Non-Physical;Balanced;Balanced;Balanced;Balanced;Balanced;6;5;13;15;8;3;10;8;5;6;7;3;12;9;0;;9;5
1799;5;10;20;15;1;Offensive;Non-physical;Passive;Balanced;Balanced;Conservative;Loyal;13;8;6;11;13;10;11;8;3;6;9;3;12;8;0;;8;8
1800;5;10;20;15;1;Offensive;Very Non-Physical;Balanced;Balanced;Prefers Prospects;Balanced;Balanced;4;3;9;9;14;6;7;6;12;8;1;4;19;9;0;;11;10
1801;5;10;20;15;1;Standard;Very Non-Physical;Aggressive;Aggressive;Prefers Prospects;Balanced;Ruthless;8;14;6;7;6;15;9;2;14;8;3;8;20;13;0;;9;11
1802;5;10;20;15;1;Offensive;Very Non-Physical;Passive;Aggressive;Prefers Prospects;Conservative;Loyal;9;5;15;7;11;5;11;9;14;0;9;10;18;13;0;;4;3
1803;1;1;5;1;20;Offensive;Very Non-Physical;Very Aggressive;Conservative;Prefers Prospects;Conservative;Balanced;0;0;0;0;0;0;0;5;0;0;6;0;0;0;15;;0;0
1804;10;10;15;20;1;Standard;Non-physical;Aggressive;Aggressive;Balanced;Balanced;Balanced;6;3;5;4;11;2;2;8;15;4;2;16;16;1;0;;11;17
1805;10;10;15;20;1;Offensive;Very Non-Physical;Balanced;Conservative;Balanced;Balanced;Ruthless;3;12;12;10;9;12;3;5;13;7;7;12;4;13;0;;15;13
1806;10;10;15;20;1;Offensive;Very Non-Physical;Balanced;Balanced;Prefers Prospects;Innovative;Balanced;9;4;3;8;7;2;8;8;15;7;9;9;14;1;0;;17;13
1807;10;10;15;20;1;Standard;Very Non-Physical;Passive;Balanced;Balanced;Innovative;Balanced;8;9;12;9;13;10;4;1;12;5;5;7;8;9;0;;14;15
1808;10;10;15;20;1;Offensive;Very Non-Physical;Passive;Balanced;Prefers Veterans;Balanced;Ruthless;13;12;10;8;12;5;2;2;3;5;3;14;15;4;0;;12;18
1809;10;10;15;20;1;Standard;Non-physical;Balanced;Balanced;Balanced;Balanced;Loyal;3;3;11;9;1;13;5;11;8;6;4;10;14;8;0;;13;11
1810;10;10;15;20;1;Standard;Very Non-Physical;Passive;Conservative;Prefers Veterans;Balanced;Balanced;10;9;13;5;6;1;5;4;6;11;7;17;6;11;0;;17;11
1811;5;10;20;15;1;Offensive;Non-physical;Balanced;Aggressive;Loves Veterans;Very Innovative;Balanced;6;7;16;9;4;15;3;10;13;2;3;5;14;9;0;;6;4
1812;5;10;20;15;1;Offensive;Very Non-Physical;Very Aggressive;Very Conservative;Prefers Veterans;Innovative;Loyal;9;14;6;8;4;12;8;1;3;6;6;7;15;5;0;;3;3
1813;5;10;20;15;1;Standard;Very Non-Physical;Aggressive;Balanced;Prefers Prospects;Innovative;Ruthless;18;6;6;14;16;9;16;3;10;4;5;7;6;6;0;;1;4
1814;5;10;20;15;1;Standard;Very Non-Physical;Balanced;Balanced;Balanced;Conservative;Very Ruthless;7;5;8;10;7;8;18;4;8;10;3;11;8;6;0;;5;2
1815;5;10;20;15;1;Standard;Very Non-Physical;Passive;Aggressive;Loves Veterans;Balanced;Ruthless;16;4;5;14;5;14;7;4;15;4;3;11;16;8;0;;10;7
1816;1;1;5;1;20;Offensive;Non-physical;Very Aggressive;Very Conservative;Balanced;Balanced;Balanced;1;1;1;1;1;1;1;4;1;1;4;1;1;1;19;;1;1
1817;10;10;15;20;1;Offensive;Very Non-Physical;Aggressive;Balanced;Balanced;Balanced;Loyal;3;8;7;1;11;9;6;4;6;11;8;16;12;12;0;;12;16
1818;10;10;15;20;1;Offensive;Very Non-Physical;Balanced;Balanced;Balanced;Balanced;Loyal;6;6;12;5;1;2;6;1;14;12;3;15;14;6;0;;18;11
1819;10;10;15;20;1;Offensive;Non-physical;Passive;Conservative;Balanced;Innovative;Balanced;2;3;4;3;1;8;13;13;8;12;10;5;14;6;0;;13;12
1820;10;10;15;20;1;Standard;Very Non-Physical;Passive;Aggressive;Balanced;Balanced;Loyal;8;6;1;9;12;8;9;11;12;11;8;13;15;3;0;;19;14
1821;10;10;15;20;1;Defensive;Non-physical;Balanced;Conservative;Prefers Prospects;Conservative;Very Loyal;2;10;5;9;5;2;9;11;4;0;9;6;11;9;0;;12;18
1822;10;10;15;20;1;Standard;Very Non-Physical;Balanced;Aggressive;Loves Veterans;Conservative;Loyal;3;2;7;1;6;8;3;11;10;9;10;18;11;1;0;;10;10
1823;10;10;15;20;1;Offensive;Very Non-Physical;Balanced;Balanced;Prefers Prospects;Conservative;Balanced;3;8;2;2;7;10;4;2;7;6;9;6;5;8;0;;16;12
1824;5;10;20;15;1;Defensive;Very Non-Physical;Balanced;Very Aggressive;Balanced;Balanced;Ruthless;12;15;9;6;14;12;11;7;14;10;6;11;20;8;0;;13;10
1825;5;10;20;15;1;Very Offensive;Very Non-Physical;Balanced;Conservative;Prefers Prospects;Balanced;Loyal;16;16;5;12;7;16;8;2;14;12;2;12;11;5;0;;12;12
1826;5;10;20;15;1;Standard;Non-physical;Passive;Aggressive;Prefers Veterans;Balanced;Ruthless;8;3;14;3;17;17;12;13;6;7;9;8;17;16;0;;11;4
1827;5;10;20;15;1;Offensive;Non-physical;Balanced;Very Conservative;Balanced;Innovative;Balanced;4;14;6;7;14;9;15;10;11;4;6;12;10;16;0;;7;4
1828;5;10;20;15;1;Offensive;Very Non-Physical;Balanced;Conservative;Prefers Veterans;Conservative;Balanced;8;9;7;12;4;6;6;2;6;10;5;9;10;5;0;;1;7
1829;1;1;5;1;20;Offensive;Very Non-Physical;Passive;Aggressive;Balanced;Balanced;Balanced;0;0;0;0;0;0;0;3;0;0;5;0;0;0;15;;0;0
1830;15;20;10;15;1;Standard;Non-physical;Aggressive;Balanced;Balanced;Innovative;Very Loyal;2;6;11;12;6;12;12;1;14;3;5;13;12;3;0;;12;8
1831;10;15;20;15;1;Standard;Very Non-Physical;Very Aggressive;Conservative;Prefers Prospects;Balanced;Loyal;11;3;6;12;3;8;11;4;15;3;8;14;15;3;0;;11;3
1832;10;10;15;20;1;Standard;Very Non-Physical;Aggressive;Very Aggressive;Balanced;Very Conservative;Balanced;11;10;1;10;9;12;8;7;15;10;7;11;5;12;0;;16;13
1833;10;10;15;20;1;Standard;Very Non-Physical;Aggressive;Aggressive;Balanced;Innovative;Balanced;3;2;13;10;8;10;13;1;9;17;5;8;4;9;0;;16;15
1834;10;10;15;20;1;Standard;Very Non-Physical;Passive;Balanced;Balanced;Very Conservative;Loyal;10;6;13;1;5;8;11;10;12;14;2;9;8;4;0;;16;11
1835;10;10;15;20;1;Offensive;Non-physical;Passive;Balanced;Balanced;Innovative;Very Ruthless;5;9;9;9;8;13;13;4;7;15;9;6;11;4;0;;11;16
1836;10;10;15;20;1;Standard;Very Non-Physical;Very Passive;Aggressive;Prefers Prospects;Balanced;Balanced;8;3;11;6;8;8;4;5;13;3;12;17;6;12;0;;16;11
1837;10;10;15;20;1;Offensive;Very Non-Physical;Balanced;Conservative;Prefers Prospects;Innovative;Balanced;13;4;7;5;7;8;4;10;10;9;4;17;4;5;0;;11;12
1838;10;10;15;20;1;Offensive;Very Non-Physical;Very Passive;Balanced;Prefers Prospects;Conservative;Ruthless;9;6;5;6;8;3;13;9;13;2;3;11;11;8;0;;17;14
1839;5;10;20;15;1;Standard;Very Non-Physical;Balanced;Balanced;Prefers Prospects;Very Innovative;Balanced;16;9;12;4;16;14;12;6;12;0;9;9;12;15;0;;6;5
1840;5;10;20;15;1;Offensive;Very Non-Physical;Balanced;Balanced;Balanced;Innovative;Ruthless;8;9;9;10;14;13;10;7;9;5;1;15;10;9;0;;7;8
1841;5;10;20;15;1;Offensive;Non-physical;Balanced;Aggressive;Balanced;Balanced;Balanced;15;12;12;13;11;5;14;3;11;3;9;6;13;10;0;;8;11
1842;5;10;20;15;1;Offensive;Very Non-Physical;Very Aggressive;Conservative;Balanced;Very Conservative;Ruthless;17;17;10;14;13;3;4;9;9;2;2;6;8;13;0;;7;8
1843;5;10;20;15;1;Offensive;Non-physical;Aggressive;Balanced;Balanced;Innovative;Balanced;10;10;9;16;15;7;4;7;6;11;6;4;8;5;0;;2;11
1844;1;1;5;1;20;Standard;Very Non-Physical;Balanced;Balanced;Balanced;Balanced;Very Loyal;1;1;1;1;1;1;1;5;1;1;1;1;1;1;19;;1;1
1845;10;10;15;20;1;Standard;Very Non-Physical;Balanced;Balanced;Balanced;Balanced;Balanced;4;7;1;10;1;13;3;1;9;13;5;11;11;2;0;;11;16
1846;10;10;15;20;1;Standard;Very Non-Physical;Balanced;Balanced;Balanced;Balanced;Ruthless;10;11;12;4;4;7;10;5;6;2;4;14;6;11;0;;10;15
1847;10;10;15;20;1;Offensive;Very Non-Physical;Balanced;Conservative;Balanced;Innovative;Balanced;3;10;11;6;13;6;8;6;9;7;11;17;5;2;0;;16;11
1848;10;10;15;20;1;Offensive;Very Non-Physical;Balanced;Balanced;Balanced;Conservative;Loyal;4;12;13;6;9;9;1;7;9;14;8;14;4;3;0;;11;14
1849;10;10;15;20;1;Offensive;Very Non-Physical;Very Aggressive;Aggressive;Loves Veterans;Innovative;Balanced;13;4;10;5;7;10;2;3;7;14;8;6;4;5;0;;11;18
1850;10;10;15;20;1;Offensive;Non-physical;Balanced;Conservative;Balanced;Conservative;Ruthless;12;9;2;10;13;11;10;8;3;7;5;12;5;9;0;;12;13
1851;10;10;15;20;1;Offensive;Very Non-Physical;Balanced;Conservative;Prefers Prospects;Balanced;Balanced;11;9;12;7;9;4;13;10;14;6;11;11;6;6;0;;13;16
1852;5;10;20;15;1;Offensive;Very Non-Physical;Balanced;Conservative;Balanced;Balanced;Balanced;14;5;9;14;6;4;6;4;12;11;8;5;20;15;0;;7;6
1853;5;10;20;15;1;Standard;Very Non-Physical;Balanced;Conservative;Balanced;Conservative;Loyal;7;12;13;7;11;14;18;8;15;8;8;5;10;12;0;;7;5
1854;5;10;20;15;1;Offensive;Non-physical;Balanced;Balanced;Balanced;Innovative;Loyal;11;4;12;13;15;10;13;3;15;0;9;3;7;13;0;;13;9
1855;5;10;20;15;1;Offensive;Non-physical;Passive;Aggressive;Prefers Prospects;Balanced;Balanced;14;10;5;6;6;10;11;6;12;3;1;15;18;7;0;;10;13
1856;5;10;20;15;1;Standard;Very Non-Physical;Passive;Balanced;Prefers Veterans;Balanced;Ruthless;11;12;6;4;12;9;7;8;13;11;7;11;11;9;0;;5;13
1857;1;1;5;1;20;Offensive;Non-physical;Balanced;Balanced;Balanced;Innovative;Ruthless;0;0;0;0;0;0;0;6;0;0;8;0;0;0;17;;0;0
1858;10;10;15;20;1;Offensive;Non-physical;Balanced;Aggressive;Prefers Prospects;Balanced;Balanced;13;9;4;9;7;4;9;9;11;2;6;8;16;5;0;;16;15
1859;10;10;15;20;1;Standard;Very Non-Physical;Passive;Balanced;Balanced;Balanced;Loyal;12;7;10;3;13;2;1;5;15;12;9;12;13;3;0;;14;19
1860;10;10;15;20;1;Standard;Non-physical;Passive;Balanced;Prefers Veterans;Balanced;Loyal;10;5;9;2;3;4;13;7;5;3;5;5;5;13;0;;15;11
1861;10;10;15;20;1;Offensive;Very Non-Physical;Passive;Aggressive;Balanced;Balanced;Ruthless;3;8;5;1;4;6;5;7;9;7;5;5;11;8;0;;13;17
1862;10;10;15;20;1;Offensive;Very Non-Physical;Aggressive;Balanced;Balanced;Balanced;Very Loyal;2;5;8;1;2;9;7;3;7;8;4;18;7;1;0;;11;12
1863;10;10;15;20;1;Offensive;Non-physical;Balanced;Aggressive;Prefers Prospects;Balanced;Balanced;6;8;2;10;11;3;3;12;10;0;4;5;7;13;0;;15;10
1864;10;10;15;20;1;Offensive;Very Non-Physical;Passive;Balanced;Prefers Prospects;Balanced;Very Loyal;7;12;13;1;4;7;3;7;6;11;6;16;7;6;0;;11;15
1865;5;10;20;15;1;Offensive;Non-physical;Balanced;Balanced;Balanced;Balanced;Ruthless;4;8;5;13;8;16;11;11;12;9;9;7;18;11;0;;9;7
1866;5;10;20;15;1;Offensive;Very Non-Physical;Passive;Conservative;Prefers Veterans;Balanced;Balanced;11;13;6;10;17;8;15;9;6;4;2;13;9;9;0;;9;6
1867;5;10;20;15;1;Offensive;Very Non-Physical;Balanced;Aggressive;Prefers Veterans;Balanced;Very Ruthless;6;5;5;11;12;6;15;6;9;0;6;12;13;11;0;;11;6
1868;5;10;20;15;1;Offensive;Very Non-Physical;Balanced;Balanced;Prefers Prospects;Balanced;Loyal;13;12;8;9;5;11;11;5;9;3;3;4;9;14;0;;5;2
1869;5;10;20;15;1;Offensive;Very Non-Physical;Very Aggressive;Balanced;Balanced;Conservative;Balanced;12;8;13;13;11;13;5;5;4;0;2;10;8;11;0;;6;7
1870;1;1;5;1;20;Offensive;Very Non-Physical;Balanced;Balanced;Prefers Veterans;Balanced;Very Ruthless;0;0;0;0;0;0;0;3;0;0;6;0;0;0;16;;0;0
1871;10;10;15;20;1;Standard;Very Non-Physical;Balanced;Conservative;Balanced;Conservative;Balanced;4;12;2;7;11;6;8;9;5;6;9;4;10;1;0;;17;17
1872;10;10;15;20;1;Offensive;Very Non-Physical;Balanced;Balanced;Balanced;Conservative;Ruthless;8;3;12;4;10;2;12;9;5;10;6;8;11;3;0;;12;15
1873;10;10;15;20;1;Offensive;Very Non-Physical;Balanced;Conservative;Balanced;Balanced;Very Loyal;11;8;8;6;8;11;13;1;15;11;5;20;4;13;0;;11;11
1874;10;10;15;20;1;Offensive;Very Non-Physical;Aggressive;Balanced;Balanced;Balanced;Loyal;12;5;7;12;2;5;12;2;7;4;5;16;15;3;0;;14;11
1875;10;10;15;20;1;Offensive;Very Non-Physical;Passive;Balanced;Balanced;Conservative;Ruthless;4;10;6;9;11;4;10;15;8;2;3;5;9;7;0;;16;13
1876;10;10;15;20;1;Offensive;Very Non-Physical;Balanced;Balanced;Balanced;Balanced;Loyal;6;13;5;1;4;3;7;4;10;6;6;18;14;9;0;;13;12
1877;10;10;15;20;1;Standard;Very Non-Physical;Balanced;Balanced;Balanced;Innovative;Loyal;12;13;8;8;9;11;10;3;15;13;3;17;12;7;0;;17;12
1878;5;10;20;15;1;Offensive;Very Non-Physical;Balanced;Balanced;Balanced;Very Conservative;Very Loyal;7;10;14;8;15;9;9;8;9;1;6;13;20;15;0;;1;13
1879;5;10;20;15;1;Standard;Very Non-Physical;Balanced;Conservative;Prefers Prospects;Balanced;Loyal;6;11;11;5;11;17;4;9;4;1;6;12;20;15;0;;7;3
1880;5;10;20;15;1;Offensive;Very Non-Physical;Passive;Conservative;Prefers Veterans;Innovative;Loyal;13;14;15;13;13;6;15;5;5;7;7;15;8;8;0;;9;3
1881;5;10;20;15;1;Offensive;Non-physical;Very Passive;Aggressive;Balanced;Balanced;Balanced;9;8;12;11;9;5;3;4;11;10;6;11;11;14;0;;13;6
1882;5;10;16;20;1;Offensive;Non-physical;Passive;Aggressive;Balanced;Innovative;Ruthless;12;12;8;15;8;13;3;4;3;3;2;5;20;5;0;;14;14
1883;1;1;5;1;20;Offensive;Very Non-Physical;Aggressive;Balanced;Prefers Veterans;Very Conservative;Balanced;0;0;0;0;0;0;0;2;0;0;9;0;0;0;18;;0;0
1884;10;10;15;20;1;Standard;Very Non-Physical;Passive;Balanced;Balanced;Balanced;Loyal;11;10;7;1;7;2;9;7;13;6;10;16;11;5;0;;15;10
1885;10;10;15;20;1;Offensive;Very Non-Physical;Aggressive;Aggressive;Prefers Prospects;Balanced;Ruthless;9;12;4;5;4;6;11;5;4;12;6;15;5;10;0;;12;11
1886;10;10;15;20;1;Offensive;Very Non-Physical;Passive;Balanced;Balanced;Balanced;Ruthless;3;6;4;11;6;10;2;9;4;3;5;16;15;12;0;;14;10
1887;10;10;15;20;1;Offensive;Very Non-Physical;Aggressive;Balanced;Prefers Prospects;Innovative;Loyal;10;11;10;10;6;6;13;5;8;9;5;7;6;2;0;;13;19
1888;10;10;15;20;1;Offensive;Very Non-Physical;Very Aggressive;Balanced;Balanced;Very Conservative;Ruthless;2;6;7;4;3;11;6;9;15;1;5;5;13;2;0;;11;15
1889;10;10;15;20;1;Defensive;Very Non-Physical;Very Passive;Balanced;Prefers Veterans;Conservative;Balanced;7;12;9;13;6;5;8;7;6;12;2;6;6;5;0;;18;14
1890;10;10;15;20;1;Standard;Very Non-Physical;Balanced;Balanced;Balanced;Conservative;Balanced;11;1;9;6;12;11;11;3;5;10;5;11;10;10;0;;12;14
1891;5;10;20;15;1;Standard;Non-physical;Aggressive;Conservative;Prefers Veterans;Balanced;Very Loyal;7;13;7;13;8;3;15;6;5;5;1;14;10;3;0;;5;6
1892;5;10;20;15;1;Standard;Very Non-Physical;Very Aggressive;Very Conservative;Balanced;Very Innovative;Balanced;4;10;9;12;17;13;8;10;10;12;8;5;15;13;0;;10;3
1893;5;10;20;15;1;Offensive;Very Non-Physical;Balanced;Balanced;Prefers Prospects;Balanced;Balanced;5;5;11;16;13;9;6;7;3;8;5;7;16;9;0;;12;1
1894;5;10;20;15;1;Standard;Very Non-Physical;Balanced;Balanced;Balanced;Balanced;Balanced;8;17;8;13;4;5;11;8;11;1;3;3;15;12;0;;4;5
1895;5;10;20;15;1;Offensive;Non-physical;Balanced;Conservative;Balanced;Balanced;Balanced;13;15;16;13;5;14;10;6;12;2;4;4;14;14;0;;3;11
1896;1;1;5;1;20;Offensive;Very Non-Physical;Aggressive;Very Aggressive;Prefers Veterans;Balanced;Loyal;0;0;0;0;0;0;0;2;0;0;2;0;0;0;16;;0;0
1897;10;10;15;20;1;Offensive;Non-physical;Aggressive;Balanced;Balanced;Conservative;Balanced;1;8;4;2;2;1;4;7;14;14;12;8;5;8;0;;11;11
1898;10;10;15;20;1;Standard;Very Non-Physical;Passive;Conservative;Prefers Veterans;Balanced;Loyal;5;1;2;4;13;13;5;5;12;6;7;4;9;4;0;;12;13
1899;10;10;15;20;1;Offensive;Non-physical;Aggressive;Aggressive;Prefers Veterans;Innovative;Balanced;9;2;3;2;3;2;5;2;8;13;8;8;13;12;0;;10;14
1900;10;10;15;20;1;Standard;Very Non-Physical;Balanced;Conservative;Prefers Prospects;Innovative;Ruthless;1;3;10;6;3;11;12;7;6;4;6;13;4;13;0;;11;14
1901;10;10;15;20;1;Offensive;Very Non-Physical;Balanced;Very Aggressive;Balanced;Balanced;Balanced;5;4;6;12;2;1;2;8;4;12;5;17;7;6;0;;15;13
1902;10;10;15;20;1;Offensive;Very Non-Physical;Very Aggressive;Aggressive;Balanced;Balanced;Balanced;13;13;9;12;2;9;6;6;8;15;10;13;13;4;0;;11;12
1903;10;10;15;20;1;Offensive;Very Non-Physical;Balanced;Balanced;Balanced;Balanced;Balanced;3;8;5;9;11;4;11;7;14;12;3;8;8;4;0;;16;12
1904;5;10;20;15;1;Offensive;Very Non-Physical;Aggressive;Conservative;Loves Prospects;Conservative;Loyal;10;4;12;5;10;7;9;5;9;10;5;9;15;8;0;;13;7
1905;5;10;20;15;1;Offensive;Non-physical;Aggressive;Balanced;Prefers Prospects;Innovative;Balanced;9;4;14;3;17;17;3;8;12;6;7;12;11;12;0;;3;1
1906;5;10;20;15;1;Standard;Very Non-Physical;Balanced;Conservative;Balanced;Innovative;Balanced;5;4;9;17;5;13;10;3;5;10;1;3;9;11;0;;6;4
1907;5;10;20;15;1;Standard;Non-physical;Balanced;Balanced;Prefers Prospects;Conservative;Balanced;8;14;14;6;8;16;13;8;6;4;1;6;10;18;0;;7;1
1908;5;10;20;15;1;Offensive;Non-physical;Very Aggressive;Aggressive;Prefers Veterans;Balanced;Balanced;17;11;17;8;9;14;8;7;12;1;8;6;19;3;0;;3;4
1909;1;1;5;1;20;Offensive;Non-physical;Balanced;Balanced;Balanced;Innovative;Very Ruthless;1;1;1;1;1;1;1;9;1;1;5;1;1;1;19;;1;1
1910;20;20;10;15;1;Very Offensive;Very Non-Physical;Very Passive;Aggressive;Loves Veterans;Conservative;Balanced;8;7;6;13;1;4;12;1;12;3;5;6;12;13;0;;6;9
1911;20;20;10;15;1;Standard;Very Non-Physical;Balanced;Very Aggressive;Prefers Prospects;Conservative;Ruthless;2;12;7;7;4;7;6;6;14;9;3;9;10;6;0;;4;8
1912;20;20;10;15;1;Offensive;Very Non-Physical;Balanced;Aggressive;Prefers Veterans;Innovative;Balanced;2;10;12;13;10;7;12;9;15;11;9;11;13;9;0;;9;5
1913;20;20;10;15;1;Offensive;Very Non-Physical;Aggressive;Very Conservative;Prefers Veterans;Innovative;Ruthless;7;6;7;6;9;11;1;7;5;8;9;15;6;5;0;;1;4
1914;20;20;10;15;1;Offensive;Non-physical;Balanced;Balanced;Balanced;Innovative;Loyal;2;7;3;4;2;1;5;9;13;0;1;6;6;11;0;;5;11
1915;20;20;10;15;1;Offensive;Very Non-Physical;Balanced;Balanced;Balanced;Innovative;Loyal;6;8;9;1;4;11;8;1;3;1;4;10;11;13;0;;5;6
1916;20;20;10;15;1;Offensive;Very Non-Physical;Balanced;Balanced;Balanced;Balanced;Ruthless;10;10;6;8;9;11;9;7;14;0;7;15;4;6;0;;7;7
1917;20;20;10;15;1;Offensive;Very Non-Physical;Balanced;Balanced;Balanced;Balanced;Ruthless;6;6;4;3;9;12;7;5;5;11;9;11;15;9;0;;12;4
1918;20;20;10;15;1;Standard;Non-physical;Passive;Very Aggressive;Prefers Veterans;Conservative;Balanced;6;7;10;8;5;6;7;7;8;10;6;15;5;3;0;;2;2
1919;20;20;10;15;1;Offensive;Very Non-Physical;Balanced;Balanced;Prefers Prospects;Balanced;Balanced;2;2;5;1;12;11;13;3;6;0;1;13;7;5;0;;11;7
1920;20;20;10;15;1;Offensive;Very Non-Physical;Passive;Balanced;Balanced;Balanced;Loyal;11;12;7;6;10;3;6;4;4;2;3;9;11;8;0;;7;3
1921;20;20;10;15;1;Offensive;Non-physical;Balanced;Balanced;Loves Prospects;Conservative;Ruthless;5;9;10;7;4;11;3;8;7;9;6;8;5;13;0;;3;6
1922;20;20;10;15;1;Offensive;Very Non-Physical;Balanced;Very Aggressive;Balanced;Balanced;Loyal;7;4;8;9;1;8;7;1;11;10;6;11;5;13;0;;4;6
1923;20;20;10;15;1;Standard;Very Non-Physical;Balanced;Balanced;Prefers Veterans;Conservative;Ruthless;10;5;11;6;11;11;2;9;14;12;4;6;7;7;0;;4;5
1924;20;20;10;15;1;Standard;Very Non-Physical;Passive;Aggressive;Balanced;Balanced;Ruthless;11;10;8;11;3;12;4;3;11;9;2;3;16;13;0;;13;11
1925;20;20;10;15;1;Offensive;Very Non-Physical;Balanced;Aggressive;Prefers Veterans;Balanced;Loyal;7;2;3;13;2;13;11;1;11;9;4;15;4;8;0;;9;13
1926;20;20;10;15;1;Offensive;Very Non-Physical;Balanced;Aggressive;Prefers Veterans;Conservative;Balanced;10;6;10;2;3;1;8;4;5;6;5;12;8;12;0;;6;12
1927;20;20;10;15;1;Offensive;Very Non-Physical;Passive;Very Conservative;Balanced;Conservative;Loyal;7;7;11;5;9;4;4;7;7;11;6;15;14;6;0;;5;8
1928;20;20;10;15;1;Offensive;Non-physical;Aggressive;Balanced;Balanced;Innovative;Balanced;12;7;3;1;9;5;13;4;3;9;9;10;15;1;0;;3;10
1929;20;20;10;15;1;Standard;Very Non-Physical;Aggressive;Balanced;Balanced;Balanced;Balanced;2;7;9;9;3;4;5;2;5;11;4;15;4;10;0;;11;1
1930;20;20;10;15;1;Offensive;Very Non-Physical;Very Passive;Balanced;Balanced;Innovative;Loyal;3;11;9;2;9;6;12;3;14;8;4;8;12;4;0;;10;5
1931;20;20;10;15;1;Standard;Very Non-Physical;Balanced;Very Conservative;Balanced;Balanced;Ruthless;5;13;7;3;7;8;9;6;6;6;2;6;7;6;0;;3;9
1932;20;20;10;15;1;Offensive;Non-physical;Balanced;Aggressive;Prefers Prospects;Balanced;Ruthless;11;6;5;13;10;3;1;9;3;0;8;6;9;2;0;;2;3
1933;20;20;10;15;1;Offensive;Very Non-Physical;Balanced;Aggressive;Prefers Veterans;Very Conservative;Loyal;7;6;7;7;5;7;13;5;13;2;5;4;13;4;0;;1;2
1934;20;20;10;15;1;Offensive;Non-physical;Balanced;Balanced;Prefers Prospects;Balanced;Balanced;10;12;3;5;1;1;3;4;4;11;5;10;15;3;0;;4;9
1935;5;10;20;15;1;Standard;Very Non-Physical;Passive;Very Aggressive;Loves Prospects;Conservative;Balanced;6;6;6;8;9;5;6;1;10;2;5;4;17;13;0;;11;10
1936;5;10;20;15;1;Defensive;Non-physical;Balanced;Balanced;Loves Prospects;Very Conservative;Very Ruthless;8;6;8;9;13;18;9;2;10;5;4;10;13;15;0;;8;5
1937;5;10;20;15;1;Offensive;Very Non-Physical;Balanced;Balanced;Loves Veterans;Balanced;Loyal;4;18;4;7;9;11;14;6;15;10;8;10;10;5;0;;4;4
1938;5;10;20;15;1;Standard;Very Non-Physical;Very Aggressive;Balanced;Balanced;Innovative;Loyal;11;15;17;4;6;12;8;1;13;8;6;11;8;6;0;;12;1
1939;5;10;20;15;1;Defensive;Very Non-Physical;Passive;Balanced;Balanced;Conservative;Balanced;12;12;15;9;14;14;4;1;11;7;3;15;10;13;0;;8;4
1940;5;10;20;15;1;Defensive;Very Non-Physical;Aggressive;Conservative;Prefers Prospects;Balanced;Loyal;4;11;17;13;12;17;9;4;12;6;1;14;14;4;0;;12;13
1941;5;10;20;15;1;Defensive;Non-physical;Very Passive;Aggressive;Balanced;Conservative;Balanced;13;7;8;9;9;5;13;7;3;2;3;13;7;11;0;;9;9
1942;5;10;20;15;1;Defensive;Non-physical;Balanced;Very Aggressive;Prefers Prospects;Balanced;Very Loyal;8;9;10;17;18;12;10;4;4;12;1;4;15;6;0;;13;6
1943;5;10;20;15;1;Offensive;Very Non-Physical;Balanced;Aggressive;Balanced;Very Conservative;Balanced;5;9;5;14;5;8;8;8;5;3;5;9;17;14;0;;6;10
1944;5;10;20;15;1;Standard;Very Non-Physical;Balanced;Balanced;Prefers Prospects;Innovative;Very Loyal;15;9;6;16;4;5;10;9;12;5;5;9;8;10;0;;1;2
1945;5;10;20;15;1;Standard;Very Non-Physical;Balanced;Conservative;Balanced;Very Innovative;Very Loyal;10;9;11;16;15;12;13;10;4;8;8;14;12;18;0;;9;13
1946;5;10;20;15;1;Offensive;Very Non-Physical;Passive;Aggressive;Loves Veterans;Innovative;Balanced;16;8;9;19;12;5;8;9;15;10;1;9;16;8;0;;10;3
1947;5;10;20;15;1;Offensive;Very Non-Physical;Balanced;Balanced;Balanced;Conservative;Ruthless;9;15;6;5;12;17;5;4;4;6;2;12;12;10;0;;12;11
1948;5;10;20;15;1;Defensive;Very Non-Physical;Aggressive;Balanced;Prefers Veterans;Innovative;Balanced;9;6;3;13;16;4;8;9;9;3;9;5;12;6;0;;10;5
1949;5;10;20;15;1;Offensive;Non-physical;Passive;Balanced;Prefers Prospects;Balanced;Balanced;10;13;13;7;11;9;12;9;15;4;7;6;9;16;0;;5;8
1950;5;10;20;15;1;Defensive;Very Non-Physical;Very Aggressive;Aggressive;Prefers Prospects;Balanced;Ruthless;11;8;17;3;9;10;12;10;8;10;7;15;11;17;0;;5;5
1951;5;10;20;15;1;Offensive;Very Non-Physical;Passive;Conservative;Prefers Prospects;Conservative;Loyal;5;5;11;9;10;11;9;9;15;1;1;3;16;7;0;;12;10
1952;5;10;20;15;1;Offensive;Very Non-Physical;Very Aggressive;Very Conservative;Loves Veterans;Innovative;Balanced;18;7;16;15;15;13;15;9;6;7;9;12;18;12;0;;8;8
1953;5;10;20;15;1;Offensive;Non-physical;Balanced;Balanced;Prefers Veterans;Balanced;Balanced;4;9;6;4;18;10;8;3;12;11;6;10;8;7;0;;3;5
1954;5;10;20;15;1;Standard;Very Non-Physical;Aggressive;Balanced;Prefers Veterans;Conservative;Ruthless;14;6;7;12;17;5;9;8;14;0;4;15;18;8;0;;3;3
1955;5;10;20;15;1;Offensive;Very Non-Physical;Aggressive;Very Aggressive;Prefers Veterans;Conservative;Balanced;7;7;8;7;8;14;6;4;10;7;5;15;13;8;0;;2;3
1956;5;10;20;15;1;Offensive;Very Non-Physical;Aggressive;Conservative;Balanced;Conservative;Balanced;3;4;15;18;14;8;14;4;4;2;5;12;9;11;0;;7;11
1957;5;10;20;15;1;Offensive;Very Non-Physical;Balanced;Aggressive;Balanced;Balanced;Very Ruthless;15;12;5;9;14;4;8;9;14;2;5;15;16;10;0;;11;6
1958;5;10;20;15;1;Offensive;Very Non-Physical;Balanced;Aggressive;Prefers Prospects;Balanced;Balanced;6;16;11;13;7;13;5;7;9;3;5;13;18;9;0;;7;10
1959;5;10;20;15;1;Offensive;Very Non-Physical;Balanced;Balanced;Balanced;Balanced;Balanced;14;9;8;8;4;14;8;9;13;11;4;15;10;9;0;;6;6
1960;5;10;20;15;1;Offensive;Very Non-Physical;Passive;Balanced;Balanced;Very Conservative;Loyal;13;18;8;5;6;15;8;3;10;2;6;9;7;5;0;;4;3
1961;5;10;20;15;1;Offensive;Non-physical;Balanced;Aggressive;Balanced;Balanced;Balanced;15;9;9;14;3;6;12;4;9;1;3;4;7;4;0;;11;4
1962;5;10;20;15;1;Offensive;Non-physical;Very Passive;Conservative;Balanced;Balanced;Balanced;4;15;9;12;9;4;5;5;10;11;1;10;12;11;0;;5;1
1963;5;10;20;15;1;Standard;Very Non-Physical;Passive;Aggressive;Prefers Prospects;Balanced;Balanced;5;6;11;6;15;13;15;6;6;3;4;6;13;13;0;;3;13
1964;5;10;20;15;1;Standard;Very Non-Physical;Passive;Aggressive;Prefers Prospects;Balanced;Balanced;11;3;13;14;16;16;4;4;6;2;3;12;14;12;0;;1;2
1965;5;10;20;15;1;Standard;Non-physical;Aggressive;Very Aggressive;Balanced;Balanced;Balanced;5;10;16;6;9;13;4;2;7;4;3;4;18;7;0;;5;5
1966;5;10;20;15;1;Offensive;Non-physical;Balanced;Balanced;Prefers Veterans;Very Innovative;Balanced;14;15;16;10;15;5;9;5;3;7;8;12;6;8;0;;3;4
1967;5;10;20;15;1;Offensive;Non-physical;Aggressive;Aggressive;Prefers Veterans;Balanced;Ruthless;9;4;4;9;6;6;13;6;10;2;2;14;18;9;0;;2;2
1968;5;10;20;15;1;Offensive;Very Non-Physical;Aggressive;Balanced;Prefers Veterans;Conservative;Balanced;14;13;12;11;10;16;4;4;14;4;7;11;7;5;0;;1;6
1969;5;10;20;15;1;Offensive;Very Non-Physical;Balanced;Aggressive;Balanced;Conservative;Balanced;6;11;15;15;11;9;6;3;5;2;4;14;8;9;0;;12;1
1970;5;10;20;15;1;Offensive;Very Non-Physical;Aggressive;Aggressive;Prefers Veterans;Balanced;Ruthless;10;15;13;7;12;9;7;11;7;12;9;6;7;9;0;;1;13
1971;5;10;20;15;1;Standard;Very Non-Physical;Balanced;Balanced;Prefers Veterans;Conservative;Balanced;9;19;16;7;13;15;13;6;5;4;8;11;10;4;0;;12;3
1972;5;10;20;15;1;Standard;Very Non-Physical;Passive;Balanced;Balanced;Balanced;Balanced;8;6;13;8;15;11;8;1;5;4;3;8;16;12;0;;12;12
1973;5;10;20;15;1;Offensive;Very Non-Physical;Balanced;Balanced;Balanced;Balanced;Balanced;5;6;4;8;6;12;4;9;6;5;7;4;11;10;0;;12;7
1974;5;10;20;15;1;Standard;Very Non-Physical;Balanced;Conservative;Balanced;Innovative;Loyal;4;11;13;17;5;8;18;7;14;5;2;5;13;15;0;;1;6
1975;5;10;20;15;1;Offensive;Very Non-Physical;Balanced;Balanced;Prefers Veterans;Innovative;Very Ruthless;15;10;9;10;10;17;5;9;11;6;1;9;17;6;0;;8;13
1976;5;10;20;15;1;Offensive;Very Non-Physical;Aggressive;Balanced;Balanced;Balanced;Ruthless;13;14;9;9;13;19;15;5;8;2;9;5;18;13;0;;10;11
1977;5;10;20;15;1;Offensive;Non-physical;Very Aggressive;Balanced;Balanced;Balanced;Ruthless;12;15;11;6;18;12;16;9;3;5;1;13;9;10;0;;13;7
1978;5;10;20;15;1;Standard;Very Non-Physical;Very Passive;Balanced;Loves Veterans;Innovative;Loyal;4;11;12;17;8;10;11;10;10;8;6;15;15;8;0;;13;4
1979;5;10;20;15;1;Offensive;Non-physical;Very Aggressive;Very Conservative;Balanced;Innovative;Loyal;12;6;10;6;15;11;18;2;13;1;5;12;7;13;0;;12;7
1980;5;10;20;15;1;Very Offensive;Very Non-Physical;Aggressive;Balanced;Balanced;Conservative;Balanced;10;5;7;10;14;7;15;8;12;9;5;3;20;5;0;;2;11
1981;5;10;20;15;1;Standard;Very Non-Physical;Balanced;Conservative;Prefers Veterans;Balanced;Loyal;14;10;16;13;11;11;4;9;11;1;9;14;11;10;0;;9;2
1982;5;10;20;15;1;Offensive;Very Non-Physical;Balanced;Very Aggressive;Prefers Prospects;Conservative;Very Loyal;14;12;3;9;15;6;6;7;11;1;2;14;11;11;0;;3;3
1983;5;10;20;15;1;Offensive;Very Non-Physical;Passive;Very Aggressive;Prefers Veterans;Conservative;Balanced;11;11;13;11;10;14;15;10;13;2;2;6;12;9;0;;11;12
1984;5;10;20;15;1;Standard;Physical;Passive;Balanced;Balanced;Very Innovative;Ruthless;12;7;7;8;8;5;17;7;5;12;7;6;14;12;0;;8;8
1985;1;1;5;1;20;Offensive;Very Non-Physical;Aggressive;Very Conservative;Balanced;Balanced;Loyal;1;1;1;1;1;1;1;5;1;1;2;1;1;1;19;;1;1
1986;1;1;5;1;20;Standard;Very Non-Physical;Aggressive;Conservative;Prefers Prospects;Balanced;Very Loyal;0;0;0;0;0;0;0;1;0;0;3;0;0;0;15;;0;0
1987;0;20;20;0;0;Standard;Balanced;Balanced;Balanced;Balanced;Balanced;Balanced;7;7;7;7;7;7;7;7;7;7;7;7;7;7;0;;0;0
1988;20;15;5;5;1;Standard;Very Non-Physical;Aggressive;Balanced;Loves Prospects;Innovative;Ruthless;5;6;3;10;5;10;4;7;12;9;8;10;9;6;0;;7;1
1989;20;15;5;5;1;Offensive;Non-physical;Passive;Conservative;Prefers Prospects;Conservative;Balanced;4;12;2;12;6;13;13;8;13;9;9;4;9;8;0;;13;12
1990;20;15;5;5;1;Offensive;Very Non-Physical;Balanced;Aggressive;Balanced;Innovative;Loyal;11;10;12;12;11;11;2;9;11;11;3;15;14;3;0;;4;13
1991;20;15;5;5;1;Defensive;Very Non-Physical;Aggressive;Balanced;Balanced;Innovative;Balanced;8;2;2;8;4;13;1;4;8;5;1;11;16;6;0;;13;8
1992;20;15;5;5;1;Offensive;Non-physical;Passive;Very Conservative;Balanced;Balanced;Ruthless;1;7;4;6;11;10;1;5;12;7;2;3;6;9;0;;1;5
1993;20;15;5;5;1;Offensive;Very Non-Physical;Balanced;Conservative;Balanced;Very Conservative;Balanced;10;2;11;1;4;11;13;6;12;5;5;11;9;5;0;;13;7
1994;20;15;5;5;1;Offensive;Non-physical;Aggressive;Very Conservative;Prefers Prospects;Balanced;Balanced;7;2;13;13;2;7;10;6;12;7;8;10;6;5;0;;11;12
1995;20;15;5;5;1;Offensive;Non-physical;Very Aggressive;Balanced;Balanced;Innovative;Balanced;9;7;7;5;6;1;3;3;5;1;8;5;8;4;0;;3;1
1996;20;15;5;5;1;Standard;Very Non-Physical;Balanced;Balanced;Balanced;Balanced;Ruthless;4;9;3;11;6;11;10;8;3;12;6;8;12;10;0;;12;2
1997;20;15;5;5;1;Standard;Very Non-Physical;Very Aggressive;Balanced;Prefers Veterans;Balanced;Balanced;7;7;8;3;6;9;13;5;15;10;8;5;15;9;0;;3;1
1998;20;15;5;5;1;Offensive;Non-physical;Balanced;Very Aggressive;Prefers Veterans;Conservative;Ruthless;12;11;10;3;15;10;1;9;11;11;5;3;14;12;0;;1;12
1999;20;15;5;5;1;Offensive;Very Non-Physical;Very Aggressive;Balanced;Balanced;Balanced;Balanced;4;2;4;8;2;11;5;2;7;6;8;6;4;3;0;;4;1
2000;20;15;5;5;1;Offensive;Very Non-Physical;Passive;Aggressive;Balanced;Balanced;Ruthless;7;8;5;9;5;8;11;7;7;8;8;13;7;11;0;;11;5
2001;20;15;5;5;1;Offensive;Very Non-Physical;Passive;Balanced;Balanced;Conservative;Ruthless;3;2;1;8;2;4;7;8;6;5;9;9;12;10;0;;11;8
2002;20;15;5;5;1;Standard;Very Non-Physical;Passive;Conservative;Balanced;Very Innovative;Loyal;11;10;4;3;13;2;3;8;3;6;7;11;14;13;0;;8;8
2003;20;15;5;5;1;Offensive;Non-physical;Very Aggressive;Balanced;Balanced;Very Conservative;Balanced;1;12;3;9;13;13;4;7;7;11;4;10;15;6;0;;2;3
2004;20;15;5;5;1;Offensive;Very Non-Physical;Very Aggressive;Conservative;Prefers Prospects;Balanced;Balanced;3;2;7;5;10;10;13;7;4;6;6;7;11;1;0;;5;4
2005;20;15;5;5;1;Standard;Very Non-Physical;Balanced;Aggressive;Prefers Veterans;Balanced;Loyal;5;1;1;7;13;6;10;9;3;1;3;5;10;5;0;;5;3
2006;20;15;5;5;1;Offensive;Very Non-Physical;Balanced;Conservative;Balanced;Very Conservative;Balanced;1;9;4;2;1;7;9;7;10;6;9;8;6;7;0;;7;1
2007;20;15;5;5;1;Offensive;Non-physical;Balanced;Balanced;Balanced;Conservative;Loyal;13;6;1;6;13;12;9;2;11;11;3;4;11;3;0;;7;9
2008;20;15;5;5;1;Defensive;Very Non-Physical;Balanced;Balanced;Balanced;Innovative;Loyal;6;1;3;13;1;2;4;9;10;10;3;11;11;13;0;;9;5
2009;20;15;5;5;1;Offensive;Non-physical;Aggressive;Aggressive;Prefers Prospects;Conservative;Balanced;8;7;5;4;12;10;5;1;11;12;3;7;15;5;0;;5;9
2010;20;15;5;5;1;Offensive;Non-physical;Balanced;Very Conservative;Balanced;Balanced;Ruthless;4;4;7;8;1;7;2;3;13;5;6;3;8;5;0;;9;1
2011;20;15;5;5;1;Offensive;Very Non-Physical;Balanced;Conservative;Balanced;Conservative;Loyal;4;11;5;3;12;3;7;3;10;11;6;3;14;12;0;;2;7
2012;20;15;5;5;1;Standard;Non-physical;Balanced;Balanced;Prefers Veterans;Innovative;Very Loyal;10;7;5;1;2;1;3;8;9;11;9;14;14;4;0;;6;11
2013;20;15;5;5;1;Standard;Non-physical;Balanced;Aggressive;Prefers Prospects;Conservative;Balanced;5;6;8;2;12;8;9;1;13;2;8;11;9;4;0;;10;12
2014;20;15;5;5;1;Standard;Very Non-Physical;Aggressive;Balanced;Balanced;Balanced;Loyal;4;3;10;13;6;9;7;9;12;5;8;4;4;8;0;;7;1
2015;20;15;5;5;1;Offensive;Very Non-Physical;Balanced;Aggressive;Balanced;Conservative;Balanced;13;6;3;5;10;6;12;2;11;12;1;11;15;1;0;;13;2
2016;20;15;5;5;1;Standard;Very Non-Physical;Balanced;Conservative;Balanced;Balanced;Ruthless;12;4;5;7;4;4;4;3;4;4;7;3;12;13;0;;10;7
2017;20;15;5;5;1;Offensive;Very Non-Physical;Aggressive;Balanced;Prefers Veterans;Innovative;Ruthless;9;12;7;10;5;9;5;8;11;12;6;15;16;7;0;;7;1
2018;5;10;20;15;1;Offensive;Non-physical;Balanced;Conservative;Balanced;Conservative;Loyal;16;6;12;12;13;5;6;3;3;11;1;9;16;10;0;;2;12
2019;5;10;20;15;1;Offensive;Very Non-Physical;Very Passive;Balanced;Balanced;Balanced;Balanced;10;15;11;8;7;14;9;4;3;3;8;4;12;8;0;;11;9
2020;5;10;20;15;1;Offensive;Very Non-Physical;Aggressive;Balanced;Balanced;Conservative;Balanced;6;8;9;5;6;14;5;4;6;2;1;15;19;6;0;;2;1
2021;5;10;20;15;1;Standard;Very Non-Physical;Balanced;Conservative;Balanced;Conservative;Loyal;10;3;6;12;17;12;13;11;4;1;9;8;19;13;0;;7;4
2022;5;10;20;15;1;Defensive;Non-physical;Passive;Balanced;Balanced;Balanced;Ruthless;8;10;5;12;16;3;13;1;10;2;7;12;13;6;0;;8;9
2023;20;15;5;5;1;Standard;Very Non-Physical;Balanced;Balanced;Balanced;Balanced;Balanced;8;11;5;11;9;9;8;2;10;3;2;8;8;3;0;;8;13
2024;5;10;20;15;1;Offensive;Very Non-Physical;Aggressive;Balanced;Balanced;Very Conservative;Loyal;7;10;16;5;7;14;12;8;9;12;1;6;8;7;0;;2;4
2025;5;10;20;15;1;Standard;Very Non-Physical;Balanced;Very Aggressive;Balanced;Very Innovative;Ruthless;4;6;4;17;14;7;9;8;8;10;3;5;18;16;0;;13;5
2026;5;10;20;15;1;Offensive;Very Non-Physical;Passive;Conservative;Loves Veterans;Balanced;Loyal;5;11;14;4;3;6;14;1;4;4;9;7;7;17;0;;7;2
2027;5;10;20;15;1;Offensive;Non-physical;Balanced;Very Aggressive;Balanced;Balanced;Loyal;10;12;15;9;11;16;12;1;9;6;5;3;9;7;0;;10;9
2028;5;10;20;15;1;Standard;Non-physical;Aggressive;Balanced;Prefers Veterans;Conservative;Ruthless;3;8;4;5;16;8;9;5;3;0;4;11;11;18;0;;4;11
2029;20;15;5;5;1;Offensive;Non-physical;Balanced;Very Conservative;Loves Prospects;Conservative;Very Ruthless;2;12;6;8;9;13;8;8;11;7;6;9;6;2;0;;11;13
2030;5;10;20;15;1;Defensive;Very Non-Physical;Balanced;Conservative;Balanced;Innovative;Loyal;6;7;7;13;16;15;13;3;11;10;6;4;13;11;0;;12;8
2031;5;10;20;15;1;Offensive;Non-physical;Very Aggressive;Balanced;Balanced;Balanced;Loyal;12;4;12;8;6;14;9;5;12;2;4;5;19;15;0;;7;7
2032;5;10;20;15;1;Offensive;Very Non-Physical;Balanced;Balanced;Prefers Veterans;Innovative;Balanced;13;6;10;10;11;13;7;2;3;8;2;5;7;17;0;;5;8
2033;5;10;20;15;1;Standard;Very Non-Physical;Passive;Aggressive;Prefers Prospects;Balanced;Loyal;6;16;13;6;7;5;11;3;14;2;7;12;12;15;0;;7;3
2034;5;10;20;15;1;Offensive;Very Non-Physical;Balanced;Balanced;Balanced;Balanced;Ruthless;9;15;10;7;12;9;16;10;7;2;6;3;14;4;0;;2;2
2035;20;15;5;5;1;Standard;Very Non-Physical;Very Passive;Balanced;Balanced;Conservative;Ruthless;6;11;10;13;6;11;2;4;12;12;8;14;12;9;0;;2;13
2036;5;10;20;15;1;Offensive;Very Non-Physical;Very Aggressive;Balanced;Prefers Prospects;Balanced;Balanced;7;8;15;4;6;6;11;6;15;9;2;13;20;15;0;;7;5
2037;5;10;20;15;1;Defensive;Very Non-Physical;Balanced;Balanced;Loves Veterans;Very Innovative;Very Loyal;18;6;17;13;16;15;6;7;5;0;3;13;13;5;0;;4;2
2038;5;10;20;15;1;Offensive;Non-physical;Aggressive;Aggressive;Prefers Prospects;Balanced;Balanced;15;16;6;14;12;6;3;6;12;1;1;7;13;6;0;;5;7
2039;5;10;20;15;1;Offensive;Very Non-Physical;Balanced;Aggressive;Prefers Prospects;Conservative;Balanced;13;3;10;8;12;9;6;3;7;10;6;7;18;4;0;;7;4
2040;5;10;20;15;1;Defensive;Non-physical;Aggressive;Balanced;Balanced;Very Innovative;Ruthless;4;16;3;14;7;14;17;2;9;0;8;6;13;15;0;;2;3
2041;20;15;5;5;1;Standard;Non-physical;Balanced;Aggressive;Prefers Veterans;Conservative;Balanced;3;12;2;7;3;6;9;5;15;1;2;7;12;8;0;;9;5
2042;5;10;20;15;1;Offensive;Very Non-Physical;Passive;Balanced;Balanced;Conservative;Balanced;14;14;11;4;4;12;5;11;13;6;4;12;17;14;0;;9;8
2043;5;10;20;15;1;Offensive;Very Non-Physical;Balanced;Balanced;Prefers Veterans;Innovative;Very Ruthless;8;4;6;7;16;9;8;3;15;6;8;12;8;3;0;;12;4
2044;5;10;20;15;1;Standard;Non-physical;Balanced;Balanced;Balanced;Balanced;Balanced;17;20;13;8;8;15;6;10;4;12;2;12;11;11;0;;13;11
2045;5;10;20;15;1;Offensive;Non-physical;Passive;Aggressive;Prefers Veterans;Conservative;Ruthless;6;11;13;7;9;7;18;3;15;0;8;5;11;5;0;;4;6
2046;5;10;20;15;1;Standard;Very Non-Physical;Balanced;Balanced;Prefers Veterans;Balanced;Balanced;5;7;16;4;4;7;10;6;9;7;2;7;8;7;0;;4;1
2047;0;20;15;0;0;Very Defensive;Very Physical;Balanced;Balanced;Balanced;Balanced;Balanced;7;7;7;7;7;7;7;7;7;7;7;7;7;7;0;;0;0
2048;0;20;15;0;0;Very Defensive;Very Physical;Balanced;Balanced;Balanced;Balanced;Balanced;7;7;7;7;7;7;7;7;7;7;7;7;7;7;0;;0;0
2049;0;20;15;0;0;Very Defensive;Very Physical;Balanced;Balanced;Balanced;Balanced;Balanced;7;7;7;7;7;7;7;7;7;7;7;7;7;7;0;;0;0
2050;0;20;15;0;0;Very Defensive;Very Physical;Balanced;Balanced;Balanced;Balanced;Balanced;7;7;7;7;7;7;7;7;7;7;7;7;7;7;0;;0;0
2051;0;20;15;0;0;Very Defensive;Very Physical;Balanced;Balanced;Balanced;Balanced;Balanced;7;7;7;7;7;7;7;7;7;7;7;7;7;7;0;;0;0
2052;0;20;15;0;0;Very Defensive;Very Physical;Balanced;Balanced;Balanced;Balanced;Balanced;7;7;7;7;7;7;7;7;7;7;7;7;7;7;0;;0;0
2053;0;20;15;0;0;Very Defensive;Very Physical;Balanced;Balanced;Balanced;Balanced;Balanced;7;7;7;7;7;7;7;7;7;7;7;7;13;7;0;;1;1
2054;0;20;15;0;0;Very Defensive;Very Physical;Balanced;Balanced;Balanced;Balanced;Balanced;7;7;7;7;7;7;7;7;7;7;7;7;7;7;0;;0;0
2055;0;20;15;0;0;Very Defensive;Very Physical;Balanced;Balanced;Balanced;Balanced;Balanced;7;7;7;7;7;7;7;7;7;7;7;7;7;7;0;;0;0
2056;0;20;15;0;0;Very Defensive;Very Physical;Balanced;Balanced;Balanced;Balanced;Balanced;7;7;7;7;7;7;7;7;7;7;7;7;7;7;0;;0;0
2057;0;20;15;0;0;Very Defensive;Very Physical;Balanced;Balanced;Balanced;Balanced;Balanced;7;7;7;7;7;7;7;7;7;7;7;7;7;7;0;;0;0
2058;0;20;15;0;0;Very Defensive;Very Physical;Balanced;Balanced;Balanced;Balanced;Balanced;7;7;7;7;7;7;7;7;7;7;7;7;7;7;0;;0;0
2059;0;20;15;0;0;Very Defensive;Very Physical;Balanced;Balanced;Balanced;Balanced;Balanced;7;7;7;7;7;7;7;7;7;7;7;7;7;7;0;;0;0
2060;0;20;15;0;0;Very Defensive;Very Physical;Balanced;Balanced;Balanced;Balanced;Balanced;7;7;7;7;7;7;7;7;7;7;7;7;7;7;0;;0;0
2061;0;20;15;0;0;Very Defensive;Very Physical;Balanced;Balanced;Balanced;Balanced;Balanced;7;7;7;7;7;7;7;7;7;7;7;7;7;7;0;;0;0
2062;0;20;15;0;0;Very Defensive;Very Physical;Balanced;Balanced;Balanced;Balanced;Balanced;7;7;7;7;7;7;7;7;7;7;7;7;7;7;0;;0;0
2063;0;20;15;0;0;Very Defensive;Very Physical;Balanced;Balanced;Balanced;Balanced;Balanced;7;7;7;7;7;7;7;7;7;7;7;7;7;7;0;;0;0
2064;0;20;15;0;0;Very Defensive;Very Physical;Balanced;Balanced;Balanced;Balanced;Balanced;7;7;7;7;7;7;7;7;7;7;7;7;7;7;0;;0;0
2065;0;20;15;0;0;Very Defensive;Very Physical;Balanced;Balanced;Balanced;Balanced;Balanced;7;7;7;7;7;7;7;7;7;7;7;7;7;7;0;;0;0
2066;0;20;15;0;0;Very Defensive;Very Physical;Balanced;Balanced;Balanced;Balanced;Balanced;7;7;7;7;7;7;7;7;7;7;7;7;7;7;0;;0;0
2067;0;20;15;0;0;Very Defensive;Very Physical;Balanced;Balanced;Balanced;Balanced;Balanced;7;7;7;7;7;7;7;7;7;7;7;7;9;7;0;;1;1
2068;0;20;15;0;0;Very Defensive;Very Physical;Balanced;Balanced;Balanced;Balanced;Balanced;7;7;7;7;7;7;7;7;7;7;7;7;9;7;0;;1;1
2069;0;20;15;0;0;Very Defensive;Very Physical;Balanced;Balanced;Balanced;Balanced;Balanced;7;7;7;7;7;7;7;7;7;7;7;7;7;7;0;;0;0
2070;0;20;15;0;0;Very Defensive;Very Physical;Balanced;Balanced;Balanced;Balanced;Balanced;7;7;7;7;7;7;7;7;7;7;7;7;7;7;0;;0;0
2071;5;10;20;15;1;Offensive;Very Non-Physical;Balanced;Conservative;Loves Prospects;Very Conservative;Ruthless;6;5;15;7;5;11;15;7;9;7;3;14;20;9;0;;5;8
2072;5;10;20;15;1;Standard;Non-physical;Aggressive;Aggressive;Prefers Veterans;Innovative;Very Loyal;8;17;15;12;17;15;13;2;12;1;1;12;18;12;0;;1;4
2073;5;10;20;15;1;Standard;Non-physical;Balanced;Conservative;Balanced;Very Innovative;Balanced;11;14;7;6;3;3;15;9;9;0;1;10;11;9;0;;3;10
2074;5;10;20;15;1;Offensive;Very Non-Physical;Balanced;Balanced;Prefers Veterans;Conservative;Loyal;7;8;15;10;8;12;10;7;14;7;1;13;16;11;0;;4;11
2075;5;10;20;15;1;Offensive;Non-physical;Balanced;Balanced;Prefers Veterans;Balanced;Balanced;5;5;9;15;17;6;14;9;10;6;3;8;13;7;0;;5;8
2076;5;10;20;15;1;Offensive;Very Non-Physical;Very Passive;Conservative;Balanced;Balanced;Balanced;14;13;8;19;14;11;7;5;14;8;9;9;18;10;0;;4;5
2077;5;10;20;15;1;Offensive;Very Non-Physical;Balanced;Aggressive;Balanced;Balanced;Very Ruthless;3;13;12;6;9;3;5;11;15;12;7;6;16;10;0;;13;9
2078;5;10;20;15;1;Offensive;Non-physical;Balanced;Very Aggressive;Balanced;Very Innovative;Very Ruthless;3;12;16;7;6;13;11;3;12;0;6;11;18;12;0;;5;13
2079;5;10;20;15;1;Offensive;Non-physical;Very Passive;Conservative;Balanced;Balanced;Ruthless;3;15;4;5;11;11;9;7;14;10;8;13;8;16;0;;7;5
2080;5;10;20;15;1;Standard;Very Non-Physical;Passive;Balanced;Loves Prospects;Balanced;Balanced;6;10;6;7;10;7;7;8;6;1;1;9;8;11;0;;3;6
2081;1;1;5;1;20;Offensive;Non-physical;Aggressive;Balanced;Balanced;Balanced;Loyal;0;0;0;0;0;0;0;5;0;0;3;0;0;0;19;;0;0
2082;1;1;5;1;20;Offensive;Very Non-Physical;Balanced;Balanced;Balanced;Balanced;Loyal;0;0;0;0;0;0;0;5;0;0;3;0;0;0;16;;0;0
2083;1;1;5;1;20;Offensive;Very Non-Physical;Aggressive;Balanced;Prefers Veterans;Balanced;Loyal;0;0;0;0;0;0;0;3;0;0;3;0;0;0;15;;0;0
2084;1;1;5;1;20;Offensive;Very Non-Physical;Very Aggressive;Balanced;Prefers Prospects;Innovative;Balanced;0;0;0;0;0;0;0;3;0;0;1;0;0;0;17;;0;0
2085;1;1;5;1;20;Offensive;Very Non-Physical;Balanced;Balanced;Prefers Veterans;Balanced;Balanced;0;0;0;0;0;0;0;2;0;0;7;0;0;0;15;;0;0
2086;1;1;5;1;20;Offensive;Very Non-Physical;Balanced;Aggressive;Balanced;Balanced;Balanced;0;0;0;0;0;0;0;8;0;0;3;0;0;0;15;;0;0
2087;1;1;5;1;20;Offensive;Very Non-Physical;Balanced;Conservative;Balanced;Balanced;Balanced;1;1;1;1;1;1;1;5;1;1;2;1;1;1;20;;1;1
2088;1;1;5;1;20;Defensive;Non-physical;Balanced;Aggressive;Balanced;Balanced;Loyal;0;0;0;0;0;0;0;4;0;0;6;0;0;0;16;;0;0
2089;1;1;5;1;20;Standard;Very Non-Physical;Balanced;Balanced;Prefers Prospects;Balanced;Ruthless;1;1;1;1;1;1;1;7;1;1;7;1;1;1;18;;1;1
2090;1;1;5;1;20;Offensive;Very Non-Physical;Balanced;Balanced;Balanced;Very Conservative;Balanced;0;0;0;0;0;0;0;2;0;0;5;0;0;0;15;;0;0
2091;1;1;5;1;20;Offensive;Non-physical;Balanced;Conservative;Prefers Veterans;Conservative;Loyal;1;1;1;1;1;1;1;7;1;1;3;1;1;1;20;;1;1
2092;1;1;5;1;20;Standard;Very Non-Physical;Aggressive;Conservative;Prefers Prospects;Conservative;Balanced;0;0;0;0;0;0;0;3;0;0;1;0;0;0;19;;0;0
2093;1;1;5;1;20;Defensive;Very Non-Physical;Balanced;Aggressive;Prefers Veterans;Very Innovative;Balanced;0;0;0;0;0;0;0;3;0;0;8;0;0;0;15;;0;0
2094;1;1;5;1;20;Standard;Very Non-Physical;Balanced;Balanced;Prefers Prospects;Innovative;Balanced;0;0;0;0;0;0;0;5;0;0;7;0;0;0;16;;0;0
2095;1;1;5;1;20;Offensive;Non-physical;Balanced;Conservative;Balanced;Very Innovative;Loyal;1;1;1;1;1;1;1;9;1;1;8;1;1;1;19;;1;1
2096;1;1;5;1;20;Offensive;Very Non-Physical;Balanced;Balanced;Balanced;Conservative;Very Loyal;0;0;0;0;0;0;0;4;0;0;2;0;0;0;16;;0;0
2097;1;1;5;1;20;Standard;Non-physical;Very Passive;Balanced;Balanced;Innovative;Loyal;0;0;0;0;0;0;0;7;0;0;4;0;0;0;16;;0;0
2098;1;1;5;1;20;Offensive;Very Non-Physical;Balanced;Balanced;Balanced;Innovative;Ruthless;0;0;0;0;0;0;0;1;0;0;2;0;0;0;17;;0;0
2099;1;1;5;1;20;Standard;Very Non-Physical;Balanced;Balanced;Prefers Veterans;Balanced;Balanced;0;0;0;0;0;0;0;5;0;0;3;0;0;0;19;;0;0
2100;1;1;5;1;20;Offensive;Very Non-Physical;Balanced;Balanced;Prefers Veterans;Very Innovative;Loyal;1;1;1;1;1;1;1;1;1;1;9;1;1;1;20;;1;1
2101;1;1;5;1;20;Offensive;Very Non-Physical;Balanced;Balanced;Loves Veterans;Conservative;Balanced;0;0;0;0;0;0;0;3;0;0;5;0;0;0;16;;0;0
2102;1;1;5;1;20;Standard;Very Non-Physical;Balanced;Very Conservative;Prefers Prospects;Balanced;Loyal;0;0;0;0;0;0;0;1;0;0;7;0;0;0;17;;0;0
2103;1;1;5;1;20;Offensive;Very Non-Physical;Balanced;Balanced;Prefers Veterans;Conservative;Balanced;0;0;0;0;0;0;0;5;0;0;8;0;0;0;16;;0;0
2104;1;1;5;1;20;Offensive;Non-physical;Balanced;Very Aggressive;Loves Veterans;Innovative;Ruthless;1;1;1;1;1;1;1;4;1;1;7;1;1;1;19;;1;1
2105;1;1;5;1;20;Offensive;Very Non-Physical;Balanced;Aggressive;Balanced;Conservative;Loyal;0;0;0;0;0;0;0;1;0;0;2;0;0;0;19;;0;0
2106;1;1;5;1;20;Defensive;Non-physical;Balanced;Very Aggressive;Balanced;Conservative;Balanced;0;0;0;0;0;0;0;8;0;0;8;0;0;0;17;;0;0
2107;1;1;5;1;20;Offensive;Very Non-Physical;Balanced;Balanced;Loves Prospects;Conservative;Loyal;0;0;0;0;0;0;0;8;0;0;4;0;0;0;19;;0;0
2108;1;1;5;1;20;Standard;Very Non-Physical;Balanced;Conservative;Balanced;Balanced;Loyal;0;0;0;0;0;0;0;8;0;0;4;0;0;0;19;;0;0
2109;1;1;5;1;20;Defensive;Non-physical;Aggressive;Aggressive;Balanced;Very Conservative;Balanced;0;0;0;0;0;0;0;2;0;0;1;0;0;0;17;;0;0
2110;5;10;20;15;1;Standard;Very Non-Physical;Balanced;Balanced;Prefers Veterans;Innovative;Loyal;6;16;6;12;18;15;4;4;10;8;4;12;15;13;0;;6;4
2111;5;10;20;15;1;Standard;Very Non-Physical;Passive;Balanced;Loves Veterans;Balanced;Ruthless;7;11;8;15;12;9;6;6;15;0;8;6;14;10;0;;9;6
2112;5;10;20;15;1;Standard;Very Non-Physical;Passive;Conservative;Balanced;Balanced;Loyal;18;3;5;15;4;5;14;3;14;11;8;4;14;15;0;;13;5
2113;5;10;20;15;1;Offensive;Very Non-Physical;Aggressive;Balanced;Loves Veterans;Conservative;Loyal;9;7;15;4;8;7;14;9;8;8;9;14;8;11;0;;4;4
2114;5;10;20;15;1;Standard;Very Non-Physical;Passive;Balanced;Loves Prospects;Conservative;Ruthless;15;12;4;5;14;8;6;6;15;2;1;12;14;16;0;;3;2
2115;5;10;20;15;1;Offensive;Non-physical;Passive;Balanced;Prefers Prospects;Innovative;Ruthless;16;10;6;13;7;13;15;9;11;5;7;15;16;11;0;;7;12
2116;5;10;20;15;1;Defensive;Very Non-Physical;Passive;Conservative;Balanced;Innovative;Balanced;10;6;15;16;3;7;13;1;9;11;3;14;10;10;0;;9;9
2117;5;10;20;15;1;Offensive;Very Non-Physical;Balanced;Very Conservative;Prefers Prospects;Conservative;Loyal;6;9;13;17;5;15;14;6;10;11;5;12;13;11;0;;12;9
2118;5;10;20;15;1;Standard;Very Non-Physical;Aggressive;Very Aggressive;Prefers Prospects;Conservative;Loyal;7;13;6;8;8;9;14;9;6;12;1;6;11;5;0;;6;4
2119;5;10;20;15;1;Offensive;Very Non-Physical;Balanced;Conservative;Balanced;Conservative;Balanced;14;7;9;10;4;8;5;10;6;8;1;3;16;3;0;;13;10
2120;5;10;20;15;1;Standard;Non-physical;Aggressive;Aggressive;Balanced;Conservative;Very Ruthless;9;16;6;10;14;11;9;3;12;10;4;5;9;11;0;;13;3
2121;5;10;20;15;1;Offensive;Very Non-Physical;Balanced;Balanced;Prefers Prospects;Conservative;Loyal;8;8;4;8;11;17;7;2;11;3;3;14;19;5;0;;11;9
2122;5;10;20;15;1;Standard;Very Non-Physical;Balanced;Balanced;Prefers Prospects;Balanced;Very Ruthless;12;11;3;16;3;13;13;4;7;9;2;7;18;7;0;;11;10
2123;5;10;20;15;1;Offensive;Very Non-Physical;Balanced;Aggressive;Balanced;Conservative;Balanced;9;16;14;10;13;17;10;6;6;8;3;14;15;8;0;;5;13
2124;5;10;20;15;1;Offensive;Non-physical;Very Aggressive;Balanced;Prefers Veterans;Very Conservative;Very Loyal;6;11;6;5;14;6;8;5;4;9;6;4;17;9;0;;1;5
2125;5;10;20;15;1;Offensive;Very Non-Physical;Aggressive;Balanced;Balanced;Balanced;Balanced;11;10;16;10;9;14;10;6;8;12;8;6;16;13;0;;11;9
2126;5;10;20;15;1;Offensive;Non-physical;Balanced;Conservative;Balanced;Conservative;Balanced;8;15;14;9;5;6;5;4;15;6;8;4;7;12;0;;2;11
2127;5;10;20;15;1;Standard;Non-physical;Balanced;Balanced;Prefers Veterans;Innovative;Ruthless;6;10;14;12;5;18;10;10;12;5;8;8;14;8;0;;7;9
2128;5;10;20;15;1;Offensive;Non-physical;Balanced;Aggressive;Prefers Veterans;Balanced;Balanced;6;18;14;11;4;4;11;6;5;1;9;9;17;9;0;;7;10
2129;5;10;19;20;1;Standard;Very Non-Physical;Balanced;Aggressive;Balanced;Innovative;Ruthless;14;9;11;15;6;12;10;8;11;7;7;10;9;15;0;;10;15
2130;1;10;20;15;1;Standard;Balanced;Aggressive;Balanced;Balanced;Innovative;Balanced;8;9;11;11;11;11;9;5;8;5;5;5;11;20;0;;13;12
2131;10;20;15;15;1;Standard;Balanced;Balanced;Conservative;Balanced;Balanced;Balanced;13;6;5;7;9;5;5;7;7;9;7;15;5;8;0;;15;13
2132;1;5;20;20;1;Standard;Balanced;Balanced;Balanced;Balanced;Balanced;Balanced;6;14;8;7;9;7;8;2;7;2;2;2;6;9;0;;13;12
2133;10;20;15;15;1;Offensive;Balanced;Balanced;Balanced;Prefers Veterans;Balanced;Loyal;5;7;12;5;7;9;9;6;6;16;10;9;5;9;0;;15;14
2134;1;10;10;20;1;Standard;Balanced;Balanced;Balanced;Balanced;Balanced;Balanced;3;3;3;3;3;3;3;3;3;3;3;3;3;3;0;;15;15
2135;10;20;10;15;1;Standard;Balanced;Balanced;Balanced;Balanced;Balanced;Balanced;5;5;5;5;5;5;5;10;5;10;10;10;5;5;0;;16;16
2136;1;10;20;20;1;Standard;Balanced;Balanced;Balanced;Balanced;Balanced;Balanced;9;9;9;9;9;9;9;4;9;4;4;4;9;9;0;;13;12
2137;1;10;20;19;1;Standard;Balanced;Balanced;Balanced;Balanced;Innovative;Balanced;9;9;9;9;9;9;9;4;9;4;4;4;9;9;0;;13;12
2138;1;10;20;20;1;Standard;Physical;Balanced;Aggressive;Prefers Veterans;Conservative;Ruthless;5;13;7;6;8;6;7;3;6;3;3;3;5;8;0;;14;14
2139;1;10;10;20;1;Standard;Balanced;Balanced;Balanced;Balanced;Balanced;Balanced;3;3;3;3;3;3;3;3;3;3;3;3;3;3;0;;14;14
2140;1;10;10;20;1;Standard;Balanced;Balanced;Balanced;Balanced;Balanced;Balanced;3;3;3;3;3;3;3;3;3;3;3;3;3;3;0;;14;14
2141;0;20;20;0;0;Very Defensive;Very Physical;Balanced;Balanced;Balanced;Balanced;Balanced;7;7;7;7;7;7;7;7;7;7;7;7;7;7;0;;0;0
2142;5;10;20;15;1;Offensive;Non-physical;Very Passive;Conservative;Balanced;Balanced;Very Loyal;10;9;18;10;10;8;7;8;14;5;9;15;9;16;0;;12;13
2143;5;10;20;15;1;Offensive;Non-physical;Balanced;Conservative;Prefers Prospects;Innovative;Very Ruthless;6;5;12;9;6;7;10;6;6;10;1;8;17;11;0;;2;5
2144;5;10;20;15;1;Offensive;Very Non-Physical;Balanced;Very Aggressive;Balanced;Balanced;Balanced;15;14;12;17;8;8;14;3;10;4;5;3;13;7;0;;4;8
2145;5;10;20;15;1;Offensive;Non-physical;Aggressive;Balanced;Prefers Prospects;Innovative;Very Loyal;9;17;10;5;10;17;9;3;7;12;1;15;11;9;0;;12;8
2146;5;10;20;15;1;Standard;Very Non-Physical;Aggressive;Balanced;Balanced;Balanced;Balanced;5;6;16;7;11;14;7;7;9;0;4;12;7;9;0;;8;12
2147;5;10;20;15;1;Offensive;Very Non-Physical;Aggressive;Conservative;Balanced;Very Innovative;Balanced;13;6;10;6;13;10;15;9;6;9;4;5;14;9;0;;3;13
2148;5;10;20;15;1;Very Offensive;Very Non-Physical;Aggressive;Very Aggressive;Prefers Veterans;Balanced;Balanced;9;15;4;12;12;12;9;4;3;7;6;14;8;11;0;;4;9
2149;5;10;20;15;1;Offensive;Very Non-Physical;Passive;Balanced;Balanced;Conservative;Balanced;6;13;11;17;14;8;6;7;3;11;3;11;18;15;0;;7;10
2150;5;10;20;15;1;Standard;Non-physical;Balanced;Balanced;Loves Veterans;Balanced;Balanced;12;11;13;7;13;15;9;2;9;1;7;9;16;5;0;;12;6
2151;5;10;20;15;1;Offensive;Very Non-Physical;Balanced;Balanced;Balanced;Balanced;Very Loyal;9;16;15;14;11;13;14;3;6;5;5;4;9;19;0;;11;4
2152;5;10;20;15;1;Offensive;Non-physical;Balanced;Balanced;Prefers Prospects;Balanced;Balanced;8;11;16;4;7;6;4;7;15;3;7;14;14;5;0;;6;1
2153;5;10;20;15;1;Offensive;Very Non-Physical;Passive;Aggressive;Prefers Prospects;Conservative;Very Loyal;16;7;6;11;14;7;6;10;7;8;7;6;10;12;0;;11;1
2154;5;10;20;15;1;Offensive;Very Non-Physical;Balanced;Balanced;Prefers Veterans;Very Conservative;Balanced;5;10;6;5;13;14;17;4;7;10;5;7;17;12;0;;1;4
2155;5;10;20;15;1;Standard;Non-physical;Balanced;Conservative;Balanced;Very Conservative;Ruthless;7;8;4;5;9;7;14;5;8;5;2;4;9;12;0;;10;6
2156;5;10;20;15;1;Offensive;Non-physical;Balanced;Balanced;Balanced;Conservative;Ruthless;12;12;16;9;15;5;6;6;8;0;7;7;8;15;0;;10;4
2157;5;10;20;15;1;Standard;Non-physical;Balanced;Balanced;Balanced;Innovative;Balanced;6;8;15;6;5;6;12;7;4;12;6;14;17;13;0;;3;11
2158;5;10;20;15;1;Standard;Very Non-Physical;Balanced;Conservative;Prefers Prospects;Conservative;Very Loyal;13;15;6;15;13;8;14;8;7;4;7;4;20;4;0;;10;9
2159;5;10;20;15;1;Standard;Very Non-Physical;Balanced;Aggressive;Balanced;Balanced;Very Ruthless;6;4;8;16;8;12;14;9;13;8;3;8;16;10;0;;10;6
2160;5;10;20;15;1;Offensive;Very Non-Physical;Passive;Aggressive;Prefers Prospects;Balanced;Balanced;11;5;18;5;10;12;12;8;14;5;3;14;9;11;0;;12;3
2161;5;10;20;15;1;Offensive;Very Non-Physical;Passive;Very Conservative;Balanced;Conservative;Loyal;7;10;12;8;14;15;10;4;13;2;5;12;7;11;0;;10;7
2162;5;10;20;15;1;Offensive;Very Non-Physical;Aggressive;Balanced;Balanced;Innovative;Loyal;14;8;9;12;18;14;10;8;12;6;7;6;8;12;0;;3;11
2163;5;10;20;15;1;Offensive;Very Non-Physical;Balanced;Balanced;Balanced;Balanced;Balanced;12;11;8;6;10;16;11;2;14;1;3;6;9;5;0;;2;11
2164;5;10;20;15;1;Very Offensive;Very Non-Physical;Passive;Conservative;Prefers Veterans;Innovative;Ruthless;8;5;17;11;5;9;7;7;15;9;4;14;18;13;0;;10;4
2165;5;10;20;15;1;Standard;Non-physical;Very Passive;Balanced;Balanced;Balanced;Balanced;8;9;3;14;7;16;11;5;12;12;3;5;18;7;0;;4;7
2166;5;10;20;15;1;Very Offensive;Very Non-Physical;Balanced;Balanced;Prefers Prospects;Very Innovative;Balanced;5;10;16;6;12;8;14;5;5;6;3;10;12;4;0;;6;4
2167;5;10;20;15;1;Offensive;Very Non-Physical;Balanced;Very Aggressive;Balanced;Balanced;Balanced;5;7;4;5;11;14;15;6;7;3;5;11;9;10;0;;13;4
2168;5;10;20;15;1;Standard;Non-physical;Aggressive;Aggressive;Balanced;Balanced;Very Loyal;5;8;11;17;14;13;13;5;3;11;6;11;8;11;0;;9;4
2169;5;10;20;15;1;Standard;Very Non-Physical;Aggressive;Balanced;Loves Veterans;Conservative;Loyal;7;10;11;5;10;6;8;8;14;5;4;9;17;10;0;;7;11
2170;5;10;20;15;1;Offensive;Very Non-Physical;Aggressive;Balanced;Prefers Prospects;Balanced;Loyal;6;8;6;15;15;4;4;7;13;2;1;14;11;8;0;;7;3
2171;5;10;20;15;1;Offensive;Very Non-Physical;Balanced;Aggressive;Balanced;Conservative;Loyal;8;8;12;11;7;8;14;4;13;8;2;4;14;15;0;;8;5
2172;1;15;20;20;1;Standard;Balanced;Balanced;Balanced;Balanced;Balanced;Balanced;6;15;8;7;10;7;8;6;7;6;6;6;6;10;0;;13;12
2173;10;20;15;20;1;Offensive;Balanced;Balanced;Balanced;Balanced;Balanced;Balanced;4;10;6;5;7;5;6;7;5;5;12;7;4;7;0;;14;14
2174;15;20;15;15;1;Standard;Balanced;Balanced;Balanced;Balanced;Balanced;Balanced;4;6;9;4;6;6;6;8;5;8;8;8;4;6;0;;13;12
2175;10;20;20;20;1;Standard;Balanced;Balanced;Balanced;Balanced;Balanced;Balanced;4;11;6;5;7;5;6;6;5;6;6;6;4;7;0;;14;14
2176;1;10;10;20;1;Standard;Balanced;Balanced;Balanced;Balanced;Balanced;Balanced;3;3;3;3;3;3;3;3;3;3;3;3;3;3;0;;14;14
2177;1;10;10;20;1;Standard;Balanced;Balanced;Balanced;Balanced;Balanced;Balanced;4;4;4;4;4;4;4;4;4;4;4;4;4;4;0;;14;14
2178;1;10;20;20;1;Standard;Balanced;Balanced;Balanced;Balanced;Balanced;Balanced;4;6;10;4;6;7;7;3;5;3;3;3;4;7;0;;13;12
2179;1;10;15;20;1;Standard;Balanced;Balanced;Balanced;Balanced;Balanced;Balanced;4;6;9;4;6;6;6;4;5;4;4;4;4;6;0;;15;15
2180;1;5;20;20;1;Standard;Balanced;Balanced;Balanced;Balanced;Balanced;Balanced;6;15;9;7;10;7;9;2;7;2;2;2;6;10;0;;13;12
2181;1;10;15;20;1;Standard;Balanced;Balanced;Balanced;Balanced;Balanced;Balanced;4;9;5;4;6;4;5;3;4;3;3;3;4;6;0;;15;15
2182;1;5;20;20;1;Standard;Balanced;Balanced;Balanced;Balanced;Balanced;Balanced;8;8;8;8;8;8;8;2;8;2;2;2;8;8;0;;13;12
2183;5;10;20;15;1;Offensive;Non-physical;Balanced;Balanced;Balanced;Innovative;Balanced;9;14;4;7;5;11;7;1;5;5;3;3;13;6;0;;5;1
2184;5;10;20;15;1;Standard;Non-physical;Passive;Conservative;Loves Veterans;Balanced;Balanced;11;14;8;3;6;8;13;3;11;0;7;3;8;14;0;;7;13
2185;5;10;20;15;1;Offensive;Non-physical;Passive;Aggressive;Balanced;Innovative;Balanced;12;13;6;14;15;6;14;2;9;11;8;6;9;5;0;;1;11
2186;5;10;20;15;1;Offensive;Very Non-Physical;Passive;Conservative;Balanced;Balanced;Balanced;18;4;13;7;14;13;14;4;11;12;1;4;12;11;0;;11;3
2187;5;10;20;15;1;Offensive;Very Non-Physical;Balanced;Aggressive;Balanced;Balanced;Balanced;14;18;12;15;11;10;9;8;11;3;2;14;9;8;0;;8;12
2188;5;10;20;15;1;Offensive;Very Non-Physical;Passive;Balanced;Prefers Veterans;Balanced;Balanced;10;11;9;10;15;5;3;9;7;6;7;10;15;6;0;;3;7
2189;5;10;20;15;1;Offensive;Very Non-Physical;Aggressive;Balanced;Prefers Veterans;Conservative;Balanced;5;10;6;9;9;9;14;3;9;8;6;9;20;13;0;;8;2
2190;5;10;20;15;1;Offensive;Very Non-Physical;Very Passive;Conservative;Balanced;Innovative;Balanced;16;5;7;13;13;3;14;6;13;9;5;8;12;6;0;;12;9
2191;5;10;20;15;1;Offensive;Very Non-Physical;Passive;Balanced;Balanced;Balanced;Ruthless;15;9;8;14;15;10;9;4;13;4;4;9;18;15;0;;4;1
2192;5;10;20;15;1;Offensive;Non-physical;Very Passive;Aggressive;Prefers Prospects;Balanced;Balanced;16;4;7;6;15;14;10;4;9;6;7;9;7;10;0;;11;11
2193;5;10;20;15;1;Offensive;Non-physical;Passive;Balanced;Balanced;Balanced;Very Loyal;16;9;3;4;6;10;11;3;12;4;8;9;7;11;0;;1;7
2194;5;10;20;15;1;Offensive;Very Non-Physical;Aggressive;Conservative;Balanced;Innovative;Very Loyal;14;14;10;4;10;4;5;4;4;10;1;12;10;10;0;;11;13
2195;5;10;20;15;1;Offensive;Non-physical;Balanced;Balanced;Loves Prospects;Balanced;Balanced;13;13;14;13;9;14;5;2;12;0;5;6;15;12;0;;2;12
2196;5;10;20;15;1;Offensive;Non-physical;Aggressive;Balanced;Balanced;Balanced;Loyal;4;16;11;8;4;9;18;6;11;4;8;7;12;15;0;;13;7
2197;5;10;20;15;1;Offensive;Very Non-Physical;Very Passive;Balanced;Loves Prospects;Balanced;Balanced;7;11;10;8;14;6;8;7;14;4;3;12;18;14;0;;7;8
2198;5;10;20;15;1;Standard;Very Non-Physical;Balanced;Conservative;Prefers Veterans;Balanced;Loyal;11;12;5;16;14;5;15;10;5;1;1;4;8;9;0;;3;7
2199;5;10;20;15;1;Offensive;Very Non-Physical;Very Aggressive;Conservative;Loves Prospects;Balanced;Balanced;5;8;10;17;11;11;7;7;8;9;4;4;9;8;0;;11;11
2200;5;10;20;15;1;Standard;Non-physical;Aggressive;Balanced;Prefers Veterans;Innovative;Balanced;9;12;12;10;5;6;9;4;9;0;6;8;9;9;0;;1;9
2201;5;10;20;15;1;Offensive;Very Non-Physical;Balanced;Balanced;Balanced;Balanced;Balanced;8;9;11;14;12;15;17;2;3;8;6;4;17;6;0;;4;6
2202;5;10;20;15;1;Offensive;Very Non-Physical;Balanced;Very Conservative;Loves Veterans;Balanced;Balanced;12;14;9;5;3;11;10;7;11;8;6;12;11;17;0;;10;10
2203;5;10;20;15;1;Standard;Very Non-Physical;Balanced;Balanced;Prefers Prospects;Balanced;Balanced;12;11;9;9;8;3;5;10;11;0;1;12;10;17;0;;1;1
2204;5;10;20;15;1;Offensive;Non-physical;Very Passive;Conservative;Balanced;Balanced;Balanced;13;8;10;5;14;15;5;3;6;6;8;7;20;7;0;;11;12
2205;5;10;20;15;1;Offensive;Very Non-Physical;Balanced;Conservative;Prefers Prospects;Very Innovative;Very Ruthless;8;8;11;8;4;8;9;2;15;4;5;3;14;7;0;;2;3
2206;5;10;20;15;1;Offensive;Very Non-Physical;Aggressive;Balanced;Balanced;Balanced;Balanced;11;9;13;12;3;13;9;5;14;2;7;7;16;12;0;;11;3
2207;5;10;20;15;1;Offensive;Non-physical;Balanced;Aggressive;Loves Veterans;Innovative;Balanced;6;5;11;8;9;14;9;5;13;4;7;5;8;12;0;;13;8
2208;5;10;20;15;1;Offensive;Very Non-Physical;Passive;Very Conservative;Balanced;Innovative;Very Loyal;6;5;6;6;5;16;6;4;6;12;8;8;16;8;0;;10;2
2209;5;10;20;15;1;Offensive;Very Non-Physical;Balanced;Aggressive;Prefers Veterans;Balanced;Loyal;8;15;7;7;11;9;5;8;5;0;4;7;19;10;0;;1;3
2210;5;10;20;15;1;Standard;Non-physical;Balanced;Balanced;Loves Prospects;Balanced;Very Loyal;6;8;13;6;8;10;17;9;6;4;6;14;10;14;0;;1;12
2211;5;10;20;15;1;Standard;Very Non-Physical;Balanced;Balanced;Prefers Prospects;Conservative;Balanced;5;18;13;11;10;10;14;7;8;6;6;5;11;13;0;;8;4
2212;5;10;20;15;1;Offensive;Non-physical;Passive;Aggressive;Balanced;Balanced;Ruthless;13;12;16;5;9;16;9;8;7;10;4;9;11;9;0;;12;1
2213;5;10;20;15;1;Standard;Very Non-Physical;Aggressive;Aggressive;Balanced;Balanced;Balanced;5;17;8;5;17;6;7;6;11;8;3;10;16;15;0;;6;3
2214;5;10;20;15;1;Offensive;Very Non-Physical;Aggressive;Conservative;Balanced;Conservative;Balanced;10;14;10;5;11;14;6;4;3;9;7;11;14;12;0;;5;4
2215;5;10;20;15;1;Standard;Very Non-Physical;Balanced;Conservative;Prefers Veterans;Balanced;Ruthless;14;9;10;13;12;10;14;3;14;10;9;7;18;5;0;;8;7
2216;5;10;20;15;1;Standard;Very Non-Physical;Balanced;Balanced;Balanced;Balanced;Balanced;14;8;9;4;9;9;10;3;5;1;2;12;15;10;0;;6;9
2217;5;10;20;15;1;Offensive;Very Non-Physical;Balanced;Balanced;Loves Veterans;Innovative;Balanced;10;6;5;6;12;9;4;9;5;2;5;6;19;6;0;;10;8
2218;5;10;20;15;1;Offensive;Non-physical;Aggressive;Conservative;Prefers Veterans;Innovative;Ruthless;8;8;13;11;9;8;11;10;11;12;2;8;12;4;0;;3;3
2219;20;15;5;5;1;Offensive;Very Non-Physical;Balanced;Balanced;Loves Veterans;Innovative;Balanced;1;7;6;13;7;3;6;1;8;2;7;4;14;10;0;;5;6
2220;10;20;15;15;1;Standard;Physical;Balanced;Very Aggressive;Balanced;Innovative;Very Ruthless;7;7;7;7;7;7;7;11;16;17;10;9;7;7;1;;14;14
2221;1;15;20;20;1;Defensive;Balanced;Balanced;Balanced;Balanced;Balanced;Balanced;7;9;5;6;12;4;5;5;6;5;5;5;7;9;0;;13;12
2222;1;5;20;19;1;Standard;Balanced;Aggressive;Balanced;Prefers Prospects;Innovative;Balanced;6;7;9;9;9;9;7;2;6;2;2;2;9;16;0;;13;12
2223;1;10;15;20;1;Standard;Non-physical;Balanced;Balanced;Balanced;Balanced;Balanced;5;5;5;5;5;5;5;3;5;3;3;3;5;5;0;;18;18
2224;1;15;15;20;1;Offensive;Physical;Balanced;Balanced;Balanced;Balanced;Balanced;5;5;5;5;5;5;5;5;5;5;5;5;5;5;0;;14;14
2225;1;10;10;20;1;Standard;Balanced;Balanced;Balanced;Balanced;Balanced;Balanced;3;3;3;3;3;3;3;3;3;3;3;3;3;3;0;;14;14
2226;1;15;20;20;1;Standard;Balanced;Aggressive;Aggressive;Prefers Prospects;Innovative;Balanced;6;7;9;9;9;9;7;6;6;6;6;6;9;16;0;;13;12
2227;1;10;20;20;1;Defensive;Balanced;Balanced;Balanced;Balanced;Balanced;Balanced;6;8;4;5;11;3;4;3;5;3;3;3;6;8;0;;13;12
2228;1;10;20;20;1;Defensive;Balanced;Balanced;Conservative;Balanced;Balanced;Balanced;13;6;5;7;9;5;5;3;7;3;3;3;5;8;0;;13;12
2229;1;10;20;20;1;Standard;Balanced;Balanced;Balanced;Balanced;Balanced;Balanced;4;11;6;5;7;5;6;3;5;3;3;3;4;7;0;;13;12
2230;10;20;15;15;1;Standard;Balanced;Balanced;Balanced;Prefers Prospects;Balanced;Balanced;4;5;5;15;5;5;5;7;6;7;11;7;3;5;0;;14;16
2231;1;15;20;20;1;Standard;Physical;Balanced;Balanced;Balanced;Conservative;Balanced;7;7;7;7;7;7;7;5;7;5;5;5;7;7;0;;13;12
2232;1;15;20;19;1;Standard;Very Physical;Passive;Balanced;Loves Prospects;Innovative;Ruthless;8;8;8;8;8;8;8;3;8;9;6;5;8;8;0;;11;10
2233;15;20;10;15;1;Standard;Balanced;Balanced;Balanced;Balanced;Balanced;Balanced;4;4;4;4;4;4;4;8;4;8;8;8;4;4;0;;14;14
2234;1;1;5;1;20;Offensive;Very Non-Physical;Very Aggressive;Very Conservative;Balanced;Innovative;Balanced;0;0;0;0;0;0;0;5;0;0;5;0;0;0;17;;0;0
2235;1;1;5;1;20;Offensive;Non-physical;Balanced;Conservative;Prefers Prospects;Balanced;Balanced;0;0;0;0;0;0;0;4;0;0;9;0;0;0;19;;0;0
2236;5;10;20;15;1;Offensive;Non-physical;Aggressive;Aggressive;Prefers Prospects;Balanced;Balanced;13;8;13;14;14;6;14;6;6;3;1;9;18;9;0;;5;4
2237;5;10;20;15;1;Offensive;Non-physical;Balanced;Very Aggressive;Prefers Prospects;Innovative;Balanced;11;7;7;9;13;3;7;2;7;8;9;4;7;4;0;;8;4
2238;5;10;20;15;1;Offensive;Very Non-Physical;Balanced;Very Conservative;Balanced;Conservative;Loyal;6;5;9;10;12;9;10;9;9;7;6;7;8;15;0;;8;11
2239;5;10;20;15;1;Standard;Non-physical;Balanced;Balanced;Prefers Prospects;Innovative;Ruthless;4;8;16;3;7;12;3;9;8;1;9;8;7;5;0;;13;7
2240;5;10;20;15;1;Offensive;Very Non-Physical;Aggressive;Conservative;Prefers Prospects;Conservative;Balanced;10;14;11;4;13;9;17;9;5;5;6;10;8;12;0;;8;2
2241;5;10;20;15;1;Offensive;Very Non-Physical;Passive;Very Aggressive;Balanced;Balanced;Balanced;8;12;7;10;9;9;14;9;11;4;8;13;16;17;0;;10;10
2242;5;10;20;15;1;Standard;Non-physical;Aggressive;Balanced;Prefers Veterans;Innovative;Balanced;13;15;4;10;11;12;12;8;10;10;1;9;7;4;0;;10;5
2243;5;10;20;15;1;Offensive;Very Non-Physical;Balanced;Balanced;Balanced;Balanced;Loyal;6;5;3;4;12;3;15;6;5;11;3;7;16;15;0;;8;8
2244;5;10;20;15;1;Standard;Non-physical;Aggressive;Balanced;Balanced;Balanced;Balanced;12;16;6;4;17;13;6;3;10;7;4;8;6;11;0;;6;6
2245;5;10;20;15;1;Offensive;Non-physical;Aggressive;Balanced;Prefers Veterans;Innovative;Balanced;7;12;6;12;16;6;10;8;10;12;9;14;11;15;0;;12;7
2246;5;10;20;15;1;Standard;Non-physical;Balanced;Aggressive;Loves Prospects;Balanced;Balanced;8;15;8;10;3;4;3;10;9;3;4;3;18;7;0;;5;10
2247;5;10;20;15;1;Offensive;Very Non-Physical;Balanced;Balanced;Prefers Prospects;Balanced;Balanced;3;13;8;12;15;9;4;8;4;11;2;10;13;17;0;;6;1
2248;5;10;20;15;1;Standard;Very Non-Physical;Balanced;Aggressive;Prefers Veterans;Balanced;Loyal;15;12;8;17;5;6;4;6;4;0;8;7;10;13;0;;13;7
2249;5;10;20;15;1;Offensive;Very Non-Physical;Passive;Very Aggressive;Prefers Prospects;Conservative;Balanced;5;5;10;7;15;11;7;3;5;9;2;4;15;14;0;;8;11
2250;5;10;20;15;1;Offensive;Very Non-Physical;Balanced;Very Conservative;Prefers Veterans;Innovative;Balanced;9;8;8;15;8;7;14;9;15;11;3;13;7;16;0;;9;8
2251;5;10;20;15;1;Standard;Very Non-Physical;Balanced;Balanced;Balanced;Conservative;Balanced;10;7;10;14;15;8;14;7;5;12;3;10;16;6;0;;1;2
2252;5;10;20;15;1;Standard;Non-physical;Balanced;Very Aggressive;Balanced;Very Innovative;Balanced;6;10;3;15;14;9;5;8;13;2;5;5;17;8;0;;6;1
2253;5;10;20;15;1;Standard;Very Non-Physical;Very Aggressive;Balanced;Balanced;Balanced;Very Ruthless;13;15;4;10;10;12;7;7;10;4;7;13;9;11;0;;5;11
2254;5;10;20;15;1;Offensive;Very Non-Physical;Passive;Very Conservative;Prefers Prospects;Balanced;Balanced;9;11;9;8;12;9;6;7;12;2;8;14;18;12;0;;12;7
2255;5;10;20;15;1;Defensive;Non-physical;Balanced;Conservative;Balanced;Balanced;Ruthless;16;14;6;13;16;11;3;3;5;12;3;7;10;6;0;;6;4
2256;1;10;20;20;1;Standard;Balanced;Balanced;Balanced;Balanced;Balanced;Balanced;5;5;5;5;5;5;5;2;5;2;2;2;5;5;0;;13;12
2257;10;19;15;20;1;Defensive;Balanced;Balanced;Conservative;Balanced;Balanced;Balanced;13;6;5;7;9;5;5;13;7;5;13;5;5;8;0;;16;17
2258;15;15;5;20;1;Standard;Balanced;Balanced;Balanced;Balanced;Balanced;Balanced;1;1;1;1;1;1;1;5;1;5;5;5;1;1;0;;14;16
2259;19;20;20;20;1;Standard;Physical;Aggressive;Balanced;Balanced;Balanced;Balanced;6;6;6;6;6;6;6;6;6;6;6;6;6;6;0;;14;14
2260;1;15;19;20;1;Defensive;Non-physical;Aggressive;Balanced;Balanced;Innovative;Balanced;9;12;6;8;16;5;6;7;8;7;7;7;9;12;0;;15;14
2261;1;15;20;20;1;Defensive;Balanced;Balanced;Balanced;Balanced;Balanced;Balanced;8;10;5;7;14;4;5;6;7;6;6;6;8;10;0;;13;12
2262;1;10;15;20;1;Defensive;Balanced;Balanced;Conservative;Balanced;Balanced;Balanced;16;4;3;5;6;3;3;3;5;3;3;3;3;6;0;;13;13
2263;10;20;20;20;1;Standard;Balanced;Balanced;Balanced;Balanced;Balanced;Balanced;5;12;7;6;8;6;7;7;6;7;7;7;5;8;0;;14;13
2264;1;15;20;20;1;Offensive;Balanced;Balanced;Balanced;Balanced;Balanced;Balanced;6;6;6;6;6;6;6;5;6;5;5;5;6;6;0;;13;12
2265;10;20;20;20;1;Standard;Balanced;Balanced;Balanced;Prefers Veterans;Balanced;Balanced;5;12;7;6;8;6;7;10;6;13;6;13;5;8;0;;14;14
2266;1;5;20;20;1;Standard;Balanced;Balanced;Balanced;Balanced;Balanced;Balanced;7;7;7;7;7;7;7;1;7;1;1;1;7;7;0;;13;12
2267;10;20;20;20;1;Standard;Balanced;Balanced;Balanced;Balanced;Balanced;Balanced;6;6;6;6;6;6;6;6;6;6;6;6;6;6;0;;14;14
2268;15;15;20;20;1;Standard;Balanced;Balanced;Balanced;Balanced;Balanced;Balanced;5;5;5;5;5;5;5;4;5;4;4;4;5;5;0;;13;12
2269;1;10;15;20;1;Offensive;Non-physical;Balanced;Balanced;Balanced;Balanced;Balanced;3;4;7;3;4;5;5;3;4;3;3;3;3;5;0;;15;15
2270;1;10;10;20;1;Standard;Balanced;Balanced;Balanced;Balanced;Balanced;Balanced;4;4;4;4;4;4;4;4;4;4;4;4;4;4;0;;14;14
2271;1;10;10;20;1;Standard;Balanced;Balanced;Balanced;Balanced;Balanced;Balanced;2;2;2;2;2;2;2;2;2;2;2;2;2;2;0;;14;14
2272;1;10;20;20;1;Standard;Balanced;Balanced;Balanced;Balanced;Balanced;Balanced;5;5;5;5;5;5;5;2;5;2;2;2;5;5;0;;13;12
2273;10;20;20;20;1;Standard;Balanced;Balanced;Balanced;Balanced;Balanced;Balanced;6;6;6;6;6;6;6;6;6;6;6;6;6;6;0;;13;12
2274;1;10;10;20;1;Standard;Balanced;Balanced;Balanced;Balanced;Balanced;Balanced;2;2;2;2;2;2;2;2;2;2;2;2;2;2;0;;14;14
2275;1;10;10;20;1;Standard;Balanced;Balanced;Balanced;Balanced;Balanced;Balanced;2;2;2;2;2;2;2;2;2;2;2;2;2;2;0;;14;14
2276;1;10;20;20;1;Standard;Physical;Balanced;Balanced;Balanced;Balanced;Balanced;4;9;5;4;6;4;5;2;4;2;2;2;4;6;0;;13;12
2277;1;5;20;20;1;Standard;Balanced;Balanced;Balanced;Balanced;Balanced;Balanced;6;15;9;7;10;7;9;2;7;2;2;2;6;10;0;;13;12
2278;1;15;16;20;1;Standard;Balanced;Balanced;Balanced;Prefers Prospects;Balanced;Balanced;6;6;6;6;6;6;6;6;6;6;6;6;6;6;0;;14;14
2279;1;5;20;20;1;Standard;Balanced;Balanced;Balanced;Balanced;Balanced;Balanced;5;5;5;5;5;5;5;1;5;1;1;1;5;5;0;;13;12
2280;1;5;20;20;1;Standard;Balanced;Balanced;Balanced;Balanced;Balanced;Balanced;6;6;6;6;6;6;6;1;6;1;1;1;6;6;0;;13;12
2281;1;10;10;20;1;Standard;Balanced;Balanced;Balanced;Balanced;Balanced;Balanced;3;3;3;3;3;3;3;3;3;3;3;3;3;3;0;;14;14
2282;1;10;20;20;1;Offensive;Balanced;Balanced;Balanced;Balanced;Balanced;Balanced;4;11;6;5;7;5;6;3;5;3;3;3;4;7;0;;13;12
2283;20;15;5;5;1;Standard;Very Non-Physical;Balanced;Balanced;Prefers Prospects;Very Innovative;Balanced;12;3;3;2;4;7;13;6;8;2;2;15;5;12;0;;9;11
2284;5;10;20;15;1;Standard;Very Non-Physical;Balanced;Balanced;Prefers Prospects;Conservative;Loyal;9;13;12;5;8;15;9;3;9;0;4;13;12;11;0;;3;10
2285;5;10;20;15;1;Offensive;Non-physical;Balanced;Very Aggressive;Balanced;Innovative;Balanced;8;15;6;7;6;8;8;4;12;11;6;13;19;11;0;;13;2
2286;5;10;20;15;1;Offensive;Very Non-Physical;Balanced;Aggressive;Balanced;Conservative;Very Ruthless;6;7;11;14;7;10;5;2;15;8;8;15;15;13;0;;12;12
2287;5;10;20;15;1;Offensive;Very Non-Physical;Balanced;Conservative;Prefers Prospects;Innovative;Loyal;6;11;10;6;14;10;8;6;8;12;9;15;18;9;0;;7;1
2288;5;10;20;15;1;Offensive;Very Non-Physical;Aggressive;Balanced;Prefers Veterans;Conservative;Balanced;5;8;15;4;10;11;13;6;14;5;1;4;15;14;0;;9;3
2289;20;15;5;5;1;Standard;Non-physical;Aggressive;Very Aggressive;Balanced;Conservative;Ruthless;7;6;7;1;8;11;10;1;5;1;5;11;12;10;0;;5;13
2290;5;10;20;15;1;Offensive;Non-physical;Very Aggressive;Balanced;Balanced;Conservative;Balanced;4;3;16;14;8;7;16;1;12;3;7;4;9;11;0;;9;5
2291;5;10;20;15;1;Offensive;Non-physical;Balanced;Balanced;Prefers Veterans;Balanced;Very Ruthless;11;3;7;6;14;15;10;7;9;12;4;10;18;8;0;;7;4
2292;5;10;20;15;1;Offensive;Very Non-Physical;Balanced;Very Conservative;Balanced;Balanced;Balanced;8;8;5;9;10;14;12;6;12;8;4;7;12;7;0;;12;7
2293;5;10;20;15;1;Offensive;Very Non-Physical;Balanced;Balanced;Balanced;Conservative;Ruthless;5;16;12;6;7;13;9;4;15;3;4;11;10;5;0;;1;9
2294;5;10;20;15;1;Standard;Very Non-Physical;Aggressive;Balanced;Balanced;Innovative;Loyal;8;10;9;3;10;14;5;6;10;3;6;3;9;6;0;;5;12
2295;20;15;5;5;1;Offensive;Very Non-Physical;Balanced;Balanced;Balanced;Balanced;Balanced;1;10;3;8;12;7;2;8;10;7;4;6;15;7;0;;8;8
2296;5;10;20;15;1;Defensive;Non-physical;Balanced;Aggressive;Balanced;Balanced;Balanced;8;14;12;10;8;8;16;9;8;3;3;10;6;12;0;;11;10
2297;5;10;20;15;1;Defensive;Non-physical;Balanced;Balanced;Loves Prospects;Balanced;Loyal;9;15;10;3;10;12;11;6;11;4;1;13;17;6;0;;10;11
2298;5;10;20;15;1;Offensive;Very Non-Physical;Aggressive;Aggressive;Balanced;Innovative;Loyal;10;4;13;13;8;13;15;6;11;4;9;7;8;16;0;;13;11
2299;5;10;20;15;1;Standard;Very Non-Physical;Aggressive;Balanced;Balanced;Balanced;Balanced;10;4;6;9;5;15;10;3;3;4;7;10;12;11;0;;4;5
2300;5;10;20;15;1;Standard;Very Non-Physical;Balanced;Conservative;Balanced;Innovative;Balanced;11;9;14;16;13;3;10;6;6;3;6;8;7;3;0;;4;6
2301;20;15;5;5;1;Very Offensive;Very Non-Physical;Aggressive;Aggressive;Balanced;Innovative;Loyal;5;8;11;11;2;1;3;1;3;7;1;8;5;5;0;;10;10
2302;5;10;20;15;1;Defensive;Very Non-Physical;Balanced;Balanced;Prefers Prospects;Balanced;Loyal;10;12;10;7;6;4;13;6;6;1;6;10;17;12;0;;3;4
2303;5;10;20;15;1;Offensive;Very Non-Physical;Balanced;Balanced;Balanced;Innovative;Ruthless;7;11;10;7;8;5;15;1;12;3;5;4;9;5;0;;8;12
2304;5;10;20;15;1;Offensive;Very Non-Physical;Balanced;Aggressive;Prefers Prospects;Innovative;Very Loyal;6;14;14;14;15;16;5;1;8;3;3;8;11;13;0;;4;9
2305;5;10;20;15;1;Offensive;Non-physical;Very Aggressive;Conservative;Prefers Veterans;Balanced;Very Ruthless;5;12;14;4;10;9;8;4;10;12;7;6;17;14;0;;1;13
2306;5;10;20;15;1;Offensive;Very Non-Physical;Passive;Balanced;Prefers Veterans;Innovative;Balanced;9;9;7;15;5;11;15;1;6;10;2;10;15;6;0;;4;9
2307;20;15;5;5;1;Offensive;Non-physical;Balanced;Balanced;Prefers Veterans;Conservative;Loyal;3;10;2;4;7;1;2;3;3;2;1;4;11;3;0;;6;2
2308;5;10;20;15;1;Offensive;Very Non-Physical;Balanced;Balanced;Prefers Veterans;Innovative;Balanced;10;13;7;4;6;5;7;4;12;8;1;14;15;7;0;;5;3
2309;5;10;20;15;1;Offensive;Very Non-Physical;Passive;Very Conservative;Balanced;Innovative;Balanced;7;4;14;4;8;4;6;1;6;2;5;10;7;10;0;;8;3
2310;5;10;20;15;1;Offensive;Very Non-Physical;Passive;Conservative;Prefers Prospects;Innovative;Very Loyal;15;5;13;9;9;15;3;2;13;11;9;3;18;8;0;;9;1
2311;5;10;20;15;1;Offensive;Very Non-Physical;Very Passive;Aggressive;Balanced;Balanced;Balanced;14;4;11;9;4;4;13;4;14;11;4;14;12;4;0;;1;2
2312;5;10;20;15;1;Standard;Very Non-Physical;Balanced;Balanced;Balanced;Very Conservative;Very Ruthless;13;10;16;14;7;10;10;4;7;7;2;12;16;4;0;;13;10
2313;20;15;5;5;1;Offensive;Non-physical;Very Passive;Balanced;Loves Veterans;Balanced;Very Ruthless;7;4;7;4;7;10;8;2;15;8;3;4;6;8;0;;4;6
2314;5;10;20;15;1;Offensive;Non-physical;Balanced;Balanced;Loves Veterans;Balanced;Balanced;14;7;15;7;8;7;4;2;13;2;2;11;11;4;0;;5;8
2315;5;10;20;15;1;Offensive;Very Non-Physical;Balanced;Conservative;Balanced;Very Conservative;Ruthless;12;14;12;7;11;9;14;8;10;4;3;14;12;12;0;;10;4
2316;5;10;20;15;1;Offensive;Very Non-Physical;Passive;Aggressive;Balanced;Balanced;Balanced;9;7;5;12;7;11;7;1;13;6;9;12;15;4;0;;10;10
2317;5;10;20;15;1;Offensive;Very Non-Physical;Balanced;Aggressive;Prefers Veterans;Innovative;Ruthless;10;7;9;5;16;14;11;3;5;5;6;7;14;6;0;;10;12
2318;5;10;20;15;1;Standard;Non-physical;Passive;Aggressive;Prefers Veterans;Balanced;Loyal;13;6;10;12;4;12;15;2;11;4;1;10;14;7;0;;12;6
2319;20;15;5;5;1;Offensive;Very Non-Physical;Very Passive;Balanced;Loves Veterans;Balanced;Ruthless;7;10;12;1;5;11;3;8;6;8;3;15;12;5;0;;10;5
2320;5;10;20;15;1;Standard;Very Non-Physical;Passive;Aggressive;Balanced;Balanced;Very Ruthless;16;9;5;10;9;8;4;3;7;10;4;4;17;8;0;;1;12
2321;5;10;20;15;1;Offensive;Very Non-Physical;Aggressive;Conservative;Prefers Prospects;Innovative;Balanced;14;11;4;14;12;15;8;4;4;6;7;9;9;14;0;;5;6
2322;5;10;20;15;1;Offensive;Very Non-Physical;Aggressive;Very Aggressive;Prefers Prospects;Innovative;Balanced;8;14;13;9;13;6;7;5;7;0;6;10;10;16;0;;11;2
2323;5;10;20;15;1;Offensive;Very Non-Physical;Passive;Very Aggressive;Prefers Prospects;Balanced;Balanced;5;5;12;13;5;10;8;6;3;12;8;8;8;15;0;;8;10
2324;5;10;20;15;1;Offensive;Very Non-Physical;Balanced;Conservative;Balanced;Innovative;Loyal;10;14;6;5;10;16;9;2;13;11;5;7;6;5;0;;10;8
2325;20;15;5;5;1;Standard;Very Non-Physical;Aggressive;Balanced;Prefers Veterans;Balanced;Ruthless;2;10;12;1;3;12;6;9;7;12;2;12;10;12;0;;8;8
2326;5;10;20;15;1;Offensive;Non-physical;Passive;Balanced;Loves Veterans;Innovative;Loyal;13;8;7;6;8;13;3;1;8;2;5;5;18;6;0;;10;13
2327;5;10;20;15;1;Offensive;Non-physical;Passive;Balanced;Balanced;Conservative;Ruthless;15;14;3;9;4;6;5;7;3;2;4;5;17;16;0;;5;6
2328;5;10;20;15;1;Standard;Very Non-Physical;Passive;Balanced;Balanced;Conservative;Balanced;16;10;13;8;13;10;14;3;15;8;4;14;9;13;0;;6;7
2329;5;10;20;15;1;Offensive;Very Non-Physical;Balanced;Conservative;Prefers Prospects;Innovative;Ruthless;7;12;5;7;9;13;14;1;15;8;9;11;6;6;0;;13;6
2330;5;10;20;15;1;Standard;Very Non-Physical;Balanced;Conservative;Balanced;Balanced;Loyal;14;10;5;15;6;12;15;6;12;1;2;5;14;5;0;;4;5
2331;20;15;5;5;1;Offensive;Very Non-Physical;Passive;Conservative;Loves Veterans;Conservative;Loyal;11;6;2;3;6;3;11;6;4;0;6;4;13;10;0;;9;1
2332;5;10;20;15;1;Standard;Very Non-Physical;Passive;Balanced;Balanced;Balanced;Ruthless;14;5;9;14;3;7;9;4;7;10;5;7;6;6;0;;10;12
2333;5;10;20;15;1;Very Offensive;Very Non-Physical;Aggressive;Balanced;Prefers Prospects;Innovative;Ruthless;9;10;12;5;12;11;6;5;12;2;2;13;9;15;0;;9;13
2334;5;10;20;15;1;Standard;Very Non-Physical;Balanced;Balanced;Balanced;Balanced;Loyal;10;4;4;15;6;7;11;3;3;1;3;13;10;11;0;;2;4
2335;5;10;20;15;1;Offensive;Non-physical;Aggressive;Balanced;Balanced;Balanced;Ruthless;6;4;7;14;15;8;14;2;11;11;6;15;17;11;0;;4;9
2336;5;10;20;15;1;Offensive;Very Non-Physical;Passive;Balanced;Balanced;Balanced;Loyal;13;8;7;14;12;8;7;8;13;3;2;11;11;3;0;;6;1
2337;20;15;5;5;1;Offensive;Very Non-Physical;Balanced;Aggressive;Balanced;Conservative;Loyal;8;4;7;4;11;8;1;7;10;6;4;13;6;12;0;;4;10
2338;5;10;20;15;1;Standard;Non-physical;Passive;Very Conservative;Loves Prospects;Conservative;Ruthless;12;8;8;14;9;9;4;5;8;4;6;7;8;9;0;;2;13
2339;5;10;20;15;1;Offensive;Very Non-Physical;Passive;Balanced;Prefers Prospects;Innovative;Loyal;3;15;3;15;13;6;5;3;9;9;6;10;8;11;0;;12;5
2340;5;10;20;15;1;Offensive;Very Non-Physical;Balanced;Aggressive;Balanced;Balanced;Loyal;15;3;7;13;4;4;12;6;11;5;9;7;16;7;0;;12;6
2341;5;10;20;15;1;Offensive;Very Non-Physical;Balanced;Aggressive;Balanced;Balanced;Very Loyal;8;15;16;15;14;8;9;7;3;11;4;8;8;4;0;;7;3
2342;5;10;20;15;1;Offensive;Non-physical;Aggressive;Balanced;Prefers Prospects;Balanced;Ruthless;10;6;15;11;10;4;4;7;7;6;2;15;16;15;0;;8;10
2343;20;15;5;5;1;Offensive;Very Non-Physical;Balanced;Very Conservative;Balanced;Balanced;Balanced;5;5;10;12;1;7;3;5;8;4;7;8;12;9;0;;12;8
2344;5;10;20;15;1;Offensive;Non-physical;Balanced;Conservative;Prefers Veterans;Balanced;Balanced;11;14;10;8;9;5;12;6;5;2;2;9;6;8;0;;4;11
2345;5;10;20;15;1;Offensive;Very Non-Physical;Passive;Conservative;Balanced;Conservative;Balanced;3;6;9;5;10;12;14;1;8;8;9;4;10;9;0;;9;5
2346;5;10;20;15;1;Offensive;Very Non-Physical;Balanced;Balanced;Balanced;Balanced;Loyal;10;11;8;12;9;9;9;8;15;2;8;13;17;4;0;;10;12
2347;5;10;20;15;1;Offensive;Very Non-Physical;Balanced;Balanced;Prefers Veterans;Very Innovative;Balanced;9;6;5;12;8;14;15;7;11;3;8;11;15;8;0;;2;6
2348;5;10;20;15;1;Standard;Non-physical;Passive;Conservative;Prefers Prospects;Very Conservative;Balanced;11;13;15;3;15;3;15;1;5;6;6;14;18;10;0;;5;11
2349;20;15;5;5;1;Offensive;Very Non-Physical;Balanced;Conservative;Balanced;Balanced;Loyal;2;12;12;8;13;7;5;9;3;0;8;11;4;3;0;;11;12
2350;5;10;20;15;1;Standard;Very Non-Physical;Aggressive;Conservative;Balanced;Very Conservative;Loyal;7;13;4;13;12;11;8;9;12;8;3;13;17;15;0;;6;13
2351;5;10;20;15;1;Standard;Very Non-Physical;Balanced;Balanced;Balanced;Balanced;Ruthless;8;9;5;14;13;7;13;6;14;9;4;6;16;11;0;;1;10
2352;5;10;20;15;1;Offensive;Very Non-Physical;Very Aggressive;Balanced;Balanced;Balanced;Loyal;12;7;5;5;8;8;13;7;13;6;5;4;8;4;0;;8;5
2353;5;10;20;15;1;Offensive;Non-physical;Balanced;Balanced;Prefers Prospects;Balanced;Balanced;5;6;13;14;10;8;15;5;4;6;9;8;16;10;0;;13;2
2354;5;10;20;15;1;Offensive;Very Non-Physical;Balanced;Very Aggressive;Balanced;Conservative;Balanced;7;7;3;15;14;12;3;8;7;3;8;3;14;4;0;;8;7
2355;20;15;5;5;1;Standard;Very Non-Physical;Passive;Conservative;Balanced;Balanced;Ruthless;10;4;3;9;8;6;7;1;11;9;2;5;10;9;0;;9;6
2356;5;10;20;15;1;Offensive;Non-physical;Very Aggressive;Aggressive;Prefers Prospects;Balanced;Balanced;8;10;12;4;6;4;3;8;4;2;3;9;15;9;0;;8;9
2357;5;10;20;15;1;Offensive;Non-physical;Passive;Aggressive;Loves Prospects;Balanced;Loyal;11;4;5;8;8;7;8;9;6;11;2;11;7;14;0;;11;1
2358;5;10;20;15;1;Offensive;Very Non-Physical;Very Passive;Conservative;Balanced;Balanced;Balanced;6;10;11;10;12;8;6;3;6;8;9;8;18;11;0;;11;9
2359;5;10;20;15;1;Offensive;Very Non-Physical;Balanced;Balanced;Balanced;Very Conservative;Loyal;6;10;7;4;3;8;12;6;13;4;3;5;10;7;0;;3;1
2360;5;10;20;15;1;Offensive;Very Non-Physical;Balanced;Aggressive;Balanced;Very Conservative;Loyal;8;11;4;14;6;6;14;8;3;4;3;8;6;4;0;;3;8
2361;20;15;5;5;1;Standard;Very Non-Physical;Aggressive;Balanced;Prefers Prospects;Innovative;Balanced;13;1;7;8;9;6;4;9;4;2;3;15;7;3;0;;1;5
2362;5;10;20;15;1;Standard;Very Non-Physical;Balanced;Aggressive;Prefers Prospects;Conservative;Balanced;8;12;16;6;8;10;12;7;5;12;5;4;15;11;0;;12;13
2363;5;10;20;15;1;Very Offensive;Very Non-Physical;Very Aggressive;Conservative;Prefers Veterans;Innovative;Balanced;4;11;3;15;12;7;10;2;4;9;9;7;15;5;0;;9;2
2364;5;10;20;15;1;Offensive;Very Non-Physical;Balanced;Conservative;Prefers Prospects;Balanced;Balanced;10;10;7;9;15;16;15;2;11;8;8;15;9;11;0;;1;11
2365;5;10;20;15;1;Offensive;Very Non-Physical;Aggressive;Very Aggressive;Balanced;Conservative;Balanced;8;6;9;6;7;4;4;6;4;9;2;10;7;16;0;;9;8
2366;5;10;20;15;1;Standard;Non-physical;Balanced;Conservative;Loves Prospects;Innovative;Loyal;8;4;11;15;6;15;15;9;8;6;6;14;12;9;0;;11;8
2367;20;15;5;5;1;Standard;Very Non-Physical;Balanced;Very Conservative;Balanced;Balanced;Balanced;12;9;5;8;5;1;4;4;7;11;7;5;9;7;0;;9;11
2368;5;10;20;15;1;Offensive;Very Non-Physical;Passive;Conservative;Loves Veterans;Innovative;Balanced;13;6;11;16;10;13;3;9;9;0;7;8;10;5;0;;7;8
2369;5;10;20;15;1;Offensive;Very Non-Physical;Passive;Balanced;Balanced;Balanced;Loyal;3;5;13;9;4;9;14;9;3;6;4;5;11;13;0;;1;7
2370;5;10;20;15;1;Offensive;Very Non-Physical;Passive;Aggressive;Balanced;Innovative;Loyal;4;12;3;10;12;8;7;8;7;6;3;11;11;6;0;;1;9
2371;5;10;20;15;1;Standard;Non-physical;Aggressive;Aggressive;Prefers Veterans;Innovative;Ruthless;7;7;11;9;7;7;6;9;14;10;9;12;14;5;0;;6;3
2372;5;10;20;15;1;Offensive;Non-physical;Balanced;Balanced;Balanced;Very Innovative;Balanced;9;13;6;6;4;15;14;4;15;6;5;7;13;9;0;;4;2
2373;20;15;5;5;1;Standard;Non-physical;Balanced;Conservative;Balanced;Balanced;Balanced;1;9;12;11;2;6;6;3;9;3;9;6;7;2;0;;5;6
2374;5;10;20;15;1;Standard;Very Non-Physical;Balanced;Aggressive;Balanced;Balanced;Loyal;8;6;6;6;9;9;4;7;5;3;5;3;8;16;0;;1;7
2375;5;10;20;15;1;Offensive;Non-physical;Aggressive;Balanced;Balanced;Balanced;Ruthless;6;7;14;3;9;3;10;6;13;5;5;8;10;5;0;;11;5
2376;5;10;20;15;1;Offensive;Very Non-Physical;Balanced;Balanced;Balanced;Balanced;Balanced;12;4;7;7;8;3;7;9;13;10;9;12;9;16;0;;8;12
2377;5;10;20;15;1;Standard;Very Non-Physical;Passive;Balanced;Prefers Prospects;Innovative;Balanced;14;16;5;10;10;16;10;6;10;7;1;14;11;5;0;;11;10
2378;5;10;20;15;1;Offensive;Non-physical;Passive;Balanced;Loves Veterans;Conservative;Balanced;8;10;13;11;15;13;14;1;11;6;5;6;8;4;0;;7;7
2379;20;15;5;5;1;Offensive;Very Non-Physical;Balanced;Aggressive;Prefers Veterans;Balanced;Balanced;8;10;8;13;1;13;4;4;8;9;4;5;9;12;0;;4;8
2380;5;10;20;15;1;Standard;Very Non-Physical;Very Aggressive;Conservative;Loves Veterans;Balanced;Balanced;12;5;15;12;8;7;5;2;3;2;7;6;16;10;0;;2;8
2381;5;10;20;15;1;Standard;Very Non-Physical;Balanced;Very Aggressive;Balanced;Conservative;Balanced;11;6;13;16;6;16;7;2;9;5;2;15;8;6;0;;1;8
2382;5;10;20;15;1;Offensive;Non-physical;Balanced;Very Aggressive;Balanced;Balanced;Balanced;17;15;5;9;5;11;9;1;8;4;1;14;16;9;0;;5;9
2383;5;10;20;15;1;Defensive;Very Non-Physical;Passive;Balanced;Loves Veterans;Balanced;Balanced;7;14;13;7;5;11;17;2;8;12;4;4;14;14;0;;3;4
2384;5;10;20;15;1;Offensive;Very Non-Physical;Aggressive;Balanced;Balanced;Balanced;Loyal;5;15;12;7;7;3;8;4;14;8;8;12;15;9;0;;9;6
2385;20;15;5;5;1;Offensive;Very Non-Physical;Balanced;Balanced;Prefers Veterans;Conservative;Balanced;10;7;3;6;11;6;1;9;9;12;2;15;6;4;0;;1;1
2386;5;10;20;15;1;Offensive;Very Non-Physical;Balanced;Aggressive;Balanced;Innovative;Very Loyal;5;6;5;8;12;4;13;7;13;1;3;13;15;12;0;;5;6
2387;5;10;20;15;1;Offensive;Very Non-Physical;Passive;Balanced;Balanced;Conservative;Balanced;15;9;16;8;8;7;15;2;11;8;8;11;17;5;0;;9;12
2388;5;10;20;15;1;Standard;Very Non-Physical;Balanced;Aggressive;Balanced;Balanced;Balanced;14;5;9;4;6;13;14;8;8;5;5;7;13;5;0;;13;10
2389;5;10;20;15;1;Standard;Non-physical;Aggressive;Conservative;Prefers Prospects;Conservative;Balanced;9;8;17;5;7;10;11;6;13;11;5;9;16;12;0;;5;4
2390;5;10;20;15;1;Defensive;Non-physical;Passive;Balanced;Prefers Veterans;Conservative;Balanced;14;14;13;16;13;8;7;6;8;9;2;6;17;11;0;;4;10
2391;20;15;5;5;1;Standard;Very Non-Physical;Passive;Conservative;Prefers Prospects;Innovative;Balanced;12;4;4;6;3;11;3;4;10;8;8;10;6;2;0;;10;7
2392;5;10;20;15;1;Standard;Very Non-Physical;Balanced;Conservative;Balanced;Innovative;Loyal;14;6;10;9;13;11;6;9;4;3;7;14;14;5;0;;7;9
2393;5;10;20;15;1;Standard;Very Non-Physical;Balanced;Balanced;Prefers Prospects;Innovative;Loyal;5;13;13;8;13;8;8;5;11;4;7;15;10;5;0;;8;2
2394;5;10;20;15;1;Offensive;Very Non-Physical;Very Passive;Aggressive;Prefers Veterans;Balanced;Very Loyal;16;9;6;11;4;8;12;6;14;0;9;14;8;5;0;;9;13
2395;5;10;20;15;1;Standard;Very Non-Physical;Balanced;Aggressive;Balanced;Balanced;Ruthless;7;9;8;5;17;14;13;7;12;11;4;8;10;12;0;;3;8
2396;5;10;20;15;1;Offensive;Very Non-Physical;Balanced;Balanced;Balanced;Conservative;Balanced;10;11;14;14;5;13;13;3;12;1;1;14;15;11;0;;12;4
2397;20;15;5;5;1;Standard;Non-physical;Passive;Balanced;Loves Veterans;Innovative;Ruthless;2;8;8;5;1;6;8;6;7;2;4;6;8;1;0;;2;13
2398;5;10;20;15;1;Offensive;Non-physical;Very Aggressive;Very Conservative;Loves Prospects;Conservative;Very Loyal;10;10;15;11;14;7;5;8;9;8;5;5;12;5;0;;7;13
2399;5;10;20;15;1;Standard;Very Non-Physical;Balanced;Balanced;Prefers Prospects;Conservative;Balanced;11;10;7;11;3;10;11;4;11;0;6;14;17;6;0;;10;13
2400;5;10;20;15;1;Offensive;Very Non-Physical;Balanced;Balanced;Prefers Veterans;Innovative;Balanced;12;10;12;8;15;8;8;6;14;7;6;9;14;13;0;;12;11
2401;5;10;20;15;1;Offensive;Very Non-Physical;Aggressive;Balanced;Prefers Prospects;Balanced;Loyal;5;3;14;4;14;6;15;9;9;6;8;4;8;10;0;;10;8
2402;5;10;20;15;1;Standard;Very Non-Physical;Aggressive;Balanced;Prefers Prospects;Balanced;Ruthless;17;11;11;9;8;14;12;4;12;1;9;11;8;5;0;;13;8
2403;20;15;5;5;1;Offensive;Very Non-Physical;Passive;Balanced;Prefers Prospects;Innovative;Balanced;3;8;2;12;1;8;6;9;4;0;1;7;10;7;0;;7;12
2404;5;10;20;15;1;Standard;Very Non-Physical;Aggressive;Balanced;Balanced;Balanced;Balanced;3;11;7;10;9;4;5;9;8;3;2;14;13;4;0;;3;2
2405;5;10;20;15;1;Offensive;Non-physical;Balanced;Balanced;Balanced;Balanced;Balanced;7;6;11;4;12;4;4;7;14;1;3;10;13;15;0;;5;12
2406;5;10;20;15;1;Offensive;Very Non-Physical;Aggressive;Balanced;Prefers Prospects;Balanced;Loyal;3;9;9;4;8;5;6;9;10;8;7;14;7;13;0;;11;9
2407;5;10;20;15;1;Standard;Non-physical;Aggressive;Balanced;Balanced;Innovative;Balanced;10;9;14;11;16;10;12;3;12;12;7;6;14;15;0;;4;9
2408;5;10;20;15;1;Offensive;Non-physical;Balanced;Conservative;Balanced;Innovative;Balanced;12;15;11;5;4;12;5;8;13;0;3;9;18;14;0;;6;5
2409;20;15;5;5;1;Standard;Very Non-Physical;Aggressive;Very Conservative;Loves Prospects;Balanced;Loyal;12;5;5;13;8;7;12;3;3;4;6;5;8;1;0;;13;1
2410;5;10;20;15;1;Offensive;Very Non-Physical;Balanced;Balanced;Prefers Veterans;Innovative;Ruthless;8;14;9;7;8;10;13;7;14;12;8;15;11;13;0;;3;1
2411;5;10;20;15;1;Offensive;Very Non-Physical;Balanced;Aggressive;Balanced;Balanced;Ruthless;13;10;5;9;14;3;10;9;9;4;5;10;7;11;0;;6;6
2412;5;10;20;15;1;Standard;Very Non-Physical;Balanced;Balanced;Loves Prospects;Conservative;Balanced;4;3;14;15;10;7;10;9;8;5;7;14;13;6;0;;5;5
2413;5;10;20;15;1;Offensive;Very Non-Physical;Balanced;Very Conservative;Balanced;Balanced;Loyal;3;14;4;11;8;6;10;1;6;6;5;5;7;15;0;;3;13
2414;5;10;20;15;1;Offensive;Very Non-Physical;Passive;Aggressive;Prefers Veterans;Balanced;Loyal;7;6;13;9;15;6;11;8;8;0;6;10;13;10;0;;1;7
2415;20;15;5;5;1;Offensive;Non-physical;Aggressive;Very Aggressive;Balanced;Balanced;Balanced;6;12;9;2;1;7;3;7;15;0;3;15;13;4;0;;3;11
2416;5;10;20;15;1;Offensive;Very Non-Physical;Passive;Balanced;Prefers Veterans;Balanced;Balanced;11;3;10;3;12;7;9;4;6;1;6;14;9;5;0;;8;9
2417;5;10;20;15;1;Offensive;Very Non-Physical;Aggressive;Balanced;Balanced;Innovative;Loyal;6;9;16;9;10;13;7;7;14;9;8;4;6;6;0;;4;3
2418;5;10;20;15;1;Offensive;Very Non-Physical;Passive;Balanced;Balanced;Balanced;Balanced;7;4;9;15;16;5;10;3;5;5;5;6;12;4;0;;8;2
2419;5;10;20;15;1;Offensive;Very Non-Physical;Balanced;Balanced;Balanced;Conservative;Ruthless;14;15;5;13;9;8;13;3;14;9;9;5;8;5;0;;3;5
2420;5;10;20;15;1;Offensive;Very Non-Physical;Passive;Balanced;Balanced;Conservative;Balanced;5;8;8;3;4;9;10;8;8;10;9;14;11;14;0;;2;1
2421;20;15;5;5;1;Defensive;Very Non-Physical;Passive;Aggressive;Prefers Veterans;Balanced;Ruthless;5;11;5;3;7;7;9;8;12;3;7;15;15;2;0;;4;11
2422;5;10;20;15;1;Offensive;Very Non-Physical;Balanced;Balanced;Balanced;Balanced;Balanced;10;11;8;14;17;10;8;5;10;5;7;12;15;8;0;;3;4
2423;5;10;20;15;1;Standard;Very Non-Physical;Balanced;Very Conservative;Prefers Prospects;Balanced;Ruthless;13;15;13;10;12;9;11;3;14;4;2;13;11;5;0;;7;11
2424;5;10;20;15;1;Offensive;Very Non-Physical;Aggressive;Aggressive;Prefers Prospects;Balanced;Ruthless;4;6;15;5;10;12;14;9;4;3;5;15;18;15;0;;11;9
2425;5;10;20;15;1;Offensive;Very Non-Physical;Aggressive;Conservative;Loves Prospects;Innovative;Loyal;15;3;5;6;5;14;8;6;6;5;4;7;13;4;0;;8;12
2426;5;10;20;15;1;Offensive;Very Non-Physical;Balanced;Balanced;Balanced;Balanced;Balanced;9;4;16;12;7;11;14;8;4;5;7;15;9;11;0;;8;13
2427;10;10;15;20;1;Offensive;Non-physical;Very Passive;Balanced;Prefers Prospects;Balanced;Balanced;2;10;13;12;6;8;9;7;4;9;4;6;10;13;0;;12;18
2428;5;10;20;15;1;Very Offensive;Very Non-Physical;Balanced;Conservative;Prefers Veterans;Balanced;Very Loyal;6;8;13;3;15;12;9;7;7;8;1;6;20;5;0;;11;3
2429;5;10;20;15;1;Offensive;Non-physical;Balanced;Conservative;Prefers Veterans;Innovative;Balanced;15;8;6;8;5;12;13;6;13;5;6;9;11;4;0;;5;10
2430;5;10;20;15;1;Offensive;Very Non-Physical;Aggressive;Aggressive;Loves Veterans;Innovative;Balanced;11;15;4;9;5;13;5;8;8;11;3;9;8;11;0;;1;8
2431;5;10;20;15;1;Standard;Very Non-Physical;Balanced;Aggressive;Loves Veterans;Innovative;Loyal;8;10;9;10;11;8;14;5;8;3;7;9;18;13;0;;7;3
2432;5;10;20;15;1;Standard;Very Non-Physical;Aggressive;Balanced;Prefers Veterans;Balanced;Balanced;3;15;8;10;5;6;5;3;6;8;9;13;8;17;0;;12;13
2433;5;10;20;15;1;Offensive;Very Non-Physical;Very Passive;Conservative;Balanced;Innovative;Balanced;11;10;13;5;13;5;9;7;3;3;7;15;19;15;0;;8;6
2434;5;10;20;15;1;Very Offensive;Very Non-Physical;Balanced;Balanced;Prefers Veterans;Balanced;Loyal;15;8;8;15;7;6;9;4;4;0;1;7;8;12;0;;11;11
2435;5;10;20;15;1;Offensive;Very Non-Physical;Aggressive;Conservative;Prefers Veterans;Conservative;Loyal;3;7;14;6;10;6;12;5;10;8;9;6;6;15;0;;12;9
2436;5;10;20;15;1;Offensive;Very Non-Physical;Balanced;Aggressive;Balanced;Very Innovative;Ruthless;15;5;14;9;14;17;12;8;13;6;3;7;6;16;0;;9;9
2437;5;10;20;15;1;Offensive;Very Non-Physical;Balanced;Aggressive;Prefers Veterans;Balanced;Loyal;5;4;9;8;14;11;5;3;6;7;5;9;18;6;0;;7;2
2438;5;10;20;15;1;Offensive;Very Non-Physical;Passive;Balanced;Balanced;Innovative;Balanced;10;7;11;15;11;12;5;2;14;2;7;7;6;7;0;;10;8
2439;5;10;20;15;1;Offensive;Non-physical;Passive;Very Conservative;Prefers Prospects;Balanced;Balanced;7;15;8;13;9;10;13;7;11;6;9;5;7;7;0;;4;13
2440;5;10;20;15;1;Standard;Very Non-Physical;Very Aggressive;Conservative;Prefers Prospects;Balanced;Balanced;14;14;10;14;6;9;14;4;7;10;5;11;6;7;0;;4;3
2441;5;10;20;15;1;Standard;Very Non-Physical;Balanced;Aggressive;Balanced;Very Innovative;Loyal;5;4;7;5;9;13;13;7;3;7;2;8;8;4;0;;2;2
2442;5;10;20;15;1;Offensive;Very Non-Physical;Passive;Balanced;Prefers Veterans;Balanced;Balanced;19;13;6;10;6;6;7;9;14;2;5;7;14;4;0;;12;6
2443;5;10;20;15;1;Offensive;Very Non-Physical;Aggressive;Aggressive;Loves Veterans;Balanced;Balanced;6;5;8;5;12;3;11;7;9;7;8;15;16;9;0;;9;13
2444;5;10;20;15;1;Offensive;Non-physical;Balanced;Conservative;Loves Prospects;Balanced;Balanced;3;13;8;13;3;17;4;3;5;1;2;5;18;5;0;;10;1
2445;5;10;20;15;1;Offensive;Very Non-Physical;Aggressive;Aggressive;Prefers Veterans;Balanced;Ruthless;9;13;8;6;5;7;14;5;5;1;4;15;9;8;0;;1;4
2446;5;10;20;15;1;Standard;Very Non-Physical;Passive;Conservative;Balanced;Conservative;Balanced;15;4;14;7;12;5;3;8;8;2;9;10;15;8;0;;5;1
2447;5;10;20;15;1;Offensive;Non-physical;Very Aggressive;Balanced;Prefers Veterans;Conservative;Balanced;3;13;6;8;16;5;14;3;12;12;9;4;13;4;0;;12;5
2448;5;10;20;15;1;Offensive;Very Non-Physical;Balanced;Balanced;Balanced;Conservative;Balanced;7;4;6;7;16;6;14;8;9;0;2;14;18;4;0;;3;3
2449;5;10;20;15;1;Offensive;Very Non-Physical;Aggressive;Aggressive;Balanced;Balanced;Balanced;6;12;11;10;9;14;10;6;11;6;5;15;8;9;0;;9;5
2450;5;10;20;15;1;Offensive;Very Non-Physical;Aggressive;Conservative;Prefers Veterans;Balanced;Balanced;11;10;11;8;10;13;13;6;10;1;9;3;13;5;0;;1;13
2451;5;10;20;15;1;Offensive;Non-physical;Balanced;Balanced;Balanced;Innovative;Ruthless;4;5;5;9;15;15;3;7;5;1;9;12;7;13;0;;8;5
2452;5;10;20;15;1;Standard;Non-physical;Balanced;Balanced;Prefers Veterans;Conservative;Ruthless;12;10;11;9;5;12;6;9;6;0;6;12;18;8;0;;1;11
2453;5;10;20;15;1;Offensive;Non-physical;Balanced;Aggressive;Balanced;Very Innovative;Loyal;10;14;13;17;4;4;10;2;4;8;2;8;15;8;0;;12;5
2454;5;10;20;15;1;Standard;Very Non-Physical;Aggressive;Very Conservative;Balanced;Balanced;Balanced;17;13;11;10;6;9;12;6;12;7;7;8;7;14;0;;3;8
2455;10;10;15;20;1;Offensive;Very Non-Physical;Balanced;Balanced;Balanced;Balanced;Balanced;10;13;13;9;3;11;8;2;9;12;2;13;12;5;0;;12;10
2456;10;20;20;20;1;Standard;Balanced;Aggressive;Balanced;Balanced;Balanced;Balanced;6;6;6;6;6;6;6;6;6;6;6;6;6;6;0;;14;14
2457;1;10;20;20;1;Offensive;Balanced;Balanced;Balanced;Balanced;Balanced;Balanced;3;5;8;3;5;5;5;2;4;2;2;2;3;5;0;;13;12
2458;10;17;20;20;1;Standard;Balanced;Balanced;Balanced;Balanced;Balanced;Balanced;6;6;6;6;6;6;6;5;6;5;7;12;6;6;0;;14;14
2459;10;15;15;20;1;Offensive;Balanced;Balanced;Balanced;Balanced;Balanced;Balanced;3;4;6;3;4;4;4;4;3;4;4;4;3;4;0;;15;15
2460;1;10;10;20;1;Standard;Balanced;Balanced;Balanced;Balanced;Balanced;Balanced;2;2;2;2;2;2;2;2;2;2;2;2;2;2;0;;14;14
2461;1;10;20;20;1;Standard;Balanced;Balanced;Balanced;Prefers Prospects;Balanced;Balanced;5;6;6;8;6;6;6;3;7;3;3;3;3;6;0;;13;12
2462;1;10;15;20;1;Standard;Physical;Balanced;Balanced;Balanced;Conservative;Loyal;4;4;4;4;4;4;4;2;4;2;2;2;4;4;0;;16;14
2463;1;10;15;20;1;Standard;Balanced;Balanced;Balanced;Balanced;Balanced;Balanced;2;6;3;3;4;3;3;2;3;2;2;2;2;4;0;;14;14
2464;1;15;20;20;1;Standard;Balanced;Balanced;Balanced;Balanced;Balanced;Balanced;6;6;6;6;6;6;6;5;6;5;5;5;6;6;0;;13;12
2465;1;10;20;20;1;Standard;Balanced;Balanced;Balanced;Balanced;Balanced;Balanced;4;9;5;4;6;4;5;2;4;2;2;2;4;6;0;;13;12
2466;1;10;10;20;1;Standard;Balanced;Balanced;Balanced;Balanced;Balanced;Balanced;2;2;2;2;2;2;2;2;2;2;2;2;2;2;0;;14;14
2467;1;10;10;20;1;Standard;Balanced;Balanced;Balanced;Balanced;Balanced;Balanced;3;3;3;3;3;3;3;3;3;3;3;3;3;3;0;;14;14
2468;1;10;10;20;1;Standard;Balanced;Balanced;Balanced;Balanced;Balanced;Balanced;3;3;3;3;3;3;3;3;3;3;3;3;3;3;0;;14;14
2469;1;10;10;20;1;Standard;Balanced;Balanced;Balanced;Balanced;Balanced;Balanced;3;3;3;3;3;3;3;3;3;3;3;3;3;3;0;;14;14
2470;1;15;15;20;1;Standard;Balanced;Balanced;Balanced;Balanced;Balanced;Balanced;3;5;8;3;5;6;6;5;4;5;5;5;3;6;0;;15;15
2471;10;10;15;20;1;Offensive;Non-physical;Balanced;Conservative;Balanced;Balanced;Balanced;6;12;13;4;12;12;11;1;8;4;2;14;8;7;0;;10;15
2472;10;10;15;20;1;Standard;Non-physical;Balanced;Balanced;Balanced;Conservative;Balanced;1;12;7;1;5;12;1;7;12;4;6;5;7;7;0;;11;11
2473;10;10;15;20;1;Standard;Very Non-Physical;Balanced;Balanced;Balanced;Balanced;Ruthless;12;6;5;7;1;13;9;3;7;4;4;9;5;11;0;;14;11
2474;10;10;15;20;1;Offensive;Very Non-Physical;Balanced;Conservative;Prefers Veterans;Balanced;Balanced;3;1;13;8;4;12;2;3;4;5;9;10;12;8;0;;12;10
2475;10;10;15;20;1;Offensive;Non-physical;Balanced;Aggressive;Balanced;Balanced;Balanced;8;1;2;5;4;9;13;5;9;6;9;6;10;9;0;;10;11
2476;10;10;15;20;1;Standard;Very Non-Physical;Balanced;Balanced;Balanced;Balanced;Balanced;8;2;6;7;9;12;2;2;5;6;6;10;9;7;0;;11;12
2477;10;10;15;20;1;Offensive;Very Non-Physical;Passive;Conservative;Balanced;Balanced;Ruthless;5;7;8;13;3;1;11;3;10;8;8;15;14;3;0;;10;13
2478;10;10;15;20;1;Offensive;Very Non-Physical;Balanced;Very Conservative;Balanced;Balanced;Loyal;3;3;8;10;7;12;3;1;11;12;2;9;6;2;0;;15;16
2479;10;10;15;20;1;Offensive;Very Non-Physical;Aggressive;Balanced;Loves Prospects;Balanced;Balanced;11;9;1;10;2;7;10;3;10;9;9;5;6;1;0;;11;10
2480;10;10;15;20;1;Offensive;Very Non-Physical;Very Passive;Very Conservative;Prefers Prospects;Innovative;Loyal;3;3;8;3;5;2;3;6;8;6;8;6;10;5;0;;12;12
2481;10;10;15;20;1;Standard;Non-physical;Aggressive;Balanced;Prefers Prospects;Innovative;Very Ruthless;9;5;1;15;8;6;6;7;7;1;9;15;18;3;0;;10;10
2482;10;10;15;20;1;Offensive;Very Non-Physical;Very Aggressive;Very Aggressive;Balanced;Balanced;Balanced;4;11;10;8;7;11;4;3;9;1;9;9;16;8;0;;12;12
2483;10;10;15;20;1;Standard;Non-physical;Balanced;Aggressive;Prefers Veterans;Innovative;Balanced;11;4;10;7;12;5;4;11;14;1;7;4;15;9;0;;10;14
2484;10;10;15;20;1;Offensive;Non-physical;Balanced;Balanced;Balanced;Innovative;Balanced;11;11;6;3;11;10;1;6;3;1;3;5;12;9;0;;11;10
2485;10;10;15;20;1;Standard;Very Non-Physical;Passive;Balanced;Prefers Veterans;Balanced;Ruthless;11;11;7;4;6;2;7;2;10;13;9;12;14;13;0;;10;10
2486;10;10;15;20;1;Offensive;Very Non-Physical;Aggressive;Aggressive;Prefers Veterans;Balanced;Balanced;10;12;9;1;6;3;11;3;5;5;8;5;15;10;0;;16;17
2487;10;10;15;20;1;Offensive;Very Non-Physical;Balanced;Conservative;Balanced;Balanced;Balanced;6;5;6;5;2;2;11;9;11;9;9;12;16;9;0;;17;15
2488;10;10;15;20;1;Offensive;Non-physical;Balanced;Aggressive;Prefers Veterans;Balanced;Loyal;4;7;13;6;9;3;12;10;12;6;3;14;4;2;0;;13;10
2489;10;10;15;20;1;Offensive;Very Non-Physical;Aggressive;Very Conservative;Prefers Veterans;Conservative;Balanced;1;1;13;3;12;3;9;7;5;1;4;13;5;4;0;;12;10
2490;10;10;15;20;1;Standard;Very Non-Physical;Aggressive;Balanced;Balanced;Balanced;Balanced;6;7;3;5;4;2;10;3;5;4;9;9;4;2;0;;12;11
2491;10;10;15;20;1;Offensive;Very Non-Physical;Aggressive;Balanced;Prefers Veterans;Balanced;Ruthless;11;13;2;10;2;1;2;6;5;1;7;16;11;7;0;;14;11
2492;10;10;15;20;1;Offensive;Non-physical;Balanced;Conservative;Balanced;Balanced;Balanced;1;3;1;11;6;9;13;11;6;10;3;11;11;5;0;;11;10
2493;10;10;15;20;1;Very Offensive;Non-physical;Very Aggressive;Balanced;Balanced;Balanced;Ruthless;1;1;2;4;11;10;12;6;15;8;5;16;13;12;0;;10;15
2494;10;10;15;20;1;Standard;Very Non-Physical;Balanced;Balanced;Loves Prospects;Innovative;Balanced;6;4;10;5;10;4;7;6;11;5;1;9;12;2;0;;10;11
2495;10;10;15;20;1;Offensive;Non-physical;Balanced;Balanced;Balanced;Conservative;Ruthless;8;11;1;2;3;8;1;5;10;6;9;4;10;12;0;;12;10
2496;10;10;15;20;1;Standard;Very Non-Physical;Balanced;Balanced;Prefers Prospects;Innovative;Ruthless;4;11;9;1;9;9;5;9;8;10;1;5;9;11;0;;15;11
2497;10;10;15;20;1;Offensive;Non-physical;Balanced;Balanced;Balanced;Very Conservative;Balanced;9;12;10;1;6;10;7;5;8;9;5;5;4;13;0;;10;11
2498;10;10;15;20;1;Offensive;Non-physical;Balanced;Very Conservative;Prefers Prospects;Balanced;Balanced;7;6;3;5;2;4;5;2;15;10;8;5;10;4;0;;14;10
2499;10;10;15;20;1;Offensive;Very Non-Physical;Passive;Aggressive;Loves Prospects;Balanced;Ruthless;11;13;6;9;9;7;13;7;7;6;10;10;10;5;0;;11;10
2500;10;10;15;20;1;Offensive;Non-physical;Very Passive;Conservative;Balanced;Innovative;Ruthless;10;9;3;4;1;13;14;6;10;15;8;3;7;5;0;;12;10
2501;10;10;15;20;1;Offensive;Non-physical;Passive;Balanced;Loves Prospects;Balanced;Balanced;12;4;5;3;7;12;7;9;10;6;9;4;4;1;0;;10;10
2502;10;10;15;20;1;Defensive;Non-physical;Balanced;Aggressive;Balanced;Conservative;Very Ruthless;8;4;12;7;10;8;10;6;14;10;7;8;5;12;0;;17;16
2503;10;10;15;20;1;Offensive;Very Non-Physical;Balanced;Balanced;Balanced;Balanced;Balanced;1;1;7;1;11;3;6;8;14;2;3;10;9;4;0;;10;11
2504;10;10;15;20;1;Offensive;Very Non-Physical;Very Passive;Very Aggressive;Balanced;Conservative;Loyal;12;9;1;13;7;8;13;10;15;0;8;14;12;2;0;;10;12
2505;10;10;15;20;1;Standard;Very Non-Physical;Balanced;Very Conservative;Balanced;Very Conservative;Ruthless;5;3;2;6;11;11;12;2;8;1;5;12;11;5;0;;10;11
2506;10;10;15;20;1;Standard;Very Non-Physical;Balanced;Balanced;Balanced;Balanced;Balanced;1;1;2;7;10;11;3;6;7;9;4;7;16;10;0;;11;15
2507;10;10;15;20;1;Offensive;Non-physical;Very Passive;Balanced;Balanced;Innovative;Ruthless;4;2;5;4;3;7;7;2;13;8;7;5;4;13;0;;12;11
2508;10;10;15;20;1;Standard;Very Non-Physical;Balanced;Balanced;Prefers Prospects;Balanced;Loyal;12;1;2;4;6;5;5;3;4;8;8;14;9;2;0;;10;11
2509;10;10;15;20;1;Offensive;Very Non-Physical;Aggressive;Balanced;Prefers Veterans;Balanced;Very Ruthless;7;10;9;11;4;11;8;2;10;5;7;10;13;11;0;;13;12
2510;10;10;15;20;1;Offensive;Very Non-Physical;Passive;Balanced;Prefers Prospects;Balanced;Balanced;10;11;10;1;13;2;7;1;7;5;2;12;10;8;0;;10;14
2511;10;10;15;20;1;Defensive;Very Non-Physical;Balanced;Aggressive;Balanced;Balanced;Very Loyal;11;2;2;2;2;13;1;2;3;3;2;4;10;7;0;;12;13
2512;10;10;15;20;1;Offensive;Very Non-Physical;Aggressive;Conservative;Prefers Veterans;Balanced;Very Ruthless;6;11;12;2;5;8;3;7;10;11;7;3;12;2;0;;10;15
2513;10;10;15;20;1;Offensive;Very Non-Physical;Aggressive;Balanced;Prefers Veterans;Balanced;Balanced;6;12;11;12;1;10;3;1;7;7;5;16;6;12;0;;10;13
2514;10;10;15;20;1;Very Offensive;Very Non-Physical;Balanced;Balanced;Balanced;Conservative;Loyal;7;4;2;2;9;4;3;9;6;5;2;10;12;5;0;;10;11
2515;10;10;15;20;1;Standard;Very Non-Physical;Balanced;Balanced;Balanced;Innovative;Balanced;1;9;3;11;3;4;8;6;4;13;11;9;14;13;0;;13;15
2516;10;10;15;20;1;Offensive;Very Non-Physical;Balanced;Balanced;Loves Prospects;Balanced;Loyal;8;10;1;5;8;3;13;6;5;1;5;13;12;12;0;;11;13
2517;10;10;15;20;1;Offensive;Non-physical;Passive;Balanced;Prefers Veterans;Innovative;Loyal;2;10;1;6;6;10;4;3;11;6;11;15;16;7;0;;12;10
2518;10;10;15;20;1;Standard;Very Non-Physical;Aggressive;Balanced;Prefers Prospects;Balanced;Ruthless;3;4;8;12;1;13;3;8;3;2;8;3;6;1;0;;11;10
2519;10;10;15;20;1;Offensive;Very Non-Physical;Balanced;Very Aggressive;Balanced;Balanced;Loyal;8;5;8;6;9;5;7;7;3;13;3;10;11;2;0;;10;10
2520;10;10;15;20;1;Standard;Very Non-Physical;Balanced;Balanced;Balanced;Innovative;Loyal;11;4;12;13;6;5;7;3;3;5;2;4;16;1;0;;16;15
2521;10;10;15;20;1;Offensive;Very Non-Physical;Aggressive;Balanced;Balanced;Conservative;Ruthless;2;8;6;11;2;3;3;8;9;12;2;9;8;5;0;;14;13
2522;10;10;15;20;1;Offensive;Non-physical;Passive;Conservative;Balanced;Very Innovative;Very Loyal;10;10;4;8;6;11;1;6;14;0;4;6;6;3;0;;11;14
2523;10;10;15;20;1;Offensive;Very Non-Physical;Balanced;Conservative;Prefers Veterans;Conservative;Loyal;9;2;8;8;13;11;13;8;6;7;3;7;14;12;0;;12;17
2524;10;10;15;20;1;Standard;Very Non-Physical;Very Passive;Balanced;Prefers Prospects;Very Innovative;Ruthless;4;12;3;10;12;9;2;2;12;8;4;7;12;12;0;;12;11
2525;10;10;15;20;1;Offensive;Very Non-Physical;Very Aggressive;Aggressive;Loves Veterans;Balanced;Very Ruthless;4;4;11;11;6;10;3;9;7;3;9;15;14;11;0;;11;10
2526;10;10;15;20;1;Offensive;Non-physical;Balanced;Balanced;Balanced;Balanced;Loyal;3;8;11;4;9;5;2;2;12;10;5;11;6;7;0;;10;16
2527;10;10;15;20;1;Standard;Very Non-Physical;Balanced;Very Conservative;Balanced;Balanced;Loyal;7;3;2;7;9;10;10;6;6;13;4;15;6;4;0;;11;12
2528;10;10;15;20;1;Defensive;Non-physical;Very Aggressive;Balanced;Balanced;Innovative;Ruthless;5;10;13;9;3;3;1;4;8;6;3;14;9;2;0;;10;10
2529;10;10;15;20;1;Standard;Very Non-Physical;Aggressive;Balanced;Balanced;Balanced;Balanced;5;11;10;8;8;4;4;8;7;3;9;13;13;7;0;;10;16
2530;10;10;15;20;1;Offensive;Very Non-Physical;Very Passive;Balanced;Loves Veterans;Very Conservative;Loyal;5;5;10;1;10;8;2;7;13;3;5;14;5;13;0;;13;13
2531;10;10;15;20;1;Offensive;Very Non-Physical;Passive;Aggressive;Prefers Veterans;Conservative;Balanced;10;10;7;7;2;12;1;1;3;10;3;7;9;1;0;;10;14
2532;10;10;15;20;1;Offensive;Very Non-Physical;Balanced;Balanced;Prefers Veterans;Conservative;Balanced;5;6;6;7;1;7;2;3;9;1;5;3;9;5;0;;10;12
2533;10;10;15;20;1;Offensive;Very Non-Physical;Passive;Balanced;Balanced;Balanced;Balanced;11;10;6;7;5;10;6;9;12;9;5;12;10;5;0;;10;13
2534;10;10;15;20;1;Offensive;Non-physical;Passive;Balanced;Prefers Veterans;Very Conservative;Loyal;2;8;1;12;4;2;11;5;4;6;5;16;15;6;0;;14;14
2535;10;10;15;20;1;Standard;Very Non-Physical;Balanced;Very Aggressive;Balanced;Innovative;Balanced;8;11;2;8;12;4;12;3;12;5;8;5;6;7;0;;11;11
2536;10;10;15;20;1;Very Offensive;Very Non-Physical;Balanced;Balanced;Balanced;Conservative;Loyal;10;2;3;1;7;5;6;5;8;8;9;5;12;3;0;;11;13
2537;1;1;5;1;20;Offensive;Very Non-Physical;Balanced;Balanced;Prefers Veterans;Conservative;Balanced;0;0;0;0;0;0;0;5;0;0;3;0;0;0;20;;0;0
2538;1;1;5;1;20;Offensive;Non-physical;Balanced;Balanced;Prefers Veterans;Balanced;Loyal;0;0;0;0;0;0;0;6;0;0;9;0;0;0;16;;0;0
2539;1;1;5;1;20;Offensive;Non-physical;Balanced;Balanced;Prefers Veterans;Innovative;Balanced;0;0;0;0;0;0;0;8;0;0;9;0;0;0;19;;0;0
2540;1;1;5;1;20;Very Offensive;Non-physical;Balanced;Conservative;Prefers Prospects;Innovative;Balanced;0;0;0;0;0;0;0;5;0;0;8;0;0;0;15;;0;0
2541;1;1;5;1;20;Offensive;Very Non-Physical;Balanced;Very Conservative;Prefers Veterans;Conservative;Balanced;1;1;1;1;1;1;1;1;1;1;5;1;1;1;19;;1;1
2542;1;1;5;1;20;Offensive;Very Non-Physical;Aggressive;Balanced;Balanced;Balanced;Balanced;0;0;0;0;0;0;0;4;0;0;2;0;0;0;15;;0;0
2543;1;1;5;1;20;Standard;Very Non-Physical;Balanced;Conservative;Prefers Prospects;Innovative;Loyal;0;0;0;0;0;0;0;1;0;0;5;0;0;0;18;;0;0
2544;1;1;5;1;20;Offensive;Very Non-Physical;Passive;Balanced;Balanced;Balanced;Ruthless;0;0;0;0;0;0;0;2;0;0;1;0;0;0;15;;0;0
2545;1;1;5;1;20;Offensive;Non-physical;Balanced;Conservative;Loves Veterans;Innovative;Loyal;0;0;0;0;0;0;0;3;0;0;8;0;0;0;15;;0;0
2546;1;1;5;1;20;Offensive;Very Non-Physical;Balanced;Balanced;Prefers Veterans;Balanced;Very Ruthless;1;1;1;1;1;1;1;8;1;1;1;1;1;1;20;;1;1
2547;1;1;5;1;20;Offensive;Very Non-Physical;Passive;Balanced;Balanced;Balanced;Balanced;0;0;0;0;0;0;0;2;0;0;7;0;0;0;18;;0;0
2548;1;1;5;1;20;Standard;Very Non-Physical;Passive;Very Conservative;Balanced;Innovative;Balanced;0;0;0;0;0;0;0;6;0;0;5;0;0;0;17;;0;0
2549;1;1;5;1;20;Standard;Very Non-Physical;Aggressive;Conservative;Prefers Veterans;Innovative;Loyal;0;0;0;0;0;0;0;3;0;0;5;0;0;0;17;;0;0
2550;1;1;5;1;20;Offensive;Very Non-Physical;Passive;Conservative;Balanced;Conservative;Ruthless;0;0;0;0;0;0;0;6;0;0;9;0;0;0;15;;0;0
2551;20;15;5;5;1;Standard;Very Non-Physical;Aggressive;Balanced;Loves Veterans;Very Conservative;Loyal;2;3;11;12;6;5;4;8;10;4;4;4;7;3;0;;5;13
2552;5;10;20;15;1;Standard;Very Non-Physical;Balanced;Very Aggressive;Prefers Prospects;Balanced;Ruthless;8;13;10;5;3;7;13;4;9;11;2;6;9;9;0;;4;9
2553;5;10;20;15;1;Offensive;Non-physical;Aggressive;Balanced;Loves Veterans;Balanced;Loyal;6;11;10;8;15;6;10;5;15;6;8;13;7;15;0;;13;9
2554;5;10;20;15;1;Standard;Very Non-Physical;Passive;Aggressive;Balanced;Very Innovative;Loyal;4;3;8;8;5;15;6;2;7;0;3;14;11;5;0;;13;2
2555;5;10;20;15;1;Standard;Very Non-Physical;Balanced;Conservative;Balanced;Balanced;Ruthless;9;10;8;6;11;13;5;1;5;4;2;10;12;11;0;;4;2
2556;5;10;20;15;1;Offensive;Non-physical;Balanced;Conservative;Loves Prospects;Balanced;Balanced;12;9;6;10;13;9;12;3;8;1;6;11;11;7;0;;7;2
2557;5;10;20;15;1;Offensive;Very Non-Physical;Very Aggressive;Conservative;Balanced;Conservative;Balanced;8;3;13;9;10;16;15;2;14;2;8;13;19;11;0;;13;11
2558;5;10;20;15;1;Offensive;Very Non-Physical;Passive;Balanced;Prefers Veterans;Innovative;Loyal;12;11;13;12;6;16;5;4;6;6;8;8;10;13;0;;5;8
2559;5;10;20;15;1;Offensive;Very Non-Physical;Balanced;Balanced;Loves Veterans;Conservative;Balanced;7;14;8;13;6;15;13;3;8;10;4;9;18;10;0;;10;8
2560;5;10;20;15;1;Standard;Very Non-Physical;Passive;Very Conservative;Balanced;Conservative;Loyal;15;3;5;4;10;12;13;8;10;12;5;3;16;5;0;;2;11
2561;5;10;20;15;1;Standard;Very Non-Physical;Balanced;Aggressive;Balanced;Balanced;Very Loyal;15;11;7;9;10;5;11;6;11;2;1;15;10;13;0;;8;3
2562;5;10;20;15;1;Offensive;Very Non-Physical;Balanced;Very Aggressive;Prefers Veterans;Balanced;Balanced;7;7;15;11;12;5;17;2;9;4;5;13;12;3;0;;8;2
2563;5;10;20;15;1;Offensive;Very Non-Physical;Passive;Balanced;Balanced;Conservative;Ruthless;3;15;15;15;10;9;13;5;14;7;8;3;14;6;0;;2;2
2564;5;10;20;15;1;Offensive;Very Non-Physical;Balanced;Balanced;Prefers Veterans;Innovative;Loyal;16;5;4;6;14;9;15;6;9;4;8;12;9;14;0;;6;10
2565;5;10;20;15;1;Offensive;Very Non-Physical;Balanced;Balanced;Prefers Veterans;Balanced;Ruthless;4;12;12;15;7;7;10;6;8;0;6;13;11;7;0;;8;7
2566;5;10;20;15;1;Defensive;Non-physical;Very Passive;Balanced;Balanced;Very Innovative;Ruthless;10;10;11;10;8;7;3;9;14;6;7;5;18;12;0;;13;2
2567;5;10;20;15;1;Offensive;Very Non-Physical;Balanced;Very Conservative;Balanced;Balanced;Balanced;7;4;12;16;5;15;12;2;4;10;2;13;8;8;0;;3;9
2568;5;10;20;15;1;Standard;Very Non-Physical;Very Aggressive;Balanced;Balanced;Innovative;Loyal;7;11;16;11;11;8;4;8;8;4;7;3;7;3;0;;7;11
2569;5;10;20;15;1;Standard;Non-physical;Balanced;Very Aggressive;Prefers Prospects;Balanced;Balanced;8;12;11;10;10;11;14;4;5;11;9;6;9;7;0;;11;9
2570;5;10;20;15;1;Offensive;Very Non-Physical;Very Passive;Very Conservative;Prefers Prospects;Innovative;Balanced;3;6;13;5;12;11;9;10;3;6;1;12;13;9;0;;11;12
2571;5;10;20;15;1;Offensive;Very Non-Physical;Balanced;Conservative;Balanced;Conservative;Loyal;5;14;6;7;15;6;4;1;15;9;3;13;12;6;0;;5;12
2572;5;10;20;15;1;Offensive;Very Non-Physical;Aggressive;Very Aggressive;Balanced;Balanced;Balanced;4;15;6;8;14;5;4;9;3;5;1;5;7;4;0;;8;1
2573;5;10;20;15;1;Standard;Very Non-Physical;Balanced;Balanced;Balanced;Balanced;Balanced;3;10;6;6;6;14;7;5;15;6;8;7;16;11;0;;6;11
2574;5;10;20;15;1;Offensive;Non-physical;Aggressive;Balanced;Prefers Veterans;Innovative;Balanced;13;5;16;3;9;12;3;3;8;11;8;3;10;15;0;;8;8
2575;5;10;20;15;1;Very Offensive;Non-physical;Aggressive;Conservative;Prefers Veterans;Balanced;Loyal;5;13;3;15;14;5;14;10;5;6;3;15;15;11;0;;2;2
2576;5;10;20;15;1;Offensive;Very Non-Physical;Passive;Balanced;Prefers Prospects;Balanced;Very Ruthless;9;5;13;14;10;8;4;6;5;2;8;12;13;4;0;;6;11
2577;5;10;20;15;1;Offensive;Very Non-Physical;Passive;Conservative;Balanced;Conservative;Ruthless;4;3;5;10;13;12;7;5;6;1;8;10;7;11;0;;8;5
2578;5;10;20;15;1;Standard;Very Non-Physical;Passive;Balanced;Balanced;Innovative;Balanced;8;6;3;8;13;14;11;2;11;8;9;4;17;7;0;;6;12
2579;5;10;20;15;1;Standard;Very Non-Physical;Balanced;Balanced;Balanced;Balanced;Balanced;12;6;6;5;15;13;14;9;7;0;8;15;13;6;0;;8;13
2580;5;10;20;15;1;Offensive;Very Non-Physical;Aggressive;Very Aggressive;Balanced;Balanced;Balanced;15;13;6;14;14;4;11;3;13;7;8;7;18;10;0;;6;9
2581;5;10;20;15;1;Standard;Non-physical;Very Passive;Conservative;Loves Prospects;Balanced;Balanced;15;8;5;13;12;4;5;6;12;1;5;4;6;13;0;;12;8
2582;5;10;20;15;1;Standard;Very Non-Physical;Balanced;Balanced;Prefers Veterans;Conservative;Balanced;5;13;11;7;8;14;3;8;9;2;5;14;7;4;0;;11;7
2583;5;10;20;15;1;Offensive;Non-physical;Passive;Balanced;Prefers Prospects;Balanced;Loyal;10;3;14;9;8;4;13;3;5;12;1;11;18;11;0;;2;5
2584;5;10;20;15;1;Offensive;Very Non-Physical;Balanced;Aggressive;Prefers Veterans;Balanced;Very Ruthless;12;4;14;10;8;5;13;4;12;9;7;13;17;15;0;;5;5
2585;5;10;20;15;1;Offensive;Very Non-Physical;Balanced;Aggressive;Prefers Veterans;Very Innovative;Very Loyal;9;8;15;14;9;15;14;6;7;5;6;6;8;9;0;;3;1
2586;5;10;20;15;1;Offensive;Non-physical;Very Aggressive;Balanced;Balanced;Very Innovative;Ruthless;11;5;8;3;9;5;5;4;5;1;8;4;9;7;0;;9;4
2587;5;10;20;15;1;Offensive;Very Non-Physical;Very Aggressive;Aggressive;Prefers Prospects;Balanced;Balanced;4;4;10;14;6;14;8;5;9;8;2;10;8;9;0;;6;10
2588;5;10;20;15;1;Offensive;Very Non-Physical;Passive;Balanced;Loves Veterans;Innovative;Loyal;4;6;7;3;14;7;11;2;5;8;6;7;7;8;0;;10;11
2589;5;10;20;15;1;Offensive;Very Non-Physical;Very Passive;Balanced;Prefers Prospects;Balanced;Balanced;4;9;9;12;9;14;4;5;7;3;9;15;6;8;0;;13;11
2590;5;10;20;15;1;Offensive;Very Non-Physical;Balanced;Conservative;Prefers Veterans;Balanced;Balanced;4;13;16;10;12;8;11;9;3;10;8;9;18;13;0;;2;7
2591;5;10;20;15;1;Offensive;Non-physical;Passive;Conservative;Loves Prospects;Innovative;Very Ruthless;4;15;9;3;12;7;16;1;13;12;8;5;15;14;0;;12;5
2592;5;10;20;15;1;Offensive;Very Non-Physical;Balanced;Balanced;Prefers Prospects;Balanced;Balanced;13;10;6;16;7;3;10;6;11;8;7;13;14;13;0;;9;11
2593;5;10;20;15;1;Offensive;Very Non-Physical;Very Aggressive;Aggressive;Prefers Veterans;Balanced;Balanced;10;9;4;12;11;14;15;1;13;1;7;9;16;12;0;;9;9
2594;5;10;20;15;1;Standard;Very Non-Physical;Balanced;Conservative;Balanced;Very Conservative;Ruthless;14;11;15;9;7;10;4;3;13;10;4;10;15;14;0;;9;11
2595;5;10;20;15;1;Offensive;Very Non-Physical;Aggressive;Balanced;Balanced;Balanced;Balanced;14;12;6;10;15;4;4;8;5;8;8;4;6;11;0;;7;12
2596;5;10;20;15;1;Offensive;Very Non-Physical;Aggressive;Balanced;Balanced;Balanced;Very Loyal;3;13;6;9;3;7;9;8;11;2;7;15;15;13;0;;6;7
2597;5;10;20;15;1;Offensive;Very Non-Physical;Balanced;Balanced;Prefers Veterans;Conservative;Loyal;5;9;16;5;4;12;3;3;8;9;9;14;13;12;0;;7;5
2598;5;10;20;15;1;Offensive;Very Non-Physical;Balanced;Conservative;Balanced;Balanced;Very Ruthless;4;4;14;6;7;16;9;3;14;5;8;7;12;16;0;;9;2
2599;5;10;20;15;1;Standard;Non-physical;Balanced;Conservative;Prefers Veterans;Balanced;Balanced;10;15;11;11;3;11;8;7;14;2;3;14;10;5;0;;13;4
2600;5;10;20;15;1;Offensive;Very Non-Physical;Aggressive;Balanced;Balanced;Innovative;Loyal;13;10;11;8;9;7;4;8;11;1;6;3;10;7;0;;7;13
2601;5;10;20;15;1;Offensive;Very Non-Physical;Passive;Balanced;Balanced;Innovative;Balanced;5;10;4;9;14;6;5;2;15;5;3;14;10;14;0;;7;2
2602;5;10;20;15;1;Defensive;Non-physical;Passive;Aggressive;Balanced;Conservative;Balanced;5;12;5;6;4;11;4;6;4;3;2;14;14;5;0;;1;6
2603;5;10;20;15;1;Standard;Very Non-Physical;Balanced;Balanced;Balanced;Balanced;Balanced;10;14;17;7;13;10;11;4;10;4;3;12;11;8;0;;12;6
2604;5;10;20;15;1;Offensive;Very Non-Physical;Aggressive;Balanced;Prefers Veterans;Very Conservative;Ruthless;4;11;8;10;8;4;3;2;3;11;5;12;9;11;0;;6;10
2605;5;10;20;15;1;Offensive;Very Non-Physical;Balanced;Balanced;Balanced;Balanced;Very Loyal;12;9;5;6;8;11;14;9;9;1;2;9;7;3;0;;13;6
2606;5;10;20;15;1;Standard;Non-physical;Aggressive;Balanced;Prefers Veterans;Balanced;Loyal;10;9;10;12;12;13;12;9;3;11;9;11;6;8;0;;9;12
2607;5;10;20;15;1;Offensive;Non-physical;Balanced;Balanced;Balanced;Innovative;Balanced;8;5;6;5;10;10;14;5;5;11;2;10;14;13;0;;13;1
2608;5;10;20;15;1;Offensive;Very Non-Physical;Balanced;Balanced;Prefers Prospects;Balanced;Very Ruthless;4;11;12;9;7;12;15;9;4;4;7;10;7;13;0;;4;13
2609;5;10;20;15;1;Defensive;Very Non-Physical;Very Aggressive;Conservative;Balanced;Innovative;Balanced;8;14;13;16;4;12;14;6;4;8;1;9;13;7;0;;9;11
2610;5;10;20;15;1;Offensive;Very Non-Physical;Balanced;Balanced;Balanced;Balanced;Balanced;9;7;12;9;13;7;5;3;12;11;2;13;13;5;0;;3;13
2611;5;10;20;15;1;Offensive;Very Non-Physical;Balanced;Aggressive;Balanced;Innovative;Loyal;4;16;14;5;11;3;3;10;4;12;6;9;17;10;0;;10;2
2612;5;10;20;15;1;Defensive;Very Non-Physical;Balanced;Balanced;Prefers Veterans;Very Innovative;Very Loyal;7;5;12;13;10;8;15;1;3;5;2;5;7;15;0;;12;1
2613;5;10;20;15;1;Offensive;Very Non-Physical;Passive;Conservative;Prefers Veterans;Innovative;Balanced;10;9;5;15;6;7;11;4;15;10;2;3;15;4;0;;5;10
2614;5;10;20;15;1;Offensive;Non-physical;Passive;Balanced;Balanced;Innovative;Balanced;14;8;6;4;8;7;9;8;11;3;6;3;16;10;0;;6;8
2615;5;10;20;15;1;Offensive;Very Non-Physical;Balanced;Balanced;Prefers Prospects;Innovative;Loyal;7;4;10;7;12;7;14;7;6;3;1;9;10;11;0;;5;5
2616;5;10;20;15;1;Offensive;Very Non-Physical;Aggressive;Conservative;Prefers Prospects;Balanced;Balanced;4;13;6;11;16;10;15;2;4;1;4;13;10;4;0;;12;8
2617;5;10;20;15;1;Offensive;Very Non-Physical;Aggressive;Balanced;Balanced;Conservative;Very Loyal;13;6;9;12;4;14;10;7;11;7;9;15;9;5;0;;8;7
2618;5;10;20;15;1;Offensive;Very Non-Physical;Aggressive;Balanced;Prefers Veterans;Innovative;Ruthless;4;7;7;7;12;12;9;3;8;3;7;10;6;3;0;;3;10
2619;5;10;20;15;1;Offensive;Very Non-Physical;Balanced;Conservative;Prefers Prospects;Balanced;Balanced;3;12;11;8;7;15;15;2;11;5;2;11;11;7;0;;13;12
2620;5;10;20;15;1;Offensive;Very Non-Physical;Passive;Aggressive;Prefers Veterans;Conservative;Balanced;7;6;4;16;6;5;13;10;6;3;9;10;13;14;0;;8;12
2621;5;10;20;15;1;Offensive;Very Non-Physical;Balanced;Balanced;Balanced;Balanced;Loyal;16;11;8;9;5;7;14;6;11;3;2;6;7;9;0;;1;5
2622;5;10;20;15;1;Standard;Very Non-Physical;Aggressive;Aggressive;Prefers Prospects;Balanced;Balanced;11;16;8;5;8;7;7;7;11;1;3;5;13;4;0;;9;2
2623;5;10;20;15;1;Offensive;Very Non-Physical;Passive;Balanced;Balanced;Balanced;Balanced;12;10;9;11;14;7;13;3;9;2;1;8;9;7;0;;3;6
2624;5;10;20;15;1;Offensive;Non-physical;Balanced;Balanced;Balanced;Conservative;Loyal;6;5;5;11;8;9;3;7;7;2;6;3;9;4;0;;7;5
2625;5;10;20;15;1;Defensive;Very Non-Physical;Passive;Aggressive;Balanced;Very Innovative;Balanced;9;10;14;5;7;6;6;7;8;2;4;14;18;9;0;;4;5
2626;5;10;20;15;1;Offensive;Non-physical;Aggressive;Balanced;Balanced;Very Innovative;Balanced;7;8;4;7;3;5;14;6;9;1;1;3;10;7;0;;4;2
2627;5;10;20;15;1;Offensive;Very Non-Physical;Balanced;Balanced;Prefers Veterans;Balanced;Balanced;5;10;4;14;3;10;6;9;15;3;6;3;13;16;0;;8;6
2628;5;10;20;15;1;Offensive;Very Non-Physical;Balanced;Balanced;Loves Prospects;Innovative;Loyal;12;7;14;15;13;8;4;4;11;6;9;7;8;5;0;;8;8
2629;5;10;20;15;1;Offensive;Non-physical;Passive;Aggressive;Prefers Prospects;Innovative;Balanced;6;7;11;4;7;15;7;3;7;11;9;5;14;12;0;;10;4
2630;5;10;20;15;1;Standard;Very Non-Physical;Aggressive;Balanced;Loves Prospects;Very Innovative;Loyal;13;12;15;16;3;6;6;9;12;2;5;14;13;8;0;;12;5
2631;5;10;20;15;1;Offensive;Very Non-Physical;Very Passive;Conservative;Loves Veterans;Balanced;Very Ruthless;13;11;14;4;4;15;8;4;10;9;8;6;7;16;0;;12;12
2632;5;10;20;15;1;Offensive;Non-physical;Balanced;Balanced;Prefers Prospects;Innovative;Balanced;9;11;4;14;15;11;14;2;12;3;8;11;13;15;0;;4;9
2633;5;10;20;15;1;Standard;Very Non-Physical;Balanced;Balanced;Balanced;Innovative;Balanced;7;9;10;3;12;4;16;9;13;1;6;14;14;6;0;;8;9
2634;5;10;20;15;1;Offensive;Very Non-Physical;Aggressive;Balanced;Balanced;Innovative;Ruthless;8;10;11;5;5;16;4;2;7;5;5;6;16;13;0;;1;7
2635;5;10;20;15;1;Standard;Very Non-Physical;Balanced;Balanced;Balanced;Innovative;Balanced;12;9;3;8;12;12;13;6;7;8;8;11;12;4;0;;13;8
2636;5;10;20;15;1;Offensive;Very Non-Physical;Balanced;Balanced;Balanced;Balanced;Loyal;4;4;6;6;11;9;13;8;6;9;7;3;15;9;0;;10;13
2637;5;10;20;15;1;Offensive;Non-physical;Balanced;Very Conservative;Balanced;Conservative;Loyal;12;10;16;13;10;6;9;9;13;2;7;7;19;9;0;;6;9
2638;10;20;20;20;1;Standard;Balanced;Aggressive;Aggressive;Balanced;Innovative;Ruthless;5;7;8;8;8;8;7;11;5;4;14;13;8;15;1;;19;17
2639;10;20;20;20;1;Standard;Physical;Balanced;Balanced;Prefers Veterans;Conservative;Balanced;4;6;10;4;6;7;7;3;5;10;6;5;4;7;0;;14;14
2640;1;20;20;20;1;Standard;Balanced;Balanced;Balanced;Prefers Veterans;Balanced;Loyal;5;9;9;3;5;6;6;6;5;6;6;6;2;10;0;;13;12
2641;1;5;20;20;1;Defensive;Balanced;Balanced;Conservative;Balanced;Balanced;Balanced;9;4;3;4;6;3;3;1;4;1;1;1;3;5;0;;13;12
2642;15;20;10;20;1;Standard;Balanced;Balanced;Balanced;Balanced;Innovative;Balanced;3;3;3;3;3;3;3;9;3;3;9;3;3;3;0;;14;14
2643;1;10;20;20;1;Standard;Balanced;Balanced;Balanced;Balanced;Balanced;Balanced;3;8;4;4;5;4;4;2;4;2;2;2;3;5;0;;13;12
2644;15;20;20;20;1;Standard;Balanced;Balanced;Balanced;Balanced;Balanced;Balanced;3;5;8;3;5;6;6;5;4;5;5;5;3;6;0;;14;14
2645;1;15;20;20;1;Defensive;Balanced;Aggressive;Balanced;Balanced;Balanced;Balanced;5;6;3;4;9;3;3;4;4;4;4;4;5;6;0;;13;12
2646;1;10;20;20;1;Standard;Balanced;Balanced;Conservative;Balanced;Balanced;Balanced;10;4;3;5;6;3;3;2;5;2;2;2;3;6;0;;13;12
2647;10;20;20;20;1;Standard;Balanced;Balanced;Balanced;Balanced;Balanced;Balanced;3;5;8;3;5;5;5;5;4;5;5;5;3;5;0;;14;14
2648;1;5;20;20;1;Standard;Balanced;Balanced;Balanced;Balanced;Balanced;Balanced;3;8;4;4;5;4;4;1;4;1;1;1;3;5;0;;13;12
2649;1;10;20;20;1;Standard;Physical;Passive;Balanced;Balanced;Conservative;Balanced;4;4;4;4;4;4;4;2;4;2;2;2;4;4;0;;13;12
2650;10;20;20;20;1;Standard;Balanced;Aggressive;Balanced;Balanced;Innovative;Balanced;3;4;4;4;4;4;4;4;3;4;4;4;4;9;0;;13;12
2651;10;20;10;20;1;Standard;Balanced;Balanced;Balanced;Balanced;Balanced;Balanced;2;2;2;2;2;2;2;4;2;4;4;4;2;2;0;;14;14
2652;1;10;10;20;1;Standard;Balanced;Balanced;Balanced;Balanced;Balanced;Balanced;2;2;2;2;2;2;2;2;2;2;2;2;2;2;0;;14;14
2653;1;1;1;1;20;Standard;Balanced;Balanced;Balanced;Balanced;Balanced;Balanced;0;0;0;0;0;0;0;0;0;0;0;0;0;0;14;;1;1
2654;1;5;20;20;1;Standard;Balanced;Balanced;Balanced;Balanced;Balanced;Balanced;3;8;4;4;5;4;4;1;4;1;1;1;3;5;0;;13;12
2655;1;15;20;20;1;Standard;Balanced;Balanced;Balanced;Balanced;Balanced;Balanced;4;4;4;4;4;4;4;3;4;3;3;3;4;4;0;;13;12
2656;1;5;20;20;1;Standard;Balanced;Balanced;Balanced;Balanced;Balanced;Balanced;4;4;4;4;4;4;4;1;4;1;1;1;4;4;0;;13;12
2657;1;5;20;20;1;Standard;Balanced;Balanced;Balanced;Balanced;Balanced;Balanced;4;4;4;4;4;4;4;1;4;1;1;1;4;4;0;;13;12
2658;1;10;10;20;1;Standard;Balanced;Balanced;Balanced;Balanced;Balanced;Balanced;2;2;2;2;2;2;2;2;2;2;2;2;2;2;0;;14;14
2659;10;10;15;20;1;Standard;Very Non-Physical;Very Aggressive;Balanced;Prefers Veterans;Innovative;Loyal;8;11;8;5;13;7;12;7;9;12;8;15;12;5;0;;10;10
2660;10;10;15;20;1;Standard;Very Non-Physical;Balanced;Conservative;Prefers Prospects;Balanced;Ruthless;3;13;5;8;9;5;4;3;5;6;4;14;12;9;0;;11;10
2661;10;10;15;20;1;Offensive;Very Non-Physical;Balanced;Very Conservative;Balanced;Balanced;Ruthless;9;6;7;13;7;9;11;6;6;4;8;6;13;1;0;;11;10
2662;10;10;15;20;1;Offensive;Non-physical;Balanced;Conservative;Balanced;Very Innovative;Balanced;3;11;8;7;8;3;10;8;11;1;2;10;9;12;0;;11;11
2663;10;10;15;20;1;Offensive;Very Non-Physical;Aggressive;Balanced;Balanced;Innovative;Balanced;12;13;5;10;10;6;4;3;9;2;2;12;11;13;0;;12;10
2664;10;10;15;20;1;Standard;Non-physical;Passive;Aggressive;Loves Veterans;Balanced;Ruthless;6;2;8;10;3;2;5;2;9;12;6;3;14;1;0;;15;10
2665;10;10;15;20;1;Standard;Very Non-Physical;Balanced;Balanced;Balanced;Balanced;Ruthless;2;3;8;6;5;9;10;6;4;3;8;7;10;13;0;;11;13
2666;10;10;15;20;1;Offensive;Very Non-Physical;Balanced;Balanced;Balanced;Conservative;Balanced;4;8;1;3;9;1;6;7;10;3;9;14;11;4;0;;10;13
2667;10;10;15;20;1;Offensive;Non-physical;Very Passive;Balanced;Prefers Prospects;Balanced;Balanced;13;9;7;8;7;13;2;2;13;4;1;5;6;12;0;;13;11
2668;10;10;15;20;1;Standard;Very Non-Physical;Very Passive;Conservative;Loves Prospects;Balanced;Loyal;1;5;9;1;11;5;13;8;3;12;2;7;7;3;0;;10;13
2669;10;10;15;20;1;Very Offensive;Very Non-Physical;Passive;Aggressive;Balanced;Balanced;Very Loyal;10;3;12;9;7;10;7;5;6;6;5;8;9;2;0;;12;11
2670;10;10;15;20;1;Offensive;Very Non-Physical;Balanced;Balanced;Loves Veterans;Balanced;Balanced;4;11;5;4;1;3;6;9;3;8;1;8;10;6;0;;12;11
2671;10;10;15;20;1;Standard;Very Non-Physical;Balanced;Balanced;Loves Veterans;Innovative;Balanced;12;11;2;9;8;13;5;1;11;12;8;15;10;11;0;;10;12
2672;10;10;15;20;1;Standard;Very Non-Physical;Passive;Very Conservative;Balanced;Balanced;Ruthless;7;12;1;8;6;9;2;4;14;5;4;12;7;2;0;;10;14
2673;10;10;15;20;1;Offensive;Non-physical;Aggressive;Conservative;Balanced;Balanced;Balanced;12;11;10;8;7;1;7;10;10;7;2;5;11;5;0;;13;10
2674;10;10;15;20;1;Offensive;Very Non-Physical;Balanced;Very Conservative;Balanced;Innovative;Loyal;7;9;9;3;2;6;10;8;3;6;10;10;12;5;0;;10;11
2675;10;10;15;20;1;Offensive;Very Non-Physical;Aggressive;Balanced;Balanced;Balanced;Loyal;12;11;7;1;6;11;11;9;12;1;4;6;13;11;0;;15;10
2676;10;10;15;20;1;Offensive;Very Non-Physical;Balanced;Conservative;Prefers Veterans;Conservative;Loyal;7;6;1;2;4;7;4;3;12;1;7;13;13;8;0;;10;10
2677;5;10;20;15;1;Offensive;Very Non-Physical;Passive;Balanced;Prefers Veterans;Conservative;Ruthless;13;9;7;5;14;11;5;8;5;12;8;6;9;3;0;;8;4
2678;5;10;20;15;1;Defensive;Non-physical;Balanced;Conservative;Balanced;Balanced;Loyal;5;7;7;4;10;12;9;5;14;7;9;12;18;3;0;;8;5
2679;5;10;20;15;1;Offensive;Very Non-Physical;Balanced;Balanced;Balanced;Very Conservative;Balanced;11;3;10;8;4;12;9;6;11;1;4;5;17;8;0;;4;12
2680;5;10;20;15;1;Standard;Very Non-Physical;Balanced;Balanced;Prefers Prospects;Balanced;Very Ruthless;10;14;3;3;9;11;12;6;15;0;1;14;7;10;0;;2;2
2681;5;10;20;15;1;Offensive;Very Non-Physical;Passive;Balanced;Balanced;Conservative;Loyal;14;13;3;12;7;3;4;9;5;4;9;15;18;9;0;;2;11
2682;5;10;20;15;1;Offensive;Non-physical;Very Passive;Aggressive;Balanced;Balanced;Balanced;15;8;13;6;9;11;15;6;4;7;9;3;17;8;0;;13;10
2683;5;10;20;15;1;Offensive;Very Non-Physical;Passive;Balanced;Balanced;Balanced;Ruthless;12;6;6;8;7;3;11;1;13;10;4;3;7;3;0;;1;5
2684;5;10;20;15;1;Standard;Very Non-Physical;Aggressive;Aggressive;Prefers Veterans;Balanced;Balanced;6;12;8;14;7;9;11;5;6;0;9;11;13;5;0;;13;2
2685;5;10;20;15;1;Standard;Very Non-Physical;Aggressive;Balanced;Prefers Prospects;Balanced;Loyal;11;12;5;3;17;3;9;3;3;4;7;12;14;10;0;;3;6
2686;5;10;20;15;1;Standard;Very Non-Physical;Passive;Balanced;Balanced;Innovative;Balanced;12;4;4;3;4;12;7;5;11;3;5;7;15;12;0;;5;3
2687;5;10;20;15;1;Standard;Non-physical;Aggressive;Aggressive;Loves Prospects;Balanced;Balanced;8;11;4;5;10;12;6;6;14;8;6;13;18;8;0;;6;4
2688;5;10;20;15;1;Offensive;Very Non-Physical;Passive;Very Conservative;Prefers Veterans;Conservative;Ruthless;7;13;8;5;10;10;9;1;8;8;2;11;10;14;0;;5;13
2689;5;10;20;15;1;Offensive;Non-physical;Passive;Aggressive;Loves Prospects;Balanced;Ruthless;7;11;4;14;10;5;12;3;5;5;6;9;11;12;0;;8;6
2690;5;10;20;15;1;Offensive;Very Non-Physical;Balanced;Conservative;Loves Veterans;Balanced;Ruthless;11;5;5;4;4;11;14;4;13;8;1;12;14;13;0;;13;6
2691;5;10;20;15;1;Offensive;Non-physical;Very Aggressive;Balanced;Prefers Veterans;Innovative;Balanced;7;14;12;16;5;15;6;6;9;11;2;6;12;13;0;;8;3
2692;5;10;20;15;1;Offensive;Very Non-Physical;Balanced;Balanced;Prefers Prospects;Balanced;Very Ruthless;6;8;11;11;14;11;10;7;8;9;8;9;7;9;0;;2;9
2693;5;10;20;15;1;Offensive;Very Non-Physical;Balanced;Very Aggressive;Prefers Prospects;Conservative;Ruthless;14;13;5;4;9;15;3;1;6;0;7;3;13;11;0;;12;3
2694;5;10;20;15;1;Offensive;Very Non-Physical;Aggressive;Very Aggressive;Loves Veterans;Balanced;Loyal;9;10;11;9;5;14;15;3;11;1;9;15;12;12;0;;13;12
2695;5;10;20;15;1;Standard;Non-physical;Very Passive;Balanced;Loves Prospects;Balanced;Balanced;4;12;9;7;7;6;7;9;14;4;1;6;12;10;0;;3;6
2696;5;10;20;15;1;Offensive;Very Non-Physical;Balanced;Conservative;Balanced;Innovative;Loyal;13;14;6;15;4;5;4;4;8;4;7;8;15;12;0;;8;4
2697;5;10;20;15;1;Offensive;Non-physical;Balanced;Conservative;Balanced;Balanced;Ruthless;5;14;9;3;6;16;10;5;13;4;1;10;11;14;0;;11;3
2698;5;10;20;15;1;Standard;Very Non-Physical;Passive;Balanced;Prefers Veterans;Innovative;Balanced;12;5;6;10;8;3;4;2;5;0;5;10;10;6;0;;12;13
2699;5;10;20;15;1;Offensive;Very Non-Physical;Balanced;Conservative;Prefers Veterans;Balanced;Balanced;12;14;8;13;3;9;5;9;8;6;5;14;7;7;0;;13;12
2700;5;10;20;15;1;Standard;Very Non-Physical;Balanced;Aggressive;Balanced;Very Conservative;Balanced;5;13;12;4;12;9;4;1;11;1;6;7;6;8;0;;2;5
2701;5;10;20;15;1;Offensive;Very Non-Physical;Balanced;Conservative;Balanced;Balanced;Balanced;9;13;9;8;8;11;7;9;3;3;7;6;8;6;0;;1;9
2702;5;10;20;15;1;Offensive;Very Non-Physical;Passive;Balanced;Balanced;Balanced;Balanced;7;3;11;10;4;8;15;9;6;2;3;4;17;9;0;;4;2
2703;5;10;20;15;1;Offensive;Very Non-Physical;Passive;Balanced;Prefers Prospects;Very Conservative;Ruthless;4;3;5;8;4;9;4;2;4;11;6;13;17;6;0;;5;12
2704;5;10;20;15;1;Standard;Non-physical;Aggressive;Conservative;Prefers Prospects;Conservative;Ruthless;8;7;10;6;15;15;12;7;10;0;2;14;7;6;0;;2;4
2705;5;10;20;15;1;Standard;Very Non-Physical;Balanced;Balanced;Prefers Veterans;Innovative;Balanced;12;13;9;4;7;5;10;2;15;6;3;11;9;10;0;;13;9
2706;5;10;20;15;1;Standard;Very Non-Physical;Balanced;Aggressive;Loves Prospects;Conservative;Ruthless;7;14;15;7;5;14;4;9;3;12;2;14;17;5;0;;10;10
2707;5;10;20;15;1;Standard;Very Non-Physical;Passive;Aggressive;Prefers Veterans;Balanced;Ruthless;6;10;15;4;13;6;6;3;4;7;7;9;16;15;0;;3;12
2708;5;10;20;15;1;Defensive;Non-physical;Passive;Conservative;Prefers Prospects;Innovative;Balanced;4;4;7;7;9;11;9;4;10;9;7;9;9;10;0;;11;2
2709;5;10;20;15;1;Offensive;Very Non-Physical;Aggressive;Aggressive;Loves Prospects;Balanced;Ruthless;12;8;10;9;12;14;6;3;14;6;9;12;11;13;0;;13;10
2710;5;10;20;15;1;Offensive;Non-physical;Passive;Balanced;Prefers Prospects;Very Innovative;Ruthless;13;7;10;6;8;14;3;5;4;12;9;13;10;4;0;;10;12
2711;5;10;20;15;1;Offensive;Very Non-Physical;Aggressive;Balanced;Prefers Veterans;Balanced;Loyal;9;8;11;11;5;6;12;6;9;4;8;5;17;11;0;;2;10
2712;5;10;20;15;1;Standard;Very Non-Physical;Balanced;Aggressive;Balanced;Balanced;Loyal;11;3;5;12;4;5;4;6;10;7;7;7;15;9;0;;2;13
2713;5;10;20;15;1;Standard;Very Non-Physical;Very Aggressive;Balanced;Balanced;Balanced;Balanced;9;10;15;5;14;10;14;8;11;9;7;4;10;14;0;;12;10
2714;5;10;20;15;1;Offensive;Very Non-Physical;Balanced;Balanced;Balanced;Innovative;Balanced;14;15;7;11;10;12;7;5;5;11;5;11;15;13;0;;8;10
2715;5;10;20;15;1;Offensive;Very Non-Physical;Very Aggressive;Balanced;Prefers Prospects;Conservative;Balanced;3;15;13;4;4;9;14;5;5;12;5;13;10;12;0;;2;12
2716;5;10;20;15;1;Offensive;Very Non-Physical;Balanced;Conservative;Prefers Prospects;Balanced;Ruthless;15;5;9;15;9;13;13;8;4;6;9;5;19;7;0;;2;13
2717;5;10;20;15;1;Offensive;Non-physical;Aggressive;Balanced;Balanced;Innovative;Balanced;3;3;3;7;5;12;11;6;12;2;9;8;7;7;0;;9;12
2718;5;10;20;15;1;Offensive;Very Non-Physical;Balanced;Balanced;Balanced;Innovative;Balanced;11;7;9;13;11;11;12;2;12;0;1;11;12;11;0;;1;9
2719;5;10;20;15;1;Offensive;Very Non-Physical;Balanced;Balanced;Balanced;Balanced;Very Ruthless;15;3;10;7;3;5;11;3;4;2;4;13;14;10;0;;7;4
2720;5;10;20;15;1;Defensive;Very Non-Physical;Balanced;Balanced;Prefers Prospects;Balanced;Ruthless;4;14;14;5;8;15;10;3;5;3;2;9;9;7;0;;8;1
2721;5;10;20;15;1;Standard;Very Non-Physical;Passive;Conservative;Prefers Veterans;Conservative;Balanced;10;16;8;9;7;14;4;4;11;11;5;7;15;9;0;;8;6
2722;1;10;20;20;1;Standard;Balanced;Balanced;Balanced;Balanced;Balanced;Balanced;2;2;2;2;2;2;2;1;2;1;1;1;2;2;0;;13;12
2723;10;20;10;20;1;Standard;Balanced;Balanced;Balanced;Balanced;Balanced;Balanced;1;1;1;1;1;1;1;2;1;2;2;2;1;1;0;;14;14
2724;1;15;20;20;1;Standard;Balanced;Aggressive;Balanced;Balanced;Balanced;Balanced;1;2;2;4;3;3;2;1;6;9;2;2;8;8;1;;13;12
2725;1;10;15;20;1;Standard;Non-physical;Balanced;Balanced;Balanced;Balanced;Balanced;1;1;2;1;1;1;1;1;1;1;1;1;1;1;0;;14;14
2726;1;10;20;20;1;Standard;Balanced;Balanced;Balanced;Balanced;Balanced;Balanced;1;3;2;1;2;1;2;1;1;1;1;1;1;2;0;;13;12
2727;1;10;20;20;1;Defensive;Balanced;Balanced;Conservative;Balanced;Balanced;Balanced;4;1;1;2;2;1;1;1;2;1;1;1;1;2;0;;13;12
2728;1;15;20;20;1;Standard;Balanced;Aggressive;Balanced;Balanced;Balanced;Balanced;3;5;8;3;5;6;6;4;4;4;4;4;3;6;0;;13;12
2729;10;20;15;20;1;Defensive;Balanced;Balanced;Conservative;Balanced;Balanced;Balanced;3;1;1;1;2;1;1;2;1;2;2;2;1;2;0;;14;14
2730;1;10;10;20;1;Standard;Balanced;Balanced;Balanced;Balanced;Balanced;Balanced;1;1;1;1;1;1;1;1;1;1;1;1;1;1;0;;14;14
2731;1;10;15;20;1;Offensive;Balanced;Balanced;Balanced;Balanced;Balanced;Balanced;1;1;2;1;1;1;1;1;1;1;1;1;1;1;0;;14;14
2732;1;10;10;20;1;Standard;Balanced;Balanced;Balanced;Balanced;Balanced;Balanced;1;1;1;1;1;1;1;1;1;1;1;1;1;1;0;;14;14
2733;10;20;10;20;1;Standard;Balanced;Balanced;Balanced;Balanced;Balanced;Balanced;1;1;1;1;1;1;1;2;1;2;2;2;1;1;0;;14;14
2734;1;10;20;20;1;Standard;Balanced;Aggressive;Balanced;Balanced;Balanced;Balanced;1;2;4;1;2;3;3;1;2;1;1;1;1;3;0;;13;12
2735;1;15;20;20;1;Standard;Balanced;Balanced;Balanced;Balanced;Balanced;Balanced;1;2;3;1;2;2;2;1;1;1;1;1;1;2;0;;13;12
2736;1;10;10;20;1;Standard;Balanced;Balanced;Balanced;Balanced;Balanced;Balanced;1;1;1;1;1;1;1;1;1;1;1;1;1;1;0;;15;16
2737;10;15;20;20;1;Defensive;Balanced;Aggressive;Balanced;Balanced;Balanced;Balanced;2;2;1;1;3;1;1;1;1;1;1;1;2;2;0;;13;12
2738;1;10;10;20;1;Standard;Non-physical;Balanced;Balanced;Balanced;Balanced;Balanced;1;1;1;1;1;1;1;1;1;1;1;1;1;1;0;;14;14
2739;1;15;20;20;1;Defensive;Balanced;Balanced;Balanced;Balanced;Balanced;Balanced;2;3;1;2;4;1;1;1;2;1;1;1;2;3;0;;13;12
2740;1;10;10;20;1;Standard;Balanced;Balanced;Balanced;Balanced;Balanced;Balanced;1;1;1;1;1;1;1;1;1;1;1;1;1;1;0;;14;14
2741;1;10;10;20;1;Standard;Balanced;Balanced;Balanced;Balanced;Balanced;Balanced;1;1;1;1;1;1;1;1;1;1;1;1;1;1;0;;14;14
2742;10;20;10;20;1;Standard;Balanced;Balanced;Balanced;Balanced;Balanced;Balanced;1;1;1;1;1;1;1;2;1;2;2;2;1;1;0;;15;15
2743;20;5;1;1;1;Standard;Balanced;Balanced;Balanced;Prefers Veterans;Innovative;Loyal;0;0;0;0;0;0;0;1;0;1;9;0;0;0;0;;11;10
2744;1;10;10;20;1;Standard;Balanced;Balanced;Balanced;Balanced;Balanced;Balanced;1;1;1;1;1;1;1;1;1;1;1;1;1;1;0;;14;14
2745;1;10;10;20;1;Standard;Balanced;Balanced;Balanced;Balanced;Balanced;Balanced;1;1;1;1;1;1;1;1;1;1;1;1;1;1;0;;14;14
2746;20;5;1;1;1;Standard;Balanced;Balanced;Balanced;Balanced;Balanced;Balanced;0;0;0;0;0;0;0;2;0;2;2;2;0;0;0;;10;10
2747;20;5;1;1;1;Standard;Balanced;Balanced;Balanced;Balanced;Balanced;Balanced;0;0;0;0;0;0;0;0;0;0;0;0;0;0;0;;10;10
2748;10;20;15;20;1;Defensive;Balanced;Balanced;Balanced;Balanced;Balanced;Balanced;1;2;1;1;2;0;1;2;1;2;2;2;1;2;0;;14;14
2749;10;20;10;20;1;Standard;Balanced;Balanced;Balanced;Balanced;Balanced;Balanced;1;1;1;1;1;1;1;1;1;2;3;6;1;1;0;;13;13
2750;1;10;10;20;1;Standard;Balanced;Balanced;Balanced;Balanced;Balanced;Balanced;1;1;1;1;1;1;1;1;1;1;1;1;1;1;0;;14;14
2751;1;10;10;20;1;Standard;Balanced;Balanced;Balanced;Balanced;Balanced;Balanced;1;1;1;1;1;1;1;1;1;1;1;1;1;1;0;;14;14
2752;1;10;20;20;1;Standard;Balanced;Balanced;Balanced;Balanced;Balanced;Balanced;2;2;2;2;2;2;2;1;2;1;1;1;2;2;0;;13;12
2753;1;10;10;20;1;Standard;Balanced;Balanced;Balanced;Balanced;Balanced;Balanced;1;1;1;1;1;1;1;1;1;1;1;1;1;1;0;;14;14
2754;20;5;1;1;1;Standard;Balanced;Balanced;Balanced;Balanced;Balanced;Balanced;0;0;0;0;0;0;0;0;0;0;0;0;0;0;0;;10;10
0;5;10;20;20;1;Standard;Balanced;Passive;Balanced;Balanced;Balanced;Balanced;1;2;3;1;2;2;2;1;1;1;1;1;1;2;0;;13;12
1;20;20;20;20;1;Standard;Physical;Balanced;Balanced;Prefers Veterans;Balanced;Loyal;3;3;3;3;3;3;3;2;3;5;9;7;3;3;0;;16;14
2;10;20;20;20;1;Standard;Physical;Balanced;Conservative;Prefers Veterans;Conservative;Loyal;6;9;10;9;8;9;9;9;8;7;10;8;8;8;0;;18;18
3;1;10;20;20;1;Standard;Balanced;Passive;Balanced;Balanced;Balanced;Balanced;2;2;2;2;2;2;2;1;2;1;1;1;2;2;0;;13;12
4;1;10;20;20;1;Standard;Balanced;Passive;Balanced;Balanced;Balanced;Balanced;1;2;3;1;2;2;2;1;1;1;1;1;1;2;0;;13;12
5;1;5;20;20;1;Standard;Balanced;Balanced;Balanced;Balanced;Balanced;Balanced;1;3;2;1;2;1;2;0;1;0;0;0;1;2;0;;13;12
6;1;10;20;20;1;Standard;Balanced;Passive;Balanced;Balanced;Balanced;Balanced;1;2;3;1;2;2;2;1;2;1;1;1;1;2;0;;13;12
7;1;15;20;20;1;Offensive;Balanced;Balanced;Balanced;Balanced;Balanced;Balanced;2;3;4;2;3;3;3;7;8;2;2;2;2;3;1;;13;12
8;1;10;20;20;1;Standard;Balanced;Passive;Balanced;Balanced;Balanced;Balanced;2;2;2;2;2;2;2;1;2;1;1;1;2;2;0;;13;12
9;10;20;20;20;1;Standard;Balanced;Passive;Balanced;Balanced;Balanced;Loyal;3;3;3;3;3;3;3;9;3;2;9;7;3;3;0;;18;16
10;10;20;20;20;1;Standard;Balanced;Balanced;Balanced;Balanced;Balanced;Balanced;3;3;3;3;3;3;3;3;3;3;3;3;3;3;0;;16;16
11;1;15;20;20;1;Standard;Physical;Balanced;Aggressive;Prefers Veterans;Conservative;Balanced;2;2;2;2;2;2;2;1;2;1;1;1;2;2;0;;15;14
12;1;10;20;20;1;Standard;Balanced;Passive;Balanced;Balanced;Balanced;Balanced;2;2;2;2;2;2;2;1;2;1;1;1;2;2;0;;13;12
13;10;20;20;20;1;Standard;Balanced;Balanced;Balanced;Balanced;Very Innovative;Balanced;6;3;5;2;3;3;3;3;2;3;9;5;7;7;0;;16;16
14;10;20;20;20;1;Standard;Balanced;Balanced;Balanced;Balanced;Innovative;Balanced;2;3;5;2;3;3;3;3;2;3;8;7;2;3;0;;15;15
15;10;20;20;20;1;Standard;Balanced;Balanced;Balanced;Balanced;Balanced;Balanced;2;2;4;2;2;3;3;2;2;2;2;2;2;3;0;;14;14
16;10;20;20;20;1;Offensive;Balanced;Balanced;Conservative;Prefers Veterans;Innovative;Very Loyal;2;8;3;3;3;3;2;3;2;3;3;3;8;8;0;;18;17
17;5;15;20;20;1;Standard;Balanced;Balanced;Balanced;Balanced;Balanced;Balanced;1;2;8;4;3;3;2;8;9;2;2;2;1;3;0;;13;12
18;10;20;20;20;1;Standard;Balanced;Passive;Balanced;Balanced;Balanced;Balanced;2;2;2;2;2;2;2;2;2;2;2;2;2;2;0;;14;14
19;10;20;20;20;1;Standard;Balanced;Balanced;Balanced;Balanced;Balanced;Balanced;2;5;3;2;3;2;3;3;2;7;3;6;2;3;0;;14;14
20;1;15;20;20;1;Standard;Balanced;Passive;Balanced;Balanced;Balanced;Balanced;2;2;2;2;2;2;2;1;2;1;1;1;2;2;0;;13;12
21;10;20;20;20;1;Offensive;Balanced;Passive;Balanced;Balanced;Balanced;Balanced;1;2;3;1;2;2;2;2;2;2;2;2;1;2;0;;14;14
22;1;15;20;20;1;Defensive;Balanced;Passive;Conservative;Balanced;Balanced;Balanced;3;1;1;2;2;1;1;1;2;1;1;1;1;2;0;;14;14
23;1;15;20;20;1;Standard;Balanced;Passive;Balanced;Balanced;Balanced;Balanced;1;2;3;1;2;2;2;1;2;1;1;1;1;2;0;;13;12
24;1;10;20;20;1;Defensive;Balanced;Passive;Balanced;Prefers Veterans;Balanced;Balanced;1;2;3;1;2;2;2;1;1;1;1;1;1;2;0;;13;13
25;10;20;20;20;1;Standard;Physical;Passive;Balanced;Prefers Veterans;Conservative;Ruthless;1;2;2;3;2;2;2;1;5;4;2;2;1;2;0;;15;14
26;10;20;20;20;1;Standard;Physical;Passive;Very Conservative;Balanced;Balanced;Balanced;2;2;2;2;2;2;2;2;2;2;2;2;2;2;0;;14;14
27;20;5;1;1;1;Standard;Balanced;Passive;Balanced;Balanced;Balanced;Balanced;0;0;0;0;0;0;0;0;0;0;0;0;0;0;0;;10;10
28;20;5;1;1;1;Standard;Balanced;Passive;Balanced;Balanced;Balanced;Balanced;0;0;0;0;0;0;0;0;0;0;0;0;0;0;0;;10;10
29;20;5;1;1;1;Standard;Balanced;Passive;Balanced;Balanced;Balanced;Balanced;0;0;0;0;0;0;0;0;0;0;0;0;0;0;0;;10;10
30;10;20;10;20;1;Standard;Balanced;Passive;Balanced;Balanced;Balanced;Balanced;1;1;1;1;1;1;1;2;1;2;2;2;1;1;0;;14;14
31;1;15;20;20;1;Standard;Balanced;Passive;Balanced;Balanced;Balanced;Balanced;2;2;2;2;2;2;2;1;2;1;1;1;2;2;0;;13;12
32;20;20;10;20;1;Standard;Balanced;Passive;Balanced;Balanced;Balanced;Balanced;1;1;1;1;1;1;1;2;1;2;2;2;1;1;0;;14;14
33;10;20;20;20;1;Standard;Balanced;Passive;Balanced;Balanced;Balanced;Balanced;2;2;2;2;2;2;2;2;2;2;2;2;2;2;0;;14;14
34;1;10;20;20;1;Standard;Balanced;Passive;Balanced;Balanced;Balanced;Balanced;1;2;3;1;2;2;2;1;1;1;1;1;1;2;0;;13;12
35;1;10;20;20;1;Defensive;Balanced;Passive;Conservative;Balanced;Balanced;Balanced;4;1;1;2;2;1;1;1;2;1;1;1;1;2;0;;13;12
36;1;15;20;20;1;Standard;Balanced;Passive;Balanced;Balanced;Balanced;Balanced;2;2;2;2;2;2;2;1;2;1;1;1;2;2;0;;13;12
37;1;10;20;20;1;Standard;Balanced;Passive;Balanced;Balanced;Balanced;Balanced;2;2;2;2;2;2;2;1;2;1;1;1;2;2;0;;13;12
38;20;5;1;1;1;Standard;Balanced;Passive;Balanced;Balanced;Balanced;Balanced;0;0;0;0;0;0;0;0;0;0;0;0;0;0;0;;10;10
39;1;10;20;20;1;Standard;Balanced;Passive;Balanced;Prefers Veterans;Balanced;Balanced;2;2;2;2;2;2;2;1;2;1;1;1;2;2;0;;13;13
40;1;10;20;20;1;Standard;Balanced;Passive;Balanced;Balanced;Balanced;Balanced;2;2;2;2;2;2;2;1;2;1;1;1;2;2;0;;13;12
41;20;5;1;1;1;Standard;Balanced;Passive;Balanced;Balanced;Balanced;Balanced;0;0;0;0;0;0;0;0;0;0;0;0;0;0;0;;10;10
42;10;20;20;20;1;Standard;Balanced;Passive;Balanced;Balanced;Balanced;Balanced;1;4;2;2;2;2;2;2;2;2;2;2;1;2;0;;13;12
43;10;20;15;20;1;Standard;Balanced;Passive;Balanced;Balanced;Balanced;Balanced;1;3;1;1;2;1;1;2;1;2;2;2;1;2;0;;15;14
44;20;5;1;1;1;Standard;Balanced;Passive;Balanced;Balanced;Balanced;Balanced;0;0;0;0;0;0;0;0;0;0;0;0;0;0;0;;10;10
45;20;5;1;1;1;Offensive;Balanced;Passive;Balanced;Prefers Veterans;Balanced;Very Loyal;0;0;0;0;0;0;0;0;0;0;0;0;0;0;0;;9;9
46;1;15;20;20;1;Standard;Balanced;Passive;Balanced;Balanced;Balanced;Balanced;3;4;7;3;4;5;5;2;4;2;2;2;3;5;0;;13;12
47;1;15;20;20;1;Standard;Balanced;Passive;Balanced;Balanced;Balanced;Loyal;2;2;2;2;2;2;2;1;2;1;1;1;2;2;0;;13;12
48;1;15;20;20;1;Offensive;Physical;Passive;Balanced;Prefers Veterans;Balanced;Very Loyal;1;4;2;2;2;2;2;8;2;1;1;9;1;2;0;;13;12
49;5;20;20;20;1;Offensive;Balanced;Passive;Balanced;Balanced;Innovative;Balanced;1;2;3;1;2;2;2;2;1;2;2;2;1;2;0;;13;13
50;20;15;1;1;1;Standard;Balanced;Very Passive;Very Conservative;Prefers Veterans;Conservative;Loyal;0;0;0;0;0;0;0;2;0;2;2;2;0;0;0;;12;13
51;10;20;20;20;1;Standard;Balanced;Passive;Balanced;Balanced;Balanced;Balanced;2;2;2;2;2;2;2;3;2;1;3;1;2;2;0;;14;14
52;1;10;20;20;1;Standard;Balanced;Passive;Balanced;Balanced;Balanced;Balanced;2;2;2;2;2;2;2;1;2;1;1;1;2;2;0;;13;12
53;1;10;20;20;1;Standard;Balanced;Passive;Balanced;Balanced;Balanced;Balanced;2;2;2;2;2;2;2;1;2;1;1;1;2;2;0;;13;12
54;10;20;20;20;1;Standard;Balanced;Passive;Balanced;Balanced;Balanced;Balanced;2;2;2;2;2;2;2;2;2;2;2;2;2;2;0;;14;14
55;10;20;20;20;1;Standard;Balanced;Passive;Balanced;Balanced;Balanced;Balanced;2;2;2;2;2;2;2;2;2;2;2;2;2;2;0;;14;14
56;20;20;15;20;1;Standard;Physical;Passive;Balanced;Balanced;Balanced;Balanced;2;2;2;2;2;2;2;2;2;3;2;4;2;2;0;;14;14
57;10;20;10;20;1;Standard;Balanced;Passive;Balanced;Balanced;Balanced;Balanced;1;1;1;1;1;1;1;2;1;2;2;2;1;1;0;;14;14
58;20;20;10;10;1;Standard;Balanced;Passive;Balanced;Balanced;Balanced;Balanced;2;1;0;1;1;0;0;2;1;1;4;2;0;1;0;;12;13
59;1;10;20;20;1;Standard;Balanced;Passive;Balanced;Balanced;Balanced;Balanced;2;2;2;2;2;2;2;1;2;1;1;1;2;2;0;;13;12
60;10;20;20;20;1;Standard;Balanced;Passive;Balanced;Balanced;Balanced;Balanced;2;2;2;2;2;2;2;2;2;2;2;2;2;2;0;;14;14
61;10;20;20;20;1;Standard;Balanced;Passive;Balanced;Prefers Veterans;Balanced;Balanced;3;3;3;3;3;3;3;3;3;3;3;3;3;3;0;;14;14
62;20;5;1;1;1;Standard;Non-physical;Passive;Balanced;Balanced;Balanced;Balanced;0;0;0;0;0;0;0;0;0;0;0;0;0;0;0;;13;12
63;20;5;1;1;1;Standard;Balanced;Passive;Balanced;Balanced;Balanced;Balanced;0;0;0;0;0;0;0;0;0;0;0;0;0;0;0;;10;10
64;20;5;1;1;1;Standard;Balanced;Passive;Balanced;Balanced;Balanced;Balanced;0;0;0;0;0;0;0;0;0;0;9;1;0;0;1;;10;10
65;1;10;20;20;1;Standard;Physical;Passive;Balanced;Balanced;Balanced;Balanced;2;2;2;2;2;2;2;1;2;1;1;1;2;2;0;;13;12
66;1;15;20;20;1;Offensive;Physical;Passive;Balanced;Balanced;Balanced;Balanced;1;2;3;1;2;2;2;1;2;1;1;1;1;2;0;;13;12
67;1;10;20;20;1;Standard;Balanced;Passive;Balanced;Balanced;Balanced;Balanced;1;3;2;1;2;1;2;1;1;1;1;1;1;2;0;;13;12
68;10;20;10;20;1;Standard;Balanced;Passive;Balanced;Balanced;Balanced;Balanced;1;1;1;1;1;1;1;2;1;2;2;2;1;1;0;;14;14
69;10;20;20;20;1;Standard;Balanced;Passive;Balanced;Balanced;Balanced;Balanced;2;2;2;2;2;2;2;2;2;2;2;2;2;2;0;;14;14
70;1;10;20;20;1;Offensive;Balanced;Passive;Balanced;Prefers Veterans;Conservative;Loyal;1;2;3;1;2;2;2;1;1;1;1;1;1;2;0;;13;12
71;1;10;20;20;1;Standard;Balanced;Balanced;Balanced;Balanced;Balanced;Balanced;2;2;2;2;2;2;2;1;2;1;1;1;2;2;0;;13;12
72;10;20;20;20;1;Standard;Balanced;Passive;Balanced;Balanced;Balanced;Balanced;2;2;2;2;2;2;2;2;2;2;2;2;2;2;0;;14;14
73;1;15;20;20;1;Standard;Balanced;Passive;Balanced;Balanced;Balanced;Loyal;2;2;2;2;2;2;2;1;2;1;1;1;2;2;0;;13;12
74;10;20;20;20;1;Standard;Physical;Passive;Balanced;Balanced;Balanced;Balanced;2;2;2;2;2;2;2;2;2;2;2;2;2;2;0;;14;14
75;20;5;1;1;1;Standard;Balanced;Passive;Balanced;Balanced;Balanced;Balanced;0;0;0;0;0;0;0;0;0;0;0;0;0;0;0;;10;10
76;20;5;1;1;1;Standard;Balanced;Passive;Balanced;Balanced;Balanced;Balanced;0;0;0;0;0;0;0;0;0;0;0;0;0;0;0;;10;10
77;20;5;1;1;1;Standard;Balanced;Passive;Balanced;Balanced;Balanced;Balanced;0;0;0;0;0;0;0;0;0;0;0;0;0;0;0;;10;10
78;20;5;1;1;1;Standard;Balanced;Passive;Balanced;Balanced;Balanced;Balanced;0;0;0;0;0;0;0;0;0;0;0;0;0;0;0;;10;10
79;20;5;1;1;1;Standard;Balanced;Passive;Balanced;Balanced;Balanced;Balanced;0;0;0;0;0;0;0;0;0;0;0;0;0;0;0;;10;10
80;20;5;1;1;1;Standard;Balanced;Passive;Balanced;Balanced;Balanced;Balanced;0;0;0;0;0;0;0;0;0;0;0;0;0;0;0;;10;10
81;1;10;20;20;1;Standard;Balanced;Passive;Balanced;Balanced;Balanced;Balanced;2;2;2;2;2;2;2;1;2;1;1;1;2;2;0;;13;12
82;10;20;20;20;1;Standard;Physical;Passive;Balanced;Balanced;Balanced;Balanced;1;3;2;1;2;1;2;2;1;2;2;2;1;2;0;;14;14
83;1;10;20;20;1;Offensive;Physical;Passive;Very Conservative;Balanced;Conservative;Loyal;2;2;2;2;2;2;2;1;2;1;1;1;2;2;0;;14;13
84;1;10;20;20;1;Standard;Balanced;Passive;Balanced;Balanced;Balanced;Balanced;2;2;2;2;2;2;2;1;2;1;1;1;2;2;0;;13;12
85;1;10;20;20;1;Offensive;Balanced;Passive;Balanced;Balanced;Balanced;Balanced;1;2;3;1;2;2;2;1;1;1;1;1;1;2;0;;13;12
86;20;5;1;1;1;Standard;Balanced;Passive;Balanced;Balanced;Balanced;Balanced;0;0;0;0;0;0;0;0;0;0;0;0;0;0;0;;10;10
87;20;10;1;1;1;Standard;Balanced;Passive;Balanced;Balanced;Balanced;Balanced;0;0;0;0;0;0;0;1;0;1;1;1;0;0;0;;10;10
88;20;5;1;1;1;Standard;Balanced;Passive;Balanced;Balanced;Balanced;Balanced;0;0;0;0;0;0;0;0;0;0;0;0;0;0;0;;10;10
89;10;20;20;20;1;Standard;Balanced;Passive;Balanced;Balanced;Balanced;Balanced;2;2;2;2;2;2;2;2;2;2;2;2;2;2;0;;14;14
90;1;10;20;20;1;Standard;Balanced;Passive;Balanced;Balanced;Balanced;Balanced;1;2;3;1;2;2;2;1;1;1;1;1;1;2;0;;13;12
91;20;5;1;1;1;Standard;Balanced;Passive;Balanced;Balanced;Balanced;Balanced;0;0;0;0;0;0;0;0;0;0;0;0;0;0;0;;10;10
92;1;10;20;20;1;Standard;Balanced;Passive;Balanced;Balanced;Balanced;Balanced;2;2;2;2;2;2;2;1;2;1;1;1;2;2;0;;13;12
93;20;5;1;1;1;Standard;Balanced;Passive;Balanced;Balanced;Balanced;Balanced;0;0;0;0;0;0;0;0;0;0;0;0;0;0;0;;10;10
94;1;10;20;20;1;Defensive;Balanced;Passive;Conservative;Balanced;Balanced;Balanced;4;1;1;2;2;1;1;1;2;1;1;1;1;2;0;;13;12
95;20;20;10;20;1;Standard;Balanced;Passive;Balanced;Balanced;Balanced;Balanced;1;1;1;1;1;1;1;2;1;1;4;2;1;1;0;;14;13
96;1;10;20;20;1;Defensive;Balanced;Passive;Balanced;Prefers Veterans;Balanced;Loyal;2;2;2;2;2;2;2;1;2;1;1;1;2;2;0;;13;13
97;1;10;20;20;1;Standard;Balanced;Passive;Balanced;Balanced;Balanced;Balanced;2;2;2;2;2;2;2;1;2;1;1;1;2;2;0;;13;12
98;20;5;1;1;1;Standard;Balanced;Passive;Balanced;Balanced;Balanced;Balanced;0;0;0;0;0;0;0;0;0;0;0;0;0;0;0;;10;10
99;20;5;1;1;1;Standard;Balanced;Passive;Balanced;Balanced;Balanced;Balanced;0;0;0;0;0;0;0;0;0;0;0;0;0;0;0;;10;10
100;10;20;10;20;1;Standard;Balanced;Passive;Balanced;Balanced;Balanced;Balanced;1;1;1;1;1;1;1;2;1;2;2;2;1;1;0;;14;14
101;20;10;1;1;1;Standard;Balanced;Passive;Balanced;Balanced;Balanced;Balanced;0;0;0;0;0;0;0;1;0;1;1;1;0;0;0;;10;10
102;1;10;20;20;1;Standard;Balanced;Passive;Balanced;Balanced;Balanced;Balanced;2;2;2;2;2;2;2;0;2;1;1;0;2;2;0;;13;12
103;1;10;20;20;1;Standard;Balanced;Passive;Balanced;Balanced;Balanced;Balanced;2;2;2;2;2;2;2;1;2;1;1;1;2;2;0;;13;12
104;20;10;1;1;1;Standard;Balanced;Passive;Balanced;Balanced;Balanced;Balanced;0;0;0;0;0;0;0;1;0;1;1;1;0;0;0;;10;10
105;1;12;20;20;1;Offensive;Balanced;Passive;Very Conservative;Balanced;Conservative;Balanced;2;2;2;2;2;2;2;1;2;1;1;1;2;2;0;;13;14
106;10;20;20;20;1;Offensive;Balanced;Passive;Balanced;Balanced;Balanced;Balanced;1;3;2;1;2;1;2;2;1;2;2;2;1;2;0;;14;14
107;1;10;20;20;1;Standard;Balanced;Passive;Balanced;Balanced;Balanced;Balanced;2;2;2;2;2;2;2;1;2;1;1;1;2;2;0;;13;12
108;10;20;20;20;1;Standard;Balanced;Passive;Balanced;Balanced;Balanced;Balanced;2;2;2;2;2;2;2;2;2;2;2;2;2;2;0;;14;14
109;15;20;20;20;1;Standard;Non-physical;Passive;Balanced;Balanced;Balanced;Balanced;2;2;2;2;2;2;2;2;2;2;2;2;2;2;0;;13;13
110;20;5;1;1;1;Standard;Physical;Balanced;Balanced;Balanced;Balanced;Balanced;0;0;0;0;0;0;0;0;0;0;0;0;0;0;0;;13;13
111;20;5;1;1;1;Standard;Physical;Balanced;Balanced;Balanced;Balanced;Balanced;0;0;0;0;0;0;0;0;0;0;0;0;0;0;0;;10;10
112;10;20;20;20;1;Standard;Physical;Aggressive;Balanced;Balanced;Very Innovative;Balanced;2;2;2;2;2;2;2;2;2;2;2;2;2;2;0;;10;10
113;1;20;20;20;1;Offensive;Balanced;Balanced;Balanced;Balanced;Balanced;Balanced;1;2;2;3;3;3;3;2;2;2;2;2;1;2;0;;8;8
114;20;20;20;20;1;Offensive;Physical;Balanced;Balanced;Balanced;Balanced;Balanced;2;2;2;2;2;2;2;2;2;1;3;2;2;2;0;;14;14
115;10;20;20;20;1;Standard;Balanced;Balanced;Balanced;Balanced;Balanced;Balanced;1;2;2;2;3;3;3;3;2;1;2;2;1;2;0;;16;14
116;10;20;20;20;1;Standard;Non-physical;Passive;Balanced;Balanced;Innovative;Balanced;2;2;2;2;2;2;2;2;2;2;2;2;2;2;0;;14;14
117;10;20;20;20;1;Standard;Balanced;Passive;Balanced;Balanced;Conservative;Balanced;2;2;2;2;2;2;2;2;2;2;2;2;2;2;0;;13;13
118;10;20;20;20;1;Standard;Balanced;Passive;Balanced;Balanced;Balanced;Balanced;2;2;2;2;2;2;2;3;2;0;2;2;2;2;0;;15;13
119;10;20;20;20;1;Standard;Non-physical;Balanced;Balanced;Prefers Veterans;Conservative;Balanced;1;1;1;1;1;1;1;1;1;1;1;1;1;1;0;;13;11
120;10;20;20;20;1;Standard;Non-physical;Aggressive;Conservative;Balanced;Balanced;Balanced;1;2;2;3;3;3;4;1;2;4;2;2;1;2;0;;16;15
121;10;20;20;20;1;Offensive;Non-physical;Aggressive;Aggressive;Prefers Veterans;Balanced;Balanced;3;3;3;3;3;3;3;3;3;3;3;3;3;3;0;;19;19
122;10;20;20;20;1;Standard;Non-physical;Passive;Balanced;Balanced;Conservative;Balanced;2;2;2;2;2;2;2;2;2;2;2;2;2;2;0;;14;14
123;10;20;20;20;1;Standard;Balanced;Balanced;Balanced;Balanced;Balanced;Balanced;2;2;2;2;2;2;2;2;2;2;2;2;2;2;0;;14;14
124;10;20;20;20;1;Standard;Balanced;Balanced;Balanced;Balanced;Balanced;Balanced;2;2;2;2;2;2;2;2;2;2;2;2;2;2;0;;14;14
125;10;20;20;20;1;Standard;Balanced;Balanced;Balanced;Balanced;Conservative;Balanced;3;6;6;6;3;4;4;3;3;4;3;7;1;7;0;;12;14
126;1;10;20;20;1;Standard;Balanced;Passive;Balanced;Balanced;Conservative;Balanced;1;1;1;1;1;1;1;0;1;0;0;0;1;1;0;;11;11
127;1;10;20;20;1;Offensive;Non-physical;Passive;Balanced;Prefers Veterans;Conservative;Balanced;1;1;1;1;1;1;1;0;1;1;0;0;1;1;0;;11;11
128;10;20;20;20;1;Standard;Balanced;Passive;Balanced;Balanced;Balanced;Loyal;1;1;1;1;1;1;1;1;1;1;1;1;1;1;0;;11;11
129;10;20;20;20;1;Standard;Non-physical;Balanced;Balanced;Balanced;Balanced;Balanced;1;1;1;1;1;1;1;1;1;1;1;1;1;1;0;;12;12
130;10;20;20;20;1;Standard;Balanced;Passive;Balanced;Balanced;Balanced;Balanced;2;2;2;2;2;2;2;2;2;2;2;2;2;2;0;;14;14
131;15;20;10;20;1;Standard;Non-physical;Balanced;Balanced;Balanced;Balanced;Loyal;0;1;1;1;1;1;1;1;0;2;1;3;1;2;0;;14;14
132;15;20;10;20;1;Offensive;Non-physical;Passive;Balanced;Balanced;Balanced;Balanced;0;0;0;0;0;0;0;1;0;1;1;1;0;0;0;;12;12
133;15;20;10;20;1;Standard;Balanced;Passive;Balanced;Prefers Veterans;Balanced;Loyal;1;1;1;1;1;1;1;2;1;2;2;2;1;1;0;;16;14
134;10;20;20;20;1;Standard;Non-physical;Balanced;Balanced;Balanced;Balanced;Balanced;1;1;1;1;1;1;1;1;1;1;1;1;1;1;0;;12;12
135;10;20;20;20;1;Standard;Non-physical;Passive;Balanced;Balanced;Conservative;Balanced;1;1;1;1;1;1;1;1;1;1;1;1;1;1;0;;10;10
136;10;20;20;20;1;Standard;Balanced;Passive;Balanced;Balanced;Balanced;Balanced;2;2;2;2;2;2;2;2;2;2;2;2;2;2;0;;14;14
137;10;20;20;20;1;Standard;Balanced;Balanced;Balanced;Balanced;Conservative;Balanced;2;2;2;2;2;2;2;2;2;2;2;2;2;2;0;;14;14
138;1;10;20;20;1;Standard;Non-physical;Passive;Balanced;Balanced;Conservative;Balanced;0;1;1;1;1;1;2;0;1;0;0;0;0;1;0;;10;10
139;1;10;20;20;1;Offensive;Non-physical;Passive;Balanced;Balanced;Conservative;Balanced;1;1;1;1;1;1;1;0;1;0;0;0;1;1;0;;11;11
140;15;20;10;20;1;Standard;Balanced;Balanced;Balanced;Balanced;Conservative;Balanced;0;0;0;0;0;0;0;1;0;1;1;1;0;0;0;;12;12
141;15;20;10;20;1;Standard;Balanced;Balanced;Balanced;Balanced;Conservative;Balanced;0;0;0;0;0;0;0;1;0;1;1;1;0;0;0;;12;12
142;10;20;20;20;1;Offensive;Balanced;Passive;Balanced;Prefers Veterans;Conservative;Balanced;2;2;2;2;2;2;2;2;2;2;2;2;2;2;0;;14;14
143;10;20;20;20;1;Standard;Non-physical;Passive;Balanced;Balanced;Conservative;Balanced;2;2;2;2;2;2;2;2;2;2;2;2;2;2;0;;13;13
144;1;10;20;20;1;Standard;Non-physical;Passive;Balanced;Balanced;Balanced;Balanced;2;2;2;2;2;2;2;1;2;1;1;1;2;2;0;;13;13
145;10;20;20;20;1;Standard;Balanced;Balanced;Balanced;Balanced;Conservative;Balanced;1;1;1;1;1;1;1;1;1;1;1;1;1;1;0;;12;12
146;1;10;20;20;1;Offensive;Non-physical;Passive;Balanced;Balanced;Conservative;Balanced;1;1;1;1;1;1;1;0;1;0;0;0;1;1;0;;11;11
147;1;10;20;20;1;Standard;Non-physical;Passive;Balanced;Balanced;Conservative;Balanced;0;1;1;1;1;1;2;0;1;0;0;0;0;1;0;;10;10
148;15;20;10;20;1;Standard;Balanced;Passive;Balanced;Balanced;Conservative;Balanced;0;0;0;0;0;0;0;1;0;1;1;1;0;0;0;;12;12
149;10;20;20;20;1;Standard;Balanced;Passive;Balanced;Prefers Veterans;Balanced;Balanced;2;2;2;2;2;2;2;2;2;2;2;2;2;2;0;;12;12
150;10;20;20;20;1;Standard;Non-physical;Balanced;Balanced;Balanced;Conservative;Balanced;1;1;1;1;1;1;1;1;1;1;1;1;1;1;0;;11;11
151;10;20;20;20;1;Standard;Balanced;Passive;Balanced;Balanced;Balanced;Balanced;1;1;1;1;1;1;1;1;1;1;1;1;1;1;0;;10;10
152;10;20;20;20;1;Standard;Balanced;Passive;Balanced;Balanced;Balanced;Balanced;1;1;1;1;1;1;1;1;1;1;1;1;1;1;0;;12;12
153;10;20;20;20;1;Standard;Balanced;Passive;Balanced;Balanced;Balanced;Balanced;2;2;2;2;2;2;2;2;2;2;2;2;2;2;0;;14;14
154;15;20;10;20;1;Standard;Balanced;Passive;Balanced;Balanced;Conservative;Balanced;0;0;0;0;0;0;0;1;0;1;1;1;0;0;0;;12;12
155;10;20;20;20;1;Standard;Non-physical;Passive;Balanced;Balanced;Balanced;Balanced;2;2;2;2;2;2;2;2;2;2;2;2;2;2;0;;13;13
156;10;20;20;20;1;Standard;Balanced;Balanced;Balanced;Balanced;Balanced;Balanced;2;2;2;2;2;2;2;2;2;2;2;2;2;2;0;;14;14
157;10;20;20;20;1;Standard;Balanced;Passive;Balanced;Balanced;Balanced;Balanced;1;1;1;1;1;1;1;1;1;1;1;1;1;1;0;;10;10
158;10;20;20;20;1;Standard;Non-physical;Passive;Balanced;Balanced;Balanced;Balanced;1;1;1;1;1;1;1;1;1;1;1;1;1;1;0;;12;12
159;1;10;20;20;1;Standard;Non-physical;Passive;Balanced;Balanced;Balanced;Balanced;1;2;2;2;2;2;3;1;2;1;1;1;0;1;0;;15;15
160;10;20;20;20;1;Standard;Non-physical;Passive;Balanced;Balanced;Balanced;Balanced;1;1;1;1;1;1;1;1;1;1;1;1;1;2;0;;10;10
161;10;20;20;20;1;Standard;Non-physical;Passive;Balanced;Balanced;Balanced;Balanced;2;2;2;2;2;2;2;2;2;2;2;2;2;2;0;;14;14
162;10;20;20;20;1;Standard;Non-physical;Balanced;Balanced;Balanced;Balanced;Balanced;2;2;2;2;2;2;2;2;2;2;2;2;2;2;0;;14;14
163;10;20;20;20;1;Standard;Balanced;Passive;Balanced;Balanced;Balanced;Balanced;2;2;2;2;2;2;2;2;2;2;2;2;2;2;0;;14;14
164;10;20;20;20;1;Standard;Non-physical;Passive;Balanced;Balanced;Conservative;Balanced;2;2;2;2;2;2;2;2;2;2;2;2;2;2;0;;13;13
165;15;20;10;20;1;Standard;Balanced;Passive;Balanced;Balanced;Conservative;Balanced;0;0;0;0;0;0;0;1;0;1;1;1;0;0;0;;10;10
166;1;10;20;20;1;Standard;Balanced;Balanced;Balanced;Balanced;Balanced;Balanced;1;2;3;1;2;2;2;1;1;1;1;1;1;2;0;;6;6
167;0;20;20;20;1;Standard;Balanced;Balanced;Balanced;Balanced;Balanced;Balanced;2;2;2;2;2;2;2;2;2;2;2;2;2;2;0;;6;6
168;0;20;20;20;1;Standard;Balanced;Balanced;Balanced;Balanced;Balanced;Balanced;2;2;2;2;2;2;2;2;2;2;2;2;2;2;0;;6;6
169;15;20;20;20;1;Standard;Balanced;Balanced;Balanced;Balanced;Balanced;Balanced;1;2;3;1;2;2;2;1;1;2;1;3;1;2;0;;6;6
170;0;20;20;20;1;Defensive;Balanced;Balanced;Balanced;Balanced;Balanced;Balanced;1;4;2;2;3;2;2;2;2;2;2;2;1;3;0;;7;7
171;0;20;20;20;1;Offensive;Physical;Balanced;Balanced;Prefers Veterans;Balanced;Balanced;1;2;3;1;2;2;2;1;1;3;2;1;1;2;0;;6;6
172;0;20;20;20;1;Standard;Non-physical;Passive;Balanced;Balanced;Balanced;Balanced;1;2;3;1;2;2;2;1;2;3;2;2;1;2;0;;6;6
173;0;10;20;20;1;Standard;Balanced;Balanced;Balanced;Balanced;Balanced;Balanced;4;1;1;2;2;1;1;1;2;1;1;1;1;2;0;;6;6
174;15;20;20;20;1;Standard;Balanced;Passive;Balanced;Prefers Veterans;Balanced;Balanced;1;3;2;1;2;1;2;1;1;3;2;1;1;2;0;;13;13
175;0;15;20;20;1;Standard;Balanced;Balanced;Balanced;Prefers Veterans;Innovative;Loyal;2;4;2;2;3;2;2;2;2;2;2;2;2;3;0;;13;12
176;10;20;20;20;1;Offensive;Physical;Passive;Balanced;Balanced;Innovative;Balanced;1;2;3;1;2;2;2;3;2;1;3;1;1;2;0;;7;7
177;10;20;20;20;1;Standard;Balanced;Passive;Balanced;Balanced;Balanced;Balanced;1;2;2;1;2;2;3;1;3;3;2;2;1;2;0;;13;13
178;10;20;20;20;1;Offensive;Balanced;Passive;Balanced;Balanced;Balanced;Balanced;1;4;2;2;2;2;2;3;2;1;2;2;1;2;0;;13;14
179;0;10;20;20;1;Standard;Balanced;Passive;Balanced;Balanced;Balanced;Balanced;2;2;2;2;2;2;2;1;2;1;1;1;2;2;0;;12;11
180;0;10;20;20;1;Offensive;Balanced;Passive;Balanced;Balanced;Balanced;Balanced;1;2;2;1;2;2;3;1;3;1;1;1;1;2;0;;12;11
181;20;10;1;1;1;Standard;Balanced;Balanced;Balanced;Balanced;Balanced;Balanced;0;0;0;0;0;0;0;0;0;1;0;1;0;0;0;;0;0
182;20;20;20;20;1;Offensive;Balanced;Balanced;Balanced;Balanced;Very Innovative;Balanced;3;4;6;3;4;4;4;3;3;4;3;6;3;4;0;;13;13
183;20;20;15;15;1;Offensive;Physical;Passive;Balanced;Prefers Veterans;Balanced;Balanced;1;2;1;1;1;1;1;3;1;0;2;2;1;1;0;;12;11
184;20;10;1;1;1;Standard;Balanced;Balanced;Balanced;Balanced;Balanced;Balanced;0;0;0;0;0;0;0;1;0;0;1;0;0;0;0;;0;0
185;0;10;20;20;1;Defensive;Physical;Balanced;Balanced;Prefers Prospects;Balanced;Balanced;1;3;2;1;2;1;2;1;1;1;1;1;1;2;0;;12;11
186;1;20;10;20;1;Standard;Balanced;Balanced;Balanced;Balanced;Balanced;Balanced;1;1;1;1;1;1;1;1;1;3;2;1;1;1;0;;11;11
187;20;10;1;1;1;Standard;Balanced;Balanced;Balanced;Balanced;Balanced;Balanced;0;0;0;0;0;0;0;0;0;1;0;0;0;0;0;;0;0
188;20;10;1;1;1;Standard;Balanced;Balanced;Balanced;Balanced;Balanced;Balanced;0;0;0;0;0;0;0;0;0;1;0;1;0;0;0;;0;0
189;1;1;20;10;20;Standard;Balanced;Balanced;Balanced;Balanced;Balanced;Balanced;0;0;0;0;0;0;0;0;3;0;0;0;3;3;17;;11;10
190;1;10;20;15;1;Standard;Balanced;Balanced;Balanced;Balanced;Balanced;Balanced;3;7;4;3;4;3;4;1;3;3;2;1;3;4;0;;11;11
191;10;20;15;20;1;Standard;Balanced;Balanced;Balanced;Balanced;Balanced;Balanced;2;3;4;2;3;3;3;2;2;6;4;3;2;3;0;;13;12
192;1;10;20;10;1;Standard;Balanced;Balanced;Balanced;Balanced;Balanced;Balanced;2;4;4;2;4;3;4;1;5;1;1;1;1;4;0;;10;10
193;1;15;20;20;1;Standard;Balanced;Balanced;Balanced;Balanced;Balanced;Balanced;2;4;6;2;4;4;4;1;3;2;1;4;2;4;0;;13;13
194;10;20;5;10;1;Standard;Balanced;Balanced;Balanced;Balanced;Balanced;Balanced;0;0;0;0;0;0;0;3;0;3;3;3;0;0;0;;9;9
195;15;15;20;15;1;Standard;Balanced;Balanced;Balanced;Balanced;Balanced;Balanced;2;4;6;5;3;4;4;2;3;2;4;2;2;4;0;;10;12
196;10;15;20;15;1;Standard;Balanced;Balanced;Balanced;Balanced;Balanced;Balanced;3;4;6;5;4;4;4;2;3;3;2;4;3;4;0;;10;12
197;1;10;20;15;1;Standard;Balanced;Balanced;Balanced;Balanced;Balanced;Balanced;3;7;4;5;4;3;4;2;3;2;2;2;3;4;0;;9;10
198;0;10;20;15;20;Standard;Balanced;Balanced;Balanced;Balanced;Balanced;Balanced;4;4;4;4;4;5;5;1;5;4;1;4;4;4;17;;11;10
199;20;20;10;10;1;Standard;Balanced;Balanced;Balanced;Balanced;Balanced;Balanced;2;2;2;2;2;2;2;3;2;5;3;8;2;2;0;;7;7
200;10;20;20;20;1;Standard;Balanced;Balanced;Balanced;Balanced;Balanced;Balanced;3;8;4;4;5;4;4;4;4;4;4;4;3;5;0;;13;13
201;0;20;20;15;1;Standard;Balanced;Balanced;Balanced;Balanced;Balanced;Balanced;2;3;6;2;3;4;4;4;3;2;4;2;2;4;0;;11;10
202;0;10;20;10;1;Standard;Balanced;Balanced;Balanced;Balanced;Balanced;Balanced;4;4;4;4;4;4;4;2;4;2;2;2;4;4;0;;8;8
203;0;10;20;10;1;Standard;Balanced;Balanced;Balanced;Balanced;Balanced;Balanced;3;6;6;5;3;4;4;2;3;2;2;2;1;6;0;;10;12
204;0;15;20;15;0;Standard;Balanced;Balanced;Balanced;Balanced;Balanced;Balanced;2;2;2;2;2;2;2;1;2;1;1;1;2;2;0;;5;5
205;20;0;0;0;0;Standard;Balanced;Balanced;Balanced;Balanced;Balanced;Balanced;0;0;0;0;0;0;0;0;0;0;0;0;0;0;0;;0;0
206;10;20;10;20;0;Standard;Balanced;Balanced;Balanced;Balanced;Balanced;Balanced;1;1;1;1;1;1;1;2;1;2;2;2;1;1;0;;7;7
207;0;15;20;15;0;Standard;Balanced;Balanced;Balanced;Balanced;Balanced;Balanced;0;0;0;0;0;0;0;0;0;0;0;0;0;0;0;;0;0
208;0;15;20;15;0;Standard;Balanced;Balanced;Balanced;Balanced;Balanced;Balanced;2;2;2;2;2;2;2;1;2;1;1;1;2;2;0;;4;4
209;0;15;20;15;0;Standard;Balanced;Balanced;Balanced;Balanced;Balanced;Balanced;1;1;1;1;1;1;1;1;1;1;1;1;1;1;0;;4;4
210;20;20;20;20;0;Standard;Balanced;Balanced;Balanced;Balanced;Balanced;Balanced;2;2;2;2;2;2;2;2;2;2;2;2;2;2;0;;7;7
211;0;15;20;20;0;Standard;Balanced;Balanced;Balanced;Balanced;Balanced;Balanced;2;2;2;2;2;2;2;1;2;1;1;1;2;2;0;;6;6
212;0;10;20;15;0;Standard;Balanced;Balanced;Balanced;Balanced;Balanced;Balanced;0;0;0;0;0;0;0;0;0;0;0;0;0;0;0;;0;0
213;0;15;20;15;0;Standard;Balanced;Balanced;Balanced;Balanced;Balanced;Balanced;2;2;2;2;2;2;2;1;2;1;1;1;2;2;0;;4;4
214;10;20;20;20;0;Standard;Balanced;Balanced;Balanced;Balanced;Balanced;Balanced;2;2;2;2;2;2;2;2;2;2;2;2;2;2;0;;6;6
215;0;15;20;15;0;Standard;Balanced;Balanced;Balanced;Balanced;Balanced;Balanced;2;2;2;2;2;2;2;1;2;1;1;1;2;2;0;;5;5
216;0;15;20;15;0;Standard;Balanced;Balanced;Balanced;Balanced;Balanced;Balanced;2;2;2;2;2;2;2;1;2;1;1;1;2;2;0;;4;4
217;0;15;20;15;0;Standard;Balanced;Balanced;Balanced;Balanced;Balanced;Balanced;0;0;0;0;0;0;0;0;0;0;0;0;0;0;0;;0;0
218;0;15;20;15;0;Standard;Balanced;Balanced;Balanced;Balanced;Balanced;Balanced;1;1;1;1;1;1;1;1;1;1;1;1;1;1;0;;4;4
219;0;15;20;15;0;Standard;Balanced;Balanced;Balanced;Balanced;Balanced;Balanced;0;0;0;0;0;0;0;0;0;0;0;0;0;0;0;;0;0
220;0;15;20;15;0;Standard;Balanced;Balanced;Balanced;Balanced;Balanced;Balanced;0;0;0;0;0;0;0;0;0;0;0;0;0;0;0;;0;0
221;20;0;0;0;0;Standard;Balanced;Balanced;Balanced;Balanced;Balanced;Balanced;0;0;0;0;0;0;0;0;0;0;0;0;0;0;0;;0;0
222;0;10;10;20;0;Standard;Balanced;Balanced;Balanced;Balanced;Balanced;Balanced;0;0;0;0;0;0;0;0;0;0;0;0;0;0;0;;0;0
223;0;10;20;15;0;Standard;Balanced;Balanced;Balanced;Balanced;Balanced;Balanced;0;0;0;0;0;0;0;0;0;0;0;0;0;0;0;;0;0
224;0;15;20;15;0;Standard;Balanced;Balanced;Balanced;Balanced;Balanced;Balanced;1;1;1;1;1;1;1;1;1;1;1;1;1;1;0;;4;4
225;0;15;20;15;0;Standard;Balanced;Balanced;Balanced;Balanced;Balanced;Balanced;1;1;1;1;1;1;1;1;1;1;1;1;1;1;0;;4;4
226;0;10;20;15;0;Standard;Balanced;Balanced;Balanced;Balanced;Balanced;Balanced;0;0;0;0;0;0;0;0;0;0;0;0;0;0;0;;0;0
227;0;10;20;15;0;Standard;Balanced;Balanced;Balanced;Balanced;Balanced;Balanced;2;2;2;2;2;2;2;1;2;1;1;1;2;2;0;;4;4
228;0;15;20;15;0;Standard;Balanced;Balanced;Balanced;Balanced;Balanced;Balanced;0;0;0;0;0;0;0;0;0;0;0;0;0;0;0;;0;0
229;0;15;20;15;0;Standard;Balanced;Balanced;Balanced;Balanced;Balanced;Balanced;1;1;1;1;1;1;1;1;1;1;1;1;1;1;0;;4;4
230;0;15;20;15;0;Standard;Balanced;Balanced;Balanced;Balanced;Balanced;Balanced;0;0;0;0;0;0;0;0;0;0;0;0;0;0;0;;0;0
231;0;15;20;20;0;Standard;Balanced;Balanced;Balanced;Balanced;Balanced;Balanced;2;2;2;2;2;2;2;1;2;1;1;1;2;2;0;;6;6
232;0;15;20;20;0;Standard;Balanced;Balanced;Balanced;Balanced;Balanced;Balanced;2;2;2;2;2;2;2;1;2;1;1;1;2;2;0;;6;6
233;20;0;0;0;0;Standard;Balanced;Balanced;Balanced;Balanced;Balanced;Balanced;0;0;0;0;0;0;0;0;0;0;0;0;0;0;0;;0;0
234;20;20;20;20;0;Standard;Balanced;Balanced;Balanced;Balanced;Balanced;Balanced;2;2;2;2;2;2;2;2;2;2;2;2;2;2;0;;7;7
235;0;5;20;15;0;Standard;Balanced;Balanced;Balanced;Balanced;Balanced;Balanced;0;0;0;0;0;0;0;0;0;0;0;0;0;0;0;;0;0
236;10;20;20;20;0;Standard;Balanced;Balanced;Balanced;Balanced;Balanced;Balanced;0;0;0;0;0;0;0;0;0;0;0;0;0;0;0;;0;0
237;20;0;0;0;0;Standard;Balanced;Balanced;Balanced;Balanced;Balanced;Balanced;0;0;0;0;0;0;0;0;0;0;0;0;0;0;0;;0;0
238;10;20;15;15;1;Offensive;Balanced;Balanced;Balanced;Prefers Prospects;Balanced;Balanced;2;3;5;3;2;6;2;3;3;8;6;9;3;5;0;;12;15
