StaffId;TeamId;First Name;Last Name;Nick Name;Date Of Birth;Birthcity;Birthstate;Nationality_One;Nationality_Two;Nationality_Three;Retired
0;0;Stephen;Lynch;;1984-7-26;Belmont;NC;United States;;;0
1;0;Dan;Washington;;1976-3-9;Mebane;NC;United States;;;0
2;0;Matt;McClain;;1971-7-20;Placentia;CA;United States;;;0
3;0;Chris;McKinley;;1975-12-25;Weston;FL;United States;;;0
4;0;Jason;Constable;;1971-12-9;Woodstock;IL;United States;;;0
5;0;Ben;O'Brian;;1971-8-13;Mesa;AZ;United States;;;0
6;0;Zak;Wentworth;;1974-12-16;Snellville;GA;United States;;;0
7;0;Jim;MacBurie;;1981-5-26;Virginia Beach;VA;United States;;;0
8;0;Mike;Hudson;;1982-2-11;Show Low;AZ;United States;;;0
9;0;Carl;Murdock;;1989-4-17;Austin;TX;United States;;;0
10;1;Daniel;Morris;;1970-7-30;San Antonio;TX;United States;;;0
11;1;Shannon;Peel;;1980-7-18;Decatur;IL;United States;;;0
12;1;Nathan;Peppercorn;;1964-3-26;Muskegon Heights;MI;United States;;;0
13;1;Jonathan;McDowell;;1966-5-10;Peoria;AZ;United States;;;0
14;1;Steve;Arnold;;1967-10-19;Conning Towers-Nautilus Park;CT;United States;;;0
15;1;Marshall;Durbin;;1981-5-22;Munroe Falls;OH;United States;;;0
16;1;Bill;Enders;;1983-7-19;Sealy;TX;United States;;;0
17;1;James;Malloy;;1967-2-8;New York;NY;United States;;;0
18;1;Randy;Lang;;1972-12-22;Huntingdon;PA;United States;;;0
19;1;Bob;Zimmerman;;1975-2-10;Potomac;MD;United States;;;0
20;2;Scott;Kenworthy;;1961-12-31;Fayetteville;NC;United States;;;0
21;2;Ernest;Rutledge;;1956-9-21;Hamilton;OH;United States;;;0
22;2;Brett;Borrelli;;1960-2-7;Mission;BC;Canada;;;0
23;2;Nate;Cropley;;1975-10-31;Macon;GA;United States;;;0
24;2;Jon;Dunkley;;1972-2-15;Cheyenne;WY;United States;;;0
25;2;Kyle;Lowery;;1964-10-21;Dayton;OH;United States;;;0
26;2;Jimmy;Kramer;;1970-12-22;Moses Lake;WA;United States;;;0
27;2;Donald;Case;;1961-11-13;Spring Hill;FL;United States;;;0
28;2;William;Harris;;1978-5-1;Phoenix;AZ;United States;;;0
29;2;Roger;Cross;;1984-12-31;Cranberry Township;PA;United States;;;0
30;3;AndrÈ-Philippe;Gauthier;;1975-12-24;Lachute;QC;Canada;;;0
31;3;Conrad;Hedden;;1963-6-20;Vancouver;BC;Canada;;;0
32;3;Bill;Kent;;1979-6-3;Forest Park;IL;United States;;;0
33;3;Jack;Nelson;;1966-3-16;Chicago;IL;United States;;;0
34;3;Porter;Hamby;;1962-10-12;Grand Island;NE;United States;;;0
35;3;Yvan-Gabriel;Vincent;;1972-11-15;Laval;QC;Canada;;;0
36;3;Liam;Cavell;;1972-10-17;Santa Ana;CA;United States;;;0
37;3;Jeffery;Woods;;1967-12-9;Jacksonville;FL;United States;;;0
38;3;Remi;Coveney;;1983-4-12;Calgary;AB;Canada;;;0
39;3;Jordan;Humphries;;1966-4-3;Surrey;BC;Canada;;;0
40;4;JÛzef;Szczepanik;;1957-9-7;Whiskey Creek;FL;United States;;;0
41;4;Doug;Price;;1968-5-3;Box Elder;SD;United States;;;0
42;4;Haden;Leonard;;1955-6-13;Tamarac;FL;United States;;;0
43;4;Lonnie;Gardner;;1961-10-20;Bethel Acres;OK;United States;;;0
44;4;Dan;Peoples;;1979-9-11;Ballwin;MO;United States;;;0
45;4;Spencer;Loughrey;;1960-7-3;Lakewood;CO;United States;;;0
46;4;Greg;Edwards;;1962-4-26;Christmas;FL;United States;;;0
47;4;Luke;Kane;;1962-11-2;New York;NY;United States;;;0
48;4;Ronald;Verbeek;;1980-8-9;Estherville;IA;United States;;;0
49;4;Tim;Lenz;;1977-1-4;Slidell;LA;United States;;;0
50;5;Mark;McAlduie;;1981-8-30;Hackensack;NJ;United States;;;0
51;5;Ken;Porter;;1973-12-26;Salem;OR;United States;;;0
52;5;Chase;Dressler;;1956-12-28;Miami;FL;United States;;;0
53;5;Nathan;Mooney;;1974-8-25;Mt. Brydges;ON;Canada;;;0
54;5;Leon;Alston;;1959-11-5;Mount Pleasant;MI;United States;;;0
55;5;Michael;Haworth;;1960-4-28;Magnolia;AR;United States;;;0
56;5;Mike;Schuetz;;1957-7-3;Round Mountain;CA;United States;;;0
57;5;Dave;McPherson;;1972-5-24;Gramercy;LA;United States;;;0
58;5;JosÈ Carlos;Alaniz;;1967-9-5;Rosemead;CA;United States;;;0
59;5;Luis;Marquez;;1955-9-22;Los Angeles;CA;United States;;;0
60;6;Brenden;Bonekamp;;1972-9-10;Calgary;AB;Canada;;;0
61;6;Jason;GÈlinas;;1963-10-3;Laval;QC;Canada;;;0
62;6;Max;Long;;1955-4-5;Kearney;NE;United States;;;0
63;6;Danny;Sims;;1980-1-27;Tupelo;MS;United States;;;0
64;6;William;Gaspard;;1982-8-15;Avondale;LA;United States;;;0
65;6;Bryant;Botting;;1978-12-22;Toronto;ON;Canada;;;0
66;6;Travis;Fitzmaurice;;1958-3-6;Spring Valley;NV;United States;;;0
67;6;Kale;Heinz;;1980-11-9;Toronto;ON;Canada;;;0
68;6;Jackson;Potter;;1963-7-23;Mililani;HI;United States;;;0
69;6;Dan;Moore;;1975-2-20;Toronto;ON;Canada;;;0
70;7;Matt;Wilkey;;1972-3-28;San Diego;CA;United States;;;0
71;7;Troy;Huss;;1976-2-7;North Port;FL;United States;;;0
72;7;Bill;Shepard;;1977-1-14;West Pensacola;FL;United States;;;0
73;7;Christian;Cummings;;1974-4-3;Spring Valley;MN;United States;;;0
74;7;Scott;Weaver;;1975-5-14;Tuttle;OK;United States;;;0
75;7;Luis;Vargas;;1957-7-30;Claremont;CA;United States;;;0
76;7;Ken;Buchanan;;1982-8-9;Houston;TX;United States;;;0
77;7;Eric;Flanagan;;1974-4-27;Houston;TX;United States;;;0
78;7;Rich;Schuetz;;1978-5-10;New York;NY;United States;;;0
79;7;Chris;Mallinson;;1965-8-4;Oklahoma City;OK;United States;;;0
80;-1;Preston;O'Scannell;;1968-7-15;Riverton;UT;United States;;;0
81;-1;Brandon;Ronty;;1961-10-8;Thorsby;AB;Canada;;;0
82;-1;Bruce;Girling;;1956-4-10;Santa Ana;CA;United States;;;0
83;-1;Dennis;Rich;;1980-2-14;Thomasville;NC;United States;;;0
84;-1;Chad;Goyette;;1981-7-23;Quebec City;QC;Canada;;;0
85;-1;Mark;Baldry;;1977-1-8;Bolivar;TN;United States;;;0
86;-1;Steve;Vineyard;;1974-4-10;Wentworth;NC;United States;;;0
87;-1;Chris;Robinson;;1967-3-30;Toronto;ON;Canada;;;0
88;-1;Ben;Echternach;;1956-4-15;Alexandria;VA;United States;;;0
89;-1;Jon;Vickers;;1973-7-28;Odenton;MD;United States;;;0
90;-1;Ron;Greenhill;;1956-6-22;San Diego;CA;United States;;;0
91;-1;Bryant;Smith;;1959-6-4;Iselin;NJ;United States;;;0
92;-1;Francesco;Colosimo;;1974-7-17;Aurora;ON;Canada;;;0
93;-1;Timothy;McCabe;;1973-7-4;Lower Merion;PA;United States;;;0
94;-1;Benny;Marks;;1973-1-5;Aurora;CO;United States;;;0
95;-1;Ryan;Erdolo;;1981-6-30;Coquitlam;BC;Canada;;;0
96;-1;Franklin;Esposito;;1971-6-12;Brooks;AB;Canada;;;0
97;-1;Russell;Fogarty;;1966-3-19;New York;NY;United States;;;0
98;-1;Mac;Wood;;1960-11-30;Greencastle;PA;United States;;;0
99;-1;Lin;Xinxin;;1976-7-19;Changchun;JIL;China;;;0
100;-1;Stanley;Hunt;;1984-1-29;New York;NY;United States;;;0
101;-1;Clark;Sullivan;;1975-3-24;Greeley;CO;United States;;;0
102;-1;Phil;Dommett;;1968-4-21;Vernon;BC;Canada;;;0
103;-1;Scotty;Donnelly;;1982-2-17;Worcester;MA;United States;;;0
104;-1;Michael;O'Delaney;;1983-1-19;Willoughby Hills;OH;United States;;;0
105;-1;Henry;Conrad;;1961-12-31;Eastpointe;MI;United States;;;0
106;-1;CÈdric;Robert;;1956-2-22;Montreal;QC;Canada;;;0
107;-1;David;Schlegel;;1956-4-6;Burnaby;BC;Canada;;;0
108;-1;Josh;Carre;;1981-8-15;Vancouver;BC;Canada;;;0
109;-1;Art;Aviani;;1972-7-25;Cambridge;ON;Canada;;;0
110;-1;Noah;Tate;;1959-12-10;Philadelphia;PA;United States;;;0
111;-1;¡ngel;Maldonado;;1980-4-21;Murrieta;CA;United States;;;0
112;-1;Alexander;Barateli;;1956-5-16;Borujerd;LOR;Iran;;;0
113;-1;Juan;Sanchez;;1967-4-8;San Francisco;CA;United States;;;0
114;-1;Jason;Hayes;;1961-9-26;Estelle;LA;United States;;;0
115;-1;Stephen;Wade;;1955-4-18;Owasso;OK;United States;;;1
116;-1;David;Raymond;;1972-6-22;Gatineau;QC;Canada;;;0
117;-1;Nathan;Smith;;1967-4-5;New Bedford;MA;United States;;;0
118;-1;Stephen;Lim;;1957-10-2;Rosthern;SK;Canada;;;0
119;-1;Nick;Matthews;;1973-9-27;Hunters Creek;FL;United States;;;0
120;-1;Lance;MacIlreach;;1963-1-22;Green Bay;WI;United States;;;0
121;-1;Eugene;Farquhart;;1957-12-15;Lexington;KY;United States;;;0
122;-1;Bob;Artis;;1957-10-27;San Francisco;CA;United States;;;0
123;-1;Tommy;Creamer;;1981-7-30;Los Chaves;NM;United States;;;0
124;-1;Peter;Baker;;1971-8-9;Aurora;CO;United States;;;0
125;-1;Tommy;Porter;;1960-2-24;Los Angeles;CA;United States;;;0
126;-1;Peter;Zimmerman;;1960-10-16;Lima;OH;United States;;;0
127;-1;Ryan;Meier;;1968-2-21;Toronto;ON;Canada;;;0
128;-1;Kyle;Kennedy;;1955-11-19;Brampton;ON;Canada;;;0
129;-1;Mark;Badger;;1979-12-21;Macungie;PA;United States;;;0
130;-1;Raymond;Muller;;1974-10-9;St. Clair Shores;MI;United States;;;0
131;-1;Jim;Brewis;;1955-1-25;Chicago;IL;United States;;;1
132;-1;Garrett;Rope;;1967-2-3;North Bay;ON;Canada;;;0
133;-1;Clark;Suber;;1965-3-16;Bakersfield;CA;United States;;;0
134;-1;Marc;Fournier;;1962-8-19;Port-Alfred-Bagotville;QC;Canada;;;0
135;-1;Sebastian;Johansson;;1965-11-1;Avenue B and C;AZ;United States;;;0
136;-1;Dale;Landgraf;;1984-3-7;Wailua Homesteads;HI;United States;;;0
137;-1;Ken;Bush;;1958-2-26;Murphy;MO;United States;;;0
138;-1;Mathieu;Dumont;;1980-11-5;Halifax;NS;Canada;;;0
139;-1;Stanley;Nichols;;1959-8-22;Merced;CA;United States;;;0
140;-1;Ben;Moss;;1974-5-27;West Puente Valley;CA;United States;;;0
141;-1;Brent;McRae;;1968-4-27;Lively;ON;Canada;;;0
142;-1;Bill;Corrigan;;1978-11-23;Guilderland;NY;United States;;;0
143;-1;Nick;Rivard;;1983-2-15;Willoughby;OH;United States;;;0
144;-1;Jack;Beauregard;;1958-4-16;Pittsgrove;NJ;United States;;;0
145;-1;Troy;Mennie;;1962-11-10;Houston;TX;United States;;;0
146;-1;Mike;Murdock;;1969-6-19;New York;NY;United States;;;0
147;-1;Christian;Defiel;;1958-11-19;Lexington;MA;United States;;;0
148;-1;Bill;Waltman;;1960-6-9;Thornton;CO;United States;;;0
149;-1;Peter;Myers;;1978-9-27;Santa Rosa;CA;United States;;;0
150;-1;Melvin;Avery;;1969-6-9;Cheverly;MD;United States;;;0
151;-1;Ryan;Lambert;;1981-12-16;Moseley;VA;United States;;;0
152;-1;Jason;Teller;;1964-8-21;Chicago;IL;United States;;;0
153;-1;Todd;Snow;;1967-1-5;Timberlake;VA;United States;;;0
154;-1;Steve;Hinz;;1967-9-19;Rochester;NY;United States;;;0
155;-1;Will;Bradley;;1969-10-11;Austin;TX;United States;;;0
156;-1;Ryan;Richardson;;1980-5-25;Houston;TX;United States;;;0
157;-1;Darrel;Coulton;;1956-4-10;Hooverson Heights;WV;United States;;;0
158;-1;Brian;Wade;;1964-9-10;Croton-on-Hudson;NY;United States;;;0
159;-1;Robert;MacLellan;;1982-3-20;Kingstown;MD;United States;;;0
160;-1;Joe;Rigsby;;1968-5-5;Hot Springs;AR;United States;;;0
161;-1;Daniel;Kershaw;;1977-10-6;Lancaster;CA;United States;;;0
162;-1;Cory;Shoemaker;;1983-6-26;Englewood;CO;United States;;;0
163;-1;Ricky;Barnes;;1982-7-21;Pecos;TX;United States;;;0
164;-1;Craig;Watson;;1962-11-11;Omaha;NE;United States;;;0
165;-1;Rick;Metcalf;;1964-12-25;Manassas;VA;United States;;;0
166;-1;Tim;Turner;;1981-11-20;Scottsdale;AZ;United States;;;0
167;-1;Davis;Picot;;1958-7-12;Cupertino;CA;United States;;;0
168;-1;Dale;Repp;;1960-5-28;South Euclid;OH;United States;;;0
169;-1;Ken;Mulvaney;;1958-2-21;Quincy;MA;United States;;;0
170;-1;Bobby;Worley;;1956-2-22;Tacoma;WA;United States;;;0
171;-1;Dave;MacGruder;;1981-9-12;Peoria;AZ;United States;;;0
172;-1;Hunter;Stoick;;1964-9-2;Watauga;TX;United States;;;0
173;-1;Ryan;Ferguson;;1969-7-28;Kitchener;ON;Canada;;;0
174;-1;David;Muse;;1958-10-16;Stockton;CA;United States;;;0
175;-1;Wesley;Greenwell;;1982-6-20;Garden City;KS;United States;;;0
176;-1;Mathieu;Samson;;1955-2-5;RosemËre;QC;Canada;;;1
177;-1;Eric;Olsen;;1963-9-19;Charleston;SC;United States;;;0
178;-1;Alex;Little;;1963-1-1;Anderson;CA;United States;;;0
179;-1;Olivier;Morin;;1958-9-11;Baie-Comeau;QC;Canada;;;0
180;-1;Malcolm;Bisset;;1962-12-14;Chicago;IL;United States;;;0
181;-1;Jack;Dzurik;;1976-7-13;Walpole;MA;United States;;;0
182;-1;Cosimo;MacInnis;;1978-10-24;Cambridge;ON;Canada;;;0
183;-1;Brandon;Dura;;1957-12-23;Toronto;ON;Canada;;;0
184;-1;Chandler;Coughlans;;1972-4-2;Provo;UT;United States;;;0
185;-1;Oliver;O'Slattery;;1960-4-27;Redondo Beach;CA;United States;;;0
186;-1;Billy;Wigley;;1973-11-4;Bangor;ME;United States;;;0
187;-1;Claudio;Bottini;;1974-6-7;Chambly;QC;Canada;;;0
188;-1;Kip;Cole;;1984-9-29;Mystic Island;NJ;United States;;;0
189;-1;Barney;Ryan;;1966-1-14;Milwaukee;WI;United States;;;0
190;-1;Clifford;Morris;;1976-11-27;Cohoes;NY;United States;;;0
191;-1;Jim;Paul;;1980-2-10;Dallas;TX;United States;;;0
192;-1;Ron;Westlake;;1975-3-17;Nashville;TN;United States;;;0
193;-1;Michael;Caldwell;;1963-8-15;East Haven;CT;United States;;;0
194;-1;John;Shockey;;1957-1-18;Peoria;AZ;United States;;;0
195;-1;Dennis;Barnhill;;1979-7-13;Patterson;CA;United States;;;0
196;-1;Toyozo;Kawano;;1978-2-26;Yokohama;KAN;Japan;;;0
197;-1;Silas;Hole;;1979-6-25;Port Moody;BC;Canada;;;0
198;-1;Tyler;Mahoney;;1966-7-27;Toronto;ON;Canada;;;0
199;-1;Tyrone;Pompey;;1970-1-11;Blooming Grove;NY;United States;;;0
200;-1;Andrew;Blair;;1977-4-7;Saint-Georges;QC;Canada;;;0
201;-1;Brandon;Spence;;1956-11-19;San Carlos;CA;United States;;;0
202;-1;Cory;Hughes;;1955-3-21;Sudbury;ON;Canada;;;1
203;-1;Paul;Meyer;;1971-7-22;Madison;WI;United States;;;0
204;-1;Matt;Pearson;;1977-3-23;Grande Prairie;AB;Canada;;;0
205;-1;Bryan;Joseph;;1955-11-26;Calgary;AB;Canada;;;0
206;-1;Mike;Holt;;1983-3-2;Chandler;AZ;United States;;;0
207;-1;Oscar;Witt;;1983-5-26;North Richland Hills;TX;United States;;;0
208;-1;George;Slee;;1970-7-19;Merritt Island;FL;United States;;;0
209;-1;Philip;Tate;;1976-7-22;Grandview Heights;OH;United States;;;0
210;-1;Robert;Doble;;1966-11-6;Red Lodge;MT;United States;;;0
211;-1;Michael;Craig;;1965-10-28;Trotwood;OH;United States;;;0
212;-1;Walt;Warren;;1962-6-21;Arlington;VA;United States;;;0
213;-1;Richard;Farrell;;1957-12-15;Fairmont;IL;United States;;;0
214;-1;Mike;Monahan;;1982-9-27;Toronto;ON;Canada;;;0
215;-1;Cullen;Lynch;;1981-5-27;Lancaster;CA;United States;;;0
216;-1;Tom;Turner;;1982-10-18;Cary;NC;United States;;;0
217;-1;NÈstor;Galindo;;1962-12-8;San Francisco;CA;United States;;;0
218;-1;FÈlix;CÙtÈ;;1981-3-29;Ajax;ON;Canada;;;0
219;-1;Mike;Jones;;1958-12-9;Huntsville;AL;United States;;;0
220;-1;Eric;McGinley;;1974-10-22;Hoover;AL;United States;;;0
221;-1;Luke;Gavin;;1982-6-23;Richmond Hill;ON;Canada;;;0
222;-1;Clarence;Zimmerman;;1977-12-11;West Whittier-Los Nietos;CA;United States;;;0
223;-1;Geoffrey;Yarwood;;1957-3-13;Stoughton;MA;United States;;;0
224;-1;Chris;Burns;;1959-8-18;Terrace;BC;Canada;;;0
225;-1;Adrian;Richmond;;1984-12-3;Big Beaver;PA;United States;;;0
226;-1;Jordan;Dixon;;1978-11-17;Broken Arrow;OK;United States;;;0
227;-1;Maxime;MÈthot;;1959-8-10;Laval;QC;Canada;;;0
228;-1;Shane;Lyddy;;1970-5-9;Salt Lake City;UT;United States;;;0
229;-1;Donald;Wheeler;;1959-10-27;Clawson;MI;United States;;;0
230;-1;Ben;Sweeney;;1963-9-4;Toledo;OH;United States;;;0
231;-1;Eric;Mello;;1979-11-7;Washington;DC;United States;;;0
232;-1;Michael;Sears;;1983-3-13;Fort Pierce;FL;United States;;;0
233;-1;Junior;Lester;;1964-9-12;Chelmsford;MA;United States;;;0
234;-1;Denis;Zhevakhov;;1963-10-8;Novosibirsk;NOV;Russia;;;0
235;-1;Gerard;Reynolds;;1969-1-27;Boca Raton;FL;United States;;;0
236;-1;Tim;Coleman;;1975-10-4;Kings Grant;NC;United States;;;0
237;-1;Will;Lovell;;1970-11-27;El Paso;TX;United States;;;0
238;-1;Tom;Pinkston;;1962-11-19;Wellington;FL;United States;;;0
239;-1;Reid;Smith;;1957-9-6;San Francisco;CA;United States;;;0
240;-1;Steve;Beckwith;;1961-6-21;El Cajon;CA;United States;;;0
241;-1;Tim;Williamson;;1969-10-22;Centreville;MD;United States;;;0
242;-1;Bill;Atkins;;1965-10-30;Largo;MD;United States;;;0
243;-1;Marvin;Barley;;1982-4-21;Indianapolis;IN;United States;;;0
244;-1;Brandon;Hulse;;1980-5-2;New Orleans;LA;United States;;;0
245;-1;Tommy;Mauldin;;1977-12-4;Petersburg;VA;United States;;;0
246;-1;Tyler;Goodchild;;1963-4-29;Ottawa;ON;Canada;;;0
247;-1;Keith;Becker;;1967-5-26;Sycamore;IL;United States;;;0
248;-1;Kip;Ross;;1970-5-23;Dayton;TX;United States;;;0
249;-1;Cris;Herrera;;1984-4-24;Norfolk;VA;United States;;;0
250;-1;Blaine;Knox;;1982-7-7;New York;NY;United States;;;0
251;-1;Micheal;Parker;;1982-4-27;North Judson;IN;United States;;;0
252;-1;Tony;Vinyard;;1980-9-29;Rancho Santa Margarita;CA;United States;;;0
253;-1;Shannon;Herbert;;1972-2-28;Fredericton;NB;Canada;;;0
254;-1;Ken;Briscoe;;1982-6-20;Calgary;AB;Canada;;;0
255;-1;Tom;Simpson;;1961-8-2;Yucca Valley;CA;United States;;;0
256;-1;John;Randall;;1963-8-19;Heber City;UT;United States;;;0
257;-1;Jeff;MacGruder;;1978-4-12;Seattle;WA;United States;;;0
258;-1;Ted;Garstin;;1974-9-23;Dublin;OH;United States;;;0
259;-1;Matt;Harrison;;1977-3-17;Edmonton;AB;Canada;;;0
260;-1;Francisco;Luna;;1969-9-2;Hawthorne;CA;United States;;;0
261;-1;Matt;McBurney;;1984-6-6;London;ON;Canada;;;0
262;-1;Mitch;Poskitt;;1957-2-3;Rio Rancho;NM;United States;;;0
263;-1;John;Owens;;1958-10-8;Falmouth;ME;United States;;;0
264;-1;Aaron;Whitfield;;1981-3-16;Raleigh;NC;United States;;;0
265;-1;Alex;Schultz;;1974-10-10;Ottawa;ON;Canada;;;0
266;-1;Ron;Pierce;;1961-11-25;Los Angeles;CA;United States;;;0
267;-1;Bryan;Kovalchik;;1972-3-8;Moss Landing;CA;United States;;;0
268;-1;Rod;Stewart;;1976-5-13;Galveston;IN;United States;;;0
269;-1;Jacob;Snow;;1958-3-12;Elizabethtown;NC;United States;;;0
270;-1;Dylan;Place;;1977-8-11;Surrey;BC;Canada;;;0
271;-1;Bill;Roberts;;1977-12-12;Columbia;MD;United States;;;0
272;-1;Daniel;O'Callaghan;;1976-2-28;Gulfport;MS;United States;;;0
273;-1;Cao;Xinbo;;1984-12-5;Chongqing;CHO;China;;;0
274;-1;Paul;Bosch;;1958-4-16;St. Catharines;ON;Canada;;;0
275;-1;Howard;Miller;;1980-11-6;New York;NY;United States;;;0
276;-1;Chris;Cox;;1968-2-5;Whitman;MA;United States;;;0
277;-1;Aubrey;Cross;;1957-12-9;Aliso Viejo;CA;United States;;;0
278;-1;Emerson;Dounan;;1965-4-11;Glendale;CA;United States;;;0
279;-1;Matt;Kastner;;1976-11-23;Des Peres;MO;United States;;;0
280;-1;Gianmarco;Carrera;;1955-1-9;Santa Croce sull'Arno;TUS;Italy;;;1
281;-1;Graham;Robertson;;1977-11-16;Prince George;BC;Canada;;;0
282;-1;Jeff;Mobley;;1973-5-13;Black Forest;CO;United States;;;0
283;-1;Joe;Parrott;;1957-8-23;Navassa;NC;United States;;;0
284;-1;Jason;Peatfield;;1974-4-19;Hialeah;FL;United States;;;0
285;-1;Craig;Soileau;;1967-4-19;Beaverton;OR;United States;;;0
286;-1;John;Bradley;;1964-8-29;Hanover;OH;United States;;;0
287;-1;Horesa;Felike;;1972-9-10;Stamford;CT;United States;;;0
288;-1;Artie;Taylor;;1972-11-12;Montrose;MI;United States;;;0
289;-1;Weldon;Knightley;;1962-8-8;Fort Meade;MD;United States;;;0
290;-1;James;Webster;;1958-7-27;Dayton;NJ;United States;;;0
291;-1;Bo;Hendrickson;;1971-10-15;Toronto;ON;Canada;;;0
292;-1;Gary;Sackett;;1982-10-4;El Paso;TX;United States;;;0
293;-1;Mike;Crandall;;1981-8-21;Hendersonville;TN;United States;;;0
294;-1;Jack;Fraser;;1967-12-8;South Euclid;OH;United States;;;0
295;-1;JoÎl;Leblanc;;1963-4-28;Joliette;QC;Canada;;;0
296;-1;Chad;Walls;;1959-10-19;Warrensburg;MO;United States;;;0
297;-1;Adam;Gadd;;1977-8-15;Fort Erie;ON;Canada;;;0
298;-1;Kevin;Valente;;1959-7-15;Coquitlam;BC;Canada;;;0
299;-1;Joshua;Larking;;1975-6-14;St. Petersburg;FL;United States;;;0
300;-1;Doug;O'Neal;;1978-10-22;Fishers;IN;United States;;;0
301;-1;Ron;Perry;;1974-1-2;Hurley;SD;United States;;;0
302;-1;Mark;Sterling;;1984-4-21;Eagle;ID;United States;;;0
303;-1;Silas;Stephens;;1956-7-26;Newport Beach;CA;United States;;;0
304;-1;George;Morris;;1958-3-10;Oxnard;CA;United States;;;0
305;-1;Justin;Kay;;1971-8-5;Ottawa;ON;Canada;;;0
306;-1;Leonard;Williamson;;1969-4-15;Linden;NJ;United States;;;0
307;-1;Melvin;Moses;;1963-11-21;Booneville;MS;United States;;;0
308;-1;Bailey;Lucas;;1976-9-24;Prescott;AZ;United States;;;0
309;-1;Tyler;Schwartzenberger;;1956-9-12;Tilbury;ON;Canada;;;0
310;-1;Max;Saunders;;1974-5-5;Baltimore;MD;United States;;;0
311;-1;Dan;Roderick;;1966-12-11;Jacksonville;FL;United States;;;0
312;-1;Elliot;Sipe;;1962-12-7;Provo;UT;United States;;;0
313;-1;Ryan;Kim;;1967-7-31;Morehead;KY;United States;;;0
314;-1;Patrick;Darnell;;1980-11-5;South Milwaukee;WI;United States;;;0
315;-1;Russell;Lindsey;;1965-12-21;West Windsor;NJ;United States;;;0
316;-1;Michael;Mintz;;1957-7-8;Batavia;IL;United States;;;0
317;-1;Bart;Prough;;1966-6-28;Norman;OK;United States;;;0
318;-1;Pat;McNeill;;1961-2-9;Philadelphia;PA;United States;;;0
319;-1;William;Lacoste;;1982-4-12;Vaudreuil-Dorion;QC;Canada;;;0
320;-1;Alex;Sinclair;;1971-6-28;Toronto;ON;Canada;;;0
321;-1;Bill;Bart;;1982-3-13;Vallejo;CA;United States;;;0
322;-1;Yohan;Roy;;1979-12-2;Brampton;ON;Canada;;;0
323;-1;Keith;Fry;;1984-7-25;Meadow Vista;CA;United States;;;0
324;-1;Mathieu;Couture;;1984-7-7;Montreal;QC;Canada;;;0
325;-1;Kyle;Page;;1956-3-18;Toronto;ON;Canada;;;0
326;-1;Joe;Hower;;1957-1-24;Albuquerque;NM;United States;;;0
327;-1;Ed;Edenborough;;1981-4-20;Troutdale;OR;United States;;;0
328;-1;Martin;Fortin;;1973-2-20;Montreal;QC;Canada;;;0
329;-1;Kelly;DeBerenger;;1970-8-8;Miami;OK;United States;;;0
330;-1;Jason;Houlder;;1966-1-16;Prince George;BC;Canada;;;0
331;-1;Li;Yang;;1980-1-13;Xianyang;SHA;China;;;0
332;-1;Ryan;Sanford;;1978-7-23;Denver;CO;United States;;;0
333;-1;Braedan;Grolet;;1960-8-11;Burlington;ON;Canada;;;0
334;-1;Royce;Lampman;;1961-5-31;Punta Gorda;FL;United States;;;0
335;-1;Matthew;Springer;;1963-3-17;Burnaby;BC;Canada;;;0
336;-1;Joey;Valois;;1975-1-19;Longueuil;QC;Canada;;;0
337;-1;Rock-Antoine;Giroux;;1966-1-11;Montreal;QC;Canada;;;0
338;-1;Pat;Brennan;;1957-6-18;Columbus;GA;United States;;;0
339;-1;Tom;Barrett;;1963-12-22;El Monte;CA;United States;;;0
340;-1;Teddy;Greer;;1981-3-15;Cottage Lake;WA;United States;;;0
341;-1;Noah;Guillot;;1961-1-1;Detroit;MI;United States;;;0
342;-1;Pete;Foster;;1970-12-21;Paine Field-Lake Stickney;WA;United States;;;0
343;-1;Andrea;Panelli;;1962-5-24;Codigoro;EMI;Italy;;;0
344;-1;Andrey;Veshutkin;;1962-2-24;Rudny;KOS;Kazakhstan;;;0
345;-1;Robbie;Cranstoun;;1968-11-18;Pasadena;TX;United States;;;0
346;-1;Dan;Hagler;;1969-9-26;St. Louis;MO;United States;;;0
347;-1;David;Ross;;1979-2-17;Columbus;MS;United States;;;0
348;-1;Ben;Vetere;;1967-5-4;Brooks;AB;Canada;;;0
349;-1;Joe;Mullins;;1962-7-6;Ranson;WV;United States;;;0
350;-1;Maurice;Meeks;;1978-8-12;Dallas;TX;United States;;;0
351;-1;Mark;Riley;;1973-11-18;Lakewood;WA;United States;;;0
352;-1;Paul;Skinner;;1983-1-25;Hollins;VA;United States;;;0
353;-1;Dan;Dalziel;;1969-2-8;Corpus Christi;TX;United States;;;0
354;-1;Bruce;Wilder;;1973-12-20;Winston-Salem;NC;United States;;;0
355;-1;Evan;Mapletoft;;1980-12-16;North Bay;ON;Canada;;;0
356;-1;Thomas;Morton;;1983-11-26;Surrey;BC;Canada;;;0
357;-1;Michael;Kern;;1962-1-21;Hermiston;OR;United States;;;0
358;-1;Barrett;Davidson;;1980-7-30;New York;NY;United States;;;0
359;-1;Lawrence;Shore;;1976-10-22;Chicago;IL;United States;;;0
360;-1;Eddie;Robison;;1983-5-24;Hopkinton;MA;United States;;;0
361;-1;D'Arcy;Howarth;;1957-6-17;Ancaster;ON;Canada;;;0
362;-1;George;Mink;;1973-7-18;Valdosta;GA;United States;;;0
363;-1;Juan;Vargas;;1980-8-4;Santa Rosa;CA;United States;;;0
364;-1;Mike;Hore;;1975-11-19;Mesa;AZ;United States;;;0
365;-1;Chris;Holden;;1974-1-22;Saskatoon;SK;Canada;;;0
366;-1;William;McKnight;;1955-6-14;Chagrin Falls;OH;United States;;;1
367;-1;David;Albright;;1970-9-6;West Peoria;IL;United States;;;0
368;-1;Tom;Ginger;;1984-10-3;San Francisco;CA;United States;;;0
369;-1;Tim;Randolph;;1966-2-20;Fresno;CA;United States;;;0
370;-1;David;Tremblay;;1978-9-6;Mont-Laurier;QC;Canada;;;0
371;-1;Paul;Porter;;1981-11-11;Nashville;TN;United States;;;0
372;-1;Rick;Fields;;1971-6-27;Bloomington;MN;United States;;;0
373;-1;Lowell;Midwinter;;1973-4-26;Paducah;KY;United States;;;0
374;-1;Rich;Scott;;1964-12-26;Tullahoma;TN;United States;;;0
375;-1;Braiden;Dewar;;1971-3-14;San Antonio;TX;United States;;;0
376;-1;Pat;Lee;;1957-12-12;Brooklyn;NY;United States;;;0
377;-1;Matias;Kettunen;;1963-11-11;Rantasalmi;SSA;Finland;;;0
378;-1;Keith;Pederson;;1983-8-9;St. George;UT;United States;;;0
379;-1;Brian;Ritter;;1984-6-28;Brooklyn;NY;United States;;;0
380;-1;Anderson;Guy;;1965-11-26;Sacramento;CA;United States;;;0
381;-1;Chris;Bevan;;1979-3-6;Brampton;ON;Canada;;;0
382;-1;Jeremy;Coble;;1973-12-13;San Leandro;CA;United States;;;0
383;-1;Adrian;Sellers;;1983-8-19;Newton;KS;United States;;;0
384;-1;Pedro;Brito;;1967-11-25;Houston;TX;United States;;;0
385;-1;Aidan;Bergen;;1981-12-30;Kelowna;BC;Canada;;;0
386;-1;Steve;MacGilp;;1966-9-13;Poinciana;FL;United States;;;0
387;-1;Calvin;Robbins;;1973-9-24;Wayland;MA;United States;;;0
388;-1;Robert;Watson;;1983-1-26;Schertz;TX;United States;;;0
389;-1;Maurice;Maiden;;1979-1-8;Gurnee;IL;United States;;;0
390;-1;Jeff;Beasley;;1980-12-14;Manchester;WA;United States;;;0
391;-1;Mark;Cole;;1964-6-30;Markham;ON;Canada;;;0
392;-1;Tom;Danforth;;1970-3-4;Houston;TX;United States;;;0
393;-1;NicolÚ;Crespi;;1964-12-28;West Wareham;MA;United States;;;0
394;-1;Wayne;Elliot;;1960-2-15;Lancaster;PA;United States;;;0
395;-1;Will;Young;;1965-2-20;West Liberty;OH;United States;;;0
396;-1;Dewitt;Merwin;;1983-3-11;Boynton Beach;FL;United States;;;0
397;-1;Ethan;Vallely;;1969-7-11;Southaven;MS;United States;;;0
398;-1;David;Young;;1956-11-26;Richmond;BC;Canada;;;0
399;-1;Carlos;McLaughlin;;1983-6-7;Maeser;UT;United States;;;0
400;8;Ken;Brumfield;;1977-4-9;Seattle;WA;United States;;;0
401;8;Jim;Chaisson;;1975-7-7;Valdosta;GA;United States;;;0
402;8;Frank;Darroch;;1983-6-22;Oakley;CA;United States;;;0
403;8;Stephen;Hurley;;1963-8-26;Peoria;AZ;United States;;;0
404;8;Jeffery;Lee;;1972-5-13;The Hammocks;FL;United States;;;0
405;8;Mike;St. John;;1964-2-6;New York;NY;United States;;;0
406;8;Gary;Bednar;;1983-5-12;Gray;ME;United States;;;0
407;8;David;Everson;;1960-8-8;Oak Ridge;NJ;United States;;;0
408;8;Melvin;Long;;1968-6-24;Providence;RI;United States;;;0
409;8;Frank;Griggs;;1977-10-29;Sacramento;CA;United States;;;0
410;9;John;Lane;;1956-6-3;Hamilton;NJ;United States;;;0
411;9;Jake;Gartman;;1956-7-2;Los Angeles;CA;United States;;;0
412;9;Calvin;Stokes;;1982-11-13;Miami;FL;United States;;;0
413;9;Gerald;Powell;;1965-12-16;Cleveland;NY;United States;;;0
414;9;Tommy;Wolf;;1975-7-16;Spring Lake Park;MN;United States;;;0
415;9;Dave;Quinn;;1984-6-26;Stockton;CA;United States;;;0
416;9;Jeff;Currier;;1964-2-5;Los Angeles;CA;United States;;;0
417;9;Mike;Pottenger;;1972-3-19;Clarksville;IN;United States;;;0
418;9;Bob;Mill;;1964-8-12;Moraine;OH;United States;;;0
419;9;Will;Arnold;;1983-8-9;Ogden;UT;United States;;;0
420;10;Jay;McComb;;1961-3-11;New York;NY;United States;;;0
421;10;Manuel;Garza;;1976-2-25;Schodack;NY;United States;;;0
422;10;Ashton;Pratt;;1959-6-17;Dryden;ON;Canada;;;0
423;10;Marshall;Tucker;;1968-6-22;Stockbridge;GA;United States;;;0
424;10;Jermaine;Millington;;1956-8-21;Virginia Beach;VA;United States;;;0
425;10;Millard;Harney;;1958-2-9;Fort Lauderdale;FL;United States;;;0
426;10;Jamal;Boose;;1965-8-18;Montague;MA;United States;;;0
427;10;Troy;McNeil;;1955-7-14;East Lake-Orient Park;FL;United States;;;0
428;10;Kip;Price;;1974-2-16;Hopewell;VA;United States;;;0
429;10;Michael;Moore;;1981-5-10;Hoover;AL;United States;;;0
430;11;Connor;O'Morchoe;;1984-3-7;Dracut;MA;United States;;;0
431;11;Cary;Fisher;;1960-2-7;Eagle;WI;United States;;;0
432;11;Cade;Carlock;;1975-12-10;Dos Palos;CA;United States;;;0
433;11;Robert;Seekins;;1955-3-24;Madison Heights;VA;United States;;;0
434;11;Albert;Thorton;;1971-2-10;San Diego;CA;United States;;;0
435;11;Boboy;Espejo;;1977-7-26;Fresno;CA;United States;;;0
436;11;Wilford;Laverick;;1964-7-4;Los Angeles;CA;United States;;;0
437;11;Doug;Darwin;;1976-8-16;Fort Lauderdale;FL;United States;;;0
438;11;Dan;Mosely;;1963-3-28;La Vergne;TN;United States;;;0
439;11;Max;McGee;;1963-9-21;Pembroke Pines;FL;United States;;;0
440;-1;Curt;Wolfe;;1980-3-11;Orangeville;NY;United States;;;0
441;12;William;Moody;;1955-8-2;Perris;CA;United States;;;0
442;12;Chris;Spencer;;1971-10-25;Ellicott City;MD;United States;;;0
443;12;Clyde;Cawley;;1981-10-15;Beverly Hills;CA;United States;;;0
444;12;Taylor;Kelly;;1959-8-30;Vancouver;BC;Canada;;;0
445;-1;Mike;Carden;;1963-8-13;Garden Home-Whitford;OR;United States;;;0
446;12;Danny;O'Brien;;1974-6-8;Springdale;AR;United States;;;0
447;12;Daryl;Hairston;;1968-2-11;Alameda;CA;United States;;;0
448;12;John;Winter;;1958-9-20;San Marcos;TX;United States;;;0
449;12;Brian;Shoemaker;;1978-1-1;Buffalo;NY;United States;;;0
450;13;Ed;Richardson;;1983-3-4;West Bend;WI;United States;;;0
451;13;John;Cutting;;1961-3-4;La Vale;MD;United States;;;0
452;13;Paul;Vogel;;1962-8-4;Oklahoma City;OK;United States;;;0
453;13;Matt;Warren;;1967-5-10;Lynwood;CA;United States;;;0
454;13;Jamie;Shaw;;1984-5-18;Alafaya;FL;United States;;;0
455;13;Del;Newman;;1959-3-4;Newark;OH;United States;;;0
456;13;Paul;Schiller;;1960-4-12;Huntington Beach;CA;United States;;;0
457;13;Eric;Waterhouse;;1957-10-5;Annapolis;MD;United States;;;0
458;13;Kieran;Ingram;;1960-12-30;Brooklyn;NY;United States;;;0
459;13;Millard;Bergerson;;1958-12-9;Inniswold;LA;United States;;;0
460;14;Edwin;Gaines;;1983-11-20;Newton;NC;United States;;;0
461;14;Randall;Houldsworth;;1959-11-26;Astor;FL;United States;;;0
462;14;Mark;Tolson;;1958-4-26;Los Angeles;CA;United States;;;0
463;14;Byron;Hurt;;1960-11-3;Dodgeville;WI;United States;;;0
464;14;Vincent;Jones;;1973-12-3;New York;NY;United States;;;0
465;14;Bruce;Boles;;1979-9-29;North Escobares;TX;United States;;;0
466;14;Martin;Cantrell;;1956-11-30;Stevensville;MD;United States;;;0
467;14;Roy;Crowel;;1958-4-6;New York;NY;United States;;;0
468;14;George;Heise;;1971-3-8;Camden;NJ;United States;;;0
469;14;Darren;Yiu;;1967-12-25;Arlington;VA;United States;;;0
470;15;Ryan;Martin;;1983-2-7;Newcomerstown;OH;United States;;;0
471;15;Malcolm;Neal;;1973-9-17;Vernon Township;NJ;United States;;;0
472;15;Leo;Hawchorn;;1970-4-18;West Bloomfield Township;MI;United States;;;0
473;15;Hughie;Keung;;1963-2-2;Fort Worth;TX;United States;;;0
474;15;Scott;Ellison;;1962-1-1;Sunrise;FL;United States;;;0
475;15;Oliver;Mitchell;;1959-9-19;Hawaiian Paradise Park;HI;United States;;;0
476;15;Larry;Atkin;;1974-4-1;South Whittier;CA;United States;;;0
477;15;Lloyd;Falcon;;1968-1-7;Dallas;TX;United States;;;0
478;15;Ryan;Woodham;;1960-5-31;Portage;MI;United States;;;0
479;15;Paul;Parie;;1968-8-25;Langley;BC;Canada;;;0
480;-1;Yevgeny;Verzun;;1960-10-1;Klin;MOS;Russia;;;0
481;-1;Harry;Bailey;;1957-5-28;Huntsville;AL;United States;;;0
482;-1;Aleksey;Lutugin;;1981-12-18;Vacha;NIZ;Russia;;;0
483;-1;Aaron;Breslin;;1973-7-21;Los Angeles;CA;United States;;;0
484;-1;Josh;von Hippel;;1973-4-8;Yankton;SD;United States;;;0
485;-1;Willie;French;;1976-9-11;Diamondhead;MS;United States;;;0
486;-1;Jeff;McDowell;;1973-1-9;Waterford;CT;United States;;;0
487;-1;Gary;O'Leehan;;1974-6-20;Hurst;TX;United States;;;0
488;-1;David;Blair;;1959-11-15;Brownsville;TX;United States;;;0
489;-1;John;Furlong;;1966-10-9;Margate City;NJ;United States;;;0
490;-1;Kenny;MacCause;;1962-2-15;Hitchcock;TX;United States;;;0
491;-1;Edward;Owens;;1970-12-12;Miami Beach;FL;United States;;;0
492;-1;Dave;Douglas;;1978-6-10;Denton;TX;United States;;;0
493;-1;Don;Hull;;1959-6-26;Sandy Springs;GA;United States;;;0
494;-1;Vasilij;Bracek;;1968-10-29;Ljubljana;OSR;Slovenia;;;0
495;-1;Lonnie;Meyer;;1961-8-13;Philadelphia;PA;United States;;;0
496;-1;Fred;Brooks;;1970-9-10;Hayesville;OR;United States;;;0
497;-1;Dan;Martin;;1979-7-24;Shenandoah;LA;United States;;;0
498;-1;Gordon;Scarborough;;1973-4-21;Chalmette;LA;United States;;;0
499;-1;Ed;Rhodes;;1967-6-30;Hendersonville;TN;United States;;;0
500;-1;HÈctor;Valentin;;1978-7-3;West Bloomfield Township;MI;United States;;;0
501;-1;Eugene;MacNie;;1968-5-31;Youngstown;OH;United States;;;0
502;-1;Adam;Bibeau;;1983-2-16;Tybee Island;GA;United States;;;0
503;-1;Jason;Bostwick;;1962-11-21;Harrisburg;PA;United States;;;0
504;-1;Bill;Siebert;;1971-5-28;Beech Island;SC;United States;;;0
505;-1;Marty;Lott;;1977-4-28;Olathe;KS;United States;;;0
506;-1;Will;Kline;;1980-7-21;San Diego;CA;United States;;;0
507;-1;Clyde;Fisher;;1975-3-15;Fremont;CA;United States;;;0
508;-1;Eric;George;;1963-6-26;Daytona Beach;FL;United States;;;0
509;-1;George;Shepherd;;1960-10-25;La Puente;CA;United States;;;0
510;-1;Michael;Daniels;;1955-3-12;Radnor Township;PA;United States;;;1
511;-1;Jorge;Quezada;;1970-4-6;Palo Alto;CA;United States;;;0
512;-1;Don;Pendley;;1967-12-23;Lomita;CA;United States;;;0
513;-1;Keith;Benson;;1970-8-4;Wallingford;CT;United States;;;0
514;-1;Richard;Rotheray;;1965-6-25;Cuyahoga Falls;OH;United States;;;0
515;-1;Dwight;Crober;;1972-10-11;Margate City;NJ;United States;;;0
516;-1;Tom;Zangs;;1966-10-13;Tarpon Springs;FL;United States;;;0
517;-1;Brooks;Hawking;;1962-4-2;Reno;NV;United States;;;0
518;-1;Frank;Kauffman;;1961-12-4;Sudley;VA;United States;;;0
519;-1;Don;Walters;;1972-11-6;Rockport;IN;United States;;;0
520;-1;George;Ange;;1958-8-20;Mt. Penn;PA;United States;;;0
521;-1;Tim;Henry;;1965-8-5;New York;NY;United States;;;0
522;-1;Ben;Chitwood;;1970-10-7;Apex;NC;United States;;;0
523;-1;Gordon;Steward;;1975-8-20;South Daytona;FL;United States;;;0
524;-1;Jay;Oldaker;;1959-9-6;Lake Ronkonkoma;NY;United States;;;0
525;-1;Arnold;Wolf;;1975-1-16;Delray Beach;FL;United States;;;0
526;-1;Dave;Overton;;1984-3-3;San Jose;CA;United States;;;0
527;-1;Don;Slaughter;;1973-10-23;Boca Raton;FL;United States;;;0
528;-1;Keith;Ohnsted;;1981-6-17;Elk Grove;CA;United States;;;0
529;-1;Roy;Lockhart;;1979-4-7;Montgomery;AL;United States;;;0
530;-1;Mattia;Bille;;1965-8-3;Bologna;EMI;Italy;;;0
531;-1;Peter;Durocher;;1968-8-1;Throop;NY;United States;;;0
532;-1;Mike;Tucker;;1965-6-12;Rock Hill;SC;United States;;;0
533;-1;Phil;Veeck;;1978-11-13;North Richland Hills;TX;United States;;;0
534;-1;Aaron;Inman;;1959-6-16;Vandergrift;PA;United States;;;0
535;-1;Archie;Chase;;1982-1-4;Greeley;CO;United States;;;0
536;-1;David;Murphy;;1958-1-3;Merritt Island;FL;United States;;;0
537;-1;Jackson;Colburn;;1955-12-14;Cedar Lake;IN;United States;;;0
538;-1;Jud;Borlase;;1977-10-9;Escondido;CA;United States;;;0
539;-1;Earl;Copley;;1965-2-18;New York;NY;United States;;;0
540;-1;Ed;Walls;;1975-10-18;Wichita Falls;TX;United States;;;0
541;-1;Artie;Phillips;;1980-8-24;Adrian;GA;United States;;;0
542;-1;Greg;Glover;;1960-3-29;Roxbury;NJ;United States;;;0
543;-1;Samuel;Keown;;1980-6-25;Fairhaven;MA;United States;;;0
544;-1;Mark;Farris;;1960-4-9;Baltimore;MD;United States;;;0
545;-1;Chris;Ross;;1970-5-4;Apple Valley;MN;United States;;;0
546;-1;Justin;Hayes;;1968-12-25;Leesburg;IN;United States;;;0
547;-1;Jonathan;Bagwell;;1964-8-9;Atlanta;GA;United States;;;0
548;-1;Kyle;Roy;;1971-3-15;Charlestown;RI;United States;;;0
549;-1;Patrick;Jenniff;;1982-2-8;St. Bernard;OH;United States;;;0
550;-1;Don;Beake;;1977-7-24;Mill Plain;WA;United States;;;0
551;-1;Neil;Dubois;;1974-3-21;Celebration;FL;United States;;;0
552;-1;Hollis;Wolter;;1960-12-7;Dayton;OH;United States;;;0
553;-1;ThÈo;Texier;;1974-7-3;Stratham;NH;United States;;;0
554;-1;Tom;Reddan;;1968-2-8;Peachtree City;GA;United States;;;0
555;-1;Gim;Si-won;;1965-1-20;Gwangju;GWA;South Korea;;;0
556;-1;Patrick;Russel;;1956-9-11;Carlsbad;CA;United States;;;0
557;-1;Derek;Rollins;;1962-6-9;New York;NY;United States;;;0
558;-1;Robbie;Meyer;;1976-3-27;Providence;RI;United States;;;0
559;-1;Nikita;Feodosiyev;;1981-12-6;Elista;KAL;Russia;;;0
560;-1;Peter;Stanley;;1964-7-30;Waterbury;CT;United States;;;0
561;-1;Joseph;Rioux;;1969-6-28;Marlborough;MA;United States;;;0
562;-1;William;Stewart;;1983-10-10;Southbridge;MA;United States;;;0
563;-1;Robbie;Tickell;;1956-11-18;Strongsville;OH;United States;;;0
564;-1;Scott;Hurry;;1978-8-20;Manitowoc;WI;United States;;;0
565;-1;Finley;Gelder;;1976-1-26;Canton;OH;United States;;;0
566;-1;Derek;White;;1973-10-26;Scio;NY;United States;;;0
567;-1;Ronald;Semple;;1959-12-30;Reading;MA;United States;;;0
568;-1;Ryan;Howe;;1973-11-3;Manorville;NY;United States;;;0
569;-1;Curt;Lagrone;;1955-6-19;Belmont;MA;United States;;;1
570;-1;Steven;Hoy;;1959-2-23;San Antonio;TX;United States;;;0
571;-1;Steven;Vance;;1962-9-15;Collingdale;PA;United States;;;0
572;-1;Jason;Rogers;;1957-11-14;Phelan;CA;United States;;;0
573;-1;Ron;Stimpson;;1956-6-7;Morganton;NC;United States;;;0
574;-1;Christian;Dyball;;1979-2-25;Longview;TX;United States;;;0
575;-1;Walter;Martin;;1956-4-18;Pontiac;IL;United States;;;0
576;-1;Leon;Lawrence;;1971-4-7;Shreveport;LA;United States;;;0
577;-1;Will;MacNeill;;1964-1-30;Stillwater;OK;United States;;;0
578;-1;JosÈ;Alba;;1962-4-1;Miami Gardens;FL;United States;;;0
579;-1;Gerald;O'Hanley;;1957-10-10;Houston;TX;United States;;;0
580;-1;Brian;French;;1979-6-10;Pittsburgh;PA;United States;;;0
581;-1;Christian;Llewellyn;;1972-9-4;Kenmore;WA;United States;;;0
582;-1;Roy;de Keijzer;;1959-1-15;Cape Town;WES;South Africa;;;0
583;-1;John;Logan;;1959-10-10;Huntington Station;NY;United States;;;0
584;-1;Kane;Deatherage;;1973-7-19;Chicago;IL;United States;;;0
585;-1;Chris;Watt;;1972-5-23;Cresskill;NJ;United States;;;0
586;-1;Thom;Ryan;;1981-1-18;Los Angeles;CA;United States;;;0
587;-1;Rob;Wilcox;;1964-5-9;Galesburg;IL;United States;;;0
588;-1;Adam;Thompson;;1972-1-27;Graham;WA;United States;;;0
589;-1;Mikhail;Klimchuk;;1959-4-26;Moscow;MOS;Russia;;;0
590;-1;Chester;Steward;;1981-6-20;Arkadelphia;AR;United States;;;0
591;-1;Jim;Pomarico;;1958-9-23;Painesville;OH;United States;;;0
592;-1;Glen;Durham;;1974-11-27;New York;NY;United States;;;0
593;-1;Greg;Waters;;1975-4-7;Vermilion;OH;United States;;;0
594;-1;Jeffery;Bradley;;1979-12-21;Tampa;FL;United States;;;0
595;-1;Jim;Freiberg;;1984-12-31;Royal Palm Beach;FL;United States;;;0
596;-1;Dave;Walrond;;1984-12-23;Oviedo;FL;United States;;;0
597;-1;Robbie;Hohmann;;1963-5-11;Cleveland Heights;OH;United States;;;0
598;-1;Nate;Coulton;;1965-5-19;Columbus;GA;United States;;;0
599;-1;Jim;Paulson;;1978-5-12;Philadelphia;PA;United States;;;0
600;-1;Marv;Waller;;1972-12-10;Delanco Township;NJ;United States;;;0
601;-1;Lu;Wei;;1969-9-11;Fengkou;HUB;China;;;0
602;-1;Tom;McLain;;1955-8-15;El Mirage;AZ;United States;;;0
603;-1;Glenn;Marks;;1977-4-8;Denver;CO;United States;;;0
604;-1;Jeff;Catling;;1973-1-17;Hillside;NJ;United States;;;0
605;-1;Gary;Jones;;1962-10-22;San Antonio;TX;United States;;;0
606;-1;Brooks;Potts;;1970-11-15;Garden City;MI;United States;;;0
607;-1;Edward;Fredrick;;1969-9-9;Orem;UT;United States;;;0
608;-1;Rich;LeJander;;1964-2-7;Norwalk;CA;United States;;;0
609;-1;Austin;Beaulieu;;1964-5-31;Salt Lake City;UT;United States;;;0
610;-1;Ranveer;Rai;;1976-1-28;Bhiwandi;MAH;India;;;0
611;-1;Phil;Stogner;;1963-11-27;Fayette;NY;United States;;;0
612;-1;Ryan;Crow;;1961-8-19;Chico;TX;United States;;;0
613;-1;Nariaki;Yamaguchi;;1977-12-27;Chikushino;FUK;Japan;;;0
614;-1;Don;Hacker;;1971-8-11;San Antonio;TX;United States;;;0
615;-1;Jeff;Elgin;;1983-11-8;Murfreesboro;TN;United States;;;0
616;-1;Peter;Richert;;1966-5-4;La Mesa;CA;United States;;;0
617;-1;Frazer;Ezakiya;;1974-8-9;Schriever;LA;United States;;;0
618;-1;Eduard;Mikhasenko;;1976-7-26;Starokucherganovka;AST;Russia;;;0
619;-1;Troy;Roy;;1971-3-3;Tillmans Corner;AL;United States;;;0
620;-1;Pat;Purdy;;1965-9-9;Chicago;IL;United States;;;0
621;-1;Tynan;Paape;;1963-7-29;Atlanta;GA;United States;;;0
622;-1;Stan;Champion;;1978-12-1;Evanston;WY;United States;;;0
623;-1;Carl;Mizell;;1984-6-10;Hurst;TX;United States;;;0
624;-1;Bill;Krug;;1960-7-18;Rock Springs;WY;United States;;;0
625;-1;Thomas;Walker;;1957-2-2;Covington;KY;United States;;;0
626;-1;Tom·s;Moran;;1984-12-12;Des Moines;IA;United States;;;0
627;-1;Jeff;Owens;;1963-8-17;Stillwater;OK;United States;;;0
628;-1;Steve;Noland;;1968-4-18;New York;NY;United States;;;0
629;-1;Joe;Everett;;1956-10-17;Memphis;TN;United States;;;0
630;-1;Jonathan;Congdon;;1963-4-30;Zephyrhills South;FL;United States;;;0
631;-1;Marcus;Eriksson;;1979-11-21;Stockholm;STO;Sweden;;;0
632;-1;Daniel;Martin;;1962-10-12;Houston;TX;United States;;;0
633;-1;Paul;O'Durhan;;1981-1-10;Los Angeles;CA;United States;;;0
634;-1;Alan;Stevens;;1972-6-24;West Little River;FL;United States;;;0
635;-1;Ashton;Jumper;;1958-1-11;Cincinnati;OH;United States;;;0
636;-1;Steve;Mjelleli;;1962-1-15;Tracy;CA;United States;;;0
637;-1;Paul;MacGugan;;1984-3-4;Chicago;IL;United States;;;0
638;-1;Josh;Woods;;1976-12-29;Prior Lake;MN;United States;;;0
639;-1;Jack;Rose;;1963-4-29;Tucson;AZ;United States;;;0
640;-1;Shawn;Hensick;;1973-12-13;Hanover;OH;United States;;;0
641;-1;Gerald;Kidwell;;1962-5-16;Catonsville;MD;United States;;;0
642;-1;Stanley;Phelps;;1984-12-26;Las Vegas;NM;United States;;;0
643;-1;CÈsar;Ortega;;1981-7-23;Westville;IL;United States;;;0
644;-1;Ron;LaSalle;;1955-9-17;Powdersville;SC;United States;;;0
645;-1;Will;Ballantyne;;1960-10-22;Richland;WA;United States;;;0
646;-1;Paul;Baxter;;1980-8-29;Lordstown;OH;United States;;;0
647;-1;Robert;Wright;;1958-2-11;Griffith;IN;United States;;;0
648;-1;Colin;Patterson;;1972-5-19;Savage;MD;United States;;;0
649;-1;Shawn;Powell;;1979-7-2;West Kittanning;PA;United States;;;0
650;-1;Leonard;Audubon;;1959-7-16;Wilsonville;OR;United States;;;0
651;-1;Ken;Sanders;;1978-4-4;Chicago;IL;United States;;;0
652;-1;Riley;Nichols;;1980-5-13;Orofino;ID;United States;;;0
653;-1;Stan;Rigney;;1977-9-7;Sun City;CA;United States;;;0
654;-1;Joseph;Barber;;1962-11-16;Howell;NJ;United States;;;0
655;-1;Dan;Denniston;;1956-7-7;New Orleans;LA;United States;;;0
656;-1;Gene;Jerome;;1975-8-17;Everett;MA;United States;;;0
657;-1;Toby;Trembath;;1972-10-7;Donalsonville;GA;United States;;;0
658;-1;Jason;Pike;;1964-2-28;Woolwich;NJ;United States;;;0
659;-1;Dale;Girvin;;1976-8-9;Allison Park;PA;United States;;;0
660;-1;Earl;Featherston;;1962-5-11;Cedar Mill;OR;United States;;;0
661;-1;Kevin;Stevens;;1979-10-29;Abilene;TX;United States;;;0
662;-1;Fergus;Yeong;;1962-11-8;Missouri City;TX;United States;;;0
663;-1;Edward;Turner;;1966-11-9;Clarksdale;MS;United States;;;0
664;-1;Joe;Bonsall;;1960-1-24;Dallas;TX;United States;;;0
665;-1;Ryan;Harmon;;1978-11-10;Chicago;IL;United States;;;0
666;-1;Clarence;Roach;;1965-3-5;Allendale;MI;United States;;;0
667;-1;Arthur;Logan;;1969-12-11;Jones;OK;United States;;;0
668;-1;Billy;Manning;;1977-11-3;Nelsonia;VA;United States;;;0
669;-1;Will;McLean;;1957-1-12;McAllen;TX;United States;;;0
670;-1;Tom;Pearson;;1983-4-27;Nice;CA;United States;;;0
671;-1;John;Dryden;;1972-12-19;Greensboro;NC;United States;;;0
672;-1;Christian;Mack;;1961-1-7;Willingboro Township;NJ;United States;;;0
673;-1;Roger;Porter;;1976-11-5;Midland;TX;United States;;;0
674;-1;Greg;LoBianco;;1968-11-11;Blaine;MN;United States;;;0
675;-1;Shaaban;Ranjani;;1968-1-4;Khanna;PUN;India;;;0
676;-1;Paul;Cinnamon;;1979-6-10;Potomac;MD;United States;;;0
677;-1;Robert;Williamson;;1979-3-2;Minneapolis;MN;United States;;;0
678;-1;Dave;Golio;;1960-8-25;Cutlerville;MI;United States;;;0
679;-1;Logan;Pate;;1976-2-25;Leesburg;VA;United States;;;0
680;-1;Fred;Bailie;;1970-11-5;Dubuque;IA;United States;;;0
681;-1;Teddy;O'Toole;;1975-9-29;Fernway;PA;United States;;;0
682;-1;Woody;Bertrand;;1981-6-6;Scranton;PA;United States;;;0
683;-1;Mario;Coccia;;1969-3-21;Correggio;EMI;Italy;;;0
684;-1;Pat;Eadie;;1979-11-25;Denver;CO;United States;;;0
685;-1;Phillipp;Krumm;;1961-1-11;Singen;BAD;Germany;;;0
686;-1;Jason;Lang;;1980-8-4;Brooklyn;NY;United States;;;0
687;-1;Roy;Lambert;;1963-9-11;Palmetto Bay;FL;United States;;;0
688;-1;Alfredo;Gonzales;;1958-12-9;Grandview;MO;United States;;;0
689;-1;Russell;Syme;;1964-9-24;Palm Bay;FL;United States;;;0
690;-1;Mark;Gaspard;;1976-8-18;Clearwater;FL;United States;;;0
691;-1;Leonard;Jacobs;;1961-9-11;Brooklyn;NY;United States;;;0
692;-1;Martin;McKessock;;1977-5-29;Phoenix;AZ;United States;;;0
693;-1;Tom;Dekorte;;1958-2-25;Lawton;OK;United States;;;0
694;-1;Cecil;MacAwley;;1969-12-1;Pontiac;MI;United States;;;0
695;-1;Cao;Sheng;;1957-2-15;Taiyuan;SHA;China;;;0
696;-1;Brad;Micks;;1971-10-2;Chilliwack;BC;Canada;;;0
697;-1;Taheiji;Takai;;1968-5-3;Chiba;CHI;Japan;;;0
698;-1;JosÈ;Castro;;1976-11-30;Marbella;MAL;Spain;;;0
699;-1;Hunter;Dayrell;;1967-7-30;Rigby;ID;United States;;;0
700;-1;Lonnie;Hastings;;1969-11-14;Napa;CA;United States;;;0
701;-1;Jared;Simmons;;1972-9-5;Chatfield;MN;United States;;;0
702;-1;Joey;Dooley;;1974-6-13;San Diego Country Estates;CA;United States;;;0
703;-1;Art;Maggs;;1976-1-13;Los Angeles;CA;United States;;;0
704;-1;Brennan;MacChoiter;;1980-1-5;Chattanooga;TN;United States;;;0
705;-1;William;Gordon;;1968-6-11;Sunland Park;NM;United States;;;0
706;-1;Mike;Ware;;1980-8-24;Blackstone;MA;United States;;;0
707;-1;Joe;Scott;;1968-7-24;Kapolei;HI;United States;;;0
708;-1;Leonard;Walter;;1958-9-19;Mountain View Acres;CA;United States;;;0
709;-1;Barrett;O'Criodan;;1979-11-29;Luray;VA;United States;;;0
710;-1;Hidemichi;Yamada;;1979-5-3;Yoro;GIF;Japan;;;0
711;-1;Michael;Owens;;1974-2-17;Montezuma;GA;United States;;;0
712;-1;Artyom;Makarov;;1964-5-18;Tayga;KEM;Russia;;;0
713;-1;Brian;Taylor;;1979-1-14;Keystone;FL;United States;;;0
714;-1;Pete;Mayfield;;1957-8-16;Auburn;AL;United States;;;0
715;-1;Robbie;Lynn;;1966-4-2;Brigantine;NJ;United States;;;0
716;-1;Don;Morgan;;1956-4-3;Cheltenham Township;PA;United States;;;0
717;-1;Ron;Brumby;;1983-6-25;San Jose;CA;United States;;;0
718;-1;Jeffrey;Mounts;;1957-4-29;Cleveland;WI;United States;;;0
719;-1;Gil;Callendare;;1960-11-23;Fairfield;TX;United States;;;0
720;-1;Randolph;Culme;;1973-6-1;Fair Plain;MI;United States;;;0
721;-1;David;Taylor;;1983-3-20;Carmichael;CA;United States;;;0
722;-1;David;Pew;;1955-7-31;Houston;TX;United States;;;0
723;-1;Richie;Shepard;;1976-5-26;Wellington;OH;United States;;;0
724;-1;Paul;Mill;;1962-1-6;Cherry Valley;CA;United States;;;0
725;-1;Steve;O'Herlihy;;1964-9-27;Bonita;CA;United States;;;0
726;-1;Melvin;O'Bolger;;1977-4-6;Amherst;NY;United States;;;0
727;-1;Augusto;Alarcon;;1971-7-13;Juxtlahuaca;OAX;Mexico;;;0
728;-1;Edmond;Parks;;1978-7-6;New York;NY;United States;;;0
729;-1;Robin;Ngai;;1979-4-4;Brighton;NY;United States;;;0
730;-1;George;McCarthy;;1971-4-30;Lauderdale Lakes;WI;United States;;;0
731;-1;Martin;Walker;;1970-7-26;Arcade;NY;United States;;;0
732;-1;Patrick;Langley;;1980-11-25;Los Angeles;CA;United States;;;0
733;-1;Freddie;Howells;;1969-4-13;Talleyville;DE;United States;;;0
734;-1;Leo;Newman;;1983-12-9;Groveville;NJ;United States;;;0
735;-1;Jim;Holmes;;1974-12-26;Lakeport;CA;United States;;;0
736;-1;Eric;Mathis;;1977-5-21;Sun Lakes;AZ;United States;;;0
737;-1;Matt;Potter;;1974-6-7;Baltimore;MD;United States;;;0
738;-1;Nate;Menteath;;1972-2-12;Grand Island;NE;United States;;;0
739;-1;Todd;Graham;;1964-12-13;San Diego;CA;United States;;;0
740;-1;Frank;Shibuya;;1957-7-7;Colorado Springs;CO;United States;;;0
741;-1;Artie;Perry;;1984-2-12;Cedar Creek;TX;United States;;;0
742;-1;Tristan;Economos;;1976-12-24;Lutz;FL;United States;;;0
743;-1;Willie;Matthews;;1980-3-8;Brownsville;TX;United States;;;0
744;-1;Sebastian;Guilding;;1958-6-6;Chicago;IL;United States;;;0
745;-1;Tadataka;Hayagawa;;1957-12-13;Konosu;SAI;Japan;;;0
746;-1;Maxime;Huguet;;1977-3-8;Clayton;NC;United States;;;0
747;-1;Millard;Bailey;;1978-6-4;Lewisville;TX;United States;;;0
748;-1;Chris;Grist;;1967-1-12;Lompoc;CA;United States;;;0
749;-1;Tom;McClure;;1967-3-22;Niagara Falls;NY;United States;;;0
750;-1;Stanley;Tidwell;;1970-4-16;Chicago;IL;United States;;;0
751;-1;Matthew;Cashion;;1964-5-30;Columbia;MD;United States;;;0
752;-1;Steve;McKenna;;1973-6-16;Laureles;TX;United States;;;0
753;-1;David;Ellem;;1978-12-27;Napa;CA;United States;;;0
754;-1;Harold;Hodge;;1979-1-31;Doe Valley;KY;United States;;;0
755;-1;Frank;Burton;;1977-7-18;Brooklyn;NY;United States;;;0
756;-1;Nathaniel;O'Roddam;;1981-7-9;Palermo;CA;United States;;;0
757;-1;Fred;Metcalf;;1964-12-10;Chicago;IL;United States;;;0
758;-1;Paul;Decker;;1971-10-27;Tulsa;OK;United States;;;0
759;-1;Hansjˆrn;Geier;;1979-10-11;Karlsruhe;BAD;Germany;;;0
760;-1;Ken;Vinter;;1980-10-20;Peoria;AZ;United States;;;0
761;-1;River;Sarno;;1980-6-21;Clarksville;TN;United States;;;0
762;-1;Steve;Lewis;;1957-11-9;Pasadena;TX;United States;;;0
763;-1;Jeff;Lee;;1958-5-12;Albuquerque;NM;United States;;;0
764;-1;Lance;Williamson;;1979-2-11;St. Petersburg;FL;United States;;;0
765;-1;Stephen;Elliott;;1971-2-19;Alexandria;AL;United States;;;0
766;-1;Jason;Seaman;;1957-9-28;Fort Worth;TX;United States;;;0
767;-1;Roy;Willis;;1981-12-25;Bridgeport;CT;United States;;;0
768;-1;Neil;Dillon;;1958-9-5;Big Bear Lake;CA;United States;;;0
769;-1;Mark;O'Dell;;1974-3-17;Alsip;IL;United States;;;0
770;-1;Dave;Matthews;;1974-12-19;Canutillo;TX;United States;;;0
771;-1;Masashi;Watanabe;;1981-1-22;Kumamoto;KUM;Japan;;;0
772;-1;Eddie;Goldsmith;;1981-6-11;Markesan;WI;United States;;;0
773;-1;Jes˙s;Quintana;;1968-6-3;Berriozabal;CHI;Mexico;;;0
774;-1;Jeff;Weddington;;1983-12-29;Paradise Valley;AZ;United States;;;0
775;-1;Leonard;Chrichton;;1963-5-28;Loch Lomond;VA;United States;;;0
776;-1;Mike;Jennings;;1972-5-10;Canton;CT;United States;;;0
777;-1;Fred;Sanders;;1955-3-20;Moraga;CA;United States;;;1
778;-1;Zhu;Tianze;;1962-10-22;Daxian;SIC;China;;;0
779;-1;Dennis;O'Farrell;;1969-8-28;Eugene;OR;United States;;;0
780;-1;Frank;Henson;;1965-10-10;Orange;CA;United States;;;0
781;-1;Billy;Crocker;;1957-2-16;Butte;MT;United States;;;0
782;-1;Christian;Williams;;1958-12-14;Pittsburg;CA;United States;;;0
783;-1;Brian;McCammond;;1963-12-29;Chicago;IL;United States;;;0
784;-1;Dave;Wilkerson;;1974-9-14;Wall Township;NJ;United States;;;0
785;-1;Donald;Cadogan;;1978-10-20;Red Lodge;MT;United States;;;0
786;-1;Michael;Tyack;;1977-7-30;Newington Forest;VA;United States;;;0
787;-1;Mike;Parkinson;;1965-10-12;Paradise;NV;United States;;;0
788;-1;Andrew;Tucker;;1961-12-15;Portland;OR;United States;;;0
789;-1;Josh;Eubank;;1971-1-23;Olympia Heights;FL;United States;;;0
790;-1;Karsten;M¸ller;;1979-12-22;Siegen;NOR;Germany;;;0
791;-1;Dylan;Sanders;;1965-8-4;Lansing;MI;United States;;;0
792;-1;Eddie;Hunter;;1979-12-29;Washington;DC;United States;;;0
793;-1;Sam;Vaughn;;1960-9-11;Rochester;MN;United States;;;0
794;-1;Richello;Pabustan;;1978-5-29;Manila;NAT;Philippines;;;0
795;-1;Marty;Adams;;1981-7-16;Corpus Christi;TX;United States;;;0
796;-1;Spencer;Willis;;1974-3-4;Kingsgate;WA;United States;;;0
797;-1;Curt;Butler;;1968-7-18;Richwood;LA;United States;;;0
798;-1;Jeffery;Patterson;;1975-4-19;Tooele;UT;United States;;;0
799;-1;Cameron;Hallworth;;1964-7-14;St. Petersburg;FL;United States;;;0
800;16;Mike;Bullock;;1967-9-27;New York;NY;United States;;;0
801;16;Larry;Lamoureux;;1958-4-8;Williamsburg;IA;United States;;;0
802;16;John;Laslo;;1957-12-13;Lino Lakes;MN;United States;;;0
803;16;Neil;Garrett;;1981-5-29;Mesa;AZ;United States;;;0
804;16;Anthony;Carpenter;;1974-3-19;American Canyon;CA;United States;;;0
805;16;Daniel;Schmidt;;1955-12-7;South Jordan;UT;United States;;;0
806;16;Sonny;Chilton;;1974-3-7;Macy;IN;United States;;;0
807;16;Edison;Sprayberry;;1978-7-14;Lemon Grove;CA;United States;;;0
808;16;Jim;Basham;;1960-1-27;CaÒon City;CO;United States;;;0
809;16;David;Morris;;1976-4-5;Oaklyn;NJ;United States;;;0
810;17;Mark;Frere;;1965-6-19;Lansing;MI;United States;;;0
811;17;Jeremy;O'MeLaghlin;;1983-8-16;Austin;TX;United States;;;0
812;17;Elmer;MacDonald;;1959-11-1;Au Sable Forks;NY;United States;;;0
813;17;Ed;Foley;;1970-3-30;Toms River;NJ;United States;;;0
814;17;Phil;Loucks;;1983-6-11;New York;NY;United States;;;0
815;17;Cade;Cummings;;1983-5-30;Land O' Lakes;FL;United States;;;0
816;17;Charlie;Skimming;;1959-3-17;Spokane;WA;United States;;;0
817;17;Andrew;McMath;;1971-1-7;Oakland;CA;United States;;;0
818;17;Justin;Randall;;1977-11-15;Collierville;TN;United States;;;0
819;17;Don;Reynolds;;1976-3-27;Plainview;TX;United States;;;0
820;18;Paul;Crawford;;1971-4-9;Waterford Township;MI;United States;;;0
821;18;Kyle;Eldridge;;1978-12-23;Keizer;OR;United States;;;0
822;18;David;Douglas;;1956-2-22;Hamilton;OH;United States;;;0
823;18;Chris;Bithery;;1972-9-27;Mendota;CA;United States;;;0
824;18;Bob;Brackett;;1977-2-10;Akron;AL;United States;;;0
825;18;Finlay;MacPherson;;1961-10-5;Lee's Summit;MO;United States;;;0
826;18;Peter;Allison;;1960-12-6;Kings Point;FL;United States;;;0
827;18;Dan;Glover;;1976-8-23;McChord AFB;WA;United States;;;0
828;18;Ben;Walgrove;;1972-10-19;Schenectady;NY;United States;;;0
829;18;Eric;Willard;;1955-9-11;Lenoir;NC;United States;;;0
830;19;Chris;Mace;;1961-4-20;Cheyenne;WY;United States;;;0
831;19;Marty;Hucul;;1983-9-7;Goodyear;AZ;United States;;;0
832;19;Will;Knutson;;1972-4-12;Pontiac;MI;United States;;;0
833;19;Greyson;Quaile;;1979-6-13;Holdrege;NE;United States;;;0
834;19;Edward;Covington;;1955-4-5;Branford;CT;United States;;;0
835;19;Raymond;Page;;1956-5-12;Alcoa;TN;United States;;;0
836;19;Ron;Love;;1968-8-30;Bay Village;OH;United States;;;0
837;19;Vincent;O'Loughnan;;1974-1-7;Jersey City;NJ;United States;;;0
838;19;Dave;Leach;;1960-7-17;West Falls Church;VA;United States;;;0
839;19;Dan;Sheeran;;1976-5-25;Etna;PA;United States;;;0
840;20;Roger;McKay;;1978-8-21;Pharr;TX;United States;;;0
841;20;Ronald;Beach;;1982-11-12;Maple Valley;WA;United States;;;0
842;20;Sid;Syratt;;1973-3-28;Jersey City;NJ;United States;;;0
843;20;Luigi;Bestland;;1966-9-8;New Westminster;BC;Canada;;;0
844;20;Allen;Whitfield;;1984-4-8;Albert Lea;MN;United States;;;0
845;20;Bill;Bird;;1976-3-25;Westminster;CA;United States;;;0
846;20;Jorge;Zavala;;1974-4-1;Richmond Heights;FL;United States;;;0
847;20;Jeff;Gates;;1971-1-13;Niles;IL;United States;;;0
848;20;Pat;MacKelloch;;1965-4-15;Lexington;KY;United States;;;0
849;20;David;Ramsey;;1957-8-26;Moreauville;LA;United States;;;0
850;21;Leonard;Reilly;;1980-2-4;Kennewick;WA;United States;;;0
851;21;Lawrence;Rhodes;;1956-8-17;Golden Glades;FL;United States;;;0
852;21;Bob;Rasmussen;;1971-9-30;Opp;AL;United States;;;0
853;21;Matt;Saretsky;;1965-4-25;Markham;ON;Canada;;;0
854;21;Jesse;Killough;;1983-11-12;Chicago;IL;United States;;;0
855;21;Alex;Brenton;;1980-10-7;St. Paul;MN;United States;;;0
856;21;Jack;Strype;;1974-6-26;Concord;CA;United States;;;0
857;21;Forest;Snow;;1976-5-15;Lake Los Angeles;CA;United States;;;0
858;21;Garrett;Nisbet;;1957-2-3;St. Paul;MN;United States;;;0
859;21;John;McInroy;;1979-3-17;Phoenix;AZ;United States;;;0
860;22;Anatoliy;Noyok;;1959-11-2;Edmonton;AB;Canada;;;0
861;22;Michael;Craig;;1975-12-17;Mission;BC;Canada;;;0
862;22;Allen;Mark;;1962-1-6;Westminster;MD;United States;;;0
863;22;Donald;Traill;;1976-11-29;Hillsboro;OR;United States;;;0
864;22;Ray;Sayer;;1961-10-4;West Haven;UT;United States;;;0
865;22;Jeremy;Penner;;1982-12-1;Brampton;ON;Canada;;;0
866;22;Tate;Parker;;1956-11-13;Bedford;NS;Canada;;;0
867;22;Lawrence;McCormick;;1968-3-17;Charleston;SC;United States;;;0
868;22;Jonathan;Richardson;;1962-4-11;St. Thomas;ON;Canada;;;0
869;22;Brett;Neufeld;;1955-12-14;Victoria;BC;Canada;;;0
870;23;StÈfano;Gonzalez;;1964-6-10;Eastvale;CA;United States;;;0
871;23;Roderick;Barber;;1957-9-23;Union;NY;United States;;;0
872;23;Kevin;McSporran;;1975-12-28;Memphis;TN;United States;;;0
873;23;Brian;Norris;;1977-6-8;Carlsbad;CA;United States;;;0
874;23;Dan;Milligan;;1982-7-9;Kendale Lakes;FL;United States;;;0
875;23;Luis;Hernandez;;1978-7-21;Fullerton;PA;United States;;;0
876;23;Kevin;Russell;;1967-5-10;Fort Salonga;NY;United States;;;0
877;23;Gregg;Murray;;1963-1-28;Gleneagle;CO;United States;;;0
878;23;Bill;MacIntosh;;1977-10-23;Nampa;ID;United States;;;0
879;23;Shawn;Tebbutt;;1979-5-16;Philadelphia;PA;United States;;;0
880;24;Casey;Greer;;1956-10-5;Danube;NY;United States;;;0
881;24;Duan;Qili;;1963-10-7;Nantong;JIA;China;;;0
882;24;Desi;Henry;;1980-4-2;Hammond;IN;United States;;;0
883;24;Patrick;Barry;;1980-6-24;Winter Haven;FL;United States;;;0
884;24;Paul;Collins;;1965-12-29;Clarinda;IA;United States;;;0
885;24;Brendan;Holdsworth;;1984-10-18;South Kingstown;RI;United States;;;0
886;24;Erik;Morphett;;1968-11-24;Altoona;PA;United States;;;0
887;24;Michael;Carter;;1966-11-16;Dilley;TX;United States;;;0
888;24;Jon;von Hanstein;;1984-9-13;George Mason;VA;United States;;;0
889;24;Steve;Massey;;1970-5-24;Vicksburg;MS;United States;;;0
890;25;Brock;Gutierrez;;1980-5-5;Burlington;ON;Canada;;;0
891;25;Jonah;Brandon;;1979-8-31;Montreal;QC;Canada;;;0
892;25;Trevor;Waters;;1957-12-15;Kansas City;MO;United States;;;0
893;25;Davis;Warrack;;1970-5-4;Shamokin Dam;PA;United States;;;0
894;25;John;Reese;;1955-10-11;Park Hills;KY;United States;;;0
895;25;Hugues;Gauthier;;1977-6-18;Arnprior;ON;Canada;;;0
896;25;Charles-Olivier;Morin;;1981-7-13;Saint-Jean-sur-Richelieu;QC;Canada;;;0
897;25;Rob;St. Quintin;;1963-3-23;Brantford;ON;Canada;;;0
898;25;Sean;Favot;;1984-10-11;Toronto;ON;Canada;;;0
899;25;Dylan;Schmidt;;1976-2-1;Saskatoon;SK;Canada;;;0
900;26;Mark;Taylor;;1970-5-25;Highland Springs;VA;United States;;;0
901;26;James;Saucerman;;1964-8-20;Riverside;CA;United States;;;0
902;26;Bill;Price;;1968-8-22;Beaumont;TX;United States;;;0
903;26;Chris;Walter;;1974-1-9;Manchester;CT;United States;;;0
904;26;J˙lio;Morales;;1981-6-27;Moberly;MO;United States;;;0
905;26;Mike;Tyrer;;1965-11-19;Lansing;MI;United States;;;0
906;26;Ken;Brooks;;1981-5-5;Spokane;WA;United States;;;0
907;26;Ernest;George;;1984-7-11;Pahrump;NV;United States;;;0
908;26;Nick;Stein;;1966-12-27;San Diego;CA;United States;;;0
909;26;Stanton;Hunt;;1978-8-8;Bonny Doon;CA;United States;;;0
910;27;Aubrey;Rostenkowski;;1982-4-19;North Richland Hills;TX;United States;;;0
911;27;Joel;MacKenzie;;1976-1-24;Orlando;FL;United States;;;0
912;27;Kai;Martin;;1956-4-13;Hamilton;ON;Canada;;;0
913;27;Ed;Moll;;1980-3-20;Brooklyn;NY;United States;;;0
914;27;Nate;O'Duigan;;1962-6-23;Detroit;MI;United States;;;0
915;27;William;O'Moore;;1968-4-12;Tolono;IL;United States;;;0
916;27;Will;Kern;;1973-1-28;Elba;NY;United States;;;0
917;27;William;Alexander;;1971-5-14;St. Pauls;NC;United States;;;0
918;27;Steve;Rocha;;1977-1-27;Grapeland;TX;United States;;;0
919;27;Bruce;Duxbury;;1960-6-18;Village of Four Seasons;MO;United States;;;0
920;28;Brendan;Fry;;1967-1-1;Delaware;OH;United States;;;0
921;28;Jack;Markus;;1976-4-13;Tahlequah;OK;United States;;;0
922;28;Ray;William;;1962-7-2;Yonkers;NY;United States;;;0
923;28;Wayne;Gaines;;1979-6-23;Plainfield;CT;United States;;;0
924;28;Fraser;Morse;;1961-6-16;Omaha;NE;United States;;;0
925;28;Michael;Elwell;;1965-1-10;Oakwood;OH;United States;;;0
926;28;Wilton;Drackley;;1979-7-29;Ringwood;NJ;United States;;;0
927;28;Cherokee;Butler;;1961-5-7;San Antonio;TX;United States;;;0
928;28;Wicus;Frank;;1978-6-7;Gainesville;FL;United States;;;0
929;28;John;Payne;;1955-6-11;Phoenix;AZ;United States;;;0
930;29;Chris;Shaw;;1966-10-9;Mission;BC;Canada;;;0
931;29;Garet;Brathwaite;;1965-5-16;Huntsville;ON;Canada;;;0
932;29;Paul;Brake;;1962-9-30;Sonoma;CA;United States;;;0
933;29;Brant;Nemeth;;1975-5-20;Surrey;BC;Canada;;;0
934;29;Joe;Owens;;1963-3-8;Albany;GA;United States;;;0
935;29;Matt;Kamp;;1959-11-11;Winnipeg;MB;Canada;;;0
936;29;Scott;Murdoch;;1977-6-3;Erin;ON;Canada;;;0
937;29;Mark;Putnam;;1971-12-9;Harrison;NJ;United States;;;0
938;29;Nathaniel;Sloan;;1970-9-18;Bolingbrook;IL;United States;;;0
939;29;Perrin;Barlow;;1978-10-16;Vancouver;BC;Canada;;;0
940;30;Tyler;Cahil;;1971-7-12;Marlborough;MA;United States;;;0
941;30;Sylvester;Ellison;;1962-4-8;Haverhill;MA;United States;;;0
942;30;George;Veeck;;1982-3-28;Marshall;NY;United States;;;0
943;30;Mark;Huff;;1961-2-26;San Dimas;CA;United States;;;0
944;30;Bill;Buchman;;1980-2-7;Bay City;MI;United States;;;0
945;30;Spike;Oglethorpe;;1984-12-19;Burnsville;MN;United States;;;0
946;30;Ed;Bambridge;;1974-3-2;Albuquerque;NM;United States;;;0
947;30;Stephen;Rook;;1969-4-3;Augusta;GA;United States;;;0
948;30;Larry;Carey;;1957-8-29;Menomonie;WI;United States;;;0
949;30;Eric;Howard;;1964-10-4;Walnut Grove;WA;United States;;;0
950;31;Mark;Augert;;1971-4-25;Toronto;ON;Canada;;;0
951;31;Brian;Little;;1959-8-4;Indianapolis;IN;United States;;;0
952;31;Ken;McCarty;;1966-9-26;Phoenix;AZ;United States;;;0
953;31;Jackson;King;;1970-10-19;Toronto;ON;Canada;;;0
954;31;David;Stuart;;1970-4-20;Salinas;CA;United States;;;0
955;31;Rob;Arcibal;;1980-12-31;Los Angeles;CA;United States;;;0
956;31;Hunter;Murdock;;1983-2-7;Minneapolis;MN;United States;;;0
957;31;Eugene;Kelly;;1970-11-27;Houston;TX;United States;;;0
958;31;Craig;MacNuyer;;1979-11-9;Ann Arbor;MI;United States;;;0
959;31;Arthur;Megarry;;1965-5-18;Moreno Valley;CA;United States;;;0
960;32;Rob;Barlow;;1976-8-1;Surrey;BC;Canada;;;0
961;32;Bruce;Quesnele;;1962-1-22;Hamilton;ON;Canada;;;0
962;32;Reginald;Turner;;1973-4-21;Rialto;CA;United States;;;0
963;32;Rick;DeVoe;;1982-12-16;Bayard;IA;United States;;;0
964;32;Dave;Newman;;1981-4-19;Kinston;NC;United States;;;0
965;32;MikaÎl;LavallÈe;;1963-6-27;Boucherville;QC;Canada;;;0
966;32;Scott;Donaldson;;1964-6-29;Guelph;ON;Canada;;;0
967;32;Nolan;Chabot;;1983-5-13;Woodstock;ON;Canada;;;0
968;32;Walt;Jamieson;;1977-2-28;Terrebonne;QC;Canada;;;0
969;32;Alex;Beaulieu;;1957-10-21;Saint-Hyacinthe;QC;Canada;;;0
970;33;Scott;Arniel;;1971-10-20;Richmond;BC;Canada;;;0
971;33;Connor;Cattani;;1971-5-20;Edmonton;AB;Canada;;;0
972;33;Cole;Carlton;;1955-12-26;Southport;NY;United States;;;0
973;33;Lawrence;Whitehead;;1955-2-4;Farmingdale;NY;United States;;;0
974;33;Andrew;Dorkin;;1982-2-5;Kings Mountain;NC;United States;;;0
975;33;Jeff;Hermary;;1982-6-13;Thunder Bay;ON;Canada;;;0
976;33;Dylan;Simard;;1972-9-14;Quebec City;QC;Canada;;;0
977;33;Garrett;Genaille;;1973-2-15;Uxbridge;ON;Canada;;;0
978;33;Philippe;Paradis;;1961-4-27;Saguenay;QC;Canada;;;0
979;33;John;Dundas;;1979-11-10;Forestburg;AB;Canada;;;0
980;34;Nathaniel;Elkins;;1973-4-12;Beaufort;SC;United States;;;0
981;34;Dwight;Piazza;;1974-10-17;Naperville;IL;United States;;;0
982;34;Joel;Logan;;1974-8-9;Coshocton;OH;United States;;;0
983;34;Ryan;Elless;;1983-6-14;Toledo;OH;United States;;;0
984;34;Cullen;O'Connor;;1977-4-6;Hanover Park;IL;United States;;;0
985;34;Bob;MacHowell;;1955-12-15;Zion;IL;United States;;;0
986;34;Jeff;Kirkland;;1959-5-18;Loudon;TN;United States;;;0
987;34;Bryan;Kettley;;1973-10-10;Hastings;MN;United States;;;0
988;34;Christopher;West;;1972-6-6;Kennewick;WA;United States;;;0
989;34;Keilan;Waaka;;1970-8-16;Indiana;PA;United States;;;0
990;35;Tyrone;Vipont;;1969-9-17;Uvalde;TX;United States;;;0
991;35;Justin;McPherson;;1972-4-30;Nashville;TN;United States;;;0
992;35;Parker;Lee;;1975-8-23;Milledgeville;GA;United States;;;0
993;35;Todd;Schlosser;;1956-2-3;Banning;CA;United States;;;0
994;35;Bennie;Manning;;1980-2-24;Louisville;KY;United States;;;0
995;35;James;Formosa;;1970-4-9;Houston;TX;United States;;;0
996;35;Phil;Sandoval;;1974-4-4;Toronto;ON;Canada;;;0
997;35;Jorge;Rivera;;1974-1-19;Escondido;CA;United States;;;0
998;35;John;James;;1969-12-13;Hannibal;MO;United States;;;0
999;35;Marshall;Paquette;;1964-8-12;Penfield;NY;United States;;;0
1000;36;Bailey;Pennington;;1960-5-6;Koloa;HI;United States;;;0
1001;36;Norman;Grant;;1978-10-13;Yerington;NV;United States;;;0
1002;36;Jeff;Wolfe;;1956-8-24;Forrest City;AR;United States;;;0
1003;36;John;Huddleston;;1966-2-10;South Cleveland;TN;United States;;;0
1004;36;Nick;Caruso;;1978-2-5;Taunton;MA;United States;;;0
1005;36;Dan;Zarbo;;1958-1-7;Ormond Beach;FL;United States;;;0
1006;36;Rich;Chennells;;1981-8-18;Modesto;CA;United States;;;0
1007;36;Curtis;Myers;;1975-9-19;Strongsville;OH;United States;;;0
1008;36;Steve;Dignard;;1957-9-26;Detroit;MI;United States;;;0
1009;36;Steve;Ruel;;1975-10-20;Geneva;AL;United States;;;0
1010;37;Alexis;O'Flaherty;;1965-3-27;Columbus;OH;United States;;;0
1011;37;Stefan;Dufort;;1968-10-5;Montreal;QC;Canada;;;0
1012;37;Ralph;Dongara;;1984-5-16;Easton;ME;United States;;;0
1013;37;Earl;May;;1972-6-1;Fountain Hills;AZ;United States;;;0
1014;37;Andy;Milligan;;1958-2-3;Pirtleville;AZ;United States;;;0
1015;37;Jason;Smith;;1977-12-1;Ajax;ON;Canada;;;0
1016;37;Brian;Hickmott;;1970-6-10;Los Angeles;CA;United States;;;0
1017;37;Justin;Chevrier;;1960-1-26;Calgary;AB;Canada;;;0
1018;37;Leon;McGrew;;1984-5-26;Honolulu;HI;United States;;;0
1019;37;Francis;Deruelle;;1968-2-18;Montreal;QC;Canada;;;0
1020;38;Fred;Roe;;1977-7-7;Warren;MI;United States;;;0
1021;38;Ed;Johnson;;1958-2-8;Belgrade;MT;United States;;;0
1022;38;Tyler;MacEnroe;;1957-3-3;Belleville;NJ;United States;;;0
1023;38;Paul;Perreault;;1970-3-21;Saguenay;QC;Canada;;;0
1024;38;Jean-Philippe;Tremblay;;1966-10-17;Montreal;QC;Canada;;;0
1025;38;Joe;Harrold;;1969-9-7;Mesa;AZ;United States;;;0
1026;38;Keawe;Akiliano;;1964-9-22;Kapolei;HI;United States;;;0
1027;38;Andrew;Froggatt;;1970-11-30;Philadelphia;PA;United States;;;0
1028;38;Roy;Heyrick;;1959-6-20;San Diego;CA;United States;;;0
1029;38;Ken;Melsome;;1968-4-10;Killeen;TX;United States;;;0
1030;39;Jeff;Miner;;1964-8-27;Bedford;NH;United States;;;0
1031;39;Alan;Webster;;1971-2-13;Chico;CA;United States;;;0
1032;39;Steve;Moore;;1968-8-7;Columbus;OH;United States;;;0
1033;39;Robert;Lamb;;1975-4-1;Columbus;NJ;United States;;;0
1034;39;Dale;Gatacre;;1965-1-19;Durham;NC;United States;;;0
1035;39;Brian;Brodzinski;;1982-4-1;Dallas;TX;United States;;;0
1036;39;Wayne;St. Leger;;1984-1-5;Mobile;AL;United States;;;0
1037;39;Bernardo;Ramirez;;1974-2-26;San Francisco;CA;United States;;;0
1038;39;Artie;Dieter;;1975-2-9;Grand Prairie;TX;United States;;;0
1039;39;Ed;Payne;;1964-2-15;Oildale;CA;United States;;;0
1040;-1;Todd;Ross;;1982-11-20;Merrimack;NH;United States;;;0
1041;-1;David;Parker;;1965-12-1;Chicago;IL;United States;;;0
1042;-1;Josh;McJames;;1960-11-13;West Puente Valley;CA;United States;;;0
1043;-1;Keith;Brunson;;1976-4-19;Maywood;IL;United States;;;0
1044;-1;Nicholas;Witt;;1974-6-6;Miami Shores;FL;United States;;;0
1045;-1;Ezra;Labbe;;1955-12-18;Thornhill;ON;Canada;;;0
1046;-1;Pongkeat;Koedpudsa;;1964-6-28;Chaiprakarn;CHI;Thailand;;;0
1047;-1;Danny;Sislo;;1974-8-13;Dinwiddie;VA;United States;;;0
1048;-1;Joey;Hughes;;1983-6-24;Laredo;TX;United States;;;0
1049;-1;Mitchell;Kunkel;;1969-9-14;Richmond;VA;United States;;;0
1050;-1;Philippe;Blain;;1983-3-21;Ottawa;ON;Canada;;;0
1051;-1;Francis;Robert;;1984-2-18;Repentigny;QC;Canada;;;0
1052;-1;Jeff;Bhatia;;1971-9-26;Ottawa;ON;Canada;;;0
1053;-1;Larry;Fegan;;1982-4-1;Chicago Ridge;IL;United States;;;0
1054;-1;Terry;Finlay;;1962-8-23;Woodridge;IL;United States;;;0
1055;-1;Nelson;Dumoulin;;1973-1-3;Santa Ana;CA;United States;;;0
1056;-1;Riley;Conrad;;1964-9-6;Brampton;ON;Canada;;;0
1057;-1;Don;Smithey;;1981-12-16;Gulf Stream;FL;United States;;;0
1058;-1;Mike;Maddy;;1970-9-20;Norco;CA;United States;;;0
1059;-1;Alfie;Ma;;1959-1-3;Xian;SHA;China;;;0
1060;-1;Barney;Peters;;1981-6-8;Philadelphia;PA;United States;;;0
1061;-1;Gordon;Birkenshaw;;1975-1-5;Marion;OH;United States;;;0
1062;-1;Pedro;BarrÛn;;1963-6-13;Newburgh;NY;United States;;;0
1063;-1;Matt;Blackwell;;1967-2-4;Detroit;MI;United States;;;0
1064;-1;Eric;Stevens;;1971-4-4;San Gabriel;CA;United States;;;0
1065;-1;Wally;Tynan;;1956-12-20;Harwich;MA;United States;;;0
1066;-1;Corey;Wilhelms;;1959-6-21;Peachtree Corners;GA;United States;;;0
1067;-1;Terry;Eddings;;1983-10-8;New Bedford;MA;United States;;;0
1068;-1;David;Sinnocks;;1981-8-13;Elyria;OH;United States;;;0
1069;-1;Sam;Howell;;1977-12-31;Andover;MA;United States;;;0
1070;-1;Zach;Fung;;1984-9-4;Thunder Bay;ON;Canada;;;0
1071;-1;Craig;Howard;;1959-2-27;Medway;MA;United States;;;0
1072;-1;Lloyd;Shearin;;1979-7-28;Virginia Beach;VA;United States;;;0
1073;-1;Greg;Nykoluk;;1966-10-4;Surrey;BC;Canada;;;0
1074;-1;Clarence;Hooke;;1969-3-31;Davis;CA;United States;;;0
1075;-1;Garrett;Ambrose;;1967-5-11;Ajax;ON;Canada;;;0
1076;-1;Bob;Todd;;1984-2-15;Leesburg;VA;United States;;;0
1077;-1;Mike;Beveridge;;1975-4-1;Winnipeg;MB;Canada;;;0
1078;-1;Jake;Langin;;1979-9-27;Mississauga;ON;Canada;;;0
1079;-1;Sergey;Safronov;;1979-8-26;Rybinsk;YAR;Russia;;;0
1080;-1;Tim;Ammons;;1982-4-8;Spring Valley;NV;United States;;;0
1081;-1;Erik;Downing;;1979-6-14;West Melbourne;FL;United States;;;0
1082;-1;Gordon;Herndon;;1958-6-2;Northridge (Montgomery County);OH;United States;;;0
1083;-1;Boyd;Holtzhouser;;1981-7-16;Gonzales;TX;United States;;;0
1084;-1;Matt;Whitmore;;1977-2-13;Saanich;BC;Canada;;;0
1085;-1;Mark;Darracott;;1976-11-11;Bensalem;PA;United States;;;0
1086;-1;Dave;Henderson;;1977-4-27;Jerome;ID;United States;;;0
1087;-1;Leon;Youmans;;1960-8-22;Bryan;TX;United States;;;0
1088;-1;Dave;Murphy;;1958-2-8;Riverside;CA;United States;;;0
1089;-1;Lou;Vaughn;;1962-7-26;Duncan;OK;United States;;;0
1090;-1;Yann;MÈnard;;1961-10-13;Port Hope;ON;Canada;;;0
1091;-1;Conrad;Zambon;;1955-3-22;Chatham-Kent;ON;Canada;;;1
1092;-1;John;Cassidy;;1971-5-1;Cicero;IL;United States;;;0
1093;-1;Victor;Hayhurst;;1978-12-27;Tecumseh;MI;United States;;;0
1094;-1;David;Chipchura;;1963-4-28;Kitchener;ON;Canada;;;0
1095;-1;Cole;Merkowsky;;1983-2-28;Toronto;ON;Canada;;;0
1096;-1;Aleksandr;Panchenkov;;1955-10-13;Khabarovsk;KHA;Russia;;;0
1097;-1;Alan;Stenehjem;;1961-3-12;Layton;UT;United States;;;0
1098;-1;Clyde;Weaver;;1981-5-17;Florissant;MO;United States;;;0
1099;-1;Jay;Mahon;;1963-12-11;Southborough;MA;United States;;;0
1100;-1;Jordan;Beleskey;;1982-11-22;Burlington;ON;Canada;;;0
1101;-1;Steve;Prince;;1978-5-11;Seaside;CA;United States;;;0
1102;388;Mark;Bollig;;1971-9-10;Sacramento;CA;United States;;;0
1103;-1;Jacob;Warren;;1958-1-29;Northport;NY;United States;;;0
1104;-1;Bill;Moran;;1978-7-26;Baltimore;MD;United States;;;0
1105;-1;Fernando;Collazo;;1971-10-8;Brookfield;WI;United States;;;0
1106;-1;Sawa;Lisik;;1981-2-17;Walbrzych;DOL;Poland;;;0
1107;-1;Reinhold;Pircher;;1962-8-2;San Vito al Tagliamento;FRI;Italy;;;0
1108;-1;Dave;Hunt;;1979-1-13;Chicago Heights;IL;United States;;;0
1109;-1;MartÌn;CÛrdova;;1980-10-9;Lovelock;NV;United States;;;0
1110;-1;Ken;Bryant;;1972-2-28;Palm Beach Gardens;FL;United States;;;0
1111;-1;Barrett;Wade;;1968-12-20;Arlington;MA;United States;;;0
1112;-1;Jeremy;Corey;;1965-1-4;Pacolet;SC;United States;;;0
1113;-1;Derek;Nelson;;1979-3-31;Irving;TX;United States;;;0
1114;-1;Dmitry;Musiyev;;1960-4-1;Pervouralsk;SVE;Russia;;;0
1115;-1;Adam;Sweatman;;1974-4-14;Middletown;OH;United States;;;0
1116;-1;Jon;Russell;;1971-6-26;Surrey;BC;Canada;;;0
1117;-1;Jeff;Hawkins;;1962-5-22;Chicago;IL;United States;;;0
1118;-1;Ernest;Taylor;;1975-7-15;Henrietta;NY;United States;;;0
1119;-1;Martin;Beardsley;;1981-9-27;Carrollwood;FL;United States;;;0
1120;-1;Cameron;Poilievre;;1957-4-16;Cornwall;ON;Canada;;;0
1121;-1;Del;Cadwallader;;1955-11-24;Fairfield Township;OH;United States;;;0
1122;-1;Peter;Douglas;;1964-11-5;Holly Hill;FL;United States;;;0
1123;-1;Edward;Lyons;;1968-1-15;St. Stephens;NC;United States;;;0
1124;-1;Dave;MacHeth;;1974-8-18;Woodbury;NJ;United States;;;0
1125;-1;Marcos;Barbosa;;1971-11-20;Vallejo;CA;United States;;;0
1126;-1;Ralph;West;;1962-4-12;Calumet Park;IL;United States;;;0
1127;-1;Ryan;Wycisk;;1960-2-22;Sackville;NS;Canada;;;0
1128;-1;Howard;Funnell;;1982-5-28;Southfield;MI;United States;;;0
1129;-1;Robert;Morrisey;;1957-8-27;Albuquerque;NM;United States;;;0
1130;-1;Cody;Kohlert;;1975-5-12;Brampton;ON;Canada;;;0
1131;-1;Chris;Gray;;1973-10-20;Los Angeles;CA;United States;;;0
1132;-1;Jon;McKnight;;1959-3-23;Greenwood;IN;United States;;;0
1133;-1;Ed;Dates;;1970-4-18;South Bend;IN;United States;;;0
1134;-1;John;Schuessler;;1963-5-19;Augusta;GA;United States;;;0
1135;-1;Jeff;McLaughlin;;1969-9-7;Tucson;AZ;United States;;;0
1136;-1;Ronald;Rhodes;;1959-4-15;Kansas City;KS;United States;;;0
1137;-1;Gene;Rogers;;1983-5-2;Urbana;IL;United States;;;0
1138;-1;Brian;Granier;;1972-12-18;Cuero;TX;United States;;;0
1139;-1;Bill;Outlaw;;1963-3-6;South Hill;WA;United States;;;0
1140;-1;Mathis;Labrecque;;1955-7-29;Quebec City;QC;Canada;;;0
1141;-1;Henry;Peck;;1971-4-8;Red Oak;TX;United States;;;0
1142;-1;Kyle;Brandt;;1970-10-17;Toronto;ON;Canada;;;0
1143;-1;Konrad;Seigmiller;;1967-4-21;Oakville;ON;Canada;;;0
1144;-1;Holden;Lyall;;1962-1-6;Dollar Point;CA;United States;;;0
1145;-1;Stanley;Rugg;;1969-5-6;Manalapan;NJ;United States;;;0
1146;-1;He;Ziqui;;1965-10-29;Ningbo;ZHE;China;;;0
1147;-1;Ken;Ewald;;1962-3-26;Philadelphia;PA;United States;;;0
1148;-1;Austin;Miller;;1962-12-18;Calgary;AB;Canada;;;0
1149;-1;Pete;Donovan;;1967-10-15;Largo;FL;United States;;;0
1150;-1;Chris;Ellison;;1974-4-28;South Sioux City;NE;United States;;;0
1151;-1;Shaun;McKnight;;1960-9-27;Calgary;AB;Canada;;;0
1152;-1;Mike;Kelley;;1973-2-16;Talladega;AL;United States;;;0
1153;-1;Steve;Scaggs;;1980-8-2;Windsor;CA;United States;;;0
1154;-1;Gary;Verbeek;;1970-7-28;Virginia Beach;VA;United States;;;0
1155;-1;David;Bridgers;;1960-12-11;Scottsdale;AZ;United States;;;0
1156;-1;Austin;Fortune;;1977-9-10;Williams Lake;BC;Canada;;;0
1157;-1;Marvin;Warda;;1957-3-27;Knoxville;TN;United States;;;0
1158;-1;Dan;MacGeachin;;1984-7-1;Anaheim;CA;United States;;;0
1159;-1;Adam;Etheridge;;1957-6-19;Travis Ranch;TX;United States;;;0
1160;-1;Mark;Stewart;;1977-12-2;Toronto;ON;Canada;;;0
1161;-1;Dave;Boe;;1974-10-3;Elmhurst;IL;United States;;;0
1162;-1;Sidney;MacTear;;1980-5-21;Mounds;IL;United States;;;0
1163;-1;Emory;Hunt;;1961-6-27;Independence;MO;United States;;;0
1164;-1;Aleksey;Ramsin;;1981-5-14;Angarsk;IRK;Russia;;;0
1165;-1;Kelly;Greenhaw;;1976-9-13;Rochester;NY;United States;;;0
1166;-1;Lou;Gibson;;1971-10-11;Sterling Heights;MI;United States;;;0
1167;-1;William;Longworth;;1971-3-28;St. Marys;GA;United States;;;0
1168;-1;Chris;Blunden;;1967-2-17;Toronto;ON;Canada;;;0
1169;-1;Vaughan;Collier;;1980-5-15;Burbank;CA;United States;;;0
1170;-1;Sean;Warren;;1977-1-6;Pine Bluff;AR;United States;;;0
1171;-1;Ivan;Antonelli;;1983-10-13;Sudbury;ON;Canada;;;0
1172;-1;Mike;Wallace;;1975-5-18;Manchester;NH;United States;;;0
1173;-1;Vladimir;Faleychik;;1984-7-12;Kotlas;ARK;Russia;;;0
1174;-1;Mitch;Fonseca;;1963-5-27;St. John's;NL;Canada;;;0
1175;-1;Colin;Casola;;1969-4-6;Winnipeg;MB;Canada;;;0
1176;-1;Brad;Gulledge;;1957-7-24;New York;NY;United States;;;0
1177;-1;Kevin;Conklin;;1962-7-31;Blythe;CA;United States;;;0
1178;-1;Taylor;Clouston;;1961-3-11;Simcoe;ON;Canada;;;0
1179;-1;John;Meadows;;1957-8-22;Highland Lakes;AL;United States;;;0
1180;-1;Ryan;Meyer;;1983-11-2;Highland;IL;United States;;;0
1181;-1;Nick;Rousseau;;1955-3-28;San Diego;CA;United States;;;1
1182;-1;Gabriele;Archetti;;1956-12-28;Elliot Lake;ON;Canada;;;0
1183;-1;John;Gross;;1981-12-1;Nacogdoches;TX;United States;;;0
1184;-1;Matt;McIntosh;;1964-1-28;Derby;KS;United States;;;0
1185;-1;Bryce;Randall;;1968-6-6;Chittenango;NY;United States;;;0
1186;-1;Darwin;Cash;;1971-4-10;Diamond Springs;CA;United States;;;0
1187;-1;Roy;Murphy;;1974-7-4;Lodi;CA;United States;;;0
1188;-1;Marc-Antoine;Labrecque;;1965-9-14;Gatineau;QC;Canada;;;0
1189;-1;Charles;Mason;;1962-10-16;New York;NY;United States;;;0
1190;-1;Jessy;Pigeon;;1978-11-28;Laval;QC;Canada;;;0
1191;-1;Jes˙s;MuÒÛz;;1965-3-27;Aberdeen;MS;United States;;;0
1192;-1;Chad;Badger;;1980-6-21;Quinte West;ON;Canada;;;0
1193;-1;George;Barnard;;1961-9-17;Toronto;ON;Canada;;;0
1194;-1;Joe;Gravenor;;1967-2-4;Garland;TX;United States;;;0
1195;-1;Lewis;Jenniff;;1955-5-3;Middleton;ID;United States;;;1
1196;-1;Woody;Milner;;1974-6-12;Ashburn;VA;United States;;;0
1197;-1;Lou;O'Duana;;1962-10-7;Ridgway;PA;United States;;;0
1198;-1;Adrian;Loughran;;1981-1-21;West Clarkston-Highland;WA;United States;;;0
1199;-1;Chris;Huxtable;;1981-4-9;Phoenix;AZ;United States;;;0
1200;-1;Hiroyuki;Komeda;;1972-8-11;Suzuka;MIE;Japan;;;0
1201;-1;Allen;Cleveland;;1976-4-22;Glen Dale;WV;United States;;;0
1202;-1;Matt;Smithers;;1967-4-26;Jacksonville;FL;United States;;;0
1203;-1;Tom;Rush;;1959-11-27;Albany;OR;United States;;;0
1204;-1;Max;Larcombe;;1975-6-18;Appleton;WI;United States;;;0
1205;-1;Rob;Lewis;;1975-2-13;Pittsburg;KS;United States;;;0
1206;-1;Cory;Poole;;1957-4-21;Madelia;MN;United States;;;0
1207;-1;Patrick;Scharf;;1979-4-4;Altenberge;NOR;Germany;;;0
1208;-1;Steve;St. James;;1982-12-18;Las Vegas;NV;United States;;;0
1209;-1;Charlie;Humphrey;;1969-3-29;Beebe;AR;United States;;;0
1210;-1;Gunnar;Hamlin;;1983-2-7;Daly City;CA;United States;;;0
1211;-1;Bob;Peake;;1957-1-3;Pekin;IL;United States;;;0
1212;-1;Wayne;Clay;;1973-3-10;Perryton;TX;United States;;;0
1213;-1;Ken;Orndorff;;1984-9-11;Kensington;MD;United States;;;0
1214;-1;Brock;Rothnie;;1963-7-14;Mississauga;ON;Canada;;;0
1215;-1;Mike;Guss;;1967-9-4;Trenton;NJ;United States;;;0
1216;-1;Lawrence;Gillespie;;1966-7-19;Calvert City;KY;United States;;;0
1217;-1;Adam;McCormick;;1961-1-15;Huntsville;AL;United States;;;0
1218;-1;Dmitry;Vreden;;1984-1-7;Mingrelskaya;KRA;Russia;;;0
1219;-1;Ed;Dingle;;1957-4-24;Miami;FL;United States;;;0
1220;-1;Harry;O'Hamill;;1969-8-27;Vestavia Hills;AL;United States;;;0
1221;-1;Richard;Lee;;1984-11-23;Tok;AK;United States;;;0
1222;-1;MichaÎl;Bastien;;1965-11-26;Montreal;QC;Canada;;;0
1223;-1;William;Dunaway;;1962-9-26;Hybla Valley;VA;United States;;;0
1224;-1;Joseph;Gilson;;1982-2-28;Huron;SD;United States;;;0
1225;-1;Joe;Ware;;1970-2-21;Chicago;IL;United States;;;0
1226;-1;Vicente;Quintero;;1967-5-31;Mount Gilead;NC;United States;;;0
1227;-1;Ryan;Uminski;;1980-1-26;Norfolk County;ON;Canada;;;0
1228;-1;Nathan;Raff;;1973-2-3;Moncton;NB;Canada;;;0
1229;-1;Jeff;Pledger;;1962-6-13;Glenwood Springs;CO;United States;;;0
1230;-1;Ernest;Peay;;1976-12-9;Union;NY;United States;;;0
1231;-1;Thomas;Landowski;;1970-2-23;Santa Maria;CA;United States;;;0
1232;-1;Jacob;Hardwick;;1962-1-25;College Place;WA;United States;;;0
1233;-1;Jean-Maxime;Leblanc;;1956-5-21;Longueuil;QC;Canada;;;0
1234;-1;Jason;James;;1955-6-5;Houston;TX;United States;;;1
1235;-1;Mark;Mueller;;1971-1-31;Boston;MA;United States;;;0
1236;-1;Trevor;Hamel;;1967-9-5;Strathmore;AB;Canada;;;0
1237;-1;Justin;Scaber;;1980-11-26;Delta;BC;Canada;;;0
1238;-1;Nick;Spurrell;;1974-1-4;Providence;RI;United States;;;0
1239;-1;Jeffery;Beadle;;1982-11-4;Miami;FL;United States;;;0
1240;-1;Jake;Sickinski;;1962-2-10;Souris;MB;Canada;;;0
1241;-1;Curt;Daniel;;1967-4-7;Huffman;TX;United States;;;0
1242;-1;George;Cogan;;1966-2-10;Casas Adobes;AZ;United States;;;0
1243;-1;Peter;Hubbard;;1966-4-27;Hopewell;VA;United States;;;0
1244;-1;Cedric;Fitzhardinge;;1977-1-20;Jupiter;FL;United States;;;0
1245;-1;Edgar;Schubert;;1958-4-29;Holiday;FL;United States;;;0
1246;-1;Danny;Melton;;1978-5-4;Augusta;GA;United States;;;0
1247;-1;Ty;Mason;;1957-10-2;Springfield;MO;United States;;;0
1248;-1;Andy;Combs;;1982-3-6;Honolulu;HI;United States;;;0
1249;-1;Louis-FÈlix;VÈzina;;1963-8-7;Lavaltrie;QC;Canada;;;0
1250;-1;Mathieu;Renaud;;1964-11-24;Val-d'Or;QC;Canada;;;0
1251;-1;Pancho;De La Cruz;;1968-4-21;La Mirada;CA;United States;;;0
1252;-1;Bobby;Rowe;;1976-6-1;Thomaston;ME;United States;;;0
1253;-1;Michael;Van Roessel;;1956-11-25;Langford;BC;Canada;;;0
1254;-1;Donald;Adair;;1980-5-2;Montague;MA;United States;;;0
1255;-1;Terry;Rice;;1958-3-10;Oildale;CA;United States;;;0
1256;-1;Gilbert;Gustafson;;1974-2-8;Santaquin;UT;United States;;;0
1257;-1;Jack;O'Donley;;1973-2-14;Fox Farm-College;WY;United States;;;0
1258;-1;Hamilton;Palmer;;1963-3-5;League City;TX;United States;;;0
1259;-1;Louis;McCarver;;1961-5-17;Johns Creek;GA;United States;;;0
1260;-1;Rafael;Rios;;1965-3-31;West Hempstead;NY;United States;;;0
1261;-1;Peter;Strickland;;1967-5-13;Highlands Ranch;CO;United States;;;0
1262;-1;Bob;Ellis;;1972-8-5;Santa Clara;CA;United States;;;0
1263;-1;Adam;Melnuk;;1973-12-29;East Hants;NS;Canada;;;0
1264;-1;Ted;Bridgman;;1967-12-4;East Milton;FL;United States;;;0
1265;-1;John;Reider;;1969-5-25;Hazlet;NJ;United States;;;0
1266;-1;John;Lawson;;1971-9-2;Wyckoff;NJ;United States;;;0
1267;-1;Dan;Lawrence;;1962-1-23;Frederick;CO;United States;;;0
1268;-1;Eric;Dye;;1968-11-16;Troy;AL;United States;;;0
1269;-1;Justin;Bush;;1960-4-5;Salem;NH;United States;;;0
1270;-1;Jackson;Green;;1971-5-29;Benton Heights;MI;United States;;;0
1271;-1;Namboku;Takenaka;;1960-12-21;Osaka;OSA;Japan;;;0
1272;-1;Robert;Schleicher;;1975-1-3;Monahans;TX;United States;;;0
1273;-1;Matt;Smith;;1976-12-25;Yorketown;NJ;United States;;;0
1274;-1;Mike;Skolnik;;1978-2-20;Louisville;KY;United States;;;0
1275;-1;Jason;Desrochers;;1969-3-12;Oakville;ON;Canada;;;0
1276;-1;Will;Morris;;1965-7-11;Harrison;AR;United States;;;0
1277;-1;Stefan;McKenna;;1959-9-24;West Concord;MA;United States;;;0
1278;-1;George;Landry;;1958-12-28;Elko;GA;United States;;;0
1279;-1;Mark;Silvey;;1961-11-9;Roseville;MN;United States;;;0
1280;-1;Russ;Simms;;1967-1-26;Fort Worth;TX;United States;;;0
1281;-1;Chris;Younger;;1974-5-25;New York;NY;United States;;;0
1282;-1;Tim;Coward;;1974-10-20;West Palm Beach;FL;United States;;;0
1283;-1;Michael;Halley;;1969-1-25;Mississauga;ON;Canada;;;0
1284;-1;Curtis;Deese;;1965-4-2;Radnor Township;PA;United States;;;0
1285;-1;Tim;Ames;;1971-11-30;Altamonte Springs;FL;United States;;;0
1286;-1;Hiroshige;Ootake;;1962-12-9;Tateyama;TOY;Japan;;;0
1287;-1;Marc;Bligh;;1965-8-14;Santa Rosa;CA;United States;;;0
1288;-1;Steve;Powers;;1984-4-26;Killingly;CT;United States;;;0
1289;-1;Guillaume;Fortier;;1975-6-18;Caraquet;NB;Canada;;;0
1290;-1;Esteban;Estrada;;1970-11-20;Stockton;CA;United States;;;0
1291;-1;Donald;Prine;;1970-7-31;Louisville;KY;United States;;;0
1292;-1;Tyrone;Tyson;;1959-4-19;Hamilton;OH;United States;;;0
1293;-1;Paul;Stamler;;1967-1-27;Vaughan;ON;Canada;;;0
1294;-1;Rob;Beck;;1962-1-10;Lake Havasu City;AZ;United States;;;0
1295;-1;Cameron;Warnaar;;1972-12-15;Winnipeg;MB;Canada;;;0
1296;-1;Matt;Bates;;1965-12-31;New York;NY;United States;;;0
1297;-1;Jeffery;O'Keefe;;1959-1-30;Trotwood;OH;United States;;;0
1298;-1;Ed;Martin;;1978-7-27;Oakland;CA;United States;;;0
1299;-1;Edwin;Ward;;1983-4-16;Arbutus;MD;United States;;;0
1300;-1;Jerry;Foster;;1976-4-15;Baltimore;MD;United States;;;0
1301;-1;Chris;Dupree;;1974-9-6;Oak Grove;MO;United States;;;0
1302;-1;Francis;Pike;;1956-12-2;Sioux City;IA;United States;;;0
1303;-1;Dan;Boyce;;1969-9-8;South Salt Lake;UT;United States;;;0
1304;-1;Jim;Matczak;;1961-11-10;Gastonia;NC;United States;;;0
1305;-1;Don;Howie;;1983-6-11;Arcadia;NY;United States;;;0
1306;-1;Terry;Schmitt;;1966-7-10;Welch;WV;United States;;;0
1307;-1;Yevgeny;Alabin;;1981-10-18;Rubtsovsk;ALT;Russia;;;0
1308;-1;Robert;Blaine;;1980-8-25;Rohnert Park;CA;United States;;;0
1309;-1;Ryan;Saunders;;1970-12-19;Killeen;TX;United States;;;0
1310;-1;Ernie;Holford;;1955-1-22;Troy;OH;United States;;;1
1311;-1;Andrew;Shockey;;1976-10-27;Winnipeg;MB;Canada;;;0
1312;-1;Charlie;Curry;;1975-6-4;Ormond Beach;FL;United States;;;0
1313;-1;Martin;McMillan;;1965-1-25;Washington;DC;United States;;;0
1314;-1;Joseph;Christian;;1961-11-3;Boardman;OR;United States;;;0
1315;-1;Brock;McIllwraith;;1966-11-21;Cambridge;ON;Canada;;;0
1316;-1;Steve;Dixon;;1981-9-20;Roswell;GA;United States;;;0
1317;-1;Tom;Gourley;;1958-8-21;Chandler;AZ;United States;;;0
1318;-1;Simon;Tanguay;;1955-11-20;Sherbrooke;QC;Canada;;;0
1319;-1;Allan;Schmidt;;1961-8-9;Hinckley;IL;United States;;;0
1320;-1;Chris;O'Finn;;1977-2-21;Lansdale;PA;United States;;;0
1321;-1;RubÈn;Lacend;;1969-5-1;Culver City;CA;United States;;;0
1322;-1;Jorge;Salazar;;1964-10-16;Hemet;CA;United States;;;0
1323;-1;Steve;Stone;;1971-10-30;Carney;MD;United States;;;0
1324;-1;Joey;O'Neil;;1956-6-28;Lansdowne;PA;United States;;;0
1325;-1;Brent;McCurdy;;1977-8-21;Moenkopi;AZ;United States;;;0
1326;-1;Dan;Bingham;;1967-3-1;Carrboro;NC;United States;;;0
1327;-1;Salvador;Guevara;;1981-6-11;Denton;TX;United States;;;0
1328;-1;Kevin;BÈdard;;1965-4-14;Montreal;QC;Canada;;;0
1329;-1;Robert;Hazlett;;1972-10-26;Chicago;IL;United States;;;0
1330;-1;Todd;Hoogeboom;;1966-11-4;Providence;RI;United States;;;0
1331;-1;Quentin;Adam;;1971-1-29;Belton;TX;United States;;;0
1332;-1;Lucas;Prosofsky;;1980-7-6;Regina;SK;Canada;;;0
1333;-1;Ron;Underhay;;1978-3-8;Baltimore;MD;United States;;;0
1334;-1;Neil;Francis;;1974-3-30;Oxford;OH;United States;;;0
1335;-1;Evan;Antal;;1955-7-31;Richmond Hill;ON;Canada;;;0
1336;-1;RamÛn;Torres;;1981-9-20;Brooklyn;NY;United States;;;0
1337;-1;Craig;Stanley;;1955-10-29;Abilene;TX;United States;;;0
1338;-1;Bill;Rowell;;1977-10-12;Hunter;NY;United States;;;0
1339;-1;Phil;Finessy;;1955-2-8;Fairdale;PA;United States;;;1
1340;-1;Chance;LaFlamme;;1980-5-27;Cambridge;MA;United States;;;0
1341;-1;Steve;Lee;;1966-11-4;Gainesville;FL;United States;;;0
1342;-1;Dave;Gross;;1967-11-8;Orangetown;NY;United States;;;0
1343;-1;Artie;Crompton;;1980-9-19;Redmond;WA;United States;;;0
1344;-1;Chad;Dilworth;;1962-10-15;Saskatoon;SK;Canada;;;0
1345;-1;Zheng;Rongze;;1961-4-9;Wuhan;HUB;China;;;0
1346;-1;Emory;Corban;;1955-3-31;Oak Harbor;WA;United States;;;1
1347;-1;Danick;Lussier;;1982-7-28;Montreal;QC;Canada;;;0
1348;-1;Phil;McGinnis;;1955-5-25;Castlewood;CO;United States;;;1
1349;-1;Brett;Goulbourne;;1975-2-28;Burlington;ON;Canada;;;0
1350;-1;Todd;Pearson;;1962-10-4;North Riverside;IL;United States;;;0
1351;-1;Rudolph;Vogel;;1974-3-20;Horb;BAD;Germany;;;0
1352;-1;Sherwood;Fisher;;1981-1-19;San Bernardino;CA;United States;;;0
1353;-1;Ben;Schnider;;1963-5-6;Houston;TX;United States;;;0
1354;-1;Brian;Edginton;;1962-3-2;Morgan Hill;CA;United States;;;0
1355;-1;Bob;Saucier;;1957-4-2;Two Rivers;WI;United States;;;0
1356;-1;Richard;Thurman;;1982-2-25;Trussville;AL;United States;;;0
1357;-1;Terry;Rigatti;;1982-4-20;Woodbridge;CT;United States;;;0
1358;-1;Michael;Van Ness;;1964-8-18;Toronto;ON;Canada;;;0
1359;-1;Dale;Miles;;1963-11-17;Riddle;OR;United States;;;0
1360;40;Francis;Harrod;;1982-2-12;Raleigh;NC;United States;;;0
1361;40;Richie;Farris;;1961-7-22;Porcupine;ON;Canada;;;0
1362;40;Steve;Lutz;;1955-3-1;Falconer;NY;United States;;;0
1363;40;Joseph;Arnt;;1982-9-3;Woonsocket;RI;United States;;;0
1364;40;Mike;Kasper;;1955-4-4;Upper Moreland Township;PA;United States;;;0
1365;40;Logan;Seward;;1969-4-17;Tacoma;WA;United States;;;0
1366;40;Nathan;Goddard;;1978-1-12;Pickering;ON;Canada;;;0
1367;40;Bart;Sharpe;;1965-3-13;Brampton;ON;Canada;;;0
1368;40;Dustin;Beaton;;1969-2-15;Hamilton;ON;Canada;;;0
1369;40;Spencer;Spencer;;1965-8-3;Los Angeles;CA;United States;;;0
1370;41;Ronald;Whitebread;;1961-4-22;Immokalee;FL;United States;;;0
1371;41;Lester;Carey;;1959-4-1;Geneva;AL;United States;;;0
1372;41;Nolan;Hobbins;;1980-3-1;Burnaby;BC;Canada;;;0
1373;41;Lyle;Hubbard;;1972-5-16;Colorado Springs;CO;United States;;;0
1374;41;Teddy;Largent;;1975-3-10;Manchester;CT;United States;;;0
1375;41;Ben;Cansler;;1965-10-31;Crossville;TN;United States;;;0
1376;41;Cameron;Sommervill;;1960-2-9;Salinas;CA;United States;;;0
1377;41;Anthony;MacGrime;;1962-1-23;San Jose;CA;United States;;;0
1378;41;Elroy;Simmons;;1980-1-21;Arlington;TX;United States;;;0
1379;41;Ronald;Killough;;1979-10-1;Springfield;OH;United States;;;0
1380;42;Jake;Dobson;;1983-11-27;Modesto;CA;United States;;;0
1381;42;Paul;Frank;;1967-6-2;The Crossings;FL;United States;;;0
1382;42;James;Love;;1976-11-17;El Paso;TX;United States;;;0
1383;42;Dennis;Dunn;;1984-4-1;Ridgeway;NY;United States;;;0
1384;42;Brent;Frieday;;1970-6-4;Hamilton;ON;Canada;;;0
1385;42;Justin;McRobbie;;1959-6-14;Sells;AZ;United States;;;0
1386;42;Tom;Philipson;;1975-10-3;Washington;DC;United States;;;0
1387;42;Scott;Ferguson;;1970-9-22;South Brunswick;NJ;United States;;;0
1388;42;Jason;Tucker;;1978-12-8;Pocasset;MA;United States;;;0
1389;42;Chris;Coleman;;1981-1-17;San Diego;CA;United States;;;0
1390;43;Jimmy;Terry;;1962-8-17;Fairland;MD;United States;;;0
1391;43;Lu;Liqun;;1980-10-28;Haikou;HAI;China;;;0
1392;43;Dillon;Marlow;;1977-4-28;Thames Centre;ON;Canada;;;0
1393;43;Glenn;Love;;1962-3-6;Wadsworth;OH;United States;;;0
1394;43;Brian;Klein;;1963-12-15;Mayfield Heights;OH;United States;;;0
1395;43;Alexander;Kays;;1976-12-6;Town 'n' Country;FL;United States;;;0
1396;43;Artie;Cass;;1962-9-22;Pompano Beach;FL;United States;;;0
1397;43;Jeremy;Schultz;;1955-12-8;Kea'au;HI;United States;;;0
1398;43;Erik;Earwaker;;1955-3-16;Northbrook;OH;United States;;;0
1399;43;Bryan;Bernard;;1971-1-19;Mt. Pleasant;UT;United States;;;0
1400;44;Greg;Boehm;;1975-9-3;Billerica;MA;United States;;;0
1401;44;Bobby;Germain;;1975-2-5;Harper Woods;MI;United States;;;0
1402;44;Myron;Key;;1969-2-19;Virginia Beach;VA;United States;;;0
1403;44;John;Simms;;1983-11-14;Overland Park;KS;United States;;;0
1404;44;Dane;Webber;;1970-12-31;Omaha;NE;United States;;;0
1405;44;Ray;Hatfield;;1976-3-12;Cutler Bay;FL;United States;;;0
1406;44;Juan;Rangel;;1955-7-1;Leavittsburg;OH;United States;;;0
1407;44;Ronald;Reid;;1957-9-23;Hancock;WI;United States;;;0
1408;44;Howard;Marsh;;1968-4-3;Glenville;NY;United States;;;0
1409;44;Joe;Simon;;1959-12-24;Goldsboro;NC;United States;;;0
1410;45;Paul;Pattison;;1959-10-30;Bloomington;MN;United States;;;0
1411;45;Frank;Lynn;;1968-10-9;Vallejo;CA;United States;;;0
1412;45;Ryan;Pryce;;1976-6-24;Severn;ON;Canada;;;0
1413;45;Brad;Pinsent;;1971-2-6;Dunville;NL;Canada;;;0
1414;45;Max;Sherer;;1956-5-22;Clifton;NJ;United States;;;0
1415;45;Rick;Gross;;1959-6-23;Elyria;OH;United States;;;0
1416;45;Henry;Patterson;;1958-1-25;El Paso;TX;United States;;;0
1417;45;Mike;Cameron;;1960-12-15;Cordova;TN;United States;;;0
1418;45;Dwight;Robertson;;1981-8-7;The Hammocks;FL;United States;;;0
1419;45;Rob;Rogers;;1977-1-28;Bay City;MI;United States;;;0
1420;46;Dan;Headrick;;1965-10-2;West Babylon;NY;United States;;;0
1421;46;Jeffrey;Collins;;1982-7-5;Jersey City;NJ;United States;;;0
1422;46;Ben;Patterson;;1959-2-13;Bend;OR;United States;;;0
1423;46;Dave;Peterson;;1968-3-24;Minnetonka;MN;United States;;;0
1424;46;Steven;Perkins;;1982-6-25;Pleasanton;CA;United States;;;0
1425;46;Milo;Maday;;1962-7-5;Highland;UT;United States;;;0
1426;46;Ken;Cunningham;;1965-9-8;San Francisco;CA;United States;;;0
1427;46;Luis;Palmeiro;;1977-6-27;Charlotte;NC;United States;;;0
1428;46;Jerry;Clement;;1971-12-9;Severna Park;MD;United States;;;0
1429;46;Rick;Ford;;1977-1-4;Edgewood;WA;United States;;;0
1430;47;Lachlan;Pittarelli;;1973-1-20;Oro-Medonte;ON;Canada;;;0
1431;47;Dylan;Rothnie;;1977-6-16;Peterborough;ON;Canada;;;0
1432;47;Dave;Browning;;1968-10-5;Lakewood;OH;United States;;;0
1433;47;Jason;Elliott;;1982-11-22;Anchorage;AK;United States;;;0
1434;47;Mike;Reynolds;;1962-7-27;Jasper;GA;United States;;;0
1435;47;Ed;Zaba;;1979-12-20;Ajax;ON;Canada;;;0
1436;47;Randall;Towns;;1960-6-2;Kansas City;MO;United States;;;0
1437;47;Josh;Jamieson;;1956-2-28;Barrie;ON;Canada;;;0
1438;47;Matt;Pozgay;;1978-4-24;Woodstock;NB;Canada;;;0
1439;47;Yan;Bergeron;;1969-9-10;Saguenay;QC;Canada;;;0
1440;48;Wes;Summerville;;1960-9-29;Cleveland;OH;United States;;;0
1441;48;Joe;Hogan;;1961-6-14;Friendship Village;MD;United States;;;0
1442;48;Arnold;Udall;;1974-5-18;Caldwell;ID;United States;;;0
1443;48;Ken;Lowery;;1981-11-3;Schaumburg;IL;United States;;;0
1444;48;Waylon;Barthelmess;;1973-11-29;San Francisco;CA;United States;;;0
1445;48;Corey;Ketchum;;1955-5-31;Brownsville;TX;United States;;;0
1446;48;Porter;Colhoun;;1977-11-16;Bossier City;LA;United States;;;0
1447;48;Daniel;Lawrence;;1977-6-30;Waterloo;IA;United States;;;0
1448;48;Neil;Bane;;1960-11-1;Brattleboro;VT;United States;;;0
1449;48;Carl-Luc;MassÈ;;1958-7-20;Montreal;QC;Canada;;;0
1450;49;Kary;Wetering;;1969-6-17;Ottawa;ON;Canada;;;0
1451;49;Andrew;Rattlesnake;;1969-8-10;Barrie;ON;Canada;;;0
1452;49;Luis;Rivera;;1969-2-8;Vinton;VA;United States;;;0
1453;49;Gary;Ross;;1974-3-25;Carolina Forest;SC;United States;;;0
1454;49;Allen;Mills;;1971-1-14;Belchertown;MA;United States;;;0
1455;49;Maxime;Forget;;1958-11-22;Sainte-Marie;QC;Canada;;;0
1456;49;Chris;Burton;;1973-5-25;Littleton;CO;United States;;;0
1457;49;Murray;Jenner;;1968-3-18;Calgary;AB;Canada;;;0
1458;49;Lane;Kimball;;1961-7-8;Toronto;ON;Canada;;;0
1459;49;Marc-Antoine;Ouellet;;1974-7-12;BÈcancour;QC;Canada;;;0
1460;50;Alan;Call;;1955-8-28;Leavenworth;KS;United States;;;0
1461;50;Benny;Long;;1956-11-14;Oakland;CA;United States;;;0
1462;50;Dustin;Marjoriebanks;;1965-3-12;Millersville;MD;United States;;;0
1463;50;Shawn;Gill;;1973-3-5;Moorefield;VA;United States;;;0
1464;50;Phil;Milligan;;1961-9-16;Los Angeles;CA;United States;;;0
1465;50;Daryl;Parent;;1962-3-14;Thornhill;ON;Canada;;;0
1466;50;Ben;Spradlin;;1981-1-15;Gallatin;TN;United States;;;0
1467;50;Joe;Watson;;1972-3-16;Grandy;NC;United States;;;0
1468;50;Steve;Harrold;;1962-6-20;Dormont;PA;United States;;;0
1469;50;Dan;Heinrichs;;1967-5-24;Bloomingdale;FL;United States;;;0
1470;51;Ryan;Rose;;1956-6-14;Chapel Hill;NC;United States;;;0
1471;51;Ernie;McAree;;1961-12-12;Rutland;MA;United States;;;0
1472;51;Bryan;Mannington;;1968-7-25;Lockport;NY;United States;;;0
1473;51;Greg;Chapin;;1971-2-27;Key West;FL;United States;;;0
1474;51;Joe;Sharp;;1981-2-21;Fairview Park;OH;United States;;;0
1475;51;Willie;Sharkey;;1961-10-17;Nashua;NH;United States;;;0
1476;51;Bob;O'Harte;;1963-8-7;Columbus;OH;United States;;;0
1477;51;Bob;MacKinney;;1960-9-4;Belmont;CA;United States;;;0
1478;51;John;Schmitt;;1970-8-4;San Jose;CA;United States;;;0
1479;51;Michael;Heighway;;1980-9-25;Oxford;IN;United States;;;0
1480;52;Oscar;McRaild;;1961-2-15;Kulpsville;PA;United States;;;0
1481;52;Jud;Matthews;;1976-8-12;Porter;TX;United States;;;0
1482;52;Junior;MacRaith;;1981-7-29;Parker;CO;United States;;;0
1483;52;Mike;Blackburn;;1975-4-2;North Hempstead;NY;United States;;;0
1484;52;Johnny;Bennett;;1966-8-30;Cortlandt;NY;United States;;;0
1485;52;Robin;Skinner;;1968-11-27;Manhattan;KS;United States;;;0
1486;52;Reginald;McGehee;;1983-11-2;Albany;OR;United States;;;0
1487;52;Jeff;Fike;;1981-6-1;Montgomery Township;NJ;United States;;;0
1488;52;Glen;McConnell;;1978-8-27;Westvale;NY;United States;;;0
1489;52;Dave;Spencer;;1966-12-28;Memphis;TN;United States;;;0
1490;53;Jeremy;Harding;;1965-9-17;Mohegan Lake;NY;United States;;;0
1491;53;Jeff;Nish;;1982-6-3;Lawton;OK;United States;;;0
1492;53;Scott;Hockey;;1976-1-30;Ottawa;ON;Canada;;;0
1493;53;Allen;Wells;;1975-7-14;Plant City;FL;United States;;;0
1494;53;Jon;Wrenn;;1974-10-28;Park City;IL;United States;;;0
1495;53;Clint;Roberts;;1966-10-18;Houston;TX;United States;;;0
1496;53;Charlie;Kessler;;1959-8-24;Highview;KY;United States;;;0
1497;53;Andy;Brewton;;1959-8-31;East Meadow;NY;United States;;;0
1498;53;Anthony;Murley;;1964-4-20;Memphis;TN;United States;;;0
1499;53;Rich;McCormick;;1969-7-25;North Ridgeville;OH;United States;;;0
1500;54;Jeffrey;Dean;;1963-2-2;Kailua;HI;United States;;;0
1501;54;Nick;Ingle;;1958-5-6;Irving;TX;United States;;;0
1502;54;Daniel;Small;;1961-1-13;Lower Moreland Township;PA;United States;;;0
1503;54;Floyd;O'Cromley;;1977-9-20;Ephrata;PA;United States;;;0
1504;54;Fred;Auger;;1956-8-2;Crescent City North;CA;United States;;;0
1505;54;T.J.;Nichols;;1970-3-11;Scottsdale;AZ;United States;;;0
1506;54;Chad;Greenwood;;1961-9-11;Houston;TX;United States;;;0
1507;54;Jack;Cornett;;1969-12-23;Jacksonville;FL;United States;;;0
1508;54;Carl;Roe;;1956-4-19;Lamesa;TX;United States;;;0
1509;54;Albert;Wilson;;1960-3-16;Morley;MO;United States;;;0
1510;55;John;Duval;;1978-11-8;Toronto;ON;Canada;;;0
1511;55;Ralph;Brooks;;1962-1-29;Toronto;ON;Canada;;;0
1512;55;Tim;Snyder;;1963-4-9;Kiel;WI;United States;;;0
1513;55;Mike;Coleridge;;1980-1-26;North Andover;MA;United States;;;0
1514;55;Tim;Tallent;;1970-12-3;Gardena;CA;United States;;;0
1515;55;Cayden;Williams;;1955-5-20;Toronto;ON;Canada;;;0
1516;55;Matt;Ungurian;;1956-12-15;Fruitvale;BC;Canada;;;0
1517;55;Jean-Philippe;Parent;;1964-2-1;CÙte Saint-Luc;QC;Canada;;;0
1518;55;Doug;Lucas;;1982-3-19;Oceanport;NJ;United States;;;0
1519;55;James;Mullins;;1982-6-3;Omaha;NE;United States;;;0
1520;56;Scot;McAllister;;1958-4-19;Boise;ID;United States;;;0
1521;56;Richard;Kevern;;1973-1-3;Richmond;IN;United States;;;0
1522;56;Greg;O'Connenden;;1970-2-18;Woodstock;GA;United States;;;0
1523;56;Harry;Percevault;;1967-4-22;Sackville;NS;Canada;;;0
1524;56;Matt;Patterson;;1982-1-28;Mankato;MN;United States;;;0
1525;56;Pat;Swanson;;1980-4-9;Norland;FL;United States;;;0
1526;56;Ray;Odom;;1971-10-31;Indianapolis;IN;United States;;;0
1527;56;Ron;Burkey;;1976-9-7;North Berwick;ME;United States;;;0
1528;56;Doug;von Lueder;;1965-1-16;Paw Paw;MI;United States;;;0
1529;56;Paul;Keedwell;;1975-12-13;Acton;MA;United States;;;0
1530;57;Ed;Hall;;1969-9-16;El Paso;TX;United States;;;0
1531;57;Bill;Wallace;;1966-5-11;Farmington;NH;United States;;;0
1532;57;Rob;Gentry;;1969-2-16;Smithville-Sanders;IN;United States;;;0
1533;57;Jeff;Monteith;;1979-9-19;Chicago;IL;United States;;;0
1534;57;Kent;O'Donnell;;1975-8-31;Nashua;NH;United States;;;0
1535;57;Cliff;Mann;;1975-12-30;Portland;OR;United States;;;0
1536;57;Mike;Pummel;;1976-2-10;Detroit;MI;United States;;;0
1537;57;Andrew;Suggett;;1969-11-15;Ontario;CA;United States;;;0
1538;57;Keith;MacCord;;1968-6-15;Des Moines;WA;United States;;;0
1539;57;Gustavo;Guerrero;;1976-7-16;Kentfield;CA;United States;;;0
1540;58;Terry;Sheehan;;1982-1-12;Rancho Cucamonga;CA;United States;;;0
1541;58;Otto;Hoag;;1965-5-21;Los Angeles;CA;United States;;;0
1542;58;Ryan;Williams;;1971-10-3;New York;NY;United States;;;0
1543;58;Haywood;Carpenter;;1967-10-8;Atascadero;CA;United States;;;0
1544;58;Chris;Turpin;;1980-1-25;Farmersville;TX;United States;;;0
1545;58;Allan;Elliott;;1972-11-28;Garfield;NJ;United States;;;0
1546;58;Tom;West;;1977-12-12;Yorktown;NY;United States;;;0
1547;58;Aaron;Roach;;1982-4-5;Lakefield;MN;United States;;;0
1548;58;Cal;Seals;;1961-8-27;Sanford;NC;United States;;;0
1549;58;Onye;Ebalo;;1959-7-23;Houston;TX;United States;;;0
1550;59;Dave;Torf;;1975-2-18;Hazleton;PA;United States;;;0
1551;59;Alex;Duerden;;1967-6-12;Suffolk;VA;United States;;;0
1552;59;Ed;Williams;;1982-7-17;West Bay Shore;NY;United States;;;0
1553;59;Carl;Tong;;1963-3-22;Tulsa;OK;United States;;;0
1554;59;Jorge;ColÛn;;1965-3-25;San Francisco;CA;United States;;;0
1555;59;Johan;Grˆnberg;;1957-3-10;Germantown;MD;United States;;;0
1556;59;Tom;Sawyer;;1974-6-14;Selden;NY;United States;;;0
1557;59;Brent;Nelson;;1983-10-9;New York;NY;United States;;;0
1558;59;Jason;Lilly;;1977-3-14;Indian Head;MD;United States;;;0
1559;59;Stephen;Atthow;;1962-7-20;Cheektowaga;NY;United States;;;0
1560;60;Luke;Grieco;;1972-4-23;Surrey;BC;Canada;;;0
1561;60;Gabe;Thompson;;1978-8-29;Lethbridge;AB;Canada;;;0
1562;60;Ron;Lindsay;;1958-5-29;Edcouch;TX;United States;;;0
1563;60;Ronnie;Gibbs;;1976-7-25;Cambria;CA;United States;;;0
1564;60;Marvin;Alexander;;1956-3-8;New York;NY;United States;;;0
1565;60;Davin;Brownjohn;;1966-1-19;Edmundston;NB;Canada;;;0
1566;60;Leland;Abernethy;;1965-11-3;Carpentersville;IL;United States;;;0
1567;60;Travis;Turner;;1957-7-25;Langley;BC;Canada;;;0
1568;60;Jordan;Ridpath;;1959-8-12;Penticton;BC;Canada;;;0
1569;60;FrÈdÈrick;LÈvesque;;1981-4-15;Laval;QC;Canada;;;0
1570;61;Kyle;Graves;;1957-2-24;Columbus;OH;United States;;;0
1571;61;JosÈ;Salas;;1968-6-30;Leacock-Leola-Bareville;PA;United States;;;0
1572;61;Mark;Mulgrew;;1974-2-20;San Antonio;TX;United States;;;0
1573;61;Neal;Duke;;1967-7-31;Gaston;NC;United States;;;0
1574;61;Herman;Wonnacott;;1959-1-2;Sidney;OH;United States;;;0
1575;61;Sammy;Hansen;;1961-10-21;Quincy;MA;United States;;;0
1576;61;Ben;Rowntree;;1959-5-8;Georgetown;SC;United States;;;0
1577;61;Ra˙l;Cota;;1969-1-11;Plantation;FL;United States;;;0
1578;61;Jeffery;Tuxford;;1984-4-9;Idaho Falls;ID;United States;;;0
1579;61;J˙lio;CortÈz;;1956-7-22;San Diego;CA;United States;;;0
1580;62;Brett;Peverley;;1960-8-31;Sydney;NS;Canada;;;0
1581;62;Joelson;Santos;;1963-1-12;AraÁatuba;S„O;Brazil;;;0
1582;62;Mark;Travis;;1965-12-16;Anchorage;AK;United States;;;0
1583;62;Johnny;Alister;;1979-1-31;Midland;TX;United States;;;0
1584;62;Chris;Borer;;1967-1-4;Jersey City;NJ;United States;;;0
1585;62;Guillaume;Cloutier;;1975-2-3;Saint-Jean-sur-Richelieu;QC;Canada;;;0
1586;62;Daniel;Murray;;1969-10-10;Mississauga;ON;Canada;;;0
1587;62;Mathias;Marie;;1982-6-5;Saanich;BC;Canada;;;0
1588;62;Mathieu;Charette;;1982-9-16;London;ON;Canada;;;0
1589;62;Andrew;Wrigley;;1959-10-18;Nanticoke;ON;Canada;;;0
1590;63;Lou;Doyle;;1963-12-1;Boca Del Mar;FL;United States;;;0
1591;63;Luis Manuel;Gonzales;;1980-1-22;Menlo Park;CA;United States;;;0
1592;63;Jim;Johnson;;1983-7-27;Plano;TX;United States;;;0
1593;63;Mike;Dagger;;1965-2-16;Merrillville;IN;United States;;;0
1594;63;Josh;Hutchins;;1974-3-3;Austin;TX;United States;;;0
1595;63;Thomas;Weatherall;;1965-5-30;Shelby;MI;United States;;;0
1596;63;Michael;Keaton;;1975-2-9;Malta;NY;United States;;;0
1597;63;Dave;Richmond;;1964-8-2;New York;NY;United States;;;0
1598;63;Pablo;Santos;;1979-3-21;Los Angeles;CA;United States;;;0
1599;63;Eddie;McCorry;;1966-11-5;Burlington;NY;United States;;;0
1600;-1;Dave;Spencer;;1979-9-19;Swanzey;NH;United States;;;0
1601;-1;Chad;Tagg;;1966-12-4;The Acreage;FL;United States;;;0
1602;-1;Andrew;Gallie;;1976-3-27;Charlottetown;PE;Canada;;;0
1603;-1;Bryan;Lecaine;;1955-10-26;Winnipeg;MB;Canada;;;0
1604;-1;Joseph;Chapman;;1961-1-14;Warren;OH;United States;;;0
1605;-1;Steve;Fisher;;1976-4-23;Chicago;IL;United States;;;0
1606;-1;Todd;Jaremko;;1968-4-29;Los Angeles;CA;United States;;;0
1607;-1;Mitch;Selby;;1965-12-9;Windsor;ON;Canada;;;0
1608;-1;Edgardo;Coraejo;;1979-7-2;Alameda;CA;United States;;;0
1609;-1;Atisaya;Surekha;;1969-4-12;Sangole;MAH;India;;;0
1610;-1;Dave;Stickles;;1962-6-10;Milwaukee;WI;United States;;;0
1611;-1;Jim;Pennington;;1980-8-5;Chicago;IL;United States;;;0
1612;-1;Kevin;Studer;;1958-6-4;State College;PA;United States;;;0
1613;-1;Dylan;Reinhart;;1956-11-17;Dawson City;YT;Canada;;;0
1614;-1;Gabriel;Bolduc;;1979-9-10;Les Œles de la Madeleine;QC;Canada;;;0
1615;-1;Rodney;Watson;;1960-7-20;Killeen;TX;United States;;;0
1616;-1;Sergey;Pronin;;1966-7-5;Vladikavkaz;NOR;Russia;;;0
1617;-1;Wray;Greenlaw;;1966-1-26;Hamilton;ON;Canada;;;0
1618;-1;Tom;Morris;;1981-2-17;Sunrise;FL;United States;;;0
1619;-1;Mike;Rose;;1976-10-9;Russellville;AL;United States;;;0
1620;-1;Brett;Trapp;;1974-5-16;Birmingham;AL;United States;;;0
1621;-1;Dan;Bingham;;1978-12-13;Cornwells Heights-Eddington;PA;United States;;;0
1622;-1;Grant;Kehoe;;1975-12-22;Victoria;BC;Canada;;;0
1623;-1;Gary;Highland;;1983-4-24;Phenix City;AL;United States;;;0
1624;-1;Al;Snelling;;1967-12-9;Bellevue;PA;United States;;;0
1625;-1;Rhett;Lomas;;1958-6-16;Edmonton;AB;Canada;;;0
1626;-1;James;Henderson;;1964-7-12;Los Angeles;CA;United States;;;0
1627;-1;Alfredo;Guzman;;1971-12-17;Redding;CA;United States;;;0
1628;-1;Jean-RenÈ;Therrien;;1977-6-12;Gatineau;QC;Canada;;;0
1629;-1;Thurman;Melancon;;1980-6-18;Suffield;CT;United States;;;0
1630;-1;Sean;Bean;;1968-7-4;Winston-Salem;NC;United States;;;0
1631;-1;Matteo;Amoroso;;1977-7-18;Markham;ON;Canada;;;0
1632;-1;Emerson;Apple;;1968-8-4;Franklin;VA;United States;;;0
1633;-1;Paul;Puddifoot;;1972-12-14;Fountainbleau;FL;United States;;;0
1634;-1;Bill;Bowen;;1975-10-29;South Lake Tahoe;CA;United States;;;0
1635;-1;FrÈdÈric;Harvey;;1967-7-7;Montreal;QC;Canada;;;0
1636;-1;William;O'Foley;;1984-4-2;Trabuco Canyon;CA;United States;;;0
1637;-1;Markus;Randall;;1965-12-21;Lakewood;OH;United States;;;0
1638;-1;Dan;McDonald;;1979-1-20;Rolesville;NC;United States;;;0
1639;-1;Lou;Kolstad;;1980-2-26;Surrey;BC;Canada;;;0
1640;-1;Oscar;O'Dunn;;1975-11-10;Elizabeth;NJ;United States;;;0
1641;-1;Don;Barnes;;1969-8-15;Jemison;AL;United States;;;0
1642;-1;Brandon;Whittier;;1959-3-14;Albuquerque;NM;United States;;;0
1643;-1;Loren;Meyer;;1977-8-17;Nashville;TN;United States;;;0
1644;-1;Andrew;Forney;;1967-5-5;Wooster;OH;United States;;;0
1645;-1;Bernard;Owens;;1974-4-4;Sugar Land;TX;United States;;;0
1646;-1;Dan;Anderson;;1976-1-4;Fort Wayne;IN;United States;;;0
1647;-1;Nick;Hart;;1973-5-3;Wheaton;IL;United States;;;0
1648;-1;Jerry;Coleman;;1956-10-2;Suffolk;VA;United States;;;0
1649;-1;Jakob;Lautenschl‰ger;;1984-3-11;Maintal;HES;Germany;;;0
1650;-1;Sam;Pearn;;1968-2-9;Waterbury;CT;United States;;;0
1651;-1;Kevin;O'Tuomey;;1957-1-26;Los Angeles;CA;United States;;;0
1652;-1;Valeriy;Tarasenko;;1960-12-30;Kharkiv;KHA;Ukraine;;;0
1653;-1;Li;Lifu;;1961-10-29;Huangcun;BEI;China;;;0
1654;-1;Junior;Stroud;;1969-10-11;Sunrise Manor;NV;United States;;;0
1655;-1;Alexandre;Barrette;;1979-10-3;Boucherville;QC;Canada;;;0
1656;-1;Allen;Bayles;;1963-12-6;Aurora;IL;United States;;;0
1657;-1;Denver;Gillies;;1961-8-4;Langley;BC;Canada;;;0
1658;-1;Larry;Pederson;;1960-9-15;York;SC;United States;;;0
1659;-1;Dan;Athol;;1962-2-24;Clawson;MI;United States;;;0
1660;-1;Jeff;Laney;;1980-8-8;New York;NY;United States;;;0
1661;-1;Patrick;Trayner;;1960-3-20;Langley;BC;Canada;;;0
1662;-1;Seth;Peterson;;1978-10-7;San Jose;CA;United States;;;0
1663;-1;Matt;Nevels;;1970-12-6;Brownsburg;IN;United States;;;0
1664;-1;Scot;Wilkerson;;1975-6-28;Oakhurst;OK;United States;;;0
1665;-1;Hunter;Greany;;1966-5-16;Post Falls;ID;United States;;;0
1666;-1;Jordan;Tutor;;1982-1-4;Milwaukee;WI;United States;;;0
1667;-1;Owen;Newman;;1970-8-17;Pleasant Hill;MS;United States;;;0
1668;-1;Jim;Livingston;;1980-7-12;Phoenix;AZ;United States;;;0
1669;-1;Cormac;Quinn;;1961-3-9;Phoenix;AZ;United States;;;0
1670;-1;Rory;Prince;;1979-9-25;Virginia Beach;VA;United States;;;0
1671;-1;William;Massey;;1963-2-13;Encinitas;CA;United States;;;0
1672;-1;Phil;Reed;;1957-9-15;Kansas City;MO;United States;;;0
1673;-1;Andre;Horsley;;1983-1-21;Orland Park;IL;United States;;;0
1674;-1;Steve;Kramer;;1960-2-1;Newington;CT;United States;;;0
1675;-1;Burt;Hinkle;;1979-5-16;Cheektowaga;NY;United States;;;0
1676;-1;Jaime;Medrano;;1979-2-4;Washington;DC;United States;;;0
1677;-1;Christian;Griffin;;1984-3-9;Jacksonville;FL;United States;;;0
1678;-1;Mark;Sanders;;1965-6-14;Pine Bluff;AR;United States;;;0
1679;-1;Landon;Svensson;;1974-9-14;Dartmouth;NS;Canada;;;0
1680;-1;Micheal;Sims;;1980-5-12;Avon;CT;United States;;;0
1681;-1;Glen;Norwood;;1957-6-10;Escondido;CA;United States;;;0
1682;-1;Chris;McKnight;;1979-2-15;Winnipeg;MB;Canada;;;0
1683;-1;Gary;Shoemake;;1979-9-8;Tamarac;FL;United States;;;0
1684;-1;Elvin;Astall;;1958-1-10;Carrboro;NC;United States;;;0
1685;-1;Edmund;Wallace;;1979-11-10;Navarre;FL;United States;;;0
1686;-1;Carter;Leaf;;1958-8-16;Barrie;ON;Canada;;;0
1687;-1;Eduardo;Sanchez;;1973-9-24;Worth;IL;United States;;;0
1688;-1;Maxime;Dupuis;;1960-5-4;Varennes;QC;Canada;;;0
1689;-1;Gerald;Abercromby;;1963-1-2;New York;NY;United States;;;0
1690;-1;Chuck;Miller;;1965-8-18;Houston;TX;United States;;;0
1691;-1;Totoya;Ueno;;1978-8-14;Sendai;MIY;Japan;;;0
1692;-1;Howard;Stewart;;1968-8-4;New Brunswick;NJ;United States;;;0
1693;-1;Scott;James;;1967-10-15;San Diego;CA;United States;;;0
1694;-1;Eric;MacDougall;;1969-7-1;Aurora;ON;Canada;;;0
1695;-1;Marcus;Scarpone;;1966-7-23;Calgary;AB;Canada;;;0
1696;-1;RaphaÎl;Ouellet;;1960-3-11;Trois-RiviËres;QC;Canada;;;0
1697;-1;Brian;Mullins;;1979-5-17;Fife;WA;United States;;;0
1698;-1;Marcus;Bachman;;1965-12-2;St. Catharines;ON;Canada;;;0
1699;-1;Junior;Keegan;;1982-8-11;St. George;MO;United States;;;0
1700;-1;Bryce;Pettapiece;;1961-10-25;Vancouver;BC;Canada;;;0
1701;-1;Nathan;Coulter;;1978-8-11;Brampton;ON;Canada;;;0
1702;-1;Chad;MacKinney;;1957-2-11;Williamsburg;KY;United States;;;0
1703;-1;Ernest;Simmons;;1983-10-22;San Mateo;CA;United States;;;0
1704;-1;Anthony;Boxx;;1960-1-14;Kalaoa;HI;United States;;;0
1705;-1;Ron;Hoch;;1967-2-18;Lafayette;TN;United States;;;0
1706;-1;Roger;Hoddinot;;1956-3-3;Clarkstown;NY;United States;;;0
1707;-1;Andy;Dawson;;1957-2-20;Hayward;CA;United States;;;0
1708;-1;Jeffrey;Rankin;;1973-7-17;Tacoma;WA;United States;;;0
1709;-1;Freddy;Ramirez;;1982-7-18;Indianapolis;IN;United States;;;0
1710;-1;Darrel;Weikel;;1961-3-27;Buffalo;NY;United States;;;0
1711;-1;Dale;Payne;;1958-10-18;Highland Heights;KY;United States;;;0
1712;-1;Frank;Wells;;1978-9-13;Melvindale;MI;United States;;;0
1713;-1;Alexandre;Prudhomme;;1976-4-13;Laval;QC;Canada;;;0
1714;-1;Gerard;Quartuccio;;1981-10-27;New Orleans;LA;United States;;;0
1715;-1;Kyle;Rines;;1984-3-20;Mississauga;ON;Canada;;;0
1716;-1;Jeff;McJannett;;1974-3-20;Urbandale;IA;United States;;;0
1717;-1;Maxime;Tremblay;;1955-8-5;Candiac;QC;Canada;;;0
1718;-1;Jason;Bruton;;1963-10-14;Laval;QC;Canada;;;0
1719;-1;Jed;Morgan;;1970-3-27;Marion;OH;United States;;;0
1720;-1;Troy;Heggadon;;1984-9-5;Mountain View;CA;United States;;;0
1721;-1;Brian;Reipschlager;;1961-2-11;Belton;TX;United States;;;0
1722;-1;Howard;Cross;;1961-11-10;Las Vegas;NV;United States;;;0
1723;-1;Phillip;Cain;;1960-8-27;Urbana;IL;United States;;;0
1724;-1;Jon;Hogan;;1960-12-26;Marshall;MI;United States;;;0
1725;-1;Alfred;Crawford;;1971-7-1;Harrisburg;NY;United States;;;0
1726;-1;Azhar;Ahmed;;1964-5-13;Dubai;DU;United Arab Emirates;;;0
1727;-1;Gene;Arthur;;1955-7-5;Stockholm;NY;United States;;;0
1728;-1;Cedric;Ball;;1956-1-27;Red Bank;NJ;United States;;;0
1729;-1;Bob;Mullins;;1983-1-22;Bakersfield;CA;United States;;;0
1730;-1;Pat;Butler;;1975-2-20;Kapolei;HI;United States;;;0
1731;-1;Tristan;Nichols;;1975-5-7;Whittier;CA;United States;;;0
1732;-1;Jeff;Barriball;;1977-12-1;Glen Gardner;NJ;United States;;;0
1733;-1;Edward;D'Amery;;1964-2-15;Liberal;KS;United States;;;0
1734;-1;Yoshikazu;Suzuki;;1958-1-9;Hanyu;SAI;Japan;;;0
1735;-1;Jeffrey;Sunderland;;1974-10-30;Lake Purdy;AL;United States;;;0
1736;-1;Jim;Owens;;1961-8-9;Carrollton;TX;United States;;;0
1737;-1;Will;Gruttadauria;;1975-5-31;Wharton;NJ;United States;;;0
1738;-1;Anthoni;Beauchesne;;1956-8-2;Montreal;QC;Canada;;;0
1739;-1;Albert;Canon;;1964-5-30;Plantation;FL;United States;;;0
1740;-1;Duane;Cox;;1971-10-10;Falls City;NE;United States;;;0
1741;-1;Shawn;Brindley;;1956-11-3;Zachary;LA;United States;;;0
1742;-1;Cam;Lunney;;1973-5-4;Herndon;VA;United States;;;0
1743;-1;Jacob;Curry;;1965-8-5;Quapaw;OK;United States;;;0
1744;-1;Alec;Madonald;;1967-1-27;Bartlett;IL;United States;;;0
1745;-1;John;Matheson;;1975-8-24;Detroit;MI;United States;;;0
1746;-1;Shawn;Carson;;1981-1-9;Coeur d'Alene;ID;United States;;;0
1747;-1;Bryce;Hanger;;1968-12-18;Antigonish;NS;Canada;;;0
1748;-1;Billy;Major;;1958-3-12;Sandusky;OH;United States;;;0
1749;-1;Matthew;Sideris;;1974-12-3;Regina;SK;Canada;;;0
1750;-1;Conrad;Gehrig;;1957-2-23;Edmond;OK;United States;;;0
1751;-1;Kenneth;Steffes;;1958-10-4;Toronto;ON;Canada;;;0
1752;-1;Mark;Whittey;;1977-5-12;Oklahoma City;OK;United States;;;0
1753;-1;Ernie;Paul;;1959-5-12;Brooklyn;NY;United States;;;0
1754;-1;Michael;Person;;1973-5-23;Watertown;MA;United States;;;0
1755;-1;Andrew;Bender;;1979-5-14;Bayshore Gardens;FL;United States;;;0
1756;-1;Gilbert;Anderson;;1977-12-14;Taos;NM;United States;;;0
1757;-1;Ryan;White;;1955-11-11;Strathroy;ON;Canada;;;0
1758;-1;Jeremy;von Haeften;;1961-2-1;Chicago;IL;United States;;;0
1759;-1;Jon;Conder;;1956-4-8;South Highpoint;FL;United States;;;0
1760;-1;Stan;Bowles;;1970-5-21;Memphis;TN;United States;;;0
1761;-1;Morgan;Presizniuk;;1965-10-17;Surrey;BC;Canada;;;0
1762;-1;Ethan;Kelly;;1963-1-9;Baltimore;MD;United States;;;0
1763;-1;Steve;Day;;1969-4-9;Bradenton Beach;FL;United States;;;0
1764;-1;Nick;Schiller;;1974-9-24;Port Chester;NY;United States;;;0
1765;-1;Raymond;Skeahen;;1959-2-10;Empire;CA;United States;;;0
1766;-1;Franklin;Shaver;;1969-4-27;Woodbine;NJ;United States;;;0
1767;-1;Caleb;Jourdain;;1981-7-11;Hamilton;ON;Canada;;;0
1768;-1;Gabe;Markle;;1980-12-12;Oxnard;CA;United States;;;0
1769;-1;Brad;Weiland;;1981-11-18;Surrey;BC;Canada;;;0
1770;-1;Joseph;Todd;;1983-6-3;Scottsdale;AZ;United States;;;0
1771;-1;Robert;Prendergast;;1968-1-1;Barstow;CA;United States;;;0
1772;-1;Gregg;Gaines;;1956-8-5;Corsicana;TX;United States;;;0
1773;-1;David;Morrison;;1975-3-1;Muskegon;MI;United States;;;0
1774;-1;John;Moffatt;;1965-4-8;Bernardsville;NJ;United States;;;0
1775;-1;Rod;Gardner;;1980-6-27;Mississauga;ON;Canada;;;0
1776;-1;Kirk;Newton;;1955-9-24;Gloucester Township;NJ;United States;;;0
1777;-1;Cristi·n;Pimentel;;1972-5-17;Los Angeles;CA;United States;;;0
1778;-1;Dave;Bingham;;1982-5-20;Florin;CA;United States;;;0
1779;-1;Jared;MacNeil;;1970-3-19;Vancouver;BC;Canada;;;0
1780;-1;Jason;Rhodes;;1972-2-26;Arlington;TX;United States;;;0
1781;-1;Peter;Hulton;;1963-7-20;Toronto;ON;Canada;;;0
1782;-1;Steven;Chisholm;;1979-11-15;Richmond Hill;ON;Canada;;;0
1783;-1;Kevin;Roberts;;1984-1-11;Spring Valley;IL;United States;;;0
1784;-1;Jeremy;Sheffield;;1983-10-29;Goldendale;WA;United States;;;0
1785;-1;Eric;Wilbraham;;1972-12-29;Los Angeles;CA;United States;;;0
1786;-1;Lee;O'Reilly;;1983-11-1;Medfield;MA;United States;;;0
1787;-1;Nicolas;Therrien;;1966-12-14;Joliette;QC;Canada;;;0
1788;-1;Steve;Wiggins;;1965-10-14;Seattle Hill-Silver Firs;WA;United States;;;0
1789;-1;Ron;Peters;;1970-5-26;Stratford;CA;United States;;;0
1790;-1;Parker;Howard;;1972-9-14;Rockville;MD;United States;;;0
1791;-1;Emilio;Conway;;1962-6-30;Winnipeg;MB;Canada;;;0
1792;-1;Alexandre;Geiger;;1960-8-16;Whitby;ON;Canada;;;0
1793;-1;John;O'Feeny;;1962-12-30;Tempe;AZ;United States;;;0
1794;-1;Gabriel;Beaulieu;;1955-1-12;BeauprÈ;QC;Canada;;;1
1795;-1;Bruce;O'Brian;;1974-4-17;West University Place;TX;United States;;;0
1796;-1;Ken;Hebert;;1967-4-15;Clinton;IA;United States;;;0
1797;-1;Dawson;Lansdowne;;1977-8-26;Vancouver;BC;Canada;;;0
1798;-1;Dave;Kranz;;1962-2-5;Dallas;TX;United States;;;0
1799;-1;Chris;Rowe;;1978-6-23;Rialto;CA;United States;;;0
1800;-1;Ivan;Shikin;;1970-12-30;Rybinsk;YAR;Russia;;;0
1801;-1;Elvin;Dwight;;1962-6-13;Hobbs;NM;United States;;;0
1802;-1;Ray;Sanders;;1963-10-13;Amarillo;TX;United States;;;0
1803;-1;Chris;Limby;;1962-9-8;Kearney;NE;United States;;;0
1804;-1;Kevin;Keifer;;1973-2-15;Cedar Rapids;IA;United States;;;0
1805;-1;Marvin;Kerby;;1958-11-6;North Charleston;SC;United States;;;0
1806;-1;Jeremy;Fanning;;1976-5-22;Kingsbury;NY;United States;;;0
1807;-1;Fred;Peters;;1979-2-9;Houston;TX;United States;;;0
1808;-1;J.J.;Jelitto;;1959-8-1;Detroit;MI;United States;;;0
1809;-1;Malcolm;Jacobs;;1980-12-13;Toronto;ON;Canada;;;0
1810;-1;Mitch;Benedict;;1963-9-20;Mississauga;ON;Canada;;;0
1811;-1;Mike;Zeglen;;1970-8-9;Shelburne;NS;Canada;;;0
1812;-1;Micheal;Sheppard;;1955-10-20;Lynn;MA;United States;;;0
1813;-1;Charles;Hoshino;;1955-10-9;Chilliwack;BC;Canada;;;0
1814;-1;Phil;Mullen;;1967-11-25;Hayward;CA;United States;;;0
1815;-1;Luther;Stone;;1984-12-5;Savannah;GA;United States;;;0
1816;-1;Reggie;Smiley;;1980-8-28;Johnson City;TN;United States;;;0
1817;-1;Pablo;Villanueva;;1979-7-12;Ladue;MO;United States;;;0
1818;-1;Dave;Chappell;;1964-11-6;Menifee;CA;United States;;;0
1819;-1;Will;Glover;;1979-8-26;Norman;OK;United States;;;0
1820;-1;Henry;Ramieri;;1974-9-17;Glen Rock;NJ;United States;;;0
1821;-1;Troy;Walter;;1967-5-23;Temecula;CA;United States;;;0
1822;-1;Mark;Reynolds;;1981-10-17;Americus;GA;United States;;;0
1823;-1;Cooper;Smalls;;1975-6-5;Prospect;CT;United States;;;0
1824;-1;Christian;Sanford;;1984-11-22;Carlinville;IL;United States;;;0
1825;-1;Tom;Hawkins;;1980-1-24;West Norriton;PA;United States;;;0
1826;-1;Wayne;McCray;;1962-10-8;Carlsbad;CA;United States;;;0
1827;-1;Brian;Benefield;;1955-1-6;Huntington;WV;United States;;;1
1828;-1;Chip;McKisack;;1968-10-12;Auburn;ME;United States;;;0
1829;-1;Arturo;Martinez;;1973-12-9;Hammond;IN;United States;;;0
1830;-1;Tyler;Basso;;1984-1-24;Burgeo;NL;Canada;;;0
1831;-1;J.J.;Pearson;;1977-4-24;Brooklyn;NY;United States;;;0
1832;-1;Dan;Dunn;;1968-1-10;North Attleborough;MA;United States;;;0
1833;-1;Borys;Kubiak;;1980-7-22;Kholm;LUB;Poland;;;0
1834;-1;Joey;Hoover;;1963-11-11;Tucson;AZ;United States;;;0
1835;-1;Troy;Norris;;1977-10-30;Toledo;OH;United States;;;0
1836;-1;Kevin;Frey;;1964-11-25;Mont Belvieu;TX;United States;;;0
1837;-1;Craig;Meyer;;1957-5-17;Costa Mesa;CA;United States;;;0
1838;-1;Joe;Belew;;1982-5-26;Garfield;NJ;United States;;;0
1839;-1;Martin;Hodges;;1967-7-3;Collins;NY;United States;;;0
1840;-1;Edmund;Preston;;1958-6-27;Piney;AR;United States;;;0
1841;-1;Adam;Gordon;;1973-6-15;Park Hills;KY;United States;;;0
1842;-1;William;Gravel;;1959-12-8;Laval;QC;Canada;;;0
1843;-1;Lyndon;Desrochers;;1970-3-5;Whitby;ON;Canada;;;0
1844;-1;Orlando;Nava;;1966-6-27;Flint;MI;United States;;;0
1845;-1;Adam;Marchinko;;1975-7-30;LÈvis;QC;Canada;;;0
1846;-1;Scott;Cates;;1964-5-26;Lincolnton;NC;United States;;;0
1847;-1;Don;Twistleton;;1981-9-1;Cleveland Heights;OH;United States;;;0
1848;-1;Ron;Towart;;1960-4-16;Tustin;CA;United States;;;0
1849;-1;Hayato;Satou;;1975-1-21;Chigasaki;KAN;Japan;;;0
1850;-1;Marcus;Caza;;1970-8-19;Welland;ON;Canada;;;0
1851;-1;Roy;Castro;;1982-2-20;Lawrence;KS;United States;;;0
1852;-1;Bill;Gunner;;1958-5-31;Salem;OR;United States;;;0
1853;-1;Brian;MacKinnon;;1958-5-2;Marion;VA;United States;;;0
1854;-1;Joe;Samuels;;1968-7-25;Savannah;GA;United States;;;0
1855;-1;Eric;Brewer;;1978-11-1;East Moline;IL;United States;;;0
1856;-1;Claudio;Romero;;1958-6-4;Ormond Beach;FL;United States;;;0
1857;-1;Matteo;Dejonghe;;1972-11-20;Roeselare;WES;Belgium;;;0
1858;-1;Millard;Thornton;;1970-7-27;Carlton;OR;United States;;;0
1859;-1;Ben;Awbrey;;1980-12-19;Lyon Mountain;NY;United States;;;0
1860;-1;Joe;Dauntsey;;1977-11-20;North Fort Myers;FL;United States;;;0
1861;-1;Mike;Shelton;;1976-5-19;Battle Creek;MI;United States;;;0
1862;-1;Mark;McDaniel;;1957-6-1;Tulsa;OK;United States;;;0
1863;-1;Reid;Buckner;;1962-4-9;South Hill;VA;United States;;;0
1864;-1;Jatasila;Kumar;;1956-5-15;Sambalpur;ORI;India;;;0
1865;-1;Louis-FÈlix;Ruel;;1955-8-21;Boucherville;QC;Canada;;;0
1866;-1;Shane;Ruiz;;1962-3-6;London;ON;Canada;;;0
1867;-1;Keegan;Markham;;1982-12-13;Toronto;ON;Canada;;;0
1868;-1;Tim;Susan;;1975-6-5;Tampa;FL;United States;;;0
1869;-1;Millard;Mitchell;;1963-9-26;Hopatcong;NJ;United States;;;0
1870;-1;Gus;Dring;;1984-2-7;Las Vegas;NV;United States;;;0
1871;-1;Augusto;Tapia;;1973-3-6;Norfolk;VA;United States;;;0
1872;-1;Kenny;Powers;;1968-5-6;Philadelphia;PA;United States;;;0
1873;-1;Brandon;Carlin;;1965-1-31;Windsor;ON;Canada;;;0
1874;-1;JosÈ;Valentin;;1957-2-28;Delmar;NY;United States;;;0
1875;-1;Andrew;St. Helens;;1961-6-7;Portsmouth;OH;United States;;;0
1876;-1;Jerry;May;;1960-3-5;Stockton;CA;United States;;;0
1877;-1;Jason;Tremain;;1961-12-29;Chesapeake Ranch Estates;MD;United States;;;0
1878;-1;Devin;Garrett;;1972-10-28;Bainbridge Island;WA;United States;;;0
1879;-1;Donald;Baillie;;1964-9-10;Callaway;FL;United States;;;0
1880;-1;Rylee;Saretsky;;1968-8-26;Vaughan;ON;Canada;;;0
1881;-1;Dan;MacKenzie;;1978-3-23;Lloydminster;AB;Canada;;;0
1882;-1;Chris;O'Connell;;1962-5-1;Calgary;AB;Canada;;;0
1883;-1;Garrett;Blaney;;1981-11-20;Surrey;BC;Canada;;;0
1884;-1;Bob;Tarver;;1962-6-22;Shanor-Northvue;PA;United States;;;0
1885;-1;Jon;Ladner;;1979-1-18;Myrtle Grove;NC;United States;;;0
1886;-1;Casey;Padfield;;1973-10-26;Austin;TX;United States;;;0
1887;-1;Tony;Ringler;;1965-12-2;Orcutt;CA;United States;;;0
1888;-1;Matt;Grant;;1961-2-13;Huntington Beach;CA;United States;;;0
1889;-1;Marc;McUlric;;1971-11-19;Hudson;MA;United States;;;0
1890;-1;Jason;Munger;;1958-6-8;Holtville;CA;United States;;;0
1891;-1;Adam;Fung;;1980-4-3;Rancho Cucamonga;CA;United States;;;0
1892;-1;FÈlix-Antoine;Latreille;;1967-11-30;Montreal;QC;Canada;;;0
1893;-1;Donnie;Abercromby;;1971-9-20;French Camp;CA;United States;;;0
1894;-1;Steve;Tugnutt;;1970-5-26;Virginia Beach;VA;United States;;;0
1895;-1;Ezra;Stengel;;1982-6-2;Sweetwater;TN;United States;;;0
1896;-1;Gregory;Long;;1956-1-29;St. Helens;OR;United States;;;0
1897;-1;Nicolas;BÈlanger;;1975-4-29;Montreal;QC;Canada;;;0
1898;-1;John;Simmons;;1958-11-23;Walnut;CA;United States;;;0
1899;-1;Adam;Pleydell;;1961-4-20;Chesapeake;VA;United States;;;0
1900;-1;Norm;Berlin;;1957-3-9;Sicamous;BC;Canada;;;0
1901;-1;Sean;Lee;;1965-12-4;Chanhassen;MN;United States;;;0
1902;-1;Chris;Fitch;;1968-8-12;Halifax;NS;Canada;;;0
1903;-1;Charles;Dismuke;;1970-6-30;Bridgetown;OH;United States;;;0
1904;-1;Stan;Park;;1967-2-25;Quincy;MA;United States;;;0
1905;-1;Munemori;Kichida;;1973-8-9;Fujisawa;KAN;Japan;;;0
1906;-1;Cullen;Wieman;;1984-8-14;Middleville;MI;United States;;;0
1907;-1;Matt;Hamilton;;1958-3-17;Toronto;ON;Canada;;;0
1908;-1;Joseph;van Daendels;;1956-3-12;Battle Creek;MI;United States;;;0
1909;-1;James;Martin;;1980-1-7;Catalina Foothills;AZ;United States;;;0
1910;-1;Alex;Richards;;1960-11-5;Milton;ON;Canada;;;0
1911;-1;Anthony;Matthews;;1962-2-25;Kelowna;BC;Canada;;;0
1912;-1;Dan;Frier;;1976-9-19;North Providence;RI;United States;;;0
1913;-1;Lynn;Black;;1967-4-21;Kendall;FL;United States;;;0
1914;-1;Tim;Worthen;;1968-5-11;Oak Grove;MO;United States;;;0
1915;-1;Otis;Hendron;;1963-10-15;Bloomfield;NM;United States;;;0
1916;-1;Nicolas;Godin;;1976-7-4;Terrebonne;QC;Canada;;;0
1917;-1;Robert;Pringle;;1984-2-24;West Vancouver;BC;Canada;;;0
1918;-1;Johan;Johansson;;1977-3-2;Gislaved;JˆN;Sweden;;;0
1919;-1;Donald;Parkinson;;1976-4-14;Morro Bay;CA;United States;;;0
1920;64;Brandon;Carlson;;1973-2-17;Hawkesbury;ON;Canada;;;0
1921;64;David;Zulinick;;1967-2-2;Mississauga;ON;Canada;;;0
1922;64;Scottie;Henrion;;1955-3-11;New York;NY;United States;;;0
1923;64;Lou;O'Donnelan;;1956-9-17;Soddy-Daisy;TN;United States;;;0
1924;64;Kelly;Renn;;1970-12-13;Dallas;TX;United States;;;0
1925;64;Phil;Heller;;1956-8-4;Mesa;AZ;United States;;;0
1926;64;Denis;BenoÓt;;1956-3-11;Montreal;QC;Canada;;;0
1927;64;Mark;Munsey;;1955-10-1;Lansing;MI;United States;;;0
1928;64;Brad;Gaudet;;1956-6-12;Halifax;NS;Canada;;;0
1929;64;Nick;Froats;;1977-11-30;Langley;BC;Canada;;;0
1930;65;Henry;Pryde;;1961-2-14;Plano;TX;United States;;;0
1931;65;Akio;Yamaguchi;;1962-3-2;Handa;AIC;Japan;;;0
1932;65;Bill;McCreely;;1966-3-23;Castlewood;CO;United States;;;0
1933;65;Shawn;Mooney;;1979-8-11;Flower Mound;TX;United States;;;0
1934;65;Mike;Keffer;;1967-3-13;Raleigh;NC;United States;;;0
1935;65;Jasdeep;Grewal;;1979-10-4;Blind Bay;BC;Canada;;;0
1936;65;Mark;Abbott;;1973-3-14;Winnipeg;MB;Canada;;;0
1937;65;Tyson;Abou;;1961-6-30;Halifax;NS;Canada;;;0
1938;65;Terry;Schneider;;1956-8-11;Southgate;KY;United States;;;0
1939;65;Blake;McCartney;;1979-8-13;St. Catharines;ON;Canada;;;0
1940;66;Reece;Threndyle;;1982-4-11;Vancouver;BC;Canada;;;0
1941;66;Adam;Beck;;1963-8-15;Kamloops;BC;Canada;;;0
1942;66;Carl;Turner;;1974-6-2;Chula Vista;CA;United States;;;0
1943;66;Colt;MacDonald;;1959-2-20;Chicago;IL;United States;;;0
1944;66;Conan;Curry;;1957-12-25;Fulton;MO;United States;;;0
1945;66;Jordan;Zupancich;;1957-12-12;Edmonton;AB;Canada;;;0
1946;66;Christophe;Jalbert;;1966-6-16;BÈcancour;QC;Canada;;;0
1947;66;Paul;Papillon;;1974-1-28;Montreal;QC;Canada;;;0
1948;66;Gerald;Cox;;1979-3-7;Willowbrook;CA;United States;;;0
1949;66;Jonathan;MacDonald;;1974-11-16;Quinte West;ON;Canada;;;0
1950;67;Federico;Belvedere;;1979-8-19;Kitchener;ON;Canada;;;0
1951;67;Li;Chunhui;;1970-4-24;Zouxian;SHA;China;;;0
1952;67;Brandon;White;;1963-1-9;New York;NY;United States;;;0
1953;67;Tony;Quinn;;1968-11-21;Maple Heights;OH;United States;;;0
1954;67;Bernie;Wagner;;1962-9-23;San Diego;CA;United States;;;0
1955;67;Buck;Conklin;;1977-11-19;Discovery Bay;CA;United States;;;0
1956;67;Ryan;Meacham;;1955-5-28;Calgary;AB;Canada;;;0
1957;67;Kyle;Cleverley;;1976-6-27;Windsor;ON;Canada;;;0
1958;67;Thomas;Haaksma;;1963-2-27;Sudbury;ON;Canada;;;0
1959;67;Keegan;Lloyd;;1972-9-13;Halifax;NS;Canada;;;0
1960;68;Ben;Molyneaux;;1962-5-27;San Jose;CA;United States;;;0
1961;68;Ray;Blackwell;;1959-4-26;Gilbert;AZ;United States;;;0
1962;68;Chris;Schmidt;;1957-9-25;Salem;IN;United States;;;0
1963;68;Guillaume;St-Laurent;;1984-8-23;Montreal;QC;Canada;;;0
1964;68;Ed;Emery;;1983-2-26;Bridgetown;OH;United States;;;0
1965;68;Pedro;Chavez;;1957-12-1;Chicago;IL;United States;;;0
1966;68;Brenton;Farris;;1979-12-7;San Rafael;CA;United States;;;0
1967;68;Eli;Saunderson;;1966-9-22;San Antonio;TX;United States;;;0
1968;68;Troy;Weaver;;1961-3-2;Honolulu;HI;United States;;;0
1969;68;Thomas;Holman;;1960-6-23;East Ridge;TN;United States;;;0
1970;69;Collin;Forsythe;;1955-4-28;Longmont;CO;United States;;;0
1971;69;Gerry;Johnson;;1972-3-10;Candiac;QC;Canada;;;0
1972;69;Artie;MacCulloh;;1967-12-15;Hydesville;CA;United States;;;0
1973;69;Vaughn;Zucker;;1968-7-28;Mount Juliet;TN;United States;;;0
1974;69;Greg;Lawson;;1968-7-4;Chesapeake;VA;United States;;;0
1975;69;Ra˙l;LÛpez;;1962-9-1;San Ardo;CA;United States;;;0
1976;69;Bob;Grant;;1983-5-9;Salt Lake City;UT;United States;;;0
1977;69;Kolby;Gogol;;1961-4-6;Toronto;ON;Canada;;;0
1978;69;Matt;Cantlon;;1960-8-13;St. Catharines;ON;Canada;;;0
1979;69;Kurt;Meeker;;1963-2-13;Oshawa;ON;Canada;;;0
1980;70;Elwood;Jones;;1971-9-27;Irvine;CA;United States;;;0
1981;70;Jay;Kaczmarek;;1973-6-9;Bradford;ON;Canada;;;0
1982;70;Kenny;Werner;;1961-7-2;Salt Lake City;UT;United States;;;0
1983;70;Jeremy;Osborne;;1977-7-1;Westover;AL;United States;;;0
1984;70;Samuel;Sevier;;1969-6-29;DeBary;FL;United States;;;0
1985;70;Brett;Riley;;1978-9-14;Montreal;QC;Canada;;;0
1986;70;LoÔc;Poirier;;1975-12-29;Burford;ON;Canada;;;0
1987;70;Jadran;Street;;1963-11-16;Toronto;ON;Canada;;;0
1988;70;Riley;Baillie;;1956-8-14;Bourget;ON;Canada;;;0
1989;70;Frazer;Partridge;;1958-6-6;Surrey;BC;Canada;;;0
1990;71;Brayden;Srochenski;;1955-9-13;Ajax;ON;Canada;;;0
1991;71;Reece;Chan;;1961-6-12;Clarington;ON;Canada;;;0
1992;71;Tom;Smith;;1971-8-16;Mesa;AZ;United States;;;0
1993;71;Archie;Belle;;1972-8-20;Bellingham;WA;United States;;;0
1994;71;Joel;Smiley;;1964-10-11;Akron;OH;United States;;;0
1995;71;Jeffrey;McCoy;;1979-11-5;Grand Junction;CO;United States;;;0
1996;71;Francis;Pham;;1977-7-14;Sainte-Julie;QC;Canada;;;0
1997;71;FrÈdÈric;Baillargeon;;1979-11-10;Shawinigan;QC;Canada;;;0
1998;71;Mike;Bakala;;1960-8-6;Midland;ON;Canada;;;0
1999;71;Mike;Malone;;1958-5-17;North Las Vegas;NV;United States;;;0
2000;72;Andrew;Findlay;;1967-2-3;Wetaskiwin;AB;Canada;;;0
2001;72;Deven;CÙtÈ;;1975-10-20;Sherbrooke;QC;Canada;;;0
2002;72;Dave;Cray;;1974-11-19;New Caney;TX;United States;;;0
2003;72;Sylvester;Mayfield;;1958-9-17;Glendale;AZ;United States;;;0
2004;72;Jason;Kilgrew;;1984-4-9;Bryan;TX;United States;;;0
2005;72;Isaac;Posch;;1975-9-20;Toronto;ON;Canada;;;0
2006;72;Brett;Bekasiak;;1981-1-30;Severn;ON;Canada;;;0
2007;72;SÈbastien;Bergeron;;1965-3-7;Saguenay;QC;Canada;;;0
2008;72;Aeric;Dewiele;;1984-5-24;Bonnyville;AB;Canada;;;0
2009;72;Scott;Letestu;;1959-9-25;St. Catharines;ON;Canada;;;0
2010;73;Brian;Gallagher;;1980-2-10;Edmonton;AB;Canada;;;0
2011;73;Coda;McLean;;1969-10-21;Halifax;NS;Canada;;;0
2012;73;Monte;McGing;;1968-9-10;Rialto;CA;United States;;;0
2013;73;Alison;Meredith;;1981-12-31;Lexington;OH;United States;;;0
2014;73;Freddie;Dalton;;1971-11-22;Terryville;NY;United States;;;0
2015;73;Walt;Reed;;1962-11-20;Independence;MO;United States;;;0
2016;73;David;Barbeau;;1962-11-16;Saint-Pie;QC;Canada;;;0
2017;73;Kyle;Ma;;1961-2-13;Vancouver;BC;Canada;;;0
2018;73;Scott;Spruce;;1972-1-2;Ladysmith;BC;Canada;;;0
2019;73;Calvin;Iserhoff;;1978-12-7;Montreal;QC;Canada;;;0
2020;74;Bolton;Lyons;;1958-2-25;Norman;OK;United States;;;0
2021;74;Joey;Brookes;;1971-11-7;Clarington;ON;Canada;;;0
2022;74;AndrÈ-Philippe;Bourque;;1966-2-2;Lavaltrie;QC;Canada;;;0
2023;74;Brian;McIlrevie;;1971-3-27;Plano;TX;United States;;;0
2024;74;Hubert;Leclerc;;1959-11-3;La Sarre;QC;Canada;;;0
2025;74;Chance;O'Brian;;1955-11-10;North Bellmore;NY;United States;;;0
2026;74;Jason;Kruss;;1971-7-20;Toronto;ON;Canada;;;0
2027;74;Ross;Tong;;1968-6-1;Fremont;CA;United States;;;0
2028;74;Jeff;McNider;;1970-1-23;Springfield;OR;United States;;;0
2029;74;Eric;Todd;;1981-11-15;Dartmouth;NS;Canada;;;0
2030;75;JÈrÈmy;Allard;;1984-3-25;Montreal;QC;Canada;;;0
2031;75;Justin;Morgan;;1965-11-21;Mississauga;ON;Canada;;;0
2032;75;Tony;Ortiz;;1957-11-11;West Compton;CA;United States;;;0
2033;75;Steven;Adam;;1979-8-24;Alafaya;FL;United States;;;0
2034;75;Will;Beck;;1968-1-2;Clarkson;NY;United States;;;0
2035;75;Allan;Trapper;;1980-9-22;Toronto;ON;Canada;;;0
2036;75;Andrew;Clancy;;1970-9-7;Toronto;ON;Canada;;;0
2037;75;Mitch;Del Castillo;;1957-12-23;Loyalist;ON;Canada;;;0
2038;75;Alex;Oliver;;1968-6-15;Jackson;CA;United States;;;0
2039;75;Mike;Stefanyshyn;;1978-8-5;Markham;ON;Canada;;;0
2040;76;Mathew;Heighton;;1967-11-25;Stratford;ON;Canada;;;0
2041;76;Ryan;McIver;;1984-6-26;Burlington;ON;Canada;;;0
2042;76;Pier;Brazeau;;1979-6-2;Victoriaville;QC;Canada;;;0
2043;76;Jerry;Ward;;1977-10-2;Exeter;NH;United States;;;0
2044;76;Jason;Kitts;;1978-5-8;Kenner;LA;United States;;;0
2045;76;Matthew;McGurk;;1967-2-11;Syosset;NY;United States;;;0
2046;76;Quinton;Moses;;1968-11-5;Thornhill;ON;Canada;;;0
2047;76;Michael;Balaski;;1963-4-26;Saanich;BC;Canada;;;0
2048;76;Colin;Kirdy;;1978-1-30;Calgary;AB;Canada;;;0
2049;76;Trevor;Fredheim;;1955-7-21;New Glasgow;NS;Canada;;;0
2050;77;Ryan;Tam;;1974-7-20;Vancouver;BC;Canada;;;0
2051;77;Deron;Bergman;;1957-4-16;Winnipeg;MB;Canada;;;0
2052;77;Lonnie;Harrison;;1969-12-18;Short Hills;NJ;United States;;;0
2053;77;Steven;Wise;;1984-2-18;Lynn;MA;United States;;;0
2054;77;James;Gibson;;1981-3-26;Corpus Christi;TX;United States;;;0
2055;77;Mark;Brewis;;1979-6-1;Erie;CO;United States;;;0
2056;77;Gord;Bezan;;1955-7-10;Prince Albert;SK;Canada;;;0
2057;77;Joe;Manvill;;1979-7-3;Glendale;CA;United States;;;0
2058;77;Olivier;Patenaude;;1968-3-27;LÈvis;QC;Canada;;;0
2059;77;Eugene;MacRory;;1963-2-24;Niles;IL;United States;;;0
2060;78;Mike;Post;;1984-9-1;Toronto;ON;Canada;;;0
2061;78;Matthew;Gosselin;;1980-3-15;Laval;QC;Canada;;;0
2062;78;Keith;Magness;;1982-11-10;Vancouver;WA;United States;;;0
2063;78;Kevin;Lukowich;;1973-1-14;Edmonton;AB;Canada;;;0
2064;78;Millard;Bottomley;;1980-6-24;Alpharetta;GA;United States;;;0
2065;78;Eugene;Dawson;;1975-12-8;Joliet;IL;United States;;;0
2066;78;Dean;Manhas;;1968-1-27;Queen Charlotte City;BC;Canada;;;0
2067;78;Nolan;Ayres;;1975-2-23;Oshawa;ON;Canada;;;0
2068;78;Matt;Neilson;;1978-9-28;Regina;SK;Canada;;;0
2069;78;Clarence;Felt;;1978-4-26;Fox Crossing;WI;United States;;;0
2070;79;Micheal;Phillips;;1960-4-21;Yarmouth;MA;United States;;;0
2071;79;Richard;Cotton;;1983-4-24;Halifax;NS;Canada;;;0
2072;79;Will;Densem;;1967-7-12;El Paso;TX;United States;;;0
2073;79;Keith;Crawford;;1969-7-6;Concord;NC;United States;;;0
2074;79;Vern;White;;1975-5-21;Oak Grove;MN;United States;;;0
2075;79;Adam;Coll;;1984-6-7;Memphis;TN;United States;;;0
2076;79;JÈrÈmy;Arbour;;1973-3-27;Longueuil;QC;Canada;;;0
2077;79;RaphaÎl;Grenier;;1967-2-13;Montreal;QC;Canada;;;0
2078;79;Craig;Mokosak;;1958-5-14;Halifax;NS;Canada;;;0
2079;79;Samuel;Pinard;;1961-1-5;South Glengarry;ON;Canada;;;0
2080;80;John;Simon;;1977-4-4;Garden City;MI;United States;;;0
2081;80;Erik;Andreesen;;1968-6-23;Cape Breton Regional Municipality;NS;Canada;;;0
2082;80;Kyle;Plumer;;1956-12-13;Warren;MI;United States;;;0
2083;80;Jason;Moore;;1979-3-7;Thousand Oaks;CA;United States;;;0
2084;80;Doug;Faucher;;1968-1-11;Quinte West;ON;Canada;;;0
2085;80;Bret;Nicholas;;1983-9-6;Altoona;FL;United States;;;0
2086;80;Ryan;Grenier;;1963-10-22;Hamilton;ON;Canada;;;0
2087;80;Marvin;Hillard;;1971-12-30;Sacramento;CA;United States;;;0
2088;80;Rory;Brown;;1955-10-11;Whitchurch-Stouffville;ON;Canada;;;0
2089;80;Louis-FÈlix;Jalbert;;1963-12-3;Terrebonne;QC;Canada;;;0
2090;81;Vic;Giordano;;1981-10-21;Dartmouth;NS;Canada;;;0
2091;81;Adam;Looney;;1960-10-3;Bathurst;NB;Canada;;;0
2092;81;Mike;Sutton;;1955-1-8;Tallahassee;FL;United States;;;0
2093;81;Michael;Larocque;;1962-12-2;Markham;ON;Canada;;;0
2094;81;Joe;Elphinston;;1956-7-29;New York;NY;United States;;;0
2095;81;Rudy;Snyder;;1956-12-10;New York;NY;United States;;;0
2096;81;Luca;Hudon;;1973-2-17;Laval;QC;Canada;;;0
2097;81;Ryan;Bolam;;1973-4-1;Middlesex Centre;ON;Canada;;;0
2098;81;Erik;Wharrie;;1970-6-25;Rancho Cucamonga;CA;United States;;;0
2099;81;Jacopo;Larocca;;1973-2-16;Hamilton;ON;Canada;;;0
2100;82;Benjamin;Sylvain;;1972-11-18;Mascouche;QC;Canada;;;0
2101;82;Ryan;Davis;;1958-2-17;Oakville;ON;Canada;;;0
2102;82;AntÛnio;Espinoza;;1970-9-21;Arlington Heights;IL;United States;;;0
2103;82;Rick;Bascombe;;1972-9-25;Austin;TX;United States;;;0
2104;82;George;Frey;;1983-7-29;Chesterfield;MO;United States;;;0
2105;82;Matt;Beyer;;1982-1-30;Cambridge;ON;Canada;;;0
2106;82;Peter;Curotte;;1972-10-27;Toronto;ON;Canada;;;0
2107;82;Corey;McManus;;1970-3-3;Mississauga;ON;Canada;;;0
2108;82;Bo;Ytterberg;;1978-6-10;Hollywood;FL;United States;;;0
2109;82;David;East;;1960-1-10;Washington;DC;United States;;;0
2110;83;Russ;Broussard;;1979-9-28;Baraga;MI;United States;;;0
2111;83;Marc-Antoine;LariviËre;;1969-11-5;Gatineau;QC;Canada;;;0
2112;83;Spike;Detwiler;;1975-3-15;Fort Salonga;NY;United States;;;0
2113;83;Bryce;Vaughn;;1973-10-8;Doral;FL;United States;;;0
2114;83;Shawn;Blatt;;1970-7-10;Chester;PA;United States;;;0
2115;83;Matt;Lyle;;1975-9-22;Halton Hills;ON;Canada;;;0
2116;83;Daron;Vice;;1978-4-4;New Carlisle;OH;United States;;;0
2117;83;Jesse;George;;1971-11-8;Chatham-Kent;ON;Canada;;;0
2118;83;Curtis;Smidt;;1980-8-4;Richmond;BC;Canada;;;0
2119;83;Didier;Ouellet;;1961-11-25;Longueuil;QC;Canada;;;0
2120;84;Jason;Blair;;1980-6-25;Halifax;NS;Canada;;;0
2121;84;Chad;Denoird;;1976-12-5;Watrous;SK;Canada;;;0
2122;84;Tom;Monroe;;1982-7-10;Fort Worth;TX;United States;;;0
2123;84;Adam;Shannon;;1967-1-1;Chicago;IL;United States;;;0
2124;84;Franklin;Goodwin;;1955-8-22;Chillum;MD;United States;;;0
2125;84;Melvin;Nelson;;1956-8-22;La Presa;CA;United States;;;0
2126;84;AndrÈs;ViÒa;;1968-3-15;Waco;TX;United States;;;0
2127;84;Chase;Young;;1960-2-21;Thornhill;ON;Canada;;;0
2128;84;Hunter;Berry;;1966-12-3;Calgary;AB;Canada;;;0
2129;84;Ryan;Nieckar;;1973-10-23;Calgary;AB;Canada;;;0
2130;85;Ryan;O'Halloran;;1961-9-14;Nobleton;ON;Canada;;;0
2131;85;Mitch;Price;;1962-9-2;Calgary;AB;Canada;;;0
2132;85;Joe;Parsons;;1957-6-4;Baytown;TX;United States;;;0
2133;85;Clarence;Starks;;1983-1-27;Fort Worth;TX;United States;;;0
2134;85;Jason;Snider;;1983-8-10;Logan;UT;United States;;;0
2135;85;Kevin;van Volkenburg;;1981-2-27;New York;NY;United States;;;0
2136;85;Anthony;Hucul;;1957-11-29;Campbell River;BC;Canada;;;0
2137;85;Tom;Penrod;;1979-11-3;Alcoa;TN;United States;;;0
2138;85;CÈdric;ParÈ;;1955-9-21;Laval;QC;Canada;;;0
2139;85;Jaret;Tassone;;1957-1-13;Toronto;ON;Canada;;;0
2140;86;Massimo;Cava;;1983-11-20;Quebec City;QC;Canada;;;0
2141;86;Tyler;Measures;;1969-1-24;St. Albert;AB;Canada;;;0
2142;86;Benny;Everett;;1959-8-16;Los Angeles;CA;United States;;;0
2143;86;Lynwood;DeLacy;;1963-7-4;Mount Vernon;NY;United States;;;0
2144;86;Andrew;Larkin;;1956-11-8;Hidalgo;TX;United States;;;0
2145;86;Jeff;Ford;;1961-5-9;Southaven;MS;United States;;;0
2146;86;Josh;Matechuk;;1956-10-8;Guelph;ON;Canada;;;0
2147;86;Tyson;Flesch;;1962-10-12;Terrebonne;QC;Canada;;;0
2148;86;Drake;Pryce;;1967-9-8;Winnipeg;MB;Canada;;;0
2149;86;Jacob;Barrett;;1974-7-2;Weyburn;SK;Canada;;;0
2150;87;Gabriel;Michaud;;1982-6-5;Drummondville;QC;Canada;;;0
2151;87;Alexis;Taupier;;1955-7-26;Quebec City;QC;Canada;;;0
2152;87;Mike;MacManus;;1978-9-15;Roma;TX;United States;;;0
2153;87;Parker;Martin;;1964-8-10;Clearwater;FL;United States;;;0
2154;87;Dennis;Curry;;1960-10-13;Pleasanton;TX;United States;;;0
2155;87;Marcus;Bird;;1968-1-11;Calgary;AB;Canada;;;0
2156;87;Philippe;Beauregard;;1966-9-4;Saint-Eustache;QC;Canada;;;0
2157;87;Andrew;Owsley;;1976-8-14;Skinners Pond;PE;Canada;;;0
2158;87;Kevin;Normandeau;;1962-1-5;Granby;QC;Canada;;;0
2159;87;Klay;Crothers;;1966-8-11;Cranbrook;BC;Canada;;;0
2160;-1;Richie;Risinger;;1981-12-3;Battle Ground;WA;United States;;;0
2161;-1;Jason;Dilnot;;1975-3-25;Ann Arbor;MI;United States;;;0
2162;-1;Mike;Tantardini;;1976-1-28;Kelowna;BC;Canada;;;0
2163;-1;Trevor;Walters;;1962-4-10;Chatham-Kent;ON;Canada;;;0
2164;-1;Michael;St. Denis;;1964-3-24;Moose Jaw;SK;Canada;;;0
2165;-1;Kevin;LefranÁois;;1965-4-15;Repentigny;QC;Canada;;;0
2166;-1;Josh;Karrys;;1960-6-27;Langford;BC;Canada;;;0
2167;-1;Jonathan;Pedersen;;1959-7-24;Toronto;ON;Canada;;;0
2168;-1;Rocco;von Engelbrechten;;1965-1-1;Mississauga;ON;Canada;;;0
2169;-1;Eric;Boivin;;1979-3-19;Toronto;ON;Canada;;;0
2170;-1;Kevin;Klassen;;1960-3-10;Toronto;ON;Canada;;;0
2171;-1;Nicolas;Roy;;1965-11-27;Granby;QC;Canada;;;0
2172;-1;David;Murphy;;1965-3-19;Toronto;ON;Canada;;;0
2173;-1;Randy;Thompson;;1960-9-28;Oshawa;ON;Canada;;;0
2174;-1;Michael;Wingerter;;1970-6-5;Renfrew;ON;Canada;;;0
2175;-1;Jonathan;Murphy;;1957-3-8;Belleville;ON;Canada;;;0
2176;-1;James;Samoei;;1969-5-28;Kincardine;ON;Canada;;;0
2177;-1;Maxim;LavallÈe;;1968-8-22;Montreal;QC;Canada;;;0
2178;-1;Art;Ripley;;1982-11-21;Victoria;BC;Canada;;;0
2179;-1;Brent;O'Connell;;1961-11-7;Saskatoon;SK;Canada;;;0
2180;-1;Charles-Olivier;Daigle;;1971-9-9;Repentigny;QC;Canada;;;0
2181;-1;Tom;Gwilt;;1982-8-10;Saddle River;NJ;United States;;;0
2182;-1;Jeremy;Cabana;;1970-11-25;Surrey;BC;Canada;;;0
2183;-1;Adam;Lake;;1957-3-25;St. Catharines;ON;Canada;;;0
2184;-1;Hunter;Kizuik;;1975-7-22;Ottawa;ON;Canada;;;0
2185;-1;T.J.;Threndyle;;1972-4-29;Vancouver;BC;Canada;;;0
2186;-1;Gabriel;Nolet;;1959-9-29;Montreal;QC;Canada;;;0
2187;-1;Stefan;Arcand;;1959-2-14;Quebec City;QC;Canada;;;0
2188;-1;Rick;McDonell;;1970-3-15;North Battleford;SK;Canada;;;0
2189;-1;Matt;Shipley;;1982-6-16;Halifax;NS;Canada;;;0
2190;-1;Mattia;Anastasia;;1969-6-11;Montreal;QC;Canada;;;0
2191;-1;Ivano;Palmieri;;1983-8-17;Mississauga;ON;Canada;;;0
2192;-1;Travis;Atkins;;1974-8-5;Richmond;BC;Canada;;;0
2193;-1;Riley;Persoon;;1970-12-19;Delta;BC;Canada;;;0
2194;-1;Ferran;Hussein;;1975-3-22;London;ON;Canada;;;0
2195;-1;Antoine;Rousseau;;1983-5-23;HÈbertville;QC;Canada;;;0
2196;-1;Scott;Nashimba;;1979-8-10;Toronto;ON;Canada;;;0
2197;-1;Ron;Sorenson;;1958-6-13;Mason;OH;United States;;;0
2198;-1;Gabriel;Robert;;1983-4-30;Laval;QC;Canada;;;0
2199;-1;Darcy;Whitecotton;;1969-5-21;Saskatoon;SK;Canada;;;0
2200;-1;Jean-BenoÓt;Thomas;;1975-6-8;Laval;QC;Canada;;;0
2201;-1;Paul;Wilson;;1982-12-16;Terrace;BC;Canada;;;0
2202;-1;Wyatt;Lunty;;1957-6-24;Toronto;ON;Canada;;;0
2203;-1;Dean;Clark;;1981-4-25;Calgary;AB;Canada;;;0
2204;-1;Stefan;Squires;;1973-1-6;Niagara Falls;ON;Canada;;;0
2205;-1;Spencer;Danton;;1972-12-29;Hamilton;ON;Canada;;;0
2206;-1;Brent;Cranston;;1969-9-12;Sault Ste. Marie;ON;Canada;;;0
2207;-1;Benjamin;Westlake;;1967-4-19;Norquay;SK;Canada;;;0
2208;-1;Greg;Dukovac;;1975-6-9;Waterloo;ON;Canada;;;0
2209;-1;Jon;Chung;;1983-12-21;Rimouski;QC;Canada;;;0
2210;-1;Leo;McPherson;;1966-5-3;Mission Viejo;CA;United States;;;0
2211;-1;Jacob;Couture;;1975-4-6;Saint-JÈrÙme;QC;Canada;;;0
2212;-1;Owen;Berthelot;;1973-3-21;LaSalle;ON;Canada;;;0
2213;-1;Denis;Pevzner;;1962-4-12;Borisoglebsk;VOR;Russia;;;0
2214;-1;Jason;Champagne;;1966-2-18;Chibougamau;QC;Canada;;;0
2215;-1;Ken;Mathis;;1957-7-24;Colorado Springs;CO;United States;;;0
2216;-1;Clinton;Zagordo;;1958-10-10;Anmore;BC;Canada;;;0
2217;-1;Mike;Earnest;;1961-9-21;Bayou Vista;TX;United States;;;0
2218;-1;John;Graham;;1977-1-10;Winnipeg;MB;Canada;;;0
2219;-1;Andrew;Skov;;1968-7-17;Adjala-Tosorontio;ON;Canada;;;0
2220;-1;Mitchell;Wallace;;1956-10-12;South Park Township;PA;United States;;;0
2221;-1;Chris;Nadjiwon;;1959-7-26;St. Thomas;ON;Canada;;;0
2222;-1;Samuel;Lemieux;;1977-2-21;Opaskwayak Cree Nation;MB;Canada;;;0
2223;-1;Andrew;Baumgartner;;1983-9-24;Winnipeg;MB;Canada;;;0
2224;-1;Drew;Coolidge;;1961-4-27;Plantation;FL;United States;;;0
2225;-1;Mike;Puddifant;;1976-9-6;Burnaby;BC;Canada;;;0
2226;-1;Evan;Jacobs;;1956-7-13;Midland;ON;Canada;;;0
2227;-1;Vital;LarrivÈe;;1974-11-20;Montreal;QC;Canada;;;0
2228;-1;Michael;Fancy;;1982-3-13;Ottawa;ON;Canada;;;0
2229;-1;CÈdrick;BÈlanger;;1959-8-11;Montreal;QC;Canada;;;0
2230;-1;Jamie;Francis;;1980-12-11;Toronto;ON;Canada;;;0
2231;-1;Jordan;Bower;;1981-1-22;Ottawa;ON;Canada;;;0
2232;-1;Travis;Kelly;;1956-8-18;Tottenham;ON;Canada;;;0
2233;-1;Patrick;Teich;;1973-4-13;Canmore;AB;Canada;;;0
2234;-1;Boone;Soucy;;1971-3-26;Markham;ON;Canada;;;0
2235;-1;Jordan;Eaton;;1976-4-18;Grand Falls-Windsor;NL;Canada;;;0
2236;-1;Cody;McCoach;;1966-5-15;West Kelowna;BC;Canada;;;0
2237;-1;Joshua;Aviani;;1963-8-22;Labrador City;NL;Canada;;;0
2238;-1;Jake;Magis;;1957-10-18;Kitchener;ON;Canada;;;0
2239;-1;Dave;Franklin;;1965-8-8;Wood River;IL;United States;;;0
2240;-1;Blair;Shore;;1959-5-30;Toronto;ON;Canada;;;0
2241;-1;Mark;Dolson;;1957-10-3;London;ON;Canada;;;0
2242;-1;Ethan;MacNeil;;1972-9-10;Port Coquitlam;BC;Canada;;;0
2243;-1;Brennan;Grainger;;1958-7-22;Toronto;ON;Canada;;;0
2244;-1;Michael;Grant;;1976-4-21;Hampton;VA;United States;;;0
2245;-1;Ryan;Rizzo;;1966-6-5;Edmonton;AB;Canada;;;0
2246;-1;Darick;Blais;;1956-2-9;Joliette;QC;Canada;;;0
2247;-1;Oliver;McDonald;;1959-10-19;Whitby;ON;Canada;;;0
2248;-1;Gregory;Carnegie;;1980-12-3;Mississauga;ON;Canada;;;0
2249;-1;Adam;Tymchyshyn;;1966-7-2;St. Catharines;ON;Canada;;;0
2250;-1;Trevor;Chappel;;1968-5-18;West Vancouver;BC;Canada;;;0
2251;-1;Antoine;Giraud;;1958-6-5;Vancouver;BC;Canada;;;0
2252;-1;Raymond;Shepherd;;1967-4-17;Summerside;PE;Canada;;;0
2253;-1;Philippe;Mailey;;1979-3-15;Labrador City;NL;Canada;;;0
2254;-1;Nicky;Wu;;1966-4-22;Montreal;QC;Canada;;;0
2255;-1;Dylan;Harbor;;1957-7-23;Ingersoll;ON;Canada;;;0
2256;-1;Matt;Blackman;;1959-12-7;Yellowknife;NT;Canada;;;0
2257;-1;Tristan;Piechowicz;;1966-12-25;Abbotsford;BC;Canada;;;0
2258;-1;Miguel;Lecuyer;;1963-7-9;Whitby;ON;Canada;;;0
2259;-1;Marc-AndrÈ;Rousseau;;1973-3-16;L'Assomption;QC;Canada;;;0
2260;-1;Scott;Beck;;1958-9-17;Calgary;AB;Canada;;;0
2261;-1;Milan;Walker;;1969-2-27;Lethbridge;AB;Canada;;;0
2262;-1;Carl;Darveau;;1957-9-10;Napierville;QC;Canada;;;0
2263;-1;Conor;Borowiecki;;1955-12-28;Tisdale;SK;Canada;;;0
2264;-1;Geoff;Korbs;;1955-5-19;Mississauga;ON;Canada;;;1
2265;-1;Brandon;Black;;1966-3-11;Vancouver;BC;Canada;;;0
2266;-1;Braedan;McCahill;;1958-10-12;St. Marys;ON;Canada;;;0
2267;-1;Andrew;Eckstadt;;1973-6-8;Victoria;BC;Canada;;;0
2268;-1;Robbie;Everson;;1955-5-18;Brantford;ON;Canada;;;1
2269;-1;Travis;Sather;;1971-11-25;Victoria;BC;Canada;;;0
2270;-1;Lucas;Mitchell;;1959-8-29;Edmundston;NB;Canada;;;0
2271;-1;Matt;Bosse;;1970-3-3;Belleville;ON;Canada;;;0
2272;-1;Igor;Subotin;;1972-3-25;Karaganda;KAR;Kazakhstan;;;0
2273;-1;Simon;Lefebvre;;1961-1-7;Dollard-des-Ormeaux;QC;Canada;;;0
2274;-1;Brian;Negonawanah;;1979-5-4;Hamilton;ON;Canada;;;0
2275;-1;Jason;Harper;;1965-6-17;Calgary;AB;Canada;;;0
2276;-1;Chad;Holt;;1981-8-31;Victoria;BC;Canada;;;0
2277;-1;Chris;Bernhardt;;1980-3-5;Prince Albert;SK;Canada;;;0
2278;-1;Kolby;Sutherland;;1962-8-25;Bedford;NS;Canada;;;0
2279;-1;Marc;Berthiaume;;1972-4-28;Mississauga;ON;Canada;;;0
2280;-1;Brad;Hynnes;;1962-7-19;Grande Prairie;AB;Canada;;;0
2281;-1;Meng;Guomou;;1974-1-29;Zhanjiang;GUA;China;;;0
2282;-1;Chad;Deaver;;1965-1-13;Columbus;OH;United States;;;0
2283;-1;Adrian;Swerdyliak;;1970-9-20;Calgary;AB;Canada;;;0
2284;-1;Adam;Gore;;1960-8-19;Richmond;BC;Canada;;;0
2285;-1;Gabriel;Perreault;;1963-4-10;Saint-Lin-Laurentides;QC;Canada;;;0
2286;-1;Rob;Grant;;1978-11-17;Mercerville;NJ;United States;;;0
2287;-1;Cody;Spracklen;;1970-1-2;Ottawa;ON;Canada;;;0
2288;-1;Danick;Bouchard;;1974-2-11;Quebec City;QC;Canada;;;0
2289;-1;Jason;Dobek;;1981-9-11;Fort Macleod;AB;Canada;;;0
2290;-1;Jeremy;Kord;;1961-1-29;Angus-Borden;ON;Canada;;;0
2291;-1;Zach;Flamon;;1958-1-2;Langley;BC;Canada;;;0
2292;-1;Lorenzo;Galvan;;1970-7-10;Boucherville;QC;Canada;;;0
2293;-1;Bent;Due;;1961-12-2;Copenhagen;FRE;Denmark;;;0
2294;-1;Francis;Trojanovic;;1957-4-19;Ottawa;ON;Canada;;;0
2295;-1;Nicolas;Beauchamp;;1976-9-15;Montreal;QC;Canada;;;0
2296;-1;Dan;Hotham;;1980-2-27;Toronto;ON;Canada;;;0
2297;-1;Hennadiy;Dmytrulin;;1970-4-11;Ovruch;ZHY;Ukraine;;;0
2298;-1;JÈrÈmy;Brazeau;;1959-1-24;Longueuil;QC;Canada;;;0
2299;-1;Anthony;Hoffman;;1979-8-16;Nome;AK;United States;;;0
2300;-1;Art;Armstrong;;1981-9-4;Hamilton;ON;Canada;;;0
2301;-1;Matt;Simmons;;1977-7-21;Saanich;BC;Canada;;;0
2302;-1;…tienne;Thibault;;1974-5-4;Victoriaville;QC;Canada;;;0
2303;-1;Chris;Zegers;;1958-9-5;Winnipeg;MB;Canada;;;0
2304;-1;Kristopher;Dutove;;1984-4-19;Caledon;ON;Canada;;;0
2305;-1;Gabryel;Papineau;;1961-9-16;L'…piphanie;QC;Canada;;;0
2306;-1;Tyler;Benson;;1960-1-28;Richmond;BC;Canada;;;0
2307;-1;Ryan;Bresch;;1983-9-26;Regina;SK;Canada;;;0
2308;-1;Angus;Raymond;;1978-10-4;New Waterford;NS;Canada;;;0
2309;-1;Richard;Strome;;1978-12-25;Ottawa;ON;Canada;;;0
2310;-1;Lewis;Settle;;1974-9-3;Mount Airy;MD;United States;;;0
2311;-1;Nobuyoshi;Chikafuji;;1976-7-24;Fukuoka;FUK;Japan;;;0
2312;-1;Adam;Paddock;;1983-6-24;Halifax;NS;Canada;;;0
2313;-1;Shane;Allen;;1962-1-20;Edwardsburgh/Cardinal;ON;Canada;;;0
2314;-1;Laine;Turner;;1961-12-2;Kitchener;ON;Canada;;;0
2315;-1;Jean-Simon;Lessard;;1969-4-3;Markham;ON;Canada;;;0
2316;-1;Maxime;Morissette;;1960-6-3;Montreal;QC;Canada;;;0
2317;-1;Nathan;Smith;;1960-6-12;Red Deer;AB;Canada;;;0
2318;-1;Calvin;McGuire;;1979-6-24;Kitchener;ON;Canada;;;0
2319;-1;Stephen;Brooks;;1975-4-7;Cape Breton Regional Municipality;NS;Canada;;;0
2320;-1;Derek;Barch;;1975-7-6;Hamilton;ON;Canada;;;0
2321;-1;Carsten;Janzen;;1961-10-27;Lohmar;NOR;Germany;;;0
2322;-1;Brett;Patterson;;1962-4-19;Maple Ridge;BC;Canada;;;0
2323;-1;Frank;Taylor;;1973-2-14;Mississauga;ON;Canada;;;0
2324;-1;Dean;Littler;;1960-6-22;Calgary;AB;Canada;;;0
2325;-1;Lukas;Hafner;;1959-1-17;Edmonton;AB;Canada;;;0
2326;-1;Dale;Randull;;1963-2-18;Collegedale;TN;United States;;;0
2327;-1;Roy;Osgood;;1984-5-29;Picton;ON;Canada;;;0
2328;-1;…rik;Corriveau;;1970-11-15;Gatineau;QC;Canada;;;0
2329;-1;Jason;Senecal;;1955-10-8;Amherstburg;ON;Canada;;;0
2330;-1;David;O'Guire;;1962-2-11;Fair Lawn;NJ;United States;;;0
2331;-1;Brent;Roberts;;1962-6-30;Edmonton;AB;Canada;;;0
2332;-1;Olivier;LabbÈ;;1960-8-5;Montreal;QC;Canada;;;0
2333;-1;Adam;McFaull;;1958-4-2;Calgary;AB;Canada;;;0
2334;-1;Matt;Beers;;1971-5-12;Sudbury;ON;Canada;;;0
2335;-1;Dylan;Cavalieri;;1965-5-21;Toronto;ON;Canada;;;0
2336;-1;Matthew;Bathgate;;1960-2-14;Quinte West;ON;Canada;;;0
2337;-1;Boyd;Coghlin;;1957-1-1;Armstrong;ON;Canada;;;0
2338;-1;Dennis;Yannopoulos;;1965-5-17;Saguenay;QC;Canada;;;0
2339;-1;Chris;Zoerb;;1970-1-22;Vaughan;ON;Canada;;;0
2340;-1;Bernard;Wylie;;1970-9-10;Hollis;ME;United States;;;0
2341;-1;Jeff;Bradbury;;1984-5-26;Davenport;IA;United States;;;0
2342;-1;Jean-Luc;Guay;;1956-7-21;Laval;QC;Canada;;;0
2343;-1;Daniel;Noonan;;1962-4-30;Winnipeg;MB;Canada;;;0
2344;-1;Marc-Antoine;Tremblay;;1966-1-13;Montreal;QC;Canada;;;0
2345;-1;Brook;Corrente;;1966-6-4;Ottawa;ON;Canada;;;0
2346;-1;Quinn;French;;1956-5-17;Estevan;SK;Canada;;;0
2347;-1;Erik;Franko;;1962-6-30;Comox;BC;Canada;;;0
2348;-1;Alexandre;Nadeau;;1976-4-24;Bathurst;NB;Canada;;;0
2349;-1;Ryan;Walsh;;1981-4-15;Charlottetown;PE;Canada;;;0
2350;-1;Scott;Tregear;;1962-8-18;Toronto;ON;Canada;;;0
2351;-1;Jeff;Pianta;;1957-10-9;Wood Buffalo;AB;Canada;;;0
2352;-1;Satkeerat;Dosanjh;;1969-2-17;Penticton;BC;Canada;;;0
2353;-1;Mike;Sevier;;1955-12-12;Clovis;CA;United States;;;0
2354;-1;Jeff;Sanza;;1957-2-25;Toronto;ON;Canada;;;0
2355;-1;Nathan;George;;1963-10-13;Moose Jaw;SK;Canada;;;0
2356;-1;Matthew;Gaudes;;1977-3-1;Edmonton;AB;Canada;;;0
2357;-1;Pierre-CÈdric;Ross;;1966-9-23;Quebec City;QC;Canada;;;0
2358;-1;Matt;Sigvaldason;;1957-7-28;Richmond;BC;Canada;;;0
2359;-1;Mike;Benning;;1977-6-1;Toronto;ON;Canada;;;0
2360;-1;Adrien;Mallette;;1956-4-6;Shawinigan;QC;Canada;;;0
2361;-1;Quinton;Staab;;1968-7-4;Newfane;NY;United States;;;0
2362;-1;Torrin;Stener;;1977-2-25;Iroquois Falls;ON;Canada;;;0
2363;-1;Andy;Cook;;1956-4-13;Saskatoon;SK;Canada;;;0
2364;-1;Nicolas;Burke;;1965-8-10;White Rock;BC;Canada;;;0
2365;-1;Danny;Seeley;;1969-11-25;Hamilton;ON;Canada;;;0
2366;-1;Tucker;MacFarland;;1973-3-18;Toronto;ON;Canada;;;0
2367;-1;TimothÈe;Charland;;1965-2-19;Blainville;QC;Canada;;;0
2368;-1;Daniel;Heller;;1958-9-13;Toronto;ON;Canada;;;0
2369;-1;Davide;Barsotti;;1966-2-13;Ottawa;ON;Canada;;;0
2370;-1;Mike;Koenig;;1961-7-7;Angus-Borden;ON;Canada;;;0
2371;-1;Steve;Hamel;;1964-8-5;Chatham-Kent;ON;Canada;;;0
2372;-1;Frankie;Lochead;;1980-5-10;Hamilton;ON;Canada;;;0
2373;-1;Bernardo;Altagracia;;1971-12-31;Ontario;CA;United States;;;0
2374;-1;Keith;Maaskant;;1981-11-2;Ottawa;ON;Canada;;;0
2375;-1;Zach;Campbell;;1964-2-23;Prescott;ON;Canada;;;0
2376;-1;David;Nanji;;1983-12-19;Oshawa;ON;Canada;;;0
2377;-1;Nick;Franczyk;;1979-3-25;Vancouver;BC;Canada;;;0
2378;-1;Matt;Kresse;;1965-7-5;Toronto;ON;Canada;;;0
2379;-1;Jean-Christophe;Cossette;;1959-4-11;Quebec City;QC;Canada;;;0
2380;-1;Matt;Claffey;;1957-6-15;Montreal;QC;Canada;;;0
2381;-1;Austin;Montgomery;;1971-3-28;Calgary;AB;Canada;;;0
2382;-1;Gunner;Ames;;1967-3-14;Coquitlam;BC;Canada;;;0
2383;-1;Brian;McAuley;;1965-8-12;Delta;BC;Canada;;;0
2384;-1;JÈrÈmy;Davis;;1969-3-6;Montreal;QC;Canada;;;0
2385;-1;Adrian;Eagles;;1966-6-16;Halifax;NS;Canada;;;0
2386;-1;Jason;Leonhard;;1962-6-17;Edmonton;AB;Canada;;;0
2387;-1;Colten;Barbieri;;1956-6-20;Saskatoon;SK;Canada;;;0
2388;-1;Jesse;Lyle;;1979-9-28;Surrey;BC;Canada;;;0
2389;-1;Joey;Lepage;;1961-4-10;Montreal;QC;Canada;;;0
2390;-1;Mat;Drain;;1979-5-4;Brockville;ON;Canada;;;0
2391;-1;Joshua;West;;1968-2-23;Calgary;AB;Canada;;;0
2392;-1;Jeorge-ValJhong;Agana;;1964-3-18;Caledon;ON;Canada;;;0
2393;-1;Braxton;Toneff;;1977-2-10;Niagara-on-the-Lake;ON;Canada;;;0
2394;-1;Carey;Smith;;1957-2-24;Ottawa;ON;Canada;;;0
2395;-1;Paul;Hall;;1981-12-23;St. Albert;AB;Canada;;;0
2396;-1;Steven;Cyr;;1974-1-2;Edmonton;AB;Canada;;;0
2397;-1;Jared;Engert;;1984-1-8;LÈvis;QC;Canada;;;0
2398;-1;Shawn;Barnes;;1961-8-24;Toronto;ON;Canada;;;0
2399;-1;Jordan;Zetariuk;;1963-8-4;Sudbury;ON;Canada;;;0
2400;-1;Carl;Rancourt;;1971-7-5;Markham;ON;Canada;;;0
2401;-1;Tyler;Trupish;;1983-2-14;Toronto;ON;Canada;;;0
2402;-1;Cameron;Ackerland;;1964-11-19;Mississauga;ON;Canada;;;0
2403;-1;Adam;Holton;;1967-9-6;Summerside;PE;Canada;;;0
2404;-1;Noriyori;Hasegawa;;1974-7-3;Hiroshima;HIR;Japan;;;0
2405;-1;Ramsey;Ehrhardt;;1981-3-17;Burnaby;BC;Canada;;;0
2406;-1;Zach;Hogeboom;;1980-5-7;Owen Sound;ON;Canada;;;0
2407;-1;Landon;Foley;;1974-8-22;Mount Pearl;NL;Canada;;;0
2408;-1;Trevor;Joudoin;;1958-6-24;Toronto;ON;Canada;;;0
2409;-1;Layne;Sweet;;1975-9-10;Mississauga;ON;Canada;;;0
2410;-1;Pierre-…mile;Boisvert;;1957-5-28;Gatineau;QC;Canada;;;0
2411;-1;Nick;Tyler;;1968-7-17;Fishers Island;NY;United States;;;0
2412;-1;Mitch;Howard;;1966-4-16;Chicago;IL;United States;;;0
2413;-1;Gus;Blaak;;1966-12-20;Kenora;ON;Canada;;;0
2414;-1;Steven;Crema;;1970-7-21;Vaughan;ON;Canada;;;0
2415;-1;Jedd;Elson;;1976-6-25;Waterloo;ON;Canada;;;0
2416;-1;Dale;Gore;;1955-9-15;Mississauga;ON;Canada;;;0
2417;-1;Olivier;Patenaude;;1959-4-22;Windsor;ON;Canada;;;0
2418;-1;Joe;Smyth;;1960-12-23;Toronto;ON;Canada;;;0
2419;-1;Jesse;Inglis;;1965-12-25;Abbotsford;BC;Canada;;;0
2420;-1;Dion;Thompson;;1981-4-8;Winnipeg;MB;Canada;;;0
2421;-1;Yang;Erhui;;1981-4-20;Yanzhou;SHA;China;;;0
2422;-1;Marc;Schwab;;1977-9-23;Cape Breton Regional Municipality;NS;Canada;;;0
2423;-1;Austin;Bouchard;;1977-3-2;Gatineau;QC;Canada;;;0
2424;-1;Pierre-Alexandre;Bouchard;;1965-7-7;Montreal;QC;Canada;;;0
2425;-1;Aleksey;Tosunyan;;1982-8-12;Voronezh;VOR;Russia;;;0
2426;-1;David;Vaillancourt;;1966-9-10;Terrebonne;QC;Canada;;;0
2427;-1;Marc-Antoine;Beaulieu;;1975-12-5;Hauterive;QC;Canada;;;0
2428;-1;John;Marquardson;;1974-7-16;Carleton Place;ON;Canada;;;0
2429;-1;Brandon;McSorley;;1968-8-16;Toronto;ON;Canada;;;0
2430;-1;Martin;LÈvesque;;1957-1-1;Montreal;QC;Canada;;;0
2431;-1;Samuel;DescÙteaux;;1978-11-16;Longueuil;QC;Canada;;;0
2432;-1;Bruce;Tracy;;1960-8-14;Oshkosh;WI;United States;;;0
2433;-1;Cody;Fayant;;1964-1-6;Vancouver;BC;Canada;;;0
2434;-1;Brady;Ricker;;1983-12-23;Arnprior;ON;Canada;;;0
2435;-1;Cody;Burt;;1962-6-15;Surrey;BC;Canada;;;0
2436;-1;Elroy;Poe;;1971-7-7;Coon Rapids;MN;United States;;;0
2437;-1;David;Agosta;;1971-3-19;Innisfail;AB;Canada;;;0
2438;-1;Tanner;Boisvert;;1962-3-28;Hauterive;QC;Canada;;;0
2439;-1;Tyler;Pouliot;;1981-9-5;Repentigny;QC;Canada;;;0
2440;-1;Colton;Craig;;1974-8-6;Cambridge;ON;Canada;;;0
2441;-1;Randy;Hans;;1957-8-5;North Bay;ON;Canada;;;0
2442;-1;Steve;Alexander;;1974-2-11;Calgary;AB;Canada;;;0
2443;-1;Michael;Boettcher;;1969-10-7;Toronto;ON;Canada;;;0
2444;-1;Jesse;Smith;;1983-5-27;Saanich;BC;Canada;;;0
2445;-1;NoÈ;Banville;;1962-8-8;Montreal;QC;Canada;;;0
2446;-1;Dana;Anthony;;1960-9-8;Mississauga;ON;Canada;;;0
2447;-1;Fred;Shawver;;1960-2-20;Malden;MA;United States;;;0
2448;-1;Bob;Lloyd;;1967-2-18;Naugatuck;CT;United States;;;0
2449;-1;Samuel;CrÍte;;1982-4-24;Beloeil;QC;Canada;;;0
2450;-1;Alex;Tucciarone;;1957-1-6;Mississauga;ON;Canada;;;0
2451;-1;Ben;Szakacs;;1971-3-9;Nanaimo;BC;Canada;;;0
2452;-1;Troy;Caryk;;1962-6-1;Caledon;ON;Canada;;;0
2453;-1;Mathieu;Desrochers;;1965-9-14;Varennes;QC;Canada;;;0
2454;-1;Tyson;Dorsak;;1956-5-25;Edmonton;AB;Canada;;;0
2455;-1;Alex;Walters;;1982-3-21;Halifax;NS;Canada;;;0
2456;-1;Vytal;Villemure;;1981-11-17;Moose Jaw;SK;Canada;;;0
2457;-1;Eric;Hindmarch;;1972-6-8;Surrey;BC;Canada;;;0
2458;-1;Anthony;Skrypnyk;;1984-4-12;Calgary;AB;Canada;;;0
2459;-1;Klarc;Bayntun;;1976-2-14;Ottawa;ON;Canada;;;0
2460;-1;Candrakrti;Madhani;;1960-11-16;Jalesar;UTT;India;;;0
2461;-1;Jordan;Skip;;1972-5-11;Springwater;ON;Canada;;;0
2462;-1;Lukas;Parker;;1983-10-23;Ottawa;ON;Canada;;;0
2463;-1;Olivier;Poirier;;1980-10-28;Saint-Josephe-de-Lanoraie;QC;Canada;;;0
2464;-1;Dustin;Hedin;;1969-5-18;Chatham-Kent;ON;Canada;;;0
2465;-1;Paul;Seibel;;1983-8-29;Boischatel;QC;Canada;;;0
2466;-1;RenÈ;ThÈriault;;1970-3-2;Valcourt;QC;Canada;;;0
2467;-1;Jeff;Ringuette;;1968-6-18;Kenora;ON;Canada;;;0
2468;-1;Jack;Ackerland;;1982-3-28;Nanaimo;BC;Canada;;;0
2469;-1;Ben;Trudel;;1956-9-4;Mississauga;ON;Canada;;;0
2470;-1;Maxime;Proulx;;1977-8-22;Longueuil;QC;Canada;;;0
2471;-1;Todd;McNicoll;;1981-7-7;Vancouver;BC;Canada;;;0
2472;-1;Ryan;Farrelly;;1955-9-14;Red Deer;AB;Canada;;;0
2473;-1;Cody;Huestis;;1983-1-22;Mississauga;ON;Canada;;;0
2474;-1;Antonio;Sossi;;1979-1-23;Toronto;ON;Canada;;;0
2475;-1;Samuel;Desrochers;;1969-11-15;Montreal;QC;Canada;;;0
2476;-1;David;Venuto;;1975-4-25;Sudbury;ON;Canada;;;0
2477;-1;Shane;Hearn;;1975-1-25;Welland;ON;Canada;;;0
2478;-1;Mitchell;Stewart;;1968-11-16;Delta;BC;Canada;;;0
2479;-1;Robert;Trevor;;1973-11-18;Toronto;ON;Canada;;;0
2480;88;Fredrik;Svensson;;1959-2-26;Hˆgan‰s;SKÂ;Sweden;;;0
2481;88;Ville-Markus;Arponen;;1971-7-14;Gˆteborg;V‰S;Sweden;;;0
2482;88;Tobias;Heinze;;1980-2-3;M¸hlheim;HES;Germany;;;0
2483;88;Linus;Skoglund;;1965-7-19;Visby;GOT;Sweden;;;0
2484;88;Jonathan;Johansson;;1983-11-25;Stockholm;STO;Sweden;;;0
2485;88;Filip;Emanuelsson;;1976-2-26;TranÂs;JˆN;Sweden;;;0
2486;88;Oliver;Johnsson;;1977-8-13;Solna;STO;Sweden;;;0
2487;88;Pontus;Blomkvist;;1964-6-7;Norrkˆping;÷ST;Sweden;;;0
2488;88;Andreas;Holm;;1967-6-13;Huddinge;STO;Sweden;;;0
2489;88;Jesper;Wahlstrˆm;;1982-1-30;Enkˆping;UPP;Sweden;;;0
2490;89;Christoffer;Niemi;;1984-9-23;V‰stervik;KAL;Sweden;;;0
2491;89;Simon;Mattsson;;1980-7-21;Nacka;STO;Sweden;;;0
2492;89;Joseph;Roudaut;;1968-6-30;MoyrazËs;MID;France;;;0
2493;89;Filip;Engman;;1955-1-29;Kalmar;KAL;Sweden;;;0
2494;89;Tobias;Adolfsson;;1972-2-1;T‰by;STO;Sweden;;;0
2495;89;Ludvig;Sunesson;;1965-4-14;Huddinge;STO;Sweden;;;0
2496;89;Oskar;Halling;;1980-10-4;Hudiksvall;G‰V;Sweden;;;0
2497;89;Daniel;Dahlstrˆm;;1983-7-9;Sˆdert‰lje;STO;Sweden;;;0
2498;89;Viktor;Andersson;;1973-1-19;Stockholm;STO;Sweden;;;0
2499;89;Mattias;Forsgren;;1961-9-27;J‰rf‰lla;STO;Sweden;;;0
2500;90;Tom;Johansson;;1963-7-22;Falkˆping;V‰S;Sweden;;;0
2501;90;Jonathan;Gustavsson;;1982-12-28;Enkˆping;UPP;Sweden;;;0
2502;90;Mauritz;Svensson;;1956-3-29;Trollh‰ttan;V‰S;Sweden;;;0
2503;90;Ayele;Muriu;;1972-1-12;Varberg;HAL;Sweden;;;0
2504;90;Orlando;Lozano;;1955-2-17;Gislaved;JˆN;Sweden;;;0
2505;90;Hugo;Bergqvist;;1970-4-12;Uppsala;UPP;Sweden;;;0
2506;90;Samuel;Westman;;1955-9-20;BorÂs;V‰S;Sweden;;;0
2507;90;Erik;Carlsson;;1964-3-14;Uppsala;UPP;Sweden;;;0
2508;90;Daniel;Eliasson;;1967-6-18;Ljungby;KRO;Sweden;;;0
2509;90;David;Larsen;;1960-6-12;Stockholm;STO;Sweden;;;0
2510;91;AndrÈ;Eriksson;;1977-11-3;Uppsala;UPP;Sweden;;;0
2511;91;Calle;Jakobsson;;1969-1-31;Stockholm;STO;Sweden;;;0
2512;91;Hannes;Eriksson;;1959-11-12;V‰sterÂs;V‰S;Sweden;;;0
2513;91;Lorenzo;Degiorgi;;1959-9-10;Naples;CAM;Italy;;;0
2514;91;Rasmus;Nilsson;;1979-10-24;Lerum;V‰S;Sweden;;;0
2515;91;Hampus;Lindeberg;;1977-10-6;Trelleborg;SKÂ;Sweden;;;0
2516;91;Carl;Andersen;;1957-2-21;Stockholm;STO;Sweden;;;0
2517;91;Holger;Iversen;;1955-2-19;Trollh‰ttan;V‰S;Sweden;;;0
2518;91;Mikael;Laine;;1962-3-21;Gˆteborg;V‰S;Sweden;;;0
2519;91;Jonathan;Friberg;;1959-8-24;Uddevalla;V‰S;Sweden;;;0
2520;92;Albin;Persson;;1981-3-28;Nacka;STO;Sweden;;;0
2521;92;Jonathan;Johansson;;1957-9-16;Halmstad;HAL;Sweden;;;0
2522;92;Felix;Renstrˆm;;1967-2-9;Kungsbacka;V‰S;Sweden;;;0
2523;92;Carl;Nilsson;;1963-8-24;Nykˆping;SˆD;Sweden;;;0
2524;92;Jack;Olin;;1984-11-9;Gˆteborg;V‰S;Sweden;;;0
2525;92;Viktor;Lehtinen;;1975-6-19;Lidkˆping;V‰S;Sweden;;;0
2526;92;Andreas;Pettersson;;1981-5-1;Norrkˆping;÷ST;Sweden;;;0
2527;92;Oskar;Nygren;;1960-9-7;Uppsala;UPP;Sweden;;;0
2528;92;Alexander;Larsson;;1963-6-16;÷stersund;J‰M;Sweden;;;0
2529;92;Eric;Hallengren;;1964-12-27;Borl‰nge;DAL;Sweden;;;0
2530;93;Filip;Lundin;;1972-8-1;Stockholm;STO;Sweden;;;0
2531;93;Marcus;Hoffman;;1956-7-16;Gˆteborg;V‰S;Sweden;;;0
2532;93;Jesper;Bergstedt;;1968-10-3;Mˆlndal;V‰S;Sweden;;;0
2533;93;Anders;Nilsson;;1956-3-19;Helsingborg;SKÂ;Sweden;;;0
2534;93;Hannes;Lang;;1971-6-1;Uddevalla;V‰S;Sweden;;;0
2535;93;Andreas;Sˆderstrˆm;;1981-5-8;Malmˆ;SKÂ;Sweden;;;0
2536;93;Kevin;Ahlstrˆm;;1958-11-28;Gˆteborg;V‰S;Sweden;;;0
2537;93;Rasmus;Lindblom;;1957-11-13;G‰vle;G‰V;Sweden;;;0
2538;93;Jacob;Hall;;1977-2-23;Stockholm;STO;Sweden;;;0
2539;93;Adam;Johansson;;1962-10-19;Sollentuna;STO;Sweden;;;0
2540;94;Elias;Hansson;;1981-4-17;Norrkˆping;÷ST;Sweden;;;0
2541;94;Axel;Sandqvist;;1982-6-20;Ekerˆ;STO;Sweden;;;0
2542;94;Axel;Johnsson;;1977-9-12;Trelleborg;SKÂ;Sweden;;;0
2543;94;Pl·cido;Bleck;;1977-4-9;Pombal;CEN;Portugal;;;0
2544;94;Daniel;Medin;;1968-11-25;Stockholm;STO;Sweden;;;0
2545;94;Jacob;Olsson;;1979-7-4;Huddinge;STO;Sweden;;;0
2546;94;Jonathan;H‰gglund;;1973-2-3;Stockholm;STO;Sweden;;;0
2547;94;David;Bengtsson;;1956-8-10;T‰by;STO;Sweden;;;0
2548;94;Elias;Herbertsson;;1957-11-26;Lerum;V‰S;Sweden;;;0
2549;94;Jonathan;Eriksson;;1963-4-8;÷rnskˆldsvik;V‰S;Sweden;;;0
2550;95;David;Harrysson;;1981-9-8;Stockholm;STO;Sweden;;;0
2551;95;Shyamal;Vidyarthi;;1966-5-23;Butwal;RUP;Nepal;;;0
2552;95;Erik;K‰llberg;;1978-12-2;Stockholm;STO;Sweden;;;0
2553;95;Emil;Larsson;;1979-4-1;Stockholm;STO;Sweden;;;0
2554;95;Rabi;bin Ghiyath;;1982-9-27;Sˆderhamn;G‰V;Sweden;;;0
2555;95;Mikael;Hedblom;;1971-3-10;Stockholm;STO;Sweden;;;0
2556;95;Jimmy;Edvardsson;;1957-10-14;Stockholm;STO;Sweden;;;0
2557;95;Erland;Olsson;;1975-6-7;Boo;STO;Sweden;;;0
2558;95;Jesper;Andersson;;1973-10-7;Huddinge;STO;Sweden;;;0
2559;95;Filip;Edlund;;1979-7-10;V‰xjˆ;KRO;Sweden;;;0
2560;96;Frans;Eriksson;;1959-7-16;Stockholm;STO;Sweden;;;0
2561;96;Jacob;Karlsson;;1964-9-14;Gˆteborg;V‰S;Sweden;;;0
2562;96;Ari;Kannisto;;1955-7-2;Haparanda;NOR;Sweden;;;0
2563;96;Jack;Scrivener;;1981-7-14;Witney;ENG;England;;;0
2564;96;Theo;Green;;1973-5-29;Leiston;ENG;England;;;0
2565;96;Torsten;Nilsson;;1957-12-15;÷stersund;J‰M;Sweden;;;0
2566;96;Olle;Folkesson;;1970-8-11;Stockholm;STO;Sweden;;;0
2567;96;Markus;Svensson;;1957-10-19;Stockholm;STO;Sweden;;;0
2568;96;Sebastian;≈strˆm;;1979-3-14;Lycksele;V‰S;Sweden;;;0
2569;96;Mika;Lappalainen;;1972-9-14;Gnesta;SˆD;Sweden;;;0
2570;97;Henrik;Persson;;1965-7-17;Avesta;DAL;Sweden;;;0
2571;97;Felix;Westerberg;;1964-12-9;Karlshamn;BLE;Sweden;;;0
2572;97;Ludvig;Bergkvist;;1966-8-19;Stockholm;STO;Sweden;;;0
2573;97;Alfred;Jonsson;;1970-3-1;BÂlsta;UPP;Sweden;;;0
2574;97;Patrik;Westling;;1958-10-15;V‰xjˆ;KRO;Sweden;;;0
2575;97;MÂns;Strˆmgren;;1959-11-15;Stockholm;STO;Sweden;;;0
2576;97;Josef;Eriksson;;1973-6-7;Stockholm;STO;Sweden;;;0
2577;97;Linus;Eriksson;;1973-9-26;Stockholm;STO;Sweden;;;0
2578;97;Fredric;Classon;;1958-12-18;Stockholm;STO;Sweden;;;0
2579;97;Hugo;MyrÈn;;1971-1-8;Danderyd;STO;Sweden;;;0
2580;98;Theodor;Gabrielsson;;1962-12-7;Stockholm;STO;Sweden;;;0
2581;98;Oscar;Wiman;;1956-5-15;Stockholm;STO;Sweden;;;0
2582;98;Felix;Liljekvist;;1964-5-22;G‰vle;G‰V;Sweden;;;0
2583;98;Jonas;Pettersson;;1974-11-5;Lund;SKÂ;Sweden;;;0
2584;98;Elliot;Hamberg;;1980-5-12;Tumba;STO;Sweden;;;0
2585;98;Daniel;Lundstrˆm;;1971-9-14;Farsta;STO;Sweden;;;0
2586;98;Alexander;Asplund;;1965-3-7;V‰sterÂs;V‰S;Sweden;;;0
2587;98;Jonas;Ek;;1984-4-15;Kristinehamn;V‰R;Sweden;;;0
2588;98;Alexander;Wigren;;1972-9-4;Varberg;HAL;Sweden;;;0
2589;98;Max;Johansson;;1961-10-9;Stockholm;STO;Sweden;;;0
2590;99;Albin;Karlstrˆm;;1971-10-10;Gimo;UPP;Sweden;;;0
2591;99;Sebastian;Fransson;;1979-3-29;V‰sterÂs;V‰S;Sweden;;;0
2592;99;Jonatan;Persson;;1956-9-28;Sollentuna;STO;Sweden;;;0
2593;99;Ignat;Petrov;;1978-7-27;Roman;VRA;Bulgaria;;;0
2594;99;Torgny;Berg;;1960-9-13;Lund;SKÂ;Sweden;;;0
2595;99;Arvid;Wahlstrˆm;;1959-1-15;SkellefteÂ;V‰S;Sweden;;;0
2596;99;Eddie;Lans;;1974-11-29;Stockholm;STO;Sweden;;;0
2597;99;Lukas;Nyman;;1966-5-14;Stockholm;STO;Sweden;;;0
2598;99;Gustav;Karlsson;;1968-12-19;Vimmerby;KAL;Sweden;;;0
2599;99;Johan;Nilsson;;1980-10-10;Gˆteborg;V‰S;Sweden;;;0
2600;100;Jesper;Hansson;;1981-8-4;Helsingborg;SKÂ;Sweden;;;0
2601;100;Filip;Sjˆqvist;;1955-2-18;Gˆteborg;V‰S;Sweden;;;0
2602;100;Bart;Went;;1968-4-21;Runcorn;ENG;England;;;0
2603;100;Noah;Holmqvist;;1975-9-10;Helsingborg;SKÂ;Sweden;;;0
2604;100;Nicodemo;Livramento;;1983-6-20;Queluz;LIS;Portugal;;;0
2605;100;Carl;Sundelin;;1962-1-26;H‰ssleholm;SKÂ;Sweden;;;0
2606;100;Morgan;Holmlund;;1966-12-12;Nacka;STO;Sweden;;;0
2607;100;Christofer;Cederlund;;1981-12-30;Kalmar;KAL;Sweden;;;0
2608;100;Albin;Friberg;;1982-10-24;Stockholm;STO;Sweden;;;0
2609;100;Magnus;Hjalmarsson;;1959-12-16;Stockholm;STO;Sweden;;;0
2610;101;Jacob;Wallin;;1974-7-30;Malmˆ;SKÂ;Sweden;;;0
2611;101;Gustaf;Andersson;;1978-2-4;UmeÂ;V‰S;Sweden;;;0
2612;101;Patrik;Emilsson;;1980-3-21;Boden;NOR;Sweden;;;0
2613;101;Marcus;Larsson;;1979-2-9;Uddevalla;V‰S;Sweden;;;0
2614;101;Volodymyr;Shakhov;;1964-2-14;Zaporizhzhia;ZAP;Ukraine;;;0
2615;101;Mikael;Dahlstrˆm;;1983-1-28;Stockholm;STO;Sweden;;;0
2616;101;Roger;Pedersen;;1963-6-18;Stockholm;STO;Sweden;;;0
2617;101;Jonathan;Eriksson;;1965-10-20;Stockholm;STO;Sweden;;;0
2618;101;Henric;Furberg;;1977-2-4;V‰sterÂs;V‰S;Sweden;;;0
2619;101;Eric;Magnusson;;1963-11-20;Staffanstorp;SKÂ;Sweden;;;0
2620;-1;Jesper;Widerberg;;1970-6-27;Norrt‰lje;STO;Sweden;;;0
2621;-1;Jonathan;Thoresson;;1976-8-7;Gˆteborg;V‰S;Sweden;;;0
2622;-1;Linus;Thomsson;;1960-4-5;÷vertorneÂ;NOR;Sweden;;;0
2623;-1;Oscar;NorÈn;;1981-4-28;LuleÂ;NOR;Sweden;;;0
2624;-1;Max;Andersson;;1968-2-24;Haparanda;NOR;Sweden;;;0
2625;-1;Alex;Sandin;;1966-7-23;Falun;DAL;Sweden;;;0
2626;-1;Carl;Asikainen;;1955-7-20;Nyn‰shamn;STO;Sweden;;;0
2627;-1;Updes;Singh;;1983-1-14;Guwahati;ASS;India;;;0
2628;-1;Johnny;Larsson;;1963-10-11;Uppsala;UPP;Sweden;;;0
2629;-1;Juhani;Vimpari;;1973-9-27;Stockholm;STO;Sweden;;;0
2630;-1;Simon;Hurtig;;1961-7-11;Nykˆping;SˆD;Sweden;;;0
2631;-1;Oskar;Johansson;;1964-8-28;Mariestad;V‰S;Sweden;;;0
2632;-1;Nenad;Kukic;;1973-8-10;Stockholm;STO;Sweden;;;0
2633;-1;Rickard;Roos;;1971-6-28;Stockholm;STO;Sweden;;;0
2634;-1;Jesper;Sˆderberg;;1965-7-14;TimrÂ;V‰S;Sweden;;;0
2635;-1;Per;Eriksson;;1976-9-5;Kalmar;KAL;Sweden;;;0
2636;-1;Elof;Jalonen;;1968-10-26;Upplands V‰sby;STO;Sweden;;;0
2637;-1;Christer;Saha;;1971-2-15;Gnesta;SˆD;Sweden;;;0
2638;-1;Felix;Rosenberg;;1955-9-7;Stockholm;STO;Sweden;;;0
2639;-1;Hao;Shengjiong;;1968-1-3;Fuyu;HEI;China;;;0
2640;-1;Axel;Burstrˆm;;1964-12-18;Kˆping;V‰S;Sweden;;;0
2641;-1;Tsuneo;Higuchi;;1984-10-17;Odawara;KAN;Japan;;;0
2642;-1;Tom;Moberg;;1984-5-4;Alvesta;KRO;Sweden;;;0
2643;-1;Klas;Sjˆberg;;1973-1-8;Gˆteborg;V‰S;Sweden;;;0
2644;-1;Jonathan;Gustavsson;;1980-3-13;Nyn‰shamn;STO;Sweden;;;0
2645;-1;Per;Hultman;;1967-5-22;Mˆlndal;V‰S;Sweden;;;0
2646;-1;Tobias;Rˆnnqvist;;1970-7-12;Malmˆ;SKÂ;Sweden;;;0
2647;-1;Carl;Olsson;;1965-11-3;PiteÂ;NOR;Sweden;;;0
2648;-1;William;Ekberg;;1978-9-25;Gˆteborg;V‰S;Sweden;;;0
2649;-1;Jan-Olof;Pettersson;;1973-2-3;Orsa;DAL;Sweden;;;0
2650;-1;Martin;Paulsson;;1970-8-27;Stockholm;STO;Sweden;;;0
2651;-1;Daniel;Sundkvist;;1983-1-30;Stockholm;STO;Sweden;;;0
2652;-1;Jacob;Berglund;;1962-3-23;SkellefteÂ;V‰S;Sweden;;;0
2653;-1;Alexander;Hugosson;;1970-12-28;Jˆnkˆping;JˆN;Sweden;;;0
2654;-1;Alexander;Alfredsson;;1972-7-2;Upplands V‰sby;STO;Sweden;;;0
2655;-1;Jonathan;Yngvesson;;1960-5-27;Nykˆping;SˆD;Sweden;;;0
2656;-1;Clark;Ramey;;1977-2-23;Buffalo;NY;United States;;;0
2657;-1;Henrik;Augustsson;;1959-12-5;Sandviken;G‰V;Sweden;;;0
2658;-1;Ivan;Demchenko;;1955-8-10;Dniprodzerzhynsk;DNI;Ukraine;;;0
2659;-1;Gustaf;Vilhelmsson;;1983-5-27;Borl‰nge;DAL;Sweden;;;0
2660;-1;Carl;Larsson;;1955-7-24;Solna;STO;Sweden;;;0
2661;-1;Gunnar;Gustafsson;;1958-12-10;Stockholm;STO;Sweden;;;0
2662;-1;Thom;Lindberg;;1981-6-15;Kˆping;V‰S;Sweden;;;0
2663;-1;Linus;Sturesson;;1970-11-3;Sveg;J‰M;Sweden;;;0
2664;-1;Jesse;Carroccio;;1967-12-28;New York;NY;United States;;;0
2665;-1;Viktor;Olofsson;;1963-2-22;Kramfors;V‰S;Sweden;;;0
2666;-1;Oscar;Edholm;;1980-12-31;Ulricehamn;V‰S;Sweden;;;0
2667;-1;August;Berglund;;1973-11-23;Stockholm;STO;Sweden;;;0
2668;-1;Simon;Wennerberg;;1961-7-5;Stockholm;STO;Sweden;;;0
2669;-1;Eero;Kirjalainen;;1958-10-27;V‰xjˆ;KRO;Sweden;;;0
2670;-1;Filip;Larsson;;1962-6-16;Linkˆping;÷ST;Sweden;;;0
2671;-1;David;Bengtsson;;1957-9-9;Gˆteborg;V‰S;Sweden;;;0
2672;-1;Pontus;Almqvist;;1959-9-12;Linkˆping;÷ST;Sweden;;;0
2673;-1;Mattias;Svanstrˆm;;1960-1-6;Halmstad;HAL;Sweden;;;0
2674;-1;Jakob;Blomberg;;1965-2-7;Stockholm;STO;Sweden;;;0
2675;-1;Oliver;Brostrˆm;;1975-10-17;Kumla;÷RE;Sweden;;;0
2676;-1;Sebastian;Olsson;;1964-5-30;UmeÂ;V‰S;Sweden;;;0
2677;-1;Alexander;Bancroft;;1966-11-5;Waihe'e-Waiehu;HI;United States;;;0
2678;-1;Gustav;Lundstrˆm;;1983-2-10;Sollentuna;STO;Sweden;;;0
2679;-1;Shozo;Ono;;1976-8-9;Tokyo;TOK;Japan;;;0
2680;-1;Joseph;Fothergill;;1982-4-24;New York;NY;United States;;;0
2681;-1;Leo;Ljungberg;;1967-4-13;G‰vle;G‰V;Sweden;;;0
2682;-1;Georg;Lundstedt;;1970-6-18;H‰rnˆsand;V‰S;Sweden;;;0
2683;-1;Markus;Olsson;;1967-10-14;Gˆteborg;V‰S;Sweden;;;0
2684;-1;Samuel;Mogren;;1969-6-26;H‰rnˆsand;V‰S;Sweden;;;0
2685;-1;Anton;Sundell;;1959-10-18;BorÂs;V‰S;Sweden;;;0
2686;-1;Anton;Thomsson;;1967-4-17;Stockholm;STO;Sweden;;;0
2687;-1;Simon;HÂkansson;;1966-5-9;Uppsala;UPP;Sweden;;;0
2688;-1;Bastien;Richard;;1974-11-5;Noisy-le-Roi;ŒLE;France;;;0
2689;-1;Olle;Falk;;1959-6-2;Norrkˆping;÷ST;Sweden;;;0
2690;-1;Pontus;Lundin;;1959-3-13;Stockholm;STO;Sweden;;;0
2691;-1;Ron;Johannsen;;1956-6-13;Tucson;AZ;United States;;;0
2692;-1;Filip;Haraldsson;;1977-4-29;Hedemora;DAL;Sweden;;;0
2693;-1;Oscar;Nygren;;1984-7-2;Uppsala;UPP;Sweden;;;0
2694;-1;Mattias;Krantz;;1974-3-22;Stockholm;STO;Sweden;;;0
2695;-1;Benjamin;Pettersson;;1983-12-16;Stockholm;STO;Sweden;;;0
2696;-1;Simon;Carlsson;;1960-3-12;Gˆteborg;V‰S;Sweden;;;0
2697;-1;Isak;Dahlgren;;1965-3-29;Uddevalla;V‰S;Sweden;;;0
2698;-1;Isak;Kristiansen;;1970-11-30;Nacka;STO;Sweden;;;0
2699;-1;Benjamin;Pedersen;;1981-1-16;Gˆteborg;V‰S;Sweden;;;0
2700;-1;Love;Nilsson;;1966-3-25;Stockholm;STO;Sweden;;;0
2701;-1;Albin;÷stling;;1974-11-15;J‰rf‰lla;STO;Sweden;;;0
2702;-1;Gabriel;Larsson;;1979-12-28;Lund;SKÂ;Sweden;;;0
2703;-1;Alexander;Lindstrˆm;;1960-12-2;Strˆmstad;V‰S;Sweden;;;0
2704;-1;Viktor;Frederiksen;;1976-1-30;Malmˆ;SKÂ;Sweden;;;0
2705;-1;Viktor;Rydholm;;1959-10-20;Falkenberg;HAL;Sweden;;;0
2706;-1;Joel;Boman;;1978-2-11;Sundsvall;V‰S;Sweden;;;0
2707;-1;William;Vestling;;1977-7-10;÷rnskˆldsvik;V‰S;Sweden;;;0
2708;-1;Ilmari;Ekstrˆm;;1971-12-9;J‰rf‰lla;STO;Sweden;;;0
2709;-1;Tommy;Carlsson;;1957-5-7;÷stersund;J‰M;Sweden;;;0
2710;-1;Erik;Nilsson;;1977-2-10;Stockholm;STO;Sweden;;;0
2711;-1;Ray;Hobbs;;1964-7-6;Texarkana;AR;United States;;;0
2712;-1;Claes;Lundborg;;1982-1-6;Halmstad;HAL;Sweden;;;0
2713;-1;Viktor;Almberg;;1971-6-27;Stockholm;STO;Sweden;;;0
2714;-1;Oskar;Gˆthe;;1978-7-19;Eslˆv;SKÂ;Sweden;;;0
2715;-1;Alf;≈kerstrˆm;;1955-12-18;Partille;V‰S;Sweden;;;0
2716;-1;Dario;Onorato;;1984-2-21;Montreal;QC;Canada;;;0
2717;-1;Mattias;HÂkansson;;1973-7-2;Trollh‰ttan;V‰S;Sweden;;;0
2718;-1;Alexander;Ward;;1963-9-5;T‰by;STO;Sweden;;;0
2719;-1;Axel;Kjellberg;;1979-2-21;Eskilstuna;SˆD;Sweden;;;0
2720;-1;Viktor;Persson;;1976-5-15;Eskilstuna;SˆD;Sweden;;;0
2721;-1;Axel;Wikander;;1955-11-30;V‰sterÂs;V‰S;Sweden;;;0
2722;-1;Emil;Knutsson;;1970-6-10;Tumba;STO;Sweden;;;0
2723;-1;Jonathan;Vestman;;1957-4-11;Stockholm;STO;Sweden;;;0
2724;-1;Oscar;Lidstrˆm;;1956-3-16;Tumba;STO;Sweden;;;0
2725;-1;Filip;Gustafsson;;1978-12-2;Uppsala;UPP;Sweden;;;0
2726;-1;Miska;Tamminen;;1973-12-27;Stockholm;STO;Sweden;;;0
2727;-1;Kevin;≈strˆm;;1979-6-23;Stockholm;STO;Sweden;;;0
2728;-1;William;H‰ggblom;;1958-6-26;Lund;SKÂ;Sweden;;;0
2729;-1;Ludvig;Forsberg;;1971-11-27;Stockholm;STO;Sweden;;;0
2730;-1;Oskar;Frisell;;1965-1-23;Uppsala;UPP;Sweden;;;0
2731;-1;Brad;Miller;;1969-4-29;Zumbrota;MN;United States;;;0
2732;-1;Johannes;Ekmark;;1958-9-6;Stockholm;STO;Sweden;;;0
2733;-1;Eric;Stensson;;1972-10-28;Skara;V‰S;Sweden;;;0
2734;-1;Eric;Lorentzson;;1965-7-21;T‰by;STO;Sweden;;;0
2735;-1;Viktor;Andersson;;1963-9-11;Stockholm;STO;Sweden;;;0
2736;-1;Olle;Ringstrˆm;;1979-10-5;Varberg;HAL;Sweden;;;0
2737;-1;Markus;Bengtsson;;1964-4-2;Stockholm;STO;Sweden;;;0
2738;-1;Dmitry;Katanayev;;1974-6-22;Ulyanovsk;ULY;Russia;;;0
2739;-1;Jacob;Christiansson;;1974-8-18;UmeÂ;V‰S;Sweden;;;0
2740;-1;Hampus;Ericsson;;1969-5-8;÷stersund;J‰M;Sweden;;;0
2741;-1;William;Vesterlund;;1970-4-30;Stockholm;STO;Sweden;;;0
2742;-1;Dennis;KalÈn;;1980-12-11;Stockholm;STO;Sweden;;;0
2743;-1;Rasmus;Nordstrˆm;;1974-2-4;Norrkˆping;÷ST;Sweden;;;0
2744;-1;Axel;Larsson;;1972-11-3;Halmstad;HAL;Sweden;;;0
2745;-1;Emil;Berger;;1972-7-22;Uppsala;UPP;Sweden;;;0
2746;-1;Gustav;Granberg;;1984-7-1;≈kersberga;STO;Sweden;;;0
2747;-1;Fabian;Johansson;;1957-10-20;Gˆteborg;V‰S;Sweden;;;0
2748;-1;Valter;Olsson;;1968-4-27;Sundbyberg;STO;Sweden;;;0
2749;-1;Simon;Ljungdahl;;1965-12-3;V‰xjˆ;KRO;Sweden;;;0
2750;-1;Tobias;Larsson;;1955-10-10;÷rebro;÷RE;Sweden;;;0
2751;-1;Gustaf;Andersson;;1964-12-4;Tyringe;SKÂ;Sweden;;;0
2752;-1;Martin;Lˆˆv;;1981-5-24;Gˆteborg;V‰S;Sweden;;;0
2753;-1;John;Matthews;;1976-11-30;Downey;CA;United States;;;0
2754;-1;Tobias;Carlsson;;1972-4-15;Stockholm;STO;Sweden;;;0
2755;-1;Christoffer;Larsson;;1972-10-28;Stockholm;STO;Sweden;;;0
2756;-1;Dennis;Olsson;;1962-12-20;Falkˆping;V‰S;Sweden;;;0
2757;-1;Tobias;Nordberg;;1982-10-1;Kramfors;V‰S;Sweden;;;0
2758;-1;AndrÈ;FranzÈn;;1964-8-22;Kalmar;KAL;Sweden;;;0
2759;-1;Sakari;Ventovuori;;1979-8-20;Stockholm;STO;Sweden;;;0
2760;-1;Joel;Carlqvist;;1978-12-10;Varberg;HAL;Sweden;;;0
2761;-1;Lukas;Johansson;;1974-6-25;Valbo;G‰V;Sweden;;;0
2762;-1;Markus;Zachrisson;;1955-8-6;BorÂs;V‰S;Sweden;;;0
2763;-1;Alex;Borg;;1967-3-18;Mˆlndal;V‰S;Sweden;;;0
2764;-1;Alex;Larsson;;1962-7-13;Trollh‰ttan;V‰S;Sweden;;;0
2765;-1;Alexander;Arnoldsson;;1958-2-28;Huddinge;STO;Sweden;;;0
2766;-1;Axel;Svensson;;1984-3-25;Ludvika;DAL;Sweden;;;0
2767;-1;David;Gunnarsson;;1974-1-8;Stockholm;STO;Sweden;;;0
2768;-1;Fredrik;Sjˆberg;;1976-2-2;Eskilstuna;SˆD;Sweden;;;0
2769;-1;Conny;Lind;;1968-5-13;Stockholm;STO;Sweden;;;0
2770;-1;Linus;Sandin;;1975-3-3;Stockholm;STO;Sweden;;;0
2771;-1;Martin;Blomqvist;;1966-6-3;V‰stervik;KAL;Sweden;;;0
2772;-1;Jarmo;Hyv‰rinen;;1977-6-17;Vallentuna;STO;Sweden;;;0
2773;-1;Johan;Pettersson;;1984-3-31;Stockholm;STO;Sweden;;;0
2774;-1;Jakob;Oscarsson;;1982-8-1;Nykˆping;SˆD;Sweden;;;0
2775;-1;Samuel;Stenstrˆm;;1969-11-8;Helsingborg;SKÂ;Sweden;;;0
2776;-1;Arystanbek;Babloyev;;1958-7-28;Taraz;JAM;Kazakhstan;;;0
2777;-1;Hampus;Gardell;;1973-3-26;F‰rgelanda;V‰S;Sweden;;;0
2778;-1;Jonathan;Forsberg;;1970-4-29;Gˆteborg;V‰S;Sweden;;;0
2779;-1;Sun;Shaoxiong;;1968-11-29;Shanghai;SHA;China;;;0
2780;-1;Martin;Eriksson;;1966-11-9;V‰sterÂs;V‰S;Sweden;;;0
2781;-1;John;Koskinen;;1974-7-25;Sˆdert‰lje;STO;Sweden;;;0
2782;-1;Samuel;Axelsson;;1955-12-8;Sˆdert‰lje;STO;Sweden;;;0
2783;-1;William;Sˆderlund;;1973-4-5;Nykˆping;SˆD;Sweden;;;0
2784;-1;Marcus;SpÂng;;1978-5-8;≈storp;SKÂ;Sweden;;;0
2785;-1;Marcus;≈kerlund;;1970-5-17;Gˆteborg;V‰S;Sweden;;;0
2786;-1;Karl;Andersson;;1960-11-18;Stockholm;STO;Sweden;;;0
2787;-1;Gˆte;Malm;;1978-1-2;Upplands-V‰sby;STO;Sweden;;;0
2788;-1;Mattias;Granlund;;1978-12-14;M‰rsta;STO;Sweden;;;0
2789;-1;Alexander;Sˆderberg;;1984-6-6;Stockholm;STO;Sweden;;;0
2790;-1;Anton;Brostrˆm;;1981-5-30;Vimmerby;KAL;Sweden;;;0
2791;-1;Frans;Lindstrˆm;;1977-7-14;Stockholm;STO;Sweden;;;0
2792;-1;Gustav;Wickstrˆm;;1964-8-15;Stockholm;STO;Sweden;;;0
2793;-1;William;Olofsson;;1964-5-5;Gˆteborg;V‰S;Sweden;;;0
2794;-1;Emil;Nordstrˆm;;1960-1-25;Lund;SKÂ;Sweden;;;0
2795;-1;Roberto;Rodriguez;;1967-4-3;H‰rnˆsand;V‰S;Sweden;;;0
2796;-1;Samuel;Johansson;;1983-4-16;Skˆvde;V‰S;Sweden;;;0
2797;-1;Tobias;Karlsson;;1975-2-25;Stockholm;STO;Sweden;;;0
2798;-1;Viktor;Axelsson;;1962-3-17;Stockholm;STO;Sweden;;;0
2799;-1;Axel;≈strˆm;;1972-7-9;Gˆteborg;V‰S;Sweden;;;0
2800;-1;Ed;Murray;;1969-3-6;Three Hills;AB;Canada;;;0
2801;-1;Rasmus;Ahlgren;;1969-12-22;Jˆnkˆping;JˆN;Sweden;;;0
2802;-1;Nils-Arne;Sundvall;;1974-11-17;Sˆdert‰lje;STO;Sweden;;;0
2803;-1;Edvard;Wikner;;1983-3-8;Jˆnkˆping;JˆN;Sweden;;;0
2804;-1;Glenn;Petersson;;1965-12-10;Sundbyberg;STO;Sweden;;;0
2805;-1;Rickard;Wahlstrˆm;;1976-10-29;Norrkˆping;÷ST;Sweden;;;0
2806;-1;Jonathan;Wennberg;;1971-3-30;Danderyd;STO;Sweden;;;0
2807;-1;Lukas;Freij;;1973-10-16;Stockholm;STO;Sweden;;;0
2808;-1;Martin;Klofac;;1973-8-7;Letohrad;PAR;Czechia;;;0
2809;-1;Simon;Ljungdahl;;1969-5-15;Malmˆ;SKÂ;Sweden;;;0
2810;-1;Emil;Jeppsson;;1978-1-20;Stockholm;STO;Sweden;;;0
2811;-1;Ronny;Winther;;1978-3-25;Jˆnkˆping;JˆN;Sweden;;;0
2812;-1;Oliver;Wilhelmsson;;1983-10-4;Gˆteborg;V‰S;Sweden;;;0
2813;-1;Joel;Olsson;;1971-9-16;Stockholm;STO;Sweden;;;0
2814;-1;Spomenko;Pirocanac;;1969-8-9;Skoghall;V‰R;Sweden;;;0
2815;-1;Anton;HedÈn;;1965-9-29;Malmˆ;SKÂ;Sweden;;;0
2816;-1;Niklas;Eklund;;1976-8-28;V‰rmdˆ;STO;Sweden;;;0
2817;-1;Alvar;Blomquist;;1975-7-23;Sollentuna;STO;Sweden;;;0
2818;-1;Tor;Nilsson;;1980-10-20;Jˆnkˆping;JˆN;Sweden;;;0
2819;-1;Hampus;Mattsson;;1968-7-11;Stockholm;STO;Sweden;;;0
2820;-1;Albert;Wireman;;1968-5-10;Dillsburg;PA;United States;;;0
2821;-1;Emil;Ahlstrˆm;;1970-7-15;Malmˆ;SKÂ;Sweden;;;0
2822;-1;Viktor;Melin;;1981-8-16;AlingsÂs;V‰S;Sweden;;;0
2823;-1;Jonathan;Jansson;;1970-1-19;Sundsvall;V‰S;Sweden;;;0
2824;-1;Otto;Einarsson;;1959-9-30;Stockholm;STO;Sweden;;;0
2825;-1;Charles;Jonsson;;1961-11-15;Lidkˆping;V‰S;Sweden;;;0
2826;-1;Chris;Wells;;1978-9-8;Shoreline;WA;United States;;;0
2827;-1;Nils;Sellberg;;1974-2-8;V‰sterÂs;V‰S;Sweden;;;0
2828;-1;Per-Johan;Olsson;;1976-5-10;Partille;V‰S;Sweden;;;0
2829;-1;Sebastian;Karlsson;;1963-4-29;Stockholm;STO;Sweden;;;0
2830;-1;Casper;Nilsson;;1974-2-4;Mora;DAL;Sweden;;;0
2831;-1;David;Ljung;;1963-7-13;÷vertorneÂ;NOR;Sweden;;;0
2832;-1;Christian;Brostrˆm;;1973-2-13;G‰vle;G‰V;Sweden;;;0
2833;-1;Rustem;Sultangaliyev;;1963-9-11;Kazan;TAT;Russia;;;0
2834;-1;Marcus;Svensson;;1982-9-5;H‰rnˆsand;V‰S;Sweden;;;0
2835;-1;Artur;Heikkinen;;1968-12-24;UmeÂ;V‰S;Sweden;;;0
2836;-1;Anton;Andersson;;1966-6-19;Solna;STO;Sweden;;;0
2837;-1;Carl;Hˆgstedt;;1967-10-12;Stockholm;STO;Sweden;;;0
2838;-1;Yaman;Awad;;1969-7-30;Norrkˆping;÷ST;Sweden;;;0
2839;-1;Tadashi;Makino;;1960-1-24;Nagano;NAG;Japan;;;0
2840;-1;Adam;Mackley;;1976-10-7;Yates City;IL;United States;;;0
2841;-1;Jonas;Englund;;1966-10-14;PiteÂ;NOR;Sweden;;;0
2842;-1;Jack;Viklund;;1962-1-26;Falun;DAL;Sweden;;;0
2843;-1;Jonathan;Wijk;;1979-8-25;Lund;SKÂ;Sweden;;;0
2844;-1;Kevin;Sjˆstedt;;1958-9-15;Sollentuna;STO;Sweden;;;0
2845;-1;Ludvik;OlsÈn;;1962-1-29;Karlshamn;BLE;Sweden;;;0
2846;-1;Artur;Westman;;1961-12-18;Stockholm;STO;Sweden;;;0
2847;-1;Anton;Kihlstrˆm;;1958-5-22;V‰sterÂs;V‰S;Sweden;;;0
2848;-1;Timofey;Vetlov;;1972-3-2;Yelabuga;TAT;Russia;;;0
2849;-1;Theodor;Johansson;;1982-1-20;Motala;÷ST;Sweden;;;0
2850;-1;Filip;Grundstrˆm;;1984-6-23;Haparanda;NOR;Sweden;;;0
2851;-1;Isac;÷stergren;;1957-2-6;Kalix;NOR;Sweden;;;0
2852;-1;Lukas;Markusson;;1983-9-24;Kiruna;NOR;Sweden;;;0
2853;-1;Dave;Witty;;1979-11-10;Pleasant Hill;MO;United States;;;0
2854;-1;Simon;Blom;;1973-1-18;Stockholm;STO;Sweden;;;0
2855;-1;Sten;Hedin;;1965-8-11;Haparanda;NOR;Sweden;;;0
2856;-1;Axel;Strˆm;;1978-8-14;Helsingborg;SKÂ;Sweden;;;0
2857;-1;Jonas;Kˆhler;;1962-3-30;÷rebro;÷RE;Sweden;;;0
2858;-1;Johannes;NorÈn;;1970-10-22;Stockholm;STO;Sweden;;;0
2859;-1;Max;Zettergren;;1960-4-15;Kramfors;V‰S;Sweden;;;0
2860;-1;Jonas;Samuelsson;;1961-2-6;Vetlanda;JˆN;Sweden;;;0
2861;-1;Elias;H‰gg;;1966-6-17;Stockholm;STO;Sweden;;;0
2862;-1;Niklas;Johansson;;1980-7-21;÷rebro;÷RE;Sweden;;;0
2863;-1;Damodaragoun;Sobha;;1974-9-1;Sholapur;MAH;India;;;0
2864;-1;Nikolay;Sidorov;;1980-12-20;Moscow;MOS;Russia;;;0
2865;-1;Edvin;Johansson;;1962-11-16;Gˆteborg;V‰S;Sweden;;;0
2866;-1;Simon;MÂnsson;;1959-2-23;Huddinge;STO;Sweden;;;0
2867;-1;Simon;Rydell;;1964-2-15;Tumba;STO;Sweden;;;0
2868;-1;Erik;Vedin;;1978-7-21;S‰ter;DAL;Sweden;;;0
2869;-1;Simon;Gustafsson;;1974-7-8;V‰sterÂs;V‰S;Sweden;;;0
2870;-1;Oliver;Petersson;;1976-1-29;Trollh‰ttan;V‰S;Sweden;;;0
2871;-1;Carl;Svensson;;1967-10-12;Mˆlndal;V‰S;Sweden;;;0
2872;-1;Ludvig;Hagstrˆm;;1973-11-22;V‰sterÂs;V‰S;Sweden;;;0
2873;-1;Simon;Nilsson;;1970-7-23;UmeÂ;V‰S;Sweden;;;0
2874;-1;Stefan;Vallin;;1958-5-28;Skˆvde;V‰S;Sweden;;;0
2875;-1;Hannes;Andersson;;1984-1-25;Mˆlnlycke;V‰S;Sweden;;;0
2876;-1;Albin;Brodin;;1964-10-29;Solna;STO;Sweden;;;0
2877;-1;Scott;Wescott;;1973-11-8;Chantilly;VA;United States;;;0
2878;-1;Wilhelm;Hemmingsson;;1981-9-17;Kungsbacka;V‰S;Sweden;;;0
2879;-1;Markus;Eriksson;;1982-5-24;Stockholm;STO;Sweden;;;0
2880;-1;Otto;Svensson;;1959-5-22;Helsingborg;SKÂ;Sweden;;;0
2881;-1;Johan;Josefsson;;1983-7-11;TranÂs;JˆN;Sweden;;;0
2882;-1;Simon;Olofsson;;1965-3-2;SollefteÂ;V‰S;Sweden;;;0
2883;-1;Isak;Fritzson;;1981-12-28;V‰xjˆ;KRO;Sweden;;;0
2884;-1;Ludvig;Hanson;;1970-12-29;Ljungby;KRO;Sweden;;;0
2885;-1;Denis;Masteritsyn;;1958-9-27;Nazran;ING;Russia;;;0
2886;-1;Cathal;Whyte;;1983-2-23;New York;NY;United States;;;0
2887;-1;Olle;Larsson;;1983-9-2;Motala;÷ST;Sweden;;;0
2888;-1;Sˆren;Samuelsson;;1974-4-18;AlingsÂs;V‰S;Sweden;;;0
2889;-1;Rune;Svensson;;1968-1-13;BorÂs;V‰S;Sweden;;;0
2890;-1;Daniel;Jˆnsson;;1970-7-18;Gˆteborg;V‰S;Sweden;;;0
2891;-1;Don;Siegfried;;1961-1-30;Raymond;WI;United States;;;0
2892;-1;Max;Karlsson;;1966-4-4;AlingsÂs;V‰S;Sweden;;;0
2893;-1;Frans;Salomonsson;;1977-4-29;T‰by;STO;Sweden;;;0
2894;-1;Gustav;Nielsen;;1979-2-3;Huddinge;STO;Sweden;;;0
2895;-1;Johannes;B‰ckstrˆm;;1966-4-11;Stockholm;STO;Sweden;;;0
2896;-1;Benjamin;Johansson;;1978-5-31;Malmˆ;SKÂ;Sweden;;;0
2897;-1;Jack;Andersson;;1977-10-8;Stockholm;STO;Sweden;;;0
2898;-1;Robin;ForsÈn;;1964-3-2;Hagfors;V‰R;Sweden;;;0
2899;-1;Erik;Palmqvist;;1981-6-7;Stockholm;STO;Sweden;;;0
2900;-1;Daniel;Olofsson;;1977-10-11;Stockholm;STO;Sweden;;;0
2901;-1;Lukas;Johannesson;;1958-6-5;Lindesberg;÷RE;Sweden;;;0
2902;-1;Joel;PalmÈr;;1982-11-30;Trelleborg;SKÂ;Sweden;;;0
2903;-1;Roger;Prince;;1976-7-31;Montreal;QC;Canada;;;0
2904;-1;Oliver;Eriksson;;1978-4-8;Falun;DAL;Sweden;;;0
2905;-1;Hampus;Artursson;;1977-11-9;Nacka;STO;Sweden;;;0
2906;-1;Ludvig;H‰ggstrˆm;;1963-7-22;Stockholm;STO;Sweden;;;0
2907;-1;Johan;≈kesson;;1964-12-19;Stockholm;STO;Sweden;;;0
2908;-1;Jonathan;Holmberg;;1971-11-5;V‰rnamo;JˆN;Sweden;;;0
2909;-1;Felix;Hansson;;1960-3-24;ƒngelholm;SKÂ;Sweden;;;0
2910;-1;Petteri;Voimala;;1955-2-25;Uppsala;UPP;Sweden;;;1
2911;-1;Kiyomori;Okamoto;;1968-8-5;Sukagawa;FUK;Japan;;;0
2912;-1;Marcus;Magnusson;;1962-10-27;M‰rsta;STO;Sweden;;;0
2913;-1;Walter;Jonsson;;1968-8-7;Stockholm;STO;Sweden;;;0
2914;-1;Tobias;Moberg;;1957-6-1;BorÂs;V‰S;Sweden;;;0
2915;-1;Tomas;Johansson;;1974-6-6;Ulricehamn;V‰S;Sweden;;;0
2916;-1;James;Plumley;;1963-10-13;Bridgeton;NJ;United States;;;0
2917;-1;Johannes;Nilsson;;1970-12-7;Malmˆ;SKÂ;Sweden;;;0
2918;-1;Hugo;Johansson;;1962-3-1;Malmˆ;SKÂ;Sweden;;;0
2919;-1;Christoffer;Karlsson;;1962-3-5;T‰by;STO;Sweden;;;0
2920;-1;Oskari;Kivel‰;;1967-6-6;Sˆdert‰lje;STO;Sweden;;;0
2921;-1;Arvid;Sandberg;;1981-12-27;Jˆnkˆping;JˆN;Sweden;;;0
2922;-1;Jostein;Pedersen;;1967-7-22;T‰by;STO;Sweden;;;0
2923;-1;Simon;Lindblad;;1962-4-26;Tumba;STO;Sweden;;;0
2924;-1;Denis;Hallqvist;;1959-7-9;Gˆteborg;V‰S;Sweden;;;0
2925;-1;Yngve;Andersen;;1977-5-4;Stockholm;STO;Sweden;;;0
2926;-1;Dennis;Bjˆrk;;1975-12-7;Sollentuna;STO;Sweden;;;0
2927;-1;Adam;Eriksson;;1974-11-26;Mˆlndal;V‰S;Sweden;;;0
2928;-1;Bjˆrn;Johnsson;;1972-1-18;Linkˆping;÷ST;Sweden;;;0
2929;-1;Kurt;Rahbek;;1960-8-15;V‰sterÂs;V‰S;Sweden;;;0
2930;-1;Beau;Pegram;;1976-7-17;New York;NY;United States;;;0
2931;-1;Filip;Johansson;;1968-6-1;V‰xjˆ;KRO;Sweden;;;0
2932;-1;Robin;Harju;;1960-5-16;Leksand;DAL;Sweden;;;0
2933;-1;Mattias;Norman;;1964-1-12;Gˆteborg;V‰S;Sweden;;;0
2934;-1;Arvid;Sjˆberg;;1976-11-26;Sundbyberg;STO;Sweden;;;0
2935;-1;Wilhelm;Karlsson;;1969-5-14;TranÂs;JˆN;Sweden;;;0
2936;-1;Bokhani;Ajagbe;;1958-4-11;Nairobi;NAI;Kenya;;;0
2937;-1;Anton;Johansson;;1970-10-7;Stockholm;STO;Sweden;;;0
2938;-1;Markku;Louhelainen;;1984-11-3;Stockholm;STO;Sweden;;;0
2939;-1;Jakob;Dahlgren;;1962-8-26;Lidingˆ;STO;Sweden;;;0
2940;102;Musabek;Shabdarbayev;;1959-6-16;Almaty;ALM;Kazakhstan;;;0
2941;102;Damir;Fakhrutdinov;;1984-5-20;Verkhneye Dubrovo;SVE;Russia;;;0
2942;102;Vadim;Mokeyev;;1978-10-10;Pavlodar;PAV;Kazakhstan;;;0
2943;102;Muhammet;«akirer;;1967-1-20;Kaka;AHA;Turkmenistan;;;0
2944;102;Ivan;Trifonov;;1975-11-7;Dolinka;KAR;Kazakhstan;;;0
2945;102;Ismail;Kashapov;;1983-8-2;Ufa;BAS;Russia;;;0
2946;102;Valery;Pivnenko;;1957-12-10;Yoshkar-Ola;MAR;Russia;;;0
2947;102;Aleksey;Belyanin;;1969-6-9;Moscow;MOS;Russia;;;0
2948;102;Andrey;Galaguza;;1964-1-30;Krasnodar;KRA;Russia;;;0
2949;102;Ilya;Ozeretskovsky;;1975-1-20;Kazan;TAT;Russia;;;0
2950;103;Nurtas;Gilmayev;;1971-9-6;T‰tesh;TAT;Russia;;;0
2951;103;Valeriy;Nasybullin;;1964-11-19;Moscow;MOS;Russia;;;0
2952;103;Elvijs;Vike;;1977-11-3;Borisov;MIN;Belarus;;;0
2953;103;Nejc;Grdina;;1977-9-1;Koper;OBA;Slovenia;;;0
2954;103;Alper;KoÁ;;1982-11-23;T¸rkmenabat;LEB;Turkmenistan;;;0
2955;103;Artyom;Khabarov;;1983-7-5;Romodanovo;MOR;Russia;;;0
2956;103;Aleksey;Tikhonov;;1967-12-13;Kara-Suu;;Kyrgyzstan;;;0
2957;103;Radim;Sharafullin;;1971-3-19;Ufa;BAS;Russia;;;0
2958;103;Vitaly;Povilyagin;;1956-3-23;Nachalovo;AST;Russia;;;0
2959;103;Aleksey;Ledomsky;;1962-6-4;Mikhaylovskoye;ALT;Russia;;;0
2960;104;Yegor;Petrenko;;1976-7-22;Zavodoukovsk;TYU;Russia;;;0
2961;104;Aleksandr;Lobakov;;1963-3-13;Yoshkar-Ola;MAR;Russia;;;0
2962;104;Nicolas;Lebeau;;1955-4-8;Paris;ŒLE;France;;;0
2963;104;Nikolay;Borodayev;;1961-1-28;Kletnya;BRY;Russia;;;0
2964;104;Mikhail;Bebutov;;1970-2-23;Leningradskiy;KHA;Tajikistan;;;0
2965;104;Maksim;Zhivlyuk;;1960-7-10;Khabarovsk;KHA;Russia;;;0
2966;104;Konstantin;Solovyov;;1976-11-9;Vostok;SAK;Russia;;;0
2967;104;Audrius;Pilibaitis;;1973-7-5;Omsk;OMS;Russia;;;0
2968;104;Yegor;Malinovsky;;1976-6-9;Korolyov;MOS;Russia;;;0
2969;104;Igor;Goldobin;;1981-6-6;Kurgan;KUR;Russia;;;0
2970;105;Fakhraz;Islamov;;1956-12-22;Shimanovsk;AMU;Russia;;;0
2971;105;Yevgeny;Mayasin;;1979-5-29;Srednyaya Akhtuba;VOL;Russia;;;0
2972;105;Nurlan;Idrisov;;1968-12-20;Aqtˆbe;AKT;Kazakhstan;;;0
2973;105;Sergey;Zdrayevsky;;1956-4-16;Tyumen;TYU;Russia;;;0
2974;105;Polikarp;Ryazantsev;;1981-6-19;Zhitikara;KOS;Kazakhstan;;;0
2975;105;Yevgeny;Kozlov;;1963-1-11;Nazarovo;KRA;Russia;;;0
2976;105;Pavel;Vorobyov;;1958-2-28;Michurinsk;TAM;Russia;;;0
2977;105;Yevgeny;Lipskerov;;1966-9-11;Mirnyy;YAK;Russia;;;0
2978;105;Yevgeny;Anisimov;;1977-11-25;Nazran;ING;Russia;;;0
2979;105;Yegor;Alshevsky;;1955-1-27;Dolakovo;ING;Russia;;;0
2980;106;Syarhey;Shuneyka;;1960-4-7;Lida;GRO;Belarus;;;0
2981;106;Nazar;Famichow;;1976-6-2;Oshmyany;GRO;Belarus;;;0
2982;106;Oleh;Fominych;;1967-9-17;Asgabat;ASG;Turkmenistan;;;0
2983;106;Suren;Bubushyan;;1975-3-10;Penza;PEN;Russia;;;0
2984;106;Burkard;Wagner;;1976-1-15;D¸sseldorf;NOR;Germany;;;0
2985;106;Uladzimir;Navumaw;;1974-3-25;Minsk;MIN;Belarus;;;0
2986;106;Vintsuk;Lepin;;1972-3-3;Baranovichi;BRE;Belarus;;;0
2987;106;Matviy;Zabolotnyi;;1977-1-1;Gomel;GOM;Belarus;;;0
2988;106;Yawhen;Kantsavy;;1959-12-23;Minsk;MIN;Belarus;;;0
2989;106;Dzmitry;Shuhunkow;;1974-9-24;Minsk;MIN;Belarus;;;0
2990;107;Dmitry;Pyrkin;;1968-7-18;Kandalaksha;MUR;Russia;;;0
2991;107;Yevgeny;Yukseyev;;1971-9-23;Yermish;RYA;Russia;;;0
2992;107;Maksim;Khasanshin;;1971-7-7;St. Petersburg;SAI;Russia;;;0
2993;107;Mehmet Emin;Baba;;1966-11-2;Kerki;LEB;Turkmenistan;;;0
2994;107;Oliver;McBeth;;1981-2-13;Brechin;SCO;Scotland;;;0
2995;107;Igor;Volmer;;1957-8-16;Nevinnomyssk;STA;Russia;;;0
2996;107;Roman;Tutsky;;1960-10-8;Vladivostok;PRI;Russia;;;0
2997;107;Yegor;Shavaleyev;;1970-4-15;Gvardeysk;KAL;Russia;;;0
2998;107;Dmitry;Opoischikov;;1971-12-4;Oktyabrskiy;VOL;Russia;;;0
2999;107;Stepan;Shestakov;;1967-7-7;Votkinsk;UDM;Russia;;;0
3000;108;Nikolay;Yachmenyov;;1963-10-10;Makhachkala;DAG;Russia;;;0
3001;108;Mikhail;Misianevich;;1967-3-9;Arzamas;NIZ;Russia;;;0
3002;108;Pyotr;Ponidelko;;1981-6-20;Krasnoyarka;OMS;Russia;;;0
3003;108;Raphael;Bˆhm;;1971-5-25;Datteln;NOR;Germany;;;0
3004;108;Viktor;Gusev;;1979-6-6;Zhirnovsk;VOL;Russia;;;0
3005;108;Aleksey;Azhiganov;;1978-4-5;Murmansk;MUR;Russia;;;0
3006;108;Sergei;Ratishvili;;1963-5-2;Cizah;CIZ;Uzbekistan;;;0
3007;108;Yury;Mikolaichuk;;1975-5-24;Obninsk;KAL;Russia;;;0
3008;108;Aleksandr;Rakhvalov;;1962-8-22;Kurtamysh;KUR;Russia;;;0
3009;108;Ruslan;Mityayev;;1979-9-8;Nizhny Novgorod;NIZ;Russia;;;0
3010;109;Aleksey;Larin;;1981-6-9;Volgograd;VOL;Russia;;;0
3011;109;Aleksandr;Nekhrist;;1963-4-25;Krasnogorsk;MOS;Russia;;;0
3012;109;Yegor;Avrutin;;1959-2-8;Elektrostal;MOS;Russia;;;0
3013;109;Alexei;Abkhazov;;1983-6-10;Buka;TAS;Uzbekistan;;;0
3014;109;Dmitry;Luzyanin;;1969-3-8;Moscow;MOS;Russia;;;0
3015;109;Serdar;Aralbayev;;1981-6-13;Aksakovo;BAS;Russia;;;0
3016;109;Nikolay;Rachin;;1963-7-29;Dvurechensk;SVE;Russia;;;0
3017;109;Nikita;Azeyev;;1972-4-28;Labinsk;KRA;Russia;;;0
3018;109;Andrey;Zemlyuk;;1979-10-8;Vyborg;LEN;Russia;;;0
3019;109;Marat;Abdullin;;1977-8-30;Elista;KAL;Russia;;;0
3020;110;Nikita;Yaburov;;1966-10-12;Krasnoyarsk;KRA;Russia;;;0
3021;110;Niyaz;Khusainov;;1973-6-25;Leninogorsk;TAT;Russia;;;0
3022;110;Nikolay;Titlyanov;;1972-2-12;Nizhneudinsk;IRK;Russia;;;0
3023;110;Sean;Roche;;1957-6-6;Macroom;COR;Ireland;;;0
3024;110;Pierre;Andrieu;;1980-7-17;Cagnes-sur-Mer;PRO;France;;;0
3025;110;Artyom;Metrovelli;;1963-8-8;Tashkent;TAS;Uzbekistan;;;0
3026;110;Andrey;Zarubin;;1970-2-7;Borovichi;NOV;Russia;;;0
3027;110;Nikita;Skvortsov;;1956-11-16;Moscow;MOS;Russia;;;0
3028;110;Nikita;Mndoyants;;1962-2-4;Olenegorsk;MUR;Russia;;;0
3029;110;Aleksey;Paikin;;1966-10-13;Moscow;MOS;Russia;;;0
3030;111;Aleksandr;Dakhno;;1966-10-11;Komsomolsk;IVA;Russia;;;0
3031;111;Fyodor;Galitsyn;;1977-3-5;Cherepovets;VOL;Russia;;;0
3032;111;Dmitry;Latypov;;1969-10-19;Samara;SAM;Russia;;;0
3033;111;Artyom;Aydayev;;1956-6-25;Nurak;KHA;Tajikistan;;;0
3034;111;Denis;Golyshev;;1982-3-14;Gerga;DAG;Russia;;;0
3035;111;Igor;Krysanov;;1976-7-15;Taganrog;ROS;Russia;;;0
3036;111;Anton;Tsulukidze;;1960-2-22;Namangan;NAM;Uzbekistan;;;0
3037;111;Vladimir;Yentov;;1980-11-13;Tver;TVE;Russia;;;0
3038;111;Yevgeny;Lokotchenko;;1982-12-21;Volgodonsk;ROS;Russia;;;0
3039;111;Roman;Korovayev;;1974-9-23;Ryazan;RYA;Russia;;;0
3040;112;Andrey;Larichkin;;1961-5-23;Nizhny Novgorod;NIZ;Russia;;;0
3041;112;JosÈ;Santos;;1961-11-21;Buenos Aires;CIU;Argentina;;;0
3042;112;Cornelis;Bos;;1975-2-26;Den Bosch;OVE;Netherlands;;;0
3043;112;Ueli;Schenk;;1976-5-5;Biel;BE;Switzerland;;;0
3044;112;Kirill;Polev;;1958-11-27;Obyachevo;KOM;Russia;;;0
3045;112;Vadim;Pavelyev;;1984-6-8;Inza;ULY;Russia;;;0
3046;112;Yegor;Tolmachevsky;;1971-6-1;Tyumen;TYU;Russia;;;0
3047;112;Bahshi;Mengliyev;;1965-5-30;Moscow;MOS;Russia;;;0
3048;112;Artyom;Kustodiyev;;1976-6-10;Moscow;MOS;Russia;;;0
3049;112;Aleksey;Zapasnoi;;1971-11-6;Rostov-na-Donu;ROS;Russia;;;0
3050;113;Nikita;Palavandishvili;;1981-8-19;Tashkent;TAS;Uzbekistan;;;0
3051;113;Maksim;Alborov;;1980-3-8;Izhevsk;UDM;Russia;;;0
3052;113;Janusz;Wcislo;;1961-2-9;Liepaja;LIE;Latvia;;;0
3053;113;Pavel;Gerken;;1955-5-11;Togliatti;SAM;Russia;;;0
3054;113;Prestin;Na'il;;1984-12-23;Wrexham;WAL;Wales;;;0
3055;113;Aleksey;Chislov;;1963-10-25;Izberbash;DAG;Russia;;;0
3056;113;Pavel;Lukin;;1971-4-16;Kazan;TAT;Russia;;;0
3057;113;Alexander;Emukhvari;;1959-2-18;D¸stlik;CIZ;Uzbekistan;;;0
3058;113;Maksim;Ustinsky;;1974-11-2;Chelyabinsk;CHE;Russia;;;0
3059;113;Konstantin;Yevgrafov;;1966-6-20;Blagoveshchenka;ALT;Russia;;;0
3060;114;Askar;Balmagambetov;;1971-11-3;Ust-Kamenogorsk;SIG;Kazakhstan;;;0
3061;114;Ilya;Radek;;1982-10-25;Ulyanovsk;ULY;Russia;;;0
3062;114;Aleksandr;Novikov;;1960-12-1;Kadnikov;VOL;Russia;;;0
3063;114;Vadim;Chikovani;;1965-9-12;Zomin;CIZ;Uzbekistan;;;0
3064;114;Nikolay;Pradedov;;1980-6-26;Petrov Val;VOL;Russia;;;0
3065;114;Andrey;Zayets;;1963-2-24;Ordzhonikidzevskaya;ING;Russia;;;0
3066;114;Mikhail;Plakhotnikov;;1973-6-18;Lukovetskiy;ARK;Russia;;;0
3067;114;Yevgeny;Kulyash;;1971-6-26;Voronezh;VOR;Russia;;;0
3068;114;Boris;Manyunin;;1959-10-13;Barnaul;ALT;Russia;;;0
3069;114;Marat;Fakhrazovich;;1957-12-31;Khimki;MOS;Russia;;;0
3070;115;Nikita;Melerovich;;1984-2-20;Rostov-na-Donu;ROS;Russia;;;0
3071;115;Yevgeny;Utemov;;1967-11-2;Nizhny Novgorod;NIZ;Russia;;;0
3072;115;Roman;Masteritsyn;;1984-10-8;Chernaya Kholunitsa;KIR;Russia;;;0
3073;115;Daniil;Sokolov;;1957-12-12;Yelabuga;TAT;Russia;;;0
3074;115;Farvat;Asanbayev;;1972-6-16;Sterlitamak;BAS;Russia;;;0
3075;115;Levan;Merabishvili;;1973-11-8;Zhezkazgan;KAR;Kazakhstan;;;0
3076;115;Marat;Akchurin;;1964-10-4;Khabarovsk;KHA;Russia;;;0
3077;115;Rustem;Ganeyev;;1979-8-28;Vladivostok;PRI;Russia;;;0
3078;115;Aleksandr;Mamkin;;1982-6-26;Vyselki;KRA;Russia;;;0
3079;115;Roman;Vikhorev;;1973-12-16;Oryol;ORY;Russia;;;0
3080;116;Aleksandr;Shipachyov;;1966-8-30;Barnaul;ALT;Russia;;;0
3081;116;Artyom;Tolmachevsky;;1968-12-8;Ust-Katav;CHE;Russia;;;0
3082;116;Bendyk;Brzyk;;1958-9-16;PiotrkÛw Trybunalski;LOD;Poland;;;0
3083;116;Volodymyr;Kolesnyk;;1960-10-29;Kalynivka;KYY;Ukraine;;;0
3084;116;Peter;Kofler;;1964-1-19;Verona;VEN;Italy;;;0
3085;116;Valeri;Endronikov;;1963-9-11;Dushanbe;DUS;Tajikistan;;;0
3086;116;Anton;Navashin;;1974-7-10;Stavropol;STA;Russia;;;0
3087;116;Radimchik;Khalikov;;1965-10-13;Nebug;KRA;Russia;;;0
3088;116;Artyom;Chanyshev;;1983-12-23;Yakutsk;YAK;Russia;;;0
3089;116;Andrey;Kropachyov;;1958-2-23;Irkutsk;IRK;Russia;;;0
3090;117;Oleg;Pososhkov;;1955-10-30;Mikhaylovka;JAM;Kazakhstan;;;0
3091;117;Serik;Baibulov;;1979-2-18;Astana;AKM;Kazakhstan;;;0
3092;117;Aleksandr;Mamashev;;1966-11-2;Bratsk;IRK;Russia;;;0
3093;117;Syarhey;Dzemidovich;;1966-12-3;Gomel;GOM;Belarus;;;0
3094;117;David;Proust;;1965-1-7;VitrÈ;BRI;France;;;0
3095;117;Almaz;Makhmudov;;1975-8-1;Shymkent;ONT;Kazakhstan;;;0
3096;117;Yevgeny;Blokhin;;1958-11-6;Uralsk;BAT;Kazakhstan;;;0
3097;117;Volodymyr;Kuznetsov;;1964-12-6;Astana;AKM;Kazakhstan;;;0
3098;117;Nurislam;Kopbayev;;1982-7-30;Rudny;KOS;Kazakhstan;;;0
3099;117;Nikolay;Pochupailov;;1968-11-27;St. Petersburg;SAI;Russia;;;0
3100;118;Rashit;Kurmanov;;1981-11-26;Kazan;TAT;Russia;;;0
3101;118;Nikita;Namruyev;;1970-5-3;Vladivostok;PRI;Russia;;;0
3102;118;Aleksandr;Kostenko;;1979-3-23;Serdobsk;PEN;Russia;;;0
3103;118;Ivan;Luzyanin;;1970-5-11;Kirov;KIR;Russia;;;0
3104;118;Yevgeni;Hajiyev;;1964-1-6;Andijon;AND;Uzbekistan;;;0
3105;118;Sergey;Oitser;;1967-2-11;Irkutsk;IRK;Russia;;;0
3106;118;Denis;Popov;;1957-9-13;Mozhga;UDM;Russia;;;0
3107;118;Dmitry;Makarov;;1961-7-30;Vorobyevka;VOR;Russia;;;0
3108;118;Pavel;Mnikhovich;;1968-5-18;Khadyzhensk;KRA;Russia;;;0
3109;118;Aleksey;Lapta;;1977-6-12;Volgograd;VOL;Russia;;;0
3110;119;Aleksandr;Nesterov;;1958-7-21;Zlynka;BRY;Russia;;;0
3111;119;Aleksandr;Panarin;;1970-5-23;Omsk;OMS;Russia;;;0
3112;119;Patrick;Reiterer;;1959-10-4;Rho;LOM;Italy;;;0
3113;119;Syarhey;Kapantsow;;1959-6-15;Moscow;MOS;Russia;;;0
3114;119;Dmitry;Filov;;1955-11-26;Rostov-na-Donu;ROS;Russia;;;0
3115;119;Galimzhan;Bilalov;;1960-12-1;Kazan;TAT;Russia;;;0
3116;119;Andrey;Kozlovsky;;1974-1-26;St. Petersburg;SAI;Russia;;;0
3117;119;Marat;Nafikov;;1957-2-27;Salavat;BAS;Russia;;;0
3118;119;Ivan;Glivenko;;1957-12-12;Rybinsk;YAR;Russia;;;0
3119;119;Yegor;Ogitsky;;1970-1-25;Moscow;MOS;Russia;;;0
3120;120;Dmitry;Polinin;;1964-1-18;Togliatti;SAM;Russia;;;0
3121;120;Aleksandr;Omelichev;;1976-7-7;Kamensk-Shakhtinskiy;ROS;Russia;;;0
3122;120;Oleg;Voyevodin;;1958-12-31;Krasnoyarsk-45;KRA;Russia;;;0
3123;120;Levon;Shahinyan;;1970-11-24;Berd;TAV;Armenia;;;0
3124;120;Ilya;Vokhmin;;1957-7-11;Taganrog;ROS;Russia;;;0
3125;120;Sergey;Avtayev;;1971-5-21;Vologda;VOL;Russia;;;0
3126;120;Maksim;Vukolov;;1978-12-31;Gryazi;LIP;Russia;;;0
3127;120;Yevgeny;Paleyev;;1959-11-20;Novocherkassk;ROS;Russia;;;0
3128;120;Aleksandr;Semyonov;;1966-10-9;Dzerzhinskiy;MOS;Russia;;;0
3129;120;Kirill;Vorobyov;;1968-3-16;Kropotkin;KRA;Russia;;;0
3130;121;Konstantin;Kuznetsov;;1964-8-17;Kamyshin;VOL;Russia;;;0
3131;121;Dmitry;Mozgalevsky;;1957-7-25;Yuryevets;IVA;Russia;;;0
3132;121;Aleksandr;Solovyov;;1957-12-12;Budyonnovsk;STA;Russia;;;0
3133;121;Yegor;Badeschenkov;;1967-12-24;Kyzyl-Suu;KYR;Kyrgyzstan;;;0
3134;121;Eike;Bertram;;1957-8-16;Siegen;NOR;Germany;;;0
3135;121;Vladimir;Ronov;;1980-2-6;Samara;SAM;Russia;;;0
3136;121;Vadim;Repetsky;;1979-10-14;Ozyornyy;TVE;Russia;;;0
3137;121;Pavel;Bazhenov;;1965-3-19;Kaluga;KAL;Russia;;;0
3138;121;Sergey;Yemelianenko;;1956-1-12;Poselki;PEN;Russia;;;0
3139;121;Maksim;Zakharov;;1963-9-11;Zeya;AMU;Russia;;;0
3140;122;Pavel;Kardailsky;;1958-9-17;Makhachkala;DAG;Russia;;;0
3141;122;Nikolay;Sapsai;;1978-6-2;Moscow;MOS;Russia;;;0
3142;122;Akhat;Bedertdinov;;1962-12-12;Astrakhan;AST;Russia;;;0
3143;122;Tommaso;Bencivenga;;1957-7-2;Marano di Napoli;CAM;Italy;;;0
3144;122;Andrei;Izmailov;;1965-5-22;Yanirobod;SAM;Uzbekistan;;;0
3145;122;Matvey;Katalov;;1960-11-22;Moscow;MOS;Russia;;;0
3146;122;Aleksandr;Kasutin;;1960-8-24;Novosibirsk;NOV;Russia;;;0
3147;122;Aleksandr;Ryabykin;;1968-3-10;Nizhny Novgorod;NIZ;Russia;;;0
3148;122;Andrey;Kavalerov;;1982-4-15;Belgorod;BEL;Russia;;;0
3149;122;Ivan;Monakhov;;1967-10-13;Malgobek;ING;Russia;;;0
3150;123;Zhu;Mide;;1970-10-1;Anqing;ANH;China;;;0
3151;123;Zhang;Anfa;;1967-6-2;Bengbu;ANH;China;;;0
3152;123;Ilnaz;Emukhvari;;1974-7-5;Andijon;AND;Uzbekistan;;;0
3153;123;Artyom;Voloschuk;;1963-6-18;Vorkuta;KOM;Russia;;;0
3154;123;Nikolay;Yentin;;1969-8-15;Qostanay;KOS;Kazakhstan;;;0
3155;123;Li;Feng;;1968-1-21;Jiupu;LIA;China;;;0
3156;123;Wang;Zhuoxiang;;1970-2-6;Shanghai;SHA;China;;;0
3157;123;Chen;Jianwei;;1973-11-26;Xinzhou;SHA;China;;;0
3158;123;Amirzyan;Shigabutdinov;;1971-9-3;Rostov;YAR;Russia;;;0
3159;123;Ildar;Shakurov;;1983-2-12;Kommunar;VLA;Russia;;;0
3160;-1;Sergey;Varlamov;;1958-1-24;Yessentukskaya;STA;Russia;;;0
3161;-1;Ilya;Poldnikov;;1977-8-21;Dimitrovgrad;ULY;Russia;;;0
3162;-1;Yakov;Manankov;;1979-4-3;Dokshukino;KAB;Russia;;;0
3163;-1;Aleksandr;Bochkov;;1984-3-5;Roslavl;SMO;Russia;;;0
3164;-1;Pyotr;Loban;;1976-6-1;Mangystau;MAN;Kazakhstan;;;0
3165;-1;Maksim;Novikov;;1955-8-1;Ust-Kamenogorsk;SIG;Kazakhstan;;;0
3166;-1;Nikita;Mamontov;;1973-8-25;Barnaul;ALT;Russia;;;0
3167;-1;Sergey;Pochuyev;;1962-2-28;St. Petersburg;SAI;Russia;;;0
3168;-1;Anatoliy;Pasternak;;1965-4-14;Stroykeramika;SAM;Russia;;;0
3169;-1;Sergey;Yakushev;;1957-5-24;Kemerovo;KEM;Russia;;;0
3170;-1;Maksim;Nichkasov;;1966-8-4;Volgograd;VOL;Russia;;;0
3171;-1;Roman;Nosov;;1956-10-27;Moscow;MOS;Russia;;;0
3172;-1;Daniil;Popodko;;1979-11-13;Verkhnyaya Pyshma;SVE;Russia;;;0
3173;-1;Dennis;Wallace;;1961-3-14;Aberdeen;SD;United States;;;0
3174;-1;Ryan;Spina;;1956-10-14;Douglas;MA;United States;;;0
3175;-1;Dmitry;Ilinsky;;1977-11-17;Nevinnomyssk;STA;Russia;;;0
3176;-1;Rail;Yusupov;;1974-12-25;Gidrotorf;NIZ;Russia;;;0
3177;-1;Mikhail;Zaburdayev;;1969-10-21;Yekaterinburg;SVE;Russia;;;0
3178;-1;Artyom;Zapatrin;;1972-11-19;Svetlyy;KAL;Russia;;;0
3179;-1;Maksim;Yemkov;;1971-2-17;Omsukchan;MAG;Russia;;;0
3180;-1;Vladimir;Yenchev;;1969-2-4;Irbeyskoye;KRA;Russia;;;0
3181;-1;Igor;Pletnikov;;1956-4-12;Krasnoyarsk;KRA;Russia;;;0
3182;-1;Ruslan;Kuzemchenko;;1956-7-10;Marevo;NOV;Russia;;;0
3183;-1;Bob;Tanner;;1982-11-16;McDonough;GA;United States;;;0
3184;-1;Fritz;Wolf;;1973-10-27;Yekaterinburg;SVE;Russia;;;0
3185;-1;Huang;Wenhai;;1958-4-13;Beijing;BEI;China;;;0
3186;-1;Anton;Hurynovich;;1966-9-5;Baranovichi;BRE;Belarus;;;0
3187;-1;Ivan;Zhestkov;;1982-7-22;Magadan;MAG;Russia;;;0
3188;-1;Timofey;Lakomkin;;1961-9-16;Bolshaya Murta;KRA;Russia;;;0
3189;-1;Aleksey;Zavaliyev;;1955-12-18;Syktyvkar;KOM;Russia;;;0
3190;-1;Vadim;Trotsky;;1973-1-8;Lipetsk;LIP;Russia;;;0
3191;-1;Maksim;Anferov;;1966-12-13;Krasnoyarsk;KRA;Russia;;;0
3192;-1;Andrey;Mestnikov;;1964-12-18;Saratov;SAR;Russia;;;0
3193;-1;Yevgeny;Treumov;;1970-8-10;Nizhny Tagil;SVE;Russia;;;0
3194;-1;Radik;Murzin;;1975-10-25;Kazan;TAT;Russia;;;0
3195;-1;Vladimir;Minashkin;;1969-9-27;Zlatoust;CHE;Russia;;;0
3196;-1;Andrey;Zheronkin;;1972-7-25;Ivanovo;IVA;Russia;;;0
3197;-1;Dmitry;Dorofeyev;;1970-7-10;Prokhladny;KAB;Russia;;;0
3198;-1;Eduard;Yegorov;;1965-3-5;Chelyabinsk;CHE;Russia;;;0
3199;-1;Vitaly;Maksidov;;1966-11-8;Biysk;ALT;Russia;;;0
3200;-1;Amangeldy;Baimagambetov;;1970-8-22;Shymkent;ONT;Kazakhstan;;;0
3201;-1;Zhou;Yidong;;1976-6-12;Jingmen;HUB;China;;;0
3202;-1;Dmitry;Venskel;;1964-5-10;Chelyabinsk;CHE;Russia;;;0
3203;-1;Anton;Berdyshev;;1964-5-25;Kurgan;KUR;Russia;;;0
3204;-1;Syarhey;Khaletski;;1960-4-28;Podolsk;MOS;Russia;;;0
3205;-1;Aleksandr;Nosek;;1972-8-25;Taganrog;ROS;Russia;;;0
3206;-1;Vladimir;Sokolov;;1979-6-13;Karabulak;ING;Russia;;;0
3207;-1;Marat;Abdikeyev;;1972-11-5;Xasun-Yurt;DAG;Russia;;;0
3208;-1;Miskhat;Mubarakzyanov;;1955-3-4;Narovchat;PEN;Russia;;;1
3209;-1;Daniil;Zoteyev;;1977-8-23;Chebarkul;CHE;Russia;;;0
3210;-1;Ken;Romig;;1979-11-21;Greensboro;NC;United States;;;0
3211;-1;Nikolay;Lipsis;;1962-5-12;Yakutsk;YAK;Russia;;;0
3212;-1;Artur;Truhaw;;1983-6-24;Baranovichi;BRE;Belarus;;;0
3213;-1;Erast;Odadjyan;;1969-8-26;Vysokiy;KHA;Russia;;;0
3214;-1;Stanislav;Polovinko;;1982-7-15;Tselinnoye;ALT;Russia;;;0
3215;-1;Andres;Tuul;;1974-10-11;Bor;NIZ;Russia;;;0
3216;-1;Aleksandr;Zlydnikov;;1955-6-2;St. Petersburg;SAI;Russia;;;1
3217;-1;Andrey;Cherepenin;;1968-10-24;Tyulkubas;ONT;Kazakhstan;;;0
3218;-1;Aleksandr;Maidanov;;1977-10-26;Krasnoarmeysk;MOS;Russia;;;0
3219;-1;Pyotr;Lapchenko;;1983-11-14;Tver;TVE;Russia;;;0
3220;-1;Igor;Yerantsev;;1972-10-25;Tambov;TAM;Russia;;;0
3221;-1;Konstantin;Sechkin;;1968-4-15;Nakhodka;PRI;Russia;;;0
3222;-1;Baurzhan;Dosangaliyev;;1978-11-24;Almaty;ALM;Kazakhstan;;;0
3223;-1;Midkhat;Zaripov;;1961-12-4;Ufa;BAS;Russia;;;0
3224;-1;Yakov;Smiryagin;;1960-7-29;Vnukovo;MOS;Russia;;;0
3225;-1;Kiyohisa;Nishida;;1968-7-14;Mito;IBA;Japan;;;0
3226;-1;Dmitry;Trandin;;1964-2-23;Klimovsk;MOS;Russia;;;0
3227;-1;Vital;Hlyzdaw;;1974-9-18;Krasnogorsk;MOS;Russia;;;0
3228;-1;Yevgeny;Michkov;;1966-6-1;Bachatskiy;KEM;Russia;;;0
3229;-1;Anton;Kebich;;1970-2-16;Rogachyov;GOM;Belarus;;;0
3230;-1;Aleksey;Zyuganov;;1976-7-27;Perm;PER;Russia;;;0
3231;-1;Artyom;Marusev;;1962-6-25;Tyumen;TYU;Russia;;;0
3232;-1;Ilya;Grigoriyev;;1975-9-25;Novovoronezh;VOR;Russia;;;0
3233;-1;Nikita;Grigoryev;;1978-7-12;Surgut;KHA;Russia;;;0
3234;-1;Ido;Jamshi;;1955-7-1;Moscow;MOS;Russia;;;1
3235;-1;Yakov;Gaydushenko;;1982-8-1;Udomlya;TVE;Russia;;;0
3236;-1;Maksim;Popov;;1956-10-14;Girey;KRA;Russia;;;0
3237;-1;Aleksandr;Narishkin;;1975-7-2;Novocherkassk;ROS;Russia;;;0
3238;-1;Aleksandr;Pantiforov;;1962-8-26;Furmanov;IVA;Russia;;;0
3239;-1;Vyacheslav;Mayevsky;;1979-10-21;Kuzmolovskiy;LEN;Russia;;;0
3240;-1;Yury;Kanunnikov;;1981-3-1;St. Petersburg;SAI;Russia;;;0
3241;-1;Ilya;Yershov;;1975-9-24;Vysokiy;KHA;Russia;;;0
3242;-1;Oleksiy;Kuprienko;;1983-3-31;Belgorod;BEL;Russia;;;0
3243;-1;Nikita;Gvozdev;;1984-12-22;Zaokskiy;TUL;Russia;;;0
3244;-1;Ivan;Adler;;1961-8-3;Kropotkin;KRA;Russia;;;0
3245;-1;Sergey;Orlov;;1979-8-6;Moscow;MOS;Russia;;;0
3246;-1;Mikhail;Morozov;;1976-12-20;Togliatti;SAM;Russia;;;0
3247;-1;Pavel;Raenko;;1973-9-26;Krasnodar;KRA;Russia;;;0
3248;-1;Ramazan;Kuletov;;1974-2-12;Tasbuget;KYZ;Kazakhstan;;;0
3249;-1;Aleksandr;Pyanov;;1976-7-6;Bryansk;BRY;Russia;;;0
3250;-1;Ilham;Aliyev;;1969-5-4;Bronnitsy;MOS;Russia;;;0
3251;-1;Timofey;Petrov;;1982-4-16;Arkhangelsk;ARK;Russia;;;0
3252;-1;Heinz;Rumpf;;1979-8-13;Wittenberge;BRA;Germany;;;0
3253;-1;Kirill;Kozlov;;1969-1-3;Zheleznogorsk;KUR;Russia;;;0
3254;-1;Aleksandr;Meierhold;;1958-9-15;Krasnodar;KRA;Russia;;;0
3255;-1;Grigory;Maslyakov;;1962-5-6;Arkhangelsk;ARK;Russia;;;0
3256;-1;Vyacheslav;Blavatskyi;;1965-7-20;Otradnyy;SAM;Russia;;;0
3257;-1;Aleksey;Ignatushkin;;1973-1-6;Kazan;TAT;Russia;;;0
3258;-1;Denis;Layevsky;;1960-9-3;Rostov-na-Donu;ROS;Russia;;;0
3259;-1;Daniel;Bauer;;1978-11-5;Graz;STE;Austria;;;0
3260;-1;Stanislav;Strebkov;;1965-8-26;Kurgan;KUR;Russia;;;0
3261;-1;Aleksandr;Afinogenov;;1976-1-5;Gavrilov-Yam;YAR;Russia;;;0
3262;-1;Ilya;Latypov;;1973-9-28;Kaliningrad;KAL;Russia;;;0
3263;-1;Nikita;Sergeyev;;1962-2-5;Novosibirsk;NOV;Russia;;;0
3264;-1;Sergey;Smirnov;;1956-1-15;Samara;SAM;Russia;;;0
3265;-1;Andriy;Skakun;;1977-10-3;Chufarovo;ULY;Russia;;;0
3266;-1;Tsyarentsyy;Shtanyuk;;1978-7-29;Minsk;MIN;Belarus;;;0
3267;-1;Andrey;Zhdanov;;1959-5-5;Krasnyy Oktyabr;VLA;Russia;;;0
3268;-1;Alyaksandr;Syadnyow;;1962-11-1;Vitebsk;VIT;Belarus;;;0
3269;-1;Nampreet;Sekhon;;1961-9-22;Bhinmal;RAJ;India;;;0
3270;-1;Arseny;Kachesov;;1978-6-29;Talnakh;KRA;Russia;;;0
3271;-1;Artyom;Panteleyev;;1966-11-8;Smolensk;SMO;Russia;;;0
3272;-1;Andrey;Kozlov;;1965-2-18;Astrakhan;AST;Russia;;;0
3273;-1;Arseny;Nikisha;;1984-6-14;Kopeysk;CHE;Russia;;;0
3274;-1;Viktor;Brazhnikov;;1959-7-28;Ufa;BAS;Russia;;;0
3275;-1;Artemy;Viktorenko;;1955-9-8;Ardon;BRY;Russia;;;0
3276;-1;Denis;Nikonorov;;1969-5-22;Moscow;MOS;Russia;;;0
3277;-1;Vladimir;Tarasov;;1974-1-1;Krasnodar;KRA;Russia;;;0
3278;-1;Sergey;Gerasimov;;1960-4-26;Yoshkar-Ola;MAR;Russia;;;0
3279;-1;Aleksandr;Antsiferov;;1959-4-19;Moscow;MOS;Russia;;;0
3280;-1;Anton;Loshak;;1971-1-9;Chelyabinsk;CHE;Russia;;;0
3281;-1;Maksim;Sibgatullin;;1962-10-28;Kazan;TAT;Russia;;;0
3282;-1;Artyom;Pashnin;;1972-10-27;Moscow;MOS;Russia;;;0
3283;-1;Kamil;Abdullin;;1972-10-30;Sterlitamak;BAS;Russia;;;0
3284;-1;Aleksey;Layenko;;1980-11-5;Kazan;TAT;Russia;;;0
3285;-1;Leonid;Kapuller;;1958-5-27;Muromtsevo;OMS;Russia;;;0
3286;-1;Aleksandr;Zyuzyakin;;1970-1-20;Moscow;MOS;Russia;;;0
3287;-1;Roman;Ilinsky;;1962-2-21;Moscow;MOS;Russia;;;0
3288;-1;Yaroslav;Gereyev;;1977-3-4;Luga;LEN;Russia;;;0
3289;-1;Sergey;Lyubimov;;1965-11-9;Mozhga;UDM;Russia;;;0
3290;-1;Eduard;Ivanisov;;1967-12-26;Vladikavkaz;NOR;Russia;;;0
3291;-1;Aleksandr;Pasynchuk;;1964-8-11;Sterlitamak;BAS;Russia;;;0
3292;-1;Aleksey;Sidorov;;1962-2-23;Kugesi;CHU;Russia;;;0
3293;-1;Aleksey;Palmikhin;;1966-12-30;Salsk;ROS;Russia;;;0
3294;-1;Patrick;Marquart;;1973-8-6;Freiamt;BAD;Germany;;;0
3295;-1;Dmitry;Syomin;;1975-2-22;Tyumen;TYU;Russia;;;0
3296;-1;Ilgizar;Larin;;1958-10-24;Kstovo;NIZ;Russia;;;0
3297;-1;Dmitry;Mlechin;;1975-12-27;Krymsk;KRA;Russia;;;0
3298;-1;Aleksandr;Yeney;;1962-3-26;Vysokiy;KHA;Russia;;;0
3299;-1;Roman;Palkin;;1963-10-5;Astrakhan;AST;Russia;;;0
3300;-1;Konstantin;Baklanov;;1975-8-10;Kostroma;KOS;Russia;;;0
3301;-1;Daniil;Pletnev;;1983-11-11;Moskovskoye;STA;Russia;;;0
3302;-1;Syarhey;Pawlenka;;1967-3-3;Grodno;GRO;Belarus;;;0
3303;-1;Josh;Woolcock;;1964-7-1;St. James;NY;United States;;;0
3304;-1;Yang;Shuntai;;1981-7-10;Guangzhou;GUA;China;;;0
3305;-1;Ilya;Migurenko;;1966-12-18;Yaroslavl;YAR;Russia;;;0
3306;-1;Aleksandr;Petrakeyev;;1982-11-10;Kemerovo;KEM;Russia;;;0
3307;-1;Andrey;Shestakov;;1978-4-12;Moscow;MOS;Russia;;;0
3308;-1;Roman;Krivov;;1966-2-20;Odesa;ODE;Ukraine;;;0
3309;-1;Aleksandr;Ryabenko;;1982-8-20;Yaroslavl;YAR;Russia;;;0
3310;-1;Faxraddin;Mirzazade;;1964-6-23;Volzhskiy;VOL;Russia;;;0
3311;-1;Igar;Pukhaw;;1963-6-5;Vitebsk;VIT;Belarus;;;0
3312;-1;Roman;Topol;;1980-2-28;Moscow;MOS;Russia;;;0
3313;-1;Artyom;Veretennikov;;1955-11-23;Miass;CHE;Russia;;;0
3314;-1;Aleksandr;Sharifov;;1983-12-11;Kemerovo;KEM;Russia;;;0
3315;-1;Maksim;Sokolov;;1979-5-13;Lytkarino;MOS;Russia;;;0
3316;-1;Oleg;Shivtsov;;1973-10-30;Lomonosov;SAI;Russia;;;0
3317;-1;Yevgeny;Rozhkov;;1983-4-15;Lomonosov;SAI;Russia;;;0
3318;-1;Andrey;Kapitonov;;1982-5-16;Taldikorgan;ALM;Kazakhstan;;;0
3319;-1;Denis;Adzhubey;;1973-7-30;Saratov;SAR;Russia;;;0
3320;-1;Aleksey;Rezuk;;1966-9-17;St. Petersburg;SAI;Russia;;;0
3321;-1;Igor;Vasilevsky;;1973-10-4;Novosibirsk;NOV;Russia;;;0
3322;-1;Artyom;Maksimov;;1978-1-22;Kyzyl;TUV;Russia;;;0
3323;-1;Pavel;Palyakow;;1968-2-10;Kobrin;BRE;Belarus;;;0
3324;-1;Lynn;Froehlich;;1972-12-26;La Grange;TX;United States;;;0
3325;-1;Semyon;Kazionov;;1977-12-23;Kireyevsk;TUL;Russia;;;0
3326;-1;Aleksandr;Vladimirov;;1970-5-3;Ryazan;RYA;Russia;;;0
3327;-1;Dmitry;Kabyshev;;1981-8-29;Zarinsk;ALT;Russia;;;0
3328;-1;Yevgeny;Danilyak;;1971-8-17;St. Petersburg;SAI;Russia;;;0
3329;-1;Dmitry;Aleynikov;;1978-6-30;Balashikha;MOS;Russia;;;0
3330;-1;Vadim;Netrebenko;;1957-6-19;Samara;SAM;Russia;;;0
3331;-1;Eduard;Parunov;;1969-2-3;Novoaltaysk;ALT;Russia;;;0
3332;-1;Yuvenaly;Veschilov;;1970-3-20;Vereshchagino;PER;Russia;;;0
3333;-1;Yevgeny;Olgin;;1957-3-20;Yekaterinburg;SVE;Russia;;;0
3334;-1;Aleksey;Alekseyev;;1966-6-15;Lesnoy;RYA;Russia;;;0
3335;-1;Aleksandr;Yantsen;;1983-1-23;Moscow;MOS;Russia;;;0
3336;-1;Kanstantsin;Haretski;;1980-5-20;Pinsk;BRE;Belarus;;;0
3337;-1;Andrey;Tveritinov;;1955-7-16;Ilyinskoye;MOS;Russia;;;0
3338;-1;Andrey;Troshkin;;1959-8-29;Ust-Labinsk;KRA;Russia;;;0
3339;-1;Uladzimir;Lyavitski;;1956-8-10;Mogilev;MOG;Belarus;;;0
3340;-1;Dong;Hengwei;;1969-6-4;Jiangmen;GUA;China;;;0
3341;-1;Sergey;Tarpischev;;1957-2-20;Yekaterinburg;SVE;Russia;;;0
3342;-1;Grigory;Nazarov;;1965-6-16;Dankov;LIP;Russia;;;0
3343;-1;Rinat;Khayrullin;;1968-7-8;Shakhty;ROS;Russia;;;0
3344;-1;Pavel;Khizhnyakov;;1966-8-22;Shchuchye;KUR;Russia;;;0
3345;-1;Elwood;Ilett;;1972-10-16;Palm Coast;FL;United States;;;0
3346;-1;Andrey;Voznov;;1980-1-23;Krasnodar;KRA;Russia;;;0
3347;-1;Sergey;Shivtsov;;1959-6-14;Moscow;MOS;Russia;;;0
3348;-1;Balachandran;Viral;;1965-7-22;Bangalore;KAR;India;;;0
3349;-1;Igor;Galevko;;1970-7-23;Chernigovka;PRI;Russia;;;0
3350;-1;Vyacheslav;Kosov;;1965-4-8;Aushiger;KAB;Russia;;;0
3351;-1;Maksim;Kabayev;;1963-10-7;Balakovo;SAR;Russia;;;0
3352;-1;Kirill;Ochinyan;;1983-8-24;Barnaul;ALT;Russia;;;0
3353;-1;Gevork;Movsisyan;;1983-2-15;Gvardeysk;KAL;Russia;;;0
3354;-1;Aleksandr;Eliasberg;;1980-11-18;Kapustin Yar;AST;Russia;;;0
3355;-1;Dmitry;Bukhantsev;;1961-5-17;Ivanovo;IVA;Russia;;;0
3356;-1;Tsumemasa;Takayama;;1977-1-1;Yokohama;KAN;Japan;;;0
3357;-1;Billy;Yang;;1964-4-6;Lianzhou;GUA;China;;;0
3358;-1;Denis;Korovayev;;1973-7-13;St. Petersburg;SAI;Russia;;;0
3359;-1;Stanislav;Popov;;1966-2-18;Syzran;SAM;Russia;;;0
3360;-1;Liu;Yuqiang;;1955-7-4;Ninghai;ZHE;China;;;0
3361;-1;Pavel;Merkulaw;;1963-2-19;Korelichi;GRO;Belarus;;;0
3362;-1;Aleksandr;Maslennikov;;1961-3-12;Omsk;OMS;Russia;;;0
3363;-1;Mike;Dunlop;;1971-2-20;Santa Barbara;CA;United States;;;0
3364;-1;Pavel;Ivanov;;1962-3-17;Nizhny Novgorod;NIZ;Russia;;;0
3365;-1;Uladzimir;Hlyzdaw;;1959-2-11;Novopolotsk;VIT;Belarus;;;0
3366;-1;Yan;Sokolov;;1970-5-10;Aksay;ROS;Russia;;;0
3367;-1;Maksim;Martynets;;1977-4-20;Gomel;GOM;Belarus;;;0
3368;-1;Nikolay;Ozayev;;1957-6-23;Xasun-Yurt;DAG;Russia;;;0
3369;-1;Maksim;Shavaleyev;;1958-1-29;Enem;ADY;Russia;;;0
3370;-1;Ivan;Mavrin;;1973-7-8;Volgograd;VOL;Russia;;;0
3371;-1;Viktor;Tzayukov;;1973-4-20;Baltiysk;KAL;Russia;;;0
3372;-1;Denis;Misin;;1979-5-25;St. Petersburg;SAI;Russia;;;0
3373;-1;Liu;Zefu;;1975-6-4;Xian;SHA;China;;;0
3374;-1;Vyacheslav;Yermolov;;1956-7-2;Staraya Poltavka;VOL;Russia;;;0
3375;-1;Vladislav;Simonov;;1978-8-30;Vozdvizhenka;PRI;Russia;;;0
3376;-1;Liang;Size;;1975-9-13;Chengdu;SIC;China;;;0
3377;-1;Viktor;Pazy;;1960-3-31;Sovetsk;KIR;Russia;;;0
3378;-1;Maksim;Minakov;;1976-3-27;St. Petersburg;SAI;Russia;;;0
3379;-1;Altynbek;Kosmagambetov;;1974-8-20;Astana;AKM;Kazakhstan;;;0
3380;-1;Oleg;Lazarenko;;1968-5-27;Sarapul;UDM;Russia;;;0
3381;-1;Goran;Belin;;1976-1-22;Split;SPL;Croatia;;;0
3382;-1;Vasily;Pantofel;;1978-10-24;Ivanovo;IVA;Russia;;;0
3383;-1;Jonathan;Beaudry;;1972-4-14;Amarillo;TX;United States;;;0
3384;-1;Hryhoriy;Kovalchuk;;1967-5-25;Skidel;GRO;Belarus;;;0
3385;-1;Vladislav;Karp;;1974-5-7;Moscow;MOS;Russia;;;0
3386;-1;Mikhail;Lobanyov;;1979-5-1;Lgov;KUR;Russia;;;0
3387;-1;Stanislav;Neupokoyev;;1968-9-30;Krasnoturinsk;SVE;Russia;;;0
3388;-1;Semyon;Donets;;1982-12-16;Zavodskoy;ROS;Russia;;;0
3389;-1;Kirill;Tamberg;;1957-1-4;Likino-Dulyovo;MOS;Russia;;;0
3390;-1;Denis;Scherbatenko;;1973-8-19;Naro-Fominsk;MOS;Russia;;;0
3391;-1;Daniil;Erdmann;;1973-5-3;Primorsko-Akhtarsk;KRA;Russia;;;0
3392;-1;Aleksandr;Yemelin;;1955-5-31;Moscow;MOS;Russia;;;1
3393;-1;Pirmin;Hielscher;;1980-1-9;Dresden;SAX;Germany;;;0
3394;-1;Dmitry;Tambov;;1974-10-11;Olonets;KAR;Russia;;;0
3395;-1;Mikhail;Muratov;;1975-3-6;Moscow;MOS;Russia;;;0
3396;-1;Aleksandr;Venchakov;;1959-8-29;Yaroslavl;YAR;Russia;;;0
3397;-1;Maksim;Blazhiyevsky;;1976-4-27;Penza;PEN;Russia;;;0
3398;-1;Vladimir;Tarasov;;1977-5-2;Balkhash;KAR;Kazakhstan;;;0
3399;-1;Vitaly;Miretsky;;1956-7-29;Kursk;KUR;Russia;;;0
3400;-1;Artyom;Portnikov;;1956-6-25;Porkhov;PSK;Russia;;;0
3401;-1;Nikita;Igonin;;1983-10-20;Mytishchi;MOS;Russia;;;0
3402;-1;Artyom;Bryukvin;;1957-4-5;Nazran;ING;Russia;;;0
3403;-1;Ruslan;Abdikeyev;;1963-10-25;Volzhskiy;VOL;Russia;;;0
3404;-1;Aleksey;Akishin;;1975-3-31;Ulyanovsk;ULY;Russia;;;0
3405;-1;Nikolay;Akelin;;1969-10-4;Sastobe;ONT;Kazakhstan;;;0
3406;-1;Ilya;Karabanov;;1956-2-27;Zelenograd;MOS;Russia;;;0
3407;-1;Aleksandr;Velikov;;1973-2-7;Kaspiyskiy;KAL;Russia;;;0
3408;-1;Walt;Maloney;;1975-4-3;Brooklyn;NY;United States;;;0
3409;-1;Vitaly;Bratachenko;;1965-12-17;Omsk;OMS;Russia;;;0
3410;-1;Maksim;Nyuren;;1974-10-23;Voskresenskoye;MOS;Russia;;;0
3411;-1;Vitaly;Zaitsev;;1966-8-13;Naberezhnye Chelny;TAT;Russia;;;0
3412;-1;Igor;Kislyakov;;1978-4-8;Volzhskiy;VOL;Russia;;;0
3413;-1;Sergey;Yablonsky;;1982-6-7;Moscow;MOS;Russia;;;0
3414;-1;Dmitry;Pochuyev;;1957-10-31;Moscow;MOS;Russia;;;0
3415;-1;Artyom;Danilyan;;1971-1-2;Yekaterinburg;SVE;Russia;;;0
3416;-1;Denis;Ekmalyan;;1982-12-30;Nizhnevartovsk;KHA;Russia;;;0
3417;-1;Tang;Yengun;;1970-6-12;Yantai;SHA;China;;;0
3418;-1;Sergey;Baskakov;;1958-1-6;Taganrog;ROS;Russia;;;0
3419;-1;Aleksey;Lapayev;;1965-7-29;Moscow;MOS;Russia;;;0
3420;-1;Yevgeny;Zhvirblis;;1964-6-12;Krasnokamensk;ZAB;Russia;;;0
3421;-1;Aleksandr;Kharrasov;;1975-7-18;Nizhnekamsk;TAT;Russia;;;0
3422;-1;Volodymyr;Tarasenko;;1973-8-30;Akchatau;KAR;Kazakhstan;;;0
3423;-1;Yegor;Timiryov;;1970-8-6;Vyazma;SMO;Russia;;;0
3424;-1;Bogdan;Davydenko;;1976-1-2;Roslavl;SMO;Russia;;;0
3425;-1;Oleg;Kapuchak;;1984-7-10;Ust-Kamenogorsk;SIG;Kazakhstan;;;0
3426;-1;Aleksey;Shilin;;1956-3-8;Volchansk;SVE;Russia;;;0
3427;-1;Mikhail;Gubarev;;1982-2-17;Togliatti;SAM;Russia;;;0
3428;-1;Igor;Osipov;;1959-6-5;Novokhopyorsk;VOR;Russia;;;0
3429;-1;Radmir;Sharafeyev;;1960-9-16;Staroaleyskoye;ALT;Russia;;;0
3430;-1;Artemy;Mikhaylov;;1975-1-4;Nakhodka;PRI;Russia;;;0
3431;-1;Denis;Ilyin;;1983-2-18;Oryol;ORY;Russia;;;0
3432;-1;Nikita;Ergubayev;;1955-10-1;Bataysk;ROS;Russia;;;0
3433;-1;Andrey;Horbach;;1960-11-11;Kalinkovichi;GOM;Belarus;;;0
3434;-1;Boris;Pivnyuk;;1976-5-22;Moscow;MOS;Russia;;;0
3435;-1;Lothar;Schmid;;1963-11-6;Urmary;CHU;Russia;;;0
3436;-1;Aleksey;Varzar;;1971-6-4;Volokonovka;BEL;Russia;;;0
3437;-1;Igor;Vladychko;;1967-1-16;Kinel;SAM;Russia;;;0
3438;-1;Jason;Ricks;;1970-2-19;Cumberland;RI;United States;;;0
3439;-1;Yevgeny;Gevel;;1959-12-22;Dubovka;TUL;Russia;;;0
3440;-1;Yevgeny;Luzan;;1968-1-6;Kantyshevo;ING;Russia;;;0
3441;-1;Farvat;Davletov;;1964-1-12;Potanino;CHE;Russia;;;0
3442;-1;Dmitry;Bachev;;1958-11-27;Nizhny Novgorod;NIZ;Russia;;;0
3443;-1;Konstantin;Piksanov;;1983-12-12;Goryachiy Klyuch;KRA;Russia;;;0
3444;-1;Igor;Machinsky;;1983-4-3;Naberezhnye Chelny;TAT;Russia;;;0
3445;-1;Vladimir;Gubin;;1978-9-26;Uray;KHA;Russia;;;0
3446;-1;Wu;Junfeng;;1956-9-5;Jinchang;GAN;China;;;0
3447;-1;Denis;Meyer;;1955-4-26;St. Petersburg;SAI;Russia;;;1
3448;-1;Anton;Yeryomenko;;1984-4-18;Chemal;ALT;Russia;;;0
3449;-1;Sukhbir;Sahota;;1981-2-9;Parli;MAH;India;;;0
3450;-1;Lukas;Karlsson;;1955-10-3;Gˆteborg;V‰S;Sweden;;;0
3451;-1;Igor;Shkadov;;1959-1-23;Pervomayskiy;ARK;Russia;;;0
3452;-1;Andrey;Mlynnik;;1958-11-24;Protvino;MOS;Russia;;;0
3453;-1;Dmitry;Vorobyov;;1962-4-25;St. Petersburg;SAI;Russia;;;0
3454;-1;Pierrick;Garcia;;1973-12-29;Quettreville-sur-Sienne;LOW;France;;;0
3455;-1;Pavel;Mezenko;;1975-5-12;Moscow;MOS;Russia;;;0
3456;-1;Ivan;Shpak;;1979-10-11;Zholymbet;AKM;Kazakhstan;;;0
3457;-1;Aleksey;Rezunenko;;1964-2-12;Yekaterinburg;SVE;Russia;;;0
3458;-1;Aleksey;Semyonov;;1961-12-25;Kazan;TAT;Russia;;;0
3459;-1;Will;Hill;;1958-10-5;Somerton;AZ;United States;;;0
3460;-1;Gennady;Gaydushenko;;1972-6-10;Syktyvkar;KOM;Russia;;;0
3461;-1;Kyrylo;Moskalenko;;1962-10-13;Kanelovskaya;KRA;Russia;;;0
3462;-1;Galimyan;Khaitkulliyev;;1981-11-9;Kanash;CHU;Russia;;;0
3463;-1;Sergey;Kachemayev;;1981-4-29;Chelyabinsk;CHE;Russia;;;0
3464;-1;Vyacheslav;Rochev;;1969-4-21;Komsomolsk-na-Amure;KHA;Russia;;;0
3465;-1;Aleksandr;Kalinchenko;;1969-2-21;Yuryev-Polskiy;VLA;Russia;;;0
3466;-1;Aleksey;Vorobyov;;1969-5-11;Tobolsk;TYU;Russia;;;0
3467;-1;Sergey;Laikmaa;;1966-7-28;Nizhny Novgorod;NIZ;Russia;;;0
3468;-1;Yevgeny;Kucherov;;1957-11-16;Preobrazhenskaya;VOL;Russia;;;0
3469;-1;Onalsyn;Abdusadykov;;1956-5-3;Borodulikha;SIG;Kazakhstan;;;0
3470;-1;Andrey;Zakhava;;1969-3-10;Kogalym;KHA;Russia;;;0
3471;-1;Ilya;Mityayev;;1982-9-17;Prokopyevsk;KEM;Russia;;;0
3472;-1;Roman;Nenakhov;;1978-5-17;Moscow;MOS;Russia;;;0
3473;-1;Yevhen;Komar;;1977-11-30;Yekaterinburg;SVE;Russia;;;0
3474;-1;Viktor;Ralin;;1977-10-13;Moscow;MOS;Russia;;;0
3475;-1;Rodion;Darienko;;1964-1-29;Budyonnovsk;STA;Russia;;;0
3476;-1;Oleg;Engver;;1978-3-25;Krasnodar;KRA;Russia;;;0
3477;-1;Andrey;Yelokhin;;1983-10-8;Snezhinsk;CHE;Russia;;;0
3478;-1;Artyom;Yakovlev;;1955-8-2;Vladimir;VLA;Russia;;;0
3479;-1;Yevheniy;Babenko;;1977-5-14;Makhachkala;DAG;Russia;;;0
3480;124;Ludwig;Hoff;;1962-10-23;Beckum;NOR;Germany;;;0
3481;124;Mario;Kempf;;1963-7-6;Berlin;BER;Germany;;;0
3482;124;Viktor;Witt;;1974-9-25;Ingelheim;RHI;Germany;;;0
3483;124;Henrik;Breuer;;1983-4-20;Bochum;NOR;Germany;;;0
3484;124;Christoph;Gasser;;1979-9-16;Pozzuoli;CAM;Italy;;;0
3485;124;Arwed;Schnee;;1965-6-8;J¸nkerath;RHI;Germany;;;0
3486;124;Christopher;Ludwig;;1977-1-8;Immenhausen;HES;Germany;;;0
3487;124;Gerald;M¸ller;;1973-4-2;Burg;SAX;Germany;;;0
3488;124;Konrad;Klemm;;1973-1-11;Reimlingen;BAV;Germany;;;0
3489;124;Thorsten;Wagner;;1959-1-9;Euskirchen;NOR;Germany;;;0
3490;125;Alf;Kovac;;1981-3-23;Flensburg;SCH;Germany;;;0
3491;125;Pascal;Deckert;;1959-3-28;Salzwedel;SAX;Germany;;;0
3492;125;Max;Schneider;;1970-2-22;Hemsbach;BAD;Germany;;;0
3493;125;Nathan;Lalande;;1983-9-1;Villeurbanne;RHÙ;France;;;0
3494;125;Johan;Haga;;1981-5-26;Ringsaker;HED;Norway;;;0
3495;125;Korbinian;Melzer;;1966-6-15;Berlin;BER;Germany;;;0
3496;125;Nicolaus;L¸cke;;1965-11-20;Isen;BAV;Germany;;;0
3497;125;Chris;H¸bner;;1972-3-10;Werder;BRA;Germany;;;0
3498;125;Alfred;Rose;;1982-6-15;Neustadt;HES;Germany;;;0
3499;125;Manuel;Schwarz;;1968-4-6;Chemnitz;SAX;Germany;;;0
3500;126;Damian;Grote;;1977-7-27;Dortmund;NOR;Germany;;;0
3501;126;Patrick;Bartsch;;1961-11-9;Achim;LOW;Germany;;;0
3502;126;Dominik;Luft;;1970-1-1;Coswig;SAX;Germany;;;0
3503;126;Uwe;Gomez;;1959-8-20;Schorndorf;BAD;Germany;;;0
3504;126;Harry;MacAslan;;1958-3-9;Johnstone;SCO;Scotland;;;0
3505;126;Malte;Block;;1967-9-10;Ehingen;BAD;Germany;;;0
3506;126;Marcel;Winter;;1965-8-17;Tauberbischofsheim;BAD;Germany;;;0
3507;126;Josef;Baier;;1962-9-16;Groﬂenehrich;THU;Germany;;;0
3508;126;Hugo;Reichel;;1960-6-5;Stephansposching;BAV;Germany;;;0
3509;126;Valentin;Schreiber;;1963-1-13;Ansbach;BAV;Germany;;;0
3510;127;Osmund;Schrˆter;;1971-12-24;Fr‰nkisch-Crumbach;HES;Germany;;;0
3511;127;Conrad;Seiler;;1959-4-20;Gˆttingen;LOW;Germany;;;0
3512;127;Wolfdietrich;Koller;;1960-7-24;Bad Blankenburg;THU;Germany;;;0
3513;127;Ambros;Kˆhler;;1961-7-5;R¸ckersdorf;BAV;Germany;;;0
3514;127;JÅ¸ri;Toom;;1957-3-28;Tallinn;HAR;Estonia;;;0
3515;127;Sigfried;M¸ller;;1959-6-15;Menden;NOR;Germany;;;0
3516;127;Boris;Engert;;1968-7-20;Halsenbach;RHI;Germany;;;0
3517;127;Justin;Baltes;;1963-7-15;Bischoffen;HES;Germany;;;0
3518;127;Arnt;Rech;;1980-9-29;Landshut;BAV;Germany;;;0
3519;127;Alex;Gauch;;1956-11-29;Bonn;NOR;Germany;;;0
3520;128;Simon;Heyn;;1959-3-1;Bad Tˆlz;BAV;Germany;;;0
3521;128;Matthias;Spitzer;;1958-7-30;Brunswick;LOW;Germany;;;0
3522;128;Szymon;Lipka;;1975-11-4;Bydgoszcz;KUJ;Poland;;;0
3523;128;Marcus;H¸bsch;;1974-11-21;Heilbronn;BAD;Germany;;;0
3524;128;Ionut;Moti;;1983-11-22;Sabaoani;NEA;Romania;;;0
3525;128;Bodo;May;;1968-2-6;L¸neburg;LOW;Germany;;;0
3526;128;Maik;Baldus;;1957-5-31;Bad Salzdetfurth;LOW;Germany;;;0
3527;128;Thomas;Gehrmann;;1966-4-29;Laatzen;LOW;Germany;;;0
3528;128;Yannik;Rose;;1982-1-13;Gartz;BRA;Germany;;;0
3529;128;Abdulkadir;KiskaÁ;;1964-1-4;Varel;LOW;Germany;;;0
3530;129;Til;Tillmann;;1960-5-30;Hilden;NOR;Germany;;;0
3531;129;Florian;Stoll;;1961-1-15;Berlin;BER;Germany;;;0
3532;129;Louis;Kienzler;;1973-3-24;Pfronten;BAV;Germany;;;0
3533;129;Avram;Ahmetovic;;1971-12-7;Vienna;WIE;Austria;;;0
3534;129;Silvester;Hechler;;1961-3-1;Hamburg;HAM;Germany;;;0
3535;129;Phillip;B¸chner;;1972-6-17;Berlin;BER;Germany;;;0
3536;129;Dominic;Reiss;;1957-2-1;Halver;NOR;Germany;;;0
3537;129;Robert;Till;;1983-9-10;Kˆnigsbrunn;BAV;Germany;;;0
3538;129;Tobias;Dohmen;;1969-2-27;Bammental;BAD;Germany;;;0
3539;129;Diether;Keller;;1980-3-12;Celle;LOW;Germany;;;0
3540;130;Ambrosius;Altmann;;1968-11-22;Lunestedt;LOW;Germany;;;0
3541;130;Sˆren;Borchert;;1958-12-15;Vlotho;NOR;Germany;;;0
3542;130;Sven;Rauch;;1982-11-14;Erftstadt;NOR;Germany;;;0
3543;130;Udo;Fischer;;1957-9-7;Geisenfeld;BAV;Germany;;;0
3544;130;Adam;Dada;;1976-10-21;Spires;RHI;Germany;;;0
3545;130;Nicolaus;L¸ck;;1974-6-24;Sprockhˆvel;NOR;Germany;;;0
3546;130;Arthur;Dietrich;;1972-3-31;Haan;NOR;Germany;;;0
3547;130;Eugen;Siedler;;1971-4-3;Hanover;LOW;Germany;;;0
3548;130;Hugo;Lutz;;1958-4-5;Camburg;THU;Germany;;;0
3549;130;Eugen;M¸ller;;1961-9-9;Wadern;SAA;Germany;;;0
3550;131;Dennis;Br¸ggemann;;1968-9-8;Krefeld;NOR;Germany;;;0
3551;131;Sylvio;Meier;;1956-10-20;Munich;BAV;Germany;;;0
3552;131;Arnt;Ulrich;;1974-11-20;Rheinbach;NOR;Germany;;;0
3553;131;Yuriy;Melnychuk;;1978-2-24;Kerch;KRY;Ukraine;;;0
3554;131;Julius;Henne;;1961-9-19;Dresden;SAX;Germany;;;0
3555;131;Tilo;Meier;;1974-1-26;Reutlingen;BAD;Germany;;;0
3556;131;Julian;Eckert;;1975-11-29;Berlin;BER;Germany;;;0
3557;131;Kurt;Steinborn;;1965-4-3;Ellwangen;BAD;Germany;;;0
3558;131;Sahin;Alg¸l;;1972-8-6;Aichen;BAV;Germany;;;0
3559;131;Jan;H‰hnel;;1982-4-25;Eichst‰tt;BAV;Germany;;;0
3560;132;Felix;Feller;;1957-5-14;Meckenbeuren;BAD;Germany;;;0
3561;132;Gustav;Kulina;;1957-10-2;Raesfeld;NOR;Germany;;;0
3562;132;Erich;W¸stefeld;;1971-12-23;Karlsruhe;BAD;Germany;;;0
3563;132;Moritz;Mensing;;1968-11-21;Ravensburg;BAD;Germany;;;0
3564;132;Jan;Lamprecht;;1957-3-3;Medebach;NOR;Germany;;;0
3565;132;Carl;Schuhmacher;;1966-8-28;Hutthurm;BAV;Germany;;;0
3566;132;Can;Bˆl¸kbasi;;1959-5-26;Cologne;NOR;Germany;;;0
3567;132;Chris;Wolter;;1976-5-30;Plochingen;BAD;Germany;;;0
3568;132;Moritz;Gass;;1975-10-6;Lenzen;BRA;Germany;;;0
3569;132;Philip;Kuper;;1966-4-29;Berlin;BER;Germany;;;0
3570;133;Cai;Stark;;1965-8-3;Villingen-Schwenningen;BAD;Germany;;;0
3571;133;Marat;Sharipov;;1976-5-4;Murmino;RYA;Russia;;;0
3572;133;Ottmar;Hagemann;;1981-2-8;Dortmund;NOR;Germany;;;0
3573;133;Rico;Wagner;;1981-2-6;Cologne;NOR;Germany;;;0
3574;133;Kemal;Ceylan;;1960-10-11;Flensburg;SCH;Germany;;;0
3575;133;Raphael;S¸ss;;1966-12-2;Bergtheim;BAV;Germany;;;0
3576;133;Meik;Mayer;;1974-2-28;Koblenz;RHI;Germany;;;0
3577;133;Niklas;Hase;;1966-7-2;Frankfurt;HES;Germany;;;0
3578;133;Helge;Dost;;1977-10-15;Bietigheim;BAD;Germany;;;0
3579;133;Sigfried;Kleist;;1981-7-31;Velbert;NOR;Germany;;;0
3580;134;Diethmar;Zielke;;1970-12-4;Frankfurt;HES;Germany;;;0
3581;134;Egon;Neumann;;1972-12-10;Leipzig;SAX;Germany;;;0
3582;134;Victor;Allaire;;1970-12-27;Octeville;LOW;France;;;0
3583;134;Christoph;Koller;;1982-8-21;Berlin;BER;Germany;;;0
3584;134;Volker;Reiners;;1965-9-15;Baunatal;HES;Germany;;;0
3585;134;Maximilian;Wagner;;1972-12-19;Roﬂleben;THU;Germany;;;0
3586;134;Nikolaus;Jost;;1962-2-16;Bassum;LOW;Germany;;;0
3587;134;Karl;Klotz;;1981-2-27;Mittenwald;BAV;Germany;;;0
3588;134;Tilo;Krause;;1959-7-14;Pohlheim;HES;Germany;;;0
3589;134;Ferdinand;Garbe;;1960-2-21;Herne;NOR;Germany;;;0
3590;135;Ingo;Braun;;1976-12-3;Haldensleben;SAX;Germany;;;0
3591;135;Arthur;Albrecht;;1970-2-21;Freiburg;BAD;Germany;;;0
3592;135;Dorinel;Gherea;;1979-12-10;Nehoiu;BUZ;Romania;;;0
3593;135;Matthias;Schmidt;;1965-3-20;Bruchkˆbel;HES;Germany;;;0
3594;135;Bodo;Zimmermann;;1957-9-2;Bensheim;HES;Germany;;;0
3595;135;Toni;Walter;;1975-1-3;Kefenrod;HES;Germany;;;0
3596;135;Konrad;Lustig;;1976-12-13;Edesheim;RHI;Germany;;;0
3597;135;Marius;Weigand;;1983-8-13;Germering;BAV;Germany;;;0
3598;135;Walter;Brinkmann;;1959-5-18;Seddiner See;BRA;Germany;;;0
3599;135;Tell;Stein;;1969-7-28;Osterholz-Scharmbeck;LOW;Germany;;;0
3600;136;Christof;Schulz;;1967-12-9;Freital;SAX;Germany;;;0
3601;136;Dietmar;Fischer;;1977-7-15;Augsburg;BAV;Germany;;;0
3602;136;Burkard;M¸ller;;1984-2-3;Leverkusen;NOR;Germany;;;0
3603;136;Luka;Krueger;;1955-3-28;Balingen;BAD;Germany;;;0
3604;136;Wolf;Alex;;1961-6-2;Berlin;BER;Germany;;;0
3605;136;Ludwig;Kraus;;1964-2-5;Dorfen;BAV;Germany;;;0
3606;136;Daniel;Bender;;1971-3-26;Duisburg;NOR;Germany;;;0
3607;136;Philip;Meier;;1983-6-23;Laufenburg;BAD;Germany;;;0
3608;136;Jean;Baumann;;1966-6-15;Annweiler;RHI;Germany;;;0
3609;136;Marcus;Koch;;1960-6-27;Preetz;SCH;Germany;;;0
3610;137;Brian;S¯rensen;;1976-5-27;M¸nster;NOR;Germany;;;0
3611;137;Frank;Kˆnig;;1964-11-8;Garbsen;LOW;Germany;;;0
3612;137;Antoine;Frey;;1978-4-24;Alfdorf;BAD;Germany;;;0
3613;137;Timo;Reuter;;1983-4-9;Berlin;BER;Germany;;;0
3614;137;Joel;Urban;;1963-8-25;Wardenburg;LOW;Germany;;;0
3615;137;Timm;Fischer;;1968-11-20;Goldenstedt;LOW;Germany;;;0
3616;137;Simon;Stahl;;1962-9-24;Berlin;BER;Germany;;;0
3617;137;Niklas;Bender;;1967-3-30;D¸sseldorf;NOR;Germany;;;0
3618;137;Guido;Eberhardt;;1978-12-16;Neuwied;RHI;Germany;;;0
3619;137;Andy;Neumann;;1962-5-16;Altenholz;SCH;Germany;;;0
3620;-1;Lukas;Herrmann;;1977-6-26;Frankfurt;BRA;Germany;;;0
3621;-1;Hubert;Fuhrmann;;1983-9-3;Lindlar;NOR;Germany;;;0
3622;-1;Mayk;Nˆll;;1973-7-5;Stetten;BAV;Germany;;;0
3623;-1;Benjamin;Hase;;1969-4-12;Flensburg;SCH;Germany;;;0
3624;-1;Peter;Schneider;;1958-2-18;Nˆrdlingen;BAV;Germany;;;0
3625;-1;Carl;Peters;;1967-2-16;Bielefeld;NOR;Germany;;;0
3626;-1;Hanspeter;L¸demann;;1974-4-23;Trier;RHI;Germany;;;0
3627;-1;Andreas;Beck;;1955-10-20;Putbus;MEC;Germany;;;0
3628;-1;Jakob;Sch‰fer;;1955-10-27;Hamm;NOR;Germany;;;0
3629;-1;Wilhelm;Kammer;;1956-7-28;Bad Zwischenahn;LOW;Germany;;;0
3630;-1;Erich;Meier;;1974-9-23;Munich;BAV;Germany;;;0
3631;-1;Uli;Forster;;1962-10-13;Krefeld;NOR;Germany;;;0
3632;-1;Paul;Merkle;;1957-12-16;Offstein;RHI;Germany;;;0
3633;-1;Maximilian;Richter;;1957-8-5;Neus‰ﬂ;BAV;Germany;;;0
3634;-1;Burkhard;Albrecht;;1969-9-21;Syke;LOW;Germany;;;0
3635;-1;Nikolas;Guenther;;1961-4-21;Wildeshausen;LOW;Germany;;;0
3636;-1;Veith;Korn;;1977-5-5;Leipzig;SAX;Germany;;;0
3637;-1;Herrmann;Gross;;1977-6-18;Barleben;SAX;Germany;;;0
3638;-1;Adrian;Endres;;1961-7-25;Dresden;SAX;Germany;;;0
3639;-1;Alex;West;;1980-10-3;Laval;QC;Canada;;;0
3640;-1;Harald;Koslowski;;1984-5-28;Radolfzell;BAD;Germany;;;0
3641;-1;Arwed;Tessmer;;1977-11-3;Munich;BAV;Germany;;;0
3642;-1;Konstantin;Semyonov;;1978-11-12;Yeysk;KRA;Russia;;;0
3643;-1;Hans;Rˆssel;;1976-10-13;Aalen;BAD;Germany;;;0
3644;-1;Eric;Decker;;1967-3-31;Prisdorf;SCH;Germany;;;0
3645;-1;Christof;Zeitler;;1981-8-1;Groﬂ Wittensee;SCH;Germany;;;0
3646;-1;Josua;Braun;;1963-3-28;Wertingen;BAV;Germany;;;0
3647;-1;Donatus;Schaffer;;1975-11-9;Berlin;BER;Germany;;;0
3648;-1;Flynn;Powell;;1976-3-28;College Park;MD;United States;;;0
3649;-1;Dominic;Eisele;;1973-4-28;Berlin;BER;Germany;;;0
3650;-1;Eduard;Steiner;;1969-8-19;Berlin;BER;Germany;;;0
3651;-1;Norihisa;Yamamoto;;1970-7-26;Yamagata;YAM;Japan;;;0
3652;-1;Patrick;Decker;;1973-8-9;Herrenberg;BAD;Germany;;;0
3653;-1;Karl;M¸ller;;1962-1-1;J¸nkerath;RHI;Germany;;;0
3654;-1;Yigit;«alimbay;;1960-10-19;Heilbronn;BAD;Germany;;;0
3655;-1;David;Deckers;;1967-7-24;Neuburg;BAV;Germany;;;0
3656;-1;Sepp;P‰tzold;;1963-12-12;Zolling;BAV;Germany;;;0
3657;-1;Theodor;Schrˆder;;1983-4-13;Wittenhagen;MEC;Germany;;;0
3658;-1;Erwin;Johnson;;1977-8-16;Springe;LOW;Germany;;;0
3659;-1;Thomas;Koch;;1978-5-24;Dortmund;NOR;Germany;;;0
3660;-1;James;Glazier;;1976-8-17;Progress Village;FL;United States;;;0
3661;-1;Tino;Baumgartner;;1961-2-15;Schloﬂ Holte-Stukenbrock;NOR;Germany;;;0
3662;-1;Jannik;M¸ller;;1980-3-20;Gera;THU;Germany;;;0
3663;-1;Mark;Henke;;1983-12-6;S¸dbrookmerland;LOW;Germany;;;0
3664;-1;Tommy;Bull;;1975-4-7;Magdeburg;SAX;Germany;;;0
3665;-1;Hugo;Weidner;;1969-3-17;Regensburg;BAV;Germany;;;0
3666;-1;Roger;Pierce;;1956-1-30;Newark;NY;United States;;;0
3667;-1;Arend;Klein;;1967-7-26;Hanover;LOW;Germany;;;0
3668;-1;Silvester;Baumann;;1984-1-13;Augustdorf;NOR;Germany;;;0
3669;-1;Egon;Eichler;;1970-9-5;Heilbronn;BAD;Germany;;;0
3670;-1;Felix;Simic;;1966-11-23;Mettingen;NOR;Germany;;;0
3671;-1;Hansjoachim;Henkel;;1968-4-15;Berlin;BER;Germany;;;0
3672;-1;Lars;Pfeiffer;;1963-1-10;Emmendingen;BAD;Germany;;;0
3673;-1;Daniel;Meier;;1980-7-20;Frankfurt;HES;Germany;;;0
3674;-1;Ronald;Mair;;1981-10-12;Schlieben;BRA;Germany;;;0
3675;-1;Dagobert;Baron;;1956-10-20;M¸hlheim;BAD;Germany;;;0
3676;-1;Lukas;W¸thrich;;1958-4-22;Wetzikon;ZH;Switzerland;;;0
3677;-1;Arved;Richter;;1966-11-22;Waldershof;BAV;Germany;;;0
3678;-1;Justus;Albrecht;;1978-2-15;Pulheim;NOR;Germany;;;0
3679;-1;Ludger;Bender;;1982-1-29;R¸sselsheim;HES;Germany;;;0
3680;-1;Christoph;Franke;;1969-1-4;Bad Vilbel;HES;Germany;;;0
3681;-1;Burkardt;Hˆrner;;1959-5-16;Weiherhammer;BAV;Germany;;;0
3682;-1;Till;Schmidt;;1964-6-22;Zwiesel;BAV;Germany;;;0
3683;-1;Chris;Antonsen;;1957-3-13;Oklahoma City;OK;United States;;;0
3684;-1;Hidemichi;Yoshikawa;;1956-2-26;Kobe;HYO;Japan;;;0
3685;-1;Silvan;Lutz;;1960-7-16;Bubikon;ZH;Switzerland;;;0
3686;-1;Eduard;Dietzel;;1956-12-30;Bremen;BRE;Germany;;;0
3687;-1;AndrÈ;Krebs;;1965-4-30;Emmerich;NOR;Germany;;;0
3688;-1;Leon;Gerlach;;1978-6-21;D¸sseldorf;NOR;Germany;;;0
3689;-1;Leonhard;Ritz;;1972-6-1;Regensburg;BAV;Germany;;;0
3690;-1;Baptist;Kohler;;1962-11-8;Vogtareuth;BAV;Germany;;;0
3691;-1;Hendrik;Weber;;1963-7-21;Gr¸nstadt;RHI;Germany;;;0
3692;-1;Stephan;Panitz;;1975-7-6;Nuremberg;BAV;Germany;;;0
3693;-1;Arwin;Meier;;1963-7-15;Munich;BAV;Germany;;;0
3694;-1;Diether;Maier;;1976-9-5;Tˆging;BAV;Germany;;;0
3695;-1;Martin;Neubauer;;1962-7-9;Bad Salzuflen;NOR;Germany;;;0
3696;-1;Leonhard;Grimm;;1961-9-21;R¸dersdorf;BRA;Germany;;;0
3697;-1;Heinz;Krueger;;1983-9-16;Aurich;LOW;Germany;;;0
3698;-1;Gustav;Fischer;;1971-5-19;Elzach;BAD;Germany;;;0
3699;-1;Pirmin;Wiesemann;;1967-5-24;Plauen;SAX;Germany;;;0
3700;-1;Otto;R¸diger;;1975-6-24;Schrobenhausen;BAV;Germany;;;0
3701;-1;Dirk;Felde;;1964-2-11;Niesky;SAX;Germany;;;0
3702;-1;Till;Strobel;;1966-2-3;Weitersburg;RHI;Germany;;;0
3703;-1;Bernd;Witt;;1974-6-12;Stuttgart;BAD;Germany;;;0
3704;-1;Leon;Schaller;;1972-3-12;K¸striner Vorland;BRA;Germany;;;0
3705;-1;Phillipp;Scharf;;1968-7-19;Niedersachswerfen;THU;Germany;;;0
3706;-1;Guido;Hennig;;1972-9-3;Essen;NOR;Germany;;;0
3707;-1;Fabian;Strack;;1961-3-28;Kirchheim;BAD;Germany;;;0
3708;-1;Mathias;Richter;;1958-8-18;Leipheim;BAV;Germany;;;0
3709;-1;Joachim;Sch‰fer;;1974-8-18;Mˆhrendorf;BAV;Germany;;;0
3710;-1;Hans;Hˆhn;;1984-11-29;Daaden;RHI;Germany;;;0
3711;-1;Tobias;Kummer;;1984-11-18;Dingelst‰dt;THU;Germany;;;0
3712;-1;Rhett;Beckman;;1957-3-20;New York;NY;United States;;;0
3713;-1;Glenn;Fryman;;1980-7-8;California;PA;United States;;;0
3714;-1;Daniel;Otto;;1965-12-13;Hanover;LOW;Germany;;;0
3715;-1;Chris;Noack;;1958-7-13;Kaiserslautern;RHI;Germany;;;0
3716;-1;Marvin;Schmid;;1964-11-11;Stemwede;NOR;Germany;;;0
3717;-1;Martin;J‰schke;;1970-1-16;Bedburg;NOR;Germany;;;0
3718;-1;Tim;Drechsler;;1959-7-8;Ulm;BAD;Germany;;;0
3719;-1;Aaron;Kˆnig;;1972-7-10;Bergisch Gladbach;NOR;Germany;;;0
3720;-1;Hansj¸rgen;Hartmann;;1968-10-10;G¸tersloh;NOR;Germany;;;0
3721;-1;Kai;Klein;;1973-6-16;Berlin;BER;Germany;;;0
3722;-1;Malte;Munz;;1955-6-22;Munich;BAV;Germany;;;1
3723;-1;Rigo;Abraham;;1967-2-25;Neufahrn;BAV;Germany;;;0
3724;-1;Veit;Lemke;;1962-8-8;Wittmund;LOW;Germany;;;0
3725;-1;Maximilian;Lackner;;1977-3-21;Fronreute;BAD;Germany;;;0
3726;-1;Eberhardt;Siemens;;1968-7-20;Hof;BAV;Germany;;;0
3727;-1;Pierre;Schick;;1974-6-30;Zschopau;SAX;Germany;;;0
3728;-1;Peter;Haas;;1970-12-8;Zschortau;SAX;Germany;;;0
3729;-1;Leon;Lucke;;1960-8-4;Nettetal;NOR;Germany;;;0
3730;-1;Henrik;Lang;;1972-10-7;Freital;SAX;Germany;;;0
3731;-1;Mathis;Mangold;;1972-8-18;Dersum;LOW;Germany;;;0
3732;-1;Niclas;Schaller;;1978-2-3;Wissen;RHI;Germany;;;0
3733;-1;Lucas;Lippert;;1963-3-12;Oberkotzau;BAV;Germany;;;0
3734;-1;Arne;M¸ller;;1975-10-22;Berlin;BER;Germany;;;0
3735;-1;Elmar;Muster;;1966-12-7;Ingolstadt;BAV;Germany;;;0
3736;-1;Leon;Bruckner;;1976-12-16;Ludwigsburg;BAD;Germany;;;0
3737;-1;Bjˆrn;Tietze;;1981-9-15;Sonthofen;BAV;Germany;;;0
3738;-1;Lenz;Nowak;;1977-12-25;Marklohe;LOW;Germany;;;0
3739;-1;Andreas;Kaiser;;1970-8-1;Hamburg;HAM;Germany;;;0
3740;-1;Olaf;Jonda;;1966-3-5;Tettau;BAV;Germany;;;0
3741;-1;Rainer;Hahn;;1978-1-26;Oranienburg;BRA;Germany;;;0
3742;-1;Kristian;Sieber;;1967-11-5;Cologne;NOR;Germany;;;0
3743;-1;Hansj¸rgen;Heise;;1973-10-12;Niederzissen;RHI;Germany;;;0
3744;-1;Andy;Priebe;;1967-8-3;Kuchen;BAD;Germany;;;0
3745;-1;Ignaz;Hecker;;1984-7-28;Wetzlar;HES;Germany;;;0
3746;-1;Carlheinz;L¸ke;;1957-5-14;Memmingen;BAV;Germany;;;0
3747;-1;Augustin;Poppe;;1977-12-16;Dortmund;NOR;Germany;;;0
3748;-1;Annik;Pauli;;1965-11-28;Erfurt;THU;Germany;;;0
3749;-1;Baptist;Steffens;;1963-1-15;Munich;BAV;Germany;;;0
3750;-1;Rico;Becker;;1967-12-2;Mommenheim;RHI;Germany;;;0
3751;-1;Vinzent;Gericke;;1975-12-25;Berlin;BER;Germany;;;0
3752;-1;Jan;Jung;;1957-12-15;Xanten;NOR;Germany;;;0
3753;-1;Max;Schwarz;;1969-3-20;Eitorf;NOR;Germany;;;0
3754;-1;Edmund;Thiele;;1970-12-7;Obertshausen;HES;Germany;;;0
3755;-1;Luka;Weber;;1957-4-11;Rehlingen-Siersburg;SAA;Germany;;;0
3756;-1;Cai;Hase;;1974-7-29;Berlin;BER;Germany;;;0
3757;-1;Ulrich;Meyer;;1980-1-6;Rathenow;BRA;Germany;;;0
3758;-1;Michael;Henn;;1978-4-2;Oberwesel;RHI;Germany;;;0
3759;-1;David;Klein;;1962-12-20;Freising;BAV;Germany;;;0
3760;-1;Abraham;Meyer;;1961-12-7;Gladbeck;NOR;Germany;;;0
3761;-1;Dogukan;Yigen;;1956-10-19;Dresden;SAX;Germany;;;0
3762;-1;Rudolf;Maler;;1968-4-20;T¸bingen;BAD;Germany;;;0
3763;-1;Jiang;Fuhua;;1979-9-14;Yingkou;LIA;China;;;0
3764;-1;Bastian;Sobotta;;1983-10-8;Ensdorf;SAA;Germany;;;0
3765;-1;Eike;Kubitza;;1978-4-20;Berlin;BER;Germany;;;0
3766;-1;Raymund;Kittel;;1979-1-2;Cologne;NOR;Germany;;;0
3767;-1;Cordian;Sch‰fer;;1978-8-25;Goslar;LOW;Germany;;;0
3768;-1;Martin;Wechselberger;;1970-11-2;Gummersbach;NOR;Germany;;;0
3769;-1;Peter;Fritz;;1966-2-8;Hamburg;HAM;Germany;;;0
3770;-1;Enrico;Erdmann;;1960-7-27;Doberschau-Gauﬂig;SAX;Germany;;;0
3771;-1;Gao;Sida;;1975-6-25;Gaozhou;GUA;China;;;0
3772;-1;Quirin;Silva;;1963-10-29;Berlin;BER;Germany;;;0
3773;-1;Stefan;Liebau;;1967-10-12;Wiesenfelden;BAV;Germany;;;0
3774;-1;Chiel;van den Ham;;1976-11-23;Ooststellingwerf;FRI;Netherlands;;;0
3775;-1;Volker;Finke;;1955-6-14;Gessertshausen;BAV;Germany;;;1
3776;-1;Ivo;Ostermann;;1983-10-27;Bad Schˆnborn;BAD;Germany;;;0
3777;-1;Jo;Lehmann;;1967-4-11;Duisburg;NOR;Germany;;;0
3778;-1;Fabian;Heinrich;;1973-12-16;Kassel;HES;Germany;;;0
3779;-1;Fred;Wood;;1964-7-7;Fort Leonard Wood;MO;United States;;;0
3780;-1;Benedict;Herr;;1984-5-1;Wuppertal;NOR;Germany;;;0
3781;-1;RenÈ;Pereira;;1963-7-2;Niederkassel;NOR;Germany;;;0
3782;-1;…ric;Hamel;;1978-7-21;Toronto;ON;Canada;;;0
3783;-1;Marko;Bosch;;1976-6-9;Ebersbach;BAD;Germany;;;0
3784;-1;Theodor;Schneider;;1971-6-10;Heidelberg;BAD;Germany;;;0
3785;-1;Mario;Jˆckel;;1964-4-13;Bocholt;NOR;Germany;;;0
3786;-1;Stefan;Scherzer;;1968-5-6;Pfatter;BAV;Germany;;;0
3787;-1;Dirk;Bock;;1979-12-9;Berlin;BER;Germany;;;0
3788;-1;Till;Schrˆder;;1982-12-8;Lauter;BAV;Germany;;;0
3789;-1;Vojtech;Krupicka;;1966-12-28;Zelezna Ruda;PLZ;Czechia;;;0
3790;-1;Ronny;Walther;;1981-5-15;Mˆnsheim;BAD;Germany;;;0
3791;-1;Harry;Schulte;;1965-9-23;Crimmitschau;SAX;Germany;;;0
3792;-1;Michael;Meier;;1981-5-5;Langen;LOW;Germany;;;0
3793;-1;Patrick;Heinen;;1964-11-19;Fischach;BAV;Germany;;;0
3794;-1;Darius;Beck;;1965-2-21;Mˆmbris;BAV;Germany;;;0
3795;-1;Pierre;Clemens;;1961-7-26;Saarbr¸cken;SAA;Germany;;;0
3796;-1;Lukas;Beckmann;;1968-11-24;Essen;NOR;Germany;;;0
3797;-1;Dominic;Kr‰mer;;1967-8-21;Geilenkirchen;NOR;Germany;;;0
3798;-1;Florentin;Sch¸tze;;1964-12-3;Visbek;LOW;Germany;;;0
3799;-1;Alban;Schneiders;;1964-4-5;Freising;BAV;Germany;;;0
3800;-1;Jens;Polster;;1961-7-4;Berlin;BER;Germany;;;0
3801;-1;Enrico;Kremer;;1962-9-25;Adelebsen;LOW;Germany;;;0
3802;-1;Gerald;Hampel;;1970-12-6;Ulm;BAD;Germany;;;0
3803;-1;Englbert;Hess;;1976-4-22;Kempen;NOR;Germany;;;0
3804;-1;Mathias;Klein;;1979-8-22;Lich;HES;Germany;;;0
3805;-1;Raik;Wolf;;1972-9-29;Postbauer-Heng;BAV;Germany;;;0
3806;-1;Nicolas;Hornig;;1981-4-24;Lichtenstein;SAX;Germany;;;0
3807;-1;Detlef;Wolf;;1982-10-22;Bremen;BRE;Germany;;;0
3808;-1;Jannick;Schmidt;;1970-2-20;Reinhardshagen;HES;Germany;;;0
3809;-1;Michael;Nass;;1981-4-9;Essen;NOR;Germany;;;0
3810;-1;Albert;Bartsch;;1979-11-17;Nordhausen;THU;Germany;;;0
3811;-1;Balveer;Duggal;;1972-11-18;Kot Kapura;PUN;India;;;0
3812;-1;Burkhard;Schmidt;;1959-12-17;Berlin;BER;Germany;;;0
3813;-1;Norbert;Huber;;1964-5-24;Pulheim;NOR;Germany;;;0
3814;-1;Haimo;Buchwald;;1981-10-27;Damme;LOW;Germany;;;0
3815;-1;Tim;Vollmer;;1976-2-3;Oldenburg;LOW;Germany;;;0
3816;-1;Gunnar;Hˆhn;;1962-9-19;Berlin;BER;Germany;;;0
3817;-1;Daniel;Schmidt;;1963-4-12;Freiburg;BAD;Germany;;;0
3818;-1;Luca;Schulz;;1970-6-10;Munich;BAV;Germany;;;0
3819;-1;Philipp;Neumann;;1967-11-29;Fischen;BAV;Germany;;;0
3820;-1;Heinrich;Andreas;;1982-9-8;Breitscheid;HES;Germany;;;0
3821;-1;Christian;Braun;;1961-7-15;Duisburg;NOR;Germany;;;0
3822;-1;Marko;M¸ller;;1965-11-24;Oldenburg;LOW;Germany;;;0
3823;-1;Ludwig;Poth;;1979-9-14;Neum¸nster;SCH;Germany;;;0
3824;-1;Simon;Voigt;;1955-7-18;Mˆnchengladbach;NOR;Germany;;;0
3825;-1;Alexander;Wagner;;1956-2-25;D¸sseldorf;NOR;Germany;;;0
3826;-1;Tobias;Sander;;1961-5-4;Munich;BAV;Germany;;;0
3827;-1;Udo;Schlee;;1963-1-13;Nˆrdlingen;BAV;Germany;;;0
3828;-1;Mario;Kleist;;1957-11-25;Pulheim;NOR;Germany;;;0
3829;-1;Alfred;Schˆn;;1959-12-28;Bad Oeynhausen;NOR;Germany;;;0
3830;-1;Dominik;Kraft;;1979-10-14;Berlin;BER;Germany;;;0
3831;-1;Frieder;Zimmer;;1963-9-19;B¸ckeburg;LOW;Germany;;;0
3832;-1;Markus;De vries;;1962-4-29;Roﬂlau;SAX;Germany;;;0
3833;-1;Ruben;Wilkens;;1956-1-16;Frankfurt;HES;Germany;;;0
3834;-1;Malte;Katze;;1960-2-28;Runkel;HES;Germany;;;0
3835;-1;Alex;Thisted;;1980-12-20;Hanover;LOW;Germany;;;0
3836;-1;Pascal;Meyer;;1967-5-10;Bad Schwalbach;HES;Germany;;;0
3837;-1;Thomas;Schmid;;1977-4-27;Linsengericht;HES;Germany;;;0
3838;-1;Czeslaw;Kubik;;1965-1-21;Bad Aibling;BAV;Germany;;;0
3839;-1;Aaron;Claussen;;1973-1-11;M¸lheim;NOR;Germany;;;0
3840;-1;Phillipp;Berndt;;1955-6-15;Briesen;BRA;Germany;;;1
3841;-1;Gregor;Bauer;;1972-9-18;Munich;BAV;Germany;;;0
3842;-1;Fabian;Wolff;;1975-1-7;Sersheim;BAD;Germany;;;0
3843;-1;Ralph;Jacobi;;1972-2-4;Herten;NOR;Germany;;;0
3844;-1;Lukas;Jeske;;1982-12-26;Munich;BAV;Germany;;;0
3845;-1;Aleksandr;Skrynnik;;1959-7-31;Gornozavodsk;PER;Russia;;;0
3846;-1;Lorenz;Voss;;1958-7-7;Bremen;BRE;Germany;;;0
3847;-1;Frank;Richter;;1959-1-25;Tann;HES;Germany;;;0
3848;-1;Tyler;Laster;;1959-2-5;San Luis Obispo;CA;United States;;;0
3849;-1;Johannes;Burger;;1975-10-19;Stadthagen;LOW;Germany;;;0
3850;-1;Elroy;Burke;;1958-3-30;Villanova;PA;United States;;;0
3851;-1;Oliver;Fuchs;;1974-8-6;Cologne;NOR;Germany;;;0
3852;-1;Tobias;Arlt;;1967-8-12;Bad Freienwalde;BRA;Germany;;;0
3853;-1;Hendrik;Fischer;;1973-9-3;Bochum;NOR;Germany;;;0
3854;-1;J¸rgen;Fritz;;1957-7-21;Tettau;BAV;Germany;;;0
3855;-1;Bernd;Kaul;;1968-1-2;Uelzen;LOW;Germany;;;0
3856;-1;Markus;Welter;;1984-8-25;Oberrot;BAD;Germany;;;0
3857;-1;Max;M¸ller;;1979-9-21;Dresden;SAX;Germany;;;0
3858;-1;Jonathan;Reiss;;1970-3-1;Belzig;BRA;Germany;;;0
3859;-1;Marius;Hartwig;;1960-3-1;Mannheim;BAD;Germany;;;0
3860;-1;Ulf;Bretschneider;;1977-8-21;Fulda;HES;Germany;;;0
3861;-1;Don;McIntosh;;1980-11-5;San Antonio;TX;United States;;;0
3862;-1;Marcus;Drescher;;1956-2-12;Hanover;LOW;Germany;;;0
3863;-1;Diethmar;King;;1957-9-17;Tholey;SAA;Germany;;;0
3864;-1;Eberhardt;Schulz;;1978-8-28;Trappenkamp;SCH;Germany;;;0
3865;-1;Gereon;Thiel;;1959-4-30;Bissingen;BAD;Germany;;;0
3866;-1;Isa;Arisoy;;1959-2-8;Gifhorn;LOW;Germany;;;0
3867;-1;Bertram;Busch;;1964-2-4;Hamburg;HAM;Germany;;;0
3868;-1;Volker;Schneider;;1977-1-28;Flensburg;SCH;Germany;;;0
3869;-1;Tim;Haas;;1976-2-15;Kirchzarten;BAD;Germany;;;0
3870;-1;Rudolph;Weller;;1960-5-13;Neustadt;BAV;Germany;;;0
3871;-1;Joachim;Tischer;;1969-8-25;Eppelheim;BAD;Germany;;;0
3872;-1;Daniel;Anthony;;1982-1-2;Oakwood, Cuyahoga County;OH;United States;;;0
3873;-1;Michel;Frost;;1982-12-15;Kaltenkirchen;SCH;Germany;;;0
3874;-1;Philip;Dietrich;;1960-6-28;Ortrand;BRA;Germany;;;0
3875;-1;Ray;Foster;;1982-4-12;Honolulu;HI;United States;;;0
3876;-1;Martin;Frank;;1980-11-20;Uttenreuth;BAV;Germany;;;0
3877;-1;Dominik;Maiwald;;1984-1-22;Stuttgart;BAD;Germany;;;0
3878;-1;Stephan;Gˆtze;;1979-5-26;Mannheim;BAD;Germany;;;0
3879;-1;Leonhardt;Straub;;1970-4-17;Zeven;LOW;Germany;;;0
3880;-1;Benedikt;Stein;;1973-2-13;Salzgitter;LOW;Germany;;;0
3881;-1;Ingolf;Weise;;1974-7-3;Zittau;SAX;Germany;;;0
3882;-1;Elmar;Reber;;1971-7-11;Nentershausen;RHI;Germany;;;0
3883;-1;Phillip;Merkel;;1966-5-16;Hamm;NOR;Germany;;;0
3884;-1;Steffan;Chen;;1984-2-13;Stuttgart;BAD;Germany;;;0
3885;-1;Arne;Bittner;;1955-7-12;Isny;BAD;Germany;;;0
3886;-1;Melchior;Kopka;;1963-8-19;Emsb¸ren;LOW;Germany;;;0
3887;-1;Denny;Tkocz;;1955-6-19;Dortmund;NOR;Germany;;;1
3888;-1;Holger;Lange;;1973-3-8;Hartha;SAX;Germany;;;0
3889;-1;Steffan;Nachtigall;;1968-4-20;Oberpˆring;BAV;Germany;;;0
3890;-1;Elias;Steinmetz;;1963-5-8;Stuttgart;BAD;Germany;;;0
3891;-1;Ludwig;Muster;;1984-2-10;Berlin;BER;Germany;;;0
3892;-1;Mathias;Bauer;;1977-6-21;Hagen;NOR;Germany;;;0
3893;-1;Wolfdieter;Hausner;;1970-12-12;Linnich;NOR;Germany;;;0
3894;-1;Maximillian;Ahrens;;1976-7-23;Hamburg;HAM;Germany;;;0
3895;-1;AndrÈ;Schmidt;;1972-10-23;Wolfstein;RHI;Germany;;;0
3896;-1;Ehrhardt;Dengler;;1962-10-19;Essen;NOR;Germany;;;0
3897;-1;Julian;Wolff;;1957-10-14;Crimmitschau;SAX;Germany;;;0
3898;-1;Adam;Staudt;;1972-2-14;Augsburg;BAV;Germany;;;0
3899;-1;Justin;Fuhrmann;;1975-2-10;Nordenham;LOW;Germany;;;0
3900;-1;Wenzel;Stang;;1982-10-4;Munich;BAV;Germany;;;0
3901;-1;Erich;K¸hne;;1955-11-17;Kaufbeuren;BAV;Germany;;;0
3902;-1;Sepp;Heinze;;1960-11-7;Berlin;BER;Germany;;;0
3903;-1;Burkhart;Lehmann;;1982-9-17;Kaiserslautern;RHI;Germany;;;0
3904;-1;Dennis;Kirton;;1973-8-13;Bristol;IN;United States;;;0
3905;-1;Jan;van den Dungen;;1979-4-11;Groﬂrudestedt;THU;Germany;;;0
3906;-1;Hannes;Wunsch;;1964-11-10;Gotha;THU;Germany;;;0
3907;-1;Steve;Richard;;1975-12-13;Aspen Hill;MD;United States;;;0
3908;-1;David;Burkart;;1963-10-7;Kreuzau;NOR;Germany;;;0
3909;-1;Brendan;Schmit;;1979-6-27;Camarillo;CA;United States;;;0
3910;-1;Stanislav;Arefyev;;1984-6-21;Irkutsk;IRK;Russia;;;0
3911;-1;Niklaus;Schulze;;1975-5-14;Nittel;RHI;Germany;;;0
3912;-1;Niclas;Meier;;1983-11-23;Freising;BAV;Germany;;;0
3913;-1;Alexander;Heinemann;;1980-1-3;Bad Heilbrunn;BAV;Germany;;;0
3914;-1;AndrÈ;Bergner;;1969-8-27;Krefeld;NOR;Germany;;;0
3915;-1;Erhard;Schneider;;1962-2-8;Schorndorf;BAD;Germany;;;0
3916;-1;Kurt;Engels;;1971-9-1;Saal;MEC;Germany;;;0
3917;-1;Bernd;Lang;;1967-4-12;Hamburg;HAM;Germany;;;0
3918;-1;Roland;Schultz;;1966-11-4;Nuremberg;BAV;Germany;;;0
3919;-1;Sylvius;Dreher;;1976-1-30;T¸bingen;BAD;Germany;;;0
3920;-1;Gustav;Schulte;;1976-8-13;Glienicke;BRA;Germany;;;0
3921;-1;Tim;Pelham;;1970-3-16;Norco;CA;United States;;;0
3922;-1;Wladislaus;Meyer;;1975-1-1;Wolnzach;BAV;Germany;;;0
3923;-1;Mirko;Bauer;;1975-11-28;Weddingstedt;SCH;Germany;;;0
3924;-1;Jeff;Tilsley;;1981-5-7;Madison;WI;United States;;;0
3925;-1;Kurt;Angerer;;1955-3-2;Wˆllstadt;HES;Germany;;;1
3926;-1;Leonhard;Kirchner;;1957-7-26;Lippstadt;NOR;Germany;;;0
3927;-1;Philipp;Arens;;1960-1-25;L¸neburg;LOW;Germany;;;0
3928;-1;Paul;Schlee;;1973-8-25;Wertach;BAV;Germany;;;0
3929;-1;Lars;Becker;;1958-3-17;Werder;BRA;Germany;;;0
3930;-1;Elias;Roth;;1975-10-22;Langgˆns;HES;Germany;;;0
3931;-1;Gerrit;Schmidt;;1973-3-3;Grevenbroich;NOR;Germany;;;0
3932;-1;Arthur;Gebhard;;1960-5-23;Jestetten;BAD;Germany;;;0
3933;-1;Wolfram;Schindler;;1966-12-8;Neustadt;THU;Germany;;;0
3934;-1;Boris;Volkhov;;1982-6-14;Arkhangelsk;ARK;Russia;;;0
3935;-1;Michael;Jˆbstl;;1976-10-1;Bremen;BRE;Germany;;;0
3936;-1;Klaus;Mattes;;1969-2-9;Rottenburg;BAD;Germany;;;0
3937;-1;Rudolph;Schmid;;1982-7-2;Neustadt;SCH;Germany;;;0
3938;-1;Werner;Schmidt;;1982-8-31;Velbert;NOR;Germany;;;0
3939;-1;Mario;Sommer;;1955-1-5;Munich;BAV;Germany;;;1
3940;138;Elias;M‰kel‰;;1982-1-1;Leivonm‰ki;FIN;Finland;;;0
3941;138;Joni;Tuomela;;1960-5-27;Oulu;NOS;Finland;;;0
3942;138;¡nibal;LÛpez;;1957-5-4;Madrid;MAD;Spain;;;0
3943;138;Viktor;Bohlin;;1962-9-13;Helsinki;UUS;Finland;;;0
3944;138;Pasi;ƒij‰l‰;;1969-4-14;Kemij‰rvi;LAP;Finland;;;0
3945;138;Matias;Rantanen;;1977-3-25;Kuusamo;NOS;Finland;;;0
3946;138;Tapio;Pyk‰l‰inen;;1967-1-29;Espoo;UUS;Finland;;;0
3947;138;Tuomo;Tuominen;;1978-12-6;Pyht‰‰;KYM;Finland;;;0
3948;138;Tapio;M‰kil‰;;1971-1-18;Helsinki;UUS;Finland;;;0
3949;138;Timi;Laine;;1974-6-30;Hyvink‰‰;UUS;Finland;;;0
3950;139;Kasper;Sjˆberg;;1971-4-3;Helsinki;UUS;Finland;;;0
3951;139;Jarmo;Pesonen;;1968-10-13;Jyv‰skyl‰;FIN;Finland;;;0
3952;139;Robert;R‰ty;;1975-1-2;Nokia;PIR;Finland;;;0
3953;139;Zelislaw;Tomczyk;;1971-1-5;Lublin;LUB;Poland;;;0
3954;139;Jukka;Mets‰ranta;;1956-11-4;Mikkeli;SSA;Finland;;;0
3955;139;Eemeli;Ahokas;;1967-10-23;Kempele;NOS;Finland;;;0
3956;139;Asko;Virtanen;;1981-11-26;Vantaa;UUS;Finland;;;0
3957;139;Verneri;Mattila;;1961-5-15;Soini;SOS;Finland;;;0
3958;139;Mikko;Miettinen;;1968-11-13;Tampere;PIR;Finland;;;0
3959;139;Jaakko;Suikkanen;;1979-6-30;Sein‰joki;SOS;Finland;;;0
3960;140;Jimi;Kosamo;;1970-12-7;Turku;SOU;Finland;;;0
3961;140;Santeri;Lahtinen;;1972-4-1;Kuopio;NSA;Finland;;;0
3962;140;Anton;Knaappila;;1958-9-1;Tuusula;UUS;Finland;;;0
3963;140;Jari;Hinkkanen;;1957-11-8;Pietarsaari;OST;Finland;;;0
3964;140;James;Kuula;;1984-5-19;Sipoo;UUS;Finland;;;0
3965;140;Jan;Jokiniemi;;1972-11-11;Saari;SKA;Finland;;;0
3966;140;Kristian;Kilpel‰inen;;1972-2-8;Tampere;PIR;Finland;;;0
3967;140;Eemeli;Rantanen;;1976-8-15;Espoo;UUS;Finland;;;0
3968;140;Eugen;Syrj‰l‰;;1984-10-21;Viiala;PIR;Finland;;;0
3969;140;Ismo;Heinonen;;1967-1-17;Jyv‰skyl‰n maalaiskunta;FIN;Finland;;;0
3970;141;Patrick;Laukkonen;;1971-6-12;Kiiminki;NOS;Finland;;;0
3971;141;Petri;Pulkkinen;;1960-7-11;Karstula;FIN;Finland;;;0
3972;141;Tapani;Jussila;;1957-4-4;Forssa;KAN;Finland;;;0
3973;141;Pekka;Koponen;;1960-4-12;Vantaa;UUS;Finland;;;0
3974;141;Szczepan;Galazka;;1969-12-16;Biala Podlaska;LUB;Poland;;;0
3975;141;Ilkka;Piirainen;;1977-4-22;Alaj‰rvi;SOS;Finland;;;0
3976;141;Ari;Virtanen;;1966-6-4;Sipoo;UUS;Finland;;;0
3977;141;Antero;Kaijansinkko;;1975-12-24;Helsinki;UUS;Finland;;;0
3978;141;Uolevi;Veps‰l‰inen;;1984-11-23;Nokia;PIR;Finland;;;0
3979;141;Marcus;Ekdahl;;1980-11-21;N√§rpes;OST;Finland;;;0
3980;142;Aki;Rinne;;1978-11-11;Turku;SOU;Finland;;;0
3981;142;Rainer;Taskinen;;1963-6-29;Raahe;NOS;Finland;;;0
3982;142;Aapo;Isotalus;;1977-10-18;Ylˆj‰rvi;PIR;Finland;;;0
3983;142;Joonas;V‰‰t‰inen;;1961-1-16;Kokkola;CEN;Finland;;;0
3984;142;Alessandro;Calabrese;;1966-1-30;Alghero;SAR;Italy;;;0
3985;142;Ivar;Niemi;;1982-4-9;Lappeenranta;SKA;Finland;;;0
3986;142;Mikael;Hirvonen;;1974-8-20;Kinnula;FIN;Finland;;;0
3987;142;Teemu;Rasinm‰ki;;1971-11-10;Pˆyty‰;FIN;Finland;;;0
3988;142;Elias;L‰hteinen;;1974-6-8;Kangasala;PIR;Finland;;;0
3989;142;Tommi;Ristil‰;;1965-1-4;Dragsfj‰rd;SOU;Finland;;;0
3990;143;Petteri;Koho;;1968-9-5;Simo;LAP;Finland;;;0
3991;143;Kalevi;Turtiainen;;1956-1-8;Tuusula;UUS;Finland;;;0
3992;143;Petteri;Nuottila;;1978-1-28;Espoo;UUS;Finland;;;0
3993;143;Pertti;Olenius;;1964-10-13;Kemij‰rvi;LAP;Finland;;;0
3994;143;Samuel;Wilms;;1960-8-15;Venlo;LIM;Netherlands;;;0
3995;143;Rafael;Kinnunen;;1970-9-2;Oulunsalo;NOS;Finland;;;0
3996;143;Petteri;Salama;;1957-7-24;Helsinki;UUS;Finland;;;0
3997;143;Kimmo;Lindblom;;1976-3-25;Humppila;KAN;Finland;;;0
3998;143;Niilo;Forsstrˆm;;1974-4-24;Kitee;NOR;Finland;;;0
3999;143;Aleksi;J‰‰skel‰inen;;1969-5-11;Pudasj‰rvi;NOS;Finland;;;0
4000;144;Aapeli;Nieminen;;1968-6-6;Oulunsalo;NOS;Finland;;;0
4001;144;Kalevi;Rahkola;;1966-2-28;Vantaa;UUS;Finland;;;0
4002;144;Pekka;Hannonen;;1984-12-23;M‰nts‰l‰;UUS;Finland;;;0
4003;144;Camille;Mathieu;;1960-4-9;Aulnay-sous-Bois;ŒLE;France;;;0
4004;144;Mika;Pikkarainen;;1970-8-13;Pietarsaari;OST;Finland;;;0
4005;144;Petteri;Rautiainen;;1976-2-4;Espoo;UUS;Finland;;;0
4006;144;Ilmari;Junttila;;1982-7-16;Tampere;PIR;Finland;;;0
4007;144;Timo;Niemi;;1955-3-3;Oulu;NOS;Finland;;;0
4008;144;Leevi;Tuppurainen;;1966-11-21;Helsinki;UUS;Finland;;;0
4009;144;Max;Taipale;;1978-10-31;Helsinki;UUS;Finland;;;0
4010;145;Jarno;Lahtinen;;1967-2-27;Helsinki;UUS;Finland;;;0
4011;145;Karl;Helminen;;1957-4-11;Rovaniemi;LAP;Finland;;;0
4012;145;Bo;Karlsson;;1960-5-28;J‰mij‰rvi;SAT;Finland;;;0
4013;145;Tapio;Niemel‰;;1969-1-11;Helsinki;UUS;Finland;;;0
4014;145;Sakari;Lampinen;;1961-8-10;Laitila;SOU;Finland;;;0
4015;145;Konsta;Holappa;;1958-8-15;Oulunsalo;NOS;Finland;;;0
4016;145;Ilkka;Hujanen;;1962-7-1;Turku;SOU;Finland;;;0
4017;145;Mikko;Lohisto;;1973-2-9;Helsinki;UUS;Finland;;;0
4018;145;Robert;Suhonen;;1956-5-6;Tornio;LAP;Finland;;;0
4019;145;Peter;Lund;;1969-7-10;Oulu;NOS;Finland;;;0
4020;146;Jimi;Niemi;;1961-11-25;Vihti;UUS;Finland;;;0
4021;146;Heikki;Klen;;1962-10-20;Helsinki;UUS;Finland;;;0
4022;146;Kristian;Nirkko;;1983-2-8;Enontekiˆ;LAP;Finland;;;0
4023;146;Oskari;Korhonen;;1955-10-11;Espoo;UUS;Finland;;;0
4024;146;Antti;Simonen;;1975-3-16;Lahti;PAH;Finland;;;0
4025;146;August;Saarikoski;;1981-1-12;Porvoo;EAS;Finland;;;0
4026;146;Kaj;Suominen;;1965-4-15;Rovaniemi;LAP;Finland;;;0
4027;146;Mika;Hokkanen;;1973-6-9;Kirkkonummi;UUS;Finland;;;0
4028;146;Timo;Nordlund;;1982-1-3;Pyh‰joki;NOS;Finland;;;0
4029;146;Rickard;Nilsson;;1978-5-10;Rantasalmi;SSA;Finland;;;0
4030;147;Teemu;Metz;;1955-8-5;Kannonkoski;FIN;Finland;;;0
4031;147;Deng;Fengwu;;1977-2-20;Siping;JIL;China;;;0
4032;147;Kalevi;Mikkil‰;;1979-5-26;Riihim‰ki;KAN;Finland;;;0
4033;147;Eino;P‰‰kkˆnen;;1960-9-4;Vantaa;UUS;Finland;;;0
4034;147;Engelhard;Panitz;;1973-12-27;Osnabr¸ck;LOW;Germany;;;0
4035;147;Sten;Hansson;;1973-10-8;Alastaro;SOU;Finland;;;0
4036;147;Niko;Heikura;;1971-8-21;Vantaa;UUS;Finland;;;0
4037;147;Juha;Anttila;;1956-12-28;H‰meenlinna;KAN;Finland;;;0
4038;147;Eetu;Kakkonen;;1981-11-8;Kerava;UUS;Finland;;;0
4039;147;Antti;Sallinen;;1966-2-1;Kauniainen;UUS;Finland;;;0
4040;148;Roni;Oranen;;1972-6-22;Polvij‰rvi;NOR;Finland;;;0
4041;148;Antero;Aho;;1962-1-28;Helsinki;UUS;Finland;;;0
4042;148;Janne;M‰‰tt‰;;1975-11-10;Kuusamo;NOS;Finland;;;0
4043;148;Raafael;Hirvonen;;1955-2-1;Pohja;UUS;Finland;;;0
4044;148;Elias;Haukkala;;1972-4-6;Uusikaupunki;SOU;Finland;;;0
4045;148;Esa-Juhani;Peuhkuri;;1967-2-10;Kouvola;KYM;Finland;;;0
4046;148;Aswad;Muhanned;;1965-1-22;Muurame;FIN;Finland;;;0
4047;148;Hannu;Haverinen;;1965-11-1;H‰meenlinna;KAN;Finland;;;0
4048;148;Jeremias;Hyypp‰;;1962-5-8;Oulu;NOS;Finland;;;0
4049;148;Gustav;Persson;;1961-11-25;Lieksa;NOR;Finland;;;0
4050;149;Petri;M‰k‰r‰inen;;1981-4-24;Jyv‰skyl‰;FIN;Finland;;;0
4051;149;Christoffer;Sundstrˆm;;1984-2-24;Joroinen;SSA;Finland;;;0
4052;149;Stewart;Rebow;;1984-12-30;Barry;WAL;Wales;;;0
4053;149;Rodrigo;Gil;;1964-11-13;Santa Cruz de Tenerife;SAN;Spain;;;0
4054;149;Simo;Kauppila;;1959-5-20;Hirvensalmi;SSA;Finland;;;0
4055;149;Miro;Kuosmanen;;1958-11-30;Kirkkonummi;UUS;Finland;;;0
4056;149;Onni;Berg;;1977-5-20;Tampere;PIR;Finland;;;0
4057;149;Benjamin;J‰rvinen;;1984-1-4;Kemi;LAP;Finland;;;0
4058;149;Mikael;Meronen;;1981-11-18;Ylˆj‰rvi;PIR;Finland;;;0
4059;149;Daniel;Jˆnsson;;1961-7-28;Vaasa;OST;Finland;;;0
4060;150;Marcus;Harju;;1961-7-1;Pukkila;EAS;Finland;;;0
4061;150;Kasperi;Rasinm‰ki;;1964-7-26;Helsinki;UUS;Finland;;;0
4062;150;Petri;Pettersson;;1969-11-12;Evij‰rvi;SOS;Finland;;;0
4063;150;Vesa;Vartiainen;;1975-6-21;Alaj‰rvi;SOS;Finland;;;0
4064;150;Matti;Leskinen;;1967-10-26;Vaasa;OST;Finland;;;0
4065;150;Kristian;Levola;;1966-4-18;Lahti;PAH;Finland;;;0
4066;150;Iiro;Rantala;;1973-8-12;Vantaa;UUS;Finland;;;0
4067;150;Anton;Rajala;;1972-4-10;Oulu;NOS;Finland;;;0
4068;150;Samuli;Masu;;1982-6-17;Oulu;NOS;Finland;;;0
4069;150;≈ke;Jokinen;;1959-10-13;Espoo;UUS;Finland;;;0
4070;151;Jack;Lindberg;;1973-10-4;Anjalankoski;KYM;Finland;;;0
4071;151;Jose;Lehtonen;;1979-2-4;Oulu;NOS;Finland;;;0
4072;151;Heikki;Isotalo;;1970-3-2;Helsinki;UUS;Finland;;;0
4073;151;Jesse;Vikman;;1961-1-24;Turku;SOU;Finland;;;0
4074;151;Armas;Salonen;;1980-12-26;Helsinki;UUS;Finland;;;0
4075;151;Juha;Viitanen;;1964-11-4;Juupajoki;PIR;Finland;;;0
4076;151;Markus;Syrj‰l‰;;1979-4-9;Helsinki;UUS;Finland;;;0
4077;151;Juha;≈kerman;;1978-3-21;Lahti;PAH;Finland;;;0
4078;151;Rudolf;Siivola;;1983-5-24;Espoo;UUS;Finland;;;0
4079;151;Jarno;Arponen;;1974-4-15;Turku;SOU;Finland;;;0
4080;152;Daniel;Saloranta;;1962-12-22;Turku;SOU;Finland;;;0
4081;152;Tomi;Autio;;1959-11-20;Imatra;SKA;Finland;;;0
4082;152;Jorge;Duran;;1964-8-16;Vigo;PON;Spain;;;0
4083;152;Vilho;KÂla;;1981-9-20;Liminka;NOS;Finland;;;0
4084;152;Aaro;Puhakka;;1958-5-1;Helsinki;UUS;Finland;;;0
4085;152;Jonas;Olsson;;1959-1-19;Lumijoki;NOS;Finland;;;0
4086;152;Jukka;Kataja;;1961-2-28;Nurmo;SOS;Finland;;;0
4087;152;Vesa;Vallenius;;1958-4-14;J‰ms‰;FIN;Finland;;;0
4088;152;Markus;Kauppila;;1963-10-10;Porvoo;EAS;Finland;;;0
4089;152;Tapio;Nieminen;;1973-6-15;Juankoski;NSA;Finland;;;0
4090;153;Aleksi;Suominen;;1972-7-6;Tammela;KAN;Finland;;;0
4091;153;Sakari;Friman;;1962-10-7;Lohja;UUS;Finland;;;0
4092;153;Juha;Salo;;1964-5-13;Helsinki;UUS;Finland;;;0
4093;153;Thomas;Virtanen;;1972-2-12;Salo;SOU;Finland;;;0
4094;153;Mikael;Hellstrˆm;;1967-5-14;Humppila;KAN;Finland;;;0
4095;153;Elias;Paaso;;1981-6-6;Oulu;NOS;Finland;;;0
4096;153;Wiljam;Andersson;;1965-12-13;Savonlinna;SSA;Finland;;;0
4097;153;Carl;Nilsson;;1982-11-10;Salo;SOU;Finland;;;0
4098;153;Oskari;Vuori;;1982-8-7;Hartola;PAH;Finland;;;0
4099;153;Hannu;Mattila;;1955-3-24;Tammisaari;UUS;Finland;;;0
4100;-1;Pekka;Markkanen;;1963-6-19;Lapua;SOS;Finland;;;0
4101;-1;Mikko;Jantunen;;1965-5-16;Eura;SAT;Finland;;;0
4102;-1;Asko;Tuominen;;1967-7-25;Kerava;UUS;Finland;;;0
4103;-1;Antti;Niva;;1971-11-3;Tampere;PIR;Finland;;;0
4104;-1;Mika;Kilpi;;1969-7-27;Teuva;SOS;Finland;;;0
4105;-1;Lauri;Sinkkonen;;1964-3-11;Kuusamo;NOS;Finland;;;0
4106;-1;Auvo;Lindfors;;1984-9-17;Kemij‰rvi;LAP;Finland;;;0
4107;-1;Olavi;Tuomisto;;1968-12-10;Orimattila;PAH;Finland;;;0
4108;-1;John;Ryh‰nen;;1964-5-5;Tornio;LAP;Finland;;;0
4109;-1;Petteri;Vihavainen;;1971-3-10;Kotka;KYM;Finland;;;0
4110;-1;Arttu;Fagerlund;;1978-1-14;Tampere;PIR;Finland;;;0
4111;-1;Aleksi;Luostarinen;;1972-3-18;Keuruu;FIN;Finland;;;0
4112;-1;Visa;Kulmala;;1961-6-22;Anjalankoski;KYM;Finland;;;0
4113;-1;Jukka-Pekka;Rautio;;1983-11-7;Kokkola;CEN;Finland;;;0
4114;-1;Eemeli;Heikkinen;;1965-6-2;Jyv‰skyl‰n maalaiskunta;FIN;Finland;;;0
4115;-1;Ken;Morgan;;1979-11-17;Los Angeles;CA;United States;;;0
4116;-1;Markus;Kallio;;1960-11-14;Kuusamo;NOS;Finland;;;0
4117;-1;Mikko;Sierman;;1971-2-25;Helsinki;UUS;Finland;;;0
4118;-1;Kari;Aaltonen;;1960-12-17;Salo;SOU;Finland;;;0
4119;-1;Wilhelm;Kallela;;1966-1-30;Kalajoki;NOS;Finland;;;0
4120;-1;Juhani;Haavisto;;1962-11-17;Valkeakoski;PIR;Finland;;;0
4121;-1;Oliver;Piik;;1973-7-18;Viitasaari;FIN;Finland;;;0
4122;-1;Juhani;N‰‰j‰rvi;;1976-9-19;Per‰sein‰joki;SOS;Finland;;;0
4123;-1;Kuisma;Niemi;;1975-5-5;Kaarina;SOU;Finland;;;0
4124;-1;Akseli;Hiltunen;;1982-10-22;Lahti;PAH;Finland;;;0
4125;-1;Karl;M‰kel‰;;1970-11-23;Sein‰joki;SOS;Finland;;;0
4126;-1;Niko;Niemi;;1973-4-4;Kinnula;FIN;Finland;;;0
4127;-1;Erik;Eriksson;;1974-5-1;Kotka;KYM;Finland;;;0
4128;-1;Philip;Tuhkanen;;1983-7-17;Ulvila;SAT;Finland;;;0
4129;-1;Arvid;Palm;;1975-7-29;Lappeenranta;SKA;Finland;;;0
4130;-1;Aaro;Puranen;;1976-1-5;N√§rpes;OST;Finland;;;0
4131;-1;Noritoshi;Yokoyama;;1977-4-7;Haebaru;OKI;Japan;;;0
4132;-1;Ilmari;Lindblom;;1957-2-19;Uusikaupunki;SOU;Finland;;;0
4133;-1;Eero;Honkala;;1974-2-5;Muhos;NOS;Finland;;;0
4134;-1;Niko;Ryh‰nen;;1965-8-8;Kouvola;KYM;Finland;;;0
4135;-1;Juhani;Lehto;;1975-7-10;Lahti;PAH;Finland;;;0
4136;-1;Wang;Ruiqing;;1973-7-11;Suihua;HEI;China;;;0
4137;-1;Eliel;Surakka;;1968-5-2;Helsinki;UUS;Finland;;;0
4138;-1;Rasmus;Ahonen;;1963-11-11;Jyv‰skyl‰;FIN;Finland;;;0
4139;-1;Mika;Pesonen;;1957-2-5;Sipoo;UUS;Finland;;;0
4140;-1;Olavi;Kainulainen;;1979-6-17;Savukoski;LAP;Finland;;;0
4141;-1;Eero;Parikka;;1984-12-28;Lehtim‰ki;SOS;Finland;;;0
4142;-1;Alex;Jokinen;;1957-3-26;Turku;SOU;Finland;;;0
4143;-1;Klaus;Kukko;;1975-1-9;ƒ‰nekoski;FIN;Finland;;;0
4144;-1;Johannes;V‰h‰l‰;;1984-12-7;Raahe;NOS;Finland;;;0
4145;-1;Robin;Wilen;;1973-9-22;Sievi;NOS;Finland;;;0
4146;-1;Sten;Eskola;;1957-10-21;Urjala;PIR;Finland;;;0
4147;-1;Jyrki;Lˆfberg;;1959-8-22;Porvoo;EAS;Finland;;;0
4148;-1;Aleksi;Niinimaa;;1970-5-15;Espoo;UUS;Finland;;;0
4149;-1;Lauri;Lastikka;;1980-2-27;Lappeenranta;SKA;Finland;;;0
4150;-1;Pete;Peters;;1981-2-2;North Arlington;NJ;United States;;;0
4151;-1;Kalevi;Levi‰kangas;;1963-5-21;Karkkila;UUS;Finland;;;0
4152;-1;Pasi;Karlsson;;1973-3-15;Perniˆ;SOU;Finland;;;0
4153;-1;Henrikki;Koskinen;;1968-10-1;Joensuu;NOR;Finland;;;0
4154;-1;Ville;Kainulainen;;1976-10-8;Paimio;SOU;Finland;;;0
4155;-1;Artyom;Sokolov;;1955-9-28;Pavlovsk;VOR;Russia;;;0
4156;-1;Tuomas;Simula;;1959-10-27;Helsinki;UUS;Finland;;;0
4157;-1;Santeri;Kortelainen;;1958-9-3;Turku;SOU;Finland;;;0
4158;-1;Wilhelm;Vesterinen;;1978-4-18;Raisio;SOU;Finland;;;0
4159;-1;Kalev;Niinivirta;;1979-10-12;Pori;SAT;Finland;;;0
4160;-1;Petteri;Pesonen;;1968-12-12;Renko;KAN;Finland;;;0
4161;-1;Samuli;J‰rvenp‰‰;;1959-7-17;Kirkkonummi;UUS;Finland;;;0
4162;-1;Martti;Rantala;;1983-3-22;Kuopio;NSA;Finland;;;0
4163;-1;Arvi;Keskinen;;1971-10-16;Kuusamo;NOS;Finland;;;0
4164;-1;Marko;Lehtonen;;1978-10-8;Helsinki;UUS;Finland;;;0
4165;-1;Oskari;Hoskari;;1960-5-13;Espoo;UUS;Finland;;;0
4166;-1;Charles;Heiska;;1978-1-31;Vammala;PIR;Finland;;;0
4167;-1;Samuel;Eskelinen;;1981-5-5;Salo;SOU;Finland;;;0
4168;-1;Matias;Huhtakallio;;1984-5-18;Tornio;LAP;Finland;;;0
4169;-1;Petteri;Kangas;;1960-3-11;Oulu;NOS;Finland;;;0
4170;-1;Jan;Nyman;;1960-4-11;Jyv‰skyl‰;FIN;Finland;;;0
4171;-1;Aapeli;Arbelius;;1969-7-18;Raisio;SOU;Finland;;;0
4172;-1;Jyrki;Hirviniemi;;1956-10-21;Tampere;PIR;Finland;;;0
4173;-1;Petter;Sipil‰;;1977-3-19;Hyvink‰‰;UUS;Finland;;;0
4174;-1;Aki;Salonen;;1983-11-18;Helsinki;UUS;Finland;;;0
4175;-1;Veikko;Kuusela;;1965-4-11;Juankoski;NSA;Finland;;;0
4176;-1;Mikko;Hiltunen;;1977-10-10;Sievi;NOS;Finland;;;0
4177;-1;Tapani;Ronkainen;;1970-12-10;H‰meenkyrˆ;PIR;Finland;;;0
4178;-1;Esa;Koskipalo;;1983-4-22;Lapinj‰rvi;EAS;Finland;;;0
4179;-1;Georg;Nokelainen;;1972-3-9;Haapavesi;NOS;Finland;;;0
4180;-1;Hermanni;Piipponen;;1972-1-13;Noormarkku;SAT;Finland;;;0
4181;-1;Vesa;Lankoski;;1980-3-12;Ylistaro;SOS;Finland;;;0
4182;-1;Ilmari;Turunen;;1969-12-17;Saarij‰rvi;FIN;Finland;;;0
4183;-1;Oliver;K‰m‰r‰inen;;1962-5-7;Hamina;KYM;Finland;;;0
4184;-1;Michael;Moisio;;1981-4-15;Hollola;PAH;Finland;;;0
4185;-1;Petri;Pursiainen;;1956-9-12;Tampere;PIR;Finland;;;0
4186;-1;Harry;Wennergren;;1982-2-27;Hattula;KAN;Finland;;;0
4187;-1;Teemu;Oksanen;;1983-7-13;Haapavesi;NOS;Finland;;;0
4188;-1;Curt;Christensson;;1979-9-7;Liperi;NOR;Finland;;;0
4189;-1;Daniel;Andersson;;1976-10-16;Korsholm;OST;Finland;;;0
4190;-1;Tuomas;J‰rvinen;;1966-7-6;Valkeakoski;PIR;Finland;;;0
4191;-1;Aleksandr;Zaitsev;;1975-12-3;Zhukovskiy;MOS;Russia;;;0
4192;-1;Pasi;Einola;;1984-3-10;Vaasa;OST;Finland;;;0
4193;-1;Jaakko;L‰hdesm‰ki;;1976-3-6;Tampere;PIR;Finland;;;0
4194;-1;Santeri;Aunola;;1967-6-10;Joensuu;NOR;Finland;;;0
4195;-1;Isko;Erola;;1964-2-22;Kouvola;KYM;Finland;;;0
4196;-1;Esa;Autio;;1983-5-28;Lemp‰‰l‰;PIR;Finland;;;0
4197;-1;Valtteri;Perttil‰;;1962-2-14;Helsinki;UUS;Finland;;;0
4198;-1;Jarmo;Vainikka;;1965-2-21;Espoo;UUS;Finland;;;0
4199;-1;Antoine;Colombo;;1972-12-23;Bourgoin-Jallieu;RHÙ;France;;;0
4200;-1;Seppo;Set‰l‰;;1968-8-26;Helsinki;UUS;Finland;;;0
4201;-1;Peter;Nieminen;;1961-12-17;Lieksa;NOR;Finland;;;0
4202;-1;Artturi;Leino;;1978-11-21;Espoo;UUS;Finland;;;0
4203;-1;Randy;Greathouse;;1971-4-4;Newalla;OK;United States;;;0
4204;-1;Kari;Metsola;;1980-11-18;Oulu;NOS;Finland;;;0
4205;-1;Kalevi;Anttila;;1981-12-18;Nurmij‰rvi;UUS;Finland;;;0
4206;-1;Viljami;Lehtim‰ki;;1966-3-29;Tohmaj‰rvi;NOR;Finland;;;0
4207;-1;Mika;Salonen;;1968-5-15;Laitila;SOU;Finland;;;0
4208;-1;Joonatan;Sjˆgren;;1965-2-17;Helsinki;UUS;Finland;;;0
4209;-1;Erkki;Juntunen;;1979-11-12;Lohja;UUS;Finland;;;0
4210;-1;Jari;Lindroos;;1957-3-11;Nurmes;NOR;Finland;;;0
4211;-1;Elias;J‰rvensivu;;1958-6-14;Lahti;PAH;Finland;;;0
4212;-1;Juha;Salomaa;;1962-1-21;Lieto;SOU;Finland;;;0
4213;-1;Tuomo;Siivola;;1955-1-3;H‰meenlinna;KAN;Finland;;;1
4214;-1;Axel;Persson;;1955-6-9;Espoo;UUS;Finland;;;1
4215;-1;Kari;Pykkˆnen;;1972-3-24;Lappeenranta;SKA;Finland;;;0
4216;-1;Tero;Koivum‰ki;;1983-12-4;M‰nts‰l‰;UUS;Finland;;;0
4217;-1;Markus;Surma-Aho;;1984-7-5;Espoo;UUS;Finland;;;0
4218;-1;Yury;Yanushkovsky;;1975-7-14;Krasnoye-na-Volge;KOS;Russia;;;0
4219;-1;Powell;McDonald;;1970-6-28;Middletown;NJ;United States;;;0
4220;-1;Ismo;Heikkinen;;1975-3-27;Imatra;SKA;Finland;;;0
4221;-1;Kim;Kangasniemi;;1971-7-18;Uusikaupunki;SOU;Finland;;;0
4222;-1;Alex;Rantala;;1955-9-10;Punkalaidun;SAT;Finland;;;0
4223;-1;Aukusti;Aalto;;1958-1-2;Tornio;LAP;Finland;;;0
4224;-1;Ilmari;Parviainen;;1962-12-11;Ylikiiminki;NOS;Finland;;;0
4225;-1;Christoffer;Ljunggren;;1981-8-25;Helsinki;UUS;Finland;;;0
4226;-1;Niki;Okany;;1973-3-4;Kerava;UUS;Finland;;;0
4227;-1;Ahobala;Raghuram;;1977-8-28;Dharamjaigarh;CHH;India;;;0
4228;-1;Kalevi;M‰ntynen;;1970-9-8;Pernaja;EAS;Finland;;;0
4229;-1;Benjamin;Salminen;;1965-8-6;Kuopio;NSA;Finland;;;0
4230;-1;Tam·s;NÈmeth;;1960-5-2;Levice;NIT;Slovakia;;;0
4231;-1;Jouni;Heino;;1964-6-2;Virrat;PIR;Finland;;;0
4232;-1;Tapani;Hynynen;;1978-10-26;Pori;SAT;Finland;;;0
4233;-1;Jaakko;Ahokas;;1977-11-11;H‰meenkyrˆ;PIR;Finland;;;0
4234;-1;Joel;Ritala;;1978-12-17;Siikainen;SAT;Finland;;;0
4235;-1;Mikko;Ukkola;;1977-8-14;K‰lvi‰;CEN;Finland;;;0
4236;-1;August;Stenman;;1961-4-28;Rauma;SAT;Finland;;;0
4237;-1;Toivo;Puhakka;;1964-3-27;Sein‰joki;SOS;Finland;;;0
4238;-1;Ville;Sormunen;;1983-12-8;Tampere;PIR;Finland;;;0
4239;-1;Sterling;York;;1970-8-26;Ottawa;IL;United States;;;0
4240;-1;Parker;Barlow;;1983-1-11;Los Angeles;CA;United States;;;0
4241;-1;Mirko;Anceschi;;1964-9-5;Varedo;LOM;Italy;;;0
4242;-1;Mika;Kontturi;;1964-2-14;Artj‰rvi;PAH;Finland;;;0
4243;-1;Aki;Salomaa;;1977-2-11;Tampere;PIR;Finland;;;0
4244;-1;Eino;M‰‰tt‰;;1980-2-5;Paimio;SOU;Finland;;;0
4245;-1;Onni;Lehtinen;;1967-10-7;Pihtipudas;FIN;Finland;;;0
4246;-1;Vesa;V‰lil‰;;1974-11-28;Vihti;UUS;Finland;;;0
4247;-1;Tuukka;Ojala;;1967-4-21;Varkaus;NSA;Finland;;;0
4248;-1;Tuomo;Holm;;1979-8-17;Kokkola;CEN;Finland;;;0
4249;-1;Jussi;Vitikainen;;1961-12-16;Kajaani;KAI;Finland;;;0
4250;-1;Olavi;Kivel‰;;1964-7-8;Helsinki;UUS;Finland;;;0
4251;-1;Peter;Moilanen;;1983-3-25;Espoo;UUS;Finland;;;0
4252;-1;Veli;Hakola;;1971-4-26;Helsinki;UUS;Finland;;;0
4253;-1;Viljami;Kumpula;;1971-5-1;Lapua;SOS;Finland;;;0
4254;-1;August;Karhinen;;1961-10-19;Espoo;UUS;Finland;;;0
4255;-1;Nico;Koistinen;;1970-4-28;Helsinki;UUS;Finland;;;0
4256;-1;Markus;Jutila;;1969-1-6;Kuopio;NSA;Finland;;;0
4257;-1;Justus;Nieminen;;1975-4-28;Kuopio;NSA;Finland;;;0
4258;-1;Teijo;Teittinen;;1981-11-29;Korsholm;OST;Finland;;;0
4259;-1;Joonas;Lehtom‰ki;;1969-9-12;Sein‰joki;SOS;Finland;;;0
4260;-1;Ari;Korpelainen;;1963-7-4;Pori;SAT;Finland;;;0
4261;-1;Kristian;Laaksonen;;1972-3-11;Pˆyty‰;SOU;Finland;;;0
4262;-1;Marko;Luomi;;1958-3-8;Turku;SOU;Finland;;;0
4263;-1;Nikodemus;Peiponen;;1974-2-16;Espoo;UUS;Finland;;;0
4264;-1;Christian;Mylly;;1955-9-3;Joutseno;SKA;Finland;;;0
4265;-1;Ilkka;Kultalahti;;1966-8-1;Turku;SOU;Finland;;;0
4266;-1;Tero;Peltonen;;1981-2-1;Ulvila;SAT;Finland;;;0
4267;-1;Jussi;Grˆndahl;;1962-9-10;Vantaa;UUS;Finland;;;0
4268;-1;Ciksura;Sukhjinder;;1959-12-31;Navi Mumbai Panvel;MAH;India;;;0
4269;-1;Arnold;Malin;;1969-9-2;Ylivieska;NOS;Finland;;;0
4270;-1;Olavi;Karjalainen;;1955-4-1;Jyv‰skyl‰n maalaiskunta;FIN;Finland;;;1
4271;-1;Janne;Sepp‰nen;;1983-4-23;Helsinki;UUS;Finland;;;0
4272;-1;Henrik;Pˆll‰nen;;1975-8-19;Espoo;UUS;Finland;;;0
4273;-1;Pekka;Luostarinen;;1962-1-18;Rautavaara;NSA;Finland;;;0
4274;-1;Aaron;Leino;;1960-2-25;Vaasa;OST;Finland;;;0
4275;-1;Asser;Parviainen;;1957-12-1;Vantaa;UUS;Finland;;;0
4276;-1;Markku;Pirinen;;1957-2-7;Maaninka;NSA;Finland;;;0
4277;-1;Daniel;Karvinen;;1969-12-17;Vantaa;UUS;Finland;;;0
4278;-1;Kristian;Saarinen;;1982-5-8;Anjalankoski;KYM;Finland;;;0
4279;-1;Antti;Peltokangas;;1965-8-28;Iisalmi;NSA;Finland;;;0
4280;-1;Jonne;Suominen;;1975-7-18;Helsinki;UUS;Finland;;;0
4281;-1;Kustavi;Nieminen;;1977-1-20;Lohja;UUS;Finland;;;0
4282;-1;Staffan;Johansson;;1975-10-17;Riihim‰ki;KAN;Finland;;;0
4283;-1;Oskar;Eriksson;;1975-12-16;Kempele;NOS;Finland;;;0
4284;-1;Johannes;Haavikko;;1966-2-23;Turku;SOU;Finland;;;0
4285;-1;Juhani;Laaksonen;;1967-10-12;Halikko;SOU;Finland;;;0
4286;-1;Kalle;Flinck;;1961-9-17;Helsinki;UUS;Finland;;;0
4287;-1;Mikko;Vellonen;;1977-9-20;Kangaslampi;NSA;Finland;;;0
4288;-1;Juuso;Berry;;1969-11-2;Pomarkku;SAT;Finland;;;0
4289;-1;Eetu;Salminen;;1982-1-24;Vaasa;OST;Finland;;;0
4290;-1;Filip;Frisell;;1964-4-16;Lohja;UUS;Finland;;;0
4291;-1;≈ke;Persson;;1966-8-19;Vantaa;UUS;Finland;;;0
4292;-1;Elias;Uosukainen;;1981-1-5;Helsinki;UUS;Finland;;;0
4293;-1;Antti;Kek‰l‰inen;;1961-11-14;Hyvink‰‰;UUS;Finland;;;0
4294;-1;Teemu;Kallio;;1970-4-10;Kemi;LAP;Finland;;;0
4295;-1;Riku;Blomqvist;;1960-3-10;Orivesi;PIR;Finland;;;0
4296;-1;Heikki;Heikkinen;;1962-10-23;Hanko;UUS;Finland;;;0
4297;-1;Sakari;Aapaj‰rvi;;1966-11-28;H‰meenlinna;KAN;Finland;;;0
4298;-1;Lauri;Kumpulainen;;1982-6-4;Kotka;KYM;Finland;;;0
4299;-1;Niko;Salonen;;1964-11-7;Helsinki;UUS;Finland;;;0
4300;-1;Matti;Ollila;;1964-1-24;Sein‰joki;SOS;Finland;;;0
4301;-1;Pasi;Raunio;;1965-10-28;J‰rvenp‰‰;UUS;Finland;;;0
4302;-1;Uolevi;Oksanen;;1976-2-17;Kempele;NOS;Finland;;;0
4303;-1;Adolf;Tahkokallio;;1962-3-6;Helsinki;UUS;Finland;;;0
4304;-1;V‰inˆ;Tuominen;;1965-7-23;Helsinki;UUS;Finland;;;0
4305;-1;Richard;Viitala;;1975-1-25;Kaarina;SOU;Finland;;;0
4306;-1;Veikko;Koivisto;;1965-4-12;Luoto;OST;Finland;;;0
4307;-1;Mikael;Kosola;;1966-5-16;Kirkkonummi;UUS;Finland;;;0
4308;-1;Ville;Hirviniemi;;1956-12-17;J‰rvenp‰‰;UUS;Finland;;;0
4309;-1;Markus;Kuttila;;1983-11-15;Lahti;PAH;Finland;;;0
4310;-1;Markku;Hautam‰ki;;1969-5-29;Kuopio;NSA;Finland;;;0
4311;-1;Igor;Lomeier;;1960-2-9;Shymkent;ONT;Kazakhstan;;;0
4312;-1;Joseph;Stenglein;;1981-11-21;Braintree;MA;United States;;;0
4313;-1;Tuukka;Makkonen;;1968-5-9;Tammela;KAN;Finland;;;0
4314;-1;Kalervo;Lehtinen;;1962-11-9;Tampere;PIR;Finland;;;0
4315;-1;Tero;Grundstrˆm;;1964-4-16;Espoo;UUS;Finland;;;0
4316;-1;Jani;Leinonen;;1982-4-18;Helsinki;UUS;Finland;;;0
4317;-1;Wilhelm;Marttila;;1974-3-6;Laukaa;FIN;Finland;;;0
4318;-1;Axel;Saksa;;1983-5-31;Lahti;PAH;Finland;;;0
4319;-1;Raimo;Nylund;;1981-6-3;Loviisa;EAS;Finland;;;0
4320;-1;Aleksandr;Veretennikov;;1978-10-13;Satka;CHE;Russia;;;0
4321;-1;Heikki;Kavala;;1966-10-15;Kirkkonummi;UUS;Finland;;;0
4322;-1;Mikko;Nevala;;1965-3-11;Oulu;NOS;Finland;;;0
4323;-1;Jukka;Koivisto;;1980-1-25;Helsinki;UUS;Finland;;;0
4324;-1;Sakari;Taipale;;1969-7-17;Vantaa;UUS;Finland;;;0
4325;-1;Paul;Fisher;;1976-2-20;Providence;RI;United States;;;0
4326;-1;Santeri;Leskinen;;1956-3-30;Tampere;PIR;Finland;;;0
4327;-1;Tom;Nuutinen;;1982-9-13;Hyvink‰‰;UUS;Finland;;;0
4328;-1;Jari-Pekka;Hoikkala;;1959-12-7;Helsinki;UUS;Finland;;;0
4329;-1;Joona;Maaranen;;1957-10-6;Kortesj‰rvi;SOS;Finland;;;0
4330;-1;Ari;Lehtinen;;1956-9-24;Hyrynsalmi;KAI;Finland;;;0
4331;-1;Michael;Salonen;;1984-11-8;Isokyrˆ;OST;Finland;;;0
4332;-1;Johan;Alexandersson;;1970-7-29;Vaasa;OST;Finland;;;0
4333;-1;Olli-Ville;Pesonen;;1976-2-23;Suolahti;FIN;Finland;;;0
4334;-1;Santeri;Salo;;1965-9-22;Helsinki;UUS;Finland;;;0
4335;-1;Marko;Kulmala;;1984-9-30;Vantaa;UUS;Finland;;;0
4336;-1;Jalo;Ketola;;1967-10-24;ƒ‰nekoski;FIN;Finland;;;0
4337;-1;Pekka;Vanninen;;1976-12-27;Helsinki;UUS;Finland;;;0
4338;-1;Teemu;J‰ppinen;;1973-1-22;Helsinki;UUS;Finland;;;0
4339;-1;Alexander;Rantanen;;1979-7-12;Helsinki;UUS;Finland;;;0
4340;-1;Sakari;Ahlroth;;1955-4-18;Naantali;SOU;Finland;;;1
4341;-1;Kalervo;Kauppila;;1965-8-14;Ylitornio;LAP;Finland;;;0
4342;-1;Sergey;Tereschenko;;1967-8-23;Novokuznetsk;KEM;Russia;;;0
4343;-1;Gustav;Larsson;;1963-3-14;Tampere;PIR;Finland;;;0
4344;-1;Jani;Hypp‰nen;;1980-7-21;Urjala;PIR;Finland;;;0
4345;-1;Tapani;Karhunen;;1984-3-29;Kaarina;SOU;Finland;;;0
4346;-1;Helmer;Broberg;;1976-2-9;Pello;LAP;Finland;;;0
4347;-1;Jukka;Karjalainen;;1979-4-23;Nurmij‰rvi;UUS;Finland;;;0
4348;-1;Kalevi;M‰nnikkˆ;;1982-12-13;Ristiina;SSA;Finland;;;0
4349;-1;Olavi;J‰rvenp‰‰;;1963-10-17;Haukipudas;NOS;Finland;;;0
4350;-1;Simon;Hansen;;1959-9-25;Copenhagen;FRE;Denmark;;;0
4351;-1;Voitto;Laine;;1967-9-26;Laihia;OST;Finland;;;0
4352;-1;Ilmari;Kangas;;1969-6-10;Halikko;SOU;Finland;;;0
4353;-1;Juhani;Kaipainen;;1958-2-4;Vaasa;OST;Finland;;;0
4354;-1;Uno;Saviaro;;1984-10-14;Mikkeli;SSA;Finland;;;0
4355;-1;Timo;Knuutinen;;1971-7-8;Helsinki;UUS;Finland;;;0
4356;-1;Alexander;Aaltonen;;1957-6-6;Lappaj‰rvi;SOS;Finland;;;0
4357;-1;Juha;Kinnunen;;1955-1-22;Espoo;UUS;Finland;;;1
4358;-1;Mattipekka;Toivonen;;1980-5-21;Joensuu;NOR;Finland;;;0
4359;-1;Kalle;Laituri;;1973-8-10;Tuusula;UUS;Finland;;;0
4360;-1;Gustav;Karlsson;;1984-4-6;Kangasala;PIR;Finland;;;0
4361;-1;Juha;Kuokkanen;;1962-7-25;Kauhajoki;SOS;Finland;;;0
4362;-1;Johannes;Kohonen;;1984-10-5;Kirkkonummi;UUS;Finland;;;0
4363;-1;Juha;Haapala;;1956-10-2;Vesilahti;PIR;Finland;;;0
4364;-1;Vladimir;Vojtisek;;1959-7-11;Brno;JHM;Czechia;;;0
4365;-1;Sebastian;Wahl;;1959-11-4;Turku;SOU;Finland;;;0
4366;-1;Tapio;Oksanen;;1957-5-27;J‰mij‰rvi;SAT;Finland;;;0
4367;-1;Marko;Honkonen;;1963-6-13;Lapinj‰rvi;EAS;Finland;;;0
4368;-1;Valtteri;Palokangas;;1980-9-20;Tampere;PIR;Finland;;;0
4369;-1;Rurik;M‰‰tt‰;;1961-4-28;Lehtim‰ki;SOS;Finland;;;0
4370;-1;Sakari;Pettersson;;1958-4-14;Kuopio;NSA;Finland;;;0
4371;-1;Styrbjˆrn;Lajunen;;1974-8-19;Oulu;NOS;Finland;;;0
4372;-1;Roni;Silvennoinen;;1978-3-6;Viitasaari;FIN;Finland;;;0
4373;-1;Seth;Moore;;1963-1-29;Orrington;ME;United States;;;0
4374;-1;Mike;Weiher;;1955-4-9;Chemnitz;SAX;Germany;;;1
4375;-1;Gerhard;Lange;;1960-6-20;Gummersbach;NOR;Germany;;;0
4376;-1;Kasperi;Haipus;;1971-7-14;Espoo;UUS;Finland;;;0
4377;-1;Johannes;Luukkonen;;1956-7-24;Pargas;SOU;Finland;;;0
4378;-1;Steve;Nunnery;;1968-5-7;Rosemead;CA;United States;;;0
4379;-1;Joni;Liikkanen;;1969-8-28;Kiuruvesi;NSA;Finland;;;0
4380;-1;Eetu;Martikainen;;1961-10-6;Mikkeli;SSA;Finland;;;0
4381;-1;Juhani;Nevavesi;;1977-8-27;Sein‰joki;SOS;Finland;;;0
4382;-1;Kalervo;R‰s‰nen;;1973-3-16;Lemp‰‰l‰;PIR;Finland;;;0
4383;-1;Jooel;Korhonen;;1962-10-19;Espoo;UUS;Finland;;;0
4384;-1;Simo-Pekka;Kyyhkynen;;1970-6-8;Helsinki;UUS;Finland;;;0
4385;-1;Joakim;Haglund;;1981-5-6;Reisj‰rvi;NOS;Finland;;;0
4386;-1;Ilkka;Kinnunen;;1960-2-19;Toijala;PIR;Finland;;;0
4387;-1;Oliver;Hugosson;;1957-12-18;Hollola;PAH;Finland;;;0
4388;-1;Mason;Gabb;;1984-9-9;Swartz Creek;MI;United States;;;0
4389;-1;Aukusti;Luoto;;1981-7-19;Karstula;FIN;Finland;;;0
4390;-1;Kalle;M‰kel‰inen;;1964-1-18;Helsinki;UUS;Finland;;;0
4391;-1;Sergey;Patoka;;1973-8-26;Petrikov;GOM;Belarus;;;0
4392;-1;Jari;Neuvonen;;1983-9-17;Nurmij‰rvi;UUS;Finland;;;0
4393;-1;Elias;Jokinen;;1980-12-14;Helsinki;UUS;Finland;;;0
4394;-1;Otto;Mild;;1959-1-1;Helsinki;UUS;Finland;;;0
4395;-1;Nico;Nyman;;1972-7-31;Kiiminki;NOS;Finland;;;0
4396;-1;Jeremias;Huoponen;;1981-1-8;Huittinen;SAT;Finland;;;0
4397;-1;Andreas;Olsson;;1978-9-11;Kuopio;NSA;Finland;;;0
4398;-1;Vladimir;Heikkinen;;1974-9-11;Joensuu;NOR;Finland;;;0
4399;-1;Ilari;Kiuru;;1970-10-28;Turku;SOU;Finland;;;0
4400;-1;Martin;Wikberg;;1965-11-30;Mikkeli;SSA;Finland;;;0
4401;-1;Kai;Pietik‰inen;;1977-8-13;Nastola;PAH;Finland;;;0
4402;-1;Matias;Holopainen;;1976-6-11;Tampere;PIR;Finland;;;0
4403;-1;Jaakko;Myllynen;;1979-12-14;Tuusniemi;NSA;Finland;;;0
4404;-1;Petteri;Lehtom‰ki;;1978-5-27;Kuopio;NSA;Finland;;;0
4405;-1;Linus;Eriksson;;1956-2-14;Anjalankoski;KYM;Finland;;;0
4406;-1;Brian;Mortlock;;1981-2-11;Watertown;MA;United States;;;0
4407;-1;Juha;Luuri;;1980-11-28;Pieks‰m‰ki;SSA;Finland;;;0
4408;-1;Karl;Hartikainen;;1967-1-13;Sein‰joki;SOS;Finland;;;0
4409;-1;Aaron;Johnson;;1981-10-21;Langley Park;MD;United States;;;0
4410;-1;Pertti;Posio;;1982-4-18;Pietarsaari;OST;Finland;;;0
4411;-1;Santeri;Tammela;;1960-1-29;Espoo;UUS;Finland;;;0
4412;-1;Maksim;Novikov;;1981-9-10;Uzlovaya;TUL;Russia;;;0
4413;-1;Armas;Ulvinen;;1957-3-9;M‰nts‰l‰;UUS;Finland;;;0
4414;-1;Antti;Gustafsson;;1979-4-12;H‰meenlinna;KAN;Finland;;;0
4415;-1;Sosuke;Hayashida;;1959-12-21;Yao;OSA;Japan;;;0
4416;-1;Matt;Clark;;1982-3-9;New York;NY;United States;;;0
4417;-1;Matias;Alanko;;1963-10-13;Lieksa;NOR;Finland;;;0
4418;-1;Antero;Koivisto;;1978-4-29;Ylˆj‰rvi;PIR;Finland;;;0
4419;-1;Glen;Muto;;1972-4-5;Lowell;AR;United States;;;0
4420;154;Kevin;Geiser;;1966-5-20;Arlesheim;BL;Switzerland;;;0
4421;154;Rainer;Schwendener;;1977-9-12;Rothenburg;LU;Switzerland;;;0
4422;154;Sandy;Schl‰pfer;;1975-1-4;St. Gallen;SG;Switzerland;;;0
4423;154;Fabio;Lombardi;;1959-10-20;Lugano;TI;Switzerland;;;0
4424;154;LÈo;Comte;;1982-2-15;Basel;BS;Switzerland;;;0
4425;154;Manuel;Siegenthaler;;1961-4-23;R¸mlang;ZH;Switzerland;;;0
4426;154;Remo;Hofer;;1969-6-19;Zurich;ZH;Switzerland;;;0
4427;154;Roger;Fischer;;1968-7-30;Bern;BE;Switzerland;;;0
4428;154;Dominik;B¸rgi;;1955-5-9;Kriens;LU;Switzerland;;;0
4429;154;Dominik;Aeschlimann;;1978-5-1;R¸ti;ZH;Switzerland;;;0
4430;155;Nick;Delaloye;;1963-10-10;Echallens;VD;Switzerland;;;0
4431;155;Simon;Durrer;;1984-11-20;Pregassona;TI;Switzerland;;;0
4432;155;Manuel;Kopp;;1965-7-21;Urdorf;ZH;Switzerland;;;0
4433;155;JoÎl;Cottier;;1976-9-13;Burgdorf;BE;Switzerland;;;0
4434;155;Marc;Schmidt;;1975-2-24;Geneva;GE;Switzerland;;;0
4435;155;Daniel;Reinmann;;1956-2-15;Flums;SG;Switzerland;;;0
4436;155;Florian;D¸rst;;1980-8-29;D¸bendorf;ZH;Switzerland;;;0
4437;155;Maxime;Mottier;;1959-10-23;Meyrin;GE;Switzerland;;;0
4438;155;Fabian;Meier;;1958-2-1;Oberglatt;ZH;Switzerland;;;0
4439;155;Dominik;Lustenberger;;1968-10-19;Gelterkinden;BL;Switzerland;;;0
4440;156;Gian;Buchli;;1971-6-8;Dietikon;ZH;Switzerland;;;0
4441;156;Lukas;Berger;;1965-11-11;Wil;SG;Switzerland;;;0
4442;156;Simon;Meylan;;1963-4-10;Prilly;VD;Switzerland;;;0
4443;156;Joel;Moser;;1961-12-10;Wohlen;AG;Switzerland;;;0
4444;156;Eugen;Hohl;;1980-1-28;Olten;SO;Switzerland;;;0
4445;156;Alexandre;Mottet;;1968-7-17;Pully;VD;Switzerland;;;0
4446;156;Hans-Peter;Hauser;;1975-2-15;Chur;GR;Switzerland;;;0
4447;156;CÈdric;Sansonnens;;1962-7-14;Geneva;GE;Switzerland;;;0
4448;156;Hannes;Furrer;;1976-10-18;Uster;ZH;Switzerland;;;0
4449;156;Stephan;Wettstein;;1983-6-10;Urdorf;ZH;Switzerland;;;0
4450;157;Guido;Hug;;1970-11-13;Volketswil;ZH;Switzerland;;;0
4451;157;Moritz;Schmid;;1968-9-28;Herisau;AR;Switzerland;;;0
4452;157;JoÎl;Joye;;1964-4-21;La Chaux-de-Fonds;NE;Switzerland;;;0
4453;157;Lekomir;Malik;;1964-1-8;LubartÛw;LUB;Poland;;;0
4454;157;Kim;Huber;;1959-4-17;Niederhasli;ZH;Switzerland;;;0
4455;157;Dario;Bailat;;1983-2-4;Val-de-Travers;NE;Switzerland;;;0
4456;157;Simon;Rothen;;1978-11-5;Wohlen;BE;Switzerland;;;0
4457;157;David;Lauper;;1967-5-28;Unter‰geri;ZG;Switzerland;;;0
4458;157;Denis;Eicher;;1984-10-31;Frauenfeld;TG;Switzerland;;;0
4459;157;Kenneth;J‰ger;;1969-5-27;Zofingen;AG;Switzerland;;;0
4460;158;Luca;Furrer;;1967-10-29;Regensdorf;ZH;Switzerland;;;0
4461;158;Michael;Kolly;;1962-4-22;Geneva;GE;Switzerland;;;0
4462;158;Erich;Berger;;1960-5-7;Steffisburg;BE;Switzerland;;;0
4463;158;Cedric;Schneider;;1982-8-28;Wald;ZH;Switzerland;;;0
4464;158;Luca;Trachsler;;1971-6-29;Bern;BE;Switzerland;;;0
4465;158;Denis;Bandelier;;1971-1-9;Yverdon;VD;Switzerland;;;0
4466;158;Tim;Valley;;1967-9-13;Bussigny;VD;Switzerland;;;0
4467;158;Tom;Sonderegger;;1963-7-20;Domat;GR;Switzerland;;;0
4468;158;Fabio;Aebi;;1963-3-26;Sursee;LU;Switzerland;;;0
4469;158;Elias;B¸tler;;1955-5-29;Langenthal;BE;Switzerland;;;0
4470;159;Michael;Rapin;;1958-4-1;Neuch‚tel;NE;Switzerland;;;0
4471;159;Wang;Fanlong;;1980-6-9;Kunming;YUN;China;;;0
4472;159;Kevin;Bonvin;;1961-10-16;DelÈmont;JU;Switzerland;;;0
4473;159;Luca;Moser;;1974-10-6;Kirchberg;SG;Switzerland;;;0
4474;159;Nicola;L¸thi;;1959-11-19;Fully;VS;Switzerland;;;0
4475;159;Karl;Stolz;;1977-8-26;Wallisellen;ZH;Switzerland;;;0
4476;159;Nils;Alder;;1958-5-4;Lucerne;LU;Switzerland;;;0
4477;159;Nicola;M¸ller;;1967-10-6;Spiez;BE;Switzerland;;;0
4478;159;Nico;Geiser;;1983-9-4;Zurich;ZH;Switzerland;;;0
4479;159;Willy;Zinsli;;1956-6-2;Geneva;GE;Switzerland;;;0
4480;160;Tim;Frossard;;1983-4-4;Plan-les-Ouates;GE;Switzerland;;;0
4481;160;Cedric;Holderegger;;1963-1-31;M‰nnedorf;ZH;Switzerland;;;0
4482;160;Rainer;Nussbaumer;;1971-12-4;Gaiserwald;SG;Switzerland;;;0
4483;160;Marco;Sch¸rmann;;1977-12-9;Arbon;TG;Switzerland;;;0
4484;160;Lyan;Schulthess;;1980-12-29;Spiez;BE;Switzerland;;;0
4485;160;Kai;L¸thi;;1973-2-24;Herisau;AR;Switzerland;;;0
4486;160;Simon;Genoud;;1956-12-23;Cologny;GE;Switzerland;;;0
4487;160;Kevin;Huber;;1969-9-18;Gossau;ZH;Switzerland;;;0
4488;160;Alexandre;Droz;;1970-5-8;Versoix;GE;Switzerland;;;0
4489;160;Christoph;Berchtold;;1968-3-14;Herzogenbuchsee;BE;Switzerland;;;0
4490;161;Frantz;Villiger;;1984-2-9;Gr‰nichen;AG;Switzerland;;;0
4491;161;Dario;Ernst;;1958-6-14;Littau;LU;Switzerland;;;0
4492;161;Timo;Aerts;;1980-6-22;Riemst;LIM;Belgium;;;0
4493;161;Simon;Barmettler;;1966-6-7;Oberentfelden;AG;Switzerland;;;0
4494;161;Fabian;H‰fliger;;1963-1-24;Kirchberg;SG;Switzerland;;;0
4495;161;JÈrÙme;Castella;;1982-10-20;Lutry;VD;Switzerland;;;0
4496;161;Lorenzo;De Santis;;1966-4-5;Bellinzona;TI;Switzerland;;;0
4497;161;Gabriel;Gfeller;;1971-9-9;St. Gallen;SG;Switzerland;;;0
4498;161;Simon;Indergand;;1980-2-27;Bern;BE;Switzerland;;;0
4499;161;Janis;Vetsch;;1965-4-11;Uzwil;SG;Switzerland;;;0
4500;162;Ruedi;Anthamatten;;1971-7-25;Zurich;ZH;Switzerland;;;0
4501;162;Thomas;Girard;;1968-7-22;Lausanne;VD;Switzerland;;;0
4502;162;Vincent;Jean-Baptiste;;1978-12-15;Nantes;PAY;France;;;0
4503;162;Lukas;Liechti;;1966-10-6;Zurich;ZH;Switzerland;;;0
4504;162;Erich;Sch¸rmann;;1976-1-15;Wohlen;AG;Switzerland;;;0
4505;162;Lucas;Tinguely;;1957-4-26;Lausanne;VD;Switzerland;;;0
4506;162;Renzo;Hasler;;1961-5-17;Spreitenbach;AG;Switzerland;;;0
4507;162;Slavko;Keselj;;1965-6-14;Dietikon;ZH;Switzerland;;;0
4508;162;Luca;Gerber;;1963-1-17;Davos;GR;Switzerland;;;0
4509;162;Janik;Imhof;;1957-1-8;Embrach;ZH;Switzerland;;;0
4510;163;Sandro;Winkler;;1973-7-5;K¸ssnacht;SZ;Switzerland;;;0
4511;163;Dominic;Petit;;1972-2-23;ThÙnex;GE;Switzerland;;;0
4512;163;Samuel;Steiner;;1978-3-25;Winterthur;ZH;Switzerland;;;0
4513;163;Guillaume;Dousse;;1966-1-17;Lausanne;VD;Switzerland;;;0
4514;163;Remo;St‰hli;;1963-9-17;Zurich;ZH;Switzerland;;;0
4515;163;Georg;Roth;;1960-1-15;Neckertal;SG;Switzerland;;;0
4516;163;Tom;Stirnemann;;1963-10-19;Davos;GR;Switzerland;;;0
4517;163;Joel;M¸ller;;1976-11-7;Riehen;BS;Switzerland;;;0
4518;163;Renzo;Pepe;;1979-4-2;Bellinzona;TI;Switzerland;;;0
4519;163;Jan;Hofmann;;1980-4-25;Langenthal;BE;Switzerland;;;0
4520;164;Josua;Robert;;1978-4-13;Yverdon;VD;Switzerland;;;0
4521;164;Remo;Zingg;;1968-2-6;Heimberg;BE;Switzerland;;;0
4522;164;Jann;Friedli;;1965-6-19;Mˆhlin;AG;Switzerland;;;0
4523;164;Abdullah Suat;Payes;;1959-1-29;Swansea;WAL;Wales;;;0
4524;164;Moritz;Thalmann;;1978-3-6;Regensdorf;ZH;Switzerland;;;0
4525;164;Samuel;Staub;;1957-11-4;Uster;ZH;Switzerland;;;0
4526;164;Maurus;Plozza;;1967-12-7;Dielsdorf;ZH;Switzerland;;;0
4527;164;Michel;ApothÈloz;;1969-9-13;Geneva;GE;Switzerland;;;0
4528;164;Urs;Furrer;;1975-3-29;Winterthur;ZH;Switzerland;;;0
4529;164;Julien;Fleury;;1968-12-23;Lausanne;VD;Switzerland;;;0
4530;165;Leo;Strebel;;1955-2-28;Gossau;SG;Switzerland;;;0
4531;165;Seth;Nasir;;1972-6-30;Bombay;MAH;India;;;0
4532;165;Peter;Corbett;;1961-10-1;Belfast;NOR;Northern Ireland;;;0
4533;165;Lars;Widmer;;1958-8-6;Glarus Nord;GL;Switzerland;;;0
4534;165;Nick;M¸ller;;1965-2-28;Ebnat-Kappel;SG;Switzerland;;;0
4535;165;Alexander;Heer;;1975-11-1;SaignelÈgier;JU;Switzerland;;;0
4536;165;Dominic;Bieber;;1982-2-21;Olten;SO;Switzerland;;;0
4537;165;Robin;Mauron;;1958-11-12;Fully;VS;Switzerland;;;0
4538;165;Robin;Frey;;1959-10-8;Buchrain;LU;Switzerland;;;0
4539;165;Orlando;Catalano;;1975-9-5;Bellinzona;TI;Switzerland;;;0
4540;166;Sandro;Egloff;;1958-10-24;Biberist;SO;Switzerland;;;0
4541;166;Yvar;Ingold;;1964-10-18;Langenthal;BE;Switzerland;;;0
4542;166;Marco;M¸ller;;1956-5-28;Bern;BE;Switzerland;;;0
4543;166;Salvator;Clavadetscher;;1966-7-16;K¸blis;GR;Switzerland;;;0
4544;166;Jonas;Mettler;;1970-2-10;Biel;BE;Switzerland;;;0
4545;166;Jacopo;Galli;;1977-5-19;Illnau-Effretikon;ZH;Switzerland;;;0
4546;166;Christian;Lustenberger;;1963-5-13;Suhr;AG;Switzerland;;;0
4547;166;Armin;Schmid;;1964-8-27;Wetzikon;ZH;Switzerland;;;0
4548;166;Guillaume;Vaucher;;1984-10-6;Echallens;VD;Switzerland;;;0
4549;166;Valentin;Rochat;;1959-9-8;Lancy;GE;Switzerland;;;0
4550;167;Walter;Brunner;;1965-11-4;Zurich;ZH;Switzerland;;;0
4551;167;Caspar;Huwiler;;1978-5-19;Ostermundingen;BE;Switzerland;;;0
4552;167;Costodio;Bueri;;1983-6-7;Lisbon;LIS;Portugal;;;0
4553;167;Sebastian;Gasser;;1978-12-21;Wattwil;SG;Switzerland;;;0
4554;167;Leonardo;Antani;;1973-5-6;Milan;LOM;Italy;;;0
4555;167;Daniel;Marti;;1980-9-8;Le Grand-Saconnex;GE;Switzerland;;;0
4556;167;Lars;Peter;;1979-11-6;Buchs;SG;Switzerland;;;0
4557;167;Niklas;Mayer;;1959-8-25;Thun;BE;Switzerland;;;0
4558;167;Alexander;Widmer;;1964-12-22;Brugg;AG;Switzerland;;;0
4559;167;Nino;Egli;;1980-10-14;Basel;BS;Switzerland;;;0
4560;-1;Lucas;Pilloud;;1976-11-19;Prilly;VD;Switzerland;;;0
4561;-1;Fritz;Rohner;;1960-1-24;Spreitenbach;AG;Switzerland;;;0
4562;-1;Loris;Furrer;;1969-1-10;Schwyz;SZ;Switzerland;;;0
4563;-1;Willi;Weber;;1974-12-24;M‰nnedorf;ZH;Switzerland;;;0
4564;-1;Bjˆrn;Gross;;1967-11-1;Basel;BS;Switzerland;;;0
4565;-1;Severin;Epiney;;1981-8-15;Geneva;GE;Switzerland;;;0
4566;-1;Niklas;Riesen;;1984-11-23;St. Gallen;SG;Switzerland;;;0
4567;-1;Lennard;Schmid;;1983-2-7;Oberuzwil;SG;Switzerland;;;0
4568;-1;Philipp;Fuhrer;;1984-5-13;Chur;GR;Switzerland;;;0
4569;-1;Erich;Schmid;;1972-4-15;Lenzburg;AG;Switzerland;;;0
4570;-1;Luca;Pl¸ss;;1965-5-7;Dietikon;ZH;Switzerland;;;0
4571;-1;Matthias;Brunner;;1964-9-18;Schattdorf;UR;Switzerland;;;0
4572;-1;Jann;Rothenb¸hler;;1970-10-16;Sulgen;TG;Switzerland;;;0
4573;-1;Niko;Meier;;1981-7-9;Wil;SG;Switzerland;;;0
4574;-1;Mauro;Grogg;;1965-10-21;Basel;BS;Switzerland;;;0
4575;-1;Thomas;Rinderknecht;;1958-3-3;Uster;ZH;Switzerland;;;0
4576;-1;Ceda;Barackov;;1979-2-14;Zurich;ZH;Switzerland;;;0
4577;-1;Manuel;Pfister;;1975-2-4;Schlieren;ZH;Switzerland;;;0
4578;-1;Bruno;Rizzo;;1960-3-1;Lugano;TI;Switzerland;;;0
4579;-1;Teodor;Colic;;1979-6-1;Winterthur;ZH;Switzerland;;;0
4580;-1;Nico;Pachoud;;1955-11-2;Echallens;VD;Switzerland;;;0
4581;-1;Jeremy;Wiederkehr;;1964-2-28;Fehraltdorf;ZH;Switzerland;;;0
4582;-1;JoÎl;Pictet;;1960-1-24;Veyrier;GE;Switzerland;;;0
4583;-1;Mark;Guggisberg;;1962-10-4;Muri;BE;Switzerland;;;0
4584;-1;Nicola;Lehmann;;1976-4-20;Zurich;ZH;Switzerland;;;0
4585;-1;Daniel;Favre;;1955-4-10;Geneva;GE;Switzerland;;;1
4586;-1;RenÈ;Ackermann;;1959-12-9;Biel;BE;Switzerland;;;0
4587;-1;Jonas;Frei;;1963-3-11;Reinach;BL;Switzerland;;;0
4588;-1;Nick;Siegenthaler;;1981-7-19;Chur;GR;Switzerland;;;0
4589;-1;Lars;Leuzinger;;1966-10-13;Kloten;ZH;Switzerland;;;0
4590;-1;Andy;Noble;;1959-9-19;Greater Northdale;FL;United States;;;0
4591;-1;Diego;Huber;;1955-9-9;Zell;ZH;Switzerland;;;0
4592;-1;Martin;Froidevaux;;1964-8-5;Blonay;VD;Switzerland;;;0
4593;-1;Leo;Bosshard;;1966-3-1;Thun;BE;Switzerland;;;0
4594;-1;Nico;Vogt;;1977-1-10;Opfikon;ZH;Switzerland;;;0
4595;-1;Leo;Imhof;;1960-2-8;Dietlikon;ZH;Switzerland;;;0
4596;-1;Yannick;M¸ller;;1956-9-29;Wohlen;BE;Switzerland;;;0
4597;-1;Marvin;Moser;;1970-2-5;Horgen;ZH;Switzerland;;;0
4598;-1;Ruedi;Schneider;;1978-1-27;Wohlen;AG;Switzerland;;;0
4599;-1;Kilian;Winteler;;1974-9-28;Adliswil;ZH;Switzerland;;;0
4600;-1;Dennis;Burkhalter;;1967-6-24;Aesch;BL;Switzerland;;;0
4601;-1;Christoph;Brunner;;1984-9-15;Davos;GR;Switzerland;;;0
4602;-1;Timo;Wunderlin;;1965-3-2;Emmen;LU;Switzerland;;;0
4603;-1;Alex;Magnin;;1955-3-21;Grindelwald;BE;Switzerland;;;1
4604;-1;Noah;Gilgen;;1970-8-18;Jona;SG;Switzerland;;;0
4605;-1;Robin;Fehr;;1982-9-14;Zurich;ZH;Switzerland;;;0
4606;-1;Horst;Christen;;1972-6-16;Grenchen;SO;Switzerland;;;0
4607;-1;Dominic;Chapuis;;1971-11-3;Lausanne;VD;Switzerland;;;0
4608;-1;Valentin;Favre;;1978-2-6;Gland;VD;Switzerland;;;0
4609;-1;Federico;Costa;;1968-11-7;Basel;BS;Switzerland;;;0
4610;-1;Severin;Genoud;;1975-2-23;Carouge;GE;Switzerland;;;0
4611;-1;Nico;Gerber;;1959-10-13;Glarus Nord;GL;Switzerland;;;0
4612;-1;Marco;Bugnon;;1958-5-6;Fribourg;FR;Switzerland;;;0
4613;-1;Alessandro;Costa;;1971-3-29;Losone;TI;Switzerland;;;0
4614;-1;Mike;Pasquier;;1983-8-23;Basel;BS;Switzerland;;;0
4615;-1;Jan;Blum;;1960-2-19;Hochdorf;LU;Switzerland;;;0
4616;-1;Valentin;Schindelholz;;1984-3-8;Altdorf;UR;Switzerland;;;0
4617;-1;Tom;Oberholzer;;1957-2-21;Ingenbohl;SZ;Switzerland;;;0
4618;-1;Franco;Tanner;;1974-9-6;Arlesheim;BL;Switzerland;;;0
4619;-1;Vito;Ruchti;;1955-6-13;Uetendorf;BE;Switzerland;;;1
4620;-1;David;Ducommun;;1982-3-30;Versoix;GE;Switzerland;;;0
4621;-1;Peter;Sch¸pbach;;1956-11-6;Basel;BS;Switzerland;;;0
4622;-1;Dario;Lischer;;1964-7-4;Zurich;ZH;Switzerland;;;0
4623;-1;Timo;Nigg;;1968-3-11;Wettingen;AG;Switzerland;;;0
4624;-1;Joel;Baumgartner;;1976-10-19;Zurich;ZH;Switzerland;;;0
4625;-1;Ramon;Schaad;;1960-10-4;Kˆniz;BE;Switzerland;;;0
4626;-1;Aleksandr;Lozhkin;;1973-10-29;Chita;ZAB;Russia;;;0
4627;-1;Julian;Rinderknecht;;1961-10-26;Sirnach;TG;Switzerland;;;0
4628;-1;Luc;Amacher;;1981-9-8;Cham;ZG;Switzerland;;;0
4629;-1;Pascal;Keller;;1960-3-12;W‰denswil;ZH;Switzerland;;;0
4630;-1;Georg;M¸ller;;1970-1-21;Flums;SG;Switzerland;;;0
4631;-1;Gabriel;Grieder;;1975-2-28;Zurich;ZH;Switzerland;;;0
4632;-1;Nicolas;Gaspoz;;1981-2-5;Lausanne;VD;Switzerland;;;0
4633;-1;Armin;M¸ller;;1965-6-28;Zurich;ZH;Switzerland;;;0
4634;-1;Thomas;Weber;;1956-12-8;Herzogenbuchsee;BE;Switzerland;;;0
4635;-1;Karl;M¸ller;;1965-7-25;R¸mlang;ZH;Switzerland;;;0
4636;-1;Nicolas;Joly;;1958-9-5;Bulle;FR;Switzerland;;;0
4637;-1;Jonas;Aubry;;1961-3-2;La Chaux-de-Fonds;NE;Switzerland;;;0
4638;-1;Patrick;Schn¸ringer;;1965-11-15;Emmen;LU;Switzerland;;;0
4639;-1;Nicolas;Comte;;1963-11-26;Bussigny;VD;Switzerland;;;0
4640;-1;Simon;Blanc;;1959-10-7;Pully;VD;Switzerland;;;0
4641;-1;Nicolas;Herrmann;;1977-3-29;Binningen;BL;Switzerland;;;0
4642;-1;Markus;Rothenb¸hler;;1980-8-20;Mˆhlin;AG;Switzerland;;;0
4643;-1;Remo;Meier;;1959-6-2;Chur;GR;Switzerland;;;0
4644;-1;Mark;Gfeller;;1983-10-9;Glarus Nord;GL;Switzerland;;;0
4645;-1;Alessandro;Moretti;;1958-8-9;Zollikon;ZH;Switzerland;;;0
4646;-1;Arda;Erdem;;1975-9-6;Ankara;ANK;T¸rkiye;;;0
4647;-1;Reiner;Maurer;;1970-5-12;Baar;ZG;Switzerland;;;0
4648;-1;Urs Peter;Forrer;;1962-11-20;Zug;ZG;Switzerland;;;0
4649;-1;Timm;Fankhauser;;1977-12-18;Solothurn;SO;Switzerland;;;0
4650;-1;Dennis;K¸hne;;1984-8-27;Basel;BS;Switzerland;;;0
4651;-1;Oliver;Gautschi;;1974-8-26;D¸bendorf;ZH;Switzerland;;;0
4652;-1;Hanspeter;M¸ller;;1966-5-10;Zurich;ZH;Switzerland;;;0
4653;-1;Petr;Dokoupil;;1967-11-16;Prague;PRA;Czechia;;;0
4654;-1;Noah;H‰ni;;1984-2-3;Zurich;ZH;Switzerland;;;0
4655;-1;Kevin;Studer;;1973-7-21;St. Gallen;SG;Switzerland;;;0
4656;-1;Yannick;Argand;;1961-5-5;Visp;VS;Switzerland;;;0
4657;-1;Lars;Bucher;;1983-2-16;Olten;SO;Switzerland;;;0
4658;-1;Knud;Frey;;1978-5-4;Oberuzwil;SG;Switzerland;;;0
4659;-1;Robin;Tinguely;;1957-5-18;Nyon;VD;Switzerland;;;0
4660;-1;Beat;Fl¸ckiger;;1979-4-23;Sigriswil;BE;Switzerland;;;0
4661;-1;Noah;Schoch;;1965-10-12;Bern;BE;Switzerland;;;0
4662;-1;Beat;Schumacher;;1959-10-5;Zurich;ZH;Switzerland;;;0
4663;-1;Calvin;Cooper;;1965-12-1;Hingham;MA;United States;;;0
4664;-1;Kenneth;Tischhauser;;1958-12-18;Wattwil;SG;Switzerland;;;0
4665;-1;Robin;Stucki;;1970-10-24;L¸tzelfl¸h;BE;Switzerland;;;0
4666;-1;Yevgeny;Oitser;;1983-10-17;Beryozovo;KHA;Russia;;;0
4667;-1;Artie;McGahaln;;1955-11-18;Westminster;OH;United States;;;0
4668;-1;Stefan;Nussbaumer;;1980-12-25;Goldach;SG;Switzerland;;;0
4669;-1;Sebastian;Wyss;;1983-2-25;Wettingen;AG;Switzerland;;;0
4670;-1;Totoya;Gotou;;1955-5-5;Bando;IBA;Japan;;;1
4671;-1;Dominik;N‰geli;;1977-6-14;Eschenbach;SG;Switzerland;;;0
4672;-1;Beat;Gadient;;1960-8-8;Huttwil;BE;Switzerland;;;0
4673;-1;Tim;M¸ller;;1965-5-19;Huttwil;BE;Switzerland;;;0
4674;-1;Alexandre;ArbalÈtrier;;1963-6-8;Langnau;BE;Switzerland;;;0
4675;-1;Kevin;Zeller;;1968-7-10;St. Gallen;SG;Switzerland;;;0
4676;-1;Benjamin;Junod;;1977-7-27;Geneva;GE;Switzerland;;;0
4677;-1;Patrick;Wolf;;1976-3-5;St. Gallen;SG;Switzerland;;;0
4678;-1;Michael;Leuenberger;;1957-8-13;Ebikon;LU;Switzerland;;;0
4679;-1;Malcolm;Aston;;1977-6-22;South Ogden;UT;United States;;;0
4680;-1;Oliver;Good;;1968-9-11;Ebikon;LU;Switzerland;;;0
4681;-1;Dominik;Kummer;;1961-10-7;Zurich;ZH;Switzerland;;;0
4682;-1;Loic;Mayor;;1960-5-4;Geneva;GE;Switzerland;;;0
4683;-1;Sven;Elmiger;;1955-9-17;Winterthur;ZH;Switzerland;;;0
4684;-1;Renzo;Blum;;1975-8-30;D¸bendorf;ZH;Switzerland;;;0
4685;-1;Antonio;Leonardi;;1955-5-28;Adliswil;ZH;Switzerland;;;1
4686;-1;Beat;Widmer;;1980-6-14;R¸egsau;BE;Switzerland;;;0
4687;-1;Michael;Vuillemin;;1974-1-24;Geneva;GE;Switzerland;;;0
4688;-1;Tobias;D‰twyler;;1965-4-2;Basel;BS;Switzerland;;;0
4689;-1;Matthias;Mottaz;;1977-12-4;Monthey;VS;Switzerland;;;0
4690;-1;Kim;Brunner;;1976-8-17;Dietikon;ZH;Switzerland;;;0
4691;-1;Timo;Blum;;1959-4-13;Wetzikon;ZH;Switzerland;;;0
4692;-1;Lorenz;Infanger;;1970-6-3;St. Gallen;SG;Switzerland;;;0
4693;-1;Dennis;Schˆnholzer;;1980-2-12;Zurich;ZH;Switzerland;;;0
4694;-1;David;Meier;;1981-9-29;Martigny;VS;Switzerland;;;0
4695;-1;RaphaÎl;Renevey;;1977-4-14;Biberist;SO;Switzerland;;;0
4696;-1;Joel;Lorenz;;1981-10-3;Bern;BE;Switzerland;;;0
4697;-1;JÈrÙme;Bersier;;1982-7-30;Lausanne;VD;Switzerland;;;0
4698;-1;Don;Yoder;;1964-4-18;San Antonio;TX;United States;;;0
4699;-1;Moritz;Senn;;1975-8-29;Basel;BS;Switzerland;;;0
4700;-1;Jarrod;Morris;;1981-3-18;New York;NY;United States;;;0
4701;-1;Sandro;Gˆtz;;1973-9-26;Biberist;SO;Switzerland;;;0
4702;-1;Beat;Zehnder;;1965-3-17;Sargans;SG;Switzerland;;;0
4703;-1;Simon;Dessarzin;;1957-12-5;Geneva;GE;Switzerland;;;0
4704;-1;Andres;Maurer;;1955-12-8;Schaffhausen;SH;Switzerland;;;0
4705;-1;David;Fankhauser;;1965-6-22;Uster;ZH;Switzerland;;;0
4706;-1;Sven;Grossmann;;1958-7-23;Spreitenbach;AG;Switzerland;;;0
4707;-1;Lukas;H¸gli;;1961-11-14;K¸ssnacht;SZ;Switzerland;;;0
4708;-1;Sergey;Sokolov;;1979-11-18;Beryozovskiy;SVE;Russia;;;0
4709;-1;Noah;Braun;;1973-11-30;Dietlikon;ZH;Switzerland;;;0
4710;-1;Mario;Blanchard;;1958-3-12;Geneva;GE;Switzerland;;;0
4711;-1;Aaron;Newton;;1980-7-21;Troy;OH;United States;;;0
4712;-1;Georg;Betschart;;1957-2-13;Frenkendorf;BL;Switzerland;;;0
4713;-1;Gian;Gfeller;;1955-10-2;Schlieren;ZH;Switzerland;;;0
4714;-1;Pascal;Lambiel;;1967-11-3;Lausanne;VD;Switzerland;;;0
4715;-1;Dominik;Br¸hlmann;;1968-2-14;Spiez;BE;Switzerland;;;0
4716;-1;Simon;Barraud;;1974-5-2;Neuch‚tel;NE;Switzerland;;;0
4717;-1;Kunisada;Kanazawa;;1983-12-19;Ashikaga;TOC;Japan;;;0
4718;-1;Thomas;Fleury;;1964-1-28;Bussigny;VD;Switzerland;;;0
4719;-1;John;Kennedy;;1982-8-9;Central Valley;NY;United States;;;0
4720;-1;Kim;Schneiter;;1971-7-19;La Chaux-de-Fonds;NE;Switzerland;;;0
4721;-1;Niko;Bucher;;1961-8-13;Zurich;ZH;Switzerland;;;0
4722;-1;Daniel;Leu;;1963-10-28;Zollikon;ZH;Switzerland;;;0
4723;-1;Julien;Botteron;;1971-5-18;Bulle;FR;Switzerland;;;0
4724;-1;Jan;Gschwend;;1963-6-12;Altdorf;UR;Switzerland;;;0
4725;-1;Robin;Koster;;1971-9-2;Pfaffnau;LU;Switzerland;;;0
4726;-1;Antonio;Costa;;1976-6-5;Kirchberg;SG;Switzerland;;;0
4727;-1;Manuel;Frischknecht;;1960-10-10;Einsiedeln;SZ;Switzerland;;;0
4728;-1;Kenneth;Schneider;;1958-12-13;Zurich;ZH;Switzerland;;;0
4729;-1;Jonas;M¸ller;;1973-1-16;Basel;BS;Switzerland;;;0
4730;-1;Tim;Studer;;1962-5-2;R¸egsau;BE;Switzerland;;;0
4731;-1;Severin;Montandon;;1968-11-5;Renens;VD;Switzerland;;;0
4732;-1;Gabriel;Bocquet;;1956-12-13;Lausanne;VD;Switzerland;;;0
4733;-1;Andrea;Antonietti;;1974-5-15;Yverdon;VD;Switzerland;;;0
4734;-1;Tim;Ulrich;;1976-7-7;Zurich;ZH;Switzerland;;;0
4735;-1;Leo;Boller;;1968-5-14;Zurich;ZH;Switzerland;;;0
4736;-1;Travis;Lappin;;1966-8-31;Carrollton;TX;United States;;;0
4737;-1;Dennis;H‰nni;;1969-12-3;Sch¸belbach;SZ;Switzerland;;;0
4738;-1;Julien;Perler;;1963-1-30;Neuch‚tel;NE;Switzerland;;;0
4739;-1;Patrick;Niederer;;1968-12-18;Kilchberg;ZH;Switzerland;;;0
4740;-1;Bruno;M¸ller;;1975-1-24;Thalwil;ZH;Switzerland;;;0
4741;-1;Daniel;Joye;;1965-10-22;Geneva;GE;Switzerland;;;0
4742;-1;Dylan;MÈtrailler;;1970-12-27;Neuch‚tel;NE;Switzerland;;;0
4743;-1;Filippo;Costantini;;1957-1-16;Rorschacherberg;SG;Switzerland;;;0
4744;-1;Noah;Muff;;1983-3-3;Basel;BS;Switzerland;;;0
4745;-1;Matt;O'Lonegan;;1974-5-9;Costa Mesa;CA;United States;;;0
4746;-1;Finn;M¸ller;;1961-3-6;Romanshorn;TG;Switzerland;;;0
4747;-1;Marc;Rieder;;1957-7-23;Wettingen;AG;Switzerland;;;0
4748;-1;Sergey;Goncharenko;;1967-12-10;Mytishchi;MOS;Russia;;;0
4749;-1;Janis;Christ;;1968-8-13;Basel;BS;Switzerland;;;0
4750;-1;Charlie;Hubmann;;1959-4-23;Hergiswil;NW;Switzerland;;;0
4751;-1;Giulio;Maggetti;;1974-5-14;Baden;AG;Switzerland;;;0
4752;-1;Luca;Keller;;1968-3-12;Zurich;ZH;Switzerland;;;0
4753;-1;Kai;Haas;;1982-3-11;Oberuzwil;SG;Switzerland;;;0
4754;-1;Tim;Binggeli;;1959-4-4;Zurich;ZH;Switzerland;;;0
4755;-1;Yannik;Nˆtzli;;1963-1-28;Mosnang;SG;Switzerland;;;0
4756;-1;Tim;Cujean;;1955-2-9;Geneva;GE;Switzerland;;;1
4757;-1;Benni;W¸thrich;;1966-2-13;Thun;BE;Switzerland;;;0
4758;-1;Pascal;M¸ller;;1965-6-8;Lausanne;VD;Switzerland;;;0
4759;-1;Ramon;Perren;;1981-6-29;Hinwil;ZH;Switzerland;;;0
4760;-1;Moritz;Nussbaumer;;1974-7-10;Muttenz;BL;Switzerland;;;0
4761;-1;Herman;Sweatt;;1979-8-19;Blacksburg;VA;United States;;;0
4762;-1;Manuel;Rime;;1973-5-9;Lausanne;VD;Switzerland;;;0
4763;-1;Valentin;Huguenin;;1974-11-29;Yverdon;VD;Switzerland;;;0
4764;-1;Erni;Stˆckli;;1972-6-12;Zurich;ZH;Switzerland;;;0
4765;-1;Kenneth;Meier;;1979-1-7;Steffisburg;BE;Switzerland;;;0
4766;-1;Kagehisa;Samurakami;;1981-6-6;Kaga;ISH;Japan;;;0
4767;-1;Gion;Baldi;;1956-11-10;Biasca;TI;Switzerland;;;0
4768;-1;RenÈ;Widmer;;1963-5-25;Langenthal;BE;Switzerland;;;0
4769;-1;David;Schneider;;1979-3-4;Winterthur;ZH;Switzerland;;;0
4770;-1;Tom;Roth;;1973-12-13;Horw;LU;Switzerland;;;0
4771;-1;Michael;Delessert;;1981-6-6;Wohlen;BE;Switzerland;;;0
4772;-1;Lennard;Roten;;1972-8-28;Steffisburg;BE;Switzerland;;;0
4773;-1;Dominik;Zimmermann;;1958-5-4;Bellach;SO;Switzerland;;;0
4774;-1;Noah;Schmid;;1975-3-1;Wil;SG;Switzerland;;;0
4775;-1;Robin;W¸thrich;;1958-12-23;Zurich;ZH;Switzerland;;;0
4776;-1;Gian Luca;Signorell;;1973-1-17;Renens;VD;Switzerland;;;0
4777;-1;Dominic;M¸ller;;1982-6-28;Bern;BE;Switzerland;;;0
4778;-1;Benjamin;Wetzel;;1980-9-10;Zurich;ZH;Switzerland;;;0
4779;-1;Yannick;Heller;;1970-6-5;Basel;BS;Switzerland;;;0
4780;-1;Max;Schmid;;1977-10-4;Zurich;ZH;Switzerland;;;0
4781;-1;Olivier;Guenin;;1970-9-13;Monthey;VS;Switzerland;;;0
4782;-1;Andreas;Roth;;1974-2-11;Zurich;ZH;Switzerland;;;0
4783;-1;Sosuke;Hashimoto;;1969-7-10;Kishiwada;OSA;Japan;;;0
4784;-1;Dario;Betschart;;1966-3-4;Birsfelden;BL;Switzerland;;;0
4785;-1;Grigory;Ageyev;;1983-10-24;Astana;AKM;Kazakhstan;;;0
4786;-1;Daniel;Romanens;;1960-8-18;La Chaux-de-Fonds;NE;Switzerland;;;0
4787;-1;Pascal;Marguerat;;1968-11-16;Prilly;VD;Switzerland;;;0
4788;-1;Vito;Kunz;;1970-6-21;Sissach;BL;Switzerland;;;0
4789;-1;Marvin;Hauswirth;;1978-6-25;Arth;SZ;Switzerland;;;0
4790;-1;Yannick;SÈguin;;1955-7-25;Nyon;VD;Switzerland;;;0
4791;-1;Tim;de Dardel;;1959-12-20;Neuch‚tel;NE;Switzerland;;;0
4792;-1;Raphael;Merz;;1967-10-31;Zurich;ZH;Switzerland;;;0
4793;-1;Nino;Wolff;;1956-8-2;Lyss;BE;Switzerland;;;0
4794;-1;Felix;Peter;;1981-3-11;Schlieren;ZH;Switzerland;;;0
4795;-1;Patrick;Felber;;1978-8-14;D¸bendorf;ZH;Switzerland;;;0
4796;-1;Alain;Favre;;1956-1-31;Carouge;GE;Switzerland;;;0
4797;-1;Lucas;Marchand;;1971-4-18;Geneva;GE;Switzerland;;;0
4798;-1;Julian;Schenker;;1976-5-18;Amriswil;TG;Switzerland;;;0
4799;-1;Jan;Betschart;;1957-8-14;Thun;BE;Switzerland;;;0
4800;-1;Steve;Zimmermann;;1966-5-6;Risch;ZG;Switzerland;;;0
4801;-1;Knud;Weiss;;1967-8-4;St. Gallen;SG;Switzerland;;;0
4802;-1;Bob;McGhie;;1966-4-11;Eastampton Township;NJ;United States;;;0
4803;-1;Thomas;Fasel;;1956-10-12;Nyon;VD;Switzerland;;;0
4804;-1;Dylan;Rognon;;1961-8-18;Bernex;GE;Switzerland;;;0
4805;-1;Dennis;B‰rtschi;;1968-7-26;Zofingen;AG;Switzerland;;;0
4806;-1;Fabian;Huber;;1969-3-7;Bern;BE;Switzerland;;;0
4807;-1;Luca;Eichenberger;;1961-10-17;Arth;SZ;Switzerland;;;0
4808;-1;Ryushi;Chouda;;1965-3-8;Okayama;OKA;Japan;;;0
4809;-1;Cedric;S¸tterlin;;1978-7-7;Sarnen;OW;Switzerland;;;0
4810;-1;Giacomo;De Santis;;1973-9-20;Bellinzona;TI;Switzerland;;;0
4811;-1;JoÎl;Roux;;1965-6-10;Geneva;GE;Switzerland;;;0
4812;-1;Aron;Herzig;;1964-5-1;Richterswil;ZH;Switzerland;;;0
4813;-1;Lars;Vetsch;;1980-10-20;Murten;FR;Switzerland;;;0
4814;-1;Armin;Z¸rcher;;1976-7-22;Zell;ZH;Switzerland;;;0
4815;-1;Lukas;Gall;;1977-6-29;Zurich;ZH;Switzerland;;;0
4816;-1;Nils;Weibel;;1962-1-24;Unter‰geri;ZG;Switzerland;;;0
4817;-1;Konstantin;Pletnikov;;1958-10-13;Sosva;SVE;Russia;;;0
4818;-1;Michael;Bourquin;;1981-9-17;Geneva;GE;Switzerland;;;0
4819;-1;Luca;Vetsch;;1969-7-21;Zurich;ZH;Switzerland;;;0
4820;-1;Tom;Oswald;;1981-6-23;Zurich;ZH;Switzerland;;;0
4821;-1;Kevin;B¸rgi;;1972-12-10;Arth;SZ;Switzerland;;;0
4822;-1;Nicolas;Lustenberger;;1983-12-27;Langnau;BE;Switzerland;;;0
4823;-1;Len;Rondeau;;1974-10-14;Fort Worth;TX;United States;;;0
4824;-1;Lennard;Christen;;1963-11-11;Volketswil;ZH;Switzerland;;;0
4825;-1;Giachem;Caviezel;;1976-2-19;Chur;GR;Switzerland;;;0
4826;-1;Jotaro;Iwata;;1974-2-4;Iwaki;FUK;Japan;;;0
4827;-1;Marcel;Schmid;;1979-4-11;Zurich;ZH;Switzerland;;;0
4828;-1;Daniel;Senn;;1961-9-13;Biberist;SO;Switzerland;;;0
4829;-1;Silas;Nyffenegger;;1966-5-14;Wald;BE;Switzerland;;;0
4830;-1;Robin;Hinder;;1970-9-27;Aarburg;AG;Switzerland;;;0
4831;-1;Joel;Marti;;1956-9-28;Geneva;GE;Switzerland;;;0
4832;-1;Christopher;Leuzinger;;1956-7-7;Buchs;SG;Switzerland;;;0
4833;-1;David;Meyer;;1972-8-8;Bernex;GE;Switzerland;;;0
4834;-1;Elias;Stettler;;1958-6-19;Uetikon;ZH;Switzerland;;;0
4835;-1;Anton;Bakayev;;1976-1-31;Sosnovyy Bor;LEN;Russia;;;0
4836;-1;Max;Meier;;1968-5-31;Winterthur;ZH;Switzerland;;;0
4837;-1;Fabian;Bucher;;1957-9-25;Kreuzlingen;TG;Switzerland;;;0
4838;-1;Sacha;Schnyder;;1962-9-28;D¸rnten;ZH;Switzerland;;;0
4839;-1;Christopher;Bruggmann;;1983-10-22;Freienbach;SZ;Switzerland;;;0
4840;-1;Simon;Fischer;;1966-8-4;Flums;SG;Switzerland;;;0
4841;-1;Jˆrg;Kern;;1968-6-25;Zurich;ZH;Switzerland;;;0
4842;-1;Livio;Weidmann;;1980-4-3;Bern;BE;Switzerland;;;0
4843;-1;Silvan;Lanz;;1965-7-13;Zurich;ZH;Switzerland;;;0
4844;-1;Stefan;Sch‰r;;1980-9-6;Littau;LU;Switzerland;;;0
4845;-1;Georg;Haller;;1979-11-29;Emmen;LU;Switzerland;;;0
4846;-1;Luca;Walser;;1963-6-3;Monthey;VS;Switzerland;;;0
4847;-1;Luca;Huber;;1963-2-2;Bern;BE;Switzerland;;;0
4848;-1;Dominic;Habegger;;1973-5-3;D¸rnten;ZH;Switzerland;;;0
4849;-1;David;Anderegg;;1979-4-14;Pf‰ffikon;ZH;Switzerland;;;0
4850;-1;Pascal;Julliard;;1982-1-29;Pully;VD;Switzerland;;;0
4851;-1;RaphaÎl;Jeanneret;;1972-12-16;Carouge;GE;Switzerland;;;0
4852;-1;Pascal;Clerc;;1967-8-21;Vernier;GE;Switzerland;;;0
4853;-1;Quentin;Kolly;;1983-2-17;Meyrin;GE;Switzerland;;;0
4854;-1;Denis;Hefti;;1979-10-1;Baar;ZG;Switzerland;;;0
4855;-1;Manuel;Egli;;1969-1-14;Meggen;LU;Switzerland;;;0
4856;-1;Igor;Cortesi;;1983-5-24;Massagno;TI;Switzerland;;;0
4857;-1;Hansueli;Steiner;;1965-3-2;Biberist;SO;Switzerland;;;0
4858;-1;Ivan;Pochon;;1956-8-22;Meyrin;GE;Switzerland;;;0
4859;-1;Raphael;H‰nni;;1971-12-7;Zurich;ZH;Switzerland;;;0
4860;-1;Julian;Frick;;1969-7-20;Baden;AG;Switzerland;;;0
4861;-1;Nicola;Nicoli;;1972-1-30;Glarus;GL;Switzerland;;;0
4862;-1;Dario;Sommer;;1962-3-20;Ettingen;BL;Switzerland;;;0
4863;-1;Timofey;Latysh;;1962-8-29;Teykovo;IVA;Russia;;;0
4864;-1;Francesco;Guidi;;1956-11-9;Massagno;TI;Switzerland;;;0
4865;-1;Yvar;Schnyder;;1982-2-4;Maur;ZH;Switzerland;;;0
4866;-1;Marco;Fontana;;1973-2-21;Lugano;TI;Switzerland;;;0
4867;-1;Sven;Berger;;1976-10-18;Heimberg;BE;Switzerland;;;0
4868;-1;Stanislav;Rabazov;;1972-12-21;Novochernorechenskiy;KRA;Russia;;;0
4869;-1;Marvin;Gerber;;1956-1-12;Schaffhausen;SH;Switzerland;;;0
4870;-1;Karl;Bernegger;;1980-7-23;Zurich;ZH;Switzerland;;;0
4871;-1;Kim;Zaugg;;1957-8-25;Biel;BE;Switzerland;;;0
4872;-1;Marcel;Enzler;;1959-10-21;Reinach;BL;Switzerland;;;0
4873;-1;Aron;Bucher;;1981-8-20;Zurich;ZH;Switzerland;;;0
4874;-1;Valentin;Schwendener;;1959-4-13;Altst‰tten;SG;Switzerland;;;0
4875;-1;Kilian;Hefti;;1959-9-20;Zurich;ZH;Switzerland;;;0
4876;-1;Dominic;Perrin;;1974-5-30;Veyrier;GE;Switzerland;;;0
4877;-1;Tim;Rollier;;1982-2-28;Villars-sur-Gl‚ne;FR;Switzerland;;;0
4878;-1;Guido;Hungerb¸hler;;1962-1-18;Grabs;SG;Switzerland;;;0
4879;-1;Manuel;ChËvre;;1961-2-10;Fribourg;FR;Switzerland;;;0
4880;168;Jason;Nelson;;1984-6-22;Carson;CA;United States;;;0
4881;168;Dave;Long;;1980-5-20;Fort Collins;CO;United States;;;0
4882;168;Brent;Logan;;1972-9-5;Seattle;WA;United States;;;0
4883;168;Jeff;Norton;;1976-12-1;San Antonio;TX;United States;;;0
4884;168;Jimmy;Lawson;;1964-12-19;Thompsonville;CT;United States;;;0
4885;168;Harlan;McCray;;1968-3-18;Pinewood;FL;United States;;;0
4886;168;Willard;Pratt;;1967-6-28;Los Angeles;CA;United States;;;0
4887;168;David;Weber;;1961-1-29;Charlotte;NC;United States;;;0
4888;168;Fred;Munslow;;1961-9-8;Ross Township;PA;United States;;;0
4889;168;Ben;Hossack;;1974-7-17;Neenah;WI;United States;;;0
4890;169;Marcus;Stephenson;;1977-3-4;San Diego;CA;United States;;;0
4891;169;Justin;Turner;;1966-2-2;Alafaya;FL;United States;;;0
4892;169;Victor;Fincher;;1984-1-25;El Paso;TX;United States;;;0
4893;169;Mike;Long;;1972-9-13;Taylors;SC;United States;;;0
4894;169;Elliott;Seay;;1960-12-16;Harlingen;TX;United States;;;0
4895;169;Jim;MacCoull;;1981-9-9;Country Club;FL;United States;;;0
4896;169;Steven;Recio;;1958-5-7;Menifee;CA;United States;;;0
4897;169;Cullen;Brewer;;1968-7-26;Atlanta;GA;United States;;;0
4898;169;Cecil;Lawrence;;1955-4-13;Erie;PA;United States;;;0
4899;169;Chris;McDermid;;1974-9-11;New Orleans;LA;United States;;;0
4900;170;Lloyd;Ross;;1957-3-4;Hometown;IL;United States;;;0
4901;170;Hubert;Densmore;;1964-10-30;San Jose;CA;United States;;;0
4902;170;Tucker;Stafford;;1965-7-10;Los Angeles;CA;United States;;;0
4903;170;Bruce;Brown;;1961-3-8;Irondequoit;NY;United States;;;0
4904;170;Manuel;Jaramillo;;1970-7-12;Rancho Cordova;CA;United States;;;0
4905;170;Peter;Lasater;;1966-12-12;Michigan City;IN;United States;;;0
4906;170;Matt;Lahiff;;1964-3-8;Franconia;VA;United States;;;0
4907;170;Paul;Byrne;;1966-2-1;New Orleans;LA;United States;;;0
4908;170;Bob;Howard;;1962-12-24;Sugarcreek;PA;United States;;;0
4909;170;Ross;Miller;;1960-7-4;Pineville;LA;United States;;;0
4910;171;Brian;Reason;;1979-8-11;Greenburgh;NY;United States;;;0
4911;171;Pete;Vincent;;1979-6-2;Cottonwood West;UT;United States;;;0
4912;171;John;Patterson;;1970-11-29;Waupun;WI;United States;;;0
4913;171;Pat;Ruthven;;1963-8-17;Sans Souci;SC;United States;;;0
4914;171;Jim;Boultbee;;1964-3-25;Chicago;IL;United States;;;0
4915;171;Nick;Wiley;;1974-7-9;Arlington;VA;United States;;;0
4916;171;Henry;Geis;;1976-1-5;Winston-Salem;NC;United States;;;0
4917;171;Joe;Halkett;;1983-5-24;Kansas City;KS;United States;;;0
4918;171;Richard;Pratt;;1981-12-3;Kendall West;FL;United States;;;0
4919;171;Jeffrey;Myers;;1968-7-1;Weiser;ID;United States;;;0
4920;172;River;McIlwain;;1982-8-29;Thousand Palms;CA;United States;;;0
4921;172;Danny;Whitney;;1959-1-2;Akron;OH;United States;;;0
4922;172;Brennan;Boon;;1958-12-2;Vancouver;BC;Canada;;;0
4923;172;Caolan;Connolly;;1964-10-21;Reading;MA;United States;;;0
4924;172;Larry;Fenwick;;1959-9-20;Anacortes;WA;United States;;;0
4925;172;Dawson;Starke;;1968-2-4;Beaverton;OR;United States;;;0
4926;172;Jon;Howard;;1961-9-3;Long Beach;CA;United States;;;0
4927;172;Doug;Stephens;;1970-3-30;Glendora;CA;United States;;;0
4928;172;Chet;Jones;;1972-12-20;Bonanza;GA;United States;;;0
4929;172;Nick;Bowen;;1972-12-20;Bryceville;FL;United States;;;0
4930;173;Bill;Harris;;1969-7-2;Syracuse;NY;United States;;;0
4931;173;Richard;Frizzle;;1968-5-25;Wheaton;MD;United States;;;0
4932;173;John;McCoy;;1974-2-18;Shingletown;CA;United States;;;0
4933;173;Anthony;Willman;;1973-9-18;Broomfield;CO;United States;;;0
4934;173;Curt;Meade;;1960-1-20;Coventry Lake;CT;United States;;;0
4935;173;Jim;MacAngus;;1973-4-26;Newton;TX;United States;;;0
4936;173;Bob;Mueller;;1970-5-6;Zanesville;OH;United States;;;0
4937;173;Pat;Amies;;1955-11-15;Mobile;AL;United States;;;0
4938;173;Patrick;Chenault;;1983-8-16;Long Beach;NY;United States;;;0
4939;173;Stan;Shone;;1968-1-30;Oakwood Hills;IL;United States;;;0
4940;174;Randy;Rasmussen;;1959-7-16;Lamesa;TX;United States;;;0
4941;174;Stu;Waddell;;1969-7-19;Whittier;CA;United States;;;0
4942;174;John;Price;;1965-1-12;Cedarville;OH;United States;;;0
4943;174;Garth;Dougan;;1983-4-19;Philadelphia;PA;United States;;;0
4944;174;Elton;Voss;;1955-7-11;Orange;CA;United States;;;0
4945;174;Ben;Sharpley;;1959-10-29;San Francisco;CA;United States;;;0
4946;174;Grant;Red;;1977-9-25;El Cerrito;CA;United States;;;0
4947;174;Rob;Ross;;1983-6-22;Westfield;NJ;United States;;;0
4948;174;Clarence;O'Keefe;;1959-1-24;Brandon;FL;United States;;;0
4949;174;Jason;Andersen;;1977-3-12;DeWitt;NY;United States;;;0
4950;175;Bill;Peterson;;1965-1-7;Edinburg;IL;United States;;;0
4951;175;Eric;Myers;;1978-9-11;Redlands;CA;United States;;;0
4952;175;Lawrence;Mack;;1978-11-6;Montgomery;AL;United States;;;0
4953;175;Matt;Mitchell;;1981-8-6;Lake Jackson;TX;United States;;;0
4954;175;Tyler;Narborough;;1965-5-17;Memphis;TN;United States;;;0
4955;175;Chet;Kelley;;1984-3-9;Oakland;CA;United States;;;0
4956;175;Isaac;O'Hair;;1964-4-22;Miami Springs;FL;United States;;;0
4957;175;Ed;Young;;1984-1-3;Louisville;KY;United States;;;0
4958;175;David;Gonzalez;;1961-4-20;San Diego;CA;United States;;;0
4959;175;Denny;Hansen;;1959-11-9;Port Hueneme;CA;United States;;;0
4960;176;Corey;Gaston;;1961-1-13;Rosedale;CA;United States;;;0
4961;176;Leonard;Pitt;;1960-4-2;Florence;AZ;United States;;;0
4962;176;Bob;Hughes;;1955-1-3;Wheeling;IL;United States;;;0
4963;176;Phil;Archibald;;1983-10-31;Glendale;AZ;United States;;;0
4964;176;Kenny;Lucott;;1970-2-18;Hallandale;FL;United States;;;0
4965;176;Jon;White;;1966-11-6;Delanco Township;NJ;United States;;;0
4966;176;Marcus;Marshall;;1963-10-10;Langdon;ND;United States;;;0
4967;176;William;Taylor;;1966-7-4;Montebello;CA;United States;;;0
4968;176;Otto;Porter;;1958-4-13;Sunnyvale;CA;United States;;;0
4969;176;Brandon;Bartlett;;1964-9-25;Valdosta;GA;United States;;;0
4970;177;Patrick;Mack;;1960-3-14;Huber Heights;OH;United States;;;0
4971;177;Kevin;Barnes;;1978-1-24;Pueblo West;CO;United States;;;0
4972;177;Drake;Sass;;1964-3-3;Sacramento;CA;United States;;;0
4973;177;Jack;Yates;;1971-3-21;Irvington;NJ;United States;;;0
4974;177;Ed;Fawsyde;;1974-9-14;Terra Bella;CA;United States;;;0
4975;177;Phil;Garvey;;1959-4-19;Memphis;TN;United States;;;0
4976;177;Theron;Crandell;;1961-6-19;New Brighton;PA;United States;;;0
4977;177;Jacob;Williams;;1959-12-3;Dayton;TX;United States;;;0
4978;177;Tim;Gumm;;1975-10-15;Newfields;NH;United States;;;0
4979;177;Dave;Phillip;;1965-7-11;South Lockport;NY;United States;;;0
4980;178;Mike;Mellant;;1968-2-23;Des Moines;IA;United States;;;0
4981;178;Mark;O'Sheridan;;1975-2-7;Los Angeles;CA;United States;;;0
4982;178;Frank;O'Flahavan;;1977-9-21;Santa Clarita;CA;United States;;;0
4983;178;Wes;Wolfe;;1958-5-10;Baltimore;MD;United States;;;0
4984;178;Eric;Dyal;;1959-12-1;Brooklyn;NY;United States;;;0
4985;178;Conner;Bramall;;1964-5-14;Des Moines;IA;United States;;;0
4986;178;Duane;Wigley;;1974-8-23;Briar;TX;United States;;;0
4987;178;Deron;Leach;;1964-5-13;New Iberia;LA;United States;;;0
4988;178;Dave;Griffin;;1963-6-21;Brick Township;NJ;United States;;;0
4989;178;Lance;Simons;;1973-5-7;Phoenix;AZ;United States;;;0
4990;179;James;Kristo;;1959-1-5;Indianapolis;IN;United States;;;0
4991;179;Jeffrey;Wingfield;;1956-1-7;Boston;MA;United States;;;0
4992;179;Norris;Smallwood;;1978-5-6;Marana;AZ;United States;;;0
4993;179;Andy;McDonald;;1963-12-8;Morton Grove;IL;United States;;;0
4994;179;Ben;Nichols;;1962-8-14;Orlando;FL;United States;;;0
4995;179;James;Workman;;1983-8-4;Columbus;OH;United States;;;0
4996;179;Brandon;Webster;;1975-8-23;Scott Lake;FL;United States;;;0
4997;179;Loren;Stephens;;1961-9-25;Anaheim;CA;United States;;;0
4998;179;Gregg;Lott;;1974-9-20;Hialeah;FL;United States;;;0
4999;179;Jeff;Robbins;;1984-2-7;Prescott Valley;AZ;United States;;;0
5000;180;Sean;Burnett;;1976-8-21;Hamptonburgh;NY;United States;;;0
5001;180;Flynn;Barnes;;1957-7-27;Anaheim;CA;United States;;;0
5002;180;Drew;Forgione;;1966-2-23;St. Quentin;NB;Canada;;;0
5003;180;Ken;Miller;;1964-1-14;San Antonio;TX;United States;;;0
5004;180;Jonathan;St. John;;1959-6-4;Mount Healthy Heights;OH;United States;;;0
5005;180;Sean;McQuinn;;1959-9-26;Burkburnett;TX;United States;;;0
5006;180;Hamilton;McCaffery;;1966-6-25;Williamsport;PA;United States;;;0
5007;180;Allen;Pierce;;1964-6-22;Wayne;NJ;United States;;;0
5008;180;Billy;Lunn;;1978-8-11;Greenfield Township (Erie County);PA;United States;;;0
5009;180;Billy;Larkin;;1958-2-4;Palmyra;NJ;United States;;;0
5010;181;Matt;Cleland;;1961-11-6;Santa Monica;CA;United States;;;0
5011;181;Clyde;O'Cannahan;;1971-4-8;Franklin;WI;United States;;;0
5012;181;Greg;Stanley;;1974-10-22;Pomona;CA;United States;;;0
5013;181;Jesse;Steadman;;1967-6-26;Sangerfield;NY;United States;;;0
5014;181;Weston;Sheppard;;1973-8-7;Bay Pines;FL;United States;;;0
5015;181;Joel;Nilsson;;1970-3-9;Lacey Township;NJ;United States;;;0
5016;181;David;Martin;;1969-7-21;Indianapolis;IN;United States;;;0
5017;181;Larry;Keeter;;1959-3-10;Brookline;NH;United States;;;0
5018;181;Marvin;Ingleby;;1955-9-16;Denver;CO;United States;;;0
5019;181;Allan;Hoard;;1982-9-8;Taunton;MA;United States;;;0
5020;182;Van;Caplinger;;1956-9-23;Dover Beaches South;NJ;United States;;;0
5021;182;Donald;Sharp;;1956-6-5;Lewisville;TX;United States;;;0
5022;182;Donald;Hart;;1971-7-31;Hopkins;MN;United States;;;0
5023;182;Tyler;Scheuer;;1976-3-23;Mississauga;ON;Canada;;;0
5024;182;Peter;Roberts;;1964-12-11;Philadelphia;PA;United States;;;0
5025;182;JosÈ;Afan;;1955-8-6;Santa Ana;CA;United States;;;0
5026;182;Rick;Lewis;;1983-2-24;San Fernando;CA;United States;;;0
5027;182;Lance;Werner;;1971-11-19;Maple Heights;OH;United States;;;0
5028;182;Peter;Farrell;;1969-3-10;Roselle Park;NJ;United States;;;0
5029;182;Ronald;Burns;;1976-6-28;Peachtree City;GA;United States;;;0
5030;183;Jesse;Crompton;;1976-9-26;Norwalk;OH;United States;;;0
5031;183;Jerry;Woodes;;1979-3-19;Hobart;IN;United States;;;0
5032;183;John;Hucknall;;1974-5-28;Brooklyn;NY;United States;;;0
5033;183;Bob;Stamp;;1971-8-3;San Francisco;CA;United States;;;0
5034;183;George;Revie;;1955-12-23;Elyria;OH;United States;;;0
5035;183;Charles;Gray;;1976-2-26;Fontana;CA;United States;;;0
5036;183;Roland;Turney;;1969-12-23;Chicago;IL;United States;;;0
5037;183;Michael;Wilson;;1957-4-7;Cypress;CA;United States;;;0
5038;183;Melvin;Bowman;;1976-10-18;Redford Township;MI;United States;;;0
5039;183;Christian;Thompson;;1971-10-25;Atlanta;GA;United States;;;0
5040;184;Ollie;Lewis;;1962-8-10;Houston;TX;United States;;;0
5041;184;Anupradana;Kawediya;;1968-11-21;Selam;TAM;India;;;0
5042;184;Jesse;Marcou;;1983-12-29;Dale City;VA;United States;;;0
5043;184;Richard;Sanderson;;1976-3-26;Edmonds;WA;United States;;;0
5044;184;Jonathan;Glennie;;1958-8-5;Coggon;IA;United States;;;0
5045;184;Zack;Shepherd;;1966-5-10;Highland Park;TX;United States;;;0
5046;184;Eric;Wagner;;1979-9-20;Wolf Trap;VA;United States;;;0
5047;184;Jody;Cowen;;1977-12-29;Houston;TX;United States;;;0
5048;184;Mike;Margaret;;1971-9-21;Emporia;KS;United States;;;0
5049;184;Mats;Hella;;1984-9-10;Norman;OK;United States;;;0
5050;185;Robert;Gibson;;1962-4-21;Chicago;IL;United States;;;0
5051;185;Dan;Farr;;1957-10-7;Danvers;MA;United States;;;0
5052;185;Roland;Barrett;;1976-12-22;Norfolk;VA;United States;;;0
5053;185;Marty;Garbutt;;1983-5-16;Bolivar;NY;United States;;;0
5054;185;Jorge;Romero;;1980-12-1;Windsor;CA;United States;;;0
5055;185;Will;Love;;1969-12-27;McMinnville;OR;United States;;;0
5056;185;J.R.;Auten;;1964-1-11;Bakersfield;CA;United States;;;0
5057;185;Vern;Taunton;;1965-10-21;Swanton;OH;United States;;;0
5058;185;Grady;Gattelaro;;1970-6-14;Long Beach;NY;United States;;;0
5059;185;Wendell;Sommer;;1963-11-18;Dallas;TX;United States;;;0
5060;186;Greg;Best;;1963-4-2;North Ridgeville;OH;United States;;;0
5061;186;Robert;Denton;;1971-12-10;Jacksonville;FL;United States;;;0
5062;186;Mike;Tindell;;1959-1-11;Moses Lake;WA;United States;;;0
5063;186;David;Ray;;1969-10-31;Mount Holly;NC;United States;;;0
5064;186;Jeff;Malley;;1956-12-5;Aurora;CO;United States;;;0
5065;186;Mark;Arney;;1978-9-16;Philadelphia;PA;United States;;;0
5066;186;Vance;Abberley;;1966-12-11;Chicago;IL;United States;;;0
5067;186;Ron;Buck;;1955-11-29;Brillion;WI;United States;;;0
5068;186;Martin;D'Andrea;;1962-9-14;Florence-Graham;CA;United States;;;0
5069;186;George;Casey;;1958-3-3;Henrietta;NY;United States;;;0
5070;187;Dwight;Righton;;1958-2-15;Rockville Centre;NY;United States;;;0
5071;187;HÈctor;Solano;;1977-12-22;Anchorage;AK;United States;;;0
5072;187;Thomas;Parkinson;;1982-8-26;Hackensack;NJ;United States;;;0
5073;187;Steven;Veitch;;1983-6-21;South Run;VA;United States;;;0
5074;187;John;Eaton;;1963-11-26;Reno;NV;United States;;;0
5075;187;Justin;Millet;;1964-6-19;Browns Mills;NJ;United States;;;0
5076;187;Phil;Mason;;1967-8-24;Des Plaines;IL;United States;;;0
5077;187;William;Hartman;;1972-3-20;Lake Forest;FL;United States;;;0
5078;187;Ernest;Tracy;;1970-3-30;Kearny;NJ;United States;;;0
5079;187;Wayne;Jobst;;1977-9-29;Moline;IL;United States;;;0
5080;188;Shane;McClendon;;1968-9-25;Baldwin;NY;United States;;;0
5081;188;David;Bowen;;1956-1-27;Los Angeles;CA;United States;;;0
5082;188;Robbie;Juola;;1963-8-1;Philadelphia;PA;United States;;;0
5083;188;Corey;Miller;;1959-12-22;Long Beach;CA;United States;;;0
5084;188;Culley;Mann;;1971-8-23;Magna;UT;United States;;;0
5085;188;Chris;Gregory;;1975-8-20;Chicago;IL;United States;;;0
5086;188;David;Colvin;;1968-3-31;Montclair;VA;United States;;;0
5087;188;Phil;Upham;;1956-3-25;Inkster;MI;United States;;;0
5088;188;Alan;Meier;;1957-10-1;Irving;TX;United States;;;0
5089;188;Tom;Nightingale;;1959-8-17;Los Angeles;CA;United States;;;0
5090;189;Glen;Lee;;1956-2-20;Spring Valley;CA;United States;;;0
5091;189;FÈlix;Velasquez;;1978-11-10;New Castle;IN;United States;;;0
5092;189;Billy;Allison;;1979-8-18;Bellevue;OH;United States;;;0
5093;189;Adrian;McArdle;;1983-12-27;Chula Vista;CA;United States;;;0
5094;189;Matt;Cameron;;1968-6-29;Hugo;MN;United States;;;0
5095;189;Robert;Hall;;1966-2-10;Mountain Park;GA;United States;;;0
5096;189;Jesse;Parker;;1981-6-20;Hobart;IN;United States;;;0
5097;189;Dave;McGinnis;;1975-7-24;North Las Vegas;NV;United States;;;0
5098;189;Jeff;Vaughn;;1977-12-16;Rio Rancho;NM;United States;;;0
5099;189;Dominic;Marshall;;1969-2-22;Portland;OR;United States;;;0
5100;190;Jim;McPhater;;1967-9-11;Wappinger;NY;United States;;;0
5101;190;Christian;Palin;;1982-6-8;Brooklyn;NY;United States;;;0
5102;190;Keith;Ash;;1969-2-8;Independence;OR;United States;;;0
5103;190;Joe;Strong;;1968-8-14;Omaha;NE;United States;;;0
5104;190;Chris;Gladnick;;1973-2-17;Anaheim;CA;United States;;;0
5105;190;Alexander;Stevens;;1966-10-5;Ewing Township;NJ;United States;;;0
5106;190;Paul;Dabkowski;;1965-1-12;Lodi;CA;United States;;;0
5107;190;Jordan;Ussery;;1958-11-28;Durham;NC;United States;;;0
5108;190;Larry;Pffeifer;;1964-2-23;Bayonne;NJ;United States;;;0
5109;190;Walt;Rhodes;;1955-2-28;Fultondale;AL;United States;;;0
5110;191;Pete;Gordon;;1967-8-26;Hicksville;NY;United States;;;0
5111;191;Kuruk;Somasundara;;1975-6-12;Bombay;MAH;India;;;0
5112;191;Quentin;Robinson;;1959-6-30;Brooklyn;NY;United States;;;0
5113;191;Jeff;Porter;;1982-6-12;Boise;ID;United States;;;0
5114;191;Richard;Randolph;;1973-6-18;San Angelo;TX;United States;;;0
5115;191;Luis;Moreno;;1965-4-19;Riverside;CA;United States;;;0
5116;191;Oliver;Mueller;;1965-9-21;Waterbury;CT;United States;;;0
5117;191;Jesse;Schmitt;;1980-10-11;Green Oak Township;MI;United States;;;0
5118;191;Larry;O'Casey;;1979-8-6;San Antonio;TX;United States;;;0
5119;191;Tom;Collier;;1965-4-29;Syracuse;NY;United States;;;0
5120;192;Emil;Sandgren;;1961-4-6;Chandler;AZ;United States;;;0
5121;192;Kevin;Estoclet;;1971-8-8;New Philadelphia;OH;United States;;;0
5122;192;Eric;Weston;;1962-2-13;Cliffside Park;NJ;United States;;;0
5123;192;Martin;Routh;;1970-6-22;Smithtown;NY;United States;;;0
5124;192;Ken;Shepard;;1955-8-31;Tonica;IL;United States;;;0
5125;192;Robert;Bowden;;1956-6-23;Arlington;VA;United States;;;0
5126;192;Kenny;Yates;;1960-3-14;Woodbury;MN;United States;;;0
5127;192;Derek;Porter;;1983-2-15;St. Petersburg;FL;United States;;;0
5128;192;Tanner;Mutton;;1976-10-27;Hardyston;NJ;United States;;;0
5129;192;Ben;Grimwood;;1962-5-27;Evansville;IN;United States;;;0
5130;193;Howard;Miller;;1979-3-21;Redding;CA;United States;;;0
5131;193;Robert;Diehl;;1968-9-28;Mayflower;AR;United States;;;0
5132;193;John;Morgan;;1974-4-16;Spring Hill;FL;United States;;;0
5133;193;Joe;Smith;;1969-12-19;Detroit;MI;United States;;;0
5134;193;John;Rearick;;1955-1-29;Moline;IL;United States;;;0
5135;193;Don;Bergheim;;1981-8-26;Baton Rouge;LA;United States;;;0
5136;193;Rick;Long;;1981-9-26;Columbia;MO;United States;;;0
5137;193;William;Ryder;;1958-12-17;Norwood;OH;United States;;;0
5138;193;Sam;Anketell;;1966-8-8;Springfield;OR;United States;;;0
5139;193;Doug;Plaice;;1975-8-4;Wyndham;VA;United States;;;0
5140;194;Jason;McKenzie;;1969-1-24;Fresno;CA;United States;;;0
5141;194;Erwin;McCay;;1969-6-11;Gastonia;NC;United States;;;0
5142;194;Joe;Chambers;;1980-4-4;Euclid;OH;United States;;;0
5143;194;Derrick;Cambell;;1971-7-31;Haskell;AR;United States;;;0
5144;194;Will;Wild;;1960-4-14;Lake in the Hills;IL;United States;;;0
5145;194;Bob;Harvey;;1973-6-13;El Paso;TX;United States;;;0
5146;194;Marcus;Stayner;;1956-8-12;Mobile;AL;United States;;;0
5147;194;William;McKay;;1965-5-17;Seminole;OK;United States;;;0
5148;194;Mark;Matthews;;1966-11-1;La Presa;CA;United States;;;0
5149;194;Wayne;Maggs;;1976-4-7;Overland Park;KS;United States;;;0
5150;195;Quinton;Paul;;1977-5-4;Branford;CT;United States;;;0
5151;195;Greg;Coleman;;1976-1-17;Houston;TX;United States;;;0
5152;195;Gary;Norman;;1957-3-19;Tully;NY;United States;;;0
5153;195;Ed;Skinner;;1960-7-13;Kissimmee;FL;United States;;;0
5154;195;Paul;Ballard;;1970-5-10;Little Egg Harbor Township;NJ;United States;;;0
5155;195;Bill;Werner;;1971-12-14;Los Angeles;CA;United States;;;0
5156;195;William;Garman;;1972-5-19;West Babylon;NY;United States;;;0
5157;195;Mike;Mann;;1955-9-11;Oak Forest;IL;United States;;;0
5158;195;Zach;Dumont;;1972-10-5;Newton;MA;United States;;;0
5159;195;Greg;MacIntosh;;1981-7-28;San Antonio;TX;United States;;;0
5160;196;Ryan;Mathis;;1979-3-8;Mathis;TX;United States;;;0
5161;196;Dave;Pollock;;1961-9-23;Spring Hill;FL;United States;;;0
5162;196;Keith;Curson;;1957-9-17;Perrysburg;OH;United States;;;0
5163;196;William;MacShannahan;;1968-8-20;Spring Valley;NV;United States;;;0
5164;196;Curt;Dovale;;1979-9-25;Adrian;MI;United States;;;0
5165;196;Austin;Galton;;1975-2-24;Helena;MT;United States;;;0
5166;196;Will;Quinn;;1982-4-16;Rosemead;CA;United States;;;0
5167;196;George;Linden;;1980-7-1;St. Louis;MO;United States;;;0
5168;196;Stan;Sims;;1955-11-2;Yucaipa;CA;United States;;;0
5169;196;Max;Lawrence;;1975-8-29;Sea Girt;NJ;United States;;;0
5170;197;Danny;Atkinson;;1967-11-28;Binghamton;NY;United States;;;0
5171;197;Rickey;Morrison;;1972-11-21;Roosevelt;NY;United States;;;0
5172;197;Christian;MacAndrew;;1962-6-3;Houston;TX;United States;;;0
5173;197;Dan;Allen;;1970-10-28;Washington;DC;United States;;;0
5174;197;Gary;Musser;;1970-7-7;Greensboro;NC;United States;;;0
5175;197;Josh;O'Rafferty;;1964-6-7;Springfield;IL;United States;;;0
5176;197;Stephen;Yeandle;;1982-3-19;Waimea (Kauai County);HI;United States;;;0
5177;197;Ron;Walters;;1971-4-26;Lubbock;TX;United States;;;0
5178;197;Barney;Frisbee;;1978-5-17;Utica;NY;United States;;;0
5179;197;Raymond;Moore;;1959-12-9;Livonia;MI;United States;;;0
5180;198;Jeff;Gogearty;;1982-6-13;Homeland Park;SC;United States;;;0
5181;198;Derrick;Reale;;1955-6-14;New York;NY;United States;;;0
5182;198;Tim;Warren;;1967-7-29;Golden Gate;FL;United States;;;0
5183;198;Roy;Trottier;;1975-9-15;Henderson;NV;United States;;;0
5184;198;Dave;Withey;;1978-11-15;Bristol;TN;United States;;;0
5185;198;Paul;Smith;;1961-10-5;Hallsville;TX;United States;;;0
5186;198;Rich;Carroll;;1970-1-31;Rock Springs;WY;United States;;;0
5187;198;Mike;Springer;;1980-11-15;Pine Bluff;AR;United States;;;0
5188;198;Mark;Isenhaur;;1960-10-26;Santa Rosa;CA;United States;;;0
5189;198;Bob;Bryant;;1984-6-16;Livonia;MI;United States;;;0
5190;199;Jeremiah;Burton;;1970-9-24;New York;NY;United States;;;0
5191;199;Cliff;Plummer;;1974-3-9;Mattydale;NY;United States;;;0
5192;199;Jimmy;Robertson;;1983-7-13;Davie;FL;United States;;;0
5193;199;Tyler;Walsh;;1964-1-30;Romoland;CA;United States;;;0
5194;199;Chris;Jobson;;1973-6-19;Brooklyn;NY;United States;;;0
5195;199;Tom;O'Lonegan;;1959-10-30;Chula Vista;CA;United States;;;0
5196;199;Judd;Hanna;;1982-10-10;Los Angeles;CA;United States;;;0
5197;199;Marvin;McIntyre;;1968-7-26;Brooklyn;NY;United States;;;0
5198;199;Todd;Rutledge;;1980-1-28;Randallstown;MD;United States;;;0
5199;199;Ryan;Wolstonecroft;;1983-1-5;Wichita Falls;TX;United States;;;0
5200;200;Tim;James;;1960-12-22;New York;NY;United States;;;0
5201;200;George;Hamilton;;1980-12-18;Maynardville;TN;United States;;;0
5202;200;Michael;Lowry;;1959-10-6;Atlanta;GA;United States;;;0
5203;200;Garrett;Roth;;1965-11-18;Fort Irwin;CA;United States;;;0
5204;200;Truman;Nye;;1969-10-5;Rolesville;NC;United States;;;0
5205;200;Norris;Phillips;;1955-4-20;South Blooming Grove;NY;United States;;;0
5206;200;Neal;Henderson;;1980-6-26;San Pablo;CA;United States;;;0
5207;200;Randy;Mobley;;1969-11-26;Pottsville;PA;United States;;;0
5208;200;Reese;Cantington;;1967-11-3;Powderville;SC;United States;;;0
5209;200;Jason;Redmon;;1965-4-2;Clearwater;FL;United States;;;0
5210;201;Scot;Berry;;1977-11-23;Boston;MA;United States;;;0
5211;201;Harlan;Bostrom;;1971-10-22;Los Lunas;NM;United States;;;0
5212;201;Greg;Warren;;1958-11-25;Pingree Grove;IL;United States;;;0
5213;201;Kenny;Park;;1965-3-11;Hutchinson;KS;United States;;;0
5214;201;Nate;Pallister;;1956-8-21;New York;NY;United States;;;0
5215;201;Marvin;O'Kech;;1973-2-13;Bensalem;PA;United States;;;0
5216;201;Craig;Stone;;1984-8-12;St. Cloud;MN;United States;;;0
5217;201;Ken;Taylor;;1979-10-10;College Park;MD;United States;;;0
5218;201;Howard;Fuch;;1972-11-18;Battle Ground;WA;United States;;;0
5219;201;Dusty;Anderson;;1963-1-24;St. George;UT;United States;;;0
5220;202;Bill;Artrip;;1970-1-16;Long Beach;CA;United States;;;0
5221;202;Phil;Greene;;1964-10-27;Cincinnati;OH;United States;;;0
5222;202;Artie;Maroon;;1963-1-28;Buffalo;NY;United States;;;0
5223;202;Derek;O'Flanery;;1974-11-22;Philadelphia;PA;United States;;;0
5224;202;Bryan;Hamilton;;1977-12-18;Gautier;MS;United States;;;0
5225;202;Adam;Foran;;1959-10-2;Kalamazoo;MI;United States;;;0
5226;202;Reynaldo;Salazar;;1963-2-18;Berkeley;CA;United States;;;0
5227;202;Jack;Harrison;;1963-8-27;Portland;OR;United States;;;0
5228;202;Eric;McAslan;;1962-10-8;Laurel Hill;FL;United States;;;0
5229;202;Mark;Stephenson;;1983-1-27;Watterson Park;KY;United States;;;0
5230;203;Mike;O'Slattery;;1970-2-9;River Ridge;FL;United States;;;0
5231;203;Joe;Glaze;;1958-2-3;Wynne;AR;United States;;;0
5232;203;Carl;Paulton;;1979-4-21;Rose Hill;VA;United States;;;0
5233;203;Marvin;Callahan;;1968-6-14;Hilltop;OH;United States;;;0
5234;203;Matt;Norman;;1959-2-15;Shoreline;WA;United States;;;0
5235;203;Justin;Guertler;;1971-3-24;Ramapo;NY;United States;;;0
5236;203;Tom;Ryan;;1971-10-14;Wai'anae;HI;United States;;;0
5237;203;Albert;Ritchie;;1982-10-25;Phoenix;AZ;United States;;;0
5238;203;Errol;Bethel;;1957-2-19;Galveston;TX;United States;;;0
5239;203;Kent;Shelton;;1983-3-1;Omaha;NE;United States;;;0
5240;204;Mike;Posey;;1957-11-26;Keyser;WV;United States;;;0
5241;204;David;McGeown;;1979-2-13;Weddington;NC;United States;;;0
5242;204;Jeff;McDaniell;;1958-2-25;American Fork;UT;United States;;;0
5243;204;Harry;Lucas;;1958-9-18;Jersey City;NJ;United States;;;0
5244;204;Hollis;Wireman;;1967-1-26;Greenfield;WI;United States;;;0
5245;204;Manuel;Warner;;1967-5-26;Hamilton;NJ;United States;;;0
5246;204;David;Amesbury;;1979-12-14;Freeport;NY;United States;;;0
5247;204;Billy;McClurkan;;1983-5-26;Denton;TX;United States;;;0
5248;204;Melvin;Holmes;;1966-11-4;Franklin;TN;United States;;;0
5249;204;Carlos;Tracy;;1969-3-2;Peoria;IL;United States;;;0
5250;205;Paul;O'Clery;;1974-8-8;Hackettstown;NJ;United States;;;0
5251;205;Joe;Dean;;1971-11-9;Raleigh;NC;United States;;;0
5252;205;Chris;Franks;;1979-9-18;Bridgeport;CT;United States;;;0
5253;205;J.J.;O'Nolan;;1980-6-25;Fort Wayne;IN;United States;;;0
5254;205;Drew;Wilson;;1961-3-19;El Paso;TX;United States;;;0
5255;205;Daniel;MacJames;;1964-1-18;Corpus Christi;TX;United States;;;0
5256;205;Mike;Covington;;1976-6-3;Paris;TX;United States;;;0
5257;205;Tyler;Galt;;1958-6-26;Scottsdale;AZ;United States;;;0
5258;205;Sam;Figgitt;;1975-3-20;Maplewood;MN;United States;;;0
5259;205;Mark;Stephens;;1958-10-28;Worcester;MA;United States;;;0
5260;206;Edwin;MacMunn;;1963-4-24;Wichita;KS;United States;;;0
5261;206;Colm;Wilhelm;;1958-10-5;Altona;NY;United States;;;0
5262;206;Bill;Hancock;;1983-5-17;Crossville;TN;United States;;;0
5263;206;Jason;Zachary;;1974-11-18;Southaven;MS;United States;;;0
5264;206;Michael;Lingerfelt;;1982-3-28;Lawrence Township;NJ;United States;;;0
5265;206;Kenneth;Mize;;1961-5-15;Round Lake Heights;IL;United States;;;0
5266;206;Todd;Bowmer;;1964-2-18;Falmouth;MA;United States;;;0
5267;206;Ron;Lear;;1968-12-2;St. Marys;PA;United States;;;0
5268;206;Jamie;Watson;;1982-2-6;New York;NY;United States;;;0
5269;206;Rich;Gray;;1974-6-27;Los Angeles;CA;United States;;;0
5270;207;Pat;Vinson;;1958-5-11;Glade Spring;VA;United States;;;0
5271;207;Stan;Rowland;;1984-12-27;Brooklyn;NY;United States;;;0
5272;207;Jorge;Chavarria;;1960-10-12;North Fair Oaks;CA;United States;;;0
5273;207;Arthur;Carothers;;1968-6-2;Bowling Green;OH;United States;;;0
5274;207;Jon;Nichols;;1961-2-7;San Jose;CA;United States;;;0
5275;207;Brian;Fenkell;;1982-11-26;Macon;GA;United States;;;0
5276;207;Donald;McKellaigh;;1972-2-3;Cherry Hill;NJ;United States;;;0
5277;207;Adam;Griffith;;1966-11-10;Salem;OR;United States;;;0
5278;207;Ed;O'Mulvany;;1968-12-17;Urbana;IL;United States;;;0
5279;207;J˙lio;Castillo;;1979-5-22;Sacramento;CA;United States;;;0
5280;208;Keith;O'Mulvaney;;1983-6-18;Cypress Lake;FL;United States;;;0
5281;208;Dylan;Curtis;;1981-9-27;Elkhart;IN;United States;;;0
5282;208;George;Swensen;;1962-10-14;Warroad;MN;United States;;;0
5283;208;Tom;Polley;;1982-11-28;Oxford;MA;United States;;;0
5284;208;Mark;Lennox;;1961-5-25;Loveland;CO;United States;;;0
5285;208;Paul;Lethbridge;;1968-6-22;Garden City;KS;United States;;;0
5286;208;Reggie;Regan;;1973-8-30;Broadview;IL;United States;;;0
5287;208;Roosevelt;Sanford;;1974-11-6;Jacksonville;FL;United States;;;0
5288;208;Don;Potter;;1982-9-4;Baltimore;MD;United States;;;0
5289;208;Tony;Hafey;;1956-5-29;San Jose;CA;United States;;;0
5290;209;Edward;McKee;;1962-10-30;Honolulu;HI;United States;;;0
5291;209;Billy;von Wenckstern;;1957-5-20;Beverly;MA;United States;;;0
5292;209;Ra˙l;Cabargas;;1978-2-21;Strawberry;CA;United States;;;0
5293;209;Bill;Sunday;;1973-9-21;Newington;CT;United States;;;0
5294;209;Jerry;Cornewall;;1957-2-7;Harvey;IL;United States;;;0
5295;209;Darren;Sellers;;1970-12-28;Mount Hope;NY;United States;;;0
5296;209;Anthony;MacAndrew;;1955-3-7;Tampa;FL;United States;;;0
5297;209;Gani;Leyritana;;1966-4-5;Superior;AZ;United States;;;0
5298;209;Henry;Bogen;;1980-1-24;Roosevelt;NY;United States;;;0
5299;209;Franklin;Lumley;;1958-8-25;Flanders;NJ;United States;;;0
5300;210;Chris;Avery;;1975-11-1;Chicago;IL;United States;;;0
5301;210;Bob;Oates;;1959-10-23;Richfield;MN;United States;;;0
5302;210;Harry;Berkley;;1963-8-1;Lemmon Valley-Golden Valley;NV;United States;;;0
5303;210;Jasper;Hayes;;1977-4-30;Teaneck;NJ;United States;;;0
5304;210;Troy;Fox;;1968-2-1;Ellicott City;MD;United States;;;0
5305;210;Tom;Reuter;;1981-9-22;Fabens;TX;United States;;;0
5306;210;Keith;Holtom;;1979-1-30;Seaford;NY;United States;;;0
5307;210;Dwight;Maxwell;;1965-2-6;Shreveport;LA;United States;;;0
5308;210;Mike;Boughey;;1960-6-23;Redondo Beach;CA;United States;;;0
5309;210;Michael;Hallyard;;1981-6-16;Putnam Valley;NY;United States;;;0
5310;211;Kris;Balsdon;;1973-9-2;Houston;TX;United States;;;0
5311;211;Dan;Walby;;1960-12-11;Norwalk;CA;United States;;;0
5312;211;Bob;Mueller;;1974-7-11;Keyes;CA;United States;;;0
5313;211;Robert;Budgeford;;1982-10-12;Dale City;VA;United States;;;0
5314;211;Reginald;Turberville;;1962-1-30;Evesham Township;NJ;United States;;;0
5315;211;Riley;Buckley;;1973-5-19;Denison;TX;United States;;;0
5316;211;Norman;Purcell;;1984-12-1;Coconut Creek;FL;United States;;;0
5317;211;Dan;Rabon;;1969-6-13;Cottonwood West;UT;United States;;;0
5318;211;Justin;Wood;;1974-7-18;Bonner-West Riverside;MT;United States;;;0
5319;211;Pat;Quinn;;1969-3-12;Riverside;CA;United States;;;0
5320;212;Eddie;German;;1970-8-19;Elmhurst;IL;United States;;;0
5321;212;Paul;Fisher;;1982-6-28;Buena Park;CA;United States;;;0
5322;212;Mike;Rogers;;1961-9-7;Lafayette;IN;United States;;;0
5323;212;Shawn;Gingerich;;1983-8-20;Claremont;NH;United States;;;0
5324;212;John;Holsten;;1979-11-25;Lake Butler (Orange County);FL;United States;;;0
5325;212;Ray;Ruddock;;1966-1-12;Rensselaer Falls;NY;United States;;;0
5326;212;Mark;Christiansen;;1970-5-5;Greensboro;NC;United States;;;0
5327;212;Jeff;Kelly;;1958-8-2;Valley Park;MO;United States;;;0
5328;212;Bill;Appleby;;1971-1-13;Napa;CA;United States;;;0
5329;212;Reggie;Brigham;;1955-10-29;Erwin;NY;United States;;;0
5330;213;Dave;Hiter;;1979-2-26;Benton Harbor;MI;United States;;;0
5331;213;Gary;Phillips;;1961-6-26;Vallejo;CA;United States;;;0
5332;213;Guillermo;Martinez;;1976-2-15;Cusseta;AL;United States;;;0
5333;213;Corey;Boyd;;1959-6-27;San Francisco;CA;United States;;;0
5334;213;Ash;Parrish;;1980-1-6;Los Angeles;CA;United States;;;0
5335;213;Mike;Nix;;1971-9-6;Essex;MD;United States;;;0
5336;213;Keith;Warren;;1976-4-18;Tower City;PA;United States;;;0
5337;213;Mike;Palmer;;1971-6-9;Indianapolis;IN;United States;;;0
5338;213;Peter;Sayer;;1962-12-26;Bossier City;LA;United States;;;0
5339;213;Vicente;Ortega;;1966-9-20;Evansville;IN;United States;;;0
5340;214;Dave;O'Dolan;;1981-10-16;Huntsville;AR;United States;;;0
5341;214;Devin;Grainger;;1979-2-11;Bogota;NJ;United States;;;0
5342;214;Philippe;Therrien;;1963-11-26;Montreal;QC;Canada;;;0
5343;214;Kevin;Stephens;;1978-5-26;Coral Springs;FL;United States;;;0
5344;214;Even;Evensen;;1977-5-20;Phoenix;AZ;United States;;;0
5345;214;Tony;Wallace;;1961-1-27;Virginia Beach;VA;United States;;;0
5346;214;Chris;MacPhedron;;1963-4-29;Bell Gardens;CA;United States;;;0
5347;214;Shane;von Vormann;;1982-12-16;Chicago;IL;United States;;;0
5348;214;Bill;Ikeyama;;1972-10-9;Hoquiam;WA;United States;;;0
5349;214;Arnold;Curran;;1984-2-25;Jacksonville;IL;United States;;;0
5350;215;Rick;Foss;;1967-10-27;Torrance;CA;United States;;;0
5351;215;Martin;Goulet;;1966-11-5;Everett;MA;United States;;;0
5352;215;Roger;Cooper;;1957-4-3;New Burlington;OH;United States;;;0
5353;215;Erik;Richardson;;1959-9-23;Fort Worth;TX;United States;;;0
5354;215;J˙lio;Vazquez;;1963-8-5;El Monte;CA;United States;;;0
5355;215;Gordon;Stansbury;;1982-7-30;West Springfield;VA;United States;;;0
5356;215;Cedric;Ropley;;1980-4-22;South Fulton;TN;United States;;;0
5357;215;Kyle;Aylwin;;1962-11-11;Overland Park;KS;United States;;;0
5358;215;Chris;Ladd;;1981-2-14;Baytown;TX;United States;;;0
5359;215;George;Kennedy;;1981-9-28;Plano;TX;United States;;;0
5360;216;Ken;Townsend;;1977-9-8;Clifton;NJ;United States;;;0
5361;216;Dusty;McCool;;1981-7-19;Mayville;WI;United States;;;0
5362;216;Bill;Sleeper;;1972-5-25;Gillette;WY;United States;;;0
5363;216;Randolph;Goodwin;;1980-3-16;Haddam;CT;United States;;;0
5364;216;Ralph;Misuraca;;1973-2-24;Vista;CA;United States;;;0
5365;216;Ben;Wilkinson;;1971-5-28;Washington;UT;United States;;;0
5366;216;Josh;Tanner;;1972-8-17;Fort Drum;NY;United States;;;0
5367;216;Dennis;Downing;;1955-1-2;Philadelphia;PA;United States;;;0
5368;216;Mike;Olson;;1963-6-30;Glendale;CA;United States;;;0
5369;216;Jason;Wills;;1960-7-31;Richmond;CA;United States;;;0
5370;217;Sean;O'Coyle;;1979-1-24;Odessa;TX;United States;;;0
5371;217;Joel;Burke;;1967-8-21;Minisink;NY;United States;;;0
5372;217;Tony;MacKnight;;1961-1-6;Los Angeles;CA;United States;;;0
5373;217;Ron;Tittmuss;;1961-1-3;Cape Girardeau;MO;United States;;;0
5374;217;Craig;Shelton;;1976-10-6;Rockford;IL;United States;;;0
5375;217;Herb;Shibrowski;;1976-12-9;Long Beach;CA;United States;;;0
5376;217;Brian;Lamb;;1983-1-16;St. Louis;MO;United States;;;0
5377;217;Sam;Seeley;;1961-3-2;Lincoln;CA;United States;;;0
5378;217;Thomas;McComish;;1976-3-5;Edgewood;MD;United States;;;0
5379;217;David;Blake;;1971-8-20;Forest;MS;United States;;;0
5380;218;Mike;Martin;;1958-3-27;Bucyrus;OH;United States;;;0
5381;218;Charlie;Woods;;1970-5-13;Toppenish;WA;United States;;;0
5382;218;Ronald;Reese;;1967-6-24;Washington;DC;United States;;;0
5383;218;Rick;Hignell;;1970-8-11;New York;NY;United States;;;0
5384;218;Sid;Sykes;;1956-5-7;Butte;MT;United States;;;0
5385;218;Dave;Walter;;1980-1-15;Boston;NY;United States;;;0
5386;218;Troy;Lowe;;1973-9-29;Baltimore;MD;United States;;;0
5387;218;Justin;Cradock;;1983-2-15;North Hempstead;NY;United States;;;0
5388;218;Anthony;Rouse;;1961-8-16;West Chester;OH;United States;;;0
5389;218;Ben;West;;1973-11-19;Hollywood;FL;United States;;;0
5390;219;William;Woody;;1979-3-13;Portland;ME;United States;;;0
5391;219;Kyle;Jacobson;;1975-6-26;Quincy;IL;United States;;;0
5392;219;Jim;Clark;;1979-6-28;Phoenix;AZ;United States;;;0
5393;219;Mike;Flannery;;1963-12-15;Pittsburgh;PA;United States;;;0
5394;219;Nick;Bickel;;1977-11-29;Davie;FL;United States;;;0
5395;219;Lou;Eldred;;1955-1-8;Grand Rapids;MI;United States;;;0
5396;219;Jim;Percival;;1958-8-15;West Seneca;NY;United States;;;0
5397;219;Howard;Mickelson;;1983-3-5;Shively;KY;United States;;;0
5398;219;Emmett;Bentley;;1967-9-1;Albuquerque;NM;United States;;;0
5399;219;Max;Henry;;1978-9-1;Shawnee;OK;United States;;;0
5400;220;Chuck;Selby;;1978-5-5;Roselle;IL;United States;;;0
5401;220;Holden;Markowitz;;1964-7-4;Crayne;KY;United States;;;0
5402;220;Kevin;Feeley;;1976-12-3;Chicago;IL;United States;;;0
5403;220;Nick;Sanders;;1962-8-15;Flint;MI;United States;;;0
5404;220;Dave;Nichols;;1978-7-16;El Paso;TX;United States;;;0
5405;220;Leland;Slattengren;;1971-7-20;Denham Springs;LA;United States;;;0
5406;220;Rob;Noble;;1974-12-19;Spokane;WA;United States;;;0
5407;220;Denis;York;;1977-6-21;North Attleborough Center;MA;United States;;;0
5408;220;Kris;Poulin;;1958-5-30;Fargo;ND;United States;;;0
5409;220;Mike;Bryant;;1975-3-8;Naugatuck;CT;United States;;;0
5410;221;Richard;Norris;;1956-12-22;Rancho Palos Verdes;CA;United States;;;0
5411;221;Guy;Solly;;1972-10-12;Lakewood;CA;United States;;;0
5412;221;Marv;Irvin;;1969-6-19;West Covina;CA;United States;;;0
5413;221;Davey;Palm;;1972-12-5;Chandler;AZ;United States;;;0
5414;221;Brian;Andrews;;1971-3-24;Chesapeake;VA;United States;;;0
5415;221;Jeffrey;Morris;;1959-8-19;West Freehold;NJ;United States;;;0
5416;221;Paul;Lambert;;1977-12-29;Los Angeles;CA;United States;;;0
5417;221;Andy;Crawford;;1957-2-19;New York;NY;United States;;;0
5418;221;Silas;MacKinven;;1969-1-11;Coconut Creek;FL;United States;;;0
5419;221;Chris;Jenkins;;1962-1-6;Lexington;KY;United States;;;0
5420;222;Jimmy;Shafer;;1976-11-1;Paradise;NV;United States;;;0
5421;222;Nick;Wolfe;;1960-7-14;Chicago;IL;United States;;;0
5422;222;Ray;Quailer;;1969-5-29;Knoxville;TN;United States;;;0
5423;222;Tom;Spargo;;1980-3-21;Farmingville;NY;United States;;;0
5424;222;Martin;McNabb;;1967-3-14;Marshfield;MA;United States;;;0
5425;222;Derek;Lambert;;1977-6-4;Florence-Graham;CA;United States;;;0
5426;222;John;Long;;1973-7-27;Sylvania;OH;United States;;;0
5427;222;Sergio;Garcia;;1980-12-16;Morgan Hill;CA;United States;;;0
5428;222;Tony;O'Malone;;1963-7-28;Cascade-Fairwood;WA;United States;;;0
5429;222;Cipriano;Morales;;1958-9-21;Murfreesboro;TN;United States;;;0
5430;223;David;Healy;;1974-12-17;New Bedford;MA;United States;;;0
5431;223;Michael;O'Keefe;;1978-5-30;Franklin Park;IL;United States;;;0
5432;223;Bob;Ruddock;;1956-10-1;Dayton;KY;United States;;;0
5433;223;Dewey;Parise;;1959-4-11;Arlington;TX;United States;;;0
5434;223;Leo;O'Rorke;;1983-6-16;Tahoka;TX;United States;;;0
5435;223;Ed;MacPherson;;1974-10-8;San Antonio;TX;United States;;;0
5436;223;Jake;Coulthard;;1958-12-8;Urbandale;IA;United States;;;0
5437;223;Jeff;Freese;;1981-11-2;Modesto;CA;United States;;;0
5438;223;Mike;Crocombe;;1962-2-11;Del Norte;CO;United States;;;0
5439;223;Gabriel;Rich;;1957-2-28;Livermore;CA;United States;;;0
5440;224;Richard;Walsh;;1979-9-27;Waterford Township;MI;United States;;;0
5441;224;Ron;Thompson;;1957-3-16;Colorado Springs;CO;United States;;;0
5442;224;Justin;Long;;1972-8-14;Las Vegas;NV;United States;;;0
5443;224;Nelson;Shields;;1958-6-4;Goodings Grove;IL;United States;;;0
5444;224;John;Holsinger;;1982-2-28;Brooklyn;NY;United States;;;0
5445;224;Kenny;Benjamin;;1956-4-6;Warren;MI;United States;;;0
5446;224;Russ;Haas;;1957-9-26;Livonia;MI;United States;;;0
5447;224;Corey;Matthams;;1969-12-22;Quinby;SC;United States;;;0
5448;224;Pat;Seymour;;1968-7-12;Hammond;IN;United States;;;0
5449;224;Bill;Haig;;1963-10-20;Miami;FL;United States;;;0
5450;225;Pete;McDermott;;1978-2-15;Amarillo;TX;United States;;;0
5451;225;John;Cox;;1962-9-26;Darien;CT;United States;;;0
5452;225;Ron;Reeves;;1964-8-26;Edwards;IL;United States;;;0
5453;225;Noel;Norris;;1982-5-18;Arbutus;MD;United States;;;0
5454;225;Jeffrey;Nader;;1973-1-18;Sunrise;FL;United States;;;0
5455;225;Roy;Knott;;1961-12-25;Redondo Beach;CA;United States;;;0
5456;225;Tommy;Wade;;1956-3-13;Chapman;KS;United States;;;0
5457;225;Greg;Blake;;1968-1-7;Elk Grove Village;IL;United States;;;0
5458;225;Dirk;Malone;;1958-10-27;Pittsburgh;PA;United States;;;0
5459;225;Noel;Tatum;;1980-7-1;Wooster;OH;United States;;;0
5460;226;Dan;Rogers;;1980-4-19;Salida;CO;United States;;;0
5461;226;Mark;Archibald;;1971-3-24;Hoboken;NJ;United States;;;0
5462;226;Brian;Townsley;;1959-3-1;Alafaya;FL;United States;;;0
5463;226;Jonathan;Conover;;1981-5-16;Janesville;WI;United States;;;0
5464;226;Howard;Lindsay;;1961-6-18;Trumbull;CT;United States;;;0
5465;226;Flynn;Buehler;;1973-2-17;Paterson;NJ;United States;;;0
5466;226;Malcolm;Lowe;;1967-3-22;Ocean City;FL;United States;;;0
5467;226;Josh;Baugher;;1957-2-11;Lincoln;OH;United States;;;0
5468;226;Phil;Murray;;1955-11-13;St. Charles;MD;United States;;;0
5469;226;Adam;Higgins;;1961-8-21;Hoffman Estates;IL;United States;;;0
5470;227;Samuel;Pierce;;1981-11-8;Oolitic;IN;United States;;;0
5471;227;Pedro;Espinoza;;1978-9-22;Belleview;FL;United States;;;0
5472;227;Kevin;Rathbone;;1971-9-25;Midland;TX;United States;;;0
5473;227;James;O'Brien;;1973-6-3;Cherry Hill Mall;NJ;United States;;;0
5474;227;Jim;Shirley;;1969-10-1;Dallas;TX;United States;;;0
5475;227;Tom;McMutrie;;1957-8-29;Jacksonville;FL;United States;;;0
5476;227;Ronnie;Nelson;;1956-4-14;Temple;TX;United States;;;0
5477;227;Jimmy;Reynolds;;1958-7-12;Aurora;CO;United States;;;0
5478;227;Jed;Sherwood;;1960-12-17;Houston;TX;United States;;;0
5479;227;Jeff;Wheeler;;1964-9-14;Little Ferry;NJ;United States;;;0
5480;228;Bob;Hicks;;1966-4-1;Sanford;ME;United States;;;0
5481;228;Jack;Head;;1973-2-3;Atmautluak;AK;United States;;;0
5482;228;Paul;Locke;;1961-9-22;Davis Junction;IL;United States;;;0
5483;228;Justin;Stevens;;1970-6-10;Martinsburg;WV;United States;;;0
5484;228;Mike;Parrone;;1957-6-11;Bloomington;IN;United States;;;0
5485;228;Walt;Shipway;;1959-6-10;Moorhead;MN;United States;;;0
5486;228;Mason;Neely;;1975-8-29;Milwaukee;WI;United States;;;0
5487;228;Steve;Childe;;1956-5-28;Brooklyn;NY;United States;;;0
5488;228;Heath;Cantilon;;1971-3-15;Point Pleasant;NJ;United States;;;0
5489;228;Jack;Fremantle;;1966-2-11;Boca Raton;FL;United States;;;0
5490;229;James;Gore;;1965-11-20;Flagstaff;AZ;United States;;;0
5491;229;Bob;MacCraw;;1960-2-6;Bonanza;GA;United States;;;0
5492;229;Bill;O'Reilly;;1982-2-28;Security-Widefield;CO;United States;;;0
5493;229;Hampus;Gustavsson;;1975-7-2;Cape Elizabeth;ME;United States;;;0
5494;229;Tom;Chase;;1959-8-24;Pueblo;CO;United States;;;0
5495;229;JosÈ;GÛmez;;1967-5-16;Cuyahoga Falls;OH;United States;;;0
5496;229;Eric;Watts;;1982-8-28;Baywood-Los Osos;CA;United States;;;0
5497;229;Mark;Marchand;;1974-11-5;Northbrook;IL;United States;;;0
5498;229;Fred;O'Day;;1959-4-1;Waterville;NY;United States;;;0
5499;229;Mike;Curtis;;1961-9-27;Fairfield;CT;United States;;;0
5500;230;Micah;Feather;;1962-6-7;Houston;TX;United States;;;0
5501;230;Austin;Canham;;1977-7-6;Chico;CA;United States;;;0
5502;230;James;Jansen;;1983-7-9;Hillside;NJ;United States;;;0
5503;230;Dan;Lyons;;1961-3-23;Aurora;IL;United States;;;0
5504;230;Robert;Hookway;;1956-5-17;Homewood;AL;United States;;;0
5505;230;Dan;Gayre;;1975-4-23;New Brighton;MN;United States;;;0
5506;230;Thomas;Cooper;;1982-6-29;Richmond;VA;United States;;;0
5507;230;Peter;Gust;;1966-9-1;Plymouth;MA;United States;;;0
5508;230;Jeff;Jameson;;1981-11-6;Columbus;GA;United States;;;0
5509;230;Albert;O'Toole;;1981-5-23;Fulton;MO;United States;;;0
5510;-1;Matt;O'Hagarty;;1963-4-10;Pampa;TX;United States;;;0
5511;-1;Clint;Wilkerson;;1979-6-14;Wooster;OH;United States;;;0
5512;-1;Todd;Briggs;;1976-7-21;Mobile;AL;United States;;;0
5513;-1;Arnold;Bater;;1964-8-23;Baton Rouge;LA;United States;;;0
5514;-1;Jared;Brunt;;1958-9-27;Evergreen;CO;United States;;;0
5515;-1;Pat;Lacy;;1973-1-20;Westerville;OH;United States;;;0
5516;-1;Paul;Lucas;;1965-10-4;Redland;MD;United States;;;0
5517;-1;Dave;Westbrook;;1957-3-23;Troy;OH;United States;;;0
5518;-1;Yohachi;Fukuda;;1968-2-27;Mishima;SHI;Japan;;;0
5519;-1;Harry;Wild;;1973-10-19;Kulmbach;BAV;Germany;;;0
5520;-1;Ben;Henke;;1962-7-16;Torgau;SAX;Germany;;;0
5521;-1;Dave;Blair;;1979-8-21;Trenton;NJ;United States;;;0
5522;-1;Ty;Fleming;;1960-10-6;San Francisco;CA;United States;;;0
5523;-1;Kanakarasa;Ramamurthy;;1956-5-21;Ahmadabad;GUJ;India;;;0
5524;-1;Andrey;Kavalenka;;1971-7-20;Borovukha;VIT;Belarus;;;0
5525;-1;Miguel;DeleÛn;;1981-4-27;Novato;CA;United States;;;0
5526;-1;Tom;MacAchounich;;1970-11-1;Apple Valley;MN;United States;;;0
5527;-1;Thom;Apple;;1981-4-11;Americus;GA;United States;;;0
5528;-1;Jim;Ball;;1961-7-15;Sioux Falls;SD;United States;;;0
5529;-1;Mike;Ellison;;1971-12-18;La Verne;CA;United States;;;0
5530;-1;Dan;Froome;;1955-2-22;Rochester Hills;MI;United States;;;1
5531;-1;Cecil;Cain;;1958-11-24;Edwards AFB;CA;United States;;;0
5532;-1;Danny;Stroupe;;1978-5-5;Philadelphia;PA;United States;;;0
5533;-1;Dillon;Abbott;;1979-7-26;Cherry Hill;NJ;United States;;;0
5534;-1;Conan;Cooper;;1982-12-30;Sterling Heights;MI;United States;;;0
5535;-1;Nick;MacIlvain;;1965-5-16;Oakland;CA;United States;;;0
5536;-1;Will;Charlebois;;1966-6-1;Concord;NH;United States;;;0
5537;-1;Paul;Grafton;;1955-4-22;Minneapolis;MN;United States;;;1
5538;-1;Ben;Brenner;;1957-11-11;Ashdod;HAD;Israel;;;0
5539;-1;Eugene;Heflin;;1982-5-29;Las Vegas;NV;United States;;;0
5540;-1;Kip;Morris;;1959-1-23;Lewisburg;MS;United States;;;0
5541;-1;Jeff;Stokes;;1956-1-19;Phoenix;AZ;United States;;;0
5542;-1;Albert;Sullivan;;1981-4-3;Lake Ridge;VA;United States;;;0
5543;-1;Bill;Peasnall;;1955-6-14;Kansas City;MO;United States;;;1
5544;-1;Rich;Hodge;;1963-7-31;East Foothills;CA;United States;;;0
5545;-1;Ariel;Abuhatzira;;1972-4-29;Birmingham;AL;United States;;;0
5546;-1;Stanley;MacKinsar;;1978-10-27;Oak Lawn;IL;United States;;;0
5547;-1;Dave;Merrick;;1956-2-28;Los Angeles;CA;United States;;;0
5548;-1;Lance;McDonald;;1956-8-18;Rancho Mirage;CA;United States;;;0
5549;-1;Brendon;Walker;;1968-10-10;Rochester;MI;United States;;;0
5550;-1;Brandon;Holbrook;;1975-7-11;New London;CT;United States;;;0
5551;-1;Maurice;Evan;;1974-8-26;Williamsville;NY;United States;;;0
5552;-1;Alex;Roth;;1964-9-2;Creve Coeur;MO;United States;;;0
5553;-1;Andrey;Shilin;;1969-2-7;Voronezh;VOR;Russia;;;0
5554;-1;Ron;Hester;;1970-10-30;Naperville;IL;United States;;;0
5555;-1;Gim;Ji-hun;;1958-12-3;Gunsan;JEO;South Korea;;;0
5556;-1;Ikemoto;Saiki;;1977-1-1;Soka;SAI;Japan;;;0
5557;-1;Dave;MacCunn;;1982-8-21;Irwindale;CA;United States;;;0
5558;-1;Aaron;McLarnon;;1974-3-20;Orange;CA;United States;;;0
5559;-1;Ernest;Ryder;;1973-6-16;Melody Hill;IN;United States;;;0
5560;-1;Alfonso;Garcia;;1965-11-19;Las Palmas;LAS;Spain;;;0
5561;-1;Steve;Harvey;;1983-9-20;Farmingdale;NY;United States;;;0
5562;-1;Patrick;Jacobson;;1958-5-26;Red Lion;PA;United States;;;0
5563;-1;Andy;Wright;;1969-3-18;Smithville;MO;United States;;;0
5564;-1;Joe;McClendon;;1983-6-10;Townsend;MA;United States;;;0
5565;-1;Larry;Dougherty;;1959-5-25;Santee;CA;United States;;;0
5566;-1;Millard;Fallon;;1984-7-12;Harrah;OK;United States;;;0
5567;-1;Jaime;LeÛn;;1963-11-30;New York;NY;United States;;;0
5568;-1;Ed;Pickett;;1955-12-25;Oceanside;CA;United States;;;0
5569;-1;Ray;O'Dowde;;1956-4-8;Pemberton Township;NJ;United States;;;0
5570;-1;August;Winkler;;1965-11-9;Munich;BAV;Germany;;;0
5571;-1;Hayden;Dickson;;1982-3-18;Orem;UT;United States;;;0
5572;-1;Nicholas;Wells;;1976-7-16;Tucson;AZ;United States;;;0
5573;-1;Theodore;Quinn;;1958-2-4;England;AR;United States;;;0
5574;-1;Tony;Ketchum;;1975-2-10;New York;NY;United States;;;0
5575;-1;Bryan;Combs;;1970-1-19;Los Banos;CA;United States;;;0
5576;-1;Jared;Bould;;1963-5-26;Nashville;TN;United States;;;0
5577;-1;Steven;Woods;;1980-2-22;Woodfield;SC;United States;;;0
5578;-1;Thomas;Stephenson;;1975-12-4;El Paso;TX;United States;;;0
5579;-1;Patrick;Killian;;1959-10-27;Alabaster;AL;United States;;;0
5580;-1;Dave;Barker;;1965-4-14;Plymouth;MN;United States;;;0
5581;-1;Dan;Green;;1981-6-28;Phoenix;AZ;United States;;;0
5582;-1;Bill;Hildreth;;1963-3-31;Ames;IA;United States;;;0
5583;-1;Igme;Losorata;;1982-10-13;LaPlace;LA;United States;;;0
5584;-1;Travis;Hooley;;1957-2-5;Rochelle;GA;United States;;;0
5585;-1;Brad;Barke;;1957-5-19;Bellwood;IL;United States;;;0
5586;-1;Tim;Hudson;;1968-3-9;Pleasant Hill;OR;United States;;;0
5587;-1;Stephen;McClung;;1984-11-12;Bay;AR;United States;;;0
5588;-1;Rick;Oliver;;1979-5-1;Springfield Township;MI;United States;;;0
5589;-1;Tom;Booth;;1962-10-18;Englewood;CO;United States;;;0
5590;-1;Jonathon;Kollar;;1960-12-28;Crockett;CA;United States;;;0
5591;-1;Randy;Cooper;;1969-11-13;Chino Hills;CA;United States;;;0
5592;-1;Lucas;Elwood;;1978-4-27;Washington;OH;United States;;;0
5593;-1;Oliver;Sullivan;;1966-3-8;Hoffman Estates;IL;United States;;;0
5594;-1;Adam;Webb;;1956-5-8;Leadington;MO;United States;;;0
5595;-1;Chester;Connors;;1972-7-28;Danville;NH;United States;;;0
5596;-1;Jon;Gauntlett;;1966-9-6;Sun City;AZ;United States;;;0
5597;-1;Roosevelt;Heron;;1968-11-19;Santa Rosa;CA;United States;;;0
5598;-1;Richard;Goff;;1964-9-6;Fort Worth;TX;United States;;;0
5599;-1;Mike;Park;;1981-6-15;Rose Bud;AR;United States;;;0
5600;-1;Konstantin;Yefimov;;1955-3-21;Syktyvkar;KOM;Russia;;;1
5601;-1;Dan;Sullivan;;1974-10-27;La Palma;CA;United States;;;0
5602;-1;Brad;May;;1956-3-7;White Plains;NY;United States;;;0
5603;-1;Marvin;O'Fay;;1959-4-2;Corinth;MS;United States;;;0
5604;-1;Pancho;Garza;;1981-3-23;Santa Monica;CA;United States;;;0
5605;-1;Josh;Lester;;1960-2-12;Boerne;TX;United States;;;0
5606;-1;Allen;Nolan;;1964-5-12;Rockford;IL;United States;;;0
5607;-1;Tony;Cook;;1984-7-9;Richardson;TX;United States;;;0
5608;-1;George;Joyner;;1976-12-23;Lake Tansi;TN;United States;;;0
5609;-1;Cliff;Cummings;;1964-1-12;Haverhill;MA;United States;;;0
5610;-1;Stu;Ladd;;1964-12-3;Howell;NJ;United States;;;0
5611;-1;Jerry;Walter;;1961-5-10;Dutch Island;GA;United States;;;0
5612;-1;John;Gribbin;;1984-4-8;Fairfax;CA;United States;;;0
5613;-1;Roland;Carver;;1965-5-15;Thompsonville;CT;United States;;;0
5614;-1;Ken;Westcott;;1982-6-15;Perinton;NY;United States;;;0
5615;-1;Garrett;Clark;;1965-10-22;Chicago;IL;United States;;;0
5616;-1;Andrey;Mirsayev;;1961-8-16;Izhevsk;UDM;Russia;;;0
5617;-1;Mac;Whitaker;;1970-5-13;Ruston;LA;United States;;;0
5618;-1;Jeff;Jay;;1963-8-5;Denver;CO;United States;;;0
5619;-1;Dave;Suellentrop;;1964-9-20;Augusta;GA;United States;;;0
5620;-1;Dave;Murry;;1978-12-14;North Sarasota;FL;United States;;;0
5621;-1;Kyle;O'Bryan;;1970-7-29;Bonsall;CA;United States;;;0
5622;-1;Adam;Kirkland;;1979-1-2;Pemberton Township;NJ;United States;;;0
5623;-1;Dennis;Tatsuno;;1984-9-14;Nolanville;TX;United States;;;0
5624;-1;Josh;Kerridge;;1980-1-19;Lakeland North;WA;United States;;;0
5625;-1;Joe;Dickerson;;1960-7-29;Elma;NY;United States;;;0
5626;-1;Melvin;Lane;;1983-11-28;Alhambra;CA;United States;;;0
5627;-1;Ron;Watson;;1965-7-21;Paris;TN;United States;;;0
5628;-1;Caleb;Ruble;;1955-3-28;Eagle Mountain;UT;United States;;;1
5629;-1;Joe;Rollins;;1972-6-13;Eureka;MO;United States;;;0
5630;-1;Justin;Newcomer;;1970-1-3;North Las Vegas;NV;United States;;;0
5631;-1;Gene;Brewer;;1960-6-8;Austin;TX;United States;;;0
5632;-1;Paul;Draper;;1960-3-24;Nashville;TN;United States;;;0
5633;-1;Matt;Todd;;1955-12-10;Eastlake;OH;United States;;;0
5634;-1;Eric;Binney;;1981-8-25;Waller;WA;United States;;;0
5635;-1;Lou;Murphy;;1969-9-12;Boca Raton;FL;United States;;;0
5636;-1;Dave;Pearson;;1977-5-13;Temple;TX;United States;;;0
5637;-1;Tony;Martinez;;1966-7-24;Oceanside;CA;United States;;;0
5638;-1;Alfred;Hubler;;1968-11-25;Jacksonville;FL;United States;;;0
5639;-1;Curt;Maher;;1974-7-20;Clarksville;TN;United States;;;0
5640;-1;Bobby;Wagner;;1962-11-27;Visalia;CA;United States;;;0
5641;-1;John;Sims;;1970-3-23;Central City;PA;United States;;;0
5642;-1;Lee;Dwyer;;1978-9-16;Casas Adobes;AZ;United States;;;0
5643;-1;Marlon;Younger;;1976-11-10;Brighton;NY;United States;;;0
5644;-1;Ken;Mitchell;;1982-1-4;Woonsocket;RI;United States;;;0
5645;-1;Ron;Elliott;;1965-1-11;Belvidere;IL;United States;;;0
5646;-1;Rob;Hamburg;;1981-2-22;Longview;WA;United States;;;0
5647;-1;Ryan;Leppard;;1955-12-9;Charlotte;NC;United States;;;0
5648;-1;Can;Leblebi;;1955-3-9;Karam¸rsel;KOC;T¸rkiye;;;1
5649;-1;Jerry;Craighead;;1982-12-24;Olyphant;PA;United States;;;0
5650;-1;Greg;McGilp;;1961-1-16;Saco;ME;United States;;;0
5651;-1;Tim;Starr;;1976-4-11;Bloomington;IL;United States;;;0
5652;-1;Bart;Barhorst;;1956-7-14;Houghton;MI;United States;;;0
5653;-1;Kevin;Power;;1959-9-11;Fresno;CA;United States;;;0
5654;-1;Alex;Ball;;1984-9-22;Fair Lawn;NJ;United States;;;0
5655;-1;Brian;William;;1961-7-29;Brownsville;TX;United States;;;0
5656;-1;Joe;Curtis;;1972-5-8;Lake Providence;LA;United States;;;0
5657;-1;Steve;Lightner;;1964-11-5;Bloomfield Township;MI;United States;;;0
5658;-1;Denver;Stevens;;1982-2-13;Weslaco;TX;United States;;;0
5659;-1;Andy;Nelson;;1982-1-24;Danville;IL;United States;;;0
5660;-1;David;Reed;;1956-1-11;North Arlington;NJ;United States;;;0
5661;-1;Luis;Caraballo;;1967-5-5;Santa Ana;CA;United States;;;0
5662;-1;Dave;Durston;;1971-4-28;Fox Point;WI;United States;;;0
5663;-1;Dave;Snyder;;1978-12-25;High Point;NC;United States;;;0
5664;-1;Bob;Harden;;1968-9-6;Davenport;IA;United States;;;0
5665;-1;Joseph;Griesck;;1970-10-26;Bradenton;FL;United States;;;0
5666;-1;Vaughn;Grinnell;;1978-6-12;Cypress;CA;United States;;;0
5667;-1;Herb;Whitaker;;1981-7-24;Colorado Springs;CO;United States;;;0
5668;-1;Ken;Cartridge;;1982-9-11;San Antonio;TX;United States;;;0
5669;-1;Jeremiah;Summers;;1958-10-2;New York;NY;United States;;;0
5670;-1;Ryan;Worley;;1955-5-28;Phoenix;AZ;United States;;;1
5671;-1;Alex;Dillard;;1958-10-27;Westminster;CO;United States;;;0
5672;-1;David;Seals;;1983-5-19;Woodbridge;VA;United States;;;0
5673;-1;Mark;Smart;;1967-4-17;New York;NY;United States;;;0
5674;-1;Roger;Warner;;1970-1-29;Watertown;NY;United States;;;0
5675;-1;Bob;Creswell;;1971-1-5;Riverside;CA;United States;;;0
5676;-1;Christian;Haber;;1965-7-30;Inkster;MI;United States;;;0
5677;-1;Bob;Cornell;;1977-7-3;New York;NY;United States;;;0
5678;-1;Russell;Ramsey;;1984-12-3;Hilton Head Island;SC;United States;;;0
5679;-1;Ken;Manning;;1962-10-13;Parowan;UT;United States;;;0
5680;-1;Carter;Tidwell;;1956-11-11;Skidaway Island;GA;United States;;;0
5681;-1;Keith;McCoy;;1983-12-14;Virginia Beach;VA;United States;;;0
5682;-1;Brooks;Browne;;1979-3-6;Inglewood;CA;United States;;;0
5683;-1;Bruce;Hartridge;;1979-12-6;Millersville;PA;United States;;;0
5684;-1;Frank;Barns;;1979-6-2;Burbank;IL;United States;;;0
5685;-1;Jack;Drouin;;1956-7-24;New Braunfels;TX;United States;;;0
5686;-1;Ronald;Burke;;1969-10-28;Long Beach;CA;United States;;;0
5687;-1;Joseph;Bullard;;1972-8-27;Calgary;AB;Canada;;;0
5688;-1;Henry;Watkins;;1962-9-26;New York;NY;United States;;;0
5689;-1;Ed;Huxley;;1955-7-6;Jacksonville;FL;United States;;;0
5690;-1;Dale;Butler;;1972-3-25;Newport News;VA;United States;;;0
5691;-1;Brandon;MacKee;;1977-11-17;Myrtle Grove;FL;United States;;;0
5692;-1;Jeremy;Burke;;1974-1-30;Smyrna;GA;United States;;;0
5693;-1;Mike;McNiter;;1963-5-4;Nashville;MI;United States;;;0
5694;-1;Bill;Pierce;;1962-5-29;Edwardsville;IL;United States;;;0
5695;-1;Ron;Poulter;;1975-8-17;Lewisville;TX;United States;;;0
5696;-1;Paul;Wade;;1965-8-19;Whitewater;WI;United States;;;0
5697;-1;Jeremy;Lawrence;;1956-1-17;Beaumont;TX;United States;;;0
5698;-1;¡ngelo;Romero;;1974-2-7;Taylor;MI;United States;;;0
5699;-1;John;Cahil;;1976-7-30;Demarest;NJ;United States;;;0
5700;-1;Ben;Shepard;;1978-9-14;Mount Olive;NC;United States;;;0
5701;-1;Jason;McKnight;;1956-7-12;Los Angeles;CA;United States;;;0
5702;-1;Andrew;Pitchforth;;1958-1-23;New Bremen;OH;United States;;;0
5703;-1;John;Silver;;1960-4-9;Hale'iwa;HI;United States;;;0
5704;-1;Andrey;Ledogorov;;1957-6-21;Moscow;MOS;Russia;;;0
5705;-1;Adam;Riley;;1967-4-4;Norfolk;MA;United States;;;0
5706;-1;Terry;DeWarrenne;;1965-6-29;Alhambra;CA;United States;;;0
5707;-1;Eric;Holloway;;1980-11-28;Hanford;CA;United States;;;0
5708;-1;Kurt;Wilcox;;1968-1-26;Chicago;IL;United States;;;0
5709;-1;Chuck;Wyndham;;1961-9-9;Greenville;MI;United States;;;0
5710;-1;Marvin;Langman;;1965-7-30;North Brookfield CDP;MA;United States;;;0
5711;-1;Palmer;Hochstetler;;1979-5-14;Minnehaha;WA;United States;;;0
5712;-1;Bryan;Tingle;;1970-9-13;South Daytona;FL;United States;;;0
5713;-1;Todd;Porritt;;1959-9-18;Providence;RI;United States;;;0
5714;-1;Chris;Heidelberger;;1961-3-6;Los Angeles;CA;United States;;;0
5715;-1;Trent;McFadden;;1966-9-28;Brooklyn;NY;United States;;;0
5716;-1;Valentin;Mashitsky;;1966-10-17;Ust-Ilimsk;IRK;Russia;;;0
5717;-1;Tom;Rockett;;1960-7-10;Muskegon Heights;MI;United States;;;0
5718;-1;Keo;Maikai;;1957-2-14;New Haven;CT;United States;;;0
5719;-1;Brian;LeBlanc;;1970-10-3;Edmond;OK;United States;;;0
5720;-1;Frank;Matthews;;1957-2-27;Pimmit Hills;VA;United States;;;0
5721;-1;Zack;Evans;;1970-9-27;Dothan;AL;United States;;;0
5722;-1;Dan;Spears;;1975-7-22;Masury;OH;United States;;;0
5723;-1;Peter;O'Connoly;;1980-1-23;Montgomery;AL;United States;;;0
5724;-1;Jarred;Landowski;;1963-4-1;Robins AFB;GA;United States;;;0
5725;-1;Jeff;Dombauer;;1965-8-14;Memphis;TN;United States;;;0
5726;-1;Tyler;Lane;;1973-5-19;Dothan;AL;United States;;;0
5727;-1;Rod;Clapp;;1955-5-19;Middletown;CT;United States;;;1
5728;-1;Greg;Fowler;;1969-8-23;Mesa;AZ;United States;;;0
5729;-1;Malcolm;Webber;;1958-10-12;Lake Dallas;TX;United States;;;0
5730;387;Peter;Rusk;;1974-7-17;Inwood;FL;United States;;;0
5731;-1;Brian;Cowan;;1962-2-27;Platteville;WI;United States;;;0
5732;-1;Nathan;Stewart;;1955-4-26;Plainedge;NY;United States;;;1
5733;-1;Dan;Rudder;;1966-5-18;Whitefield;NH;United States;;;0
5734;-1;Paul;Zahringen;;1959-5-21;Virginia Beach;VA;United States;;;0
5735;-1;Al;Stalnaker;;1963-5-30;Charlotte;NC;United States;;;0
5736;-1;Sean;Limond;;1971-9-18;Mount Laurel;NJ;United States;;;0
5737;-1;George;Larson;;1969-10-26;Rensselaer;IN;United States;;;0
5738;-1;Phil;Gantt;;1965-11-17;Malden;MA;United States;;;0
5739;-1;Bud;Schnell;;1970-9-25;Harlingen;TX;United States;;;0
5740;-1;Stanley;Prendergast;;1967-12-7;Lackawanna;NY;United States;;;0
5741;-1;Michael;Dann;;1955-2-11;Arlington;TX;United States;;;1
5742;-1;Jes˙s;Andrade;;1971-1-6;San Mateo;CA;United States;;;0
5743;-1;JosÈ;Serrano;;1959-6-16;Rancho San Diego;CA;United States;;;0
5744;-1;Eddie;McCloskey;;1979-10-20;Benton;WI;United States;;;0
5745;-1;Mike;Thomason;;1978-9-8;Mount Sterling;KY;United States;;;0
5746;-1;David;Pratt;;1973-7-5;Raleigh;NC;United States;;;0
5747;-1;Arthur;Hicks;;1966-8-31;Chula Vista;CA;United States;;;0
5748;-1;David;Mullins;;1964-5-27;Annapolis;MD;United States;;;0
5749;-1;Peter;Robinson;;1966-3-12;Carthage;NC;United States;;;0
5750;-1;Nick;Selman;;1968-10-31;North Hempstead;NY;United States;;;0
5751;-1;Tim;Doris;;1977-9-24;Spring Hill;FL;United States;;;0
5752;-1;Ken;Rowe;;1960-1-5;South River;NJ;United States;;;0
5753;-1;Gerald;Sullivan;;1984-12-9;Norman;OK;United States;;;0
5754;-1;James;Donley;;1967-5-31;Caneadea;NY;United States;;;0
5755;-1;Jonathan;Smithey;;1970-4-18;Dublin;OH;United States;;;0
5756;-1;Richard;Hammond;;1961-3-2;Norwood;MA;United States;;;0
5757;-1;Derrick;Wagner;;1962-3-14;Lexington Hills;CA;United States;;;0
5758;-1;Clayton;Garrard;;1963-4-7;Fresno;CA;United States;;;0
5759;-1;Joe;Bryant;;1983-9-25;Beaverton;OR;United States;;;0
5760;-1;Kel;Webster;;1975-6-4;Fremont;CA;United States;;;0
5761;-1;Toby;Howells;;1955-1-26;Melvindale;MI;United States;;;1
5762;-1;Bob;Logan;;1975-6-15;St. Louis Park;MN;United States;;;0
5763;-1;Kel;Walton;;1984-8-15;Forest Park;IL;United States;;;0
5764;-1;Jeff;Foulk;;1984-5-11;Norfolk;VA;United States;;;0
5765;-1;Roman;Orbelianov;;1960-10-13;Karaj;TEH;Iran;;;0
5766;-1;Chris;Wybrants;;1962-1-30;Hastings;NE;United States;;;0
5767;-1;Louis;Legg;;1963-12-2;Menifee;CA;United States;;;0
5768;-1;J.J.;Schuler;;1976-9-20;Pleasant Hill;NC;United States;;;0
5769;-1;William;McWilliams;;1971-8-5;New York;NY;United States;;;0
5770;-1;Aaron;Cregan;;1971-12-19;Los Angeles;CA;United States;;;0
5771;-1;Ronald;Kimata;;1978-10-22;Fresno;CA;United States;;;0
5772;-1;Josh;Fraser;;1966-4-17;New York;NY;United States;;;0
5773;-1;Kent;Ferrantino;;1983-7-17;Memphis;TN;United States;;;0
5774;-1;Mal;Lyons;;1967-3-3;Haddon Township;NJ;United States;;;0
5775;-1;Darrel;Cinnamond;;1977-6-8;Cornwells Heights-Eddington;PA;United States;;;0
5776;-1;Michael;Broadway;;1970-6-11;Philadelphia;PA;United States;;;0
5777;-1;Chris;Graham;;1971-11-22;Gresham;OR;United States;;;0
5778;-1;John;Roll;;1969-7-28;Covington;WA;United States;;;0
5779;-1;Pete;Russell;;1962-9-14;Lake Shore;WA;United States;;;0
5780;-1;Fernando;Tristian;;1984-1-7;New York;NY;United States;;;0
5781;-1;Guy;McKenzie;;1966-9-3;Jersey Shore;PA;United States;;;0
5782;-1;P.J.;Croucher;;1963-2-26;Detroit;MI;United States;;;0
5783;-1;Ken;Huggett;;1958-4-14;New York;NY;United States;;;0
5784;-1;Bob;McMahon;;1978-11-20;North Charleston;SC;United States;;;0
5785;-1;Chris;Cary;;1977-10-29;Waddington;NY;United States;;;0
5786;-1;Jake;Gunn;;1984-2-22;Overland Park;KS;United States;;;0
5787;-1;Eric;von Haynau;;1967-3-5;Boston;MA;United States;;;0
5788;-1;Denis;Fribus;;1958-4-9;Zharkovskiy;TVE;Russia;;;0
5789;-1;James;Williams;;1984-11-27;Chicago;IL;United States;;;0
5790;-1;Barney;Wilhelm;;1971-9-11;Midwest City;OK;United States;;;0
5791;-1;Jeremy;Gassaway;;1965-1-25;Rollinsford;NH;United States;;;0
5792;-1;Ed;Bennett;;1958-6-20;Howland Township;OH;United States;;;0
5793;-1;Brock;Metz;;1966-7-7;Machesney Park;IL;United States;;;0
5794;-1;Carl;McMullen;;1979-11-6;Oak Lawn;IL;United States;;;0
5795;-1;Eric;Alloway;;1972-9-10;Ormond-By-The-Sea;FL;United States;;;0
5796;-1;Chris;Stroud;;1962-8-13;Phoenix;AZ;United States;;;0
5797;-1;Bruce;Kinnell;;1974-3-25;Norco;CA;United States;;;0
5798;-1;Ryan;Akehurst;;1981-8-23;Shishmaref;AK;United States;;;0
5799;-1;Dave;Callison;;1963-1-19;Deming;NM;United States;;;0
5800;-1;Robby;Christie;;1967-11-28;Colchester;CT;United States;;;0
5801;-1;Luca;Peter;;1962-12-23;Oberglatt;ZH;Switzerland;;;0
5802;-1;Steve;Heriot;;1978-2-7;Schaumburg;IL;United States;;;0
5803;-1;Dan;Irvin;;1961-12-24;Tunica;MS;United States;;;0
5804;-1;Scott;Weber;;1975-6-30;Mansfield;MA;United States;;;0
5805;-1;Marc;Sievewright;;1956-12-9;Riverside;CA;United States;;;0
5806;-1;Dan;Craver;;1956-2-18;Dothan;AL;United States;;;0
5807;-1;Jeff;Christian;;1964-5-28;Brentwood;CA;United States;;;0
5808;-1;Ralph;Pope;;1969-8-13;Las Cruces;NM;United States;;;0
5809;-1;Donald;Watts;;1976-1-31;Patchogue;NY;United States;;;0
5810;-1;Chris;Kendrick;;1984-2-1;Olathe;KS;United States;;;0
5811;-1;Kelsey;Graves;;1959-9-2;Godfrey;IL;United States;;;0
5812;-1;Loren;Massenburg;;1964-6-2;Eden Prairie;MN;United States;;;0
5813;-1;Ivan;Vasylyev;;1969-10-13;Moscow;MOS;Russia;;;0
5814;-1;Cory;Woodward;;1956-3-2;Miami Gardens;FL;United States;;;0
5815;-1;Bryan;Elvidge;;1960-12-18;Aberdeen;MD;United States;;;0
5816;-1;Lawrence;Rutherford;;1968-3-26;Charlotte;NC;United States;;;0
5817;-1;Nicholas;Trent;;1958-7-18;Brooklyn;NY;United States;;;0
5818;-1;Gim;Su-hyeon;;1958-11-10;Gumi;GYE;South Korea;;;0
5819;-1;Tony;Barker;;1977-10-28;Chataignier;LA;United States;;;0
5820;-1;Rex;MacCluskie;;1967-9-20;New York;NY;United States;;;0
5821;-1;George;Bishop;;1978-10-21;Key Largo;FL;United States;;;0
5822;-1;Wilbur;Baker;;1977-10-3;Alma;AR;United States;;;0
5823;-1;Howard;Schmidt;;1955-11-24;Waterbury;CT;United States;;;0
5824;-1;Ben;von Hanenfeldt;;1972-9-8;Jackson Township;NJ;United States;;;0
5825;-1;Matt;Messner;;1976-6-3;Gonzales;CA;United States;;;0
5826;-1;Sean;MacGowan;;1981-11-16;Oviedo;FL;United States;;;0
5827;-1;Buddy;Corn;;1974-12-21;Brunswick;ME;United States;;;0
5828;-1;Rodney;McGrath;;1983-5-18;Lubbock;TX;United States;;;0
5829;-1;J¸rgen;Schmid;;1963-5-3;Velbert;NOR;Germany;;;0
5830;231;Anthony;Ouellet;;1983-3-18;Montreal;QC;Canada;;;0
5831;231;Kaleb;Shangreaux;;1975-8-25;Campbellton;NB;Canada;;;0
5832;231;Roland;Saddler;;1955-8-20;Laguna Niguel;CA;United States;;;0
5833;231;Mario;Diaz;;1981-3-4;Riverside;CA;United States;;;0
5834;231;Cam;Provencal;;1957-9-2;Kitimat;BC;Canada;;;0
5835;231;Nick;Whaley;;1972-4-26;Calgary;AB;Canada;;;0
5836;231;Boone;Mrazek;;1959-4-6;North Vancouver;BC;Canada;;;0
5837;231;Eric;Turlick;;1972-3-4;Red Deer;AB;Canada;;;0
5838;231;Justin;Cerrone;;1970-5-29;North Vancouver;BC;Canada;;;0
5839;231;Tyler;Darroch;;1956-3-27;Hamilton;ON;Canada;;;0
5840;232;Jarrett;Cleghorn;;1970-11-6;Peterborough;ON;Canada;;;0
5841;232;Ryan;Fernley;;1956-9-3;North Cowichan;BC;Canada;;;0
5842;232;Edward;Norrish;;1956-1-7;Fort Collins;CO;United States;;;0
5843;232;Chuck;Ladd;;1957-12-16;Skiatook;OK;United States;;;0
5844;232;Mark;Ryan;;1973-6-22;Acushnet;MA;United States;;;0
5845;232;RamÛn;Guerrero;;1966-4-9;Prescott;AZ;United States;;;0
5846;232;Ralph;Wilson;;1962-3-21;Brampton;ON;Canada;;;0
5847;232;Zack;Howe;;1983-12-11;Chatham-Kent;ON;Canada;;;0
5848;232;Winston;Ford;;1967-8-19;Shaler Township;PA;United States;;;0
5849;232;Morgan;Dipaolo;;1982-2-5;Edmonton;AB;Canada;;;0
5850;233;Carl-Luc;Aubin;;1978-1-21;Vaughan;ON;Canada;;;0
5851;233;Alex;Sakal;;1957-8-16;Tillsonburg;ON;Canada;;;0
5852;233;Harvey;Montgomery;;1983-11-18;Liberty City;TX;United States;;;0
5853;233;Bill;Lee;;1959-6-3;West Valley;WA;United States;;;0
5854;233;Garrett;McCaig;;1962-5-2;Winnipeg;MB;Canada;;;0
5855;233;Ben;MacDermid;;1981-4-26;Mississauga;ON;Canada;;;0
5856;233;Dylan;Erskine;;1981-2-15;Toronto;ON;Canada;;;0
5857;233;Carlo;Daoust;;1967-3-15;Montreal;QC;Canada;;;0
5858;233;Scott;Currie;;1983-2-19;Calgary;AB;Canada;;;0
5859;233;Gino;Dumais;;1981-2-7;Montreal;QC;Canada;;;0
5860;234;AntÛnio;Gamez;;1962-3-1;Santa Clara;CA;United States;;;0
5861;234;Shaan;Arora;;1969-3-16;Ashoknagar Kalyangarh;BAN;India;;;0
5862;234;Ron;Nielsen;;1984-10-30;Glendale;MO;United States;;;0
5863;234;Preston;Elliott;;1968-12-25;New York;NY;United States;;;0
5864;234;Wesley;Ellison;;1972-12-17;Cohasset;MA;United States;;;0
5865;234;Jeff;Ratchford;;1955-3-25;Houston;TX;United States;;;0
5866;234;Allen;Hennessy;;1967-12-25;Newburyport;MA;United States;;;0
5867;234;Paul;Rowbery;;1963-8-29;Maplewood;MO;United States;;;0
5868;234;Alex;Dowdeswell;;1965-11-16;Woodstock;ON;Canada;;;0
5869;234;Michael;MacMillan;;1979-10-14;Ottawa;ON;Canada;;;0
5870;235;LÈandre;CÙtÈ;;1984-2-6;Montreal;QC;Canada;;;0
5871;235;Claude;Dumont;;1983-2-21;Laval;QC;Canada;;;0
5872;235;Michael;Mason;;1979-1-26;Kansas City;KS;United States;;;0
5873;235;Floyd;Staples;;1963-1-5;Tinley Park;IL;United States;;;0
5874;235;John;Taylor;;1970-9-22;Houston;TX;United States;;;0
5875;235;Carl;GagnÈ;;1981-4-16;Sherbrooke;QC;Canada;;;0
5876;235;Ryan;Kline;;1974-8-15;Enid;OK;United States;;;0
5877;235;Roch;Del‚ge;;1966-5-24;Chatham-Kent;ON;Canada;;;0
5878;235;Nick;Carter;;1959-3-29;Boston;MA;United States;;;0
5879;235;Carl;Herbert;;1963-8-5;Fort Hood;TX;United States;;;0
5880;236;Bob;Dickson;;1968-6-11;Beekman;NY;United States;;;0
5881;236;Mitch;Plaxton;;1968-7-4;Hamilton;ON;Canada;;;0
5882;236;Kelly;Patterson;;1961-10-15;Franklin Center;NJ;United States;;;0
5883;236;Ed;Tenney;;1964-5-14;Greensboro;NC;United States;;;0
5884;236;Bob;Griffin;;1972-12-22;Los Angeles;CA;United States;;;0
5885;236;Adrien;Mercier;;1960-11-11;Quebec City;QC;Canada;;;0
5886;236;Jason;Glowa;;1978-4-16;Coquitlam;BC;Canada;;;0
5887;236;Brandon;Sumi;;1974-9-7;Georgina;ON;Canada;;;0
5888;236;Terry;Barr;;1964-9-18;Lambton Shores;ON;Canada;;;0
5889;236;Scott;Carlson;;1984-8-21;Spring Valley;NV;United States;;;0
5890;237;Jordan;Eaton;;1984-5-11;Georgina;ON;Canada;;;0
5891;237;Jordan;Paetsch;;1983-5-11;Wasaga Beach;ON;Canada;;;0
5892;237;Adrian;Kearns;;1962-5-13;Dracut;MA;United States;;;0
5893;237;John;Stonacek;;1964-3-22;Garden Grove;CA;United States;;;0
5894;237;Tomson;Innes;;1959-7-15;Gatineau;QC;Canada;;;0
5895;237;Dillon;Hyling;;1962-5-6;Rancho Cordova;CA;United States;;;0
5896;237;Tristan;Ruiz;;1973-3-29;Cochrane;AB;Canada;;;0
5897;237;Patrick;Trebish;;1958-4-30;Kelowna;BC;Canada;;;0
5898;237;Kent;Brownlow;;1972-2-1;Fremont;CA;United States;;;0
5899;237;Kyle;Bannatyne;;1970-8-22;Janesville;WI;United States;;;0
5900;238;Adam;Oreskovic;;1964-11-8;Toronto;ON;Canada;;;0
5901;238;Bryan;Masson;;1979-9-13;Surrey;BC;Canada;;;0
5902;238;Jim;Kilraven;;1966-8-24;Westport;CT;United States;;;0
5903;238;William;Bickley;;1963-4-18;Plainfield;NJ;United States;;;0
5904;238;Will;Baxter;;1983-3-3;Spanish Lake;MO;United States;;;0
5905;238;Samuele;Pesce;;1976-6-25;Belleville;ON;Canada;;;0
5906;238;Mark;Imai;;1977-1-17;Vancouver;BC;Canada;;;0
5907;238;FrÈdÈric;Labrecque;;1972-3-16;LÈvis;QC;Canada;;;0
5908;238;Jayson;Cotroni;;1973-3-30;Richmond;BC;Canada;;;0
5909;238;Paul;Eisenkirch;;1984-9-24;Aurora;ON;Canada;;;0
5910;239;Samuel;Bolduc;;1968-2-18;Montreal;QC;Canada;;;0
5911;239;Pierrick;Pierre;;1984-6-16;Thetford Mines;QC;Canada;;;0
5912;239;StÈphane;Hamel;;1978-5-26;New York;NY;United States;;;0
5913;239;Andrew;Rollins;;1983-2-14;Chicago;IL;United States;;;0
5914;239;Morgan;MacPheidiran;;1960-1-4;Westerville;OH;United States;;;0
5915;239;Alex;Carlson;;1967-8-1;St. Albert;AB;Canada;;;0
5916;239;Lee;Swampy;;1984-6-11;Kitchener;ON;Canada;;;0
5917;239;Josh;Pope;;1967-4-28;Albuquerque;NM;United States;;;0
5918;239;Artie;Voaden;;1964-1-9;Sunnyside;WA;United States;;;0
5919;239;Trent;House;;1968-11-30;Mississauga;ON;Canada;;;0
5920;240;Davide;Contu;;1957-6-13;LÈvis;QC;Canada;;;0
5921;240;Donovan;Gagnon;;1977-7-15;Saskatoon;SK;Canada;;;0
5922;240;Jonathan;Bellenden;;1967-7-28;Ankeny;IA;United States;;;0
5923;240;Sacha;Dubois;;1977-12-20;Saint-FÈlicien;QC;Canada;;;0
5924;240;Bobby;O'Lornasay;;1963-2-26;Minneapolis;MN;United States;;;0
5925;240;Bruno;Cloutier;;1976-4-30;Trois-RiviËres;QC;Canada;;;0
5926;240;Alexander;Howe;;1960-1-30;Halifax;NS;Canada;;;0
5927;240;Troy;Southerland;;1961-12-23;St. Augustine Beach;FL;United States;;;0
5928;240;Tanner;Huising;;1968-6-10;Ottawa;ON;Canada;;;0
5929;240;Sam;Leroux;;1965-3-7;Toronto;ON;Canada;;;0
5930;241;Russell;Swissher;;1965-1-9;Providence;RI;United States;;;0
5931;241;Barney;Glenurquhay;;1961-5-23;Peachtree Corners;GA;United States;;;0
5932;241;Garrett;Lang;;1971-1-9;San Diego;CA;United States;;;0
5933;241;Derek;Sizemore;;1956-12-11;Florissant;MO;United States;;;0
5934;241;Bruce;Kerswell;;1984-8-25;Birmingham;MI;United States;;;0
5935;241;Chris;Blue;;1974-7-31;New York;NY;United States;;;0
5936;241;Mike;Kennedy;;1955-9-16;Bourbonnais;IL;United States;;;0
5937;241;Dirk;Digges;;1969-9-20;Carson City;NV;United States;;;0
5938;241;Ward;Newell;;1963-9-24;Metairie;LA;United States;;;0
5939;241;Will;Meunier;;1980-11-22;Wyckoff;NJ;United States;;;0
5940;242;Roderick;Shecapio;;1981-7-6;The Pas;MB;Canada;;;0
5941;242;Samuel;Dubois;;1955-2-18;Montreal;QC;Canada;;;0
5942;242;Tom;Griesck;;1972-4-3;Lafayette;IN;United States;;;0
5943;242;Dean;Chandler;;1980-6-26;Los Angeles;CA;United States;;;0
5944;242;Greg;MacGruder;;1973-11-20;Riverbank;CA;United States;;;0
5945;242;RaphaÎl;Couture;;1972-11-13;Quebec City;QC;Canada;;;0
5946;242;Jean-Simon;Cloutier;;1962-8-16;Mississauga;ON;Canada;;;0
5947;242;Dylan;Lecaine;;1959-4-2;Ottawa;ON;Canada;;;0
5948;242;Scott;Corrigan;;1965-3-12;Calgary;AB;Canada;;;0
5949;242;Drew;Deniset;;1977-5-27;Saskatoon;SK;Canada;;;0
5950;243;Sam;McCaskill;;1974-12-3;Paris;ON;Canada;;;0
5951;243;Jordie;Van Der Male;;1962-7-18;Delta;BC;Canada;;;0
5952;243;Eugene;Wells;;1984-6-2;Yuma;AZ;United States;;;0
5953;243;Erwin;Rauch;;1956-10-21;North Reading;MA;United States;;;0
5954;243;Curt;Holcombe;;1977-1-17;Anaheim;CA;United States;;;0
5955;243;Melvin;Cross;;1982-1-29;McKinney;TX;United States;;;0
5956;243;Jon;McMahon;;1968-9-27;Madera;CA;United States;;;0
5957;243;Max;Patel;;1983-4-14;Brampton;ON;Canada;;;0
5958;243;Jack;Cobb;;1957-7-18;Edmonds;WA;United States;;;0
5959;243;Chad;Willard;;1969-2-17;Sparwood;BC;Canada;;;0
5960;244;Scott;Braid;;1966-1-5;Edmonton;AB;Canada;;;0
5961;244;Aidan;Lambert;;1982-1-25;Caledonia;ON;Canada;;;0
5962;244;Kieron;Cheng;;1967-7-20;Kalona;IA;United States;;;0
5963;244;Mike;Small;;1982-9-26;Springfield;MO;United States;;;0
5964;244;Kevin;Lawson;;1960-10-26;Lincoln;NE;United States;;;0
5965;244;Devon;Koshey;;1983-4-29;Airdrie;AB;Canada;;;0
5966;244;Todd;Botell;;1962-4-15;Oakville;ON;Canada;;;0
5967;244;James;Ambler;;1971-11-18;Waterloo;ON;Canada;;;0
5968;244;Ryan;O'Sullivan;;1983-6-26;Lakeview;LA;United States;;;0
5969;244;Justin;Demers;;1963-1-10;La Prairie;QC;Canada;;;0
5970;245;Craig;Crosbie;;1969-9-15;LaSalle;ON;Canada;;;0
5971;245;Jordan;Westgarth;;1977-7-15;Markham;ON;Canada;;;0
5972;245;Christian;Hansen;;1965-5-30;Baldwin City;KS;United States;;;0
5973;245;Rob;Bernard;;1967-2-6;San Diego;CA;United States;;;0
5974;245;Carl;Iddon;;1971-12-9;Franconia;VA;United States;;;0
5975;245;Kale;Neely;;1967-10-3;Peterborough;ON;Canada;;;0
5976;245;Brandon;Cable;;1956-3-6;Kawartha Lakes;ON;Canada;;;0
5977;245;Corey;Matheson;;1970-11-3;Windsor;ON;Canada;;;0
5978;245;Larry;Foglia;;1957-9-30;Vernon;BC;Canada;;;0
5979;245;Cody;McDonald;;1961-3-5;Halifax;NS;Canada;;;0
5980;246;Luther;Hesse;;1983-1-18;Lorain;OH;United States;;;0
5981;246;Cory;Smalls;;1982-11-11;New York;NY;United States;;;0
5982;246;Mike;Goslin;;1966-8-18;Round Rock;TX;United States;;;0
5983;246;Joseph;Cain;;1969-7-14;Southfield;MI;United States;;;0
5984;246;Bryan;Breeding;;1980-2-25;Nixa;MO;United States;;;0
5985;246;Dave;Cox;;1971-5-31;Oak Park;MI;United States;;;0
5986;246;Rodger;Cassell;;1956-6-11;Parma;OH;United States;;;0
5987;246;Louie;Pierce;;1976-12-30;Lakeway;TX;United States;;;0
5988;246;Ben;Nelson;;1972-5-12;Plano;TX;United States;;;0
5989;246;Gregg;Tillman;;1974-6-15;O'Fallon;MO;United States;;;0
5990;247;Juan;Tobias;;1972-9-21;Cudahy;CA;United States;;;0
5991;247;Fred;Beauregard;;1971-4-16;Lambertville;MI;United States;;;0
5992;247;William;Currey;;1956-6-26;Richland;MS;United States;;;0
5993;247;Simon;Lane;;1982-1-10;Newport News;VA;United States;;;0
5994;247;David;May;;1958-10-7;Murrieta;CA;United States;;;0
5995;247;Lowell;Young;;1977-9-15;Chester;VA;United States;;;0
5996;247;Jim;Barnett;;1958-8-7;Clarksville;AR;United States;;;0
5997;247;Charles;Henry;;1970-10-7;Beauceville;QC;Canada;;;0
5998;247;Donald;Cramer;;1971-9-25;Davenport;IA;United States;;;0
5999;247;Joseph;Ford;;1963-3-10;High Point;FL;United States;;;0
6000;248;Pat;Herlihey;;1983-12-25;Toronto;ON;Canada;;;0
6001;248;David;Paquette;;1961-10-5;Montreal;QC;Canada;;;0
6002;248;Mathew;Park;;1955-10-3;San Antonio;TX;United States;;;0
6003;248;David;Hale;;1968-5-11;Santa Maria;CA;United States;;;0
6004;248;Ralph;Morton;;1984-7-14;Minersville;PA;United States;;;0
6005;248;Peter;Enns;;1973-7-12;Edmonton;AB;Canada;;;0
6006;248;Kelly;Flitton;;1964-10-29;Woodinville;WA;United States;;;0
6007;248;Ryan;Gordon;;1981-6-28;Ottawa;ON;Canada;;;0
6008;248;Gabriel;Paquette;;1978-3-2;Thorold;ON;Canada;;;0
6009;248;Eric;Graves;;1963-2-5;St. Albert;AB;Canada;;;0
6010;249;Matt;Stoddard;;1959-10-19;Oakville;ON;Canada;;;0
6011;249;Brett;Hume;;1973-1-25;Toronto;ON;Canada;;;0
6012;249;Joey;Sigfuson;;1978-4-18;Waterloo;ON;Canada;;;0
6013;249;Joe;Pierce;;1979-7-11;Kamuela;HI;United States;;;0
6014;249;David;Doyle;;1965-4-11;Boston;MA;United States;;;0
6015;249;Drew;Frazee;;1960-4-3;Hamilton;ON;Canada;;;0
6016;249;Duvie;Hynes;;1971-1-17;Prince George;BC;Canada;;;0
6017;249;Dave;Klein;;1958-4-4;Denver;CO;United States;;;0
6018;249;David;Kee;;1967-7-6;Los Angeles;CA;United States;;;0
6019;249;Rod;Ebanks;;1958-12-26;Richmond Hill;ON;Canada;;;0
6020;250;G.C.;Brooks;;1957-9-11;Lincoln;ON;Canada;;;0
6021;250;Brad;Knight;;1964-2-5;Toronto;ON;Canada;;;0
6022;250;Mike;Warnock;;1981-6-26;Eastchester;NY;United States;;;0
6023;250;Kent;Crick;;1977-8-19;Kansas City;MO;United States;;;0
6024;250;Harlan;Wallace;;1970-4-15;Mount Zion;IL;United States;;;0
6025;250;Brandon;Russell;;1961-4-30;Paris;ON;Canada;;;0
6026;250;Jonathan;Hervato;;1983-8-21;Windsor;ON;Canada;;;0
6027;250;Mike;Stewart;;1968-7-25;De Queen;AR;United States;;;0
6028;250;Jesse;Babins;;1967-4-27;Abbotsford;BC;Canada;;;0
6029;250;Shayne;Good;;1971-6-11;West Kelowna;BC;Canada;;;0
6030;-1;Jeremy;Dombauer;;1981-12-5;Wilmington;DE;United States;;;0
6031;-1;Matthew;Okitigo;;1984-10-23;Toronto;ON;Canada;;;0
6032;-1;Gunner;Reese;;1980-8-6;Hammond;IN;United States;;;0
6033;-1;Jean-Simon;DubÈ;;1973-9-8;Gatineau;QC;Canada;;;0
6034;-1;Curtis;Madhany;;1963-4-18;Whitby;ON;Canada;;;0
6035;-1;Norbert;Palmer;;1969-3-5;Humble;TX;United States;;;0
6036;-1;Pierre-Karl;Tremblay;;1972-12-18;London;ON;Canada;;;0
6037;-1;Colton;Marson;;1983-4-28;New Westminster;BC;Canada;;;0
6038;-1;Mitch;Dyrkacz;;1970-10-28;Elliot Lake;ON;Canada;;;0
6039;-1;Stephen;Mayer;;1980-4-23;London;ON;Canada;;;0
6040;-1;Alexandre;Williams;;1958-11-24;Miramichi;NB;Canada;;;0
6041;-1;Emmanuel;Groleau;;1966-9-5;Longueuil;QC;Canada;;;0
6042;-1;John-William;Laurin;;1960-9-15;Laval;QC;Canada;;;0
6043;-1;Kade;LaVallee;;1981-1-15;Hamilton;ON;Canada;;;0
6044;-1;Ryan;Maxwell;;1968-9-24;Oak Bay;BC;Canada;;;0
6045;-1;Devon;Bateson;;1981-4-11;Calgary;AB;Canada;;;0
6046;-1;Tyson;Randell;;1977-6-16;Toronto;ON;Canada;;;0
6047;-1;Nathan;Beach;;1981-11-24;Winnipeg;MB;Canada;;;0
6048;-1;Li;Xihan;;1955-12-22;Zhenjiang;JIA;China;;;0
6049;-1;Tom;Kroffat;;1976-6-4;Brampton;ON;Canada;;;0
6050;-1;Max;Akiwenzie;;1977-3-14;Toronto;ON;Canada;;;0
6051;-1;Jeff;Joe;;1972-6-21;Sault Ste. Marie;ON;Canada;;;0
6052;-1;Tanner;Ryan;;1976-12-4;Kitchener;ON;Canada;;;0
6053;-1;Freddie;Woolridge;;1981-10-30;New York;NY;United States;;;0
6054;-1;Adam;McCarthy;;1964-1-12;Hampton;NB;Canada;;;0
6055;-1;Jacob;Bastien;;1961-9-11;Sainte-Julie;QC;Canada;;;0
6056;-1;Ryan;Levant;;1965-7-31;Bowmanville;ON;Canada;;;0
6057;-1;Surinder;Mallikarjun;;1962-5-30;Rajpur;MAD;India;;;0
6058;-1;Yannick;Gravel;;1972-9-24;Montreal;QC;Canada;;;0
6059;-1;Giuseppe;Patelli;;1982-6-27;Ottawa;ON;Canada;;;0
6060;-1;Brady;Carrier;;1974-2-5;Ottawa;ON;Canada;;;0
6061;-1;Josh;Atkinson;;1958-9-11;Mount Pearl;NL;Canada;;;0
6062;-1;Fisher;Kallechy;;1968-1-25;Belleville;ON;Canada;;;0
6063;-1;Jason;Bull;;1979-7-8;Oakville;ON;Canada;;;0
6064;-1;Tucker;Rossiter;;1977-6-6;Toronto;ON;Canada;;;0
6065;-1;Brent;Zupancic;;1963-11-14;Grand Centre;AB;Canada;;;0
6066;-1;James;Ritchie;;1979-11-17;Chambly;QC;Canada;;;0
6067;-1;Bruno-Carl;Bernard;;1962-12-29;AlenÁon;QC;Canada;;;0
6068;-1;Drew;McCool;;1982-9-25;Brampton;ON;Canada;;;0
6069;-1;Adam;Saviuk;;1968-6-28;Aurora;ON;Canada;;;0
6070;-1;Colin;Beattie;;1978-12-20;Winnipeg;MB;Canada;;;0
6071;-1;Arthur;Mapes;;1961-7-17;Loyalist;ON;Canada;;;0
6072;-1;Aleksey;Sakiyayev;;1975-2-2;Kursk;KUR;Russia;;;0
6073;-1;Connor;Schoenroth;;1962-4-30;Welland;ON;Canada;;;0
6074;-1;David;Mann;;1975-11-16;Wren;OH;United States;;;0
6075;-1;Tyler;Abdelaal;;1983-3-26;Toronto;ON;Canada;;;0
6076;-1;Sean;Lindsay;;1970-2-20;Barrie;ON;Canada;;;0
6077;-1;Pierre-Alexandre;St-Laurent;;1974-10-20;La PÍche;QC;Canada;;;0
6078;-1;Tyson;Olsen;;1962-11-15;Norfolk County;ON;Canada;;;0
6079;-1;Bobby;Mazeroski;;1981-5-27;Dallas;TX;United States;;;0
6080;-1;Kent;Blaisdell;;1975-6-11;Fort Drum;NY;United States;;;0
6081;-1;Justin;Williams;;1980-8-23;Hamilton;ON;Canada;;;0
6082;-1;Marc;Poile;;1959-12-7;Surrey;BC;Canada;;;0
6083;-1;Reed;Kartz;;1960-1-22;Guelph;ON;Canada;;;0
6084;-1;Bob;Poapst;;1971-2-22;Edmonton;AB;Canada;;;0
6085;-1;Patrick;Macdonald;;1964-6-12;Grande Prairie;AB;Canada;;;0
6086;-1;Luca;Labelle;;1967-3-22;Kirkland;QC;Canada;;;0
6087;-1;Chris;Fitzgerald;;1967-11-16;Vaughan;ON;Canada;;;0
6088;-1;David;Runge;;1977-4-18;Ancaster;ON;Canada;;;0
6089;-1;Steve;Durgin;;1956-4-6;Wheat Ridge;CO;United States;;;0
6090;-1;Vladimir;Kalyaganov;;1967-8-17;Voskresensk;MOS;Russia;;;0
6091;-1;Alan;Killam;;1961-4-24;Toronto;ON;Canada;;;0
6092;-1;Presten;McNab;;1964-9-3;Penticton;BC;Canada;;;0
6093;-1;Glenn;Hopley;;1982-5-19;Rule;TX;United States;;;0
6094;-1;Chris;Atkins;;1964-9-8;Oakville;ON;Canada;;;0
6095;-1;Jean-SÈbastien;GÈlinas;;1983-12-28;Montreal;QC;Canada;;;0
6096;-1;TimothÈe;Paul;;1984-5-21;Quebec City;QC;Canada;;;0
6097;-1;Ben;Carnelley;;1961-1-9;Palmer Rapids;ON;Canada;;;0
6098;-1;Greg;Bryant;;1961-4-1;Rex;GA;United States;;;0
6099;-1;Rob;Tinker;;1983-9-3;Houghton;MI;United States;;;0
6100;-1;Adam;Touhey;;1963-5-5;Mississauga;ON;Canada;;;0
6101;-1;David;Vance;;1978-5-24;Lubbock;TX;United States;;;0
6102;-1;Niclas;Schmitz;;1981-10-5;Stadtlohn;NOR;Germany;;;0
6103;-1;Sam;Wigglesworth;;1972-11-10;Halifax;NS;Canada;;;0
6104;-1;Mark;Sewell;;1967-5-17;St. Charles;MO;United States;;;0
6105;-1;Alex;Weir;;1975-2-13;Maple Ridge;BC;Canada;;;0
6106;-1;Jai;Brelih;;1971-8-18;Hamilton;ON;Canada;;;0
6107;-1;Andrew;Orban;;1976-7-21;Waterloo;ON;Canada;;;0
6108;-1;Yury;Lubyako;;1956-3-6;Moscow;MOS;Russia;;;0
6109;-1;Daniel;Rathje;;1956-7-20;Hamilton;ON;Canada;;;0
6110;-1;Dan;Erdolo;;1957-6-21;Midland;ON;Canada;;;0
6111;-1;Tyler;Ramsay;;1968-12-31;Port Elgin;ON;Canada;;;0
6112;-1;Connor;Di Iorio;;1965-10-19;Chase;BC;Canada;;;0
6113;-1;Justin;Sheppard;;1961-4-27;Toronto;ON;Canada;;;0
6114;-1;Brad;Feran;;1962-5-27;Edmonton;AB;Canada;;;0
6115;-1;Ben;Courchaine;;1972-7-29;Calgary;AB;Canada;;;0
6116;-1;Jake;Ireland;;1960-5-13;Oakville;ON;Canada;;;0
6117;-1;Jason;Whittle;;1959-12-7;Calgary;AB;Canada;;;0
6118;-1;Alex;Saetre;;1972-12-12;Toronto;ON;Canada;;;0
6119;-1;Rhys;Slusar;;1962-2-1;Toronto;ON;Canada;;;0
6120;-1;Alexandre;Blain;;1958-4-26;Whitehorse;YT;Canada;;;0
6121;-1;Troy;McFadden;;1969-3-19;Hamilton;ON;Canada;;;0
6122;-1;Lennox;Gilmour;;1982-1-27;Mississauga;ON;Canada;;;0
6123;-1;Isaac;Barnhart;;1960-4-4;Lethbridge;AB;Canada;;;0
6124;-1;Bob;Sadler;;1982-3-12;Cape Breton Regional Municipality;NS;Canada;;;0
6125;-1;Rob;Goldie;;1976-3-4;Lethbridge;AB;Canada;;;0
6126;-1;RaphaÎl;Duchesneau;;1977-9-5;Shawinigan;QC;Canada;;;0
6127;-1;Kirill;Vankov;;1981-3-23;Kazan;TAT;Russia;;;0
6128;-1;Nicolas;Robitaille;;1955-9-11;Montreal;QC;Canada;;;0
6129;-1;Shay;Parks;;1957-10-28;Surrey;BC;Canada;;;0
6130;-1;Philip;Noel;;1956-7-4;Loyalist;ON;Canada;;;0
6131;-1;Arthur;Puddiphatt;;1963-7-19;Jacksonville;NC;United States;;;0
6132;-1;Titus;Duda;;1959-8-4;Oshawa;ON;Canada;;;0
6133;-1;Jack;Wood;;1971-5-4;Peterborough;ON;Canada;;;0
6134;-1;Nicola;Cocca;;1964-7-9;Ottawa;ON;Canada;;;0
6135;-1;Bryan;O'Farrell;;1961-1-20;New York;NY;United States;;;0
6136;-1;Landon;Kyle;;1981-8-17;Calgary;AB;Canada;;;0
6137;-1;Vincent;Gallant;;1964-1-21;Gatineau;QC;Canada;;;0
6138;-1;Bruce;Pruitt;;1969-11-16;Chicago;IL;United States;;;0
6139;-1;Colton;Ashdown;;1970-1-6;Ottawa;ON;Canada;;;0
6140;-1;Thomas;Clark;;1960-10-25;Halifax;NS;Canada;;;0
6141;-1;Jack;Eldredge;;1981-4-5;Melbourne;FL;United States;;;0
6142;-1;Gabriel;Pomerleau;;1967-5-9;Guelph;ON;Canada;;;0
6143;-1;Jonathan;Duchesne;;1958-6-28;Quebec City;QC;Canada;;;0
6144;-1;Dan;Kerr;;1982-12-4;Ridgetown;ON;Canada;;;0
6145;-1;Kyle;Owen;;1971-8-9;Toronto;ON;Canada;;;0
6146;-1;Matthew;Walker;;1975-10-13;Calgary;AB;Canada;;;0
6147;-1;Alexandre;Lamarre;;1961-8-24;Terrebonne;QC;Canada;;;0
6148;-1;Arthur;DeVries;;1967-4-9;San Marcos;CA;United States;;;0
6149;-1;Ben;Powe;;1959-11-30;Hamilton;ON;Canada;;;0
6150;-1;Evan;Marple;;1981-11-22;Saskatoon;SK;Canada;;;0
6151;-1;Pierre;Limoges;;1964-2-23;Toronto;ON;Canada;;;0
6152;-1;Justin;Vince;;1957-4-10;Toronto;ON;Canada;;;0
6153;-1;Dallas;Zezel;;1979-11-4;Springfield;MB;Canada;;;0
6154;-1;Simon;Prince;;1976-7-30;Sherbrooke;QC;Canada;;;0
6155;-1;Stefan;Nesbitt;;1968-5-9;Ottawa;ON;Canada;;;0
6156;-1;Casey;Koughan;;1968-7-7;Calgary;AB;Canada;;;0
6157;-1;Jonathan;Lefebvre;;1959-5-27;Quebec City;QC;Canada;;;0
6158;-1;Olivier;Rodrigue;;1970-1-1;Gatineau;QC;Canada;;;0
6159;-1;Shawn;Boucher;;1974-11-23;Sainte-ThÈrËse;QC;Canada;;;0
6160;-1;Ryan;Bailey;;1981-6-11;Baltimore;MD;United States;;;0
6161;-1;Yann;Anctil;;1971-4-23;Boisbriand;QC;Canada;;;0
6162;-1;Jesse;Kunitz;;1961-7-16;Brampton;ON;Canada;;;0
6163;-1;Hirohisa;Sakei;;1958-6-20;Koshigaya;SAI;Japan;;;0
6164;-1;Ian;Bragnalo;;1983-1-25;Red Deer;AB;Canada;;;0
6165;-1;Vincent;Riendeau;;1979-1-10;Brampton;ON;Canada;;;0
6166;-1;Noah;Lee;;1964-4-26;Surrey;BC;Canada;;;0
6167;-1;Evan;Tippett;;1982-5-28;Toronto;ON;Canada;;;0
6168;-1;Peter;O'Neill;;1957-8-2;London;ON;Canada;;;0
6169;-1;Mathis;Marchand;;1976-5-5;Kirkland;QC;Canada;;;0
6170;-1;Matt;Cvetkovic;;1979-9-13;Victoria;BC;Canada;;;0
6171;-1;Michael;Chvojka;;1957-4-17;Rockwood;ON;Canada;;;0
6172;-1;Alexandre;Lemieux;;1977-8-23;Ch‚teauguay;QC;Canada;;;0
6173;-1;Elfar;Caron;;1966-6-7;Montreal;QC;Canada;;;0
6174;-1;Austen;Blandisi;;1984-4-9;Victoria;BC;Canada;;;0
6175;-1;Luke;Audet;;1984-3-15;Laval;QC;Canada;;;0
6176;-1;Kirby;Lambe;;1974-1-1;Toronto;ON;Canada;;;0
6177;-1;Matt;Corrigan;;1971-1-23;Dawson Creek;BC;Canada;;;0
6178;-1;Ryan;Fillman;;1967-5-17;Edmonton;AB;Canada;;;0
6179;-1;Brad;Pelletier;;1959-1-3;Powell River;BC;Canada;;;0
6180;-1;Richard;Hogbin;;1975-4-19;Pflugerville;TX;United States;;;0
6181;-1;Rudolf;Becker;;1959-4-25;M¸nster;NOR;Germany;;;0
6182;-1;Shawn;Payer;;1962-4-14;Terrebonne;QC;Canada;;;0
6183;-1;Stephen;Lorito;;1969-2-7;Moosomin;SK;Canada;;;0
6184;-1;Sam;Billington;;1959-12-29;Strathcona;AB;Canada;;;0
6185;-1;Ryan;Iacobellis;;1978-1-12;London;ON;Canada;;;0
6186;-1;D.J.;Paddock;;1956-11-13;Port Coquitlam;BC;Canada;;;0
6187;-1;Greg;Therien;;1967-1-11;Winnipeg;MB;Canada;;;0
6188;-1;Conor;Sim;;1971-1-7;Toronto;ON;Canada;;;0
6189;-1;Keith;Clark;;1975-1-21;Moncton;NB;Canada;;;0
6190;-1;Lucas;Fish;;1965-8-10;Vancouver;BC;Canada;;;0
6191;-1;William;Sims;;1963-1-23;Lake St. Louis;MO;United States;;;0
6192;-1;Dane;Poland;;1982-5-27;Toronto;ON;Canada;;;0
6193;-1;Garet;Murphy;;1973-3-18;Winnipeg;MB;Canada;;;0
6194;-1;Jacob;Duncan;;1978-11-8;Winnipeg;MB;Canada;;;0
6195;-1;George;Clarke;;1975-8-29;Hayti;MO;United States;;;0
6196;-1;Dru;Kewin;;1968-12-15;Ottawa;ON;Canada;;;0
6197;-1;Ricardo;Vargas;;1962-3-14;Richmond;BC;Canada;;;0
6198;-1;Callum;McDonnell;;1981-7-14;East Dennis;MA;United States;;;0
6199;-1;John;Russell;;1967-2-19;Spring Creek;NV;United States;;;0
6200;-1;Carter;Yates;;1974-10-13;Mt. Olive;AL;United States;;;0
6201;-1;Brayden;Pettapiece;;1962-12-23;Edmonton;AB;Canada;;;0
6202;-1;Dominic;Vachon;;1971-5-28;Trois-RiviËres;QC;Canada;;;0
6203;-1;Francis;ValliËres;;1962-5-23;Montreal;QC;Canada;;;0
6204;-1;Paul;Halley;;1973-9-8;Richmond;BC;Canada;;;0
6205;-1;Cameron;Buskas;;1964-2-9;Markham;ON;Canada;;;0
6206;-1;Tyler;Bassett;;1979-12-10;Toronto;ON;Canada;;;0
6207;-1;Carson;Pouliot;;1978-11-18;Toronto;ON;Canada;;;0
6208;-1;Devon;Schwann;;1984-5-22;Canmore;AB;Canada;;;0
6209;-1;Tad;Kellum;;1966-2-18;Los Angeles;CA;United States;;;0
6210;-1;Jamie;Lamontagne;;1966-8-2;Kelowna;BC;Canada;;;0
6211;-1;Mason;Dunlop;;1960-2-11;Calgary;AB;Canada;;;0
6212;-1;Artemy;Sokolov;;1983-9-13;Ust-Dzheguta;KAR;Russia;;;0
6213;-1;Paul;Letheren;;1966-7-4;Cogan House Township;PA;United States;;;0
6214;-1;Matt;Jones;;1983-1-21;Sherwood Park;AB;Canada;;;0
6215;-1;Viktor;Omid;;1969-9-16;Tehran;TEH;Iran;;;0
6216;-1;Devin;Pedlar;;1956-1-15;Ottawa;ON;Canada;;;0
6217;-1;Cody;Beveridge;;1979-5-30;Vancouver;BC;Canada;;;0
6218;-1;Aeric;Anderson;;1974-7-29;La Prairie;QC;Canada;;;0
6219;-1;Ethan;Cheung;;1974-6-2;Surrey;BC;Canada;;;0
6220;-1;Collin;Owens;;1980-5-26;Arnold;MD;United States;;;0
6221;-1;Lou;Prather;;1981-4-21;Taos;NM;United States;;;0
6222;-1;Harvey;Towns;;1982-8-7;Federal Way;WA;United States;;;0
6223;-1;Olivier;Cyr;;1955-2-1;Montreal;QC;Canada;;;1
6224;-1;Mitch;Kenny;;1979-1-9;Mississauga;ON;Canada;;;0
6225;-1;Maxime;Labrie;;1983-8-15;Saint-Jean-sur-Richelieu;QC;Canada;;;0
6226;-1;Christophe;VallÈe;;1970-7-19;Pont-Rouge;QC;Canada;;;0
6227;-1;Brandon;McCoach;;1959-9-25;Edmonton;AB;Canada;;;0
6228;-1;Chris;Letestu;;1963-2-26;Toronto;ON;Canada;;;0
6229;-1;Joey;Perron;;1970-6-28;Boucherville;QC;Canada;;;0
6230;-1;Colm;Suen;;1967-11-12;Vancouver;BC;Canada;;;0
6231;-1;Luke;MacCune;;1955-4-18;Halifax;NS;Canada;;;1
6232;-1;Matt;Werenka;;1957-8-28;Cape Breton Regional Municipality;NS;Canada;;;0
6233;-1;Guillaume;Gauthier;;1976-11-28;Beauceville;QC;Canada;;;0
6234;-1;Trent;Reynolds;;1956-10-31;Aurora;ON;Canada;;;0
6235;-1;Valtteri;Happo;;1958-8-14;Vantaa;UUS;Finland;;;0
6236;-1;Jean-Michel;Beaudoin;;1975-6-1;Montreal;QC;Canada;;;0
6237;-1;Peter;Bourke;;1960-3-1;Halifax;NS;Canada;;;0
6238;-1;Nicolas;SouliËres;;1972-12-24;Longueuil;QC;Canada;;;0
6239;-1;Andrew;Grisby;;1982-5-12;Republic;MO;United States;;;0
6240;-1;Bruno;Merati;;1980-5-31;Ancaster;ON;Canada;;;0
6241;-1;Jeff;Matsuoka;;1960-10-15;Brantford;ON;Canada;;;0
6242;-1;Nate;Joslin;;1958-11-15;Ottawa;ON;Canada;;;0
6243;-1;Trey;Trupish;;1984-7-30;Port Coquitlam;BC;Canada;;;0
6244;-1;Ben;Robitaille;;1967-3-4;Listowel;ON;Canada;;;0
6245;-1;Pierre-Maxime;Lam;;1961-3-14;Marieville;QC;Canada;;;0
6246;-1;Cameron;Dusick;;1981-3-14;Toronto;ON;Canada;;;0
6247;-1;Broderick;Postgate;;1983-5-22;West Puente Valley;CA;United States;;;0
6248;-1;Mark;Gallacher;;1978-10-5;North Bay;ON;Canada;;;0
6249;-1;Jesse;MacPherson;;1976-2-7;Lake Worth Corridor;FL;United States;;;0
6250;-1;Tyler;Beskorowany;;1979-3-30;Kitchener;ON;Canada;;;0
6251;-1;Jake;Chu;;1960-1-22;Toronto;ON;Canada;;;0
6252;-1;Emmanuel;St-Laurent;;1965-10-1;L'…piphanie;QC;Canada;;;0
6253;-1;Christopher;Tipton;;1973-8-10;Roswell;GA;United States;;;0
6254;-1;Yves;Lambert;;1964-4-28;La Prairie;QC;Canada;;;0
6255;-1;Quinn;Thornton;;1965-2-15;Simpsonville;SC;United States;;;0
6256;-1;Jarrett;Busby;;1972-7-3;Winnipeg;MB;Canada;;;0
6257;-1;Paul;D'Artois;;1960-9-29;Eden Prairie;MN;United States;;;0
6258;-1;Jonathan;Mains;;1958-12-30;West Lafayette;IN;United States;;;0
6259;-1;Dylan;Ward;;1976-4-8;Coquitlam;BC;Canada;;;0
6260;-1;Drake;Knowles;;1971-10-15;North Cowichan;BC;Canada;;;0
6261;-1;Cole;Halmo;;1963-9-14;LaSalle;ON;Canada;;;0
6262;-1;Woody;Whitten;;1955-8-7;Seattle;WA;United States;;;0
6263;-1;Myles;Dingwall;;1972-10-18;Whitehorse;YT;Canada;;;0
6264;-1;Austin;Kozak;;1965-3-16;Grande Prairie;AB;Canada;;;0
6265;-1;Jean-BenoÓt;Girard;;1958-8-12;Montreal;QC;Canada;;;0
6266;-1;Patrick;Hubert;;1973-5-22;Hacienda Heights;CA;United States;;;0
6267;-1;Mike;Cripps;;1984-1-23;Bullhead City;AZ;United States;;;0
6268;-1;Ian;Mahfouz;;1969-6-14;Toronto;ON;Canada;;;0
6269;-1;Marty;Wagner;;1959-8-21;Clarence-Rockland;ON;Canada;;;0
6270;-1;Brandon;Mitchell;;1957-7-29;West Vancouver;BC;Canada;;;0
6271;-1;Marc-Olivier;Bisaillon;;1972-7-28;Montreal;QC;Canada;;;0
6272;-1;Antoine;Deshaies;;1956-1-6;Waterloo;ON;Canada;;;0
6273;-1;Adam;McMullen;;1971-11-28;Sudbury;ON;Canada;;;0
6274;-1;Johnny;Wallack;;1972-4-25;Cape Breton Regional Municipality;NS;Canada;;;0
6275;-1;Munemori;Watanabe;;1972-4-17;Fukiage;SAI;Japan;;;0
6276;-1;Jake;Gerla;;1959-11-26;Saskatoon;SK;Canada;;;0
6277;-1;Dennis;Buzzeo;;1961-3-4;Windsor;ON;Canada;;;0
6278;-1;Rod;Lawrence;;1967-10-23;Guthrie;OK;United States;;;0
6279;-1;Xie;Lefeng;;1960-7-8;Chengdu;SIC;China;;;0
6280;-1;Kellen;Brookbank;;1971-2-5;Prince George;BC;Canada;;;0
6281;-1;Carson;Hrabchak;;1981-2-7;Calgary;AB;Canada;;;0
6282;-1;Anthony;JettÈ;;1966-1-26;Montreal;QC;Canada;;;0
6283;-1;Devin;Wiebe;;1978-5-24;Brantford;ON;Canada;;;0
6284;-1;Layne;Buckles;;1973-5-13;Abbotsford;BC;Canada;;;0
6285;-1;Andrew;Durno;;1983-5-4;Ottawa;ON;Canada;;;0
6286;-1;Austin;Cox;;1962-11-9;Barrington;NJ;United States;;;0
6287;-1;Trent;Leavins;;1961-10-18;Port Coquitlam;BC;Canada;;;0
6288;-1;Matt;Shelton;;1964-5-17;Wake Forest;NC;United States;;;0
6289;-1;Mark;Haworth;;1974-4-21;Huber Heights;OH;United States;;;0
6290;-1;Matthew;Ritchie;;1957-11-29;Markham;ON;Canada;;;0
6291;-1;Simon-Pierre;Roy;;1956-7-1;Ajax;ON;Canada;;;0
6292;-1;Mike;Mechrek;;1974-6-11;Halifax;NS;Canada;;;0
6293;-1;Vincent;Ouellet;;1981-7-20;Montreal;QC;Canada;;;0
6294;-1;Jessie;Wihak;;1956-9-29;Haldimand County;ON;Canada;;;0
6295;-1;Royce;Vandenbeld;;1974-9-19;Russell;ON;Canada;;;0
6296;-1;Callum;Lafleche;;1955-1-1;Toronto;ON;Canada;;;1
6297;-1;Zach;Brown;;1981-5-25;Edmonton;AB;Canada;;;0
6298;-1;Shea;Palmieri;;1957-10-30;Toronto;ON;Canada;;;0
6299;-1;Jimmy;Loftsgard;;1981-4-21;Sydney;NS;Canada;;;0
6300;388;Harold;Sheffield;;1974-1-2;McHenry;IL;United States;;;0
6301;-1;Rajan;MacDonald;;1961-10-27;Surrey;BC;Canada;;;0
6302;-1;Guillaume;Couture;;1984-8-3;Repentigny;QC;Canada;;;0
6303;-1;Scott;Gogol;;1957-6-15;Langford;BC;Canada;;;0
6304;-1;Benjamin;JettÈ;;1967-4-30;Sainte-Julie;QC;Canada;;;0
6305;-1;Corey;Martin;;1967-2-3;London;ON;Canada;;;0
6306;-1;Ryan;Polanic;;1964-10-21;Toronto;ON;Canada;;;0
6307;-1;Cody;Johnson;;1980-6-7;Midland;ON;Canada;;;0
6308;-1;Steve;Ekdahl;;1984-6-3;Richmond Hill;ON;Canada;;;0
6309;-1;Mitchell;Jordan;;1979-8-1;Tyler;TX;United States;;;0
6310;-1;Rich;Sullivan;;1977-10-13;Philadelphia;PA;United States;;;0
6311;-1;Fletcher;Oatman;;1975-9-9;Thorold;ON;Canada;;;0
6312;-1;Curtis;Ezzat;;1966-6-19;Sydney;NS;Canada;;;0
6313;-1;FranÁois-Pierre;Dagenais;;1959-10-4;Varennes;QC;Canada;;;0
6314;-1;Josh;Perzchajlo;;1966-7-13;Hope;BC;Canada;;;0
6315;-1;Pat;Gregory;;1964-6-10;Shreveport;LA;United States;;;0
6316;-1;Brayden;Daley;;1966-12-1;Toronto;ON;Canada;;;0
6317;-1;Eric;Kieper;;1979-7-16;Walkerton;ON;Canada;;;0
6318;-1;Evan;Cisyk;;1978-9-21;Calgary;AB;Canada;;;0
6319;-1;Charles-AndrÈ;Richard;;1982-9-22;Quebec City;QC;Canada;;;0
6320;-1;FranÁois;Simard;;1966-11-12;Saint-Jean-sur-Richelieu;QC;Canada;;;0
6321;-1;Jean-FranÁois;Martin;;1961-10-3;Quebec City;QC;Canada;;;0
6322;-1;Jonathan;LeBlond;;1961-12-1;Medicine Hat;AB;Canada;;;0
6323;-1;Marc;Ross;;1973-5-13;Montreal;QC;Canada;;;0
6324;-1;Charlie;Shecapio;;1971-4-17;Raymond;AB;Canada;;;0
6325;-1;John;Gouchie;;1981-10-6;Weston;OH;United States;;;0
6326;-1;Colin;Sagong;;1957-1-11;Kahului;HI;United States;;;0
6327;-1;Jordan;Crosina;;1974-5-2;Toronto;ON;Canada;;;0
6328;-1;Steven;Ward;;1960-3-13;St. Albert;AB;Canada;;;0
6329;-1;Adam;Phelps;;1980-12-21;Vancouver;BC;Canada;;;0
6330;-1;Neil;Downey;;1974-2-10;Calgary;AB;Canada;;;0
6331;-1;Patrick;Bechtold;;1967-12-19;Lively;ON;Canada;;;0
6332;-1;Christopher;Catterall;;1977-8-10;Richmond Hill;ON;Canada;;;0
6333;-1;Woody;Schmidt;;1981-12-30;Winchester;IN;United States;;;0
6334;-1;Kip;Wall;;1982-1-7;Hamilton;ON;Canada;;;0
6335;-1;Stefan;Kramer;;1967-8-28;Edmonton;AB;Canada;;;0
6336;-1;Ryan;Wheeler;;1958-8-24;Barrie;ON;Canada;;;0
6337;-1;Andrew;Dobek;;1980-8-2;Calgary;AB;Canada;;;0
6338;-1;Brayden;Fafard;;1961-2-28;Springwater;ON;Canada;;;0
6339;-1;Dylan;Carlson;;1965-5-24;Winnipeg;MB;Canada;;;0
6340;-1;Matthew;Stroman;;1965-3-30;Irricana;AB;Canada;;;0
6341;-1;Jonathan;Lorentz;;1959-8-3;London;ON;Canada;;;0
6342;-1;Oren;Wheaton;;1957-11-28;Toronto;ON;Canada;;;0
6343;-1;Craig;Sandhu;;1969-5-8;Nanaimo;BC;Canada;;;0
6344;-1;Olivier;…mond;;1962-3-23;Sherbrooke;QC;Canada;;;0
6345;12;Devan;Burford;;1975-5-28;Edmonton;AB;Canada;;;0
6346;-1;Krys;Wasden;;1978-11-6;Calgary;AB;Canada;;;0
6347;-1;Adrian;Tesfamariam;;1982-3-2;Surrey;BC;Canada;;;0
6348;-1;Ryan;Withington;;1963-1-12;Quebec City;QC;Canada;;;0
6349;-1;Ed;Henley;;1966-5-30;Langley;BC;Canada;;;0
6350;251;Michael;Eberly;;1963-8-2;Carlsbad;NM;United States;;;0
6351;251;Stan;Thomas;;1957-2-19;Edmonton;AB;Canada;;;0
6352;251;Martin;Oleksy;;1967-7-15;Charleston;SC;United States;;;0
6353;251;Horace;Craighead;;1973-4-17;Nanticoke;PA;United States;;;0
6354;251;Mark;Larsen;;1962-7-26;Sunrise Manor;NV;United States;;;0
6355;251;Edward;Fox;;1960-10-6;Sacramento;CA;United States;;;0
6356;251;Marc;Button;;1978-12-23;Ottawa;ON;Canada;;;0
6357;251;Nicolas;Gonzalez;;1964-5-10;Montreal;QC;Canada;;;0
6358;251;Josh;Nelson;;1961-2-17;Markham;ON;Canada;;;0
6359;251;Denny;Reams;;1955-7-5;Clovis;CA;United States;;;0
6360;252;Rickey;Pataban;;1958-1-14;Hamilton;ON;Canada;;;0
6361;252;RomÈo;Lamontagne;;1963-11-2;Montreal;QC;Canada;;;0
6362;252;Andrew;Wright;;1969-9-30;San Diego;CA;United States;;;0
6363;252;Oscar;Sloan;;1968-5-27;Burton;MI;United States;;;0
6364;252;Floyd;Chappell;;1974-1-5;Franklin Lakes;NJ;United States;;;0
6365;252;Alex;Lake;;1957-8-16;Vancouver;BC;Canada;;;0
6366;252;Steve;Fauchoux;;1975-2-4;Vaughan;ON;Canada;;;0
6367;252;FÈlix;BeauprÈ;;1972-7-24;Montreal;QC;Canada;;;0
6368;252;Anthony;Johnston;;1964-5-5;Delta;BC;Canada;;;0
6369;252;Braden;Brandson;;1963-10-9;Edmonton;AB;Canada;;;0
6370;253;Jordan;Moholitny;;1961-9-3;Mississauga;ON;Canada;;;0
6371;253;Maxym;Groleau;;1962-7-2;Montreal;QC;Canada;;;0
6372;253;Torrie;Ryan;;1983-5-11;Richmond Hill;ON;Canada;;;0
6373;253;James;Cantrell;;1962-10-7;Bowie;MD;United States;;;0
6374;253;Quinton;Sourley;;1963-8-14;Worcester;MA;United States;;;0
6375;253;Max;Shoup;;1972-5-4;Olympia;WA;United States;;;0
6376;253;Lyle;Slipper;;1959-11-5;Memphis;TN;United States;;;0
6377;253;Matt;Plante;;1975-6-4;Toronto;ON;Canada;;;0
6378;253;Russ;Brotherton;;1962-6-10;Deerfield Beach;FL;United States;;;0
6379;253;Martin;Asselin;;1980-10-4;Saint-Hippolyte;QC;Canada;;;0
6380;254;Jason;Winder;;1959-4-16;Altoona;PA;United States;;;0
6381;254;Paul;McInnis;;1975-5-15;St. John's;NL;Canada;;;0
6382;254;Peter;West;;1971-3-10;Albany;OR;United States;;;0
6383;254;Tom;Housley;;1957-10-21;Ottawa;IL;United States;;;0
6384;254;Danny;Newman;;1958-5-4;Raleigh;MS;United States;;;0
6385;254;Jeffrey;Carr;;1962-3-19;Milwaukee;WI;United States;;;0
6386;254;Mathieu;MÈnard;;1970-4-22;Saint-Cyrille-de-Wendover;QC;Canada;;;0
6387;254;David;Pyett;;1962-5-4;Virden;MB;Canada;;;0
6388;254;Scott;Burak;;1976-4-16;Brampton;ON;Canada;;;0
6389;254;Kyle;Barris;;1965-9-1;Hamilton;ON;Canada;;;0
6390;255;Anthony;Wong;;1982-3-13;Richmond;BC;Canada;;;0
6391;255;Jess;Daneau;;1960-2-13;Newmarket;ON;Canada;;;0
6392;255;Jonathan;West;;1974-10-1;White Oak;MD;United States;;;0
6393;255;Eric;Lowery;;1971-7-20;Vernon;TX;United States;;;0
6394;255;Jack;Eversole;;1959-11-11;Fuller Heights;FL;United States;;;0
6395;255;Michael;Keewatin;;1972-2-4;Hamilton;ON;Canada;;;0
6396;255;Matt;Milligan;;1974-10-1;Ajax;ON;Canada;;;0
6397;255;Norm;Atkinson;;1979-6-24;Springfield;VA;United States;;;0
6398;255;Dale;Robertson;;1971-2-13;Dallas;TX;United States;;;0
6399;255;Ira;McElhaney;;1976-7-7;North Castle;NY;United States;;;0
6400;256;Vincent;West;;1973-8-31;Norfolk County;ON;Canada;;;0
6401;256;Kristopher;Homer;;1981-6-29;Dartmouth;NS;Canada;;;0
6402;256;Mark;Hollis;;1962-3-13;Kenosha;WI;United States;;;0
6403;256;Barry;Tice;;1959-4-4;Lawrence;MA;United States;;;0
6404;256;Ray;Ruppert;;1966-12-31;Montebello;CA;United States;;;0
6405;256;Darcy;Lundy;;1955-12-3;Calgary;AB;Canada;;;0
6406;256;Brian;McAtee;;1973-5-20;New York;NY;United States;;;0
6407;256;Tom;Heath;;1965-4-13;Ramona;CA;United States;;;0
6408;256;Didier;Trudeau;;1970-10-8;Laval;QC;Canada;;;0
6409;256;TimothÈe;Duclos;;1984-4-11;Donnacona;QC;Canada;;;0
6410;257;Roland;Godfrey;;1969-8-14;Drayton Valley;AB;Canada;;;0
6411;257;Kelly;Janzen;;1970-8-23;Brampton;ON;Canada;;;0
6412;257;Victor;Koehler;;1984-3-19;Rye Brook;NY;United States;;;0
6413;257;Truman;Watson;;1960-3-27;Kotlik;AK;United States;;;0
6414;257;Maximus;Marcantuoni;;1961-9-14;Attawapiskat;ON;Canada;;;0
6415;257;Olivier;Gosselin;;1977-3-14;Montreal;QC;Canada;;;0
6416;257;Andy;Kolton;;1960-8-30;Richmond;BC;Canada;;;0
6417;257;Kevin;Bellemare;;1973-11-24;Saint-JÈrÙme;QC;Canada;;;0
6418;257;Maxime;BÈdard;;1973-7-8;Ajax;ON;Canada;;;0
6419;257;Rob;Strachan;;1967-12-23;Georgetown;ON;Canada;;;0
6420;258;Ryan;Nelson;;1957-11-26;Ajax;ON;Canada;;;0
6421;258;Cory;Harder;;1983-10-2;Quebec City;QC;Canada;;;0
6422;258;Alex;Wallbridge;;1976-12-23;Meaford;ON;Canada;;;0
6423;258;Patrick;Aquitaine;;1964-3-28;Auburn;WA;United States;;;0
6424;258;Bill;Wilkinson;;1979-12-30;Hickory;NC;United States;;;0
6425;258;Brett;Bamford;;1956-2-9;Regina;SK;Canada;;;0
6426;258;Jesse;Johnson;;1973-5-30;Chilliwack;BC;Canada;;;0
6427;258;Ross;Ryan;;1983-12-30;Storrs;CT;United States;;;0
6428;258;Joe;Wilkins;;1974-6-23;Denver;CO;United States;;;0
6429;258;Kyle;Smith;;1968-3-27;Thunder Bay;ON;Canada;;;0
6430;259;Mike;Mitchell;;1971-12-27;Pennsauken;NJ;United States;;;0
6431;259;Dan;Flannigan;;1971-1-28;Iron Mountain;MI;United States;;;0
6432;259;Troy;Fulkerson;;1966-10-11;Ogden;UT;United States;;;0
6433;259;Leonard;Lade;;1957-11-25;Bethesda;MD;United States;;;0
6434;259;Arthur;Mortin;;1977-11-6;Town and Country;MO;United States;;;0
6435;259;J.R.;MacWhirr;;1978-5-30;West Rancho Dominguez;CA;United States;;;0
6436;259;Jorge;Costello;;1980-6-4;Martensdale;IA;United States;;;0
6437;259;Dave;Walden;;1965-7-29;Greenville;TX;United States;;;0
6438;259;Harold;Barlow;;1977-3-8;Seattle Hill-Silver Firs;WA;United States;;;0
6439;259;Paul;Holtom;;1980-11-24;Columbus;OH;United States;;;0
6440;260;David;Richard;;1975-5-12;Montreal;QC;Canada;;;0
6441;260;FrÈdÈrik;BÈrubÈ;;1974-5-29;Laval;QC;Canada;;;0
6442;260;John;Beckford;;1977-7-25;Cleveland;OH;United States;;;0
6443;260;Terry;Willis;;1982-3-2;Wilmington;DE;United States;;;0
6444;260;Paul;Lynch;;1963-6-12;Fox Crossing;WI;United States;;;0
6445;260;Ryan;Ullenboom;;1983-5-29;Toronto;ON;Canada;;;0
6446;260;Levi;Larmer;;1965-2-5;Windsor;ON;Canada;;;0
6447;260;Damon;Piecharka;;1964-2-3;Cambridge;ON;Canada;;;0
6448;260;Brayden;Elliot;;1967-8-28;Oakville;ON;Canada;;;0
6449;260;Ryan;Parker;;1962-1-4;Winnipeg;MB;Canada;;;0
6450;261;Brant;Tomlak;;1967-1-18;Barrie;ON;Canada;;;0
6451;261;Darius;Andrusiak;;1983-7-24;Abbotsford;BC;Canada;;;0
6452;261;Blake;Schuessler;;1970-10-20;Chandler;AZ;United States;;;0
6453;261;Mark;Hibbeler;;1982-4-21;Vallejo;CA;United States;;;0
6454;261;Alan;Regan;;1975-2-28;Norfolk;VA;United States;;;0
6455;261;David;Weston;;1983-6-22;Guelph;ON;Canada;;;0
6456;261;David;Hunt;;1965-9-28;Windsor;ON;Canada;;;0
6457;261;Jake;Johnson;;1981-1-2;New Orleans;LA;United States;;;0
6458;261;Kyle;Gosselin;;1972-8-4;Toronto;ON;Canada;;;0
6459;261;Tommy;Choquette;;1962-12-1;Dollard-des-Ormeaux;QC;Canada;;;0
6460;262;Isaac;Demers;;1962-3-16;Sainte-Martine;QC;Canada;;;0
6461;262;Gabriel;Lavoie;;1979-12-18;RiviËre-du-Loup;QC;Canada;;;0
6462;262;Ken;MacKellar;;1966-1-13;New York;NY;United States;;;0
6463;262;John;Albert;;1978-5-9;Beverly Hills;CA;United States;;;0
6464;262;Aaron;Miyakawa;;1955-8-8;Reedsburg;WI;United States;;;0
6465;262;Franklin;Stoddard;;1959-9-30;Tracadie-Sheila;NB;Canada;;;0
6466;262;Jamie;Ogren;;1980-9-18;LaSalle;ON;Canada;;;0
6467;262;Denys;Courchesne;;1982-6-15;Montreal;QC;Canada;;;0
6468;262;Rick;Yelland;;1972-1-16;Fountain Lake;AR;United States;;;0
6469;262;Tim;Singleton;;1966-7-16;Kennebunkport;ME;United States;;;0
6470;263;Tanner;Balderson;;1957-4-11;Edmonton;AB;Canada;;;0
6471;263;Stan;Roeleveld;;1970-10-7;Tembisa;GAU;South Africa;;;0
6472;263;Mark;Poskitt;;1966-7-11;East Los Angeles;CA;United States;;;0
6473;263;Reggie;Mills;;1962-2-17;Central Park;WA;United States;;;0
6474;263;Eric;Huston;;1977-1-1;New York;NY;United States;;;0
6475;263;Alex;Lawrick;;1983-1-13;Markham;ON;Canada;;;0
6476;263;Zach;Morgan;;1983-1-6;Kingsville;ON;Canada;;;0
6477;263;Cameron;Childerley;;1970-1-18;Selwyn;ON;Canada;;;0
6478;263;Alexandre;Blondin;;1962-10-17;Longueuil;QC;Canada;;;0
6479;263;Nicolas;Pouliot;;1975-4-18;Otterburn Park;QC;Canada;;;0
6480;264;Hilton;Steed;;1959-5-17;Denver;CO;United States;;;0
6481;264;Matt;Currier;;1974-6-17;Sault Ste. Marie;ON;Canada;;;0
6482;264;Sam;Dowds;;1962-7-7;Cleveland;TN;United States;;;0
6483;264;Ed;Warren;;1967-8-22;Fremont;CA;United States;;;0
6484;264;Matt;Bradford;;1968-7-15;Milwaukee;WI;United States;;;0
6485;264;Zander;Hordichuk;;1955-1-7;Sackville;NS;Canada;;;0
6486;264;Jim;Murphy;;1960-5-24;Boca Raton;FL;United States;;;0
6487;264;Paul;Henkelman;;1975-3-25;Beamsville;ON;Canada;;;0
6488;264;Andrew;Karkoski;;1967-5-11;St. Albert;AB;Canada;;;0
6489;264;Patrick;Thomas;;1976-11-17;Cambridge;ON;Canada;;;0
6490;265;Adam;Fisher;;1958-3-26;Barrie;ON;Canada;;;0
6491;265;Taylor;Wan;;1962-3-16;Parry Sound;ON;Canada;;;0
6492;265;Steve;Denison;;1981-4-22;Hartsdale;NY;United States;;;0
6493;265;Blair;Dark;;1962-11-1;Halifax;NS;Canada;;;0
6494;265;Kellen;Hoffman;;1974-2-5;Front of Yonge;ON;Canada;;;0
6495;265;Pat;White;;1976-1-29;New York;NY;United States;;;0
6496;265;FrÈdÈric;LÈger;;1967-9-23;Quebec City;QC;Canada;;;0
6497;265;Rich;Atamanchuk;;1957-1-9;Sainte-Anne-des-Plaines;QC;Canada;;;0
6498;265;Brian;Bower;;1955-3-11;Los Altos Hills;CA;United States;;;0
6499;265;Alexandre;HÈbert;;1963-11-21;Thetford Mines;QC;Canada;;;0
6500;266;Jari;Vanderjagt;;1973-12-27;Toronto;ON;Canada;;;0
6501;266;Alexandre;Gagnon;;1981-11-22;Trois-RiviËres;QC;Canada;;;0
6502;266;Doug;Wibberley;;1956-1-27;Rohnert Park;CA;United States;;;0
6503;266;Jason;Martin;;1955-4-22;Detroit;MI;United States;;;0
6504;266;Lane;Ludwig;;1959-6-24;Frankfort;IN;United States;;;0
6505;266;Paul;Corcoran;;1979-2-22;Richmond Hill;ON;Canada;;;0
6506;266;Callum;Rathjen;;1970-7-31;Drumheller;AB;Canada;;;0
6507;266;Jason;Osborne;;1983-6-2;Boston;NY;United States;;;0
6508;266;Wade;Larson;;1970-3-22;Hamilton;ON;Canada;;;0
6509;266;Francis;Martineau;;1976-7-6;Montreal;QC;Canada;;;0
6510;267;Vance;Newlands;;1957-6-20;Strathcona;AB;Canada;;;0
6511;267;Matt;McCardle;;1963-4-3;Winnipeg;MB;Canada;;;0
6512;267;Tim;Starks;;1960-4-27;Green;OH;United States;;;0
6513;267;Derek;Simmons;;1979-2-19;Mishawaka;IN;United States;;;0
6514;267;Arthur;McCleave;;1973-9-14;Mobile;AL;United States;;;0
6515;267;Mark;Twa;;1955-11-19;Burnaby;BC;Canada;;;0
6516;267;Guillaume;DubÈ;;1984-2-20;Danville;QC;Canada;;;0
6517;267;Ryan;Norris;;1966-10-26;Woodstock;ON;Canada;;;0
6518;267;Carter;Smith;;1965-4-16;Malverne;NY;United States;;;0
6519;267;Brian;Merrett;;1961-7-24;Calgary;AB;Canada;;;0
6520;268;John;Dixon;;1961-1-28;Balch Springs;TX;United States;;;0
6521;268;John;Reid;;1983-12-29;Chicago;IL;United States;;;0
6522;268;Guy;Connolly;;1960-6-17;Greenville;NC;United States;;;0
6523;268;Dean;Astles;;1959-9-2;Conception Bay South;NL;Canada;;;0
6524;268;Rich;Lundgren;;1978-11-21;Tuscola;IL;United States;;;0
6525;268;Bob;Lyttle;;1976-5-12;Hamlin;NY;United States;;;0
6526;268;Jonas;Svensson;;1958-10-2;Biddeford;ME;United States;;;0
6527;268;Don;Todd;;1983-9-16;Graham;NC;United States;;;0
6528;268;Glenn;Clark;;1962-4-10;Lebanon;TN;United States;;;0
6529;268;George;Deacon;;1979-1-10;Chicago;IL;United States;;;0
6530;269;Will;Pope;;1967-7-4;Sodus;NY;United States;;;0
6531;269;Roy;Smith;;1980-9-22;Montverde;FL;United States;;;0
6532;269;Alan;Wade;;1967-6-21;Brooklyn;NY;United States;;;0
6533;269;Will;Gloster;;1969-10-18;Echelon;NJ;United States;;;0
6534;269;Cory;Perkins;;1966-4-15;Miami;FL;United States;;;0
6535;269;Tristan;Wigton;;1976-6-3;Palacios;TX;United States;;;0
6536;269;Daniel;Walls;;1978-11-5;Laramie;WY;United States;;;0
6537;269;Ryan;Oda;;1982-10-13;Kamsack;SK;Canada;;;0
6538;269;Todd;Welch;;1972-6-30;Pearland;TX;United States;;;0
6539;269;Freddy;Lilly;;1955-10-6;Dale City;VA;United States;;;0
6540;270;Tony;Sweatt;;1967-3-9;Ventura;CA;United States;;;0
6541;270;Pat;Mathis;;1961-8-7;Cotton Valley;LA;United States;;;0
6542;270;Evan;Moyer;;1973-11-1;Wetaskiwin;AB;Canada;;;0
6543;270;Adam;Woods;;1976-4-9;Dearborn Heights;MI;United States;;;0
6544;270;Nathaniel;Stevens;;1960-9-19;Springfield;MA;United States;;;0
6545;270;Kenny;McKinney;;1966-4-27;Detroit;MI;United States;;;0
6546;270;Mal;Tate;;1982-5-9;Flint;MI;United States;;;0
6547;270;Timothy;Wicks;;1976-9-9;San Antonio;TX;United States;;;0
6548;270;Kenny;Clare;;1964-1-6;Grove City;OH;United States;;;0
6549;270;Mike;Crane;;1955-12-13;Allensville;KY;United States;;;0
6550;271;Andrew;Childs;;1960-8-11;Beverly Hills;FL;United States;;;0
6551;271;Mike;Ferguson;;1958-11-28;Springfield;MO;United States;;;0
6552;271;Michael;Elliott;;1956-3-16;Baldwin;PA;United States;;;0
6553;271;Terry;Wier;;1980-7-19;San Diego;CA;United States;;;0
6554;271;Markus;Rodgers;;1961-11-18;New York;NY;United States;;;0
6555;271;Micheal;Holmes;;1969-7-12;Temple City;CA;United States;;;0
6556;271;Quinn;Wooten;;1956-12-28;Wilmington;OH;United States;;;0
6557;271;Jeff;Schneider;;1977-7-20;Detroit;MI;United States;;;0
6558;271;Kenny;Flanagan;;1961-11-27;Meridian;ID;United States;;;0
6559;271;Kenny;St. John;;1969-2-26;Lodi;CA;United States;;;0
6560;272;Greg;Mason;;1959-3-4;Johnstown;NY;United States;;;0
6561;272;David;MacErracher;;1973-12-10;New York;NY;United States;;;0
6562;272;Otis;Coffman;;1959-2-14;Monterey;CA;United States;;;0
6563;272;Steve;Halford;;1980-6-25;LaGrange;GA;United States;;;0
6564;272;Robby;Dundovich;;1958-12-8;West Rancho Dominguez;CA;United States;;;0
6565;272;Joe;Brockway;;1955-3-23;Redwater;TX;United States;;;0
6566;272;Dennis;McSwiggans;;1957-11-4;Foothill Farms;CA;United States;;;0
6567;272;Doug;Lowney;;1972-8-15;San Diego;CA;United States;;;0
6568;272;Zachary;Nowick;;1984-1-3;Chicago;IL;United States;;;0
6569;272;Fred;Buchanan;;1983-7-16;Bangor;ME;United States;;;0
6570;273;Brayden;Paterson;;1967-12-18;Sault Ste. Marie;ON;Canada;;;0
6571;273;Jeff;Schwarz;;1976-8-27;Middlesex Centre;ON;Canada;;;0
6572;273;Miguel;Becerra;;1963-1-7;Santa Cruz;CA;United States;;;0
6573;273;Brett;Miller;;1970-11-9;Seattle;WA;United States;;;0
6574;273;Floyd;Olimb;;1959-11-8;Trenton;NJ;United States;;;0
6575;273;Ronald;Orr;;1976-6-16;Arlington Heights;IL;United States;;;0
6576;273;Terry;Cavanaugh;;1973-3-30;New York;NY;United States;;;0
6577;273;Jim;Riggs;;1981-6-17;Charlotte;NC;United States;;;0
6578;273;Samuel;Racine;;1973-3-25;Mascouche;QC;Canada;;;0
6579;273;Marc-Antoine;RhÈaume;;1958-1-5;Sherbrooke;QC;Canada;;;0
6580;-1;Wayne;Schroder;;1977-1-17;Raymond;NH;United States;;;0
6581;-1;Jamie;Dzieduszycki;;1964-5-10;Ottawa;ON;Canada;;;0
6582;-1;Jared;Cramarossa;;1961-3-24;Edmonton;AB;Canada;;;0
6583;-1;Colton;Crawford;;1983-8-19;Toronto;ON;Canada;;;0
6584;-1;Norm;Petherbridge;;1977-7-13;Long Beach;CA;United States;;;0
6585;-1;Yan;Tremblay;;1979-9-12;Hamilton;ON;Canada;;;0
6586;-1;Yvan-Gabriel;Bouchard;;1971-9-26;Repentigny;QC;Canada;;;0
6587;-1;Jake;Lyall;;1968-6-15;Crowsnest Pass;AB;Canada;;;0
6588;-1;Daryl;Hammond;;1963-1-30;Owen Sound;ON;Canada;;;0
6589;-1;Brett;Gillam;;1975-12-28;Saskatoon;SK;Canada;;;0
6590;-1;Alex;Popescul;;1965-1-9;London;ON;Canada;;;0
6591;-1;Chris;Wade;;1978-4-12;Troy;AL;United States;;;0
6592;-1;Brock;Curatolo;;1981-7-21;Douro-Dummer;ON;Canada;;;0
6593;-1;Volodymyr;Mazurenko;;1967-10-10;Yevpatoriya;KRY;Ukraine;;;0
6594;-1;Phoenix;Kakakaway;;1956-6-4;Port Colborne;ON;Canada;;;0
6595;-1;Daniel;Jones;;1977-5-1;Compton;CA;United States;;;0
6596;-1;Abraham;Thompson;;1971-3-14;Spring Valley;NV;United States;;;0
6597;-1;Jason;Burgardt;;1971-7-10;Thunder Bay;ON;Canada;;;0
6598;-1;Jason;De Jersey;;1971-6-30;Edmonton;AB;Canada;;;0
6599;-1;Rodger;Beyers;;1960-2-17;Coquitlam;BC;Canada;;;0
6600;-1;Xavier;McDuff;;1973-11-14;Montreal;QC;Canada;;;0
6601;-1;Rylan;Kopstals;;1962-11-8;Winnipeg;MB;Canada;;;0
6602;-1;Mitch;Russell;;1979-5-1;Vegreville;AB;Canada;;;0
6603;-1;Ian;Stanisz;;1957-12-4;Winnipeg;MB;Canada;;;0
6604;-1;Alex;Shaw;;1959-7-25;Camrose;AB;Canada;;;0
6605;-1;Johnny;Howe;;1973-7-17;Woolwich;NJ;United States;;;0
6606;-1;FrÈdÈric;Garneau;;1982-3-27;Montreal;QC;Canada;;;0
6607;-1;Alex;Stephenson;;1983-12-21;Toronto;ON;Canada;;;0
6608;-1;Connor;Danberg;;1959-10-21;Summerside;PE;Canada;;;0
6609;-1;Kyle;Johnson;;1963-1-15;Toronto;ON;Canada;;;0
6610;-1;Xavier;Poulin;;1967-7-21;Laval;QC;Canada;;;0
6611;-1;Ryan;Stamler;;1984-9-12;Sault Ste. Marie;ON;Canada;;;0
6612;-1;Colin;Hansen;;1983-9-17;Tecumseh;ON;Canada;;;0
6613;-1;Harry;Price;;1971-1-12;La Presa;CA;United States;;;0
6614;-1;Braden;Marsh;;1965-9-15;Port Hope;ON;Canada;;;0
6615;-1;Cory;Leiter;;1974-6-21;Toronto;ON;Canada;;;0
6616;-1;Brock;Herlihey;;1976-1-17;Kelowna;BC;Canada;;;0
6617;-1;Will;Forsberg;;1965-11-21;Toronto;ON;Canada;;;0
6618;-1;Andrew;Donnelly;;1983-7-20;Chicago;IL;United States;;;0
6619;-1;Andrew;Tanel;;1960-6-18;Mississauga;ON;Canada;;;0
6620;-1;Brandon;Suderman;;1973-10-31;Saanich;BC;Canada;;;0
6621;-1;Nathan;Brand;;1964-9-9;Toronto;ON;Canada;;;0
6622;-1;Raymond;Roath;;1973-6-15;Kitchener;ON;Canada;;;0
6623;-1;Steve;Allen;;1964-6-12;Easton;PA;United States;;;0
6624;-1;Easton;Craig;;1960-2-17;Charlottetown;PE;Canada;;;0
6625;-1;Volodymyr;Lutsenko;;1959-12-29;Odesa;ODE;Ukraine;;;0
6626;-1;Peter;Ranum;;1969-4-3;Concord;MA;United States;;;0
6627;-1;Riley;Tully;;1979-7-16;Burnaby;BC;Canada;;;0
6628;-1;Vincent;Tremblay;;1967-10-31;Quebec City;QC;Canada;;;0
6629;-1;Andrew;Taylor;;1982-7-14;Ottawa;ON;Canada;;;0
6630;-1;Soren;Lemoine;;1959-10-12;Ottawa;ON;Canada;;;0
6631;-1;Pat;Anderson;;1980-7-22;Mississauga;ON;Canada;;;0
6632;-1;Nathan;Rajotte;;1970-11-9;Delta;BC;Canada;;;0
6633;-1;Bobby;Joshua;;1973-3-2;North Attleborough;MA;United States;;;0
6634;-1;Paul;Olson;;1965-1-5;Live Oak;CA;United States;;;0
6635;-1;Cole;Jackson;;1975-9-15;Toronto;ON;Canada;;;0
6636;-1;John;Laird;;1961-10-22;Winnipeg;MB;Canada;;;0
6637;-1;Josh;Cardassi;;1984-1-30;Ottawa;ON;Canada;;;0
6638;-1;Archie;Smith;;1969-9-28;Ontario;CA;United States;;;0
6639;-1;Chad;Buhr;;1959-7-29;Oakville;ON;Canada;;;0
6640;-1;Brenden;Sell;;1965-6-10;Richmond;BC;Canada;;;0
6641;-1;Riccardo;Basso;;1956-9-2;Mount Royal;QC;Canada;;;0
6642;-1;Mikhail;Gvozdev;;1955-2-15;Tula;TUL;Russia;;;1
6643;-1;Gabriel;St-Pierre;;1955-12-1;Terrebonne;QC;Canada;;;0
6644;-1;Massimo;Popoff;;1972-6-3;Toronto;ON;Canada;;;0
6645;-1;Jacob;Toye;;1981-1-13;Ottawa;ON;Canada;;;0
6646;-1;Michael;Marshall;;1971-2-19;Breinigsville;PA;United States;;;0
6647;-1;Jeremy;Lane;;1956-10-10;Owings Mills;MD;United States;;;0
6648;-1;Alex;Cuff;;1958-5-18;Toronto;ON;Canada;;;0
6649;-1;Louis-Philippe;Gervais;;1974-1-1;Montreal;QC;Canada;;;0
6650;-1;Scott;Maxwell;;1970-4-7;Winnipeg;MB;Canada;;;0
6651;-1;Taylor;Pitton;;1961-8-26;Vaughan;ON;Canada;;;0
6652;-1;Redgie;DeschÍnes;;1969-12-6;Gatineau;QC;Canada;;;0
6653;-1;Derek;Poilievre;;1969-4-23;Toronto;ON;Canada;;;0
6654;-1;Jorge;Luna;;1972-12-31;Philadelphia;PA;United States;;;0
6655;-1;Kiel;Prodger;;1970-11-25;Kelowna;BC;Canada;;;0
6656;-1;RaphaÎl;Bernier;;1956-1-27;Montreal;QC;Canada;;;0
6657;-1;Phil;Thompson;;1981-2-19;Henderson;NV;United States;;;0
6658;-1;Nick;Dunn;;1969-4-11;Surrey;BC;Canada;;;0
6659;-1;Brennan;Bartliff;;1968-7-4;Terrace;BC;Canada;;;0
6660;-1;Jacob;Blais;;1975-11-30;Kitchener;ON;Canada;;;0
6661;-1;Lance;Pfeffer;;1973-8-7;New Oxford;PA;United States;;;0
6662;-1;Justin;Kessell;;1956-1-21;Vancouver;BC;Canada;;;0
6663;-1;Fred;Parks;;1963-6-7;Arcadia;SC;United States;;;0
6664;-1;Sam;Gobbi;;1981-9-12;Burlington;ON;Canada;;;0
6665;-1;Jeremy;Thomson;;1959-4-27;New Westminster;BC;Canada;;;0
6666;-1;Tim;Huntington;;1971-10-19;Brooktrails;CA;United States;;;0
6667;-1;Barry;Baskeyfield;;1960-3-26;Eugene;OR;United States;;;0
6668;-1;Jim;Marshall;;1974-9-28;Oxnard;CA;United States;;;0
6669;-1;Brandon;Gianfriddo;;1983-10-31;Saanich;BC;Canada;;;0
6670;-1;Chris;Fehr;;1960-5-29;London;ON;Canada;;;0
6671;-1;Pat;O'Connelan;;1979-6-18;Stratford;IA;United States;;;0
6672;-1;Scott;Thompson;;1960-9-10;Golden;BC;Canada;;;0
6673;-1;Arnaud;Caron;;1973-12-30;Winnipeg;MB;Canada;;;0
6674;-1;Gord;Constant;;1955-5-21;Georgina;ON;Canada;;;1
6675;-1;Kieran;Yiu;;1981-3-23;Brooklyn;NY;United States;;;0
6676;-1;Jack;Parker;;1971-4-15;Champlin;MN;United States;;;0
6677;-1;Billy;Callahan;;1970-3-6;Chicago;IL;United States;;;0
6678;-1;Igor;Nyuren;;1955-9-9;Kemerovo;KEM;Russia;;;0
6679;-1;Matthew;Perreault;;1967-10-14;Kitchener;ON;Canada;;;0
6680;-1;Kevin;Samoei;;1973-6-5;Toronto;ON;Canada;;;0
6681;-1;Jason;Moyse;;1967-1-26;Hamilton;ON;Canada;;;0
6682;-1;Tilo;Schaaf;;1968-4-27;Regensburg;BAV;Germany;;;0
6683;-1;Jordan;Eizenman;;1983-12-11;Winnipeg;MB;Canada;;;0
6684;-1;Jody;Truppe;;1966-9-5;St. Catharines;ON;Canada;;;0
6685;-1;Reid;Ellis;;1980-4-24;Toronto;ON;Canada;;;0
6686;-1;Jordan;Coulombe;;1979-9-15;Quebec City;QC;Canada;;;0
6687;-1;Ben;Berman;;1955-10-10;Phelps;NY;United States;;;0
6688;-1;Patrick;Spruce;;1961-10-21;Halton Hills;ON;Canada;;;0
6689;-1;Adrien;NoÎl;;1973-11-5;East Orange;NJ;United States;;;0
6690;-1;Adrien;Bachand;;1973-12-11;Montreal;QC;Canada;;;0
6691;-1;Tavish;Wise;;1984-11-29;White Rock;BC;Canada;;;0
6692;-1;Stan;Gallaher;;1972-12-20;Leaf Rapids;MB;Canada;;;0
6693;-1;Jason;Crawford;;1975-9-3;Lions Bay;BC;Canada;;;0
6694;-1;Pietro;Bombelli;;1956-12-19;Kitchener;ON;Canada;;;0
6695;-1;Alexandre;Charpentier;;1984-7-1;Quebec City;QC;Canada;;;0
6696;-1;Conan;Lawson;;1967-1-12;Stockton;CA;United States;;;0
6697;-1;Seth;McGeough;;1973-8-18;Chatham-Kent;ON;Canada;;;0
6698;-1;Stanislav;Stepanov;;1969-12-30;Xasun-Yurt;DAG;Russia;;;0
6699;-1;Ryan;Gordon;;1956-4-26;Ottawa;ON;Canada;;;0
6700;-1;Maxime;Allard;;1964-9-8;Montreal;QC;Canada;;;0
6701;-1;Lawrence;Wright;;1967-6-10;Hampton;VA;United States;;;0
6702;-1;Bob;Tuer;;1969-6-25;Toronto;ON;Canada;;;0
6703;-1;Paul;Bettauer;;1979-9-3;Delhi;ON;Canada;;;0
6704;-1;Misko;Tveit;;1969-5-1;Lakeshore;ON;Canada;;;0
6705;-1;Tyler;Haines;;1959-6-26;Calgary;AB;Canada;;;0
6706;-1;Denis;Danilchuk;;1984-5-21;Yarovoye;ALT;Russia;;;0
6707;-1;Donnie;Rodgers;;1979-9-2;West New York;NJ;United States;;;0
6708;-1;Jonathan;Manning;;1982-7-23;Nashville;TN;United States;;;0
6709;-1;Nils;Wagner;;1982-1-23;Backnang;BAD;Germany;;;0
6710;-1;Valentin;Smith;;1957-7-15;Brossard;QC;Canada;;;0
6711;-1;Guillaume;Gagnon;;1963-5-19;Laval;QC;Canada;;;0
6712;-1;Marc;Hung;;1972-4-22;Tillsonburg;ON;Canada;;;0
6713;-1;Ryan;Kaegi;;1973-9-17;Saskatoon;SK;Canada;;;0
6714;-1;Jeff;Campbell;;1959-6-7;Regina;SK;Canada;;;0
6715;-1;Ryan;Manlow;;1965-3-8;Hamilton;ON;Canada;;;0
6716;-1;Jeff;Newton;;1974-12-22;Woodmere;LA;United States;;;0
6717;-1;Martin;Shaw;;1959-6-6;Billings;MT;United States;;;0
6718;-1;Gabriel;Bertrand;;1968-2-11;LÈvis;QC;Canada;;;0
6719;-1;Jason;Craig;;1977-12-19;Burnaby;BC;Canada;;;0
6720;-1;Tyrel;Allen;;1983-1-7;Hamilton;ON;Canada;;;0
6721;-1;Jeff;Barrett;;1956-1-1;Brooklyn;NY;United States;;;0
6722;-1;Edmond;Snyder;;1973-7-7;Oshkosh;WI;United States;;;0
6723;-1;Michael;Prpich;;1980-11-12;Saskatoon;SK;Canada;;;0
6724;-1;FrÈdÈrik;Cloutier;;1971-12-9;Hudson;QC;Canada;;;0
6725;-1;Logan;Murphy;;1972-12-30;Ajax;ON;Canada;;;0
6726;-1;Chuck;Pope;;1977-9-18;Fairview Heights;IL;United States;;;0
6727;-1;Mike;Bouck;;1969-12-28;Adjala-Tosorontio;ON;Canada;;;0
6728;-1;Dave;Clay;;1968-3-19;Scott AFB;IL;United States;;;0
6729;-1;Joe;Meyer;;1957-7-18;Four Corners;TX;United States;;;0
6730;-1;David;Rittoff;;1965-10-6;Munster;IN;United States;;;0
6731;-1;FrÈdÈrick;Giroux;;1957-4-24;Chatham-Kent;ON;Canada;;;0
6732;-1;Edward;Kingery;;1968-11-18;Hennessey;OK;United States;;;0
6733;-1;Cole;Fitzgibbon;;1982-8-13;London;ON;Canada;;;0
6734;-1;Grayden;Williams;;1955-6-17;Victoria;BC;Canada;;;1
6735;-1;Lyric;Oates;;1972-1-26;Edmonton;AB;Canada;;;0
6736;-1;Paul;Welsh;;1980-5-9;Sterling;VA;United States;;;0
6737;-1;Kyle;McCormack;;1967-1-9;Welland;ON;Canada;;;0
6738;-1;Josh;Hawerchuk;;1978-8-29;Toronto;ON;Canada;;;0
6739;-1;Neal;Murphy;;1980-6-2;Colorado Springs;CO;United States;;;0
6740;-1;John;Smiley;;1972-6-3;Stratford;ON;Canada;;;0
6741;-1;Curtis;Truitt;;1965-3-16;Ottawa;ON;Canada;;;0
6742;-1;Jon;Tkachuk;;1971-12-27;Thornhill;ON;Canada;;;0
6743;-1;Quinn;Popoff;;1974-10-30;Winnipeg;MB;Canada;;;0
6744;-1;Zach;Redmond;;1955-8-18;Duchess;AB;Canada;;;0
6745;-1;Murray;Kerwin;;1973-11-3;Innisfil;ON;Canada;;;0
6746;-1;Chase;Perlini;;1958-12-29;London;ON;Canada;;;0
6747;-1;Brandon;Staniowski;;1972-10-2;Vancouver;BC;Canada;;;0
6748;-1;Kyle;Lawrence;;1969-10-1;London;ON;Canada;;;0
6749;-1;Vince;Ferguson;;1970-11-17;Lake Havasu City;AZ;United States;;;0
6750;-1;Todd;Buttar;;1969-1-1;Delta;BC;Canada;;;0
6751;-1;L·szlÛ;Deak;;1965-8-22;Kazincbarcika;BOR;Hungary;;;0
6752;-1;Eugene;von Mayer;;1965-8-29;Port Angeles;WA;United States;;;0
6753;-1;Ryan;Karapita;;1975-7-15;Oakville;ON;Canada;;;0
6754;-1;Ronnie;Whaley;;1959-9-19;Mt. Carmel;OH;United States;;;0
6755;-1;Laurent;Marcoux;;1980-3-9;Kahnawake;QC;Canada;;;0
6756;-1;Adam;AndrÈ;;1966-7-11;Coquitlam;BC;Canada;;;0
6757;-1;Roy;Record;;1983-2-26;Shelburne Falls;MA;United States;;;0
6758;-1;…mile;Tanguay;;1981-2-6;Montreal;QC;Canada;;;0
6759;-1;Jaxen;Hollinger;;1980-1-5;Burnaby;BC;Canada;;;0
6760;-1;Danik;Chabot;;1979-7-4;Montreal;QC;Canada;;;0
6761;-1;Evan;Burki;;1970-6-4;Whitehorse;YT;Canada;;;0
6762;-1;Vincent;Blouin;;1969-12-19;Quebec City;QC;Canada;;;0
6763;-1;Dylan;Cantin;;1956-12-25;Mirabel;QC;Canada;;;0
6764;-1;Julien;Cousineau;;1965-6-25;MÈtabetchouan;QC;Canada;;;0
6765;-1;LoÔc;Franco;;1981-10-3;Le Havre;UPP;France;;;0
6766;-1;Darryl;Mitchell;;1964-1-7;Calgary;AB;Canada;;;0
6767;-1;Alexandre;Robertson;;1957-10-23;Aurora;ON;Canada;;;0
6768;-1;Samuel;Bergman;;1976-7-22;÷rebro;÷RE;Sweden;;;0
6769;-1;Garth;Martin;;1959-3-2;Mississauga;ON;Canada;;;0
6770;-1;Darrel;Gaze;;1978-4-9;Little Falls;MN;United States;;;0
6771;-1;Marc-AndrÈ;Beauvais;;1982-7-11;Hudson;QC;Canada;;;0
6772;-1;JÈrÈmy;Bureau;;1956-12-17;Montreal;QC;Canada;;;0
6773;-1;Duncan;Leavitt;;1967-7-15;North Vancouver;BC;Canada;;;0
6774;-1;Corey;Dillon;;1974-10-15;Surrey;BC;Canada;;;0
6775;-1;Ryan;Black;;1980-3-27;Northbrook;IL;United States;;;0
6776;-1;Jason;Haley;;1971-5-25;White Rock;BC;Canada;;;0
6777;-1;Joe;Phillips;;1955-11-23;Blue Ash;OH;United States;;;0
6778;-1;Zach;Innes;;1980-9-21;Fort Langley;BC;Canada;;;0
6779;-1;Ray;Jensen;;1971-6-8;New Braunfels;TX;United States;;;0
6780;-1;Davis;Street;;1979-4-5;Edmonton;AB;Canada;;;0
6781;-1;Todd;Stretch;;1967-7-25;Bowmanville;ON;Canada;;;0
6782;-1;…ric;Arsenault;;1979-8-4;Mirabel;QC;Canada;;;0
6783;-1;Kevin;Shaffer;;1978-9-25;New York;NY;United States;;;0
6784;-1;Dylan;Shackell;;1971-6-8;Toronto;ON;Canada;;;0
6785;-1;Matt;Surla;;1963-1-21;Morrisburg;ON;Canada;;;0
6786;-1;Mason;Dowdeswell;;1965-9-2;Chicago;IL;United States;;;0
6787;-1;Ed;Jerwa;;1970-4-9;Nanticoke;ON;Canada;;;0
6788;-1;Nick;Shanan;;1960-6-25;Boston;MA;United States;;;0
6789;-1;Ugo;Desbiens;;1984-5-20;Laval;QC;Canada;;;0
6790;-1;Ashley;Oliphant;;1969-6-9;Caledon;ON;Canada;;;0
6791;-1;Scott;Dunderdale;;1960-11-9;Saskatoon;SK;Canada;;;0
6792;-1;AntÛnio;Medellin;;1983-1-7;Houma;LA;United States;;;0
6793;-1;Blake;Bourne;;1979-8-13;Welland;ON;Canada;;;0
6794;-1;Danny;Browes;;1983-10-8;Ajax;ON;Canada;;;0
6795;-1;Evan;Rowlands;;1968-7-30;Hamilton;ON;Canada;;;0
6796;-1;Ty;Shier;;1961-9-5;Montreal;QC;Canada;;;0
6797;-1;Andrey;Glovatsky;;1967-6-7;Komsomolsk-na-Amure;KHA;Russia;;;0
6798;-1;Patrick;Gerard;;1976-9-21;Calgary;AB;Canada;;;0
6799;-1;Rob;Gregory;;1975-7-22;Sparta;WI;United States;;;0
6800;-1;Daryl;Shingoose;;1959-9-14;Kitchener;ON;Canada;;;0
6801;-1;Trent;Goodship;;1980-6-11;Brampton;ON;Canada;;;0
6802;-1;Keith;Buchanan;;1968-7-18;Oshkosh;WI;United States;;;0
6803;-1;Cory;Younger;;1967-5-1;Burbank;CA;United States;;;0
6804;-1;Bruno;Leblanc;;1960-4-26;Gatineau;QC;Canada;;;0
6805;-1;Waleron;Szczepaniak;;1980-1-15;Jastrzebie-Zdroj;SLA;Poland;;;0
6806;-1;Tanner;Kukulowicz;;1959-9-3;North Vancouver;BC;Canada;;;0
6807;-1;Matt;Roesch;;1975-2-1;Pinellas Park;FL;United States;;;0
6808;-1;Jordan;DiBrina;;1974-9-26;Victoria;BC;Canada;;;0
6809;-1;Norihisa;Nagano;;1984-7-5;Kobe;HYO;Japan;;;0
6810;-1;Peter;MacMillan;;1984-7-3;Edmonton;AB;Canada;;;0
6811;-1;Scott;Wasden;;1964-11-12;Sydney;NS;Canada;;;0
6812;-1;Dustin;Walker;;1955-4-19;Ottawa;ON;Canada;;;1
6813;-1;Colby;Anaka;;1960-5-16;Chatham-Kent;ON;Canada;;;0
6814;-1;Andrea;Pili;;1971-5-27;Toronto;ON;Canada;;;0
6815;-1;Jesse;Hawkins;;1958-6-3;Halifax;NS;Canada;;;0
6816;-1;Andy;McClellan;;1979-8-24;Nesconset;NY;United States;;;0
6817;-1;Kenneth;Larson;;1955-3-1;Surrey;BC;Canada;;;1
6818;-1;Michael;Asuchak;;1963-1-9;Toronto;ON;Canada;;;0
6819;-1;John;Oswald;;1984-5-15;Lovington;NM;United States;;;0
6820;-1;Franklin;Bunten;;1957-4-9;Chaska;MN;United States;;;0
6821;-1;Bryton;Feltrin;;1962-11-19;Kingston;ON;Canada;;;0
6822;-1;Charlie;Terriss;;1961-4-22;Toronto;ON;Canada;;;0
6823;-1;Randy;Clemons;;1955-9-8;Kansas City;KS;United States;;;0
6824;-1;Justin;MacGregor;;1984-1-6;Guelph;ON;Canada;;;0
6825;-1;Nik;Lemke;;1968-11-9;Grande Cache;AB;Canada;;;0
6826;-1;Kyle;Wind;;1967-6-29;Burlington;ON;Canada;;;0
6827;-1;Garry;Monach;;1971-1-17;Pembroke Pines;FL;United States;;;0
6828;-1;Joel;Alavie;;1965-1-18;Sudbury;ON;Canada;;;0
6829;-1;Paul;Brown;;1983-8-26;Red Deer;AB;Canada;;;0
6830;-1;Edward;Hardowa;;1960-8-11;Saskatoon;SK;Canada;;;0
6831;-1;Keith;Ratzlaff;;1963-9-8;Peabody;MA;United States;;;0
6832;-1;Michael;Aquino;;1962-3-26;Markham;ON;Canada;;;0
6833;-1;Callum;Feran;;1959-6-23;Toronto;ON;Canada;;;0
6834;-1;Trent;Sodke;;1961-8-1;London;ON;Canada;;;0
6835;-1;Mason;Meehan;;1981-4-24;Fort McMurray;AB;Canada;;;0
6836;-1;JÈrÈmy;Roberge;;1962-4-14;Saint-Constant;QC;Canada;;;0
6837;-1;Andy;Lyle;;1962-1-20;Prince George;BC;Canada;;;0
6838;-1;Cory;Piecharka;;1966-12-23;Burnaby;BC;Canada;;;0
6839;-1;Gabriel;Poitras;;1959-9-17;Montreal;QC;Canada;;;0
6840;-1;Ezra;Humphries;;1971-12-18;Oshawa;ON;Canada;;;0
6841;-1;Dustin;Botell;;1969-10-1;North Vancouver;BC;Canada;;;0
6842;-1;Patrick;Souto;;1974-9-6;Lewistown;IL;United States;;;0
6843;-1;Matt;May;;1969-11-2;Clarkstown;NY;United States;;;0
6844;-1;Steven;Tolbert;;1973-10-9;Mahopac;NY;United States;;;0
6845;-1;Jon;Raines;;1976-9-16;Waukegan;IL;United States;;;0
6846;-1;Dylan;McTague;;1966-3-24;Sackville;NS;Canada;;;0
6847;-1;Stanley;Strong;;1965-7-31;Lynn;MA;United States;;;0
6848;-1;Will;Culhane;;1974-10-1;Toronto;ON;Canada;;;0
6849;-1;Mike;Neil;;1984-12-22;Edmonton;AB;Canada;;;0
6850;-1;Pat;Neal;;1968-1-29;Saint John;NB;Canada;;;0
6851;-1;Yohann;Pelletier;;1975-10-26;Gatineau;QC;Canada;;;0
6852;-1;Gary;Walls;;1979-9-12;Bridgeport;WA;United States;;;0
6853;-1;Gabriel;BÈland;;1963-2-6;Trois-Pistoles;QC;Canada;;;0
6854;-1;Tate;Delayer;;1972-12-19;Brooks;AB;Canada;;;0
6855;-1;Tom;Steffens;;1963-7-6;Crosspointe;VA;United States;;;0
6856;-1;Bobby;Winfield;;1962-8-18;Minden;NV;United States;;;0
6857;-1;Darren;Toulmin;;1970-3-1;Huron-Kinloss;ON;Canada;;;0
6858;-1;Paul;Michael;;1962-6-12;Belmont;VA;United States;;;0
6859;-1;Ryan;Sivertson;;1977-8-9;Ottawa;ON;Canada;;;0
6860;-1;FÈlix;Vachon;;1962-8-13;Calgary;AB;Canada;;;0
6861;-1;Bruno;Martinez;;1957-5-29;Montreal;QC;Canada;;;0
6862;-1;Steve;Labute;;1978-11-24;Winnipeg;MB;Canada;;;0
6863;-1;Yann;Murray;;1955-3-15;Montreal;QC;Canada;;;1
6864;-1;Derek;Cronk;;1975-12-29;Vancouver;BC;Canada;;;0
6865;-1;Ken;Whitney;;1966-11-14;Opportunity;WA;United States;;;0
6866;-1;Jeff;Bisdee;;1981-12-28;Saanich;BC;Canada;;;0
6867;-1;Thomas;Moreau;;1968-4-24;Montreal;QC;Canada;;;0
6868;-1;John;Egan;;1983-1-1;Ottawa;ON;Canada;;;0
6869;-1;Jess;Boucher;;1977-12-6;Quebec City;QC;Canada;;;0
6870;-1;Art;Simmer;;1958-10-23;Peterborough;ON;Canada;;;0
6871;-1;William;Doucet;;1968-2-3;Le Bic;QC;Canada;;;0
6872;-1;Leonard;Manning;;1972-10-5;Angleton;TX;United States;;;0
6873;-1;Brett;Angotti;;1979-2-10;Port Coquitlam;BC;Canada;;;0
6874;-1;Chris;Laslo;;1971-1-8;Mill Creek;WA;United States;;;0
6875;-1;Ron;Rose;;1970-5-29;Davenport;IA;United States;;;0
6876;-1;CÈdric;Fontaine;;1962-9-13;Gatineau;QC;Canada;;;0
6877;-1;Brayden;Solomon;;1969-2-22;Lethbridge;AB;Canada;;;0
6878;-1;Kelvin;O'Noonan;;1961-2-3;Whitley Gardens;CA;United States;;;0
6879;-1;Alex;MacDonald;;1969-5-16;Napanee;ON;Canada;;;0
6880;-1;Toichi;Sugiura;;1961-8-9;Ina;IBA;Japan;;;0
6881;-1;Kyle;Cain;;1982-6-17;Sidney;BC;Canada;;;0
6882;-1;Jordan;Strong;;1960-12-8;Nanticoke;ON;Canada;;;0
6883;-1;Ash;McElroy;;1960-10-9;Tinicum Township;PA;United States;;;0
6884;-1;Luke;Wolfe;;1966-11-14;Edmonton;AB;Canada;;;0
6885;-1;John;Hafer;;1977-1-2;Dover;NH;United States;;;0
6886;-1;Lynn;Mann;;1979-8-17;Scottsdale;AZ;United States;;;0
6887;-1;Nathan;Jones;;1982-5-10;Edmonton;AB;Canada;;;0
6888;-1;Alfred;Baier;;1979-12-28;Plymouth;MA;United States;;;0
6889;-1;Joe;Picot;;1956-7-13;Glendale;OH;United States;;;0
6890;-1;William;Nettles;;1980-12-29;Dania Beach;FL;United States;;;0
6891;-1;Benjamin;Staios;;1982-9-19;Pickering;ON;Canada;;;0
6892;-1;Ryan;Segal;;1955-9-8;Barrie;ON;Canada;;;0
6893;-1;Ed;Coleman;;1972-5-24;Gulfport;MS;United States;;;0
6894;-1;Brad;Johnson;;1984-12-5;Saltspring Island;BC;Canada;;;0
6895;-1;Steve;Potvin;;1978-11-8;Fergus;ON;Canada;;;0
6896;-1;Rhett;Schellenberg;;1966-11-29;Grande Prairie;AB;Canada;;;0
6897;-1;Cory;Kerr;;1961-1-19;Toronto;ON;Canada;;;0
6898;-1;Kevin;Isabelle;;1975-7-28;Joliette;QC;Canada;;;0
6899;-1;Gabriel;Deshaies;;1974-8-15;Montreal;QC;Canada;;;0
6900;274;Casey;Mulder;;1966-2-28;Thornhill;ON;Canada;;;0
6901;274;Andrea;Onorati;;1981-9-1;Oshawa;ON;Canada;;;0
6902;274;Michael;Leppert;;1981-10-11;Ceres;CA;United States;;;0
6903;274;Charlie;Maze;;1970-8-8;Amherst;NY;United States;;;0
6904;274;Wes;Edmunds;;1964-12-11;Scottsbluff;NE;United States;;;0
6905;274;Dylan;Antonacci;;1977-12-22;Abbotsford;BC;Canada;;;0
6906;274;Joe;Berry;;1965-11-26;Masonboro;NC;United States;;;0
6907;274;Marcus;Kelly;;1967-3-5;Toronto;ON;Canada;;;0
6908;274;Kelly;Cardwell;;1965-5-17;Guelph;ON;Canada;;;0
6909;274;Matthieu;Smith;;1964-2-23;Dollard-des-Ormeaux;QC;Canada;;;0
6910;275;Anthony;Minardi;;1968-5-31;Richmond;BC;Canada;;;0
6911;275;Anthony;CÙtÈ;;1971-12-1;Rimouski;QC;Canada;;;0
6912;275;Carlos;Fierro;;1957-6-12;Manasquan;NJ;United States;;;0
6913;275;Robbie;Randolph;;1969-4-25;Star;ID;United States;;;0
6914;275;Lenny;Oh;;1964-9-9;Pikeville;KY;United States;;;0
6915;275;James;Sadowy;;1968-1-28;Brampton;ON;Canada;;;0
6916;275;Ewan;Janzen;;1956-9-26;Markham;ON;Canada;;;0
6917;275;Wes;Vinson;;1972-5-31;Saginaw Township North;MI;United States;;;0
6918;275;Luis;Vazquez;;1957-12-24;Lutz;FL;United States;;;0
6919;275;Ryan;Whitley;;1960-9-12;Aurora;ON;Canada;;;0
6920;276;Maxime;Leblanc;;1959-8-17;Quebec City;QC;Canada;;;0
6921;276;Raymond;Phillips;;1972-11-19;Winnipeg;MB;Canada;;;0
6922;276;Colin;O'Reilly;;1955-11-30;Suffolk;VA;United States;;;0
6923;276;Wayne;Volpe;;1979-9-6;Thousand Oaks;CA;United States;;;0
6924;276;Frank;McBride;;1974-7-14;San Francisco;CA;United States;;;0
6925;276;Olivier;Damours;;1973-5-28;Collingwood;ON;Canada;;;0
6926;276;Alain;Stacey;;1979-9-4;Surrey;BC;Canada;;;0
6927;276;Lawrence;Woodard;;1979-12-6;Mason City;IA;United States;;;0
6928;276;Scott;Foley;;1976-2-2;Medford;MA;United States;;;0
6929;276;Tom;MacMillan;;1970-9-6;Springwater;ON;Canada;;;0
6930;277;Mark;Greening;;1955-6-8;Toronto;ON;Canada;;;0
6931;277;Jesse;Adams;;1977-12-6;Woodstock;ON;Canada;;;0
6932;277;Buck;Woollatt;;1984-9-15;Chicago;IL;United States;;;0
6933;277;Dwight;Whaley;;1972-11-26;Crossgate;KY;United States;;;0
6934;277;Paul;Broom;;1983-5-8;Clifton Springs;NY;United States;;;0
6935;277;Curtis;Lyons;;1963-8-23;New Bedford;MA;United States;;;0
6936;277;Emerson;Behnke;;1984-10-28;Ionia;MI;United States;;;0
6937;277;Marc;Heinemann;;1958-8-20;High Point;NC;United States;;;0
6938;277;Gage;Kirk;;1961-12-7;Edmonton;AB;Canada;;;0
6939;277;Joe;Mowat;;1969-8-31;Toronto;ON;Canada;;;0
6940;278;Kevin;Heaton;;1976-1-3;Scottsboro;AL;United States;;;0
6941;278;Maxime;Beaulieu;;1963-6-10;Quebec City;QC;Canada;;;0
6942;278;Cliff;Justin;;1967-12-6;New York;NY;United States;;;0
6943;278;Kyle;Stone;;1974-8-14;Brooklyn;NY;United States;;;0
6944;278;Jason;Tyler;;1977-12-3;Maple Grove;MN;United States;;;0
6945;278;Travis;Kypreos;;1970-6-20;Richmond Hill;ON;Canada;;;0
6946;278;Mathieu;Charest;;1964-6-8;Quebec City;QC;Canada;;;0
6947;278;Christopher;Burkholder;;1967-4-18;Charlotte Harbor;FL;United States;;;0
6948;278;Archie;Council;;1972-4-24;Dallas;TX;United States;;;0
6949;278;Thomas;Caryk;;1975-2-20;London;ON;Canada;;;0
6950;279;Patrick;Bouma;;1972-7-30;Moncton;NB;Canada;;;0
6951;279;Maxime;BÈrubÈ;;1972-5-31;Mississauga;ON;Canada;;;0
6952;279;Lowell;Hubbs;;1967-7-8;Delavan;WI;United States;;;0
6953;279;Roosevelt;Ronan;;1982-3-14;Southlake;TX;United States;;;0
6954;279;James;Colton;;1979-6-24;Montreal;QC;Canada;;;0
6955;279;Eric;Gaskin;;1969-10-11;Vaughan;ON;Canada;;;0
6956;279;Kenneth;Matvichuk;;1960-3-31;North Cowichan;BC;Canada;;;0
6957;279;Matt;Butler;;1982-4-29;Saskatoon;SK;Canada;;;0
6958;279;Mark;Prince;;1961-1-16;North Charleston;SC;United States;;;0
6959;279;Titus;Sikura;;1975-11-18;Thunder Bay;ON;Canada;;;0
6960;280;Matt;Ayres;;1960-12-8;Cornwall;ON;Canada;;;0
6961;280;Shane;Ching;;1982-3-1;Thunder Bay;ON;Canada;;;0
6962;280;Ra˙l;Morales;;1983-5-17;Los Angeles;CA;United States;;;0
6963;280;Guy;Budden;;1976-12-8;Tulsa;OK;United States;;;0
6964;280;Shawn;Folger;;1960-12-16;Anderson Mill;TX;United States;;;0
6965;280;Matt;Barletta;;1955-12-28;Sherwood Park;AB;Canada;;;0
6966;280;Rylan;Bachmeier;;1979-5-10;Langley;BC;Canada;;;0
6967;280;Tanner;Ness;;1975-3-9;Red Lake;ON;Canada;;;0
6968;280;Gregory;Gaume;;1974-3-17;Windsor;ON;Canada;;;0
6969;280;William;Jolicoeur;;1982-11-8;CÙte Saint-Luc;QC;Canada;;;0
6970;281;Vital;Bilodeau;;1976-5-12;Saguenay;QC;Canada;;;0
6971;281;Michele;Amati;;1974-6-14;Hamilton;ON;Canada;;;0
6972;281;Chris;Hoeffel;;1966-5-2;Fresno;CA;United States;;;0
6973;281;Alexander;Antell;;1973-6-6;Valley Brook;OK;United States;;;0
6974;281;Jon;Scullion;;1961-7-16;Philadelphia;PA;United States;;;0
6975;281;Samuel;Morissette;;1984-7-12;Quebec City;QC;Canada;;;0
6976;281;Glenn;Leeds;;1959-3-26;Yucaipa;CA;United States;;;0
6977;281;Yan;BÈlanger;;1969-4-4;Montreal;QC;Canada;;;0
6978;281;Doug;Maciver;;1970-4-14;Edmonton;AB;Canada;;;0
6979;281;Matthew;Batters;;1973-3-6;Oak Bay;BC;Canada;;;0
6980;282;Jared;Hagen;;1958-3-27;Halifax;NS;Canada;;;0
6981;282;Jensen;Zehr;;1978-7-31;Princeton;BC;Canada;;;0
6982;282;Nick;Gowrie;;1976-6-18;Spanish Springs;NV;United States;;;0
6983;282;Carlton;Harmon;;1976-7-26;Seattle;WA;United States;;;0
6984;282;Bill;Stevens;;1960-11-24;Norwalk;CA;United States;;;0
6985;282;Adrian;Justin;;1966-6-12;Vancouver;BC;Canada;;;0
6986;282;Mark;Ness;;1976-10-10;Halifax;NS;Canada;;;0
6987;282;Pier;Cloutier;;1972-5-21;Montreal;QC;Canada;;;0
6988;282;Edison;Goff;;1962-11-22;Pompano Beach;FL;United States;;;0
6989;282;Cary;Dale;;1969-2-16;Salem;OR;United States;;;0
6990;283;Marc-Olivier;Carignan;;1967-1-23;Val d'Or;QC;Canada;;;0
6991;283;Dylan;Laporte;;1977-9-29;Quebec City;QC;Canada;;;0
6992;283;Brandon;Wallace;;1968-3-4;Surrey;BC;Canada;;;0
6993;283;Dylan;Hughes;;1961-10-24;Barrie;ON;Canada;;;0
6994;283;Jesse;Wager;;1974-8-20;New York;NY;United States;;;0
6995;283;Dustin;Constant;;1956-3-29;Sorel-Tracy;QC;Canada;;;0
6996;283;Mark;Finn;;1984-6-13;Wembley;AB;Canada;;;0
6997;283;Jordan;Kulpa;;1958-4-2;Edmonton;AB;Canada;;;0
6998;283;Richard;McIldowie;;1957-7-30;La Mesa;CA;United States;;;0
6999;283;Scott;Tizya;;1964-12-22;Mississauga;ON;Canada;;;0
7000;284;Antoine;Beaudoin;;1955-1-2;Montreal;QC;Canada;;;0
7001;284;Spencer;McDonnell;;1969-6-24;Georgina;ON;Canada;;;0
7002;284;Bill;Harris;;1970-1-21;Norman;OK;United States;;;0
7003;284;Justin;Libby;;1961-10-9;Detroit;MI;United States;;;0
7004;284;Filip;Axelsson;;1958-5-9;St. Matthews;KY;United States;;;0
7005;284;Charles;Papineau;;1974-10-3;Montreal;QC;Canada;;;0
7006;284;Evan;McKee;;1965-10-19;Winnipeg;MB;Canada;;;0
7007;284;Chris;Lenardon;;1974-4-22;Burlington;ON;Canada;;;0
7008;284;Vince;Jonathan;;1973-10-9;Coquitlam;BC;Canada;;;0
7009;284;Andrew;Mooney;;1969-2-9;Toronto;ON;Canada;;;0
7010;285;FrÈdÈric;Julien;;1963-2-1;Trois-RiviËres;QC;Canada;;;0
7011;285;Jacob;Barrette;;1963-5-3;Sainte-Catherine;QC;Canada;;;0
7012;285;Dave;Mager;;1972-3-2;Greenburgh;NY;United States;;;0
7013;285;David;Okalik;;1960-12-27;Orillia;ON;Canada;;;0
7014;285;Joe;Ramsey;;1979-1-30;Denver;CO;United States;;;0
7015;285;Mitchell;Genoway;;1973-9-9;Vaughan;ON;Canada;;;0
7016;285;Bryan;O'Malley;;1955-1-31;San Diego;CA;United States;;;0
7017;285;Christopher;McMonagle;;1971-2-23;Guelph;ON;Canada;;;0
7018;285;MichaÎl;Brosseau;;1968-12-27;Montreal;QC;Canada;;;0
7019;285;Garrett;Lauckner;;1962-6-25;Vancouver;BC;Canada;;;0
7020;286;Alex;Peters;;1980-2-6;Sudbury;ON;Canada;;;0
7021;286;Tristan;ValliËres;;1959-11-20;BÈcancour;QC;Canada;;;0
7022;286;David;Sims;;1973-11-27;Edmonton;AB;Canada;;;0
7023;286;Brian;McAteer;;1972-1-20;Los Angeles;CA;United States;;;0
7024;286;Oliver;Walters;;1978-7-1;Belleville;NJ;United States;;;0
7025;286;Charlie;Larocque;;1977-2-8;Terrebonne;QC;Canada;;;0
7026;286;Yanick;Gingras;;1976-2-9;Westmount;QC;Canada;;;0
7027;286;Jedd;Carnegie;;1964-12-12;Toronto;ON;Canada;;;0
7028;286;Jean-Simon;Fleury;;1982-1-7;Montreal;QC;Canada;;;0
7029;286;Harvey;Muncy;;1964-10-24;Erlanger;KY;United States;;;0
7030;287;Matt;Sparre;;1959-11-17;Elliot Lake;ON;Canada;;;0
7031;287;Jamie;Christie;;1980-5-5;Brampton;ON;Canada;;;0
7032;287;Bobby;Wurth;;1980-5-11;Riverside;CA;United States;;;0
7033;287;Blake;Field;;1967-6-7;Fort Collins;CO;United States;;;0
7034;287;T.J.;Henry;;1978-1-10;Abbotsford;BC;Canada;;;0
7035;287;Maxime;Trudeau;;1982-1-13;Montreal;QC;Canada;;;0
7036;287;Peter;Sanders;;1959-3-8;Hickory;NC;United States;;;0
7037;287;Cory;Johannsen;;1961-3-24;Lodi;CA;United States;;;0
7038;287;Ryan;Rush;;1973-3-10;Calgary;AB;Canada;;;0
7039;287;Allistair;Adnum;;1955-11-24;Prince George;BC;Canada;;;0
7040;288;Aaron;Cantrell;;1955-12-2;Southampton;PA;United States;;;0
7041;288;Ben;Brossart;;1956-2-6;Toronto;ON;Canada;;;0
7042;288;Stan;Upfold;;1971-2-1;Jurupa Valley;CA;United States;;;0
7043;288;Cam;Kyle;;1961-9-22;Brooklyn;NY;United States;;;0
7044;288;Larry;Saucier;;1984-4-30;Cleveland;OH;United States;;;0
7045;288;Alexandre;LÈvesque;;1959-12-18;Les Œles de la Madeleine;QC;Canada;;;0
7046;288;Malcolm;Mappin;;1955-11-22;Winnipeg;MB;Canada;;;0
7047;288;Josh;Moen;;1970-2-24;Kitchener;ON;Canada;;;0
7048;288;Vincent;Paquin;;1980-2-17;Dollard-des-Ormeaux;QC;Canada;;;0
7049;288;Jason;Malin;;1966-9-23;Truro;NS;Canada;;;0
7050;289;Noah;Duchesneau;;1981-3-7;Vaudreuil-Dorion;QC;Canada;;;0
7051;289;Alexandre;Wourms;;1958-6-27;Ottawa;ON;Canada;;;0
7052;289;Ryan;Paul;;1978-11-4;Miami;FL;United States;;;0
7053;289;Mark;Sykes;;1977-7-17;Grand Island;NE;United States;;;0
7054;289;Billy;Moore;;1984-4-20;Brooklyn;NY;United States;;;0
7055;289;Rick;Stuart;;1967-1-19;Milwaukee;WI;United States;;;0
7056;289;Kurt;Wells;;1979-11-18;Markham;ON;Canada;;;0
7057;289;Craig;Moore;;1962-3-29;Longview;WA;United States;;;0
7058;289;Colton;Theodore;;1961-9-3;Victoria;BC;Canada;;;0
7059;289;Anthony;Weegar;;1984-9-5;Saskatoon;SK;Canada;;;0
7060;290;Travis;Faught;;1984-10-12;League City;TX;United States;;;0
7061;290;Matt;Jinman;;1964-11-15;Quebec City;QC;Canada;;;0
7062;290;Glen;Frost;;1967-9-9;Granite City;IL;United States;;;0
7063;290;Juan Carlos;Rivera;;1961-12-8;Castaic;CA;United States;;;0
7064;290;Chris;Ga;;1956-10-31;Calgary;AB;Canada;;;0
7065;290;Jesse;Williams;;1974-2-25;Vaughan;ON;Canada;;;0
7066;290;Don;Bodette;;1969-5-8;San Juan;TX;United States;;;0
7067;290;Rick;MacKinder;;1965-10-28;Sioux City;IA;United States;;;0
7068;290;JoÎl;Houde;;1972-12-14;Laval;QC;Canada;;;0
7069;290;Tad;Fikes;;1966-8-31;Norwalk;CT;United States;;;0
7070;291;Brent;Bradshaw;;1969-7-30;Abbotsford;BC;Canada;;;0
7071;291;David;Smith;;1966-5-8;Montreal;QC;Canada;;;0
7072;291;Jason;Dowell;;1976-9-12;Bethany;OK;United States;;;0
7073;291;David;Rowe;;1960-8-6;Indianapolis;IN;United States;;;0
7074;291;James;Bennett;;1966-12-7;Southbury;CT;United States;;;0
7075;291;Brad;Lismer;;1960-8-17;Calgary;AB;Canada;;;0
7076;291;Kevin;Risdon;;1959-1-21;Montreal;QC;Canada;;;0
7077;291;Mark;Hunt;;1973-12-5;Mississauga;ON;Canada;;;0
7078;291;Joel;Bailey;;1976-5-29;St. Stephen;NB;Canada;;;0
7079;291;Keith;Wheeler;;1957-8-22;Willingboro Township;NJ;United States;;;0
7080;-1;Emery;Poirier;;1964-3-11;North Cowichan;BC;Canada;;;0
7081;-1;Tommy;Boucher;;1979-6-17;Val d'Or;QC;Canada;;;0
7082;-1;William;Leblond;;1965-1-14;Montreal;QC;Canada;;;0
7083;-1;Derek;Fletcher;;1963-6-19;Markham;ON;Canada;;;0
7084;-1;Victor;Tatchell;;1970-4-17;Grand Falls-Windsor;NL;Canada;;;0
7085;-1;Lucas;Bouchard;;1969-2-28;Trois-RiviËres;QC;Canada;;;0
7086;-1;Lyndon;Seidle;;1973-8-31;Port Colborne;ON;Canada;;;0
7087;-1;StÈphane;Morin;;1979-10-25;Brampton;ON;Canada;;;0
7088;-1;Connor;Roulston;;1962-2-12;London;ON;Canada;;;0
7089;-1;Colin;Hunt;;1983-9-29;Strathmore;AB;Canada;;;0
7090;-1;Dylan;Whistle;;1962-9-6;Mississauga;ON;Canada;;;0
7091;-1;Chris;Duckering;;1977-9-1;Baltimore;MD;United States;;;0
7092;-1;Cole;Manley;;1956-8-7;Kitchener;ON;Canada;;;0
7093;-1;Andrey;Falko;;1962-4-15;Barguzin;BUR;Russia;;;0
7094;-1;Stefan;Powless;;1969-3-5;Ottawa;ON;Canada;;;0
7095;-1;Dillon;Harvey;;1970-9-4;Montreal;QC;Canada;;;0
7096;-1;Mario Alberto;Battista;;1983-1-17;Ottawa;ON;Canada;;;0
7097;-1;Mark;Jacobucci;;1979-6-19;Windsor;ON;Canada;;;0
7098;-1;Phillip;Chagnon;;1959-2-26;Gatineau;QC;Canada;;;0
7099;-1;Evan;Mavety;;1974-7-21;Edmonton;AB;Canada;;;0
7100;-1;Chris;Gerome;;1979-6-18;Bay Roberts;NL;Canada;;;0
7101;-1;Vincent;Rivest;;1981-8-19;Laval;QC;Canada;;;0
7102;-1;Daniel;Fraser;;1961-11-6;Halifax;NS;Canada;;;0
7103;-1;Kevin;Hambrook;;1979-10-20;Wynyard;SK;Canada;;;0
7104;-1;Tom;Riley;;1968-8-30;Halifax;NS;Canada;;;0
7105;-1;Michael;Southern;;1968-11-24;Truro;NS;Canada;;;0
7106;-1;Tanner;Commanda;;1980-6-29;Oshawa;ON;Canada;;;0
7107;-1;Brody;Van Drunen;;1967-9-14;Thornhill;ON;Canada;;;0
7108;-1;Vyacheslav;Shatkov;;1966-10-24;Satbayev;KAR;Kazakhstan;;;0
7109;-1;Rhys;Ogilvy;;1955-5-7;Chilliwack;BC;Canada;;;1
7110;-1;Travis;Pilton;;1962-12-27;St. Catharines;ON;Canada;;;0
7111;-1;Taylor;Schneeberg;;1974-8-20;Kamloops;BC;Canada;;;0
7112;-1;Nadav;Glober;;1970-9-29;Collierville;TN;United States;;;0
7113;-1;Geordie;Garrison;;1981-5-27;Gatineau;QC;Canada;;;0
7114;-1;Evan;Cochrane;;1980-12-13;London;ON;Canada;;;0
7115;-1;Tyrel;Dunnell;;1966-12-10;Fort McMurray;AB;Canada;;;0
7116;-1;Nick;Praught;;1970-8-5;Hamilton;ON;Canada;;;0
7117;-1;Jason;Durnan;;1983-7-15;Saanich;BC;Canada;;;0
7118;-1;Kevin;Paterson;;1968-10-14;Nanaimo;BC;Canada;;;0
7119;-1;Tim;Watters;;1977-5-23;Yorkton;SK;Canada;;;0
7120;-1;Johnny;Dirk;;1958-4-19;South Frontenac;ON;Canada;;;0
7121;-1;Brad;Smith;;1984-2-19;Ottawa;ON;Canada;;;0
7122;-1;Cole;Louis;;1963-11-14;Halifax;NS;Canada;;;0
7123;-1;Devin;Ference;;1980-3-9;Whitecourt;AB;Canada;;;0
7124;-1;Calvin;Meyers;;1955-2-23;Hamilton;ON;Canada;;;1
7125;-1;Rizaldo;Mamaril;;1977-6-16;Koronadal;SOU;Philippines;;;0
7126;-1;Chris;Boulton;;1984-1-17;Pickering;ON;Canada;;;0
7127;-1;Gord;Metcalfe;;1983-10-7;Cambridge;ON;Canada;;;0
7128;-1;Stan;Greenleaf;;1966-12-12;Mount Vernon;KY;United States;;;0
7129;-1;Peter;Skabla;;1971-3-9;Brezno;BAN;Slovakia;;;0
7130;-1;Bruno;Lessard;;1970-5-21;Longueuil;QC;Canada;;;0
7131;-1;Devon;Kuczek;;1964-12-1;Burnaby;BC;Canada;;;0
7132;-1;William;McAngus;;1968-7-4;Chicago;IL;United States;;;0
7133;-1;FranÁois;Bouchard;;1959-9-12;Lachute;QC;Canada;;;0
7134;-1;Matthew;Lawson;;1977-1-13;Vancouver;BC;Canada;;;0
7135;-1;Taylor;Hughes;;1983-6-11;Winnipeg;MB;Canada;;;0
7136;-1;Owen;Manning;;1971-9-16;Fort St. John;BC;Canada;;;0
7137;-1;David;Gervais;;1955-8-6;Rouyn-Noranda;QC;Canada;;;0
7138;387;Liam;Sowell;;1973-12-30;Palmer;TX;United States;;;0
7139;-1;Kayden;Hervato;;1963-5-23;Kawartha Lakes;ON;Canada;;;0
7140;-1;Jackson;Donleavy;;1975-6-26;Halifax;NS;Canada;;;0
7141;-1;Travis;Shupak;;1966-9-5;Burnaby;BC;Canada;;;0
7142;-1;Heath;Lizon;;1956-5-30;Coquitlam;BC;Canada;;;0
7143;-1;Tyson;Board;;1967-12-29;Newmarket;ON;Canada;;;0
7144;-1;Jade;Miller;;1955-11-18;Hamilton;ON;Canada;;;0
7145;-1;Daniel;Keating;;1982-12-27;Surrey;BC;Canada;;;0
7146;-1;Eric;Watson;;1966-12-23;Sudbury;ON;Canada;;;0
7147;-1;Pierre-Yves;ValliËres;;1958-9-28;Toronto;ON;Canada;;;0
7148;-1;Kevin;Franks;;1963-5-25;East Granby;CT;United States;;;0
7149;-1;Michael;Wyllie;;1969-7-13;Liverpool;NS;Canada;;;0
7150;-1;Rico;Smith;;1977-8-31;Mississauga;ON;Canada;;;0
7151;-1;Christophe-FranÁois;MÈnard;;1979-7-7;Moncton;NB;Canada;;;0
7152;-1;Andrew;Tataryn;;1962-5-5;Oshawa;ON;Canada;;;0
7153;-1;Killian;Vokes;;1965-1-22;Rodney;ON;Canada;;;0
7154;-1;Keagan;Cardinal;;1974-10-26;Regina;SK;Canada;;;0
7155;-1;Jordan;Brewer;;1959-9-14;Pickering;ON;Canada;;;0
7156;-1;Pier-Luc;Daigneault;;1970-1-17;Quebec City;QC;Canada;;;0
7157;-1;Sergey;Agafonnikov;;1958-11-23;Moscow;MOS;Russia;;;0
7158;-1;Dan;Garrioch;;1962-2-17;Pickering;ON;Canada;;;0
7159;-1;Christophe-FranÁois;Tran;;1980-6-3;Rouyn-Noranda;QC;Canada;;;0
7160;-1;Jesse;Frankcombe;;1975-6-2;Reno;NV;United States;;;0
7161;-1;Tyler;Doughty;;1980-12-4;Richmond;BC;Canada;;;0
7162;-1;Paxton;Orser;;1968-1-16;Mississauga;ON;Canada;;;0
7163;-1;Fawwaz;bin Fawzi;;1970-1-29;Ottawa;ON;Canada;;;0
7164;-1;Olivier;Bourgeois;;1964-8-21;Saint-Charles-BorromÈe;QC;Canada;;;0
7165;-1;Matt;Bubnick;;1971-11-27;Alliston;ON;Canada;;;0
7166;-1;Slater;Kambeitz;;1955-8-28;Toronto;ON;Canada;;;0
7167;-1;Kellen;Bubnick;;1981-5-21;Vaughan;ON;Canada;;;0
7168;-1;Jamie;Peters;;1978-3-23;Grand Falls-Windsor;NL;Canada;;;0
7169;-1;Josh;Foster;;1975-10-27;Calgary;AB;Canada;;;0
7170;-1;Kevin;Myhres;;1962-8-31;Cambridge;ON;Canada;;;0
7171;-1;Rob;Langford;;1973-1-11;Surrey;BC;Canada;;;0
7172;-1;Jason;Cronenberg;;1956-4-13;St. Catharines;ON;Canada;;;0
7173;-1;Butch;Kwon;;1959-1-27;Deer Lake;NL;Canada;;;0
7174;-1;Lance;Roest;;1969-2-3;Whitby;ON;Canada;;;0
7175;-1;Mathieu;Goyer;;1976-3-2;Quispamsis;NB;Canada;;;0
7176;-1;Brandon;Kord;;1971-1-6;County of Brant;ON;Canada;;;0
7177;-1;Graham;Koskimaki;;1968-4-13;Strathcona;AB;Canada;;;0
7178;-1;Sam;Zwinge;;1968-2-27;Claresholm;AB;Canada;;;0
7179;-1;John-William;Blais;;1968-3-26;Laval;QC;Canada;;;0
7180;-1;Olivier;Juteau;;1973-10-21;Montreal;QC;Canada;;;0
7181;-1;Kyle;Jowett;;1963-2-7;Surrey;BC;Canada;;;0
7182;-1;Tanner;Forster;;1955-9-13;Ingersoll;ON;Canada;;;0
7183;-1;Aaron;Chegahno;;1977-5-8;Chatham-Kent;ON;Canada;;;0
7184;-1;RaphaÎl;Bourgault;;1964-4-30;RosemËre;QC;Canada;;;0
7185;-1;Samuel;Simard;;1970-8-20;Montreal;QC;Canada;;;0
7186;-1;Philippe;Beauchemin;;1984-9-3;Quebec City;QC;Canada;;;0
7187;-1;Brad;Viglasi;;1984-7-28;Victoria;BC;Canada;;;0
7188;-1;Romain;…thier;;1979-11-16;Montreal;QC;Canada;;;0
7189;-1;Evan;Brown;;1974-1-2;Barrie;ON;Canada;;;0
7190;-1;Alex;Becker;;1964-5-22;Peterborough;ON;Canada;;;0
7191;-1;T.J.;Pedersen;;1977-12-31;Calgary;AB;Canada;;;0
7192;-1;Brenden;Dallin;;1962-12-24;Brampton;ON;Canada;;;0
7193;-1;Connor;Dickson;;1982-6-16;Courtenay;BC;Canada;;;0
7194;-1;Jeremy;Rowling;;1957-8-24;Calgary;AB;Canada;;;0
7195;-1;Christian;Latour;;1968-6-3;Fredericton;NB;Canada;;;0
7196;-1;Tyler;Vignola;;1957-11-25;Oromocto;NB;Canada;;;0
7197;-1;Aden;Larter;;1969-10-9;Halifax;NS;Canada;;;0
7198;-1;Davide;Dal ben;;1978-5-14;Mississauga;ON;Canada;;;0
7199;-1;Renaud;MÈnard;;1970-4-22;Kitchener;ON;Canada;;;0
7200;-1;Chad;Dibella;;1977-5-12;Ottawa;ON;Canada;;;0
7201;-1;Matt;Perry;;1973-10-27;Kingston;ON;Canada;;;0
7202;-1;Doug;Bach;;1979-7-15;Toronto;ON;Canada;;;0
7203;-1;Kurtis;Dobias;;1982-8-31;Lacombe;AB;Canada;;;0
7204;-1;Davis;Wilson;;1980-11-4;Lakefield;ON;Canada;;;0
7205;-1;Tony;Turner;;1958-10-22;Vancouver;BC;Canada;;;0
7206;-1;Mat;Russo;;1984-6-19;Chilliwack;BC;Canada;;;0
7207;-1;Rico;Pearson;;1981-1-2;Ottawa;ON;Canada;;;0
7208;-1;Jarrad;Winther;;1966-4-30;Toronto;ON;Canada;;;0
7209;-1;Anton;Malmstrˆm;;1958-10-10;Gˆteborg;V‰S;Sweden;;;0
7210;-1;Nicolas;Arcand;;1960-3-17;Lac-Beauport;QC;Canada;;;0
7211;-1;Mitchell;Cowan;;1980-7-1;Saint-Augustin;QC;Canada;;;0
7212;-1;Lynn;Beardsmore;;1984-9-17;Toronto;ON;Canada;;;0
7213;-1;Cristopher;Rumble;;1961-6-27;Castlegar;BC;Canada;;;0
7214;-1;Ryan;Pointon;;1958-9-14;Toronto;ON;Canada;;;0
7215;-1;Pierre-Luc;Desroches;;1981-7-14;Toronto;ON;Canada;;;0
7216;-1;Colton;Mackey;;1962-2-21;West Vancouver;BC;Canada;;;0
7217;-1;Luca;Carosi;;1984-11-11;Pistoia;TUS;Italy;;;0
7218;-1;Brett;Sparkes;;1984-9-16;Langley;BC;Canada;;;0
7219;-1;Michael;Zafiris;;1956-2-12;Medicine Hat;AB;Canada;;;0
7220;-1;Austin;Coon;;1971-3-17;Stratford;ON;Canada;;;0
7221;-1;Tero;Saarni;;1966-8-22;Siilinj‰rvi;NSA;Finland;;;0
7222;-1;Ilie;Marinescu;;1979-4-29;Khabarovsk;KHA;Russia;;;0
7223;-1;Alex;Sadler;;1955-10-21;Markham;ON;Canada;;;0
7224;-1;Kobe;Imoberdorf;;1957-7-21;Toronto;ON;Canada;;;0
7225;-1;Cody;DesRochers;;1960-11-8;Toronto;ON;Canada;;;0
7226;-1;Steve;Yaremchuk;;1981-8-11;Richmond;BC;Canada;;;0
7227;-1;Michael;Carr;;1981-10-6;Belleville;ON;Canada;;;0
7228;-1;Diethmar;Thiemann;;1983-1-7;Calgary;AB;Canada;;;0
7229;-1;Ravindar;Sidhu;;1955-7-18;Cobourg;ON;Canada;;;0
7230;-1;Julien;Dallaire;;1964-11-16;Montreal;QC;Canada;;;0
7231;-1;Jarrad;Findlay;;1984-10-1;Regina;SK;Canada;;;0
7232;-1;NicolÚ;Agazzi;;1982-11-19;Markham;ON;Canada;;;0
7233;-1;Matias;Stairs;;1981-1-2;Toronto;ON;Canada;;;0
7234;-1;Mike;Muchalla;;1977-8-12;Cambridge;ON;Canada;;;0
7235;-1;Maxime;Laroche;;1955-7-12;Quebec City;QC;Canada;;;0
7236;-1;David;Reich;;1978-12-7;Saskatoon;SK;Canada;;;0
7237;-1;Dustin;Walchuk;;1982-11-16;Mississauga;ON;Canada;;;0
7238;-1;Pierre-Dominique;Hernandez;;1964-4-3;Laval;QC;Canada;;;0
7239;-1;Steven;Cumming;;1982-6-27;Toronto;ON;Canada;;;0
7240;-1;Markus;Duerden;;1967-1-14;Edmundston;NB;Canada;;;0
7241;-1;Peter;Betts;;1980-11-2;Edmonton;AB;Canada;;;0
7242;-1;Wes;Madill;;1978-10-21;Edmonton;AB;Canada;;;0
7243;-1;Michael;Thomson;;1973-5-13;Saint John;NB;Canada;;;0
7244;-1;Andrew;Corkey;;1964-9-1;Burnaby;BC;Canada;;;0
7245;-1;Collin;Durrant;;1961-7-27;Calgary;AB;Canada;;;0
7246;-1;…mile;Tremblay;;1966-6-14;Ch‚teauguay;QC;Canada;;;0
7247;-1;Ed;Austin;;1955-7-31;Calgary;AB;Canada;;;0
7248;-1;Alex;Maheux;;1965-4-17;Repentigny;QC;Canada;;;0
7249;-1;Tyler;Tolean;;1976-11-4;Markham;ON;Canada;;;0
7250;-1;…ric;Tardif;;1977-2-5;Victoriaville;QC;Canada;;;0
7251;-1;Jason;Smith;;1966-12-25;Niagara-on-the-Lake;ON;Canada;;;0
7252;-1;Adam;Dubblestyne;;1962-3-28;Toronto;ON;Canada;;;0
7253;-1;Jeff;Ronson;;1980-2-11;Edmonton;AB;Canada;;;0
7254;-1;Francois;Sigmundson;;1962-12-20;South Glengarry;ON;Canada;;;0
7255;-1;Torin;Allinson;;1974-2-27;Markham;ON;Canada;;;0
7256;-1;Gavin;Fedoruk;;1964-10-9;Ajax;ON;Canada;;;0
7257;-1;Gabriel;Morin;;1971-9-8;Moncton;NB;Canada;;;0
7258;-1;Kyle;Magowan;;1957-2-21;Edmonton;AB;Canada;;;0
7259;-1;Josh;Monkman;;1956-6-10;Tavistock;ON;Canada;;;0
7260;-1;Brock;Crescenzi;;1982-4-21;Toronto;ON;Canada;;;0
7261;-1;Romain;Ouimet;;1976-7-18;Laval;QC;Canada;;;0
7262;-1;Chris;Lawson;;1961-10-21;Vernon;BC;Canada;;;0
7263;-1;Dave;Samoluk;;1976-9-3;Nanticoke;ON;Canada;;;0
7264;-1;Dylan;Trost;;1969-5-8;Ottawa;ON;Canada;;;0
7265;-1;Alain;Tremblay;;1983-5-30;Toronto;ON;Canada;;;0
7266;-1;Randolph;Tillman;;1966-6-25;Alton North;TX;United States;;;0
7267;-1;Matthew;Thomson;;1976-3-22;Vancouver;BC;Canada;;;0
7268;-1;Giovanni;Patti;;1973-8-13;Toronto;ON;Canada;;;0
7269;-1;Bobby;Cranston;;1958-5-23;Abbotsford;BC;Canada;;;0
7270;-1;Joe;Parnell;;1955-2-20;Ottawa;ON;Canada;;;1
7271;-1;Brandon;Magnowski;;1981-2-27;Calgary;AB;Canada;;;0
7272;-1;RenÈ-Charles;St-Amour;;1982-9-7;Quinte West;ON;Canada;;;0
7273;-1;Maverick;Sullivan;;1963-4-28;Halifax;NS;Canada;;;0
7274;-1;Dylan;Spruce;;1978-6-7;Sydney Mines;NS;Canada;;;0
7275;-1;Mike;Dow;;1972-9-20;Ottawa;ON;Canada;;;0
7276;-1;Yo;Miyamoto;;1965-2-4;Chiba;CHI;Japan;;;0
7277;-1;Jon;Moser;;1965-7-17;Windsor;ON;Canada;;;0
7278;-1;Andrew;Kinney;;1976-12-3;Calgary;AB;Canada;;;0
7279;-1;Yanik;Pitta;;1957-10-22;Edmonton;AB;Canada;;;0
7280;-1;Julien;St-Louis;;1979-12-6;Quebec City;QC;Canada;;;0
7281;-1;William;Dion;;1980-9-14;Beauceville;QC;Canada;;;0
7282;-1;Kevin;Samson;;1983-4-17;Hamilton;ON;Canada;;;0
7283;-1;James;Wallace;;1984-10-14;Toronto;ON;Canada;;;0
7284;-1;Donovan;Delisle;;1984-10-8;Brossard;QC;Canada;;;0
7285;-1;Josh;Fountain;;1971-2-24;Sarnia;ON;Canada;;;0
7286;-1;Alessandro;Botticelli;;1961-1-1;Oakville;ON;Canada;;;0
7287;-1;Ben;Ellerby;;1978-3-14;Salaberry-de-Valleyfield;QC;Canada;;;0
7288;-1;Reid;Bauchman;;1964-8-3;Coquitlam;BC;Canada;;;0
7289;-1;Milan;Shedden;;1965-10-1;Barrie;ON;Canada;;;0
7290;-1;Mathew;Josephson;;1964-4-13;Toronto;ON;Canada;;;0
7291;-1;Jordan;Agnew;;1965-12-8;Thunder Bay;ON;Canada;;;0
7292;-1;Luke;Guay;;1976-11-1;Toronto;ON;Canada;;;0
7293;-1;Gim;Byeong-hui;;1970-8-13;Yongin;GYE;South Korea;;;0
7294;-1;Christopher;Kendra;;1972-11-21;North Bay;ON;Canada;;;0
7295;-1;Josh;Thomas;;1966-2-28;Brampton;ON;Canada;;;0
7296;-1;Lucas;Chernecki;;1969-6-5;Ottawa;ON;Canada;;;0
7297;-1;Maksim;Gaygalis;;1984-10-2;Vladimir;VLA;Russia;;;0
7298;-1;Mike;Wabbit;;1980-7-17;Nelson;BC;Canada;;;0
7299;-1;Jeremy;Howell;;1978-6-22;Montreal;QC;Canada;;;0
7300;-1;Gabriel;Lapointe;;1970-10-25;Saint-Jean-sur-Richelieu;QC;Canada;;;0
7301;-1;Paul;Wynn;;1964-12-5;Calgary;AB;Canada;;;0
7302;-1;Trevor;Kurt;;1962-8-25;Edmonton;AB;Canada;;;0
7303;-1;Brett;Lewington;;1957-6-28;Norwich;ON;Canada;;;0
7304;-1;Colin;Zaleski;;1963-9-14;New Westminster;BC;Canada;;;0
7305;-1;Dylan;Jarrett;;1971-11-6;Ottawa;ON;Canada;;;0
7306;-1;Michael;Phee;;1971-1-16;Surrey;BC;Canada;;;0
7307;-1;Thom;Paulides;;1957-12-2;North Highlands;CA;United States;;;0
7308;-1;Marcus;Geddes;;1982-7-23;Ottawa;ON;Canada;;;0
7309;-1;Chance;Elliot;;1968-5-8;Toronto;ON;Canada;;;0
7310;-1;Wayne;Crane;;1981-1-18;Mississauga;ON;Canada;;;0
7311;-1;Jordan;Kolton;;1957-8-16;Hamilton;ON;Canada;;;0
7312;-1;Carter;Hemmings;;1962-9-18;Edmonton;AB;Canada;;;0
7313;-1;Carl-Luc;Valois;;1964-7-6;Tracadie-Sheila;NB;Canada;;;0
7314;-1;Jashan;Young;;1959-1-31;Oakville;ON;Canada;;;0
7315;-1;Wilf;Brown;;1968-7-8;Kitchener;ON;Canada;;;0
7316;-1;…mile;Delisle;;1969-6-9;Montreal;QC;Canada;;;0
7317;-1;Kevin;Williams;;1971-3-9;Burnaby;BC;Canada;;;0
7318;-1;Landon;McIntosh;;1962-10-9;Hamilton;ON;Canada;;;0
7319;-1;Brennan;Seldon;;1965-12-8;Toronto;ON;Canada;;;0
7320;-1;Daniel;Tremblay;;1984-11-10;Repentigny;QC;Canada;;;0
7321;-1;Jeff;Soucy;;1976-6-2;London;ON;Canada;;;0
7322;-1;Joe;McGillis;;1982-4-1;Port Colborne;ON;Canada;;;0
7323;-1;CÈdrick;Thibault;;1981-4-19;Windsor;ON;Canada;;;0
7324;-1;Louis;Gingras;;1970-1-7;Grand Falls-Windsor;NL;Canada;;;0
7325;-1;Brandon;Hamblin;;1970-3-8;Kitchener;ON;Canada;;;0
7326;-1;Dustin;Tatonetti;;1965-5-5;Toronto;ON;Canada;;;0
7327;-1;Joel;Burtniak;;1963-7-3;London;ON;Canada;;;0
7328;-1;Denys;Fortin;;1956-11-8;Bathurst;NB;Canada;;;0
7329;-1;Matt;Ivey;;1978-8-5;Montreal;QC;Canada;;;0
7330;-1;David;Haywood;;1974-12-23;Whitby;ON;Canada;;;0
7331;-1;Maximus;Hamber;;1956-1-9;Kitchener;ON;Canada;;;0
7332;-1;FÈlix-Nicolas;Latour;;1976-4-8;Montreal;QC;Canada;;;0
7333;-1;Lindsay;McKinlay;;1960-6-6;Vernon;BC;Canada;;;0
7334;-1;Jeff;McLean;;1971-5-7;Ottawa;ON;Canada;;;0
7335;-1;Geoff;Maktaak;;1965-7-15;Toronto;ON;Canada;;;0
7336;-1;Brayden;King;;1960-9-8;Winnipeg;MB;Canada;;;0
7337;-1;Stepan;Sergeyev;;1955-9-25;Moscow;MOS;Russia;;;0
7338;-1;Robbie;Saitoh;;1964-10-23;Merritt;BC;Canada;;;0
7339;-1;Marc-Antoine;Meilleur;;1966-9-4;CÙte Saint-Luc;QC;Canada;;;0
7340;-1;Preston;McCalpin;;1984-10-4;Barrie;ON;Canada;;;0
7341;-1;Stephen;Aime;;1959-3-19;Cape Breton Regional Municipality;NS;Canada;;;0
7342;-1;Calvin;Polak;;1981-10-7;Toronto;ON;Canada;;;0
7343;-1;Dylan;Cournoyer;;1965-9-2;Brampton;ON;Canada;;;0
7344;-1;Nikolay;Zazuk;;1975-10-19;Dedovsk;MOS;Russia;;;0
7345;-1;Shinkichi;Watanabe;;1979-12-28;Tokyo;TOK;Japan;;;0
7346;-1;Robin;Poirier;;1974-11-20;Sorel-Tracy;QC;Canada;;;0
7347;-1;Samuel;Maltais;;1984-4-11;La Prairie;QC;Canada;;;0
7348;-1;Alexandre;Chevalier;;1978-10-20;Sherbrooke;QC;Canada;;;0
7349;-1;Craig;McVittie;;1957-7-16;Oshawa;ON;Canada;;;0
7350;-1;AndrÈ-Philippe;Carpentier;;1975-9-3;Carleton;QC;Canada;;;0
7351;-1;Anthony;Mitchell;;1975-4-11;Kitimat;BC;Canada;;;0
7352;-1;…lie;Avril;;1968-1-19;Saanich;BC;Canada;;;0
7353;-1;Travis;Terriss;;1966-4-2;Kitchener;ON;Canada;;;0
7354;-1;Aaron;Holte;;1955-6-14;North Ridgeville;OH;United States;;;1
7355;-1;Stephen;Schaefer;;1965-12-31;Wood Buffalo;AB;Canada;;;0
7356;-1;James;Murray;;1976-2-1;Paradise;NL;Canada;;;0
7357;-1;Kevin;Price;;1983-12-8;Saint-Hyacinthe;QC;Canada;;;0
7358;-1;Braden;Raymond;;1974-8-26;Ajax;ON;Canada;;;0
7359;-1;Matt;Sillem;;1977-7-13;Surrey;BC;Canada;;;0
7360;-1;Marc;Woodworth;;1982-4-19;High River;AB;Canada;;;0
7361;-1;Kiel;MacGregor;;1976-2-12;Hamilton;ON;Canada;;;0
7362;-1;Brett;Ravlich;;1973-2-12;Peterborough;ON;Canada;;;0
7363;-1;JÈrÈmy;Tremblay;;1970-7-12;Longueuil;QC;Canada;;;0
7364;-1;William;Tremblay;;1974-5-9;Quebec City;QC;Canada;;;0
7365;-1;Glen;Lesuk;;1960-8-11;Toronto;ON;Canada;;;0
7366;-1;Deric;Grant;;1978-12-1;Vancouver;BC;Canada;;;0
7367;-1;Colin;Buttrey;;1964-3-31;Sherwood Park;AB;Canada;;;0
7368;-1;Usamah;Mansoor;;1980-10-17;Edmonton;AB;Canada;;;0
7369;-1;Alexis;Sabatier;;1978-10-10;Kamloops;BC;Canada;;;0
7370;-1;Tyler;Daly;;1978-2-4;Strathcona;AB;Canada;;;0
7371;-1;Michael;Walrod;;1959-9-2;Sarnia;ON;Canada;;;0
7372;-1;Alexandru;Tanasa;;1984-4-29;Bucharest;BUC;Romania;;;0
7373;-1;Akif;Turkestanov;;1964-10-5;Semey;SIG;Kazakhstan;;;0
7374;-1;Darren;Wright;;1979-4-6;Sarnia;ON;Canada;;;0
7375;-1;Guillaume;GagnÈ;;1966-6-23;Beloeil;QC;Canada;;;0
7376;-1;Brandon;Brown;;1984-9-15;Caledon;ON;Canada;;;0
7377;-1;Matt;Reichert;;1955-10-24;Toronto;ON;Canada;;;0
7378;-1;Jacob;Currie;;1972-10-15;Midland;ON;Canada;;;0
7379;-1;Gabriel;Therrien;;1976-9-20;Montreal;QC;Canada;;;0
7380;-1;Ryan;Perrott;;1955-1-2;Burnaby;BC;Canada;;;1
7381;-1;Mathieu;Fournier;;1955-12-23;Sainte-Julie;QC;Canada;;;0
7382;-1;Nicolas;Landry;;1975-3-27;Sainte-Anne-des-Plaines;QC;Canada;;;0
7383;-1;Anthony;Halley;;1960-6-23;Guelph;ON;Canada;;;0
7384;-1;Michael;Fernhout;;1955-12-18;Saskatoon;SK;Canada;;;0
7385;-1;Kevan;Mackie;;1983-4-24;Red Deer;AB;Canada;;;0
7386;-1;Stephen;Kerbashian;;1977-10-10;Sackville;NS;Canada;;;0
7387;-1;Adam;Maletta;;1960-5-7;Sudbury;ON;Canada;;;0
7388;-1;Mathieu;Richer;;1968-10-18;Hamilton;ON;Canada;;;0
7389;-1;Nolan;Temple;;1981-2-23;Edmonton;AB;Canada;;;0
7390;-1;Marsel;Bernikov;;1969-10-9;Ukhta;KOM;Russia;;;0
7391;-1;Francis;Kearns;;1976-8-22;Toronto;ON;Canada;;;0
7392;-1;Gregg;Phillips;;1966-3-2;Campbell River;BC;Canada;;;0
7393;-1;Stephen;McAuley;;1979-10-30;Markham;ON;Canada;;;0
7394;-1;Sam;Kelly;;1974-9-30;Toronto;ON;Canada;;;0
7395;-1;Scott;Murray;;1982-4-8;Cole Harbour;NS;Canada;;;0
7396;-1;Sugimoto;Miyamoto;;1959-1-14;Kurashiki;OKA;Japan;;;0
7397;-1;Justin;Allard;;1956-9-21;Montreal;QC;Canada;;;0
7398;-1;Julian;Candido;;1955-4-8;Sept-Œles;QC;Canada;;;1
7399;-1;MichaÎl;Major;;1984-11-3;Rigaud;QC;Canada;;;0
7400;292;Dylan;Sykes;;1970-5-3;Vancouver;WA;United States;;;0
7401;292;Bruce;Bolden;;1962-9-24;Old Jamestown;MO;United States;;;0
7402;292;Roger;June;;1970-4-17;New Rochelle;NY;United States;;;0
7403;292;Frank;Pether;;1979-8-9;Granger;IN;United States;;;0
7404;292;Ray;Neilson;;1961-2-20;Nashua;NH;United States;;;0
7405;292;Daniel;Edmonds;;1976-2-23;West New York;NJ;United States;;;0
7406;292;Brendon;Isenhower;;1959-8-24;Riva;MD;United States;;;0
7407;292;Steve;MacIntosh;;1977-1-14;Keystone;FL;United States;;;0
7408;292;Jerry;Gorman;;1981-1-11;Bellevue;NE;United States;;;0
7409;292;Steve;Fredericks;;1972-10-27;Sebago;ME;United States;;;0
7410;293;Dirk;Jenniff;;1972-4-29;Lawrence Park;PA;United States;;;0
7411;293;Bob;Smith;;1965-8-6;Bloomfield;NJ;United States;;;0
7412;293;Greg;Lewry;;1980-2-4;Homewood;AL;United States;;;0
7413;293;Matt;McCullough;;1973-7-11;Skokie;IL;United States;;;0
7414;293;Dan;Watford;;1968-9-25;Lauderhill;FL;United States;;;0
7415;293;Victor;Turnbow;;1967-9-19;Durham;NC;United States;;;0
7416;293;Ryan;Owens;;1978-6-21;Washington Heights;NY;United States;;;0
7417;293;Cecil;Merritt;;1959-8-14;Jacksonville;NC;United States;;;0
7418;293;Howard;Beasley;;1956-6-15;Fontana;CA;United States;;;0
7419;293;Ben;Milligan;;1980-7-2;Clearwater;FL;United States;;;0
7420;294;Jeff;Fussell;;1960-6-28;Northfield;IL;United States;;;0
7421;294;Lorenzo;Tironi;;1975-10-7;Bondeno;EMI;Italy;;;0
7422;294;Steve;Mahoney;;1957-4-16;Independence;MN;United States;;;0
7423;294;Jim;Jensen;;1970-10-4;Brooklyn;NY;United States;;;0
7424;294;Keith;Lazarus;;1960-7-3;Brooklyn;NY;United States;;;0
7425;294;Liam;Keller;;1971-2-21;Fitchburg;MA;United States;;;0
7426;294;Rickey;Kiger;;1962-5-23;Jacksonville;FL;United States;;;0
7427;294;Fred;Houston;;1974-12-3;Middleburg Heights;OH;United States;;;0
7428;294;Miguel;Ojeda;;1976-11-8;La Presa;CA;United States;;;0
7429;294;Joel;Schneider;;1984-2-24;New Brunswick;NJ;United States;;;0
7430;295;Marvin;Sine;;1970-2-23;American Fork;UT;United States;;;0
7431;295;Curtis;Martland;;1979-5-12;Detroit;MI;United States;;;0
7432;295;Otis;Pace;;1974-10-30;Milton;WA;United States;;;0
7433;295;Edward;Cosey;;1976-11-29;Chicago;IL;United States;;;0
7434;295;Ben;Hacker;;1972-2-21;Columbus Grove;OH;United States;;;0
7435;295;Chris;Berry;;1959-6-4;North Kansas City;MO;United States;;;0
7436;295;Jake;Tillett;;1965-1-13;Chicopee;MA;United States;;;0
7437;295;Eric;McGuinness;;1974-7-5;Macon;GA;United States;;;0
7438;295;Rob;Lewis;;1972-8-5;Grant;MN;United States;;;0
7439;295;Vance;Nicholson;;1971-2-5;Oakley;CA;United States;;;0
7440;296;Anthony;Morris;;1955-7-3;Lakeland South;WA;United States;;;0
7441;296;Rick;McLaughlin;;1960-12-22;El Paso;TX;United States;;;0
7442;296;Wally;Myers;;1972-11-25;Golden Gate;FL;United States;;;0
7443;296;Jeremy;Holles;;1977-5-4;Vernon;CT;United States;;;0
7444;296;Tim;Miner;;1957-4-23;Pleasant Hills;MD;United States;;;0
7445;296;Jon;Gouge;;1967-5-19;Modesto;CA;United States;;;0
7446;296;Ed;Washbourne;;1971-3-16;Stafford;NY;United States;;;0
7447;296;Roger;Inman;;1970-7-22;Eaton Rapids;MI;United States;;;0
7448;296;Tim;Stremme;;1967-2-11;Houston;TX;United States;;;0
7449;296;Glenn;Larkin;;1982-9-24;Lewistown;PA;United States;;;0
7450;297;Larry;Greenawalt;;1967-7-29;Lancaster;OH;United States;;;0
7451;297;Paul;McGowan;;1966-8-20;Chicago;IL;United States;;;0
7452;297;Brian;McClain;;1960-2-6;Billings;MT;United States;;;0
7453;297;Ken;Parks;;1959-8-28;Catalina Foothills;AZ;United States;;;0
7454;297;Allan;Gregg;;1956-3-14;Greenwood;IN;United States;;;0
7455;297;Gerald;Botts;;1970-8-23;Media;PA;United States;;;0
7456;297;Phil;LeBlanc;;1968-10-31;Valdese;NC;United States;;;0
7457;297;Johnathan;Cunningham;;1975-3-7;Royal Palm Beach;FL;United States;;;0
7458;297;Mike;Goodnight;;1962-6-1;Green Bay;WI;United States;;;0
7459;297;Alvar;S‰fstrˆm;;1973-8-24;Ripley;TN;United States;;;0
7460;298;Keith;Loveridge;;1961-4-12;Yucca Valley;CA;United States;;;0
7461;298;Xavier;Nichols;;1972-11-28;Haydenville;OH;United States;;;0
7462;298;Paul;Lane;;1967-5-1;Holladay;UT;United States;;;0
7463;298;Max;Barlick;;1963-4-10;River Ridge;LA;United States;;;0
7464;298;Bill;Hamil;;1973-10-30;Melbourne;FL;United States;;;0
7465;298;Bob;Wilson;;1975-3-24;Dallas;TX;United States;;;0
7466;298;Reginald;Goble;;1965-11-10;Grafton;WV;United States;;;0
7467;298;Daniel;Docking;;1963-6-2;Seattle Hill-Silver Firs;WA;United States;;;0
7468;298;Tyler;Fullen;;1956-6-21;Orem;UT;United States;;;0
7469;298;Kenneth;Rose;;1971-7-16;Merrick;NY;United States;;;0
7470;299;Erik;Rising;;1977-1-14;Richmond Heights;OH;United States;;;0
7471;299;Xavier;CortÈz;;1968-5-24;Manassas Park;VA;United States;;;0
7472;299;Kevin;Whitaker;;1977-7-7;Santee;CA;United States;;;0
7473;299;Wendell;Donaldson;;1956-6-10;New York;NY;United States;;;0
7474;299;Ken;Linsmayer;;1967-11-24;Bolingbrook;IL;United States;;;0
7475;299;Ray;Crockford;;1973-1-1;Washington;NC;United States;;;0
7476;299;Jeff;Scougal;;1965-11-5;Yakima;WA;United States;;;0
7477;299;Morton;Davenport;;1964-12-9;Catonsville;MD;United States;;;0
7478;299;Jessie;von Haeften;;1963-6-1;Branchburg;NJ;United States;;;0
7479;299;Christian;Klungland;;1981-1-18;Houston;TX;United States;;;0
7480;300;Greg;Leonard;;1972-3-31;Springfield;OH;United States;;;0
7481;300;Carl;Unworth;;1964-10-7;Fort Lauderdale;FL;United States;;;0
7482;300;Tony;Connor;;1969-7-12;Elfers;FL;United States;;;0
7483;300;Nevin;Linden;;1980-5-23;London;ON;Canada;;;0
7484;300;Nick;Weiland;;1962-4-24;Linthicum;MD;United States;;;0
7485;300;Dan;Swanson;;1977-7-1;Nashville;TN;United States;;;0
7486;300;Ken;Gray;;1969-7-20;Beacon;NY;United States;;;0
7487;300;EmÌlio;Hurtado;;1974-1-9;Smiths;AL;United States;;;0
7488;300;Dusty;Moncrieffe;;1982-3-11;Panthersville;GA;United States;;;0
7489;300;Mark;Creasy;;1976-12-12;Pleasant Garden;NC;United States;;;0
7490;301;Bob;Kasten;;1969-11-9;Niles;OH;United States;;;0
7491;301;Dave;Clinton;;1966-11-2;Terrell;TX;United States;;;0
7492;301;Karl;Baddeley;;1968-11-12;Houston;TX;United States;;;0
7493;301;Michael;Childerley;;1961-3-20;Oakville;ON;Canada;;;0
7494;301;Elliot;Hasted;;1961-2-26;West Memphis;AR;United States;;;0
7495;301;Everett;Cravens;;1984-6-23;Mooresville;NC;United States;;;0
7496;301;Paul;Wynn;;1965-10-4;San Tan Valley;AZ;United States;;;0
7497;301;Dan;Pierson;;1982-10-19;Fort Myers;FL;United States;;;0
7498;301;Anthony;Smith;;1971-1-15;Pulaski;VA;United States;;;0
7499;301;Bryan;McAllan;;1976-8-10;Hawkins;WI;United States;;;0
7500;302;Truman;Cantrell;;1971-12-4;Los Angeles;CA;United States;;;0
7501;302;Men;Zengxiang;;1978-7-27;Baiquan;HEI;China;;;0
7502;302;Vaughan;Dunn;;1959-1-28;Washington;DC;United States;;;0
7503;302;Noel;Sewell;;1959-6-19;Coto de Caza;CA;United States;;;0
7504;302;Jeff;Amick;;1970-11-11;Salmon Creek;WA;United States;;;0
7505;302;James;Wilson;;1983-12-4;Moreno Valley;CA;United States;;;0
7506;302;Ronald;Hargrove;;1974-11-7;Wasco;CA;United States;;;0
7507;302;Mark;Barr;;1969-11-29;Fox Crossing;WI;United States;;;0
7508;302;Jeremiah;Dempsey;;1981-8-23;Natalbany;LA;United States;;;0
7509;302;William;Ross;;1961-12-17;Aiken;SC;United States;;;0
7510;303;Ed;Darvell;;1962-1-12;Arlington;TX;United States;;;0
7511;303;Gurumita;Surabhi;;1982-1-11;Hinganghat;MAH;India;;;0
7512;303;Travis;Starr;;1984-3-18;Worcester;MA;United States;;;0
7513;303;Corey;Sparks;;1971-6-9;Port St. Lucie;FL;United States;;;0
7514;303;Gerard;Lindop;;1963-7-5;Ledyard;NY;United States;;;0
7515;303;Johnny;Padgett;;1972-1-1;Denver;CO;United States;;;0
7516;303;Norbert;Starbuck;;1961-12-5;Morris;IL;United States;;;0
7517;303;George;Hamilton;;1979-11-1;San Antonio;TX;United States;;;0
7518;303;George;Rollins;;1972-12-12;Brooklyn;NY;United States;;;0
7519;303;Tim;Graham;;1977-7-1;Kinston;NC;United States;;;0
7520;304;Dave;McMasters;;1956-9-28;Daly City;CA;United States;;;0
7521;304;Mark;Stanley;;1960-2-21;Painesville;OH;United States;;;0
7522;304;Nathan;Fairburn;;1958-10-7;Rosedale;MD;United States;;;0
7523;304;Vincent;Grantham;;1958-4-25;Lino Lakes;MN;United States;;;0
7524;304;Lindsay;O'Reilly;;1981-2-11;Mesa;AZ;United States;;;0
7525;304;Jeremy;Cobley;;1961-4-24;Marlborough;NH;United States;;;0
7526;304;Freddie;Shelton;;1964-4-15;Detroit;MI;United States;;;0
7527;304;Bill;Enloe;;1961-4-23;Demopolis;AL;United States;;;0
7528;304;Chris;Meyer;;1956-3-24;Clinton;MO;United States;;;0
7529;304;Lou;MacGilp;;1960-12-24;Lancaster;CA;United States;;;0
7530;305;Nate;Peterson;;1975-11-21;Stuart;VA;United States;;;0
7531;305;Rob;Lucas;;1967-10-29;Emnambithi;KWA;South Africa;;;0
7532;305;Roger;Lamond;;1957-1-29;Middlebury;CT;United States;;;0
7533;305;Matt;Earl;;1969-3-31;Liberty;NY;United States;;;0
7534;305;Austin;Trafford;;1978-3-3;Glendale;AZ;United States;;;0
7535;305;Raymond;Devore;;1978-9-20;Las Vegas;NV;United States;;;0
7536;305;Jimmy;Horn;;1962-5-28;Boulder;CO;United States;;;0
7537;305;Rusty;Lyon;;1977-1-28;Houston;TX;United States;;;0
7538;305;Steve;Hilburn;;1965-8-25;Mountain Gate;CA;United States;;;0
7539;305;Joseph;Woollatt;;1957-2-16;Charlotte;NC;United States;;;0
7540;306;Tony;Granier;;1968-9-4;Plymouth;MA;United States;;;0
7541;306;George;Drake;;1969-6-19;North Kensington;MD;United States;;;0
7542;306;Jacob;Nunnally;;1970-6-15;Troy;MI;United States;;;0
7543;306;Juan;Ortega;;1971-1-18;Hawaiian Gardens;CA;United States;;;0
7544;306;Bill;O'Dennehy;;1963-2-17;Thornton;CO;United States;;;0
7545;306;Oliver;Shafer;;1974-9-3;Colby;WI;United States;;;0
7546;306;David;Richardson;;1979-4-27;North Tonawanda;NY;United States;;;0
7547;306;Roy;McHutcheon;;1972-2-11;Canonsburg;PA;United States;;;0
7548;306;Glenn;Willey;;1974-5-28;Ken Caryl;CO;United States;;;0
7549;306;Mike;Alexander;;1983-2-13;Dearborn Heights;MI;United States;;;0
7550;307;Adam;Murphy;;1970-1-27;Whiteriver;AZ;United States;;;0
7551;307;Marcos;Aguilar;;1964-6-27;Keller;TX;United States;;;0
7552;307;Richard;Werth;;1980-9-3;Manchester;NH;United States;;;0
7553;307;Ken;Farley;;1958-6-23;Coralville;IA;United States;;;0
7554;307;Dan;Rhodes;;1980-5-24;Salem;NC;United States;;;0
7555;307;Duane;Boyer;;1979-5-3;Marshfield;MA;United States;;;0
7556;307;Bob;Cochrane;;1979-11-13;Kyle;TX;United States;;;0
7557;307;Artie;Simpson;;1965-4-15;Nacogdoches;TX;United States;;;0
7558;307;Shawn;Crowder;;1959-9-6;Rancho Cucamonga;CA;United States;;;0
7559;307;Justin;Latham;;1974-4-12;El Paso;TX;United States;;;0
7560;308;Preston;McCormick;;1978-1-25;Gloversville;NY;United States;;;0
7561;308;Wesley;Carpenter;;1984-2-25;Nurillo;TX;United States;;;0
7562;308;Erik;Phelps;;1966-3-14;San Diego;CA;United States;;;0
7563;308;Harry;Sheedy;;1956-9-21;Mattituck;NY;United States;;;0
7564;308;Devin;Johanson;;1955-9-30;Richmond;VA;United States;;;0
7565;308;Scott;McDermott;;1958-11-10;Cayce;SC;United States;;;0
7566;308;Bobby;McCoy;;1983-1-17;Beacon;NY;United States;;;0
7567;308;Sam;Bower;;1984-1-12;Circle Pines;MN;United States;;;0
7568;308;Wilton;Watson;;1964-6-27;Eagle-Vail;CO;United States;;;0
7569;308;Jim;Richard;;1974-11-17;Ann Arbor;MI;United States;;;0
7570;309;John;Stillingfleet;;1980-11-28;Tigard;OR;United States;;;0
7571;309;Eugene;Hethrington;;1961-5-17;Rancho Santa Margarita;CA;United States;;;0
7572;309;Doug;Murdoch;;1964-11-21;Denver;CO;United States;;;0
7573;309;Jonathan;Harris;;1980-4-9;San Luis Obispo;CA;United States;;;0
7574;309;Edward;Monnington;;1962-8-20;El Paso;TX;United States;;;0
7575;309;Tony;Reynolds;;1960-11-29;Palm River-Clair Mel;FL;United States;;;0
7576;309;Clarence;Ellison;;1980-11-18;Roxbury;NJ;United States;;;0
7577;309;Evan;Bodette;;1958-3-10;Olathe;KS;United States;;;0
7578;309;Krzysztof;Nowacki;;1965-11-29;Sun Valley;NV;United States;;;0
7579;309;Curt;Board;;1976-8-23;Detroit;MI;United States;;;0
7580;310;Taylor;Schultz;;1975-10-20;Baton Rouge;LA;United States;;;0
7581;310;Dwight;Wallace;;1977-8-6;Kenosha;WI;United States;;;0
7582;310;Derrick;Metcalf;;1973-1-25;Arvada;CO;United States;;;0
7583;310;Shawn;Lowe;;1975-9-12;Port St. Lucie;FL;United States;;;0
7584;310;Adam;Brennan;;1965-2-8;St. Rose;LA;United States;;;0
7585;310;Matt;Borwick;;1980-9-6;Johnston;RI;United States;;;0
7586;310;Gideon;Yeend;;1974-10-24;Manassas Park;VA;United States;;;0
7587;310;Ron;Carper;;1976-4-5;Carney;MD;United States;;;0
7588;310;Ryan;Hawchorn;;1963-12-30;Tucson;AZ;United States;;;0
7589;310;John;Pratt;;1966-2-21;Mount Pleasant;TX;United States;;;0
7590;311;Jim;Foster;;1959-7-10;Vinton;VA;United States;;;0
7591;311;Robbie;Furr;;1976-7-1;Kilgore;TX;United States;;;0
7592;311;Flint;Lowe;;1959-8-8;Lakewood;CO;United States;;;0
7593;311;Davis;Mansfield;;1976-5-31;Oxford;MA;United States;;;0
7594;311;Rickey;Cooper;;1958-4-4;Edgewood;MD;United States;;;0
7595;311;Woody;Leonard;;1962-12-21;Paterson;NJ;United States;;;0
7596;311;Josh;Gillespie;;1961-2-26;Brookhaven;GA;United States;;;0
7597;311;Norman;Morrison;;1970-3-10;Edwards;IL;United States;;;0
7598;311;John;Coborn;;1979-9-8;Richmond Heights;FL;United States;;;0
7599;311;Markus;Larson;;1956-8-17;League City;TX;United States;;;0
7600;312;Jared;Mullen;;1958-9-4;Pittsburgh;PA;United States;;;0
7601;312;David;Sweet;;1956-4-20;Fort Dodge;IA;United States;;;0
7602;312;Rafael;Inocian;;1968-4-8;Taylor;MI;United States;;;0
7603;312;Alvin;Miller;;1982-7-9;San Francisco;CA;United States;;;0
7604;312;Corbin;Blankenship;;1959-9-24;Alafaya;FL;United States;;;0
7605;312;Ken;Fouts;;1967-3-21;Willard;MO;United States;;;0
7606;312;Elton;Vowell;;1964-2-28;Bayshore Gardens;FL;United States;;;0
7607;312;John;Avery;;1963-7-5;Wendell;MA;United States;;;0
7608;312;Sean;Shults;;1983-7-4;Coalinga;CA;United States;;;0
7609;312;Danny;Topp;;1980-8-4;Murrieta;CA;United States;;;0
7610;313;Ron;Love;;1967-3-18;Paradise;NV;United States;;;0
7611;313;Nicholas;Schaff;;1964-10-3;Canton;OH;United States;;;0
7612;313;Woody;Hobart;;1966-11-20;Deltona;FL;United States;;;0
7613;313;John;Pearson;;1979-12-29;Syracuse;NY;United States;;;0
7614;313;Ezra;Riley;;1976-12-14;Del Rio;TX;United States;;;0
7615;313;Brent;Richardson;;1962-3-27;San Diego;CA;United States;;;0
7616;313;Bryan;Drouin;;1977-12-17;Minneapolis;MN;United States;;;0
7617;313;Kyle;Harbin;;1964-6-5;Jarales;NM;United States;;;0
7618;313;Ron;Stephens;;1970-11-7;Lancaster;CA;United States;;;0
7619;313;Jeff;Ryan;;1979-2-27;Venice;FL;United States;;;0
7620;314;Alex;Kuwano;;1963-4-17;San Rafael;CA;United States;;;0
7621;314;Waylon;Sparks;;1981-6-25;Fort Dodge;IA;United States;;;0
7622;314;Rickey;Lavine;;1983-10-31;Fresno;CA;United States;;;0
7623;314;Buck;Webb;;1972-1-4;Phillipsburg;NJ;United States;;;0
7624;314;Ron;Caldicott;;1963-4-12;Bourbonnais;IL;United States;;;0
7625;314;Marin;Dupuis;;1969-1-9;El Paso;TX;United States;;;0
7626;314;Mike;Bland;;1958-4-7;New York;NY;United States;;;0
7627;314;Wayne;Frasier;;1968-4-2;Barboursville;VA;United States;;;0
7628;314;Phil;Younger;;1956-4-5;Lakewood;NJ;United States;;;0
7629;314;Elliott;West;;1965-3-19;Carol City;FL;United States;;;0
7630;315;Robert;McClure;;1979-1-14;Friendly;MD;United States;;;0
7631;315;Joseph;Basset;;1958-4-9;Houston;TX;United States;;;0
7632;315;Mackenzie;Fletcher;;1963-5-7;North Vancouver;BC;Canada;;;0
7633;315;Mason;Newman;;1973-8-17;Lead;SD;United States;;;0
7634;315;Ryan;Cox;;1955-12-14;Howell;NJ;United States;;;0
7635;315;Frank;Heaven;;1970-2-18;Murphysboro;IL;United States;;;0
7636;315;Jesse;O'Gavagan;;1982-12-18;Batavia;IL;United States;;;0
7637;315;Craig;Swanson;;1957-10-25;Rochester;NY;United States;;;0
7638;315;Sam;Munroe;;1963-6-10;White Oak;MD;United States;;;0
7639;315;Adam;Salm;;1984-7-4;Ann Arbor;MI;United States;;;0
7640;316;Spencer;Vandehogen;;1974-3-23;London;ON;Canada;;;0
7641;316;Kevin;Gordon;;1982-2-17;Hamilton;ON;Canada;;;0
7642;316;Jonathan;Bouwmeester;;1972-6-17;Winnipeg;MB;Canada;;;0
7643;316;Jim;Pearson;;1957-2-25;Los Angeles;CA;United States;;;0
7644;316;Ed;Calhoon;;1978-8-6;Wyoming;MI;United States;;;0
7645;316;Guillaume;GrÈgoire;;1976-1-1;Laval;QC;Canada;;;0
7646;316;John;Helms;;1965-2-6;Indianapolis;IN;United States;;;0
7647;316;Christian;Marquardt;;1984-5-21;Mississauga;ON;Canada;;;0
7648;316;Mark;Barrette;;1961-4-17;Winnipeg;MB;Canada;;;0
7649;316;Kevin;Moran;;1967-12-8;Maple Ridge;BC;Canada;;;0
7650;317;Rob;Strickland;;1983-11-20;Merritt Island;FL;United States;;;0
7651;317;Brian;Thomasson;;1970-10-28;Mount Carmel;IL;United States;;;0
7652;317;Nicholas;Milam;;1966-3-1;Glendale;AZ;United States;;;0
7653;317;Matthew;Compher;;1968-3-20;St. Louis;MO;United States;;;0
7654;317;Bill;Shepard;;1975-5-19;Winston-Salem;NC;United States;;;0
7655;317;Whit;Mosier;;1970-8-27;Lincoln;NY;United States;;;0
7656;317;Ward;Stanley;;1955-3-29;Tampa;FL;United States;;;0
7657;317;Bryan;Shortt;;1977-9-4;Springfield;PA;United States;;;0
7658;317;Jerry;Numbers;;1958-3-1;Rocklin;CA;United States;;;0
7659;317;Paul;Vans;;1972-5-28;Austin;TX;United States;;;0
7660;318;Noel;Verity;;1957-1-19;Machesney Park;IL;United States;;;0
7661;318;Michael;Saksa;;1981-10-22;Derby;CT;United States;;;0
7662;318;Pat;Hunt;;1978-8-26;Fort Myers;FL;United States;;;0
7663;318;Geoff;Zatkoff;;1973-4-4;Camden;NJ;United States;;;0
7664;318;James;Hayes;;1978-12-10;St. Petersburg;FL;United States;;;0
7665;318;Bill;Nelson;;1960-10-1;Baltimore;MD;United States;;;0
7666;318;Phil;Richardson;;1962-7-1;Salem;MA;United States;;;0
7667;318;Lawrence;Burkhalter;;1979-4-14;Novi;MI;United States;;;0
7668;318;Earl;Rogers;;1976-7-6;Norwalk;CA;United States;;;0
7669;318;Graham;McKain;;1966-3-21;Jacksonville;FL;United States;;;0
7670;319;Joe;Watts;;1978-2-24;Leon Valley;TX;United States;;;0
7671;319;Dennis;Meaker;;1967-7-1;Houston;TX;United States;;;0
7672;319;Emori;Hali;;1967-7-9;Spring Valley Lake;CA;United States;;;0
7673;319;Doug;Mitford;;1968-2-8;Corpus Christi;TX;United States;;;0
7674;319;Curt;Malone;;1959-8-20;Portland;OR;United States;;;0
7675;319;Jim;Selee;;1955-1-15;Tucson;AZ;United States;;;0
7676;319;Anthony;Rundle;;1976-1-17;Nashville;TN;United States;;;0
7677;319;Scott;Wills;;1958-4-18;New York;NY;United States;;;0
7678;319;Christian;Tucker;;1957-12-11;Kenner;LA;United States;;;0
7679;319;Dorian;Risk;;1978-1-31;New York;NY;United States;;;0
7680;320;Dan;Shelton;;1967-8-22;Bonadelle Ranchos-Madera Ranchos;CA;United States;;;0
7681;320;Ben;Woodard;;1977-1-30;Los Angeles;CA;United States;;;0
7682;320;Kendrick;Bailey;;1975-4-30;Oakville;CT;United States;;;0
7683;320;Jack;Small;;1982-5-10;Worcester;MA;United States;;;0
7684;320;Mal;Gray;;1970-5-8;North Olmsted;OH;United States;;;0
7685;320;Jeff;Holm;;1955-5-1;Kula;HI;United States;;;0
7686;320;Jeff;Towns;;1963-7-7;Neptune;NJ;United States;;;0
7687;320;Elwood;Plaistowe;;1974-3-2;East Hill-Meridian;WA;United States;;;0
7688;320;Ken;Carpenter;;1973-6-9;Roanoke;VA;United States;;;0
7689;320;Vincent;McKernan;;1984-1-8;Alhambra;CA;United States;;;0
7690;321;Brian;Ginder;;1976-12-29;Detroit;MI;United States;;;0
7691;321;Mike;Sinclair;;1975-8-4;Sanford;FL;United States;;;0
7692;321;Rob;Eakins;;1971-4-17;Lehi;UT;United States;;;0
7693;321;Jason;Breslin;;1971-9-13;Barnesville;GA;United States;;;0
7694;321;Marcos;Castellanos;;1978-6-5;Oakland Park;FL;United States;;;0
7695;321;Michael;Whelan;;1984-5-9;Willingboro Township;NJ;United States;;;0
7696;321;Jeffrey;Nichols;;1956-2-6;Athens;GA;United States;;;0
7697;321;John;Moorer;;1979-11-29;Mesquite;TX;United States;;;0
7698;321;Artie;Wright;;1979-6-17;Dewar;OK;United States;;;0
7699;321;Jon;Scroggie;;1984-4-29;Evansville;IN;United States;;;0
7700;-1;…ric;Gauthier;;1972-4-25;Quebec City;QC;Canada;;;0
7701;-1;John;Mairs;;1984-10-14;Brooklyn;NY;United States;;;0
7702;-1;Ian;Scarlett;;1984-4-16;Ashtabula;OH;United States;;;0
7703;-1;Melvin;Dobson;;1967-8-8;East Bridgewater;MA;United States;;;0
7704;-1;Trevor;Menteath;;1958-8-1;Germantown;MD;United States;;;0
7705;-1;Bryan;Strait;;1977-5-14;Burlington;CT;United States;;;0
7706;-1;Mark;Leavitt;;1972-5-20;Plantation;FL;United States;;;0
7707;-1;Peter;Murphy;;1961-7-12;Alafaya;FL;United States;;;0
7708;-1;Tim;Bugler;;1971-3-27;Phoenix;AZ;United States;;;0
7709;-1;Stan;Godron;;1984-11-17;Chicago;IL;United States;;;0
7710;-1;Brenton;Forrest;;1964-3-23;Oklahoma City;OK;United States;;;0
7711;-1;Sean;Baggott;;1973-7-1;Springfield;MA;United States;;;0
7712;-1;Allan;Walsh;;1969-7-13;Holiday;FL;United States;;;0
7713;-1;Raymond;Tribe;;1983-9-5;North Bellmore;NY;United States;;;0
7714;-1;Kevin;McGrath;;1974-10-20;Charleston;SC;United States;;;0
7715;-1;Bill;Woods;;1976-8-30;Pike Creek;DE;United States;;;0
7716;-1;Nick;Lenny;;1971-12-6;Alameda;CA;United States;;;0
7717;-1;Pat;Thirlwell;;1966-1-15;Painesville;OH;United States;;;0
7718;-1;Sam;Robertson;;1961-5-6;Indio;CA;United States;;;0
7719;-1;Greg;Showalter;;1977-3-13;Gillette;WY;United States;;;0
7720;-1;Alvin;Brewster;;1955-10-17;Santa Ana;CA;United States;;;0
7721;-1;Ken;Finley;;1978-1-9;Yonkers;NY;United States;;;0
7722;-1;Ernest;Parks;;1983-3-29;Colorado Springs;CO;United States;;;0
7723;-1;Joe;Stanfield;;1972-4-30;Gainesville;FL;United States;;;0
7724;-1;Ron;Smith;;1969-2-16;Shelby;MI;United States;;;0
7725;-1;Anthony;Bryant;;1980-8-22;Brooklyn;NY;United States;;;0
7726;-1;Joseph;Hackney;;1979-6-29;Winston-Salem;NC;United States;;;0
7727;-1;Clyde;Asquith;;1958-9-20;Oakland;CA;United States;;;0
7728;-1;JosÈ;Zambrano;;1964-2-12;Woodland;CA;United States;;;0
7729;-1;Mike;Joseph;;1964-9-29;Hoffman Estates;IL;United States;;;0
7730;-1;Clyde;Ward;;1962-2-14;Grosse Pointe Park;MI;United States;;;0
7731;-1;Tom;Watkins;;1969-5-23;Stanton;CA;United States;;;0
7732;-1;John;Meyer;;1960-6-9;Colonial Park;PA;United States;;;0
7733;-1;Mikhail;Karsavin;;1956-12-4;Smolensk;SMO;Russia;;;0
7734;-1;Callum;Ma;;1961-11-13;Livermore;CA;United States;;;0
7735;-1;Mark;Dounan;;1956-1-2;New York;NY;United States;;;0
7736;-1;Colby;Whatman;;1966-11-5;Austin;TX;United States;;;0
7737;-1;Adam;Melton;;1957-4-8;St. Francisville;LA;United States;;;0
7738;-1;Steve;Pontasch;;1972-5-10;Washington;DC;United States;;;0
7739;-1;Bill;Norwood;;1978-1-11;Larchmont;NY;United States;;;0
7740;-1;Larry;Obama;;1973-2-8;Los Angeles;CA;United States;;;0
7741;-1;Robert;Houcke;;1974-3-24;Plano;TX;United States;;;0
7742;-1;Paul;Marshland;;1980-9-29;Minot;ND;United States;;;0
7743;-1;Stephen;Conrad;;1975-1-15;Gary;IN;United States;;;0
7744;-1;Dennis;Spagnoli;;1963-5-1;Austin;TX;United States;;;0
7745;-1;Rob;Clement;;1978-9-1;Hazel Park;MI;United States;;;0
7746;-1;Peter;Dorsett;;1960-12-30;Trentwood;WA;United States;;;0
7747;-1;Justin;Gibson;;1972-10-23;Little Rock;AR;United States;;;0
7748;-1;Bogdan;Vasin;;1956-5-10;Yekaterinburg;SVE;Russia;;;0
7749;-1;Mike;Bach;;1963-3-5;Woodmere;LA;United States;;;0
7750;-1;Fernando;Moreno;;1982-6-20;Cypress;TX;United States;;;0
7751;-1;Michael;Crews;;1963-11-10;New Iberia;LA;United States;;;0
7752;-1;Lewis;Myers;;1972-1-5;Garfield Heights;OH;United States;;;0
7753;-1;Prabhjeet;Deol;;1984-4-20;Jamshedpur;JHA;India;;;0
7754;-1;Will;St. Albans;;1981-4-22;Covina;CA;United States;;;0
7755;-1;Cory;O'Davoren;;1965-3-16;Douglas;WY;United States;;;0
7756;-1;Bill;Borchardt;;1957-5-16;East San Gabriel;CA;United States;;;0
7757;-1;Rafael;GutiÈrrez;;1977-4-1;Long Beach;CA;United States;;;0
7758;-1;Matt;Fair;;1972-6-21;La Mesa;CA;United States;;;0
7759;-1;Lawrence;Roby;;1965-10-21;Lubbock;TX;United States;;;0
7760;-1;Jack;Gawron;;1968-9-10;Seattle;WA;United States;;;0
7761;-1;Bill;Zumwalt;;1957-10-31;Grand Rapids;MI;United States;;;0
7762;-1;Flint;Ormiston;;1962-3-3;Lynn;MA;United States;;;0
7763;-1;Michael;Damon;;1964-8-31;Summerville;SC;United States;;;0
7764;-1;Jesse;Cross;;1980-3-16;Cleveland;OH;United States;;;0
7765;-1;Ignacio;Tobias;;1976-3-15;North Port;FL;United States;;;0
7766;-1;Ray;Kunz;;1960-8-18;Big Bear Lake;CA;United States;;;0
7767;-1;Travis;Ferreira;;1979-6-17;Yukon;OK;United States;;;0
7768;-1;T.J.;Webb;;1983-11-21;Crystal Lake;IL;United States;;;0
7769;-1;Dawud;Haddad;;1967-4-25;Al Ain;AB;United Arab Emirates;;;0
7770;-1;Marvin;Hilson;;1980-5-8;Tustin;CA;United States;;;0
7771;-1;Islam;Bouzid;;1955-5-2;Tah_amarat;TIY;Algeria;;;1
7772;-1;Melvin;Sackett;;1983-10-1;Mobile;AL;United States;;;0
7773;-1;AntÛnio;Delgado;;1981-11-16;Los Angeles;CA;United States;;;0
7774;-1;Ryan;McCausland;;1955-3-9;Asheville;NC;United States;;;1
7775;-1;Dean;Lynch;;1959-11-6;New York;NY;United States;;;0
7776;-1;Dan;Lollar;;1960-11-21;Marble Falls;TX;United States;;;0
7777;-1;Ra˙l;Frias;;1973-9-19;North Atlanta;GA;United States;;;0
7778;-1;Barney;Price;;1968-11-18;San Diego;CA;United States;;;0
7779;-1;Tad;Neale;;1962-4-11;Iowa City;IA;United States;;;0
7780;-1;Tommy;Murdock;;1970-5-9;Nichols;NY;United States;;;0
7781;-1;Tim;Owens;;1973-8-14;Portsmouth;VA;United States;;;0
7782;-1;Ben;DeBoer;;1968-7-18;Monterey;CA;United States;;;0
7783;-1;Neil;Hollow;;1978-4-13;Thomasville;NC;United States;;;0
7784;-1;Justin;McCain;;1965-3-23;San Antonio;TX;United States;;;0
7785;-1;Daniel;Lutes;;1976-1-11;Holly Hill;FL;United States;;;0
7786;-1;David;Wearmouth;;1956-2-20;Franklin Farm;VA;United States;;;0
7787;-1;Gary;Neal;;1966-2-4;East Fishkill;NY;United States;;;0
7788;-1;Wayne;Robinson;;1976-9-28;Hoosick Falls;NY;United States;;;0
7789;-1;Dale;Stevens;;1958-2-14;East Hill-Meridian;WA;United States;;;0
7790;-1;Monte;Riggs;;1974-2-19;Berlin;OH;United States;;;0
7791;-1;Jimmy;Willard;;1957-10-24;Brooklyn;NY;United States;;;0
7792;-1;Leo;Lacy;;1966-12-15;Section;AL;United States;;;0
7793;-1;Jake;Wright;;1981-3-21;Hampton;VA;United States;;;0
7794;-1;Daniel;Spencer;;1971-4-9;Tacoma;WA;United States;;;0
7795;-1;David;Dunderdale;;1975-10-22;Buffalo;NY;United States;;;0
7796;-1;Mike;Grant;;1975-6-10;Flint;MI;United States;;;0
7797;-1;Christian;Harrison;;1957-5-29;Town 'n' Country;FL;United States;;;0
7798;-1;Charles;Frame;;1979-3-9;Tacoma;WA;United States;;;0
7799;-1;Stanley;Hamilton;;1975-10-17;Hanover Township;NJ;United States;;;0
7800;-1;Lenny;Matsuda;;1960-5-16;Smithfield;RI;United States;;;0
7801;-1;Dave;Austin;;1966-12-27;Cleveland;OH;United States;;;0
7802;-1;Kent;Makepeace;;1979-6-4;Dover;DE;United States;;;0
7803;-1;Lee;Ladner;;1963-3-23;Tustin Foothills;CA;United States;;;0
7804;-1;Ryan;Kirley;;1959-3-1;Jersey City;NJ;United States;;;0
7805;-1;James;Brinkworth;;1976-8-24;El Paso;TX;United States;;;0
7806;-1;David;Shaw;;1974-2-4;Indianapolis;IN;United States;;;0
7807;-1;Alec;Snow;;1980-6-13;Meriden;CT;United States;;;0
7808;-1;Jayson;Covington;;1975-12-1;Columbus;OH;United States;;;0
7809;-1;Dan;Benson;;1974-10-25;South Holland;IL;United States;;;0
7810;-1;Jeremy;Masterson;;1969-5-9;Los Angeles;CA;United States;;;0
7811;-1;Rick;Smiley;;1955-12-26;Little Elm;TX;United States;;;0
7812;-1;Marc;Keenan;;1983-8-24;Winnipeg;MB;Canada;;;0
7813;-1;Ray;Lee;;1971-1-20;Union;NJ;United States;;;0
7814;-1;Ron;Bond;;1983-1-14;Kansas City;KS;United States;;;0
7815;-1;Aleksey;Vidyakin;;1975-5-26;Kommunar;VLA;Russia;;;0
7816;-1;Kirill;Lyutov;;1972-1-18;Zavetnoye;ROS;Russia;;;0
7817;-1;Nick;Gilbertson;;1971-4-19;Augusta;AR;United States;;;0
7818;-1;Logan;O'Flattery;;1980-2-11;Stryker;OH;United States;;;0
7819;-1;Walt;Yoder;;1963-10-28;Silver Springs Shores;FL;United States;;;0
7820;-1;Mathew;Dobson;;1982-2-21;Kewanee;IL;United States;;;0
7821;-1;Bruce;Sykes;;1983-8-5;Old Saybrook;CT;United States;;;0
7822;-1;Dan;Vesprini;;1967-2-13;Pueblo;CO;United States;;;0
7823;-1;Ken;Jenkins;;1983-6-5;Eau Claire;WI;United States;;;0
7824;-1;Lou;Parker;;1983-12-16;DeForest;WI;United States;;;0
7825;-1;Billy;Orr;;1982-8-9;Richmondville;NY;United States;;;0
7826;-1;Tony;Lacy;;1957-3-12;San Francisco;CA;United States;;;0
7827;-1;Joe;Egglestone;;1960-12-5;Chandler;AZ;United States;;;0
7828;-1;Justin;Harwell;;1979-12-7;Atlanta;GA;United States;;;0
7829;-1;Max;Weber;;1962-12-4;Springdale;NJ;United States;;;0
7830;-1;Jerome;Burke;;1966-12-22;Los Angeles;CA;United States;;;0
7831;-1;Artie;Lowe;;1965-12-4;Wauwatosa;WI;United States;;;0
7832;-1;Roy;Benz;;1983-7-1;Seattle;WA;United States;;;0
7833;-1;Robin;Christianson;;1979-2-25;Milton;NH;United States;;;0
7834;-1;Matt;Hoeft;;1983-10-28;Farragut;TN;United States;;;0
7835;-1;Jon;Uhl;;1960-2-24;Beckley;WV;United States;;;0
7836;-1;Phil;Growcott;;1964-7-14;Memphis;TN;United States;;;0
7837;-1;Dwayne;Hargrove;;1973-6-5;Las Vegas;NV;United States;;;0
7838;-1;Nick;DeBello;;1957-2-18;Fremont;CA;United States;;;0
7839;-1;Oscar;MacKey;;1962-11-9;Peoria;IL;United States;;;0
7840;-1;Craig;Ricks;;1979-7-24;New York;NY;United States;;;0
7841;-1;Ron;Payne;;1961-7-9;Wichita;KS;United States;;;0
7842;-1;Shawn;Bowman;;1963-4-12;Hillcrest Heights;MD;United States;;;0
7843;-1;Jon;Fox;;1958-2-17;Spring Valley;CA;United States;;;0
7844;-1;Brian;Andersen;;1974-3-29;Rochester;MN;United States;;;0
7845;-1;Nick;Simpson;;1976-10-30;Colorado Springs;CO;United States;;;0
7846;-1;Billy;Bolton;;1965-4-12;Marina;CA;United States;;;0
7847;-1;Kenny;Minihan;;1966-2-15;Bakersfield;CA;United States;;;0
7848;-1;Bartolo;Rodriguez;;1976-12-21;North Ogden;UT;United States;;;0
7849;-1;Kevin;Barrett;;1960-6-27;Marshall;MO;United States;;;0
7850;-1;Jerome;Sinkewich;;1966-5-2;Valley Park;MO;United States;;;0
7851;-1;Kiichi;Suzuki;;1978-11-23;Shichigahama;MIY;Japan;;;0
7852;-1;Christopher;Murphy;;1971-10-3;Mountain View;CA;United States;;;0
7853;-1;Bob;Riley;;1976-12-10;New Iberia;LA;United States;;;0
7854;-1;Nathan;Frederick;;1970-12-17;Denver;CO;United States;;;0
7855;-1;Harold;Pace;;1956-4-8;Watsonville;CA;United States;;;0
7856;-1;Alex;Seymour;;1961-4-19;Hope Hull;AL;United States;;;0
7857;-1;Steve;Darrow;;1958-9-10;Hybla Valley;VA;United States;;;0
7858;-1;Edmond;Dougal;;1977-12-17;Phoenix;AZ;United States;;;0
7859;-1;Jason;O'Kearney;;1959-6-3;Evesham Township;NJ;United States;;;0
7860;-1;Ty;Veach;;1981-6-8;Fayetteville;NC;United States;;;0
7861;-1;Mark;Callahan;;1969-11-7;McAllen;TX;United States;;;0
7862;-1;Victor;Pennington;;1979-10-13;Lansing;MI;United States;;;0
7863;-1;Ivan;Shipov;;1970-10-6;Makhachkala;DAG;Russia;;;0
7864;-1;Tim;MacGillvray;;1974-12-25;Cerritos;CA;United States;;;0
7865;-1;Chris;Powell;;1968-9-2;Hillsboro;OR;United States;;;0
7866;-1;Mark;Willan;;1959-9-20;Normandy Park;WA;United States;;;0
7867;-1;Anthony;Sims;;1959-4-25;Cottage Lake;WA;United States;;;0
7868;-1;Curt;Smith;;1971-5-3;Mesa;AZ;United States;;;0
7869;-1;Peyton;Brock;;1962-6-18;Vassalboro;ME;United States;;;0
7870;-1;Oscar;McKinnell;;1970-12-16;Coplay;PA;United States;;;0
7871;-1;John;Black;;1973-11-29;Columbia;SC;United States;;;0
7872;-1;Damon;Waddell;;1978-7-8;Tacoma;WA;United States;;;0
7873;-1;Walter;Hawkins;;1964-7-29;Conroe;TX;United States;;;0
7874;-1;Artyom;Treushnikov;;1967-5-13;Chelyabinsk;CHE;Russia;;;0
7875;-1;Francis;Robitaille;;1975-5-18;Newmarket;ON;Canada;;;0
7876;-1;Deviprasada;Oruganti;;1975-11-27;Rajauri;JAM;India;;;0
7877;-1;Tommy;Ward;;1962-6-2;St. George;MO;United States;;;0
7878;-1;Mark;Walgrove;;1978-7-9;New York;NY;United States;;;0
7879;-1;Mark;Morgan;;1959-3-26;Lee;NY;United States;;;0
7880;-1;Rob;Riley;;1978-12-14;Belton;SC;United States;;;0
7881;-1;Harry;Gates;;1981-1-7;Wichita;KS;United States;;;0
7882;-1;Scott;Pray;;1957-8-10;Lakewood;NJ;United States;;;0
7883;-1;Tommy;Hodge;;1957-7-23;Franklin;WI;United States;;;0
7884;-1;John;Henry;;1981-2-12;North Las Vegas;NV;United States;;;0
7885;-1;Bob;Boak;;1964-9-16;Jackson Township;NJ;United States;;;0
7886;-1;Mitsukuni;Tsuchii;;1970-7-30;Mino;GIF;Japan;;;0
7887;-1;Harry;Seedorf;;1965-3-18;Marble Rock;IA;United States;;;0
7888;-1;Benjamin;Hanisch;;1965-2-28;Berlin;BER;Germany;;;0
7889;-1;Ambrose;Walters;;1970-7-11;Los Angeles;CA;United States;;;0
7890;-1;Kurt;Frank;;1976-10-21;Stanley;KY;United States;;;0
7891;-1;Robert;McDonald;;1982-1-17;Renton;WA;United States;;;0
7892;-1;Barry;Pedlow;;1958-5-13;Merriam;KS;United States;;;0
7893;-1;Edgar;Hebert;;1970-3-3;Wheat Ridge;CO;United States;;;0
7894;-1;Tony;Hanrahan;;1955-9-28;Huron;SD;United States;;;0
7895;-1;Chad;Latham;;1976-1-9;Merchantville;NJ;United States;;;0
7896;-1;Rory;Bunch;;1955-1-5;Laguna;CA;United States;;;1
7897;-1;Connor;Duren;;1959-2-27;Crewe;VA;United States;;;0
7898;-1;Jared;Collum;;1976-7-8;Arvada;CO;United States;;;0
7899;-1;Wendell;Rutherford;;1984-5-4;Tempe;AZ;United States;;;0
7900;-1;Geoff;Harrington;;1979-12-16;Denver;CO;United States;;;0
7901;-1;Melvin;Hanson;;1961-5-17;San Francisco;CA;United States;;;0
7902;-1;Dwight;Malcolmson;;1984-3-19;Thomasville;NC;United States;;;0
7903;-1;Luca;Ryu;;1976-8-4;San Francisco;CA;United States;;;0
7904;-1;Harry;Carpenter;;1975-11-14;Union Township;NJ;United States;;;0
7905;-1;Carl;Beck;;1961-11-29;Big Lake;TX;United States;;;0
7906;-1;Stephan;Warner;;1972-11-8;Pharr;TX;United States;;;0
7907;-1;Gerald;Lockhart;;1968-4-8;Santa Clara;UT;United States;;;0
7908;-1;Victor;Walters;;1968-3-8;Tysons;VA;United States;;;0
7909;-1;Sergio;Flores;;1969-11-17;Timonium;MD;United States;;;0
7910;-1;Conrad;Barber;;1960-2-7;Tustin;CA;United States;;;0
7911;-1;George;Darrington;;1974-2-8;Chicago;IL;United States;;;0
7912;-1;Dave;Keyte;;1968-12-5;Antioch;CA;United States;;;0
7913;-1;Andy;Garren;;1957-8-22;Cantonment;FL;United States;;;0
7914;-1;Grant;Reynolds;;1961-8-9;Cheshire;CT;United States;;;0
7915;-1;Scott;Childe;;1969-11-21;Phoenix;AZ;United States;;;0
7916;-1;Jacob;Geyer;;1965-8-9;Meridianville;AL;United States;;;0
7917;-1;Morris;Marshall;;1978-4-25;New York;NY;United States;;;0
7918;-1;Adam;Knepper;;1967-12-7;Bay City;MI;United States;;;0
7919;-1;Charlie;Watson;;1955-5-31;Phoenix;AZ;United States;;;1
7920;-1;Millard;Rose;;1978-10-25;Raleigh;NC;United States;;;0
7921;-1;Carl;Hancock;;1982-9-10;Lowell;MA;United States;;;0
7922;-1;Mal;Runkle;;1960-3-27;Somersworth;NH;United States;;;0
7923;-1;Bob;O'Reilly;;1971-6-1;Wayne;NJ;United States;;;0
7924;-1;Will;O'Neil;;1961-2-20;Holbrook;NY;United States;;;0
7925;-1;Dave;Watkins;;1970-10-27;Chicago;IL;United States;;;0
7926;-1;Joseph;Slade;;1955-12-26;Albuquerque;NM;United States;;;0
7927;-1;Ned;Shumway;;1958-5-15;Antioch;CA;United States;;;0
7928;-1;Darby;Conner;;1979-5-27;North Branch;MN;United States;;;0
7929;-1;Kenny;Romeo;;1955-9-30;Castle Rock;CO;United States;;;0
7930;-1;Jeff;Sutton;;1971-2-4;Louisville;KY;United States;;;0
7931;-1;Jim;Dinning;;1973-12-27;Exeter;RI;United States;;;0
7932;-1;Bryan;Louwerse;;1978-4-23;Palmetto;FL;United States;;;0
7933;-1;Marty;Walsh;;1966-10-10;Fairfield;CT;United States;;;0
7934;-1;Kirill;Namestnikov;;1970-12-21;Vyazma;SMO;Russia;;;0
7935;-1;Jeff;Whitaker;;1958-8-6;Roy;UT;United States;;;0
7936;-1;Kieran;Price;;1956-10-1;Duncan;OK;United States;;;0
7937;-1;Phil;Burton;;1959-8-21;San Francisco;CA;United States;;;0
7938;-1;Ryan;Fitzwilliam;;1959-6-9;Sayreville;NJ;United States;;;0
7939;-1;Paul;Mathews;;1955-2-16;Rocky Mount;NC;United States;;;1
7940;-1;Junior;McCune;;1966-2-9;Westmere;NY;United States;;;0
7941;-1;Bruce;Dickey;;1980-8-6;Yonkers;NY;United States;;;0
7942;-1;Laionela;Kirisitopa;;1959-11-3;Aiea;HI;United States;;;0
7943;-1;Dave;Morton;;1960-5-28;Woolwich;NJ;United States;;;0
7944;-1;Phil;Sprinkle;;1976-4-6;Springfield;MA;United States;;;0
7945;-1;Dane;Shoemaker;;1982-1-8;Davenport;IA;United States;;;0
7946;-1;Bob;Tigner;;1981-9-21;Woodbury;MN;United States;;;0
7947;-1;Walt;Wilkerson;;1965-10-1;Nutter Fort;WV;United States;;;0
7948;-1;Leon;Trewin;;1966-4-9;Nogales;AZ;United States;;;0
7949;-1;David;Tuttle;;1962-11-9;Memphis;TN;United States;;;0
7950;-1;Jonathon;Frederick;;1965-1-12;Chicago;IL;United States;;;0
7951;-1;Mitchell;Gillam;;1956-7-8;Wilmington;NC;United States;;;0
7952;-1;Jason;Cameron;;1957-2-25;Torrance;CA;United States;;;0
7953;-1;Lou;Plumtree;;1984-3-10;Thomaston;GA;United States;;;0
7954;-1;Ed;Kimbrough;;1959-8-19;Steamboat Springs;CO;United States;;;0
7955;-1;Ron;Wellburn;;1960-7-11;Salemburg;NC;United States;;;0
7956;-1;Doyle;Nipper;;1979-10-24;Plantation;FL;United States;;;0
7957;-1;Tim;McCaughtery;;1965-4-9;Watauga;TX;United States;;;0
7958;-1;Brad;Sim;;1958-12-24;Dakota City;IA;United States;;;0
7959;-1;Pascal;Gingras;;1965-9-2;Sherbrooke;QC;Canada;;;0
7960;-1;Hanford;Sansone;;1964-1-17;Chicago;IL;United States;;;0
7961;-1;Beau;Mock;;1965-5-31;Vancouver;BC;Canada;;;0
7962;-1;Bud;Emery;;1955-12-7;Chula Vista;CA;United States;;;0
7963;-1;Al;Snyder;;1979-5-1;Cottonwood West;UT;United States;;;0
7964;-1;Barney;Ratzlaff;;1979-9-16;Hendersonville;TN;United States;;;0
7965;-1;Ken;Wescott;;1983-10-22;Beech Grove;IN;United States;;;0
7966;-1;Clarence;White;;1968-8-31;Columbus;OH;United States;;;0
7967;-1;Kenny;Carey;;1982-10-23;Brooklyn;NY;United States;;;0
7968;-1;Jeremy;Crouch;;1958-12-6;Houston;TX;United States;;;0
7969;-1;George;Fraizer;;1957-3-25;Kansas City;MO;United States;;;0
7970;-1;Jim;James;;1976-6-30;Cedar Rapids;IA;United States;;;0
7971;-1;Luca;Z¸rcher;;1979-8-17;Liestal;BL;Switzerland;;;0
7972;-1;William;Scoley;;1963-10-17;Hopatcong;NJ;United States;;;0
7973;-1;Ellis;Day;;1955-6-25;Raymore;MO;United States;;;1
7974;-1;Mark;Black;;1972-4-23;Kings Mills;OH;United States;;;0
7975;-1;Richard;Blake;;1980-7-28;Battle Creek;MI;United States;;;0
7976;-1;Yevhen;Androchuk;;1978-10-13;Chernihiv;CHE;Ukraine;;;0
7977;-1;Vernon;Lowe;;1958-7-3;Columbus;OH;United States;;;0
7978;-1;Romain;Rouquette;;1966-6-26;Pensacola;FL;United States;;;0
7979;-1;Patrick;Leaney;;1960-10-24;Brooklyn;NY;United States;;;0
7980;-1;Harsukh;Brar;;1966-3-12;Badnagar;MAD;India;;;0
7981;-1;James;Quisenberry;;1978-11-10;New Carlisle;OH;United States;;;0
7982;-1;Flynn;Ray;;1976-10-22;El Dorado Springs;MO;United States;;;0
7983;-1;Dorian;Lessard;;1973-6-8;Vernon;CT;United States;;;0
7984;-1;Jason;Murdock;;1983-6-6;Danville;CA;United States;;;0
7985;-1;Ralph;Wilson;;1971-6-21;Wade Hampton;SC;United States;;;0
7986;-1;Elton;Lenard;;1975-5-23;Keokuk;IA;United States;;;0
7987;-1;Howard;Balmer;;1968-11-29;Country Walk;FL;United States;;;0
7988;-1;Eric;Wotherspoon;;1967-1-12;Toronto;ON;Canada;;;0
7989;-1;Everett;Wolf;;1971-7-16;Gilbert;AZ;United States;;;0
7990;-1;Carlos;Pinto;;1971-8-12;Sunrise Manor;NV;United States;;;0
7991;-1;Igor;Tamarovsky;;1968-4-4;Ust-Ishim;OMS;Russia;;;0
7992;-1;Broderick;McNiter;;1970-2-17;San Antonio;TX;United States;;;0
7993;-1;Todd;Kennedy;;1972-1-25;St. Petersburg;FL;United States;;;0
7994;-1;Alvin;Hennesy;;1981-2-19;Akron;OH;United States;;;0
7995;-1;Will;Siddorn;;1961-1-31;Lacey Township;NJ;United States;;;0
7996;-1;Troy;Campanella;;1955-2-1;Pleasant Prairie;WI;United States;;;1
7997;-1;Frank;McCray;;1959-3-4;Middletown;RI;United States;;;0
7998;-1;Wes;Wood;;1977-6-12;Port Angeles;WA;United States;;;0
7999;-1;Matt;Rouse;;1962-7-26;Okmulgee;OK;United States;;;0
8000;-1;Ben;Tillman;;1967-8-5;The Woodlands;TX;United States;;;0
8001;-1;Jim;Richardson;;1979-12-29;Apple Valley;CA;United States;;;0
8002;-1;Steve;Hansen;;1971-7-25;Sugar Land;TX;United States;;;0
8003;-1;Jack;Griggs;;1968-6-25;Providence;RI;United States;;;0
8004;-1;Phil;Cable;;1963-11-22;Foresthill;CA;United States;;;0
8005;-1;Cam;Twitty;;1964-4-7;Crosslake;MN;United States;;;0
8006;-1;Kristoffer;Brenne;;1972-8-3;Benton;PA;United States;;;0
8007;-1;Rick;Sutherland;;1981-7-6;Portland;OR;United States;;;0
8008;-1;Paul;Hopkins;;1972-5-2;Wildwood;MO;United States;;;0
8009;-1;Gary;Dombauer;;1975-11-30;Lake Village;IN;United States;;;0
8010;-1;Scott;Stroble;;1979-2-4;Highland;IN;United States;;;0
8011;-1;Evan;Wallace;;1956-5-16;Indianapolis;IN;United States;;;0
8012;-1;Gabriel;Cochrane;;1957-12-22;Philadelphia;PA;United States;;;0
8013;-1;Gil;Hunter;;1978-2-11;Macon;GA;United States;;;0
8014;-1;Arthur;Mullally;;1961-7-1;Toano;VA;United States;;;0
8015;-1;Hulama;Kiah;;1970-7-16;Ewa Villages;HI;United States;;;0
8016;-1;Anthony;Budd;;1955-10-14;Ardmore;PA;United States;;;0
8017;-1;Nathan;Myers;;1967-11-15;Atlanta;GA;United States;;;0
8018;-1;Jason;Augustin;;1969-6-24;South San Francisco;CA;United States;;;0
8019;-1;Steven;Fenderson;;1969-3-17;Fairfield;OH;United States;;;0
8020;322;Chet;Newell;;1977-10-9;Greenville;SC;United States;;;0
8021;322;Don;Larson;;1967-10-10;Irvine;CA;United States;;;0
8022;322;Danilo;Grimaudo;;1961-7-11;Alliston;ON;Canada;;;0
8023;322;Brant;Gary;;1962-12-15;La Habra;CA;United States;;;0
8024;322;Arnold;Ayers;;1962-7-8;Columbia;MO;United States;;;0
8025;322;Tom;Ross;;1971-11-16;Gleneagle;CO;United States;;;0
8026;322;Anthony;Wagner;;1970-10-8;Bay Shore;NY;United States;;;0
8027;322;Christian;Fitzell;;1978-8-9;Jackson Township;NJ;United States;;;0
8028;322;Les;MacEachran;;1956-7-11;Lauderhill;FL;United States;;;0
8029;322;Daryl;Crowle;;1979-7-20;Warwick;RI;United States;;;0
8030;323;Bob;Aldrich;;1979-5-15;Waukegan;IL;United States;;;0
8031;323;John;Wiggins;;1976-5-9;Milton;IL;United States;;;0
8032;323;Gary;Fowler;;1965-9-12;Greenacres;FL;United States;;;0
8033;323;Artie;MacKey;;1977-5-19;Manchester;NH;United States;;;0
8034;323;John;McNeill;;1979-11-10;Moraga;CA;United States;;;0
8035;323;Rob;Berg;;1958-5-13;New Orleans;LA;United States;;;0
8036;323;Drake;Sweet;;1961-8-21;Lufkin;TX;United States;;;0
8037;323;Paul;Maley;;1983-2-21;Renton;WA;United States;;;0
8038;323;Andrew;Cremin;;1982-4-14;Enfield;CT;United States;;;0
8039;323;Mitch;Ingram;;1963-1-21;Green Bay;WI;United States;;;0
8040;324;Jeff;Leibe;;1956-5-8;Manchester;MO;United States;;;0
8041;324;Thiago;Montes;;1959-6-27;Franca;S„O;Brazil;;;0
8042;324;Kent;Forrest;;1959-5-13;Chino;CA;United States;;;0
8043;324;Mark;Newman;;1967-7-19;Phoenix;AZ;United States;;;0
8044;324;Stan;Stokes;;1974-7-31;Philadelphia;PA;United States;;;0
8045;324;Troy;Rainwater;;1975-5-1;Bayside;TX;United States;;;0
8046;324;Robbie;Hall;;1970-12-18;Seaside;OR;United States;;;0
8047;324;Jim;Kuhn;;1964-2-28;San Francisco;CA;United States;;;0
8048;324;Scott;Williams;;1959-8-18;Laguna Niguel;CA;United States;;;0
8049;324;Jerry;Aplin;;1983-5-17;Des Plaines;IL;United States;;;0
8050;325;Christian;Sullivan;;1980-7-2;Pembroke Pines;FL;United States;;;0
8051;325;Phil;Kern;;1960-5-29;Milwaukee;WI;United States;;;0
8052;325;Paul;Pollard;;1973-7-3;Herculaneum;MO;United States;;;0
8053;325;Fred;Criss;;1960-4-5;Dallas;TX;United States;;;0
8054;325;Scott;MacPherson;;1984-9-8;Spearman;TX;United States;;;0
8055;325;Mark;White;;1979-10-7;San Bernardino;CA;United States;;;0
8056;325;Leroy;Allen;;1971-4-26;Des Moines;IA;United States;;;0
8057;325;Ryan;Forrest;;1982-12-6;Erie;PA;United States;;;0
8058;325;Lonnie;Childs;;1983-4-6;Phoenix;AZ;United States;;;0
8059;325;Howard;MacKey;;1981-12-9;Anderson Township;OH;United States;;;0
8060;326;Pat;Witt;;1974-10-20;New York;NY;United States;;;0
8061;326;Pete;Murphy;;1982-8-1;Golden Valley;MN;United States;;;0
8062;326;Garth;Lee;;1972-3-2;Chickasaw;AL;United States;;;0
8063;326;Callum;Ting;;1956-12-4;Front Royal;VA;United States;;;0
8064;326;Stan;Houston;;1974-10-28;Red Hill;SC;United States;;;0
8065;326;Benjamin;Lau;;1956-12-1;Stansbury Park;UT;United States;;;0
8066;326;Buddy;MacMenzies;;1970-11-7;Cicero;IL;United States;;;0
8067;326;Dan;Weber;;1955-4-3;Ontario;CA;United States;;;0
8068;326;Brad;Lawrence;;1958-7-29;Bakersfield;CA;United States;;;0
8069;326;Shaun;Sweeney;;1964-2-25;Waterloo;IA;United States;;;0
8070;327;William;McKnight;;1958-7-11;Cherokee Village;AR;United States;;;0
8071;327;Jake;Lehman;;1962-5-30;Clive;IA;United States;;;0
8072;327;Cory;Price;;1974-4-28;Pittsburgh;PA;United States;;;0
8073;327;Jonathan;Lammers;;1983-3-18;Winston-Salem;NC;United States;;;0
8074;327;Benjamin;MacKay;;1978-9-10;Phoenix;AZ;United States;;;0
8075;327;Lee;Larkin;;1969-3-6;Los Angeles;CA;United States;;;0
8076;327;Matt;Pollock;;1981-5-14;Burbank;CA;United States;;;0
8077;327;Rich;Henwood;;1962-9-16;Newark;CA;United States;;;0
8078;327;Gil;Newell;;1958-10-9;Lorain;OH;United States;;;0
8079;327;Troy;Moyer;;1974-7-11;Charleston;SC;United States;;;0
8080;328;Robert;Towns;;1961-11-1;Bell City;MO;United States;;;0
8081;328;Terry;Phelps;;1964-9-8;Yucaipa;CA;United States;;;0
8082;328;Tristan;Chew;;1959-7-15;Milford;ME;United States;;;0
8083;328;Josh;Steele;;1964-1-28;Sherburne;NY;United States;;;0
8084;328;Bryan;Powers;;1972-10-17;Murfreesboro;TN;United States;;;0
8085;328;Reese;D'Albini;;1966-10-9;Riverside;CA;United States;;;0
8086;328;Ed;Dunning;;1958-11-18;Longboat Key;FL;United States;;;0
8087;328;Denis;Tate;;1974-9-7;Cleveland;OH;United States;;;0
8088;328;John;Walden;;1970-5-7;La Mesa;CA;United States;;;0
8089;328;Mitch;Foster;;1972-3-8;Gary;IN;United States;;;0
8090;329;Dave;Williams;;1966-3-29;Wilkes-Barre;PA;United States;;;0
8091;329;Jeff;Phipps;;1963-12-10;Butte;MT;United States;;;0
8092;329;Anthony;Hogue;;1967-5-17;Bothell;WA;United States;;;0
8093;329;Dave;McLeay;;1960-6-20;Duluth;GA;United States;;;0
8094;329;Oscar;Payton;;1975-12-25;Davis;CA;United States;;;0
8095;329;Jorge;Vera;;1977-6-12;Oceanside;CA;United States;;;0
8096;329;Shannon;Ellender;;1973-9-22;DeWitt;NY;United States;;;0
8097;329;Brian;Spears;;1975-4-27;Lake Isabella;MI;United States;;;0
8098;329;Kyle;Padgett;;1971-1-16;Olathe;KS;United States;;;0
8099;329;Doyle;Rugg;;1957-12-8;Albany;OR;United States;;;0
8100;330;Jason;Gill;;1961-2-17;Carrollton;TX;United States;;;0
8101;330;Bhanuratha;Margasahayam;;1958-1-19;Tirupati;AND;India;;;0
8102;330;Joshua;Kim;;1981-4-3;Desert Edge;CA;United States;;;0
8103;330;Glenn;Hollowell;;1976-12-19;Philadelphia;PA;United States;;;0
8104;330;Richard;Lilley;;1960-3-9;Avondale;AZ;United States;;;0
8105;330;Tim;Sorteberg;;1984-8-19;Commack;NY;United States;;;0
8106;330;Kevin;Workman;;1984-12-11;Hueytown;AL;United States;;;0
8107;330;Ralph;Bailey;;1965-8-28;Plainfield;CT;United States;;;0
8108;330;Phil;Fox;;1971-9-23;Brownsville;TX;United States;;;0
8109;330;Lance;Law;;1980-12-30;Birmingham;AL;United States;;;0
8110;331;Arnold;Campanella;;1978-1-22;Red Wing;MN;United States;;;0
8111;331;Christian;Aytoun;;1968-6-3;Columbus;OH;United States;;;0
8112;331;Troy;Redmond;;1975-1-25;Pensacola;FL;United States;;;0
8113;331;Martin;Welch;;1975-4-16;New York;NY;United States;;;0
8114;331;Ronald;Moran;;1974-3-5;Lyons;KS;United States;;;0
8115;331;Russ;Buckmaster;;1975-4-22;Modesto;CA;United States;;;0
8116;331;Ed;O'Brien;;1958-9-26;Varna;IL;United States;;;0
8117;331;Jeff;Montgomery;;1977-1-1;Westville;IL;United States;;;0
8118;331;Henry;Megan;;1960-10-29;Wethersfield;CT;United States;;;0
8119;331;Spencer;Leddy;;1978-8-25;Hannibal;MO;United States;;;0
8120;332;Robert;Shaw;;1971-6-21;Brooklyn;NY;United States;;;0
8121;332;Michael;Myers;;1983-9-25;Philadelphia;PA;United States;;;0
8122;332;Michael;Cooke;;1970-12-26;Burnsville;MN;United States;;;0
8123;332;Doug;Mattson;;1980-8-19;St. Cloud;MN;United States;;;0
8124;332;Tim;Walker;;1961-10-28;Quincy;IL;United States;;;0
8125;332;David;Adkins;;1970-1-4;Whitesboro;AL;United States;;;0
8126;332;Craig;Hathaway;;1960-8-22;Jacksonville;FL;United States;;;0
8127;332;Gerald;Hensley;;1979-2-1;La Habra;CA;United States;;;0
8128;332;Mark;Morris;;1979-3-14;Tonawanda CDP;NY;United States;;;0
8129;332;Sean;Butler;;1959-1-20;New York;NY;United States;;;0
8130;333;Errol;Gale;;1963-11-25;Eden Prairie;MN;United States;;;0
8131;333;Rich;O'Rory;;1975-6-11;Spring Valley;NY;United States;;;0
8132;333;Dennis;Tucker;;1960-7-11;Lake in the Hills;IL;United States;;;0
8133;333;John;Winder;;1967-3-31;Derry;NH;United States;;;0
8134;333;Jerry;Bolton;;1972-4-30;Christiansburg;VA;United States;;;0
8135;333;Dale;Lott;;1959-1-24;DeSoto;TX;United States;;;0
8136;333;Dave;Wordsworth;;1956-10-30;Seattle;WA;United States;;;0
8137;333;Ben;Crawford;;1965-9-13;Rochester;PA;United States;;;0
8138;333;Corey;Warman;;1978-12-4;Elk Plain;WA;United States;;;0
8139;333;Gene;Witkowski;;1981-9-25;Newton;KS;United States;;;0
8140;334;Eric;McCrocken;;1977-11-26;San Lorenzo;CA;United States;;;0
8141;334;Ben;Palmer;;1961-7-14;West Sparta;NY;United States;;;0
8142;334;Bobby;Johnson;;1960-6-8;Dallas;TX;United States;;;0
8143;334;Don;Nixon;;1980-10-10;Florissant;MO;United States;;;0
8144;334;Eric;Fallow;;1970-5-17;Dayton;OH;United States;;;0
8145;334;Ed;Turner;;1965-1-1;Inglewood;CA;United States;;;0
8146;334;Alan;Stengel;;1959-12-25;Houston;TX;United States;;;0
8147;334;Lou;Pichel;;1961-4-16;Plano;TX;United States;;;0
8148;334;Matt;McCoy;;1964-9-1;La Croft;OH;United States;;;0
8149;334;Nick;Whittier;;1980-10-28;Florissant;MO;United States;;;0
8150;335;Colby;Steele;;1963-11-20;Geneva;IL;United States;;;0
8151;335;John;Robichaux;;1969-8-24;Chicago;IL;United States;;;0
8152;335;George;Dundee;;1961-5-13;Neenah;WI;United States;;;0
8153;335;Ed;Simpson;;1979-4-19;Brooklyn;NY;United States;;;0
8154;335;John;Edgeworth;;1956-7-16;Loganville;GA;United States;;;0
8155;335;Doug;Foley;;1957-2-20;Evanston;IL;United States;;;0
8156;335;Dave;Higby;;1974-12-17;Newington Forest;VA;United States;;;0
8157;335;Max;Knox;;1957-6-18;Dubuque;IA;United States;;;0
8158;335;Will;Simoneaux;;1973-8-13;Thousand Oaks;CA;United States;;;0
8159;335;Pat;Seth;;1979-6-21;Chino;CA;United States;;;0
8160;336;Domingo;JimÈnez;;1955-5-27;Hudsonville;MI;United States;;;0
8161;336;Jud;Estes;;1958-10-2;Troy;MI;United States;;;0
8162;336;Dave;Neal;;1969-5-21;Clear Lake;WI;United States;;;0
8163;336;Patrick;Wood;;1973-3-15;St. Simons Island;GA;United States;;;0
8164;336;Curtis;McColgan;;1981-7-8;North Haven;CT;United States;;;0
8165;336;George;Phelps;;1959-6-15;Colchester;VT;United States;;;0
8166;336;Brad;Agar;;1980-6-21;Amesbury;MA;United States;;;0
8167;336;Paul;Warburton;;1966-4-8;Jackson;MS;United States;;;0
8168;336;Richard;Catlett;;1968-3-23;Glastonbury;CT;United States;;;0
8169;336;Joshua;Morrow;;1955-12-19;Miramar;FL;United States;;;0
8170;337;Jake;Jenkins;;1962-11-21;Middlefield;CT;United States;;;0
8171;337;Nelson;Yan;;1978-11-9;Philadelphia;PA;United States;;;0
8172;337;Darren;Asahi;;1964-11-6;Albuquerque;NM;United States;;;0
8173;337;George;Bourg;;1974-3-24;Santa Maria;CA;United States;;;0
8174;337;Garland;Robertson;;1967-3-22;Salina;KS;United States;;;0
8175;337;Scott;Bonner;;1982-3-13;Sparks;NV;United States;;;0
8176;337;Jim;Irvin;;1970-3-11;Clinton;MI;United States;;;0
8177;337;Leland;Hadden;;1982-5-29;Williamsburg;VA;United States;;;0
8178;337;John;Farrell;;1982-5-26;Westerville;OH;United States;;;0
8179;337;Brett;Grinlee;;1980-6-21;Red Chute;LA;United States;;;0
8180;-1;Brendon;D'Aubney;;1969-2-20;Pajaro;CA;United States;;;0
8181;-1;Ben;Weinstein;;1968-3-29;San Bruno;CA;United States;;;0
8182;-1;Lee;Peterson;;1956-11-2;Manchester;NH;United States;;;0
8183;-1;Ralph;Brenneman;;1983-2-24;Los Angeles;CA;United States;;;0
8184;-1;¡ngel;Flores;;1980-3-10;North Hempstead;NY;United States;;;0
8185;-1;Gordon;Sherman;;1983-9-5;Beverly;WV;United States;;;0
8186;-1;Bill;O'Conran;;1968-5-11;Mount Vernon;OH;United States;;;0
8187;-1;Bill;Jones;;1983-8-21;Pleasant Grove;AL;United States;;;0
8188;-1;Ken;Quain;;1966-12-24;Melbourne;FL;United States;;;0
8189;-1;John;Nelson;;1972-6-11;Fort Worth;TX;United States;;;0
8190;-1;Yevgeny;Lezhnin;;1961-1-14;St. Petersburg;SAI;Russia;;;0
8191;-1;Rich;Payne;;1971-9-13;Sixteen Mile Stand;OH;United States;;;0
8192;-1;Patrick;Cooper;;1976-5-14;Sammamish;WA;United States;;;0
8193;-1;Clive;Barse;;1966-7-15;Springfield;MO;United States;;;0
8194;-1;Kris;Wallace;;1955-8-17;Shiloh;IL;United States;;;0
8195;-1;Brock;Burgundy;;1975-3-22;Chino;CA;United States;;;0
8196;-1;Carl;Duncan;;1962-12-18;Old Jamestown;MO;United States;;;0
8197;-1;Ben;Sexton;;1968-2-11;Lawrence;MA;United States;;;0
8198;-1;Greg;Patterson;;1984-8-11;Phoenix;AZ;United States;;;0
8199;-1;Joshua;Miller;;1957-4-13;Santo Domingo Pueblo;NM;United States;;;0
8200;-1;Asuri;Mista;;1973-3-10;Sangli-Miraj;MAH;India;;;0
8201;-1;Marcus;Harris;;1972-11-21;Mississauga;ON;Canada;;;0
8202;-1;Jim;Jokinen;;1962-4-12;Jamison;PA;United States;;;0
8203;-1;Bill;Richardson;;1958-6-12;New York;NY;United States;;;0
8204;-1;Carlos;Howard;;1958-3-23;Van Buren;NY;United States;;;0
8205;-1;Todd;Colson;;1957-11-25;Upper Township;NJ;United States;;;0
8206;-1;Joe;Thomas;;1955-4-16;Largo;FL;United States;;;1
8207;-1;Mike;Miller;;1983-8-11;Dublin;OH;United States;;;0
8208;-1;Eamonn;Thompson;;1982-9-29;Ludlow;MA;United States;;;0
8209;-1;Simon;Peters;;1968-3-10;Pequannock;NJ;United States;;;0
8210;-1;¡nibal;Carriedo;;1969-2-4;Los Angeles;CA;United States;;;0
8211;-1;Steve;Ryan;;1978-12-4;East Lake;FL;United States;;;0
8212;-1;Larry;McKinney;;1955-7-25;Galesburg;IL;United States;;;0
8213;-1;Brian;Louviere;;1975-2-16;Bellevue;WA;United States;;;0
8214;-1;Keith;Klein;;1978-3-14;Methuen;MA;United States;;;0
8215;-1;Clint;Wood;;1969-6-1;Jacksonville;FL;United States;;;0
8216;-1;Denny;Joyce;;1978-6-7;Deerfield Beach;FL;United States;;;0
8217;-1;Roger;Cacaro;;1980-9-2;Cleveland;OH;United States;;;0
8218;-1;Mac;Defiel;;1957-10-20;Spring Hill;FL;United States;;;0
8219;-1;Keith;Tate;;1956-5-2;Franklin;TN;United States;;;0
8220;-1;Monte;Bailey;;1962-2-20;Holyoke;MA;United States;;;0
8221;-1;David;King;;1963-3-2;Oakton;VA;United States;;;0
8222;-1;Garry;Ingham;;1956-8-31;Hillsborough Township;NJ;United States;;;0
8223;-1;Prabhroop;Mehroul;;1959-4-30;Varca;GOA;India;;;0
8224;-1;Jeff;Curry;;1955-5-16;Hoonah;AK;United States;;;1
8225;-1;Duane;Patton;;1964-9-6;Midlothian;TX;United States;;;0
8226;-1;Nate;Lynch;;1984-10-22;Fairview;TX;United States;;;0
8227;-1;Anthony;O'Quinn;;1963-8-1;Litchfield;MN;United States;;;0
8228;-1;Carl;Short;;1984-8-23;Anderson;CA;United States;;;0
8229;-1;Luke;Cooks;;1963-3-17;Austin;TX;United States;;;0
8230;-1;Troy;Willaims;;1971-5-29;Issaquah;WA;United States;;;0
8231;-1;Geoffrey;Leonard;;1963-12-31;Los Angeles;CA;United States;;;0
8232;-1;Niall;Lynch;;1956-7-23;Revere;MA;United States;;;0
8233;-1;Greg;Hanowski;;1965-10-12;Knoxville;TN;United States;;;0
8234;-1;Matt;Arsenault;;1960-7-7;Cape Coral;FL;United States;;;0
8235;-1;Craig;Vosper;;1979-7-27;Chicago;IL;United States;;;0
8236;-1;Ben;Murray;;1978-1-23;Parkville;MD;United States;;;0
8237;-1;Dale;Peck;;1961-1-1;Chico;CA;United States;;;0
8238;-1;Larry;Cantillon;;1973-10-5;Surfside;FL;United States;;;0
8239;-1;Ron;Nichols;;1959-1-10;Garden Acres;CA;United States;;;0
8240;-1;Mark;Frasier;;1975-12-30;Madison;WI;United States;;;0
8241;-1;Danny;Blake;;1972-10-28;Roswell;NM;United States;;;0
8242;-1;Jack;Goodman;;1974-4-13;Corona;CA;United States;;;0
8243;-1;Orlando;Estrada;;1965-1-1;Beavercreek;OH;United States;;;0
8244;-1;Michael;Morris;;1961-3-15;Topeka;KS;United States;;;0
8245;-1;Dave;Bowles;;1963-7-26;Bondurant;IA;United States;;;0
8246;-1;Tony;Shorland;;1980-6-25;Asheville;NC;United States;;;0
8247;-1;Barry;Woodward;;1967-10-17;Highlands Ranch;CO;United States;;;0
8248;-1;Byron;Liffiton;;1984-3-27;Jacksonville;FL;United States;;;0
8249;-1;David;Christian;;1971-7-14;Webster;NY;United States;;;0
8250;-1;Burt;Owen;;1957-4-20;Long Beach;CA;United States;;;0
8251;-1;Roger;Standridge;;1977-6-20;Gardner;MA;United States;;;0
8252;-1;George;Lambert;;1967-12-2;Nashville;TN;United States;;;0
8253;-1;Ken;James;;1969-12-8;Anaheim;CA;United States;;;0
8254;-1;George;St. George;;1970-12-28;Fredericksburg;VA;United States;;;0
8255;-1;Doug;Quisenberry;;1983-10-7;Phoenix;AZ;United States;;;0
8256;-1;Sergey;Kabanov;;1971-10-21;Makhachkala;DAG;Russia;;;0
8257;-1;George;Stokes;;1961-10-13;Charlotte;NC;United States;;;0
8258;-1;Mark;Hensley;;1979-3-8;Pontiac;MI;United States;;;0
8259;-1;Vincent;Lane;;1964-1-2;Houston;TX;United States;;;0
8260;-1;Steve;Rodgers;;1981-3-22;Chicago;IL;United States;;;0
8261;-1;Fred;Fleming;;1979-4-23;Urbandale;IA;United States;;;0
8262;-1;Larry;Plunket;;1984-1-26;Nashville;TN;United States;;;0
8263;-1;Phil;MacRitchie;;1973-6-6;New York;NY;United States;;;0
8264;-1;Eugene;McClellan;;1963-11-15;Kent;OH;United States;;;0
8265;-1;Martin;Filbee;;1976-9-15;Madera;CA;United States;;;0
8266;-1;Duane;Wilburn;;1959-9-25;Guymon;OK;United States;;;0
8267;-1;Wayne;Fisher;;1956-3-12;Anaheim;CA;United States;;;0
8268;-1;Kenny;Hewitt;;1968-7-10;Boston;MA;United States;;;0
8269;-1;Pat;Arnold;;1970-10-14;Southbridge;MA;United States;;;0
8270;-1;Bruce;Storer;;1957-10-26;Garden Grove;CA;United States;;;0
8271;-1;Bobby;Southern;;1967-3-15;Omaha;NE;United States;;;0
8272;-1;Martin;Gregory;;1984-4-20;Norfolk;VA;United States;;;0
8273;-1;Ed;Bannatyne;;1971-2-28;Mirrormont;WA;United States;;;0
8274;-1;Clarence;Pettiford;;1956-7-7;Coralville;IA;United States;;;0
8275;-1;Stanyslav;Voloshyn;;1983-7-27;Dmytrivka;ODE;Ukraine;;;0
8276;-1;Gary;Nelson;;1967-11-11;Westland;MI;United States;;;0
8277;-1;Shane;Myrick;;1984-4-16;Worcester;NY;United States;;;0
8278;-1;Richard;Miller;;1976-8-30;York;ME;United States;;;0
8279;-1;Noel;Montgomery;;1981-6-26;Springdale;NJ;United States;;;0
8280;-1;Matt;Richardson;;1972-3-30;Benton;AR;United States;;;0
8281;-1;Alan;Behrend;;1970-3-15;Elk Plain;WA;United States;;;0
8282;-1;Geoff;Eric;;1955-8-11;Franconia;VA;United States;;;0
8283;-1;Dan;O'Hartagan;;1981-3-19;Chicago;IL;United States;;;0
8284;-1;Alex;Norris;;1956-5-3;North Las Vegas;NV;United States;;;0
8285;-1;Nick;Crandell;;1957-4-30;Los Angeles;CA;United States;;;0
8286;-1;Scott;Meade;;1978-1-11;Los Angeles;CA;United States;;;0
8287;-1;Ross;Greusach;;1970-6-19;Lemoyne;PA;United States;;;0
8288;-1;Brit;Dufour;;1982-3-6;Des Moines;IA;United States;;;0
8289;-1;Jonathan;Knisley;;1964-1-5;Union City;CA;United States;;;0
8290;-1;Jason;Dayton;;1955-2-27;Santa Clara;CA;United States;;;1
8291;-1;Ted;Sheary;;1981-9-29;Orlovista;FL;United States;;;0
8292;-1;Derek;Patterson;;1978-5-31;Franklin;WI;United States;;;0
8293;-1;Eddie;Simmons;;1970-7-2;Shenandoah;IA;United States;;;0
8294;-1;Tim;Singleton;;1983-6-17;Tucson;AZ;United States;;;0
8295;-1;Shannon;O'Neill;;1955-5-14;Phoenixville;PA;United States;;;1
8296;-1;Jim;Myers;;1972-5-17;Osprey;FL;United States;;;0
8297;-1;Dale;Palmore;;1969-7-28;Johnson City;TN;United States;;;0
8298;-1;Les;Barrett;;1977-4-20;New York;NY;United States;;;0
8299;-1;Christian;Henderson;;1956-3-16;Hollis;NH;United States;;;0
8300;-1;Derrick;Obi;;1959-8-10;Dale City;VA;United States;;;0
8301;-1;Mike;Tidwell;;1958-5-1;Fitchburg;MA;United States;;;0
8302;-1;Terry;Wall;;1970-2-21;Glen Burnie;MD;United States;;;0
8303;-1;Bob;Crerar;;1979-3-20;Shelburne;VT;United States;;;0
8304;-1;Jim;O'Brian;;1959-6-17;Pompano Beach;FL;United States;;;0
8305;-1;Jeff;Rockwell;;1981-6-16;Redington Beach;FL;United States;;;0
8306;-1;Thurman;Christian;;1966-3-16;Spring Valley;NV;United States;;;0
8307;-1;Melvin;Slater;;1972-12-26;Stockton;CA;United States;;;0
8308;-1;Donald;Esterson;;1969-11-3;North Bellmore;NY;United States;;;0
8309;-1;Joyjeet;Utpal;;1981-12-2;Tuensang;NAG;India;;;0
8310;-1;Sean;Long;;1959-4-13;Hernando;MS;United States;;;0
8311;-1;Ronnie;Rabideau;;1955-12-20;Bergenfield;NJ;United States;;;0
8312;-1;Masamune;Andou;;1955-11-25;Amagasaki;HYO;Japan;;;0
8313;-1;¡ngel;Delarocha;;1959-4-21;Milwaukee;WI;United States;;;0
8314;-1;Johnny;Belton;;1969-3-23;Hinesville;GA;United States;;;0
8315;-1;Sanne;Koma;;1979-1-5;Auburn;ME;United States;;;0
8316;-1;Rob;Robb;;1979-2-28;Bloomingdale;TN;United States;;;0
8317;-1;Jerome;Doud;;1981-1-4;Frederick;MD;United States;;;0
8318;-1;Clinton;Klatt;;1964-2-1;Columbus;OH;United States;;;0
8319;-1;Von;Williams;;1968-8-8;Amherst;NY;United States;;;0
8320;-1;Danny;Edmondstone;;1979-12-27;North Charleston;SC;United States;;;0
8321;-1;Xavier;Settles;;1974-11-20;Bryan;TX;United States;;;0
8322;-1;Bill;Horton;;1959-6-28;Omaha;NE;United States;;;0
8323;-1;Ross;Wilhelm;;1975-6-29;Peru;IL;United States;;;0
8324;-1;Jason;Piper;;1963-8-29;Neptune Beach;FL;United States;;;0
8325;-1;Steve;O'Connors;;1980-12-21;Fargo;ND;United States;;;0
8326;-1;Edward;Lasley;;1956-8-29;Lisle;IL;United States;;;0
8327;-1;Tim;Thomson;;1973-8-25;Madison;NC;United States;;;0
8328;-1;Jesse;Hunter;;1983-8-3;Portsmouth;RI;United States;;;0
8329;-1;Bruce;O'Devin;;1962-12-17;West Palm Beach;FL;United States;;;0
8330;-1;Bob;Fixx;;1963-8-9;Amory;MS;United States;;;0
8331;-1;Michael;Olson;;1983-3-1;St. Joseph;IL;United States;;;0
8332;-1;Mike;Sullivan;;1977-6-11;Union City;NJ;United States;;;0
8333;-1;Lorenzo;Campos;;1978-4-28;Long Beach;CA;United States;;;0
8334;-1;Matt;Canniff;;1968-2-27;Lee's Summit;MO;United States;;;0
8335;-1;Ed;Melton;;1957-4-23;New York;NY;United States;;;0
8336;-1;Perry;Pauly;;1979-12-27;Philadelphia;PA;United States;;;0
8337;-1;Kent;Totton;;1977-10-12;Glendale;CA;United States;;;0
8338;-1;Duane;Bayer;;1979-8-8;Los Gatos;CA;United States;;;0
8339;-1;Rusty;Bates;;1963-3-25;Largo;FL;United States;;;0
8340;-1;Homer;Nash;;1975-5-19;Hollywood;FL;United States;;;0
8341;-1;Bill;Rutherford;;1972-10-12;San Marcos;CA;United States;;;0
8342;-1;Aaron;Albrecht;;1970-7-23;Aalen;BAD;Germany;;;0
8343;-1;Nick;Sayers;;1968-11-19;Rockville Centre;NY;United States;;;0
8344;-1;Gerald;Hankins;;1979-9-25;Brooklyn;NY;United States;;;0
8345;-1;Virgil;MacBurie;;1968-8-5;Hampden;MA;United States;;;0
8346;-1;Allen;Mountford;;1968-8-15;Woonsocket;RI;United States;;;0
8347;-1;Vern;Erickson;;1982-8-5;Garner;NC;United States;;;0
8348;-1;Jim;Morris;;1969-3-14;Lisle;IL;United States;;;0
8349;-1;Andre;Wallbank;;1962-11-17;Abilene;TX;United States;;;0
8350;-1;John;Crawford;;1957-6-11;Avocado Heights;CA;United States;;;0
8351;-1;Jon;Smiley;;1970-2-25;Mesa;AZ;United States;;;0
8352;-1;Max;Haynes;;1969-3-27;Chesapeake;VA;United States;;;0
8353;-1;Joel;Kirby;;1964-7-3;Bayou La Batre;AL;United States;;;0
8354;-1;Craig;Wilson;;1964-12-14;Los Angeles;CA;United States;;;0
8355;-1;Andrew;Holland;;1970-6-9;Rocky View County;AB;Canada;;;0
8356;-1;Josh;Riley;;1967-1-31;Peru;IN;United States;;;0
8357;-1;Darrel;Constable;;1984-8-29;EgyLake-Leto;FL;United States;;;0
8358;-1;Isaac;Hartley;;1971-11-18;Albuquerque;NM;United States;;;0
8359;-1;Brian;Harmon;;1977-7-30;Cedar Lake;IN;United States;;;0
8360;-1;Doug;Nelson;;1960-4-26;Dumont;NJ;United States;;;0
8361;-1;Craig;Longstaff;;1982-4-21;Fort Worth;TX;United States;;;0
8362;-1;Leonard;Sotehill;;1981-3-1;Wichita Falls;TX;United States;;;0
8363;-1;Doug;Cade;;1973-1-22;Fergus Falls;MN;United States;;;0
8364;-1;Mike;Roberts;;1973-6-2;Talleyville;DE;United States;;;0
8365;-1;Wilbur;Dansey;;1969-9-16;Alton North;TX;United States;;;0
8366;-1;John;MacGreusich;;1960-12-30;Berkeley;IL;United States;;;0
8367;-1;Nick;Rigge;;1977-5-1;Dublin;CA;United States;;;0
8368;-1;Brett;Scott;;1983-3-9;Redmond;OR;United States;;;0
8369;-1;Shuichi;Abe;;1956-8-23;Shimabara;NAG;Japan;;;0
8370;-1;Jasper;Pagnal;;1955-10-18;Iona;FL;United States;;;0
8371;-1;Roberto;Rodriguez;;1980-1-6;Los Angeles;CA;United States;;;0
8372;-1;Pat;Bard;;1980-3-31;Olney;TX;United States;;;0
8373;-1;Michael;Woods;;1967-3-5;Alexandria;VA;United States;;;0
8374;-1;Joe;Cadigon;;1975-1-5;Luverne;MN;United States;;;0
8375;-1;Claude;Atkins;;1955-7-14;Tonganoxie;KS;United States;;;0
8376;-1;Bob;Bristow;;1976-1-6;Tampa;FL;United States;;;0
8377;-1;Al;Easdale;;1971-5-7;South Barrington;IL;United States;;;0
8378;-1;Lindsay;Shelly;;1972-9-5;Fort Thomas;KY;United States;;;0
8379;-1;Danny;Breese;;1962-3-31;Valley Station;KY;United States;;;0
8380;-1;Brock;Bedser;;1955-4-7;Webster;MA;United States;;;1
8381;-1;Ben;Meyers;;1976-1-17;La Vergne;TN;United States;;;0
8382;-1;Mike;Loudoun;;1958-3-19;Bakersfield;CA;United States;;;0
8383;-1;Ken;Murphy;;1957-9-27;Los Angeles;CA;United States;;;0
8384;-1;Tyler;McAnespie;;1966-7-7;San Clemente;CA;United States;;;0
8385;-1;JosÈ;Castro;;1960-3-28;Thousand Oaks;CA;United States;;;0
8386;-1;Brian;Herring;;1968-6-15;Natchez;MS;United States;;;0
8387;-1;Jason;Wood;;1963-1-20;Hoboken;NJ;United States;;;0
8388;-1;Ron;Harper;;1973-9-11;Sebring;OH;United States;;;0
8389;-1;Josh;McKim;;1960-8-20;Elk Grove;CA;United States;;;0
8390;-1;Bernard;Herschel;;1979-12-30;Jurupa Valley;CA;United States;;;0
8391;-1;Jeff;Wilcher;;1959-1-30;El Paso;TX;United States;;;0
8392;-1;Patrick;Ely;;1976-2-24;Fall River;MA;United States;;;0
8393;-1;Jon;Killian;;1969-7-9;Miramar;FL;United States;;;0
8394;-1;Zhelyazko;Stefanov;;1968-4-29;Teteven;LOV;Bulgaria;;;0
8395;-1;Jim;Armstead;;1977-5-25;San Antonio;TX;United States;;;0
8396;-1;Clement;Prince;;1955-8-4;Torrington;CT;United States;;;0
8397;-1;Robby;Meyer;;1955-3-6;Racine;WI;United States;;;1
8398;-1;Spencer;Whit;;1967-6-28;Red Hook;NY;United States;;;0
8399;-1;Tom;Colwill;;1963-2-7;Prospect Park;NJ;United States;;;0
8400;-1;Ramiro;Padilla;;1972-2-4;New Kingman-Butler;AZ;United States;;;0
8401;-1;Daniel;Sines;;1973-5-20;New York;NY;United States;;;0
8402;-1;Burt;Meredith;;1968-7-18;New York;NY;United States;;;0
8403;-1;Rob;Kirkland;;1960-9-20;Fremont;CA;United States;;;0
8404;-1;Pablo;Nevarez;;1977-2-17;Milwaukee;WI;United States;;;0
8405;-1;Jason;O'Farranan;;1963-10-27;Clearwater;FL;United States;;;0
8406;-1;John;Brock;;1980-2-19;San Jose;CA;United States;;;0
8407;-1;Mike;Lucas;;1964-3-1;Buffalo;NY;United States;;;0
8408;-1;Larry;Alexander;;1981-5-13;Colorado Springs;CO;United States;;;0
8409;-1;Edmund;Zimm;;1977-2-27;Emporia;KS;United States;;;0
8410;-1;Jack;Abbott;;1961-12-5;Bakersfield;CA;United States;;;0
8411;-1;Jed;Webb;;1967-11-24;St. Charles;MD;United States;;;0
8412;-1;Curt;Lambert;;1962-11-5;Spring Hope;NC;United States;;;0
8413;-1;Dave;Wilhelm;;1964-9-29;Brooklyn;NY;United States;;;0
8414;-1;Pat;Mitchell;;1971-6-23;Commerce Township;MI;United States;;;0
8415;-1;John;Pembroke;;1971-2-16;North Little Rock;AR;United States;;;0
8416;-1;Elmer;Stalnacher;;1967-12-23;High Ridge;MO;United States;;;0
8417;-1;Lou;Forsythe;;1972-10-28;Kapolei;HI;United States;;;0
8418;-1;Gus;Nair;;1958-12-23;Hempstead;NY;United States;;;0
8419;-1;Joe;Mason;;1979-11-27;Virginia Beach;VA;United States;;;0
8420;-1;Desmond;Mullholland;;1982-12-23;Massillon;OH;United States;;;0
8421;-1;Aaron;Crittall;;1973-8-22;Bartow;FL;United States;;;0
8422;-1;Manuel;Torrez;;1970-1-13;Visalia;CA;United States;;;0
8423;-1;Mark;O'Reilly;;1965-7-8;Midlothian;IL;United States;;;0
8424;-1;Trevor;Simpson;;1971-10-30;Boston;MA;United States;;;0
8425;-1;Edward;Hine;;1971-12-8;New York;NY;United States;;;0
8426;-1;Winston;Zeller;;1973-1-27;Dallas;TX;United States;;;0
8427;-1;Al;Lawson;;1962-2-7;Denton;TX;United States;;;0
8428;-1;Michael;O'Rourke;;1980-2-17;South Bend;IN;United States;;;0
8429;-1;James;Minor;;1975-10-16;Merced;CA;United States;;;0
8430;-1;Tony;Wang;;1973-11-17;Vancouver;WA;United States;;;0
8431;-1;Marvin;Reese;;1984-9-11;Kansas City;MO;United States;;;0
8432;-1;Jon;Tindell;;1977-4-17;Los Angeles;CA;United States;;;0
8433;-1;Craig;Cafferty;;1980-3-19;Meriden;CT;United States;;;0
8434;-1;Istika;Punith;;1958-7-20;Yarada;AND;India;;;0
8435;-1;Kiyotaka;Sakurai;;1961-11-23;Hayama;KAN;Japan;;;0
8436;-1;Brian;Wolfe;;1959-2-10;Harrison Township;PA;United States;;;0
8437;-1;Sean;Hankins;;1971-6-8;Harrison;NY;United States;;;0
8438;-1;Aleksandr;Treushnikov;;1974-11-27;Aleysk;ALT;Russia;;;0
8439;-1;Michael;Coleman;;1957-7-31;Los Angeles;CA;United States;;;0
8440;-1;Doug;van Rijn;;1977-3-22;Philadelphia;PA;United States;;;0
8441;-1;Dave;Snyder;;1955-6-9;Temecula;CA;United States;;;1
8442;-1;Edward;O'Neill;;1973-10-13;Saginaw;MI;United States;;;0
8443;-1;Jeffery;Olson;;1973-9-1;New York;NY;United States;;;0
8444;-1;Henry;Grazen;;1962-1-25;Warm Mineral Springs;FL;United States;;;0
8445;-1;Phil;Breach;;1978-11-28;Taylor Mill;KY;United States;;;0
8446;-1;Ron;Carpenter;;1960-9-23;Seattle;WA;United States;;;0
8447;-1;Trent;Greusach;;1966-8-1;Weslaco;TX;United States;;;0
8448;-1;Josh;Orr;;1979-8-25;Colorado Springs;CO;United States;;;0
8449;-1;Jim;Raffles;;1980-5-26;Great Falls;SC;United States;;;0
8450;-1;John;Stevenson;;1980-1-19;Hudson;FL;United States;;;0
8451;-1;Melvin;Patton;;1967-8-20;Texarkana;AR;United States;;;0
8452;-1;Kevin;Kaleigh;;1971-10-9;New York;NY;United States;;;0
8453;-1;Nathan;Coffin;;1966-6-22;Wabash;IN;United States;;;0
8454;-1;Don;Bumgardener;;1967-11-25;Centreville;VA;United States;;;0
8455;-1;Marvin;Nelson;;1966-11-27;Napa;CA;United States;;;0
8456;-1;Steve;Roane;;1981-10-28;North Haven;CT;United States;;;0
8457;-1;Steve;Brock;;1978-4-16;Moon Lake;FL;United States;;;0
8458;-1;Michael;Beatty;;1977-2-25;Jacksonville;FL;United States;;;0
8459;-1;Paul;MacAy;;1964-7-20;Toledo;OH;United States;;;0
8460;-1;Jeff;O'Rourke;;1984-2-11;Pittsburg;CA;United States;;;0
8461;-1;Kent;Midgett;;1975-1-26;De Witt;AR;United States;;;0
8462;-1;Graham;Simpson;;1958-3-15;Overland Park;KS;United States;;;0
8463;-1;James;Witkop;;1957-4-16;Tulsa;OK;United States;;;0
8464;-1;Edward;Sackett;;1976-1-13;Cedar Falls;IA;United States;;;0
8465;-1;Phil;Reilly;;1978-3-15;Forest City;FL;United States;;;0
8466;-1;David;Goodwin;;1969-2-19;Hialeah;FL;United States;;;0
8467;-1;Charles;Strickland;;1972-2-5;Anchorage;AK;United States;;;0
8468;-1;Pat;O'Sullivan;;1960-7-13;Philadelphia;PA;United States;;;0
8469;-1;Ronald;Larcombe;;1974-3-27;Karns;TN;United States;;;0
8470;-1;Tommy;MacAuslane;;1976-12-20;Norman;OK;United States;;;0
8471;-1;Bruce;Stewart;;1957-11-1;Toms River;NJ;United States;;;0
8472;-1;Andrew;Lee;;1971-10-10;Hatboro;PA;United States;;;0
8473;-1;Ron;Montgomery;;1968-1-27;DeLand;FL;United States;;;0
8474;-1;Bill;Smith;;1979-8-16;Plymouth;MA;United States;;;0
8475;-1;Edwin;Wilkins;;1967-4-20;Dothan;AL;United States;;;0
8476;-1;Dilan;McKeachan;;1956-6-11;Pleasanton;CA;United States;;;0
8477;-1;Brad;Claycomb;;1984-1-21;New York;NY;United States;;;0
8478;-1;Shawn;Quenby;;1983-11-26;Missouri City;TX;United States;;;0
8479;-1;Wyatt;Coleman;;1968-12-8;Melvindale;MI;United States;;;0
8480;-1;Okalani;Kona;;1955-10-19;Garland;TX;United States;;;0
8481;-1;Denis;Stepanov;;1969-11-18;Sharlyk;ORE;Russia;;;0
8482;-1;JosÈ;JimÈnez;;1966-6-10;Dana Point;CA;United States;;;0
8483;-1;John;Barraclough;;1971-10-19;Ralston;IA;United States;;;0
8484;-1;Tanner;Saltoun;;1962-2-25;El Paso de Robles Paso Robles;CA;United States;;;0
8485;-1;Matt;Goodin;;1965-5-5;Foxborough;MA;United States;;;0
8486;-1;Chris;Kneebone;;1982-7-14;Shakopee;MN;United States;;;0
8487;-1;Mike;Burnes;;1955-8-9;St. Petersburg;FL;United States;;;0
8488;-1;Ronald;Gilmore;;1965-12-26;Aurora;CO;United States;;;0
8489;-1;Rob;Bass;;1984-5-23;Lincoln;NE;United States;;;0
8490;-1;Allen;Ramey;;1977-7-4;Mobile;AL;United States;;;0
8491;-1;Curt;Williams;;1971-10-19;Los Angeles;CA;United States;;;0
8492;-1;Jon;Schumacher;;1963-6-1;Pasadena;CA;United States;;;0
8493;-1;Peter;Johnson;;1974-7-13;Virginia Beach;VA;United States;;;0
8494;-1;Aleksey;Zazulenko;;1975-6-22;Sterlitamak;BAS;Russia;;;0
8495;-1;Alex;Dull;;1977-4-3;New York;NY;United States;;;0
8496;-1;Edward;Donaghy;;1971-12-26;Ludlow;MA;United States;;;0
8497;-1;Ben;Schneider;;1980-5-3;Camino Tassajara;CA;United States;;;0
8498;-1;Ron;Aggett;;1982-6-7;Chandler;AZ;United States;;;0
8499;-1;James;Shaw;;1958-2-18;Whiteville;TN;United States;;;0
8500;338;Nicolas;Pozar;;1963-3-22;Ostrava;MOR;Czechia;;;0
8501;338;Jan;Pavlistik;;1956-1-26;Brno;JHM;Czechia;;;0
8502;338;Jan;Pelouch;;1969-7-18;Prague;PRA;Czechia;;;0
8503;338;Libor;Veverka;;1981-1-22;Zdar;VYS;Czechia;;;0
8504;338;Filip;Michal;;1956-8-20;Ostrava;MOR;Czechia;;;0
8505;338;Tom·s;Vetrovec;;1972-4-27;TrebÌc;VYS;Czechia;;;0
8506;338;Marek;Dlouhy;;1965-8-3;Prague;PRA;Czechia;;;0
8507;338;Ivan;Spiroch;;1971-10-18;Hostivice;STR;Czechia;;;0
8508;338;Patrik;Vano;;1962-5-25;Prague;PRA;Czechia;;;0
8509;338;Marek;Kunes;;1983-5-21;Rychnov u Jablonce nad Nisou;LIB;Czechia;;;0
8510;339;Miloslav;Korecek;;1968-11-25;Pardubice;PAR;Czechia;;;0
8511;339;Jakub;Svehla;;1956-6-14;JicÌn;KRA;Czechia;;;0
8512;339;Michal;Hlava;;1979-11-21;Prague;PRA;Czechia;;;0
8513;339;Radek;Helekal;;1974-6-3;Prague;PRA;Czechia;;;0
8514;339;Torben;Rˆmer;;1956-7-17;D¸sseldorf;NOR;Germany;;;0
8515;339;Adam;Dlouhy;;1980-6-24;Brno;JHM;Czechia;;;0
8516;339;Martin;Rojik;;1955-5-19;LitvÌnov;UST;Czechia;;;0
8517;339;Robert;Sisma;;1963-7-29;Prague;PRA;Czechia;;;0
8518;339;Roman;Novotny;;1967-12-13;Vodnany;JIH;Czechia;;;0
8519;339;Antonin;Ouda;;1971-3-8;Blansko;JHM;Czechia;;;0
8520;340;Vaclav;Kocourek;;1964-12-6;Klasterec nad OhrÌ;UST;Czechia;;;0
8521;340;Libor;Sobek;;1983-5-7;Prague;PRA;Czechia;;;0
8522;340;Marek;Simak;;1966-8-29;Prague;PRA;Czechia;;;0
8523;340;Vojtech;Potuzak;;1973-12-12;Mezibori;UST;Czechia;;;0
8524;340;Damian;Holte;;1975-11-7;Oslo;AKE;Norway;;;0
8525;340;Tom·s;Turtak;;1962-8-18;Libina;OLO;Czechia;;;0
8526;340;Kamil;Kadecka;;1966-11-2;Osek;UST;Czechia;;;0
8527;340;Daniel;Pavlasek;;1981-3-22;Dobruska;KRA;Czechia;;;0
8528;340;Lukas;Jakl;;1972-2-3;Prague;PRA;Czechia;;;0
8529;340;Radek;Skoumal;;1961-1-4;Liberec;LIB;Czechia;;;0
8530;341;Ales;Kubovec;;1970-3-10;Ostrava;MOR;Czechia;;;0
8531;341;Tom·s;Zezulka;;1962-5-31;Krupka;UST;Czechia;;;0
8532;341;Jan;Rohac;;1972-5-17;HavÌrov;MOR;Czechia;;;0
8533;341;Tom·s;Mitura;;1979-2-13;Ostrava;MOR;Czechia;;;0
8534;341;Lukas;Horcic;;1966-8-22;Ostrava;MOR;Czechia;;;0
8535;341;Josef;Zvonicek;;1974-3-5;Prague;PRA;Czechia;;;0
8536;341;Filip;Kvicala;;1971-6-8;Jirkov;UST;Czechia;;;0
8537;341;Josef;Takacs;;1956-8-11;Benesov;STR;Czechia;;;0
8538;341;Oto;Jira;;1983-1-3;Zatec;UST;Czechia;;;0
8539;341;Zbynek;Slovak;;1977-9-9;Strakonice;JIH;Czechia;;;0
8540;342;Jan;Vanicek;;1969-2-8;Opava;MOR;Czechia;;;0
8541;342;Jozef;Pisko;;1984-4-22;Brno;JHM;Czechia;;;0
8542;342;Horst;Bulawa;;1960-1-16;HavÌrov;MOR;Czechia;;;0
8543;342;Martin;Mikula;;1972-2-18;ValasskÈ MezirÌcÌ;ZLN;Czechia;;;0
8544;342;Santeri;Salo;;1955-6-28;Jyv‰skyl‰;FIN;Finland;;;0
8545;342;Jaroslav;Cerovsky;;1964-12-9;Prague;PRA;Czechia;;;0
8546;342;Petr;Jiricny;;1967-9-16;MoravskÈ Budejovice;VYS;Czechia;;;0
8547;342;David;Vrastil;;1976-4-22;Plzen;PLZ;Czechia;;;0
8548;342;Radim;Baborak;;1972-2-1;Krnov;MOR;Czechia;;;0
8549;342;Jan;Straka;;1959-11-24;ZlÌn;ZLN;Czechia;;;0
8550;343;Dominik;Siska;;1962-2-10;Brno;JHM;Czechia;;;0
8551;343;Wu;Hanbo;;1970-5-15;Alihe;INN;China;;;0
8552;343;Edmundo;Foios;;1975-10-2;Estoril;LIS;Portugal;;;0
8553;343;Michal;Polansky;;1984-7-4;Olomouc;OLO;Czechia;;;0
8554;343;Korbinian;Conrad;;1974-12-10;Hennigsdorf;BRA;Germany;;;0
8555;343;Jozef;Molnar;;1964-2-20;Most;UST;Czechia;;;0
8556;343;Jan;Janecky;;1984-12-7;Prague;PRA;Czechia;;;0
8557;343;Adam;Hlousek;;1970-11-26;ZlÌn;ZLN;Czechia;;;0
8558;343;Jiri;Beno;;1960-10-26;Prague;PRA;Czechia;;;0
8559;343;Viktor;Sedlacek;;1971-7-20;Pardubice;PAR;Czechia;;;0
8560;344;Ladislav;Hurta;;1972-10-12;Ceska LÌpa;LIB;Czechia;;;0
8561;344;Jozef;Firak;;1966-5-20;Velim;STR;Czechia;;;0
8562;344;Alexander;Fichna;;1965-10-3;KojetÌn;OLO;Czechia;;;0
8563;344;Marcel;Kriz;;1973-9-17;Jedovnice;JHM;Czechia;;;0
8564;344;Karel;Marcik;;1973-12-23;CeskÈ Budejovice;JIH;Czechia;;;0
8565;344;Richard;Mikulica;;1968-5-6;Sternberk;OLO;Czechia;;;0
8566;344;Martin;Vane;;1965-2-26;Pardubice;PAR;Czechia;;;0
8567;344;Pavel;Strelec;;1966-2-1;Ceska LÌpa;LIB;Czechia;;;0
8568;344;Ondrej;Janacek;;1982-2-1;ValasskÈ MezirÌcÌ;ZLN;Czechia;;;0
8569;344;Dominik;Benda;;1957-7-6;Ostrov;KAR;Czechia;;;0
8570;345;Vladislav;Hranicka;;1982-10-6;Dvur Kr·lovÈ nad Labem;KRA;Czechia;;;0
8571;345;Daniel;Havlik;;1963-9-28;Zelezny Brod;LIB;Czechia;;;0
8572;345;Davide;Giorgini;;1970-6-17;Parete;CAM;Italy;;;0
8573;345;Jan;Kopelent;;1964-1-27;VsetÌn;ZLN;Czechia;;;0
8574;345;Jiri;Soukup;;1957-8-24;Jirkov;UST;Czechia;;;0
8575;345;Vladimir;Culek;;1963-12-26;Prague;PRA;Czechia;;;0
8576;345;Erik;Basek;;1957-5-30;LitvÌnov;UST;Czechia;;;0
8577;345;Martin;Filak;;1971-2-1;HavlÌckuv Brod;VYS;Czechia;;;0
8578;345;Michal;Klepac;;1967-8-12;SlavicÌn;ZLN;Czechia;;;0
8579;345;Vojtech;Jasek;;1959-5-12;Pribram;STR;Czechia;;;0
8580;346;Jan;Cizek;;1956-2-4;Hovorany;JHM;Czechia;;;0
8581;346;Lukas;Zubek;;1978-8-27;UherskÈ Hradiste;ZLN;Czechia;;;0
8582;346;Dominik;Rac;;1958-9-3;Chocen;PAR;Czechia;;;0
8583;346;Tom·s;Helesic;;1959-6-15;L·ny;STR;Czechia;;;0
8584;346;Jakub;Culen;;1977-12-29;Presov;PRE;Slovakia;;;0
8585;346;Zbynek;Pokorny;;1978-1-21;Hradec KralovÈ;KRA;Czechia;;;0
8586;346;Jan;Novak;;1979-4-24;Bruntal;MOR;Czechia;;;0
8587;346;Michal;Poulik;;1960-9-30;Prague;PRA;Czechia;;;0
8588;346;Tom·s;Nejedlik;;1979-4-6;Zbiroh;PLZ;Czechia;;;0
8589;346;Michal;Turek;;1974-2-23;Plana nad LuznicÌ;JIH;Czechia;;;0
8590;347;Radek;Kozlik;;1957-2-7;Prerov;OLO;Czechia;;;0
8591;347;Michal;Palat;;1980-11-25;Prague;PRA;Czechia;;;0
8592;347;Bent;Larsen;;1960-11-19;Frederikssund;FRE;Denmark;;;0
8593;347;Simon;Sedlak;;1958-5-22;Prague;PRA;Czechia;;;0
8594;347;Pavel;Madl;;1956-4-6;Pohorelice;JHM;Czechia;;;0
8595;347;Jan;Lehky;;1966-9-14;Cesk˝ TesÌn;MOR;Czechia;;;0
8596;347;Pavel;Kopriva;;1956-8-25;Fr˝dek-MÌstek;MOR;Czechia;;;0
8597;347;Ladislav;Licka;;1956-7-26;Ostrava;MOR;Czechia;;;0
8598;347;Petr;Antos;;1967-2-16;Pardubice;PAR;Czechia;;;0
8599;347;Kevin;Drahota;;1974-1-18;Orlova;MOR;Czechia;;;0
8600;348;Petr;Hrabe;;1974-3-30;Karlovy Vary;KAR;Czechia;;;0
8601;348;Somrit;Viwatchaichok;;1982-7-16;Narathiwat;NAR;Thailand;;;0
8602;348;Mykola;Laktionov;;1966-1-26;Dymytrove;KIR;Ukraine;;;0
8603;348;Martin;Havelka;;1971-8-30;Bystrice pod Host˝nem;ZLN;Czechia;;;0
8604;348;Mirco;Croft;;1983-9-2;Homburg;SAA;Germany;;;0
8605;348;Pavel;Polak;;1962-4-1;Pelhrimov;VYS;Czechia;;;0
8606;348;Tom·s;Bily;;1981-3-24;Kladno;STR;Czechia;;;0
8607;348;Tom·s;Skalicky;;1962-3-16;Neratovice;STR;Czechia;;;0
8608;348;Jan;Hrdlicka;;1957-8-16;Ivancice;JHM;Czechia;;;0
8609;348;Jakub;Kocenda;;1976-11-15;DecÌn;UST;Czechia;;;0
8610;349;Nicolas;Garba;;1984-10-26;Znojmo;JHM;Czechia;;;0
8611;349;Jan;Matousek;;1955-12-26;Opava;MOR;Czechia;;;0
8612;349;Radek;Sumbera;;1977-12-13;Brumov-Bylnice;ZLN;Czechia;;;0
8613;349;Tom·s;Sobotka;;1974-3-12;Plzen;PLZ;Czechia;;;0
8614;349;Rostislav;Bejcek;;1982-9-24;Chomutov;UST;Czechia;;;0
8615;349;Martin;Svatos;;1955-2-18;Ostrava;MOR;Czechia;;;0
8616;349;Michal;Salanda;;1981-4-19;Prelouc;PAR;Czechia;;;0
8617;349;Martin;Dancak;;1964-9-15;Jirkov;UST;Czechia;;;0
8618;349;Tom·s;Myslivec;;1978-7-15;Plzen;PLZ;Czechia;;;0
8619;349;Michal;Dureje;;1981-11-17;Jihlava;VYS;Czechia;;;0
8620;350;Radan;Richter;;1958-1-14;LitvÌnov;UST;Czechia;;;0
8621;350;Tom·s;Valenta;;1971-2-8;Liberec;LIB;Czechia;;;0
8622;350;Manfred;Schumacher;;1974-1-11;Uetze;LOW;Germany;;;0
8623;350;Karel;Spacek;;1966-11-21;Dobrany;PLZ;Czechia;;;0
8624;350;Matej;Bajgar;;1958-5-6;Neratovice;STR;Czechia;;;0
8625;350;Ondrej;Ocenasek;;1955-12-25;Brno;JHM;Czechia;;;0
8626;350;Miloslav;Grulich;;1983-5-7;Zd·r nad S·zavou;VYS;Czechia;;;0
8627;350;Jakub;Jansky;;1979-9-25;Brno;JHM;Czechia;;;0
8628;350;Martin;Valcik;;1961-9-23;Moravska Trebova;PAR;Czechia;;;0
8629;350;Tom·s;Vrany;;1979-2-16;Ostrava;MOR;Czechia;;;0
8630;351;David;Fukal;;1976-11-16;Veversk· BÌt˝ska;JHM;Czechia;;;0
8631;351;Jan;Ryba;;1966-3-23;VsetÌn;ZLN;Czechia;;;0
8632;351;Martin;Cepela;;1964-10-19;Cerveny Kostelec;KRA;Czechia;;;0
8633;351;Tom·s;Pazdera;;1963-7-3;Sumperk;OLO;Czechia;;;0
8634;351;Filip;Napravnik;;1978-10-23;Prague;PRA;Czechia;;;0
8635;351;Pavel;Varga;;1983-3-11;Mlada Boleslav;STR;Czechia;;;0
8636;351;Michal;Skrabal;;1983-1-17;Pardubice;PAR;Czechia;;;0
8637;351;Petr;Otisk;;1962-10-9;Plzen;PLZ;Czechia;;;0
8638;351;Jan;Aron;;1955-1-3;Polesovice;ZLN;Czechia;;;0
8639;351;Lukas;Vodicka;;1977-12-19;⁄stÌ nad Labem;UST;Czechia;;;0
8640;-1;Stepan;Anyz;;1964-12-28;Vamberk;KRA;Czechia;;;0
8641;-1;Pavel;Mach;;1965-8-23;Mlada Boleslav;STR;Czechia;;;0
8642;-1;Dominik;Kopecky;;1965-5-18;Kladno;STR;Czechia;;;0
8643;-1;Filip;Prochazka;;1957-11-23;Brno;JHM;Czechia;;;0
8644;-1;Marek;Kubicek;;1964-3-25;Prostejov;OLO;Czechia;;;0
8645;-1;Ctirad;Malik;;1969-11-26;UherskÈ Hradiste;ZLN;Czechia;;;0
8646;-1;Antonin;Kraus;;1977-7-10;Olomouc;OLO;Czechia;;;0
8647;-1;Karel;Krsek;;1974-12-3;NovÈ Mesto na Morave;VYS;Czechia;;;0
8648;-1;Jiri;Mrlina;;1960-3-28;DolnÌ NemcÌ;ZLN;Czechia;;;0
8649;-1;Marek;Pesicka;;1972-7-3;Bojkovice;ZLN;Czechia;;;0
8650;-1;Jaroslav;Stanek;;1964-11-11;Ostrava;MOR;Czechia;;;0
8651;-1;Jan;Singer;;1974-3-10;Brno;JHM;Czechia;;;0
8652;-1;Jiri;Blecha;;1967-9-26;As;KAR;Czechia;;;0
8653;-1;Martin;Provaznik;;1960-4-16;Sokolov;KAR;Czechia;;;0
8654;-1;Adam;Rous;;1967-10-27;Brno;JHM;Czechia;;;0
8655;-1;Frederick;Quint;;1969-4-4;Murray;UT;United States;;;0
8656;-1;Vitezslav;Jedlicka;;1968-7-8;BohumÌn;MOR;Czechia;;;0
8657;-1;Patrik;Kyselak;;1973-12-5;Karlovy Vary;KAR;Czechia;;;0
8658;-1;David;Jonak;;1983-6-13;Osek;UST;Czechia;;;0
8659;-1;Daniel;Malina;;1960-5-21;Plzen;PLZ;Czechia;;;0
8660;-1;Marek;Neumann;;1965-10-18;Zb˝sov;JHM;Czechia;;;0
8661;-1;Jakub;Markovic;;1974-11-25;Brno;JHM;Czechia;;;0
8662;-1;Jan;Surmaj;;1972-7-2;Most;UST;Czechia;;;0
8663;-1;Radek;Zacek;;1970-1-22;Kralupy nad Vltavou;STR;Czechia;;;0
8664;-1;Robin;Francu;;1979-1-2;Jihlava;VYS;Czechia;;;0
8665;-1;Petr;Prusa;;1963-8-6;Karlovy Vary;KAR;Czechia;;;0
8666;-1;Lukas;Botos;;1961-8-3;Boskovice;JHM;Czechia;;;0
8667;-1;Jakub;Sadil;;1979-12-30;RatÌskovice;JHM;Czechia;;;0
8668;-1;Martin;Skorpik;;1957-2-25;Prague;PRA;Czechia;;;0
8669;-1;Jaroslav;Jicha;;1966-11-11;Plzen;PLZ;Czechia;;;0
8670;-1;Ondrej;Matulka;;1971-11-5;Tanvald;LIB;Czechia;;;0
8671;-1;Martin;Dolejs;;1984-8-18;VysokÈ M˝to;PAR;Czechia;;;0
8672;-1;Alois;Kucharik;;1977-12-19;Prague;PRA;Czechia;;;0
8673;-1;Belkacem;Chicouche;;1976-9-6;Qalmah;QAL;Algeria;;;0
8674;-1;Miloslav;Holub;;1964-12-9;Suchdol nad Odrou;MOR;Czechia;;;0
8675;-1;Zbynek;Zahradnik;;1972-12-22;LitvÌnov;UST;Czechia;;;0
8676;-1;Jan;Duska;;1978-1-23;Olomouc;OLO;Czechia;;;0
8677;-1;Jan;Rous;;1975-1-29;Cesk˝ TesÌn;MOR;Czechia;;;0
8678;-1;Bob;Gehrt;;1969-3-16;Ives Estates;FL;United States;;;0
8679;-1;Milan;Cepela;;1964-3-1;Brno;JHM;Czechia;;;0
8680;-1;Petr;Benda;;1964-8-7;ZlÌn;ZLN;Czechia;;;0
8681;-1;Roman;Prosek;;1982-1-17;Vrbno pod Pradedem;MOR;Czechia;;;0
8682;-1;Michal;Zabka;;1973-12-25;Ostrava;MOR;Czechia;;;0
8683;-1;Tom·s;Hrachovec;;1965-6-29;Hostivice;STR;Czechia;;;0
8684;-1;Michal;Kocvara;;1957-12-18;Klatovy;PLZ;Czechia;;;0
8685;-1;Radim;Patava;;1967-6-5;Kladno;STR;Czechia;;;0
8686;-1;Adam;Bartek;;1969-3-21;Ostrava;MOR;Czechia;;;0
8687;-1;Ondrej;Semenec;;1972-5-10;Dobrany;PLZ;Czechia;;;0
8688;-1;David;Hermansky;;1969-1-19;Most;UST;Czechia;;;0
8689;-1;Filip;Kubu;;1984-12-17;HornÌ Becva;ZLN;Czechia;;;0
8690;-1;Ondrej;Janecek;;1965-11-2;Vranovice;JHM;Czechia;;;0
8691;-1;Richard;Kurtin;;1984-10-15;HavÌrov;MOR;Czechia;;;0
8692;-1;Michal;Fisar;;1974-6-23;Prague;PRA;Czechia;;;0
8693;-1;Radim;Rusek;;1963-9-25;Kynsperk nad OhrÌ;KAR;Czechia;;;0
8694;-1;Petr;Crhonek;;1964-5-1;Strakonice;JIH;Czechia;;;0
8695;-1;Radek;Formanek;;1981-10-29;Pohorelice;JHM;Czechia;;;0
8696;-1;Adam;Podrouzek;;1982-3-27;Svitavy;PAR;Czechia;;;0
8697;-1;Tom·s;Pesta;;1957-1-14;Trinec;MOR;Czechia;;;0
8698;-1;Tom·s;Krupka;;1975-11-2;Lom;UST;Czechia;;;0
8699;-1;Tom·s;Padevet;;1972-4-21;Ostrava;MOR;Czechia;;;0
8700;-1;Daniel;Oprchal;;1969-12-17;Bzenec;JHM;Czechia;;;0
8701;-1;Petr;Kosmak;;1958-4-5;Prague;PRA;Czechia;;;0
8702;-1;Tom·s;Vorlicek;;1957-10-12;Tremosnice;PAR;Czechia;;;0
8703;-1;Ondrej;Krnac;;1970-8-16;Prague;PRA;Czechia;;;0
8704;-1;Tom·s;Krivanek;;1979-9-7;Chomutov;UST;Czechia;;;0
8705;-1;David;Kubena;;1977-3-14;Zb˝sov;JHM;Czechia;;;0
8706;-1;Tom·s;Holada;;1978-3-23;Brno;JHM;Czechia;;;0
8707;-1;J·n;Valabik;;1962-9-26;Ostrava;MOR;Czechia;;;0
8708;-1;Miloslav;Janeba;;1970-2-6;Trutnov;KRA;Czechia;;;0
8709;-1;Daniel;Komarek;;1961-12-28;DecÌn;UST;Czechia;;;0
8710;-1;David;Adam;;1961-1-2;Brno;JHM;Czechia;;;0
8711;-1;Robert;Horvath;;1981-9-27;Ceska LÌpa;LIB;Czechia;;;0
8712;-1;Tom·s;Kokes;;1970-4-11;Pardubice;PAR;Czechia;;;0
8713;-1;Jakub;Danek;;1965-1-24;Kutna Hora;STR;Czechia;;;0
8714;-1;Tom·s;Bedrich;;1965-6-30;Breclav;JHM;Czechia;;;0
8715;-1;Tom·s;Miklik;;1965-1-19;Mlada Boleslav;STR;Czechia;;;0
8716;-1;David;Severin;;1958-5-25;Lovosice;UST;Czechia;;;0
8717;-1;Vojtech;Franke;;1974-2-20;StetÌ;UST;Czechia;;;0
8718;-1;Jan;Horvath;;1960-5-12;TrebÌc;VYS;Czechia;;;0
8719;-1;Ales;Suchanek;;1970-10-23;Kynsperk nad OhrÌ;KAR;Czechia;;;0
8720;-1;Jan;Markvart;;1979-6-13;Slan˝;STR;Czechia;;;0
8721;-1;Jiri;Stastny;;1973-12-17;Prague;PRA;Czechia;;;0
8722;-1;Antonin;Capek;;1983-10-9;Prague;PRA;Czechia;;;0
8723;-1;Adam;Jurka;;1965-12-12;VeselÌ nad LuznicÌ;JIH;Czechia;;;0
8724;-1;Josef;Husak;;1967-6-15;Ceska Ves;OLO;Czechia;;;0
8725;-1;Patrik;Holoubek;;1979-12-19;Ceska LÌpa;LIB;Czechia;;;0
8726;-1;Hideyori;Kaneko;;1982-9-14;Koka;SHI;Japan;;;0
8727;-1;Zdenek;Zarecky;;1981-8-26;KromerÌz;ZLN;Czechia;;;0
8728;-1;Petr;Roznovsky;;1974-6-17;Chomutov;UST;Czechia;;;0
8729;-1;David;Kubina;;1970-10-16;Hrob;UST;Czechia;;;0
8730;-1;Vojtech;Balog;;1965-10-18;Chomutov;UST;Czechia;;;0
8731;-1;Jiri;Drabek;;1970-5-28;Holesov;ZLN;Czechia;;;0
8732;-1;Tom·s;Tezky;;1984-2-20;Prague;PRA;Czechia;;;0
8733;-1;Filip;Rejmont;;1978-6-25;Prelouc;PAR;Czechia;;;0
8734;-1;I;Yeong-cheol;;1956-5-9;Incheon;INC;South Korea;;;0
8735;-1;Jakub;Simon;;1956-10-27;Prague;PRA;Czechia;;;0
8736;-1;Ondrej;Laurin;;1982-12-26;Brno;JHM;Czechia;;;0
8737;-1;Bohumil;Pavlasek;;1981-8-25;Plasy;PLZ;Czechia;;;0
8738;-1;Jakub;Voboril;;1980-12-6;Ostrava;MOR;Czechia;;;0
8739;-1;Petr;Sus;;1969-4-9;Hat;MOR;Czechia;;;0
8740;-1;Antonin;Hodinka;;1979-8-31;Brno;JHM;Czechia;;;0
8741;-1;Marek;Bastl;;1962-1-15;Kladno;STR;Czechia;;;0
8742;-1;Senichi;Oohara;;1969-12-13;Shiki;SAI;Japan;;;0
8743;-1;Jan;Jirousek;;1980-12-24;Pecky;STR;Czechia;;;0
8744;-1;Dominik;Kincl;;1957-11-26;Olomouc;OLO;Czechia;;;0
8745;-1;Jakub;Fila;;1959-2-20;Kamenice nad Lipou;VYS;Czechia;;;0
8746;-1;Vaclav;Soucek;;1968-3-9;Opava;MOR;Czechia;;;0
8747;-1;Jiri;Abraham;;1981-9-16;Karvina;MOR;Czechia;;;0
8748;-1;Lukas;Cieslar;;1983-9-30;Teplice;UST;Czechia;;;0
8749;-1;Michal;Smicka;;1983-3-29;StetÌ;UST;Czechia;;;0
8750;-1;Jan;Sekyra;;1980-6-16;Sternberk;OLO;Czechia;;;0
8751;-1;Martin;Truhlar;;1957-9-2;Mimon;LIB;Czechia;;;0
8752;-1;Tom·s;Husak;;1958-7-8;Karvina;MOR;Czechia;;;0
8753;-1;Lukas;Safarik;;1977-12-3;Brno;JHM;Czechia;;;0
8754;-1;Oto;Toman;;1982-6-29;Prague;PRA;Czechia;;;0
8755;-1;Ondrej;Kucera;;1960-5-11;Huslenky;ZLN;Czechia;;;0
8756;-1;Daniel;Krejzl;;1972-7-3;Opava;MOR;Czechia;;;0
8757;-1;Josef;Pudil;;1959-8-26;Hradek;PLZ;Czechia;;;0
8758;-1;Jan;Spilka;;1962-11-25;Trest;VYS;Czechia;;;0
8759;-1;Daniel;Franke;;1975-8-31;Prague;PRA;Czechia;;;0
8760;-1;Michal;Vlk;;1976-4-23;Tabor;JIH;Czechia;;;0
8761;-1;Rinat;Khabibullin;;1971-4-14;Aqtˆbe;AKT;Kazakhstan;;;0
8762;-1;Matej;Gregor;;1978-5-16;RakovnÌk;STR;Czechia;;;0
8763;-1;Pavel;Simicek;;1983-4-6;ValasskÈ MezirÌcÌ;ZLN;Czechia;;;0
8764;-1;Rostislav;Stejskal;;1963-4-29;CeskÈ Budejovice;JIH;Czechia;;;0
8765;-1;Petr;Smrcka;;1959-6-10;Opava;MOR;Czechia;;;0
8766;-1;Petr;Sokol;;1974-3-23;Hradec KralovÈ;KRA;Czechia;;;0
8767;-1;Ondrej;Zacek;;1964-2-10;Opocno;KRA;Czechia;;;0
8768;-1;Richard;Drobny;;1961-12-6;Plzen;PLZ;Czechia;;;0
8769;-1;Petr;Urbasek;;1978-3-10;LitvÌnov;UST;Czechia;;;0
8770;-1;David;Pospisil;;1982-6-26;Prague;PRA;Czechia;;;0
8771;-1;Richard;Stejskal;;1967-7-5;Sadska;STR;Czechia;;;0
8772;-1;Vojtech;Kasl;;1966-4-23;Ceska Trebova;PAR;Czechia;;;0
8773;-1;Petr;TÛth;;1967-3-17;Loucovice;JIH;Czechia;;;0
8774;-1;David;Gorcik;;1963-8-26;Prague;PRA;Czechia;;;0
8775;-1;Jaroslav;Housa;;1970-12-12;Slavkov u Brna;JHM;Czechia;;;0
8776;-1;Jakub;Steiner;;1971-5-27;Liberec;LIB;Czechia;;;0
8777;-1;Patrik;Mraz;;1958-12-21;Hranice;OLO;Czechia;;;0
8778;-1;Jan;Baumgartner;;1979-4-19;Hrusovany nad Jevisovkou;JHM;Czechia;;;0
8779;-1;Jan;Cizek;;1965-8-8;Liberec;LIB;Czechia;;;0
8780;-1;David;Jelinek;;1962-8-4;Rtyne v PodkrkonosÌ;KRA;Czechia;;;0
8781;-1;Vadim;Volman;;1983-8-21;Chelyabinsk;CHE;Russia;;;0
8782;-1;Petr;Nemec;;1980-3-30;Ostrava;MOR;Czechia;;;0
8783;-1;Radek;Rajnoha;;1974-4-6;Hradec KralovÈ;KRA;Czechia;;;0
8784;-1;Tom·s;Bartl;;1970-5-9;Tlucna;PLZ;Czechia;;;0
8785;-1;Tyler;Berry;;1975-4-14;Welland;ON;Canada;;;0
8786;-1;Zbynek;Mottl;;1980-6-28;Mikulov;JHM;Czechia;;;0
8787;-1;Martin;Pospisil;;1977-3-6;Hradec KralovÈ;KRA;Czechia;;;0
8788;-1;Martin;Szmek;;1967-6-17;Karvina;MOR;Czechia;;;0
8789;-1;Tom·s;Spacek;;1978-10-5;Tabor;JIH;Czechia;;;0
8790;-1;Tom·s;Stejskal;;1979-4-3;Prague;PRA;Czechia;;;0
8791;-1;Kamil;Rocek;;1978-12-19;Prague;PRA;Czechia;;;0
8792;-1;Jan;Bruna;;1960-8-8;Prague;PRA;Czechia;;;0
8793;-1;Juraj;Blazek;;1977-9-14;Sumperk;OLO;Czechia;;;0
8794;-1;Martin;Docekal;;1971-5-5;⁄stÌ nad Labem;UST;Czechia;;;0
8795;-1;Michal;Medek;;1970-8-3;Olomouc;OLO;Czechia;;;0
8796;-1;Jiri;Petrasek;;1964-10-29;Sobotka;KRA;Czechia;;;0
8797;-1;Petr;Hubka;;1956-7-5;ValasskÈ Klobouky;ZLN;Czechia;;;0
8798;-1;Vyacheslav;Novichkov;;1979-3-29;Klin;MOS;Russia;;;0
8799;-1;Tom·s;Tyc;;1975-2-8;Celakovice;STR;Czechia;;;0
8800;-1;Lukas;Kral;;1968-8-3;Luûice;JHM;Czechia;;;0
8801;-1;Jiri;Matousek;;1980-4-29;Znojmo;JHM;Czechia;;;0
8802;-1;Dominik;Kosmak;;1963-11-7;Susice;PLZ;Czechia;;;0
8803;-1;Jakub;Vancura;;1969-5-15;Pozorice;JHM;Czechia;;;0
8804;-1;Doug;Warren;;1964-8-10;Toccoa;GA;United States;;;0
8805;-1;Jiri;Hornych;;1958-7-31;Ceska Trebova;PAR;Czechia;;;0
8806;-1;Tadeas;Dedek;;1979-2-3;Petrovice u KarvinÈ;MOR;Czechia;;;0
8807;-1;Radim;Setka;;1964-2-28;LipnÌk nad Becvou;OLO;Czechia;;;0
8808;-1;Jan;Ptacek;;1975-1-6;Vyskov;JHM;Czechia;;;0
8809;-1;Ondrej;Spacek;;1961-8-2;Prestice;PLZ;Czechia;;;0
8810;-1;Ignac;Byrtus;;1983-5-19;Stredokluky;STR;Czechia;;;0
8811;-1;Oleksiy;Tropin;;1980-2-20;Lutsk;VOL;Ukraine;;;0
8812;-1;Petr;Borovicka;;1984-2-1;Telc;VYS;Czechia;;;0
8813;-1;Milan;ThÈr;;1977-12-25;Prague;PRA;Czechia;;;0
8814;-1;David;Stuchlik;;1969-6-16;Karlovy Vary;KAR;Czechia;;;0
8815;-1;Michal;Kremen;;1982-12-21;As;KAR;Czechia;;;0
8816;-1;Lukas;Mec;;1979-3-2;Prague;PRA;Czechia;;;0
8817;-1;Jindrich;Svanda;;1972-6-22;Raspenava;LIB;Czechia;;;0
8818;-1;Petr;Puskar;;1961-2-13;Trinec;MOR;Czechia;;;0
8819;-1;Antonin;Michek;;1971-9-20;Prague;PRA;Czechia;;;0
8820;-1;Igor;Zhukov;;1977-1-11;Novomoskovsk;TUL;Russia;;;0
8821;-1;Jan;Budina;;1960-8-14;Liberec;LIB;Czechia;;;0
8822;-1;David;Kotoucek;;1984-2-24;Celakovice;STR;Czechia;;;0
8823;-1;Josef;Kuznik;;1969-11-28;Bela pod Bezdezem;STR;Czechia;;;0
8824;-1;Tom·s;Hajek;;1974-8-14;Karvina;MOR;Czechia;;;0
8825;-1;Viktor;Benda;;1968-1-21;Jablonec nad Nisou;LIB;Czechia;;;0
8826;-1;Jakub;LÈbl;;1970-4-1;Cvikov;LIB;Czechia;;;0
8827;-1;Michal;Cilek;;1975-3-4;Hovorany;JHM;Czechia;;;0
8828;-1;Tom·s;Sipek;;1965-10-14;Prague;PRA;Czechia;;;0
8829;-1;Erik;Dolezal;;1956-9-7;Prerov;OLO;Czechia;;;0
8830;-1;Lukas;Prazan;;1979-10-12;Nechanice;KRA;Czechia;;;0
8831;-1;Ondrej;Hovorka;;1984-2-28;Hradec KralovÈ;KRA;Czechia;;;0
8832;-1;Marek;Polhos;;1956-5-24;Vodnany;JIH;Czechia;;;0
8833;-1;Jiri;Bozon;;1984-7-23;Cheb;KAR;Czechia;;;0
8834;-1;Borisz;Platek;;1984-6-14;Gdansk;POM;Poland;;;0
8835;-1;Radim;Chytil;;1978-5-6;HornÌ Sucha;MOR;Czechia;;;0
8836;-1;Pavel;Vseticka;;1960-7-29;HavÌrov;MOR;Czechia;;;0
8837;-1;Milan;Zhanel;;1973-8-28;Horovice;STR;Czechia;;;0
8838;-1;Ondrej;Vrbik;;1984-7-28;ValasskÈ MezirÌcÌ;ZLN;Czechia;;;0
8839;-1;Daniel;Balga;;1966-10-8;DecÌn;UST;Czechia;;;0
8840;-1;Daniel;Horvat;;1959-2-19;Orlova;MOR;Czechia;;;0
8841;-1;Dan;Bukac;;1964-4-5;Jaromer;KRA;Czechia;;;0
8842;-1;Tom·s;Janostak;;1965-8-31;Prague;PRA;Czechia;;;0
8843;-1;David;Benes;;1973-9-30;Kurim;JHM;Czechia;;;0
8844;-1;Nikita;Sokolov;;1967-2-20;Vologda;VOL;Russia;;;0
8845;-1;Petr;Slaby;;1983-3-20;CeskÈ Budejovice;JIH;Czechia;;;0
8846;-1;Jaroslav;Tucek;;1955-8-15;Jindrichuv Hradec;JIH;Czechia;;;0
8847;-1;David;Zeman;;1980-1-2;Prague;PRA;Czechia;;;0
8848;-1;Jan;Mickal;;1958-10-11;BohumÌn;MOR;Czechia;;;0
8849;-1;Valeri;Sila;;1976-3-17;Neratovice;STR;Czechia;;;0
8850;-1;Jan;Stojka;;1958-10-19;Boskovice;JHM;Czechia;;;0
8851;-1;Jiri;Vlasak;;1969-1-4;Ostrava;MOR;Czechia;;;0
8852;-1;Vernon;Bond;;1983-3-15;Lake Charles;LA;United States;;;0
8853;-1;Martin;Skacel;;1978-1-28;Karvina;MOR;Czechia;;;0
8854;-1;Matej;Svoboda;;1968-10-23;Prague;PRA;Czechia;;;0
8855;-1;Kirill;Mokhnatkin;;1965-11-30;Zlatoust;CHE;Russia;;;0
8856;-1;Pavel;Marsik;;1962-4-12;Prague;PRA;Czechia;;;0
8857;-1;Jaroslav;Gajdos;;1959-1-7;Cheb;KAR;Czechia;;;0
8858;-1;Daniel;Kucera;;1976-3-14;Nov˝ Bor;LIB;Czechia;;;0
8859;-1;Jindrich;Horvath;;1978-7-18;Rokytnice nad Jizerou;LIB;Czechia;;;0
8860;-1;Lukas;Mitas;;1981-2-2;Nova Paka;KRA;Czechia;;;0
8861;-1;Jakub;Johanides;;1955-11-29;Vnorovy;JHM;Czechia;;;0
8862;-1;Jiri;Stach;;1968-6-19;CeskÈ Budejovice;JIH;Czechia;;;0
8863;-1;Marek;Balak;;1976-7-23;KolÌn;STR;Czechia;;;0
8864;-1;Jiri;Chalupa;;1973-5-24;Prague;PRA;Czechia;;;0
8865;-1;Petr;Cervenka;;1968-8-12;Roudnice;UST;Czechia;;;0
8866;-1;Jan;Vaclavik;;1984-9-11;Krupka;UST;Czechia;;;0
8867;-1;Jakub;Skala;;1978-5-8;Strakonice;JIH;Czechia;;;0
8868;-1;Martin;Jirak;;1976-6-11;Roztoky;STR;Czechia;;;0
8869;-1;Alois;Broz;;1971-5-28;Svitavy;PAR;Czechia;;;0
8870;-1;Ondrej;Skrivanek;;1969-11-19;Tovacov;OLO;Czechia;;;0
8871;-1;Filip;Vagner;;1965-8-4;Krupka;UST;Czechia;;;0
8872;-1;Vladimir;Knoll;;1959-6-29;Neratovice;STR;Czechia;;;0
8873;-1;Jiri;Vondras;;1967-1-17;⁄stÌ nad OrlicÌ;PAR;Czechia;;;0
8874;-1;David;Tupy;;1962-6-24;HavÌrov;MOR;Czechia;;;0
8875;-1;Jakub;Zalesak;;1960-3-15;Prerov;OLO;Czechia;;;0
8876;-1;Roman;Kohout;;1979-2-18;KolÌn;STR;Czechia;;;0
8877;-1;Jiri;Zapletal;;1983-11-21;Horka nad Moravou;OLO;Czechia;;;0
8878;-1;David;Stocek;;1955-5-29;N˝rsko;PLZ;Czechia;;;1
8879;-1;Daniel;Jakoubek;;1970-7-10;Tabor;JIH;Czechia;;;0
8880;-1;Filip;Podhradsky;;1966-12-30;Ostrava;MOR;Czechia;;;0
8881;-1;Tom·s;Matejka;;1959-1-10;Prague;PRA;Czechia;;;0
8882;-1;Michael;Prucha;;1961-7-27;Brno;JHM;Czechia;;;0
8883;-1;Radek;Vyhnak;;1974-8-6;Litomerice;UST;Czechia;;;0
8884;-1;Rostislav;Stibal;;1965-1-4;Libina;OLO;Czechia;;;0
8885;-1;Jakub;Lysek;;1980-12-6;Prague;PRA;Czechia;;;0
8886;-1;Martin;Voldrich;;1959-4-22;Olomouc;OLO;Czechia;;;0
8887;-1;Michal;Leitner;;1965-12-28;VysokÈ M˝to;PAR;Czechia;;;0
8888;-1;Filip;Mucha;;1971-12-11;Kladno;STR;Czechia;;;0
8889;-1;Lukas;Hruda;;1963-8-26;Trutnov;KRA;Czechia;;;0
8890;-1;Ondrej;Hanousek;;1970-9-7;Jindrichuv Hradec;JIH;Czechia;;;0
8891;-1;Michal;Plihal;;1955-4-4;Pardubice;PAR;Czechia;;;1
8892;-1;Andrey;Mayasin;;1969-4-12;Vyatskiye Polyany;KIR;Russia;;;0
8893;-1;Dinh;Danh;;1968-1-26;Prague;PRA;Czechia;;;0
8894;-1;Martin;Vacha;;1974-3-8;Ostrava;MOR;Czechia;;;0
8895;-1;Dominik;Cermak;;1982-2-14;LitvÌnov;UST;Czechia;;;0
8896;-1;Sergiy;Zhygulin;;1974-12-22;Kralupy nad Vltavou;STR;Czechia;;;0
8897;-1;Marek;Tucek;;1974-1-15;Vizovice;ZLN;Czechia;;;0
8898;-1;Roman;Kalivoda;;1968-8-25;Prague;PRA;Czechia;;;0
8899;-1;Tom;McKenzie;;1979-12-12;Rock Hill;SC;United States;;;0
8900;-1;Lukas;Peter;;1961-7-10;Prague;PRA;Czechia;;;0
8901;-1;Roman;Rypar;;1973-5-23;ValasskÈ MezirÌcÌ;ZLN;Czechia;;;0
8902;-1;Patrik;Korinek;;1971-7-27;VsetÌn;ZLN;Czechia;;;0
8903;-1;Roman;Havlik;;1972-3-30;CeskÈ Budejovice;JIH;Czechia;;;0
8904;-1;Jakub;Kaucky;;1982-6-5;⁄stÌ nad Labem;UST;Czechia;;;0
8905;-1;Petr;Gajda;;1975-4-18;Dvur Kr·lovÈ nad Labem;KRA;Czechia;;;0
8906;-1;Jiri;Danicek;;1972-8-22;HavlÌckuv Brod;VYS;Czechia;;;0
8907;-1;Patrik;Vitek;;1963-12-22;Pribram;STR;Czechia;;;0
8908;-1;Jakub;Kratky;;1978-10-16;Plzen;PLZ;Czechia;;;0
8909;-1;Martin;Kuchynka;;1962-6-28;Tabor;JIH;Czechia;;;0
8910;-1;Patrik;Muzatko;;1979-9-30;Kutna Hora;STR;Czechia;;;0
8911;-1;David;Machala;;1964-11-19;Prague;PRA;Czechia;;;0
8912;-1;Daniel;Horinek;;1961-6-21;Chomutov;UST;Czechia;;;0
8913;-1;Ondrej;Tobiasek;;1972-1-16;Prague;PRA;Czechia;;;0
8914;-1;Patrik;Olsansky;;1963-4-23;Brno;JHM;Czechia;;;0
8915;-1;David;LÈtal;;1982-7-11;Mlada Boleslav;STR;Czechia;;;0
8916;-1;Andrew;Mazurek;;1971-11-11;Toronto;ON;Canada;;;0
8917;-1;Dominik;Niemczyk;;1967-10-25;LitvÌnov;UST;Czechia;;;0
8918;-1;Jan;Lokvenc;;1959-2-19;Brno;JHM;Czechia;;;0
8919;-1;Kevin;Sefr;;1973-8-29;Jihlava;VYS;Czechia;;;0
8920;-1;Martin;Jerabek;;1959-10-24;Ostrava;MOR;Czechia;;;0
8921;-1;Ondrej;Loukota;;1973-8-30;Lysa nad Labem;STR;Czechia;;;0
8922;-1;Jiri;Forejt;;1982-10-21;Jaromerice nad Rokytnou;VYS;Czechia;;;0
8923;-1;Vaclav;Vach;;1965-10-30;Hejnice;LIB;Czechia;;;0
8924;-1;Kyuichi;Koda;;1972-6-26;Funabashi;CHI;Japan;;;0
8925;-1;Michal;Zima;;1969-7-27;Prague;PRA;Czechia;;;0
8926;-1;Viktor;Kovar;;1971-12-27;Plasy;PLZ;Czechia;;;0
8927;-1;Lukas;Sulc;;1961-7-26;⁄stÌ nad Labem;UST;Czechia;;;0
8928;-1;Petr;Roubik;;1972-11-3;Frenstat;MOR;Czechia;;;0
8929;-1;Michal;Horecky;;1961-3-21;Ostrava;MOR;Czechia;;;0
8930;-1;Lukas;Kriz;;1980-1-13;Ostrava;MOR;Czechia;;;0
8931;-1;Ondrej;Navratil;;1959-4-29;Kaplice;JIH;Czechia;;;0
8932;-1;Angel;Skvrna;;1967-11-20;Hradec KralovÈ;KRA;Czechia;;;0
8933;-1;Daniel;Maska;;1966-8-1;Prerov;OLO;Czechia;;;0
8934;-1;Jan;Homolka;;1964-11-1;Olomouc;OLO;Czechia;;;0
8935;-1;Boris;Formanek;;1975-1-3;Lysa nad Labem;STR;Czechia;;;0
8936;-1;Vojtech;Hanak;;1962-4-15;Hradec KralovÈ;KRA;Czechia;;;0
8937;-1;Alexandr;Tichy;;1977-6-29;Kremze;JIH;Czechia;;;0
8938;-1;Adam;Korinek;;1966-12-19;Brno;JHM;Czechia;;;0
8939;-1;Albin;Svadlenka;;1980-4-5;⁄stÌ nad Labem;UST;Czechia;;;0
8940;-1;Marek;Urban;;1977-9-22;Novosedlice;UST;Czechia;;;0
8941;-1;Noel;Simon;;1971-3-5;Rokycany;PLZ;Czechia;;;0
8942;-1;Adam;Svoma;;1983-1-22;Litomysl;PAR;Czechia;;;0
8943;-1;Richard;Marecek;;1965-8-23;Ostrava;MOR;Czechia;;;0
8944;-1;Edvin;Vencel;;1963-2-11;Fr˝dek-MÌstek;MOR;Czechia;;;0
8945;-1;Jaromir;Buchta;;1981-7-31;Brusperk;MOR;Czechia;;;0
8946;-1;David;Krenek;;1963-5-12;Vrbno pod Pradedem;MOR;Czechia;;;0
8947;-1;Milan;Kotera;;1963-7-13;Police nad MetujÌ;KRA;Czechia;;;0
8948;-1;Michal;Taraba;;1973-10-6;KralÌky;PAR;Czechia;;;0
8949;-1;Kevin;Kubik;;1957-9-3;Luhacovice;ZLN;Czechia;;;0
8950;-1;Filip;Lexa;;1981-6-30;Cesk˝ Brod;STR;Czechia;;;0
8951;-1;Marek;Folvarcny;;1969-3-9;Prague;PRA;Czechia;;;0
8952;-1;Michal;Cicha;;1955-9-12;Tyniste nad OrlicÌ;KRA;Czechia;;;0
8953;-1;Patrik;Zahradnik;;1980-1-21;Chrudim;PAR;Czechia;;;0
8954;-1;David;Dockal;;1955-1-11;Policka;PAR;Czechia;;;1
8955;-1;Danko;Florian;;1962-3-12;Jablonec nad Nisou;LIB;Czechia;;;0
8956;-1;Vojtech;Horvath;;1970-5-15;DobrÌs;STR;Czechia;;;0
8957;-1;Jakub;Herman;;1956-9-23;MelnÌk;STR;Czechia;;;0
8958;-1;Martin;Baco;;1967-1-20;Stepanov;OLO;Czechia;;;0
8959;-1;Daniel;Nohynek;;1955-12-27;Chrudim;PAR;Czechia;;;0
8960;352;Scott;Dickin;;1967-5-9;Kelowna;BC;Canada;;;0
8961;352;Mathieu;Malenfant;;1975-1-30;Gatineau;QC;Canada;;;0
8962;352;Isaac;Hanson;;1984-7-4;Hamilton;ON;Canada;;;0
8963;352;Francis;Brisson;;1958-12-20;Pickering;ON;Canada;;;0
8964;352;Curt;Wolseley;;1983-6-16;Portland;OR;United States;;;0
8965;352;Colten;Murray;;1960-5-9;Sherwood Park;AB;Canada;;;0
8966;352;Brett;Knight;;1969-6-17;Middlesex Centre;ON;Canada;;;0
8967;352;Kade;Marantz;;1964-11-7;Vancouver;BC;Canada;;;0
8968;352;Kyle;McCracken;;1968-7-2;London;ON;Canada;;;0
8969;352;JÈrÈmy;Rivest;;1966-12-3;Longueuil;QC;Canada;;;0
8970;353;Misko;Agozzino;;1972-12-7;Welland;ON;Canada;;;0
8971;353;Rod;Hansen;;1983-11-3;Ottawa;ON;Canada;;;0
8972;353;Daniel;Gravel;;1974-11-24;Forestville;MD;United States;;;0
8973;353;Ryan;Johnson;;1970-12-4;Marathon;ON;Canada;;;0
8974;353;Jacob;McLehose;;1966-3-5;St. Louis;MO;United States;;;0
8975;353;Marc-Olivier;Trudel;;1957-10-21;Montreal;QC;Canada;;;0
8976;353;J˙lio;JimÈniz;;1969-11-11;Terrebonne;QC;Canada;;;0
8977;353;Ryan;Stortini;;1966-7-3;Calgary;AB;Canada;;;0
8978;353;Jesse;Humphries;;1979-3-10;Hinton;AB;Canada;;;0
8979;353;Charles-…ric;Paradis;;1978-7-29;Val d'Or;QC;Canada;;;0
8980;354;Brandon;Dryburgh;;1958-7-23;Aurora;ON;Canada;;;0
8981;354;Connor;Allemang;;1976-12-21;Vaughan;ON;Canada;;;0
8982;354;Dustin;Downie;;1957-7-13;Windsor;ON;Canada;;;0
8983;354;AndrÈ-Michel;Marleau;;1963-6-18;Westmount;QC;Canada;;;0
8984;354;Aaron;Serafin;;1958-2-14;Mississauga;ON;Canada;;;0
8985;354;Gabriel;Cull;;1958-7-25;Norfolk County;ON;Canada;;;0
8986;354;Olivier;Amyot;;1979-7-30;Saint-Lambert;QC;Canada;;;0
8987;354;Travis;Sandford;;1979-10-1;Saanich;BC;Canada;;;0
8988;354;Jean-SÈbastien;Larose;;1971-3-12;Montreal;QC;Canada;;;0
8989;354;Kelin;Sharples;;1973-12-27;Delta;BC;Canada;;;0
8990;355;Chad;Hardy;;1966-1-31;West Vancouver;BC;Canada;;;0
8991;355;Francis;Goyette;;1955-12-28;Quebec City;QC;Canada;;;0
8992;355;Nathan;Chiu;;1975-5-15;Mission;BC;Canada;;;0
8993;355;Matt;Brovold;;1969-4-19;Kitchener;ON;Canada;;;0
8994;355;Gabriel;Frappier;;1960-8-22;Sherbrooke;QC;Canada;;;0
8995;355;JoÎl;Tardif;;1982-10-23;CÙte Saint-Luc;QC;Canada;;;0
8996;355;Sam;Graham;;1966-2-1;Burnaby;BC;Canada;;;0
8997;355;Sawyer;Odgers;;1969-6-21;Kawartha Lakes;ON;Canada;;;0
8998;355;Evan;Gibson;;1955-2-11;Port Moody;BC;Canada;;;0
8999;355;Danny;Bailey;;1961-1-2;Kelowna;BC;Canada;;;0
9000;356;Ryan;Waters;;1961-6-17;Burnaby;BC;Canada;;;0
9001;356;Byron;Turner;;1974-10-23;Edmonton;AB;Canada;;;0
9002;356;Ron;Rissmiller;;1955-11-4;New York;NY;United States;;;0
9003;356;Marc-Antoine;PichÈ;;1978-11-11;Terrebonne;QC;Canada;;;0
9004;356;George;Shepard;;1969-8-20;Ogden;UT;United States;;;0
9005;356;Vince;Latos;;1968-11-13;Edmonton;AB;Canada;;;0
9006;356;Raymond;Pinizzotto;;1975-11-8;Calgary;AB;Canada;;;0
9007;356;Philippe;BÈlanger;;1957-11-2;Rimouski;QC;Canada;;;0
9008;356;Yan;Leduc;;1974-7-27;Montreal;QC;Canada;;;0
9009;356;Jonathan;ThÈriault;;1963-12-21;Mississauga;ON;Canada;;;0
9010;357;Parker;MacMaster;;1970-10-2;Toronto;ON;Canada;;;0
9011;357;Jean-Denis;Tremblay;;1977-12-5;Saguenay;QC;Canada;;;0
9012;357;Philippe;Henry;;1981-7-10;Granby;QC;Canada;;;0
9013;357;Mitchell;Joudoin;;1984-6-1;Calgary;AB;Canada;;;0
9014;357;Mitch;Clay;;1961-6-6;Camrose;AB;Canada;;;0
9015;357;Connor;Meeking;;1978-7-20;Strathcona;AB;Canada;;;0
9016;357;Cole;Olsen;;1980-5-5;Toronto;ON;Canada;;;0
9017;357;FÈlix-Nicolas;Hudon;;1981-9-29;Quebec City;QC;Canada;;;0
9018;357;Travis;Simm;;1978-8-14;Strathcona;AB;Canada;;;0
9019;357;Chad;Falcon;;1967-5-25;Richmond Hill;ON;Canada;;;0
9020;358;Brandon;Killorn;;1960-7-8;Kitchener;ON;Canada;;;0
9021;358;Nelson;Brunette;;1973-6-4;Mississauga;ON;Canada;;;0
9022;358;Mat;Urmos;;1971-12-26;London;ON;Canada;;;0
9023;358;Jerry;Helm;;1970-7-18;Los Angeles;CA;United States;;;0
9024;358;Philippe;Scott;;1979-9-6;Quebec City;QC;Canada;;;0
9025;358;Logan;Moore;;1959-9-1;London;ON;Canada;;;0
9026;358;Caleb;Kukulowicz;;1977-8-6;Edmonton;AB;Canada;;;0
9027;358;Brett;Steel;;1963-12-13;Orangeville;ON;Canada;;;0
9028;358;Triston;King;;1967-12-15;London;ON;Canada;;;0
9029;358;Daljeet;Reyat;;1964-3-4;Surrey;BC;Canada;;;0
9030;359;Philippe;Blanchette;;1976-1-27;Montreal;QC;Canada;;;0
9031;359;Alexis;Rivest;;1968-3-15;Brossard;QC;Canada;;;0
9032;359;TimothÈe;Dupuis;;1969-4-15;Ottawa;ON;Canada;;;0
9033;359;Simon;Gagnon;;1957-8-13;Gatineau;QC;Canada;;;0
9034;359;Robert;Henson;;1981-2-15;Spring;TX;United States;;;0
9035;359;Justin;Craigwell;;1976-7-27;Gatineau;QC;Canada;;;0
9036;359;Ryan;Bancroft;;1969-8-25;St. Albert;AB;Canada;;;0
9037;359;Ryden;Dryden;;1975-6-18;Petawawa;ON;Canada;;;0
9038;359;Braden;Paddon;;1956-8-2;Richmond Hill;ON;Canada;;;0
9039;359;Yannick;Lefebvre;;1956-4-6;Saint-FÈlicien;QC;Canada;;;0
9040;360;Jude;Anderson;;1970-9-24;Winnipeg;MB;Canada;;;0
9041;360;Jake;Wigle;;1971-1-24;Campbell River;BC;Canada;;;0
9042;360;Benjamin;Robitaille;;1978-6-11;Montreal;QC;Canada;;;0
9043;360;Jeff;Murphy;;1976-6-4;Truro;NS;Canada;;;0
9044;360;Joel;Nicholson;;1981-11-17;Toronto;ON;Canada;;;0
9045;360;Tyson;Whyte;;1955-6-12;St. Thomas;ON;Canada;;;0
9046;360;Cole;Fram;;1971-9-29;Winnipeg;MB;Canada;;;0
9047;360;Stephen;Markwart;;1959-9-24;CÙte Saint-Luc;QC;Canada;;;0
9048;360;Luke;Gaudreault;;1961-5-12;Quebec City;QC;Canada;;;0
9049;360;Craig;Potts;;1980-10-29;Toronto;ON;Canada;;;0
9050;361;Dylan;Bourbeau;;1972-12-11;Oro-Medonte;ON;Canada;;;0
9051;361;Luis;Rodriguez;;1973-4-22;Saint-Canut;QC;Canada;;;0
9052;361;Anthony;Bowlin;;1978-2-28;Enid;OK;United States;;;0
9053;361;Paul;Lilley;;1957-7-17;Hastings;MI;United States;;;0
9054;361;Brayden;Synchena;;1955-2-4;Fort Erie;ON;Canada;;;0
9055;361;Ryan;Dainton;;1975-7-10;Coquitlam;BC;Canada;;;0
9056;361;Mike;Cooper;;1977-7-19;Oakville;ON;Canada;;;0
9057;361;Brett;Frieday;;1966-6-1;St. John's;NL;Canada;;;0
9058;361;Jean-SÈbastien;Jean;;1960-8-25;Quebec City;QC;Canada;;;0
9059;361;Justin;Hansen;;1960-5-28;Halifax;NS;Canada;;;0
9060;362;Chris;Williams;;1962-3-30;Toronto;ON;Canada;;;0
9061;362;Butch;North;;1977-7-23;North Vancouver;BC;Canada;;;0
9062;362;Mathis;Massicotte;;1959-11-12;Port-Alfred-Bagotville;QC;Canada;;;0
9063;362;Scott;Kauffman;;1965-1-29;Campbellton;NB;Canada;;;0
9064;362;Hayden;Hiltz;;1970-8-18;Vancouver;BC;Canada;;;0
9065;362;Jean-David;Labranche;;1960-6-2;Saint John;NB;Canada;;;0
9066;362;Simon;Bacon;;1978-10-17;Saint-Lambert;QC;Canada;;;0
9067;362;David;Clairmont;;1978-4-19;Moncton;NB;Canada;;;0
9068;362;Simon;Forest;;1975-2-9;Kirkland;QC;Canada;;;0
9069;362;Marc-AndrÈ;Champagne;;1956-8-2;Quebec City;QC;Canada;;;0
9070;363;Lucas;Quesnele;;1971-5-2;Toronto;ON;Canada;;;0
9071;363;Paul;Moen;;1978-1-7;Windsor;ON;Canada;;;0
9072;363;Ryan;Burgardt;;1966-5-11;Cape Breton Regional Municipality;NS;Canada;;;0
9073;363;Cory;Stothers;;1959-5-3;Vaughan;ON;Canada;;;0
9074;363;Bryant;Paddock;;1981-9-6;Amherst;NY;United States;;;0
9075;363;Martin-Olivier;Rochon;;1973-7-25;Ch‚teauguay;QC;Canada;;;0
9076;363;Robert;Adam;;1958-11-22;Mississauga;ON;Canada;;;0
9077;363;Maddox;Ferbey;;1969-2-9;Edmonton;AB;Canada;;;0
9078;363;Jake;Carr;;1980-11-9;Winnipeg;MB;Canada;;;0
9079;363;Adam;Newsome;;1971-3-20;Edmonton;AB;Canada;;;0
9080;364;Tim;Jobke;;1957-7-24;Edmonton;AB;Canada;;;0
9081;364;Taylor;Arndt;;1961-11-2;Brampton;ON;Canada;;;0
9082;364;Chet;Fitt;;1977-2-2;Midland;TX;United States;;;0
9083;364;FÈlix;Proulx;;1958-3-13;Lachute;QC;Canada;;;0
9084;364;Alexandre;Tourigny;;1978-7-12;Boisbriand;QC;Canada;;;0
9085;364;Eric;Hanes;;1978-2-13;Moosonee;ON;Canada;;;0
9086;364;Jace;Stajduhar;;1976-5-21;Regina;SK;Canada;;;0
9087;364;Brodie;Plante;;1956-12-29;Hamilton;ON;Canada;;;0
9088;364;Garrett;Lehman;;1961-2-22;Peterborough;ON;Canada;;;0
9089;364;Nick;Stevenson;;1979-5-9;Fort-Coulonge;QC;Canada;;;0
9090;365;Marc;Ouellet;;1967-12-15;Montreal;QC;Canada;;;0
9091;365;Keiran;Cochrane;;1956-7-6;Kitchener;ON;Canada;;;0
9092;365;Brandon;Cota;;1962-7-25;St. Thomas;ON;Canada;;;0
9093;365;RÈmy;Plante;;1978-5-24;Quebec City;QC;Canada;;;0
9094;365;Steve;Erdolo;;1968-6-23;Toronto;ON;Canada;;;0
9095;365;Christian;Dougherty;;1955-7-23;Brantford;ON;Canada;;;0
9096;365;Nick;Koper;;1959-8-25;Nanaimo;BC;Canada;;;0
9097;365;Adam;Kurceba;;1974-3-7;Bolton;ON;Canada;;;0
9098;365;Chris;Kerr;;1970-11-24;Windsor;ON;Canada;;;0
9099;365;Dalen;Arniel;;1980-11-12;Yorkton;SK;Canada;;;0
9100;366;Dean;Hodge;;1968-11-9;Ottawa;ON;Canada;;;0
9101;366;Sean;Chappel;;1973-3-23;Madawaska Valley;ON;Canada;;;0
9102;366;Michael;Martin;;1961-2-2;Waterloo;ON;Canada;;;0
9103;366;Jason;Tran;;1983-3-15;Manteca;CA;United States;;;0
9104;366;Jamie;Graves;;1959-4-3;Toronto;ON;Canada;;;0
9105;366;Gabriel;Petit;;1984-6-27;Winnipeg;MB;Canada;;;0
9106;366;Matt;Kryskow;;1955-9-24;Bracebridge;ON;Canada;;;0
9107;366;Ty;Du Puy;;1975-7-19;LaSalle;ON;Canada;;;0
9108;366;Brandon;Van Dam;;1963-4-24;Calgary;AB;Canada;;;0
9109;366;Xavier;Coulombe;;1977-5-10;Laval;QC;Canada;;;0
9110;367;Andy;Cowie;;1964-11-2;Ottawa;ON;Canada;;;0
9111;367;Evan;Piechowicz;;1963-1-10;Toronto;ON;Canada;;;0
9112;367;Taylor;Hamilton;;1960-2-26;Nelson;BC;Canada;;;0
9113;367;Olivier;Boutin;;1964-8-3;Pointe-Calumet;QC;Canada;;;0
9114;367;Craig;Craigwell;;1982-9-18;Ottawa;ON;Canada;;;0
9115;367;Dylan;Ferreira;;1968-10-20;Edmonton;AB;Canada;;;0
9116;367;Ian;Dagenais;;1973-5-6;Markham;ON;Canada;;;0
9117;367;Anthony;Nichol;;1975-10-8;Toronto;ON;Canada;;;0
9118;367;Justin-Claude;Allard;;1978-5-4;Gatineau;QC;Canada;;;0
9119;367;Philippe;LÈtourneau;;1964-11-4;Longueuil;QC;Canada;;;0
9120;368;Phil;Duguid;;1971-6-14;Belleville;ON;Canada;;;0
9121;368;Aaron;Gibson;;1958-2-25;Cold Lake;AB;Canada;;;0
9122;368;Jeff;Magnowski;;1958-6-23;South Stormont;ON;Canada;;;0
9123;368;Jean-Christophe;Beaudoin;;1958-12-14;Regina;SK;Canada;;;0
9124;368;Maxime;Desrochers;;1978-2-13;Montreal;QC;Canada;;;0
9125;368;…tienne;Langlois;;1961-1-8;Georgina;ON;Canada;;;0
9126;368;Killian;Mifflen;;1976-3-6;Kelowna;BC;Canada;;;0
9127;368;FrÈdÈric;Fournier;;1957-11-15;Quebec City;QC;Canada;;;0
9128;368;Justin;Loewen;;1961-6-11;Regina;SK;Canada;;;0
9129;368;Nathan;Nichols;;1980-12-26;Toronto;ON;Canada;;;0
9130;369;Samuel;LabontÈ;;1961-11-20;Quebec City;QC;Canada;;;0
9131;369;Liam;Smith;;1966-11-30;Montreal;QC;Canada;;;0
9132;369;MickaÎl;Nadon;;1976-4-17;Laval;QC;Canada;;;0
9133;369;Francis;Durocher;;1975-9-8;Saguenay;QC;Canada;;;0
9134;369;Curtis;Singh;;1965-1-13;Mississauga;ON;Canada;;;0
9135;369;Craig;Belland;;1980-8-17;Sherwood Park;AB;Canada;;;0
9136;369;Brandon;Hart;;1963-8-19;Cornwall;ON;Canada;;;0
9137;369;Mitch;Hodgson;;1968-2-1;Prince Albert;SK;Canada;;;0
9138;369;Tyler;Davis;;1971-5-12;Coquitlam;BC;Canada;;;0
9139;369;Erik;Stewart;;1983-11-13;Burnaby;BC;Canada;;;0
9140;370;Marc-Antoine;LÈtourneau;;1957-8-19;Montreal;QC;Canada;;;0
9141;370;Jason;Chief Moon;;1960-12-18;Owen Sound;ON;Canada;;;0
9142;370;Lynn;Fritz;;1965-11-25;Halifax;NS;Canada;;;0
9143;370;Jason;MacKindlay;;1955-12-9;Braintree;MA;United States;;;0
9144;370;Harry;Stefishen;;1977-2-3;St. John's;NL;Canada;;;0
9145;370;Marcus;Brown;;1964-1-26;Wood Buffalo;AB;Canada;;;0
9146;370;Pier-Luc;Bruneau;;1963-4-15;Hauterive;QC;Canada;;;0
9147;370;Mitch;York;;1971-2-10;Calgary;AB;Canada;;;0
9148;370;Adam;Caluano;;1962-1-22;Toronto;ON;Canada;;;0
9149;370;Eric;Johnson;;1984-3-21;Toronto;ON;Canada;;;0
9150;371;Michael;Barnes;;1969-11-19;Burnaby;BC;Canada;;;0
9151;371;Jason;McNeill;;1972-3-21;Burlington;ON;Canada;;;0
9152;371;Victor;Tait;;1962-1-23;Windsor;ON;Canada;;;0
9153;371;Colin;Sinkovits;;1970-6-7;Toronto;ON;Canada;;;0
9154;371;FÈlix-Antoine;Roberge;;1956-12-25;Laval;QC;Canada;;;0
9155;371;Tyler;Dillon;;1955-6-17;Walkerton;ON;Canada;;;0
9156;371;Yannick;Morin;;1969-6-26;Montreal;QC;Canada;;;0
9157;371;Chris;Armstrong;;1982-1-17;Corner Brook;NL;Canada;;;0
9158;371;Jeremy;Tyrell;;1962-12-27;Halifax;NS;Canada;;;0
9159;371;Blair;Chorney;;1960-9-28;Springhill;NS;Canada;;;0
9160;372;Nicolas;Bernatchez;;1959-1-12;Longueuil;QC;Canada;;;0
9161;372;Jamie;Sinclair;;1983-7-19;Pickering;ON;Canada;;;0
9162;372;Robert;Brouillard;;1957-7-30;Saguenay;QC;Canada;;;0
9163;372;Raymond;Shipley;;1977-5-28;North Cowichan;BC;Canada;;;0
9164;372;Paul;Rogers;;1965-11-21;New Brunswick;NJ;United States;;;0
9165;372;Dante;Walsh;;1975-10-29;Pickering;ON;Canada;;;0
9166;372;Derek;Adams;;1971-8-9;Winnipeg;MB;Canada;;;0
9167;372;Federico;Briganti;;1975-11-21;Norfolk County;ON;Canada;;;0
9168;372;Dustin;Bidner;;1982-5-13;Mt. Forest;ON;Canada;;;0
9169;372;Ryan;Flag;;1966-3-3;Mississauga;ON;Canada;;;0
9170;373;Nathan;Angus;;1975-6-28;Saskatoon;SK;Canada;;;0
9171;373;William;Martin;;1966-2-25;Longueuil;QC;Canada;;;0
9172;373;Brett;Skidnuk;;1970-1-5;Watford;ON;Canada;;;0
9173;373;Nikolas;Bissonnette;;1976-9-4;Brantford;ON;Canada;;;0
9174;373;Jud;Jennings;;1969-7-7;South Bradenton;FL;United States;;;0
9175;373;Alex;Simard;;1961-7-15;Quebec City;QC;Canada;;;0
9176;373;Joey;Alain;;1971-1-9;Montreal;QC;Canada;;;0
9177;373;Liam;Herbert;;1965-10-26;Calgary;AB;Canada;;;0
9178;373;Colton;Sacilotto;;1960-7-12;Toronto;ON;Canada;;;0
9179;373;JÈrÈmy;Turcotte;;1958-4-9;Montreal;QC;Canada;;;0
9180;374;Simarleen;Sahota;;1957-6-15;Grand Centre;AB;Canada;;;0
9181;374;Julian;Cornelssen;;1970-11-4;Ajax;ON;Canada;;;0
9182;374;Jason;Anis;;1983-3-19;Calgary;AB;Canada;;;0
9183;374;Alexandre;Richard;;1977-1-29;Guelph;ON;Canada;;;0
9184;374;Jacob;Pew;;1957-9-11;Smackover;AR;United States;;;0
9185;374;Stephen;Yuill;;1958-4-5;Toronto;ON;Canada;;;0
9186;374;Daniel;Marsh;;1976-1-3;Surrey;BC;Canada;;;0
9187;374;Cody;Sinclair;;1977-7-9;Strathroy;ON;Canada;;;0
9188;374;Mathieu;Roberge;;1955-3-23;Barrie;ON;Canada;;;0
9189;374;Blaine;Sloan;;1964-4-18;Hedley;BC;Canada;;;0
9190;375;Brendan;Wheaton;;1983-1-18;Toronto;ON;Canada;;;0
9191;375;Teagan;Ramsay;;1979-5-13;Vancouver;BC;Canada;;;0
9192;375;Scott;Durbano;;1977-1-16;Ottawa;ON;Canada;;;0
9193;375;Kyle;Clapperton;;1972-5-27;Toronto;ON;Canada;;;0
9194;375;Adam;Bradley;;1969-3-21;Forest Glen;MD;United States;;;0
9195;375;William;Leduc;;1980-11-17;Sherbrooke;QC;Canada;;;0
9196;375;Connor;Sandoval;;1962-3-24;London;ON;Canada;;;0
9197;375;Alexis;Latreille;;1956-11-19;Montreal;QC;Canada;;;0
9198;375;Troy;Turanich;;1972-5-7;Calgary;AB;Canada;;;0
9199;375;Darnell;Aquino;;1980-2-9;Lethbridge;AB;Canada;;;0
9200;376;Nirmal;Sandhu;;1976-8-8;Langley;BC;Canada;;;0
9201;376;Brad;Philips;;1965-10-28;Ottawa;ON;Canada;;;0
9202;376;J.P;Raitt;;1969-5-3;Fort McMurray;AB;Canada;;;0
9203;376;Kian;Small;;1959-12-1;Halifax;NS;Canada;;;0
9204;376;Gerard;McGrath;;1970-1-18;Rogersville;TN;United States;;;0
9205;376;Michael;Baird;;1967-4-23;Surrey;BC;Canada;;;0
9206;376;Guillaume;LavallÈe;;1984-9-15;GaspÈ;QC;Canada;;;0
9207;376;Jack;Rittinger;;1966-3-28;Toronto;ON;Canada;;;0
9208;376;Arman;Greentree;;1956-12-26;Mississauga;ON;Canada;;;0
9209;376;Gerry;Westlake;;1956-5-23;Metcalfe;ON;Canada;;;0
9210;377;Greg;Sawyer;;1974-5-26;Calgary;AB;Canada;;;0
9211;377;Francois;Lindemulder;;1981-3-14;Thornhill;ON;Canada;;;0
9212;377;Jason;Murray;;1962-2-27;Brooklyn;NY;United States;;;0
9213;377;Curtis;Wan;;1968-9-1;Toronto;ON;Canada;;;0
9214;377;Dany;Ouellet;;1964-9-25;Montreal;QC;Canada;;;0
9215;377;Brayden;Turner;;1958-8-29;Elmsdale;NS;Canada;;;0
9216;377;Alex;Cox;;1981-5-24;Dartmouth;NS;Canada;;;0
9217;377;Blake;Gilmour;;1956-1-5;Surrey;BC;Canada;;;0
9218;377;Max;Clutsam;;1981-1-17;Markham;ON;Canada;;;0
9219;377;Curtis;Doiron;;1967-11-20;Vernon;BC;Canada;;;0
9220;378;Marco;Stiles;;1963-3-6;Midland;ON;Canada;;;0
9221;378;Keith;Omoe;;1980-9-22;Tracadie-Sheila;NB;Canada;;;0
9222;378;Mitchell;Harvey;;1967-5-9;Richmond;BC;Canada;;;0
9223;378;Skylar;Butler;;1983-1-3;Big Valley;AB;Canada;;;0
9224;378;Dave;Morris;;1984-7-16;Quincy;MA;United States;;;0
9225;378;Riley;Mault;;1970-7-23;Calgary;AB;Canada;;;0
9226;378;Shea;Bartholomay;;1971-5-13;Gatineau;QC;Canada;;;0
9227;378;Conor;Neil;;1984-2-22;Orono;ON;Canada;;;0
9228;378;Braden;Grant;;1972-3-4;Edmonton;AB;Canada;;;0
9229;378;Adam;Perklin;;1964-7-14;Orangeville;ON;Canada;;;0
9230;379;Laine;Gasmo;;1964-7-3;Chilliwack;BC;Canada;;;0
9231;379;Fernando;Komarnicki;;1978-3-11;Mississauga;ON;Canada;;;0
9232;379;Brett;Hollands;;1980-1-30;Peterborough;ON;Canada;;;0
9233;379;Lee;McGurk;;1972-9-26;Trois-RiviËres;QC;Canada;;;0
9234;379;Alexandre;Martin;;1975-7-8;Moncton;NB;Canada;;;0
9235;379;Kevin;Vickers;;1981-11-9;Edmonton;AB;Canada;;;0
9236;379;Jason;Veillette;;1984-6-27;Gatineau;QC;Canada;;;0
9237;379;Louis-Martin;Verreault;;1981-10-1;Dolbeau;QC;Canada;;;0
9238;379;Rafael;Menninga;;1980-7-30;Regina;SK;Canada;;;0
9239;379;Jonathan;Beauregard;;1972-10-22;Pont-Rouge;QC;Canada;;;0
9240;380;Gabriel;GariÈpy;;1960-5-2;Magog;QC;Canada;;;0
9241;380;Matt;Dyson;;1966-3-25;Vancouver;BC;Canada;;;0
9242;380;Eric;Sheard;;1977-6-24;Vancouver;BC;Canada;;;0
9243;380;Justin;Sturgeon;;1974-8-1;Kingston;ON;Canada;;;0
9244;380;Julien;Latulippe;;1980-6-26;La Prairie;QC;Canada;;;0
9245;380;…meric;Roy;;1977-11-24;Montreal;QC;Canada;;;0
9246;380;Ian;Bona;;1983-2-17;Calgary;AB;Canada;;;0
9247;380;Jesse;Tremblay;;1977-10-10;La Prairie;QC;Canada;;;0
9248;380;Chris;Luca;;1974-3-9;Ottawa;ON;Canada;;;0
9249;380;David;Beaudoin;;1974-10-4;Cambridge;ON;Canada;;;0
9250;381;Brenden;Kyle;;1984-7-27;Surrey;BC;Canada;;;0
9251;381;Jayden;McGhee;;1974-2-28;Langley;BC;Canada;;;0
9252;381;JoÈ;St-Onge;;1968-10-4;Shawinigan;QC;Canada;;;0
9253;381;Kyle;LeBlanc;;1974-1-12;Markham;ON;Canada;;;0
9254;381;Josh;Irwin;;1964-4-19;Vaughan;ON;Canada;;;0
9255;381;Luciano;Van Hoof;;1977-7-21;Fort Saskatchewan;AB;Canada;;;0
9256;381;Liam;Goyette;;1968-1-26;Boucherville;QC;Canada;;;0
9257;381;Patrick;Cabaj;;1969-8-16;Halifax;NS;Canada;;;0
9258;381;Todd;Halter;;1979-2-13;Saanich;BC;Canada;;;0
9259;381;Randy;Wolosewich;;1980-2-9;Toronto;ON;Canada;;;0
9260;382;Kelin;Ceretti;;1959-6-12;Mississauga;ON;Canada;;;0
9261;382;Allain;Morin;;1984-9-10;New Richmond;QC;Canada;;;0
9262;382;Nathan;Harvey;;1959-1-18;Toronto;ON;Canada;;;0
9263;382;Hunter;Moss;;1959-12-15;Lakeshore;ON;Canada;;;0
9264;382;Jody;Horton;;1975-7-18;Toronto;ON;Canada;;;0
9265;382;Cory;Gemmill;;1971-12-9;Sault Ste. Marie;ON;Canada;;;0
9266;382;Jean-Philippe;Mongrain;;1974-3-18;Trois-RiviËres;QC;Canada;;;0
9267;382;Kevin;Lee;;1970-10-22;Toronto;ON;Canada;;;0
9268;382;Zach;Hancock;;1961-4-2;Ottawa;ON;Canada;;;0
9269;382;Josh;Murray;;1956-5-12;Toronto;ON;Canada;;;0
9270;383;Jordan;Skoryna;;1974-9-1;Burnaby;BC;Canada;;;0
9271;383;Pascal;Chouinard;;1966-1-12;Montreal;QC;Canada;;;0
9272;383;Brandon;Pattison;;1980-7-9;Kitchener;ON;Canada;;;0
9273;383;FrÈdÈrick;SÈnÈcal;;1977-12-9;Varennes;QC;Canada;;;0
9274;383;Mark;Breitkreuz;;1967-3-6;Campbell River;BC;Canada;;;0
9275;383;Scott;Southam;;1970-5-14;Calgary;AB;Canada;;;0
9276;383;Adam;Moxey;;1983-12-21;Calgary;AB;Canada;;;0
9277;383;Sage;Pezer;;1973-2-9;Thornhill;ON;Canada;;;0
9278;383;Brett;Bangs;;1962-4-11;Toronto;ON;Canada;;;0
9279;383;Kyle;Falk;;1982-10-7;Walden;ON;Canada;;;0
9280;384;Ryan;Sonmor;;1977-11-30;Clarence-Rockland;ON;Canada;;;0
9281;384;James;Messam;;1972-11-7;Markham;ON;Canada;;;0
9282;384;Daniel;Atzori;;1978-5-27;Montreal;QC;Canada;;;0
9283;384;Logan;James;;1965-8-14;New Westminster;BC;Canada;;;0
9284;384;Brady;Donnelly;;1957-3-7;St. Marys;ON;Canada;;;0
9285;384;Brayden;Livingston;;1964-10-5;Richmond;BC;Canada;;;0
9286;384;Jensen;Bulau;;1956-2-5;London;ON;Canada;;;0
9287;384;RÈmi;Bellavance;;1978-11-2;Quebec City;QC;Canada;;;0
9288;384;Matt;McCabe;;1968-10-9;Port Hope;ON;Canada;;;0
9289;384;Hugh;Buttazzoni;;1976-9-24;Nanticoke;ON;Canada;;;0
9290;385;Brandon;Krichew;;1959-1-26;Kingsville;ON;Canada;;;0
9291;385;Oscar;Borel;;1958-9-26;Surrey;BC;Canada;;;0
9292;385;Jeff;Hembree;;1971-11-17;Chichester;PA;United States;;;0
9293;385;Christian;Seibert;;1968-2-23;Penetanguishene;ON;Canada;;;0
9294;385;Jordan;Taillefer;;1965-8-31;Saguenay;QC;Canada;;;0
9295;385;Max;Hoback;;1983-9-3;Toronto;ON;Canada;;;0
9296;385;Samuel;Trudel;;1959-6-2;Sainte-Julie;QC;Canada;;;0
9297;385;Jean-David;Trottier;;1982-11-24;St. Andrews;MB;Canada;;;0
9298;385;Bryden;Cook;;1982-4-29;County of Brant;ON;Canada;;;0
9299;385;Greg;Rolando;;1976-8-4;Guelph;ON;Canada;;;0
9300;386;Michael;Pletsch;;1980-6-19;Nanaimo;BC;Canada;;;0
9301;386;Fred;Hoyles;;1977-7-22;Toronto;ON;Canada;;;0
9302;386;David;GiguËre;;1970-12-3;Montreal;QC;Canada;;;0
9303;386;Kurt;Dinning;;1955-11-7;South Hill;WA;United States;;;0
9304;386;Lucas;Welsh;;1960-5-13;Clarington;ON;Canada;;;0
9305;386;Louis-Philippe;Perez;;1964-7-29;New Hamburg;ON;Canada;;;0
9306;386;Rob;Poilievre;;1967-10-24;Toronto;ON;Canada;;;0
9307;386;Alexandre;Desaulniers;;1975-5-13;Toronto;ON;Canada;;;0
9308;386;David;Dorowicz;;1968-5-5;Toronto;ON;Canada;;;0
9309;386;Chad;Almas;;1977-3-20;Centre Hastings;ON;Canada;;;0
9310;-1;Owen;Krug;;1975-6-30;Springwater;ON;Canada;;;0
9311;-1;Jacob;Ives;;1973-7-29;Calgary;AB;Canada;;;0
9312;-1;Kevin;Pither;;1980-8-21;Vancouver;BC;Canada;;;0
9313;-1;Brodie;Gedig;;1969-12-7;Caledon;ON;Canada;;;0
9314;-1;Tsunayoshi;Yamada;;1968-7-4;Mitaka;TOK;Japan;;;0
9315;-1;Tanner;Davis;;1982-6-5;Toronto;ON;Canada;;;0
9316;-1;Jason;Staley;;1960-9-18;Fredericton;NB;Canada;;;0
9317;-1;Mathis;Cabana;;1956-12-7;Brossard;QC;Canada;;;0
9318;-1;FrÈdÈrick;Goyer;;1976-5-5;L'Assomption;QC;Canada;;;0
9319;-1;Rylan;Brazeau;;1982-2-25;Mississauga;ON;Canada;;;0
9320;-1;Jordan;Borrelli;;1972-2-8;Mount Pearl;NL;Canada;;;0
9321;-1;Jeff;Burns;;1974-4-11;Ottawa;ON;Canada;;;0
9322;-1;Tavish;Abbott;;1961-1-8;London;ON;Canada;;;0
9323;-1;Jody;Brust;;1974-9-19;Hamilton;ON;Canada;;;0
9324;-1;John-William;Dionne;;1983-1-31;CÙte Saint-Luc;QC;Canada;;;0
9325;-1;Mattia;Abate;;1976-4-16;Toronto;ON;Canada;;;0
9326;-1;Philippe-Olivier;Mercier;;1965-10-12;Gatineau;QC;Canada;;;0
9327;-1;Adam;Merrick;;1978-10-29;Toronto;ON;Canada;;;0
9328;-1;Rafael;Scremin;;1975-11-7;Chilliwack;BC;Canada;;;0
9329;-1;Leonard;Mark;;1981-10-25;Guelph;ON;Canada;;;0
9330;-1;Jordan;Moss;;1980-2-21;London;ON;Canada;;;0
9331;-1;Taylor;Hawes;;1971-8-11;Marystown;NL;Canada;;;0
9332;-1;Alex;Bird;;1963-11-28;Toronto;ON;Canada;;;0
9333;-1;Victor;Knackstedt;;1967-4-19;Kingston;ON;Canada;;;0
9334;-1;Thomas;Blondel;;1969-1-25;Mugron;AQU;France;;;0
9335;-1;Stanislav;Kirillov;;1977-8-11;Manturovo;KOS;Russia;;;0
9336;-1;Jeremiah;Timmons;;1958-3-3;Fort McMurray;AB;Canada;;;0
9337;-1;Dylan;Corry;;1977-4-21;Norfolk County;ON;Canada;;;0
9338;-1;Rylan;Blandisi;;1972-12-22;Burnaby;BC;Canada;;;0
9339;-1;Robbie;Peters;;1975-6-5;Toronto;ON;Canada;;;0
9340;-1;Jean-Philippe;Boily;;1960-8-11;Montreal;QC;Canada;;;0
9341;-1;Kevin;Cloutier;;1967-1-27;Chambly;QC;Canada;;;0
9342;-1;Real;Siltala;;1959-9-1;Edmonton;AB;Canada;;;0
9343;-1;Braedan;LeBlanc;;1971-6-10;Port Elgin;ON;Canada;;;0
9344;-1;Charles;Reed;;1982-3-2;Laguna;CA;United States;;;0
9345;-1;Valery;Kondrashyov;;1956-11-6;Yekaterinburg;SVE;Russia;;;0
9346;-1;Damon;Wiste;;1962-7-11;Oakville;ON;Canada;;;0
9347;-1;Adam;Kea;;1970-10-19;Kemptville;ON;Canada;;;0
9348;-1;Wendel;Coon-Come;;1978-6-25;Regina;SK;Canada;;;0
9349;-1;Jesse;Foulkes;;1974-1-4;Richmond;BC;Canada;;;0
9350;-1;Jake;Oliver;;1977-5-3;Edmonton;AB;Canada;;;0
9351;-1;Craig;Iacobellis;;1981-9-25;Winnipeg;MB;Canada;;;0
9352;-1;Jordan;Paolucci;;1958-2-22;Elliot Lake;ON;Canada;;;0
9353;-1;Kyle;Hughes;;1972-4-9;Richmond;BC;Canada;;;0
9354;-1;Damien;Mayer;;1961-5-23;Spirit River;AB;Canada;;;0
9355;-1;Donovan;Ruzesky;;1971-9-10;Vancouver;BC;Canada;;;0
9356;-1;Chris;DeMarco;;1963-10-28;Calgary;AB;Canada;;;0
9357;-1;Robert;Champagne;;1970-7-21;Port Coquitlam;BC;Canada;;;0
9358;-1;Vincent;Mathieu;;1959-12-9;Mont-Saint-Hilaire;QC;Canada;;;0
9359;-1;Cory;Czerwonka;;1970-3-13;Smooth Rock Falls;ON;Canada;;;0
9360;-1;Felix;Shea;;1977-10-14;Ottawa;ON;Canada;;;0
9361;-1;Kirk;Finlay;;1964-1-19;Fox Creek;AB;Canada;;;0
9362;-1;Riccardo;Belardinelli;;1975-1-3;Thunder Bay;ON;Canada;;;0
9363;-1;Wu;Mingdong;;1957-5-28;Dalian;LIA;China;;;0
9364;-1;Alex;Sadler;;1971-11-6;Burnaby;BC;Canada;;;0
9365;-1;Brian;Gleim;;1970-5-8;Markham;ON;Canada;;;0
9366;-1;Shayne;Wilson;;1973-1-8;Winnipeg;MB;Canada;;;0
9367;-1;Luigi;Balila;;1968-2-2;Barrie;ON;Canada;;;0
9368;-1;Vernon;Mukash;;1962-7-5;Hamilton;ON;Canada;;;0
9369;-1;Mitchell;Stuart;;1964-12-30;Windsor;ON;Canada;;;0
9370;-1;Brennan;Herne;;1955-1-28;Winnipeg;MB;Canada;;;1
9371;-1;Joel;Broadhurst;;1972-4-8;Oshawa;ON;Canada;;;0
9372;-1;Oakley;Falk;;1966-1-3;Langford;BC;Canada;;;0
9373;-1;Kevin;Stump;;1982-10-19;Richmond;KY;United States;;;0
9374;-1;Brice;Dupont;;1980-8-30;Vancouver;BC;Canada;;;0
9375;-1;Alexander;Murdock;;1982-7-21;Brampton;ON;Canada;;;0
9376;-1;Elliott;Power;;1975-2-23;Saskatoon;SK;Canada;;;0
9377;-1;Chance;Guiboche;;1979-10-1;North Bay;ON;Canada;;;0
9378;-1;Guillaume;Desmarais;;1966-3-24;Montreal;QC;Canada;;;0
9379;-1;Maksim;Rukavishnikov;;1980-9-6;Moscow;MOS;Russia;;;0
9380;-1;Tyler;Ketter;;1981-1-25;Richmond Hill;ON;Canada;;;0
9381;-1;Jonathan;Paquin;;1963-12-11;Quebec City;QC;Canada;;;0
9382;-1;Enrique;Gimarey;;1982-5-2;Jacksonville;FL;United States;;;0
9383;-1;Joey;Bouchard;;1962-4-10;Saguenay;QC;Canada;;;0
9384;-1;Jason;MacKay;;1976-10-27;Cape Breton Regional Municipality;NS;Canada;;;0
9385;-1;Pearce;Doughty;;1962-3-14;Richmond;BC;Canada;;;0
9386;-1;John;Hrehirchuk;;1975-2-28;Mount Pearl;NL;Canada;;;0
9387;-1;Ronnie;Roll;;1982-5-3;Deerfield Beach;FL;United States;;;0
9388;-1;William;Michaud;;1970-9-20;Montreal;QC;Canada;;;0
9389;-1;Alex;Fortes;;1965-6-18;Medicine Hat;AB;Canada;;;0
9390;-1;Francis;Gendron;;1962-5-11;Ottawa;ON;Canada;;;0
9391;-1;Josh;McIlveen;;1957-5-30;Edmonton;AB;Canada;;;0
9392;-1;Michael;Aikens;;1955-12-9;London;ON;Canada;;;0
9393;-1;Wesley;Rota;;1958-6-13;Cornwall;ON;Canada;;;0
9394;-1;Jeff;Wall;;1963-12-20;Toronto;ON;Canada;;;0
9395;-1;Rob;Simmt;;1976-4-27;Bromont;QC;Canada;;;0
9396;-1;Tyler;Bhala;;1961-11-6;Markham;ON;Canada;;;0
9397;-1;Taylor;Boogaard;;1956-10-17;Tracadie-Sheila;NB;Canada;;;0
9398;-1;Chase;Greenfield;;1984-6-22;Ottawa;ON;Canada;;;0
9399;-1;Sebastien;Oliphant;;1979-2-14;West Kelowna;BC;Canada;;;0
9400;-1;Keven;Leclerc;;1961-11-7;Dollard-des-Ormeaux;QC;Canada;;;0
9401;-1;RaphaÎl;ThÈberge;;1983-9-1;Montreal;QC;Canada;;;0
9402;-1;Christopher;Atkins;;1960-7-9;Saanich;BC;Canada;;;0
9403;-1;Daine;Sinclair;;1972-2-15;Kawartha Lakes;ON;Canada;;;0
9404;-1;Philippe;CarriËre;;1982-6-6;Fortierville;QC;Canada;;;0
9405;-1;Jean-…ric;Trudeau;;1960-6-2;Montreal;QC;Canada;;;0
9406;-1;Michael;Andrews;;1958-7-30;London;ON;Canada;;;0
9407;-1;Madden;Mapletoft;;1978-8-31;Thornhill;ON;Canada;;;0
9408;-1;Andrew;Daly;;1977-3-6;New Westminster;BC;Canada;;;0
9409;-1;Justin;Sulliman;;1966-8-29;Winnipeg;MB;Canada;;;0
9410;-1;Cody;Nathan;;1965-9-8;Vancouver;BC;Canada;;;0
9411;-1;Zachary;Dambrauskas;;1972-2-11;West Kelowna;BC;Canada;;;0
9412;-1;Jonathan;Sobchak;;1976-9-2;Slave Lake;AB;Canada;;;0
9413;-1;Craig;Husulak;;1967-12-30;Amherst;NS;Canada;;;0
9414;-1;Rod;Santucci;;1967-7-4;Brampton;ON;Canada;;;0
9415;-1;Chen;Shuntai;;1978-10-3;Hangu;TIA;China;;;0
9416;-1;Kevin;Swabb;;1968-3-18;Adjala-Tosorontio;ON;Canada;;;0
9417;-1;LoÔc;St-Laurent;;1960-7-1;Sherbrooke;QC;Canada;;;0
9418;-1;Pier-Luc;Paquette;;1955-12-17;Montreal;QC;Canada;;;0
9419;-1;Alex;Garey;;1968-9-13;Rostraver Township;PA;United States;;;0
9420;-1;Mike;Konihowski;;1969-2-20;Haldimand County;ON;Canada;;;0
9421;-1;Mac;Hnatyshyn;;1977-6-29;Toronto;ON;Canada;;;0
9422;-1;Craig;Washkurak;;1971-1-20;Richmond;ON;Canada;;;0
9423;-1;Jax;Rimmer;;1957-7-31;Winnipeg;MB;Canada;;;0
9424;-1;Brandon;Morrissey;;1962-5-16;Moncton;NB;Canada;;;0
9425;-1;Steven;Driscoll;;1957-1-17;Brampton;ON;Canada;;;0
9426;-1;Henry;Martin;;1981-9-4;Maple Ridge;BC;Canada;;;0
9427;-1;Justin;Mueller;;1965-3-8;Vaughan;ON;Canada;;;0
9428;-1;Mark;Orr;;1971-1-13;Saanich;BC;Canada;;;0
9429;-1;Adam;Baer;;1960-10-11;Chilliwack;BC;Canada;;;0
9430;-1;Joshua;Hikichi;;1973-2-8;Toronto;ON;Canada;;;0
9431;-1;Luke;McCain;;1969-7-5;Toronto;ON;Canada;;;0
9432;-1;Matt;Patten;;1961-2-20;Regina;SK;Canada;;;0
9433;-1;Mike;Pitchenese;;1976-6-1;Leamington;ON;Canada;;;0
9434;-1;Jean-SÈbastien;Giroux;;1963-5-12;Mississauga;ON;Canada;;;0
9435;-1;Porter;Lekstrom;;1970-12-20;Toronto;ON;Canada;;;0
9436;-1;Andriy;Melnyk;;1960-10-27;Novosibirsk;NOV;Russia;;;0
9437;-1;Jeremy;Reibel;;1964-6-5;Winnipeg;MB;Canada;;;0
9438;-1;Alex;Mills;;1975-12-19;Kitchener;ON;Canada;;;0
9439;-1;Namroop;Dhaliwal;;1975-4-20;Tambaram;TAM;India;;;0
9440;-1;Matthew;Siemens;;1962-8-7;Surrey;BC;Canada;;;0
9441;-1;Li;Zefa;;1959-5-15;Handan;HEB;China;;;0
9442;-1;Nicolas;Deslauriers;;1963-2-24;Toronto;ON;Canada;;;0
9443;-1;Davin;Boaz;;1968-7-21;Vancouver;BC;Canada;;;0
9444;-1;RÈmi;Bilodeau;;1977-9-24;Kirkland;QC;Canada;;;0
9445;-1;Joe;Karambelas;;1963-8-8;Edmonton;AB;Canada;;;0
9446;-1;Kirk;Ballard;;1957-2-1;Richmond Hill;ON;Canada;;;0
9447;-1;CÈdric;Fleury;;1958-4-14;Deux-Montagnes;QC;Canada;;;0
9448;-1;Teagan;Lehman;;1979-8-13;New Glasgow;NS;Canada;;;0
9449;-1;Devin;Strowbridge;;1957-6-29;Oro-Medonte;ON;Canada;;;0
9450;-1;Kyle;Ritson;;1968-1-1;Fergus;ON;Canada;;;0
9451;-1;Kip;Clinch;;1977-12-4;Brampton;ON;Canada;;;0
9452;-1;Antoine;Lessard;;1978-6-21;Longueuil;QC;Canada;;;0
9453;-1;Josh;McAllister;;1961-3-30;Vancouver;BC;Canada;;;0
9454;-1;Nikolay;Saschikhin;;1982-4-25;Arsenyev;PRI;Russia;;;0
9455;-1;Rodrigo;Pereira;;1960-6-27;Vancouver;BC;Canada;;;0
9456;-1;Ryan;Crowder;;1976-8-16;Kingston;ON;Canada;;;0
9457;-1;Tanner;Melchiori;;1982-2-14;Comox;BC;Canada;;;0
9458;-1;Brandon;Comeau;;1963-6-22;Kamloops;BC;Canada;;;0
9459;-1;Nate;Stroppa;;1981-10-3;Delta;BC;Canada;;;0
9460;-1;Gabriel;Richard;;1962-7-8;Newmarket;ON;Canada;;;0
9461;-1;Pierre-Olivier;Desjardins;;1955-2-4;St. Catharines;ON;Canada;;;1
9462;-1;Yvan;LabbÈ;;1971-2-19;Saguenay;QC;Canada;;;0
9463;-1;Thongchai;Thinkaow;;1959-8-23;Bangkok;BAN;Thailand;;;0
9464;-1;Justin;Martin;;1960-7-13;Longueuil;QC;Canada;;;0
9465;-1;Nicolas;LachaÓne;;1973-8-14;Montreal;QC;Canada;;;0
9466;-1;Brian;Nachbaur;;1957-8-5;Langley;BC;Canada;;;0
9467;-1;Jamie;Schwarzenberge;;1970-11-24;Milton;ON;Canada;;;0
9468;-1;Taylor;Brandon;;1965-2-9;Digby;NS;Canada;;;0
9469;-1;Yann;Morand;;1975-5-25;Montreal;QC;Canada;;;0
9470;-1;Huang;Renxing;;1971-9-29;Fushun;LIA;China;;;0
9471;-1;Adam;Benning;;1976-10-13;Ottawa;ON;Canada;;;0
9472;-1;Matt;Forester;;1969-4-8;White City;SK;Canada;;;0
9473;-1;Nate;Stewart;;1979-7-7;Peterborough;ON;Canada;;;0
9474;-1;Justin;Korthuis;;1958-3-30;Edmonton;AB;Canada;;;0
9475;-1;Addison;Hopgood;;1959-6-17;Saint-Sauveur;QC;Canada;;;0
9476;-1;Oskar;Dahlberg;;1976-6-16;Arvika;V‰R;Sweden;;;0
9477;-1;Justin;McMorrow;;1976-10-22;Winnipeg;MB;Canada;;;0
9478;-1;Francis;GagnÈ;;1972-8-30;Cowansville;QC;Canada;;;0
9479;-1;Yanik;Phillips;;1965-11-3;Cape Breton Regional Municipality;NS;Canada;;;0
9480;-1;Alexandre;Veillette;;1959-6-13;RosemËre;QC;Canada;;;0
9481;-1;Troy;Camponi;;1956-5-18;Calgary;AB;Canada;;;0
9482;-1;Jimmy;Laflamme;;1969-5-31;Beauharnois;QC;Canada;;;0
9483;-1;Gao;Bingyang;;1979-6-23;Nanchong;SIC;China;;;0
9484;-1;Pat;MacEachern;;1977-3-7;Winnipeg;MB;Canada;;;0
9485;-1;Brett;Robertson;;1968-12-3;Vaughan;ON;Canada;;;0
9486;-1;Diethmar;Drees;;1972-2-25;Berlin;BER;Germany;;;0
9487;-1;Mason;Mavety;;1977-11-21;Thornhill;ON;Canada;;;0
9488;-1;Jude;Pancel;;1969-4-11;Medicine Hat;AB;Canada;;;0
9489;-1;Joey;Lazoruk;;1981-4-25;Calgary;AB;Canada;;;0
9490;-1;Brayden;Perrier;;1969-8-28;Pitt Meadows;BC;Canada;;;0
9491;-1;Louis-Joseph;Tardif;;1984-7-31;Montreal;QC;Canada;;;0
9492;-1;Robbie;Williams;;1969-4-4;Calgary;AB;Canada;;;0
9493;-1;Joshua;Lockerby;;1969-8-5;Toronto;ON;Canada;;;0
9494;-1;Nick;Hughes;;1980-3-30;San Jose;CA;United States;;;0
9495;-1;John;Reners;;1956-7-31;Toronto;ON;Canada;;;0
9496;-1;Olivier;Beauregard;;1981-5-26;Montreal;QC;Canada;;;0
9497;-1;Brian;Bast;;1978-7-20;Prince George;BC;Canada;;;0
9498;-1;Kevin;Simon;;1981-12-17;Edmonton;AB;Canada;;;0
9499;-1;Elfar;Raymond;;1979-12-22;Gatineau;QC;Canada;;;0
9500;-1;Mark;Cheng;;1976-3-19;Cambridge;ON;Canada;;;0
9501;-1;Andrew;Fleming;;1981-11-7;Loyalist;ON;Canada;;;0
9502;-1;FÈlix-Nicolas;Renaud;;1978-7-3;Gatineau;QC;Canada;;;0
9503;-1;William;Lapointe;;1961-10-25;Montreal;QC;Canada;;;0
9504;-1;Josh;Herauf;;1963-7-25;Brampton;ON;Canada;;;0
9505;-1;Han;Xiaotian;;1981-4-5;Qingyuan;GUA;China;;;0
9506;-1;Michael;Kerr;;1982-1-15;Surrey;BC;Canada;;;0
9507;-1;Matthew;Campbell;;1956-5-28;Vaughan;ON;Canada;;;0
9508;-1;Nelson;Gabriel;;1977-7-6;London;ON;Canada;;;0
9509;-1;Hugh;Goertzen;;1963-8-13;Stratford;ON;Canada;;;0
9510;-1;Tyler;Makowsky;;1969-11-28;Vaughan;ON;Canada;;;0
9511;-1;Tyson;Eastman;;1967-7-4;New Glasgow;NS;Canada;;;0
9512;-1;Matt;Mascotto;;1970-2-15;Oshawa;ON;Canada;;;0
9513;-1;Rich;Phillips;;1979-7-8;Thousand Oaks;CA;United States;;;0
9514;-1;Justin;Gagnon;;1978-11-22;Simcoe;ON;Canada;;;0
9515;-1;Chris;Jablonski;;1974-4-10;Kamloops;BC;Canada;;;0
9516;-1;Jacob;Clarkson;;1968-12-11;Burnaby;BC;Canada;;;0
9517;-1;Ahren;Munn;;1971-8-30;Halton Hills;ON;Canada;;;0
9518;-1;Elliot;Cloutier;;1979-6-28;Saint-Jean-sur-Richelieu;QC;Canada;;;0
9519;-1;Xavier;Desjardins;;1967-3-20;Havre-Saint-Pierre;QC;Canada;;;0
9520;-1;Matt;Murphy;;1983-12-8;Toronto;ON;Canada;;;0
9521;-1;Justin;Schmidt;;1983-3-31;Vancouver;BC;Canada;;;0
9522;-1;Jacob;Gibbons;;1969-3-19;Vancouver;BC;Canada;;;0
9523;-1;Sultan;Pahad;;1972-7-5;Agra;UTT;India;;;0
9524;-1;Marvello;Evangelista;;1959-7-10;Manila;NAT;Philippines;;;0
9525;-1;Davide;De gregorio;;1966-5-25;Hamilton;ON;Canada;;;0
9526;-1;Joel;Legace;;1975-4-30;Toronto;ON;Canada;;;0
9527;-1;Travis;Graham;;1966-4-21;Winnipeg;MB;Canada;;;0
9528;-1;Ethan;Gillies;;1959-3-8;Waterford;ON;Canada;;;0
9529;-1;Marc-AndrÈ;LavallÈe;;1961-7-27;Thunder Bay;ON;Canada;;;0
9530;-1;Dan;Ferry;;1979-7-7;Vaughan;ON;Canada;;;0
9531;-1;Shane;LeNeveu;;1966-3-17;Cambridge;ON;Canada;;;0
9532;-1;Francis;CÙtÈ;;1961-5-8;CÙte Saint-Luc;QC;Canada;;;0
9533;-1;Brock;Wicks;;1959-8-1;Barrie;ON;Canada;;;0
9534;-1;Mike;Orban;;1979-10-18;Val d'Or;QC;Canada;;;0
9535;-1;Oliver;Leek;;1972-3-27;Winnipeg;MB;Canada;;;0
9536;-1;Tanner;Walker;;1972-7-24;Chesterville;ON;Canada;;;0
9537;-1;Kyle;Douglas;;1960-3-13;Clarenville-Shoal Harbour;NL;Canada;;;0
9538;-1;Dustin;Dumfee;;1971-6-12;Slave Lake;AB;Canada;;;0
9539;-1;SÈbastien;Vachon;;1960-5-23;Repentigny;QC;Canada;;;0
9540;-1;Matt;Desserre;;1983-3-26;Edmonton;AB;Canada;;;0
9541;-1;Troy;Kolida;;1984-6-30;Toronto;ON;Canada;;;0
9542;-1;Bruno;Quenneville;;1969-5-28;Quebec City;QC;Canada;;;0
9543;-1;Kendall;Jerome;;1983-3-10;Wellington;ON;Canada;;;0
9544;-1;Greg;Scott;;1961-6-14;Maskwacis;AB;Canada;;;0
9545;-1;Klay;Carrick;;1981-3-1;Ohsweken;ON;Canada;;;0
9546;-1;Michael;Crane;;1969-2-4;L'Ascension-de-Notre-Seigneur;QC;Canada;;;0
9547;-1;Dustin;Price;;1977-1-28;Dartmouth;NS;Canada;;;0
9548;-1;Alex;Bloemberg;;1982-3-20;Richmond;BC;Canada;;;0
9549;-1;Tylor;Gaucher;;1979-3-11;Hamilton;ON;Canada;;;0
9550;-1;Matthew;Ignatieff;;1957-9-24;Corner Brook;NL;Canada;;;0
9551;-1;Sacha;Pelletier;;1970-6-16;Laval;QC;Canada;;;0
9552;-1;Caleb;Slubowski;;1962-1-13;Brampton;ON;Canada;;;0
9553;-1;Joe;Orr;;1968-6-8;Kitchener;ON;Canada;;;0
9554;-1;Ben;Clendenning;;1972-3-16;Oakville;ON;Canada;;;0
9555;-1;Nick;Zimmerman;;1969-8-9;Chatham-Kent;ON;Canada;;;0
9556;-1;Drew;DeMarco;;1972-7-28;Vancouver;BC;Canada;;;0
9557;-1;Mike;Plett;;1984-4-23;Gatineau;QC;Canada;;;0
9558;-1;Daniel;McNamara;;1962-2-12;Duboistown;PA;United States;;;0
9559;-1;Raymond;Darowski;;1976-3-23;North Cowichan;BC;Canada;;;0
9560;-1;Randy;Powers;;1968-1-31;Toronto;ON;Canada;;;0
9561;-1;Cody;Payne;;1973-6-23;Toronto;ON;Canada;;;0
9562;-1;Julien;Baril;;1984-3-28;Montreal;QC;Canada;;;0
9563;-1;Blaize;Doherty;;1970-1-15;Edmonton;AB;Canada;;;0
9564;-1;Zach;Stone;;1955-11-15;Mission;BC;Canada;;;0
9565;-1;Cody;Walley;;1957-9-13;Richmond Hill;ON;Canada;;;0
9566;-1;Stefano;Castano;;1984-7-18;Les Œles de la Madeleine;QC;Canada;;;0
9567;-1;Brian;Young;;1983-11-28;Four Corners;FL;United States;;;0
9568;-1;Simone;Borrello;;1958-9-20;Toronto;ON;Canada;;;0
9569;-1;Wayne;Tory;;1974-8-13;Marmora;ON;Canada;;;0
9570;-1;Luke;Percevault;;1971-12-1;St. Marys;ON;Canada;;;0
9571;-1;Mason;Drake;;1964-9-30;Toronto;ON;Canada;;;0
9572;-1;Nathan;Backstrom;;1968-10-1;Lac la Biche;AB;Canada;;;0
9573;-1;Scott;Daniels;;1960-5-16;Stonewall;MB;Canada;;;0
9574;-1;Ron;Meyer;;1966-3-13;New York;NY;United States;;;0
9575;-1;Michael;Welychka;;1977-12-6;Minnedosa;MB;Canada;;;0
9576;-1;Joel;Brossart;;1975-1-11;Leduc;AB;Canada;;;0
9577;-1;Tyler;Shalagan;;1973-2-6;Toronto;ON;Canada;;;0
9578;-1;FranÁois-Pierre;Faucher;;1959-6-29;Gatineau;QC;Canada;;;0
9579;-1;Ryan;Klimchuk;;1978-6-17;Airdrie;AB;Canada;;;0
9580;-1;Benjamin;SÈvigny;;1984-2-2;Montreal;QC;Canada;;;0
9581;-1;Mitchell;Viedensky;;1967-10-12;Red Deer;AB;Canada;;;0
9582;-1;Simon;O'Donnell;;1968-3-6;Surrey;BC;Canada;;;0
9583;-1;David;Evelyn;;1979-5-21;Campbell River;BC;Canada;;;0
9584;-1;Jonathan;Proulx;;1969-8-8;Quebec City;QC;Canada;;;0
9585;-1;Matt;Gerard;;1971-3-17;Windsor;ON;Canada;;;0
9586;-1;Brandon;Beaulieu;;1983-7-13;Montreal;QC;Canada;;;0
9587;-1;Joel;Zacharuk;;1978-10-24;Toronto;ON;Canada;;;0
9588;-1;Grant;Bartley;;1957-7-19;Calgary;AB;Canada;;;0
9589;-1;Ueli;Lenz;;1960-6-20;Ober‰geri;ZG;Switzerland;;;0
9590;-1;Spencer;MacSweyn;;1955-6-29;Saskatoon;SK;Canada;;;1
9591;-1;Jordon;Etchegary;;1974-7-15;Edmonton;AB;Canada;;;0
9592;-1;Dan;Struthers;;1976-10-16;Toronto;ON;Canada;;;0
9593;-1;Stan;Obhrai;;1981-8-12;Shawinigan;QC;Canada;;;0
9594;-1;Alex;DeJong;;1976-1-9;Winnipeg;MB;Canada;;;0
9595;-1;Robby;Pansegrau;;1975-7-30;Mississauga;ON;Canada;;;0
9596;-1;Xavier;Lafleur;;1977-9-4;Montreal;QC;Canada;;;0
9597;-1;Landon;Hall;;1979-2-6;Vancouver;BC;Canada;;;0
9598;-1;Chad;Rayner;;1973-4-4;Richmond;BC;Canada;;;0
9599;-1;Prestin;Wensley;;1983-6-8;Rocky View County;AB;Canada;;;0
9600;-1;Mark;Groote;;1977-11-10;Bolton;ON;Canada;;;0
9601;-1;Connor;Pybus;;1975-5-4;Airdrie;AB;Canada;;;0
9602;-1;John;Hay;;1982-3-2;Surrey;BC;Canada;;;0
9603;-1;…tienne;Binette;;1978-2-27;Montreal;QC;Canada;;;0
9604;-1;Braden;Zuke;;1984-12-14;Fort St. John;BC;Canada;;;0
9605;-1;Nathan;Henry;;1973-5-13;Lethbridge;AB;Canada;;;0
9606;-1;Jean-BenoÓt;Poulin;;1970-12-21;Montreal;QC;Canada;;;0
9607;-1;Blake;Boyd;;1978-5-30;Toronto;ON;Canada;;;0
9608;-1;Spencer;Beverley;;1974-10-14;Victoria;BC;Canada;;;0
9609;-1;Rem;Loutit;;1976-4-29;Waterloo;ON;Canada;;;0
9610;-1;Marlon;Clarke;;1967-3-11;Pickering;ON;Canada;;;0
9611;-1;Matt;Taylor;;1968-4-15;St. John's;NL;Canada;;;0
9612;-1;Dustin;Laurence;;1961-2-19;Sudbury;ON;Canada;;;0
9613;-1;Kaiden;O'Marra;;1970-2-26;Toronto;ON;Canada;;;0
9614;-1;Craig;Caissy;;1969-8-12;Vancouver;BC;Canada;;;0
9615;-1;Brenden;Davies;;1974-11-23;Ottawa;ON;Canada;;;0
9616;-1;Garrett;Marchand;;1976-9-17;Sarnia;ON;Canada;;;0
9617;-1;Dylan;Ferguson;;1971-6-1;Halifax;NS;Canada;;;0
9618;-1;Mike;Ramsay;;1971-3-19;Toronto;ON;Canada;;;0
9619;-1;Jack;Morrison;;1981-11-30;Strathcona;AB;Canada;;;0
9620;-1;Billy;Bruha;;1982-9-10;Vancouver;BC;Canada;;;0
9621;-1;Gabriel;Desroches;;1955-7-9;Montreal;QC;Canada;;;0
9622;-1;David;Mikkelsen;;1971-5-26;Campbell River;BC;Canada;;;0
9623;-1;Ben;VallÈe;;1980-2-12;Rimouski;QC;Canada;;;0
9624;-1;Curtis;Claassen;;1970-7-19;Hamilton;ON;Canada;;;0
9625;-1;Antoine;Duchesneau;;1979-11-21;Sudbury;ON;Canada;;;0
9626;-1;Jonathan;Schellenberg;;1955-6-9;Winnipeg;MB;Canada;;;1
9627;-1;Graham;Labine;;1969-5-30;Nanaimo;BC;Canada;;;0
9628;-1;Yevgeny;Lomako;;1978-3-13;Moscow;MOS;Russia;;;0
9629;-1;Jason;Riguse;;1963-7-16;Halifax;NS;Canada;;;0
9630;0;Ed;Cheese;;1977-8-13;Grandyle Village;NY;United States;;;0
9631;1;Dan;Peterson;;1961-8-17;Attleboro;MA;United States;;;0
9632;2;Jim;McChesney;;1968-9-22;Arlington;TX;United States;;;0
9633;3;Vincent;Patel;;1970-5-24;Longueuil;QC;Canada;;;0
9634;4;Luther;Morgan;;1956-4-5;Puyallup;WA;United States;;;0
9635;5;Joey;Tucker;;1958-4-22;Raleigh;NC;United States;;;0
9636;6;Riley;Vince;;1982-3-16;Brampton;ON;Canada;;;0
9637;7;John;Somerville;;1970-5-1;Teays Valley;WV;United States;;;0
9638;8;Thomas;Moore;;1978-11-26;Marion;NY;United States;;;0
9639;9;Will;Burch;;1979-10-11;Jacksonville;FL;United States;;;0
9640;10;Steven;Ramsbottom;;1957-11-16;Missoula;MT;United States;;;0
9641;11;Bob;Willis;;1972-12-9;Newark;NJ;United States;;;0
9642;12;Leon;Kelly;;1973-4-28;Fall River;MA;United States;;;0
9643;13;Albert;Watkins;;1958-3-13;Middle River;MD;United States;;;0
9644;14;Wade;Stanley;;1970-7-3;University Place;WA;United States;;;0
9645;15;Troy;Petersen;;1973-6-5;Catalina;AZ;United States;;;0
9646;16;Jon;McBride;;1977-3-22;Mt. Penn;PA;United States;;;0
9647;17;Larry;Rishworth;;1972-10-4;Dixon Lane-Meadow Creek;CA;United States;;;0
9648;18;Wendell;Larsen;;1981-3-6;Wayne;MI;United States;;;0
9649;19;Nolan;Kramer;;1978-5-4;Lilburn;GA;United States;;;0
9650;20;William;Lund;;1973-9-19;Edmond;OK;United States;;;0
9651;21;Dewey;Parmer;;1980-7-5;Wasco;CA;United States;;;0
9652;22;Doug;Chiles;;1959-1-2;Brooklyn;NY;United States;;;0
9653;23;Tucker;Hoffman;;1958-3-5;EgyLake-Leto;FL;United States;;;0
9654;24;Elliot;Stanford;;1961-10-6;Elmwood Park;IL;United States;;;0
9655;25;Blair;Salerno;;1983-6-13;Ottawa;ON;Canada;;;0
9656;26;Keith;Burns;;1967-4-21;Dallas;TX;United States;;;0
9657;27;Bob;Gilbert;;1955-10-14;Columbia;MD;United States;;;0
9658;28;Chris;Preston;;1964-10-26;Fort Lee;NJ;United States;;;0
9659;29;Jesse;Painchaud;;1964-9-17;Richmond;BC;Canada;;;0
9660;30;Stan;Sims;;1976-8-30;Edison;NJ;United States;;;0
9661;31;Phil;Manning;;1968-4-6;Garland;TX;United States;;;0
9662;32;Adam;Newbolt;;1983-3-27;Vaughan;ON;Canada;;;0
9663;33;Dennis;Butz;;1965-11-2;Los Angeles;CA;United States;;;0
9664;34;Sidney;Thelen;;1957-6-10;Macomb Township;MI;United States;;;0
9665;35;Craig;Norris;;1959-7-7;Baldwin;NY;United States;;;0
9666;36;Frank;Ballard;;1963-3-27;Council Bluffs;IA;United States;;;0
9667;37;Evan;Halilic;;1970-5-21;Kelowna;BC;Canada;;;0
9668;38;Eugene;O'Coyle;;1980-2-19;Rupert;ID;United States;;;0
9669;39;Jonathan;Graham;;1959-5-20;Sarnia;ON;Canada;;;0
9670;40;Alex;Wilm;;1962-5-20;Peterborough;ON;Canada;;;0
9671;41;Carl;Greene;;1968-7-15;Painesville;OH;United States;;;0
9672;42;Steve;Crichton;;1982-9-28;Tampa;FL;United States;;;0
9673;43;Dan;Gordon;;1955-2-20;Bonita;CA;United States;;;0
9674;44;Casey;O'Neal;;1975-4-19;Arlington;MA;United States;;;0
9675;45;ValentÌn;Crespo;;1957-6-8;Cathedral City;CA;United States;;;0
9676;46;Jeremy;Trim;;1961-10-14;Ridge Wood Heights;FL;United States;;;0
9677;47;Robert;Bourque;;1966-5-18;Val d'Or;QC;Canada;;;0
9678;48;Brendan;McEnerney;;1970-7-6;Lakewood;OH;United States;;;0
9679;49;Maxim;Mongrain;;1959-11-29;Victoriaville;QC;Canada;;;0
9680;50;Chris;Mullen;;1976-4-6;Security-Widefield;CO;United States;;;0
9681;51;Shane;Hazelton;;1973-2-2;Houston;TX;United States;;;0
9682;52;Dave;O'Tye;;1971-9-22;Cecil;GA;United States;;;0
9683;53;Jacob;Billman;;1962-7-23;Baywood;VA;United States;;;0
9684;54;Rob;Viola;;1971-12-27;Sioux Falls;SD;United States;;;0
9685;55;Aaron;Hodgman;;1968-7-26;Kamloops;BC;Canada;;;0
9686;56;Tim;Osmotherley;;1977-7-17;Lubbock;TX;United States;;;0
9687;57;Dane;Swanson;;1972-2-24;New Braunfels;TX;United States;;;0
9688;58;Johnny;Stokke;;1984-5-3;Jessup;PA;United States;;;0
9689;59;Millard;Lewis;;1977-5-10;Findlay;OH;United States;;;0
9690;60;Blair;Meyners;;1968-10-31;Catalina;NL;Canada;;;0
9691;61;Donovan;Scheer;;1962-4-10;Wellington;FL;United States;;;0
9692;62;Mike;de Haan;;1975-5-16;Toronto;ON;Canada;;;0
9693;63;Kakumulani;Ieremia;;1982-3-22;Chesapeake;VA;United States;;;0
9694;64;Rob;Donahue;;1955-11-26;Sault Ste. Marie;ON;Canada;;;0
9695;65;Gabryel;Paquette;;1961-5-23;Quebec City;QC;Canada;;;0
9696;66;Kevin;Cummins;;1976-12-21;Chicago;IL;United States;;;0
9697;67;Olivier;Ringuette;;1978-7-28;Sainte-Julie;QC;Canada;;;0
9698;68;Cliff;Hethrington;;1960-4-19;Auburn;WA;United States;;;0
9699;69;Jon;McMahon;;1975-3-9;Moreno Valley;CA;United States;;;0
9700;70;Gino;Villeneuve;;1967-9-9;Saguenay;QC;Canada;;;0
9701;71;Austin;Saulnier;;1967-9-17;Quispamsis;NB;Canada;;;0
9702;72;Matt;Trumbley;;1973-11-13;Guelph;ON;Canada;;;0
9703;73;Layne;Fisher;;1981-12-27;Saskatoon;SK;Canada;;;0
9704;74;Joe;Shreve;;1977-2-20;Lakeville;MN;United States;;;0
9705;75;Cole;Soloman;;1960-12-19;Toronto;ON;Canada;;;0
9706;76;Samuel;Harvey;;1972-6-13;Disraeli;QC;Canada;;;0
9707;77;Dorian;Fuller;;1972-7-9;Ames;IA;United States;;;0
9708;78;Brayden;Stewart;;1968-11-23;Stony Mountain;MB;Canada;;;0
9709;79;Toby;Laprise;;1975-3-18;Tracadie-Sheila;NB;Canada;;;0
9710;80;Jeremy;John;;1975-4-5;Calgary;AB;Canada;;;0
9711;81;Tanner;Coulter;;1966-10-29;Vancouver;BC;Canada;;;0
9712;82;Jean-SÈbastien;Villeneuve;;1960-2-1;Notre-Dame-des-Prairies;QC;Canada;;;0
9713;83;Joel;Strobl;;1983-8-10;New Westminster;BC;Canada;;;0
9714;84;Neil;Osborne;;1965-8-20;Riverview;FL;United States;;;0
9715;85;Ellert;Martin;;1961-1-15;Montreal;QC;Canada;;;0
9716;86;Bruno;HÈlie;;1965-12-14;Quebec City;QC;Canada;;;0
9717;87;Tony;McMillan;;1971-5-27;Lloydminster;AB;Canada;;;0
9718;88;Heikki;Peltomaa;;1959-12-15;M‰rsta;STO;Sweden;;;0
9719;89;Erik;B‰ckstrˆm;;1977-6-26;÷rebro;÷RE;Sweden;;;0
9720;90;Jan;Grip;;1963-1-15;Helsingborg;SKÂ;Sweden;;;0
9721;91;Irfan;Mehmedagic;;1981-12-7;BorÂs;V‰S;Sweden;;;0
9722;92;Jan-Erik;Andersson;;1984-5-9;BorÂs;V‰S;Sweden;;;0
9723;93;Carl;Hallgren;;1956-5-25;BorÂs;V‰S;Sweden;;;0
9724;94;Stig;Fredriksson;;1975-11-24;G‰vle;G‰V;Sweden;;;0
9725;95;Jakob;Johansson;;1959-12-16;J‰rf‰lla;STO;Sweden;;;0
9726;96;Seppo;Hautam‰ki;;1983-8-8;V‰sterÂs;V‰S;Sweden;;;0
9727;97;Casper;Olsson;;1962-10-27;÷rebro;÷RE;Sweden;;;0
9728;98;Tobias;Wedberg;;1956-1-27;Stockholm;STO;Sweden;;;0
9729;99;Oscar;Sundell;;1961-11-29;Gˆteborg;V‰S;Sweden;;;0
9730;100;Andreas;Norberg;;1966-11-30;Gˆteborg;V‰S;Sweden;;;0
9731;101;Johan;Bengtsson;;1983-1-5;Sandviken;G‰V;Sweden;;;0
9732;102;Yury;Kochetkov;;1958-5-18;Voskresensk;MOS;Russia;;;0
9733;103;Vyacheslav;Sviyazov;;1983-12-13;Yuzhno-Sakhalinsk;SAK;Russia;;;0
9734;104;Ruslan;Sibgatullin;;1966-11-17;Kamenka;PEN;Russia;;;0
9735;106;Maksim;Valuisky;;1983-5-31;Bobruisk;MOG;Belarus;;;0
9736;107;Aleksandr;Makhachev;;1977-9-24;Belgorod;BEL;Russia;;;0
9737;108;Rustam;Cabrayilov;;1974-11-16;Asbest;SVE;Russia;;;0
9738;109;Yury;Yevdokimov;;1979-11-3;Saratov;SAR;Russia;;;0
9739;110;Nikita;Zdrayevsky;;1973-11-19;Tobolsk;TYU;Russia;;;0
9740;111;Daniil;Gurinov;;1966-10-4;Lodeynoye Pole;LEN;Russia;;;0
9741;112;Andrey;Loban;;1955-2-19;Volgograd;VOL;Russia;;;0
9742;114;Viktor;Voblikov;;1958-2-25;Rostov-na-Donu;ROS;Russia;;;0
9743;115;Viktor;Seregin;;1964-12-22;Gusev;KAL;Russia;;;0
9744;116;Pyotr;Yezhov;;1972-2-28;Novomoskovsk;TUL;Russia;;;0
9745;117;Oleh;Novikov;;1974-5-28;Balkhash;KAR;Kazakhstan;;;0
9746;118;Aleksandr;Titlinov;;1960-9-12;Ivanovo;IVA;Russia;;;0
9747;119;Andrey;Zavgorodny;;1978-3-25;Shikhany;SAR;Russia;;;0
9748;120;Aleksey;Ushenin;;1984-4-13;Gikalo;CHE;Russia;;;0
9749;121;Vadim;Ovchinnikov;;1956-10-27;Abdulino;ORE;Russia;;;0
9750;122;Konstantin;Kulyomin;;1973-11-7;Chusovoy;PER;Russia;;;0
9751;123;Jiang;Qitai;;1984-7-12;Rizhao;SHA;China;;;0
9752;124;RenÈ;Becker;;1983-3-2;Gartz;BRA;Germany;;;0
9753;125;Denny;Dietrich;;1967-6-16;Zwˆnitz;SAX;Germany;;;0
9754;126;Oskar;Hanke;;1975-8-1;Hanover;LOW;Germany;;;0
9755;127;Dogan;YalÁin;;1981-8-2;Bestensee;BRA;Germany;;;0
9756;128;Jonathan;L¸ck;;1959-10-18;Eching;BAV;Germany;;;0
9757;129;Corbinian;Vˆlker;;1984-11-14;Groﬂ Pankow;BRA;Germany;;;0
9758;130;Nikolas;Reichert;;1967-5-28;Berlin;BER;Germany;;;0
9759;131;Markus;Kraus;;1957-10-29;Nuremberg;BAV;Germany;;;0
9760;132;Andrey;Viktorov;;1981-9-24;Bremen;BRE;Germany;;;0
9761;133;Christian;Meyer;;1962-2-28;Rhede;NOR;Germany;;;0
9762;134;Philipp;Schreiber;;1960-9-19;Klein Berﬂen;LOW;Germany;;;0
9763;135;Karl;Menzel;;1956-1-15;Bomlitz;LOW;Germany;;;0
9764;136;Christian;Michels;;1959-3-5;Sohland;SAX;Germany;;;0
9765;137;Jonas;Witte;;1956-9-25;Osnabr¸ck;LOW;Germany;;;0
9766;138;Markus;Takkinen;;1956-5-11;Tampere;PIR;Finland;;;0
9767;139;Eero;Blom;;1970-8-17;Espoo;UUS;Finland;;;0
9768;140;Eino;M‰lki‰;;1974-6-30;Helsinki;UUS;Finland;;;0
9769;141;Olli;Lotvonen;;1978-6-15;Tampere;PIR;Finland;;;0
9770;142;Erkki;N‰rj‰;;1979-2-5;Joensuu;NOR;Finland;;;0
9771;144;Matias;Virolainen;;1978-9-13;Alah‰rm‰;SOS;Finland;;;0
9772;145;Kimmo;Salonen;;1955-11-22;Kuopio;NSA;Finland;;;0
9773;146;Mikael;J‰rvinen;;1965-8-23;Nurmo;SOS;Finland;;;0
9774;147;Raimo;Kivistˆ;;1960-6-5;Lieksa;NOR;Finland;;;0
9775;148;Antti;Laulainen;;1971-4-4;Kotka;KYM;Finland;;;0
9776;149;Raine;Sepp‰l‰;;1981-4-17;Espoo;UUS;Finland;;;0
9777;150;Markus;Karlsson;;1959-8-31;Espoo;UUS;Finland;;;0
9778;151;Gustav;Korkatti;;1965-12-19;Peders√∂re;OST;Finland;;;0
9779;152;Valdemar;Jokinen;;1974-7-23;Kannus;CEN;Finland;;;0
9780;153;Juha;Stenberg;;1972-9-25;J‰ms‰;FIN;Finland;;;0
9781;154;Gerhard;Leitner;;1984-1-27;Kriens;LU;Switzerland;;;0
9782;155;Lars;Gruber;;1963-5-23;Glarus Nord;GL;Switzerland;;;0
9783;156;Patrick;Demay;;1961-10-2;Geneva;GE;Switzerland;;;0
9784;157;Michael;Bourquin;;1968-2-11;ThÙnex;GE;Switzerland;;;0
9785;158;Lucas;Cordey;;1960-2-10;Vernier;GE;Switzerland;;;0
9786;159;Andrin;Buchli;;1963-7-28;Sankt Margrethen;SG;Switzerland;;;0
9787;160;Patrick;Bussard;;1963-9-17;Sion;VS;Switzerland;;;0
9788;161;Felix;R¸egg;;1971-3-29;Glarus Nord;GL;Switzerland;;;0
9789;162;Michael;Martin;;1957-1-16;Bulle;FR;Switzerland;;;0
9790;163;Simon;Walker;;1972-12-13;Kˆniz;BE;Switzerland;;;0
9791;164;Samuel;Rey;;1972-6-29;Geneva;GE;Switzerland;;;0
9792;165;Nicola;Baumgartner;;1969-6-13;M¸nsingen;BE;Switzerland;;;0
9793;166;Kevin;Tobler;;1969-1-1;Winterthur;ZH;Switzerland;;;0
9794;167;Vincent;Martin;;1962-4-11;Lausanne;VD;Switzerland;;;0
9795;168;Keith;Beck;;1984-2-8;Seattle;WA;United States;;;0
9796;169;Jim;Kennedy;;1978-1-13;Amherst;NY;United States;;;0
9797;170;Michael;Ayton;;1969-2-8;Upland;PA;United States;;;0
9798;171;Liam;Musson;;1980-7-28;San Francisco;CA;United States;;;0
9799;172;Mark;Farris;;1958-9-8;Scio;NY;United States;;;0
9800;173;Don;Simmons;;1969-7-12;New York;NY;United States;;;0
9801;174;Geoffrey;Riggs;;1965-10-23;East Los Angeles;CA;United States;;;0
9802;175;Jim;Kelley;;1971-7-14;Enid;OK;United States;;;0
9803;176;Troy;Meggison;;1959-4-3;Delano;CA;United States;;;0
9804;177;Lloyd;LaBrie;;1968-4-5;Memphis;TN;United States;;;0
9805;178;Brian;McGarroll;;1965-5-27;Sterling;VA;United States;;;0
9806;179;Lee;Bennett;;1980-3-31;Midland;TX;United States;;;0
9807;180;Robby;Hegwood;;1957-10-27;Lemont;IL;United States;;;0
9808;181;Homer;Wadsworth;;1964-11-13;New York;NY;United States;;;0
9809;182;Gerard;Giffel;;1978-8-27;West Point;NY;United States;;;0
9810;183;Bill;Bevis;;1982-12-5;Huntingdon;PA;United States;;;0
9811;184;Jeremy;Williamson;;1955-4-10;West Des Moines;IA;United States;;;0
9812;185;Chris;Morrell;;1973-11-10;Lake Norman of Iredell;NC;United States;;;0
9813;186;Kayden;Jam;;1966-9-29;Littleton;NH;United States;;;0
9814;187;Brian;Maynor;;1974-11-1;Providence;NY;United States;;;0
9815;188;Jim;Emory;;1981-5-27;Cleveland;OH;United States;;;0
9816;189;Tom;Donleavy;;1961-4-26;Catasauqua;PA;United States;;;0
9817;190;Ronnie;Pridgen;;1967-2-13;Miami Gardens;FL;United States;;;0
9818;191;Cody;Honan;;1981-10-8;Orange;NJ;United States;;;0
9819;192;Aaron;Kroeger;;1960-11-14;Burton;SC;United States;;;0
9820;193;Terry;Whitbread;;1966-6-18;Santa Clarita;CA;United States;;;0
9821;194;Gerald;Mettrick;;1984-4-11;Brentwood;NY;United States;;;0
9822;195;Jes˙s;LÛpez;;1960-3-13;Santee;CA;United States;;;0
9823;196;Dale;Lapp;;1962-6-3;Monmouth Junction;NJ;United States;;;0
9824;197;John;Donahue;;1982-8-21;Tracy;CA;United States;;;0
9825;198;Dennis;Bennett;;1967-11-11;Long Beach;CA;United States;;;0
9826;199;Ben;Snow;;1956-4-2;Long View;NC;United States;;;0
9827;200;Eric;Brind;;1959-9-3;Catharine;NY;United States;;;0
9828;201;Kevin;Kline;;1965-1-12;Colton;CA;United States;;;0
9829;202;Elroy;Tillman;;1965-7-23;Amarillo;TX;United States;;;0
9830;203;Joseph;Turner;;1984-5-8;Santa Clara;CA;United States;;;0
9831;204;Adam;Harmon;;1964-4-21;Atlanta;GA;United States;;;0
9832;205;Ray;Johns;;1963-1-27;Charlotte;NC;United States;;;0
9833;206;Benjamin;Myers;;1959-1-3;Reynoldsburg;OH;United States;;;0
9834;207;Ed;Kielich;;1974-2-13;Warren;MI;United States;;;0
9835;208;Bernard;Sawyer;;1978-9-12;Grafton;WV;United States;;;0
9836;209;Adam;Landry;;1957-4-20;Bay St. Louis;MS;United States;;;0
9837;210;Dan;Branigan;;1976-1-16;New York;NY;United States;;;0
9838;212;Dave;LeBlanc;;1971-3-1;Fairfield;CA;United States;;;0
9839;213;Karl;Watkins;;1970-3-16;Amherst;NY;United States;;;0
9840;214;Steve;Pierce;;1982-4-8;Simi Valley;CA;United States;;;0
9841;215;Gerald;Hearnan;;1978-1-7;Loveland;CO;United States;;;0
9842;216;Ranveer;Singh;;1962-2-14;Stevenson Ranch;CA;United States;;;0
9843;217;Derek;Williamson;;1982-3-18;Elba;NY;United States;;;0
9844;218;Allen;Jefferson;;1975-5-1;Oak Grove;SC;United States;;;0
9845;219;Brian;Farr;;1980-2-2;Melfa;VA;United States;;;0
9846;220;Scott;Birmingham;;1981-2-21;Miramar;FL;United States;;;0
9847;222;Mike;Padgett;;1981-1-2;Staunton;VA;United States;;;0
9848;223;Arthur;Love;;1955-9-15;Cheney;KS;United States;;;0
9849;224;Frank;O'Mulholland;;1975-6-16;Northview;MI;United States;;;0
9850;225;Mark;Tolbert;;1959-6-29;Milford;DE;United States;;;0
9851;226;Ken;McNuir;;1962-10-28;Lexington;KY;United States;;;0
9852;227;Anthony;George;;1984-5-9;Leesburg;VA;United States;;;0
9853;228;Steffen;McKinlay;;1977-9-29;Redwood City;CA;United States;;;0
9854;229;Jason;Hunt;;1958-9-8;Union City;CA;United States;;;0
9855;230;Don;Delahyde;;1964-10-14;West Covina;CA;United States;;;0
9856;231;Grant;Croteau;;1983-2-28;Airdrie;AB;Canada;;;0
9857;233;Otis;McMillan;;1974-11-22;Newark;NJ;United States;;;0
9858;234;Brock;Proctor;;1984-5-26;New Westminster;BC;Canada;;;0
9859;235;Ipo;Likiliki;;1956-9-11;Pearl City;HI;United States;;;0
9860;236;Dalen;Kachur;;1967-7-27;Cape Breton Regional Municipality;NS;Canada;;;0
9861;237;D'Arcy;McKelvey;;1974-1-8;Winnipeg;MB;Canada;;;0
9862;241;David;Zane;;1969-1-5;Middlesex;NY;United States;;;0
9863;242;Benjamin;Cousineau;;1976-3-13;Brampton;ON;Canada;;;0
9864;243;Steven;Chvojka;;1976-11-24;Burlington;ON;Canada;;;0
9865;246;Tom;Westgate;;1981-10-30;Fishers;IN;United States;;;0
9866;247;David;Izyk;;1980-9-12;Greenville;WI;United States;;;0
9867;248;Mathis;Archambault;;1983-7-31;Montreal;QC;Canada;;;0
9868;250;Garnet;Cattani;;1975-7-20;Hamilton;ON;Canada;;;0
9869;254;Chris;Armstrong;;1971-9-1;Mississauga;ON;Canada;;;0
9870;256;Daryl;Nolan;;1982-2-16;Mission;BC;Canada;;;0
9871;259;Shane;Arnold;;1979-2-6;Lebanon;IN;United States;;;0
9872;262;Forest;Colan;;1967-12-31;Houston;TX;United States;;;0
9873;267;Blair;Davies;;1956-11-28;Winnipeg;MB;Canada;;;0
9874;271;Bobby;Mosley;;1958-4-30;Peoria;AZ;United States;;;0
9875;272;Tom;Brothers;;1982-5-17;Burnettown;SC;United States;;;0
9876;273;Ian;Mulder;;1978-8-29;Dunnville;ON;Canada;;;0
9877;274;Robert;Fitzgerald;;1976-6-7;New Glasgow;NS;Canada;;;0
9878;275;Justin;Veeck;;1972-6-25;Duluth;GA;United States;;;0
9879;276;Daniel;Pacheco;;1969-7-12;Coquitlam;BC;Canada;;;0
9880;277;Jeff;Cordell;;1955-9-1;Arlington;TX;United States;;;0
9881;278;Chris;Markley;;1970-12-16;Philipstown;NY;United States;;;0
9882;279;Steve;Dries;;1975-7-26;Warm Mineral Springs;FL;United States;;;0
9883;280;Chris;Bommersbach;;1981-8-14;Halifax;NS;Canada;;;0
9884;281;Ryan;Horvat;;1968-10-18;Toronto;ON;Canada;;;0
9885;282;Andrew;Wolf;;1975-11-12;Victoria;BC;Canada;;;0
9886;283;Tim;March;;1978-7-28;Toronto;ON;Canada;;;0
9887;284;Travis;Maggrah;;1969-8-24;Ottawa;ON;Canada;;;0
9888;285;Joshua;McIlvride;;1973-12-24;Halifax;NS;Canada;;;0
9889;286;Jade;Bell;;1972-3-10;Collingwood;ON;Canada;;;0
9890;287;Jeff;Pimblott;;1972-2-3;Thornhill;ON;Canada;;;0
9891;288;Branden;Rodney;;1956-2-24;Edwardsburgh/Cardinal;ON;Canada;;;0
9892;289;Tom;Weatherhead;;1962-6-7;Mount Olive Township;NJ;United States;;;0
9893;290;Eric;Duggleby;;1974-3-27;Oswego;NY;United States;;;0
9894;291;Vincent;Charest;;1968-3-15;Trois-RiviËres;QC;Canada;;;0
9895;293;Steven;McLean;;1968-7-1;Alexandria;VA;United States;;;0
9896;298;Ryan;Kelm;;1971-4-25;Cambridge;MA;United States;;;0
9897;299;Clifford;Cooke;;1964-1-7;Los Angeles;CA;United States;;;0
9898;301;Lloyd;MacErracher;;1965-2-6;Grand Junction;CO;United States;;;0
9899;310;Bob;Ayers;;1962-11-12;Reno;NV;United States;;;0
9900;312;Jorge;Vargas;;1966-3-28;Moira;NY;United States;;;0
9901;313;Roy;O'Brien;;1969-11-7;Pine Bluff;AR;United States;;;0
9902;315;Howard;Kain;;1980-1-2;Ozark;MO;United States;;;0
9903;316;Doug;Kendall;;1974-10-11;Paradise Valley;AZ;United States;;;0
9904;317;Tony;Pienitz;;1977-8-14;Fitchburg;WI;United States;;;0
9905;318;David;Crane;;1964-7-2;Chicago;IL;United States;;;0
9906;319;Chris;Lynch;;1955-4-23;New York;NY;United States;;;0
9907;320;Enrique;Huertas;;1976-4-10;San Antonio;TX;United States;;;0
9908;321;Brian;Beck;;1968-6-26;Albuquerque;NM;United States;;;0
9909;322;Justin;Montgomery;;1979-9-6;Houston;TX;United States;;;0
9910;323;Nolan;Worley;;1977-11-10;Aspen Hill;MD;United States;;;0
9911;324;Tucker;Clement;;1975-8-21;Linden;NJ;United States;;;0
9912;325;Jamal;Cornett;;1959-11-23;Amesbury;MA;United States;;;0
9913;326;Bob;O'Connor;;1963-5-20;Oceanside;CA;United States;;;0
9914;327;Justin;Starbuck;;1962-9-25;Vernon Hills;IL;United States;;;0
9915;328;Boyd;Glasser;;1956-8-29;Port Orange;FL;United States;;;0
9916;329;Andrew;Considine;;1955-12-16;Ocala;FL;United States;;;0
9917;330;Bruce;Wachter;;1960-2-13;Sierra Vista;AZ;United States;;;0
9918;331;Mike;Bather;;1955-5-3;Orem;UT;United States;;;0
9919;332;Victor;Sanders;;1963-7-4;New York;NY;United States;;;0
9920;333;Germ·n;Silva;;1957-6-8;San Diego;CA;United States;;;0
9921;334;Jeff;von Haeften;;1967-12-6;Wyoming;MI;United States;;;0
9922;335;Tom;Blanchette;;1975-9-13;Holbrook;AZ;United States;;;0
9923;336;Dave;Quinn;;1983-1-20;DuPont;WA;United States;;;0
9924;337;Bryan;Akers;;1966-8-6;Honaunau-Napo'opo'o;HI;United States;;;0
9925;338;Jiri;Danko;;1978-4-24;Pardubice;PAR;Czechia;;;0
9926;339;Tom·s;Rolecek;;1982-1-16;PÌsek;JIH;Czechia;;;0
9927;340;Roman;Kulhanek;;1969-9-18;Oslavany;JHM;Czechia;;;0
9928;341;Robin;Dolezal;;1958-12-24;Lanskroun;PAR;Czechia;;;0
9929;342;Ondrej;Dusek;;1973-1-19;Prague;PRA;Czechia;;;0
9930;343;Petr;Solta;;1964-5-1;Brno;JHM;Czechia;;;0
9931;344;Tom·s;Kratochvil;;1984-4-10;Trutnov;KRA;Czechia;;;0
9932;345;Milan;Kral;;1974-6-18;⁄stÌ nad Labem;UST;Czechia;;;0
9933;346;Jaroslav;Kopecny;;1973-1-30;Trinec;MOR;Czechia;;;0
9934;348;Slawa;Sobolewski;;1977-2-17;Fr˝dlant nad OstravicÌ;MOR;Czechia;;;0
9935;349;Tom·s;Cureja;;1962-3-31;Ostrava;MOR;Czechia;;;0
9936;350;Jan;Musil;;1975-10-25;Beroun;STR;Czechia;;;0
9937;351;Michal;Rudolf;;1971-8-25;Ostrava;MOR;Czechia;;;0
9938;352;Ryan;Voakes;;1961-9-17;Langley;BC;Canada;;;0
9939;353;Michael;Herle;;1955-11-26;Mississauga;ON;Canada;;;0
9940;354;Cody;Dyck;;1981-3-5;Toronto;ON;Canada;;;0
9941;355;Jon;Halwas;;1974-6-9;Toronto;ON;Canada;;;0
9942;356;Kyle;Brown;;1955-7-2;LaSalle;ON;Canada;;;0
9943;357;Kelsey;Rai;;1979-7-22;Hamilton;ON;Canada;;;0
9944;358;Edgar;Martin;;1964-2-19;Calgary;AB;Canada;;;0
9945;359;Luca;Manenti;;1966-10-7;Salaberry-de-Valleyfield;QC;Canada;;;0
9946;360;Devon;Waddell;;1970-2-1;Whitby;ON;Canada;;;0
9947;361;Jared;Courchene;;1980-5-18;Windsor;ON;Canada;;;0
9948;362;Edgar;Domenichelli;;1962-10-26;London;ON;Canada;;;0
9949;363;Matt;Shires;;1981-9-1;Markham;ON;Canada;;;0
9950;364;Andrew;Sandlak;;1957-2-14;Toronto;ON;Canada;;;0
9951;365;Yannick;VÈzina;;1958-5-11;Montreal;QC;Canada;;;0
9952;366;Jason;MacIntosh;;1971-5-1;Sault Ste. Marie;ON;Canada;;;0
9953;367;Brad;Bowles;;1966-11-10;Thunder Bay;ON;Canada;;;0
9954;368;Luke;Boaz;;1956-8-10;Brampton;ON;Canada;;;0
9955;369;Alex;Hiebert;;1983-3-10;Abbotsford;BC;Canada;;;0
9956;370;Lucas;Koughan;;1965-9-18;Waterloo;ON;Canada;;;0
9957;371;Carl-Philippe;Brodeur;;1956-3-19;Gatineau;QC;Canada;;;0
9958;372;Brad;Jambrosich;;1976-1-30;Ottawa;ON;Canada;;;0
9959;373;Ryan;Fiddler;;1969-10-7;Windsor;ON;Canada;;;0
9960;374;Riley;Collings;;1981-7-2;Fredericton;NB;Canada;;;0
9961;375;Richard;Goodrow;;1966-8-20;Prince Albert;SK;Canada;;;0
9962;376;Lee;Spylo;;1982-3-3;Edmonton;AB;Canada;;;0
9963;377;Gabriel;Arsenault;;1972-2-3;Montmagny;QC;Canada;;;0
9964;378;Jaden;Munz;;1977-8-21;Calgary;AB;Canada;;;0
9965;379;Dylan;Olsen;;1967-5-1;Toronto;ON;Canada;;;0
9966;380;Danny;Winkelaar;;1970-1-26;Richmond Hill;ON;Canada;;;0
9967;381;Taylor;Gilmore;;1976-9-12;Fort Langley;BC;Canada;;;0
9968;382;Mark;Melancon;;1982-8-26;Halton Hills;ON;Canada;;;0
9969;383;Marc-AndrÈ;Lamontagne;;1973-3-24;Quebec City;QC;Canada;;;0
9970;384;Shawn;Scott;;1972-9-24;Toronto;ON;Canada;;;0
9971;385;Dylan;LegarÈ;;1982-10-8;Montreal;QC;Canada;;;0
9972;386;Pierre-Alexandre;Truchon;;1977-5-3;Drummondville;QC;Canada;;;0
9973;-1;Richard;Commish;The Bossman;1995-6-28;Calgary;AB;Canada;;;0
9974;-1;GM;Average;;1995-6-28;;;Canada;;;0
9975;12;Isikeli;Miki;;1965-5-31;Honolulu;HI;United States;;;0
9976;387;Dan;Phillips;;1965-2-12;Dallas;TX;United States;;;0
9977;387;Christian;Guyer;;1978-2-12;Waimea (Kauai County);HI;United States;;;0
9978;387;Tom;Small;;1971-12-26;Detroit;MI;United States;;;0
9979;387;Daniel;Halwas;;1983-5-21;Surrey;BC;United States;;;0
9980;387;Russ;Petersen;;1958-4-25;Greenwich;CT;United States;;;0
9981;387;Leon;McKenzie;;1959-11-18;Albany;GA;United States;;;0
9982;387;Kevin;McClain;;1981-6-14;Jackson;MI;United States;;;0
9983;387;Hilton;Sanford;;1979-2-28;Chattanooga;TN;United States;;;0
9984;387;Gerard;Bingham;;1981-8-15;Redondo Beach;CA;United States;;;0
9985;387;Howard;Cochran;;1982-4-26;Imperial-Enlow;PA;United States;;;0
9986;387;Jonathan;Oliver;;1959-3-5;Antioch;CA;United States;;;0
9987;387;Francis;Sloan;;1966-8-15;Upper Grand Lagoon;FL;United States;;;0
9988;387;Norbert;Spode;;1962-1-23;Craigsville;WV;United States;;;0
9989;387;Lee;Thornton;;1973-2-15;San Mateo;CA;United States;;;0
9990;388;Steven;Starr;;1963-11-8;Rapids City;IL;United States;;;0
9991;388;Paul;Frazier;;1982-2-18;Allouez;WI;United States;;;0
9992;388;Michael;Chapie;;1982-9-20;Littleton;NH;United States;;;0
9993;388;Brent;Parkinson;;1958-5-24;Waterloo;NY;United States;;;0
9994;388;Frank;Powell;;1962-2-11;Des Plaines;IL;United States;;;0
9995;388;Victor;Petersen;;1970-2-12;Huntington;NY;United States;;;0
9996;388;Sean;Everson;;1960-8-30;Rochester;NY;United States;;;0
9997;388;Keith;Sherman;;1956-2-15;Sacramento;CA;United States;;;0
9998;388;Craig;Footitt;;1970-5-6;Gilbert;AZ;United States;;;0
9999;388;Edwin;Gott;;1979-6-1;Chicago;IL;United States;;;0
10000;388;Luigi;Thiessen;;1974-9-3;Hamilton;ON;United States;;;0
10001;388;Bob;Ravenscroft;;1978-5-19;Bull Valley;IL;United States;;;0
10002;388;Guillaume;Chevalier;;1984-8-26;Reno;NV;United States;;;0
10003;388;Rudy;Mueller;;1969-10-16;Los Angeles;CA;United States;;;0
