Game Id;Date Year;Date Month;Date Day;Arena;Attendance;Team Home;Team Away;Score Home;Score Away;Score Home P1;Score Home P2;Score Home P3;Score Home OT;Score Home SO;Score Away P1;Score Away P2;Score Away P3;Score Away OT;Score Away SO;Star 1;Star 2;Star 3;Shots Home;Shots Away;PIM Home;PIM Away;Hits Home;Hits Away;GA Home;GA Away;TA Home;TA Away;FOW Home;FOW Away;SOG Home P1;SOG Home P2;SOG Home P3;SOG Home OT;SOG Away P1;SOG Away P2;SOG Away P3;SOG Away OT;PPG Home;PPO Home;PPG Away;PPO Away;Type;SQ0 Home;SQ1 Home;SQ2 Home;SQ3 Home;SQ4 Home;SQ0 Away;SQ1 Away;SQ2 Away;SQ3 Away;SQ4 Away
112;2001;10;3;Scotiabank Saddledome;16843;19;23;3;1;1;1;1;0;0;0;1;0;0;0;13503;13510;13031;49;44;16;22;20;26;7;7;18;15;36;21;12;11;7;0;8;6;5;0;1;12;0;9;Regular Season;2;25;18;3;1;8;24;3;4;5
113;2001;10;3;Pittsburgh Civic Arena;16940;15;25;4;1;1;2;1;0;0;0;0;1;0;0;14529;181;1225;51;51;30;18;26;27;12;9;9;17;25;28;6;12;8;0;15;5;13;0;0;4;1;6;Regular Season;11;16;13;3;8;9;14;13;11;4
114;2001;10;3;Air Canada Centre;17347;3;216;3;1;1;1;1;0;0;1;0;0;0;0;1795;13113;402;46;44;2;4;38;20;5;6;10;9;10;22;7;7;8;0;11;5;7;0;0;2;0;1;Regular Season;17;11;11;4;3;11;15;7;9;2
115;2001;10;4;TD Garden;15820;5;220;4;2;1;1;2;0;0;1;1;0;0;0;12552;12034;1736;47;38;15;11;22;34;8;15;9;12;22;21;5;7;11;0;11;8;6;0;1;3;0;0;Regular Season;8;20;12;6;1;6;11;5;9;7
116;2001;10;4;KeyBank Center;19070;17;227;2;4;0;0;2;0;0;1;1;2;0;0;1834;353;1802;44;45;13;15;17;22;11;5;9;11;27;28;8;11;12;0;8;10;5;0;0;5;1;5;Regular Season;5;19;11;5;4;8;19;11;4;3
117;2001;10;4;Nationwide Arena;15275;229;16;4;3;1;0;3;0;0;1;2;0;0;0;881;12544;651;45;58;22;34;16;18;12;9;13;15;27;32;5;6;13;0;18;14;7;0;1;7;0;6;Regular Season;9;18;10;7;1;4;16;16;15;7
118;2001;10;4;Staples Center;13837;11;26;3;5;0;2;1;0;0;0;1;4;0;0;14575;1790;13527;40;56;6;8;27;22;12;10;15;4;17;28;4;7;9;0;6;8;10;0;1;3;1;3;Regular Season;10;15;8;5;2;8;22;10;11;5
119;2001;10;4;Canadian Tire Centre;20510;216;0;3;5;2;0;1;0;0;1;2;2;0;0;14041;15592;1635;64;78;16;16;18;20;15;3;6;10;32;22;13;8;10;0;16;22;17;0;0;8;1;8;Regular Season;18;22;16;5;3;12;23;15;22;6
120;2001;10;4;Wells Fargo Center;20327;14;221;4;1;2;1;1;0;0;0;1;0;0;0;14500;1472;13605;42;38;10;10;20;15;11;15;10;12;31;16;11;10;7;0;9;11;8;0;1;5;0;6;Regular Season;6;17;13;3;3;5;14;7;8;4
121;2001;10;4;SAP Center;13622;214;9;2;1;0;1;1;0;0;0;1;0;0;0;1445;588;217;42;38;12;12;31;31;10;7;5;10;20;25;5;9;10;0;6;10;3;0;2;6;0;6;Regular Season;7;16;11;5;3;10;16;6;4;2
122;2001;10;4;Rogers Arena;15166;18;8;3;0;1;0;2;0;0;0;0;0;0;0;1879;985;13626;62;56;8;8;18;22;10;11;6;11;24;22;16;10;9;0;9;14;10;0;0;4;0;4;Regular Season;13;18;20;9;2;11;22;6;10;7
123;2001;10;5;PNC Arena;14253;24;10;1;6;0;1;0;0;0;0;5;1;0;0;14130;1210;665;36;41;8;10;23;17;10;9;10;7;21;24;8;8;4;0;3;12;10;0;1;5;0;4;Regular Season;4;18;10;3;1;9;10;9;10;3
124;2001;10;5;American Airlines Center;10032;12;224;4;3;1;3;0;0;0;3;0;0;0;0;914;13526;14994;38;63;12;8;41;39;12;15;6;21;25;18;11;6;4;0;11;10;10;0;1;4;1;5;Regular Season;11;10;16;1;0;11;25;13;8;6
125;2001;10;5;Amalie Arena;15419;217;20;0;4;0;0;0;0;0;0;3;1;0;0;12425;15011;15012;38;47;18;28;18;7;13;8;11;10;16;22;9;6;3;0;10;11;6;0;0;4;1;4;Regular Season;11;15;6;2;4;7;14;12;5;9
126;2001;10;6;TD Garden;17367;5;227;2;1;0;1;1;0;0;0;1;0;0;0;1736;13075;16040;48;44;18;18;16;20;11;11;11;11;21;22;4;17;8;0;8;5;8;0;0;4;0;4;Regular Season;8;16;11;6;7;15;20;2;5;2
127;2001;10;6;KeyBank Center;19070;17;216;5;3;1;2;2;0;0;2;0;1;0;0;1240;13103;13072;57;51;10;8;30;19;7;4;7;10;28;28;12;12;13;0;12;3;14;0;2;4;2;5;Regular Season;9;25;11;6;6;11;18;10;9;3
128;2001;10;6;Scotiabank Saddledome;14954;19;8;1;1;0;1;0;0;0;1;0;0;0;0;1875;12076;28;65;47;9;21;22;22;9;15;10;11;18;22;8;9;12;5;5;6;7;2;0;9;0;2;Regular Season;13;29;12;4;7;14;17;5;7;4
129;2001;10;6;Rexall Place;16839;23;26;3;1;2;0;1;0;0;1;0;0;0;0;1292;13102;507;54;57;15;29;17;15;6;10;12;9;19;25;14;16;7;0;13;10;3;0;2;7;0;5;Regular Season;6;21;15;9;3;11;23;6;10;7
130;2001;10;6;BB&T Center;11861;221;20;1;2;0;0;1;0;0;1;0;1;0;0;15012;12549;955;43;43;14;10;22;12;16;17;13;8;19;32;6;13;10;0;5;6;10;0;1;5;2;7;Regular Season;6;12;17;2;6;7;15;9;8;4
131;2001;10;6;Bell Centre;21273;0;3;2;3;0;1;1;0;0;2;0;1;0;0;611;14094;14603;58;64;23;9;25;18;9;13;12;8;23;25;10;14;17;0;8;11;8;0;0;2;2;4;Regular Season;8;18;18;10;4;19;17;10;10;8
132;2001;10;6;Bridgestone Arena;11737;224;16;3;2;2;0;1;0;0;1;0;1;0;0;12994;15024;14974;45;48;18;16;21;32;9;14;9;12;28;21;9;9;9;0;9;4;9;0;0;3;0;4;Regular Season;7;20;12;3;3;10;13;14;9;2
133;2001;10;6;Wells Fargo Center;19853;14;229;5;1;2;1;2;0;0;1;0;0;0;0;14500;246;1472;46;64;11;11;27;28;16;6;8;17;21;20;6;8;9;0;13;13;9;0;0;3;0;3;Regular Season;10;21;8;2;5;11;23;14;9;7
134;2001;10;6;Pittsburgh Civic Arena;16940;15;220;2;1;2;0;0;0;0;1;0;0;0;0;1869;11994;15053;48;51;8;14;27;31;11;10;11;10;33;17;12;13;7;0;10;6;13;0;0;7;0;4;Regular Season;7;18;16;6;1;11;22;8;3;7
135;2001;10;6;SAP Center;13310;214;230;6;3;1;0;5;0;0;1;2;0;0;0;12776;16099;14148;59;49;23;15;35;29;11;6;9;6;24;28;11;11;12;0;12;7;6;0;1;5;0;5;Regular Season;9;22;14;11;3;9;18;10;7;5
136;2001;10;6;Rogers Arena;16199;18;9;1;2;0;1;0;0;0;0;1;0;1;0;14988;1448;556;61;51;4;4;32;27;11;12;8;15;17;22;10;14;8;1;6;8;5;4;0;2;1;2;Regular Season;9;32;11;6;3;12;21;3;9;6
137;2001;10;6;Verizon Center;12460;22;21;5;4;1;1;2;1;0;1;2;1;0;0;1497;12030;12455;60;51;13;9;25;28;6;9;14;7;25;26;5;9;8;3;9;12;8;1;0;2;0;4;Regular Season;17;25;15;3;0;12;11;15;6;7
138;2001;10;7;PNC Arena;12492;24;12;5;3;0;2;3;0;0;0;2;1;0;0;14033;5;1711;51;46;22;24;21;20;5;14;12;10;28;23;5;12;16;0;5;8;7;0;2;7;0;6;Regular Season;11;13;13;10;4;14;10;8;10;4
139;2001;10;7;Staples Center;14955;11;230;4;1;1;1;2;0;0;0;1;0;0;0;989;908;13099;48;40;8;8;42;27;12;14;6;9;24;19;12;13;8;0;3;4;4;0;0;4;0;4;Regular Season;7;14;14;8;5;9;16;3;11;1
140;2001;10;7;Madison Square Garden;14996;10;17;4;2;0;2;2;0;0;0;1;1;0;0;338;1641;1274;45;48;15;19;23;29;5;18;9;10;19;26;6;9;9;0;9;7;14;0;1;7;0;5;Regular Season;11;14;11;8;1;5;15;18;5;5
141;2001;10;7;Amalie Arena;15439;217;221;7;4;3;1;3;0;0;2;2;0;0;0;12067;1842;13002;50;57;8;12;28;35;9;11;10;15;37;21;13;14;11;0;13;13;5;0;2;6;0;4;Regular Season;4;19;7;15;5;16;20;10;9;2
142;2001;10;8;TD Garden;15660;5;22;4;3;0;3;1;0;0;1;0;2;0;0;15054;12455;698;54;58;4;2;19;21;12;12;6;7;20;22;8;10;10;0;8;8;14;0;0;1;0;2;Regular Season;14;24;12;1;3;11;17;11;10;9
143;2001;10;8;Nationwide Arena;15113;229;14;4;1;2;1;1;0;0;0;1;0;0;0;1416;12412;651;59;55;15;13;32;27;9;17;13;17;20;24;9;12;12;0;7;13;8;0;0;5;0;5;Regular Season;12;16;15;10;6;17;17;8;10;3
144;2001;10;8;Scotiabank Saddledome;13627;19;26;5;2;3;1;1;0;0;1;0;1;0;0;6;1175;28;48;55;17;19;19;16;10;10;12;7;22;14;12;9;7;0;9;11;5;0;1;2;0;1;Regular Season;8;23;13;2;2;18;14;6;9;8
145;2001;10;8;Air Canada Centre;15625;3;220;4;1;0;2;2;0;0;0;1;0;0;0;13796;14603;14599;54;64;37;27;22;23;12;8;7;15;21;27;7;10;8;0;6;20;14;0;0;6;0;6;Regular Season;14;17;13;6;4;9;17;13;13;12
146;2001;10;9;PNC Arena;12652;24;216;3;1;2;0;1;0;0;0;0;1;0;0;1711;13081;13033;46;38;6;8;27;18;6;6;10;7;21;25;9;8;7;0;8;7;9;0;1;4;1;3;Regular Season;13;14;11;8;0;7;13;12;4;2
147;2001;10;9;Pepsi Center;9839;25;18;1;3;0;0;1;0;0;2;0;1;0;0;1059;12042;1448;59;41;22;26;23;13;16;11;11;6;30;20;10;12;11;0;4;6;7;0;0;3;0;5;Regular Season;15;16;14;9;5;7;19;8;4;3
148;2001;10;9;American Airlines Center;9861;12;11;4;3;3;0;1;0;0;1;1;1;0;0;5;1108;14622;56;55;27;25;27;22;9;8;11;10;30;28;11;8;13;0;7;11;11;0;2;5;1;6;Regular Season;10;23;11;6;6;10;24;12;7;2
149;2001;10;9;Rexall Place;16839;23;8;5;1;1;4;0;0;0;0;0;1;0;0;1251;12001;1292;44;27;10;10;20;19;11;17;13;15;23;26;14;12;1;0;1;12;3;0;0;5;0;5;Regular Season;7;14;14;7;2;3;10;11;1;2
150;2001;10;9;Bell Centre;21273;0;220;7;0;3;1;3;0;0;0;0;0;0;0;14146;1810;12411;49;29;12;16;25;28;9;4;10;11;20;16;16;15;8;0;7;7;6;0;3;3;0;1;Regular Season;4;13;13;13;6;1;10;8;7;3
151;2001;10;10;KeyBank Center;18770;17;14;5;1;2;2;1;0;0;0;0;1;0;0;12053;14055;762;51;46;6;6;18;18;5;6;7;5;24;20;12;12;10;0;12;10;8;0;1;3;0;4;Regular Season;8;14;12;12;5;6;16;9;11;4
152;2001;10;10;Joe Louis Arena;20066;9;19;3;2;1;0;2;0;0;0;1;1;0;0;12516;13503;14988;41;41;6;8;22;14;6;8;7;11;20;25;8;5;6;0;11;15;10;0;1;4;1;3;Regular Season;12;19;3;5;2;1;16;11;9;4
153;2001;10;10;BB&T Center;11534;221;216;3;4;2;1;0;0;0;1;3;0;0;0;13113;11997;12397;48;50;4;6;30;21;14;14;8;5;18;28;7;12;9;0;10;19;6;0;1;3;2;2;Regular Season;6;19;15;6;2;6;18;8;10;8
154;2001;10;10;Xcel Energy Center;17317;230;5;5;0;1;3;1;0;0;0;0;0;0;0;1598;12040;146;45;42;10;10;28;17;8;11;1;7;26;16;10;12;4;0;9;4;4;0;1;5;0;5;Regular Season;5;17;17;5;1;9;16;13;2;2
155;2001;10;10;Madison Square Garden;14860;10;22;3;1;1;1;1;0;0;1;0;0;0;0;14591;2491;13021;39;44;12;14;16;24;7;8;14;14;22;23;3;6;8;0;12;13;5;0;1;8;0;6;Regular Season;7;17;9;5;1;8;14;8;6;8
156;2001;10;10;Pittsburgh Civic Arena;16940;15;20;4;2;0;0;4;0;0;0;2;0;0;0;13627;12488;1869;47;48;17;21;24;18;12;13;14;11;34;24;9;8;13;0;3;13;5;0;3;8;0;6;Regular Season;4;22;13;6;2;15;13;10;4;6
157;2001;10;11;PNC Arena;12129;24;3;2;0;0;0;2;0;0;0;0;0;0;0;13579;402;13537;53;50;28;24;28;25;8;11;19;8;24;19;7;10;19;0;8;6;11;0;0;7;0;4;Regular Season;7;18;14;8;6;18;13;11;5;3
158;2001;10;11;United Center;19000;8;26;5;3;1;1;3;0;0;1;2;0;0;0;13063;331;13034;58;59;15;5;16;14;14;6;12;11;22;27;6;15;9;0;12;13;9;0;0;0;1;5;Regular Season;9;22;19;4;4;11;16;6;17;9
159;2001;10;11;American Airlines Center;10247;12;18;4;0;0;4;0;0;0;0;0;0;0;0;14622;14133;14514;50;38;9;15;25;19;6;9;7;7;23;16;9;11;6;0;5;8;4;0;1;5;0;2;Regular Season;10;22;6;10;2;11;9;9;5;4
160;2001;10;11;Rexall Place;16839;23;25;2;2;1;1;0;0;0;0;1;1;0;0;1528;55;1292;62;70;7;15;23;26;14;9;8;7;25;29;6;17;7;2;12;9;9;10;0;5;0;1;Regular Season;9;27;15;3;8;13;19;15;14;9
161;2001;10;11;Brendan Byrne Arena;17229;21;20;0;4;0;0;0;0;0;2;1;1;0;0;12508;1391;15011;40;51;18;14;25;22;12;6;13;10;19;20;6;10;2;0;15;8;4;0;0;2;1;4;Regular Season;13;12;12;3;0;10;15;9;12;5
162;2001;10;11;Bridgestone Arena;13376;224;19;2;6;0;2;0;0;0;1;3;2;0;0;14112;1875;6;49;53;10;10;20;17;15;13;9;11;32;22;7;11;12;0;11;16;5;0;0;5;2;5;Regular Season;10;21;14;4;0;8;19;13;8;5
163;2001;10;11;SAP Center;14143;214;217;2;4;1;0;1;0;0;1;2;1;0;0;12996;1389;648;56;62;34;32;21;15;14;13;9;10;28;31;8;6;16;0;11;14;6;0;0;6;1;7;Regular Season;18;18;15;3;2;13;22;11;9;7
164;2001;10;11;Scottrade Center;14477;16;11;4;4;2;2;0;0;0;2;1;1;0;0;13588;694;13037;60;60;15;19;25;35;12;10;10;9;34;25;8;8;10;5;11;14;9;2;1;6;1;5;Regular Season;16;18;15;10;1;7;24;17;9;3
165;2001;10;12;Nationwide Arena;17188;229;0;3;6;0;2;1;0;0;2;2;2;0;0;14146;12411;13069;55;58;4;10;20;19;8;9;13;7;22;26;10;15;4;0;15;10;7;0;0;5;0;2;Regular Season;8;20;20;2;5;10;17;12;13;6
166;2001;10;12;Joe Louis Arena;20066;9;17;3;1;1;0;2;0;0;0;0;1;0;0;14299;762;588;37;49;17;17;20;15;8;9;8;7;27;28;9;4;9;0;12;8;10;0;0;6;0;6;Regular Season;10;12;6;7;2;11;18;9;8;3
167;2001;10;12;Honda Center;12159;220;22;3;1;2;1;0;0;0;0;1;0;0;0;11994;14138;1588;43;50;26;28;27;20;3;6;10;25;27;21;14;8;6;0;7;11;12;0;3;9;0;8;Regular Season;10;14;12;6;1;9;19;7;9;6
168;2001;10;12;Xcel Energy Center;17909;230;8;3;5;1;1;1;0;0;2;2;1;0;0;1864;1584;13034;56;65;53;45;24;24;13;9;10;9;29;29;8;12;11;0;14;13;12;0;2;10;1;9;Regular Season;10;19;17;6;4;5;21;25;9;5
169;2001;10;13;Philips Arena;18545;227;24;1;2;0;0;1;0;0;1;1;0;0;0;14511;14562;13579;28;38;20;16;15;16;5;7;10;8;22;16;3;6;6;0;10;13;7;0;0;3;0;5;Regular Season;3;11;7;7;0;4;9;13;7;5
170;2001;10;13;American Airlines Center;10786;12;19;3;5;1;1;1;0;0;0;2;3;0;0;14112;5;13503;62;55;15;13;22;14;9;7;4;15;31;28;11;10;11;0;6;13;16;0;0;5;1;5;Regular Season;17;17;19;5;4;9;21;14;7;4
171;2001;10;13;BB&T Center;11620;221;14;3;7;0;2;1;0;0;0;4;3;0;0;13523;1472;966;37;52;10;4;31;21;13;7;18;12;16;25;4;7;5;0;12;14;7;0;0;2;1;5;Regular Season;10;15;5;6;1;8;15;5;16;8
172;2001;10;13;Staples Center;15515;11;217;5;1;2;1;2;0;0;0;1;0;0;0;12427;1801;12551;59;38;12;18;29;20;6;18;7;14;25;30;14;15;12;0;9;3;3;0;2;4;0;2;Regular Season;4;28;16;3;8;13;16;3;5;1
173;2001;10;13;Bell Centre;21273;0;21;12;1;7;3;2;0;0;1;0;0;0;0;14041;1635;1810;65;37;11;17;19;14;7;9;10;9;29;14;21;18;10;0;4;5;7;0;1;6;0;3;Regular Season;5;21;9;18;12;7;13;11;4;2
174;2001;10;13;Bridgestone Arena;12925;224;23;4;3;1;2;1;0;0;1;2;0;0;0;15476;1292;1457;36;55;25;17;16;17;6;10;11;13;28;26;6;9;6;0;16;10;12;0;0;1;2;10;Regular Season;7;16;11;1;1;4;20;10;18;3
175;2001;10;13;Nassau Veterans Memorial Coliseum;15472;20;9;0;3;0;0;0;0;0;0;1;2;0;0;12524;15506;14990;40;50;29;19;17;19;15;7;5;11;18;22;9;6;15;0;11;9;10;0;0;2;0;2;Regular Season;6;13;11;5;5;12;14;14;8;2
176;2001;10;13;Canadian Tire Centre;20510;216;10;5;1;1;3;1;0;0;1;0;0;0;0;375;13516;13081;47;43;4;10;25;13;8;9;12;12;16;16;11;18;7;0;10;1;4;0;1;5;0;2;Regular Season;0;20;13;8;6;17;13;8;2;3
177;2001;10;13;America West Arena;11813;26;22;2;3;1;0;1;0;0;0;1;2;0;0;13525;15549;15104;49;59;10;14;14;18;9;9;10;13;25;19;11;7;13;0;6;16;12;0;1;7;0;5;Regular Season;8;17;14;8;2;11;20;10;8;10
178;2001;10;13;SAP Center;13774;214;5;6;2;2;3;1;0;0;2;0;0;0;0;1667;14565;14065;56;35;21;33;22;12;12;12;14;10;24;19;16;12;8;0;5;6;7;0;0;5;0;3;Regular Season;5;23;17;9;2;10;12;4;5;4
179;2001;10;13;Air Canada Centre;16172;3;16;0;3;0;0;0;0;0;0;2;1;0;0;13264;15024;14965;50;45;21;23;16;12;14;13;11;8;22;26;10;12;5;0;11;9;5;0;0;4;0;3;Regular Season;9;11;20;6;4;9;14;8;11;3
180;2001;10;13;Rogers Arena;15712;18;25;3;2;1;2;0;0;0;2;0;0;0;0;12993;12523;985;59;47;8;10;13;21;6;12;9;6;27;20;10;13;8;0;6;9;4;0;0;5;1;4;Regular Season;9;28;16;4;2;13;15;12;7;0
181;2001;10;14;KeyBank Center;19070;17;15;2;4;0;2;0;0;0;2;1;1;0;0;1869;12053;15053;61;44;10;12;19;12;13;8;7;6;25;26;13;17;6;0;9;7;14;0;1;6;0;5;Regular Season;6;25;15;8;7;7;11;9;13;4
182;2001;10;14;United Center;20059;8;229;3;8;1;2;0;0;0;1;1;6;0;0;16001;13408;12025;39;69;19;13;15;19;8;11;10;8;33;29;9;8;6;0;6;19;13;0;0;4;2;7;Regular Season;5;19;11;3;1;15;15;18;14;7
183;2001;10;14;Honda Center;11173;220;217;5;3;1;1;3;0;0;0;3;0;0;0;867;980;342;58;53;15;11;30;15;8;15;13;11;26;24;11;10;18;0;5;16;8;0;0;3;0;5;Regular Season;10;25;10;7;6;14;16;8;11;4
184;2001;10;14;Xcel Energy Center;18135;230;23;1;6;0;0;1;0;0;1;4;1;0;0;1528;1737;13615;53;43;42;24;18;17;8;7;16;8;35;17;11;12;14;0;13;8;5;0;1;7;2;6;Regular Season;8;21;13;9;2;10;13;5;10;5
185;2001;10;15;Bell Centre;21273;0;10;4;2;1;2;1;0;0;1;0;1;0;0;12036;13127;14041;57;55;26;16;26;15;12;9;6;13;28;25;8;15;18;0;5;9;9;0;0;3;0;3;Regular Season;4;27;13;11;2;12;17;12;7;7
186;2001;10;16;Philips Arena;16830;227;14;0;4;0;0;0;0;0;1;3;0;0;0;13523;1472;12467;28;55;26;12;21;22;6;6;10;8;15;20;2;3;1;0;9;17;9;0;0;1;0;3;Regular Season;11;11;3;3;0;6;14;10;18;7
187;2001;10;16;KeyBank Center;19070;17;224;4;2;1;1;2;0;0;2;0;0;0;0;14055;15525;12053;62;55;8;10;33;25;12;8;13;17;26;23;11;15;7;0;15;9;10;0;2;5;1;4;Regular Season;14;18;13;10;7;4;20;9;11;11
188;2001;10;16;Pepsi Center;10293;25;217;5;5;2;1;2;0;0;2;1;2;0;0;1409;1169;951;61;59;27;15;37;12;13;9;21;17;36;31;14;15;12;1;7;10;14;4;1;5;0;6;Regular Season;5;22;19;9;6;9;23;8;13;6
189;2001;10;16;Joe Louis Arena;18222;9;229;3;3;0;1;2;0;0;0;0;3;0;0;14299;1416;588;56;63;8;6;16;18;10;15;5;7;32;21;7;9;9;4;9;7;12;2;0;3;0;4;Regular Season;13;20;12;7;4;17;21;10;8;7
190;2001;10;16;Rexall Place;16828;23;3;6;3;2;1;3;0;0;2;0;1;0;0;1292;14544;13510;56;56;9;15;25;16;11;4;14;9;25;21;11;15;12;0;8;7;4;0;3;5;0;2;Regular Season;8;24;15;5;4;16;22;7;6;5
191;2001;10;16;Staples Center;16407;11;22;7;3;3;3;1;0;0;0;2;1;0;0;989;13099;908;40;40;13;19;29;16;6;6;8;12;21;21;6;16;3;0;4;7;8;0;1;3;1;5;Regular Season;10;13;10;4;3;7;10;9;8;6
192;2001;10;16;Xcel Energy Center;17936;230;214;2;2;1;0;1;0;0;0;2;0;0;0;13084;12991;12440;55;56;25;33;27;30;6;11;14;11;23;28;11;8;11;0;5;15;9;4;0;4;0;6;Regular Season;10;24;13;6;2;8;20;16;7;5
193;2001;10;16;America West Arena;11422;26;5;0;3;0;0;0;0;0;1;2;0;0;0;1508;13507;12475;33;48;6;4;20;16;14;11;13;8;12;18;5;6;8;0;13;8;7;0;0;2;1;3;Regular Season;4;11;12;5;1;8;15;9;10;6
194;2001;10;16;Pittsburgh Civic Arena;16940;15;216;0;7;0;0;0;0;0;2;3;2;0;0;1872;13113;12090;41;50;6;8;16;18;9;7;12;9;13;21;4;11;8;0;16;9;9;0;0;4;0;3;Regular Season;10;14;5;7;5;9;19;11;6;5
195;2001;10;16;Rogers Arena;14745;18;221;4;1;2;2;0;0;0;0;0;1;0;0;134;12543;13061;39;27;19;13;20;27;7;10;7;6;27;19;14;5;10;0;3;7;5;0;0;4;0;2;Regular Season;6;10;16;4;3;6;6;7;2;6
196;2001;10;17;PNC Arena;14380;24;20;2;3;2;0;0;0;0;2;0;0;1;0;15011;13007;509;50;59;15;13;19;20;6;10;12;10;27;19;7;14;8;6;14;7;12;4;0;4;1;5;Regular Season;8;15;14;5;8;10;19;11;15;4
197;2001;10;17;Honda Center;12303;220;5;2;3;0;1;1;0;0;2;0;1;0;0;15054;12137;12077;65;45;6;4;26;6;11;15;9;9;27;26;13;16;13;0;16;7;6;0;0;2;1;3;Regular Season;11;31;13;3;7;6;18;10;7;4
198;2001;10;17;Madison Square Garden;15150;10;21;1;5;1;0;0;0;0;1;1;3;0;0;12405;12074;12017;42;66;33;32;21;19;10;14;15;14;23;28;6;11;5;0;17;16;16;0;0;6;2;9;Regular Season;11;15;7;7;2;4;29;16;9;8
199;2001;10;17;Scottrade Center;12193;16;12;1;4;0;0;1;0;0;1;2;1;0;0;5;15087;12540;49;42;10;12;28;23;5;6;7;6;24;29;9;5;13;0;6;9;8;0;0;6;2;6;Regular Season;12;17;12;5;3;7;8;12;7;8
200;2001;10;18;Scotiabank Saddledome;13194;19;221;1;3;0;1;0;0;0;1;1;1;0;0;12549;1258;13014;46;48;10;12;27;22;14;11;18;11;19;23;11;9;12;0;3;13;5;0;0;6;1;5;Regular Season;3;17;16;6;4;16;15;8;7;2
201;2001;10;18;Pepsi Center;10148;25;23;3;6;1;1;1;0;0;2;3;1;0;0;1251;15577;13573;61;45;10;12;26;17;10;11;14;11;28;29;10;15;14;0;10;10;6;0;1;7;1;5;Regular Season;8;21;20;5;7;8;13;12;6;6
202;2001;10;18;American Airlines Center;10241;12;26;7;4;1;3;3;0;0;0;4;0;0;0;15087;14133;14994;56;51;8;12;22;18;12;13;15;8;24;24;11;12;15;0;7;14;7;0;3;6;2;4;Regular Season;7;17;19;6;7;8;21;6;14;2
203;2001;10;18;Joe Louis Arena;18339;9;14;5;3;0;2;3;0;0;1;1;1;0;0;12535;13523;14990;50;65;18;16;25;20;9;7;12;7;28;21;8;9;12;0;15;17;9;0;0;3;2;4;Regular Season;15;17;10;7;1;14;19;10;14;8
204;2001;10;18;Staples Center;16325;11;220;2;7;1;0;1;0;0;1;3;3;0;0;1104;696;401;46;55;30;28;33;35;9;9;8;13;21;28;3;14;12;0;13;11;8;0;0;4;1;5;Regular Season;5;23;15;3;0;10;15;11;12;7
205;2001;10;18;Brendan Byrne Arena;15874;21;214;3;0;0;1;2;0;0;0;0;0;0;0;12533;13012;12074;57;49;21;23;26;17;18;15;13;10;37;16;13;17;14;0;10;9;9;0;2;9;0;8;Regular Season;2;20;15;12;8;11;15;10;12;1
206;2001;10;18;Bridgestone Arena;12465;224;8;3;2;1;1;1;0;0;1;0;1;0;0;1457;14100;1173;58;60;15;21;24;31;10;12;13;11;26;28;11;12;16;0;8;9;17;0;2;8;0;5;Regular Season;10;27;13;4;4;10;19;16;11;4
207;2001;10;18;Nassau Veterans Memorial Coliseum;14964;20;24;3;2;0;3;0;0;0;0;2;0;0;0;955;13579;470;49;32;2;10;15;13;10;11;11;11;26;11;13;11;14;0;3;8;2;0;1;5;0;1;Regular Season;9;17;16;3;4;9;12;7;2;2
208;2001;10;18;Canadian Tire Centre;20510;216;15;3;1;1;0;2;0;0;0;0;1;0;0;1260;181;1225;57;53;12;20;20;21;8;10;7;9;25;21;17;13;13;0;8;13;11;0;2;11;0;6;Regular Season;6;23;14;4;10;5;17;15;8;8
209;2001;10;18;Rogers Arena;14201;18;3;3;1;0;2;1;0;0;0;1;0;0;0;13061;1051;985;44;34;12;12;18;21;9;16;8;12;21;21;8;8;8;0;5;8;1;0;0;1;0;1;Regular Season;8;21;12;2;1;8;11;7;5;3
210;2001;10;19;Philips Arena;18545;227;10;1;2;1;0;0;0;0;0;1;1;0;0;15106;484;13518;37;43;61;29;23;13;7;9;5;9;30;19;7;10;7;0;9;11;4;0;0;2;0;3;Regular Season;7;14;8;6;2;10;14;7;8;4
211;2001;10;19;KeyBank Center;19070;17;229;3;3;1;1;1;0;0;0;3;0;0;0;1853;13408;23;60;55;22;14;23;27;12;9;18;6;37;21;7;11;15;2;7;15;6;3;0;7;0;11;Regular Season;17;24;12;5;2;15;16;8;11;5
212;2001;10;19;Xcel Energy Center;17414;230;16;3;2;2;1;0;0;0;0;1;1;0;0;14025;15078;1094;49;47;15;25;25;19;10;14;11;16;28;24;5;8;7;0;10;9;12;0;1;5;1;5;Regular Season;7;24;13;3;2;4;20;10;6;7
213;2001;10;19;Verizon Center;12929;22;0;4;2;2;2;0;0;0;0;0;2;0;0;14527;12411;14509;51;70;17;23;22;18;13;8;8;14;27;21;7;9;10;0;15;15;8;0;1;9;0;6;Regular Season;7;25;8;5;6;11;20;23;11;5
214;2001;10;20;PNC Arena;13343;24;227;5;2;2;2;1;0;0;0;2;0;0;0;14033;12414;1711;35;33;25;39;16;11;4;15;5;10;21;28;9;9;9;0;6;6;6;0;0;7;1;5;Regular Season;5;12;9;5;4;8;6;9;7;3
215;2001;10;20;Nationwide Arena;16907;229;25;1;4;1;0;0;0;0;1;0;3;0;0;1022;13108;1491;49;71;27;33;15;12;9;12;10;9;28;29;9;12;10;0;18;11;6;0;0;9;2;6;Regular Season;9;13;17;7;3;15;22;17;10;7
216;2001;10;20;Scotiabank Saddledome;13046;19;3;5;1;1;1;3;0;0;1;0;0;0;0;339;240;14515;51;48;13;15;12;17;13;12;10;6;23;20;11;13;14;0;10;11;4;0;0;5;0;5;Regular Season;7;21;10;5;8;14;10;9;9;6
217;2001;10;20;American Airlines Center;10145;12;8;2;0;1;0;1;0;0;0;0;0;0;0;13602;13105;1864;56;40;16;16;26;19;10;16;12;12;27;22;12;16;10;0;5;4;8;0;1;8;0;8;Regular Season;11;19;12;7;7;10;20;6;3;1
218;2001;10;20;Joe Louis Arena;20066;9;11;3;2;0;1;2;0;0;1;1;0;0;0;13029;12427;12524;40;63;20;20;19;38;10;14;8;10;25;26;9;4;6;0;14;19;16;0;0;5;0;5;Regular Season;6;19;9;4;2;8;19;18;11;7
219;2001;10;20;Rexall Place;16839;23;221;2;3;1;1;0;0;0;1;1;0;1;0;73;13510;12549;43;42;8;10;27;32;13;14;11;6;21;29;9;11;6;0;8;9;7;3;1;5;1;4;Regular Season;9;20;8;3;3;8;16;4;7;7
220;2001;10;20;Bell Centre;21273;0;17;2;2;1;0;1;0;0;1;1;0;0;0;14094;1641;13100;49;54;9;11;19;12;6;10;11;9;28;24;12;12;8;4;6;8;7;5;1;3;0;2;Regular Season;6;18;17;4;4;6;24;11;9;4
221;2001;10;20;Brendan Byrne Arena;16459;21;216;2;1;0;2;0;0;0;0;1;0;0;0;13012;13103;12026;56;56;23;16;32;18;9;9;7;7;30;31;11;11;13;0;6;11;15;0;0;8;0;11;Regular Season;7;24;14;7;4;10;21;7;10;8
222;2001;10;20;Bridgestone Arena;13037;224;5;4;1;2;1;1;0;0;1;0;0;0;0;14593;13769;12994;53;58;13;11;28;18;7;12;12;8;22;22;8;14;6;0;6;8;11;0;1;4;0;4;Regular Season;9;19;18;4;3;13;23;9;7;6
223;2001;10;20;Nassau Veterans Memorial Coliseum;16170;20;214;4;1;1;1;2;0;0;1;0;0;0;0;509;12508;691;46;38;32;20;21;18;6;11;9;14;24;15;7;16;10;0;10;5;5;0;0;6;0;6;Regular Season;6;13;12;7;8;8;12;9;5;4
224;2001;10;20;Wells Fargo Center;20327;14;22;3;5;1;1;1;0;0;1;4;0;0;0;1497;13567;14527;40;53;22;18;34;28;7;8;11;11;20;27;9;8;8;0;11;14;3;0;1;5;0;6;Regular Season;7;15;14;4;0;13;17;13;4;6
225;2001;10;20;America West Arena;11054;26;18;1;3;0;0;1;0;0;0;0;3;0;0;1228;14575;12543;48;41;20;32;18;14;14;10;10;9;24;16;7;9;4;0;8;10;8;0;0;6;3;5;Regular Season;13;17;10;5;3;4;14;12;7;4
226;2001;10;20;Scottrade Center;15982;16;15;2;5;1;1;0;0;0;5;0;0;0;0;15053;1225;13627;34;56;6;10;15;14;10;16;11;6;23;21;8;12;5;0;14;10;10;0;1;5;1;3;Regular Season;4;13;5;9;3;10;15;11;11;9
227;2001;10;20;Amalie Arena;16041;217;10;9;3;3;5;1;0;0;1;1;1;0;0;12496;12459;648;47;52;11;19;28;16;11;7;12;9;27;22;11;12;6;0;7;5;5;0;0;2;0;3;Regular Season;10;17;11;4;5;12;24;13;1;2
228;2001;10;21;United Center;21447;8;25;4;4;0;2;2;0;0;0;1;3;0;0;13497;1491;15103;54;80;12;12;22;20;12;14;12;8;29;28;9;9;12;3;11;15;18;5;1;6;2;7;Regular Season;9;21;17;5;2;14;23;16;18;9
229;2001;10;21;Honda Center;11652;220;18;2;1;1;0;1;0;0;0;1;0;0;0;1588;12521;11981;48;55;8;6;27;21;5;9;11;6;14;23;6;9;8;0;11;15;10;0;0;3;1;4;Regular Season;11;22;10;4;1;8;20;16;9;2
230;2001;10;22;Rexall Place;16839;23;224;5;2;1;1;3;0;0;0;2;0;0;0;14544;293;13027;57;62;12;12;30;28;11;8;12;17;28;29;11;7;8;0;9;16;22;0;1;6;0;6;Regular Season;15;19;13;8;2;7;23;14;7;11
231;2001;10;22;Madison Square Garden;16435;10;214;1;2;0;1;0;0;0;0;1;1;0;0;599;13127;14065;48;55;12;14;18;26;11;7;9;8;26;24;7;12;6;0;8;9;18;0;0;7;1;6;Regular Season;9;21;11;6;1;10;19;10;8;8
232;2001;10;22;Scottrade Center;15190;16;19;2;2;0;1;1;0;0;0;0;2;0;0;15099;1175;13588;50;50;8;4;17;17;5;12;4;14;25;19;7;4;6;3;6;9;12;6;0;2;0;4;Regular Season;13;20;7;4;6;5;13;20;10;2
233;2001;10;23;Philips Arena;18545;227;15;3;6;3;0;0;0;0;1;5;0;0;0;1869;14962;14067;33;50;32;38;23;20;10;14;11;9;24;21;4;4;5;0;12;18;8;0;1;4;0;6;Regular Season;11;12;5;4;1;7;7;15;9;12
234;2001;10;23;KeyBank Center;19070;17;214;4;0;1;2;1;0;0;0;0;0;0;0;1853;1290;12053;48;37;8;11;19;20;5;10;13;13;22;25;13;11;8;0;6;6;1;0;1;4;0;4;Regular Season;7;23;13;2;3;17;11;5;2;2
235;2001;10;23;Nationwide Arena;15536;229;11;4;1;2;1;1;0;0;0;0;1;0;0;12025;14082;1693;56;51;37;43;19;19;11;11;9;14;35;28;16;16;6;0;7;11;15;0;0;8;0;11;Regular Season;10;17;12;11;6;7;19;11;10;4
236;2001;10;23;United Center;21971;8;19;2;6;2;0;0;0;0;3;1;2;0;0;13056;14515;13031;45;70;15;9;21;16;8;6;10;12;22;24;7;8;10;0;21;14;8;0;0;2;2;5;Regular Season;12;12;13;5;3;10;22;17;15;6
237;2001;10;23;Pepsi Center;9389;25;24;5;2;4;1;0;0;0;2;0;0;0;0;1491;951;1409;54;37;13;11;17;12;10;9;8;11;29;18;16;11;11;0;7;9;6;0;0;3;0;4;Regular Season;8;21;12;9;4;5;17;7;4;4
238;2001;10;23;Canadian Tire Centre;20510;216;21;7;3;1;4;2;0;0;1;2;0;0;0;13113;14135;15491;53;55;11;27;25;27;6;13;8;12;24;24;9;17;10;0;8;11;10;0;1;6;0;3;Regular Season;8;24;14;3;4;9;23;14;6;3
239;2001;10;23;Amalie Arena;16053;217;22;4;1;1;0;3;0;0;1;0;0;0;0;13002;12459;980;56;46;13;15;29;17;5;6;10;19;27;21;6;16;12;0;15;5;5;0;1;5;0;4;Regular Season;6;19;13;9;9;9;14;11;11;1
240;2001;10;23;Air Canada Centre;15511;3;5;2;0;1;1;0;0;0;0;0;0;0;0;14603;13054;16539;53;47;15;11;33;20;12;8;10;5;29;22;17;7;12;0;12;14;4;0;0;3;0;5;Regular Season;8;22;11;6;6;6;10;14;9;8
241;2001;10;23;Rogers Arena;14293;18;224;2;0;0;1;1;0;0;0;0;0;0;0;12489;13526;1059;58;41;10;8;19;18;4;13;9;9;27;15;7;13;8;0;5;10;6;0;0;4;0;5;Regular Season;15;17;14;4;8;15;9;9;4;4
242;2001;10;24;Joe Louis Arena;20066;9;23;4;2;2;1;1;0;0;1;1;0;0;0;588;1292;14988;45;58;17;13;20;18;5;9;9;5;24;20;8;7;4;0;12;12;5;0;0;4;0;6;Regular Season;12;15;10;6;2;8;21;13;12;4
243;2001;10;24;BB&T Center;11343;221;22;2;1;2;0;0;0;0;1;0;0;0;0;838;12455;14106;53;43;8;10;36;32;11;6;11;10;23;27;13;9;7;0;4;9;7;0;1;5;1;4;Regular Season;11;19;14;7;2;9;11;10;6;7
244;2001;10;24;Xcel Energy Center;16755;230;24;6;0;0;5;1;0;0;0;0;0;0;0;13084;1584;14025;40;46;10;12;27;14;8;13;2;13;20;16;13;9;3;0;5;15;5;0;1;6;0;5;Regular Season;10;11;11;8;0;6;16;11;7;6
245;2001;10;24;America West Arena;11228;26;220;5;3;1;2;2;0;0;1;1;1;0;0;147;16060;14977;44;45;4;10;18;29;10;10;10;13;24;23;3;12;10;0;10;8;11;0;2;6;0;2;Regular Season;8;17;12;6;1;10;12;11;7;5
246;2001;10;24;Pittsburgh Civic Arena;16940;15;12;5;2;3;1;1;0;0;0;0;2;0;0;15053;14529;13530;34;59;15;11;19;22;8;11;14;8;23;23;10;7;4;0;14;12;6;0;0;3;0;5;Regular Season;7;6;12;4;5;14;20;13;9;3
247;2001;10;25;TD Garden;15121;5;3;2;2;0;1;1;0;0;0;1;1;0;0;13507;611;1736;45;74;17;15;15;20;13;15;8;12;26;29;4;8;10;1;10;14;13;7;0;5;0;6;Regular Season;12;17;9;6;1;15;19;18;13;9
248;2001;10;25;Nationwide Arena;15961;229;23;6;3;2;0;4;0;0;2;1;0;0;0;1416;651;881;65;46;13;13;28;16;8;6;6;6;26;19;10;13;16;0;12;9;11;0;1;4;1;4;Regular Season;9;21;23;7;5;10;10;7;12;7
249;2001;10;25;Scotiabank Saddledome;14745;19;224;4;2;1;1;2;0;0;1;1;0;0;0;13503;1173;14515;42;55;23;13;21;33;9;11;7;12;23;20;6;5;7;0;15;15;4;0;0;4;1;4;Regular Season;12;16;7;6;1;8;16;15;9;7
250;2001;10;25;United Center;21450;8;214;0;3;0;0;0;0;0;0;1;2;0;0;1389;217;501;44;54;39;53;25;19;6;10;9;8;28;30;7;6;6;0;10;8;11;0;0;4;1;7;Regular Season;15;14;9;4;2;11;16;15;9;3
251;2001;10;25;Pepsi Center;9007;25;18;2;1;0;2;0;0;0;1;0;0;0;0;15075;13082;12042;56;55;18;22;22;11;8;14;15;10;34;23;8;15;11;0;9;9;7;0;0;7;0;4;Regular Season;8;23;18;3;4;16;14;15;6;4
252;2001;10;25;Wells Fargo Center;20178;14;216;5;6;2;3;0;0;0;3;2;0;1;0;1872;15107;12397;46;82;23;15;33;22;8;10;8;11;29;24;10;15;6;1;16;23;14;6;1;5;1;4;Regular Season;5;12;14;5;10;16;15;15;17;19
253;2001;10;25;Scottrade Center;13244;16;10;1;0;1;0;0;0;0;0;0;0;0;0;13588;1274;15024;37;47;6;8;24;20;12;8;9;10;26;22;9;9;4;0;7;9;7;0;0;4;0;3;Regular Season;5;20;8;3;1;13;16;7;8;3
254;2001;10;25;Amalie Arena;16061;217;11;5;3;4;0;1;0;0;1;1;1;0;0;11984;1108;12051;43;54;9;21;30;35;9;13;5;7;23;22;13;6;4;0;8;12;10;0;0;3;1;2;Regular Season;9;16;14;3;1;12;13;19;8;2
255;2001;10;26;Philips Arena;18384;227;22;0;4;0;0;0;0;0;3;0;1;0;0;133;13525;13017;31;37;31;17;23;20;5;8;9;5;19;19;2;4;7;0;9;5;6;0;0;1;1;3;Regular Season;12;11;4;3;1;8;10;8;5;6
256;2001;10;26;KeyBank Center;19070;17;0;2;4;0;2;0;0;0;1;2;1;0;0;13069;353;14041;47;63;15;15;20;24;10;17;6;10;26;18;1;12;6;0;14;13;5;0;0;5;1;6;Regular Season;18;16;10;2;1;11;22;16;9;5
257;2001;10;26;PNC Arena;13488;24;20;2;5;1;1;0;0;0;2;1;2;0;0;1611;15012;196;41;58;10;16;25;15;8;6;11;11;23;25;13;7;6;0;11;8;13;0;1;8;0;5;Regular Season;7;14;13;2;5;12;20;12;10;4
258;2001;10;26;Joe Louis Arena;18478;9;12;2;4;1;0;1;0;0;1;1;2;0;0;14612;14988;12545;42;63;21;23;18;18;6;9;10;9;26;27;5;7;5;0;17;17;12;0;1;4;1;3;Regular Season;11;18;7;2;4;7;24;13;10;9
259;2001;10;26;BB&T Center;12281;221;11;0;6;0;0;0;0;0;1;3;2;0;0;13099;989;12551;32;38;6;4;21;20;10;8;12;3;14;21;12;3;5;0;10;9;6;0;0;2;1;3;Regular Season;5;14;8;5;0;6;7;5;10;10
260;2001;10;27;Philips Arena;17944;227;217;3;1;2;1;0;0;0;0;0;1;0;0;14051;12773;14562;34;33;10;26;19;13;4;10;7;7;18;12;8;5;3;0;6;7;6;0;1;3;0;0;Regular Season;12;12;6;3;1;9;10;7;5;2
261;2001;10;27;TD Garden;15999;5;10;7;0;2;3;2;0;0;0;0;0;0;0;16568;14556;698;42;38;17;31;11;9;9;8;7;12;24;23;13;12;5;0;11;7;2;0;2;8;0;6;Regular Season;6;14;8;10;4;7;9;13;7;2
262;2001;10;27;Scotiabank Saddledome;15685;19;230;4;1;0;2;2;0;0;0;0;1;0;0;1258;28;13056;70;50;18;18;28;18;12;11;16;11;24;32;6;20;10;0;8;9;14;0;0;9;0;9;Regular Season;11;31;12;10;6;9;20;7;10;4
263;2001;10;27;Rexall Place;16839;23;18;0;2;0;0;0;0;0;0;1;1;0;0;1879;13573;1059;57;52;8;6;15;15;6;12;14;10;25;23;9;14;10;0;6;10;13;0;0;5;0;5;Regular Season;10;21;14;9;3;9;22;8;11;2
264;2001;10;27;Bell Centre;21273;0;14;2;8;1;0;1;0;0;3;2;3;0;0;1472;13025;13523;50;50;11;9;35;11;14;4;13;12;20;27;12;14;8;0;10;12;9;0;0;2;0;3;Regular Season;5;23;8;11;3;8;11;12;11;8
265;2001;10;27;Brendan Byrne Arena;16563;21;17;3;4;2;0;1;0;0;1;2;0;1;0;762;12030;1290;60;48;12;10;31;21;10;13;7;13;26;27;14;12;10;0;6;9;10;5;1;5;1;6;Regular Season;11;18;18;9;4;10;14;11;7;6
266;2001;10;27;Bridgestone Arena;13470;224;9;6;3;0;4;2;0;0;2;1;0;0;0;14593;12049;12520;52;40;13;15;28;39;6;10;7;4;21;19;10;17;13;0;7;4;5;0;1;5;0;4;Regular Season;4;25;15;5;3;13;12;7;7;1
267;2001;10;27;Canadian Tire Centre;20510;216;16;3;2;1;1;1;0;0;1;0;1;0;0;12397;13588;1872;47;49;17;19;22;22;10;14;5;15;27;24;8;8;6;0;10;6;12;0;0;7;1;6;Regular Season;9;21;8;6;3;9;12;16;8;4
268;2001;10;27;America West Arena;11289;26;25;1;4;0;0;1;0;0;2;1;1;0;0;12518;1538;13050;46;41;26;22;17;21;8;5;11;9;21;22;5;13;5;0;8;7;10;0;0;6;0;8;Regular Season;12;14;12;6;2;6;11;8;11;5
269;2001;10;27;SAP Center;12460;214;229;1;2;0;1;0;0;0;0;2;0;0;0;12412;12991;12390;52;47;23;27;26;17;14;11;12;13;20;25;9;12;6;0;11;12;4;0;0;6;1;9;Regular Season;14;22;11;2;3;13;14;12;7;1
270;2001;10;27;Air Canada Centre;19549;3;15;0;6;0;0;0;0;0;1;4;1;0;0;12995;1225;968;33;55;26;18;12;15;10;7;4;6;16;24;5;6;2;0;17;15;10;0;0;3;0;3;Regular Season;10;15;6;1;1;6;15;13;12;9
271;2001;10;28;PNC Arena;13229;24;11;0;7;0;0;0;0;0;2;2;3;0;0;1801;694;12427;31;47;10;8;16;19;5;12;7;15;22;19;8;8;3;0;12;11;9;0;0;4;0;5;Regular Season;9;10;9;2;1;4;16;10;12;5
272;2001;10;28;United Center;20348;8;5;5;2;1;1;3;0;0;2;0;0;0;0;12076;709;15103;43;50;10;8;23;11;10;8;9;9;19;16;6;12;14;0;6;12;7;0;0;4;0;5;Regular Season;5;17;8;9;4;13;19;9;3;6
273;2001;10;28;Honda Center;12014;220;25;4;1;1;1;2;0;0;0;1;0;0;0;12501;813;14054;43;63;12;12;26;22;10;9;8;12;22;22;5;11;9;0;11;18;8;0;0;6;0;7;Regular Season;2;21;12;4;4;8;14;23;8;10
274;2001;10;28;Nassau Veterans Memorial Coliseum;14135;20;12;2;3;0;1;1;0;0;2;1;0;0;0;14612;12488;1418;39;52;11;15;24;15;11;10;11;9;17;20;8;9;7;0;8;13;6;0;0;6;0;3;Regular Season;10;19;6;4;0;9;14;18;8;3
275;2001;10;28;Pittsburgh Civic Arena;16940;15;221;4;1;1;0;3;0;0;0;0;1;0;0;1225;15053;14529;59;45;28;30;18;23;14;20;11;7;21;23;12;12;12;0;6;11;6;0;0;6;1;4;Regular Season;12;15;16;8;8;7;16;11;8;3
276;2001;10;29;Madison Square Garden;14323;10;12;3;2;2;0;1;0;0;2;0;0;0;0;15541;14622;12517;51;63;12;14;17;21;10;12;12;7;27;44;8;3;5;0;6;22;13;0;1;7;0;6;Regular Season;20;16;9;4;2;9;26;15;4;9
277;2001;10;30;Philips Arena;18275;227;216;4;1;2;1;1;0;0;1;0;0;0;0;14051;14562;15484;42;36;9;17;34;22;6;12;12;8;20;20;6;8;7;0;11;11;6;0;2;6;0;2;Regular Season;9;17;7;5;4;1;10;8;11;6
278;2001;10;30;TD Garden;16443;5;21;2;5;0;2;0;0;0;2;1;2;0;0;12074;12426;855;54;50;6;8;9;36;9;10;14;11;19;25;2;11;6;0;12;15;9;0;0;4;1;3;Regular Season;17;20;12;4;1;4;13;18;9;6
279;2001;10;30;KeyBank Center;18728;17;26;1;0;1;0;0;0;0;0;0;0;0;0;2;331;13811;57;39;4;10;24;19;9;16;12;6;14;24;10;12;9;0;5;5;5;0;0;5;0;2;Regular Season;11;19;16;6;5;15;14;7;2;1
280;2001;10;30;PNC Arena;13482;24;9;4;2;0;2;2;0;0;2;0;0;0;0;14033;14988;1711;47;30;8;6;23;24;9;7;12;6;12;26;10;17;6;0;3;5;10;0;1;3;1;4;Regular Season;8;15;12;5;7;5;10;10;4;1
281;2001;10;30;United Center;21671;8;11;6;3;2;0;4;0;0;1;1;1;0;0;12513;12076;13497;60;59;12;14;38;20;10;9;14;11;29;19;10;13;17;0;10;7;4;0;2;2;0;1;Regular Season;8;22;17;8;5;18;16;11;9;5
282;2001;10;30;Rexall Place;16839;23;0;6;5;0;3;3;0;0;3;1;1;0;0;12001;1810;1251;50;64;4;6;21;24;11;7;8;12;21;30;9;10;12;0;13;14;14;0;0;3;0;2;Regular Season;10;14;13;9;4;7;19;17;15;6
283;2001;10;30;Bridgestone Arena;13319;224;230;4;3;1;2;1;0;0;2;0;1;0;0;1457;13084;13526;54;49;21;35;33;27;7;8;10;8;30;39;11;14;11;0;8;8;7;0;1;10;1;8;Regular Season;5;20;20;5;4;13;17;9;7;3
284;2001;10;30;Nassau Veterans Memorial Coliseum;14829;20;221;3;2;1;1;1;0;0;1;1;0;0;0;12079;15043;691;50;43;14;28;18;11;7;11;7;13;31;12;6;18;10;0;8;5;6;0;0;4;0;2;Regular Season;4;12;15;10;9;16;12;8;5;2
285;2001;10;30;Air Canada Centre;16237;3;217;1;4;0;1;0;0;0;3;1;0;0;0;980;12067;1842;43;55;10;6;23;17;9;7;13;14;23;16;7;14;5;0;15;12;9;0;0;3;0;5;Regular Season;8;14;16;4;1;7;13;9;16;10
286;2001;10;30;Rogers Arena;14006;18;229;6;3;2;0;4;0;0;3;0;0;0;0;1228;1059;1448;62;61;31;25;19;19;14;11;9;7;29;24;12;13;11;0;10;13;9;0;1;5;0;3;Regular Season;11;17;20;11;3;13;20;12;10;6
287;2001;10;30;Verizon Center;11311;22;14;4;2;1;1;2;0;0;0;2;0;0;0;12539;12467;13525;38;57;25;15;17;22;14;13;6;14;22;32;4;6;6;0;12;18;7;0;0;5;0;5;Regular Season;14;15;8;1;0;8;20;12;15;2
288;2001;10;31;Pepsi Center;8808;25;16;4;1;1;3;0;0;0;1;0;0;0;0;13050;13108;1491;43;40;8;12;21;14;13;18;11;17;23;24;8;16;2;0;9;6;4;0;1;6;0;4;Regular Season;11;13;13;4;2;14;7;9;6;4
289;2001;10;31;American Airlines Center;11537;12;9;3;0;2;0;1;0;0;0;0;0;0;0;914;14133;1418;39;41;20;18;20;22;7;7;4;11;19;27;9;11;7;0;5;10;6;0;1;4;0;5;Regular Season;6;15;12;5;1;13;14;6;6;2
290;2001;10;31;Honda Center;11510;220;214;4;0;0;1;3;0;0;0;0;0;0;0;97;16060;401;53;48;13;25;31;17;8;10;16;7;19;25;8;13;12;0;9;13;10;0;0;5;0;4;Regular Season;11;22;15;4;1;8;20;11;6;3
291;2001;10;31;Xcel Energy Center;17153;230;224;5;0;2;3;0;0;0;0;0;0;0;0;1213;13084;13590;61;36;38;42;23;16;9;14;12;14;29;30;12;18;8;0;10;5;7;0;2;11;0;9;Regular Season;9;23;17;8;4;4;15;10;7;0
292;2001;10;31;Madison Square Garden;15345;10;221;2;1;0;0;2;0;0;0;1;0;0;0;1210;838;15106;48;55;12;12;27;36;8;14;14;7;19;26;8;6;10;0;2;8;15;0;1;6;1;6;Regular Season;14;16;9;6;3;10;23;12;5;5
293;2001;10;31;Wells Fargo Center;20327;14;15;5;2;2;2;1;0;0;1;0;1;0;0;154;14542;246;49;70;27;17;18;16;8;7;8;5;23;28;8;13;6;0;17;18;13;0;1;6;0;6;Regular Season;13;16;11;8;1;6;23;17;11;13
294;2001;11;1;Scotiabank Saddledome;12780;19;229;2;1;0;2;0;0;0;0;0;1;0;0;1517;12025;1875;47;70;7;11;18;26;18;11;13;5;25;21;10;12;5;0;6;15;12;0;0;3;0;1;Regular Season;12;17;9;5;4;15;18;11;16;10
295;2001;11;1;Staples Center;16118;11;8;1;0;0;0;1;0;0;0;0;0;0;0;989;425;12427;50;38;21;27;23;15;13;11;13;11;19;20;7;14;12;0;5;7;3;0;1;13;0;4;Regular Season;8;23;12;4;3;12;9;8;6;3
296;2001;11;1;Brendan Byrne Arena;13859;21;26;4;6;1;1;2;0;0;2;2;2;0;0;13625;12426;13102;60;65;15;13;32;20;10;7;16;7;27;30;12;16;10;0;12;11;13;0;2;4;1;5;Regular Season;8;25;17;9;1;16;20;13;8;8
297;2001;11;1;Pittsburgh Civic Arena;16940;15;3;6;0;2;2;2;0;0;0;0;0;0;0;14529;15053;1869;63;40;11;11;23;19;9;11;17;9;33;12;13;19;11;0;6;8;3;0;1;3;0;3;Regular Season;11;21;15;10;6;9;15;8;6;2
298;2001;11;1;SAP Center;13095;214;227;3;0;1;2;0;0;0;0;0;0;0;0;1445;12404;12436;36;20;2;4;20;16;11;4;6;10;8;21;5;16;5;0;1;6;3;0;0;2;0;1;Regular Season;1;13;9;10;3;5;8;2;5;0
299;2001;11;1;Scottrade Center;15160;16;24;3;2;2;0;0;1;0;0;1;1;0;0;14965;13033;14492;49;40;13;13;20;16;9;12;5;10;30;21;15;7;7;1;5;7;8;0;2;4;0;4;Regular Season;8;19;12;8;2;12;13;10;3;2
300;2001;11;1;Rogers Arena;17017;18;0;1;0;0;0;1;0;0;0;0;0;0;0;13546;177;12480;49;43;35;49;20;15;6;9;5;11;22;16;11;8;9;0;6;7;8;0;0;7;0;5;Regular Season;6;24;12;2;5;12;16;6;4;5
301;2001;11;2;KeyBank Center;19070;17;217;2;1;0;1;1;0;0;0;0;1;0;0;14055;13002;1290;39;38;27;11;17;19;13;11;11;13;30;18;7;7;11;0;10;4;10;0;0;3;0;6;Regular Season;5;12;9;9;4;5;14;6;10;3
302;2001;11;2;PNC Arena;14080;24;10;7;2;2;2;3;0;0;1;0;1;0;0;14033;14511;15496;40;48;14;10;25;16;12;10;9;10;30;24;13;10;8;0;11;9;6;0;0;5;1;7;Regular Season;6;18;10;4;2;16;14;7;5;6
303;2001;11;2;American Airlines Center;12458;12;224;6;2;2;1;3;0;0;0;2;0;0;0;14622;14514;14133;62;40;8;8;27;19;5;11;9;16;29;25;11;9;11;0;7;10;8;0;1;5;0;4;Regular Season;17;18;16;6;5;7;13;12;5;3
304;2001;11;2;Joe Louis Arena;20066;9;20;3;0;0;3;0;0;0;0;0;0;0;0;12524;12535;12516;33;48;11;13;15;15;6;6;13;4;19;17;6;7;6;0;6;14;6;0;0;4;0;3;Regular Season;9;9;6;5;4;10;17;8;10;3
305;2001;11;2;Rexall Place;16839;23;229;6;0;3;1;2;0;0;0;0;0;0;0;13615;13594;14544;47;34;0;4;7;12;6;4;9;16;22;20;9;8;10;0;9;6;5;0;1;2;0;0;Regular Season;8;17;14;6;2;6;11;8;6;3
306;2001;11;2;Honda Center;12607;220;8;3;2;2;1;0;0;0;2;0;0;0;0;11981;13063;12034;44;54;37;23;22;27;7;14;9;6;26;28;19;13;2;0;11;15;8;0;0;4;1;6;Regular Season;9;15;12;6;2;7;20;15;10;2
307;2001;11;2;Xcel Energy Center;18560;230;25;4;0;3;1;0;0;0;0;0;0;0;0;14140;12040;13628;40;52;13;7;34;28;15;9;13;13;20;24;8;4;9;0;13;11;8;0;0;1;0;5;Regular Season;6;17;9;5;3;8;22;12;7;3
308;2001;11;2;Verizon Center;11280;22;26;3;2;1;1;0;1;0;0;0;2;0;0;13525;14977;14527;45;55;12;16;20;20;5;15;8;9;24;22;6;6;6;2;6;7;11;1;1;3;0;1;Regular Season;11;20;10;4;0;15;13;16;9;2
309;2001;11;3;Scotiabank Saddledome;15004;19;0;2;8;2;0;0;0;0;4;1;3;0;0;14094;14146;1172;40;54;8;6;11;20;9;16;11;7;15;19;12;8;4;0;14;12;11;0;0;3;2;5;Regular Season;9;20;6;4;1;7;10;12;12;13
310;2001;11;3;BB&T Center;13086;221;10;4;1;0;1;3;0;0;0;0;1;0;0;49;14106;12549;63;32;15;15;19;13;12;7;9;7;26;22;8;14;14;0;8;5;7;0;1;5;0;5;Regular Season;11;26;14;7;5;7;6;11;3;5
311;2001;11;3;Staples Center;16544;11;227;4;3;1;3;0;0;0;2;0;1;0;0;12013;15484;412;49;38;27;13;22;18;6;8;5;6;26;21;5;20;6;0;8;7;3;0;1;4;2;6;Regular Season;7;17;13;8;4;11;12;7;7;1
312;2001;11;3;Brendan Byrne Arena;16909;21;5;4;0;1;1;2;0;0;0;0;0;0;0;13059;1560;12017;57;52;19;23;31;16;14;20;5;9;32;19;13;11;14;0;5;14;4;0;0;4;0;7;Regular Season;9;16;18;6;8;17;18;4;7;6
313;2001;11;3;Bridgestone Arena;12860;224;12;1;5;0;0;1;0;0;1;3;1;0;0;14612;12545;914;36;56;12;8;27;21;10;12;10;9;22;31;7;2;5;0;10;17;9;0;0;4;1;6;Regular Season;9;19;5;2;1;6;20;11;16;3
314;2001;11;3;Canadian Tire Centre;20510;216;17;4;1;0;2;2;0;0;1;0;0;0;0;13081;12027;1326;54;48;17;21;22;17;16;17;15;11;32;31;11;10;14;0;11;7;5;0;2;8;0;6;Regular Season;14;14;13;10;3;13;15;10;7;3
315;2001;11;3;Wells Fargo Center;20327;14;20;0;0;0;0;0;0;0;0;0;0;0;0;13508;12508;154;47;50;23;21;13;23;11;19;10;12;25;23;4;12;8;2;11;6;11;3;0;2;0;4;Regular Season;10;17;11;7;2;7;18;8;14;3
316;2001;11;3;Pittsburgh Civic Arena;16940;15;217;4;3;2;0;2;0;0;1;2;0;0;0;12471;648;15053;59;58;29;15;29;25;9;8;9;9;27;23;12;11;14;0;10;13;8;0;0;5;0;7;Regular Season;12;17;23;6;1;7;23;12;12;4
317;2001;11;3;SAP Center;14178;214;18;4;3;1;1;1;1;0;1;1;1;0;0;1445;1228;599;48;55;21;25;32;21;13;12;7;16;26;35;11;12;9;1;9;8;12;0;4;11;1;8;Regular Season;9;19;10;4;6;12;16;6;18;3
318;2001;11;3;Scottrade Center;15783;16;22;5;4;2;2;1;0;0;1;1;2;0;0;14487;12455;14965;38;47;6;12;14;14;15;3;6;11;27;27;6;6;6;0;16;12;9;0;3;6;1;3;Regular Season;9;11;8;7;3;3;16;14;10;4
319;2001;11;3;Air Canada Centre;15848;3;25;4;2;3;0;1;0;0;0;1;1;0;0;1051;1409;14997;40;57;12;12;17;24;8;12;9;12;26;26;8;10;4;0;8;8;19;0;1;7;1;6;Regular Season;8;16;11;4;1;9;14;15;13;6
320;2001;11;4;PNC Arena;12094;24;26;2;3;1;0;1;0;0;0;1;2;0;0;14977;1711;14985;45;47;13;15;26;19;7;17;10;8;25;25;11;8;8;0;8;10;12;0;0;6;0;4;Regular Season;9;16;14;2;4;9;15;13;4;6
321;2001;11;4;United Center;21942;8;9;5;2;1;2;2;0;0;0;1;1;0;0;14147;709;13497;67;46;12;12;29;14;13;7;14;3;23;30;18;15;14;0;3;11;10;0;0;6;1;6;Regular Season;9;24;18;12;4;7;21;8;6;4
322;2001;11;4;Honda Center;12723;220;227;4;0;3;1;0;0;0;0;0;0;0;0;1244;1104;16060;42;31;14;14;26;19;9;6;7;10;25;17;9;7;9;0;6;4;4;0;0;7;0;7;Regular Season;6;17;9;7;3;10;10;6;3;2
323;2001;11;4;Xcel Energy Center;18259;230;23;1;4;1;0;0;0;0;2;2;0;0;0;1528;13573;1292;49;45;12;8;19;27;8;9;11;12;31;17;8;5;9;0;11;12;10;0;0;4;1;6;Regular Season;10;23;10;4;2;3;13;11;12;6
324;2001;11;6;TD Garden;0;5;23;0;0;0;0;0;0;0;0;0;0;0;0;;;;0;0;0;0;0;0;0;0;0;0;0;0;0;0;0;0;0;0;0;0;0;0;0;0;Regular Season;0;0;0;0;0;0;0;0;0;0
325;2001;11;6;PNC Arena;0;24;15;0;0;0;0;0;0;0;0;0;0;0;0;;;;0;0;0;0;0;0;0;0;0;0;0;0;0;0;0;0;0;0;0;0;0;0;0;0;Regular Season;0;0;0;0;0;0;0;0;0;0
326;2001;11;6;Nationwide Arena;0;229;18;0;0;0;0;0;0;0;0;0;0;0;0;;;;0;0;0;0;0;0;0;0;0;0;0;0;0;0;0;0;0;0;0;0;0;0;0;0;Regular Season;0;0;0;0;0;0;0;0;0;0
327;2001;11;6;United Center;0;8;14;0;0;0;0;0;0;0;0;0;0;0;0;;;;0;0;0;0;0;0;0;0;0;0;0;0;0;0;0;0;0;0;0;0;0;0;0;0;Regular Season;0;0;0;0;0;0;0;0;0;0
328;2001;11;6;Bell Centre;0;0;25;0;0;0;0;0;0;0;0;0;0;0;0;;;;0;0;0;0;0;0;0;0;0;0;0;0;0;0;0;0;0;0;0;0;0;0;0;0;Regular Season;0;0;0;0;0;0;0;0;0;0
329;2001;11;6;Nassau Veterans Memorial Coliseum;0;20;217;0;0;0;0;0;0;0;0;0;0;0;0;;;;0;0;0;0;0;0;0;0;0;0;0;0;0;0;0;0;0;0;0;0;0;0;0;0;Regular Season;0;0;0;0;0;0;0;0;0;0
330;2001;11;6;Madison Square Garden;0;10;230;0;0;0;0;0;0;0;0;0;0;0;0;;;;0;0;0;0;0;0;0;0;0;0;0;0;0;0;0;0;0;0;0;0;0;0;0;0;Regular Season;0;0;0;0;0;0;0;0;0;0
331;2001;11;6;Scottrade Center;0;16;214;0;0;0;0;0;0;0;0;0;0;0;0;;;;0;0;0;0;0;0;0;0;0;0;0;0;0;0;0;0;0;0;0;0;0;0;0;0;Regular Season;0;0;0;0;0;0;0;0;0;0
332;2001;11;6;Air Canada Centre;0;3;22;0;0;0;0;0;0;0;0;0;0;0;0;;;;0;0;0;0;0;0;0;0;0;0;0;0;0;0;0;0;0;0;0;0;0;0;0;0;Regular Season;0;0;0;0;0;0;0;0;0;0
333;2001;11;7;American Airlines Center;0;12;214;0;0;0;0;0;0;0;0;0;0;0;0;;;;0;0;0;0;0;0;0;0;0;0;0;0;0;0;0;0;0;0;0;0;0;0;0;0;Regular Season;0;0;0;0;0;0;0;0;0;0
334;2001;11;7;BB&T Center;0;221;15;0;0;0;0;0;0;0;0;0;0;0;0;;;;0;0;0;0;0;0;0;0;0;0;0;0;0;0;0;0;0;0;0;0;0;0;0;0;Regular Season;0;0;0;0;0;0;0;0;0;0
335;2001;11;7;Honda Center;0;220;19;0;0;0;0;0;0;0;0;0;0;0;0;;;;0;0;0;0;0;0;0;0;0;0;0;0;0;0;0;0;0;0;0;0;0;0;0;0;Regular Season;0;0;0;0;0;0;0;0;0;0
336;2001;11;7;Brendan Byrne Arena;0;21;227;0;0;0;0;0;0;0;0;0;0;0;0;;;;0;0;0;0;0;0;0;0;0;0;0;0;0;0;0;0;0;0;0;0;0;0;0;0;Regular Season;0;0;0;0;0;0;0;0;0;0
337;2001;11;7;America West Arena;0;26;9;0;0;0;0;0;0;0;0;0;0;0;0;;;;0;0;0;0;0;0;0;0;0;0;0;0;0;0;0;0;0;0;0;0;0;0;0;0;Regular Season;0;0;0;0;0;0;0;0;0;0
338;2001;11;8;TD Garden;0;5;230;0;0;0;0;0;0;0;0;0;0;0;0;;;;0;0;0;0;0;0;0;0;0;0;0;0;0;0;0;0;0;0;0;0;0;0;0;0;Regular Season;0;0;0;0;0;0;0;0;0;0
339;2001;11;8;KeyBank Center;0;17;227;0;0;0;0;0;0;0;0;0;0;0;0;;;;0;0;0;0;0;0;0;0;0;0;0;0;0;0;0;0;0;0;0;0;0;0;0;0;Regular Season;0;0;0;0;0;0;0;0;0;0
340;2001;11;8;Staples Center;0;11;19;0;0;0;0;0;0;0;0;0;0;0;0;;;;0;0;0;0;0;0;0;0;0;0;0;0;0;0;0;0;0;0;0;0;0;0;0;0;Regular Season;0;0;0;0;0;0;0;0;0;0
341;2001;11;8;Bell Centre;0;0;224;0;0;0;0;0;0;0;0;0;0;0;0;;;;0;0;0;0;0;0;0;0;0;0;0;0;0;0;0;0;0;0;0;0;0;0;0;0;Regular Season;0;0;0;0;0;0;0;0;0;0
342;2001;11;8;Nassau Veterans Memorial Coliseum;0;20;10;0;0;0;0;0;0;0;0;0;0;0;0;;;;0;0;0;0;0;0;0;0;0;0;0;0;0;0;0;0;0;0;0;0;0;0;0;0;Regular Season;0;0;0;0;0;0;0;0;0;0
343;2001;11;8;Canadian Tire Centre;0;216;25;0;0;0;0;0;0;0;0;0;0;0;0;;;;0;0;0;0;0;0;0;0;0;0;0;0;0;0;0;0;0;0;0;0;0;0;0;0;Regular Season;0;0;0;0;0;0;0;0;0;0
344;2001;11;8;Scottrade Center;0;16;18;0;0;0;0;0;0;0;0;0;0;0;0;;;;0;0;0;0;0;0;0;0;0;0;0;0;0;0;0;0;0;0;0;0;0;0;0;0;Regular Season;0;0;0;0;0;0;0;0;0;0
345;2001;11;8;Amalie Arena;0;217;14;0;0;0;0;0;0;0;0;0;0;0;0;;;;0;0;0;0;0;0;0;0;0;0;0;0;0;0;0;0;0;0;0;0;0;0;0;0;Regular Season;0;0;0;0;0;0;0;0;0;0
346;2001;11;8;Verizon Center;0;22;24;0;0;0;0;0;0;0;0;0;0;0;0;;;;0;0;0;0;0;0;0;0;0;0;0;0;0;0;0;0;0;0;0;0;0;0;0;0;Regular Season;0;0;0;0;0;0;0;0;0;0
347;2001;11;9;PNC Arena;0;24;214;0;0;0;0;0;0;0;0;0;0;0;0;;;;0;0;0;0;0;0;0;0;0;0;0;0;0;0;0;0;0;0;0;0;0;0;0;0;Regular Season;0;0;0;0;0;0;0;0;0;0
348;2001;11;9;Nationwide Arena;0;229;23;0;0;0;0;0;0;0;0;0;0;0;0;;;;0;0;0;0;0;0;0;0;0;0;0;0;0;0;0;0;0;0;0;0;0;0;0;0;Regular Season;0;0;0;0;0;0;0;0;0;0
349;2001;11;9;United Center;0;8;18;0;0;0;0;0;0;0;0;0;0;0;0;;;;0;0;0;0;0;0;0;0;0;0;0;0;0;0;0;0;0;0;0;0;0;0;0;0;Regular Season;0;0;0;0;0;0;0;0;0;0
350;2001;11;9;American Airlines Center;0;12;26;0;0;0;0;0;0;0;0;0;0;0;0;;;;0;0;0;0;0;0;0;0;0;0;0;0;0;0;0;0;0;0;0;0;0;0;0;0;Regular Season;0;0;0;0;0;0;0;0;0;0
351;2001;11;9;Honda Center;0;220;9;0;0;0;0;0;0;0;0;0;0;0;0;;;;0;0;0;0;0;0;0;0;0;0;0;0;0;0;0;0;0;0;0;0;0;0;0;0;Regular Season;0;0;0;0;0;0;0;0;0;0
352;2001;11;9;Brendan Byrne Arena;0;21;3;0;0;0;0;0;0;0;0;0;0;0;0;;;;0;0;0;0;0;0;0;0;0;0;0;0;0;0;0;0;0;0;0;0;0;0;0;0;Regular Season;0;0;0;0;0;0;0;0;0;0
353;2001;11;10;TD Garden;0;5;229;0;0;0;0;0;0;0;0;0;0;0;0;;;;0;0;0;0;0;0;0;0;0;0;0;0;0;0;0;0;0;0;0;0;0;0;0;0;Regular Season;0;0;0;0;0;0;0;0;0;0
354;2001;11;10;KeyBank Center;0;17;10;0;0;0;0;0;0;0;0;0;0;0;0;;;;0;0;0;0;0;0;0;0;0;0;0;0;0;0;0;0;0;0;0;0;0;0;0;0;Regular Season;0;0;0;0;0;0;0;0;0;0
355;2001;11;10;Scotiabank Saddledome;0;19;25;0;0;0;0;0;0;0;0;0;0;0;0;;;;0;0;0;0;0;0;0;0;0;0;0;0;0;0;0;0;0;0;0;0;0;0;0;0;Regular Season;0;0;0;0;0;0;0;0;0;0
356;2001;11;10;BB&T Center;0;221;14;0;0;0;0;0;0;0;0;0;0;0;0;;;;0;0;0;0;0;0;0;0;0;0;0;0;0;0;0;0;0;0;0;0;0;0;0;0;Regular Season;0;0;0;0;0;0;0;0;0;0
357;2001;11;10;Staples Center;0;11;9;0;0;0;0;0;0;0;0;0;0;0;0;;;;0;0;0;0;0;0;0;0;0;0;0;0;0;0;0;0;0;0;0;0;0;0;0;0;Regular Season;0;0;0;0;0;0;0;0;0;0
358;2001;11;10;Bell Centre;0;0;20;0;0;0;0;0;0;0;0;0;0;0;0;;;;0;0;0;0;0;0;0;0;0;0;0;0;0;0;0;0;0;0;0;0;0;0;0;0;Regular Season;0;0;0;0;0;0;0;0;0;0
359;2001;11;10;Canadian Tire Centre;0;216;224;0;0;0;0;0;0;0;0;0;0;0;0;;;;0;0;0;0;0;0;0;0;0;0;0;0;0;0;0;0;0;0;0;0;0;0;0;0;Regular Season;0;0;0;0;0;0;0;0;0;0
360;2001;11;10;Scottrade Center;0;16;26;0;0;0;0;0;0;0;0;0;0;0;0;;;;0;0;0;0;0;0;0;0;0;0;0;0;0;0;0;0;0;0;0;0;0;0;0;0;Regular Season;0;0;0;0;0;0;0;0;0;0
361;2001;11;10;Amalie Arena;0;217;15;0;0;0;0;0;0;0;0;0;0;0;0;;;;0;0;0;0;0;0;0;0;0;0;0;0;0;0;0;0;0;0;0;0;0;0;0;0;Regular Season;0;0;0;0;0;0;0;0;0;0
362;2001;11;10;Air Canada Centre;0;3;21;0;0;0;0;0;0;0;0;0;0;0;0;;;;0;0;0;0;0;0;0;0;0;0;0;0;0;0;0;0;0;0;0;0;0;0;0;0;Regular Season;0;0;0;0;0;0;0;0;0;0
363;2001;11;10;Verizon Center;0;22;227;0;0;0;0;0;0;0;0;0;0;0;0;;;;0;0;0;0;0;0;0;0;0;0;0;0;0;0;0;0;0;0;0;0;0;0;0;0;Regular Season;0;0;0;0;0;0;0;0;0;0
364;2001;11;11;PNC Arena;0;24;23;0;0;0;0;0;0;0;0;0;0;0;0;;;;0;0;0;0;0;0;0;0;0;0;0;0;0;0;0;0;0;0;0;0;0;0;0;0;Regular Season;0;0;0;0;0;0;0;0;0;0
365;2001;11;11;United Center;0;8;214;0;0;0;0;0;0;0;0;0;0;0;0;;;;0;0;0;0;0;0;0;0;0;0;0;0;0;0;0;0;0;0;0;0;0;0;0;0;Regular Season;0;0;0;0;0;0;0;0;0;0
366;2001;11;11;Honda Center;0;220;12;0;0;0;0;0;0;0;0;0;0;0;0;;;;0;0;0;0;0;0;0;0;0;0;0;0;0;0;0;0;0;0;0;0;0;0;0;0;Regular Season;0;0;0;0;0;0;0;0;0;0
367;2001;11;11;Xcel Energy Center;0;230;18;0;0;0;0;0;0;0;0;0;0;0;0;;;;0;0;0;0;0;0;0;0;0;0;0;0;0;0;0;0;0;0;0;0;0;0;0;0;Regular Season;0;0;0;0;0;0;0;0;0;0
368;2001;11;11;Madison Square Garden;0;10;0;0;0;0;0;0;0;0;0;0;0;0;0;;;;0;0;0;0;0;0;0;0;0;0;0;0;0;0;0;0;0;0;0;0;0;0;0;0;Regular Season;0;0;0;0;0;0;0;0;0;0
369;2001;11;12;BB&T Center;0;221;17;0;0;0;0;0;0;0;0;0;0;0;0;;;;0;0;0;0;0;0;0;0;0;0;0;0;0;0;0;0;0;0;0;0;0;0;0;0;Regular Season;0;0;0;0;0;0;0;0;0;0
370;2001;11;13;TD Garden;0;5;0;0;0;0;0;0;0;0;0;0;0;0;0;;;;0;0;0;0;0;0;0;0;0;0;0;0;0;0;0;0;0;0;0;0;0;0;0;0;Regular Season;0;0;0;0;0;0;0;0;0;0
371;2001;11;13;Nationwide Arena;0;229;16;0;0;0;0;0;0;0;0;0;0;0;0;;;;0;0;0;0;0;0;0;0;0;0;0;0;0;0;0;0;0;0;0;0;0;0;0;0;Regular Season;0;0;0;0;0;0;0;0;0;0
372;2001;11;13;Joe Louis Arena;0;9;24;0;0;0;0;0;0;0;0;0;0;0;0;;;;0;0;0;0;0;0;0;0;0;0;0;0;0;0;0;0;0;0;0;0;0;0;0;0;Regular Season;0;0;0;0;0;0;0;0;0;0
373;2001;11;13;Xcel Energy Center;0;230;227;0;0;0;0;0;0;0;0;0;0;0;0;;;;0;0;0;0;0;0;0;0;0;0;0;0;0;0;0;0;0;0;0;0;0;0;0;0;Regular Season;0;0;0;0;0;0;0;0;0;0
374;2001;11;13;Brendan Byrne Arena;0;21;15;0;0;0;0;0;0;0;0;0;0;0;0;;;;0;0;0;0;0;0;0;0;0;0;0;0;0;0;0;0;0;0;0;0;0;0;0;0;Regular Season;0;0;0;0;0;0;0;0;0;0
375;2001;11;13;Bridgestone Arena;0;224;17;0;0;0;0;0;0;0;0;0;0;0;0;;;;0;0;0;0;0;0;0;0;0;0;0;0;0;0;0;0;0;0;0;0;0;0;0;0;Regular Season;0;0;0;0;0;0;0;0;0;0
376;2001;11;13;America West Arena;0;26;23;0;0;0;0;0;0;0;0;0;0;0;0;;;;0;0;0;0;0;0;0;0;0;0;0;0;0;0;0;0;0;0;0;0;0;0;0;0;Regular Season;0;0;0;0;0;0;0;0;0;0
377;2001;11;13;Rogers Arena;0;18;8;0;0;0;0;0;0;0;0;0;0;0;0;;;;0;0;0;0;0;0;0;0;0;0;0;0;0;0;0;0;0;0;0;0;0;0;0;0;Regular Season;0;0;0;0;0;0;0;0;0;0
378;2001;11;13;Verizon Center;0;22;216;0;0;0;0;0;0;0;0;0;0;0;0;;;;0;0;0;0;0;0;0;0;0;0;0;0;0;0;0;0;0;0;0;0;0;0;0;0;Regular Season;0;0;0;0;0;0;0;0;0;0
379;2001;11;14;Pepsi Center;0;25;230;0;0;0;0;0;0;0;0;0;0;0;0;;;;0;0;0;0;0;0;0;0;0;0;0;0;0;0;0;0;0;0;0;0;0;0;0;0;Regular Season;0;0;0;0;0;0;0;0;0;0
380;2001;11;14;BB&T Center;0;221;3;0;0;0;0;0;0;0;0;0;0;0;0;;;;0;0;0;0;0;0;0;0;0;0;0;0;0;0;0;0;0;0;0;0;0;0;0;0;Regular Season;0;0;0;0;0;0;0;0;0;0
381;2001;11;14;Honda Center;0;220;214;0;0;0;0;0;0;0;0;0;0;0;0;;;;0;0;0;0;0;0;0;0;0;0;0;0;0;0;0;0;0;0;0;0;0;0;0;0;Regular Season;0;0;0;0;0;0;0;0;0;0
382;2001;11;14;Madison Square Garden;0;10;14;0;0;0;0;0;0;0;0;0;0;0;0;;;;0;0;0;0;0;0;0;0;0;0;0;0;0;0;0;0;0;0;0;0;0;0;0;0;Regular Season;0;0;0;0;0;0;0;0;0;0
383;2001;11;14;Pittsburgh Civic Arena;0;15;20;0;0;0;0;0;0;0;0;0;0;0;0;;;;0;0;0;0;0;0;0;0;0;0;0;0;0;0;0;0;0;0;0;0;0;0;0;0;Regular Season;0;0;0;0;0;0;0;0;0;0
384;2001;11;15;TD Garden;0;5;21;0;0;0;0;0;0;0;0;0;0;0;0;;;;0;0;0;0;0;0;0;0;0;0;0;0;0;0;0;0;0;0;0;0;0;0;0;0;Regular Season;0;0;0;0;0;0;0;0;0;0
385;2001;11;15;Scotiabank Saddledome;0;19;8;0;0;0;0;0;0;0;0;0;0;0;0;;;;0;0;0;0;0;0;0;0;0;0;0;0;0;0;0;0;0;0;0;0;0;0;0;0;Regular Season;0;0;0;0;0;0;0;0;0;0
386;2001;11;15;Staples Center;0;11;12;0;0;0;0;0;0;0;0;0;0;0;0;;;;0;0;0;0;0;0;0;0;0;0;0;0;0;0;0;0;0;0;0;0;0;0;0;0;Regular Season;0;0;0;0;0;0;0;0;0;0
387;2001;11;15;Canadian Tire Centre;0;216;24;0;0;0;0;0;0;0;0;0;0;0;0;;;;0;0;0;0;0;0;0;0;0;0;0;0;0;0;0;0;0;0;0;0;0;0;0;0;Regular Season;0;0;0;0;0;0;0;0;0;0
388;2001;11;15;Wells Fargo Center;0;14;22;0;0;0;0;0;0;0;0;0;0;0;0;;;;0;0;0;0;0;0;0;0;0;0;0;0;0;0;0;0;0;0;0;0;0;0;0;0;Regular Season;0;0;0;0;0;0;0;0;0;0
389;2001;11;15;America West Arena;0;26;214;0;0;0;0;0;0;0;0;0;0;0;0;;;;0;0;0;0;0;0;0;0;0;0;0;0;0;0;0;0;0;0;0;0;0;0;0;0;Regular Season;0;0;0;0;0;0;0;0;0;0
390;2001;11;15;Amalie Arena;0;217;3;0;0;0;0;0;0;0;0;0;0;0;0;;;;0;0;0;0;0;0;0;0;0;0;0;0;0;0;0;0;0;0;0;0;0;0;0;0;Regular Season;0;0;0;0;0;0;0;0;0;0
391;2001;11;15;Rogers Arena;0;18;16;0;0;0;0;0;0;0;0;0;0;0;0;;;;0;0;0;0;0;0;0;0;0;0;0;0;0;0;0;0;0;0;0;0;0;0;0;0;Regular Season;0;0;0;0;0;0;0;0;0;0
392;2001;11;16;Philips Arena;0;227;224;0;0;0;0;0;0;0;0;0;0;0;0;;;;0;0;0;0;0;0;0;0;0;0;0;0;0;0;0;0;0;0;0;0;0;0;0;0;Regular Season;0;0;0;0;0;0;0;0;0;0
393;2001;11;16;KeyBank Center;0;17;221;0;0;0;0;0;0;0;0;0;0;0;0;;;;0;0;0;0;0;0;0;0;0;0;0;0;0;0;0;0;0;0;0;0;0;0;0;0;Regular Season;0;0;0;0;0;0;0;0;0;0
394;2001;11;16;Nationwide Arena;0;229;220;0;0;0;0;0;0;0;0;0;0;0;0;;;;0;0;0;0;0;0;0;0;0;0;0;0;0;0;0;0;0;0;0;0;0;0;0;0;Regular Season;0;0;0;0;0;0;0;0;0;0
395;2001;11;16;Pepsi Center;0;25;20;0;0;0;0;0;0;0;0;0;0;0;0;;;;0;0;0;0;0;0;0;0;0;0;0;0;0;0;0;0;0;0;0;0;0;0;0;0;Regular Season;0;0;0;0;0;0;0;0;0;0
396;2001;11;16;Joe Louis Arena;0;9;230;0;0;0;0;0;0;0;0;0;0;0;0;;;;0;0;0;0;0;0;0;0;0;0;0;0;0;0;0;0;0;0;0;0;0;0;0;0;Regular Season;0;0;0;0;0;0;0;0;0;0
397;2001;11;16;Rexall Place;0;23;8;0;0;0;0;0;0;0;0;0;0;0;0;;;;0;0;0;0;0;0;0;0;0;0;0;0;0;0;0;0;0;0;0;0;0;0;0;0;Regular Season;0;0;0;0;0;0;0;0;0;0
398;2001;11;17;TD Garden;0;5;17;0;0;0;0;0;0;0;0;0;0;0;0;;;;0;0;0;0;0;0;0;0;0;0;0;0;0;0;0;0;0;0;0;0;0;0;0;0;Regular Season;0;0;0;0;0;0;0;0;0;0
399;2001;11;17;Scotiabank Saddledome;0;19;16;0;0;0;0;0;0;0;0;0;0;0;0;;;;0;0;0;0;0;0;0;0;0;0;0;0;0;0;0;0;0;0;0;0;0;0;0;0;Regular Season;0;0;0;0;0;0;0;0;0;0
400;2001;11;17;Joe Louis Arena;0;9;11;0;0;0;0;0;0;0;0;0;0;0;0;;;;0;0;0;0;0;0;0;0;0;0;0;0;0;0;0;0;0;0;0;0;0;0;0;0;Regular Season;0;0;0;0;0;0;0;0;0;0
401;2001;11;17;Bell Centre;0;0;221;0;0;0;0;0;0;0;0;0;0;0;0;;;;0;0;0;0;0;0;0;0;0;0;0;0;0;0;0;0;0;0;0;0;0;0;0;0;Regular Season;0;0;0;0;0;0;0;0;0;0
402;2001;11;17;Brendan Byrne Arena;0;21;14;0;0;0;0;0;0;0;0;0;0;0;0;;;;0;0;0;0;0;0;0;0;0;0;0;0;0;0;0;0;0;0;0;0;0;0;0;0;Regular Season;0;0;0;0;0;0;0;0;0;0
403;2001;11;17;Bridgestone Arena;0;224;229;0;0;0;0;0;0;0;0;0;0;0;0;;;;0;0;0;0;0;0;0;0;0;0;0;0;0;0;0;0;0;0;0;0;0;0;0;0;Regular Season;0;0;0;0;0;0;0;0;0;0
404;2001;11;17;Canadian Tire Centre;0;216;3;0;0;0;0;0;0;0;0;0;0;0;0;;;;0;0;0;0;0;0;0;0;0;0;0;0;0;0;0;0;0;0;0;0;0;0;0;0;Regular Season;0;0;0;0;0;0;0;0;0;0
405;2001;11;17;America West Arena;0;26;20;0;0;0;0;0;0;0;0;0;0;0;0;;;;0;0;0;0;0;0;0;0;0;0;0;0;0;0;0;0;0;0;0;0;0;0;0;0;Regular Season;0;0;0;0;0;0;0;0;0;0
406;2001;11;17;Pittsburgh Civic Arena;0;15;10;0;0;0;0;0;0;0;0;0;0;0;0;;;;0;0;0;0;0;0;0;0;0;0;0;0;0;0;0;0;0;0;0;0;0;0;0;0;Regular Season;0;0;0;0;0;0;0;0;0;0
407;2001;11;17;SAP Center;0;214;12;0;0;0;0;0;0;0;0;0;0;0;0;;;;0;0;0;0;0;0;0;0;0;0;0;0;0;0;0;0;0;0;0;0;0;0;0;0;Regular Season;0;0;0;0;0;0;0;0;0;0
408;2001;11;17;Amalie Arena;0;217;24;0;0;0;0;0;0;0;0;0;0;0;0;;;;0;0;0;0;0;0;0;0;0;0;0;0;0;0;0;0;0;0;0;0;0;0;0;0;Regular Season;0;0;0;0;0;0;0;0;0;0
409;2001;11;17;Rogers Arena;0;18;23;0;0;0;0;0;0;0;0;0;0;0;0;;;;0;0;0;0;0;0;0;0;0;0;0;0;0;0;0;0;0;0;0;0;0;0;0;0;Regular Season;0;0;0;0;0;0;0;0;0;0
410;2001;11;17;Verizon Center;0;22;220;0;0;0;0;0;0;0;0;0;0;0;0;;;;0;0;0;0;0;0;0;0;0;0;0;0;0;0;0;0;0;0;0;0;0;0;0;0;Regular Season;0;0;0;0;0;0;0;0;0;0
411;2001;11;18;Xcel Energy Center;0;230;11;0;0;0;0;0;0;0;0;0;0;0;0;;;;0;0;0;0;0;0;0;0;0;0;0;0;0;0;0;0;0;0;0;0;0;0;0;0;Regular Season;0;0;0;0;0;0;0;0;0;0
412;2001;11;18;Brendan Byrne Arena;0;21;25;0;0;0;0;0;0;0;0;0;0;0;0;;;;0;0;0;0;0;0;0;0;0;0;0;0;0;0;0;0;0;0;0;0;0;0;0;0;Regular Season;0;0;0;0;0;0;0;0;0;0
413;2001;11;18;Madison Square Garden;0;10;227;0;0;0;0;0;0;0;0;0;0;0;0;;;;0;0;0;0;0;0;0;0;0;0;0;0;0;0;0;0;0;0;0;0;0;0;0;0;Regular Season;0;0;0;0;0;0;0;0;0;0
414;2001;11;19;Philips Arena;0;227;17;0;0;0;0;0;0;0;0;0;0;0;0;;;;0;0;0;0;0;0;0;0;0;0;0;0;0;0;0;0;0;0;0;0;0;0;0;0;Regular Season;0;0;0;0;0;0;0;0;0;0
415;2001;11;19;PNC Arena;0;24;229;0;0;0;0;0;0;0;0;0;0;0;0;;;;0;0;0;0;0;0;0;0;0;0;0;0;0;0;0;0;0;0;0;0;0;0;0;0;Regular Season;0;0;0;0;0;0;0;0;0;0
416;2001;11;19;American Airlines Center;0;12;20;0;0;0;0;0;0;0;0;0;0;0;0;;;;0;0;0;0;0;0;0;0;0;0;0;0;0;0;0;0;0;0;0;0;0;0;0;0;Regular Season;0;0;0;0;0;0;0;0;0;0
417;2001;11;19;Air Canada Centre;0;3;221;0;0;0;0;0;0;0;0;0;0;0;0;;;;0;0;0;0;0;0;0;0;0;0;0;0;0;0;0;0;0;0;0;0;0;0;0;0;Regular Season;0;0;0;0;0;0;0;0;0;0
418;2001;11;20;Scotiabank Saddledome;0;19;11;0;0;0;0;0;0;0;0;0;0;0;0;;;;0;0;0;0;0;0;0;0;0;0;0;0;0;0;0;0;0;0;0;0;0;0;0;0;Regular Season;0;0;0;0;0;0;0;0;0;0
419;2001;11;20;Joe Louis Arena;0;9;224;0;0;0;0;0;0;0;0;0;0;0;0;;;;0;0;0;0;0;0;0;0;0;0;0;0;0;0;0;0;0;0;0;0;0;0;0;0;Regular Season;0;0;0;0;0;0;0;0;0;0
420;2001;11;20;Rexall Place;0;23;16;0;0;0;0;0;0;0;0;0;0;0;0;;;;0;0;0;0;0;0;0;0;0;0;0;0;0;0;0;0;0;0;0;0;0;0;0;0;Regular Season;0;0;0;0;0;0;0;0;0;0
421;2001;11;20;Bell Centre;0;0;5;0;0;0;0;0;0;0;0;0;0;0;0;;;;0;0;0;0;0;0;0;0;0;0;0;0;0;0;0;0;0;0;0;0;0;0;0;0;Regular Season;0;0;0;0;0;0;0;0;0;0
422;2001;11;20;Madison Square Garden;0;10;25;0;0;0;0;0;0;0;0;0;0;0;0;;;;0;0;0;0;0;0;0;0;0;0;0;0;0;0;0;0;0;0;0;0;0;0;0;0;Regular Season;0;0;0;0;0;0;0;0;0;0
423;2001;11;20;Canadian Tire Centre;0;216;18;0;0;0;0;0;0;0;0;0;0;0;0;;;;0;0;0;0;0;0;0;0;0;0;0;0;0;0;0;0;0;0;0;0;0;0;0;0;Regular Season;0;0;0;0;0;0;0;0;0;0
424;2001;11;20;Wells Fargo Center;0;14;21;0;0;0;0;0;0;0;0;0;0;0;0;;;;0;0;0;0;0;0;0;0;0;0;0;0;0;0;0;0;0;0;0;0;0;0;0;0;Regular Season;0;0;0;0;0;0;0;0;0;0
425;2001;11;20;America West Arena;0;26;230;0;0;0;0;0;0;0;0;0;0;0;0;;;;0;0;0;0;0;0;0;0;0;0;0;0;0;0;0;0;0;0;0;0;0;0;0;0;Regular Season;0;0;0;0;0;0;0;0;0;0
426;2001;11;20;Amalie Arena;0;217;220;0;0;0;0;0;0;0;0;0;0;0;0;;;;0;0;0;0;0;0;0;0;0;0;0;0;0;0;0;0;0;0;0;0;0;0;0;0;Regular Season;0;0;0;0;0;0;0;0;0;0
427;2001;11;21;KeyBank Center;0;17;3;0;0;0;0;0;0;0;0;0;0;0;0;;;;0;0;0;0;0;0;0;0;0;0;0;0;0;0;0;0;0;0;0;0;0;0;0;0;Regular Season;0;0;0;0;0;0;0;0;0;0
428;2001;11;21;Nationwide Arena;0;229;9;0;0;0;0;0;0;0;0;0;0;0;0;;;;0;0;0;0;0;0;0;0;0;0;0;0;0;0;0;0;0;0;0;0;0;0;0;0;Regular Season;0;0;0;0;0;0;0;0;0;0
429;2001;11;21;American Airlines Center;0;12;24;0;0;0;0;0;0;0;0;0;0;0;0;;;;0;0;0;0;0;0;0;0;0;0;0;0;0;0;0;0;0;0;0;0;0;0;0;0;Regular Season;0;0;0;0;0;0;0;0;0;0
430;2001;11;21;BB&T Center;0;221;220;0;0;0;0;0;0;0;0;0;0;0;0;;;;0;0;0;0;0;0;0;0;0;0;0;0;0;0;0;0;0;0;0;0;0;0;0;0;Regular Season;0;0;0;0;0;0;0;0;0;0
431;2001;11;21;Bridgestone Arena;0;224;8;0;0;0;0;0;0;0;0;0;0;0;0;;;;0;0;0;0;0;0;0;0;0;0;0;0;0;0;0;0;0;0;0;0;0;0;0;0;Regular Season;0;0;0;0;0;0;0;0;0;0
432;2001;11;21;Nassau Veterans Memorial Coliseum;0;20;25;0;0;0;0;0;0;0;0;0;0;0;0;;;;0;0;0;0;0;0;0;0;0;0;0;0;0;0;0;0;0;0;0;0;0;0;0;0;Regular Season;0;0;0;0;0;0;0;0;0;0
433;2001;11;21;Pittsburgh Civic Arena;0;15;18;0;0;0;0;0;0;0;0;0;0;0;0;;;;0;0;0;0;0;0;0;0;0;0;0;0;0;0;0;0;0;0;0;0;0;0;0;0;Regular Season;0;0;0;0;0;0;0;0;0;0
434;2001;11;21;SAP Center;0;214;230;0;0;0;0;0;0;0;0;0;0;0;0;;;;0;0;0;0;0;0;0;0;0;0;0;0;0;0;0;0;0;0;0;0;0;0;0;0;Regular Season;0;0;0;0;0;0;0;0;0;0
435;2001;11;21;Verizon Center;0;22;217;0;0;0;0;0;0;0;0;0;0;0;0;;;;0;0;0;0;0;0;0;0;0;0;0;0;0;0;0;0;0;0;0;0;0;0;0;0;Regular Season;0;0;0;0;0;0;0;0;0;0
436;2001;11;22;Philips Arena;0;227;0;0;0;0;0;0;0;0;0;0;0;0;0;;;;0;0;0;0;0;0;0;0;0;0;0;0;0;0;0;0;0;0;0;0;0;0;0;0;Regular Season;0;0;0;0;0;0;0;0;0;0
437;2001;11;22;Rexall Place;0;23;11;0;0;0;0;0;0;0;0;0;0;0;0;;;;0;0;0;0;0;0;0;0;0;0;0;0;0;0;0;0;0;0;0;0;0;0;0;0;Regular Season;0;0;0;0;0;0;0;0;0;0
438;2001;11;22;Canadian Tire Centre;0;216;19;0;0;0;0;0;0;0;0;0;0;0;0;;;;0;0;0;0;0;0;0;0;0;0;0;0;0;0;0;0;0;0;0;0;0;0;0;0;Regular Season;0;0;0;0;0;0;0;0;0;0
439;2001;11;23;TD Garden;0;5;18;0;0;0;0;0;0;0;0;0;0;0;0;;;;0;0;0;0;0;0;0;0;0;0;0;0;0;0;0;0;0;0;0;0;0;0;0;0;Regular Season;0;0;0;0;0;0;0;0;0;0
440;2001;11;23;KeyBank Center;0;17;19;0;0;0;0;0;0;0;0;0;0;0;0;;;;0;0;0;0;0;0;0;0;0;0;0;0;0;0;0;0;0;0;0;0;0;0;0;0;Regular Season;0;0;0;0;0;0;0;0;0;0
441;2001;11;23;Nationwide Arena;0;229;8;0;0;0;0;0;0;0;0;0;0;0;0;;;;0;0;0;0;0;0;0;0;0;0;0;0;0;0;0;0;0;0;0;0;0;0;0;0;Regular Season;0;0;0;0;0;0;0;0;0;0
442;2001;11;23;American Airlines Center;0;12;14;0;0;0;0;0;0;0;0;0;0;0;0;;;;0;0;0;0;0;0;0;0;0;0;0;0;0;0;0;0;0;0;0;0;0;0;0;0;Regular Season;0;0;0;0;0;0;0;0;0;0
443;2001;11;23;Joe Louis Arena;0;9;16;0;0;0;0;0;0;0;0;0;0;0;0;;;;0;0;0;0;0;0;0;0;0;0;0;0;0;0;0;0;0;0;0;0;0;0;0;0;Regular Season;0;0;0;0;0;0;0;0;0;0
444;2001;11;23;Xcel Energy Center;0;230;26;0;0;0;0;0;0;0;0;0;0;0;0;;;;0;0;0;0;0;0;0;0;0;0;0;0;0;0;0;0;0;0;0;0;0;0;0;0;Regular Season;0;0;0;0;0;0;0;0;0;0
445;2001;11;23;Bridgestone Arena;0;224;15;0;0;0;0;0;0;0;0;0;0;0;0;;;;0;0;0;0;0;0;0;0;0;0;0;0;0;0;0;0;0;0;0;0;0;0;0;0;Regular Season;0;0;0;0;0;0;0;0;0;0
446;2001;11;23;Nassau Veterans Memorial Coliseum;0;20;3;0;0;0;0;0;0;0;0;0;0;0;0;;;;0;0;0;0;0;0;0;0;0;0;0;0;0;0;0;0;0;0;0;0;0;0;0;0;Regular Season;0;0;0;0;0;0;0;0;0;0
447;2001;11;23;Amalie Arena;0;217;21;0;0;0;0;0;0;0;0;0;0;0;0;;;;0;0;0;0;0;0;0;0;0;0;0;0;0;0;0;0;0;0;0;0;0;0;0;0;Regular Season;0;0;0;0;0;0;0;0;0;0
448;2001;11;23;Verizon Center;0;22;10;0;0;0;0;0;0;0;0;0;0;0;0;;;;0;0;0;0;0;0;0;0;0;0;0;0;0;0;0;0;0;0;0;0;0;0;0;0;Regular Season;0;0;0;0;0;0;0;0;0;0
449;2001;11;24;Pepsi Center;0;25;23;0;0;0;0;0;0;0;0;0;0;0;0;;;;0;0;0;0;0;0;0;0;0;0;0;0;0;0;0;0;0;0;0;0;0;0;0;0;Regular Season;0;0;0;0;0;0;0;0;0;0
450;2001;11;24;BB&T Center;0;221;21;0;0;0;0;0;0;0;0;0;0;0;0;;;;0;0;0;0;0;0;0;0;0;0;0;0;0;0;0;0;0;0;0;0;0;0;0;0;Regular Season;0;0;0;0;0;0;0;0;0;0
451;2001;11;24;Staples Center;0;11;214;0;0;0;0;0;0;0;0;0;0;0;0;;;;0;0;0;0;0;0;0;0;0;0;0;0;0;0;0;0;0;0;0;0;0;0;0;0;Regular Season;0;0;0;0;0;0;0;0;0;0
452;2001;11;24;Bell Centre;0;0;22;0;0;0;0;0;0;0;0;0;0;0;0;;;;0;0;0;0;0;0;0;0;0;0;0;0;0;0;0;0;0;0;0;0;0;0;0;0;Regular Season;0;0;0;0;0;0;0;0;0;0
453;2001;11;24;Nassau Veterans Memorial Coliseum;0;20;220;0;0;0;0;0;0;0;0;0;0;0;0;;;;0;0;0;0;0;0;0;0;0;0;0;0;0;0;0;0;0;0;0;0;0;0;0;0;Regular Season;0;0;0;0;0;0;0;0;0;0
454;2001;11;24;Canadian Tire Centre;0;216;227;0;0;0;0;0;0;0;0;0;0;0;0;;;;0;0;0;0;0;0;0;0;0;0;0;0;0;0;0;0;0;0;0;0;0;0;0;0;Regular Season;0;0;0;0;0;0;0;0;0;0
455;2001;11;24;Pittsburgh Civic Arena;0;15;17;0;0;0;0;0;0;0;0;0;0;0;0;;;;0;0;0;0;0;0;0;0;0;0;0;0;0;0;0;0;0;0;0;0;0;0;0;0;Regular Season;0;0;0;0;0;0;0;0;0;0
456;2001;11;24;Scottrade Center;0;16;26;0;0;0;0;0;0;0;0;0;0;0;0;;;;0;0;0;0;0;0;0;0;0;0;0;0;0;0;0;0;0;0;0;0;0;0;0;0;Regular Season;0;0;0;0;0;0;0;0;0;0
457;2001;11;24;Air Canada Centre;0;3;5;0;0;0;0;0;0;0;0;0;0;0;0;;;;0;0;0;0;0;0;0;0;0;0;0;0;0;0;0;0;0;0;0;0;0;0;0;0;Regular Season;0;0;0;0;0;0;0;0;0;0
458;2001;11;25;PNC Arena;0;24;217;0;0;0;0;0;0;0;0;0;0;0;0;;;;0;0;0;0;0;0;0;0;0;0;0;0;0;0;0;0;0;0;0;0;0;0;0;0;Regular Season;0;0;0;0;0;0;0;0;0;0
459;2001;11;25;Nationwide Arena;0;229;19;0;0;0;0;0;0;0;0;0;0;0;0;;;;0;0;0;0;0;0;0;0;0;0;0;0;0;0;0;0;0;0;0;0;0;0;0;0;Regular Season;0;0;0;0;0;0;0;0;0;0
460;2001;11;25;Joe Louis Arena;0;9;8;0;0;0;0;0;0;0;0;0;0;0;0;;;;0;0;0;0;0;0;0;0;0;0;0;0;0;0;0;0;0;0;0;0;0;0;0;0;Regular Season;0;0;0;0;0;0;0;0;0;0
461;2001;11;25;Xcel Energy Center;0;230;12;0;0;0;0;0;0;0;0;0;0;0;0;;;;0;0;0;0;0;0;0;0;0;0;0;0;0;0;0;0;0;0;0;0;0;0;0;0;Regular Season;0;0;0;0;0;0;0;0;0;0
462;2001;11;25;Madison Square Garden;0;10;220;0;0;0;0;0;0;0;0;0;0;0;0;;;;0;0;0;0;0;0;0;0;0;0;0;0;0;0;0;0;0;0;0;0;0;0;0;0;Regular Season;0;0;0;0;0;0;0;0;0;0
463;2001;11;25;Wells Fargo Center;0;14;18;0;0;0;0;0;0;0;0;0;0;0;0;;;;0;0;0;0;0;0;0;0;0;0;0;0;0;0;0;0;0;0;0;0;0;0;0;0;Regular Season;0;0;0;0;0;0;0;0;0;0
464;2001;11;27;TD Garden;0;5;217;0;0;0;0;0;0;0;0;0;0;0;0;;;;0;0;0;0;0;0;0;0;0;0;0;0;0;0;0;0;0;0;0;0;0;0;0;0;Regular Season;0;0;0;0;0;0;0;0;0;0
465;2001;11;27;KeyBank Center;0;17;10;0;0;0;0;0;0;0;0;0;0;0;0;;;;0;0;0;0;0;0;0;0;0;0;0;0;0;0;0;0;0;0;0;0;0;0;0;0;Regular Season;0;0;0;0;0;0;0;0;0;0
466;2001;11;27;Nationwide Arena;0;229;26;0;0;0;0;0;0;0;0;0;0;0;0;;;;0;0;0;0;0;0;0;0;0;0;0;0;0;0;0;0;0;0;0;0;0;0;0;0;Regular Season;0;0;0;0;0;0;0;0;0;0
467;2001;11;27;Pepsi Center;0;25;221;0;0;0;0;0;0;0;0;0;0;0;0;;;;0;0;0;0;0;0;0;0;0;0;0;0;0;0;0;0;0;0;0;0;0;0;0;0;Regular Season;0;0;0;0;0;0;0;0;0;0
468;2001;11;27;Joe Louis Arena;0;9;19;0;0;0;0;0;0;0;0;0;0;0;0;;;;0;0;0;0;0;0;0;0;0;0;0;0;0;0;0;0;0;0;0;0;0;0;0;0;Regular Season;0;0;0;0;0;0;0;0;0;0
469;2001;11;27;Xcel Energy Center;0;230;18;0;0;0;0;0;0;0;0;0;0;0;0;;;;0;0;0;0;0;0;0;0;0;0;0;0;0;0;0;0;0;0;0;0;0;0;0;0;Regular Season;0;0;0;0;0;0;0;0;0;0
470;2001;11;27;Bell Centre;0;0;227;0;0;0;0;0;0;0;0;0;0;0;0;;;;0;0;0;0;0;0;0;0;0;0;0;0;0;0;0;0;0;0;0;0;0;0;0;0;Regular Season;0;0;0;0;0;0;0;0;0;0
471;2001;11;27;Nassau Veterans Memorial Coliseum;0;20;22;0;0;0;0;0;0;0;0;0;0;0;0;;;;0;0;0;0;0;0;0;0;0;0;0;0;0;0;0;0;0;0;0;0;0;0;0;0;Regular Season;0;0;0;0;0;0;0;0;0;0
472;2001;11;27;Pittsburgh Civic Arena;0;15;21;0;0;0;0;0;0;0;0;0;0;0;0;;;;0;0;0;0;0;0;0;0;0;0;0;0;0;0;0;0;0;0;0;0;0;0;0;0;Regular Season;0;0;0;0;0;0;0;0;0;0
473;2001;11;27;SAP Center;0;214;224;0;0;0;0;0;0;0;0;0;0;0;0;;;;0;0;0;0;0;0;0;0;0;0;0;0;0;0;0;0;0;0;0;0;0;0;0;0;Regular Season;0;0;0;0;0;0;0;0;0;0
474;2001;11;27;Scottrade Center;0;16;216;0;0;0;0;0;0;0;0;0;0;0;0;;;;0;0;0;0;0;0;0;0;0;0;0;0;0;0;0;0;0;0;0;0;0;0;0;0;Regular Season;0;0;0;0;0;0;0;0;0;0
475;2001;11;27;Air Canada Centre;0;3;24;0;0;0;0;0;0;0;0;0;0;0;0;;;;0;0;0;0;0;0;0;0;0;0;0;0;0;0;0;0;0;0;0;0;0;0;0;0;Regular Season;0;0;0;0;0;0;0;0;0;0
476;2001;11;28;United Center;0;8;18;0;0;0;0;0;0;0;0;0;0;0;0;;;;0;0;0;0;0;0;0;0;0;0;0;0;0;0;0;0;0;0;0;0;0;0;0;0;Regular Season;0;0;0;0;0;0;0;0;0;0
477;2001;11;28;Honda Center;0;220;23;0;0;0;0;0;0;0;0;0;0;0;0;;;;0;0;0;0;0;0;0;0;0;0;0;0;0;0;0;0;0;0;0;0;0;0;0;0;Regular Season;0;0;0;0;0;0;0;0;0;0
478;2001;11;28;Verizon Center;0;22;17;0;0;0;0;0;0;0;0;0;0;0;0;;;;0;0;0;0;0;0;0;0;0;0;0;0;0;0;0;0;0;0;0;0;0;0;0;0;Regular Season;0;0;0;0;0;0;0;0;0;0
479;2001;11;29;Nationwide Arena;0;229;16;0;0;0;0;0;0;0;0;0;0;0;0;;;;0;0;0;0;0;0;0;0;0;0;0;0;0;0;0;0;0;0;0;0;0;0;0;0;Regular Season;0;0;0;0;0;0;0;0;0;0
480;2001;11;29;Scotiabank Saddledome;0;19;12;0;0;0;0;0;0;0;0;0;0;0;0;;;;0;0;0;0;0;0;0;0;0;0;0;0;0;0;0;0;0;0;0;0;0;0;0;0;Regular Season;0;0;0;0;0;0;0;0;0;0
481;2001;11;29;Staples Center;0;11;23;0;0;0;0;0;0;0;0;0;0;0;0;;;;0;0;0;0;0;0;0;0;0;0;0;0;0;0;0;0;0;0;0;0;0;0;0;0;Regular Season;0;0;0;0;0;0;0;0;0;0
482;2001;11;29;Xcel Energy Center;0;230;221;0;0;0;0;0;0;0;0;0;0;0;0;;;;0;0;0;0;0;0;0;0;0;0;0;0;0;0;0;0;0;0;0;0;0;0;0;0;Regular Season;0;0;0;0;0;0;0;0;0;0
483;2001;11;29;Nassau Veterans Memorial Coliseum;0;20;0;0;0;0;0;0;0;0;0;0;0;0;0;;;;0;0;0;0;0;0;0;0;0;0;0;0;0;0;0;0;0;0;0;0;0;0;0;0;Regular Season;0;0;0;0;0;0;0;0;0;0
484;2001;11;29;Madison Square Garden;0;10;24;0;0;0;0;0;0;0;0;0;0;0;0;;;;0;0;0;0;0;0;0;0;0;0;0;0;0;0;0;0;0;0;0;0;0;0;0;0;Regular Season;0;0;0;0;0;0;0;0;0;0
485;2001;11;29;Wells Fargo Center;0;14;5;0;0;0;0;0;0;0;0;0;0;0;0;;;;0;0;0;0;0;0;0;0;0;0;0;0;0;0;0;0;0;0;0;0;0;0;0;0;Regular Season;0;0;0;0;0;0;0;0;0;0
486;2001;11;29;America West Arena;0;26;224;0;0;0;0;0;0;0;0;0;0;0;0;;;;0;0;0;0;0;0;0;0;0;0;0;0;0;0;0;0;0;0;0;0;0;0;0;0;Regular Season;0;0;0;0;0;0;0;0;0;0
487;2001;11;29;SAP Center;0;214;15;0;0;0;0;0;0;0;0;0;0;0;0;;;;0;0;0;0;0;0;0;0;0;0;0;0;0;0;0;0;0;0;0;0;0;0;0;0;Regular Season;0;0;0;0;0;0;0;0;0;0
488;2001;11;29;Amalie Arena;0;217;227;0;0;0;0;0;0;0;0;0;0;0;0;;;;0;0;0;0;0;0;0;0;0;0;0;0;0;0;0;0;0;0;0;0;0;0;0;0;Regular Season;0;0;0;0;0;0;0;0;0;0
489;2001;11;30;United Center;0;8;3;0;0;0;0;0;0;0;0;0;0;0;0;;;;0;0;0;0;0;0;0;0;0;0;0;0;0;0;0;0;0;0;0;0;0;0;0;0;Regular Season;0;0;0;0;0;0;0;0;0;0
490;2001;11;30;Joe Louis Arena;0;9;21;0;0;0;0;0;0;0;0;0;0;0;0;;;;0;0;0;0;0;0;0;0;0;0;0;0;0;0;0;0;0;0;0;0;0;0;0;0;Regular Season;0;0;0;0;0;0;0;0;0;0
491;2001;11;30;Honda Center;0;220;214;0;0;0;0;0;0;0;0;0;0;0;0;;;;0;0;0;0;0;0;0;0;0;0;0;0;0;0;0;0;0;0;0;0;0;0;0;0;Regular Season;0;0;0;0;0;0;0;0;0;0
492;2001;11;30;Rogers Arena;0;18;25;0;0;0;0;0;0;0;0;0;0;0;0;;;;0;0;0;0;0;0;0;0;0;0;0;0;0;0;0;0;0;0;0;0;0;0;0;0;Regular Season;0;0;0;0;0;0;0;0;0;0
493;2001;11;30;Verizon Center;0;22;24;0;0;0;0;0;0;0;0;0;0;0;0;;;;0;0;0;0;0;0;0;0;0;0;0;0;0;0;0;0;0;0;0;0;0;0;0;0;Regular Season;0;0;0;0;0;0;0;0;0;0
494;2001;12;1;Scotiabank Saddledome;0;19;25;0;0;0;0;0;0;0;0;0;0;0;0;;;;0;0;0;0;0;0;0;0;0;0;0;0;0;0;0;0;0;0;0;0;0;0;0;0;Regular Season;0;0;0;0;0;0;0;0;0;0
495;2001;12;1;Rexall Place;0;23;12;0;0;0;0;0;0;0;0;0;0;0;0;;;;0;0;0;0;0;0;0;0;0;0;0;0;0;0;0;0;0;0;0;0;0;0;0;0;Regular Season;0;0;0;0;0;0;0;0;0;0
496;2001;12;1;BB&T Center;0;221;227;0;0;0;0;0;0;0;0;0;0;0;0;;;;0;0;0;0;0;0;0;0;0;0;0;0;0;0;0;0;0;0;0;0;0;0;0;0;Regular Season;0;0;0;0;0;0;0;0;0;0
497;2001;12;1;Staples Center;0;11;224;0;0;0;0;0;0;0;0;0;0;0;0;;;;0;0;0;0;0;0;0;0;0;0;0;0;0;0;0;0;0;0;0;0;0;0;0;0;Regular Season;0;0;0;0;0;0;0;0;0;0
498;2001;12;1;Bell Centre;0;0;10;0;0;0;0;0;0;0;0;0;0;0;0;;;;0;0;0;0;0;0;0;0;0;0;0;0;0;0;0;0;0;0;0;0;0;0;0;0;Regular Season;0;0;0;0;0;0;0;0;0;0
499;2001;12;1;Brendan Byrne Arena;0;21;9;0;0;0;0;0;0;0;0;0;0;0;0;;;;0;0;0;0;0;0;0;0;0;0;0;0;0;0;0;0;0;0;0;0;0;0;0;0;Regular Season;0;0;0;0;0;0;0;0;0;0
500;2001;12;1;Nassau Veterans Memorial Coliseum;0;20;17;0;0;0;0;0;0;0;0;0;0;0;0;;;;0;0;0;0;0;0;0;0;0;0;0;0;0;0;0;0;0;0;0;0;0;0;0;0;Regular Season;0;0;0;0;0;0;0;0;0;0
501;2001;12;1;Canadian Tire Centre;0;216;5;0;0;0;0;0;0;0;0;0;0;0;0;;;;0;0;0;0;0;0;0;0;0;0;0;0;0;0;0;0;0;0;0;0;0;0;0;0;Regular Season;0;0;0;0;0;0;0;0;0;0
502;2001;12;1;Wells Fargo Center;0;14;217;0;0;0;0;0;0;0;0;0;0;0;0;;;;0;0;0;0;0;0;0;0;0;0;0;0;0;0;0;0;0;0;0;0;0;0;0;0;Regular Season;0;0;0;0;0;0;0;0;0;0
503;2001;12;1;America West Arena;0;26;15;0;0;0;0;0;0;0;0;0;0;0;0;;;;0;0;0;0;0;0;0;0;0;0;0;0;0;0;0;0;0;0;0;0;0;0;0;0;Regular Season;0;0;0;0;0;0;0;0;0;0
504;2001;12;1;Scottrade Center;0;16;229;0;0;0;0;0;0;0;0;0;0;0;0;;;;0;0;0;0;0;0;0;0;0;0;0;0;0;0;0;0;0;0;0;0;0;0;0;0;Regular Season;0;0;0;0;0;0;0;0;0;0
505;2001;12;1;Air Canada Centre;0;3;8;0;0;0;0;0;0;0;0;0;0;0;0;;;;0;0;0;0;0;0;0;0;0;0;0;0;0;0;0;0;0;0;0;0;0;0;0;0;Regular Season;0;0;0;0;0;0;0;0;0;0
506;2001;12;2;PNC Arena;0;24;22;0;0;0;0;0;0;0;0;0;0;0;0;;;;0;0;0;0;0;0;0;0;0;0;0;0;0;0;0;0;0;0;0;0;0;0;0;0;Regular Season;0;0;0;0;0;0;0;0;0;0
507;2001;12;2;Honda Center;0;220;224;0;0;0;0;0;0;0;0;0;0;0;0;;;;0;0;0;0;0;0;0;0;0;0;0;0;0;0;0;0;0;0;0;0;0;0;0;0;Regular Season;0;0;0;0;0;0;0;0;0;0
508;2001;12;2;Xcel Energy Center;0;230;16;0;0;0;0;0;0;0;0;0;0;0;0;;;;0;0;0;0;0;0;0;0;0;0;0;0;0;0;0;0;0;0;0;0;0;0;0;0;Regular Season;0;0;0;0;0;0;0;0;0;0
509;2001;12;2;Madison Square Garden;0;10;217;0;0;0;0;0;0;0;0;0;0;0;0;;;;0;0;0;0;0;0;0;0;0;0;0;0;0;0;0;0;0;0;0;0;0;0;0;0;Regular Season;0;0;0;0;0;0;0;0;0;0
510;2001;12;2;Rogers Arena;0;18;12;0;0;0;0;0;0;0;0;0;0;0;0;;;;0;0;0;0;0;0;0;0;0;0;0;0;0;0;0;0;0;0;0;0;0;0;0;0;Regular Season;0;0;0;0;0;0;0;0;0;0
511;2001;12;3;Pepsi Center;0;25;216;0;0;0;0;0;0;0;0;0;0;0;0;;;;0;0;0;0;0;0;0;0;0;0;0;0;0;0;0;0;0;0;0;0;0;0;0;0;Regular Season;0;0;0;0;0;0;0;0;0;0
512;2001;12;3;Staples Center;0;11;19;0;0;0;0;0;0;0;0;0;0;0;0;;;;0;0;0;0;0;0;0;0;0;0;0;0;0;0;0;0;0;0;0;0;0;0;0;0;Regular Season;0;0;0;0;0;0;0;0;0;0
513;2001;12;3;Bell Centre;0;0;8;0;0;0;0;0;0;0;0;0;0;0;0;;;;0;0;0;0;0;0;0;0;0;0;0;0;0;0;0;0;0;0;0;0;0;0;0;0;Regular Season;0;0;0;0;0;0;0;0;0;0
514;2001;12;4;Philips Arena;0;227;5;0;0;0;0;0;0;0;0;0;0;0;0;;;;0;0;0;0;0;0;0;0;0;0;0;0;0;0;0;0;0;0;0;0;0;0;0;0;Regular Season;0;0;0;0;0;0;0;0;0;0
515;2001;12;4;PNC Arena;0;24;17;0;0;0;0;0;0;0;0;0;0;0;0;;;;0;0;0;0;0;0;0;0;0;0;0;0;0;0;0;0;0;0;0;0;0;0;0;0;Regular Season;0;0;0;0;0;0;0;0;0;0
516;2001;12;4;Brendan Byrne Arena;0;21;217;0;0;0;0;0;0;0;0;0;0;0;0;;;;0;0;0;0;0;0;0;0;0;0;0;0;0;0;0;0;0;0;0;0;0;0;0;0;Regular Season;0;0;0;0;0;0;0;0;0;0
517;2001;12;4;Nassau Veterans Memorial Coliseum;0;20;14;0;0;0;0;0;0;0;0;0;0;0;0;;;;0;0;0;0;0;0;0;0;0;0;0;0;0;0;0;0;0;0;0;0;0;0;0;0;Regular Season;0;0;0;0;0;0;0;0;0;0
518;2001;12;4;SAP Center;0;214;19;0;0;0;0;0;0;0;0;0;0;0;0;;;;0;0;0;0;0;0;0;0;0;0;0;0;0;0;0;0;0;0;0;0;0;0;0;0;Regular Season;0;0;0;0;0;0;0;0;0;0
519;2001;12;4;Air Canada Centre;0;3;15;0;0;0;0;0;0;0;0;0;0;0;0;;;;0;0;0;0;0;0;0;0;0;0;0;0;0;0;0;0;0;0;0;0;0;0;0;0;Regular Season;0;0;0;0;0;0;0;0;0;0
520;2001;12;4;Verizon Center;0;22;10;0;0;0;0;0;0;0;0;0;0;0;0;;;;0;0;0;0;0;0;0;0;0;0;0;0;0;0;0;0;0;0;0;0;0;0;0;0;Regular Season;0;0;0;0;0;0;0;0;0;0
521;2001;12;5;United Center;0;8;230;0;0;0;0;0;0;0;0;0;0;0;0;;;;0;0;0;0;0;0;0;0;0;0;0;0;0;0;0;0;0;0;0;0;0;0;0;0;Regular Season;0;0;0;0;0;0;0;0;0;0
522;2001;12;5;American Airlines Center;0;12;216;0;0;0;0;0;0;0;0;0;0;0;0;;;;0;0;0;0;0;0;0;0;0;0;0;0;0;0;0;0;0;0;0;0;0;0;0;0;Regular Season;0;0;0;0;0;0;0;0;0;0
523;2001;12;5;Joe Louis Arena;0;9;25;0;0;0;0;0;0;0;0;0;0;0;0;;;;0;0;0;0;0;0;0;0;0;0;0;0;0;0;0;0;0;0;0;0;0;0;0;0;Regular Season;0;0;0;0;0;0;0;0;0;0
524;2001;12;5;Rexall Place;0;23;220;0;0;0;0;0;0;0;0;0;0;0;0;;;;0;0;0;0;0;0;0;0;0;0;0;0;0;0;0;0;0;0;0;0;0;0;0;0;Regular Season;0;0;0;0;0;0;0;0;0;0
525;2001;12;5;BB&T Center;0;221;229;0;0;0;0;0;0;0;0;0;0;0;0;;;;0;0;0;0;0;0;0;0;0;0;0;0;0;0;0;0;0;0;0;0;0;0;0;0;Regular Season;0;0;0;0;0;0;0;0;0;0
526;2001;12;5;Bell Centre;0;0;21;0;0;0;0;0;0;0;0;0;0;0;0;;;;0;0;0;0;0;0;0;0;0;0;0;0;0;0;0;0;0;0;0;0;0;0;0;0;Regular Season;0;0;0;0;0;0;0;0;0;0
527;2001;12;5;America West Arena;0;26;16;0;0;0;0;0;0;0;0;0;0;0;0;;;;0;0;0;0;0;0;0;0;0;0;0;0;0;0;0;0;0;0;0;0;0;0;0;0;Regular Season;0;0;0;0;0;0;0;0;0;0
528;2001;12;6;Philips Arena;0;227;22;0;0;0;0;0;0;0;0;0;0;0;0;;;;0;0;0;0;0;0;0;0;0;0;0;0;0;0;0;0;0;0;0;0;0;0;0;0;Regular Season;0;0;0;0;0;0;0;0;0;0
529;2001;12;6;TD Garden;0;5;15;0;0;0;0;0;0;0;0;0;0;0;0;;;;0;0;0;0;0;0;0;0;0;0;0;0;0;0;0;0;0;0;0;0;0;0;0;0;Regular Season;0;0;0;0;0;0;0;0;0;0
530;2001;12;6;Scotiabank Saddledome;0;19;214;0;0;0;0;0;0;0;0;0;0;0;0;;;;0;0;0;0;0;0;0;0;0;0;0;0;0;0;0;0;0;0;0;0;0;0;0;0;Regular Season;0;0;0;0;0;0;0;0;0;0
531;2001;12;6;Staples Center;0;11;16;0;0;0;0;0;0;0;0;0;0;0;0;;;;0;0;0;0;0;0;0;0;0;0;0;0;0;0;0;0;0;0;0;0;0;0;0;0;Regular Season;0;0;0;0;0;0;0;0;0;0
532;2001;12;6;Bridgestone Arena;0;224;216;0;0;0;0;0;0;0;0;0;0;0;0;;;;0;0;0;0;0;0;0;0;0;0;0;0;0;0;0;0;0;0;0;0;0;0;0;0;Regular Season;0;0;0;0;0;0;0;0;0;0
533;2001;12;6;Madison Square Garden;0;10;3;0;0;0;0;0;0;0;0;0;0;0;0;;;;0;0;0;0;0;0;0;0;0;0;0;0;0;0;0;0;0;0;0;0;0;0;0;0;Regular Season;0;0;0;0;0;0;0;0;0;0
534;2001;12;6;Wells Fargo Center;0;14;20;0;0;0;0;0;0;0;0;0;0;0;0;;;;0;0;0;0;0;0;0;0;0;0;0;0;0;0;0;0;0;0;0;0;0;0;0;0;Regular Season;0;0;0;0;0;0;0;0;0;0
535;2001;12;6;Amalie Arena;0;217;229;0;0;0;0;0;0;0;0;0;0;0;0;;;;0;0;0;0;0;0;0;0;0;0;0;0;0;0;0;0;0;0;0;0;0;0;0;0;Regular Season;0;0;0;0;0;0;0;0;0;0
536;2001;12;6;Rogers Arena;0;18;220;0;0;0;0;0;0;0;0;0;0;0;0;;;;0;0;0;0;0;0;0;0;0;0;0;0;0;0;0;0;0;0;0;0;0;0;0;0;Regular Season;0;0;0;0;0;0;0;0;0;0
537;2001;12;7;KeyBank Center;0;17;25;0;0;0;0;0;0;0;0;0;0;0;0;;;;0;0;0;0;0;0;0;0;0;0;0;0;0;0;0;0;0;0;0;0;0;0;0;0;Regular Season;0;0;0;0;0;0;0;0;0;0
538;2001;12;7;United Center;0;8;20;0;0;0;0;0;0;0;0;0;0;0;0;;;;0;0;0;0;0;0;0;0;0;0;0;0;0;0;0;0;0;0;0;0;0;0;0;0;Regular Season;0;0;0;0;0;0;0;0;0;0
539;2001;12;7;American Airlines Center;0;12;23;0;0;0;0;0;0;0;0;0;0;0;0;;;;0;0;0;0;0;0;0;0;0;0;0;0;0;0;0;0;0;0;0;0;0;0;0;0;Regular Season;0;0;0;0;0;0;0;0;0;0
540;2001;12;7;Joe Louis Arena;0;9;26;0;0;0;0;0;0;0;0;0;0;0;0;;;;0;0;0;0;0;0;0;0;0;0;0;0;0;0;0;0;0;0;0;0;0;0;0;0;Regular Season;0;0;0;0;0;0;0;0;0;0
541;2001;12;8;TD Garden;0;5;17;0;0;0;0;0;0;0;0;0;0;0;0;;;;0;0;0;0;0;0;0;0;0;0;0;0;0;0;0;0;0;0;0;0;0;0;0;0;Regular Season;0;0;0;0;0;0;0;0;0;0
542;2001;12;8;Nationwide Arena;0;229;25;0;0;0;0;0;0;0;0;0;0;0;0;;;;0;0;0;0;0;0;0;0;0;0;0;0;0;0;0;0;0;0;0;0;0;0;0;0;Regular Season;0;0;0;0;0;0;0;0;0;0
543;2001;12;8;Scotiabank Saddledome;0;19;220;0;0;0;0;0;0;0;0;0;0;0;0;;;;0;0;0;0;0;0;0;0;0;0;0;0;0;0;0;0;0;0;0;0;0;0;0;0;Regular Season;0;0;0;0;0;0;0;0;0;0
544;2001;12;8;BB&T Center;0;221;24;0;0;0;0;0;0;0;0;0;0;0;0;;;;0;0;0;0;0;0;0;0;0;0;0;0;0;0;0;0;0;0;0;0;0;0;0;0;Regular Season;0;0;0;0;0;0;0;0;0;0
545;2001;12;8;Bell Centre;0;0;26;0;0;0;0;0;0;0;0;0;0;0;0;;;;0;0;0;0;0;0;0;0;0;0;0;0;0;0;0;0;0;0;0;0;0;0;0;0;Regular Season;0;0;0;0;0;0;0;0;0;0
546;2001;12;8;Brendan Byrne Arena;0;21;22;0;0;0;0;0;0;0;0;0;0;0;0;;;;0;0;0;0;0;0;0;0;0;0;0;0;0;0;0;0;0;0;0;0;0;0;0;0;Regular Season;0;0;0;0;0;0;0;0;0;0
547;2001;12;8;Bridgestone Arena;0;224;23;0;0;0;0;0;0;0;0;0;0;0;0;;;;0;0;0;0;0;0;0;0;0;0;0;0;0;0;0;0;0;0;0;0;0;0;0;0;Regular Season;0;0;0;0;0;0;0;0;0;0
548;2001;12;8;Canadian Tire Centre;0;216;217;0;0;0;0;0;0;0;0;0;0;0;0;;;;0;0;0;0;0;0;0;0;0;0;0;0;0;0;0;0;0;0;0;0;0;0;0;0;Regular Season;0;0;0;0;0;0;0;0;0;0
549;2001;12;8;Wells Fargo Center;0;14;230;0;0;0;0;0;0;0;0;0;0;0;0;;;;0;0;0;0;0;0;0;0;0;0;0;0;0;0;0;0;0;0;0;0;0;0;0;0;Regular Season;0;0;0;0;0;0;0;0;0;0
550;2001;12;8;Pittsburgh Civic Arena;0;15;227;0;0;0;0;0;0;0;0;0;0;0;0;;;;0;0;0;0;0;0;0;0;0;0;0;0;0;0;0;0;0;0;0;0;0;0;0;0;Regular Season;0;0;0;0;0;0;0;0;0;0
551;2001;12;8;Scottrade Center;0;16;11;0;0;0;0;0;0;0;0;0;0;0;0;;;;0;0;0;0;0;0;0;0;0;0;0;0;0;0;0;0;0;0;0;0;0;0;0;0;Regular Season;0;0;0;0;0;0;0;0;0;0
552;2001;12;8;Air Canada Centre;0;3;10;0;0;0;0;0;0;0;0;0;0;0;0;;;;0;0;0;0;0;0;0;0;0;0;0;0;0;0;0;0;0;0;0;0;0;0;0;0;Regular Season;0;0;0;0;0;0;0;0;0;0
553;2001;12;8;Rogers Arena;0;18;214;0;0;0;0;0;0;0;0;0;0;0;0;;;;0;0;0;0;0;0;0;0;0;0;0;0;0;0;0;0;0;0;0;0;0;0;0;0;Regular Season;0;0;0;0;0;0;0;0;0;0
554;2001;12;9;United Center;0;8;11;0;0;0;0;0;0;0;0;0;0;0;0;;;;0;0;0;0;0;0;0;0;0;0;0;0;0;0;0;0;0;0;0;0;0;0;0;0;Regular Season;0;0;0;0;0;0;0;0;0;0
555;2001;12;10;Philips Arena;0;227;14;0;0;0;0;0;0;0;0;0;0;0;0;;;;0;0;0;0;0;0;0;0;0;0;0;0;0;0;0;0;0;0;0;0;0;0;0;0;Regular Season;0;0;0;0;0;0;0;0;0;0
556;2001;12;10;Nationwide Arena;0;229;21;0;0;0;0;0;0;0;0;0;0;0;0;;;;0;0;0;0;0;0;0;0;0;0;0;0;0;0;0;0;0;0;0;0;0;0;0;0;Regular Season;0;0;0;0;0;0;0;0;0;0
557;2001;12;10;Scotiabank Saddledome;0;19;9;0;0;0;0;0;0;0;0;0;0;0;0;;;;0;0;0;0;0;0;0;0;0;0;0;0;0;0;0;0;0;0;0;0;0;0;0;0;Regular Season;0;0;0;0;0;0;0;0;0;0
558;2001;12;10;Pepsi Center;0;25;220;0;0;0;0;0;0;0;0;0;0;0;0;;;;0;0;0;0;0;0;0;0;0;0;0;0;0;0;0;0;0;0;0;0;0;0;0;0;Regular Season;0;0;0;0;0;0;0;0;0;0
559;2001;12;10;Bell Centre;0;0;230;0;0;0;0;0;0;0;0;0;0;0;0;;;;0;0;0;0;0;0;0;0;0;0;0;0;0;0;0;0;0;0;0;0;0;0;0;0;Regular Season;0;0;0;0;0;0;0;0;0;0
560;2001;12;10;Madison Square Garden;0;10;24;0;0;0;0;0;0;0;0;0;0;0;0;;;;0;0;0;0;0;0;0;0;0;0;0;0;0;0;0;0;0;0;0;0;0;0;0;0;Regular Season;0;0;0;0;0;0;0;0;0;0
561;2001;12;10;Rogers Arena;0;18;217;0;0;0;0;0;0;0;0;0;0;0;0;;;;0;0;0;0;0;0;0;0;0;0;0;0;0;0;0;0;0;0;0;0;0;0;0;0;Regular Season;0;0;0;0;0;0;0;0;0;0
562;2001;12;11;Bridgestone Arena;0;224;11;0;0;0;0;0;0;0;0;0;0;0;0;;;;0;0;0;0;0;0;0;0;0;0;0;0;0;0;0;0;0;0;0;0;0;0;0;0;Regular Season;0;0;0;0;0;0;0;0;0;0
563;2001;12;11;Nassau Veterans Memorial Coliseum;0;20;216;0;0;0;0;0;0;0;0;0;0;0;0;;;;0;0;0;0;0;0;0;0;0;0;0;0;0;0;0;0;0;0;0;0;0;0;0;0;Regular Season;0;0;0;0;0;0;0;0;0;0
564;2001;12;11;SAP Center;0;214;23;0;0;0;0;0;0;0;0;0;0;0;0;;;;0;0;0;0;0;0;0;0;0;0;0;0;0;0;0;0;0;0;0;0;0;0;0;0;Regular Season;0;0;0;0;0;0;0;0;0;0
565;2001;12;11;Air Canada Centre;0;3;26;0;0;0;0;0;0;0;0;0;0;0;0;;;;0;0;0;0;0;0;0;0;0;0;0;0;0;0;0;0;0;0;0;0;0;0;0;0;Regular Season;0;0;0;0;0;0;0;0;0;0
566;2001;12;11;Verizon Center;0;22;15;0;0;0;0;0;0;0;0;0;0;0;0;;;;0;0;0;0;0;0;0;0;0;0;0;0;0;0;0;0;0;0;0;0;0;0;0;0;Regular Season;0;0;0;0;0;0;0;0;0;0
567;2001;12;12;Philips Arena;0;227;0;0;0;0;0;0;0;0;0;0;0;0;0;;;;0;0;0;0;0;0;0;0;0;0;0;0;0;0;0;0;0;0;0;0;0;0;0;0;Regular Season;0;0;0;0;0;0;0;0;0;0
568;2001;12;12;PNC Arena;0;24;221;0;0;0;0;0;0;0;0;0;0;0;0;;;;0;0;0;0;0;0;0;0;0;0;0;0;0;0;0;0;0;0;0;0;0;0;0;0;Regular Season;0;0;0;0;0;0;0;0;0;0
569;2001;12;12;Scotiabank Saddledome;0;19;217;0;0;0;0;0;0;0;0;0;0;0;0;;;;0;0;0;0;0;0;0;0;0;0;0;0;0;0;0;0;0;0;0;0;0;0;0;0;Regular Season;0;0;0;0;0;0;0;0;0;0
570;2001;12;12;United Center;0;8;16;0;0;0;0;0;0;0;0;0;0;0;0;;;;0;0;0;0;0;0;0;0;0;0;0;0;0;0;0;0;0;0;0;0;0;0;0;0;Regular Season;0;0;0;0;0;0;0;0;0;0
571;2001;12;12;Pepsi Center;0;25;229;0;0;0;0;0;0;0;0;0;0;0;0;;;;0;0;0;0;0;0;0;0;0;0;0;0;0;0;0;0;0;0;0;0;0;0;0;0;Regular Season;0;0;0;0;0;0;0;0;0;0
572;2001;12;12;American Airlines Center;0;12;17;0;0;0;0;0;0;0;0;0;0;0;0;;;;0;0;0;0;0;0;0;0;0;0;0;0;0;0;0;0;0;0;0;0;0;0;0;0;Regular Season;0;0;0;0;0;0;0;0;0;0
573;2001;12;12;Honda Center;0;220;18;0;0;0;0;0;0;0;0;0;0;0;0;;;;0;0;0;0;0;0;0;0;0;0;0;0;0;0;0;0;0;0;0;0;0;0;0;0;Regular Season;0;0;0;0;0;0;0;0;0;0
574;2001;12;12;Brendan Byrne Arena;0;21;20;0;0;0;0;0;0;0;0;0;0;0;0;;;;0;0;0;0;0;0;0;0;0;0;0;0;0;0;0;0;0;0;0;0;0;0;0;0;Regular Season;0;0;0;0;0;0;0;0;0;0
575;2001;12;12;Madison Square Garden;0;10;224;0;0;0;0;0;0;0;0;0;0;0;0;;;;0;0;0;0;0;0;0;0;0;0;0;0;0;0;0;0;0;0;0;0;0;0;0;0;Regular Season;0;0;0;0;0;0;0;0;0;0
576;2001;12;12;Pittsburgh Civic Arena;0;15;5;0;0;0;0;0;0;0;0;0;0;0;0;;;;0;0;0;0;0;0;0;0;0;0;0;0;0;0;0;0;0;0;0;0;0;0;0;0;Regular Season;0;0;0;0;0;0;0;0;0;0
577;2001;12;13;Rexall Place;0;23;9;0;0;0;0;0;0;0;0;0;0;0;0;;;;0;0;0;0;0;0;0;0;0;0;0;0;0;0;0;0;0;0;0;0;0;0;0;0;Regular Season;0;0;0;0;0;0;0;0;0;0
578;2001;12;13;Staples Center;0;11;18;0;0;0;0;0;0;0;0;0;0;0;0;;;;0;0;0;0;0;0;0;0;0;0;0;0;0;0;0;0;0;0;0;0;0;0;0;0;Regular Season;0;0;0;0;0;0;0;0;0;0
579;2001;12;13;Canadian Tire Centre;0;216;26;0;0;0;0;0;0;0;0;0;0;0;0;;;;0;0;0;0;0;0;0;0;0;0;0;0;0;0;0;0;0;0;0;0;0;0;0;0;Regular Season;0;0;0;0;0;0;0;0;0;0
580;2001;12;13;Wells Fargo Center;0;14;0;0;0;0;0;0;0;0;0;0;0;0;0;;;;0;0;0;0;0;0;0;0;0;0;0;0;0;0;0;0;0;0;0;0;0;0;0;0;Regular Season;0;0;0;0;0;0;0;0;0;0
581;2001;12;13;Scottrade Center;0;16;3;0;0;0;0;0;0;0;0;0;0;0;0;;;;0;0;0;0;0;0;0;0;0;0;0;0;0;0;0;0;0;0;0;0;0;0;0;0;Regular Season;0;0;0;0;0;0;0;0;0;0
582;2001;12;13;Verizon Center;0;22;5;0;0;0;0;0;0;0;0;0;0;0;0;;;;0;0;0;0;0;0;0;0;0;0;0;0;0;0;0;0;0;0;0;0;0;0;0;0;Regular Season;0;0;0;0;0;0;0;0;0;0
583;2001;12;14;Philips Arena;0;227;8;0;0;0;0;0;0;0;0;0;0;0;0;;;;0;0;0;0;0;0;0;0;0;0;0;0;0;0;0;0;0;0;0;0;0;0;0;0;Regular Season;0;0;0;0;0;0;0;0;0;0
584;2001;12;14;KeyBank Center;0;17;24;0;0;0;0;0;0;0;0;0;0;0;0;;;;0;0;0;0;0;0;0;0;0;0;0;0;0;0;0;0;0;0;0;0;0;0;0;0;Regular Season;0;0;0;0;0;0;0;0;0;0
585;2001;12;14;Pepsi Center;0;25;214;0;0;0;0;0;0;0;0;0;0;0;0;;;;0;0;0;0;0;0;0;0;0;0;0;0;0;0;0;0;0;0;0;0;0;0;0;0;Regular Season;0;0;0;0;0;0;0;0;0;0
586;2001;12;14;American Airlines Center;0;12;19;0;0;0;0;0;0;0;0;0;0;0;0;;;;0;0;0;0;0;0;0;0;0;0;0;0;0;0;0;0;0;0;0;0;0;0;0;0;Regular Season;0;0;0;0;0;0;0;0;0;0
587;2001;12;14;Rexall Place;0;23;217;0;0;0;0;0;0;0;0;0;0;0;0;;;;0;0;0;0;0;0;0;0;0;0;0;0;0;0;0;0;0;0;0;0;0;0;0;0;Regular Season;0;0;0;0;0;0;0;0;0;0
588;2001;12;14;Honda Center;0;220;229;0;0;0;0;0;0;0;0;0;0;0;0;;;;0;0;0;0;0;0;0;0;0;0;0;0;0;0;0;0;0;0;0;0;0;0;0;0;Regular Season;0;0;0;0;0;0;0;0;0;0
589;2001;12;14;Brendan Byrne Arena;0;21;221;0;0;0;0;0;0;0;0;0;0;0;0;;;;0;0;0;0;0;0;0;0;0;0;0;0;0;0;0;0;0;0;0;0;0;0;0;0;Regular Season;0;0;0;0;0;0;0;0;0;0
590;2001;12;14;Pittsburgh Civic Arena;0;15;230;0;0;0;0;0;0;0;0;0;0;0;0;;;;0;0;0;0;0;0;0;0;0;0;0;0;0;0;0;0;0;0;0;0;0;0;0;0;Regular Season;0;0;0;0;0;0;0;0;0;0
591;2001;12;15;TD Garden;0;5;14;0;0;0;0;0;0;0;0;0;0;0;0;;;;0;0;0;0;0;0;0;0;0;0;0;0;0;0;0;0;0;0;0;0;0;0;0;0;Regular Season;0;0;0;0;0;0;0;0;0;0
592;2001;12;15;Staples Center;0;11;229;0;0;0;0;0;0;0;0;0;0;0;0;;;;0;0;0;0;0;0;0;0;0;0;0;0;0;0;0;0;0;0;0;0;0;0;0;0;Regular Season;0;0;0;0;0;0;0;0;0;0
593;2001;12;15;Bridgestone Arena;0;224;8;0;0;0;0;0;0;0;0;0;0;0;0;;;;0;0;0;0;0;0;0;0;0;0;0;0;0;0;0;0;0;0;0;0;0;0;0;0;Regular Season;0;0;0;0;0;0;0;0;0;0
594;2001;12;15;Nassau Veterans Memorial Coliseum;0;20;221;0;0;0;0;0;0;0;0;0;0;0;0;;;;0;0;0;0;0;0;0;0;0;0;0;0;0;0;0;0;0;0;0;0;0;0;0;0;Regular Season;0;0;0;0;0;0;0;0;0;0
595;2001;12;15;Madison Square Garden;0;10;17;0;0;0;0;0;0;0;0;0;0;0;0;;;;0;0;0;0;0;0;0;0;0;0;0;0;0;0;0;0;0;0;0;0;0;0;0;0;Regular Season;0;0;0;0;0;0;0;0;0;0
596;2001;12;15;Canadian Tire Centre;0;216;21;0;0;0;0;0;0;0;0;0;0;0;0;;;;0;0;0;0;0;0;0;0;0;0;0;0;0;0;0;0;0;0;0;0;0;0;0;0;Regular Season;0;0;0;0;0;0;0;0;0;0
597;2001;12;15;America West Arena;0;26;12;0;0;0;0;0;0;0;0;0;0;0;0;;;;0;0;0;0;0;0;0;0;0;0;0;0;0;0;0;0;0;0;0;0;0;0;0;0;Regular Season;0;0;0;0;0;0;0;0;0;0
598;2001;12;15;Scottrade Center;0;16;19;0;0;0;0;0;0;0;0;0;0;0;0;;;;0;0;0;0;0;0;0;0;0;0;0;0;0;0;0;0;0;0;0;0;0;0;0;0;Regular Season;0;0;0;0;0;0;0;0;0;0
599;2001;12;15;Air Canada Centre;0;3;0;0;0;0;0;0;0;0;0;0;0;0;0;;;;0;0;0;0;0;0;0;0;0;0;0;0;0;0;0;0;0;0;0;0;0;0;0;0;Regular Season;0;0;0;0;0;0;0;0;0;0
600;2001;12;15;Rogers Arena;0;18;9;0;0;0;0;0;0;0;0;0;0;0;0;;;;0;0;0;0;0;0;0;0;0;0;0;0;0;0;0;0;0;0;0;0;0;0;0;0;Regular Season;0;0;0;0;0;0;0;0;0;0
601;2001;12;15;Verizon Center;0;22;227;0;0;0;0;0;0;0;0;0;0;0;0;;;;0;0;0;0;0;0;0;0;0;0;0;0;0;0;0;0;0;0;0;0;0;0;0;0;Regular Season;0;0;0;0;0;0;0;0;0;0
602;2001;12;16;Honda Center;0;220;11;0;0;0;0;0;0;0;0;0;0;0;0;;;;0;0;0;0;0;0;0;0;0;0;0;0;0;0;0;0;0;0;0;0;0;0;0;0;Regular Season;0;0;0;0;0;0;0;0;0;0
603;2001;12;16;Xcel Energy Center;0;230;25;0;0;0;0;0;0;0;0;0;0;0;0;;;;0;0;0;0;0;0;0;0;0;0;0;0;0;0;0;0;0;0;0;0;0;0;0;0;Regular Season;0;0;0;0;0;0;0;0;0;0
604;2001;12;16;Wells Fargo Center;0;14;23;0;0;0;0;0;0;0;0;0;0;0;0;;;;0;0;0;0;0;0;0;0;0;0;0;0;0;0;0;0;0;0;0;0;0;0;0;0;Regular Season;0;0;0;0;0;0;0;0;0;0
605;2001;12;16;Pittsburgh Civic Arena;0;15;24;0;0;0;0;0;0;0;0;0;0;0;0;;;;0;0;0;0;0;0;0;0;0;0;0;0;0;0;0;0;0;0;0;0;0;0;0;0;Regular Season;0;0;0;0;0;0;0;0;0;0
606;2001;12;17;American Airlines Center;0;12;214;0;0;0;0;0;0;0;0;0;0;0;0;;;;0;0;0;0;0;0;0;0;0;0;0;0;0;0;0;0;0;0;0;0;0;0;0;0;Regular Season;0;0;0;0;0;0;0;0;0;0
607;2001;12;17;Joe Louis Arena;0;9;8;0;0;0;0;0;0;0;0;0;0;0;0;;;;0;0;0;0;0;0;0;0;0;0;0;0;0;0;0;0;0;0;0;0;0;0;0;0;Regular Season;0;0;0;0;0;0;0;0;0;0
608;2001;12;17;Bell Centre;0;0;217;0;0;0;0;0;0;0;0;0;0;0;0;;;;0;0;0;0;0;0;0;0;0;0;0;0;0;0;0;0;0;0;0;0;0;0;0;0;Regular Season;0;0;0;0;0;0;0;0;0;0
609;2001;12;17;Madison Square Garden;0;10;221;0;0;0;0;0;0;0;0;0;0;0;0;;;;0;0;0;0;0;0;0;0;0;0;0;0;0;0;0;0;0;0;0;0;0;0;0;0;Regular Season;0;0;0;0;0;0;0;0;0;0
610;2001;12;17;America West Arena;0;26;229;0;0;0;0;0;0;0;0;0;0;0;0;;;;0;0;0;0;0;0;0;0;0;0;0;0;0;0;0;0;0;0;0;0;0;0;0;0;Regular Season;0;0;0;0;0;0;0;0;0;0
611;2001;12;18;TD Garden;0;5;227;0;0;0;0;0;0;0;0;0;0;0;0;;;;0;0;0;0;0;0;0;0;0;0;0;0;0;0;0;0;0;0;0;0;0;0;0;0;Regular Season;0;0;0;0;0;0;0;0;0;0
612;2001;12;18;PNC Arena;0;24;216;0;0;0;0;0;0;0;0;0;0;0;0;;;;0;0;0;0;0;0;0;0;0;0;0;0;0;0;0;0;0;0;0;0;0;0;0;0;Regular Season;0;0;0;0;0;0;0;0;0;0
613;2001;12;18;Xcel Energy Center;0;230;220;0;0;0;0;0;0;0;0;0;0;0;0;;;;0;0;0;0;0;0;0;0;0;0;0;0;0;0;0;0;0;0;0;0;0;0;0;0;Regular Season;0;0;0;0;0;0;0;0;0;0
614;2001;12;18;Nassau Veterans Memorial Coliseum;0;20;23;0;0;0;0;0;0;0;0;0;0;0;0;;;;0;0;0;0;0;0;0;0;0;0;0;0;0;0;0;0;0;0;0;0;0;0;0;0;Regular Season;0;0;0;0;0;0;0;0;0;0
615;2001;12;18;Wells Fargo Center;0;14;16;0;0;0;0;0;0;0;0;0;0;0;0;;;;0;0;0;0;0;0;0;0;0;0;0;0;0;0;0;0;0;0;0;0;0;0;0;0;Regular Season;0;0;0;0;0;0;0;0;0;0
616;2001;12;18;Air Canada Centre;0;3;11;0;0;0;0;0;0;0;0;0;0;0;0;;;;0;0;0;0;0;0;0;0;0;0;0;0;0;0;0;0;0;0;0;0;0;0;0;0;Regular Season;0;0;0;0;0;0;0;0;0;0
617;2001;12;19;Philips Arena;0;227;214;0;0;0;0;0;0;0;0;0;0;0;0;;;;0;0;0;0;0;0;0;0;0;0;0;0;0;0;0;0;0;0;0;0;0;0;0;0;Regular Season;0;0;0;0;0;0;0;0;0;0
618;2001;12;19;KeyBank Center;0;17;8;0;0;0;0;0;0;0;0;0;0;0;0;;;;0;0;0;0;0;0;0;0;0;0;0;0;0;0;0;0;0;0;0;0;0;0;0;0;Regular Season;0;0;0;0;0;0;0;0;0;0
619;2001;12;19;Pepsi Center;0;25;220;0;0;0;0;0;0;0;0;0;0;0;0;;;;0;0;0;0;0;0;0;0;0;0;0;0;0;0;0;0;0;0;0;0;0;0;0;0;Regular Season;0;0;0;0;0;0;0;0;0;0
620;2001;12;19;Joe Louis Arena;0;9;18;0;0;0;0;0;0;0;0;0;0;0;0;;;;0;0;0;0;0;0;0;0;0;0;0;0;0;0;0;0;0;0;0;0;0;0;0;0;Regular Season;0;0;0;0;0;0;0;0;0;0
621;2001;12;19;BB&T Center;0;221;22;0;0;0;0;0;0;0;0;0;0;0;0;;;;0;0;0;0;0;0;0;0;0;0;0;0;0;0;0;0;0;0;0;0;0;0;0;0;Regular Season;0;0;0;0;0;0;0;0;0;0
622;2001;12;19;Madison Square Garden;0;10;21;0;0;0;0;0;0;0;0;0;0;0;0;;;;0;0;0;0;0;0;0;0;0;0;0;0;0;0;0;0;0;0;0;0;0;0;0;0;Regular Season;0;0;0;0;0;0;0;0;0;0
623;2001;12;19;America West Arena;0;26;19;0;0;0;0;0;0;0;0;0;0;0;0;;;;0;0;0;0;0;0;0;0;0;0;0;0;0;0;0;0;0;0;0;0;0;0;0;0;Regular Season;0;0;0;0;0;0;0;0;0;0
624;2001;12;19;Pittsburgh Civic Arena;0;15;0;0;0;0;0;0;0;0;0;0;0;0;0;;;;0;0;0;0;0;0;0;0;0;0;0;0;0;0;0;0;0;0;0;0;0;0;0;0;Regular Season;0;0;0;0;0;0;0;0;0;0
625;2001;12;20;TD Garden;0;5;0;0;0;0;0;0;0;0;0;0;0;0;0;;;;0;0;0;0;0;0;0;0;0;0;0;0;0;0;0;0;0;0;0;0;0;0;0;0;Regular Season;0;0;0;0;0;0;0;0;0;0
626;2001;12;20;Brendan Byrne Arena;0;21;23;0;0;0;0;0;0;0;0;0;0;0;0;;;;0;0;0;0;0;0;0;0;0;0;0;0;0;0;0;0;0;0;0;0;0;0;0;0;Regular Season;0;0;0;0;0;0;0;0;0;0
627;2001;12;20;Bridgestone Arena;0;224;18;0;0;0;0;0;0;0;0;0;0;0;0;;;;0;0;0;0;0;0;0;0;0;0;0;0;0;0;0;0;0;0;0;0;0;0;0;0;Regular Season;0;0;0;0;0;0;0;0;0;0
628;2001;12;20;Canadian Tire Centre;0;216;11;0;0;0;0;0;0;0;0;0;0;0;0;;;;0;0;0;0;0;0;0;0;0;0;0;0;0;0;0;0;0;0;0;0;0;0;0;0;Regular Season;0;0;0;0;0;0;0;0;0;0
629;2001;12;20;Wells Fargo Center;0;14;12;0;0;0;0;0;0;0;0;0;0;0;0;;;;0;0;0;0;0;0;0;0;0;0;0;0;0;0;0;0;0;0;0;0;0;0;0;0;Regular Season;0;0;0;0;0;0;0;0;0;0
630;2001;12;21;KeyBank Center;0;17;3;0;0;0;0;0;0;0;0;0;0;0;0;;;;0;0;0;0;0;0;0;0;0;0;0;0;0;0;0;0;0;0;0;0;0;0;0;0;Regular Season;0;0;0;0;0;0;0;0;0;0
631;2001;12;21;PNC Arena;0;24;227;0;0;0;0;0;0;0;0;0;0;0;0;;;;0;0;0;0;0;0;0;0;0;0;0;0;0;0;0;0;0;0;0;0;0;0;0;0;Regular Season;0;0;0;0;0;0;0;0;0;0
632;2001;12;21;United Center;0;8;23;0;0;0;0;0;0;0;0;0;0;0;0;;;;0;0;0;0;0;0;0;0;0;0;0;0;0;0;0;0;0;0;0;0;0;0;0;0;Regular Season;0;0;0;0;0;0;0;0;0;0
633;2001;12;21;Pepsi Center;0;25;19;0;0;0;0;0;0;0;0;0;0;0;0;;;;0;0;0;0;0;0;0;0;0;0;0;0;0;0;0;0;0;0;0;0;0;0;0;0;Regular Season;0;0;0;0;0;0;0;0;0;0
634;2001;12;21;Joe Louis Arena;0;9;214;0;0;0;0;0;0;0;0;0;0;0;0;;;;0;0;0;0;0;0;0;0;0;0;0;0;0;0;0;0;0;0;0;0;0;0;0;0;Regular Season;0;0;0;0;0;0;0;0;0;0
635;2001;12;21;Honda Center;0;220;26;0;0;0;0;0;0;0;0;0;0;0;0;;;;0;0;0;0;0;0;0;0;0;0;0;0;0;0;0;0;0;0;0;0;0;0;0;0;Regular Season;0;0;0;0;0;0;0;0;0;0
636;2001;12;21;Madison Square Garden;0;10;20;0;0;0;0;0;0;0;0;0;0;0;0;;;;0;0;0;0;0;0;0;0;0;0;0;0;0;0;0;0;0;0;0;0;0;0;0;0;Regular Season;0;0;0;0;0;0;0;0;0;0
637;2001;12;21;Pittsburgh Civic Arena;0;15;22;0;0;0;0;0;0;0;0;0;0;0;0;;;;0;0;0;0;0;0;0;0;0;0;0;0;0;0;0;0;0;0;0;0;0;0;0;0;Regular Season;0;0;0;0;0;0;0;0;0;0
638;2001;12;21;Amalie Arena;0;217;16;0;0;0;0;0;0;0;0;0;0;0;0;;;;0;0;0;0;0;0;0;0;0;0;0;0;0;0;0;0;0;0;0;0;0;0;0;0;Regular Season;0;0;0;0;0;0;0;0;0;0
639;2001;12;22;Nationwide Arena;0;229;12;0;0;0;0;0;0;0;0;0;0;0;0;;;;0;0;0;0;0;0;0;0;0;0;0;0;0;0;0;0;0;0;0;0;0;0;0;0;Regular Season;0;0;0;0;0;0;0;0;0;0
640;2001;12;22;BB&T Center;0;221;16;0;0;0;0;0;0;0;0;0;0;0;0;;;;0;0;0;0;0;0;0;0;0;0;0;0;0;0;0;0;0;0;0;0;0;0;0;0;Regular Season;0;0;0;0;0;0;0;0;0;0
641;2001;12;22;Bell Centre;0;0;11;0;0;0;0;0;0;0;0;0;0;0;0;;;;0;0;0;0;0;0;0;0;0;0;0;0;0;0;0;0;0;0;0;0;0;0;0;0;Regular Season;0;0;0;0;0;0;0;0;0;0
642;2001;12;22;Brendan Byrne Arena;0;21;216;0;0;0;0;0;0;0;0;0;0;0;0;;;;0;0;0;0;0;0;0;0;0;0;0;0;0;0;0;0;0;0;0;0;0;0;0;0;Regular Season;0;0;0;0;0;0;0;0;0;0
643;2001;12;22;Nassau Veterans Memorial Coliseum;0;20;5;0;0;0;0;0;0;0;0;0;0;0;0;;;;0;0;0;0;0;0;0;0;0;0;0;0;0;0;0;0;0;0;0;0;0;0;0;0;Regular Season;0;0;0;0;0;0;0;0;0;0
644;2001;12;22;Wells Fargo Center;0;14;24;0;0;0;0;0;0;0;0;0;0;0;0;;;;0;0;0;0;0;0;0;0;0;0;0;0;0;0;0;0;0;0;0;0;0;0;0;0;Regular Season;0;0;0;0;0;0;0;0;0;0
645;2001;12;22;Air Canada Centre;0;3;17;0;0;0;0;0;0;0;0;0;0;0;0;;;;0;0;0;0;0;0;0;0;0;0;0;0;0;0;0;0;0;0;0;0;0;0;0;0;Regular Season;0;0;0;0;0;0;0;0;0;0
646;2001;12;22;Rogers Arena;0;18;230;0;0;0;0;0;0;0;0;0;0;0;0;;;;0;0;0;0;0;0;0;0;0;0;0;0;0;0;0;0;0;0;0;0;0;0;0;0;Regular Season;0;0;0;0;0;0;0;0;0;0
647;2001;12;22;Verizon Center;0;22;15;0;0;0;0;0;0;0;0;0;0;0;0;;;;0;0;0;0;0;0;0;0;0;0;0;0;0;0;0;0;0;0;0;0;0;0;0;0;Regular Season;0;0;0;0;0;0;0;0;0;0
648;2001;12;23;Philips Arena;0;227;12;0;0;0;0;0;0;0;0;0;0;0;0;;;;0;0;0;0;0;0;0;0;0;0;0;0;0;0;0;0;0;0;0;0;0;0;0;0;Regular Season;0;0;0;0;0;0;0;0;0;0
649;2001;12;23;United Center;0;8;9;0;0;0;0;0;0;0;0;0;0;0;0;;;;0;0;0;0;0;0;0;0;0;0;0;0;0;0;0;0;0;0;0;0;0;0;0;0;Regular Season;0;0;0;0;0;0;0;0;0;0
650;2001;12;23;Pepsi Center;0;25;230;0;0;0;0;0;0;0;0;0;0;0;0;;;;0;0;0;0;0;0;0;0;0;0;0;0;0;0;0;0;0;0;0;0;0;0;0;0;Regular Season;0;0;0;0;0;0;0;0;0;0
651;2001;12;23;Bridgestone Arena;0;224;214;0;0;0;0;0;0;0;0;0;0;0;0;;;;0;0;0;0;0;0;0;0;0;0;0;0;0;0;0;0;0;0;0;0;0;0;0;0;Regular Season;0;0;0;0;0;0;0;0;0;0
652;2001;12;23;Madison Square Garden;0;10;216;0;0;0;0;0;0;0;0;0;0;0;0;;;;0;0;0;0;0;0;0;0;0;0;0;0;0;0;0;0;0;0;0;0;0;0;0;0;Regular Season;0;0;0;0;0;0;0;0;0;0
653;2001;12;23;America West Arena;0;26;220;0;0;0;0;0;0;0;0;0;0;0;0;;;;0;0;0;0;0;0;0;0;0;0;0;0;0;0;0;0;0;0;0;0;0;0;0;0;Regular Season;0;0;0;0;0;0;0;0;0;0
654;2001;12;26;Philips Arena;0;227;221;0;0;0;0;0;0;0;0;0;0;0;0;;;;0;0;0;0;0;0;0;0;0;0;0;0;0;0;0;0;0;0;0;0;0;0;0;0;Regular Season;0;0;0;0;0;0;0;0;0;0
655;2001;12;26;TD Garden;0;5;216;0;0;0;0;0;0;0;0;0;0;0;0;;;;0;0;0;0;0;0;0;0;0;0;0;0;0;0;0;0;0;0;0;0;0;0;0;0;Regular Season;0;0;0;0;0;0;0;0;0;0
656;2001;12;26;KeyBank Center;0;17;0;0;0;0;0;0;0;0;0;0;0;0;0;;;;0;0;0;0;0;0;0;0;0;0;0;0;0;0;0;0;0;0;0;0;0;0;0;0;Regular Season;0;0;0;0;0;0;0;0;0;0
657;2001;12;26;PNC Arena;0;24;3;0;0;0;0;0;0;0;0;0;0;0;0;;;;0;0;0;0;0;0;0;0;0;0;0;0;0;0;0;0;0;0;0;0;0;0;0;0;Regular Season;0;0;0;0;0;0;0;0;0;0
658;2001;12;26;American Airlines Center;0;12;25;0;0;0;0;0;0;0;0;0;0;0;0;;;;0;0;0;0;0;0;0;0;0;0;0;0;0;0;0;0;0;0;0;0;0;0;0;0;Regular Season;0;0;0;0;0;0;0;0;0;0
659;2001;12;26;Rexall Place;0;23;19;0;0;0;0;0;0;0;0;0;0;0;0;;;;0;0;0;0;0;0;0;0;0;0;0;0;0;0;0;0;0;0;0;0;0;0;0;0;Regular Season;0;0;0;0;0;0;0;0;0;0
660;2001;12;26;Xcel Energy Center;0;230;9;0;0;0;0;0;0;0;0;0;0;0;0;;;;0;0;0;0;0;0;0;0;0;0;0;0;0;0;0;0;0;0;0;0;0;0;0;0;Regular Season;0;0;0;0;0;0;0;0;0;0
661;2001;12;26;Brendan Byrne Arena;0;21;15;0;0;0;0;0;0;0;0;0;0;0;0;;;;0;0;0;0;0;0;0;0;0;0;0;0;0;0;0;0;0;0;0;0;0;0;0;0;Regular Season;0;0;0;0;0;0;0;0;0;0
662;2001;12;26;Bridgestone Arena;0;224;217;0;0;0;0;0;0;0;0;0;0;0;0;;;;0;0;0;0;0;0;0;0;0;0;0;0;0;0;0;0;0;0;0;0;0;0;0;0;Regular Season;0;0;0;0;0;0;0;0;0;0
663;2001;12;26;America West Arena;0;26;11;0;0;0;0;0;0;0;0;0;0;0;0;;;;0;0;0;0;0;0;0;0;0;0;0;0;0;0;0;0;0;0;0;0;0;0;0;0;Regular Season;0;0;0;0;0;0;0;0;0;0
664;2001;12;26;SAP Center;0;214;220;0;0;0;0;0;0;0;0;0;0;0;0;;;;0;0;0;0;0;0;0;0;0;0;0;0;0;0;0;0;0;0;0;0;0;0;0;0;Regular Season;0;0;0;0;0;0;0;0;0;0
665;2001;12;26;Scottrade Center;0;16;8;0;0;0;0;0;0;0;0;0;0;0;0;;;;0;0;0;0;0;0;0;0;0;0;0;0;0;0;0;0;0;0;0;0;0;0;0;0;Regular Season;0;0;0;0;0;0;0;0;0;0
666;2001;12;26;Verizon Center;0;22;14;0;0;0;0;0;0;0;0;0;0;0;0;;;;0;0;0;0;0;0;0;0;0;0;0;0;0;0;0;0;0;0;0;0;0;0;0;0;Regular Season;0;0;0;0;0;0;0;0;0;0
667;2001;12;27;United Center;0;8;25;0;0;0;0;0;0;0;0;0;0;0;0;;;;0;0;0;0;0;0;0;0;0;0;0;0;0;0;0;0;0;0;0;0;0;0;0;0;Regular Season;0;0;0;0;0;0;0;0;0;0
668;2001;12;27;Joe Louis Arena;0;9;229;0;0;0;0;0;0;0;0;0;0;0;0;;;;0;0;0;0;0;0;0;0;0;0;0;0;0;0;0;0;0;0;0;0;0;0;0;0;Regular Season;0;0;0;0;0;0;0;0;0;0
669;2001;12;27;Staples Center;0;11;220;0;0;0;0;0;0;0;0;0;0;0;0;;;;0;0;0;0;0;0;0;0;0;0;0;0;0;0;0;0;0;0;0;0;0;0;0;0;Regular Season;0;0;0;0;0;0;0;0;0;0
670;2001;12;27;Canadian Tire Centre;0;216;20;0;0;0;0;0;0;0;0;0;0;0;0;;;;0;0;0;0;0;0;0;0;0;0;0;0;0;0;0;0;0;0;0;0;0;0;0;0;Regular Season;0;0;0;0;0;0;0;0;0;0
671;2001;12;27;Amalie Arena;0;217;24;0;0;0;0;0;0;0;0;0;0;0;0;;;;0;0;0;0;0;0;0;0;0;0;0;0;0;0;0;0;0;0;0;0;0;0;0;0;Regular Season;0;0;0;0;0;0;0;0;0;0
672;2001;12;27;Rogers Arena;0;18;19;0;0;0;0;0;0;0;0;0;0;0;0;;;;0;0;0;0;0;0;0;0;0;0;0;0;0;0;0;0;0;0;0;0;0;0;0;0;Regular Season;0;0;0;0;0;0;0;0;0;0
673;2001;12;28;Philips Arena;0;227;3;0;0;0;0;0;0;0;0;0;0;0;0;;;;0;0;0;0;0;0;0;0;0;0;0;0;0;0;0;0;0;0;0;0;0;0;0;0;Regular Season;0;0;0;0;0;0;0;0;0;0
674;2001;12;28;American Airlines Center;0;12;22;0;0;0;0;0;0;0;0;0;0;0;0;;;;0;0;0;0;0;0;0;0;0;0;0;0;0;0;0;0;0;0;0;0;0;0;0;0;Regular Season;0;0;0;0;0;0;0;0;0;0
675;2001;12;28;Rexall Place;0;23;230;0;0;0;0;0;0;0;0;0;0;0;0;;;;0;0;0;0;0;0;0;0;0;0;0;0;0;0;0;0;0;0;0;0;0;0;0;0;Regular Season;0;0;0;0;0;0;0;0;0;0
676;2001;12;28;BB&T Center;0;221;5;0;0;0;0;0;0;0;0;0;0;0;0;;;;0;0;0;0;0;0;0;0;0;0;0;0;0;0;0;0;0;0;0;0;0;0;0;0;Regular Season;0;0;0;0;0;0;0;0;0;0
677;2001;12;28;America West Arena;0;26;14;0;0;0;0;0;0;0;0;0;0;0;0;;;;0;0;0;0;0;0;0;0;0;0;0;0;0;0;0;0;0;0;0;0;0;0;0;0;Regular Season;0;0;0;0;0;0;0;0;0;0
678;2001;12;28;SAP Center;0;214;10;0;0;0;0;0;0;0;0;0;0;0;0;;;;0;0;0;0;0;0;0;0;0;0;0;0;0;0;0;0;0;0;0;0;0;0;0;0;Regular Season;0;0;0;0;0;0;0;0;0;0
679;2001;12;28;Scottrade Center;0;16;0;0;0;0;0;0;0;0;0;0;0;0;0;;;;0;0;0;0;0;0;0;0;0;0;0;0;0;0;0;0;0;0;0;0;0;0;0;0;Regular Season;0;0;0;0;0;0;0;0;0;0
680;2001;12;29;Nationwide Arena;0;229;17;0;0;0;0;0;0;0;0;0;0;0;0;;;;0;0;0;0;0;0;0;0;0;0;0;0;0;0;0;0;0;0;0;0;0;0;0;0;Regular Season;0;0;0;0;0;0;0;0;0;0
681;2001;12;29;Scotiabank Saddledome;0;19;230;0;0;0;0;0;0;0;0;0;0;0;0;;;;0;0;0;0;0;0;0;0;0;0;0;0;0;0;0;0;0;0;0;0;0;0;0;0;Regular Season;0;0;0;0;0;0;0;0;0;0
682;2001;12;29;Pepsi Center;0;25;14;0;0;0;0;0;0;0;0;0;0;0;0;;;;0;0;0;0;0;0;0;0;0;0;0;0;0;0;0;0;0;0;0;0;0;0;0;0;Regular Season;0;0;0;0;0;0;0;0;0;0
683;2001;12;29;BB&T Center;0;221;3;0;0;0;0;0;0;0;0;0;0;0;0;;;;0;0;0;0;0;0;0;0;0;0;0;0;0;0;0;0;0;0;0;0;0;0;0;0;Regular Season;0;0;0;0;0;0;0;0;0;0
684;2001;12;29;Staples Center;0;11;10;0;0;0;0;0;0;0;0;0;0;0;0;;;;0;0;0;0;0;0;0;0;0;0;0;0;0;0;0;0;0;0;0;0;0;0;0;0;Regular Season;0;0;0;0;0;0;0;0;0;0
685;2001;12;29;Bridgestone Arena;0;224;9;0;0;0;0;0;0;0;0;0;0;0;0;;;;0;0;0;0;0;0;0;0;0;0;0;0;0;0;0;0;0;0;0;0;0;0;0;0;Regular Season;0;0;0;0;0;0;0;0;0;0
686;2001;12;29;Nassau Veterans Memorial Coliseum;0;20;0;0;0;0;0;0;0;0;0;0;0;0;0;;;;0;0;0;0;0;0;0;0;0;0;0;0;0;0;0;0;0;0;0;0;0;0;0;0;Regular Season;0;0;0;0;0;0;0;0;0;0
687;2001;12;29;Pittsburgh Civic Arena;0;15;216;0;0;0;0;0;0;0;0;0;0;0;0;;;;0;0;0;0;0;0;0;0;0;0;0;0;0;0;0;0;0;0;0;0;0;0;0;0;Regular Season;0;0;0;0;0;0;0;0;0;0
688;2001;12;29;Amalie Arena;0;217;5;0;0;0;0;0;0;0;0;0;0;0;0;;;;0;0;0;0;0;0;0;0;0;0;0;0;0;0;0;0;0;0;0;0;0;0;0;0;Regular Season;0;0;0;0;0;0;0;0;0;0
689;2001;12;29;Rogers Arena;0;18;21;0;0;0;0;0;0;0;0;0;0;0;0;;;;0;0;0;0;0;0;0;0;0;0;0;0;0;0;0;0;0;0;0;0;0;0;0;0;Regular Season;0;0;0;0;0;0;0;0;0;0
690;2001;12;30;United Center;0;8;220;0;0;0;0;0;0;0;0;0;0;0;0;;;;0;0;0;0;0;0;0;0;0;0;0;0;0;0;0;0;0;0;0;0;0;0;0;0;Regular Season;0;0;0;0;0;0;0;0;0;0
691;2001;12;30;Rexall Place;0;23;21;0;0;0;0;0;0;0;0;0;0;0;0;;;;0;0;0;0;0;0;0;0;0;0;0;0;0;0;0;0;0;0;0;0;0;0;0;0;Regular Season;0;0;0;0;0;0;0;0;0;0
692;2001;12;30;SAP Center;0;214;26;0;0;0;0;0;0;0;0;0;0;0;0;;;;0;0;0;0;0;0;0;0;0;0;0;0;0;0;0;0;0;0;0;0;0;0;0;0;Regular Season;0;0;0;0;0;0;0;0;0;0
693;2001;12;30;Scottrade Center;0;16;224;0;0;0;0;0;0;0;0;0;0;0;0;;;;0;0;0;0;0;0;0;0;0;0;0;0;0;0;0;0;0;0;0;0;0;0;0;0;Regular Season;0;0;0;0;0;0;0;0;0;0
694;2001;12;30;Verizon Center;0;22;24;0;0;0;0;0;0;0;0;0;0;0;0;;;;0;0;0;0;0;0;0;0;0;0;0;0;0;0;0;0;0;0;0;0;0;0;0;0;Regular Season;0;0;0;0;0;0;0;0;0;0
695;2001;12;31;KeyBank Center;0;17;24;0;0;0;0;0;0;0;0;0;0;0;0;;;;0;0;0;0;0;0;0;0;0;0;0;0;0;0;0;0;0;0;0;0;0;0;0;0;Regular Season;0;0;0;0;0;0;0;0;0;0
696;2001;12;31;Nationwide Arena;0;229;220;0;0;0;0;0;0;0;0;0;0;0;0;;;;0;0;0;0;0;0;0;0;0;0;0;0;0;0;0;0;0;0;0;0;0;0;0;0;Regular Season;0;0;0;0;0;0;0;0;0;0
697;2001;12;31;Scotiabank Saddledome;0;19;23;0;0;0;0;0;0;0;0;0;0;0;0;;;;0;0;0;0;0;0;0;0;0;0;0;0;0;0;0;0;0;0;0;0;0;0;0;0;Regular Season;0;0;0;0;0;0;0;0;0;0
698;2001;12;31;American Airlines Center;0;12;5;0;0;0;0;0;0;0;0;0;0;0;0;;;;0;0;0;0;0;0;0;0;0;0;0;0;0;0;0;0;0;0;0;0;0;0;0;0;Regular Season;0;0;0;0;0;0;0;0;0;0
699;2001;12;31;Joe Louis Arena;0;9;230;0;0;0;0;0;0;0;0;0;0;0;0;;;;0;0;0;0;0;0;0;0;0;0;0;0;0;0;0;0;0;0;0;0;0;0;0;0;Regular Season;0;0;0;0;0;0;0;0;0;0
700;2001;12;31;BB&T Center;0;221;227;0;0;0;0;0;0;0;0;0;0;0;0;;;;0;0;0;0;0;0;0;0;0;0;0;0;0;0;0;0;0;0;0;0;0;0;0;0;Regular Season;0;0;0;0;0;0;0;0;0;0
701;2001;12;31;Canadian Tire Centre;0;216;8;0;0;0;0;0;0;0;0;0;0;0;0;;;;0;0;0;0;0;0;0;0;0;0;0;0;0;0;0;0;0;0;0;0;0;0;0;0;Regular Season;0;0;0;0;0;0;0;0;0;0
702;2001;12;31;America West Arena;0;26;10;0;0;0;0;0;0;0;0;0;0;0;0;;;;0;0;0;0;0;0;0;0;0;0;0;0;0;0;0;0;0;0;0;0;0;0;0;0;Regular Season;0;0;0;0;0;0;0;0;0;0
703;2001;12;31;Amalie Arena;0;217;3;0;0;0;0;0;0;0;0;0;0;0;0;;;;0;0;0;0;0;0;0;0;0;0;0;0;0;0;0;0;0;0;0;0;0;0;0;0;Regular Season;0;0;0;0;0;0;0;0;0;0
704;2001;12;31;Rogers Arena;0;18;14;0;0;0;0;0;0;0;0;0;0;0;0;;;;0;0;0;0;0;0;0;0;0;0;0;0;0;0;0;0;0;0;0;0;0;0;0;0;Regular Season;0;0;0;0;0;0;0;0;0;0
705;2002;1;1;Brendan Byrne Arena;0;21;16;0;0;0;0;0;0;0;0;0;0;0;0;;;;0;0;0;0;0;0;0;0;0;0;0;0;0;0;0;0;0;0;0;0;0;0;0;0;Regular Season;0;0;0;0;0;0;0;0;0;0
706;2002;1;1;Bridgestone Arena;0;224;25;0;0;0;0;0;0;0;0;0;0;0;0;;;;0;0;0;0;0;0;0;0;0;0;0;0;0;0;0;0;0;0;0;0;0;0;0;0;Regular Season;0;0;0;0;0;0;0;0;0;0
707;2002;1;1;Verizon Center;0;22;20;0;0;0;0;0;0;0;0;0;0;0;0;;;;0;0;0;0;0;0;0;0;0;0;0;0;0;0;0;0;0;0;0;0;0;0;0;0;Regular Season;0;0;0;0;0;0;0;0;0;0
708;2002;1;2;PNC Arena;0;24;5;0;0;0;0;0;0;0;0;0;0;0;0;;;;0;0;0;0;0;0;0;0;0;0;0;0;0;0;0;0;0;0;0;0;0;0;0;0;Regular Season;0;0;0;0;0;0;0;0;0;0
709;2002;1;2;American Airlines Center;0;12;227;0;0;0;0;0;0;0;0;0;0;0;0;;;;0;0;0;0;0;0;0;0;0;0;0;0;0;0;0;0;0;0;0;0;0;0;0;0;Regular Season;0;0;0;0;0;0;0;0;0;0
710;2002;1;2;Joe Louis Arena;0;9;220;0;0;0;0;0;0;0;0;0;0;0;0;;;;0;0;0;0;0;0;0;0;0;0;0;0;0;0;0;0;0;0;0;0;0;0;0;0;Regular Season;0;0;0;0;0;0;0;0;0;0
711;2002;1;2;Rexall Place;0;23;10;0;0;0;0;0;0;0;0;0;0;0;0;;;;0;0;0;0;0;0;0;0;0;0;0;0;0;0;0;0;0;0;0;0;0;0;0;0;Regular Season;0;0;0;0;0;0;0;0;0;0
712;2002;1;2;Staples Center;0;11;221;0;0;0;0;0;0;0;0;0;0;0;0;;;;0;0;0;0;0;0;0;0;0;0;0;0;0;0;0;0;0;0;0;0;0;0;0;0;Regular Season;0;0;0;0;0;0;0;0;0;0
713;2002;1;2;Xcel Energy Center;0;230;217;0;0;0;0;0;0;0;0;0;0;0;0;;;;0;0;0;0;0;0;0;0;0;0;0;0;0;0;0;0;0;0;0;0;0;0;0;0;Regular Season;0;0;0;0;0;0;0;0;0;0
714;2002;1;2;SAP Center;0;214;14;0;0;0;0;0;0;0;0;0;0;0;0;;;;0;0;0;0;0;0;0;0;0;0;0;0;0;0;0;0;0;0;0;0;0;0;0;0;Regular Season;0;0;0;0;0;0;0;0;0;0
715;2002;1;3;TD Garden;0;5;3;0;0;0;0;0;0;0;0;0;0;0;0;;;;0;0;0;0;0;0;0;0;0;0;0;0;0;0;0;0;0;0;0;0;0;0;0;0;Regular Season;0;0;0;0;0;0;0;0;0;0
716;2002;1;3;Scotiabank Saddledome;0;19;17;0;0;0;0;0;0;0;0;0;0;0;0;;;;0;0;0;0;0;0;0;0;0;0;0;0;0;0;0;0;0;0;0;0;0;0;0;0;Regular Season;0;0;0;0;0;0;0;0;0;0
717;2002;1;3;Pepsi Center;0;25;10;0;0;0;0;0;0;0;0;0;0;0;0;;;;0;0;0;0;0;0;0;0;0;0;0;0;0;0;0;0;0;0;0;0;0;0;0;0;Regular Season;0;0;0;0;0;0;0;0;0;0
718;2002;1;3;Brendan Byrne Arena;0;21;224;0;0;0;0;0;0;0;0;0;0;0;0;;;;0;0;0;0;0;0;0;0;0;0;0;0;0;0;0;0;0;0;0;0;0;0;0;0;Regular Season;0;0;0;0;0;0;0;0;0;0
719;2002;1;3;Nassau Veterans Memorial Coliseum;0;20;15;0;0;0;0;0;0;0;0;0;0;0;0;;;;0;0;0;0;0;0;0;0;0;0;0;0;0;0;0;0;0;0;0;0;0;0;0;0;Regular Season;0;0;0;0;0;0;0;0;0;0
720;2002;1;3;Canadian Tire Centre;0;216;22;0;0;0;0;0;0;0;0;0;0;0;0;;;;0;0;0;0;0;0;0;0;0;0;0;0;0;0;0;0;0;0;0;0;0;0;0;0;Regular Season;0;0;0;0;0;0;0;0;0;0
721;2002;1;3;America West Arena;0;26;227;0;0;0;0;0;0;0;0;0;0;0;0;;;;0;0;0;0;0;0;0;0;0;0;0;0;0;0;0;0;0;0;0;0;0;0;0;0;Regular Season;0;0;0;0;0;0;0;0;0;0
722;2002;1;3;Scottrade Center;0;16;229;0;0;0;0;0;0;0;0;0;0;0;0;;;;0;0;0;0;0;0;0;0;0;0;0;0;0;0;0;0;0;0;0;0;0;0;0;0;Regular Season;0;0;0;0;0;0;0;0;0;0
723;2002;1;3;Rogers Arena;0;18;0;0;0;0;0;0;0;0;0;0;0;0;0;;;;0;0;0;0;0;0;0;0;0;0;0;0;0;0;0;0;0;0;0;0;0;0;0;0;Regular Season;0;0;0;0;0;0;0;0;0;0
724;2002;1;4;United Center;0;8;217;0;0;0;0;0;0;0;0;0;0;0;0;;;;0;0;0;0;0;0;0;0;0;0;0;0;0;0;0;0;0;0;0;0;0;0;0;0;Regular Season;0;0;0;0;0;0;0;0;0;0
725;2002;1;4;Honda Center;0;220;221;0;0;0;0;0;0;0;0;0;0;0;0;;;;0;0;0;0;0;0;0;0;0;0;0;0;0;0;0;0;0;0;0;0;0;0;0;0;Regular Season;0;0;0;0;0;0;0;0;0;0
726;2002;1;4;Xcel Energy Center;0;230;224;0;0;0;0;0;0;0;0;0;0;0;0;;;;0;0;0;0;0;0;0;0;0;0;0;0;0;0;0;0;0;0;0;0;0;0;0;0;Regular Season;0;0;0;0;0;0;0;0;0;0
727;2002;1;4;SAP Center;0;214;26;0;0;0;0;0;0;0;0;0;0;0;0;;;;0;0;0;0;0;0;0;0;0;0;0;0;0;0;0;0;0;0;0;0;0;0;0;0;Regular Season;0;0;0;0;0;0;0;0;0;0
728;2002;1;5;TD Garden;0;5;22;0;0;0;0;0;0;0;0;0;0;0;0;;;;0;0;0;0;0;0;0;0;0;0;0;0;0;0;0;0;0;0;0;0;0;0;0;0;Regular Season;0;0;0;0;0;0;0;0;0;0
729;2002;1;5;PNC Arena;0;24;21;0;0;0;0;0;0;0;0;0;0;0;0;;;;0;0;0;0;0;0;0;0;0;0;0;0;0;0;0;0;0;0;0;0;0;0;0;0;Regular Season;0;0;0;0;0;0;0;0;0;0
730;2002;1;5;Scotiabank Saddledome;0;19;0;0;0;0;0;0;0;0;0;0;0;0;0;;;;0;0;0;0;0;0;0;0;0;0;0;0;0;0;0;0;0;0;0;0;0;0;0;0;Regular Season;0;0;0;0;0;0;0;0;0;0
731;2002;1;5;Joe Louis Arena;0;9;25;0;0;0;0;0;0;0;0;0;0;0;0;;;;0;0;0;0;0;0;0;0;0;0;0;0;0;0;0;0;0;0;0;0;0;0;0;0;Regular Season;0;0;0;0;0;0;0;0;0;0
732;2002;1;5;Rexall Place;0;23;18;0;0;0;0;0;0;0;0;0;0;0;0;;;;0;0;0;0;0;0;0;0;0;0;0;0;0;0;0;0;0;0;0;0;0;0;0;0;Regular Season;0;0;0;0;0;0;0;0;0;0
733;2002;1;5;Nassau Veterans Memorial Coliseum;0;20;11;0;0;0;0;0;0;0;0;0;0;0;0;;;;0;0;0;0;0;0;0;0;0;0;0;0;0;0;0;0;0;0;0;0;0;0;0;0;Regular Season;0;0;0;0;0;0;0;0;0;0
734;2002;1;5;Pittsburgh Civic Arena;0;15;10;0;0;0;0;0;0;0;0;0;0;0;0;;;;0;0;0;0;0;0;0;0;0;0;0;0;0;0;0;0;0;0;0;0;0;0;0;0;Regular Season;0;0;0;0;0;0;0;0;0;0
735;2002;1;5;SAP Center;0;214;221;0;0;0;0;0;0;0;0;0;0;0;0;;;;0;0;0;0;0;0;0;0;0;0;0;0;0;0;0;0;0;0;0;0;0;0;0;0;Regular Season;0;0;0;0;0;0;0;0;0;0
736;2002;1;5;Scottrade Center;0;16;12;0;0;0;0;0;0;0;0;0;0;0;0;;;;0;0;0;0;0;0;0;0;0;0;0;0;0;0;0;0;0;0;0;0;0;0;0;0;Regular Season;0;0;0;0;0;0;0;0;0;0
737;2002;1;5;Air Canada Centre;0;3;216;0;0;0;0;0;0;0;0;0;0;0;0;;;;0;0;0;0;0;0;0;0;0;0;0;0;0;0;0;0;0;0;0;0;0;0;0;0;Regular Season;0;0;0;0;0;0;0;0;0;0
738;2002;1;6;Philips Arena;0;227;20;0;0;0;0;0;0;0;0;0;0;0;0;;;;0;0;0;0;0;0;0;0;0;0;0;0;0;0;0;0;0;0;0;0;0;0;0;0;Regular Season;0;0;0;0;0;0;0;0;0;0
739;2002;1;6;PNC Arena;0;24;14;0;0;0;0;0;0;0;0;0;0;0;0;;;;0;0;0;0;0;0;0;0;0;0;0;0;0;0;0;0;0;0;0;0;0;0;0;0;Regular Season;0;0;0;0;0;0;0;0;0;0
740;2002;1;6;Nationwide Arena;0;229;224;0;0;0;0;0;0;0;0;0;0;0;0;;;;0;0;0;0;0;0;0;0;0;0;0;0;0;0;0;0;0;0;0;0;0;0;0;0;Regular Season;0;0;0;0;0;0;0;0;0;0
741;2002;1;6;United Center;0;8;15;0;0;0;0;0;0;0;0;0;0;0;0;;;;0;0;0;0;0;0;0;0;0;0;0;0;0;0;0;0;0;0;0;0;0;0;0;0;Regular Season;0;0;0;0;0;0;0;0;0;0
742;2002;1;6;Rexall Place;0;23;0;0;0;0;0;0;0;0;0;0;0;0;0;;;;0;0;0;0;0;0;0;0;0;0;0;0;0;0;0;0;0;0;0;0;0;0;0;0;Regular Season;0;0;0;0;0;0;0;0;0;0
743;2002;1;6;Xcel Energy Center;0;230;17;0;0;0;0;0;0;0;0;0;0;0;0;;;;0;0;0;0;0;0;0;0;0;0;0;0;0;0;0;0;0;0;0;0;0;0;0;0;Regular Season;0;0;0;0;0;0;0;0;0;0
744;2002;1;6;America West Arena;0;26;217;0;0;0;0;0;0;0;0;0;0;0;0;;;;0;0;0;0;0;0;0;0;0;0;0;0;0;0;0;0;0;0;0;0;0;0;0;0;Regular Season;0;0;0;0;0;0;0;0;0;0
745;2002;1;7;Brendan Byrne Arena;0;21;11;0;0;0;0;0;0;0;0;0;0;0;0;;;;0;0;0;0;0;0;0;0;0;0;0;0;0;0;0;0;0;0;0;0;0;0;0;0;Regular Season;0;0;0;0;0;0;0;0;0;0
746;2002;1;7;Canadian Tire Centre;0;216;3;0;0;0;0;0;0;0;0;0;0;0;0;;;;0;0;0;0;0;0;0;0;0;0;0;0;0;0;0;0;0;0;0;0;0;0;0;0;Regular Season;0;0;0;0;0;0;0;0;0;0
747;2002;1;7;Verizon Center;0;22;221;0;0;0;0;0;0;0;0;0;0;0;0;;;;0;0;0;0;0;0;0;0;0;0;0;0;0;0;0;0;0;0;0;0;0;0;0;0;Regular Season;0;0;0;0;0;0;0;0;0;0
748;2002;1;8;KeyBank Center;0;17;18;0;0;0;0;0;0;0;0;0;0;0;0;;;;0;0;0;0;0;0;0;0;0;0;0;0;0;0;0;0;0;0;0;0;0;0;0;0;Regular Season;0;0;0;0;0;0;0;0;0;0
749;2002;1;8;Xcel Energy Center;0;230;0;0;0;0;0;0;0;0;0;0;0;0;0;;;;0;0;0;0;0;0;0;0;0;0;0;0;0;0;0;0;0;0;0;0;0;0;0;0;Regular Season;0;0;0;0;0;0;0;0;0;0
750;2002;1;8;Nassau Veterans Memorial Coliseum;0;20;19;0;0;0;0;0;0;0;0;0;0;0;0;;;;0;0;0;0;0;0;0;0;0;0;0;0;0;0;0;0;0;0;0;0;0;0;0;0;Regular Season;0;0;0;0;0;0;0;0;0;0
751;2002;1;8;Wells Fargo Center;0;14;227;0;0;0;0;0;0;0;0;0;0;0;0;;;;0;0;0;0;0;0;0;0;0;0;0;0;0;0;0;0;0;0;0;0;0;0;0;0;Regular Season;0;0;0;0;0;0;0;0;0;0
752;2002;1;8;Pittsburgh Civic Arena;0;15;5;0;0;0;0;0;0;0;0;0;0;0;0;;;;0;0;0;0;0;0;0;0;0;0;0;0;0;0;0;0;0;0;0;0;0;0;0;0;Regular Season;0;0;0;0;0;0;0;0;0;0
753;2002;1;8;SAP Center;0;214;16;0;0;0;0;0;0;0;0;0;0;0;0;;;;0;0;0;0;0;0;0;0;0;0;0;0;0;0;0;0;0;0;0;0;0;0;0;0;Regular Season;0;0;0;0;0;0;0;0;0;0
754;2002;1;8;Amalie Arena;0;217;12;0;0;0;0;0;0;0;0;0;0;0;0;;;;0;0;0;0;0;0;0;0;0;0;0;0;0;0;0;0;0;0;0;0;0;0;0;0;Regular Season;0;0;0;0;0;0;0;0;0;0
755;2002;1;8;Air Canada Centre;0;3;224;0;0;0;0;0;0;0;0;0;0;0;0;;;;0;0;0;0;0;0;0;0;0;0;0;0;0;0;0;0;0;0;0;0;0;0;0;0;Regular Season;0;0;0;0;0;0;0;0;0;0
756;2002;1;9;Philips Arena;0;227;216;0;0;0;0;0;0;0;0;0;0;0;0;;;;0;0;0;0;0;0;0;0;0;0;0;0;0;0;0;0;0;0;0;0;0;0;0;0;Regular Season;0;0;0;0;0;0;0;0;0;0
757;2002;1;9;Pepsi Center;0;25;8;0;0;0;0;0;0;0;0;0;0;0;0;;;;0;0;0;0;0;0;0;0;0;0;0;0;0;0;0;0;0;0;0;0;0;0;0;0;Regular Season;0;0;0;0;0;0;0;0;0;0
758;2002;1;9;Joe Louis Arena;0;9;18;0;0;0;0;0;0;0;0;0;0;0;0;;;;0;0;0;0;0;0;0;0;0;0;0;0;0;0;0;0;0;0;0;0;0;0;0;0;Regular Season;0;0;0;0;0;0;0;0;0;0
759;2002;1;9;BB&T Center;0;221;12;0;0;0;0;0;0;0;0;0;0;0;0;;;;0;0;0;0;0;0;0;0;0;0;0;0;0;0;0;0;0;0;0;0;0;0;0;0;Regular Season;0;0;0;0;0;0;0;0;0;0
760;2002;1;9;Honda Center;0;220;16;0;0;0;0;0;0;0;0;0;0;0;0;;;;0;0;0;0;0;0;0;0;0;0;0;0;0;0;0;0;0;0;0;0;0;0;0;0;Regular Season;0;0;0;0;0;0;0;0;0;0
761;2002;1;9;Brendan Byrne Arena;0;21;19;0;0;0;0;0;0;0;0;0;0;0;0;;;;0;0;0;0;0;0;0;0;0;0;0;0;0;0;0;0;0;0;0;0;0;0;0;0;Regular Season;0;0;0;0;0;0;0;0;0;0
762;2002;1;9;Madison Square Garden;0;10;11;0;0;0;0;0;0;0;0;0;0;0;0;;;;0;0;0;0;0;0;0;0;0;0;0;0;0;0;0;0;0;0;0;0;0;0;0;0;Regular Season;0;0;0;0;0;0;0;0;0;0
763;2002;1;9;America West Arena;0;26;214;0;0;0;0;0;0;0;0;0;0;0;0;;;;0;0;0;0;0;0;0;0;0;0;0;0;0;0;0;0;0;0;0;0;0;0;0;0;Regular Season;0;0;0;0;0;0;0;0;0;0
764;2002;1;9;Verizon Center;0;22;229;0;0;0;0;0;0;0;0;0;0;0;0;;;;0;0;0;0;0;0;0;0;0;0;0;0;0;0;0;0;0;0;0;0;0;0;0;0;Regular Season;0;0;0;0;0;0;0;0;0;0
765;2002;1;10;TD Garden;0;5;11;0;0;0;0;0;0;0;0;0;0;0;0;;;;0;0;0;0;0;0;0;0;0;0;0;0;0;0;0;0;0;0;0;0;0;0;0;0;Regular Season;0;0;0;0;0;0;0;0;0;0
766;2002;1;10;KeyBank Center;0;17;15;0;0;0;0;0;0;0;0;0;0;0;0;;;;0;0;0;0;0;0;0;0;0;0;0;0;0;0;0;0;0;0;0;0;0;0;0;0;Regular Season;0;0;0;0;0;0;0;0;0;0
767;2002;1;10;United Center;0;8;229;0;0;0;0;0;0;0;0;0;0;0;0;;;;0;0;0;0;0;0;0;0;0;0;0;0;0;0;0;0;0;0;0;0;0;0;0;0;Regular Season;0;0;0;0;0;0;0;0;0;0
768;2002;1;10;Rexall Place;0;23;24;0;0;0;0;0;0;0;0;0;0;0;0;;;;0;0;0;0;0;0;0;0;0;0;0;0;0;0;0;0;0;0;0;0;0;0;0;0;Regular Season;0;0;0;0;0;0;0;0;0;0
769;2002;1;10;Bell Centre;0;0;20;0;0;0;0;0;0;0;0;0;0;0;0;;;;0;0;0;0;0;0;0;0;0;0;0;0;0;0;0;0;0;0;0;0;0;0;0;0;Regular Season;0;0;0;0;0;0;0;0;0;0
770;2002;1;10;Bridgestone Arena;0;224;230;0;0;0;0;0;0;0;0;0;0;0;0;;;;0;0;0;0;0;0;0;0;0;0;0;0;0;0;0;0;0;0;0;0;0;0;0;0;Regular Season;0;0;0;0;0;0;0;0;0;0
771;2002;1;10;Wells Fargo Center;0;14;21;0;0;0;0;0;0;0;0;0;0;0;0;;;;0;0;0;0;0;0;0;0;0;0;0;0;0;0;0;0;0;0;0;0;0;0;0;0;Regular Season;0;0;0;0;0;0;0;0;0;0
772;2002;1;11;Philips Arena;0;227;19;0;0;0;0;0;0;0;0;0;0;0;0;;;;0;0;0;0;0;0;0;0;0;0;0;0;0;0;0;0;0;0;0;0;0;0;0;0;Regular Season;0;0;0;0;0;0;0;0;0;0
773;2002;1;11;BB&T Center;0;221;216;0;0;0;0;0;0;0;0;0;0;0;0;;;;0;0;0;0;0;0;0;0;0;0;0;0;0;0;0;0;0;0;0;0;0;0;0;0;Regular Season;0;0;0;0;0;0;0;0;0;0
774;2002;1;11;Xcel Energy Center;0;230;220;0;0;0;0;0;0;0;0;0;0;0;0;;;;0;0;0;0;0;0;0;0;0;0;0;0;0;0;0;0;0;0;0;0;0;0;0;0;Regular Season;0;0;0;0;0;0;0;0;0;0
775;2002;1;11;Verizon Center;0;22;3;0;0;0;0;0;0;0;0;0;0;0;0;;;;0;0;0;0;0;0;0;0;0;0;0;0;0;0;0;0;0;0;0;0;0;0;0;0;Regular Season;0;0;0;0;0;0;0;0;0;0
776;2002;1;12;TD Garden;0;5;20;0;0;0;0;0;0;0;0;0;0;0;0;;;;0;0;0;0;0;0;0;0;0;0;0;0;0;0;0;0;0;0;0;0;0;0;0;0;Regular Season;0;0;0;0;0;0;0;0;0;0
777;2002;1;12;KeyBank Center;0;17;21;0;0;0;0;0;0;0;0;0;0;0;0;;;;0;0;0;0;0;0;0;0;0;0;0;0;0;0;0;0;0;0;0;0;0;0;0;0;Regular Season;0;0;0;0;0;0;0;0;0;0
778;2002;1;12;Nationwide Arena;0;229;8;0;0;0;0;0;0;0;0;0;0;0;0;;;;0;0;0;0;0;0;0;0;0;0;0;0;0;0;0;0;0;0;0;0;0;0;0;0;Regular Season;0;0;0;0;0;0;0;0;0;0
779;2002;1;12;Joe Louis Arena;0;9;12;0;0;0;0;0;0;0;0;0;0;0;0;;;;0;0;0;0;0;0;0;0;0;0;0;0;0;0;0;0;0;0;0;0;0;0;0;0;Regular Season;0;0;0;0;0;0;0;0;0;0
780;2002;1;12;Rexall Place;0;23;25;0;0;0;0;0;0;0;0;0;0;0;0;;;;0;0;0;0;0;0;0;0;0;0;0;0;0;0;0;0;0;0;0;0;0;0;0;0;Regular Season;0;0;0;0;0;0;0;0;0;0
781;2002;1;12;BB&T Center;0;221;22;0;0;0;0;0;0;0;0;0;0;0;0;;;;0;0;0;0;0;0;0;0;0;0;0;0;0;0;0;0;0;0;0;0;0;0;0;0;Regular Season;0;0;0;0;0;0;0;0;0;0
782;2002;1;12;Bridgestone Arena;0;224;220;0;0;0;0;0;0;0;0;0;0;0;0;;;;0;0;0;0;0;0;0;0;0;0;0;0;0;0;0;0;0;0;0;0;0;0;0;0;Regular Season;0;0;0;0;0;0;0;0;0;0
783;2002;1;12;Wells Fargo Center;0;14;10;0;0;0;0;0;0;0;0;0;0;0;0;;;;0;0;0;0;0;0;0;0;0;0;0;0;0;0;0;0;0;0;0;0;0;0;0;0;Regular Season;0;0;0;0;0;0;0;0;0;0
784;2002;1;12;Pittsburgh Civic Arena;0;15;16;0;0;0;0;0;0;0;0;0;0;0;0;;;;0;0;0;0;0;0;0;0;0;0;0;0;0;0;0;0;0;0;0;0;0;0;0;0;Regular Season;0;0;0;0;0;0;0;0;0;0
785;2002;1;12;SAP Center;0;214;11;0;0;0;0;0;0;0;0;0;0;0;0;;;;0;0;0;0;0;0;0;0;0;0;0;0;0;0;0;0;0;0;0;0;0;0;0;0;Regular Season;0;0;0;0;0;0;0;0;0;0
786;2002;1;12;Amalie Arena;0;217;216;0;0;0;0;0;0;0;0;0;0;0;0;;;;0;0;0;0;0;0;0;0;0;0;0;0;0;0;0;0;0;0;0;0;0;0;0;0;Regular Season;0;0;0;0;0;0;0;0;0;0
787;2002;1;12;Air Canada Centre;0;3;0;0;0;0;0;0;0;0;0;0;0;0;0;;;;0;0;0;0;0;0;0;0;0;0;0;0;0;0;0;0;0;0;0;0;0;0;0;0;Regular Season;0;0;0;0;0;0;0;0;0;0
788;2002;1;12;Rogers Arena;0;18;24;0;0;0;0;0;0;0;0;0;0;0;0;;;;0;0;0;0;0;0;0;0;0;0;0;0;0;0;0;0;0;0;0;0;0;0;0;0;Regular Season;0;0;0;0;0;0;0;0;0;0
789;2002;1;13;Philips Arena;0;227;217;0;0;0;0;0;0;0;0;0;0;0;0;;;;0;0;0;0;0;0;0;0;0;0;0;0;0;0;0;0;0;0;0;0;0;0;0;0;Regular Season;0;0;0;0;0;0;0;0;0;0
790;2002;1;13;Xcel Energy Center;0;230;12;0;0;0;0;0;0;0;0;0;0;0;0;;;;0;0;0;0;0;0;0;0;0;0;0;0;0;0;0;0;0;0;0;0;0;0;0;0;Regular Season;0;0;0;0;0;0;0;0;0;0
791;2002;1;14;United Center;0;8;23;0;0;0;0;0;0;0;0;0;0;0;0;;;;0;0;0;0;0;0;0;0;0;0;0;0;0;0;0;0;0;0;0;0;0;0;0;0;Regular Season;0;0;0;0;0;0;0;0;0;0
792;2002;1;14;Honda Center;0;220;224;0;0;0;0;0;0;0;0;0;0;0;0;;;;0;0;0;0;0;0;0;0;0;0;0;0;0;0;0;0;0;0;0;0;0;0;0;0;Regular Season;0;0;0;0;0;0;0;0;0;0
793;2002;1;14;Bell Centre;0;0;14;0;0;0;0;0;0;0;0;0;0;0;0;;;;0;0;0;0;0;0;0;0;0;0;0;0;0;0;0;0;0;0;0;0;0;0;0;0;Regular Season;0;0;0;0;0;0;0;0;0;0
794;2002;1;14;Madison Square Garden;0;10;229;0;0;0;0;0;0;0;0;0;0;0;0;;;;0;0;0;0;0;0;0;0;0;0;0;0;0;0;0;0;0;0;0;0;0;0;0;0;Regular Season;0;0;0;0;0;0;0;0;0;0
795;2002;1;14;Verizon Center;0;22;5;0;0;0;0;0;0;0;0;0;0;0;0;;;;0;0;0;0;0;0;0;0;0;0;0;0;0;0;0;0;0;0;0;0;0;0;0;0;Regular Season;0;0;0;0;0;0;0;0;0;0
796;2002;1;15;PNC Arena;0;24;230;0;0;0;0;0;0;0;0;0;0;0;0;;;;0;0;0;0;0;0;0;0;0;0;0;0;0;0;0;0;0;0;0;0;0;0;0;0;Regular Season;0;0;0;0;0;0;0;0;0;0
797;2002;1;15;Scotiabank Saddledome;0;19;20;0;0;0;0;0;0;0;0;0;0;0;0;;;;0;0;0;0;0;0;0;0;0;0;0;0;0;0;0;0;0;0;0;0;0;0;0;0;Regular Season;0;0;0;0;0;0;0;0;0;0
798;2002;1;15;Pepsi Center;0;25;214;0;0;0;0;0;0;0;0;0;0;0;0;;;;0;0;0;0;0;0;0;0;0;0;0;0;0;0;0;0;0;0;0;0;0;0;0;0;Regular Season;0;0;0;0;0;0;0;0;0;0
799;2002;1;15;Staples Center;0;11;224;0;0;0;0;0;0;0;0;0;0;0;0;;;;0;0;0;0;0;0;0;0;0;0;0;0;0;0;0;0;0;0;0;0;0;0;0;0;Regular Season;0;0;0;0;0;0;0;0;0;0
800;2002;1;15;Brendan Byrne Arena;0;21;217;0;0;0;0;0;0;0;0;0;0;0;0;;;;0;0;0;0;0;0;0;0;0;0;0;0;0;0;0;0;0;0;0;0;0;0;0;0;Regular Season;0;0;0;0;0;0;0;0;0;0
801;2002;1;15;Canadian Tire Centre;0;216;14;0;0;0;0;0;0;0;0;0;0;0;0;;;;0;0;0;0;0;0;0;0;0;0;0;0;0;0;0;0;0;0;0;0;0;0;0;0;Regular Season;0;0;0;0;0;0;0;0;0;0
802;2002;1;15;America West Arena;0;26;9;0;0;0;0;0;0;0;0;0;0;0;0;;;;0;0;0;0;0;0;0;0;0;0;0;0;0;0;0;0;0;0;0;0;0;0;0;0;Regular Season;0;0;0;0;0;0;0;0;0;0
803;2002;1;15;Scottrade Center;0;16;23;0;0;0;0;0;0;0;0;0;0;0;0;;;;0;0;0;0;0;0;0;0;0;0;0;0;0;0;0;0;0;0;0;0;0;0;0;0;Regular Season;0;0;0;0;0;0;0;0;0;0
804;2002;1;15;Air Canada Centre;0;3;227;0;0;0;0;0;0;0;0;0;0;0;0;;;;0;0;0;0;0;0;0;0;0;0;0;0;0;0;0;0;0;0;0;0;0;0;0;0;Regular Season;0;0;0;0;0;0;0;0;0;0
805;2002;1;15;Rogers Arena;0;18;15;0;0;0;0;0;0;0;0;0;0;0;0;;;;0;0;0;0;0;0;0;0;0;0;0;0;0;0;0;0;0;0;0;0;0;0;0;0;Regular Season;0;0;0;0;0;0;0;0;0;0
806;2002;1;16;Nationwide Arena;0;229;10;0;0;0;0;0;0;0;0;0;0;0;0;;;;0;0;0;0;0;0;0;0;0;0;0;0;0;0;0;0;0;0;0;0;0;0;0;0;Regular Season;0;0;0;0;0;0;0;0;0;0
807;2002;1;16;American Airlines Center;0;12;9;0;0;0;0;0;0;0;0;0;0;0;0;;;;0;0;0;0;0;0;0;0;0;0;0;0;0;0;0;0;0;0;0;0;0;0;0;0;Regular Season;0;0;0;0;0;0;0;0;0;0
808;2002;1;16;BB&T Center;0;221;8;0;0;0;0;0;0;0;0;0;0;0;0;;;;0;0;0;0;0;0;0;0;0;0;0;0;0;0;0;0;0;0;0;0;0;0;0;0;Regular Season;0;0;0;0;0;0;0;0;0;0
809;2002;1;16;Honda Center;0;220;17;0;0;0;0;0;0;0;0;0;0;0;0;;;;0;0;0;0;0;0;0;0;0;0;0;0;0;0;0;0;0;0;0;0;0;0;0;0;Regular Season;0;0;0;0;0;0;0;0;0;0
810;2002;1;16;Bell Centre;0;0;22;0;0;0;0;0;0;0;0;0;0;0;0;;;;0;0;0;0;0;0;0;0;0;0;0;0;0;0;0;0;0;0;0;0;0;0;0;0;Regular Season;0;0;0;0;0;0;0;0;0;0
811;2002;1;17;TD Garden;0;5;216;0;0;0;0;0;0;0;0;0;0;0;0;;;;0;0;0;0;0;0;0;0;0;0;0;0;0;0;0;0;0;0;0;0;0;0;0;0;Regular Season;0;0;0;0;0;0;0;0;0;0
812;2002;1;17;PNC Arena;0;24;0;0;0;0;0;0;0;0;0;0;0;0;0;;;;0;0;0;0;0;0;0;0;0;0;0;0;0;0;0;0;0;0;0;0;0;0;0;0;Regular Season;0;0;0;0;0;0;0;0;0;0
813;2002;1;17;Scotiabank Saddledome;0;19;15;0;0;0;0;0;0;0;0;0;0;0;0;;;;0;0;0;0;0;0;0;0;0;0;0;0;0;0;0;0;0;0;0;0;0;0;0;0;Regular Season;0;0;0;0;0;0;0;0;0;0
814;2002;1;17;Pepsi Center;0;25;26;0;0;0;0;0;0;0;0;0;0;0;0;;;;0;0;0;0;0;0;0;0;0;0;0;0;0;0;0;0;0;0;0;0;0;0;0;0;Regular Season;0;0;0;0;0;0;0;0;0;0
815;2002;1;17;Staples Center;0;11;17;0;0;0;0;0;0;0;0;0;0;0;0;;;;0;0;0;0;0;0;0;0;0;0;0;0;0;0;0;0;0;0;0;0;0;0;0;0;Regular Season;0;0;0;0;0;0;0;0;0;0
816;2002;1;17;Brendan Byrne Arena;0;21;10;0;0;0;0;0;0;0;0;0;0;0;0;;;;0;0;0;0;0;0;0;0;0;0;0;0;0;0;0;0;0;0;0;0;0;0;0;0;Regular Season;0;0;0;0;0;0;0;0;0;0
817;2002;1;17;Bridgestone Arena;0;224;3;0;0;0;0;0;0;0;0;0;0;0;0;;;;0;0;0;0;0;0;0;0;0;0;0;0;0;0;0;0;0;0;0;0;0;0;0;0;Regular Season;0;0;0;0;0;0;0;0;0;0
818;2002;1;17;Wells Fargo Center;0;14;227;0;0;0;0;0;0;0;0;0;0;0;0;;;;0;0;0;0;0;0;0;0;0;0;0;0;0;0;0;0;0;0;0;0;0;0;0;0;Regular Season;0;0;0;0;0;0;0;0;0;0
819;2002;1;17;SAP Center;0;214;20;0;0;0;0;0;0;0;0;0;0;0;0;;;;0;0;0;0;0;0;0;0;0;0;0;0;0;0;0;0;0;0;0;0;0;0;0;0;Regular Season;0;0;0;0;0;0;0;0;0;0
820;2002;1;17;Scottrade Center;0;16;18;0;0;0;0;0;0;0;0;0;0;0;0;;;;0;0;0;0;0;0;0;0;0;0;0;0;0;0;0;0;0;0;0;0;0;0;0;0;Regular Season;0;0;0;0;0;0;0;0;0;0
821;2002;1;18;Nationwide Arena;0;229;230;0;0;0;0;0;0;0;0;0;0;0;0;;;;0;0;0;0;0;0;0;0;0;0;0;0;0;0;0;0;0;0;0;0;0;0;0;0;Regular Season;0;0;0;0;0;0;0;0;0;0
822;2002;1;18;American Airlines Center;0;12;221;0;0;0;0;0;0;0;0;0;0;0;0;;;;0;0;0;0;0;0;0;0;0;0;0;0;0;0;0;0;0;0;0;0;0;0;0;0;Regular Season;0;0;0;0;0;0;0;0;0;0
823;2002;1;18;Joe Louis Arena;0;9;22;0;0;0;0;0;0;0;0;0;0;0;0;;;;0;0;0;0;0;0;0;0;0;0;0;0;0;0;0;0;0;0;0;0;0;0;0;0;Regular Season;0;0;0;0;0;0;0;0;0;0
824;2002;1;18;Rexall Place;0;23;220;0;0;0;0;0;0;0;0;0;0;0;0;;;;0;0;0;0;0;0;0;0;0;0;0;0;0;0;0;0;0;0;0;0;0;0;0;0;Regular Season;0;0;0;0;0;0;0;0;0;0
825;2002;1;18;Amalie Arena;0;217;8;0;0;0;0;0;0;0;0;0;0;0;0;;;;0;0;0;0;0;0;0;0;0;0;0;0;0;0;0;0;0;0;0;0;0;0;0;0;Regular Season;0;0;0;0;0;0;0;0;0;0
826;2002;1;19;Scotiabank Saddledome;0;19;220;0;0;0;0;0;0;0;0;0;0;0;0;;;;0;0;0;0;0;0;0;0;0;0;0;0;0;0;0;0;0;0;0;0;0;0;0;0;Regular Season;0;0;0;0;0;0;0;0;0;0
827;2002;1;19;Rexall Place;0;23;15;0;0;0;0;0;0;0;0;0;0;0;0;;;;0;0;0;0;0;0;0;0;0;0;0;0;0;0;0;0;0;0;0;0;0;0;0;0;Regular Season;0;0;0;0;0;0;0;0;0;0
828;2002;1;19;BB&T Center;0;221;227;0;0;0;0;0;0;0;0;0;0;0;0;;;;0;0;0;0;0;0;0;0;0;0;0;0;0;0;0;0;0;0;0;0;0;0;0;0;Regular Season;0;0;0;0;0;0;0;0;0;0
829;2002;1;19;Staples Center;0;11;20;0;0;0;0;0;0;0;0;0;0;0;0;;;;0;0;0;0;0;0;0;0;0;0;0;0;0;0;0;0;0;0;0;0;0;0;0;0;Regular Season;0;0;0;0;0;0;0;0;0;0
830;2002;1;19;Brendan Byrne Arena;0;21;24;0;0;0;0;0;0;0;0;0;0;0;0;;;;0;0;0;0;0;0;0;0;0;0;0;0;0;0;0;0;0;0;0;0;0;0;0;0;Regular Season;0;0;0;0;0;0;0;0;0;0
831;2002;1;19;Bridgestone Arena;0;224;229;0;0;0;0;0;0;0;0;0;0;0;0;;;;0;0;0;0;0;0;0;0;0;0;0;0;0;0;0;0;0;0;0;0;0;0;0;0;Regular Season;0;0;0;0;0;0;0;0;0;0
832;2002;1;19;Canadian Tire Centre;0;216;230;0;0;0;0;0;0;0;0;0;0;0;0;;;;0;0;0;0;0;0;0;0;0;0;0;0;0;0;0;0;0;0;0;0;0;0;0;0;Regular Season;0;0;0;0;0;0;0;0;0;0
833;2002;1;19;America West Arena;0;26;17;0;0;0;0;0;0;0;0;0;0;0;0;;;;0;0;0;0;0;0;0;0;0;0;0;0;0;0;0;0;0;0;0;0;0;0;0;0;Regular Season;0;0;0;0;0;0;0;0;0;0
834;2002;1;19;SAP Center;0;214;25;0;0;0;0;0;0;0;0;0;0;0;0;;;;0;0;0;0;0;0;0;0;0;0;0;0;0;0;0;0;0;0;0;0;0;0;0;0;Regular Season;0;0;0;0;0;0;0;0;0;0
835;2002;1;19;Scottrade Center;0;16;5;0;0;0;0;0;0;0;0;0;0;0;0;;;;0;0;0;0;0;0;0;0;0;0;0;0;0;0;0;0;0;0;0;0;0;0;0;0;Regular Season;0;0;0;0;0;0;0;0;0;0
836;2002;1;19;Amalie Arena;0;217;0;0;0;0;0;0;0;0;0;0;0;0;0;;;;0;0;0;0;0;0;0;0;0;0;0;0;0;0;0;0;0;0;0;0;0;0;0;0;Regular Season;0;0;0;0;0;0;0;0;0;0
837;2002;1;19;Air Canada Centre;0;3;14;0;0;0;0;0;0;0;0;0;0;0;0;;;;0;0;0;0;0;0;0;0;0;0;0;0;0;0;0;0;0;0;0;0;0;0;0;0;Regular Season;0;0;0;0;0;0;0;0;0;0
838;2002;1;19;Verizon Center;0;22;18;0;0;0;0;0;0;0;0;0;0;0;0;;;;0;0;0;0;0;0;0;0;0;0;0;0;0;0;0;0;0;0;0;0;0;0;0;0;Regular Season;0;0;0;0;0;0;0;0;0;0
839;2002;1;20;United Center;0;8;12;0;0;0;0;0;0;0;0;0;0;0;0;;;;0;0;0;0;0;0;0;0;0;0;0;0;0;0;0;0;0;0;0;0;0;0;0;0;Regular Season;0;0;0;0;0;0;0;0;0;0
840;2002;1;20;Joe Louis Arena;0;9;216;0;0;0;0;0;0;0;0;0;0;0;0;;;;0;0;0;0;0;0;0;0;0;0;0;0;0;0;0;0;0;0;0;0;0;0;0;0;Regular Season;0;0;0;0;0;0;0;0;0;0
841;2002;1;21;TD Garden;0;5;16;0;0;0;0;0;0;0;0;0;0;0;0;;;;0;0;0;0;0;0;0;0;0;0;0;0;0;0;0;0;0;0;0;0;0;0;0;0;Regular Season;0;0;0;0;0;0;0;0;0;0
842;2002;1;21;PNC Arena;0;24;18;0;0;0;0;0;0;0;0;0;0;0;0;;;;0;0;0;0;0;0;0;0;0;0;0;0;0;0;0;0;0;0;0;0;0;0;0;0;Regular Season;0;0;0;0;0;0;0;0;0;0
843;2002;1;21;Nationwide Arena;0;229;12;0;0;0;0;0;0;0;0;0;0;0;0;;;;0;0;0;0;0;0;0;0;0;0;0;0;0;0;0;0;0;0;0;0;0;0;0;0;Regular Season;0;0;0;0;0;0;0;0;0;0
844;2002;1;21;Pepsi Center;0;25;17;0;0;0;0;0;0;0;0;0;0;0;0;;;;0;0;0;0;0;0;0;0;0;0;0;0;0;0;0;0;0;0;0;0;0;0;0;0;Regular Season;0;0;0;0;0;0;0;0;0;0
845;2002;1;21;BB&T Center;0;221;0;0;0;0;0;0;0;0;0;0;0;0;0;;;;0;0;0;0;0;0;0;0;0;0;0;0;0;0;0;0;0;0;0;0;0;0;0;0;Regular Season;0;0;0;0;0;0;0;0;0;0
846;2002;1;21;Honda Center;0;220;11;0;0;0;0;0;0;0;0;0;0;0;0;;;;0;0;0;0;0;0;0;0;0;0;0;0;0;0;0;0;0;0;0;0;0;0;0;0;Regular Season;0;0;0;0;0;0;0;0;0;0
847;2002;1;21;Bridgestone Arena;0;224;26;0;0;0;0;0;0;0;0;0;0;0;0;;;;0;0;0;0;0;0;0;0;0;0;0;0;0;0;0;0;0;0;0;0;0;0;0;0;Regular Season;0;0;0;0;0;0;0;0;0;0
848;2002;1;21;Pittsburgh Civic Arena;0;15;14;0;0;0;0;0;0;0;0;0;0;0;0;;;;0;0;0;0;0;0;0;0;0;0;0;0;0;0;0;0;0;0;0;0;0;0;0;0;Regular Season;0;0;0;0;0;0;0;0;0;0
849;2002;1;21;SAP Center;0;214;23;0;0;0;0;0;0;0;0;0;0;0;0;;;;0;0;0;0;0;0;0;0;0;0;0;0;0;0;0;0;0;0;0;0;0;0;0;0;Regular Season;0;0;0;0;0;0;0;0;0;0
850;2002;1;21;Amalie Arena;0;217;21;0;0;0;0;0;0;0;0;0;0;0;0;;;;0;0;0;0;0;0;0;0;0;0;0;0;0;0;0;0;0;0;0;0;0;0;0;0;Regular Season;0;0;0;0;0;0;0;0;0;0
851;2002;1;22;Philips Arena;0;227;22;0;0;0;0;0;0;0;0;0;0;0;0;;;;0;0;0;0;0;0;0;0;0;0;0;0;0;0;0;0;0;0;0;0;0;0;0;0;Regular Season;0;0;0;0;0;0;0;0;0;0
852;2002;1;22;Scotiabank Saddledome;0;19;3;0;0;0;0;0;0;0;0;0;0;0;0;;;;0;0;0;0;0;0;0;0;0;0;0;0;0;0;0;0;0;0;0;0;0;0;0;0;Regular Season;0;0;0;0;0;0;0;0;0;0
853;2002;1;22;Nassau Veterans Memorial Coliseum;0;20;10;0;0;0;0;0;0;0;0;0;0;0;0;;;;0;0;0;0;0;0;0;0;0;0;0;0;0;0;0;0;0;0;0;0;0;0;0;0;Regular Season;0;0;0;0;0;0;0;0;0;0
854;2002;1;22;Wells Fargo Center;0;14;216;0;0;0;0;0;0;0;0;0;0;0;0;;;;0;0;0;0;0;0;0;0;0;0;0;0;0;0;0;0;0;0;0;0;0;0;0;0;Regular Season;0;0;0;0;0;0;0;0;0;0
855;2002;1;23;KeyBank Center;0;17;16;0;0;0;0;0;0;0;0;0;0;0;0;;;;0;0;0;0;0;0;0;0;0;0;0;0;0;0;0;0;0;0;0;0;0;0;0;0;Regular Season;0;0;0;0;0;0;0;0;0;0
856;2002;1;23;PNC Arena;0;24;224;0;0;0;0;0;0;0;0;0;0;0;0;;;;0;0;0;0;0;0;0;0;0;0;0;0;0;0;0;0;0;0;0;0;0;0;0;0;Regular Season;0;0;0;0;0;0;0;0;0;0
857;2002;1;23;United Center;0;8;26;0;0;0;0;0;0;0;0;0;0;0;0;;;;0;0;0;0;0;0;0;0;0;0;0;0;0;0;0;0;0;0;0;0;0;0;0;0;Regular Season;0;0;0;0;0;0;0;0;0;0
858;2002;1;23;American Airlines Center;0;12;18;0;0;0;0;0;0;0;0;0;0;0;0;;;;0;0;0;0;0;0;0;0;0;0;0;0;0;0;0;0;0;0;0;0;0;0;0;0;Regular Season;0;0;0;0;0;0;0;0;0;0
859;2002;1;23;Joe Louis Arena;0;9;214;0;0;0;0;0;0;0;0;0;0;0;0;;;;0;0;0;0;0;0;0;0;0;0;0;0;0;0;0;0;0;0;0;0;0;0;0;0;Regular Season;0;0;0;0;0;0;0;0;0;0
860;2002;1;23;Rexall Place;0;23;25;0;0;0;0;0;0;0;0;0;0;0;0;;;;0;0;0;0;0;0;0;0;0;0;0;0;0;0;0;0;0;0;0;0;0;0;0;0;Regular Season;0;0;0;0;0;0;0;0;0;0
861;2002;1;23;BB&T Center;0;221;21;0;0;0;0;0;0;0;0;0;0;0;0;;;;0;0;0;0;0;0;0;0;0;0;0;0;0;0;0;0;0;0;0;0;0;0;0;0;Regular Season;0;0;0;0;0;0;0;0;0;0
862;2002;1;23;Honda Center;0;220;230;0;0;0;0;0;0;0;0;0;0;0;0;;;;0;0;0;0;0;0;0;0;0;0;0;0;0;0;0;0;0;0;0;0;0;0;0;0;Regular Season;0;0;0;0;0;0;0;0;0;0
863;2002;1;23;Madison Square Garden;0;10;5;0;0;0;0;0;0;0;0;0;0;0;0;;;;0;0;0;0;0;0;0;0;0;0;0;0;0;0;0;0;0;0;0;0;0;0;0;0;Regular Season;0;0;0;0;0;0;0;0;0;0
864;2002;1;23;Pittsburgh Civic Arena;0;15;217;0;0;0;0;0;0;0;0;0;0;0;0;;;;0;0;0;0;0;0;0;0;0;0;0;0;0;0;0;0;0;0;0;0;0;0;0;0;Regular Season;0;0;0;0;0;0;0;0;0;0
865;2002;1;23;Verizon Center;0;22;0;0;0;0;0;0;0;0;0;0;0;0;0;;;;0;0;0;0;0;0;0;0;0;0;0;0;0;0;0;0;0;0;0;0;0;0;0;0;Regular Season;0;0;0;0;0;0;0;0;0;0
866;2002;1;24;Philips Arena;0;227;21;0;0;0;0;0;0;0;0;0;0;0;0;;;;0;0;0;0;0;0;0;0;0;0;0;0;0;0;0;0;0;0;0;0;0;0;0;0;Regular Season;0;0;0;0;0;0;0;0;0;0
867;2002;1;24;Nationwide Arena;0;229;214;0;0;0;0;0;0;0;0;0;0;0;0;;;;0;0;0;0;0;0;0;0;0;0;0;0;0;0;0;0;0;0;0;0;0;0;0;0;Regular Season;0;0;0;0;0;0;0;0;0;0
868;2002;1;24;Scotiabank Saddledome;0;19;25;0;0;0;0;0;0;0;0;0;0;0;0;;;;0;0;0;0;0;0;0;0;0;0;0;0;0;0;0;0;0;0;0;0;0;0;0;0;Regular Season;0;0;0;0;0;0;0;0;0;0
869;2002;1;24;Staples Center;0;11;230;0;0;0;0;0;0;0;0;0;0;0;0;;;;0;0;0;0;0;0;0;0;0;0;0;0;0;0;0;0;0;0;0;0;0;0;0;0;Regular Season;0;0;0;0;0;0;0;0;0;0
870;2002;1;24;Nassau Veterans Memorial Coliseum;0;20;15;0;0;0;0;0;0;0;0;0;0;0;0;;;;0;0;0;0;0;0;0;0;0;0;0;0;0;0;0;0;0;0;0;0;0;0;0;0;Regular Season;0;0;0;0;0;0;0;0;0;0
871;2002;1;24;Canadian Tire Centre;0;216;5;0;0;0;0;0;0;0;0;0;0;0;0;;;;0;0;0;0;0;0;0;0;0;0;0;0;0;0;0;0;0;0;0;0;0;0;0;0;Regular Season;0;0;0;0;0;0;0;0;0;0
872;2002;1;24;Wells Fargo Center;0;14;224;0;0;0;0;0;0;0;0;0;0;0;0;;;;0;0;0;0;0;0;0;0;0;0;0;0;0;0;0;0;0;0;0;0;0;0;0;0;Regular Season;0;0;0;0;0;0;0;0;0;0
873;2002;1;25;KeyBank Center;0;17;217;0;0;0;0;0;0;0;0;0;0;0;0;;;;0;0;0;0;0;0;0;0;0;0;0;0;0;0;0;0;0;0;0;0;0;0;0;0;Regular Season;0;0;0;0;0;0;0;0;0;0
874;2002;1;25;PNC Arena;0;24;221;0;0;0;0;0;0;0;0;0;0;0;0;;;;0;0;0;0;0;0;0;0;0;0;0;0;0;0;0;0;0;0;0;0;0;0;0;0;Regular Season;0;0;0;0;0;0;0;0;0;0
875;2002;1;25;United Center;0;8;16;0;0;0;0;0;0;0;0;0;0;0;0;;;;0;0;0;0;0;0;0;0;0;0;0;0;0;0;0;0;0;0;0;0;0;0;0;0;Regular Season;0;0;0;0;0;0;0;0;0;0
876;2002;1;25;American Airlines Center;0;12;220;0;0;0;0;0;0;0;0;0;0;0;0;;;;0;0;0;0;0;0;0;0;0;0;0;0;0;0;0;0;0;0;0;0;0;0;0;0;Regular Season;0;0;0;0;0;0;0;0;0;0
877;2002;1;25;Joe Louis Arena;0;9;26;0;0;0;0;0;0;0;0;0;0;0;0;;;;0;0;0;0;0;0;0;0;0;0;0;0;0;0;0;0;0;0;0;0;0;0;0;0;Regular Season;0;0;0;0;0;0;0;0;0;0
878;2002;1;25;Rogers Arena;0;18;3;0;0;0;0;0;0;0;0;0;0;0;0;;;;0;0;0;0;0;0;0;0;0;0;0;0;0;0;0;0;0;0;0;0;0;0;0;0;Regular Season;0;0;0;0;0;0;0;0;0;0
879;2002;1;26;TD Garden;0;5;221;0;0;0;0;0;0;0;0;0;0;0;0;;;;0;0;0;0;0;0;0;0;0;0;0;0;0;0;0;0;0;0;0;0;0;0;0;0;Regular Season;0;0;0;0;0;0;0;0;0;0
880;2002;1;26;Nationwide Arena;0;229;26;0;0;0;0;0;0;0;0;0;0;0;0;;;;0;0;0;0;0;0;0;0;0;0;0;0;0;0;0;0;0;0;0;0;0;0;0;0;Regular Season;0;0;0;0;0;0;0;0;0;0
881;2002;1;26;Scotiabank Saddledome;0;19;18;0;0;0;0;0;0;0;0;0;0;0;0;;;;0;0;0;0;0;0;0;0;0;0;0;0;0;0;0;0;0;0;0;0;0;0;0;0;Regular Season;0;0;0;0;0;0;0;0;0;0
882;2002;1;26;Rexall Place;0;23;3;0;0;0;0;0;0;0;0;0;0;0;0;;;;0;0;0;0;0;0;0;0;0;0;0;0;0;0;0;0;0;0;0;0;0;0;0;0;Regular Season;0;0;0;0;0;0;0;0;0;0
883;2002;1;26;Staples Center;0;11;25;0;0;0;0;0;0;0;0;0;0;0;0;;;;0;0;0;0;0;0;0;0;0;0;0;0;0;0;0;0;0;0;0;0;0;0;0;0;Regular Season;0;0;0;0;0;0;0;0;0;0
884;2002;1;26;Xcel Energy Center;0;230;21;0;0;0;0;0;0;0;0;0;0;0;0;;;;0;0;0;0;0;0;0;0;0;0;0;0;0;0;0;0;0;0;0;0;0;0;0;0;Regular Season;0;0;0;0;0;0;0;0;0;0
885;2002;1;26;Bell Centre;0;0;216;0;0;0;0;0;0;0;0;0;0;0;0;;;;0;0;0;0;0;0;0;0;0;0;0;0;0;0;0;0;0;0;0;0;0;0;0;0;Regular Season;0;0;0;0;0;0;0;0;0;0
886;2002;1;26;Bridgestone Arena;0;224;220;0;0;0;0;0;0;0;0;0;0;0;0;;;;0;0;0;0;0;0;0;0;0;0;0;0;0;0;0;0;0;0;0;0;0;0;0;0;Regular Season;0;0;0;0;0;0;0;0;0;0
887;2002;1;26;Nassau Veterans Memorial Coliseum;0;20;217;0;0;0;0;0;0;0;0;0;0;0;0;;;;0;0;0;0;0;0;0;0;0;0;0;0;0;0;0;0;0;0;0;0;0;0;0;0;Regular Season;0;0;0;0;0;0;0;0;0;0
888;2002;1;26;Madison Square Garden;0;10;22;0;0;0;0;0;0;0;0;0;0;0;0;;;;0;0;0;0;0;0;0;0;0;0;0;0;0;0;0;0;0;0;0;0;0;0;0;0;Regular Season;0;0;0;0;0;0;0;0;0;0
889;2002;1;26;Wells Fargo Center;0;14;24;0;0;0;0;0;0;0;0;0;0;0;0;;;;0;0;0;0;0;0;0;0;0;0;0;0;0;0;0;0;0;0;0;0;0;0;0;0;Regular Season;0;0;0;0;0;0;0;0;0;0
890;2002;1;26;Pittsburgh Civic Arena;0;15;227;0;0;0;0;0;0;0;0;0;0;0;0;;;;0;0;0;0;0;0;0;0;0;0;0;0;0;0;0;0;0;0;0;0;0;0;0;0;Regular Season;0;0;0;0;0;0;0;0;0;0
891;2002;1;26;Scottrade Center;0;16;9;0;0;0;0;0;0;0;0;0;0;0;0;;;;0;0;0;0;0;0;0;0;0;0;0;0;0;0;0;0;0;0;0;0;0;0;0;0;Regular Season;0;0;0;0;0;0;0;0;0;0
892;2002;1;27;Bell Centre;0;0;214;0;0;0;0;0;0;0;0;0;0;0;0;;;;0;0;0;0;0;0;0;0;0;0;0;0;0;0;0;0;0;0;0;0;0;0;0;0;Regular Season;0;0;0;0;0;0;0;0;0;0
893;2002;1;27;Verizon Center;0;22;17;0;0;0;0;0;0;0;0;0;0;0;0;;;;0;0;0;0;0;0;0;0;0;0;0;0;0;0;0;0;0;0;0;0;0;0;0;0;Regular Season;0;0;0;0;0;0;0;0;0;0
894;2002;1;28;Philips Arena;0;227;26;0;0;0;0;0;0;0;0;0;0;0;0;;;;0;0;0;0;0;0;0;0;0;0;0;0;0;0;0;0;0;0;0;0;0;0;0;0;Regular Season;0;0;0;0;0;0;0;0;0;0
895;2002;1;28;TD Garden;0;5;8;0;0;0;0;0;0;0;0;0;0;0;0;;;;0;0;0;0;0;0;0;0;0;0;0;0;0;0;0;0;0;0;0;0;0;0;0;0;Regular Season;0;0;0;0;0;0;0;0;0;0
896;2002;1;28;Pepsi Center;0;25;11;0;0;0;0;0;0;0;0;0;0;0;0;;;;0;0;0;0;0;0;0;0;0;0;0;0;0;0;0;0;0;0;0;0;0;0;0;0;Regular Season;0;0;0;0;0;0;0;0;0;0
897;2002;1;28;American Airlines Center;0;12;229;0;0;0;0;0;0;0;0;0;0;0;0;;;;0;0;0;0;0;0;0;0;0;0;0;0;0;0;0;0;0;0;0;0;0;0;0;0;Regular Season;0;0;0;0;0;0;0;0;0;0
898;2002;1;28;Rexall Place;0;23;9;0;0;0;0;0;0;0;0;0;0;0;0;;;;0;0;0;0;0;0;0;0;0;0;0;0;0;0;0;0;0;0;0;0;0;0;0;0;Regular Season;0;0;0;0;0;0;0;0;0;0
899;2002;1;28;Xcel Energy Center;0;230;19;0;0;0;0;0;0;0;0;0;0;0;0;;;;0;0;0;0;0;0;0;0;0;0;0;0;0;0;0;0;0;0;0;0;0;0;0;0;Regular Season;0;0;0;0;0;0;0;0;0;0
900;2002;1;28;Madison Square Garden;0;10;217;0;0;0;0;0;0;0;0;0;0;0;0;;;;0;0;0;0;0;0;0;0;0;0;0;0;0;0;0;0;0;0;0;0;0;0;0;0;Regular Season;0;0;0;0;0;0;0;0;0;0
901;2002;1;28;Scottrade Center;0;16;220;0;0;0;0;0;0;0;0;0;0;0;0;;;;0;0;0;0;0;0;0;0;0;0;0;0;0;0;0;0;0;0;0;0;0;0;0;0;Regular Season;0;0;0;0;0;0;0;0;0;0
902;2002;1;28;Rogers Arena;0;18;224;0;0;0;0;0;0;0;0;0;0;0;0;;;;0;0;0;0;0;0;0;0;0;0;0;0;0;0;0;0;0;0;0;0;0;0;0;0;Regular Season;0;0;0;0;0;0;0;0;0;0
903;2002;1;29;PNC Arena;0;24;17;0;0;0;0;0;0;0;0;0;0;0;0;;;;0;0;0;0;0;0;0;0;0;0;0;0;0;0;0;0;0;0;0;0;0;0;0;0;Regular Season;0;0;0;0;0;0;0;0;0;0
904;2002;1;29;Nassau Veterans Memorial Coliseum;0;20;21;0;0;0;0;0;0;0;0;0;0;0;0;;;;0;0;0;0;0;0;0;0;0;0;0;0;0;0;0;0;0;0;0;0;0;0;0;0;Regular Season;0;0;0;0;0;0;0;0;0;0
905;2002;1;29;Wells Fargo Center;0;14;15;0;0;0;0;0;0;0;0;0;0;0;0;;;;0;0;0;0;0;0;0;0;0;0;0;0;0;0;0;0;0;0;0;0;0;0;0;0;Regular Season;0;0;0;0;0;0;0;0;0;0
906;2002;1;29;Air Canada Centre;0;3;214;0;0;0;0;0;0;0;0;0;0;0;0;;;;0;0;0;0;0;0;0;0;0;0;0;0;0;0;0;0;0;0;0;0;0;0;0;0;Regular Season;0;0;0;0;0;0;0;0;0;0
907;2002;1;30;Philips Arena;0;227;3;0;0;0;0;0;0;0;0;0;0;0;0;;;;0;0;0;0;0;0;0;0;0;0;0;0;0;0;0;0;0;0;0;0;0;0;0;0;Regular Season;0;0;0;0;0;0;0;0;0;0
908;2002;1;30;Scotiabank Saddledome;0;19;9;0;0;0;0;0;0;0;0;0;0;0;0;;;;0;0;0;0;0;0;0;0;0;0;0;0;0;0;0;0;0;0;0;0;0;0;0;0;Regular Season;0;0;0;0;0;0;0;0;0;0
909;2002;1;30;Pepsi Center;0;25;224;0;0;0;0;0;0;0;0;0;0;0;0;;;;0;0;0;0;0;0;0;0;0;0;0;0;0;0;0;0;0;0;0;0;0;0;0;0;Regular Season;0;0;0;0;0;0;0;0;0;0
910;2002;1;30;BB&T Center;0;221;26;0;0;0;0;0;0;0;0;0;0;0;0;;;;0;0;0;0;0;0;0;0;0;0;0;0;0;0;0;0;0;0;0;0;0;0;0;0;Regular Season;0;0;0;0;0;0;0;0;0;0
911;2002;1;30;Honda Center;0;220;229;0;0;0;0;0;0;0;0;0;0;0;0;;;;0;0;0;0;0;0;0;0;0;0;0;0;0;0;0;0;0;0;0;0;0;0;0;0;Regular Season;0;0;0;0;0;0;0;0;0;0
912;2002;1;30;Xcel Energy Center;0;230;11;0;0;0;0;0;0;0;0;0;0;0;0;;;;0;0;0;0;0;0;0;0;0;0;0;0;0;0;0;0;0;0;0;0;0;0;0;0;Regular Season;0;0;0;0;0;0;0;0;0;0
913;2002;1;30;Bell Centre;0;0;5;0;0;0;0;0;0;0;0;0;0;0;0;;;;0;0;0;0;0;0;0;0;0;0;0;0;0;0;0;0;0;0;0;0;0;0;0;0;Regular Season;0;0;0;0;0;0;0;0;0;0
914;2002;1;30;Brendan Byrne Arena;0;21;8;0;0;0;0;0;0;0;0;0;0;0;0;;;;0;0;0;0;0;0;0;0;0;0;0;0;0;0;0;0;0;0;0;0;0;0;0;0;Regular Season;0;0;0;0;0;0;0;0;0;0
915;2002;1;30;Madison Square Garden;0;10;20;0;0;0;0;0;0;0;0;0;0;0;0;;;;0;0;0;0;0;0;0;0;0;0;0;0;0;0;0;0;0;0;0;0;0;0;0;0;Regular Season;0;0;0;0;0;0;0;0;0;0
916;2002;1;30;Canadian Tire Centre;0;216;14;0;0;0;0;0;0;0;0;0;0;0;0;;;;0;0;0;0;0;0;0;0;0;0;0;0;0;0;0;0;0;0;0;0;0;0;0;0;Regular Season;0;0;0;0;0;0;0;0;0;0
917;2002;1;30;Pittsburgh Civic Arena;0;15;214;0;0;0;0;0;0;0;0;0;0;0;0;;;;0;0;0;0;0;0;0;0;0;0;0;0;0;0;0;0;0;0;0;0;0;0;0;0;Regular Season;0;0;0;0;0;0;0;0;0;0
918;2002;1;30;Amalie Arena;0;217;24;0;0;0;0;0;0;0;0;0;0;0;0;;;;0;0;0;0;0;0;0;0;0;0;0;0;0;0;0;0;0;0;0;0;0;0;0;0;Regular Season;0;0;0;0;0;0;0;0;0;0
919;2002;1;30;Rogers Arena;0;18;23;0;0;0;0;0;0;0;0;0;0;0;0;;;;0;0;0;0;0;0;0;0;0;0;0;0;0;0;0;0;0;0;0;0;0;0;0;0;Regular Season;0;0;0;0;0;0;0;0;0;0
920;2002;1;30;Verizon Center;0;22;16;0;0;0;0;0;0;0;0;0;0;0;0;;;;0;0;0;0;0;0;0;0;0;0;0;0;0;0;0;0;0;0;0;0;0;0;0;0;Regular Season;0;0;0;0;0;0;0;0;0;0
921;2002;2;4;Nationwide Arena;0;229;5;0;0;0;0;0;0;0;0;0;0;0;0;;;;0;0;0;0;0;0;0;0;0;0;0;0;0;0;0;0;0;0;0;0;0;0;0;0;Regular Season;0;0;0;0;0;0;0;0;0;0
922;2002;2;4;Pepsi Center;0;25;9;0;0;0;0;0;0;0;0;0;0;0;0;;;;0;0;0;0;0;0;0;0;0;0;0;0;0;0;0;0;0;0;0;0;0;0;0;0;Regular Season;0;0;0;0;0;0;0;0;0;0
923;2002;2;4;BB&T Center;0;221;20;0;0;0;0;0;0;0;0;0;0;0;0;;;;0;0;0;0;0;0;0;0;0;0;0;0;0;0;0;0;0;0;0;0;0;0;0;0;Regular Season;0;0;0;0;0;0;0;0;0;0
924;2002;2;4;Staples Center;0;11;14;0;0;0;0;0;0;0;0;0;0;0;0;;;;0;0;0;0;0;0;0;0;0;0;0;0;0;0;0;0;0;0;0;0;0;0;0;0;Regular Season;0;0;0;0;0;0;0;0;0;0
925;2002;2;4;Amalie Arena;0;217;216;0;0;0;0;0;0;0;0;0;0;0;0;;;;0;0;0;0;0;0;0;0;0;0;0;0;0;0;0;0;0;0;0;0;0;0;0;0;Regular Season;0;0;0;0;0;0;0;0;0;0
926;2002;2;4;Rogers Arena;0;18;26;0;0;0;0;0;0;0;0;0;0;0;0;;;;0;0;0;0;0;0;0;0;0;0;0;0;0;0;0;0;0;0;0;0;0;0;0;0;Regular Season;0;0;0;0;0;0;0;0;0;0
927;2002;2;5;Philips Arena;0;227;23;0;0;0;0;0;0;0;0;0;0;0;0;;;;0;0;0;0;0;0;0;0;0;0;0;0;0;0;0;0;0;0;0;0;0;0;0;0;Regular Season;0;0;0;0;0;0;0;0;0;0
928;2002;2;5;TD Garden;0;5;17;0;0;0;0;0;0;0;0;0;0;0;0;;;;0;0;0;0;0;0;0;0;0;0;0;0;0;0;0;0;0;0;0;0;0;0;0;0;Regular Season;0;0;0;0;0;0;0;0;0;0
929;2002;2;5;PNC Arena;0;24;15;0;0;0;0;0;0;0;0;0;0;0;0;;;;0;0;0;0;0;0;0;0;0;0;0;0;0;0;0;0;0;0;0;0;0;0;0;0;Regular Season;0;0;0;0;0;0;0;0;0;0
930;2002;2;5;Brendan Byrne Arena;0;21;0;0;0;0;0;0;0;0;0;0;0;0;0;;;;0;0;0;0;0;0;0;0;0;0;0;0;0;0;0;0;0;0;0;0;0;0;0;0;Regular Season;0;0;0;0;0;0;0;0;0;0
931;2002;2;5;Nassau Veterans Memorial Coliseum;0;20;16;0;0;0;0;0;0;0;0;0;0;0;0;;;;0;0;0;0;0;0;0;0;0;0;0;0;0;0;0;0;0;0;0;0;0;0;0;0;Regular Season;0;0;0;0;0;0;0;0;0;0
932;2002;2;5;Air Canada Centre;0;3;230;0;0;0;0;0;0;0;0;0;0;0;0;;;;0;0;0;0;0;0;0;0;0;0;0;0;0;0;0;0;0;0;0;0;0;0;0;0;Regular Season;0;0;0;0;0;0;0;0;0;0
933;2002;2;6;Nationwide Arena;0;229;216;0;0;0;0;0;0;0;0;0;0;0;0;;;;0;0;0;0;0;0;0;0;0;0;0;0;0;0;0;0;0;0;0;0;0;0;0;0;Regular Season;0;0;0;0;0;0;0;0;0;0
934;2002;2;6;Joe Louis Arena;0;9;10;0;0;0;0;0;0;0;0;0;0;0;0;;;;0;0;0;0;0;0;0;0;0;0;0;0;0;0;0;0;0;0;0;0;0;0;0;0;Regular Season;0;0;0;0;0;0;0;0;0;0
935;2002;2;6;BB&T Center;0;221;217;0;0;0;0;0;0;0;0;0;0;0;0;;;;0;0;0;0;0;0;0;0;0;0;0;0;0;0;0;0;0;0;0;0;0;0;0;0;Regular Season;0;0;0;0;0;0;0;0;0;0
936;2002;2;6;Honda Center;0;220;14;0;0;0;0;0;0;0;0;0;0;0;0;;;;0;0;0;0;0;0;0;0;0;0;0;0;0;0;0;0;0;0;0;0;0;0;0;0;Regular Season;0;0;0;0;0;0;0;0;0;0
937;2002;2;6;Bridgestone Arena;0;224;12;0;0;0;0;0;0;0;0;0;0;0;0;;;;0;0;0;0;0;0;0;0;0;0;0;0;0;0;0;0;0;0;0;0;0;0;0;0;Regular Season;0;0;0;0;0;0;0;0;0;0
938;2002;2;6;America West Arena;0;26;8;0;0;0;0;0;0;0;0;0;0;0;0;;;;0;0;0;0;0;0;0;0;0;0;0;0;0;0;0;0;0;0;0;0;0;0;0;0;Regular Season;0;0;0;0;0;0;0;0;0;0
939;2002;2;6;SAP Center;0;214;19;0;0;0;0;0;0;0;0;0;0;0;0;;;;0;0;0;0;0;0;0;0;0;0;0;0;0;0;0;0;0;0;0;0;0;0;0;0;Regular Season;0;0;0;0;0;0;0;0;0;0
940;2002;2;6;Verizon Center;0;22;230;0;0;0;0;0;0;0;0;0;0;0;0;;;;0;0;0;0;0;0;0;0;0;0;0;0;0;0;0;0;0;0;0;0;0;0;0;0;Regular Season;0;0;0;0;0;0;0;0;0;0
941;2002;2;7;Staples Center;0;11;24;0;0;0;0;0;0;0;0;0;0;0;0;;;;0;0;0;0;0;0;0;0;0;0;0;0;0;0;0;0;0;0;0;0;0;0;0;0;Regular Season;0;0;0;0;0;0;0;0;0;0
942;2002;2;7;Bell Centre;0;0;15;0;0;0;0;0;0;0;0;0;0;0;0;;;;0;0;0;0;0;0;0;0;0;0;0;0;0;0;0;0;0;0;0;0;0;0;0;0;Regular Season;0;0;0;0;0;0;0;0;0;0
943;2002;2;7;Brendan Byrne Arena;0;21;227;0;0;0;0;0;0;0;0;0;0;0;0;;;;0;0;0;0;0;0;0;0;0;0;0;0;0;0;0;0;0;0;0;0;0;0;0;0;Regular Season;0;0;0;0;0;0;0;0;0;0
944;2002;2;7;Nassau Veterans Memorial Coliseum;0;20;3;0;0;0;0;0;0;0;0;0;0;0;0;;;;0;0;0;0;0;0;0;0;0;0;0;0;0;0;0;0;0;0;0;0;0;0;0;0;Regular Season;0;0;0;0;0;0;0;0;0;0
945;2002;2;7;Scottrade Center;0;16;23;0;0;0;0;0;0;0;0;0;0;0;0;;;;0;0;0;0;0;0;0;0;0;0;0;0;0;0;0;0;0;0;0;0;0;0;0;0;Regular Season;0;0;0;0;0;0;0;0;0;0
946;2002;2;7;Amalie Arena;0;217;221;0;0;0;0;0;0;0;0;0;0;0;0;;;;0;0;0;0;0;0;0;0;0;0;0;0;0;0;0;0;0;0;0;0;0;0;0;0;Regular Season;0;0;0;0;0;0;0;0;0;0
947;2002;2;8;Philips Arena;0;227;10;0;0;0;0;0;0;0;0;0;0;0;0;;;;0;0;0;0;0;0;0;0;0;0;0;0;0;0;0;0;0;0;0;0;0;0;0;0;Regular Season;0;0;0;0;0;0;0;0;0;0
948;2002;2;8;KeyBank Center;0;17;216;0;0;0;0;0;0;0;0;0;0;0;0;;;;0;0;0;0;0;0;0;0;0;0;0;0;0;0;0;0;0;0;0;0;0;0;0;0;Regular Season;0;0;0;0;0;0;0;0;0;0
949;2002;2;8;Scotiabank Saddledome;0;19;18;0;0;0;0;0;0;0;0;0;0;0;0;;;;0;0;0;0;0;0;0;0;0;0;0;0;0;0;0;0;0;0;0;0;0;0;0;0;Regular Season;0;0;0;0;0;0;0;0;0;0
950;2002;2;8;American Airlines Center;0;12;23;0;0;0;0;0;0;0;0;0;0;0;0;;;;0;0;0;0;0;0;0;0;0;0;0;0;0;0;0;0;0;0;0;0;0;0;0;0;Regular Season;0;0;0;0;0;0;0;0;0;0
951;2002;2;8;Joe Louis Arena;0;9;229;0;0;0;0;0;0;0;0;0;0;0;0;;;;0;0;0;0;0;0;0;0;0;0;0;0;0;0;0;0;0;0;0;0;0;0;0;0;Regular Season;0;0;0;0;0;0;0;0;0;0
952;2002;2;8;Honda Center;0;220;24;0;0;0;0;0;0;0;0;0;0;0;0;;;;0;0;0;0;0;0;0;0;0;0;0;0;0;0;0;0;0;0;0;0;0;0;0;0;Regular Season;0;0;0;0;0;0;0;0;0;0
953;2002;2;8;Xcel Energy Center;0;230;25;0;0;0;0;0;0;0;0;0;0;0;0;;;;0;0;0;0;0;0;0;0;0;0;0;0;0;0;0;0;0;0;0;0;0;0;0;0;Regular Season;0;0;0;0;0;0;0;0;0;0
954;2002;2;8;Bridgestone Arena;0;224;22;0;0;0;0;0;0;0;0;0;0;0;0;;;;0;0;0;0;0;0;0;0;0;0;0;0;0;0;0;0;0;0;0;0;0;0;0;0;Regular Season;0;0;0;0;0;0;0;0;0;0
955;2002;2;8;America West Arena;0;26;11;0;0;0;0;0;0;0;0;0;0;0;0;;;;0;0;0;0;0;0;0;0;0;0;0;0;0;0;0;0;0;0;0;0;0;0;0;0;Regular Season;0;0;0;0;0;0;0;0;0;0
956;2002;2;8;SAP Center;0;214;8;0;0;0;0;0;0;0;0;0;0;0;0;;;;0;0;0;0;0;0;0;0;0;0;0;0;0;0;0;0;0;0;0;0;0;0;0;0;Regular Season;0;0;0;0;0;0;0;0;0;0
957;2002;2;9;TD Garden;0;5;221;0;0;0;0;0;0;0;0;0;0;0;0;;;;0;0;0;0;0;0;0;0;0;0;0;0;0;0;0;0;0;0;0;0;0;0;0;0;Regular Season;0;0;0;0;0;0;0;0;0;0
958;2002;2;9;Nationwide Arena;0;229;224;0;0;0;0;0;0;0;0;0;0;0;0;;;;0;0;0;0;0;0;0;0;0;0;0;0;0;0;0;0;0;0;0;0;0;0;0;0;Regular Season;0;0;0;0;0;0;0;0;0;0
959;2002;2;9;Pepsi Center;0;25;8;0;0;0;0;0;0;0;0;0;0;0;0;;;;0;0;0;0;0;0;0;0;0;0;0;0;0;0;0;0;0;0;0;0;0;0;0;0;Regular Season;0;0;0;0;0;0;0;0;0;0
960;2002;2;9;Canadian Tire Centre;0;216;9;0;0;0;0;0;0;0;0;0;0;0;0;;;;0;0;0;0;0;0;0;0;0;0;0;0;0;0;0;0;0;0;0;0;0;0;0;0;Regular Season;0;0;0;0;0;0;0;0;0;0
961;2002;2;9;Pittsburgh Civic Arena;0;15;21;0;0;0;0;0;0;0;0;0;0;0;0;;;;0;0;0;0;0;0;0;0;0;0;0;0;0;0;0;0;0;0;0;0;0;0;0;0;Regular Season;0;0;0;0;0;0;0;0;0;0
962;2002;2;9;Scottrade Center;0;16;14;0;0;0;0;0;0;0;0;0;0;0;0;;;;0;0;0;0;0;0;0;0;0;0;0;0;0;0;0;0;0;0;0;0;0;0;0;0;Regular Season;0;0;0;0;0;0;0;0;0;0
963;2002;2;9;Amalie Arena;0;217;22;0;0;0;0;0;0;0;0;0;0;0;0;;;;0;0;0;0;0;0;0;0;0;0;0;0;0;0;0;0;0;0;0;0;0;0;0;0;Regular Season;0;0;0;0;0;0;0;0;0;0
964;2002;2;9;Air Canada Centre;0;3;0;0;0;0;0;0;0;0;0;0;0;0;0;;;;0;0;0;0;0;0;0;0;0;0;0;0;0;0;0;0;0;0;0;0;0;0;0;0;Regular Season;0;0;0;0;0;0;0;0;0;0
965;2002;2;9;Rogers Arena;0;18;19;0;0;0;0;0;0;0;0;0;0;0;0;;;;0;0;0;0;0;0;0;0;0;0;0;0;0;0;0;0;0;0;0;0;0;0;0;0;Regular Season;0;0;0;0;0;0;0;0;0;0
966;2002;2;10;Honda Center;0;220;12;0;0;0;0;0;0;0;0;0;0;0;0;;;;0;0;0;0;0;0;0;0;0;0;0;0;0;0;0;0;0;0;0;0;0;0;0;0;Regular Season;0;0;0;0;0;0;0;0;0;0
967;2002;2;10;Xcel Energy Center;0;230;20;0;0;0;0;0;0;0;0;0;0;0;0;;;;0;0;0;0;0;0;0;0;0;0;0;0;0;0;0;0;0;0;0;0;0;0;0;0;Regular Season;0;0;0;0;0;0;0;0;0;0
968;2002;2;10;Brendan Byrne Arena;0;21;17;0;0;0;0;0;0;0;0;0;0;0;0;;;;0;0;0;0;0;0;0;0;0;0;0;0;0;0;0;0;0;0;0;0;0;0;0;0;Regular Season;0;0;0;0;0;0;0;0;0;0
969;2002;2;10;Madison Square Garden;0;10;15;0;0;0;0;0;0;0;0;0;0;0;0;;;;0;0;0;0;0;0;0;0;0;0;0;0;0;0;0;0;0;0;0;0;0;0;0;0;Regular Season;0;0;0;0;0;0;0;0;0;0
970;2002;2;10;America West Arena;0;26;23;0;0;0;0;0;0;0;0;0;0;0;0;;;;0;0;0;0;0;0;0;0;0;0;0;0;0;0;0;0;0;0;0;0;0;0;0;0;Regular Season;0;0;0;0;0;0;0;0;0;0
971;2002;2;10;SAP Center;0;214;24;0;0;0;0;0;0;0;0;0;0;0;0;;;;0;0;0;0;0;0;0;0;0;0;0;0;0;0;0;0;0;0;0;0;0;0;0;0;Regular Season;0;0;0;0;0;0;0;0;0;0
972;2002;2;11;Pepsi Center;0;25;5;0;0;0;0;0;0;0;0;0;0;0;0;;;;0;0;0;0;0;0;0;0;0;0;0;0;0;0;0;0;0;0;0;0;0;0;0;0;Regular Season;0;0;0;0;0;0;0;0;0;0
973;2002;2;11;Staples Center;0;11;12;0;0;0;0;0;0;0;0;0;0;0;0;;;;0;0;0;0;0;0;0;0;0;0;0;0;0;0;0;0;0;0;0;0;0;0;0;0;Regular Season;0;0;0;0;0;0;0;0;0;0
974;2002;2;11;Bell Centre;0;0;9;0;0;0;0;0;0;0;0;0;0;0;0;;;;0;0;0;0;0;0;0;0;0;0;0;0;0;0;0;0;0;0;0;0;0;0;0;0;Regular Season;0;0;0;0;0;0;0;0;0;0
975;2002;2;11;Air Canada Centre;0;3;227;0;0;0;0;0;0;0;0;0;0;0;0;;;;0;0;0;0;0;0;0;0;0;0;0;0;0;0;0;0;0;0;0;0;0;0;0;0;Regular Season;0;0;0;0;0;0;0;0;0;0
976;2002;2;11;Verizon Center;0;22;217;0;0;0;0;0;0;0;0;0;0;0;0;;;;0;0;0;0;0;0;0;0;0;0;0;0;0;0;0;0;0;0;0;0;0;0;0;0;Regular Season;0;0;0;0;0;0;0;0;0;0
977;2002;2;12;KeyBank Center;0;17;21;0;0;0;0;0;0;0;0;0;0;0;0;;;;0;0;0;0;0;0;0;0;0;0;0;0;0;0;0;0;0;0;0;0;0;0;0;0;Regular Season;0;0;0;0;0;0;0;0;0;0
978;2002;2;12;Nationwide Arena;0;229;230;0;0;0;0;0;0;0;0;0;0;0;0;;;;0;0;0;0;0;0;0;0;0;0;0;0;0;0;0;0;0;0;0;0;0;0;0;0;Regular Season;0;0;0;0;0;0;0;0;0;0
979;2002;2;12;Rexall Place;0;23;214;0;0;0;0;0;0;0;0;0;0;0;0;;;;0;0;0;0;0;0;0;0;0;0;0;0;0;0;0;0;0;0;0;0;0;0;0;0;Regular Season;0;0;0;0;0;0;0;0;0;0
980;2002;2;12;Bridgestone Arena;0;224;221;0;0;0;0;0;0;0;0;0;0;0;0;;;;0;0;0;0;0;0;0;0;0;0;0;0;0;0;0;0;0;0;0;0;0;0;0;0;Regular Season;0;0;0;0;0;0;0;0;0;0
981;2002;2;12;Canadian Tire Centre;0;216;15;0;0;0;0;0;0;0;0;0;0;0;0;;;;0;0;0;0;0;0;0;0;0;0;0;0;0;0;0;0;0;0;0;0;0;0;0;0;Regular Season;0;0;0;0;0;0;0;0;0;0
982;2002;2;12;Wells Fargo Center;0;14;20;0;0;0;0;0;0;0;0;0;0;0;0;;;;0;0;0;0;0;0;0;0;0;0;0;0;0;0;0;0;0;0;0;0;0;0;0;0;Regular Season;0;0;0;0;0;0;0;0;0;0
983;2002;2;12;America West Arena;0;26;19;0;0;0;0;0;0;0;0;0;0;0;0;;;;0;0;0;0;0;0;0;0;0;0;0;0;0;0;0;0;0;0;0;0;0;0;0;0;Regular Season;0;0;0;0;0;0;0;0;0;0
984;2002;2;12;Scottrade Center;0;16;227;0;0;0;0;0;0;0;0;0;0;0;0;;;;0;0;0;0;0;0;0;0;0;0;0;0;0;0;0;0;0;0;0;0;0;0;0;0;Regular Season;0;0;0;0;0;0;0;0;0;0
985;2002;2;12;Rogers Arena;0;18;5;0;0;0;0;0;0;0;0;0;0;0;0;;;;0;0;0;0;0;0;0;0;0;0;0;0;0;0;0;0;0;0;0;0;0;0;0;0;Regular Season;0;0;0;0;0;0;0;0;0;0
986;2002;2;13;United Center;0;8;221;0;0;0;0;0;0;0;0;0;0;0;0;;;;0;0;0;0;0;0;0;0;0;0;0;0;0;0;0;0;0;0;0;0;0;0;0;0;Regular Season;0;0;0;0;0;0;0;0;0;0
987;2002;2;13;Pepsi Center;0;25;16;0;0;0;0;0;0;0;0;0;0;0;0;;;;0;0;0;0;0;0;0;0;0;0;0;0;0;0;0;0;0;0;0;0;0;0;0;0;Regular Season;0;0;0;0;0;0;0;0;0;0
988;2002;2;13;American Airlines Center;0;12;10;0;0;0;0;0;0;0;0;0;0;0;0;;;;0;0;0;0;0;0;0;0;0;0;0;0;0;0;0;0;0;0;0;0;0;0;0;0;Regular Season;0;0;0;0;0;0;0;0;0;0
989;2002;2;13;Staples Center;0;11;26;0;0;0;0;0;0;0;0;0;0;0;0;;;;0;0;0;0;0;0;0;0;0;0;0;0;0;0;0;0;0;0;0;0;0;0;0;0;Regular Season;0;0;0;0;0;0;0;0;0;0
990;2002;2;13;Honda Center;0;220;19;0;0;0;0;0;0;0;0;0;0;0;0;;;;0;0;0;0;0;0;0;0;0;0;0;0;0;0;0;0;0;0;0;0;0;0;0;0;Regular Season;0;0;0;0;0;0;0;0;0;0
991;2002;2;13;Xcel Energy Center;0;230;9;0;0;0;0;0;0;0;0;0;0;0;0;;;;0;0;0;0;0;0;0;0;0;0;0;0;0;0;0;0;0;0;0;0;0;0;0;0;Regular Season;0;0;0;0;0;0;0;0;0;0
992;2002;2;26;Philips Arena;0;227;17;0;0;0;0;0;0;0;0;0;0;0;0;;;;0;0;0;0;0;0;0;0;0;0;0;0;0;0;0;0;0;0;0;0;0;0;0;0;Regular Season;0;0;0;0;0;0;0;0;0;0
993;2002;2;26;Nationwide Arena;0;229;11;0;0;0;0;0;0;0;0;0;0;0;0;;;;0;0;0;0;0;0;0;0;0;0;0;0;0;0;0;0;0;0;0;0;0;0;0;0;Regular Season;0;0;0;0;0;0;0;0;0;0
994;2002;2;26;Pepsi Center;0;25;19;0;0;0;0;0;0;0;0;0;0;0;0;;;;0;0;0;0;0;0;0;0;0;0;0;0;0;0;0;0;0;0;0;0;0;0;0;0;Regular Season;0;0;0;0;0;0;0;0;0;0
995;2002;2;26;Bell Centre;0;0;216;0;0;0;0;0;0;0;0;0;0;0;0;;;;0;0;0;0;0;0;0;0;0;0;0;0;0;0;0;0;0;0;0;0;0;0;0;0;Regular Season;0;0;0;0;0;0;0;0;0;0
996;2002;2;26;Bridgestone Arena;0;224;214;0;0;0;0;0;0;0;0;0;0;0;0;;;;0;0;0;0;0;0;0;0;0;0;0;0;0;0;0;0;0;0;0;0;0;0;0;0;Regular Season;0;0;0;0;0;0;0;0;0;0
997;2002;2;26;Nassau Veterans Memorial Coliseum;0;20;5;0;0;0;0;0;0;0;0;0;0;0;0;;;;0;0;0;0;0;0;0;0;0;0;0;0;0;0;0;0;0;0;0;0;0;0;0;0;Regular Season;0;0;0;0;0;0;0;0;0;0
998;2002;2;26;Madison Square Garden;0;10;21;0;0;0;0;0;0;0;0;0;0;0;0;;;;0;0;0;0;0;0;0;0;0;0;0;0;0;0;0;0;0;0;0;0;0;0;0;0;Regular Season;0;0;0;0;0;0;0;0;0;0
999;2002;2;26;Wells Fargo Center;0;14;8;0;0;0;0;0;0;0;0;0;0;0;0;;;;0;0;0;0;0;0;0;0;0;0;0;0;0;0;0;0;0;0;0;0;0;0;0;0;Regular Season;0;0;0;0;0;0;0;0;0;0
1000;2002;2;26;America West Arena;0;26;12;0;0;0;0;0;0;0;0;0;0;0;0;;;;0;0;0;0;0;0;0;0;0;0;0;0;0;0;0;0;0;0;0;0;0;0;0;0;Regular Season;0;0;0;0;0;0;0;0;0;0
1001;2002;2;26;Amalie Arena;0;217;9;0;0;0;0;0;0;0;0;0;0;0;0;;;;0;0;0;0;0;0;0;0;0;0;0;0;0;0;0;0;0;0;0;0;0;0;0;0;Regular Season;0;0;0;0;0;0;0;0;0;0
1002;2002;2;26;Air Canada Centre;0;3;24;0;0;0;0;0;0;0;0;0;0;0;0;;;;0;0;0;0;0;0;0;0;0;0;0;0;0;0;0;0;0;0;0;0;0;0;0;0;Regular Season;0;0;0;0;0;0;0;0;0;0
1003;2002;2;26;Rogers Arena;0;18;16;0;0;0;0;0;0;0;0;0;0;0;0;;;;0;0;0;0;0;0;0;0;0;0;0;0;0;0;0;0;0;0;0;0;0;0;0;0;Regular Season;0;0;0;0;0;0;0;0;0;0
1004;2002;2;26;Verizon Center;0;22;221;0;0;0;0;0;0;0;0;0;0;0;0;;;;0;0;0;0;0;0;0;0;0;0;0;0;0;0;0;0;0;0;0;0;0;0;0;0;Regular Season;0;0;0;0;0;0;0;0;0;0
1005;2002;2;27;United Center;0;8;0;0;0;0;0;0;0;0;0;0;0;0;0;;;;0;0;0;0;0;0;0;0;0;0;0;0;0;0;0;0;0;0;0;0;0;0;0;0;Regular Season;0;0;0;0;0;0;0;0;0;0
1006;2002;2;27;BB&T Center;0;221;9;0;0;0;0;0;0;0;0;0;0;0;0;;;;0;0;0;0;0;0;0;0;0;0;0;0;0;0;0;0;0;0;0;0;0;0;0;0;Regular Season;0;0;0;0;0;0;0;0;0;0
1007;2002;2;27;Honda Center;0;220;230;0;0;0;0;0;0;0;0;0;0;0;0;;;;0;0;0;0;0;0;0;0;0;0;0;0;0;0;0;0;0;0;0;0;0;0;0;0;Regular Season;0;0;0;0;0;0;0;0;0;0
1008;2002;2;27;Brendan Byrne Arena;0;21;14;0;0;0;0;0;0;0;0;0;0;0;0;;;;0;0;0;0;0;0;0;0;0;0;0;0;0;0;0;0;0;0;0;0;0;0;0;0;Regular Season;0;0;0;0;0;0;0;0;0;0
1009;2002;2;27;Pittsburgh Civic Arena;0;15;11;0;0;0;0;0;0;0;0;0;0;0;0;;;;0;0;0;0;0;0;0;0;0;0;0;0;0;0;0;0;0;0;0;0;0;0;0;0;Regular Season;0;0;0;0;0;0;0;0;0;0
1010;2002;2;28;TD Garden;0;5;24;0;0;0;0;0;0;0;0;0;0;0;0;;;;0;0;0;0;0;0;0;0;0;0;0;0;0;0;0;0;0;0;0;0;0;0;0;0;Regular Season;0;0;0;0;0;0;0;0;0;0
1011;2002;2;28;Nationwide Arena;0;229;15;0;0;0;0;0;0;0;0;0;0;0;0;;;;0;0;0;0;0;0;0;0;0;0;0;0;0;0;0;0;0;0;0;0;0;0;0;0;Regular Season;0;0;0;0;0;0;0;0;0;0
1012;2002;2;28;Scotiabank Saddledome;0;19;16;0;0;0;0;0;0;0;0;0;0;0;0;;;;0;0;0;0;0;0;0;0;0;0;0;0;0;0;0;0;0;0;0;0;0;0;0;0;Regular Season;0;0;0;0;0;0;0;0;0;0
1013;2002;2;28;Pepsi Center;0;25;26;0;0;0;0;0;0;0;0;0;0;0;0;;;;0;0;0;0;0;0;0;0;0;0;0;0;0;0;0;0;0;0;0;0;0;0;0;0;Regular Season;0;0;0;0;0;0;0;0;0;0
1014;2002;2;28;Rexall Place;0;23;224;0;0;0;0;0;0;0;0;0;0;0;0;;;;0;0;0;0;0;0;0;0;0;0;0;0;0;0;0;0;0;0;0;0;0;0;0;0;Regular Season;0;0;0;0;0;0;0;0;0;0
1015;2002;2;28;Madison Square Garden;0;10;216;0;0;0;0;0;0;0;0;0;0;0;0;;;;0;0;0;0;0;0;0;0;0;0;0;0;0;0;0;0;0;0;0;0;0;0;0;0;Regular Season;0;0;0;0;0;0;0;0;0;0
1016;2002;2;28;Rogers Arena;0;18;12;0;0;0;0;0;0;0;0;0;0;0;0;;;;0;0;0;0;0;0;0;0;0;0;0;0;0;0;0;0;0;0;0;0;0;0;0;0;Regular Season;0;0;0;0;0;0;0;0;0;0
1017;2002;2;28;Verizon Center;0;22;214;0;0;0;0;0;0;0;0;0;0;0;0;;;;0;0;0;0;0;0;0;0;0;0;0;0;0;0;0;0;0;0;0;0;0;0;0;0;Regular Season;0;0;0;0;0;0;0;0;0;0
1018;2002;3;1;Philips Arena;0;227;20;0;0;0;0;0;0;0;0;0;0;0;0;;;;0;0;0;0;0;0;0;0;0;0;0;0;0;0;0;0;0;0;0;0;0;0;0;0;Regular Season;0;0;0;0;0;0;0;0;0;0
1019;2002;3;1;KeyBank Center;0;17;5;0;0;0;0;0;0;0;0;0;0;0;0;;;;0;0;0;0;0;0;0;0;0;0;0;0;0;0;0;0;0;0;0;0;0;0;0;0;Regular Season;0;0;0;0;0;0;0;0;0;0
1020;2002;3;1;Brendan Byrne Arena;0;21;3;0;0;0;0;0;0;0;0;0;0;0;0;;;;0;0;0;0;0;0;0;0;0;0;0;0;0;0;0;0;0;0;0;0;0;0;0;0;Regular Season;0;0;0;0;0;0;0;0;0;0
1021;2002;3;1;Amalie Arena;0;217;214;0;0;0;0;0;0;0;0;0;0;0;0;;;;0;0;0;0;0;0;0;0;0;0;0;0;0;0;0;0;0;0;0;0;0;0;0;0;Regular Season;0;0;0;0;0;0;0;0;0;0
1022;2002;3;2;Scotiabank Saddledome;0;19;224;0;0;0;0;0;0;0;0;0;0;0;0;;;;0;0;0;0;0;0;0;0;0;0;0;0;0;0;0;0;0;0;0;0;0;0;0;0;Regular Season;0;0;0;0;0;0;0;0;0;0
1023;2002;3;2;Pepsi Center;0;25;12;0;0;0;0;0;0;0;0;0;0;0;0;;;;0;0;0;0;0;0;0;0;0;0;0;0;0;0;0;0;0;0;0;0;0;0;0;0;Regular Season;0;0;0;0;0;0;0;0;0;0
1024;2002;3;2;Rexall Place;0;23;16;0;0;0;0;0;0;0;0;0;0;0;0;;;;0;0;0;0;0;0;0;0;0;0;0;0;0;0;0;0;0;0;0;0;0;0;0;0;Regular Season;0;0;0;0;0;0;0;0;0;0
1025;2002;3;2;Staples Center;0;11;229;0;0;0;0;0;0;0;0;0;0;0;0;;;;0;0;0;0;0;0;0;0;0;0;0;0;0;0;0;0;0;0;0;0;0;0;0;0;Regular Season;0;0;0;0;0;0;0;0;0;0
1026;2002;3;2;Bell Centre;0;0;24;0;0;0;0;0;0;0;0;0;0;0;0;;;;0;0;0;0;0;0;0;0;0;0;0;0;0;0;0;0;0;0;0;0;0;0;0;0;Regular Season;0;0;0;0;0;0;0;0;0;0
1027;2002;3;2;Nassau Veterans Memorial Coliseum;0;20;227;0;0;0;0;0;0;0;0;0;0;0;0;;;;0;0;0;0;0;0;0;0;0;0;0;0;0;0;0;0;0;0;0;0;0;0;0;0;Regular Season;0;0;0;0;0;0;0;0;0;0
1028;2002;3;2;Madison Square Garden;0;10;14;0;0;0;0;0;0;0;0;0;0;0;0;;;;0;0;0;0;0;0;0;0;0;0;0;0;0;0;0;0;0;0;0;0;0;0;0;0;Regular Season;0;0;0;0;0;0;0;0;0;0
1029;2002;3;2;Canadian Tire Centre;0;216;22;0;0;0;0;0;0;0;0;0;0;0;0;;;;0;0;0;0;0;0;0;0;0;0;0;0;0;0;0;0;0;0;0;0;0;0;0;0;Regular Season;0;0;0;0;0;0;0;0;0;0
1030;2002;3;2;Pittsburgh Civic Arena;0;15;9;0;0;0;0;0;0;0;0;0;0;0;0;;;;0;0;0;0;0;0;0;0;0;0;0;0;0;0;0;0;0;0;0;0;0;0;0;0;Regular Season;0;0;0;0;0;0;0;0;0;0
1031;2002;3;2;Amalie Arena;0;217;221;0;0;0;0;0;0;0;0;0;0;0;0;;;;0;0;0;0;0;0;0;0;0;0;0;0;0;0;0;0;0;0;0;0;0;0;0;0;Regular Season;0;0;0;0;0;0;0;0;0;0
1032;2002;3;2;Air Canada Centre;0;3;17;0;0;0;0;0;0;0;0;0;0;0;0;;;;0;0;0;0;0;0;0;0;0;0;0;0;0;0;0;0;0;0;0;0;0;0;0;0;Regular Season;0;0;0;0;0;0;0;0;0;0
1033;2002;3;2;Rogers Arena;0;18;230;0;0;0;0;0;0;0;0;0;0;0;0;;;;0;0;0;0;0;0;0;0;0;0;0;0;0;0;0;0;0;0;0;0;0;0;0;0;Regular Season;0;0;0;0;0;0;0;0;0;0
1034;2002;3;3;United Center;0;8;220;0;0;0;0;0;0;0;0;0;0;0;0;;;;0;0;0;0;0;0;0;0;0;0;0;0;0;0;0;0;0;0;0;0;0;0;0;0;Regular Season;0;0;0;0;0;0;0;0;0;0
1035;2002;3;3;American Airlines Center;0;12;214;0;0;0;0;0;0;0;0;0;0;0;0;;;;0;0;0;0;0;0;0;0;0;0;0;0;0;0;0;0;0;0;0;0;0;0;0;0;Regular Season;0;0;0;0;0;0;0;0;0;0
1036;2002;3;3;America West Arena;0;26;229;0;0;0;0;0;0;0;0;0;0;0;0;;;;0;0;0;0;0;0;0;0;0;0;0;0;0;0;0;0;0;0;0;0;0;0;0;0;Regular Season;0;0;0;0;0;0;0;0;0;0
1037;2002;3;4;TD Garden;0;5;14;0;0;0;0;0;0;0;0;0;0;0;0;;;;0;0;0;0;0;0;0;0;0;0;0;0;0;0;0;0;0;0;0;0;0;0;0;0;Regular Season;0;0;0;0;0;0;0;0;0;0
1038;2002;3;4;KeyBank Center;0;17;23;0;0;0;0;0;0;0;0;0;0;0;0;;;;0;0;0;0;0;0;0;0;0;0;0;0;0;0;0;0;0;0;0;0;0;0;0;0;Regular Season;0;0;0;0;0;0;0;0;0;0
1039;2002;3;4;Pepsi Center;0;25;21;0;0;0;0;0;0;0;0;0;0;0;0;;;;0;0;0;0;0;0;0;0;0;0;0;0;0;0;0;0;0;0;0;0;0;0;0;0;Regular Season;0;0;0;0;0;0;0;0;0;0
1040;2002;3;4;Staples Center;0;11;216;0;0;0;0;0;0;0;0;0;0;0;0;;;;0;0;0;0;0;0;0;0;0;0;0;0;0;0;0;0;0;0;0;0;0;0;0;0;Regular Season;0;0;0;0;0;0;0;0;0;0
1041;2002;3;4;Bell Centre;0;0;227;0;0;0;0;0;0;0;0;0;0;0;0;;;;0;0;0;0;0;0;0;0;0;0;0;0;0;0;0;0;0;0;0;0;0;0;0;0;Regular Season;0;0;0;0;0;0;0;0;0;0
1042;2002;3;4;Nassau Veterans Memorial Coliseum;0;20;15;0;0;0;0;0;0;0;0;0;0;0;0;;;;0;0;0;0;0;0;0;0;0;0;0;0;0;0;0;0;0;0;0;0;0;0;0;0;Regular Season;0;0;0;0;0;0;0;0;0;0
1043;2002;3;4;Madison Square Garden;0;10;19;0;0;0;0;0;0;0;0;0;0;0;0;;;;0;0;0;0;0;0;0;0;0;0;0;0;0;0;0;0;0;0;0;0;0;0;0;0;Regular Season;0;0;0;0;0;0;0;0;0;0
1044;2002;3;4;Verizon Center;0;22;3;0;0;0;0;0;0;0;0;0;0;0;0;;;;0;0;0;0;0;0;0;0;0;0;0;0;0;0;0;0;0;0;0;0;0;0;0;0;Regular Season;0;0;0;0;0;0;0;0;0;0
1045;2002;3;5;United Center;0;8;24;0;0;0;0;0;0;0;0;0;0;0;0;;;;0;0;0;0;0;0;0;0;0;0;0;0;0;0;0;0;0;0;0;0;0;0;0;0;Regular Season;0;0;0;0;0;0;0;0;0;0
1046;2002;3;5;Xcel Energy Center;0;230;10;0;0;0;0;0;0;0;0;0;0;0;0;;;;0;0;0;0;0;0;0;0;0;0;0;0;0;0;0;0;0;0;0;0;0;0;0;0;Regular Season;0;0;0;0;0;0;0;0;0;0
1047;2002;3;5;America West Arena;0;26;21;0;0;0;0;0;0;0;0;0;0;0;0;;;;0;0;0;0;0;0;0;0;0;0;0;0;0;0;0;0;0;0;0;0;0;0;0;0;Regular Season;0;0;0;0;0;0;0;0;0;0
1048;2002;3;5;Pittsburgh Civic Arena;0;15;221;0;0;0;0;0;0;0;0;0;0;0;0;;;;0;0;0;0;0;0;0;0;0;0;0;0;0;0;0;0;0;0;0;0;0;0;0;0;Regular Season;0;0;0;0;0;0;0;0;0;0
1049;2002;3;5;SAP Center;0;214;224;0;0;0;0;0;0;0;0;0;0;0;0;;;;0;0;0;0;0;0;0;0;0;0;0;0;0;0;0;0;0;0;0;0;0;0;0;0;Regular Season;0;0;0;0;0;0;0;0;0;0
1050;2002;3;6;Philips Arena;0;227;220;0;0;0;0;0;0;0;0;0;0;0;0;;;;0;0;0;0;0;0;0;0;0;0;0;0;0;0;0;0;0;0;0;0;0;0;0;0;Regular Season;0;0;0;0;0;0;0;0;0;0
1051;2002;3;6;Pepsi Center;0;25;229;0;0;0;0;0;0;0;0;0;0;0;0;;;;0;0;0;0;0;0;0;0;0;0;0;0;0;0;0;0;0;0;0;0;0;0;0;0;Regular Season;0;0;0;0;0;0;0;0;0;0
1052;2002;3;6;American Airlines Center;0;12;11;0;0;0;0;0;0;0;0;0;0;0;0;;;;0;0;0;0;0;0;0;0;0;0;0;0;0;0;0;0;0;0;0;0;0;0;0;0;Regular Season;0;0;0;0;0;0;0;0;0;0
1053;2002;3;6;Joe Louis Arena;0;9;3;0;0;0;0;0;0;0;0;0;0;0;0;;;;0;0;0;0;0;0;0;0;0;0;0;0;0;0;0;0;0;0;0;0;0;0;0;0;Regular Season;0;0;0;0;0;0;0;0;0;0
1054;2002;3;6;Bell Centre;0;0;5;0;0;0;0;0;0;0;0;0;0;0;0;;;;0;0;0;0;0;0;0;0;0;0;0;0;0;0;0;0;0;0;0;0;0;0;0;0;Regular Season;0;0;0;0;0;0;0;0;0;0
1055;2002;3;6;Amalie Arena;0;217;23;0;0;0;0;0;0;0;0;0;0;0;0;;;;0;0;0;0;0;0;0;0;0;0;0;0;0;0;0;0;0;0;0;0;0;0;0;0;Regular Season;0;0;0;0;0;0;0;0;0;0
1056;2002;3;6;Verizon Center;0;22;19;0;0;0;0;0;0;0;0;0;0;0;0;;;;0;0;0;0;0;0;0;0;0;0;0;0;0;0;0;0;0;0;0;0;0;0;0;0;Regular Season;0;0;0;0;0;0;0;0;0;0
1057;2002;3;7;United Center;0;8;10;0;0;0;0;0;0;0;0;0;0;0;0;;;;0;0;0;0;0;0;0;0;0;0;0;0;0;0;0;0;0;0;0;0;0;0;0;0;Regular Season;0;0;0;0;0;0;0;0;0;0
1058;2002;3;7;Bridgestone Arena;0;224;11;0;0;0;0;0;0;0;0;0;0;0;0;;;;0;0;0;0;0;0;0;0;0;0;0;0;0;0;0;0;0;0;0;0;0;0;0;0;Regular Season;0;0;0;0;0;0;0;0;0;0
1059;2002;3;7;Nassau Veterans Memorial Coliseum;0;20;17;0;0;0;0;0;0;0;0;0;0;0;0;;;;0;0;0;0;0;0;0;0;0;0;0;0;0;0;0;0;0;0;0;0;0;0;0;0;Regular Season;0;0;0;0;0;0;0;0;0;0
1060;2002;3;7;Wells Fargo Center;0;14;19;0;0;0;0;0;0;0;0;0;0;0;0;;;;0;0;0;0;0;0;0;0;0;0;0;0;0;0;0;0;0;0;0;0;0;0;0;0;Regular Season;0;0;0;0;0;0;0;0;0;0
1061;2002;3;7;America West Arena;0;26;18;0;0;0;0;0;0;0;0;0;0;0;0;;;;0;0;0;0;0;0;0;0;0;0;0;0;0;0;0;0;0;0;0;0;0;0;0;0;Regular Season;0;0;0;0;0;0;0;0;0;0
1062;2002;3;7;Pittsburgh Civic Arena;0;15;24;0;0;0;0;0;0;0;0;0;0;0;0;;;;0;0;0;0;0;0;0;0;0;0;0;0;0;0;0;0;0;0;0;0;0;0;0;0;Regular Season;0;0;0;0;0;0;0;0;0;0
1063;2002;3;7;SAP Center;0;214;216;0;0;0;0;0;0;0;0;0;0;0;0;;;;0;0;0;0;0;0;0;0;0;0;0;0;0;0;0;0;0;0;0;0;0;0;0;0;Regular Season;0;0;0;0;0;0;0;0;0;0
1064;2002;3;7;Scottrade Center;0;16;230;0;0;0;0;0;0;0;0;0;0;0;0;;;;0;0;0;0;0;0;0;0;0;0;0;0;0;0;0;0;0;0;0;0;0;0;0;0;Regular Season;0;0;0;0;0;0;0;0;0;0
1065;2002;3;8;Philips Arena;0;227;5;0;0;0;0;0;0;0;0;0;0;0;0;;;;0;0;0;0;0;0;0;0;0;0;0;0;0;0;0;0;0;0;0;0;0;0;0;0;Regular Season;0;0;0;0;0;0;0;0;0;0
1066;2002;3;8;KeyBank Center;0;17;0;0;0;0;0;0;0;0;0;0;0;0;0;;;;0;0;0;0;0;0;0;0;0;0;0;0;0;0;0;0;0;0;0;0;0;0;0;0;Regular Season;0;0;0;0;0;0;0;0;0;0
1067;2002;3;8;PNC Arena;0;24;22;0;0;0;0;0;0;0;0;0;0;0;0;;;;0;0;0;0;0;0;0;0;0;0;0;0;0;0;0;0;0;0;0;0;0;0;0;0;Regular Season;0;0;0;0;0;0;0;0;0;0
1068;2002;3;8;Nationwide Arena;0;229;20;0;0;0;0;0;0;0;0;0;0;0;0;;;;0;0;0;0;0;0;0;0;0;0;0;0;0;0;0;0;0;0;0;0;0;0;0;0;Regular Season;0;0;0;0;0;0;0;0;0;0
1069;2002;3;8;American Airlines Center;0;12;230;0;0;0;0;0;0;0;0;0;0;0;0;;;;0;0;0;0;0;0;0;0;0;0;0;0;0;0;0;0;0;0;0;0;0;0;0;0;Regular Season;0;0;0;0;0;0;0;0;0;0
1070;2002;3;8;BB&T Center;0;221;23;0;0;0;0;0;0;0;0;0;0;0;0;;;;0;0;0;0;0;0;0;0;0;0;0;0;0;0;0;0;0;0;0;0;0;0;0;0;Regular Season;0;0;0;0;0;0;0;0;0;0
1071;2002;3;8;Honda Center;0;220;21;0;0;0;0;0;0;0;0;0;0;0;0;;;;0;0;0;0;0;0;0;0;0;0;0;0;0;0;0;0;0;0;0;0;0;0;0;0;Regular Season;0;0;0;0;0;0;0;0;0;0
1072;2002;3;8;Amalie Arena;0;217;14;0;0;0;0;0;0;0;0;0;0;0;0;;;;0;0;0;0;0;0;0;0;0;0;0;0;0;0;0;0;0;0;0;0;0;0;0;0;Regular Season;0;0;0;0;0;0;0;0;0;0
1073;2002;3;9;TD Garden;0;5;19;0;0;0;0;0;0;0;0;0;0;0;0;;;;0;0;0;0;0;0;0;0;0;0;0;0;0;0;0;0;0;0;0;0;0;0;0;0;Regular Season;0;0;0;0;0;0;0;0;0;0
1074;2002;3;9;Pepsi Center;0;25;11;0;0;0;0;0;0;0;0;0;0;0;0;;;;0;0;0;0;0;0;0;0;0;0;0;0;0;0;0;0;0;0;0;0;0;0;0;0;Regular Season;0;0;0;0;0;0;0;0;0;0
1075;2002;3;9;BB&T Center;0;221;224;0;0;0;0;0;0;0;0;0;0;0;0;;;;0;0;0;0;0;0;0;0;0;0;0;0;0;0;0;0;0;0;0;0;0;0;0;0;Regular Season;0;0;0;0;0;0;0;0;0;0
1076;2002;3;9;Bell Centre;0;0;3;0;0;0;0;0;0;0;0;0;0;0;0;;;;0;0;0;0;0;0;0;0;0;0;0;0;0;0;0;0;0;0;0;0;0;0;0;0;Regular Season;0;0;0;0;0;0;0;0;0;0
1077;2002;3;9;America West Arena;0;26;216;0;0;0;0;0;0;0;0;0;0;0;0;;;;0;0;0;0;0;0;0;0;0;0;0;0;0;0;0;0;0;0;0;0;0;0;0;0;Regular Season;0;0;0;0;0;0;0;0;0;0
1078;2002;3;9;Pittsburgh Civic Arena;0;15;10;0;0;0;0;0;0;0;0;0;0;0;0;;;;0;0;0;0;0;0;0;0;0;0;0;0;0;0;0;0;0;0;0;0;0;0;0;0;Regular Season;0;0;0;0;0;0;0;0;0;0
1079;2002;3;9;SAP Center;0;214;18;0;0;0;0;0;0;0;0;0;0;0;0;;;;0;0;0;0;0;0;0;0;0;0;0;0;0;0;0;0;0;0;0;0;0;0;0;0;Regular Season;0;0;0;0;0;0;0;0;0;0
1080;2002;3;9;Scottrade Center;0;16;9;0;0;0;0;0;0;0;0;0;0;0;0;;;;0;0;0;0;0;0;0;0;0;0;0;0;0;0;0;0;0;0;0;0;0;0;0;0;Regular Season;0;0;0;0;0;0;0;0;0;0
1081;2002;3;10;KeyBank Center;0;17;9;0;0;0;0;0;0;0;0;0;0;0;0;;;;0;0;0;0;0;0;0;0;0;0;0;0;0;0;0;0;0;0;0;0;0;0;0;0;Regular Season;0;0;0;0;0;0;0;0;0;0
1082;2002;3;10;American Airlines Center;0;12;21;0;0;0;0;0;0;0;0;0;0;0;0;;;;0;0;0;0;0;0;0;0;0;0;0;0;0;0;0;0;0;0;0;0;0;0;0;0;Regular Season;0;0;0;0;0;0;0;0;0;0
1083;2002;3;10;Honda Center;0;220;216;0;0;0;0;0;0;0;0;0;0;0;0;;;;0;0;0;0;0;0;0;0;0;0;0;0;0;0;0;0;0;0;0;0;0;0;0;0;Regular Season;0;0;0;0;0;0;0;0;0;0
1084;2002;3;10;Xcel Energy Center;0;230;229;0;0;0;0;0;0;0;0;0;0;0;0;;;;0;0;0;0;0;0;0;0;0;0;0;0;0;0;0;0;0;0;0;0;0;0;0;0;Regular Season;0;0;0;0;0;0;0;0;0;0
1085;2002;3;10;Nassau Veterans Memorial Coliseum;0;20;227;0;0;0;0;0;0;0;0;0;0;0;0;;;;0;0;0;0;0;0;0;0;0;0;0;0;0;0;0;0;0;0;0;0;0;0;0;0;Regular Season;0;0;0;0;0;0;0;0;0;0
1086;2002;3;10;Wells Fargo Center;0;14;3;0;0;0;0;0;0;0;0;0;0;0;0;;;;0;0;0;0;0;0;0;0;0;0;0;0;0;0;0;0;0;0;0;0;0;0;0;0;Regular Season;0;0;0;0;0;0;0;0;0;0
1087;2002;3;10;Amalie Arena;0;217;224;0;0;0;0;0;0;0;0;0;0;0;0;;;;0;0;0;0;0;0;0;0;0;0;0;0;0;0;0;0;0;0;0;0;0;0;0;0;Regular Season;0;0;0;0;0;0;0;0;0;0
1088;2002;3;10;Rogers Arena;0;18;214;0;0;0;0;0;0;0;0;0;0;0;0;;;;0;0;0;0;0;0;0;0;0;0;0;0;0;0;0;0;0;0;0;0;0;0;0;0;Regular Season;0;0;0;0;0;0;0;0;0;0
1089;2002;3;10;Verizon Center;0;22;23;0;0;0;0;0;0;0;0;0;0;0;0;;;;0;0;0;0;0;0;0;0;0;0;0;0;0;0;0;0;0;0;0;0;0;0;0;0;Regular Season;0;0;0;0;0;0;0;0;0;0
1090;2002;3;11;PNC Arena;0;24;19;0;0;0;0;0;0;0;0;0;0;0;0;;;;0;0;0;0;0;0;0;0;0;0;0;0;0;0;0;0;0;0;0;0;0;0;0;0;Regular Season;0;0;0;0;0;0;0;0;0;0
1091;2002;3;11;Staples Center;0;11;8;0;0;0;0;0;0;0;0;0;0;0;0;;;;0;0;0;0;0;0;0;0;0;0;0;0;0;0;0;0;0;0;0;0;0;0;0;0;Regular Season;0;0;0;0;0;0;0;0;0;0
1092;2002;3;11;Madison Square Garden;0;10;0;0;0;0;0;0;0;0;0;0;0;0;0;;;;0;0;0;0;0;0;0;0;0;0;0;0;0;0;0;0;0;0;0;0;0;0;0;0;Regular Season;0;0;0;0;0;0;0;0;0;0
1093;2002;3;11;Pittsburgh Civic Arena;0;15;229;0;0;0;0;0;0;0;0;0;0;0;0;;;;0;0;0;0;0;0;0;0;0;0;0;0;0;0;0;0;0;0;0;0;0;0;0;0;Regular Season;0;0;0;0;0;0;0;0;0;0
1094;2002;3;11;Scottrade Center;0;16;25;0;0;0;0;0;0;0;0;0;0;0;0;;;;0;0;0;0;0;0;0;0;0;0;0;0;0;0;0;0;0;0;0;0;0;0;0;0;Regular Season;0;0;0;0;0;0;0;0;0;0
1095;2002;3;12;Philips Arena;0;227;217;0;0;0;0;0;0;0;0;0;0;0;0;;;;0;0;0;0;0;0;0;0;0;0;0;0;0;0;0;0;0;0;0;0;0;0;0;0;Regular Season;0;0;0;0;0;0;0;0;0;0
1096;2002;3;12;KeyBank Center;0;17;20;0;0;0;0;0;0;0;0;0;0;0;0;;;;0;0;0;0;0;0;0;0;0;0;0;0;0;0;0;0;0;0;0;0;0;0;0;0;Regular Season;0;0;0;0;0;0;0;0;0;0
1097;2002;3;12;Xcel Energy Center;0;230;216;0;0;0;0;0;0;0;0;0;0;0;0;;;;0;0;0;0;0;0;0;0;0;0;0;0;0;0;0;0;0;0;0;0;0;0;0;0;Regular Season;0;0;0;0;0;0;0;0;0;0
1098;2002;3;12;Bridgestone Arena;0;224;18;0;0;0;0;0;0;0;0;0;0;0;0;;;;0;0;0;0;0;0;0;0;0;0;0;0;0;0;0;0;0;0;0;0;0;0;0;0;Regular Season;0;0;0;0;0;0;0;0;0;0
1099;2002;3;12;America West Arena;0;26;8;0;0;0;0;0;0;0;0;0;0;0;0;;;;0;0;0;0;0;0;0;0;0;0;0;0;0;0;0;0;0;0;0;0;0;0;0;0;Regular Season;0;0;0;0;0;0;0;0;0;0
1100;2002;3;12;Air Canada Centre;0;3;14;0;0;0;0;0;0;0;0;0;0;0;0;;;;0;0;0;0;0;0;0;0;0;0;0;0;0;0;0;0;0;0;0;0;0;0;0;0;Regular Season;0;0;0;0;0;0;0;0;0;0
1101;2002;3;12;Verizon Center;0;22;12;0;0;0;0;0;0;0;0;0;0;0;0;;;;0;0;0;0;0;0;0;0;0;0;0;0;0;0;0;0;0;0;0;0;0;0;0;0;Regular Season;0;0;0;0;0;0;0;0;0;0
1102;2002;3;13;Joe Louis Arena;0;9;23;0;0;0;0;0;0;0;0;0;0;0;0;;;;0;0;0;0;0;0;0;0;0;0;0;0;0;0;0;0;0;0;0;0;0;0;0;0;Regular Season;0;0;0;0;0;0;0;0;0;0
1103;2002;3;13;BB&T Center;0;221;19;0;0;0;0;0;0;0;0;0;0;0;0;;;;0;0;0;0;0;0;0;0;0;0;0;0;0;0;0;0;0;0;0;0;0;0;0;0;Regular Season;0;0;0;0;0;0;0;0;0;0
1104;2002;3;13;Honda Center;0;220;15;0;0;0;0;0;0;0;0;0;0;0;0;;;;0;0;0;0;0;0;0;0;0;0;0;0;0;0;0;0;0;0;0;0;0;0;0;0;Regular Season;0;0;0;0;0;0;0;0;0;0
1105;2002;3;13;Brendan Byrne Arena;0;21;20;0;0;0;0;0;0;0;0;0;0;0;0;;;;0;0;0;0;0;0;0;0;0;0;0;0;0;0;0;0;0;0;0;0;0;0;0;0;Regular Season;0;0;0;0;0;0;0;0;0;0
1106;2002;3;13;Madison Square Garden;0;10;5;0;0;0;0;0;0;0;0;0;0;0;0;;;;0;0;0;0;0;0;0;0;0;0;0;0;0;0;0;0;0;0;0;0;0;0;0;0;Regular Season;0;0;0;0;0;0;0;0;0;0
1107;2002;3;13;SAP Center;0;214;16;0;0;0;0;0;0;0;0;0;0;0;0;;;;0;0;0;0;0;0;0;0;0;0;0;0;0;0;0;0;0;0;0;0;0;0;0;0;Regular Season;0;0;0;0;0;0;0;0;0;0
1108;2002;3;14;Philips Arena;0;227;25;0;0;0;0;0;0;0;0;0;0;0;0;;;;0;0;0;0;0;0;0;0;0;0;0;0;0;0;0;0;0;0;0;0;0;0;0;0;Regular Season;0;0;0;0;0;0;0;0;0;0
1109;2002;3;14;TD Garden;0;5;3;0;0;0;0;0;0;0;0;0;0;0;0;;;;0;0;0;0;0;0;0;0;0;0;0;0;0;0;0;0;0;0;0;0;0;0;0;0;Regular Season;0;0;0;0;0;0;0;0;0;0
1110;2002;3;14;Nationwide Arena;0;229;18;0;0;0;0;0;0;0;0;0;0;0;0;;;;0;0;0;0;0;0;0;0;0;0;0;0;0;0;0;0;0;0;0;0;0;0;0;0;Regular Season;0;0;0;0;0;0;0;0;0;0
1111;2002;3;14;Staples Center;0;11;16;0;0;0;0;0;0;0;0;0;0;0;0;;;;0;0;0;0;0;0;0;0;0;0;0;0;0;0;0;0;0;0;0;0;0;0;0;0;Regular Season;0;0;0;0;0;0;0;0;0;0
1112;2002;3;14;Bell Centre;0;0;12;0;0;0;0;0;0;0;0;0;0;0;0;;;;0;0;0;0;0;0;0;0;0;0;0;0;0;0;0;0;0;0;0;0;0;0;0;0;Regular Season;0;0;0;0;0;0;0;0;0;0
1113;2002;3;14;Canadian Tire Centre;0;216;23;0;0;0;0;0;0;0;0;0;0;0;0;;;;0;0;0;0;0;0;0;0;0;0;0;0;0;0;0;0;0;0;0;0;0;0;0;0;Regular Season;0;0;0;0;0;0;0;0;0;0
1114;2002;3;14;Wells Fargo Center;0;14;17;0;0;0;0;0;0;0;0;0;0;0;0;;;;0;0;0;0;0;0;0;0;0;0;0;0;0;0;0;0;0;0;0;0;0;0;0;0;Regular Season;0;0;0;0;0;0;0;0;0;0
1115;2002;3;14;Amalie Arena;0;217;19;0;0;0;0;0;0;0;0;0;0;0;0;;;;0;0;0;0;0;0;0;0;0;0;0;0;0;0;0;0;0;0;0;0;0;0;0;0;Regular Season;0;0;0;0;0;0;0;0;0;0
1116;2002;3;15;BB&T Center;0;221;17;0;0;0;0;0;0;0;0;0;0;0;0;;;;0;0;0;0;0;0;0;0;0;0;0;0;0;0;0;0;0;0;0;0;0;0;0;0;Regular Season;0;0;0;0;0;0;0;0;0;0
1117;2002;3;15;Honda Center;0;220;8;0;0;0;0;0;0;0;0;0;0;0;0;;;;0;0;0;0;0;0;0;0;0;0;0;0;0;0;0;0;0;0;0;0;0;0;0;0;Regular Season;0;0;0;0;0;0;0;0;0;0
1118;2002;3;15;Bridgestone Arena;0;224;26;0;0;0;0;0;0;0;0;0;0;0;0;;;;0;0;0;0;0;0;0;0;0;0;0;0;0;0;0;0;0;0;0;0;0;0;0;0;Regular Season;0;0;0;0;0;0;0;0;0;0
1119;2002;3;15;SAP Center;0;214;22;0;0;0;0;0;0;0;0;0;0;0;0;;;;0;0;0;0;0;0;0;0;0;0;0;0;0;0;0;0;0;0;0;0;0;0;0;0;Regular Season;0;0;0;0;0;0;0;0;0;0
1120;2002;3;16;Philips Arena;0;227;18;0;0;0;0;0;0;0;0;0;0;0;0;;;;0;0;0;0;0;0;0;0;0;0;0;0;0;0;0;0;0;0;0;0;0;0;0;0;Regular Season;0;0;0;0;0;0;0;0;0;0
1121;2002;3;16;TD Garden;0;5;9;0;0;0;0;0;0;0;0;0;0;0;0;;;;0;0;0;0;0;0;0;0;0;0;0;0;0;0;0;0;0;0;0;0;0;0;0;0;Regular Season;0;0;0;0;0;0;0;0;0;0
1122;2002;3;16;Nationwide Arena;0;229;19;0;0;0;0;0;0;0;0;0;0;0;0;;;;0;0;0;0;0;0;0;0;0;0;0;0;0;0;0;0;0;0;0;0;0;0;0;0;Regular Season;0;0;0;0;0;0;0;0;0;0
1123;2002;3;16;Rexall Place;0;23;22;0;0;0;0;0;0;0;0;0;0;0;0;;;;0;0;0;0;0;0;0;0;0;0;0;0;0;0;0;0;0;0;0;0;0;0;0;0;Regular Season;0;0;0;0;0;0;0;0;0;0
1124;2002;3;16;Staples Center;0;11;15;0;0;0;0;0;0;0;0;0;0;0;0;;;;0;0;0;0;0;0;0;0;0;0;0;0;0;0;0;0;0;0;0;0;0;0;0;0;Regular Season;0;0;0;0;0;0;0;0;0;0
1125;2002;3;16;Bell Centre;0;0;24;0;0;0;0;0;0;0;0;0;0;0;0;;;;0;0;0;0;0;0;0;0;0;0;0;0;0;0;0;0;0;0;0;0;0;0;0;0;Regular Season;0;0;0;0;0;0;0;0;0;0
1126;2002;3;16;Brendan Byrne Arena;0;21;10;0;0;0;0;0;0;0;0;0;0;0;0;;;;0;0;0;0;0;0;0;0;0;0;0;0;0;0;0;0;0;0;0;0;0;0;0;0;Regular Season;0;0;0;0;0;0;0;0;0;0
1127;2002;3;16;Canadian Tire Centre;0;216;20;0;0;0;0;0;0;0;0;0;0;0;0;;;;0;0;0;0;0;0;0;0;0;0;0;0;0;0;0;0;0;0;0;0;0;0;0;0;Regular Season;0;0;0;0;0;0;0;0;0;0
1128;2002;3;16;Wells Fargo Center;0;14;25;0;0;0;0;0;0;0;0;0;0;0;0;;;;0;0;0;0;0;0;0;0;0;0;0;0;0;0;0;0;0;0;0;0;0;0;0;0;Regular Season;0;0;0;0;0;0;0;0;0;0
1129;2002;3;16;SAP Center;0;214;8;0;0;0;0;0;0;0;0;0;0;0;0;;;;0;0;0;0;0;0;0;0;0;0;0;0;0;0;0;0;0;0;0;0;0;0;0;0;Regular Season;0;0;0;0;0;0;0;0;0;0
1130;2002;3;16;Air Canada Centre;0;3;12;0;0;0;0;0;0;0;0;0;0;0;0;;;;0;0;0;0;0;0;0;0;0;0;0;0;0;0;0;0;0;0;0;0;0;0;0;0;Regular Season;0;0;0;0;0;0;0;0;0;0
1131;2002;3;17;Honda Center;0;220;16;0;0;0;0;0;0;0;0;0;0;0;0;;;;0;0;0;0;0;0;0;0;0;0;0;0;0;0;0;0;0;0;0;0;0;0;0;0;Regular Season;0;0;0;0;0;0;0;0;0;0
1132;2002;3;17;Xcel Energy Center;0;230;26;0;0;0;0;0;0;0;0;0;0;0;0;;;;0;0;0;0;0;0;0;0;0;0;0;0;0;0;0;0;0;0;0;0;0;0;0;0;Regular Season;0;0;0;0;0;0;0;0;0;0
1133;2002;3;17;Brendan Byrne Arena;0;21;18;0;0;0;0;0;0;0;0;0;0;0;0;;;;0;0;0;0;0;0;0;0;0;0;0;0;0;0;0;0;0;0;0;0;0;0;0;0;Regular Season;0;0;0;0;0;0;0;0;0;0
1134;2002;3;17;Bridgestone Arena;0;224;25;0;0;0;0;0;0;0;0;0;0;0;0;;;;0;0;0;0;0;0;0;0;0;0;0;0;0;0;0;0;0;0;0;0;0;0;0;0;Regular Season;0;0;0;0;0;0;0;0;0;0
1135;2002;3;17;Madison Square Garden;0;10;9;0;0;0;0;0;0;0;0;0;0;0;0;;;;0;0;0;0;0;0;0;0;0;0;0;0;0;0;0;0;0;0;0;0;0;0;0;0;Regular Season;0;0;0;0;0;0;0;0;0;0
1136;2002;3;17;Canadian Tire Centre;0;216;221;0;0;0;0;0;0;0;0;0;0;0;0;;;;0;0;0;0;0;0;0;0;0;0;0;0;0;0;0;0;0;0;0;0;0;0;0;0;Regular Season;0;0;0;0;0;0;0;0;0;0
1137;2002;3;17;Amalie Arena;0;217;17;0;0;0;0;0;0;0;0;0;0;0;0;;;;0;0;0;0;0;0;0;0;0;0;0;0;0;0;0;0;0;0;0;0;0;0;0;0;Regular Season;0;0;0;0;0;0;0;0;0;0
1138;2002;3;18;Philips Arena;0;227;15;0;0;0;0;0;0;0;0;0;0;0;0;;;;0;0;0;0;0;0;0;0;0;0;0;0;0;0;0;0;0;0;0;0;0;0;0;0;Regular Season;0;0;0;0;0;0;0;0;0;0
1139;2002;3;18;PNC Arena;0;24;0;0;0;0;0;0;0;0;0;0;0;0;0;;;;0;0;0;0;0;0;0;0;0;0;0;0;0;0;0;0;0;0;0;0;0;0;0;0;Regular Season;0;0;0;0;0;0;0;0;0;0
1140;2002;3;18;United Center;0;8;12;0;0;0;0;0;0;0;0;0;0;0;0;;;;0;0;0;0;0;0;0;0;0;0;0;0;0;0;0;0;0;0;0;0;0;0;0;0;Regular Season;0;0;0;0;0;0;0;0;0;0
1141;2002;3;18;Xcel Energy Center;0;230;19;0;0;0;0;0;0;0;0;0;0;0;0;;;;0;0;0;0;0;0;0;0;0;0;0;0;0;0;0;0;0;0;0;0;0;0;0;0;Regular Season;0;0;0;0;0;0;0;0;0;0
1142;2002;3;18;Wells Fargo Center;0;14;217;0;0;0;0;0;0;0;0;0;0;0;0;;;;0;0;0;0;0;0;0;0;0;0;0;0;0;0;0;0;0;0;0;0;0;0;0;0;Regular Season;0;0;0;0;0;0;0;0;0;0
1143;2002;3;18;SAP Center;0;214;11;0;0;0;0;0;0;0;0;0;0;0;0;;;;0;0;0;0;0;0;0;0;0;0;0;0;0;0;0;0;0;0;0;0;0;0;0;0;Regular Season;0;0;0;0;0;0;0;0;0;0
1144;2002;3;19;TD Garden;0;5;26;0;0;0;0;0;0;0;0;0;0;0;0;;;;0;0;0;0;0;0;0;0;0;0;0;0;0;0;0;0;0;0;0;0;0;0;0;0;Regular Season;0;0;0;0;0;0;0;0;0;0
1145;2002;3;19;KeyBank Center;0;17;216;0;0;0;0;0;0;0;0;0;0;0;0;;;;0;0;0;0;0;0;0;0;0;0;0;0;0;0;0;0;0;0;0;0;0;0;0;0;Regular Season;0;0;0;0;0;0;0;0;0;0
1146;2002;3;19;Pepsi Center;0;25;22;0;0;0;0;0;0;0;0;0;0;0;0;;;;0;0;0;0;0;0;0;0;0;0;0;0;0;0;0;0;0;0;0;0;0;0;0;0;Regular Season;0;0;0;0;0;0;0;0;0;0
1147;2002;3;19;Joe Louis Arena;0;9;220;0;0;0;0;0;0;0;0;0;0;0;0;;;;0;0;0;0;0;0;0;0;0;0;0;0;0;0;0;0;0;0;0;0;0;0;0;0;Regular Season;0;0;0;0;0;0;0;0;0;0
1148;2002;3;19;Madison Square Garden;0;10;18;0;0;0;0;0;0;0;0;0;0;0;0;;;;0;0;0;0;0;0;0;0;0;0;0;0;0;0;0;0;0;0;0;0;0;0;0;0;Regular Season;0;0;0;0;0;0;0;0;0;0
1149;2002;3;19;Scottrade Center;0;16;224;0;0;0;0;0;0;0;0;0;0;0;0;;;;0;0;0;0;0;0;0;0;0;0;0;0;0;0;0;0;0;0;0;0;0;0;0;0;Regular Season;0;0;0;0;0;0;0;0;0;0
1150;2002;3;19;Air Canada Centre;0;3;20;0;0;0;0;0;0;0;0;0;0;0;0;;;;0;0;0;0;0;0;0;0;0;0;0;0;0;0;0;0;0;0;0;0;0;0;0;0;Regular Season;0;0;0;0;0;0;0;0;0;0
1151;2002;3;20;United Center;0;8;21;0;0;0;0;0;0;0;0;0;0;0;0;;;;0;0;0;0;0;0;0;0;0;0;0;0;0;0;0;0;0;0;0;0;0;0;0;0;Regular Season;0;0;0;0;0;0;0;0;0;0
1152;2002;3;20;American Airlines Center;0;12;16;0;0;0;0;0;0;0;0;0;0;0;0;;;;0;0;0;0;0;0;0;0;0;0;0;0;0;0;0;0;0;0;0;0;0;0;0;0;Regular Season;0;0;0;0;0;0;0;0;0;0
1153;2002;3;20;Rexall Place;0;23;214;0;0;0;0;0;0;0;0;0;0;0;0;;;;0;0;0;0;0;0;0;0;0;0;0;0;0;0;0;0;0;0;0;0;0;0;0;0;Regular Season;0;0;0;0;0;0;0;0;0;0
1154;2002;3;20;BB&T Center;0;221;0;0;0;0;0;0;0;0;0;0;0;0;0;;;;0;0;0;0;0;0;0;0;0;0;0;0;0;0;0;0;0;0;0;0;0;0;0;0;Regular Season;0;0;0;0;0;0;0;0;0;0
1155;2002;3;20;Xcel Energy Center;0;230;229;0;0;0;0;0;0;0;0;0;0;0;0;;;;0;0;0;0;0;0;0;0;0;0;0;0;0;0;0;0;0;0;0;0;0;0;0;0;Regular Season;0;0;0;0;0;0;0;0;0;0
1156;2002;3;20;Pittsburgh Civic Arena;0;15;26;0;0;0;0;0;0;0;0;0;0;0;0;;;;0;0;0;0;0;0;0;0;0;0;0;0;0;0;0;0;0;0;0;0;0;0;0;0;Regular Season;0;0;0;0;0;0;0;0;0;0
1157;2002;3;20;Amalie Arena;0;217;227;0;0;0;0;0;0;0;0;0;0;0;0;;;;0;0;0;0;0;0;0;0;0;0;0;0;0;0;0;0;0;0;0;0;0;0;0;0;Regular Season;0;0;0;0;0;0;0;0;0;0
1158;2002;3;21;KeyBank Center;0;17;5;0;0;0;0;0;0;0;0;0;0;0;0;;;;0;0;0;0;0;0;0;0;0;0;0;0;0;0;0;0;0;0;0;0;0;0;0;0;Regular Season;0;0;0;0;0;0;0;0;0;0
1159;2002;3;21;PNC Arena;0;24;221;0;0;0;0;0;0;0;0;0;0;0;0;;;;0;0;0;0;0;0;0;0;0;0;0;0;0;0;0;0;0;0;0;0;0;0;0;0;Regular Season;0;0;0;0;0;0;0;0;0;0
1160;2002;3;21;Nationwide Arena;0;229;9;0;0;0;0;0;0;0;0;0;0;0;0;;;;0;0;0;0;0;0;0;0;0;0;0;0;0;0;0;0;0;0;0;0;0;0;0;0;Regular Season;0;0;0;0;0;0;0;0;0;0
1161;2002;3;21;Scotiabank Saddledome;0;19;214;0;0;0;0;0;0;0;0;0;0;0;0;;;;0;0;0;0;0;0;0;0;0;0;0;0;0;0;0;0;0;0;0;0;0;0;0;0;Regular Season;0;0;0;0;0;0;0;0;0;0
1162;2002;3;21;Staples Center;0;11;25;0;0;0;0;0;0;0;0;0;0;0;0;;;;0;0;0;0;0;0;0;0;0;0;0;0;0;0;0;0;0;0;0;0;0;0;0;0;Regular Season;0;0;0;0;0;0;0;0;0;0
1163;2002;3;21;Bridgestone Arena;0;224;21;0;0;0;0;0;0;0;0;0;0;0;0;;;;0;0;0;0;0;0;0;0;0;0;0;0;0;0;0;0;0;0;0;0;0;0;0;0;Regular Season;0;0;0;0;0;0;0;0;0;0
1164;2002;3;21;Nassau Veterans Memorial Coliseum;0;20;18;0;0;0;0;0;0;0;0;0;0;0;0;;;;0;0;0;0;0;0;0;0;0;0;0;0;0;0;0;0;0;0;0;0;0;0;0;0;Regular Season;0;0;0;0;0;0;0;0;0;0
1165;2002;3;21;Canadian Tire Centre;0;216;10;0;0;0;0;0;0;0;0;0;0;0;0;;;;0;0;0;0;0;0;0;0;0;0;0;0;0;0;0;0;0;0;0;0;0;0;0;0;Regular Season;0;0;0;0;0;0;0;0;0;0
1166;2002;3;21;Wells Fargo Center;0;14;220;0;0;0;0;0;0;0;0;0;0;0;0;;;;0;0;0;0;0;0;0;0;0;0;0;0;0;0;0;0;0;0;0;0;0;0;0;0;Regular Season;0;0;0;0;0;0;0;0;0;0
1167;2002;3;21;Air Canada Centre;0;3;22;0;0;0;0;0;0;0;0;0;0;0;0;;;;0;0;0;0;0;0;0;0;0;0;0;0;0;0;0;0;0;0;0;0;0;0;0;0;Regular Season;0;0;0;0;0;0;0;0;0;0
1168;2002;3;22;American Airlines Center;0;12;26;0;0;0;0;0;0;0;0;0;0;0;0;;;;0;0;0;0;0;0;0;0;0;0;0;0;0;0;0;0;0;0;0;0;0;0;0;0;Regular Season;0;0;0;0;0;0;0;0;0;0
1169;2002;3;22;Madison Square Garden;0;10;227;0;0;0;0;0;0;0;0;0;0;0;0;;;;0;0;0;0;0;0;0;0;0;0;0;0;0;0;0;0;0;0;0;0;0;0;0;0;Regular Season;0;0;0;0;0;0;0;0;0;0
1170;2002;3;22;Scottrade Center;0;16;220;0;0;0;0;0;0;0;0;0;0;0;0;;;;0;0;0;0;0;0;0;0;0;0;0;0;0;0;0;0;0;0;0;0;0;0;0;0;Regular Season;0;0;0;0;0;0;0;0;0;0
1171;2002;3;22;Amalie Arena;0;217;0;0;0;0;0;0;0;0;0;0;0;0;0;;;;0;0;0;0;0;0;0;0;0;0;0;0;0;0;0;0;0;0;0;0;0;0;0;0;Regular Season;0;0;0;0;0;0;0;0;0;0
1172;2002;3;23;Nationwide Arena;0;229;22;0;0;0;0;0;0;0;0;0;0;0;0;;;;0;0;0;0;0;0;0;0;0;0;0;0;0;0;0;0;0;0;0;0;0;0;0;0;Regular Season;0;0;0;0;0;0;0;0;0;0
1173;2002;3;23;Pepsi Center;0;25;9;0;0;0;0;0;0;0;0;0;0;0;0;;;;0;0;0;0;0;0;0;0;0;0;0;0;0;0;0;0;0;0;0;0;0;0;0;0;Regular Season;0;0;0;0;0;0;0;0;0;0
1174;2002;3;23;Rexall Place;0;23;19;0;0;0;0;0;0;0;0;0;0;0;0;;;;0;0;0;0;0;0;0;0;0;0;0;0;0;0;0;0;0;0;0;0;0;0;0;0;Regular Season;0;0;0;0;0;0;0;0;0;0
1175;2002;3;23;BB&T Center;0;221;5;0;0;0;0;0;0;0;0;0;0;0;0;;;;0;0;0;0;0;0;0;0;0;0;0;0;0;0;0;0;0;0;0;0;0;0;0;0;Regular Season;0;0;0;0;0;0;0;0;0;0
1176;2002;3;23;Staples Center;0;11;214;0;0;0;0;0;0;0;0;0;0;0;0;;;;0;0;0;0;0;0;0;0;0;0;0;0;0;0;0;0;0;0;0;0;0;0;0;0;Regular Season;0;0;0;0;0;0;0;0;0;0
1177;2002;3;23;Brendan Byrne Arena;0;21;24;0;0;0;0;0;0;0;0;0;0;0;0;;;;0;0;0;0;0;0;0;0;0;0;0;0;0;0;0;0;0;0;0;0;0;0;0;0;Regular Season;0;0;0;0;0;0;0;0;0;0
1178;2002;3;23;Bridgestone Arena;0;224;0;0;0;0;0;0;0;0;0;0;0;0;0;;;;0;0;0;0;0;0;0;0;0;0;0;0;0;0;0;0;0;0;0;0;0;0;0;0;Regular Season;0;0;0;0;0;0;0;0;0;0
1179;2002;3;23;Nassau Veterans Memorial Coliseum;0;20;230;0;0;0;0;0;0;0;0;0;0;0;0;;;;0;0;0;0;0;0;0;0;0;0;0;0;0;0;0;0;0;0;0;0;0;0;0;0;Regular Season;0;0;0;0;0;0;0;0;0;0
1180;2002;3;23;Canadian Tire Centre;0;216;227;0;0;0;0;0;0;0;0;0;0;0;0;;;;0;0;0;0;0;0;0;0;0;0;0;0;0;0;0;0;0;0;0;0;0;0;0;0;Regular Season;0;0;0;0;0;0;0;0;0;0
1181;2002;3;23;Pittsburgh Civic Arena;0;15;14;0;0;0;0;0;0;0;0;0;0;0;0;;;;0;0;0;0;0;0;0;0;0;0;0;0;0;0;0;0;0;0;0;0;0;0;0;0;Regular Season;0;0;0;0;0;0;0;0;0;0
1182;2002;3;23;Air Canada Centre;0;3;17;0;0;0;0;0;0;0;0;0;0;0;0;;;;0;0;0;0;0;0;0;0;0;0;0;0;0;0;0;0;0;0;0;0;0;0;0;0;Regular Season;0;0;0;0;0;0;0;0;0;0
1183;2002;3;24;United Center;0;8;16;0;0;0;0;0;0;0;0;0;0;0;0;;;;0;0;0;0;0;0;0;0;0;0;0;0;0;0;0;0;0;0;0;0;0;0;0;0;Regular Season;0;0;0;0;0;0;0;0;0;0
1184;2002;3;24;American Airlines Center;0;12;220;0;0;0;0;0;0;0;0;0;0;0;0;;;;0;0;0;0;0;0;0;0;0;0;0;0;0;0;0;0;0;0;0;0;0;0;0;0;Regular Season;0;0;0;0;0;0;0;0;0;0
1185;2002;3;24;Canadian Tire Centre;0;216;17;0;0;0;0;0;0;0;0;0;0;0;0;;;;0;0;0;0;0;0;0;0;0;0;0;0;0;0;0;0;0;0;0;0;0;0;0;0;Regular Season;0;0;0;0;0;0;0;0;0;0
1186;2002;3;24;America West Arena;0;26;11;0;0;0;0;0;0;0;0;0;0;0;0;;;;0;0;0;0;0;0;0;0;0;0;0;0;0;0;0;0;0;0;0;0;0;0;0;0;Regular Season;0;0;0;0;0;0;0;0;0;0
1187;2002;3;24;Pittsburgh Civic Arena;0;15;22;0;0;0;0;0;0;0;0;0;0;0;0;;;;0;0;0;0;0;0;0;0;0;0;0;0;0;0;0;0;0;0;0;0;0;0;0;0;Regular Season;0;0;0;0;0;0;0;0;0;0
1188;2002;3;24;Amalie Arena;0;217;5;0;0;0;0;0;0;0;0;0;0;0;0;;;;0;0;0;0;0;0;0;0;0;0;0;0;0;0;0;0;0;0;0;0;0;0;0;0;Regular Season;0;0;0;0;0;0;0;0;0;0
1189;2002;3;24;Rogers Arena;0;18;23;0;0;0;0;0;0;0;0;0;0;0;0;;;;0;0;0;0;0;0;0;0;0;0;0;0;0;0;0;0;0;0;0;0;0;0;0;0;Regular Season;0;0;0;0;0;0;0;0;0;0
1190;2002;3;25;Scotiabank Saddledome;0;19;229;0;0;0;0;0;0;0;0;0;0;0;0;;;;0;0;0;0;0;0;0;0;0;0;0;0;0;0;0;0;0;0;0;0;0;0;0;0;Regular Season;0;0;0;0;0;0;0;0;0;0
1191;2002;3;25;Brendan Byrne Arena;0;21;221;0;0;0;0;0;0;0;0;0;0;0;0;;;;0;0;0;0;0;0;0;0;0;0;0;0;0;0;0;0;0;0;0;0;0;0;0;0;Regular Season;0;0;0;0;0;0;0;0;0;0
1192;2002;3;25;Bridgestone Arena;0;224;9;0;0;0;0;0;0;0;0;0;0;0;0;;;;0;0;0;0;0;0;0;0;0;0;0;0;0;0;0;0;0;0;0;0;0;0;0;0;Regular Season;0;0;0;0;0;0;0;0;0;0
1193;2002;3;25;Nassau Veterans Memorial Coliseum;0;20;10;0;0;0;0;0;0;0;0;0;0;0;0;;;;0;0;0;0;0;0;0;0;0;0;0;0;0;0;0;0;0;0;0;0;0;0;0;0;Regular Season;0;0;0;0;0;0;0;0;0;0
1194;2002;3;25;Wells Fargo Center;0;14;3;0;0;0;0;0;0;0;0;0;0;0;0;;;;0;0;0;0;0;0;0;0;0;0;0;0;0;0;0;0;0;0;0;0;0;0;0;0;Regular Season;0;0;0;0;0;0;0;0;0;0
1195;2002;3;26;KeyBank Center;0;17;22;0;0;0;0;0;0;0;0;0;0;0;0;;;;0;0;0;0;0;0;0;0;0;0;0;0;0;0;0;0;0;0;0;0;0;0;0;0;Regular Season;0;0;0;0;0;0;0;0;0;0
1196;2002;3;26;PNC Arena;0;24;5;0;0;0;0;0;0;0;0;0;0;0;0;;;;0;0;0;0;0;0;0;0;0;0;0;0;0;0;0;0;0;0;0;0;0;0;0;0;Regular Season;0;0;0;0;0;0;0;0;0;0
1197;2002;3;26;Rexall Place;0;23;229;0;0;0;0;0;0;0;0;0;0;0;0;;;;0;0;0;0;0;0;0;0;0;0;0;0;0;0;0;0;0;0;0;0;0;0;0;0;Regular Season;0;0;0;0;0;0;0;0;0;0
1198;2002;3;26;Bell Centre;0;0;221;0;0;0;0;0;0;0;0;0;0;0;0;;;;0;0;0;0;0;0;0;0;0;0;0;0;0;0;0;0;0;0;0;0;0;0;0;0;Regular Season;0;0;0;0;0;0;0;0;0;0
1199;2002;3;26;SAP Center;0;214;12;0;0;0;0;0;0;0;0;0;0;0;0;;;;0;0;0;0;0;0;0;0;0;0;0;0;0;0;0;0;0;0;0;0;0;0;0;0;Regular Season;0;0;0;0;0;0;0;0;0;0
1200;2002;3;26;Scottrade Center;0;16;230;0;0;0;0;0;0;0;0;0;0;0;0;;;;0;0;0;0;0;0;0;0;0;0;0;0;0;0;0;0;0;0;0;0;0;0;0;0;Regular Season;0;0;0;0;0;0;0;0;0;0
1201;2002;3;26;Air Canada Centre;0;3;217;0;0;0;0;0;0;0;0;0;0;0;0;;;;0;0;0;0;0;0;0;0;0;0;0;0;0;0;0;0;0;0;0;0;0;0;0;0;Regular Season;0;0;0;0;0;0;0;0;0;0
1202;2002;3;26;Rogers Arena;0;18;11;0;0;0;0;0;0;0;0;0;0;0;0;;;;0;0;0;0;0;0;0;0;0;0;0;0;0;0;0;0;0;0;0;0;0;0;0;0;Regular Season;0;0;0;0;0;0;0;0;0;0
1203;2002;3;27;Philips Arena;0;227;230;0;0;0;0;0;0;0;0;0;0;0;0;;;;0;0;0;0;0;0;0;0;0;0;0;0;0;0;0;0;0;0;0;0;0;0;0;0;Regular Season;0;0;0;0;0;0;0;0;0;0
1204;2002;3;27;United Center;0;8;224;0;0;0;0;0;0;0;0;0;0;0;0;;;;0;0;0;0;0;0;0;0;0;0;0;0;0;0;0;0;0;0;0;0;0;0;0;0;Regular Season;0;0;0;0;0;0;0;0;0;0
1205;2002;3;27;Honda Center;0;220;26;0;0;0;0;0;0;0;0;0;0;0;0;;;;0;0;0;0;0;0;0;0;0;0;0;0;0;0;0;0;0;0;0;0;0;0;0;0;Regular Season;0;0;0;0;0;0;0;0;0;0
1206;2002;3;27;Nassau Veterans Memorial Coliseum;0;20;216;0;0;0;0;0;0;0;0;0;0;0;0;;;;0;0;0;0;0;0;0;0;0;0;0;0;0;0;0;0;0;0;0;0;0;0;0;0;Regular Season;0;0;0;0;0;0;0;0;0;0
1207;2002;3;27;Madison Square Garden;0;10;14;0;0;0;0;0;0;0;0;0;0;0;0;;;;0;0;0;0;0;0;0;0;0;0;0;0;0;0;0;0;0;0;0;0;0;0;0;0;Regular Season;0;0;0;0;0;0;0;0;0;0
1208;2002;3;27;Pittsburgh Civic Arena;0;15;21;0;0;0;0;0;0;0;0;0;0;0;0;;;;0;0;0;0;0;0;0;0;0;0;0;0;0;0;0;0;0;0;0;0;0;0;0;0;Regular Season;0;0;0;0;0;0;0;0;0;0
1209;2002;3;28;PNC Arena;0;24;14;0;0;0;0;0;0;0;0;0;0;0;0;;;;0;0;0;0;0;0;0;0;0;0;0;0;0;0;0;0;0;0;0;0;0;0;0;0;Regular Season;0;0;0;0;0;0;0;0;0;0
1210;2002;3;28;Scotiabank Saddledome;0;19;12;0;0;0;0;0;0;0;0;0;0;0;0;;;;0;0;0;0;0;0;0;0;0;0;0;0;0;0;0;0;0;0;0;0;0;0;0;0;Regular Season;0;0;0;0;0;0;0;0;0;0
1211;2002;3;28;Joe Louis Arena;0;9;224;0;0;0;0;0;0;0;0;0;0;0;0;;;;0;0;0;0;0;0;0;0;0;0;0;0;0;0;0;0;0;0;0;0;0;0;0;0;Regular Season;0;0;0;0;0;0;0;0;0;0
1212;2002;3;28;Rexall Place;0;23;11;0;0;0;0;0;0;0;0;0;0;0;0;;;;0;0;0;0;0;0;0;0;0;0;0;0;0;0;0;0;0;0;0;0;0;0;0;0;Regular Season;0;0;0;0;0;0;0;0;0;0
1213;2002;3;28;Bell Centre;0;0;217;0;0;0;0;0;0;0;0;0;0;0;0;;;;0;0;0;0;0;0;0;0;0;0;0;0;0;0;0;0;0;0;0;0;0;0;0;0;Regular Season;0;0;0;0;0;0;0;0;0;0
1214;2002;3;28;Canadian Tire Centre;0;216;221;0;0;0;0;0;0;0;0;0;0;0;0;;;;0;0;0;0;0;0;0;0;0;0;0;0;0;0;0;0;0;0;0;0;0;0;0;0;Regular Season;0;0;0;0;0;0;0;0;0;0
1215;2002;3;28;America West Arena;0;26;220;0;0;0;0;0;0;0;0;0;0;0;0;;;;0;0;0;0;0;0;0;0;0;0;0;0;0;0;0;0;0;0;0;0;0;0;0;0;Regular Season;0;0;0;0;0;0;0;0;0;0
1216;2002;3;28;SAP Center;0;214;25;0;0;0;0;0;0;0;0;0;0;0;0;;;;0;0;0;0;0;0;0;0;0;0;0;0;0;0;0;0;0;0;0;0;0;0;0;0;Regular Season;0;0;0;0;0;0;0;0;0;0
1217;2002;3;28;Scottrade Center;0;16;17;0;0;0;0;0;0;0;0;0;0;0;0;;;;0;0;0;0;0;0;0;0;0;0;0;0;0;0;0;0;0;0;0;0;0;0;0;0;Regular Season;0;0;0;0;0;0;0;0;0;0
1218;2002;3;28;Air Canada Centre;0;3;20;0;0;0;0;0;0;0;0;0;0;0;0;;;;0;0;0;0;0;0;0;0;0;0;0;0;0;0;0;0;0;0;0;0;0;0;0;0;Regular Season;0;0;0;0;0;0;0;0;0;0
1219;2002;3;28;Rogers Arena;0;18;229;0;0;0;0;0;0;0;0;0;0;0;0;;;;0;0;0;0;0;0;0;0;0;0;0;0;0;0;0;0;0;0;0;0;0;0;0;0;Regular Season;0;0;0;0;0;0;0;0;0;0
1220;2002;3;29;Xcel Energy Center;0;230;8;0;0;0;0;0;0;0;0;0;0;0;0;;;;0;0;0;0;0;0;0;0;0;0;0;0;0;0;0;0;0;0;0;0;0;0;0;0;Regular Season;0;0;0;0;0;0;0;0;0;0
1221;2002;3;29;Brendan Byrne Arena;0;21;22;0;0;0;0;0;0;0;0;0;0;0;0;;;;0;0;0;0;0;0;0;0;0;0;0;0;0;0;0;0;0;0;0;0;0;0;0;0;Regular Season;0;0;0;0;0;0;0;0;0;0
1222;2002;3;30;TD Garden;0;5;24;0;0;0;0;0;0;0;0;0;0;0;0;;;;0;0;0;0;0;0;0;0;0;0;0;0;0;0;0;0;0;0;0;0;0;0;0;0;Regular Season;0;0;0;0;0;0;0;0;0;0
1223;2002;3;30;Scotiabank Saddledome;0;19;11;0;0;0;0;0;0;0;0;0;0;0;0;;;;0;0;0;0;0;0;0;0;0;0;0;0;0;0;0;0;0;0;0;0;0;0;0;0;Regular Season;0;0;0;0;0;0;0;0;0;0
1224;2002;3;30;Joe Louis Arena;0;9;227;0;0;0;0;0;0;0;0;0;0;0;0;;;;0;0;0;0;0;0;0;0;0;0;0;0;0;0;0;0;0;0;0;0;0;0;0;0;Regular Season;0;0;0;0;0;0;0;0;0;0
1225;2002;3;30;Rexall Place;0;23;12;0;0;0;0;0;0;0;0;0;0;0;0;;;;0;0;0;0;0;0;0;0;0;0;0;0;0;0;0;0;0;0;0;0;0;0;0;0;Regular Season;0;0;0;0;0;0;0;0;0;0
1226;2002;3;30;BB&T Center;0;221;10;0;0;0;0;0;0;0;0;0;0;0;0;;;;0;0;0;0;0;0;0;0;0;0;0;0;0;0;0;0;0;0;0;0;0;0;0;0;Regular Season;0;0;0;0;0;0;0;0;0;0
1227;2002;3;30;Bell Centre;0;0;15;0;0;0;0;0;0;0;0;0;0;0;0;;;;0;0;0;0;0;0;0;0;0;0;0;0;0;0;0;0;0;0;0;0;0;0;0;0;Regular Season;0;0;0;0;0;0;0;0;0;0
1228;2002;3;30;Bridgestone Arena;0;224;16;0;0;0;0;0;0;0;0;0;0;0;0;;;;0;0;0;0;0;0;0;0;0;0;0;0;0;0;0;0;0;0;0;0;0;0;0;0;Regular Season;0;0;0;0;0;0;0;0;0;0
1229;2002;3;30;Canadian Tire Centre;0;216;217;0;0;0;0;0;0;0;0;0;0;0;0;;;;0;0;0;0;0;0;0;0;0;0;0;0;0;0;0;0;0;0;0;0;0;0;0;0;Regular Season;0;0;0;0;0;0;0;0;0;0
1230;2002;3;30;Wells Fargo Center;0;14;17;0;0;0;0;0;0;0;0;0;0;0;0;;;;0;0;0;0;0;0;0;0;0;0;0;0;0;0;0;0;0;0;0;0;0;0;0;0;Regular Season;0;0;0;0;0;0;0;0;0;0
1231;2002;3;30;America West Arena;0;26;25;0;0;0;0;0;0;0;0;0;0;0;0;;;;0;0;0;0;0;0;0;0;0;0;0;0;0;0;0;0;0;0;0;0;0;0;0;0;Regular Season;0;0;0;0;0;0;0;0;0;0
1232;2002;3;30;SAP Center;0;214;229;0;0;0;0;0;0;0;0;0;0;0;0;;;;0;0;0;0;0;0;0;0;0;0;0;0;0;0;0;0;0;0;0;0;0;0;0;0;Regular Season;0;0;0;0;0;0;0;0;0;0
1233;2002;3;30;Air Canada Centre;0;3;21;0;0;0;0;0;0;0;0;0;0;0;0;;;;0;0;0;0;0;0;0;0;0;0;0;0;0;0;0;0;0;0;0;0;0;0;0;0;Regular Season;0;0;0;0;0;0;0;0;0;0
1234;2002;3;30;Rogers Arena;0;18;220;0;0;0;0;0;0;0;0;0;0;0;0;;;;0;0;0;0;0;0;0;0;0;0;0;0;0;0;0;0;0;0;0;0;0;0;0;0;Regular Season;0;0;0;0;0;0;0;0;0;0
1235;2002;3;30;Verizon Center;0;22;20;0;0;0;0;0;0;0;0;0;0;0;0;;;;0;0;0;0;0;0;0;0;0;0;0;0;0;0;0;0;0;0;0;0;0;0;0;0;Regular Season;0;0;0;0;0;0;0;0;0;0
1236;2002;3;31;United Center;0;8;230;0;0;0;0;0;0;0;0;0;0;0;0;;;;0;0;0;0;0;0;0;0;0;0;0;0;0;0;0;0;0;0;0;0;0;0;0;0;Regular Season;0;0;0;0;0;0;0;0;0;0
1237;2002;4;1;KeyBank Center;0;17;14;0;0;0;0;0;0;0;0;0;0;0;0;;;;0;0;0;0;0;0;0;0;0;0;0;0;0;0;0;0;0;0;0;0;0;0;0;0;Regular Season;0;0;0;0;0;0;0;0;0;0
1238;2002;4;1;Pepsi Center;0;25;224;0;0;0;0;0;0;0;0;0;0;0;0;;;;0;0;0;0;0;0;0;0;0;0;0;0;0;0;0;0;0;0;0;0;0;0;0;0;Regular Season;0;0;0;0;0;0;0;0;0;0
1239;2002;4;1;American Airlines Center;0;12;229;0;0;0;0;0;0;0;0;0;0;0;0;;;;0;0;0;0;0;0;0;0;0;0;0;0;0;0;0;0;0;0;0;0;0;0;0;0;Regular Season;0;0;0;0;0;0;0;0;0;0
1240;2002;4;1;Joe Louis Arena;0;9;3;0;0;0;0;0;0;0;0;0;0;0;0;;;;0;0;0;0;0;0;0;0;0;0;0;0;0;0;0;0;0;0;0;0;0;0;0;0;Regular Season;0;0;0;0;0;0;0;0;0;0
1241;2002;4;1;Nassau Veterans Memorial Coliseum;0;20;21;0;0;0;0;0;0;0;0;0;0;0;0;;;;0;0;0;0;0;0;0;0;0;0;0;0;0;0;0;0;0;0;0;0;0;0;0;0;Regular Season;0;0;0;0;0;0;0;0;0;0
1242;2002;4;1;America West Arena;0;26;16;0;0;0;0;0;0;0;0;0;0;0;0;;;;0;0;0;0;0;0;0;0;0;0;0;0;0;0;0;0;0;0;0;0;0;0;0;0;Regular Season;0;0;0;0;0;0;0;0;0;0
1243;2002;4;1;Pittsburgh Civic Arena;0;15;0;0;0;0;0;0;0;0;0;0;0;0;0;;;;0;0;0;0;0;0;0;0;0;0;0;0;0;0;0;0;0;0;0;0;0;0;0;0;Regular Season;0;0;0;0;0;0;0;0;0;0
1244;2002;4;1;Amalie Arena;0;217;10;0;0;0;0;0;0;0;0;0;0;0;0;;;;0;0;0;0;0;0;0;0;0;0;0;0;0;0;0;0;0;0;0;0;0;0;0;0;Regular Season;0;0;0;0;0;0;0;0;0;0
1245;2002;4;2;Scotiabank Saddledome;0;19;227;0;0;0;0;0;0;0;0;0;0;0;0;;;;0;0;0;0;0;0;0;0;0;0;0;0;0;0;0;0;0;0;0;0;0;0;0;0;Regular Season;0;0;0;0;0;0;0;0;0;0
1246;2002;4;2;Rexall Place;0;23;230;0;0;0;0;0;0;0;0;0;0;0;0;;;;0;0;0;0;0;0;0;0;0;0;0;0;0;0;0;0;0;0;0;0;0;0;0;0;Regular Season;0;0;0;0;0;0;0;0;0;0
1247;2002;4;2;Staples Center;0;11;18;0;0;0;0;0;0;0;0;0;0;0;0;;;;0;0;0;0;0;0;0;0;0;0;0;0;0;0;0;0;0;0;0;0;0;0;0;0;Regular Season;0;0;0;0;0;0;0;0;0;0
1248;2002;4;2;Canadian Tire Centre;0;216;24;0;0;0;0;0;0;0;0;0;0;0;0;;;;0;0;0;0;0;0;0;0;0;0;0;0;0;0;0;0;0;0;0;0;0;0;0;0;Regular Season;0;0;0;0;0;0;0;0;0;0
1249;2002;4;2;Wells Fargo Center;0;14;5;0;0;0;0;0;0;0;0;0;0;0;0;;;;0;0;0;0;0;0;0;0;0;0;0;0;0;0;0;0;0;0;0;0;0;0;0;0;Regular Season;0;0;0;0;0;0;0;0;0;0
1250;2002;4;2;SAP Center;0;214;220;0;0;0;0;0;0;0;0;0;0;0;0;;;;0;0;0;0;0;0;0;0;0;0;0;0;0;0;0;0;0;0;0;0;0;0;0;0;Regular Season;0;0;0;0;0;0;0;0;0;0
1251;2002;4;3;KeyBank Center;0;17;20;0;0;0;0;0;0;0;0;0;0;0;0;;;;0;0;0;0;0;0;0;0;0;0;0;0;0;0;0;0;0;0;0;0;0;0;0;0;Regular Season;0;0;0;0;0;0;0;0;0;0
1252;2002;4;3;PNC Arena;0;24;21;0;0;0;0;0;0;0;0;0;0;0;0;;;;0;0;0;0;0;0;0;0;0;0;0;0;0;0;0;0;0;0;0;0;0;0;0;0;Regular Season;0;0;0;0;0;0;0;0;0;0
1253;2002;4;3;United Center;0;8;224;0;0;0;0;0;0;0;0;0;0;0;0;;;;0;0;0;0;0;0;0;0;0;0;0;0;0;0;0;0;0;0;0;0;0;0;0;0;Regular Season;0;0;0;0;0;0;0;0;0;0
1254;2002;4;3;Pepsi Center;0;25;227;0;0;0;0;0;0;0;0;0;0;0;0;;;;0;0;0;0;0;0;0;0;0;0;0;0;0;0;0;0;0;0;0;0;0;0;0;0;Regular Season;0;0;0;0;0;0;0;0;0;0
1255;2002;4;3;American Airlines Center;0;12;16;0;0;0;0;0;0;0;0;0;0;0;0;;;;0;0;0;0;0;0;0;0;0;0;0;0;0;0;0;0;0;0;0;0;0;0;0;0;Regular Season;0;0;0;0;0;0;0;0;0;0
1256;2002;4;3;BB&T Center;0;221;15;0;0;0;0;0;0;0;0;0;0;0;0;;;;0;0;0;0;0;0;0;0;0;0;0;0;0;0;0;0;0;0;0;0;0;0;0;0;Regular Season;0;0;0;0;0;0;0;0;0;0
1257;2002;4;3;Honda Center;0;220;9;0;0;0;0;0;0;0;0;0;0;0;0;;;;0;0;0;0;0;0;0;0;0;0;0;0;0;0;0;0;0;0;0;0;0;0;0;0;Regular Season;0;0;0;0;0;0;0;0;0;0
1258;2002;4;3;Verizon Center;0;22;217;0;0;0;0;0;0;0;0;0;0;0;0;;;;0;0;0;0;0;0;0;0;0;0;0;0;0;0;0;0;0;0;0;0;0;0;0;0;Regular Season;0;0;0;0;0;0;0;0;0;0
1259;2002;4;4;TD Garden;0;5;20;0;0;0;0;0;0;0;0;0;0;0;0;;;;0;0;0;0;0;0;0;0;0;0;0;0;0;0;0;0;0;0;0;0;0;0;0;0;Regular Season;0;0;0;0;0;0;0;0;0;0
1260;2002;4;4;Nationwide Arena;0;229;224;0;0;0;0;0;0;0;0;0;0;0;0;;;;0;0;0;0;0;0;0;0;0;0;0;0;0;0;0;0;0;0;0;0;0;0;0;0;Regular Season;0;0;0;0;0;0;0;0;0;0
1261;2002;4;4;Scotiabank Saddledome;0;19;230;0;0;0;0;0;0;0;0;0;0;0;0;;;;0;0;0;0;0;0;0;0;0;0;0;0;0;0;0;0;0;0;0;0;0;0;0;0;Regular Season;0;0;0;0;0;0;0;0;0;0
1262;2002;4;4;Staples Center;0;11;9;0;0;0;0;0;0;0;0;0;0;0;0;;;;0;0;0;0;0;0;0;0;0;0;0;0;0;0;0;0;0;0;0;0;0;0;0;0;Regular Season;0;0;0;0;0;0;0;0;0;0
1263;2002;4;4;Wells Fargo Center;0;14;0;0;0;0;0;0;0;0;0;0;0;0;0;;;;0;0;0;0;0;0;0;0;0;0;0;0;0;0;0;0;0;0;0;0;0;0;0;0;Regular Season;0;0;0;0;0;0;0;0;0;0
1264;2002;4;4;SAP Center;0;214;26;0;0;0;0;0;0;0;0;0;0;0;0;;;;0;0;0;0;0;0;0;0;0;0;0;0;0;0;0;0;0;0;0;0;0;0;0;0;Regular Season;0;0;0;0;0;0;0;0;0;0
1265;2002;4;4;Amalie Arena;0;217;15;0;0;0;0;0;0;0;0;0;0;0;0;;;;0;0;0;0;0;0;0;0;0;0;0;0;0;0;0;0;0;0;0;0;0;0;0;0;Regular Season;0;0;0;0;0;0;0;0;0;0
1266;2002;4;4;Air Canada Centre;0;3;10;0;0;0;0;0;0;0;0;0;0;0;0;;;;0;0;0;0;0;0;0;0;0;0;0;0;0;0;0;0;0;0;0;0;0;0;0;0;Regular Season;0;0;0;0;0;0;0;0;0;0
1267;2002;4;5;Philips Arena;0;227;21;0;0;0;0;0;0;0;0;0;0;0;0;;;;0;0;0;0;0;0;0;0;0;0;0;0;0;0;0;0;0;0;0;0;0;0;0;0;Regular Season;0;0;0;0;0;0;0;0;0;0
1268;2002;4;5;KeyBank Center;0;17;221;0;0;0;0;0;0;0;0;0;0;0;0;;;;0;0;0;0;0;0;0;0;0;0;0;0;0;0;0;0;0;0;0;0;0;0;0;0;Regular Season;0;0;0;0;0;0;0;0;0;0
1269;2002;4;5;American Airlines Center;0;12;25;0;0;0;0;0;0;0;0;0;0;0;0;;;;0;0;0;0;0;0;0;0;0;0;0;0;0;0;0;0;0;0;0;0;0;0;0;0;Regular Season;0;0;0;0;0;0;0;0;0;0
1270;2002;4;5;Honda Center;0;220;23;0;0;0;0;0;0;0;0;0;0;0;0;;;;0;0;0;0;0;0;0;0;0;0;0;0;0;0;0;0;0;0;0;0;0;0;0;0;Regular Season;0;0;0;0;0;0;0;0;0;0
1271;2002;4;5;Scottrade Center;0;16;8;0;0;0;0;0;0;0;0;0;0;0;0;;;;0;0;0;0;0;0;0;0;0;0;0;0;0;0;0;0;0;0;0;0;0;0;0;0;Regular Season;0;0;0;0;0;0;0;0;0;0
1272;2002;4;5;Rogers Arena;0;18;230;0;0;0;0;0;0;0;0;0;0;0;0;;;;0;0;0;0;0;0;0;0;0;0;0;0;0;0;0;0;0;0;0;0;0;0;0;0;Regular Season;0;0;0;0;0;0;0;0;0;0
1273;2002;4;5;Verizon Center;0;22;216;0;0;0;0;0;0;0;0;0;0;0;0;;;;0;0;0;0;0;0;0;0;0;0;0;0;0;0;0;0;0;0;0;0;0;0;0;0;Regular Season;0;0;0;0;0;0;0;0;0;0
1274;2002;4;6;TD Garden;0;5;10;0;0;0;0;0;0;0;0;0;0;0;0;;;;0;0;0;0;0;0;0;0;0;0;0;0;0;0;0;0;0;0;0;0;0;0;0;0;Regular Season;0;0;0;0;0;0;0;0;0;0
1275;2002;4;6;Staples Center;0;11;23;0;0;0;0;0;0;0;0;0;0;0;0;;;;0;0;0;0;0;0;0;0;0;0;0;0;0;0;0;0;0;0;0;0;0;0;0;0;Regular Season;0;0;0;0;0;0;0;0;0;0
1276;2002;4;6;Bell Centre;0;0;229;0;0;0;0;0;0;0;0;0;0;0;0;;;;0;0;0;0;0;0;0;0;0;0;0;0;0;0;0;0;0;0;0;0;0;0;0;0;Regular Season;0;0;0;0;0;0;0;0;0;0
1277;2002;4;6;Bridgestone Arena;0;224;19;0;0;0;0;0;0;0;0;0;0;0;0;;;;0;0;0;0;0;0;0;0;0;0;0;0;0;0;0;0;0;0;0;0;0;0;0;0;Regular Season;0;0;0;0;0;0;0;0;0;0
1278;2002;4;6;Nassau Veterans Memorial Coliseum;0;20;22;0;0;0;0;0;0;0;0;0;0;0;0;;;;0;0;0;0;0;0;0;0;0;0;0;0;0;0;0;0;0;0;0;0;0;0;0;0;Regular Season;0;0;0;0;0;0;0;0;0;0
1279;2002;4;6;Wells Fargo Center;0;14;15;0;0;0;0;0;0;0;0;0;0;0;0;;;;0;0;0;0;0;0;0;0;0;0;0;0;0;0;0;0;0;0;0;0;0;0;0;0;Regular Season;0;0;0;0;0;0;0;0;0;0
1280;2002;4;6;SAP Center;0;214;9;0;0;0;0;0;0;0;0;0;0;0;0;;;;0;0;0;0;0;0;0;0;0;0;0;0;0;0;0;0;0;0;0;0;0;0;0;0;Regular Season;0;0;0;0;0;0;0;0;0;0
1281;2002;4;6;Air Canada Centre;0;3;221;0;0;0;0;0;0;0;0;0;0;0;0;;;;0;0;0;0;0;0;0;0;0;0;0;0;0;0;0;0;0;0;0;0;0;0;0;0;Regular Season;0;0;0;0;0;0;0;0;0;0
1282;2002;4;7;PNC Arena;0;24;227;0;0;0;0;0;0;0;0;0;0;0;0;;;;0;0;0;0;0;0;0;0;0;0;0;0;0;0;0;0;0;0;0;0;0;0;0;0;Regular Season;0;0;0;0;0;0;0;0;0;0
1283;2002;4;7;United Center;0;8;19;0;0;0;0;0;0;0;0;0;0;0;0;;;;0;0;0;0;0;0;0;0;0;0;0;0;0;0;0;0;0;0;0;0;0;0;0;0;Regular Season;0;0;0;0;0;0;0;0;0;0
1284;2002;4;7;Honda Center;0;220;12;0;0;0;0;0;0;0;0;0;0;0;0;;;;0;0;0;0;0;0;0;0;0;0;0;0;0;0;0;0;0;0;0;0;0;0;0;0;Regular Season;0;0;0;0;0;0;0;0;0;0
1285;2002;4;7;Brendan Byrne Arena;0;21;5;0;0;0;0;0;0;0;0;0;0;0;0;;;;0;0;0;0;0;0;0;0;0;0;0;0;0;0;0;0;0;0;0;0;0;0;0;0;Regular Season;0;0;0;0;0;0;0;0;0;0
1286;2002;4;7;Canadian Tire Centre;0;216;0;0;0;0;0;0;0;0;0;0;0;0;0;;;;0;0;0;0;0;0;0;0;0;0;0;0;0;0;0;0;0;0;0;0;0;0;0;0;Regular Season;0;0;0;0;0;0;0;0;0;0
1287;2002;4;7;Scottrade Center;0;16;25;0;0;0;0;0;0;0;0;0;0;0;0;;;;0;0;0;0;0;0;0;0;0;0;0;0;0;0;0;0;0;0;0;0;0;0;0;0;Regular Season;0;0;0;0;0;0;0;0;0;0
1288;2002;4;7;Amalie Arena;0;217;17;0;0;0;0;0;0;0;0;0;0;0;0;;;;0;0;0;0;0;0;0;0;0;0;0;0;0;0;0;0;0;0;0;0;0;0;0;0;Regular Season;0;0;0;0;0;0;0;0;0;0
1289;2002;4;7;Rogers Arena;0;18;26;0;0;0;0;0;0;0;0;0;0;0;0;;;;0;0;0;0;0;0;0;0;0;0;0;0;0;0;0;0;0;0;0;0;0;0;0;0;Regular Season;0;0;0;0;0;0;0;0;0;0
1290;2002;4;8;Staples Center;0;11;12;0;0;0;0;0;0;0;0;0;0;0;0;;;;0;0;0;0;0;0;0;0;0;0;0;0;0;0;0;0;0;0;0;0;0;0;0;0;Regular Season;0;0;0;0;0;0;0;0;0;0
1291;2002;4;8;Xcel Energy Center;0;230;214;0;0;0;0;0;0;0;0;0;0;0;0;;;;0;0;0;0;0;0;0;0;0;0;0;0;0;0;0;0;0;0;0;0;0;0;0;0;Regular Season;0;0;0;0;0;0;0;0;0;0
1292;2002;4;8;Nassau Veterans Memorial Coliseum;0;20;24;0;0;0;0;0;0;0;0;0;0;0;0;;;;0;0;0;0;0;0;0;0;0;0;0;0;0;0;0;0;0;0;0;0;0;0;0;0;Regular Season;0;0;0;0;0;0;0;0;0;0
1293;2002;4;8;Madison Square Garden;0;10;15;0;0;0;0;0;0;0;0;0;0;0;0;;;;0;0;0;0;0;0;0;0;0;0;0;0;0;0;0;0;0;0;0;0;0;0;0;0;Regular Season;0;0;0;0;0;0;0;0;0;0
1294;2002;4;8;Wells Fargo Center;0;14;221;0;0;0;0;0;0;0;0;0;0;0;0;;;;0;0;0;0;0;0;0;0;0;0;0;0;0;0;0;0;0;0;0;0;0;0;0;0;Regular Season;0;0;0;0;0;0;0;0;0;0
1295;2002;4;8;Air Canada Centre;0;3;229;0;0;0;0;0;0;0;0;0;0;0;0;;;;0;0;0;0;0;0;0;0;0;0;0;0;0;0;0;0;0;0;0;0;0;0;0;0;Regular Season;0;0;0;0;0;0;0;0;0;0
1296;2002;4;9;TD Garden;0;5;217;0;0;0;0;0;0;0;0;0;0;0;0;;;;0;0;0;0;0;0;0;0;0;0;0;0;0;0;0;0;0;0;0;0;0;0;0;0;Regular Season;0;0;0;0;0;0;0;0;0;0
1297;2002;4;9;Scotiabank Saddledome;0;19;26;0;0;0;0;0;0;0;0;0;0;0;0;;;;0;0;0;0;0;0;0;0;0;0;0;0;0;0;0;0;0;0;0;0;0;0;0;0;Regular Season;0;0;0;0;0;0;0;0;0;0
1298;2002;4;9;Pepsi Center;0;25;18;0;0;0;0;0;0;0;0;0;0;0;0;;;;0;0;0;0;0;0;0;0;0;0;0;0;0;0;0;0;0;0;0;0;0;0;0;0;Regular Season;0;0;0;0;0;0;0;0;0;0
1299;2002;4;9;Bell Centre;0;0;216;0;0;0;0;0;0;0;0;0;0;0;0;;;;0;0;0;0;0;0;0;0;0;0;0;0;0;0;0;0;0;0;0;0;0;0;0;0;Regular Season;0;0;0;0;0;0;0;0;0;0
1300;2002;4;9;Scottrade Center;0;16;224;0;0;0;0;0;0;0;0;0;0;0;0;;;;0;0;0;0;0;0;0;0;0;0;0;0;0;0;0;0;0;0;0;0;0;0;0;0;Regular Season;0;0;0;0;0;0;0;0;0;0
1301;2002;4;9;Verizon Center;0;22;8;0;0;0;0;0;0;0;0;0;0;0;0;;;;0;0;0;0;0;0;0;0;0;0;0;0;0;0;0;0;0;0;0;0;0;0;0;0;Regular Season;0;0;0;0;0;0;0;0;0;0
1302;2002;4;10;Philips Arena;0;227;221;0;0;0;0;0;0;0;0;0;0;0;0;;;;0;0;0;0;0;0;0;0;0;0;0;0;0;0;0;0;0;0;0;0;0;0;0;0;Regular Season;0;0;0;0;0;0;0;0;0;0
1303;2002;4;10;PNC Arena;0;24;217;0;0;0;0;0;0;0;0;0;0;0;0;;;;0;0;0;0;0;0;0;0;0;0;0;0;0;0;0;0;0;0;0;0;0;0;0;0;Regular Season;0;0;0;0;0;0;0;0;0;0
1304;2002;4;10;Nationwide Arena;0;229;214;0;0;0;0;0;0;0;0;0;0;0;0;;;;0;0;0;0;0;0;0;0;0;0;0;0;0;0;0;0;0;0;0;0;0;0;0;0;Regular Season;0;0;0;0;0;0;0;0;0;0
1305;2002;4;10;American Airlines Center;0;12;230;0;0;0;0;0;0;0;0;0;0;0;0;;;;0;0;0;0;0;0;0;0;0;0;0;0;0;0;0;0;0;0;0;0;0;0;0;0;Regular Season;0;0;0;0;0;0;0;0;0;0
1306;2002;4;10;Joe Louis Arena;0;9;8;0;0;0;0;0;0;0;0;0;0;0;0;;;;0;0;0;0;0;0;0;0;0;0;0;0;0;0;0;0;0;0;0;0;0;0;0;0;Regular Season;0;0;0;0;0;0;0;0;0;0
1307;2002;4;10;Rexall Place;0;23;26;0;0;0;0;0;0;0;0;0;0;0;0;;;;0;0;0;0;0;0;0;0;0;0;0;0;0;0;0;0;0;0;0;0;0;0;0;0;Regular Season;0;0;0;0;0;0;0;0;0;0
1308;2002;4;10;Brendan Byrne Arena;0;21;14;0;0;0;0;0;0;0;0;0;0;0;0;;;;0;0;0;0;0;0;0;0;0;0;0;0;0;0;0;0;0;0;0;0;0;0;0;0;Regular Season;0;0;0;0;0;0;0;0;0;0
1309;2002;4;10;Madison Square Garden;0;10;3;0;0;0;0;0;0;0;0;0;0;0;0;;;;0;0;0;0;0;0;0;0;0;0;0;0;0;0;0;0;0;0;0;0;0;0;0;0;Regular Season;0;0;0;0;0;0;0;0;0;0
1310;2002;4;10;Pittsburgh Civic Arena;0;15;17;0;0;0;0;0;0;0;0;0;0;0;0;;;;0;0;0;0;0;0;0;0;0;0;0;0;0;0;0;0;0;0;0;0;0;0;0;0;Regular Season;0;0;0;0;0;0;0;0;0;0
1311;2002;4;11;Bridgestone Arena;0;224;20;0;0;0;0;0;0;0;0;0;0;0;0;;;;0;0;0;0;0;0;0;0;0;0;0;0;0;0;0;0;0;0;0;0;0;0;0;0;Regular Season;0;0;0;0;0;0;0;0;0;0
1312;2002;4;11;Canadian Tire Centre;0;216;5;0;0;0;0;0;0;0;0;0;0;0;0;;;;0;0;0;0;0;0;0;0;0;0;0;0;0;0;0;0;0;0;0;0;0;0;0;0;Regular Season;0;0;0;0;0;0;0;0;0;0
1313;2002;4;11;Scottrade Center;0;16;214;0;0;0;0;0;0;0;0;0;0;0;0;;;;0;0;0;0;0;0;0;0;0;0;0;0;0;0;0;0;0;0;0;0;0;0;0;0;Regular Season;0;0;0;0;0;0;0;0;0;0
1314;2002;4;11;Rogers Arena;0;18;11;0;0;0;0;0;0;0;0;0;0;0;0;;;;0;0;0;0;0;0;0;0;0;0;0;0;0;0;0;0;0;0;0;0;0;0;0;0;Regular Season;0;0;0;0;0;0;0;0;0;0
1315;2002;4;12;KeyBank Center;0;17;22;0;0;0;0;0;0;0;0;0;0;0;0;;;;0;0;0;0;0;0;0;0;0;0;0;0;0;0;0;0;0;0;0;0;0;0;0;0;Regular Season;0;0;0;0;0;0;0;0;0;0
1316;2002;4;12;Nationwide Arena;0;229;227;0;0;0;0;0;0;0;0;0;0;0;0;;;;0;0;0;0;0;0;0;0;0;0;0;0;0;0;0;0;0;0;0;0;0;0;0;0;Regular Season;0;0;0;0;0;0;0;0;0;0
1317;2002;4;12;American Airlines Center;0;12;8;0;0;0;0;0;0;0;0;0;0;0;0;;;;0;0;0;0;0;0;0;0;0;0;0;0;0;0;0;0;0;0;0;0;0;0;0;0;Regular Season;0;0;0;0;0;0;0;0;0;0
1318;2002;4;12;Rexall Place;0;23;19;0;0;0;0;0;0;0;0;0;0;0;0;;;;0;0;0;0;0;0;0;0;0;0;0;0;0;0;0;0;0;0;0;0;0;0;0;0;Regular Season;0;0;0;0;0;0;0;0;0;0
1319;2002;4;12;BB&T Center;0;221;24;0;0;0;0;0;0;0;0;0;0;0;0;;;;0;0;0;0;0;0;0;0;0;0;0;0;0;0;0;0;0;0;0;0;0;0;0;0;Regular Season;0;0;0;0;0;0;0;0;0;0
1320;2002;4;12;Honda Center;0;220;25;0;0;0;0;0;0;0;0;0;0;0;0;;;;0;0;0;0;0;0;0;0;0;0;0;0;0;0;0;0;0;0;0;0;0;0;0;0;Regular Season;0;0;0;0;0;0;0;0;0;0
1321;2002;4;12;Brendan Byrne Arena;0;21;0;0;0;0;0;0;0;0;0;0;0;0;0;;;;0;0;0;0;0;0;0;0;0;0;0;0;0;0;0;0;0;0;0;0;0;0;0;0;Regular Season;0;0;0;0;0;0;0;0;0;0
1322;2002;4;12;America West Arena;0;26;230;0;0;0;0;0;0;0;0;0;0;0;0;;;;0;0;0;0;0;0;0;0;0;0;0;0;0;0;0;0;0;0;0;0;0;0;0;0;Regular Season;0;0;0;0;0;0;0;0;0;0
1323;2002;4;12;Pittsburgh Civic Arena;0;15;3;0;0;0;0;0;0;0;0;0;0;0;0;;;;0;0;0;0;0;0;0;0;0;0;0;0;0;0;0;0;0;0;0;0;0;0;0;0;Regular Season;0;0;0;0;0;0;0;0;0;0
1324;2002;4;12;Amalie Arena;0;217;20;0;0;0;0;0;0;0;0;0;0;0;0;;;;0;0;0;0;0;0;0;0;0;0;0;0;0;0;0;0;0;0;0;0;0;0;0;0;Regular Season;0;0;0;0;0;0;0;0;0;0
1325;2002;4;13;TD Garden;0;5;15;0;0;0;0;0;0;0;0;0;0;0;0;;;;0;0;0;0;0;0;0;0;0;0;0;0;0;0;0;0;0;0;0;0;0;0;0;0;Regular Season;0;0;0;0;0;0;0;0;0;0
1326;2002;4;13;Scotiabank Saddledome;0;19;18;0;0;0;0;0;0;0;0;0;0;0;0;;;;0;0;0;0;0;0;0;0;0;0;0;0;0;0;0;0;0;0;0;0;0;0;0;0;Regular Season;0;0;0;0;0;0;0;0;0;0
1327;2002;4;13;Bell Centre;0;0;17;0;0;0;0;0;0;0;0;0;0;0;0;;;;0;0;0;0;0;0;0;0;0;0;0;0;0;0;0;0;0;0;0;0;0;0;0;0;Regular Season;0;0;0;0;0;0;0;0;0;0
1328;2002;4;13;Canadian Tire Centre;0;216;3;0;0;0;0;0;0;0;0;0;0;0;0;;;;0;0;0;0;0;0;0;0;0;0;0;0;0;0;0;0;0;0;0;0;0;0;0;0;Regular Season;0;0;0;0;0;0;0;0;0;0
1329;2002;4;13;Wells Fargo Center;0;14;10;0;0;0;0;0;0;0;0;0;0;0;0;;;;0;0;0;0;0;0;0;0;0;0;0;0;0;0;0;0;0;0;0;0;0;0;0;0;Regular Season;0;0;0;0;0;0;0;0;0;0
1330;2002;4;13;SAP Center;0;214;11;0;0;0;0;0;0;0;0;0;0;0;0;;;;0;0;0;0;0;0;0;0;0;0;0;0;0;0;0;0;0;0;0;0;0;0;0;0;Regular Season;0;0;0;0;0;0;0;0;0;0
1331;2002;4;13;Scottrade Center;0;16;9;0;0;0;0;0;0;0;0;0;0;0;0;;;;0;0;0;0;0;0;0;0;0;0;0;0;0;0;0;0;0;0;0;0;0;0;0;0;Regular Season;0;0;0;0;0;0;0;0;0;0
1332;2002;4;13;Verizon Center;0;22;21;0;0;0;0;0;0;0;0;0;0;0;0;;;;0;0;0;0;0;0;0;0;0;0;0;0;0;0;0;0;0;0;0;0;0;0;0;0;Regular Season;0;0;0;0;0;0;0;0;0;0
1333;2002;4;14;Philips Arena;0;227;24;0;0;0;0;0;0;0;0;0;0;0;0;;;;0;0;0;0;0;0;0;0;0;0;0;0;0;0;0;0;0;0;0;0;0;0;0;0;Regular Season;0;0;0;0;0;0;0;0;0;0
1334;2002;4;14;United Center;0;8;229;0;0;0;0;0;0;0;0;0;0;0;0;;;;0;0;0;0;0;0;0;0;0;0;0;0;0;0;0;0;0;0;0;0;0;0;0;0;Regular Season;0;0;0;0;0;0;0;0;0;0
1335;2002;4;14;Pepsi Center;0;25;12;0;0;0;0;0;0;0;0;0;0;0;0;;;;0;0;0;0;0;0;0;0;0;0;0;0;0;0;0;0;0;0;0;0;0;0;0;0;Regular Season;0;0;0;0;0;0;0;0;0;0
1336;2002;4;14;Joe Louis Arena;0;9;16;0;0;0;0;0;0;0;0;0;0;0;0;;;;0;0;0;0;0;0;0;0;0;0;0;0;0;0;0;0;0;0;0;0;0;0;0;0;Regular Season;0;0;0;0;0;0;0;0;0;0
1337;2002;4;14;BB&T Center;0;221;217;0;0;0;0;0;0;0;0;0;0;0;0;;;;0;0;0;0;0;0;0;0;0;0;0;0;0;0;0;0;0;0;0;0;0;0;0;0;Regular Season;0;0;0;0;0;0;0;0;0;0
1338;2002;4;14;Staples Center;0;11;220;0;0;0;0;0;0;0;0;0;0;0;0;;;;0;0;0;0;0;0;0;0;0;0;0;0;0;0;0;0;0;0;0;0;0;0;0;0;Regular Season;0;0;0;0;0;0;0;0;0;0
1339;2002;4;14;Xcel Energy Center;0;230;23;0;0;0;0;0;0;0;0;0;0;0;0;;;;0;0;0;0;0;0;0;0;0;0;0;0;0;0;0;0;0;0;0;0;0;0;0;0;Regular Season;0;0;0;0;0;0;0;0;0;0
1340;2002;4;14;Nassau Veterans Memorial Coliseum;0;20;14;0;0;0;0;0;0;0;0;0;0;0;0;;;;0;0;0;0;0;0;0;0;0;0;0;0;0;0;0;0;0;0;0;0;0;0;0;0;Regular Season;0;0;0;0;0;0;0;0;0;0
1341;2002;4;14;America West Arena;0;26;224;0;0;0;0;0;0;0;0;0;0;0;0;;;;0;0;0;0;0;0;0;0;0;0;0;0;0;0;0;0;0;0;0;0;0;0;0;0;Regular Season;0;0;0;0;0;0;0;0;0;0
1343;2001;9;19;Rexall Place;15221;23;10;3;5;1;0;2;0;0;3;0;2;0;0;1738;1251;13021;54;64;61;35;28;18;11;9;6;10;39;30;5;13;12;0;12;11;6;0;1;5;2;8;Pre-Season;11;17;13;7;6;20;18;11;10;5
1345;2001;9;19;Staples Center;15088;11;217;4;1;1;2;1;0;0;0;1;0;0;0;12427;1801;1108;34;51;13;29;31;31;12;19;12;16;23;22;10;8;6;0;5;12;8;0;1;7;0;4;Pre-Season;4;19;7;2;2;9;19;13;7;3
1347;2001;9;19;Nationwide Arena;12204;229;230;2;4;0;1;1;0;0;1;1;2;0;0;12040;12625;1086;54;52;50;62;30;29;13;14;13;7;22;28;8;11;12;0;12;10;8;0;0;6;1;6;Pre-Season;10;25;10;9;0;13;12;11;9;7
1349;2001;9;19;KeyBank Center;19070;17;20;0;4;0;0;0;0;0;2;2;0;0;0;12079;12425;15011;43;38;8;6;15;16;9;7;8;9;20;17;7;8;10;0;11;4;7;0;0;3;0;4;Pre-Season;8;20;12;2;1;11;6;9;6;6
1351;2001;9;19;Brendan Byrne Arena;11469;21;12;3;1;0;1;2;0;0;0;0;1;0;0;16027;14539;12030;67;50;36;30;31;19;5;13;9;10;26;25;17;14;15;0;6;5;8;0;0;10;1;8;Pre-Season;7;25;13;9;13;14;19;11;6;0
1353;2001;9;19;America West Arena;9345;26;9;1;4;0;1;0;0;0;1;2;1;0;0;12535;13008;14990;46;42;29;27;13;14;12;12;11;12;27;19;4;18;6;0;8;4;5;0;0;7;3;7;Pre-Season;10;20;6;5;5;13;10;8;8;3
1355;2001;9;19;Bell Centre;21273;0;18;5;1;2;1;2;0;0;0;1;0;0;0;14146;12411;13100;72;44;20;36;15;7;13;13;12;10;30;23;22;10;21;0;5;10;3;0;1;9;0;5;Pre-Season;5;31;17;12;7;14;17;6;5;2
1357;2001;9;19;SAP Center;9358;214;16;4;2;0;1;3;0;0;1;0;1;0;0;501;14740;14565;66;54;35;37;28;26;12;14;11;14;28;25;12;8;11;0;11;11;8;0;1;6;0;5;Pre-Season;20;24;12;9;1;10;15;17;6;6
1359;2001;9;19;TD Garden;12053;5;3;5;3;1;0;4;0;0;1;1;1;0;0;698;16625;14485;48;57;29;21;16;20;13;16;10;13;25;36;5;11;13;0;10;11;12;0;1;8;0;7;Pre-Season;11;14;16;5;2;13;12;14;13;5
1361;2001;9;19;Scotiabank Saddledome;10942;19;227;4;1;1;1;2;0;0;1;0;0;0;0;1875;1517;14112;54;34;31;33;18;23;13;7;11;13;28;29;14;10;13;0;2;12;5;0;0;4;0;3;Pre-Season;5;26;14;6;3;11;9;4;4;6
1363;2001;9;19;BB&T Center;11865;221;15;2;5;1;0;1;0;0;1;3;1;0;0;12452;15472;14993;43;51;18;28;26;22;14;11;6;10;16;22;11;10;6;0;11;13;8;0;0;4;0;4;Pre-Season;12;12;11;2;6;6;16;10;11;8
1365;2001;9;19;Bridgestone Arena;10789;224;8;4;1;2;0;2;0;0;0;1;0;0;0;15084;1173;13604;56;51;13;17;20;25;7;10;14;14;27;30;8;13;13;0;11;13;7;0;0;6;0;4;Pre-Season;10;19;20;4;3;9;17;12;11;2
1367;2001;9;19;Canadian Tire Centre;20510;216;22;2;0;0;1;1;0;0;0;0;0;0;0;13702;14601;1326;44;53;34;54;20;21;10;9;11;12;27;26;7;11;11;0;8;12;8;0;1;7;0;7;Pre-Season;6;21;9;5;3;13;16;7;14;3
1369;2001;9;19;Wells Fargo Center;17635;14;220;5;4;1;2;2;0;0;2;2;0;0;0;13508;12501;13567;57;55;28;24;21;25;4;10;6;7;27;21;14;11;8;0;11;14;6;0;1;2;1;4;Pre-Season;10;20;18;7;2;12;17;10;13;3
1371;2001;9;19;PNC Arena;10327;24;25;3;3;1;1;1;0;0;1;1;1;0;0;14032;1409;14511;56;63;15;15;23;31;13;11;18;15;24;27;9;9;11;2;10;19;14;1;0;5;0;6;Pre-Season;9;23;13;9;2;5;15;14;20;9
1373;2001;9;20;Verizon Center;9060;22;224;2;5;1;0;1;0;0;1;2;2;0;0;15084;15002;14974;45;50;16;18;24;22;6;5;10;6;30;26;8;8;6;0;7;12;12;0;1;9;1;8;Pre-Season;9;17;13;6;0;7;16;10;14;3
1375;2001;9;20;Philips Arena;14104;227;10;4;3;1;2;0;1;0;1;0;2;0;0;13679;15106;15021;34;51;12;8;28;14;7;8;11;11;17;27;5;7;4;2;11;8;12;3;1;4;0;6;Pre-Season;8;11;8;4;3;9;19;12;8;3
1377;2001;9;20;KeyBank Center;16787;17;216;6;1;1;3;2;0;0;0;1;0;0;0;1853;14144;13811;37;41;28;23;24;27;9;10;4;12;32;19;7;14;6;0;6;7;6;0;2;5;0;4;Pre-Season;6;6;16;5;4;7;14;9;5;6
1379;2001;9;20;Scotiabank Saddledome;11178;19;11;1;4;1;0;0;0;0;1;2;1;0;0;989;1866;12551;43;43;10;8;34;30;10;15;10;7;30;18;11;6;11;0;5;8;8;0;0;4;1;5;Pre-Season;6;25;4;8;0;10;13;5;9;6
1381;2001;9;20;Pepsi Center;9655;25;0;2;3;1;0;1;0;0;0;1;2;0;0;12411;1491;1172;67;61;47;79;30;21;7;10;6;9;31;33;14;11;10;0;8;16;11;0;0;12;1;11;Pre-Season;8;28;16;8;7;12;16;14;10;9
1383;2001;9;20;Xcel Energy Center;13813;230;26;3;0;0;1;2;0;0;0;0;0;0;0;14140;7;13115;49;48;23;23;31;22;20;10;12;5;23;13;9;12;12;0;4;13;10;0;0;4;0;5;Pre-Season;6;17;13;8;5;7;18;13;5;5
1385;2001;9;20;SAP Center;10011;214;229;3;2;0;2;1;0;0;2;0;0;0;0;598;651;14565;54;38;16;26;17;13;8;19;9;14;18;30;14;12;13;0;10;8;5;0;1;8;0;3;Pre-Season;4;28;13;6;3;8;9;8;10;3
1387;2001;9;20;PNC Arena;10296;24;21;5;2;0;2;3;0;0;0;1;1;0;0;1711;12414;15079;61;65;15;15;27;18;16;13;8;6;24;33;7;13;13;0;24;15;10;0;0;5;1;5;Pre-Season;14;22;19;3;3;7;26;10;15;7
1389;2001;9;20;Joe Louis Arena;17930;9;8;4;1;1;1;2;0;0;0;1;0;0;0;13089;16013;14988;42;46;13;9;30;18;10;8;6;17;24;20;5;10;9;0;11;12;8;0;0;2;1;4;Pre-Season;7;18;12;4;1;8;14;11;9;4
1391;2001;9;20;Nassau Veterans Memorial Coliseum;11977;20;220;3;2;1;1;1;0;0;1;0;1;0;0;13342;14120;15012;48;42;23;13;24;20;7;8;7;13;21;20;14;6;7;0;10;9;9;0;0;4;1;4;Pre-Season;6;19;19;3;1;6;14;8;8;6
1393;2001;9;20;Amalie Arena;11559;217;16;4;5;2;2;0;0;0;1;3;0;1;0;14487;12428;13037;61;66;51;39;22;22;9;6;10;14;33;37;9;8;5;1;10;17;9;2;1;7;2;8;Pre-Season;15;20;15;7;4;10;20;14;12;10
1395;2001;9;20;TD Garden;13049;5;221;2;1;2;0;0;0;0;0;1;0;0;0;12475;15043;783;28;54;44;52;20;30;10;10;11;13;26;32;5;5;6;0;15;12;9;0;0;6;0;7;Pre-Season;9;11;4;2;2;6;18;17;6;7
1397;2001;9;20;American Airlines Center;8365;12;23;6;1;2;3;1;0;0;0;1;0;0;0;1418;15087;662;52;42;13;11;28;23;12;11;12;9;25;19;11;16;10;0;9;6;6;0;1;3;0;4;Pre-Season;4;21;8;8;11;9;12;10;5;6
1399;2001;9;20;Air Canada Centre;14150;3;15;2;4;1;1;0;0;0;1;2;1;0;0;13379;1051;14596;54;64;33;25;22;24;17;11;11;12;23;22;7;8;14;0;12;18;14;0;1;5;0;4;Pre-Season;14;17;13;7;3;6;17;17;15;9
1401;2001;9;20;Rogers Arena;9707;18;14;3;2;0;2;1;0;0;0;2;0;0;0;13626;154;12521;52;54;20;24;19;10;16;7;6;11;15;26;6;9;12;0;5;19;12;0;0;2;0;1;Pre-Season;14;17;15;3;3;6;18;12;15;3
1403;2001;9;22;Pepsi Center;8184;25;5;3;2;1;2;0;0;0;0;2;0;0;0;14574;14485;13083;59;46;17;15;30;19;19;10;9;10;24;21;14;12;5;0;7;12;5;0;1;6;0;6;Pre-Season;12;17;15;7;8;13;12;10;6;5
1405;2001;9;22;Wells Fargo Center;17372;14;23;4;4;1;0;3;0;0;2;0;2;0;0;13500;13615;966;47;67;15;13;39;24;13;13;14;21;39;25;9;6;12;2;8;12;9;7;0;4;1;5;Pre-Season;6;16;16;6;3;14;20;12;16;5
1407;2001;9;22;Honda Center;11623;220;11;5;2;0;1;4;0;0;0;1;1;0;0;12034;1104;1588;48;56;42;42;42;27;10;9;14;7;24;31;6;10;14;0;10;14;6;0;0;7;0;6;Pre-Season;9;18;13;6;2;17;13;16;6;4
1409;2001;9;22;Bell Centre;21273;0;21;5;2;2;2;1;0;0;0;2;0;0;0;960;13100;14094;64;34;17;21;26;21;8;12;11;8;24;28;18;12;13;0;2;6;5;0;1;4;1;6;Pre-Season;11;24;12;9;8;10;11;8;5;0
1411;2001;9;22;Madison Square Garden;13389;10;24;2;3;1;1;0;0;0;2;1;0;0;0;15485;338;13579;42;60;19;9;18;24;7;10;8;6;21;27;11;4;5;0;6;24;11;0;1;2;2;7;Pre-Season;12;16;7;3;4;9;24;9;12;6
1413;2001;9;22;Amalie Arena;12078;217;12;6;1;3;1;2;0;0;1;0;0;0;0;648;1842;1856;57;51;32;26;23;12;7;14;13;9;17;20;15;18;5;0;8;6;9;0;0;3;0;1;Pre-Season;3;21;20;8;5;16;8;12;10;5
1415;2001;9;22;Bridgestone Arena;11177;224;22;1;1;0;0;1;0;0;0;1;0;0;0;15525;14527;15476;56;51;22;18;24;20;7;8;13;16;29;26;6;8;16;5;11;9;6;1;0;4;0;6;Pre-Season;7;29;18;1;1;14;14;9;8;6
1417;2001;9;22;America West Arena;9454;26;214;3;3;0;2;1;0;0;0;1;2;0;0;12420;599;13079;58;57;27;23;30;24;16;11;9;12;33;16;6;10;15;1;11;6;11;2;0;4;2;6;Pre-Season;11;19;13;10;5;10;17;11;14;5
1419;2001;9;22;Philips Arena;15765;227;9;3;3;2;0;1;0;0;0;2;1;0;0;484;556;13075;29;47;13;7;17;14;9;10;8;10;22;15;8;1;6;3;7;11;16;1;0;1;1;4;Pre-Season;6;12;5;4;2;2;17;14;8;6
1421;2001;9;22;United Center;18085;8;230;3;2;2;0;1;0;0;0;1;1;0;0;13497;1086;1864;59;49;27;35;25;28;8;17;14;10;24;28;15;11;11;0;7;7;13;0;2;5;1;6;Pre-Season;7;27;11;7;7;11;13;13;10;2
1423;2001;9;22;Canadian Tire Centre;20510;216;15;3;2;0;0;2;1;0;0;2;0;0;0;1260;14084;15491;70;37;29;29;31;24;12;11;15;8;31;26;14;18;15;1;8;5;10;0;3;7;1;7;Pre-Season;8;32;17;8;5;9;12;7;8;1
1425;2001;9;22;Air Canada Centre;13452;3;19;1;4;1;0;0;0;0;2;1;1;0;0;14112;28;1258;51;49;41;45;21;28;14;15;6;8;31;31;9;9;2;0;10;11;9;0;0;6;0;8;Pre-Season;17;15;14;3;2;4;18;11;11;5
1427;2001;9;22;Rogers Arena;11528;18;20;2;5;0;2;0;0;0;2;1;2;0;0;691;509;12425;58;44;42;20;14;13;11;12;15;5;22;30;10;14;9;0;9;6;7;0;0;5;1;6;Pre-Season;15;19;12;6;6;13;13;9;6;3
1429;2001;9;22;Scottrade Center;12341;16;17;2;2;0;1;1;0;0;0;2;0;0;0;14965;15500;14549;44;64;21;11;20;19;8;12;8;12;32;34;7;6;6;1;9;16;10;3;0;3;1;8;Pre-Season;10;21;10;1;2;11;21;14;9;9
1431;2001;9;22;Nationwide Arena;12508;229;221;3;4;0;0;3;0;0;1;2;1;0;0;15043;16001;11997;45;41;37;33;18;32;8;7;9;6;29;29;4;7;8;0;6;16;6;0;0;5;1;6;Pre-Season;11;20;6;7;1;6;15;7;9;4
1433;2001;9;23;Nassau Veterans Memorial Coliseum;12834;20;227;5;1;2;3;0;0;0;1;0;0;0;0;12508;509;691;57;25;31;29;13;11;11;10;9;7;18;22;11;17;14;0;5;3;4;0;0;2;0;3;Pre-Season;4;11;12;18;12;11;2;7;4;1
1435;2001;9;23;Verizon Center;10346;22;18;4;1;2;0;2;0;0;1;0;0;0;0;12455;14527;1497;47;49;14;14;20;20;4;9;13;8;24;26;9;4;10;0;9;12;6;0;1;2;1;2;Pre-Season;12;23;7;5;0;8;14;18;7;2
1437;2001;9;23;SAP Center;9887;214;26;7;4;1;5;1;0;0;2;2;0;0;0;1445;12404;598;47;50;21;31;21;24;11;20;11;4;18;31;8;16;12;0;13;12;6;0;1;3;0;3;Pre-Season;5;18;14;8;2;11;18;12;3;6
1439;2001;9;23;Nationwide Arena;12702;229;216;2;3;0;1;1;0;0;0;0;3;0;0;375;359;12397;33;63;46;48;18;25;13;14;8;10;30;25;4;6;6;0;19;13;15;0;1;4;0;3;Pre-Season;10;11;7;3;2;3;22;19;12;7
1441;2001;9;23;Joe Louis Arena;16524;9;24;2;0;1;0;1;0;0;0;0;0;0;0;12524;13547;14988;38;40;18;20;19;18;9;10;9;12;20;21;6;4;9;0;3;13;12;0;0;5;0;4;Pre-Season;6;9;16;4;3;5;12;7;11;5
1443;2001;9;23;Rexall Place;15755;23;25;2;2;1;1;0;0;0;1;0;1;0;0;13510;14574;13505;56;68;17;13;20;26;11;13;12;4;23;34;5;7;9;2;13;17;13;1;0;5;0;6;Pre-Season;10;21;20;4;1;7;14;23;13;11
1445;2001;9;23;American Airlines Center;7642;12;14;1;4;0;0;1;0;0;2;1;1;0;0;1661;13508;15107;47;53;27;21;22;20;11;2;10;8;25;30;10;9;10;0;11;7;10;0;0;3;1;6;Pre-Season;8;21;13;4;1;11;18;11;7;6
1447;2001;9;23;TD Garden;11051;5;16;3;4;0;2;1;0;0;1;1;2;0;0;13588;698;15078;46;68;15;9;18;26;6;15;8;7;22;25;6;12;8;0;14;16;12;0;0;1;0;5;Pre-Season;7;20;7;7;5;15;19;16;14;4
1449;2001;9;23;Honda Center;8369;220;3;3;2;2;0;1;0;0;1;1;0;0;0;178;16539;696;64;48;34;36;33;19;4;13;8;7;27;21;17;16;9;0;8;6;4;0;1;3;0;2;Pre-Season;6;26;23;7;2;20;15;1;6;6
1451;2001;9;23;Amalie Arena;13104;217;0;1;2;1;0;0;0;0;1;0;1;0;0;13069;12459;960;52;51;11;15;22;20;10;12;6;16;24;16;10;10;7;0;10;13;10;0;0;5;0;3;Pre-Season;7;21;14;8;2;12;14;7;14;4
1453;2001;9;23;Pittsburgh Civic Arena;16670;15;8;4;5;1;2;1;0;0;0;2;2;1;0;11983;15472;12402;63;63;18;18;30;27;12;13;8;11;23;23;12;16;9;1;10;11;13;4;0;3;2;4;Pre-Season;8;29;19;5;2;8;18;18;12;7
1455;2001;9;23;Xcel Energy Center;13838;230;21;2;4;0;1;1;0;0;1;1;2;0;0;12074;146;12066;41;55;48;28;33;33;13;14;10;6;22;25;8;10;6;0;6;11;11;0;1;9;2;9;Pre-Season;7;15;12;5;2;9;20;14;10;2
1457;2001;9;23;KeyBank Center;17809;17;224;0;5;0;0;0;0;0;2;2;1;0;0;13073;14974;1173;45;51;57;43;22;22;5;4;12;6;25;36;7;11;12;0;18;17;2;0;0;9;1;6;Pre-Season;6;16;17;3;3;5;20;11;12;3
1459;2001;9;23;BB&T Center;10968;221;19;5;5;2;3;0;0;0;2;1;2;0;0;16061;6;14106;55;59;29;33;36;27;7;11;5;15;27;41;7;11;12;1;12;12;23;0;1;4;1;7;Pre-Season;15;19;11;5;5;4;27;11;8;9
1461;2001;9;23;Staples Center;14667;11;10;5;2;2;1;2;0;0;0;1;1;0;0;908;989;12551;59;46;16;22;31;21;11;7;10;13;25;24;16;13;10;0;6;9;7;0;1;6;0;3;Pre-Season;8;26;17;6;2;17;10;10;5;4
1463;2001;9;25;Staples Center;15512;11;9;2;1;1;0;1;0;0;1;0;0;0;0;12391;16013;908;52;43;36;36;30;16;19;11;12;11;19;23;8;11;15;0;8;2;8;0;0;3;0;3;Pre-Season;6;20;13;8;5;16;9;8;6;4
1465;2001;9;25;BB&T Center;9740;221;23;1;1;0;1;0;0;0;1;0;0;0;0;12081;13573;15043;40;56;21;27;31;24;11;17;15;8;16;36;5;6;7;2;12;13;5;4;0;6;1;4;Pre-Season;7;14;14;3;2;12;17;11;10;6
1467;2001;9;25;Canadian Tire Centre;20510;216;217;1;4;0;1;0;0;0;1;1;2;0;0;14141;12429;1042;49;40;22;28;22;25;11;10;13;8;34;18;11;11;12;0;7;10;6;0;1;4;1;6;Pre-Season;7;19;17;5;1;8;9;11;6;6
1469;2001;9;25;Pepsi Center;7443;25;18;5;2;3;1;1;0;0;0;0;2;0;0;1409;12518;951;53;42;23;41;25;17;4;13;5;12;20;27;12;10;12;0;10;8;6;0;1;3;0;4;Pre-Season;9;16;17;9;2;10;15;6;8;3
1471;2001;9;25;Bridgestone Arena;8967;224;16;4;2;1;1;2;0;0;1;1;0;0;0;15476;15065;14593;37;50;37;31;26;31;12;12;14;9;26;39;10;6;5;0;6;14;13;0;0;8;2;8;Pre-Season;7;19;7;2;2;9;16;11;8;6
1473;2001;9;25;TD Garden;12975;5;17;0;3;0;0;0;0;0;1;1;1;0;0;1290;23;12512;33;41;77;69;15;30;12;10;10;5;35;25;6;3;7;0;8;10;11;0;0;7;0;6;Pre-Season;10;12;8;3;0;0;12;20;8;1
1475;2001;9;25;United Center;18604;8;15;7;0;2;2;3;0;0;0;0;0;0;0;1651;14147;15103;52;33;32;14;33;30;14;12;5;13;28;14;13;11;7;0;5;9;3;0;1;3;0;6;Pre-Season;11;18;12;8;3;9;13;6;4;1
1477;2001;9;25;America West Arena;9098;26;227;3;1;0;0;3;0;0;1;0;0;0;0;13102;14562;147;41;27;27;43;16;23;13;10;9;8;22;16;6;5;15;0;3;6;1;0;2;11;1;6;Pre-Season;7;15;13;1;5;9;7;4;5;2
1479;2001;9;25;Xcel Energy Center;13880;230;214;1;3;0;0;1;0;0;1;0;2;0;0;12497;1213;12435;49;48;21;15;33;30;6;13;12;12;30;20;17;6;7;0;9;9;11;0;0;5;1;3;Pre-Season;5;16;18;8;2;10;10;16;10;2
1481;2001;9;25;Brendan Byrne Arena;13317;21;19;1;1;0;0;1;0;0;0;0;1;0;0;12030;28;12074;48;72;21;19;40;32;19;13;14;10;21;28;9;11;8;2;16;10;13;2;0;2;0;3;Pre-Season;9;18;12;5;4;13;24;15;15;5
1483;2001;9;25;Madison Square Garden;12668;10;0;0;5;0;0;0;0;0;2;1;2;0;0;12075;177;1635;44;57;13;13;8;22;9;9;14;5;16;18;4;6;3;0;21;7;13;0;0;4;0;4;Pre-Season;13;14;11;6;0;6;13;16;11;11
1485;2001;9;25;Wells Fargo Center;15700;14;229;3;2;0;1;2;0;0;0;0;2;0;0;14500;1167;154;39;45;8;4;24;21;10;8;15;16;23;26;9;7;7;0;8;10;12;0;0;2;0;4;Pre-Season;7;17;11;3;1;6;16;13;7;3
1487;2001;9;25;Air Canada Centre;13409;3;220;1;5;1;0;0;0;0;1;2;2;0;0;16060;12034;13024;43;44;30;26;34;25;7;5;6;16;29;20;10;12;6;0;9;10;8;0;1;3;1;5;Pre-Season;7;11;15;5;5;5;19;8;10;2
1489;2001;9;25;PNC Arena;11032;24;22;6;3;2;3;1;0;0;1;1;1;0;0;14033;12537;13537;52;36;17;13;33;24;11;6;10;7;27;25;16;11;8;0;6;4;7;0;1;4;1;6;Pre-Season;4;19;13;10;6;7;14;8;5;2
1491;2001;9;25;American Airlines Center;7955;12;20;2;5;2;0;0;0;0;0;2;3;0;0;12425;12488;196;49;54;28;18;16;15;15;14;12;11;21;29;11;9;4;0;6;15;14;0;1;4;0;4;Pre-Season;11;22;9;7;0;5;18;9;16;6
1493;2001;9;27;Verizon Center;8990;22;25;1;4;0;0;1;0;0;0;4;0;0;0;1538;14995;1409;47;54;18;14;26;21;7;9;13;6;26;24;6;4;15;0;16;11;6;0;0;2;0;4;Pre-Season;11;16;18;1;1;9;16;12;14;3
1495;2001;9;27;Brendan Byrne Arena;13577;21;230;5;0;3;0;2;0;0;0;0;0;0;0;1414;12030;12426;58;41;45;62;29;32;9;12;13;11;31;24;17;12;8;0;12;7;4;0;0;8;0;5;Pre-Season;3;28;13;8;6;11;12;12;4;2
1497;2001;9;27;TD Garden;13275;5;221;2;4;1;1;0;0;0;0;3;1;0;0;15043;724;11997;44;44;22;30;22;32;9;12;16;14;21;30;14;10;3;0;5;10;11;0;0;5;2;6;Pre-Season;7;17;15;3;2;4;15;13;9;3
1499;2001;9;27;Scotiabank Saddledome;11694;19;24;1;0;0;1;0;0;0;0;0;0;0;0;14112;1711;13503;51;38;12;16;15;16;4;13;10;11;24;20;10;16;6;0;12;1;8;0;1;3;0;2;Pre-Season;6;23;15;5;2;7;15;8;5;3
1501;2001;9;27;Joe Louis Arena;14758;9;12;1;2;1;0;0;0;0;1;0;1;0;0;5;588;14514;35;55;13;9;23;15;12;17;13;9;22;22;7;5;4;0;13;10;10;0;0;2;0;5;Pre-Season;13;12;7;1;2;7;19;16;12;1
1503;2001;9;27;Air Canada Centre;12637;3;11;3;3;1;0;2;0;0;1;0;2;0;0;14493;989;611;62;51;18;34;30;28;10;11;11;11;25;23;4;14;11;2;15;4;13;3;1;4;1;4;Pre-Season;15;24;14;5;4;8;16;6;11;10
1505;2001;9;27;Scottrade Center;10696;16;14;1;2;0;1;0;0;0;0;1;1;0;0;15107;13264;15065;64;57;2;4;27;24;12;10;5;8;23;23;15;16;9;0;16;4;18;0;0;2;0;2;Pre-Season;9;21;21;9;4;9;8;13;10;17
1507;2001;9;27;Bell Centre;21226;0;26;3;0;1;0;2;0;0;0;0;0;0;0;647;13597;177;47;48;43;37;28;21;15;11;11;7;28;16;11;12;11;0;14;5;8;0;0;1;0;4;Pre-Season;6;15;16;5;5;9;18;10;4;7
1509;2001;9;27;Rogers Arena;10231;18;224;4;2;2;1;1;0;0;0;1;1;0;0;13082;12071;13061;55;51;17;17;23;12;6;10;9;7;27;23;11;6;9;0;11;8;6;0;0;6;1;6;Pre-Season;12;24;16;3;0;8;21;15;4;3
1511;2001;9;27;SAP Center;11343;214;8;6;6;2;3;1;0;0;1;4;1;0;0;599;12513;12404;67;64;27;25;24;34;6;13;9;10;31;34;13;10;14;4;19;15;12;1;1;5;0;7;Pre-Season;16;20;20;10;1;9;19;22;12;2
1513;2001;9;27;Philips Arena;15639;227;220;2;5;1;0;1;0;0;1;1;3;0;0;14054;16060;12034;32;29;22;16;18;24;4;6;15;6;17;23;1;4;7;0;12;3;8;0;1;3;0;1;Pre-Season;6;16;5;5;0;3;7;9;8;2
1515;2001;9;27;Nationwide Arena;11624;229;20;2;2;0;1;1;0;0;0;2;0;0;0;12625;15011;651;51;45;18;18;19;19;12;6;9;14;16;31;4;4;7;0;9;14;8;3;1;5;0;4;Pre-Season;22;17;9;2;1;6;14;12;12;1
1517;2001;9;27;KeyBank Center;18329;17;15;2;0;1;1;0;0;0;0;0;0;0;0;1641;14962;1871;53;39;30;42;21;20;10;8;8;9;32;13;15;11;8;0;8;3;4;0;1;6;0;5;Pre-Season;4;26;10;11;2;12;11;11;2;3
1519;2001;9;27;Amalie Arena;12552;217;23;2;5;0;2;0;0;0;2;2;1;0;0;1528;13573;507;51;45;9;11;22;11;9;7;14;10;17;34;9;6;8;0;12;12;5;0;0;4;0;3;Pre-Season;10;26;9;4;2;6;15;9;12;3
1521;2001;9;27;Madison Square Garden;13579;10;216;4;2;1;0;3;0;0;1;0;1;0;0;13021;12397;12517;57;57;11;11;17;14;7;13;12;12;23;28;10;5;13;0;11;12;15;0;1;3;0;3;Pre-Season;18;14;17;6;2;6;19;13;12;7
1523;2001;9;28;BB&T Center;11133;221;15;2;0;0;0;2;0;0;0;0;0;0;0;12510;14118;49;52;42;43;35;32;33;13;6;15;6;22;37;9;15;9;0;9;9;10;0;0;5;0;4;Pre-Season;5;24;14;8;1;7;13;14;5;3
1525;2001;9;28;Philips Arena;15769;227;21;1;4;0;0;1;0;0;0;2;2;0;0;12074;12066;12030;34;33;13;27;36;24;9;10;18;8;18;23;11;7;7;0;5;9;5;0;0;6;0;4;Pre-Season;3;15;10;2;4;6;6;8;11;2
1527;2001;9;28;Madison Square Garden;12438;10;214;6;1;2;0;4;0;0;1;0;0;0;0;1210;16016;1738;37;50;10;12;19;21;12;9;14;8;16;25;5;3;13;0;10;14;9;0;2;6;0;5;Pre-Season;12;12;8;4;1;6;17;9;14;4
1529;2001;9;28;Staples Center;16094;11;8;1;2;1;0;0;0;0;1;0;1;0;0;13034;13099;11983;60;44;27;17;25;23;6;9;7;11;24;21;10;14;10;0;8;11;13;0;0;6;0;6;Pre-Season;10;31;16;1;2;5;11;7;18;3
1531;2001;9;28;Scottrade Center;12671;16;0;3;0;2;1;0;0;0;0;0;0;0;0;13550;15580;14545;39;45;11;7;20;21;6;16;8;11;22;18;10;4;5;0;12;7;9;0;0;1;0;3;Pre-Season;11;13;10;4;1;4;15;13;8;5
1533;2001;9;28;Honda Center;10246;220;230;6;2;1;1;4;0;0;1;0;1;0;0;1104;867;14766;51;39;27;33;34;28;11;13;9;10;25;20;11;8;12;0;8;0;8;0;2;4;0;6;Pre-Season;7;25;13;5;1;11;7;12;6;3
1535;2001;9;28;American Airlines Center;9291;12;25;1;5;1;0;0;0;0;2;2;1;0;0;13050;1491;1022;45;55;30;28;21;28;10;12;10;8;17;31;10;7;6;0;13;16;14;0;1;4;2;5;Pre-Season;14;16;11;2;2;2;17;13;15;8
1537;2001;9;28;Nassau Veterans Memorial Coliseum;12352;20;3;7;2;3;0;4;0;0;2;0;0;0;0;509;13342;196;57;43;9;13;27;21;6;16;6;6;24;23;10;13;14;0;5;9;3;0;2;5;0;2;Pre-Season;5;21;15;12;4;15;12;9;2;5
1539;2001;9;28;Scotiabank Saddledome;11565;19;17;1;2;0;0;1;0;0;2;0;0;0;0;2;14515;1641;36;54;13;27;16;12;9;17;11;9;25;32;9;6;7;0;10;17;7;0;0;7;1;4;Pre-Season;7;14;13;2;0;8;24;10;8;4
1541;2001;9;28;Rexall Place;16229;23;9;3;4;3;0;0;0;0;1;1;2;0;0;12535;293;556;56;41;34;26;27;26;10;6;6;12;23;28;11;12;11;0;6;5;10;0;0;3;0;2;Pre-Season;6;23;21;6;0;8;14;5;13;1
1543;2001;9;28;Wells Fargo Center;18653;14;22;1;5;0;1;0;0;0;0;1;4;0;0;13525;14601;12088;36;55;37;23;25;19;5;11;7;15;21;25;7;11;7;0;6;15;13;0;0;4;0;6;Pre-Season;6;13;13;2;2;10;17;9;15;4
1545;2001;9;28;America West Arena;8639;26;18;0;3;0;0;0;0;0;1;1;1;0;0;12480;1228;985;38;73;12;12;24;18;10;13;8;13;26;27;5;8;2;0;10;10;17;0;0;6;0;6;Pre-Season;11;12;6;7;2;14;30;18;6;5
1547;2001;9;28;TD Garden;11535;5;229;2;1;1;1;0;0;0;1;0;0;0;0;1508;12412;1736;47;54;7;7;19;21;17;12;9;6;22;18;6;11;5;0;10;12;5;0;0;1;0;1;Pre-Season;13;14;13;5;2;10;23;9;9;3
1549;2001;9;28;Canadian Tire Centre;20510;216;224;4;0;2;0;2;0;0;0;0;0;0;0;12027;1260;375;48;42;18;26;35;22;6;9;11;12;28;13;13;11;8;0;7;5;9;0;0;3;0;4;Pre-Season;5;20;12;8;3;11;11;10;5;5
1551;2001;9;28;PNC Arena;10361;24;217;4;3;3;0;0;1;0;1;2;0;0;0;13007;12459;378;44;64;37;27;27;25;14;11;12;9;24;24;11;7;9;1;21;10;10;0;2;6;1;6;Pre-Season;6;10;10;14;4;15;15;15;14;5
