StaffId;Executive;Manager;Coach;Scout;Trainer;Off Pref;Phy Pref;Line Matching;Goalie Handling;Favor Veterans;Innovation;Loyalty;Coaching G;Coaching Defense;Coaching Forwards;Coaching Prospects;Def Skills;Off Skills;Phy Training;Player Management;Motivation;Discipline;Negotiating;Self-Preservation;Tactics;Ingame Tactics;Trainer Skill;Evaluate Abilities;Evaluate Potential
0;10;15;20;15;1;Standard;Physical;Balanced;Balanced;Prefers Veterans;Balanced;Balanced;10;20;15;12;17;12;15;8;12;11;8;17;10;17;0;;14;14
1;10;15;20;15;1;Standard;Balanced;Aggressive;Aggressive;Balanced;Innovative;Ruthless;14;16;19;19;19;19;16;20;14;8;19;18;19;20;1;;19;17
2;1;10;10;20;1;Standard;Non-physical;Balanced;Balanced;Balanced;Balanced;Balanced;4;4;4;4;4;4;4;4;4;4;4;4;4;4;0;;14;14
3;1;15;15;20;1;Very Defensive;Non-physical;Aggressive;Balanced;Prefers Veterans;Innovative;Loyal;12;15;8;10;20;6;8;12;10;12;12;12;12;15;0;;16;14
4;1;10;20;20;1;Offensive;Physical;Aggressive;Aggressive;Prefers Veterans;Balanced;Loyal;7;7;7;7;7;7;7;3;7;3;3;3;7;7;0;;14;13
5;1;10;10;20;1;Standard;Non-physical;Balanced;Balanced;Balanced;Balanced;Balanced;4;4;4;4;4;4;4;4;4;4;4;4;4;4;0;;18;20
6;1;10;20;15;1;Defensive;Non-physical;Balanced;Balanced;Balanced;Balanced;Balanced;9;11;6;7;15;5;6;4;7;4;4;4;9;11;0;;13;12
7;1;5;15;20;1;Defensive;Very Non-Physical;Balanced;Conservative;Balanced;Balanced;Balanced;17;6;5;7;10;5;5;2;7;2;2;2;5;9;0;;13;13
8;1;10;15;20;1;Standard;Balanced;Balanced;Balanced;Balanced;Balanced;Balanced;6;6;6;6;6;6;6;4;6;4;4;4;6;6;0;;13;12
9;10;15;20;15;1;Standard;Balanced;Very Aggressive;Aggressive;Prefers Veterans;Innovative;Ruthless;11;13;15;15;15;15;13;13;14;11;11;11;18;17;1;;14;14
10;1;10;10;20;1;Standard;Balanced;Balanced;Balanced;Balanced;Balanced;Balanced;4;4;4;4;4;4;4;4;4;4;4;4;4;4;0;;14;14
11;1;10;10;20;1;Standard;Balanced;Balanced;Balanced;Balanced;Balanced;Balanced;4;4;4;4;4;4;4;4;4;4;4;4;4;4;0;;14;14
12;10;15;20;15;1;Standard;Physical;Balanced;Balanced;Prefers Veterans;Conservative;Balanced;10;14;20;10;14;16;16;6;12;17;10;9;10;16;0;;14;14
13;10;10;15;20;1;Defensive;Balanced;Aggressive;Balanced;Balanced;Balanced;Balanced;11;14;8;9;19;6;8;14;16;17;7;12;15;15;1;;13;12
14;1;10;15;20;1;Standard;Non-physical;Balanced;Balanced;Prefers Prospects;Balanced;Balanced;5;5;5;5;5;5;5;3;5;3;3;3;5;5;0;;14;14
15;1;5;20;20;1;Standard;Balanced;Balanced;Balanced;Balanced;Balanced;Balanced;6;6;6;6;6;6;6;1;6;1;1;1;6;6;0;;13;12
16;10;15;16;20;1;Standard;Balanced;Aggressive;Balanced;Balanced;Balanced;Balanced;9;9;9;9;9;9;9;8;9;8;8;8;9;9;0;;14;14
17;10;15;15;20;1;Defensive;Balanced;Balanced;Conservative;Balanced;Balanced;Balanced;20;11;9;13;17;9;9;18;13;7;18;7;9;15;0;;16;17
18;1;15;20;15;1;Standard;Balanced;Balanced;Balanced;Prefers Veterans;Balanced;Loyal;13;20;20;9;13;16;16;12;13;12;12;12;6;20;0;;13;12
19;1;15;20;15;1;Standard;Balanced;Balanced;Balanced;Balanced;Balanced;Balanced;5;10;10;16;12;12;10;13;18;17;9;8;5;12;0;;14;13
20;1;5;15;20;1;Defensive;Balanced;Balanced;Conservative;Balanced;Balanced;Balanced;12;5;4;6;8;4;4;2;6;2;2;2;4;7;0;;13;12
21;15;15;10;20;1;Standard;Balanced;Balanced;Balanced;Balanced;Balanced;Balanced;8;8;8;8;8;8;8;16;15;6;17;15;8;8;1;;16;17
22;15;15;5;20;1;Standard;Balanced;Balanced;Balanced;Balanced;Balanced;Balanced;1;1;1;1;1;1;1;5;1;5;5;5;1;1;0;;14;16
23;19;20;20;20;1;Standard;Physical;Aggressive;Balanced;Balanced;Balanced;Balanced;11;11;11;11;11;11;11;11;11;11;11;11;11;11;0;;14;14
24;10;15;10;20;1;Defensive;Balanced;Balanced;Balanced;Balanced;Balanced;Loyal;8;8;8;8;8;8;8;12;8;12;12;12;8;8;0;;14;15
25;1;10;15;20;1;Standard;Balanced;Balanced;Balanced;Balanced;Balanced;Balanced;9;9;9;9;9;9;9;6;9;6;6;6;9;9;0;;13;12
26;15;15;10;20;1;Offensive;Balanced;Balanced;Balanced;Balanced;Balanced;Balanced;4;10;6;5;7;5;6;6;5;9;6;15;4;7;0;;14;14
27;1;10;20;15;1;Standard;Balanced;Balanced;Balanced;Balanced;Balanced;Balanced;8;20;11;10;13;10;11;5;10;5;5;5;8;13;0;;13;12
28;10;15;15;20;1;Standard;Balanced;Balanced;Balanced;Balanced;Balanced;Loyal;7;7;7;7;7;7;7;11;7;4;11;4;7;7;0;;14;14
29;10;15;15;20;1;Defensive;Balanced;Balanced;Conservative;Balanced;Balanced;Balanced;16;7;6;8;11;6;6;8;8;8;8;8;6;10;0;;14;16
30;10;15;10;20;1;Standard;Balanced;Balanced;Balanced;Balanced;Balanced;Balanced;6;6;6;6;6;6;6;9;6;9;9;9;6;6;0;;14;14
31;10;15;15;20;1;Standard;Balanced;Balanced;Balanced;Balanced;Balanced;Balanced;5;8;12;5;8;9;9;12;7;3;8;8;5;9;0;;15;14
32;10;15;15;20;1;Defensive;Balanced;Aggressive;Balanced;Balanced;Balanced;Balanced;9;12;7;8;16;5;7;9;8;9;9;9;9;12;0;;14;14
33;10;15;20;15;1;Standard;Balanced;Balanced;Balanced;Prefers Veterans;Balanced;Loyal;13;19;20;13;19;20;20;18;17;17;20;16;16;17;1;;17;16
34;15;15;10;20;1;Standard;Balanced;Balanced;Balanced;Balanced;Innovative;Balanced;6;6;6;6;6;6;6;13;6;5;13;5;6;6;0;;14;14
35;10;15;20;15;1;Standard;Balanced;Balanced;Balanced;Balanced;Balanced;Balanced;12;12;12;12;12;12;12;9;12;9;9;9;12;12;0;;14;14
36;15;15;15;20;1;Standard;Balanced;Balanced;Balanced;Balanced;Balanced;Balanced;5;7;12;5;7;9;9;7;6;7;7;7;5;9;0;;14;14
37;1;15;20;20;1;Offensive;Balanced;Balanced;Aggressive;Loves Prospects;Balanced;Balanced;7;12;12;4;7;8;8;6;7;6;6;6;3;13;0;;13;12
38;10;10;20;15;1;Standard;Balanced;Very Aggressive;Balanced;Balanced;Innovative;Balanced;8;10;12;12;12;12;10;6;8;6;6;6;12;20;0;;13;12
39;1;10;20;20;1;Standard;Balanced;Balanced;Balanced;Prefers Prospects;Balanced;Balanced;3;4;4;6;4;4;4;2;4;2;2;2;2;4;0;;14;14
40;1;10;20;15;1;Standard;Balanced;Balanced;Balanced;Balanced;Balanced;Balanced;6;15;9;7;10;7;9;4;7;4;4;4;6;10;0;;13;12
41;10;15;20;15;1;Standard;Physical;Balanced;Very Aggressive;Balanced;Innovative;Very Ruthless;14;14;14;14;14;14;14;13;18;20;11;11;14;14;1;;14;14
42;10;15;15;20;1;Defensive;Balanced;Balanced;Balanced;Balanced;Balanced;Balanced;8;10;5;7;14;4;5;8;7;8;8;8;8;10;0;;15;14
43;1;5;15;20;1;Defensive;Balanced;Balanced;Conservative;Balanced;Conservative;Very Loyal;12;5;4;6;8;4;4;2;6;2;2;2;4;7;0;;13;12
44;1;10;10;20;1;Defensive;Balanced;Balanced;Balanced;Balanced;Balanced;Balanced;5;5;5;5;5;5;5;5;5;5;5;5;5;5;0;;19;20
45;1;5;20;20;1;Defensive;Balanced;Balanced;Conservative;Balanced;Balanced;Balanced;16;7;6;9;11;6;6;2;9;2;2;2;6;10;0;;13;12
46;1;10;20;20;1;Offensive;Balanced;Balanced;Balanced;Balanced;Balanced;Balanced;6;15;9;7;10;7;9;4;7;4;4;4;6;10;0;;13;13
47;1;10;20;20;1;Offensive;Non-physical;Balanced;Balanced;Prefers Prospects;Innovative;Balanced;7;9;9;13;9;9;9;4;10;4;4;4;5;9;0;;13;12
48;15;15;15;20;1;Standard;Balanced;Balanced;Balanced;Balanced;Balanced;Balanced;5;7;11;5;7;8;8;7;6;7;7;7;5;8;0;;14;14
49;15;15;10;20;1;Standard;Balanced;Balanced;Balanced;Balanced;Balanced;Balanced;8;8;8;8;8;8;8;12;8;12;17;15;8;8;0;;16;17
50;10;20;15;18;1;Offensive;Balanced;Aggressive;Balanced;Loves Prospects;Innovative;Balanced;4;5;6;6;6;6;5;8;4;8;8;8;6;11;0;;15;16
51;1;10;20;15;1;Standard;Balanced;Aggressive;Balanced;Balanced;Balanced;Balanced;6;13;13;20;16;16;13;4;20;18;8;6;16;16;1;;13;12
52;1;10;15;20;1;Standard;Non-physical;Aggressive;Balanced;Prefers Prospects;Innovative;Balanced;3;4;5;5;5;5;4;3;3;3;3;3;5;9;0;;14;14
53;10;15;20;15;1;Offensive;Balanced;Balanced;Balanced;Prefers Veterans;Balanced;Balanced;7;12;12;14;15;15;17;11;14;16;6;18;5;10;1;;14;14
54;1;10;15;20;1;Standard;Non-physical;Balanced;Balanced;Prefers Prospects;Balanced;Balanced;6;6;6;6;6;6;6;4;6;4;4;4;6;6;0;;14;14
55;1;10;15;20;1;Standard;Non-physical;Balanced;Balanced;Balanced;Balanced;Balanced;4;6;9;4;6;7;7;4;5;4;4;4;4;7;0;;14;14
56;1;10;15;20;1;Standard;Non-physical;Balanced;Balanced;Balanced;Balanced;Balanced;4;10;6;5;7;5;6;4;5;4;4;4;4;7;0;;14;14
57;10;15;10;20;1;Standard;Balanced;Balanced;Balanced;Balanced;Balanced;Balanced;4;4;4;4;4;4;4;6;4;6;6;6;4;4;0;;14;14
58;1;15;15;20;1;Defensive;Non-physical;Aggressive;Balanced;Balanced;Innovative;Balanced;7;9;5;6;12;4;5;7;6;7;7;7;7;9;0;;15;14
59;1;5;15;20;1;Standard;Balanced;Balanced;Balanced;Balanced;Balanced;Balanced;4;4;4;4;4;4;4;1;4;1;1;1;4;4;0;;13;12
60;1;5;20;15;1;Defensive;Balanced;Balanced;Balanced;Balanced;Balanced;Balanced;7;9;5;6;12;4;5;1;6;1;1;1;7;9;0;;13;12
61;1;10;20;16;1;Standard;Balanced;Aggressive;Balanced;Balanced;Innovative;Balanced;5;6;7;7;7;7;6;3;5;3;3;3;7;14;0;;13;12
62;1;5;15;20;1;Standard;Balanced;Balanced;Balanced;Balanced;Balanced;Balanced;4;10;6;5;7;5;6;2;5;2;2;2;4;7;0;;13;12
63;1;5;20;15;1;Standard;Balanced;Balanced;Balanced;Balanced;Balanced;Balanced;10;10;10;10;10;10;10;2;10;2;2;2;10;10;0;;13;12
64;1;10;20;20;1;Defensive;Balanced;Aggressive;Balanced;Balanced;Balanced;Balanced;9;11;6;7;15;5;6;4;7;4;4;4;9;11;0;;13;12
65;1;10;15;20;1;Offensive;Balanced;Aggressive;Balanced;Balanced;Balanced;Balanced;5;12;7;6;8;6;7;4;6;4;4;4;5;8;0;;13;12
66;1;10;15;20;1;Standard;Balanced;Very Aggressive;Balanced;Prefers Prospects;Very Innovative;Loyal;7;8;10;10;10;10;8;14;17;6;6;11;17;17;0;;13;15
67;10;15;20;15;1;Offensive;Balanced;Balanced;Balanced;Balanced;Balanced;Loyal;12;16;20;12;16;19;19;18;14;12;17;13;12;19;1;;14;14
68;1;10;15;20;1;Offensive;Very Physical;Passive;Balanced;Balanced;Conservative;Very Loyal;1;2;2;3;3;3;2;9;10;9;2;4;1;3;1;;13;14
69;10;15;15;20;1;Standard;Balanced;Balanced;Balanced;Balanced;Balanced;Balanced;4;6;10;4;6;7;7;6;5;6;6;6;4;7;0;;15;15
70;1;10;20;15;1;Standard;Balanced;Balanced;Balanced;Balanced;Balanced;Balanced;6;15;9;7;10;7;9;4;7;4;4;4;6;10;0;;13;12
71;1;5;20;15;1;Defensive;Balanced;Balanced;Balanced;Balanced;Balanced;Balanced;8;10;6;7;14;4;6;2;7;2;2;2;8;10;0;;13;12
72;10;15;15;20;1;Standard;Physical;Balanced;Balanced;Prefers Veterans;Innovative;Balanced;7;10;15;7;10;11;11;16;8;15;10;10;7;11;0;;14;15
73;1;10;15;20;1;Standard;Balanced;Balanced;Balanced;Prefers Prospects;Balanced;Ruthless;5;5;5;5;5;5;5;3;5;3;3;3;5;5;0;;13;14
74;1;5;15;20;1;Standard;Balanced;Balanced;Balanced;Balanced;Balanced;Balanced;17;6;6;6;6;6;6;2;6;2;2;2;6;6;0;;13;12
75;1;15;15;20;1;Offensive;Balanced;Balanced;Balanced;Balanced;Balanced;Loyal;4;6;10;4;6;7;7;6;5;6;6;6;4;7;0;;17;16
76;1;10;20;20;1;Standard;Balanced;Balanced;Balanced;Balanced;Balanced;Balanced;8;8;8;8;8;8;8;4;8;4;4;4;8;8;0;;13;12
77;10;20;15;15;1;Offensive;Balanced;Balanced;Balanced;Balanced;Balanced;Balanced;5;12;7;6;8;6;7;8;6;7;15;8;5;8;0;;14;14
78;1;5;20;20;1;Standard;Balanced;Balanced;Balanced;Balanced;Balanced;Balanced;6;8;13;6;8;9;9;2;7;2;2;2;6;9;0;;13;12
79;1;10;20;15;1;Defensive;Balanced;Balanced;Conservative;Balanced;Balanced;Balanced;16;7;6;9;11;6;6;4;9;4;4;4;6;10;0;;13;12
80;1;10;20;15;1;Standard;Balanced;Balanced;Balanced;Balanced;Balanced;Balanced;6;15;9;7;10;7;9;4;7;4;4;4;6;10;0;;13;12
81;1;10;20;15;1;Defensive;Balanced;Balanced;Conservative;Balanced;Balanced;Balanced;16;7;6;9;11;6;6;4;9;4;4;4;6;10;0;;13;12
82;1;5;20;15;1;Defensive;Balanced;Balanced;Conservative;Balanced;Balanced;Balanced;20;9;8;11;14;8;8;2;11;2;2;2;8;12;0;;13;13
83;1;10;20;15;1;Defensive;Balanced;Balanced;Balanced;Balanced;Balanced;Balanced;10;13;7;8;17;5;7;5;8;5;5;5;10;13;0;;13;12
84;15;15;10;20;1;Standard;Balanced;Balanced;Balanced;Balanced;Balanced;Loyal;8;8;8;8;8;8;8;16;8;6;15;15;8;8;0;;16;17
85;15;15;20;15;1;Standard;Balanced;Balanced;Balanced;Balanced;Balanced;Balanced;8;11;18;8;11;13;13;8;9;8;8;8;8;13;0;;14;14
86;1;10;20;15;1;Standard;Balanced;Balanced;Balanced;Balanced;Balanced;Balanced;7;17;10;8;11;8;10;5;8;5;5;5;7;11;0;;14;13
87;1;5;20;20;1;Standard;Balanced;Balanced;Conservative;Balanced;Balanced;Balanced;15;7;6;8;10;6;6;2;8;2;2;2;6;9;0;;13;12
88;1;10;15;20;1;Offensive;Balanced;Balanced;Balanced;Balanced;Balanced;Balanced;7;7;7;7;7;7;7;4;7;4;4;4;7;7;0;;13;12
89;10;15;20;15;1;Standard;Balanced;Passive;Aggressive;Balanced;Balanced;Loyal;7;11;11;4;7;8;8;14;12;10;4;11;11;11;1;;14;14
90;10;15;20;15;1;Standard;Balanced;Balanced;Balanced;Balanced;Conservative;Ruthless;7;12;12;5;7;8;8;12;13;6;10;12;3;14;0;;14;14
91;1;10;15;20;1;Standard;Balanced;Aggressive;Balanced;Balanced;Balanced;Balanced;5;7;11;5;7;8;8;4;6;4;4;4;5;8;0;;13;12
92;10;15;10;20;1;Standard;Balanced;Balanced;Balanced;Balanced;Balanced;Balanced;4;4;4;4;4;4;4;7;4;7;7;7;4;4;0;;14;14
93;10;20;15;15;1;Standard;Balanced;Balanced;Balanced;Prefers Veterans;Balanced;Balanced;5;12;7;6;8;6;7;12;6;16;8;15;5;8;0;;14;14
94;1;10;20;20;1;Standard;Balanced;Balanced;Balanced;Balanced;Balanced;Balanced;8;8;8;8;8;8;8;4;8;4;4;4;8;8;0;;13;12
95;10;15;15;20;1;Standard;Balanced;Balanced;Balanced;Balanced;Balanced;Balanced;2;3;5;2;3;4;4;3;3;3;3;3;2;4;0;;14;14
96;15;15;10;20;1;Standard;Balanced;Balanced;Balanced;Balanced;Balanced;Balanced;4;4;4;4;4;4;4;6;4;6;6;6;4;4;0;;15;15
97;1;10;20;16;1;Offensive;Balanced;Balanced;Balanced;Balanced;Balanced;Balanced;6;8;13;6;8;9;9;4;7;4;4;4;6;9;0;;13;12
98;10;15;15;20;1;Standard;Balanced;Balanced;Balanced;Balanced;Balanced;Balanced;4;6;10;4;6;7;7;9;5;6;9;15;4;7;1;;14;14
99;10;15;20;15;1;Standard;Balanced;Balanced;Balanced;Balanced;Balanced;Balanced;6;9;14;6;9;10;10;7;8;7;7;7;6;10;0;;14;14
100;10;15;15;20;1;Standard;Balanced;Balanced;Balanced;Balanced;Balanced;Balanced;5;13;7;6;8;6;7;7;6;15;12;7;5;8;0;;12;14
101;1;10;20;15;1;Standard;Non-physical;Balanced;Balanced;Prefers Prospects;Innovative;Balanced;5;7;11;7;5;15;6;4;7;4;4;4;9;11;0;;13;14
102;1;10;20;15;1;Defensive;Physical;Balanced;Conservative;Balanced;Balanced;Balanced;19;9;7;10;13;7;7;5;10;5;5;5;7;12;0;;13;12
103;1;10;20;20;1;Standard;Physical;Balanced;Balanced;Balanced;Balanced;Balanced;5;5;5;5;5;5;5;4;5;1;2;2;5;5;0;;13;12
104;1;10;16;20;1;Offensive;Balanced;Balanced;Balanced;Balanced;Balanced;Balanced;2;3;5;2;3;4;4;3;3;0;2;2;2;4;0;;13;12
105;10;20;16;20;1;Standard;Balanced;Balanced;Conservative;Balanced;Balanced;Balanced;15;7;5;8;10;5;5;7;8;9;7;15;5;9;0;;15;13
106;10;10;20;20;1;Standard;Physical;Balanced;Balanced;Prefers Veterans;Conservative;Very Loyal;8;8;8;8;8;8;8;4;8;4;4;4;8;8;0;;13;12
107;1;5;20;20;1;Standard;Balanced;Balanced;Balanced;Balanced;Balanced;Balanced;4;9;5;4;6;4;5;1;4;1;1;1;4;6;0;;13;12
108;20;5;1;1;1;Standard;Balanced;Balanced;Balanced;Balanced;Balanced;Balanced;0;0;0;0;0;0;0;3;0;3;17;3;0;0;0;;10;10
109;1;10;15;20;1;Standard;Balanced;Balanced;Balanced;Balanced;Balanced;Balanced;6;6;6;6;6;6;6;4;6;4;4;4;6;6;0;;13;12
110;10;15;15;20;1;Standard;Balanced;Balanced;Balanced;Balanced;Balanced;Balanced;4;4;4;4;4;4;4;4;4;3;7;4;4;4;0;;14;14
111;10;15;15;20;1;Defensive;Balanced;Balanced;Conservative;Balanced;Balanced;Balanced;13;6;5;7;9;5;5;7;7;7;7;7;5;8;0;;14;14
112;20;5;1;1;1;Standard;Balanced;Balanced;Balanced;Balanced;Balanced;Balanced;0;0;0;0;0;0;0;2;0;2;2;2;0;0;0;;10;10
113;1;5;15;20;1;Standard;Balanced;Aggressive;Balanced;Prefers Prospects;Innovative;Balanced;3;3;4;4;4;4;3;1;3;1;1;1;4;8;0;;13;12
114;15;15;15;20;1;Standard;Balanced;Balanced;Balanced;Balanced;Balanced;Balanced;4;6;10;4;6;7;7;6;5;6;6;6;4;7;0;;13;12
115;1;10;10;20;1;Standard;Balanced;Balanced;Balanced;Balanced;Balanced;Balanced;4;4;4;4;4;4;4;4;4;4;4;4;4;4;0;;14;14
116;1;15;15;20;1;Standard;Physical;Balanced;Balanced;Prefers Prospects;Balanced;Balanced;5;5;5;5;5;5;5;5;5;5;5;5;5;5;0;;16;16
117;10;15;20;15;1;Standard;Balanced;Balanced;Balanced;Balanced;Balanced;Balanced;10;10;10;10;10;10;10;7;10;7;9;15;10;10;0;;14;14
118;15;15;15;20;1;Standard;Balanced;Aggressive;Balanced;Balanced;Balanced;Balanced;6;8;13;6;8;9;9;8;7;8;8;8;6;9;0;;14;14
119;1;10;15;20;1;Offensive;Balanced;Balanced;Balanced;Balanced;Balanced;Balanced;4;6;9;4;6;7;7;4;5;4;4;4;4;7;0;;14;14
120;1;10;15;20;1;Offensive;Balanced;Balanced;Balanced;Prefers Prospects;Balanced;Balanced;2;2;2;4;2;2;2;1;3;1;1;1;1;2;0;;13;12
121;1;10;10;20;1;Standard;Balanced;Balanced;Balanced;Balanced;Balanced;Balanced;4;4;4;4;4;4;4;4;4;4;4;4;4;4;0;;14;14
122;1;10;15;20;1;Standard;Non-physical;Balanced;Balanced;Balanced;Balanced;Balanced;8;8;8;8;8;8;8;5;8;5;5;5;8;8;0;;18;18
123;1;10;10;20;1;Standard;Balanced;Balanced;Balanced;Balanced;Balanced;Balanced;3;3;3;3;3;3;3;3;3;3;3;3;3;3;0;;14;14
124;1;5;20;20;1;Standard;Balanced;Balanced;Balanced;Balanced;Balanced;Balanced;6;6;6;6;6;6;6;1;6;1;1;1;6;6;0;;13;12
125;10;15;10;20;1;Standard;Balanced;Balanced;Balanced;Balanced;Balanced;Balanced;5;5;5;5;5;5;5;8;5;8;8;8;5;5;0;;14;14
126;1;10;20;20;1;Offensive;Balanced;Balanced;Balanced;Balanced;Balanced;Balanced;6;15;9;7;10;7;9;4;7;4;4;4;6;10;0;;13;12
127;1;10;15;20;1;Offensive;Balanced;Balanced;Balanced;Prefers Veterans;Balanced;Loyal;5;7;12;5;7;9;9;3;6;8;5;4;5;9;0;;15;14
128;15;15;20;15;1;Standard;Physical;Balanced;Aggressive;Prefers Veterans;Balanced;Balanced;9;12;20;9;12;14;14;5;10;17;13;8;9;14;0;;15;13
129;15;10;15;20;1;Standard;Balanced;Aggressive;Balanced;Balanced;Innovative;Balanced;4;5;6;6;6;6;5;4;4;4;4;4;6;12;0;;13;12
130;10;15;15;20;1;Standard;Balanced;Balanced;Balanced;Balanced;Balanced;Balanced;6;6;6;6;6;6;6;6;6;6;6;6;6;6;0;;14;14
131;10;15;15;20;1;Offensive;Physical;Passive;Aggressive;Prefers Prospects;Conservative;Loyal;1;2;3;1;2;2;2;2;2;2;2;2;1;2;0;;15;16
132;1;5;15;20;1;Offensive;Balanced;Balanced;Balanced;Balanced;Balanced;Balanced;4;6;9;4;6;7;7;2;5;2;2;2;4;7;0;;13;12
133;1;10;20;15;1;Standard;Balanced;Aggressive;Balanced;Balanced;Balanced;Balanced;8;11;18;8;11;13;13;5;10;5;5;5;8;13;0;;13;12
134;1;10;15;20;1;Defensive;Balanced;Balanced;Balanced;Balanced;Balanced;Balanced;4;11;6;5;7;5;6;4;5;4;4;4;4;7;0;;13;12
135;20;5;1;1;1;Standard;Balanced;Balanced;Balanced;Balanced;Balanced;Balanced;0;0;0;0;0;0;0;3;0;3;3;3;0;0;0;;10;10
136;15;19;19;20;1;Standard;Physical;Passive;Balanced;Prefers Veterans;Conservative;Loyal;3;5;7;3;5;5;5;2;4;7;5;4;3;5;0;;16;15
137;10;20;15;15;1;Standard;Balanced;Balanced;Balanced;Balanced;Balanced;Balanced;7;7;7;7;7;7;7;9;7;9;9;9;7;7;0;;14;16
138;15;10;20;15;1;Standard;Balanced;Balanced;Balanced;Balanced;Balanced;Balanced;8;8;8;8;8;8;8;4;8;4;4;4;8;8;0;;13;12
139;1;10;15;20;1;Standard;Balanced;Balanced;Balanced;Balanced;Balanced;Balanced;4;6;10;4;6;7;7;4;5;4;4;4;4;7;0;;13;12
140;1;10;20;15;1;Standard;Balanced;Balanced;Balanced;Balanced;Balanced;Balanced;8;8;8;8;8;8;8;4;8;4;4;4;8;8;0;;13;12
141;1;10;15;20;1;Standard;Balanced;Balanced;Balanced;Balanced;Balanced;Balanced;6;6;6;6;6;6;6;4;6;4;4;4;6;6;0;;13;12
142;10;10;15;20;1;Offensive;Balanced;Balanced;Balanced;Balanced;Balanced;Balanced;4;6;10;4;6;7;7;4;5;4;4;4;4;7;0;;15;15
143;1;15;15;20;1;Offensive;Physical;Balanced;Balanced;Balanced;Balanced;Balanced;6;6;6;6;6;6;6;6;6;6;6;6;6;6;0;;14;14
144;1;10;15;20;1;Standard;Balanced;Balanced;Balanced;Balanced;Balanced;Balanced;6;6;6;6;6;6;6;4;6;4;4;4;6;6;0;;14;13
145;1;10;10;20;1;Standard;Balanced;Balanced;Balanced;Balanced;Balanced;Balanced;4;4;4;4;4;4;4;4;4;4;4;4;4;4;0;;14;14
146;1;10;20;15;1;Standard;Balanced;Balanced;Balanced;Balanced;Balanced;Balanced;6;9;14;6;9;10;10;4;7;4;4;4;6;10;0;;13;12
147;1;10;20;15;1;Standard;Balanced;Balanced;Balanced;Balanced;Innovative;Balanced;7;7;7;7;7;7;7;3;7;3;3;3;7;7;0;;13;12
148;1;10;10;20;1;Standard;Balanced;Balanced;Balanced;Balanced;Balanced;Balanced;4;4;4;4;4;4;4;4;4;4;4;4;4;4;0;;15;16
149;10;10;20;19;1;Defensive;Balanced;Aggressive;Balanced;Balanced;Balanced;Balanced;9;11;6;7;15;5;6;4;7;4;4;4;9;11;0;;13;12
150;10;15;15;20;1;Standard;Balanced;Balanced;Balanced;Balanced;Balanced;Balanced;4;10;6;5;7;5;6;6;5;6;6;6;4;7;0;;14;14
151;1;10;15;20;1;Standard;Balanced;Balanced;Balanced;Balanced;Balanced;Balanced;4;10;6;5;7;5;6;4;5;4;4;4;4;7;0;;14;14
152;1;10;10;20;1;Standard;Balanced;Balanced;Balanced;Balanced;Balanced;Balanced;4;4;4;4;4;4;4;4;4;4;4;4;4;4;0;;15;15
153;1;5;20;20;1;Standard;Balanced;Balanced;Balanced;Balanced;Balanced;Balanced;6;9;14;6;9;10;10;2;7;2;2;2;6;10;0;;13;12
154;10;15;15;20;1;Standard;Non-physical;Balanced;Balanced;Balanced;Balanced;Ruthless;6;6;6;6;6;6;6;6;6;6;6;6;6;6;0;;14;14
155;1;10;10;20;1;Standard;Balanced;Balanced;Balanced;Balanced;Balanced;Balanced;4;4;4;4;4;4;4;4;4;4;4;4;4;4;0;;17;18
156;1;10;15;20;1;Standard;Balanced;Balanced;Balanced;Balanced;Conservative;Loyal;4;4;4;4;4;4;4;3;4;3;3;3;4;4;0;;13;12
157;1;10;15;20;1;Defensive;Balanced;Balanced;Conservative;Balanced;Balanced;Balanced;11;5;4;6;8;4;4;4;6;4;4;4;4;7;0;;14;14
158;1;10;10;20;1;Standard;Balanced;Balanced;Balanced;Balanced;Balanced;Balanced;2;2;2;2;2;2;2;2;2;2;2;2;2;2;0;;14;14
159;1;10;10;20;1;Standard;Balanced;Balanced;Balanced;Balanced;Balanced;Balanced;4;4;4;4;4;4;4;4;4;4;4;4;4;4;0;;14;14
160;1;5;15;20;1;Standard;Balanced;Balanced;Balanced;Balanced;Balanced;Balanced;2;3;5;2;3;3;3;1;2;1;1;1;2;3;0;;13;12
161;1;10;15;20;1;Standard;Balanced;Balanced;Balanced;Balanced;Balanced;Balanced;6;6;6;6;6;6;6;4;6;4;4;4;6;6;0;;14;14
162;10;15;10;20;1;Standard;Balanced;Balanced;Balanced;Balanced;Balanced;Balanced;5;5;5;5;5;5;5;7;5;7;7;7;5;5;0;;16;16
163;1;10;10;20;1;Standard;Balanced;Balanced;Balanced;Balanced;Balanced;Balanced;4;4;4;4;4;4;4;4;4;4;4;4;4;4;0;;14;14
164;1;15;10;20;1;Standard;Balanced;Aggressive;Balanced;Balanced;Balanced;Balanced;4;4;4;4;4;4;4;7;4;7;7;7;4;4;0;;18;18
165;15;20;15;15;1;Standard;Balanced;Balanced;Balanced;Balanced;Balanced;Balanced;8;8;8;8;8;8;8;11;8;11;13;11;8;8;0;;14;16
166;1;10;20;18;1;Defensive;Balanced;Balanced;Balanced;Balanced;Balanced;Balanced;9;11;6;7;15;5;6;4;7;4;4;4;9;11;0;;13;12
167;10;15;15;20;1;Standard;Balanced;Balanced;Balanced;Balanced;Balanced;Balanced;5;7;11;5;7;8;8;7;6;7;7;7;5;8;0;;14;14
168;1;10;19;20;1;Standard;Balanced;Balanced;Balanced;Prefers Prospects;Balanced;Balanced;5;6;6;9;6;6;6;3;7;3;3;3;3;6;0;;13;12
169;1;10;20;15;1;Standard;Balanced;Balanced;Balanced;Balanced;Balanced;Ruthless;10;10;10;10;10;10;10;14;10;11;5;9;13;14;0;;13;12
170;1;10;15;20;1;Offensive;Non-physical;Balanced;Balanced;Balanced;Balanced;Balanced;4;6;10;4;6;7;7;4;5;4;4;4;4;7;0;;15;15
171;1;5;20;15;1;Standard;Physical;Balanced;Balanced;Balanced;Balanced;Balanced;6;15;9;7;10;7;9;2;7;2;2;2;6;10;0;;13;12
172;1;10;20;15;1;Standard;Balanced;Balanced;Balanced;Balanced;Balanced;Balanced;9;9;9;9;9;9;9;4;9;4;4;4;9;9;0;;13;12
173;1;10;20;15;1;Standard;Non-physical;Balanced;Balanced;Balanced;Innovative;Balanced;8;8;8;8;8;8;8;4;8;4;4;4;8;8;0;;13;12
174;1;10;20;20;1;Standard;Balanced;Balanced;Balanced;Balanced;Balanced;Balanced;8;8;8;8;8;8;8;4;8;4;4;4;8;8;0;;13;12
175;1;5;20;18;1;Standard;Balanced;Balanced;Balanced;Balanced;Balanced;Balanced;6;14;8;7;9;7;8;2;7;2;2;2;6;9;0;;13;12
176;1;10;15;20;1;Standard;Balanced;Balanced;Balanced;Balanced;Balanced;Balanced;4;6;9;4;6;7;7;4;5;4;4;4;4;7;0;;14;14
177;1;5;15;20;1;Standard;Balanced;Balanced;Balanced;Balanced;Balanced;Balanced;1;2;4;1;2;2;2;0;2;0;0;0;1;2;0;;13;12
178;1;10;15;20;1;Standard;Balanced;Balanced;Balanced;Balanced;Balanced;Balanced;7;7;7;7;7;7;7;5;7;5;5;5;7;7;0;;13;12
179;1;10;10;20;1;Standard;Balanced;Balanced;Balanced;Balanced;Balanced;Balanced;4;4;4;4;4;4;4;4;4;4;4;4;4;4;0;;14;14
180;1;10;10;20;1;Standard;Non-physical;Balanced;Balanced;Balanced;Balanced;Balanced;4;4;4;4;4;4;4;4;4;4;4;4;4;4;0;;14;14
181;1;5;20;20;1;Standard;Balanced;Balanced;Balanced;Balanced;Balanced;Balanced;8;8;8;8;8;8;8;2;8;2;2;2;8;8;0;;13;12
182;1;10;20;20;1;Standard;Balanced;Balanced;Balanced;Balanced;Balanced;Balanced;6;6;6;6;6;6;6;3;6;3;3;3;6;6;0;;13;12
183;1;10;20;20;1;Defensive;Balanced;Balanced;Conservative;Balanced;Balanced;Balanced;16;7;6;9;11;6;6;4;9;4;4;4;6;10;0;;13;12
184;1;10;20;15;1;Standard;Physical;Passive;Balanced;Balanced;Conservative;Balanced;9;9;9;9;9;9;9;4;9;4;4;4;9;9;0;;13;12
185;1;10;20;15;1;Offensive;Balanced;Balanced;Balanced;Balanced;Very Innovative;Balanced;5;8;13;8;5;17;7;5;8;5;5;6;16;15;0;;13;12
186;1;10;20;20;1;Standard;Balanced;Balanced;Balanced;Balanced;Balanced;Balanced;5;5;5;5;5;5;5;2;5;2;2;2;5;5;0;;13;12
187;1;10;20;15;1;Offensive;Balanced;Balanced;Balanced;Balanced;Balanced;Balanced;8;11;17;8;11;12;12;5;9;5;5;5;8;12;0;;13;12
188;1;10;20;20;1;Standard;Physical;Balanced;Balanced;Balanced;Balanced;Balanced;7;7;7;7;7;7;7;3;7;3;3;3;7;7;0;;13;12
189;1;10;15;20;1;Standard;Physical;Balanced;Balanced;Balanced;Balanced;Balanced;3;3;3;3;3;3;3;2;3;2;2;2;3;3;0;;13;12
190;1;5;15;20;1;Standard;Balanced;Balanced;Balanced;Balanced;Balanced;Balanced;13;4;4;4;4;4;4;1;4;1;1;1;4;4;0;;13;12
191;10;15;20;15;1;Standard;Physical;Balanced;Balanced;Balanced;Balanced;Balanced;5;5;5;5;5;5;5;2;5;6;4;3;5;5;0;;14;14
192;1;5;20;20;1;Standard;Balanced;Aggressive;Balanced;Balanced;Innovative;Balanced;6;7;9;9;9;9;7;2;6;2;2;2;9;16;0;;13;12
193;1;10;20;20;1;Standard;Balanced;Passive;Balanced;Balanced;Balanced;Loyal;5;8;8;3;5;6;6;4;5;1;3;3;2;9;0;;13;12
194;10;15;15;20;1;Defensive;Balanced;Balanced;Conservative;Balanced;Balanced;Balanced;6;2;2;3;4;2;2;3;3;3;3;3;2;3;0;;14;14
195;1;10;10;20;1;Standard;Balanced;Balanced;Balanced;Balanced;Balanced;Balanced;4;4;4;4;4;4;4;4;4;4;4;4;4;4;0;;14;14
196;1;5;20;15;1;Standard;Balanced;Aggressive;Aggressive;Prefers Prospects;Innovative;Balanced;6;7;9;9;9;9;7;2;6;2;2;2;9;16;0;;13;12
197;10;15;10;20;1;Standard;Balanced;Balanced;Balanced;Balanced;Balanced;Balanced;4;4;4;4;4;4;4;6;4;6;6;6;4;4;0;;14;14
198;10;15;15;20;1;Standard;Physical;Passive;Aggressive;Prefers Veterans;Innovative;Loyal;1;3;3;1;1;2;2;3;1;0;2;2;0;3;0;;15;13
199;15;20;10;20;1;Standard;Balanced;Balanced;Balanced;Balanced;Balanced;Balanced;2;2;2;2;2;2;2;3;2;4;3;7;2;2;0;;14;14
200;1;5;20;20;1;Standard;Balanced;Balanced;Balanced;Balanced;Balanced;Balanced;6;8;13;6;8;9;9;2;7;2;2;2;6;9;0;;13;12
201;1;10;20;16;1;Defensive;Balanced;Balanced;Balanced;Balanced;Balanced;Balanced;8;10;6;7;14;4;6;4;7;4;4;4;8;10;0;;13;12
202;1;10;10;20;1;Standard;Balanced;Balanced;Balanced;Balanced;Balanced;Balanced;4;4;4;4;4;4;4;4;4;4;4;4;4;4;0;;14;14
203;1;10;15;20;1;Standard;Balanced;Balanced;Balanced;Prefers Veterans;Balanced;Ruthless;3;3;3;3;3;3;3;2;3;2;2;2;3;3;0;;13;12
204;1;10;10;20;1;Standard;Balanced;Balanced;Balanced;Balanced;Balanced;Balanced;3;3;3;3;3;3;3;3;3;3;3;3;3;3;0;;14;14
205;1;10;15;20;1;Standard;Physical;Balanced;Balanced;Balanced;Conservative;Loyal;6;6;6;6;6;6;6;4;6;4;4;4;6;6;0;;16;14
206;1;10;10;20;1;Standard;Balanced;Balanced;Balanced;Balanced;Balanced;Balanced;4;4;4;4;4;4;4;4;4;4;4;4;4;4;0;;14;14
207;1;10;15;20;1;Defensive;Balanced;Balanced;Conservative;Balanced;Balanced;Balanced;10;4;4;5;7;4;4;3;5;3;3;3;4;6;0;;13;12
208;1;10;15;20;1;Defensive;Balanced;Balanced;Conservative;Balanced;Balanced;Balanced;12;5;4;6;8;4;4;4;6;4;4;4;4;7;0;;15;15
209;1;15;10;20;1;Standard;Balanced;Balanced;Balanced;Prefers Prospects;Balanced;Balanced;2;2;2;2;2;2;2;3;2;3;3;3;2;2;0;;14;14
210;1;10;10;20;1;Standard;Balanced;Balanced;Balanced;Balanced;Balanced;Balanced;4;4;4;4;4;4;4;4;4;4;4;4;4;4;0;;14;14
211;1;10;10;20;1;Standard;Balanced;Balanced;Balanced;Balanced;Balanced;Balanced;4;4;4;4;4;4;4;4;4;4;4;4;4;4;0;;14;14
212;1;10;10;20;1;Standard;Balanced;Balanced;Balanced;Balanced;Balanced;Balanced;4;4;4;4;4;4;4;4;4;4;4;4;4;4;0;;15;15
213;1;10;10;20;1;Standard;Non-physical;Balanced;Balanced;Balanced;Balanced;Balanced;4;4;4;4;4;4;4;4;4;4;4;4;4;4;0;;14;14
214;1;10;15;20;1;Standard;Balanced;Balanced;Balanced;Balanced;Balanced;Balanced;4;10;6;5;7;5;6;4;5;4;4;4;4;7;0;;14;14
215;1;10;10;20;1;Standard;Balanced;Balanced;Balanced;Balanced;Balanced;Balanced;4;4;4;4;4;4;4;4;4;4;4;4;4;4;0;;14;14
216;1;10;20;20;1;Standard;Balanced;Balanced;Balanced;Balanced;Balanced;Balanced;8;8;8;8;8;8;8;4;8;4;4;4;8;8;0;;13;12
217;10;15;10;20;1;Offensive;Balanced;Balanced;Balanced;Loves Prospects;Balanced;Balanced;4;4;4;17;4;4;4;6;4;6;8;6;4;4;0;;14;14
218;10;15;15;20;1;Offensive;Balanced;Balanced;Balanced;Balanced;Balanced;Loyal;2;6;3;3;4;3;3;5;3;2;5;2;2;4;0;;16;15
219;10;15;15;20;1;Standard;Balanced;Balanced;Balanced;Balanced;Balanced;Balanced;4;11;6;5;7;5;6;6;5;6;6;6;4;7;0;;14;14
220;1;5;20;20;1;Standard;Balanced;Balanced;Balanced;Balanced;Balanced;Balanced;8;8;8;8;8;8;8;2;8;2;2;2;8;8;0;;13;12
221;1;10;10;20;1;Standard;Balanced;Balanced;Balanced;Balanced;Balanced;Balanced;4;4;4;4;4;4;4;4;4;4;4;4;4;4;0;;14;14
222;1;10;10;20;1;Standard;Balanced;Balanced;Balanced;Balanced;Balanced;Balanced;4;4;4;4;4;4;4;4;4;4;4;4;4;4;0;;14;14
223;1;10;15;20;1;Standard;Balanced;Balanced;Balanced;Balanced;Balanced;Balanced;1;2;3;1;2;2;2;1;1;1;1;1;1;2;0;;13;12
224;1;1;1;1;20;Standard;Balanced;Balanced;Balanced;Balanced;Balanced;Balanced;0;0;0;0;0;0;0;0;0;0;0;0;0;0;16;;1;1
225;1;5;15;20;1;Standard;Balanced;Balanced;Balanced;Balanced;Balanced;Balanced;6;6;6;6;6;6;6;2;6;2;2;2;6;6;0;;13;12
226;1;10;20;20;1;Standard;Balanced;Balanced;Balanced;Balanced;Balanced;Balanced;8;8;8;8;8;8;8;4;8;4;4;4;8;8;0;;13;12
227;1;10;20;20;1;Standard;Balanced;Balanced;Balanced;Balanced;Balanced;Balanced;8;8;8;8;8;8;8;4;8;4;4;4;8;8;0;;13;12
228;1;10;15;20;1;Standard;Non-physical;Balanced;Balanced;Loves Prospects;Balanced;Balanced;3;8;4;4;5;4;4;3;4;3;3;3;3;5;0;;13;15
229;1;10;20;15;1;Defensive;Balanced;Balanced;Balanced;Balanced;Balanced;Balanced;9;11;6;7;15;5;6;4;7;4;4;4;9;11;0;;13;12
230;1;5;20;20;1;Standard;Balanced;Balanced;Balanced;Balanced;Balanced;Balanced;5;12;7;6;8;6;7;1;6;1;1;1;5;8;0;;13;12
231;1;10;20;15;1;Standard;Balanced;Balanced;Balanced;Balanced;Balanced;Balanced;8;8;8;8;8;8;8;4;8;4;4;4;8;8;0;;13;12
232;1;10;10;20;1;Standard;Balanced;Balanced;Balanced;Balanced;Balanced;Balanced;4;4;4;4;4;4;4;4;4;4;4;4;4;4;0;;14;14
233;1;10;10;20;1;Standard;Balanced;Balanced;Balanced;Balanced;Balanced;Balanced;4;4;4;4;4;4;4;4;4;4;4;4;4;4;0;;14;14
234;1;10;10;20;1;Standard;Balanced;Balanced;Balanced;Balanced;Balanced;Balanced;4;4;4;4;4;4;4;4;4;4;4;4;4;4;0;;14;14
235;1;10;15;20;1;Standard;Non-physical;Balanced;Balanced;Balanced;Balanced;Balanced;4;6;9;4;6;7;7;4;5;4;4;4;4;7;0;;14;14
236;1;10;15;20;1;Standard;Balanced;Balanced;Balanced;Balanced;Balanced;Balanced;6;6;6;6;6;6;6;4;6;4;4;4;6;6;0;;13;12
237;1;5;20;20;1;Defensive;Balanced;Balanced;Conservative;Balanced;Balanced;Balanced;15;7;6;8;10;6;6;2;8;2;2;2;6;9;0;;13;12
238;10;20;10;15;1;Standard;Balanced;Balanced;Balanced;Balanced;Balanced;Balanced;4;4;4;4;4;4;4;9;4;9;9;9;4;4;0;;15;15
239;1;10;10;20;1;Standard;Balanced;Balanced;Balanced;Balanced;Balanced;Balanced;4;4;4;4;4;4;4;4;4;4;4;4;4;4;0;;14;14
240;1;10;10;20;1;Standard;Non-physical;Balanced;Balanced;Balanced;Balanced;Balanced;4;4;4;4;4;4;4;4;4;4;4;4;4;4;0;;15;15
241;1;15;15;20;1;Standard;Balanced;Balanced;Balanced;Prefers Prospects;Conservative;Loyal;2;6;3;3;4;3;3;3;3;3;3;3;2;4;0;;16;15
242;1;10;10;20;1;Standard;Balanced;Balanced;Balanced;Balanced;Balanced;Balanced;4;4;4;4;4;4;4;4;4;4;4;4;4;4;0;;14;14
243;1;10;10;20;1;Standard;Balanced;Balanced;Balanced;Balanced;Balanced;Balanced;1;1;1;1;1;1;1;1;1;1;1;1;1;1;0;;14;14
244;1;10;15;20;1;Standard;Balanced;Balanced;Balanced;Balanced;Balanced;Balanced;4;6;10;4;6;7;7;4;5;4;4;4;4;7;0;;15;15
245;1;10;10;20;1;Standard;Balanced;Balanced;Balanced;Balanced;Balanced;Balanced;2;2;2;2;2;2;2;2;2;2;2;2;2;2;0;;14;14
246;1;10;10;20;1;Standard;Non-physical;Balanced;Balanced;Balanced;Balanced;Balanced;4;4;4;4;4;4;4;4;4;4;4;4;4;4;0;;14;14
247;1;5;20;15;1;Standard;Balanced;Balanced;Balanced;Balanced;Balanced;Balanced;7;7;7;7;7;7;7;1;7;1;1;1;7;7;0;;13;12
248;1;10;10;20;1;Standard;Balanced;Balanced;Balanced;Balanced;Balanced;Balanced;4;4;4;4;4;4;4;4;4;4;4;4;4;4;0;;14;14
249;1;10;10;20;1;Standard;Balanced;Balanced;Balanced;Balanced;Balanced;Balanced;4;4;4;4;4;4;4;4;4;4;4;4;4;4;0;;14;14
250;1;5;20;20;1;Standard;Physical;Balanced;Balanced;Balanced;Balanced;Balanced;3;8;5;4;5;4;5;1;4;1;1;1;3;5;0;;13;12
251;10;15;15;20;1;Standard;Balanced;Balanced;Balanced;Balanced;Balanced;Balanced;1;4;2;2;2;2;2;2;2;2;2;2;1;2;0;;14;14
252;1;10;15;20;1;Offensive;Balanced;Balanced;Balanced;Balanced;Balanced;Balanced;2;4;4;4;5;5;6;1;4;4;2;2;1;3;0;;13;12
253;1;10;15;20;1;Standard;Balanced;Balanced;Balanced;Loves Prospects;Balanced;Balanced;4;4;4;4;4;4;4;3;4;3;3;3;4;4;0;;14;14
254;1;10;20;15;1;Defensive;Balanced;Balanced;Conservative;Balanced;Balanced;Balanced;16;7;6;9;11;6;6;4;9;4;4;4;6;10;0;;13;12
255;1;5;20;15;1;Standard;Balanced;Balanced;Balanced;Balanced;Balanced;Balanced;7;7;7;7;7;7;7;1;7;1;1;1;7;7;0;;13;12
256;10;15;15;20;1;Standard;Balanced;Balanced;Balanced;Balanced;Balanced;Balanced;1;1;1;1;1;1;1;1;1;1;1;1;1;1;0;;14;14
257;1;10;10;20;1;Standard;Balanced;Balanced;Balanced;Balanced;Balanced;Balanced;4;4;4;4;4;4;4;4;4;4;4;4;4;4;0;;14;14
258;1;5;20;20;1;Standard;Balanced;Balanced;Balanced;Balanced;Balanced;Balanced;3;9;5;4;6;4;5;1;4;1;1;1;3;6;0;;13;12
259;1;10;15;20;1;Standard;Balanced;Balanced;Balanced;Balanced;Balanced;Balanced;1;3;2;1;2;1;2;1;1;1;1;1;1;2;0;;13;12
260;15;15;10;20;1;Standard;Balanced;Balanced;Balanced;Balanced;Balanced;Balanced;5;5;5;5;5;5;5;8;5;8;8;8;5;5;0;;10;10
261;20;5;1;1;1;Standard;Balanced;Balanced;Balanced;Balanced;Balanced;Balanced;0;0;0;0;0;0;0;2;0;2;2;2;0;0;0;;10;10
262;20;5;1;1;1;Standard;Balanced;Balanced;Balanced;Balanced;Balanced;Balanced;0;0;0;0;0;0;0;1;0;1;1;1;0;0;0;;10;10
263;1;10;10;20;1;Standard;Balanced;Balanced;Balanced;Balanced;Balanced;Balanced;3;3;3;3;3;3;3;3;3;3;3;3;3;3;0;;14;14
264;1;10;15;20;1;Standard;Balanced;Balanced;Balanced;Balanced;Balanced;Balanced;3;3;3;3;3;3;3;2;3;2;2;2;3;3;0;;13;12
265;1;10;20;15;1;Offensive;Physical;Balanced;Balanced;Balanced;Innovative;Ruthless;7;7;7;7;7;7;7;3;7;3;3;3;7;7;0;;13;12
266;1;10;15;20;1;Standard;Balanced;Balanced;Balanced;Balanced;Balanced;Balanced;6;6;6;6;6;6;6;4;6;4;4;4;6;6;0;;13;12
267;1;5;20;20;1;Standard;Balanced;Balanced;Balanced;Balanced;Balanced;Balanced;6;6;6;6;6;6;6;1;6;1;1;1;6;6;0;;13;12
268;1;10;10;20;1;Standard;Balanced;Balanced;Balanced;Balanced;Balanced;Balanced;4;4;4;4;4;4;4;4;4;4;4;4;4;4;0;;14;14
269;1;10;10;20;1;Standard;Balanced;Balanced;Balanced;Balanced;Balanced;Balanced;1;1;1;1;1;1;1;1;1;1;1;1;1;1;0;;14;14
270;10;15;20;20;1;Standard;Balanced;Balanced;Balanced;Balanced;Balanced;Balanced;3;3;3;3;3;3;3;2;3;2;2;2;3;3;0;;14;14
271;1;10;15;20;1;Offensive;Balanced;Balanced;Balanced;Balanced;Balanced;Balanced;1;2;4;2;1;5;2;2;2;2;2;2;3;4;0;;13;12
272;1;10;16;20;1;Standard;Balanced;Balanced;Balanced;Balanced;Balanced;Balanced;6;6;6;6;6;6;6;3;6;3;3;3;6;6;0;;13;12
273;20;5;1;1;1;Standard;Balanced;Balanced;Balanced;Balanced;Balanced;Balanced;0;0;0;0;0;0;0;1;0;1;1;1;0;0;0;;10;10
274;20;5;1;1;1;Standard;Balanced;Balanced;Balanced;Balanced;Balanced;Balanced;0;0;0;0;0;0;0;2;0;2;2;2;0;0;0;;10;10
275;10;15;15;20;1;Standard;Balanced;Balanced;Balanced;Prefers Prospects;Balanced;Balanced;5;6;6;9;6;6;6;6;7;6;6;6;3;6;0;;14;17
276;10;15;10;20;1;Standard;Physical;Passive;Balanced;Balanced;Conservative;Loyal;2;2;2;2;2;2;2;4;2;4;4;4;2;2;0;;14;15
277;10;20;15;20;1;Standard;Physical;Balanced;Balanced;Prefers Veterans;Innovative;Balanced;3;4;6;3;4;5;5;5;3;5;5;5;3;5;0;;12;13
278;20;5;1;1;1;Standard;Balanced;Balanced;Balanced;Balanced;Balanced;Balanced;0;0;0;0;0;0;0;2;0;2;2;2;0;0;0;;10;10
279;1;10;20;20;1;Standard;Balanced;Balanced;Balanced;Balanced;Innovative;Balanced;6;6;6;6;6;6;6;3;6;3;3;3;6;6;0;;13;12
280;1;10;20;20;1;Standard;Balanced;Balanced;Balanced;Balanced;Balanced;Balanced;6;16;9;8;11;8;9;4;8;4;4;4;6;11;0;;13;12
281;16;20;15;20;1;Defensive;Balanced;Balanced;Conservative;Balanced;Balanced;Balanced;13;6;5;7;9;5;5;7;7;9;7;15;5;8;0;;13;13
282;1;10;20;20;1;Standard;Balanced;Aggressive;Balanced;Balanced;Innovative;Balanced;4;5;6;6;6;6;5;3;4;3;3;3;6;11;0;;13;12
283;1;10;15;20;1;Standard;Balanced;Balanced;Balanced;Balanced;Balanced;Balanced;1;1;1;1;1;1;1;1;1;1;1;1;1;1;0;;13;12
284;20;5;1;1;1;Standard;Balanced;Balanced;Balanced;Balanced;Balanced;Balanced;0;0;0;0;0;0;0;3;0;3;3;3;0;0;0;;10;10
285;20;5;1;1;1;Standard;Balanced;Balanced;Balanced;Balanced;Balanced;Balanced;0;0;0;0;0;0;0;3;0;3;3;3;0;0;0;;10;10
286;20;5;1;1;1;Standard;Balanced;Balanced;Balanced;Balanced;Balanced;Balanced;0;0;0;0;0;0;0;1;0;1;1;1;0;0;0;;10;10
287;1;10;10;20;1;Standard;Balanced;Balanced;Balanced;Balanced;Balanced;Balanced;4;4;4;4;4;4;4;4;4;4;4;4;4;4;0;;14;14
288;1;10;15;20;1;Standard;Balanced;Balanced;Balanced;Balanced;Balanced;Balanced;5;12;7;6;8;6;7;4;6;4;4;4;5;8;0;;13;12
289;1;10;10;20;1;Standard;Balanced;Balanced;Balanced;Balanced;Balanced;Balanced;4;4;4;4;4;4;4;4;4;4;4;4;4;4;0;;14;14
290;1;10;20;20;1;Standard;Balanced;Balanced;Balanced;Balanced;Balanced;Balanced;6;8;13;6;8;9;9;4;7;4;4;4;6;9;0;;13;12
291;5;15;20;20;1;Offensive;Balanced;Balanced;Balanced;Balanced;Balanced;Balanced;7;10;15;7;10;11;11;7;8;7;7;7;7;11;0;;13;12
292;1;10;15;20;1;Standard;Balanced;Balanced;Balanced;Balanced;Balanced;Balanced;1;3;1;1;2;1;1;1;1;1;1;1;1;2;0;;13;12
293;20;5;1;1;1;Standard;Balanced;Balanced;Balanced;Balanced;Balanced;Balanced;0;0;0;0;0;0;0;0;0;0;0;0;0;0;0;;10;10
294;20;5;1;1;1;Standard;Balanced;Balanced;Balanced;Balanced;Balanced;Balanced;0;0;0;0;0;0;0;2;0;2;2;2;0;0;0;;10;10
295;1;5;20;20;1;Standard;Balanced;Balanced;Balanced;Balanced;Balanced;Balanced;6;6;6;6;6;6;6;1;6;1;1;1;6;6;0;;13;12
296;1;10;15;20;1;Standard;Balanced;Balanced;Balanced;Balanced;Balanced;Balanced;4;11;6;5;7;5;6;4;5;4;4;4;4;7;0;;15;16
297;1;10;20;15;1;Defensive;Balanced;Balanced;Conservative;Balanced;Balanced;Balanced;18;8;7;9;12;7;7;4;9;4;4;4;7;11;0;;13;12
298;1;10;15;20;1;Standard;Balanced;Balanced;Balanced;Balanced;Balanced;Balanced;6;6;6;6;6;6;6;4;6;4;4;4;6;6;0;;13;12
299;10;16;20;20;1;Standard;Balanced;Balanced;Balanced;Balanced;Conservative;Balanced;10;10;10;10;10;10;10;8;10;8;8;8;10;10;0;;14;14
300;1;10;20;20;1;Standard;Balanced;Balanced;Balanced;Balanced;Balanced;Balanced;6;15;9;7;10;7;9;4;7;4;4;4;6;10;0;;13;12
301;1;10;15;20;1;Standard;Balanced;Balanced;Balanced;Balanced;Balanced;Balanced;4;10;6;5;7;5;6;4;5;4;4;4;4;7;0;;14;14
302;1;10;10;20;1;Standard;Balanced;Balanced;Balanced;Balanced;Balanced;Balanced;4;4;4;4;4;4;4;4;4;4;4;4;4;4;0;;14;14
303;20;5;1;1;1;Standard;Balanced;Balanced;Balanced;Balanced;Balanced;Balanced;0;0;0;0;0;0;0;2;0;2;2;2;0;0;0;;10;10
304;1;10;10;20;1;Standard;Balanced;Balanced;Balanced;Balanced;Balanced;Balanced;4;4;4;4;4;4;4;4;4;4;4;4;4;4;0;;14;14
305;1;5;17;20;1;Standard;Balanced;Balanced;Balanced;Balanced;Balanced;Balanced;7;7;7;7;7;7;7;2;7;2;2;2;7;7;0;;13;12
306;1;10;20;15;1;Standard;Physical;Balanced;Aggressive;Prefers Veterans;Conservative;Ruthless;4;11;6;5;7;5;6;3;5;3;3;3;4;7;0;;14;14
307;1;10;10;20;1;Standard;Balanced;Balanced;Balanced;Balanced;Balanced;Balanced;4;4;4;4;4;4;4;4;4;4;4;4;4;4;0;;14;14
308;20;5;1;1;1;Standard;Balanced;Balanced;Balanced;Balanced;Innovative;Balanced;0;0;0;0;0;0;0;0;0;0;4;1;0;0;1;;10;10
309;1;10;10;20;1;Offensive;Balanced;Balanced;Balanced;Balanced;Balanced;Balanced;5;5;5;5;5;5;5;5;5;5;5;5;5;5;0;;19;20
310;1;10;10;20;1;Standard;Balanced;Balanced;Balanced;Balanced;Balanced;Balanced;2;2;2;2;2;2;2;2;2;2;2;2;2;2;0;;14;14
311;1;10;15;20;1;Standard;Balanced;Balanced;Balanced;Balanced;Balanced;Balanced;2;2;4;2;2;3;3;1;2;1;1;1;2;3;0;;15;15
312;1;10;10;20;1;Standard;Balanced;Balanced;Balanced;Balanced;Balanced;Balanced;2;2;2;2;2;2;2;2;2;2;2;2;2;2;0;;14;14
313;1;10;15;20;1;Defensive;Balanced;Balanced;Conservative;Balanced;Balanced;Balanced;7;3;2;3;4;2;2;2;3;2;2;2;2;4;0;;13;12
314;10;15;15;20;1;Standard;Balanced;Balanced;Balanced;Balanced;Balanced;Balanced;3;3;3;3;3;3;3;3;3;3;3;3;3;3;0;;14;14
315;1;10;16;20;1;Standard;Balanced;Balanced;Balanced;Balanced;Innovative;Balanced;7;7;7;7;7;7;7;4;7;4;4;4;15;14;0;;13;12
316;1;10;20;15;1;Standard;Balanced;Balanced;Balanced;Balanced;Balanced;Balanced;3;3;3;3;3;3;3;1;3;1;1;2;3;3;0;;13;12
317;1;5;20;20;1;Standard;Balanced;Balanced;Balanced;Balanced;Balanced;Balanced;3;4;7;3;4;5;5;1;3;1;1;1;3;5;0;;13;12
318;20;5;1;1;1;Standard;Balanced;Balanced;Balanced;Balanced;Balanced;Balanced;0;0;0;0;0;0;0;0;0;0;0;0;0;0;0;;10;10
319;20;5;1;1;1;Standard;Balanced;Balanced;Balanced;Balanced;Balanced;Balanced;0;0;0;0;0;0;0;0;0;0;0;0;0;0;0;;10;10
320;20;5;1;1;1;Standard;Balanced;Balanced;Balanced;Balanced;Balanced;Balanced;0;0;0;0;0;0;0;1;0;1;1;1;0;0;0;;10;10
321;1;10;20;20;1;Standard;Physical;Balanced;Balanced;Balanced;Balanced;Balanced;6;16;9;8;11;8;9;4;8;4;4;4;6;11;0;;13;12
322;1;10;10;20;1;Standard;Non-physical;Balanced;Balanced;Balanced;Balanced;Balanced;4;4;4;4;4;4;4;4;4;4;4;4;4;4;0;;14;14
323;1;10;10;20;1;Standard;Balanced;Balanced;Balanced;Balanced;Balanced;Balanced;4;4;4;4;4;4;4;4;4;4;4;4;4;4;0;;14;14
324;1;10;15;20;1;Standard;Physical;Balanced;Balanced;Balanced;Balanced;Balanced;4;10;6;5;7;5;6;4;5;4;4;4;4;7;0;;14;14
325;1;10;10;20;1;Standard;Balanced;Balanced;Balanced;Balanced;Balanced;Balanced;2;2;2;2;2;2;2;2;2;2;2;2;2;2;0;;14;14
326;1;10;15;20;1;Standard;Non-physical;Balanced;Balanced;Balanced;Balanced;Balanced;4;6;10;4;6;7;7;4;5;4;4;4;4;7;0;;15;15
327;20;5;1;1;1;Standard;Balanced;Balanced;Balanced;Balanced;Balanced;Balanced;0;0;0;0;0;0;0;2;0;2;2;2;0;0;0;;10;10
328;1;10;10;20;1;Standard;Balanced;Balanced;Balanced;Balanced;Balanced;Balanced;3;3;3;3;3;3;3;3;3;3;3;3;3;3;0;;14;14
329;1;10;15;20;1;Standard;Balanced;Balanced;Balanced;Balanced;Balanced;Balanced;4;6;9;4;6;7;7;4;5;4;4;4;4;7;0;;14;14
330;1;15;15;20;1;Defensive;Balanced;Balanced;Conservative;Balanced;Balanced;Balanced;9;4;3;5;6;3;3;5;5;5;5;5;3;5;0;;15;17
331;1;10;10;20;1;Standard;Balanced;Balanced;Balanced;Balanced;Balanced;Balanced;4;4;4;4;4;4;4;4;4;4;4;4;4;4;0;;14;14
332;10;15;12;20;1;Standard;Physical;Balanced;Balanced;Loves Prospects;Conservative;Ruthless;4;5;5;8;5;5;5;7;6;7;7;7;3;5;0;;17;14
333;1;10;20;20;1;Standard;Balanced;Balanced;Balanced;Balanced;Balanced;Balanced;6;14;8;7;9;7;8;4;7;4;4;4;6;9;0;;13;12
334;1;10;15;20;1;Standard;Balanced;Balanced;Balanced;Balanced;Balanced;Balanced;4;6;10;4;6;7;7;4;5;4;4;4;4;7;0;;15;15
335;1;10;15;20;1;Standard;Non-physical;Balanced;Balanced;Balanced;Balanced;Balanced;4;6;9;4;6;7;7;4;5;4;4;4;4;7;0;;14;14
336;1;10;15;20;1;Defensive;Balanced;Balanced;Balanced;Balanced;Balanced;Balanced;6;8;4;5;10;3;4;4;5;4;4;4;6;8;0;;14;14
337;1;15;15;20;1;Standard;Physical;Balanced;Balanced;Prefers Prospects;Conservative;Loyal;6;6;6;6;6;6;6;6;6;6;6;6;6;6;0;;18;14
338;1;10;15;20;1;Standard;Physical;Balanced;Balanced;Balanced;Balanced;Balanced;4;10;6;5;7;5;6;4;5;4;4;4;4;7;0;;14;14
339;1;10;18;20;1;Standard;Physical;Balanced;Balanced;Balanced;Balanced;Balanced;2;6;3;3;4;3;3;2;3;2;2;2;2;4;0;;13;12
340;1;10;15;20;1;Standard;Balanced;Balanced;Balanced;Balanced;Balanced;Balanced;4;6;9;4;6;7;7;4;5;4;4;4;4;7;0;;14;14
341;1;10;15;20;1;Standard;Balanced;Balanced;Balanced;Balanced;Balanced;Balanced;4;6;10;4;6;7;7;4;5;4;4;4;4;7;0;;15;15
342;20;15;1;1;1;Standard;Physical;Balanced;Balanced;Balanced;Balanced;Balanced;0;0;0;0;0;0;0;17;0;11;17;11;0;0;1;;13;13
343;10;15;15;20;1;Standard;Balanced;Balanced;Balanced;Prefers Prospects;Balanced;Balanced;4;5;5;15;5;5;5;5;6;5;11;5;3;5;0;;14;16
344;1;10;10;20;1;Standard;Balanced;Balanced;Balanced;Balanced;Balanced;Balanced;1;1;1;1;1;1;1;1;1;1;1;1;1;1;0;;14;15
345;1;10;19;20;1;Standard;Balanced;Balanced;Balanced;Balanced;Balanced;Balanced;4;4;4;4;4;4;4;2;4;2;2;2;4;4;0;;13;12
346;1;5;18;20;1;Defensive;Balanced;Balanced;Conservative;Balanced;Balanced;Balanced;7;3;3;4;5;3;3;1;4;1;1;1;3;4;0;;13;12
347;1;10;20;20;1;Standard;Physical;Balanced;Balanced;Balanced;Balanced;Balanced;6;14;8;7;9;7;8;4;7;4;4;4;6;9;0;;13;12
348;20;5;1;1;1;Standard;Balanced;Balanced;Balanced;Balanced;Balanced;Balanced;0;0;0;0;0;0;0;2;0;2;2;2;0;0;0;;10;10
349;20;5;1;1;1;Standard;Balanced;Balanced;Balanced;Balanced;Balanced;Balanced;0;0;0;0;0;0;0;0;0;0;0;0;0;0;0;;10;10
350;1;10;10;20;1;Standard;Balanced;Balanced;Balanced;Balanced;Balanced;Balanced;4;4;4;4;4;4;4;4;4;4;4;4;4;4;0;;14;14
351;1;10;10;20;1;Standard;Balanced;Balanced;Balanced;Balanced;Balanced;Balanced;4;4;4;4;4;4;4;4;4;4;4;4;4;4;0;;14;14
352;1;5;15;20;1;Standard;Balanced;Balanced;Balanced;Balanced;Balanced;Balanced;3;7;4;3;5;3;4;1;3;1;1;1;3;5;0;;13;12
353;1;10;10;20;1;Standard;Balanced;Balanced;Balanced;Balanced;Balanced;Balanced;4;4;4;4;4;4;4;4;4;4;4;4;4;4;0;;14;14
354;1;5;20;20;1;Standard;Balanced;Balanced;Balanced;Balanced;Balanced;Balanced;4;9;5;4;6;4;5;1;4;1;1;1;4;6;0;;13;12
355;1;5;17;20;1;Standard;Balanced;Balanced;Balanced;Balanced;Balanced;Balanced;2;2;2;2;2;2;2;0;2;0;0;0;2;2;0;;13;12
356;20;5;1;1;1;Standard;Non-physical;Balanced;Balanced;Balanced;Balanced;Balanced;0;0;0;0;0;0;0;2;0;2;2;2;0;0;0;;10;10
357;1;10;15;20;1;Standard;Physical;Balanced;Balanced;Balanced;Conservative;Balanced;6;6;6;6;6;6;6;4;6;4;4;4;6;6;0;;13;12
358;1;10;15;20;1;Defensive;Balanced;Balanced;Balanced;Prefers Prospects;Balanced;Loyal;7;7;7;7;7;7;7;4;7;4;4;4;7;7;0;;17;17
359;1;10;10;20;1;Standard;Balanced;Balanced;Balanced;Balanced;Balanced;Balanced;2;2;2;2;2;2;2;2;2;2;2;2;2;2;0;;14;14
360;1;10;15;20;1;Standard;Balanced;Balanced;Balanced;Balanced;Balanced;Balanced;2;6;3;3;4;3;3;2;3;2;2;2;2;4;0;;15;15
361;1;10;10;20;1;Standard;Balanced;Balanced;Balanced;Balanced;Balanced;Balanced;4;4;4;4;4;4;4;4;4;4;4;4;4;4;0;;14;14
362;1;10;10;20;1;Standard;Balanced;Balanced;Balanced;Balanced;Balanced;Balanced;4;4;4;4;4;4;4;4;4;4;4;4;4;4;0;;14;14
363;10;20;10;20;1;Standard;Balanced;Balanced;Balanced;Balanced;Balanced;Balanced;3;3;3;3;3;3;3;5;3;7;7;12;3;3;0;;13;13
364;1;10;10;20;1;Standard;Balanced;Balanced;Balanced;Balanced;Balanced;Balanced;4;4;4;4;4;4;4;4;4;4;4;4;4;4;0;;14;14
365;10;15;10;20;1;Standard;Balanced;Balanced;Balanced;Balanced;Balanced;Balanced;4;4;4;4;4;4;4;9;4;3;9;3;4;4;0;;16;14
366;15;15;15;20;1;Standard;Balanced;Balanced;Balanced;Balanced;Balanced;Balanced;6;6;6;6;6;6;6;6;6;6;6;6;6;6;0;;14;14
367;20;5;1;1;1;Standard;Balanced;Balanced;Balanced;Balanced;Balanced;Balanced;0;0;0;0;0;0;0;1;0;1;1;1;0;0;0;;10;10
368;1;10;15;20;1;Standard;Balanced;Balanced;Balanced;Balanced;Balanced;Balanced;2;2;2;2;2;2;2;1;2;1;1;1;2;2;0;;13;12
369;1;10;15;20;1;Standard;Balanced;Balanced;Balanced;Balanced;Balanced;Balanced;4;11;6;5;7;5;6;4;5;4;4;4;4;7;0;;15;15
370;1;10;10;20;1;Standard;Non-physical;Balanced;Balanced;Balanced;Balanced;Balanced;3;3;3;3;3;3;3;3;3;3;3;3;3;3;0;;14;14
371;10;15;15;20;1;Standard;Very Physical;Balanced;Balanced;Balanced;Balanced;Balanced;6;6;6;6;6;6;6;3;6;10;6;5;6;6;0;;13;14
372;1;10;10;20;1;Standard;Non-physical;Balanced;Balanced;Balanced;Balanced;Balanced;4;4;4;4;4;4;4;4;4;4;4;4;4;4;0;;14;14
373;1;10;10;20;1;Standard;Non-physical;Balanced;Balanced;Balanced;Balanced;Balanced;4;4;4;4;4;4;4;4;4;4;4;4;4;4;0;;14;14
374;1;10;15;20;1;Standard;Balanced;Balanced;Balanced;Balanced;Balanced;Balanced;4;11;6;5;7;5;6;4;5;4;4;4;4;7;0;;15;15
375;10;15;15;20;1;Standard;Balanced;Balanced;Balanced;Prefers Prospects;Balanced;Balanced;5;6;6;9;6;6;6;3;7;10;6;5;3;6;0;;15;15
376;1;10;15;20;1;Standard;Balanced;Balanced;Balanced;Balanced;Balanced;Balanced;4;6;9;4;6;7;7;4;5;4;4;4;4;7;0;;14;14
377;1;10;15;20;1;Defensive;Balanced;Balanced;Conservative;Balanced;Balanced;Balanced;5;2;2;3;3;2;2;2;3;2;2;2;2;3;0;;13;12
378;1;10;10;20;1;Standard;Balanced;Balanced;Balanced;Balanced;Balanced;Balanced;3;3;3;3;3;3;3;3;3;3;3;3;3;3;0;;14;14
379;1;10;10;20;1;Standard;Balanced;Balanced;Balanced;Balanced;Balanced;Balanced;4;4;4;4;4;4;4;4;4;4;4;4;4;4;0;;14;14
380;1;5;20;15;1;Standard;Non-physical;Balanced;Balanced;Balanced;Balanced;Balanced;8;8;8;8;8;8;8;2;8;2;2;2;8;8;0;;13;12
381;20;5;1;1;1;Standard;Balanced;Balanced;Balanced;Balanced;Balanced;Balanced;0;0;0;0;0;0;0;2;0;2;2;2;0;0;0;;10;10
382;1;10;10;20;1;Standard;Balanced;Balanced;Balanced;Balanced;Balanced;Balanced;4;4;4;4;4;4;4;4;4;4;4;4;4;4;0;;14;14
383;1;15;20;20;1;Standard;Very Physical;Passive;Balanced;Loves Prospects;Innovative;Ruthless;6;6;6;6;6;6;6;2;6;7;4;3;6;6;0;;11;10
384;1;15;15;20;1;Standard;Balanced;Balanced;Balanced;Prefers Prospects;Balanced;Balanced;6;6;6;6;6;6;6;6;6;6;6;6;6;6;0;;14;14
385;1;10;10;20;1;Standard;Balanced;Balanced;Balanced;Loves Prospects;Balanced;Balanced;4;4;4;4;4;4;4;4;4;4;4;4;4;4;0;;16;18
386;20;5;1;1;1;Standard;Balanced;Balanced;Balanced;Balanced;Balanced;Balanced;0;0;0;0;0;0;0;2;0;2;2;2;0;0;0;;10;10
387;20;5;1;1;1;Standard;Physical;Balanced;Balanced;Balanced;Balanced;Balanced;0;0;0;0;0;0;0;0;0;0;0;0;0;0;0;;10;10
388;1;5;20;19;1;Standard;Balanced;Balanced;Balanced;Balanced;Balanced;Balanced;8;8;8;8;8;8;8;2;8;2;2;2;8;8;0;;13;12
389;10;15;16;20;1;Standard;Balanced;Balanced;Balanced;Prefers Veterans;Balanced;Balanced;12;5;4;6;8;4;4;13;6;6;13;6;4;7;0;;14;14
390;1;10;10;20;1;Standard;Balanced;Balanced;Balanced;Balanced;Balanced;Balanced;4;4;4;4;4;4;4;4;4;4;4;4;4;4;0;;14;14
391;1;5;15;20;1;Standard;Balanced;Balanced;Balanced;Balanced;Balanced;Balanced;6;6;6;6;6;6;6;2;6;2;2;2;6;6;0;;13;12
392;1;10;17;20;1;Standard;Balanced;Balanced;Balanced;Balanced;Balanced;Balanced;7;7;7;7;7;7;7;4;7;4;4;4;7;7;0;;13;12
393;1;10;15;20;1;Standard;Balanced;Balanced;Balanced;Balanced;Balanced;Balanced;6;6;6;6;6;6;6;4;6;4;4;4;6;6;0;;14;14
394;1;10;16;20;1;Standard;Balanced;Balanced;Balanced;Balanced;Balanced;Balanced;6;6;6;6;6;6;6;4;6;4;4;4;6;6;0;;13;12
395;1;5;17;20;1;Defensive;Balanced;Balanced;Conservative;Balanced;Balanced;Balanced;7;3;2;4;5;2;2;1;4;1;1;1;2;4;0;;13;12
396;1;10;15;20;1;Standard;Balanced;Balanced;Balanced;Balanced;Balanced;Balanced;4;10;6;5;7;5;6;4;5;4;4;4;4;7;0;;14;14
397;1;10;10;20;1;Standard;Balanced;Balanced;Balanced;Balanced;Balanced;Balanced;2;2;2;2;2;2;2;2;2;2;2;2;2;2;0;;14;14
398;1;15;15;20;1;Standard;Balanced;Balanced;Balanced;Prefers Prospects;Conservative;Very Loyal;5;5;5;5;5;5;5;8;5;3;8;3;5;5;0;;14;14
399;1;10;15;20;1;Standard;Non-physical;Balanced;Balanced;Balanced;Balanced;Balanced;4;6;9;4;6;7;7;4;5;4;4;4;4;7;0;;14;14
400;20;5;1;1;1;Standard;Balanced;Balanced;Balanced;Balanced;Balanced;Balanced;0;0;0;0;0;0;0;2;0;2;2;2;0;0;0;;10;10
401;20;5;1;1;1;Standard;Balanced;Balanced;Balanced;Balanced;Balanced;Balanced;0;0;0;0;0;0;0;2;0;2;2;2;0;0;0;;10;10
402;1;5;20;18;1;Standard;Balanced;Balanced;Balanced;Balanced;Balanced;Balanced;7;7;7;7;7;7;7;1;7;1;1;1;7;7;0;;13;12
403;1;5;20;20;1;Standard;Balanced;Balanced;Balanced;Balanced;Balanced;Balanced;3;4;7;3;4;5;5;1;4;1;1;1;3;5;0;;13;12
404;1;10;10;20;1;Standard;Balanced;Balanced;Balanced;Balanced;Balanced;Balanced;2;2;2;2;2;2;2;2;2;2;2;2;2;2;0;;14;14
405;1;10;10;20;1;Standard;Balanced;Balanced;Balanced;Balanced;Balanced;Balanced;3;3;3;3;3;3;3;3;3;3;3;3;3;3;0;;14;14
406;1;10;10;20;1;Standard;Balanced;Balanced;Balanced;Balanced;Balanced;Balanced;4;4;4;4;4;4;4;4;4;4;4;4;4;4;0;;14;14
407;15;20;10;15;1;Standard;Balanced;Balanced;Balanced;Balanced;Balanced;Balanced;3;3;3;3;3;3;3;7;3;7;7;7;3;3;0;;14;14
408;1;5;20;19;1;Standard;Balanced;Balanced;Balanced;Balanced;Balanced;Balanced;8;8;8;8;8;8;8;2;8;2;2;2;8;8;0;;13;12
409;1;10;10;20;1;Standard;Balanced;Balanced;Balanced;Balanced;Balanced;Balanced;3;3;3;3;3;3;3;3;3;3;3;3;3;3;0;;14;14
410;15;15;5;20;1;Standard;Balanced;Balanced;Balanced;Balanced;Balanced;Balanced;1;1;1;1;1;1;1;3;1;3;3;3;1;1;0;;13;13
411;1;10;10;20;1;Standard;Balanced;Balanced;Balanced;Balanced;Balanced;Balanced;3;3;3;3;3;3;3;3;3;3;3;3;3;3;0;;14;14
412;1;10;10;20;1;Standard;Non-physical;Balanced;Balanced;Balanced;Balanced;Balanced;4;4;4;4;4;4;4;4;4;4;4;4;4;4;0;;14;14
413;1;10;10;20;1;Standard;Balanced;Balanced;Balanced;Balanced;Balanced;Balanced;3;3;3;3;3;3;3;3;3;3;3;3;3;3;0;;14;14
414;1;5;15;20;1;Standard;Balanced;Balanced;Balanced;Balanced;Balanced;Balanced;4;4;4;4;4;4;4;1;4;1;1;1;4;4;0;;13;12
415;1;1;1;1;20;Standard;Balanced;Balanced;Balanced;Balanced;Balanced;Balanced;0;0;0;0;0;0;0;0;0;0;0;0;0;0;16;;1;1
416;1;5;20;20;1;Standard;Balanced;Balanced;Balanced;Balanced;Balanced;Balanced;3;4;7;3;4;5;5;1;4;1;1;1;3;5;0;;13;12
417;1;10;10;20;1;Standard;Balanced;Balanced;Balanced;Balanced;Balanced;Balanced;4;4;4;4;4;4;4;4;4;4;4;4;4;4;0;;14;14
418;1;10;10;20;1;Standard;Balanced;Balanced;Balanced;Balanced;Balanced;Balanced;4;4;4;4;4;4;4;4;4;4;4;4;4;4;0;;14;14
419;1;10;10;20;1;Standard;Balanced;Balanced;Balanced;Balanced;Balanced;Balanced;2;2;2;2;2;2;2;2;2;2;2;2;2;2;0;;14;14
420;20;5;1;1;1;Standard;Balanced;Balanced;Balanced;Balanced;Balanced;Balanced;0;0;0;0;0;0;0;2;0;2;2;2;0;0;0;;10;10
421;20;5;1;1;1;Standard;Balanced;Balanced;Balanced;Balanced;Balanced;Balanced;0;0;0;0;0;0;0;2;0;2;2;2;0;0;0;;10;10
422;1;10;10;20;1;Standard;Balanced;Balanced;Balanced;Balanced;Balanced;Balanced;4;4;4;4;4;4;4;4;4;4;4;4;4;4;0;;14;14
423;1;10;10;20;1;Standard;Non-physical;Balanced;Balanced;Balanced;Balanced;Balanced;4;4;4;4;4;4;4;4;4;4;4;4;4;4;0;;14;14
424;1;10;15;20;1;Standard;Balanced;Balanced;Balanced;Balanced;Balanced;Balanced;3;4;6;3;4;4;4;2;3;2;2;2;3;4;0;;13;12
425;1;10;10;20;1;Standard;Balanced;Balanced;Balanced;Balanced;Balanced;Balanced;3;4;6;3;4;4;4;4;3;4;4;4;3;4;0;;14;14
426;20;10;1;1;1;Standard;Balanced;Balanced;Balanced;Balanced;Innovative;Loyal;0;0;0;0;0;0;0;4;0;4;4;4;0;0;0;;5;5
427;20;5;1;1;1;Standard;Balanced;Balanced;Balanced;Balanced;Balanced;Balanced;0;0;0;0;0;0;0;1;0;1;1;1;0;0;0;;10;10
428;1;10;15;20;1;Standard;Balanced;Balanced;Balanced;Balanced;Balanced;Balanced;3;5;8;3;5;6;6;3;4;3;3;3;3;6;0;;15;15
429;1;10;15;20;1;Offensive;Balanced;Balanced;Balanced;Balanced;Balanced;Balanced;4;11;6;5;7;5;6;4;5;4;4;4;4;7;0;;13;12
430;1;10;20;20;1;Defensive;Balanced;Balanced;Conservative;Balanced;Balanced;Loyal;16;7;6;9;11;6;6;4;9;4;4;4;6;10;0;;14;12
431;1;5;20;20;1;Standard;Balanced;Balanced;Balanced;Balanced;Balanced;Balanced;8;8;8;8;8;8;8;2;8;2;2;2;8;8;0;;13;12
432;1;1;1;1;20;Standard;Balanced;Balanced;Balanced;Balanced;Balanced;Balanced;0;0;0;0;0;0;0;0;0;0;0;0;0;0;15;;1;1
433;1;5;20;19;1;Defensive;Physical;Balanced;Conservative;Balanced;Balanced;Balanced;16;7;6;9;11;6;6;2;9;2;2;2;6;10;0;;13;12
434;10;15;15;20;1;Standard;Balanced;Balanced;Balanced;Balanced;Balanced;Balanced;1;2;4;1;2;3;3;2;2;2;2;2;1;3;0;;14;14
435;1;10;20;20;1;Standard;Balanced;Balanced;Balanced;Balanced;Balanced;Balanced;3;3;3;3;3;3;3;1;3;1;1;1;3;3;0;;13;12
436;1;10;15;20;1;Standard;Balanced;Balanced;Balanced;Balanced;Balanced;Balanced;1;1;2;1;1;1;1;1;1;1;1;1;1;1;0;;13;12
437;1;5;20;20;1;Standard;Balanced;Balanced;Balanced;Balanced;Balanced;Balanced;1;4;2;2;2;2;2;0;2;0;0;0;1;2;0;;13;12
438;1;5;20;20;1;Standard;Balanced;Balanced;Balanced;Balanced;Balanced;Balanced;2;3;5;2;3;4;4;0;3;0;0;0;2;4;0;;13;12
439;1;5;20;20;1;Standard;Balanced;Balanced;Balanced;Balanced;Balanced;Balanced;4;4;4;4;4;4;4;1;4;1;1;1;4;4;0;;13;12
440;1;10;20;20;1;Standard;Balanced;Balanced;Balanced;Balanced;Balanced;Balanced;3;3;3;3;3;3;3;1;3;1;1;1;3;3;0;;13;12
441;1;5;20;20;1;Standard;Balanced;Balanced;Balanced;Balanced;Balanced;Balanced;3;3;3;3;3;3;3;0;3;0;0;0;3;3;0;;13;12
442;1;10;10;20;1;Standard;Balanced;Balanced;Balanced;Balanced;Balanced;Balanced;3;3;3;3;3;3;3;3;3;3;3;3;3;3;0;;14;14
443;20;5;1;1;1;Standard;Balanced;Balanced;Balanced;Balanced;Balanced;Balanced;0;0;0;0;0;0;0;2;0;2;2;2;0;0;0;;10;10
444;20;5;1;1;1;Standard;Balanced;Balanced;Balanced;Balanced;Balanced;Balanced;0;0;0;0;0;0;0;2;0;2;2;2;0;0;0;;10;10
445;20;5;1;1;1;Standard;Balanced;Balanced;Balanced;Balanced;Balanced;Balanced;0;0;0;0;0;0;0;0;0;0;0;0;0;0;0;;10;10
446;20;5;1;1;1;Standard;Balanced;Balanced;Balanced;Balanced;Balanced;Balanced;0;0;0;0;0;0;0;0;0;0;0;0;0;0;0;;10;10
447;20;5;1;1;1;Standard;Balanced;Balanced;Balanced;Balanced;Balanced;Balanced;0;0;0;0;0;0;0;0;0;0;0;0;0;0;0;;10;10
448;20;5;1;1;1;Standard;Balanced;Balanced;Balanced;Balanced;Balanced;Balanced;0;0;0;0;0;0;0;0;0;0;0;0;0;0;0;;10;10
449;10;15;15;20;1;Standard;Balanced;Balanced;Balanced;Balanced;Balanced;Balanced;2;2;2;2;2;2;2;2;2;2;2;2;2;2;0;;14;14
450;1;1;1;1;20;Standard;Balanced;Balanced;Balanced;Balanced;Balanced;Very Loyal;0;0;0;0;0;0;0;0;0;0;0;0;0;0;18;;5;5
451;1;10;15;20;1;Standard;Non-physical;Balanced;Balanced;Balanced;Balanced;Balanced;6;6;6;6;6;6;6;4;6;4;4;4;6;6;0;;14;14
452;15;15;15;20;1;Standard;Non-physical;Balanced;Balanced;Prefers Veterans;Balanced;Balanced;4;4;4;4;4;4;4;6;4;2;6;2;4;4;0;;15;14
453;1;15;15;20;1;Standard;Non-physical;Balanced;Balanced;Balanced;Balanced;Balanced;5;5;5;5;5;5;5;5;5;5;5;5;5;5;0;;12;12
454;15;15;10;20;1;Standard;Non-physical;Balanced;Balanced;Prefers Veterans;Balanced;Balanced;2;2;4;2;2;3;3;6;2;1;4;4;2;3;0;;14;14
455;1;15;15;20;1;Defensive;Non-physical;Aggressive;Balanced;Balanced;Balanced;Loyal;6;6;6;6;6;6;6;6;6;6;6;6;6;6;0;;14;14
456;1;10;15;20;1;Standard;Non-physical;Balanced;Balanced;Balanced;Balanced;Balanced;4;4;4;4;4;4;4;2;4;2;2;2;4;4;0;;11;11
457;1;15;15;20;1;Standard;Balanced;Aggressive;Balanced;Balanced;Balanced;Balanced;6;6;6;6;6;6;6;6;6;6;6;6;6;6;0;;13;13
458;1;15;15;20;1;Standard;Non-physical;Balanced;Balanced;Balanced;Balanced;Balanced;3;3;3;3;3;3;3;3;3;3;3;3;3;3;0;;12;12
459;15;15;10;20;1;Standard;Non-physical;Balanced;Balanced;Balanced;Balanced;Balanced;2;2;2;2;2;2;2;3;2;3;3;3;2;2;0;;12;12
460;1;10;15;20;1;Defensive;Balanced;Balanced;Balanced;Balanced;Balanced;Balanced;4;9;5;4;6;4;5;3;4;3;3;3;4;6;0;;12;12
461;1;10;15;20;1;Standard;Balanced;Balanced;Balanced;Balanced;Innovative;Balanced;5;5;5;5;5;5;5;3;5;3;3;3;5;5;0;;12;12
462;1;15;20;20;1;Standard;Balanced;Balanced;Balanced;Balanced;Innovative;Balanced;5;5;5;5;5;5;5;4;5;4;4;4;5;5;0;;12;11
463;1;15;15;20;1;Standard;Balanced;Aggressive;Balanced;Balanced;Balanced;Balanced;4;4;4;4;4;4;4;4;4;4;4;4;4;4;0;;13;13
464;1;10;15;20;1;Standard;Balanced;Balanced;Balanced;Balanced;Balanced;Balanced;5;5;5;5;5;5;5;3;5;3;3;3;5;5;0;;12;12
465;1;10;20;20;1;Standard;Balanced;Balanced;Balanced;Prefers Veterans;Balanced;Balanced;4;10;5;5;6;5;5;2;5;2;2;2;4;6;0;;12;11
466;1;10;15;20;1;Standard;Balanced;Balanced;Balanced;Prefers Veterans;Balanced;Balanced;3;4;6;3;4;4;4;2;3;2;2;2;3;4;0;;11;11
467;1;10;20;20;1;Offensive;Non-physical;Balanced;Balanced;Balanced;Balanced;Balanced;5;5;5;5;5;5;5;2;5;2;2;2;5;5;0;;11;11
468;1;10;15;20;1;Standard;Non-physical;Balanced;Balanced;Balanced;Balanced;Balanced;4;4;4;4;4;4;4;2;4;2;2;2;4;4;0;;13;13
469;15;15;10;20;1;Standard;Non-physical;Balanced;Balanced;Balanced;Balanced;Loyal;2;2;4;2;2;3;3;4;2;4;4;4;2;3;0;;13;13
470;1;10;15;20;1;Standard;Non-physical;Balanced;Balanced;Balanced;Balanced;Balanced;4;4;4;4;4;4;4;2;4;2;2;2;4;4;0;;14;14
471;1;10;20;20;1;Standard;Non-physical;Balanced;Balanced;Balanced;Balanced;Balanced;5;5;5;5;5;5;5;2;5;2;2;2;5;5;0;;11;11
472;15;15;15;20;1;Standard;Non-physical;Balanced;Balanced;Balanced;Balanced;Loyal;6;6;6;6;6;6;6;6;6;6;6;6;6;6;0;;14;14
473;1;15;15;20;1;Standard;Non-physical;Passive;Balanced;Balanced;Balanced;Balanced;5;5;5;5;5;5;5;5;5;5;5;5;5;5;0;;11;11
474;1;10;20;20;1;Standard;Balanced;Balanced;Balanced;Balanced;Balanced;Balanced;7;7;7;7;7;7;7;3;7;3;3;3;7;7;0;;12;12
475;1;15;15;20;1;Standard;Non-physical;Balanced;Balanced;Balanced;Balanced;Balanced;4;4;4;4;4;4;4;4;4;4;4;4;4;4;0;;13;13
476;15;15;10;20;1;Offensive;Non-physical;Balanced;Balanced;Balanced;Balanced;Balanced;2;2;2;2;2;2;2;3;2;3;3;3;2;2;0;;11;11
477;15;15;10;20;1;Offensive;Non-physical;Balanced;Balanced;Balanced;Balanced;Balanced;1;1;2;2;2;2;1;3;1;3;3;3;2;4;0;;11;11
478;1;10;15;20;1;Standard;Non-physical;Balanced;Balanced;Balanced;Balanced;Balanced;4;4;4;4;4;4;4;2;4;2;2;2;4;4;0;;13;13
479;1;15;15;20;1;Offensive;Non-physical;Balanced;Balanced;Balanced;Balanced;Balanced;4;6;10;4;6;7;7;6;5;6;6;6;4;7;0;;14;14
480;1;10;15;20;1;Offensive;Non-physical;Balanced;Balanced;Balanced;Balanced;Balanced;4;6;9;4;6;7;7;4;5;4;4;4;4;7;0;;13;13
481;1;15;15;20;1;Standard;Non-physical;Balanced;Balanced;Balanced;Balanced;Balanced;5;5;5;5;5;5;5;5;5;5;5;5;5;5;0;;14;14
482;1;15;15;20;1;Defensive;Non-physical;Aggressive;Balanced;Balanced;Innovative;Balanced;2;3;3;3;3;3;3;3;2;3;3;3;3;6;0;;15;15
483;1;15;15;20;1;Standard;Balanced;Aggressive;Balanced;Prefers Veterans;Balanced;Loyal;4;6;9;4;6;7;7;6;5;6;6;6;4;7;0;;14;14
484;1;15;18;20;1;Standard;Non-physical;Balanced;Balanced;Balanced;Balanced;Balanced;3;3;3;3;3;3;3;2;3;2;2;2;3;3;0;;11;11
485;1;15;15;20;1;Standard;Balanced;Balanced;Balanced;Balanced;Balanced;Balanced;1;2;3;1;2;2;2;2;1;2;2;2;1;2;0;;14;14
486;1;15;15;20;1;Standard;Balanced;Balanced;Balanced;Balanced;Balanced;Balanced;5;5;5;5;5;5;5;5;5;5;5;5;5;5;0;;13;13
487;1;10;15;20;1;Standard;Non-physical;Aggressive;Balanced;Prefers Prospects;Balanced;Loyal;1;2;2;2;2;2;2;1;1;1;1;1;2;4;0;;12;12
488;1;10;15;20;1;Standard;Non-physical;Balanced;Balanced;Balanced;Balanced;Balanced;1;2;3;1;2;2;2;1;2;1;1;1;1;2;0;;12;12
489;1;15;15;20;1;Defensive;Non-physical;Balanced;Balanced;Balanced;Balanced;Balanced;2;3;1;2;4;1;1;2;2;2;2;2;2;3;0;;12;12
490;1;15;15;20;1;Standard;Non-physical;Balanced;Balanced;Balanced;Balanced;Balanced;1;1;1;1;1;1;1;1;1;1;1;1;1;1;0;;12;12
491;1;10;15;20;1;Standard;Balanced;Balanced;Balanced;Prefers Veterans;Balanced;Loyal;4;5;9;4;5;6;6;3;4;3;3;3;4;6;0;;14;14
492;1;10;20;20;1;Standard;Non-physical;Balanced;Balanced;Balanced;Balanced;Loyal;5;7;11;5;7;8;8;3;6;3;3;3;5;8;0;;11;11
493;15;15;10;20;1;Standard;Non-physical;Balanced;Balanced;Balanced;Balanced;Balanced;4;4;4;4;4;4;4;6;4;6;6;6;4;4;0;;14;14
494;15;15;10;20;1;Standard;Non-physical;Balanced;Balanced;Balanced;Balanced;Balanced;2;2;2;2;2;2;2;3;2;3;3;3;2;2;0;;12;12
495;15;15;10;20;1;Standard;Non-physical;Balanced;Balanced;Balanced;Balanced;Balanced;3;3;3;3;3;3;3;5;3;5;5;5;3;3;0;;12;12
496;15;15;10;20;1;Standard;Non-physical;Balanced;Balanced;Balanced;Balanced;Balanced;1;1;2;2;2;2;1;2;1;3;2;5;2;4;0;;14;16
497;1;10;16;20;1;Standard;Non-physical;Balanced;Balanced;Balanced;Conservative;Balanced;2;2;2;2;2;2;2;1;2;1;1;1;2;2;0;;11;11
498;15;15;10;20;1;Standard;Balanced;Balanced;Balanced;Balanced;Balanced;Balanced;4;4;4;4;4;4;4;6;4;6;6;6;4;4;0;;14;14
499;1;15;17;20;1;Standard;Non-physical;Balanced;Balanced;Balanced;Balanced;Balanced;1;1;1;1;1;1;1;1;1;1;1;1;1;3;0;;11;11
500;15;15;10;20;1;Standard;Non-physical;Aggressive;Balanced;Balanced;Balanced;Balanced;4;4;4;4;4;4;4;4;4;6;4;10;4;4;0;;15;15
501;15;15;15;20;1;Standard;Balanced;Balanced;Balanced;Balanced;Balanced;Balanced;6;6;6;6;6;6;6;6;6;6;6;6;6;6;0;;14;14
502;1;10;15;20;1;Defensive;Balanced;Balanced;Balanced;Balanced;Balanced;Loyal;2;5;2;2;3;2;2;1;2;1;1;1;2;3;0;;14;14
503;1;10;15;20;1;Standard;Balanced;Balanced;Balanced;Balanced;Balanced;Balanced;4;4;4;4;4;4;4;3;4;3;3;3;4;4;0;;12;12
504;1;10;20;20;1;Standard;Balanced;Balanced;Balanced;Balanced;Balanced;Balanced;7;7;7;7;7;7;7;3;7;3;3;3;7;7;0;;12;12
505;1;10;15;20;1;Offensive;Non-physical;Passive;Balanced;Prefers Veterans;Balanced;Balanced;3;3;3;3;3;3;3;2;3;2;2;2;3;3;0;;11;11
506;1;10;15;20;1;Standard;Non-physical;Passive;Balanced;Balanced;Balanced;Balanced;1;1;1;1;1;1;1;1;1;1;1;1;1;1;0;;10;10
507;1;1;1;1;20;Standard;Balanced;Balanced;Balanced;Balanced;Balanced;Balanced;0;0;0;0;0;0;0;0;0;0;0;0;0;0;15;;5;5
508;20;5;1;1;1;Standard;Balanced;Balanced;Balanced;Balanced;Balanced;Balanced;0;0;0;0;0;0;0;2;0;2;2;2;0;0;0;;0;0
509;1;1;5;1;20;Standard;Balanced;Balanced;Balanced;Balanced;Balanced;Balanced;1;1;1;1;1;1;1;0;1;0;0;0;1;1;17;;0;0
510;10;10;15;20;1;Very Offensive;Non-physical;Very Aggressive;Aggressive;Prefers Veterans;Innovative;Very Loyal;4;9;2;5;6;1;15;7;6;3;8;10;4;7;0;;20;15
511;10;10;15;20;1;Offensive;Very Non-Physical;Balanced;Balanced;Prefers Prospects;Innovative;Balanced;2;6;12;6;13;10;4;11;16;19;11;5;15;6;0;;15;12
512;10;10;15;20;1;Offensive;Very Non-Physical;Very Passive;Balanced;Prefers Veterans;Balanced;Loyal;2;10;3;8;4;10;8;4;10;14;13;20;6;2;0;;16;15
513;5;10;20;15;1;Offensive;Very Non-Physical;Balanced;Very Aggressive;Prefers Veterans;Balanced;Balanced;10;17;9;10;20;18;11;6;6;3;7;11;8;12;0;;7;13
514;5;10;20;15;1;Defensive;Non-physical;Balanced;Aggressive;Balanced;Balanced;Balanced;18;17;6;14;12;14;15;6;8;8;1;11;12;5;0;;11;3
515;10;10;15;20;1;Offensive;Very Non-Physical;Balanced;Balanced;Balanced;Balanced;Loyal;11;7;8;6;12;1;9;7;11;4;7;8;16;1;0;;16;16
516;10;10;15;20;1;Offensive;Very Non-Physical;Balanced;Balanced;Prefers Veterans;Conservative;Balanced;5;5;8;5;8;6;11;4;3;4;4;5;7;1;0;;20;16
517;10;10;15;20;1;Offensive;Non-physical;Aggressive;Balanced;Balanced;Balanced;Balanced;8;8;11;14;4;5;3;10;3;7;4;20;14;7;0;;12;12
518;10;10;15;20;1;Standard;Non-physical;Passive;Balanced;Balanced;Balanced;Balanced;12;2;8;13;15;9;1;4;13;17;4;7;9;8;0;;15;10
519;10;10;15;20;1;Offensive;Very Non-Physical;Passive;Balanced;Balanced;Balanced;Ruthless;3;2;6;4;7;5;2;3;13;7;4;8;6;13;0;;18;10
520;5;10;20;15;1;Offensive;Non-physical;Balanced;Balanced;Loves Prospects;Innovative;Balanced;8;5;17;20;20;13;4;4;7;4;4;12;14;7;0;;13;3
521;5;10;15;20;1;Offensive;Non-physical;Aggressive;Balanced;Balanced;Balanced;Ruthless;13;3;3;3;16;12;8;7;6;15;10;9;13;11;0;;10;5
522;5;10;20;15;1;Offensive;Very Non-Physical;Balanced;Balanced;Balanced;Conservative;Ruthless;17;11;10;18;16;7;12;9;4;10;9;11;17;11;0;;10;9
523;1;1;5;1;20;Offensive;Very Non-Physical;Balanced;Balanced;Loves Prospects;Conservative;Very Ruthless;0;0;0;0;0;0;0;5;0;0;8;0;0;0;16;;0;0
524;10;10;15;20;1;Offensive;Very Non-Physical;Balanced;Very Aggressive;Loves Veterans;Innovative;Ruthless;3;13;2;13;11;3;15;12;9;5;11;9;13;4;0;;20;13
525;10;10;15;20;1;Offensive;Very Non-Physical;Aggressive;Aggressive;Prefers Veterans;Balanced;Balanced;9;13;14;1;6;7;5;11;16;14;7;19;6;6;0;;20;14
526;10;10;15;20;1;Offensive;Very Non-Physical;Aggressive;Balanced;Prefers Veterans;Innovative;Balanced;11;9;8;1;3;8;9;4;5;4;8;17;9;12;0;;15;13
527;5;10;20;15;1;Offensive;Very Non-Physical;Passive;Conservative;Prefers Prospects;Innovative;Balanced;5;4;16;9;7;7;20;7;17;12;3;5;11;6;0;;14;7
528;5;10;20;15;1;Standard;Non-physical;Balanced;Conservative;Balanced;Balanced;Ruthless;7;9;7;13;11;17;7;8;11;7;9;17;15;18;0;;3;12
529;10;10;15;20;1;Standard;Very Non-Physical;Balanced;Conservative;Balanced;Innovative;Balanced;13;9;5;5;9;9;9;7;7;3;7;16;12;1;0;;20;14
530;10;10;15;20;1;Very Offensive;Very Non-Physical;Passive;Balanced;Balanced;Conservative;Balanced;1;6;12;12;5;12;9;7;11;10;6;4;4;6;0;;17;16
531;10;10;15;20;1;Very Offensive;Very Non-Physical;Very Passive;Very Conservative;Balanced;Balanced;Loyal;13;15;6;11;4;9;12;8;6;0;10;12;7;15;0;;18;13
532;10;10;15;20;1;Offensive;Very Non-Physical;Passive;Balanced;Balanced;Balanced;Loyal;5;5;15;8;10;11;3;11;5;8;5;20;5;9;0;;15;15
533;5;10;20;15;1;Offensive;Very Non-Physical;Balanced;Aggressive;Balanced;Balanced;Ruthless;9;11;8;17;13;12;9;4;7;0;6;5;15;11;0;;1;3
534;5;10;20;15;1;Offensive;Very Non-Physical;Very Aggressive;Very Conservative;Balanced;Balanced;Balanced;5;4;8;13;11;10;8;6;14;7;4;8;13;20;0;;6;2
535;5;10;20;15;1;Standard;Non-physical;Aggressive;Aggressive;Prefers Prospects;Balanced;Balanced;9;7;10;4;14;7;13;7;3;11;6;7;18;12;0;;3;12
536;10;10;15;20;1;Standard;Very Non-Physical;Very Passive;Conservative;Balanced;Innovative;Ruthless;6;11;2;15;2;12;5;11;9;11;8;16;8;4;0;;13;12
537;10;10;15;20;1;Standard;Non-physical;Balanced;Balanced;Balanced;Conservative;Ruthless;7;5;10;11;10;7;6;8;7;7;8;6;14;13;0;;14;20
538;10;10;15;20;1;Offensive;Very Non-Physical;Balanced;Aggressive;Prefers Veterans;Balanced;Balanced;5;1;10;4;9;3;4;5;15;10;2;17;17;12;0;;19;20
539;10;10;15;20;1;Standard;Very Non-Physical;Balanced;Very Conservative;Prefers Veterans;Balanced;Very Ruthless;13;3;3;13;7;9;8;2;5;7;10;7;7;5;0;;18;13
540;5;10;20;15;1;Defensive;Very Non-Physical;Passive;Very Aggressive;Prefers Veterans;Innovative;Balanced;10;10;18;6;20;14;13;9;11;4;3;11;14;10;0;;10;7
541;1;1;5;1;20;Standard;Very Non-Physical;Balanced;Balanced;Balanced;Balanced;Balanced;0;0;0;0;0;0;0;8;0;0;4;0;0;0;17;;0;0
542;10;10;15;20;1;Offensive;Non-physical;Aggressive;Conservative;Prefers Prospects;Balanced;Very Loyal;13;1;3;3;1;10;1;8;4;6;4;18;5;8;0;;15;12
543;5;10;20;15;1;Standard;Non-physical;Balanced;Aggressive;Prefers Prospects;Innovative;Balanced;3;9;19;4;10;15;14;10;10;5;1;10;10;5;0;;11;3
544;5;10;20;15;1;Very Offensive;Non-physical;Aggressive;Balanced;Balanced;Conservative;Loyal;15;7;19;12;12;3;11;10;9;9;4;12;20;18;0;;3;10
545;10;10;15;20;1;Offensive;Very Non-Physical;Balanced;Balanced;Prefers Prospects;Balanced;Loyal;11;12;13;12;3;7;2;11;16;18;4;20;4;8;0;;14;14
546;10;10;15;20;1;Standard;Non-physical;Balanced;Conservative;Balanced;Innovative;Ruthless;7;5;11;9;11;5;15;11;5;15;7;17;11;3;0;;12;12
547;5;10;20;15;1;Offensive;Very Non-Physical;Balanced;Conservative;Prefers Veterans;Very Innovative;Balanced;15;10;17;6;9;18;5;2;14;8;5;12;11;7;0;;13;4
548;5;10;20;15;1;Offensive;Very Non-Physical;Balanced;Aggressive;Balanced;Innovative;Loyal;15;8;11;16;4;7;6;7;10;8;1;8;13;19;0;;4;2
549;1;1;5;1;20;Offensive;Non-physical;Aggressive;Balanced;Prefers Prospects;Balanced;Balanced;0;0;0;0;0;0;0;2;0;0;5;0;0;0;19;;0;0
550;5;10;20;15;1;Offensive;Non-physical;Balanced;Very Aggressive;Loves Prospects;Balanced;Ruthless;6;14;7;19;13;7;10;9;11;3;6;5;10;18;0;;11;14
551;5;10;20;15;1;Offensive;Very Non-Physical;Balanced;Balanced;Prefers Prospects;Very Innovative;Balanced;18;16;16;17;11;19;12;1;3;14;8;7;13;6;0;;13;2
552;1;1;5;1;20;Standard;Very Non-Physical;Passive;Very Conservative;Balanced;Innovative;Ruthless;0;0;0;0;0;0;0;7;0;0;9;0;0;0;20;;0;0
553;5;10;20;15;1;Standard;Very Non-Physical;Balanced;Conservative;Balanced;Conservative;Balanced;14;9;7;15;20;18;8;7;14;4;8;16;6;20;0;;1;4
554;5;10;20;15;1;Standard;Very Non-Physical;Aggressive;Balanced;Prefers Prospects;Conservative;Loyal;13;10;7;14;16;10;17;9;14;4;2;16;13;18;0;;4;2
555;5;10;20;15;1;Offensive;Very Non-Physical;Balanced;Conservative;Loves Veterans;Balanced;Very Loyal;20;15;14;7;11;13;6;7;4;7;2;3;20;16;0;;6;11
556;1;1;5;1;20;Offensive;Very Non-Physical;Passive;Conservative;Balanced;Innovative;Ruthless;0;0;0;0;0;0;0;2;0;0;8;0;0;0;19;;0;0
557;5;10;20;15;1;Offensive;Non-physical;Balanced;Balanced;Balanced;Balanced;Loyal;5;18;15;10;6;17;13;4;10;8;7;9;14;17;0;;3;14
558;1;1;5;1;20;Standard;Very Non-Physical;Aggressive;Balanced;Prefers Prospects;Innovative;Ruthless;0;0;0;0;0;0;0;8;0;0;2;0;0;0;19;;0;0
559;10;10;15;20;1;Offensive;Non-physical;Aggressive;Balanced;Balanced;Balanced;Balanced;12;6;11;12;2;1;1;10;6;11;11;8;13;5;0;;14;13
560;10;10;15;20;1;Standard;Very Non-Physical;Balanced;Balanced;Balanced;Balanced;Balanced;7;3;3;7;6;3;13;2;12;2;12;15;8;4;0;;19;14
561;10;10;15;20;1;Standard;Non-physical;Passive;Balanced;Balanced;Balanced;Very Ruthless;11;13;12;2;4;11;5;5;7;6;7;9;9;14;0;;15;20
562;10;10;15;20;1;Offensive;Very Non-Physical;Passive;Conservative;Prefers Veterans;Balanced;Very Ruthless;9;10;3;1;1;1;15;6;4;7;6;16;8;2;0;;12;20
563;5;10;20;15;1;Offensive;Very Non-Physical;Aggressive;Balanced;Prefers Veterans;Conservative;Balanced;14;11;7;16;13;5;17;5;4;9;5;4;20;13;0;;10;8
564;5;10;20;15;1;Offensive;Non-physical;Balanced;Aggressive;Balanced;Balanced;Balanced;16;18;11;15;15;11;16;11;9;13;1;4;11;16;0;;9;1
565;1;1;5;1;20;Standard;Non-physical;Aggressive;Very Conservative;Balanced;Very Conservative;Balanced;0;0;0;0;0;0;0;6;0;0;7;0;0;0;15;;0;0
566;10;10;15;20;1;Offensive;Very Non-Physical;Passive;Balanced;Balanced;Conservative;Loyal;2;9;13;3;2;11;14;11;9;5;8;15;14;1;0;;14;11
567;10;10;15;20;1;Offensive;Very Non-Physical;Passive;Aggressive;Balanced;Balanced;Balanced;9;13;7;6;8;13;10;8;12;9;7;10;14;14;0;;17;13
568;5;10;20;15;1;Offensive;Non-physical;Balanced;Balanced;Balanced;Very Conservative;Loyal;11;9;13;14;4;16;18;10;17;9;5;17;13;10;0;;9;11
569;1;1;5;1;20;Standard;Very Non-Physical;Balanced;Balanced;Balanced;Very Innovative;Loyal;0;0;0;0;0;0;0;1;0;0;7;0;0;0;15;;0;0
570;10;10;15;20;1;Standard;Very Non-Physical;Balanced;Balanced;Prefers Veterans;Balanced;Balanced;5;8;11;13;2;6;6;5;3;14;9;12;5;4;0;;12;17
571;5;10;15;20;1;Offensive;Very Non-Physical;Balanced;Aggressive;Loves Veterans;Conservative;Balanced;7;12;12;8;4;10;16;8;12;12;5;14;16;3;0;;16;7
572;5;10;20;15;1;Offensive;Non-physical;Balanced;Conservative;Balanced;Very Innovative;Balanced;11;7;12;9;7;19;9;8;15;12;4;7;8;18;0;;6;10
573;10;10;15;20;1;Standard;Very Non-Physical;Balanced;Conservative;Balanced;Conservative;Very Loyal;10;12;12;6;2;15;3;5;8;16;10;16;7;1;0;;16;12
574;5;10;20;15;1;Offensive;Non-physical;Balanced;Aggressive;Balanced;Conservative;Very Ruthless;9;12;8;13;12;15;15;5;14;7;1;9;18;17;0;;2;3
575;5;10;20;15;1;Offensive;Very Non-Physical;Very Passive;Balanced;Balanced;Balanced;Balanced;8;20;5;20;5;12;10;8;11;11;5;4;9;3;0;;3;7
576;10;10;15;20;1;Offensive;Very Non-Physical;Passive;Balanced;Prefers Prospects;Balanced;Balanced;10;2;14;7;5;12;2;9;12;15;4;20;8;1;0;;20;15
577;10;10;15;20;1;Offensive;Non-physical;Passive;Aggressive;Prefers Veterans;Innovative;Balanced;9;9;15;14;6;5;8;3;11;16;14;14;7;8;0;;13;15
578;10;10;15;20;1;Standard;Very Non-Physical;Aggressive;Balanced;Balanced;Very Conservative;Ruthless;7;12;9;12;4;13;10;5;9;12;4;19;11;3;0;;12;17
579;5;10;20;15;1;Defensive;Very Non-Physical;Very Passive;Balanced;Balanced;Conservative;Loyal;17;11;9;6;13;16;8;8;11;13;2;14;20;9;0;;6;2
580;5;10;20;15;1;Offensive;Very Non-Physical;Balanced;Balanced;Prefers Prospects;Conservative;Balanced;20;5;7;14;19;18;6;6;8;1;8;12;17;5;0;;1;6
581;1;1;5;1;20;Offensive;Very Non-Physical;Balanced;Aggressive;Prefers Prospects;Conservative;Ruthless;0;0;0;0;0;0;0;5;0;0;6;0;0;0;18;;0;0
582;10;10;15;20;1;Standard;Non-physical;Balanced;Aggressive;Balanced;Balanced;Ruthless;11;5;10;5;12;10;9;5;7;11;10;11;9;3;0;;15;19
583;5;10;20;15;1;Offensive;Non-physical;Balanced;Balanced;Prefers Veterans;Balanced;Ruthless;5;15;6;9;13;10;14;5;15;8;6;17;19;5;0;;1;10
584;1;1;5;1;20;Offensive;Non-physical;Balanced;Aggressive;Balanced;Balanced;Loyal;0;0;0;0;0;0;0;3;0;0;7;0;0;0;15;;0;0
585;5;10;20;15;1;Offensive;Non-physical;Balanced;Aggressive;Prefers Prospects;Balanced;Balanced;12;9;10;7;16;15;8;8;17;13;3;15;10;5;0;;15;9
586;5;10;20;15;1;Offensive;Non-physical;Aggressive;Conservative;Balanced;Very Innovative;Loyal;14;5;4;3;14;13;3;3;17;0;7;9;10;5;0;;13;9
587;5;10;20;15;1;Standard;Non-physical;Balanced;Conservative;Loves Veterans;Balanced;Balanced;10;19;5;14;16;13;12;4;16;10;7;7;19;15;0;;7;7
588;1;1;5;1;20;Standard;Very Non-Physical;Very Passive;Balanced;Prefers Prospects;Very Conservative;Loyal;0;0;0;0;0;0;0;1;0;0;5;0;0;0;18;;0;0
589;5;10;20;15;1;Offensive;Very Non-Physical;Balanced;Balanced;Balanced;Very Conservative;Balanced;10;9;20;4;15;8;10;2;3;5;8;16;20;15;0;;5;11
590;1;1;5;1;20;Offensive;Non-physical;Balanced;Balanced;Balanced;Balanced;Loyal;0;0;0;0;0;0;0;8;0;0;4;0;0;0;19;;0;0
591;10;10;15;20;1;Standard;Very Non-Physical;Aggressive;Balanced;Balanced;Balanced;Balanced;13;3;6;15;5;15;9;9;7;15;9;10;17;1;0;;11;17
592;10;10;15;20;1;Standard;Non-physical;Aggressive;Very Aggressive;Prefers Veterans;Balanced;Loyal;2;13;7;2;4;3;7;2;6;16;7;11;15;1;0;;11;20
593;10;10;15;20;1;Offensive;Very Non-Physical;Balanced;Aggressive;Loves Veterans;Innovative;Balanced;8;5;5;6;12;11;11;9;7;7;4;10;11;15;0;;14;17
594;10;10;15;20;1;Offensive;Non-physical;Passive;Balanced;Balanced;Conservative;Balanced;8;1;8;3;7;2;15;5;3;3;8;6;17;6;0;;17;15
595;5;10;20;15;1;Offensive;Very Non-Physical;Balanced;Balanced;Prefers Veterans;Conservative;Balanced;8;10;20;5;7;20;14;6;13;10;5;16;8;7;0;;12;12
596;5;10;20;15;1;Standard;Very Non-Physical;Balanced;Balanced;Balanced;Conservative;Balanced;16;12;5;5;12;12;20;5;6;8;4;4;14;4;0;;8;2
597;10;10;15;20;1;Offensive;Non-physical;Balanced;Balanced;Prefers Prospects;Balanced;Balanced;3;15;1;4;9;11;4;2;5;7;10;16;9;4;0;;19;11
598;5;10;20;15;1;Defensive;Very Non-Physical;Balanced;Balanced;Loves Prospects;Balanced;Balanced;4;10;10;7;20;10;20;5;6;3;8;12;8;6;0;;9;4
599;5;10;20;15;1;Offensive;Very Non-Physical;Aggressive;Balanced;Balanced;Very Conservative;Loyal;5;13;19;4;6;12;10;9;6;0;2;4;20;16;0;;9;10
600;5;10;20;15;1;Offensive;Very Non-Physical;Balanced;Balanced;Balanced;Innovative;Ruthless;12;4;13;11;12;14;8;7;3;2;3;6;20;19;0;;1;8
601;1;1;5;1;20;Offensive;Very Non-Physical;Balanced;Conservative;Balanced;Balanced;Balanced;0;0;0;0;0;0;0;8;0;0;6;0;0;0;19;;0;0
602;10;10;15;20;1;Defensive;Very Non-Physical;Balanced;Very Aggressive;Prefers Prospects;Balanced;Balanced;1;5;12;13;9;10;2;6;13;12;8;18;11;6;0;;17;20
603;10;10;15;20;1;Offensive;Very Non-Physical;Balanced;Balanced;Balanced;Balanced;Balanced;14;7;15;4;14;13;10;2;16;11;10;19;16;7;0;;14;12
604;10;10;15;20;1;Offensive;Very Non-Physical;Balanced;Balanced;Balanced;Innovative;Ruthless;6;6;8;9;2;12;3;7;3;16;2;8;16;13;0;;15;11
605;10;10;15;20;1;Offensive;Very Non-Physical;Very Aggressive;Balanced;Prefers Veterans;Balanced;Ruthless;10;13;8;13;2;8;9;7;5;16;9;7;12;11;0;;14;20
606;10;10;15;20;1;Offensive;Very Non-Physical;Aggressive;Aggressive;Loves Prospects;Balanced;Balanced;9;12;10;9;12;10;14;2;5;15;11;20;17;13;0;;14;15
607;5;10;20;15;1;Offensive;Very Non-Physical;Balanced;Balanced;Prefers Prospects;Conservative;Balanced;6;11;4;17;17;6;20;5;11;14;9;17;20;11;0;;9;5
608;5;10;20;15;1;Standard;Non-physical;Balanced;Very Conservative;Loves Prospects;Balanced;Balanced;8;17;5;14;8;11;12;7;11;11;1;6;8;20;0;;3;1
609;5;10;20;15;1;Standard;Non-physical;Aggressive;Conservative;Balanced;Innovative;Balanced;10;7;15;11;20;15;7;5;6;13;3;13;20;6;0;;12;3
610;15;20;10;15;1;Offensive;Very Non-Physical;Passive;Aggressive;Loves Veterans;Balanced;Loyal;15;3;12;3;10;1;2;2;4;6;5;11;17;5;0;;10;10
611;10;15;20;15;1;Standard;Very Non-Physical;Aggressive;Conservative;Prefers Veterans;Balanced;Balanced;13;6;14;10;17;12;4;8;12;2;2;9;15;4;0;;14;14
612;10;10;15;20;1;Offensive;Non-physical;Passive;Balanced;Prefers Veterans;Balanced;Ruthless;10;13;15;11;4;3;4;10;11;10;7;15;8;11;0;;13;20
613;10;10;15;20;1;Offensive;Non-physical;Very Passive;Balanced;Balanced;Balanced;Very Ruthless;1;4;5;10;1;8;15;7;11;17;5;8;12;2;0;;15;13
614;10;10;15;20;1;Offensive;Very Non-Physical;Aggressive;Aggressive;Balanced;Innovative;Balanced;2;7;8;11;12;13;4;12;4;3;9;16;8;1;0;;11;17
615;10;10;15;20;1;Offensive;Very Non-Physical;Balanced;Balanced;Loves Veterans;Balanced;Balanced;2;3;5;11;9;4;12;8;4;3;10;11;11;6;0;;15;16
616;10;10;15;20;1;Offensive;Non-physical;Balanced;Balanced;Balanced;Balanced;Loyal;11;15;14;8;1;7;2;7;11;11;10;8;12;3;0;;13;16
617;10;10;15;20;1;Standard;Non-physical;Balanced;Balanced;Prefers Veterans;Very Conservative;Balanced;14;4;6;13;15;2;6;5;9;7;5;20;11;13;0;;16;14
618;10;10;15;20;1;Offensive;Very Non-Physical;Balanced;Aggressive;Prefers Veterans;Innovative;Balanced;10;6;6;8;5;2;3;7;14;14;4;18;7;9;0;;16;19
619;5;10;20;15;1;Offensive;Very Non-Physical;Balanced;Balanced;Balanced;Conservative;Ruthless;7;15;20;10;8;6;20;3;17;7;1;15;10;9;0;;5;15
620;5;10;20;15;1;Standard;Very Non-Physical;Passive;Balanced;Prefers Prospects;Conservative;Balanced;6;4;8;7;16;7;11;6;5;2;7;14;10;9;0;;15;1
621;5;10;20;15;1;Standard;Very Non-Physical;Passive;Balanced;Balanced;Conservative;Loyal;6;5;20;10;5;8;11;4;12;3;5;10;6;9;0;;5;8
622;15;20;10;15;1;Standard;Very Non-Physical;Aggressive;Aggressive;Loves Prospects;Conservative;Ruthless;4;11;3;10;7;6;7;7;11;0;6;10;4;12;0;;7;1
623;10;15;20;15;1;Offensive;Very Non-Physical;Passive;Conservative;Balanced;Innovative;Balanced;5;10;16;4;8;8;12;5;16;8;6;4;7;15;0;;15;10
624;10;10;15;20;1;Standard;Very Non-Physical;Passive;Balanced;Loves Veterans;Balanced;Balanced;1;7;6;9;1;3;12;11;7;3;3;17;12;6;0;;14;18
625;10;10;15;20;1;Offensive;Non-physical;Balanced;Balanced;Balanced;Balanced;Balanced;6;4;5;9;12;3;7;4;3;6;11;17;6;7;0;;20;12
626;10;10;15;20;1;Standard;Very Non-Physical;Aggressive;Very Aggressive;Balanced;Conservative;Balanced;12;15;1;2;1;7;4;10;15;20;4;14;15;11;0;;19;11
627;10;10;15;20;1;Very Offensive;Non-physical;Balanced;Aggressive;Balanced;Conservative;Loyal;3;15;5;12;12;10;13;4;8;8;11;15;9;12;0;;20;13
628;10;10;15;20;1;Offensive;Very Non-Physical;Balanced;Balanced;Balanced;Conservative;Balanced;3;13;7;5;4;13;10;9;14;8;6;12;11;8;0;;19;15
629;10;10;15;20;1;Offensive;Non-physical;Balanced;Balanced;Balanced;Very Innovative;Loyal;3;5;11;10;5;3;9;9;10;17;8;13;8;14;0;;12;20
630;10;10;15;20;1;Standard;Very Non-Physical;Balanced;Aggressive;Balanced;Balanced;Loyal;6;10;4;15;15;12;1;8;7;8;6;12;10;8;0;;18;13
631;5;10;20;15;1;Standard;Very Non-Physical;Balanced;Balanced;Balanced;Balanced;Loyal;18;6;17;17;11;12;17;7;11;1;7;3;20;12;0;;1;1
632;5;10;20;15;1;Offensive;Very Non-Physical;Balanced;Balanced;Balanced;Very Conservative;Loyal;8;15;16;14;7;7;4;10;8;14;2;11;20;6;0;;1;4
633;5;10;20;15;1;Very Offensive;Non-physical;Balanced;Balanced;Balanced;Conservative;Balanced;10;12;12;4;11;18;7;9;9;3;9;14;9;4;0;;7;15
634;1;1;5;1;20;Offensive;Very Non-Physical;Passive;Balanced;Balanced;Balanced;Balanced;0;0;0;0;0;0;0;6;0;0;3;0;0;0;17;;0;0
635;15;20;10;15;1;Offensive;Very Non-Physical;Very Passive;Balanced;Balanced;Balanced;Balanced;15;1;12;12;1;2;9;6;10;11;9;5;12;3;0;;4;1
636;10;15;20;15;1;Defensive;Non-physical;Balanced;Balanced;Balanced;Balanced;Balanced;4;10;8;17;8;7;13;9;9;12;2;17;14;9;0;;3;15
637;10;10;15;20;1;Offensive;Very Non-Physical;Balanced;Very Conservative;Prefers Prospects;Balanced;Balanced;15;12;8;14;8;15;10;13;6;6;8;13;8;8;0;;20;12
638;10;10;15;20;1;Offensive;Very Non-Physical;Aggressive;Balanced;Prefers Veterans;Conservative;Balanced;4;9;14;11;11;10;6;6;6;10;9;7;17;12;0;;15;20
639;10;10;15;20;1;Offensive;Non-physical;Aggressive;Balanced;Balanced;Innovative;Balanced;10;10;7;8;11;10;4;5;3;15;8;18;15;5;0;;13;12
640;10;10;15;20;1;Offensive;Very Non-Physical;Passive;Aggressive;Prefers Prospects;Very Innovative;Balanced;9;12;3;2;4;8;5;10;11;10;12;9;11;2;0;;20;18
641;10;10;15;20;1;Standard;Very Non-Physical;Balanced;Balanced;Prefers Prospects;Conservative;Loyal;10;11;3;10;1;13;9;6;11;3;13;5;9;12;0;;17;15
642;10;10;15;20;1;Offensive;Very Non-Physical;Balanced;Balanced;Prefers Prospects;Balanced;Balanced;14;8;9;3;2;7;5;6;6;10;11;13;4;11;0;;16;17
643;10;10;15;20;1;Defensive;Very Non-Physical;Very Passive;Conservative;Balanced;Conservative;Ruthless;7;7;8;15;5;15;8;8;13;4;3;6;18;8;0;;20;16
644;5;10;20;15;1;Offensive;Non-physical;Very Aggressive;Balanced;Prefers Prospects;Very Innovative;Ruthless;11;12;15;13;19;17;16;10;7;9;6;8;20;17;0;;8;14
645;5;10;20;15;1;Offensive;Very Non-Physical;Balanced;Balanced;Prefers Veterans;Conservative;Balanced;16;7;12;12;9;12;17;4;6;5;2;5;7;8;0;;7;4
646;5;10;20;15;1;Offensive;Very Non-Physical;Aggressive;Aggressive;Prefers Prospects;Balanced;Very Loyal;8;15;8;6;6;19;9;9;14;12;9;9;20;15;0;;14;6
647;5;10;20;15;1;Offensive;Very Non-Physical;Balanced;Balanced;Balanced;Balanced;Balanced;9;15;15;5;18;12;12;10;17;9;9;16;13;15;0;;9;4
648;1;1;5;1;20;Offensive;Very Non-Physical;Passive;Balanced;Prefers Prospects;Balanced;Balanced;0;0;0;0;0;0;0;3;0;0;5;0;0;0;17;;0;0
649;15;20;10;15;1;Standard;Non-physical;Balanced;Aggressive;Balanced;Balanced;Balanced;2;3;13;7;9;8;5;6;16;5;3;13;18;14;0;;15;3
650;10;15;20;15;1;Offensive;Very Non-Physical;Passive;Aggressive;Prefers Prospects;Conservative;Loyal;17;4;3;15;15;10;3;9;9;8;4;8;19;15;0;;7;3
651;10;10;15;20;1;Offensive;Very Non-Physical;Balanced;Balanced;Loves Prospects;Balanced;Very Ruthless;15;6;8;10;15;12;9;8;4;8;9;6;15;9;0;;16;18
652;10;10;15;20;1;Offensive;Very Non-Physical;Aggressive;Balanced;Balanced;Balanced;Balanced;10;3;1;7;15;14;12;9;12;10;9;10;18;4;0;;20;15
653;10;10;15;20;1;Offensive;Very Non-Physical;Aggressive;Aggressive;Prefers Veterans;Conservative;Ruthless;9;1;9;3;5;6;10;7;5;3;7;10;18;13;0;;15;18
654;10;10;15;20;1;Defensive;Very Non-Physical;Very Aggressive;Balanced;Balanced;Conservative;Very Loyal;8;1;7;10;2;3;9;8;15;11;3;7;4;8;0;;16;18
655;10;10;15;20;1;Standard;Very Non-Physical;Aggressive;Aggressive;Balanced;Balanced;Balanced;14;9;9;9;14;15;4;7;17;8;6;14;12;12;0;;16;20
656;10;10;15;20;1;Offensive;Non-physical;Aggressive;Balanced;Balanced;Balanced;Very Ruthless;12;8;12;15;10;14;1;9;7;7;10;20;18;5;0;;20;12
657;10;10;15;20;1;Offensive;Very Non-Physical;Very Aggressive;Aggressive;Balanced;Balanced;Balanced;8;7;1;13;10;5;13;4;10;14;10;11;6;6;0;;16;18
658;5;10;20;15;1;Standard;Very Non-Physical;Balanced;Balanced;Balanced;Very Conservative;Balanced;6;6;9;20;17;7;12;1;9;0;3;7;7;11;0;;14;14
659;5;10;20;15;1;Standard;Very Non-Physical;Balanced;Aggressive;Prefers Prospects;Conservative;Balanced;14;17;6;4;20;15;19;5;4;9;3;6;20;5;0;;10;11
660;5;10;20;15;1;Offensive;Very Non-Physical;Balanced;Aggressive;Prefers Prospects;Balanced;Balanced;9;13;17;4;7;18;6;4;3;1;1;4;14;8;0;;5;5
661;1;1;5;1;20;Offensive;Very Non-Physical;Passive;Balanced;Loves Prospects;Conservative;Ruthless;0;0;0;0;0;0;0;9;0;0;4;0;0;0;16;;0;0
662;15;20;10;15;1;Offensive;Very Non-Physical;Balanced;Balanced;Balanced;Balanced;Balanced;14;10;7;5;5;13;10;3;9;2;1;3;4;4;0;;5;2
663;10;15;20;15;1;Offensive;Very Non-Physical;Passive;Conservative;Balanced;Very Conservative;Ruthless;8;3;6;8;6;17;5;2;6;10;2;14;6;12;0;;9;4
664;10;10;15;20;1;Offensive;Very Non-Physical;Passive;Balanced;Prefers Veterans;Balanced;Ruthless;3;9;6;7;3;14;8;6;6;18;13;12;14;2;0;;18;11
665;10;10;15;20;1;Offensive;Non-physical;Aggressive;Conservative;Loves Prospects;Very Innovative;Balanced;5;1;5;10;11;11;7;8;12;15;8;20;8;8;0;;20;13
666;10;10;15;20;1;Offensive;Very Non-Physical;Passive;Aggressive;Prefers Prospects;Very Conservative;Balanced;14;7;7;12;8;14;10;5;9;4;7;15;13;7;0;;15;14
667;10;10;15;20;1;Offensive;Very Non-Physical;Balanced;Balanced;Balanced;Innovative;Balanced;7;7;6;13;14;14;1;5;9;3;4;6;16;2;0;;15;18
668;10;10;15;20;1;Standard;Very Non-Physical;Aggressive;Very Aggressive;Prefers Prospects;Innovative;Loyal;5;15;5;9;4;13;5;4;7;16;6;15;5;9;0;;20;18
669;10;10;15;20;1;Offensive;Non-physical;Aggressive;Balanced;Balanced;Very Conservative;Balanced;9;9;6;5;1;5;7;7;4;3;10;10;8;6;0;;17;17
670;10;10;15;20;1;Offensive;Very Non-Physical;Very Aggressive;Aggressive;Prefers Veterans;Balanced;Ruthless;11;1;11;7;14;6;7;6;7;11;5;4;6;14;0;;20;20
671;5;10;20;15;1;Standard;Very Non-Physical;Very Aggressive;Balanced;Prefers Prospects;Balanced;Ruthless;5;12;11;13;6;9;6;11;17;10;3;5;18;12;0;;4;10
672;5;10;20;15;1;Offensive;Very Non-Physical;Balanced;Balanced;Balanced;Balanced;Balanced;20;7;17;11;8;12;12;7;12;5;2;3;17;6;0;;4;6
673;5;10;20;15;1;Offensive;Very Non-Physical;Balanced;Aggressive;Balanced;Balanced;Balanced;20;9;9;20;8;14;15;7;8;0;8;16;17;16;0;;5;15
674;5;10;20;15;1;Offensive;Non-physical;Balanced;Aggressive;Balanced;Balanced;Balanced;8;3;5;6;5;8;4;10;12;10;7;4;17;5;0;;13;6
675;15;20;10;15;1;Offensive;Very Non-Physical;Passive;Balanced;Prefers Prospects;Balanced;Very Loyal;11;14;13;2;6;8;12;5;9;8;4;3;16;4;0;;5;4
676;10;15;20;15;1;Offensive;Very Non-Physical;Passive;Balanced;Loves Veterans;Very Conservative;Balanced;8;15;10;10;6;6;8;3;12;1;8;11;9;7;0;;4;6
677;10;10;15;20;1;Defensive;Very Non-Physical;Balanced;Balanced;Balanced;Conservative;Very Loyal;1;11;4;11;4;6;12;8;16;12;5;6;5;13;0;;17;20
678;10;10;15;20;1;Offensive;Very Non-Physical;Passive;Aggressive;Balanced;Innovative;Loyal;4;5;9;7;3;11;5;4;4;2;8;20;9;3;0;;11;13
679;10;10;15;20;1;Offensive;Non-physical;Balanced;Very Aggressive;Loves Prospects;Balanced;Ruthless;4;15;10;7;8;10;9;8;17;11;5;12;18;8;0;;20;20
680;10;10;15;20;1;Offensive;Non-physical;Balanced;Balanced;Prefers Prospects;Balanced;Loyal;2;4;9;6;2;5;4;9;17;9;2;12;8;8;0;;18;15
681;10;10;15;20;1;Offensive;Non-physical;Passive;Aggressive;Balanced;Innovative;Ruthless;2;8;9;10;12;10;13;3;4;3;2;9;6;5;0;;16;17
682;10;10;15;20;1;Offensive;Very Non-Physical;Balanced;Conservative;Balanced;Conservative;Balanced;6;14;15;11;11;14;9;9;14;20;9;11;18;7;0;;12;14
683;10;10;15;20;1;Offensive;Very Non-Physical;Balanced;Balanced;Balanced;Innovative;Balanced;13;2;4;9;15;9;6;12;8;16;6;4;4;1;0;;19;11
684;5;10;20;15;1;Offensive;Very Non-Physical;Balanced;Aggressive;Prefers Prospects;Balanced;Loyal;17;4;7;9;7;15;11;7;13;13;1;3;12;11;0;;9;7
685;5;10;20;15;1;Standard;Very Non-Physical;Balanced;Aggressive;Balanced;Innovative;Balanced;16;14;9;12;19;19;12;10;9;8;1;6;8;4;0;;2;5
686;5;10;20;15;1;Offensive;Very Non-Physical;Balanced;Balanced;Loves Prospects;Conservative;Loyal;7;10;11;19;9;14;9;10;4;1;4;5;20;7;0;;14;8
687;1;1;5;1;20;Offensive;Very Non-Physical;Balanced;Very Conservative;Prefers Veterans;Balanced;Ruthless;0;0;0;0;0;0;0;4;0;0;9;0;0;0;20;;0;0
688;15;20;10;15;1;Offensive;Very Non-Physical;Passive;Conservative;Balanced;Innovative;Balanced;11;6;3;3;9;15;8;3;9;0;3;3;14;1;0;;5;7
689;10;15;20;15;1;Standard;Very Non-Physical;Passive;Aggressive;Balanced;Conservative;Balanced;7;4;7;14;12;6;11;9;8;5;7;9;11;3;0;;1;7
690;10;10;15;20;1;Offensive;Non-physical;Passive;Conservative;Balanced;Conservative;Balanced;5;12;1;1;4;12;3;6;6;1;5;9;4;9;0;;20;19
691;10;10;15;20;1;Offensive;Very Non-Physical;Balanced;Aggressive;Balanced;Conservative;Ruthless;11;15;3;1;1;6;9;7;16;14;8;19;12;15;0;;20;12
692;10;10;15;20;1;Standard;Very Non-Physical;Balanced;Aggressive;Prefers Prospects;Balanced;Balanced;10;15;1;9;1;11;12;7;7;2;6;5;5;1;0;;20;14
693;10;10;15;20;1;Offensive;Very Non-Physical;Passive;Balanced;Balanced;Balanced;Balanced;7;3;2;10;6;1;1;5;16;4;5;19;7;5;0;;20;17
694;10;10;15;20;1;Offensive;Very Non-Physical;Aggressive;Aggressive;Prefers Veterans;Conservative;Ruthless;9;4;11;13;2;7;4;2;16;9;7;17;13;3;0;;20;10
695;10;10;15;20;1;Offensive;Very Non-Physical;Balanced;Conservative;Prefers Prospects;Conservative;Balanced;7;3;8;6;2;4;10;16;8;12;13;11;4;8;0;;13;17
696;10;10;15;20;1;Offensive;Very Non-Physical;Balanced;Conservative;Prefers Prospects;Conservative;Balanced;4;2;1;8;5;1;7;9;11;8;4;10;16;12;0;;15;18
697;5;10;20;15;1;Offensive;Non-physical;Very Aggressive;Balanced;Prefers Veterans;Innovative;Balanced;12;6;6;12;7;6;12;7;16;3;2;7;15;7;0;;6;13
698;5;10;20;15;1;Standard;Non-physical;Very Aggressive;Very Conservative;Loves Veterans;Conservative;Loyal;20;11;6;16;5;9;5;6;14;11;1;8;11;14;0;;1;2
699;5;10;20;15;1;Standard;Very Non-Physical;Balanced;Balanced;Prefers Veterans;Balanced;Ruthless;10;18;8;14;16;5;20;8;4;13;3;7;13;13;0;;15;4
700;1;1;5;1;20;Offensive;Very Non-Physical;Balanced;Very Aggressive;Loves Veterans;Innovative;Very Ruthless;0;0;0;0;0;0;0;1;0;0;3;0;0;0;16;;0;0
701;15;20;10;15;1;Offensive;Very Non-Physical;Balanced;Conservative;Loves Veterans;Very Innovative;Balanced;4;6;8;1;1;9;10;7;12;5;3;10;9;6;0;;14;4
702;10;15;20;15;1;Standard;Non-physical;Balanced;Balanced;Prefers Prospects;Innovative;Balanced;9;7;5;13;9;7;17;8;5;8;7;6;10;13;0;;10;8
703;10;10;15;20;1;Offensive;Very Non-Physical;Balanced;Aggressive;Prefers Veterans;Balanced;Loyal;7;13;7;7;11;12;13;5;3;15;6;15;12;1;0;;19;12
704;10;10;15;20;1;Offensive;Very Non-Physical;Very Passive;Conservative;Balanced;Conservative;Balanced;7;14;14;13;3;5;11;9;12;8;7;8;13;7;0;;14;15
705;10;10;15;20;1;Offensive;Very Non-Physical;Very Passive;Balanced;Prefers Veterans;Very Conservative;Balanced;11;12;5;14;11;8;10;6;8;8;10;7;5;15;0;;15;15
706;10;10;15;20;1;Offensive;Very Non-Physical;Passive;Balanced;Balanced;Balanced;Loyal;5;9;4;7;14;14;14;5;9;3;9;11;11;14;0;;15;13
707;10;10;15;20;1;Offensive;Non-physical;Balanced;Very Conservative;Balanced;Balanced;Balanced;10;15;4;15;5;4;1;10;16;12;9;8;8;9;0;;15;14
708;10;10;15;20;1;Offensive;Non-physical;Passive;Aggressive;Balanced;Innovative;Ruthless;11;13;4;1;3;13;12;9;5;10;10;20;15;3;0;;15;14
709;10;10;15;20;1;Defensive;Very Non-Physical;Aggressive;Aggressive;Balanced;Balanced;Balanced;3;2;9;5;6;10;3;10;7;7;6;10;6;11;0;;16;16
710;5;10;20;15;1;Offensive;Very Non-Physical;Balanced;Balanced;Prefers Prospects;Balanced;Ruthless;19;16;5;12;5;12;4;2;9;4;7;8;11;20;0;;6;10
711;5;10;20;15;1;Offensive;Non-physical;Aggressive;Balanced;Balanced;Balanced;Very Ruthless;10;17;8;4;20;9;7;3;15;7;6;12;13;8;0;;9;10
712;5;10;20;15;1;Offensive;Very Non-Physical;Passive;Very Aggressive;Balanced;Balanced;Ruthless;7;6;12;10;15;11;15;8;17;10;5;11;20;11;0;;3;9
713;5;10;20;15;1;Standard;Very Non-Physical;Very Aggressive;Balanced;Balanced;Balanced;Balanced;9;15;15;4;16;20;14;5;15;1;5;11;8;17;0;;8;1
714;1;1;5;1;20;Standard;Very Non-Physical;Aggressive;Conservative;Balanced;Innovative;Loyal;0;0;0;0;0;0;0;3;0;0;7;0;0;0;16;;0;0
715;15;20;10;15;1;Standard;Very Non-Physical;Aggressive;Very Aggressive;Prefers Veterans;Very Innovative;Loyal;12;13;1;7;11;3;12;8;8;12;6;9;11;13;0;;1;13
716;10;15;20;15;1;Offensive;Very Non-Physical;Aggressive;Balanced;Balanced;Balanced;Balanced;7;6;6;11;17;4;8;6;10;0;2;3;20;16;0;;3;12
717;10;10;15;20;1;Offensive;Very Non-Physical;Aggressive;Aggressive;Balanced;Balanced;Balanced;10;6;3;5;11;1;15;2;12;19;4;5;18;2;0;;20;12
718;10;10;15;20;1;Offensive;Non-physical;Balanced;Aggressive;Prefers Prospects;Balanced;Balanced;2;3;8;12;8;11;9;8;13;16;4;17;14;14;0;;11;14
719;10;10;15;20;1;Offensive;Very Non-Physical;Passive;Aggressive;Prefers Prospects;Innovative;Very Ruthless;7;10;8;12;13;15;7;2;13;7;8;8;17;14;0;;18;12
720;10;10;15;20;1;Offensive;Very Non-Physical;Aggressive;Conservative;Balanced;Conservative;Balanced;6;12;11;14;15;14;2;9;8;12;7;12;13;14;0;;12;18
721;10;10;15;20;1;Defensive;Very Non-Physical;Balanced;Balanced;Balanced;Very Innovative;Very Ruthless;12;2;14;11;4;9;1;15;9;8;2;5;11;11;0;;14;13
722;10;10;15;20;1;Offensive;Very Non-Physical;Passive;Balanced;Balanced;Innovative;Ruthless;7;14;2;2;11;2;5;5;3;12;8;20;16;3;0;;19;13
723;10;10;15;20;1;Defensive;Very Non-Physical;Balanced;Aggressive;Prefers Prospects;Balanced;Balanced;10;8;4;13;7;7;10;6;15;7;5;8;7;1;0;;20;15
724;5;10;20;15;1;Standard;Very Non-Physical;Balanced;Aggressive;Balanced;Conservative;Very Ruthless;15;13;8;4;9;19;4;7;8;3;9;3;20;12;0;;14;6
725;5;10;20;15;1;Offensive;Very Non-Physical;Balanced;Aggressive;Balanced;Innovative;Very Ruthless;6;14;9;16;20;16;14;10;9;5;2;8;12;3;0;;5;12
726;5;10;20;15;1;Standard;Very Non-Physical;Very Aggressive;Balanced;Balanced;Very Conservative;Balanced;12;13;19;16;7;5;9;6;17;12;9;17;13;13;0;;14;5
727;5;10;20;15;1;Standard;Very Non-Physical;Very Aggressive;Balanced;Balanced;Innovative;Balanced;12;20;7;16;14;7;10;4;14;14;1;14;7;10;0;;1;8
728;15;20;10;15;1;Offensive;Very Non-Physical;Balanced;Balanced;Prefers Prospects;Conservative;Balanced;9;14;7;4;11;7;2;9;8;7;6;12;18;15;0;;14;4
729;10;15;20;15;1;Offensive;Very Non-Physical;Balanced;Balanced;Balanced;Conservative;Very Loyal;10;13;15;10;7;10;17;6;10;10;8;10;14;4;0;;9;4
730;10;10;15;20;1;Defensive;Very Non-Physical;Balanced;Balanced;Prefers Prospects;Conservative;Ruthless;8;5;13;8;12;13;2;11;9;6;4;11;7;2;0;;15;12
731;10;10;15;20;1;Defensive;Non-physical;Balanced;Balanced;Prefers Veterans;Balanced;Balanced;11;1;5;2;7;4;4;7;13;4;8;20;18;7;0;;14;15
732;10;10;15;20;1;Offensive;Very Non-Physical;Aggressive;Very Conservative;Prefers Prospects;Balanced;Loyal;15;7;13;13;2;2;7;7;11;5;12;20;16;7;0;;17;13
733;10;10;15;20;1;Offensive;Non-physical;Balanced;Balanced;Prefers Veterans;Conservative;Ruthless;1;6;14;10;8;14;12;8;13;6;15;19;7;13;0;;12;12
734;10;10;15;20;1;Offensive;Very Non-Physical;Balanced;Aggressive;Loves Prospects;Innovative;Loyal;12;12;8;12;6;9;4;7;13;6;10;4;7;6;0;;20;12
735;10;10;15;20;1;Offensive;Non-physical;Aggressive;Balanced;Balanced;Balanced;Loyal;15;13;1;1;2;10;6;6;4;18;7;11;7;1;0;;13;19
736;10;10;15;20;1;Offensive;Very Non-Physical;Balanced;Balanced;Prefers Prospects;Balanced;Balanced;7;12;8;6;6;12;11;2;5;10;4;14;15;6;0;;15;19
737;5;10;20;15;1;Standard;Non-physical;Aggressive;Balanced;Balanced;Innovative;Loyal;6;18;20;12;20;15;5;8;14;13;6;13;9;7;0;;11;15
738;5;10;20;15;1;Offensive;Non-physical;Aggressive;Balanced;Loves Prospects;Conservative;Loyal;7;9;9;17;5;9;5;9;14;3;5;13;9;12;0;;12;6
739;5;10;20;15;1;Standard;Very Non-Physical;Balanced;Balanced;Prefers Prospects;Conservative;Ruthless;9;16;19;6;13;14;6;7;10;12;4;11;6;6;0;;10;5
740;1;1;5;1;20;Offensive;Very Non-Physical;Passive;Conservative;Prefers Prospects;Balanced;Balanced;0;0;0;0;0;0;0;2;0;0;8;0;0;0;17;;0;0
741;15;20;10;15;1;Offensive;Non-physical;Balanced;Aggressive;Prefers Veterans;Innovative;Very Ruthless;11;2;15;8;14;10;1;2;12;2;3;14;10;13;0;;9;12
742;10;10;15;20;1;Standard;Very Non-Physical;Aggressive;Balanced;Balanced;Balanced;Balanced;11;3;6;8;13;2;3;4;6;17;11;14;4;2;0;;18;12
743;10;10;15;20;1;Offensive;Non-physical;Passive;Conservative;Balanced;Balanced;Very Ruthless;5;13;8;9;4;2;9;3;17;15;6;7;6;2;0;;20;12
744;10;10;15;20;1;Standard;Very Non-Physical;Very Passive;Very Conservative;Balanced;Very Innovative;Very Loyal;15;7;3;7;8;7;5;10;12;6;8;20;15;11;0;;13;15
745;10;10;15;20;1;Offensive;Very Non-Physical;Balanced;Aggressive;Loves Veterans;Balanced;Balanced;12;10;9;9;4;14;15;9;4;17;4;11;4;12;0;;15;20
746;10;10;15;20;1;Offensive;Non-physical;Passive;Balanced;Balanced;Balanced;Balanced;15;12;4;15;4;6;6;8;17;7;6;12;14;2;0;;20;14
747;10;10;15;20;1;Offensive;Non-physical;Balanced;Aggressive;Balanced;Balanced;Ruthless;4;11;7;3;4;8;11;17;12;4;2;4;9;13;0;;14;14
748;10;10;15;20;1;Defensive;Very Non-Physical;Balanced;Balanced;Prefers Veterans;Conservative;Balanced;2;1;8;6;5;13;6;8;16;1;5;16;14;10;0;;12;16
749;5;10;20;15;1;Standard;Very Non-Physical;Aggressive;Aggressive;Balanced;Conservative;Ruthless;7;12;18;14;12;8;18;11;11;6;5;10;16;13;0;;7;14
750;5;10;20;15;1;Standard;Non-physical;Balanced;Balanced;Balanced;Balanced;Balanced;14;16;8;11;13;5;4;5;11;1;1;11;14;20;0;;13;14
751;5;10;20;15;1;Offensive;Non-physical;Passive;Very Conservative;Balanced;Balanced;Balanced;13;11;5;11;3;7;16;9;3;9;1;17;20;13;0;;5;8
752;5;10;20;15;1;Standard;Non-physical;Aggressive;Aggressive;Balanced;Balanced;Balanced;13;8;9;6;18;17;9;2;10;11;5;6;8;15;0;;4;4
753;1;1;5;1;20;Defensive;Non-physical;Aggressive;Balanced;Prefers Prospects;Balanced;Balanced;0;0;0;0;0;0;0;4;0;0;2;0;0;0;16;;0;0
754;15;20;10;15;1;Offensive;Very Non-Physical;Aggressive;Very Conservative;Balanced;Balanced;Balanced;8;9;13;4;1;1;12;9;14;2;7;11;10;13;0;;14;2
755;10;10;15;20;1;Standard;Non-physical;Passive;Conservative;Prefers Veterans;Very Conservative;Balanced;2;4;2;9;12;9;10;10;5;11;8;12;7;11;0;;20;17
756;10;10;15;20;1;Offensive;Non-physical;Balanced;Balanced;Prefers Veterans;Conservative;Balanced;7;2;2;7;13;13;10;12;6;4;10;17;13;10;0;;15;12
757;10;10;15;20;1;Standard;Very Non-Physical;Aggressive;Balanced;Prefers Veterans;Balanced;Loyal;6;13;5;15;4;14;12;6;13;10;10;19;17;12;0;;12;16
758;10;10;15;20;1;Standard;Very Non-Physical;Balanced;Balanced;Balanced;Balanced;Balanced;9;3;13;3;2;10;7;2;12;10;7;17;4;12;0;;20;20
759;10;10;15;20;1;Standard;Very Non-Physical;Balanced;Balanced;Prefers Veterans;Balanced;Ruthless;8;4;9;15;15;9;9;5;11;13;6;19;8;8;0;;20;13
760;10;10;15;20;1;Standard;Very Non-Physical;Passive;Very Aggressive;Balanced;Balanced;Balanced;1;15;7;3;9;13;7;8;5;7;8;20;16;10;0;;11;12
761;10;10;15;20;1;Offensive;Non-physical;Balanced;Balanced;Loves Prospects;Conservative;Loyal;5;7;6;5;1;6;8;7;13;13;6;10;6;1;0;;14;12
762;5;10;20;15;1;Offensive;Very Non-Physical;Very Passive;Balanced;Balanced;Innovative;Ruthless;19;11;16;12;13;14;4;9;17;2;1;11;10;12;0;;12;4
763;5;10;20;15;1;Offensive;Very Non-Physical;Balanced;Balanced;Prefers Prospects;Conservative;Balanced;17;8;20;4;11;19;6;5;11;4;6;14;17;11;0;;9;6
764;5;10;20;15;1;Offensive;Very Non-Physical;Balanced;Aggressive;Balanced;Balanced;Balanced;17;20;11;14;9;6;16;4;13;13;1;11;20;15;0;;13;11
765;5;10;20;15;1;Offensive;Very Non-Physical;Balanced;Aggressive;Prefers Veterans;Balanced;Balanced;5;13;8;13;16;15;14;8;16;3;8;5;20;8;0;;7;13
766;5;10;20;15;1;Offensive;Very Non-Physical;Balanced;Very Aggressive;Balanced;Balanced;Ruthless;10;6;7;16;7;12;13;10;16;6;3;15;15;5;0;;2;11
767;1;1;5;1;20;Offensive;Very Non-Physical;Balanced;Conservative;Balanced;Innovative;Balanced;0;0;0;0;0;0;0;9;0;0;1;0;0;0;18;;0;0
768;15;20;10;15;1;Offensive;Non-physical;Balanced;Aggressive;Prefers Veterans;Balanced;Balanced;13;3;14;14;4;13;11;8;7;3;9;6;8;9;0;;5;3
769;10;15;20;15;1;Offensive;Non-physical;Passive;Very Aggressive;Prefers Prospects;Innovative;Very Ruthless;4;9;15;13;10;14;17;3;16;10;8;12;16;6;0;;3;5
770;10;10;15;20;1;Offensive;Very Non-Physical;Passive;Very Aggressive;Balanced;Very Innovative;Balanced;13;1;2;12;11;2;7;12;5;2;6;7;6;13;0;;14;20
771;10;10;15;20;1;Offensive;Very Non-Physical;Aggressive;Conservative;Balanced;Balanced;Ruthless;3;11;2;14;8;1;4;8;6;11;14;11;5;11;0;;20;12
772;10;10;15;20;1;Offensive;Very Non-Physical;Balanced;Aggressive;Prefers Veterans;Conservative;Balanced;13;13;15;15;4;6;11;11;10;20;11;7;10;14;0;;20;13
773;10;10;15;20;1;Very Offensive;Non-physical;Very Aggressive;Balanced;Balanced;Balanced;Balanced;1;8;2;14;9;5;2;6;4;11;3;14;14;7;0;;11;17
774;10;10;15;20;1;Defensive;Very Non-Physical;Aggressive;Balanced;Loves Veterans;Innovative;Balanced;6;4;3;15;10;15;4;5;9;8;13;7;4;1;0;;18;16
775;10;10;15;20;1;Standard;Very Non-Physical;Aggressive;Very Conservative;Loves Prospects;Innovative;Balanced;10;4;6;11;7;11;10;12;8;9;7;15;13;7;0;;14;15
776;10;10;15;20;1;Very Offensive;Very Non-Physical;Balanced;Very Aggressive;Loves Prospects;Innovative;Balanced;15;12;12;7;5;1;14;6;6;11;9;18;16;8;0;;15;12
777;5;10;20;15;1;Offensive;Very Non-Physical;Balanced;Conservative;Loves Veterans;Balanced;Balanced;10;8;8;16;9;8;17;6;12;8;9;8;7;10;0;;12;1
778;5;10;20;15;1;Defensive;Very Non-Physical;Passive;Balanced;Balanced;Balanced;Very Loyal;13;13;9;4;18;16;12;6;3;12;6;11;17;11;0;;9;8
779;5;10;20;15;1;Offensive;Very Non-Physical;Passive;Very Aggressive;Balanced;Conservative;Ruthless;14;13;5;4;8;18;5;5;14;14;9;16;17;12;0;;5;1
780;1;1;5;1;20;Offensive;Very Non-Physical;Balanced;Conservative;Prefers Veterans;Balanced;Balanced;0;0;0;0;0;0;0;8;0;0;5;0;0;0;16;;0;0
781;15;20;10;15;1;Offensive;Non-physical;Balanced;Aggressive;Prefers Veterans;Balanced;Balanced;3;4;3;9;4;4;8;6;3;11;1;8;15;6;0;;12;7
782;10;10;15;20;1;Standard;Very Non-Physical;Balanced;Balanced;Balanced;Innovative;Very Ruthless;2;4;14;9;7;13;15;4;10;6;5;8;17;11;0;;14;13
783;10;10;15;20;1;Offensive;Very Non-Physical;Aggressive;Balanced;Balanced;Balanced;Balanced;13;13;14;2;5;13;4;6;9;3;15;11;15;8;0;;13;20
784;10;10;15;20;1;Defensive;Very Non-Physical;Balanced;Conservative;Balanced;Conservative;Balanced;13;4;4;15;7;9;14;9;8;19;2;11;18;8;0;;14;14
785;10;10;15;20;1;Offensive;Non-physical;Very Aggressive;Conservative;Balanced;Very Innovative;Balanced;6;6;7;1;4;15;7;9;3;8;9;8;14;6;0;;19;13
786;10;10;15;20;1;Defensive;Very Non-Physical;Passive;Balanced;Balanced;Balanced;Balanced;5;1;1;11;7;15;6;11;11;6;11;14;11;10;0;;13;20
787;10;10;15;20;1;Standard;Non-physical;Passive;Aggressive;Balanced;Balanced;Loyal;2;1;10;12;5;5;1;7;12;20;4;11;4;14;0;;16;12
788;10;10;15;20;1;Standard;Non-physical;Passive;Aggressive;Prefers Prospects;Balanced;Very Ruthless;11;14;9;2;4;2;15;7;10;18;10;20;12;8;0;;12;12
789;5;10;20;15;1;Offensive;Very Non-Physical;Aggressive;Aggressive;Prefers Prospects;Balanced;Ruthless;9;18;14;6;13;8;6;8;5;1;8;8;20;14;0;;2;9
790;5;10;20;15;1;Standard;Non-physical;Passive;Conservative;Balanced;Balanced;Balanced;6;6;16;9;15;5;10;5;12;5;2;14;9;14;0;;6;13
791;5;10;20;15;1;Offensive;Very Non-Physical;Aggressive;Balanced;Prefers Prospects;Innovative;Loyal;18;20;9;13;18;9;9;11;11;10;5;12;12;3;0;;3;5
792;5;10;20;15;1;Offensive;Very Non-Physical;Balanced;Balanced;Prefers Veterans;Balanced;Loyal;14;9;14;5;5;13;10;7;7;10;6;15;19;10;0;;14;4
793;1;1;5;1;20;Offensive;Very Non-Physical;Balanced;Balanced;Balanced;Balanced;Balanced;0;0;0;0;0;0;0;3;0;0;2;0;0;0;15;;0;0
794;15;20;10;15;1;Offensive;Very Non-Physical;Balanced;Aggressive;Balanced;Innovative;Loyal;11;8;7;3;6;2;4;1;15;10;5;14;13;9;0;;12;13
795;10;15;20;15;1;Offensive;Non-physical;Aggressive;Aggressive;Balanced;Conservative;Balanced;5;4;15;4;3;11;12;2;9;6;1;3;19;14;0;;11;6
796;10;10;15;20;1;Offensive;Non-physical;Balanced;Conservative;Prefers Veterans;Balanced;Balanced;6;1;15;2;4;12;5;8;6;4;7;4;13;2;0;;19;20
797;10;10;15;20;1;Standard;Non-physical;Aggressive;Aggressive;Balanced;Balanced;Very Loyal;10;8;5;11;5;13;2;10;4;12;4;20;7;10;0;;14;19
798;10;10;15;20;1;Offensive;Non-physical;Balanced;Conservative;Loves Veterans;Conservative;Balanced;15;14;1;2;6;8;8;8;9;9;5;20;10;14;0;;12;14
799;10;10;15;20;1;Offensive;Non-physical;Aggressive;Conservative;Balanced;Innovative;Balanced;4;4;9;3;11;6;8;10;14;6;6;16;12;9;0;;15;15
800;10;10;15;20;1;Offensive;Very Non-Physical;Passive;Balanced;Balanced;Balanced;Balanced;11;1;8;13;9;13;10;10;7;20;5;4;14;10;0;;17;15
801;10;10;15;20;1;Offensive;Very Non-Physical;Balanced;Aggressive;Prefers Prospects;Conservative;Ruthless;6;9;6;8;3;7;10;10;12;13;6;20;10;4;0;;12;17
802;10;10;15;20;1;Standard;Very Non-Physical;Balanced;Conservative;Balanced;Innovative;Balanced;5;2;13;8;1;2;12;5;6;14;5;13;16;8;0;;19;20
803;5;10;20;15;1;Standard;Very Non-Physical;Aggressive;Very Aggressive;Loves Veterans;Very Innovative;Balanced;11;7;11;7;5;19;6;5;14;12;1;17;6;8;0;;6;7
804;5;10;20;15;1;Offensive;Very Non-Physical;Passive;Conservative;Balanced;Innovative;Balanced;12;14;19;13;18;9;10;7;16;5;9;6;13;7;0;;9;1
805;5;10;20;15;1;Offensive;Very Non-Physical;Balanced;Balanced;Balanced;Conservative;Balanced;16;5;7;8;17;18;13;11;17;13;1;11;12;11;0;;8;15
806;5;10;20;15;1;Offensive;Very Non-Physical;Balanced;Aggressive;Balanced;Conservative;Balanced;19;11;15;13;9;7;16;8;5;0;2;14;6;9;0;;3;3
807;5;10;20;15;1;Offensive;Non-physical;Balanced;Balanced;Balanced;Very Innovative;Balanced;8;13;18;14;7;19;7;11;5;13;1;3;10;11;0;;13;5
808;1;1;5;1;20;Offensive;Very Non-Physical;Passive;Aggressive;Prefers Prospects;Very Innovative;Balanced;0;0;0;0;0;0;0;1;0;0;6;0;0;0;15;;0;0
809;15;20;10;15;1;Very Offensive;Non-physical;Passive;Aggressive;Balanced;Balanced;Ruthless;12;6;1;8;9;8;5;3;5;6;9;12;4;7;0;;6;11
810;10;15;20;15;1;Offensive;Very Non-Physical;Balanced;Conservative;Prefers Prospects;Balanced;Balanced;6;13;10;9;4;15;6;3;4;11;1;17;13;12;0;;12;15
811;10;10;15;20;1;Standard;Very Non-Physical;Balanced;Balanced;Prefers Prospects;Very Conservative;Balanced;10;9;7;13;7;1;5;8;17;17;8;4;14;10;0;;18;12
812;10;10;15;20;1;Offensive;Very Non-Physical;Balanced;Very Aggressive;Balanced;Conservative;Loyal;15;11;6;4;7;10;10;7;7;19;2;19;5;15;0;;11;14
813;10;10;15;20;1;Standard;Very Non-Physical;Balanced;Balanced;Balanced;Innovative;Loyal;3;1;4;3;11;5;15;7;9;0;12;7;8;4;0;;14;17
814;10;10;15;20;1;Offensive;Non-physical;Aggressive;Balanced;Balanced;Balanced;Loyal;12;4;14;11;3;14;14;7;14;15;5;20;10;10;0;;11;13
815;10;10;15;20;1;Standard;Non-physical;Balanced;Balanced;Balanced;Balanced;Balanced;2;1;10;10;1;9;14;3;6;17;6;6;5;15;0;;17;11
816;10;10;15;20;1;Offensive;Non-physical;Balanced;Balanced;Balanced;Very Innovative;Loyal;6;15;13;15;2;1;9;7;5;14;5;16;12;10;0;;20;14
817;10;10;15;20;1;Standard;Very Non-Physical;Passive;Aggressive;Prefers Prospects;Conservative;Ruthless;4;1;10;9;2;13;12;8;10;19;3;11;8;10;0;;16;10
818;5;10;20;15;1;Offensive;Non-physical;Aggressive;Balanced;Prefers Prospects;Balanced;Balanced;17;15;13;15;12;19;8;1;11;0;3;3;11;12;0;;8;6
819;5;10;20;15;1;Offensive;Very Non-Physical;Balanced;Balanced;Balanced;Balanced;Balanced;5;20;6;5;15;17;8;9;4;12;5;7;20;13;0;;5;4
820;5;10;20;15;1;Defensive;Very Non-Physical;Passive;Balanced;Balanced;Balanced;Ruthless;14;6;9;20;5;13;10;8;13;9;8;5;20;8;0;;11;5
821;1;1;5;1;20;Offensive;Very Non-Physical;Balanced;Conservative;Balanced;Balanced;Balanced;0;0;0;0;0;0;0;9;0;0;2;0;0;0;18;;0;0
822;15;20;10;15;1;Standard;Very Non-Physical;Balanced;Very Conservative;Balanced;Innovative;Ruthless;8;9;14;11;9;13;6;3;10;5;8;13;4;5;0;;6;13
823;10;10;15;20;1;Offensive;Non-physical;Aggressive;Very Conservative;Balanced;Balanced;Balanced;15;3;10;11;7;2;4;1;12;9;6;8;11;14;0;;15;19
824;10;10;15;20;1;Offensive;Very Non-Physical;Passive;Balanced;Balanced;Innovative;Ruthless;9;2;2;6;5;1;9;11;10;20;9;6;14;5;0;;20;12
825;10;10;15;20;1;Standard;Very Non-Physical;Balanced;Balanced;Loves Veterans;Conservative;Balanced;12;14;4;3;4;4;14;6;11;9;7;20;14;10;0;;15;14
826;10;10;15;20;1;Defensive;Non-physical;Aggressive;Conservative;Loves Prospects;Innovative;Balanced;6;12;4;11;6;8;2;11;17;15;11;15;7;15;0;;16;20
827;10;10;15;20;1;Offensive;Very Non-Physical;Balanced;Balanced;Balanced;Innovative;Very Loyal;9;10;14;15;6;5;7;6;13;17;3;15;13;12;0;;10;20
828;10;10;15;20;1;Standard;Non-physical;Balanced;Conservative;Prefers Veterans;Balanced;Ruthless;3;10;4;12;10;1;5;10;11;18;5;14;10;12;0;;14;13
829;10;10;15;20;1;Offensive;Non-physical;Balanced;Balanced;Prefers Prospects;Conservative;Loyal;4;2;11;15;2;9;2;9;8;1;6;8;9;9;0;;14;20
830;5;10;20;15;1;Very Offensive;Very Non-Physical;Very Passive;Balanced;Balanced;Balanced;Balanced;11;10;13;17;9;7;9;6;9;8;2;7;20;10;0;;11;2
831;5;10;20;15;1;Offensive;Non-physical;Aggressive;Very Aggressive;Prefers Prospects;Conservative;Balanced;9;14;11;6;11;19;15;4;7;14;5;5;20;17;0;;9;1
832;5;10;20;15;1;Offensive;Very Non-Physical;Balanced;Balanced;Balanced;Balanced;Balanced;14;18;13;19;11;7;6;5;16;1;7;14;11;9;0;;6;10
833;5;10;20;15;1;Offensive;Very Non-Physical;Passive;Aggressive;Prefers Veterans;Conservative;Loyal;15;19;5;19;13;15;16;2;11;5;2;13;15;11;0;;9;7
834;1;1;5;1;20;Offensive;Very Non-Physical;Very Passive;Aggressive;Balanced;Innovative;Loyal;0;0;0;0;0;0;0;6;0;0;4;0;0;0;19;;0;0
835;15;20;10;15;1;Standard;Non-physical;Balanced;Very Aggressive;Loves Veterans;Balanced;Balanced;12;1;1;12;12;3;8;6;9;7;9;14;6;7;0;;1;2
836;10;15;20;15;1;Offensive;Very Non-Physical;Passive;Very Aggressive;Balanced;Conservative;Loyal;9;3;12;5;11;17;8;8;6;11;4;13;20;9;0;;1;12
837;10;10;15;20;1;Offensive;Very Non-Physical;Balanced;Balanced;Balanced;Conservative;Very Ruthless;9;13;14;13;6;7;1;5;5;9;15;9;18;5;0;;13;20
838;10;10;15;20;1;Defensive;Very Non-Physical;Passive;Aggressive;Balanced;Innovative;Balanced;4;6;4;12;7;6;10;10;13;15;6;11;16;8;0;;16;16
839;10;10;15;20;1;Offensive;Non-physical;Balanced;Balanced;Prefers Prospects;Balanced;Balanced;8;6;14;3;15;1;12;5;3;6;11;20;17;7;0;;12;11
840;10;10;15;20;1;Offensive;Very Non-Physical;Aggressive;Conservative;Balanced;Balanced;Balanced;6;6;12;14;13;8;2;9;15;8;8;16;4;13;0;;18;20
841;10;10;15;20;1;Very Defensive;Non-physical;Balanced;Balanced;Loves Veterans;Balanced;Very Ruthless;7;15;11;14;7;15;3;12;7;18;7;11;4;14;0;;20;13
842;10;10;15;20;1;Very Offensive;Very Non-Physical;Balanced;Conservative;Balanced;Balanced;Very Ruthless;1;1;5;11;3;5;1;4;16;19;10;9;12;7;0;;20;11
843;10;10;15;20;1;Offensive;Very Non-Physical;Aggressive;Conservative;Balanced;Innovative;Very Loyal;10;6;6;7;13;9;11;9;10;17;8;13;18;14;0;;20;14
844;5;10;20;15;1;Standard;Very Non-Physical;Aggressive;Aggressive;Balanced;Innovative;Ruthless;17;10;7;14;4;7;9;6;12;5;7;15;19;4;0;;6;15
845;5;10;20;15;1;Standard;Very Non-Physical;Passive;Aggressive;Prefers Prospects;Conservative;Ruthless;8;6;5;14;5;9;10;8;15;2;4;7;13;18;0;;4;6
846;5;10;20;15;1;Standard;Non-physical;Balanced;Balanced;Prefers Prospects;Innovative;Balanced;17;10;15;4;7;6;19;3;16;13;9;11;20;9;0;;10;11
847;15;20;10;15;1;Standard;Very Non-Physical;Passive;Conservative;Balanced;Innovative;Very Loyal;6;7;9;2;11;15;2;9;15;11;2;4;16;2;0;;13;15
848;10;15;20;15;1;Offensive;Very Non-Physical;Passive;Balanced;Loves Veterans;Conservative;Balanced;14;17;12;3;4;12;13;4;17;7;7;8;20;6;0;;6;1
849;10;10;15;20;1;Offensive;Very Non-Physical;Aggressive;Aggressive;Prefers Prospects;Balanced;Balanced;3;8;4;13;10;9;13;6;9;10;4;17;17;5;0;;14;12
850;10;10;15;20;1;Offensive;Non-physical;Very Aggressive;Very Aggressive;Prefers Veterans;Balanced;Very Ruthless;6;9;14;14;11;11;4;11;5;9;8;7;17;3;0;;12;18
851;10;10;15;20;1;Offensive;Very Non-Physical;Aggressive;Balanced;Prefers Prospects;Innovative;Balanced;4;5;2;11;11;1;7;15;11;16;7;5;10;3;0;;17;11
852;10;10;15;20;1;Standard;Very Non-Physical;Balanced;Balanced;Balanced;Balanced;Balanced;6;12;12;1;12;6;15;4;4;11;8;18;8;15;0;;16;11
853;10;10;15;20;1;Offensive;Non-physical;Passive;Balanced;Balanced;Innovative;Balanced;2;3;15;7;12;11;11;4;7;13;7;20;10;9;0;;19;16
854;10;10;15;20;1;Offensive;Very Non-Physical;Passive;Balanced;Balanced;Balanced;Ruthless;7;4;1;2;14;2;10;4;5;18;6;11;4;13;0;;12;16
855;10;10;15;20;1;Standard;Very Non-Physical;Very Aggressive;Conservative;Balanced;Innovative;Balanced;12;4;11;12;10;13;15;9;10;4;7;17;18;14;0;;13;20
856;5;10;20;15;1;Standard;Very Non-Physical;Aggressive;Conservative;Prefers Veterans;Innovative;Balanced;11;19;6;10;8;20;8;4;13;3;7;6;14;14;0;;8;14
857;5;10;20;15;1;Standard;Very Non-Physical;Passive;Balanced;Prefers Veterans;Balanced;Balanced;11;10;8;12;9;11;19;2;6;13;1;3;16;6;0;;4;10
858;5;10;20;15;1;Offensive;Very Non-Physical;Balanced;Very Aggressive;Prefers Veterans;Innovative;Balanced;20;7;15;18;7;10;10;5;13;13;1;12;13;12;0;;2;12
859;5;10;20;15;1;Standard;Very Non-Physical;Balanced;Balanced;Balanced;Balanced;Ruthless;17;4;6;17;14;20;14;9;5;6;5;3;20;3;0;;1;7
860;1;1;5;1;20;Offensive;Non-physical;Very Aggressive;Balanced;Prefers Prospects;Conservative;Balanced;0;0;0;0;0;0;0;2;0;0;6;0;0;0;15;;0;0
861;15;20;10;15;1;Standard;Non-physical;Balanced;Aggressive;Balanced;Innovative;Balanced;2;3;15;5;6;2;12;8;11;7;4;16;18;15;0;;12;14
862;10;15;20;15;1;Standard;Very Non-Physical;Very Passive;Aggressive;Prefers Veterans;Very Innovative;Balanced;14;9;6;12;6;15;3;7;3;9;3;6;7;14;0;;9;10
863;10;10;15;20;1;Offensive;Very Non-Physical;Passive;Conservative;Prefers Prospects;Conservative;Balanced;7;7;2;5;9;6;12;10;10;2;6;16;15;5;0;;11;15
864;10;10;15;20;1;Offensive;Very Non-Physical;Balanced;Aggressive;Prefers Veterans;Balanced;Ruthless;5;4;10;11;9;15;15;7;16;5;5;9;10;11;0;;14;20
865;10;10;15;20;1;Defensive;Very Non-Physical;Balanced;Aggressive;Balanced;Conservative;Loyal;15;10;13;15;1;6;7;5;14;7;3;18;17;14;0;;20;16
866;10;10;15;20;1;Offensive;Non-physical;Passive;Balanced;Loves Prospects;Balanced;Loyal;10;3;6;6;12;13;3;7;12;3;7;5;13;3;0;;19;17
867;10;10;15;20;1;Standard;Very Non-Physical;Aggressive;Conservative;Prefers Veterans;Conservative;Balanced;15;6;1;8;5;11;12;11;8;10;6;19;4;6;0;;13;19
868;10;10;15;20;1;Standard;Non-physical;Very Aggressive;Balanced;Loves Veterans;Balanced;Loyal;12;1;11;3;3;1;1;3;12;7;6;9;16;11;0;;20;16
869;10;10;15;20;1;Standard;Non-physical;Balanced;Balanced;Balanced;Balanced;Balanced;15;9;4;13;11;7;11;4;4;10;7;20;8;7;0;;11;16
870;5;10;20;15;1;Offensive;Non-physical;Aggressive;Very Conservative;Prefers Prospects;Balanced;Balanced;12;8;9;6;7;13;20;11;4;6;5;17;16;11;0;;2;5
871;5;10;20;15;1;Standard;Very Non-Physical;Passive;Balanced;Prefers Prospects;Balanced;Balanced;6;14;15;12;18;4;13;13;10;6;3;12;20;12;0;;3;7
872;5;10;20;15;1;Offensive;Very Non-Physical;Balanced;Aggressive;Prefers Prospects;Balanced;Balanced;20;8;3;7;19;12;17;4;12;10;8;17;20;7;0;;7;3
873;5;10;20;15;1;Defensive;Non-physical;Aggressive;Aggressive;Balanced;Balanced;Balanced;13;11;3;16;9;20;7;11;3;12;7;6;20;13;0;;9;1
874;1;1;5;1;20;Standard;Non-physical;Balanced;Balanced;Balanced;Balanced;Ruthless;0;0;0;0;0;0;0;5;0;0;6;0;0;0;17;;0;0
875;15;20;10;15;1;Standard;Non-physical;Balanced;Balanced;Balanced;Balanced;Balanced;7;6;3;6;2;5;1;9;6;9;3;15;8;1;0;;3;6
876;10;15;20;15;1;Standard;Very Non-Physical;Balanced;Balanced;Balanced;Balanced;Balanced;14;4;14;11;14;16;12;6;13;7;8;4;15;4;0;;1;13
877;10;10;15;20;1;Offensive;Very Non-Physical;Balanced;Aggressive;Loves Prospects;Conservative;Balanced;15;5;8;7;3;8;5;8;12;11;9;20;13;5;0;;10;16
878;10;10;15;20;1;Standard;Very Non-Physical;Aggressive;Balanced;Balanced;Conservative;Balanced;11;4;12;6;4;13;4;8;9;9;11;13;9;6;0;;10;17
879;10;10;15;20;1;Defensive;Very Non-Physical;Very Passive;Balanced;Prefers Prospects;Innovative;Balanced;8;4;5;4;2;2;6;15;17;10;9;4;9;6;0;;12;14
880;10;10;15;20;1;Offensive;Very Non-Physical;Very Passive;Balanced;Balanced;Balanced;Balanced;2;13;11;14;12;13;9;10;11;1;5;10;13;11;0;;11;17
881;10;10;15;20;1;Offensive;Very Non-Physical;Balanced;Conservative;Balanced;Balanced;Loyal;12;10;13;12;14;9;10;11;12;4;15;7;15;9;0;;12;20
882;10;10;15;20;1;Standard;Very Non-Physical;Aggressive;Balanced;Prefers Prospects;Balanced;Loyal;12;6;3;7;13;13;2;10;5;8;9;17;16;14;0;;12;20
883;10;10;15;20;1;Offensive;Non-physical;Balanced;Conservative;Balanced;Balanced;Balanced;1;2;13;6;7;6;7;5;6;13;5;19;4;4;0;;14;20
884;5;10;20;15;1;Offensive;Very Non-Physical;Balanced;Balanced;Balanced;Conservative;Ruthless;14;11;9;7;6;12;3;2;8;3;2;16;10;20;0;;4;15
885;5;10;20;15;1;Offensive;Very Non-Physical;Balanced;Conservative;Prefers Veterans;Conservative;Balanced;20;6;12;9;18;7;13;2;3;4;6;6;11;3;0;;11;3
886;5;10;20;15;1;Standard;Non-physical;Very Passive;Balanced;Balanced;Balanced;Ruthless;20;7;14;12;10;18;12;3;15;12;4;14;15;14;0;;2;6
887;5;10;20;15;1;Defensive;Very Non-Physical;Aggressive;Balanced;Prefers Prospects;Conservative;Balanced;18;14;19;8;13;10;10;2;9;5;7;9;8;14;0;;9;2
888;15;20;10;15;1;Offensive;Balanced;Balanced;Aggressive;Prefers Prospects;Conservative;Ruthless;13;4;2;11;11;5;1;2;6;14;2;12;16;5;0;;5;7
889;10;15;20;15;1;Offensive;Non-physical;Balanced;Balanced;Balanced;Innovative;Balanced;7;16;11;5;13;13;10;7;9;14;5;4;6;14;0;;12;14
890;10;10;15;20;1;Offensive;Non-physical;Aggressive;Aggressive;Balanced;Innovative;Very Loyal;4;9;4;8;9;13;10;6;9;9;5;8;18;10;0;;12;19
891;10;10;15;20;1;Standard;Balanced;Passive;Balanced;Balanced;Balanced;Loyal;15;6;5;14;10;4;12;5;3;16;8;8;13;6;0;;12;18
892;10;10;15;20;1;Offensive;Balanced;Balanced;Balanced;Prefers Prospects;Balanced;Balanced;12;3;8;5;5;5;13;7;14;2;14;3;12;3;0;;20;12
893;10;10;15;20;1;Offensive;Non-physical;Balanced;Balanced;Balanced;Innovative;Ruthless;12;11;15;9;11;11;2;9;13;20;6;7;13;9;0;;11;11
894;10;10;15;20;1;Offensive;Non-physical;Very Passive;Balanced;Balanced;Very Innovative;Ruthless;7;5;2;15;5;1;15;13;15;6;2;6;8;2;0;;17;11
895;10;10;15;20;1;Standard;Non-physical;Passive;Very Aggressive;Loves Veterans;Balanced;Balanced;11;12;3;8;2;4;10;11;17;6;10;9;7;10;0;;20;15
896;10;10;15;20;1;Offensive;Non-physical;Very Passive;Aggressive;Prefers Veterans;Balanced;Balanced;10;10;1;5;5;13;7;7;15;11;3;6;9;9;0;;17;12
897;5;10;20;15;1;Offensive;Non-physical;Balanced;Conservative;Balanced;Balanced;Balanced;10;10;6;6;16;10;17;7;6;6;9;6;8;13;0;;6;13
898;5;10;20;15;1;Offensive;Non-physical;Balanced;Balanced;Balanced;Innovative;Balanced;5;12;8;10;6;10;10;14;4;11;5;5;17;11;0;;15;3
899;5;10;20;15;1;Standard;Very Non-Physical;Balanced;Aggressive;Loves Prospects;Balanced;Balanced;8;12;18;12;5;19;7;9;3;0;2;8;20;13;0;;2;7
900;1;1;5;1;20;Standard;Very Non-Physical;Balanced;Conservative;Balanced;Balanced;Balanced;0;0;0;0;0;0;0;4;0;0;2;0;0;0;15;;0;0
901;15;20;10;15;1;Offensive;Balanced;Very Passive;Balanced;Prefers Prospects;Innovative;Balanced;3;11;6;12;10;12;4;7;9;8;4;17;14;13;0;;8;7
902;10;15;20;15;1;Offensive;Non-physical;Aggressive;Balanced;Balanced;Very Innovative;Loyal;15;11;14;8;6;4;15;3;3;12;3;15;17;5;0;;5;14
903;10;10;15;20;1;Offensive;Balanced;Balanced;Balanced;Balanced;Balanced;Very Loyal;9;14;11;5;10;1;9;8;17;17;7;9;16;3;0;;20;11
904;10;10;15;20;1;Offensive;Non-physical;Balanced;Aggressive;Prefers Prospects;Conservative;Balanced;3;1;6;2;9;10;8;11;9;11;2;20;18;3;0;;13;11
905;10;10;15;20;1;Offensive;Non-physical;Passive;Conservative;Prefers Veterans;Balanced;Ruthless;4;9;14;11;7;10;4;4;12;3;3;15;5;10;0;;20;14
906;10;10;15;20;1;Offensive;Balanced;Balanced;Balanced;Balanced;Balanced;Loyal;15;2;3;13;10;15;1;4;8;2;4;20;16;9;0;;16;11
907;10;10;15;20;1;Standard;Non-physical;Passive;Balanced;Balanced;Conservative;Balanced;3;11;15;9;5;15;14;5;16;6;8;12;11;3;0;;16;15
908;10;10;15;20;1;Offensive;Non-physical;Very Aggressive;Aggressive;Prefers Veterans;Conservative;Balanced;1;7;9;9;6;3;13;3;7;8;13;18;18;8;0;;14;16
909;10;10;15;20;1;Standard;Non-physical;Balanced;Aggressive;Balanced;Innovative;Balanced;3;6;2;7;14;3;14;3;15;9;7;8;10;1;0;;20;18
910;5;10;20;15;1;Offensive;Balanced;Very Passive;Conservative;Balanced;Innovative;Loyal;14;11;14;9;7;17;14;6;6;2;4;8;8;8;0;;5;6
911;5;10;20;15;1;Standard;Non-physical;Aggressive;Very Aggressive;Loves Prospects;Very Innovative;Balanced;20;6;6;13;9;4;17;11;15;11;2;4;11;7;0;;12;8
912;5;10;20;15;1;Offensive;Balanced;Passive;Conservative;Balanced;Balanced;Balanced;12;4;14;8;6;18;17;3;11;4;8;7;16;17;0;;6;12
913;5;10;20;15;1;Standard;Balanced;Balanced;Balanced;Balanced;Innovative;Balanced;9;7;15;15;9;18;11;1;14;14;3;7;20;8;0;;7;11
914;5;10;20;15;1;Standard;Non-physical;Balanced;Balanced;Loves Prospects;Balanced;Balanced;8;14;9;15;16;12;18;9;17;1;6;5;13;5;0;;10;7
915;1;1;5;1;20;Standard;Non-physical;Passive;Conservative;Prefers Prospects;Balanced;Balanced;0;0;0;0;0;0;0;5;0;0;6;0;0;0;20;;0;0
916;15;20;10;15;1;Standard;Non-physical;Very Passive;Balanced;Prefers Prospects;Balanced;Balanced;12;11;11;3;2;2;1;2;3;2;3;8;5;10;0;;5;8
917;10;15;20;15;1;Offensive;Balanced;Passive;Balanced;Balanced;Balanced;Balanced;10;7;14;7;5;4;8;6;16;0;4;9;10;17;0;;5;4
918;10;10;15;20;1;Offensive;Non-physical;Passive;Aggressive;Balanced;Conservative;Balanced;1;4;6;8;12;2;4;8;15;20;11;9;11;7;0;;18;13
919;10;10;15;20;1;Offensive;Non-physical;Aggressive;Very Aggressive;Prefers Veterans;Balanced;Balanced;6;14;8;1;9;1;8;9;14;18;9;3;5;14;0;;16;13
920;10;10;15;20;1;Offensive;Non-physical;Aggressive;Balanced;Prefers Prospects;Conservative;Balanced;7;4;14;7;13;3;2;11;13;9;7;20;5;7;0;;11;20
921;10;10;15;20;1;Standard;Balanced;Balanced;Balanced;Balanced;Conservative;Loyal;6;10;4;15;15;11;9;9;17;8;2;12;10;11;0;;18;20
922;10;10;15;20;1;Offensive;Non-physical;Balanced;Balanced;Balanced;Balanced;Balanced;8;14;5;13;9;12;7;8;11;4;8;9;16;6;0;;17;15
923;10;10;15;20;1;Standard;Very Non-Physical;Passive;Balanced;Balanced;Balanced;Very Loyal;3;14;1;10;14;5;3;9;4;7;6;18;12;13;0;;14;13
924;10;10;15;20;1;Offensive;Non-physical;Balanced;Balanced;Balanced;Balanced;Balanced;6;9;5;5;6;11;5;6;14;8;9;7;14;2;0;;18;12
925;5;10;20;15;1;Standard;Non-physical;Passive;Conservative;Prefers Prospects;Conservative;Ruthless;19;15;14;9;5;6;7;3;13;7;7;14;11;6;0;;5;12
926;5;10;20;15;1;Standard;Very Non-Physical;Balanced;Balanced;Loves Veterans;Conservative;Ruthless;10;7;5;9;13;5;4;5;8;5;5;11;16;15;0;;7;3
927;5;10;20;15;1;Offensive;Non-physical;Balanced;Aggressive;Balanced;Balanced;Balanced;14;19;15;10;16;11;7;3;12;1;9;3;20;7;0;;2;14
928;5;10;20;15;1;Offensive;Non-physical;Balanced;Balanced;Balanced;Balanced;Balanced;18;17;13;14;12;10;8;2;7;1;7;13;15;15;0;;10;9
929;1;1;5;1;20;Offensive;Very Non-Physical;Very Passive;Very Aggressive;Prefers Veterans;Balanced;Balanced;0;0;0;0;0;0;0;5;0;0;9;0;0;0;20;;0;0
930;15;20;10;15;1;Offensive;Non-physical;Balanced;Conservative;Loves Prospects;Innovative;Balanced;7;3;6;13;6;15;1;6;16;5;9;11;15;12;0;;7;5
931;10;10;15;20;1;Offensive;Non-physical;Balanced;Conservative;Balanced;Innovative;Loyal;14;7;5;1;2;1;8;9;13;9;4;10;15;12;0;;14;18
932;10;10;15;20;1;Offensive;Non-physical;Passive;Conservative;Prefers Veterans;Balanced;Balanced;3;8;2;7;1;12;14;6;10;7;10;20;6;11;0;;12;20
933;10;10;15;20;1;Offensive;Non-physical;Balanced;Aggressive;Prefers Prospects;Balanced;Loyal;5;8;14;8;6;1;10;12;5;5;10;16;12;2;0;;17;12
934;10;10;15;20;1;Offensive;Non-physical;Balanced;Balanced;Prefers Prospects;Balanced;Loyal;12;10;7;6;14;11;9;11;8;3;9;8;14;4;0;;17;20
935;10;10;15;20;1;Offensive;Non-physical;Balanced;Balanced;Balanced;Balanced;Balanced;11;5;7;12;7;4;1;6;13;20;3;19;4;6;0;;13;15
936;10;10;15;20;1;Standard;Non-physical;Aggressive;Balanced;Balanced;Balanced;Loyal;13;12;9;11;13;13;3;10;10;7;1;14;5;7;0;;13;19
937;10;10;15;20;1;Offensive;Balanced;Balanced;Balanced;Balanced;Balanced;Balanced;8;1;10;5;6;5;1;9;5;11;9;20;6;4;0;;20;18
938;5;10;20;15;1;Offensive;Non-physical;Aggressive;Aggressive;Prefers Prospects;Balanced;Balanced;18;18;4;8;9;9;14;2;5;4;5;5;13;11;0;;10;1
939;5;10;20;15;1;Standard;Balanced;Balanced;Conservative;Balanced;Balanced;Balanced;9;18;16;7;7;7;20;8;8;8;6;11;17;14;0;;9;7
940;5;10;20;15;1;Offensive;Non-physical;Balanced;Balanced;Balanced;Innovative;Loyal;11;17;12;11;14;14;6;5;11;6;6;15;20;9;0;;2;4
941;5;10;20;15;1;Offensive;Non-physical;Aggressive;Aggressive;Loves Prospects;Balanced;Balanced;10;14;20;7;12;11;13;5;7;11;2;4;9;12;0;;1;14
942;5;10;20;15;1;Standard;Very Non-Physical;Passive;Balanced;Balanced;Innovative;Ruthless;13;16;13;9;20;10;17;3;17;13;3;16;17;5;0;;1;4
943;1;1;5;1;20;Standard;Balanced;Balanced;Balanced;Balanced;Very Innovative;Ruthless;0;0;0;0;0;0;0;4;0;0;9;0;0;0;16;;0;0
944;15;20;10;15;1;Standard;Non-physical;Balanced;Conservative;Balanced;Innovative;Balanced;12;8;15;7;7;14;13;6;3;1;2;5;10;10;0;;11;12
945;10;10;15;20;1;Offensive;Balanced;Very Passive;Aggressive;Balanced;Conservative;Ruthless;14;4;15;5;8;2;8;11;14;15;5;20;11;12;0;;12;20
946;10;10;15;20;1;Offensive;Balanced;Balanced;Balanced;Balanced;Innovative;Loyal;15;7;2;1;4;13;1;3;4;5;5;9;9;13;0;;20;13
947;10;10;15;20;1;Standard;Balanced;Passive;Aggressive;Balanced;Balanced;Balanced;4;14;6;8;1;11;15;4;7;9;9;9;8;1;0;;13;20
948;10;10;15;20;1;Offensive;Non-physical;Balanced;Aggressive;Prefers Prospects;Balanced;Ruthless;9;8;1;3;4;3;13;7;13;6;6;6;16;7;0;;18;11
949;10;10;15;20;1;Offensive;Very Non-Physical;Very Aggressive;Balanced;Balanced;Innovative;Balanced;7;15;14;9;11;8;12;8;4;10;13;16;8;7;0;;16;11
950;10;10;15;20;1;Offensive;Non-physical;Aggressive;Balanced;Prefers Veterans;Balanced;Balanced;14;13;15;3;1;15;2;2;17;8;8;7;13;5;0;;15;14
951;10;10;15;20;1;Standard;Non-physical;Balanced;Balanced;Balanced;Conservative;Ruthless;6;1;8;10;5;13;11;11;4;6;7;12;6;14;0;;15;15
952;5;10;20;15;1;Very Offensive;Non-physical;Very Aggressive;Conservative;Balanced;Very Innovative;Ruthless;13;6;10;9;20;14;8;5;14;8;9;3;15;19;0;;6;15
953;5;10;20;15;1;Offensive;Non-physical;Balanced;Balanced;Balanced;Conservative;Balanced;7;15;13;15;8;5;18;10;17;9;4;4;19;13;0;;13;3
954;5;10;20;15;1;Offensive;Balanced;Balanced;Very Conservative;Prefers Veterans;Balanced;Balanced;9;6;15;12;6;9;5;10;3;13;6;5;15;8;0;;9;6
955;5;10;20;15;1;Standard;Balanced;Balanced;Conservative;Prefers Prospects;Innovative;Ruthless;4;9;9;6;5;9;17;8;6;0;9;16;10;14;0;;14;13
956;1;1;5;1;20;Offensive;Non-physical;Aggressive;Very Conservative;Balanced;Very Conservative;Loyal;0;0;0;0;0;0;0;4;0;0;7;0;0;0;20;;0;0
957;15;20;10;15;1;Very Offensive;Balanced;Aggressive;Balanced;Balanced;Balanced;Balanced;6;7;15;4;7;11;12;9;9;11;3;13;11;12;0;;11;13
958;10;15;20;15;1;Offensive;Very Non-Physical;Balanced;Balanced;Balanced;Very Conservative;Balanced;3;14;14;10;6;7;6;9;15;4;3;3;17;10;0;;11;9
959;10;10;15;20;1;Offensive;Non-physical;Balanced;Conservative;Balanced;Innovative;Balanced;6;15;3;1;7;9;11;4;9;12;7;6;4;2;0;;16;17
960;10;10;15;20;1;Standard;Balanced;Balanced;Aggressive;Balanced;Balanced;Balanced;13;1;6;8;11;2;3;3;6;4;3;19;18;1;0;;15;13
961;10;10;15;20;1;Offensive;Balanced;Balanced;Balanced;Prefers Prospects;Conservative;Loyal;9;9;2;13;3;12;12;7;17;7;4;7;8;8;0;;14;12
962;10;10;15;20;1;Standard;Balanced;Aggressive;Balanced;Balanced;Innovative;Loyal;6;10;8;7;12;8;12;6;12;2;7;10;11;3;0;;18;19
963;10;10;15;20;1;Offensive;Balanced;Balanced;Balanced;Balanced;Innovative;Balanced;9;2;6;1;5;6;9;5;14;5;11;20;8;1;0;;13;20
964;10;10;15;20;1;Offensive;Non-physical;Balanced;Balanced;Prefers Prospects;Balanced;Very Ruthless;12;15;8;3;13;14;15;1;17;9;5;16;12;9;0;;12;16
965;10;10;15;20;1;Offensive;Non-physical;Balanced;Conservative;Balanced;Balanced;Balanced;11;10;8;11;8;11;14;6;16;10;3;8;18;14;0;;20;17
966;5;10;20;15;1;Offensive;Balanced;Balanced;Balanced;Prefers Veterans;Balanced;Balanced;16;8;13;4;16;20;6;3;11;9;1;9;20;11;0;;14;7
967;5;10;20;15;1;Offensive;Non-physical;Very Passive;Very Conservative;Prefers Prospects;Balanced;Balanced;10;9;13;8;16;3;10;5;10;1;6;3;20;13;0;;2;12
968;5;10;20;15;1;Offensive;Non-physical;Balanced;Conservative;Loves Prospects;Balanced;Loyal;5;13;20;8;17;12;16;4;12;0;1;3;20;16;0;;3;10
969;1;1;5;1;20;Standard;Balanced;Balanced;Aggressive;Prefers Veterans;Conservative;Balanced;0;0;0;0;0;0;0;6;0;0;8;0;0;0;15;;0;0
970;15;20;10;15;1;Offensive;Non-physical;Aggressive;Aggressive;Prefers Veterans;Very Innovative;Loyal;7;14;13;12;12;6;14;4;12;3;9;7;6;13;0;;13;5
971;10;15;20;15;1;Offensive;Very Non-Physical;Balanced;Aggressive;Prefers Prospects;Balanced;Balanced;10;6;8;5;12;16;14;4;11;1;4;7;7;6;0;;1;1
972;10;10;15;20;1;Offensive;Very Non-Physical;Aggressive;Conservative;Balanced;Balanced;Very Ruthless;7;15;10;1;10;3;10;6;9;10;5;9;5;14;0;;20;15
973;10;10;15;20;1;Standard;Balanced;Aggressive;Very Conservative;Loves Veterans;Balanced;Loyal;1;1;7;1;13;2;9;10;4;11;10;18;14;10;0;;16;12
974;10;10;15;20;1;Offensive;Non-physical;Balanced;Conservative;Prefers Veterans;Very Innovative;Balanced;1;6;9;15;12;15;1;8;3;7;11;11;14;14;0;;14;15
975;10;10;15;20;1;Very Offensive;Non-physical;Passive;Balanced;Prefers Veterans;Balanced;Loyal;11;11;5;14;13;4;9;2;15;7;9;9;6;5;0;;18;15
976;10;10;15;20;1;Offensive;Balanced;Passive;Balanced;Balanced;Conservative;Balanced;1;6;4;11;9;15;2;12;12;4;2;6;18;5;0;;14;18
977;10;10;15;20;1;Offensive;Non-physical;Balanced;Aggressive;Loves Prospects;Balanced;Balanced;1;9;11;8;3;11;2;5;15;1;10;17;8;9;0;;15;16
978;10;10;15;20;1;Offensive;Non-physical;Passive;Balanced;Balanced;Very Innovative;Ruthless;9;3;6;6;14;10;7;8;15;8;4;14;13;9;0;;12;20
979;5;10;20;15;1;Offensive;Non-physical;Aggressive;Very Aggressive;Prefers Veterans;Very Innovative;Ruthless;7;17;12;6;8;7;11;7;6;7;4;9;13;20;0;;12;11
980;5;10;20;15;1;Offensive;Balanced;Aggressive;Balanced;Balanced;Balanced;Ruthless;13;9;17;11;18;12;12;4;3;6;7;16;11;18;0;;15;6
981;5;10;20;15;1;Offensive;Balanced;Balanced;Balanced;Prefers Veterans;Innovative;Loyal;11;6;11;17;8;15;20;2;14;12;5;10;19;8;0;;9;12
982;5;10;20;15;1;Offensive;Balanced;Balanced;Balanced;Balanced;Balanced;Ruthless;13;8;16;13;17;20;16;6;11;12;2;5;20;15;0;;14;10
983;1;1;5;1;20;Offensive;Non-physical;Aggressive;Aggressive;Prefers Veterans;Balanced;Ruthless;0;0;0;0;0;0;0;9;0;0;1;0;0;0;17;;0;0
984;15;20;10;15;1;Offensive;Non-physical;Aggressive;Very Aggressive;Balanced;Conservative;Balanced;9;6;12;14;5;1;5;6;6;1;4;8;18;6;0;;6;3
985;10;15;20;15;1;Standard;Non-physical;Balanced;Balanced;Balanced;Balanced;Balanced;7;11;7;9;11;9;7;9;3;13;2;9;6;9;0;;2;4
986;10;10;15;20;1;Offensive;Balanced;Balanced;Very Conservative;Prefers Veterans;Very Conservative;Balanced;7;12;14;13;7;9;15;5;7;12;10;17;5;11;0;;19;12
987;10;10;15;20;1;Offensive;Balanced;Balanced;Balanced;Balanced;Balanced;Balanced;13;5;9;4;11;8;2;11;12;7;4;13;11;1;0;;19;10
988;10;10;15;20;1;Offensive;Balanced;Balanced;Very Conservative;Prefers Veterans;Innovative;Balanced;2;9;13;1;4;6;15;14;6;7;4;12;12;12;0;;14;12
989;10;10;15;20;1;Offensive;Non-physical;Passive;Balanced;Balanced;Balanced;Balanced;5;9;1;11;3;13;12;4;14;4;3;20;9;8;0;;18;11
990;10;10;15;20;1;Offensive;Balanced;Passive;Balanced;Prefers Veterans;Innovative;Very Ruthless;3;10;2;15;2;13;1;5;5;11;11;20;4;8;0;;13;20
991;10;10;15;20;1;Standard;Non-physical;Balanced;Balanced;Prefers Prospects;Conservative;Loyal;7;7;2;3;6;3;7;9;11;14;8;16;18;13;0;;20;20
992;10;10;15;20;1;Standard;Balanced;Balanced;Aggressive;Balanced;Balanced;Balanced;15;13;8;7;7;8;13;12;4;13;7;14;11;8;0;;14;20
993;5;10;20;15;1;Offensive;Balanced;Passive;Balanced;Prefers Prospects;Innovative;Balanced;12;20;5;15;6;12;19;7;3;13;6;9;14;14;0;;1;9
994;5;10;20;15;1;Offensive;Very Non-Physical;Aggressive;Balanced;Loves Prospects;Innovative;Very Loyal;20;9;8;7;16;6;9;9;8;2;6;10;20;15;0;;7;4
995;5;10;20;15;1;Offensive;Non-physical;Balanced;Balanced;Prefers Veterans;Innovative;Balanced;19;9;16;13;12;5;11;10;12;6;4;11;20;9;0;;15;5
996;1;1;5;1;20;Standard;Non-physical;Balanced;Balanced;Balanced;Conservative;Balanced;0;0;0;0;0;0;0;4;0;0;7;0;0;0;18;;0;0
997;15;20;10;15;1;Offensive;Balanced;Passive;Balanced;Balanced;Balanced;Balanced;3;6;11;1;10;13;10;1;9;7;3;10;5;1;0;;4;8
998;10;10;15;20;1;Offensive;Balanced;Balanced;Aggressive;Prefers Prospects;Conservative;Balanced;15;15;1;5;10;10;2;4;7;11;15;7;6;8;0;;17;12
999;10;10;15;20;1;Standard;Balanced;Aggressive;Conservative;Prefers Prospects;Balanced;Balanced;15;4;6;3;8;4;14;7;10;0;10;19;6;2;0;;13;19
1000;10;10;15;20;1;Offensive;Balanced;Balanced;Balanced;Prefers Veterans;Balanced;Balanced;1;2;13;2;14;4;13;7;9;11;4;9;7;9;0;;15;14
1001;10;10;15;20;1;Offensive;Very Non-Physical;Balanced;Conservative;Balanced;Balanced;Balanced;1;11;2;13;13;6;1;9;4;2;4;19;15;11;0;;19;17
1002;10;10;15;20;1;Offensive;Balanced;Balanced;Very Aggressive;Prefers Prospects;Innovative;Balanced;5;3;10;2;9;8;11;8;5;19;5;5;5;3;0;;14;11
1003;10;10;15;20;1;Offensive;Non-physical;Very Aggressive;Balanced;Balanced;Conservative;Balanced;13;13;10;1;12;1;11;7;6;0;10;20;18;15;0;;15;20
1004;10;10;15;20;1;Offensive;Non-physical;Balanced;Balanced;Prefers Prospects;Balanced;Balanced;11;8;3;12;12;6;8;10;8;9;3;8;13;9;0;;20;13
1005;5;10;20;15;1;Offensive;Non-physical;Aggressive;Conservative;Balanced;Conservative;Balanced;12;18;10;14;15;15;14;1;4;4;7;10;18;6;0;;6;5
1006;5;10;20;15;1;Offensive;Non-physical;Very Passive;Conservative;Prefers Prospects;Conservative;Balanced;14;8;5;4;12;10;7;2;13;2;8;12;9;18;0;;10;7
1007;5;10;20;15;1;Standard;Balanced;Very Passive;Balanced;Balanced;Balanced;Balanced;13;10;7;5;6;13;8;3;16;12;6;5;9;6;0;;13;9
1008;5;10;20;15;1;Offensive;Balanced;Balanced;Very Conservative;Prefers Veterans;Balanced;Very Ruthless;11;14;13;13;4;14;11;10;14;7;5;13;20;6;0;;10;3
1009;5;10;20;15;1;Offensive;Very Non-Physical;Passive;Balanced;Balanced;Innovative;Loyal;8;8;16;13;11;10;6;7;13;4;1;6;12;9;0;;9;12
1010;15;20;10;15;1;Offensive;Non-physical;Passive;Balanced;Balanced;Very Conservative;Loyal;11;10;8;5;7;8;9;9;9;6;6;13;5;9;0;;5;6
1011;10;10;15;20;1;Offensive;Non-physical;Aggressive;Aggressive;Balanced;Innovative;Balanced;12;1;3;12;1;15;2;2;6;15;5;7;15;13;0;;20;10
1012;10;10;15;20;1;Offensive;Very Non-Physical;Aggressive;Balanced;Balanced;Balanced;Very Loyal;1;4;8;6;11;4;4;12;8;10;7;20;14;15;0;;14;14
1013;10;10;15;20;1;Offensive;Non-physical;Passive;Very Conservative;Balanced;Balanced;Balanced;12;11;5;14;2;14;3;5;9;8;5;13;7;9;0;;18;20
1014;10;10;15;20;1;Offensive;Balanced;Balanced;Balanced;Balanced;Innovative;Balanced;8;2;4;14;14;4;2;12;14;15;11;10;13;14;0;;20;11
1015;10;10;15;20;1;Offensive;Non-physical;Balanced;Balanced;Prefers Veterans;Innovative;Ruthless;13;11;13;7;5;7;12;5;3;12;11;18;12;12;0;;13;14
1016;10;10;15;20;1;Offensive;Non-physical;Aggressive;Very Conservative;Balanced;Conservative;Balanced;12;2;14;11;9;5;13;7;5;3;9;10;7;10;0;;14;20
1017;10;10;15;20;1;Very Offensive;Non-physical;Aggressive;Conservative;Prefers Veterans;Innovative;Balanced;15;13;3;9;14;9;12;11;7;6;7;13;9;2;0;;15;14
1018;5;10;20;15;1;Standard;Non-physical;Balanced;Balanced;Balanced;Innovative;Balanced;9;17;8;16;5;16;6;5;6;0;7;5;20;13;0;;14;9
1019;5;10;20;15;1;Offensive;Balanced;Aggressive;Balanced;Balanced;Conservative;Balanced;13;13;12;14;19;15;12;5;16;0;3;5;8;15;0;;2;2
1020;5;10;20;15;1;Offensive;Non-physical;Balanced;Aggressive;Balanced;Balanced;Ruthless;8;6;10;5;10;11;17;5;10;4;2;14;16;11;0;;12;10
1021;5;10;20;15;1;Offensive;Non-physical;Balanced;Conservative;Balanced;Balanced;Ruthless;6;14;4;6;11;16;7;4;4;10;9;9;15;11;0;;5;12
1022;1;1;5;1;20;Offensive;Non-physical;Balanced;Balanced;Prefers Prospects;Innovative;Ruthless;0;0;0;0;0;0;0;6;0;0;1;0;0;0;17;;0;0
1023;15;20;10;15;1;Offensive;Non-physical;Passive;Balanced;Loves Veterans;Very Innovative;Balanced;2;10;3;14;1;14;2;9;13;11;4;5;6;15;0;;3;8
1024;10;15;20;15;1;Offensive;Balanced;Balanced;Balanced;Balanced;Balanced;Loyal;9;11;11;15;17;9;6;7;6;7;5;12;20;17;0;;12;6
1025;10;10;15;20;1;Offensive;Non-physical;Passive;Very Aggressive;Loves Prospects;Very Innovative;Ruthless;1;14;2;2;9;1;6;8;7;8;15;11;13;9;0;;11;16
1026;10;10;15;20;1;Offensive;Balanced;Aggressive;Very Aggressive;Balanced;Very Innovative;Balanced;6;14;6;13;3;12;7;11;9;7;8;20;11;12;0;;13;12
1027;10;10;15;20;1;Offensive;Non-physical;Aggressive;Conservative;Balanced;Conservative;Loyal;1;13;15;9;7;10;5;4;8;6;5;12;14;3;0;;15;14
1028;10;10;15;20;1;Offensive;Non-physical;Balanced;Conservative;Prefers Prospects;Balanced;Loyal;14;2;4;11;4;6;13;4;6;4;9;12;5;9;0;;14;20
1029;10;10;15;20;1;Offensive;Balanced;Balanced;Balanced;Balanced;Conservative;Very Loyal;8;2;4;15;12;7;6;12;15;3;20;17;8;1;0;;11;10
1030;10;10;15;20;1;Offensive;Non-physical;Aggressive;Balanced;Balanced;Innovative;Ruthless;14;1;2;7;12;2;11;3;8;8;11;18;8;4;0;;11;18
1031;10;10;15;20;1;Offensive;Non-physical;Aggressive;Aggressive;Balanced;Balanced;Balanced;11;10;10;3;9;11;11;9;11;10;8;9;15;10;0;;12;16
1032;5;10;20;15;1;Offensive;Balanced;Balanced;Balanced;Balanced;Innovative;Ruthless;11;17;13;20;10;7;18;8;7;14;5;4;9;10;0;;14;10
1033;5;10;20;15;1;Offensive;Non-physical;Balanced;Balanced;Balanced;Balanced;Balanced;6;11;19;6;5;4;15;8;8;3;3;3;20;10;0;;10;13
1034;5;10;20;15;1;Offensive;Balanced;Passive;Balanced;Balanced;Balanced;Balanced;9;6;6;16;10;10;4;7;16;12;1;12;19;12;0;;3;5
1035;5;10;20;15;1;Offensive;Very Non-Physical;Balanced;Very Aggressive;Prefers Veterans;Balanced;Balanced;19;7;17;14;12;13;11;12;6;1;2;16;9;6;0;;1;15
1036;15;20;10;15;1;Standard;Very Non-Physical;Passive;Balanced;Prefers Veterans;Very Conservative;Very Ruthless;13;11;10;12;10;4;9;5;5;5;5;9;6;1;0;;6;4
1037;10;15;20;15;1;Offensive;Non-physical;Aggressive;Balanced;Balanced;Balanced;Loyal;5;14;10;11;9;9;3;5;8;10;2;4;14;6;0;;9;3
1038;10;10;15;20;1;Very Offensive;Balanced;Aggressive;Balanced;Prefers Veterans;Balanced;Ruthless;8;12;7;6;3;12;5;6;4;16;8;7;6;7;0;;16;10
1039;10;10;15;20;1;Offensive;Non-physical;Balanced;Balanced;Balanced;Innovative;Balanced;14;1;13;13;12;11;7;9;16;7;6;18;5;12;0;;14;12
1040;10;10;15;20;1;Offensive;Non-physical;Passive;Aggressive;Loves Veterans;Innovative;Balanced;8;7;4;15;1;8;7;3;14;7;7;10;18;2;0;;15;20
1041;10;10;15;20;1;Offensive;Very Non-Physical;Balanced;Aggressive;Balanced;Innovative;Balanced;3;5;4;9;13;5;3;6;11;12;8;11;14;14;0;;16;17
1042;10;10;15;20;1;Offensive;Balanced;Balanced;Balanced;Balanced;Innovative;Balanced;4;15;3;1;4;7;15;8;16;7;3;10;17;6;0;;20;19
1043;10;10;15;20;1;Offensive;Very Non-Physical;Aggressive;Conservative;Prefers Prospects;Conservative;Very Ruthless;4;12;14;3;8;12;10;11;4;4;3;8;10;11;0;;17;14
1044;10;10;15;20;1;Offensive;Very Non-Physical;Very Passive;Balanced;Balanced;Conservative;Balanced;8;15;4;9;8;6;6;4;9;13;2;20;11;7;0;;20;14
1045;5;10;20;15;1;Offensive;Non-physical;Aggressive;Aggressive;Balanced;Very Innovative;Balanced;14;11;17;13;7;14;12;3;8;7;6;10;19;16;0;;12;2
1046;5;10;20;15;1;Offensive;Balanced;Balanced;Aggressive;Balanced;Very Innovative;Balanced;7;8;15;9;4;6;16;10;16;4;1;15;13;20;0;;9;11
1047;5;10;20;15;1;Standard;Non-physical;Balanced;Balanced;Prefers Prospects;Balanced;Ruthless;12;20;8;9;17;20;14;10;8;10;5;9;6;10;0;;1;15
1048;5;10;20;15;1;Offensive;Non-physical;Balanced;Balanced;Prefers Prospects;Very Innovative;Balanced;6;4;8;7;12;15;11;7;10;11;2;11;20;13;0;;10;10
1049;5;10;20;15;1;Very Offensive;Non-physical;Balanced;Balanced;Balanced;Innovative;Loyal;12;5;11;9;18;13;6;2;15;11;4;15;19;4;0;;7;11
1050;1;1;5;1;20;Very Offensive;Balanced;Balanced;Balanced;Prefers Prospects;Balanced;Loyal;0;0;0;0;0;0;0;5;0;0;2;0;0;0;16;;0;0
1051;15;20;10;15;1;Offensive;Non-physical;Very Aggressive;Balanced;Prefers Veterans;Innovative;Balanced;7;9;9;10;12;5;3;7;5;7;5;12;4;12;0;;14;2
1052;10;15;20;15;1;Offensive;Non-physical;Balanced;Aggressive;Prefers Prospects;Innovative;Ruthless;15;4;12;17;6;6;14;4;10;7;6;11;6;14;0;;9;10
1053;10;10;15;20;1;Offensive;Non-physical;Balanced;Balanced;Prefers Veterans;Balanced;Balanced;1;8;12;13;10;9;10;3;14;7;6;16;4;14;0;;14;19
1054;10;10;15;20;1;Offensive;Balanced;Balanced;Very Conservative;Balanced;Balanced;Ruthless;9;7;10;11;12;1;7;14;12;11;12;12;5;12;0;;20;19
1055;10;10;15;20;1;Offensive;Balanced;Passive;Balanced;Balanced;Balanced;Ruthless;9;5;14;11;4;5;3;11;7;15;8;7;14;10;0;;17;19
1056;10;10;15;20;1;Offensive;Very Non-Physical;Very Passive;Conservative;Prefers Veterans;Innovative;Ruthless;8;3;8;12;10;3;7;4;8;10;6;20;5;1;0;;10;18
1057;10;10;15;20;1;Standard;Non-physical;Balanced;Balanced;Balanced;Balanced;Loyal;4;9;15;3;4;12;15;4;11;7;5;16;6;15;0;;15;13
1058;10;10;15;20;1;Offensive;Balanced;Balanced;Aggressive;Balanced;Very Conservative;Balanced;10;4;13;6;1;10;7;7;17;8;4;19;17;10;0;;20;20
1059;10;10;15;20;1;Offensive;Balanced;Passive;Balanced;Balanced;Balanced;Ruthless;4;10;12;9;10;1;10;7;9;3;7;15;17;15;0;;20;12
1060;5;10;20;15;1;Standard;Balanced;Balanced;Balanced;Prefers Veterans;Conservative;Balanced;14;13;15;9;18;20;11;3;11;9;4;3;20;9;0;;10;12
1061;5;10;20;15;1;Offensive;Non-physical;Passive;Conservative;Prefers Veterans;Balanced;Very Ruthless;16;8;18;16;11;4;3;7;11;1;2;9;19;12;0;;7;13
1062;5;10;20;15;1;Offensive;Very Non-Physical;Aggressive;Balanced;Loves Veterans;Balanced;Ruthless;19;9;5;20;10;9;16;5;4;6;1;9;10;7;0;;2;11
1063;5;10;20;15;1;Standard;Balanced;Aggressive;Very Conservative;Prefers Veterans;Conservative;Balanced;14;10;10;18;8;13;8;9;5;11;1;8;20;9;0;;7;6
1064;5;10;20;15;1;Offensive;Balanced;Balanced;Conservative;Balanced;Balanced;Loyal;13;5;11;18;9;19;5;8;3;14;2;7;10;5;0;;5;2
1065;15;20;10;15;1;Offensive;Very Non-Physical;Balanced;Balanced;Balanced;Balanced;Balanced;1;10;13;13;6;2;13;6;4;11;9;7;4;3;0;;12;6
1066;10;15;20;15;1;Offensive;Balanced;Balanced;Conservative;Prefers Veterans;Innovative;Balanced;12;10;10;9;13;10;4;3;3;12;3;11;12;3;0;;1;6
1067;10;10;15;20;1;Offensive;Balanced;Very Aggressive;Balanced;Balanced;Conservative;Balanced;6;14;15;14;10;15;5;8;8;11;3;14;4;12;0;;20;19
1068;10;10;15;20;1;Offensive;Non-physical;Balanced;Very Aggressive;Prefers Veterans;Conservative;Very Ruthless;15;7;10;3;1;5;5;10;16;13;5;9;4;6;0;;16;20
1069;10;10;15;20;1;Offensive;Non-physical;Aggressive;Balanced;Loves Prospects;Innovative;Ruthless;1;11;11;13;14;5;9;11;17;15;6;10;9;10;0;;11;20
1070;10;10;15;20;1;Offensive;Non-physical;Very Aggressive;Aggressive;Balanced;Innovative;Ruthless;14;6;2;15;7;5;8;5;10;7;8;19;7;10;0;;20;12
1071;10;10;15;20;1;Standard;Balanced;Balanced;Conservative;Balanced;Innovative;Loyal;2;6;2;1;14;10;5;10;8;19;4;6;16;4;0;;15;12
1072;10;10;15;20;1;Standard;Balanced;Balanced;Conservative;Prefers Prospects;Conservative;Balanced;14;7;7;9;4;1;14;5;5;12;11;20;7;1;0;;11;19
1073;10;10;15;20;1;Offensive;Very Non-Physical;Balanced;Aggressive;Balanced;Balanced;Loyal;10;8;9;10;13;8;12;9;12;6;14;6;16;15;0;;18;20
1074;5;10;20;15;1;Standard;Balanced;Passive;Balanced;Loves Veterans;Innovative;Balanced;20;11;5;19;14;9;8;1;6;11;4;16;11;4;0;;15;14
1075;5;10;20;15;1;Offensive;Non-physical;Aggressive;Balanced;Prefers Veterans;Conservative;Balanced;4;13;8;12;20;14;12;4;15;5;1;16;17;9;0;;2;3
1076;5;10;20;15;1;Offensive;Balanced;Aggressive;Balanced;Balanced;Balanced;Loyal;17;18;13;11;14;9;12;2;4;10;7;12;20;10;0;;9;12
1077;5;10;20;15;1;Offensive;Non-physical;Passive;Balanced;Balanced;Balanced;Balanced;13;16;14;6;13;6;8;4;8;3;3;4;20;9;0;;12;4
1078;1;1;5;1;20;Standard;Very Non-Physical;Passive;Balanced;Balanced;Innovative;Balanced;0;0;0;0;0;0;0;1;0;0;3;0;0;0;16;;0;0
1079;15;20;10;15;1;Offensive;Balanced;Balanced;Conservative;Prefers Veterans;Balanced;Ruthless;4;2;1;1;12;10;2;4;5;2;6;5;10;5;0;;8;12
1080;10;10;15;20;1;Standard;Very Non-Physical;Balanced;Balanced;Balanced;Very Conservative;Balanced;1;10;4;3;1;10;5;3;4;14;7;13;10;6;0;;12;18
1081;10;10;15;20;1;Offensive;Balanced;Balanced;Aggressive;Balanced;Balanced;Balanced;14;15;13;11;15;12;11;11;7;3;5;20;18;12;0;;19;11
1082;10;10;15;20;1;Offensive;Balanced;Balanced;Conservative;Balanced;Conservative;Balanced;11;8;7;9;5;12;2;3;8;3;10;20;17;15;0;;20;13
1083;10;10;15;20;1;Offensive;Non-physical;Balanced;Aggressive;Balanced;Balanced;Very Ruthless;5;5;5;10;12;14;8;10;3;15;10;10;15;15;0;;20;18
1084;10;10;15;20;1;Offensive;Non-physical;Passive;Aggressive;Prefers Prospects;Conservative;Loyal;5;13;3;8;13;6;1;9;5;7;3;11;5;7;0;;17;15
1085;10;10;15;20;1;Offensive;Non-physical;Balanced;Balanced;Prefers Veterans;Conservative;Balanced;10;1;1;15;6;2;7;10;17;3;7;8;5;2;0;;20;15
1086;10;10;15;20;1;Offensive;Non-physical;Aggressive;Conservative;Balanced;Balanced;Balanced;12;9;8;12;2;3;9;5;4;3;11;16;7;9;0;;19;12
1087;5;10;20;15;1;Offensive;Non-physical;Balanced;Aggressive;Balanced;Balanced;Balanced;13;11;17;8;8;8;8;9;3;2;7;13;6;3;0;;5;2
1088;5;10;20;15;1;Offensive;Non-physical;Balanced;Balanced;Prefers Prospects;Very Innovative;Loyal;5;20;4;13;8;4;20;5;11;1;4;12;7;16;0;;6;11
1089;5;10;20;15;1;Offensive;Balanced;Very Aggressive;Balanced;Balanced;Innovative;Ruthless;7;14;18;13;10;17;15;13;4;2;6;8;8;17;0;;15;1
1090;5;10;20;15;1;Offensive;Balanced;Passive;Balanced;Prefers Prospects;Balanced;Loyal;4;3;17;14;8;9;16;5;7;3;3;3;10;13;0;;11;11
1091;1;1;5;1;20;Offensive;Very Non-Physical;Balanced;Aggressive;Prefers Veterans;Balanced;Loyal;0;0;0;0;0;0;0;8;0;0;3;0;0;0;16;;0;0
1092;15;20;10;15;1;Offensive;Very Non-Physical;Aggressive;Balanced;Prefers Prospects;Balanced;Balanced;1;1;9;10;9;4;3;4;7;8;6;5;4;6;0;;8;6
1093;10;15;20;15;1;Offensive;Non-physical;Balanced;Balanced;Balanced;Balanced;Loyal;10;6;5;15;11;15;12;8;14;8;6;6;16;4;0;;11;10
1094;10;10;15;20;1;Standard;Very Non-Physical;Passive;Conservative;Prefers Prospects;Very Conservative;Balanced;8;12;11;6;13;5;10;12;10;8;2;16;18;4;0;;12;20
1095;10;10;15;20;1;Very Offensive;Non-physical;Balanced;Balanced;Balanced;Balanced;Balanced;14;11;13;14;3;9;11;9;6;14;6;13;15;11;0;;16;20
1096;10;10;15;20;1;Offensive;Non-physical;Balanced;Aggressive;Loves Veterans;Balanced;Balanced;2;8;9;6;10;3;8;10;5;13;8;20;16;15;0;;19;13
1097;10;10;15;20;1;Standard;Non-physical;Balanced;Balanced;Prefers Prospects;Innovative;Balanced;4;2;12;2;14;10;14;8;5;5;8;11;12;1;0;;20;16
1098;10;10;15;20;1;Offensive;Non-physical;Balanced;Conservative;Balanced;Innovative;Very Ruthless;4;8;12;3;11;3;15;12;13;2;3;15;4;13;0;;14;20
1099;10;10;15;20;1;Offensive;Balanced;Aggressive;Balanced;Balanced;Balanced;Balanced;4;15;10;11;3;4;4;4;11;11;4;8;6;13;0;;20;14
1100;10;10;15;20;1;Standard;Non-physical;Aggressive;Balanced;Balanced;Very Innovative;Ruthless;1;13;3;5;8;12;12;7;11;11;8;6;18;3;0;;12;17
1101;5;10;20;15;1;Standard;Non-physical;Passive;Conservative;Prefers Prospects;Balanced;Balanced;16;9;18;5;8;4;5;10;4;9;1;15;14;14;0;;3;2
1102;5;10;20;15;1;Offensive;Non-physical;Aggressive;Balanced;Prefers Prospects;Balanced;Balanced;3;11;16;7;10;17;11;4;7;9;5;9;7;13;0;;4;4
1103;5;10;20;15;1;Offensive;Non-physical;Aggressive;Balanced;Balanced;Innovative;Ruthless;7;7;19;17;14;13;5;3;11;12;6;4;17;20;0;;7;3
1104;5;10;20;15;1;Offensive;Very Non-Physical;Balanced;Balanced;Balanced;Innovative;Balanced;8;12;11;14;8;13;15;3;10;0;9;7;20;16;0;;12;11
1105;15;20;10;15;1;Offensive;Balanced;Aggressive;Balanced;Balanced;Conservative;Ruthless;1;3;1;8;11;7;1;3;14;10;1;10;13;10;0;;7;12
1106;10;15;20;15;1;Offensive;Non-physical;Balanced;Balanced;Loves Prospects;Innovative;Ruthless;17;12;13;16;15;11;5;1;7;3;6;14;20;4;0;;13;4
1107;10;10;15;20;1;Offensive;Balanced;Balanced;Conservative;Balanced;Conservative;Loyal;9;9;12;9;2;12;14;3;8;18;7;4;9;11;0;;16;15
1108;10;10;15;20;1;Offensive;Non-physical;Aggressive;Balanced;Balanced;Innovative;Loyal;4;2;1;10;14;14;10;7;3;10;5;15;4;7;0;;18;20
1109;10;10;15;20;1;Very Offensive;Balanced;Passive;Aggressive;Balanced;Balanced;Loyal;14;8;6;11;14;9;10;8;8;4;5;11;14;6;0;;14;15
1110;10;10;15;20;1;Very Offensive;Balanced;Passive;Aggressive;Balanced;Innovative;Balanced;13;3;11;15;3;11;1;2;16;15;6;9;11;1;0;;16;12
1111;10;10;15;20;1;Offensive;Balanced;Balanced;Conservative;Balanced;Conservative;Ruthless;9;12;11;2;1;3;8;4;12;6;6;13;12;12;0;;11;19
1112;10;10;15;20;1;Offensive;Non-physical;Balanced;Balanced;Balanced;Balanced;Ruthless;7;1;2;8;5;1;1;11;10;18;11;5;16;3;0;;11;14
1113;10;10;15;20;1;Standard;Non-physical;Balanced;Balanced;Loves Prospects;Balanced;Loyal;7;2;14;14;11;14;9;12;5;5;12;16;4;6;0;;20;20
1114;5;10;20;15;1;Offensive;Non-physical;Passive;Aggressive;Prefers Veterans;Balanced;Balanced;6;9;6;5;19;12;6;10;13;9;3;12;10;5;0;;15;4
1115;5;10;20;15;1;Offensive;Non-physical;Balanced;Balanced;Prefers Veterans;Balanced;Ruthless;20;17;13;8;20;13;12;7;4;9;4;5;10;5;0;;14;7
1116;5;10;20;15;1;Offensive;Non-physical;Balanced;Aggressive;Balanced;Balanced;Loyal;12;14;7;9;15;5;15;6;10;11;7;4;13;13;0;;2;11
1117;5;10;20;15;1;Standard;Balanced;Passive;Balanced;Balanced;Balanced;Balanced;10;8;12;17;13;16;20;5;14;6;3;17;8;9;0;;13;10
1118;5;10;20;15;1;Offensive;Balanced;Aggressive;Aggressive;Balanced;Very Innovative;Loyal;3;3;17;13;4;6;5;15;8;0;9;15;16;5;0;;5;1
1119;15;20;10;15;1;Offensive;Non-physical;Balanced;Balanced;Loves Prospects;Balanced;Ruthless;14;8;2;5;14;14;14;1;15;13;4;6;4;6;0;;9;6
1120;10;10;15;20;1;Offensive;Balanced;Balanced;Aggressive;Loves Veterans;Balanced;Very Loyal;10;12;10;15;8;14;11;10;11;2;13;18;7;5;0;;14;20
1121;10;10;15;20;1;Offensive;Non-physical;Balanced;Balanced;Balanced;Conservative;Balanced;12;14;4;9;14;9;4;3;5;9;12;17;18;15;0;;18;12
1122;10;10;15;20;1;Offensive;Balanced;Aggressive;Conservative;Balanced;Balanced;Balanced;3;13;12;8;15;12;6;9;3;9;10;10;10;9;0;;16;15
1123;10;10;15;20;1;Offensive;Non-physical;Balanced;Very Conservative;Loves Veterans;Balanced;Ruthless;7;2;5;7;3;3;3;9;14;14;7;5;13;14;0;;20;18
1124;10;10;15;20;1;Offensive;Very Non-Physical;Balanced;Balanced;Balanced;Balanced;Balanced;13;8;7;15;10;7;12;8;12;17;7;11;10;8;0;;18;15
1125;10;10;15;20;1;Offensive;Balanced;Balanced;Aggressive;Prefers Veterans;Balanced;Very Ruthless;13;5;1;9;8;9;6;8;17;15;8;20;14;10;0;;20;11
1126;10;10;15;20;1;Offensive;Non-physical;Very Passive;Balanced;Balanced;Conservative;Ruthless;8;3;11;10;11;7;11;6;7;8;7;19;13;7;0;;14;10
1127;5;10;20;15;1;Offensive;Non-physical;Passive;Balanced;Prefers Prospects;Innovative;Balanced;5;19;18;18;16;12;16;7;3;3;9;13;15;16;0;;4;3
1128;5;10;20;15;1;Offensive;Non-physical;Very Aggressive;Aggressive;Loves Veterans;Innovative;Balanced;11;12;20;16;7;12;7;6;14;4;8;10;20;6;0;;11;1
1129;5;10;20;15;1;Offensive;Balanced;Aggressive;Aggressive;Balanced;Balanced;Very Loyal;10;12;19;8;11;17;13;11;13;1;6;17;18;16;0;;14;13
1130;5;10;20;15;1;Offensive;Non-physical;Balanced;Aggressive;Balanced;Conservative;Balanced;14;13;10;14;6;6;13;5;3;12;1;4;17;10;0;;5;3
1131;5;10;20;15;1;Offensive;Non-physical;Balanced;Conservative;Prefers Prospects;Balanced;Loyal;10;7;17;5;17;20;4;2;14;10;4;10;19;9;0;;9;3
1132;1;1;5;1;20;Offensive;Non-physical;Balanced;Balanced;Prefers Veterans;Innovative;Balanced;0;0;0;0;0;0;0;5;0;0;5;0;0;0;19;;0;0
1133;15;20;10;15;1;Standard;Balanced;Balanced;Conservative;Balanced;Balanced;Loyal;5;5;11;14;10;9;6;6;5;4;7;11;17;1;0;;9;12
1134;10;15;20;15;1;Offensive;Non-physical;Very Aggressive;Aggressive;Balanced;Balanced;Loyal;12;13;3;4;9;4;12;7;12;9;6;12;16;10;0;;1;9
1135;10;10;15;20;1;Offensive;Balanced;Passive;Conservative;Prefers Prospects;Balanced;Loyal;9;5;12;1;11;7;5;9;4;8;12;12;18;3;0;;14;17
1136;10;10;15;20;1;Offensive;Balanced;Balanced;Conservative;Prefers Veterans;Balanced;Balanced;15;14;5;7;4;7;15;6;11;14;10;17;7;6;0;;19;15
1137;10;10;15;20;1;Offensive;Non-physical;Balanced;Aggressive;Balanced;Balanced;Balanced;5;7;3;12;1;7;6;11;13;16;6;20;8;8;0;;11;15
1138;10;10;15;20;1;Offensive;Non-physical;Balanced;Balanced;Loves Prospects;Innovative;Balanced;11;3;5;8;2;3;13;10;9;17;7;11;15;3;0;;11;14
1139;10;10;15;20;1;Offensive;Balanced;Balanced;Balanced;Prefers Veterans;Conservative;Loyal;12;14;6;1;14;12;12;8;6;4;9;5;9;10;0;;20;13
1140;10;10;15;20;1;Offensive;Non-physical;Passive;Balanced;Balanced;Very Innovative;Balanced;12;1;14;1;4;3;5;3;12;10;6;20;18;8;0;;14;16
1141;10;10;15;20;1;Offensive;Balanced;Balanced;Aggressive;Balanced;Very Innovative;Balanced;11;5;2;12;7;15;15;3;9;1;6;7;7;8;0;;18;14
1142;5;10;20;15;1;Offensive;Non-physical;Passive;Balanced;Prefers Prospects;Conservative;Balanced;14;11;8;19;6;10;8;12;10;9;7;9;7;11;0;;6;5
1143;5;10;20;15;1;Offensive;Non-physical;Balanced;Conservative;Prefers Prospects;Balanced;Very Loyal;6;15;8;12;20;8;12;8;15;11;3;5;19;9;0;;8;4
1144;1;1;5;1;20;Standard;Non-physical;Very Passive;Conservative;Prefers Prospects;Balanced;Balanced;0;0;0;0;0;0;0;4;0;0;5;0;0;0;19;;0;0
1145;15;20;10;15;1;Offensive;Non-physical;Balanced;Balanced;Balanced;Very Innovative;Balanced;9;3;12;11;1;8;8;7;11;0;5;6;12;14;0;;5;14
1146;10;15;20;15;1;Standard;Non-physical;Balanced;Conservative;Loves Prospects;Balanced;Balanced;8;13;3;6;7;6;3;6;3;12;2;10;7;4;0;;10;2
1147;10;10;15;20;1;Offensive;Balanced;Very Aggressive;Balanced;Balanced;Innovative;Balanced;14;7;3;14;9;1;1;5;7;12;9;16;6;14;0;;11;17
1148;10;10;15;20;1;Standard;Non-physical;Passive;Balanced;Loves Prospects;Innovative;Very Ruthless;2;6;4;7;15;12;2;6;7;14;5;6;7;15;0;;16;18
1149;10;10;15;20;1;Offensive;Non-physical;Aggressive;Balanced;Prefers Veterans;Balanced;Loyal;4;8;12;12;13;11;8;8;13;17;2;20;18;3;0;;12;13
1150;10;10;15;20;1;Offensive;Balanced;Aggressive;Aggressive;Balanced;Balanced;Balanced;7;10;3;8;11;6;5;6;13;2;4;20;18;13;0;;19;13
1151;10;10;15;20;1;Offensive;Non-physical;Balanced;Very Conservative;Loves Veterans;Balanced;Ruthless;12;12;3;4;9;3;6;4;6;5;9;19;18;10;0;;16;12
1152;10;10;15;20;1;Standard;Very Non-Physical;Aggressive;Aggressive;Prefers Prospects;Very Conservative;Balanced;6;15;6;15;9;8;13;11;12;16;7;20;15;8;0;;14;17
1153;10;10;15;20;1;Offensive;Non-physical;Very Aggressive;Balanced;Prefers Veterans;Balanced;Balanced;5;4;13;12;1;10;1;5;11;15;6;20;7;8;0;;10;20
1154;5;10;20;15;1;Offensive;Balanced;Balanced;Balanced;Balanced;Balanced;Ruthless;7;12;9;9;15;5;9;7;10;6;5;5;7;3;0;;13;2
1155;5;10;20;15;1;Offensive;Non-physical;Aggressive;Balanced;Balanced;Balanced;Balanced;10;8;10;5;20;11;11;9;6;10;5;9;13;18;0;;14;14
1156;1;1;5;1;20;Offensive;Balanced;Passive;Balanced;Prefers Prospects;Innovative;Balanced;0;0;0;0;0;0;0;6;0;0;2;0;0;0;15;;0;0
1157;15;20;10;15;1;Offensive;Balanced;Balanced;Very Aggressive;Prefers Prospects;Conservative;Loyal;3;2;12;4;1;5;1;6;7;5;7;4;15;6;0;;8;4
1158;10;10;15;20;1;Offensive;Balanced;Very Aggressive;Very Conservative;Prefers Prospects;Conservative;Balanced;8;4;1;1;7;2;8;7;10;10;10;16;7;2;0;;15;12
1159;10;10;15;20;1;Offensive;Balanced;Aggressive;Balanced;Balanced;Balanced;Ruthless;10;1;11;6;12;11;2;8;16;9;7;11;17;10;0;;12;17
1160;10;10;15;20;1;Offensive;Non-physical;Balanced;Balanced;Loves Prospects;Balanced;Balanced;3;12;15;1;13;4;10;13;13;16;7;20;12;6;0;;14;14
1161;10;10;15;20;1;Offensive;Non-physical;Passive;Balanced;Balanced;Conservative;Balanced;3;7;7;6;2;8;6;4;13;20;6;5;9;1;0;;15;19
1162;10;10;15;20;1;Offensive;Non-physical;Passive;Balanced;Balanced;Balanced;Balanced;12;10;10;10;5;3;3;6;12;15;5;10;8;14;0;;11;20
1163;10;10;15;20;1;Offensive;Non-physical;Balanced;Aggressive;Prefers Veterans;Very Conservative;Ruthless;5;1;10;10;14;11;10;6;8;4;7;19;11;8;0;;10;17
1164;10;10;15;20;1;Offensive;Very Non-Physical;Balanced;Balanced;Prefers Prospects;Balanced;Balanced;14;11;12;9;2;1;12;2;16;8;6;12;8;10;0;;17;14
1165;5;10;20;15;1;Offensive;Non-physical;Passive;Very Aggressive;Prefers Veterans;Balanced;Ruthless;9;17;18;7;19;20;7;3;4;1;3;6;9;3;0;;11;8
1166;5;10;20;15;1;Offensive;Balanced;Aggressive;Conservative;Balanced;Balanced;Balanced;15;12;4;17;20;12;13;5;13;12;9;10;20;5;0;;3;15
1167;5;10;20;15;1;Offensive;Balanced;Passive;Aggressive;Prefers Veterans;Conservative;Balanced;14;18;18;11;15;5;11;5;11;8;1;3;7;6;0;;11;2
1168;5;10;20;15;1;Offensive;Very Non-Physical;Balanced;Conservative;Prefers Prospects;Innovative;Balanced;10;12;20;16;5;13;5;5;3;1;1;9;11;10;0;;5;3
1169;15;20;10;15;1;Offensive;Non-physical;Balanced;Aggressive;Balanced;Conservative;Loyal;3;2;10;2;8;1;11;8;15;12;4;6;5;4;0;;9;13
1170;10;15;20;15;1;Offensive;Balanced;Balanced;Balanced;Balanced;Balanced;Balanced;5;10;7;11;5;7;13;2;5;0;3;9;6;12;0;;5;5
1171;10;10;15;20;1;Offensive;Non-physical;Very Aggressive;Balanced;Prefers Prospects;Innovative;Balanced;13;7;15;1;12;2;15;10;15;14;13;19;8;6;0;;19;11
1172;10;10;15;20;1;Offensive;Non-physical;Balanced;Very Aggressive;Balanced;Balanced;Balanced;7;6;2;4;5;2;11;8;17;4;6;8;7;12;0;;17;20
1173;10;10;15;20;1;Very Offensive;Non-physical;Balanced;Conservative;Balanced;Conservative;Balanced;3;10;15;6;11;3;11;6;17;13;2;20;18;12;0;;13;16
1174;10;10;15;20;1;Offensive;Balanced;Balanced;Balanced;Balanced;Innovative;Very Ruthless;9;4;5;7;13;5;7;9;17;9;11;20;18;3;0;;17;20
1175;10;10;15;20;1;Offensive;Balanced;Passive;Balanced;Prefers Prospects;Balanced;Balanced;7;9;7;3;12;9;10;3;8;7;11;6;18;15;0;;20;14
1176;10;10;15;20;1;Standard;Non-physical;Balanced;Balanced;Balanced;Very Conservative;Ruthless;3;14;13;2;12;11;11;8;16;6;11;20;15;5;0;;12;11
1177;10;10;15;20;1;Standard;Non-physical;Aggressive;Balanced;Prefers Prospects;Balanced;Balanced;7;5;2;7;13;5;11;4;7;16;2;8;15;14;0;;13;16
1178;5;10;20;15;1;Offensive;Non-physical;Passive;Balanced;Loves Veterans;Balanced;Balanced;9;8;19;13;10;12;7;2;5;6;8;14;6;17;0;;9;10
1179;5;10;20;15;1;Standard;Non-physical;Passive;Aggressive;Balanced;Balanced;Loyal;19;10;9;14;16;12;15;6;7;10;9;14;20;12;0;;14;6
1180;5;10;20;15;1;Very Offensive;Balanced;Balanced;Balanced;Balanced;Very Conservative;Balanced;10;4;11;18;13;19;11;7;12;8;4;9;16;13;0;;5;2
1181;1;1;5;1;20;Offensive;Balanced;Balanced;Balanced;Balanced;Balanced;Ruthless;0;0;0;0;0;0;0;7;0;0;3;0;0;0;20;;0;0
1182;15;20;10;15;1;Offensive;Non-physical;Balanced;Balanced;Balanced;Balanced;Balanced;14;15;7;11;4;9;15;1;14;8;7;12;15;15;0;;12;9
1183;10;10;15;20;1;Offensive;Non-physical;Balanced;Balanced;Balanced;Conservative;Loyal;8;6;3;10;11;5;12;4;3;15;5;20;10;9;0;;19;17
1184;10;10;15;20;1;Offensive;Non-physical;Balanced;Very Aggressive;Balanced;Balanced;Loyal;10;3;9;14;3;6;7;5;3;5;10;20;10;4;0;;14;14
1185;10;10;15;20;1;Standard;Balanced;Passive;Conservative;Balanced;Balanced;Ruthless;8;10;4;1;11;5;3;3;3;4;4;6;11;13;0;;20;14
1186;10;10;15;20;1;Offensive;Very Non-Physical;Passive;Balanced;Prefers Veterans;Innovative;Balanced;10;7;5;4;13;5;15;7;11;15;10;7;12;12;0;;12;20
1187;10;10;15;20;1;Standard;Non-physical;Aggressive;Balanced;Prefers Veterans;Balanced;Balanced;14;10;5;7;11;8;6;12;3;5;9;17;13;3;0;;11;15
1188;10;10;15;20;1;Standard;Balanced;Balanced;Balanced;Prefers Prospects;Balanced;Ruthless;7;14;15;2;8;8;12;7;3;17;10;16;6;3;0;;11;13
1189;10;10;15;20;1;Offensive;Non-physical;Very Passive;Balanced;Balanced;Balanced;Balanced;3;13;8;12;2;14;9;7;11;5;5;6;17;6;0;;17;15
1190;5;10;20;15;1;Offensive;Balanced;Balanced;Aggressive;Loves Veterans;Balanced;Ruthless;9;16;10;6;15;8;5;4;8;8;6;3;10;7;0;;7;1
1191;5;10;20;15;1;Standard;Very Non-Physical;Balanced;Conservative;Balanced;Balanced;Balanced;12;15;9;11;17;16;9;6;6;8;5;10;17;6;0;;5;11
1192;1;1;5;1;20;Offensive;Non-physical;Balanced;Balanced;Prefers Veterans;Innovative;Loyal;0;0;0;0;0;0;0;4;0;0;2;0;0;0;15;;0;0
1193;15;20;10;15;1;Offensive;Non-physical;Balanced;Balanced;Balanced;Balanced;Loyal;6;6;6;5;8;11;8;9;9;3;1;13;5;9;0;;13;8
1194;10;15;20;15;1;Offensive;Very Non-Physical;Balanced;Conservative;Prefers Veterans;Balanced;Balanced;12;3;5;6;10;4;11;3;5;7;4;14;12;12;0;;12;2
1195;10;10;15;20;1;Offensive;Non-physical;Passive;Very Aggressive;Loves Prospects;Innovative;Loyal;6;2;3;1;1;3;8;5;16;2;4;12;16;14;0;;16;13
1196;10;10;15;20;1;Standard;Very Non-Physical;Aggressive;Balanced;Balanced;Conservative;Loyal;15;14;7;7;6;14;8;12;4;5;7;20;5;14;0;;20;12
1197;10;10;15;20;1;Standard;Non-physical;Balanced;Balanced;Prefers Prospects;Conservative;Ruthless;12;10;14;5;12;4;8;12;6;6;3;18;13;4;0;;13;17
1198;10;10;15;20;1;Standard;Balanced;Balanced;Aggressive;Balanced;Very Innovative;Balanced;9;3;13;15;2;6;14;4;12;4;6;20;15;1;0;;11;20
1199;10;10;15;20;1;Standard;Non-physical;Passive;Conservative;Prefers Prospects;Balanced;Loyal;15;13;15;1;9;14;8;9;8;8;10;6;7;5;0;;15;15
1200;10;10;15;20;1;Offensive;Non-physical;Balanced;Aggressive;Prefers Prospects;Innovative;Very Loyal;1;4;12;4;9;6;10;8;10;18;4;13;10;6;0;;17;11
1201;10;10;15;20;1;Offensive;Non-physical;Balanced;Balanced;Loves Veterans;Innovative;Balanced;13;12;4;2;12;6;5;11;14;6;4;18;6;9;0;;17;12
1202;5;10;20;15;1;Standard;Balanced;Very Passive;Balanced;Prefers Veterans;Balanced;Very Ruthless;13;11;16;8;17;6;20;4;11;11;8;13;10;12;0;;13;14
1203;5;10;20;15;1;Offensive;Balanced;Aggressive;Aggressive;Balanced;Balanced;Loyal;15;3;10;6;7;15;4;7;7;2;2;3;10;17;0;;2;11
1204;5;10;20;15;1;Offensive;Non-physical;Aggressive;Balanced;Balanced;Balanced;Very Loyal;8;6;9;18;4;6;8;6;14;4;7;14;13;5;0;;13;10
1205;5;10;20;15;1;Offensive;Non-physical;Balanced;Balanced;Balanced;Conservative;Loyal;10;13;17;9;8;17;7;2;6;10;7;10;11;8;0;;2;11
1206;5;10;20;15;1;Offensive;Balanced;Balanced;Balanced;Balanced;Innovative;Balanced;16;9;8;12;7;16;5;6;15;1;8;4;13;4;0;;6;11
1207;15;20;10;15;1;Offensive;Balanced;Aggressive;Aggressive;Balanced;Innovative;Loyal;7;6;4;5;3;8;2;9;11;0;4;8;11;11;0;;11;4
1208;10;15;20;15;1;Offensive;Balanced;Balanced;Very Conservative;Prefers Veterans;Innovative;Loyal;11;8;11;4;13;13;7;3;8;7;2;7;8;8;0;;8;7
1209;10;10;15;20;1;Standard;Non-physical;Balanced;Conservative;Prefers Prospects;Balanced;Ruthless;1;12;4;15;12;12;2;12;16;6;5;20;17;4;0;;20;10
1210;10;10;15;20;1;Offensive;Very Non-Physical;Passive;Balanced;Prefers Veterans;Innovative;Ruthless;12;13;14;8;3;13;13;2;10;10;4;20;13;12;0;;20;12
1211;10;10;15;20;1;Standard;Non-physical;Aggressive;Balanced;Loves Veterans;Very Innovative;Balanced;5;1;3;3;11;13;9;10;14;19;5;8;4;4;0;;15;12
1212;10;10;15;20;1;Offensive;Balanced;Balanced;Conservative;Prefers Prospects;Balanced;Balanced;6;7;1;5;3;9;15;5;15;16;3;20;4;5;0;;16;19
1213;10;10;15;20;1;Very Offensive;Balanced;Balanced;Balanced;Balanced;Conservative;Balanced;14;14;11;8;2;13;12;9;8;10;13;8;13;9;0;;12;11
1214;10;10;15;20;1;Offensive;Balanced;Passive;Balanced;Prefers Prospects;Innovative;Balanced;1;8;4;13;12;9;4;3;17;5;1;11;11;15;0;;12;16
1215;10;10;15;20;1;Offensive;Very Non-Physical;Very Passive;Balanced;Prefers Veterans;Balanced;Ruthless;4;9;9;1;3;3;5;6;4;14;15;16;18;2;0;;11;12
1216;5;10;20;15;1;Standard;Non-physical;Passive;Conservative;Loves Veterans;Innovative;Loyal;13;20;12;11;6;15;10;14;11;7;9;3;20;13;0;;2;3
1217;15;20;10;15;1;Standard;Non-physical;Balanced;Very Aggressive;Prefers Prospects;Balanced;Very Ruthless;12;1;8;5;13;3;3;4;16;3;8;12;16;3;0;;12;7
1218;10;15;20;15;1;Offensive;Very Non-Physical;Balanced;Conservative;Balanced;Balanced;Very Loyal;11;12;12;15;5;6;11;2;13;10;3;7;13;15;0;;2;12
1219;10;10;15;20;1;Offensive;Very Non-Physical;Passive;Balanced;Prefers Prospects;Very Innovative;Very Ruthless;7;3;15;2;4;10;4;10;16;19;5;7;5;7;0;;13;19
1220;10;10;15;20;1;Standard;Non-physical;Balanced;Balanced;Balanced;Balanced;Ruthless;13;14;2;12;12;1;9;5;3;8;9;20;16;12;0;;10;14
1221;10;10;15;20;1;Standard;Non-physical;Aggressive;Aggressive;Prefers Veterans;Balanced;Very Loyal;2;2;12;2;11;9;8;14;6;9;7;17;15;2;0;;16;11
1222;10;10;15;20;1;Offensive;Non-physical;Balanced;Very Aggressive;Balanced;Innovative;Balanced;7;11;8;4;5;9;5;11;3;7;5;18;5;5;0;;15;12
1223;10;10;15;20;1;Offensive;Very Non-Physical;Passive;Balanced;Prefers Prospects;Innovative;Loyal;10;10;4;13;7;5;14;7;14;9;10;20;18;12;0;;19;14
1224;10;10;15;20;1;Offensive;Non-physical;Balanced;Balanced;Prefers Veterans;Innovative;Balanced;9;9;9;15;14;6;5;7;8;4;10;8;14;13;0;;18;13
1225;10;10;15;20;1;Offensive;Very Non-Physical;Aggressive;Aggressive;Balanced;Balanced;Loyal;5;9;6;5;1;9;4;8;6;14;9;11;12;7;0;;13;13
1226;5;10;20;15;1;Standard;Very Non-Physical;Passive;Aggressive;Balanced;Innovative;Loyal;10;4;9;5;4;11;15;10;6;14;3;16;20;19;0;;10;1
1227;5;10;20;15;1;Very Offensive;Very Non-Physical;Aggressive;Aggressive;Balanced;Innovative;Ruthless;10;13;5;9;11;7;19;10;9;13;9;13;20;11;0;;8;4
1228;1;1;5;1;20;Offensive;Very Non-Physical;Aggressive;Balanced;Balanced;Innovative;Ruthless;0;0;0;0;0;0;0;6;0;0;2;0;0;0;19;;0;0
1229;15;20;10;15;1;Offensive;Very Non-Physical;Balanced;Conservative;Balanced;Balanced;Balanced;10;10;10;12;14;15;2;3;13;6;3;11;12;3;0;;4;9
1230;10;10;15;20;1;Offensive;Non-physical;Balanced;Aggressive;Prefers Veterans;Conservative;Loyal;3;10;10;3;7;7;3;9;4;8;14;11;18;13;0;;15;12
1231;10;10;15;20;1;Offensive;Very Non-Physical;Balanced;Conservative;Balanced;Innovative;Ruthless;12;7;3;5;9;7;2;7;9;6;6;9;5;7;0;;16;13
1232;10;10;15;20;1;Standard;Very Non-Physical;Balanced;Balanced;Balanced;Balanced;Balanced;10;8;4;15;2;5;4;12;7;2;7;11;6;14;0;;16;18
1233;10;10;15;20;1;Offensive;Very Non-Physical;Aggressive;Very Conservative;Balanced;Very Conservative;Balanced;2;7;11;5;2;14;15;8;8;1;11;16;9;1;0;;20;20
1234;10;10;15;20;1;Offensive;Very Non-Physical;Balanced;Balanced;Balanced;Very Conservative;Very Loyal;7;7;4;6;15;13;10;9;3;7;6;7;6;2;0;;20;20
1235;10;10;15;20;1;Offensive;Very Non-Physical;Balanced;Balanced;Prefers Veterans;Balanced;Balanced;11;3;11;5;11;9;12;9;8;8;12;18;18;4;0;;15;14
1236;10;10;15;20;1;Standard;Very Non-Physical;Balanced;Conservative;Prefers Veterans;Balanced;Balanced;2;7;10;4;14;3;12;6;13;18;7;18;12;8;0;;16;11
1237;5;10;20;15;1;Offensive;Very Non-Physical;Balanced;Balanced;Balanced;Very Innovative;Ruthless;5;8;5;18;15;14;16;8;14;5;1;15;20;17;0;;13;3
1238;5;10;20;15;1;Offensive;Very Non-Physical;Aggressive;Balanced;Balanced;Conservative;Very Loyal;11;5;4;12;6;4;11;7;7;6;8;16;18;17;0;;15;15
1239;5;10;20;15;1;Very Offensive;Very Non-Physical;Passive;Conservative;Prefers Veterans;Balanced;Balanced;9;15;12;12;16;5;13;2;5;10;3;5;18;19;0;;10;2
1240;5;10;20;15;1;Offensive;Very Non-Physical;Passive;Balanced;Prefers Veterans;Very Innovative;Loyal;17;13;13;11;10;4;8;7;4;0;5;16;19;9;0;;8;5
1241;5;10;20;15;1;Very Offensive;Very Non-Physical;Passive;Very Aggressive;Prefers Veterans;Balanced;Loyal;12;18;18;14;14;4;7;9;5;14;4;10;13;7;0;;5;5
1242;1;1;5;1;20;Standard;Very Non-Physical;Balanced;Balanced;Prefers Prospects;Balanced;Balanced;0;0;0;0;0;0;0;6;0;0;3;0;0;0;18;;0;0
1243;15;20;10;15;1;Offensive;Very Non-Physical;Very Aggressive;Aggressive;Balanced;Balanced;Balanced;1;3;3;2;15;1;13;1;9;0;1;17;5;7;0;;2;7
1244;10;10;15;20;1;Offensive;Very Non-Physical;Balanced;Very Aggressive;Prefers Prospects;Balanced;Ruthless;7;11;7;7;10;6;2;3;5;14;6;8;4;10;0;;18;20
1245;10;10;15;20;1;Offensive;Non-physical;Aggressive;Aggressive;Prefers Prospects;Innovative;Balanced;10;13;6;9;4;4;8;8;17;5;5;12;13;5;0;;20;20
1246;10;10;15;20;1;Offensive;Non-physical;Aggressive;Balanced;Balanced;Balanced;Ruthless;8;4;9;7;13;13;7;12;4;2;1;20;8;3;0;;12;20
1247;10;10;15;20;1;Offensive;Very Non-Physical;Aggressive;Balanced;Prefers Veterans;Balanced;Ruthless;6;2;10;12;9;15;9;10;6;11;12;6;18;3;0;;18;19
1248;10;10;15;20;1;Offensive;Very Non-Physical;Aggressive;Balanced;Balanced;Balanced;Ruthless;5;2;9;5;1;5;4;15;8;7;6;12;9;9;0;;15;11
1249;10;10;15;20;1;Standard;Very Non-Physical;Balanced;Aggressive;Prefers Veterans;Innovative;Balanced;12;10;13;10;2;15;8;10;6;8;14;4;5;13;0;;11;20
1250;10;10;15;20;1;Standard;Very Non-Physical;Balanced;Conservative;Balanced;Very Innovative;Balanced;13;1;10;12;15;7;10;4;15;10;8;16;4;6;0;;16;13
1251;5;10;20;15;1;Offensive;Very Non-Physical;Aggressive;Balanced;Prefers Prospects;Balanced;Loyal;5;14;6;4;15;6;7;9;13;6;8;17;20;20;0;;8;13
1252;5;10;20;15;1;Offensive;Very Non-Physical;Balanced;Aggressive;Prefers Prospects;Balanced;Loyal;17;8;6;9;9;9;9;4;14;13;1;11;19;16;0;;15;5
1253;5;10;20;15;1;Standard;Non-physical;Balanced;Balanced;Loves Veterans;Conservative;Balanced;9;19;20;11;12;12;3;7;16;10;9;13;12;11;0;;3;10
1254;1;1;5;1;20;Offensive;Very Non-Physical;Balanced;Aggressive;Balanced;Balanced;Balanced;0;0;0;0;0;0;0;9;0;0;6;0;0;0;17;;0;0
1255;15;20;10;15;1;Offensive;Non-physical;Balanced;Balanced;Prefers Veterans;Innovative;Very Ruthless;5;1;7;3;5;13;12;2;5;9;9;14;18;7;0;;1;13
1256;10;10;15;20;1;Very Offensive;Very Non-Physical;Balanced;Aggressive;Loves Veterans;Conservative;Loyal;5;14;3;11;2;4;15;9;7;10;10;9;11;7;0;;14;16
1257;10;10;15;20;1;Offensive;Very Non-Physical;Balanced;Balanced;Balanced;Very Innovative;Loyal;2;2;12;10;9;12;13;14;6;14;5;9;16;14;0;;12;20
1258;10;10;15;20;1;Offensive;Very Non-Physical;Passive;Conservative;Balanced;Conservative;Ruthless;1;11;6;14;7;1;10;11;4;10;3;8;15;1;0;;16;17
1259;10;10;15;20;1;Offensive;Very Non-Physical;Balanced;Balanced;Balanced;Balanced;Loyal;10;3;8;2;15;2;6;4;12;5;5;7;17;3;0;;15;11
1260;10;10;15;20;1;Standard;Very Non-Physical;Balanced;Balanced;Prefers Veterans;Balanced;Ruthless;8;2;3;7;14;9;4;14;15;9;4;8;8;3;0;;11;20
1261;10;10;15;20;1;Standard;Non-physical;Balanced;Aggressive;Balanced;Balanced;Balanced;1;7;8;6;6;4;12;10;16;9;9;20;8;7;0;;11;20
1262;10;10;15;20;1;Standard;Non-physical;Aggressive;Balanced;Balanced;Balanced;Very Ruthless;3;2;7;4;4;3;8;9;13;2;4;20;4;2;0;;16;11
1263;5;10;20;15;1;Offensive;Very Non-Physical;Balanced;Balanced;Prefers Prospects;Innovative;Very Ruthless;18;15;16;6;20;15;5;3;14;1;6;7;15;13;0;;11;14
1264;5;10;20;15;1;Standard;Very Non-Physical;Passive;Balanced;Prefers Veterans;Balanced;Very Ruthless;13;18;7;12;11;14;7;9;17;8;2;12;20;13;0;;5;11
1265;5;10;20;15;1;Offensive;Very Non-Physical;Balanced;Balanced;Balanced;Conservative;Balanced;6;6;6;13;7;9;19;11;17;10;5;10;20;12;0;;2;15
1266;5;10;20;15;1;Offensive;Very Non-Physical;Balanced;Balanced;Prefers Veterans;Conservative;Balanced;12;19;6;15;15;12;11;4;6;7;2;6;20;9;0;;2;6
1267;5;10;20;15;1;Standard;Non-physical;Passive;Balanced;Loves Prospects;Balanced;Balanced;20;8;7;12;9;16;15;3;8;10;9;6;20;10;0;;9;4
1268;1;1;5;1;20;Standard;Very Non-Physical;Aggressive;Balanced;Balanced;Balanced;Loyal;0;0;0;0;0;0;0;1;0;0;6;0;0;0;16;;0;0
1269;15;20;10;15;1;Offensive;Non-physical;Balanced;Balanced;Prefers Veterans;Innovative;Balanced;9;15;4;11;7;15;11;7;8;12;8;3;12;3;0;;12;3
1270;10;15;20;15;1;Standard;Very Non-Physical;Balanced;Very Aggressive;Balanced;Balanced;Ruthless;11;3;12;12;17;8;3;7;13;8;4;13;9;13;0;;8;6
1271;10;10;15;20;1;Offensive;Very Non-Physical;Balanced;Conservative;Balanced;Balanced;Very Ruthless;3;10;2;1;14;8;3;10;8;2;11;12;17;4;0;;17;18
1272;10;10;15;20;1;Offensive;Non-physical;Balanced;Aggressive;Prefers Prospects;Balanced;Balanced;9;11;12;9;3;4;13;8;3;9;6;15;7;2;0;;14;11
1273;10;10;15;20;1;Offensive;Very Non-Physical;Balanced;Balanced;Balanced;Conservative;Balanced;4;4;3;14;9;12;5;2;13;6;6;19;18;12;0;;16;16
1274;10;10;15;20;1;Standard;Very Non-Physical;Passive;Balanced;Prefers Prospects;Balanced;Loyal;7;1;11;10;7;3;11;11;16;12;2;5;5;9;0;;16;16
1275;10;10;15;20;1;Offensive;Very Non-Physical;Balanced;Conservative;Prefers Veterans;Balanced;Balanced;6;14;6;9;10;6;1;8;8;14;7;12;17;14;0;;19;19
1276;10;10;15;20;1;Standard;Very Non-Physical;Balanced;Balanced;Prefers Veterans;Balanced;Balanced;5;1;13;13;6;12;5;10;9;16;8;10;12;11;0;;20;13
1277;10;10;15;20;1;Offensive;Very Non-Physical;Passive;Balanced;Balanced;Very Conservative;Loyal;13;2;6;9;13;11;15;5;8;3;4;20;8;6;0;;17;11
1278;5;10;20;15;1;Offensive;Very Non-Physical;Passive;Aggressive;Balanced;Conservative;Ruthless;16;5;8;17;10;15;14;8;7;2;5;16;13;15;0;;9;5
1279;5;10;20;15;1;Offensive;Very Non-Physical;Passive;Conservative;Prefers Veterans;Balanced;Balanced;4;9;12;6;18;5;17;8;8;4;9;15;9;12;0;;9;6
1280;5;10;20;15;1;Offensive;Very Non-Physical;Passive;Balanced;Balanced;Innovative;Balanced;20;16;13;14;15;13;7;8;10;0;5;5;19;15;0;;11;4
1281;15;20;10;15;1;Offensive;Non-physical;Balanced;Balanced;Balanced;Balanced;Very Ruthless;12;1;7;8;15;6;1;9;5;8;9;8;8;10;0;;10;15
1282;10;15;20;15;1;Offensive;Balanced;Balanced;Balanced;Balanced;Balanced;Balanced;6;10;7;10;16;11;9;8;13;11;6;16;16;15;0;;11;13
1283;10;10;15;20;1;Offensive;Non-physical;Passive;Balanced;Loves Veterans;Balanced;Ruthless;15;8;10;3;9;5;15;5;4;6;7;10;10;11;0;;15;15
1284;10;10;15;20;1;Standard;Non-physical;Balanced;Balanced;Balanced;Innovative;Ruthless;5;7;10;5;7;6;14;11;4;16;2;9;8;7;0;;20;14
1285;10;10;15;20;1;Offensive;Non-physical;Balanced;Conservative;Prefers Prospects;Conservative;Ruthless;1;8;12;14;7;15;13;10;8;9;7;15;8;5;0;;11;17
1286;10;10;15;20;1;Very Offensive;Non-physical;Balanced;Very Conservative;Prefers Veterans;Very Conservative;Balanced;15;14;15;9;9;11;1;11;7;8;6;8;12;4;0;;14;20
1287;10;10;15;20;1;Standard;Balanced;Balanced;Balanced;Balanced;Very Conservative;Loyal;9;5;13;11;9;2;2;3;3;8;10;15;5;11;0;;10;18
1288;10;10;15;20;1;Offensive;Non-physical;Passive;Conservative;Balanced;Balanced;Balanced;12;15;13;2;8;11;4;3;4;11;3;5;9;15;0;;18;20
1289;10;10;15;20;1;Offensive;Balanced;Balanced;Conservative;Prefers Prospects;Innovative;Loyal;6;2;11;2;8;10;4;12;5;9;3;7;14;10;0;;14;15
1290;5;10;20;15;1;Standard;Non-physical;Aggressive;Balanced;Balanced;Balanced;Balanced;6;6;17;15;13;17;7;4;3;0;1;10;15;8;0;;5;9
1291;5;10;20;15;1;Standard;Non-physical;Passive;Aggressive;Balanced;Balanced;Balanced;12;19;8;6;20;13;17;10;11;0;5;10;12;16;0;;7;15
1292;5;10;20;15;1;Standard;Non-physical;Passive;Aggressive;Balanced;Conservative;Loyal;13;17;10;8;10;11;5;2;6;6;8;6;20;4;0;;13;5
1293;5;10;20;15;1;Offensive;Very Non-Physical;Balanced;Aggressive;Prefers Veterans;Balanced;Ruthless;18;13;8;8;19;14;20;2;8;14;9;17;15;6;0;;3;15
1294;1;1;5;1;20;Standard;Non-physical;Passive;Aggressive;Prefers Prospects;Very Conservative;Balanced;0;0;0;0;0;0;0;8;0;0;6;0;0;0;19;;0;0
1295;15;20;10;15;1;Offensive;Balanced;Very Passive;Balanced;Prefers Veterans;Innovative;Loyal;7;8;3;11;6;1;5;5;5;4;8;4;7;14;0;;12;7
1296;10;15;20;15;1;Standard;Balanced;Balanced;Aggressive;Prefers Prospects;Innovative;Loyal;16;13;13;9;13;7;8;1;11;0;4;4;15;17;0;;2;3
1297;10;10;15;20;1;Standard;Non-physical;Balanced;Balanced;Prefers Veterans;Conservative;Balanced;6;5;6;6;10;4;8;8;6;7;2;12;10;3;0;;16;17
1298;10;10;15;20;1;Offensive;Non-physical;Balanced;Very Aggressive;Balanced;Balanced;Balanced;2;6;10;11;4;10;11;10;7;11;13;5;6;4;0;;15;10
1299;10;10;15;20;1;Offensive;Non-physical;Very Aggressive;Conservative;Prefers Veterans;Balanced;Balanced;6;9;2;1;10;1;3;4;3;7;12;19;4;3;0;;20;17
1300;10;10;15;20;1;Offensive;Balanced;Aggressive;Balanced;Loves Prospects;Balanced;Balanced;15;7;2;14;8;10;10;8;8;3;6;6;10;6;0;;20;15
1301;10;10;15;20;1;Offensive;Non-physical;Balanced;Balanced;Balanced;Conservative;Ruthless;8;6;4;15;12;5;8;10;12;8;9;9;8;10;0;;15;20
1302;10;10;15;20;1;Offensive;Very Non-Physical;Aggressive;Balanced;Balanced;Conservative;Loyal;13;10;1;12;8;9;6;10;10;18;9;19;15;13;0;;12;11
1303;10;10;15;20;1;Offensive;Non-physical;Balanced;Balanced;Balanced;Balanced;Loyal;14;3;8;8;11;15;12;1;14;11;9;20;5;13;0;;17;10
1304;5;10;20;15;1;Offensive;Non-physical;Very Aggressive;Aggressive;Prefers Veterans;Conservative;Very Loyal;20;13;8;16;12;10;19;6;15;2;4;10;14;6;0;;1;9
1305;5;10;20;15;1;Standard;Non-physical;Passive;Balanced;Balanced;Innovative;Balanced;15;14;9;8;5;13;4;9;12;0;9;15;20;19;0;;5;10
1306;5;10;20;15;1;Offensive;Non-physical;Balanced;Balanced;Balanced;Balanced;Very Loyal;5;7;20;16;16;8;14;9;9;14;2;5;17;18;0;;1;9
1307;15;20;10;15;1;Offensive;Very Non-Physical;Balanced;Aggressive;Balanced;Innovative;Balanced;8;13;15;6;15;10;4;3;14;12;3;4;10;15;0;;12;9
1308;10;10;15;20;1;Offensive;Very Non-Physical;Balanced;Conservative;Balanced;Conservative;Balanced;3;13;6;5;15;6;4;11;7;8;5;8;18;5;0;;16;17
1309;10;10;15;20;1;Defensive;Very Non-Physical;Passive;Conservative;Loves Prospects;Innovative;Balanced;13;10;4;12;3;10;3;8;14;16;12;10;17;13;0;;15;13
1310;10;10;15;20;1;Standard;Very Non-Physical;Balanced;Balanced;Balanced;Balanced;Loyal;15;11;8;9;14;8;3;7;8;7;10;4;12;2;0;;15;20
1311;10;10;15;20;1;Standard;Very Non-Physical;Passive;Balanced;Prefers Veterans;Innovative;Balanced;4;7;10;6;11;12;12;9;10;11;6;14;13;14;0;;19;13
1312;10;10;15;20;1;Offensive;Very Non-Physical;Passive;Conservative;Balanced;Balanced;Balanced;15;11;8;9;6;9;4;5;7;6;11;8;11;3;0;;16;20
1313;10;10;15;20;1;Offensive;Very Non-Physical;Balanced;Very Aggressive;Prefers Prospects;Conservative;Loyal;13;1;9;11;1;12;6;9;7;3;5;16;15;5;0;;10;13
1314;10;10;15;20;1;Offensive;Non-physical;Very Passive;Balanced;Balanced;Very Conservative;Balanced;3;10;12;6;9;11;8;8;17;12;2;14;18;13;0;;15;20
1315;5;10;20;15;1;Standard;Very Non-Physical;Aggressive;Conservative;Prefers Veterans;Balanced;Ruthless;10;13;9;5;8;12;19;9;6;2;4;12;17;5;0;;15;14
1316;5;10;20;15;1;Offensive;Non-physical;Balanced;Aggressive;Prefers Veterans;Conservative;Balanced;9;16;11;10;5;3;10;7;7;0;6;14;19;5;0;;15;2
1317;5;10;20;15;1;Offensive;Very Non-Physical;Balanced;Aggressive;Prefers Veterans;Balanced;Balanced;15;18;5;8;5;6;18;4;4;14;9;4;20;16;0;;7;11
1318;5;10;20;15;1;Offensive;Very Non-Physical;Aggressive;Aggressive;Prefers Prospects;Balanced;Balanced;7;18;5;19;17;16;9;10;15;9;4;14;14;16;0;;2;10
1319;1;1;5;1;20;Standard;Very Non-Physical;Passive;Aggressive;Balanced;Innovative;Ruthless;0;0;0;0;0;0;0;4;0;0;9;0;0;0;15;;0;0
1320;15;20;10;15;1;Offensive;Balanced;Balanced;Aggressive;Balanced;Conservative;Very Loyal;3;7;2;5;11;11;7;1;10;6;7;3;12;1;0;;13;9
1321;10;15;20;15;1;Standard;Non-physical;Balanced;Balanced;Balanced;Innovative;Loyal;3;10;5;8;10;15;13;5;10;2;4;13;10;12;0;;2;6
1322;10;10;15;20;1;Standard;Non-physical;Balanced;Balanced;Balanced;Very Innovative;Balanced;3;2;10;14;14;10;4;5;16;9;7;18;13;6;0;;17;13
1323;10;10;15;20;1;Standard;Non-physical;Passive;Aggressive;Balanced;Balanced;Balanced;5;6;10;13;2;13;4;7;6;5;11;7;6;14;0;;13;15
1324;10;10;15;20;1;Standard;Very Non-Physical;Balanced;Conservative;Balanced;Balanced;Balanced;14;8;9;12;13;13;15;10;9;8;10;7;4;1;0;;14;14
1325;10;10;15;20;1;Standard;Non-physical;Balanced;Conservative;Balanced;Very Conservative;Loyal;12;1;2;8;12;11;3;8;9;8;9;5;15;7;0;;14;12
1326;10;10;15;20;1;Standard;Non-physical;Balanced;Balanced;Prefers Prospects;Balanced;Ruthless;1;7;8;10;7;11;13;11;5;10;6;20;15;7;0;;16;12
1327;10;10;15;20;1;Offensive;Non-physical;Balanced;Aggressive;Loves Prospects;Balanced;Loyal;13;4;15;3;14;1;3;3;15;4;8;5;12;6;0;;18;19
1328;10;10;15;20;1;Offensive;Non-physical;Balanced;Very Aggressive;Loves Prospects;Innovative;Balanced;6;15;11;11;10;1;14;11;4;13;6;14;7;13;0;;15;12
1329;5;10;20;15;1;Standard;Balanced;Balanced;Balanced;Balanced;Innovative;Very Ruthless;5;8;18;13;11;12;9;9;12;0;8;15;19;8;0;;12;3
1330;5;10;20;15;1;Offensive;Non-physical;Very Passive;Balanced;Loves Prospects;Conservative;Balanced;3;7;17;18;7;10;15;13;9;1;8;8;12;11;0;;13;5
1331;5;10;20;15;1;Offensive;Non-physical;Balanced;Balanced;Balanced;Balanced;Balanced;16;8;7;17;12;12;17;5;15;2;9;15;16;11;0;;3;9
1332;1;1;5;1;20;Standard;Very Non-Physical;Balanced;Very Aggressive;Balanced;Conservative;Very Loyal;0;0;0;0;0;0;0;1;0;0;3;0;0;0;16;;0;0
1333;15;20;10;15;1;Offensive;Non-physical;Passive;Aggressive;Prefers Veterans;Conservative;Balanced;4;12;10;4;3;11;15;9;7;10;2;17;13;13;0;;4;7
1334;10;15;20;15;1;Offensive;Balanced;Balanced;Conservative;Loves Veterans;Very Conservative;Balanced;10;3;9;8;4;4;13;3;15;3;9;4;14;7;0;;7;12
1335;10;10;15;20;1;Offensive;Non-physical;Balanced;Aggressive;Balanced;Balanced;Balanced;12;6;3;15;4;15;4;5;6;7;12;6;12;3;0;;18;14
1336;10;10;15;20;1;Offensive;Non-physical;Balanced;Very Conservative;Balanced;Innovative;Loyal;11;13;2;6;5;9;13;8;7;5;7;11;5;1;0;;20;14
1337;10;10;15;20;1;Standard;Non-physical;Aggressive;Very Aggressive;Balanced;Balanced;Ruthless;1;11;11;6;5;12;8;4;15;15;9;20;14;7;0;;14;18
1338;10;10;15;20;1;Standard;Non-physical;Balanced;Aggressive;Balanced;Balanced;Loyal;6;8;12;13;8;13;7;2;17;12;10;14;5;9;0;;20;18
1339;10;10;15;20;1;Standard;Balanced;Balanced;Aggressive;Prefers Prospects;Balanced;Balanced;3;2;5;14;8;7;9;2;8;7;10;9;8;1;0;;20;20
1340;10;10;15;20;1;Standard;Non-physical;Balanced;Balanced;Balanced;Innovative;Loyal;9;8;12;3;5;12;5;3;10;5;10;17;11;12;0;;15;13
1341;10;10;15;20;1;Offensive;Non-physical;Balanced;Conservative;Prefers Prospects;Conservative;Very Loyal;9;6;11;6;9;13;13;4;15;10;10;20;16;12;0;;13;18
1342;5;10;20;15;1;Offensive;Balanced;Balanced;Balanced;Prefers Prospects;Balanced;Loyal;16;18;9;15;5;19;15;5;12;12;8;13;8;17;0;;10;5
1343;5;10;20;15;1;Offensive;Non-physical;Aggressive;Conservative;Balanced;Innovative;Loyal;7;3;4;11;9;8;11;7;13;4;4;12;13;18;0;;5;13
1344;15;20;10;15;1;Offensive;Balanced;Passive;Balanced;Loves Prospects;Conservative;Balanced;10;13;3;7;2;3;4;1;10;10;3;8;10;7;0;;10;7
1345;10;15;20;15;1;Offensive;Very Non-Physical;Balanced;Conservative;Prefers Veterans;Very Conservative;Balanced;14;8;7;16;6;11;16;3;12;1;7;8;12;4;0;;6;13
1346;10;10;15;20;1;Offensive;Non-physical;Balanced;Balanced;Balanced;Balanced;Balanced;9;14;8;15;1;10;10;10;8;8;7;20;4;14;0;;19;12
1347;10;10;15;20;1;Offensive;Non-physical;Balanced;Conservative;Prefers Prospects;Balanced;Loyal;3;8;1;14;5;15;9;2;11;17;10;20;13;12;0;;11;13
1348;10;10;15;20;1;Offensive;Non-physical;Aggressive;Conservative;Prefers Veterans;Balanced;Very Loyal;9;8;10;8;13;9;6;2;17;20;9;17;14;14;0;;12;20
1349;10;10;15;20;1;Offensive;Very Non-Physical;Balanced;Aggressive;Prefers Prospects;Balanced;Balanced;8;9;7;6;9;11;10;11;8;2;6;20;18;4;0;;17;17
1350;10;10;15;20;1;Offensive;Balanced;Balanced;Conservative;Prefers Prospects;Balanced;Balanced;14;7;5;8;3;3;1;9;8;1;3;8;18;2;0;;19;17
1351;10;10;15;20;1;Offensive;Balanced;Aggressive;Balanced;Prefers Prospects;Innovative;Balanced;1;10;4;6;10;12;7;11;5;4;6;17;14;1;0;;12;19
1352;10;10;15;20;1;Offensive;Non-physical;Balanced;Aggressive;Prefers Veterans;Balanced;Very Ruthless;7;13;10;11;8;9;15;4;12;4;8;9;13;14;0;;19;13
1353;5;10;20;15;1;Offensive;Non-physical;Aggressive;Balanced;Loves Veterans;Balanced;Ruthless;10;14;10;4;4;6;8;6;12;5;2;6;14;6;0;;7;12
1354;5;10;20;15;1;Offensive;Non-physical;Balanced;Balanced;Balanced;Balanced;Loyal;6;18;3;9;11;12;8;11;8;8;2;8;13;16;0;;9;7
1355;5;10;20;15;1;Offensive;Balanced;Balanced;Aggressive;Prefers Veterans;Very Innovative;Balanced;6;14;16;12;7;19;6;8;6;11;4;14;16;13;0;;12;13
1356;5;10;20;15;1;Offensive;Non-physical;Balanced;Aggressive;Balanced;Very Conservative;Loyal;6;9;6;13;20;7;12;6;5;10;1;10;11;6;0;;11;3
1357;1;1;5;1;20;Offensive;Very Non-Physical;Passive;Conservative;Prefers Prospects;Balanced;Balanced;0;0;0;0;0;0;0;4;0;0;6;0;0;0;16;;0;0
1358;15;20;10;15;1;Offensive;Non-physical;Very Passive;Balanced;Balanced;Innovative;Balanced;10;4;12;2;15;14;15;5;10;10;1;9;10;6;0;;7;9
1359;10;15;20;15;1;Offensive;Non-physical;Very Passive;Aggressive;Prefers Veterans;Conservative;Loyal;17;16;16;12;5;12;13;2;8;0;7;14;18;14;0;;13;15
1360;10;10;15;20;1;Standard;Balanced;Very Passive;Conservative;Balanced;Conservative;Ruthless;10;5;9;7;15;7;4;5;8;8;13;9;16;13;0;;19;15
1361;10;10;15;20;1;Standard;Non-physical;Balanced;Balanced;Balanced;Innovative;Ruthless;4;13;7;7;3;10;4;5;8;19;6;9;12;9;0;;14;10
1362;10;10;15;20;1;Offensive;Non-physical;Aggressive;Balanced;Balanced;Balanced;Balanced;3;7;4;14;8;4;12;12;16;11;9;12;17;9;0;;20;13
1363;10;10;15;20;1;Offensive;Non-physical;Aggressive;Balanced;Balanced;Innovative;Balanced;6;3;1;6;1;4;3;9;17;17;10;7;14;6;0;;19;14
1364;10;10;15;20;1;Offensive;Non-physical;Passive;Very Aggressive;Balanced;Very Innovative;Very Loyal;13;2;1;12;14;10;3;15;5;2;2;12;12;2;0;;12;18
1365;10;10;15;20;1;Standard;Non-physical;Balanced;Balanced;Prefers Prospects;Conservative;Very Ruthless;6;6;5;9;4;6;6;7;5;20;13;16;14;6;0;;11;13
1366;10;10;15;20;1;Offensive;Non-physical;Aggressive;Conservative;Prefers Veterans;Balanced;Ruthless;15;3;9;5;15;9;15;7;13;5;9;15;6;12;0;;14;14
1367;5;10;20;15;1;Standard;Very Non-Physical;Balanced;Balanced;Prefers Veterans;Balanced;Balanced;4;13;9;18;8;15;5;5;12;7;8;15;7;20;0;;1;7
1368;5;10;20;15;1;Standard;Non-physical;Balanced;Aggressive;Balanced;Innovative;Balanced;8;9;16;10;7;4;5;6;4;1;6;3;11;14;0;;9;2
1369;5;10;20;15;1;Offensive;Non-physical;Balanced;Balanced;Balanced;Very Innovative;Very Ruthless;17;10;3;10;11;10;16;3;9;6;7;4;8;6;0;;10;3
1370;1;1;5;1;20;Offensive;Balanced;Balanced;Balanced;Loves Veterans;Innovative;Ruthless;0;0;0;0;0;0;0;2;0;0;7;0;0;0;19;;0;0
1371;15;20;10;15;1;Very Offensive;Balanced;Very Aggressive;Balanced;Loves Prospects;Conservative;Very Ruthless;15;15;6;12;4;15;11;5;12;2;6;6;13;7;0;;9;4
1372;10;15;20;15;1;Standard;Non-physical;Very Passive;Conservative;Balanced;Balanced;Balanced;13;9;13;5;3;13;14;3;9;2;5;10;15;9;0;;11;11
1373;10;10;15;20;1;Standard;Non-physical;Balanced;Balanced;Balanced;Balanced;Balanced;14;6;5;11;1;8;12;9;7;9;6;9;9;4;0;;13;20
1374;10;10;15;20;1;Offensive;Balanced;Balanced;Balanced;Balanced;Balanced;Loyal;3;15;4;1;10;7;14;9;16;15;10;11;18;12;0;;20;12
1375;10;10;15;20;1;Standard;Non-physical;Passive;Balanced;Loves Prospects;Balanced;Balanced;9;8;10;10;14;15;13;12;3;16;6;9;18;10;0;;17;13
1376;10;10;15;20;1;Offensive;Balanced;Passive;Balanced;Prefers Prospects;Conservative;Balanced;13;6;3;8;13;1;4;9;12;9;10;17;9;15;0;;20;13
1377;10;10;15;20;1;Very Offensive;Balanced;Passive;Balanced;Balanced;Balanced;Loyal;14;15;6;12;14;5;15;6;10;9;11;14;10;3;0;;20;13
1378;10;10;15;20;1;Offensive;Balanced;Balanced;Conservative;Prefers Veterans;Balanced;Very Loyal;3;6;5;1;5;5;10;6;5;12;5;11;4;2;0;;20;12
1379;10;10;15;20;1;Offensive;Non-physical;Aggressive;Balanced;Prefers Prospects;Very Innovative;Balanced;12;15;1;1;14;5;14;9;11;4;10;11;14;7;0;;14;14
1380;5;10;20;15;1;Offensive;Non-physical;Passive;Aggressive;Prefers Veterans;Balanced;Balanced;18;4;4;15;9;3;12;8;7;6;1;3;20;16;0;;3;4
1381;5;10;20;15;1;Offensive;Non-physical;Very Aggressive;Aggressive;Balanced;Very Innovative;Balanced;10;5;9;13;16;16;8;5;8;8;4;15;19;7;0;;4;10
1382;5;10;20;15;1;Offensive;Non-physical;Very Passive;Balanced;Balanced;Balanced;Very Ruthless;10;19;14;9;19;18;8;7;13;1;5;16;14;12;0;;6;6
1383;5;10;20;15;1;Offensive;Balanced;Very Aggressive;Conservative;Balanced;Innovative;Ruthless;8;9;8;5;14;14;16;5;11;3;2;12;12;12;0;;7;9
1384;1;1;5;1;20;Offensive;Balanced;Aggressive;Balanced;Prefers Prospects;Balanced;Loyal;0;0;0;0;0;0;0;4;0;0;8;0;0;0;19;;0;0
1385;15;20;10;15;1;Standard;Non-physical;Balanced;Conservative;Balanced;Balanced;Ruthless;5;13;4;2;3;5;2;2;13;10;2;15;9;13;0;;4;12
1386;10;10;15;20;1;Very Offensive;Balanced;Balanced;Balanced;Prefers Prospects;Balanced;Loyal;5;15;4;13;6;5;2;8;5;6;10;20;11;4;0;;16;14
1387;10;10;15;20;1;Offensive;Non-physical;Balanced;Balanced;Prefers Veterans;Very Conservative;Loyal;11;9;8;1;3;15;14;4;7;18;4;8;5;10;0;;12;20
1388;10;10;15;20;1;Offensive;Non-physical;Very Aggressive;Balanced;Balanced;Very Innovative;Loyal;13;7;4;15;10;15;7;11;12;9;8;7;6;15;0;;13;15
1389;10;10;15;20;1;Offensive;Non-physical;Balanced;Conservative;Balanced;Balanced;Very Loyal;12;14;4;10;4;12;15;5;12;6;5;11;11;13;0;;20;13
1390;10;10;15;20;1;Offensive;Non-physical;Aggressive;Balanced;Balanced;Balanced;Balanced;13;9;3;6;10;2;14;7;17;15;6;11;8;12;0;;13;13
1391;10;10;15;20;1;Offensive;Very Non-Physical;Balanced;Balanced;Prefers Veterans;Balanced;Balanced;10;9;13;1;1;8;13;11;14;8;3;20;15;5;0;;11;20
1392;10;10;15;20;1;Standard;Very Non-Physical;Aggressive;Balanced;Balanced;Balanced;Balanced;10;3;7;12;5;5;1;11;7;18;5;12;12;10;0;;13;19
1393;5;10;20;15;1;Offensive;Non-physical;Passive;Balanced;Balanced;Balanced;Balanced;5;7;13;11;13;7;6;8;6;5;9;13;9;13;0;;3;7
1394;5;10;20;15;1;Offensive;Non-physical;Aggressive;Very Aggressive;Prefers Prospects;Balanced;Loyal;15;18;6;6;8;11;5;5;5;4;2;8;12;10;0;;10;1
1395;5;10;20;15;1;Standard;Non-physical;Aggressive;Conservative;Balanced;Balanced;Ruthless;10;14;17;5;17;15;15;3;4;1;9;12;14;4;0;;3;7
1396;5;10;20;15;1;Standard;Non-physical;Balanced;Balanced;Balanced;Conservative;Balanced;4;18;13;7;9;6;9;10;5;2;5;9;7;17;0;;13;9
1397;5;10;20;15;1;Standard;Very Non-Physical;Passive;Balanced;Prefers Prospects;Balanced;Loyal;16;5;7;18;17;13;13;6;10;4;5;14;20;7;0;;7;3
1398;5;10;20;15;1;Standard;Very Non-Physical;Balanced;Very Aggressive;Balanced;Conservative;Loyal;19;6;19;9;16;11;7;3;14;2;3;11;11;14;0;;8;7
1399;5;10;20;15;1;Standard;Very Non-Physical;Passive;Conservative;Balanced;Conservative;Balanced;7;11;20;12;7;20;16;4;15;8;1;12;14;6;0;;6;4
1400;5;10;20;15;1;Offensive;Very Non-Physical;Balanced;Conservative;Prefers Prospects;Very Innovative;Ruthless;6;10;9;20;8;10;15;6;11;10;4;12;13;8;0;;13;6
1401;5;10;20;15;1;Offensive;Very Non-Physical;Balanced;Balanced;Prefers Prospects;Balanced;Balanced;9;9;16;6;5;20;20;6;11;11;1;6;10;6;0;;6;12
1402;5;10;20;15;1;Offensive;Very Non-Physical;Very Aggressive;Balanced;Prefers Veterans;Balanced;Balanced;3;4;6;10;16;12;5;7;12;11;9;5;13;20;0;;10;15
1403;5;10;20;15;1;Offensive;Very Non-Physical;Balanced;Balanced;Balanced;Balanced;Ruthless;14;9;15;7;14;14;16;6;5;9;8;9;20;20;0;;11;9
1404;5;10;20;15;1;Offensive;Very Non-Physical;Balanced;Conservative;Balanced;Innovative;Ruthless;11;7;6;9;13;8;10;7;16;12;3;11;20;13;0;;4;2
1405;5;10;20;15;1;Offensive;Non-physical;Very Aggressive;Aggressive;Balanced;Balanced;Loyal;4;14;16;13;15;20;6;10;11;9;8;13;20;9;0;;10;6
1406;5;10;20;15;1;Offensive;Non-physical;Passive;Very Aggressive;Balanced;Balanced;Balanced;8;6;5;16;15;16;11;3;6;7;2;9;7;9;0;;2;10
1407;5;10;20;15;1;Offensive;Very Non-Physical;Balanced;Conservative;Loves Veterans;Balanced;Loyal;4;17;10;13;6;20;10;10;7;1;5;4;9;14;0;;6;5
1408;5;10;20;15;1;Offensive;Non-physical;Balanced;Balanced;Balanced;Balanced;Ruthless;12;5;11;15;11;16;18;2;11;14;1;12;16;11;0;;2;15
1409;5;10;20;15;1;Offensive;Very Non-Physical;Very Aggressive;Conservative;Prefers Prospects;Innovative;Very Loyal;12;17;18;10;4;7;20;5;7;10;2;7;16;12;0;;6;1
1410;5;10;20;15;1;Offensive;Very Non-Physical;Passive;Balanced;Balanced;Balanced;Balanced;9;4;8;20;6;7;7;8;16;9;6;8;11;5;0;;4;12
1411;5;10;20;15;1;Standard;Non-physical;Passive;Balanced;Loves Veterans;Innovative;Balanced;9;14;6;9;16;13;11;3;9;14;8;16;20;16;0;;1;1
1412;5;10;20;15;1;Offensive;Non-physical;Aggressive;Aggressive;Balanced;Conservative;Loyal;9;6;4;15;19;6;12;8;3;1;2;3;19;13;0;;4;12
1413;5;10;20;15;1;Standard;Very Non-Physical;Balanced;Balanced;Prefers Prospects;Balanced;Balanced;4;11;16;10;4;10;7;6;12;11;5;17;15;8;0;;12;5
1414;5;10;20;15;1;Offensive;Non-physical;Balanced;Balanced;Balanced;Innovative;Loyal;6;6;9;7;9;9;16;10;10;6;5;3;11;20;0;;9;1
1415;5;10;20;15;1;Defensive;Very Non-Physical;Aggressive;Balanced;Balanced;Balanced;Balanced;5;10;10;11;6;13;20;3;7;13;2;11;20;15;0;;5;15
1416;5;10;20;15;1;Offensive;Very Non-Physical;Passive;Balanced;Prefers Veterans;Innovative;Balanced;15;8;7;19;3;12;6;11;16;2;1;13;20;3;0;;7;13
1417;5;10;20;15;1;Defensive;Very Non-Physical;Passive;Balanced;Balanced;Innovative;Balanced;19;6;14;5;11;12;17;4;6;0;1;4;8;15;0;;13;7
1418;5;10;20;15;1;Standard;Very Non-Physical;Balanced;Balanced;Prefers Prospects;Conservative;Ruthless;12;18;13;9;15;5;14;7;15;13;5;17;16;4;0;;13;9
1419;5;10;20;15;1;Offensive;Very Non-Physical;Balanced;Aggressive;Prefers Veterans;Conservative;Balanced;7;8;11;8;19;19;6;3;13;3;2;16;8;9;0;;10;14
1420;5;10;20;15;1;Offensive;Non-physical;Passive;Balanced;Prefers Prospects;Conservative;Very Ruthless;5;11;18;13;7;16;4;10;13;14;5;3;10;20;0;;3;7
1421;5;10;20;15;1;Standard;Very Non-Physical;Balanced;Balanced;Prefers Prospects;Conservative;Ruthless;15;18;8;8;4;15;8;9;11;2;6;17;9;13;0;;1;4
1422;5;10;20;15;1;Standard;Very Non-Physical;Balanced;Aggressive;Balanced;Conservative;Balanced;19;7;16;6;13;9;14;9;12;12;1;5;11;15;0;;3;2
1423;5;10;20;15;1;Offensive;Very Non-Physical;Balanced;Aggressive;Balanced;Very Conservative;Balanced;9;16;20;8;12;4;8;2;10;1;5;3;19;10;0;;7;11
1424;5;10;20;15;1;Offensive;Very Non-Physical;Aggressive;Balanced;Balanced;Innovative;Balanced;6;9;13;13;7;9;11;3;14;10;3;8;20;10;0;;3;14
1425;5;10;20;15;1;Offensive;Very Non-Physical;Balanced;Balanced;Balanced;Conservative;Balanced;6;10;17;6;8;18;9;9;13;12;4;7;10;4;0;;1;1
1426;1;1;5;1;20;Offensive;Very Non-Physical;Balanced;Balanced;Prefers Veterans;Conservative;Balanced;1;1;1;1;1;1;1;4;1;1;3;1;1;1;19;;1;1
1427;1;1;5;1;20;Standard;Very Non-Physical;Balanced;Balanced;Prefers Prospects;Conservative;Ruthless;1;1;1;1;1;1;1;9;1;1;1;1;1;1;19;;1;1
1428;1;1;5;1;20;Offensive;Very Non-Physical;Balanced;Aggressive;Balanced;Innovative;Balanced;0;0;0;0;0;0;0;5;0;0;5;0;0;0;16;;0;0
1429;1;1;5;1;20;Offensive;Non-physical;Balanced;Balanced;Balanced;Balanced;Balanced;0;0;0;0;0;0;0;8;0;0;2;0;0;0;16;;0;0
1430;1;1;5;1;20;Offensive;Very Non-Physical;Balanced;Balanced;Prefers Veterans;Balanced;Very Loyal;1;1;1;1;1;1;1;1;1;1;4;1;1;1;18;;1;1
1431;1;1;5;1;20;Standard;Very Non-Physical;Balanced;Balanced;Balanced;Conservative;Balanced;1;1;1;1;1;1;1;1;1;1;9;1;1;1;15;;1;1
1432;1;1;5;1;20;Standard;Very Non-Physical;Passive;Balanced;Balanced;Balanced;Loyal;0;0;0;0;0;0;0;6;0;0;7;0;0;0;16;;0;0
1433;1;1;5;1;20;Offensive;Very Non-Physical;Aggressive;Balanced;Balanced;Innovative;Balanced;0;0;0;0;0;0;0;9;0;0;1;0;0;0;17;;0;0
1434;1;1;5;1;20;Standard;Non-physical;Balanced;Conservative;Prefers Prospects;Innovative;Very Ruthless;0;0;0;0;0;0;0;8;0;0;3;0;0;0;17;;0;0
1435;1;1;5;1;20;Offensive;Non-physical;Aggressive;Conservative;Prefers Prospects;Conservative;Ruthless;0;0;0;0;0;0;0;3;0;0;1;0;0;0;15;;0;0
1436;1;1;5;1;20;Offensive;Very Non-Physical;Balanced;Balanced;Balanced;Innovative;Loyal;0;0;0;0;0;0;0;2;0;0;5;0;0;0;16;;0;0
1437;1;1;5;1;20;Standard;Very Non-Physical;Aggressive;Balanced;Prefers Prospects;Balanced;Balanced;1;1;1;1;1;1;1;9;1;1;6;1;1;1;15;;1;1
1438;1;1;5;1;20;Offensive;Very Non-Physical;Balanced;Conservative;Balanced;Balanced;Very Ruthless;0;0;0;0;0;0;0;2;0;0;9;0;0;0;15;;0;0
1439;1;1;5;1;20;Offensive;Very Non-Physical;Passive;Balanced;Prefers Veterans;Balanced;Balanced;1;1;1;1;1;1;1;4;1;1;5;1;1;1;19;;1;1
1440;0;20;20;0;0;Standard;Balanced;Balanced;Balanced;Balanced;Balanced;Balanced;7;7;7;7;7;7;7;7;7;7;7;7;7;7;0;;0;0
1441;0;20;20;0;0;Very Defensive;Very Physical;Balanced;Balanced;Balanced;Balanced;Balanced;7;7;7;7;7;7;7;7;7;7;7;7;7;7;0;;0;0
1442;0;20;15;0;0;Very Defensive;Very Physical;Balanced;Balanced;Balanced;Balanced;Balanced;7;7;7;7;7;7;7;7;7;7;7;7;9;7;0;;1;1
1443;0;20;15;0;0;Very Defensive;Very Physical;Balanced;Balanced;Balanced;Balanced;Balanced;7;7;7;7;7;7;7;7;7;7;7;7;7;7;0;;0;0
1444;0;20;15;0;0;Very Defensive;Very Physical;Balanced;Balanced;Balanced;Balanced;Balanced;7;7;7;7;7;7;7;7;7;7;7;7;7;7;0;;0;0
1445;0;20;15;0;0;Very Defensive;Very Physical;Balanced;Balanced;Balanced;Balanced;Balanced;7;7;7;7;7;7;7;7;7;7;7;7;7;7;0;;0;0
1446;0;20;15;0;0;Very Defensive;Very Physical;Balanced;Balanced;Balanced;Balanced;Balanced;7;7;7;7;7;7;7;7;7;7;7;7;7;7;0;;0;0
1447;0;20;15;0;0;Very Defensive;Very Physical;Balanced;Balanced;Balanced;Balanced;Balanced;7;7;7;7;7;7;7;7;7;7;7;7;7;7;0;;0;0
1448;0;20;15;0;0;Very Defensive;Very Physical;Balanced;Balanced;Balanced;Balanced;Balanced;7;7;7;7;7;7;7;7;7;7;7;7;7;7;0;;0;0
1449;0;20;15;0;0;Very Defensive;Very Physical;Balanced;Balanced;Balanced;Balanced;Balanced;7;7;7;7;7;7;7;7;7;7;7;7;7;7;0;;0;0
1450;0;20;15;0;0;Very Defensive;Very Physical;Balanced;Balanced;Balanced;Balanced;Balanced;7;7;7;7;7;7;7;7;7;7;7;7;7;7;0;;0;0
1451;0;20;15;0;0;Very Defensive;Very Physical;Balanced;Balanced;Balanced;Balanced;Balanced;7;7;7;7;7;7;7;7;7;7;7;7;7;7;0;;0;0
1452;0;20;15;0;0;Very Defensive;Very Physical;Balanced;Balanced;Balanced;Balanced;Balanced;7;7;7;7;7;7;7;7;7;7;7;7;7;7;0;;0;0
1453;0;20;15;0;0;Very Defensive;Very Physical;Balanced;Balanced;Balanced;Balanced;Balanced;7;7;7;7;7;7;7;7;7;7;7;7;7;7;0;;1;1
1454;0;20;15;0;0;Very Defensive;Very Physical;Balanced;Balanced;Balanced;Balanced;Balanced;7;7;7;7;7;7;7;7;7;7;7;7;7;7;0;;0;0
1455;0;20;15;0;0;Very Defensive;Very Physical;Balanced;Balanced;Balanced;Balanced;Balanced;7;7;7;7;7;7;7;7;7;7;7;7;7;7;0;;0;0
1456;0;20;15;0;0;Very Defensive;Very Physical;Balanced;Balanced;Balanced;Balanced;Balanced;7;7;7;7;7;7;7;7;7;7;7;7;7;7;0;;0;0
1457;0;20;15;0;0;Very Defensive;Very Physical;Balanced;Balanced;Balanced;Balanced;Balanced;7;7;7;7;7;7;7;7;7;7;7;7;7;7;0;;0;0
1458;0;20;15;0;0;Very Defensive;Very Physical;Balanced;Balanced;Balanced;Balanced;Balanced;7;7;7;7;7;7;7;7;7;7;7;7;7;7;0;;0;0
1459;0;20;15;0;0;Very Defensive;Very Physical;Balanced;Balanced;Balanced;Balanced;Balanced;7;7;7;7;7;7;7;7;7;7;7;7;7;7;0;;0;0
1460;0;20;15;0;0;Very Defensive;Very Physical;Balanced;Balanced;Balanced;Balanced;Balanced;7;7;7;7;7;7;7;7;7;7;7;7;7;7;0;;0;0
1461;0;20;15;0;0;Very Defensive;Very Physical;Balanced;Balanced;Balanced;Balanced;Balanced;7;7;7;7;7;7;7;7;7;7;7;7;7;7;0;;0;0
1462;0;20;15;0;0;Very Defensive;Very Physical;Balanced;Balanced;Balanced;Balanced;Balanced;7;7;7;7;7;7;7;7;7;7;7;7;7;7;0;;0;0
1463;20;20;10;15;1;Very Offensive;Very Non-Physical;Balanced;Conservative;Prefers Prospects;Innovative;Ruthless;14;10;13;11;4;7;11;5;17;4;2;17;8;10;0;;2;4
1464;20;20;10;15;1;Standard;Very Non-Physical;Aggressive;Conservative;Balanced;Conservative;Balanced;8;9;8;1;8;11;2;6;15;13;2;6;9;4;0;;10;3
1465;19;20;10;16;1;Very Offensive;Very Non-Physical;Passive;Balanced;Balanced;Conservative;Ruthless;9;9;6;11;7;6;10;6;16;9;2;6;5;2;0;;1;7
1466;19;20;10;16;1;Offensive;Very Non-Physical;Balanced;Conservative;Prefers Prospects;Balanced;Balanced;14;13;8;13;7;11;15;4;11;2;7;7;4;9;0;;14;4
1467;20;19;10;16;1;Offensive;Very Non-Physical;Passive;Very Aggressive;Prefers Prospects;Conservative;Very Loyal;4;14;4;8;12;5;4;6;5;11;6;3;4;6;0;;5;1
1468;20;20;10;15;1;Standard;Non-physical;Aggressive;Conservative;Loves Veterans;Balanced;Balanced;5;13;5;5;8;15;12;1;11;2;4;13;8;8;0;;9;1
1469;19;20;10;16;1;Offensive;Non-physical;Balanced;Balanced;Balanced;Innovative;Balanced;4;1;6;8;4;2;12;4;6;10;1;10;17;7;0;;12;6
1470;20;19;10;16;1;Offensive;Very Non-Physical;Balanced;Conservative;Balanced;Balanced;Loyal;13;6;11;3;9;1;1;1;12;1;5;9;5;6;0;;11;5
1471;20;19;10;16;1;Offensive;Non-physical;Balanced;Balanced;Balanced;Very Innovative;Loyal;5;4;14;12;14;13;6;7;17;3;9;11;15;1;0;;9;1
1472;20;20;10;15;1;Offensive;Very Non-Physical;Very Passive;Balanced;Prefers Veterans;Balanced;Balanced;3;6;7;2;10;11;8;2;16;14;8;17;5;13;0;;4;11
1473;19;20;10;16;1;Offensive;Very Non-Physical;Aggressive;Balanced;Prefers Veterans;Very Innovative;Ruthless;13;15;13;10;4;1;10;6;5;3;5;11;6;8;0;;10;7
1474;20;19;10;16;1;Offensive;Very Non-Physical;Balanced;Very Conservative;Balanced;Balanced;Ruthless;2;3;14;13;12;2;9;2;6;7;2;5;9;14;0;;9;2
1475;20;19;10;16;1;Standard;Very Non-Physical;Passive;Conservative;Balanced;Conservative;Very Loyal;4;1;5;5;7;1;15;9;4;7;3;6;16;4;0;;4;2
1476;19;20;10;16;1;Offensive;Very Non-Physical;Passive;Very Conservative;Balanced;Innovative;Ruthless;14;13;7;3;4;10;13;6;9;14;4;8;14;10;0;;4;10
1477;19;20;10;16;1;Offensive;Very Non-Physical;Aggressive;Very Aggressive;Prefers Veterans;Innovative;Balanced;14;7;14;8;2;11;15;4;12;0;7;3;14;9;0;;3;2
1478;19;20;10;16;1;Offensive;Very Non-Physical;Balanced;Aggressive;Prefers Prospects;Balanced;Balanced;1;11;2;13;4;10;6;6;4;11;7;11;6;6;0;;11;3
1479;20;19;10;16;1;Offensive;Very Non-Physical;Passive;Balanced;Balanced;Balanced;Ruthless;6;1;4;1;7;8;2;8;3;9;8;10;15;8;0;;1;14
1480;20;19;10;16;1;Offensive;Very Non-Physical;Aggressive;Balanced;Balanced;Innovative;Loyal;5;11;15;5;7;15;1;6;13;11;7;10;5;14;0;;9;13
1481;20;19;10;16;1;Standard;Very Non-Physical;Passive;Balanced;Balanced;Innovative;Balanced;4;2;4;5;13;2;8;1;9;0;9;9;15;1;0;;6;3
1482;20;19;10;16;1;Offensive;Very Non-Physical;Balanced;Balanced;Prefers Prospects;Very Conservative;Balanced;12;3;1;12;15;15;9;4;16;9;4;7;9;7;0;;2;8
1483;19;20;10;16;1;Defensive;Non-physical;Passive;Balanced;Prefers Prospects;Balanced;Ruthless;14;2;1;7;14;4;7;5;11;11;5;14;9;8;0;;14;15
1484;19;20;10;16;1;Offensive;Very Non-Physical;Balanced;Conservative;Balanced;Conservative;Ruthless;1;2;14;10;9;4;3;6;6;13;9;9;13;4;0;;10;2
1485;20;19;10;16;1;Offensive;Very Non-Physical;Aggressive;Aggressive;Balanced;Innovative;Balanced;14;11;10;7;13;3;2;7;4;8;9;7;7;9;0;;11;11
1486;18;20;10;20;1;Offensive;Very Non-Physical;Aggressive;Balanced;Prefers Veterans;Innovative;Loyal;3;15;3;5;5;14;2;4;17;11;6;15;10;10;0;;15;16
1487;20;19;10;16;1;Very Offensive;Very Non-Physical;Balanced;Balanced;Prefers Veterans;Balanced;Balanced;6;12;8;12;14;11;15;1;13;2;7;12;17;4;0;;11;3
1488;19;20;10;16;1;Defensive;Very Non-Physical;Balanced;Aggressive;Prefers Prospects;Balanced;Very Ruthless;2;12;9;13;5;3;8;1;14;9;7;3;5;2;0;;4;6
1489;20;20;10;15;1;Offensive;Non-physical;Balanced;Conservative;Balanced;Conservative;Balanced;8;6;14;15;15;6;2;6;8;6;2;14;10;2;0;;6;3
1490;20;19;10;16;1;Standard;Very Non-Physical;Passive;Balanced;Prefers Prospects;Conservative;Balanced;13;11;5;15;4;4;13;5;13;9;8;11;14;10;0;;12;6
1491;19;20;10;16;1;Offensive;Non-physical;Balanced;Balanced;Loves Prospects;Balanced;Loyal;15;5;2;4;5;8;4;6;11;1;9;8;18;6;0;;3;11
1492;10;15;20;15;1;Offensive;Non-physical;Passive;Balanced;Balanced;Conservative;Balanced;13;12;13;5;7;13;11;2;11;9;4;11;16;15;0;;1;2
1493;10;15;20;15;1;Offensive;Very Non-Physical;Aggressive;Aggressive;Prefers Veterans;Very Conservative;Ruthless;11;18;6;12;16;11;8;8;14;11;8;5;11;7;0;;8;8
1494;10;15;20;15;1;Offensive;Non-physical;Balanced;Balanced;Balanced;Balanced;Loyal;6;15;3;15;9;11;12;4;9;1;1;12;8;4;0;;1;7
1495;10;15;20;15;1;Standard;Very Non-Physical;Passive;Balanced;Balanced;Conservative;Balanced;18;7;8;15;4;8;19;1;4;11;6;6;19;10;0;;9;3
1496;10;15;20;15;1;Offensive;Very Non-Physical;Aggressive;Aggressive;Prefers Veterans;Innovative;Balanced;9;3;4;8;3;6;7;9;13;6;2;10;19;10;0;;12;6
1497;10;15;20;15;1;Standard;Very Non-Physical;Aggressive;Balanced;Prefers Prospects;Innovative;Very Loyal;13;14;3;9;16;13;9;1;5;0;3;6;10;13;0;;1;1
1498;10;15;20;15;1;Offensive;Very Non-Physical;Balanced;Aggressive;Prefers Prospects;Balanced;Loyal;15;7;16;12;5;16;10;4;10;14;2;14;6;11;0;;14;1
1499;10;15;20;15;1;Offensive;Very Non-Physical;Aggressive;Balanced;Balanced;Conservative;Very Ruthless;14;3;15;10;17;10;12;8;9;1;5;5;9;13;0;;13;9
1500;10;15;20;15;1;Standard;Non-physical;Balanced;Aggressive;Prefers Veterans;Innovative;Balanced;10;6;8;5;16;7;11;1;4;8;8;17;6;4;0;;10;7
1501;10;15;20;15;1;Defensive;Non-physical;Balanced;Conservative;Prefers Veterans;Innovative;Balanced;10;11;11;6;3;7;7;8;4;11;6;16;17;17;0;;7;14
1502;10;15;20;15;1;Standard;Very Non-Physical;Aggressive;Balanced;Prefers Prospects;Balanced;Balanced;12;4;14;11;9;3;13;2;16;0;8;12;8;14;0;;8;3
1503;10;15;20;15;1;Standard;Very Non-Physical;Balanced;Conservative;Balanced;Conservative;Loyal;13;15;12;16;7;9;19;7;9;9;2;15;13;8;0;;4;6
1504;10;15;20;15;1;Offensive;Very Non-Physical;Passive;Aggressive;Balanced;Very Innovative;Balanced;15;3;16;11;14;5;3;5;6;12;1;12;8;10;0;;15;2
1505;10;15;20;15;1;Offensive;Very Non-Physical;Balanced;Balanced;Prefers Veterans;Innovative;Ruthless;7;7;6;3;8;14;3;5;7;9;3;5;13;11;0;;15;7
1506;10;15;20;15;1;Defensive;Very Non-Physical;Very Aggressive;Balanced;Prefers Veterans;Balanced;Balanced;5;17;13;17;4;10;8;6;13;3;9;9;13;12;0;;11;6
1507;10;15;20;15;1;Offensive;Very Non-Physical;Passive;Balanced;Balanced;Innovative;Balanced;7;11;9;8;11;11;8;2;8;2;3;16;12;10;0;;13;12
1508;10;15;20;15;1;Offensive;Very Non-Physical;Aggressive;Balanced;Prefers Veterans;Innovative;Loyal;4;7;15;3;6;3;14;1;14;0;3;4;14;15;0;;11;12
1509;10;15;20;15;1;Offensive;Very Non-Physical;Balanced;Balanced;Balanced;Innovative;Loyal;9;9;12;9;13;12;11;8;13;7;6;6;8;11;0;;9;10
1510;10;15;20;15;1;Offensive;Very Non-Physical;Balanced;Aggressive;Prefers Veterans;Balanced;Very Loyal;6;15;13;10;14;10;4;3;17;13;7;10;13;14;0;;4;7
1511;10;15;20;15;1;Offensive;Very Non-Physical;Aggressive;Balanced;Balanced;Innovative;Balanced;15;7;11;12;16;11;3;7;6;0;5;12;10;9;0;;4;5
1512;10;15;20;15;1;Offensive;Very Non-Physical;Passive;Balanced;Balanced;Innovative;Loyal;9;12;15;14;11;14;14;4;15;6;2;17;18;12;0;;7;13
1513;10;15;20;15;1;Offensive;Very Non-Physical;Balanced;Balanced;Prefers Prospects;Innovative;Loyal;8;8;10;9;13;6;10;5;13;1;5;15;16;16;0;;14;4
1514;10;15;20;15;1;Offensive;Non-physical;Balanced;Very Conservative;Prefers Prospects;Conservative;Loyal;3;16;17;7;7;6;9;8;12;0;5;14;9;11;0;;3;6
1515;10;15;20;15;1;Offensive;Very Non-Physical;Very Passive;Conservative;Prefers Prospects;Balanced;Balanced;11;11;14;17;3;6;14;5;13;4;3;14;7;8;0;;11;13
1516;10;15;20;15;1;Standard;Very Non-Physical;Passive;Balanced;Balanced;Balanced;Balanced;3;15;4;11;12;15;13;6;15;12;1;3;13;14;0;;8;6
1517;10;15;20;15;1;Standard;Non-physical;Aggressive;Conservative;Prefers Veterans;Innovative;Balanced;4;8;9;5;5;11;16;9;5;9;2;10;12;15;0;;13;1
1518;10;15;20;15;1;Offensive;Very Non-Physical;Very Passive;Very Conservative;Balanced;Conservative;Very Loyal;7;17;13;3;3;11;7;7;15;0;3;8;18;6;0;;5;13
1519;10;15;20;15;1;Standard;Very Non-Physical;Balanced;Balanced;Balanced;Balanced;Balanced;12;9;13;10;10;16;15;6;10;3;6;9;18;5;0;;11;8
1520;10;15;20;15;1;Standard;Very Non-Physical;Passive;Aggressive;Balanced;Balanced;Balanced;16;7;17;14;10;20;14;8;17;9;4;17;20;19;0;;8;6
1521;10;15;20;15;1;Standard;Very Non-Physical;Balanced;Very Aggressive;Prefers Prospects;Innovative;Ruthless;5;7;6;13;4;16;13;3;16;6;4;11;6;6;0;;6;4
1522;10;15;20;15;1;Standard;Very Non-Physical;Balanced;Balanced;Prefers Veterans;Innovative;Very Loyal;6;7;3;12;4;4;5;9;17;8;7;7;9;15;0;;2;11
1523;10;15;20;15;1;Offensive;Non-physical;Aggressive;Very Conservative;Balanced;Balanced;Balanced;3;13;5;3;16;12;5;5;9;0;4;9;15;9;0;;15;11
1524;10;15;20;15;1;Offensive;Very Non-Physical;Passive;Aggressive;Prefers Prospects;Balanced;Balanced;16;14;7;4;8;9;12;8;17;2;9;17;20;16;0;;15;11
1525;10;15;20;15;1;Offensive;Non-physical;Balanced;Very Aggressive;Balanced;Innovative;Ruthless;12;10;13;12;5;13;12;8;3;13;3;11;7;3;0;;8;2
1526;10;15;20;15;1;Standard;Very Non-Physical;Balanced;Very Aggressive;Prefers Prospects;Balanced;Loyal;7;12;10;4;12;8;15;9;15;4;1;3;9;9;0;;8;4
1527;10;15;20;15;1;Defensive;Very Non-Physical;Passive;Balanced;Balanced;Balanced;Ruthless;15;6;11;11;14;6;10;7;7;8;6;12;16;5;0;;8;1
1528;5;10;20;15;1;Offensive;Very Non-Physical;Balanced;Conservative;Prefers Prospects;Conservative;Ruthless;11;4;20;15;9;5;15;5;5;11;6;13;20;9;0;;6;15
1529;5;10;20;15;1;Offensive;Very Non-Physical;Balanced;Aggressive;Prefers Prospects;Very Innovative;Balanced;6;6;20;20;17;8;13;6;5;3;6;3;7;15;0;;13;13
1530;5;10;20;15;1;Offensive;Very Non-Physical;Passive;Very Aggressive;Balanced;Balanced;Ruthless;6;5;11;7;20;18;10;4;17;6;6;15;6;17;0;;5;15
1531;5;10;20;15;1;Offensive;Very Non-Physical;Aggressive;Balanced;Prefers Prospects;Balanced;Balanced;20;9;16;10;11;13;10;8;13;1;3;5;17;18;0;;5;6
1532;5;10;20;15;1;Standard;Very Non-Physical;Balanced;Balanced;Balanced;Conservative;Loyal;5;15;4;3;12;15;8;5;8;1;3;11;8;11;0;;14;6
1533;5;10;20;15;1;Offensive;Very Non-Physical;Balanced;Aggressive;Balanced;Balanced;Balanced;16;10;19;11;7;12;19;8;3;5;4;4;12;12;0;;12;13
1534;5;10;20;15;1;Standard;Very Non-Physical;Balanced;Balanced;Balanced;Innovative;Balanced;9;10;9;20;13;15;3;5;11;2;7;7;18;15;0;;2;8
1535;5;10;20;15;1;Offensive;Very Non-Physical;Balanced;Balanced;Prefers Prospects;Conservative;Ruthless;13;15;6;20;15;16;16;4;6;12;2;6;20;3;0;;5;15
1536;5;10;20;15;1;Offensive;Very Non-Physical;Balanced;Very Conservative;Balanced;Balanced;Ruthless;14;9;15;20;16;7;14;10;17;11;6;17;8;9;0;;2;11
1537;5;10;20;15;1;Standard;Very Non-Physical;Passive;Balanced;Balanced;Balanced;Loyal;20;6;11;20;14;12;17;2;13;11;9;5;17;4;0;;7;7
1538;5;10;20;15;1;Defensive;Very Non-Physical;Passive;Aggressive;Balanced;Very Innovative;Balanced;16;16;13;20;10;8;14;3;10;3;6;17;19;15;0;;6;4
1539;5;10;20;15;1;Offensive;Very Non-Physical;Aggressive;Aggressive;Prefers Prospects;Innovative;Loyal;18;19;15;4;5;19;6;11;7;7;8;11;19;4;0;;8;6
1540;5;10;20;15;1;Offensive;Very Non-Physical;Balanced;Balanced;Loves Prospects;Balanced;Loyal;9;8;17;17;18;8;15;6;13;7;2;5;17;11;0;;2;4
1541;5;10;20;15;1;Offensive;Very Non-Physical;Very Passive;Very Aggressive;Balanced;Balanced;Ruthless;14;10;19;12;17;5;14;6;6;4;5;8;12;6;0;;6;4
1542;5;10;20;15;1;Offensive;Very Non-Physical;Balanced;Balanced;Prefers Veterans;Very Conservative;Ruthless;7;19;19;17;20;10;19;8;3;14;7;9;15;20;0;;3;4
1543;5;10;20;15;1;Offensive;Very Non-Physical;Passive;Balanced;Balanced;Very Innovative;Loyal;10;6;16;10;9;13;12;10;5;10;1;13;17;14;0;;6;4
1544;5;10;20;15;1;Standard;Very Non-Physical;Passive;Conservative;Prefers Prospects;Conservative;Loyal;9;8;19;7;6;15;16;7;4;1;5;13;18;8;0;;2;6
1545;5;10;20;15;1;Standard;Non-physical;Balanced;Very Aggressive;Prefers Prospects;Balanced;Loyal;6;7;8;14;12;7;8;3;15;2;5;11;10;12;0;;14;14
1546;5;10;20;15;1;Standard;Non-physical;Balanced;Aggressive;Balanced;Balanced;Ruthless;7;5;8;12;17;6;9;8;7;8;3;5;20;11;0;;14;10
1547;5;10;20;15;1;Offensive;Non-physical;Balanced;Aggressive;Prefers Prospects;Conservative;Ruthless;4;12;6;17;19;9;4;7;11;6;8;16;20;8;0;;9;7
1548;5;10;20;15;1;Defensive;Very Non-Physical;Balanced;Balanced;Prefers Prospects;Balanced;Balanced;16;4;12;11;7;14;6;6;14;4;3;14;12;20;0;;6;6
1549;5;10;20;15;1;Offensive;Non-physical;Balanced;Balanced;Balanced;Balanced;Balanced;3;7;7;5;20;6;18;8;4;13;4;16;15;6;0;;13;6
1550;5;10;20;15;1;Standard;Non-physical;Balanced;Conservative;Prefers Veterans;Balanced;Ruthless;18;12;7;9;15;6;8;4;12;2;8;17;20;4;0;;11;9
1551;5;10;20;15;1;Offensive;Very Non-Physical;Very Passive;Balanced;Balanced;Balanced;Balanced;12;18;6;7;10;15;20;7;16;7;7;12;20;9;0;;1;11
1552;5;10;20;15;1;Offensive;Very Non-Physical;Balanced;Conservative;Balanced;Very Conservative;Balanced;11;9;6;8;16;4;17;9;7;11;5;7;14;5;0;;10;2
1553;1;1;5;1;20;Offensive;Very Non-Physical;Aggressive;Balanced;Prefers Veterans;Innovative;Ruthless;0;0;0;0;0;0;0;7;0;0;7;0;0;0;18;;0;0
1554;1;1;5;1;20;Offensive;Non-physical;Balanced;Balanced;Balanced;Innovative;Balanced;0;0;0;0;0;0;0;7;0;0;4;0;0;0;19;;0;0
1555;1;1;5;1;20;Offensive;Very Non-Physical;Balanced;Balanced;Balanced;Innovative;Balanced;0;0;0;0;0;0;0;8;0;0;6;0;0;0;16;;0;0
1556;1;1;5;1;20;Defensive;Very Non-Physical;Passive;Aggressive;Loves Veterans;Conservative;Ruthless;0;0;0;0;0;0;0;6;0;0;9;0;0;0;17;;0;0
1557;1;1;5;1;20;Standard;Very Non-Physical;Balanced;Aggressive;Prefers Prospects;Balanced;Balanced;0;0;0;0;0;0;0;8;0;0;7;0;0;0;16;;0;0
1558;1;1;5;1;20;Standard;Non-physical;Very Passive;Balanced;Prefers Prospects;Balanced;Balanced;0;0;0;0;0;0;0;1;0;0;8;0;0;0;16;;0;0
1559;1;1;5;1;20;Offensive;Non-physical;Balanced;Balanced;Prefers Veterans;Conservative;Ruthless;0;0;0;0;0;0;0;7;0;0;4;0;0;0;18;;0;0
1560;1;1;5;1;20;Offensive;Non-physical;Aggressive;Balanced;Balanced;Balanced;Balanced;0;0;0;0;0;0;0;7;0;0;8;0;0;0;20;;0;0
1561;1;1;5;1;20;Offensive;Very Non-Physical;Balanced;Conservative;Balanced;Conservative;Balanced;0;0;0;0;0;0;0;8;0;0;2;0;0;0;15;;0;0
1562;1;1;5;1;20;Offensive;Non-physical;Passive;Balanced;Balanced;Innovative;Very Loyal;1;1;1;1;1;1;1;2;1;1;5;1;1;1;20;;1;1
1563;1;1;5;1;20;Standard;Very Non-Physical;Passive;Balanced;Prefers Prospects;Conservative;Ruthless;0;0;0;0;0;0;0;1;0;0;4;0;0;0;18;;0;0
1564;1;1;5;1;20;Standard;Very Non-Physical;Aggressive;Balanced;Balanced;Balanced;Balanced;0;0;0;0;0;0;0;9;0;0;2;0;0;0;19;;0;0
1565;1;1;5;1;20;Defensive;Very Non-Physical;Aggressive;Balanced;Balanced;Balanced;Loyal;0;0;0;0;0;0;0;2;0;0;1;0;0;0;20;;0;0
1566;1;1;5;1;20;Offensive;Very Non-Physical;Very Aggressive;Balanced;Balanced;Innovative;Loyal;1;1;1;1;1;1;1;3;1;1;5;1;1;1;20;;1;1
1567;1;1;5;1;20;Standard;Non-physical;Balanced;Conservative;Loves Prospects;Balanced;Ruthless;0;0;0;0;0;0;0;3;0;0;7;0;0;0;17;;0;0
1568;1;1;5;1;20;Offensive;Non-physical;Balanced;Balanced;Balanced;Balanced;Very Ruthless;1;1;1;1;1;1;1;5;1;1;7;1;1;1;20;;1;1
1569;1;1;5;1;20;Offensive;Very Non-Physical;Passive;Balanced;Prefers Veterans;Innovative;Loyal;0;0;0;0;0;0;0;8;0;0;6;0;0;0;18;;0;0
1570;1;1;5;1;20;Standard;Very Non-Physical;Passive;Balanced;Prefers Prospects;Balanced;Balanced;0;0;0;0;0;0;0;1;0;0;5;0;0;0;18;;0;0
1571;1;1;5;1;20;Offensive;Very Non-Physical;Balanced;Aggressive;Prefers Veterans;Very Innovative;Very Ruthless;1;1;1;1;1;1;1;9;1;1;7;1;1;1;19;;1;1
1572;1;1;5;1;20;Standard;Very Non-Physical;Balanced;Aggressive;Prefers Veterans;Balanced;Balanced;0;0;0;0;0;0;0;5;0;0;4;0;0;0;15;;0;0
1573;1;1;5;1;20;Standard;Very Non-Physical;Balanced;Balanced;Loves Prospects;Innovative;Very Ruthless;0;0;0;0;0;0;0;2;0;0;1;0;0;0;18;;0;0
1574;1;1;5;1;20;Offensive;Very Non-Physical;Balanced;Aggressive;Balanced;Innovative;Ruthless;0;0;0;0;0;0;0;5;0;0;4;0;0;0;15;;0;0
1575;1;1;5;1;20;Offensive;Very Non-Physical;Balanced;Balanced;Prefers Veterans;Innovative;Balanced;0;0;0;0;0;0;0;6;0;0;2;0;0;0;16;;0;0
1576;5;10;20;15;1;Standard;Very Non-Physical;Aggressive;Conservative;Balanced;Balanced;Balanced;13;6;6;17;8;9;13;3;6;4;9;10;20;19;0;;5;13
1577;5;10;20;15;1;Offensive;Very Non-Physical;Passive;Aggressive;Prefers Prospects;Conservative;Ruthless;20;13;14;4;13;5;13;9;10;13;7;6;10;12;0;;3;1
1578;5;10;20;15;1;Offensive;Very Non-Physical;Passive;Balanced;Balanced;Balanced;Ruthless;7;17;9;19;14;13;16;8;15;7;6;12;7;13;0;;3;6
1579;5;10;20;15;1;Standard;Very Non-Physical;Balanced;Balanced;Prefers Prospects;Balanced;Loyal;14;9;8;12;20;18;16;10;3;9;5;4;13;12;0;;11;3
1580;5;10;20;15;1;Offensive;Very Non-Physical;Balanced;Conservative;Balanced;Innovative;Balanced;6;6;16;12;14;10;9;2;8;6;3;7;15;20;0;;2;4
1581;5;10;20;15;1;Offensive;Very Non-Physical;Balanced;Balanced;Balanced;Balanced;Balanced;5;5;16;6;12;5;20;8;8;0;7;17;19;10;0;;8;8
1582;5;10;20;15;1;Standard;Non-physical;Passive;Balanced;Prefers Veterans;Innovative;Balanced;13;5;8;18;5;15;13;7;6;7;1;10;14;15;0;;11;9
1583;5;10;20;15;1;Standard;Very Non-Physical;Passive;Aggressive;Balanced;Balanced;Ruthless;20;13;5;6;12;19;15;1;14;0;6;3;12;6;0;;12;10
1584;5;10;20;15;1;Offensive;Very Non-Physical;Very Aggressive;Balanced;Prefers Veterans;Balanced;Balanced;13;14;4;10;6;8;17;5;17;0;2;15;10;5;0;;10;3
1585;5;10;20;15;1;Offensive;Non-physical;Balanced;Aggressive;Prefers Prospects;Conservative;Balanced;10;19;10;16;13;14;13;11;17;10;1;10;18;9;0;;15;9
1586;20;15;5;5;1;Offensive;Very Non-Physical;Balanced;Conservative;Prefers Veterans;Conservative;Balanced;5;7;5;13;2;2;1;8;11;8;8;3;8;5;0;;5;6
1587;1;5;20;19;1;Standard;Non-physical;Balanced;Balanced;Balanced;Balanced;Balanced;9;9;9;9;9;9;9;2;9;2;2;2;9;9;0;;13;12
1588;15;15;15;20;1;Standard;Balanced;Balanced;Balanced;Balanced;Balanced;Balanced;7;9;15;7;9;11;11;14;8;5;14;5;7;11;0;;16;15
1589;1;15;20;19;1;Standard;Balanced;Balanced;Balanced;Balanced;Balanced;Balanced;7;16;9;8;11;8;9;7;8;7;7;7;7;11;0;;13;12
1590;1;5;20;20;1;Defensive;Balanced;Balanced;Conservative;Balanced;Balanced;Balanced;16;7;6;9;11;6;6;2;9;2;2;2;6;10;0;;13;12
1591;10;20;10;19;1;Standard;Balanced;Balanced;Balanced;Balanced;Balanced;Balanced;4;4;4;4;4;4;4;9;4;9;9;9;4;4;0;;14;14
1592;10;15;20;15;1;Standard;Balanced;Balanced;Balanced;Balanced;Balanced;Balanced;4;8;8;12;10;10;8;7;20;7;7;7;4;10;0;;13;12
1593;1;10;15;20;1;Offensive;Non-physical;Balanced;Balanced;Balanced;Balanced;Balanced;3;5;8;5;3;10;4;4;5;4;4;4;6;8;0;;14;14
1594;1;10;20;20;1;Defensive;Balanced;Balanced;Conservative;Balanced;Balanced;Balanced;16;7;6;9;11;6;6;4;9;4;4;4;6;10;0;;13;12
1595;1;10;15;20;1;Standard;Balanced;Balanced;Balanced;Prefers Prospects;Balanced;Balanced;6;7;7;10;7;7;7;4;8;4;4;4;4;7;0;;16;16
1596;1;10;15;20;1;Standard;Non-physical;Balanced;Balanced;Balanced;Balanced;Balanced;4;6;9;4;6;7;7;4;5;4;4;4;4;7;0;;14;14
1597;1;10;20;20;1;Standard;Balanced;Balanced;Balanced;Balanced;Balanced;Balanced;6;15;9;7;10;7;9;4;7;4;4;4;6;10;0;;13;12
1598;1;15;20;20;1;Standard;Balanced;Balanced;Balanced;Balanced;Balanced;Balanced;7;9;15;7;9;11;11;7;8;7;7;7;7;11;0;;13;12
1599;1;10;15;20;1;Standard;Balanced;Balanced;Balanced;Balanced;Balanced;Balanced;4;6;9;4;6;7;7;4;5;4;4;4;4;7;0;;14;14
1600;1;10;10;20;1;Standard;Balanced;Balanced;Balanced;Balanced;Balanced;Balanced;4;4;4;4;4;4;4;4;4;4;4;4;4;4;0;;14;14
1601;1;5;20;20;1;Defensive;Balanced;Balanced;Balanced;Balanced;Balanced;Balanced;6;15;9;7;10;7;9;2;7;2;2;2;6;10;0;;13;12
1602;1;10;10;20;1;Standard;Balanced;Balanced;Balanced;Balanced;Balanced;Balanced;4;4;4;4;4;4;4;4;4;4;4;4;4;4;0;;14;14
1603;1;10;10;20;1;Standard;Non-physical;Balanced;Balanced;Balanced;Balanced;Balanced;4;4;4;4;4;4;4;4;4;4;4;4;4;4;0;;14;14
1604;1;10;10;20;1;Standard;Balanced;Balanced;Balanced;Balanced;Balanced;Balanced;4;4;4;4;4;4;4;4;4;4;4;4;4;4;0;;14;14
1605;1;10;10;20;1;Standard;Balanced;Balanced;Balanced;Balanced;Balanced;Balanced;4;4;4;4;4;4;4;4;4;4;4;4;4;4;0;;14;14
1606;20;20;10;15;1;Standard;Very Non-Physical;Aggressive;Balanced;Prefers Prospects;Balanced;Balanced;5;1;5;15;12;10;6;9;11;2;6;4;15;11;0;;8;12
1607;0;20;15;0;0;Very Defensive;Very Physical;Balanced;Balanced;Balanced;Balanced;Balanced;7;7;7;7;7;7;7;7;7;7;7;7;7;7;0;;0;0
1608;5;10;20;15;1;Offensive;Very Non-Physical;Balanced;Balanced;Balanced;Innovative;Loyal;19;6;12;4;4;8;8;4;10;7;8;16;13;18;0;;7;1
1609;5;10;20;15;1;Offensive;Non-physical;Aggressive;Conservative;Balanced;Conservative;Balanced;5;8;15;4;10;7;19;10;17;14;3;12;15;7;0;;6;7
1610;5;10;20;15;1;Offensive;Very Non-Physical;Aggressive;Conservative;Prefers Prospects;Innovative;Balanced;6;8;5;11;16;13;9;2;12;0;4;11;20;14;0;;13;5
1611;5;10;20;15;1;Standard;Non-physical;Aggressive;Balanced;Balanced;Conservative;Loyal;11;16;8;15;20;14;7;5;10;7;3;4;17;17;0;;6;2
1612;5;10;20;15;1;Offensive;Very Non-Physical;Aggressive;Aggressive;Balanced;Balanced;Balanced;12;7;4;12;3;11;4;5;5;8;3;11;9;4;0;;9;11
1613;5;10;20;15;1;Standard;Very Non-Physical;Very Aggressive;Balanced;Prefers Prospects;Innovative;Ruthless;12;12;14;12;18;6;16;7;5;12;5;9;20;13;0;;13;6
1614;5;10;20;15;1;Offensive;Very Non-Physical;Balanced;Very Conservative;Prefers Veterans;Balanced;Very Loyal;15;16;10;12;19;19;11;2;11;13;3;3;8;12;0;;7;12
1615;5;10;20;15;1;Offensive;Very Non-Physical;Balanced;Aggressive;Prefers Veterans;Conservative;Balanced;12;20;15;5;5;9;9;5;7;11;8;13;19;13;0;;6;10
1616;5;10;20;15;1;Offensive;Very Non-Physical;Balanced;Aggressive;Prefers Veterans;Balanced;Ruthless;20;17;19;17;15;13;5;7;15;13;3;8;8;16;0;;15;2
1617;5;10;20;15;1;Standard;Very Non-Physical;Passive;Aggressive;Prefers Veterans;Conservative;Balanced;3;17;12;9;10;13;9;9;5;6;2;11;14;20;0;;12;6
1618;5;10;20;15;1;Defensive;Very Non-Physical;Balanced;Aggressive;Balanced;Innovative;Balanced;18;7;17;11;9;10;20;10;5;11;7;13;9;9;0;;3;8
1619;5;10;20;15;1;Offensive;Very Non-Physical;Balanced;Balanced;Balanced;Innovative;Loyal;17;15;12;15;5;5;16;6;6;6;2;13;20;13;0;;5;14
1620;5;10;20;15;1;Offensive;Non-physical;Aggressive;Balanced;Balanced;Balanced;Loyal;5;5;11;8;20;16;11;6;11;10;3;5;11;20;0;;14;15
1621;5;10;20;15;1;Offensive;Very Non-Physical;Passive;Balanced;Prefers Prospects;Innovative;Ruthless;10;5;7;19;13;11;11;8;9;5;3;16;9;7;0;;10;2
1622;5;10;20;15;1;Offensive;Non-physical;Balanced;Aggressive;Balanced;Innovative;Balanced;16;8;15;11;6;5;14;6;11;1;4;12;20;11;0;;12;8
1623;20;15;5;5;1;Standard;Non-physical;Balanced;Balanced;Prefers Prospects;Balanced;Balanced;6;13;3;7;10;10;2;8;4;8;2;8;8;15;0;;10;4
1624;5;10;20;15;1;Defensive;Non-physical;Balanced;Aggressive;Prefers Prospects;Balanced;Balanced;5;12;8;16;5;20;13;9;3;3;7;14;18;6;0;;2;1
1625;5;10;20;15;1;Defensive;Very Non-Physical;Balanced;Very Aggressive;Prefers Prospects;Conservative;Loyal;10;15;7;4;20;9;9;6;14;9;6;10;20;10;0;;5;1
1626;5;10;20;15;1;Defensive;Non-physical;Very Aggressive;Balanced;Balanced;Balanced;Loyal;20;14;11;12;7;4;12;8;4;11;3;15;20;16;0;;14;10
1627;5;10;20;15;1;Offensive;Very Non-Physical;Balanced;Balanced;Prefers Prospects;Conservative;Balanced;7;5;9;18;16;11;16;11;15;5;5;14;18;5;0;;10;9
1628;5;10;20;15;1;Standard;Very Non-Physical;Balanced;Conservative;Loves Veterans;Balanced;Loyal;14;5;20;15;8;15;14;3;4;12;3;11;20;8;0;;9;1
1629;20;15;5;5;1;Offensive;Non-physical;Balanced;Balanced;Balanced;Conservative;Balanced;2;4;9;14;14;14;13;5;7;6;6;14;7;2;0;;2;15
1630;10;20;10;20;1;Standard;Balanced;Balanced;Balanced;Balanced;Balanced;Balanced;4;4;4;4;4;4;4;8;4;8;8;8;4;4;0;;14;14
1631;10;15;10;20;1;Standard;Balanced;Aggressive;Balanced;Balanced;Innovative;Balanced;6;6;6;6;6;6;6;9;6;9;9;9;6;6;0;;14;15
1632;1;15;20;15;1;Standard;Balanced;Passive;Balanced;Balanced;Balanced;Balanced;7;12;12;14;16;16;18;9;12;9;9;9;5;10;0;;13;12
1633;1;10;20;17;1;Standard;Non-physical;Balanced;Balanced;Balanced;Balanced;Balanced;6;14;8;7;9;7;8;4;7;4;4;4;6;9;0;;13;12
1634;1;15;20;16;1;Very Defensive;Balanced;Aggressive;Balanced;Balanced;Balanced;Balanced;9;12;7;8;17;5;7;7;8;7;7;11;9;12;0;;13;12
1635;10;20;10;17;1;Standard;Balanced;Balanced;Balanced;Balanced;Balanced;Balanced;5;5;5;5;5;5;5;14;5;10;11;13;5;5;0;;11;14
1636;10;20;20;20;1;Standard;Balanced;Balanced;Balanced;Balanced;Balanced;Balanced;6;9;14;6;9;10;10;9;7;9;9;9;6;10;0;;13;12
1637;1;5;20;20;1;Defensive;Balanced;Balanced;Conservative;Balanced;Balanced;Balanced;15;7;6;8;10;6;6;2;8;2;2;2;6;9;0;;13;12
1638;1;10;20;20;1;Defensive;Very Non-Physical;Balanced;Balanced;Balanced;Balanced;Balanced;8;10;6;7;14;4;6;2;7;6;4;3;8;10;0;;13;12
1639;1;10;10;20;1;Standard;Balanced;Balanced;Balanced;Balanced;Balanced;Balanced;4;4;4;4;4;4;4;4;4;4;4;4;4;4;0;;14;14
1640;1;10;10;20;1;Standard;Balanced;Balanced;Balanced;Balanced;Balanced;Balanced;4;4;4;4;4;4;4;4;4;4;4;4;4;4;0;;14;14
1641;1;10;10;20;1;Standard;Balanced;Balanced;Balanced;Balanced;Balanced;Balanced;4;4;4;4;4;4;4;4;4;4;4;4;4;4;0;;14;14
1642;1;15;20;18;1;Standard;Balanced;Balanced;Balanced;Balanced;Balanced;Balanced;9;9;9;9;9;9;9;7;9;7;7;7;9;9;0;;13;12
1643;1;5;20;20;1;Standard;Balanced;Balanced;Balanced;Balanced;Balanced;Balanced;6;9;14;6;9;10;10;2;7;2;2;2;6;10;0;;13;12
1644;1;15;20;20;1;Defensive;Balanced;Balanced;Balanced;Balanced;Balanced;Balanced;9;11;6;7;15;5;6;6;7;6;6;6;9;11;0;;13;12
1645;1;10;20;20;1;Standard;Balanced;Balanced;Balanced;Balanced;Balanced;Balanced;8;8;8;8;8;8;8;4;8;4;4;4;8;8;0;;13;12
1646;10;17;10;20;1;Standard;Balanced;Balanced;Balanced;Balanced;Balanced;Balanced;4;4;4;4;4;4;4;8;4;8;8;8;4;4;0;;14;14
1647;1;10;10;20;1;Standard;Balanced;Balanced;Balanced;Balanced;Balanced;Balanced;4;4;4;4;4;4;4;4;4;4;4;4;4;4;0;;14;14
1648;1;5;20;20;1;Standard;Balanced;Balanced;Balanced;Balanced;Balanced;Balanced;8;8;8;8;8;8;8;2;8;2;2;2;8;8;0;;13;12
1649;10;20;20;20;1;Standard;Balanced;Balanced;Balanced;Prefers Prospects;Balanced;Balanced;7;9;9;13;9;9;9;9;10;9;9;9;5;9;0;;13;12
1650;1;10;15;20;1;Standard;Balanced;Balanced;Balanced;Balanced;Balanced;Balanced;6;6;6;6;6;6;6;4;6;4;4;4;6;6;0;;14;14
1651;1;10;10;20;1;Standard;Balanced;Balanced;Balanced;Balanced;Balanced;Balanced;4;4;4;4;4;4;4;4;4;4;4;4;4;4;0;;14;14
1652;1;10;10;20;1;Standard;Balanced;Balanced;Balanced;Balanced;Balanced;Balanced;4;4;4;4;4;4;4;4;4;4;4;4;4;4;0;;14;14
1653;1;10;10;20;1;Standard;Balanced;Balanced;Balanced;Balanced;Balanced;Balanced;4;4;4;4;4;4;4;4;4;4;4;4;4;4;0;;14;14
1654;1;1;15;20;1;Standard;Balanced;Balanced;Balanced;Balanced;Balanced;Balanced;3;5;8;3;5;6;6;0;4;0;0;0;3;6;0;;13;12
1655;10;15;10;20;1;Standard;Balanced;Balanced;Balanced;Balanced;Balanced;Balanced;4;4;4;4;4;4;4;6;4;6;6;6;4;4;0;;14;14
1656;1;10;10;20;1;Standard;Balanced;Balanced;Balanced;Balanced;Balanced;Balanced;4;4;4;4;4;4;4;4;4;4;4;4;4;4;0;;14;14
1657;1;10;20;20;1;Standard;Balanced;Balanced;Balanced;Prefers Prospects;Balanced;Balanced;8;8;8;8;8;8;8;4;8;4;4;4;8;8;0;;13;12
1658;1;10;20;20;1;Standard;Balanced;Balanced;Balanced;Balanced;Balanced;Balanced;8;8;8;8;8;8;8;4;8;4;4;4;8;8;0;;13;12
1659;1;10;10;20;1;Standard;Balanced;Balanced;Balanced;Balanced;Balanced;Balanced;4;4;4;4;4;4;4;4;4;4;4;4;4;4;0;;14;14
1660;1;5;20;20;1;Defensive;Balanced;Balanced;Conservative;Balanced;Balanced;Balanced;15;7;6;8;10;6;6;2;8;2;2;2;6;9;0;;13;12
1661;1;1;5;1;20;Offensive;Very Non-Physical;Aggressive;Balanced;Balanced;Balanced;Very Loyal;0;0;0;0;0;0;0;9;0;0;3;0;0;0;18;;0;0
1662;1;1;5;1;20;Offensive;Very Non-Physical;Balanced;Balanced;Prefers Prospects;Conservative;Balanced;0;0;0;0;0;0;0;5;0;0;5;0;0;0;16;;0;0
1663;1;1;5;1;20;Offensive;Non-physical;Balanced;Balanced;Loves Prospects;Balanced;Balanced;0;0;0;0;0;0;0;7;0;0;9;0;0;0;18;;0;0
1664;1;1;5;1;20;Defensive;Non-physical;Balanced;Aggressive;Prefers Prospects;Innovative;Balanced;1;1;1;1;1;1;1;1;1;1;8;1;1;1;20;;1;1
1665;0;20;15;0;0;Very Defensive;Very Physical;Balanced;Balanced;Balanced;Balanced;Balanced;7;7;7;7;7;7;7;7;7;7;7;7;7;7;0;;0;0
1666;0;20;15;0;0;Very Defensive;Very Physical;Balanced;Balanced;Balanced;Balanced;Balanced;7;7;7;7;7;7;7;7;7;7;7;7;7;7;0;;0;0
1667;5;10;20;15;1;Defensive;Non-physical;Balanced;Conservative;Balanced;Balanced;Balanced;12;14;3;11;7;15;5;4;9;8;1;6;8;11;0;;11;8
1668;5;10;20;15;1;Offensive;Very Non-Physical;Passive;Balanced;Prefers Veterans;Innovative;Loyal;8;10;11;8;14;10;20;8;6;8;5;5;14;11;0;;14;6
1669;5;10;20;15;1;Offensive;Non-physical;Balanced;Balanced;Balanced;Balanced;Balanced;18;8;12;5;17;16;4;4;6;2;3;10;17;14;0;;12;9
1670;5;10;20;15;1;Standard;Non-physical;Aggressive;Balanced;Balanced;Innovative;Ruthless;6;15;12;10;5;9;9;7;9;9;2;7;9;18;0;;13;12
1671;5;10;20;15;1;Offensive;Very Non-Physical;Very Aggressive;Conservative;Loves Prospects;Balanced;Very Loyal;15;15;13;3;19;11;3;5;3;5;3;4;20;5;0;;9;5
1672;5;10;20;15;1;Offensive;Non-physical;Aggressive;Conservative;Balanced;Balanced;Balanced;7;4;9;20;5;16;7;4;17;11;1;3;19;16;0;;10;12
1673;5;10;20;15;1;Standard;Very Non-Physical;Balanced;Balanced;Prefers Prospects;Balanced;Very Loyal;13;17;4;12;19;4;13;4;6;10;6;6;18;8;0;;1;11
1674;5;10;20;15;1;Standard;Very Non-Physical;Balanced;Aggressive;Balanced;Balanced;Balanced;13;16;7;11;7;6;7;6;3;3;5;11;20;10;0;;14;11
1675;5;10;20;15;1;Offensive;Non-physical;Balanced;Very Aggressive;Prefers Veterans;Balanced;Loyal;13;19;4;9;11;16;9;4;3;11;7;3;8;3;0;;4;15
1676;5;10;20;15;1;Standard;Very Non-Physical;Balanced;Conservative;Balanced;Balanced;Balanced;19;9;4;3;17;20;14;5;6;5;7;9;15;18;0;;5;3
1677;5;10;20;15;1;Offensive;Non-physical;Aggressive;Balanced;Balanced;Very Conservative;Loyal;7;12;14;12;12;12;13;7;9;5;2;14;11;20;0;;11;13
1678;5;10;20;15;1;Offensive;Non-physical;Aggressive;Very Aggressive;Prefers Prospects;Very Conservative;Very Ruthless;10;15;13;19;6;18;17;4;11;14;4;7;11;20;0;;14;13
1679;5;10;20;15;1;Offensive;Very Non-Physical;Passive;Conservative;Prefers Prospects;Balanced;Loyal;18;19;15;12;3;8;14;9;4;10;1;6;11;8;0;;1;4
1680;5;10;20;15;1;Offensive;Very Non-Physical;Aggressive;Balanced;Balanced;Balanced;Balanced;5;19;11;6;5;13;7;9;3;2;9;8;10;16;0;;8;15
1681;5;10;20;15;1;Standard;Very Non-Physical;Balanced;Aggressive;Prefers Veterans;Conservative;Balanced;12;7;5;15;7;9;15;10;17;14;3;4;15;11;0;;6;15
1682;20;15;5;5;1;Offensive;Very Non-Physical;Balanced;Balanced;Prefers Prospects;Innovative;Balanced;11;3;2;9;14;1;2;3;15;14;6;15;15;3;0;;4;6
1683;5;10;20;15;1;Standard;Very Non-Physical;Balanced;Balanced;Prefers Veterans;Balanced;Very Ruthless;11;15;11;4;5;13;4;10;14;6;8;3;8;18;0;;13;13
1684;5;10;20;15;1;Defensive;Very Non-Physical;Aggressive;Balanced;Balanced;Balanced;Balanced;10;13;7;4;12;8;19;6;17;4;8;10;12;9;0;;10;1
1685;5;10;20;15;1;Offensive;Non-physical;Balanced;Balanced;Loves Veterans;Balanced;Loyal;8;17;10;20;13;10;6;6;9;2;1;11;20;9;0;;7;2
1686;5;10;20;15;1;Offensive;Very Non-Physical;Balanced;Balanced;Prefers Veterans;Very Conservative;Balanced;4;7;18;13;14;6;13;10;14;3;4;12;12;11;0;;10;3
1687;5;10;20;15;1;Defensive;Non-physical;Balanced;Conservative;Prefers Prospects;Balanced;Very Ruthless;13;20;16;6;11;8;8;7;5;0;3;17;10;8;0;;2;14
1688;20;15;5;5;1;Standard;Non-physical;Balanced;Balanced;Prefers Veterans;Balanced;Balanced;2;3;6;15;8;8;10;8;3;6;1;5;6;15;0;;7;9
1689;1;10;20;15;1;Defensive;Balanced;Aggressive;Balanced;Balanced;Balanced;Loyal;13;13;13;13;13;13;13;6;13;6;6;6;13;13;0;;13;12
1690;10;15;20;18;1;Standard;Physical;Balanced;Balanced;Balanced;Innovative;Loyal;14;14;14;14;14;14;14;10;14;10;10;10;14;14;0;;14;13
1691;1;10;15;20;1;Standard;Non-physical;Balanced;Balanced;Balanced;Balanced;Balanced;5;7;11;5;7;8;8;4;6;4;4;4;5;8;0;;16;17
1692;1;15;20;15;1;Standard;Balanced;Aggressive;Balanced;Balanced;Balanced;Balanced;12;20;17;15;20;15;17;17;15;17;13;14;12;20;1;;13;12
1693;1;15;20;17;1;Standard;Balanced;Balanced;Balanced;Balanced;Balanced;Balanced;8;12;19;8;12;14;14;9;10;9;9;9;8;14;0;;14;13
1694;10;20;10;15;1;Standard;Balanced;Balanced;Balanced;Balanced;Innovative;Balanced;4;4;4;4;4;4;4;9;4;9;9;9;4;4;0;;14;14
1695;10;17;15;20;1;Standard;Balanced;Balanced;Balanced;Balanced;Balanced;Balanced;5;12;7;6;8;6;7;7;6;6;13;7;5;8;0;;14;14
1696;1;10;15;20;1;Standard;Non-physical;Balanced;Balanced;Balanced;Balanced;Balanced;4;6;9;4;6;7;7;4;5;4;4;4;4;7;0;;14;14
1697;1;5;20;20;1;Standard;Balanced;Balanced;Balanced;Balanced;Balanced;Balanced;8;8;8;8;8;8;8;2;8;2;2;2;8;8;0;;13;12
1698;1;5;20;20;1;Offensive;Balanced;Balanced;Balanced;Balanced;Balanced;Balanced;6;9;14;6;9;10;10;2;7;2;2;2;6;10;0;;13;12
1699;1;10;20;18;1;Standard;Balanced;Aggressive;Balanced;Balanced;Balanced;Balanced;5;10;10;15;12;12;10;6;20;6;6;6;5;12;0;;13;12
1700;10;15;10;20;1;Standard;Balanced;Balanced;Balanced;Balanced;Balanced;Balanced;4;4;4;4;4;4;4;7;4;7;7;7;4;4;0;;14;14
1701;1;15;20;18;1;Standard;Balanced;Balanced;Balanced;Balanced;Balanced;Balanced;8;8;8;8;8;8;8;6;8;6;6;6;8;8;0;;13;12
1702;1;15;20;15;1;Standard;Balanced;Balanced;Balanced;Balanced;Balanced;Balanced;9;9;9;9;9;9;9;7;9;7;7;7;9;9;0;;13;12
1703;1;5;20;20;1;Standard;Balanced;Balanced;Balanced;Balanced;Balanced;Balanced;8;8;8;8;8;8;8;2;8;2;2;2;8;8;0;;13;12
1704;15;15;10;20;1;Offensive;Balanced;Aggressive;Balanced;Prefers Veterans;Conservative;Loyal;3;5;8;3;5;5;5;7;4;7;7;7;3;5;0;;16;15
1705;1;10;10;20;1;Standard;Balanced;Balanced;Balanced;Balanced;Balanced;Balanced;4;4;4;4;4;4;4;4;4;4;4;4;4;4;0;;14;14
1706;10;15;10;20;1;Standard;Balanced;Balanced;Balanced;Balanced;Balanced;Balanced;4;4;4;4;4;4;4;7;4;7;7;7;4;4;0;;14;14
1707;1;15;20;20;1;Offensive;Balanced;Balanced;Balanced;Balanced;Balanced;Balanced;6;15;9;7;10;7;9;6;7;6;6;6;6;10;0;;13;12
1708;1;10;10;20;1;Standard;Balanced;Balanced;Balanced;Balanced;Balanced;Balanced;4;4;4;4;4;4;4;4;4;4;4;4;4;4;0;;14;14
1709;1;10;20;20;1;Standard;Balanced;Balanced;Balanced;Balanced;Balanced;Balanced;8;8;8;8;8;8;8;4;8;4;4;4;8;8;0;;13;12
1710;10;15;15;20;1;Standard;Balanced;Balanced;Balanced;Balanced;Balanced;Balanced;4;6;10;4;6;7;7;6;5;6;6;6;4;7;0;;14;14
1711;1;15;15;20;1;Standard;Balanced;Balanced;Balanced;Balanced;Balanced;Balanced;7;7;7;7;7;7;7;7;7;7;7;7;7;7;0;;15;15
1712;1;10;15;20;1;Standard;Balanced;Balanced;Balanced;Balanced;Balanced;Balanced;6;6;6;6;6;6;6;4;6;4;4;4;6;6;0;;14;14
1713;10;20;10;20;1;Standard;Balanced;Balanced;Balanced;Balanced;Innovative;Balanced;4;4;4;4;4;4;4;7;4;6;14;7;4;4;0;;14;14
1714;15;15;10;20;1;Defensive;Balanced;Balanced;Balanced;Balanced;Balanced;Loyal;3;3;3;3;3;3;3;4;3;4;4;4;3;3;0;;15;14
1715;10;15;10;20;1;Standard;Balanced;Balanced;Balanced;Balanced;Balanced;Balanced;3;7;4;3;5;3;4;6;3;6;6;6;3;5;0;;14;14
1716;1;10;10;20;1;Standard;Balanced;Balanced;Balanced;Balanced;Balanced;Balanced;4;4;4;4;4;4;4;4;4;4;4;4;4;4;0;;14;14
1717;1;5;20;18;1;Offensive;Very Non-Physical;Balanced;Balanced;Balanced;Balanced;Balanced;4;8;8;9;10;10;12;2;8;2;2;2;3;7;0;;13;12
1718;1;10;10;20;1;Standard;Balanced;Balanced;Balanced;Balanced;Balanced;Balanced;4;4;4;4;4;4;4;4;4;4;4;4;4;4;0;;14;14
1719;1;10;15;20;1;Standard;Balanced;Balanced;Balanced;Balanced;Balanced;Balanced;4;6;9;4;6;7;7;4;5;4;4;4;4;7;0;;14;14
1720;15;15;10;20;1;Standard;Balanced;Balanced;Balanced;Balanced;Balanced;Balanced;4;4;4;4;4;4;4;7;4;7;7;7;4;4;0;;14;14
1721;1;10;10;20;1;Standard;Balanced;Balanced;Balanced;Balanced;Balanced;Balanced;4;4;4;4;4;4;4;4;4;4;4;4;4;4;0;;14;14
1722;1;10;20;20;1;Standard;Balanced;Balanced;Balanced;Balanced;Balanced;Balanced;8;8;8;8;8;8;8;4;8;4;4;4;8;8;0;;13;12
1723;1;10;10;20;1;Standard;Balanced;Balanced;Balanced;Balanced;Balanced;Balanced;4;4;4;4;4;4;4;4;4;4;4;4;4;4;0;;14;14
1724;20;5;1;1;1;Standard;Balanced;Balanced;Balanced;Balanced;Balanced;Balanced;0;0;0;0;0;0;0;1;0;1;1;1;0;0;0;;10;10
1725;1;1;5;1;20;Standard;Non-physical;Balanced;Conservative;Balanced;Balanced;Loyal;0;0;0;0;0;0;0;4;0;0;9;0;0;0;19;;0;0
1726;1;1;5;1;20;Offensive;Very Non-Physical;Balanced;Balanced;Balanced;Balanced;Ruthless;0;0;0;0;0;0;0;4;0;0;9;0;0;0;19;;0;0
1727;1;1;5;1;20;Standard;Very Non-Physical;Very Aggressive;Conservative;Balanced;Innovative;Balanced;0;0;0;0;0;0;0;6;0;0;8;0;0;0;17;;0;0
1728;1;1;5;1;20;Defensive;Very Non-Physical;Balanced;Aggressive;Prefers Prospects;Innovative;Very Loyal;1;1;1;1;1;1;1;6;1;1;6;1;1;1;20;;1;1
1729;0;20;15;0;0;Very Defensive;Very Physical;Balanced;Balanced;Balanced;Balanced;Balanced;7;7;7;7;7;7;7;7;7;7;7;7;7;7;0;;0;0
1730;0;20;15;0;0;Very Defensive;Very Physical;Balanced;Balanced;Balanced;Balanced;Balanced;7;7;7;7;7;7;7;7;7;7;7;7;7;7;0;;0;0
1731;5;10;20;15;1;Standard;Very Non-Physical;Aggressive;Conservative;Balanced;Conservative;Balanced;17;17;18;14;8;7;4;9;7;11;2;17;16;10;0;;3;4
1732;5;10;20;15;1;Very Offensive;Very Non-Physical;Passive;Balanced;Prefers Veterans;Balanced;Ruthless;5;19;7;12;15;8;12;6;4;2;6;16;18;4;0;;14;10
1733;5;10;20;15;1;Standard;Very Non-Physical;Balanced;Conservative;Balanced;Innovative;Balanced;6;17;5;6;7;10;16;6;11;2;4;3;10;12;0;;10;5
1734;5;10;20;15;1;Offensive;Very Non-Physical;Very Aggressive;Aggressive;Balanced;Very Innovative;Ruthless;17;6;17;4;9;10;9;6;13;13;9;14;20;16;0;;12;4
1735;5;10;20;15;1;Standard;Non-physical;Balanced;Balanced;Prefers Prospects;Conservative;Balanced;13;15;10;5;11;13;9;6;10;14;3;12;14;15;0;;9;5
1736;5;10;20;15;1;Standard;Very Non-Physical;Balanced;Balanced;Prefers Veterans;Balanced;Loyal;7;11;4;11;9;19;11;4;13;11;6;7;11;7;0;;8;10
1737;5;10;20;15;1;Offensive;Very Non-Physical;Passive;Balanced;Prefers Veterans;Innovative;Balanced;14;12;12;9;13;15;16;9;12;13;8;11;14;5;0;;5;8
1738;5;10;20;15;1;Standard;Very Non-Physical;Balanced;Balanced;Balanced;Innovative;Ruthless;8;8;14;11;11;13;6;7;4;8;1;15;20;10;0;;13;14
1739;1;15;20;15;1;Standard;Balanced;Aggressive;Balanced;Balanced;Balanced;Balanced;13;13;13;13;13;13;13;10;13;10;10;10;13;13;0;;13;12
1740;1;15;20;20;1;Defensive;Balanced;Balanced;Conservative;Balanced;Balanced;Balanced;16;7;6;9;11;6;6;6;9;6;6;6;6;10;0;;13;12
1741;10;15;15;20;1;Standard;Non-physical;Balanced;Balanced;Balanced;Innovative;Balanced;6;8;13;6;8;9;9;12;7;4;12;4;6;9;0;;14;14
1742;1;10;15;20;1;Offensive;Balanced;Balanced;Balanced;Balanced;Balanced;Balanced;3;5;8;5;3;11;4;4;5;4;4;4;6;8;0;;15;15
1743;1;5;20;20;1;Standard;Balanced;Aggressive;Balanced;Balanced;Innovative;Balanced;6;7;9;9;9;9;7;2;6;2;2;2;9;16;0;;13;12
1744;1;15;20;19;1;Standard;Balanced;Balanced;Balanced;Balanced;Balanced;Balanced;7;9;15;7;9;11;11;7;8;7;7;7;7;11;0;;13;12
1745;1;10;15;20;1;Standard;Balanced;Balanced;Balanced;Balanced;Balanced;Balanced;6;6;6;6;6;6;6;4;6;4;4;4;6;6;0;;15;15
1746;1;10;20;20;1;Standard;Balanced;Balanced;Balanced;Balanced;Balanced;Balanced;8;8;8;8;8;8;8;4;8;4;4;4;8;8;0;;13;12
1747;1;10;10;20;1;Standard;Balanced;Balanced;Balanced;Balanced;Balanced;Balanced;3;4;7;3;4;5;5;4;3;4;4;4;3;5;0;;15;15
1748;1;10;10;20;1;Standard;Balanced;Balanced;Balanced;Prefers Prospects;Balanced;Balanced;4;4;4;4;4;4;4;4;4;4;4;4;4;4;0;;14;16
1749;1;10;20;20;1;Standard;Physical;Balanced;Balanced;Balanced;Balanced;Balanced;9;9;9;9;9;9;9;4;9;4;4;4;9;9;0;;14;14
1750;1;15;20;19;1;Standard;Balanced;Balanced;Balanced;Balanced;Balanced;Loyal;7;13;13;5;7;9;9;10;7;2;6;6;3;14;0;;13;12
1751;1;10;15;20;1;Standard;Balanced;Balanced;Balanced;Balanced;Balanced;Balanced;4;10;6;5;7;5;6;4;5;4;4;4;4;7;0;;14;14
1752;1;5;20;20;1;Standard;Physical;Balanced;Balanced;Balanced;Balanced;Balanced;9;9;9;9;9;9;9;2;9;2;2;2;9;9;0;;13;12
1753;1;10;10;20;1;Standard;Balanced;Balanced;Balanced;Balanced;Balanced;Balanced;4;4;4;4;4;4;4;4;4;4;4;4;4;4;0;;14;14
1754;1;10;10;20;1;Standard;Non-physical;Balanced;Balanced;Balanced;Balanced;Balanced;4;4;4;4;4;4;4;4;4;4;4;4;4;4;0;;15;15
1755;1;15;20;20;1;Defensive;Balanced;Balanced;Balanced;Balanced;Balanced;Balanced;9;12;7;8;16;5;7;7;8;7;7;7;9;12;0;;13;12
1756;1;1;15;20;1;Standard;Balanced;Balanced;Balanced;Balanced;Balanced;Balanced;5;5;5;5;5;5;5;0;5;0;0;0;5;5;0;;13;12
1757;1;5;20;20;1;Defensive;Balanced;Balanced;Balanced;Balanced;Balanced;Balanced;6;15;9;7;10;7;9;2;7;2;2;2;6;10;0;;13;12
1758;1;10;10;20;1;Standard;Balanced;Balanced;Balanced;Balanced;Balanced;Balanced;4;4;4;4;4;4;4;4;4;4;4;4;4;4;0;;14;14
1759;10;20;20;20;1;Standard;Balanced;Balanced;Balanced;Balanced;Balanced;Balanced;9;9;9;9;9;9;9;9;9;9;9;9;9;9;0;;13;12
1760;1;10;20;20;1;Standard;Balanced;Balanced;Balanced;Balanced;Balanced;Balanced;9;9;9;9;9;9;9;4;9;4;4;4;9;9;0;;13;12
1761;5;15;5;20;1;Standard;Balanced;Balanced;Balanced;Balanced;Balanced;Balanced;1;1;1;1;1;1;1;5;1;5;5;5;1;1;0;;13;12
1762;1;10;10;20;1;Standard;Balanced;Balanced;Balanced;Balanced;Balanced;Balanced;4;4;4;4;4;4;4;4;4;4;4;4;4;4;0;;14;14
1763;1;10;20;20;1;Standard;Balanced;Balanced;Balanced;Balanced;Balanced;Balanced;8;8;8;8;8;8;8;4;8;4;4;4;8;8;0;;13;12
1764;1;5;20;20;1;Standard;Balanced;Balanced;Balanced;Balanced;Balanced;Balanced;8;8;8;8;8;8;8;2;8;2;2;2;8;8;0;;13;12
1765;1;5;20;20;1;Standard;Balanced;Balanced;Balanced;Balanced;Balanced;Balanced;8;8;8;8;8;8;8;2;8;2;2;2;8;8;0;;13;12
1766;1;10;10;20;1;Standard;Non-physical;Balanced;Balanced;Balanced;Balanced;Balanced;4;4;4;4;4;4;4;4;4;4;4;4;4;4;0;;14;14
1767;17;20;15;20;1;Offensive;Balanced;Balanced;Balanced;Prefers Veterans;Conservative;Ruthless;4;6;10;4;6;7;7;9;5;9;9;9;4;7;0;;14;14
1768;1;10;10;20;1;Standard;Balanced;Balanced;Balanced;Balanced;Balanced;Balanced;4;4;4;4;4;4;4;4;4;4;4;4;4;4;0;;14;14
1769;1;15;10;20;1;Standard;Balanced;Balanced;Balanced;Prefers Prospects;Balanced;Balanced;3;3;3;3;3;3;3;4;3;4;4;4;3;3;0;;11;13
1770;1;5;20;10;1;Standard;Very Physical;Balanced;Balanced;Prefers Prospects;Innovative;Balanced;7;7;7;7;7;7;7;1;7;1;1;1;7;7;0;;7;7
1771;1;10;20;20;20;Standard;Balanced;Balanced;Balanced;Balanced;Balanced;Balanced;8;8;8;8;8;8;8;4;8;4;4;4;8;8;14;;13;12
1772;15;15;10;20;1;Standard;Balanced;Balanced;Balanced;Balanced;Balanced;Balanced;4;4;4;4;4;4;4;6;4;6;6;6;4;4;0;;14;14
1773;1;1;5;1;20;Standard;Balanced;Balanced;Balanced;Balanced;Balanced;Balanced;2;2;2;2;2;2;2;0;2;0;0;0;2;2;18;;8;8
1774;1;10;10;20;1;Standard;Non-physical;Balanced;Balanced;Balanced;Balanced;Balanced;4;4;4;4;4;4;4;4;4;4;4;4;4;4;0;;14;14
1775;1;10;10;20;1;Standard;Balanced;Balanced;Balanced;Balanced;Balanced;Balanced;4;4;4;4;4;4;4;4;4;4;4;4;4;4;0;;14;14
1776;1;15;20;20;1;Standard;Non-physical;Aggressive;Balanced;Prefers Prospects;Balanced;Balanced;4;6;10;4;6;7;7;5;5;5;5;5;4;7;0;;13;14
1777;1;5;20;20;1;Defensive;Balanced;Balanced;Conservative;Balanced;Balanced;Balanced;15;7;6;8;10;6;6;2;8;2;2;2;6;9;0;;13;12
1778;1;10;20;20;1;Standard;Balanced;Balanced;Balanced;Balanced;Balanced;Balanced;6;9;14;6;9;10;10;4;7;4;4;4;6;10;0;;13;12
1779;1;15;20;18;1;Standard;Balanced;Balanced;Balanced;Balanced;Balanced;Balanced;8;8;8;8;8;8;8;6;8;6;6;6;8;8;0;;13;12
1780;1;15;20;20;1;Standard;Balanced;Balanced;Balanced;Balanced;Balanced;Balanced;7;9;15;7;9;11;11;7;8;7;7;7;7;11;0;;13;12
1781;1;5;15;20;1;Defensive;Balanced;Balanced;Conservative;Balanced;Balanced;Balanced;19;7;6;9;11;6;6;3;9;3;3;3;6;10;0;;13;13
1782;1;5;20;20;1;Standard;Balanced;Balanced;Balanced;Balanced;Balanced;Balanced;8;8;8;8;8;8;8;2;8;2;2;2;8;8;0;;13;12
1783;1;10;20;16;1;Standard;Balanced;Balanced;Balanced;Prefers Prospects;Balanced;Balanced;9;10;10;15;10;10;10;5;12;5;5;5;6;10;0;;13;12
1784;1;15;20;20;1;Standard;Balanced;Balanced;Balanced;Balanced;Balanced;Balanced;9;9;9;9;9;9;9;6;9;6;6;6;9;9;0;;13;12
1785;1;10;10;20;1;Standard;Balanced;Balanced;Balanced;Balanced;Balanced;Balanced;4;4;4;4;4;4;4;4;4;4;4;4;4;4;0;;14;14
1786;1;10;20;20;1;Standard;Balanced;Balanced;Balanced;Balanced;Balanced;Balanced;7;16;9;8;11;8;9;4;8;4;4;4;7;11;0;;13;12
1787;1;10;15;20;1;Standard;Non-physical;Balanced;Balanced;Prefers Prospects;Balanced;Loyal;6;6;6;6;6;6;6;4;6;4;4;4;6;6;0;;14;14
1788;1;5;20;20;1;Standard;Balanced;Balanced;Balanced;Balanced;Balanced;Balanced;6;14;8;7;9;7;8;2;7;2;2;2;6;9;0;;13;12
1789;1;10;15;20;1;Offensive;Non-physical;Balanced;Balanced;Balanced;Balanced;Balanced;4;6;9;4;6;7;7;4;5;4;4;4;4;7;0;;14;14
1790;1;5;20;20;1;Standard;Balanced;Balanced;Balanced;Balanced;Balanced;Balanced;8;8;8;8;8;8;8;2;8;2;2;2;8;8;0;;13;12
1791;1;10;10;20;1;Standard;Balanced;Balanced;Balanced;Balanced;Balanced;Balanced;4;4;4;4;4;4;4;4;4;4;4;4;4;4;0;;14;14
1792;1;10;10;20;1;Standard;Balanced;Balanced;Balanced;Balanced;Balanced;Balanced;4;4;4;4;4;4;4;4;4;4;4;4;4;4;0;;14;14
1793;1;10;15;20;1;Standard;Balanced;Balanced;Balanced;Balanced;Balanced;Balanced;4;6;10;4;6;7;7;4;5;4;4;4;4;7;0;;15;15
1794;1;10;20;20;1;Defensive;Balanced;Balanced;Conservative;Balanced;Balanced;Balanced;15;7;6;8;10;6;6;4;8;4;4;4;6;9;0;;13;12
1795;1;10;15;20;1;Standard;Balanced;Balanced;Balanced;Balanced;Balanced;Balanced;4;10;6;5;7;5;6;4;5;4;4;4;4;7;0;;14;14
1796;1;10;20;20;1;Defensive;Balanced;Balanced;Balanced;Balanced;Balanced;Balanced;9;11;6;7;15;5;6;4;7;4;4;4;9;11;0;;13;12
1797;1;10;20;20;1;Standard;Physical;Balanced;Balanced;Balanced;Balanced;Balanced;9;9;9;9;9;9;9;4;9;4;4;4;9;9;0;;13;12
1798;1;1;15;20;1;Standard;Balanced;Balanced;Balanced;Balanced;Balanced;Balanced;5;5;5;5;5;5;5;0;5;0;0;0;5;5;0;;13;13
1799;15;15;10;20;1;Standard;Balanced;Balanced;Balanced;Balanced;Balanced;Balanced;4;4;4;4;4;4;4;6;4;6;6;6;4;4;0;;14;14
1800;20;5;1;1;1;Standard;Balanced;Balanced;Balanced;Balanced;Balanced;Balanced;0;0;0;0;0;0;0;0;0;0;0;0;0;0;0;;10;10
1801;1;1;15;20;1;Standard;Balanced;Balanced;Balanced;Balanced;Balanced;Balanced;5;5;5;5;5;5;5;0;5;0;0;0;5;5;0;;13;12
1802;1;10;20;20;1;Standard;Balanced;Balanced;Balanced;Balanced;Balanced;Balanced;6;8;13;6;8;9;9;4;7;4;4;4;6;9;0;;13;12
1803;1;5;20;20;1;Standard;Balanced;Balanced;Balanced;Balanced;Balanced;Balanced;8;8;8;8;8;8;8;2;8;2;2;2;8;8;0;;13;12
1804;1;10;10;20;1;Standard;Balanced;Balanced;Balanced;Balanced;Balanced;Balanced;4;4;4;4;4;4;4;4;4;4;4;4;4;4;0;;14;14
1805;1;1;15;20;1;Standard;Balanced;Balanced;Balanced;Balanced;Balanced;Balanced;5;5;5;5;5;5;5;0;5;0;0;0;5;5;0;;13;12
1806;20;15;10;20;1;Standard;Balanced;Balanced;Balanced;Balanced;Balanced;Balanced;4;4;4;4;4;4;4;6;4;6;6;6;4;4;0;;13;13
1807;1;10;10;20;1;Standard;Balanced;Balanced;Balanced;Balanced;Balanced;Balanced;4;4;4;4;4;4;4;4;4;4;4;4;4;4;0;;14;14
1808;1;10;10;20;1;Standard;Balanced;Balanced;Balanced;Balanced;Balanced;Balanced;4;4;4;4;4;4;4;4;4;4;4;4;4;4;0;;14;14
1809;1;1;15;20;1;Standard;Balanced;Balanced;Balanced;Balanced;Balanced;Balanced;5;5;5;5;5;5;5;0;5;0;0;0;5;5;0;;13;12
1810;1;10;20;20;1;Standard;Balanced;Balanced;Balanced;Balanced;Balanced;Balanced;8;8;8;8;8;8;8;4;8;4;4;4;8;8;0;;13;12
1811;5;10;20;15;1;Defensive;Non-physical;Balanced;Balanced;Loves Prospects;Very Innovative;Balanced;4;10;15;8;8;8;15;2;9;14;9;4;12;6;0;;2;4
1812;10;20;20;20;1;Standard;Balanced;Balanced;Balanced;Balanced;Balanced;Balanced;10;10;10;10;10;10;10;10;10;10;10;10;10;10;0;;14;14
1813;10;15;16;20;1;Offensive;Balanced;Balanced;Balanced;Prefers Veterans;Balanced;Balanced;8;20;12;10;14;10;12;7;10;10;7;16;8;14;0;;14;15
1814;1;10;20;20;1;Offensive;Non-physical;Balanced;Balanced;Prefers Veterans;Conservative;Balanced;5;7;11;7;5;15;6;4;7;4;4;4;9;11;0;;14;12
1815;1;10;20;20;1;Defensive;Balanced;Balanced;Balanced;Balanced;Balanced;Balanced;6;15;9;7;10;7;9;4;7;4;4;4;6;10;0;;13;12
1816;1;5;20;20;1;Standard;Balanced;Balanced;Balanced;Balanced;Balanced;Balanced;9;9;9;9;9;9;9;2;9;2;2;2;9;9;0;;13;12
1817;15;20;20;20;1;Standard;Balanced;Balanced;Balanced;Balanced;Balanced;Balanced;10;10;10;10;10;10;10;10;10;10;10;10;10;10;0;;14;14
1818;1;5;20;20;1;Standard;Balanced;Balanced;Balanced;Balanced;Balanced;Balanced;8;8;8;8;8;8;8;2;8;2;2;2;8;8;0;;13;12
1819;1;10;20;20;1;Standard;Balanced;Balanced;Balanced;Balanced;Balanced;Balanced;8;8;8;8;8;8;8;4;8;4;4;4;8;8;0;;13;12
1820;1;5;20;20;1;Standard;Physical;Balanced;Balanced;Balanced;Balanced;Balanced;8;8;8;8;8;8;8;2;8;2;2;2;8;8;0;;13;12
1821;1;10;20;20;1;Defensive;Balanced;Balanced;Conservative;Balanced;Balanced;Balanced;16;7;6;9;11;6;6;4;9;4;4;4;6;10;0;;13;12
1822;1;10;20;18;1;Standard;Balanced;Balanced;Balanced;Balanced;Balanced;Balanced;7;16;9;8;11;8;9;4;8;4;4;4;7;11;0;;13;12
1823;10;19;10;20;1;Standard;Balanced;Balanced;Balanced;Balanced;Balanced;Balanced;4;4;4;4;4;4;4;7;4;7;7;7;4;4;0;;14;14
1824;1;15;20;15;1;Standard;Balanced;Balanced;Balanced;Balanced;Balanced;Balanced;9;9;9;9;9;9;9;7;9;7;7;7;9;9;0;;13;12
1825;1;10;20;20;1;Offensive;Balanced;Balanced;Balanced;Balanced;Balanced;Balanced;6;15;9;7;10;7;9;4;7;4;4;4;6;10;0;;13;12
1826;1;10;15;20;1;Standard;Non-physical;Balanced;Balanced;Balanced;Balanced;Balanced;6;6;6;6;6;6;6;4;6;4;4;4;6;6;0;;14;14
1827;1;10;10;20;1;Standard;Balanced;Balanced;Balanced;Balanced;Balanced;Balanced;4;4;4;4;4;4;4;4;4;4;4;4;4;4;0;;14;14
1828;1;15;20;20;1;Standard;Balanced;Balanced;Balanced;Balanced;Balanced;Balanced;7;10;15;7;10;11;11;7;8;7;7;7;7;11;0;;13;12
1829;1;15;20;20;1;Standard;Balanced;Balanced;Balanced;Balanced;Balanced;Balanced;6;15;9;7;10;7;9;6;7;6;6;6;6;10;0;;13;12
1830;1;10;20;20;1;Standard;Balanced;Balanced;Balanced;Balanced;Balanced;Balanced;6;14;8;7;9;7;8;4;7;4;4;4;6;9;0;;13;12
1831;1;10;10;20;1;Standard;Balanced;Balanced;Balanced;Prefers Prospects;Balanced;Balanced;4;4;4;4;4;4;4;4;4;4;4;4;4;4;0;;15;17
1832;1;10;10;20;1;Standard;Balanced;Balanced;Balanced;Balanced;Balanced;Balanced;4;4;4;4;4;4;4;4;4;4;4;4;4;4;0;;14;14
1833;1;10;10;20;1;Standard;Non-physical;Balanced;Balanced;Balanced;Balanced;Balanced;4;4;4;4;4;4;4;4;4;4;4;4;4;4;0;;14;14
1834;1;10;10;20;1;Standard;Balanced;Balanced;Balanced;Balanced;Balanced;Balanced;4;4;4;4;4;4;4;4;4;4;4;4;4;4;0;;16;16
1835;1;5;20;20;1;Standard;Balanced;Balanced;Balanced;Balanced;Balanced;Balanced;8;8;8;8;8;8;8;2;8;2;2;2;8;8;0;;13;12
1836;1;10;10;20;1;Standard;Balanced;Balanced;Balanced;Balanced;Balanced;Balanced;4;4;4;4;4;4;4;4;4;4;4;4;4;4;0;;14;14
1837;1;10;10;20;1;Standard;Balanced;Balanced;Balanced;Balanced;Balanced;Balanced;4;4;4;4;4;4;4;4;4;4;4;4;4;4;0;;14;14
1838;1;1;15;20;1;Standard;Balanced;Balanced;Balanced;Balanced;Balanced;Balanced;5;5;5;5;5;5;5;0;5;0;0;0;5;5;0;;13;12
1839;1;10;10;20;1;Standard;Balanced;Balanced;Balanced;Balanced;Balanced;Balanced;4;4;4;4;4;4;4;4;4;4;4;4;4;4;0;;14;15
1840;1;10;10;20;1;Standard;Balanced;Balanced;Balanced;Balanced;Balanced;Balanced;4;4;4;4;4;4;4;4;4;4;4;4;4;4;0;;14;14
1841;1;10;10;20;1;Standard;Balanced;Balanced;Balanced;Balanced;Balanced;Balanced;4;4;4;4;4;4;4;4;4;4;4;4;4;4;0;;14;14
1842;1;10;10;20;1;Standard;Balanced;Balanced;Balanced;Balanced;Balanced;Balanced;4;4;4;4;4;4;4;4;4;4;4;4;4;4;0;;14;14
1843;1;10;15;20;1;Standard;Physical;Balanced;Balanced;Balanced;Balanced;Balanced;6;6;6;6;6;6;6;4;6;4;4;4;6;6;0;;14;14
1844;1;5;20;20;1;Standard;Balanced;Balanced;Balanced;Balanced;Balanced;Balanced;8;8;8;8;8;8;8;2;8;2;2;2;8;8;0;;13;12
1845;1;10;10;20;1;Standard;Balanced;Balanced;Balanced;Balanced;Balanced;Balanced;4;4;4;4;4;4;4;4;4;4;4;4;4;4;0;;14;14
1846;1;5;20;20;20;Standard;Balanced;Balanced;Balanced;Balanced;Balanced;Balanced;8;8;8;8;8;8;8;2;8;2;2;2;8;8;14;;13;12
1847;1;1;5;1;20;Offensive;Very Non-Physical;Balanced;Balanced;Loves Veterans;Conservative;Loyal;0;0;0;0;0;0;0;3;0;0;2;0;0;0;16;;0;0
1848;1;1;5;1;20;Offensive;Very Non-Physical;Balanced;Aggressive;Balanced;Balanced;Balanced;1;1;1;1;1;1;1;4;1;1;6;1;1;1;20;;1;1
1849;1;5;15;20;1;Standard;Non-physical;Balanced;Balanced;Balanced;Balanced;Balanced;6;6;6;6;6;6;6;2;6;2;2;2;6;6;0;;13;12
1850;1;5;20;20;1;Standard;Balanced;Balanced;Balanced;Balanced;Balanced;Balanced;5;12;7;6;8;6;7;1;6;1;1;1;5;8;0;;13;12
1851;10;15;10;20;1;Standard;Balanced;Balanced;Balanced;Balanced;Balanced;Balanced;3;4;7;3;4;5;5;6;3;6;6;6;3;5;0;;14;14
1852;1;15;20;20;1;Standard;Balanced;Balanced;Balanced;Balanced;Balanced;Balanced;12;12;12;12;12;12;12;9;12;9;9;9;12;12;0;;13;12
1853;1;15;20;19;1;Offensive;Non-physical;Very Aggressive;Conservative;Balanced;Very Innovative;Balanced;17;8;7;9;12;7;7;7;9;7;7;7;14;13;0;;13;13
1854;1;5;20;20;1;Standard;Balanced;Balanced;Balanced;Balanced;Balanced;Balanced;7;7;7;7;7;7;7;1;7;1;1;1;7;7;0;;13;12
1855;10;18;10;20;1;Standard;Balanced;Balanced;Balanced;Balanced;Balanced;Balanced;4;4;4;4;4;4;4;8;4;8;8;8;4;4;0;;14;14
1856;1;10;15;20;1;Standard;Balanced;Balanced;Balanced;Balanced;Balanced;Balanced;4;5;9;4;5;6;6;3;4;3;3;3;4;6;0;;15;15
1857;56;20;20;20;1;Offensive;Balanced;Balanced;Balanced;Balanced;Balanced;Balanced;5;12;7;6;8;6;7;7;6;7;7;7;5;8;0;;14;14
1858;1;5;20;20;1;Defensive;Balanced;Balanced;Conservative;Balanced;Balanced;Balanced;16;7;6;9;11;6;6;2;9;2;2;2;6;10;0;;13;12
1859;15;18;20;20;1;Defensive;Balanced;Aggressive;Balanced;Balanced;Balanced;Balanced;9;12;7;8;16;5;7;9;8;9;9;9;9;12;0;;14;14
1860;15;15;15;20;1;Standard;Balanced;Balanced;Balanced;Balanced;Balanced;Balanced;5;13;7;6;8;6;7;12;6;3;7;7;5;8;0;;14;14
1861;1;10;20;20;1;Defensive;Balanced;Balanced;Conservative;Balanced;Balanced;Balanced;15;7;6;8;10;6;6;4;8;4;4;4;6;9;0;;13;12
1862;1;15;20;20;1;Standard;Balanced;Balanced;Balanced;Balanced;Balanced;Balanced;8;8;8;8;8;8;8;6;8;6;6;6;8;8;0;;13;12
1863;10;15;10;20;1;Standard;Balanced;Balanced;Balanced;Balanced;Balanced;Balanced;4;4;4;4;4;4;4;7;4;7;7;7;4;4;0;;14;14
1864;1;10;15;20;1;Standard;Balanced;Balanced;Balanced;Prefers Prospects;Balanced;Balanced;5;6;6;9;6;6;6;4;7;4;4;4;3;6;0;;13;15
1865;1;10;10;20;1;Standard;Non-physical;Balanced;Balanced;Balanced;Balanced;Balanced;3;3;3;3;3;3;3;3;3;3;3;3;3;3;0;;14;14
1866;1;10;15;20;1;Defensive;Balanced;Balanced;Conservative;Balanced;Balanced;Balanced;10;4;3;5;7;3;3;3;5;3;3;3;3;6;0;;14;14
1867;1;10;15;20;1;Defensive;Non-physical;Balanced;Balanced;Balanced;Balanced;Balanced;6;8;4;5;10;3;4;4;5;4;4;4;6;8;0;;14;15
1868;1;10;15;20;1;Standard;Balanced;Balanced;Balanced;Balanced;Balanced;Balanced;3;5;8;3;5;6;6;3;4;3;3;3;3;6;0;;14;14
1869;10;20;10;20;1;Standard;Balanced;Balanced;Balanced;Balanced;Balanced;Balanced;4;4;4;4;4;4;4;8;4;8;8;8;4;4;0;;14;14
1870;1;15;20;20;1;Defensive;Balanced;Balanced;Conservative;Balanced;Balanced;Balanced;16;7;6;9;11;6;6;6;9;6;6;6;6;10;0;;13;12
1871;1;5;20;15;1;Standard;Non-physical;Balanced;Balanced;Balanced;Balanced;Balanced;6;15;9;7;10;7;9;2;7;2;2;2;6;10;0;;13;12
1872;1;10;10;20;1;Standard;Balanced;Balanced;Balanced;Balanced;Balanced;Balanced;3;3;3;3;3;3;3;3;3;3;3;3;3;3;0;;14;14
1873;1;10;10;20;1;Standard;Balanced;Balanced;Balanced;Balanced;Balanced;Balanced;3;3;3;3;3;3;3;3;3;3;3;3;3;3;0;;15;15
1874;1;10;10;20;1;Standard;Balanced;Balanced;Balanced;Balanced;Balanced;Balanced;3;3;3;3;3;3;3;3;3;3;3;3;3;3;0;;14;14
1875;1;10;15;20;1;Offensive;Non-physical;Balanced;Balanced;Balanced;Balanced;Balanced;3;5;8;3;5;6;6;3;4;3;3;3;3;6;0;;14;14
1876;1;5;20;20;1;Offensive;Non-physical;Balanced;Balanced;Balanced;Balanced;Balanced;5;7;11;7;5;15;6;2;7;2;2;2;9;11;0;;13;12
1877;1;10;20;20;1;Standard;Balanced;Balanced;Balanced;Balanced;Balanced;Balanced;8;8;8;8;8;8;8;4;8;4;4;4;8;8;0;;14;14
1878;1;10;10;20;1;Standard;Balanced;Balanced;Balanced;Balanced;Balanced;Balanced;3;3;3;3;3;3;3;3;3;3;3;3;3;3;0;;14;14
1879;15;15;10;20;1;Standard;Balanced;Balanced;Balanced;Balanced;Balanced;Balanced;3;3;3;3;3;3;3;5;3;5;5;5;3;3;0;;14;14
1880;1;10;10;20;1;Standard;Balanced;Balanced;Balanced;Balanced;Balanced;Balanced;4;4;4;4;4;4;4;4;4;4;4;4;4;4;0;;15;15
1881;1;10;10;20;1;Standard;Balanced;Balanced;Balanced;Balanced;Balanced;Balanced;3;3;3;3;3;3;3;3;3;3;3;3;3;3;0;;14;14
1882;1;10;10;20;1;Standard;Balanced;Balanced;Balanced;Balanced;Balanced;Balanced;3;3;3;3;3;3;3;3;3;3;3;3;3;3;0;;14;14
1883;1;10;10;20;1;Standard;Balanced;Balanced;Balanced;Balanced;Balanced;Balanced;3;3;3;3;3;3;3;3;3;3;3;3;3;3;0;;14;14
1884;1;10;15;20;1;Standard;Balanced;Balanced;Balanced;Balanced;Balanced;Balanced;3;5;8;3;5;6;6;3;4;3;3;3;3;6;0;;14;14
1885;1;10;15;20;1;Standard;Balanced;Balanced;Balanced;Balanced;Balanced;Balanced;4;6;9;4;6;7;7;4;5;4;4;4;4;7;0;;14;14
1886;1;10;20;20;1;Standard;Balanced;Balanced;Balanced;Loves Prospects;Balanced;Balanced;8;8;8;8;8;8;8;4;8;4;4;4;8;8;0;;8;10
1887;5;10;20;15;1;Standard;Very Non-Physical;Aggressive;Balanced;Balanced;Balanced;Loyal;4;10;14;9;17;7;18;8;3;7;8;7;7;3;0;;4;5
1888;5;10;20;15;1;Standard;Very Non-Physical;Balanced;Aggressive;Prefers Prospects;Balanced;Loyal;18;13;6;8;11;4;8;10;14;2;4;14;8;15;0;;8;2
1889;20;15;5;5;1;Offensive;Very Non-Physical;Balanced;Very Aggressive;Prefers Prospects;Conservative;Balanced;15;14;12;11;6;1;15;5;12;7;3;7;12;1;0;;6;9
1890;20;15;5;5;1;Offensive;Very Non-Physical;Very Aggressive;Aggressive;Balanced;Balanced;Balanced;6;11;9;12;11;11;15;1;9;7;7;15;16;10;0;;6;7
1891;20;15;5;5;1;Offensive;Non-physical;Aggressive;Conservative;Prefers Prospects;Innovative;Balanced;2;7;8;9;13;15;4;5;11;0;9;11;6;10;0;;15;14
1892;20;15;5;5;1;Standard;Very Non-Physical;Balanced;Balanced;Balanced;Balanced;Balanced;6;2;12;1;6;4;4;6;9;2;5;17;10;1;0;;4;1
1893;20;15;5;5;1;Offensive;Very Non-Physical;Balanced;Balanced;Balanced;Balanced;Balanced;4;7;7;13;8;8;13;4;10;4;1;10;5;4;0;;4;7
1894;20;15;5;5;1;Offensive;Very Non-Physical;Balanced;Very Aggressive;Loves Veterans;Balanced;Balanced;5;9;14;11;15;12;2;2;16;9;4;10;15;2;0;;5;7
1895;20;15;5;5;1;Standard;Very Non-Physical;Aggressive;Balanced;Loves Veterans;Balanced;Loyal;5;14;6;1;12;15;6;5;11;5;4;14;9;4;0;;3;7
1896;20;15;5;5;1;Offensive;Non-physical;Aggressive;Balanced;Prefers Veterans;Conservative;Loyal;2;9;3;2;1;4;1;1;11;13;3;6;7;4;0;;3;1
1897;20;15;5;5;1;Defensive;Non-physical;Aggressive;Balanced;Balanced;Conservative;Loyal;14;8;13;8;4;9;15;2;10;10;1;13;6;10;0;;11;4
1898;20;15;5;5;1;Offensive;Very Non-Physical;Balanced;Aggressive;Balanced;Balanced;Balanced;13;10;4;12;5;3;10;3;5;1;8;9;14;7;0;;5;7
1899;20;15;5;5;1;Offensive;Non-physical;Balanced;Conservative;Prefers Prospects;Conservative;Balanced;1;3;7;14;15;8;12;4;11;2;9;8;13;11;0;;5;15
1900;20;15;5;5;1;Defensive;Very Non-Physical;Aggressive;Balanced;Balanced;Conservative;Loyal;10;11;3;8;12;6;2;1;4;8;1;8;12;7;0;;10;13
1901;20;15;5;5;1;Standard;Very Non-Physical;Balanced;Aggressive;Balanced;Balanced;Balanced;4;3;2;14;14;9;11;7;4;2;7;5;17;15;0;;6;15
1902;20;15;5;5;1;Very Defensive;Very Non-Physical;Balanced;Aggressive;Balanced;Balanced;Balanced;5;2;5;14;6;7;12;5;9;0;7;9;8;11;0;;11;15
1903;20;15;5;5;1;Very Offensive;Very Non-Physical;Aggressive;Balanced;Loves Prospects;Balanced;Balanced;8;10;13;1;7;3;6;7;6;8;8;7;9;10;0;;4;9
1904;20;15;5;5;1;Offensive;Very Non-Physical;Passive;Balanced;Prefers Prospects;Balanced;Loyal;1;15;8;12;15;11;6;4;17;12;5;15;4;9;0;;12;12
1905;20;15;5;5;1;Defensive;Very Non-Physical;Very Aggressive;Conservative;Balanced;Balanced;Ruthless;9;3;11;11;12;14;3;5;11;13;7;8;13;12;0;;6;3
1906;20;15;5;5;1;Standard;Non-physical;Balanced;Aggressive;Prefers Prospects;Innovative;Balanced;10;10;1;6;14;11;14;7;13;9;7;13;5;8;0;;5;15
1907;20;15;5;5;1;Offensive;Very Non-Physical;Balanced;Conservative;Balanced;Conservative;Ruthless;15;14;11;9;1;12;5;7;13;12;4;12;4;4;0;;3;13
1908;20;15;5;5;1;Standard;Very Non-Physical;Balanced;Aggressive;Prefers Veterans;Innovative;Balanced;9;10;15;6;3;13;1;6;4;5;3;9;16;4;0;;2;6
1909;20;15;5;5;1;Standard;Very Non-Physical;Balanced;Balanced;Prefers Prospects;Balanced;Balanced;5;13;9;9;7;8;4;2;16;3;1;8;11;8;0;;12;7
1910;20;15;5;5;1;Offensive;Balanced;Very Passive;Very Conservative;Prefers Veterans;Conservative;Ruthless;3;14;5;5;11;12;10;6;11;2;2;4;14;15;0;;8;10
1911;20;15;5;5;1;Standard;Balanced;Balanced;Balanced;Loves Veterans;Balanced;Balanced;13;15;12;7;1;1;15;3;7;1;7;7;16;15;0;;12;14
1912;20;15;5;5;1;Standard;Balanced;Very Aggressive;Balanced;Loves Prospects;Balanced;Ruthless;7;6;14;2;13;8;5;1;16;12;4;14;15;8;0;;4;6
1913;20;15;5;5;1;Offensive;Non-physical;Balanced;Balanced;Balanced;Innovative;Ruthless;6;12;8;7;5;10;6;6;7;9;6;14;15;13;0;;1;13
1914;20;15;5;5;1;Offensive;Non-physical;Balanced;Balanced;Prefers Prospects;Balanced;Balanced;13;9;2;12;12;3;11;5;8;13;1;9;4;7;0;;4;9
1915;20;15;5;5;1;Offensive;Balanced;Balanced;Balanced;Prefers Prospects;Balanced;Very Ruthless;6;14;11;10;12;2;1;7;10;9;1;4;17;7;0;;11;3
1916;20;15;5;5;1;Offensive;Very Non-Physical;Balanced;Balanced;Balanced;Innovative;Loyal;6;12;8;6;4;5;4;5;14;0;1;9;12;3;0;;12;5
1917;20;15;5;5;1;Offensive;Non-physical;Balanced;Very Conservative;Prefers Prospects;Conservative;Balanced;8;2;13;2;3;9;10;8;9;9;7;14;18;7;0;;5;11
1918;20;15;5;5;1;Offensive;Non-physical;Balanced;Balanced;Balanced;Balanced;Very Loyal;13;5;4;13;13;10;10;1;14;3;3;15;13;6;0;;5;6
1919;20;15;5;5;1;Standard;Non-physical;Passive;Conservative;Prefers Veterans;Conservative;Loyal;7;1;9;3;1;4;3;9;11;4;3;9;11;10;0;;8;2
1920;20;15;5;5;1;Offensive;Non-physical;Aggressive;Balanced;Prefers Veterans;Innovative;Very Loyal;14;11;1;14;12;15;4;3;13;5;4;3;18;7;0;;13;5
1921;20;15;5;5;1;Offensive;Balanced;Aggressive;Balanced;Balanced;Innovative;Very Loyal;2;1;13;10;5;8;13;6;7;6;5;12;9;2;0;;3;3
1922;20;15;5;5;1;Offensive;Non-physical;Aggressive;Balanced;Balanced;Balanced;Loyal;8;4;1;1;2;13;15;5;12;9;4;15;15;6;0;;6;11
1923;20;15;5;5;1;Offensive;Non-physical;Passive;Very Aggressive;Prefers Veterans;Conservative;Balanced;3;3;2;13;3;9;6;3;10;2;4;9;10;8;0;;10;4
1924;20;15;5;5;1;Standard;Non-physical;Passive;Conservative;Prefers Prospects;Balanced;Very Ruthless;2;3;13;5;6;3;9;9;14;5;2;9;13;4;0;;11;13
1925;20;15;5;5;1;Offensive;Non-physical;Balanced;Conservative;Balanced;Conservative;Balanced;3;8;13;11;1;9;7;5;7;1;6;5;15;11;0;;9;4
1926;20;15;5;5;1;Standard;Non-physical;Balanced;Balanced;Balanced;Conservative;Balanced;6;4;9;3;5;10;6;1;5;9;3;3;12;6;0;;7;9
1927;20;15;5;5;1;Offensive;Very Non-Physical;Aggressive;Balanced;Balanced;Balanced;Very Loyal;11;7;11;1;2;11;9;7;13;7;5;6;11;3;0;;5;6
1928;20;15;5;5;1;Standard;Non-physical;Balanced;Conservative;Prefers Prospects;Balanced;Balanced;2;6;10;8;2;7;13;4;5;12;6;3;12;6;0;;6;6
1929;20;15;5;5;1;Standard;Balanced;Balanced;Aggressive;Balanced;Balanced;Balanced;9;3;7;13;12;10;12;7;7;2;5;14;13;9;0;;11;11
1930;20;15;5;5;1;Standard;Very Non-Physical;Balanced;Balanced;Prefers Prospects;Innovative;Very Ruthless;1;7;9;4;3;1;10;7;9;8;6;4;15;9;0;;5;6
1931;20;15;5;5;1;Offensive;Non-physical;Balanced;Very Conservative;Balanced;Balanced;Balanced;5;12;1;11;5;10;2;3;3;10;4;13;7;3;0;;10;8
1932;20;15;5;5;1;Standard;Non-physical;Balanced;Balanced;Prefers Prospects;Balanced;Loyal;7;11;13;2;10;8;3;7;8;11;2;12;12;12;0;;11;10
1933;20;15;5;5;1;Very Offensive;Balanced;Aggressive;Conservative;Balanced;Balanced;Very Loyal;4;9;6;4;9;10;3;8;12;11;6;12;10;7;0;;12;8
1934;20;15;5;5;1;Offensive;Non-physical;Balanced;Balanced;Balanced;Balanced;Balanced;2;4;10;8;2;5;1;1;9;8;3;11;10;2;0;;4;5
1935;20;15;5;5;1;Offensive;Very Non-Physical;Balanced;Aggressive;Balanced;Balanced;Ruthless;3;14;3;11;4;13;8;9;10;13;7;16;6;12;0;;15;8
1936;20;15;5;5;1;Standard;Very Non-Physical;Balanced;Conservative;Prefers Veterans;Innovative;Balanced;6;11;2;14;10;11;1;4;10;14;3;10;7;15;0;;3;1
1937;20;15;5;5;1;Very Offensive;Very Non-Physical;Balanced;Very Conservative;Balanced;Innovative;Loyal;5;4;5;2;8;11;4;7;17;8;1;5;11;4;0;;5;14
1938;20;15;5;5;1;Offensive;Very Non-Physical;Balanced;Aggressive;Balanced;Conservative;Very Loyal;7;6;3;8;14;11;11;2;4;9;5;14;13;7;0;;9;4
1939;20;15;5;5;1;Standard;Non-physical;Balanced;Conservative;Balanced;Innovative;Very Loyal;5;12;8;2;12;4;2;4;14;5;8;3;13;10;0;;1;9
1940;20;15;5;5;1;Offensive;Balanced;Passive;Balanced;Prefers Veterans;Balanced;Balanced;12;3;12;11;9;5;3;4;9;8;5;8;14;9;0;;3;14
1941;20;15;5;5;1;Offensive;Balanced;Balanced;Balanced;Prefers Veterans;Balanced;Ruthless;9;5;12;6;6;10;4;1;3;14;2;3;9;6;0;;1;7
1942;20;15;5;5;1;Offensive;Very Non-Physical;Aggressive;Conservative;Balanced;Balanced;Loyal;15;14;2;2;1;14;6;1;12;2;9;8;12;4;0;;9;9
1943;20;15;5;5;1;Standard;Non-physical;Balanced;Conservative;Prefers Prospects;Very Conservative;Balanced;10;13;11;12;9;5;9;7;5;5;3;3;14;12;0;;4;5
1944;20;15;5;5;1;Standard;Very Non-Physical;Very Aggressive;Balanced;Prefers Veterans;Conservative;Balanced;6;2;1;10;11;10;9;7;5;4;5;9;13;12;0;;2;6
1945;20;15;5;5;1;Offensive;Balanced;Balanced;Balanced;Balanced;Balanced;Balanced;7;8;3;8;13;8;1;1;8;1;6;9;7;5;0;;13;1
1946;20;15;5;5;1;Very Offensive;Balanced;Passive;Balanced;Balanced;Balanced;Balanced;2;6;10;7;7;6;12;7;5;4;7;7;7;3;0;;6;4
1947;20;15;5;5;1;Standard;Balanced;Passive;Balanced;Balanced;Innovative;Ruthless;7;2;12;12;6;7;7;3;3;7;9;5;4;1;0;;2;3
1948;20;15;5;5;1;Standard;Non-physical;Passive;Balanced;Prefers Veterans;Conservative;Balanced;9;5;2;3;3;8;10;9;15;2;3;13;4;13;0;;3;9
1949;5;10;20;15;1;Defensive;Non-physical;Very Aggressive;Balanced;Prefers Prospects;Balanced;Loyal;5;12;13;14;10;10;12;8;11;14;4;4;12;4;0;;10;2
1950;5;10;20;15;1;Offensive;Very Non-Physical;Passive;Very Conservative;Prefers Prospects;Very Conservative;Loyal;18;11;5;16;4;9;10;3;11;2;3;3;18;11;0;;8;15
1951;5;10;20;15;1;Defensive;Very Non-Physical;Balanced;Aggressive;Balanced;Innovative;Ruthless;4;12;12;5;5;11;6;8;16;5;4;9;11;9;0;;11;15
1952;5;10;20;15;1;Offensive;Very Non-Physical;Balanced;Conservative;Prefers Prospects;Innovative;Ruthless;7;16;12;17;18;13;6;7;4;6;7;4;9;8;0;;4;1
1953;5;10;20;15;1;Offensive;Very Non-Physical;Passive;Balanced;Balanced;Innovative;Balanced;7;4;12;10;12;15;10;9;14;6;2;8;14;16;0;;13;4
1954;5;10;20;15;1;Standard;Non-physical;Balanced;Balanced;Balanced;Very Conservative;Balanced;18;15;16;7;13;11;8;8;7;12;2;6;8;11;0;;11;8
1955;5;10;20;15;1;Offensive;Very Non-Physical;Aggressive;Aggressive;Balanced;Very Conservative;Very Ruthless;11;8;3;16;8;8;15;7;4;13;6;5;6;19;0;;1;9
1956;5;10;20;15;1;Defensive;Very Non-Physical;Balanced;Balanced;Loves Veterans;Conservative;Loyal;7;16;8;12;10;5;11;2;13;0;8;17;20;9;0;;1;10
1957;5;10;20;15;1;Offensive;Very Non-Physical;Balanced;Balanced;Prefers Prospects;Conservative;Balanced;9;10;7;13;18;8;6;4;14;2;1;12;9;12;0;;3;9
1958;5;10;20;15;1;Defensive;Very Non-Physical;Balanced;Balanced;Loves Prospects;Innovative;Balanced;5;7;9;5;16;12;14;3;3;5;7;15;16;9;0;;6;7
1959;20;15;5;5;1;Standard;Non-physical;Balanced;Conservative;Prefers Prospects;Balanced;Loyal;13;7;9;4;15;10;15;9;15;8;4;3;15;7;0;;5;2
1960;1;10;20;20;1;Standard;Balanced;Balanced;Balanced;Balanced;Balanced;Balanced;9;9;9;9;9;9;9;4;9;4;4;4;9;9;0;;13;12
1961;10;20;20;20;1;Defensive;Balanced;Balanced;Balanced;Balanced;Balanced;Balanced;7;9;5;6;12;4;5;7;6;7;7;7;7;9;0;;13;12
1962;10;20;20;20;1;Standard;Balanced;Balanced;Balanced;Balanced;Balanced;Balanced;6;6;6;6;6;6;6;6;6;6;6;6;6;6;0;;13;12
1963;1;5;20;20;1;Defensive;Balanced;Balanced;Conservative;Balanced;Balanced;Balanced;12;5;4;6;8;4;4;1;6;1;1;1;4;7;0;;13;12
1964;1;10;20;20;1;Standard;Balanced;Balanced;Balanced;Balanced;Balanced;Balanced;4;11;6;5;7;5;6;3;5;3;3;3;4;7;0;;13;12
1965;10;15;16;20;1;Standard;Physical;Balanced;Balanced;Prefers Prospects;Innovative;Ruthless;5;5;5;5;5;5;5;5;5;5;5;5;5;5;0;;16;17
1966;1;15;20;20;1;Standard;Non-physical;Balanced;Balanced;Balanced;Balanced;Balanced;5;12;7;6;8;6;7;5;6;5;5;5;5;8;0;;13;12
1967;10;15;15;20;1;Standard;Physical;Balanced;Conservative;Balanced;Balanced;Balanced;11;5;4;6;7;4;4;6;6;6;6;6;4;6;0;;14;15
1968;1;15;20;20;1;Standard;Balanced;Balanced;Balanced;Balanced;Balanced;Balanced;7;9;15;7;9;11;11;7;8;7;7;7;7;11;0;;13;12
1969;1;5;20;20;1;Standard;Balanced;Balanced;Balanced;Balanced;Balanced;Balanced;13;6;6;6;6;6;6;1;6;1;1;1;6;6;0;;13;12
1970;1;5;20;20;1;Standard;Balanced;Balanced;Balanced;Balanced;Balanced;Balanced;6;6;6;6;6;6;6;1;6;1;1;1;6;6;0;;13;12
1971;1;15;20;20;1;Standard;Balanced;Balanced;Balanced;Balanced;Balanced;Balanced;4;11;6;5;7;5;6;5;5;5;5;5;4;7;0;;13;12
1972;10;20;20;20;1;Standard;Balanced;Balanced;Balanced;Balanced;Balanced;Balanced;6;6;6;6;6;6;6;6;6;6;6;6;6;6;0;;13;12
1973;1;15;20;20;1;Standard;Balanced;Balanced;Balanced;Balanced;Balanced;Balanced;6;6;6;6;6;6;6;4;6;4;4;4;6;6;0;;13;12
1974;20;5;1;1;1;Standard;Balanced;Balanced;Balanced;Balanced;Balanced;Balanced;0;0;0;0;0;0;0;0;0;0;0;0;0;0;0;;10;10
1975;15;20;20;20;1;Standard;Physical;Balanced;Balanced;Prefers Prospects;Balanced;Balanced;5;6;6;9;6;6;6;6;7;6;6;6;3;6;0;;13;12
1976;1;10;20;20;1;Offensive;Very Non-Physical;Balanced;Balanced;Balanced;Balanced;Balanced;5;7;11;7;5;15;6;4;7;4;4;4;9;11;0;;13;13
1977;1;15;20;20;1;Standard;Balanced;Balanced;Balanced;Balanced;Balanced;Balanced;4;6;9;4;6;7;7;4;5;4;4;4;4;7;0;;14;14
1978;1;15;20;20;1;Standard;Balanced;Balanced;Balanced;Balanced;Balanced;Balanced;5;7;11;5;7;8;8;5;6;5;5;5;5;8;0;;13;12
1979;1;10;20;20;1;Standard;Balanced;Balanced;Balanced;Balanced;Balanced;Balanced;7;7;7;7;7;7;7;3;7;3;3;3;7;7;0;;13;12
1980;1;10;20;20;1;Standard;Balanced;Balanced;Balanced;Balanced;Balanced;Balanced;6;6;6;6;6;6;6;3;6;3;3;3;6;6;0;;13;12
1981;1;10;15;20;1;Standard;Balanced;Balanced;Balanced;Balanced;Balanced;Balanced;3;8;4;4;5;4;4;3;4;3;3;3;3;5;0;;14;14
1982;1;10;10;20;1;Standard;Non-physical;Balanced;Balanced;Balanced;Balanced;Balanced;3;3;3;3;3;3;3;3;3;3;3;3;3;3;0;;14;14
1983;1;15;20;20;1;Standard;Balanced;Balanced;Balanced;Balanced;Balanced;Balanced;7;7;7;7;7;7;7;5;7;5;5;5;7;7;0;;14;14
1984;1;10;10;20;1;Standard;Balanced;Balanced;Balanced;Balanced;Balanced;Balanced;3;3;3;3;3;3;3;3;3;3;3;3;3;3;0;;14;14
1985;1;10;15;20;1;Offensive;Balanced;Balanced;Balanced;Balanced;Balanced;Balanced;2;4;6;4;2;8;3;3;4;3;3;3;5;6;0;;15;15
1986;1;10;10;20;1;Standard;Balanced;Balanced;Balanced;Balanced;Balanced;Balanced;3;3;3;3;3;3;3;3;3;3;3;3;3;3;0;;15;15
1987;1;10;10;20;1;Standard;Non-physical;Balanced;Balanced;Balanced;Balanced;Balanced;3;3;3;3;3;3;3;3;3;3;3;3;3;3;0;;15;15
1988;15;20;10;20;1;Standard;Balanced;Balanced;Balanced;Balanced;Balanced;Balanced;3;3;3;3;3;3;3;7;3;7;7;7;3;3;0;;14;14
1989;1;10;10;20;1;Standard;Balanced;Balanced;Balanced;Balanced;Balanced;Balanced;4;4;4;4;4;4;4;4;4;4;4;4;4;4;0;;14;14
1990;10;20;20;20;1;Standard;Balanced;Balanced;Balanced;Balanced;Balanced;Balanced;6;6;6;6;6;6;6;6;6;6;6;6;6;6;0;;14;14
1991;1;10;10;20;1;Standard;Balanced;Balanced;Balanced;Balanced;Balanced;Balanced;3;3;3;3;3;3;3;3;3;3;3;3;3;3;0;;15;16
1992;1;10;10;20;1;Standard;Balanced;Balanced;Balanced;Balanced;Balanced;Balanced;3;3;3;3;3;3;3;3;3;3;3;3;3;3;0;;14;14
1993;1;10;10;20;1;Standard;Balanced;Balanced;Balanced;Balanced;Balanced;Balanced;3;3;3;3;3;3;3;3;3;3;3;3;3;3;0;;14;14
1994;1;10;15;20;1;Defensive;Balanced;Balanced;Conservative;Balanced;Balanced;Balanced;11;5;4;6;8;4;4;4;6;4;4;4;4;7;0;;14;14
1995;10;20;20;20;1;Standard;Balanced;Balanced;Balanced;Balanced;Balanced;Balanced;5;7;11;5;7;8;8;7;6;7;7;7;5;8;0;;13;12
1996;1;10;10;20;1;Standard;Non-physical;Balanced;Balanced;Balanced;Balanced;Balanced;3;3;3;3;3;3;3;3;3;3;3;3;3;3;0;;14;14
1997;1;10;15;20;1;Defensive;Balanced;Balanced;Conservative;Balanced;Balanced;Balanced;8;4;3;4;6;3;3;3;4;3;3;3;3;5;0;;14;14
1998;1;10;10;20;1;Standard;Balanced;Balanced;Balanced;Balanced;Balanced;Balanced;4;4;4;4;4;4;4;4;4;4;4;4;4;4;0;;14;14
1999;1;10;10;20;1;Standard;Balanced;Balanced;Balanced;Balanced;Balanced;Balanced;3;3;3;3;3;3;3;3;3;3;3;3;3;3;0;;14;14
2000;1;10;10;20;1;Standard;Balanced;Balanced;Balanced;Balanced;Balanced;Balanced;3;3;3;3;3;3;3;3;3;3;3;3;3;3;0;;14;14
2001;1;10;10;20;1;Standard;Non-physical;Balanced;Balanced;Balanced;Balanced;Balanced;3;3;3;3;3;3;3;3;3;3;3;3;3;3;0;;14;14
2002;1;4;18;20;1;Standard;Balanced;Balanced;Balanced;Balanced;Innovative;Balanced;6;6;6;6;6;6;6;1;6;1;1;1;6;6;0;;13;12
2003;1;10;15;20;1;Standard;Non-physical;Balanced;Balanced;Balanced;Balanced;Balanced;4;4;4;4;4;4;4;3;4;3;3;3;4;4;0;;14;14
2004;1;5;20;20;1;Standard;Physical;Balanced;Balanced;Balanced;Balanced;Balanced;6;15;9;7;10;7;9;2;7;2;2;2;6;10;0;;13;12
2005;1;10;10;20;1;Standard;Non-physical;Balanced;Balanced;Balanced;Balanced;Balanced;3;3;3;3;3;3;3;3;3;3;3;3;3;3;0;;14;14
2006;1;10;10;20;1;Standard;Balanced;Balanced;Balanced;Balanced;Balanced;Balanced;3;3;3;3;3;3;3;3;3;3;3;3;3;3;0;;14;14
2007;20;5;1;1;1;Standard;Balanced;Balanced;Balanced;Balanced;Balanced;Balanced;3;3;3;3;3;3;3;7;7;7;8;7;7;7;0;;5;5
2008;1;1;5;1;20;Standard;Balanced;Balanced;Balanced;Balanced;Balanced;Loyal;1;1;1;1;1;1;1;0;1;0;0;0;1;1;14;;8;8
2009;1;10;10;20;1;Standard;Balanced;Balanced;Balanced;Balanced;Balanced;Balanced;3;3;3;3;3;3;3;3;3;3;3;3;3;3;0;;14;14
2010;20;5;1;1;1;Standard;Balanced;Balanced;Balanced;Balanced;Balanced;Balanced;0;0;0;0;0;0;0;0;0;0;0;0;0;0;0;;10;10
2011;1;5;20;20;1;Standard;Balanced;Balanced;Balanced;Balanced;Balanced;Balanced;7;7;7;7;7;7;7;1;7;1;1;1;7;7;0;;13;12
2012;1;10;15;20;1;Standard;Balanced;Balanced;Balanced;Balanced;Balanced;Balanced;4;11;6;5;7;5;6;4;5;4;4;4;4;7;0;;15;15
2013;1;10;10;20;1;Standard;Balanced;Balanced;Balanced;Balanced;Balanced;Balanced;3;3;3;3;3;3;3;3;3;3;3;3;3;3;0;;14;14
2014;1;10;10;20;1;Standard;Non-physical;Balanced;Balanced;Balanced;Balanced;Balanced;4;4;4;4;4;4;4;4;4;4;4;4;4;4;0;;14;14
2015;1;10;10;20;1;Standard;Balanced;Balanced;Balanced;Balanced;Balanced;Balanced;3;3;3;3;3;3;3;3;3;3;3;3;3;3;0;;14;14
2016;1;1;15;20;1;Standard;Balanced;Balanced;Balanced;Balanced;Balanced;Balanced;4;4;4;4;4;4;4;0;4;0;0;0;4;4;0;;13;12
2017;20;5;1;1;1;Standard;Balanced;Balanced;Balanced;Balanced;Balanced;Balanced;0;0;0;0;0;0;0;0;0;0;0;0;0;0;0;;10;10
2018;1;10;15;20;1;Standard;Balanced;Balanced;Balanced;Balanced;Balanced;Balanced;4;10;6;5;7;5;6;4;5;4;4;4;4;7;0;;14;14
2019;1;10;10;20;1;Standard;Balanced;Balanced;Balanced;Balanced;Balanced;Balanced;3;3;3;3;3;3;3;3;3;3;3;3;3;3;0;;14;14
2020;1;5;20;20;1;Standard;Balanced;Balanced;Balanced;Balanced;Balanced;Balanced;4;11;6;5;7;5;6;1;5;1;1;1;4;7;0;;13;12
2021;1;5;20;20;1;Standard;Balanced;Balanced;Balanced;Balanced;Balanced;Balanced;6;6;6;6;6;6;6;1;6;1;1;1;6;6;0;;13;12
2022;1;10;15;20;1;Standard;Non-physical;Balanced;Balanced;Balanced;Balanced;Balanced;3;5;8;3;5;6;6;3;4;3;3;3;3;6;0;;14;14
2023;1;10;15;20;1;Standard;Balanced;Balanced;Balanced;Balanced;Balanced;Balanced;3;5;8;3;5;6;6;3;4;3;3;3;3;6;0;;14;14
2024;1;10;10;20;1;Standard;Non-physical;Balanced;Balanced;Balanced;Balanced;Balanced;3;3;3;3;3;3;3;3;3;3;3;3;3;3;0;;14;14
2025;1;10;10;20;1;Standard;Non-physical;Balanced;Balanced;Balanced;Balanced;Balanced;3;3;3;3;3;3;3;3;3;3;3;3;3;3;0;;14;14
2026;1;10;10;20;1;Standard;Balanced;Balanced;Balanced;Balanced;Balanced;Balanced;4;4;4;4;4;4;4;4;4;4;4;4;4;4;0;;14;14
2027;20;5;1;1;1;Standard;Balanced;Balanced;Balanced;Balanced;Balanced;Ruthless;0;0;0;0;0;0;0;0;0;0;0;0;0;0;0;;10;10
2028;1;10;10;20;1;Standard;Balanced;Balanced;Balanced;Balanced;Balanced;Balanced;3;3;3;3;3;3;3;3;3;3;3;3;3;3;0;;14;14
2029;1;10;10;20;1;Standard;Non-physical;Balanced;Balanced;Balanced;Balanced;Balanced;3;3;3;3;3;3;3;3;3;3;3;3;3;3;0;;14;14
2030;1;10;20;20;1;Standard;Balanced;Balanced;Balanced;Balanced;Balanced;Balanced;7;7;7;7;7;7;7;3;7;3;3;3;7;7;0;;13;12
2031;1;10;10;20;1;Standard;Balanced;Balanced;Balanced;Balanced;Balanced;Balanced;3;3;3;3;3;3;3;3;3;3;3;3;3;3;0;;14;14
2032;1;10;10;20;1;Standard;Balanced;Balanced;Balanced;Balanced;Balanced;Balanced;3;3;3;3;3;3;3;3;3;3;3;3;3;3;0;;14;14
2033;0;20;15;0;0;Very Defensive;Very Physical;Balanced;Balanced;Balanced;Balanced;Balanced;7;7;7;7;7;7;7;7;7;7;7;7;7;7;0;;0;0
2034;20;15;5;5;1;Offensive;Balanced;Passive;Conservative;Prefers Veterans;Balanced;Ruthless;5;1;11;1;8;1;15;7;7;0;4;8;9;8;0;;9;3
2035;5;10;20;15;1;Defensive;Physical;Passive;Conservative;Balanced;Balanced;Very Ruthless;7;16;16;3;7;16;16;4;12;8;8;12;12;4;0;;15;9
2036;5;10;20;15;1;Defensive;Physical;Balanced;Balanced;Balanced;Balanced;Balanced;12;10;15;11;3;7;14;8;7;9;8;11;8;10;0;;5;11
2037;5;10;20;15;1;Defensive;Physical;Balanced;Balanced;Balanced;Balanced;Ruthless;13;7;15;18;6;10;13;2;6;10;6;3;18;3;0;;10;5
2038;5;10;20;15;1;Offensive;Physical;Aggressive;Balanced;Balanced;Balanced;Balanced;9;14;13;11;7;11;9;2;7;7;2;11;19;15;0;;13;2
2039;5;10;20;15;1;Defensive;Physical;Very Passive;Conservative;Balanced;Very Innovative;Balanced;6;11;17;10;11;10;20;5;9;10;4;12;14;12;0;;10;14
2040;5;10;20;15;1;Standard;Balanced;Passive;Balanced;Prefers Veterans;Balanced;Loyal;18;4;17;10;11;6;15;6;7;7;6;15;11;9;0;;3;4
2041;5;10;20;15;1;Standard;Physical;Balanced;Balanced;Prefers Veterans;Balanced;Balanced;15;17;18;12;11;13;4;3;15;7;5;14;19;12;0;;10;8
2042;5;10;20;15;1;Offensive;Physical;Aggressive;Aggressive;Prefers Veterans;Conservative;Loyal;17;3;10;14;7;16;11;5;12;13;3;17;11;3;0;;5;15
2043;5;10;20;15;1;Defensive;Physical;Balanced;Balanced;Balanced;Very Innovative;Loyal;14;7;3;12;4;14;8;2;15;9;2;8;18;13;0;;4;4
2044;5;10;20;15;1;Defensive;Physical;Balanced;Balanced;Prefers Prospects;Innovative;Loyal;6;11;17;6;5;3;17;9;8;5;1;10;15;17;0;;8;7
2045;5;10;20;15;1;Standard;Physical;Balanced;Aggressive;Balanced;Conservative;Balanced;14;4;17;10;7;6;14;4;14;13;1;4;17;5;0;;14;15
2046;5;10;20;15;1;Standard;Physical;Balanced;Very Aggressive;Balanced;Balanced;Very Loyal;8;5;14;8;19;17;6;10;4;13;8;8;8;17;0;;5;4
2047;5;10;20;15;1;Offensive;Balanced;Very Passive;Balanced;Balanced;Conservative;Balanced;8;10;12;13;4;8;17;3;16;6;1;5;15;6;0;;8;2
2048;5;10;20;15;1;Standard;Balanced;Balanced;Balanced;Balanced;Very Conservative;Loyal;16;15;6;14;17;16;3;9;14;12;9;14;16;4;0;;6;8
2049;5;10;20;15;1;Standard;Physical;Balanced;Balanced;Prefers Veterans;Balanced;Ruthless;14;17;12;19;17;9;7;2;7;14;4;15;8;13;0;;7;14
2050;5;10;20;15;1;Offensive;Physical;Balanced;Balanced;Prefers Veterans;Balanced;Balanced;11;9;4;17;12;10;13;4;6;12;6;17;9;13;0;;2;10
2051;5;10;20;15;1;Standard;Physical;Very Passive;Conservative;Prefers Prospects;Conservative;Balanced;3;6;6;3;9;11;5;8;13;6;8;9;15;4;0;;11;9
2052;5;10;20;15;1;Offensive;Physical;Balanced;Aggressive;Prefers Prospects;Balanced;Very Loyal;16;4;15;15;12;3;10;4;9;0;1;5;7;5;0;;5;12
2053;20;15;5;5;1;Standard;Balanced;Aggressive;Balanced;Prefers Veterans;Balanced;Loyal;1;2;11;14;5;13;9;6;3;1;7;12;17;6;0;;5;9
2054;5;10;20;15;1;Offensive;Physical;Balanced;Aggressive;Balanced;Innovative;Balanced;14;6;4;14;11;11;14;8;16;0;1;17;10;14;0;;15;11
2055;5;10;20;15;1;Standard;Balanced;Balanced;Very Aggressive;Balanced;Innovative;Very Loyal;9;6;18;12;13;12;9;9;6;1;8;5;20;15;0;;7;8
2056;5;10;20;15;1;Offensive;Non-physical;Balanced;Balanced;Balanced;Innovative;Loyal;15;5;6;14;9;15;14;9;9;14;8;10;20;17;0;;9;10
2057;5;10;20;15;1;Offensive;Balanced;Aggressive;Balanced;Prefers Prospects;Balanced;Loyal;4;15;5;4;13;9;3;4;12;9;9;8;20;4;0;;14;3
2058;5;10;20;15;1;Offensive;Physical;Balanced;Conservative;Balanced;Balanced;Balanced;18;16;4;4;16;17;10;1;14;1;6;15;20;10;0;;1;14
2059;1;15;20;20;1;Standard;Balanced;Balanced;Balanced;Balanced;Balanced;Balanced;4;11;6;5;7;5;6;4;5;4;4;4;4;7;0;;13;12
2060;15;20;10;20;1;Standard;Balanced;Balanced;Balanced;Balanced;Balanced;Balanced;3;3;3;3;3;3;3;6;3;6;6;6;3;3;0;;14;14
2061;1;15;20;20;1;Offensive;Balanced;Balanced;Balanced;Balanced;Balanced;Balanced;4;6;9;4;6;7;7;4;5;4;4;4;4;7;0;;13;12
2062;1;10;10;20;1;Standard;Balanced;Balanced;Balanced;Balanced;Balanced;Balanced;2;2;2;2;2;2;2;2;2;2;2;2;2;2;0;;14;14
2063;1;10;10;20;1;Defensive;Balanced;Balanced;Conservative;Balanced;Balanced;Balanced;4;2;1;2;3;1;1;2;2;2;2;2;1;3;0;;14;14
2064;1;15;20;20;1;Defensive;Balanced;Balanced;Balanced;Balanced;Balanced;Balanced;7;9;5;6;12;4;5;5;6;5;5;5;7;9;0;;13;12
2065;1;15;20;20;1;Standard;Balanced;Balanced;Balanced;Balanced;Balanced;Balanced;4;6;10;4;6;7;7;5;5;5;5;5;4;7;0;;13;12
2066;1;10;20;20;1;Defensive;Balanced;Aggressive;Balanced;Balanced;Balanced;Balanced;6;8;4;5;10;3;4;3;5;3;3;3;6;8;0;;13;12
2067;1;5;20;20;1;Defensive;Balanced;Balanced;Conservative;Balanced;Balanced;Balanced;13;5;4;6;8;4;4;1;6;1;1;1;4;7;0;;13;12
2068;1;15;20;20;1;Offensive;Non-physical;Balanced;Balanced;Balanced;Balanced;Balanced;3;5;8;5;3;10;4;4;5;4;4;4;6;8;0;;13;12
2069;1;15;20;20;1;Standard;Balanced;Balanced;Balanced;Balanced;Balanced;Balanced;4;10;6;5;7;5;6;4;5;4;4;4;4;7;0;;13;12
2070;10;20;20;20;1;Very Offensive;Balanced;Balanced;Balanced;Balanced;Balanced;Balanced;3;5;8;5;3;10;4;6;5;6;6;6;6;8;0;;13;12
2071;1;5;20;20;1;Defensive;Balanced;Balanced;Balanced;Balanced;Balanced;Balanced;6;8;4;5;10;3;4;1;5;1;1;1;6;8;0;;13;12
2072;10;20;20;20;1;Standard;Physical;Balanced;Balanced;Prefers Prospects;Balanced;Balanced;7;7;7;7;7;7;7;7;7;7;7;7;7;7;0;;14;14
2073;1;10;10;20;1;Standard;Non-physical;Balanced;Balanced;Balanced;Balanced;Balanced;3;3;3;3;3;3;3;3;3;3;3;3;3;3;0;;14;14
2074;1;10;10;20;1;Standard;Balanced;Balanced;Balanced;Balanced;Balanced;Balanced;3;3;3;3;3;3;3;3;3;3;3;3;3;3;0;;14;14
2075;1;15;20;20;1;Standard;Balanced;Balanced;Balanced;Balanced;Balanced;Balanced;7;7;7;7;7;7;7;5;7;5;5;5;7;7;0;;14;14
2076;1;10;10;20;1;Standard;Balanced;Balanced;Balanced;Balanced;Balanced;Balanced;2;2;2;2;2;2;2;2;2;2;2;2;2;2;0;;14;14
2077;1;5;20;20;1;Standard;Balanced;Balanced;Conservative;Balanced;Balanced;Balanced;10;4;4;5;7;4;4;1;5;1;1;1;4;6;0;;13;12
2078;1;15;20;20;1;Standard;Balanced;Balanced;Balanced;Balanced;Balanced;Balanced;6;6;6;6;6;6;6;5;6;5;5;5;6;6;0;;13;12
2079;1;10;20;20;1;Standard;Balanced;Balanced;Balanced;Balanced;Balanced;Balanced;5;5;5;5;5;5;5;2;5;2;2;2;5;5;0;;14;14
2080;10;20;10;20;1;Standard;Balanced;Balanced;Balanced;Balanced;Balanced;Balanced;2;2;2;2;2;2;2;5;2;5;5;5;2;2;0;;14;14
2081;1;10;15;20;1;Standard;Non-physical;Balanced;Balanced;Balanced;Balanced;Balanced;2;6;4;3;4;3;4;2;3;2;2;2;2;4;0;;14;14
2082;10;20;15;20;1;Offensive;Physical;Balanced;Balanced;Balanced;Balanced;Balanced;3;4;7;3;4;5;5;6;4;6;6;6;3;5;0;;14;14
2083;1;10;15;20;1;Standard;Balanced;Balanced;Balanced;Balanced;Balanced;Balanced;2;4;6;2;4;4;4;2;3;2;2;2;2;4;0;;14;14
2084;1;10;10;20;1;Standard;Balanced;Balanced;Balanced;Balanced;Balanced;Balanced;2;2;2;2;2;2;2;2;2;2;2;2;2;2;0;;14;14
2085;1;10;10;20;1;Standard;Balanced;Balanced;Balanced;Balanced;Balanced;Balanced;2;2;2;2;2;2;2;2;2;2;2;2;2;2;0;;14;14
2086;1;10;15;20;1;Defensive;Balanced;Balanced;Conservative;Balanced;Balanced;Balanced;8;3;3;4;5;3;3;2;4;2;2;2;3;5;0;;14;14
2087;1;10;20;20;1;Standard;Balanced;Balanced;Balanced;Balanced;Balanced;Balanced;7;7;7;7;7;7;7;3;7;3;3;3;7;7;0;;13;12
2088;1;10;20;20;1;Standard;Balanced;Balanced;Balanced;Balanced;Balanced;Balanced;5;5;5;5;5;5;5;2;5;2;2;2;5;5;0;;13;12
2089;1;5;20;20;1;Defensive;Non-physical;Balanced;Balanced;Balanced;Balanced;Balanced;8;8;8;8;8;8;8;2;8;2;2;2;8;8;0;;13;12
2090;1;5;20;20;1;Standard;Balanced;Balanced;Balanced;Balanced;Balanced;Balanced;6;6;6;6;6;6;6;1;6;1;1;1;6;6;0;;13;12
2091;1;10;20;20;1;Standard;Balanced;Balanced;Balanced;Balanced;Balanced;Balanced;5;5;5;5;5;5;5;2;5;2;2;2;5;5;0;;13;12
2092;1;10;10;20;1;Standard;Balanced;Balanced;Balanced;Balanced;Balanced;Balanced;2;2;2;2;2;2;2;2;2;2;2;2;2;2;0;;14;14
2093;1;10;15;20;1;Standard;Physical;Balanced;Balanced;Balanced;Balanced;Balanced;4;4;4;4;4;4;4;2;4;2;2;2;4;4;0;;15;14
2094;20;5;1;1;1;Standard;Balanced;Balanced;Balanced;Balanced;Very Innovative;Very Ruthless;0;0;0;0;0;0;0;1;0;1;1;1;0;0;0;;5;5
2095;1;10;10;20;1;Standard;Balanced;Balanced;Balanced;Balanced;Balanced;Balanced;2;2;2;2;2;2;2;2;2;2;2;2;2;2;0;;14;14
2096;1;10;10;20;1;Standard;Balanced;Balanced;Balanced;Balanced;Balanced;Balanced;3;3;3;3;3;3;3;3;3;3;3;3;3;3;0;;14;14
2097;1;10;10;20;1;Standard;Balanced;Balanced;Balanced;Balanced;Balanced;Balanced;2;2;2;2;2;2;2;2;2;2;2;2;2;2;0;;14;14
2098;1;10;10;20;1;Standard;Non-physical;Balanced;Balanced;Balanced;Balanced;Balanced;2;2;2;2;2;2;2;2;2;2;2;2;2;2;0;;14;14
2099;1;10;10;20;1;Standard;Balanced;Balanced;Balanced;Balanced;Balanced;Balanced;2;2;2;2;2;2;2;2;2;2;2;2;2;2;0;;14;14
2100;1;10;10;20;1;Standard;Balanced;Balanced;Balanced;Balanced;Balanced;Balanced;2;2;2;2;2;2;2;2;2;2;2;2;2;2;0;;14;14
2101;1;10;10;20;1;Standard;Non-physical;Balanced;Balanced;Balanced;Balanced;Balanced;3;3;3;3;3;3;3;3;3;3;3;3;3;3;0;;15;16
2102;1;5;20;20;1;Standard;Non-physical;Balanced;Balanced;Balanced;Balanced;Balanced;5;5;5;5;5;5;5;1;5;1;1;1;5;5;0;;13;12
2103;1;5;20;20;1;Standard;Balanced;Balanced;Balanced;Balanced;Balanced;Balanced;6;6;6;6;6;6;6;1;6;1;1;1;6;6;0;;13;12
2104;1;10;10;20;1;Standard;Balanced;Balanced;Balanced;Balanced;Balanced;Balanced;2;2;2;2;2;2;2;2;2;2;2;2;2;2;0;;14;14
2105;1;10;10;20;1;Standard;Balanced;Balanced;Balanced;Balanced;Balanced;Balanced;2;2;2;2;2;2;2;2;2;2;2;2;2;2;0;;14;14
2106;1;10;17;20;1;Standard;Physical;Balanced;Balanced;Balanced;Balanced;Balanced;3;8;4;4;5;4;4;2;4;2;2;2;3;5;0;;13;15
2107;1;10;10;20;1;Standard;Balanced;Balanced;Balanced;Balanced;Balanced;Balanced;2;2;2;2;2;2;2;2;2;2;2;2;2;2;0;;14;14
2108;1;5;20;15;1;Standard;Non-physical;Balanced;Balanced;Prefers Prospects;Innovative;Balanced;4;4;4;4;4;4;4;1;4;1;1;1;4;4;0;;9;10
2109;1;5;20;20;1;Standard;Balanced;Balanced;Balanced;Balanced;Balanced;Balanced;5;5;5;5;5;5;5;1;5;1;1;1;5;5;0;;13;12
2110;1;15;5;20;1;Standard;Balanced;Balanced;Balanced;Balanced;Balanced;Very Loyal;1;1;1;1;1;1;1;4;1;4;4;4;1;1;0;;13;11
2111;1;5;20;20;1;Standard;Balanced;Balanced;Balanced;Balanced;Balanced;Balanced;5;5;5;5;5;5;5;1;5;1;1;1;5;5;0;;13;12
2112;1;10;10;20;1;Standard;Balanced;Balanced;Balanced;Balanced;Balanced;Balanced;3;3;3;3;3;3;3;3;3;3;3;3;3;3;0;;14;14
2113;1;1;5;1;20;Standard;Balanced;Balanced;Balanced;Balanced;Balanced;Balanced;1;1;1;1;1;1;1;0;1;0;0;0;1;1;18;;5;5
2114;1;1;5;1;20;Standard;Physical;Very Passive;Very Aggressive;Prefers Prospects;Balanced;Balanced;0;0;0;0;0;0;0;6;0;0;6;0;0;0;15;;0;0
2115;1;1;5;1;20;Offensive;Balanced;Passive;Aggressive;Balanced;Balanced;Balanced;0;0;0;0;0;0;0;8;0;0;2;0;0;0;18;;0;0
2116;1;1;5;1;20;Standard;Very Physical;Balanced;Aggressive;Balanced;Very Conservative;Very Loyal;0;0;0;0;0;0;0;9;0;0;7;0;0;0;17;;0;0
2117;0;20;15;0;0;Very Defensive;Very Physical;Balanced;Balanced;Balanced;Balanced;Balanced;7;7;7;7;7;7;7;7;7;7;7;7;7;7;0;;0;0
2118;5;10;20;15;1;Offensive;Physical;Passive;Conservative;Balanced;Balanced;Ruthless;16;10;8;15;14;6;15;8;7;7;2;17;19;4;0;;12;10
2119;5;10;20;15;1;Defensive;Physical;Balanced;Aggressive;Prefers Prospects;Innovative;Balanced;15;17;11;14;5;18;5;4;5;11;7;10;18;15;0;;3;4
2120;5;10;20;15;1;Offensive;Balanced;Balanced;Very Conservative;Balanced;Conservative;Very Loyal;14;12;10;9;17;11;14;5;15;10;2;5;12;4;0;;5;5
2121;5;10;20;15;1;Standard;Balanced;Aggressive;Balanced;Loves Veterans;Conservative;Ruthless;5;16;6;11;5;3;5;7;8;14;1;5;13;12;0;;8;11
2122;5;10;20;15;1;Defensive;Physical;Balanced;Balanced;Prefers Veterans;Balanced;Balanced;7;12;15;11;13;10;12;5;10;11;9;6;16;8;0;;5;10
2123;5;10;20;15;1;Offensive;Physical;Balanced;Aggressive;Loves Veterans;Conservative;Balanced;6;12;6;12;10;8;6;4;10;1;9;3;9;8;0;;11;9
2124;5;10;20;15;1;Standard;Very Physical;Passive;Balanced;Balanced;Balanced;Loyal;3;4;15;12;14;10;12;9;16;12;6;15;7;9;0;;4;13
2125;5;10;20;15;1;Standard;Physical;Passive;Balanced;Balanced;Conservative;Loyal;14;12;14;9;7;13;13;8;7;0;9;4;9;10;0;;4;12
2126;5;10;20;15;1;Offensive;Balanced;Balanced;Balanced;Balanced;Innovative;Loyal;17;7;7;12;13;16;12;1;15;7;2;16;18;3;0;;9;8
2127;5;10;20;15;1;Standard;Balanced;Very Passive;Aggressive;Balanced;Balanced;Ruthless;9;4;11;8;16;9;9;8;4;10;9;15;15;7;0;;1;1
2128;20;15;5;5;1;Offensive;Balanced;Balanced;Conservative;Balanced;Balanced;Balanced;4;14;1;15;3;12;11;4;3;12;1;12;16;3;0;;7;12
2129;5;10;20;15;1;Offensive;Physical;Very Aggressive;Conservative;Balanced;Balanced;Balanced;15;8;14;14;15;4;15;4;10;10;1;17;15;12;0;;3;8
2130;5;10;20;15;1;Defensive;Balanced;Balanced;Balanced;Balanced;Conservative;Loyal;15;4;6;7;16;4;17;5;13;0;6;16;18;5;0;;13;11
2131;5;10;20;15;1;Offensive;Physical;Balanced;Balanced;Balanced;Innovative;Balanced;15;18;8;5;15;3;8;2;15;5;7;13;11;13;0;;2;6
2132;5;10;20;15;1;Offensive;Physical;Balanced;Balanced;Balanced;Balanced;Ruthless;7;5;8;8;9;6;16;4;10;13;1;4;12;16;0;;2;4
2133;5;10;20;15;1;Standard;Physical;Balanced;Balanced;Prefers Prospects;Conservative;Very Ruthless;6;16;6;9;13;9;13;1;4;12;5;13;8;5;0;;7;9
2134;20;15;5;5;1;Defensive;Physical;Passive;Balanced;Balanced;Conservative;Loyal;4;8;3;15;14;10;6;8;8;0;9;14;17;12;0;;4;7
2135;5;10;20;15;1;Offensive;Physical;Balanced;Aggressive;Prefers Veterans;Conservative;Balanced;17;4;3;6;6;5;6;2;14;11;7;15;12;11;0;;8;11
2136;5;10;20;15;1;Offensive;Balanced;Passive;Balanced;Balanced;Innovative;Ruthless;12;10;3;7;10;17;6;8;13;11;5;3;10;11;0;;14;9
2137;5;10;20;15;1;Standard;Physical;Aggressive;Balanced;Prefers Prospects;Innovative;Balanced;4;7;7;3;16;17;12;9;10;2;6;8;9;18;0;;3;15
2138;5;10;20;15;1;Standard;Balanced;Balanced;Balanced;Balanced;Balanced;Very Ruthless;5;4;17;12;12;7;16;3;4;3;7;3;7;6;0;;4;6
2139;5;10;20;15;1;Defensive;Physical;Passive;Aggressive;Balanced;Balanced;Balanced;5;12;6;6;15;14;11;1;7;0;2;14;20;12;0;;12;2
2140;20;15;5;5;1;Offensive;Physical;Balanced;Balanced;Balanced;Conservative;Balanced;6;2;12;1;8;13;7;9;8;1;4;7;12;3;0;;4;11
2141;5;10;20;15;1;Defensive;Very Physical;Balanced;Balanced;Balanced;Innovative;Very Ruthless;18;8;8;5;4;17;16;3;10;3;4;11;14;14;0;;13;6
2142;5;10;20;15;1;Defensive;Balanced;Passive;Aggressive;Balanced;Balanced;Ruthless;11;7;7;3;17;17;3;5;16;1;1;9;8;8;0;;15;3
2143;5;10;20;15;1;Standard;Physical;Passive;Aggressive;Balanced;Conservative;Ruthless;6;14;6;12;16;3;12;2;6;5;6;6;14;5;0;;14;4
2144;5;10;20;15;1;Standard;Balanced;Aggressive;Aggressive;Loves Veterans;Balanced;Ruthless;18;7;9;9;3;10;16;9;8;0;9;17;16;9;0;;10;12
2145;5;10;20;15;1;Offensive;Physical;Balanced;Conservative;Balanced;Balanced;Loyal;15;13;6;8;10;6;16;5;7;4;9;6;16;10;0;;4;9
2146;5;10;20;15;1;Offensive;Balanced;Passive;Balanced;Balanced;Balanced;Balanced;18;10;5;11;7;8;5;2;9;0;4;9;13;15;0;;9;2
2147;5;10;20;15;1;Standard;Physical;Balanced;Very Conservative;Balanced;Balanced;Balanced;17;15;17;4;11;4;16;1;11;3;5;6;16;6;0;;4;15
2148;5;10;20;15;1;Standard;Physical;Very Passive;Conservative;Loves Veterans;Balanced;Balanced;11;5;8;3;4;17;13;1;7;4;7;12;13;15;0;;1;13
2149;5;10;20;15;1;Defensive;Physical;Balanced;Conservative;Balanced;Balanced;Loyal;10;4;9;13;9;5;14;7;11;2;1;16;16;11;0;;1;4
2150;5;10;20;15;1;Offensive;Physical;Passive;Balanced;Balanced;Balanced;Very Loyal;15;3;16;5;18;17;5;5;3;10;4;7;18;15;0;;8;7
2151;5;10;20;15;1;Offensive;Balanced;Balanced;Balanced;Prefers Veterans;Balanced;Balanced;10;7;5;6;4;7;16;5;5;13;3;7;6;5;0;;5;3
2152;5;10;20;15;1;Offensive;Physical;Balanced;Aggressive;Balanced;Conservative;Balanced;11;7;7;6;17;13;17;5;10;1;9;7;15;15;0;;8;10
2153;5;10;20;15;1;Standard;Balanced;Balanced;Aggressive;Balanced;Conservative;Ruthless;4;3;4;9;9;3;14;9;11;8;7;16;11;18;0;;3;12
2154;5;10;20;15;1;Standard;Very Non-Physical;Balanced;Balanced;Prefers Prospects;Balanced;Very Ruthless;10;14;13;9;18;11;3;4;5;14;4;12;9;3;0;;4;9
2155;5;10;20;15;1;Offensive;Balanced;Passive;Balanced;Prefers Prospects;Innovative;Very Loyal;16;16;4;12;15;17;13;1;12;7;4;5;15;10;0;;15;7
2156;5;10;20;15;1;Standard;Non-physical;Passive;Very Conservative;Prefers Prospects;Innovative;Balanced;10;17;3;4;14;11;11;3;9;6;3;7;17;12;0;;11;2
2157;5;10;20;15;1;Offensive;Balanced;Balanced;Balanced;Loves Prospects;Balanced;Ruthless;6;15;4;5;8;5;3;2;10;0;3;15;7;7;0;;1;1
2158;5;10;20;15;1;Standard;Balanced;Aggressive;Very Aggressive;Prefers Veterans;Balanced;Loyal;15;5;4;6;18;4;3;6;4;1;5;13;14;11;0;;2;7
2159;5;10;20;15;1;Offensive;Non-physical;Very Passive;Aggressive;Prefers Prospects;Very Innovative;Balanced;10;12;16;11;10;8;7;2;11;5;1;6;17;11;0;;2;11
2160;5;10;20;15;1;Offensive;Balanced;Aggressive;Conservative;Loves Veterans;Balanced;Balanced;14;7;14;17;8;8;3;8;10;10;3;14;13;3;0;;12;9
2161;5;10;20;15;1;Offensive;Balanced;Balanced;Balanced;Balanced;Balanced;Balanced;5;16;4;7;3;5;8;7;14;2;3;9;16;9;0;;5;9
2162;5;10;20;15;1;Offensive;Balanced;Balanced;Aggressive;Balanced;Balanced;Ruthless;7;3;3;4;13;19;11;5;9;9;8;5;10;14;0;;12;3
2163;5;10;20;15;1;Defensive;Very Non-Physical;Passive;Balanced;Loves Veterans;Balanced;Loyal;6;7;7;8;4;14;4;7;12;1;8;5;16;5;0;;9;2
2164;5;10;20;15;1;Offensive;Very Non-Physical;Balanced;Balanced;Balanced;Balanced;Balanced;17;8;7;11;16;10;16;10;10;0;3;5;13;4;0;;15;9
2165;5;10;20;15;1;Offensive;Non-physical;Passive;Very Aggressive;Prefers Prospects;Very Innovative;Very Ruthless;3;6;12;10;14;6;7;9;11;2;7;12;10;8;0;;9;7
2166;5;10;20;15;1;Offensive;Non-physical;Passive;Balanced;Balanced;Conservative;Balanced;13;18;3;15;11;11;9;8;4;9;8;14;17;4;0;;15;7
2167;5;10;20;15;1;Offensive;Non-physical;Balanced;Balanced;Balanced;Balanced;Balanced;3;4;10;11;10;17;12;6;5;8;9;6;18;13;0;;13;10
2168;5;10;20;15;1;Offensive;Balanced;Balanced;Conservative;Prefers Prospects;Balanced;Balanced;14;8;5;11;6;7;13;7;14;8;6;10;15;11;0;;5;3
2169;5;10;20;15;1;Offensive;Non-physical;Very Passive;Aggressive;Balanced;Very Innovative;Loyal;10;17;6;16;17;3;5;5;4;4;8;4;19;5;0;;8;13
2170;5;10;20;15;1;Offensive;Non-physical;Aggressive;Balanced;Prefers Prospects;Balanced;Balanced;7;5;12;10;9;8;7;6;9;3;2;13;14;7;0;;1;2
2171;15;15;16;20;1;Standard;Non-physical;Balanced;Balanced;Balanced;Balanced;Balanced;4;5;9;4;5;6;6;4;4;4;4;4;4;6;0;;15;15
2172;1;10;20;20;1;Standard;Balanced;Balanced;Balanced;Balanced;Balanced;Balanced;4;4;4;4;4;4;4;2;4;2;2;2;4;4;0;;13;12
2173;10;20;20;20;1;Defensive;Balanced;Balanced;Conservative;Balanced;Balanced;Balanced;10;4;3;5;6;3;3;5;5;5;5;5;3;6;0;;13;12
2174;1;10;10;20;1;Standard;Balanced;Balanced;Balanced;Balanced;Balanced;Balanced;2;2;2;2;2;2;2;2;2;2;2;2;2;2;0;;14;14
2175;1;10;10;20;1;Standard;Balanced;Balanced;Balanced;Balanced;Balanced;Balanced;2;2;2;2;2;2;2;2;2;2;2;2;2;2;0;;14;14
2176;1;5;20;20;1;Standard;Balanced;Balanced;Conservative;Balanced;Conservative;Loyal;11;5;4;6;8;4;4;3;6;3;3;3;4;7;0;;13;12
2177;15;20;15;20;1;Standard;Balanced;Balanced;Balanced;Balanced;Balanced;Balanced;3;3;3;3;3;3;3;4;3;4;4;4;3;3;0;;14;14
2178;1;10;10;20;1;Standard;Balanced;Balanced;Balanced;Balanced;Balanced;Balanced;2;2;2;2;2;2;2;2;2;2;2;2;2;2;0;;14;14
2179;1;15;20;20;1;Standard;Balanced;Balanced;Balanced;Balanced;Balanced;Balanced;6;6;6;6;6;6;6;4;6;4;4;4;6;6;0;;13;12
2180;1;10;20;20;1;Standard;Balanced;Balanced;Balanced;Balanced;Balanced;Balanced;4;6;10;4;6;7;7;3;5;3;3;3;4;7;0;;13;12
2181;1;10;20;20;1;Standard;Balanced;Balanced;Balanced;Balanced;Balanced;Balanced;5;5;5;5;5;5;5;2;5;2;2;2;5;5;0;;13;12
2182;1;20;10;20;1;Standard;Balanced;Balanced;Balanced;Balanced;Balanced;Balanced;2;2;2;2;2;2;2;7;2;3;7;3;2;2;0;;14;14
2183;1;10;15;20;1;Standard;Balanced;Balanced;Balanced;Balanced;Balanced;Balanced;3;5;7;3;5;5;5;3;4;3;3;3;3;5;0;;15;15
2184;1;10;20;20;1;Standard;Balanced;Balanced;Balanced;Balanced;Balanced;Balanced;3;4;7;3;4;5;5;2;4;2;2;2;3;5;0;;13;12
2185;1;10;15;20;1;Standard;Physical;Balanced;Balanced;Balanced;Balanced;Balanced;3;3;3;3;3;3;3;2;3;2;2;2;3;3;0;;14;14
2186;1;10;20;20;1;Standard;Balanced;Balanced;Balanced;Balanced;Balanced;Balanced;3;8;4;4;5;4;4;2;4;2;2;2;3;5;0;;13;12
2187;10;20;15;20;1;Offensive;Balanced;Balanced;Balanced;Balanced;Balanced;Balanced;2;4;6;2;4;4;4;5;3;5;5;5;2;4;0;;14;14
2188;1;10;20;20;1;Defensive;Balanced;Balanced;Conservative;Balanced;Balanced;Balanced;9;4;3;4;6;3;3;2;4;2;2;2;3;5;0;;14;14
2189;1;10;15;20;1;Standard;Balanced;Balanced;Balanced;Balanced;Balanced;Balanced;2;3;5;2;3;4;4;2;3;2;2;2;2;4;0;;14;14
2190;1;10;15;20;1;Standard;Physical;Balanced;Balanced;Balanced;Balanced;Balanced;3;3;3;3;3;3;3;2;3;2;2;2;3;3;0;;14;14
2191;1;15;20;20;1;Standard;Balanced;Balanced;Balanced;Balanced;Balanced;Balanced;5;5;5;5;5;5;5;4;5;4;4;4;5;5;0;;13;12
2192;1;15;20;20;1;Standard;Balanced;Balanced;Balanced;Balanced;Balanced;Balanced;4;4;4;4;4;4;4;3;4;3;3;3;4;4;0;;13;12
2193;1;10;10;20;1;Standard;Balanced;Balanced;Balanced;Balanced;Balanced;Balanced;2;2;2;2;2;2;2;2;2;2;2;2;2;2;0;;14;14
2194;1;10;10;20;1;Standard;Balanced;Balanced;Balanced;Balanced;Balanced;Balanced;3;3;3;3;3;3;3;3;3;3;3;3;3;3;0;;14;14
2195;1;10;10;20;1;Standard;Balanced;Balanced;Balanced;Balanced;Balanced;Balanced;2;2;2;2;2;2;2;2;2;2;2;2;2;2;0;;14;14
2196;1;10;10;20;1;Standard;Balanced;Balanced;Balanced;Balanced;Balanced;Balanced;2;2;2;2;2;2;2;2;2;2;2;2;2;2;0;;14;14
2197;1;5;20;20;1;Standard;Balanced;Balanced;Balanced;Balanced;Balanced;Balanced;4;4;4;4;4;4;4;1;4;1;1;1;4;4;0;;13;12
2198;1;10;16;20;1;Standard;Balanced;Balanced;Balanced;Balanced;Balanced;Balanced;4;4;4;4;4;4;4;2;4;2;2;2;4;4;0;;16;17
2199;1;10;15;20;1;Standard;Balanced;Balanced;Balanced;Balanced;Balanced;Balanced;3;3;3;3;3;3;3;2;3;2;2;2;3;3;0;;14;14
2200;1;10;10;20;1;Standard;Balanced;Balanced;Balanced;Balanced;Balanced;Balanced;2;2;2;2;2;2;2;2;2;2;2;2;2;2;0;;14;14
2201;1;10;10;20;1;Standard;Balanced;Balanced;Balanced;Balanced;Balanced;Balanced;2;2;2;2;2;2;2;2;2;2;2;2;2;2;0;;14;15
2202;1;10;10;20;1;Standard;Balanced;Balanced;Balanced;Balanced;Balanced;Balanced;2;2;2;2;2;2;2;2;2;2;2;2;2;2;0;;14;14
2203;1;10;10;20;1;Standard;Balanced;Balanced;Balanced;Balanced;Balanced;Balanced;2;2;2;2;2;2;2;2;2;2;2;2;2;2;0;;14;14
2204;20;5;1;1;1;Standard;Balanced;Balanced;Balanced;Balanced;Balanced;Balanced;0;0;0;0;0;0;0;0;0;0;0;0;0;0;0;;10;10
2205;1;10;15;20;1;Standard;Non-physical;Balanced;Balanced;Balanced;Balanced;Balanced;2;3;5;2;3;4;4;2;3;2;2;2;2;4;0;;14;14
2206;1;1;15;20;1;Standard;Balanced;Balanced;Balanced;Balanced;Balanced;Balanced;3;3;3;3;3;3;3;0;3;0;0;0;3;3;0;;13;12
2207;1;10;15;20;1;Standard;Non-physical;Balanced;Balanced;Balanced;Balanced;Balanced;3;9;5;4;6;4;5;3;4;3;3;3;3;6;0;;14;14
2208;1;10;10;20;1;Standard;Balanced;Balanced;Balanced;Balanced;Balanced;Balanced;3;3;3;3;3;3;3;3;3;3;3;3;3;3;0;;14;14
2209;1;10;10;20;1;Standard;Balanced;Balanced;Balanced;Balanced;Balanced;Balanced;3;3;3;3;3;3;3;3;3;3;3;3;3;3;0;;14;14
2210;1;10;10;20;1;Standard;Balanced;Balanced;Balanced;Balanced;Balanced;Balanced;2;2;2;2;2;2;2;2;2;2;2;2;2;2;0;;14;14
2211;1;10;10;20;1;Standard;Balanced;Balanced;Balanced;Prefers Prospects;Balanced;Balanced;4;4;4;4;4;4;4;4;4;4;4;4;4;4;0;;15;14
2212;1;10;15;20;1;Standard;Balanced;Balanced;Balanced;Balanced;Balanced;Balanced;2;3;5;2;3;4;4;2;3;2;2;2;2;4;0;;14;14
2213;20;5;1;1;1;Standard;Balanced;Balanced;Balanced;Balanced;Balanced;Balanced;0;0;0;0;0;0;0;1;0;1;1;1;0;0;0;;10;10
2214;20;5;1;1;1;Standard;Balanced;Balanced;Balanced;Balanced;Balanced;Balanced;0;0;0;0;0;0;0;0;0;0;0;0;0;0;0;;10;10
2215;1;10;10;20;1;Standard;Balanced;Balanced;Balanced;Balanced;Balanced;Balanced;2;2;2;2;2;2;2;2;2;2;2;2;2;2;0;;14;14
2216;10;20;10;20;1;Standard;Balanced;Balanced;Balanced;Balanced;Balanced;Balanced;2;2;2;2;2;2;2;5;2;5;5;5;2;2;0;;14;14
2217;1;10;17;20;1;Standard;Balanced;Balanced;Balanced;Balanced;Balanced;Balanced;4;4;4;4;4;4;4;2;4;2;2;2;4;4;0;;16;16
2218;1;10;10;20;1;Standard;Balanced;Balanced;Balanced;Balanced;Balanced;Balanced;2;2;2;2;2;2;2;2;2;2;2;2;2;2;0;;14;14
2219;1;10;10;20;1;Standard;Balanced;Balanced;Balanced;Balanced;Balanced;Balanced;2;2;2;2;2;2;2;2;2;2;2;2;2;2;0;;14;14
2220;1;10;10;20;1;Standard;Non-physical;Balanced;Balanced;Prefers Prospects;Balanced;Balanced;2;2;2;2;2;2;2;2;2;2;2;2;2;2;0;;14;14
2221;1;10;10;20;1;Standard;Non-physical;Balanced;Balanced;Balanced;Balanced;Balanced;2;2;2;2;2;2;2;2;2;2;2;2;2;2;0;;14;14
2222;1;10;15;20;1;Standard;Balanced;Balanced;Balanced;Balanced;Balanced;Balanced;3;3;3;3;3;3;3;2;3;2;2;2;3;3;0;;14;14
2223;1;5;20;20;1;Standard;Balanced;Balanced;Balanced;Balanced;Balanced;Balanced;4;4;4;4;4;4;4;1;4;1;1;1;4;4;0;;13;12
2224;1;10;10;20;1;Standard;Non-physical;Balanced;Balanced;Balanced;Balanced;Balanced;3;3;3;3;3;3;3;3;3;3;3;3;3;3;0;;14;14
2225;1;10;10;20;1;Standard;Non-physical;Balanced;Balanced;Balanced;Balanced;Balanced;2;2;2;2;2;2;2;2;2;2;2;2;2;2;0;;14;14
2226;1;5;20;20;1;Standard;Balanced;Balanced;Balanced;Balanced;Balanced;Balanced;4;4;4;4;4;4;4;1;4;1;1;1;4;4;0;;13;12
2227;1;10;10;20;1;Standard;Non-physical;Balanced;Balanced;Balanced;Balanced;Balanced;2;2;2;2;2;2;2;2;2;2;2;2;2;2;0;;14;14
2228;1;10;10;20;1;Standard;Balanced;Balanced;Balanced;Balanced;Balanced;Balanced;2;2;2;2;2;2;2;2;2;2;2;2;2;2;0;;14;14
2229;1;1;5;1;20;Defensive;Physical;Balanced;Aggressive;Balanced;Balanced;Balanced;0;0;0;0;0;0;0;1;0;0;6;0;0;0;16;;0;0
2230;1;1;5;1;20;Offensive;Physical;Aggressive;Aggressive;Balanced;Innovative;Loyal;0;0;0;0;0;0;0;3;0;0;9;0;0;0;19;;0;0
2231;1;1;5;1;20;Standard;Balanced;Very Passive;Very Aggressive;Balanced;Conservative;Very Loyal;1;1;1;1;1;1;1;1;1;1;1;1;1;1;20;;1;1
2232;1;1;5;1;20;Offensive;Balanced;Very Passive;Balanced;Balanced;Balanced;Balanced;0;0;0;0;0;0;0;9;0;0;6;0;0;0;17;;0;0
2233;1;1;5;1;20;Standard;Balanced;Aggressive;Very Conservative;Balanced;Balanced;Ruthless;0;0;0;0;0;0;0;5;0;0;1;0;0;0;19;;0;0
2234;1;1;5;1;20;Offensive;Physical;Balanced;Balanced;Balanced;Balanced;Loyal;1;1;1;1;1;1;1;7;1;1;9;1;1;1;20;;1;1
2235;1;1;5;1;20;Defensive;Balanced;Balanced;Conservative;Prefers Veterans;Balanced;Loyal;0;0;0;0;0;0;0;2;0;0;9;0;0;0;20;;0;0
2236;1;1;5;1;20;Offensive;Balanced;Balanced;Conservative;Balanced;Innovative;Balanced;0;0;0;0;0;0;0;2;0;0;9;0;0;0;18;;0;0
2237;1;1;5;1;20;Defensive;Balanced;Aggressive;Aggressive;Loves Veterans;Very Conservative;Balanced;0;0;0;0;0;0;0;2;0;0;9;0;0;0;16;;0;0
2238;1;1;5;1;20;Offensive;Physical;Balanced;Aggressive;Balanced;Balanced;Ruthless;0;0;0;0;0;0;0;9;0;0;8;0;0;0;16;;0;0
2239;1;1;5;1;20;Offensive;Very Physical;Balanced;Very Conservative;Balanced;Innovative;Very Loyal;0;0;0;0;0;0;0;8;0;0;3;0;0;0;17;;0;0
2240;1;1;5;1;20;Standard;Physical;Balanced;Balanced;Prefers Veterans;Innovative;Loyal;1;1;1;1;1;1;1;3;1;1;4;1;1;1;20;;1;1
2241;0;20;15;0;0;Very Defensive;Very Physical;Balanced;Balanced;Balanced;Balanced;Balanced;7;7;7;7;7;7;7;7;7;7;7;7;7;7;0;;0;0
2242;0;20;18;0;0;Very Defensive;Very Physical;Balanced;Balanced;Balanced;Balanced;Balanced;7;7;7;7;7;7;7;7;7;7;7;7;7;7;0;;0;0
2243;5;10;20;15;1;Defensive;Physical;Balanced;Balanced;Balanced;Conservative;Ruthless;6;7;17;12;8;17;4;6;17;11;1;6;16;3;0;;10;3
2244;5;10;20;15;1;Standard;Balanced;Passive;Balanced;Balanced;Innovative;Loyal;8;17;10;9;16;17;15;7;8;1;2;3;18;5;0;;14;10
2245;5;10;20;15;1;Defensive;Balanced;Balanced;Balanced;Prefers Prospects;Very Conservative;Loyal;5;12;3;12;5;9;13;1;7;5;5;14;17;6;0;;14;9
2246;5;10;20;15;1;Standard;Physical;Aggressive;Conservative;Balanced;Innovative;Loyal;12;8;11;8;8;5;12;8;14;14;6;16;10;11;0;;9;8
2247;5;10;20;15;1;Defensive;Balanced;Passive;Very Conservative;Balanced;Balanced;Very Ruthless;5;7;15;13;8;13;7;6;7;12;8;13;16;12;0;;15;4
2248;5;10;20;15;1;Defensive;Physical;Aggressive;Balanced;Prefers Prospects;Balanced;Balanced;5;11;7;8;8;8;5;2;10;2;5;14;15;12;0;;14;5
2249;5;10;20;15;1;Defensive;Physical;Aggressive;Balanced;Balanced;Balanced;Balanced;4;6;17;4;10;7;13;9;7;7;3;10;8;13;0;;3;8
2250;5;10;20;15;1;Offensive;Balanced;Balanced;Balanced;Balanced;Balanced;Loyal;16;4;12;6;8;5;15;2;7;2;2;4;8;14;0;;3;15
2251;5;10;20;15;1;Standard;Physical;Passive;Balanced;Prefers Prospects;Very Innovative;Ruthless;16;12;4;3;13;8;6;3;5;7;2;15;11;5;0;;13;4
2252;5;10;20;15;1;Offensive;Very Physical;Aggressive;Aggressive;Balanced;Innovative;Balanced;12;12;16;9;15;9;5;8;8;11;1;15;12;9;0;;12;12
2253;5;10;20;15;1;Offensive;Balanced;Balanced;Balanced;Prefers Prospects;Conservative;Balanced;13;3;17;17;14;15;8;5;4;8;5;3;10;8;0;;8;13
2254;5;10;20;15;1;Very Defensive;Physical;Balanced;Balanced;Loves Prospects;Innovative;Balanced;14;3;5;10;10;5;6;5;7;13;1;13;8;15;0;;15;11
2255;5;10;20;15;1;Offensive;Balanced;Balanced;Balanced;Balanced;Balanced;Very Loyal;5;11;14;17;17;12;9;4;15;4;7;6;17;16;0;;5;1
2256;5;10;20;15;1;Offensive;Non-physical;Very Aggressive;Conservative;Balanced;Innovative;Balanced;17;5;14;7;14;17;16;2;9;10;6;10;14;11;0;;14;12
2257;5;10;20;15;1;Defensive;Physical;Balanced;Balanced;Prefers Veterans;Balanced;Balanced;12;8;14;13;3;10;11;5;3;3;1;9;15;13;0;;13;5
2258;5;10;20;15;1;Defensive;Physical;Balanced;Balanced;Prefers Prospects;Innovative;Loyal;10;11;14;4;4;4;14;3;17;5;2;8;18;8;0;;2;15
2259;5;10;20;15;1;Standard;Physical;Balanced;Balanced;Balanced;Balanced;Loyal;7;14;11;12;9;10;14;7;10;14;2;11;9;10;0;;13;8
2260;5;10;20;15;1;Offensive;Physical;Passive;Conservative;Loves Veterans;Conservative;Balanced;9;15;3;10;8;9;13;4;17;1;7;17;7;14;0;;9;1
2261;5;10;20;15;1;Standard;Balanced;Aggressive;Balanced;Prefers Veterans;Balanced;Ruthless;8;9;9;4;10;11;14;7;15;4;6;15;18;7;0;;3;6
2262;5;10;20;15;1;Offensive;Physical;Very Aggressive;Aggressive;Balanced;Innovative;Balanced;13;17;14;12;14;9;5;7;11;8;8;10;9;9;0;;11;12
2263;5;10;20;15;1;Standard;Physical;Passive;Balanced;Prefers Veterans;Balanced;Very Ruthless;14;16;9;8;5;13;8;5;7;11;5;4;10;8;0;;8;8
2264;5;10;20;15;1;Offensive;Balanced;Passive;Balanced;Prefers Veterans;Conservative;Ruthless;9;13;12;11;8;4;6;2;7;1;9;13;15;3;0;;3;13
2265;5;10;20;15;1;Standard;Very Physical;Passive;Very Conservative;Prefers Veterans;Innovative;Loyal;16;4;16;10;13;8;4;4;3;13;6;10;11;11;0;;6;5
2266;5;10;20;15;1;Offensive;Balanced;Aggressive;Conservative;Prefers Prospects;Balanced;Loyal;4;4;3;12;11;9;11;8;16;6;2;6;14;6;0;;4;7
2267;5;10;20;15;1;Defensive;Very Physical;Balanced;Balanced;Balanced;Balanced;Balanced;17;17;4;5;17;15;8;3;10;10;6;5;6;14;0;;12;11
2268;5;10;20;15;1;Defensive;Very Physical;Very Passive;Balanced;Prefers Veterans;Balanced;Loyal;12;17;9;8;7;13;4;8;9;8;2;14;20;12;0;;3;5
2269;5;10;20;15;1;Defensive;Balanced;Balanced;Very Aggressive;Balanced;Balanced;Balanced;9;11;10;5;5;13;16;2;8;2;6;14;14;11;0;;13;15
2270;5;10;20;15;1;Defensive;Balanced;Passive;Conservative;Prefers Prospects;Innovative;Balanced;16;7;13;10;6;14;16;5;3;2;3;14;20;15;0;;2;10
2271;5;10;20;15;1;Standard;Very Non-Physical;Balanced;Aggressive;Prefers Veterans;Innovative;Balanced;12;13;13;16;7;7;14;2;8;6;7;7;10;8;0;;8;1
2272;5;10;20;15;1;Offensive;Non-physical;Balanced;Conservative;Balanced;Conservative;Balanced;12;17;4;18;14;13;10;7;6;2;5;15;15;8;0;;10;5
2273;5;10;20;15;1;Offensive;Non-physical;Passive;Aggressive;Prefers Veterans;Balanced;Balanced;14;8;5;7;11;5;12;6;11;6;1;10;12;5;0;;9;12
2274;5;10;20;15;1;Standard;Non-physical;Balanced;Conservative;Balanced;Balanced;Balanced;14;13;5;6;15;5;9;3;8;2;6;13;16;17;0;;13;2
2275;5;10;20;15;1;Standard;Non-physical;Aggressive;Balanced;Balanced;Balanced;Balanced;11;12;15;7;15;13;16;7;16;10;6;6;15;6;0;;14;6
2276;5;10;20;15;1;Standard;Non-physical;Aggressive;Conservative;Prefers Veterans;Conservative;Loyal;5;14;3;15;13;9;15;10;13;7;4;8;12;13;0;;8;12
2277;5;10;20;15;1;Standard;Non-physical;Passive;Balanced;Balanced;Balanced;Very Ruthless;17;11;7;17;11;7;17;6;5;6;1;12;6;13;0;;1;11
2278;5;10;20;15;1;Offensive;Non-physical;Aggressive;Aggressive;Loves Prospects;Conservative;Balanced;15;6;8;12;3;13;7;3;10;1;6;9;12;12;0;;11;6
2279;5;10;20;15;1;Standard;Non-physical;Balanced;Balanced;Balanced;Very Conservative;Balanced;12;8;16;13;5;3;8;6;16;5;3;13;18;17;0;;5;14
2280;5;10;20;15;1;Offensive;Balanced;Balanced;Very Aggressive;Prefers Prospects;Balanced;Balanced;4;8;14;6;13;14;12;5;5;10;7;9;18;5;0;;4;11
2281;5;10;20;15;1;Standard;Balanced;Balanced;Very Aggressive;Prefers Prospects;Balanced;Balanced;13;14;11;17;13;8;8;6;16;0;4;5;19;16;0;;13;11
2282;5;10;20;15;1;Standard;Non-physical;Balanced;Aggressive;Balanced;Conservative;Ruthless;13;4;4;7;10;10;3;1;10;6;5;14;13;12;0;;1;5
2283;5;10;20;15;1;Offensive;Non-physical;Balanced;Aggressive;Balanced;Very Innovative;Loyal;7;12;12;5;5;15;3;8;3;8;2;9;9;4;0;;1;3
2284;5;10;20;15;1;Standard;Non-physical;Balanced;Aggressive;Balanced;Balanced;Loyal;5;12;12;15;6;5;10;1;11;1;9;5;12;14;0;;7;5
2285;5;10;20;15;1;Standard;Non-physical;Passive;Very Aggressive;Balanced;Balanced;Ruthless;4;18;14;5;17;3;10;1;3;10;5;12;11;17;0;;3;5
2286;5;10;20;15;1;Offensive;Non-physical;Passive;Aggressive;Balanced;Balanced;Loyal;14;3;13;5;5;13;14;6;8;8;2;9;14;7;0;;10;7
2287;5;10;20;15;1;Offensive;Balanced;Balanced;Balanced;Prefers Prospects;Very Innovative;Ruthless;5;15;7;5;4;9;13;7;3;9;9;8;19;9;0;;10;5
2288;5;10;20;15;1;Standard;Non-physical;Balanced;Balanced;Balanced;Innovative;Balanced;13;13;3;12;12;5;3;9;13;9;2;9;7;13;0;;10;5
2289;5;10;20;15;1;Standard;Very Non-Physical;Aggressive;Balanced;Balanced;Very Innovative;Balanced;6;10;13;11;15;15;5;2;9;4;9;13;9;7;0;;10;3
2290;5;10;20;15;1;Standard;Very Non-Physical;Aggressive;Balanced;Balanced;Balanced;Ruthless;8;5;15;10;15;9;13;8;10;1;4;10;19;6;0;;6;3
2291;5;10;20;15;1;Offensive;Non-physical;Balanced;Very Aggressive;Prefers Prospects;Balanced;Ruthless;16;9;12;8;3;15;8;1;13;13;6;6;7;3;0;;14;2
2292;5;10;20;15;1;Standard;Non-physical;Balanced;Conservative;Balanced;Conservative;Loyal;7;18;14;8;14;5;11;3;9;4;8;11;19;16;0;;1;15
2293;5;10;20;15;1;Standard;Very Non-Physical;Passive;Balanced;Prefers Prospects;Conservative;Loyal;3;10;16;7;6;17;17;1;4;9;9;5;13;14;0;;10;14
2294;5;10;20;15;1;Defensive;Very Non-Physical;Aggressive;Aggressive;Balanced;Balanced;Loyal;7;4;11;13;10;6;4;6;5;11;8;10;19;15;0;;4;7
2295;5;10;20;15;1;Offensive;Very Non-Physical;Balanced;Balanced;Balanced;Conservative;Balanced;3;9;12;6;13;7;15;3;8;6;6;5;14;16;0;;15;3
2296;5;10;20;15;1;Standard;Non-physical;Aggressive;Balanced;Prefers Prospects;Balanced;Loyal;8;17;4;3;5;5;6;8;10;4;3;12;14;10;0;;10;5
2297;5;10;20;15;1;Offensive;Balanced;Passive;Conservative;Balanced;Balanced;Loyal;5;3;14;4;18;5;4;1;16;12;1;10;15;15;0;;9;2
2298;5;10;20;15;1;Offensive;Balanced;Very Aggressive;Very Conservative;Loves Prospects;Balanced;Balanced;6;6;5;8;3;7;7;2;3;6;6;13;12;6;0;;6;6
2299;5;10;20;15;1;Offensive;Non-physical;Aggressive;Conservative;Prefers Veterans;Conservative;Ruthless;10;9;14;16;14;15;7;3;13;2;9;6;13;11;0;;8;4
2300;5;10;20;15;1;Offensive;Non-physical;Balanced;Balanced;Balanced;Balanced;Balanced;15;15;18;10;8;14;8;5;15;12;3;4;8;5;0;;14;2
2301;5;10;20;15;1;Standard;Balanced;Balanced;Aggressive;Prefers Veterans;Balanced;Balanced;12;15;11;5;8;17;4;3;6;5;8;11;19;12;0;;9;1
2302;1;15;20;20;1;Standard;Balanced;Balanced;Balanced;Balanced;Innovative;Balanced;2;2;2;2;2;2;2;2;2;2;2;2;2;2;0;;13;12
2303;1;15;20;20;1;Standard;Balanced;Balanced;Balanced;Balanced;Balanced;Balanced;1;4;2;2;2;2;2;1;2;1;1;1;1;2;0;;13;13
2304;1;12;20;20;1;Standard;Physical;Balanced;Balanced;Prefers Veterans;Conservative;Loyal;1;2;3;1;2;2;2;1;2;1;1;1;1;2;0;;14;13
2305;10;20;10;20;1;Standard;Balanced;Balanced;Balanced;Balanced;Balanced;Balanced;1;1;1;1;1;1;1;2;1;2;2;2;1;1;0;;14;14
2306;1;10;20;20;1;Standard;Balanced;Balanced;Balanced;Balanced;Balanced;Balanced;1;2;3;1;2;2;2;1;2;1;1;1;1;2;0;;13;13
2307;1;15;20;20;1;Standard;Balanced;Balanced;Balanced;Balanced;Balanced;Balanced;1;2;3;1;2;2;2;1;2;1;1;1;1;2;0;;13;12
2308;1;10;20;20;1;Standard;Balanced;Balanced;Balanced;Balanced;Balanced;Balanced;2;2;2;2;2;2;2;1;2;1;1;1;2;2;0;;13;12
2309;1;15;20;20;1;Standard;Balanced;Balanced;Balanced;Balanced;Balanced;Balanced;2;2;2;2;2;2;2;1;2;1;1;1;2;2;0;;13;12
2310;1;10;20;20;1;Standard;Balanced;Balanced;Balanced;Balanced;Balanced;Balanced;2;2;2;2;2;2;2;1;2;1;1;1;2;2;0;;13;12
2311;1;10;20;20;1;Standard;Balanced;Balanced;Balanced;Balanced;Balanced;Balanced;2;2;2;2;2;2;2;1;2;1;1;1;2;2;0;;13;12
2312;2;15;20;20;1;Defensive;Balanced;Balanced;Balanced;Balanced;Balanced;Balanced;2;3;2;2;4;1;2;2;2;2;2;2;2;3;0;;13;12
2313;1;15;20;20;1;Standard;Balanced;Balanced;Balanced;Balanced;Balanced;Balanced;1;3;2;1;2;1;2;1;1;1;1;1;1;2;0;;13;12
2314;1;15;20;20;1;Standard;Balanced;Balanced;Balanced;Balanced;Balanced;Balanced;1;2;3;1;2;2;2;1;1;1;1;1;1;2;0;;13;12
2315;15;20;20;20;1;Defensive;Balanced;Balanced;Conservative;Balanced;Balanced;Balanced;3;1;1;2;2;1;1;2;2;2;2;2;1;2;0;;13;12
2316;1;10;20;20;1;Standard;Balanced;Balanced;Balanced;Balanced;Balanced;Balanced;1;3;2;1;2;1;2;1;1;1;1;1;1;2;0;;14;14
2317;1;10;10;20;1;Standard;Balanced;Balanced;Balanced;Balanced;Balanced;Balanced;1;1;1;1;1;1;1;1;1;1;1;1;1;1;0;;14;14
2318;1;10;20;20;1;Standard;Physical;Balanced;Balanced;Balanced;Balanced;Balanced;4;4;4;4;4;4;4;2;4;2;2;2;4;4;0;;13;12
2319;1;15;20;20;1;Standard;Non-physical;Balanced;Conservative;Balanced;Balanced;Balanced;4;1;1;2;2;1;1;1;2;1;1;1;1;2;0;;13;12
2320;1;15;20;20;1;Standard;Balanced;Balanced;Balanced;Balanced;Balanced;Balanced;2;2;2;2;2;2;2;1;2;1;1;1;2;2;0;;13;12
2321;1;20;10;20;1;Standard;Non-physical;Balanced;Balanced;Balanced;Balanced;Balanced;1;1;1;1;1;1;1;2;1;2;2;2;1;1;0;;14;14
2322;1;10;10;20;1;Standard;Balanced;Balanced;Balanced;Balanced;Balanced;Balanced;1;1;1;1;1;1;1;1;1;1;1;1;1;1;0;;14;14
2323;1;10;20;20;1;Standard;Balanced;Balanced;Balanced;Balanced;Balanced;Balanced;2;2;2;2;2;2;2;1;2;1;1;1;2;2;0;;14;14
2324;1;10;20;20;1;Standard;Balanced;Balanced;Balanced;Balanced;Balanced;Balanced;1;2;3;1;2;2;2;1;1;1;1;1;1;2;0;;13;12
2325;1;15;20;20;1;Standard;Balanced;Balanced;Balanced;Balanced;Balanced;Balanced;1;4;2;2;2;2;2;1;2;1;1;1;1;2;0;;14;12
2326;1;10;15;20;1;Defensive;Balanced;Balanced;Conservative;Balanced;Balanced;Balanced;2;1;1;1;2;1;1;1;1;1;1;1;1;1;0;;14;14
2327;1;10;10;20;1;Standard;Balanced;Balanced;Balanced;Balanced;Balanced;Balanced;1;1;1;1;1;1;1;1;1;1;1;1;1;1;0;;14;14
2328;1;10;20;20;1;Standard;Balanced;Balanced;Balanced;Balanced;Balanced;Balanced;2;2;2;2;2;2;2;1;2;1;1;1;2;2;0;;13;12
2329;1;10;10;20;1;Standard;Non-physical;Balanced;Balanced;Balanced;Balanced;Balanced;1;1;1;1;1;1;1;1;1;1;1;1;1;1;0;;14;14
2330;1;1;15;20;1;Standard;Balanced;Balanced;Balanced;Balanced;Balanced;Balanced;1;1;1;1;1;1;1;0;1;0;0;0;1;1;0;;13;12
2331;1;10;10;20;1;Standard;Balanced;Balanced;Balanced;Balanced;Balanced;Balanced;1;1;1;1;1;1;1;1;1;1;1;1;1;1;0;;14;14
2332;1;10;10;20;1;Standard;Balanced;Balanced;Balanced;Balanced;Balanced;Balanced;1;1;1;1;1;1;1;1;1;1;1;1;1;1;0;;14;14
2333;1;10;10;20;1;Standard;Non-physical;Balanced;Balanced;Balanced;Balanced;Balanced;1;1;1;1;1;1;1;1;1;1;1;1;1;1;0;;14;14
2334;10;20;10;20;1;Standard;Balanced;Balanced;Balanced;Balanced;Balanced;Balanced;1;1;1;1;1;1;1;2;1;2;2;2;1;1;0;;14;14
2335;1;5;20;20;1;Standard;Balanced;Balanced;Balanced;Balanced;Balanced;Balanced;2;2;2;2;2;2;2;0;2;0;0;0;2;2;0;;13;12
2336;1;10;10;20;1;Standard;Balanced;Balanced;Balanced;Balanced;Balanced;Balanced;1;1;1;1;1;1;1;1;1;1;1;1;1;1;0;;14;14
2337;1;10;10;20;1;Standard;Balanced;Balanced;Balanced;Balanced;Balanced;Balanced;1;1;1;1;1;1;1;1;1;1;1;1;1;1;0;;15;15
2338;1;10;10;20;1;Standard;Balanced;Balanced;Balanced;Prefers Prospects;Balanced;Balanced;3;3;3;3;3;3;3;3;3;3;3;3;3;3;0;;14;14
2339;1;10;20;20;1;Standard;Balanced;Balanced;Balanced;Balanced;Balanced;Balanced;2;2;2;2;2;2;2;1;2;1;1;1;2;2;0;;13;12
2340;1;10;10;20;1;Standard;Balanced;Balanced;Balanced;Balanced;Balanced;Balanced;1;1;1;1;1;1;1;1;1;1;1;1;1;1;0;;14;14
2341;1;5;20;10;1;Standard;Balanced;Balanced;Balanced;Balanced;Balanced;Balanced;1;1;1;1;1;1;1;0;1;0;0;0;1;1;0;;7;7
2342;1;10;10;20;1;Standard;Non-physical;Balanced;Balanced;Balanced;Balanced;Balanced;1;1;1;1;1;1;1;1;1;1;1;1;1;1;0;;14;14
2343;1;10;10;20;1;Standard;Non-physical;Balanced;Balanced;Balanced;Balanced;Balanced;1;1;1;1;1;1;1;1;1;1;1;1;1;1;0;;14;14
2344;1;10;10;20;1;Standard;Non-physical;Balanced;Balanced;Balanced;Balanced;Balanced;1;1;1;1;1;1;1;1;1;1;1;1;1;1;0;;14;14
2345;1;10;10;20;1;Standard;Balanced;Balanced;Balanced;Balanced;Balanced;Balanced;1;1;1;1;1;1;1;1;1;1;1;1;1;1;0;;14;14
2346;1;5;20;20;1;Defensive;Balanced;Balanced;Conservative;Balanced;Balanced;Balanced;3;1;1;2;2;1;1;0;2;0;0;0;1;2;0;;13;12
2347;1;10;10;20;1;Standard;Balanced;Balanced;Balanced;Balanced;Balanced;Balanced;1;1;1;1;1;1;1;1;1;1;1;1;1;1;0;;14;14
2348;1;10;10;20;1;Standard;Non-physical;Balanced;Balanced;Balanced;Balanced;Balanced;1;1;1;1;1;1;1;1;1;1;1;1;1;1;0;;14;14
2349;1;5;20;10;1;Standard;Physical;Balanced;Balanced;Balanced;Balanced;Balanced;4;4;4;4;4;4;4;1;4;1;1;1;4;4;0;;13;12
2350;1;10;10;20;1;Standard;Non-physical;Balanced;Balanced;Balanced;Balanced;Balanced;1;1;1;1;1;1;1;1;1;1;1;1;1;1;0;;14;14
2351;1;1;5;1;20;Offensive;Physical;Balanced;Balanced;Balanced;Very Conservative;Ruthless;0;0;0;0;0;0;0;8;0;0;3;0;0;0;17;;0;0
2352;1;1;5;1;20;Standard;Physical;Very Aggressive;Balanced;Prefers Veterans;Innovative;Balanced;1;1;1;1;1;1;1;9;1;1;3;1;1;1;20;;1;1
2353;1;1;5;1;20;Standard;Physical;Aggressive;Balanced;Balanced;Conservative;Balanced;0;0;0;0;0;0;0;5;0;0;7;0;0;0;18;;0;0
2354;1;1;5;1;20;Standard;Balanced;Aggressive;Aggressive;Balanced;Innovative;Loyal;0;0;0;0;0;0;0;4;0;0;7;0;0;0;18;;0;0
2355;1;1;5;1;20;Offensive;Physical;Passive;Conservative;Balanced;Balanced;Ruthless;0;0;0;0;0;0;0;1;0;0;1;0;0;0;17;;0;0
2356;1;1;5;1;20;Standard;Balanced;Balanced;Aggressive;Prefers Prospects;Innovative;Loyal;0;0;0;0;0;0;0;8;0;0;3;0;0;0;18;;0;0
2357;1;1;5;1;20;Offensive;Physical;Passive;Balanced;Balanced;Balanced;Balanced;0;0;0;0;0;0;0;6;0;0;3;0;0;0;19;;0;0
2358;1;1;5;1;20;Defensive;Balanced;Balanced;Balanced;Balanced;Balanced;Balanced;0;0;0;0;0;0;0;6;0;0;3;0;0;0;15;;0;0
2359;1;1;5;1;20;Defensive;Physical;Passive;Balanced;Prefers Prospects;Conservative;Loyal;0;0;0;0;0;0;0;7;0;0;8;0;0;0;16;;0;0
2360;1;1;5;1;20;Offensive;Physical;Passive;Very Conservative;Prefers Veterans;Balanced;Ruthless;1;1;1;1;1;1;1;1;1;1;6;1;1;1;20;;1;1
2361;1;1;5;1;20;Standard;Very Physical;Balanced;Conservative;Balanced;Innovative;Balanced;0;0;0;0;0;0;0;7;0;0;9;0;0;0;18;;0;0
2362;1;1;5;1;20;Defensive;Physical;Aggressive;Very Aggressive;Balanced;Very Innovative;Very Ruthless;0;0;0;0;0;0;0;6;0;0;8;0;0;0;16;;0;0
2363;1;1;5;1;20;Standard;Very Physical;Balanced;Very Aggressive;Prefers Veterans;Balanced;Ruthless;0;0;0;0;0;0;0;1;0;0;5;0;0;0;15;;0;0
2364;1;1;5;1;20;Defensive;Physical;Very Aggressive;Conservative;Prefers Prospects;Conservative;Loyal;1;1;1;1;1;1;1;8;1;1;5;1;1;1;20;;1;1
2365;1;1;5;1;20;Offensive;Physical;Balanced;Conservative;Prefers Prospects;Innovative;Very Ruthless;0;0;0;0;0;0;0;5;0;0;4;0;0;0;20;;0;0
2366;1;1;5;1;20;Offensive;Physical;Balanced;Balanced;Prefers Prospects;Balanced;Balanced;0;0;0;0;0;0;0;1;0;0;4;0;0;0;18;;0;0
2367;1;1;5;1;20;Standard;Balanced;Balanced;Balanced;Balanced;Conservative;Very Loyal;0;0;0;0;0;0;0;1;0;0;2;0;0;0;20;;0;0
0;5;10;20;20;1;Standard;Balanced;Passive;Balanced;Balanced;Balanced;Balanced;1;2;3;1;2;2;2;1;1;1;1;1;1;2;0;;13;12
1;20;20;20;20;1;Standard;Physical;Balanced;Balanced;Prefers Veterans;Balanced;Loyal;3;3;3;3;3;3;3;2;3;5;9;7;3;3;0;;16;14
2;10;20;20;20;1;Standard;Physical;Balanced;Conservative;Prefers Veterans;Conservative;Loyal;6;9;10;9;8;9;9;9;8;7;10;8;8;8;0;;18;18
3;1;10;20;20;1;Standard;Balanced;Passive;Balanced;Balanced;Balanced;Balanced;2;2;2;2;2;2;2;1;2;1;1;1;2;2;0;;13;12
4;1;10;20;20;1;Standard;Balanced;Passive;Balanced;Balanced;Balanced;Balanced;1;2;3;1;2;2;2;1;1;1;1;1;1;2;0;;13;12
5;15;20;20;20;1;Standard;Balanced;Balanced;Balanced;Balanced;Balanced;Balanced;3;3;3;3;3;3;3;3;3;3;3;3;3;3;0;;15;15
6;10;20;20;20;1;Standard;Balanced;Balanced;Balanced;Balanced;Balanced;Balanced;1;2;4;1;2;2;2;2;2;2;2;2;1;2;0;;14;14
7;10;20;20;20;1;Standard;Balanced;Balanced;Balanced;Balanced;Balanced;Balanced;2;2;2;2;2;2;2;2;2;2;2;2;2;2;0;;14;14
8;1;10;20;20;1;Standard;Balanced;Passive;Balanced;Balanced;Balanced;Balanced;1;2;3;1;2;2;2;1;2;1;1;1;1;2;0;;13;12
9;1;10;20;20;1;Offensive;Balanced;Balanced;Balanced;Balanced;Balanced;Balanced;2;3;4;2;3;3;3;7;8;1;1;1;2;3;1;;13;12
10;1;10;20;20;1;Standard;Balanced;Passive;Balanced;Balanced;Balanced;Balanced;2;2;2;2;2;2;2;1;2;1;1;1;2;2;0;;13;12
11;10;20;20;20;1;Standard;Physical;Balanced;Aggressive;Loves Veterans;Balanced;Balanced;3;3;3;3;3;3;3;6;7;9;4;6;3;3;1;;16;14
12;10;20;20;20;1;Standard;Balanced;Passive;Balanced;Balanced;Balanced;Loyal;3;3;3;3;3;3;3;9;3;2;9;7;3;3;0;;18;16
13;10;20;20;20;1;Standard;Balanced;Balanced;Balanced;Balanced;Balanced;Balanced;3;3;3;3;3;3;3;3;3;3;3;3;3;3;0;;16;16
14;1;10;20;20;1;Standard;Balanced;Passive;Balanced;Balanced;Balanced;Balanced;2;2;2;2;2;2;2;1;2;1;1;1;2;2;0;;13;12
15;10;20;20;20;1;Standard;Balanced;Balanced;Balanced;Balanced;Very Innovative;Balanced;6;3;5;2;3;3;3;3;2;3;9;5;7;7;0;;16;16
16;15;20;20;20;1;Standard;Balanced;Passive;Balanced;Balanced;Balanced;Balanced;1;2;3;1;2;2;2;2;2;2;2;2;1;2;0;;14;14
17;10;20;20;20;1;Standard;Balanced;Passive;Balanced;Balanced;Balanced;Balanced;2;2;2;2;2;2;2;2;2;2;2;2;2;2;0;;15;15
18;10;20;20;20;1;Standard;Balanced;Balanced;Balanced;Balanced;Innovative;Balanced;2;3;5;2;3;3;3;3;2;3;8;7;2;3;0;;15;15
19;10;20;20;20;1;Standard;Balanced;Balanced;Balanced;Balanced;Balanced;Balanced;2;2;4;2;2;3;3;2;2;2;2;2;2;3;0;;14;14
20;10;20;20;20;1;Offensive;Balanced;Balanced;Balanced;Balanced;Balanced;Balanced;2;2;4;2;2;3;3;2;2;2;2;7;2;3;0;;14;15
21;10;20;20;20;1;Offensive;Balanced;Balanced;Conservative;Prefers Veterans;Innovative;Very Loyal;2;8;3;3;3;3;2;3;2;3;3;3;8;8;0;;18;17
22;5;15;20;20;1;Standard;Balanced;Balanced;Balanced;Balanced;Balanced;Balanced;1;2;8;4;3;3;2;8;9;2;2;2;1;3;0;;13;12
23;10;20;20;20;1;Standard;Balanced;Passive;Balanced;Balanced;Balanced;Balanced;2;2;2;2;2;2;2;2;2;2;2;2;2;2;0;;14;14
24;10;20;20;20;1;Standard;Balanced;Balanced;Balanced;Balanced;Balanced;Balanced;2;5;3;2;3;2;3;3;2;7;3;6;2;3;0;;14;14
25;10;20;20;20;1;Standard;Balanced;Balanced;Balanced;Balanced;Balanced;Balanced;3;3;3;3;3;3;3;3;3;3;3;3;3;3;0;;15;17
26;1;10;20;20;1;Standard;Balanced;Passive;Balanced;Balanced;Balanced;Balanced;2;2;2;2;2;2;2;1;2;1;1;1;2;2;0;;13;12
27;10;20;20;20;1;Offensive;Balanced;Passive;Balanced;Balanced;Balanced;Balanced;1;2;3;1;2;2;2;2;2;2;2;2;1;2;0;;14;14
28;1;10;20;20;1;Standard;Balanced;Balanced;Balanced;Balanced;Balanced;Balanced;1;3;3;3;3;3;4;1;3;1;1;1;1;2;0;;13;12
29;10;20;20;20;1;Standard;Physical;Passive;Balanced;Balanced;Balanced;Balanced;2;2;2;2;2;2;2;1;2;4;2;2;2;2;0;;14;14
30;1;10;20;20;1;Standard;Balanced;Passive;Balanced;Balanced;Balanced;Balanced;1;2;3;1;2;2;2;1;2;1;1;1;1;2;0;;13;12
31;10;20;20;20;1;Standard;Physical;Passive;Balanced;Prefers Veterans;Conservative;Ruthless;1;2;2;3;2;2;2;1;5;4;2;2;1;2;0;;15;14
32;10;20;10;20;1;Standard;Balanced;Passive;Balanced;Balanced;Balanced;Balanced;1;1;1;1;1;1;1;2;1;2;2;2;1;1;0;;14;14
33;1;10;20;20;1;Standard;Balanced;Passive;Balanced;Balanced;Balanced;Balanced;2;2;2;2;2;2;2;1;2;1;1;1;2;2;0;;13;12
34;1;10;20;20;1;Standard;Balanced;Passive;Balanced;Balanced;Balanced;Balanced;2;2;2;2;2;2;2;1;2;1;1;1;2;2;0;;13;12
35;20;20;10;20;1;Standard;Balanced;Passive;Balanced;Balanced;Balanced;Balanced;1;1;1;1;1;1;1;2;1;2;2;2;1;1;0;;14;14
36;10;20;20;20;1;Standard;Balanced;Passive;Balanced;Balanced;Balanced;Balanced;2;2;2;2;2;2;2;2;2;2;2;2;2;2;0;;14;14
37;1;10;20;20;1;Standard;Balanced;Passive;Balanced;Balanced;Balanced;Balanced;1;2;3;1;2;2;2;1;1;1;1;1;1;2;0;;13;12
38;1;10;20;20;1;Defensive;Balanced;Passive;Conservative;Balanced;Balanced;Balanced;4;1;1;2;2;1;1;1;2;1;1;1;1;2;0;;13;12
39;1;10;20;20;1;Standard;Balanced;Passive;Balanced;Balanced;Balanced;Balanced;2;2;2;2;2;2;2;1;2;1;1;1;2;2;0;;13;12
40;1;10;20;20;1;Standard;Balanced;Passive;Balanced;Balanced;Balanced;Balanced;2;2;2;2;2;2;2;1;2;1;1;1;2;2;0;;13;12
41;1;10;20;20;1;Standard;Balanced;Passive;Balanced;Prefers Veterans;Balanced;Balanced;2;2;2;2;2;2;2;1;2;1;1;1;2;2;0;;13;13
42;1;10;20;20;1;Standard;Balanced;Passive;Balanced;Balanced;Balanced;Balanced;2;2;2;2;2;2;2;1;2;1;1;1;2;2;0;;13;12
43;10;20;20;20;1;Standard;Balanced;Passive;Balanced;Balanced;Balanced;Balanced;1;4;2;2;2;2;2;2;2;2;2;2;1;2;0;;13;12
44;15;20;10;20;1;Standard;Balanced;Balanced;Balanced;Balanced;Conservative;Loyal;1;1;1;1;1;1;1;4;1;1;2;2;1;1;0;;14;15
45;10;20;15;20;1;Standard;Balanced;Passive;Balanced;Balanced;Balanced;Balanced;1;3;1;1;2;1;1;2;1;2;2;2;1;2;0;;15;14
46;1;10;20;20;1;Standard;Balanced;Passive;Balanced;Balanced;Balanced;Balanced;3;4;7;3;4;5;5;2;4;2;2;2;3;5;0;;13;12
47;1;10;20;20;1;Standard;Balanced;Passive;Balanced;Balanced;Balanced;Loyal;2;2;2;2;2;2;2;1;2;1;1;1;2;2;0;;13;12
48;1;10;20;20;1;Offensive;Physical;Passive;Balanced;Prefers Veterans;Balanced;Very Loyal;1;4;2;2;2;2;2;8;2;1;1;9;1;2;0;;13;12
49;5;20;20;20;1;Offensive;Balanced;Passive;Balanced;Balanced;Innovative;Balanced;1;2;3;1;2;2;2;2;1;2;2;2;1;2;0;;13;13
50;10;20;20;20;1;Standard;Balanced;Passive;Balanced;Balanced;Balanced;Balanced;2;2;2;2;2;2;2;3;2;1;3;1;2;2;0;;14;14
51;1;10;20;20;1;Standard;Balanced;Passive;Balanced;Balanced;Balanced;Balanced;2;2;2;2;2;2;2;1;2;1;1;1;2;2;0;;13;12
52;1;10;20;20;1;Standard;Balanced;Passive;Balanced;Balanced;Balanced;Balanced;2;2;2;2;2;2;2;1;2;1;1;1;2;2;0;;13;12
53;1;10;20;20;1;Standard;Balanced;Passive;Balanced;Balanced;Balanced;Balanced;2;2;2;2;2;2;2;1;2;1;1;1;2;2;0;;13;12
54;10;20;20;20;1;Standard;Balanced;Passive;Balanced;Balanced;Balanced;Balanced;2;2;2;2;2;2;2;2;2;2;2;2;2;2;0;;14;14
55;20;20;15;20;1;Standard;Physical;Passive;Balanced;Balanced;Balanced;Balanced;2;2;2;2;2;2;2;2;2;3;2;4;2;2;0;;14;14
56;1;10;20;20;1;Standard;Balanced;Passive;Balanced;Balanced;Balanced;Balanced;2;2;2;2;2;2;2;1;2;1;1;1;2;2;0;;13;12
57;10;20;20;20;1;Standard;Balanced;Passive;Balanced;Balanced;Balanced;Balanced;2;2;2;2;2;2;2;2;2;2;2;2;2;2;0;;14;14
58;10;20;20;20;1;Standard;Balanced;Passive;Balanced;Prefers Veterans;Balanced;Balanced;3;3;3;3;3;3;3;3;3;3;3;3;3;3;0;;14;14
59;1;10;20;20;1;Standard;Physical;Passive;Balanced;Balanced;Balanced;Balanced;2;2;2;2;2;2;2;1;2;1;1;1;2;2;0;;13;12
60;1;15;20;20;1;Offensive;Physical;Passive;Balanced;Balanced;Balanced;Balanced;1;2;3;1;2;2;2;1;2;1;1;1;1;2;0;;13;12
61;1;10;20;20;1;Standard;Balanced;Passive;Balanced;Balanced;Balanced;Balanced;1;3;2;1;2;1;2;1;1;1;1;1;1;2;0;;13;12
62;10;20;10;20;1;Standard;Balanced;Passive;Balanced;Balanced;Balanced;Balanced;1;1;1;1;1;1;1;2;1;2;2;2;1;1;0;;14;14
63;10;20;20;20;1;Standard;Balanced;Passive;Balanced;Balanced;Balanced;Balanced;2;2;2;2;2;2;2;2;2;2;2;2;2;2;0;;14;14
64;1;10;20;20;1;Offensive;Balanced;Passive;Balanced;Prefers Veterans;Conservative;Loyal;1;2;3;1;2;2;2;1;1;1;1;1;1;2;0;;13;12
65;1;10;20;20;1;Standard;Balanced;Balanced;Balanced;Balanced;Balanced;Balanced;2;2;2;2;2;2;2;1;2;1;1;1;2;2;0;;13;12
66;1;10;20;20;1;Standard;Balanced;Passive;Balanced;Balanced;Balanced;Loyal;2;2;2;2;2;2;2;1;2;1;1;1;2;2;0;;13;12
67;10;20;20;20;1;Standard;Physical;Passive;Balanced;Balanced;Balanced;Balanced;2;2;2;2;2;2;2;2;2;2;2;2;2;2;0;;14;14
68;1;10;20;20;1;Standard;Balanced;Passive;Balanced;Balanced;Balanced;Balanced;2;2;2;2;2;2;2;1;2;1;1;1;2;2;0;;13;12
69;1;10;20;20;1;Standard;Balanced;Passive;Balanced;Balanced;Balanced;Balanced;2;2;2;2;2;2;2;1;2;1;1;1;2;2;0;;13;12
70;10;20;20;20;1;Standard;Physical;Passive;Balanced;Balanced;Balanced;Balanced;1;3;2;1;2;1;2;2;1;2;2;2;1;2;0;;14;14
71;1;10;20;20;1;Standard;Balanced;Passive;Balanced;Balanced;Balanced;Balanced;2;2;2;2;2;2;2;1;2;1;1;1;2;2;0;;13;12
72;10;20;20;20;1;Standard;Balanced;Passive;Balanced;Balanced;Balanced;Balanced;2;2;2;2;2;2;2;2;2;2;2;2;2;2;0;;14;14
73;1;10;20;20;1;Standard;Balanced;Passive;Balanced;Balanced;Balanced;Balanced;1;2;3;1;2;2;2;1;1;1;1;1;1;2;0;;13;12
74;1;10;20;20;1;Defensive;Balanced;Passive;Conservative;Balanced;Balanced;Balanced;4;1;1;2;2;1;1;1;2;1;1;1;1;2;0;;13;12
75;1;10;20;20;1;Defensive;Balanced;Passive;Balanced;Prefers Veterans;Balanced;Loyal;2;2;2;2;2;2;2;1;2;1;1;1;2;2;0;;13;13
76;1;10;20;20;1;Standard;Balanced;Passive;Balanced;Balanced;Balanced;Balanced;2;2;2;2;2;2;2;1;2;1;1;1;2;2;0;;13;12
77;10;20;20;20;1;Standard;Balanced;Balanced;Balanced;Balanced;Balanced;Balanced;2;2;2;2;2;2;2;2;2;2;2;2;2;2;0;;14;14
78;1;10;20;20;1;Standard;Balanced;Passive;Balanced;Balanced;Balanced;Balanced;2;2;2;2;2;2;2;0;2;1;1;0;2;2;0;;13;12
79;1;10;20;20;1;Standard;Balanced;Passive;Balanced;Balanced;Balanced;Balanced;2;2;2;2;2;2;2;1;2;1;1;1;2;2;0;;13;12
80;10;20;20;20;1;Offensive;Balanced;Passive;Balanced;Balanced;Balanced;Balanced;1;3;2;1;2;1;2;2;1;2;2;2;1;2;0;;14;14
81;1;10;20;20;1;Standard;Balanced;Passive;Balanced;Balanced;Balanced;Balanced;2;2;2;2;2;2;2;1;2;1;1;1;2;2;0;;13;12
82;10;20;10;20;1;Standard;Balanced;Passive;Balanced;Balanced;Balanced;Balanced;1;1;1;1;1;1;1;2;1;2;2;2;1;1;0;;12;12
83;10;20;20;20;1;Standard;Balanced;Passive;Balanced;Balanced;Balanced;Balanced;2;2;2;2;2;2;2;2;2;2;2;2;2;2;0;;14;14
84;15;20;20;20;1;Standard;Non-physical;Passive;Balanced;Balanced;Balanced;Balanced;2;2;2;2;2;2;2;2;2;2;2;2;2;2;0;;13;13
85;10;20;20;20;1;Standard;Physical;Aggressive;Balanced;Balanced;Very Innovative;Balanced;2;2;2;2;2;2;2;2;2;2;2;2;2;2;0;;10;10
86;1;20;20;20;1;Offensive;Balanced;Balanced;Balanced;Balanced;Balanced;Balanced;1;2;2;3;3;3;3;2;2;2;2;2;1;2;0;;8;8
87;15;20;20;20;1;Standard;Balanced;Balanced;Balanced;Balanced;Balanced;Balanced;1;2;3;1;2;2;2;1;1;2;1;3;1;2;0;;6;6
88;0;20;20;20;1;Defensive;Balanced;Balanced;Balanced;Balanced;Balanced;Balanced;1;4;2;2;3;2;2;2;2;2;2;2;1;3;0;;7;7
89;0;15;20;20;1;Standard;Balanced;Balanced;Balanced;Prefers Veterans;Innovative;Loyal;2;4;2;2;3;2;2;2;2;2;2;2;2;3;0;;13;12
90;10;20;20;20;1;Offensive;Physical;Passive;Balanced;Balanced;Innovative;Balanced;1;2;3;1;2;2;2;3;2;1;3;1;1;2;0;;7;7
91;0;10;20;20;1;Standard;Balanced;Passive;Balanced;Balanced;Balanced;Balanced;2;2;2;2;2;2;2;1;2;1;1;1;2;2;0;;12;11
92;0;10;20;20;1;Offensive;Balanced;Passive;Balanced;Balanced;Balanced;Balanced;1;2;2;1;2;2;3;1;3;1;1;1;1;2;0;;12;11
93;1;10;20;20;1;Defensive;Very Physical;Aggressive;Balanced;Balanced;Balanced;Balanced;4;5;3;3;7;2;3;9;3;2;2;4;11;11;0;;15;13
94;10;15;10;20;1;Standard;Balanced;Balanced;Balanced;Balanced;Innovative;Ruthless;1;1;1;1;1;1;1;7;8;2;10;7;1;1;0;;20;19
95;10;20;19;20;1;Offensive;Balanced;Balanced;Balanced;Prefers Prospects;Balanced;Balanced;1;2;3;2;1;4;1;1;2;3;4;6;2;3;0;;12;15
96;10;20;19;20;1;Standard;Physical;Passive;Balanced;Balanced;Conservative;Balanced;3;5;8;3;5;6;6;3;4;11;5;4;8;8;0;;15;13
97;10;20;20;20;1;Standard;Balanced;Balanced;Conservative;Balanced;Conservative;Loyal;2;3;3;1;2;2;2;3;2;1;2;2;1;3;0;;14;12
98;1;15;20;20;1;Standard;Physical;Balanced;Aggressive;Prefers Veterans;Conservative;Balanced;2;2;2;2;2;2;2;1;2;1;1;1;2;2;0;;15;14
99;10;18;10;20;1;Standard;Balanced;Balanced;Balanced;Balanced;Balanced;Loyal;1;1;2;1;1;1;1;7;1;3;3;3;1;1;0;;16;15
100;1;10;20;20;1;Offensive;Balanced;Balanced;Balanced;Prefers Veterans;Innovative;Ruthless;1;2;9;1;2;2;2;1;2;8;4;7;1;2;0;;13;11
101;10;20;19;20;1;Standard;Balanced;Balanced;Balanced;Balanced;Balanced;Balanced;3;3;3;3;3;3;3;1;3;4;3;2;3;3;0;;14;14
102;10;20;10;20;1;Standard;Balanced;Balanced;Balanced;Balanced;Balanced;Balanced;1;1;1;1;1;1;1;2;1;1;3;2;1;1;0;;14;14
103;1;10;20;20;1;Offensive;Balanced;Balanced;Balanced;Balanced;Balanced;Balanced;1;3;2;1;2;1;2;7;7;0;1;3;1;2;0;;12;12
104;10;19;20;20;1;Standard;Physical;Balanced;Balanced;Prefers Veterans;Balanced;Balanced;3;3;3;3;3;3;3;3;3;3;3;3;3;3;0;;16;15
105;10;20;19;20;1;Standard;Physical;Passive;Balanced;Prefers Veterans;Conservative;Balanced;1;2;3;1;2;2;2;2;1;2;2;2;1;2;0;;14;14
106;10;19;20;20;1;Standard;Balanced;Passive;Balanced;Balanced;Balanced;Loyal;2;4;4;1;2;3;3;5;2;1;3;3;1;5;0;;14;14
107;10;20;10;20;1;Standard;Balanced;Balanced;Balanced;Balanced;Balanced;Balanced;1;1;1;1;1;1;1;4;1;2;6;5;1;1;0;;14;14
108;10;20;19;20;1;Offensive;Balanced;Aggressive;Balanced;Balanced;Innovative;Ruthless;1;1;2;1;1;3;1;1;1;3;2;1;2;2;0;;15;15
109;10;19;20;20;1;Standard;Physical;Balanced;Balanced;Prefers Veterans;Conservative;Balanced;2;2;2;2;2;2;2;2;2;2;2;2;2;2;0;;16;15
110;1;10;20;20;1;Standard;Balanced;Balanced;Balanced;Balanced;Balanced;Balanced;1;2;2;2;2;2;3;1;2;1;1;1;0;1;0;;13;12
111;10;20;10;20;1;Standard;Balanced;Balanced;Balanced;Balanced;Balanced;Balanced;1;1;1;1;1;1;1;1;1;2;1;3;1;1;0;;14;14
112;1;10;20;20;1;Defensive;Balanced;Balanced;Balanced;Prefers Veterans;Balanced;Balanced;2;2;2;2;2;2;2;1;2;1;1;1;2;2;0;;13;12
113;1;10;20;20;1;Offensive;Physical;Passive;Balanced;Balanced;Balanced;Balanced;1;2;3;1;2;2;2;0;1;1;1;0;1;2;0;;13;12
114;1;10;20;20;1;Standard;Balanced;Balanced;Conservative;Prefers Veterans;Conservative;Balanced;1;2;3;1;2;2;2;1;1;1;1;1;1;2;0;;13;12
115;0;0;0;0;0;Offensive;Balanced;Balanced;Balanced;Balanced;Balanced;Balanced;0;0;0;0;0;0;0;0;0;0;0;0;0;0;0;;0;0
116;10;20;20;20;1;Offensive;Balanced;Passive;Balanced;Balanced;Balanced;Balanced;1;4;2;2;2;2;2;3;2;1;2;2;1;2;0;;13;14
117;1;10;20;20;1;Standard;Balanced;Balanced;Balanced;Balanced;Balanced;Balanced;1;2;3;1;2;2;2;1;2;1;1;1;1;2;0;;13;12
118;1;10;20;20;1;Offensive;Balanced;Balanced;Aggressive;Prefers Prospects;Balanced;Balanced;9;9;9;9;9;9;9;4;9;4;4;4;9;9;0;;13;14
119;19;19;20;20;1;Standard;Physical;Passive;Balanced;Balanced;Innovative;Ruthless;2;3;3;1;3;2;3;2;4;2;4;2;1;3;0;;14;14
120;10;15;12;20;1;Standard;Physical;Balanced;Aggressive;Prefers Veterans;Conservative;Loyal;2;2;2;2;2;2;2;3;2;3;3;3;2;2;0;;16;15
121;10;20;18;20;1;Standard;Physical;Balanced;Balanced;Balanced;Balanced;Balanced;3;3;3;3;3;3;3;3;3;3;3;3;3;3;0;;14;14
122;10;15;19;20;1;Standard;Balanced;Balanced;Balanced;Prefers Prospects;Balanced;Balanced;2;2;2;4;2;2;2;2;3;2;2;2;1;2;0;;14;14
123;1;10;20;20;1;Standard;Physical;Passive;Balanced;Prefers Veterans;Conservative;Loyal;2;3;3;1;2;2;2;1;2;1;1;1;1;4;0;;14;14
124;19;20;19;20;1;Offensive;Physical;Balanced;Balanced;Loves Prospects;Conservative;Balanced;3;3;3;3;3;3;3;3;3;3;3;3;3;3;0;;13;14
125;10;15;19;20;1;Offensive;Balanced;Passive;Conservative;Balanced;Innovative;Loyal;2;4;4;1;2;3;3;2;2;2;2;2;1;5;0;;15;14
126;1;10;20;20;1;Standard;Balanced;Balanced;Balanced;Balanced;Balanced;Balanced;1;4;2;2;3;2;2;1;2;1;1;1;1;3;0;;13;12
127;10;15;10;20;1;Standard;Balanced;Balanced;Balanced;Balanced;Balanced;Balanced;1;1;1;1;1;1;1;2;1;2;2;2;1;1;0;;14;14
128;10;16;10;20;1;Standard;Balanced;Balanced;Balanced;Balanced;Balanced;Balanced;2;2;2;2;2;2;2;2;2;4;2;6;2;2;0;;14;14
129;1;10;16;20;1;Standard;Balanced;Balanced;Balanced;Balanced;Balanced;Balanced;1;3;3;3;4;4;4;1;3;1;1;1;1;2;0;;13;12
130;10;17;19;20;1;Standard;Physical;Balanced;Balanced;Balanced;Balanced;Balanced;2;2;2;2;2;2;2;1;2;2;1;4;2;2;0;;14;13
131;10;15;16;20;1;Defensive;Balanced;Balanced;Balanced;Balanced;Balanced;Balanced;7;3;2;3;7;2;2;2;3;2;10;9;2;4;0;;15;16
132;10;19;17;20;1;Standard;Balanced;Balanced;Balanced;Balanced;Balanced;Balanced;2;2;2;2;2;2;2;2;2;2;2;2;2;2;0;;14;14
133;1;10;16;20;1;Standard;Balanced;Balanced;Balanced;Balanced;Balanced;Balanced;2;5;2;2;3;2;2;1;2;1;1;1;2;3;0;;13;12
134;1;10;15;20;1;Standard;Balanced;Balanced;Balanced;Balanced;Balanced;Balanced;1;2;3;1;2;2;2;1;1;1;1;1;1;2;0;;13;12
135;1;10;18;20;1;Standard;Balanced;Balanced;Balanced;Balanced;Balanced;Balanced;1;2;3;1;2;2;2;1;2;1;1;1;1;2;0;;13;12
136;10;15;15;20;1;Standard;Balanced;Balanced;Balanced;Balanced;Balanced;Balanced;2;2;2;2;2;2;2;2;2;2;2;2;2;2;0;;14;14
137;10;16;19;20;1;Standard;Balanced;Balanced;Balanced;Balanced;Balanced;Balanced;3;3;3;3;3;3;3;2;3;2;2;2;3;3;0;;14;14
138;10;15;10;20;1;Standard;Balanced;Balanced;Balanced;Balanced;Balanced;Balanced;1;1;1;1;1;1;1;2;1;2;2;2;1;1;0;;15;15
139;5;15;15;20;1;Standard;Balanced;Balanced;Conservative;Balanced;Balanced;Balanced;3;1;1;2;2;1;1;3;2;0;2;2;1;2;0;;14;14
140;1;15;15;20;1;Standard;Balanced;Balanced;Balanced;Balanced;Balanced;Balanced;2;2;2;2;2;2;2;2;2;2;2;2;2;2;0;;13;12
141;10;15;18;20;1;Standard;Balanced;Balanced;Balanced;Balanced;Balanced;Balanced;2;2;2;2;2;2;2;1;2;1;1;1;2;2;0;;14;14
142;1;10;20;15;1;Standard;Balanced;Aggressive;Balanced;Prefers Prospects;Innovative;Balanced;2;3;3;3;3;3;3;1;2;1;1;1;3;6;0;;13;12
143;1;10;15;20;1;Standard;Very Physical;Balanced;Balanced;Prefers Prospects;Balanced;Ruthless;4;4;4;4;4;4;4;1;4;3;2;1;4;4;0;;13;12
144;10;15;10;20;1;Offensive;Physical;Balanced;Balanced;Prefers Veterans;Balanced;Balanced;1;1;1;1;1;1;1;2;1;2;2;2;1;1;0;;16;17
145;1;10;20;20;1;Standard;Balanced;Balanced;Balanced;Balanced;Balanced;Balanced;2;2;2;2;2;2;2;1;2;1;1;1;2;2;0;;13;12
146;1;10;15;20;1;Standard;Physical;Balanced;Balanced;Balanced;Balanced;Balanced;2;2;2;2;2;2;2;1;2;1;1;1;2;2;0;;13;12
147;1;10;20;20;1;Standard;Balanced;Balanced;Balanced;Balanced;Balanced;Balanced;2;2;2;2;2;2;2;1;2;1;1;1;2;2;0;;13;12
148;10;15;15;20;1;Standard;Balanced;Balanced;Balanced;Balanced;Balanced;Balanced;1;2;3;1;2;2;2;2;1;2;2;2;1;2;0;;14;14
149;1;10;15;20;1;Offensive;Balanced;Balanced;Balanced;Balanced;Balanced;Balanced;1;1;2;1;1;2;2;1;1;0;1;1;1;2;0;;13;12
150;1;10;20;15;1;Offensive;Balanced;Balanced;Balanced;Balanced;Innovative;Balanced;6;13;13;20;15;15;13;7;17;7;7;15;18;17;1;;13;12
151;1;10;20;16;1;Standard;Balanced;Balanced;Balanced;Balanced;Balanced;Balanced;9;9;9;9;9;9;9;4;9;4;4;4;9;9;0;;13;12
152;1;10;15;20;1;Defensive;Balanced;Balanced;Balanced;Balanced;Balanced;Balanced;1;3;2;1;2;1;2;1;1;1;1;1;1;2;0;;13;12
153;1;10;15;20;1;Standard;Balanced;Balanced;Balanced;Prefers Prospects;Balanced;Balanced;1;1;1;2;1;1;1;1;2;1;1;1;1;1;0;;13;12
154;10;18;17;20;1;Standard;Balanced;Balanced;Balanced;Balanced;Balanced;Balanced;2;2;2;2;2;2;2;3;2;3;3;3;2;2;0;;14;14
155;1;10;20;20;1;Standard;Balanced;Balanced;Balanced;Balanced;Balanced;Balanced;2;2;2;2;2;2;2;1;2;1;1;1;2;2;0;;13;12
156;1;10;20;20;1;Standard;Balanced;Balanced;Balanced;Balanced;Balanced;Balanced;1;2;4;1;2;3;3;1;2;1;1;1;1;3;0;;13;12
157;10;20;15;20;1;Standard;Balanced;Balanced;Balanced;Balanced;Balanced;Balanced;1;1;2;1;1;2;2;2;1;2;2;2;1;2;0;;14;14
158;1;10;20;15;1;Standard;Balanced;Balanced;Balanced;Balanced;Balanced;Balanced;3;8;5;4;5;4;5;10;10;9;2;9;3;5;1;;13;12
159;1;10;15;20;1;Standard;Balanced;Balanced;Balanced;Balanced;Balanced;Balanced;1;1;3;1;1;2;2;1;1;1;1;1;1;2;0;;13;12
160;1;10;15;20;1;Standard;Balanced;Balanced;Balanced;Balanced;Balanced;Balanced;2;2;2;2;2;2;2;1;2;1;1;1;2;2;0;;13;12
161;1;10;20;20;1;Standard;Physical;Balanced;Balanced;Prefers Veterans;Conservative;Loyal;2;2;2;2;2;2;2;1;2;1;1;1;2;2;0;;14;12
162;10;15;15;20;1;Standard;Balanced;Balanced;Balanced;Prefers Prospects;Balanced;Balanced;1;1;1;2;1;1;1;1;2;1;1;1;1;1;0;;14;14
163;2;15;10;20;1;Standard;Balanced;Balanced;Balanced;Balanced;Balanced;Balanced;1;1;1;1;1;1;1;1;1;1;1;1;1;1;0;;14;14
164;1;10;20;20;1;Standard;Balanced;Balanced;Balanced;Balanced;Balanced;Balanced;2;2;2;2;2;2;2;1;2;1;1;1;2;2;0;;13;12
165;1;10;20;20;1;Standard;Very Physical;Passive;Balanced;Prefers Veterans;Conservative;Ruthless;3;3;3;3;3;3;3;0;3;2;1;1;3;3;0;;13;12
166;1;10;20;20;1;Standard;Balanced;Balanced;Balanced;Balanced;Innovative;Loyal;2;2;2;2;2;2;2;1;2;1;1;1;2;2;0;;13;12
167;10;15;15;20;1;Defensive;Balanced;Balanced;Conservative;Balanced;Balanced;Balanced;3;1;1;1;2;1;1;1;1;1;5;8;1;2;0;;14;14
168;1;10;15;20;1;Standard;Balanced;Balanced;Balanced;Balanced;Balanced;Balanced;1;1;1;1;1;1;1;1;1;1;1;1;1;1;0;;13;12
169;1;10;20;20;1;Standard;Balanced;Balanced;Balanced;Balanced;Balanced;Balanced;1;2;3;1;2;2;2;1;2;1;1;1;1;2;0;;13;12
170;10;20;10;20;1;Standard;Balanced;Balanced;Balanced;Balanced;Balanced;Balanced;1;1;1;1;1;1;1;2;1;2;2;2;1;1;0;;14;14
171;10;18;17;20;1;Standard;Balanced;Balanced;Balanced;Balanced;Balanced;Balanced;1;2;4;1;2;3;3;1;2;4;2;2;1;3;0;;14;14
172;1;10;20;20;1;Standard;Balanced;Balanced;Balanced;Balanced;Balanced;Balanced;2;2;2;2;2;2;2;1;2;1;1;1;2;2;0;;13;12
173;10;15;10;20;1;Standard;Balanced;Balanced;Balanced;Balanced;Balanced;Balanced;1;1;1;1;1;1;1;2;1;2;2;2;1;1;0;;15;18
174;1;10;20;15;1;Standard;Balanced;Balanced;Balanced;Balanced;Balanced;Balanced;3;3;3;3;3;3;3;1;3;1;1;1;3;3;0;;13;12
175;1;10;15;20;1;Standard;Balanced;Balanced;Balanced;Balanced;Balanced;Balanced;1;1;1;1;1;1;1;1;1;1;1;1;1;1;0;;13;12
176;10;15;15;20;1;Standard;Balanced;Balanced;Balanced;Balanced;Balanced;Balanced;1;1;1;1;1;1;1;1;1;1;1;1;1;1;0;;14;14
177;1;10;18;20;1;Standard;Physical;Balanced;Balanced;Balanced;Balanced;Balanced;2;2;2;2;2;2;2;1;2;1;1;1;2;2;0;;13;12
178;1;10;20;20;1;Standard;Balanced;Balanced;Balanced;Balanced;Balanced;Balanced;1;2;4;1;2;3;3;1;2;1;1;1;1;3;0;;13;12
179;5;12;16;20;0;Defensive;Balanced;Balanced;Balanced;Prefers Veterans;Balanced;Balanced;1;4;2;2;2;2;2;1;2;1;1;1;1;2;0;;11;11
